timestamp,TECell_PV,PSCurrent_PV,PSVoltage_PV,FT201_PV,HTR201_PV,TE201_PV,CT201_PV,CT210_PV,Cell1_Voltage,Cell2_Voltage,Cell3_Voltage,PT201_PV,PT302_PV,HCD220_PV,step
2025-09-25T02:18:21.824Z,61,21.1,1.92,49.6,0,60,0,0,0,0,0,0,0,0,24
2025-09-25T02:18:22.818Z,61,21.1,1.92,50.4,0,60,0,0,0,0,0,0,0,0,24
2025-09-25T02:18:23.819Z,61,21.1,1.92,49.6,0,60,0,0,0,0,0,0,0,0,24
2025-09-25T02:18:24.826Z,61,21.1,1.92,49.6,0,60,0,0,0,0,0,0,0,0,24
2025-09-25T02:18:25.828Z,61,21.1,1.92,50.4,0,60,0,0,0,0,0,0,0,0,24
2025-09-25T02:18:26.829Z,61,21.1,1.92,49.6,0,60,0,0,0,0,0,0,0,0,24
2025-09-25T02:18:27.829Z,61,21.1,1.92,50.4,0,60,0,0,0,0,0,0,0,0,24
2025-09-25T02:18:28.828Z,61,21.1,1.92,50.4,0,60,0,0,0,0,0,0,0,0,24
2025-09-25T02:18:29.832Z,61,21.1,1.919,49.6,0,60,0,0,0,0,0,0,0,0,24
2025-09-25T02:18:30.831Z,61,21.1,1.92,50.4,0,60,0,0,0,0,0,0,0,0,24
2025-09-25T02:18:31.834Z,61,21.1,1.92,49.6,0,59.9,0,0,0,0,0,0,0,0,24
2025-09-25T02:18:32.830Z,61,21.1,1.92,50.4,0,60,0,0,0,0,0,0,0,0,24
2025-09-25T02:18:33.831Z,61,21.1,1.92,49.6,0,60,0,0,0,0,0,0,0,0,24
2025-09-25T02:18:34.835Z,61,21.1,1.92,50.4,0,60,0,0,0,0,0,0,0,0,24
2025-09-25T02:18:35.837Z,61,21.1,1.92,49.6,0,60,0,0,0,0,0,0,0,0,24
2025-09-25T02:18:36.836Z,61,21.1,1.92,50.4,0,60,0,0,0,0,0,0,0,0,24
2025-09-25T02:18:37.835Z,61,21.1,1.92,49.6,0,60,0,0,0,0,0,0,0,0,24
2025-09-25T02:18:38.833Z,61,21.1,1.919,50.4,0,60,0,0,0,0,0,0,0,0,24
2025-09-25T02:18:39.835Z,61,21.1,1.92,49.6,0,60,0,0,0,0,0,0,0,0,24
2025-09-25T02:18:40.839Z,61,21.1,1.92,50.4,0,60,0,0,0,0,0,0,0,0,24
2025-09-25T02:18:41.839Z,61,21.1,1.92,49.6,0,60,0,0,0,0,0,0,0,0,24
2025-09-25T02:18:42.840Z,61,21.1,1.92,50.4,0,60,0,0,0,0,0,0,0,0,24
2025-09-25T02:18:43.839Z,61,21.1,1.92,49.6,0,60,0,0,0,0,0,0,0,0,24
2025-09-25T02:18:44.844Z,61,21.1,1.92,50.4,0,60,0,0,0,0,0,0,0,0,24
2025-09-25T02:18:45.834Z,61,21.1,1.92,49.6,0,60,0,0,0,0,0,0,0,0,24
2025-09-25T02:18:46.844Z,61,21.1,1.92,50.4,0,60,0,0,0,0,0,0,0,0,24
2025-09-25T02:18:47.839Z,61,21.1,1.92,49.6,0,60,0,0,0,0,0,0,0,0,24
2025-09-25T02:18:48.846Z,61,21.1,1.92,50.4,0,60,0,0,0,0,0,0,0,0,24
2025-09-25T02:18:49.847Z,61,21.1,1.92,49.6,0,60,0,0,0,0,0,0,0,0,24
2025-09-25T02:18:50.852Z,61,21.1,1.919,50.4,0,60,0,0,0,0,0,0,0,0,24
2025-09-25T02:18:51.849Z,61,21.1,1.92,49.6,0,60,0,0,0,0,0,0,0,0,24
2025-09-25T02:18:52.845Z,61,21.1,1.92,50.4,0,60,0,0,0,0,0,0,0,0,24
2025-09-25T02:18:53.853Z,61,21.1,1.92,49.6,0,60,0,0,0,0,0,0,0,0,24
2025-09-25T02:18:54.852Z,61,21.1,1.92,50.4,0,60,0,0,0,0,0,0,0,0,24
2025-09-25T02:18:55.850Z,61,21.1,1.92,49.6,0,60,0,0,0,0,0,0,0,0,24
2025-09-25T02:18:56.853Z,61,21.1,1.92,50.4,0,60,0,0,0,0,0,0,0,0,24
2025-09-25T02:18:57.856Z,61,21.1,1.92,49.6,0,60,0,0,0,0,0,0,0,0,24
2025-09-25T02:18:58.854Z,61,21.1,1.92,50.4,0,60,0,0,0,0,0,0,0,0,24
2025-09-25T02:18:59.858Z,61,21.1,1.92,49.6,0,60,0,0,0,0,0,0,0,0,24
2025-09-25T02:19:00.857Z,61,21.1,1.92,50.4,0,60,0,0,0,0,0,0,0,0,24
2025-09-25T02:19:01.859Z,61,21.1,1.92,49.6,0,60,0,0,0,0,0,0,0,0,24
2025-09-25T02:19:02.855Z,61,21.1,1.92,50.4,0,60,0,0,0,0,0,0,0,0,24
2025-09-25T02:19:03.853Z,61,21.1,1.92,49.6,0,60,0,0,0,0,0,0,0,0,24
2025-09-25T02:19:04.855Z,61,21.1,1.92,49.6,0,60,0,0,0,0,0,0,0,0,24
2025-09-25T02:19:05.860Z,61,21.1,1.92,49.6,0,60,0,0,0,0,0,0,0,0,24
2025-09-25T02:19:06.860Z,61,21.1,1.92,50.4,0,60,0,0,0,0,0,0,0,0,24
2025-09-25T02:19:07.861Z,61,21.1,1.92,49.6,0,60,0,0,0,0,0,0,0,0,24
2025-09-25T02:19:08.863Z,61,21.1,1.92,49.6,0,60,0,0,0,0,0,0,0,0,24
2025-09-25T02:19:09.859Z,61,21.1,1.92,49.6,0,60,0,0,0,0,0,0,0,0,24
2025-09-25T02:19:10.861Z,61,21.1,1.92,50.4,0,60,0,0,0,0,0,0,0,0,24
2025-09-25T02:19:11.867Z,61,21.1,1.92,49.6,0,60,0,0,0,0,0,0,0,0,24
2025-09-25T02:19:12.867Z,61,21.1,1.92,49.6,0,60,0,0,0,0,0,0,0,0,24
2025-09-25T02:19:13.867Z,61,21.1,1.92,50.4,0,60,0,0,0,0,0,0,0,0,24
2025-09-25T02:19:14.868Z,61,21.1,1.92,49.6,0,60,0,0,0,0,0,0,0,0,24
2025-09-25T02:19:15.866Z,61,21.1,1.92,50.4,0,60,0,0,0,0,0,0,0,0,24
2025-09-25T02:19:16.866Z,61,21.1,1.92,49.6,0,60,0,0,0,0,0,0,0,0,24
2025-09-25T02:19:17.863Z,61,21.1,1.92,49.6,0,60,0,0,0,0,0,0,0,0,24
2025-09-25T02:19:18.872Z,61,21.1,1.92,50.4,0,60,0,0,0,0,0,0,0,0,24
2025-09-25T02:19:19.875Z,61,21.1,1.919,49.6,0,60,0,0,0,0,0,0,0,0,24
2025-09-25T02:19:20.873Z,61,21.1,1.92,49.6,0,60,0,0,0,0,0,0,0,0,24
2025-09-25T02:19:21.877Z,61,21.1,1.92,50.4,0,60,0,0,0,0,0,0,0,0,24
2025-09-25T02:19:22.876Z,61,21.1,1.92,49.6,0,60,0,0,0,0,0,0,0,0,24
2025-09-25T02:19:23.876Z,61,21.1,1.92,50.4,0,60,0,0,0,0,0,0,0,0,24
2025-09-25T02:19:24.877Z,61,21.1,1.92,50.4,0,60,0,0,0,0,0,0,0,0,24
2025-09-25T02:19:25.877Z,61,21.1,1.92,49.6,0,60,0,0,0,0,0,0,0,0,24
2025-09-25T02:19:26.876Z,61,21.1,1.92,50.4,0,60,0,0,0,0,0,0,0,0,24
2025-09-25T02:19:27.876Z,61,21.1,1.92,49.6,0,60,0,0,0,0,0,0,0,0,24
2025-09-25T02:19:28.881Z,61,21.1,1.92,50.4,0,60,0,0,0,0,0,0,0,0,24
2025-09-25T02:19:29.870Z,61,21.1,1.92,49.6,0,60,0,0,0,0,0,0,0,0,24
2025-09-25T02:19:30.877Z,61,21.1,1.92,49.6,0,60,0,0,0,0,0,0,0,0,24
2025-09-25T02:19:31.879Z,61,21.1,1.92,50.4,0,60,0,0,0,0,0,0,0,0,24
2025-09-25T02:19:32.888Z,60.9,21.1,1.92,49.6,0,60,0,0,0,0,0,0,0,0,24
2025-09-25T02:19:33.884Z,60.9,21.1,1.92,49.6,0,60,0,0,0,0,0,0,0,0,24
2025-09-25T02:19:34.885Z,60.9,21.1,1.92,50.4,0,60,0,0,0,0,0,0,0,0,24
2025-09-25T02:19:35.879Z,60.9,21.1,1.92,50.4,0,60,0,0,0,0,0,0,0,0,24
2025-09-25T02:19:36.892Z,60.9,21.1,1.92,49.6,0,60,0,0,0,0,0,0,0,0,24
2025-09-25T02:19:37.888Z,60.9,21.1,1.92,50.4,0,60,0,0,0,0,0,0,0,0,24
2025-09-25T02:19:38.890Z,60.9,21.1,1.92,49.6,0,60,0,0,0,0,0,0,0,0,24
2025-09-25T02:19:39.886Z,60.9,21.1,1.92,50.4,0,60,0,0,0,0,0,0,0,0,24
2025-09-25T02:19:40.891Z,60.9,21.1,1.92,49.6,0,60,0,0,0,0,0,0,0,0,24
2025-09-25T02:19:41.886Z,60.9,21.1,1.92,50.4,0,60,0,0,0,0,0,0,0,0,24
2025-09-25T02:19:42.889Z,60.9,21.1,1.92,49.6,0,60,0,0,0,0,0,0,0,0,24
2025-09-25T02:19:43.886Z,60.9,21.1,1.92,50.4,0,60,0,0,0,0,0,0,0,0,24
2025-09-25T02:19:44.889Z,60.9,21.1,1.92,50.4,0,60,0,0,0,0,0,0,0,0,24
2025-09-25T02:19:45.885Z,60.9,21.1,1.92,49.6,0,60,0,0,0,0,0,0,0,0,24
2025-09-25T02:19:46.889Z,60.9,21.1,1.92,50.4,0,60,0,0,0,0,0,0,0,0,24
2025-09-25T02:19:47.893Z,60.9,21.1,1.92,49.6,0,60,0,0,0,0,0,0,0,0,24
2025-09-25T02:19:48.888Z,60.9,21.1,1.92,50.4,0,60,0,0,0,0,0,0,0,0,24
2025-09-25T02:19:49.889Z,60.9,21.1,1.92,49.6,0,60,0,0,0,0,0,0,0,0,24
2025-09-25T02:19:50.893Z,60.9,21.1,1.92,49.6,0,60,0,0,0,0,0,0,0,0,24
2025-09-25T02:19:51.894Z,60.9,21.1,1.92,50.4,0,60,0,0,0,0,0,0,0,0,24
2025-09-25T02:19:52.893Z,60.9,21.1,1.92,49.6,0,60,0,0,0,0,0,0,0,0,24
2025-09-25T02:19:53.895Z,60.9,21.1,1.92,50.4,0,60,0,0,0,0,0,0,0,0,24
2025-09-25T02:19:54.895Z,60.9,21.1,1.92,49.6,0,60,0,0,0,0,0,0,0,0,24
2025-09-25T02:19:55.894Z,60.8,21.1,1.92,50.4,0,60,0,0,0,0,0,0,0,0,24
2025-09-25T02:19:56.890Z,60.9,21.1,1.92,49.6,0,60,0,0,0,0,0,0,0,0,24
2025-09-25T02:19:57.900Z,60.8,21.1,1.92,50.4,0,60,0,0,0,0,0,0,0,0,24
2025-09-25T02:19:58.896Z,60.8,21.1,1.92,49.6,0,60,0,0,0,0,0,0,0,0,24
2025-09-25T02:19:59.900Z,60.8,21.1,1.921,49.6,0,60,0,0,0,0,0,0,0,0,24
2025-09-25T02:20:00.897Z,60.8,21.1,1.921,50.4,0,60,0,0,0,0,0,0,0,0,24
2025-09-25T02:20:01.900Z,60.8,21.1,1.92,49.6,0,60,0,0,0,0,0,0,0,0,24
2025-09-25T02:20:02.902Z,60.8,21.1,1.921,50.4,0,60,0,0,0,0,0,0,0,0,24
2025-09-25T02:20:03.901Z,60.8,21.1,1.921,49.6,0,60,0,0,0,0,0,0,0,0,24
2025-09-25T02:20:04.900Z,60.8,21.1,1.921,49.6,0,60,0,0,0,0,0,0,0,0,24
2025-09-25T02:20:05.903Z,60.8,21.1,1.921,50.4,0,60,0,0,0,0,0,0,0,0,24
2025-09-25T02:20:06.905Z,60.8,21.1,1.921,49.6,0,60,0,0,0,0,0,0,0,0,24
2025-09-25T02:20:07.909Z,60.8,21.1,1.921,50.4,0,60,0,0,0,0,0,0,0,0,24
2025-09-25T02:20:08.906Z,60.8,21.1,1.921,49.6,0,60,0,0,0,0,0,0,0,0,24
2025-09-25T02:20:09.904Z,60.8,21.1,1.921,49.6,0,60,0,0,0,0,0,0,0,0,24
2025-09-25T02:20:10.903Z,60.8,21.1,1.921,50.4,0,60,0,0,0,0,0,0,0,0,24
2025-09-25T02:20:11.905Z,60.8,21.1,1.921,50.4,0,60,0,0,0,0,0,0,0,0,24
2025-09-25T02:20:12.909Z,60.8,21.1,1.921,49.6,0,60,0,0,0,0,0,0,0,0,24
2025-09-25T02:20:13.909Z,60.8,21.1,1.921,49.6,0,60,0,0,0,0,0,0,0,0,24
2025-09-25T02:20:14.910Z,60.8,21.1,1.921,49.6,0,60,0,0,0,0,0,0,0,0,24
2025-09-25T02:20:15.911Z,60.8,21.1,1.921,50.4,0,60,0,0,0,0,0,0,0,0,24
2025-09-25T02:20:16.911Z,60.8,21.1,1.921,50.4,0,60,0,0,0,0,0,0,0,0,24
2025-09-25T02:20:17.914Z,60.8,21.1,1.921,49.6,0,60,0,0,0,0,0,0,0,0,24
2025-09-25T02:20:18.916Z,60.8,21.1,1.921,50.4,0,60,0,0,0,0,0,0,0,0,24
2025-09-25T02:20:19.917Z,60.7,21.1,1.921,49.6,0,60,0,0,0,0,0,0,0,0,24
2025-09-25T02:20:20.916Z,60.7,21.1,1.922,50.4,0,60,0,0,0,0,0,0,0,0,24
2025-09-25T02:20:21.917Z,60.7,21.1,1.921,49.6,0,60,0,0,0,0,0,0,0,0,24
2025-09-25T02:20:22.918Z,60.7,21.1,1.921,50.4,0,60,0,0,0,0,0,0,0,0,24
2025-09-25T02:20:23.922Z,60.7,21.1,1.922,50.4,0,60,0,0,0,0,0,0,0,0,24
2025-09-25T02:20:24.923Z,60.7,21.1,1.921,49.6,0,60,0,0,0,0,0,0,0,0,24
2025-09-25T02:20:25.922Z,60.7,21.1,1.921,50.4,0,60,0,0,0,0,0,0,0,0,24
2025-09-25T02:20:26.924Z,60.7,21.1,1.922,49.6,0,60,0,0,0,0,0,0,0,0,24
2025-09-25T02:20:27.927Z,60.7,21.1,1.922,50.4,0,60,0,0,0,0,0,0,0,0,24
2025-09-25T02:20:28.928Z,60.7,21.1,1.922,49.6,0,60,0,0,0,0,0,0,0,0,24
2025-09-25T02:20:29.923Z,60.7,21.1,1.922,50.4,0,60,0,0,0,0,0,0,0,0,24
2025-09-25T02:20:30.927Z,60.7,21.1,1.922,49.6,0,60,0,0,0,0,0,0,0,0,24
2025-09-25T02:20:31.927Z,60.7,21.1,1.922,50.4,0,60,0,0,0,0,0,0,0,0,24
2025-09-25T02:20:32.928Z,60.7,21.1,1.922,49.6,0,60,0,0,0,0,0,0,0,0,24
2025-09-25T02:20:33.931Z,60.7,21.1,1.922,50.4,0,60,0,0,0,0,0,0,0,0,24
2025-09-25T02:20:34.933Z,60.7,21.1,1.922,49.6,0,60,0,0,0,0,0,0,0,0,24
2025-09-25T02:20:35.931Z,60.7,21.1,1.922,49.6,0,60,0,0,0,0,0,0,0,0,24
2025-09-25T02:20:36.936Z,60.7,21.1,1.922,50.4,0,60,0,0,0,0,0,0,0,0,24
2025-09-25T02:20:37.938Z,60.6,21.1,1.922,49.6,0,60,0,0,0,0,0,0,0,0,24
2025-09-25T02:20:38.933Z,60.6,21.1,1.922,50.4,0,60,0,0,0,0,0,0,0,0,24
2025-09-25T02:20:39.933Z,60.6,21.1,1.922,49.6,0,60,0,0,0,0,0,0,0,0,24
2025-09-25T02:20:40.935Z,60.6,21.1,1.922,49.6,0,60,0,0,0,0,0,0,0,0,24
2025-09-25T02:20:41.936Z,60.6,21.1,1.922,50.4,0,60,0,0,0,0,0,0,0,0,24
2025-09-25T02:20:42.936Z,60.6,21.1,1.922,49.6,0,60,0,0,0,0,0,0,0,0,24
2025-09-25T02:20:43.936Z,60.6,21.1,1.922,50.4,0,60,0,0,0,0,0,0,0,0,24
2025-09-25T02:20:44.939Z,60.6,21.1,1.922,50.4,0,60,0,0,0,0,0,0,0,0,24
2025-09-25T02:20:45.943Z,60.6,21.1,1.922,49.6,0,60,0,0,0,0,0,0,0,0,24
2025-09-25T02:20:46.941Z,60.6,21.1,1.922,50.4,0,60,0,0,0,0,0,0,0,0,24
2025-09-25T02:20:47.945Z,60.6,21.1,1.921,49.6,0,60,0,0,0,0,0,0,0,0,24
2025-09-25T02:20:48.944Z,60.6,21.1,1.922,50.4,0,60,0,0,0,0,0,0,0,0,24
2025-09-25T02:20:49.944Z,60.6,21.1,1.922,49.6,0,60,0,0,0,0,0,0,0,0,24
2025-09-25T02:20:50.943Z,60.6,21.1,1.922,50.4,0,60,0,0,0,0,0,0,0,0,24
2025-09-25T02:20:51.945Z,60.6,21.1,1.922,49.6,0,60,0,0,0,0,0,0,0,0,24
2025-09-25T02:20:52.947Z,60.6,21.1,1.922,50.4,0,60,0,0,0,0,0,0,0,0,24
2025-09-25T02:20:53.947Z,60.6,21.1,1.922,49.6,0,60,0,0,0,0,0,0,0,0,24
2025-09-25T02:20:54.953Z,60.6,21.1,1.921,50.4,0,60,0,0,0,0,0,0,0,0,24
2025-09-25T02:20:55.949Z,60.6,21.1,1.922,49.6,0,60,0,0,0,0,0,0,0,0,24
2025-09-25T02:20:56.949Z,60.6,21.1,1.922,50.4,0,60,0,0,0,0,0,0,0,0,24
2025-09-25T02:20:57.952Z,60.6,21.1,1.922,49.6,0,60,0,0,0,0,0,0,0,0,24
2025-09-25T02:20:58.949Z,60.6,21.1,1.922,50.4,0,60.1,0,0,0,0,0,0,0,0,24
2025-09-25T02:20:59.953Z,60.5,21.1,1.922,49.6,0,60,0,0,0,0,0,0,0,0,24
2025-09-25T02:21:00.955Z,60.6,21.1,1.922,50.4,0,60.1,0,0,0,0,0,0,0,0,24
2025-09-25T02:21:01.950Z,60.5,21.1,1.922,49.6,0,60.1,0,0,0,0,0,0,0,0,24
2025-09-25T02:21:02.957Z,60.5,21.1,1.922,49.6,0,60.1,0,0,0,0,0,0,0,0,24
2025-09-25T02:21:03.957Z,60.5,21.1,1.922,49.6,0,60.1,0,0,0,0,0,0,0,0,24
2025-09-25T02:21:04.961Z,60.5,21.1,1.922,50.4,0,60,0,0,0,0,0,0,0,0,24
2025-09-25T02:21:05.962Z,60.5,21.1,1.922,49.6,0,60,0,0,0,0,0,0,0,0,24
2025-09-25T02:21:06.961Z,60.5,21.1,1.922,50.4,0,60.1,0,0,0,0,0,0,0,0,24
2025-09-25T02:21:07.963Z,60.5,21.1,1.921,49.6,0,60.1,0,0,0,0,0,0,0,0,24
2025-09-25T02:21:08.958Z,60.5,21.1,1.922,49.6,0,60.1,0,0,0,0,0,0,0,0,24
2025-09-25T02:21:09.959Z,60.5,21.1,1.922,50.4,0,60.1,0,0,0,0,0,0,0,0,24
2025-09-25T02:21:10.961Z,60.5,21.1,1.922,49.6,0,60.1,0,0,0,0,0,0,0,0,24
2025-09-25T02:21:11.960Z,60.5,21.1,1.922,50.4,0,60.1,0,0,0,0,0,0,0,0,24
2025-09-25T02:21:12.964Z,60.5,21.1,1.922,49.6,0,60.1,0,0,0,0,0,0,0,0,24
2025-09-25T02:21:13.964Z,60.5,21.1,1.922,50.4,0,60.1,0,0,0,0,0,0,0,0,24
2025-09-25T02:21:14.969Z,60.5,21.1,1.921,49.6,0,60.1,0,0,0,0,0,0,0,0,24
2025-09-25T02:21:15.968Z,60.5,21.1,1.922,50.4,0,60.1,0,0,0,0,0,0,0,0,24
2025-09-25T02:21:16.969Z,60.5,21.1,1.923,49.6,0,60.1,0,0,0,0,0,0,0,0,24
2025-09-25T02:21:17.967Z,60.4,21.1,1.923,49.6,0,60.1,0,0,0,0,0,0,0,0,24
2025-09-25T02:21:18.967Z,60.5,21.1,1.923,50.4,0,60.1,0,0,0,0,0,0,0,0,24
2025-09-25T02:21:19.975Z,60.4,21.1,1.922,49.6,0,60.1,0,0,0,0,0,0,0,0,24
2025-09-25T02:21:20.975Z,60.4,21.1,1.922,50.4,0,60.1,0,0,0,0,0,0,0,0,24
2025-09-25T02:21:21.976Z,60.4,21.1,1.922,49.6,0,60.1,0,0,0,0,0,0,0,0,24
2025-09-25T02:21:22.976Z,60.4,21.1,1.922,49.6,0,60.1,0,0,0,0,0,0,0,0,24
2025-09-25T02:21:23.973Z,60.4,21.1,1.923,50.4,0,60.1,0,0,0,0,0,0,0,0,24
2025-09-25T02:21:24.974Z,60.4,21.1,1.923,49.6,0,60.1,0,0,0,0,0,0,0,0,24
2025-09-25T02:21:25.976Z,60.4,21.1,1.923,50.4,0,60.1,0,0,0,0,0,0,0,0,24
2025-09-25T02:21:26.982Z,60.4,21.1,1.922,50.4,0,60.1,0,0,0,0,0,0,0,0,24
2025-09-25T02:21:27.981Z,60.4,21.1,1.922,49.6,0,60.1,0,0,0,0,0,0,0,0,24
2025-09-25T02:21:28.979Z,60.4,21.1,1.923,50.4,0,60.1,0,0,0,0,0,0,0,0,24
2025-09-25T02:21:29.980Z,60.4,21.1,1.923,49.6,0,60.1,0,0,0,0,0,0,0,0,24
2025-09-25T02:21:30.984Z,60.4,21.1,1.922,50.4,0,60.1,0,0,0,0,0,0,0,0,24
2025-09-25T02:21:31.981Z,60.4,21.1,1.923,49.6,0,60.1,0,0,0,0,0,0,0,0,24
2025-09-25T02:21:32.984Z,60.4,21.1,1.923,50.4,0,60.1,0,0,0,0,0,0,0,0,24
2025-09-25T02:21:33.986Z,60.4,21.1,1.922,49.6,0,60.1,0,0,0,0,0,0,0,0,24
2025-09-25T02:21:34.985Z,60.4,21.1,1.923,49.6,0,60.1,0,0,0,0,0,0,0,0,24
2025-09-25T02:21:35.987Z,60.4,21.1,1.922,50.4,0,60.1,0,0,0,0,0,0,0,0,24
2025-09-25T02:21:36.989Z,60.4,21.1,1.922,49.6,0,60.1,0,0,0,0,0,0,0,0,24
2025-09-25T02:21:37.987Z,60.4,21.1,1.922,50.4,0,60.1,0,0,0,0,0,0,0,0,24
2025-09-25T02:21:38.984Z,60.4,21.1,1.923,49.6,0,60.1,0,0,0,0,0,0,0,0,24
2025-09-25T02:21:39.990Z,60.4,21.1,1.923,49.6,0,60.1,0,0,0,0,0,0,0,0,24
2025-09-25T02:21:40.991Z,60.3,21.1,1.922,50.4,0,60.1,0,0,0,0,0,0,0,0,24
2025-09-25T02:21:41.987Z,60.3,21.1,1.923,49.6,0,60.1,0,0,0,0,0,0,0,0,24
2025-09-25T02:21:42.992Z,60.3,21.1,1.922,50.4,0,60.1,0,0,0,0,0,0,0,0,24
2025-09-25T02:21:43.993Z,60.3,21.1,1.923,49.6,0,60.1,0,0,0,0,0,0,0,0,24
2025-09-25T02:21:44.992Z,60.3,21.1,1.923,49.6,0,60.1,0,0,0,0,0,0,0,0,24
2025-09-25T02:21:45.993Z,60.3,21.1,1.923,50.4,0,60.1,0,0,0,0,0,0,0,0,24
2025-09-25T02:21:46.996Z,60.3,21.1,1.923,49.6,0,60.1,0,0,0,0,0,0,0,0,24
2025-09-25T02:21:47.994Z,60.3,21.1,1.923,50.4,0,60.1,0,0,0,0,0,0,0,0,24
2025-09-25T02:21:48.996Z,60.3,21.1,1.923,50.4,0,60.1,0,0,0,0,0,0,0,0,24
2025-09-25T02:21:50.002Z,60.3,21.1,1.923,49.6,0,60.1,0,0,0,0,0,0,0,0,24
2025-09-25T02:21:50.998Z,60.3,21.1,1.923,50.4,0,60.1,0,0,0,0,0,0,0,0,24
2025-09-25T02:21:51.997Z,60.3,21.1,1.922,49.6,0,60.1,0,0,0,0,0,0,0,0,24
2025-09-25T02:21:52.993Z,60.3,21.1,1.923,50.4,0,60.1,0,0,0,0,0,0,0,0,24
2025-09-25T02:21:54.004Z,60.3,21.1,1.923,50.4,0,60.1,0,0,0,0,0,0,0,0,24
2025-09-25T02:21:55.000Z,60.3,21.1,1.923,49.6,0,60.1,0,0,0,0,0,0,0,0,24
2025-09-25T02:21:56.002Z,60.3,21.1,1.923,50.4,0,60.1,0,0,0,0,0,0,0,0,24
2025-09-25T02:21:57.008Z,60.3,21.1,1.923,49.6,0,60.1,0,0,0,0,0,0,0,0,24
2025-09-25T02:21:58.000Z,60.3,21.1,1.923,50.4,0,60.1,0,0,0,0,0,0,0,0,24
2025-09-25T02:21:58.998Z,60.3,21.1,1.923,49.6,0,60.1,0,0,0,0,0,0,0,0,24
2025-09-25T02:22:00.003Z,60.3,21.1,1.923,50.4,0,60.1,0,0,0,0,0,0,0,0,24
2025-09-25T02:22:01.001Z,60.3,21.1,1.923,49.6,0,60.1,0,0,0,0,0,0,0,0,24
2025-09-25T02:22:02.005Z,60.2,21.1,1.923,50.4,0,60.1,0,0,0,0,0,0,0,0,24
2025-09-25T02:22:03.011Z,60.2,21.1,1.923,49.6,0,60.1,0,0,0,0,0,0,0,0,24
2025-09-25T02:22:04.009Z,60.2,21.1,1.923,50.4,0,60.1,0,0,0,0,0,0,0,0,24
2025-09-25T02:22:05.004Z,60.2,21.1,1.923,49.6,0,60.1,0,0,0,0,0,0,0,0,24
2025-09-25T02:22:06.009Z,60.2,21.1,1.923,50.4,0,60.1,0,0,0,0,0,0,0,0,24
2025-09-25T02:22:07.015Z,60.2,21.1,1.923,49.6,0,60.1,0,0,0,0,0,0,0,0,24
2025-09-25T02:22:08.015Z,60.2,21.1,1.923,49.6,0,60.1,0,0,0,0,0,0,0,0,24
2025-09-25T02:22:09.015Z,60.2,21.1,1.923,50.4,0,60.1,0,0,0,0,0,0,0,0,24
2025-09-25T02:22:10.011Z,60.2,21.1,1.923,49.6,0,60.1,0,0,0,0,0,0,0,0,24
2025-09-25T02:22:11.016Z,60.2,21.1,1.923,50.4,0,60.1,0,0,0,0,0,0,0,0,24
2025-09-25T02:22:12.017Z,60.2,21.1,1.923,49.6,0,60.1,0,0,0,0,0,0,0,0,24
2025-09-25T02:22:13.015Z,60.2,21.1,1.923,50.4,0,60.1,0,0,0,0,0,0,0,0,24
2025-09-25T02:22:14.019Z,60.2,21.1,1.923,49.6,0,60.1,0,0,0,0,0,0,0,0,24
2025-09-25T02:22:15.023Z,60.2,21.1,1.923,50.4,0,60.1,0,0,0,0,0,0,0,0,24
2025-09-25T02:22:16.018Z,60.2,21.1,1.923,49.6,0,60.1,0,0,0,0,0,0,0,0,24
2025-09-25T02:22:17.023Z,60.2,21.1,1.923,50.4,0,60.1,0,0,0,0,0,0,0,0,24
2025-09-25T02:22:18.021Z,60.2,21.1,1.923,49.6,0,60.1,0,0,0,0,0,0,0,0,24
2025-09-25T02:22:19.021Z,60.2,21.1,1.923,50.4,0,60.1,0,0,0,0,0,0,0,0,24
2025-09-25T02:22:20.023Z,60.2,21.1,1.923,49.6,0,60.1,0,0,0,0,0,0,0,0,24
2025-09-25T02:22:21.023Z,60.2,21.1,1.923,50.4,0,60.1,0,0,0,0,0,0,0,0,24
2025-09-25T02:22:22.022Z,60.2,21.1,1.923,49.6,0,60.1,0,0,0,0,0,0,0,0,24
2025-09-25T02:22:23.025Z,60.1,21.1,1.923,50.4,0,60.1,0,0,0,0,0,0,0,0,24
2025-09-25T02:22:24.022Z,60.1,21.1,1.923,49.6,0,60.1,0,0,0,0,0,0,0,0,24
2025-09-25T02:22:25.030Z,60.1,21.1,1.924,50.4,0,60.1,0,0,0,0,0,0,0,0,24
2025-09-25T02:22:26.027Z,60.1,21.1,1.923,49.6,0,60.1,0,0,0,0,0,0,0,0,24
2025-09-25T02:22:27.030Z,60.1,21.1,1.923,50.4,0,60.1,0,0,0,0,0,0,0,0,24
2025-09-25T02:22:28.029Z,60.1,21.1,1.923,49.6,0,60.1,0,0,0,0,0,0,0,0,24
2025-09-25T02:22:29.032Z,60.1,21.1,1.923,50.4,0,60.1,0,0,0,0,0,0,0,0,24
2025-09-25T02:22:30.040Z,60.1,21.1,1.924,49.6,0,60.1,0,0,0,0,0,0,0,0,24
2025-09-25T02:22:31.031Z,60.1,21.1,1.923,50.4,0,60.1,0,0,0,0,0,0,0,0,24
2025-09-25T02:22:32.032Z,60.1,21.1,1.923,49.6,0,60.1,0,0,0,0,0,0,0,0,24
2025-09-25T02:22:33.030Z,60.1,21.1,1.923,49.6,0,60.1,0,0,0,0,0,0,0,0,24
2025-09-25T02:22:34.034Z,60.1,21.1,1.923,49.6,0,60.1,0,0,0,0,0,0,0,0,24
2025-09-25T02:22:35.032Z,60.1,21.1,1.923,49.6,0,60.1,0,0,0,0,0,0,0,0,24
2025-09-25T02:22:36.035Z,60.1,21.1,1.923,50.4,0,60.1,0,0,0,0,0,0,0,0,24
2025-09-25T02:22:37.036Z,60.1,21.1,1.923,49.6,0,60.1,0,0,0,0,0,0,0,0,24
2025-09-25T02:22:38.037Z,60.1,21.1,1.923,50.4,0,60.1,0,0,0,0,0,0,0,0,24
2025-09-25T02:22:39.039Z,60.1,21.1,1.924,49.6,0,60.1,0,0,0,0,0,0,0,0,24
2025-09-25T02:22:40.037Z,60.1,21.1,1.924,50.4,0,60.1,0,0,0,0,0,0,0,0,24
2025-09-25T02:22:41.035Z,60.1,21.1,1.923,50.4,0,60.1,0,0,0,0,0,0,0,0,24
2025-09-25T02:22:42.039Z,60.1,21.1,1.924,49.6,0,60.1,0,0,0,0,0,0,0,0,24
2025-09-25T02:22:43.043Z,60.1,21.1,1.924,50.4,0,60.1,0,0,0,0,0,0,0,0,24
2025-09-25T02:22:44.039Z,60.1,21.1,1.923,49.6,0,60.1,0,0,0,0,0,0,0,0,24
2025-09-25T02:22:45.037Z,60,21.1,1.923,50.4,0,60.1,0,0,0,0,0,0,0,0,24
2025-09-25T02:22:46.042Z,60,21.1,1.924,49.6,0,60.1,0,0,0,0,0,0,0,0,24
2025-09-25T02:22:47.042Z,60,21.1,1.923,50.4,0,60.1,0,0,0,0,0,0,0,0,24
2025-09-25T02:22:48.044Z,60,21.1,1.924,49.6,0,60.1,0,0,0,0,0,0,0,0,24
2025-09-25T02:22:49.046Z,60,21.1,1.924,50.4,0,60.1,0,0,0,0,0,0,0,0,24
2025-09-25T02:22:50.047Z,60,21.1,1.924,49.6,0,60.1,0,0,0,0,0,0,0,0,24
2025-09-25T02:22:51.044Z,60,21.1,1.923,50.4,0,60.1,0,0,0,0,0,0,0,0,24
2025-09-25T02:22:52.049Z,60,21.1,1.924,49.6,0,60.1,0,0,0,0,0,0,0,0,24
2025-09-25T02:22:53.051Z,60,21.1,1.924,50.4,0,60.1,0,0,0,0,0,0,0,0,24
2025-09-25T02:22:54.048Z,60,21.1,1.925,49.6,0,60.1,0,0,0,0,0,0,0,0,24
2025-09-25T02:22:55.047Z,60,21.1,1.924,50.4,0,60.1,0,0,0,0,0,0,0,0,24
2025-09-25T02:22:56.048Z,60,21.1,1.924,49.6,0,60.1,0,0,0,0,0,0,0,0,24
2025-09-25T02:22:57.047Z,60,21.1,1.923,50.4,0,60.1,0,0,0,0,0,0,0,0,24
2025-09-25T02:22:58.045Z,60,21.1,1.924,49.6,0,60.1,0,0,0,0,0,0,0,0,24
2025-09-25T02:22:59.051Z,60,21.1,1.924,50.4,0,60.1,0,0,0,0,0,0,0,0,24
2025-09-25T02:23:00.053Z,60,21.1,1.924,49.6,0,60.1,0,0,0,0,0,0,0,0,24
2025-09-25T02:23:01.047Z,60,21.1,1.924,50.4,0,60.1,0,0,0,0,0,0,0,0,24
2025-09-25T02:23:02.051Z,60,21.1,1.925,49.6,0,60.1,0,0,0,0,0,0,0,0,24
2025-09-25T02:23:03.051Z,60,21.1,1.924,50.4,0,60.1,0,0,0,0,0,0,0,0,24
2025-09-25T02:23:04.055Z,60,21.1,1.925,49.6,0,60.1,0,0,0,0,0,0,0,0,24
2025-09-25T02:23:05.059Z,60,21.1,1.925,50.4,0,60.1,0,0,0,0,0,0,0,0,24
2025-09-25T02:23:06.058Z,60,21.1,1.925,49.6,0,60.1,0,0,0,0,0,0,0,0,24
2025-09-25T02:23:07.053Z,60,21.1,1.924,50.4,0,60.1,0,0,0,0,0,0,0,0,24
2025-09-25T02:23:08.064Z,60,21.1,1.925,49.6,0,60.1,0,0,0,0,0,0,0,0,24
2025-09-25T02:23:09.057Z,60,21.1,1.925,50.4,0,60.1,0,0,0,0,0,0,0,0,24
2025-09-25T02:23:10.061Z,59.9,21.1,1.925,49.6,0,60.1,0,0,0,0,0,0,0,0,24
2025-09-25T02:23:11.063Z,60,21.1,1.925,50.4,0,60.1,0,0,0,0,0,0,0,0,24
2025-09-25T02:23:12.065Z,59.9,21.1,1.925,49.6,0,60.1,0,0,0,0,0,0,0,0,24
2025-09-25T02:23:13.062Z,59.9,21.1,1.925,50.4,0,60.1,0,0,0,0,0,0,0,0,24
2025-09-25T02:23:14.065Z,59.9,21.1,1.925,49.6,0,60.1,0,0,0,0,0,0,0,0,24
2025-09-25T02:23:15.070Z,59.9,21.1,1.924,50.4,0,60.1,0,0,0,0,0,0,0,0,24
2025-09-25T02:23:16.066Z,59.9,21.1,1.925,49.6,0,60.1,0,0,0,0,0,0,0,0,24
2025-09-25T02:23:17.065Z,59.9,21.1,1.925,50.4,0,60.1,0,0,0,0,0,0,0,0,24
2025-09-25T02:23:18.066Z,59.9,21.1,1.926,49.6,0,60.1,0,0,0,0,0,0,0,0,24
2025-09-25T02:23:19.069Z,59.9,21.1,1.926,50.4,0,60.1,0,0,0,0,0,0,0,0,24
2025-09-25T02:23:20.072Z,59.9,21.1,1.926,49.6,0,60.1,0,0,0,0,0,0,0,0,24
2025-09-25T02:23:21.073Z,59.9,21.1,1.925,50.4,0,60.1,0,0,0,0,0,0,0,0,24
2025-09-25T02:23:22.070Z,59.9,21.1,1.926,49.6,0,60.1,0,0,0,0,0,0,0,0,24
2025-09-25T02:23:23.073Z,59.9,21.1,1.926,50.4,0,60.1,0,0,0,0,0,0,0,0,24
2025-09-25T02:23:24.070Z,59.9,21.1,1.926,49.6,0,60.1,0,0,0,0,0,0,0,0,24
2025-09-25T02:23:25.076Z,59.9,21.1,1.925,50.4,0,60.1,0,0,0,0,0,0,0,0,24
2025-09-25T02:23:26.074Z,59.9,21.1,1.926,49.6,0,60.1,0,0,0,0,0,0,0,0,24
2025-09-25T02:23:27.078Z,59.9,21.1,1.925,49.6,0,60.1,0,0,0,0,0,0,0,0,24
2025-09-25T02:23:28.076Z,59.9,21.1,1.925,49.6,0,60.1,0,0,0,0,0,0,0,0,24
2025-09-25T02:23:29.076Z,59.9,21.1,1.926,50.4,0,60.1,0,0,0,0,0,0,0,0,24
2025-09-25T02:23:30.078Z,59.9,21.1,1.925,49.6,0,60.1,0,0,0,0,0,0,0,0,24
2025-09-25T02:23:31.081Z,59.9,21.1,1.925,50.4,0,60.1,0,0,0,0,0,0,0,0,24
2025-09-25T02:23:32.086Z,59.9,21.1,1.925,49.6,0,60.1,0,0,0,0,0,0,0,0,24
2025-09-25T02:23:33.081Z,59.8,21.1,1.925,50.4,0,60.1,0,0,0,0,0,0,0,0,24
2025-09-25T02:23:34.087Z,59.8,21.1,1.925,49.6,0,60.1,0,0,0,0,0,0,0,0,24
2025-09-25T02:23:35.087Z,59.8,21.1,1.925,50.4,0,60.1,0,0,0,0,0,0,0,0,24
2025-09-25T02:23:36.090Z,59.8,21.1,1.925,49.6,0,60.1,0,0,0,0,0,0,0,0,24
2025-09-25T02:23:37.087Z,59.8,21.1,1.925,50.4,0,60.1,0,0,0,0,0,0,0,0,24
2025-09-25T02:23:38.089Z,59.8,21.1,1.925,49.6,0,60.1,0,0,0,0,0,0,0,0,24
2025-09-25T02:23:39.081Z,59.8,21.1,1.926,50.4,0,60.1,0,0,0,0,0,0,0,0,24
2025-09-25T02:23:40.081Z,59.8,21.1,1.926,49.6,0,60.1,0,0,0,0,0,0,0,0,24
2025-09-25T02:23:41.084Z,59.8,21.1,1.926,50.4,0,60.1,0,0,0,0,0,0,0,0,24
2025-09-25T02:23:42.080Z,59.8,21.1,1.926,49.6,0,60.1,0,0,0,0,0,0,0,0,24
2025-09-25T02:23:43.089Z,59.8,21.1,1.926,50.4,0,60.1,0,0,0,0,0,0,0,0,24
2025-09-25T02:23:44.091Z,59.8,21.1,1.925,49.6,0,60.1,0,0,0,0,0,0,0,0,24
2025-09-25T02:23:45.093Z,59.8,21.1,1.925,50.4,0,60.1,0,0,0,0,0,0,0,0,24
2025-09-25T02:23:46.086Z,59.8,21.1,1.926,49.6,0,60.1,0,0,0,0,0,0,0,0,24
2025-09-25T02:23:47.087Z,59.8,21.1,1.925,50.4,0,60.1,0,0,0,0,0,0,0,0,24
2025-09-25T02:23:48.095Z,59.8,21.1,1.926,49.6,0,60.1,0,0,0,0,0,0,0,0,24
2025-09-25T02:23:49.100Z,59.8,21.1,1.925,50.4,0,60.1,0,0,0,0,0,0,0,0,24
2025-09-25T02:23:50.094Z,59.8,21.1,1.925,49.6,0,60.1,0,0,0,0,0,0,0,0,24
2025-09-25T02:23:51.091Z,59.8,21.1,1.925,50.4,0,60.1,0,0,0,0,0,0,0,0,24
2025-09-25T02:23:52.097Z,59.8,21.1,1.926,49.6,0,60.1,0,0,0,0,0,0,0,0,24
2025-09-25T02:23:53.091Z,59.8,21.1,1.925,50.4,0,60.1,0,0,0,0,0,0,0,0,24
2025-09-25T02:23:54.099Z,59.8,21.1,1.926,49.6,0,60.1,0,0,0,0,0,0,0,0,24
2025-09-25T02:23:55.103Z,59.8,21.1,1.925,50.4,0,60.1,0,0,0,0,0,0,0,0,24
2025-09-25T02:23:56.105Z,59.7,21.1,1.925,49.6,0,60.1,0,0,0,0,0,0,0,0,24
2025-09-25T02:23:57.097Z,59.7,21.1,1.926,50.4,0,60.1,0,0,0,0,0,0,0,0,24
2025-09-25T02:23:58.103Z,59.7,21.1,1.926,49.6,0,60.1,0,0,0,0,0,0,0,0,24
2025-09-25T02:23:59.105Z,59.7,21.1,1.926,50.4,0,60.1,0,0,0,0,0,0,0,0,24
2025-09-25T02:24:00.104Z,59.7,21.1,1.925,49.6,0,60.1,0,0,0,0,0,0,0,0,24
2025-09-25T02:24:01.109Z,59.7,21.1,1.926,50.4,0,60.1,0,0,0,0,0,0,0,0,24
2025-09-25T02:24:02.107Z,59.7,21.1,1.926,49.6,0,60.1,0,0,0,0,0,0,0,0,24
2025-09-25T02:24:03.109Z,59.7,21.1,1.926,50.4,0,60.1,0,0,0,0,0,0,0,0,24
2025-09-25T02:24:04.113Z,59.7,21.1,1.926,49.6,0,60.1,0,0,0,0,0,0,0,0,24
2025-09-25T02:24:05.103Z,59.7,21.1,1.926,49.6,0,60.1,0,0,0,0,0,0,0,0,24
2025-09-25T02:24:06.107Z,59.7,21.1,1.926,49.6,0,60.1,0,0,0,0,0,0,0,0,24
2025-09-25T02:24:07.107Z,59.7,21.1,1.926,50.4,0,60.1,0,0,0,0,0,0,0,0,24
2025-09-25T02:24:08.112Z,59.7,21.1,1.926,49.6,0,60.1,0,0,0,0,0,0,0,0,24
2025-09-25T02:24:09.105Z,59.7,21.1,1.926,50.4,0,60.1,0,0,0,0,0,0,0,0,24
2025-09-25T02:24:10.106Z,59.7,21.1,1.926,49.6,0,60.1,0,0,0,0,0,0,0,0,24
2025-09-25T02:24:11.108Z,59.7,21.1,1.926,50.4,0,60.1,0,0,0,0,0,0,0,0,24
2025-09-25T02:24:12.115Z,59.7,21.1,1.926,49.6,0,60.1,0,0,0,0,0,0,0,0,24
2025-09-25T02:24:13.115Z,59.7,21.1,1.926,50.4,0,60.1,0,0,0,0,0,0,0,0,24
2025-09-25T02:24:14.117Z,59.7,21.1,1.927,49.6,0,60.1,0,0,0,0,0,0,0,0,24
2025-09-25T02:24:15.121Z,59.7,21.1,1.926,50.4,0,60.1,0,0,0,0,0,0,0,0,24
2025-09-25T02:24:16.119Z,59.7,21.1,1.926,49.6,0,60.1,0,0,0,0,0,0,0,0,24
2025-09-25T02:24:17.119Z,59.7,21.1,1.927,50.4,0,60.1,0,0,0,0,0,0,0,0,24
2025-09-25T02:24:18.113Z,59.7,21.1,1.926,50.4,0,60.1,0,0,0,0,0,0,0,0,24
2025-09-25T02:24:19.114Z,59.7,21.1,1.926,49.6,0,60.1,0,0,0,0,0,0,0,0,24
2025-09-25T02:24:20.123Z,59.7,21.1,1.927,50.4,0,60.1,0,0,0,0,0,0,0,0,24
2025-09-25T02:24:21.126Z,59.6,21.1,1.927,49.6,0,60.1,0,0,0,0,0,0,0,0,24
2025-09-25T02:24:22.122Z,59.6,21.1,1.927,50.4,0,60.1,0,0,0,0,0,0,0,0,24
2025-09-25T02:24:23.123Z,59.6,21.1,1.927,49.6,0,60.1,0,0,0,0,0,0,0,0,24
2025-09-25T02:24:24.128Z,59.6,21.1,1.927,50.4,0,60.1,0,0,0,0,0,0,0,0,24
2025-09-25T02:24:25.124Z,59.6,21.1,1.927,49.6,0,60.1,0,0,0,0,0,0,0,0,24
2025-09-25T02:24:26.130Z,59.6,21.1,1.927,50.4,0,60.1,0,0,0,0,0,0,0,0,24
2025-09-25T02:24:27.123Z,59.6,21.1,1.926,49.6,0,60.1,0,0,0,0,0,0,0,0,24
2025-09-25T02:24:28.134Z,59.6,21.1,1.927,49.6,0,60.1,0,0,0,0,0,0,0,0,24
2025-09-25T02:24:29.129Z,59.6,21.1,1.927,50.4,0,60.1,0,0,0,0,0,0,0,0,24
2025-09-25T02:24:30.133Z,59.6,21.1,1.927,49.6,0,60.1,0,0,0,0,0,0,0,0,24
2025-09-25T02:24:31.126Z,59.6,21.1,1.927,49.6,0,60.1,0,0,0,0,0,0,0,0,24
2025-09-25T02:24:32.125Z,59.6,21.1,1.926,49.6,0,60.1,0,0,0,0,0,0,0,0,24
2025-09-25T02:24:33.133Z,59.6,21.1,1.927,50.4,0,60.1,0,0,0,0,0,0,0,0,24
2025-09-25T02:24:34.134Z,59.6,21.1,1.927,49.6,0,60.1,0,0,0,0,0,0,0,0,24
2025-09-25T02:24:35.134Z,59.6,21.1,1.927,50.4,0,60.1,0,0,0,0,0,0,0,0,24
2025-09-25T02:24:36.136Z,59.6,21.1,1.927,49.6,0,60.1,0,0,0,0,0,0,0,0,24
2025-09-25T02:24:37.134Z,59.6,21.1,1.927,50.4,0,60.1,0,0,0,0,0,0,0,0,24
2025-09-25T02:24:38.134Z,59.6,21.1,1.927,49.6,0,60.1,0,0,0,0,0,0,0,0,24
2025-09-25T02:24:39.140Z,59.6,21.1,1.926,50.4,0,60.1,0,0,0,0,0,0,0,0,24
2025-09-25T02:24:40.139Z,59.6,21.1,1.927,49.6,0,60.1,0,0,0,0,0,0,0,0,24
2025-09-25T02:24:41.139Z,59.6,21.1,1.927,50.4,0,60.1,0,0,0,0,0,0,0,0,24
2025-09-25T02:24:42.143Z,59.6,21.1,1.926,49.6,0,60.1,0,0,0,0,0,0,0,0,24
2025-09-25T02:24:43.141Z,59.6,21.1,1.927,50.4,0,60.1,0,0,0,0,0,0,0,0,24
2025-09-25T02:24:44.143Z,59.6,21.1,1.927,49.6,0,60.1,0,0,0,0,0,0,0,0,24
2025-09-25T02:24:45.145Z,59.6,21.1,1.926,50.4,0,60.1,0,0,0,0,0,0,0,0,24
2025-09-25T02:24:46.141Z,59.6,21.1,1.927,49.6,0,60.1,0,0,0,0,0,0,0,0,24
2025-09-25T02:24:47.144Z,59.6,21.1,1.927,50.4,0,60.1,0,0,0,0,0,0,0,0,24
2025-09-25T02:24:48.145Z,59.6,21.1,1.927,49.6,0,60.1,0,0,0,0,0,0,0,0,24
2025-09-25T02:24:49.146Z,59.6,21.1,1.927,49.6,0,60.1,0,0,0,0,0,0,0,0,24
2025-09-25T02:24:50.151Z,59.5,21.1,1.926,49.6,0,60.1,0,0,0,0,0,0,0,0,24
2025-09-25T02:24:51.147Z,59.5,21.1,1.927,49.6,0,60.1,0,0,0,0,0,0,0,0,24
2025-09-25T02:24:52.147Z,59.5,21.1,1.927,50.4,0,60.1,0,0,0,0,0,0,0,0,24
2025-09-25T02:24:53.146Z,59.5,21.1,1.927,49.6,0,60.1,0,0,0,0,0,0,0,0,24
2025-09-25T02:24:54.144Z,59.5,21.1,1.927,50.4,0,60.1,0,0,0,0,0,0,0,0,24
2025-09-25T02:24:55.155Z,59.5,21.1,1.926,49.6,0,60.1,0,0,0,0,0,0,0,0,24
2025-09-25T02:24:56.152Z,59.5,21.1,1.927,50.4,0,60.1,0,0,0,0,0,0,0,0,24
2025-09-25T02:24:57.152Z,59.5,21.1,1.927,49.6,0,60.1,0,0,0,0,0,0,0,0,24
2025-09-25T02:24:58.155Z,59.5,21.1,1.927,50.4,0,60.1,0,0,0,0,0,0,0,0,24
2025-09-25T02:24:59.155Z,59.5,21.1,1.927,49.6,0,60.1,0,0,0,0,0,0,0,0,24
2025-09-25T02:25:00.160Z,59.5,21.1,1.926,50.4,0,60.1,0,0,0,0,0,0,0,0,24
2025-09-25T02:25:01.156Z,59.5,21.1,1.927,49.6,0,60.1,0,0,0,0,0,0,0,0,24
2025-09-25T02:25:02.160Z,59.5,21.1,1.927,50.4,0,60.1,0,0,0,0,0,0,0,0,24
2025-09-25T02:25:03.157Z,59.5,21.1,1.927,49.6,0,60.1,0,0,0,0,0,0,0,0,24
2025-09-25T02:25:04.161Z,59.5,21.1,1.926,49.6,0,60.1,0,0,0,0,0,0,0,0,24
2025-09-25T02:25:05.159Z,59.5,21.1,1.927,49.6,0,60.1,0,0,0,0,0,0,0,0,24
2025-09-25T02:25:06.162Z,59.5,21.1,1.928,50.4,0,60.1,0,0,0,0,0,0,0,0,24
2025-09-25T02:25:07.158Z,59.5,21.1,1.927,49.6,0,60.1,0,0,0,0,0,0,0,0,24
2025-09-25T02:25:08.159Z,59.5,21.1,1.927,50.4,0,60.1,0,0,0,0,0,0,0,0,24
2025-09-25T02:25:09.156Z,59.5,21.1,1.927,49.6,0,60.1,0,0,0,0,0,0,0,0,24
2025-09-25T02:25:10.167Z,59.5,21.1,1.926,50.4,0,60.1,0,0,0,0,0,0,0,0,24
2025-09-25T02:25:11.163Z,59.5,21.1,1.926,50.4,0,60.1,0,0,0,0,0,0,0,0,24
2025-09-25T02:25:12.171Z,59.5,21.1,1.926,49.6,0,60.1,0,0,0,0,0,0,0,0,24
2025-09-25T02:25:13.164Z,59.5,21.1,1.927,50.4,0,60.1,0,0,0,0,0,0,0,0,24
2025-09-25T02:25:14.166Z,59.5,21.1,1.926,49.6,0,60.1,0,0,0,0,0,0,0,0,24
2025-09-25T02:25:15.170Z,59.5,21.1,1.926,50.4,0,60.1,0,0,0,0,0,0,0,0,24
2025-09-25T02:25:16.170Z,59.5,21.1,1.926,49.6,0,60,0,0,0,0,0,0,0,0,24
2025-09-25T02:25:17.170Z,59.5,21.1,1.927,49.6,0,60.1,0,0,0,0,0,0,0,0,24
2025-09-25T02:25:18.170Z,59.5,21.1,1.927,50.4,0,60.1,0,0,0,0,0,0,0,0,24
2025-09-25T02:25:19.169Z,59.5,21.1,1.927,49.6,0,60.1,0,0,0,0,0,0,0,0,24
2025-09-25T02:25:20.172Z,59.5,21.1,1.927,50.4,0,60.1,0,0,0,0,0,0,0,0,24
2025-09-25T02:25:21.171Z,59.5,21.1,1.926,49.6,0,60.1,0,0,0,0,0,0,0,0,24
2025-09-25T02:25:22.171Z,59.5,21.1,1.927,50.4,0,60,0,0,0,0,0,0,0,0,24
2025-09-25T02:25:23.176Z,59.5,21.1,1.927,49.6,0,60,0,0,0,0,0,0,0,0,24
2025-09-25T02:25:24.174Z,59.4,21.1,1.926,50.4,0,60,0,0,0,0,0,0,0,0,24
2025-09-25T02:25:25.181Z,59.5,21.1,1.927,49.6,0,60.1,0,0,0,0,0,0,0,0,24
2025-09-25T02:25:26.172Z,59.4,21.1,1.928,50.4,0,60.1,0,0,0,0,0,0,0,0,24
2025-09-25T02:25:27.179Z,59.4,21.1,1.926,49.6,0,60.1,0,0,0,0,0,0,0,0,24
2025-09-25T02:25:28.178Z,59.4,21.1,1.926,49.6,0,60.1,0,0,0,0,0,0,0,0,24
2025-09-25T02:25:29.184Z,59.4,21.1,1.926,50.4,0,60.1,0,0,0,0,0,0,0,0,24
2025-09-25T02:25:30.181Z,59.4,21.1,1.927,49.6,0,60,0,0,0,0,0,0,0,0,24
2025-09-25T02:25:31.186Z,59.4,21.1,1.927,50.4,0,60,0,0,0,0,0,0,0,0,24
2025-09-25T02:25:32.187Z,59.4,21.1,1.927,49.6,0,60.1,0,0,0,0,0,0,0,0,24
2025-09-25T02:25:33.179Z,59.4,21.1,1.927,50.4,0,60.1,0,0,0,0,0,0,0,0,24
2025-09-25T02:25:34.193Z,59.4,21.1,1.927,49.6,0,60.1,0,0,0,0,0,0,0,0,24
2025-09-25T02:25:35.188Z,59.4,21.1,1.927,50.4,0,60,0,0,0,0,0,0,0,0,24
2025-09-25T02:25:36.188Z,59.4,21.1,1.927,49.6,0,60,0,0,0,0,0,0,0,0,24
2025-09-25T02:25:37.193Z,59.4,21.1,1.927,50.4,0,60,0,0,0,0,0,0,0,0,24
2025-09-25T02:25:38.193Z,59.4,21.1,1.927,49.6,0,60.1,0,0,0,0,0,0,0,0,24
2025-09-25T02:25:39.196Z,59.4,21.1,1.928,49.6,0,60,0,0,0,0,0,0,0,0,24
2025-09-25T02:25:40.192Z,59.4,21.1,1.927,49.6,0,60,0,0,0,0,0,0,0,0,24
2025-09-25T02:25:41.190Z,59.4,21.1,1.927,50.4,0,60.1,0,0,0,0,0,0,0,0,24
2025-09-25T02:25:42.193Z,59.4,21.1,1.927,49.6,0,60,0,0,0,0,0,0,0,0,24
2025-09-25T02:25:43.194Z,59.4,21.1,1.927,50.4,0,60,0,0,0,0,0,0,0,0,24
2025-09-25T02:25:44.199Z,59.4,21.1,1.928,50.4,0,60,0,0,0,0,0,0,0,0,24
2025-09-25T02:25:45.197Z,59.4,21.1,1.927,49.6,0,60,0,0,0,0,0,0,0,0,24
2025-09-25T02:25:46.201Z,59.4,21.1,1.928,49.6,0,60.1,0,0,0,0,0,0,0,0,24
2025-09-25T02:25:47.202Z,59.4,21.1,1.928,49.6,0,60.1,0,0,0,0,0,0,0,0,24
2025-09-25T02:25:48.198Z,59.4,21.1,1.927,50.4,0,60,0,0,0,0,0,0,0,0,24
2025-09-25T02:25:49.203Z,59.4,21.1,1.927,49.6,0,60,0,0,0,0,0,0,0,0,24
2025-09-25T02:25:50.202Z,59.4,21.1,1.927,49.6,0,60,0,0,0,0,0,0,0,0,24
2025-09-25T02:25:51.203Z,59.4,21.1,1.927,50.4,0,60,0,0,0,0,0,0,0,0,24
2025-09-25T02:25:52.206Z,59.4,21.1,1.928,49.6,0,60,0,0,0,0,0,0,0,0,24
2025-09-25T02:25:53.204Z,59.4,21.1,1.927,49.6,0,60.1,0,0,0,0,0,0,0,0,24
2025-09-25T02:25:54.203Z,59.4,21.1,1.927,50.4,0,60,0,0,0,0,0,0,0,0,24
2025-09-25T02:25:55.198Z,59.4,21.1,1.927,49.6,0,60,0,0,0,0,0,0,0,0,24
2025-09-25T02:25:56.201Z,59.4,21.1,1.928,50.4,0,60,0,0,0,0,0,0,0,0,24
2025-09-25T02:25:57.200Z,59.4,21.1,1.927,50.4,0,60,0,0,0,0,0,0,0,0,24
2025-09-25T02:25:58.202Z,59.4,21.1,1.927,49.6,0,60,0,0,0,0,0,0,0,0,24
2025-09-25T02:25:59.209Z,59.4,21.1,1.927,50.4,0,60,0,0,0,0,0,0,0,0,24
2025-09-25T02:26:00.215Z,59.4,21.1,1.929,49.6,0,60,0,0,0,0,0,0,0,0,24
2025-09-25T02:26:01.211Z,59.4,21.1,1.929,50.4,0,60,0,0,0,0,0,0,0,0,24
2025-09-25T02:26:02.212Z,59.4,21.1,1.928,49.6,0,60,0,0,0,0,0,0,0,0,24
2025-09-25T02:26:03.214Z,59.4,21.1,1.929,50.4,0,60,0,0,0,0,0,0,0,0,24
2025-09-25T02:26:04.217Z,59.4,21.1,1.929,49.6,0,60,0,0,0,0,0,0,0,0,24
2025-09-25T02:26:05.214Z,59.4,21.1,1.929,50.4,0,60,0,0,0,0,0,0,0,0,24
2025-09-25T02:26:06.218Z,59.4,21.1,1.928,49.6,0,60,0,0,0,0,0,0,0,0,24
2025-09-25T02:26:07.215Z,59.4,21.1,1.928,49.6,0,60,0,0,0,0,0,0,0,0,24
2025-09-25T02:26:08.217Z,59.4,21.1,1.929,50.4,0,60,0,0,0,0,0,0,0,0,24
2025-09-25T02:26:09.214Z,59.4,21.1,1.929,49.6,0,60,0,0,0,0,0,0,0,0,24
2025-09-25T02:26:10.214Z,59.4,21.1,1.928,50.4,0,60,0,0,0,0,0,0,0,0,24
2025-09-25T02:26:11.220Z,59.4,21.1,1.928,49.6,0,60,0,0,0,0,0,0,0,0,24
2025-09-25T02:26:12.216Z,59.4,21.1,1.928,49.6,0,60,0,0,0,0,0,0,0,0,24
2025-09-25T02:26:13.214Z,59.4,21.1,1.928,50.4,0,60,0,0,0,0,0,0,0,0,24
2025-09-25T02:26:14.217Z,59.4,21.1,1.929,50.4,0,60,0,0,0,0,0,0,0,0,24
2025-09-25T02:26:15.219Z,59.4,21.1,1.929,49.6,0,60,0,0,0,0,0,0,0,0,24
2025-09-25T02:26:16.221Z,59.4,21.1,1.929,50.4,0,60,0,0,0,0,0,0,0,0,24
2025-09-25T02:26:17.220Z,59.4,21.1,1.929,49.6,0,60,0,0,0,0,0,0,0,0,24
2025-09-25T02:26:18.224Z,59.4,21.1,1.929,50.4,0,60,0,0,0,0,0,0,0,0,24
2025-09-25T02:26:19.226Z,59.4,21.1,1.929,49.6,0,60,0,0,0,0,0,0,0,0,24
2025-09-25T02:26:20.221Z,59.4,21.1,1.928,49.6,0,60,0,0,0,0,0,0,0,0,24
2025-09-25T02:26:21.228Z,59.4,21.1,1.929,50.4,0,60,0,0,0,0,0,0,0,0,24
2025-09-25T02:26:22.221Z,59.4,21.1,1.927,49.6,0,60,0,0,0,0,0,0,0,0,24
2025-09-25T02:26:23.225Z,59.4,21.1,1.929,50.4,0,60,0,0,0,0,0,0,0,0,24
2025-09-25T02:26:24.229Z,59.4,21.1,1.929,49.6,0,60,0,0,0,0,0,0,0,0,24
2025-09-25T02:26:25.221Z,59.4,21.1,1.928,49.6,0,60,0,0,0,0,0,0,0,0,24
2025-09-25T02:26:26.230Z,59.4,21.1,1.929,50.4,0,60,0,0,0,0,0,0,0,0,24
2025-09-25T02:26:27.229Z,59.4,21.1,1.928,49.6,0,60,0,0,0,0,0,0,0,0,24
2025-09-25T02:26:28.232Z,59.4,21.1,1.929,49.6,0,60,0,0,0,0,0,0,0,0,24
2025-09-25T02:26:29.231Z,59.4,21.1,1.929,50.4,0,60,0,0,0,0,0,0,0,0,24
2025-09-25T02:26:30.228Z,59.4,21.1,1.928,49.6,0,60,0,0,0,0,0,0,0,0,24
2025-09-25T02:26:31.235Z,59.4,21.1,1.929,49.6,0,60,0,0,0,0,0,0,0,0,24
2025-09-25T02:26:32.232Z,59.4,21.1,1.928,50.4,0,60,0,0,0,0,0,0,0,0,24
2025-09-25T02:26:33.234Z,59.4,21.1,1.928,49.6,0,60,0,0,0,0,0,0,0,0,24
2025-09-25T02:26:34.241Z,59.4,21.1,1.927,49.6,0,60,0,0,0,0,0,0,0,0,24
2025-09-25T02:26:35.232Z,59.4,21.1,1.928,50.4,0,60,0,0,0,0,0,0,0,0,24
2025-09-25T02:26:36.237Z,59.4,21.1,1.928,50.4,0,60,0,0,0,0,0,0,0,0,24
2025-09-25T02:26:37.236Z,59.4,21.1,1.928,49.6,0,60,0,0,0,0,0,0,0,0,24
2025-09-25T02:26:38.240Z,59.4,21.1,1.928,50.4,0,60,0,0,0,0,0,0,0,0,24
2025-09-25T02:26:39.236Z,59.4,21.1,1.928,50.4,0,60,0,0,0,0,0,0,0,0,24
2025-09-25T02:26:40.233Z,59.4,21.1,1.928,49.6,0,60,0,0,0,0,0,0,0,0,24
2025-09-25T02:26:41.234Z,59.4,21.1,1.928,50.4,0,60,0,0,0,0,0,0,0,0,24
2025-09-25T02:26:42.240Z,59.4,21.1,1.929,49.6,0,60,0,0,0,0,0,0,0,0,24
2025-09-25T02:26:43.243Z,59.4,21.1,1.928,50.4,0,60,0,0,0,0,0,0,0,0,24
2025-09-25T02:26:44.244Z,59.4,21.1,1.928,49.6,0,60,0,0,0,0,0,0,0,0,24
2025-09-25T02:26:45.244Z,59.4,21.1,1.927,50.4,0,60,0,0,0,0,0,0,0,0,24
2025-09-25T02:26:46.244Z,59.4,21.1,1.928,49.6,0,60,0,0,0,0,0,0,0,0,24
2025-09-25T02:26:47.241Z,59.4,21.1,1.928,49.6,0,60,0,0,0,0,0,0,0,0,24
2025-09-25T02:26:48.243Z,59.4,21.1,1.928,50.4,0,60,0,0,0,0,0,0,0,0,24
2025-09-25T02:26:49.242Z,59.4,21.1,1.928,49.6,0,60,0,0,0,0,0,0,0,0,24
2025-09-25T02:26:50.247Z,59.4,21.1,1.928,49.6,0,60,0,0,0,0,0,0,0,0,24
2025-09-25T02:26:51.248Z,59.4,21.1,1.928,50.4,0,60,0,0,0,0,0,0,0,0,24
2025-09-25T02:26:52.252Z,59.4,21.1,1.927,50.4,0,60,0,0,0,0,0,0,0,0,24
2025-09-25T02:26:53.250Z,59.4,21.1,1.928,49.6,0,60,0,0,0,0,0,0,0,0,24
2025-09-25T02:26:54.249Z,59.4,21.1,1.928,50.4,0,60,0,0,0,0,0,0,0,0,24
2025-09-25T02:26:55.253Z,59.4,21.1,1.928,49.6,0,60,0,0,0,0,0,0,0,0,24
2025-09-25T02:26:56.252Z,59.4,21.1,1.928,50.4,0,60,0,0,0,0,0,0,0,0,24
2025-09-25T02:26:57.253Z,59.4,21.1,1.928,49.6,0,60,0,0,0,0,0,0,0,0,24
2025-09-25T02:26:58.253Z,59.4,21.1,1.928,50.4,0,60,0,0,0,0,0,0,0,0,24
2025-09-25T02:26:59.258Z,59.4,21.1,1.927,49.6,0,60,0,0,0,0,0,0,0,0,24
2025-09-25T02:27:00.254Z,59.4,21.1,1.928,49.6,0,60,0,0,0,0,0,0,0,0,24
2025-09-25T02:27:01.260Z,59.4,21.1,1.927,50.4,0,60,0,0,0,0,0,0,0,0,24
2025-09-25T02:27:02.259Z,59.4,21.1,1.928,49.6,0,60,0,0,0,0,0,0,0,0,24
2025-09-25T02:27:03.258Z,59.4,21.1,1.928,49.6,0,60,0,0,0,0,0,0,0,0,24
2025-09-25T02:27:04.261Z,59.4,21.1,1.928,50.4,0,60,0,0,0,0,0,0,0,0,24
2025-09-25T02:27:05.258Z,59.4,21.1,1.928,49.6,0,60,0,0,0,0,0,0,0,0,24
2025-09-25T02:27:06.261Z,59.4,21.1,1.928,49.6,0,60,0,0,0,0,0,0,0,0,24
2025-09-25T02:27:07.264Z,59.4,21.1,1.927,50.4,0,60,0,0,0,0,0,0,0,0,24
2025-09-25T02:27:08.262Z,59.5,21.1,1.927,49.6,0,60,0,0,0,0,0,0,0,0,24
2025-09-25T02:27:09.265Z,59.5,21.1,1.927,49.6,0,60,0,0,0,0,0,0,0,0,24
2025-09-25T02:27:10.264Z,59.5,21.1,1.927,50.4,0,60,0,0,0,0,0,0,0,0,24
2025-09-25T02:27:11.268Z,59.5,21.1,1.928,49.6,0,60,0,0,0,0,0,0,0,0,24
2025-09-25T02:27:12.261Z,59.5,21.1,1.927,49.6,0,60,0,0,0,0,0,0,0,0,24
2025-09-25T02:27:13.271Z,59.5,21.1,1.927,50.4,0,60,0,0,0,0,0,0,0,0,24
2025-09-25T02:27:14.271Z,59.5,21.1,1.927,49.6,0,60,0,0,0,0,0,0,0,0,24
2025-09-25T02:27:15.271Z,59.5,21.1,1.927,49.6,0,60,0,0,0,0,0,0,0,0,24
2025-09-25T02:27:16.270Z,59.5,21.1,1.927,50.4,0,60,0,0,0,0,0,0,0,0,24
2025-09-25T02:27:17.269Z,59.5,21.1,1.928,50.4,0,60,0,0,0,0,0,0,0,0,24
2025-09-25T02:27:18.268Z,59.5,21.1,1.927,49.6,0,60,0,0,0,0,0,0,0,0,24
2025-09-25T02:27:19.265Z,59.5,21.1,1.927,50.4,0,60,0,0,0,0,0,0,0,0,24
2025-09-25T02:27:20.270Z,59.5,21.1,1.927,50.4,0,60,0,0,0,0,0,0,0,0,24
2025-09-25T02:27:21.266Z,59.5,21.1,1.927,49.6,0,60,0,0,0,0,0,0,0,0,24
2025-09-25T02:27:22.273Z,59.5,21.1,1.927,50.4,0,60,0,0,0,0,0,0,0,0,24
2025-09-25T02:27:23.271Z,59.5,21.1,1.927,50.4,0,60,0,0,0,0,0,0,0,0,24
2025-09-25T02:27:24.274Z,59.5,21.1,1.927,49.6,0,60,0,0,0,0,0,0,0,0,24
2025-09-25T02:27:25.277Z,59.5,21.1,1.927,50.4,0,60,0,0,0,0,0,0,0,0,24
2025-09-25T02:27:26.279Z,59.5,21.1,1.927,49.6,0,60,0,0,0,0,0,0,0,0,24
2025-09-25T02:27:27.280Z,59.5,21.1,1.927,50.4,0,60,0,0,0,0,0,0,0,0,24
2025-09-25T02:27:28.281Z,59.5,21.1,1.927,50.4,0,60,0,0,0,0,0,0,0,0,24
2025-09-25T02:27:29.284Z,59.5,21.1,1.926,49.6,0,60,0,0,0,0,0,0,0,0,24
2025-09-25T02:27:30.281Z,59.5,21.1,1.927,50.4,0,60,0,0,0,0,0,0,0,0,24
2025-09-25T02:27:31.284Z,59.5,21.1,1.927,49.6,0,60,0,0,0,0,0,0,0,0,24
2025-09-25T02:27:32.284Z,59.5,21.1,1.927,50.4,0,60,0,0,0,0,0,0,0,0,24
2025-09-25T02:27:33.292Z,59.5,21.1,1.926,49.6,0,60,0,0,0,0,0,0,0,0,24
2025-09-25T02:27:34.281Z,59.5,21.1,1.927,49.6,0,60,0,0,0,0,0,0,0,0,24
2025-09-25T02:27:35.288Z,59.5,21.1,1.927,50.4,0,60,0,0,0,0,0,0,0,0,24
2025-09-25T02:27:36.285Z,59.5,21.1,1.927,49.6,0,60,0,0,0,0,0,0,0,0,24
2025-09-25T02:27:37.294Z,59.5,21.1,1.926,50.4,0,60,0,0,0,0,0,0,0,0,24
2025-09-25T02:27:38.285Z,59.5,21.1,1.927,50.4,0,60,0,0,0,0,0,0,0,0,24
2025-09-25T02:27:39.290Z,59.5,21.1,1.927,49.6,0,60,0,0,0,0,0,0,0,0,24
2025-09-25T02:27:40.288Z,59.6,21.1,1.927,50.4,0,60,0,0,0,0,0,0,0,0,24
2025-09-25T02:27:41.291Z,59.6,21.1,1.927,49.6,0,60,0,0,0,0,0,0,0,0,24
2025-09-25T02:27:42.288Z,59.6,21.1,1.927,50.4,0,60,0,0,0,0,0,0,0,0,24
2025-09-25T02:27:43.290Z,59.6,21.1,1.927,49.6,0,60,0,0,0,0,0,0,0,0,24
2025-09-25T02:27:44.296Z,59.6,21.1,1.927,50.4,0,60,0,0,0,0,0,0,0,0,24
2025-09-25T02:27:45.298Z,59.6,21.1,1.926,49.6,0,60,0,0,0,0,0,0,0,0,24
2025-09-25T02:27:46.296Z,59.6,21.1,1.927,49.6,0,60,0,0,0,0,0,0,0,0,24
2025-09-25T02:27:47.292Z,59.6,21.1,1.927,50.4,0,60,0,0,0,0,0,0,0,0,24
2025-09-25T02:27:48.296Z,59.6,21.1,1.927,49.6,0,60,0,0,0,0,0,0,0,0,24
2025-09-25T02:27:49.298Z,59.6,21.1,1.927,50.4,0,60,0,0,0,0,0,0,0,0,24
2025-09-25T02:27:50.301Z,59.6,21.1,1.927,49.6,0,60,0,0,0,0,0,0,0,0,24
2025-09-25T02:27:51.300Z,59.6,21.1,1.927,50.4,0,60,0,0,0,0,0,0,0,0,24
2025-09-25T02:27:52.303Z,59.6,21.1,1.926,49.6,0,60,0,0,0,0,0,0,0,0,24
2025-09-25T02:27:53.302Z,59.6,21.1,1.927,49.6,0,60,0,0,0,0,0,0,0,0,24
2025-09-25T02:27:54.305Z,59.6,21.1,1.926,50.4,0,60,0,0,0,0,0,0,0,0,24
2025-09-25T02:27:55.302Z,59.6,21.1,1.927,49.6,0,60,0,0,0,0,0,0,0,0,24
2025-09-25T02:27:56.300Z,59.6,21.1,1.927,49.6,0,60,0,0,0,0,0,0,0,0,24
2025-09-25T02:27:57.304Z,59.6,21.1,1.927,50.4,0,60,0,0,0,0,0,0,0,0,24
2025-09-25T02:27:58.305Z,59.6,21.1,1.927,49.6,0,60,0,0,0,0,0,0,0,0,24
2025-09-25T02:27:59.305Z,59.6,21.1,1.927,49.6,0,60,0,0,0,0,0,0,0,0,24
2025-09-25T02:28:00.303Z,59.6,21.1,1.927,50.4,0,60,0,0,0,0,0,0,0,0,24
2025-09-25T02:28:01.311Z,59.7,21.1,1.927,49.6,0,60,0,0,0,0,0,0,0,0,24
2025-09-25T02:28:02.307Z,59.7,21.1,1.926,49.6,0,60,0,0,0,0,0,0,0,0,24
2025-09-25T02:28:03.311Z,59.7,21.1,1.926,50.4,0,60,0,0,0,0,0,0,0,0,24
2025-09-25T02:28:04.309Z,59.7,21.1,1.926,49.6,0,60,0,0,0,0,0,0,0,0,24
2025-09-25T02:28:05.309Z,59.7,21.1,1.927,49.6,0,60,0,0,0,0,0,0,0,0,24
2025-09-25T02:28:06.316Z,59.7,21.1,1.926,50.4,0,60,0,0,0,0,0,0,0,0,24
2025-09-25T02:28:07.319Z,59.7,21.1,1.926,49.6,0,60,0,0,0,0,0,0,0,0,24
2025-09-25T02:28:08.318Z,59.7,21.1,1.926,50.4,0,60,0,0,0,0,0,0,0,0,24
2025-09-25T02:28:09.314Z,59.7,21.1,1.926,50.4,0,60,0,0,0,0,0,0,0,0,24
2025-09-25T02:28:10.321Z,59.7,21.1,1.926,49.6,0,60,0,0,0,0,0,0,0,0,24
2025-09-25T02:28:11.320Z,59.7,21.1,1.926,50.4,0,60,0,0,0,0,0,0,0,0,24
2025-09-25T02:28:12.311Z,59.7,21.1,1.926,50.4,0,60,0,0,0,0,0,0,0,0,24
2025-09-25T02:28:13.319Z,59.7,21.1,1.926,49.6,0,60,0,0,0,0,0,0,0,0,24
2025-09-25T02:28:14.323Z,59.7,21.1,1.926,50.4,0,60,0,0,0,0,0,0,0,0,24
2025-09-25T02:28:15.319Z,59.7,21.1,1.926,49.6,0,60,0,0,0,0,0,0,0,0,24
2025-09-25T02:28:16.324Z,59.7,21.1,1.926,50.4,0,60,0,0,0,0,0,0,0,0,24
2025-09-25T02:28:17.327Z,59.7,21.1,1.925,49.6,0,60,0,0,0,0,0,0,0,0,24
2025-09-25T02:28:18.322Z,59.7,21.1,1.926,50.4,0,60,0,0,0,0,0,0,0,0,24
2025-09-25T02:28:19.325Z,59.7,21.1,1.926,50.4,0,60,0,0,0,0,0,0,0,0,24
2025-09-25T02:28:20.329Z,59.8,21.1,1.925,49.6,0,60,0,0,0,0,0,0,0,0,24
2025-09-25T02:28:21.317Z,59.8,21.1,1.926,50.4,0,60,0,0,0,0,0,0,0,0,24
2025-09-25T02:28:22.320Z,59.8,21.1,1.926,49.6,0,60,0,0,0,0,0,0,0,0,24
2025-09-25T02:28:23.320Z,59.8,21.1,1.926,50.4,0,60,0,0,0,0,0,0,0,0,24
2025-09-25T02:28:24.328Z,59.8,21.1,1.926,49.6,0,60,0,0,0,0,0,0,0,0,24
2025-09-25T02:28:25.326Z,59.8,21.1,1.926,50.4,0,60,0,0,0,0,0,0,0,0,24
2025-09-25T02:28:26.328Z,59.8,21.1,1.926,49.6,0,60,0,0,0,0,0,0,0,0,24
2025-09-25T02:28:27.328Z,59.8,21.1,1.926,49.6,0,60,0,0,0,0,0,0,0,0,24
2025-09-25T02:28:28.335Z,59.8,21.1,1.926,50.4,0,60,0,0,0,0,0,0,0,0,24
2025-09-25T02:28:29.328Z,59.8,21.1,1.926,49.6,0,60,0,0,0,0,0,0,0,0,24
2025-09-25T02:28:30.334Z,59.8,21.1,1.926,50.4,0,60,0,0,0,0,0,0,0,0,24
2025-09-25T02:28:31.337Z,59.8,21.1,1.926,50.4,0,60,0,0,0,0,0,0,0,0,24
2025-09-25T02:28:32.334Z,59.8,21.1,1.926,49.6,0,60,0,0,0,0,0,0,0,0,24
2025-09-25T02:28:33.335Z,59.8,21.1,1.926,49.6,0,60,0,0,0,0,0,0,0,0,24
2025-09-25T02:28:34.338Z,59.8,21.1,1.926,49.6,0,60,0,0,0,0,0,0,0,0,24
2025-09-25T02:28:35.336Z,59.8,21.1,1.926,50.4,0,60,0,0,0,0,0,0,0,0,24
2025-09-25T02:28:36.339Z,59.8,21.1,1.926,49.6,0,60,0,0,0,0,0,0,0,0,24
2025-09-25T02:28:37.341Z,59.8,21.1,1.926,50.4,0,60,0,0,0,0,0,0,0,0,24
2025-09-25T02:28:38.339Z,59.8,21.1,1.926,49.6,0,60,0,0,0,0,0,0,0,0,24
2025-09-25T02:28:39.338Z,59.9,21.1,1.926,50.4,0,60,0,0,0,0,0,0,0,0,24
2025-09-25T02:28:40.343Z,59.9,21.1,1.925,49.6,0,60,0,0,0,0,0,0,0,0,24
2025-09-25T02:28:41.340Z,59.9,21.1,1.926,49.6,0,60,0,0,0,0,0,0,0,0,24
2025-09-25T02:28:42.341Z,59.9,21.1,1.926,50.4,0,60,0,0,0,0,0,0,0,0,24
2025-09-25T02:28:43.342Z,59.9,21.1,1.926,49.6,0,60,0,0,0,0,0,0,0,0,24
2025-09-25T02:28:44.344Z,59.9,21.1,1.926,49.6,0,60,0,0,0,0,0,0,0,0,24
2025-09-25T02:28:45.345Z,59.9,21.1,1.925,50.4,0,60,0,0,0,0,0,0,0,0,24
2025-09-25T02:28:46.340Z,59.9,21.1,1.926,49.6,0,60,0,0,0,0,0,0,0,0,24
2025-09-25T02:28:47.340Z,59.9,21.1,1.925,50.4,0,60,0,0,0,0,0,0,0,0,24
2025-09-25T02:28:48.350Z,59.9,21.1,1.924,50.4,0,60,0,0,0,0,0,0,0,0,24
2025-09-25T02:28:49.349Z,59.9,21.1,1.925,49.6,0,60,0,0,0,0,0,0,0,0,24
2025-09-25T02:28:50.344Z,59.9,21.1,1.925,49.6,0,60,0,0,0,0,0,0,0,0,24
2025-09-25T02:28:51.356Z,59.9,21.1,1.924,49.6,0,60,0,0,0,0,0,0,0,0,24
2025-09-25T02:28:52.356Z,59.9,21.1,1.924,50.4,0,60,0,0,0,0,0,0,0,0,24
2025-09-25T02:28:53.352Z,59.9,21.1,1.925,50.4,0,60,0,0,0,0,0,0,0,0,24
2025-09-25T02:28:54.352Z,59.9,21.1,1.925,49.6,0,60,0,0,0,0,0,0,0,0,24
2025-09-25T02:28:55.349Z,60,21.1,1.925,50.4,0,60,0,0,0,0,0,0,0,0,24
2025-09-25T02:28:56.346Z,60,21.1,1.924,49.6,0,60,0,0,0,0,0,0,0,0,24
2025-09-25T02:28:57.350Z,60,21.1,1.925,50.4,0,60,0,0,0,0,0,0,0,0,24
2025-09-25T02:28:58.351Z,60,21.1,1.925,49.6,0,60,0,0,0,0,0,0,0,0,24
2025-09-25T02:28:59.351Z,60,21.1,1.924,49.6,0,60,0,0,0,0,0,0,0,0,24
2025-09-25T02:29:00.354Z,60,21.1,1.925,50.4,0,60,0,0,0,0,0,0,0,0,24
2025-09-25T02:29:01.363Z,60,21.1,1.925,49.6,0,60,0,0,0,0,0,0,0,0,24
2025-09-25T02:29:02.358Z,60,21.1,1.925,50.4,0,60,0,0,0,0,0,0,0,0,24
2025-09-25T02:29:03.359Z,60,21.1,1.924,49.6,0,60,0,0,0,0,0,0,0,0,24
2025-09-25T02:29:04.362Z,60,21.1,1.925,49.6,0,60,0,0,0,0,0,0,0,0,24
2025-09-25T02:29:05.365Z,60,21.1,1.924,50.4,0,60,0,0,0,0,0,0,0,0,24
2025-09-25T02:29:06.366Z,60,21.1,1.924,49.6,0,60,0,0,0,0,0,0,0,0,24
2025-09-25T02:29:07.365Z,60,21.1,1.924,49.6,0,60,0,0,0,0,0,0,0,0,24
2025-09-25T02:29:08.369Z,60.1,21.1,1.923,50.4,0,60,0,0,0,0,0,0,0,0,24
2025-09-25T02:29:09.364Z,60,21.1,1.924,49.6,0,60,0,0,0,0,0,0,0,0,24
2025-09-25T02:29:10.366Z,60.1,21.1,1.924,50.4,0,60,0,0,0,0,0,0,0,0,24
2025-09-25T02:29:11.371Z,60.1,21.1,1.924,50.4,0,60,0,0,0,0,0,0,0,0,24
2025-09-25T02:29:12.369Z,60.1,21.1,1.924,49.6,0,60,0,0,0,0,0,0,0,0,24
2025-09-25T02:29:13.368Z,60.1,21.1,1.924,50.4,0,60,0,0,0,0,0,0,0,0,24
2025-09-25T02:29:14.370Z,60.1,21.1,1.924,49.6,0,60,0,0,0,0,0,0,0,0,24
2025-09-25T02:29:15.369Z,60.1,21.1,1.924,49.6,0,60,0,0,0,0,0,0,0,0,24
2025-09-25T02:29:16.370Z,60.1,21.1,1.924,50.4,0,60,0,0,0,0,0,0,0,0,24
2025-09-25T02:29:17.371Z,60.1,21.1,1.924,50.4,0,60,0,0,0,0,0,0,0,0,24
2025-09-25T02:29:18.372Z,60.1,21.1,1.924,49.6,0,60,0,0,0,0,0,0,0,0,24
2025-09-25T02:29:19.375Z,60.1,21.1,1.924,50.4,0,60,0,0,0,0,0,0,0,0,24
2025-09-25T02:29:20.374Z,60.1,21.1,1.924,49.6,0,60,0,0,0,0,0,0,0,0,24
2025-09-25T02:29:21.377Z,60.2,21.1,1.924,50.4,0,60,0,0,0,0,0,0,0,0,24
2025-09-25T02:29:22.380Z,60.2,21.1,1.924,49.6,0,60,0,0,0,0,0,0,0,0,24
2025-09-25T02:29:23.379Z,60.2,21.1,1.924,50.4,0,60,0,0,0,0,0,0,0,0,24
2025-09-25T02:29:24.376Z,60.2,21.1,1.924,50.4,0,60,0,0,0,0,0,0,0,0,24
2025-09-25T02:29:25.373Z,60.2,21.1,1.923,49.6,0,60,0,0,0,0,0,0,0,0,24
2025-09-25T02:29:26.373Z,60.2,21.1,1.924,50.4,0,60,0,0,0,0,0,0,0,0,24
2025-09-25T02:29:27.380Z,60.2,21.1,1.924,49.6,0,60,0,0,0,0,0,0,0,0,24
2025-09-25T02:29:28.382Z,60.2,21.1,1.923,50.4,0,60,0,0,0,0,0,0,0,0,24
2025-09-25T02:29:29.380Z,60.2,21.1,1.924,49.6,0,60,0,0,0,0,0,0,0,0,24
2025-09-25T02:29:30.379Z,60.2,21.1,1.923,50.4,0,60,0,0,0,0,0,0,0,0,24
2025-09-25T02:29:31.382Z,60.2,21.1,1.923,49.6,0,60,0,0,0,0,0,0,0,0,24
2025-09-25T02:29:32.386Z,60.2,21.1,1.923,50.4,0,60,0,0,0,0,0,0,0,0,24
2025-09-25T02:29:33.387Z,60.2,21.1,1.923,49.6,0,60,0,0,0,0,0,0,0,0,24
2025-09-25T02:29:34.383Z,60.2,21.1,1.923,49.6,0,60,0,0,0,0,0,0,0,0,24
2025-09-25T02:29:35.382Z,60.3,21.1,1.923,50.4,0,60,0,0,0,0,0,0,0,0,24
2025-09-25T02:29:36.382Z,60.2,21.1,1.923,49.6,0,60,0,0,0,0,0,0,0,0,24
2025-09-25T02:29:37.384Z,60.3,21.1,1.923,49.6,0,60,0,0,0,0,0,0,0,0,24
2025-09-25T02:29:38.381Z,60.3,21.1,1.923,50.4,0,60,0,0,0,0,0,0,0,0,24
2025-09-25T02:29:39.394Z,60.3,21.1,1.923,49.6,0,60,0,0,0,0,0,0,0,0,24
2025-09-25T02:29:40.387Z,60.3,21.1,1.923,50.4,0,60,0,0,0,0,0,0,0,0,24
2025-09-25T02:29:41.385Z,60.3,21.1,1.923,49.6,0,60,0,0,0,0,0,0,0,0,24
2025-09-25T02:29:42.393Z,60.3,21.1,1.923,49.6,0,60,0,0,0,0,0,0,0,0,24
2025-09-25T02:29:43.392Z,60.3,21.1,1.923,50.4,0,60,0,0,0,0,0,0,0,0,24
2025-09-25T02:29:44.395Z,60.3,21.1,1.923,49.6,0,60,0,0,0,0,0,0,0,0,24
2025-09-25T02:29:45.398Z,60.3,21.1,1.923,50.4,0,60,0,0,0,0,0,0,0,0,24
2025-09-25T02:29:46.395Z,60.3,21.1,1.923,49.6,0,60,0,0,0,0,0,0,0,0,24
2025-09-25T02:29:47.399Z,60.3,21.1,1.923,49.6,0,60,0,0,0,0,0,0,0,0,24
2025-09-25T02:29:48.402Z,60.3,21.1,1.923,50.4,0,60,0,0,0,0,0,0,0,0,24
2025-09-25T02:29:49.395Z,60.3,21.1,1.923,49.6,0,60,0,0,0,0,0,0,0,0,24
2025-09-25T02:29:50.400Z,60.4,21.1,1.923,50.4,0,60,0,0,0,0,0,0,0,0,24
2025-09-25T02:29:51.400Z,60.4,21.1,1.923,50.4,0,60,0,0,0,0,0,0,0,0,24
2025-09-25T02:29:52.399Z,60.4,21.1,1.923,49.6,0,60,0,0,0,0,0,0,0,0,24
2025-09-25T02:29:53.398Z,60.4,21.1,1.923,50.4,0,59.9,0,0,0,0,0,0,0,0,24
2025-09-25T02:29:54.402Z,60.4,21.1,1.923,49.6,0,60,0,0,0,0,0,0,0,0,24
2025-09-25T02:29:55.403Z,60.4,21.1,1.923,50.4,0,60,0,0,0,0,0,0,0,0,24
2025-09-25T02:29:56.403Z,60.4,21.1,1.923,49.6,0,60,0,0,0,0,0,0,0,0,24
2025-09-25T02:29:57.404Z,60.4,21.1,1.923,49.6,0,60,0,0,0,0,0,0,0,0,24
2025-09-25T02:29:58.407Z,60.4,21.1,1.923,50.4,0,59.9,0,0,0,0,0,0,0,0,24
2025-09-25T02:29:59.403Z,60.4,21.1,1.923,49.6,0,59.9,0,0,0,0,0,0,0,0,24
2025-09-25T02:30:00.408Z,60.4,21.1,1.923,50.4,0,59.9,0,0,0,0,0,0,0,0,24
2025-09-25T02:30:01.409Z,60.4,21.1,1.923,49.6,0,60,0,0,0,0,0,0,0,0,24
2025-09-25T02:30:02.411Z,60.4,21.1,1.923,49.6,0,60,0,0,0,0,0,0,0,0,24
2025-09-25T02:30:03.405Z,60.4,21.1,1.923,50.4,0,60,0,0,0,0,0,0,0,0,24
2025-09-25T02:30:04.411Z,60.4,21.1,1.922,49.6,0,60,0,0,0,0,0,0,0,0,24
2025-09-25T02:30:05.414Z,60.5,21.1,1.922,49.6,0,60,0,0,0,0,0,0,0,0,24
2025-09-25T02:30:06.411Z,60.5,21.1,1.922,50.4,0,60,0,0,0,0,0,0,0,0,24
2025-09-25T02:30:07.414Z,60.5,21.1,1.922,49.6,0,60,0,0,0,0,0,0,0,0,24
2025-09-25T02:30:08.415Z,60.5,21.1,1.922,50.4,0,60,0,0,0,0,0,0,0,0,24
2025-09-25T02:30:09.412Z,60.5,21.1,1.922,50.4,0,60,0,0,0,0,0,0,0,0,24
2025-09-25T02:30:10.415Z,60.5,21.1,1.922,49.6,0,59.9,0,0,0,0,0,0,0,0,24
2025-09-25T02:30:11.414Z,60.5,21.1,1.922,50.4,0,60,0,0,0,0,0,0,0,0,24
2025-09-25T02:30:12.415Z,60.5,21.1,1.922,49.6,0,59.9,0,0,0,0,0,0,0,0,24
2025-09-25T02:30:13.416Z,60.5,21.1,1.922,50.4,0,59.9,0,0,0,0,0,0,0,0,24
2025-09-25T02:30:14.420Z,60.5,21.1,1.922,49.6,0,59.9,0,0,0,0,0,0,0,0,24
2025-09-25T02:30:15.409Z,60.5,21.1,1.921,49.6,0,59.9,0,0,0,0,0,0,0,0,24
2025-09-25T02:30:16.415Z,60.5,21.1,1.922,50.4,0,60,0,0,0,0,0,0,0,0,24
2025-09-25T02:30:17.418Z,60.5,21.1,1.922,50.4,0,59.9,0,0,0,0,0,0,0,0,24
2025-09-25T02:30:18.422Z,60.5,21.1,1.922,49.6,0,59.9,0,0,0,0,0,0,0,0,24
2025-09-25T02:30:19.421Z,60.5,21.1,1.922,50.4,0,59.9,0,0,0,0,0,0,0,0,24
2025-09-25T02:30:20.426Z,60.6,21.1,1.922,49.6,0,59.9,0,0,0,0,0,0,0,0,24
2025-09-25T02:30:21.425Z,60.6,21.1,1.922,50.4,0,59.9,0,0,0,0,0,0,0,0,24
2025-09-25T02:30:22.429Z,60.6,21.1,1.921,49.6,0,60,0,0,0,0,0,0,0,0,24
2025-09-25T02:30:23.427Z,60.6,21.1,1.922,50.4,0,59.9,0,0,0,0,0,0,0,0,24
2025-09-25T02:30:24.430Z,60.6,21.1,1.922,50.4,0,59.9,0,0,0,0,0,0,0,0,24
2025-09-25T02:30:25.433Z,60.6,21.1,1.921,49.6,0,60,0,0,0,0,0,0,0,0,24
2025-09-25T02:30:26.427Z,60.6,21.1,1.922,50.4,0,59.9,0,0,0,0,0,0,0,0,24
2025-09-25T02:30:27.431Z,60.6,21.1,1.922,49.6,0,59.9,0,0,0,0,0,0,0,0,24
2025-09-25T02:30:28.433Z,60.6,21.1,1.922,50.4,0,60,0,0,0,0,0,0,0,0,24
2025-09-25T02:30:29.437Z,60.6,21.1,1.921,49.6,0,59.9,0,0,0,0,0,0,0,0,24
2025-09-25T02:30:30.436Z,60.6,21.1,1.922,50.4,0,59.9,0,0,0,0,0,0,0,0,24
2025-09-25T02:30:31.427Z,60.6,21.1,1.922,49.6,0,59.9,0,0,0,0,0,0,0,0,24
2025-09-25T02:30:32.439Z,60.6,21.1,1.922,50.4,0,59.9,0,0,0,0,0,0,0,0,24
2025-09-25T02:30:33.437Z,60.6,21.1,1.922,49.6,0,59.9,0,0,0,0,0,0,0,0,24
2025-09-25T02:30:34.437Z,60.6,21.1,1.922,50.4,0,59.9,0,0,0,0,0,0,0,0,24
2025-09-25T02:30:35.441Z,60.6,21.1,1.922,49.6,0,59.9,0,0,0,0,0,0,0,0,24
2025-09-25T02:30:36.442Z,60.6,21.1,1.922,50.4,0,59.9,0,0,0,0,0,0,0,0,24
2025-09-25T02:30:37.441Z,60.7,21.1,1.921,49.6,0,59.9,0,0,0,0,0,0,0,0,24
2025-09-25T02:30:38.441Z,60.7,21.1,1.922,50.4,0,59.9,0,0,0,0,0,0,0,0,24
2025-09-25T02:30:39.443Z,60.7,21.1,1.921,49.6,0,59.9,0,0,0,0,0,0,0,0,24
2025-09-25T02:30:40.442Z,60.7,21.1,1.921,50.4,0,59.9,0,0,0,0,0,0,0,0,24
2025-09-25T02:30:41.447Z,60.7,21.1,1.921,49.6,0,59.9,0,0,0,0,0,0,0,0,24
2025-09-25T02:30:42.442Z,60.7,21.1,1.921,49.6,0,59.9,0,0,0,0,0,0,0,0,24
2025-09-25T02:30:43.445Z,60.7,21.1,1.922,49.6,0,59.9,0,0,0,0,0,0,0,0,24
2025-09-25T02:30:44.444Z,60.7,21.1,1.922,50.4,0,59.9,0,0,0,0,0,0,0,0,24
2025-09-25T02:30:45.447Z,60.7,21.1,1.921,49.6,0,59.9,0,0,0,0,0,0,0,0,24
2025-09-25T02:30:46.442Z,60.7,21.1,1.921,49.6,0,59.9,0,0,0,0,0,0,0,0,24
2025-09-25T02:30:47.440Z,60.7,21.1,1.921,50.4,0,59.9,0,0,0,0,0,0,0,0,24
2025-09-25T02:30:48.449Z,60.7,21.1,1.922,49.6,0,59.9,0,0,0,0,0,0,0,0,24
2025-09-25T02:30:49.449Z,60.7,21.1,1.922,50.4,0,59.9,0,0,0,0,0,0,0,0,24
2025-09-25T02:30:50.447Z,60.7,21.1,1.921,50.4,0,59.9,0,0,0,0,0,0,0,0,24
2025-09-25T02:30:51.447Z,60.7,21.1,1.921,49.6,0,59.9,0,0,0,0,0,0,0,0,24
2025-09-25T02:30:52.451Z,60.8,21.1,1.921,49.6,0,59.9,0,0,0,0,0,0,0,0,24
2025-09-25T02:30:53.455Z,60.8,21.1,1.921,49.6,0,59.9,0,0,0,0,0,0,0,0,24
2025-09-25T02:30:54.458Z,60.8,21.1,1.92,50.4,0,59.9,0,0,0,0,0,0,0,0,24
2025-09-25T02:30:55.453Z,60.8,21.1,1.921,49.6,0,59.9,0,0,0,0,0,0,0,0,24
2025-09-25T02:30:56.455Z,60.8,21.1,1.921,49.6,0,59.9,0,0,0,0,0,0,0,0,24
2025-09-25T02:30:57.454Z,60.8,21.1,1.921,50.4,0,59.9,0,0,0,0,0,0,0,0,24
2025-09-25T02:30:58.459Z,60.8,21.1,1.921,49.6,0,59.9,0,0,0,0,0,0,0,0,24
2025-09-25T02:30:59.454Z,60.8,21.1,1.921,50.4,0,59.9,0,0,0,0,0,0,0,0,24
2025-09-25T02:31:00.461Z,60.8,21.1,1.921,49.6,0,59.9,0,0,0,0,0,0,0,0,24
2025-09-25T02:31:01.459Z,60.8,21.1,1.921,49.6,0,59.9,0,0,0,0,0,0,0,0,24
2025-09-25T02:31:02.461Z,60.8,21.1,1.92,50.4,0,59.9,0,0,0,0,0,0,0,0,24
2025-09-25T02:31:03.462Z,60.8,21.1,1.921,49.6,0,59.9,0,0,0,0,0,0,0,0,24
2025-09-25T02:31:04.463Z,60.8,21.1,1.921,50.4,0,59.9,0,0,0,0,0,0,0,0,24
2025-09-25T02:31:05.461Z,60.8,21.1,1.92,50.4,0,59.9,0,0,0,0,0,0,0,0,24
2025-09-25T02:31:06.461Z,60.8,21.1,1.921,49.6,0,59.9,0,0,0,0,0,0,0,0,24
2025-09-25T02:31:07.462Z,60.8,21.1,1.92,50.4,0,59.9,0,0,0,0,0,0,0,0,24
2025-09-25T02:31:08.461Z,60.8,21.1,1.92,49.6,0,59.9,0,0,0,0,0,0,0,0,24
2025-09-25T02:31:09.459Z,60.8,21.1,1.92,50.4,0,59.9,0,0,0,0,0,0,0,0,24
2025-09-25T02:31:10.459Z,60.8,21.1,1.92,49.6,0,59.9,0,0,0,0,0,0,0,0,24
2025-09-25T02:31:11.465Z,60.9,21.1,1.92,50.4,0,59.9,0,0,0,0,0,0,0,0,24
2025-09-25T02:31:12.465Z,60.8,21.1,1.92,49.6,0,59.9,0,0,0,0,0,0,0,0,24
2025-09-25T02:31:13.466Z,60.9,21.1,1.92,50.4,0,59.9,0,0,0,0,0,0,0,0,24
2025-09-25T02:31:14.468Z,60.9,21.1,1.92,49.6,0,59.9,0,0,0,0,0,0,0,0,24
2025-09-25T02:31:15.472Z,60.9,21.1,1.92,49.6,0,59.9,0,0,0,0,0,0,0,0,24
2025-09-25T02:31:16.472Z,60.9,21.1,1.92,50.4,0,59.9,0,0,0,0,0,0,0,0,24
2025-09-25T02:31:17.465Z,60.9,21.1,1.92,49.6,0,59.9,0,0,0,0,0,0,0,0,24
2025-09-25T02:31:18.474Z,60.9,21.1,1.92,50.4,0,59.9,0,0,0,0,0,0,0,0,24
2025-09-25T02:31:19.475Z,60.9,21.1,1.92,49.6,0,59.9,0,0,0,0,0,0,0,0,24
2025-09-25T02:31:20.478Z,60.9,21.1,1.92,50.4,0,59.9,0,0,0,0,0,0,0,0,24
2025-09-25T02:31:21.473Z,60.9,21.1,1.92,49.6,0,59.9,0,0,0,0,0,0,0,0,24
2025-09-25T02:31:22.474Z,60.9,21.1,1.92,50.4,0,59.9,0,0,0,0,0,0,0,0,24
2025-09-25T02:31:23.475Z,60.9,21.1,1.92,49.6,0,59.9,0,0,0,0,0,0,0,0,24
2025-09-25T02:31:24.479Z,60.9,21.1,1.92,49.6,0,59.9,0,0,0,0,0,0,0,0,24
2025-09-25T02:31:25.474Z,60.9,21.1,1.92,50.4,0,59.9,0,0,0,0,0,0,0,0,24
2025-09-25T02:31:26.477Z,60.9,21.1,1.92,49.6,0,59.9,0,0,0,0,0,0,0,0,24
2025-09-25T02:31:27.478Z,60.9,21.1,1.92,50.4,0,59.9,0,0,0,0,0,0,0,0,24
2025-09-25T02:31:28.477Z,60.9,21.1,1.92,50.4,0,59.9,0,0,0,0,0,0,0,0,24
2025-09-25T02:31:29.484Z,60.9,21.1,1.92,49.6,0,59.9,0,0,0,0,0,0,0,0,24
2025-09-25T02:31:30.479Z,60.9,21.1,1.92,50.4,0,59.9,0,0,0,0,0,0,0,0,24
2025-09-25T02:31:31.480Z,60.9,21.1,1.92,49.6,0,59.9,0,0,0,0,0,0,0,0,24
2025-09-25T02:31:32.478Z,61,21.1,1.92,50.4,0,59.9,0,0,0,0,0,0,0,0,24
2025-09-25T02:31:33.479Z,61,21.1,1.92,49.6,0,59.9,0,0,0,0,0,0,0,0,24
2025-09-25T02:31:34.483Z,61,21.1,1.92,49.6,0,60,0,0,0,0,0,0,0,0,24
2025-09-25T02:31:35.483Z,61,21.1,1.92,50.4,0,59.9,0,0,0,0,0,0,0,0,24
2025-09-25T02:31:36.483Z,61,21.1,1.92,49.6,0,59.9,0,0,0,0,0,0,0,0,24
2025-09-25T02:31:37.487Z,61,21.1,1.92,50.4,0,59.9,0,0,0,0,0,0,0,0,24
2025-09-25T02:31:38.489Z,61,21.1,1.92,49.6,0,59.9,0,0,0,0,0,0,0,0,24
2025-09-25T02:31:39.486Z,61,21.1,1.92,50.4,0,59.9,0,0,0,0,0,0,0,0,24
2025-09-25T02:31:40.487Z,61,21.1,1.92,49.6,0,59.9,0,0,0,0,0,0,0,0,24
2025-09-25T02:31:41.488Z,61,21.1,1.92,49.6,0,59.9,0,0,0,0,0,0,0,0,24
2025-09-25T02:31:42.488Z,61,21.1,1.92,50.4,0,59.9,0,0,0,0,0,0,0,0,24
2025-09-25T02:31:43.484Z,61,21.1,1.92,49.6,0,59.9,0,0,0,0,0,0,0,0,24
2025-09-25T02:31:44.488Z,61,21.1,1.92,49.6,0,59.9,0,0,0,0,0,0,0,0,24
2025-09-25T02:31:45.492Z,61,21.1,1.92,50.4,0,59.9,0,0,0,0,0,0,0,0,24
2025-09-25T02:31:46.491Z,61,21.1,1.92,49.6,0,59.9,0,0,0,0,0,0,0,0,24
2025-09-25T02:31:47.498Z,61,21.1,1.92,50.4,0,60,0,0,0,0,0,0,0,0,24
2025-09-25T02:31:48.497Z,61,21.1,1.92,49.6,0,59.9,0,0,0,0,0,0,0,0,24
2025-09-25T02:31:49.496Z,61,21.1,1.92,49.6,0,59.9,0,0,0,0,0,0,0,0,24
2025-09-25T02:31:50.495Z,61,21.1,1.92,50.4,0,59.9,0,0,0,0,0,0,0,0,24
2025-09-25T02:31:51.495Z,61,21.1,1.92,49.6,0,59.9,0,0,0,0,0,0,0,0,24
2025-09-25T02:31:52.499Z,61,21.1,1.92,49.6,0,59.9,0,0,0,0,0,0,0,0,24
2025-09-25T02:31:53.496Z,61,21.1,1.92,50.4,0,60,0,0,0,0,0,0,0,0,24
2025-09-25T02:31:54.503Z,61,21.1,1.92,50.4,0,60,0,0,0,0,0,0,0,0,24
2025-09-25T02:31:55.501Z,61,21.1,1.92,49.6,0,59.9,0,0,0,0,0,0,0,0,24
2025-09-25T02:31:56.504Z,61,21.1,1.92,50.4,0,59.9,0,0,0,0,0,0,0,0,24
2025-09-25T02:31:57.505Z,61,21.1,1.92,49.6,0,59.9,0,0,0,0,0,0,0,0,24
2025-09-25T02:31:58.506Z,61,21.1,1.92,49.6,0,59.9,0,0,0,0,0,0,0,0,24
2025-09-25T02:31:59.503Z,61,21.1,1.92,50.4,0,59.9,0,0,0,0,0,0,0,0,24
2025-09-25T02:32:00.514Z,61,21.1,1.919,50.4,0,59.9,0,0,0,0,0,0,0,0,24
2025-09-25T02:32:01.503Z,61,21.1,1.92,49.6,0,60,0,0,0,0,0,0,0,0,24
2025-09-25T02:32:02.503Z,61,21.1,1.92,50.4,0,59.9,0,0,0,0,0,0,0,0,24
2025-09-25T02:32:03.502Z,61,21.1,1.92,49.6,0,59.9,0,0,0,0,0,0,0,0,24
2025-09-25T02:32:04.511Z,61,21.1,1.92,50.4,0,59.9,0,0,0,0,0,0,0,0,24
2025-09-25T02:32:05.511Z,61,21.1,1.92,50.4,0,59.9,0,0,0,0,0,0,0,0,24
2025-09-25T02:32:06.509Z,61,21.1,1.92,49.6,0,59.9,0,0,0,0,0,0,0,0,24
2025-09-25T02:32:07.512Z,61,21.1,1.92,50.4,0,59.9,0,0,0,0,0,0,0,0,24
2025-09-25T02:32:08.513Z,61,21.1,1.92,49.6,0,60,0,0,0,0,0,0,0,0,24
2025-09-25T02:32:09.517Z,61,21.1,1.92,50.4,0,59.9,0,0,0,0,0,0,0,0,24
2025-09-25T02:32:10.517Z,61,21.1,1.92,49.6,0,59.9,0,0,0,0,0,0,0,0,24
2025-09-25T02:32:11.515Z,61,21.1,1.92,49.6,0,59.9,0,0,0,0,0,0,0,0,24
2025-09-25T02:32:12.515Z,61,21.1,1.92,50.4,0,59.9,0,0,0,0,0,0,0,0,24
2025-09-25T02:32:13.517Z,61,21.1,1.92,49.6,0,59.9,0,0,0,0,0,0,0,0,24
2025-09-25T02:32:14.520Z,61,21.1,1.92,50.4,0,59.9,0,0,0,0,0,0,0,0,24
2025-09-25T02:32:15.515Z,61,21.1,1.92,50.4,0,59.9,0,0,0,0,0,0,0,0,24
2025-09-25T02:32:16.520Z,61,21.1,1.92,49.6,0,59.9,0,0,0,0,0,0,0,0,24
2025-09-25T02:32:17.514Z,61,21.1,1.919,50.4,0,59.9,0,0,0,0,0,0,0,0,24
2025-09-25T02:32:18.521Z,61,21.1,1.92,49.6,0,59.9,0,0,0,0,0,0,0,0,24
2025-09-25T02:32:19.522Z,61,21.1,1.92,50.4,0,59.9,0,0,0,0,0,0,0,0,24
2025-09-25T02:32:20.520Z,61,21.1,1.92,49.6,0,60,0,0,0,0,0,0,0,0,24
2025-09-25T02:32:21.522Z,61,21.1,1.92,49.6,0,60,0,0,0,0,0,0,0,0,24
2025-09-25T02:32:22.523Z,61,21.1,1.92,50.4,0,59.9,0,0,0,0,0,0,0,0,24
2025-09-25T02:32:23.521Z,61,21.1,1.92,49.6,0,59.9,0,0,0,0,0,0,0,0,24
2025-09-25T02:32:24.522Z,61,21.1,1.92,50.4,0,59.9,0,0,0,0,0,0,0,0,24
2025-09-25T02:32:25.527Z,61,21.1,1.92,49.6,0,60,0,0,0,0,0,0,0,0,24
2025-09-25T02:32:26.530Z,61,21.1,1.92,50.4,0,59.9,0,0,0,0,0,0,0,0,24
2025-09-25T02:32:27.525Z,61,21.1,1.919,49.6,0,59.9,0,0,0,0,0,0,0,0,24
2025-09-25T02:32:28.527Z,61,21.1,1.92,49.6,0,60,0,0,0,0,0,0,0,0,24
2025-09-25T02:32:29.522Z,61,21.1,1.92,50.4,0,60,0,0,0,0,0,0,0,0,24
2025-09-25T02:32:30.524Z,61,21.1,1.92,49.6,0,60,0,0,0,0,0,0,0,0,24
2025-09-25T02:32:31.532Z,61,21.1,1.92,50.4,0,60,0,0,0,0,0,0,0,0,24
2025-09-25T02:32:32.525Z,61,21.1,1.919,50.4,0,60,0,0,0,0,0,0,0,0,24
2025-09-25T02:32:33.537Z,61,21.1,1.92,49.6,0,60,0,0,0,0,0,0,0,0,24
2025-09-25T02:32:34.530Z,61,21.1,1.92,50.4,0,60,0,0,0,0,0,0,0,0,24
2025-09-25T02:32:35.534Z,61,21.1,1.92,49.6,0,60,0,0,0,0,0,0,0,0,24
2025-09-25T02:32:36.534Z,61,21.1,1.92,50.4,0,60,0,0,0,0,0,0,0,0,24
2025-09-25T02:32:37.533Z,61,21.1,1.92,49.6,0,60,0,0,0,0,0,0,0,0,24
2025-09-25T02:32:38.540Z,61,21.1,1.92,50.4,0,60,0,0,0,0,0,0,0,0,24
2025-09-25T02:32:39.531Z,61,21.1,1.92,49.6,0,60,0,0,0,0,0,0,0,0,24
2025-09-25T02:32:40.530Z,61,21.1,1.919,50.4,0,60,0,0,0,0,0,0,0,0,24
2025-09-25T02:32:41.538Z,61,21.1,1.92,49.6,0,60,0,0,0,0,0,0,0,0,24
2025-09-25T02:32:42.542Z,61,21.1,1.92,50.4,0,60,0,0,0,0,0,0,0,0,24
2025-09-25T02:32:43.538Z,61,21.1,1.92,49.6,0,60,0,0,0,0,0,0,0,0,24
2025-09-25T02:32:44.540Z,61,21.1,1.92,50.4,0,60,0,0,0,0,0,0,0,0,24
2025-09-25T02:32:45.546Z,61,21.1,1.92,49.6,0,60,0,0,0,0,0,0,0,0,24
2025-09-25T02:32:46.542Z,61,21.1,1.92,50.4,0,60,0,0,0,0,0,0,0,0,24
2025-09-25T02:32:47.541Z,61,21.1,1.92,49.6,0,60,0,0,0,0,0,0,0,0,24
2025-09-25T02:32:48.547Z,61,21.1,1.92,50.4,0,60,0,0,0,0,0,0,0,0,24
2025-09-25T02:32:49.542Z,61,21.1,1.92,49.6,0,60,0,0,0,0,0,0,0,0,24
2025-09-25T02:32:50.543Z,61,21.1,1.92,50.4,0,60,0,0,0,0,0,0,0,0,24
2025-09-25T02:32:51.541Z,61,21.1,1.919,49.6,0,60,0,0,0,0,0,0,0,0,24
2025-09-25T02:32:52.544Z,61,21.1,1.92,50.4,0,60,0,0,0,0,0,0,0,0,24
2025-09-25T02:32:53.551Z,61,21.1,1.92,49.6,0,60,0,0,0,0,0,0,0,0,24
2025-09-25T02:32:54.555Z,61,21.1,1.92,50.4,0,60,0,0,0,0,0,0,0,0,24
2025-09-25T02:32:55.553Z,61,21.1,1.92,49.6,0,60,0,0,0,0,0,0,0,0,24
2025-09-25T02:32:56.542Z,61,21.1,1.92,50.4,0,60,0,0,0,0,0,0,0,0,24
2025-09-25T02:32:57.544Z,61,21.1,1.92,49.6,0,60,0,0,0,0,0,0,0,0,24
2025-09-25T02:32:58.549Z,61,21.1,1.92,50.4,0,60,0,0,0,0,0,0,0,0,24
2025-09-25T02:32:59.547Z,61,21.1,1.919,49.6,0,60,0,0,0,0,0,0,0,0,24
2025-09-25T02:33:00.548Z,61,21.1,1.92,50.4,0,60,0,0,0,0,0,0,0,0,24
2025-09-25T02:33:01.557Z,61,21.1,1.92,49.6,0,60,0,0,0,0,0,0,0,0,24
2025-09-25T02:33:02.554Z,61,21.1,1.92,50.4,0,60,0,0,0,0,0,0,0,0,24
2025-09-25T02:33:03.553Z,61,21.1,1.92,49.6,0,60,0,0,0,0,0,0,0,0,24
2025-09-25T02:33:04.551Z,61,21.1,1.92,50.4,0,60,0,0,0,0,0,0,0,0,24
2025-09-25T02:33:05.551Z,61,21.1,1.92,49.6,0,60,0,0,0,0,0,0,0,0,24
2025-09-25T02:33:06.553Z,61,21.1,1.92,50.4,0,60,0,0,0,0,0,0,0,0,24
2025-09-25T02:33:07.561Z,61,21.1,1.92,49.6,0,60,0,0,0,0,0,0,0,0,24
2025-09-25T02:33:08.559Z,61,21.1,1.92,50.4,0,60,0,0,0,0,0,0,0,0,24
2025-09-25T02:33:09.562Z,61,21.1,1.92,49.6,0,60,0,0,0,0,0,0,0,0,24
2025-09-25T02:33:10.554Z,61,21.1,1.92,49.6,0,60,0,0,0,0,0,0,0,0,24
2025-09-25T02:33:11.556Z,61,21.1,1.92,50.4,0,60,0,0,0,0,0,0,0,0,24
2025-09-25T02:33:12.557Z,61,21.1,1.92,49.6,0,60,0,0,0,0,0,0,0,0,24
2025-09-25T02:33:13.551Z,61,21.1,1.92,50.4,0,60,0,0,0,0,0,0,0,0,24
2025-09-25T02:33:14.563Z,61,21.1,1.92,49.6,0,60,0,0,0,0,0,0,0,0,24
2025-09-25T02:33:15.562Z,61,21.1,1.92,49.6,0,60,0,0,0,0,0,0,0,0,24
2025-09-25T02:33:16.560Z,61,21.1,1.92,49.6,0,60,0,0,0,0,0,0,0,0,24
2025-09-25T02:33:17.569Z,61,21.1,1.92,50.4,0,60,0,0,0,0,0,0,0,0,24
2025-09-25T02:33:18.565Z,60.9,21.1,1.92,49.6,0,60,0,0,0,0,0,0,0,0,24
2025-09-25T02:33:19.569Z,60.9,21.1,1.92,50.4,0,60,0,0,0,0,0,0,0,0,24
2025-09-25T02:33:20.559Z,61,21.1,1.92,49.6,0,60,0,0,0,0,0,0,0,0,24
2025-09-25T02:33:21.565Z,60.9,21.1,1.92,50.4,0,60,0,0,0,0,0,0,0,0,24
2025-09-25T02:33:22.572Z,60.9,21.1,1.92,49.6,0,60,0,0,0,0,0,0,0,0,24
2025-09-25T02:33:23.570Z,60.9,21.1,1.92,50.4,0,60,0,0,0,0,0,0,0,0,24
2025-09-25T02:33:24.571Z,60.9,21.1,1.92,49.6,0,60,0,0,0,0,0,0,0,0,24
2025-09-25T02:33:25.574Z,60.9,21.1,1.92,50.4,0,60,0,0,0,0,0,0,0,0,24
2025-09-25T02:33:26.573Z,60.9,21.1,1.92,49.6,0,60,0,0,0,0,0,0,0,0,24
2025-09-25T02:33:27.575Z,60.9,21.1,1.92,50.4,0,60,0,0,0,0,0,0,0,0,24
2025-09-25T02:33:28.576Z,60.9,21.1,1.92,49.6,0,60,0,0,0,0,0,0,0,0,24
2025-09-25T02:33:29.577Z,60.9,21.1,1.92,50.4,0,60,0,0,0,0,0,0,0,0,24
2025-09-25T02:33:30.575Z,60.9,21.1,1.92,49.6,0,60,0,0,0,0,0,0,0,0,24
2025-09-25T02:33:31.574Z,60.9,21.1,1.92,49.6,0,60,0,0,0,0,0,0,0,0,24
2025-09-25T02:33:32.579Z,60.9,21.1,1.92,49.6,0,60,0,0,0,0,0,0,0,0,24
2025-09-25T02:33:33.584Z,60.9,21.1,1.92,50.4,0,60,0,0,0,0,0,0,0,0,24
2025-09-25T02:33:34.578Z,60.9,21.1,1.92,49.6,0,60,0,0,0,0,0,0,0,0,24
2025-09-25T02:33:35.580Z,60.9,21.1,1.92,50.4,0,60,0,0,0,0,0,0,0,0,24
2025-09-25T02:33:36.589Z,60.9,21.1,1.92,50.4,0,60,0,0,0,0,0,0,0,0,24
2025-09-25T02:33:37.585Z,60.9,21.1,1.92,49.6,0,60,0,0,0,0,0,0,0,0,24
2025-09-25T02:33:38.584Z,60.9,21.1,1.92,49.6,0,60,0,0,0,0,0,0,0,0,24
2025-09-25T02:33:39.583Z,60.9,21.1,1.92,49.6,0,60,0,0,0,0,0,0,0,0,24
2025-09-25T02:33:40.588Z,60.9,21.1,1.92,50.4,0,60,0,0,0,0,0,0,0,0,24
2025-09-25T02:33:41.584Z,60.8,21.1,1.92,49.6,0,60,0,0,0,0,0,0,0,0,24
2025-09-25T02:33:42.578Z,60.8,21.1,1.92,50.4,0,60,0,0,0,0,0,0,0,0,24
2025-09-25T02:33:43.578Z,60.8,21.1,1.92,50.4,0,60,0,0,0,0,0,0,0,0,24
2025-09-25T02:33:44.588Z,60.8,21.1,1.92,49.6,0,60,0,0,0,0,0,0,0,0,24
2025-09-25T02:33:45.588Z,60.8,21.1,1.92,49.6,0,60,0,0,0,0,0,0,0,0,24
2025-09-25T02:33:46.589Z,60.8,21.1,1.92,49.6,0,60,0,0,0,0,0,0,0,0,24
2025-09-25T02:33:47.591Z,60.8,21.1,1.92,50.4,0,60,0,0,0,0,0,0,0,0,24
2025-09-25T02:33:48.588Z,60.8,21.1,1.92,49.6,0,60,0,0,0,0,0,0,0,0,24
2025-09-25T02:33:49.595Z,60.8,21.1,1.921,50.4,0,60,0,0,0,0,0,0,0,0,24
2025-09-25T02:33:50.591Z,60.8,21.1,1.92,50.4,0,60,0,0,0,0,0,0,0,0,24
2025-09-25T02:33:51.595Z,60.8,21.1,1.92,49.6,0,60,0,0,0,0,0,0,0,0,24
2025-09-25T02:33:52.599Z,60.8,21.1,1.921,49.6,0,60,0,0,0,0,0,0,0,0,24
2025-09-25T02:33:53.593Z,60.8,21.1,1.92,49.6,0,60,0,0,0,0,0,0,0,0,24
2025-09-25T02:33:54.600Z,60.8,21.1,1.92,50.4,0,60,0,0,0,0,0,0,0,0,24
2025-09-25T02:33:55.594Z,60.8,21.1,1.92,49.6,0,60,0,0,0,0,0,0,0,0,24
2025-09-25T02:33:56.596Z,60.8,21.1,1.92,49.6,0,60,0,0,0,0,0,0,0,0,24
2025-09-25T02:33:57.597Z,60.8,21.1,1.92,50.4,0,60,0,0,0,0,0,0,0,0,24
2025-09-25T02:33:58.598Z,60.8,21.1,1.92,49.6,0,60,0,0,0,0,0,0,0,0,24
2025-09-25T02:33:59.603Z,60.8,21.1,1.92,49.6,0,60,0,0,0,0,0,0,0,0,24
2025-09-25T02:34:00.596Z,60.8,21.1,1.92,50.4,0,60,0,0,0,0,0,0,0,0,24
2025-09-25T02:34:01.602Z,60.7,21.1,1.92,50.4,0,60,0,0,0,0,0,0,0,0,24
2025-09-25T02:34:02.594Z,60.7,21.1,1.92,49.6,0,60,0,0,0,0,0,0,0,0,24
2025-09-25T02:34:03.603Z,60.7,21.1,1.92,50.4,0,60.1,0,0,0,0,0,0,0,0,24
2025-09-25T02:34:04.603Z,60.7,21.1,1.92,49.6,0,60,0,0,0,0,0,0,0,0,24
2025-09-25T02:34:05.602Z,60.7,21.1,1.921,50.4,0,60,0,0,0,0,0,0,0,0,24
2025-09-25T02:34:06.598Z,60.7,21.1,1.921,49.6,0,60.1,0,0,0,0,0,0,0,0,24
2025-09-25T02:34:07.598Z,60.7,21.1,1.921,49.6,0,60,0,0,0,0,0,0,0,0,24
2025-09-25T02:34:08.606Z,60.7,21.1,1.921,50.4,0,60.1,0,0,0,0,0,0,0,0,24
2025-09-25T02:34:09.606Z,60.7,21.1,1.921,49.6,0,60.1,0,0,0,0,0,0,0,0,24
2025-09-25T02:34:10.604Z,60.7,21.1,1.921,50.4,0,60,0,0,0,0,0,0,0,0,24
2025-09-25T02:34:11.607Z,60.7,21.1,1.921,49.6,0,60.1,0,0,0,0,0,0,0,0,24
2025-09-25T02:34:12.607Z,60.7,21.1,1.92,49.6,0,60.1,0,0,0,0,0,0,0,0,24
2025-09-25T02:34:13.608Z,60.7,21.1,1.921,50.4,0,60.1,0,0,0,0,0,0,0,0,24
2025-09-25T02:34:14.610Z,60.7,21.1,1.921,49.6,0,60.1,0,0,0,0,0,0,0,0,24
2025-09-25T02:34:15.614Z,60.7,21.1,1.921,49.6,0,60.1,0,0,0,0,0,0,0,0,24
2025-09-25T02:34:16.614Z,60.7,21.1,1.92,50.4,0,60.1,0,0,0,0,0,0,0,0,24
2025-09-25T02:34:17.609Z,60.7,21.1,1.921,50.4,0,60.1,0,0,0,0,0,0,0,0,24
2025-09-25T02:34:18.606Z,60.7,21.1,1.921,49.6,0,60.1,0,0,0,0,0,0,0,0,24
2025-09-25T02:34:19.616Z,60.7,21.1,1.921,50.4,0,60.1,0,0,0,0,0,0,0,0,24
2025-09-25T02:34:20.622Z,60.7,21.1,1.922,49.6,0,60.1,0,0,0,0,0,0,0,0,24
2025-09-25T02:34:21.622Z,60.7,21.1,1.922,49.6,0,60.1,0,0,0,0,0,0,0,0,24
2025-09-25T02:34:22.622Z,60.6,21.1,1.922,50.4,0,60.1,0,0,0,0,0,0,0,0,24
2025-09-25T02:34:23.619Z,60.6,21.1,1.921,50.4,0,60.1,0,0,0,0,0,0,0,0,24
2025-09-25T02:34:24.622Z,60.6,21.1,1.921,49.6,0,60.1,0,0,0,0,0,0,0,0,24
2025-09-25T02:34:25.620Z,60.6,21.1,1.921,50.4,0,60.1,0,0,0,0,0,0,0,0,24
2025-09-25T02:34:26.619Z,60.6,21.1,1.921,49.6,0,60.1,0,0,0,0,0,0,0,0,24
2025-09-25T02:34:27.622Z,60.6,21.1,1.921,49.6,0,60.1,0,0,0,0,0,0,0,0,24
2025-09-25T02:34:28.626Z,60.6,21.1,1.922,50.4,0,60.1,0,0,0,0,0,0,0,0,24
2025-09-25T02:34:29.624Z,60.6,21.1,1.921,49.6,0,60.1,0,0,0,0,0,0,0,0,24
2025-09-25T02:34:30.623Z,60.6,21.1,1.921,49.6,0,60.1,0,0,0,0,0,0,0,0,24
2025-09-25T02:34:31.627Z,60.6,21.1,1.921,50.4,0,60.1,0,0,0,0,0,0,0,0,24
2025-09-25T02:34:32.627Z,60.6,21.1,1.921,49.6,0,60.1,0,0,0,0,0,0,0,0,24
2025-09-25T02:34:33.625Z,60.6,21.1,1.921,49.6,0,60.1,0,0,0,0,0,0,0,0,24
2025-09-25T02:34:34.626Z,60.6,21.1,1.921,50.4,0,60.1,0,0,0,0,0,0,0,0,24
2025-09-25T02:34:35.631Z,60.6,21.1,1.922,49.6,0,60.1,0,0,0,0,0,0,0,0,24
2025-09-25T02:34:36.629Z,60.6,21.1,1.921,49.6,0,60.1,0,0,0,0,0,0,0,0,24
2025-09-25T02:34:37.630Z,60.6,21.1,1.921,50.4,0,60.1,0,0,0,0,0,0,0,0,24
2025-09-25T02:34:38.630Z,60.6,21.1,1.921,50.4,0,60.1,0,0,0,0,0,0,0,0,24
2025-09-25T02:34:39.629Z,60.6,21.1,1.921,49.6,0,60.1,0,0,0,0,0,0,0,0,24
2025-09-25T02:34:40.631Z,60.6,21.1,1.921,50.4,0,60.1,0,0,0,0,0,0,0,0,24
2025-09-25T02:34:41.631Z,60.6,21.1,1.921,50.4,0,60.1,0,0,0,0,0,0,0,0,24
2025-09-25T02:34:42.632Z,60.6,21.1,1.921,49.6,0,60.1,0,0,0,0,0,0,0,0,24
2025-09-25T02:34:43.636Z,60.5,21.1,1.922,50.4,0,60.1,0,0,0,0,0,0,0,0,24
2025-09-25T02:34:44.635Z,60.5,21.1,1.921,49.6,0,60.1,0,0,0,0,0,0,0,0,24
2025-09-25T02:34:45.636Z,60.5,21.1,1.921,49.6,0,60.1,0,0,0,0,0,0,0,0,24
2025-09-25T02:34:46.634Z,60.5,21.1,1.921,50.4,0,60.1,0,0,0,0,0,0,0,0,24
2025-09-25T02:34:47.632Z,60.5,21.1,1.921,49.6,0,60.1,0,0,0,0,0,0,0,0,24
2025-09-25T02:34:48.636Z,60.5,21.1,1.921,49.6,0,60.1,0,0,0,0,0,0,0,0,24
2025-09-25T02:34:49.636Z,60.5,21.1,1.921,50.4,0,60.1,0,0,0,0,0,0,0,0,24
2025-09-25T02:34:50.635Z,60.5,21.1,1.921,49.6,0,60.1,0,0,0,0,0,0,0,0,24
2025-09-25T02:34:51.642Z,60.5,21.1,1.921,49.6,0,60.1,0,0,0,0,0,0,0,0,24
2025-09-25T02:34:52.642Z,60.5,21.1,1.921,50.4,0,60.1,0,0,0,0,0,0,0,0,24
2025-09-25T02:34:53.638Z,60.5,21.1,1.921,49.6,0,60.1,0,0,0,0,0,0,0,0,24
2025-09-25T02:34:54.647Z,60.5,21.1,1.922,49.6,0,60.1,0,0,0,0,0,0,0,0,24
2025-09-25T02:34:55.649Z,60.5,21.1,1.922,50.4,0,60.1,0,0,0,0,0,0,0,0,24
2025-09-25T02:34:56.646Z,60.5,21.1,1.922,50.4,0,60.1,0,0,0,0,0,0,0,0,24
2025-09-25T02:34:57.648Z,60.5,21.1,1.923,49.6,0,60.1,0,0,0,0,0,0,0,0,24
2025-09-25T02:34:58.647Z,60.5,21.1,1.922,50.4,0,60.1,0,0,0,0,0,0,0,0,24
2025-09-25T02:34:59.644Z,60.5,21.1,1.922,49.6,0,60.1,0,0,0,0,0,0,0,0,24
2025-09-25T02:35:00.645Z,60.5,21.1,1.922,50.4,0,60.1,0,0,0,0,0,0,0,0,24
2025-09-25T02:35:01.651Z,60.5,21.1,1.923,50.4,0,60.1,0,0,0,0,0,0,0,0,24
2025-09-25T02:35:02.656Z,60.5,21.1,1.923,49.6,0,60.1,0,0,0,0,0,0,0,0,24
2025-09-25T02:35:03.651Z,60.5,21.1,1.922,50.4,0,60.1,0,0,0,0,0,0,0,0,24
2025-09-25T02:35:04.651Z,60.4,21.1,1.922,49.6,0,60.1,0,0,0,0,0,0,0,0,24
2025-09-25T02:35:05.654Z,60.4,21.1,1.922,49.6,0,60.1,0,0,0,0,0,0,0,0,24
2025-09-25T02:35:06.654Z,60.4,21.1,1.923,50.4,0,60.1,0,0,0,0,0,0,0,0,24
2025-09-25T02:35:07.656Z,60.4,21.1,1.922,49.6,0,60.1,0,0,0,0,0,0,0,0,24
2025-09-25T02:35:08.654Z,60.4,21.1,1.923,49.6,0,60.1,0,0,0,0,0,0,0,0,24
2025-09-25T02:35:09.658Z,60.4,21.1,1.923,50.4,0,60.1,0,0,0,0,0,0,0,0,24
2025-09-25T02:35:10.654Z,60.4,21.1,1.922,49.6,0,60.1,0,0,0,0,0,0,0,0,24
2025-09-25T02:35:11.653Z,60.4,21.1,1.922,49.6,0,60.1,0,0,0,0,0,0,0,0,24
2025-09-25T02:35:12.662Z,60.4,21.1,1.923,50.4,0,60.1,0,0,0,0,0,0,0,0,24
2025-09-25T02:35:13.661Z,60.4,21.1,1.923,49.6,0,60.1,0,0,0,0,0,0,0,0,24
2025-09-25T02:35:14.655Z,60.4,21.1,1.923,50.4,0,60.1,0,0,0,0,0,0,0,0,24
2025-09-25T02:35:15.654Z,60.4,21.1,1.922,50.4,0,60.1,0,0,0,0,0,0,0,0,24
2025-09-25T02:35:16.656Z,60.4,21.1,1.922,49.6,0,60.1,0,0,0,0,0,0,0,0,24
2025-09-25T02:35:17.657Z,60.4,21.1,1.923,50.4,0,60.1,0,0,0,0,0,0,0,0,24
2025-09-25T02:35:18.666Z,60.4,21.1,1.923,50.4,0,60.1,0,0,0,0,0,0,0,0,24
2025-09-25T02:35:19.667Z,60.4,21.1,1.923,49.6,0,60.1,0,0,0,0,0,0,0,0,24
2025-09-25T02:35:20.665Z,60.4,21.1,1.923,50.4,0,60.1,0,0,0,0,0,0,0,0,24
2025-09-25T02:35:21.669Z,60.4,21.1,1.923,50.4,0,60.1,0,0,0,0,0,0,0,0,24
2025-09-25T02:35:22.671Z,60.3,21.1,1.923,49.6,0,60.1,0,0,0,0,0,0,0,0,24
2025-09-25T02:35:23.668Z,60.3,21.1,1.923,49.6,0,60.1,0,0,0,0,0,0,0,0,24
2025-09-25T02:35:24.670Z,60.4,21.1,1.923,49.6,0,60.1,0,0,0,0,0,0,0,0,24
2025-09-25T02:35:25.670Z,60.3,21.1,1.923,50.4,0,60.1,0,0,0,0,0,0,0,0,24
2025-09-25T02:35:26.669Z,60.3,21.1,1.923,50.4,0,60.1,0,0,0,0,0,0,0,0,24
2025-09-25T02:35:27.667Z,60.3,21.1,1.923,49.6,0,60.1,0,0,0,0,0,0,0,0,24
2025-09-25T02:35:28.667Z,60.3,21.1,1.923,50.4,0,60.1,0,0,0,0,0,0,0,0,24
2025-09-25T02:35:29.677Z,60.3,21.1,1.923,50.4,0,60.1,0,0,0,0,0,0,0,0,24
2025-09-25T02:35:30.674Z,60.3,21.1,1.923,49.6,0,60.1,0,0,0,0,0,0,0,0,24
2025-09-25T02:35:31.679Z,60.3,21.1,1.923,50.4,0,60.1,0,0,0,0,0,0,0,0,24
2025-09-25T02:35:32.677Z,60.3,21.1,1.923,49.6,0,60.1,0,0,0,0,0,0,0,0,24
2025-09-25T02:35:33.680Z,60.3,21.1,1.923,50.4,0,60.1,0,0,0,0,0,0,0,0,24
2025-09-25T02:35:34.681Z,60.3,21.1,1.923,49.6,0,60.1,0,0,0,0,0,0,0,0,24
2025-09-25T02:35:35.684Z,60.3,21.1,1.923,49.6,0,60.1,0,0,0,0,0,0,0,0,24
2025-09-25T02:35:36.678Z,60.3,21.1,1.923,50.4,0,60.1,0,0,0,0,0,0,0,0,24
2025-09-25T02:35:37.687Z,60.3,21.1,1.923,49.6,0,60.1,0,0,0,0,0,0,0,0,24
2025-09-25T02:35:38.680Z,60.3,21.1,1.923,49.6,0,60.1,0,0,0,0,0,0,0,0,24
2025-09-25T02:35:39.688Z,60.3,21.1,1.923,50.4,0,60.1,0,0,0,0,0,0,0,0,24
2025-09-25T02:35:40.679Z,60.3,21.1,1.923,49.6,0,60.1,0,0,0,0,0,0,0,0,24
2025-09-25T02:35:41.678Z,60.3,21.1,1.923,50.4,0,60.1,0,0,0,0,0,0,0,0,24
2025-09-25T02:35:42.687Z,60.3,21.1,1.924,50.4,0,60.1,0,0,0,0,0,0,0,0,24
2025-09-25T02:35:43.683Z,60.3,21.1,1.923,49.6,0,60.1,0,0,0,0,0,0,0,0,24
2025-09-25T02:35:44.683Z,60.3,21.1,1.923,50.4,0,60.1,0,0,0,0,0,0,0,0,24
2025-09-25T02:35:45.679Z,60.3,21.1,1.923,49.6,0,60.1,0,0,0,0,0,0,0,0,24
2025-09-25T02:35:46.684Z,60.2,21.1,1.923,50.4,0,60.1,0,0,0,0,0,0,0,0,24
2025-09-25T02:35:47.689Z,60.2,21.1,1.924,49.6,0,60.1,0,0,0,0,0,0,0,0,24
2025-09-25T02:35:48.690Z,60.2,21.1,1.923,50.4,0,60.1,0,0,0,0,0,0,0,0,24
2025-09-25T02:35:49.696Z,60.2,21.1,1.923,49.6,0,60.1,0,0,0,0,0,0,0,0,24
2025-09-25T02:35:50.690Z,60.2,21.1,1.924,49.6,0,60.1,0,0,0,0,0,0,0,0,24
2025-09-25T02:35:51.688Z,60.2,21.1,1.924,50.4,0,60.1,0,0,0,0,0,0,0,0,24
2025-09-25T02:35:52.695Z,60.2,21.1,1.924,49.6,0,60.1,0,0,0,0,0,0,0,0,24
2025-09-25T02:35:53.693Z,60.2,21.1,1.924,50.4,0,60.1,0,0,0,0,0,0,0,0,24
2025-09-25T02:35:54.695Z,60.2,21.1,1.924,49.6,0,60.1,0,0,0,0,0,0,0,0,24
2025-09-25T02:35:55.694Z,60.2,21.1,1.924,50.4,0,60.1,0,0,0,0,0,0,0,0,24
2025-09-25T02:35:56.698Z,60.2,21.1,1.924,49.6,0,60.1,0,0,0,0,0,0,0,0,24
2025-09-25T02:35:57.693Z,60.2,21.1,1.924,49.6,0,60.1,0,0,0,0,0,0,0,0,24
2025-09-25T02:35:58.700Z,60.2,21.1,1.924,50.4,0,60.1,0,0,0,0,0,0,0,0,24
2025-09-25T02:35:59.702Z,60.2,21.1,1.924,49.6,0,60.1,0,0,0,0,0,0,0,0,24
2025-09-25T02:36:00.699Z,60.2,21.1,1.924,50.4,0,60.1,0,0,0,0,0,0,0,0,24
2025-09-25T02:36:01.697Z,60.2,21.1,1.924,49.6,0,60.1,0,0,0,0,0,0,0,0,24
2025-09-25T02:36:02.696Z,60.2,21.1,1.924,49.6,0,60.1,0,0,0,0,0,0,0,0,24
2025-09-25T02:36:03.698Z,60.2,21.1,1.924,50.4,0,60.1,0,0,0,0,0,0,0,0,24
2025-09-25T02:36:04.700Z,60.2,21.1,1.924,49.6,0,60.1,0,0,0,0,0,0,0,0,24
2025-09-25T02:36:05.705Z,60.2,21.1,1.924,50.4,0,60.1,0,0,0,0,0,0,0,0,24
2025-09-25T02:36:06.706Z,60.2,21.1,1.924,49.6,0,60.1,0,0,0,0,0,0,0,0,24
2025-09-25T02:36:07.709Z,60.2,21.1,1.924,49.6,0,60.1,0,0,0,0,0,0,0,0,24
2025-09-25T02:36:08.712Z,60.1,21.1,1.923,50.4,0,60.1,0,0,0,0,0,0,0,0,24
2025-09-25T02:36:09.704Z,60.1,21.1,1.924,50.4,0,60.1,0,0,0,0,0,0,0,0,24
2025-09-25T02:36:10.711Z,60.1,21.1,1.924,49.6,0,60.1,0,0,0,0,0,0,0,0,24
2025-09-25T02:36:11.715Z,60.1,21.1,1.923,50.4,0,60.1,0,0,0,0,0,0,0,0,24
2025-09-25T02:36:12.712Z,60.1,21.1,1.924,49.6,0,60.1,0,0,0,0,0,0,0,0,24
2025-09-25T02:36:13.710Z,60.1,21.1,1.924,50.4,0,60.1,0,0,0,0,0,0,0,0,24
2025-09-25T02:36:14.713Z,60.1,21.1,1.923,49.6,0,60.1,0,0,0,0,0,0,0,0,24
2025-09-25T02:36:15.714Z,60.1,21.1,1.924,49.6,0,60.1,0,0,0,0,0,0,0,0,24
2025-09-25T02:36:16.719Z,60.1,21.1,1.923,50.4,0,60.1,0,0,0,0,0,0,0,0,24
2025-09-25T02:36:17.714Z,60.1,21.1,1.924,49.6,0,60.1,0,0,0,0,0,0,0,0,24
2025-09-25T02:36:18.715Z,60.1,21.1,1.924,49.6,0,60.1,0,0,0,0,0,0,0,0,24
2025-09-25T02:36:19.717Z,60.1,21.1,1.923,50.4,0,60.1,0,0,0,0,0,0,0,0,24
2025-09-25T02:36:20.719Z,60.1,21.1,1.923,49.6,0,60.1,0,0,0,0,0,0,0,0,24
2025-09-25T02:36:21.719Z,60.1,21.1,1.925,49.6,0,60.1,0,0,0,0,0,0,0,0,24
2025-09-25T02:36:22.724Z,60.1,21.1,1.923,50.4,0,60.1,0,0,0,0,0,0,0,0,24
2025-09-25T02:36:23.717Z,60.1,21.1,1.925,49.6,0,60.1,0,0,0,0,0,0,0,0,24
2025-09-25T02:36:24.722Z,60.1,21.1,1.923,49.6,0,60.1,0,0,0,0,0,0,0,0,24
2025-09-25T02:36:25.722Z,60.1,21.1,1.923,50.4,0,60.1,0,0,0,0,0,0,0,0,24
2025-09-25T02:36:26.734Z,60.1,21.1,1.923,49.6,0,60.1,0,0,0,0,0,0,0,0,24
2025-09-25T02:36:27.726Z,60.1,21.1,1.923,49.6,0,60.1,0,0,0,0,0,0,0,0,24
2025-09-25T02:36:28.728Z,60.1,21.1,1.924,50.4,0,60.1,0,0,0,0,0,0,0,0,24
2025-09-25T02:36:29.727Z,60,21.1,1.924,49.6,0,60.1,0,0,0,0,0,0,0,0,24
2025-09-25T02:36:30.733Z,60,21.1,1.923,49.6,0,60.1,0,0,0,0,0,0,0,0,24
2025-09-25T02:36:31.721Z,60,21.1,1.925,50.4,0,60.1,0,0,0,0,0,0,0,0,24
2025-09-25T02:36:32.727Z,60,21.1,1.925,50.4,0,60.1,0,0,0,0,0,0,0,0,24
2025-09-25T02:36:33.737Z,60,21.1,1.924,49.6,0,60.1,0,0,0,0,0,0,0,0,24
2025-09-25T02:36:34.735Z,60,21.1,1.924,50.4,0,60.1,0,0,0,0,0,0,0,0,24
2025-09-25T02:36:35.735Z,60,21.1,1.924,50.4,0,60.1,0,0,0,0,0,0,0,0,24
2025-09-25T02:36:36.733Z,60,21.1,1.924,49.6,0,60.1,0,0,0,0,0,0,0,0,24
2025-09-25T02:36:37.735Z,60,21.1,1.924,50.4,0,60.1,0,0,0,0,0,0,0,0,24
2025-09-25T02:36:38.728Z,60,21.1,1.925,50.4,0,60.1,0,0,0,0,0,0,0,0,24
2025-09-25T02:36:39.735Z,60,21.1,1.924,49.6,0,60.1,0,0,0,0,0,0,0,0,24
2025-09-25T02:36:40.740Z,60,21.1,1.924,50.4,0,60.1,0,0,0,0,0,0,0,0,24
2025-09-25T02:36:41.732Z,60,21.1,1.924,49.6,0,60.1,0,0,0,0,0,0,0,0,24
2025-09-25T02:36:42.738Z,60,21.1,1.924,50.4,0,60.1,0,0,0,0,0,0,0,0,24
2025-09-25T02:36:43.739Z,60,21.1,1.924,50.4,0,60.1,0,0,0,0,0,0,0,0,24
2025-09-25T02:36:44.741Z,60,21.1,1.924,49.6,0,60.1,0,0,0,0,0,0,0,0,24
2025-09-25T02:36:45.736Z,60,21.1,1.924,50.4,0,60.1,0,0,0,0,0,0,0,0,24
2025-09-25T02:36:46.741Z,60,21.1,1.924,49.6,0,60.1,0,0,0,0,0,0,0,0,24
2025-09-25T02:36:47.747Z,60,21.1,1.924,50.4,0,60.1,0,0,0,0,0,0,0,0,24
2025-09-25T02:36:48.744Z,60,21.1,1.924,50.4,0,60.1,0,0,0,0,0,0,0,0,24
2025-09-25T02:36:49.744Z,60,21.1,1.925,49.6,0,60.1,0,0,0,0,0,0,0,0,24
2025-09-25T02:36:50.744Z,60,21.1,1.925,50.4,0,60.1,0,0,0,0,0,0,0,0,24
2025-09-25T02:36:51.741Z,60,21.1,1.925,49.6,0,60.1,0,0,0,0,0,0,0,0,24
2025-09-25T02:36:52.745Z,60,21.1,1.925,50.4,0,60.1,0,0,0,0,0,0,0,0,24
2025-09-25T02:36:53.748Z,59.9,21.1,1.925,49.6,0,60.1,0,0,0,0,0,0,0,0,24
2025-09-25T02:36:54.750Z,59.9,21.1,1.925,50.4,0,60.1,0,0,0,0,0,0,0,0,24
2025-09-25T02:36:55.753Z,59.9,21.1,1.925,49.6,0,60.1,0,0,0,0,0,0,0,0,24
2025-09-25T02:36:56.754Z,59.9,21.1,1.925,50.4,0,60.1,0,0,0,0,0,0,0,0,24
2025-09-25T02:36:57.746Z,59.9,21.1,1.925,49.6,0,60.1,0,0,0,0,0,0,0,0,24
2025-09-25T02:36:58.749Z,59.9,21.1,1.925,49.6,0,60.1,0,0,0,0,0,0,0,0,24
2025-09-25T02:36:59.749Z,59.9,21.1,1.925,50.4,0,60.1,0,0,0,0,0,0,0,0,24
2025-09-25T02:37:00.750Z,59.9,21.1,1.925,49.6,0,60.1,0,0,0,0,0,0,0,0,24
2025-09-25T02:37:01.752Z,59.9,21.1,1.925,49.6,0,60.1,0,0,0,0,0,0,0,0,24
2025-09-25T02:37:02.757Z,59.9,21.1,1.925,50.4,0,60.1,0,0,0,0,0,0,0,0,24
2025-09-25T02:37:03.755Z,59.9,21.1,1.925,49.6,0,60.1,0,0,0,0,0,0,0,0,24
2025-09-25T02:37:04.757Z,59.9,21.1,1.925,50.4,0,60.1,0,0,0,0,0,0,0,0,24
2025-09-25T02:37:05.753Z,59.9,21.1,1.925,49.6,0,60.1,0,0,0,0,0,0,0,0,24
2025-09-25T02:37:06.760Z,59.9,21.1,1.925,49.6,0,60.1,0,0,0,0,0,0,0,0,24
2025-09-25T02:37:07.757Z,59.9,21.1,1.925,50.4,0,60.1,0,0,0,0,0,0,0,0,24
2025-09-25T02:37:08.759Z,59.9,21.1,1.925,49.6,0,60.1,0,0,0,0,0,0,0,0,24
2025-09-25T02:37:09.761Z,59.9,21.1,1.925,50.4,0,60.1,0,0,0,0,0,0,0,0,24
2025-09-25T02:37:10.758Z,59.9,21.1,1.925,49.6,0,60.1,0,0,0,0,0,0,0,0,24
2025-09-25T02:37:11.763Z,59.9,21.1,1.925,49.6,0,60.1,0,0,0,0,0,0,0,0,24
2025-09-25T02:37:12.761Z,59.9,21.1,1.925,50.4,0,60.1,0,0,0,0,0,0,0,0,24
2025-09-25T02:37:13.754Z,59.9,21.1,1.926,49.6,0,60.1,0,0,0,0,0,0,0,0,24
2025-09-25T02:37:14.757Z,59.9,21.1,1.925,49.6,0,60.1,0,0,0,0,0,0,0,0,24
2025-09-25T02:37:15.759Z,59.9,21.1,1.925,50.4,0,60.1,0,0,0,0,0,0,0,0,24
2025-09-25T02:37:16.765Z,59.9,21.1,1.926,49.6,0,60.1,0,0,0,0,0,0,0,0,24
2025-09-25T02:37:17.766Z,59.9,21.1,1.925,49.6,0,60.1,0,0,0,0,0,0,0,0,24
2025-09-25T02:37:18.765Z,59.8,21.1,1.925,50.4,0,60.1,0,0,0,0,0,0,0,0,24
2025-09-25T02:37:19.767Z,59.8,21.1,1.925,49.6,0,60.1,0,0,0,0,0,0,0,0,24
2025-09-25T02:37:20.767Z,59.8,21.1,1.925,49.6,0,60.1,0,0,0,0,0,0,0,0,24
2025-09-25T02:37:21.771Z,59.8,21.1,1.925,50.4,0,60.1,0,0,0,0,0,0,0,0,24
2025-09-25T02:37:22.772Z,59.8,21.1,1.925,50.4,0,60.1,0,0,0,0,0,0,0,0,24
2025-09-25T02:37:23.770Z,59.8,21.1,1.925,49.6,0,60.1,0,0,0,0,0,0,0,0,24
2025-09-25T02:37:24.774Z,59.8,21.1,1.925,50.4,0,60.1,0,0,0,0,0,0,0,0,24
2025-09-25T02:37:25.770Z,59.8,21.1,1.925,50.4,0,60.1,0,0,0,0,0,0,0,0,24
2025-09-25T02:37:26.775Z,59.8,21.1,1.925,49.6,0,60.1,0,0,0,0,0,0,0,0,24
2025-09-25T02:37:27.775Z,59.8,21.1,1.925,50.4,0,60.1,0,0,0,0,0,0,0,0,24
2025-09-25T02:37:28.777Z,59.8,21.1,1.925,50.4,0,60.1,0,0,0,0,0,0,0,0,24
2025-09-25T02:37:29.779Z,59.8,21.1,1.926,49.6,0,60.1,0,0,0,0,0,0,0,0,24
2025-09-25T02:37:30.776Z,59.8,21.1,1.926,50.4,0,60.1,0,0,0,0,0,0,0,0,24
2025-09-25T02:37:31.779Z,59.8,21.1,1.926,49.6,0,60.1,0,0,0,0,0,0,0,0,24
2025-09-25T02:37:32.780Z,59.8,21.1,1.926,50.4,0,60.1,0,0,0,0,0,0,0,0,24
2025-09-25T02:37:33.779Z,59.8,21.1,1.926,50.4,0,60.1,0,0,0,0,0,0,0,0,24
2025-09-25T02:37:34.782Z,59.8,21.1,1.926,49.6,0,60.1,0,0,0,0,0,0,0,0,24
2025-09-25T02:37:35.782Z,59.8,21.1,1.926,50.4,0,60.1,0,0,0,0,0,0,0,0,24
2025-09-25T02:37:36.782Z,59.8,21.1,1.926,49.6,0,60.1,0,0,0,0,0,0,0,0,24
2025-09-25T02:37:37.782Z,59.8,21.1,1.926,50.4,0,60.1,0,0,0,0,0,0,0,0,24
2025-09-25T02:37:38.781Z,59.8,21.1,1.926,49.6,0,60.1,0,0,0,0,0,0,0,0,24
2025-09-25T02:37:39.784Z,59.8,21.1,1.926,50.4,0,60.1,0,0,0,0,0,0,0,0,24
2025-09-25T02:37:40.780Z,59.8,21.1,1.926,49.6,0,60.1,0,0,0,0,0,0,0,0,24
2025-09-25T02:37:41.789Z,59.8,21.1,1.926,49.6,0,60.1,0,0,0,0,0,0,0,0,24
2025-09-25T02:37:42.785Z,59.7,21.1,1.926,50.4,0,60.1,0,0,0,0,0,0,0,0,24
2025-09-25T02:37:43.790Z,59.7,21.1,1.926,49.6,0,60.1,0,0,0,0,0,0,0,0,24
2025-09-25T02:37:44.793Z,59.7,21.1,1.926,50.4,0,60.1,0,0,0,0,0,0,0,0,24
2025-09-25T02:37:45.789Z,59.7,21.1,1.926,49.6,0,60.1,0,0,0,0,0,0,0,0,24
2025-09-25T02:37:46.788Z,59.7,21.1,1.926,49.6,0,60.1,0,0,0,0,0,0,0,0,24
2025-09-25T02:37:47.788Z,59.7,21.1,1.926,50.4,0,60.1,0,0,0,0,0,0,0,0,24
2025-09-25T02:37:48.791Z,59.7,21.1,1.926,49.6,0,60.1,0,0,0,0,0,0,0,0,24
2025-09-25T02:37:49.792Z,59.7,21.1,1.926,49.6,0,60.1,0,0,0,0,0,0,0,0,24
2025-09-25T02:37:50.800Z,59.7,21.1,1.926,50.4,0,60.1,0,0,0,0,0,0,0,0,24
2025-09-25T02:37:51.803Z,59.7,21.1,1.927,49.6,0,60.1,0,0,0,0,0,0,0,0,24
2025-09-25T02:37:52.797Z,59.7,21.1,1.927,49.6,0,60.1,0,0,0,0,0,0,0,0,24
2025-09-25T02:37:53.800Z,59.7,21.1,1.927,50.4,0,60.1,0,0,0,0,0,0,0,0,24
2025-09-25T02:37:54.796Z,59.7,21.1,1.927,49.6,0,60.1,0,0,0,0,0,0,0,0,24
2025-09-25T02:37:55.791Z,59.7,21.1,1.926,49.6,0,60.1,0,0,0,0,0,0,0,0,24
2025-09-25T02:37:56.795Z,59.7,21.1,1.926,50.4,0,60.1,0,0,0,0,0,0,0,0,24
2025-09-25T02:37:57.795Z,59.7,21.1,1.926,50.4,0,60.1,0,0,0,0,0,0,0,0,24
2025-09-25T02:37:58.794Z,59.7,21.1,1.926,49.6,0,60.1,0,0,0,0,0,0,0,0,24
2025-09-25T02:37:59.797Z,59.7,21.1,1.926,50.4,0,60.1,0,0,0,0,0,0,0,0,24
2025-09-25T02:38:00.795Z,59.7,21.1,1.926,49.6,0,60.1,0,0,0,0,0,0,0,0,24
2025-09-25T02:38:01.805Z,59.7,21.1,1.927,49.6,0,60.1,0,0,0,0,0,0,0,0,24
2025-09-25T02:38:02.806Z,59.7,21.1,1.927,50.4,0,60.1,0,0,0,0,0,0,0,0,24
2025-09-25T02:38:03.808Z,59.7,21.1,1.927,49.6,0,60.1,0,0,0,0,0,0,0,0,24
2025-09-25T02:38:04.808Z,59.7,21.1,1.927,49.6,0,60.1,0,0,0,0,0,0,0,0,24
2025-09-25T02:38:05.811Z,59.6,21.1,1.927,50.4,0,60.1,0,0,0,0,0,0,0,0,24
2025-09-25T02:38:06.812Z,59.6,21.1,1.927,50.4,0,60.1,0,0,0,0,0,0,0,0,24
2025-09-25T02:38:07.811Z,59.6,21.1,1.927,49.6,0,60.1,0,0,0,0,0,0,0,0,24
2025-09-25T02:38:08.805Z,59.6,21.1,1.926,50.4,0,60.1,0,0,0,0,0,0,0,0,24
2025-09-25T02:38:09.807Z,59.6,21.1,1.927,49.6,0,60.1,0,0,0,0,0,0,0,0,24
2025-09-25T02:38:10.807Z,59.6,21.1,1.926,50.4,0,60.1,0,0,0,0,0,0,0,0,24
2025-09-25T02:38:11.809Z,59.6,21.1,1.927,50.4,0,60.1,0,0,0,0,0,0,0,0,24
2025-09-25T02:38:12.810Z,59.6,21.1,1.927,49.6,0,60.1,0,0,0,0,0,0,0,0,24
2025-09-25T02:38:13.807Z,59.6,21.1,1.926,50.4,0,60.1,0,0,0,0,0,0,0,0,24
2025-09-25T02:38:14.814Z,59.6,21.1,1.927,49.6,0,60.1,0,0,0,0,0,0,0,0,24
2025-09-25T02:38:15.816Z,59.6,21.1,1.927,50.4,0,60.1,0,0,0,0,0,0,0,0,24
2025-09-25T02:38:16.814Z,59.6,21.1,1.927,50.4,0,60.1,0,0,0,0,0,0,0,0,24
2025-09-25T02:38:17.816Z,59.6,21.1,1.927,49.6,0,60.1,0,0,0,0,0,0,0,0,24
2025-09-25T02:38:18.818Z,59.6,21.1,1.927,50.4,0,60.1,0,0,0,0,0,0,0,0,24
2025-09-25T02:38:19.817Z,59.6,21.1,1.927,49.6,0,60.1,0,0,0,0,0,0,0,0,24
2025-09-25T02:38:20.816Z,59.6,21.1,1.926,50.4,0,60.1,0,0,0,0,0,0,0,0,24
2025-09-25T02:38:21.818Z,59.6,21.1,1.927,49.6,0,60.1,0,0,0,0,0,0,0,0,24
2025-09-25T02:38:22.821Z,59.6,21.1,1.927,50.4,0,60.1,0,0,0,0,0,0,0,0,24
2025-09-25T02:38:23.817Z,59.6,21.1,1.926,49.6,0,60.1,0,0,0,0,0,0,0,0,24
2025-09-25T02:38:24.823Z,59.6,21.1,1.927,50.4,0,60.1,0,0,0,0,0,0,0,0,24
2025-09-25T02:38:25.824Z,59.6,21.1,1.927,49.6,0,60.1,0,0,0,0,0,0,0,0,24
2025-09-25T02:38:26.823Z,59.6,21.1,1.927,50.4,0,60.1,0,0,0,0,0,0,0,0,24
2025-09-25T02:38:27.825Z,59.6,21.1,1.927,49.6,0,60.1,0,0,0,0,0,0,0,0,24
2025-09-25T02:38:28.826Z,59.6,21.1,1.927,50.4,0,60.1,0,0,0,0,0,0,0,0,24
2025-09-25T02:38:29.829Z,59.6,21.1,1.927,49.6,0,60.1,0,0,0,0,0,0,0,0,24
2025-09-25T02:38:30.836Z,59.6,21.1,1.926,50.4,0,60.1,0,0,0,0,0,0,0,0,24
2025-09-25T02:38:31.831Z,59.6,21.1,1.927,49.6,0,60.1,0,0,0,0,0,0,0,0,24
2025-09-25T02:38:32.834Z,59.6,21.1,1.928,49.6,0,60.1,0,0,0,0,0,0,0,0,24
2025-09-25T02:38:33.830Z,59.5,21.1,1.927,50.4,0,60.1,0,0,0,0,0,0,0,0,24
2025-09-25T02:38:34.830Z,59.5,21.1,1.927,49.6,0,60.1,0,0,0,0,0,0,0,0,24
2025-09-25T02:38:35.835Z,59.5,21.1,1.927,50.4,0,60.1,0,0,0,0,0,0,0,0,24
2025-09-25T02:38:36.831Z,59.5,21.1,1.927,49.6,0,60.1,0,0,0,0,0,0,0,0,24
2025-09-25T02:38:37.835Z,59.5,21.1,1.927,50.4,0,60.1,0,0,0,0,0,0,0,0,24
2025-09-25T02:38:38.832Z,59.5,21.1,1.927,49.6,0,60.1,0,0,0,0,0,0,0,0,24
2025-09-25T02:38:39.838Z,59.5,21.1,1.927,50.4,0,60.1,0,0,0,0,0,0,0,0,24
2025-09-25T02:38:40.844Z,59.5,21.1,1.927,49.6,0,60.1,0,0,0,0,0,0,0,0,24
2025-09-25T02:38:41.834Z,59.5,21.1,1.927,50.4,0,60.1,0,0,0,0,0,0,0,0,24
2025-09-25T02:38:42.842Z,59.5,21.1,1.926,49.6,0,60.1,0,0,0,0,0,0,0,0,24
2025-09-25T02:38:43.851Z,59.5,21.1,1.926,50.4,0,60.1,0,0,0,0,0,0,0,0,24
2025-09-25T02:38:44.842Z,59.5,21.1,1.927,49.6,0,60.1,0,0,0,0,0,0,0,0,24
2025-09-25T02:38:45.842Z,59.5,21.1,1.927,50.4,0,60.1,0,0,0,0,0,0,0,0,24
2025-09-25T02:38:46.841Z,59.5,21.1,1.928,49.6,0,60.1,0,0,0,0,0,0,0,0,24
2025-09-25T02:38:47.846Z,59.5,21.1,1.927,50.4,0,60.1,0,0,0,0,0,0,0,0,24
2025-09-25T02:38:48.840Z,59.5,21.1,1.927,49.6,0,60.1,0,0,0,0,0,0,0,0,24
2025-09-25T02:38:49.850Z,59.5,21.1,1.927,50.4,0,60.1,0,0,0,0,0,0,0,0,24
2025-09-25T02:38:50.845Z,59.5,21.1,1.928,49.6,0,60.1,0,0,0,0,0,0,0,0,24
2025-09-25T02:38:51.844Z,59.5,21.1,1.927,50.4,0,60.1,0,0,0,0,0,0,0,0,24
2025-09-25T02:38:52.849Z,59.5,21.1,1.927,49.6,0,60.1,0,0,0,0,0,0,0,0,24
2025-09-25T02:38:53.845Z,59.5,21.1,1.927,50.4,0,60.1,0,0,0,0,0,0,0,0,24
2025-09-25T02:38:54.843Z,59.5,21.1,1.928,49.6,0,60.1,0,0,0,0,0,0,0,0,24
2025-09-25T02:38:55.849Z,59.5,21.1,1.928,50.4,0,60.1,0,0,0,0,0,0,0,0,24
2025-09-25T02:38:56.854Z,59.5,21.1,1.927,49.6,0,60.1,0,0,0,0,0,0,0,0,24
2025-09-25T02:38:57.851Z,59.5,21.1,1.928,50.4,0,60.1,0,0,0,0,0,0,0,0,24
2025-09-25T02:38:58.843Z,59.5,21.1,1.928,49.6,0,60.1,0,0,0,0,0,0,0,0,24
2025-09-25T02:38:59.851Z,59.5,21.1,1.927,50.4,0,60.1,0,0,0,0,0,0,0,0,24
2025-09-25T02:39:00.855Z,59.5,21.1,1.927,49.6,0,60.1,0,0,0,0,0,0,0,0,24
2025-09-25T02:39:01.852Z,59.5,21.1,1.928,50.4,0,60.1,0,0,0,0,0,0,0,0,24
2025-09-25T02:39:02.851Z,59.5,21.1,1.928,49.6,0,60.1,0,0,0,0,0,0,0,0,24
2025-09-25T02:39:03.858Z,59.5,21.1,1.927,49.6,0,60.1,0,0,0,0,0,0,0,0,24
2025-09-25T02:39:04.858Z,59.5,21.1,1.927,49.6,0,60.1,0,0,0,0,0,0,0,0,24
2025-09-25T02:39:05.862Z,59.5,21.1,1.927,49.6,0,60.1,0,0,0,0,0,0,0,0,24
2025-09-25T02:39:06.856Z,59.5,21.1,1.928,50.4,0,60.1,0,0,0,0,0,0,0,0,24
2025-09-25T02:39:07.860Z,59.5,21.1,1.928,49.6,0,60.1,0,0,0,0,0,0,0,0,24
2025-09-25T02:39:08.851Z,59.5,21.1,1.928,49.6,0,60.1,0,0,0,0,0,0,0,0,24
2025-09-25T02:39:09.851Z,59.5,21.1,1.928,50.4,0,60.1,0,0,0,0,0,0,0,0,24
2025-09-25T02:39:10.852Z,59.5,21.1,1.928,49.6,0,60.1,0,0,0,0,0,0,0,0,24
2025-09-25T02:39:11.854Z,59.4,21.1,1.928,50.4,0,60.1,0,0,0,0,0,0,0,0,24
2025-09-25T02:39:12.862Z,59.4,21.1,1.928,50.4,0,60.1,0,0,0,0,0,0,0,0,24
2025-09-25T02:39:13.861Z,59.5,21.1,1.928,49.6,0,60.1,0,0,0,0,0,0,0,0,24
2025-09-25T02:39:14.863Z,59.5,21.1,1.928,50.4,0,60.1,0,0,0,0,0,0,0,0,24
2025-09-25T02:39:15.863Z,59.5,21.1,1.928,49.6,0,60.1,0,0,0,0,0,0,0,0,24
2025-09-25T02:39:16.863Z,59.4,21.1,1.928,49.6,0,60.1,0,0,0,0,0,0,0,0,24
2025-09-25T02:39:17.875Z,59.4,21.1,1.927,49.6,0,60.1,0,0,0,0,0,0,0,0,24
2025-09-25T02:39:18.868Z,59.4,21.1,1.927,50.4,0,60.1,0,0,0,0,0,0,0,0,24
2025-09-25T02:39:19.872Z,59.4,21.1,1.927,49.6,0,60.1,0,0,0,0,0,0,0,0,24
2025-09-25T02:39:20.867Z,59.4,21.1,1.928,49.6,0,60.1,0,0,0,0,0,0,0,0,24
2025-09-25T02:39:21.868Z,59.4,21.1,1.928,50.4,0,60.1,0,0,0,0,0,0,0,0,24
2025-09-25T02:39:22.861Z,59.4,21.1,1.928,49.6,0,60.1,0,0,0,0,0,0,0,0,24
2025-09-25T02:39:23.870Z,59.4,21.1,1.928,50.4,0,60.1,0,0,0,0,0,0,0,0,24
2025-09-25T02:39:24.871Z,59.4,21.1,1.928,49.6,0,60.1,0,0,0,0,0,0,0,0,24
2025-09-25T02:39:25.868Z,59.4,21.1,1.928,49.6,0,60.1,0,0,0,0,0,0,0,0,24
2025-09-25T02:39:26.873Z,59.4,21.1,1.928,50.4,0,60.1,0,0,0,0,0,0,0,0,24
2025-09-25T02:39:27.882Z,59.4,21.1,1.928,50.4,0,60.1,0,0,0,0,0,0,0,0,24
2025-09-25T02:39:28.878Z,59.4,21.1,1.927,49.6,0,60.1,0,0,0,0,0,0,0,0,24
2025-09-25T02:39:29.877Z,59.4,21.1,1.928,50.4,0,60.1,0,0,0,0,0,0,0,0,24
2025-09-25T02:39:30.881Z,59.4,21.1,1.928,49.6,0,60.1,0,0,0,0,0,0,0,0,24
2025-09-25T02:39:31.873Z,59.4,21.1,1.929,50.4,0,60.1,0,0,0,0,0,0,0,0,24
2025-09-25T02:39:32.881Z,59.4,21.1,1.927,49.6,0,60.1,0,0,0,0,0,0,0,0,24
2025-09-25T02:39:33.886Z,59.4,21.1,1.927,49.6,0,60.1,0,0,0,0,0,0,0,0,24
2025-09-25T02:39:34.884Z,59.4,21.1,1.927,50.4,0,60.1,0,0,0,0,0,0,0,0,24
2025-09-25T02:39:35.882Z,59.4,21.1,1.928,49.6,0,60.1,0,0,0,0,0,0,0,0,24
2025-09-25T02:39:36.886Z,59.4,21.1,1.928,49.6,0,60.1,0,0,0,0,0,0,0,0,24
2025-09-25T02:39:37.888Z,59.4,21.1,1.927,50.4,0,60.1,0,0,0,0,0,0,0,0,24
2025-09-25T02:39:38.885Z,59.4,21.1,1.928,50.4,0,60.1,0,0,0,0,0,0,0,0,24
2025-09-25T02:39:39.881Z,59.4,21.1,1.928,49.6,0,60.1,0,0,0,0,0,0,0,0,24
2025-09-25T02:39:40.886Z,59.4,21.1,1.927,50.4,0,60.1,0,0,0,0,0,0,0,0,24
2025-09-25T02:39:41.890Z,59.4,21.1,1.928,49.6,0,60.1,0,0,0,0,0,0,0,0,24
2025-09-25T02:39:42.887Z,59.4,21.1,1.928,50.4,0,60.1,0,0,0,0,0,0,0,0,24
2025-09-25T02:39:43.885Z,59.4,21.1,1.928,49.6,0,60.1,0,0,0,0,0,0,0,0,24
2025-09-25T02:39:44.886Z,59.4,21.1,1.928,50.4,0,60.1,0,0,0,0,0,0,0,0,24
2025-09-25T02:39:45.887Z,59.4,21.1,1.928,50.4,0,60.1,0,0,0,0,0,0,0,0,24
2025-09-25T02:39:46.891Z,59.4,21.1,1.928,49.6,0,60.1,0,0,0,0,0,0,0,0,24
2025-09-25T02:39:47.895Z,59.4,21.1,1.928,50.4,0,60.1,0,0,0,0,0,0,0,0,24
2025-09-25T02:39:48.893Z,59.4,21.1,1.928,49.6,0,60.1,0,0,0,0,0,0,0,0,24
2025-09-25T02:39:49.894Z,59.4,21.1,1.928,50.4,0,60.1,0,0,0,0,0,0,0,0,24
2025-09-25T02:39:50.895Z,59.4,21.1,1.928,49.6,0,60.1,0,0,0,0,0,0,0,0,24
2025-09-25T02:39:51.892Z,59.4,21.1,1.928,50.4,0,60.1,0,0,0,0,0,0,0,0,24
2025-09-25T02:39:52.895Z,59.4,21.1,1.928,50.4,0,60.1,0,0,0,0,0,0,0,0,24
2025-09-25T02:39:53.900Z,59.4,21.1,1.928,49.6,0,60.1,0,0,0,0,0,0,0,0,24
2025-09-25T02:39:54.901Z,59.4,21.1,1.928,50.4,0,60.1,0,0,0,0,0,0,0,0,24
2025-09-25T02:39:55.902Z,59.4,21.1,1.928,49.6,0,60.1,0,0,0,0,0,0,0,0,24
2025-09-25T02:39:56.903Z,59.4,21.1,1.928,49.6,0,60.1,0,0,0,0,0,0,0,0,24
2025-09-25T02:39:57.899Z,59.4,21.1,1.928,49.6,0,60.1,0,0,0,0,0,0,0,0,24
2025-09-25T02:39:58.903Z,59.4,21.1,1.928,50.4,0,60.1,0,0,0,0,0,0,0,0,24
2025-09-25T02:39:59.903Z,59.4,21.1,1.928,49.6,0,60.1,0,0,0,0,0,0,0,0,24
2025-09-25T02:40:00.904Z,59.4,21.1,1.928,50.4,0,60.1,0,0,0,0,0,0,0,0,24
2025-09-25T02:40:01.909Z,59.4,21.1,1.929,49.6,0,60.1,0,0,0,0,0,0,0,0,24
2025-09-25T02:40:02.905Z,59.4,21.1,1.928,49.6,0,60.1,0,0,0,0,0,0,0,0,24
2025-09-25T02:40:03.909Z,59.4,21.1,1.928,50.4,0,60.1,0,0,0,0,0,0,0,0,24
2025-09-25T02:40:04.910Z,59.4,21.1,1.928,49.6,0,60.1,0,0,0,0,0,0,0,0,24
2025-09-25T02:40:05.911Z,59.4,21.1,1.929,50.4,0,60.1,0,0,0,0,0,0,0,0,24
2025-09-25T02:40:06.911Z,59.4,21.1,1.928,49.6,0,60.1,0,0,0,0,0,0,0,0,24
2025-09-25T02:40:07.911Z,59.4,21.1,1.928,49.6,0,60.1,0,0,0,0,0,0,0,0,24
2025-09-25T02:40:08.909Z,59.4,21.1,1.928,50.4,0,60.1,0,0,0,0,0,0,0,0,24
2025-09-25T02:40:09.909Z,59.4,21.1,1.928,49.6,0,60.1,0,0,0,0,0,0,0,0,24
2025-09-25T02:40:10.908Z,59.4,21.1,1.928,49.6,0,60.1,0,0,0,0,0,0,0,0,24
2025-09-25T02:40:11.911Z,59.4,21.1,1.928,50.4,0,60.1,0,0,0,0,0,0,0,0,24
2025-09-25T02:40:12.913Z,59.4,21.1,1.928,49.6,0,60.1,0,0,0,0,0,0,0,0,24
2025-09-25T02:40:13.911Z,59.4,21.1,1.928,49.6,0,60.1,0,0,0,0,0,0,0,0,24
2025-09-25T02:40:14.914Z,59.4,21.1,1.928,50.4,0,60.1,0,0,0,0,0,0,0,0,24
2025-09-25T02:40:15.912Z,59.4,21.1,1.927,49.6,0,60.1,0,0,0,0,0,0,0,0,24
2025-09-25T02:40:16.909Z,59.4,21.1,1.928,50.4,0,60.1,0,0,0,0,0,0,0,0,24
2025-09-25T02:40:17.911Z,59.4,21.1,1.928,50.4,0,60.1,0,0,0,0,0,0,0,0,24
2025-09-25T02:40:18.923Z,59.4,21.1,1.929,49.6,0,60.1,0,0,0,0,0,0,0,0,24
2025-09-25T02:40:19.917Z,59.4,21.1,1.928,50.4,0,60.1,0,0,0,0,0,0,0,0,24
2025-09-25T02:40:20.912Z,59.4,21.1,1.928,49.6,0,60.1,0,0,0,0,0,0,0,0,24
2025-09-25T02:40:21.921Z,59.4,21.1,1.929,50.4,0,60.1,0,0,0,0,0,0,0,0,24
2025-09-25T02:40:22.920Z,59.4,21.1,1.928,50.4,0,60.1,0,0,0,0,0,0,0,0,24
2025-09-25T02:40:23.923Z,59.4,21.1,1.928,49.6,0,60.1,0,0,0,0,0,0,0,0,24
2025-09-25T02:40:24.921Z,59.4,21.1,1.927,50.4,0,60.1,0,0,0,0,0,0,0,0,24
2025-09-25T02:40:25.925Z,59.4,21.1,1.928,49.6,0,60.1,0,0,0,0,0,0,0,0,24
2025-09-25T02:40:26.925Z,59.4,21.1,1.928,50.4,0,60.1,0,0,0,0,0,0,0,0,24
2025-09-25T02:40:27.927Z,59.4,21.1,1.929,49.6,0,60.1,0,0,0,0,0,0,0,0,24
2025-09-25T02:40:28.928Z,59.4,21.1,1.928,49.6,0,60.1,0,0,0,0,0,0,0,0,24
2025-09-25T02:40:29.924Z,59.4,21.1,1.928,50.4,0,60.1,0,0,0,0,0,0,0,0,24
2025-09-25T02:40:30.929Z,59.4,21.1,1.929,49.6,0,60.1,0,0,0,0,0,0,0,0,24
2025-09-25T02:40:31.929Z,59.4,21.1,1.928,50.4,0,60.1,0,0,0,0,0,0,0,0,24
2025-09-25T02:40:32.926Z,59.4,21.1,1.927,49.6,0,60.1,0,0,0,0,0,0,0,0,24
2025-09-25T02:40:33.927Z,59.4,21.1,1.927,50.4,0,60.1,0,0,0,0,0,0,0,0,24
2025-09-25T02:40:34.929Z,59.4,21.1,1.928,50.4,0,60.1,0,0,0,0,0,0,0,0,24
2025-09-25T02:40:35.922Z,59.4,21.1,1.927,49.6,0,60,0,0,0,0,0,0,0,0,24
2025-09-25T02:40:36.933Z,59.4,21.1,1.927,50.4,0,60,0,0,0,0,0,0,0,0,24
2025-09-25T02:40:37.933Z,59.4,21.1,1.927,49.6,0,60,0,0,0,0,0,0,0,0,24
2025-09-25T02:40:38.937Z,59.4,21.1,1.928,50.4,0,60.1,0,0,0,0,0,0,0,0,24
2025-09-25T02:40:39.932Z,59.4,21.1,1.927,49.6,0,60.1,0,0,0,0,0,0,0,0,24
2025-09-25T02:40:40.938Z,59.4,21.1,1.928,50.4,0,60.1,0,0,0,0,0,0,0,0,24
2025-09-25T02:40:41.933Z,59.4,21.1,1.927,49.6,0,60,0,0,0,0,0,0,0,0,24
2025-09-25T02:40:42.934Z,59.4,21.1,1.927,50.4,0,60,0,0,0,0,0,0,0,0,24
2025-09-25T02:40:43.935Z,59.4,21.1,1.927,49.6,0,60,0,0,0,0,0,0,0,0,24
2025-09-25T02:40:44.937Z,59.4,21.1,1.927,50.4,0,60,0,0,0,0,0,0,0,0,24
2025-09-25T02:40:45.939Z,59.4,21.1,1.927,49.6,0,60,0,0,0,0,0,0,0,0,24
2025-09-25T02:40:46.943Z,59.4,21.1,1.928,50.4,0,60,0,0,0,0,0,0,0,0,24
2025-09-25T02:40:47.940Z,59.4,21.1,1.927,49.6,0,60,0,0,0,0,0,0,0,0,24
2025-09-25T02:40:48.944Z,59.4,21.1,1.928,50.4,0,60,0,0,0,0,0,0,0,0,24
2025-09-25T02:40:49.947Z,59.4,21.1,1.928,49.6,0,60,0,0,0,0,0,0,0,0,24
2025-09-25T02:40:50.944Z,59.4,21.1,1.928,50.4,0,60,0,0,0,0,0,0,0,0,24
2025-09-25T02:40:51.945Z,59.5,21.1,1.928,49.6,0,60.1,0,0,0,0,0,0,0,0,24
2025-09-25T02:40:52.940Z,59.5,21.1,1.927,50.4,0,60.1,0,0,0,0,0,0,0,0,24
2025-09-25T02:40:53.949Z,59.5,21.1,1.928,49.6,0,60,0,0,0,0,0,0,0,0,24
2025-09-25T02:40:54.947Z,59.5,21.1,1.928,50.4,0,60,0,0,0,0,0,0,0,0,24
2025-09-25T02:40:55.947Z,59.5,21.1,1.927,49.6,0,60,0,0,0,0,0,0,0,0,24
2025-09-25T02:40:56.947Z,59.5,21.1,1.927,50.4,0,60,0,0,0,0,0,0,0,0,24
2025-09-25T02:40:57.951Z,59.5,21.1,1.927,49.6,0,60,0,0,0,0,0,0,0,0,24
2025-09-25T02:40:58.950Z,59.5,21.1,1.927,50.4,0,60,0,0,0,0,0,0,0,0,24
2025-09-25T02:40:59.956Z,59.5,21.1,1.928,49.6,0,60,0,0,0,0,0,0,0,0,24
2025-09-25T02:41:00.952Z,59.5,21.1,1.927,50.4,0,60,0,0,0,0,0,0,0,0,24
2025-09-25T02:41:01.954Z,59.5,21.1,1.928,49.6,0,60,0,0,0,0,0,0,0,0,24
2025-09-25T02:41:02.956Z,59.5,21.1,1.927,50.4,0,60,0,0,0,0,0,0,0,0,24
2025-09-25T02:41:03.961Z,59.5,21.1,1.927,49.6,0,60,0,0,0,0,0,0,0,0,24
2025-09-25T02:41:04.956Z,59.5,21.1,1.928,50.4,0,60,0,0,0,0,0,0,0,0,24
2025-09-25T02:41:05.956Z,59.5,21.1,1.927,49.6,0,60,0,0,0,0,0,0,0,0,24
2025-09-25T02:41:06.955Z,59.5,21.1,1.927,50.4,0,60,0,0,0,0,0,0,0,0,24
2025-09-25T02:41:07.960Z,59.5,21.1,1.927,49.6,0,60,0,0,0,0,0,0,0,0,24
2025-09-25T02:41:08.953Z,59.5,21.1,1.926,50.4,0,60,0,0,0,0,0,0,0,0,24
2025-09-25T02:41:09.961Z,59.5,21.1,1.927,49.6,0,60,0,0,0,0,0,0,0,0,24
2025-09-25T02:41:10.962Z,59.5,21.1,1.927,50.4,0,60,0,0,0,0,0,0,0,0,24
2025-09-25T02:41:11.962Z,59.5,21.1,1.927,49.6,0,60,0,0,0,0,0,0,0,0,24
2025-09-25T02:41:12.965Z,59.5,21.1,1.927,49.6,0,60,0,0,0,0,0,0,0,0,24
2025-09-25T02:41:13.962Z,59.5,21.1,1.927,50.4,0,60,0,0,0,0,0,0,0,0,24
2025-09-25T02:41:14.965Z,59.5,21.1,1.927,49.6,0,60,0,0,0,0,0,0,0,0,24
2025-09-25T02:41:15.962Z,59.5,21.1,1.927,50.4,0,60,0,0,0,0,0,0,0,0,24
2025-09-25T02:41:16.974Z,59.5,21.1,1.926,49.6,0,60,0,0,0,0,0,0,0,0,24
2025-09-25T02:41:17.967Z,59.5,21.1,1.927,50.4,0,60,0,0,0,0,0,0,0,0,24
2025-09-25T02:41:18.968Z,59.5,21.1,1.927,49.6,0,60,0,0,0,0,0,0,0,0,24
2025-09-25T02:41:19.959Z,59.5,21.1,1.926,50.4,0,60,0,0,0,0,0,0,0,0,24
2025-09-25T02:41:20.963Z,59.5,21.1,1.926,49.6,0,60,0,0,0,0,0,0,0,0,24
2025-09-25T02:41:21.963Z,59.5,21.1,1.926,50.4,0,60,0,0,0,0,0,0,0,0,24
2025-09-25T02:41:22.964Z,59.5,21.1,1.926,49.6,0,60,0,0,0,0,0,0,0,0,24
2025-09-25T02:41:23.969Z,59.5,21.1,1.927,50.4,0,60,0,0,0,0,0,0,0,0,24
2025-09-25T02:41:24.966Z,59.5,21.1,1.926,49.6,0,60,0,0,0,0,0,0,0,0,24
2025-09-25T02:41:25.974Z,59.6,21.1,1.927,50.4,0,60,0,0,0,0,0,0,0,0,24
2025-09-25T02:41:26.973Z,59.6,21.1,1.927,49.6,0,60,0,0,0,0,0,0,0,0,24
2025-09-25T02:41:27.975Z,59.6,21.1,1.927,50.4,0,60,0,0,0,0,0,0,0,0,24
2025-09-25T02:41:28.976Z,59.6,21.1,1.927,49.6,0,60,0,0,0,0,0,0,0,0,24
2025-09-25T02:41:29.980Z,59.6,21.1,1.927,50.4,0,60,0,0,0,0,0,0,0,0,24
2025-09-25T02:41:30.977Z,59.6,21.1,1.927,49.6,0,60,0,0,0,0,0,0,0,0,24
2025-09-25T02:41:31.977Z,59.6,21.1,1.927,50.4,0,60,0,0,0,0,0,0,0,0,24
2025-09-25T02:41:32.982Z,59.6,21.1,1.927,49.6,0,60,0,0,0,0,0,0,0,0,24
2025-09-25T02:41:33.979Z,59.6,21.1,1.927,50.4,0,60,0,0,0,0,0,0,0,0,24
2025-09-25T02:41:34.980Z,59.6,21.1,1.927,49.6,0,60,0,0,0,0,0,0,0,0,24
2025-09-25T02:41:35.975Z,59.6,21.1,1.926,50.4,0,60,0,0,0,0,0,0,0,0,24
2025-09-25T02:41:36.982Z,59.6,21.1,1.927,49.6,0,60,0,0,0,0,0,0,0,0,24
2025-09-25T02:41:37.981Z,59.6,21.1,1.927,50.4,0,60,0,0,0,0,0,0,0,0,24
2025-09-25T02:41:38.984Z,59.6,21.1,1.927,49.6,0,60,0,0,0,0,0,0,0,0,24
2025-09-25T02:41:39.984Z,59.6,21.1,1.927,50.4,0,60,0,0,0,0,0,0,0,0,24
2025-09-25T02:41:40.984Z,59.6,21.1,1.927,49.6,0,60,0,0,0,0,0,0,0,0,24
2025-09-25T02:41:41.985Z,59.6,21.1,1.927,50.4,0,60,0,0,0,0,0,0,0,0,24
2025-09-25T02:41:42.988Z,59.6,21.1,1.927,49.6,0,60,0,0,0,0,0,0,0,0,24
2025-09-25T02:41:43.987Z,59.6,21.1,1.927,50.4,0,60,0,0,0,0,0,0,0,0,24
2025-09-25T02:41:44.988Z,59.6,21.1,1.927,49.6,0,60,0,0,0,0,0,0,0,0,24
2025-09-25T02:41:45.992Z,59.6,21.1,1.927,50.4,0,60,0,0,0,0,0,0,0,0,24
2025-09-25T02:41:46.990Z,59.6,21.1,1.927,49.6,0,60,0,0,0,0,0,0,0,0,24
2025-09-25T02:41:47.985Z,59.6,21.1,1.927,50.4,0,60,0,0,0,0,0,0,0,0,24
2025-09-25T02:41:48.992Z,59.6,21.1,1.927,49.6,0,60,0,0,0,0,0,0,0,0,24
2025-09-25T02:41:49.992Z,59.7,21.1,1.927,50.4,0,60,0,0,0,0,0,0,0,0,24
2025-09-25T02:41:50.996Z,59.7,21.1,1.927,49.6,0,60,0,0,0,0,0,0,0,0,24
2025-09-25T02:41:51.997Z,59.7,21.1,1.927,50.4,0,60,0,0,0,0,0,0,0,0,24
2025-09-25T02:41:52.998Z,59.7,21.1,1.927,49.6,0,60,0,0,0,0,0,0,0,0,24
2025-09-25T02:41:53.999Z,59.7,21.1,1.927,49.6,0,60,0,0,0,0,0,0,0,0,24
2025-09-25T02:41:54.996Z,59.7,21.1,1.927,50.4,0,60,0,0,0,0,0,0,0,0,24
2025-09-25T02:41:56.001Z,59.7,21.1,1.927,49.6,0,60,0,0,0,0,0,0,0,0,24
2025-09-25T02:41:56.998Z,59.7,21.1,1.926,50.4,0,60,0,0,0,0,0,0,0,0,24
2025-09-25T02:41:58.003Z,59.7,21.1,1.926,49.6,0,60,0,0,0,0,0,0,0,0,24
2025-09-25T02:41:59.000Z,59.7,21.1,1.926,50.4,0,60,0,0,0,0,0,0,0,0,24
2025-09-25T02:42:00.004Z,59.7,21.1,1.926,49.6,0,60,0,0,0,0,0,0,0,0,24
2025-09-25T02:42:01.005Z,59.7,21.1,1.926,50.4,0,60,0,0,0,0,0,0,0,0,24
2025-09-25T02:42:02.006Z,59.7,21.1,1.926,49.6,0,60,0,0,0,0,0,0,0,0,24
2025-09-25T02:42:03.005Z,59.7,21.1,1.926,50.4,0,60,0,0,0,0,0,0,0,0,24
2025-09-25T02:42:04.006Z,59.7,21.1,1.926,49.6,0,60,0,0,0,0,0,0,0,0,24
2025-09-25T02:42:05.005Z,59.7,21.1,1.926,50.4,0,60,0,0,0,0,0,0,0,0,24
2025-09-25T02:42:06.007Z,59.7,21.1,1.926,49.6,0,60,0,0,0,0,0,0,0,0,24
2025-09-25T02:42:07.009Z,59.7,21.1,1.926,49.6,0,60,0,0,0,0,0,0,0,0,24
2025-09-25T02:42:08.013Z,59.7,21.1,1.926,49.6,0,60,0,0,0,0,0,0,0,0,24
2025-09-25T02:42:09.009Z,59.7,21.1,1.925,49.6,0,60,0,0,0,0,0,0,0,0,24
2025-09-25T02:42:10.013Z,59.8,21.1,1.926,49.6,0,60,0,0,0,0,0,0,0,0,24
2025-09-25T02:42:11.011Z,59.8,21.1,1.926,50.4,0,60,0,0,0,0,0,0,0,0,24
2025-09-25T02:42:12.008Z,59.8,21.1,1.926,49.6,0,60,0,0,0,0,0,0,0,0,24
2025-09-25T02:42:13.011Z,59.8,21.1,1.925,50.4,0,60,0,0,0,0,0,0,0,0,24
2025-09-25T02:42:14.014Z,59.8,21.1,1.925,49.6,0,60,0,0,0,0,0,0,0,0,24
2025-09-25T02:42:15.014Z,59.8,21.1,1.926,50.4,0,60,0,0,0,0,0,0,0,0,24
2025-09-25T02:42:16.014Z,59.8,21.1,1.925,49.6,0,60,0,0,0,0,0,0,0,0,24
2025-09-25T02:42:17.014Z,59.8,21.1,1.926,50.4,0,60,0,0,0,0,0,0,0,0,24
2025-09-25T02:42:18.020Z,59.8,21.1,1.925,49.6,0,60,0,0,0,0,0,0,0,0,24
2025-09-25T02:42:19.020Z,59.8,21.1,1.925,50.4,0,60,0,0,0,0,0,0,0,0,24
2025-09-25T02:42:20.016Z,59.8,21.1,1.926,49.6,0,60,0,0,0,0,0,0,0,0,24
2025-09-25T02:42:21.024Z,59.8,21.1,1.925,50.4,0,60,0,0,0,0,0,0,0,0,24
2025-09-25T02:42:22.022Z,59.8,21.1,1.925,49.6,0,60,0,0,0,0,0,0,0,0,24
2025-09-25T02:42:23.026Z,59.8,21.1,1.925,50.4,0,60,0,0,0,0,0,0,0,0,24
2025-09-25T02:42:24.027Z,59.9,21.1,1.925,49.6,0,60,0,0,0,0,0,0,0,0,24
2025-09-25T02:42:25.020Z,59.9,21.1,1.926,50.4,0,60,0,0,0,0,0,0,0,0,24
2025-09-25T02:42:26.028Z,59.9,21.1,1.925,49.6,0,60,0,0,0,0,0,0,0,0,24
2025-09-25T02:42:27.027Z,59.9,21.1,1.925,49.6,0,60,0,0,0,0,0,0,0,0,24
2025-09-25T02:42:28.031Z,59.9,21.1,1.925,49.6,0,60,0,0,0,0,0,0,0,0,24
2025-09-25T02:42:29.032Z,59.9,21.1,1.925,50.4,0,60,0,0,0,0,0,0,0,0,24
2025-09-25T02:42:30.032Z,59.9,21.1,1.925,49.6,0,60,0,0,0,0,0,0,0,0,24
2025-09-25T02:42:31.032Z,59.9,21.1,1.925,50.4,0,60,0,0,0,0,0,0,0,0,24
2025-09-25T02:42:32.034Z,59.9,21.1,1.925,49.6,0,60,0,0,0,0,0,0,0,0,24
2025-09-25T02:42:33.030Z,59.9,21.1,1.925,49.6,0,60,0,0,0,0,0,0,0,0,24
2025-09-25T02:42:34.027Z,59.9,21.1,1.926,49.6,0,60,0,0,0,0,0,0,0,0,24
2025-09-25T02:42:35.037Z,59.9,21.1,1.925,50.4,0,60,0,0,0,0,0,0,0,0,24
2025-09-25T02:42:36.034Z,59.9,21.1,1.925,49.6,0,60,0,0,0,0,0,0,0,0,24
2025-09-25T02:42:37.034Z,59.9,21.1,1.925,50.4,0,60,0,0,0,0,0,0,0,0,24
2025-09-25T02:42:38.039Z,59.9,21.1,1.925,49.6,0,60,0,0,0,0,0,0,0,0,24
2025-09-25T02:42:39.039Z,60,21.1,1.924,49.6,0,60,0,0,0,0,0,0,0,0,24
2025-09-25T02:42:40.040Z,60,21.1,1.925,50.4,0,60,0,0,0,0,0,0,0,0,24
2025-09-25T02:42:41.042Z,60,21.1,1.924,49.6,0,60,0,0,0,0,0,0,0,0,24
2025-09-25T02:42:42.036Z,60,21.1,1.924,50.4,0,60,0,0,0,0,0,0,0,0,24
2025-09-25T02:42:43.043Z,60,21.1,1.924,49.6,0,60,0,0,0,0,0,0,0,0,24
2025-09-25T02:42:44.035Z,60,21.1,1.925,49.6,0,60,0,0,0,0,0,0,0,0,24
2025-09-25T02:42:45.045Z,60,21.1,1.924,50.4,0,60,0,0,0,0,0,0,0,0,24
2025-09-25T02:42:46.043Z,60,21.1,1.924,49.6,0,60,0,0,0,0,0,0,0,0,24
2025-09-25T02:42:47.047Z,60,21.1,1.923,50.4,0,60,0,0,0,0,0,0,0,0,24
2025-09-25T02:42:48.049Z,60,21.1,1.924,49.6,0,60,0,0,0,0,0,0,0,0,24
2025-09-25T02:42:49.046Z,60,21.1,1.924,49.6,0,60,0,0,0,0,0,0,0,0,24
2025-09-25T02:42:50.041Z,60,21.1,1.924,50.4,0,60,0,0,0,0,0,0,0,0,24
2025-09-25T02:42:51.041Z,60,21.1,1.925,49.6,0,60,0,0,0,0,0,0,0,0,24
2025-09-25T02:42:52.050Z,60,21.1,1.923,50.4,0,60,0,0,0,0,0,0,0,0,24
2025-09-25T02:42:53.051Z,60,21.1,1.923,50.4,0,60,0,0,0,0,0,0,0,0,24
2025-09-25T02:42:54.054Z,60,21.1,1.923,49.6,0,60,0,0,0,0,0,0,0,0,24
2025-09-25T02:42:55.052Z,60.1,21.1,1.923,50.4,0,60,0,0,0,0,0,0,0,0,24
2025-09-25T02:42:56.057Z,60.1,21.1,1.924,49.6,0,60,0,0,0,0,0,0,0,0,24
2025-09-25T02:42:57.052Z,60.1,21.1,1.923,50.4,0,59.9,0,0,0,0,0,0,0,0,24
2025-09-25T02:42:58.057Z,60.1,21.1,1.923,49.6,0,60,0,0,0,0,0,0,0,0,24
2025-09-25T02:42:59.061Z,60.1,21.1,1.923,49.6,0,60,0,0,0,0,0,0,0,0,24
2025-09-25T02:43:00.059Z,60.1,21.1,1.923,50.4,0,60,0,0,0,0,0,0,0,0,24
2025-09-25T02:43:01.060Z,60.1,21.1,1.923,49.6,0,60,0,0,0,0,0,0,0,0,24
2025-09-25T02:43:02.052Z,60.1,21.1,1.923,50.4,0,60,0,0,0,0,0,0,0,0,24
2025-09-25T02:43:03.060Z,60.1,21.1,1.923,49.6,0,60,0,0,0,0,0,0,0,0,24
2025-09-25T02:43:04.057Z,60.1,21.1,1.923,49.6,0,60,0,0,0,0,0,0,0,0,24
2025-09-25T02:43:05.062Z,60.1,21.1,1.923,50.4,0,60,0,0,0,0,0,0,0,0,24
2025-09-25T02:43:06.061Z,60.1,21.1,1.923,49.6,0,59.9,0,0,0,0,0,0,0,0,24
2025-09-25T02:43:07.067Z,60.2,21.1,1.924,50.4,0,60,0,0,0,0,0,0,0,0,24
2025-09-25T02:43:08.062Z,60.2,21.1,1.923,49.6,0,59.9,0,0,0,0,0,0,0,0,24
2025-09-25T02:43:09.056Z,60.2,21.1,1.923,49.6,0,59.9,0,0,0,0,0,0,0,0,24
2025-09-25T02:43:10.058Z,60.2,21.1,1.923,50.4,0,59.9,0,0,0,0,0,0,0,0,24
2025-09-25T02:43:11.060Z,60.2,21.1,1.923,49.6,0,59.9,0,0,0,0,0,0,0,0,24
2025-09-25T02:43:12.060Z,60.2,21.1,1.923,49.6,0,59.9,0,0,0,0,0,0,0,0,24
2025-09-25T02:43:13.064Z,60.2,21.1,1.923,50.4,0,60,0,0,0,0,0,0,0,0,24
2025-09-25T02:43:14.061Z,60.2,21.1,1.923,49.6,0,59.9,0,0,0,0,0,0,0,0,24
2025-09-25T02:43:15.063Z,60.2,21.1,1.923,49.6,0,59.9,0,0,0,0,0,0,0,0,24
2025-09-25T02:43:16.064Z,60.2,21.1,1.923,50.4,0,59.9,0,0,0,0,0,0,0,0,24
2025-09-25T02:43:17.067Z,60.2,21.1,1.923,50.4,0,59.9,0,0,0,0,0,0,0,0,24
2025-09-25T02:43:18.071Z,60.2,21.1,1.923,49.6,0,59.9,0,0,0,0,0,0,0,0,24
2025-09-25T02:43:19.072Z,60.2,21.1,1.923,50.4,0,59.9,0,0,0,0,0,0,0,0,24
2025-09-25T02:43:20.069Z,60.3,21.1,1.923,50.4,0,59.9,0,0,0,0,0,0,0,0,24
2025-09-25T02:43:21.073Z,60.3,21.1,1.923,49.6,0,59.9,0,0,0,0,0,0,0,0,24
2025-09-25T02:43:22.075Z,60.3,21.1,1.923,50.4,0,59.9,0,0,0,0,0,0,0,0,24
2025-09-25T02:43:23.074Z,60.3,21.1,1.923,49.6,0,59.9,0,0,0,0,0,0,0,0,24
2025-09-25T02:43:24.074Z,60.3,21.1,1.923,50.4,0,59.9,0,0,0,0,0,0,0,0,24
2025-09-25T02:43:25.068Z,60.3,21.1,1.923,49.6,0,59.9,0,0,0,0,0,0,0,0,24
2025-09-25T02:43:26.078Z,60.3,21.1,1.923,50.4,0,59.9,0,0,0,0,0,0,0,0,24
2025-09-25T02:43:27.073Z,60.3,21.1,1.923,49.6,0,59.9,0,0,0,0,0,0,0,0,24
2025-09-25T02:43:28.080Z,60.3,21.1,1.923,49.6,0,59.9,0,0,0,0,0,0,0,0,24
2025-09-25T02:43:29.077Z,60.3,21.1,1.923,50.4,0,59.9,0,0,0,0,0,0,0,0,24
2025-09-25T02:43:30.078Z,60.3,21.1,1.923,49.6,0,59.9,0,0,0,0,0,0,0,0,24
2025-09-25T02:43:31.082Z,60.3,21.1,1.923,50.4,0,59.9,0,0,0,0,0,0,0,0,24
2025-09-25T02:43:32.081Z,60.3,21.1,1.923,50.4,0,59.9,0,0,0,0,0,0,0,0,24
2025-09-25T02:43:33.084Z,60.3,21.1,1.923,49.6,0,59.9,0,0,0,0,0,0,0,0,24
2025-09-25T02:43:34.083Z,60.4,21.1,1.923,50.4,0,59.9,0,0,0,0,0,0,0,0,24
2025-09-25T02:43:35.085Z,60.4,21.1,1.923,49.6,0,59.9,0,0,0,0,0,0,0,0,24
2025-09-25T02:43:36.085Z,60.4,21.1,1.923,50.4,0,59.9,0,0,0,0,0,0,0,0,24
2025-09-25T02:43:37.083Z,60.4,21.1,1.923,49.6,0,59.9,0,0,0,0,0,0,0,0,24
2025-09-25T02:43:38.088Z,60.4,21.1,1.923,50.4,0,59.9,0,0,0,0,0,0,0,0,24
2025-09-25T02:43:39.086Z,60.4,21.1,1.923,49.6,0,59.9,0,0,0,0,0,0,0,0,24
2025-09-25T02:43:40.089Z,60.4,21.1,1.923,50.4,0,59.9,0,0,0,0,0,0,0,0,24
2025-09-25T02:43:41.090Z,60.4,21.1,1.923,49.6,0,59.9,0,0,0,0,0,0,0,0,24
2025-09-25T02:43:42.086Z,60.4,21.1,1.922,49.6,0,59.9,0,0,0,0,0,0,0,0,24
2025-09-25T02:43:43.092Z,60.4,21.1,1.923,50.4,0,59.9,0,0,0,0,0,0,0,0,24
2025-09-25T02:43:44.090Z,60.4,21.1,1.923,49.6,0,59.9,0,0,0,0,0,0,0,0,24
2025-09-25T02:43:45.094Z,60.4,21.1,1.923,50.4,0,59.9,0,0,0,0,0,0,0,0,24
2025-09-25T02:43:46.093Z,60.4,21.1,1.923,49.6,0,59.9,0,0,0,0,0,0,0,0,24
2025-09-25T02:43:47.097Z,60.4,21.1,1.923,50.4,0,59.9,0,0,0,0,0,0,0,0,24
2025-09-25T02:43:48.096Z,60.5,21.1,1.923,50.4,0,59.9,0,0,0,0,0,0,0,0,24
2025-09-25T02:43:49.097Z,60.5,21.1,1.923,49.6,0,59.9,0,0,0,0,0,0,0,0,24
2025-09-25T02:43:50.094Z,60.5,21.1,1.922,50.4,0,59.9,0,0,0,0,0,0,0,0,24
2025-09-25T02:43:51.092Z,60.5,21.1,1.922,49.6,0,59.9,0,0,0,0,0,0,0,0,24
2025-09-25T02:43:52.099Z,60.5,21.1,1.923,49.6,0,59.9,0,0,0,0,0,0,0,0,24
2025-09-25T02:43:53.099Z,60.5,21.1,1.923,49.6,0,59.9,0,0,0,0,0,0,0,0,24
2025-09-25T02:43:54.100Z,60.5,21.1,1.923,50.4,0,59.9,0,0,0,0,0,0,0,0,24
2025-09-25T02:43:55.102Z,60.5,21.1,1.922,50.4,0,59.9,0,0,0,0,0,0,0,0,24
2025-09-25T02:43:56.100Z,60.5,21.1,1.922,49.6,0,59.9,0,0,0,0,0,0,0,0,24
2025-09-25T02:43:57.099Z,60.5,21.1,1.921,49.6,0,59.9,0,0,0,0,0,0,0,0,24
2025-09-25T02:43:58.105Z,60.5,21.1,1.922,50.4,0,59.9,0,0,0,0,0,0,0,0,24
2025-09-25T02:43:59.108Z,60.5,21.1,1.922,50.4,0,59.9,0,0,0,0,0,0,0,0,24
2025-09-25T02:44:00.108Z,60.5,21.1,1.922,49.6,0,59.9,0,0,0,0,0,0,0,0,24
2025-09-25T02:44:01.107Z,60.5,21.1,1.922,50.4,0,59.9,0,0,0,0,0,0,0,0,24
2025-09-25T02:44:02.111Z,60.6,21.1,1.922,49.6,0,59.9,0,0,0,0,0,0,0,0,24
2025-09-25T02:44:03.106Z,60.6,21.1,1.922,50.4,0,59.9,0,0,0,0,0,0,0,0,24
2025-09-25T02:44:04.107Z,60.6,21.1,1.922,49.6,0,59.9,0,0,0,0,0,0,0,0,24
2025-09-25T02:44:05.112Z,60.6,21.1,1.922,50.4,0,59.9,0,0,0,0,0,0,0,0,24
2025-09-25T02:44:06.111Z,60.6,21.1,1.922,49.6,0,59.9,0,0,0,0,0,0,0,0,24
2025-09-25T02:44:07.107Z,60.6,21.1,1.922,50.4,0,59.9,0,0,0,0,0,0,0,0,24
2025-09-25T02:44:08.113Z,60.6,21.1,1.922,49.6,0,59.9,0,0,0,0,0,0,0,0,24
2025-09-25T02:44:09.110Z,60.6,21.1,1.922,50.4,0,59.9,0,0,0,0,0,0,0,0,24
2025-09-25T02:44:10.113Z,60.6,21.1,1.922,49.6,0,59.9,0,0,0,0,0,0,0,0,24
2025-09-25T02:44:11.119Z,60.6,21.1,1.922,50.4,0,59.9,0,0,0,0,0,0,0,0,24
2025-09-25T02:44:12.110Z,60.6,21.1,1.922,49.6,0,59.9,0,0,0,0,0,0,0,0,24
2025-09-25T02:44:13.109Z,60.6,21.1,1.922,50.4,0,59.9,0,0,0,0,0,0,0,0,24
2025-09-25T02:44:14.121Z,60.6,21.1,1.922,49.6,0,59.9,0,0,0,0,0,0,0,0,24
2025-09-25T02:44:15.119Z,60.7,21.1,1.922,50.4,0,59.9,0,0,0,0,0,0,0,0,24
2025-09-25T02:44:16.113Z,60.7,21.1,1.922,49.6,0,59.9,0,0,0,0,0,0,0,0,24
2025-09-25T02:44:17.117Z,60.7,21.1,1.922,50.4,0,59.9,0,0,0,0,0,0,0,0,24
2025-09-25T02:44:18.118Z,60.7,21.1,1.922,49.6,0,59.9,0,0,0,0,0,0,0,0,24
2025-09-25T02:44:19.121Z,60.7,21.1,1.922,50.4,0,59.9,0,0,0,0,0,0,0,0,24
2025-09-25T02:44:20.122Z,60.7,21.1,1.922,49.6,0,59.9,0,0,0,0,0,0,0,0,24
2025-09-25T02:44:21.118Z,60.7,21.1,1.922,50.4,0,59.9,0,0,0,0,0,0,0,0,24
2025-09-25T02:44:22.123Z,60.7,21.1,1.922,49.6,0,59.9,0,0,0,0,0,0,0,0,24
2025-09-25T02:44:23.125Z,60.7,21.1,1.922,50.4,0,59.9,0,0,0,0,0,0,0,0,24
2025-09-25T02:44:24.124Z,60.7,21.1,1.922,49.6,0,59.9,0,0,0,0,0,0,0,0,24
2025-09-25T02:44:25.126Z,60.7,21.1,1.922,50.4,0,59.9,0,0,0,0,0,0,0,0,24
2025-09-25T02:44:26.124Z,60.7,21.1,1.922,49.6,0,59.9,0,0,0,0,0,0,0,0,24
2025-09-25T02:44:27.120Z,60.7,21.1,1.922,50.4,0,59.9,0,0,0,0,0,0,0,0,24
2025-09-25T02:44:28.131Z,60.7,21.1,1.922,49.6,0,59.9,0,0,0,0,0,0,0,0,24
2025-09-25T02:44:29.128Z,60.7,21.1,1.922,50.4,0,59.9,0,0,0,0,0,0,0,0,24
2025-09-25T02:44:30.120Z,60.7,21.1,1.922,49.6,0,59.9,0,0,0,0,0,0,0,0,24
2025-09-25T02:44:31.124Z,60.7,21.1,1.922,50.4,0,59.9,0,0,0,0,0,0,0,0,24
2025-09-25T02:44:32.136Z,60.7,21.1,1.921,49.6,0,59.9,0,0,0,0,0,0,0,0,24
2025-09-25T02:44:33.133Z,60.7,21.1,1.921,50.4,0,59.9,0,0,0,0,0,0,0,0,24
2025-09-25T02:44:34.133Z,60.8,21.1,1.921,49.6,0,59.9,0,0,0,0,0,0,0,0,24
2025-09-25T02:44:35.136Z,60.8,21.1,1.921,50.4,0,59.9,0,0,0,0,0,0,0,0,24
2025-09-25T02:44:36.131Z,60.8,21.1,1.921,49.6,0,59.9,0,0,0,0,0,0,0,0,24
2025-09-25T02:44:37.129Z,60.8,21.1,1.922,50.4,0,59.9,0,0,0,0,0,0,0,0,24
2025-09-25T02:44:38.132Z,60.8,21.1,1.921,49.6,0,59.9,0,0,0,0,0,0,0,0,24
2025-09-25T02:44:39.130Z,60.8,21.1,1.921,50.4,0,59.9,0,0,0,0,0,0,0,0,24
2025-09-25T02:44:40.133Z,60.8,21.1,1.921,49.6,0,59.9,0,0,0,0,0,0,0,0,24
2025-09-25T02:44:41.137Z,60.8,21.1,1.921,50.4,0,59.9,0,0,0,0,0,0,0,0,24
2025-09-25T02:44:42.138Z,60.8,21.1,1.921,49.6,0,59.9,0,0,0,0,0,0,0,0,24
2025-09-25T02:44:43.138Z,60.8,21.1,1.921,50.4,0,59.9,0,0,0,0,0,0,0,0,24
2025-09-25T02:44:44.137Z,60.8,21.1,1.921,49.6,0,59.9,0,0,0,0,0,0,0,0,24
2025-09-25T02:44:45.143Z,60.8,21.1,1.92,49.6,0,59.9,0,0,0,0,0,0,0,0,24
2025-09-25T02:44:46.139Z,60.8,21.1,1.921,49.6,0,59.9,0,0,0,0,0,0,0,0,24
2025-09-25T02:44:47.144Z,60.8,21.1,1.92,50.4,0,59.9,0,0,0,0,0,0,0,0,24
2025-09-25T02:44:48.136Z,60.9,21.1,1.921,49.6,0,59.9,0,0,0,0,0,0,0,0,24
2025-09-25T02:44:49.142Z,60.9,21.1,1.921,49.6,0,59.9,0,0,0,0,0,0,0,0,24
2025-09-25T02:44:50.148Z,60.9,21.1,1.92,49.6,0,59.9,0,0,0,0,0,0,0,0,24
2025-09-25T02:44:51.143Z,60.9,21.1,1.921,50.4,0,59.9,0,0,0,0,0,0,0,0,24
2025-09-25T02:44:52.144Z,60.9,21.1,1.92,49.6,0,59.9,0,0,0,0,0,0,0,0,24
2025-09-25T02:44:53.149Z,60.9,21.1,1.92,50.4,0,59.9,0,0,0,0,0,0,0,0,24
2025-09-25T02:44:54.150Z,60.9,21.1,1.92,49.6,0,59.9,0,0,0,0,0,0,0,0,24
2025-09-25T02:44:55.152Z,60.9,21.1,1.92,50.4,0,59.9,0,0,0,0,0,0,0,0,24
2025-09-25T02:44:56.153Z,60.9,21.1,1.92,49.6,0,59.9,0,0,0,0,0,0,0,0,24
2025-09-25T02:44:57.150Z,60.9,21.1,1.92,50.4,0,59.9,0,0,0,0,0,0,0,0,24
2025-09-25T02:44:58.155Z,60.9,21.1,1.92,49.6,0,59.9,0,0,0,0,0,0,0,0,24
2025-09-25T02:44:59.154Z,60.9,21.1,1.92,50.4,0,59.9,0,0,0,0,0,0,0,0,24
2025-09-25T02:45:00.152Z,60.9,21.1,1.92,49.6,0,59.9,0,0,0,0,0,0,0,0,24
2025-09-25T02:45:01.157Z,60.9,21.1,1.92,50.4,0,59.9,0,0,0,0,0,0,0,0,24
2025-09-25T02:45:02.157Z,60.9,21.1,1.92,49.6,0,59.9,0,0,0,0,0,0,0,0,24
2025-09-25T02:45:03.157Z,60.9,21.1,1.92,50.4,0,59.9,0,0,0,0,0,0,0,0,24
2025-09-25T02:45:04.159Z,60.9,21.1,1.92,49.6,0,59.9,0,0,0,0,0,0,0,0,24
2025-09-25T02:45:05.159Z,60.9,21.1,1.92,50.4,0,59.9,0,0,0,0,0,0,0,0,24
2025-09-25T02:45:06.165Z,60.9,21.1,1.92,49.6,0,59.9,0,0,0,0,0,0,0,0,24
2025-09-25T02:45:07.159Z,60.9,21.1,1.92,50.4,0,59.9,0,0,0,0,0,0,0,0,24
2025-09-25T02:45:08.167Z,61,21.1,1.92,49.6,0,59.9,0,0,0,0,0,0,0,0,24
2025-09-25T02:45:09.153Z,61,21.1,1.92,49.6,0,59.9,0,0,0,0,0,0,0,0,24
2025-09-25T02:45:10.163Z,61,21.1,1.92,49.6,0,59.9,0,0,0,0,0,0,0,0,24
2025-09-25T02:45:11.156Z,61,21.1,1.92,50.4,0,59.9,0,0,0,0,0,0,0,0,24
2025-09-25T02:45:12.169Z,61,21.1,1.92,49.6,0,59.9,0,0,0,0,0,0,0,0,24
2025-09-25T02:45:13.168Z,61,21.1,1.92,50.4,0,59.9,0,0,0,0,0,0,0,0,24
2025-09-25T02:45:14.163Z,61,21.1,1.92,49.6,0,59.9,0,0,0,0,0,0,0,0,24
2025-09-25T02:45:15.161Z,61,21.1,1.92,50.4,0,59.9,0,0,0,0,0,0,0,0,24
2025-09-25T02:45:16.167Z,61,21.1,1.92,49.6,0,59.9,0,0,0,0,0,0,0,0,24
2025-09-25T02:45:17.166Z,61,21.1,1.92,50.4,0,59.9,0,0,0,0,0,0,0,0,24
2025-09-25T02:45:18.169Z,61,21.1,1.92,49.6,0,59.9,0,0,0,0,0,0,0,0,24
2025-09-25T02:45:19.170Z,61,21.1,1.92,50.4,0,59.9,0,0,0,0,0,0,0,0,24
2025-09-25T02:45:20.163Z,61,21.1,1.92,49.6,0,59.9,0,0,0,0,0,0,0,0,24
2025-09-25T02:45:21.173Z,61,21.1,1.92,50.4,0,59.9,0,0,0,0,0,0,0,0,24
2025-09-25T02:45:22.173Z,61,21.1,1.92,49.6,0,59.9,0,0,0,0,0,0,0,0,24
2025-09-25T02:45:23.171Z,61,21.1,1.92,49.6,0,59.9,0,0,0,0,0,0,0,0,24
2025-09-25T02:45:24.171Z,61,21.1,1.92,49.6,0,59.9,0,0,0,0,0,0,0,0,24
2025-09-25T02:45:25.169Z,61,21.1,1.92,49.6,0,59.9,0,0,0,0,0,0,0,0,24
2025-09-25T02:45:26.169Z,61,21.1,1.92,50.4,0,59.9,0,0,0,0,0,0,0,0,24
2025-09-25T02:45:27.175Z,61,21.1,1.92,49.6,0,59.9,0,0,0,0,0,0,0,0,24
2025-09-25T02:45:28.178Z,61,21.1,1.92,49.6,0,59.9,0,0,0,0,0,0,0,0,24
2025-09-25T02:45:29.183Z,61,21.1,1.92,50.4,0,59.9,0,0,0,0,0,0,0,0,24
2025-09-25T02:45:30.188Z,61,21.1,1.92,49.6,0,59.9,0,0,0,0,0,0,0,0,24
2025-09-25T02:45:31.182Z,61,21.1,1.92,49.6,0,59.9,0,0,0,0,0,0,0,0,24
2025-09-25T02:45:32.185Z,61,21.1,1.92,50.4,0,59.9,0,0,0,0,0,0,0,0,24
2025-09-25T02:45:33.183Z,61,21.1,1.92,49.6,0,59.9,0,0,0,0,0,0,0,0,24
2025-09-25T02:45:34.186Z,61,21.1,1.92,50.4,0,59.9,0,0,0,0,0,0,0,0,24
2025-09-25T02:45:35.182Z,61,21.1,1.92,50.4,0,59.9,0,0,0,0,0,0,0,0,24
2025-09-25T02:45:36.189Z,61,21.1,1.92,49.6,0,59.9,0,0,0,0,0,0,0,0,24
2025-09-25T02:45:37.186Z,61,21.1,1.92,50.4,0,59.9,0,0,0,0,0,0,0,0,24
2025-09-25T02:45:38.182Z,61,21.1,1.92,49.6,0,59.9,0,0,0,0,0,0,0,0,24
2025-09-25T02:45:39.183Z,61,21.1,1.92,50.4,0,59.9,0,0,0,0,0,0,0,0,24
2025-09-25T02:45:40.183Z,61,21.1,1.92,50.4,0,59.9,0,0,0,0,0,0,0,0,24
2025-09-25T02:45:41.183Z,61.1,21.1,1.92,49.6,0,59.9,0,0,0,0,0,0,0,0,24
2025-09-25T02:45:42.181Z,61.1,21.1,1.92,50.4,0,59.9,0,0,0,0,0,0,0,0,24
2025-09-25T02:45:43.191Z,61.1,21.1,1.92,49.6,0,59.9,0,0,0,0,0,0,0,0,24
2025-09-25T02:45:44.195Z,61.1,21.1,1.92,50.4,0,59.9,0,0,0,0,0,0,0,0,24
2025-09-25T02:45:45.193Z,61.1,21.1,1.92,49.6,0,59.9,0,0,0,0,0,0,0,0,24
2025-09-25T02:45:46.193Z,61,21.1,1.92,50.4,0,59.9,0,0,0,0,0,0,0,0,24
2025-09-25T02:45:47.192Z,61.1,21.1,1.92,49.6,0,59.9,0,0,0,0,0,0,0,0,24
2025-09-25T02:45:48.196Z,61.1,21.1,1.92,49.6,0,59.9,0,0,0,0,0,0,0,0,24
2025-09-25T02:45:49.196Z,61.1,21.1,1.92,50.4,0,59.9,0,0,0,0,0,0,0,0,24
2025-09-25T02:45:50.189Z,61.1,21.1,1.92,49.6,0,59.9,0,0,0,0,0,0,0,0,24
2025-09-25T02:45:51.199Z,61.1,21.1,1.92,50.4,0,59.9,0,0,0,0,0,0,0,0,24
2025-09-25T02:45:52.196Z,61.1,21.1,1.92,50.4,0,59.9,0,0,0,0,0,0,0,0,24
2025-09-25T02:45:53.202Z,61.1,21.1,1.92,49.6,0,59.9,0,0,0,0,0,0,0,0,24
2025-09-25T02:45:54.199Z,61.1,21.1,1.92,50.4,0,59.9,0,0,0,0,0,0,0,0,24
2025-09-25T02:45:55.199Z,61.1,21.1,1.92,49.6,0,59.9,0,0,0,0,0,0,0,0,24
2025-09-25T02:45:56.206Z,61.1,21.1,1.92,50.4,0,59.9,0,0,0,0,0,0,0,0,24
2025-09-25T02:45:57.207Z,61.1,21.1,1.92,49.6,0,59.9,0,0,0,0,0,0,0,0,24
2025-09-25T02:45:58.204Z,61.1,21.1,1.92,50.4,0,59.9,0,0,0,0,0,0,0,0,24
2025-09-25T02:45:59.200Z,61.1,21.1,1.92,49.6,0,59.9,0,0,0,0,0,0,0,0,24
2025-09-25T02:46:00.209Z,61.1,21.1,1.92,50.4,0,59.9,0,0,0,0,0,0,0,0,24
2025-09-25T02:46:01.206Z,61.1,21.1,1.92,49.6,0,59.9,0,0,0,0,0,0,0,0,24
2025-09-25T02:46:02.206Z,61.1,21.1,1.92,50.4,0,59.9,0,0,0,0,0,0,0,0,24
2025-09-25T02:46:03.201Z,61.1,21.1,1.919,49.6,0,59.9,0,0,0,0,0,0,0,0,24
2025-09-25T02:46:04.211Z,61.1,21.1,1.92,50.4,0,59.9,0,0,0,0,0,0,0,0,24
2025-09-25T02:46:05.211Z,61.1,21.1,1.92,49.6,0,59.9,0,0,0,0,0,0,0,0,24
2025-09-25T02:46:06.213Z,61.1,21.1,1.92,49.6,0,59.9,0,0,0,0,0,0,0,0,24
2025-09-25T02:46:07.209Z,61.1,21.1,1.92,50.4,0,59.9,0,0,0,0,0,0,0,0,24
2025-09-25T02:46:08.212Z,61.1,21.1,1.92,49.6,0,59.9,0,0,0,0,0,0,0,0,24
2025-09-25T02:46:09.210Z,61.1,21.1,1.92,50.4,0,59.9,0,0,0,0,0,0,0,0,24
2025-09-25T02:46:10.206Z,61.1,21.1,1.92,49.6,0,59.9,0,0,0,0,0,0,0,0,24
2025-09-25T02:46:11.206Z,61.1,21.1,1.92,50.4,0,59.9,0,0,0,0,0,0,0,0,24
2025-09-25T02:46:12.211Z,61.1,21.1,1.92,49.6,0,59.9,0,0,0,0,0,0,0,0,24
2025-09-25T02:46:13.216Z,61.1,21.1,1.919,50.4,0,59.9,0,0,0,0,0,0,0,0,24
2025-09-25T02:46:14.218Z,61.1,21.1,1.92,49.6,0,59.9,0,0,0,0,0,0,0,0,24
2025-09-25T02:46:15.219Z,61.1,21.1,1.919,50.4,0,59.9,0,0,0,0,0,0,0,0,24
2025-09-25T02:46:16.219Z,61.1,21.1,1.92,49.6,0,59.9,0,0,0,0,0,0,0,0,24
2025-09-25T02:46:17.219Z,61.1,21.1,1.92,49.6,0,59.9,0,0,0,0,0,0,0,0,24
2025-09-25T02:46:18.221Z,61.1,21.1,1.919,49.6,0,59.9,0,0,0,0,0,0,0,0,24
2025-09-25T02:46:19.222Z,61,21.1,1.92,50.4,0,59.9,0,0,0,0,0,0,0,0,24
2025-09-25T02:46:20.222Z,61,21.1,1.92,49.6,0,59.9,0,0,0,0,0,0,0,0,24
2025-09-25T02:46:21.219Z,61,21.1,1.92,49.6,0,59.9,0,0,0,0,0,0,0,0,24
2025-09-25T02:46:22.227Z,61.1,21.1,1.92,50.4,0,59.9,0,0,0,0,0,0,0,0,24
2025-09-25T02:46:23.228Z,61,21.1,1.92,49.6,0,59.9,0,0,0,0,0,0,0,0,24
2025-09-25T02:46:24.230Z,61,21.1,1.92,50.4,0,59.9,0,0,0,0,0,0,0,0,24
2025-09-25T02:46:25.230Z,61,21.1,1.92,49.6,0,59.9,0,0,0,0,0,0,0,0,24
2025-09-25T02:46:26.230Z,61,21.1,1.92,49.6,0,59.9,0,0,0,0,0,0,0,0,24
2025-09-25T02:46:27.231Z,61,21.1,1.92,50.4,0,59.9,0,0,0,0,0,0,0,0,24
2025-09-25T02:46:28.231Z,61,21.1,1.92,49.6,0,59.9,0,0,0,0,0,0,0,0,24
2025-09-25T02:46:29.233Z,61,21.1,1.919,49.6,0,59.9,0,0,0,0,0,0,0,0,24
2025-09-25T02:46:30.236Z,61,21.1,1.92,50.4,0,59.9,0,0,0,0,0,0,0,0,24
2025-09-25T02:46:31.233Z,61,21.1,1.92,50.4,0,59.9,0,0,0,0,0,0,0,0,24
2025-09-25T02:46:32.225Z,61,21.1,1.92,49.6,0,60,0,0,0,0,0,0,0,0,24
2025-09-25T02:46:33.234Z,61,21.1,1.92,50.4,0,59.9,0,0,0,0,0,0,0,0,24
2025-09-25T02:46:34.235Z,61,21.1,1.919,49.6,0,59.9,0,0,0,0,0,0,0,0,24
2025-09-25T02:46:35.238Z,61,21.1,1.92,49.6,0,59.9,0,0,0,0,0,0,0,0,24
2025-09-25T02:46:36.235Z,61,21.1,1.92,50.4,0,59.9,0,0,0,0,0,0,0,0,24
2025-09-25T02:46:37.236Z,61,21.1,1.92,49.6,0,59.9,0,0,0,0,0,0,0,0,24
2025-09-25T02:46:38.238Z,61,21.1,1.92,49.6,0,60,0,0,0,0,0,0,0,0,24
2025-09-25T02:46:39.238Z,61,21.1,1.92,50.4,0,60,0,0,0,0,0,0,0,0,24
2025-09-25T02:46:40.242Z,61,21.1,1.92,49.6,0,60,0,0,0,0,0,0,0,0,24
2025-09-25T02:46:41.240Z,61,21.1,1.92,49.6,0,60,0,0,0,0,0,0,0,0,24
2025-09-25T02:46:42.235Z,61,21.1,1.92,50.4,0,60,0,0,0,0,0,0,0,0,24
2025-09-25T02:46:43.237Z,61,21.1,1.92,50.4,0,60,0,0,0,0,0,0,0,0,24
2025-09-25T02:46:44.242Z,61,21.1,1.92,49.6,0,60,0,0,0,0,0,0,0,0,24
2025-09-25T02:46:45.243Z,61,21.1,1.92,50.4,0,60,0,0,0,0,0,0,0,0,24
2025-09-25T02:46:46.248Z,61,21.1,1.92,50.4,0,60,0,0,0,0,0,0,0,0,24
2025-09-25T02:46:47.245Z,61,21.1,1.92,49.6,0,60,0,0,0,0,0,0,0,0,24
2025-09-25T02:46:48.246Z,61,21.1,1.92,50.4,0,60,0,0,0,0,0,0,0,0,24
2025-09-25T02:46:49.249Z,61,21.1,1.92,49.6,0,60,0,0,0,0,0,0,0,0,24
2025-09-25T02:46:50.247Z,61,21.1,1.92,50.4,0,60,0,0,0,0,0,0,0,0,24
2025-09-25T02:46:51.250Z,61,21.1,1.92,49.6,0,60,0,0,0,0,0,0,0,0,24
2025-09-25T02:46:52.250Z,61,21.1,1.92,50.4,0,60,0,0,0,0,0,0,0,0,24
2025-09-25T02:46:53.247Z,61,21.1,1.92,49.6,0,60,0,0,0,0,0,0,0,0,24
2025-09-25T02:46:54.252Z,61,21.1,1.92,49.6,0,60,0,0,0,0,0,0,0,0,24
2025-09-25T02:46:55.253Z,61,21.1,1.92,50.4,0,60,0,0,0,0,0,0,0,0,24
2025-09-25T02:46:56.257Z,61,21.1,1.92,49.6,0,60,0,0,0,0,0,0,0,0,24
2025-09-25T02:46:57.255Z,61,21.1,1.92,50.4,0,60,0,0,0,0,0,0,0,0,24
2025-09-25T02:46:58.258Z,61,21.1,1.92,49.6,0,60,0,0,0,0,0,0,0,0,24
2025-09-25T02:46:59.256Z,61,21.1,1.92,49.6,0,60,0,0,0,0,0,0,0,0,24
2025-09-25T02:47:00.261Z,61,21.1,1.92,50.4,0,60,0,0,0,0,0,0,0,0,24
2025-09-25T02:47:01.254Z,61,21.1,1.92,49.6,0,60,0,0,0,0,0,0,0,0,24
2025-09-25T02:47:02.256Z,60.9,21.1,1.92,50.4,0,60,0,0,0,0,0,0,0,0,24
2025-09-25T02:47:03.263Z,61,21.1,1.92,49.6,0,60,0,0,0,0,0,0,0,0,24
2025-09-25T02:47:04.261Z,60.9,21.1,1.92,49.6,0,60,0,0,0,0,0,0,0,0,24
2025-09-25T02:47:05.262Z,60.9,21.1,1.92,50.4,0,60,0,0,0,0,0,0,0,0,24
2025-09-25T02:47:06.260Z,60.9,21.1,1.92,50.4,0,60,0,0,0,0,0,0,0,0,24
2025-09-25T02:47:07.263Z,60.9,21.1,1.92,49.6,0,60,0,0,0,0,0,0,0,0,24
2025-09-25T02:47:08.265Z,60.9,21.1,1.92,50.4,0,60,0,0,0,0,0,0,0,0,24
2025-09-25T02:47:09.262Z,60.9,21.1,1.92,49.6,0,60,0,0,0,0,0,0,0,0,24
2025-09-25T02:47:10.264Z,60.9,21.1,1.92,50.4,0,60,0,0,0,0,0,0,0,0,24
2025-09-25T02:47:11.266Z,60.9,21.1,1.92,49.6,0,60,0,0,0,0,0,0,0,0,24
2025-09-25T02:47:12.267Z,60.9,21.1,1.92,49.6,0,60,0,0,0,0,0,0,0,0,24
2025-09-25T02:47:13.263Z,60.9,21.1,1.92,50.4,0,60,0,0,0,0,0,0,0,0,24
2025-09-25T02:47:14.268Z,60.9,21.1,1.92,49.6,0,60,0,0,0,0,0,0,0,0,24
2025-09-25T02:47:15.270Z,60.9,21.1,1.92,49.6,0,60,0,0,0,0,0,0,0,0,24
2025-09-25T02:47:16.276Z,60.9,21.1,1.92,50.4,0,60,0,0,0,0,0,0,0,0,24
2025-09-25T02:47:17.269Z,60.9,21.1,1.92,50.4,0,60,0,0,0,0,0,0,0,0,24
2025-09-25T02:47:18.276Z,60.9,21.1,1.92,49.6,0,60,0,0,0,0,0,0,0,0,24
2025-09-25T02:47:19.277Z,60.9,21.1,1.92,50.4,0,60,0,0,0,0,0,0,0,0,24
2025-09-25T02:47:20.275Z,60.9,21.1,1.92,49.6,0,60,0,0,0,0,0,0,0,0,24
2025-09-25T02:47:21.277Z,60.9,21.1,1.92,50.4,0,60,0,0,0,0,0,0,0,0,24
2025-09-25T02:47:22.275Z,60.9,21.1,1.92,49.6,0,60,0,0,0,0,0,0,0,0,24
2025-09-25T02:47:23.276Z,60.9,21.1,1.92,49.6,0,60,0,0,0,0,0,0,0,0,24
2025-09-25T02:47:24.276Z,60.9,21.1,1.92,50.4,0,60,0,0,0,0,0,0,0,0,24
2025-09-25T02:47:25.274Z,60.9,21.1,1.92,49.6,0,60,0,0,0,0,0,0,0,0,24
2025-09-25T02:47:26.282Z,60.9,21.1,1.92,49.6,0,60,0,0,0,0,0,0,0,0,24
2025-09-25T02:47:27.278Z,60.8,21.1,1.92,50.4,0,60,0,0,0,0,0,0,0,0,24
2025-09-25T02:47:28.283Z,60.8,21.1,1.92,49.6,0,60,0,0,0,0,0,0,0,0,24
2025-09-25T02:47:29.285Z,60.8,21.1,1.92,50.4,0,60,0,0,0,0,0,0,0,0,24
2025-09-25T02:47:30.284Z,60.8,21.1,1.92,50.4,0,60,0,0,0,0,0,0,0,0,24
2025-09-25T02:47:31.286Z,60.8,21.1,1.92,49.6,0,60,0,0,0,0,0,0,0,0,24
2025-09-25T02:47:32.277Z,60.8,21.1,1.921,50.4,0,60,0,0,0,0,0,0,0,0,24
2025-09-25T02:47:33.281Z,60.8,21.1,1.921,49.6,0,60,0,0,0,0,0,0,0,0,24
2025-09-25T02:47:34.282Z,60.8,21.1,1.92,49.6,0,60,0,0,0,0,0,0,0,0,24
2025-09-25T02:47:35.285Z,60.8,21.1,1.921,50.4,0,60,0,0,0,0,0,0,0,0,24
2025-09-25T02:47:36.290Z,60.8,21.1,1.92,49.6,0,60,0,0,0,0,0,0,0,0,24
2025-09-25T02:47:37.287Z,60.8,21.1,1.92,49.6,0,60,0,0,0,0,0,0,0,0,24
2025-09-25T02:47:38.286Z,60.8,21.1,1.921,50.4,0,60,0,0,0,0,0,0,0,0,24
2025-09-25T02:47:39.288Z,60.8,21.1,1.92,50.4,0,60,0,0,0,0,0,0,0,0,24
2025-09-25T02:47:40.288Z,60.8,21.1,1.92,49.6,0,60,0,0,0,0,0,0,0,0,24
2025-09-25T02:47:41.291Z,60.8,21.1,1.921,50.4,0,60,0,0,0,0,0,0,0,0,24
2025-09-25T02:47:42.290Z,60.8,21.1,1.92,49.6,0,60,0,0,0,0,0,0,0,0,24
2025-09-25T02:47:43.290Z,60.8,21.1,1.921,49.6,0,60,0,0,0,0,0,0,0,0,24
2025-09-25T02:47:44.294Z,60.8,21.1,1.921,50.4,0,60,0,0,0,0,0,0,0,0,24
2025-09-25T02:47:45.296Z,60.8,21.1,1.921,49.6,0,60,0,0,0,0,0,0,0,0,24
2025-09-25T02:47:46.290Z,60.8,21.1,1.921,49.6,0,60,0,0,0,0,0,0,0,0,24
2025-09-25T02:47:47.294Z,60.8,21.1,1.921,50.4,0,60,0,0,0,0,0,0,0,0,24
2025-09-25T02:47:48.293Z,60.8,21.1,1.921,49.6,0,60,0,0,0,0,0,0,0,0,24
2025-09-25T02:47:49.296Z,60.8,21.1,1.921,49.6,0,60,0,0,0,0,0,0,0,0,24
2025-09-25T02:47:50.300Z,60.7,21.1,1.921,50.4,0,60,0,0,0,0,0,0,0,0,24
2025-09-25T02:47:51.291Z,60.7,21.1,1.921,50.4,0,60,0,0,0,0,0,0,0,0,24
2025-09-25T02:47:52.291Z,60.7,21.1,1.922,49.6,0,60,0,0,0,0,0,0,0,0,24
2025-09-25T02:47:53.298Z,60.7,21.1,1.921,50.4,0,60,0,0,0,0,0,0,0,0,24
2025-09-25T02:47:54.299Z,60.7,21.1,1.921,49.6,0,60,0,0,0,0,0,0,0,0,24
2025-09-25T02:47:55.302Z,60.7,21.1,1.921,49.6,0,60,0,0,0,0,0,0,0,0,24
2025-09-25T02:47:56.304Z,60.7,21.1,1.921,50.4,0,60,0,0,0,0,0,0,0,0,24
2025-09-25T02:47:57.304Z,60.7,21.1,1.921,50.4,0,60,0,0,0,0,0,0,0,0,24
2025-09-25T02:47:58.308Z,60.7,21.1,1.921,49.6,0,60,0,0,0,0,0,0,0,0,24
2025-09-25T02:47:59.308Z,60.7,21.1,1.921,50.4,0,60,0,0,0,0,0,0,0,0,24
2025-09-25T02:48:00.301Z,60.7,21.1,1.922,50.4,0,60,0,0,0,0,0,0,0,0,24
2025-09-25T02:48:01.301Z,60.7,21.1,1.922,49.6,0,60,0,0,0,0,0,0,0,0,24
2025-09-25T02:48:02.312Z,60.7,21.1,1.921,50.4,0,60,0,0,0,0,0,0,0,0,24
2025-09-25T02:48:03.316Z,60.7,21.1,1.921,49.6,0,60,0,0,0,0,0,0,0,0,24
2025-09-25T02:48:04.313Z,60.7,21.1,1.921,50.4,0,60,0,0,0,0,0,0,0,0,24
2025-09-25T02:48:05.314Z,60.7,21.1,1.921,49.6,0,60,0,0,0,0,0,0,0,0,24
2025-09-25T02:48:06.316Z,60.7,21.1,1.921,49.6,0,60,0,0,0,0,0,0,0,0,24
2025-09-25T02:48:07.307Z,60.7,21.1,1.922,50.4,0,60,0,0,0,0,0,0,0,0,24
2025-09-25T02:48:08.315Z,60.7,21.1,1.921,49.6,0,60,0,0,0,0,0,0,0,0,24
2025-09-25T02:48:09.311Z,60.7,21.1,1.921,49.6,0,60,0,0,0,0,0,0,0,0,24
2025-09-25T02:48:10.313Z,60.7,21.1,1.921,50.4,0,60,0,0,0,0,0,0,0,0,24
2025-09-25T02:48:11.307Z,60.7,21.1,1.922,50.4,0,60,0,0,0,0,0,0,0,0,24
2025-09-25T02:48:12.316Z,60.6,21.1,1.921,49.6,0,60,0,0,0,0,0,0,0,0,24
2025-09-25T02:48:13.320Z,60.6,21.1,1.921,50.4,0,60,0,0,0,0,0,0,0,0,24
2025-09-25T02:48:14.321Z,60.6,21.1,1.921,49.6,0,60,0,0,0,0,0,0,0,0,24
2025-09-25T02:48:15.324Z,60.6,21.1,1.921,50.4,0,60,0,0,0,0,0,0,0,0,24
2025-09-25T02:48:16.320Z,60.6,21.1,1.921,49.6,0,60,0,0,0,0,0,0,0,0,24
2025-09-25T02:48:17.321Z,60.6,21.1,1.921,49.6,0,60,0,0,0,0,0,0,0,0,24
2025-09-25T02:48:18.323Z,60.6,21.1,1.921,50.4,0,60,0,0,0,0,0,0,0,0,24
2025-09-25T02:48:19.319Z,60.6,21.1,1.922,50.4,0,60,0,0,0,0,0,0,0,0,24
2025-09-25T02:48:20.325Z,60.6,21.1,1.921,50.4,0,60,0,0,0,0,0,0,0,0,24
2025-09-25T02:48:21.322Z,60.6,21.1,1.922,50.4,0,60,0,0,0,0,0,0,0,0,24
2025-09-25T02:48:22.325Z,60.6,21.1,1.921,50.4,0,60,0,0,0,0,0,0,0,0,24
2025-09-25T02:48:23.328Z,60.6,21.1,1.921,50.4,0,60,0,0,0,0,0,0,0,0,24
2025-09-25T02:48:24.325Z,60.6,21.1,1.922,50.4,0,60,0,0,0,0,0,0,0,0,24
2025-09-25T02:48:25.325Z,60.6,21.1,1.922,49.6,0,60,0,0,0,0,0,0,0,0,24
2025-09-25T02:48:26.330Z,60.6,21.1,1.921,50.4,0,60,0,0,0,0,0,0,0,0,24
2025-09-25T02:48:27.333Z,60.6,21.1,1.921,49.6,0,60,0,0,0,0,0,0,0,0,24
2025-09-25T02:48:28.333Z,60.6,21.1,1.921,49.6,0,60,0,0,0,0,0,0,0,0,24
2025-09-25T02:48:29.329Z,60.6,21.1,1.921,50.4,0,60,0,0,0,0,0,0,0,0,24
2025-09-25T02:48:30.333Z,60.6,21.1,1.921,49.6,0,60,0,0,0,0,0,0,0,0,24
2025-09-25T02:48:31.330Z,60.6,21.1,1.923,50.4,0,60,0,0,0,0,0,0,0,0,24
2025-09-25T02:48:32.329Z,60.5,21.1,1.923,49.6,0,60,0,0,0,0,0,0,0,0,24
2025-09-25T02:48:33.333Z,60.5,21.1,1.922,49.6,0,60,0,0,0,0,0,0,0,0,24
2025-09-25T02:48:34.329Z,60.5,21.1,1.923,50.4,0,60,0,0,0,0,0,0,0,0,24
2025-09-25T02:48:35.331Z,60.5,21.1,1.923,50.4,0,60,0,0,0,0,0,0,0,0,24
2025-09-25T02:48:36.335Z,60.5,21.1,1.923,49.6,0,60,0,0,0,0,0,0,0,0,24
2025-09-25T02:48:37.341Z,60.5,21.1,1.922,50.4,0,60,0,0,0,0,0,0,0,0,24
2025-09-25T02:48:38.343Z,60.5,21.1,1.922,49.6,0,60,0,0,0,0,0,0,0,0,24
2025-09-25T02:48:39.337Z,60.5,21.1,1.922,50.4,0,60,0,0,0,0,0,0,0,0,24
2025-09-25T02:48:40.338Z,60.5,21.1,1.922,49.6,0,60,0,0,0,0,0,0,0,0,24
2025-09-25T02:48:41.340Z,60.5,21.1,1.922,50.4,0,60,0,0,0,0,0,0,0,0,24
2025-09-25T02:48:42.338Z,60.5,21.1,1.923,50.4,0,60,0,0,0,0,0,0,0,0,24
2025-09-25T02:48:43.343Z,60.5,21.1,1.922,49.6,0,60,0,0,0,0,0,0,0,0,24
2025-09-25T02:48:44.344Z,60.5,21.1,1.922,49.6,0,60,0,0,0,0,0,0,0,0,24
2025-09-25T02:48:45.349Z,60.5,21.1,1.922,49.6,0,60,0,0,0,0,0,0,0,0,24
2025-09-25T02:48:46.341Z,60.5,21.1,1.923,50.4,0,60,0,0,0,0,0,0,0,0,24
2025-09-25T02:48:47.344Z,60.5,21.1,1.923,50.4,0,60,0,0,0,0,0,0,0,0,24
2025-09-25T02:48:48.348Z,60.5,21.1,1.922,49.6,0,60,0,0,0,0,0,0,0,0,24
2025-09-25T02:48:49.344Z,60.5,21.1,1.923,50.4,0,60,0,0,0,0,0,0,0,0,24
2025-09-25T02:48:50.347Z,60.5,21.1,1.922,49.6,0,60,0,0,0,0,0,0,0,0,24
2025-09-25T02:48:51.353Z,60.5,21.1,1.922,50.4,0,60,0,0,0,0,0,0,0,0,24
2025-09-25T02:48:52.350Z,60.5,21.1,1.923,49.6,0,60,0,0,0,0,0,0,0,0,24
2025-09-25T02:48:53.353Z,60.5,21.1,1.922,50.4,0,60,0,0,0,0,0,0,0,0,24
2025-09-25T02:48:54.353Z,60.5,21.1,1.922,49.6,0,60,0,0,0,0,0,0,0,0,24
2025-09-25T02:48:55.348Z,60.5,21.1,1.923,49.6,0,60,0,0,0,0,0,0,0,0,24
2025-09-25T02:48:56.357Z,60.5,21.1,1.922,50.4,0,60,0,0,0,0,0,0,0,0,24
2025-09-25T02:48:57.358Z,60.4,21.1,1.923,49.6,0,60,0,0,0,0,0,0,0,0,24
2025-09-25T02:48:58.358Z,60.4,21.1,1.923,50.4,0,60,0,0,0,0,0,0,0,0,24
2025-09-25T02:48:59.361Z,60.4,21.1,1.923,49.6,0,60,0,0,0,0,0,0,0,0,24
2025-09-25T02:49:00.367Z,60.4,21.1,1.923,50.4,0,60,0,0,0,0,0,0,0,0,24
2025-09-25T02:49:01.356Z,60.4,21.1,1.923,50.4,0,60,0,0,0,0,0,0,0,0,24
2025-09-25T02:49:02.354Z,60.4,21.1,1.923,49.6,0,60,0,0,0,0,0,0,0,0,24
2025-09-25T02:49:03.358Z,60.4,21.1,1.923,49.6,0,60,0,0,0,0,0,0,0,0,24
2025-09-25T02:49:04.363Z,60.4,21.1,1.923,49.6,0,60,0,0,0,0,0,0,0,0,24
2025-09-25T02:49:05.357Z,60.4,21.1,1.923,50.4,0,60,0,0,0,0,0,0,0,0,24
2025-09-25T02:49:06.358Z,60.4,21.1,1.923,49.6,0,60,0,0,0,0,0,0,0,0,24
2025-09-25T02:49:07.360Z,60.4,21.1,1.923,49.6,0,60,0,0,0,0,0,0,0,0,24
2025-09-25T02:49:08.358Z,60.4,21.1,1.923,50.4,0,60,0,0,0,0,0,0,0,0,24
2025-09-25T02:49:09.356Z,60.4,21.1,1.923,49.6,0,60,0,0,0,0,0,0,0,0,24
2025-09-25T02:49:10.360Z,60.4,21.1,1.923,50.4,0,60,0,0,0,0,0,0,0,0,24
2025-09-25T02:49:11.366Z,60.4,21.1,1.923,49.6,0,60,0,0,0,0,0,0,0,0,24
2025-09-25T02:49:12.368Z,60.4,21.1,1.923,49.6,0,60,0,0,0,0,0,0,0,0,24
2025-09-25T02:49:13.368Z,60.4,21.1,1.923,50.4,0,60,0,0,0,0,0,0,0,0,24
2025-09-25T02:49:14.367Z,60.4,21.1,1.923,49.6,0,60,0,0,0,0,0,0,0,0,24
2025-09-25T02:49:15.371Z,60.4,21.1,1.923,50.4,0,60,0,0,0,0,0,0,0,0,24
2025-09-25T02:49:16.366Z,60.4,21.1,1.923,50.4,0,60,0,0,0,0,0,0,0,0,24
2025-09-25T02:49:17.365Z,60.3,21.1,1.923,49.6,0,60,0,0,0,0,0,0,0,0,24
2025-09-25T02:49:18.378Z,60.3,21.1,1.923,50.4,0,60,0,0,0,0,0,0,0,0,24
2025-09-25T02:49:19.369Z,60.3,21.1,1.923,49.6,0,60,0,0,0,0,0,0,0,0,24
2025-09-25T02:49:20.376Z,60.3,21.1,1.923,50.4,0,60,0,0,0,0,0,0,0,0,24
2025-09-25T02:49:21.374Z,60.3,21.1,1.923,49.6,0,60,0,0,0,0,0,0,0,0,24
2025-09-25T02:49:22.382Z,60.3,21.1,1.923,49.6,0,60.1,0,0,0,0,0,0,0,0,24
2025-09-25T02:49:23.378Z,60.3,21.1,1.923,50.4,0,60,0,0,0,0,0,0,0,0,24
2025-09-25T02:49:24.375Z,60.3,21.1,1.924,49.6,0,60,0,0,0,0,0,0,0,0,24
2025-09-25T02:49:25.382Z,60.3,21.1,1.923,50.4,0,60,0,0,0,0,0,0,0,0,24
2025-09-25T02:49:26.383Z,60.3,21.1,1.923,50.4,0,60,0,0,0,0,0,0,0,0,24
2025-09-25T02:49:27.372Z,60.3,21.1,1.924,49.6,0,60,0,0,0,0,0,0,0,0,24
2025-09-25T02:49:28.375Z,60.3,21.1,1.924,49.6,0,60,0,0,0,0,0,0,0,0,24
2025-09-25T02:49:29.378Z,60.3,21.1,1.924,49.6,0,60,0,0,0,0,0,0,0,0,24
2025-09-25T02:49:30.385Z,60.3,21.1,1.923,50.4,0,60,0,0,0,0,0,0,0,0,24
2025-09-25T02:49:31.383Z,60.3,21.1,1.924,50.4,0,60,0,0,0,0,0,0,0,0,24
2025-09-25T02:49:32.384Z,60.3,21.1,1.924,49.6,0,60,0,0,0,0,0,0,0,0,24
2025-09-25T02:49:33.388Z,60.3,21.1,1.923,50.4,0,60,0,0,0,0,0,0,0,0,24
2025-09-25T02:49:34.388Z,60.3,21.1,1.924,49.6,0,60,0,0,0,0,0,0,0,0,24
2025-09-25T02:49:35.385Z,60.3,21.1,1.924,50.4,0,60,0,0,0,0,0,0,0,0,24
2025-09-25T02:49:36.392Z,60.3,21.1,1.923,49.6,0,60,0,0,0,0,0,0,0,0,24
2025-09-25T02:49:37.390Z,60.2,21.1,1.924,49.6,0,60,0,0,0,0,0,0,0,0,24
2025-09-25T02:49:38.388Z,60.2,21.1,1.924,50.4,0,60,0,0,0,0,0,0,0,0,24
2025-09-25T02:49:39.388Z,60.2,21.1,1.924,49.6,0,60,0,0,0,0,0,0,0,0,24
2025-09-25T02:49:40.393Z,60.2,21.1,1.923,49.6,0,60,0,0,0,0,0,0,0,0,24
2025-09-25T02:49:41.392Z,60.2,21.1,1.924,50.4,0,60,0,0,0,0,0,0,0,0,24
2025-09-25T02:49:42.397Z,60.2,21.1,1.923,50.4,0,60,0,0,0,0,0,0,0,0,24
2025-09-25T02:49:43.394Z,60.2,21.1,1.923,49.6,0,60,0,0,0,0,0,0,0,0,24
2025-09-25T02:49:44.389Z,60.2,21.1,1.924,50.4,0,60,0,0,0,0,0,0,0,0,24
2025-09-25T02:49:45.397Z,60.2,21.1,1.923,49.6,0,60,0,0,0,0,0,0,0,0,24
2025-09-25T02:49:46.389Z,60.2,21.1,1.924,50.4,0,60,0,0,0,0,0,0,0,0,24
2025-09-25T02:49:47.398Z,60.2,21.1,1.924,49.6,0,60,0,0,0,0,0,0,0,0,24
2025-09-25T02:49:48.399Z,60.2,21.1,1.923,50.4,0,60,0,0,0,0,0,0,0,0,24
2025-09-25T02:49:49.397Z,60.2,21.1,1.924,49.6,0,60,0,0,0,0,0,0,0,0,24
2025-09-25T02:49:50.403Z,60.2,21.1,1.923,49.6,0,60,0,0,0,0,0,0,0,0,24
2025-09-25T02:49:51.402Z,60.2,21.1,1.923,50.4,0,60,0,0,0,0,0,0,0,0,24
2025-09-25T02:49:52.404Z,60.2,21.1,1.923,49.6,0,60,0,0,0,0,0,0,0,0,24
2025-09-25T02:49:53.401Z,60.2,21.1,1.924,50.4,0,60,0,0,0,0,0,0,0,0,24
2025-09-25T02:49:54.406Z,60.2,21.1,1.923,49.6,0,60,0,0,0,0,0,0,0,0,24
2025-09-25T02:49:55.403Z,60.2,21.1,1.924,49.6,0,60,0,0,0,0,0,0,0,0,24
2025-09-25T02:49:56.399Z,60.2,21.1,1.924,50.4,0,60,0,0,0,0,0,0,0,0,24
2025-09-25T02:49:57.400Z,60.2,21.1,1.925,50.4,0,60,0,0,0,0,0,0,0,0,24
2025-09-25T02:49:58.400Z,60.2,21.1,1.924,49.6,0,60,0,0,0,0,0,0,0,0,24
2025-09-25T02:49:59.410Z,60.1,21.1,1.924,49.6,0,60,0,0,0,0,0,0,0,0,24
2025-09-25T02:50:00.410Z,60.1,21.1,1.923,49.6,0,60,0,0,0,0,0,0,0,0,24
2025-09-25T02:50:01.412Z,60.1,21.1,1.923,50.4,0,60,0,0,0,0,0,0,0,0,24
2025-09-25T02:50:02.406Z,60.1,21.1,1.925,50.4,0,60,0,0,0,0,0,0,0,0,24
2025-09-25T02:50:03.412Z,60.1,21.1,1.924,49.6,0,60,0,0,0,0,0,0,0,0,24
2025-09-25T02:50:04.413Z,60.1,21.1,1.923,50.4,0,60,0,0,0,0,0,0,0,0,24
2025-09-25T02:50:05.414Z,60.1,21.1,1.923,49.6,0,60,0,0,0,0,0,0,0,0,24
2025-09-25T02:50:06.414Z,60.1,21.1,1.924,50.4,0,60,0,0,0,0,0,0,0,0,24
2025-09-25T02:50:07.413Z,60.1,21.1,1.925,49.6,0,60,0,0,0,0,0,0,0,0,24
2025-09-25T02:50:08.413Z,60.1,21.1,1.925,49.6,0,60,0,0,0,0,0,0,0,0,24
2025-09-25T02:50:09.411Z,60.1,21.1,1.925,50.4,0,60,0,0,0,0,0,0,0,0,24
2025-09-25T02:50:10.414Z,60.1,21.1,1.925,49.6,0,60,0,0,0,0,0,0,0,0,24
2025-09-25T02:50:11.418Z,60.1,21.1,1.924,50.4,0,60,0,0,0,0,0,0,0,0,24
2025-09-25T02:50:12.415Z,60.1,21.1,1.925,49.6,0,60,0,0,0,0,0,0,0,0,24
2025-09-25T02:50:13.416Z,60.1,21.1,1.925,49.6,0,60,0,0,0,0,0,0,0,0,24
2025-09-25T02:50:14.418Z,60.1,21.1,1.925,50.4,0,60,0,0,0,0,0,0,0,0,24
2025-09-25T02:50:15.418Z,60.1,21.1,1.925,49.6,0,60,0,0,0,0,0,0,0,0,24
2025-09-25T02:50:16.419Z,60.1,21.1,1.925,49.6,0,60,0,0,0,0,0,0,0,0,24
2025-09-25T02:50:17.418Z,60.1,21.1,1.925,50.4,0,60,0,0,0,0,0,0,0,0,24
2025-09-25T02:50:18.427Z,60.1,21.1,1.924,49.6,0,60,0,0,0,0,0,0,0,0,24
2025-09-25T02:50:19.423Z,60.1,21.1,1.925,50.4,0,60,0,0,0,0,0,0,0,0,24
2025-09-25T02:50:20.423Z,60.1,21.1,1.924,50.4,0,60,0,0,0,0,0,0,0,0,24
2025-09-25T02:50:21.426Z,60,21.1,1.924,49.6,0,60,0,0,0,0,0,0,0,0,24
2025-09-25T02:50:22.427Z,60,21.1,1.924,50.4,0,60,0,0,0,0,0,0,0,0,24
2025-09-25T02:50:23.417Z,60,21.1,1.925,49.6,0,60,0,0,0,0,0,0,0,0,24
2025-09-25T02:50:24.423Z,60,21.1,1.926,49.6,0,60,0,0,0,0,0,0,0,0,24
2025-09-25T02:50:25.430Z,60,21.1,1.924,50.4,0,60,0,0,0,0,0,0,0,0,24
2025-09-25T02:50:26.431Z,60,21.1,1.924,49.6,0,60,0,0,0,0,0,0,0,0,24
2025-09-25T02:50:27.428Z,60,21.1,1.926,49.6,0,60,0,0,0,0,0,0,0,0,24
2025-09-25T02:50:28.433Z,60,21.1,1.924,50.4,0,60,0,0,0,0,0,0,0,0,24
2025-09-25T02:50:29.431Z,60,21.1,1.926,50.4,0,60,0,0,0,0,0,0,0,0,24
2025-09-25T02:50:30.433Z,60,21.1,1.925,49.6,0,60,0,0,0,0,0,0,0,0,24
2025-09-25T02:50:31.436Z,60,21.1,1.925,50.4,0,60,0,0,0,0,0,0,0,0,24
2025-09-25T02:50:32.437Z,60,21.1,1.925,50.4,0,60,0,0,0,0,0,0,0,0,24
2025-09-25T02:50:33.437Z,60,21.1,1.925,49.6,0,60,0,0,0,0,0,0,0,0,24
2025-09-25T02:50:34.436Z,60,21.1,1.926,50.4,0,60,0,0,0,0,0,0,0,0,24
2025-09-25T02:50:35.441Z,60,21.1,1.925,49.6,0,60,0,0,0,0,0,0,0,0,24
2025-09-25T02:50:36.442Z,60,21.1,1.925,50.4,0,60,0,0,0,0,0,0,0,0,24
2025-09-25T02:50:37.437Z,60,21.1,1.926,49.6,0,60,0,0,0,0,0,0,0,0,24
2025-09-25T02:50:38.442Z,60,21.1,1.925,49.6,0,60,0,0,0,0,0,0,0,0,24
2025-09-25T02:50:39.443Z,60,21.1,1.925,50.4,0,60,0,0,0,0,0,0,0,0,24
2025-09-25T02:50:40.442Z,60,21.1,1.925,49.6,0,60,0,0,0,0,0,0,0,0,24
2025-09-25T02:50:41.445Z,60,21.1,1.925,50.4,0,60,0,0,0,0,0,0,0,0,24
2025-09-25T02:50:42.447Z,60,21.1,1.925,50.4,0,60,0,0,0,0,0,0,0,0,24
2025-09-25T02:50:43.443Z,60,21.1,1.925,49.6,0,60,0,0,0,0,0,0,0,0,24
2025-09-25T02:50:44.446Z,60,21.1,1.925,50.4,0,60,0,0,0,0,0,0,0,0,24
2025-09-25T02:50:45.444Z,59.9,21.1,1.925,49.6,0,60,0,0,0,0,0,0,0,0,24
2025-09-25T02:50:46.449Z,59.9,21.1,1.925,50.4,0,60,0,0,0,0,0,0,0,0,24
2025-09-25T02:50:47.442Z,59.9,21.1,1.926,49.6,0,60,0,0,0,0,0,0,0,0,24
2025-09-25T02:50:48.449Z,59.9,21.1,1.925,50.4,0,60,0,0,0,0,0,0,0,0,24
2025-09-25T02:50:49.451Z,59.9,21.1,1.925,50.4,0,60,0,0,0,0,0,0,0,0,24
2025-09-25T02:50:50.453Z,59.9,21.1,1.925,49.6,0,60,0,0,0,0,0,0,0,0,24
2025-09-25T02:50:51.452Z,59.9,21.1,1.925,50.4,0,60,0,0,0,0,0,0,0,0,24
2025-09-25T02:50:52.451Z,59.9,21.1,1.925,49.6,0,60,0,0,0,0,0,0,0,0,24
2025-09-25T02:50:53.452Z,59.9,21.1,1.925,50.4,0,60,0,0,0,0,0,0,0,0,24
2025-09-25T02:50:54.457Z,59.9,21.1,1.925,49.6,0,60,0,0,0,0,0,0,0,0,24
2025-09-25T02:50:55.457Z,59.9,21.1,1.925,50.4,0,60,0,0,0,0,0,0,0,0,24
2025-09-25T02:50:56.459Z,59.9,21.1,1.925,49.6,0,60,0,0,0,0,0,0,0,0,24
2025-09-25T02:50:57.458Z,59.9,21.1,1.925,50.4,0,60,0,0,0,0,0,0,0,0,24
2025-09-25T02:50:58.457Z,59.9,21.1,1.926,49.6,0,60,0,0,0,0,0,0,0,0,24
2025-09-25T02:50:59.461Z,59.9,21.1,1.925,50.4,0,60,0,0,0,0,0,0,0,0,24
2025-09-25T02:51:00.460Z,59.9,21.1,1.925,49.6,0,60,0,0,0,0,0,0,0,0,24
2025-09-25T02:51:01.462Z,59.9,21.1,1.925,50.4,0,60,0,0,0,0,0,0,0,0,24
2025-09-25T02:51:02.460Z,59.9,21.1,1.926,49.6,0,60,0,0,0,0,0,0,0,0,24
2025-09-25T02:51:03.460Z,59.9,21.1,1.926,50.4,0,60,0,0,0,0,0,0,0,0,24
2025-09-25T02:51:04.464Z,59.9,21.1,1.925,49.6,0,60,0,0,0,0,0,0,0,0,24
2025-09-25T02:51:05.467Z,59.9,21.1,1.925,50.4,0,60,0,0,0,0,0,0,0,0,24
2025-09-25T02:51:06.463Z,59.9,21.1,1.926,49.6,0,60,0,0,0,0,0,0,0,0,24
2025-09-25T02:51:07.472Z,59.9,21.1,1.925,50.4,0,60,0,0,0,0,0,0,0,0,24
2025-09-25T02:51:08.465Z,59.9,21.1,1.926,49.6,0,60,0,0,0,0,0,0,0,0,24
2025-09-25T02:51:09.459Z,59.8,21.1,1.926,50.4,0,60,0,0,0,0,0,0,0,0,24
2025-09-25T02:51:10.467Z,59.8,21.1,1.926,49.6,0,60,0,0,0,0,0,0,0,0,24
2025-09-25T02:51:11.478Z,59.8,21.1,1.926,50.4,0,60,0,0,0,0,0,0,0,0,24
2025-09-25T02:51:12.472Z,59.8,21.1,1.925,49.6,0,60,0,0,0,0,0,0,0,0,24
2025-09-25T02:51:13.470Z,59.8,21.1,1.926,50.4,0,60,0,0,0,0,0,0,0,0,24
2025-09-25T02:51:14.471Z,59.8,21.1,1.926,49.6,0,60,0,0,0,0,0,0,0,0,24
2025-09-25T02:51:15.471Z,59.8,21.1,1.926,50.4,0,60,0,0,0,0,0,0,0,0,24
2025-09-25T02:51:16.469Z,59.8,21.1,1.926,49.6,0,60,0,0,0,0,0,0,0,0,24
2025-09-25T02:51:17.465Z,59.8,21.1,1.926,50.4,0,60,0,0,0,0,0,0,0,0,24
2025-09-25T02:51:18.465Z,59.8,21.1,1.926,49.6,0,60,0,0,0,0,0,0,0,0,24
2025-09-25T02:51:19.467Z,59.8,21.1,1.926,50.4,0,60,0,0,0,0,0,0,0,0,24
2025-09-25T02:51:20.467Z,59.8,21.1,1.926,49.6,0,60,0,0,0,0,0,0,0,0,24
2025-09-25T02:51:21.473Z,59.8,21.1,1.926,50.4,0,60,0,0,0,0,0,0,0,0,24
2025-09-25T02:51:22.474Z,59.8,21.1,1.926,49.6,0,60,0,0,0,0,0,0,0,0,24
2025-09-25T02:51:23.471Z,59.8,21.1,1.927,50.4,0,60,0,0,0,0,0,0,0,0,24
2025-09-25T02:51:24.473Z,59.8,21.1,1.927,49.6,0,60,0,0,0,0,0,0,0,0,24
2025-09-25T02:51:25.472Z,59.8,21.1,1.926,50.4,0,60,0,0,0,0,0,0,0,0,24
2025-09-25T02:51:26.476Z,59.8,21.1,1.926,49.6,0,60,0,0,0,0,0,0,0,0,24
2025-09-25T02:51:27.481Z,59.8,21.1,1.926,50.4,0,60,0,0,0,0,0,0,0,0,24
2025-09-25T02:51:28.478Z,59.8,21.1,1.927,49.6,0,60,0,0,0,0,0,0,0,0,24
2025-09-25T02:51:29.480Z,59.8,21.1,1.926,50.4,0,60,0,0,0,0,0,0,0,0,24
2025-09-25T02:51:30.484Z,59.8,21.1,1.926,49.6,0,60,0,0,0,0,0,0,0,0,24
2025-09-25T02:51:31.485Z,59.8,21.1,1.926,50.4,0,60,0,0,0,0,0,0,0,0,24
2025-09-25T02:51:32.480Z,59.8,21.1,1.927,49.6,0,60,0,0,0,0,0,0,0,0,24
2025-09-25T02:51:33.488Z,59.7,21.1,1.926,50.4,0,60.1,0,0,0,0,0,0,0,0,24
2025-09-25T02:51:34.488Z,59.7,21.1,1.926,49.6,0,60,0,0,0,0,0,0,0,0,24
2025-09-25T02:51:35.489Z,59.7,21.1,1.926,50.4,0,60.1,0,0,0,0,0,0,0,0,24
2025-09-25T02:51:36.487Z,59.7,21.1,1.926,49.6,0,60,0,0,0,0,0,0,0,0,24
2025-09-25T02:51:37.490Z,59.7,21.1,1.926,49.6,0,60,0,0,0,0,0,0,0,0,24
2025-09-25T02:51:38.490Z,59.7,21.1,1.926,49.6,0,60,0,0,0,0,0,0,0,0,24
2025-09-25T02:51:39.490Z,59.7,21.1,1.926,50.4,0,60,0,0,0,0,0,0,0,0,24
2025-09-25T02:51:40.490Z,59.7,21.1,1.926,49.6,0,60.1,0,0,0,0,0,0,0,0,24
2025-09-25T02:51:41.492Z,59.7,21.1,1.926,50.4,0,60.1,0,0,0,0,0,0,0,0,24
2025-09-25T02:51:42.486Z,59.7,21.1,1.927,49.6,0,60,0,0,0,0,0,0,0,0,24
2025-09-25T02:51:43.490Z,59.7,21.1,1.926,50.4,0,60,0,0,0,0,0,0,0,0,24
2025-09-25T02:51:44.491Z,59.7,21.1,1.926,49.6,0,60,0,0,0,0,0,0,0,0,24
2025-09-25T02:51:45.494Z,59.7,21.1,1.926,50.4,0,60,0,0,0,0,0,0,0,0,24
2025-09-25T02:51:46.495Z,59.7,21.1,1.926,49.6,0,60.1,0,0,0,0,0,0,0,0,24
2025-09-25T02:51:47.493Z,59.7,21.1,1.927,50.4,0,60.1,0,0,0,0,0,0,0,0,24
2025-09-25T02:51:48.497Z,59.7,21.1,1.926,49.6,0,60,0,0,0,0,0,0,0,0,24
2025-09-25T02:51:49.493Z,59.7,21.1,1.927,50.4,0,60,0,0,0,0,0,0,0,0,24
2025-09-25T02:51:50.494Z,59.7,21.1,1.927,49.6,0,60,0,0,0,0,0,0,0,0,24
2025-09-25T02:51:51.499Z,59.7,21.1,1.926,50.4,0,60,0,0,0,0,0,0,0,0,24
2025-09-25T02:51:52.499Z,59.7,21.1,1.926,49.6,0,60,0,0,0,0,0,0,0,0,24
2025-09-25T02:51:53.501Z,59.7,21.1,1.926,50.4,0,60.1,0,0,0,0,0,0,0,0,24
2025-09-25T02:51:54.505Z,59.7,21.1,1.926,49.6,0,60.1,0,0,0,0,0,0,0,0,24
2025-09-25T02:51:55.502Z,59.7,21.1,1.926,50.4,0,60.1,0,0,0,0,0,0,0,0,24
2025-09-25T02:51:56.505Z,59.7,21.1,1.926,49.6,0,60.1,0,0,0,0,0,0,0,0,24
2025-09-25T02:51:57.509Z,59.7,21.1,1.926,50.4,0,60,0,0,0,0,0,0,0,0,24
2025-09-25T02:51:58.508Z,59.7,21.1,1.926,49.6,0,60.1,0,0,0,0,0,0,0,0,24
2025-09-25T02:51:59.506Z,59.7,21.1,1.926,50.4,0,60.1,0,0,0,0,0,0,0,0,24
2025-09-25T02:52:00.506Z,59.6,21.1,1.926,49.6,0,60,0,0,0,0,0,0,0,0,24
2025-09-25T02:52:01.509Z,59.6,21.1,1.926,50.4,0,60.1,0,0,0,0,0,0,0,0,24
2025-09-25T02:52:02.516Z,59.6,21.1,1.926,49.6,0,60.1,0,0,0,0,0,0,0,0,24
2025-09-25T02:52:03.512Z,59.6,21.1,1.926,50.4,0,60,0,0,0,0,0,0,0,0,24
2025-09-25T02:52:04.511Z,59.6,21.1,1.926,49.6,0,60,0,0,0,0,0,0,0,0,24
2025-09-25T02:52:05.514Z,59.6,21.1,1.926,50.4,0,60,0,0,0,0,0,0,0,0,24
2025-09-25T02:52:06.510Z,59.6,21.1,1.927,49.6,0,60.1,0,0,0,0,0,0,0,0,24
2025-09-25T02:52:07.518Z,59.6,21.1,1.926,50.4,0,60,0,0,0,0,0,0,0,0,24
2025-09-25T02:52:08.517Z,59.6,21.1,1.926,49.6,0,60,0,0,0,0,0,0,0,0,24
2025-09-25T02:52:09.512Z,59.6,21.1,1.927,50.4,0,60,0,0,0,0,0,0,0,0,24
2025-09-25T02:52:10.516Z,59.6,21.1,1.926,49.6,0,60,0,0,0,0,0,0,0,0,24
2025-09-25T02:52:11.515Z,59.6,21.1,1.926,50.4,0,60,0,0,0,0,0,0,0,0,24
2025-09-25T02:52:12.513Z,59.6,21.1,1.927,49.6,0,60,0,0,0,0,0,0,0,0,24
2025-09-25T02:52:13.510Z,59.6,21.1,1.927,50.4,0,60,0,0,0,0,0,0,0,0,24
2025-09-25T02:52:14.515Z,59.6,21.1,1.927,49.6,0,60,0,0,0,0,0,0,0,0,24
2025-09-25T02:52:15.513Z,59.6,21.1,1.927,50.4,0,60,0,0,0,0,0,0,0,0,24
2025-09-25T02:52:16.513Z,59.6,21.1,1.927,49.6,0,60,0,0,0,0,0,0,0,0,24
2025-09-25T02:52:17.519Z,59.6,21.1,1.926,50.4,0,60,0,0,0,0,0,0,0,0,24
2025-09-25T02:52:18.526Z,59.6,21.1,1.926,49.6,0,60,0,0,0,0,0,0,0,0,24
2025-09-25T02:52:19.522Z,59.6,21.1,1.927,49.6,0,60,0,0,0,0,0,0,0,0,24
2025-09-25T02:52:20.524Z,59.6,21.1,1.926,49.6,0,60,0,0,0,0,0,0,0,0,24
2025-09-25T02:52:21.526Z,59.6,21.1,1.926,50.4,0,60,0,0,0,0,0,0,0,0,24
2025-09-25T02:52:22.525Z,59.6,21.1,1.926,49.6,0,60,0,0,0,0,0,0,0,0,24
2025-09-25T02:52:23.526Z,59.6,21.1,1.926,50.4,0,60,0,0,0,0,0,0,0,0,24
2025-09-25T02:52:24.529Z,59.6,21.1,1.927,49.6,0,60,0,0,0,0,0,0,0,0,24
2025-09-25T02:52:25.526Z,59.6,21.1,1.926,50.4,0,60,0,0,0,0,0,0,0,0,24
2025-09-25T02:52:26.529Z,59.6,21.1,1.927,49.6,0,60.1,0,0,0,0,0,0,0,0,24
2025-09-25T02:52:27.521Z,59.6,21.1,1.928,50.4,0,60.1,0,0,0,0,0,0,0,0,24
2025-09-25T02:52:28.533Z,59.6,21.1,1.926,49.6,0,60,0,0,0,0,0,0,0,0,24
2025-09-25T02:52:29.531Z,59.5,21.1,1.926,49.6,0,60,0,0,0,0,0,0,0,0,24
2025-09-25T02:52:30.532Z,59.5,21.1,1.927,49.6,0,60,0,0,0,0,0,0,0,0,24
2025-09-25T02:52:31.532Z,59.5,21.1,1.927,49.6,0,60,0,0,0,0,0,0,0,0,24
2025-09-25T02:52:32.532Z,59.6,21.1,1.927,50.4,0,60.1,0,0,0,0,0,0,0,0,24
2025-09-25T02:52:33.536Z,59.5,21.1,1.927,49.6,0,60.1,0,0,0,0,0,0,0,0,24
2025-09-25T02:52:34.535Z,59.5,21.1,1.926,50.4,0,60.1,0,0,0,0,0,0,0,0,24
2025-09-25T02:52:35.527Z,59.5,21.1,1.928,49.6,0,60.1,0,0,0,0,0,0,0,0,24
2025-09-25T02:52:36.533Z,59.5,21.1,1.928,50.4,0,60.1,0,0,0,0,0,0,0,0,24
2025-09-25T02:52:37.531Z,59.5,21.1,1.928,49.6,0,60,0,0,0,0,0,0,0,0,24
2025-09-25T02:52:38.534Z,59.5,21.1,1.928,50.4,0,60.1,0,0,0,0,0,0,0,0,24
2025-09-25T02:52:39.538Z,59.5,21.1,1.928,49.6,0,60.1,0,0,0,0,0,0,0,0,24
2025-09-25T02:52:40.541Z,59.5,21.1,1.927,50.4,0,60.1,0,0,0,0,0,0,0,0,24
2025-09-25T02:52:41.541Z,59.5,21.1,1.928,49.6,0,60.1,0,0,0,0,0,0,0,0,24
2025-09-25T02:52:42.537Z,59.5,21.1,1.928,50.4,0,60.1,0,0,0,0,0,0,0,0,24
2025-09-25T02:52:43.536Z,59.5,21.1,1.928,50.4,0,60,0,0,0,0,0,0,0,0,24
2025-09-25T02:52:44.544Z,59.5,21.1,1.927,49.6,0,60,0,0,0,0,0,0,0,0,24
2025-09-25T02:52:45.539Z,59.5,21.1,1.928,50.4,0,60,0,0,0,0,0,0,0,0,24
2025-09-25T02:52:46.542Z,59.5,21.1,1.928,49.6,0,60,0,0,0,0,0,0,0,0,24
2025-09-25T02:52:47.542Z,59.5,21.1,1.928,50.4,0,60,0,0,0,0,0,0,0,0,24
2025-09-25T02:52:48.543Z,59.5,21.1,1.928,49.6,0,60,0,0,0,0,0,0,0,0,24
2025-09-25T02:52:49.545Z,59.5,21.1,1.928,49.6,0,60,0,0,0,0,0,0,0,0,24
2025-09-25T02:52:50.551Z,59.5,21.1,1.927,49.6,0,60,0,0,0,0,0,0,0,0,24
2025-09-25T02:52:51.551Z,59.5,21.1,1.927,50.4,0,60,0,0,0,0,0,0,0,0,24
2025-09-25T02:52:52.550Z,59.5,21.1,1.927,49.6,0,60,0,0,0,0,0,0,0,0,24
2025-09-25T02:52:53.541Z,59.5,21.1,1.928,49.6,0,60,0,0,0,0,0,0,0,0,24
2025-09-25T02:52:54.544Z,59.5,21.1,1.929,49.6,0,60,0,0,0,0,0,0,0,0,24
2025-09-25T02:52:55.552Z,59.5,21.1,1.927,50.4,0,60,0,0,0,0,0,0,0,0,24
2025-09-25T02:52:56.554Z,59.5,21.1,1.927,49.6,0,60,0,0,0,0,0,0,0,0,24
2025-09-25T02:52:57.554Z,59.5,21.1,1.927,50.4,0,60,0,0,0,0,0,0,0,0,24
2025-09-25T02:52:58.557Z,59.5,21.1,1.927,49.6,0,60,0,0,0,0,0,0,0,0,24
2025-09-25T02:52:59.557Z,59.5,21.1,1.928,50.4,0,60,0,0,0,0,0,0,0,0,24
2025-09-25T02:53:00.550Z,59.5,21.1,1.929,49.6,0,60,0,0,0,0,0,0,0,0,24
2025-09-25T02:53:01.558Z,59.5,21.1,1.928,49.6,0,60,0,0,0,0,0,0,0,0,24
2025-09-25T02:53:02.558Z,59.4,21.1,1.927,50.4,0,60,0,0,0,0,0,0,0,0,24
2025-09-25T02:53:03.559Z,59.4,21.1,1.928,49.6,0,60,0,0,0,0,0,0,0,0,24
2025-09-25T02:53:04.564Z,59.4,21.1,1.928,50.4,0,60,0,0,0,0,0,0,0,0,24
2025-09-25T02:53:05.554Z,59.4,21.1,1.929,50.4,0,60,0,0,0,0,0,0,0,0,24
2025-09-25T02:53:06.557Z,59.4,21.1,1.929,49.6,0,60,0,0,0,0,0,0,0,0,24
2025-09-25T02:53:07.556Z,59.4,21.1,1.929,50.4,0,60,0,0,0,0,0,0,0,0,24
2025-09-25T02:53:08.555Z,59.4,21.1,1.929,49.6,0,60,0,0,0,0,0,0,0,0,24
2025-09-25T02:53:09.555Z,59.4,21.1,1.929,50.4,0,60,0,0,0,0,0,0,0,0,24
2025-09-25T02:53:10.565Z,59.4,21.1,1.928,49.6,0,60,0,0,0,0,0,0,0,0,24
2025-09-25T02:53:11.570Z,59.4,21.1,1.928,49.6,0,60,0,0,0,0,0,0,0,0,24
2025-09-25T02:53:12.565Z,59.4,21.1,1.928,49.6,0,60,0,0,0,0,0,0,0,0,24
2025-09-25T02:53:13.563Z,59.4,21.1,1.929,50.4,0,60,0,0,0,0,0,0,0,0,24
2025-09-25T02:53:14.563Z,59.4,21.1,1.929,49.6,0,60,0,0,0,0,0,0,0,0,24
2025-09-25T02:53:15.559Z,59.4,21.1,1.929,50.4,0,60,0,0,0,0,0,0,0,0,24
2025-09-25T02:53:16.564Z,59.4,21.1,1.929,49.6,0,60,0,0,0,0,0,0,0,0,24
2025-09-25T02:53:17.561Z,59.4,21.1,1.929,49.6,0,60,0,0,0,0,0,0,0,0,24
2025-09-25T02:53:18.564Z,59.4,21.1,1.929,50.4,0,60,0,0,0,0,0,0,0,0,24
2025-09-25T02:53:19.562Z,59.4,21.1,1.929,49.6,0,60,0,0,0,0,0,0,0,0,24
2025-09-25T02:53:20.561Z,59.4,21.1,1.929,50.4,0,60,0,0,0,0,0,0,0,0,24
2025-09-25T02:53:21.570Z,59.4,21.1,1.928,49.6,0,60,0,0,0,0,0,0,0,0,24
2025-09-25T02:53:22.572Z,59.4,21.1,1.928,49.6,0,60,0,0,0,0,0,0,0,0,24
2025-09-25T02:53:23.577Z,59.4,21.1,1.928,50.4,0,60,0,0,0,0,0,0,0,0,24
2025-09-25T02:53:24.573Z,59.4,21.1,1.928,49.6,0,60,0,0,0,0,0,0,0,0,24
2025-09-25T02:53:25.575Z,59.4,21.1,1.929,49.6,0,60,0,0,0,0,0,0,0,0,24
2025-09-25T02:53:26.577Z,59.4,21.1,1.928,50.4,0,60,0,0,0,0,0,0,0,0,24
2025-09-25T02:53:27.578Z,59.4,21.1,1.928,49.6,0,60,0,0,0,0,0,0,0,0,24
2025-09-25T02:53:28.578Z,59.4,21.1,1.928,50.4,0,60,0,0,0,0,0,0,0,0,24
2025-09-25T02:53:29.584Z,59.4,21.1,1.928,50.4,0,60,0,0,0,0,0,0,0,0,24
2025-09-25T02:53:30.583Z,59.4,21.1,1.928,49.6,0,60,0,0,0,0,0,0,0,0,24
2025-09-25T02:53:31.580Z,59.4,21.1,1.929,50.4,0,60,0,0,0,0,0,0,0,0,24
2025-09-25T02:53:32.578Z,59.4,21.1,1.929,49.6,0,60,0,0,0,0,0,0,0,0,24
2025-09-25T02:53:33.582Z,59.4,21.1,1.928,50.4,0,60,0,0,0,0,0,0,0,0,24
2025-09-25T02:53:34.583Z,59.4,21.1,1.929,49.6,0,60,0,0,0,0,0,0,0,0,24
2025-09-25T02:53:35.575Z,59.4,21.1,1.929,50.4,0,60,0,0,0,0,0,0,0,0,24
2025-09-25T02:53:36.579Z,59.4,21.1,1.929,49.6,0,60,0,0,0,0,0,0,0,0,24
2025-09-25T02:53:37.587Z,59.4,21.1,1.928,50.4,0,60,0,0,0,0,0,0,0,0,24
2025-09-25T02:53:38.589Z,59.4,21.1,1.928,50.4,0,60,0,0,0,0,0,0,0,0,24
2025-09-25T02:53:39.588Z,59.4,21.1,1.928,49.6,0,60,0,0,0,0,0,0,0,0,24
2025-09-25T02:53:40.583Z,59.4,21.1,1.929,50.4,0,60,0,0,0,0,0,0,0,0,24
2025-09-25T02:53:41.586Z,59.4,21.1,1.929,49.6,0,60,0,0,0,0,0,0,0,0,24
2025-09-25T02:53:42.589Z,59.4,21.1,1.928,50.4,0,60,0,0,0,0,0,0,0,0,24
2025-09-25T02:53:43.587Z,59.4,21.1,1.928,49.6,0,60,0,0,0,0,0,0,0,0,24
2025-09-25T02:53:44.583Z,59.4,21.1,1.929,50.4,0,60,0,0,0,0,0,0,0,0,24
2025-09-25T02:53:45.580Z,59.4,21.1,1.929,49.6,0,60,0,0,0,0,0,0,0,0,24
2025-09-25T02:53:46.582Z,59.4,21.1,1.929,50.4,0,60,0,0,0,0,0,0,0,0,24
2025-09-25T02:53:47.586Z,59.4,21.1,1.929,49.6,0,60,0,0,0,0,0,0,0,0,24
2025-09-25T02:53:48.587Z,59.4,21.1,1.929,50.4,0,60,0,0,0,0,0,0,0,0,24
2025-09-25T02:53:49.590Z,59.4,21.1,1.929,49.6,0,60,0,0,0,0,0,0,0,0,24
2025-09-25T02:53:50.590Z,59.4,21.1,1.929,50.4,0,60,0,0,0,0,0,0,0,0,24
2025-09-25T02:53:51.596Z,59.4,21.1,1.928,49.6,0,60,0,0,0,0,0,0,0,0,24
2025-09-25T02:53:52.596Z,59.4,21.1,1.928,50.4,0,60,0,0,0,0,0,0,0,0,24
2025-09-25T02:53:53.594Z,59.4,21.1,1.929,49.6,0,60,0,0,0,0,0,0,0,0,24
2025-09-25T02:53:54.594Z,59.4,21.1,1.929,50.4,0,60,0,0,0,0,0,0,0,0,24
2025-09-25T02:53:55.592Z,59.4,21.1,1.929,49.6,0,60,0,0,0,0,0,0,0,0,24
2025-09-25T02:53:56.596Z,59.4,21.1,1.929,50.4,0,60,0,0,0,0,0,0,0,0,24
2025-09-25T02:53:57.589Z,59.4,21.1,1.929,49.6,0,60,0,0,0,0,0,0,0,0,24
2025-09-25T02:53:58.598Z,59.4,21.1,1.929,49.6,0,60,0,0,0,0,0,0,0,0,24
2025-09-25T02:53:59.598Z,59.4,21.1,1.929,49.6,0,60,0,0,0,0,0,0,0,0,24
2025-09-25T02:54:00.603Z,59.4,21.1,1.929,50.4,0,60,0,0,0,0,0,0,0,0,24
2025-09-25T02:54:01.602Z,59.4,21.1,1.929,49.6,0,60,0,0,0,0,0,0,0,0,24
2025-09-25T02:54:02.601Z,59.4,21.1,1.929,50.4,0,60,0,0,0,0,0,0,0,0,24
2025-09-25T02:54:03.602Z,59.4,21.1,1.929,49.6,0,60,0,0,0,0,0,0,0,0,24
2025-09-25T02:54:04.612Z,59.4,21.1,1.928,49.6,0,60,0,0,0,0,0,0,0,0,24
2025-09-25T02:54:05.607Z,59.4,21.1,1.929,50.4,0,60,0,0,0,0,0,0,0,0,24
2025-09-25T02:54:06.608Z,59.4,21.1,1.929,49.6,0,60,0,0,0,0,0,0,0,0,24
2025-09-25T02:54:07.606Z,59.4,21.1,1.929,50.4,0,60,0,0,0,0,0,0,0,0,24
2025-09-25T02:54:08.605Z,59.4,21.1,1.929,49.6,0,60,0,0,0,0,0,0,0,0,24
2025-09-25T02:54:09.608Z,59.4,21.1,1.929,50.4,0,60,0,0,0,0,0,0,0,0,24
2025-09-25T02:54:10.608Z,59.4,21.1,1.929,49.6,0,60,0,0,0,0,0,0,0,0,24
2025-09-25T02:54:11.611Z,59.4,21.1,1.929,50.4,0,60,0,0,0,0,0,0,0,0,24
2025-09-25T02:54:12.608Z,59.4,21.1,1.929,49.6,0,60,0,0,0,0,0,0,0,0,24
2025-09-25T02:54:13.608Z,59.4,21.1,1.929,49.6,0,60,0,0,0,0,0,0,0,0,24
2025-09-25T02:54:14.612Z,59.4,21.1,1.929,50.4,0,60,0,0,0,0,0,0,0,0,24
2025-09-25T02:54:15.605Z,59.4,21.1,1.929,49.6,0,60,0,0,0,0,0,0,0,0,24
2025-09-25T02:54:16.614Z,59.4,21.1,1.929,49.6,0,60,0,0,0,0,0,0,0,0,24
2025-09-25T02:54:17.615Z,59.4,21.1,1.929,50.4,0,60,0,0,0,0,0,0,0,0,24
2025-09-25T02:54:18.615Z,59.4,21.1,1.928,49.6,0,60,0,0,0,0,0,0,0,0,24
2025-09-25T02:54:19.625Z,59.4,21.1,1.928,49.6,0,60,0,0,0,0,0,0,0,0,24
2025-09-25T02:54:20.609Z,59.4,21.1,1.929,50.4,0,60,0,0,0,0,0,0,0,0,24
2025-09-25T02:54:21.620Z,59.4,21.1,1.928,50.4,0,60,0,0,0,0,0,0,0,0,24
2025-09-25T02:54:22.620Z,59.4,21.1,1.928,49.6,0,60,0,0,0,0,0,0,0,0,24
2025-09-25T02:54:23.619Z,59.4,21.1,1.929,50.4,0,60,0,0,0,0,0,0,0,0,24
2025-09-25T02:54:24.619Z,59.4,21.1,1.929,49.6,0,60,0,0,0,0,0,0,0,0,24
2025-09-25T02:54:25.622Z,59.4,21.1,1.929,50.4,0,60,0,0,0,0,0,0,0,0,24
2025-09-25T02:54:26.622Z,59.4,21.1,1.929,49.6,0,60,0,0,0,0,0,0,0,0,24
2025-09-25T02:54:27.626Z,59.4,21.1,1.929,50.4,0,60,0,0,0,0,0,0,0,0,24
2025-09-25T02:54:28.620Z,59.4,21.1,1.929,49.6,0,60,0,0,0,0,0,0,0,0,24
2025-09-25T02:54:29.624Z,59.4,21.1,1.929,50.4,0,60,0,0,0,0,0,0,0,0,24
2025-09-25T02:54:30.628Z,59.4,21.1,1.929,49.6,0,60,0,0,0,0,0,0,0,0,24
2025-09-25T02:54:31.629Z,59.5,21.1,1.929,49.6,0,60,0,0,0,0,0,0,0,0,24
2025-09-25T02:54:32.627Z,59.4,21.1,1.929,50.4,0,60,0,0,0,0,0,0,0,0,24
2025-09-25T02:54:33.633Z,59.5,21.1,1.928,49.6,0,60,0,0,0,0,0,0,0,0,24
2025-09-25T02:54:34.632Z,59.5,21.1,1.928,49.6,0,60,0,0,0,0,0,0,0,0,24
2025-09-25T02:54:35.631Z,59.5,21.1,1.929,50.4,0,60,0,0,0,0,0,0,0,0,24
2025-09-25T02:54:36.637Z,59.5,21.1,1.928,49.6,0,60,0,0,0,0,0,0,0,0,24
2025-09-25T02:54:37.632Z,59.5,21.1,1.928,49.6,0,60,0,0,0,0,0,0,0,0,24
2025-09-25T02:54:38.632Z,59.5,21.1,1.929,50.4,0,60,0,0,0,0,0,0,0,0,24
2025-09-25T02:54:39.635Z,59.5,21.1,1.929,50.4,0,60,0,0,0,0,0,0,0,0,24
2025-09-25T02:54:40.631Z,59.5,21.1,1.928,49.6,0,60,0,0,0,0,0,0,0,0,24
2025-09-25T02:54:41.630Z,59.5,21.1,1.928,50.4,0,60,0,0,0,0,0,0,0,0,24
2025-09-25T02:54:42.633Z,59.5,21.1,1.928,49.6,0,60,0,0,0,0,0,0,0,0,24
2025-09-25T02:54:43.632Z,59.5,21.1,1.928,50.4,0,60,0,0,0,0,0,0,0,0,24
2025-09-25T02:54:44.627Z,59.5,21.1,1.928,49.6,0,60,0,0,0,0,0,0,0,0,24
2025-09-25T02:54:45.630Z,59.5,21.1,1.928,50.4,0,60,0,0,0,0,0,0,0,0,24
2025-09-25T02:54:46.632Z,59.5,21.1,1.928,50.4,0,60,0,0,0,0,0,0,0,0,24
2025-09-25T02:54:47.629Z,59.5,21.1,1.928,49.6,0,60,0,0,0,0,0,0,0,0,24
2025-09-25T02:54:48.637Z,59.5,21.1,1.928,50.4,0,60,0,0,0,0,0,0,0,0,24
2025-09-25T02:54:49.645Z,59.5,21.1,1.927,49.6,0,60,0,0,0,0,0,0,0,0,24
2025-09-25T02:54:50.641Z,59.5,21.1,1.928,50.4,0,60,0,0,0,0,0,0,0,0,24
2025-09-25T02:54:51.640Z,59.5,21.1,1.928,49.6,0,60,0,0,0,0,0,0,0,0,24
2025-09-25T02:54:52.641Z,59.5,21.1,1.928,50.4,0,60,0,0,0,0,0,0,0,0,24
2025-09-25T02:54:53.645Z,59.5,21.1,1.928,49.6,0,60,0,0,0,0,0,0,0,0,24
2025-09-25T02:54:54.643Z,59.5,21.1,1.927,49.6,0,60,0,0,0,0,0,0,0,0,24
2025-09-25T02:54:55.646Z,59.5,21.1,1.928,50.4,0,60,0,0,0,0,0,0,0,0,24
2025-09-25T02:54:56.644Z,59.5,21.1,1.927,49.6,0,60,0,0,0,0,0,0,0,0,24
2025-09-25T02:54:57.647Z,59.5,21.1,1.928,50.4,0,60,0,0,0,0,0,0,0,0,24
2025-09-25T02:54:58.648Z,59.5,21.1,1.928,49.6,0,60,0,0,0,0,0,0,0,0,24
2025-09-25T02:54:59.647Z,59.5,21.1,1.928,49.6,0,60,0,0,0,0,0,0,0,0,24
2025-09-25T02:55:00.643Z,59.5,21.1,1.928,50.4,0,60,0,0,0,0,0,0,0,0,24
2025-09-25T02:55:01.640Z,59.5,21.1,1.926,49.6,0,60,0,0,0,0,0,0,0,0,24
2025-09-25T02:55:02.648Z,59.5,21.1,1.928,50.4,0,60,0,0,0,0,0,0,0,0,24
2025-09-25T02:55:03.650Z,59.6,21.1,1.928,49.6,0,60,0,0,0,0,0,0,0,0,24
2025-09-25T02:55:04.652Z,59.6,21.1,1.927,49.6,0,60,0,0,0,0,0,0,0,0,24
2025-09-25T02:55:05.652Z,59.6,21.1,1.927,50.4,0,60,0,0,0,0,0,0,0,0,24
2025-09-25T02:55:06.652Z,59.6,21.1,1.927,49.6,0,60,0,0,0,0,0,0,0,0,24
2025-09-25T02:55:07.654Z,59.6,21.1,1.927,49.6,0,60,0,0,0,0,0,0,0,0,24
2025-09-25T02:55:08.654Z,59.6,21.1,1.927,50.4,0,60,0,0,0,0,0,0,0,0,24
2025-09-25T02:55:09.657Z,59.6,21.1,1.927,49.6,0,60,0,0,0,0,0,0,0,0,24
2025-09-25T02:55:10.656Z,59.6,21.1,1.927,49.6,0,60,0,0,0,0,0,0,0,0,24
2025-09-25T02:55:11.655Z,59.6,21.1,1.927,50.4,0,60,0,0,0,0,0,0,0,0,24
2025-09-25T02:55:12.656Z,59.6,21.1,1.927,49.6,0,60,0,0,0,0,0,0,0,0,24
2025-09-25T02:55:13.658Z,59.6,21.1,1.927,49.6,0,60,0,0,0,0,0,0,0,0,24
2025-09-25T02:55:14.663Z,59.6,21.1,1.927,50.4,0,60,0,0,0,0,0,0,0,0,24
2025-09-25T02:55:15.661Z,59.6,21.1,1.928,49.6,0,60,0,0,0,0,0,0,0,0,24
2025-09-25T02:55:16.660Z,59.6,21.1,1.927,50.4,0,60,0,0,0,0,0,0,0,0,24
2025-09-25T02:55:17.659Z,59.6,21.1,1.927,50.4,0,60,0,0,0,0,0,0,0,0,24
2025-09-25T02:55:18.665Z,59.6,21.1,1.927,49.6,0,60,0,0,0,0,0,0,0,0,24
2025-09-25T02:55:19.663Z,59.6,21.1,1.927,50.4,0,60,0,0,0,0,0,0,0,0,24
2025-09-25T02:55:20.660Z,59.6,21.1,1.927,50.4,0,60,0,0,0,0,0,0,0,0,24
2025-09-25T02:55:21.663Z,59.6,21.1,1.927,49.6,0,60,0,0,0,0,0,0,0,0,24
2025-09-25T02:55:22.665Z,59.6,21.1,1.927,50.4,0,60,0,0,0,0,0,0,0,0,24
2025-09-25T02:55:23.665Z,59.6,21.1,1.927,49.6,0,60,0,0,0,0,0,0,0,0,24
2025-09-25T02:55:24.670Z,59.6,21.1,1.927,50.4,0,60,0,0,0,0,0,0,0,0,24
2025-09-25T02:55:25.670Z,59.6,21.1,1.927,49.6,0,60,0,0,0,0,0,0,0,0,24
2025-09-25T02:55:26.668Z,59.6,21.1,1.927,49.6,0,60,0,0,0,0,0,0,0,0,24
2025-09-25T02:55:27.674Z,59.6,21.1,1.927,50.4,0,60,0,0,0,0,0,0,0,0,24
2025-09-25T02:55:28.673Z,59.7,21.1,1.927,49.6,0,60,0,0,0,0,0,0,0,0,24
2025-09-25T02:55:29.672Z,59.7,21.1,1.927,49.6,0,60,0,0,0,0,0,0,0,0,24
2025-09-25T02:55:30.678Z,59.7,21.1,1.927,50.4,0,60,0,0,0,0,0,0,0,0,24
2025-09-25T02:55:31.674Z,59.7,21.1,1.927,50.4,0,60,0,0,0,0,0,0,0,0,24
2025-09-25T02:55:32.683Z,59.7,21.1,1.926,49.6,0,60,0,0,0,0,0,0,0,0,24
2025-09-25T02:55:33.680Z,59.7,21.1,1.927,50.4,0,60,0,0,0,0,0,0,0,0,24
2025-09-25T02:55:34.679Z,59.7,21.1,1.927,49.6,0,60,0,0,0,0,0,0,0,0,24
2025-09-25T02:55:35.676Z,59.7,21.1,1.927,50.4,0,60,0,0,0,0,0,0,0,0,24
2025-09-25T02:55:36.681Z,59.7,21.1,1.927,49.6,0,60,0,0,0,0,0,0,0,0,24
2025-09-25T02:55:37.672Z,59.7,21.1,1.926,49.6,0,60,0,0,0,0,0,0,0,0,24
2025-09-25T02:55:38.673Z,59.7,21.1,1.927,50.4,0,60,0,0,0,0,0,0,0,0,24
2025-09-25T02:55:39.671Z,59.7,21.1,1.926,49.6,0,60,0,0,0,0,0,0,0,0,24
2025-09-25T02:55:40.683Z,59.7,21.1,1.927,49.6,0,60,0,0,0,0,0,0,0,0,24
2025-09-25T02:55:41.683Z,59.7,21.1,1.927,50.4,0,60,0,0,0,0,0,0,0,0,24
2025-09-25T02:55:42.687Z,59.7,21.1,1.927,49.6,0,60,0,0,0,0,0,0,0,0,24
2025-09-25T02:55:43.682Z,59.7,21.1,1.926,49.6,0,60,0,0,0,0,0,0,0,0,24
2025-09-25T02:55:44.685Z,59.7,21.1,1.926,50.4,0,60,0,0,0,0,0,0,0,0,24
2025-09-25T02:55:45.685Z,59.7,21.1,1.926,49.6,0,60,0,0,0,0,0,0,0,0,24
2025-09-25T02:55:46.680Z,59.7,21.1,1.926,49.6,0,60,0,0,0,0,0,0,0,0,24
2025-09-25T02:55:47.685Z,59.7,21.1,1.926,50.4,0,60,0,0,0,0,0,0,0,0,24
2025-09-25T02:55:48.686Z,59.7,21.1,1.926,49.6,0,60,0,0,0,0,0,0,0,0,24
2025-09-25T02:55:49.682Z,59.8,21.1,1.926,49.6,0,60,0,0,0,0,0,0,0,0,24
2025-09-25T02:55:50.685Z,59.8,21.1,1.926,50.4,0,60,0,0,0,0,0,0,0,0,24
2025-09-25T02:55:51.682Z,59.8,21.1,1.926,50.4,0,60,0,0,0,0,0,0,0,0,24
2025-09-25T02:55:52.691Z,59.8,21.1,1.926,49.6,0,60,0,0,0,0,0,0,0,0,24
2025-09-25T02:55:53.692Z,59.8,21.1,1.926,50.4,0,60,0,0,0,0,0,0,0,0,24
2025-09-25T02:55:54.692Z,59.8,21.1,1.926,49.6,0,60,0,0,0,0,0,0,0,0,24
2025-09-25T02:55:55.697Z,59.8,21.1,1.926,49.6,0,60,0,0,0,0,0,0,0,0,24
2025-09-25T02:55:56.694Z,59.8,21.1,1.926,50.4,0,60,0,0,0,0,0,0,0,0,24
2025-09-25T02:55:57.700Z,59.8,21.1,1.926,50.4,0,60,0,0,0,0,0,0,0,0,24
2025-09-25T02:55:58.700Z,59.8,21.1,1.926,49.6,0,60,0,0,0,0,0,0,0,0,24
2025-09-25T02:55:59.702Z,59.8,21.1,1.926,50.4,0,60,0,0,0,0,0,0,0,0,24
2025-09-25T02:56:00.699Z,59.8,21.1,1.926,49.6,0,60,0,0,0,0,0,0,0,0,24
2025-09-25T02:56:01.707Z,59.8,21.1,1.926,50.4,0,60,0,0,0,0,0,0,0,0,24
2025-09-25T02:56:02.696Z,59.8,21.1,1.926,50.4,0,60,0,0,0,0,0,0,0,0,24
2025-09-25T02:56:03.700Z,59.8,21.1,1.926,49.6,0,60,0,0,0,0,0,0,0,0,24
2025-09-25T02:56:04.708Z,59.8,21.1,1.926,50.4,0,60,0,0,0,0,0,0,0,0,24
2025-09-25T02:56:05.706Z,59.8,21.1,1.926,50.4,0,60,0,0,0,0,0,0,0,0,24
2025-09-25T02:56:06.701Z,59.9,21.1,1.925,49.6,0,60,0,0,0,0,0,0,0,0,24
2025-09-25T02:56:07.703Z,59.9,21.1,1.926,50.4,0,60,0,0,0,0,0,0,0,0,24
2025-09-25T02:56:08.705Z,59.9,21.1,1.926,49.6,0,60,0,0,0,0,0,0,0,0,24
2025-09-25T02:56:09.705Z,59.9,21.1,1.926,50.4,0,60,0,0,0,0,0,0,0,0,24
2025-09-25T02:56:10.704Z,59.9,21.1,1.926,49.6,0,60,0,0,0,0,0,0,0,0,24
2025-09-25T02:56:11.706Z,59.9,21.1,1.926,49.6,0,60,0,0,0,0,0,0,0,0,24
2025-09-25T02:56:12.709Z,59.9,21.1,1.926,50.4,0,60,0,0,0,0,0,0,0,0,24
2025-09-25T02:56:13.709Z,59.9,21.1,1.926,49.6,0,60,0,0,0,0,0,0,0,0,24
2025-09-25T02:56:14.710Z,59.9,21.1,1.926,50.4,0,60,0,0,0,0,0,0,0,0,24
2025-09-25T02:56:15.710Z,59.9,21.1,1.926,50.4,0,60,0,0,0,0,0,0,0,0,24
2025-09-25T02:56:16.711Z,59.9,21.1,1.926,49.6,0,60,0,0,0,0,0,0,0,0,24
2025-09-25T02:56:17.715Z,59.9,21.1,1.926,50.4,0,60,0,0,0,0,0,0,0,0,24
2025-09-25T02:56:18.718Z,59.9,21.1,1.926,49.6,0,60,0,0,0,0,0,0,0,0,24
2025-09-25T02:56:19.708Z,59.9,21.1,1.925,50.4,0,60,0,0,0,0,0,0,0,0,24
2025-09-25T02:56:20.710Z,59.9,21.1,1.925,49.6,0,60,0,0,0,0,0,0,0,0,24
2025-09-25T02:56:21.717Z,59.9,21.1,1.926,50.4,0,60,0,0,0,0,0,0,0,0,24
2025-09-25T02:56:22.718Z,60,21.1,1.926,49.6,0,60,0,0,0,0,0,0,0,0,24
2025-09-25T02:56:23.716Z,60,21.1,1.925,49.6,0,60,0,0,0,0,0,0,0,0,24
2025-09-25T02:56:24.724Z,60,21.1,1.926,50.4,0,60,0,0,0,0,0,0,0,0,24
2025-09-25T02:56:25.719Z,60,21.1,1.926,49.6,0,60,0,0,0,0,0,0,0,0,24
2025-09-25T02:56:26.722Z,60,21.1,1.926,49.6,0,60,0,0,0,0,0,0,0,0,24
2025-09-25T02:56:27.721Z,60,21.1,1.926,50.4,0,60,0,0,0,0,0,0,0,0,24
2025-09-25T02:56:28.724Z,60,21.1,1.926,49.6,0,60,0,0,0,0,0,0,0,0,24
2025-09-25T02:56:29.722Z,60,21.1,1.926,50.4,0,60,0,0,0,0,0,0,0,0,24
2025-09-25T02:56:30.728Z,60,21.1,1.925,49.6,0,60,0,0,0,0,0,0,0,0,24
2025-09-25T02:56:31.726Z,60,21.1,1.925,49.6,0,60,0,0,0,0,0,0,0,0,24
2025-09-25T02:56:32.726Z,60,21.1,1.925,50.4,0,60,0,0,0,0,0,0,0,0,24
2025-09-25T02:56:33.732Z,60,21.1,1.925,49.6,0,60,0,0,0,0,0,0,0,0,24
2025-09-25T02:56:34.731Z,60,21.1,1.925,50.4,0,60,0,0,0,0,0,0,0,0,24
2025-09-25T02:56:35.737Z,60,21.1,1.925,50.4,0,60,0,0,0,0,0,0,0,0,24
2025-09-25T02:56:36.731Z,60,21.1,1.925,49.6,0,60,0,0,0,0,0,0,0,0,24
2025-09-25T02:56:37.734Z,60.1,21.1,1.925,50.4,0,60,0,0,0,0,0,0,0,0,24
2025-09-25T02:56:38.729Z,60.1,21.1,1.925,49.6,0,60,0,0,0,0,0,0,0,0,24
2025-09-25T02:56:39.731Z,60.1,21.1,1.925,50.4,0,60,0,0,0,0,0,0,0,0,24
2025-09-25T02:56:40.733Z,60.1,21.1,1.925,49.6,0,60,0,0,0,0,0,0,0,0,24
2025-09-25T02:56:41.732Z,60.1,21.1,1.925,49.6,0,60,0,0,0,0,0,0,0,0,24
2025-09-25T02:56:42.734Z,60.1,21.1,1.924,50.4,0,60,0,0,0,0,0,0,0,0,24
2025-09-25T02:56:43.732Z,60.1,21.1,1.924,49.6,0,60,0,0,0,0,0,0,0,0,24
2025-09-25T02:56:44.740Z,60.1,21.1,1.925,50.4,0,59.9,0,0,0,0,0,0,0,0,24
2025-09-25T02:56:45.727Z,60.1,21.1,1.924,49.6,0,59.9,0,0,0,0,0,0,0,0,24
2025-09-25T02:56:46.731Z,60.1,21.1,1.923,49.6,0,59.9,0,0,0,0,0,0,0,0,24
2025-09-25T02:56:47.733Z,60.1,21.1,1.924,50.4,0,59.9,0,0,0,0,0,0,0,0,24
2025-09-25T02:56:48.739Z,60.1,21.1,1.924,49.6,0,59.9,0,0,0,0,0,0,0,0,24
2025-09-25T02:56:49.740Z,60.1,21.1,1.924,50.4,0,59.9,0,0,0,0,0,0,0,0,24
2025-09-25T02:56:50.741Z,60.1,21.1,1.925,50.4,0,59.9,0,0,0,0,0,0,0,0,24
2025-09-25T02:56:51.740Z,60.1,21.1,1.924,49.6,0,60,0,0,0,0,0,0,0,0,24
2025-09-25T02:56:52.745Z,60.2,21.1,1.924,50.4,0,59.9,0,0,0,0,0,0,0,0,24
2025-09-25T02:56:53.746Z,60.2,21.1,1.924,49.6,0,59.9,0,0,0,0,0,0,0,0,24
2025-09-25T02:56:54.746Z,60.2,21.1,1.924,50.4,0,59.9,0,0,0,0,0,0,0,0,24
2025-09-25T02:56:55.739Z,60.2,21.1,1.923,49.6,0,60,0,0,0,0,0,0,0,0,24
2025-09-25T02:56:56.744Z,60.2,21.1,1.924,50.4,0,60,0,0,0,0,0,0,0,0,24
2025-09-25T02:56:57.753Z,60.2,21.1,1.924,49.6,0,59.9,0,0,0,0,0,0,0,0,24
2025-09-25T02:56:58.743Z,60.2,21.1,1.923,49.6,0,59.9,0,0,0,0,0,0,0,0,24
2025-09-25T02:56:59.755Z,60.2,21.1,1.924,50.4,0,59.9,0,0,0,0,0,0,0,0,24
2025-09-25T02:57:00.754Z,60.2,21.1,1.924,49.6,0,59.9,0,0,0,0,0,0,0,0,24
2025-09-25T02:57:01.751Z,60.2,21.1,1.924,49.6,0,59.9,0,0,0,0,0,0,0,0,24
2025-09-25T02:57:02.754Z,60.2,21.1,1.924,50.4,0,59.9,0,0,0,0,0,0,0,0,24
2025-09-25T02:57:03.755Z,60.2,21.1,1.924,49.6,0,59.9,0,0,0,0,0,0,0,0,24
2025-09-25T02:57:04.753Z,60.2,21.1,1.924,50.4,0,59.9,0,0,0,0,0,0,0,0,24
2025-09-25T02:57:05.760Z,60.2,21.1,1.924,49.6,0,59.9,0,0,0,0,0,0,0,0,24
2025-09-25T02:57:06.755Z,60.2,21.1,1.924,49.6,0,59.9,0,0,0,0,0,0,0,0,24
2025-09-25T02:57:07.757Z,60.2,21.1,1.924,50.4,0,59.9,0,0,0,0,0,0,0,0,24
2025-09-25T02:57:08.756Z,60.3,21.1,1.924,49.6,0,59.9,0,0,0,0,0,0,0,0,24
2025-09-25T02:57:09.762Z,60.3,21.1,1.924,50.4,0,59.9,0,0,0,0,0,0,0,0,24
2025-09-25T02:57:10.759Z,60.3,21.1,1.924,49.6,0,59.9,0,0,0,0,0,0,0,0,24
2025-09-25T02:57:11.758Z,60.3,21.1,1.924,49.6,0,59.9,0,0,0,0,0,0,0,0,24
2025-09-25T02:57:12.758Z,60.3,21.1,1.924,50.4,0,59.9,0,0,0,0,0,0,0,0,24
2025-09-25T02:57:13.759Z,60.3,21.1,1.923,49.6,0,59.9,0,0,0,0,0,0,0,0,24
2025-09-25T02:57:14.766Z,60.3,21.1,1.923,49.6,0,59.9,0,0,0,0,0,0,0,0,24
2025-09-25T02:57:15.764Z,60.3,21.1,1.923,50.4,0,59.9,0,0,0,0,0,0,0,0,24
2025-09-25T02:57:16.770Z,60.3,21.1,1.923,50.4,0,59.9,0,0,0,0,0,0,0,0,24
2025-09-25T02:57:17.768Z,60.3,21.1,1.923,49.6,0,59.9,0,0,0,0,0,0,0,0,24
2025-09-25T02:57:18.767Z,60.3,21.1,1.923,50.4,0,59.9,0,0,0,0,0,0,0,0,24
2025-09-25T02:57:19.768Z,60.3,21.1,1.923,49.6,0,59.9,0,0,0,0,0,0,0,0,24
2025-09-25T02:57:20.771Z,60.3,21.1,1.923,49.6,0,59.9,0,0,0,0,0,0,0,0,24
2025-09-25T02:57:21.768Z,60.4,21.1,1.923,50.4,0,59.9,0,0,0,0,0,0,0,0,24
2025-09-25T02:57:22.774Z,60.4,21.1,1.923,50.4,0,59.9,0,0,0,0,0,0,0,0,24
2025-09-25T02:57:23.776Z,60.4,21.1,1.923,49.6,0,59.9,0,0,0,0,0,0,0,0,24
2025-09-25T02:57:24.776Z,60.4,21.1,1.923,50.4,0,59.9,0,0,0,0,0,0,0,0,24
2025-09-25T02:57:25.774Z,60.4,21.1,1.923,49.6,0,59.9,0,0,0,0,0,0,0,0,24
2025-09-25T02:57:26.771Z,60.4,21.1,1.923,50.4,0,59.9,0,0,0,0,0,0,0,0,24
2025-09-25T02:57:27.775Z,60.4,21.1,1.923,50.4,0,59.9,0,0,0,0,0,0,0,0,24
2025-09-25T02:57:28.776Z,60.4,21.1,1.923,49.6,0,59.9,0,0,0,0,0,0,0,0,24
2025-09-25T02:57:29.777Z,60.4,21.1,1.923,50.4,0,59.9,0,0,0,0,0,0,0,0,24
2025-09-25T02:57:30.778Z,60.4,21.1,1.923,49.6,0,59.9,0,0,0,0,0,0,0,0,24
2025-09-25T02:57:31.781Z,60.4,21.1,1.923,50.4,0,59.9,0,0,0,0,0,0,0,0,24
2025-09-25T02:57:32.779Z,60.4,21.1,1.923,49.6,0,59.9,0,0,0,0,0,0,0,0,24
2025-09-25T02:57:33.783Z,60.4,21.1,1.923,50.4,0,59.9,0,0,0,0,0,0,0,0,24
2025-09-25T02:57:34.784Z,60.4,21.1,1.923,49.6,0,59.9,0,0,0,0,0,0,0,0,24
2025-09-25T02:57:35.786Z,60.4,21.1,1.923,50.4,0,59.9,0,0,0,0,0,0,0,0,24
2025-09-25T02:57:36.784Z,60.4,21.1,1.923,49.6,0,59.9,0,0,0,0,0,0,0,0,24
2025-09-25T02:57:37.784Z,60.4,21.1,1.923,49.6,0,59.9,0,0,0,0,0,0,0,0,24
2025-09-25T02:57:38.780Z,60.4,21.1,1.923,50.4,0,59.9,0,0,0,0,0,0,0,0,24
2025-09-25T02:57:39.787Z,60.5,21.1,1.923,49.6,0,59.9,0,0,0,0,0,0,0,0,24
2025-09-25T02:57:40.783Z,60.5,21.1,1.923,49.6,0,59.9,0,0,0,0,0,0,0,0,24
2025-09-25T02:57:41.788Z,60.5,21.1,1.923,50.4,0,59.9,0,0,0,0,0,0,0,0,24
2025-09-25T02:57:42.792Z,60.5,21.1,1.923,49.6,0,59.9,0,0,0,0,0,0,0,0,24
2025-09-25T02:57:43.790Z,60.5,21.1,1.923,49.6,0,59.9,0,0,0,0,0,0,0,0,24
2025-09-25T02:57:44.788Z,60.5,21.1,1.923,50.4,0,59.9,0,0,0,0,0,0,0,0,24
2025-09-25T02:57:45.789Z,60.5,21.1,1.923,49.6,0,59.9,0,0,0,0,0,0,0,0,24
2025-09-25T02:57:46.788Z,60.5,21.1,1.923,49.6,0,59.9,0,0,0,0,0,0,0,0,24
2025-09-25T02:57:47.791Z,60.5,21.1,1.923,50.4,0,59.9,0,0,0,0,0,0,0,0,24
2025-09-25T02:57:48.795Z,60.5,21.1,1.923,50.4,0,59.9,0,0,0,0,0,0,0,0,24
2025-09-25T02:57:49.797Z,60.5,21.1,1.923,49.6,0,59.9,0,0,0,0,0,0,0,0,24
2025-09-25T02:57:50.793Z,60.5,21.1,1.923,50.4,0,59.9,0,0,0,0,0,0,0,0,24
2025-09-25T02:57:51.793Z,60.5,21.1,1.922,49.6,0,59.9,0,0,0,0,0,0,0,0,24
2025-09-25T02:57:52.797Z,60.5,21.1,1.922,49.6,0,59.9,0,0,0,0,0,0,0,0,24
2025-09-25T02:57:53.800Z,60.5,21.1,1.922,50.4,0,59.9,0,0,0,0,0,0,0,0,24
2025-09-25T02:57:54.802Z,60.6,21.1,1.922,49.6,0,59.9,0,0,0,0,0,0,0,0,24
2025-09-25T02:57:55.803Z,60.6,21.1,1.922,50.4,0,59.9,0,0,0,0,0,0,0,0,24
2025-09-25T02:57:56.800Z,60.6,21.1,1.922,50.4,0,59.9,0,0,0,0,0,0,0,0,24
2025-09-25T02:57:57.804Z,60.6,21.1,1.922,49.6,0,59.9,0,0,0,0,0,0,0,0,24
2025-09-25T02:57:58.798Z,60.6,21.1,1.921,50.4,0,59.9,0,0,0,0,0,0,0,0,24
2025-09-25T02:57:59.806Z,60.6,21.1,1.922,49.6,0,59.9,0,0,0,0,0,0,0,0,24
2025-09-25T02:58:00.802Z,60.6,21.1,1.922,50.4,0,59.9,0,0,0,0,0,0,0,0,24
2025-09-25T02:58:01.803Z,60.6,21.1,1.922,49.6,0,59.9,0,0,0,0,0,0,0,0,24
2025-09-25T02:58:02.806Z,60.6,21.1,1.922,49.6,0,59.9,0,0,0,0,0,0,0,0,24
2025-09-25T02:58:03.806Z,60.6,21.1,1.922,50.4,0,59.9,0,0,0,0,0,0,0,0,24
2025-09-25T02:58:04.805Z,60.6,21.1,1.922,49.6,0,59.9,0,0,0,0,0,0,0,0,24
2025-09-25T02:58:05.810Z,60.6,21.1,1.922,49.6,0,59.9,0,0,0,0,0,0,0,0,24
2025-09-25T02:58:06.812Z,60.6,21.1,1.922,50.4,0,59.9,0,0,0,0,0,0,0,0,24
2025-09-25T02:58:07.810Z,60.6,21.1,1.922,50.4,0,59.9,0,0,0,0,0,0,0,0,24
2025-09-25T02:58:08.808Z,60.6,21.1,1.922,49.6,0,59.9,0,0,0,0,0,0,0,0,24
2025-09-25T02:58:09.811Z,60.6,21.1,1.922,50.4,0,59.9,0,0,0,0,0,0,0,0,24
2025-09-25T02:58:10.812Z,60.6,21.1,1.922,49.6,0,59.9,0,0,0,0,0,0,0,0,24
2025-09-25T02:58:11.808Z,60.6,21.1,1.921,50.4,0,59.9,0,0,0,0,0,0,0,0,24
2025-09-25T02:58:12.813Z,60.6,21.1,1.922,50.4,0,59.9,0,0,0,0,0,0,0,0,24
2025-09-25T02:58:13.817Z,60.6,21.1,1.922,49.6,0,59.9,0,0,0,0,0,0,0,0,24
2025-09-25T02:58:14.816Z,60.7,21.1,1.922,50.4,0,59.9,0,0,0,0,0,0,0,0,24
2025-09-25T02:58:15.820Z,60.7,21.1,1.922,49.6,0,59.9,0,0,0,0,0,0,0,0,24
2025-09-25T02:58:16.816Z,60.7,21.1,1.922,50.4,0,59.9,0,0,0,0,0,0,0,0,24
2025-09-25T02:58:17.818Z,60.7,21.1,1.922,49.6,0,59.9,0,0,0,0,0,0,0,0,24
2025-09-25T02:58:18.820Z,60.7,21.1,1.922,50.4,0,59.9,0,0,0,0,0,0,0,0,24
2025-09-25T02:58:19.823Z,60.7,21.1,1.922,49.6,0,59.9,0,0,0,0,0,0,0,0,24
2025-09-25T02:58:20.822Z,60.7,21.1,1.922,50.4,0,59.9,0,0,0,0,0,0,0,0,24
2025-09-25T02:58:21.822Z,60.7,21.1,1.922,49.6,0,59.9,0,0,0,0,0,0,0,0,24
2025-09-25T02:58:22.825Z,60.7,21.1,1.922,49.6,0,59.9,0,0,0,0,0,0,0,0,24
2025-09-25T02:58:23.826Z,60.7,21.1,1.922,50.4,0,59.9,0,0,0,0,0,0,0,0,24
2025-09-25T02:58:24.823Z,60.7,21.1,1.922,49.6,0,59.9,0,0,0,0,0,0,0,0,24
2025-09-25T02:58:25.829Z,60.7,21.1,1.922,49.6,0,59.9,0,0,0,0,0,0,0,0,24
2025-09-25T02:58:26.826Z,60.7,21.1,1.922,50.4,0,59.9,0,0,0,0,0,0,0,0,24
2025-09-25T02:58:27.826Z,60.7,21.1,1.922,49.6,0,59.9,0,0,0,0,0,0,0,0,24
2025-09-25T02:58:28.828Z,60.7,21.1,1.922,50.4,0,59.9,0,0,0,0,0,0,0,0,24
2025-09-25T02:58:29.832Z,60.7,21.1,1.922,49.6,0,59.9,0,0,0,0,0,0,0,0,24
2025-09-25T02:58:30.832Z,60.7,21.1,1.922,49.6,0,59.9,0,0,0,0,0,0,0,0,24
2025-09-25T02:58:31.831Z,60.7,21.1,1.921,50.4,0,59.9,0,0,0,0,0,0,0,0,24
2025-09-25T02:58:32.835Z,60.7,21.1,1.922,49.6,0,59.9,0,0,0,0,0,0,0,0,24
2025-09-25T02:58:33.839Z,60.8,21.1,1.921,49.6,0,59.9,0,0,0,0,0,0,0,0,24
2025-09-25T02:58:34.836Z,60.8,21.1,1.921,50.4,0,59.9,0,0,0,0,0,0,0,0,24
2025-09-25T02:58:35.833Z,60.8,21.1,1.922,49.6,0,59.9,0,0,0,0,0,0,0,0,24
2025-09-25T02:58:36.837Z,60.8,21.1,1.921,49.6,0,59.9,0,0,0,0,0,0,0,0,24
2025-09-25T02:58:37.840Z,60.8,21.1,1.921,50.4,0,59.9,0,0,0,0,0,0,0,0,24
2025-09-25T02:58:38.837Z,60.8,21.1,1.922,50.4,0,59.9,0,0,0,0,0,0,0,0,24
2025-09-25T02:58:39.838Z,60.8,21.1,1.921,49.6,0,59.9,0,0,0,0,0,0,0,0,24
2025-09-25T02:58:40.838Z,60.8,21.1,1.921,50.4,0,59.9,0,0,0,0,0,0,0,0,24
2025-09-25T02:58:41.840Z,60.8,21.1,1.921,49.6,0,59.9,0,0,0,0,0,0,0,0,24
2025-09-25T02:58:42.841Z,60.8,21.1,1.921,50.4,0,59.9,0,0,0,0,0,0,0,0,24
2025-09-25T02:58:43.843Z,60.8,21.1,1.921,50.4,0,59.9,0,0,0,0,0,0,0,0,24
2025-09-25T02:58:44.847Z,60.8,21.1,1.921,49.6,0,59.9,0,0,0,0,0,0,0,0,24
2025-09-25T02:58:45.840Z,60.8,21.1,1.922,49.6,0,59.9,0,0,0,0,0,0,0,0,24
2025-09-25T02:58:46.843Z,60.8,21.1,1.921,49.6,0,59.9,0,0,0,0,0,0,0,0,24
2025-09-25T02:58:47.845Z,60.8,21.1,1.922,50.4,0,59.9,0,0,0,0,0,0,0,0,24
2025-09-25T02:58:48.841Z,60.8,21.1,1.921,50.4,0,59.9,0,0,0,0,0,0,0,0,24
2025-09-25T02:58:49.850Z,60.8,21.1,1.921,49.6,0,60,0,0,0,0,0,0,0,0,24
2025-09-25T02:58:50.846Z,60.8,21.1,1.921,50.4,0,60,0,0,0,0,0,0,0,0,24
2025-09-25T02:58:51.841Z,60.8,21.1,1.921,49.6,0,59.9,0,0,0,0,0,0,0,0,24
2025-09-25T02:58:52.843Z,60.8,21.1,1.921,50.4,0,59.9,0,0,0,0,0,0,0,0,24
2025-09-25T02:58:53.852Z,60.8,21.1,1.921,49.6,0,59.9,0,0,0,0,0,0,0,0,24
2025-09-25T02:58:54.843Z,60.8,21.1,1.921,49.6,0,59.9,0,0,0,0,0,0,0,0,24
2025-09-25T02:58:55.851Z,60.8,21.1,1.921,50.4,0,60,0,0,0,0,0,0,0,0,24
2025-09-25T02:58:56.846Z,60.8,21.1,1.921,49.6,0,60,0,0,0,0,0,0,0,0,24
2025-09-25T02:58:57.854Z,60.8,21.1,1.921,49.6,0,60,0,0,0,0,0,0,0,0,24
2025-09-25T02:58:58.851Z,60.9,21.1,1.921,50.4,0,59.9,0,0,0,0,0,0,0,0,24
2025-09-25T02:58:59.856Z,60.9,21.1,1.921,49.6,0,60,0,0,0,0,0,0,0,0,24
2025-09-25T02:59:00.858Z,60.9,21.1,1.921,49.6,0,60,0,0,0,0,0,0,0,0,24
2025-09-25T02:59:01.860Z,60.9,21.1,1.921,50.4,0,60,0,0,0,0,0,0,0,0,24
2025-09-25T02:59:02.861Z,60.9,21.1,1.921,50.4,0,60,0,0,0,0,0,0,0,0,24
2025-09-25T02:59:03.862Z,60.9,21.1,1.921,49.6,0,60,0,0,0,0,0,0,0,0,24
2025-09-25T02:59:04.861Z,60.9,21.1,1.921,50.4,0,60,0,0,0,0,0,0,0,0,24
2025-09-25T02:59:05.862Z,60.9,21.1,1.921,50.4,0,59.9,0,0,0,0,0,0,0,0,24
2025-09-25T02:59:06.865Z,60.9,21.1,1.92,49.6,0,60,0,0,0,0,0,0,0,0,24
2025-09-25T02:59:07.862Z,60.9,21.1,1.92,49.6,0,60,0,0,0,0,0,0,0,0,24
2025-09-25T02:59:08.862Z,60.9,21.1,1.921,49.6,0,60,0,0,0,0,0,0,0,0,24
2025-09-25T02:59:09.868Z,60.9,21.1,1.92,50.4,0,60,0,0,0,0,0,0,0,0,24
2025-09-25T02:59:10.866Z,60.9,21.1,1.92,50.4,0,60,0,0,0,0,0,0,0,0,24
2025-09-25T02:59:11.858Z,60.9,21.1,1.92,49.6,0,59.9,0,0,0,0,0,0,0,0,24
2025-09-25T02:59:12.868Z,60.9,21.1,1.92,50.4,0,59.9,0,0,0,0,0,0,0,0,24
2025-09-25T02:59:13.865Z,60.9,21.1,1.92,49.6,0,60,0,0,0,0,0,0,0,0,24
2025-09-25T02:59:14.866Z,60.9,21.1,1.92,50.4,0,60,0,0,0,0,0,0,0,0,24
2025-09-25T02:59:15.870Z,60.9,21.1,1.92,49.6,0,60,0,0,0,0,0,0,0,0,24
2025-09-25T02:59:16.870Z,60.9,21.1,1.92,50.4,0,60,0,0,0,0,0,0,0,0,24
2025-09-25T02:59:17.874Z,60.9,21.1,1.92,49.6,0,59.9,0,0,0,0,0,0,0,0,24
2025-09-25T02:59:18.869Z,60.9,21.1,1.92,49.6,0,60,0,0,0,0,0,0,0,0,24
2025-09-25T02:59:19.869Z,60.9,21.1,1.92,50.4,0,60,0,0,0,0,0,0,0,0,24
2025-09-25T02:59:20.877Z,60.9,21.1,1.92,49.6,0,60,0,0,0,0,0,0,0,0,24
2025-09-25T02:59:21.877Z,60.9,21.1,1.92,49.6,0,60,0,0,0,0,0,0,0,0,24
2025-09-25T02:59:22.877Z,60.9,21.1,1.92,50.4,0,60,0,0,0,0,0,0,0,0,24
2025-09-25T02:59:23.875Z,60.9,21.1,1.92,49.6,0,60,0,0,0,0,0,0,0,0,24
2025-09-25T02:59:24.881Z,60.9,21.1,1.92,49.6,0,60,0,0,0,0,0,0,0,0,24
2025-09-25T02:59:25.878Z,60.9,21.1,1.92,50.4,0,60,0,0,0,0,0,0,0,0,24
2025-09-25T02:59:26.881Z,60.9,21.1,1.92,49.6,0,60,0,0,0,0,0,0,0,0,24
2025-09-25T02:59:27.875Z,60.9,21.1,1.92,49.6,0,60,0,0,0,0,0,0,0,0,24
2025-09-25T02:59:28.878Z,60.9,21.1,1.92,50.4,0,60,0,0,0,0,0,0,0,0,24
2025-09-25T02:59:29.877Z,60.9,21.1,1.92,49.6,0,60,0,0,0,0,0,0,0,0,24
2025-09-25T02:59:30.883Z,60.9,21.1,1.92,49.6,0,60,0,0,0,0,0,0,0,0,24
2025-09-25T02:59:31.884Z,60.9,21.1,1.92,50.4,0,60,0,0,0,0,0,0,0,0,24
2025-09-25T02:59:32.884Z,60.9,21.1,1.92,49.6,0,60,0,0,0,0,0,0,0,0,24
2025-09-25T02:59:33.887Z,60.9,21.1,1.92,49.6,0,60,0,0,0,0,0,0,0,0,24
2025-09-25T02:59:34.888Z,60.9,21.1,1.92,50.4,0,60,0,0,0,0,0,0,0,0,24
2025-09-25T02:59:35.886Z,61,21.1,1.92,49.6,0,60,0,0,0,0,0,0,0,0,24
2025-09-25T02:59:36.890Z,61,21.1,1.92,49.6,0,60,0,0,0,0,0,0,0,0,24
2025-09-25T02:59:37.891Z,61,21.1,1.92,50.4,0,60,0,0,0,0,0,0,0,0,24
2025-09-25T02:59:38.885Z,61,21.1,1.92,49.6,0,60,0,0,0,0,0,0,0,0,24
2025-09-25T02:59:39.886Z,60.9,21.1,1.92,49.6,0,60,0,0,0,0,0,0,0,0,24
2025-09-25T02:59:40.887Z,60.9,21.1,1.92,50.4,0,60,0,0,0,0,0,0,0,0,24
2025-09-25T02:59:41.890Z,61,21.1,1.92,50.4,0,60,0,0,0,0,0,0,0,0,24
2025-09-25T02:59:42.891Z,61,21.1,1.92,49.6,0,60,0,0,0,0,0,0,0,0,24
2025-09-25T02:59:43.888Z,61,21.1,1.92,50.4,0,60,0,0,0,0,0,0,0,0,24
2025-09-25T02:59:44.893Z,61,21.1,1.92,50.4,0,60,0,0,0,0,0,0,0,0,24
2025-09-25T02:59:45.890Z,61,21.1,1.92,49.6,0,60,0,0,0,0,0,0,0,0,24
2025-09-25T02:59:46.894Z,61,21.1,1.92,50.4,0,60,0,0,0,0,0,0,0,0,24
2025-09-25T02:59:47.901Z,61,21.1,1.92,49.6,0,60,0,0,0,0,0,0,0,0,24
2025-09-25T02:59:48.894Z,61,21.1,1.92,49.6,0,60,0,0,0,0,0,0,0,0,24
2025-09-25T02:59:49.891Z,61,21.1,1.92,50.4,0,60,0,0,0,0,0,0,0,0,24
2025-09-25T02:59:50.903Z,61,21.1,1.92,49.6,0,60,0,0,0,0,0,0,0,0,24
2025-09-25T02:59:51.897Z,61,21.1,1.92,50.4,0,60,0,0,0,0,0,0,0,0,24
2025-09-25T02:59:52.903Z,61,21.1,1.92,50.4,0,60,0,0,0,0,0,0,0,0,24
2025-09-25T02:59:53.903Z,61,21.1,1.92,49.6,0,60,0,0,0,0,0,0,0,0,24
2025-09-25T02:59:54.901Z,61,21.1,1.92,50.4,0,60,0,0,0,0,0,0,0,0,24
2025-09-25T02:59:55.903Z,61,21.1,1.92,50.4,0,60,0,0,0,0,0,0,0,0,24
2025-09-25T02:59:56.906Z,61,21.1,1.92,49.6,0,60,0,0,0,0,0,0,0,0,24
2025-09-25T02:59:57.904Z,61,21.1,1.92,50.4,0,60,0,0,0,0,0,0,0,0,24
2025-09-25T02:59:58.904Z,61,21.1,1.92,50.4,0,59.9,0,0,0,0,0,0,0,0,24
2025-09-25T02:59:59.896Z,61,21.1,1.92,49.6,0,59.9,0,0,0,0,0,0,0,0,24
2025-09-25T03:00:00.900Z,61,21.1,1.92,50.4,0,59.9,0,0,0,0,0,0,0,0,24
2025-09-25T03:00:01.911Z,61,21.1,1.92,49.6,0,60,0,0,0,0,0,0,0,0,24
2025-09-25T03:00:02.910Z,61,21.1,1.92,49.6,0,60,0,0,0,0,0,0,0,0,24
2025-09-25T03:00:03.905Z,61,21.1,1.92,50.4,0,60,0,0,0,0,0,0,0,0,24
2025-09-25T03:00:04.908Z,61,21.1,1.92,50.4,0,59.9,0,0,0,0,0,0,0,0,24
2025-09-25T03:00:05.908Z,60.9,21.1,1.92,49.6,0,59.9,0,0,0,0,0,0,0,0,24
2025-09-25T03:00:06.909Z,60.9,21.1,1.92,50.4,0,59.9,0,0,0,0,0,0,0,0,24
2025-09-25T03:00:07.911Z,61,21.1,1.92,49.6,0,59.9,0,0,0,0,0,0,0,0,24
2025-09-25T03:00:08.911Z,60.9,21.1,1.92,49.6,0,60,0,0,0,0,0,0,0,0,24
2025-09-25T03:00:09.909Z,60.9,21.1,1.92,50.4,0,60,0,0,0,0,0,0,0,0,24
2025-09-25T03:00:10.914Z,60.9,21.1,1.92,49.6,0,59.9,0,0,0,0,0,0,0,0,24
2025-09-25T03:00:11.915Z,60.9,21.1,1.92,50.4,0,59.9,0,0,0,0,0,0,0,0,24
2025-09-25T03:00:12.918Z,60.9,21.1,1.92,50.4,0,60,0,0,0,0,0,0,0,0,24
2025-09-25T03:00:13.916Z,60.9,21.1,1.92,49.6,0,59.9,0,0,0,0,0,0,0,0,24
2025-09-25T03:00:14.916Z,60.9,21.1,1.92,50.4,0,59.9,0,0,0,0,0,0,0,0,24
2025-09-25T03:00:15.914Z,60.9,21.1,1.92,49.6,0,60,0,0,0,0,0,0,0,0,24
2025-09-25T03:00:16.918Z,60.9,21.1,1.92,50.4,0,59.9,0,0,0,0,0,0,0,0,24
2025-09-25T03:00:17.924Z,60.9,21.1,1.92,49.6,0,60,0,0,0,0,0,0,0,0,24
2025-09-25T03:00:18.924Z,60.9,21.1,1.92,50.4,0,59.9,0,0,0,0,0,0,0,0,24
2025-09-25T03:00:19.922Z,60.9,21.1,1.92,49.6,0,59.9,0,0,0,0,0,0,0,0,24
2025-09-25T03:00:20.921Z,60.9,21.1,1.92,49.6,0,59.9,0,0,0,0,0,0,0,0,24
2025-09-25T03:00:21.921Z,60.9,21.1,1.92,50.4,0,59.9,0,0,0,0,0,0,0,0,24
2025-09-25T03:00:22.923Z,60.9,21.1,1.92,49.6,0,59.9,0,0,0,0,0,0,0,0,24
2025-09-25T03:00:23.929Z,60.9,21.1,1.92,49.6,0,60,0,0,0,0,0,0,0,0,24
2025-09-25T03:00:24.931Z,60.9,21.1,1.92,50.4,0,60,0,0,0,0,0,0,0,0,24
2025-09-25T03:00:25.930Z,60.9,21.1,1.92,49.6,0,60,0,0,0,0,0,0,0,0,24
2025-09-25T03:00:26.934Z,60.9,21.1,1.92,49.6,0,59.9,0,0,0,0,0,0,0,0,24
2025-09-25T03:00:27.934Z,60.9,21.1,1.92,50.4,0,60,0,0,0,0,0,0,0,0,24
2025-09-25T03:00:28.930Z,60.9,21.1,1.92,49.6,0,60,0,0,0,0,0,0,0,0,24
2025-09-25T03:00:29.933Z,60.9,21.1,1.92,50.4,0,60,0,0,0,0,0,0,0,0,24
2025-09-25T03:00:30.936Z,60.9,21.1,1.92,50.4,0,59.9,0,0,0,0,0,0,0,0,24
2025-09-25T03:00:31.934Z,60.9,21.1,1.92,49.6,0,60,0,0,0,0,0,0,0,0,24
2025-09-25T03:00:32.937Z,60.9,21.1,1.92,50.4,0,60,0,0,0,0,0,0,0,0,24
2025-09-25T03:00:33.939Z,60.9,21.1,1.92,49.6,0,60,0,0,0,0,0,0,0,0,24
2025-09-25T03:00:34.940Z,60.9,21.1,1.92,50.4,0,60,0,0,0,0,0,0,0,0,24
2025-09-25T03:00:35.934Z,60.9,21.1,1.92,49.6,0,60,0,0,0,0,0,0,0,0,24
2025-09-25T03:00:36.941Z,60.9,21.1,1.92,49.6,0,60,0,0,0,0,0,0,0,0,24
2025-09-25T03:00:37.939Z,60.9,21.1,1.92,50.4,0,60,0,0,0,0,0,0,0,0,24
2025-09-25T03:00:38.939Z,60.9,21.1,1.92,49.6,0,60,0,0,0,0,0,0,0,0,24
2025-09-25T03:00:39.940Z,60.9,21.1,1.92,49.6,0,60,0,0,0,0,0,0,0,0,24
2025-09-25T03:00:40.937Z,60.9,21.1,1.921,50.4,0,60,0,0,0,0,0,0,0,0,24
2025-09-25T03:00:41.940Z,60.9,21.1,1.92,49.6,0,60,0,0,0,0,0,0,0,0,24
2025-09-25T03:00:42.935Z,60.9,21.1,1.921,49.6,0,60,0,0,0,0,0,0,0,0,24
2025-09-25T03:00:43.947Z,60.9,21.1,1.92,50.4,0,60,0,0,0,0,0,0,0,0,24
2025-09-25T03:00:44.943Z,60.9,21.1,1.92,50.4,0,60,0,0,0,0,0,0,0,0,24
2025-09-25T03:00:45.947Z,60.9,21.1,1.92,49.6,0,60,0,0,0,0,0,0,0,0,24
2025-09-25T03:00:46.950Z,60.9,21.1,1.92,50.4,0,60,0,0,0,0,0,0,0,0,24
2025-09-25T03:00:47.946Z,60.9,21.1,1.92,50.4,0,60,0,0,0,0,0,0,0,0,24
2025-09-25T03:00:48.947Z,60.9,21.1,1.92,49.6,0,60,0,0,0,0,0,0,0,0,24
2025-09-25T03:00:49.947Z,60.9,21.1,1.92,50.4,0,60,0,0,0,0,0,0,0,0,24
2025-09-25T03:00:50.944Z,60.8,21.1,1.922,49.6,0,60,0,0,0,0,0,0,0,0,24
2025-09-25T03:00:51.949Z,60.8,21.1,1.92,50.4,0,60,0,0,0,0,0,0,0,0,24
2025-09-25T03:00:52.955Z,60.8,21.1,1.92,49.6,0,60,0,0,0,0,0,0,0,0,24
2025-09-25T03:00:53.949Z,60.8,21.1,1.92,49.6,0,60,0,0,0,0,0,0,0,0,24
2025-09-25T03:00:54.954Z,60.8,21.1,1.92,50.4,0,60,0,0,0,0,0,0,0,0,24
2025-09-25T03:00:55.955Z,60.8,21.1,1.92,50.4,0,60,0,0,0,0,0,0,0,0,24
2025-09-25T03:00:56.955Z,60.8,21.1,1.92,49.6,0,60,0,0,0,0,0,0,0,0,24
2025-09-25T03:00:57.957Z,60.8,21.1,1.92,50.4,0,60,0,0,0,0,0,0,0,0,24
2025-09-25T03:00:58.959Z,60.8,21.1,1.92,49.6,0,60,0,0,0,0,0,0,0,0,24
2025-09-25T03:00:59.962Z,60.8,21.1,1.921,50.4,0,60,0,0,0,0,0,0,0,0,24
2025-09-25T03:01:00.959Z,60.8,21.1,1.92,49.6,0,60,0,0,0,0,0,0,0,0,24
2025-09-25T03:01:01.959Z,60.8,21.1,1.92,49.6,0,60,0,0,0,0,0,0,0,0,24
2025-09-25T03:01:02.966Z,60.8,21.1,1.92,50.4,0,60,0,0,0,0,0,0,0,0,24
2025-09-25T03:01:03.962Z,60.8,21.1,1.921,49.6,0,60,0,0,0,0,0,0,0,0,24
2025-09-25T03:01:04.967Z,60.8,21.1,1.921,50.4,0,60,0,0,0,0,0,0,0,0,24
2025-09-25T03:01:05.968Z,60.8,21.1,1.921,49.6,0,60,0,0,0,0,0,0,0,0,24
2025-09-25T03:01:06.966Z,60.8,21.1,1.921,49.6,0,60,0,0,0,0,0,0,0,0,24
2025-09-25T03:01:07.963Z,60.8,21.1,1.92,50.4,0,60,0,0,0,0,0,0,0,0,24
2025-09-25T03:01:08.964Z,60.8,21.1,1.92,49.6,0,60,0,0,0,0,0,0,0,0,24
2025-09-25T03:01:09.967Z,60.8,21.1,1.921,49.6,0,60,0,0,0,0,0,0,0,0,24
2025-09-25T03:01:10.968Z,60.8,21.1,1.921,50.4,0,60,0,0,0,0,0,0,0,0,24
2025-09-25T03:01:11.963Z,60.8,21.1,1.921,49.6,0,60,0,0,0,0,0,0,0,0,24
2025-09-25T03:01:12.974Z,60.8,21.1,1.922,49.6,0,60,0,0,0,0,0,0,0,0,24
2025-09-25T03:01:13.969Z,60.8,21.1,1.921,50.4,0,60,0,0,0,0,0,0,0,0,24
2025-09-25T03:01:14.967Z,60.8,21.1,1.921,49.6,0,60,0,0,0,0,0,0,0,0,24
2025-09-25T03:01:15.971Z,60.8,21.1,1.921,49.6,0,60,0,0,0,0,0,0,0,0,24
2025-09-25T03:01:16.963Z,60.8,21.1,1.921,50.4,0,60,0,0,0,0,0,0,0,0,24
2025-09-25T03:01:17.969Z,60.7,21.1,1.921,50.4,0,60,0,0,0,0,0,0,0,0,24
2025-09-25T03:01:18.967Z,60.7,21.1,1.92,49.6,0,60,0,0,0,0,0,0,0,0,24
2025-09-25T03:01:19.974Z,60.7,21.1,1.921,50.4,0,60,0,0,0,0,0,0,0,0,24
2025-09-25T03:01:20.974Z,60.7,21.1,1.921,50.4,0,60,0,0,0,0,0,0,0,0,24
2025-09-25T03:01:21.977Z,60.7,21.1,1.92,49.6,0,60,0,0,0,0,0,0,0,0,24
2025-09-25T03:01:22.981Z,60.7,21.1,1.921,50.4,0,60,0,0,0,0,0,0,0,0,24
2025-09-25T03:01:23.978Z,60.7,21.1,1.921,49.6,0,60,0,0,0,0,0,0,0,0,24
2025-09-25T03:01:24.979Z,60.7,21.1,1.921,49.6,0,60,0,0,0,0,0,0,0,0,24
2025-09-25T03:01:25.981Z,60.7,21.1,1.92,50.4,0,60,0,0,0,0,0,0,0,0,24
2025-09-25T03:01:26.979Z,60.7,21.1,1.921,49.6,0,60,0,0,0,0,0,0,0,0,24
2025-09-25T03:01:27.983Z,60.7,21.1,1.921,49.6,0,60,0,0,0,0,0,0,0,0,24
2025-09-25T03:01:28.983Z,60.7,21.1,1.921,50.4,0,60,0,0,0,0,0,0,0,0,24
2025-09-25T03:01:29.984Z,60.7,21.1,1.921,49.6,0,60,0,0,0,0,0,0,0,0,24
2025-09-25T03:01:30.988Z,60.7,21.1,1.922,49.6,0,60,0,0,0,0,0,0,0,0,24
2025-09-25T03:01:31.986Z,60.7,21.1,1.921,50.4,0,60,0,0,0,0,0,0,0,0,24
2025-09-25T03:01:32.987Z,60.7,21.1,1.921,49.6,0,60,0,0,0,0,0,0,0,0,24
2025-09-25T03:01:33.988Z,60.7,21.1,1.922,49.6,0,60,0,0,0,0,0,0,0,0,24
2025-09-25T03:01:34.990Z,60.7,21.1,1.922,50.4,0,60,0,0,0,0,0,0,0,0,24
2025-09-25T03:01:35.990Z,60.7,21.1,1.921,50.4,0,60,0,0,0,0,0,0,0,0,24
2025-09-25T03:01:36.990Z,60.7,21.1,1.921,49.6,0,60,0,0,0,0,0,0,0,0,24
2025-09-25T03:01:37.986Z,60.7,21.1,1.921,50.4,0,60,0,0,0,0,0,0,0,0,24
2025-09-25T03:01:38.995Z,60.7,21.1,1.922,49.6,0,60,0,0,0,0,0,0,0,0,24
2025-09-25T03:01:39.996Z,60.7,21.1,1.922,49.6,0,60,0,0,0,0,0,0,0,0,24
2025-09-25T03:01:40.986Z,60.6,21.1,1.921,50.4,0,60,0,0,0,0,0,0,0,0,24
2025-09-25T03:01:41.989Z,60.6,21.1,1.921,50.4,0,60,0,0,0,0,0,0,0,0,24
2025-09-25T03:01:42.991Z,60.6,21.1,1.921,49.6,0,60,0,0,0,0,0,0,0,0,24
2025-09-25T03:01:43.991Z,60.6,21.1,1.921,50.4,0,60,0,0,0,0,0,0,0,0,24
2025-09-25T03:01:44.992Z,60.6,21.1,1.921,49.6,0,60,0,0,0,0,0,0,0,0,24
2025-09-25T03:01:45.994Z,60.6,21.1,1.921,50.4,0,60,0,0,0,0,0,0,0,0,24
2025-09-25T03:01:46.997Z,60.6,21.1,1.922,50.4,0,60,0,0,0,0,0,0,0,0,24
2025-09-25T03:01:47.994Z,60.6,21.1,1.921,49.6,0,60,0,0,0,0,0,0,0,0,24
2025-09-25T03:01:48.996Z,60.6,21.1,1.921,50.4,0,60,0,0,0,0,0,0,0,0,24
2025-09-25T03:01:50.000Z,60.6,21.1,1.922,49.6,0,60,0,0,0,0,0,0,0,0,24
2025-09-25T03:01:51.004Z,60.6,21.1,1.922,50.4,0,60,0,0,0,0,0,0,0,0,24
2025-09-25T03:01:52.004Z,60.6,21.1,1.922,49.6,0,60,0,0,0,0,0,0,0,0,24
2025-09-25T03:01:53.007Z,60.6,21.1,1.922,49.6,0,60,0,0,0,0,0,0,0,0,24
2025-09-25T03:01:54.007Z,60.6,21.1,1.922,50.4,0,60,0,0,0,0,0,0,0,0,24
2025-09-25T03:01:55.007Z,60.6,21.1,1.922,49.6,0,60,0,0,0,0,0,0,0,0,24
2025-09-25T03:01:56.012Z,60.6,21.1,1.922,50.4,0,60,0,0,0,0,0,0,0,0,24
2025-09-25T03:01:57.009Z,60.6,21.1,1.922,50.4,0,60,0,0,0,0,0,0,0,0,24
2025-09-25T03:01:58.011Z,60.6,21.1,1.922,49.6,0,60,0,0,0,0,0,0,0,0,24
2025-09-25T03:01:59.007Z,60.6,21.1,1.922,50.4,0,60,0,0,0,0,0,0,0,0,24
2025-09-25T03:02:00.008Z,60.6,21.1,1.921,49.6,0,60,0,0,0,0,0,0,0,0,24
2025-09-25T03:02:01.013Z,60.6,21.1,1.923,50.4,0,60,0,0,0,0,0,0,0,0,24
2025-09-25T03:02:02.016Z,60.5,21.1,1.923,49.6,0,60,0,0,0,0,0,0,0,0,24
2025-09-25T03:02:03.014Z,60.6,21.1,1.923,50.4,0,60,0,0,0,0,0,0,0,0,24
2025-09-25T03:02:04.017Z,60.5,21.1,1.923,49.6,0,60,0,0,0,0,0,0,0,0,24
2025-09-25T03:02:05.018Z,60.5,21.1,1.923,50.4,0,60,0,0,0,0,0,0,0,0,24
2025-09-25T03:02:06.020Z,60.5,21.1,1.923,49.6,0,60,0,0,0,0,0,0,0,0,24
2025-09-25T03:02:07.017Z,60.5,21.1,1.923,49.6,0,60,0,0,0,0,0,0,0,0,24
2025-09-25T03:02:08.020Z,60.5,21.1,1.923,50.4,0,60,0,0,0,0,0,0,0,0,24
2025-09-25T03:02:09.019Z,60.5,21.1,1.923,49.6,0,60,0,0,0,0,0,0,0,0,24
2025-09-25T03:02:10.020Z,60.5,21.1,1.923,50.4,0,60,0,0,0,0,0,0,0,0,24
2025-09-25T03:02:11.020Z,60.5,21.1,1.923,49.6,0,60,0,0,0,0,0,0,0,0,24
2025-09-25T03:02:12.019Z,60.5,21.1,1.923,49.6,0,60,0,0,0,0,0,0,0,0,24
2025-09-25T03:02:13.019Z,60.5,21.1,1.923,50.4,0,60,0,0,0,0,0,0,0,0,24
2025-09-25T03:02:14.021Z,60.5,21.1,1.923,49.6,0,60,0,0,0,0,0,0,0,0,24
2025-09-25T03:02:15.023Z,60.5,21.1,1.923,49.6,0,60,0,0,0,0,0,0,0,0,24
2025-09-25T03:02:16.024Z,60.5,21.1,1.923,50.4,0,60,0,0,0,0,0,0,0,0,24
2025-09-25T03:02:17.023Z,60.5,21.1,1.923,49.6,0,60,0,0,0,0,0,0,0,0,24
2025-09-25T03:02:18.028Z,60.5,21.1,1.923,49.6,0,60,0,0,0,0,0,0,0,0,24
2025-09-25T03:02:19.024Z,60.5,21.1,1.923,50.4,0,60,0,0,0,0,0,0,0,0,24
2025-09-25T03:02:20.024Z,60.5,21.1,1.923,50.4,0,60,0,0,0,0,0,0,0,0,24
2025-09-25T03:02:21.032Z,60.5,21.1,1.923,49.6,0,60,0,0,0,0,0,0,0,0,24
2025-09-25T03:02:22.032Z,60.5,21.1,1.923,50.4,0,60,0,0,0,0,0,0,0,0,24
2025-09-25T03:02:23.033Z,60.5,21.1,1.923,49.6,0,60,0,0,0,0,0,0,0,0,24
2025-09-25T03:02:24.034Z,60.5,21.1,1.923,50.4,0,60,0,0,0,0,0,0,0,0,24
2025-09-25T03:02:25.032Z,60.5,21.1,1.923,50.4,0,60,0,0,0,0,0,0,0,0,24
2025-09-25T03:02:26.036Z,60.4,21.1,1.923,49.6,0,60,0,0,0,0,0,0,0,0,24
2025-09-25T03:02:27.033Z,60.4,21.1,1.923,50.4,0,60,0,0,0,0,0,0,0,0,24
2025-09-25T03:02:28.036Z,60.4,21.1,1.923,49.6,0,60,0,0,0,0,0,0,0,0,24
2025-09-25T03:02:29.036Z,60.4,21.1,1.923,50.4,0,60,0,0,0,0,0,0,0,0,24
2025-09-25T03:02:30.035Z,60.4,21.1,1.923,49.6,0,60,0,0,0,0,0,0,0,0,24
2025-09-25T03:02:31.037Z,60.4,21.1,1.923,50.4,0,60,0,0,0,0,0,0,0,0,24
2025-09-25T03:02:32.043Z,60.4,21.1,1.923,49.6,0,60,0,0,0,0,0,0,0,0,24
2025-09-25T03:02:33.036Z,60.4,21.1,1.923,49.6,0,60,0,0,0,0,0,0,0,0,24
2025-09-25T03:02:34.042Z,60.4,21.1,1.923,50.4,0,60,0,0,0,0,0,0,0,0,24
2025-09-25T03:02:35.043Z,60.4,21.1,1.923,49.6,0,60,0,0,0,0,0,0,0,0,24
2025-09-25T03:02:36.044Z,60.4,21.1,1.923,50.4,0,60,0,0,0,0,0,0,0,0,24
2025-09-25T03:02:37.045Z,60.4,21.1,1.923,49.6,0,60,0,0,0,0,0,0,0,0,24
2025-09-25T03:02:38.049Z,60.4,21.1,1.923,49.6,0,60,0,0,0,0,0,0,0,0,24
2025-09-25T03:02:39.045Z,60.4,21.1,1.923,50.4,0,60,0,0,0,0,0,0,0,0,24
2025-09-25T03:02:40.045Z,60.4,21.1,1.923,49.6,0,60,0,0,0,0,0,0,0,0,24
2025-09-25T03:02:41.048Z,60.4,21.1,1.923,50.4,0,60,0,0,0,0,0,0,0,0,24
2025-09-25T03:02:42.049Z,60.4,21.1,1.923,50.4,0,60,0,0,0,0,0,0,0,0,24
2025-09-25T03:02:43.048Z,60.4,21.1,1.923,49.6,0,60,0,0,0,0,0,0,0,0,24
2025-09-25T03:02:44.044Z,60.4,21.1,1.923,50.4,0,60,0,0,0,0,0,0,0,0,24
2025-09-25T03:02:45.048Z,60.3,21.1,1.923,49.6,0,60.1,0,0,0,0,0,0,0,0,24
2025-09-25T03:02:46.047Z,60.3,21.1,1.923,50.4,0,60.1,0,0,0,0,0,0,0,0,24
2025-09-25T03:02:47.040Z,60.3,21.1,1.923,49.6,0,60.1,0,0,0,0,0,0,0,0,24
2025-09-25T03:02:48.048Z,60.3,21.1,1.923,50.4,0,60.1,0,0,0,0,0,0,0,0,24
2025-09-25T03:02:49.047Z,60.3,21.1,1.923,49.6,0,60,0,0,0,0,0,0,0,0,24
2025-09-25T03:02:50.045Z,60.3,21.1,1.923,50.4,0,60,0,0,0,0,0,0,0,0,24
2025-09-25T03:02:51.053Z,60.3,21.1,1.923,49.6,0,60.1,0,0,0,0,0,0,0,0,24
2025-09-25T03:02:52.058Z,60.3,21.1,1.923,49.6,0,60.1,0,0,0,0,0,0,0,0,24
2025-09-25T03:02:53.054Z,60.3,21.1,1.923,50.4,0,60.1,0,0,0,0,0,0,0,0,24
2025-09-25T03:02:54.057Z,60.3,21.1,1.923,49.6,0,60.1,0,0,0,0,0,0,0,0,24
2025-09-25T03:02:55.061Z,60.3,21.1,1.923,50.4,0,60.1,0,0,0,0,0,0,0,0,24
2025-09-25T03:02:56.061Z,60.3,21.1,1.923,49.6,0,60.1,0,0,0,0,0,0,0,0,24
2025-09-25T03:02:57.060Z,60.3,21.1,1.923,50.4,0,60.1,0,0,0,0,0,0,0,0,24
2025-09-25T03:02:58.062Z,60.3,21.1,1.923,49.6,0,60.1,0,0,0,0,0,0,0,0,24
2025-09-25T03:02:59.058Z,60.3,21.1,1.924,50.4,0,60.1,0,0,0,0,0,0,0,0,24
2025-09-25T03:03:00.063Z,60.3,21.1,1.924,50.4,0,60.1,0,0,0,0,0,0,0,0,24
2025-09-25T03:03:01.064Z,60.3,21.1,1.924,49.6,0,60.1,0,0,0,0,0,0,0,0,24
2025-09-25T03:03:02.066Z,60.3,21.1,1.923,49.6,0,60.1,0,0,0,0,0,0,0,0,24
2025-09-25T03:03:03.058Z,60.3,21.1,1.924,49.6,0,60.1,0,0,0,0,0,0,0,0,24
2025-09-25T03:03:04.066Z,60.3,21.1,1.924,50.4,0,60,0,0,0,0,0,0,0,0,24
2025-09-25T03:03:05.065Z,60.3,21.1,1.924,50.4,0,60.1,0,0,0,0,0,0,0,0,24
2025-09-25T03:03:06.065Z,60.3,21.1,1.924,49.6,0,60,0,0,0,0,0,0,0,0,24
2025-09-25T03:03:07.070Z,60.3,21.1,1.923,49.6,0,60.1,0,0,0,0,0,0,0,0,24
2025-09-25T03:03:08.067Z,60.3,21.1,1.924,49.6,0,60.1,0,0,0,0,0,0,0,0,24
2025-09-25T03:03:09.074Z,60.3,21.1,1.923,50.4,0,60.1,0,0,0,0,0,0,0,0,24
2025-09-25T03:03:10.067Z,60.2,21.1,1.924,50.4,0,60.1,0,0,0,0,0,0,0,0,24
2025-09-25T03:03:11.075Z,60.2,21.1,1.923,49.6,0,60.1,0,0,0,0,0,0,0,0,24
2025-09-25T03:03:12.071Z,60.2,21.1,1.924,50.4,0,60.1,0,0,0,0,0,0,0,0,24
2025-09-25T03:03:13.076Z,60.2,21.1,1.923,49.6,0,60.1,0,0,0,0,0,0,0,0,24
2025-09-25T03:03:14.072Z,60.2,21.1,1.924,50.4,0,60.1,0,0,0,0,0,0,0,0,24
2025-09-25T03:03:15.074Z,60.2,21.1,1.924,49.6,0,60.1,0,0,0,0,0,0,0,0,24
2025-09-25T03:03:16.072Z,60.2,21.1,1.924,50.4,0,60.1,0,0,0,0,0,0,0,0,24
2025-09-25T03:03:17.073Z,60.2,21.1,1.924,50.4,0,60.1,0,0,0,0,0,0,0,0,24
2025-09-25T03:03:18.081Z,60.2,21.1,1.923,49.6,0,60.1,0,0,0,0,0,0,0,0,24
2025-09-25T03:03:19.079Z,60.2,21.1,1.923,49.6,0,60.1,0,0,0,0,0,0,0,0,24
2025-09-25T03:03:20.075Z,60.2,21.1,1.924,50.4,0,60.1,0,0,0,0,0,0,0,0,24
2025-09-25T03:03:21.080Z,60.2,21.1,1.924,49.6,0,60.1,0,0,0,0,0,0,0,0,24
2025-09-25T03:03:22.081Z,60.2,21.1,1.923,49.6,0,60.1,0,0,0,0,0,0,0,0,24
2025-09-25T03:03:23.080Z,60.2,21.1,1.924,50.4,0,60.1,0,0,0,0,0,0,0,0,24
2025-09-25T03:03:24.082Z,60.2,21.1,1.924,49.6,0,60.1,0,0,0,0,0,0,0,0,24
2025-09-25T03:03:25.078Z,60.2,21.1,1.924,49.6,0,60.1,0,0,0,0,0,0,0,0,24
2025-09-25T03:03:26.081Z,60.2,21.1,1.924,50.4,0,60.1,0,0,0,0,0,0,0,0,24
2025-09-25T03:03:27.085Z,60.2,21.1,1.924,49.6,0,60.1,0,0,0,0,0,0,0,0,24
2025-09-25T03:03:28.088Z,60.2,21.1,1.924,50.4,0,60.1,0,0,0,0,0,0,0,0,24
2025-09-25T03:03:29.085Z,60.2,21.1,1.924,49.6,0,60.1,0,0,0,0,0,0,0,0,24
2025-09-25T03:03:30.085Z,60.2,21.1,1.924,50.4,0,60.1,0,0,0,0,0,0,0,0,24
2025-09-25T03:03:31.092Z,60.2,21.1,1.923,49.6,0,60.1,0,0,0,0,0,0,0,0,24
2025-09-25T03:03:32.091Z,60.2,21.1,1.924,49.6,0,60.1,0,0,0,0,0,0,0,0,24
2025-09-25T03:03:33.089Z,60.1,21.1,1.925,50.4,0,60.1,0,0,0,0,0,0,0,0,24
2025-09-25T03:03:34.092Z,60.1,21.1,1.924,49.6,0,60.1,0,0,0,0,0,0,0,0,24
2025-09-25T03:03:35.087Z,60.1,21.1,1.925,49.6,0,60.1,0,0,0,0,0,0,0,0,24
2025-09-25T03:03:36.087Z,60.1,21.1,1.925,50.4,0,60.1,0,0,0,0,0,0,0,0,24
2025-09-25T03:03:37.088Z,60.1,21.1,1.925,49.6,0,60.1,0,0,0,0,0,0,0,0,24
2025-09-25T03:03:38.088Z,60.1,21.1,1.924,50.4,0,60.1,0,0,0,0,0,0,0,0,24
2025-09-25T03:03:39.095Z,60.1,21.1,1.924,50.4,0,60.1,0,0,0,0,0,0,0,0,24
2025-09-25T03:03:40.095Z,60.1,21.1,1.923,49.6,0,60.1,0,0,0,0,0,0,0,0,24
2025-09-25T03:03:41.096Z,60.1,21.1,1.925,49.6,0,60.1,0,0,0,0,0,0,0,0,24
2025-09-25T03:03:42.098Z,60.1,21.1,1.924,49.6,0,60.1,0,0,0,0,0,0,0,0,24
2025-09-25T03:03:43.096Z,60.1,21.1,1.925,50.4,0,60.1,0,0,0,0,0,0,0,0,24
2025-09-25T03:03:44.099Z,60.1,21.1,1.924,50.4,0,60.1,0,0,0,0,0,0,0,0,24
2025-09-25T03:03:45.103Z,60.1,21.1,1.923,49.6,0,60.1,0,0,0,0,0,0,0,0,24
2025-09-25T03:03:46.098Z,60.1,21.1,1.925,50.4,0,60.1,0,0,0,0,0,0,0,0,24
2025-09-25T03:03:47.104Z,60.1,21.1,1.924,49.6,0,60.1,0,0,0,0,0,0,0,0,24
2025-09-25T03:03:48.102Z,60.1,21.1,1.924,49.6,0,60.1,0,0,0,0,0,0,0,0,24
2025-09-25T03:03:49.105Z,60.1,21.1,1.924,50.4,0,60.1,0,0,0,0,0,0,0,0,24
2025-09-25T03:03:50.105Z,60.1,21.1,1.924,49.6,0,60.1,0,0,0,0,0,0,0,0,24
2025-09-25T03:03:51.104Z,60.1,21.1,1.925,50.4,0,60.1,0,0,0,0,0,0,0,0,24
2025-09-25T03:03:52.105Z,60.1,21.1,1.925,50.4,0,60.1,0,0,0,0,0,0,0,0,24
2025-09-25T03:03:53.110Z,60.1,21.1,1.924,49.6,0,60.1,0,0,0,0,0,0,0,0,24
2025-09-25T03:03:54.109Z,60.1,21.1,1.925,50.4,0,60.1,0,0,0,0,0,0,0,0,24
2025-09-25T03:03:55.105Z,60.1,21.1,1.925,49.6,0,60.1,0,0,0,0,0,0,0,0,24
2025-09-25T03:03:56.112Z,60,21.1,1.924,50.4,0,60.1,0,0,0,0,0,0,0,0,24
2025-09-25T03:03:57.111Z,60,21.1,1.924,49.6,0,60.1,0,0,0,0,0,0,0,0,24
2025-09-25T03:03:58.112Z,60,21.1,1.926,50.4,0,60.1,0,0,0,0,0,0,0,0,24
2025-09-25T03:03:59.113Z,60,21.1,1.924,50.4,0,60.1,0,0,0,0,0,0,0,0,24
2025-09-25T03:04:00.114Z,60,21.1,1.924,49.6,0,60.1,0,0,0,0,0,0,0,0,24
2025-09-25T03:04:01.113Z,60,21.1,1.925,50.4,0,60.1,0,0,0,0,0,0,0,0,24
2025-09-25T03:04:02.117Z,60,21.1,1.924,49.6,0,60.1,0,0,0,0,0,0,0,0,24
2025-09-25T03:04:03.116Z,60,21.1,1.925,50.4,0,60.1,0,0,0,0,0,0,0,0,24
2025-09-25T03:04:04.119Z,60,21.1,1.925,49.6,0,60.1,0,0,0,0,0,0,0,0,24
2025-09-25T03:04:05.123Z,60,21.1,1.925,50.4,0,60.1,0,0,0,0,0,0,0,0,24
2025-09-25T03:04:06.120Z,60,21.1,1.925,49.6,0,60.1,0,0,0,0,0,0,0,0,24
2025-09-25T03:04:07.121Z,60,21.1,1.925,50.4,0,60.1,0,0,0,0,0,0,0,0,24
2025-09-25T03:04:08.119Z,60,21.1,1.925,49.6,0,60.1,0,0,0,0,0,0,0,0,24
2025-09-25T03:04:09.124Z,60,21.1,1.925,49.6,0,60.1,0,0,0,0,0,0,0,0,24
2025-09-25T03:04:10.122Z,60,21.1,1.925,49.6,0,60.1,0,0,0,0,0,0,0,0,24
2025-09-25T03:04:11.119Z,60,21.1,1.925,49.6,0,60.1,0,0,0,0,0,0,0,0,24
2025-09-25T03:04:12.121Z,60,21.1,1.925,50.4,0,60.1,0,0,0,0,0,0,0,0,24
2025-09-25T03:04:13.118Z,60,21.1,1.926,50.4,0,60.1,0,0,0,0,0,0,0,0,24
2025-09-25T03:04:14.117Z,60,21.1,1.926,49.6,0,60.1,0,0,0,0,0,0,0,0,24
2025-09-25T03:04:15.121Z,60,21.1,1.926,50.4,0,60.1,0,0,0,0,0,0,0,0,24
2025-09-25T03:04:16.120Z,60,21.1,1.926,49.6,0,60.1,0,0,0,0,0,0,0,0,24
2025-09-25T03:04:17.129Z,60,21.1,1.925,50.4,0,60.1,0,0,0,0,0,0,0,0,24
2025-09-25T03:04:18.129Z,59.9,21.1,1.925,49.6,0,60.1,0,0,0,0,0,0,0,0,24
2025-09-25T03:04:19.128Z,59.9,21.1,1.925,50.4,0,60.1,0,0,0,0,0,0,0,0,24
2025-09-25T03:04:20.133Z,59.9,21.1,1.925,49.6,0,60.1,0,0,0,0,0,0,0,0,24
2025-09-25T03:04:21.132Z,59.9,21.1,1.925,50.4,0,60.1,0,0,0,0,0,0,0,0,24
2025-09-25T03:04:22.132Z,59.9,21.1,1.925,50.4,0,60.1,0,0,0,0,0,0,0,0,24
2025-09-25T03:04:23.128Z,59.9,21.1,1.926,49.6,0,60.1,0,0,0,0,0,0,0,0,24
2025-09-25T03:04:24.133Z,59.9,21.1,1.925,49.6,0,60.1,0,0,0,0,0,0,0,0,24
2025-09-25T03:04:25.134Z,59.9,21.1,1.925,49.6,0,60.1,0,0,0,0,0,0,0,0,24
2025-09-25T03:04:26.140Z,59.9,21.1,1.925,50.4,0,60.1,0,0,0,0,0,0,0,0,24
2025-09-25T03:04:27.136Z,59.9,21.1,1.925,49.6,0,60.1,0,0,0,0,0,0,0,0,24
2025-09-25T03:04:28.137Z,59.9,21.1,1.925,50.4,0,60.1,0,0,0,0,0,0,0,0,24
2025-09-25T03:04:29.135Z,59.9,21.1,1.926,49.6,0,60.1,0,0,0,0,0,0,0,0,24
2025-09-25T03:04:30.139Z,59.9,21.1,1.925,49.6,0,60.1,0,0,0,0,0,0,0,0,24
2025-09-25T03:04:31.143Z,59.9,21.1,1.925,50.4,0,60.1,0,0,0,0,0,0,0,0,24
2025-09-25T03:04:32.140Z,59.9,21.1,1.925,49.6,0,60.1,0,0,0,0,0,0,0,0,24
2025-09-25T03:04:33.144Z,59.9,21.1,1.925,50.4,0,60.1,0,0,0,0,0,0,0,0,24
2025-09-25T03:04:34.142Z,59.9,21.1,1.925,49.6,0,60.1,0,0,0,0,0,0,0,0,24
2025-09-25T03:04:35.144Z,59.9,21.1,1.925,50.4,0,60.1,0,0,0,0,0,0,0,0,24
2025-09-25T03:04:36.143Z,59.9,21.1,1.925,49.6,0,60.1,0,0,0,0,0,0,0,0,24
2025-09-25T03:04:37.148Z,59.9,21.1,1.925,50.4,0,60.1,0,0,0,0,0,0,0,0,24
2025-09-25T03:04:38.150Z,59.9,21.1,1.925,49.6,0,60.1,0,0,0,0,0,0,0,0,24
2025-09-25T03:04:39.139Z,59.9,21.1,1.926,49.6,0,60.1,0,0,0,0,0,0,0,0,24
2025-09-25T03:04:40.154Z,59.9,21.1,1.926,50.4,0,60.1,0,0,0,0,0,0,0,0,24
2025-09-25T03:04:41.145Z,59.9,21.1,1.926,49.6,0,60.1,0,0,0,0,0,0,0,0,24
2025-09-25T03:04:42.147Z,59.9,21.1,1.925,49.6,0,60.1,0,0,0,0,0,0,0,0,24
2025-09-25T03:04:43.155Z,59.8,21.1,1.925,50.4,0,60.1,0,0,0,0,0,0,0,0,24
2025-09-25T03:04:44.159Z,59.8,21.1,1.926,49.6,0,60.1,0,0,0,0,0,0,0,0,24
2025-09-25T03:04:45.157Z,59.8,21.1,1.926,49.6,0,60.1,0,0,0,0,0,0,0,0,24
2025-09-25T03:04:46.154Z,59.8,21.1,1.926,50.4,0,60.1,0,0,0,0,0,0,0,0,24
2025-09-25T03:04:47.156Z,59.8,21.1,1.926,49.6,0,60.1,0,0,0,0,0,0,0,0,24
2025-09-25T03:04:48.159Z,59.8,21.1,1.926,49.6,0,60.1,0,0,0,0,0,0,0,0,24
2025-09-25T03:04:49.157Z,59.8,21.1,1.926,50.4,0,60.1,0,0,0,0,0,0,0,0,24
2025-09-25T03:04:50.161Z,59.8,21.1,1.926,50.4,0,60.1,0,0,0,0,0,0,0,0,24
2025-09-25T03:04:51.159Z,59.8,21.1,1.926,49.6,0,60.1,0,0,0,0,0,0,0,0,24
2025-09-25T03:04:52.156Z,59.8,21.1,1.925,50.4,0,60.1,0,0,0,0,0,0,0,0,24
2025-09-25T03:04:53.161Z,59.8,21.1,1.926,49.6,0,60.1,0,0,0,0,0,0,0,0,24
2025-09-25T03:04:54.156Z,59.8,21.1,1.926,50.4,0,60.1,0,0,0,0,0,0,0,0,24
2025-09-25T03:04:55.166Z,59.8,21.1,1.926,50.4,0,60.1,0,0,0,0,0,0,0,0,24
2025-09-25T03:04:56.164Z,59.8,21.1,1.926,49.6,0,60.1,0,0,0,0,0,0,0,0,24
2025-09-25T03:04:57.164Z,59.8,21.1,1.926,50.4,0,60.1,0,0,0,0,0,0,0,0,24
2025-09-25T03:04:58.170Z,59.8,21.1,1.926,49.6,0,60.1,0,0,0,0,0,0,0,0,24
2025-09-25T03:04:59.168Z,59.8,21.1,1.926,50.4,0,60.1,0,0,0,0,0,0,0,0,24
2025-09-25T03:05:00.168Z,59.8,21.1,1.926,49.6,0,60.1,0,0,0,0,0,0,0,0,24
2025-09-25T03:05:01.167Z,59.8,21.1,1.926,50.4,0,60.1,0,0,0,0,0,0,0,0,24
2025-09-25T03:05:02.169Z,59.8,21.1,1.926,49.6,0,60.1,0,0,0,0,0,0,0,0,24
2025-09-25T03:05:03.175Z,59.8,21.1,1.926,49.6,0,60.1,0,0,0,0,0,0,0,0,24
2025-09-25T03:05:04.171Z,59.8,21.1,1.926,50.4,0,60.1,0,0,0,0,0,0,0,0,24
2025-09-25T03:05:05.171Z,59.8,21.1,1.926,49.6,0,60.1,0,0,0,0,0,0,0,0,24
2025-09-25T03:05:06.170Z,59.8,21.1,1.926,50.4,0,60.1,0,0,0,0,0,0,0,0,24
2025-09-25T03:05:07.168Z,59.8,21.1,1.926,49.6,0,60.1,0,0,0,0,0,0,0,0,24
2025-09-25T03:05:08.172Z,59.7,21.1,1.926,49.6,0,60.1,0,0,0,0,0,0,0,0,24
2025-09-25T03:05:09.173Z,59.7,21.1,1.926,50.4,0,60.1,0,0,0,0,0,0,0,0,24
2025-09-25T03:05:10.168Z,59.7,21.1,1.926,49.6,0,60.1,0,0,0,0,0,0,0,0,24
2025-09-25T03:05:11.165Z,59.7,21.1,1.926,49.6,0,60.1,0,0,0,0,0,0,0,0,24
2025-09-25T03:05:12.177Z,59.7,21.1,1.927,50.4,0,60.1,0,0,0,0,0,0,0,0,24
2025-09-25T03:05:13.175Z,59.7,21.1,1.926,49.6,0,60.1,0,0,0,0,0,0,0,0,24
2025-09-25T03:05:14.170Z,59.7,21.1,1.926,49.6,0,60.1,0,0,0,0,0,0,0,0,24
2025-09-25T03:05:15.181Z,59.7,21.1,1.927,50.4,0,60.1,0,0,0,0,0,0,0,0,24
2025-09-25T03:05:16.175Z,59.7,21.1,1.926,50.4,0,60.1,0,0,0,0,0,0,0,0,24
2025-09-25T03:05:17.177Z,59.7,21.1,1.926,49.6,0,60.1,0,0,0,0,0,0,0,0,24
2025-09-25T03:05:18.182Z,59.7,21.1,1.927,50.4,0,60.1,0,0,0,0,0,0,0,0,24
2025-09-25T03:05:19.180Z,59.7,21.1,1.927,50.4,0,60.1,0,0,0,0,0,0,0,0,24
2025-09-25T03:05:20.185Z,59.7,21.1,1.927,49.6,0,60.1,0,0,0,0,0,0,0,0,24
2025-09-25T03:05:21.180Z,59.7,21.1,1.926,50.4,0,60.1,0,0,0,0,0,0,0,0,24
2025-09-25T03:05:22.181Z,59.7,21.1,1.926,49.6,0,60.1,0,0,0,0,0,0,0,0,24
2025-09-25T03:05:23.185Z,59.7,21.1,1.927,50.4,0,60.1,0,0,0,0,0,0,0,0,24
2025-09-25T03:05:24.190Z,59.7,21.1,1.927,49.6,0,60.1,0,0,0,0,0,0,0,0,24
2025-09-25T03:05:25.185Z,59.7,21.1,1.927,50.4,0,60.1,0,0,0,0,0,0,0,0,24
2025-09-25T03:05:26.186Z,59.7,21.1,1.927,49.6,0,60.1,0,0,0,0,0,0,0,0,24
2025-09-25T03:05:27.191Z,59.7,21.1,1.927,50.4,0,60.1,0,0,0,0,0,0,0,0,24
2025-09-25T03:05:28.190Z,59.7,21.1,1.927,49.6,0,60.1,0,0,0,0,0,0,0,0,24
2025-09-25T03:05:29.188Z,59.7,21.1,1.926,49.6,0,60.1,0,0,0,0,0,0,0,0,24
2025-09-25T03:05:30.191Z,59.7,21.1,1.927,50.4,0,60.1,0,0,0,0,0,0,0,0,24
2025-09-25T03:05:31.195Z,59.7,21.1,1.927,49.6,0,60.1,0,0,0,0,0,0,0,0,24
2025-09-25T03:05:32.193Z,59.6,21.1,1.927,50.4,0,60.1,0,0,0,0,0,0,0,0,24
2025-09-25T03:05:33.192Z,59.6,21.1,1.927,49.6,0,60.1,0,0,0,0,0,0,0,0,24
2025-09-25T03:05:34.198Z,59.6,21.1,1.927,49.6,0,60.1,0,0,0,0,0,0,0,0,24
2025-09-25T03:05:35.194Z,59.6,21.1,1.927,50.4,0,60.1,0,0,0,0,0,0,0,0,24
2025-09-25T03:05:36.201Z,59.6,21.1,1.927,50.4,0,60.1,0,0,0,0,0,0,0,0,24
2025-09-25T03:05:37.193Z,59.6,21.1,1.926,49.6,0,60.1,0,0,0,0,0,0,0,0,24
2025-09-25T03:05:38.196Z,59.6,21.1,1.927,49.6,0,60.1,0,0,0,0,0,0,0,0,24
2025-09-25T03:05:39.190Z,59.6,21.1,1.926,49.6,0,60.1,0,0,0,0,0,0,0,0,24
2025-09-25T03:05:40.191Z,59.6,21.1,1.926,50.4,0,60.1,0,0,0,0,0,0,0,0,24
2025-09-25T03:05:41.199Z,59.6,21.1,1.927,50.4,0,60.1,0,0,0,0,0,0,0,0,24
2025-09-25T03:05:42.200Z,59.6,21.1,1.927,49.6,0,60.1,0,0,0,0,0,0,0,0,24
2025-09-25T03:05:43.204Z,59.6,21.1,1.927,50.4,0,60.1,0,0,0,0,0,0,0,0,24
2025-09-25T03:05:44.203Z,59.6,21.1,1.927,49.6,0,60.1,0,0,0,0,0,0,0,0,24
2025-09-25T03:05:45.199Z,59.6,21.1,1.927,49.6,0,60.1,0,0,0,0,0,0,0,0,24
2025-09-25T03:05:46.203Z,59.6,21.1,1.927,50.4,0,60.1,0,0,0,0,0,0,0,0,24
2025-09-25T03:05:47.198Z,59.6,21.1,1.926,49.6,0,60.1,0,0,0,0,0,0,0,0,24
2025-09-25T03:05:48.205Z,59.6,21.1,1.927,50.4,0,60.1,0,0,0,0,0,0,0,0,24
2025-09-25T03:05:49.204Z,59.6,21.1,1.927,50.4,0,60.1,0,0,0,0,0,0,0,0,24
2025-09-25T03:05:50.206Z,59.6,21.1,1.927,49.6,0,60.1,0,0,0,0,0,0,0,0,24
2025-09-25T03:05:51.203Z,59.6,21.1,1.927,50.4,0,60.1,0,0,0,0,0,0,0,0,24
2025-09-25T03:05:52.210Z,59.6,21.1,1.927,49.6,0,60.1,0,0,0,0,0,0,0,0,24
2025-09-25T03:05:53.207Z,59.6,21.1,1.927,50.4,0,60.1,0,0,0,0,0,0,0,0,24
2025-09-25T03:05:54.208Z,59.6,21.1,1.928,49.6,0,60.1,0,0,0,0,0,0,0,0,24
2025-09-25T03:05:55.208Z,59.6,21.1,1.927,50.4,0,60.1,0,0,0,0,0,0,0,0,24
2025-09-25T03:05:56.210Z,59.6,21.1,1.927,50.4,0,60.1,0,0,0,0,0,0,0,0,24
2025-09-25T03:05:57.214Z,59.6,21.1,1.927,49.6,0,60.1,0,0,0,0,0,0,0,0,24
2025-09-25T03:05:58.213Z,59.6,21.1,1.927,49.6,0,60.1,0,0,0,0,0,0,0,0,24
2025-09-25T03:05:59.217Z,59.6,21.1,1.927,49.6,0,60.1,0,0,0,0,0,0,0,0,24
2025-09-25T03:06:00.214Z,59.6,21.1,1.927,50.4,0,60.1,0,0,0,0,0,0,0,0,24
2025-09-25T03:06:01.213Z,59.6,21.1,1.927,50.4,0,60.1,0,0,0,0,0,0,0,0,24
2025-09-25T03:06:02.213Z,59.5,21.1,1.928,49.6,0,60.1,0,0,0,0,0,0,0,0,24
2025-09-25T03:06:03.218Z,59.5,21.1,1.927,50.4,0,60.1,0,0,0,0,0,0,0,0,24
2025-09-25T03:06:04.222Z,59.5,21.1,1.927,49.6,0,60.1,0,0,0,0,0,0,0,0,24
2025-09-25T03:06:05.224Z,59.5,21.1,1.928,50.4,0,60.1,0,0,0,0,0,0,0,0,24
2025-09-25T03:06:06.223Z,59.5,21.1,1.928,49.6,0,60.1,0,0,0,0,0,0,0,0,24
2025-09-25T03:06:07.224Z,59.5,21.1,1.927,49.6,0,60.1,0,0,0,0,0,0,0,0,24
2025-09-25T03:06:08.226Z,59.5,21.1,1.928,50.4,0,60.1,0,0,0,0,0,0,0,0,24
2025-09-25T03:06:09.221Z,59.5,21.1,1.928,49.6,0,60.1,0,0,0,0,0,0,0,0,24
2025-09-25T03:06:10.224Z,59.5,21.1,1.928,49.6,0,60.1,0,0,0,0,0,0,0,0,24
2025-09-25T03:06:11.223Z,59.5,21.1,1.928,50.4,0,60.1,0,0,0,0,0,0,0,0,24
2025-09-25T03:06:12.224Z,59.5,21.1,1.928,49.6,0,60.1,0,0,0,0,0,0,0,0,24
2025-09-25T03:06:13.223Z,59.5,21.1,1.928,50.4,0,60.1,0,0,0,0,0,0,0,0,24
2025-09-25T03:06:14.228Z,59.5,21.1,1.928,49.6,0,60.1,0,0,0,0,0,0,0,0,24
2025-09-25T03:06:15.226Z,59.5,21.1,1.928,49.6,0,60.1,0,0,0,0,0,0,0,0,24
2025-09-25T03:06:16.228Z,59.5,21.1,1.928,50.4,0,60.1,0,0,0,0,0,0,0,0,24
2025-09-25T03:06:17.226Z,59.5,21.1,1.928,49.6,0,60.1,0,0,0,0,0,0,0,0,24
2025-09-25T03:06:18.235Z,59.5,21.1,1.927,50.4,0,60.1,0,0,0,0,0,0,0,0,24
2025-09-25T03:06:19.232Z,59.5,21.1,1.927,50.4,0,60.1,0,0,0,0,0,0,0,0,24
2025-09-25T03:06:20.233Z,59.5,21.1,1.928,49.6,0,60.1,0,0,0,0,0,0,0,0,24
2025-09-25T03:06:21.233Z,59.5,21.1,1.928,50.4,0,60.1,0,0,0,0,0,0,0,0,24
2025-09-25T03:06:22.232Z,59.5,21.1,1.928,49.6,0,60.1,0,0,0,0,0,0,0,0,24
2025-09-25T03:06:23.233Z,59.5,21.1,1.928,50.4,0,60.1,0,0,0,0,0,0,0,0,24
2025-09-25T03:06:24.234Z,59.5,21.1,1.928,49.6,0,60.1,0,0,0,0,0,0,0,0,24
2025-09-25T03:06:25.232Z,59.5,21.1,1.928,50.4,0,60.1,0,0,0,0,0,0,0,0,24
2025-09-25T03:06:26.237Z,59.5,21.1,1.928,49.6,0,60.1,0,0,0,0,0,0,0,0,24
2025-09-25T03:06:27.239Z,59.5,21.1,1.927,50.4,0,60.1,0,0,0,0,0,0,0,0,24
2025-09-25T03:06:28.237Z,59.5,21.1,1.928,49.6,0,60.1,0,0,0,0,0,0,0,0,24
2025-09-25T03:06:29.241Z,59.5,21.1,1.927,50.4,0,60.1,0,0,0,0,0,0,0,0,24
2025-09-25T03:06:30.242Z,59.5,21.1,1.927,49.6,0,60.1,0,0,0,0,0,0,0,0,24
2025-09-25T03:06:31.239Z,59.5,21.1,1.929,49.6,0,60.1,0,0,0,0,0,0,0,0,24
2025-09-25T03:06:32.244Z,59.5,21.1,1.927,50.4,0,60.1,0,0,0,0,0,0,0,0,24
2025-09-25T03:06:33.242Z,59.5,21.1,1.928,49.6,0,60.1,0,0,0,0,0,0,0,0,24
2025-09-25T03:06:34.246Z,59.5,21.1,1.927,49.6,0,60.1,0,0,0,0,0,0,0,0,24
2025-09-25T03:06:35.239Z,59.5,21.1,1.929,50.4,0,60.1,0,0,0,0,0,0,0,0,24
2025-09-25T03:06:36.248Z,59.5,21.1,1.928,49.6,0,60.1,0,0,0,0,0,0,0,0,24
2025-09-25T03:06:37.245Z,59.5,21.1,1.929,50.4,0,60.1,0,0,0,0,0,0,0,0,24
2025-09-25T03:06:38.249Z,59.5,21.1,1.928,49.6,0,60.1,0,0,0,0,0,0,0,0,24
2025-09-25T03:06:39.250Z,59.5,21.1,1.928,49.6,0,60.1,0,0,0,0,0,0,0,0,24
2025-09-25T03:06:40.245Z,59.5,21.1,1.929,50.4,0,60.1,0,0,0,0,0,0,0,0,24
2025-09-25T03:06:41.250Z,59.5,21.1,1.928,49.6,0,60.1,0,0,0,0,0,0,0,0,24
2025-09-25T03:06:42.251Z,59.4,21.1,1.928,50.4,0,60.1,0,0,0,0,0,0,0,0,24
2025-09-25T03:06:43.250Z,59.4,21.1,1.928,49.6,0,60.1,0,0,0,0,0,0,0,0,24
2025-09-25T03:06:44.244Z,59.4,21.1,1.929,50.4,0,60.1,0,0,0,0,0,0,0,0,24
2025-09-25T03:06:45.252Z,59.5,21.1,1.928,49.6,0,60.1,0,0,0,0,0,0,0,0,24
2025-09-25T03:06:46.252Z,59.4,21.1,1.928,50.4,0,60.1,0,0,0,0,0,0,0,0,24
2025-09-25T03:06:47.254Z,59.4,21.1,1.928,49.6,0,60.1,0,0,0,0,0,0,0,0,24
2025-09-25T03:06:48.255Z,59.4,21.1,1.928,49.6,0,60.1,0,0,0,0,0,0,0,0,24
2025-09-25T03:06:49.254Z,59.4,21.1,1.929,50.4,0,60.1,0,0,0,0,0,0,0,0,24
2025-09-25T03:06:50.253Z,59.4,21.1,1.929,49.6,0,60.1,0,0,0,0,0,0,0,0,24
2025-09-25T03:06:51.255Z,59.4,21.1,1.929,49.6,0,60.1,0,0,0,0,0,0,0,0,24
2025-09-25T03:06:52.250Z,59.4,21.1,1.929,50.4,0,60.1,0,0,0,0,0,0,0,0,24
2025-09-25T03:06:53.262Z,59.4,21.1,1.928,50.4,0,60.1,0,0,0,0,0,0,0,0,24
2025-09-25T03:06:54.261Z,59.4,21.1,1.928,49.6,0,60.1,0,0,0,0,0,0,0,0,24
2025-09-25T03:06:55.256Z,59.4,21.1,1.929,50.4,0,60.1,0,0,0,0,0,0,0,0,24
2025-09-25T03:06:56.260Z,59.4,21.1,1.929,49.6,0,60.1,0,0,0,0,0,0,0,0,24
2025-09-25T03:06:57.264Z,59.4,21.1,1.928,50.4,0,60.1,0,0,0,0,0,0,0,0,24
2025-09-25T03:06:58.261Z,59.4,21.1,1.929,49.6,0,60.1,0,0,0,0,0,0,0,0,24
2025-09-25T03:06:59.264Z,59.4,21.1,1.929,50.4,0,60.1,0,0,0,0,0,0,0,0,24
2025-09-25T03:07:00.267Z,59.4,21.1,1.928,49.6,0,60.1,0,0,0,0,0,0,0,0,24
2025-09-25T03:07:01.265Z,59.4,21.1,1.929,49.6,0,60.1,0,0,0,0,0,0,0,0,24
2025-09-25T03:07:02.273Z,59.4,21.1,1.928,50.4,0,60.1,0,0,0,0,0,0,0,0,24
2025-09-25T03:07:03.271Z,59.4,21.1,1.928,49.6,0,60.1,0,0,0,0,0,0,0,0,24
2025-09-25T03:07:04.267Z,59.4,21.1,1.929,50.4,0,60.1,0,0,0,0,0,0,0,0,24
2025-09-25T03:07:05.271Z,59.4,21.1,1.929,50.4,0,60.1,0,0,0,0,0,0,0,0,24
2025-09-25T03:07:06.267Z,59.4,21.1,1.929,49.6,0,60.1,0,0,0,0,0,0,0,0,24
2025-09-25T03:07:07.268Z,59.4,21.1,1.929,50.4,0,60.1,0,0,0,0,0,0,0,0,24
2025-09-25T03:07:08.270Z,59.4,21.1,1.929,49.6,0,60.1,0,0,0,0,0,0,0,0,24
2025-09-25T03:07:09.274Z,59.4,21.1,1.929,50.4,0,60.1,0,0,0,0,0,0,0,0,24
2025-09-25T03:07:10.273Z,59.4,21.1,1.929,49.6,0,60.1,0,0,0,0,0,0,0,0,24
2025-09-25T03:07:11.275Z,59.4,21.1,1.929,50.4,0,60.1,0,0,0,0,0,0,0,0,24
2025-09-25T03:07:12.271Z,59.4,21.1,1.929,49.6,0,60.1,0,0,0,0,0,0,0,0,24
2025-09-25T03:07:13.270Z,59.4,21.1,1.929,50.4,0,60.1,0,0,0,0,0,0,0,0,24
2025-09-25T03:07:14.270Z,59.4,21.1,1.929,49.6,0,60.1,0,0,0,0,0,0,0,0,24
2025-09-25T03:07:15.278Z,59.4,21.1,1.929,50.4,0,60.1,0,0,0,0,0,0,0,0,24
2025-09-25T03:07:16.275Z,59.4,21.1,1.929,50.4,0,60.1,0,0,0,0,0,0,0,0,24
2025-09-25T03:07:17.271Z,59.4,21.1,1.929,49.6,0,60.1,0,0,0,0,0,0,0,0,24
2025-09-25T03:07:18.279Z,59.4,21.1,1.929,50.4,0,60.1,0,0,0,0,0,0,0,0,24
2025-09-25T03:07:19.280Z,59.4,21.1,1.929,49.6,0,60.1,0,0,0,0,0,0,0,0,24
2025-09-25T03:07:20.279Z,59.4,21.1,1.929,49.6,0,60.1,0,0,0,0,0,0,0,0,24
2025-09-25T03:07:21.283Z,59.4,21.1,1.929,49.6,0,60.1,0,0,0,0,0,0,0,0,24
2025-09-25T03:07:22.281Z,59.4,21.1,1.929,50.4,0,60.1,0,0,0,0,0,0,0,0,24
2025-09-25T03:07:23.283Z,59.4,21.1,1.929,49.6,0,60.1,0,0,0,0,0,0,0,0,24
2025-09-25T03:07:24.287Z,59.4,21.1,1.929,49.6,0,60.1,0,0,0,0,0,0,0,0,24
2025-09-25T03:07:25.279Z,59.4,21.1,1.929,50.4,0,60.1,0,0,0,0,0,0,0,0,24
2025-09-25T03:07:26.282Z,59.4,21.1,1.929,49.6,0,60.1,0,0,0,0,0,0,0,0,24
2025-09-25T03:07:27.286Z,59.4,21.1,1.929,50.4,0,60.1,0,0,0,0,0,0,0,0,24
2025-09-25T03:07:28.287Z,59.4,21.1,1.929,50.4,0,60,0,0,0,0,0,0,0,0,24
2025-09-25T03:07:29.289Z,59.4,21.1,1.929,49.6,0,60.1,0,0,0,0,0,0,0,0,24
2025-09-25T03:07:30.289Z,59.4,21.1,1.929,50.4,0,60.1,0,0,0,0,0,0,0,0,24
2025-09-25T03:07:31.290Z,59.4,21.1,1.929,49.6,0,60.1,0,0,0,0,0,0,0,0,24
2025-09-25T03:07:32.293Z,59.4,21.1,1.929,50.4,0,60.1,0,0,0,0,0,0,0,0,24
2025-09-25T03:07:33.289Z,59.4,21.1,1.929,49.6,0,60.1,0,0,0,0,0,0,0,0,24
2025-09-25T03:07:34.293Z,59.4,21.1,1.929,50.4,0,60.1,0,0,0,0,0,0,0,0,24
2025-09-25T03:07:35.294Z,59.4,21.1,1.929,49.6,0,60.1,0,0,0,0,0,0,0,0,24
2025-09-25T03:07:36.297Z,59.4,21.1,1.929,50.4,0,60.1,0,0,0,0,0,0,0,0,24
2025-09-25T03:07:37.290Z,59.4,21.1,1.929,49.6,0,60.1,0,0,0,0,0,0,0,0,24
2025-09-25T03:07:38.302Z,59.4,21.1,1.928,49.6,0,60.1,0,0,0,0,0,0,0,0,24
2025-09-25T03:07:39.296Z,59.4,21.1,1.929,50.4,0,60.1,0,0,0,0,0,0,0,0,24
2025-09-25T03:07:40.304Z,59.4,21.1,1.928,49.6,0,60,0,0,0,0,0,0,0,0,24
2025-09-25T03:07:41.296Z,59.4,21.1,1.929,50.4,0,60,0,0,0,0,0,0,0,0,24
2025-09-25T03:07:42.298Z,59.4,21.1,1.929,49.6,0,60,0,0,0,0,0,0,0,0,24
2025-09-25T03:07:43.302Z,59.4,21.1,1.928,50.4,0,60,0,0,0,0,0,0,0,0,24
2025-09-25T03:07:44.301Z,59.4,21.1,1.929,50.4,0,60,0,0,0,0,0,0,0,0,24
2025-09-25T03:07:45.305Z,59.4,21.1,1.928,49.6,0,60,0,0,0,0,0,0,0,0,24
2025-09-25T03:07:46.305Z,59.4,21.1,1.929,50.4,0,60,0,0,0,0,0,0,0,0,24
2025-09-25T03:07:47.301Z,59.4,21.1,1.929,49.6,0,60.1,0,0,0,0,0,0,0,0,24
2025-09-25T03:07:48.312Z,59.4,21.1,1.928,50.4,0,60,0,0,0,0,0,0,0,0,24
2025-09-25T03:07:49.301Z,59.4,21.1,1.929,49.6,0,60,0,0,0,0,0,0,0,0,24
2025-09-25T03:07:50.304Z,59.4,21.1,1.929,50.4,0,60,0,0,0,0,0,0,0,0,24
2025-09-25T03:07:51.308Z,59.4,21.1,1.929,49.6,0,60,0,0,0,0,0,0,0,0,24
2025-09-25T03:07:52.307Z,59.4,21.1,1.929,49.6,0,60,0,0,0,0,0,0,0,0,24
2025-09-25T03:07:53.305Z,59.4,21.1,1.929,49.6,0,60,0,0,0,0,0,0,0,0,24
2025-09-25T03:07:54.310Z,59.4,21.1,1.929,50.4,0,60,0,0,0,0,0,0,0,0,24
2025-09-25T03:07:55.309Z,59.4,21.1,1.929,49.6,0,60,0,0,0,0,0,0,0,0,24
2025-09-25T03:07:56.311Z,59.4,21.1,1.929,50.4,0,60,0,0,0,0,0,0,0,0,24
2025-09-25T03:07:57.305Z,59.4,21.1,1.929,49.6,0,60,0,0,0,0,0,0,0,0,24
2025-09-25T03:07:58.311Z,59.5,21.1,1.929,49.6,0,60,0,0,0,0,0,0,0,0,24
2025-09-25T03:07:59.311Z,59.5,21.1,1.929,50.4,0,60,0,0,0,0,0,0,0,0,24
2025-09-25T03:08:00.317Z,59.5,21.1,1.929,49.6,0,60,0,0,0,0,0,0,0,0,24
2025-09-25T03:08:01.315Z,59.4,21.1,1.929,50.4,0,60,0,0,0,0,0,0,0,0,24
2025-09-25T03:08:02.319Z,59.5,21.1,1.928,49.6,0,60,0,0,0,0,0,0,0,0,24
2025-09-25T03:08:03.319Z,59.5,21.1,1.929,50.4,0,60,0,0,0,0,0,0,0,0,24
2025-09-25T03:08:04.324Z,59.5,21.1,1.928,49.6,0,60,0,0,0,0,0,0,0,0,24
2025-09-25T03:08:05.323Z,59.5,21.1,1.928,49.6,0,60,0,0,0,0,0,0,0,0,24
2025-09-25T03:08:06.315Z,59.5,21.1,1.929,50.4,0,60,0,0,0,0,0,0,0,0,24
2025-09-25T03:08:07.315Z,59.5,21.1,1.929,49.6,0,60,0,0,0,0,0,0,0,0,24
2025-09-25T03:08:08.317Z,59.5,21.1,1.928,49.6,0,60,0,0,0,0,0,0,0,0,24
2025-09-25T03:08:09.323Z,59.5,21.1,1.928,50.4,0,60,0,0,0,0,0,0,0,0,24
2025-09-25T03:08:10.322Z,59.5,21.1,1.929,49.6,0,60,0,0,0,0,0,0,0,0,24
2025-09-25T03:08:11.326Z,59.5,21.1,1.928,50.4,0,60,0,0,0,0,0,0,0,0,24
2025-09-25T03:08:12.324Z,59.5,21.1,1.929,50.4,0,60,0,0,0,0,0,0,0,0,24
2025-09-25T03:08:13.322Z,59.5,21.1,1.929,49.6,0,60,0,0,0,0,0,0,0,0,24
2025-09-25T03:08:14.323Z,59.5,21.1,1.928,50.4,0,60,0,0,0,0,0,0,0,0,24
2025-09-25T03:08:15.327Z,59.5,21.1,1.928,49.6,0,60,0,0,0,0,0,0,0,0,24
2025-09-25T03:08:16.329Z,59.5,21.1,1.928,50.4,0,60,0,0,0,0,0,0,0,0,24
2025-09-25T03:08:17.325Z,59.5,21.1,1.928,49.6,0,60,0,0,0,0,0,0,0,0,24
2025-09-25T03:08:18.331Z,59.5,21.1,1.928,50.4,0,60,0,0,0,0,0,0,0,0,24
2025-09-25T03:08:19.328Z,59.5,21.1,1.928,49.6,0,60,0,0,0,0,0,0,0,0,24
2025-09-25T03:08:20.332Z,59.5,21.1,1.928,49.6,0,60,0,0,0,0,0,0,0,0,24
2025-09-25T03:08:21.332Z,59.5,21.1,1.928,50.4,0,60,0,0,0,0,0,0,0,0,24
2025-09-25T03:08:22.333Z,59.5,21.1,1.928,49.6,0,60,0,0,0,0,0,0,0,0,24
2025-09-25T03:08:23.332Z,59.5,21.1,1.928,49.6,0,60,0,0,0,0,0,0,0,0,24
2025-09-25T03:08:24.335Z,59.5,21.1,1.928,50.4,0,60,0,0,0,0,0,0,0,0,24
2025-09-25T03:08:25.333Z,59.5,21.1,1.928,49.6,0,60,0,0,0,0,0,0,0,0,24
2025-09-25T03:08:26.339Z,59.5,21.1,1.926,50.4,0,60,0,0,0,0,0,0,0,0,24
2025-09-25T03:08:27.334Z,59.5,21.1,1.928,49.6,0,60,0,0,0,0,0,0,0,0,24
2025-09-25T03:08:28.336Z,59.5,21.1,1.928,50.4,0,60,0,0,0,0,0,0,0,0,24
2025-09-25T03:08:29.336Z,59.5,21.1,1.928,49.6,0,60,0,0,0,0,0,0,0,0,24
2025-09-25T03:08:30.349Z,59.5,21.1,1.927,49.6,0,60,0,0,0,0,0,0,0,0,24
2025-09-25T03:08:31.338Z,59.5,21.1,1.928,50.4,0,60,0,0,0,0,0,0,0,0,24
2025-09-25T03:08:32.344Z,59.5,21.1,1.926,49.6,0,60,0,0,0,0,0,0,0,0,24
2025-09-25T03:08:33.344Z,59.5,21.1,1.926,49.6,0,60,0,0,0,0,0,0,0,0,24
2025-09-25T03:08:34.343Z,59.5,21.1,1.928,50.4,0,60,0,0,0,0,0,0,0,0,24
2025-09-25T03:08:35.340Z,59.5,21.1,1.928,50.4,0,60,0,0,0,0,0,0,0,0,24
2025-09-25T03:08:36.342Z,59.5,21.1,1.927,49.6,0,60,0,0,0,0,0,0,0,0,24
2025-09-25T03:08:37.345Z,59.5,21.1,1.927,50.4,0,60,0,0,0,0,0,0,0,0,24
2025-09-25T03:08:38.347Z,59.5,21.1,1.928,49.6,0,60,0,0,0,0,0,0,0,0,24
2025-09-25T03:08:39.346Z,59.5,21.1,1.928,50.4,0,60,0,0,0,0,0,0,0,0,24
2025-09-25T03:08:40.347Z,59.5,21.1,1.926,49.6,0,60,0,0,0,0,0,0,0,0,24
2025-09-25T03:08:41.351Z,59.5,21.1,1.927,49.6,0,60,0,0,0,0,0,0,0,0,24
2025-09-25T03:08:42.348Z,59.6,21.1,1.928,50.4,0,60,0,0,0,0,0,0,0,0,24
2025-09-25T03:08:43.351Z,59.6,21.1,1.927,50.4,0,60,0,0,0,0,0,0,0,0,24
2025-09-25T03:08:44.349Z,59.6,21.1,1.927,49.6,0,60,0,0,0,0,0,0,0,0,24
2025-09-25T03:08:45.353Z,59.6,21.1,1.927,50.4,0,60,0,0,0,0,0,0,0,0,24
2025-09-25T03:08:46.352Z,59.6,21.1,1.927,49.6,0,60,0,0,0,0,0,0,0,0,24
2025-09-25T03:08:47.354Z,59.6,21.1,1.927,50.4,0,60,0,0,0,0,0,0,0,0,24
2025-09-25T03:08:48.356Z,59.6,21.1,1.926,49.6,0,60,0,0,0,0,0,0,0,0,24
2025-09-25T03:08:49.357Z,59.6,21.1,1.926,50.4,0,60,0,0,0,0,0,0,0,0,24
2025-09-25T03:08:50.356Z,59.6,21.1,1.927,49.6,0,60,0,0,0,0,0,0,0,0,24
2025-09-25T03:08:51.359Z,59.6,21.1,1.927,50.4,0,60,0,0,0,0,0,0,0,0,24
2025-09-25T03:08:52.356Z,59.6,21.1,1.927,49.6,0,60,0,0,0,0,0,0,0,0,24
2025-09-25T03:08:53.360Z,59.6,21.1,1.927,49.6,0,60,0,0,0,0,0,0,0,0,24
2025-09-25T03:08:54.358Z,59.6,21.1,1.927,50.4,0,60,0,0,0,0,0,0,0,0,24
2025-09-25T03:08:55.359Z,59.6,21.1,1.927,49.6,0,60,0,0,0,0,0,0,0,0,24
2025-09-25T03:08:56.362Z,59.6,21.1,1.927,50.4,0,60,0,0,0,0,0,0,0,0,24
2025-09-25T03:08:57.364Z,59.6,21.1,1.926,49.6,0,60,0,0,0,0,0,0,0,0,24
2025-09-25T03:08:58.360Z,59.6,21.1,1.927,49.6,0,60,0,0,0,0,0,0,0,0,24
2025-09-25T03:08:59.367Z,59.6,21.1,1.926,50.4,0,60,0,0,0,0,0,0,0,0,24
2025-09-25T03:09:00.360Z,59.6,21.1,1.927,49.6,0,60,0,0,0,0,0,0,0,0,24
2025-09-25T03:09:01.362Z,59.6,21.1,1.927,49.6,0,60,0,0,0,0,0,0,0,0,24
2025-09-25T03:09:02.366Z,59.6,21.1,1.926,50.4,0,60,0,0,0,0,0,0,0,0,24
2025-09-25T03:09:03.368Z,59.6,21.1,1.926,50.4,0,60,0,0,0,0,0,0,0,0,24
2025-09-25T03:09:04.366Z,59.6,21.1,1.927,49.6,0,60,0,0,0,0,0,0,0,0,24
2025-09-25T03:09:05.370Z,59.6,21.1,1.926,50.4,0,60,0,0,0,0,0,0,0,0,24
2025-09-25T03:09:06.371Z,59.6,21.1,1.927,49.6,0,60,0,0,0,0,0,0,0,0,24
2025-09-25T03:09:07.370Z,59.7,21.1,1.927,50.4,0,60,0,0,0,0,0,0,0,0,24
2025-09-25T03:09:08.373Z,59.7,21.1,1.926,49.6,0,60,0,0,0,0,0,0,0,0,24
2025-09-25T03:09:09.375Z,59.7,21.1,1.926,49.6,0,60,0,0,0,0,0,0,0,0,24
2025-09-25T03:09:10.372Z,59.7,21.1,1.927,50.4,0,60,0,0,0,0,0,0,0,0,24
2025-09-25T03:09:11.377Z,59.7,21.1,1.926,49.6,0,60,0,0,0,0,0,0,0,0,24
2025-09-25T03:09:12.375Z,59.7,21.1,1.927,49.6,0,60,0,0,0,0,0,0,0,0,24
2025-09-25T03:09:13.375Z,59.7,21.1,1.927,50.4,0,60,0,0,0,0,0,0,0,0,24
2025-09-25T03:09:14.370Z,59.7,21.1,1.927,49.6,0,60,0,0,0,0,0,0,0,0,24
2025-09-25T03:09:15.371Z,59.7,21.1,1.927,49.6,0,60,0,0,0,0,0,0,0,0,24
2025-09-25T03:09:16.374Z,59.7,21.1,1.927,50.4,0,60,0,0,0,0,0,0,0,0,24
2025-09-25T03:09:17.378Z,59.7,21.1,1.927,49.6,0,60,0,0,0,0,0,0,0,0,24
2025-09-25T03:09:18.374Z,59.7,21.1,1.927,50.4,0,60,0,0,0,0,0,0,0,0,24
2025-09-25T03:09:19.381Z,59.7,21.1,1.927,50.4,0,60,0,0,0,0,0,0,0,0,24
2025-09-25T03:09:20.378Z,59.7,21.1,1.927,49.6,0,60,0,0,0,0,0,0,0,0,24
2025-09-25T03:09:21.379Z,59.7,21.1,1.927,50.4,0,60,0,0,0,0,0,0,0,0,24
2025-09-25T03:09:22.379Z,59.7,21.1,1.927,49.6,0,60,0,0,0,0,0,0,0,0,24
2025-09-25T03:09:23.383Z,59.7,21.1,1.927,49.6,0,60,0,0,0,0,0,0,0,0,24
2025-09-25T03:09:24.383Z,59.7,21.1,1.927,50.4,0,60,0,0,0,0,0,0,0,0,24
2025-09-25T03:09:25.386Z,59.7,21.1,1.926,49.6,0,60,0,0,0,0,0,0,0,0,24
2025-09-25T03:09:26.386Z,59.7,21.1,1.926,49.6,0,60,0,0,0,0,0,0,0,0,24
2025-09-25T03:09:27.387Z,59.7,21.1,1.927,50.4,0,60,0,0,0,0,0,0,0,0,24
2025-09-25T03:09:28.386Z,59.7,21.1,1.926,49.6,0,60,0,0,0,0,0,0,0,0,24
2025-09-25T03:09:29.387Z,59.8,21.1,1.926,49.6,0,60,0,0,0,0,0,0,0,0,24
2025-09-25T03:09:30.391Z,59.8,21.1,1.926,50.4,0,60,0,0,0,0,0,0,0,0,24
2025-09-25T03:09:31.388Z,59.8,21.1,1.926,50.4,0,60,0,0,0,0,0,0,0,0,24
2025-09-25T03:09:32.387Z,59.8,21.1,1.926,49.6,0,60,0,0,0,0,0,0,0,0,24
2025-09-25T03:09:33.391Z,59.8,21.1,1.926,50.4,0,60,0,0,0,0,0,0,0,0,24
2025-09-25T03:09:34.394Z,59.8,21.1,1.926,49.6,0,60,0,0,0,0,0,0,0,0,24
2025-09-25T03:09:35.394Z,59.8,21.1,1.926,50.4,0,60,0,0,0,0,0,0,0,0,24
2025-09-25T03:09:36.399Z,59.8,21.1,1.926,50.4,0,60,0,0,0,0,0,0,0,0,24
2025-09-25T03:09:37.398Z,59.8,21.1,1.926,49.6,0,60,0,0,0,0,0,0,0,0,24
2025-09-25T03:09:38.396Z,59.8,21.1,1.926,50.4,0,60,0,0,0,0,0,0,0,0,24
2025-09-25T03:09:39.392Z,59.8,21.1,1.926,49.6,0,60,0,0,0,0,0,0,0,0,24
2025-09-25T03:09:40.395Z,59.8,21.1,1.926,50.4,0,60,0,0,0,0,0,0,0,0,24
2025-09-25T03:09:41.399Z,59.8,21.1,1.926,50.4,0,60,0,0,0,0,0,0,0,0,24
2025-09-25T03:09:42.396Z,59.8,21.1,1.926,49.6,0,60,0,0,0,0,0,0,0,0,24
2025-09-25T03:09:43.404Z,59.8,21.1,1.925,50.4,0,60,0,0,0,0,0,0,0,0,24
2025-09-25T03:09:44.402Z,59.8,21.1,1.926,49.6,0,60,0,0,0,0,0,0,0,0,24
2025-09-25T03:09:45.403Z,59.8,21.1,1.926,50.4,0,60,0,0,0,0,0,0,0,0,24
2025-09-25T03:09:46.397Z,59.9,21.1,1.926,49.6,0,60,0,0,0,0,0,0,0,0,24
2025-09-25T03:09:47.395Z,59.9,21.1,1.926,49.6,0,60,0,0,0,0,0,0,0,0,24
2025-09-25T03:09:48.402Z,59.9,21.1,1.926,50.4,0,60,0,0,0,0,0,0,0,0,24
2025-09-25T03:09:49.407Z,59.9,21.1,1.926,49.6,0,60,0,0,0,0,0,0,0,0,24
2025-09-25T03:09:50.407Z,59.9,21.1,1.926,50.4,0,60,0,0,0,0,0,0,0,0,24
2025-09-25T03:09:51.408Z,59.9,21.1,1.926,49.6,0,60,0,0,0,0,0,0,0,0,24
2025-09-25T03:09:52.409Z,59.9,21.1,1.926,49.6,0,60,0,0,0,0,0,0,0,0,24
2025-09-25T03:09:53.407Z,59.9,21.1,1.926,50.4,0,60,0,0,0,0,0,0,0,0,24
2025-09-25T03:09:54.411Z,59.9,21.1,1.926,49.6,0,60,0,0,0,0,0,0,0,0,24
2025-09-25T03:09:55.411Z,59.9,21.1,1.926,49.6,0,60,0,0,0,0,0,0,0,0,24
2025-09-25T03:09:56.417Z,59.9,21.1,1.925,50.4,0,60,0,0,0,0,0,0,0,0,24
2025-09-25T03:09:57.412Z,59.9,21.1,1.926,49.6,0,60,0,0,0,0,0,0,0,0,24
2025-09-25T03:09:58.412Z,59.9,21.1,1.926,49.6,0,60,0,0,0,0,0,0,0,0,24
2025-09-25T03:09:59.415Z,59.9,21.1,1.926,50.4,0,60,0,0,0,0,0,0,0,0,24
2025-09-25T03:10:00.414Z,59.9,21.1,1.926,50.4,0,60,0,0,0,0,0,0,0,0,24
2025-09-25T03:10:01.413Z,59.9,21.1,1.926,49.6,0,59.9,0,0,0,0,0,0,0,0,24
2025-09-25T03:10:02.413Z,59.9,21.1,1.926,50.4,0,60,0,0,0,0,0,0,0,0,24
2025-09-25T03:10:03.422Z,59.9,21.1,1.926,49.6,0,60,0,0,0,0,0,0,0,0,24
2025-09-25T03:10:04.418Z,59.9,21.1,1.926,50.4,0,60,0,0,0,0,0,0,0,0,24
2025-09-25T03:10:05.422Z,59.9,21.1,1.926,49.6,0,60,0,0,0,0,0,0,0,0,24
2025-09-25T03:10:06.416Z,60,21.1,1.926,49.6,0,60,0,0,0,0,0,0,0,0,24
2025-09-25T03:10:07.414Z,60,21.1,1.926,50.4,0,59.9,0,0,0,0,0,0,0,0,24
2025-09-25T03:10:08.419Z,60,21.1,1.926,49.6,0,59.9,0,0,0,0,0,0,0,0,24
2025-09-25T03:10:09.420Z,60,21.1,1.926,50.4,0,59.9,0,0,0,0,0,0,0,0,24
2025-09-25T03:10:10.421Z,60,21.1,1.926,50.4,0,59.9,0,0,0,0,0,0,0,0,24
2025-09-25T03:10:11.424Z,60,21.1,1.926,49.6,0,59.9,0,0,0,0,0,0,0,0,24
2025-09-25T03:10:12.415Z,60,21.1,1.925,50.4,0,59.9,0,0,0,0,0,0,0,0,24
2025-09-25T03:10:13.424Z,60,21.1,1.925,49.6,0,59.9,0,0,0,0,0,0,0,0,24
2025-09-25T03:10:14.427Z,60,21.1,1.925,50.4,0,60,0,0,0,0,0,0,0,0,24
2025-09-25T03:10:15.430Z,60,21.1,1.925,49.6,0,60,0,0,0,0,0,0,0,0,24
2025-09-25T03:10:16.425Z,60,21.1,1.925,50.4,0,60,0,0,0,0,0,0,0,0,24
2025-09-25T03:10:17.427Z,60,21.1,1.925,49.6,0,60,0,0,0,0,0,0,0,0,24
2025-09-25T03:10:18.426Z,60,21.1,1.925,49.6,0,59.9,0,0,0,0,0,0,0,0,24
2025-09-25T03:10:19.429Z,60,21.1,1.925,50.4,0,59.9,0,0,0,0,0,0,0,0,24
2025-09-25T03:10:20.429Z,60,21.1,1.925,49.6,0,59.9,0,0,0,0,0,0,0,0,24
2025-09-25T03:10:21.425Z,60.1,21.1,1.925,50.4,0,59.9,0,0,0,0,0,0,0,0,24
2025-09-25T03:10:22.426Z,60.1,21.1,1.925,50.4,0,60,0,0,0,0,0,0,0,0,24
2025-09-25T03:10:23.427Z,60.1,21.1,1.924,49.6,0,59.9,0,0,0,0,0,0,0,0,24
2025-09-25T03:10:24.436Z,60.1,21.1,1.925,50.4,0,59.9,0,0,0,0,0,0,0,0,24
2025-09-25T03:10:25.428Z,60.1,21.1,1.924,49.6,0,60,0,0,0,0,0,0,0,0,24
2025-09-25T03:10:26.431Z,60.1,21.1,1.925,50.4,0,59.9,0,0,0,0,0,0,0,0,24
2025-09-25T03:10:27.437Z,60.1,21.1,1.925,49.6,0,59.9,0,0,0,0,0,0,0,0,24
2025-09-25T03:10:28.430Z,60.1,21.1,1.923,50.4,0,59.9,0,0,0,0,0,0,0,0,24
2025-09-25T03:10:29.436Z,60.1,21.1,1.925,50.4,0,59.9,0,0,0,0,0,0,0,0,24
2025-09-25T03:10:30.441Z,60.1,21.1,1.924,49.6,0,59.9,0,0,0,0,0,0,0,0,24
2025-09-25T03:10:31.440Z,60.1,21.1,1.925,49.6,0,59.9,0,0,0,0,0,0,0,0,24
2025-09-25T03:10:32.435Z,60.1,21.1,1.924,49.6,0,59.9,0,0,0,0,0,0,0,0,24
2025-09-25T03:10:33.440Z,60.1,21.1,1.924,50.4,0,59.9,0,0,0,0,0,0,0,0,24
2025-09-25T03:10:34.444Z,60.1,21.1,1.924,49.6,0,59.9,0,0,0,0,0,0,0,0,24
2025-09-25T03:10:35.447Z,60.1,21.1,1.924,49.6,0,59.9,0,0,0,0,0,0,0,0,24
2025-09-25T03:10:36.441Z,60.1,21.1,1.924,50.4,0,59.9,0,0,0,0,0,0,0,0,24
2025-09-25T03:10:37.446Z,60.1,21.1,1.924,49.6,0,59.9,0,0,0,0,0,0,0,0,24
2025-09-25T03:10:38.441Z,60.2,21.1,1.924,50.4,0,59.9,0,0,0,0,0,0,0,0,24
2025-09-25T03:10:39.445Z,60.1,21.1,1.924,49.6,0,59.9,0,0,0,0,0,0,0,0,24
2025-09-25T03:10:40.446Z,60.2,21.1,1.924,49.6,0,59.9,0,0,0,0,0,0,0,0,24
2025-09-25T03:10:41.445Z,60.2,21.1,1.924,50.4,0,59.9,0,0,0,0,0,0,0,0,24
2025-09-25T03:10:42.439Z,60.2,21.1,1.923,49.6,0,59.9,0,0,0,0,0,0,0,0,24
2025-09-25T03:10:43.448Z,60.2,21.1,1.924,49.6,0,59.9,0,0,0,0,0,0,0,0,24
2025-09-25T03:10:44.446Z,60.2,21.1,1.923,50.4,0,59.9,0,0,0,0,0,0,0,0,24
2025-09-25T03:10:45.446Z,60.2,21.1,1.923,49.6,0,59.9,0,0,0,0,0,0,0,0,24
2025-09-25T03:10:46.442Z,60.2,21.1,1.923,49.6,0,59.9,0,0,0,0,0,0,0,0,24
2025-09-25T03:10:47.451Z,60.2,21.1,1.924,50.4,0,59.9,0,0,0,0,0,0,0,0,24
2025-09-25T03:10:48.453Z,60.2,21.1,1.924,49.6,0,59.9,0,0,0,0,0,0,0,0,24
2025-09-25T03:10:49.449Z,60.2,21.1,1.923,50.4,0,59.9,0,0,0,0,0,0,0,0,24
2025-09-25T03:10:50.453Z,60.2,21.1,1.924,50.4,0,59.9,0,0,0,0,0,0,0,0,24
2025-09-25T03:10:51.451Z,60.2,21.1,1.923,49.6,0,59.9,0,0,0,0,0,0,0,0,24
2025-09-25T03:10:52.458Z,60.2,21.1,1.924,49.6,0,59.9,0,0,0,0,0,0,0,0,24
2025-09-25T03:10:53.453Z,60.2,21.1,1.923,50.4,0,60,0,0,0,0,0,0,0,0,24
2025-09-25T03:10:54.454Z,60.2,21.1,1.923,50.4,0,59.9,0,0,0,0,0,0,0,0,24
2025-09-25T03:10:55.457Z,60.3,21.1,1.924,49.6,0,59.9,0,0,0,0,0,0,0,0,24
2025-09-25T03:10:56.459Z,60.3,21.1,1.924,50.4,0,59.9,0,0,0,0,0,0,0,0,24
2025-09-25T03:10:57.456Z,60.3,21.1,1.923,49.6,0,60,0,0,0,0,0,0,0,0,24
2025-09-25T03:10:58.460Z,60.3,21.1,1.923,50.4,0,59.9,0,0,0,0,0,0,0,0,24
2025-09-25T03:10:59.467Z,60.3,21.1,1.923,50.4,0,59.9,0,0,0,0,0,0,0,0,24
2025-09-25T03:11:00.464Z,60.3,21.1,1.923,49.6,0,59.9,0,0,0,0,0,0,0,0,24
2025-09-25T03:11:01.459Z,60.3,21.1,1.923,50.4,0,60,0,0,0,0,0,0,0,0,24
2025-09-25T03:11:02.457Z,60.3,21.1,1.923,49.6,0,60,0,0,0,0,0,0,0,0,24
2025-09-25T03:11:03.469Z,60.3,21.1,1.923,50.4,0,59.9,0,0,0,0,0,0,0,0,24
2025-09-25T03:11:04.467Z,60.3,21.1,1.923,49.6,0,59.9,0,0,0,0,0,0,0,0,24
2025-09-25T03:11:05.466Z,60.3,21.1,1.923,50.4,0,59.9,0,0,0,0,0,0,0,0,24
2025-09-25T03:11:06.462Z,60.3,21.1,1.923,49.6,0,59.9,0,0,0,0,0,0,0,0,24
2025-09-25T03:11:07.472Z,60.3,21.1,1.923,50.4,0,59.9,0,0,0,0,0,0,0,0,24
2025-09-25T03:11:08.467Z,60.3,21.1,1.923,50.4,0,60,0,0,0,0,0,0,0,0,24
2025-09-25T03:11:09.472Z,60.4,21.1,1.923,49.6,0,59.9,0,0,0,0,0,0,0,0,24
2025-09-25T03:11:10.466Z,60.4,21.1,1.923,49.6,0,59.9,0,0,0,0,0,0,0,0,24
2025-09-25T03:11:11.468Z,60.4,21.1,1.923,49.6,0,59.9,0,0,0,0,0,0,0,0,24
2025-09-25T03:11:12.468Z,60.4,21.1,1.923,50.4,0,59.9,0,0,0,0,0,0,0,0,24
2025-09-25T03:11:13.470Z,60.4,21.1,1.923,49.6,0,59.9,0,0,0,0,0,0,0,0,24
2025-09-25T03:11:14.473Z,60.4,21.1,1.923,49.6,0,59.9,0,0,0,0,0,0,0,0,24
2025-09-25T03:11:15.477Z,60.4,21.1,1.923,50.4,0,59.9,0,0,0,0,0,0,0,0,24
2025-09-25T03:11:16.472Z,60.4,21.1,1.923,49.6,0,59.9,0,0,0,0,0,0,0,0,24
2025-09-25T03:11:17.471Z,60.4,21.1,1.922,50.4,0,59.9,0,0,0,0,0,0,0,0,24
2025-09-25T03:11:18.469Z,60.4,21.1,1.923,50.4,0,60,0,0,0,0,0,0,0,0,24
2025-09-25T03:11:19.467Z,60.4,21.1,1.922,49.6,0,60,0,0,0,0,0,0,0,0,24
2025-09-25T03:11:20.479Z,60.4,21.1,1.922,50.4,0,59.9,0,0,0,0,0,0,0,0,24
2025-09-25T03:11:21.476Z,60.4,21.1,1.922,49.6,0,59.9,0,0,0,0,0,0,0,0,24
2025-09-25T03:11:22.481Z,60.4,21.1,1.923,50.4,0,59.9,0,0,0,0,0,0,0,0,24
2025-09-25T03:11:23.471Z,60.5,21.1,1.922,49.6,0,60,0,0,0,0,0,0,0,0,24
2025-09-25T03:11:24.474Z,60.5,21.1,1.922,50.4,0,59.9,0,0,0,0,0,0,0,0,24
2025-09-25T03:11:25.481Z,60.5,21.1,1.922,49.6,0,59.9,0,0,0,0,0,0,0,0,24
2025-09-25T03:11:26.479Z,60.5,21.1,1.922,49.6,0,59.9,0,0,0,0,0,0,0,0,24
2025-09-25T03:11:27.482Z,60.5,21.1,1.922,50.4,0,59.9,0,0,0,0,0,0,0,0,24
2025-09-25T03:11:28.482Z,60.5,21.1,1.922,49.6,0,59.9,0,0,0,0,0,0,0,0,24
2025-09-25T03:11:29.487Z,60.5,21.1,1.923,49.6,0,59.9,0,0,0,0,0,0,0,0,24
2025-09-25T03:11:30.489Z,60.5,21.1,1.923,50.4,0,60,0,0,0,0,0,0,0,0,24
2025-09-25T03:11:31.482Z,60.5,21.1,1.922,49.6,0,59.9,0,0,0,0,0,0,0,0,24
2025-09-25T03:11:32.488Z,60.5,21.1,1.922,49.6,0,59.9,0,0,0,0,0,0,0,0,24
2025-09-25T03:11:33.490Z,60.5,21.1,1.922,50.4,0,59.9,0,0,0,0,0,0,0,0,24
2025-09-25T03:11:34.489Z,60.5,21.1,1.922,49.6,0,59.9,0,0,0,0,0,0,0,0,24
2025-09-25T03:11:35.492Z,60.5,21.1,1.921,50.4,0,59.9,0,0,0,0,0,0,0,0,24
2025-09-25T03:11:36.484Z,60.5,21.1,1.921,50.4,0,59.9,0,0,0,0,0,0,0,0,24
2025-09-25T03:11:37.489Z,60.5,21.1,1.921,49.6,0,59.9,0,0,0,0,0,0,0,0,24
2025-09-25T03:11:38.489Z,60.5,21.1,1.921,50.4,0,59.9,0,0,0,0,0,0,0,0,24
2025-09-25T03:11:39.484Z,60.5,21.1,1.921,49.6,0,59.9,0,0,0,0,0,0,0,0,24
2025-09-25T03:11:40.487Z,60.5,21.1,1.921,50.4,0,59.9,0,0,0,0,0,0,0,0,24
2025-09-25T03:11:41.491Z,60.6,21.1,1.921,49.6,0,59.9,0,0,0,0,0,0,0,0,24
2025-09-25T03:11:42.493Z,60.6,21.1,1.921,50.4,0,59.9,0,0,0,0,0,0,0,0,24
2025-09-25T03:11:43.495Z,60.6,21.1,1.921,49.6,0,59.9,0,0,0,0,0,0,0,0,24
2025-09-25T03:11:44.493Z,60.6,21.1,1.921,50.4,0,59.9,0,0,0,0,0,0,0,0,24
2025-09-25T03:11:45.494Z,60.6,21.1,1.921,49.6,0,59.9,0,0,0,0,0,0,0,0,24
2025-09-25T03:11:46.498Z,60.6,21.1,1.921,49.6,0,59.9,0,0,0,0,0,0,0,0,24
2025-09-25T03:11:47.498Z,60.6,21.1,1.921,50.4,0,60,0,0,0,0,0,0,0,0,24
2025-09-25T03:11:48.499Z,60.6,21.1,1.921,50.4,0,59.9,0,0,0,0,0,0,0,0,24
2025-09-25T03:11:49.499Z,60.6,21.1,1.921,49.6,0,60,0,0,0,0,0,0,0,0,24
2025-09-25T03:11:50.499Z,60.6,21.1,1.921,50.4,0,60,0,0,0,0,0,0,0,0,24
2025-09-25T03:11:51.498Z,60.6,21.1,1.921,49.6,0,60,0,0,0,0,0,0,0,0,24
2025-09-25T03:11:52.505Z,60.6,21.1,1.922,50.4,0,59.9,0,0,0,0,0,0,0,0,24
2025-09-25T03:11:53.505Z,60.6,21.1,1.921,49.6,0,60,0,0,0,0,0,0,0,0,24
2025-09-25T03:11:54.503Z,60.6,21.1,1.921,50.4,0,60,0,0,0,0,0,0,0,0,24
2025-09-25T03:11:55.505Z,60.6,21.1,1.921,50.4,0,60,0,0,0,0,0,0,0,0,24
2025-09-25T03:11:56.505Z,60.6,21.1,1.921,49.6,0,60,0,0,0,0,0,0,0,0,24
2025-09-25T03:11:57.512Z,60.7,21.1,1.922,49.6,0,60,0,0,0,0,0,0,0,0,24
2025-09-25T03:11:58.506Z,60.7,21.1,1.921,49.6,0,59.9,0,0,0,0,0,0,0,0,24
2025-09-25T03:11:59.505Z,60.7,21.1,1.921,50.4,0,60,0,0,0,0,0,0,0,0,24
2025-09-25T03:12:00.508Z,60.7,21.1,1.921,49.6,0,60,0,0,0,0,0,0,0,0,24
2025-09-25T03:12:01.509Z,60.7,21.1,1.921,50.4,0,59.9,0,0,0,0,0,0,0,0,24
2025-09-25T03:12:02.510Z,60.7,21.1,1.921,49.6,0,60,0,0,0,0,0,0,0,0,24
2025-09-25T03:12:03.514Z,60.7,21.1,1.922,49.6,0,60,0,0,0,0,0,0,0,0,24
2025-09-25T03:12:04.514Z,60.7,21.1,1.921,50.4,0,59.9,0,0,0,0,0,0,0,0,24
2025-09-25T03:12:05.513Z,60.7,21.1,1.921,49.6,0,60,0,0,0,0,0,0,0,0,24
2025-09-25T03:12:06.513Z,60.7,21.1,1.921,50.4,0,60,0,0,0,0,0,0,0,0,24
2025-09-25T03:12:07.517Z,60.7,21.1,1.922,49.6,0,60,0,0,0,0,0,0,0,0,24
2025-09-25T03:12:08.517Z,60.7,21.1,1.922,49.6,0,60,0,0,0,0,0,0,0,0,24
2025-09-25T03:12:09.517Z,60.7,21.1,1.922,50.4,0,60,0,0,0,0,0,0,0,0,24
2025-09-25T03:12:10.517Z,60.7,21.1,1.921,49.6,0,60,0,0,0,0,0,0,0,0,24
2025-09-25T03:12:11.520Z,60.7,21.1,1.922,50.4,0,60,0,0,0,0,0,0,0,0,24
2025-09-25T03:12:12.513Z,60.7,21.1,1.921,50.4,0,60,0,0,0,0,0,0,0,0,24
2025-09-25T03:12:13.517Z,60.7,21.1,1.921,50.4,0,59.9,0,0,0,0,0,0,0,0,24
2025-09-25T03:12:14.515Z,60.8,21.1,1.921,49.6,0,60,0,0,0,0,0,0,0,0,24
2025-09-25T03:12:15.520Z,60.8,21.1,1.92,50.4,0,60,0,0,0,0,0,0,0,0,24
2025-09-25T03:12:16.526Z,60.8,21.1,1.921,49.6,0,60,0,0,0,0,0,0,0,0,24
2025-09-25T03:12:17.525Z,60.8,21.1,1.921,50.4,0,60,0,0,0,0,0,0,0,0,24
2025-09-25T03:12:18.528Z,60.8,21.1,1.921,49.6,0,60,0,0,0,0,0,0,0,0,24
2025-09-25T03:12:19.527Z,60.8,21.1,1.921,50.4,0,59.9,0,0,0,0,0,0,0,0,24
2025-09-25T03:12:20.525Z,60.8,21.1,1.92,49.6,0,60,0,0,0,0,0,0,0,0,24
2025-09-25T03:12:21.527Z,60.8,21.1,1.92,50.4,0,60,0,0,0,0,0,0,0,0,24
2025-09-25T03:12:22.530Z,60.8,21.1,1.921,49.6,0,60,0,0,0,0,0,0,0,0,24
2025-09-25T03:12:23.527Z,60.8,21.1,1.92,50.4,0,60,0,0,0,0,0,0,0,0,24
2025-09-25T03:12:24.531Z,60.8,21.1,1.921,49.6,0,60,0,0,0,0,0,0,0,0,24
2025-09-25T03:12:25.533Z,60.8,21.1,1.921,49.6,0,59.9,0,0,0,0,0,0,0,0,24
2025-09-25T03:12:26.529Z,60.8,21.1,1.92,50.4,0,59.9,0,0,0,0,0,0,0,0,24
2025-09-25T03:12:27.530Z,60.8,21.1,1.92,49.6,0,59.9,0,0,0,0,0,0,0,0,24
2025-09-25T03:12:28.530Z,60.8,21.1,1.92,50.4,0,60,0,0,0,0,0,0,0,0,24
2025-09-25T03:12:29.532Z,60.8,21.1,1.92,49.6,0,60,0,0,0,0,0,0,0,0,24
2025-09-25T03:12:30.535Z,60.8,21.1,1.921,50.4,0,60,0,0,0,0,0,0,0,0,24
2025-09-25T03:12:31.538Z,60.8,21.1,1.921,49.6,0,59.9,0,0,0,0,0,0,0,0,24
2025-09-25T03:12:32.537Z,60.8,21.1,1.921,49.6,0,59.9,0,0,0,0,0,0,0,0,24
2025-09-25T03:12:33.540Z,60.8,21.1,1.921,50.4,0,59.9,0,0,0,0,0,0,0,0,24
2025-09-25T03:12:34.540Z,60.8,21.1,1.921,49.6,0,60,0,0,0,0,0,0,0,0,24
2025-09-25T03:12:35.538Z,60.8,21.1,1.921,49.6,0,59.9,0,0,0,0,0,0,0,0,24
2025-09-25T03:12:36.538Z,60.9,21.1,1.921,50.4,0,59.9,0,0,0,0,0,0,0,0,24
2025-09-25T03:12:37.539Z,60.9,21.1,1.921,49.6,0,59.9,0,0,0,0,0,0,0,0,24
2025-09-25T03:12:38.541Z,60.9,21.1,1.921,50.4,0,59.9,0,0,0,0,0,0,0,0,24
2025-09-25T03:12:39.543Z,60.9,21.1,1.921,49.6,0,59.9,0,0,0,0,0,0,0,0,24
2025-09-25T03:12:40.539Z,60.9,21.1,1.921,49.6,0,59.9,0,0,0,0,0,0,0,0,24
2025-09-25T03:12:41.544Z,60.9,21.1,1.921,50.4,0,59.9,0,0,0,0,0,0,0,0,24
2025-09-25T03:12:42.542Z,60.9,21.1,1.921,49.6,0,60,0,0,0,0,0,0,0,0,24
2025-09-25T03:12:43.541Z,60.9,21.1,1.92,49.6,0,60,0,0,0,0,0,0,0,0,24
2025-09-25T03:12:44.542Z,60.9,21.1,1.92,50.4,0,60,0,0,0,0,0,0,0,0,24
2025-09-25T03:12:45.542Z,60.9,21.1,1.92,50.4,0,59.9,0,0,0,0,0,0,0,0,24
2025-09-25T03:12:46.550Z,60.9,21.1,1.92,49.6,0,59.9,0,0,0,0,0,0,0,0,24
2025-09-25T03:12:47.545Z,60.9,21.1,1.92,50.4,0,59.9,0,0,0,0,0,0,0,0,24
2025-09-25T03:12:48.548Z,60.9,21.1,1.92,49.6,0,60,0,0,0,0,0,0,0,0,24
2025-09-25T03:12:49.546Z,60.9,21.1,1.92,50.4,0,60,0,0,0,0,0,0,0,0,24
2025-09-25T03:12:50.552Z,60.9,21.1,1.92,49.6,0,60,0,0,0,0,0,0,0,0,24
2025-09-25T03:12:51.554Z,60.9,21.1,1.92,49.6,0,59.9,0,0,0,0,0,0,0,0,24
2025-09-25T03:12:52.547Z,60.9,21.1,1.92,50.4,0,59.9,0,0,0,0,0,0,0,0,24
2025-09-25T03:12:53.556Z,60.9,21.1,1.92,49.6,0,59.9,0,0,0,0,0,0,0,0,24
2025-09-25T03:12:54.555Z,60.9,21.1,1.92,50.4,0,60,0,0,0,0,0,0,0,0,24
2025-09-25T03:12:55.554Z,60.9,21.1,1.92,49.6,0,60,0,0,0,0,0,0,0,0,24
2025-09-25T03:12:56.558Z,60.9,21.1,1.92,49.6,0,60,0,0,0,0,0,0,0,0,24
2025-09-25T03:12:57.553Z,60.9,21.1,1.92,50.4,0,59.9,0,0,0,0,0,0,0,0,24
2025-09-25T03:12:58.559Z,60.9,21.1,1.92,49.6,0,60,0,0,0,0,0,0,0,0,24
2025-09-25T03:12:59.559Z,60.9,21.1,1.92,49.6,0,60,0,0,0,0,0,0,0,0,24
2025-09-25T03:13:00.562Z,60.9,21.1,1.92,50.4,0,59.9,0,0,0,0,0,0,0,0,24
2025-09-25T03:13:01.563Z,60.9,21.1,1.92,49.6,0,60,0,0,0,0,0,0,0,0,24
2025-09-25T03:13:02.564Z,60.9,21.1,1.92,50.4,0,60,0,0,0,0,0,0,0,0,24
2025-09-25T03:13:03.564Z,60.9,21.1,1.92,50.4,0,60,0,0,0,0,0,0,0,0,24
2025-09-25T03:13:04.565Z,60.9,21.1,1.92,49.6,0,60,0,0,0,0,0,0,0,0,24
2025-09-25T03:13:05.564Z,60.9,21.1,1.92,49.6,0,59.9,0,0,0,0,0,0,0,0,24
2025-09-25T03:13:06.565Z,60.9,21.1,1.92,50.4,0,59.9,0,0,0,0,0,0,0,0,24
2025-09-25T03:13:07.568Z,60.9,21.1,1.92,49.6,0,60,0,0,0,0,0,0,0,0,24
2025-09-25T03:13:08.564Z,61,21.1,1.92,49.6,0,60,0,0,0,0,0,0,0,0,24
2025-09-25T03:13:09.567Z,61,21.1,1.92,50.4,0,60,0,0,0,0,0,0,0,0,24
2025-09-25T03:13:10.570Z,61,21.1,1.92,49.6,0,60,0,0,0,0,0,0,0,0,24
2025-09-25T03:13:11.572Z,61,21.1,1.92,49.6,0,60,0,0,0,0,0,0,0,0,24
2025-09-25T03:13:12.566Z,60.9,21.1,1.92,50.4,0,59.9,0,0,0,0,0,0,0,0,24
2025-09-25T03:13:13.564Z,61,21.1,1.92,49.6,0,60,0,0,0,0,0,0,0,0,24
2025-09-25T03:13:14.566Z,61,21.1,1.92,49.6,0,60,0,0,0,0,0,0,0,0,24
2025-09-25T03:13:15.566Z,61,21.1,1.92,50.4,0,60,0,0,0,0,0,0,0,0,24
2025-09-25T03:13:16.570Z,61,21.1,1.92,49.6,0,60,0,0,0,0,0,0,0,0,24
2025-09-25T03:13:17.568Z,61,21.1,1.92,50.4,0,60,0,0,0,0,0,0,0,0,24
2025-09-25T03:13:18.578Z,61,21.1,1.92,50.4,0,59.9,0,0,0,0,0,0,0,0,24
2025-09-25T03:13:19.576Z,61,21.1,1.92,49.6,0,59.9,0,0,0,0,0,0,0,0,24
2025-09-25T03:13:20.573Z,61,21.1,1.92,50.4,0,60,0,0,0,0,0,0,0,0,24
2025-09-25T03:13:21.579Z,61,21.1,1.92,49.6,0,60,0,0,0,0,0,0,0,0,24
2025-09-25T03:13:22.577Z,61,21.1,1.92,49.6,0,60,0,0,0,0,0,0,0,0,24
2025-09-25T03:13:23.577Z,61,21.1,1.92,50.4,0,59.9,0,0,0,0,0,0,0,0,24
2025-09-25T03:13:24.583Z,61,21.1,1.92,49.6,0,59.9,0,0,0,0,0,0,0,0,24
2025-09-25T03:13:25.587Z,61,21.1,1.92,49.6,0,59.9,0,0,0,0,0,0,0,0,24
2025-09-25T03:13:26.587Z,61,21.1,1.92,50.4,0,59.9,0,0,0,0,0,0,0,0,24
2025-09-25T03:13:27.582Z,61,21.1,1.92,49.6,0,59.9,0,0,0,0,0,0,0,0,24
2025-09-25T03:13:28.585Z,61,21.1,1.92,49.6,0,59.9,0,0,0,0,0,0,0,0,24
2025-09-25T03:13:29.587Z,61,21.1,1.92,50.4,0,59.9,0,0,0,0,0,0,0,0,24
2025-09-25T03:13:30.583Z,61,21.1,1.92,49.6,0,59.9,0,0,0,0,0,0,0,0,24
2025-09-25T03:13:31.586Z,61,21.1,1.92,49.6,0,59.9,0,0,0,0,0,0,0,0,24
2025-09-25T03:13:32.588Z,61,21.1,1.92,50.4,0,59.9,0,0,0,0,0,0,0,0,24
2025-09-25T03:13:33.589Z,61,21.1,1.92,50.4,0,59.9,0,0,0,0,0,0,0,0,24
2025-09-25T03:13:34.588Z,61,21.1,1.92,49.6,0,59.9,0,0,0,0,0,0,0,0,24
2025-09-25T03:13:35.592Z,61,21.1,1.92,50.4,0,59.9,0,0,0,0,0,0,0,0,24
2025-09-25T03:13:36.596Z,61,21.1,1.92,49.6,0,59.9,0,0,0,0,0,0,0,0,24
2025-09-25T03:13:37.592Z,61,21.1,1.92,49.6,0,59.9,0,0,0,0,0,0,0,0,24
2025-09-25T03:13:38.594Z,61,21.1,1.92,50.4,0,59.9,0,0,0,0,0,0,0,0,24
2025-09-25T03:13:39.594Z,61,21.1,1.92,50.4,0,59.9,0,0,0,0,0,0,0,0,24
2025-09-25T03:13:40.596Z,61,21.1,1.92,49.6,0,59.9,0,0,0,0,0,0,0,0,24
2025-09-25T03:13:41.586Z,61,21.1,1.92,50.4,0,59.9,0,0,0,0,0,0,0,0,24
2025-09-25T03:13:42.595Z,61,21.1,1.92,49.6,0,59.9,0,0,0,0,0,0,0,0,24
2025-09-25T03:13:43.591Z,61,21.1,1.92,49.6,0,59.9,0,0,0,0,0,0,0,0,24
2025-09-25T03:13:44.601Z,61,21.1,1.92,50.4,0,59.9,0,0,0,0,0,0,0,0,24
2025-09-25T03:13:45.591Z,61,21.1,1.92,49.6,0,59.9,0,0,0,0,0,0,0,0,24
2025-09-25T03:13:46.603Z,61,21.1,1.92,49.6,0,59.9,0,0,0,0,0,0,0,0,24
2025-09-25T03:13:47.603Z,61,21.1,1.92,50.4,0,59.9,0,0,0,0,0,0,0,0,24
2025-09-25T03:13:48.601Z,61,21.1,1.92,50.4,0,59.9,0,0,0,0,0,0,0,0,24
2025-09-25T03:13:49.602Z,61,21.1,1.92,49.6,0,59.9,0,0,0,0,0,0,0,0,24
2025-09-25T03:13:50.603Z,61,21.1,1.92,50.4,0,59.9,0,0,0,0,0,0,0,0,24
2025-09-25T03:13:51.599Z,61,21.1,1.92,50.4,0,59.9,0,0,0,0,0,0,0,0,24
2025-09-25T03:13:52.603Z,61,21.1,1.92,49.6,0,59.9,0,0,0,0,0,0,0,0,24
2025-09-25T03:13:53.598Z,61,21.1,1.92,50.4,0,59.9,0,0,0,0,0,0,0,0,24
2025-09-25T03:13:54.600Z,61,21.1,1.92,49.6,0,60,0,0,0,0,0,0,0,0,24
2025-09-25T03:13:55.601Z,61,21.1,1.92,50.4,0,59.9,0,0,0,0,0,0,0,0,24
2025-09-25T03:13:56.603Z,61,21.1,1.92,50.4,0,59.9,0,0,0,0,0,0,0,0,24
2025-09-25T03:13:57.602Z,60.9,21.1,1.92,49.6,0,60,0,0,0,0,0,0,0,0,24
2025-09-25T03:13:58.614Z,60.9,21.1,1.92,50.4,0,60,0,0,0,0,0,0,0,0,24
2025-09-25T03:13:59.618Z,61,21.1,1.92,49.6,0,59.9,0,0,0,0,0,0,0,0,24
2025-09-25T03:14:00.615Z,61,21.1,1.92,49.6,0,60,0,0,0,0,0,0,0,0,24
2025-09-25T03:14:01.617Z,61,21.1,1.92,50.4,0,60,0,0,0,0,0,0,0,0,24
2025-09-25T03:14:02.612Z,60.9,21.1,1.92,49.6,0,60,0,0,0,0,0,0,0,0,24
2025-09-25T03:14:03.614Z,60.9,21.1,1.92,50.4,0,60,0,0,0,0,0,0,0,0,24
2025-09-25T03:14:04.618Z,60.9,21.1,1.92,50.4,0,59.9,0,0,0,0,0,0,0,0,24
2025-09-25T03:14:05.618Z,60.9,21.1,1.92,49.6,0,59.9,0,0,0,0,0,0,0,0,24
2025-09-25T03:14:06.623Z,60.9,21.1,1.92,50.4,0,59.9,0,0,0,0,0,0,0,0,24
2025-09-25T03:14:07.620Z,60.9,21.1,1.92,50.4,0,59.9,0,0,0,0,0,0,0,0,24
2025-09-25T03:14:08.618Z,60.9,21.1,1.92,49.6,0,60,0,0,0,0,0,0,0,0,24
2025-09-25T03:14:09.623Z,60.9,21.1,1.92,50.4,0,60,0,0,0,0,0,0,0,0,24
2025-09-25T03:14:10.620Z,60.9,21.1,1.92,49.6,0,59.9,0,0,0,0,0,0,0,0,24
2025-09-25T03:14:11.630Z,60.9,21.1,1.92,50.4,0,60,0,0,0,0,0,0,0,0,24
2025-09-25T03:14:12.616Z,60.9,21.1,1.92,49.6,0,60,0,0,0,0,0,0,0,0,24
2025-09-25T03:14:13.623Z,60.9,21.1,1.921,50.4,0,60,0,0,0,0,0,0,0,0,24
2025-09-25T03:14:14.625Z,60.9,21.1,1.92,49.6,0,60,0,0,0,0,0,0,0,0,24
2025-09-25T03:14:15.621Z,60.9,21.1,1.92,50.4,0,60,0,0,0,0,0,0,0,0,24
2025-09-25T03:14:16.622Z,60.9,21.1,1.921,49.6,0,60,0,0,0,0,0,0,0,0,24
2025-09-25T03:14:17.621Z,60.9,21.1,1.92,49.6,0,60,0,0,0,0,0,0,0,0,24
2025-09-25T03:14:18.625Z,60.9,21.1,1.921,50.4,0,60,0,0,0,0,0,0,0,0,24
2025-09-25T03:14:19.622Z,60.9,21.1,1.92,49.6,0,60,0,0,0,0,0,0,0,0,24
2025-09-25T03:14:20.632Z,60.9,21.1,1.921,50.4,0,60,0,0,0,0,0,0,0,0,24
2025-09-25T03:14:21.633Z,60.9,21.1,1.921,49.6,0,60,0,0,0,0,0,0,0,0,24
2025-09-25T03:14:22.633Z,60.9,21.1,1.921,50.4,0,60,0,0,0,0,0,0,0,0,24
2025-09-25T03:14:23.634Z,60.9,21.1,1.921,49.6,0,60,0,0,0,0,0,0,0,0,24
2025-09-25T03:14:24.629Z,60.9,21.1,1.921,50.4,0,60,0,0,0,0,0,0,0,0,24
2025-09-25T03:14:25.629Z,60.9,21.1,1.921,49.6,0,60,0,0,0,0,0,0,0,0,24
2025-09-25T03:14:26.635Z,60.9,21.1,1.921,49.6,0,60,0,0,0,0,0,0,0,0,24
2025-09-25T03:14:27.640Z,60.9,21.1,1.921,50.4,0,60,0,0,0,0,0,0,0,0,24
2025-09-25T03:14:28.638Z,60.9,21.1,1.921,49.6,0,60,0,0,0,0,0,0,0,0,24
2025-09-25T03:14:29.632Z,60.9,21.1,1.92,50.4,0,60,0,0,0,0,0,0,0,0,24
2025-09-25T03:14:30.633Z,60.9,21.1,1.92,50.4,0,60,0,0,0,0,0,0,0,0,24
2025-09-25T03:14:31.639Z,60.9,21.1,1.922,49.6,0,60,0,0,0,0,0,0,0,0,24
2025-09-25T03:14:32.638Z,60.9,21.1,1.921,49.6,0,60,0,0,0,0,0,0,0,0,24
2025-09-25T03:14:33.642Z,60.9,21.1,1.921,49.6,0,60,0,0,0,0,0,0,0,0,24
2025-09-25T03:14:34.646Z,60.9,21.1,1.921,50.4,0,60,0,0,0,0,0,0,0,0,24
2025-09-25T03:14:35.647Z,60.9,21.1,1.921,50.4,0,60,0,0,0,0,0,0,0,0,24
2025-09-25T03:14:36.644Z,60.9,21.1,1.921,49.6,0,60,0,0,0,0,0,0,0,0,24
2025-09-25T03:14:37.646Z,60.9,21.1,1.922,50.4,0,60,0,0,0,0,0,0,0,0,24
2025-09-25T03:14:38.645Z,60.9,21.1,1.921,49.6,0,60,0,0,0,0,0,0,0,0,24
2025-09-25T03:14:39.644Z,60.9,21.1,1.922,50.4,0,60,0,0,0,0,0,0,0,0,24
2025-09-25T03:14:40.647Z,60.9,21.1,1.921,49.6,0,60,0,0,0,0,0,0,0,0,24
2025-09-25T03:14:41.649Z,60.9,21.1,1.921,50.4,0,60,0,0,0,0,0,0,0,0,24
2025-09-25T03:14:42.643Z,60.9,21.1,1.921,50.4,0,60,0,0,0,0,0,0,0,0,24
2025-09-25T03:14:43.650Z,60.9,21.1,1.921,49.6,0,60,0,0,0,0,0,0,0,0,24
2025-09-25T03:14:44.644Z,60.8,21.1,1.921,50.4,0,60,0,0,0,0,0,0,0,0,24
2025-09-25T03:14:45.643Z,60.8,21.1,1.92,49.6,0,60,0,0,0,0,0,0,0,0,24
2025-09-25T03:14:46.650Z,60.8,21.1,1.921,50.4,0,60,0,0,0,0,0,0,0,0,24
2025-09-25T03:14:47.652Z,60.8,21.1,1.922,49.6,0,60,0,0,0,0,0,0,0,0,24
2025-09-25T03:14:48.652Z,60.8,21.1,1.922,50.4,0,60,0,0,0,0,0,0,0,0,24
2025-09-25T03:14:49.649Z,60.8,21.1,1.922,49.6,0,60,0,0,0,0,0,0,0,0,24
2025-09-25T03:14:50.654Z,60.8,21.1,1.922,50.4,0,60,0,0,0,0,0,0,0,0,24
2025-09-25T03:14:51.655Z,60.8,21.1,1.922,49.6,0,60,0,0,0,0,0,0,0,0,24
2025-09-25T03:14:52.654Z,60.8,21.1,1.922,50.4,0,60,0,0,0,0,0,0,0,0,24
2025-09-25T03:14:53.656Z,60.8,21.1,1.922,49.6,0,60,0,0,0,0,0,0,0,0,24
2025-09-25T03:14:54.657Z,60.8,21.1,1.922,50.4,0,60,0,0,0,0,0,0,0,0,24
2025-09-25T03:14:55.654Z,60.8,21.1,1.922,49.6,0,60,0,0,0,0,0,0,0,0,24
2025-09-25T03:14:56.656Z,60.8,21.1,1.922,50.4,0,60,0,0,0,0,0,0,0,0,24
2025-09-25T03:14:57.663Z,60.8,21.1,1.922,49.6,0,60,0,0,0,0,0,0,0,0,24
2025-09-25T03:14:58.663Z,60.8,21.1,1.922,50.4,0,60,0,0,0,0,0,0,0,0,24
2025-09-25T03:14:59.665Z,60.8,21.1,1.922,49.6,0,60,0,0,0,0,0,0,0,0,24
2025-09-25T03:15:00.668Z,60.8,21.1,1.922,50.4,0,60,0,0,0,0,0,0,0,0,24
2025-09-25T03:15:01.668Z,60.8,21.1,1.922,49.6,0,60,0,0,0,0,0,0,0,0,24
2025-09-25T03:15:02.663Z,60.8,21.1,1.922,50.4,0,60,0,0,0,0,0,0,0,0,24
2025-09-25T03:15:03.668Z,60.8,21.1,1.922,49.6,0,60,0,0,0,0,0,0,0,0,24
2025-09-25T03:15:04.668Z,60.8,21.1,1.922,50.4,0,60,0,0,0,0,0,0,0,0,24
2025-09-25T03:15:05.667Z,60.7,21.1,1.922,49.6,0,60,0,0,0,0,0,0,0,0,24
2025-09-25T03:15:06.675Z,60.7,21.1,1.922,50.4,0,60,0,0,0,0,0,0,0,0,24
2025-09-25T03:15:07.670Z,60.7,21.1,1.922,49.6,0,60,0,0,0,0,0,0,0,0,24
2025-09-25T03:15:08.670Z,60.7,21.1,1.922,50.4,0,60,0,0,0,0,0,0,0,0,24
2025-09-25T03:15:09.667Z,60.7,21.1,1.922,49.6,0,60,0,0,0,0,0,0,0,0,24
2025-09-25T03:15:10.671Z,60.7,21.1,1.922,50.4,0,60,0,0,0,0,0,0,0,0,24
2025-09-25T03:15:11.675Z,60.7,21.1,1.922,49.6,0,60,0,0,0,0,0,0,0,0,24
2025-09-25T03:15:12.677Z,60.7,21.1,1.922,50.4,0,60,0,0,0,0,0,0,0,0,24
2025-09-25T03:15:13.678Z,60.7,21.1,1.922,49.6,0,60,0,0,0,0,0,0,0,0,24
2025-09-25T03:15:14.677Z,60.7,21.1,1.922,50.4,0,60,0,0,0,0,0,0,0,0,24
2025-09-25T03:15:15.675Z,60.7,21.1,1.922,49.6,0,60,0,0,0,0,0,0,0,0,24
2025-09-25T03:15:16.680Z,60.7,21.1,1.922,49.6,0,60,0,0,0,0,0,0,0,0,24
2025-09-25T03:15:17.679Z,60.7,21.1,1.922,49.6,0,60,0,0,0,0,0,0,0,0,24
2025-09-25T03:15:18.680Z,60.7,21.1,1.922,50.4,0,60,0,0,0,0,0,0,0,0,24
2025-09-25T03:15:19.677Z,60.7,21.1,1.922,49.6,0,60,0,0,0,0,0,0,0,0,24
2025-09-25T03:15:20.679Z,60.7,21.1,1.922,50.4,0,60,0,0,0,0,0,0,0,0,24
2025-09-25T03:15:21.681Z,60.7,21.1,1.922,49.6,0,60,0,0,0,0,0,0,0,0,24
2025-09-25T03:15:22.680Z,60.7,21.1,1.922,50.4,0,60,0,0,0,0,0,0,0,0,24
2025-09-25T03:15:23.684Z,60.7,21.1,1.922,49.6,0,60,0,0,0,0,0,0,0,0,24
2025-09-25T03:15:24.680Z,60.7,21.1,1.922,50.4,0,60,0,0,0,0,0,0,0,0,24
2025-09-25T03:15:25.690Z,60.7,21.1,1.922,49.6,0,60,0,0,0,0,0,0,0,0,24
2025-09-25T03:15:26.690Z,60.7,21.1,1.922,50.4,0,60,0,0,0,0,0,0,0,0,24
2025-09-25T03:15:27.684Z,60.7,21.1,1.922,49.6,0,60,0,0,0,0,0,0,0,0,24
2025-09-25T03:15:28.681Z,60.7,21.1,1.921,50.4,0,60,0,0,0,0,0,0,0,0,24
2025-09-25T03:15:29.687Z,60.7,21.1,1.922,49.6,0,60,0,0,0,0,0,0,0,0,24
2025-09-25T03:15:30.684Z,60.6,21.1,1.923,49.6,0,60,0,0,0,0,0,0,0,0,24
2025-09-25T03:15:31.690Z,60.6,21.1,1.922,49.6,0,60,0,0,0,0,0,0,0,0,24
2025-09-25T03:15:32.688Z,60.6,21.1,1.923,50.4,0,60,0,0,0,0,0,0,0,0,24
2025-09-25T03:15:33.692Z,60.6,21.1,1.923,49.6,0,60,0,0,0,0,0,0,0,0,24
2025-09-25T03:15:34.696Z,60.6,21.1,1.923,49.6,0,60,0,0,0,0,0,0,0,0,24
2025-09-25T03:15:35.688Z,60.6,21.1,1.923,50.4,0,60,0,0,0,0,0,0,0,0,24
2025-09-25T03:15:36.695Z,60.6,21.1,1.923,49.6,0,60,0,0,0,0,0,0,0,0,24
2025-09-25T03:15:37.698Z,60.6,21.1,1.923,49.6,0,60,0,0,0,0,0,0,0,0,24
2025-09-25T03:15:38.696Z,60.6,21.1,1.923,50.4,0,59.9,0,0,0,0,0,0,0,0,24
2025-09-25T03:15:39.698Z,60.6,21.1,1.923,49.6,0,60,0,0,0,0,0,0,0,0,24
2025-09-25T03:15:40.694Z,60.6,21.1,1.923,49.6,0,60,0,0,0,0,0,0,0,0,24
2025-09-25T03:15:41.691Z,60.6,21.1,1.923,50.4,0,60,0,0,0,0,0,0,0,0,24
2025-09-25T03:15:42.700Z,60.6,21.1,1.923,49.6,0,60,0,0,0,0,0,0,0,0,24
2025-09-25T03:15:43.703Z,60.6,21.1,1.923,50.4,0,60,0,0,0,0,0,0,0,0,24
2025-09-25T03:15:44.702Z,60.6,21.1,1.923,49.6,0,60,0,0,0,0,0,0,0,0,24
2025-09-25T03:15:45.703Z,60.6,21.1,1.923,49.6,0,60,0,0,0,0,0,0,0,0,24
2025-09-25T03:15:46.702Z,60.6,21.1,1.923,50.4,0,60,0,0,0,0,0,0,0,0,24
2025-09-25T03:15:47.703Z,60.6,21.1,1.923,50.4,0,60,0,0,0,0,0,0,0,0,24
2025-09-25T03:15:48.706Z,60.6,21.1,1.923,49.6,0,60,0,0,0,0,0,0,0,0,24
2025-09-25T03:15:49.707Z,60.5,21.1,1.923,50.4,0,60,0,0,0,0,0,0,0,0,24
2025-09-25T03:15:50.707Z,60.5,21.1,1.923,49.6,0,59.9,0,0,0,0,0,0,0,0,24
2025-09-25T03:15:51.707Z,60.5,21.1,1.923,50.4,0,60,0,0,0,0,0,0,0,0,24
2025-09-25T03:15:52.706Z,60.5,21.1,1.923,49.6,0,59.9,0,0,0,0,0,0,0,0,24
2025-09-25T03:15:53.709Z,60.5,21.1,1.923,49.6,0,59.9,0,0,0,0,0,0,0,0,24
2025-09-25T03:15:54.708Z,60.5,21.1,1.923,50.4,0,59.9,0,0,0,0,0,0,0,0,24
2025-09-25T03:15:55.712Z,60.5,21.1,1.923,49.6,0,60,0,0,0,0,0,0,0,0,24
2025-09-25T03:15:56.713Z,60.5,21.1,1.923,49.6,0,60,0,0,0,0,0,0,0,0,24
2025-09-25T03:15:57.715Z,60.5,21.1,1.923,50.4,0,60,0,0,0,0,0,0,0,0,24
2025-09-25T03:15:58.713Z,60.5,21.1,1.923,50.4,0,59.9,0,0,0,0,0,0,0,0,24
2025-09-25T03:15:59.713Z,60.5,21.1,1.923,49.6,0,59.9,0,0,0,0,0,0,0,0,24
2025-09-25T03:16:00.715Z,60.5,21.1,1.923,50.4,0,60,0,0,0,0,0,0,0,0,24
2025-09-25T03:16:01.718Z,60.5,21.1,1.923,49.6,0,59.9,0,0,0,0,0,0,0,0,24
2025-09-25T03:16:02.715Z,60.5,21.1,1.923,49.6,0,60,0,0,0,0,0,0,0,0,24
2025-09-25T03:16:03.720Z,60.5,21.1,1.923,49.6,0,60,0,0,0,0,0,0,0,0,24
2025-09-25T03:16:04.718Z,60.5,21.1,1.923,49.6,0,60,0,0,0,0,0,0,0,0,24
2025-09-25T03:16:05.722Z,60.5,21.1,1.923,50.4,0,59.9,0,0,0,0,0,0,0,0,24
2025-09-25T03:16:06.721Z,60.5,21.1,1.923,50.4,0,60,0,0,0,0,0,0,0,0,24
2025-09-25T03:16:07.723Z,60.5,21.1,1.923,49.6,0,60,0,0,0,0,0,0,0,0,24
2025-09-25T03:16:08.722Z,60.5,21.1,1.923,50.4,0,60,0,0,0,0,0,0,0,0,24
2025-09-25T03:16:09.721Z,60.5,21.1,1.923,50.4,0,60,0,0,0,0,0,0,0,0,24
2025-09-25T03:16:10.725Z,60.5,21.1,1.923,49.6,0,60,0,0,0,0,0,0,0,0,24
2025-09-25T03:16:11.729Z,60.4,21.1,1.923,50.4,0,60,0,0,0,0,0,0,0,0,24
2025-09-25T03:16:12.727Z,60.4,21.1,1.923,50.4,0,60,0,0,0,0,0,0,0,0,24
2025-09-25T03:16:13.730Z,60.4,21.1,1.923,49.6,0,60,0,0,0,0,0,0,0,0,24
2025-09-25T03:16:14.731Z,60.4,21.1,1.923,49.6,0,60,0,0,0,0,0,0,0,0,24
2025-09-25T03:16:15.731Z,60.4,21.1,1.923,49.6,0,60,0,0,0,0,0,0,0,0,24
2025-09-25T03:16:16.735Z,60.4,21.1,1.923,50.4,0,60,0,0,0,0,0,0,0,0,24
2025-09-25T03:16:17.729Z,60.4,21.1,1.923,50.4,0,60,0,0,0,0,0,0,0,0,24
2025-09-25T03:16:18.736Z,60.4,21.1,1.923,49.6,0,60,0,0,0,0,0,0,0,0,24
2025-09-25T03:16:19.732Z,60.4,21.1,1.923,50.4,0,60,0,0,0,0,0,0,0,0,24
2025-09-25T03:16:20.735Z,60.4,21.1,1.924,49.6,0,60,0,0,0,0,0,0,0,0,24
2025-09-25T03:16:21.735Z,60.4,21.1,1.924,50.4,0,59.9,0,0,0,0,0,0,0,0,24
2025-09-25T03:16:22.734Z,60.4,21.1,1.924,49.6,0,60,0,0,0,0,0,0,0,0,24
2025-09-25T03:16:23.743Z,60.4,21.1,1.923,50.4,0,60,0,0,0,0,0,0,0,0,24
2025-09-25T03:16:24.736Z,60.4,21.1,1.924,49.6,0,60,0,0,0,0,0,0,0,0,24
2025-09-25T03:16:25.736Z,60.4,21.1,1.924,49.6,0,59.9,0,0,0,0,0,0,0,0,24
2025-09-25T03:16:26.740Z,60.4,21.1,1.924,50.4,0,59.9,0,0,0,0,0,0,0,0,24
2025-09-25T03:16:27.741Z,60.4,21.1,1.924,49.6,0,60,0,0,0,0,0,0,0,0,24
2025-09-25T03:16:28.736Z,60.4,21.1,1.924,49.6,0,60,0,0,0,0,0,0,0,0,24
2025-09-25T03:16:29.743Z,60.4,21.1,1.924,50.4,0,60,0,0,0,0,0,0,0,0,24
2025-09-25T03:16:30.746Z,60.4,21.1,1.923,49.6,0,60,0,0,0,0,0,0,0,0,24
2025-09-25T03:16:31.746Z,60.3,21.1,1.923,49.6,0,59.9,0,0,0,0,0,0,0,0,24
2025-09-25T03:16:32.746Z,60.3,21.1,1.924,50.4,0,60,0,0,0,0,0,0,0,0,24
2025-09-25T03:16:33.745Z,60.3,21.1,1.924,49.6,0,60,0,0,0,0,0,0,0,0,24
2025-09-25T03:16:34.746Z,60.3,21.1,1.924,49.6,0,60,0,0,0,0,0,0,0,0,24
2025-09-25T03:16:35.747Z,60.3,21.1,1.924,50.4,0,60,0,0,0,0,0,0,0,0,24
2025-09-25T03:16:36.754Z,60.3,21.1,1.923,49.6,0,59.9,0,0,0,0,0,0,0,0,24
2025-09-25T03:16:37.755Z,60.3,21.1,1.923,50.4,0,60,0,0,0,0,0,0,0,0,24
2025-09-25T03:16:38.756Z,60.3,21.1,1.923,50.4,0,60,0,0,0,0,0,0,0,0,24
2025-09-25T03:16:39.754Z,60.3,21.1,1.923,49.6,0,59.9,0,0,0,0,0,0,0,0,24
2025-09-25T03:16:40.755Z,60.3,21.1,1.923,50.4,0,60,0,0,0,0,0,0,0,0,24
2025-09-25T03:16:41.759Z,60.3,21.1,1.923,49.6,0,60,0,0,0,0,0,0,0,0,24
2025-09-25T03:16:42.759Z,60.3,21.1,1.923,49.6,0,60,0,0,0,0,0,0,0,0,24
2025-09-25T03:16:43.758Z,60.3,21.1,1.923,50.4,0,60,0,0,0,0,0,0,0,0,24
2025-09-25T03:16:44.759Z,60.3,21.1,1.923,49.6,0,60,0,0,0,0,0,0,0,0,24
2025-09-25T03:16:45.757Z,60.3,21.1,1.923,49.6,0,60,0,0,0,0,0,0,0,0,24
2025-09-25T03:16:46.759Z,60.3,21.1,1.923,50.4,0,60,0,0,0,0,0,0,0,0,24
2025-09-25T03:16:47.762Z,60.3,21.1,1.923,50.4,0,60,0,0,0,0,0,0,0,0,24
2025-09-25T03:16:48.762Z,60.3,21.1,1.923,49.6,0,60,0,0,0,0,0,0,0,0,24
2025-09-25T03:16:49.763Z,60.3,21.1,1.924,50.4,0,60,0,0,0,0,0,0,0,0,24
2025-09-25T03:16:50.766Z,60.3,21.1,1.924,50.4,0,60,0,0,0,0,0,0,0,0,24
2025-09-25T03:16:51.764Z,60.3,21.1,1.923,49.6,0,60,0,0,0,0,0,0,0,0,24
2025-09-25T03:16:52.760Z,60.2,21.1,1.924,50.4,0,60,0,0,0,0,0,0,0,0,24
2025-09-25T03:16:53.771Z,60.3,21.1,1.923,49.6,0,60,0,0,0,0,0,0,0,0,24
2025-09-25T03:16:54.768Z,60.2,21.1,1.923,49.6,0,60,0,0,0,0,0,0,0,0,24
2025-09-25T03:16:55.768Z,60.2,21.1,1.924,50.4,0,60,0,0,0,0,0,0,0,0,24
2025-09-25T03:16:56.776Z,60.2,21.1,1.923,49.6,0,60,0,0,0,0,0,0,0,0,24
2025-09-25T03:16:57.767Z,60.2,21.1,1.924,50.4,0,60,0,0,0,0,0,0,0,0,24
2025-09-25T03:16:58.770Z,60.2,21.1,1.923,50.4,0,60,0,0,0,0,0,0,0,0,24
2025-09-25T03:16:59.776Z,60.2,21.1,1.924,49.6,0,60,0,0,0,0,0,0,0,0,24
2025-09-25T03:17:00.773Z,60.2,21.1,1.924,50.4,0,60,0,0,0,0,0,0,0,0,24
2025-09-25T03:17:01.769Z,60.2,21.1,1.924,49.6,0,60,0,0,0,0,0,0,0,0,24
2025-09-25T03:17:02.779Z,60.2,21.1,1.924,50.4,0,60,0,0,0,0,0,0,0,0,24
2025-09-25T03:17:03.778Z,60.2,21.1,1.924,49.6,0,60,0,0,0,0,0,0,0,0,24
2025-09-25T03:17:04.778Z,60.2,21.1,1.924,49.6,0,60,0,0,0,0,0,0,0,0,24
2025-09-25T03:17:05.780Z,60.2,21.1,1.924,50.4,0,60,0,0,0,0,0,0,0,0,24
2025-09-25T03:17:06.778Z,60.2,21.1,1.924,49.6,0,60,0,0,0,0,0,0,0,0,24
2025-09-25T03:17:07.783Z,60.2,21.1,1.924,49.6,0,60,0,0,0,0,0,0,0,0,24
2025-09-25T03:17:08.780Z,60.2,21.1,1.924,50.4,0,60,0,0,0,0,0,0,0,0,24
2025-09-25T03:17:09.778Z,60.2,21.1,1.924,49.6,0,60,0,0,0,0,0,0,0,0,24
2025-09-25T03:17:10.784Z,60.2,21.1,1.924,49.6,0,60,0,0,0,0,0,0,0,0,24
2025-09-25T03:17:11.783Z,60.2,21.1,1.924,50.4,0,60,0,0,0,0,0,0,0,0,24
2025-09-25T03:17:12.780Z,60.2,21.1,1.924,50.4,0,60,0,0,0,0,0,0,0,0,24
2025-09-25T03:17:13.785Z,60.2,21.1,1.924,49.6,0,60,0,0,0,0,0,0,0,0,24
2025-09-25T03:17:14.783Z,60.1,21.1,1.924,50.4,0,60,0,0,0,0,0,0,0,0,24
2025-09-25T03:17:15.793Z,60.1,21.1,1.925,49.6,0,60,0,0,0,0,0,0,0,0,24
2025-09-25T03:17:16.789Z,60.1,21.1,1.924,49.6,0,60,0,0,0,0,0,0,0,0,24
2025-09-25T03:17:17.787Z,60.1,21.1,1.924,50.4,0,60,0,0,0,0,0,0,0,0,24
2025-09-25T03:17:18.790Z,60.1,21.1,1.924,49.6,0,60,0,0,0,0,0,0,0,0,24
2025-09-25T03:17:19.788Z,60.1,21.1,1.925,49.6,0,60,0,0,0,0,0,0,0,0,24
2025-09-25T03:17:20.791Z,60.1,21.1,1.925,50.4,0,60,0,0,0,0,0,0,0,0,24
2025-09-25T03:17:21.793Z,60.1,21.1,1.925,49.6,0,60,0,0,0,0,0,0,0,0,24
2025-09-25T03:17:22.792Z,60.1,21.1,1.925,49.6,0,60,0,0,0,0,0,0,0,0,24
2025-09-25T03:17:23.795Z,60.1,21.1,1.925,50.4,0,60,0,0,0,0,0,0,0,0,24
2025-09-25T03:17:24.799Z,60.1,21.1,1.926,50.4,0,60,0,0,0,0,0,0,0,0,24
2025-09-25T03:17:25.797Z,60.1,21.1,1.925,49.6,0,60,0,0,0,0,0,0,0,0,24
2025-09-25T03:17:26.798Z,60.1,21.1,1.925,50.4,0,60,0,0,0,0,0,0,0,0,24
2025-09-25T03:17:27.797Z,60.1,21.1,1.925,49.6,0,60,0,0,0,0,0,0,0,0,24
2025-09-25T03:17:28.792Z,60.1,21.1,1.925,49.6,0,60,0,0,0,0,0,0,0,0,24
2025-09-25T03:17:29.796Z,60.1,21.1,1.925,50.4,0,60,0,0,0,0,0,0,0,0,24
2025-09-25T03:17:30.800Z,60.1,21.1,1.925,50.4,0,60,0,0,0,0,0,0,0,0,24
2025-09-25T03:17:31.801Z,60.1,21.1,1.925,49.6,0,60,0,0,0,0,0,0,0,0,24
2025-09-25T03:17:32.805Z,60.1,21.1,1.926,50.4,0,60,0,0,0,0,0,0,0,0,24
2025-09-25T03:17:33.803Z,60.1,21.1,1.925,50.4,0,60,0,0,0,0,0,0,0,0,24
2025-09-25T03:17:34.812Z,60.1,21.1,1.926,49.6,0,60,0,0,0,0,0,0,0,0,24
2025-09-25T03:17:35.808Z,60.1,21.1,1.926,50.4,0,60,0,0,0,0,0,0,0,0,24
2025-09-25T03:17:36.806Z,60,21.1,1.925,49.6,0,60,0,0,0,0,0,0,0,0,24
2025-09-25T03:17:37.810Z,60,21.1,1.926,50.4,0,60,0,0,0,0,0,0,0,0,24
2025-09-25T03:17:38.802Z,60,21.1,1.925,49.6,0,60,0,0,0,0,0,0,0,0,24
2025-09-25T03:17:39.808Z,60,21.1,1.925,50.4,0,60,0,0,0,0,0,0,0,0,24
2025-09-25T03:17:40.811Z,60,21.1,1.926,49.6,0,60,0,0,0,0,0,0,0,0,24
2025-09-25T03:17:41.811Z,60,21.1,1.926,50.4,0,60,0,0,0,0,0,0,0,0,24
2025-09-25T03:17:42.812Z,60,21.1,1.926,49.6,0,60,0,0,0,0,0,0,0,0,24
2025-09-25T03:17:43.805Z,60,21.1,1.925,49.6,0,60,0,0,0,0,0,0,0,0,24
2025-09-25T03:17:44.812Z,60,21.1,1.925,50.4,0,60,0,0,0,0,0,0,0,0,24
2025-09-25T03:17:45.809Z,60,21.1,1.925,49.6,0,60,0,0,0,0,0,0,0,0,24
2025-09-25T03:17:46.817Z,60,21.1,1.926,50.4,0,60,0,0,0,0,0,0,0,0,24
2025-09-25T03:17:47.814Z,60,21.1,1.925,49.6,0,60,0,0,0,0,0,0,0,0,24
2025-09-25T03:17:48.817Z,60,21.1,1.926,49.6,0,60,0,0,0,0,0,0,0,0,24
2025-09-25T03:17:49.811Z,60,21.1,1.925,50.4,0,60,0,0,0,0,0,0,0,0,24
2025-09-25T03:17:50.817Z,60,21.1,1.926,50.4,0,60,0,0,0,0,0,0,0,0,24
2025-09-25T03:17:51.816Z,60,21.1,1.925,49.6,0,60,0,0,0,0,0,0,0,0,24
2025-09-25T03:17:52.822Z,60,21.1,1.926,50.4,0,60,0,0,0,0,0,0,0,0,24
2025-09-25T03:17:53.819Z,60,21.1,1.925,49.6,0,60,0,0,0,0,0,0,0,0,24
2025-09-25T03:17:54.819Z,60,21.1,1.926,50.4,0,60,0,0,0,0,0,0,0,0,24
2025-09-25T03:17:55.824Z,60,21.1,1.926,49.6,0,60,0,0,0,0,0,0,0,0,24
2025-09-25T03:17:56.823Z,60,21.1,1.926,49.6,0,60,0,0,0,0,0,0,0,0,24
2025-09-25T03:17:57.824Z,60,21.1,1.926,50.4,0,60,0,0,0,0,0,0,0,0,24
2025-09-25T03:17:58.825Z,59.9,21.1,1.926,49.6,0,60,0,0,0,0,0,0,0,0,24
2025-09-25T03:17:59.830Z,59.9,21.1,1.926,49.6,0,60,0,0,0,0,0,0,0,0,24
2025-09-25T03:18:00.830Z,59.9,21.1,1.926,50.4,0,60,0,0,0,0,0,0,0,0,24
2025-09-25T03:18:01.828Z,59.9,21.1,1.926,50.4,0,60,0,0,0,0,0,0,0,0,24
2025-09-25T03:18:02.827Z,59.9,21.1,1.926,49.6,0,60,0,0,0,0,0,0,0,0,24
2025-09-25T03:18:03.835Z,59.9,21.1,1.926,50.4,0,60,0,0,0,0,0,0,0,0,24
2025-09-25T03:18:04.831Z,59.9,21.1,1.926,49.6,0,60,0,0,0,0,0,0,0,0,24
2025-09-25T03:18:05.833Z,59.9,21.1,1.926,50.4,0,60,0,0,0,0,0,0,0,0,24
2025-09-25T03:18:06.834Z,59.9,21.1,1.926,49.6,0,60,0,0,0,0,0,0,0,0,24
2025-09-25T03:18:07.836Z,59.9,21.1,1.926,50.4,0,60,0,0,0,0,0,0,0,0,24
2025-09-25T03:18:08.833Z,59.9,21.1,1.926,49.6,0,60,0,0,0,0,0,0,0,0,24
2025-09-25T03:18:09.837Z,59.9,21.1,1.926,49.6,0,60,0,0,0,0,0,0,0,0,24
2025-09-25T03:18:10.834Z,59.9,21.1,1.926,50.4,0,60,0,0,0,0,0,0,0,0,24
2025-09-25T03:18:11.839Z,59.9,21.1,1.926,49.6,0,60,0,0,0,0,0,0,0,0,24
2025-09-25T03:18:12.837Z,59.9,21.1,1.926,49.6,0,60,0,0,0,0,0,0,0,0,24
2025-09-25T03:18:13.840Z,59.9,21.1,1.926,50.4,0,60,0,0,0,0,0,0,0,0,24
2025-09-25T03:18:14.837Z,59.9,21.1,1.927,49.6,0,60,0,0,0,0,0,0,0,0,24
2025-09-25T03:18:15.838Z,59.9,21.1,1.926,50.4,0,60,0,0,0,0,0,0,0,0,24
2025-09-25T03:18:16.840Z,59.9,21.1,1.926,49.6,0,60,0,0,0,0,0,0,0,0,24
2025-09-25T03:18:17.845Z,59.9,21.1,1.926,49.6,0,60,0,0,0,0,0,0,0,0,24
2025-09-25T03:18:18.846Z,59.9,21.1,1.927,50.4,0,60,0,0,0,0,0,0,0,0,24
2025-09-25T03:18:19.847Z,59.9,21.1,1.927,50.4,0,60,0,0,0,0,0,0,0,0,24
2025-09-25T03:18:20.843Z,59.9,21.1,1.927,49.6,0,60,0,0,0,0,0,0,0,0,24
2025-09-25T03:18:21.846Z,59.8,21.1,1.927,50.4,0,60,0,0,0,0,0,0,0,0,24
