timestamp,TECell_PV,PSCurrent_PV,PSVoltage_PV,FT201_PV,HTR201_PV,TE201_PV,CT201_PV,CT210_PV,Cell1_Voltage,Cell2_Voltage,Cell3_Voltage,PT201_PV,PT302_PV,HCD220_PV,step
2025-09-24T17:18:15.603Z,60.4,0,0,49.6,0,49.9,0,0,0,0,0,0,0,0,20
2025-09-24T17:18:16.598Z,60.3,0,0,50.4,0,49.9,0,0,0,0,0,0,0,0,20
2025-09-24T17:18:17.606Z,60.3,0,0,49.6,0,49.9,0,0,0,0,0,0,0,0,20
2025-09-24T17:18:18.603Z,60.3,0,0,50.4,0,49.9,0,0,0,0,0,0,0,0,20
2025-09-24T17:18:19.607Z,60.3,0,0,49.6,0,49.9,0,0,0,0,0,0,0,0,20
2025-09-24T17:18:20.604Z,60.3,0,0,49.6,0,49.9,0,0,0,0,0,0,0,0,20
2025-09-24T17:18:21.608Z,60.3,0,0,50.4,0,49.9,0,0,0,0,0,0,0,0,20
2025-09-24T17:18:22.606Z,60.3,0,0,49.6,0,49.8,0,0,0,0,0,0,0,0,20
2025-09-24T17:18:23.610Z,60.2,0,0,49.6,0,49.8,0,0,0,0,0,0,0,0,20
2025-09-24T17:18:24.610Z,60.2,0,0.001,50.4,0,49.8,0,0,0,0,0,0,0,0,20
2025-09-24T17:18:25.606Z,60.2,0,0.001,49.6,0,49.8,0,0,0,0,0,0,0,0,20
2025-09-24T17:18:26.609Z,60.2,0,0.001,50.4,0,49.8,0,0,0,0,0,0,0,0,20
2025-09-24T17:18:27.610Z,60.2,0,0.001,50.4,0,49.8,0,0,0,0,0,0,0,0,20
2025-09-24T17:18:28.613Z,60.2,0,0.001,49.6,0,49.8,0,0,0,0,0,0,0,0,20
2025-09-24T17:18:29.610Z,60.2,0,0.001,50.4,0,49.8,0,0,0,0,0,0,0,0,20
2025-09-24T17:18:30.611Z,60.2,0,0.001,49.6,0,49.8,0,0,0,0,0,0,0,0,20
2025-09-24T17:18:31.615Z,60.1,0,0.001,50.4,0,49.8,0,0,0,0,0,0,0,0,20
2025-09-24T17:18:32.617Z,60.1,0,0.001,50.4,0,49.8,0,0,0,0,0,0,0,0,20
2025-09-24T17:18:33.618Z,60.1,0,0.001,49.6,0,49.8,0,0,0,0,0,0,0,0,20
2025-09-24T17:18:34.617Z,60.1,0,0.001,50.4,0,49.8,0,0,0,0,0,0,0,0,20
2025-09-24T17:18:35.618Z,60.1,0,0.001,49.6,0,49.8,0,0,0,0,0,0,0,0,20
2025-09-24T17:18:36.616Z,60.1,0,0,50.4,0,49.8,0,0,0,0,0,0,0,0,20
2025-09-24T17:18:37.620Z,60.1,0,0.001,49.6,0,49.8,0,0,0,0,0,0,0,0,20
2025-09-24T17:18:38.620Z,60.1,0,0,50.4,0,49.8,0,0,0,0,0,0,0,0,20
2025-09-24T17:18:39.621Z,60.1,0,0,49.6,0,49.8,0,0,0,0,0,0,0,0,20
2025-09-24T17:18:40.621Z,60,0,0,50.4,0,49.8,0,0,0,0,0,0,0,0,20
2025-09-24T17:18:41.620Z,60,0,0,49.6,0,49.8,0,0,0,0,0,0,0,0,20
2025-09-24T17:18:42.622Z,60,0,0,50.4,0,49.8,0,0,0,0,0,0,0,0,20
2025-09-24T17:18:43.621Z,60,0,0,49.6,0,49.7,0,0,0,0,0,0,0,0,20
2025-09-24T17:18:44.626Z,60,0,0,50.4,0,49.7,0,0,0,0,0,0,0,0,20
2025-09-24T17:18:45.629Z,60,0,0,49.6,0,49.7,0,0,0,0,0,0,0,0,20
2025-09-24T17:18:46.629Z,60,0,0,50.4,0,49.7,0,0,0,0,0,0,0,0,20
2025-09-24T17:18:47.629Z,60,0,0,49.6,0,49.7,0,0,0,0,0,0,0,0,20
2025-09-24T17:18:48.629Z,60,0,0,50.4,0,49.7,0,0,0,0,0,0,0,0,20
2025-09-24T17:18:49.628Z,60,0,0,49.6,0,49.7,0,0,0,0,0,0,0,0,20
2025-09-24T17:18:50.633Z,60,0,0,50.4,0,49.7,0,0,0,0,0,0,0,0,20
2025-09-24T17:18:51.633Z,60,0,0,49.6,0,49.6,0,0,0,0,0,0,0,0,20
2025-09-24T17:18:52.631Z,59.9,0,0,50.4,0,49.6,0,0,0,0,0,0,0,0,20
2025-09-24T17:18:53.635Z,59.9,0,0,49.6,0,49.6,0,0,0,0,0,0,0,0,20
2025-09-24T17:18:54.635Z,59.9,0,0,50.4,0,49.6,0,0,0,0,0,0,0,0,20
2025-09-24T17:18:55.634Z,59.9,0,0,49.6,0,49.6,0,0,0,0,0,0,0,0,20
2025-09-24T17:18:56.635Z,59.9,0,0,49.6,0,49.6,0,0,0,0,0,0,0,0,20
2025-09-24T17:18:57.633Z,59.9,0,0.001,50.4,0,49.6,0,0,0,0,0,0,0,0,20
2025-09-24T17:18:58.640Z,59.9,0,0,49.6,0,49.6,0,0,0,0,0,0,0,0,20
2025-09-24T17:18:59.639Z,59.9,0,0,50.4,0,49.6,0,0,0,0,0,0,0,0,20
2025-09-24T17:19:00.638Z,59.9,0,0.001,49.6,0,49.5,0,0,0,0,0,0,0,0,20
2025-09-24T17:19:01.639Z,59.9,0,0.001,50.4,0,49.5,0,0,0,0,0,0,0,0,20
2025-09-24T17:19:02.642Z,59.9,0,0,49.6,0,49.5,0,0,0,0,0,0,0,0,20
2025-09-24T17:19:03.642Z,59.9,0,0.001,50.4,0,49.5,0,0,0,0,0,0,0,0,20
2025-09-24T17:19:04.645Z,59.9,0,0.001,49.6,0,49.5,0,0,0,0,0,0,0,0,20
2025-09-24T17:19:05.642Z,59.9,0,0.001,50.4,0,49.5,0,0,0,0,0,0,0,0,20
2025-09-24T17:19:06.643Z,59.9,0,0.001,49.6,0,49.5,0,0,0,0,0,0,0,0,20
2025-09-24T17:19:07.641Z,59.9,0,0.001,49.6,0,49.5,0,0,0,0,0,0,0,0,20
2025-09-24T17:19:08.644Z,59.9,0,0.001,50.4,0,49.5,0,0,0,0,0,0,0,0,20
2025-09-24T17:19:09.644Z,59.9,0,0.001,49.6,0,49.5,0,0,0,0,0,0,0,0,20
2025-09-24T17:19:10.644Z,59.9,0,0.001,50.4,0,49.5,0,0,0,0,0,0,0,0,20
2025-09-24T17:19:11.649Z,59.9,0,0.001,49.6,0,49.5,0,0,0,0,0,0,0,0,20
2025-09-24T17:19:12.641Z,59.9,0,0,50.4,0,49.5,0,0,0,0,0,0,0,0,20
2025-09-24T17:19:13.649Z,59.9,0,0.001,49.6,0,49.4,0,0,0,0,0,0,0,0,20
2025-09-24T17:19:14.648Z,59.9,0,0.001,50.4,0,49.4,0,0,0,0,0,0,0,0,20
2025-09-24T17:19:15.649Z,59.9,0,0.001,49.6,0,49.4,0,0,0,0,0,0,0,0,20
2025-09-24T17:19:16.654Z,59.9,0,0.001,50.4,0,49.4,0,0,0,0,0,0,0,0,20
2025-09-24T17:19:17.650Z,59.9,0,0.001,49.6,0,49.4,0,0,0,0,0,0,0,0,20
2025-09-24T17:19:18.651Z,59.9,0,0,50.4,0,49.4,0,0,0,0,0,0,0,0,20
2025-09-24T17:19:19.652Z,59.9,0,0,49.6,0,49.4,0,0,0,0,0,0,0,0,20
2025-09-24T17:19:20.655Z,59.9,0,0,50.4,0,49.4,0,0,0,0,0,0,0,0,20
2025-09-24T17:19:21.653Z,59.8,0,0,49.6,0,49.4,0,0,0,0,0,0,0,0,20
2025-09-24T17:19:22.656Z,59.8,0,0,49.6,0,49.4,0,0,0,0,0,0,0,0,20
2025-09-24T17:19:23.657Z,59.8,0,0,50.4,0,49.4,0,0,0,0,0,0,0,0,20
2025-09-24T17:19:24.657Z,59.9,0,0,49.6,0,49.4,0,0,0,0,0,0,0,0,20
2025-09-24T17:19:25.658Z,59.8,0,0,50.4,0,49.4,0,0,0,0,0,0,0,0,20
2025-09-24T17:19:26.661Z,59.8,0,0,49.6,0,49.4,0,0,0,0,0,0,0,0,20
2025-09-24T17:19:27.658Z,59.8,0,0,50.4,0,49.4,0,0,0,0,0,0,0,0,20
2025-09-24T17:19:28.659Z,59.8,0,0,49.6,0,49.4,0,0,0,0,0,0,0,0,20
2025-09-24T17:19:29.662Z,59.8,0,0,50.4,0,49.4,0,0,0,0,0,0,0,0,20
2025-09-24T17:19:30.661Z,59.9,0,0,49.6,0,49.4,0,0,0,0,0,0,0,0,20
2025-09-24T17:19:31.662Z,59.8,0,0,50.4,0,49.4,0,0,0,0,0,0,0,0,20
2025-09-24T17:19:32.664Z,59.8,0,0,49.6,0,49.4,0,0,0,0,0,0,0,0,20
2025-09-24T17:19:33.661Z,59.9,0,0.001,50.4,0,49.4,0,0,0,0,0,0,0,0,20
2025-09-24T17:19:34.662Z,59.9,0,0.001,49.6,0,49.4,0,0,0,0,0,0,0,0,20
2025-09-24T17:19:35.665Z,59.9,0,0.001,50.4,0,49.4,0,0,0,0,0,0,0,0,20
2025-09-24T17:19:36.663Z,59.9,0,0.001,49.6,0,49.4,0,0,0,0,0,0,0,0,20
2025-09-24T17:19:37.666Z,59.9,0,0.001,50.4,0,49.4,0,0,0,0,0,0,0,0,20
2025-09-24T17:19:38.667Z,59.9,0,0.001,49.6,0,49.4,0,0,0,0,0,0,0,0,20
2025-09-24T17:19:39.665Z,59.9,0,0.001,49.6,0,49.4,0,0,0,0,0,0,0,0,20
2025-09-24T17:19:40.667Z,59.9,0,0.001,50.4,0,49.4,0,0,0,0,0,0,0,0,20
2025-09-24T17:19:41.670Z,59.9,0,0.001,49.6,0,49.4,0,0,0,0,0,0,0,0,20
2025-09-24T17:19:42.667Z,59.9,0,0.001,50.4,0,49.4,0,0,0,0,0,0,0,0,20
2025-09-24T17:19:43.670Z,59.9,0,0.001,49.6,0,49.4,0,0,0,0,0,0,0,0,20
2025-09-24T17:19:44.669Z,59.9,0,0.001,50.4,0,49.4,0,0,0,0,0,0,0,0,20
2025-09-24T17:19:45.671Z,59.9,0,0.001,49.6,0,49.4,0,0,0,0,0,0,0,0,20
2025-09-24T17:19:46.671Z,59.9,0,0.001,50.4,0,49.4,0,0,0,0,0,0,0,0,20
2025-09-24T17:19:47.672Z,59.9,0,0.001,49.6,0,49.4,0,0,0,0,0,0,0,0,20
2025-09-24T17:19:48.677Z,59.9,0,0.001,50.4,0,49.4,0,0,0,0,0,0,0,0,20
2025-09-24T17:19:49.675Z,59.9,0,0,49.6,0,49.4,0,0,0,0,0,0,0,0,20
2025-09-24T17:19:50.674Z,59.9,0,0,50.4,0,49.4,0,0,0,0,0,0,0,0,20
2025-09-24T17:19:51.677Z,59.9,0,0,49.6,0,49.4,0,0,0,0,0,0,0,0,20
2025-09-24T17:19:52.677Z,59.9,0,0,50.4,0,49.4,0,0,0,0,0,0,0,0,20
2025-09-24T17:19:53.681Z,59.9,0,0,49.6,0,49.4,0,0,0,0,0,0,0,0,20
2025-09-24T17:19:54.679Z,59.9,0,0,50.4,0,49.4,0,0,0,0,0,0,0,0,20
2025-09-24T17:19:55.683Z,59.9,0,0,49.6,0,49.4,0,0,0,0,0,0,0,0,20
2025-09-24T17:19:56.683Z,59.9,0,0,49.6,0,49.4,0,0,0,0,0,0,0,0,20
2025-09-24T17:19:57.683Z,59.9,0,0,50.4,0,49.4,0,0,0,0,0,0,0,0,20
2025-09-24T17:19:58.685Z,59.9,0,0,49.6,0,49.4,0,0,0,0,0,0,0,0,20
2025-09-24T17:19:59.682Z,60,0,0,50.4,0,49.4,0,0,0,0,0,0,0,0,20
2025-09-24T17:20:00.688Z,60,0,0,49.6,0,49.4,0,0,0,0,0,0,0,0,20
2025-09-24T17:20:01.687Z,60,0,0,50.4,0,49.4,0,0,0,0,0,0,0,0,20
2025-09-24T17:20:02.685Z,60,0,0,49.6,0,49.4,0,0,0,0,0,0,0,0,20
2025-09-24T17:20:03.688Z,60,0,0,50.4,0,49.4,0,0,0,0,0,0,0,0,20
2025-09-24T17:20:04.687Z,60,0,0.001,49.6,0,49.4,0,0,0,0,0,0,0,0,20
2025-09-24T17:20:05.693Z,60,0,0,50.4,0,49.4,0,0,0,0,0,0,0,0,20
2025-09-24T17:20:06.690Z,60,0,0.001,49.6,0,49.4,0,0,0,0,0,0,0,0,20
2025-09-24T17:20:07.690Z,60,0,0.001,50.4,0,49.4,0,0,0,0,0,0,0,0,20
2025-09-24T17:20:08.689Z,60,0,0.001,49.6,0,49.4,0,0,0,0,0,0,0,0,20
2025-09-24T17:20:09.689Z,60,0,0.001,50.4,0,49.5,0,0,0,0,0,0,0,0,20
2025-09-24T17:20:10.692Z,60,0,0.001,49.6,0,49.4,0,0,0,0,0,0,0,0,20
2025-09-24T17:20:11.693Z,60,0,0.001,50.4,0,49.5,0,0,0,0,0,0,0,0,20
2025-09-24T17:20:12.692Z,60,0,0.001,49.6,0,49.5,0,0,0,0,0,0,0,0,20
2025-09-24T17:20:13.696Z,60,0,0.001,50.4,0,49.5,0,0,0,0,0,0,0,0,20
2025-09-24T17:20:14.693Z,60,0,0.001,50.4,0,49.5,0,0,0,0,0,0,0,0,20
2025-09-24T17:20:15.697Z,60.1,0,0.001,49.6,0,49.5,0,0,0,0,0,0,0,0,20
2025-09-24T17:20:16.697Z,60.1,0,0.001,50.4,0,49.5,0,0,0,0,0,0,0,0,20
2025-09-24T17:20:17.698Z,60.1,0,0.001,49.6,0,49.5,0,0,0,0,0,0,0,0,20
2025-09-24T17:20:18.698Z,60.1,0,0.001,49.6,0,49.5,0,0,0,0,0,0,0,0,20
2025-09-24T17:20:19.701Z,60.1,0,0.001,49.6,0,49.5,0,0,0,0,0,0,0,0,20
2025-09-24T17:20:20.702Z,60.1,0,0.001,50.4,0,49.5,0,0,0,0,0,0,0,0,20
2025-09-24T17:20:21.704Z,60.1,0,0.001,49.6,0,49.5,0,0,0,0,0,0,0,0,20
2025-09-24T17:20:22.703Z,60.1,0,0.001,50.4,0,49.5,0,0,0,0,0,0,0,0,20
2025-09-24T17:20:23.706Z,60.1,0,0.001,49.6,0,49.5,0,0,0,0,0,0,0,0,20
2025-09-24T17:20:24.706Z,60.1,0,0.001,50.4,0,49.5,0,0,0,0,0,0,0,0,20
2025-09-24T17:20:25.704Z,60.1,0,0,49.6,0,49.6,0,0,0,0,0,0,0,0,20
2025-09-24T17:20:26.706Z,60.1,0,0,50.4,0,49.6,0,0,0,0,0,0,0,0,20
2025-09-24T17:20:27.708Z,60.1,0,0,49.6,0,49.6,0,0,0,0,0,0,0,0,20
2025-09-24T17:20:28.704Z,60.2,0,0,50.4,0,49.6,0,0,0,0,0,0,0,0,20
2025-09-24T17:20:29.709Z,60.2,0,0,49.6,0,49.6,0,0,0,0,0,0,0,0,20
2025-09-24T17:20:30.707Z,60.2,0,0,49.6,0,49.6,0,0,0,0,0,0,0,0,20
2025-09-24T17:20:31.708Z,60.2,0,0,50.4,0,49.6,0,0,0,0,0,0,0,0,20
2025-09-24T17:20:32.710Z,60.2,0,0,49.6,0,49.6,0,0,0,0,0,0,0,0,20
2025-09-24T17:20:33.708Z,60.2,0,0.001,50.4,0,49.6,0,0,0,0,0,0,0,0,20
2025-09-24T17:20:34.715Z,60.2,0,0,49.6,0,49.6,0,0,0,0,0,0,0,0,20
2025-09-24T17:20:35.711Z,60.2,0,0.001,50.4,0,49.6,0,0,0,0,0,0,0,0,20
2025-09-24T17:20:36.718Z,60.2,0,0,49.6,0,49.6,0,0,0,0,0,0,0,0,20
2025-09-24T17:20:37.719Z,60.2,0,0,50.4,0,49.6,0,0,0,0,0,0,0,0,20
2025-09-24T17:20:38.715Z,60.2,0,0.001,49.6,0,49.7,0,0,0,0,0,0,0,0,20
2025-09-24T17:20:39.719Z,60.2,0,0,50.4,0,49.7,0,0,0,0,0,0,0,0,20
2025-09-24T17:20:40.720Z,60.2,0,0,49.6,0,49.7,0,0,0,0,0,0,0,0,20
2025-09-24T17:20:41.717Z,60.2,0,0.001,50.4,0,49.7,0,0,0,0,0,0,0,0,20
2025-09-24T17:20:42.721Z,60.2,0,0,49.6,0,49.7,0,0,0,0,0,0,0,0,20
2025-09-24T17:20:43.719Z,60.3,0,0.001,50.4,0,49.7,0,0,0,0,0,0,0,0,20
2025-09-24T17:20:44.723Z,60.3,0,0.001,49.6,0,49.7,0,0,0,0,0,0,0,0,20
2025-09-24T17:20:45.720Z,60.3,0,0.001,50.4,0,49.7,0,0,0,0,0,0,0,0,20
2025-09-24T17:20:46.720Z,60.3,0,0.001,49.6,0,49.7,0,0,0,0,0,0,0,0,20
2025-09-24T17:20:47.725Z,60.3,0,0.001,50.4,0,49.7,0,0,0,0,0,0,0,0,20
2025-09-24T17:20:48.722Z,60.3,0,0.001,49.6,0,49.7,0,0,0,0,0,0,0,0,20
2025-09-24T17:20:49.727Z,60.3,0,0.001,50.4,0,49.7,0,0,0,0,0,0,0,0,20
2025-09-24T17:20:50.726Z,60.3,0,0.001,49.6,0,49.7,0,0,0,0,0,0,0,0,20
2025-09-24T17:20:51.726Z,60.3,0,0.001,49.6,0,49.7,0,0,0,0,0,0,0,0,20
2025-09-24T17:20:52.726Z,60.3,0,0.001,50.4,0,49.7,0,0,0,0,0,0,0,0,20
2025-09-24T17:20:53.730Z,60.4,0,0.001,49.6,0,49.7,0,0,0,0,0,0,0,0,20
2025-09-24T17:20:54.730Z,60.4,0,0.001,50.4,0,49.8,0,0,0,0,0,0,0,0,20
2025-09-24T17:20:55.727Z,60.4,0,0,49.6,0,49.8,0,0,0,0,0,0,0,0,20
2025-09-24T17:20:56.732Z,60.4,0,0,50.4,0,49.8,0,0,0,0,0,0,0,0,20
2025-09-24T17:20:57.731Z,60.4,0,0,49.6,0,49.8,0,0,0,0,0,0,0,0,20
2025-09-24T17:20:58.731Z,60.4,0,0,50.4,0,49.8,0,0,0,0,0,0,0,0,20
2025-09-24T17:20:59.736Z,60.4,0,0,49.6,0,49.8,0,0,0,0,0,0,0,0,20
2025-09-24T17:21:00.734Z,60.4,0,0,50.4,0,49.8,0,0,0,0,0,0,0,0,20
2025-09-24T17:21:01.736Z,60.4,0,0,49.6,0,49.8,0,0,0,0,0,0,0,0,20
2025-09-24T17:21:02.738Z,60.4,0,0,50.4,0,49.8,0,0,0,0,0,0,0,0,20
2025-09-24T17:21:03.737Z,60.4,0,0,49.6,0,49.8,0,0,0,0,0,0,0,0,20
2025-09-24T17:21:04.742Z,60.5,0,0,50.4,0,49.9,0,0,0,0,0,0,0,0,20
2025-09-24T17:21:05.739Z,60.5,0,0,50.4,0,49.9,0,0,0,0,0,0,0,0,20
2025-09-24T17:21:06.740Z,60.5,0,0,49.6,0,49.9,0,0,0,0,0,0,0,0,20
2025-09-24T17:21:07.737Z,60.5,0,0,49.6,0,49.9,0,0,0,0,0,0,0,0,20
2025-09-24T17:21:08.738Z,60.5,0,0,49.6,0,49.9,0,0,0,0,0,0,0,0,20
2025-09-24T17:21:09.744Z,60.5,0,0,50.4,0,49.9,0,0,0,0,0,0,0,0,20
2025-09-24T17:21:10.742Z,60.5,0,0,49.6,0,49.9,0,0,0,0,0,0,0,0,20
2025-09-24T17:21:11.745Z,60.5,0,0,50.4,0,49.9,0,0,0,0,0,0,0,0,20
2025-09-24T17:21:12.747Z,60.5,0,0,49.6,0,49.9,0,0,0,0,0,0,0,0,20
2025-09-24T17:21:13.745Z,60.5,0,0,50.4,0,49.9,0,0,0,0,0,0,0,0,20
2025-09-24T17:21:14.749Z,60.6,0,0,49.6,0,49.9,0,0,0,0,0,0,0,0,20
2025-09-24T17:21:15.748Z,60.6,0,0,50.4,0,49.9,0,0,0,0,0,0,0,0,20
2025-09-24T17:21:16.747Z,60.6,0,0.001,49.6,0,49.9,0,0,0,0,0,0,0,0,20
2025-09-24T17:21:17.749Z,60.6,0,0.001,50.4,0,49.9,0,0,0,0,0,0,0,0,20
2025-09-24T17:21:18.751Z,60.6,0,0.001,49.6,0,50,0,0,0,0,0,0,0,0,20
2025-09-24T17:21:19.754Z,60.6,0,0,50.4,0,50,0,0,0,0,0,0,0,0,20
2025-09-24T17:21:20.752Z,60.6,0,0.001,49.6,0,50,0,0,0,0,0,0,0,0,20
2025-09-24T17:21:21.754Z,60.6,0,0.001,50.4,0,50,0,0,0,0,0,0,0,0,20
2025-09-24T17:21:22.757Z,60.6,0,0.001,49.6,0,50,0,0,0,0,0,0,0,0,20
2025-09-24T17:21:23.754Z,60.6,0,0.001,49.6,0,50,0,0,0,0,0,0,0,0,20
2025-09-24T17:21:24.755Z,60.6,0,0.001,49.6,0,50,0,0,0,0,0,0,0,0,20
2025-09-24T17:21:25.756Z,60.6,0,0.001,49.6,0,50,0,0,0,0,0,0,0,0,20
2025-09-24T17:21:26.756Z,60.7,0,0.001,50.4,0,50,0,0,0,0,0,0,0,0,20
2025-09-24T17:21:27.765Z,60.7,0,0.001,49.6,0,50,0,0,0,0,0,0,0,0,20
2025-09-24T17:21:28.756Z,60.7,0,0.001,50.4,0,50,0,0,0,0,0,0,0,0,20
2025-09-24T17:21:29.757Z,60.7,0,0.001,49.6,0,50,0,0,0,0,0,0,0,0,20
2025-09-24T17:21:30.760Z,60.7,0,0.001,50.4,0,50.1,0,0,0,0,0,0,0,0,20
2025-09-24T17:21:31.758Z,60.7,0,0,49.6,0,50.1,0,0,0,0,0,0,0,0,20
2025-09-24T17:21:32.762Z,60.7,0,0.001,50.4,0,50.1,0,0,0,0,0,0,0,0,20
2025-09-24T17:21:33.760Z,60.7,0,0,49.6,0,50.1,0,0,0,0,0,0,0,0,20
2025-09-24T17:21:34.765Z,60.7,0,0.001,50.4,0,50.1,0,0,0,0,0,0,0,0,20
2025-09-24T17:21:35.765Z,60.7,0,0,49.6,0,50.1,0,0,0,0,0,0,0,0,20
2025-09-24T17:21:36.766Z,60.8,0,0,50.4,0,50.1,0,0,0,0,0,0,0,0,20
2025-09-24T17:21:37.765Z,60.8,0,0,49.6,0,50.1,0,0,0,0,0,0,0,0,20
2025-09-24T17:21:38.768Z,60.8,0,0,50.4,0,50.1,0,0,0,0,0,0,0,0,20
2025-09-24T17:21:39.764Z,60.8,0,0,49.6,0,50.1,0,0,0,0,0,0,0,0,20
2025-09-24T17:21:40.768Z,60.8,0,0,50.4,0,50.1,0,0,0,0,0,0,0,0,20
2025-09-24T17:21:41.767Z,60.8,0,0,49.6,0,50.1,0,0,0,0,0,0,0,0,20
2025-09-24T17:21:42.773Z,60.8,0,0,50.4,0,50.2,0,0,0,0,0,0,0,0,20
2025-09-24T17:21:43.771Z,60.8,0,0,49.6,0,50.2,0,0,0,0,0,0,0,0,20
2025-09-24T17:21:44.774Z,60.8,0,0,50.4,0,50.2,0,0,0,0,0,0,0,0,20
2025-09-24T17:21:45.775Z,60.8,0,0,50.4,0,50.2,0,0,0,0,0,0,0,0,20
2025-09-24T17:21:46.773Z,60.8,0,0,49.6,0,50.2,0,0,0,0,0,0,0,0,20
2025-09-24T17:21:47.776Z,60.9,0,0,49.6,0,50.2,0,0,0,0,0,0,0,0,20
2025-09-24T17:21:48.779Z,60.9,0,0,49.6,0,50.2,0,0,0,0,0,0,0,0,20
2025-09-24T17:21:49.774Z,60.9,0,0.001,50.4,0,50.2,0,0,0,0,0,0,0,0,20
2025-09-24T17:21:50.778Z,60.9,0,0,49.6,0,50.2,0,0,0,0,0,0,0,0,20
2025-09-24T17:21:51.779Z,60.9,0,0.001,50.4,0,50.2,0,0,0,0,0,0,0,0,20
2025-09-24T17:21:52.779Z,60.9,0,0.001,49.6,0,50.2,0,0,0,0,0,0,0,0,20
2025-09-24T17:21:53.779Z,60.9,0,0.001,50.4,0,50.3,0,0,0,0,0,0,0,0,20
2025-09-24T17:21:54.783Z,60.9,0,0.001,49.6,0,50.3,0,0,0,0,0,0,0,0,20
2025-09-24T17:21:55.780Z,60.9,0,0.001,59.1,0,50.3,0,0,0,0,0,0,0,0,20
2025-09-24T17:21:56.781Z,60.9,0,0.001,48.1,0,50.3,0,0,0,0,0,0,0,0,20
2025-09-24T17:21:57.781Z,60.9,0,0.001,49.6,0,50.3,0,0,0,0,0,0,0,0,20
2025-09-24T17:21:58.788Z,61,0,0.001,49.6,0,50.3,0,0,0,0,0,0,0,0,20
2025-09-24T17:21:59.788Z,61,0,0.001,50.4,0,50.3,0,0,0,0,0,0,0,0,20
2025-09-24T17:22:00.788Z,61,0,0.001,49.6,0,50.3,0,0,0,0,0,0,0,0,20
2025-09-24T17:22:01.790Z,61,0,0.001,49.6,0,50.3,0,0,0,0,0,0,0,0,20
2025-09-24T17:22:02.788Z,61,0,0.001,49.6,0,50.3,0,0,0,0,0,0,0,0,20
2025-09-24T17:22:03.790Z,61,0,0.001,50.4,0,50.3,0,0,0,0,0,0,0,0,20
2025-09-24T17:22:04.790Z,61,0,0.001,49.6,0,50.3,0,0,0,0,0,0,0,0,20
2025-09-24T17:22:05.792Z,61,0,0.001,49.6,0,50.3,0,0,0,0,0,0,0,0,20
2025-09-24T17:22:06.791Z,61,0,0,49.6,0,50.4,0,0,0,0,0,0,0,0,20
2025-09-24T17:22:07.792Z,61,0,0,49.6,0,50.4,0,0,0,0,0,0,0,0,20
2025-09-24T17:22:08.793Z,61,0,0,50.4,0,50.4,0,0,0,0,0,0,0,0,20
2025-09-24T17:22:09.790Z,61.1,0,0,49.6,0,50.4,0,0,0,0,0,0,0,0,20
2025-09-24T17:22:10.794Z,61.1,0,0,49.6,0,50.4,0,0,0,0,0,0,0,0,20
2025-09-24T17:22:11.789Z,61.1,0,0,50.4,0,50.4,0,0,0,0,0,0,0,0,20
2025-09-24T17:22:12.798Z,61.1,0,0,49.6,0,50.4,0,0,0,0,0,0,0,0,20
2025-09-24T17:22:13.796Z,61.1,0,0,49.6,0,50.4,0,0,0,0,0,0,0,0,20
2025-09-24T17:22:14.794Z,61.1,0,0,50.4,0,50.4,0,0,0,0,0,0,0,0,20
2025-09-24T17:22:15.797Z,61.1,0,0,49.6,0,50.4,0,0,0,0,0,0,0,0,20
2025-09-24T17:22:16.798Z,61.1,0,0,49.6,0,50.4,0,0,0,0,0,0,0,0,20
2025-09-24T17:22:17.801Z,61.1,0,0,50.4,0,50.4,0,0,0,0,0,0,0,0,20
2025-09-24T17:22:18.801Z,61.1,0,0,49.6,0,50.5,0,0,0,0,0,0,0,0,20
2025-09-24T17:22:19.802Z,61.1,0,0,49.6,0,50.5,0,0,0,0,0,0,0,0,20
2025-09-24T17:22:20.804Z,61.1,0,0,50.4,0,50.5,0,0,0,0,0,0,0,0,20
2025-09-24T17:22:21.799Z,61.1,0,0.001,49.6,0,50.5,0,0,0,0,0,0,0,0,20
2025-09-24T17:22:22.807Z,61.1,0,0,49.6,0,50.5,0,0,0,0,0,0,0,0,20
2025-09-24T17:22:23.805Z,61.1,0,0,50.4,0,50.5,0,0,0,0,0,0,0,0,20
2025-09-24T17:22:24.807Z,61.2,0,0,49.6,0,50.5,0,0,0,0,0,0,0,0,20
2025-09-24T17:22:25.807Z,61.2,0,0,49.6,0,50.5,0,0,0,0,0,0,0,0,20
2025-09-24T17:22:26.809Z,61.2,0,0,50.4,0,50.5,0,0,0,0,0,0,0,0,20
2025-09-24T17:22:27.809Z,61.2,0,0.001,49.6,0,50.5,0,0,0,0,0,0,0,0,20
2025-09-24T17:22:28.811Z,61.2,0,0,49.6,0,50.5,0,0,0,0,0,0,0,0,20
2025-09-24T17:22:29.813Z,61.2,0,0,49.6,0,50.6,0,0,0,0,0,0,0,0,20
2025-09-24T17:22:30.814Z,61.2,0,0,49.6,0,50.6,0,0,0,0,0,0,0,0,20
2025-09-24T17:22:31.815Z,61.2,0,0,50.4,0,50.6,0,0,0,0,0,0,0,0,20
2025-09-24T17:22:32.815Z,61.2,0,0.001,49.6,0,50.6,0,0,0,0,0,0,0,0,20
2025-09-24T17:22:33.812Z,61.2,0,0.001,49.6,0,50.6,0,0,0,0,0,0,0,0,20
2025-09-24T17:22:34.815Z,61.2,0,0.001,49.6,0,50.6,0,0,0,0,0,0,0,0,20
2025-09-24T17:22:35.821Z,61.2,0,0,50.4,0,50.6,0,0,0,0,0,0,0,0,20
2025-09-24T17:22:36.818Z,61.2,0,0.001,49.6,0,50.6,0,0,0,0,0,0,0,0,20
2025-09-24T17:22:37.815Z,61.3,0,0.001,50.4,0,50.6,0,0,0,0,0,0,0,0,20
2025-09-24T17:22:38.816Z,61.2,0,0.001,49.6,0,50.6,0,0,0,0,0,0,0,0,20
2025-09-24T17:22:39.818Z,61.3,0,0.001,49.6,0,50.6,0,0,0,0,0,0,0,0,20
2025-09-24T17:22:40.820Z,61.3,0,0.001,50.4,0,50.6,0,0,0,0,0,0,0,0,20
2025-09-24T17:22:41.822Z,61.3,0,0.001,49.6,0,50.6,0,0,0,0,0,0,0,0,20
2025-09-24T17:22:42.822Z,61.3,0,0.001,49.6,0,50.7,0,0,0,0,0,0,0,0,20
2025-09-24T17:22:43.824Z,61.3,0,0.001,50.4,0,50.7,0,0,0,0,0,0,0,0,20
2025-09-24T17:22:44.824Z,61.3,0,0.001,49.6,0,50.7,0,0,0,0,0,0,0,0,20
2025-09-24T17:22:45.823Z,61.3,0,0.001,50.4,0,50.7,0,0,0,0,0,0,0,0,20
2025-09-24T17:22:46.826Z,61.3,0,0.001,49.6,0,50.7,0,0,0,0,0,0,0,0,20
2025-09-24T17:22:47.826Z,61.3,0,0.001,50.4,0,50.7,0,0,0,0,0,0,0,0,20
2025-09-24T17:22:48.831Z,61.3,0,0.001,49.6,0,50.7,0,0,0,0,0,0,0,0,20
2025-09-24T17:22:49.828Z,61.3,0,0,49.6,0,50.7,0,0,0,0,0,0,0,0,20
2025-09-24T17:22:50.826Z,61.3,0,0,49.6,0,50.7,0,0,0,0,0,0,0,0,20
2025-09-24T17:22:51.832Z,61.3,0,0,50.4,0,50.7,0,0,0,0,0,0,0,0,20
2025-09-24T17:22:52.832Z,61.3,0,0,49.6,0,50.7,0,0,0,0,0,0,0,0,20
2025-09-24T17:22:53.831Z,61.3,0,0,50.4,0,50.7,0,0,0,0,0,0,0,0,20
2025-09-24T17:22:54.830Z,61.3,0,0,49.6,0,50.7,0,0,0,0,0,0,0,0,20
2025-09-24T17:22:55.831Z,61.3,0,0,50.4,0,50.7,0,0,0,0,0,0,0,0,20
2025-09-24T17:22:56.834Z,61.3,0,0,49.6,0,50.7,0,0,0,0,0,0,0,0,20
2025-09-24T17:22:57.835Z,61.3,0,0,50.4,0,50.7,0,0,0,0,0,0,0,0,20
2025-09-24T17:22:58.837Z,61.3,0,0,49.6,0,50.7,0,0,0,0,0,0,0,0,20
2025-09-24T17:22:59.835Z,61.4,0,0,49.6,0,50.8,0,0,0,0,0,0,0,0,20
2025-09-24T17:23:00.836Z,61.4,0,0,50.4,0,50.8,0,0,0,0,0,0,0,0,20
2025-09-24T17:23:01.838Z,61.4,0,0,49.6,0,50.8,0,0,0,0,0,0,0,0,20
2025-09-24T17:23:02.842Z,61.4,0,0,50.4,0,50.8,0,0,0,0,0,0,0,0,20
2025-09-24T17:23:03.843Z,61.4,0,0,49.6,0,50.8,0,0,0,0,0,0,0,0,20
2025-09-24T17:23:04.841Z,61.4,0,0,50.4,0,50.8,0,0,0,0,0,0,0,0,20
2025-09-24T17:23:05.840Z,61.4,0,0,49.6,0,50.8,0,0,0,0,0,0,0,0,20
2025-09-24T17:23:06.845Z,61.4,0,0,50.4,0,50.8,0,0,0,0,0,0,0,0,20
2025-09-24T17:23:07.844Z,61.4,0,0,49.6,0,50.8,0,0,0,0,0,0,0,0,20
2025-09-24T17:23:08.840Z,61.4,0,0.001,50.4,0,50.8,0,0,0,0,0,0,0,0,20
2025-09-24T17:23:09.842Z,61.4,0,0.001,49.6,0,50.8,0,0,0,0,0,0,0,0,20
2025-09-24T17:23:10.842Z,61.4,0,0.001,50.4,0,50.8,0,0,0,0,0,0,0,0,20
2025-09-24T17:23:11.847Z,61.4,0,0.001,49.6,0,50.8,0,0,0,0,0,0,0,0,20
2025-09-24T17:23:12.844Z,61.4,0,0.001,50.4,0,50.8,0,0,0,0,0,0,0,0,20
2025-09-24T17:23:13.847Z,61.4,0,0.001,49.6,0,50.9,0,0,0,0,0,0,0,0,20
2025-09-24T17:23:14.849Z,61.4,0,0.001,50.4,0,50.9,0,0,0,0,0,0,0,0,20
2025-09-24T17:23:15.852Z,61.4,0,0.001,49.6,0,50.9,0,0,0,0,0,0,0,0,20
2025-09-24T17:23:16.852Z,61.4,0,0.001,50.4,0,50.9,0,0,0,0,0,0,0,0,20
2025-09-24T17:23:17.853Z,61.4,0,0.001,49.6,0,50.9,0,0,0,0,0,0,0,0,20
2025-09-24T17:23:18.854Z,61.4,0,0.001,50.4,0,50.9,0,0,0,0,0,0,0,0,20
2025-09-24T17:23:19.856Z,61.4,0,0.001,49.6,0,50.9,0,0,0,0,0,0,0,0,20
2025-09-24T17:23:20.858Z,61.4,0,0.001,49.6,0,50.9,0,0,0,0,0,0,0,0,20
2025-09-24T17:23:21.857Z,61.4,0,0.001,50.4,0,50.9,0,0,0,0,0,0,0,0,20
2025-09-24T17:23:22.855Z,61.4,0,0.001,49.6,0,50.9,0,0,0,0,0,0,0,0,20
2025-09-24T17:23:23.857Z,61.4,0,0.001,50.4,0,50.9,0,0,0,0,0,0,0,0,20
2025-09-24T17:23:24.858Z,61.4,0,0.001,49.6,0,50.9,0,0,0,0,0,0,0,0,20
2025-09-24T17:23:25.858Z,61.4,0,0.001,50.4,0,51,0,0,0,0,0,0,0,0,20
2025-09-24T17:23:26.864Z,61.4,0,0.001,49.6,0,51,0,0,0,0,0,0,0,0,20
2025-09-24T17:23:27.864Z,61.4,0,0.001,49.6,0,51,0,0,0,0,0,0,0,0,20
2025-09-24T17:23:28.860Z,61.4,0,0,49.6,0,51,0,0,0,0,0,0,0,0,20
2025-09-24T17:23:29.867Z,61.4,0,0.001,50.4,0,51,0,0,0,0,0,0,0,0,20
2025-09-24T17:23:30.860Z,61.4,0,0,49.6,0,51,0,0,0,0,0,0,0,0,20
2025-09-24T17:23:31.863Z,61.4,0,0,50.4,0,51,0,0,0,0,0,0,0,0,20
2025-09-24T17:23:32.866Z,61.4,0,0,49.6,0,51,0,0,0,0,0,0,0,0,20
2025-09-24T17:23:33.866Z,61.4,0,0,50.4,0,51,0,0,0,0,0,0,0,0,20
2025-09-24T17:23:34.864Z,61.4,0,0,49.6,0,51,0,0,0,0,0,0,0,0,20
2025-09-24T17:23:35.870Z,61.4,0,0,49.6,0,51,0,0,0,0,0,0,0,0,20
2025-09-24T17:23:36.865Z,61.4,0,0.001,50.4,0,51,0,0,0,0,0,0,0,0,20
2025-09-24T17:23:37.867Z,61.4,0,0,49.6,0,51,0,0,0,0,0,0,0,0,20
2025-09-24T17:23:38.869Z,61.4,0,0,50.4,0,51,0,0,0,0,0,0,0,0,20
2025-09-24T17:23:39.875Z,61.4,0,0,49.6,0,51,0,0,0,0,0,0,0,0,20
2025-09-24T17:23:40.869Z,61.4,0,0.001,50.4,0,51,0,0,0,0,0,0,0,0,20
2025-09-24T17:23:41.871Z,61.4,0,0.001,49.6,0,51.1,0,0,0,0,0,0,0,0,20
2025-09-24T17:23:42.874Z,61.4,0,0,50.4,0,51.1,0,0,0,0,0,0,0,0,20
2025-09-24T17:23:43.872Z,61.4,0,0.001,49.6,0,51.1,0,0,0,0,0,0,0,0,20
2025-09-24T17:23:44.872Z,61.4,0,0.001,50.4,0,51.1,0,0,0,0,0,0,0,0,20
2025-09-24T17:23:45.873Z,61.4,0,0.001,49.6,0,51.1,0,0,0,0,0,0,0,0,20
2025-09-24T17:23:46.874Z,61.4,0,0.001,50.4,0,51.1,0,0,0,0,0,0,0,0,20
2025-09-24T17:23:47.875Z,61.4,0,0.001,49.6,0,51.1,0,0,0,0,0,0,0,0,20
2025-09-24T17:23:48.877Z,61.4,0,0.001,50.4,0,51.1,0,0,0,0,0,0,0,0,20
2025-09-24T17:23:49.876Z,61.4,0,0.001,49.6,0,51.1,0,0,0,0,0,0,0,0,20
2025-09-24T17:23:50.875Z,61.4,0,0.001,50.4,0,51.1,0,0,0,0,0,0,0,0,20
2025-09-24T17:23:51.881Z,61.4,0,0.001,49.6,0,51.1,0,0,0,0,0,0,0,0,20
2025-09-24T17:23:52.883Z,61.4,0,0.001,50.4,0,51.1,0,0,0,0,0,0,0,0,20
2025-09-24T17:23:53.880Z,61.4,0,0.001,49.6,0,51.1,0,0,0,0,0,0,0,0,20
2025-09-24T17:23:54.880Z,61.4,0,0,50.4,0,51.2,0,0,0,0,0,0,0,0,20
2025-09-24T17:23:55.882Z,61.4,0,0,49.6,0,51.2,0,0,0,0,0,0,0,0,20
2025-09-24T17:23:56.883Z,61.4,0,0,50.4,0,51.2,0,0,0,0,0,0,0,0,20
2025-09-24T17:23:57.883Z,61.4,0,0,49.6,0,51.2,0,0,0,0,0,0,0,0,20
2025-09-24T17:23:58.883Z,61.4,0,0,50.4,0,51.2,0,0,0,0,0,0,0,0,20
2025-09-24T17:23:59.884Z,61.4,0,0,49.6,0,51.2,0,0,0,0,0,0,0,0,20
2025-09-24T17:24:00.887Z,61.4,0,0,50.4,0,51.2,0,0,0,0,0,0,0,0,20
2025-09-24T17:24:01.891Z,61.4,0,0,49.6,0,51.2,0,0,0,0,0,0,0,0,20
2025-09-24T17:24:02.893Z,61.4,0,0,50.4,0,51.2,0,0,0,0,0,0,0,0,20
2025-09-24T17:24:03.890Z,61.4,0,0,49.6,0,51.2,0,0,0,0,0,0,0,0,20
2025-09-24T17:24:04.887Z,61.4,0,0,50.4,0,51.2,0,0,0,0,0,0,0,0,20
2025-09-24T17:24:05.890Z,61.4,0,0,50.4,0,51.2,0,0,0,0,0,0,0,0,20
2025-09-24T17:24:06.892Z,61.4,0,0,49.6,0,51.3,0,0,0,0,0,0,0,0,20
2025-09-24T17:24:07.889Z,61.4,0,0,49.6,0,51.3,0,0,0,0,0,0,0,0,20
2025-09-24T17:24:08.892Z,61.4,0,0,50.4,0,51.3,0,0,0,0,0,0,0,0,20
2025-09-24T17:24:09.893Z,61.4,0,0,49.6,0,51.3,0,0,0,0,0,0,0,0,20
2025-09-24T17:24:10.891Z,61.4,0,0.001,50.4,0,51.3,0,0,0,0,0,0,0,0,20
2025-09-24T17:24:11.895Z,61.4,0,0,49.6,0,51.3,0,0,0,0,0,0,0,0,20
2025-09-24T17:24:12.899Z,61.3,0,0,49.6,0,51.3,0,0,0,0,0,0,0,0,20
2025-09-24T17:24:13.898Z,61.3,0,0,49.6,0,51.3,0,0,0,0,0,0,0,0,20
2025-09-24T17:24:14.900Z,61.3,0,0,49.6,0,51.3,0,0,0,0,0,0,0,0,20
2025-09-24T17:24:15.898Z,61.3,0,0.001,50.4,0,51.3,0,0,0,0,0,0,0,0,20
2025-09-24T17:24:16.900Z,61.3,0,0.001,49.6,0,51.3,0,0,0,0,0,0,0,0,20
2025-09-24T17:24:17.898Z,61.3,0,0.001,50.4,0,51.3,0,0,0,0,0,0,0,0,20
2025-09-24T17:24:18.901Z,61.3,0,0.001,49.6,0,51.3,0,0,0,0,0,0,0,0,20
2025-09-24T17:24:19.899Z,61.3,0,0.001,50.4,0,51.3,0,0,0,0,0,0,0,0,20
2025-09-24T17:24:20.899Z,61.3,0,0.001,49.6,0,51.4,0,0,0,0,0,0,0,0,20
2025-09-24T17:24:21.899Z,61.3,0,0.001,49.6,0,51.4,0,0,0,0,0,0,0,0,20
2025-09-24T17:24:22.903Z,61.3,0,0.001,50.4,0,51.4,0,0,0,0,0,0,0,0,20
2025-09-24T17:24:23.904Z,61.3,0,0.001,49.6,0,51.4,0,0,0,0,0,0,0,0,20
2025-09-24T17:24:24.905Z,61.3,0,0.001,50.4,0,51.4,0,0,0,0,0,0,0,0,20
2025-09-24T17:24:25.906Z,61.3,0,0.001,49.6,0,51.4,0,0,0,0,0,0,0,0,20
2025-09-24T17:24:26.904Z,61.3,0,0,50.4,0,51.4,0,0,0,0,0,0,0,0,20
2025-09-24T17:24:27.908Z,61.3,0,0.001,49.6,0,51.4,0,0,0,0,0,0,0,0,20
2025-09-24T17:24:28.909Z,61.3,0,0.001,50.4,0,51.4,0,0,0,0,0,0,0,0,20
2025-09-24T17:24:29.910Z,61.3,0,0,49.6,0,51.4,0,0,0,0,0,0,0,0,20
2025-09-24T17:24:30.909Z,61.2,0,0,50.4,0,51.5,0,0,0,0,0,0,0,0,20
2025-09-24T17:24:31.912Z,61.2,0,0,49.6,0,51.5,0,0,0,0,0,0,0,0,20
2025-09-24T17:24:32.911Z,61.2,0,0,50.4,0,51.5,0,0,0,0,0,0,0,0,20
2025-09-24T17:24:33.914Z,61.2,0,0,49.6,0,51.5,0,0,0,0,0,0,0,0,20
2025-09-24T17:24:34.912Z,61.2,0,0,50.4,0,51.5,0,0,0,0,0,0,0,0,20
2025-09-24T17:24:35.915Z,61.2,0,0,49.6,0,51.5,0,0,0,0,0,0,0,0,20
2025-09-24T17:24:36.913Z,61.2,0,0,50.4,0,51.5,0,0,0,0,0,0,0,0,20
2025-09-24T17:24:37.914Z,61.2,0,0,49.6,0,51.5,0,0,0,0,0,0,0,0,20
2025-09-24T17:24:38.911Z,61.2,0,0.001,50.4,0,51.5,0,0,0,0,0,0,0,0,20
2025-09-24T17:24:39.913Z,61.2,0,0.001,49.6,0,51.5,0,0,0,0,0,0,0,0,20
2025-09-24T17:24:40.916Z,61.2,0,0,49.6,0,51.5,0,0,0,0,0,0,0,0,20
2025-09-24T17:24:41.917Z,61.2,0,0,50.4,0,51.5,0,0,0,0,0,0,0,0,20
2025-09-24T17:24:42.920Z,61.1,0,0,49.6,0,51.6,0,0,0,0,0,0,0,0,20
2025-09-24T17:24:43.923Z,61.1,0,0,50.4,0,51.6,0,0,0,0,0,0,0,0,20
2025-09-24T17:24:44.921Z,61.1,0,0.001,49.6,0,51.6,0,0,0,0,0,0,0,0,20
2025-09-24T17:24:45.923Z,61.1,0,0.001,50.4,0,51.6,0,0,0,0,0,0,0,0,20
2025-09-24T17:24:46.922Z,61.1,0,0.001,49.6,0,51.6,0,0,0,0,0,0,0,0,20
2025-09-24T17:24:47.920Z,61.1,0,0.001,50.4,0,51.6,0,0,0,0,0,0,0,0,20
2025-09-24T17:24:48.923Z,61.1,0,0.001,49.6,0,51.6,0,0,0,0,0,0,0,0,20
2025-09-24T17:24:49.924Z,61.1,0,0.001,50.4,0,51.6,0,0,0,0,0,0,0,0,20
2025-09-24T17:24:50.926Z,61.1,0,0.001,49.6,0,51.6,0,0,0,0,0,0,0,0,20
2025-09-24T17:24:51.923Z,61.1,0,0.001,50.4,0,51.6,0,0,0,0,0,0,0,0,20
2025-09-24T17:24:52.926Z,61.1,0,0.001,49.6,0,51.6,0,0,0,0,0,0,0,0,20
2025-09-24T17:24:53.932Z,61.1,0,0.001,50.4,0,51.7,0,0,0,0,0,0,0,0,20
2025-09-24T17:24:54.926Z,61.1,0,0.001,49.6,0,51.7,0,0,0,0,0,0,0,0,20
2025-09-24T17:24:55.931Z,61,0,0.001,50.4,0,51.7,0,0,0,0,0,0,0,0,20
2025-09-24T17:24:56.932Z,61,0,0.001,49.6,0,51.7,0,0,0,0,0,0,0,0,20
2025-09-24T17:24:57.934Z,61,0,0.001,50.4,0,51.7,0,0,0,0,0,0,0,0,20
2025-09-24T17:24:58.935Z,61,0,0.001,49.6,0,51.7,0,0,0,0,0,0,0,0,20
2025-09-24T17:24:59.936Z,61,0,0.001,50.4,0,51.7,0,0,0,0,0,0,0,0,20
2025-09-24T17:25:00.932Z,61,0,0,49.6,0,51.7,0,0,0,0,0,0,0,0,20
2025-09-24T17:25:01.936Z,61,0,0,50.4,0,51.7,0,0,0,0,0,0,0,0,20
2025-09-24T17:25:02.935Z,61,0,0,49.6,0,51.8,0,0,0,0,0,0,0,0,20
2025-09-24T17:25:03.940Z,61,0,0,50.4,0,51.8,0,0,0,0,0,0,0,0,20
2025-09-24T17:25:04.939Z,60.9,0,0,49.6,0,51.8,0,0,0,0,0,0,0,0,20
2025-09-24T17:25:05.944Z,60.9,0,0,50.4,0,51.8,0,0,0,0,0,0,0,0,20
2025-09-24T17:25:06.938Z,60.9,0,0,49.6,0,51.8,0,0,0,0,0,0,0,0,20
2025-09-24T17:25:07.940Z,60.9,0,0,50.4,0,51.8,0,0,0,0,0,0,0,0,20
2025-09-24T17:25:08.936Z,60.9,0,0.001,49.6,0,51.8,0,0,0,0,0,0,0,0,20
2025-09-24T17:25:09.939Z,60.9,0,0,49.6,0,51.8,0,0,0,0,0,0,0,0,20
2025-09-24T17:25:10.942Z,60.9,0,0,50.4,0,51.8,0,0,0,0,0,0,0,0,20
2025-09-24T17:25:11.944Z,60.9,0,0,49.6,0,51.8,0,0,0,0,0,0,0,0,20
2025-09-24T17:25:12.945Z,60.9,0,0,50.4,0,51.8,0,0,0,0,0,0,0,0,20
2025-09-24T17:25:13.944Z,60.9,0,0,49.6,0,51.9,0,0,0,0,0,0,0,0,20
2025-09-24T17:25:14.944Z,60.8,0,0.001,50.4,0,51.9,0,0,0,0,0,0,0,0,20
2025-09-24T17:25:15.942Z,60.8,0,0.001,49.6,0,51.9,0,0,0,0,0,0,0,0,20
2025-09-24T17:25:16.944Z,60.8,0,0.001,50.4,0,51.9,0,0,0,0,0,0,0,0,20
2025-09-24T17:25:17.946Z,60.8,0,0.001,49.6,0,51.9,0,0,0,0,0,0,0,0,20
2025-09-24T17:25:18.947Z,60.8,0,0.001,50.4,0,51.9,0,0,0,0,0,0,0,0,20
2025-09-24T17:25:19.951Z,60.8,0,0.001,49.6,0,51.9,0,0,0,0,0,0,0,0,20
2025-09-24T17:25:20.948Z,60.8,0,0.001,50.4,0,51.9,0,0,0,0,0,0,0,0,20
2025-09-24T17:25:21.949Z,60.8,0,0.001,49.6,0,51.9,0,0,0,0,0,0,0,0,20
2025-09-24T17:25:22.946Z,60.8,0,0.001,50.4,0,51.9,0,0,0,0,0,0,0,0,20
2025-09-24T17:25:23.957Z,60.7,0,0.001,49.6,0,52,0,0,0,0,0,0,0,0,20
2025-09-24T17:25:24.956Z,60.7,0,0.001,50.4,0,52,0,0,0,0,0,0,0,0,20
2025-09-24T17:25:25.956Z,60.7,0,0.001,49.6,0,52,0,0,0,0,0,0,0,0,20
2025-09-24T17:25:26.958Z,60.7,0,0.001,50.4,0,52,0,0,0,0,0,0,0,0,20
2025-09-24T17:25:27.954Z,60.7,0,0,49.6,0,52,0,0,0,0,0,0,0,0,20
2025-09-24T17:25:28.957Z,60.7,0,0.001,50.4,0,52,0,0,0,0,0,0,0,0,20
2025-09-24T17:25:29.958Z,60.7,0,0,49.6,0,52,0,0,0,0,0,0,0,0,20
2025-09-24T17:25:30.960Z,60.6,0,0,50.4,0,52,0,0,0,0,0,0,0,0,20
2025-09-24T17:25:31.960Z,60.6,0,0,49.6,0,52,0,0,0,0,0,0,0,0,20
2025-09-24T17:25:32.966Z,60.6,0,0.001,50.4,0,52.1,0,0,0,0,0,0,0,0,20
2025-09-24T17:25:33.962Z,60.6,0,0,49.6,0,52.1,0,0,0,0,0,0,0,0,20
2025-09-24T17:25:34.965Z,60.6,0,0,50.4,0,52.1,0,0,0,0,0,0,0,0,20
2025-09-24T17:25:35.965Z,60.6,0,0,49.6,0,52.1,0,0,0,0,0,0,0,0,20
2025-09-24T17:25:36.966Z,60.6,0,0,50.4,0,52.1,0,0,0,0,0,0,0,0,20
2025-09-24T17:25:37.962Z,60.6,0,0,49.6,0,52.1,0,0,0,0,0,0,0,0,20
2025-09-24T17:25:38.966Z,60.6,0,0,50.4,0,52.1,0,0,0,0,0,0,0,0,20
2025-09-24T17:25:39.965Z,60.5,0,0,49.6,0,52.1,0,0,0,0,0,0,0,0,20
2025-09-24T17:25:40.966Z,60.5,0,0,49.6,0,52.1,0,0,0,0,0,0,0,0,20
2025-09-24T17:25:41.965Z,60.5,0,0.001,49.6,0,52.1,0,0,0,0,0,0,0,0,20
2025-09-24T17:25:42.969Z,60.5,0,0,50.4,0,52.2,0,0,0,0,0,0,0,0,20
2025-09-24T17:25:43.970Z,60.5,0,0,49.6,0,52.2,0,0,0,0,0,0,0,0,20
2025-09-24T17:25:44.968Z,60.5,0,0.001,50.4,0,52.2,0,0,0,0,0,0,0,0,20
2025-09-24T17:25:45.973Z,60.5,0,0.001,49.6,0,52.2,0,0,0,0,0,0,0,0,20
2025-09-24T17:25:46.970Z,60.4,0,0.001,50.4,0,52.2,0,0,0,0,0,0,0,0,20
2025-09-24T17:25:47.971Z,60.4,0,0.001,49.6,0,52.2,0,0,0,0,0,0,0,0,20
2025-09-24T17:25:48.976Z,60.4,0,0.001,50.4,0,52.2,0,0,0,0,0,0,0,0,20
2025-09-24T17:25:49.973Z,60.4,0,0.001,49.6,0,52.2,0,0,0,0,0,0,0,0,20
2025-09-24T17:25:50.973Z,60.4,0,0.001,49.6,0,52.2,0,0,0,0,0,0,0,0,20
2025-09-24T17:25:51.975Z,60.4,0,0.001,50.4,0,52.3,0,0,0,0,0,0,0,0,20
2025-09-24T17:25:52.977Z,60.4,0,0.001,49.6,0,52.3,0,0,0,0,0,0,0,0,20
2025-09-24T17:25:53.981Z,60.4,0,0.001,49.6,0,52.3,0,0,0,0,0,0,0,0,20
2025-09-24T17:25:54.982Z,60.3,0,0.001,49.6,0,52.3,0,0,0,0,0,0,0,0,20
2025-09-24T17:25:55.984Z,60.3,0,0.001,50.4,0,52.3,0,0,0,0,0,0,0,0,20
2025-09-24T17:25:56.988Z,60.3,0,0.001,49.6,0,52.3,0,0,0,0,0,0,0,0,20
2025-09-24T17:25:57.986Z,60.3,0,0.001,50.4,0,52.3,0,0,0,0,0,0,0,0,20
2025-09-24T17:25:58.984Z,60.3,0,0,49.6,0,52.3,0,0,0,0,0,0,0,0,20
2025-09-24T17:25:59.985Z,60.3,0,0,50.4,0,52.4,0,0,0,0,0,0,0,0,20
2025-09-24T17:26:00.980Z,60.3,0,0,49.6,0,52.4,0,0,0,0,0,0,0,0,20
2025-09-24T17:26:01.986Z,60.3,0,0,50.4,0,52.4,0,0,0,0,0,0,0,0,20
2025-09-24T17:26:02.983Z,60.2,0,0,49.6,0,52.4,0,0,0,0,0,0,0,0,20
2025-09-24T17:26:03.984Z,60.2,0,0,50.4,0,52.4,0,0,0,0,0,0,0,0,20
2025-09-24T17:26:04.988Z,60.2,0,0,49.6,0,52.4,0,0,0,0,0,0,0,0,20
2025-09-24T17:26:05.988Z,60.2,0,0,50.4,0,52.4,0,0,0,0,0,0,0,0,20
2025-09-24T17:26:06.992Z,60.2,0,0,49.6,0,52.4,0,0,0,0,0,0,0,0,20
2025-09-24T17:26:07.987Z,60.2,0,0,50.4,0,52.5,0,0,0,0,0,0,0,0,20
2025-09-24T17:26:08.990Z,60.2,0,0,49.6,0,52.5,0,0,0,0,0,0,0,0,20
2025-09-24T17:26:09.988Z,60.1,0,0,49.6,0,52.5,0,0,0,0,0,0,0,0,20
2025-09-24T17:26:10.990Z,60.1,0,0.001,50.4,0,52.5,0,0,0,0,0,0,0,0,20
2025-09-24T17:26:11.993Z,60.1,0,0,49.6,0,52.5,0,0,0,0,0,0,0,0,20
2025-09-24T17:26:12.989Z,60.1,0,0.001,50.4,0,52.5,0,0,0,0,0,0,0,0,20
2025-09-24T17:26:13.990Z,60.1,0,0.001,49.6,0,52.5,0,0,0,0,0,0,0,0,20
2025-09-24T17:26:14.993Z,60.1,0,0.001,50.4,0,52.5,0,0,0,0,0,0,0,0,20
2025-09-24T17:26:15.992Z,60.1,0,0.001,49.6,0,52.5,0,0,0,0,0,0,0,0,20
2025-09-24T17:26:16.996Z,60.1,0,0.001,50.4,0,52.6,0,0,0,0,0,0,0,0,20
2025-09-24T17:26:17.992Z,60,0,0.001,49.6,0,52.6,0,0,0,0,0,0,0,0,20
2025-09-24T17:26:18.996Z,60,0,0.001,50.4,0,52.6,0,0,0,0,0,0,0,0,20
2025-09-24T17:26:19.995Z,60,0,0.001,49.6,0,52.6,0,0,0,0,0,0,0,0,20
2025-09-24T17:26:20.996Z,60,0,0.001,50.4,0,52.6,0,0,0,0,0,0,0,0,20
2025-09-24T17:26:21.997Z,60,0,0.001,49.6,0,52.6,0,0,0,0,0,0,0,0,20
2025-09-24T17:26:23.001Z,60,0,0.001,49.6,0,52.6,0,0,0,0,0,0,0,0,20
2025-09-24T17:26:23.997Z,60,0,0,50.4,0,52.6,0,0,0,0,0,0,0,0,20
2025-09-24T17:26:25.000Z,60,0,0,49.6,0,52.6,0,0,0,0,0,0,0,0,20
2025-09-24T17:26:26.000Z,59.9,0,0,50.4,0,52.6,0,0,0,0,0,0,0,0,20
2025-09-24T17:26:27.002Z,59.9,0,0,49.6,0,52.7,0,0,0,0,0,0,0,0,20
2025-09-24T17:26:28.008Z,59.9,0,0.001,50.4,0,52.7,0,0,0,0,0,0,0,0,20
2025-09-24T17:26:29.008Z,59.9,0,0,49.6,0,52.7,0,0,0,0,0,0,0,0,20
2025-09-24T17:26:30.008Z,59.9,0,0,50.4,0,52.7,0,0,0,0,0,0,0,0,20
2025-09-24T17:26:31.010Z,59.9,0,0,49.6,0,52.7,0,0,0,0,0,0,0,0,20
2025-09-24T17:26:32.009Z,59.8,0,0,49.6,0,52.7,0,0,0,0,0,0,0,0,20
2025-09-24T17:26:33.009Z,59.8,0,0,50.4,0,52.7,0,0,0,0,0,0,0,0,20
2025-09-24T17:26:34.009Z,59.8,0,0,49.6,0,52.7,0,0,0,0,0,0,0,0,20
2025-09-24T17:26:35.011Z,59.8,0,0,50.4,0,52.8,0,0,0,0,0,0,0,0,20
2025-09-24T17:26:36.012Z,59.8,0,0,49.6,0,52.8,0,0,0,0,0,0,0,0,20
2025-09-24T17:26:37.017Z,59.8,0,0,50.4,0,52.8,0,0,0,0,0,0,0,0,20
2025-09-24T17:26:38.015Z,59.8,0,0,49.6,0,52.8,0,0,0,0,0,0,0,0,20
2025-09-24T17:26:39.015Z,59.8,0,0,50.4,0,52.8,0,0,0,0,0,0,0,0,20
2025-09-24T17:26:40.014Z,59.7,0,0,49.6,0,52.8,0,0,0,0,0,0,0,0,20
2025-09-24T17:26:41.018Z,59.7,0,0,50.4,0,52.8,0,0,0,0,0,0,0,0,20
2025-09-24T17:26:42.016Z,59.7,0,0.001,49.6,0,52.8,0,0,0,0,0,0,0,0,20
2025-09-24T17:26:43.022Z,59.7,0,0,50.4,0,52.8,0,0,0,0,0,0,0,0,20
2025-09-24T17:26:44.017Z,59.7,0,0.001,49.6,0,52.9,0,0,0,0,0,0,0,0,20
2025-09-24T17:26:45.021Z,59.7,0,0.001,49.6,0,52.9,0,0,0,0,0,0,0,0,20
2025-09-24T17:26:46.021Z,59.7,0,0.001,50.4,0,52.9,0,0,0,0,0,0,0,0,20
2025-09-24T17:26:47.022Z,59.6,0,0.001,49.6,0,52.9,0,0,0,0,0,0,0,0,20
2025-09-24T17:26:48.023Z,59.6,0,0.001,50.4,0,52.9,0,0,0,0,0,0,0,0,20
2025-09-24T17:26:49.022Z,59.6,0,0.001,49.6,0,52.9,0,0,0,0,0,0,0,0,20
2025-09-24T17:26:50.023Z,59.6,0,0.001,50.4,0,52.9,0,0,0,0,0,0,0,0,20
2025-09-24T17:26:51.025Z,59.6,0,0.001,49.6,0,52.9,0,0,0,0,0,0,0,0,20
2025-09-24T17:26:52.029Z,59.6,0,0.001,50.4,0,53,0,0,0,0,0,0,0,0,20
2025-09-24T17:26:53.025Z,59.6,0,0,50.4,0,53,0,0,0,0,0,0,0,0,20
2025-09-24T17:26:54.027Z,59.5,0,0,49.6,0,53,0,0,0,0,0,0,0,0,20
2025-09-24T17:26:55.029Z,59.5,0,0.001,50.4,0,53,0,0,0,0,0,0,0,0,20
2025-09-24T17:26:56.034Z,59.5,0,0.001,49.6,0,53,0,0,0,0,0,0,0,0,20
2025-09-24T17:26:57.031Z,59.5,0,0,50.4,0,53,0,0,0,0,0,0,0,0,20
2025-09-24T17:26:58.030Z,59.5,0,0,49.6,0,53,0,0,0,0,0,0,0,0,20
2025-09-24T17:26:59.032Z,59.5,0,0,50.4,0,53,0,0,0,0,0,0,0,0,20
2025-09-24T17:27:00.032Z,59.5,0,0,49.6,0,53.1,0,0,0,0,0,0,0,0,20
2025-09-24T17:27:01.034Z,59.5,0,0,50.4,0,53.1,0,0,0,0,0,0,0,0,20
2025-09-24T17:27:02.038Z,59.4,0,0,49.6,0,53.1,0,0,0,0,0,0,0,0,20
2025-09-24T17:27:03.039Z,59.4,0,0,50.4,0,53.1,0,0,0,0,0,0,0,0,20
2025-09-24T17:27:04.039Z,59.4,0,0,49.6,0,53.1,0,0,0,0,0,0,0,0,20
2025-09-24T17:27:05.038Z,59.4,0,0,49.6,0,53.1,0,0,0,0,0,0,0,0,20
2025-09-24T17:27:06.046Z,59.4,0,0,50.4,0,53.1,0,0,0,0,0,0,0,0,20
2025-09-24T17:27:07.039Z,59.4,0,0,49.6,0,53.1,0,0,0,0,0,0,0,0,20
2025-09-24T17:27:08.042Z,59.4,0,0,50.4,0,53.1,0,0,0,0,0,0,0,0,20
2025-09-24T17:27:09.042Z,59.4,0,0,49.6,0,53.2,0,0,0,0,0,0,0,0,20
2025-09-24T17:27:10.044Z,59.3,0,0,50.4,0,53.2,0,0,0,0,0,0,0,0,20
2025-09-24T17:27:11.045Z,59.3,0,0,49.6,0,53.2,0,0,0,0,0,0,0,0,20
2025-09-24T17:27:12.045Z,59.3,0,0,50.4,0,53.2,0,0,0,0,0,0,0,0,20
2025-09-24T17:27:13.048Z,59.3,0,0,49.6,0,53.2,0,0,0,0,0,0,0,0,20
2025-09-24T17:27:14.046Z,59.3,0,0.001,49.6,0,53.2,0,0,0,0,0,0,0,0,20
2025-09-24T17:27:15.046Z,59.3,0,0.001,49.6,0,53.2,0,0,0,0,0,0,0,0,20
2025-09-24T17:27:16.050Z,59.3,0,0.001,49.6,0,53.2,0,0,0,0,0,0,0,0,20
2025-09-24T17:27:17.049Z,59.2,0,0.001,50.4,0,53.2,0,0,0,0,0,0,0,0,20
2025-09-24T17:27:18.049Z,59.2,0,0.001,49.6,0,53.3,0,0,0,0,0,0,0,0,20
2025-09-24T17:27:19.052Z,59.2,0,0.001,50.4,0,53.3,0,0,0,0,0,0,0,0,20
2025-09-24T17:27:20.054Z,59.2,0,0.001,49.6,0,53.3,0,0,0,0,0,0,0,0,20
2025-09-24T17:27:21.054Z,59.2,0,0.001,50.4,0,53.3,0,0,0,0,0,0,0,0,20
2025-09-24T17:27:22.055Z,59.2,0,0.001,49.6,0,53.3,0,0,0,0,0,0,0,0,20
2025-09-24T17:27:23.056Z,59.2,0,0.001,50.4,0,53.3,0,0,0,0,0,0,0,0,20
2025-09-24T17:27:24.056Z,59.2,0,0.001,49.6,0,53.3,0,0,0,0,0,0,0,0,20
2025-09-24T17:27:25.058Z,59.2,0,0.001,50.4,0,53.3,0,0,0,0,0,0,0,0,20
2025-09-24T17:27:26.058Z,59.1,0,0.001,49.6,0,53.4,0,0,0,0,0,0,0,0,20
2025-09-24T17:27:27.061Z,59.1,0,0.001,50.4,0,53.4,0,0,0,0,0,0,0,0,20
2025-09-24T17:27:28.065Z,59.1,0,0.001,49.6,0,53.4,0,0,0,0,0,0,0,0,20
2025-09-24T17:27:29.059Z,59.1,0,0,50.4,0,53.4,0,0,0,0,0,0,0,0,20
2025-09-24T17:27:30.061Z,59.1,0,0,49.6,0,53.4,0,0,0,0,0,0,0,0,20
2025-09-24T17:27:31.063Z,59.1,0,0,49.6,0,53.4,0,0,0,0,0,0,0,0,20
2025-09-24T17:27:32.065Z,59.1,0,0,50.4,0,53.4,0,0,0,0,0,0,0,0,20
2025-09-24T17:27:33.071Z,59.1,0,0.001,49.6,0,53.4,0,0,0,0,0,0,0,0,20
2025-09-24T17:27:34.066Z,59.1,0,0,50.4,0,53.4,0,0,0,0,0,0,0,0,20
2025-09-24T17:27:35.068Z,59,0,0,49.6,0,53.5,0,0,0,0,0,0,0,0,20
2025-09-24T17:27:36.067Z,59,0,0,50.4,0,53.5,0,0,0,0,0,0,0,0,20
2025-09-24T17:27:37.072Z,59,0,0,49.6,0,53.5,0,0,0,0,0,0,0,0,20
2025-09-24T17:27:38.068Z,59,0,0,49.6,0,53.5,0,0,0,0,0,0,0,0,20
2025-09-24T17:27:39.071Z,59,0,0,49.6,0,53.5,0,0,0,0,0,0,0,0,20
2025-09-24T17:27:40.071Z,59,0,0,50.4,0,53.5,0,0,0,0,0,0,0,0,20
2025-09-24T17:27:41.070Z,59,0,0.001,49.6,0,53.5,0,0,0,0,0,0,0,0,20
2025-09-24T17:27:42.077Z,58.9,0,0,50.4,0,53.5,0,0,0,0,0,0,0,0,20
2025-09-24T17:27:43.073Z,58.9,0,0.001,50.4,0,53.6,0,0,0,0,0,0,0,0,20
2025-09-24T17:27:44.074Z,58.9,0,0.001,49.6,0,53.6,0,0,0,0,0,0,0,0,20
2025-09-24T17:27:45.072Z,58.9,0,0.001,50.4,0,53.6,0,0,0,0,0,0,0,0,20
2025-09-24T17:27:46.076Z,58.9,0,0.001,49.6,0,53.6,0,0,0,0,0,0,0,0,20
2025-09-24T17:27:47.076Z,58.9,0,0.001,50.4,0,53.6,0,0,0,0,0,0,0,0,20
2025-09-24T17:27:48.075Z,58.9,0,0.001,49.6,0,53.6,0,0,0,0,0,0,0,0,20
2025-09-24T17:27:49.077Z,58.9,0,0.001,50.4,0,53.6,0,0,0,0,0,0,0,0,20
2025-09-24T17:27:50.081Z,58.9,0,0.001,49.6,0,53.6,0,0,0,0,0,0,0,0,20
2025-09-24T17:27:51.077Z,58.9,0,0.001,50.4,0,53.7,0,0,0,0,0,0,0,0,20
2025-09-24T17:27:52.079Z,58.8,0,0.001,49.6,0,53.7,0,0,0,0,0,0,0,0,20
2025-09-24T17:27:53.076Z,58.8,0,0,49.6,0,53.7,0,0,0,0,0,0,0,0,20
2025-09-24T17:27:54.082Z,58.8,0,0.001,50.4,0,53.7,0,0,0,0,0,0,0,0,20
2025-09-24T17:27:55.079Z,58.8,0,0,49.6,0,53.7,0,0,0,0,0,0,0,0,20
2025-09-24T17:27:56.081Z,58.8,0,0,50.4,0,53.7,0,0,0,0,0,0,0,0,20
2025-09-24T17:27:57.082Z,58.8,0,0,49.6,0,53.7,0,0,0,0,0,0,0,0,20
2025-09-24T17:27:58.083Z,58.8,0,0,50.4,0,53.7,0,0,0,0,0,0,0,0,20
2025-09-24T17:27:59.081Z,58.8,0,0,49.6,0,53.7,0,0,0,0,0,0,0,0,20
2025-09-24T17:28:00.085Z,58.7,0,0,50.4,0,53.8,0,0,0,0,0,0,0,0,20
2025-09-24T17:28:01.086Z,58.7,0,0,49.6,0,53.8,0,0,0,0,0,0,0,0,20
2025-09-24T17:28:02.083Z,58.7,0,0.001,50.4,0,53.8,0,0,0,0,0,0,0,0,20
2025-09-24T17:28:03.093Z,58.7,0,0,49.6,0,53.8,0,0,0,0,0,0,0,0,20
2025-09-24T17:28:04.087Z,58.7,0,0,49.6,0,53.8,0,0,0,0,0,0,0,0,20
2025-09-24T17:28:05.087Z,58.7,0,0.001,49.6,0,53.8,0,0,0,0,0,0,0,0,20
2025-09-24T17:28:06.091Z,58.7,0,0.001,49.6,0,53.8,0,0,0,0,0,0,0,0,20
2025-09-24T17:28:07.089Z,58.7,0,0.001,50.4,0,53.8,0,0,0,0,0,0,0,0,20
2025-09-24T17:28:08.090Z,58.7,0,0.001,50.4,0,53.9,0,0,0,0,0,0,0,0,20
2025-09-24T17:28:09.088Z,58.7,0,0.001,49.6,0,53.9,0,0,0,0,0,0,0,0,20
2025-09-24T17:28:10.091Z,58.7,0,0.001,49.6,0,53.9,0,0,0,0,0,0,0,0,20
2025-09-24T17:28:11.090Z,58.7,0,0.001,49.6,0,53.9,0,0,0,0,0,0,0,0,20
2025-09-24T17:28:12.089Z,58.6,0,0.001,50.4,0,53.9,0,0,0,0,0,0,0,0,20
2025-09-24T17:28:13.096Z,58.6,0,0.001,50.4,0,53.9,0,0,0,0,0,0,0,0,20
2025-09-24T17:28:14.098Z,58.6,0,0.001,49.6,0,53.9,0,0,0,0,0,0,0,0,20
2025-09-24T17:28:15.093Z,58.6,0,0,50.4,0,53.9,0,0,0,0,0,0,0,0,20
2025-09-24T17:28:16.095Z,58.6,0,0.001,49.6,0,54,0,0,0,0,0,0,0,0,20
2025-09-24T17:28:17.096Z,58.6,0,0.001,50.4,0,54,0,0,0,0,0,0,0,0,20
2025-09-24T17:28:18.099Z,58.6,0,0.001,50.4,0,54,0,0,0,0,0,0,0,0,20
2025-09-24T17:28:19.097Z,58.6,0,0,49.6,0,54,0,0,0,0,0,0,0,0,20
2025-09-24T17:28:20.102Z,58.6,0,0.001,50.4,0,54,0,0,0,0,0,0,0,0,20
2025-09-24T17:28:21.099Z,58.6,0,0,49.6,0,54,0,0,0,0,0,0,0,0,20
2025-09-24T17:28:22.102Z,58.6,0,0,50.4,0,54,0,0,0,0,0,0,0,0,20
2025-09-24T17:28:23.105Z,58.5,0,0,49.6,0,54.1,0,0,0,0,0,0,0,0,20
2025-09-24T17:28:24.102Z,58.5,0,0,50.4,0,54.1,0,0,0,0,0,0,0,0,20
2025-09-24T17:28:25.104Z,58.5,0,0,49.6,0,54.1,0,0,0,0,0,0,0,0,20
2025-09-24T17:28:26.109Z,58.5,0,0,50.4,0,54.1,0,0,0,0,0,0,0,0,20
2025-09-24T17:28:27.105Z,58.5,0,0,49.6,0,54.1,0,0,0,0,0,0,0,0,20
2025-09-24T17:28:28.105Z,58.5,0,0,50.4,0,54.1,0,0,0,0,0,0,0,0,20
2025-09-24T17:28:29.110Z,58.5,0,0,49.6,0,54.1,0,0,0,0,0,0,0,0,20
2025-09-24T17:28:30.109Z,58.5,0,0,50.4,0,54.1,0,0,0,0,0,0,0,0,20
2025-09-24T17:28:31.113Z,58.5,0,0,49.6,0,54.1,0,0,0,0,0,0,0,0,20
2025-09-24T17:28:32.113Z,58.5,0,0,50.4,0,54.2,0,0,0,0,0,0,0,0,20
2025-09-24T17:28:33.112Z,58.5,0,0.001,49.6,0,54.2,0,0,0,0,0,0,0,0,20
2025-09-24T17:28:34.113Z,58.5,0,0.001,49.6,0,54.2,0,0,0,0,0,0,0,0,20
2025-09-24T17:28:35.116Z,58.5,0,0.001,49.6,0,54.2,0,0,0,0,0,0,0,0,20
2025-09-24T17:28:36.115Z,58.4,0,0.001,49.6,0,54.2,0,0,0,0,0,0,0,0,20
2025-09-24T17:28:37.114Z,58.4,0,0.001,50.4,0,54.2,0,0,0,0,0,0,0,0,20
2025-09-24T17:28:38.111Z,58.4,0,0.001,49.6,0,54.2,0,0,0,0,0,0,0,0,20
2025-09-24T17:28:39.112Z,58.4,0,0.001,49.6,0,54.2,0,0,0,0,0,0,0,0,20
2025-09-24T17:28:40.114Z,58.4,0,0.001,50.4,0,54.3,0,0,0,0,0,0,0,0,20
2025-09-24T17:28:41.114Z,58.4,0,0.001,49.6,0,54.3,0,0,0,0,0,0,0,0,20
2025-09-24T17:28:42.115Z,58.4,0,0.001,50.4,0,54.3,0,0,0,0,0,0,0,0,20
2025-09-24T17:28:43.117Z,58.4,0,0.001,49.6,0,54.3,0,0,0,0,0,0,0,0,20
2025-09-24T17:28:44.116Z,58.4,0,0.001,49.6,0,54.3,0,0,0,0,0,0,0,0,20
2025-09-24T17:28:45.117Z,58.4,0,0,50.4,0,54.3,0,0,0,0,0,0,0,0,20
2025-09-24T17:28:46.121Z,58.4,0,0.001,49.6,0,54.3,0,0,0,0,0,0,0,0,20
2025-09-24T17:28:47.123Z,58.4,0,0.001,49.6,0,54.3,0,0,0,0,0,0,0,0,20
2025-09-24T17:28:48.120Z,58.4,0,0,50.4,0,54.3,0,0,0,0,0,0,0,0,20
2025-09-24T17:28:49.124Z,58.4,0,0,49.6,0,54.4,0,0,0,0,0,0,0,0,20
2025-09-24T17:28:50.126Z,58.4,0,0,49.6,0,54.4,0,0,0,0,0,0,0,0,20
2025-09-24T17:28:51.123Z,58.4,0,0,50.4,0,54.4,0,0,0,0,0,0,0,0,20
2025-09-24T17:28:52.127Z,58.4,0,0,50.4,0,54.4,0,0,0,0,0,0,0,0,20
2025-09-24T17:28:53.124Z,58.3,0,0,49.6,0,54.4,0,0,0,0,0,0,0,0,20
2025-09-24T17:28:54.125Z,58.3,0,0,50.4,0,54.4,0,0,0,0,0,0,0,0,20
2025-09-24T17:28:55.128Z,58.3,0,0,50.4,0,54.4,0,0,0,0,0,0,0,0,20
2025-09-24T17:28:56.126Z,58.3,0,0,49.6,0,54.4,0,0,0,0,0,0,0,0,20
2025-09-24T17:28:57.129Z,58.3,0,0,49.6,0,54.4,0,0,0,0,0,0,0,0,20
2025-09-24T17:28:58.132Z,58.3,0,0,49.6,0,54.5,0,0,0,0,0,0,0,0,20
2025-09-24T17:28:59.132Z,58.3,0,0,50.4,0,54.5,0,0,0,0,0,0,0,0,20
2025-09-24T17:29:00.132Z,58.3,0,0.001,50.4,0,54.5,0,0,0,0,0,0,0,0,20
2025-09-24T17:29:01.133Z,58.3,0,0.001,49.6,0,54.5,0,0,0,0,0,0,0,0,20
2025-09-24T17:29:02.135Z,58.3,0,0.001,49.6,0,54.5,0,0,0,0,0,0,0,0,20
2025-09-24T17:29:03.130Z,58.3,0,0.001,50.4,0,54.5,0,0,0,0,0,0,0,0,20
2025-09-24T17:29:04.133Z,58.3,0,0.001,50.4,0,54.5,0,0,0,0,0,0,0,0,20
2025-09-24T17:29:05.135Z,58.3,0,0.001,49.6,0,54.5,0,0,0,0,0,0,0,0,20
2025-09-24T17:29:06.140Z,58.3,0,0.001,50.4,0,54.5,0,0,0,0,0,0,0,0,20
2025-09-24T17:29:07.136Z,58.3,0,0.001,49.6,0,54.6,0,0,0,0,0,0,0,0,20
2025-09-24T17:29:08.140Z,58.3,0,0.001,50.4,0,54.6,0,0,0,0,0,0,0,0,20
2025-09-24T17:29:09.142Z,58.3,0,0.001,50.4,0,54.6,0,0,0,0,0,0,0,0,20
2025-09-24T17:29:10.142Z,58.3,0,0.001,49.6,0,54.6,0,0,0,0,0,0,0,0,20
2025-09-24T17:29:11.139Z,58.3,0,0,50.4,0,54.6,0,0,0,0,0,0,0,0,20
2025-09-24T17:29:12.147Z,58.3,0,0.001,49.6,0,54.6,0,0,0,0,0,0,0,0,20
2025-09-24T17:29:13.144Z,58.3,0,0.001,50.4,0,54.6,0,0,0,0,0,0,0,0,20
2025-09-24T17:29:14.143Z,58.3,0,0,49.6,0,54.6,0,0,0,0,0,0,0,0,20
2025-09-24T17:29:15.147Z,58.3,0,0,50.4,0,54.7,0,0,0,0,0,0,0,0,20
2025-09-24T17:29:16.147Z,58.3,0,0,49.6,0,54.7,0,0,0,0,0,0,0,0,20
2025-09-24T17:29:17.145Z,58.3,0,0,50.4,0,54.7,0,0,0,0,0,0,0,0,20
2025-09-24T17:29:18.144Z,58.3,0,0,49.6,0,54.7,0,0,0,0,0,0,0,0,20
2025-09-24T17:29:19.148Z,58.3,0,0,49.6,0,54.7,0,0,0,0,0,0,0,0,20
2025-09-24T17:29:20.149Z,58.3,0,0,50.4,0,54.7,0,0,0,0,0,0,0,0,20
2025-09-24T17:29:21.146Z,58.3,0,0.001,49.6,0,54.7,0,0,0,0,0,0,0,0,20
2025-09-24T17:29:22.150Z,58.3,0,0,50.4,0,54.8,0,0,0,0,0,0,0,0,20
2025-09-24T17:29:23.150Z,58.3,0,0.001,49.6,0,54.8,0,0,0,0,0,0,0,0,20
2025-09-24T17:29:24.151Z,58.3,0,0,49.6,0,54.8,0,0,0,0,0,0,0,0,20
2025-09-24T17:29:25.152Z,58.3,0,0.001,50.4,0,54.8,0,0,0,0,0,0,0,0,20
2025-09-24T17:29:26.153Z,58.3,0,0.001,49.6,0,54.8,0,0,0,0,0,0,0,0,20
2025-09-24T17:29:27.152Z,58.3,0,0.001,50.4,0,54.8,0,0,0,0,0,0,0,0,20
2025-09-24T17:29:28.156Z,58.3,0,0.001,50.4,0,54.8,0,0,0,0,0,0,0,0,20
2025-09-24T17:29:29.159Z,58.3,0,0.001,49.6,0,54.8,0,0,0,0,0,0,0,0,20
2025-09-24T17:29:30.159Z,58.3,0,0.001,50.4,0,54.8,0,0,0,0,0,0,0,0,20
2025-09-24T17:29:31.158Z,58.3,0,0.001,49.6,0,54.9,0,0,0,0,0,0,0,0,20
2025-09-24T17:29:32.160Z,58.3,0,0.001,50.4,0,54.9,0,0,0,0,0,0,0,0,20
2025-09-24T17:29:33.163Z,58.3,0,0.001,49.6,0,54.9,0,0,0,0,0,0,0,0,20
2025-09-24T17:29:34.161Z,58.3,0,0.001,50.4,0,54.9,0,0,0,0,0,0,0,0,20
2025-09-24T17:29:35.164Z,58.3,0,0.001,49.6,0,54.9,0,0,0,0,0,0,0,0,20
2025-09-24T17:29:36.162Z,58.3,0,0.001,50.4,0,54.9,0,0,0,0,0,0,0,0,20
2025-09-24T17:29:37.166Z,58.3,0,0.001,49.6,0,54.9,0,0,0,0,0,0,0,0,20
2025-09-24T17:29:38.168Z,58.3,0,0.001,49.6,0,54.9,0,0,0,0,0,0,0,0,20
2025-09-24T17:29:39.167Z,58.3,0,0.001,49.6,0,54.9,0,0,0,0,0,0,0,0,20
2025-09-24T17:29:40.167Z,58.3,0,0.001,49.6,0,54.9,0,0,0,0,0,0,0,0,20
2025-09-24T17:29:41.164Z,58.3,0,0,50.4,0,55,0,0,0,0,0,0,0,0,20
2025-09-24T17:29:42.170Z,58.3,0,0.001,50.4,0,55,0,0,0,0,0,0,0,0,20
2025-09-24T17:29:43.168Z,58.3,0,0,49.6,0,55,0,0,0,0,0,0,0,0,20
2025-09-24T17:29:44.168Z,58.3,0,0,50.4,0,55,0,0,0,0,0,0,0,0,20
2025-09-24T17:29:45.172Z,58.3,0,0,49.6,0,55,0,0,0,0,0,0,0,0,20
2025-09-24T17:29:46.171Z,58.3,0,0,50.4,0,55,0,0,0,0,0,0,0,0,20
2025-09-24T17:29:47.169Z,58.3,0,0,49.6,0,55.1,0,0,0,0,0,0,0,0,20
2025-09-24T17:29:48.173Z,58.3,0,0,49.6,0,55.1,0,0,0,0,0,0,0,0,20
2025-09-24T17:29:49.172Z,58.3,0,0,50.4,0,55.1,0,0,0,0,0,0,0,0,20
2025-09-24T17:29:50.177Z,58.3,0,0,50.4,0,55.1,0,0,0,0,0,0,0,0,20
2025-09-24T17:29:51.179Z,58.3,0,0,49.6,0,55.1,0,0,0,0,0,0,0,0,20
2025-09-24T17:29:52.175Z,58.3,0,0.001,49.6,0,55.1,0,0,0,0,0,0,0,0,20
2025-09-24T17:29:53.181Z,58.3,0,0,50.4,0,55.2,0,0,0,0,0,0,0,0,20
2025-09-24T17:29:54.179Z,58.3,0,0.001,50.4,0,55.2,0,0,0,0,0,0,0,0,20
2025-09-24T17:29:55.179Z,58.3,0,0.001,49.6,0,55.2,0,0,0,0,0,0,0,0,20
2025-09-24T17:29:56.183Z,58.3,0,0.001,50.4,0,55.2,0,0,0,0,0,0,0,0,20
2025-09-24T17:29:57.180Z,58.3,0,0.001,49.6,0,55.2,0,0,0,0,0,0,0,0,20
2025-09-24T17:29:58.182Z,58.3,0,0.001,50.4,0,55.2,0,0,0,0,0,0,0,0,20
2025-09-24T17:29:59.182Z,58.4,0,0.001,49.6,0,55.2,0,0,0,0,0,0,0,0,20
2025-09-24T17:30:00.187Z,58.4,0,0.001,50.4,0,55.3,0,0,0,0,0,0,0,0,20
2025-09-24T17:30:01.186Z,58.4,0,0.001,49.6,0,55.3,0,0,0,0,0,0,0,0,20
2025-09-24T17:30:02.188Z,58.4,0,0.001,49.6,0,55.3,0,0,0,0,0,0,0,0,20
2025-09-24T17:30:03.193Z,58.4,0,0.001,50.4,0,55.3,0,0,0,0,0,0,0,0,20
2025-09-24T17:30:04.189Z,58.4,0,0.001,49.6,0,55.3,0,0,0,0,0,0,0,0,20
2025-09-24T17:30:05.188Z,58.4,0,0.001,50.4,0,55.3,0,0,0,0,0,0,0,0,20
2025-09-24T17:30:06.192Z,58.4,0,0.001,49.6,0,55.3,0,0,0,0,0,0,0,0,20
2025-09-24T17:30:07.194Z,58.4,0,0.001,50.4,0,55.4,0,0,0,0,0,0,0,0,20
2025-09-24T17:30:08.191Z,58.4,0,0.001,49.6,0,55.4,0,0,0,0,0,0,0,0,20
2025-09-24T17:30:09.194Z,58.4,0,0.001,50.4,0,55.4,0,0,0,0,0,0,0,0,20
2025-09-24T17:30:10.191Z,58.4,0,0,49.6,0,55.4,0,0,0,0,0,0,0,0,20
2025-09-24T17:30:11.192Z,58.4,0,0,49.6,0,55.4,0,0,0,0,0,0,0,0,20
2025-09-24T17:30:12.193Z,58.5,0,0,50.4,0,55.4,0,0,0,0,0,0,0,0,20
2025-09-24T17:30:13.194Z,58.5,0,0,49.6,0,55.4,0,0,0,0,0,0,0,0,20
2025-09-24T17:30:14.196Z,58.5,0,0,50.4,0,55.4,0,0,0,0,0,0,0,0,20
2025-09-24T17:30:15.198Z,58.5,0,0,50.4,0,55.4,0,0,0,0,0,0,0,0,20
2025-09-24T17:30:16.197Z,58.5,0,0,49.6,0,55.5,0,0,0,0,0,0,0,0,20
2025-09-24T17:30:17.195Z,58.5,0,0,49.6,0,55.5,0,0,0,0,0,0,0,0,20
2025-09-24T17:30:18.197Z,58.5,0,0,50.4,0,55.5,0,0,0,0,0,0,0,0,20
2025-09-24T17:30:19.200Z,58.5,0,0,50.4,0,55.5,0,0,0,0,0,0,0,0,20
2025-09-24T17:30:20.200Z,58.5,0,0.001,49.6,0,55.5,0,0,0,0,0,0,0,0,20
2025-09-24T17:30:21.202Z,58.5,0,0.001,50.4,0,55.5,0,0,0,0,0,0,0,0,20
2025-09-24T17:30:22.209Z,58.5,0,0,49.6,0,55.6,0,0,0,0,0,0,0,0,20
2025-09-24T17:30:23.204Z,58.5,0,0.001,50.4,0,55.6,0,0,0,0,0,0,0,0,20
2025-09-24T17:30:24.208Z,58.6,0,0.001,49.6,0,55.6,0,0,0,0,0,0,0,0,20
2025-09-24T17:30:25.206Z,58.6,0,0.001,50.4,0,55.6,0,0,0,0,0,0,0,0,20
2025-09-24T17:30:26.207Z,58.6,0,0.001,49.6,0,55.6,0,0,0,0,0,0,0,0,20
2025-09-24T17:30:27.208Z,58.6,0,0.001,50.4,0,55.6,0,0,0,0,0,0,0,0,20
2025-09-24T17:30:28.206Z,58.6,0,0.001,49.6,0,55.6,0,0,0,0,0,0,0,0,20
2025-09-24T17:30:29.210Z,58.6,0,0.001,49.6,0,55.7,0,0,0,0,0,0,0,0,20
2025-09-24T17:30:30.213Z,58.6,0,0.001,50.4,0,55.7,0,0,0,0,0,0,0,0,20
2025-09-24T17:30:31.208Z,58.6,0,0.001,49.6,0,55.7,0,0,0,0,0,0,0,0,20
2025-09-24T17:30:32.212Z,58.7,0,0.001,50.4,0,55.7,0,0,0,0,0,0,0,0,20
2025-09-24T17:30:33.214Z,58.7,0,0.001,49.6,0,55.7,0,0,0,0,0,0,0,0,20
2025-09-24T17:30:34.216Z,58.7,0,0.001,50.4,0,55.8,0,0,0,0,0,0,0,0,20
2025-09-24T17:30:35.213Z,58.7,0,0,49.6,0,55.8,0,0,0,0,0,0,0,0,20
2025-09-24T17:30:36.219Z,58.7,0,0.001,50.4,0,55.8,0,0,0,0,0,0,0,0,20
2025-09-24T17:30:37.217Z,58.7,0,0,49.6,0,55.8,0,0,0,0,0,0,0,0,20
2025-09-24T17:30:38.219Z,58.7,0,0,50.4,0,55.8,0,0,0,0,0,0,0,0,20
2025-09-24T17:30:39.217Z,58.7,0,0,49.6,0,55.8,0,0,0,0,0,0,0,0,20
2025-09-24T17:30:40.216Z,58.8,0,0,49.6,0,55.9,0,0,0,0,0,0,0,0,20
2025-09-24T17:30:41.221Z,58.8,0,0,49.6,0,55.9,0,0,0,0,0,0,0,0,20
2025-09-24T17:30:42.218Z,58.8,0,0,49.6,0,55.9,0,0,0,0,0,0,0,0,20
2025-09-24T17:30:43.223Z,58.8,0,0,50.4,0,55.9,0,0,0,0,0,0,0,0,20
2025-09-24T17:30:44.219Z,58.8,0,0,50.4,0,55.9,0,0,0,0,0,0,0,0,20
2025-09-24T17:30:45.222Z,58.8,0,0,49.6,0,55.9,0,0,0,0,0,0,0,0,20
2025-09-24T17:30:46.227Z,58.8,0,0,50.4,0,55.9,0,0,0,0,0,0,0,0,20
2025-09-24T17:30:47.224Z,58.8,0,0.001,49.6,0,56,0,0,0,0,0,0,0,0,20
2025-09-24T17:30:48.228Z,58.9,0,0,50.4,0,56,0,0,0,0,0,0,0,0,20
2025-09-24T17:30:49.228Z,58.9,0,0.001,49.6,0,56,0,0,0,0,0,0,0,0,20
2025-09-24T17:30:50.226Z,58.9,0,0.001,50.4,0,56,0,0,0,0,0,0,0,0,20
2025-09-24T17:30:51.226Z,58.9,0,0.001,49.6,0,56,0,0,0,0,0,0,0,0,20
2025-09-24T17:30:52.227Z,58.9,0,0.001,50.4,0,56,0,0,0,0,0,0,0,0,20
2025-09-24T17:30:53.232Z,58.9,0,0.001,49.6,0,56.1,0,0,0,0,0,0,0,0,20
2025-09-24T17:30:54.230Z,58.9,0,0.001,49.6,0,56.1,0,0,0,0,0,0,0,0,20
2025-09-24T17:30:55.235Z,59,0,0.001,50.4,0,56.1,0,0,0,0,0,0,0,0,20
2025-09-24T17:30:56.235Z,59,0,0.001,49.6,0,56.1,0,0,0,0,0,0,0,0,20
2025-09-24T17:30:57.237Z,59,0,0.001,50.4,0,56.1,0,0,0,0,0,0,0,0,20
2025-09-24T17:30:58.234Z,59,0,0.001,49.6,0,56.1,0,0,0,0,0,0,0,0,20
2025-09-24T17:30:59.236Z,59,0,0.001,50.4,0,56.2,0,0,0,0,0,0,0,0,20
2025-09-24T17:31:00.237Z,59,0,0.001,49.6,0,56.2,0,0,0,0,0,0,0,0,20
2025-09-24T17:31:01.234Z,59,0,0,49.6,0,56.2,0,0,0,0,0,0,0,0,20
2025-09-24T17:31:02.238Z,59.1,0,0,50.4,0,56.2,0,0,0,0,0,0,0,0,20
2025-09-24T17:31:03.240Z,59.1,0,0,49.6,0,56.2,0,0,0,0,0,0,0,0,20
2025-09-24T17:31:04.240Z,59.1,0,0,50.4,0,56.2,0,0,0,0,0,0,0,0,20
2025-09-24T17:31:05.242Z,59.1,0,0,50.4,0,56.3,0,0,0,0,0,0,0,0,20
2025-09-24T17:31:06.243Z,59.1,0,0,49.6,0,56.3,0,0,0,0,0,0,0,0,20
2025-09-24T17:31:07.246Z,59.1,0,0,50.4,0,56.3,0,0,0,0,0,0,0,0,20
2025-09-24T17:31:08.245Z,59.1,0,0,49.6,0,56.3,0,0,0,0,0,0,0,0,20
2025-09-24T17:31:09.244Z,59.2,0,0,50.4,0,56.3,0,0,0,0,0,0,0,0,20
2025-09-24T17:31:10.247Z,59.2,0,0,49.6,0,56.3,0,0,0,0,0,0,0,0,20
2025-09-24T17:31:11.244Z,59.2,0,0,50.4,0,56.4,0,0,0,0,0,0,0,0,20
2025-09-24T17:31:12.246Z,59.2,0,0,49.6,0,56.4,0,0,0,0,0,0,0,0,20
2025-09-24T17:31:13.250Z,59.2,0,0,50.4,0,56.4,0,0,0,0,0,0,0,0,20
2025-09-24T17:31:14.249Z,59.3,0,0,49.6,0,56.4,0,0,0,0,0,0,0,0,20
2025-09-24T17:31:15.251Z,59.3,0,0,50.4,0,56.4,0,0,0,0,0,0,0,0,20
2025-09-24T17:31:16.252Z,59.3,0,0.001,49.6,0,56.5,0,0,0,0,0,0,0,0,20
2025-09-24T17:31:17.252Z,59.3,0,0.001,50.4,0,56.5,0,0,0,0,0,0,0,0,20
2025-09-24T17:31:18.250Z,59.3,0,0.001,49.6,0,56.5,0,0,0,0,0,0,0,0,20
2025-09-24T17:31:19.257Z,59.4,0,0.001,50.4,0,56.5,0,0,0,0,0,0,0,0,20
2025-09-24T17:31:20.253Z,59.4,0,0.001,49.6,0,56.5,0,0,0,0,0,0,0,0,20
2025-09-24T17:31:21.258Z,59.4,0,0.001,50.4,0,56.6,0,0,0,0,0,0,0,0,20
2025-09-24T17:31:22.256Z,59.4,0,0.001,49.6,0,56.6,0,0,0,0,0,0,0,0,20
2025-09-24T17:31:23.256Z,59.4,0,0.001,50.4,0,56.6,0,0,0,0,0,0,0,0,20
2025-09-24T17:31:24.253Z,59.4,0,0,49.6,0,56.6,0,0,0,0,0,0,0,0,20
2025-09-24T17:31:25.255Z,59.5,0,0,50.4,0,56.6,0,0,0,0,0,0,0,0,20
2025-09-24T17:31:26.257Z,59.5,0,0,49.6,0,56.7,0,0,0,0,0,0,0,0,20
2025-09-24T17:31:27.256Z,59.5,0,0,50.4,0,56.7,0,0,0,0,0,0,0,0,20
2025-09-24T17:31:28.257Z,59.5,0,0,49.6,0,56.7,0,0,0,0,0,0,0,0,20
2025-09-24T17:31:29.263Z,59.5,0.3,0.29,50.4,0,56.7,0,0,0,0,0,0,0,0,20
2025-09-24T17:31:30.262Z,59.6,0,0.043,49.6,0,56.7,0,0,0,0,0,0,0,0,20
2025-09-24T17:31:31.263Z,59.6,0,0.018,49.6,0,56.8,0,0,0,0,0,0,0,0,1
2025-09-24T17:31:32.262Z,59.6,0.1,0.109,50.4,0,56.8,0,0,0,0,0,0,0,0,1
2025-09-24T17:31:33.261Z,59.6,0.1,0.34,49.6,0,56.8,0,0,0,0,0,0,0,0,1
2025-09-24T17:31:34.263Z,59.6,0.1,0.484,50.4,0,56.8,0,0,0,0,0,0,0,0,1
2025-09-24T17:31:35.267Z,59.7,0.1,0.523,49.6,0,56.8,0,0,0,0,0,0,0,0,1
2025-09-24T17:31:36.268Z,59.7,0.1,0.538,50.4,0,56.8,0,0,0,0,0,0,0,0,1
2025-09-24T17:31:37.268Z,59.7,0.1,0.549,49.6,0,56.9,0,0,0,0,0,0,0,0,1
2025-09-24T17:31:38.271Z,59.7,0.1,0.557,50.4,0,56.9,0,0,0,0,0,0,0,0,1
2025-09-24T17:31:39.269Z,59.7,0.1,0.565,49.6,0,56.9,0,0,0,0,0,0,0,0,1
2025-09-24T17:31:40.267Z,59.7,0.1,0.574,49.6,0,56.9,0,0,0,0,0,0,0,0,1
2025-09-24T17:31:41.271Z,59.8,0.1,0.58,50.4,0,56.9,0,0,0,0,0,0,0,0,1
2025-09-24T17:31:42.271Z,59.8,0.1,0.587,49.6,0,56.9,0,0,0,0,0,0,0,0,1
2025-09-24T17:31:43.277Z,59.8,0.1,0.595,50.4,0,57,0,0,0,0,0,0,0,0,1
2025-09-24T17:31:44.274Z,59.8,0.1,0.602,49.6,0,57,0,0,0,0,0,0,0,0,1
2025-09-24T17:31:45.273Z,59.8,0.1,0.612,49.6,0,57,0,0,0,0,0,0,0,0,1
2025-09-24T17:31:46.275Z,59.8,0.1,0.623,50.4,0,57,0,0,0,0,0,0,0,0,1
2025-09-24T17:31:47.277Z,59.9,0.1,0.636,49.6,0,57,0,0,0,0,0,0,0,0,1
2025-09-24T17:31:48.276Z,59.9,0.1,0.656,50.4,0,57,0,0,0,0,0,0,0,0,1
2025-09-24T17:31:49.280Z,59.9,0.1,0.691,49.6,0,57.1,0,0,0,0,0,0,0,0,1
2025-09-24T17:31:50.283Z,59.9,0.1,0.724,50.4,0,57.1,0,0,0,0,0,0,0,0,1
2025-09-24T17:31:51.283Z,60,0.1,0.75,49.6,0,57.1,0,0,0,0,0,0,0,0,1
2025-09-24T17:31:52.284Z,60,0.1,0.771,50.4,0,57.1,0,0,0,0,0,0,0,0,1
2025-09-24T17:31:53.283Z,60,0.1,0.789,49.6,0,57.1,0,0,0,0,0,0,0,0,1
2025-09-24T17:31:54.285Z,60,0.1,0.806,50.4,0,57.1,0,0,0,0,0,0,0,0,1
2025-09-24T17:31:55.289Z,60,0.1,0.823,49.6,0,57.1,0,0,0,0,0,0,0,0,1
2025-09-24T17:31:56.284Z,60,0.1,0.84,50.4,0,57.2,0,0,0,0,0,0,0,0,1
2025-09-24T17:31:57.287Z,60.1,0.1,0.858,49.6,0,57.2,0,0,0,0,0,0,0,0,1
2025-09-24T17:31:58.287Z,60.1,0.1,0.878,50.4,0,57.2,0,0,0,0,0,0,0,0,1
2025-09-24T17:31:59.292Z,60.1,0.1,0.903,49.6,0,57.2,0,0,0,0,0,0,0,0,1
2025-09-24T17:32:00.288Z,60.1,0.1,0.933,50.4,0,57.2,0,0,0,0,0,0,0,0,1
2025-09-24T17:32:01.292Z,60.1,0.1,0.968,50.4,0,57.2,0,0,0,0,0,0,0,0,1
2025-09-24T17:32:02.292Z,60.2,0.1,1.008,49.6,0,57.3,0,0,0,0,0,0,0,0,1
2025-09-24T17:32:03.291Z,60.2,0.1,1.054,50.4,0,57.3,0,0,0,0,0,0,0,0,1
2025-09-24T17:32:04.291Z,60.2,0.1,1.105,49.6,0,57.3,0,0,0,0,0,0,0,0,1
2025-09-24T17:32:05.292Z,60.2,0.1,1.157,50.4,0,57.3,0,0,0,0,0,0,0,0,1
2025-09-24T17:32:06.295Z,60.3,0.1,1.201,49.6,0,57.3,0,0,0,0,0,0,0,0,1
2025-09-24T17:32:07.292Z,60.3,0.1,1.237,50.4,0,57.3,0,0,0,0,0,0,0,0,1
2025-09-24T17:32:08.295Z,60.3,0.1,1.263,49.6,0,57.4,0,0,0,0,0,0,0,0,1
2025-09-24T17:32:09.293Z,60.3,0.1,1.287,50.4,0,57.4,0,0,0,0,0,0,0,0,1
2025-09-24T17:32:10.293Z,60.3,0.1,1.315,49.6,0,57.4,0,0,0,0,0,0,0,0,1
2025-09-24T17:32:11.296Z,60.4,0.1,1.346,50.4,0,57.4,0,0,0,0,0,0,0,0,1
2025-09-24T17:32:12.300Z,60.4,0.1,1.381,49.6,0,57.4,0,0,0,0,0,0,0,0,1
2025-09-24T17:32:13.297Z,60.4,0.1,1.411,49.6,0,57.4,0,0,0,0,0,0,0,0,1
2025-09-24T17:32:14.296Z,60.4,0.1,1.433,50.4,0,57.4,0,0,0,0,0,0,0,0,1
2025-09-24T17:32:15.301Z,60.4,0.1,1.445,49.6,0,57.4,0,0,0,0,0,0,0,0,1
2025-09-24T17:32:16.301Z,60.5,0.1,1.453,50.4,0,57.5,0,0,0,0,0,0,0,0,1
2025-09-24T17:32:17.302Z,60.5,0.1,1.457,49.6,0,57.5,0,0,0,0,0,0,0,0,1
2025-09-24T17:32:18.301Z,60.5,0.1,1.459,50.4,0,57.5,0,0,0,0,0,0,0,0,1
2025-09-24T17:32:19.301Z,60.5,0.1,1.463,49.6,0,57.5,0,0,0,0,0,0,0,0,1
2025-09-24T17:32:20.304Z,60.5,0.1,1.464,50.4,0,57.5,0,0,0,0,0,0,0,0,1
2025-09-24T17:32:21.306Z,60.6,0.1,1.466,49.6,0,57.5,0,0,0,0,0,0,0,0,1
2025-09-24T17:32:22.306Z,60.6,0.1,1.467,50.4,0,57.5,0,0,0,0,0,0,0,0,1
2025-09-24T17:32:23.306Z,60.6,0.1,1.469,49.6,0,57.5,0,0,0,0,0,0,0,0,1
2025-09-24T17:32:24.309Z,60.6,0.1,1.47,50.4,0,57.6,0,0,0,0,0,0,0,0,1
2025-09-24T17:32:25.308Z,60.6,0.1,1.472,49.6,0,57.6,0,0,0,0,0,0,0,0,1
2025-09-24T17:32:26.308Z,60.7,0.1,1.473,50.4,0,57.6,0,0,0,0,0,0,0,0,1
2025-09-24T17:32:27.310Z,60.7,0.1,1.474,49.6,0,57.6,0,0,0,0,0,0,0,0,1
2025-09-24T17:32:28.311Z,60.7,0.1,1.475,49.6,0,57.6,0,0,0,0,0,0,0,0,1
2025-09-24T17:32:29.311Z,60.7,0.1,1.477,50.4,0,57.6,0,0,0,0,0,0,0,0,1
2025-09-24T17:32:30.314Z,60.7,0.1,1.478,49.6,0,57.7,0,0,0,0,0,0,0,0,1
2025-09-24T17:32:31.311Z,60.8,0.1,1.478,50.4,0,57.7,0,0,0,0,0,0,0,0,1
2025-09-24T17:32:32.313Z,60.8,0.1,1.48,49.6,0,57.7,0,0,0,0,0,0,0,0,1
2025-09-24T17:32:33.312Z,60.8,0.1,1.481,50.4,0,57.7,0,0,0,0,0,0,0,0,1
2025-09-24T17:32:34.318Z,60.8,0.1,1.481,49.6,0,57.8,0,0,0,0,0,0,0,0,1
2025-09-24T17:32:35.320Z,60.8,0.1,1.481,50.4,0,57.8,0,0,0,0,0,0,0,0,1
2025-09-24T17:32:36.319Z,60.9,0.1,1.483,49.6,0,57.8,0,0,0,0,0,0,0,0,1
2025-09-24T17:32:37.317Z,60.9,0.1,1.483,50.4,0,57.8,0,0,0,0,0,0,0,0,1
2025-09-24T17:32:38.319Z,60.9,0.1,1.484,49.6,0,57.8,0,0,0,0,0,0,0,0,1
2025-09-24T17:32:39.326Z,60.9,0.1,1.486,50.4,0,57.9,0,0,0,0,0,0,0,0,1
2025-09-24T17:32:40.322Z,60.9,0.1,1.486,49.6,0,57.9,0,0,0,0,0,0,0,0,1
2025-09-24T17:32:41.325Z,61,0.1,1.486,49.6,0,57.9,0,0,0,0,0,0,0,0,1
2025-09-24T17:32:42.323Z,61,0.1,1.486,50.4,0,57.9,0,0,0,0,0,0,0,0,1
2025-09-24T17:32:43.328Z,61,0.1,1.488,49.6,0,57.9,0,0,0,0,0,0,0,0,1
2025-09-24T17:32:44.327Z,61,0.1,1.487,50.4,0,58,0,0,0,0,0,0,0,0,1
2025-09-24T17:32:45.325Z,61,0.1,1.488,49.6,0,58,0,0,0,0,0,0,0,0,1
2025-09-24T17:32:46.327Z,61.1,0.1,1.489,50.4,0,58,0,0,0,0,0,0,0,0,1
2025-09-24T17:32:47.324Z,61.1,0.1,1.489,49.6,0,58,0,0,0,0,0,0,0,0,1
2025-09-24T17:32:48.326Z,61.1,0.1,1.489,50.4,0,58,0,0,0,0,0,0,0,0,1
2025-09-24T17:32:49.331Z,61.1,0.1,1.489,49.6,0,58.1,0,0,0,0,0,0,0,0,1
2025-09-24T17:32:50.330Z,61.2,0.1,1.49,49.6,0,58.1,0,0,0,0,0,0,0,0,1
2025-09-24T17:32:51.333Z,61.2,0.1,1.49,50.4,0,58.1,0,0,0,0,0,0,0,0,1
2025-09-24T17:32:52.332Z,61.2,0.1,1.49,49.6,0,58.1,0,0,0,0,0,0,0,0,1
2025-09-24T17:32:53.333Z,61.2,0.1,1.49,50.4,0,58.1,0,0,0,0,0,0,0,0,1
2025-09-24T17:32:54.334Z,61.2,0.1,1.491,49.6,0,58.1,0,0,0,0,0,0,0,0,1
2025-09-24T17:32:55.334Z,61.3,0.1,1.491,49.6,0,58.2,0,0,0,0,0,0,0,0,1
2025-09-24T17:32:56.333Z,61.3,0.1,1.492,50.4,0,58.2,0,0,0,0,0,0,0,0,1
2025-09-24T17:32:57.335Z,61.3,0.1,1.492,49.6,0,58.2,0,0,0,0,0,0,0,0,1
2025-09-24T17:32:58.332Z,61.3,0.1,1.492,50.4,0,58.2,0,0,0,0,0,0,0,0,1
2025-09-24T17:32:59.338Z,61.3,0.1,1.492,49.6,0,58.2,0,0,0,0,0,0,0,0,1
2025-09-24T17:33:00.338Z,61.4,0.1,1.492,50.4,0,58.2,0,0,0,0,0,0,0,0,1
2025-09-24T17:33:01.344Z,61.4,0.1,1.492,49.6,0,58.3,0,0,0,0,0,0,0,0,1
2025-09-24T17:33:02.341Z,61.4,0.1,1.493,49.6,0,58.3,0,0,0,0,0,0,0,0,1
2025-09-24T17:33:03.342Z,61.4,0.1,1.494,50.4,0,58.3,0,0,0,0,0,0,0,0,1
2025-09-24T17:33:04.345Z,61.4,0.1,1.494,49.6,0,58.3,0,0,0,0,0,0,0,0,1
2025-09-24T17:33:05.349Z,61.5,0.1,1.494,50.4,0,58.3,0,0,0,0,0,0,0,0,1
2025-09-24T17:33:06.347Z,61.5,0.1,1.494,49.6,0,58.3,0,0,0,0,0,0,0,0,1
2025-09-24T17:33:07.341Z,61.5,0.1,1.494,50.4,0,58.3,0,0,0,0,0,0,0,0,1
2025-09-24T17:33:08.349Z,61.5,0.1,1.494,49.6,0,58.3,0,0,0,0,0,0,0,0,1
2025-09-24T17:33:09.346Z,61.5,0.1,1.494,50.4,0,58.4,0,0,0,0,0,0,0,0,1
2025-09-24T17:33:10.348Z,61.6,0.1,1.494,49.6,0,58.4,0,0,0,0,0,0,0,0,1
2025-09-24T17:33:11.348Z,61.6,0.1,1.494,49.6,0,58.4,0,0,0,0,0,0,0,0,1
2025-09-24T17:33:12.351Z,61.6,0.1,1.495,50.4,0,58.4,0,0,0,0,0,0,0,0,1
2025-09-24T17:33:13.348Z,61.6,0.1,1.494,49.6,0,58.4,0,0,0,0,0,0,0,0,1
2025-09-24T17:33:14.349Z,61.6,0.1,1.494,50.4,0,58.4,0,0,0,0,0,0,0,0,1
2025-09-24T17:33:15.354Z,61.6,0.1,1.495,49.6,0,58.4,0,0,0,0,0,0,0,0,1
2025-09-24T17:33:16.352Z,61.7,0.1,1.496,50.4,0,58.4,0,0,0,0,0,0,0,0,1
2025-09-24T17:33:17.355Z,61.7,0.1,1.496,49.6,0,58.5,0,0,0,0,0,0,0,0,1
2025-09-24T17:33:18.355Z,61.7,0.1,1.496,50.4,0,58.5,0,0,0,0,0,0,0,0,1
2025-09-24T17:33:19.354Z,61.7,0.1,1.496,49.6,0,58.5,0,0,0,0,0,0,0,0,1
2025-09-24T17:33:20.357Z,61.7,0.1,1.496,50.4,0,58.5,0,0,0,0,0,0,0,0,1
2025-09-24T17:33:21.359Z,61.8,0.1,1.496,49.6,0,58.5,0,0,0,0,0,0,0,0,1
2025-09-24T17:33:22.357Z,61.8,0.1,1.495,50.4,0,58.5,0,0,0,0,0,0,0,0,1
2025-09-24T17:33:23.359Z,61.8,0.1,1.496,49.6,0,58.5,0,0,0,0,0,0,0,0,1
2025-09-24T17:33:24.360Z,61.8,0.1,1.495,50.4,0,58.5,0,0,0,0,0,0,0,0,1
2025-09-24T17:33:25.362Z,61.8,0.1,1.496,49.6,0,58.5,0,0,0,0,0,0,0,0,1
2025-09-24T17:33:26.360Z,61.8,0.1,1.495,50.4,0,58.5,0,0,0,0,0,0,0,0,1
2025-09-24T17:33:27.361Z,61.9,0.1,1.495,49.6,0,58.5,0,0,0,0,0,0,0,0,1
2025-09-24T17:33:28.364Z,61.9,0.1,1.496,50.4,0,58.5,0,0,0,0,0,0,0,0,1
2025-09-24T17:33:29.366Z,61.9,0.1,1.496,49.6,0,58.6,0,0,0,0,0,0,0,0,1
2025-09-24T17:33:30.364Z,61.9,0.1,1.495,49.6,0,58.6,0,0,0,0,0,0,0,0,1
2025-09-24T17:33:31.364Z,62,0.1,1.495,50.4,0,58.6,0,0,0,0,0,0,0,0,1
2025-09-24T17:33:32.366Z,62,0.1,1.496,49.6,0,58.6,0,0,0,0,0,0,0,0,1
2025-09-24T17:33:33.371Z,62,0.1,1.497,50.4,0,58.6,0,0,0,0,0,0,0,0,1
2025-09-24T17:33:34.369Z,62,0.1,1.497,49.6,0,58.6,0,0,0,0,0,0,0,0,1
2025-09-24T17:33:35.371Z,62,0.1,1.497,49.6,0,58.6,0,0,0,0,0,0,0,0,1
2025-09-24T17:33:36.370Z,62,0.1,1.497,49.6,0,58.6,0,0,0,0,0,0,0,0,1
2025-09-24T17:33:37.369Z,62.1,0.1,1.497,50.4,0,58.7,0,0,0,0,0,0,0,0,1
2025-09-24T17:33:38.370Z,62.1,0.1,1.497,49.6,0,58.7,0,0,0,0,0,0,0,0,1
2025-09-24T17:33:39.370Z,62.1,0.1,1.496,50.4,0,58.7,0,0,0,0,0,0,0,0,1
2025-09-24T17:33:40.376Z,62.1,0.1,1.497,49.6,0,58.7,0,0,0,0,0,0,0,0,1
2025-09-24T17:33:41.373Z,62.1,0.1,1.497,50.4,0,58.7,0,0,0,0,0,0,0,0,1
2025-09-24T17:33:42.372Z,62.1,0.1,1.497,49.6,0,58.7,0,0,0,0,0,0,0,0,1
2025-09-24T17:33:43.376Z,62.2,0.1,1.497,50.4,0,58.7,0,0,0,0,0,0,0,0,1
2025-09-24T17:33:44.372Z,62.2,0.1,1.497,49.6,0,58.7,0,0,0,0,0,0,0,0,1
2025-09-24T17:33:45.374Z,62.2,0.1,1.496,50.4,0,58.7,0,0,0,0,0,0,0,0,1
2025-09-24T17:33:46.378Z,62.2,0.1,1.497,49.6,0,58.7,0,0,0,0,0,0,0,0,1
2025-09-24T17:33:47.377Z,62.2,0.1,1.497,50.4,0,58.7,0,0,0,0,0,0,0,0,1
2025-09-24T17:33:48.377Z,62.2,0.1,1.497,49.6,0,58.7,0,0,0,0,0,0,0,0,1
2025-09-24T17:33:49.380Z,62.2,0.1,1.497,50.4,0,58.7,0,0,0,0,0,0,0,0,1
2025-09-24T17:33:50.383Z,62.3,0.1,1.497,49.6,0,58.8,0,0,0,0,0,0,0,0,1
2025-09-24T17:33:51.381Z,62.3,0.1,1.496,50.4,0,58.8,0,0,0,0,0,0,0,0,1
2025-09-24T17:33:52.381Z,62.3,0.1,1.496,49.6,0,58.8,0,0,0,0,0,0,0,0,1
2025-09-24T17:33:53.385Z,62.3,0.1,1.497,50.4,0,58.8,0,0,0,0,0,0,0,0,1
2025-09-24T17:33:54.387Z,62.3,0.1,1.497,49.6,0,58.8,0,0,0,0,0,0,0,0,1
2025-09-24T17:33:55.387Z,62.3,0.1,1.497,50.4,0,58.8,0,0,0,0,0,0,0,0,1
2025-09-24T17:33:56.387Z,62.3,0.1,1.497,49.6,0,58.8,0,0,0,0,0,0,0,0,1
2025-09-24T17:33:57.389Z,62.4,0.1,1.497,50.4,0,58.8,0,0,0,0,0,0,0,0,1
2025-09-24T17:33:58.387Z,62.4,0.1,1.497,49.6,0,58.8,0,0,0,0,0,0,0,0,1
2025-09-24T17:33:59.389Z,62.4,0.1,1.497,50.4,0,58.8,0,0,0,0,0,0,0,0,1
2025-09-24T17:34:00.389Z,62.4,0.1,1.497,49.6,0,58.8,0,0,0,0,0,0,0,0,1
2025-09-24T17:34:01.389Z,62.4,0.1,1.497,49.6,0,58.8,0,0,0,0,0,0,0,0,1
2025-09-24T17:34:02.394Z,62.4,0.1,1.497,50.4,0,58.8,0,0,0,0,0,0,0,0,1
2025-09-24T17:34:03.390Z,62.4,0.1,1.497,49.6,0,58.9,0,0,0,0,0,0,0,0,1
2025-09-24T17:34:04.395Z,62.4,0.1,1.497,50.4,0,58.9,0,0,0,0,0,0,0,0,1
2025-09-24T17:34:05.402Z,62.5,0.1,1.497,49.6,0,58.9,0,0,0,0,0,0,0,0,1
2025-09-24T17:34:06.396Z,62.5,0.1,1.497,50.4,0,58.9,0,0,0,0,0,0,0,0,1
2025-09-24T17:34:07.391Z,62.5,0.1,1.497,49.6,0,58.9,0,0,0,0,0,0,0,0,1
2025-09-24T17:34:08.401Z,62.5,0.1,1.497,50.4,0,58.9,0,0,0,0,0,0,0,0,1
2025-09-24T17:34:09.401Z,62.5,0.1,1.497,49.6,0,58.9,0,0,0,0,0,0,0,0,1
2025-09-24T17:34:10.399Z,62.5,0.1,1.497,50.4,0,58.9,0,0,0,0,0,0,0,0,1
2025-09-24T17:34:11.401Z,62.5,0.1,1.497,49.6,0,58.9,0,0,0,0,0,0,0,0,1
2025-09-24T17:34:12.406Z,62.5,0.1,1.497,49.6,0,58.9,0,0,0,0,0,0,0,0,1
2025-09-24T17:34:13.404Z,62.5,0.1,1.497,50.4,0,58.9,0,0,0,0,0,0,0,0,1
2025-09-24T17:34:14.402Z,62.5,0.1,1.496,49.6,0,58.9,0,0,0,0,0,0,0,0,1
2025-09-24T17:34:15.403Z,62.6,0.1,1.497,50.4,0,58.9,0,0,0,0,0,0,0,0,1
2025-09-24T17:34:16.403Z,62.6,0.1,1.497,49.6,0,58.9,0,0,0,0,0,0,0,0,1
2025-09-24T17:34:17.404Z,62.6,0.1,1.497,50.4,0,58.9,0,0,0,0,0,0,0,0,1
2025-09-24T17:34:18.404Z,62.6,0.1,1.497,49.6,0,59,0,0,0,0,0,0,0,0,1
2025-09-24T17:34:19.401Z,62.6,0.1,1.497,50.4,0,59,0,0,0,0,0,0,0,0,1
2025-09-24T17:34:20.407Z,62.6,0.1,1.497,49.6,0,59,0,0,0,0,0,0,0,0,1
2025-09-24T17:34:21.410Z,62.6,0.1,1.497,49.6,0,59,0,0,0,0,0,0,0,0,1
2025-09-24T17:34:22.409Z,62.6,0.1,1.497,50.4,0,59,0,0,0,0,0,0,0,0,1
2025-09-24T17:34:23.411Z,62.6,0.1,1.497,49.6,0,59,0,0,0,0,0,0,0,0,1
2025-09-24T17:34:24.409Z,62.6,0.1,1.497,50.4,0,59,0,0,0,0,0,0,0,0,1
2025-09-24T17:34:25.408Z,62.7,0.1,1.497,49.6,0,59,0,0,0,0,0,0,0,0,1
2025-09-24T17:34:26.413Z,62.7,0.1,1.497,50.4,0,59,0,0,0,0,0,0,0,0,1
2025-09-24T17:34:27.413Z,62.7,0.1,1.497,49.6,0,59,0,0,0,0,0,0,0,0,1
2025-09-24T17:34:28.413Z,62.7,0.1,1.497,50.4,0,59,0,0,0,0,0,0,0,0,1
2025-09-24T17:34:29.416Z,62.7,0.1,1.497,49.6,0,59,0,0,0,0,0,0,0,0,1
2025-09-24T17:34:30.415Z,62.7,0.1,1.497,50.4,0,59,0,0,0,0,0,0,0,0,1
2025-09-24T17:34:31.420Z,62.7,0.1,1.497,49.6,0,59,0,0,0,0,0,0,0,0,1
2025-09-24T17:34:32.420Z,62.7,0.1,1.497,50.4,0,59,0,0,0,0,0,0,0,0,1
2025-09-24T17:34:33.421Z,62.7,0.1,1.497,49.6,0,59,0,0,0,0,0,0,0,0,1
2025-09-24T17:34:34.426Z,62.7,0.1,1.497,50.4,0,59,0,0,0,0,0,0,0,0,1
2025-09-24T17:34:35.429Z,62.7,0.1,1.497,49.6,0,59,0,0,0,0,0,0,0,0,1
2025-09-24T17:34:36.427Z,62.7,0.1,1.497,50.4,0,59,0,0,0,0,0,0,0,0,1
2025-09-24T17:34:37.432Z,62.7,0.1,1.497,50.4,0,59.1,0,0,0,0,0,0,0,0,1
2025-09-24T17:34:38.427Z,62.7,0.1,1.497,49.6,0,59.1,0,0,0,0,0,0,0,0,1
2025-09-24T17:34:39.425Z,62.7,0.1,1.497,50.4,0,59.1,0,0,0,0,0,0,0,0,1
2025-09-24T17:34:40.426Z,62.7,0.1,1.497,49.6,0,59.1,0,0,0,0,0,0,0,0,1
2025-09-24T17:34:41.428Z,62.7,0.1,1.497,50.4,0,59.1,0,0,0,0,0,0,0,0,1
2025-09-24T17:34:42.435Z,62.7,0.1,1.497,49.6,0,59.1,0,0,0,0,0,0,0,0,1
2025-09-24T17:34:43.436Z,62.8,0.1,1.497,50.4,0,59.1,0,0,0,0,0,0,0,0,1
2025-09-24T17:34:44.431Z,62.8,0.1,1.497,49.6,0,59.1,0,0,0,0,0,0,0,0,1
2025-09-24T17:34:45.432Z,62.8,0.1,1.497,50.4,0,59.1,0,0,0,0,0,0,0,0,1
2025-09-24T17:34:46.433Z,62.8,0.1,1.497,49.6,0,59.1,0,0,0,0,0,0,0,0,1
2025-09-24T17:34:47.432Z,62.8,0.1,1.497,50.4,0,59.1,0,0,0,0,0,0,0,0,1
2025-09-24T17:34:48.434Z,62.8,0.1,1.497,49.6,0,59.1,0,0,0,0,0,0,0,0,1
2025-09-24T17:34:49.435Z,62.8,0.1,1.497,50.4,0,59.1,0,0,0,0,0,0,0,0,1
2025-09-24T17:34:50.439Z,62.8,0.1,1.497,49.6,0,59.1,0,0,0,0,0,0,0,0,1
2025-09-24T17:34:51.438Z,62.8,0.1,1.497,50.4,0,59.1,0,0,0,0,0,0,0,0,1
2025-09-24T17:34:52.438Z,62.8,0.1,1.497,49.6,0,59.1,0,0,0,0,0,0,0,0,1
2025-09-24T17:34:53.440Z,62.8,0.1,1.497,49.6,0,59.1,0,0,0,0,0,0,0,0,1
2025-09-24T17:34:54.446Z,62.8,0.1,1.497,50.4,0,59.1,0,0,0,0,0,0,0,0,1
2025-09-24T17:34:55.440Z,62.8,0.1,1.497,49.6,0,59.1,0,0,0,0,0,0,0,0,1
2025-09-24T17:34:56.444Z,62.8,0.1,1.497,50.4,0,59.1,0,0,0,0,0,0,0,0,1
2025-09-24T17:34:57.441Z,62.8,0.1,1.497,49.6,0,59.1,0,0,0,0,0,0,0,0,1
2025-09-24T17:34:58.443Z,62.8,0.1,1.497,50.4,0,59.2,0,0,0,0,0,0,0,0,1
2025-09-24T17:34:59.444Z,62.8,0.1,1.497,49.6,0,59.2,0,0,0,0,0,0,0,0,1
2025-09-24T17:35:00.441Z,62.8,0.1,1.497,50.4,0,59.2,0,0,0,0,0,0,0,0,1
2025-09-24T17:35:01.440Z,62.8,0.1,1.497,49.6,0,59.2,0,0,0,0,0,0,0,0,1
2025-09-24T17:35:02.447Z,62.8,0.1,1.497,50.4,0,59.2,0,0,0,0,0,0,0,0,1
2025-09-24T17:35:03.446Z,62.8,0.1,1.497,49.6,0,59.2,0,0,0,0,0,0,0,0,1
2025-09-24T17:35:04.448Z,62.8,0.1,1.497,50.4,0,59.2,0,0,0,0,0,0,0,0,1
2025-09-24T17:35:05.453Z,62.8,0.1,1.497,49.6,0,59.2,0,0,0,0,0,0,0,0,1
2025-09-24T17:35:06.452Z,62.8,0.1,1.497,50.4,0,59.2,0,0,0,0,0,0,0,0,1
2025-09-24T17:35:07.453Z,62.8,0.1,1.497,49.6,0,59.2,0,0,0,0,0,0,0,0,1
2025-09-24T17:35:08.447Z,62.8,0.1,1.497,50.4,0,59.2,0,0,0,0,0,0,0,0,1
2025-09-24T17:35:09.455Z,62.8,0.1,1.497,49.6,0,59.2,0,0,0,0,0,0,0,0,1
2025-09-24T17:35:10.455Z,62.8,0.1,1.497,50.4,0,59.2,0,0,0,0,0,0,0,0,1
2025-09-24T17:35:11.449Z,62.8,0.1,1.497,49.6,0,59.2,0,0,0,0,0,0,0,0,1
2025-09-24T17:35:12.453Z,62.8,0.1,1.497,50.4,0,59.2,0,0,0,0,0,0,0,0,1
2025-09-24T17:35:13.451Z,62.8,0.1,1.497,49.6,0,59.2,0,0,0,0,0,0,0,0,1
2025-09-24T17:35:14.456Z,62.8,0.1,1.497,50.4,0,59.3,0,0,0,0,0,0,0,0,1
2025-09-24T17:35:15.456Z,62.8,0.1,1.497,49.6,0,59.3,0,0,0,0,0,0,0,0,1
2025-09-24T17:35:16.459Z,62.8,0.1,1.497,50.4,0,59.3,0,0,0,0,0,0,0,0,1
2025-09-24T17:35:17.463Z,62.8,0.1,1.497,49.6,0,59.3,0,0,0,0,0,0,0,0,1
2025-09-24T17:35:18.455Z,62.8,0.1,1.497,49.6,0,59.3,0,0,0,0,0,0,0,0,1
2025-09-24T17:35:19.460Z,62.8,0.1,1.498,49.6,0,59.3,0,0,0,0,0,0,0,0,1
2025-09-24T17:35:20.458Z,62.8,0.1,1.497,50.4,0,59.3,0,0,0,0,0,0,0,0,1
2025-09-24T17:35:21.461Z,62.7,0.1,1.498,49.6,0,59.3,0,0,0,0,0,0,0,0,1
2025-09-24T17:35:22.462Z,62.7,0.1,1.497,50.4,0,59.3,0,0,0,0,0,0,0,0,1
2025-09-24T17:35:23.464Z,62.7,0.1,1.498,49.6,0,59.3,0,0,0,0,0,0,0,0,1
2025-09-24T17:35:24.465Z,62.7,0.1,1.498,50.4,0,59.3,0,0,0,0,0,0,0,0,1
2025-09-24T17:35:25.464Z,62.7,0.1,1.498,49.6,0,59.3,0,0,0,0,0,0,0,0,1
2025-09-24T17:35:26.465Z,62.7,0.1,1.498,50.4,0,59.3,0,0,0,0,0,0,0,0,1
2025-09-24T17:35:27.466Z,62.7,0.1,1.498,49.6,0,59.3,0,0,0,0,0,0,0,0,1
2025-09-24T17:35:28.463Z,62.7,0.1,1.498,50.4,0,59.3,0,0,0,0,0,0,0,0,1
2025-09-24T17:35:29.466Z,62.7,0.1,1.498,49.6,0,59.3,0,0,0,0,0,0,0,0,1
2025-09-24T17:35:30.467Z,62.7,0.1,1.499,50.4,0,59.4,0,0,0,0,0,0,0,0,1
2025-09-24T17:35:31.472Z,62.7,0.1,1.499,49.6,0,59.4,0,0,0,0,0,0,0,0,1
2025-09-24T17:35:32.474Z,62.7,0.1,1.498,50.4,0,59.4,0,0,0,0,0,0,0,0,1
2025-09-24T17:35:33.475Z,62.7,0.1,1.499,49.6,0,59.4,0,0,0,0,0,0,0,0,1
2025-09-24T17:35:34.475Z,62.7,0.1,1.499,49.6,0,59.4,0,0,0,0,0,0,0,0,1
2025-09-24T17:35:35.476Z,62.7,0.1,1.497,50.4,0,59.4,0,0,0,0,0,0,0,0,1
2025-09-24T17:35:36.477Z,62.7,0.1,1.498,49.6,0,59.4,0,0,0,0,0,0,0,0,1
2025-09-24T17:35:37.479Z,62.7,0.1,1.498,50.4,0,59.4,0,0,0,0,0,0,0,0,1
2025-09-24T17:35:38.478Z,62.7,0.1,1.497,49.6,0,59.4,0,0,0,0,0,0,0,0,1
2025-09-24T17:35:39.478Z,62.7,0.1,1.497,50.4,0,59.4,0,0,0,0,0,0,0,0,1
2025-09-24T17:35:40.478Z,62.7,0.1,1.498,49.6,0,59.4,0,0,0,0,0,0,0,0,1
2025-09-24T17:35:41.476Z,62.6,0.1,1.497,50.4,0,59.4,0,0,0,0,0,0,0,0,1
2025-09-24T17:35:42.480Z,62.6,0.1,1.497,49.6,0,59.4,0,0,0,0,0,0,0,0,1
2025-09-24T17:35:43.477Z,62.6,0.1,1.498,50.4,0,59.5,0,0,0,0,0,0,0,0,1
2025-09-24T17:35:44.478Z,62.6,0.1,1.499,49.6,0,59.5,0,0,0,0,0,0,0,0,1
2025-09-24T17:35:45.485Z,62.6,0.1,1.497,50.4,0,59.5,0,0,0,0,0,0,0,0,1
2025-09-24T17:35:46.480Z,62.6,0.1,1.497,49.6,0,59.5,0,0,0,0,0,0,0,0,1
2025-09-24T17:35:47.486Z,62.6,0.1,1.498,50.4,0,59.5,0,0,0,0,0,0,0,0,1
2025-09-24T17:35:48.485Z,62.6,0.1,1.499,49.6,0,59.5,0,0,0,0,0,0,0,0,1
2025-09-24T17:35:49.486Z,62.6,0.1,1.497,50.4,0,59.5,0,0,0,0,0,0,0,0,1
2025-09-24T17:35:50.483Z,62.6,0.1,1.497,49.6,0,59.5,0,0,0,0,0,0,0,0,1
2025-09-24T17:35:51.486Z,62.6,0.1,1.497,50.4,0,59.5,0,0,0,0,0,0,0,0,1
2025-09-24T17:35:52.485Z,62.6,0.1,1.497,49.6,0,59.5,0,0,0,0,0,0,0,0,1
2025-09-24T17:35:53.490Z,62.6,0.1,1.497,49.6,0,59.5,0,0,0,0,0,0,0,0,1
2025-09-24T17:35:54.490Z,62.6,0.1,1.497,50.4,0,59.5,0,0,0,0,0,0,0,0,1
2025-09-24T17:35:55.493Z,62.5,0.1,1.497,50.4,0,59.5,0,0,0,0,0,0,0,0,1
2025-09-24T17:35:56.494Z,62.6,0.1,1.497,49.6,0,59.5,0,0,0,0,0,0,0,0,1
2025-09-24T17:35:57.490Z,62.5,0.1,1.499,49.6,0,59.5,0,0,0,0,0,0,0,0,1
2025-09-24T17:35:58.496Z,62.5,0.1,1.499,49.6,0,59.5,0,0,0,0,0,0,0,0,1
2025-09-24T17:35:59.494Z,62.5,0.1,1.498,50.4,0,59.5,0,0,0,0,0,0,0,0,1
2025-09-24T17:36:00.492Z,62.5,0.1,1.497,49.6,0,59.6,0,0,0,0,0,0,0,0,1
2025-09-24T17:36:01.498Z,62.5,0.1,1.497,50.4,0,59.6,0,0,0,0,0,0,0,0,1
2025-09-24T17:36:02.496Z,62.5,0.1,1.497,49.6,0,59.6,0,0,0,0,0,0,0,0,1
2025-09-24T17:36:03.498Z,62.5,0.1,1.497,50.4,0,59.6,0,0,0,0,0,0,0,0,1
2025-09-24T17:36:04.499Z,62.5,0.1,1.497,49.6,0,59.6,0,0,0,0,0,0,0,0,1
2025-09-24T17:36:05.502Z,62.5,0.1,1.497,50.4,0,59.6,0,0,0,0,0,0,0,0,1
2025-09-24T17:36:06.501Z,62.5,0.1,1.497,49.6,0,59.6,0,0,0,0,0,0,0,0,1
2025-09-24T17:36:07.502Z,62.5,0.1,1.499,49.6,0,59.6,0,0,0,0,0,0,0,0,1
2025-09-24T17:36:08.503Z,62.5,0.1,1.499,50.4,0,59.6,0,0,0,0,0,0,0,0,1
2025-09-24T17:36:09.505Z,62.4,0.1,1.497,49.6,0,59.6,0,0,0,0,0,0,0,0,1
2025-09-24T17:36:10.507Z,62.4,0.1,1.497,50.4,0,59.6,0,0,0,0,0,0,0,0,1
2025-09-24T17:36:11.506Z,62.4,0.1,1.497,49.6,0,59.6,0,0,0,0,0,0,0,0,1
2025-09-24T17:36:12.505Z,62.4,0.1,1.497,50.4,0,59.6,0,0,0,0,0,0,0,0,1
2025-09-24T17:36:13.508Z,62.4,0.1,1.497,49.6,0,59.6,0,0,0,0,0,0,0,0,1
2025-09-24T17:36:14.508Z,62.4,0.1,1.499,50.4,0,59.6,0,0,0,0,0,0,0,0,1
2025-09-24T17:36:15.509Z,62.4,0.1,1.499,49.6,0,59.6,0,0,0,0,0,0,0,0,1
2025-09-24T17:36:16.510Z,62.4,0.1,1.499,50.4,0,59.6,0,0,0,0,0,0,0,0,1
2025-09-24T17:36:17.520Z,62.4,0.1,1.497,49.6,0,59.6,0,0,0,0,0,0,0,0,1
2025-09-24T17:36:18.515Z,62.4,0.1,1.497,50.4,0,59.6,0,0,0,0,0,0,0,0,1
2025-09-24T17:36:19.516Z,62.4,0.1,1.496,49.6,0,59.7,0,0,0,0,0,0,0,0,1
2025-09-24T17:36:20.519Z,62.4,0.1,1.496,49.6,0,59.7,0,0,0,0,0,0,0,0,1
2025-09-24T17:36:21.526Z,62.4,0.1,1.496,50.4,0,59.7,0,0,0,0,0,0,0,0,1
2025-09-24T17:36:22.524Z,62.3,0.1,1.497,49.6,0,59.7,0,0,0,0,0,0,0,0,1
2025-09-24T17:36:23.522Z,62.3,0.1,1.497,50.4,0,59.7,0,0,0,0,0,0,0,0,1
2025-09-24T17:36:24.521Z,62.3,0.1,1.498,49.6,0,59.7,0,0,0,0,0,0,0,0,1
2025-09-24T17:36:25.523Z,62.3,0.1,1.498,50.4,0,59.7,0,0,0,0,0,0,0,0,1
2025-09-24T17:36:26.526Z,62.3,0.1,1.497,49.6,0,59.7,0,0,0,0,0,0,0,0,1
2025-09-24T17:36:27.527Z,62.3,0.1,1.497,50.4,0,59.7,0,0,0,0,0,0,0,0,1
2025-09-24T17:36:28.530Z,62.3,0.1,1.497,49.6,0,59.7,0,0,0,0,0,0,0,0,1
2025-09-24T17:36:29.526Z,62.3,0.1,1.496,50.4,0,59.7,0,0,0,0,0,0,0,0,1
2025-09-24T17:36:30.530Z,62.3,0.1,1.496,49.6,0,59.7,0,0,0,0,0,0,0,0,1
2025-09-24T17:36:31.529Z,62.3,0.1,1.497,50.4,0,59.7,0,0,0,0,0,0,0,0,1
2025-09-24T17:36:32.531Z,62.3,0.1,1.497,49.6,0,59.7,0,0,0,0,0,0,0,0,1
2025-09-24T17:36:33.528Z,62.2,0.1,1.497,50.4,0,59.7,0,0,0,0,0,0,0,0,1
2025-09-24T17:36:34.529Z,62.2,0.1,1.498,49.6,0,59.7,0,0,0,0,0,0,0,0,1
2025-09-24T17:36:35.532Z,62.2,0.1,1.498,49.6,0,59.7,0,0,0,0,0,0,0,0,1
2025-09-24T17:36:36.533Z,62.2,0.1,1.498,50.4,0,59.7,0,0,0,0,0,0,0,0,1
2025-09-24T17:36:37.530Z,62.2,0.1,1.497,49.6,0,59.7,0,0,0,0,0,0,0,0,1
2025-09-24T17:36:38.537Z,62.2,0.1,1.497,50.4,0,59.8,0,0,0,0,0,0,0,0,1
2025-09-24T17:36:39.536Z,62.2,0.1,1.497,49.6,0,59.8,0,0,0,0,0,0,0,0,1
2025-09-24T17:36:40.534Z,62.2,0.1,1.496,50.4,0,59.8,0,0,0,0,0,0,0,0,1
2025-09-24T17:36:41.535Z,62.2,0.1,1.497,49.6,0,59.8,0,0,0,0,0,0,0,0,1
2025-09-24T17:36:42.539Z,62.2,0.1,1.497,50.4,0,59.8,0,0,0,0,0,0,0,0,1
2025-09-24T17:36:43.536Z,62.1,0.1,1.497,49.6,0,59.8,0,0,0,0,0,0,0,0,1
2025-09-24T17:36:44.541Z,62.1,0.1,1.498,50.4,0,59.8,0,0,0,0,0,0,0,0,1
2025-09-24T17:36:45.537Z,62.1,0.1,1.498,49.6,0,59.8,0,0,0,0,0,0,0,0,1
2025-09-24T17:36:46.541Z,62.1,0.1,1.497,50.4,0,59.8,0,0,0,0,0,0,0,0,1
2025-09-24T17:36:47.543Z,62.1,0.1,1.497,49.6,0,59.8,0,0,0,0,0,0,0,0,1
2025-09-24T17:36:48.543Z,62.1,0.1,1.497,49.6,0,59.8,0,0,0,0,0,0,0,0,1
2025-09-24T17:36:49.543Z,62.1,0.1,1.497,50.4,0,59.8,0,0,0,0,0,0,0,0,1
2025-09-24T17:36:50.545Z,62.1,0.1,1.497,49.6,0,59.8,0,0,0,0,0,0,0,0,1
2025-09-24T17:36:51.545Z,62.1,0.1,1.497,50.4,0,59.8,0,0,0,0,0,0,0,0,1
2025-09-24T17:36:52.547Z,62.1,0.1,1.497,49.6,0,59.8,0,0,0,0,0,0,0,0,1
2025-09-24T17:36:53.549Z,62.1,0.1,1.497,50.4,0,59.8,0,0,0,0,0,0,0,0,1
2025-09-24T17:36:54.546Z,62,0.1,1.497,49.6,0,59.8,0,0,0,0,0,0,0,0,1
2025-09-24T17:36:55.543Z,62,0.1,1.497,50.4,0,59.8,0,0,0,0,0,0,0,0,1
2025-09-24T17:36:56.548Z,62,0.1,1.497,49.6,0,59.8,0,0,0,0,0,0,0,0,1
2025-09-24T17:36:57.549Z,62,0.1,1.497,50.4,0,59.8,0,0,0,0,0,0,0,0,1
2025-09-24T17:36:58.550Z,62,0.1,1.497,49.6,0,59.8,0,0,0,0,0,0,0,0,1
2025-09-24T17:36:59.550Z,62,0.1,1.497,50.4,0,59.9,0,0,0,0,0,0,0,0,1
2025-09-24T17:37:00.553Z,62,0.1,1.497,49.6,0,59.9,0,0,0,0,0,0,0,0,1
2025-09-24T17:37:01.551Z,62,0.1,1.497,50.4,0,59.9,0,0,0,0,0,0,0,0,1
2025-09-24T17:37:02.554Z,62,0.1,1.496,49.6,0,59.9,0,0,0,0,0,0,0,0,1
2025-09-24T17:37:03.553Z,62,0.1,1.497,50.4,0,59.9,0,0,0,0,0,0,0,0,1
2025-09-24T17:37:04.559Z,61.9,0.1,1.497,49.6,0,59.9,0,0,0,0,0,0,0,0,1
2025-09-24T17:37:05.555Z,61.9,0.1,1.497,50.4,0,59.9,0,0,0,0,0,0,0,0,1
2025-09-24T17:37:06.558Z,61.9,0.1,1.497,49.6,0,59.9,0,0,0,0,0,0,0,0,1
2025-09-24T17:37:07.557Z,61.9,0.1,1.497,50.4,0,59.9,0,0,0,0,0,0,0,0,1
2025-09-24T17:37:08.555Z,61.9,0.1,1.497,49.6,0,59.9,0,0,0,0,0,0,0,0,1
2025-09-24T17:37:09.555Z,61.9,0.1,1.497,50.4,0,59.9,0,0,0,0,0,0,0,0,1
2025-09-24T17:37:10.560Z,61.9,0.1,1.497,49.6,0,59.9,0,0,0,0,0,0,0,0,1
2025-09-24T17:37:11.558Z,61.9,0.1,1.497,49.6,0,59.9,0,0,0,0,0,0,0,0,1
2025-09-24T17:37:12.562Z,61.9,0.1,1.497,49.6,0,59.9,0,0,0,0,0,0,0,0,1
2025-09-24T17:37:13.566Z,61.9,0.1,1.497,50.4,0,59.9,0,0,0,0,0,0,0,0,1
2025-09-24T17:37:14.561Z,61.8,0.1,1.497,49.6,0,59.9,0,0,0,0,0,0,0,0,1
2025-09-24T17:37:15.567Z,61.8,0.1,1.497,50.4,0,59.9,0,0,0,0,0,0,0,0,1
2025-09-24T17:37:16.563Z,61.8,0.1,1.497,49.6,0,59.9,0,0,0,0,0,0,0,0,1
2025-09-24T17:37:17.563Z,61.8,0.1,1.497,50.4,0,59.9,0,0,0,0,0,0,0,0,1
2025-09-24T17:37:18.565Z,61.8,0.1,1.497,49.6,0,59.9,0,0,0,0,0,0,0,0,1
2025-09-24T17:37:19.568Z,61.8,0.1,1.497,50.4,0,60,0,0,0,0,0,0,0,0,1
2025-09-24T17:37:20.569Z,61.8,0.1,1.497,49.6,0,60,0,0,0,0,0,0,0,0,1
2025-09-24T17:37:21.568Z,61.8,0.1,1.497,50.4,0,60,0,0,0,0,0,0,0,0,1
2025-09-24T17:37:22.567Z,61.8,0.1,1.497,49.6,0,60,0,0,0,0,0,0,0,0,1
2025-09-24T17:37:23.568Z,61.8,0.1,1.497,49.6,0,60,0,0,0,0,0,0,0,0,1
2025-09-24T17:37:24.573Z,61.8,0.1,1.497,50.4,0,60,0,0,0,0,0,0,0,0,1
2025-09-24T17:37:25.568Z,61.8,0.1,1.497,49.6,0,60,0,0,0,0,0,0,0,0,1
2025-09-24T17:37:26.574Z,61.8,0.1,1.497,50.4,0,60,0,0,0,0,0,0,0,0,1
2025-09-24T17:37:27.575Z,61.7,0.1,1.497,49.6,0,60,0,0,0,0,0,0,0,0,1
2025-09-24T17:37:28.578Z,61.7,0.1,1.497,50.4,0,60,0,0,0,0,0,0,0,0,1
2025-09-24T17:37:29.581Z,61.7,0.1,1.497,49.6,0,60,0,0,0,0,0,0,0,0,1
2025-09-24T17:37:30.579Z,61.7,0.1,1.497,50.4,0,60,0,0,0,0,0,0,0,0,1
2025-09-24T17:37:31.581Z,61.7,0.1,1.497,49.6,0,60,0,0,0,0,0,0,0,0,1
2025-09-24T17:37:32.581Z,61.7,0.1,1.498,50.4,0,60,0,0,0,0,0,0,0,0,1
2025-09-24T17:37:33.577Z,61.7,0.1,1.498,49.6,0,60,0,0,0,0,0,0,0,0,1
2025-09-24T17:37:34.583Z,61.7,0.1,1.498,50.4,0,60,0,0,0,0,0,0,0,0,1
2025-09-24T17:37:35.582Z,61.7,0.1,1.498,49.6,0,60,0,0,0,0,0,0,0,0,1
2025-09-24T17:37:36.585Z,61.7,0.1,1.499,50.4,0,60,0,0,0,0,0,0,0,0,1
2025-09-24T17:37:37.582Z,61.6,0.1,1.499,49.6,0,60,0,0,0,0,0,0,0,0,1
2025-09-24T17:37:38.585Z,61.6,0.1,1.499,50.4,0,60,0,0,0,0,0,0,0,0,1
2025-09-24T17:37:39.581Z,61.6,0.1,1.499,49.6,0,60.1,0,0,0,0,0,0,0,0,1
2025-09-24T17:37:40.588Z,61.6,0.1,1.499,50.4,0,60.1,0,0,0,0,0,0,0,0,1
2025-09-24T17:37:41.583Z,61.6,0.1,1.499,49.6,0,60.1,0,0,0,0,0,0,0,0,1
2025-09-24T17:37:42.585Z,61.6,0.1,1.499,50.4,0,60.1,0,0,0,0,0,0,0,0,1
2025-09-24T17:37:43.585Z,61.6,0.1,1.499,49.6,0,60.1,0,0,0,0,0,0,0,0,1
2025-09-24T17:37:44.584Z,61.6,0.1,1.499,49.6,0,60.1,0,0,0,0,0,0,0,0,1
2025-09-24T17:37:45.591Z,61.6,0.1,1.499,50.4,0,60.1,0,0,0,0,0,0,0,0,1
2025-09-24T17:37:46.591Z,61.6,0.1,1.499,49.6,0,60.1,0,0,0,0,0,0,0,0,1
2025-09-24T17:37:47.593Z,61.6,0.1,1.499,50.4,0,60.1,0,0,0,0,0,0,0,0,1
2025-09-24T17:37:48.590Z,61.6,0.1,1.499,49.6,0,60.1,0,0,0,0,0,0,0,0,1
2025-09-24T17:37:49.595Z,61.5,0.1,1.499,50.4,0,60.1,0,0,0,0,0,0,0,0,1
2025-09-24T17:37:50.595Z,61.5,0.1,1.499,49.6,0,60.1,0,0,0,0,0,0,0,0,1
2025-09-24T17:37:51.597Z,61.5,0.1,1.5,50.4,0,60.1,0,0,0,0,0,0,0,0,1
2025-09-24T17:37:52.596Z,61.5,0.1,1.5,49.6,0,60.1,0,0,0,0,0,0,0,0,1
2025-09-24T17:37:53.598Z,61.5,0.1,1.5,50.4,0,60.1,0,0,0,0,0,0,0,0,1
2025-09-24T17:37:54.597Z,61.5,0.1,1.5,49.6,0,60.1,0,0,0,0,0,0,0,0,1
2025-09-24T17:37:55.598Z,61.5,0.1,1.5,50.4,0,60.1,0,0,0,0,0,0,0,0,1
2025-09-24T17:37:56.603Z,61.5,0.1,1.5,49.6,0,60.1,0,0,0,0,0,0,0,0,1
2025-09-24T17:37:57.601Z,61.5,0.1,1.5,49.6,0,60.1,0,0,0,0,0,0,0,0,1
2025-09-24T17:37:58.603Z,61.5,0.1,1.5,50.4,0,60.1,0,0,0,0,0,0,0,0,1
2025-09-24T17:37:59.606Z,61.5,0.1,1.5,49.6,0,60.1,0,0,0,0,0,0,0,0,1
2025-09-24T17:38:00.602Z,61.4,0.1,1.5,50.4,0,60.2,0,0,0,0,0,0,0,0,1
2025-09-24T17:38:01.606Z,61.4,0.1,1.5,49.6,0,60.2,0,0,0,0,0,0,0,0,1
2025-09-24T17:38:02.607Z,61.4,0.1,1.5,50.4,0,60.2,0,0,0,0,0,0,0,0,1
2025-09-24T17:38:03.605Z,61.4,0.1,1.5,49.6,0,60.2,0,0,0,0,0,0,0,0,1
2025-09-24T17:38:04.606Z,61.4,0.1,1.5,50.4,0,60.2,0,0,0,0,0,0,0,0,1
2025-09-24T17:38:05.610Z,61.4,0.1,1.499,49.6,0,60.2,0,0,0,0,0,0,0,0,1
2025-09-24T17:38:06.607Z,61.4,0.1,1.5,50.4,0,60.2,0,0,0,0,0,0,0,0,1
2025-09-24T17:38:07.608Z,61.4,0.1,1.5,49.6,0,60.2,0,0,0,0,0,0,0,0,1
2025-09-24T17:38:08.612Z,61.4,0.1,1.499,50.4,0,60.2,0,0,0,0,0,0,0,0,1
2025-09-24T17:38:09.613Z,61.4,0.1,1.499,49.6,0,60.2,0,0,0,0,0,0,0,0,1
2025-09-24T17:38:10.613Z,61.4,0.1,1.499,50.4,0,60.2,0,0,0,0,0,0,0,0,1
2025-09-24T17:38:11.613Z,61.3,0.1,1.499,49.6,0,60.2,0,0,0,0,0,0,0,0,1
2025-09-24T17:38:12.613Z,61.3,0.1,1.499,50.4,0,60.2,0,0,0,0,0,0,0,0,1
2025-09-24T17:38:13.619Z,61.3,0.1,1.499,49.6,0,60.2,0,0,0,0,0,0,0,0,1
2025-09-24T17:38:14.616Z,61.3,0.1,1.499,49.6,0,60.2,0,0,0,0,0,0,0,0,1
2025-09-24T17:38:15.615Z,61.3,0.1,1.498,49.6,0,60.2,0,0,0,0,0,0,0,0,1
2025-09-24T17:38:16.617Z,61.3,0.1,1.498,50.4,0,60.2,0,0,0,0,0,0,0,0,1
2025-09-24T17:38:17.618Z,61.3,0.1,1.498,49.6,0,60.2,0,0,0,0,0,0,0,0,1
2025-09-24T17:38:18.619Z,61.3,0.1,1.498,50.4,0,60.2,0,0,0,0,0,0,0,0,1
2025-09-24T17:38:19.621Z,61.3,0.1,1.498,49.6,0,60.3,0,0,0,0,0,0,0,0,1
2025-09-24T17:38:20.622Z,61.3,0.1,1.498,50.4,0,60.2,0,0,0,0,0,0,0,0,1
2025-09-24T17:38:21.623Z,61.3,0.1,1.498,49.6,0,60.3,0,0,0,0,0,0,0,0,1
2025-09-24T17:38:22.621Z,61.3,0.1,1.498,50.4,0,60.3,0,0,0,0,0,0,0,0,1
2025-09-24T17:38:23.624Z,61.2,0.1,1.498,49.6,0,60.3,0,0,0,0,0,0,0,0,1
2025-09-24T17:38:24.626Z,61.2,0.1,1.498,50.4,0,60.3,0,0,0,0,0,0,0,0,1
2025-09-24T17:38:25.628Z,61.2,0.1,1.498,49.6,0,60.3,0,0,0,0,0,0,0,0,1
2025-09-24T17:38:26.627Z,61.2,0.1,1.498,50.4,0,60.3,0,0,0,0,0,0,0,0,1
2025-09-24T17:38:27.627Z,61.2,0.1,1.498,49.6,0,60.3,0,0,0,0,0,0,0,0,1
2025-09-24T17:38:28.632Z,61.2,0.1,1.498,50.4,0,60.3,0,0,0,0,0,0,0,0,1
2025-09-24T17:38:29.633Z,61.2,0.1,1.498,49.6,0,60.3,0,0,0,0,0,0,0,0,1
2025-09-24T17:38:30.633Z,61.2,0.1,1.498,49.6,0,60.3,0,0,0,0,0,0,0,0,1
2025-09-24T17:38:31.633Z,61.2,0.1,1.497,50.4,0,60.3,0,0,0,0,0,0,0,0,1
2025-09-24T17:38:32.637Z,61.2,0.1,1.498,49.6,0,60.3,0,0,0,0,0,0,0,0,1
2025-09-24T17:38:33.629Z,61.2,0.1,1.498,50.4,0,60.3,0,0,0,0,0,0,0,0,1
2025-09-24T17:38:34.636Z,61.2,0.1,1.497,49.6,0,60.3,0,0,0,0,0,0,0,0,1
2025-09-24T17:38:35.635Z,61.2,0.1,1.497,49.6,0,60.3,0,0,0,0,0,0,0,0,1
2025-09-24T17:38:36.635Z,61.2,0.1,1.498,49.6,0,60.3,0,0,0,0,0,0,0,0,1
2025-09-24T17:38:37.638Z,61.1,0.1,1.497,50.4,0,60.3,0,0,0,0,0,0,0,0,1
2025-09-24T17:38:38.634Z,61.1,0.1,1.497,49.6,0,60.3,0,0,0,0,0,0,0,0,1
2025-09-24T17:38:39.642Z,61.1,0.1,1.497,50.4,0,60.3,0,0,0,0,0,0,0,0,1
2025-09-24T17:38:40.640Z,61.1,0.1,1.497,49.6,0,60.3,0,0,0,0,0,0,0,0,1
2025-09-24T17:38:41.638Z,61.1,0.1,1.497,50.4,0,60.4,0,0,0,0,0,0,0,0,1
2025-09-24T17:38:42.639Z,61.1,0.1,1.497,49.6,0,60.4,0,0,0,0,0,0,0,0,1
2025-09-24T17:38:43.641Z,61.1,0.1,1.497,49.6,0,60.4,0,0,0,0,0,0,0,0,1
2025-09-24T17:38:44.640Z,61.1,0.1,1.497,50.4,0,60.4,0,0,0,0,0,0,0,0,1
2025-09-24T17:38:45.643Z,61.1,0.1,1.497,49.6,0,60.4,0,0,0,0,0,0,0,0,1
2025-09-24T17:38:46.644Z,61.1,0.1,1.497,50.4,0,60.4,0,0,0,0,0,0,0,0,1
2025-09-24T17:38:47.645Z,61.1,0.1,1.497,49.6,0,60.4,0,0,0,0,0,0,0,0,1
2025-09-24T17:38:48.648Z,61.1,0.1,1.497,50.4,0,60.4,0,0,0,0,0,0,0,0,1
2025-09-24T17:38:49.647Z,61.1,0.1,1.497,49.6,0,60.4,0,0,0,0,0,0,0,0,1
2025-09-24T17:38:50.648Z,61,0.1,1.498,49.6,0,60.4,0,0,0,0,0,0,0,0,1
2025-09-24T17:38:51.651Z,61,0.1,1.497,49.6,0,60.4,0,0,0,0,0,0,0,0,1
2025-09-24T17:38:52.650Z,61,0.1,1.497,50.4,0,60.4,0,0,0,0,0,0,0,0,1
2025-09-24T17:38:53.652Z,61,0.1,1.497,49.6,0,60.4,0,0,0,0,0,0,0,0,1
2025-09-24T17:38:54.653Z,61,0.1,1.497,50.4,0,60.4,0,0,0,0,0,0,0,0,1
2025-09-24T17:38:55.656Z,61,0.1,1.497,49.6,0,60.4,0,0,0,0,0,0,0,0,1
2025-09-24T17:38:56.654Z,61,0.1,1.497,50.4,0,60.4,0,0,0,0,0,0,0,0,1
2025-09-24T17:38:57.659Z,61,0.1,1.497,50.4,0,60.4,0,0,0,0,0,0,0,0,1
2025-09-24T17:38:58.659Z,61,0.1,1.497,49.6,0,60.4,0,0,0,0,0,0,0,0,1
2025-09-24T17:38:59.656Z,61,0.1,1.498,50.4,0,60.4,0,0,0,0,0,0,0,0,1
2025-09-24T17:39:00.664Z,61,0.1,1.497,49.6,0,60.4,0,0,0,0,0,0,0,0,1
2025-09-24T17:39:01.659Z,61,0.1,1.498,50.4,0,60.4,0,0,0,0,0,0,0,0,1
2025-09-24T17:39:02.666Z,61,0.1,1.498,49.6,0,60.4,0,0,0,0,0,0,0,0,1
2025-09-24T17:39:03.662Z,60.9,0.1,1.498,50.4,0,60.4,0,0,0,0,0,0,0,0,1
2025-09-24T17:39:04.663Z,60.9,0.1,1.499,49.6,0,60.4,0,0,0,0,0,0,0,0,1
2025-09-24T17:39:05.661Z,60.9,0.1,1.499,50.4,0,60.4,0,0,0,0,0,0,0,0,1
2025-09-24T17:39:06.667Z,60.9,0.1,1.499,49.6,0,60.5,0,0,0,0,0,0,0,0,1
2025-09-24T17:39:07.664Z,60.9,0.1,1.499,50.4,0,60.5,0,0,0,0,0,0,0,0,1
2025-09-24T17:39:08.661Z,60.9,0.1,1.499,49.6,0,60.5,0,0,0,0,0,0,0,0,1
2025-09-24T17:39:09.670Z,60.9,0.1,1.498,50.4,0,60.5,0,0,0,0,0,0,0,0,1
2025-09-24T17:39:10.669Z,60.9,0.1,1.499,49.6,0,60.5,0,0,0,0,0,0,0,0,1
2025-09-24T17:39:11.672Z,60.9,0.1,1.499,50.4,0,60.5,0,0,0,0,0,0,0,0,1
2025-09-24T17:39:12.670Z,60.9,0.1,1.499,49.6,0,60.5,0,0,0,0,0,0,0,0,1
2025-09-24T17:39:13.673Z,60.9,0.1,1.499,50.4,0,60.5,0,0,0,0,0,0,0,0,1
2025-09-24T17:39:14.674Z,60.9,0.1,1.499,49.6,0,60.5,0,0,0,0,0,0,0,0,1
2025-09-24T17:39:15.673Z,60.9,0.1,1.499,50.4,0,60.5,0,0,0,0,0,0,0,0,1
2025-09-24T17:39:16.675Z,60.9,0.1,1.499,49.6,0,60.5,0,0,0,0,0,0,0,0,1
2025-09-24T17:39:17.675Z,60.9,0.1,1.499,49.6,0,60.5,0,0,0,0,0,0,0,0,1
2025-09-24T17:39:18.677Z,60.9,0.1,1.5,50.4,0,60.5,0,0,0,0,0,0,0,0,1
2025-09-24T17:39:19.679Z,60.8,0.1,1.5,49.6,0,60.5,0,0,0,0,0,0,0,0,1
2025-09-24T17:39:20.676Z,60.8,0.1,1.5,50.4,0,60.5,0,0,0,0,0,0,0,0,1
2025-09-24T17:39:21.682Z,60.8,0.1,1.5,49.6,0,60.5,0,0,0,0,0,0,0,0,1
2025-09-24T17:39:22.680Z,60.8,0.1,1.5,50.4,0,60.5,0,0,0,0,0,0,0,0,1
2025-09-24T17:39:23.680Z,60.8,0.1,1.5,49.6,0,60.5,0,0,0,0,0,0,0,0,1
2025-09-24T17:39:24.685Z,60.8,0.1,1.5,50.4,0,60.5,0,0,0,0,0,0,0,0,1
2025-09-24T17:39:25.686Z,60.8,0.1,1.5,49.6,0,60.5,0,0,0,0,0,0,0,0,1
2025-09-24T17:39:26.685Z,60.8,0.1,1.5,50.4,0,60.5,0,0,0,0,0,0,0,0,1
2025-09-24T17:39:27.689Z,60.8,0.1,1.5,49.6,0,60.5,0,0,0,0,0,0,0,0,1
2025-09-24T17:39:28.685Z,60.8,0.1,1.5,50.4,0,60.5,0,0,0,0,0,0,0,0,1
2025-09-24T17:39:29.686Z,60.8,0.1,1.5,49.6,0,60.5,0,0,0,0,0,0,0,0,1
2025-09-24T17:39:30.686Z,60.8,0.1,1.5,50.4,0,60.5,0,0,0,0,0,0,0,0,1
2025-09-24T17:39:31.690Z,60.8,0.1,1.5,49.6,0,60.5,0,0,0,0,0,0,0,0,1
2025-09-24T17:39:32.688Z,60.7,0.1,1.5,50.4,0,60.6,0,0,0,0,0,0,0,0,1
2025-09-24T17:39:33.691Z,60.7,0.1,1.5,49.6,0,60.6,0,0,0,0,0,0,0,0,1
2025-09-24T17:39:34.691Z,60.7,0.1,1.5,50.4,0,60.6,0,0,0,0,0,0,0,0,1
2025-09-24T17:39:35.695Z,60.7,0.1,1.5,49.6,0,60.6,0,0,0,0,0,0,0,0,1
2025-09-24T17:39:36.692Z,60.7,0.1,1.5,50.4,0,60.6,0,0,0,0,0,0,0,0,1
2025-09-24T17:39:37.692Z,60.7,0.1,1.5,49.6,0,60.6,0,0,0,0,0,0,0,0,1
2025-09-24T17:39:38.693Z,60.7,0.1,1.5,49.6,0,60.6,0,0,0,0,0,0,0,0,1
2025-09-24T17:39:39.694Z,60.7,0.1,1.5,49.6,0,60.6,0,0,0,0,0,0,0,0,1
2025-09-24T17:39:40.696Z,60.7,0.1,1.5,50.4,0,60.6,0,0,0,0,0,0,0,0,1
2025-09-24T17:39:41.696Z,60.7,0.1,1.5,49.6,0,60.6,0,0,0,0,0,0,0,0,1
2025-09-24T17:39:42.699Z,60.7,0.1,1.5,50.4,0,60.6,0,0,0,0,0,0,0,0,1
2025-09-24T17:39:43.701Z,60.7,0.1,1.5,49.6,0,60.6,0,0,0,0,0,0,0,0,1
2025-09-24T17:39:44.700Z,60.6,0.1,1.5,50.4,0,60.6,0,0,0,0,0,0,0,0,1
2025-09-24T17:39:45.704Z,60.6,0.1,1.5,49.6,0,60.6,0,0,0,0,0,0,0,0,1
2025-09-24T17:39:46.700Z,60.6,0.1,1.5,50.4,0,60.6,0,0,0,0,0,0,0,0,1
2025-09-24T17:39:47.706Z,60.6,0.1,1.5,49.6,0,60.6,0,0,0,0,0,0,0,0,1
2025-09-24T17:39:48.700Z,60.6,0.1,1.5,50.4,0,60.6,0,0,0,0,0,0,0,0,1
2025-09-24T17:39:49.703Z,60.6,0.1,1.5,49.6,0,60.6,0,0,0,0,0,0,0,0,1
2025-09-24T17:39:50.704Z,60.6,0.1,1.5,50.4,0,60.6,0,0,0,0,0,0,0,0,1
2025-09-24T17:39:51.707Z,60.6,0.1,1.5,49.6,0,60.6,0,0,0,0,0,0,0,0,1
2025-09-24T17:39:52.709Z,60.6,0.1,1.5,50.4,0,60.6,0,0,0,0,0,0,0,0,1
2025-09-24T17:39:53.707Z,60.6,0.1,1.5,49.6,0,60.6,0,0,0,0,0,0,0,0,1
2025-09-24T17:39:54.706Z,60.6,0.1,1.5,50.4,0,60.6,0,0,0,0,0,0,0,0,1
2025-09-24T17:39:55.710Z,60.6,0.1,1.5,49.6,0,60.7,0,0,0,0,0,0,0,0,1
2025-09-24T17:39:56.708Z,60.6,0.1,1.5,49.6,0,60.6,0,0,0,0,0,0,0,0,1
2025-09-24T17:39:57.712Z,60.6,0.1,1.5,50.4,0,60.7,0,0,0,0,0,0,0,0,1
2025-09-24T17:39:58.714Z,60.6,0.1,1.5,49.6,0,60.7,0,0,0,0,0,0,0,0,1
2025-09-24T17:39:59.715Z,60.6,0.1,1.5,50.4,0,60.7,0,0,0,0,0,0,0,0,1
2025-09-24T17:40:00.713Z,60.5,0.1,1.5,49.6,0,60.7,0,0,0,0,0,0,0,0,1
2025-09-24T17:40:01.717Z,60.5,0.1,1.5,50.4,0,60.7,0,0,0,0,0,0,0,0,1
2025-09-24T17:40:02.715Z,60.5,0.1,1.5,49.6,0,60.7,0,0,0,0,0,0,0,0,1
2025-09-24T17:40:03.714Z,60.5,0.1,1.5,50.4,0,60.7,0,0,0,0,0,0,0,0,1
2025-09-24T17:40:04.718Z,60.5,0.1,1.5,49.6,0,60.7,0,0,0,0,0,0,0,0,1
2025-09-24T17:40:05.722Z,60.5,0.1,1.5,49.6,0,60.7,0,0,0,0,0,0,0,0,1
2025-09-24T17:40:06.723Z,60.5,0.1,1.5,50.4,0,60.7,0,0,0,0,0,0,0,0,1
2025-09-24T17:40:07.723Z,60.5,0.1,1.5,49.6,0,60.7,0,0,0,0,0,0,0,0,1
2025-09-24T17:40:08.722Z,60.5,0.1,1.499,50.4,0,60.7,0,0,0,0,0,0,0,0,1
2025-09-24T17:40:09.722Z,60.5,0.1,1.499,49.6,0,60.7,0,0,0,0,0,0,0,0,1
2025-09-24T17:40:10.725Z,60.5,0.1,1.499,50.4,0,60.7,0,0,0,0,0,0,0,0,1
2025-09-24T17:40:11.727Z,60.5,0.1,1.498,49.6,0,60.7,0,0,0,0,0,0,0,0,1
2025-09-24T17:40:12.724Z,60.5,0.1,1.498,50.4,0,60.7,0,0,0,0,0,0,0,0,1
2025-09-24T17:40:13.728Z,60.5,0.1,1.498,49.6,0,60.7,0,0,0,0,0,0,0,0,1
2025-09-24T17:40:14.727Z,60.5,0.1,1.498,50.4,0,60.7,0,0,0,0,0,0,0,0,1
2025-09-24T17:40:15.729Z,60.5,0.1,1.498,49.6,0,60.7,0,0,0,0,0,0,0,0,1
2025-09-24T17:40:16.731Z,60.4,0.1,1.498,50.4,0,60.7,0,0,0,0,0,0,0,0,1
2025-09-24T17:40:17.728Z,60.4,0.1,1.498,49.6,0,60.7,0,0,0,0,0,0,0,0,1
2025-09-24T17:40:18.732Z,60.4,0.1,1.498,50.4,0,60.7,0,0,0,0,0,0,0,0,1
2025-09-24T17:40:19.731Z,60.4,0.1,1.498,49.6,0,60.7,0,0,0,0,0,0,0,0,1
2025-09-24T17:40:20.732Z,60.4,0.1,1.498,49.6,0,60.7,0,0,0,0,0,0,0,0,1
2025-09-24T17:40:21.737Z,60.4,0.1,1.498,50.4,0,60.7,0,0,0,0,0,0,0,0,1
2025-09-24T17:40:22.737Z,60.4,0.1,1.498,49.6,0,60.7,0,0,0,0,0,0,0,0,1
2025-09-24T17:40:23.739Z,60.4,0.1,1.498,50.4,0,60.7,0,0,0,0,0,0,0,0,1
2025-09-24T17:40:24.736Z,60.4,0.1,1.498,49.6,0,60.7,0,0,0,0,0,0,0,0,1
2025-09-24T17:40:25.739Z,60.4,0.1,1.498,50.4,0,60.7,0,0,0,0,0,0,0,0,1
2025-09-24T17:40:26.740Z,60.4,0.1,1.498,49.6,0,60.7,0,0,0,0,0,0,0,0,1
2025-09-24T17:40:27.741Z,60.4,0.1,1.498,50.4,0,60.7,0,0,0,0,0,0,0,0,1
2025-09-24T17:40:28.742Z,60.4,0.1,1.498,49.6,0,60.7,0,0,0,0,0,0,0,0,1
2025-09-24T17:40:29.743Z,60.4,0.1,1.498,49.6,0,60.7,0,0,0,0,0,0,0,0,1
2025-09-24T17:40:30.742Z,60.3,0.1,1.498,50.4,0,60.7,0,0,0,0,0,0,0,0,1
2025-09-24T17:40:31.743Z,60.3,0.1,1.498,49.6,0,60.7,0,0,0,0,0,0,0,0,1
2025-09-24T17:40:32.748Z,60.3,0.1,1.498,49.6,0,60.8,0,0,0,0,0,0,0,0,1
2025-09-24T17:40:33.746Z,60.3,0.1,1.498,49.6,0,60.7,0,0,0,0,0,0,0,0,1
2025-09-24T17:40:34.748Z,60.3,0.1,1.498,50.4,0,60.8,0,0,0,0,0,0,0,0,1
2025-09-24T17:40:35.750Z,60.3,0.1,1.498,49.6,0,60.7,0,0,0,0,0,0,0,0,1
2025-09-24T17:40:36.750Z,60.3,0.1,1.498,49.6,0,60.8,0,0,0,0,0,0,0,0,1
2025-09-24T17:40:37.749Z,60.3,0.1,1.498,50.4,0,60.8,0,0,0,0,0,0,0,0,1
2025-09-24T17:40:38.751Z,60.3,0.1,1.498,49.6,0,60.8,0,0,0,0,0,0,0,0,1
2025-09-24T17:40:39.752Z,60.3,0.1,1.498,49.6,0,60.8,0,0,0,0,0,0,0,0,1
2025-09-24T17:40:40.752Z,60.3,0.1,1.498,50.4,0,60.8,0,0,0,0,0,0,0,0,1
2025-09-24T17:40:41.752Z,60.3,0.1,1.498,49.6,0,60.8,0,0,0,0,0,0,0,0,1
2025-09-24T17:40:42.758Z,60.3,0.1,1.498,49.6,0,60.8,0,0,0,0,0,0,0,0,1
2025-09-24T17:40:43.757Z,60.3,0.1,1.498,50.4,0,60.8,0,0,0,0,0,0,0,0,1
2025-09-24T17:40:44.754Z,60.3,0.1,1.498,50.4,0,60.8,0,0,0,0,0,0,0,0,1
2025-09-24T17:40:45.756Z,60.3,0.1,1.498,49.6,0,60.8,0,0,0,0,0,0,0,0,1
2025-09-24T17:40:46.757Z,60.2,0.1,1.498,50.4,0,60.8,0,0,0,0,0,0,0,0,1
2025-09-24T17:40:47.761Z,60.2,0.1,1.498,49.6,0,60.8,0,0,0,0,0,0,0,0,1
2025-09-24T17:40:48.764Z,60.2,0.1,1.5,50.4,0,60.8,0,0,0,0,0,0,0,0,1
2025-09-24T17:40:49.761Z,60.2,0.1,1.499,49.6,0,60.8,0,0,0,0,0,0,0,0,1
2025-09-24T17:40:50.764Z,60.2,0.1,1.499,49.6,0,60.8,0,0,0,0,0,0,0,0,1
2025-09-24T17:40:51.764Z,60.2,0.1,1.499,50.4,0,60.8,0,0,0,0,0,0,0,0,1
2025-09-24T17:40:52.764Z,60.2,0.1,1.5,49.6,0,60.8,0,0,0,0,0,0,0,0,1
2025-09-24T17:40:53.769Z,60.2,0.1,1.5,49.6,0,60.8,0,0,0,0,0,0,0,0,1
2025-09-24T17:40:54.771Z,60.2,0.1,1.5,50.4,0,60.8,0,0,0,0,0,0,0,0,1
2025-09-24T17:40:55.770Z,60.2,0.1,1.5,49.6,0,60.8,0,0,0,0,0,0,0,0,1
2025-09-24T17:40:56.769Z,60.2,0.1,1.5,49.6,0,60.8,0,0,0,0,0,0,0,0,1
2025-09-24T17:40:57.772Z,60.2,0.1,1.5,50.4,0,60.8,0,0,0,0,0,0,0,0,1
2025-09-24T17:40:58.776Z,60.2,0.1,1.5,50.4,0,60.8,0,0,0,0,0,0,0,0,1
2025-09-24T17:40:59.771Z,60.2,0.1,1.5,49.6,0,60.8,0,0,0,0,0,0,0,0,1
2025-09-24T17:41:00.773Z,60.1,0.1,1.5,50.4,0,60.8,0,0,0,0,0,0,0,0,1
2025-09-24T17:41:01.771Z,60.1,0.1,1.5,49.6,0,60.8,0,0,0,0,0,0,0,0,1
2025-09-24T17:41:02.776Z,60.1,0.1,1.5,50.4,0,60.8,0,0,0,0,0,0,0,0,1
2025-09-24T17:41:03.776Z,60.1,0.1,1.5,49.6,0,60.8,0,0,0,0,0,0,0,0,1
2025-09-24T17:41:04.775Z,60.1,0.1,1.5,50.4,0,60.8,0,0,0,0,0,0,0,0,1
2025-09-24T17:41:05.776Z,60.1,0.1,1.5,50.4,0,60.8,0,0,0,0,0,0,0,0,1
2025-09-24T17:41:06.778Z,60.1,0.1,1.5,49.6,0,60.8,0,0,0,0,0,0,0,0,1
2025-09-24T17:41:07.780Z,60.1,0.1,1.5,50.4,0,60.8,0,0,0,0,0,0,0,0,1
2025-09-24T17:41:08.780Z,60.1,0.1,1.5,49.6,0,60.8,0,0,0,0,0,0,0,0,1
2025-09-24T17:41:09.784Z,60.1,0.1,1.5,50.4,0,60.8,0,0,0,0,0,0,0,0,1
2025-09-24T17:41:10.777Z,60.1,0.1,1.5,49.6,0,60.8,0,0,0,0,0,0,0,0,1
2025-09-24T17:41:11.785Z,60.1,0.1,1.5,49.6,0,60.8,0,0,0,0,0,0,0,0,1
2025-09-24T17:41:12.785Z,60.1,0.1,1.5,50.4,0,60.8,0,0,0,0,0,0,0,0,1
2025-09-24T17:41:13.784Z,60.1,0.1,1.5,49.6,0,60.8,0,0,0,0,0,0,0,0,1
2025-09-24T17:41:14.781Z,60,0.1,1.5,49.6,0,60.8,0,0,0,0,0,0,0,0,1
2025-09-24T17:41:15.785Z,60,0.1,1.5,50.4,0,60.8,0,0,0,0,0,0,0,0,1
2025-09-24T17:41:16.785Z,60,0.1,1.501,49.6,0,60.8,0,0,0,0,0,0,0,0,1
2025-09-24T17:41:17.784Z,60,0.1,1.501,49.6,0,60.8,0,0,0,0,0,0,0,0,1
2025-09-24T17:41:18.782Z,60,0.1,1.501,50.4,0,60.8,0,0,0,0,0,0,0,0,1
2025-09-24T17:41:19.787Z,60,0.1,1.501,49.6,0,60.8,0,0,0,0,0,0,0,0,1
2025-09-24T17:41:20.790Z,60,0.1,1.5,49.6,0,60.8,0,0,0,0,0,0,0,0,1
2025-09-24T17:41:21.788Z,60,0.1,1.5,50.4,0,60.8,0,0,0,0,0,0,0,0,1
2025-09-24T17:41:22.793Z,60,0.1,1.501,50.4,0,60.8,0,0,0,0,0,0,0,0,1
2025-09-24T17:41:23.796Z,60,0.1,1.501,49.6,0,60.9,0,0,0,0,0,0,0,0,1
2025-09-24T17:41:24.793Z,60,0.1,1.501,50.4,0,60.9,0,0,0,0,0,0,0,0,1
2025-09-24T17:41:25.799Z,60,0.1,1.501,49.6,0,60.9,0,0,0,0,0,0,0,0,1
2025-09-24T17:41:26.796Z,60,0.1,1.501,50.4,0,60.9,0,0,0,0,0,0,0,0,1
2025-09-24T17:41:27.799Z,60,0.1,1.501,49.6,0,60.9,0,0,0,0,0,0,0,0,1
2025-09-24T17:41:28.802Z,60,0.1,1.501,49.6,0,60.9,0,0,0,0,0,0,0,0,1
2025-09-24T17:41:29.803Z,60,0.1,1.501,50.4,0,60.9,0,0,0,0,0,0,0,0,1
2025-09-24T17:41:30.804Z,60,0.1,1.501,49.6,0,60.9,0,0,0,0,0,0,0,0,1
2025-09-24T17:41:31.801Z,59.9,0.1,1.5,49.6,0,60.9,0,0,0,0,0,0,0,0,1
2025-09-24T17:41:32.802Z,59.9,0.1,1.5,50.4,0,60.9,0,0,0,0,0,0,0,0,1
2025-09-24T17:41:33.802Z,59.9,0.1,1.5,50.4,0,60.9,0,0,0,0,0,0,0,0,1
2025-09-24T17:41:34.802Z,59.9,0.1,1.501,49.6,0,60.9,0,0,0,0,0,0,0,0,1
2025-09-24T17:41:35.803Z,59.9,0.1,1.5,50.4,0,60.9,0,0,0,0,0,0,0,0,1
2025-09-24T17:41:36.805Z,59.9,0.1,1.5,49.6,0,60.9,0,0,0,0,0,0,0,0,1
2025-09-24T17:41:37.807Z,59.9,0.1,1.5,49.6,0,60.9,0,0,0,0,0,0,0,0,1
2025-09-24T17:41:38.806Z,59.9,0.1,1.5,50.4,0,60.9,0,0,0,0,0,0,0,0,1
2025-09-24T17:41:39.803Z,59.9,0.1,1.5,50.4,0,60.9,0,0,0,0,0,0,0,0,1
2025-09-24T17:41:40.807Z,59.9,0.1,1.5,49.6,0,60.9,0,0,0,0,0,0,0,0,1
2025-09-24T17:41:41.807Z,59.9,0.1,1.5,50.4,0,60.9,0,0,0,0,0,0,0,0,1
2025-09-24T17:41:42.807Z,59.9,0.1,1.5,50.4,0,60.9,0,0,0,0,0,0,0,0,1
2025-09-24T17:41:43.812Z,59.9,0.1,1.5,49.6,0,60.9,0,0,0,0,0,0,0,0,1
2025-09-24T17:41:44.811Z,59.9,0.1,1.5,50.4,0,60.9,0,0,0,0,0,0,0,0,1
2025-09-24T17:41:45.811Z,59.9,0.1,1.5,49.6,0,60.9,0,0,0,0,0,0,0,0,1
2025-09-24T17:41:46.811Z,59.9,0.1,1.5,50.4,0,60.9,0,0,0,0,0,0,0,0,1
2025-09-24T17:41:47.814Z,59.8,0.1,1.5,49.6,0,60.9,0,0,0,0,0,0,0,0,1
2025-09-24T17:41:48.814Z,59.8,0.1,1.5,50.4,0,60.9,0,0,0,0,0,0,0,0,1
2025-09-24T17:41:49.818Z,59.8,0.1,1.5,49.6,0,60.9,0,0,0,0,0,0,0,0,1
2025-09-24T17:41:50.816Z,59.8,0.1,1.5,49.6,0,60.9,0,0,0,0,0,0,0,0,1
2025-09-24T17:41:51.819Z,59.8,0.1,1.5,50.4,0,60.9,0,0,0,0,0,0,0,0,1
2025-09-24T17:41:52.819Z,59.8,0.1,1.5,49.6,0,60.9,0,0,0,0,0,0,0,0,1
2025-09-24T17:41:53.822Z,59.8,0.1,1.5,49.6,0,60.9,0,0,0,0,0,0,0,0,1
2025-09-24T17:41:54.821Z,59.8,0.1,1.5,50.4,0,60.9,0,0,0,0,0,0,0,0,1
2025-09-24T17:41:55.824Z,59.8,0.1,1.5,50.4,0,60.9,0,0,0,0,0,0,0,0,1
2025-09-24T17:41:56.825Z,59.8,0.1,1.499,49.6,0,60.9,0,0,0,0,0,0,0,0,1
2025-09-24T17:41:57.824Z,59.8,0.1,1.5,50.4,0,60.9,0,0,0,0,0,0,0,0,1
2025-09-24T17:41:58.827Z,59.8,0.1,1.5,49.6,0,60.9,0,0,0,0,0,0,0,0,1
2025-09-24T17:41:59.829Z,59.8,0.1,1.5,50.4,0,60.9,0,0,0,0,0,0,0,0,1
2025-09-24T17:42:00.826Z,59.8,0.1,1.5,49.6,0,60.9,0,0,0,0,0,0,0,0,1
2025-09-24T17:42:01.832Z,59.8,0.1,1.499,50.4,0,60.9,0,0,0,0,0,0,0,0,1
2025-09-24T17:42:02.829Z,59.8,0.1,1.5,50.4,0,60.9,0,0,0,0,0,0,0,0,1
2025-09-24T17:42:03.833Z,59.8,0.1,1.499,49.6,0,60.9,0,0,0,0,0,0,0,0,1
2025-09-24T17:42:04.830Z,59.8,0.1,1.5,50.4,0,60.9,0,0,0,0,0,0,0,0,1
2025-09-24T17:42:05.834Z,59.8,0.1,1.5,49.6,0,60.9,0,0,0,0,0,0,0,0,1
2025-09-24T17:42:06.833Z,59.7,0.1,1.499,50.4,0,60.9,0,0,0,0,0,0,0,0,1
2025-09-24T17:42:07.836Z,59.7,0.1,1.498,49.6,0,60.9,0,0,0,0,0,0,0,0,1
2025-09-24T17:42:08.834Z,59.7,0.1,1.499,50.4,0,60.9,0,0,0,0,0,0,0,0,1
2025-09-24T17:42:09.836Z,59.7,0.1,1.498,49.6,0,61,0,0,0,0,0,0,0,0,1
2025-09-24T17:42:10.838Z,59.7,0.1,1.499,50.4,0,61,0,0,0,0,0,0,0,0,1
2025-09-24T17:42:11.835Z,59.7,0.1,1.499,49.6,0,61,0,0,0,0,0,0,0,0,1
2025-09-24T17:42:12.836Z,59.7,0.1,1.5,50.4,0,61,0,0,0,0,0,0,0,0,1
2025-09-24T17:42:13.841Z,59.7,0.1,1.499,49.6,0,61,0,0,0,0,0,0,0,0,1
2025-09-24T17:42:14.839Z,59.7,0.1,1.5,50.4,0,61,0,0,0,0,0,0,0,0,1
2025-09-24T17:42:15.845Z,59.7,0.1,1.499,49.6,0,61,0,0,0,0,0,0,0,0,1
2025-09-24T17:42:16.841Z,59.7,0.1,1.5,50.4,0,61,0,0,0,0,0,0,0,0,1
2025-09-24T17:42:17.844Z,59.7,0.1,1.5,49.6,0,61,0,0,0,0,0,0,0,0,1
2025-09-24T17:42:18.843Z,59.7,0.1,1.5,50.4,0,61,0,0,0,0,0,0,0,0,1
2025-09-24T17:42:19.845Z,59.7,0.1,1.5,49.6,0,61,0,0,0,0,0,0,0,0,1
2025-09-24T17:42:20.847Z,59.7,0.1,1.5,50.4,0,61,0,0,0,0,0,0,0,0,1
2025-09-24T17:42:21.841Z,59.7,0.1,1.5,50.4,0,61,0,0,0,0,0,0,0,0,1
2025-09-24T17:42:22.848Z,59.7,0.1,1.5,49.6,0,61,0,0,0,0,0,0,0,0,1
2025-09-24T17:42:23.846Z,59.7,0.1,1.502,50.4,0,61,0,0,0,0,0,0,0,0,1
2025-09-24T17:42:24.852Z,59.7,0.1,1.502,49.6,0,61,0,0,0,0,0,0,0,0,1
2025-09-24T17:42:25.851Z,59.6,0.1,1.502,50.4,0,61,0,0,0,0,0,0,0,0,1
2025-09-24T17:42:26.853Z,59.6,0.1,1.502,50.4,0,61,0,0,0,0,0,0,0,0,1
2025-09-24T17:42:27.854Z,59.6,0.1,1.502,49.6,0,61,0,0,0,0,0,0,0,0,1
2025-09-24T17:42:28.856Z,59.6,0.1,1.502,50.4,0,61,0,0,0,0,0,0,0,0,1
2025-09-24T17:42:29.856Z,59.6,0.1,1.502,49.6,0,61,0,0,0,0,0,0,0,0,1
2025-09-24T17:42:30.858Z,59.6,0.1,1.502,50.4,0,61,0,0,0,0,0,0,0,0,1
2025-09-24T17:42:31.856Z,59.6,0.1,1.502,49.6,0,61,0,0,0,0,0,0,0,0,1
2025-09-24T17:42:32.859Z,59.6,0.1,1.502,50.4,0,61,0,0,0,0,0,0,0,0,1
2025-09-24T17:42:33.861Z,59.6,0.1,1.502,49.6,0,61,0,0,0,0,0,0,0,0,1
2025-09-24T17:42:34.861Z,59.6,0.1,1.502,50.4,0,61,0,0,0,0,0,0,0,0,1
2025-09-24T17:42:35.862Z,59.6,0.1,1.502,49.6,0,61,0,0,0,0,0,0,0,0,1
2025-09-24T17:42:36.863Z,59.6,0.1,1.502,50.4,0,61,0,0,0,0,0,0,0,0,1
2025-09-24T17:42:37.865Z,59.6,0.1,1.501,49.6,0,61,0,0,0,0,0,0,0,0,1
2025-09-24T17:42:38.863Z,59.6,0.1,1.502,50.4,0,61,0,0,0,0,0,0,0,0,1
2025-09-24T17:42:39.859Z,59.6,0.1,1.502,49.6,0,61,0,0,0,0,0,0,0,0,1
2025-09-24T17:42:40.863Z,59.6,0.1,1.502,50.4,0,61,0,0,0,0,0,0,0,0,1
2025-09-24T17:42:41.867Z,59.6,0.1,1.501,49.6,0,61,0,0,0,0,0,0,0,0,1
2025-09-24T17:42:42.865Z,59.6,0.1,1.503,50.4,0,61,0,0,0,0,0,0,0,0,1
2025-09-24T17:42:43.868Z,59.5,0.1,1.501,49.6,0,61,0,0,0,0,0,0,0,0,1
2025-09-24T17:42:44.869Z,59.5,0.1,1.501,50.4,0,61,0,0,0,0,0,0,0,0,1
2025-09-24T17:42:45.869Z,59.5,0.1,1.503,49.6,0,61,0,0,0,0,0,0,0,0,1
2025-09-24T17:42:46.871Z,59.5,0.1,1.503,50.4,0,61,0,0,0,0,0,0,0,0,1
2025-09-24T17:42:47.871Z,59.5,0.1,1.502,49.6,0,61,0,0,0,0,0,0,0,0,1
2025-09-24T17:42:48.870Z,59.5,0.1,1.502,49.6,0,61,0,0,0,0,0,0,0,0,1
2025-09-24T17:42:49.880Z,59.5,0.1,1.502,49.6,0,61,0,0,0,0,0,0,0,0,1
2025-09-24T17:42:50.877Z,59.5,0.1,1.502,50.4,0,61,0,0,0,0,0,0,0,0,1
2025-09-24T17:42:51.876Z,59.5,0.1,1.502,49.6,0,61,0,0,0,0,0,0,0,0,1
2025-09-24T17:42:52.877Z,59.5,0.1,1.502,50.4,0,61,0,0,0,0,0,0,0,0,1
2025-09-24T17:42:53.882Z,59.5,0.1,1.502,49.6,0,61,0,0,0,0,0,0,0,0,1
2025-09-24T17:42:54.877Z,59.5,0.1,1.502,49.6,0,61,0,0,0,0,0,0,0,0,1
2025-09-24T17:42:55.880Z,59.5,0.1,1.503,50.4,0,60.9,0,0,0,0,0,0,0,0,1
2025-09-24T17:42:56.880Z,59.5,0.1,1.503,49.6,0,60.9,0,0,0,0,0,0,0,0,1
2025-09-24T17:42:57.884Z,59.5,0.1,1.502,50.4,0,60.9,0,0,0,0,0,0,0,0,1
2025-09-24T17:42:58.881Z,59.5,0.1,1.503,49.6,0,60.9,0,0,0,0,0,0,0,0,1
2025-09-24T17:42:59.885Z,59.5,0.1,1.502,50.4,0,60.9,0,0,0,0,0,0,0,0,1
2025-09-24T17:43:00.885Z,59.5,0.1,1.502,49.6,0,60.9,0,0,0,0,0,0,0,0,1
2025-09-24T17:43:01.886Z,59.5,0.1,1.502,50.4,0,60.9,0,0,0,0,0,0,0,0,1
2025-09-24T17:43:02.888Z,59.5,0.1,1.502,49.6,0,60.9,0,0,0,0,0,0,0,0,1
2025-09-24T17:43:03.887Z,59.5,0.1,1.502,50.4,0,60.9,0,0,0,0,0,0,0,0,1
2025-09-24T17:43:04.889Z,59.5,0.1,1.502,49.6,0,60.9,0,0,0,0,0,0,0,0,1
2025-09-24T17:43:05.894Z,59.4,0.1,1.502,50.4,0,60.9,0,0,0,0,0,0,0,0,1
2025-09-24T17:43:06.894Z,59.4,0.1,1.502,49.6,0,60.9,0,0,0,0,0,0,0,0,1
2025-09-24T17:43:07.887Z,59.4,0.1,1.503,50.4,0,60.9,0,0,0,0,0,0,0,0,1
2025-09-24T17:43:08.889Z,59.4,0.1,1.503,49.6,0,60.9,0,0,0,0,0,0,0,0,1
2025-09-24T17:43:09.895Z,59.4,0.1,1.502,50.4,0,60.9,0,0,0,0,0,0,0,0,1
2025-09-24T17:43:10.894Z,59.4,0.1,1.502,49.6,0,60.9,0,0,0,0,0,0,0,0,1
2025-09-24T17:43:11.895Z,59.4,0.1,1.502,49.6,0,60.9,0,0,0,0,0,0,0,0,1
2025-09-24T17:43:12.895Z,59.4,0.1,1.502,49.6,0,60.9,0,0,0,0,0,0,0,0,1
2025-09-24T17:43:13.896Z,59.4,0.1,1.502,49.6,0,61,0,0,0,0,0,0,0,0,1
2025-09-24T17:43:14.899Z,59.4,0.1,1.502,50.4,0,61,0,0,0,0,0,0,0,0,1
2025-09-24T17:43:15.901Z,59.4,0.1,1.502,49.6,0,61,0,0,0,0,0,0,0,0,1
2025-09-24T17:43:16.906Z,59.4,0.1,1.502,50.4,0,61,0,0,0,0,0,0,0,0,1
2025-09-24T17:43:17.903Z,59.4,0.1,1.502,49.6,0,61,0,0,0,0,0,0,0,0,1
2025-09-24T17:43:18.900Z,59.4,0.1,1.503,50.4,0,61,0,0,0,0,0,0,0,0,1
2025-09-24T17:43:19.914Z,59.4,0.1,1.502,49.6,0,61,0,0,0,0,0,0,0,0,1
2025-09-24T17:43:20.904Z,59.4,0.1,1.502,50.4,0,61,0,0,0,0,0,0,0,0,1
2025-09-24T17:43:21.902Z,59.4,0.1,1.503,49.6,0,61.1,0,0,0,0,0,0,0,0,1
2025-09-24T17:43:22.904Z,59.4,0.1,1.503,50.4,0,61.1,0,0,0,0,0,0,0,0,1
2025-09-24T17:43:23.910Z,59.4,0.1,1.502,49.6,0,61.1,0,0,0,0,0,0,0,0,2
2025-09-24T17:43:24.909Z,59.4,0.1,1.502,49.6,0,61.1,0,0,0,0,0,0,0,0,2
2025-09-24T17:43:25.906Z,59.4,0.4,1.517,49.6,0,61.1,0,0,0,0,0,0,0,0,2
2025-09-24T17:43:26.904Z,59.4,0.4,1.522,49.6,0,61.1,0,0,0,0,0,0,0,0,2
2025-09-24T17:43:27.907Z,59.4,0.4,1.522,50.4,0,61.1,0,0,0,0,0,0,0,0,2
2025-09-24T17:43:28.909Z,59.4,0.4,1.522,50.4,0,61.1,0,0,0,0,0,0,0,0,2
2025-09-24T17:43:29.908Z,59.4,0.4,1.522,49.6,0,61.1,0,0,0,0,0,0,0,0,2
2025-09-24T17:43:30.910Z,59.4,0.4,1.522,49.6,0,61.1,0,0,0,0,0,0,0,0,2
2025-09-24T17:43:31.912Z,59.4,0.4,1.522,49.6,0,61.1,0,0,0,0,0,0,0,0,2
2025-09-24T17:43:32.915Z,59.4,0.4,1.522,49.6,0,61.1,0,0,0,0,0,0,0,0,2
2025-09-24T17:43:33.912Z,59.3,0.4,1.522,50.4,0,61.1,0,0,0,0,0,0,0,0,2
2025-09-24T17:43:34.912Z,59.3,0.4,1.522,50.4,0,61.1,0,0,0,0,0,0,0,0,2
2025-09-24T17:43:35.916Z,59.3,0.4,1.523,49.6,0,61.1,0,0,0,0,0,0,0,0,2
2025-09-24T17:43:36.919Z,59.3,0.4,1.522,50.4,0,61.1,0,0,0,0,0,0,0,0,2
2025-09-24T17:43:37.917Z,59.3,0.4,1.522,49.6,0,61.1,0,0,0,0,0,0,0,0,2
2025-09-24T17:43:38.916Z,59.3,0.4,1.523,50.4,0,61.1,0,0,0,0,0,0,0,0,2
2025-09-24T17:43:39.920Z,59.3,0.4,1.523,50.4,0,61.1,0,0,0,0,0,0,0,0,2
2025-09-24T17:43:40.917Z,59.3,0.4,1.523,49.6,0,61.1,0,0,0,0,0,0,0,0,2
2025-09-24T17:43:41.918Z,59.3,0.4,1.523,50.4,0,61.1,0,0,0,0,0,0,0,0,2
2025-09-24T17:43:42.919Z,59.3,0.4,1.523,49.6,0,61.1,0,0,0,0,0,0,0,0,2
2025-09-24T17:43:43.922Z,59.3,0.4,1.523,50.4,0,61.1,0,0,0,0,0,0,0,0,2
2025-09-24T17:43:44.920Z,59.3,0.4,1.523,49.6,0,61.2,0,0,0,0,0,0,0,0,2
2025-09-24T17:43:45.923Z,59.3,0.4,1.523,50.4,0,61.1,0,0,0,0,0,0,0,0,2
2025-09-24T17:43:46.925Z,59.3,0.4,1.523,49.6,0,61.1,0,0,0,0,0,0,0,0,2
2025-09-24T17:43:47.923Z,59.3,0.4,1.523,49.6,0,61.1,0,0,0,0,0,0,0,0,2
2025-09-24T17:43:48.924Z,59.3,0.4,1.523,50.4,0,61.1,0,0,0,0,0,0,0,0,2
2025-09-24T17:43:49.925Z,59.3,0.4,1.523,49.6,0,61.2,0,0,0,0,0,0,0,0,2
2025-09-24T17:43:50.928Z,59.3,0.4,1.523,50.4,0,61.2,0,0,0,0,0,0,0,0,2
2025-09-24T17:43:51.927Z,59.3,0.4,1.523,49.6,0,61.2,0,0,0,0,0,0,0,0,2
2025-09-24T17:43:52.929Z,59.3,0.4,1.523,50.4,0,61.2,0,0,0,0,0,0,0,0,2
2025-09-24T17:43:53.932Z,59.3,0.4,1.523,49.6,0,61.2,0,0,0,0,0,0,0,0,2
2025-09-24T17:43:54.931Z,59.3,0.4,1.523,49.6,0,61.2,0,0,0,0,0,0,0,0,2
2025-09-24T17:43:55.934Z,59.3,0.4,1.523,50.4,0,61.2,0,0,0,0,0,0,0,0,2
2025-09-24T17:43:56.937Z,59.3,0.4,1.523,49.6,0,61.2,0,0,0,0,0,0,0,0,2
2025-09-24T17:43:57.937Z,59.3,0.4,1.523,50.4,0,61.2,0,0,0,0,0,0,0,0,2
2025-09-24T17:43:58.936Z,59.3,0.4,1.523,49.6,0,61.2,0,0,0,0,0,0,0,0,2
2025-09-24T17:43:59.934Z,59.3,0.4,1.523,49.6,0,61.2,0,0,0,0,0,0,0,0,2
2025-09-24T17:44:00.936Z,59.3,0.4,1.523,50.4,0,61.2,0,0,0,0,0,0,0,0,2
2025-09-24T17:44:01.936Z,59.3,0.4,1.523,49.6,0,61.2,0,0,0,0,0,0,0,0,2
2025-09-24T17:44:02.938Z,59.3,0.4,1.523,49.6,0,61.2,0,0,0,0,0,0,0,0,2
2025-09-24T17:44:03.938Z,59.3,0.4,1.523,50.4,0,61.2,0,0,0,0,0,0,0,0,2
2025-09-24T17:44:04.945Z,59.3,0.4,1.523,49.6,0,61.2,0,0,0,0,0,0,0,0,2
2025-09-24T17:44:05.943Z,59.3,0.4,1.523,50.4,0,61.2,0,0,0,0,0,0,0,0,2
2025-09-24T17:44:06.943Z,59.3,0.4,1.523,50.4,0,61.2,0,0,0,0,0,0,0,0,2
2025-09-24T17:44:07.942Z,59.3,0.4,1.523,49.6,0,61.2,0,0,0,0,0,0,0,0,2
2025-09-24T17:44:08.943Z,59.3,0.4,1.523,50.4,0,61.2,0,0,0,0,0,0,0,0,2
2025-09-24T17:44:09.946Z,59.3,0.4,1.523,49.6,0,61.2,0,0,0,0,0,0,0,0,2
2025-09-24T17:44:10.946Z,59.3,0.4,1.523,50.4,0,61.2,0,0,0,0,0,0,0,0,2
2025-09-24T17:44:11.944Z,59.3,0.4,1.523,49.6,0,61.2,0,0,0,0,0,0,0,0,2
2025-09-24T17:44:12.947Z,59.2,0.4,1.522,49.6,0,61.2,0,0,0,0,0,0,0,0,2
2025-09-24T17:44:13.949Z,59.3,0.4,1.523,50.4,0,61.2,0,0,0,0,0,0,0,0,2
2025-09-24T17:44:14.950Z,59.3,0.4,1.523,49.6,0,61.2,0,0,0,0,0,0,0,0,2
2025-09-24T17:44:15.950Z,59.3,0.4,1.523,50.4,0,61.2,0,0,0,0,0,0,0,0,2
2025-09-24T17:44:16.952Z,59.3,0.4,1.523,49.6,0,61.2,0,0,0,0,0,0,0,0,2
2025-09-24T17:44:17.950Z,59.3,0.4,1.523,49.6,0,61.2,0,0,0,0,0,0,0,0,2
2025-09-24T17:44:18.953Z,59.2,0.4,1.523,50.4,0,61.2,0,0,0,0,0,0,0,0,2
2025-09-24T17:44:19.955Z,59.2,0.4,1.523,49.6,0,61.2,0,0,0,0,0,0,0,0,2
2025-09-24T17:44:20.952Z,59.2,0.4,1.523,49.6,0,61.2,0,0,0,0,0,0,0,0,2
2025-09-24T17:44:21.957Z,59.3,0.4,1.523,50.4,0,61.2,0,0,0,0,0,0,0,0,2
2025-09-24T17:44:22.956Z,59.3,0.4,1.523,49.6,0,61.2,0,0,0,0,0,0,0,0,2
2025-09-24T17:44:23.958Z,59.3,0.4,1.523,49.6,0,61.2,0,0,0,0,0,0,0,0,2
2025-09-24T17:44:24.962Z,59.2,0.4,1.523,50.4,0,61.2,0,0,0,0,0,0,0,0,2
2025-09-24T17:44:25.964Z,59.2,0.4,1.523,50.4,0,61.2,0,0,0,0,0,0,0,0,2
2025-09-24T17:44:26.960Z,59.3,0.4,1.523,49.6,0,61.2,0,0,0,0,0,0,0,0,2
2025-09-24T17:44:27.965Z,59.3,0.4,1.523,50.4,0,61.2,0,0,0,0,0,0,0,0,2
2025-09-24T17:44:28.966Z,59.3,0.4,1.523,49.6,0,61.2,0,0,0,0,0,0,0,0,2
2025-09-24T17:44:29.966Z,59.3,0.4,1.523,50.4,0,61.2,0,0,0,0,0,0,0,0,2
2025-09-24T17:44:30.970Z,59.3,0.4,1.523,50.4,0,61.2,0,0,0,0,0,0,0,0,2
2025-09-24T17:44:31.967Z,59.2,0.4,1.523,49.6,0,61.2,0,0,0,0,0,0,0,0,2
2025-09-24T17:44:32.968Z,59.3,0.4,1.523,50.4,0,61.2,0,0,0,0,0,0,0,0,2
2025-09-24T17:44:33.969Z,59.2,0.4,1.523,49.6,0,61.2,0,0,0,0,0,0,0,0,2
2025-09-24T17:44:34.971Z,59.3,0.4,1.523,50.4,0,61.2,0,0,0,0,0,0,0,0,2
2025-09-24T17:44:35.972Z,59.3,0.4,1.523,49.6,0,61.2,0,0,0,0,0,0,0,0,2
2025-09-24T17:44:36.974Z,59.3,0.4,1.523,50.4,0,61.2,0,0,0,0,0,0,0,0,2
2025-09-24T17:44:37.975Z,59.3,0.4,1.523,49.6,0,61.2,0,0,0,0,0,0,0,0,2
2025-09-24T17:44:38.969Z,59.3,0.4,1.523,49.6,0,61.2,0,0,0,0,0,0,0,0,2
2025-09-24T17:44:39.977Z,59.3,0.4,1.523,50.4,0,61.2,0,0,0,0,0,0,0,0,2
2025-09-24T17:44:40.975Z,59.2,0.4,1.523,49.6,0,61.2,0,0,0,0,0,0,0,0,2
2025-09-24T17:44:41.978Z,59.2,0.4,1.523,49.6,0,61.2,0,0,0,0,0,0,0,0,2
2025-09-24T17:44:42.975Z,59.3,0.4,1.523,50.4,0,61.2,0,0,0,0,0,0,0,0,2
2025-09-24T17:44:43.979Z,59.3,0.4,1.523,49.6,0,61.2,0,0,0,0,0,0,0,0,2
2025-09-24T17:44:44.975Z,59.3,0.4,1.522,50.4,0,61.2,0,0,0,0,0,0,0,0,2
2025-09-24T17:44:45.976Z,59.2,0.4,1.523,50.4,0,61.2,0,0,0,0,0,0,0,0,2
2025-09-24T17:44:46.982Z,59.2,0.4,1.523,49.6,0,61.2,0,0,0,0,0,0,0,0,2
2025-09-24T17:44:47.983Z,59.2,0.4,1.523,50.4,0,61.2,0,0,0,0,0,0,0,0,2
2025-09-24T17:44:48.978Z,59.2,0.4,1.523,49.6,0,61.2,0,0,0,0,0,0,0,0,2
2025-09-24T17:44:49.983Z,59.2,0.4,1.523,50.4,0,61.2,0,0,0,0,0,0,0,0,2
2025-09-24T17:44:50.984Z,59.2,0.4,1.523,50.4,0,61.2,0,0,0,0,0,0,0,0,2
2025-09-24T17:44:51.981Z,59.3,0.4,1.523,49.6,0,61.2,0,0,0,0,0,0,0,0,2
2025-09-24T17:44:52.981Z,59.2,0.4,1.523,50.4,0,61.2,0,0,0,0,0,0,0,0,2
2025-09-24T17:44:53.987Z,59.2,0.4,1.523,49.6,0,61.2,0,0,0,0,0,0,0,0,2
2025-09-24T17:44:54.988Z,59.2,0.4,1.523,50.4,0,61.2,0,0,0,0,0,0,0,0,2
2025-09-24T17:44:55.989Z,59.3,0.4,1.522,49.6,0,61.2,0,0,0,0,0,0,0,0,2
2025-09-24T17:44:56.991Z,59.2,0.4,1.523,50.4,0,61.2,0,0,0,0,0,0,0,0,2
2025-09-24T17:44:57.997Z,59.3,0.4,1.523,49.6,0,61.2,0,0,0,0,0,0,0,0,2
2025-09-24T17:44:58.994Z,59.3,0.4,1.522,50.4,0,61.3,0,0,0,0,0,0,0,0,2
2025-09-24T17:44:59.991Z,59.3,0.4,1.522,49.6,0,61.2,0,0,0,0,0,0,0,0,2
2025-09-24T17:45:00.993Z,59.3,0.4,1.523,50.4,0,61.2,0,0,0,0,0,0,0,0,2
2025-09-24T17:45:01.991Z,59.3,0.4,1.522,49.6,0,61.3,0,0,0,0,0,0,0,0,2
2025-09-24T17:45:02.997Z,59.3,0.4,1.522,50.4,0,61.3,0,0,0,0,0,0,0,0,2
2025-09-24T17:45:03.993Z,59.3,0.4,1.523,49.6,0,61.3,0,0,0,0,0,0,0,0,2
2025-09-24T17:45:04.997Z,59.3,0.4,1.522,49.6,0,61.3,0,0,0,0,0,0,0,0,2
2025-09-24T17:45:05.997Z,59.3,0.4,1.522,49.6,0,61.3,0,0,0,0,0,0,0,0,2
2025-09-24T17:45:07.001Z,59.3,0.4,1.522,49.6,0,61.3,0,0,0,0,0,0,0,0,2
2025-09-24T17:45:08.000Z,59.3,0.4,1.522,50.4,0,61.3,0,0,0,0,0,0,0,0,2
2025-09-24T17:45:08.998Z,59.3,0.4,1.523,49.6,0,61.3,0,0,0,0,0,0,0,0,2
2025-09-24T17:45:10.001Z,59.3,0.4,1.522,49.6,0,61.3,0,0,0,0,0,0,0,0,2
2025-09-24T17:45:10.999Z,59.3,0.4,1.521,50.4,0,61.3,0,0,0,0,0,0,0,0,2
2025-09-24T17:45:12.006Z,59.3,0.4,1.522,49.6,0,61.3,0,0,0,0,0,0,0,0,2
2025-09-24T17:45:13.001Z,59.3,0.3,1.522,49.6,0,61.3,0,0,0,0,0,0,0,0,2
2025-09-24T17:45:14.006Z,59.3,0.4,1.522,50.4,0,61.3,0,0,0,0,0,0,0,0,2
2025-09-24T17:45:15.005Z,59.3,0.4,1.522,49.6,0,61.3,0,0,0,0,0,0,0,0,2
2025-09-24T17:45:16.002Z,59.3,0.4,1.522,50.4,0,61.3,0,0,0,0,0,0,0,0,2
2025-09-24T17:45:17.010Z,59.3,0.4,1.521,50.4,0,61.3,0,0,0,0,0,0,0,0,2
2025-09-24T17:45:18.005Z,59.3,0.4,1.522,49.6,0,61.3,0,0,0,0,0,0,0,0,2
2025-09-24T17:45:19.008Z,59.3,0.4,1.522,50.4,0,61.3,0,0,0,0,0,0,0,0,2
2025-09-24T17:45:20.014Z,59.3,0.4,1.522,49.6,0,61.3,0,0,0,0,0,0,0,0,2
2025-09-24T17:45:21.012Z,59.3,0.4,1.522,50.4,0,61.3,0,0,0,0,0,0,0,0,2
2025-09-24T17:45:22.012Z,59.3,0.4,1.522,49.6,0,61.3,0,0,0,0,0,0,0,0,2
2025-09-24T17:45:23.015Z,59.3,0.4,1.522,49.6,0,61.3,0,0,0,0,0,0,0,0,2
2025-09-24T17:45:24.019Z,59.3,0.4,1.521,50.4,0,61.3,0,0,0,0,0,0,0,0,2
2025-09-24T17:45:25.015Z,59.3,0.4,1.52,49.6,0,61.3,0,0,0,0,0,0,0,0,2
2025-09-24T17:45:26.015Z,59.3,0.4,1.52,49.6,0,61.3,0,0,0,0,0,0,0,0,2
2025-09-24T17:45:27.015Z,59.3,0.4,1.521,50.4,0,61.3,0,0,0,0,0,0,0,0,2
2025-09-24T17:45:28.020Z,59.3,0.4,1.52,50.4,0,61.3,0,0,0,0,0,0,0,0,2
2025-09-24T17:45:29.018Z,59.3,0.4,1.52,49.6,0,61.3,0,0,0,0,0,0,0,0,2
2025-09-24T17:45:30.021Z,59.3,0.4,1.52,49.6,0,61.3,0,0,0,0,0,0,0,0,2
2025-09-24T17:45:31.022Z,59.3,0.4,1.522,49.6,0,61.3,0,0,0,0,0,0,0,0,2
2025-09-24T17:45:32.019Z,59.3,0.3,1.522,50.4,0,61.3,0,0,0,0,0,0,0,0,2
2025-09-24T17:45:33.023Z,59.3,0.4,1.521,50.4,0,61.3,0,0,0,0,0,0,0,0,2
2025-09-24T17:45:34.019Z,59.3,0.3,1.519,49.6,0,61.3,0,0,0,0,0,0,0,0,2
2025-09-24T17:45:35.025Z,59.3,0.4,1.52,50.4,0,61.3,0,0,0,0,0,0,0,0,2
2025-09-24T17:45:36.027Z,59.4,0.4,1.52,49.6,0,61.3,0,0,0,0,0,0,0,0,2
2025-09-24T17:45:37.028Z,59.4,0.4,1.522,50.4,0,61.3,0,0,0,0,0,0,0,0,2
2025-09-24T17:45:38.025Z,59.4,0.4,1.522,49.6,0,61.3,0,0,0,0,0,0,0,0,2
2025-09-24T17:45:39.024Z,59.4,0.4,1.522,49.6,0,61.3,0,0,0,0,0,0,0,0,2
2025-09-24T17:45:40.029Z,59.4,0.4,1.522,50.4,0,61.3,0,0,0,0,0,0,0,0,2
2025-09-24T17:45:41.027Z,59.4,0.4,1.522,49.6,0,61.3,0,0,0,0,0,0,0,0,2
2025-09-24T17:45:42.026Z,59.4,0.3,1.519,49.6,0,61.3,0,0,0,0,0,0,0,0,2
2025-09-24T17:45:43.032Z,59.4,0.4,1.52,50.4,0,61.3,0,0,0,0,0,0,0,0,2
2025-09-24T17:45:44.033Z,59.4,0.4,1.519,49.6,0,61.3,0,0,0,0,0,0,0,0,2
2025-09-24T17:45:45.031Z,59.4,0.4,1.519,49.6,0,61.3,0,0,0,0,0,0,0,0,2
2025-09-24T17:45:46.037Z,59.4,0.4,1.52,50.4,0,61.3,0,0,0,0,0,0,0,0,2
2025-09-24T17:45:47.035Z,59.4,0.4,1.521,50.4,0,61.3,0,0,0,0,0,0,0,0,2
2025-09-24T17:45:48.034Z,59.4,0.4,1.522,49.6,0,61.3,0,0,0,0,0,0,0,0,2
2025-09-24T17:45:49.037Z,59.4,0.4,1.522,50.4,0,61.3,0,0,0,0,0,0,0,0,2
2025-09-24T17:45:50.034Z,59.4,0.3,1.521,50.4,0,61.3,0,0,0,0,0,0,0,0,2
2025-09-24T17:45:51.037Z,59.4,0.4,1.522,49.6,0,61.3,0,0,0,0,0,0,0,0,2
2025-09-24T17:45:52.037Z,59.4,0.4,1.52,50.4,0,61.3,0,0,0,0,0,0,0,0,2
2025-09-24T17:45:53.040Z,59.4,0.4,1.52,49.6,0,61.3,0,0,0,0,0,0,0,0,2
2025-09-24T17:45:54.042Z,59.4,0.4,1.519,50.4,0,61.4,0,0,0,0,0,0,0,0,2
2025-09-24T17:45:55.040Z,59.4,0.3,1.519,49.6,0,61.4,0,0,0,0,0,0,0,0,2
2025-09-24T17:45:56.041Z,59.4,0.3,1.519,49.6,0,61.4,0,0,0,0,0,0,0,0,2
2025-09-24T17:45:57.045Z,59.5,0.4,1.521,50.4,0,61.4,0,0,0,0,0,0,0,0,2
2025-09-24T17:45:58.044Z,59.5,0.3,1.521,49.6,0,61.4,0,0,0,0,0,0,0,0,2
2025-09-24T17:45:59.046Z,59.5,0.4,1.522,49.6,0,61.4,0,0,0,0,0,0,0,0,2
2025-09-24T17:46:00.049Z,59.5,0.4,1.522,50.4,0,61.4,0,0,0,0,0,0,0,0,2
2025-09-24T17:46:01.043Z,59.5,0.3,1.521,50.4,0,61.4,0,0,0,0,0,0,0,0,2
2025-09-24T17:46:02.048Z,59.5,0.4,1.52,49.6,0,61.4,0,0,0,0,0,0,0,0,2
2025-09-24T17:46:03.048Z,59.5,0.3,1.519,50.4,0,61.4,0,0,0,0,0,0,0,0,2
2025-09-24T17:46:04.048Z,59.5,0.3,1.518,49.6,0,61.4,0,0,0,0,0,0,0,0,2
2025-09-24T17:46:05.051Z,59.5,0.4,1.519,50.4,0,61.4,0,0,0,0,0,0,0,0,2
2025-09-24T17:46:06.052Z,59.5,0.3,1.519,49.6,0,61.4,0,0,0,0,0,0,0,0,2
2025-09-24T17:46:07.053Z,59.5,0.3,1.52,49.6,0,61.4,0,0,0,0,0,0,0,0,2
2025-09-24T17:46:08.053Z,59.5,0.3,1.521,50.4,0,61.4,0,0,0,0,0,0,0,0,2
2025-09-24T17:46:09.055Z,59.5,0.4,1.522,49.6,0,61.4,0,0,0,0,0,0,0,0,2
2025-09-24T17:46:10.057Z,59.5,0.4,1.522,49.6,0,61.4,0,0,0,0,0,0,0,0,2
2025-09-24T17:46:11.061Z,59.5,0.4,1.52,50.4,0,61.4,0,0,0,0,0,0,0,0,2
2025-09-24T17:46:12.058Z,59.5,0.4,1.52,49.6,0,61.4,0,0,0,0,0,0,0,0,2
2025-09-24T17:46:13.059Z,59.5,0.4,1.52,49.6,0,61.4,0,0,0,0,0,0,0,0,2
2025-09-24T17:46:14.056Z,59.5,0.3,1.519,50.4,0,61.4,0,0,0,0,0,0,0,0,2
2025-09-24T17:46:15.056Z,59.6,0.3,1.519,50.4,0,61.4,0,0,0,0,0,0,0,0,2
2025-09-24T17:46:16.063Z,59.6,0.4,1.52,49.6,0,61.4,0,0,0,0,0,0,0,0,2
2025-09-24T17:46:17.057Z,59.6,0.3,1.519,50.4,0,61.4,0,0,0,0,0,0,0,0,2
2025-09-24T17:46:18.067Z,59.6,0.4,1.52,49.6,0,61.4,0,0,0,0,0,0,0,0,2
2025-09-24T17:46:19.063Z,59.6,0.3,1.519,49.6,0,61.4,0,0,0,0,0,0,0,0,2
2025-09-24T17:46:20.067Z,59.6,0.4,1.52,50.4,0,61.4,0,0,0,0,0,0,0,0,2
2025-09-24T17:46:21.068Z,59.6,0.4,1.519,49.6,0,61.4,0,0,0,0,0,0,0,0,2
2025-09-24T17:46:22.064Z,59.6,0.3,1.519,50.4,0,61.4,0,0,0,0,0,0,0,0,2
2025-09-24T17:46:23.069Z,59.6,0.3,1.518,50.4,0,61.4,0,0,0,0,0,0,0,0,2
2025-09-24T17:46:24.070Z,59.6,0.3,1.518,49.6,0,61.4,0,0,0,0,0,0,0,0,2
2025-09-24T17:46:25.070Z,59.6,0.3,1.518,50.4,0,61.4,0,0,0,0,0,0,0,0,2
2025-09-24T17:46:26.073Z,59.6,0.4,1.519,50.4,0,61.4,0,0,0,0,0,0,0,0,2
2025-09-24T17:46:27.075Z,59.6,0.4,1.519,49.6,0,61.4,0,0,0,0,0,0,0,0,2
2025-09-24T17:46:28.079Z,59.6,0.4,1.519,50.4,0,61.4,0,0,0,0,0,0,0,0,2
2025-09-24T17:46:29.079Z,59.6,0.4,1.519,49.6,0,61.4,0,0,0,0,0,0,0,0,2
2025-09-24T17:46:30.079Z,59.6,0.4,1.519,50.4,0,61.4,0,0,0,0,0,0,0,0,2
2025-09-24T17:46:31.083Z,59.6,0.4,1.519,49.6,0,61.4,0,0,0,0,0,0,0,0,2
2025-09-24T17:46:32.080Z,59.6,0.4,1.519,50.4,0,61.4,0,0,0,0,0,0,0,0,2
2025-09-24T17:46:33.083Z,59.6,0.4,1.519,50.4,0,61.4,0,0,0,0,0,0,0,0,2
2025-09-24T17:46:34.076Z,59.7,0.3,1.518,49.6,0,61.4,0,0,0,0,0,0,0,0,2
2025-09-24T17:46:35.081Z,59.7,0.3,1.518,49.6,0,61.4,0,0,0,0,0,0,0,0,2
2025-09-24T17:46:36.083Z,59.7,0.4,1.519,49.6,0,61.4,0,0,0,0,0,0,0,0,2
2025-09-24T17:46:37.086Z,59.7,0.4,1.519,50.4,0,61.4,0,0,0,0,0,0,0,0,2
2025-09-24T17:46:38.082Z,59.7,0.3,1.518,50.4,0,61.4,0,0,0,0,0,0,0,0,2
2025-09-24T17:46:39.085Z,59.7,0.4,1.519,49.6,0,61.4,0,0,0,0,0,0,0,0,2
2025-09-24T17:46:40.087Z,59.7,0.4,1.519,50.4,0,61.4,0,0,0,0,0,0,0,0,2
2025-09-24T17:46:41.085Z,59.7,0.4,1.519,49.6,0,61.4,0,0,0,0,0,0,0,0,2
2025-09-24T17:46:42.087Z,59.7,0.4,1.519,50.4,0,61.4,0,0,0,0,0,0,0,0,2
2025-09-24T17:46:43.088Z,59.7,0.3,1.518,49.6,0,61.4,0,0,0,0,0,0,0,0,2
2025-09-24T17:46:44.086Z,59.7,0.3,1.518,50.4,0,61.4,0,0,0,0,0,0,0,0,2
2025-09-24T17:46:45.092Z,59.7,0.4,1.519,49.6,0,61.4,0,0,0,0,0,0,0,0,2
2025-09-24T17:46:46.092Z,59.7,0.4,1.519,49.6,0,61.4,0,0,0,0,0,0,0,0,2
2025-09-24T17:46:47.088Z,59.7,0.3,1.518,50.4,0,61.4,0,0,0,0,0,0,0,0,2
2025-09-24T17:46:48.095Z,59.8,0.4,1.519,49.6,0,61.4,0,0,0,0,0,0,0,0,2
2025-09-24T17:46:49.095Z,59.8,0.3,1.519,50.4,0,61.4,0,0,0,0,0,0,0,0,2
2025-09-24T17:46:50.092Z,59.8,0.3,1.519,50.4,0,61.4,0,0,0,0,0,0,0,0,2
2025-09-24T17:46:51.098Z,59.8,0.4,1.519,49.6,0,61.4,0,0,0,0,0,0,0,0,2
2025-09-24T17:46:52.095Z,59.8,0.3,1.519,49.6,0,61.4,0,0,0,0,0,0,0,0,2
2025-09-24T17:46:53.094Z,59.8,0.3,1.519,50.4,0,61.4,0,0,0,0,0,0,0,0,2
2025-09-24T17:46:54.102Z,59.8,0.4,1.52,50.4,0,61.4,0,0,0,0,0,0,0,0,2
2025-09-24T17:46:55.102Z,59.8,0.4,1.52,49.6,0,61.4,0,0,0,0,0,0,0,0,2
2025-09-24T17:46:56.100Z,59.8,0.3,1.519,50.4,0,61.4,0,0,0,0,0,0,0,0,2
2025-09-24T17:46:57.107Z,59.8,0.4,1.52,49.6,0,61.4,0,0,0,0,0,0,0,0,2
2025-09-24T17:46:58.101Z,59.8,0.3,1.519,50.4,0,61.4,0,0,0,0,0,0,0,0,2
2025-09-24T17:46:59.106Z,59.8,0.3,1.519,49.6,0,61.4,0,0,0,0,0,0,0,0,2
2025-09-24T17:47:00.102Z,59.8,0.3,1.519,50.4,0,61.4,0,0,0,0,0,0,0,0,2
2025-09-24T17:47:01.109Z,59.8,0.4,1.52,49.6,0,61.4,0,0,0,0,0,0,0,0,2
2025-09-24T17:47:02.107Z,59.8,0.3,1.519,50.4,0,61.4,0,0,0,0,0,0,0,0,2
2025-09-24T17:47:03.109Z,59.8,0.4,1.52,49.6,0,61.4,0,0,0,0,0,0,0,0,2
2025-09-24T17:47:04.110Z,59.9,0.4,1.52,50.4,0,61.4,0,0,0,0,0,0,0,0,2
2025-09-24T17:47:05.110Z,59.9,0.4,1.52,49.6,0,61.4,0,0,0,0,0,0,0,0,2
2025-09-24T17:47:06.114Z,59.9,0.4,1.52,49.6,0,61.4,0,0,0,0,0,0,0,0,2
2025-09-24T17:47:07.112Z,59.9,0.4,1.521,50.4,0,61.4,0,0,0,0,0,0,0,0,2
2025-09-24T17:47:08.111Z,59.9,0.4,1.52,49.6,0,61.4,0,0,0,0,0,0,0,0,2
2025-09-24T17:47:09.110Z,59.9,0.3,1.52,49.6,0,61.3,0,0,0,0,0,0,0,0,2
2025-09-24T17:47:10.113Z,59.9,0.4,1.521,50.4,0,61.4,0,0,0,0,0,0,0,0,2
2025-09-24T17:47:11.120Z,59.9,0.4,1.522,49.6,0,61.3,0,0,0,0,0,0,0,0,2
2025-09-24T17:47:12.118Z,59.9,0.4,1.522,50.4,0,61.3,0,0,0,0,0,0,0,0,2
2025-09-24T17:47:13.117Z,59.9,0.4,1.522,49.6,0,61.4,0,0,0,0,0,0,0,0,2
2025-09-24T17:47:14.119Z,59.9,0.4,1.522,50.4,0,61.4,0,0,0,0,0,0,0,0,2
2025-09-24T17:47:15.122Z,59.9,0.4,1.522,49.6,0,61.4,0,0,0,0,0,0,0,0,2
2025-09-24T17:47:16.119Z,60,0.3,1.521,49.6,0,61.4,0,0,0,0,0,0,0,0,2
2025-09-24T17:47:17.125Z,60,0.4,1.522,50.4,0,61.4,0,0,0,0,0,0,0,0,2
2025-09-24T17:47:18.126Z,60,0.4,1.522,49.6,0,61.3,0,0,0,0,0,0,0,0,2
2025-09-24T17:47:19.124Z,60,0.4,1.522,50.4,0,61.3,0,0,0,0,0,0,0,0,2
2025-09-24T17:47:20.129Z,60,0.4,1.522,50.4,0,61.4,0,0,0,0,0,0,0,0,2
2025-09-24T17:47:21.125Z,60,0.3,1.521,49.6,0,61.3,0,0,0,0,0,0,0,0,2
2025-09-24T17:47:22.129Z,60,0.4,1.522,50.4,0,61.4,0,0,0,0,0,0,0,0,2
2025-09-24T17:47:23.128Z,60,0.4,1.522,49.6,0,61.4,0,0,0,0,0,0,0,0,2
2025-09-24T17:47:24.132Z,60,0.4,1.522,49.6,0,61.3,0,0,0,0,0,0,0,0,2
2025-09-24T17:47:25.129Z,60,0.3,1.52,49.6,0,61.4,0,0,0,0,0,0,0,0,2
2025-09-24T17:47:26.131Z,60,0.3,1.521,50.4,0,61.4,0,0,0,0,0,0,0,0,2
2025-09-24T17:47:27.133Z,60,0.4,1.522,49.6,0,61.4,0,0,0,0,0,0,0,0,2
2025-09-24T17:47:28.137Z,60,0.4,1.521,49.6,0,61.4,0,0,0,0,0,0,0,0,2
2025-09-24T17:47:29.133Z,60.1,0.3,1.521,50.4,0,61.4,0,0,0,0,0,0,0,0,2
2025-09-24T17:47:30.139Z,60.1,0.4,1.522,49.6,0,61.4,0,0,0,0,0,0,0,0,2
2025-09-24T17:47:31.136Z,60.1,0.4,1.522,50.4,0,61.4,0,0,0,0,0,0,0,0,2
2025-09-24T17:47:32.135Z,60.1,0.3,1.521,50.4,0,61.4,0,0,0,0,0,0,0,0,2
2025-09-24T17:47:33.139Z,60.1,0.4,1.522,49.6,0,61.4,0,0,0,0,0,0,0,0,2
2025-09-24T17:47:34.137Z,60.1,0.3,1.52,50.4,0,61.4,0,0,0,0,0,0,0,0,2
2025-09-24T17:47:35.137Z,60.1,0.3,1.52,49.6,0,61.4,0,0,0,0,0,0,0,0,2
2025-09-24T17:47:36.138Z,60.1,0.3,1.52,50.4,0,61.4,0,0,0,0,0,0,0,0,2
2025-09-24T17:47:37.142Z,60.1,0.4,1.52,49.6,0,61.4,0,0,0,0,0,0,0,0,2
2025-09-24T17:47:38.142Z,60.1,0.4,1.52,50.4,0,61.4,0,0,0,0,0,0,0,0,2
2025-09-24T17:47:39.138Z,60.1,0.3,1.519,49.6,0,61.4,0,0,0,0,0,0,0,0,2
2025-09-24T17:47:40.142Z,60.1,0.3,1.519,50.4,0,61.4,0,0,0,0,0,0,0,0,2
2025-09-24T17:47:41.144Z,60.2,0.3,1.519,49.6,0,61.4,0,0,0,0,0,0,0,0,2
2025-09-24T17:47:42.141Z,60.2,0.3,1.519,50.4,0,61.4,0,0,0,0,0,0,0,0,2
2025-09-24T17:47:43.142Z,60.2,0.3,1.519,49.6,0,61.4,0,0,0,0,0,0,0,0,2
2025-09-24T17:47:44.145Z,60.2,0.3,1.519,50.4,0,61.4,0,0,0,0,0,0,0,0,2
2025-09-24T17:47:45.145Z,60.2,0.3,1.519,49.6,0,61.4,0,0,0,0,0,0,0,0,2
2025-09-24T17:47:46.151Z,60.2,0.3,1.519,50.4,0,61.4,0,0,0,0,0,0,0,0,2
2025-09-24T17:47:47.151Z,60.2,0.3,1.519,49.6,0,61.4,0,0,0,0,0,0,0,0,2
2025-09-24T17:47:48.151Z,60.2,0.3,1.519,50.4,0,61.4,0,0,0,0,0,0,0,0,2
2025-09-24T17:47:49.150Z,60.2,0.3,1.519,49.6,0,61.4,0,0,0,0,0,0,0,0,2
2025-09-24T17:47:50.151Z,60.2,0.3,1.519,50.4,0,61.4,0,0,0,0,0,0,0,0,2
2025-09-24T17:47:51.154Z,60.3,0.3,1.519,49.6,0,61.4,0,0,0,0,0,0,0,0,2
2025-09-24T17:47:52.156Z,60.3,0.3,1.519,50.4,0,61.4,0,0,0,0,0,0,0,0,2
2025-09-24T17:47:53.152Z,60.3,0.3,1.518,49.6,0,61.4,0,0,0,0,0,0,0,0,2
2025-09-24T17:47:54.151Z,60.3,0.3,1.518,50.4,0,61.4,0,0,0,0,0,0,0,0,2
2025-09-24T17:47:55.153Z,60.3,0.3,1.518,49.6,0,61.4,0,0,0,0,0,0,0,0,2
2025-09-24T17:47:56.162Z,60.3,0.4,1.519,50.4,0,61.4,0,0,0,0,0,0,0,0,2
2025-09-24T17:47:57.158Z,60.3,0.3,1.518,49.6,0,61.4,0,0,0,0,0,0,0,0,2
2025-09-24T17:47:58.161Z,60.3,0.3,1.518,50.4,0,61.4,0,0,0,0,0,0,0,0,2
2025-09-24T17:47:59.160Z,60.3,0.3,1.518,49.6,0,61.4,0,0,0,0,0,0,0,0,2
2025-09-24T17:48:00.160Z,60.3,0.3,1.518,50.4,0,61.4,0,0,0,0,0,0,0,0,2
2025-09-24T17:48:01.168Z,60.3,0.4,1.519,49.6,0,61.4,0,0,0,0,0,0,0,0,2
2025-09-24T17:48:02.165Z,60.4,0.3,1.518,49.6,0,61.4,0,0,0,0,0,0,0,0,2
2025-09-24T17:48:03.165Z,60.4,0.3,1.517,49.6,0,61.4,0,0,0,0,0,0,0,0,2
2025-09-24T17:48:04.168Z,60.4,0.3,1.518,49.6,0,61.4,0,0,0,0,0,0,0,0,2
2025-09-24T17:48:05.166Z,60.4,0.3,1.518,50.4,0,61.4,0,0,0,0,0,0,0,0,2
2025-09-24T17:48:06.166Z,60.4,0.3,1.518,49.6,0,61.4,0,0,0,0,0,0,0,0,2
2025-09-24T17:48:07.165Z,60.4,0.3,1.518,50.4,0,61.4,0,0,0,0,0,0,0,0,2
2025-09-24T17:48:08.168Z,60.4,0.3,1.518,49.6,0,61.4,0,0,0,0,0,0,0,0,2
2025-09-24T17:48:09.171Z,60.4,0.3,1.517,50.4,0,61.4,0,0,0,0,0,0,0,0,2
2025-09-24T17:48:10.170Z,60.4,0.3,1.517,49.6,0,61.4,0,0,0,0,0,0,0,0,2
2025-09-24T17:48:11.172Z,60.4,0.3,1.517,49.6,0,61.4,0,0,0,0,0,0,0,0,2
2025-09-24T17:48:12.171Z,60.4,0.3,1.517,50.4,0,61.4,0,0,0,0,0,0,0,0,2
2025-09-24T17:48:13.173Z,60.5,0.3,1.517,49.6,0,61.4,0,0,0,0,0,0,0,0,2
2025-09-24T17:48:14.174Z,60.5,0.3,1.517,50.4,0,61.4,0,0,0,0,0,0,0,0,2
2025-09-24T17:48:15.172Z,60.5,0.3,1.517,49.6,0,61.4,0,0,0,0,0,0,0,0,2
2025-09-24T17:48:16.177Z,60.5,0.3,1.517,49.6,0,61.4,0,0,0,0,0,0,0,0,2
2025-09-24T17:48:17.175Z,60.5,0.3,1.517,50.4,0,61.4,0,0,0,0,0,0,0,0,2
2025-09-24T17:48:18.179Z,60.5,0.3,1.517,49.6,0,61.4,0,0,0,0,0,0,0,0,2
2025-09-24T17:48:19.178Z,60.5,0.3,1.517,50.4,0,61.4,0,0,0,0,0,0,0,0,2
2025-09-24T17:48:20.181Z,60.5,0.3,1.517,50.4,0,61.4,0,0,0,0,0,0,0,0,2
2025-09-24T17:48:21.184Z,60.5,0.3,1.517,49.6,0,61.4,0,0,0,0,0,0,0,0,2
2025-09-24T17:48:22.183Z,60.5,0.3,1.517,49.6,0,61.4,0,0,0,0,0,0,0,0,2
2025-09-24T17:48:23.184Z,60.5,0.3,1.517,49.6,0,61.4,0,0,0,0,0,0,0,0,2
2025-09-24T17:48:24.185Z,60.6,0.3,1.517,50.4,0,61.4,0,0,0,0,0,0,0,0,2
2025-09-24T17:48:25.185Z,60.6,0.3,1.517,50.4,0,61.4,0,0,0,0,0,0,0,0,2
2025-09-24T17:48:26.185Z,60.6,0.3,1.518,49.6,0,61.4,0,0,0,0,0,0,0,0,2
2025-09-24T17:48:27.185Z,60.6,0.3,1.518,50.4,0,61.4,0,0,0,0,0,0,0,0,2
2025-09-24T17:48:28.187Z,60.6,0.3,1.518,49.6,0,61.4,0,0,0,0,0,0,0,0,2
2025-09-24T17:48:29.191Z,60.6,0.3,1.518,50.4,0,61.3,0,0,0,0,0,0,0,0,2
2025-09-24T17:48:30.190Z,60.6,0.3,1.518,49.6,0,61.3,0,0,0,0,0,0,0,0,2
2025-09-24T17:48:31.190Z,60.6,0.3,1.518,50.4,0,61.3,0,0,0,0,0,0,0,0,2
2025-09-24T17:48:32.191Z,60.6,0.3,1.518,50.4,0,61.3,0,0,0,0,0,0,0,0,2
2025-09-24T17:48:33.193Z,60.6,0.3,1.518,49.6,0,61.3,0,0,0,0,0,0,0,0,2
2025-09-24T17:48:34.196Z,60.6,0.3,1.518,50.4,0,61.3,0,0,0,0,0,0,0,0,2
2025-09-24T17:48:35.192Z,60.7,0.3,1.518,49.6,0,61.2,0,0,0,0,0,0,0,0,2
2025-09-24T17:48:36.194Z,60.7,0.3,1.518,50.4,0,61.2,0,0,0,0,0,0,0,0,2
2025-09-24T17:48:37.196Z,60.7,0.3,1.518,49.6,0,61.2,0,0,0,0,0,0,0,0,2
2025-09-24T17:48:38.190Z,60.7,0.3,1.518,50.4,0,61.2,0,0,0,0,0,0,0,0,2
2025-09-24T17:48:39.191Z,60.7,0.3,1.518,49.6,0,61.2,0,0,0,0,0,0,0,0,2
2025-09-24T17:48:40.189Z,60.7,0.3,1.518,50.4,0,61.2,0,0,0,0,0,0,0,0,2
2025-09-24T17:48:41.193Z,60.7,0.3,1.518,49.6,0,61.2,0,0,0,0,0,0,0,0,2
2025-09-24T17:48:42.189Z,60.7,0.3,1.518,50.4,0,61.2,0,0,0,0,0,0,0,0,2
2025-09-24T17:48:43.194Z,60.7,0.3,1.518,49.6,0,61.1,0,0,0,0,0,0,0,0,2
2025-09-24T17:48:44.195Z,60.7,0.3,1.518,50.4,0,61.1,0,0,0,0,0,0,0,0,2
2025-09-24T17:48:45.195Z,60.7,0.3,1.519,49.6,0,61.1,0,0,0,0,0,0,0,0,2
2025-09-24T17:48:46.199Z,60.8,0.3,1.519,49.6,0,61.1,0,0,0,0,0,0,0,0,2
2025-09-24T17:48:47.198Z,60.8,0.3,1.519,50.4,0,61.1,0,0,0,0,0,0,0,0,2
2025-09-24T17:48:48.201Z,60.8,0.3,1.519,49.6,0,61.1,0,0,0,0,0,0,0,0,2
2025-09-24T17:48:49.203Z,60.8,0.3,1.519,50.4,0,61.1,0,0,0,0,0,0,0,0,2
2025-09-24T17:48:50.203Z,60.8,0.3,1.519,49.6,0,61.1,0,0,0,0,0,0,0,0,2
2025-09-24T17:48:51.205Z,60.8,0.3,1.519,50.4,0,61,0,0,0,0,0,0,0,0,2
2025-09-24T17:48:52.203Z,60.8,0.3,1.519,49.6,0,61,0,0,0,0,0,0,0,0,2
2025-09-24T17:48:53.206Z,60.8,0.3,1.519,50.4,0,61,0,0,0,0,0,0,0,0,2
2025-09-24T17:48:54.205Z,60.8,0.4,1.52,49.6,0,61,0,0,0,0,0,0,0,0,2
2025-09-24T17:48:55.204Z,60.8,0.4,1.52,50.4,0,61,0,0,0,0,0,0,0,0,2
2025-09-24T17:48:56.209Z,60.8,0.4,1.52,49.6,0,61,0,0,0,0,0,0,0,0,2
2025-09-24T17:48:57.212Z,60.8,0.4,1.52,50.4,0,60.9,0,0,0,0,0,0,0,0,2
2025-09-24T17:48:58.212Z,60.8,0.4,1.52,49.6,0,60.9,0,0,0,0,0,0,0,0,2
2025-09-24T17:48:59.211Z,60.8,0.4,1.52,50.4,0,60.9,0,0,0,0,0,0,0,0,2
2025-09-24T17:49:00.211Z,60.8,0.4,1.52,49.6,0,60.8,0,0,0,0,0,0,0,0,2
2025-09-24T17:49:01.215Z,60.8,0.4,1.52,50.4,0,60.8,0,0,0,0,0,0,0,0,2
2025-09-24T17:49:02.215Z,60.9,0.4,1.52,49.6,0,60.8,0,0,0,0,0,0,0,0,2
2025-09-24T17:49:03.218Z,60.9,0.4,1.52,50.4,0,60.8,0,0,0,0,0,0,0,0,2
2025-09-24T17:49:04.216Z,60.9,0.4,1.52,49.6,0,60.8,0,0,0,0,0,0,0,0,2
2025-09-24T17:49:05.220Z,60.9,0.4,1.52,50.4,0,60.8,0,0,0,0,0,0,0,0,2
2025-09-24T17:49:06.221Z,60.9,0.4,1.52,49.6,0,60.7,0,0,0,0,0,0,0,0,2
2025-09-24T17:49:07.217Z,60.9,0.4,1.52,50.4,0,60.7,0,0,0,0,0,0,0,0,2
2025-09-24T17:49:08.218Z,60.9,0.4,1.52,49.6,0,60.7,0,0,0,0,0,0,0,0,2
2025-09-24T17:49:09.219Z,60.9,0.4,1.52,50.4,0,60.7,0,0,0,0,0,0,0,0,2
2025-09-24T17:49:10.219Z,60.9,0.4,1.52,49.6,0,60.7,0,0,0,0,0,0,0,0,2
2025-09-24T17:49:11.223Z,60.9,0.4,1.52,50.4,0,60.7,0,0,0,0,0,0,0,0,2
2025-09-24T17:49:12.219Z,60.9,0.4,1.52,49.6,0,60.7,0,0,0,0,0,0,0,0,2
2025-09-24T17:49:13.219Z,60.9,0.4,1.52,50.4,0,60.7,0,0,0,0,0,0,0,0,2
2025-09-24T17:49:14.223Z,60.9,0.4,1.52,50.4,0,60.7,0,0,0,0,0,0,0,0,2
2025-09-24T17:49:15.225Z,60.9,0.4,1.52,49.6,0,60.7,0,0,0,0,0,0,0,0,2
2025-09-24T17:49:16.225Z,60.9,0.4,1.52,49.6,0,60.6,0,0,0,0,0,0,0,0,2
2025-09-24T17:49:17.226Z,61,0.4,1.52,49.6,0,60.6,0,0,0,0,0,0,0,0,2
2025-09-24T17:49:18.225Z,61,0.4,1.52,50.4,0,60.6,0,0,0,0,0,0,0,0,2
2025-09-24T17:49:19.229Z,61,0.4,1.52,49.6,0,60.6,0,0,0,0,0,0,0,0,2
2025-09-24T17:49:20.229Z,61,0.4,1.519,50.4,0,60.6,0,0,0,0,0,0,0,0,2
2025-09-24T17:49:21.232Z,61,0.4,1.519,49.6,0,60.6,0,0,0,0,0,0,0,0,2
2025-09-24T17:49:22.233Z,61,0.4,1.519,50.4,0,60.6,0,0,0,0,0,0,0,0,2
2025-09-24T17:49:23.230Z,61,0.4,1.519,49.6,0,60.6,0,0,0,0,0,0,0,0,2
2025-09-24T17:49:24.232Z,61,0.4,1.519,50.4,0,60.6,0,0,0,0,0,0,0,0,2
2025-09-24T17:49:25.233Z,61,0.4,1.519,49.6,0,60.6,0,0,0,0,0,0,0,0,2
2025-09-24T17:49:26.235Z,61,0.4,1.519,50.4,0,60.6,0,0,0,0,0,0,0,0,2
2025-09-24T17:49:27.237Z,61,0.4,1.519,49.6,0,60.6,0,0,0,0,0,0,0,0,2
2025-09-24T17:49:28.237Z,61,0.4,1.519,50.4,0,60.6,0,0,0,0,0,0,0,0,2
2025-09-24T17:49:29.239Z,61,0.4,1.519,49.6,0,60.6,0,0,0,0,0,0,0,0,2
2025-09-24T17:49:30.238Z,61,0.4,1.519,50.4,0,60.6,0,0,0,0,0,0,0,0,2
2025-09-24T17:49:31.241Z,61,0.4,1.519,49.6,0,60.6,0,0,0,0,0,0,0,0,2
2025-09-24T17:49:32.240Z,61,0.4,1.519,50.4,0,60.6,0,0,0,0,0,0,0,0,2
2025-09-24T17:49:33.245Z,61,0.4,1.519,49.6,0,60.5,0,0,0,0,0,0,0,0,2
2025-09-24T17:49:34.242Z,61,0.4,1.519,50.4,0,60.6,0,0,0,0,0,0,0,0,2
2025-09-24T17:49:35.245Z,61,0.4,1.519,49.6,0,60.5,0,0,0,0,0,0,0,0,2
2025-09-24T17:49:36.247Z,61,0.4,1.519,50.4,0,60.5,0,0,0,0,0,0,0,0,2
2025-09-24T17:49:37.249Z,61.1,0.4,1.519,49.6,0,60.5,0,0,0,0,0,0,0,0,2
2025-09-24T17:49:38.245Z,61.1,0.4,1.518,50.4,0,60.5,0,0,0,0,0,0,0,0,2
2025-09-24T17:49:39.245Z,61.1,0.4,1.518,49.6,0,60.5,0,0,0,0,0,0,0,0,2
2025-09-24T17:49:40.248Z,61.1,0.4,1.518,50.4,0,60.5,0,0,0,0,0,0,0,0,2
2025-09-24T17:49:41.252Z,61.1,0.4,1.518,49.6,0,60.5,0,0,0,0,0,0,0,0,2
2025-09-24T17:49:42.248Z,61.1,0.4,1.517,50.4,0,60.5,0,0,0,0,0,0,0,0,2
2025-09-24T17:49:43.252Z,61.1,0.4,1.517,49.6,0,60.5,0,0,0,0,0,0,0,0,2
2025-09-24T17:49:44.255Z,61.1,0.4,1.517,50.4,0,60.6,0,0,0,0,0,0,0,0,2
2025-09-24T17:49:45.255Z,61.1,0.4,1.517,49.6,0,60.6,0,0,0,0,0,0,0,0,2
2025-09-24T17:49:46.257Z,61.1,0.4,1.517,50.4,0,60.6,0,0,0,0,0,0,0,0,2
2025-09-24T17:49:47.259Z,61.1,0.4,1.517,49.6,0,60.6,0,0,0,0,0,0,0,0,2
2025-09-24T17:49:48.262Z,61.1,0.4,1.517,50.4,0,60.6,0,0,0,0,0,0,0,0,2
2025-09-24T17:49:49.262Z,61.1,0.4,1.517,49.6,0,60.6,0,0,0,0,0,0,0,0,2
2025-09-24T17:49:50.259Z,61.1,0.4,1.517,50.4,0,60.6,0,0,0,0,0,0,0,0,2
2025-09-24T17:49:51.263Z,61.1,0.4,1.517,49.6,0,60.7,0,0,0,0,0,0,0,0,2
2025-09-24T17:49:52.265Z,61.1,0.4,1.517,50.4,0,60.7,0,0,0,0,0,0,0,0,2
2025-09-24T17:49:53.266Z,61.1,0.4,1.517,49.6,0,60.7,0,0,0,0,0,0,0,0,2
2025-09-24T17:49:54.264Z,61.1,0.4,1.517,50.4,0,60.7,0,0,0,0,0,0,0,0,2
2025-09-24T17:49:55.271Z,61.1,0.3,1.517,49.6,0,60.7,0,0,0,0,0,0,0,0,2
2025-09-24T17:49:56.268Z,61.1,0.4,1.517,49.6,0,60.7,0,0,0,0,0,0,0,0,2
2025-09-24T17:49:57.271Z,61.1,0.4,1.517,49.6,0,60.7,0,0,0,0,0,0,0,0,2
2025-09-24T17:49:58.272Z,61.2,0.4,1.517,50.4,0,60.7,0,0,0,0,0,0,0,0,2
2025-09-24T17:49:59.269Z,61.2,0.4,1.517,49.6,0,60.7,0,0,0,0,0,0,0,0,2
2025-09-24T17:50:00.272Z,61.1,0.4,1.517,50.4,0,60.7,0,0,0,0,0,0,0,0,2
2025-09-24T17:50:01.275Z,61.2,0.4,1.517,49.6,0,60.7,0,0,0,0,0,0,0,0,2
2025-09-24T17:50:02.271Z,61.2,0.4,1.517,50.4,0,60.7,0,0,0,0,0,0,0,0,2
2025-09-24T17:50:03.276Z,61.2,0.4,1.517,49.6,0,60.7,0,0,0,0,0,0,0,0,2
2025-09-24T17:50:04.278Z,61.2,0.4,1.517,50.4,0,60.7,0,0,0,0,0,0,0,0,2
2025-09-24T17:50:05.278Z,61.2,0.4,1.517,49.6,0,60.7,0,0,0,0,0,0,0,0,2
2025-09-24T17:50:06.279Z,61.2,0.4,1.517,50.4,0,60.7,0,0,0,0,0,0,0,0,2
2025-09-24T17:50:07.276Z,61.2,0.4,1.517,49.6,0,60.7,0,0,0,0,0,0,0,0,2
2025-09-24T17:50:08.277Z,61.2,0.4,1.517,50.4,0,60.7,0,0,0,0,0,0,0,0,2
2025-09-24T17:50:09.277Z,61.2,0.4,1.518,49.6,0,60.7,0,0,0,0,0,0,0,0,2
2025-09-24T17:50:10.279Z,61.2,0.4,1.518,50.4,0,60.7,0,0,0,0,0,0,0,0,2
2025-09-24T17:50:11.284Z,61.2,0.4,1.518,49.6,0,60.7,0,0,0,0,0,0,0,0,2
2025-09-24T17:50:12.283Z,61.2,0.4,1.518,50.4,0,60.7,0,0,0,0,0,0,0,0,2
2025-09-24T17:50:13.284Z,61.2,0.4,1.519,49.6,0,60.7,0,0,0,0,0,0,0,0,2
2025-09-24T17:50:14.287Z,61.2,0.4,1.519,50.4,0,60.7,0,0,0,0,0,0,0,0,2
2025-09-24T17:50:15.284Z,61.2,0.4,1.519,49.6,0,60.7,0,0,0,0,0,0,0,0,2
2025-09-24T17:50:16.285Z,61.2,0.4,1.519,50.4,0,60.7,0,0,0,0,0,0,0,0,2
2025-09-24T17:50:17.289Z,61.2,0.4,1.519,49.6,0,60.7,0,0,0,0,0,0,0,0,2
2025-09-24T17:50:18.287Z,61.2,0.4,1.519,49.6,0,60.7,0,0,0,0,0,0,0,0,2
2025-09-24T17:50:19.292Z,61.2,0.4,1.519,49.6,0,60.7,0,0,0,0,0,0,0,0,2
2025-09-24T17:50:20.293Z,61.2,0.3,1.518,50.4,0,60.7,0,0,0,0,0,0,0,0,2
2025-09-24T17:50:21.290Z,61.2,0.4,1.519,49.6,0,60.7,0,0,0,0,0,0,0,0,2
2025-09-24T17:50:22.293Z,61.2,0.4,1.519,50.4,0,60.7,0,0,0,0,0,0,0,0,2
2025-09-24T17:50:23.299Z,61.2,0.3,1.518,49.6,0,60.7,0,0,0,0,0,0,0,0,2
2025-09-24T17:50:24.296Z,61.2,0.4,1.519,50.4,0,60.7,0,0,0,0,0,0,0,0,2
2025-09-24T17:50:25.300Z,61.2,0.3,1.518,49.6,0,60.7,0,0,0,0,0,0,0,0,2
2025-09-24T17:50:26.299Z,61.2,0.4,1.519,50.4,0,60.7,0,0,0,0,0,0,0,0,2
2025-09-24T17:50:27.299Z,61.2,0.4,1.519,49.6,0,60.7,0,0,0,0,0,0,0,0,2
2025-09-24T17:50:28.303Z,61.2,0.4,1.519,50.4,0,60.7,0,0,0,0,0,0,0,0,2
2025-09-24T17:50:29.301Z,61.2,0.4,1.519,49.6,0,60.7,0,0,0,0,0,0,0,0,2
2025-09-24T17:50:30.301Z,61.2,0.4,1.519,50.4,0,60.7,0,0,0,0,0,0,0,0,2
2025-09-24T17:50:31.300Z,61.2,0.4,1.52,49.6,0,60.7,0,0,0,0,0,0,0,0,2
2025-09-24T17:50:32.306Z,61.2,0.4,1.52,50.4,0,60.7,0,0,0,0,0,0,0,0,2
2025-09-24T17:50:33.305Z,61.2,0.4,1.52,49.6,0,60.7,0,0,0,0,0,0,0,0,2
2025-09-24T17:50:34.308Z,61.2,0.3,1.519,50.4,0,60.7,0,0,0,0,0,0,0,0,2
2025-09-24T17:50:35.305Z,61.2,0.4,1.519,49.6,0,60.7,0,0,0,0,0,0,0,0,2
2025-09-24T17:50:36.308Z,61.2,0.4,1.52,50.4,0,60.7,0,0,0,0,0,0,0,0,2
2025-09-24T17:50:37.309Z,61.2,0.3,1.519,49.6,0,60.7,0,0,0,0,0,0,0,0,2
2025-09-24T17:50:38.308Z,61.2,0.4,1.52,50.4,0,60.7,0,0,0,0,0,0,0,0,2
2025-09-24T17:50:39.308Z,61.2,0.4,1.52,49.6,0,60.7,0,0,0,0,0,0,0,0,2
2025-09-24T17:50:40.316Z,61.2,0.3,1.519,50.4,0,60.7,0,0,0,0,0,0,0,0,2
2025-09-24T17:50:41.312Z,61.2,0.3,1.519,49.6,0,60.7,0,0,0,0,0,0,0,0,2
2025-09-24T17:50:42.311Z,61.2,0.4,1.52,50.4,0,60.7,0,0,0,0,0,0,0,0,2
2025-09-24T17:50:43.313Z,61.2,0.3,1.519,49.6,0,60.7,0,0,0,0,0,0,0,0,2
2025-09-24T17:50:44.315Z,61.2,0.3,1.519,49.6,0,60.7,0,0,0,0,0,0,0,0,2
2025-09-24T17:50:45.316Z,61.2,0.3,1.519,49.6,0,60.7,0,0,0,0,0,0,0,0,2
2025-09-24T17:50:46.317Z,61.2,0.3,1.519,50.4,0,60.7,0,0,0,0,0,0,0,0,2
2025-09-24T17:50:47.317Z,61.2,0.4,1.52,49.6,0,60.7,0,0,0,0,0,0,0,0,2
2025-09-24T17:50:48.316Z,61.2,0.4,1.52,50.4,0,60.7,0,0,0,0,0,0,0,0,2
2025-09-24T17:50:49.321Z,61.2,0.4,1.52,49.6,0,60.7,0,0,0,0,0,0,0,0,2
2025-09-24T17:50:50.325Z,61.2,0.3,1.519,50.4,0,60.7,0,0,0,0,0,0,0,0,2
2025-09-24T17:50:51.326Z,61.2,0.3,1.519,49.6,0,60.7,0,0,0,0,0,0,0,0,2
2025-09-24T17:50:52.324Z,61.2,0.3,1.519,50.4,0,60.7,0,0,0,0,0,0,0,0,2
2025-09-24T17:50:53.326Z,61.2,0.3,1.519,49.6,0,60.7,0,0,0,0,0,0,0,0,2
2025-09-24T17:50:54.326Z,61.2,0.3,1.519,49.6,0,60.7,0,0,0,0,0,0,0,0,2
2025-09-24T17:50:55.327Z,61.2,0.3,1.519,49.6,0,60.7,0,0,0,0,0,0,0,0,2
2025-09-24T17:50:56.328Z,61.2,0.3,1.519,50.4,0,60.7,0,0,0,0,0,0,0,0,2
2025-09-24T17:50:57.327Z,61.2,0.4,1.52,49.6,0,60.7,0,0,0,0,0,0,0,0,2
2025-09-24T17:50:58.330Z,61.2,0.3,1.519,50.4,0,60.7,0,0,0,0,0,0,0,0,2
2025-09-24T17:50:59.328Z,61.2,0.4,1.519,49.6,0,60.7,0,0,0,0,0,0,0,0,2
2025-09-24T17:51:00.329Z,61.2,0.4,1.519,50.4,0,60.7,0,0,0,0,0,0,0,0,2
2025-09-24T17:51:01.330Z,61.2,0.4,1.519,49.6,0,60.7,0,0,0,0,0,0,0,0,2
2025-09-24T17:51:02.334Z,61.2,0.3,1.519,50.4,0,60.7,0,0,0,0,0,0,0,0,2
2025-09-24T17:51:03.335Z,61.2,0.3,1.519,49.6,0,60.7,0,0,0,0,0,0,0,0,2
2025-09-24T17:51:04.334Z,61.1,0.3,1.519,50.4,0,60.7,0,0,0,0,0,0,0,0,2
2025-09-24T17:51:05.337Z,61.1,0.3,1.518,49.6,0,60.7,0,0,0,0,0,0,0,0,2
2025-09-24T17:51:06.333Z,61.1,0.4,1.519,50.4,0,60.7,0,0,0,0,0,0,0,0,2
2025-09-24T17:51:07.333Z,61.1,0.3,1.518,49.6,0,60.7,0,0,0,0,0,0,0,0,2
2025-09-24T17:51:08.335Z,61.1,0.3,1.518,50.4,0,60.7,0,0,0,0,0,0,0,0,2
2025-09-24T17:51:09.342Z,61.1,0.3,1.518,49.6,0,60.7,0,0,0,0,0,0,0,0,2
2025-09-24T17:51:10.336Z,61.1,0.3,1.518,50.4,0,60.7,0,0,0,0,0,0,0,0,2
2025-09-24T17:51:11.336Z,61.1,0.3,1.518,49.6,0,60.7,0,0,0,0,0,0,0,0,2
2025-09-24T17:51:12.338Z,61.1,0.3,1.518,50.4,0,60.7,0,0,0,0,0,0,0,0,2
2025-09-24T17:51:13.342Z,61.1,0.3,1.518,49.6,0,60.7,0,0,0,0,0,0,0,0,2
2025-09-24T17:51:14.341Z,61.1,0.3,1.518,50.4,0,60.7,0,0,0,0,0,0,0,0,2
2025-09-24T17:51:15.344Z,61.1,0.3,1.518,49.6,0,60.7,0,0,0,0,0,0,0,0,2
2025-09-24T17:51:16.345Z,61.1,0.3,1.518,50.4,0,60.7,0,0,0,0,0,0,0,0,2
2025-09-24T17:51:17.343Z,61.1,0.3,1.518,49.6,0,60.7,0,0,0,0,0,0,0,0,2
2025-09-24T17:51:18.344Z,61.1,0.4,1.519,50.4,0,60.7,0,0,0,0,0,0,0,0,2
2025-09-24T17:51:19.346Z,61.1,0.3,1.518,49.6,0,60.7,0,0,0,0,0,0,0,0,2
2025-09-24T17:51:20.350Z,61.1,0.3,1.517,50.4,0,60.7,0,0,0,0,0,0,0,0,2
2025-09-24T17:51:21.352Z,61.1,0.3,1.517,49.6,0,60.7,0,0,0,0,0,0,0,0,2
2025-09-24T17:51:22.348Z,61.1,0.3,1.517,50.4,0,60.7,0,0,0,0,0,0,0,0,2
2025-09-24T17:51:23.351Z,61.1,0.3,1.517,49.6,0,60.7,0,0,0,0,0,0,0,0,2
2025-09-24T17:51:24.351Z,61.1,0.3,1.517,50.4,0,60.7,0,0,0,0,0,0,0,0,2
2025-09-24T17:51:25.351Z,61.1,0.3,1.517,49.6,0,60.7,0,0,0,0,0,0,0,0,2
2025-09-24T17:51:26.357Z,61.1,0.3,1.517,50.4,0,60.7,0,0,0,0,0,0,0,0,2
2025-09-24T17:51:27.355Z,61.1,0.3,1.517,49.6,0,60.7,0,0,0,0,0,0,0,0,2
2025-09-24T17:51:28.354Z,61.1,0.3,1.517,50.4,0,60.7,0,0,0,0,0,0,0,0,2
2025-09-24T17:51:29.352Z,61.1,0.4,1.517,49.6,0,60.7,0,0,0,0,0,0,0,0,2
2025-09-24T17:51:30.358Z,61.1,0.3,1.517,50.4,0,60.7,0,0,0,0,0,0,0,0,2
2025-09-24T17:51:31.355Z,61.1,0.4,1.517,49.6,0,60.7,0,0,0,0,0,0,0,0,2
2025-09-24T17:51:32.359Z,61,0.3,1.517,50.4,0,60.7,0,0,0,0,0,0,0,0,2
2025-09-24T17:51:33.362Z,61,0.3,1.517,49.6,0,60.7,0,0,0,0,0,0,0,0,2
2025-09-24T17:51:34.364Z,61,0.3,1.517,50.4,0,60.7,0,0,0,0,0,0,0,0,2
2025-09-24T17:51:35.365Z,61,0.3,1.517,49.6,0,60.7,0,0,0,0,0,0,0,0,2
2025-09-24T17:51:36.361Z,61,0.4,1.517,49.6,0,60.7,0,0,0,0,0,0,0,0,2
2025-09-24T17:51:37.364Z,61,0.3,1.517,50.4,0,60.7,0,0,0,0,0,0,0,0,2
2025-09-24T17:51:38.362Z,61,0.4,1.517,49.6,0,60.7,0,0,0,0,0,0,0,0,2
2025-09-24T17:51:39.367Z,61,0.3,1.517,50.4,0,60.7,0,0,0,0,0,0,0,0,2
2025-09-24T17:51:40.363Z,61,0.4,1.517,49.6,0,60.7,0,0,0,0,0,0,0,0,2
2025-09-24T17:51:41.370Z,61,0.3,1.517,50.4,0,60.7,0,0,0,0,0,0,0,0,2
2025-09-24T17:51:42.365Z,61,0.4,1.518,49.6,0,60.7,0,0,0,0,0,0,0,0,2
2025-09-24T17:51:43.372Z,61,0.3,1.517,50.4,0,60.7,0,0,0,0,0,0,0,0,2
2025-09-24T17:51:44.368Z,61,0.4,1.518,49.6,0,60.7,0,0,0,0,0,0,0,0,2
2025-09-24T17:51:45.371Z,61,0.4,1.518,50.4,0,60.7,0,0,0,0,0,0,0,0,2
2025-09-24T17:51:46.372Z,61,0.4,1.518,49.6,0,60.7,0,0,0,0,0,0,0,0,2
2025-09-24T17:51:47.369Z,61,0.4,1.52,50.4,0,60.7,0,0,0,0,0,0,0,0,2
2025-09-24T17:51:48.376Z,61,0.3,1.519,49.6,0,60.7,0,0,0,0,0,0,0,0,2
2025-09-24T17:51:49.373Z,60.9,0.4,1.52,49.6,0,60.7,0,0,0,0,0,0,0,0,2
2025-09-24T17:51:50.378Z,60.9,0.3,1.519,49.6,0,60.7,0,0,0,0,0,0,0,0,2
2025-09-24T17:51:51.375Z,60.9,0.4,1.52,50.4,0,60.7,0,0,0,0,0,0,0,0,2
2025-09-24T17:51:52.382Z,60.9,0.3,1.519,49.6,0,60.7,0,0,0,0,0,0,0,0,2
2025-09-24T17:51:53.376Z,60.9,0.4,1.52,50.4,0,60.7,0,0,0,0,0,0,0,0,2
2025-09-24T17:51:54.378Z,60.9,0.4,1.52,49.6,0,60.7,0,0,0,0,0,0,0,0,2
2025-09-24T17:51:55.377Z,60.9,0.4,1.52,50.4,0,60.7,0,0,0,0,0,0,0,0,2
2025-09-24T17:51:56.382Z,60.9,0.3,1.519,49.6,0,60.7,0,0,0,0,0,0,0,0,2
2025-09-24T17:51:57.378Z,60.9,0.4,1.521,50.4,0,60.7,0,0,0,0,0,0,0,0,2
2025-09-24T17:51:58.382Z,60.9,0.4,1.52,49.6,0,60.7,0,0,0,0,0,0,0,0,2
2025-09-24T17:51:59.382Z,60.9,0.4,1.521,50.4,0,60.7,0,0,0,0,0,0,0,0,2
2025-09-24T17:52:00.384Z,60.9,0.4,1.52,49.6,0,60.7,0,0,0,0,0,0,0,0,2
2025-09-24T17:52:01.385Z,60.9,0.3,1.519,50.4,0,60.7,0,0,0,0,0,0,0,0,2
2025-09-24T17:52:02.383Z,60.9,0.4,1.521,49.6,0,60.7,0,0,0,0,0,0,0,0,2
2025-09-24T17:52:03.384Z,60.9,0.4,1.521,50.4,0,60.7,0,0,0,0,0,0,0,0,2
2025-09-24T17:52:04.382Z,60.9,0.4,1.52,49.6,0,60.7,0,0,0,0,0,0,0,0,2
2025-09-24T17:52:05.387Z,60.9,0.4,1.521,50.4,0,60.7,0,0,0,0,0,0,0,0,2
2025-09-24T17:52:06.387Z,60.8,0.4,1.521,49.6,0,60.7,0,0,0,0,0,0,0,0,2
2025-09-24T17:52:07.387Z,60.8,0.4,1.521,50.4,0,60.7,0,0,0,0,0,0,0,0,2
2025-09-24T17:52:08.389Z,60.8,0.4,1.521,49.6,0,60.7,0,0,0,0,0,0,0,0,2
2025-09-24T17:52:09.389Z,60.8,0.4,1.521,50.4,0,60.7,0,0,0,0,0,0,0,0,2
2025-09-24T17:52:10.390Z,60.8,0.4,1.521,49.6,0,60.7,0,0,0,0,0,0,0,0,2
2025-09-24T17:52:11.394Z,60.8,0.3,1.52,50.4,0,60.7,0,0,0,0,0,0,0,0,2
2025-09-24T17:52:12.392Z,60.8,0.4,1.521,49.6,0,60.7,0,0,0,0,0,0,0,0,2
2025-09-24T17:52:13.391Z,60.8,0.4,1.521,49.6,0,60.7,0,0,0,0,0,0,0,0,2
2025-09-24T17:52:14.397Z,60.8,0.4,1.521,49.6,0,60.7,0,0,0,0,0,0,0,0,2
2025-09-24T17:52:15.397Z,60.8,0.4,1.521,49.6,0,60.7,0,0,0,0,0,0,0,0,2
2025-09-24T17:52:16.399Z,60.8,0.3,1.52,50.4,0,60.7,0,0,0,0,0,0,0,0,2
2025-09-24T17:52:17.398Z,60.8,0.4,1.521,49.6,0,60.7,0,0,0,0,0,0,0,0,2
2025-09-24T17:52:18.398Z,60.8,0.4,1.521,50.4,0,60.7,0,0,0,0,0,0,0,0,2
2025-09-24T17:52:19.402Z,60.7,0.3,1.52,49.6,0,60.7,0,0,0,0,0,0,0,0,2
2025-09-24T17:52:20.401Z,60.7,0.4,1.521,50.4,0,60.7,0,0,0,0,0,0,0,0,2
2025-09-24T17:52:21.402Z,60.7,0.4,1.521,49.6,0,60.7,0,0,0,0,0,0,0,0,2
2025-09-24T17:52:22.399Z,60.7,0.4,1.521,50.4,0,60.7,0,0,0,0,0,0,0,0,2
2025-09-24T17:52:23.407Z,60.7,0.3,1.52,49.6,0,60.7,0,0,0,0,0,0,0,0,2
2025-09-24T17:52:24.404Z,60.7,0.4,1.521,50.4,0,60.7,0,0,0,0,0,0,0,0,2
2025-09-24T17:52:25.408Z,60.7,0.3,1.52,49.6,0,60.7,0,0,0,0,0,0,0,0,2
2025-09-24T17:52:26.410Z,60.7,0.3,1.52,50.4,0,60.7,0,0,0,0,0,0,0,0,2
2025-09-24T17:52:27.405Z,60.7,0.4,1.522,49.6,0,60.7,0,0,0,0,0,0,0,0,2
2025-09-24T17:52:28.409Z,60.7,0.4,1.522,50.4,0,60.7,0,0,0,0,0,0,0,0,2
2025-09-24T17:52:29.410Z,60.7,0.4,1.521,49.6,0,60.7,0,0,0,0,0,0,0,0,2
2025-09-24T17:52:30.411Z,60.7,0.4,1.521,50.4,0,60.7,0,0,0,0,0,0,0,0,2
2025-09-24T17:52:31.412Z,60.7,0.4,1.521,49.6,0,60.7,0,0,0,0,0,0,0,0,3
2025-09-24T17:52:32.414Z,60.7,0.6,1.532,50.4,0,60.7,0,0,0,0,0,0,0,0,3
2025-09-24T17:52:33.413Z,60.7,0.6,1.534,49.6,0,60.7,0,0,0,0,0,0,0,0,3
2025-09-24T17:52:34.417Z,60.7,0.6,1.534,50.4,0,60.7,0,0,0,0,0,0,0,0,3
2025-09-24T17:52:35.414Z,60.6,0.6,1.533,49.6,0,60.7,0,0,0,0,0,0,0,0,3
2025-09-24T17:52:36.419Z,60.6,0.6,1.533,50.4,0,60.7,0,0,0,0,0,0,0,0,3
2025-09-24T17:52:37.415Z,60.6,0.6,1.534,49.6,0,60.7,0,0,0,0,0,0,0,0,3
2025-09-24T17:52:38.417Z,60.6,0.6,1.534,50.4,0,60.7,0,0,0,0,0,0,0,0,3
2025-09-24T17:52:39.417Z,60.6,0.6,1.534,49.6,0,60.7,0,0,0,0,0,0,0,0,3
2025-09-24T17:52:40.422Z,60.6,0.6,1.533,50.4,0,60.7,0,0,0,0,0,0,0,0,3
2025-09-24T17:52:41.423Z,60.6,0.6,1.533,49.6,0,60.7,0,0,0,0,0,0,0,0,3
2025-09-24T17:52:42.424Z,60.6,0.6,1.533,49.6,0,60.7,0,0,0,0,0,0,0,0,3
2025-09-24T17:52:43.422Z,60.6,0.6,1.534,50.4,0,60.7,0,0,0,0,0,0,0,0,3
2025-09-24T17:52:44.425Z,60.6,0.6,1.534,49.6,0,60.7,0,0,0,0,0,0,0,0,3
2025-09-24T17:52:45.425Z,60.6,0.6,1.534,50.4,0,60.7,0,0,0,0,0,0,0,0,3
2025-09-24T17:52:46.427Z,60.6,0.6,1.534,49.6,0,60.7,0,0,0,0,0,0,0,0,3
2025-09-24T17:52:47.427Z,60.6,0.6,1.534,50.4,0,60.7,0,0,0,0,0,0,0,0,3
2025-09-24T17:52:48.433Z,60.6,0.6,1.533,49.6,0,60.7,0,0,0,0,0,0,0,0,3
2025-09-24T17:52:49.432Z,60.6,0.6,1.533,50.4,0,60.7,0,0,0,0,0,0,0,0,3
2025-09-24T17:52:50.428Z,60.6,0.6,1.534,49.6,0,60.7,0,0,0,0,0,0,0,0,3
2025-09-24T17:52:51.430Z,60.6,0.6,1.534,50.4,0,60.7,0,0,0,0,0,0,0,0,3
2025-09-24T17:52:52.430Z,60.5,0.6,1.534,49.6,0,60.7,0,0,0,0,0,0,0,0,3
2025-09-24T17:52:53.433Z,60.5,0.6,1.533,50.4,0,60.7,0,0,0,0,0,0,0,0,3
2025-09-24T17:52:54.435Z,60.5,0.6,1.533,49.6,0,60.7,0,0,0,0,0,0,0,0,3
2025-09-24T17:52:55.433Z,60.5,0.6,1.534,50.4,0,60.7,0,0,0,0,0,0,0,0,3
2025-09-24T17:52:56.436Z,60.5,0.6,1.533,49.6,0,60.7,0,0,0,0,0,0,0,0,3
2025-09-24T17:52:57.435Z,60.5,0.6,1.534,50.4,0,60.7,0,0,0,0,0,0,0,0,3
2025-09-24T17:52:58.434Z,60.5,0.6,1.534,49.6,0,60.7,0,0,0,0,0,0,0,0,3
2025-09-24T17:52:59.439Z,60.5,0.6,1.534,50.4,0,60.7,0,0,0,0,0,0,0,0,3
2025-09-24T17:53:00.440Z,60.5,0.6,1.534,49.6,0,60.7,0,0,0,0,0,0,0,0,3
2025-09-24T17:53:01.438Z,60.5,0.6,1.534,50.4,0,60.7,0,0,0,0,0,0,0,0,3
2025-09-24T17:53:02.439Z,60.5,0.6,1.534,49.6,0,60.7,0,0,0,0,0,0,0,0,3
2025-09-24T17:53:03.441Z,60.5,0.6,1.534,50.4,0,60.7,0,0,0,0,0,0,0,0,3
2025-09-24T17:53:04.443Z,60.5,0.6,1.534,49.6,0,60.7,0,0,0,0,0,0,0,0,3
2025-09-24T17:53:05.441Z,60.5,0.6,1.534,50.4,0,60.7,0,0,0,0,0,0,0,0,3
2025-09-24T17:53:06.447Z,60.5,0.6,1.534,49.6,0,60.7,0,0,0,0,0,0,0,0,3
2025-09-24T17:53:07.447Z,60.5,0.6,1.533,50.4,0,60.7,0,0,0,0,0,0,0,0,3
2025-09-24T17:53:08.450Z,60.5,0.6,1.533,49.6,0,60.7,0,0,0,0,0,0,0,0,3
2025-09-24T17:53:09.444Z,60.4,0.6,1.534,49.6,0,60.7,0,0,0,0,0,0,0,0,3
2025-09-24T17:53:10.448Z,60.4,0.6,1.534,50.4,0,60.7,0,0,0,0,0,0,0,0,3
2025-09-24T17:53:11.449Z,60.4,0.6,1.534,49.6,0,60.7,0,0,0,0,0,0,0,0,3
2025-09-24T17:53:12.455Z,60.4,0.6,1.533,49.6,0,60.7,0,0,0,0,0,0,0,0,3
2025-09-24T17:53:13.446Z,60.4,0.6,1.536,50.4,0,60.7,0,0,0,0,0,0,0,0,3
2025-09-24T17:53:14.450Z,60.4,0.6,1.534,49.6,0,60.7,0,0,0,0,0,0,0,0,3
2025-09-24T17:53:15.451Z,60.4,0.6,1.534,50.4,0,60.7,0,0,0,0,0,0,0,0,3
2025-09-24T17:53:16.453Z,60.4,0.6,1.534,49.6,0,60.7,0,0,0,0,0,0,0,0,3
2025-09-24T17:53:17.455Z,60.4,0.6,1.536,50.4,0,60.7,0,0,0,0,0,0,0,0,3
2025-09-24T17:53:18.455Z,60.4,0.6,1.536,49.6,0,60.7,0,0,0,0,0,0,0,0,3
2025-09-24T17:53:19.454Z,60.4,0.6,1.534,50.4,0,60.7,0,0,0,0,0,0,0,0,3
2025-09-24T17:53:20.452Z,60.4,0.6,1.536,49.6,0,60.7,0,0,0,0,0,0,0,0,3
2025-09-24T17:53:21.459Z,60.4,0.6,1.534,50.4,0,60.7,0,0,0,0,0,0,0,0,3
2025-09-24T17:53:22.459Z,60.4,0.6,1.536,49.6,0,60.7,0,0,0,0,0,0,0,0,3
2025-09-24T17:53:23.456Z,60.4,0.6,1.536,50.4,0,60.7,0,0,0,0,0,0,0,0,3
2025-09-24T17:53:24.460Z,60.3,0.6,1.536,49.6,0,60.7,0,0,0,0,0,0,0,0,3
2025-09-24T17:53:25.459Z,60.3,0.6,1.536,50.4,0,60.7,0,0,0,0,0,0,0,0,3
2025-09-24T17:53:26.462Z,60.3,0.6,1.536,49.6,0,60.7,0,0,0,0,0,0,0,0,3
2025-09-24T17:53:27.461Z,60.3,0.6,1.536,50.4,0,60.7,0,0,0,0,0,0,0,0,3
2025-09-24T17:53:28.467Z,60.3,0.6,1.535,49.6,0,60.7,0,0,0,0,0,0,0,0,3
2025-09-24T17:53:29.463Z,60.3,0.6,1.536,50.4,0,60.7,0,0,0,0,0,0,0,0,3
2025-09-24T17:53:30.467Z,60.3,0.6,1.536,49.6,0,60.7,0,0,0,0,0,0,0,0,3
2025-09-24T17:53:31.467Z,60.3,0.6,1.536,50.4,0,60.7,0,0,0,0,0,0,0,0,3
2025-09-24T17:53:32.467Z,60.3,0.6,1.536,49.6,0,60.7,0,0,0,0,0,0,0,0,3
2025-09-24T17:53:33.468Z,60.3,0.6,1.536,50.4,0,60.7,0,0,0,0,0,0,0,0,3
2025-09-24T17:53:34.468Z,60.3,0.6,1.533,49.6,0,60.7,0,0,0,0,0,0,0,0,3
2025-09-24T17:53:35.471Z,60.3,0.6,1.536,49.6,0,60.7,0,0,0,0,0,0,0,0,3
2025-09-24T17:53:36.471Z,60.3,0.6,1.536,49.6,0,60.7,0,0,0,0,0,0,0,0,3
2025-09-24T17:53:37.470Z,60.3,0.6,1.533,50.4,0,60.7,0,0,0,0,0,0,0,0,3
2025-09-24T17:53:38.470Z,60.3,0.6,1.534,49.6,0,60.7,0,0,0,0,0,0,0,0,3
2025-09-24T17:53:39.471Z,60.2,0.6,1.536,50.4,0,60.7,0,0,0,0,0,0,0,0,3
2025-09-24T17:53:40.475Z,60.2,0.6,1.533,49.6,0,60.7,0,0,0,0,0,0,0,0,3
2025-09-24T17:53:41.476Z,60.2,0.6,1.533,50.4,0,60.7,0,0,0,0,0,0,0,0,3
2025-09-24T17:53:42.476Z,60.2,0.6,1.534,49.6,0,60.7,0,0,0,0,0,0,0,0,3
2025-09-24T17:53:43.478Z,60.2,0.6,1.536,50.4,0,60.7,0,0,0,0,0,0,0,0,3
2025-09-24T17:53:44.481Z,60.2,0.6,1.533,49.6,0,60.7,0,0,0,0,0,0,0,0,3
2025-09-24T17:53:45.479Z,60.2,0.6,1.533,50.4,0,60.7,0,0,0,0,0,0,0,0,3
2025-09-24T17:53:46.481Z,60.2,0.6,1.533,49.6,0,60.7,0,0,0,0,0,0,0,0,3
2025-09-24T17:53:47.479Z,60.2,0.6,1.536,50.4,0,60.7,0,0,0,0,0,0,0,0,3
2025-09-24T17:53:48.483Z,60.2,0.6,1.533,49.6,0,60.7,0,0,0,0,0,0,0,0,3
2025-09-24T17:53:49.486Z,60.2,0.6,1.532,50.4,0,60.7,0,0,0,0,0,0,0,0,3
2025-09-24T17:53:50.485Z,60.2,0.6,1.532,49.6,0,60.7,0,0,0,0,0,0,0,0,3
2025-09-24T17:53:51.485Z,60.2,0.6,1.532,50.4,0,60.6,0,0,0,0,0,0,0,0,3
2025-09-24T17:53:52.488Z,60.2,0.6,1.533,49.6,0,60.6,0,0,0,0,0,0,0,0,3
2025-09-24T17:53:53.486Z,60.1,0.6,1.532,50.4,0,60.6,0,0,0,0,0,0,0,0,3
2025-09-24T17:53:54.489Z,60.1,0.6,1.533,49.6,0,60.6,0,0,0,0,0,0,0,0,3
2025-09-24T17:53:55.490Z,60.1,0.6,1.533,50.4,0,60.6,0,0,0,0,0,0,0,0,3
2025-09-24T17:53:56.490Z,60.1,0.6,1.536,49.6,0,60.6,0,0,0,0,0,0,0,0,3
2025-09-24T17:53:57.485Z,60.1,0.6,1.536,50.4,0,60.6,0,0,0,0,0,0,0,0,3
2025-09-24T17:53:58.493Z,60.1,0.6,1.536,49.6,0,60.6,0,0,0,0,0,0,0,0,3
2025-09-24T17:53:59.492Z,60.1,0.6,1.534,50.4,0,60.6,0,0,0,0,0,0,0,0,3
2025-09-24T17:54:00.494Z,60.1,0.6,1.533,49.6,0,60.6,0,0,0,0,0,0,0,0,3
2025-09-24T17:54:01.495Z,60.1,0.6,1.533,50.4,0,60.6,0,0,0,0,0,0,0,0,3
2025-09-24T17:54:02.498Z,60.1,0.6,1.534,49.6,0,60.6,0,0,0,0,0,0,0,0,3
2025-09-24T17:54:03.497Z,60.1,0.6,1.533,50.4,0,60.6,0,0,0,0,0,0,0,0,3
2025-09-24T17:54:04.498Z,60.1,0.6,1.534,49.6,0,60.6,0,0,0,0,0,0,0,0,3
2025-09-24T17:54:05.499Z,60.1,0.6,1.533,49.6,0,60.6,0,0,0,0,0,0,0,0,3
2025-09-24T17:54:06.499Z,60.1,0.6,1.536,50.4,0,60.6,0,0,0,0,0,0,0,0,3
2025-09-24T17:54:07.501Z,60.1,0.6,1.536,49.6,0,60.6,0,0,0,0,0,0,0,0,3
2025-09-24T17:54:08.499Z,60.1,0.6,1.532,50.4,0,60.6,0,0,0,0,0,0,0,0,3
2025-09-24T17:54:09.500Z,60,0.6,1.531,49.6,0,60.6,0,0,0,0,0,0,0,0,3
2025-09-24T17:54:10.500Z,60,0.6,1.532,50.4,0,60.6,0,0,0,0,0,0,0,0,3
2025-09-24T17:54:11.503Z,60,0.6,1.533,49.6,0,60.6,0,0,0,0,0,0,0,0,3
2025-09-24T17:54:12.504Z,60,0.6,1.533,50.4,0,60.6,0,0,0,0,0,0,0,0,3
2025-09-24T17:54:13.503Z,60,0.6,1.536,49.6,0,60.6,0,0,0,0,0,0,0,0,3
2025-09-24T17:54:14.508Z,60,0.6,1.535,50.4,0,60.6,0,0,0,0,0,0,0,0,3
2025-09-24T17:54:15.509Z,60,0.6,1.533,49.6,0,60.6,0,0,0,0,0,0,0,0,3
2025-09-24T17:54:16.509Z,60,0.6,1.533,50.4,0,60.5,0,0,0,0,0,0,0,0,3
2025-09-24T17:54:17.507Z,60,0.6,1.532,49.6,0,60.5,0,0,0,0,0,0,0,0,3
2025-09-24T17:54:18.505Z,60,0.6,1.532,49.6,0,60.5,0,0,0,0,0,0,0,0,3
2025-09-24T17:54:19.511Z,60,0.6,1.532,50.4,0,60.5,0,0,0,0,0,0,0,0,3
2025-09-24T17:54:20.511Z,60,0.6,1.532,49.6,0,60.5,0,0,0,0,0,0,0,0,3
2025-09-24T17:54:21.512Z,60,0.6,1.533,49.6,0,60.5,0,0,0,0,0,0,0,0,3
2025-09-24T17:54:22.516Z,60,0.6,1.533,49.6,0,60.5,0,0,0,0,0,0,0,0,3
2025-09-24T17:54:23.515Z,60,0.6,1.536,49.6,0,60.5,0,0,0,0,0,0,0,0,3
2025-09-24T17:54:24.513Z,60,0.6,1.536,50.4,0,60.5,0,0,0,0,0,0,0,0,3
2025-09-24T17:54:25.518Z,60,0.6,1.534,49.6,0,60.5,0,0,0,0,0,0,0,0,3
2025-09-24T17:54:26.518Z,60,0.6,1.533,50.4,0,60.5,0,0,0,0,0,0,0,0,3
2025-09-24T17:54:27.520Z,60,0.6,1.532,49.6,0,60.5,0,0,0,0,0,0,0,0,3
2025-09-24T17:54:28.521Z,59.9,0.6,1.532,50.4,0,60.5,0,0,0,0,0,0,0,0,3
2025-09-24T17:54:29.519Z,59.9,0.6,1.532,49.6,0,60.5,0,0,0,0,0,0,0,0,3
2025-09-24T17:54:30.520Z,59.9,0.6,1.532,50.4,0,60.5,0,0,0,0,0,0,0,0,3
2025-09-24T17:54:31.525Z,59.9,0.6,1.533,49.6,0,60.5,0,0,0,0,0,0,0,0,3
2025-09-24T17:54:32.525Z,59.9,0.6,1.534,49.6,0,60.5,0,0,0,0,0,0,0,0,3
2025-09-24T17:54:33.528Z,59.9,0.6,1.535,49.6,0,60.5,0,0,0,0,0,0,0,0,3
2025-09-24T17:54:34.525Z,59.9,0.6,1.536,50.4,0,60.5,0,0,0,0,0,0,0,0,3
2025-09-24T17:54:35.524Z,59.9,0.6,1.534,49.6,0,60.5,0,0,0,0,0,0,0,0,3
2025-09-24T17:54:36.527Z,59.9,0.6,1.533,50.4,0,60.5,0,0,0,0,0,0,0,0,3
2025-09-24T17:54:37.529Z,59.9,0.6,1.531,49.6,0,60.4,0,0,0,0,0,0,0,0,3
2025-09-24T17:54:38.527Z,59.9,0.6,1.532,50.4,0,60.4,0,0,0,0,0,0,0,0,3
2025-09-24T17:54:39.525Z,59.9,0.6,1.532,49.6,0,60.5,0,0,0,0,0,0,0,0,3
2025-09-24T17:54:40.529Z,59.9,0.6,1.532,50.4,0,60.5,0,0,0,0,0,0,0,0,3
2025-09-24T17:54:41.531Z,59.8,0.6,1.533,49.6,0,60.4,0,0,0,0,0,0,0,0,3
2025-09-24T17:54:42.530Z,59.8,0.6,1.534,50.4,0,60.4,0,0,0,0,0,0,0,0,3
2025-09-24T17:54:43.536Z,59.8,0.6,1.535,49.6,0,60.5,0,0,0,0,0,0,0,0,3
2025-09-24T17:54:44.532Z,59.8,0.6,1.536,50.4,0,60.4,0,0,0,0,0,0,0,0,3
2025-09-24T17:54:45.537Z,59.8,0.6,1.533,49.6,0,60.4,0,0,0,0,0,0,0,0,3
2025-09-24T17:54:46.535Z,59.8,0.6,1.533,50.4,0,60.4,0,0,0,0,0,0,0,0,3
2025-09-24T17:54:47.537Z,59.8,0.6,1.533,49.6,0,60.4,0,0,0,0,0,0,0,0,3
2025-09-24T17:54:48.537Z,59.8,0.6,1.533,50.4,0,60.4,0,0,0,0,0,0,0,0,3
2025-09-24T17:54:49.541Z,59.8,0.6,1.533,49.6,0,60.4,0,0,0,0,0,0,0,0,3
2025-09-24T17:54:50.541Z,59.8,0.6,1.533,50.4,0,60.4,0,0,0,0,0,0,0,0,3
2025-09-24T17:54:51.538Z,59.8,0.6,1.533,49.6,0,60.4,0,0,0,0,0,0,0,0,3
2025-09-24T17:54:52.541Z,59.8,0.6,1.533,50.4,0,60.4,0,0,0,0,0,0,0,0,3
2025-09-24T17:54:53.540Z,59.8,0.6,1.533,49.6,0,60.5,0,0,0,0,0,0,0,0,3
2025-09-24T17:54:54.545Z,59.8,0.6,1.532,49.6,0,60.5,0,0,0,0,0,0,0,0,3
2025-09-24T17:54:55.548Z,59.8,0.6,1.532,49.6,0,60.5,0,0,0,0,0,0,0,0,3
2025-09-24T17:54:56.547Z,59.8,0.6,1.532,49.6,0,60.5,0,0,0,0,0,0,0,0,3
2025-09-24T17:54:57.549Z,59.8,0.6,1.532,50.4,0,60.5,0,0,0,0,0,0,0,0,3
2025-09-24T17:54:58.549Z,59.8,0.6,1.532,49.6,0,60.5,0,0,0,0,0,0,0,0,3
2025-09-24T17:54:59.551Z,59.8,0.6,1.532,50.4,0,60.5,0,0,0,0,0,0,0,0,3
2025-09-24T17:55:00.548Z,59.7,0.6,1.532,49.6,0,60.5,0,0,0,0,0,0,0,0,3
2025-09-24T17:55:01.551Z,59.7,0.6,1.532,49.6,0,60.5,0,0,0,0,0,0,0,0,3
2025-09-24T17:55:02.553Z,59.7,0.6,1.532,50.4,0,60.5,0,0,0,0,0,0,0,0,3
2025-09-24T17:55:03.553Z,59.7,0.6,1.532,49.6,0,60.6,0,0,0,0,0,0,0,0,3
2025-09-24T17:55:04.554Z,59.7,0.6,1.532,49.6,0,60.5,0,0,0,0,0,0,0,0,3
2025-09-24T17:55:05.563Z,59.7,0.6,1.531,50.4,0,60.6,0,0,0,0,0,0,0,0,3
2025-09-24T17:55:06.556Z,59.7,0.6,1.532,49.6,0,60.6,0,0,0,0,0,0,0,0,3
2025-09-24T17:55:07.557Z,59.7,0.6,1.531,50.4,0,60.6,0,0,0,0,0,0,0,0,3
2025-09-24T17:55:08.553Z,59.7,0.6,1.532,49.6,0,60.6,0,0,0,0,0,0,0,0,3
2025-09-24T17:55:09.557Z,59.7,0.6,1.532,49.6,0,60.6,0,0,0,0,0,0,0,0,3
2025-09-24T17:55:10.559Z,59.7,0.6,1.532,50.4,0,60.6,0,0,0,0,0,0,0,0,3
2025-09-24T17:55:11.560Z,59.7,0.6,1.532,49.6,0,60.6,0,0,0,0,0,0,0,0,3
2025-09-24T17:55:12.559Z,59.7,0.6,1.532,49.6,0,60.6,0,0,0,0,0,0,0,0,3
2025-09-24T17:55:13.561Z,59.7,0.6,1.532,50.4,0,60.6,0,0,0,0,0,0,0,0,3
2025-09-24T17:55:14.565Z,59.7,0.6,1.531,49.6,0,60.6,0,0,0,0,0,0,0,0,3
2025-09-24T17:55:15.565Z,59.7,0.6,1.532,49.6,0,60.6,0,0,0,0,0,0,0,0,3
2025-09-24T17:55:16.564Z,59.7,0.6,1.532,50.4,0,60.6,0,0,0,0,0,0,0,0,3
2025-09-24T17:55:17.565Z,59.6,0.6,1.532,50.4,0,60.6,0,0,0,0,0,0,0,0,3
2025-09-24T17:55:18.569Z,59.6,0.6,1.532,49.6,0,60.6,0,0,0,0,0,0,0,0,3
2025-09-24T17:55:19.569Z,59.6,0.6,1.532,50.4,0,60.6,0,0,0,0,0,0,0,0,3
2025-09-24T17:55:20.568Z,59.6,0.6,1.532,50.4,0,60.6,0,0,0,0,0,0,0,0,3
2025-09-24T17:55:21.566Z,59.6,0.6,1.532,49.6,0,60.6,0,0,0,0,0,0,0,0,3
2025-09-24T17:55:22.566Z,59.6,0.6,1.533,50.4,0,60.6,0,0,0,0,0,0,0,0,3
2025-09-24T17:55:23.567Z,59.6,0.6,1.532,49.6,0,60.6,0,0,0,0,0,0,0,0,3
2025-09-24T17:55:24.571Z,59.6,0.6,1.533,50.4,0,60.6,0,0,0,0,0,0,0,0,3
2025-09-24T17:55:25.570Z,59.6,0.6,1.533,49.6,0,60.6,0,0,0,0,0,0,0,0,3
2025-09-24T17:55:26.573Z,59.6,0.6,1.533,50.4,0,60.6,0,0,0,0,0,0,0,0,3
2025-09-24T17:55:27.571Z,59.6,0.6,1.533,49.6,0,60.6,0,0,0,0,0,0,0,0,3
2025-09-24T17:55:28.575Z,59.6,0.6,1.533,49.6,0,60.6,0,0,0,0,0,0,0,0,3
2025-09-24T17:55:29.576Z,59.6,0.6,1.533,50.4,0,60.6,0,0,0,0,0,0,0,0,3
2025-09-24T17:55:30.576Z,59.6,0.6,1.533,49.6,0,60.6,0,0,0,0,0,0,0,0,3
2025-09-24T17:55:31.578Z,59.6,0.6,1.533,49.6,0,60.6,0,0,0,0,0,0,0,0,3
2025-09-24T17:55:32.582Z,59.6,0.6,1.533,50.4,0,60.6,0,0,0,0,0,0,0,0,3
2025-09-24T17:55:33.579Z,59.6,0.6,1.533,50.4,0,60.6,0,0,0,0,0,0,0,0,3
2025-09-24T17:55:34.581Z,59.5,0.6,1.534,49.6,0,60.6,0,0,0,0,0,0,0,0,3
2025-09-24T17:55:35.577Z,59.5,0.6,1.534,50.4,0,60.6,0,0,0,0,0,0,0,0,3
2025-09-24T17:55:36.580Z,59.5,0.6,1.534,49.6,0,60.6,0,0,0,0,0,0,0,0,3
2025-09-24T17:55:37.577Z,59.5,0.6,1.534,50.4,0,60.5,0,0,0,0,0,0,0,0,3
2025-09-24T17:55:38.584Z,59.5,0.6,1.534,49.6,0,60.6,0,0,0,0,0,0,0,0,3
2025-09-24T17:55:39.581Z,59.5,0.6,1.536,49.6,0,60.6,0,0,0,0,0,0,0,0,3
2025-09-24T17:55:40.581Z,59.5,0.6,1.536,50.4,0,60.6,0,0,0,0,0,0,0,0,3
2025-09-24T17:55:41.585Z,59.5,0.6,1.536,49.6,0,60.6,0,0,0,0,0,0,0,0,3
2025-09-24T17:55:42.580Z,59.5,0.6,1.536,50.4,0,60.6,0,0,0,0,0,0,0,0,3
2025-09-24T17:55:43.586Z,59.5,0.6,1.536,49.6,0,60.5,0,0,0,0,0,0,0,0,3
2025-09-24T17:55:44.585Z,59.5,0.6,1.536,49.6,0,60.5,0,0,0,0,0,0,0,0,3
2025-09-24T17:55:45.588Z,59.5,0.6,1.536,50.4,0,60.6,0,0,0,0,0,0,0,0,3
2025-09-24T17:55:46.585Z,59.5,0.6,1.536,50.4,0,60.6,0,0,0,0,0,0,0,0,3
2025-09-24T17:55:47.590Z,59.5,0.6,1.536,49.6,0,60.6,0,0,0,0,0,0,0,0,3
2025-09-24T17:55:48.593Z,59.5,0.6,1.536,50.4,0,60.5,0,0,0,0,0,0,0,0,3
2025-09-24T17:55:49.591Z,59.5,0.6,1.536,49.6,0,60.5,0,0,0,0,0,0,0,0,3
2025-09-24T17:55:50.595Z,59.5,0.6,1.536,50.4,0,60.5,0,0,0,0,0,0,0,0,3
2025-09-24T17:55:51.596Z,59.5,0.6,1.536,49.6,0,60.5,0,0,0,0,0,0,0,0,3
2025-09-24T17:55:52.594Z,59.4,0.6,1.536,49.6,0,60.5,0,0,0,0,0,0,0,0,3
2025-09-24T17:55:53.595Z,59.4,0.6,1.536,50.4,0,60.6,0,0,0,0,0,0,0,0,3
2025-09-24T17:55:54.595Z,59.4,0.6,1.536,49.6,0,60.6,0,0,0,0,0,0,0,0,3
2025-09-24T17:55:55.597Z,59.4,0.6,1.536,50.4,0,60.6,0,0,0,0,0,0,0,0,3
2025-09-24T17:55:56.596Z,59.4,0.6,1.536,50.4,0,60.5,0,0,0,0,0,0,0,0,3
2025-09-24T17:55:57.601Z,59.4,0.6,1.536,49.6,0,60.6,0,0,0,0,0,0,0,0,3
2025-09-24T17:55:58.605Z,59.4,0.6,1.536,49.6,0,60.5,0,0,0,0,0,0,0,0,3
2025-09-24T17:55:59.601Z,59.4,0.6,1.536,49.6,0,60.6,0,0,0,0,0,0,0,0,3
2025-09-24T17:56:00.602Z,59.4,0.6,1.536,49.6,0,60.6,0,0,0,0,0,0,0,0,3
2025-09-24T17:56:01.601Z,59.4,0.6,1.536,50.4,0,60.6,0,0,0,0,0,0,0,0,3
2025-09-24T17:56:02.605Z,59.4,0.6,1.536,49.6,0,60.5,0,0,0,0,0,0,0,0,3
2025-09-24T17:56:03.607Z,59.4,0.6,1.536,49.6,0,60.5,0,0,0,0,0,0,0,0,3
2025-09-24T17:56:04.611Z,59.4,0.6,1.536,50.4,0,60.6,0,0,0,0,0,0,0,0,3
2025-09-24T17:56:05.608Z,59.4,0.6,1.536,50.4,0,60.6,0,0,0,0,0,0,0,0,3
2025-09-24T17:56:06.607Z,59.4,0.6,1.536,49.6,0,60.5,0,0,0,0,0,0,0,0,3
2025-09-24T17:56:07.609Z,59.4,0.6,1.536,50.4,0,60.5,0,0,0,0,0,0,0,0,3
2025-09-24T17:56:08.611Z,59.4,0.6,1.536,50.4,0,60.5,0,0,0,0,0,0,0,0,3
2025-09-24T17:56:09.608Z,59.3,0.6,1.536,49.6,0,60.5,0,0,0,0,0,0,0,0,3
2025-09-24T17:56:10.609Z,59.3,0.6,1.536,50.4,0,60.5,0,0,0,0,0,0,0,0,3
2025-09-24T17:56:11.606Z,59.3,0.6,1.536,49.6,0,60.5,0,0,0,0,0,0,0,0,3
2025-09-24T17:56:12.613Z,59.3,0.6,1.536,50.4,0,60.5,0,0,0,0,0,0,0,0,3
2025-09-24T17:56:13.614Z,59.3,0.6,1.536,49.6,0,60.5,0,0,0,0,0,0,0,0,3
2025-09-24T17:56:14.617Z,59.3,0.6,1.536,50.4,0,60.5,0,0,0,0,0,0,0,0,3
2025-09-24T17:56:15.614Z,59.3,0.6,1.536,50.4,0,60.5,0,0,0,0,0,0,0,0,3
2025-09-24T17:56:16.616Z,59.3,0.6,1.536,49.6,0,60.5,0,0,0,0,0,0,0,0,3
2025-09-24T17:56:17.617Z,59.3,0.6,1.536,50.4,0,60.5,0,0,0,0,0,0,0,0,3
2025-09-24T17:56:18.616Z,59.3,0.6,1.536,49.6,0,60.5,0,0,0,0,0,0,0,0,3
2025-09-24T17:56:19.618Z,59.3,0.6,1.536,50.4,0,60.5,0,0,0,0,0,0,0,0,3
2025-09-24T17:56:20.619Z,59.3,0.6,1.536,49.6,0,60.5,0,0,0,0,0,0,0,0,3
2025-09-24T17:56:21.622Z,59.3,0.6,1.536,49.6,0,60.5,0,0,0,0,0,0,0,0,3
2025-09-24T17:56:22.621Z,59.3,0.6,1.536,50.4,0,60.5,0,0,0,0,0,0,0,0,3
2025-09-24T17:56:23.621Z,59.3,0.6,1.534,49.6,0,60.5,0,0,0,0,0,0,0,0,3
2025-09-24T17:56:24.621Z,59.3,0.6,1.534,50.4,0,60.5,0,0,0,0,0,0,0,0,3
2025-09-24T17:56:25.625Z,59.3,0.6,1.534,49.6,0,60.5,0,0,0,0,0,0,0,0,3
2025-09-24T17:56:26.625Z,59.3,0.6,1.534,49.6,0,60.5,0,0,0,0,0,0,0,0,3
2025-09-24T17:56:27.623Z,59.3,0.6,1.533,50.4,0,60.5,0,0,0,0,0,0,0,0,3
2025-09-24T17:56:28.624Z,59.3,0.6,1.534,49.6,0,60.5,0,0,0,0,0,0,0,0,3
2025-09-24T17:56:29.627Z,59.2,0.6,1.533,49.6,0,60.5,0,0,0,0,0,0,0,0,3
2025-09-24T17:56:30.633Z,59.2,0.6,1.533,50.4,0,60.5,0,0,0,0,0,0,0,0,3
2025-09-24T17:56:31.629Z,59.2,0.6,1.533,49.6,0,60.5,0,0,0,0,0,0,0,0,3
2025-09-24T17:56:32.630Z,59.2,0.6,1.533,49.6,0,60.5,0,0,0,0,0,0,0,0,3
2025-09-24T17:56:33.629Z,59.2,0.6,1.533,50.4,0,60.6,0,0,0,0,0,0,0,0,3
2025-09-24T17:56:34.632Z,59.2,0.6,1.533,50.4,0,60.6,0,0,0,0,0,0,0,0,3
2025-09-24T17:56:35.632Z,59.2,0.6,1.533,49.6,0,60.6,0,0,0,0,0,0,0,0,3
2025-09-24T17:56:36.640Z,59.2,0.6,1.533,50.4,0,60.6,0,0,0,0,0,0,0,0,3
2025-09-24T17:56:37.634Z,59.2,0.6,1.533,49.6,0,60.6,0,0,0,0,0,0,0,0,3
2025-09-24T17:56:38.638Z,59.2,0.6,1.533,50.4,0,60.6,0,0,0,0,0,0,0,0,3
2025-09-24T17:56:39.638Z,59.2,0.6,1.533,50.4,0,60.6,0,0,0,0,0,0,0,0,3
2025-09-24T17:56:40.636Z,59.2,0.6,1.533,49.6,0,60.6,0,0,0,0,0,0,0,0,3
2025-09-24T17:56:41.637Z,59.2,0.6,1.533,50.4,0,60.6,0,0,0,0,0,0,0,0,3
2025-09-24T17:56:42.641Z,59.2,0.6,1.533,49.6,0,60.6,0,0,0,0,0,0,0,0,3
2025-09-24T17:56:43.641Z,59.2,0.6,1.533,50.4,0,60.6,0,0,0,0,0,0,0,0,3
2025-09-24T17:56:44.641Z,59.2,0.6,1.533,49.6,0,60.6,0,0,0,0,0,0,0,0,3
2025-09-24T17:56:45.642Z,59.2,0.6,1.533,50.4,0,60.6,0,0,0,0,0,0,0,0,3
2025-09-24T17:56:46.646Z,59.2,0.6,1.533,49.6,0,60.6,0,0,0,0,0,0,0,0,3
2025-09-24T17:56:47.646Z,59.2,0.6,1.533,49.6,0,60.6,0,0,0,0,0,0,0,0,3
2025-09-24T17:56:48.643Z,59.2,0.6,1.533,50.4,0,60.6,0,0,0,0,0,0,0,0,3
2025-09-24T17:56:49.651Z,59.2,0.6,1.533,49.6,0,60.6,0,0,0,0,0,0,0,0,3
2025-09-24T17:56:50.645Z,59.2,0.6,1.533,49.6,0,60.6,0,0,0,0,0,0,0,0,3
2025-09-24T17:56:51.648Z,59.2,0.6,1.533,50.4,0,60.6,0,0,0,0,0,0,0,0,3
2025-09-24T17:56:52.649Z,59.2,0.6,1.533,49.6,0,60.6,0,0,0,0,0,0,0,0,3
2025-09-24T17:56:53.652Z,59.2,0.6,1.533,49.6,0,60.6,0,0,0,0,0,0,0,0,3
2025-09-24T17:56:54.650Z,59.2,0.6,1.533,50.4,0,60.6,0,0,0,0,0,0,0,0,3
2025-09-24T17:56:55.655Z,59.2,0.6,1.533,49.6,0,60.6,0,0,0,0,0,0,0,0,3
2025-09-24T17:56:56.652Z,59.2,0.6,1.533,50.4,0,60.7,0,0,0,0,0,0,0,0,3
2025-09-24T17:56:57.654Z,59.2,0.6,1.533,50.4,0,60.7,0,0,0,0,0,0,0,0,3
2025-09-24T17:56:58.653Z,59.1,0.6,1.533,49.6,0,60.7,0,0,0,0,0,0,0,0,3
2025-09-24T17:56:59.658Z,59.2,0.6,1.533,50.4,0,60.7,0,0,0,0,0,0,0,0,3
2025-09-24T17:57:00.653Z,59.2,0.6,1.533,49.6,0,60.7,0,0,0,0,0,0,0,0,3
2025-09-24T17:57:01.658Z,59.2,0.6,1.533,50.4,0,60.7,0,0,0,0,0,0,0,0,3
2025-09-24T17:57:02.663Z,59.1,0.6,1.533,49.6,0,60.7,0,0,0,0,0,0,0,0,3
2025-09-24T17:57:03.663Z,59.1,0.6,1.533,49.6,0,60.7,0,0,0,0,0,0,0,0,3
2025-09-24T17:57:04.663Z,59.1,0.6,1.533,50.4,0,60.7,0,0,0,0,0,0,0,0,3
2025-09-24T17:57:05.669Z,59.1,0.6,1.533,49.6,0,60.7,0,0,0,0,0,0,0,0,3
2025-09-24T17:57:06.666Z,59.1,0.6,1.533,50.4,0,60.7,0,0,0,0,0,0,0,0,3
2025-09-24T17:57:07.665Z,59.1,0.6,1.533,50.4,0,60.7,0,0,0,0,0,0,0,0,3
2025-09-24T17:57:08.665Z,59.1,0.6,1.533,49.6,0,60.7,0,0,0,0,0,0,0,0,3
2025-09-24T17:57:09.666Z,59.1,0.6,1.533,50.4,0,60.7,0,0,0,0,0,0,0,0,3
2025-09-24T17:57:10.665Z,59.1,0.6,1.533,49.6,0,60.7,0,0,0,0,0,0,0,0,3
2025-09-24T17:57:11.668Z,59.1,0.6,1.533,50.4,0,60.7,0,0,0,0,0,0,0,0,3
2025-09-24T17:57:12.669Z,59.1,0.6,1.535,49.6,0,60.7,0,0,0,0,0,0,0,0,3
2025-09-24T17:57:13.670Z,59.1,0.6,1.535,50.4,0,60.7,0,0,0,0,0,0,0,0,3
2025-09-24T17:57:14.671Z,59.1,0.6,1.535,49.6,0,60.7,0,0,0,0,0,0,0,0,3
2025-09-24T17:57:15.671Z,59.1,0.6,1.535,49.6,0,60.7,0,0,0,0,0,0,0,0,3
2025-09-24T17:57:16.671Z,59.1,0.6,1.535,50.4,0,60.7,0,0,0,0,0,0,0,0,3
2025-09-24T17:57:17.672Z,59.1,0.6,1.535,49.6,0,60.7,0,0,0,0,0,0,0,0,3
2025-09-24T17:57:18.673Z,59.1,0.6,1.535,49.6,0,60.7,0,0,0,0,0,0,0,0,3
2025-09-24T17:57:19.677Z,59.1,0.6,1.535,50.4,0,60.7,0,0,0,0,0,0,0,0,3
2025-09-24T17:57:20.679Z,59.1,0.6,1.535,49.6,0,60.7,0,0,0,0,0,0,0,0,3
2025-09-24T17:57:21.680Z,59.1,0.6,1.535,49.6,0,60.8,0,0,0,0,0,0,0,0,3
2025-09-24T17:57:22.677Z,59.1,0.6,1.535,50.4,0,60.8,0,0,0,0,0,0,0,0,3
2025-09-24T17:57:23.680Z,59.1,0.6,1.535,49.6,0,60.8,0,0,0,0,0,0,0,0,3
2025-09-24T17:57:24.681Z,59.1,0.6,1.535,50.4,0,60.8,0,0,0,0,0,0,0,0,3
2025-09-24T17:57:25.683Z,59.1,0.6,1.536,50.4,0,60.8,0,0,0,0,0,0,0,0,3
2025-09-24T17:57:26.689Z,59.1,0.6,1.536,49.6,0,60.8,0,0,0,0,0,0,0,0,3
2025-09-24T17:57:27.680Z,59.1,0.6,1.536,50.4,0,60.8,0,0,0,0,0,0,0,0,3
2025-09-24T17:57:28.686Z,59.1,0.6,1.536,49.6,0,60.8,0,0,0,0,0,0,0,0,3
2025-09-24T17:57:29.684Z,59.1,0.6,1.536,50.4,0,60.9,0,0,0,0,0,0,0,0,3
2025-09-24T17:57:30.689Z,59.1,0.6,1.536,50.4,0,60.9,0,0,0,0,0,0,0,0,3
2025-09-24T17:57:31.688Z,59.1,0.6,1.536,49.6,0,60.9,0,0,0,0,0,0,0,0,3
2025-09-24T17:57:32.689Z,59.1,0.6,1.536,50.4,0,60.9,0,0,0,0,0,0,0,0,3
2025-09-24T17:57:33.689Z,59.1,0.6,1.536,49.6,0,60.9,0,0,0,0,0,0,0,0,3
2025-09-24T17:57:34.693Z,59.1,0.6,1.536,50.4,0,60.9,0,0,0,0,0,0,0,0,3
2025-09-24T17:57:35.694Z,59.1,0.6,1.536,49.6,0,60.9,0,0,0,0,0,0,0,0,3
2025-09-24T17:57:36.696Z,59.1,0.6,1.536,50.4,0,60.9,0,0,0,0,0,0,0,0,3
2025-09-24T17:57:37.690Z,59.1,0.6,1.536,49.6,0,60.9,0,0,0,0,0,0,0,0,3
2025-09-24T17:57:38.696Z,59.1,0.6,1.536,50.4,0,60.9,0,0,0,0,0,0,0,0,3
2025-09-24T17:57:39.687Z,59.1,0.6,1.537,49.6,0,60.9,0,0,0,0,0,0,0,0,3
2025-09-24T17:57:40.693Z,59.1,0.6,1.536,50.4,0,60.9,0,0,0,0,0,0,0,0,3
2025-09-24T17:57:41.692Z,59.1,0.6,1.537,49.6,0,60.9,0,0,0,0,0,0,0,0,3
2025-09-24T17:57:42.694Z,59.1,0.6,1.537,50.4,0,60.9,0,0,0,0,0,0,0,0,3
2025-09-24T17:57:43.694Z,59.1,0.6,1.537,49.6,0,60.9,0,0,0,0,0,0,0,0,3
2025-09-24T17:57:44.695Z,59.1,0.6,1.537,50.4,0,60.9,0,0,0,0,0,0,0,0,3
2025-09-24T17:57:45.698Z,59.1,0.6,1.536,49.6,0,60.9,0,0,0,0,0,0,0,0,3
2025-09-24T17:57:46.697Z,59.1,0.6,1.537,50.4,0,60.9,0,0,0,0,0,0,0,0,3
2025-09-24T17:57:47.703Z,59.1,0.6,1.536,49.6,0,60.9,0,0,0,0,0,0,0,0,3
2025-09-24T17:57:48.700Z,59.1,0.6,1.537,50.4,0,60.9,0,0,0,0,0,0,0,0,3
2025-09-24T17:57:49.700Z,59.1,0.6,1.536,49.6,0,60.9,0,0,0,0,0,0,0,0,3
2025-09-24T17:57:50.702Z,59.1,0.6,1.536,49.6,0,60.9,0,0,0,0,0,0,0,0,3
2025-09-24T17:57:51.705Z,59.1,0.6,1.536,50.4,0,60.9,0,0,0,0,0,0,0,0,3
2025-09-24T17:57:52.708Z,59.1,0.6,1.536,49.6,0,61,0,0,0,0,0,0,0,0,3
2025-09-24T17:57:53.709Z,59.1,0.6,1.536,50.4,0,61,0,0,0,0,0,0,0,0,3
2025-09-24T17:57:54.709Z,59.1,0.6,1.536,49.6,0,61,0,0,0,0,0,0,0,0,3
2025-09-24T17:57:55.709Z,59.1,0.6,1.536,49.6,0,61,0,0,0,0,0,0,0,0,3
2025-09-24T17:57:56.706Z,59.1,0.6,1.536,49.6,0,61,0,0,0,0,0,0,0,0,3
2025-09-24T17:57:57.712Z,59.1,0.6,1.536,50.4,0,61,0,0,0,0,0,0,0,0,3
2025-09-24T17:57:58.713Z,59.1,0.6,1.536,49.6,0,61,0,0,0,0,0,0,0,0,3
2025-09-24T17:57:59.714Z,59.1,0.6,1.536,49.6,0,61,0,0,0,0,0,0,0,0,3
2025-09-24T17:58:00.713Z,59.1,0.6,1.536,50.4,0,61,0,0,0,0,0,0,0,0,3
2025-09-24T17:58:01.713Z,59.1,0.6,1.536,49.6,0,61,0,0,0,0,0,0,0,0,3
2025-09-24T17:58:02.714Z,59.1,0.6,1.536,49.6,0,61,0,0,0,0,0,0,0,0,3
2025-09-24T17:58:03.715Z,59.1,0.6,1.536,50.4,0,61,0,0,0,0,0,0,0,0,3
2025-09-24T17:58:04.719Z,59.1,0.6,1.536,49.6,0,61,0,0,0,0,0,0,0,0,3
2025-09-24T17:58:05.723Z,59.1,0.6,1.533,50.4,0,61,0,0,0,0,0,0,0,0,3
2025-09-24T17:58:06.722Z,59.1,0.6,1.534,49.6,0,61,0,0,0,0,0,0,0,0,3
2025-09-24T17:58:07.724Z,59.2,0.6,1.534,50.4,0,61,0,0,0,0,0,0,0,0,3
2025-09-24T17:58:08.726Z,59.1,0.6,1.533,50.4,0,61,0,0,0,0,0,0,0,0,3
2025-09-24T17:58:09.723Z,59.2,0.6,1.533,49.6,0,61,0,0,0,0,0,0,0,0,3
2025-09-24T17:58:10.723Z,59.2,0.6,1.533,50.4,0,61,0,0,0,0,0,0,0,0,3
2025-09-24T17:58:11.725Z,59.2,0.6,1.533,49.6,0,61,0,0,0,0,0,0,0,0,3
2025-09-24T17:58:12.728Z,59.2,0.6,1.533,50.4,0,61,0,0,0,0,0,0,0,0,3
2025-09-24T17:58:13.730Z,59.2,0.6,1.533,49.6,0,61,0,0,0,0,0,0,0,0,3
2025-09-24T17:58:14.728Z,59.2,0.6,1.533,49.6,0,61,0,0,0,0,0,0,0,0,3
2025-09-24T17:58:15.733Z,59.2,0.6,1.533,50.4,0,61,0,0,0,0,0,0,0,0,3
2025-09-24T17:58:16.734Z,59.2,0.6,1.533,49.6,0,61,0,0,0,0,0,0,0,0,3
2025-09-24T17:58:17.732Z,59.2,0.6,1.533,49.6,0,61,0,0,0,0,0,0,0,0,3
2025-09-24T17:58:18.731Z,59.2,0.6,1.533,50.4,0,61,0,0,0,0,0,0,0,0,3
2025-09-24T17:58:19.738Z,59.2,0.6,1.533,49.6,0,61,0,0,0,0,0,0,0,0,3
2025-09-24T17:58:20.734Z,59.2,0.6,1.533,49.6,0,61,0,0,0,0,0,0,0,0,3
2025-09-24T17:58:21.738Z,59.2,0.6,1.533,50.4,0,61,0,0,0,0,0,0,0,0,3
2025-09-24T17:58:22.736Z,59.2,0.6,1.533,49.6,0,61,0,0,0,0,0,0,0,0,3
2025-09-24T17:58:23.738Z,59.2,0.6,1.533,49.6,0,61,0,0,0,0,0,0,0,0,3
2025-09-24T17:58:24.741Z,59.2,0.6,1.533,50.4,0,61,0,0,0,0,0,0,0,0,3
2025-09-24T17:58:25.738Z,59.2,0.6,1.533,49.6,0,61,0,0,0,0,0,0,0,0,3
2025-09-24T17:58:26.740Z,59.2,0.6,1.533,50.4,0,61,0,0,0,0,0,0,0,0,3
2025-09-24T17:58:27.745Z,59.2,0.6,1.533,50.4,0,61,0,0,0,0,0,0,0,0,3
2025-09-24T17:58:28.744Z,59.2,0.6,1.533,49.6,0,61,0,0,0,0,0,0,0,0,3
2025-09-24T17:58:29.744Z,59.2,0.6,1.533,50.4,0,61,0,0,0,0,0,0,0,0,3
2025-09-24T17:58:30.744Z,59.2,0.6,1.533,50.4,0,61,0,0,0,0,0,0,0,0,3
2025-09-24T17:58:31.747Z,59.2,0.6,1.533,49.6,0,61,0,0,0,0,0,0,0,0,3
2025-09-24T17:58:32.745Z,59.2,0.6,1.533,49.6,0,61,0,0,0,0,0,0,0,0,3
2025-09-24T17:58:33.747Z,59.2,0.6,1.533,49.6,0,61,0,0,0,0,0,0,0,0,3
2025-09-24T17:58:34.751Z,59.2,0.6,1.533,50.4,0,61,0,0,0,0,0,0,0,0,3
2025-09-24T17:58:35.752Z,59.2,0.6,1.533,50.4,0,60.9,0,0,0,0,0,0,0,0,3
2025-09-24T17:58:36.749Z,59.2,0.6,1.533,49.6,0,60.9,0,0,0,0,0,0,0,0,3
2025-09-24T17:58:37.752Z,59.2,0.6,1.533,50.4,0,60.9,0,0,0,0,0,0,0,0,3
2025-09-24T17:58:38.750Z,59.2,0.6,1.533,49.6,0,60.9,0,0,0,0,0,0,0,0,3
2025-09-24T17:58:39.756Z,59.3,0.6,1.533,50.4,0,60.8,0,0,0,0,0,0,0,0,3
2025-09-24T17:58:40.755Z,59.3,0.6,1.533,49.6,0,60.8,0,0,0,0,0,0,0,0,3
2025-09-24T17:58:41.755Z,59.3,0.6,1.533,50.4,0,60.8,0,0,0,0,0,0,0,0,3
2025-09-24T17:58:42.760Z,59.3,0.6,1.533,49.6,0,60.8,0,0,0,0,0,0,0,0,3
2025-09-24T17:58:43.761Z,59.3,0.6,1.533,49.6,0,60.8,0,0,0,0,0,0,0,0,3
2025-09-24T17:58:44.761Z,59.3,0.6,1.533,50.4,0,60.8,0,0,0,0,0,0,0,0,3
2025-09-24T17:58:45.759Z,59.3,0.6,1.533,49.6,0,60.7,0,0,0,0,0,0,0,0,3
2025-09-24T17:58:46.763Z,59.3,0.6,1.533,50.4,0,60.7,0,0,0,0,0,0,0,0,3
2025-09-24T17:58:47.764Z,59.3,0.6,1.533,50.4,0,60.7,0,0,0,0,0,0,0,0,3
2025-09-24T17:58:48.762Z,59.3,0.6,1.534,49.6,0,60.7,0,0,0,0,0,0,0,0,3
2025-09-24T17:58:49.764Z,59.3,0.6,1.533,50.4,0,60.7,0,0,0,0,0,0,0,0,3
2025-09-24T17:58:50.767Z,59.3,0.6,1.533,49.6,0,60.7,0,0,0,0,0,0,0,0,3
2025-09-24T17:58:51.763Z,59.3,0.6,1.534,50.4,0,60.7,0,0,0,0,0,0,0,0,3
2025-09-24T17:58:52.764Z,59.3,0.6,1.533,49.6,0,60.7,0,0,0,0,0,0,0,0,3
2025-09-24T17:58:53.764Z,59.3,0.6,1.533,50.4,0,60.6,0,0,0,0,0,0,0,0,3
2025-09-24T17:58:54.769Z,59.3,0.6,1.536,49.6,0,60.6,0,0,0,0,0,0,0,0,3
2025-09-24T17:58:55.768Z,59.3,0.6,1.535,49.6,0,60.6,0,0,0,0,0,0,0,0,3
2025-09-24T17:58:56.767Z,59.3,0.6,1.535,50.4,0,60.6,0,0,0,0,0,0,0,0,3
2025-09-24T17:58:57.771Z,59.3,0.6,1.536,49.6,0,60.6,0,0,0,0,0,0,0,0,3
2025-09-24T17:58:58.770Z,59.3,0.6,1.535,49.6,0,60.6,0,0,0,0,0,0,0,0,3
2025-09-24T17:58:59.770Z,59.3,0.6,1.535,50.4,0,60.6,0,0,0,0,0,0,0,0,3
2025-09-24T17:59:00.771Z,59.4,0.6,1.535,49.6,0,60.6,0,0,0,0,0,0,0,0,3
2025-09-24T17:59:01.770Z,59.4,0.6,1.535,49.6,0,60.6,0,0,0,0,0,0,0,0,3
2025-09-24T17:59:02.774Z,59.4,0.6,1.535,50.4,0,60.6,0,0,0,0,0,0,0,0,3
2025-09-24T17:59:03.770Z,59.4,0.6,1.535,50.4,0,60.6,0,0,0,0,0,0,0,0,3
2025-09-24T17:59:04.778Z,59.4,0.6,1.535,49.6,0,60.6,0,0,0,0,0,0,0,0,3
2025-09-24T17:59:05.779Z,59.4,0.6,1.535,49.6,0,60.6,0,0,0,0,0,0,0,0,3
2025-09-24T17:59:06.781Z,59.4,0.6,1.535,49.6,0,60.6,0,0,0,0,0,0,0,0,3
2025-09-24T17:59:07.774Z,59.4,0.6,1.535,50.4,0,60.6,0,0,0,0,0,0,0,0,3
2025-09-24T17:59:08.776Z,59.4,0.6,1.535,50.4,0,60.6,0,0,0,0,0,0,0,0,3
2025-09-24T17:59:09.776Z,59.4,0.6,1.536,49.6,0,60.6,0,0,0,0,0,0,0,0,3
2025-09-24T17:59:10.777Z,59.4,0.6,1.536,50.4,0,60.6,0,0,0,0,0,0,0,0,3
2025-09-24T17:59:11.783Z,59.4,0.6,1.536,49.6,0,60.5,0,0,0,0,0,0,0,0,3
2025-09-24T17:59:12.783Z,59.4,0.6,1.536,50.4,0,60.6,0,0,0,0,0,0,0,0,3
2025-09-24T17:59:13.784Z,59.4,0.6,1.536,49.6,0,60.6,0,0,0,0,0,0,0,0,3
2025-09-24T17:59:14.785Z,59.4,0.6,1.536,49.6,0,60.5,0,0,0,0,0,0,0,0,3
2025-09-24T17:59:15.786Z,59.4,0.6,1.536,50.4,0,60.5,0,0,0,0,0,0,0,0,3
2025-09-24T17:59:16.787Z,59.4,0.6,1.536,50.4,0,60.5,0,0,0,0,0,0,0,0,3
2025-09-24T17:59:17.790Z,59.5,0.6,1.536,49.6,0,60.5,0,0,0,0,0,0,0,0,3
2025-09-24T17:59:18.786Z,59.5,0.6,1.536,50.4,0,60.5,0,0,0,0,0,0,0,0,3
2025-09-24T17:59:19.788Z,59.5,0.6,1.536,49.6,0,60.5,0,0,0,0,0,0,0,0,3
2025-09-24T17:59:20.786Z,59.5,0.6,1.536,50.4,0,60.5,0,0,0,0,0,0,0,0,3
2025-09-24T17:59:21.787Z,59.5,0.6,1.536,49.6,0,60.5,0,0,0,0,0,0,0,0,3
2025-09-24T17:59:22.791Z,59.5,0.6,1.536,49.6,0,60.5,0,0,0,0,0,0,0,0,3
2025-09-24T17:59:23.796Z,59.5,0.6,1.536,50.4,0,60.5,0,0,0,0,0,0,0,0,3
2025-09-24T17:59:24.792Z,59.5,0.6,1.535,49.6,0,60.5,0,0,0,0,0,0,0,0,3
2025-09-24T17:59:25.791Z,59.5,0.6,1.536,50.4,0,60.5,0,0,0,0,0,0,0,0,3
2025-09-24T17:59:26.793Z,59.5,0.6,1.535,49.6,0,60.5,0,0,0,0,0,0,0,0,3
2025-09-24T17:59:27.794Z,59.5,0.6,1.535,49.6,0,60.5,0,0,0,0,0,0,0,0,3
2025-09-24T17:59:28.795Z,59.5,0.6,1.536,50.4,0,60.5,0,0,0,0,0,0,0,0,3
2025-09-24T17:59:29.794Z,59.5,0.6,1.536,49.6,0,60.5,0,0,0,0,0,0,0,0,3
2025-09-24T17:59:30.797Z,59.5,0.6,1.535,49.6,0,60.5,0,0,0,0,0,0,0,0,3
2025-09-24T17:59:31.795Z,59.5,0.6,1.535,50.4,0,60.5,0,0,0,0,0,0,0,0,3
2025-09-24T17:59:32.799Z,59.6,0.6,1.535,49.6,0,60.5,0,0,0,0,0,0,0,0,3
2025-09-24T17:59:33.800Z,59.6,0.6,1.535,49.6,0,60.5,0,0,0,0,0,0,0,0,3
2025-09-24T17:59:34.804Z,59.6,0.6,1.535,50.4,0,60.5,0,0,0,0,0,0,0,0,3
2025-09-24T17:59:35.804Z,59.6,0.6,1.535,50.4,0,60.5,0,0,0,0,0,0,0,0,3
2025-09-24T17:59:36.805Z,59.6,0.6,1.535,49.6,0,60.5,0,0,0,0,0,0,0,0,3
2025-09-24T17:59:37.808Z,59.6,0.6,1.535,50.4,0,60.5,0,0,0,0,0,0,0,0,3
2025-09-24T17:59:38.807Z,59.6,0.6,1.535,49.6,0,60.5,0,0,0,0,0,0,0,0,3
2025-09-24T17:59:39.809Z,59.6,0.6,1.535,49.6,0,60.5,0,0,0,0,0,0,0,0,3
2025-09-24T17:59:40.813Z,59.6,0.6,1.533,50.4,0,60.5,0,0,0,0,0,0,0,0,3
2025-09-24T17:59:41.813Z,59.6,0.6,1.533,49.6,0,60.5,0,0,0,0,0,0,0,0,3
2025-09-24T17:59:42.814Z,59.6,0.6,1.533,49.6,0,60.5,0,0,0,0,0,0,0,0,3
2025-09-24T17:59:43.819Z,59.6,0.6,1.533,50.4,0,60.5,0,0,0,0,0,0,0,0,3
2025-09-24T17:59:44.814Z,59.6,0.6,1.533,50.4,0,60.5,0,0,0,0,0,0,0,0,3
2025-09-24T17:59:45.815Z,59.7,0.6,1.533,49.6,0,60.5,0,0,0,0,0,0,0,0,3
2025-09-24T17:59:46.818Z,59.7,0.6,1.533,50.4,0,60.5,0,0,0,0,0,0,0,0,3
2025-09-24T17:59:47.819Z,59.7,0.6,1.533,50.4,0,60.5,0,0,0,0,0,0,0,0,3
2025-09-24T17:59:48.822Z,59.7,0.6,1.533,49.6,0,60.5,0,0,0,0,0,0,0,0,3
2025-09-24T17:59:49.818Z,59.7,0.6,1.533,50.4,0,60.5,0,0,0,0,0,0,0,0,3
2025-09-24T17:59:50.823Z,59.7,0.6,1.533,49.6,0,60.5,0,0,0,0,0,0,0,0,3
2025-09-24T17:59:51.824Z,59.7,0.6,1.533,50.4,0,60.5,0,0,0,0,0,0,0,0,3
2025-09-24T17:59:52.822Z,59.7,0.6,1.533,50.4,0,60.5,0,0,0,0,0,0,0,0,3
2025-09-24T17:59:53.822Z,59.7,0.6,1.532,49.6,0,60.5,0,0,0,0,0,0,0,0,3
2025-09-24T17:59:54.826Z,59.7,0.6,1.532,49.6,0,60.5,0,0,0,0,0,0,0,0,3
2025-09-24T17:59:55.825Z,59.7,0.6,1.532,49.6,0,60.5,0,0,0,0,0,0,0,0,3
2025-09-24T17:59:56.829Z,59.8,0.6,1.532,50.4,0,60.5,0,0,0,0,0,0,0,0,3
2025-09-24T17:59:57.826Z,59.8,0.6,1.532,50.4,0,60.5,0,0,0,0,0,0,0,0,3
2025-09-24T17:59:58.828Z,59.8,0.6,1.531,49.6,0,60.5,0,0,0,0,0,0,0,0,3
2025-09-24T17:59:59.829Z,59.8,0.6,1.531,50.4,0,60.5,0,0,0,0,0,0,0,0,3
2025-09-24T18:00:00.833Z,59.8,0.6,1.531,49.6,0,60.5,0,0,0,0,0,0,0,0,3
2025-09-24T18:00:01.836Z,59.8,0.6,1.531,50.4,0,60.5,0,0,0,0,0,0,0,0,3
2025-09-24T18:00:02.834Z,59.8,0.6,1.531,50.4,0,60.5,0,0,0,0,0,0,0,0,3
2025-09-24T18:00:03.835Z,59.8,0.6,1.531,49.6,0,60.5,0,0,0,0,0,0,0,0,3
2025-09-24T18:00:04.838Z,59.8,0.6,1.531,50.4,0,60.5,0,0,0,0,0,0,0,0,3
2025-09-24T18:00:05.834Z,59.8,0.6,1.531,49.6,0,60.5,0,0,0,0,0,0,0,0,3
2025-09-24T18:00:06.841Z,59.8,0.6,1.531,50.4,0,60.5,0,0,0,0,0,0,0,0,3
2025-09-24T18:00:07.839Z,59.8,0.6,1.531,49.6,0,60.5,0,0,0,0,0,0,0,0,3
2025-09-24T18:00:08.839Z,59.9,0.6,1.531,50.4,0,60.5,0,0,0,0,0,0,0,0,3
2025-09-24T18:00:09.841Z,59.9,0.6,1.531,49.6,0,60.5,0,0,0,0,0,0,0,0,3
2025-09-24T18:00:10.843Z,59.9,0.6,1.531,49.6,0,60.5,0,0,0,0,0,0,0,0,3
2025-09-24T18:00:11.841Z,59.9,0.6,1.531,49.6,0,60.5,0,0,0,0,0,0,0,0,3
2025-09-24T18:00:12.846Z,59.9,0.6,1.531,50.4,0,60.5,0,0,0,0,0,0,0,0,3
2025-09-24T18:00:13.843Z,59.9,0.6,1.531,50.4,0,60.5,0,0,0,0,0,0,0,0,3
2025-09-24T18:00:14.845Z,59.9,0.6,1.531,49.6,0,60.5,0,0,0,0,0,0,0,0,3
2025-09-24T18:00:15.848Z,59.9,0.6,1.531,49.6,0,60.5,0,0,0,0,0,0,0,0,3
2025-09-24T18:00:16.846Z,59.9,0.6,1.531,49.6,0,60.5,0,0,0,0,0,0,0,0,3
2025-09-24T18:00:17.848Z,59.9,0.6,1.531,50.4,0,60.5,0,0,0,0,0,0,0,0,3
2025-09-24T18:00:18.854Z,59.9,0.6,1.531,50.4,0,60.5,0,0,0,0,0,0,0,0,3
2025-09-24T18:00:19.849Z,60,0.6,1.531,49.6,0,60.5,0,0,0,0,0,0,0,0,3
2025-09-24T18:00:20.854Z,60,0.6,1.531,50.4,0,60.5,0,0,0,0,0,0,0,0,3
2025-09-24T18:00:21.856Z,60,0.6,1.531,49.6,0,60.5,0,0,0,0,0,0,0,0,3
2025-09-24T18:00:22.851Z,60,0.6,1.536,50.4,0,60.5,0,0,0,0,0,0,0,0,3
2025-09-24T18:00:23.857Z,60,0.6,1.535,49.6,0,60.5,0,0,0,0,0,0,0,0,3
2025-09-24T18:00:24.855Z,60,0.6,1.535,50.4,0,60.5,0,0,0,0,0,0,0,0,3
2025-09-24T18:00:25.859Z,60,0.6,1.535,50.4,0,60.5,0,0,0,0,0,0,0,0,3
2025-09-24T18:00:26.862Z,60,0.6,1.535,49.6,0,60.5,0,0,0,0,0,0,0,0,3
2025-09-24T18:00:27.858Z,60,0.6,1.535,49.6,0,60.5,0,0,0,0,0,0,0,0,3
2025-09-24T18:00:28.859Z,60,0.6,1.535,49.6,0,60.5,0,0,0,0,0,0,0,0,3
2025-09-24T18:00:29.864Z,60.1,0.6,1.535,50.4,0,60.5,0,0,0,0,0,0,0,0,3
2025-09-24T18:00:30.866Z,60.1,0.6,1.535,49.6,0,60.5,0,0,0,0,0,0,0,0,3
2025-09-24T18:00:31.867Z,60.1,0.6,1.535,49.6,0,60.5,0,0,0,0,0,0,0,0,3
2025-09-24T18:00:32.867Z,60.1,0.6,1.535,50.4,0,60.5,0,0,0,0,0,0,0,0,3
2025-09-24T18:00:33.871Z,60.1,0.6,1.535,49.6,0,60.5,0,0,0,0,0,0,0,0,3
2025-09-24T18:00:34.870Z,60.1,0.6,1.535,49.6,0,60.6,0,0,0,0,0,0,0,0,3
2025-09-24T18:00:35.872Z,60.1,0.6,1.535,50.4,0,60.6,0,0,0,0,0,0,0,0,3
2025-09-24T18:00:36.872Z,60.1,0.6,1.535,49.6,0,60.6,0,0,0,0,0,0,0,0,3
2025-09-24T18:00:37.871Z,60.1,0.6,1.535,50.4,0,60.6,0,0,0,0,0,0,0,0,3
2025-09-24T18:00:38.871Z,60.1,0.6,1.535,49.6,0,60.6,0,0,0,0,0,0,0,0,3
2025-09-24T18:00:39.875Z,60.2,0.6,1.535,49.6,0,60.6,0,0,0,0,0,0,0,0,3
2025-09-24T18:00:40.874Z,60.2,0.6,1.535,50.4,0,60.6,0,0,0,0,0,0,0,0,4
2025-09-24T18:00:41.874Z,60.2,0.8,1.546,49.6,0,60.6,0,0,0,0,0,0,0,0,4
2025-09-24T18:00:42.878Z,60.2,0.8,1.547,49.6,0,60.5,0,0,0,0,0,0,0,0,4
2025-09-24T18:00:43.877Z,60.2,0.8,1.547,50.4,0,60.5,0,0,0,0,0,0,0,0,4
2025-09-24T18:00:44.883Z,60.2,0.8,1.547,50.4,0,60.5,0,0,0,0,0,0,0,0,4
2025-09-24T18:00:45.881Z,60.2,0.8,1.547,49.6,0,60.5,0,0,0,0,0,0,0,0,4
2025-09-24T18:00:46.881Z,60.2,0.8,1.547,50.4,0,60.5,0,0,0,0,0,0,0,0,4
2025-09-24T18:00:47.882Z,60.2,0.8,1.547,50.4,0,60.5,0,0,0,0,0,0,0,0,4
2025-09-24T18:00:48.882Z,60.2,0.8,1.547,49.6,0,60.5,0,0,0,0,0,0,0,0,4
2025-09-24T18:00:49.881Z,60.3,0.8,1.547,49.6,0,60.5,0,0,0,0,0,0,0,0,4
2025-09-24T18:00:50.882Z,60.3,0.8,1.547,49.6,0,60.5,0,0,0,0,0,0,0,0,4
2025-09-24T18:00:51.888Z,60.3,0.8,1.547,50.4,0,60.5,0,0,0,0,0,0,0,0,4
2025-09-24T18:00:52.884Z,60.3,0.8,1.547,50.4,0,60.5,0,0,0,0,0,0,0,0,4
2025-09-24T18:00:53.884Z,60.3,0.8,1.547,49.6,0,60.5,0,0,0,0,0,0,0,0,4
2025-09-24T18:00:54.888Z,60.3,0.8,1.546,50.4,0,60.5,0,0,0,0,0,0,0,0,4
2025-09-24T18:00:55.889Z,60.3,0.8,1.546,49.6,0,60.5,0,0,0,0,0,0,0,0,4
2025-09-24T18:00:56.891Z,60.3,0.8,1.546,50.4,0,60.5,0,0,0,0,0,0,0,0,4
2025-09-24T18:00:57.893Z,60.3,0.8,1.546,50.4,0,60.5,0,0,0,0,0,0,0,0,4
2025-09-24T18:00:58.892Z,60.3,0.8,1.546,49.6,0,60.5,0,0,0,0,0,0,0,0,4
2025-09-24T18:00:59.892Z,60.4,0.8,1.546,50.4,0,60.5,0,0,0,0,0,0,0,0,4
2025-09-24T18:01:00.892Z,60.4,0.8,1.547,49.6,0,60.5,0,0,0,0,0,0,0,0,4
2025-09-24T18:01:01.898Z,60.4,0.8,1.546,50.4,0,60.5,0,0,0,0,0,0,0,0,4
2025-09-24T18:01:02.898Z,60.4,0.8,1.546,49.6,0,60.5,0,0,0,0,0,0,0,0,4
2025-09-24T18:01:03.895Z,60.4,0.8,1.547,50.4,0,60.5,0,0,0,0,0,0,0,0,4
2025-09-24T18:01:04.899Z,60.4,0.8,1.547,49.6,0,60.5,0,0,0,0,0,0,0,0,4
2025-09-24T18:01:05.897Z,60.4,0.8,1.547,49.6,0,60.5,0,0,0,0,0,0,0,0,4
2025-09-24T18:01:06.898Z,60.4,0.8,1.547,50.4,0,60.5,0,0,0,0,0,0,0,0,4
2025-09-24T18:01:07.900Z,60.4,0.8,1.547,50.4,0,60.5,0,0,0,0,0,0,0,0,4
2025-09-24T18:01:08.899Z,60.4,0.8,1.547,49.6,0,60.5,0,0,0,0,0,0,0,0,4
2025-09-24T18:01:09.900Z,60.4,0.8,1.547,49.6,0,60.5,0,0,0,0,0,0,0,0,4
2025-09-24T18:01:10.907Z,60.5,0.8,1.546,49.6,0,60.5,0,0,0,0,0,0,0,0,4
2025-09-24T18:01:11.907Z,60.5,0.8,1.546,50.4,0,60.5,0,0,0,0,0,0,0,0,4
2025-09-24T18:01:12.906Z,60.5,0.8,1.547,49.6,0,60.5,0,0,0,0,0,0,0,0,4
2025-09-24T18:01:13.905Z,60.5,0.8,1.547,49.6,0,60.5,0,0,0,0,0,0,0,0,4
2025-09-24T18:01:14.906Z,60.5,0.8,1.547,50.4,0,60.5,0,0,0,0,0,0,0,0,4
2025-09-24T18:01:15.906Z,60.5,0.8,1.547,49.6,0,60.5,0,0,0,0,0,0,0,0,4
2025-09-24T18:01:16.908Z,60.5,0.8,1.547,49.6,0,60.5,0,0,0,0,0,0,0,0,4
2025-09-24T18:01:17.914Z,60.5,0.8,1.546,50.4,0,60.5,0,0,0,0,0,0,0,0,4
2025-09-24T18:01:18.912Z,60.6,0.8,1.547,49.6,0,60.6,0,0,0,0,0,0,0,0,4
2025-09-24T18:01:19.913Z,60.6,0.8,1.547,49.6,0,60.5,0,0,0,0,0,0,0,0,4
2025-09-24T18:01:20.913Z,60.6,0.8,1.547,50.4,0,60.5,0,0,0,0,0,0,0,0,4
2025-09-24T18:01:21.916Z,60.6,0.8,1.547,49.6,0,60.5,0,0,0,0,0,0,0,0,4
2025-09-24T18:01:22.914Z,60.6,0.8,1.547,49.6,0,60.5,0,0,0,0,0,0,0,0,4
2025-09-24T18:01:23.919Z,60.6,0.8,1.547,50.4,0,60.5,0,0,0,0,0,0,0,0,4
2025-09-24T18:01:24.918Z,60.6,0.8,1.547,49.6,0,60.5,0,0,0,0,0,0,0,0,4
2025-09-24T18:01:25.919Z,60.6,0.8,1.547,49.6,0,60.5,0,0,0,0,0,0,0,0,4
2025-09-24T18:01:26.921Z,60.7,0.8,1.547,50.4,0,60.5,0,0,0,0,0,0,0,0,4
2025-09-24T18:01:27.923Z,60.7,0.8,1.546,50.4,0,60.5,0,0,0,0,0,0,0,0,4
2025-09-24T18:01:28.925Z,60.7,0.8,1.547,49.6,0,60.5,0,0,0,0,0,0,0,0,4
2025-09-24T18:01:29.921Z,60.7,0.8,1.544,50.4,0,60.5,0,0,0,0,0,0,0,0,4
2025-09-24T18:01:30.924Z,60.7,0.8,1.547,50.4,0,60.5,0,0,0,0,0,0,0,0,4
2025-09-24T18:01:31.923Z,60.7,0.8,1.547,49.6,0,60.5,0,0,0,0,0,0,0,0,4
2025-09-24T18:01:32.927Z,60.7,0.8,1.544,50.4,0,60.5,0,0,0,0,0,0,0,0,4
2025-09-24T18:01:33.925Z,60.7,0.8,1.547,50.4,0,60.5,0,0,0,0,0,0,0,0,4
2025-09-24T18:01:34.932Z,60.7,0.8,1.547,49.6,0,60.5,0,0,0,0,0,0,0,0,4
2025-09-24T18:01:35.928Z,60.8,0.8,1.544,50.4,0,60.5,0,0,0,0,0,0,0,0,4
2025-09-24T18:01:36.929Z,60.8,0.8,1.544,49.6,0,60.5,0,0,0,0,0,0,0,0,4
2025-09-24T18:01:37.931Z,60.8,0.8,1.547,50.4,0,60.5,0,0,0,0,0,0,0,0,4
2025-09-24T18:01:38.929Z,60.8,0.8,1.547,49.6,0,60.5,0,0,0,0,0,0,0,0,4
2025-09-24T18:01:39.930Z,60.8,0.8,1.543,50.4,0,60.5,0,0,0,0,0,0,0,0,4
2025-09-24T18:01:40.937Z,60.8,0.8,1.544,50.4,0,60.5,0,0,0,0,0,0,0,0,4
2025-09-24T18:01:41.934Z,60.8,0.8,1.547,49.6,0,60.5,0,0,0,0,0,0,0,0,4
2025-09-24T18:01:42.931Z,60.8,0.8,1.547,50.4,0,60.5,0,0,0,0,0,0,0,0,4
2025-09-24T18:01:43.935Z,60.8,0.8,1.544,49.6,0,60.5,0,0,0,0,0,0,0,0,4
2025-09-24T18:01:44.936Z,60.8,0.8,1.544,50.4,0,60.5,0,0,0,0,0,0,0,0,4
2025-09-24T18:01:45.938Z,60.8,0.8,1.544,49.6,0,60.5,0,0,0,0,0,0,0,0,4
2025-09-24T18:01:46.937Z,60.9,0.8,1.544,49.6,0,60.5,0,0,0,0,0,0,0,0,4
2025-09-24T18:01:47.939Z,60.9,0.8,1.543,50.4,0,60.5,0,0,0,0,0,0,0,0,4
2025-09-24T18:01:48.938Z,60.9,0.8,1.543,49.6,0,60.5,0,0,0,0,0,0,0,0,4
2025-09-24T18:01:49.941Z,60.9,0.8,1.543,50.4,0,60.5,0,0,0,0,0,0,0,0,4
2025-09-24T18:01:50.943Z,60.9,0.8,1.546,49.6,0,60.5,0,0,0,0,0,0,0,0,4
2025-09-24T18:01:51.944Z,60.9,0.8,1.547,50.4,0,60.5,0,0,0,0,0,0,0,0,4
2025-09-24T18:01:52.948Z,60.9,0.8,1.547,49.6,0,60.5,0,0,0,0,0,0,0,0,4
2025-09-24T18:01:53.945Z,60.9,0.8,1.542,49.6,0,60.5,0,0,0,0,0,0,0,0,4
2025-09-24T18:01:54.948Z,60.9,0.8,1.542,50.4,0,60.4,0,0,0,0,0,0,0,0,4
2025-09-24T18:01:55.950Z,60.9,0.8,1.542,49.6,0,60.5,0,0,0,0,0,0,0,0,4
2025-09-24T18:01:56.947Z,61,0.8,1.542,49.6,0,60.5,0,0,0,0,0,0,0,0,4
2025-09-24T18:01:57.951Z,61,0.8,1.542,50.4,0,60.5,0,0,0,0,0,0,0,0,4
2025-09-24T18:01:58.952Z,61,0.8,1.542,49.6,0,60.5,0,0,0,0,0,0,0,0,4
2025-09-24T18:01:59.955Z,61,0.8,1.541,49.6,0,60.4,0,0,0,0,0,0,0,0,4
2025-09-24T18:02:00.951Z,61,0.8,1.547,50.4,0,60.4,0,0,0,0,0,0,0,0,4
2025-09-24T18:02:01.953Z,61,0.8,1.547,49.6,0,60.4,0,0,0,0,0,0,0,0,4
2025-09-24T18:02:02.957Z,61,0.8,1.543,49.6,0,60.4,0,0,0,0,0,0,0,0,4
2025-09-24T18:02:03.958Z,61,0.8,1.541,50.4,0,60.4,0,0,0,0,0,0,0,0,4
2025-09-24T18:02:04.957Z,61,0.8,1.541,49.6,0,60.4,0,0,0,0,0,0,0,0,4
2025-09-24T18:02:05.959Z,61,0.8,1.543,50.4,0,60.4,0,0,0,0,0,0,0,0,4
2025-09-24T18:02:06.959Z,61,0.8,1.544,50.4,0,60.4,0,0,0,0,0,0,0,0,4
2025-09-24T18:02:07.955Z,61,0.8,1.544,49.6,0,60.4,0,0,0,0,0,0,0,0,4
2025-09-24T18:02:08.963Z,61.1,0.8,1.546,49.6,0,60.4,0,0,0,0,0,0,0,0,4
2025-09-24T18:02:09.959Z,61.1,0.8,1.546,50.4,0,60.4,0,0,0,0,0,0,0,0,4
2025-09-24T18:02:10.963Z,61.1,0.8,1.544,49.6,0,60.4,0,0,0,0,0,0,0,0,4
2025-09-24T18:02:11.965Z,61.1,0.8,1.543,49.6,0,60.4,0,0,0,0,0,0,0,0,4
2025-09-24T18:02:12.965Z,61.1,0.8,1.541,50.4,0,60.4,0,0,0,0,0,0,0,0,4
2025-09-24T18:02:13.966Z,61.1,0.8,1.541,50.4,0,60.4,0,0,0,0,0,0,0,0,4
2025-09-24T18:02:14.968Z,61.1,0.8,1.541,49.6,0,60.4,0,0,0,0,0,0,0,0,4
2025-09-24T18:02:15.968Z,61.1,0.8,1.543,50.4,0,60.4,0,0,0,0,0,0,0,0,4
2025-09-24T18:02:16.970Z,61.1,0.8,1.544,50.4,0,60.4,0,0,0,0,0,0,0,0,4
2025-09-24T18:02:17.964Z,61.1,0.8,1.544,49.6,0,60.4,0,0,0,0,0,0,0,0,4
2025-09-24T18:02:18.968Z,61.1,0.8,1.545,49.6,0,60.4,0,0,0,0,0,0,0,0,4
2025-09-24T18:02:19.969Z,61.1,0.8,1.546,49.6,0,60.4,0,0,0,0,0,0,0,0,4
2025-09-24T18:02:20.973Z,61.2,0.8,1.544,50.4,0,60.4,0,0,0,0,0,0,0,0,4
2025-09-24T18:02:21.971Z,61.2,0.8,1.543,50.4,0,60.4,0,0,0,0,0,0,0,0,4
2025-09-24T18:02:22.973Z,61.2,0.8,1.541,49.6,0,60.4,0,0,0,0,0,0,0,0,4
2025-09-24T18:02:23.973Z,61.2,0.8,1.541,50.4,0,60.4,0,0,0,0,0,0,0,0,4
2025-09-24T18:02:24.978Z,61.2,0.8,1.541,49.6,0,60.4,0,0,0,0,0,0,0,0,4
2025-09-24T18:02:25.976Z,61.2,0.8,1.542,50.4,0,60.4,0,0,0,0,0,0,0,0,4
2025-09-24T18:02:26.976Z,61.2,0.8,1.543,49.6,0,60.4,0,0,0,0,0,0,0,0,4
2025-09-24T18:02:27.979Z,61.2,0.8,1.544,49.6,0,60.4,0,0,0,0,0,0,0,0,4
2025-09-24T18:02:28.980Z,61.2,0.8,1.545,50.4,0,60.4,0,0,0,0,0,0,0,0,4
2025-09-24T18:02:29.982Z,61.2,0.8,1.544,50.4,0,60.4,0,0,0,0,0,0,0,0,4
2025-09-24T18:02:30.982Z,61.2,0.8,1.544,49.6,0,60.4,0,0,0,0,0,0,0,0,4
2025-09-24T18:02:31.986Z,61.2,0.8,1.543,50.4,0,60.4,0,0,0,0,0,0,0,0,4
2025-09-24T18:02:32.985Z,61.2,0.8,1.541,49.6,0,60.4,0,0,0,0,0,0,0,0,4
2025-09-24T18:02:33.981Z,61.2,0.8,1.541,50.4,0,60.4,0,0,0,0,0,0,0,0,4
2025-09-24T18:02:34.990Z,61.3,0.8,1.541,49.6,0,60.4,0,0,0,0,0,0,0,0,4
2025-09-24T18:02:35.986Z,61.3,0.8,1.542,50.4,0,60.4,0,0,0,0,0,0,0,0,4
2025-09-24T18:02:36.989Z,61.3,0.8,1.544,50.4,0,60.4,0,0,0,0,0,0,0,0,4
2025-09-24T18:02:37.988Z,61.3,0.8,1.544,49.6,0,60.4,0,0,0,0,0,0,0,0,4
2025-09-24T18:02:38.988Z,61.3,0.8,1.545,49.6,0,60.4,0,0,0,0,0,0,0,0,4
2025-09-24T18:02:39.991Z,61.3,0.8,1.546,49.6,0,60.4,0,0,0,0,0,0,0,0,4
2025-09-24T18:02:40.994Z,61.3,0.8,1.543,50.4,0,60.4,0,0,0,0,0,0,0,0,4
2025-09-24T18:02:41.991Z,61.3,0.8,1.542,50.4,0,60.4,0,0,0,0,0,0,0,0,4
2025-09-24T18:02:42.992Z,61.3,0.8,1.543,49.6,0,60.4,0,0,0,0,0,0,0,0,4
2025-09-24T18:02:43.995Z,61.3,0.8,1.543,50.4,0,60.3,0,0,0,0,0,0,0,0,4
2025-09-24T18:02:44.994Z,61.3,0.8,1.543,49.6,0,60.3,0,0,0,0,0,0,0,0,4
2025-09-24T18:02:45.995Z,61.3,0.8,1.542,50.4,0,60.3,0,0,0,0,0,0,0,0,4
2025-09-24T18:02:46.993Z,61.3,0.8,1.541,49.6,0,60.3,0,0,0,0,0,0,0,0,4
2025-09-24T18:02:47.997Z,61.3,0.8,1.542,50.4,0,60.3,0,0,0,0,0,0,0,0,4
2025-09-24T18:02:48.993Z,61.3,0.8,1.541,50.4,0,60.3,0,0,0,0,0,0,0,0,4
2025-09-24T18:02:49.998Z,61.3,0.8,1.541,49.6,0,60.3,0,0,0,0,0,0,0,0,4
2025-09-24T18:02:51.001Z,61.4,0.8,1.541,49.6,0,60.3,0,0,0,0,0,0,0,0,4
2025-09-24T18:02:51.997Z,61.4,0.8,1.541,49.6,0,60.3,0,0,0,0,0,0,0,0,4
2025-09-24T18:02:53.001Z,61.4,0.8,1.541,50.4,0,60.3,0,0,0,0,0,0,0,0,4
2025-09-24T18:02:54.003Z,61.4,0.8,1.541,49.6,0,60.3,0,0,0,0,0,0,0,0,4
2025-09-24T18:02:55.007Z,61.4,0.8,1.541,49.6,0,60.3,0,0,0,0,0,0,0,0,4
2025-09-24T18:02:56.006Z,61.4,0.8,1.541,50.4,0,60.2,0,0,0,0,0,0,0,0,4
2025-09-24T18:02:57.006Z,61.4,0.8,1.541,49.6,0,60.2,0,0,0,0,0,0,0,0,4
2025-09-24T18:02:58.007Z,61.4,0.8,1.541,50.4,0,60.2,0,0,0,0,0,0,0,0,4
2025-09-24T18:02:59.009Z,61.4,0.8,1.541,50.4,0,60.2,0,0,0,0,0,0,0,0,4
2025-09-24T18:03:00.008Z,61.4,0.8,1.541,49.6,0,60.2,0,0,0,0,0,0,0,0,4
2025-09-24T18:03:01.013Z,61.4,0.8,1.541,50.4,0,60.2,0,0,0,0,0,0,0,0,4
2025-09-24T18:03:02.010Z,61.4,0.8,1.541,49.6,0,60.2,0,0,0,0,0,0,0,0,4
2025-09-24T18:03:03.013Z,61.4,0.8,1.541,50.4,0,60.2,0,0,0,0,0,0,0,0,4
2025-09-24T18:03:04.013Z,61.4,0.8,1.541,49.6,0,60.2,0,0,0,0,0,0,0,0,4
2025-09-24T18:03:05.013Z,61.4,0.8,1.541,50.4,0,60.2,0,0,0,0,0,0,0,0,4
2025-09-24T18:03:06.016Z,61.4,0.8,1.541,50.4,0,60.2,0,0,0,0,0,0,0,0,4
2025-09-24T18:03:07.012Z,61.4,0.8,1.541,49.6,0,60.2,0,0,0,0,0,0,0,0,4
2025-09-24T18:03:08.018Z,61.4,0.8,1.541,49.6,0,60.2,0,0,0,0,0,0,0,0,4
2025-09-24T18:03:09.017Z,61.4,0.8,1.541,49.6,0,60.2,0,0,0,0,0,0,0,0,4
2025-09-24T18:03:10.013Z,61.4,0.8,1.541,50.4,0,60.1,0,0,0,0,0,0,0,0,4
2025-09-24T18:03:11.017Z,61.4,0.8,1.541,50.4,0,60.1,0,0,0,0,0,0,0,0,4
2025-09-24T18:03:12.021Z,61.4,0.8,1.541,49.6,0,60.1,0,0,0,0,0,0,0,0,4
2025-09-24T18:03:13.019Z,61.4,0.8,1.541,50.4,0,60.1,0,0,0,0,0,0,0,0,4
2025-09-24T18:03:14.019Z,61.4,0.8,1.541,49.6,0,60.1,0,0,0,0,0,0,0,0,4
2025-09-24T18:03:15.020Z,61.4,0.8,1.541,50.4,0,60.1,0,0,0,0,0,0,0,0,4
2025-09-24T18:03:16.021Z,61.4,0.8,1.541,49.6,0,60.1,0,0,0,0,0,0,0,0,4
2025-09-24T18:03:17.024Z,61.5,0.8,1.541,50.4,0,60.1,0,0,0,0,0,0,0,0,4
2025-09-24T18:03:18.023Z,61.5,0.8,1.541,49.6,0,60.1,0,0,0,0,0,0,0,0,4
2025-09-24T18:03:19.025Z,61.5,0.8,1.541,50.4,0,60.1,0,0,0,0,0,0,0,0,4
2025-09-24T18:03:20.026Z,61.5,0.8,1.541,49.6,0,60.1,0,0,0,0,0,0,0,0,4
2025-09-24T18:03:21.030Z,61.5,0.8,1.542,50.4,0,60.1,0,0,0,0,0,0,0,0,4
2025-09-24T18:03:22.032Z,61.5,0.8,1.542,49.6,0,60.1,0,0,0,0,0,0,0,0,4
2025-09-24T18:03:23.029Z,61.5,0.8,1.541,50.4,0,60.1,0,0,0,0,0,0,0,0,4
2025-09-24T18:03:24.030Z,61.5,0.8,1.542,49.6,0,60.1,0,0,0,0,0,0,0,0,4
2025-09-24T18:03:25.034Z,61.5,0.8,1.543,50.4,0,60.1,0,0,0,0,0,0,0,0,4
2025-09-24T18:03:26.034Z,61.5,0.8,1.542,49.6,0,60.1,0,0,0,0,0,0,0,0,4
2025-09-24T18:03:27.034Z,61.5,0.8,1.542,50.4,0,60.1,0,0,0,0,0,0,0,0,4
2025-09-24T18:03:28.034Z,61.5,0.8,1.542,49.6,0,60.1,0,0,0,0,0,0,0,0,4
2025-09-24T18:03:29.037Z,61.5,0.8,1.542,50.4,0,60.1,0,0,0,0,0,0,0,0,4
2025-09-24T18:03:30.033Z,61.5,0.8,1.542,49.6,0,60.1,0,0,0,0,0,0,0,0,4
2025-09-24T18:03:31.032Z,61.5,0.8,1.543,50.4,0,60.1,0,0,0,0,0,0,0,0,4
2025-09-24T18:03:32.036Z,61.5,0.8,1.542,49.6,0,60.1,0,0,0,0,0,0,0,0,4
2025-09-24T18:03:33.036Z,61.5,0.8,1.543,50.4,0,60.1,0,0,0,0,0,0,0,0,4
2025-09-24T18:03:34.039Z,61.5,0.8,1.543,49.6,0,60.1,0,0,0,0,0,0,0,0,4
2025-09-24T18:03:35.040Z,61.5,0.8,1.543,49.6,0,60.1,0,0,0,0,0,0,0,0,4
2025-09-24T18:03:36.042Z,61.5,0.8,1.543,50.4,0,60.1,0,0,0,0,0,0,0,0,4
2025-09-24T18:03:37.039Z,61.5,0.8,1.544,49.6,0,60.1,0,0,0,0,0,0,0,0,4
2025-09-24T18:03:38.040Z,61.5,0.8,1.544,50.4,0,60.1,0,0,0,0,0,0,0,0,4
2025-09-24T18:03:39.043Z,61.5,0.8,1.544,49.6,0,60.1,0,0,0,0,0,0,0,0,4
2025-09-24T18:03:40.042Z,61.5,0.8,1.544,50.4,0,60.1,0,0,0,0,0,0,0,0,4
2025-09-24T18:03:41.044Z,61.5,0.8,1.544,49.6,0,60,0,0,0,0,0,0,0,0,4
2025-09-24T18:03:42.044Z,61.5,0.8,1.544,50.4,0,60,0,0,0,0,0,0,0,0,4
2025-09-24T18:03:43.041Z,61.5,0.8,1.544,49.6,0,60,0,0,0,0,0,0,0,0,4
2025-09-24T18:03:44.048Z,61.5,0.8,1.544,50.4,0,60,0,0,0,0,0,0,0,0,4
2025-09-24T18:03:45.045Z,61.5,0.8,1.544,49.6,0,60,0,0,0,0,0,0,0,0,4
2025-09-24T18:03:46.050Z,61.5,0.8,1.544,50.4,0,60,0,0,0,0,0,0,0,0,4
2025-09-24T18:03:47.054Z,61.5,0.8,1.544,49.6,0,60,0,0,0,0,0,0,0,0,4
2025-09-24T18:03:48.050Z,61.5,0.8,1.544,50.4,0,60,0,0,0,0,0,0,0,0,4
2025-09-24T18:03:49.054Z,61.5,0.8,1.545,49.6,0,60,0,0,0,0,0,0,0,0,4
2025-09-24T18:03:50.054Z,61.5,0.8,1.545,50.4,0,60,0,0,0,0,0,0,0,0,4
2025-09-24T18:03:51.058Z,61.5,0.8,1.545,49.6,0,60,0,0,0,0,0,0,0,0,4
2025-09-24T18:03:52.059Z,61.5,0.8,1.544,50.4,0,60,0,0,0,0,0,0,0,0,4
2025-09-24T18:03:53.057Z,61.5,0.8,1.545,49.6,0,60,0,0,0,0,0,0,0,0,4
2025-09-24T18:03:54.057Z,61.5,0.8,1.545,50.4,0,60,0,0,0,0,0,0,0,0,4
2025-09-24T18:03:55.056Z,61.5,0.8,1.545,49.6,0,60,0,0,0,0,0,0,0,0,4
2025-09-24T18:03:56.058Z,61.5,0.8,1.545,49.6,0,60,0,0,0,0,0,0,0,0,4
2025-09-24T18:03:57.058Z,61.5,0.8,1.545,49.6,0,60,0,0,0,0,0,0,0,0,4
2025-09-24T18:03:58.059Z,61.4,0.8,1.544,49.6,0,60,0,0,0,0,0,0,0,0,4
2025-09-24T18:03:59.063Z,61.4,0.8,1.544,50.4,0,60,0,0,0,0,0,0,0,0,4
2025-09-24T18:04:00.062Z,61.4,0.8,1.544,49.6,0,60,0,0,0,0,0,0,0,0,4
2025-09-24T18:04:01.065Z,61.4,0.8,1.544,50.4,0,60,0,0,0,0,0,0,0,0,4
2025-09-24T18:04:02.061Z,61.4,0.8,1.544,50.4,0,60,0,0,0,0,0,0,0,0,4
2025-09-24T18:04:03.064Z,61.4,0.8,1.544,49.6,0,60,0,0,0,0,0,0,0,0,4
2025-09-24T18:04:04.066Z,61.4,0.8,1.544,50.4,0,60,0,0,0,0,0,0,0,0,4
2025-09-24T18:04:05.066Z,61.4,0.8,1.544,49.6,0,60,0,0,0,0,0,0,0,0,4
2025-09-24T18:04:06.066Z,61.4,0.8,1.544,49.6,0,60,0,0,0,0,0,0,0,0,4
2025-09-24T18:04:07.073Z,61.4,0.8,1.544,49.6,0,60,0,0,0,0,0,0,0,0,4
2025-09-24T18:04:08.070Z,61.4,0.8,1.544,50.4,0,60,0,0,0,0,0,0,0,0,4
2025-09-24T18:04:09.067Z,61.4,0.8,1.544,49.6,0,60,0,0,0,0,0,0,0,0,4
2025-09-24T18:04:10.070Z,61.4,0.8,1.544,49.6,0,60,0,0,0,0,0,0,0,0,4
2025-09-24T18:04:11.070Z,61.4,0.8,1.544,50.4,0,60,0,0,0,0,0,0,0,0,4
2025-09-24T18:04:12.075Z,61.4,0.8,1.544,49.6,0,60,0,0,0,0,0,0,0,0,4
2025-09-24T18:04:13.076Z,61.4,0.8,1.544,50.4,0,60,0,0,0,0,0,0,0,0,4
2025-09-24T18:04:14.080Z,61.4,0.8,1.544,50.4,0,60,0,0,0,0,0,0,0,0,4
2025-09-24T18:04:15.077Z,61.4,0.8,1.544,49.6,0,60,0,0,0,0,0,0,0,0,4
2025-09-24T18:04:16.080Z,61.4,0.8,1.543,50.4,0,60.1,0,0,0,0,0,0,0,0,4
2025-09-24T18:04:17.077Z,61.4,0.8,1.543,49.6,0,60.1,0,0,0,0,0,0,0,0,4
2025-09-24T18:04:18.081Z,61.4,0.8,1.542,50.4,0,60,0,0,0,0,0,0,0,0,4
2025-09-24T18:04:19.080Z,61.4,0.8,1.542,49.6,0,60.1,0,0,0,0,0,0,0,0,4
2025-09-24T18:04:20.083Z,61.4,0.8,1.542,50.4,0,60.1,0,0,0,0,0,0,0,0,4
2025-09-24T18:04:21.082Z,61.4,0.8,1.542,49.6,0,60.1,0,0,0,0,0,0,0,0,4
2025-09-24T18:04:22.085Z,61.4,0.8,1.542,50.4,0,60.1,0,0,0,0,0,0,0,0,4
2025-09-24T18:04:23.085Z,61.4,0.8,1.542,49.6,0,60.1,0,0,0,0,0,0,0,0,4
2025-09-24T18:04:24.086Z,61.4,0.8,1.542,50.4,0,60.1,0,0,0,0,0,0,0,0,4
2025-09-24T18:04:25.085Z,61.4,0.8,1.542,49.6,0,60.1,0,0,0,0,0,0,0,0,4
2025-09-24T18:04:26.088Z,61.3,0.8,1.542,50.4,0,60.1,0,0,0,0,0,0,0,0,4
2025-09-24T18:04:27.086Z,61.3,0.8,1.542,49.6,0,60.1,0,0,0,0,0,0,0,0,4
2025-09-24T18:04:28.088Z,61.3,0.8,1.542,50.4,0,60.1,0,0,0,0,0,0,0,0,4
2025-09-24T18:04:29.093Z,61.3,0.8,1.541,49.6,0,60.1,0,0,0,0,0,0,0,0,4
2025-09-24T18:04:30.087Z,61.3,0.8,1.541,50.4,0,60.1,0,0,0,0,0,0,0,0,4
2025-09-24T18:04:31.092Z,61.3,0.8,1.541,49.6,0,60.1,0,0,0,0,0,0,0,0,4
2025-09-24T18:04:32.093Z,61.3,0.8,1.541,50.4,0,60.1,0,0,0,0,0,0,0,0,4
2025-09-24T18:04:33.098Z,61.3,0.8,1.541,49.6,0,60.1,0,0,0,0,0,0,0,0,4
2025-09-24T18:04:34.099Z,61.3,0.8,1.541,50.4,0,60.1,0,0,0,0,0,0,0,0,4
2025-09-24T18:04:35.093Z,61.3,0.8,1.541,49.6,0,60.1,0,0,0,0,0,0,0,0,4
2025-09-24T18:04:36.094Z,61.3,0.8,1.541,50.4,0,60.1,0,0,0,0,0,0,0,0,4
2025-09-24T18:04:37.098Z,61.3,0.8,1.541,49.6,0,60.1,0,0,0,0,0,0,0,0,4
2025-09-24T18:04:38.099Z,61.3,0.8,1.541,49.6,0,60.1,0,0,0,0,0,0,0,0,4
2025-09-24T18:04:39.101Z,61.3,0.8,1.541,50.4,0,60.1,0,0,0,0,0,0,0,0,4
2025-09-24T18:04:40.099Z,61.3,0.8,1.541,49.6,0,60.1,0,0,0,0,0,0,0,0,4
2025-09-24T18:04:41.099Z,61.3,0.8,1.541,50.4,0,60.1,0,0,0,0,0,0,0,0,4
2025-09-24T18:04:42.100Z,61.3,0.8,1.541,49.6,0,60.1,0,0,0,0,0,0,0,0,4
2025-09-24T18:04:43.104Z,61.2,0.8,1.541,49.6,0,60.1,0,0,0,0,0,0,0,0,4
2025-09-24T18:04:44.105Z,61.2,0.8,1.541,49.6,0,60,0,0,0,0,0,0,0,0,4
2025-09-24T18:04:45.107Z,61.2,0.8,1.541,50.4,0,60,0,0,0,0,0,0,0,0,4
2025-09-24T18:04:46.107Z,61.2,0.8,1.541,49.6,0,60,0,0,0,0,0,0,0,0,4
2025-09-24T18:04:47.106Z,61.2,0.8,1.541,50.4,0,60,0,0,0,0,0,0,0,0,4
2025-09-24T18:04:48.107Z,61.2,0.8,1.541,49.6,0,60,0,0,0,0,0,0,0,0,4
2025-09-24T18:04:49.107Z,61.2,0.8,1.541,49.6,0,60,0,0,0,0,0,0,0,0,4
2025-09-24T18:04:50.110Z,61.2,0.8,1.541,50.4,0,60,0,0,0,0,0,0,0,0,4
2025-09-24T18:04:51.113Z,61.2,0.8,1.541,50.4,0,60,0,0,0,0,0,0,0,0,4
2025-09-24T18:04:52.113Z,61.2,0.8,1.541,49.6,0,60,0,0,0,0,0,0,0,0,4
2025-09-24T18:04:53.111Z,61.2,0.8,1.541,50.4,0,60,0,0,0,0,0,0,0,0,4
2025-09-24T18:04:54.112Z,61.2,0.8,1.541,49.6,0,60,0,0,0,0,0,0,0,0,4
2025-09-24T18:04:55.115Z,61.2,0.8,1.541,50.4,0,60,0,0,0,0,0,0,0,0,4
2025-09-24T18:04:56.114Z,61.2,0.8,1.541,49.6,0,60,0,0,0,0,0,0,0,0,4
2025-09-24T18:04:57.116Z,61.2,0.8,1.542,50.4,0,60,0,0,0,0,0,0,0,0,4
2025-09-24T18:04:58.120Z,61.2,0.8,1.542,49.6,0,60,0,0,0,0,0,0,0,0,4
2025-09-24T18:04:59.122Z,61.1,0.8,1.542,50.4,0,60,0,0,0,0,0,0,0,0,4
2025-09-24T18:05:00.119Z,61.1,0.8,1.542,49.6,0,60,0,0,0,0,0,0,0,0,4
2025-09-24T18:05:01.120Z,61.1,0.8,1.542,49.6,0,60,0,0,0,0,0,0,0,0,4
2025-09-24T18:05:02.125Z,61.1,0.8,1.542,50.4,0,60,0,0,0,0,0,0,0,0,4
2025-09-24T18:05:03.123Z,61.1,0.8,1.542,49.6,0,60,0,0,0,0,0,0,0,0,4
2025-09-24T18:05:04.120Z,61.1,0.8,1.542,50.4,0,60,0,0,0,0,0,0,0,0,4
2025-09-24T18:05:05.122Z,61.1,0.8,1.543,49.6,0,60,0,0,0,0,0,0,0,0,4
2025-09-24T18:05:06.127Z,61.1,0.8,1.543,50.4,0,60,0,0,0,0,0,0,0,0,4
2025-09-24T18:05:07.126Z,61.1,0.8,1.543,49.6,0,60,0,0,0,0,0,0,0,0,4
2025-09-24T18:05:08.127Z,61.1,0.8,1.544,50.4,0,60,0,0,0,0,0,0,0,0,4
2025-09-24T18:05:09.123Z,61.1,0.8,1.544,49.6,0,60,0,0,0,0,0,0,0,0,4
2025-09-24T18:05:10.127Z,61.1,0.8,1.544,50.4,0,60,0,0,0,0,0,0,0,0,4
2025-09-24T18:05:11.127Z,61.1,0.8,1.544,50.4,0,60,0,0,0,0,0,0,0,0,4
2025-09-24T18:05:12.129Z,61.1,0.8,1.544,49.6,0,60,0,0,0,0,0,0,0,0,4
2025-09-24T18:05:13.131Z,61.1,0.8,1.544,49.6,0,60,0,0,0,0,0,0,0,0,4
2025-09-24T18:05:14.132Z,61,0.8,1.544,49.6,0,60,0,0,0,0,0,0,0,0,4
2025-09-24T18:05:15.133Z,61,0.8,1.544,50.4,0,60,0,0,0,0,0,0,0,0,4
2025-09-24T18:05:16.137Z,61,0.8,1.544,49.6,0,60,0,0,0,0,0,0,0,0,4
2025-09-24T18:05:17.138Z,61,0.8,1.544,50.4,0,60,0,0,0,0,0,0,0,0,4
2025-09-24T18:05:18.135Z,61,0.8,1.545,49.6,0,60,0,0,0,0,0,0,0,0,4
2025-09-24T18:05:19.138Z,61,0.8,1.545,49.6,0,60,0,0,0,0,0,0,0,0,4
2025-09-24T18:05:20.137Z,61,0.8,1.545,50.4,0,60,0,0,0,0,0,0,0,0,4
2025-09-24T18:05:21.140Z,61,0.8,1.546,49.6,0,60,0,0,0,0,0,0,0,0,4
2025-09-24T18:05:22.138Z,61,0.8,1.546,50.4,0,60,0,0,0,0,0,0,0,0,4
2025-09-24T18:05:23.141Z,61,0.8,1.546,50.4,0,60,0,0,0,0,0,0,0,0,4
2025-09-24T18:05:24.141Z,61,0.8,1.546,49.6,0,60,0,0,0,0,0,0,0,0,4
2025-09-24T18:05:25.141Z,61,0.8,1.546,50.4,0,60,0,0,0,0,0,0,0,0,4
2025-09-24T18:05:26.144Z,60.9,0.8,1.546,49.6,0,60,0,0,0,0,0,0,0,0,4
2025-09-24T18:05:27.148Z,60.9,0.8,1.546,50.4,0,60,0,0,0,0,0,0,0,0,4
2025-09-24T18:05:28.147Z,60.9,0.8,1.546,49.6,0,59.9,0,0,0,0,0,0,0,0,4
2025-09-24T18:05:29.145Z,60.9,0.8,1.546,50.4,0,59.9,0,0,0,0,0,0,0,0,4
2025-09-24T18:05:30.147Z,60.9,0.8,1.546,49.6,0,60,0,0,0,0,0,0,0,0,4
2025-09-24T18:05:31.149Z,60.9,0.8,1.546,50.4,0,59.9,0,0,0,0,0,0,0,0,4
2025-09-24T18:05:32.145Z,60.9,0.8,1.546,49.6,0,59.9,0,0,0,0,0,0,0,0,4
2025-09-24T18:05:33.148Z,60.9,0.8,1.546,50.4,0,59.9,0,0,0,0,0,0,0,0,4
2025-09-24T18:05:34.150Z,60.9,0.8,1.546,49.6,0,59.9,0,0,0,0,0,0,0,0,4
2025-09-24T18:05:35.150Z,60.9,0.8,1.546,49.6,0,59.9,0,0,0,0,0,0,0,0,4
2025-09-24T18:05:36.151Z,60.9,0.8,1.546,50.4,0,59.9,0,0,0,0,0,0,0,0,4
2025-09-24T18:05:37.154Z,60.9,0.8,1.546,49.6,0,59.9,0,0,0,0,0,0,0,0,4
2025-09-24T18:05:38.150Z,60.9,0.8,1.547,50.4,0,59.9,0,0,0,0,0,0,0,0,4
2025-09-24T18:05:39.154Z,60.9,0.8,1.546,49.6,0,59.9,0,0,0,0,0,0,0,0,4
2025-09-24T18:05:40.155Z,60.8,0.8,1.546,50.4,0,59.9,0,0,0,0,0,0,0,0,4
2025-09-24T18:05:41.159Z,60.8,0.8,1.546,49.6,0,59.9,0,0,0,0,0,0,0,0,4
2025-09-24T18:05:42.158Z,60.8,0.8,1.546,50.4,0,59.9,0,0,0,0,0,0,0,0,4
2025-09-24T18:05:43.160Z,60.8,0.8,1.546,49.6,0,59.9,0,0,0,0,0,0,0,0,4
2025-09-24T18:05:44.159Z,60.8,0.8,1.546,49.6,0,59.9,0,0,0,0,0,0,0,0,4
2025-09-24T18:05:45.158Z,60.8,0.8,1.546,49.6,0,59.9,0,0,0,0,0,0,0,0,4
2025-09-24T18:05:46.158Z,60.8,0.8,1.546,50.4,0,59.9,0,0,0,0,0,0,0,0,4
2025-09-24T18:05:47.160Z,60.8,0.8,1.546,49.6,0,59.9,0,0,0,0,0,0,0,0,4
2025-09-24T18:05:48.162Z,60.8,0.8,1.546,49.6,0,59.9,0,0,0,0,0,0,0,0,4
2025-09-24T18:05:49.163Z,60.8,0.8,1.546,50.4,0,59.9,0,0,0,0,0,0,0,0,4
2025-09-24T18:05:50.164Z,60.8,0.8,1.546,49.6,0,59.9,0,0,0,0,0,0,0,0,4
2025-09-24T18:05:51.166Z,60.7,0.8,1.546,49.6,0,59.9,0,0,0,0,0,0,0,0,4
2025-09-24T18:05:52.165Z,60.7,0.8,1.546,50.4,0,59.9,0,0,0,0,0,0,0,0,4
2025-09-24T18:05:53.170Z,60.7,0.8,1.545,50.4,0,59.9,0,0,0,0,0,0,0,0,4
2025-09-24T18:05:54.169Z,60.7,0.8,1.545,49.6,0,59.9,0,0,0,0,0,0,0,0,4
2025-09-24T18:05:55.171Z,60.7,0.8,1.545,50.4,0,59.9,0,0,0,0,0,0,0,0,4
2025-09-24T18:05:56.173Z,60.7,0.8,1.544,49.6,0,59.9,0,0,0,0,0,0,0,0,4
2025-09-24T18:05:57.173Z,60.7,0.8,1.544,50.4,0,59.9,0,0,0,0,0,0,0,0,4
2025-09-24T18:05:58.175Z,60.7,0.8,1.544,49.6,0,59.9,0,0,0,0,0,0,0,0,4
2025-09-24T18:05:59.178Z,60.7,0.8,1.544,50.4,0,59.9,0,0,0,0,0,0,0,0,4
2025-09-24T18:06:00.180Z,60.7,0.8,1.544,49.6,0,59.9,0,0,0,0,0,0,0,0,4
2025-09-24T18:06:01.179Z,60.7,0.8,1.544,49.6,0,59.9,0,0,0,0,0,0,0,0,4
2025-09-24T18:06:02.176Z,60.7,0.8,1.544,50.4,0,59.9,0,0,0,0,0,0,0,0,4
2025-09-24T18:06:03.182Z,60.7,0.8,1.544,49.6,0,59.9,0,0,0,0,0,0,0,0,4
2025-09-24T18:06:04.176Z,60.6,0.8,1.544,49.6,0,59.9,0,0,0,0,0,0,0,0,4
2025-09-24T18:06:05.179Z,60.6,0.8,1.544,50.4,0,59.9,0,0,0,0,0,0,0,0,4
2025-09-24T18:06:06.181Z,60.6,0.8,1.544,50.4,0,59.9,0,0,0,0,0,0,0,0,4
2025-09-24T18:06:07.184Z,60.6,0.8,1.543,49.6,0,59.9,0,0,0,0,0,0,0,0,4
2025-09-24T18:06:08.188Z,60.6,0.8,1.543,50.4,0,59.9,0,0,0,0,0,0,0,0,4
2025-09-24T18:06:09.187Z,60.6,0.8,1.543,49.6,0,59.9,0,0,0,0,0,0,0,0,4
2025-09-24T18:06:10.187Z,60.6,0.8,1.542,50.4,0,59.9,0,0,0,0,0,0,0,0,4
2025-09-24T18:06:11.185Z,60.6,0.8,1.542,49.6,0,59.9,0,0,0,0,0,0,0,0,4
2025-09-24T18:06:12.188Z,60.6,0.8,1.542,50.4,0,59.9,0,0,0,0,0,0,0,0,4
2025-09-24T18:06:13.191Z,60.6,0.8,1.542,49.6,0,59.9,0,0,0,0,0,0,0,0,4
2025-09-24T18:06:14.190Z,60.6,0.8,1.542,50.4,0,59.9,0,0,0,0,0,0,0,0,4
2025-09-24T18:06:15.192Z,60.6,0.8,1.542,49.6,0,59.9,0,0,0,0,0,0,0,0,4
2025-09-24T18:06:16.189Z,60.5,0.8,1.542,49.6,0,59.9,0,0,0,0,0,0,0,0,4
2025-09-24T18:06:17.193Z,60.5,0.8,1.542,50.4,0,59.9,0,0,0,0,0,0,0,0,4
2025-09-24T18:06:18.196Z,60.5,0.8,1.542,49.6,0,59.9,0,0,0,0,0,0,0,0,4
2025-09-24T18:06:19.196Z,60.5,0.8,1.542,50.4,0,59.9,0,0,0,0,0,0,0,0,4
2025-09-24T18:06:20.200Z,60.5,0.8,1.542,49.6,0,59.9,0,0,0,0,0,0,0,0,4
2025-09-24T18:06:21.198Z,60.5,0.8,1.542,49.6,0,59.9,0,0,0,0,0,0,0,0,4
2025-09-24T18:06:22.199Z,60.5,0.8,1.542,50.4,0,59.9,0,0,0,0,0,0,0,0,4
2025-09-24T18:06:23.200Z,60.5,0.8,1.542,49.6,0,59.9,0,0,0,0,0,0,0,0,4
2025-09-24T18:06:24.203Z,60.5,0.8,1.542,50.4,0,59.9,0,0,0,0,0,0,0,0,4
2025-09-24T18:06:25.201Z,60.5,0.8,1.542,50.4,0,59.9,0,0,0,0,0,0,0,0,4
2025-09-24T18:06:26.203Z,60.5,0.8,1.542,49.6,0,59.9,0,0,0,0,0,0,0,0,4
2025-09-24T18:06:27.207Z,60.5,0.8,1.542,50.4,0,59.9,0,0,0,0,0,0,0,0,4
2025-09-24T18:06:28.209Z,60.4,0.8,1.542,49.6,0,59.9,0,0,0,0,0,0,0,0,4
2025-09-24T18:06:29.209Z,60.4,0.8,1.542,50.4,0,59.9,0,0,0,0,0,0,0,0,4
2025-09-24T18:06:30.211Z,60.4,0.8,1.542,49.6,0,59.9,0,0,0,0,0,0,0,0,4
2025-09-24T18:06:31.209Z,60.4,0.8,1.542,50.4,0,59.9,0,0,0,0,0,0,0,0,4
2025-09-24T18:06:32.214Z,60.4,0.8,1.542,49.6,0,59.8,0,0,0,0,0,0,0,0,4
2025-09-24T18:06:33.218Z,60.4,0.8,1.543,49.6,0,59.8,0,0,0,0,0,0,0,0,4
2025-09-24T18:06:34.217Z,60.4,0.8,1.542,50.4,0,59.9,0,0,0,0,0,0,0,0,4
2025-09-24T18:06:35.210Z,60.4,0.8,1.543,49.6,0,59.8,0,0,0,0,0,0,0,0,4
2025-09-24T18:06:36.221Z,60.4,0.8,1.544,49.6,0,59.9,0,0,0,0,0,0,0,0,4
2025-09-24T18:06:37.219Z,60.4,0.8,1.544,50.4,0,59.8,0,0,0,0,0,0,0,0,4
2025-09-24T18:06:38.218Z,60.4,0.8,1.543,49.6,0,59.8,0,0,0,0,0,0,0,0,4
2025-09-24T18:06:39.222Z,60.4,0.8,1.544,49.6,0,59.8,0,0,0,0,0,0,0,0,4
2025-09-24T18:06:40.216Z,60.4,0.8,1.544,50.4,0,59.8,0,0,0,0,0,0,0,0,4
2025-09-24T18:06:41.221Z,60.3,0.8,1.544,50.4,0,59.9,0,0,0,0,0,0,0,0,4
2025-09-24T18:06:42.224Z,60.3,0.8,1.544,49.6,0,59.9,0,0,0,0,0,0,0,0,4
2025-09-24T18:06:43.221Z,60.3,0.8,1.544,50.4,0,59.9,0,0,0,0,0,0,0,0,4
2025-09-24T18:06:44.223Z,60.3,0.8,1.544,49.6,0,59.9,0,0,0,0,0,0,0,0,4
2025-09-24T18:06:45.220Z,60.3,0.8,1.544,50.4,0,59.9,0,0,0,0,0,0,0,0,4
2025-09-24T18:06:46.225Z,60.3,0.8,1.544,49.6,0,59.9,0,0,0,0,0,0,0,0,4
2025-09-24T18:06:47.222Z,60.3,0.8,1.545,50.4,0,59.9,0,0,0,0,0,0,0,0,4
2025-09-24T18:06:48.227Z,60.3,0.8,1.545,49.6,0,59.9,0,0,0,0,0,0,0,0,4
2025-09-24T18:06:49.226Z,60.3,0.8,1.546,49.6,0,59.9,0,0,0,0,0,0,0,0,4
2025-09-24T18:06:50.230Z,60.3,0.8,1.546,50.4,0,59.9,0,0,0,0,0,0,0,0,4
2025-09-24T18:06:51.227Z,60.3,0.8,1.546,49.6,0,59.9,0,0,0,0,0,0,0,0,4
2025-09-24T18:06:52.227Z,60.3,0.8,1.546,49.6,0,59.9,0,0,0,0,0,0,0,0,4
2025-09-24T18:06:53.230Z,60.3,0.8,1.546,50.4,0,59.9,0,0,0,0,0,0,0,0,4
2025-09-24T18:06:54.235Z,60.2,0.8,1.546,49.6,0,59.9,0,0,0,0,0,0,0,0,4
2025-09-24T18:06:55.232Z,60.2,0.8,1.546,50.4,0,59.9,0,0,0,0,0,0,0,0,4
2025-09-24T18:06:56.236Z,60.2,0.8,1.546,50.4,0,59.9,0,0,0,0,0,0,0,0,4
2025-09-24T18:06:57.234Z,60.2,0.8,1.546,49.6,0,59.9,0,0,0,0,0,0,0,0,4
2025-09-24T18:06:58.236Z,60.2,0.8,1.547,50.4,0,59.9,0,0,0,0,0,0,0,0,4
2025-09-24T18:06:59.237Z,60.2,0.8,1.547,49.6,0,59.9,0,0,0,0,0,0,0,0,4
2025-09-24T18:07:00.238Z,60.2,0.8,1.547,50.4,0,59.9,0,0,0,0,0,0,0,0,4
2025-09-24T18:07:01.240Z,60.2,0.8,1.547,49.6,0,59.9,0,0,0,0,0,0,0,0,4
2025-09-24T18:07:02.244Z,60.2,0.8,1.547,50.4,0,59.9,0,0,0,0,0,0,0,0,4
2025-09-24T18:07:03.240Z,60.2,0.8,1.547,50.4,0,59.9,0,0,0,0,0,0,0,0,4
2025-09-24T18:07:04.243Z,60.2,0.8,1.547,49.6,0,59.9,0,0,0,0,0,0,0,0,4
2025-09-24T18:07:05.245Z,60.2,0.8,1.547,50.4,0,59.9,0,0,0,0,0,0,0,0,4
2025-09-24T18:07:06.246Z,60.2,0.8,1.547,49.6,0,59.9,0,0,0,0,0,0,0,0,4
2025-09-24T18:07:07.250Z,60.1,0.8,1.548,50.4,0,59.9,0,0,0,0,0,0,0,0,4
2025-09-24T18:07:08.245Z,60.1,0.8,1.547,49.6,0,59.9,0,0,0,0,0,0,0,0,4
2025-09-24T18:07:09.247Z,60.1,0.8,1.547,50.4,0,59.9,0,0,0,0,0,0,0,0,4
2025-09-24T18:07:10.252Z,60.1,0.8,1.548,49.6,0,59.9,0,0,0,0,0,0,0,0,4
2025-09-24T18:07:11.249Z,60.1,0.8,1.547,50.4,0,59.9,0,0,0,0,0,0,0,0,4
2025-09-24T18:07:12.250Z,60.1,0.8,1.547,49.6,0,59.9,0,0,0,0,0,0,0,0,4
2025-09-24T18:07:13.250Z,60.1,0.8,1.547,50.4,0,59.9,0,0,0,0,0,0,0,0,4
2025-09-24T18:07:14.252Z,60.1,0.8,1.547,49.6,0,59.9,0,0,0,0,0,0,0,0,4
2025-09-24T18:07:15.252Z,60.1,0.8,1.547,50.4,0,59.9,0,0,0,0,0,0,0,0,4
2025-09-24T18:07:16.250Z,60.1,0.8,1.547,49.6,0,59.9,0,0,0,0,0,0,0,0,4
2025-09-24T18:07:17.252Z,60.1,0.8,1.547,50.4,0,59.9,0,0,0,0,0,0,0,0,4
2025-09-24T18:07:18.253Z,60.1,0.8,1.547,49.6,0,59.9,0,0,0,0,0,0,0,0,4
2025-09-24T18:07:19.254Z,60.1,0.8,1.547,50.4,0,59.9,0,0,0,0,0,0,0,0,4
2025-09-24T18:07:20.255Z,60,0.8,1.547,49.6,0,59.9,0,0,0,0,0,0,0,0,4
2025-09-24T18:07:21.258Z,60,0.8,1.547,50.4,0,59.9,0,0,0,0,0,0,0,0,4
2025-09-24T18:07:22.257Z,60,0.8,1.547,49.6,0,59.9,0,0,0,0,0,0,0,0,4
2025-09-24T18:07:23.258Z,60,0.8,1.547,50.4,0,59.9,0,0,0,0,0,0,0,0,4
2025-09-24T18:07:24.259Z,60,0.8,1.547,49.6,0,59.9,0,0,0,0,0,0,0,0,4
2025-09-24T18:07:25.262Z,60,0.8,1.547,50.4,0,59.9,0,0,0,0,0,0,0,0,4
2025-09-24T18:07:26.265Z,60,0.8,1.547,49.6,0,59.9,0,0,0,0,0,0,0,0,4
2025-09-24T18:07:27.263Z,60,0.8,1.547,50.4,0,59.9,0,0,0,0,0,0,0,0,4
2025-09-24T18:07:28.267Z,60,0.8,1.547,49.6,0,59.9,0,0,0,0,0,0,0,0,4
2025-09-24T18:07:29.265Z,60,0.8,1.547,50.4,0,59.9,0,0,0,0,0,0,0,0,4
2025-09-24T18:07:30.266Z,60,0.8,1.547,49.6,0,59.9,0,0,0,0,0,0,0,0,4
2025-09-24T18:07:31.269Z,60,0.8,1.547,49.6,0,59.9,0,0,0,0,0,0,0,0,4
2025-09-24T18:07:32.272Z,60,0.8,1.547,49.6,0,59.9,0,0,0,0,0,0,0,0,4
2025-09-24T18:07:33.273Z,59.9,0.8,1.547,50.4,0,59.9,0,0,0,0,0,0,0,0,4
2025-09-24T18:07:34.270Z,59.9,0.8,1.547,49.6,0,59.9,0,0,0,0,0,0,0,0,4
2025-09-24T18:07:35.271Z,59.9,0.8,1.546,50.4,0,59.9,0,0,0,0,0,0,0,0,4
2025-09-24T18:07:36.275Z,59.9,0.8,1.546,49.6,0,60,0,0,0,0,0,0,0,0,4
2025-09-24T18:07:37.274Z,59.9,0.8,1.546,50.4,0,59.9,0,0,0,0,0,0,0,0,4
2025-09-24T18:07:38.273Z,59.9,0.8,1.546,49.6,0,60,0,0,0,0,0,0,0,0,4
2025-09-24T18:07:39.274Z,59.9,0.8,1.546,50.4,0,60,0,0,0,0,0,0,0,0,4
2025-09-24T18:07:40.276Z,59.9,0.8,1.547,49.6,0,60,0,0,0,0,0,0,0,0,4
2025-09-24T18:07:41.277Z,59.9,0.8,1.546,50.4,0,60,0,0,0,0,0,0,0,0,4
2025-09-24T18:07:42.276Z,59.9,0.8,1.546,49.6,0,60,0,0,0,0,0,0,0,0,4
2025-09-24T18:07:43.278Z,59.9,0.8,1.546,50.4,0,60,0,0,0,0,0,0,0,0,4
2025-09-24T18:07:44.282Z,59.9,0.8,1.547,49.6,0,60,0,0,0,0,0,0,0,0,4
2025-09-24T18:07:45.280Z,59.9,0.8,1.546,50.4,0,60,0,0,0,0,0,0,0,0,4
2025-09-24T18:07:46.281Z,59.9,0.8,1.545,49.6,0,60,0,0,0,0,0,0,0,0,4
2025-09-24T18:07:47.282Z,59.8,0.8,1.545,50.4,0,60,0,0,0,0,0,0,0,0,4
2025-09-24T18:07:48.289Z,59.8,0.8,1.544,49.6,0,60,0,0,0,0,0,0,0,0,4
2025-09-24T18:07:49.288Z,59.8,0.8,1.544,50.4,0,60,0,0,0,0,0,0,0,0,4
2025-09-24T18:07:50.284Z,59.8,0.8,1.544,49.6,0,60,0,0,0,0,0,0,0,0,4
2025-09-24T18:07:51.290Z,59.8,0.8,1.544,50.4,0,60,0,0,0,0,0,0,0,0,4
2025-09-24T18:07:52.291Z,59.8,0.8,1.544,49.6,0,60,0,0,0,0,0,0,0,0,4
2025-09-24T18:07:53.288Z,59.8,0.8,1.544,50.4,0,60,0,0,0,0,0,0,0,0,4
2025-09-24T18:07:54.289Z,59.8,0.8,1.544,49.6,0,60,0,0,0,0,0,0,0,0,4
2025-09-24T18:07:55.287Z,59.8,0.8,1.544,49.6,0,60,0,0,0,0,0,0,0,0,4
2025-09-24T18:07:56.290Z,59.8,0.8,1.544,50.4,0,60,0,0,0,0,0,0,0,0,4
2025-09-24T18:07:57.290Z,59.8,0.8,1.544,49.6,0,60,0,0,0,0,0,0,0,0,4
2025-09-24T18:07:58.297Z,59.8,0.8,1.544,50.4,0,60,0,0,0,0,0,0,0,0,4
2025-09-24T18:07:59.292Z,59.8,0.8,1.544,49.6,0,60,0,0,0,0,0,0,0,0,4
2025-09-24T18:08:00.293Z,59.8,0.8,1.544,50.4,0,60,0,0,0,0,0,0,0,0,4
2025-09-24T18:08:01.296Z,59.7,0.8,1.544,49.6,0,60,0,0,0,0,0,0,0,0,4
2025-09-24T18:08:02.296Z,59.7,0.8,1.544,50.4,0,60,0,0,0,0,0,0,0,0,4
2025-09-24T18:08:03.301Z,59.7,0.8,1.544,49.6,0,60,0,0,0,0,0,0,0,0,4
2025-09-24T18:08:04.297Z,59.7,0.8,1.544,50.4,0,60,0,0,0,0,0,0,0,0,4
2025-09-24T18:08:05.300Z,59.7,0.8,1.544,49.6,0,60,0,0,0,0,0,0,0,0,4
2025-09-24T18:08:06.302Z,59.7,0.8,1.544,50.4,0,60,0,0,0,0,0,0,0,0,4
2025-09-24T18:08:07.302Z,59.7,0.8,1.544,49.6,0,60,0,0,0,0,0,0,0,0,4
2025-09-24T18:08:08.300Z,59.7,0.8,1.544,50.4,0,60,0,0,0,0,0,0,0,0,4
2025-09-24T18:08:09.300Z,59.7,0.8,1.544,49.6,0,60,0,0,0,0,0,0,0,0,4
2025-09-24T18:08:10.304Z,59.7,0.8,1.544,50.4,0,60,0,0,0,0,0,0,0,0,4
2025-09-24T18:08:11.307Z,59.7,0.8,1.544,49.6,0,60,0,0,0,0,0,0,0,0,4
2025-09-24T18:08:12.308Z,59.7,0.8,1.544,50.4,0,60,0,0,0,0,0,0,0,0,4
2025-09-24T18:08:13.307Z,59.7,0.8,1.544,49.6,0,60,0,0,0,0,0,0,0,0,4
2025-09-24T18:08:14.306Z,59.7,0.8,1.544,50.4,0,60,0,0,0,0,0,0,0,0,4
2025-09-24T18:08:15.310Z,59.6,0.8,1.546,49.6,0,60,0,0,0,0,0,0,0,0,4
2025-09-24T18:08:16.314Z,59.6,0.8,1.546,50.4,0,60,0,0,0,0,0,0,0,0,4
2025-09-24T18:08:17.316Z,59.6,0.8,1.549,49.6,0,60,0,0,0,0,0,0,0,0,4
2025-09-24T18:08:18.314Z,59.6,0.8,1.55,50.4,0,60,0,0,0,0,0,0,0,0,4
2025-09-24T18:08:19.314Z,59.6,0.8,1.549,49.6,0,60,0,0,0,0,0,0,0,0,4
2025-09-24T18:08:20.313Z,59.6,0.8,1.549,50.4,0,60,0,0,0,0,0,0,0,0,4
2025-09-24T18:08:21.321Z,59.6,0.8,1.55,49.6,0,60,0,0,0,0,0,0,0,0,4
2025-09-24T18:08:22.317Z,59.6,0.8,1.55,50.4,0,60,0,0,0,0,0,0,0,0,4
2025-09-24T18:08:23.316Z,59.6,0.8,1.549,49.6,0,60,0,0,0,0,0,0,0,0,4
2025-09-24T18:08:24.318Z,59.6,0.8,1.55,49.6,0,60,0,0,0,0,0,0,0,0,4
2025-09-24T18:08:25.316Z,59.6,0.8,1.549,50.4,0,60,0,0,0,0,0,0,0,0,4
2025-09-24T18:08:26.314Z,59.6,0.8,1.549,49.6,0,60,0,0,0,0,0,0,0,0,4
2025-09-24T18:08:27.318Z,59.6,0.8,1.549,50.4,0,60,0,0,0,0,0,0,0,0,4
2025-09-24T18:08:28.317Z,59.6,0.8,1.548,49.6,0,60,0,0,0,0,0,0,0,0,4
2025-09-24T18:08:29.320Z,59.6,0.8,1.549,50.4,0,60,0,0,0,0,0,0,0,0,4
2025-09-24T18:08:30.324Z,59.6,0.8,1.55,49.6,0,60,0,0,0,0,0,0,0,0,4
2025-09-24T18:08:31.322Z,59.6,0.8,1.549,50.4,0,60,0,0,0,0,0,0,0,0,4
2025-09-24T18:08:32.328Z,59.5,0.8,1.55,49.6,0,60,0,0,0,0,0,0,0,0,4
2025-09-24T18:08:33.326Z,59.5,0.8,1.55,50.4,0,60,0,0,0,0,0,0,0,0,4
2025-09-24T18:08:34.332Z,59.5,0.8,1.55,49.6,0,60,0,0,0,0,0,0,0,0,5
2025-09-24T18:08:35.330Z,59.5,0.8,1.55,50.4,0,60,0,0,0,0,0,0,0,0,5
2025-09-24T18:08:36.326Z,59.5,1,1.558,49.6,0,60,0,0,0,0,0,0,0,0,5
2025-09-24T18:08:37.329Z,59.5,1,1.558,50.4,0,60,0,0,0,0,0,0,0,0,5
2025-09-24T18:08:38.330Z,59.5,1,1.558,49.6,0,60,0,0,0,0,0,0,0,0,5
2025-09-24T18:08:39.329Z,59.5,1,1.558,50.4,0,60,0,0,0,0,0,0,0,0,5
2025-09-24T18:08:40.331Z,59.5,1,1.558,49.6,0,60,0,0,0,0,0,0,0,0,5
2025-09-24T18:08:41.330Z,59.5,1,1.558,50.4,0,60,0,0,0,0,0,0,0,0,5
2025-09-24T18:08:42.334Z,59.5,1,1.558,49.6,0,60,0,0,0,0,0,0,0,0,5
2025-09-24T18:08:43.337Z,59.5,1,1.558,50.4,0,60,0,0,0,0,0,0,0,0,5
2025-09-24T18:08:44.337Z,59.5,1,1.558,49.6,0,60,0,0,0,0,0,0,0,0,5
2025-09-24T18:08:45.335Z,59.4,1,1.558,50.4,0,60,0,0,0,0,0,0,0,0,5
2025-09-24T18:08:46.337Z,59.4,1,1.558,49.6,0,60,0,0,0,0,0,0,0,0,5
2025-09-24T18:08:47.340Z,59.4,1,1.558,50.4,0,60,0,0,0,0,0,0,0,0,5
2025-09-24T18:08:48.338Z,59.4,1,1.558,49.6,0,60,0,0,0,0,0,0,0,0,5
2025-09-24T18:08:49.341Z,59.4,1,1.559,50.4,0,60,0,0,0,0,0,0,0,0,5
2025-09-24T18:08:50.345Z,59.4,1,1.558,49.6,0,60,0,0,0,0,0,0,0,0,5
2025-09-24T18:08:51.343Z,59.4,1,1.559,50.4,0,60,0,0,0,0,0,0,0,0,5
2025-09-24T18:08:52.343Z,59.4,1,1.558,49.6,0,60,0,0,0,0,0,0,0,0,5
2025-09-24T18:08:53.348Z,59.4,1,1.559,50.4,0,60,0,0,0,0,0,0,0,0,5
2025-09-24T18:08:54.344Z,59.4,1,1.558,49.6,0,60,0,0,0,0,0,0,0,0,5
2025-09-24T18:08:55.345Z,59.4,1,1.559,49.6,0,60,0,0,0,0,0,0,0,0,5
2025-09-24T18:08:56.346Z,59.4,1,1.558,49.6,0,60,0,0,0,0,0,0,0,0,5
2025-09-24T18:08:57.347Z,59.4,1,1.559,50.4,0,60,0,0,0,0,0,0,0,0,5
2025-09-24T18:08:58.350Z,59.4,1,1.558,49.6,0,60,0,0,0,0,0,0,0,0,5
2025-09-24T18:08:59.350Z,59.3,1,1.558,50.4,0,60,0,0,0,0,0,0,0,0,5
2025-09-24T18:09:00.349Z,59.3,1,1.559,49.6,0,60,0,0,0,0,0,0,0,0,5
2025-09-24T18:09:01.353Z,59.3,1,1.559,50.4,0,60,0,0,0,0,0,0,0,0,5
2025-09-24T18:09:02.353Z,59.3,1,1.559,49.6,0,59.9,0,0,0,0,0,0,0,0,5
2025-09-24T18:09:03.352Z,59.3,1,1.558,50.4,0,59.9,0,0,0,0,0,0,0,0,5
2025-09-24T18:09:04.354Z,59.3,1,1.558,49.6,0,59.9,0,0,0,0,0,0,0,0,5
2025-09-24T18:09:05.354Z,59.3,1,1.559,50.4,0,59.9,0,0,0,0,0,0,0,0,5
2025-09-24T18:09:06.356Z,59.3,1,1.558,49.6,0,59.9,0,0,0,0,0,0,0,0,5
2025-09-24T18:09:07.350Z,59.3,1,1.558,50.4,0,59.9,0,0,0,0,0,0,0,0,5
2025-09-24T18:09:08.347Z,59.3,1,1.559,49.6,0,59.9,0,0,0,0,0,0,0,0,5
2025-09-24T18:09:09.348Z,59.3,1,1.559,50.4,0,59.9,0,0,0,0,0,0,0,0,5
2025-09-24T18:09:10.355Z,59.3,1,1.559,49.6,0,59.9,0,0,0,0,0,0,0,0,5
2025-09-24T18:09:11.355Z,59.3,1,1.559,50.4,0,59.9,0,0,0,0,0,0,0,0,5
2025-09-24T18:09:12.357Z,59.3,1,1.559,49.6,0,59.9,0,0,0,0,0,0,0,0,5
2025-09-24T18:09:13.352Z,59.3,1,1.559,50.4,0,59.8,0,0,0,0,0,0,0,0,5
2025-09-24T18:09:14.356Z,59.3,1,1.559,49.6,0,59.8,0,0,0,0,0,0,0,0,5
2025-09-24T18:09:15.359Z,59.3,1,1.559,50.4,0,59.8,0,0,0,0,0,0,0,0,5
2025-09-24T18:09:16.360Z,59.3,1,1.559,49.6,0,59.8,0,0,0,0,0,0,0,0,5
2025-09-24T18:09:17.360Z,59.2,1,1.559,50.4,0,59.8,0,0,0,0,0,0,0,0,5
2025-09-24T18:09:18.358Z,59.2,1,1.559,49.6,0,59.8,0,0,0,0,0,0,0,0,5
2025-09-24T18:09:19.360Z,59.2,1,1.559,50.4,0,59.8,0,0,0,0,0,0,0,0,5
2025-09-24T18:09:20.366Z,59.2,1,1.559,49.6,0,59.8,0,0,0,0,0,0,0,0,5
2025-09-24T18:09:21.364Z,59.2,1,1.559,50.4,0,59.8,0,0,0,0,0,0,0,0,5
2025-09-24T18:09:22.365Z,59.2,1,1.559,49.6,0,59.8,0,0,0,0,0,0,0,0,5
2025-09-24T18:09:23.362Z,59.2,1,1.559,50.4,0,59.8,0,0,0,0,0,0,0,0,5
2025-09-24T18:09:24.369Z,59.2,1,1.559,49.6,0,59.8,0,0,0,0,0,0,0,0,5
2025-09-24T18:09:25.367Z,59.2,1,1.559,50.4,0,59.8,0,0,0,0,0,0,0,0,5
2025-09-24T18:09:26.370Z,59.2,1,1.559,49.6,0,59.8,0,0,0,0,0,0,0,0,5
2025-09-24T18:09:27.369Z,59.2,1,1.559,50.4,0,59.8,0,0,0,0,0,0,0,0,5
2025-09-24T18:09:28.367Z,59.2,1,1.559,49.6,0,59.8,0,0,0,0,0,0,0,0,5
2025-09-24T18:09:29.371Z,59.2,1,1.557,49.6,0,59.8,0,0,0,0,0,0,0,0,5
2025-09-24T18:09:30.374Z,59.2,1,1.558,50.4,0,59.8,0,0,0,0,0,0,0,0,5
2025-09-24T18:09:31.373Z,59.2,1,1.559,49.6,0,59.8,0,0,0,0,0,0,0,0,5
2025-09-24T18:09:32.376Z,59.2,1,1.559,50.4,0,59.8,0,0,0,0,0,0,0,0,5
2025-09-24T18:09:33.374Z,59.2,1,1.557,49.6,0,59.8,0,0,0,0,0,0,0,0,5
2025-09-24T18:09:34.377Z,59.2,1,1.559,49.6,0,59.8,0,0,0,0,0,0,0,0,5
2025-09-24T18:09:35.376Z,59.2,1,1.559,49.6,0,59.8,0,0,0,0,0,0,0,0,5
2025-09-24T18:09:36.380Z,59.2,1,1.557,50.4,0,59.8,0,0,0,0,0,0,0,0,5
2025-09-24T18:09:37.383Z,59.1,1,1.558,49.6,0,59.8,0,0,0,0,0,0,0,0,5
2025-09-24T18:09:38.384Z,59.1,1,1.559,50.4,0,59.8,0,0,0,0,0,0,0,0,5
2025-09-24T18:09:39.385Z,59.1,1,1.559,49.6,0,59.8,0,0,0,0,0,0,0,0,5
2025-09-24T18:09:40.386Z,59.1,1,1.558,50.4,0,59.8,0,0,0,0,0,0,0,0,5
2025-09-24T18:09:41.392Z,59.1,1,1.556,49.6,0,59.8,0,0,0,0,0,0,0,0,5
2025-09-24T18:09:42.391Z,59.1,1,1.559,50.4,0,59.8,0,0,0,0,0,0,0,0,5
2025-09-24T18:09:43.395Z,59.1,1,1.558,49.6,0,59.8,0,0,0,0,0,0,0,0,5
2025-09-24T18:09:44.395Z,59.1,1,1.558,50.4,0,59.8,0,0,0,0,0,0,0,0,5
2025-09-24T18:09:45.393Z,59.1,1,1.558,49.6,0,59.8,0,0,0,0,0,0,0,0,5
2025-09-24T18:09:46.396Z,59.1,1,1.558,50.4,0,59.8,0,0,0,0,0,0,0,0,5
2025-09-24T18:09:47.398Z,59.1,1,1.558,49.6,0,59.8,0,0,0,0,0,0,0,0,5
2025-09-24T18:09:48.394Z,59.1,1,1.558,50.4,0,59.8,0,0,0,0,0,0,0,0,5
2025-09-24T18:09:49.401Z,59.1,1,1.558,49.6,0,59.8,0,0,0,0,0,0,0,0,5
2025-09-24T18:09:50.402Z,59.1,1,1.558,49.6,0,59.8,0,0,0,0,0,0,0,0,5
2025-09-24T18:09:51.404Z,59.1,1,1.558,50.4,0,59.8,0,0,0,0,0,0,0,0,5
2025-09-24T18:09:52.403Z,59.1,1,1.559,49.6,0,59.8,0,0,0,0,0,0,0,0,5
2025-09-24T18:09:53.405Z,59.1,1,1.558,50.4,0,59.8,0,0,0,0,0,0,0,0,5
2025-09-24T18:09:54.405Z,59.1,1,1.558,49.6,0,59.8,0,0,0,0,0,0,0,0,5
2025-09-24T18:09:55.402Z,59.1,1,1.558,50.4,0,59.8,0,0,0,0,0,0,0,0,5
2025-09-24T18:09:56.409Z,59.1,1,1.558,49.6,0,59.8,0,0,0,0,0,0,0,0,5
2025-09-24T18:09:57.409Z,59.1,1,1.558,50.4,0,59.8,0,0,0,0,0,0,0,0,5
2025-09-24T18:09:58.414Z,59.1,1,1.558,49.6,0,59.8,0,0,0,0,0,0,0,0,5
2025-09-24T18:09:59.413Z,59.1,1,1.558,50.4,0,59.8,0,0,0,0,0,0,0,0,5
2025-09-24T18:10:00.413Z,59.1,1,1.558,49.6,0,59.8,0,0,0,0,0,0,0,0,5
2025-09-24T18:10:01.410Z,59.1,1,1.558,50.4,0,59.8,0,0,0,0,0,0,0,0,5
2025-09-24T18:10:02.411Z,59.1,1,1.559,49.6,0,59.8,0,0,0,0,0,0,0,0,5
2025-09-24T18:10:03.415Z,59.1,1,1.557,50.4,0,59.8,0,0,0,0,0,0,0,0,5
2025-09-24T18:10:04.417Z,59.1,1,1.554,49.6,0,59.8,0,0,0,0,0,0,0,0,5
2025-09-24T18:10:05.419Z,59.1,1,1.554,50.4,0,59.8,0,0,0,0,0,0,0,0,5
2025-09-24T18:10:06.417Z,59,1,1.555,49.6,0,59.8,0,0,0,0,0,0,0,0,5
2025-09-24T18:10:07.415Z,59,1,1.557,49.6,0,59.8,0,0,0,0,0,0,0,0,5
2025-09-24T18:10:08.418Z,59,1,1.558,49.6,0,59.8,0,0,0,0,0,0,0,0,5
2025-09-24T18:10:09.422Z,59,1,1.558,49.6,0,59.8,0,0,0,0,0,0,0,0,5
2025-09-24T18:10:10.423Z,59,1,1.558,50.4,0,59.8,0,0,0,0,0,0,0,0,5
2025-09-24T18:10:11.420Z,59,1,1.558,49.6,0,59.7,0,0,0,0,0,0,0,0,5
2025-09-24T18:10:12.424Z,59,1,1.556,50.4,0,59.7,0,0,0,0,0,0,0,0,5
2025-09-24T18:10:13.426Z,59,1,1.555,49.6,0,59.7,0,0,0,0,0,0,0,0,5
2025-09-24T18:10:14.424Z,59,1,1.554,50.4,0,59.7,0,0,0,0,0,0,0,0,5
2025-09-24T18:10:15.425Z,59,1,1.555,49.6,0,59.7,0,0,0,0,0,0,0,0,5
2025-09-24T18:10:16.428Z,59,1,1.555,50.4,0,59.7,0,0,0,0,0,0,0,0,5
2025-09-24T18:10:17.427Z,59,1,1.557,49.6,0,59.7,0,0,0,0,0,0,0,0,5
2025-09-24T18:10:18.431Z,59,1,1.558,50.4,0,59.7,0,0,0,0,0,0,0,0,5
2025-09-24T18:10:19.430Z,59,1,1.558,49.6,0,59.7,0,0,0,0,0,0,0,0,5
2025-09-24T18:10:20.432Z,59,1,1.559,50.4,0,59.7,0,0,0,0,0,0,0,0,5
2025-09-24T18:10:21.435Z,59,1,1.558,49.6,0,59.7,0,0,0,0,0,0,0,0,5
2025-09-24T18:10:22.434Z,59,1,1.556,50.4,0,59.7,0,0,0,0,0,0,0,0,5
2025-09-24T18:10:23.437Z,59,1,1.555,49.6,0,59.7,0,0,0,0,0,0,0,0,5
2025-09-24T18:10:24.435Z,59,1,1.554,50.4,0,59.7,0,0,0,0,0,0,0,0,5
2025-09-24T18:10:25.438Z,59,1,1.555,49.6,0,59.7,0,0,0,0,0,0,0,0,5
2025-09-24T18:10:26.440Z,59,1,1.557,50.4,0,59.7,0,0,0,0,0,0,0,0,5
2025-09-24T18:10:27.438Z,59,1,1.557,49.6,0,59.7,0,0,0,0,0,0,0,0,5
2025-09-24T18:10:28.436Z,59,1,1.558,50.4,0,59.7,0,0,0,0,0,0,0,0,5
2025-09-24T18:10:29.441Z,59,1,1.56,49.6,0,59.7,0,0,0,0,0,0,0,0,5
2025-09-24T18:10:30.442Z,59,1,1.558,50.4,0,59.7,0,0,0,0,0,0,0,0,5
2025-09-24T18:10:31.442Z,59,1,1.558,49.6,0,59.7,0,0,0,0,0,0,0,0,5
2025-09-24T18:10:32.445Z,59,1,1.557,50.4,0,59.7,0,0,0,0,0,0,0,0,5
2025-09-24T18:10:33.445Z,59,1,1.555,50.4,0,59.7,0,0,0,0,0,0,0,0,5
2025-09-24T18:10:34.444Z,59,1,1.554,49.6,0,59.7,0,0,0,0,0,0,0,0,5
2025-09-24T18:10:35.445Z,59,1,1.555,50.4,0,59.7,0,0,0,0,0,0,0,0,5
2025-09-24T18:10:36.451Z,59,1,1.556,49.6,0,59.7,0,0,0,0,0,0,0,0,5
2025-09-24T18:10:37.446Z,59,1,1.558,50.4,0,59.7,0,0,0,0,0,0,0,0,5
2025-09-24T18:10:38.446Z,59,1,1.558,49.6,0,59.7,0,0,0,0,0,0,0,0,5
2025-09-24T18:10:39.452Z,59,1,1.56,49.6,0,59.7,0,0,0,0,0,0,0,0,5
2025-09-24T18:10:40.452Z,59,1,1.56,49.6,0,59.7,0,0,0,0,0,0,0,0,5
2025-09-24T18:10:41.450Z,59,1,1.557,50.4,0,59.7,0,0,0,0,0,0,0,0,5
2025-09-24T18:10:42.453Z,59,1,1.557,49.6,0,59.7,0,0,0,0,0,0,0,0,5
2025-09-24T18:10:43.454Z,59,1,1.557,50.4,0,59.7,0,0,0,0,0,0,0,0,5
2025-09-24T18:10:44.454Z,59,1,1.557,49.6,0,59.7,0,0,0,0,0,0,0,0,5
2025-09-24T18:10:45.459Z,59,1,1.557,50.4,0,59.7,0,0,0,0,0,0,0,0,5
2025-09-24T18:10:46.458Z,59,1,1.556,49.6,0,59.7,0,0,0,0,0,0,0,0,5
2025-09-24T18:10:47.462Z,59,1,1.556,50.4,0,59.7,0,0,0,0,0,0,0,0,5
2025-09-24T18:10:48.460Z,59,1,1.556,49.6,0,59.7,0,0,0,0,0,0,0,0,5
2025-09-24T18:10:49.459Z,59,1,1.556,50.4,0,59.7,0,0,0,0,0,0,0,0,5
2025-09-24T18:10:50.463Z,59,1,1.556,49.6,0,59.7,0,0,0,0,0,0,0,0,5
2025-09-24T18:10:51.464Z,59,1,1.556,50.4,0,59.7,0,0,0,0,0,0,0,0,5
2025-09-24T18:10:52.468Z,59,1,1.556,49.6,0,59.7,0,0,0,0,0,0,0,0,5
2025-09-24T18:10:53.466Z,59,1,1.556,50.4,0,59.7,0,0,0,0,0,0,0,0,5
2025-09-24T18:10:54.467Z,59,1,1.555,49.6,0,59.7,0,0,0,0,0,0,0,0,5
2025-09-24T18:10:55.467Z,59,1,1.555,50.4,0,59.7,0,0,0,0,0,0,0,0,5
2025-09-24T18:10:56.470Z,59,1,1.555,49.6,0,59.7,0,0,0,0,0,0,0,0,5
2025-09-24T18:10:57.469Z,59,1,1.555,50.4,0,59.7,0,0,0,0,0,0,0,0,5
2025-09-24T18:10:58.472Z,59,1,1.555,49.6,0,59.7,0,0,0,0,0,0,0,0,5
2025-09-24T18:10:59.469Z,59,1,1.555,49.6,0,59.7,0,0,0,0,0,0,0,0,5
2025-09-24T18:11:00.473Z,59,1,1.555,49.6,0,59.7,0,0,0,0,0,0,0,0,5
2025-09-24T18:11:01.472Z,59,1,1.555,49.6,0,59.7,0,0,0,0,0,0,0,0,5
2025-09-24T18:11:02.475Z,59,1,1.555,50.4,0,59.7,0,0,0,0,0,0,0,0,5
2025-09-24T18:11:03.473Z,59,1,1.555,49.6,0,59.7,0,0,0,0,0,0,0,0,5
2025-09-24T18:11:04.480Z,59,1,1.555,49.6,0,59.7,0,0,0,0,0,0,0,0,5
2025-09-24T18:11:05.479Z,59,1,1.555,49.6,0,59.7,0,0,0,0,0,0,0,0,5
2025-09-24T18:11:06.476Z,59,1,1.555,49.6,0,59.7,0,0,0,0,0,0,0,0,5
2025-09-24T18:11:07.476Z,59,1,1.555,50.4,0,59.7,0,0,0,0,0,0,0,0,5
2025-09-24T18:11:08.474Z,59,1,1.555,49.6,0,59.7,0,0,0,0,0,0,0,0,5
2025-09-24T18:11:09.480Z,59,1,1.555,50.4,0,59.7,0,0,0,0,0,0,0,0,5
2025-09-24T18:11:10.482Z,59,1,1.555,49.6,0,59.7,0,0,0,0,0,0,0,0,5
2025-09-24T18:11:11.478Z,59.1,1,1.555,50.4,0,59.7,0,0,0,0,0,0,0,0,5
2025-09-24T18:11:12.481Z,59.1,1,1.555,49.6,0,59.7,0,0,0,0,0,0,0,0,5
2025-09-24T18:11:13.486Z,59.1,1,1.554,50.4,0,59.7,0,0,0,0,0,0,0,0,5
2025-09-24T18:11:14.481Z,59.1,1,1.555,49.6,0,59.7,0,0,0,0,0,0,0,0,5
2025-09-24T18:11:15.481Z,59.1,1,1.555,50.4,0,59.7,0,0,0,0,0,0,0,0,5
2025-09-24T18:11:16.487Z,59.1,1,1.555,49.6,0,59.7,0,0,0,0,0,0,0,0,5
2025-09-24T18:11:17.486Z,59.1,1,1.555,50.4,0,59.7,0,0,0,0,0,0,0,0,5
2025-09-24T18:11:18.492Z,59.1,1,1.555,49.6,0,59.7,0,0,0,0,0,0,0,0,5
2025-09-24T18:11:19.491Z,59.1,1,1.555,50.4,0,59.7,0,0,0,0,0,0,0,0,5
2025-09-24T18:11:20.490Z,59.1,1,1.556,49.6,0,59.7,0,0,0,0,0,0,0,0,5
2025-09-24T18:11:21.493Z,59.1,1,1.555,50.4,0,59.7,0,0,0,0,0,0,0,0,5
2025-09-24T18:11:22.494Z,59.1,1,1.555,49.6,0,59.7,0,0,0,0,0,0,0,0,5
2025-09-24T18:11:23.497Z,59.1,1,1.555,50.4,0,59.7,0,0,0,0,0,0,0,0,5
2025-09-24T18:11:24.494Z,59.1,1,1.556,49.6,0,59.7,0,0,0,0,0,0,0,0,5
2025-09-24T18:11:25.496Z,59.1,1,1.556,50.4,0,59.6,0,0,0,0,0,0,0,0,5
2025-09-24T18:11:26.499Z,59.1,1,1.556,49.6,0,59.6,0,0,0,0,0,0,0,0,5
2025-09-24T18:11:27.497Z,59.1,1,1.556,50.4,0,59.6,0,0,0,0,0,0,0,0,5
2025-09-24T18:11:28.498Z,59.1,1,1.556,49.6,0,59.6,0,0,0,0,0,0,0,0,5
2025-09-24T18:11:29.498Z,59.1,1,1.556,50.4,0,59.6,0,0,0,0,0,0,0,0,5
2025-09-24T18:11:30.503Z,59.1,1,1.556,49.6,0,59.6,0,0,0,0,0,0,0,0,5
2025-09-24T18:11:31.502Z,59.1,1,1.556,50.4,0,59.6,0,0,0,0,0,0,0,0,5
2025-09-24T18:11:32.503Z,59.1,1,1.556,49.6,0,59.6,0,0,0,0,0,0,0,0,5
2025-09-24T18:11:33.502Z,59.1,1,1.557,50.4,0,59.6,0,0,0,0,0,0,0,0,5
2025-09-24T18:11:34.508Z,59.1,1,1.557,49.6,0,59.6,0,0,0,0,0,0,0,0,5
2025-09-24T18:11:35.506Z,59.1,1,1.558,49.6,0,59.6,0,0,0,0,0,0,0,0,5
2025-09-24T18:11:36.507Z,59.1,1,1.558,49.6,0,59.6,0,0,0,0,0,0,0,0,5
2025-09-24T18:11:37.510Z,59.1,1,1.558,49.6,0,59.6,0,0,0,0,0,0,0,0,5
2025-09-24T18:11:38.508Z,59.2,1,1.558,50.4,0,59.6,0,0,0,0,0,0,0,0,5
2025-09-24T18:11:39.510Z,59.2,1,1.558,49.6,0,59.6,0,0,0,0,0,0,0,0,5
2025-09-24T18:11:40.510Z,59.2,1,1.558,49.6,0,59.6,0,0,0,0,0,0,0,0,5
2025-09-24T18:11:41.511Z,59.2,1,1.558,49.6,0,59.6,0,0,0,0,0,0,0,0,5
2025-09-24T18:11:42.515Z,59.2,1,1.558,50.4,0,59.6,0,0,0,0,0,0,0,0,5
2025-09-24T18:11:43.515Z,59.2,1,1.558,49.6,0,59.6,0,0,0,0,0,0,0,0,5
2025-09-24T18:11:44.513Z,59.2,1,1.558,49.6,0,59.5,0,0,0,0,0,0,0,0,5
2025-09-24T18:11:45.516Z,59.2,1,1.558,50.4,0,59.5,0,0,0,0,0,0,0,0,5
2025-09-24T18:11:46.515Z,59.2,1,1.558,50.4,0,59.5,0,0,0,0,0,0,0,0,5
2025-09-24T18:11:47.517Z,59.2,1,1.558,49.6,0,59.5,0,0,0,0,0,0,0,0,5
2025-09-24T18:11:48.521Z,59.2,1,1.558,50.4,0,59.5,0,0,0,0,0,0,0,0,5
2025-09-24T18:11:49.522Z,59.2,1,1.558,49.6,0,59.4,0,0,0,0,0,0,0,0,5
2025-09-24T18:11:50.520Z,59.2,1,1.558,50.4,0,59.4,0,0,0,0,0,0,0,0,5
2025-09-24T18:11:51.524Z,59.2,1,1.558,49.6,0,59.4,0,0,0,0,0,0,0,0,5
2025-09-24T18:11:52.525Z,59.2,1,1.558,49.6,0,59.4,0,0,0,0,0,0,0,0,5
2025-09-24T18:11:53.528Z,59.2,1,1.558,50.4,0,59.4,0,0,0,0,0,0,0,0,5
2025-09-24T18:11:54.523Z,59.2,1,1.558,49.6,0,59.4,0,0,0,0,0,0,0,0,5
2025-09-24T18:11:55.526Z,59.2,1,1.558,50.4,0,59.4,0,0,0,0,0,0,0,0,5
2025-09-24T18:11:56.530Z,59.3,1,1.558,50.4,0,59.4,0,0,0,0,0,0,0,0,5
2025-09-24T18:11:57.527Z,59.3,1,1.558,49.6,0,59.4,0,0,0,0,0,0,0,0,5
2025-09-24T18:11:58.534Z,59.3,1,1.559,50.4,0,59.4,0,0,0,0,0,0,0,0,5
2025-09-24T18:11:59.530Z,59.3,1,1.558,49.6,0,59.3,0,0,0,0,0,0,0,0,5
2025-09-24T18:12:00.535Z,59.3,1,1.558,50.4,0,59.3,0,0,0,0,0,0,0,0,5
2025-09-24T18:12:01.534Z,59.3,1,1.558,49.6,0,59.3,0,0,0,0,0,0,0,0,5
2025-09-24T18:12:02.533Z,59.3,1,1.558,50.4,0,59.3,0,0,0,0,0,0,0,0,5
2025-09-24T18:12:03.537Z,59.3,1,1.558,49.6,0,59.3,0,0,0,0,0,0,0,0,5
2025-09-24T18:12:04.533Z,59.3,1,1.558,50.4,0,59.3,0,0,0,0,0,0,0,0,5
2025-09-24T18:12:05.534Z,59.3,1,1.558,49.6,0,59.3,0,0,0,0,0,0,0,0,5
2025-09-24T18:12:06.536Z,59.3,1,1.558,50.4,0,59.3,0,0,0,0,0,0,0,0,5
2025-09-24T18:12:07.534Z,59.3,1,1.558,49.6,0,59.3,0,0,0,0,0,0,0,0,5
2025-09-24T18:12:08.537Z,59.3,1,1.558,50.4,0,59.3,0,0,0,0,0,0,0,0,5
2025-09-24T18:12:09.539Z,59.3,1,1.558,49.6,0,59.3,0,0,0,0,0,0,0,0,5
2025-09-24T18:12:10.536Z,59.3,1,1.557,49.6,0,59.3,0,0,0,0,0,0,0,0,5
2025-09-24T18:12:11.541Z,59.3,1,1.558,50.4,0,59.3,0,0,0,0,0,0,0,0,5
2025-09-24T18:12:12.541Z,59.3,1,1.558,49.6,0,59.3,0,0,0,0,0,0,0,0,5
2025-09-24T18:12:13.542Z,59.4,1,1.557,50.4,0,59.3,0,0,0,0,0,0,0,0,5
2025-09-24T18:12:14.546Z,59.4,1,1.557,49.6,0,59.3,0,0,0,0,0,0,0,0,5
2025-09-24T18:12:15.546Z,59.4,1,1.557,49.6,0,59.2,0,0,0,0,0,0,0,0,5
2025-09-24T18:12:16.547Z,59.4,1,1.557,49.6,0,59.2,0,0,0,0,0,0,0,0,5
2025-09-24T18:12:17.548Z,59.4,1,1.557,50.4,0,59.2,0,0,0,0,0,0,0,0,5
2025-09-24T18:12:18.548Z,59.4,1,1.557,49.6,0,59.2,0,0,0,0,0,0,0,0,5
2025-09-24T18:12:19.548Z,59.4,1,1.557,49.6,0,59.2,0,0,0,0,0,0,0,0,5
2025-09-24T18:12:20.548Z,59.4,1,1.557,50.4,0,59.2,0,0,0,0,0,0,0,0,5
2025-09-24T18:12:21.552Z,59.4,1,1.556,50.4,0,59.2,0,0,0,0,0,0,0,0,5
2025-09-24T18:12:22.555Z,59.4,1,1.556,49.6,0,59.2,0,0,0,0,0,0,0,0,5
2025-09-24T18:12:23.557Z,59.4,1,1.556,50.4,0,59.2,0,0,0,0,0,0,0,0,5
2025-09-24T18:12:24.553Z,59.4,1,1.556,49.6,0,59.2,0,0,0,0,0,0,0,0,5
2025-09-24T18:12:25.556Z,59.4,1,1.556,50.4,0,59.2,0,0,0,0,0,0,0,0,5
2025-09-24T18:12:26.559Z,59.5,1,1.555,49.6,0,59.2,0,0,0,0,0,0,0,0,5
2025-09-24T18:12:27.559Z,59.5,1,1.555,49.6,0,59.2,0,0,0,0,0,0,0,0,5
2025-09-24T18:12:28.558Z,59.5,1,1.555,50.4,0,59.2,0,0,0,0,0,0,0,0,5
2025-09-24T18:12:29.561Z,59.5,1,1.555,50.4,0,59.2,0,0,0,0,0,0,0,0,5
2025-09-24T18:12:30.561Z,59.5,1,1.555,49.6,0,59.2,0,0,0,0,0,0,0,0,5
2025-09-24T18:12:31.560Z,59.5,1,1.554,49.6,0,59.2,0,0,0,0,0,0,0,0,5
2025-09-24T18:12:32.563Z,59.5,1,1.554,49.6,0,59.2,0,0,0,0,0,0,0,0,5
2025-09-24T18:12:33.566Z,59.5,1,1.554,50.4,0,59.2,0,0,0,0,0,0,0,0,5
2025-09-24T18:12:34.565Z,59.5,1,1.554,49.6,0,59.2,0,0,0,0,0,0,0,0,5
2025-09-24T18:12:35.567Z,59.5,1,1.554,50.4,0,59.2,0,0,0,0,0,0,0,0,5
2025-09-24T18:12:36.566Z,59.5,1,1.554,49.6,0,59.2,0,0,0,0,0,0,0,0,5
2025-09-24T18:12:37.566Z,59.5,1,1.554,49.6,0,59.2,0,0,0,0,0,0,0,0,5
2025-09-24T18:12:38.566Z,59.6,1,1.554,50.4,0,59.2,0,0,0,0,0,0,0,0,5
2025-09-24T18:12:39.571Z,59.6,1,1.554,49.6,0,59.2,0,0,0,0,0,0,0,0,5
2025-09-24T18:12:40.570Z,59.6,1,1.554,49.6,0,59.2,0,0,0,0,0,0,0,0,5
2025-09-24T18:12:41.569Z,59.6,1,1.554,50.4,0,59.2,0,0,0,0,0,0,0,0,5
2025-09-24T18:12:42.575Z,59.6,1,1.553,50.4,0,59.2,0,0,0,0,0,0,0,0,5
2025-09-24T18:12:43.574Z,59.6,1,1.554,49.6,0,59.2,0,0,0,0,0,0,0,0,5
2025-09-24T18:12:44.575Z,59.6,1,1.554,50.4,0,59.2,0,0,0,0,0,0,0,0,5
2025-09-24T18:12:45.572Z,59.6,1,1.554,49.6,0,59.2,0,0,0,0,0,0,0,0,5
2025-09-24T18:12:46.579Z,59.6,1,1.554,50.4,0,59.2,0,0,0,0,0,0,0,0,5
2025-09-24T18:12:47.581Z,59.6,1,1.553,49.6,0,59.2,0,0,0,0,0,0,0,0,5
2025-09-24T18:12:48.583Z,59.7,1,1.553,49.6,0,59.2,0,0,0,0,0,0,0,0,5
2025-09-24T18:12:49.581Z,59.7,1,1.554,50.4,0,59.2,0,0,0,0,0,0,0,0,5
2025-09-24T18:12:50.584Z,59.7,1,1.553,49.6,0,59.2,0,0,0,0,0,0,0,0,5
2025-09-24T18:12:51.585Z,59.7,1,1.553,49.6,0,59.2,0,0,0,0,0,0,0,0,5
2025-09-24T18:12:52.585Z,59.7,1,1.554,50.4,0,59.2,0,0,0,0,0,0,0,0,5
2025-09-24T18:12:53.589Z,59.7,1,1.553,49.6,0,59.2,0,0,0,0,0,0,0,0,5
2025-09-24T18:12:54.591Z,59.7,1,1.553,49.6,0,59.2,0,0,0,0,0,0,0,0,5
2025-09-24T18:12:55.588Z,59.7,1,1.553,50.4,0,59.2,0,0,0,0,0,0,0,0,5
2025-09-24T18:12:56.587Z,59.7,1,1.554,50.4,0,59.2,0,0,0,0,0,0,0,0,5
2025-09-24T18:12:57.591Z,59.7,1,1.553,49.6,0,59.2,0,0,0,0,0,0,0,0,5
2025-09-24T18:12:58.588Z,59.8,1,1.554,49.6,0,59.2,0,0,0,0,0,0,0,0,5
2025-09-24T18:12:59.590Z,59.8,1,1.553,50.4,0,59.2,0,0,0,0,0,0,0,0,5
2025-09-24T18:13:00.591Z,59.8,1,1.553,50.4,0,59.2,0,0,0,0,0,0,0,0,5
2025-09-24T18:13:01.586Z,59.8,1,1.555,49.6,0,59.2,0,0,0,0,0,0,0,0,5
2025-09-24T18:13:02.594Z,59.8,1,1.554,50.4,0,59.2,0,0,0,0,0,0,0,0,5
2025-09-24T18:13:03.594Z,59.8,1,1.554,49.6,0,59.2,0,0,0,0,0,0,0,0,5
2025-09-24T18:13:04.594Z,59.8,1,1.555,50.4,0,59.2,0,0,0,0,0,0,0,0,5
2025-09-24T18:13:05.594Z,59.8,1,1.555,50.4,0,59.2,0,0,0,0,0,0,0,0,5
2025-09-24T18:13:06.597Z,59.9,1,1.555,49.6,0,59.2,0,0,0,0,0,0,0,0,5
2025-09-24T18:13:07.595Z,59.9,1,1.555,50.4,0,59.1,0,0,0,0,0,0,0,0,5
2025-09-24T18:13:08.597Z,59.9,1,1.555,49.6,0,59.1,0,0,0,0,0,0,0,0,5
2025-09-24T18:13:09.596Z,59.9,1,1.556,50.4,0,59.1,0,0,0,0,0,0,0,0,5
2025-09-24T18:13:10.596Z,59.9,1,1.556,49.6,0,59.1,0,0,0,0,0,0,0,0,5
2025-09-24T18:13:11.597Z,59.9,1,1.556,49.6,0,59.1,0,0,0,0,0,0,0,0,5
2025-09-24T18:13:12.601Z,59.9,1,1.555,50.4,0,59.1,0,0,0,0,0,0,0,0,5
2025-09-24T18:13:13.599Z,59.9,1,1.557,49.6,0,59.1,0,0,0,0,0,0,0,0,5
2025-09-24T18:13:14.601Z,59.9,1,1.556,50.4,0,59.1,0,0,0,0,0,0,0,0,5
2025-09-24T18:13:15.602Z,59.9,1,1.556,50.4,0,59.1,0,0,0,0,0,0,0,0,5
2025-09-24T18:13:16.604Z,60,1,1.556,49.6,0,59.1,0,0,0,0,0,0,0,0,5
2025-09-24T18:13:17.605Z,60,1,1.556,50.4,0,59.1,0,0,0,0,0,0,0,0,5
2025-09-24T18:13:18.604Z,60,1,1.556,49.6,0,59.1,0,0,0,0,0,0,0,0,5
2025-09-24T18:13:19.606Z,60,1,1.556,50.4,0,59.1,0,0,0,0,0,0,0,0,5
2025-09-24T18:13:20.612Z,60,1,1.556,50.4,0,59.1,0,0,0,0,0,0,0,0,5
2025-09-24T18:13:21.606Z,60,1,1.556,49.6,0,59.1,0,0,0,0,0,0,0,0,5
2025-09-24T18:13:22.613Z,60,1,1.557,50.4,0,59.1,0,0,0,0,0,0,0,0,5
2025-09-24T18:13:23.612Z,60,1,1.556,49.6,0,59.1,0,0,0,0,0,0,0,0,5
2025-09-24T18:13:24.615Z,60,1,1.556,50.4,0,59.1,0,0,0,0,0,0,0,0,5
2025-09-24T18:13:25.609Z,60,1,1.556,49.6,0,59.1,0,0,0,0,0,0,0,0,5
2025-09-24T18:13:26.616Z,60.1,1,1.557,50.4,0,59.1,0,0,0,0,0,0,0,0,5
2025-09-24T18:13:27.618Z,60.1,1,1.557,49.6,0,59.1,0,0,0,0,0,0,0,0,5
2025-09-24T18:13:28.616Z,60.1,1,1.557,50.4,0,59.1,0,0,0,0,0,0,0,0,5
2025-09-24T18:13:29.614Z,60.1,1,1.557,49.6,0,59.1,0,0,0,0,0,0,0,0,5
2025-09-24T18:13:30.618Z,60.1,1,1.557,49.6,0,59.1,0,0,0,0,0,0,0,0,5
2025-09-24T18:13:31.617Z,60.1,1,1.557,49.6,0,59.1,0,0,0,0,0,0,0,0,5
2025-09-24T18:13:32.620Z,60.1,1,1.557,50.4,0,59.1,0,0,0,0,0,0,0,0,5
2025-09-24T18:13:33.621Z,60.2,1,1.557,49.6,0,59.1,0,0,0,0,0,0,0,0,5
2025-09-24T18:13:34.622Z,60.2,1,1.557,50.4,0,59.1,0,0,0,0,0,0,0,0,5
2025-09-24T18:13:35.625Z,60.2,1,1.557,50.4,0,59.1,0,0,0,0,0,0,0,0,5
2025-09-24T18:13:36.625Z,60.2,1,1.557,49.6,0,59.1,0,0,0,0,0,0,0,0,5
2025-09-24T18:13:37.623Z,60.2,1,1.557,50.4,0,59.1,0,0,0,0,0,0,0,0,5
2025-09-24T18:13:38.627Z,60.2,1,1.557,49.6,0,59.1,0,0,0,0,0,0,0,0,5
2025-09-24T18:13:39.629Z,60.2,1,1.557,50.4,0,59.1,0,0,0,0,0,0,0,0,5
2025-09-24T18:13:40.628Z,60.2,1,1.556,49.6,0,59.1,0,0,0,0,0,0,0,0,5
2025-09-24T18:13:41.626Z,60.3,1,1.556,50.4,0,59.1,0,0,0,0,0,0,0,0,5
2025-09-24T18:13:42.632Z,60.3,1,1.556,49.6,0,59.2,0,0,0,0,0,0,0,0,5
2025-09-24T18:13:43.630Z,60.3,1,1.556,50.4,0,59.2,0,0,0,0,0,0,0,0,5
2025-09-24T18:13:44.633Z,60.3,1,1.556,49.6,0,59.2,0,0,0,0,0,0,0,0,5
2025-09-24T18:13:45.634Z,60.3,1,1.556,50.4,0,59.1,0,0,0,0,0,0,0,0,5
2025-09-24T18:13:46.634Z,60.3,1,1.556,49.6,0,59.2,0,0,0,0,0,0,0,0,5
2025-09-24T18:13:47.638Z,60.3,1,1.556,50.4,0,59.2,0,0,0,0,0,0,0,0,5
2025-09-24T18:13:48.639Z,60.3,1,1.556,49.6,0,59.2,0,0,0,0,0,0,0,0,5
2025-09-24T18:13:49.642Z,60.4,1,1.555,50.4,0,59.2,0,0,0,0,0,0,0,0,5
2025-09-24T18:13:50.641Z,60.4,1,1.555,49.6,0,59.2,0,0,0,0,0,0,0,0,5
2025-09-24T18:13:51.639Z,60.4,1,1.555,50.4,0,59.2,0,0,0,0,0,0,0,0,5
2025-09-24T18:13:52.642Z,60.4,1,1.555,49.6,0,59.2,0,0,0,0,0,0,0,0,5
2025-09-24T18:13:53.643Z,60.4,1,1.555,49.6,0,59.2,0,0,0,0,0,0,0,0,5
2025-09-24T18:13:54.643Z,60.4,1,1.555,50.4,0,59.2,0,0,0,0,0,0,0,0,5
2025-09-24T18:13:55.648Z,60.4,1,1.555,49.6,0,59.2,0,0,0,0,0,0,0,0,5
2025-09-24T18:13:56.645Z,60.4,1,1.554,49.6,0,59.2,0,0,0,0,0,0,0,0,5
2025-09-24T18:13:57.648Z,60.5,1,1.554,49.6,0,59.2,0,0,0,0,0,0,0,0,5
2025-09-24T18:13:58.649Z,60.5,1,1.554,50.4,0,59.2,0,0,0,0,0,0,0,0,5
2025-09-24T18:13:59.651Z,60.5,1,1.553,49.6,0,59.2,0,0,0,0,0,0,0,0,5
2025-09-24T18:14:00.651Z,60.5,1,1.553,50.4,0,59.2,0,0,0,0,0,0,0,0,5
2025-09-24T18:14:01.652Z,60.5,1,1.553,49.6,0,59.2,0,0,0,0,0,0,0,0,5
2025-09-24T18:14:02.658Z,60.5,1,1.553,49.6,0,59.2,0,0,0,0,0,0,0,0,5
2025-09-24T18:14:03.655Z,60.5,1,1.553,50.4,0,59.2,0,0,0,0,0,0,0,0,5
2025-09-24T18:14:04.657Z,60.6,1,1.553,49.6,0,59.2,0,0,0,0,0,0,0,0,5
2025-09-24T18:14:05.656Z,60.6,1,1.553,50.4,0,59.2,0,0,0,0,0,0,0,0,5
2025-09-24T18:14:06.661Z,60.6,1,1.553,50.4,0,59.2,0,0,0,0,0,0,0,0,5
2025-09-24T18:14:07.654Z,60.6,1,1.553,49.6,0,59.2,0,0,0,0,0,0,0,0,5
2025-09-24T18:14:08.655Z,60.6,1,1.553,49.6,0,59.2,0,0,0,0,0,0,0,0,5
2025-09-24T18:14:09.657Z,60.6,1,1.553,49.6,0,59.2,0,0,0,0,0,0,0,0,5
2025-09-24T18:14:10.660Z,60.6,1,1.552,50.4,0,59.2,0,0,0,0,0,0,0,0,5
2025-09-24T18:14:11.662Z,60.6,1,1.552,49.6,0,59.2,0,0,0,0,0,0,0,0,5
2025-09-24T18:14:12.658Z,60.7,1,1.552,49.6,0,59.2,0,0,0,0,0,0,0,0,5
2025-09-24T18:14:13.663Z,60.7,1,1.552,50.4,0,59.1,0,0,0,0,0,0,0,0,5
2025-09-24T18:14:14.661Z,60.7,1,1.552,49.6,0,59.1,0,0,0,0,0,0,0,0,5
2025-09-24T18:14:15.665Z,60.7,1,1.552,50.4,0,59.1,0,0,0,0,0,0,0,0,5
2025-09-24T18:14:16.666Z,60.7,1,1.552,50.4,0,59.1,0,0,0,0,0,0,0,0,5
2025-09-24T18:14:17.662Z,60.7,1,1.552,49.6,0,59.1,0,0,0,0,0,0,0,0,5
2025-09-24T18:14:18.666Z,60.7,1,1.552,50.4,0,59.1,0,0,0,0,0,0,0,0,5
2025-09-24T18:14:19.668Z,60.8,1,1.551,49.6,0,59.1,0,0,0,0,0,0,0,0,5
2025-09-24T18:14:20.671Z,60.8,1,1.552,50.4,0,59.1,0,0,0,0,0,0,0,0,5
2025-09-24T18:14:21.672Z,60.8,1,1.552,49.6,0,59.1,0,0,0,0,0,0,0,0,5
2025-09-24T18:14:22.671Z,60.8,1,1.552,50.4,0,59.1,0,0,0,0,0,0,0,0,5
2025-09-24T18:14:23.677Z,60.8,1,1.552,50.4,0,59.1,0,0,0,0,0,0,0,0,5
2025-09-24T18:14:24.673Z,60.8,1,1.552,49.6,0,59.1,0,0,0,0,0,0,0,0,5
2025-09-24T18:14:25.676Z,60.8,1,1.552,49.6,0,59.1,0,0,0,0,0,0,0,0,5
2025-09-24T18:14:26.677Z,60.8,1,1.551,49.6,0,59.1,0,0,0,0,0,0,0,0,5
2025-09-24T18:14:27.678Z,60.8,1,1.552,50.4,0,59.1,0,0,0,0,0,0,0,0,5
2025-09-24T18:14:28.678Z,60.9,1,1.551,49.6,0,59.1,0,0,0,0,0,0,0,0,5
2025-09-24T18:14:29.678Z,60.9,1,1.551,49.6,0,59.1,0,0,0,0,0,0,0,0,5
2025-09-24T18:14:30.678Z,60.9,1,1.552,50.4,0,59.1,0,0,0,0,0,0,0,0,5
2025-09-24T18:14:31.682Z,60.9,1,1.551,49.6,0,59.1,0,0,0,0,0,0,0,0,5
2025-09-24T18:14:32.682Z,60.9,1,1.552,50.4,0,59.1,0,0,0,0,0,0,0,0,5
2025-09-24T18:14:33.682Z,60.9,1,1.552,50.4,0,59.1,0,0,0,0,0,0,0,0,5
2025-09-24T18:14:34.686Z,60.9,1,1.552,49.6,0,59.1,0,0,0,0,0,0,0,0,5
2025-09-24T18:14:35.686Z,60.9,1,1.552,49.6,0,59.1,0,0,0,0,0,0,0,0,5
2025-09-24T18:14:36.691Z,61,1,1.552,49.6,0,59.1,0,0,0,0,0,0,0,0,5
2025-09-24T18:14:37.686Z,61,1,1.552,49.6,0,59.1,0,0,0,0,0,0,0,0,5
2025-09-24T18:14:38.690Z,61,1,1.552,50.4,0,59,0,0,0,0,0,0,0,0,5
2025-09-24T18:14:39.687Z,61,1,1.552,50.4,0,59,0,0,0,0,0,0,0,0,5
2025-09-24T18:14:40.687Z,61,1,1.552,49.6,0,59,0,0,0,0,0,0,0,0,5
2025-09-24T18:14:41.685Z,61,1,1.552,50.4,0,59,0,0,0,0,0,0,0,0,5
2025-09-24T18:14:42.690Z,61,1,1.552,49.6,0,59,0,0,0,0,0,0,0,0,5
2025-09-24T18:14:43.691Z,61.1,1,1.552,50.4,0,59,0,0,0,0,0,0,0,0,5
2025-09-24T18:14:44.695Z,61.1,1,1.553,50.4,0,59,0,0,0,0,0,0,0,0,5
2025-09-24T18:14:45.698Z,61.1,1,1.553,49.6,0,59,0,0,0,0,0,0,0,0,5
2025-09-24T18:14:46.695Z,61.1,1,1.553,50.4,0,59,0,0,0,0,0,0,0,0,5
2025-09-24T18:14:47.700Z,61.1,1,1.553,49.6,0,59,0,0,0,0,0,0,0,0,5
2025-09-24T18:14:48.700Z,61.1,1,1.553,50.4,0,59,0,0,0,0,0,0,0,0,5
2025-09-24T18:14:49.702Z,61.1,1,1.553,49.6,0,59,0,0,0,0,0,0,0,0,5
2025-09-24T18:14:50.701Z,61.1,1,1.553,50.4,0,59,0,0,0,0,0,0,0,0,5
2025-09-24T18:14:51.700Z,61.2,1,1.553,50.4,0,59,0,0,0,0,0,0,0,0,5
2025-09-24T18:14:52.704Z,61.2,1,1.553,49.6,0,59,0,0,0,0,0,0,0,0,5
2025-09-24T18:14:53.702Z,61.2,1,1.553,50.4,0,59,0,0,0,0,0,0,0,0,5
2025-09-24T18:14:54.702Z,61.2,1,1.553,49.6,0,59,0,0,0,0,0,0,0,0,5
2025-09-24T18:14:55.701Z,61.2,1,1.553,50.4,0,59,0,0,0,0,0,0,0,0,5
2025-09-24T18:14:56.706Z,61.2,1,1.553,49.6,0,59,0,0,0,0,0,0,0,0,5
2025-09-24T18:14:57.705Z,61.2,1,1.553,50.4,0,59,0,0,0,0,0,0,0,0,5
2025-09-24T18:14:58.706Z,61.2,1,1.553,49.6,0,59,0,0,0,0,0,0,0,0,5
2025-09-24T18:14:59.707Z,61.2,1,1.554,50.4,0,59,0,0,0,0,0,0,0,0,5
2025-09-24T18:15:00.711Z,61.3,1,1.554,49.6,0,59,0,0,0,0,0,0,0,0,5
2025-09-24T18:15:01.710Z,61.3,1,1.554,50.4,0,59,0,0,0,0,0,0,0,0,5
2025-09-24T18:15:02.710Z,61.3,1,1.554,49.6,0,59,0,0,0,0,0,0,0,0,5
2025-09-24T18:15:03.709Z,61.3,1,1.554,50.4,0,59,0,0,0,0,0,0,0,0,5
2025-09-24T18:15:04.713Z,61.3,1,1.554,49.6,0,59,0,0,0,0,0,0,0,0,5
2025-09-24T18:15:05.717Z,61.3,1,1.554,50.4,0,59,0,0,0,0,0,0,0,0,5
2025-09-24T18:15:06.712Z,61.3,1,1.554,49.6,0,59,0,0,0,0,0,0,0,0,5
2025-09-24T18:15:07.711Z,61.3,1,1.554,50.4,0,59,0,0,0,0,0,0,0,0,5
2025-09-24T18:15:08.713Z,61.3,1,1.555,49.6,0,59,0,0,0,0,0,0,0,0,5
2025-09-24T18:15:09.715Z,61.3,1,1.554,50.4,0,59,0,0,0,0,0,0,0,0,5
2025-09-24T18:15:10.720Z,61.3,1,1.555,49.6,0,59.1,0,0,0,0,0,0,0,0,5
2025-09-24T18:15:11.719Z,61.4,1,1.555,50.4,0,59.1,0,0,0,0,0,0,0,0,5
2025-09-24T18:15:12.720Z,61.4,1,1.555,49.6,0,59.1,0,0,0,0,0,0,0,0,5
2025-09-24T18:15:13.720Z,61.4,1,1.554,50.4,0,59.1,0,0,0,0,0,0,0,0,5
2025-09-24T18:15:14.724Z,61.4,1,1.555,49.6,0,59.1,0,0,0,0,0,0,0,0,5
2025-09-24T18:15:15.723Z,61.4,1,1.555,50.4,0,59.1,0,0,0,0,0,0,0,0,5
2025-09-24T18:15:16.726Z,61.4,1,1.555,49.6,0,59.1,0,0,0,0,0,0,0,0,5
2025-09-24T18:15:17.725Z,61.4,1,1.555,50.4,0,59.1,0,0,0,0,0,0,0,0,5
2025-09-24T18:15:18.723Z,61.4,1,1.555,49.6,0,59.2,0,0,0,0,0,0,0,0,5
2025-09-24T18:15:19.728Z,61.4,1,1.555,49.6,0,59.2,0,0,0,0,0,0,0,0,5
2025-09-24T18:15:20.724Z,61.4,1,1.554,50.4,0,59.2,0,0,0,0,0,0,0,0,5
2025-09-24T18:15:21.728Z,61.4,1,1.554,49.6,0,59.2,0,0,0,0,0,0,0,0,5
2025-09-24T18:15:22.724Z,61.5,1,1.554,49.6,0,59.2,0,0,0,0,0,0,0,0,5
2025-09-24T18:15:23.726Z,61.5,1,1.554,49.6,0,59.2,0,0,0,0,0,0,0,0,5
2025-09-24T18:15:24.726Z,61.5,1,1.555,50.4,0,59.2,0,0,0,0,0,0,0,0,5
2025-09-24T18:15:25.728Z,61.5,1,1.555,49.6,0,59.2,0,0,0,0,0,0,0,0,5
2025-09-24T18:15:26.731Z,61.5,1,1.553,50.4,0,59.2,0,0,0,0,0,0,0,0,5
2025-09-24T18:15:27.735Z,61.5,1,1.553,49.6,0,59.2,0,0,0,0,0,0,0,0,5
2025-09-24T18:15:28.736Z,61.5,1,1.553,49.6,0,59.2,0,0,0,0,0,0,0,0,5
2025-09-24T18:15:29.732Z,61.5,1,1.553,50.4,0,59.2,0,0,0,0,0,0,0,0,5
2025-09-24T18:15:30.736Z,61.5,1,1.553,49.6,0,59.2,0,0,0,0,0,0,0,0,5
2025-09-24T18:15:31.736Z,61.5,1,1.553,50.4,0,59.2,0,0,0,0,0,0,0,0,5
2025-09-24T18:15:32.740Z,61.6,1,1.553,49.6,0,59.2,0,0,0,0,0,0,0,0,5
2025-09-24T18:15:33.736Z,61.6,1,1.554,50.4,0,59.3,0,0,0,0,0,0,0,0,5
2025-09-24T18:15:34.742Z,61.6,1,1.553,49.6,0,59.3,0,0,0,0,0,0,0,0,5
2025-09-24T18:15:35.741Z,61.6,1,1.553,49.6,0,59.2,0,0,0,0,0,0,0,0,5
2025-09-24T18:15:36.742Z,61.6,1,1.553,50.4,0,59.2,0,0,0,0,0,0,0,0,5
2025-09-24T18:15:37.743Z,61.6,1,1.553,49.6,0,59.2,0,0,0,0,0,0,0,0,5
2025-09-24T18:15:38.743Z,61.6,1,1.552,49.6,0,59.2,0,0,0,0,0,0,0,0,5
2025-09-24T18:15:39.743Z,61.6,1,1.553,50.4,0,59.3,0,0,0,0,0,0,0,0,5
2025-09-24T18:15:40.747Z,61.6,1,1.552,49.6,0,59.3,0,0,0,0,0,0,0,0,5
2025-09-24T18:15:41.752Z,61.6,1,1.552,50.4,0,59.2,0,0,0,0,0,0,0,0,5
2025-09-24T18:15:42.744Z,61.6,1,1.553,49.6,0,59.3,0,0,0,0,0,0,0,0,5
2025-09-24T18:15:43.748Z,61.6,1,1.552,49.6,0,59.3,0,0,0,0,0,0,0,0,5
2025-09-24T18:15:44.746Z,61.6,1,1.553,50.4,0,59.3,0,0,0,0,0,0,0,0,5
2025-09-24T18:15:45.747Z,61.6,1,1.553,49.6,0,59.3,0,0,0,0,0,0,0,0,5
2025-09-24T18:15:46.757Z,61.6,1,1.552,50.4,0,59.3,0,0,0,0,0,0,0,0,5
2025-09-24T18:15:47.748Z,61.6,1,1.552,49.6,0,59.3,0,0,0,0,0,0,0,0,5
2025-09-24T18:15:48.753Z,61.6,1,1.552,49.6,0,59.3,0,0,0,0,0,0,0,0,5
2025-09-24T18:15:49.755Z,61.7,1,1.551,50.4,0,59.3,0,0,0,0,0,0,0,0,5
2025-09-24T18:15:50.756Z,61.7,1,1.551,49.6,0,59.3,0,0,0,0,0,0,0,0,5
2025-09-24T18:15:51.758Z,61.7,1,1.551,49.6,0,59.3,0,0,0,0,0,0,0,0,5
2025-09-24T18:15:52.757Z,61.7,1,1.551,50.4,0,59.3,0,0,0,0,0,0,0,0,5
2025-09-24T18:15:53.760Z,61.7,1,1.55,50.4,0,59.3,0,0,0,0,0,0,0,0,5
2025-09-24T18:15:54.759Z,61.7,1,1.551,49.6,0,59.3,0,0,0,0,0,0,0,0,5
2025-09-24T18:15:55.760Z,61.7,1,1.551,50.4,0,59.3,0,0,0,0,0,0,0,0,5
2025-09-24T18:15:56.760Z,61.7,1,1.551,49.6,0,59.3,0,0,0,0,0,0,0,0,5
2025-09-24T18:15:57.761Z,61.7,1,1.551,50.4,0,59.3,0,0,0,0,0,0,0,0,5
2025-09-24T18:15:58.761Z,61.7,1,1.551,50.4,0,59.3,0,0,0,0,0,0,0,0,5
2025-09-24T18:15:59.764Z,61.7,1,1.551,49.6,0,59.3,0,0,0,0,0,0,0,0,5
2025-09-24T18:16:00.763Z,61.7,1,1.551,50.4,0,59.3,0,0,0,0,0,0,0,0,5
2025-09-24T18:16:01.763Z,61.7,1,1.551,49.6,0,59.3,0,0,0,0,0,0,0,0,5
2025-09-24T18:16:02.769Z,61.7,1,1.551,50.4,0,59.3,0,0,0,0,0,0,0,0,5
2025-09-24T18:16:03.768Z,61.7,1,1.551,49.6,0,59.3,0,0,0,0,0,0,0,0,5
2025-09-24T18:16:04.769Z,61.7,1,1.551,49.6,0,59.3,0,0,0,0,0,0,0,0,5
2025-09-24T18:16:05.772Z,61.7,1,1.551,50.4,0,59.3,0,0,0,0,0,0,0,0,5
2025-09-24T18:16:06.765Z,61.7,1,1.551,49.6,0,59.3,0,0,0,0,0,0,0,0,5
2025-09-24T18:16:07.767Z,61.7,1,1.551,50.4,0,59.3,0,0,0,0,0,0,0,0,5
2025-09-24T18:16:08.769Z,61.7,1,1.551,50.4,0,59.3,0,0,0,0,0,0,0,0,5
2025-09-24T18:16:09.768Z,61.7,1,1.551,49.6,0,59.3,0,0,0,0,0,0,0,0,5
2025-09-24T18:16:10.767Z,61.7,1,1.551,50.4,0,59.3,0,0,0,0,0,0,0,0,5
2025-09-24T18:16:11.770Z,61.7,1,1.551,49.6,0,59.3,0,0,0,0,0,0,0,0,5
2025-09-24T18:16:12.775Z,61.8,1,1.551,50.4,0,59.3,0,0,0,0,0,0,0,0,5
2025-09-24T18:16:13.773Z,61.8,1,1.551,49.6,0,59.3,0,0,0,0,0,0,0,0,5
2025-09-24T18:16:14.778Z,61.8,1,1.551,50.4,0,59.3,0,0,0,0,0,0,0,0,5
2025-09-24T18:16:15.777Z,61.8,1,1.551,50.4,0,59.3,0,0,0,0,0,0,0,0,5
2025-09-24T18:16:16.778Z,61.8,1,1.551,49.6,0,59.3,0,0,0,0,0,0,0,0,5
2025-09-24T18:16:17.776Z,61.8,1,1.554,50.4,0,59.3,0,0,0,0,0,0,0,0,5
2025-09-24T18:16:18.779Z,61.8,1,1.555,49.6,0,59.3,0,0,0,0,0,0,0,0,5
2025-09-24T18:16:19.781Z,61.8,1,1.555,49.6,0,59.3,0,0,0,0,0,0,0,0,5
2025-09-24T18:16:20.780Z,61.8,1,1.555,49.6,0,59.3,0,0,0,0,0,0,0,0,5
2025-09-24T18:16:21.778Z,61.8,1,1.555,50.4,0,59.3,0,0,0,0,0,0,0,0,5
2025-09-24T18:16:22.782Z,61.8,1,1.555,49.6,0,59.3,0,0,0,0,0,0,0,0,5
2025-09-24T18:16:23.783Z,61.8,1,1.555,50.4,0,59.3,0,0,0,0,0,0,0,0,5
2025-09-24T18:16:24.785Z,61.8,1,1.555,49.6,0,59.3,0,0,0,0,0,0,0,0,5
2025-09-24T18:16:25.785Z,61.8,1,1.555,49.6,0,59.3,0,0,0,0,0,0,0,0,5
2025-09-24T18:16:26.788Z,61.8,1,1.555,50.4,0,59.3,0,0,0,0,0,0,0,0,5
2025-09-24T18:16:27.791Z,61.8,1,1.555,49.6,0,59.3,0,0,0,0,0,0,0,0,5
2025-09-24T18:16:28.791Z,61.8,1,1.555,49.6,0,59.3,0,0,0,0,0,0,0,0,5
2025-09-24T18:16:29.791Z,61.8,1,1.555,50.4,0,59.3,0,0,0,0,0,0,0,0,6
2025-09-24T18:16:30.792Z,61.8,1,1.555,50.4,0,59.3,0,0,0,0,0,0,0,0,6
2025-09-24T18:16:31.790Z,61.8,1.2,1.563,49.6,0,59.3,0,0,0,0,0,0,0,0,6
2025-09-24T18:16:32.803Z,61.8,1.2,1.562,49.6,0,59.3,0,0,0,0,0,0,0,0,6
2025-09-24T18:16:33.795Z,61.8,1.2,1.563,49.6,0,59.3,0,0,0,0,0,0,0,0,6
2025-09-24T18:16:34.795Z,61.8,1.2,1.563,50.4,0,59.3,0,0,0,0,0,0,0,0,6
2025-09-24T18:16:35.801Z,61.8,1.2,1.563,50.4,0,59.3,0,0,0,0,0,0,0,0,6
2025-09-24T18:16:36.798Z,61.8,1.2,1.563,49.6,0,59.3,0,0,0,0,0,0,0,0,6
2025-09-24T18:16:37.792Z,61.8,1.2,1.563,50.4,0,59.3,0,0,0,0,0,0,0,0,6
2025-09-24T18:16:38.800Z,61.8,1.2,1.563,49.6,0,59.3,0,0,0,0,0,0,0,0,6
2025-09-24T18:16:39.798Z,61.8,1.2,1.563,50.4,0,59.3,0,0,0,0,0,0,0,0,6
2025-09-24T18:16:40.803Z,61.8,1.2,1.563,49.6,0,59.3,0,0,0,0,0,0,0,0,6
2025-09-24T18:16:41.801Z,61.8,1.2,1.563,49.6,0,59.3,0,0,0,0,0,0,0,0,6
2025-09-24T18:16:42.803Z,61.8,1.2,1.563,50.4,0,59.3,0,0,0,0,0,0,0,0,6
2025-09-24T18:16:43.803Z,61.8,1.2,1.563,49.6,0,59.3,0,0,0,0,0,0,0,0,6
2025-09-24T18:16:44.808Z,61.8,1.2,1.563,49.6,0,59.3,0,0,0,0,0,0,0,0,6
2025-09-24T18:16:45.806Z,61.8,1.2,1.563,50.4,0,59.3,0,0,0,0,0,0,0,0,6
2025-09-24T18:16:46.807Z,61.8,1.2,1.563,49.6,0,59.3,0,0,0,0,0,0,0,0,6
2025-09-24T18:16:47.808Z,61.8,1.2,1.563,50.4,0,59.3,0,0,0,0,0,0,0,0,6
2025-09-24T18:16:48.811Z,61.8,1.2,1.563,50.4,0,59.3,0,0,0,0,0,0,0,0,6
2025-09-24T18:16:49.809Z,61.8,1.2,1.563,49.6,0,59.3,0,0,0,0,0,0,0,0,6
2025-09-24T18:16:50.808Z,61.8,1.2,1.563,50.4,0,59.3,0,0,0,0,0,0,0,0,6
2025-09-24T18:16:51.809Z,61.8,1.2,1.562,49.6,0,59.3,0,0,0,0,0,0,0,0,6
2025-09-24T18:16:52.812Z,61.8,1.2,1.564,50.4,0,59.3,0,0,0,0,0,0,0,0,6
2025-09-24T18:16:53.812Z,61.8,1.2,1.563,49.6,0,59.3,0,0,0,0,0,0,0,0,6
2025-09-24T18:16:54.813Z,61.8,1.2,1.564,49.6,0,59.3,0,0,0,0,0,0,0,0,6
2025-09-24T18:16:55.814Z,61.8,1.2,1.562,50.4,0,59.3,0,0,0,0,0,0,0,0,6
2025-09-24T18:16:56.814Z,61.7,1.2,1.562,49.6,0,59.3,0,0,0,0,0,0,0,0,6
2025-09-24T18:16:57.818Z,61.7,1.2,1.564,50.4,0,59.3,0,0,0,0,0,0,0,0,6
2025-09-24T18:16:58.815Z,61.7,1.2,1.562,50.4,0,59.3,0,0,0,0,0,0,0,0,6
2025-09-24T18:16:59.820Z,61.7,1.2,1.563,49.6,0,59.3,0,0,0,0,0,0,0,0,6
2025-09-24T18:17:00.821Z,61.7,1.2,1.563,50.4,0,59.3,0,0,0,0,0,0,0,0,6
2025-09-24T18:17:01.824Z,61.7,1.2,1.564,49.6,0,59.3,0,0,0,0,0,0,0,0,6
2025-09-24T18:17:02.824Z,61.7,1.2,1.563,50.4,0,59.3,0,0,0,0,0,0,0,0,6
2025-09-24T18:17:03.821Z,61.7,1.2,1.562,49.6,0,59.3,0,0,0,0,0,0,0,0,6
2025-09-24T18:17:04.825Z,61.7,1.2,1.563,50.4,0,59.3,0,0,0,0,0,0,0,0,6
2025-09-24T18:17:05.822Z,61.7,1.2,1.562,49.6,0,59.3,0,0,0,0,0,0,0,0,6
2025-09-24T18:17:06.824Z,61.7,1.2,1.562,49.6,0,59.3,0,0,0,0,0,0,0,0,6
2025-09-24T18:17:07.824Z,61.7,1.2,1.562,50.4,0,59.3,0,0,0,0,0,0,0,0,6
2025-09-24T18:17:08.826Z,61.7,1.2,1.562,49.6,0,59.3,0,0,0,0,0,0,0,0,6
2025-09-24T18:17:09.825Z,61.7,1.2,1.562,50.4,0,59.3,0,0,0,0,0,0,0,0,6
2025-09-24T18:17:10.826Z,61.7,1.2,1.563,50.4,0,59.3,0,0,0,0,0,0,0,0,6
2025-09-24T18:17:11.826Z,61.7,1.2,1.562,49.6,0,59.3,0,0,0,0,0,0,0,0,6
2025-09-24T18:17:12.828Z,61.7,1.2,1.563,50.4,0,59.3,0,0,0,0,0,0,0,0,6
2025-09-24T18:17:13.831Z,61.7,1.2,1.563,49.6,0,59.3,0,0,0,0,0,0,0,0,6
2025-09-24T18:17:14.827Z,61.7,1.2,1.562,50.4,0,59.3,0,0,0,0,0,0,0,0,6
2025-09-24T18:17:15.828Z,61.7,1.2,1.562,49.6,0,59.3,0,0,0,0,0,0,0,0,6
2025-09-24T18:17:16.828Z,61.7,1.2,1.563,49.6,0,59.3,0,0,0,0,0,0,0,0,6
2025-09-24T18:17:17.830Z,61.7,1.2,1.563,49.6,0,59.3,0,0,0,0,0,0,0,0,6
2025-09-24T18:17:18.834Z,61.7,1.2,1.563,50.4,0,59.3,0,0,0,0,0,0,0,0,6
2025-09-24T18:17:19.833Z,61.6,1.2,1.563,49.6,0,59.3,0,0,0,0,0,0,0,0,6
2025-09-24T18:17:20.835Z,61.6,1.2,1.563,50.4,0,59.3,0,0,0,0,0,0,0,0,6
2025-09-24T18:17:21.835Z,61.6,1.2,1.563,50.4,0,59.3,0,0,0,0,0,0,0,0,6
2025-09-24T18:17:22.839Z,61.6,1.2,1.563,49.6,0,59.3,0,0,0,0,0,0,0,0,6
2025-09-24T18:17:23.838Z,61.6,1.2,1.563,50.4,0,59.3,0,0,0,0,0,0,0,0,6
2025-09-24T18:17:24.842Z,61.6,1.2,1.563,49.6,0,59.3,0,0,0,0,0,0,0,0,6
2025-09-24T18:17:25.839Z,61.6,1.2,1.563,50.4,0,59.3,0,0,0,0,0,0,0,0,6
2025-09-24T18:17:26.840Z,61.6,1.2,1.563,49.6,0,59.3,0,0,0,0,0,0,0,0,6
2025-09-24T18:17:27.845Z,61.6,1.2,1.563,50.4,0,59.3,0,0,0,0,0,0,0,0,6
2025-09-24T18:17:28.839Z,61.6,1.2,1.563,49.6,0,59.3,0,0,0,0,0,0,0,0,6
2025-09-24T18:17:29.846Z,61.6,1.2,1.563,50.4,0,59.3,0,0,0,0,0,0,0,0,6
2025-09-24T18:17:30.846Z,61.6,1.2,1.563,49.6,0,59.3,0,0,0,0,0,0,0,0,6
2025-09-24T18:17:31.847Z,61.6,1.2,1.563,50.4,0,59.3,0,0,0,0,0,0,0,0,6
2025-09-24T18:17:32.849Z,61.6,1.2,1.563,49.6,0,59.3,0,0,0,0,0,0,0,0,6
2025-09-24T18:17:33.846Z,61.6,1.2,1.563,50.4,0,59.3,0,0,0,0,0,0,0,0,6
2025-09-24T18:17:34.847Z,61.6,1.2,1.564,49.6,0,59.3,0,0,0,0,0,0,0,0,6
2025-09-24T18:17:35.851Z,61.6,1.2,1.563,49.6,0,59.3,0,0,0,0,0,0,0,0,6
2025-09-24T18:17:36.852Z,61.6,1.2,1.563,50.4,0,59.3,0,0,0,0,0,0,0,0,6
2025-09-24T18:17:37.850Z,61.6,1.2,1.563,49.6,0,59.3,0,0,0,0,0,0,0,0,6
2025-09-24T18:17:38.851Z,61.5,1.2,1.561,50.4,0,59.3,0,0,0,0,0,0,0,0,6
2025-09-24T18:17:39.852Z,61.6,1.2,1.563,49.6,0,59.3,0,0,0,0,0,0,0,0,6
2025-09-24T18:17:40.854Z,61.5,1.2,1.563,49.6,0,59.4,0,0,0,0,0,0,0,0,6
2025-09-24T18:17:41.853Z,61.5,1.2,1.561,49.6,0,59.4,0,0,0,0,0,0,0,0,6
2025-09-24T18:17:42.856Z,61.5,1.2,1.561,50.4,0,59.3,0,0,0,0,0,0,0,0,6
2025-09-24T18:17:43.852Z,61.5,1.2,1.564,50.4,0,59.4,0,0,0,0,0,0,0,0,6
2025-09-24T18:17:44.857Z,61.5,1.2,1.563,49.6,0,59.4,0,0,0,0,0,0,0,0,6
2025-09-24T18:17:45.855Z,61.5,1.2,1.561,50.4,0,59.4,0,0,0,0,0,0,0,0,6
2025-09-24T18:17:46.855Z,61.5,1.2,1.561,49.6,0,59.4,0,0,0,0,0,0,0,0,6
2025-09-24T18:17:47.858Z,61.5,1.2,1.564,50.4,0,59.4,0,0,0,0,0,0,0,0,6
2025-09-24T18:17:48.858Z,61.5,1.2,1.564,49.6,0,59.4,0,0,0,0,0,0,0,0,6
2025-09-24T18:17:49.862Z,61.5,1.2,1.561,50.4,0,59.4,0,0,0,0,0,0,0,0,6
2025-09-24T18:17:50.862Z,61.5,1.2,1.561,49.6,0,59.4,0,0,0,0,0,0,0,0,6
2025-09-24T18:17:51.863Z,61.5,1.2,1.564,50.4,0,59.4,0,0,0,0,0,0,0,0,6
2025-09-24T18:17:52.866Z,61.5,1.2,1.564,49.6,0,59.4,0,0,0,0,0,0,0,0,6
2025-09-24T18:17:53.867Z,61.4,1.2,1.562,49.6,0,59.4,0,0,0,0,0,0,0,0,6
2025-09-24T18:17:54.866Z,61.4,1.2,1.561,50.4,0,59.4,0,0,0,0,0,0,0,0,6
2025-09-24T18:17:55.865Z,61.4,1.2,1.561,49.6,0,59.4,0,0,0,0,0,0,0,0,6
2025-09-24T18:17:56.867Z,61.4,1.2,1.562,50.4,0,59.4,0,0,0,0,0,0,0,0,6
2025-09-24T18:17:57.869Z,61.4,1.2,1.562,50.4,0,59.4,0,0,0,0,0,0,0,0,6
2025-09-24T18:17:58.871Z,61.4,1.2,1.562,49.6,0,59.4,0,0,0,0,0,0,0,0,6
2025-09-24T18:17:59.872Z,61.4,1.2,1.562,50.4,0,59.4,0,0,0,0,0,0,0,0,6
2025-09-24T18:18:00.876Z,61.4,1.2,1.563,49.6,0,59.4,0,0,0,0,0,0,0,0,6
2025-09-24T18:18:01.871Z,61.4,1.2,1.564,50.4,0,59.4,0,0,0,0,0,0,0,0,6
2025-09-24T18:18:02.875Z,61.4,1.2,1.564,49.6,0,59.4,0,0,0,0,0,0,0,0,6
2025-09-24T18:18:03.876Z,61.4,1.2,1.56,49.6,0,59.4,0,0,0,0,0,0,0,0,6
2025-09-24T18:18:04.876Z,61.4,1.2,1.56,49.6,0,59.4,0,0,0,0,0,0,0,0,6
2025-09-24T18:18:05.874Z,61.4,1.2,1.56,50.4,0,59.4,0,0,0,0,0,0,0,0,6
2025-09-24T18:18:06.879Z,61.4,1.2,1.56,49.6,0,59.4,0,0,0,0,0,0,0,0,6
2025-09-24T18:18:07.878Z,61.4,1.2,1.56,50.4,0,59.4,0,0,0,0,0,0,0,0,6
2025-09-24T18:18:08.880Z,61.3,1.2,1.56,49.6,0,59.3,0,0,0,0,0,0,0,0,6
2025-09-24T18:18:09.879Z,61.3,1.2,1.56,49.6,0,59.3,0,0,0,0,0,0,0,0,6
2025-09-24T18:18:10.882Z,61.3,1.2,1.564,50.4,0,59.3,0,0,0,0,0,0,0,0,6
2025-09-24T18:18:11.881Z,61.3,1.2,1.564,49.6,0,59.3,0,0,0,0,0,0,0,0,6
2025-09-24T18:18:12.884Z,61.3,1.2,1.561,49.6,0,59.3,0,0,0,0,0,0,0,0,6
2025-09-24T18:18:13.884Z,61.3,1.2,1.56,50.4,0,59.2,0,0,0,0,0,0,0,0,6
2025-09-24T18:18:14.883Z,61.3,1.2,1.56,50.4,0,59.2,0,0,0,0,0,0,0,0,6
