timestamp,TECell_PV,PSCurrent_PV,PSVoltage_PV,FT201_PV,HTR201_PV,TE201_PV,CT201_PV,CT210_PV,Cell1_Voltage,Cell2_Voltage,Cell3_Voltage,PT201_PV,PT302_PV,HCD220_PV,step
2025-09-29T05:32:28.976Z,60.5,21.1,1.923,49.6,0,59.9,0,0,0,0,0,0,0,0,66
2025-09-29T05:32:29.981Z,60.5,21.1,1.923,49.6,0,59.9,0,0,0,0,0,0,0,0,66
2025-09-29T05:32:30.980Z,60.5,21.1,1.923,50.4,0,59.9,0,0,0,0,0,0,0,0,66
2025-09-29T05:32:31.981Z,60.5,21.1,1.923,50.4,0,59.9,0,0,0,0,0,0,0,0,66
2025-09-29T05:32:32.977Z,60.5,21.1,1.923,49.6,0,59.9,0,0,0,0,0,0,0,0,66
2025-09-29T05:32:33.984Z,60.5,21.1,1.922,50.4,0,59.9,0,0,0,0,0,0,0,0,66
2025-09-29T05:32:34.982Z,60.5,21.1,1.922,49.6,0,59.9,0,0,0,0,0,0,0,0,66
2025-09-29T05:32:35.982Z,60.5,21.1,1.922,50.4,0,59.9,0,0,0,0,0,0,0,0,66
2025-09-29T05:32:36.988Z,60.5,21.1,1.922,49.6,0,59.9,0,0,0,0,0,0,0,0,66
2025-09-29T05:32:37.989Z,60.5,21.1,1.922,49.6,0,59.9,0,0,0,0,0,0,0,0,66
2025-09-29T05:32:38.991Z,60.5,21.1,1.922,50.4,0,59.9,0,0,0,0,0,0,0,0,66
2025-09-29T05:32:39.985Z,60.5,21.1,1.922,49.6,0,59.9,0,0,0,0,0,0,0,0,66
2025-09-29T05:32:40.985Z,60.6,21.1,1.922,49.6,0,59.9,0,0,0,0,0,0,0,0,66
2025-09-29T05:32:41.989Z,60.6,21.1,1.922,50.4,0,59.9,0,0,0,0,0,0,0,0,66
2025-09-29T05:32:42.991Z,60.6,21.1,1.922,49.6,0,59.9,0,0,0,0,0,0,0,0,66
2025-09-29T05:32:43.992Z,60.6,21.1,1.922,49.6,0,59.9,0,0,0,0,0,0,0,0,66
2025-09-29T05:32:44.992Z,60.6,21.1,1.922,50.4,0,59.9,0,0,0,0,0,0,0,0,66
2025-09-29T05:32:45.994Z,60.6,21.1,1.922,50.4,0,59.9,0,0,0,0,0,0,0,0,66
2025-09-29T05:32:46.995Z,60.6,21.1,1.922,49.6,0,59.9,0,0,0,0,0,0,0,0,66
2025-09-29T05:32:47.996Z,60.6,21.1,1.922,50.4,0,59.9,0,0,0,0,0,0,0,0,66
2025-09-29T05:32:48.997Z,60.6,21.1,1.922,50.4,0,59.9,0,0,0,0,0,0,0,0,66
2025-09-29T05:32:50.002Z,60.6,21.1,1.923,49.6,0,59.9,0,0,0,0,0,0,0,0,66
2025-09-29T05:32:51.000Z,60.6,21.1,1.922,50.4,0,59.9,0,0,0,0,0,0,0,0,66
2025-09-29T05:32:51.996Z,60.6,21.1,1.922,49.6,0,59.9,0,0,0,0,0,0,0,0,66
2025-09-29T05:32:52.996Z,60.6,21.1,1.922,49.6,0,59.9,0,0,0,0,0,0,0,0,66
2025-09-29T05:32:53.998Z,60.6,21.1,1.921,50.4,0,59.9,0,0,0,0,0,0,0,0,66
2025-09-29T05:32:55.003Z,60.6,21.1,1.922,50.4,0,59.9,0,0,0,0,0,0,0,0,66
2025-09-29T05:32:56.008Z,60.6,21.1,1.922,49.6,0,59.9,0,0,0,0,0,0,0,0,66
2025-09-29T05:32:57.004Z,60.6,21.1,1.921,50.4,0,59.9,0,0,0,0,0,0,0,0,66
2025-09-29T05:32:58.003Z,60.6,21.1,1.921,49.6,0,59.9,0,0,0,0,0,0,0,0,66
2025-09-29T05:32:59.002Z,60.7,21.1,1.921,50.4,0,59.9,0,0,0,0,0,0,0,0,66
2025-09-29T05:32:59.999Z,60.7,21.1,1.921,49.6,0,59.9,0,0,0,0,0,0,0,0,66
2025-09-29T05:33:01.000Z,60.7,21.1,1.921,50.4,0,59.9,0,0,0,0,0,0,0,0,66
2025-09-29T05:33:02.004Z,60.7,21.1,1.921,49.6,0,59.9,0,0,0,0,0,0,0,0,66
2025-09-29T05:33:03.010Z,60.7,21.1,1.922,49.6,0,59.9,0,0,0,0,0,0,0,0,66
2025-09-29T05:33:04.001Z,60.7,21.1,1.921,50.4,0,59.9,0,0,0,0,0,0,0,0,66
2025-09-29T05:33:05.004Z,60.7,21.1,1.921,50.4,0,59.9,0,0,0,0,0,0,0,0,66
2025-09-29T05:33:06.006Z,60.7,21.1,1.921,49.6,0,59.9,0,0,0,0,0,0,0,0,66
2025-09-29T05:33:07.003Z,60.7,21.1,1.921,50.4,0,59.9,0,0,0,0,0,0,0,0,66
2025-09-29T05:33:08.006Z,60.7,21.1,1.921,49.6,0,59.9,0,0,0,0,0,0,0,0,66
2025-09-29T05:33:09.006Z,60.7,21.1,1.921,50.4,0,59.9,0,0,0,0,0,0,0,0,66
2025-09-29T05:33:10.009Z,60.7,21.1,1.922,49.6,0,59.9,0,0,0,0,0,0,0,0,66
2025-09-29T05:33:11.007Z,60.7,21.1,1.921,50.4,0,59.9,0,0,0,0,0,0,0,0,66
2025-09-29T05:33:12.010Z,60.7,21.1,1.921,49.6,0,59.9,0,0,0,0,0,0,0,0,66
2025-09-29T05:33:13.010Z,60.7,21.1,1.921,50.4,0,59.9,0,0,0,0,0,0,0,0,66
2025-09-29T05:33:14.006Z,60.7,21.1,1.921,49.6,0,59.9,0,0,0,0,0,0,0,0,66
2025-09-29T05:33:15.013Z,60.7,21.1,1.921,49.6,0,59.9,0,0,0,0,0,0,0,0,66
2025-09-29T05:33:16.012Z,60.7,21.1,1.921,50.4,0,59.9,0,0,0,0,0,0,0,0,66
2025-09-29T05:33:17.012Z,60.7,21.1,1.921,50.4,0,59.9,0,0,0,0,0,0,0,0,66
2025-09-29T05:33:18.015Z,60.7,21.1,1.921,49.6,0,59.9,0,0,0,0,0,0,0,0,66
2025-09-29T05:33:19.016Z,60.8,21.1,1.921,49.6,0,59.9,0,0,0,0,0,0,0,0,66
2025-09-29T05:33:20.017Z,60.8,21.1,1.921,49.6,0,59.9,0,0,0,0,0,0,0,0,66
2025-09-29T05:33:21.009Z,60.8,21.1,1.921,50.4,0,59.9,0,0,0,0,0,0,0,0,66
2025-09-29T05:33:22.019Z,60.8,21.1,1.921,49.6,0,59.9,0,0,0,0,0,0,0,0,66
2025-09-29T05:33:23.019Z,60.8,21.1,1.921,49.6,0,59.9,0,0,0,0,0,0,0,0,66
2025-09-29T05:33:24.016Z,60.8,21.1,1.921,50.4,0,59.9,0,0,0,0,0,0,0,0,66
2025-09-29T05:33:25.022Z,60.8,21.1,1.921,49.6,0,59.9,0,0,0,0,0,0,0,0,66
2025-09-29T05:33:26.021Z,60.8,21.1,1.921,49.6,0,59.9,0,0,0,0,0,0,0,0,66
2025-09-29T05:33:27.021Z,60.8,21.1,1.921,50.4,0,59.9,0,0,0,0,0,0,0,0,66
2025-09-29T05:33:28.022Z,60.8,21.1,1.921,49.6,0,59.9,0,0,0,0,0,0,0,0,66
2025-09-29T05:33:29.020Z,60.8,21.1,1.921,49.6,0,59.9,0,0,0,0,0,0,0,0,66
2025-09-29T05:33:30.021Z,60.8,21.1,1.921,50.4,0,59.9,0,0,0,0,0,0,0,0,66
2025-09-29T05:33:31.028Z,60.8,21.1,1.922,49.6,0,59.9,0,0,0,0,0,0,0,0,66
2025-09-29T05:33:32.022Z,60.8,21.1,1.921,50.4,0,59.9,0,0,0,0,0,0,0,0,66
2025-09-29T05:33:33.020Z,60.8,21.1,1.921,50.4,0,59.9,0,0,0,0,0,0,0,0,66
2025-09-29T05:33:34.025Z,60.8,21.1,1.92,49.6,0,59.9,0,0,0,0,0,0,0,0,66
2025-09-29T05:33:35.030Z,60.8,21.1,1.922,49.6,0,59.9,0,0,0,0,0,0,0,0,66
2025-09-29T05:33:36.029Z,60.8,21.1,1.922,50.4,0,59.9,0,0,0,0,0,0,0,0,66
2025-09-29T05:33:37.025Z,60.8,21.1,1.921,49.6,0,59.9,0,0,0,0,0,0,0,0,66
2025-09-29T05:33:38.027Z,60.8,21.1,1.921,49.6,0,59.9,0,0,0,0,0,0,0,0,66
2025-09-29T05:33:39.032Z,60.8,21.1,1.922,50.4,0,59.9,0,0,0,0,0,0,0,0,66
2025-09-29T05:33:40.028Z,60.9,21.1,1.921,50.4,0,59.9,0,0,0,0,0,0,0,0,66
2025-09-29T05:33:41.028Z,60.9,21.1,1.921,49.6,0,59.9,0,0,0,0,0,0,0,0,66
2025-09-29T05:33:42.036Z,60.9,21.1,1.921,50.4,0,59.9,0,0,0,0,0,0,0,0,66
2025-09-29T05:33:43.032Z,60.9,21.1,1.922,49.6,0,59.9,0,0,0,0,0,0,0,0,66
2025-09-29T05:33:44.035Z,60.9,21.1,1.922,49.6,0,59.9,0,0,0,0,0,0,0,0,66
2025-09-29T05:33:45.035Z,60.9,21.1,1.922,50.4,0,59.9,0,0,0,0,0,0,0,0,66
2025-09-29T05:33:46.036Z,60.9,21.1,1.922,50.4,0,59.9,0,0,0,0,0,0,0,0,66
2025-09-29T05:33:47.038Z,60.9,21.1,1.922,49.6,0,59.9,0,0,0,0,0,0,0,0,66
2025-09-29T05:33:48.044Z,60.9,21.1,1.921,50.4,0,59.9,0,0,0,0,0,0,0,0,66
2025-09-29T05:33:49.035Z,60.9,21.1,1.921,49.6,0,59.9,0,0,0,0,0,0,0,0,66
2025-09-29T05:33:50.044Z,60.9,21.1,1.922,50.4,0,59.9,0,0,0,0,0,0,0,0,66
2025-09-29T05:33:51.041Z,60.9,21.1,1.922,49.6,0,59.9,0,0,0,0,0,0,0,0,66
2025-09-29T05:33:52.039Z,60.9,21.1,1.922,50.4,0,59.9,0,0,0,0,0,0,0,0,66
2025-09-29T05:33:53.045Z,60.9,21.1,1.922,50.4,0,59.9,0,0,0,0,0,0,0,0,66
2025-09-29T05:33:54.046Z,60.9,21.1,1.922,49.6,0,59.9,0,0,0,0,0,0,0,0,66
2025-09-29T05:33:55.049Z,60.9,21.1,1.921,50.4,0,59.9,0,0,0,0,0,0,0,0,66
2025-09-29T05:33:56.048Z,60.9,21.1,1.922,49.6,0,59.9,0,0,0,0,0,0,0,0,66
2025-09-29T05:33:57.047Z,60.9,21.1,1.922,50.4,0,59.9,0,0,0,0,0,0,0,0,66
2025-09-29T05:33:58.050Z,60.9,21.1,1.921,49.6,0,59.9,0,0,0,0,0,0,0,0,66
2025-09-29T05:33:59.048Z,60.9,21.1,1.922,49.6,0,59.9,0,0,0,0,0,0,0,0,66
2025-09-29T05:34:00.045Z,60.9,21.1,1.921,50.4,0,59.9,0,0,0,0,0,0,0,0,66
2025-09-29T05:34:01.051Z,60.9,21.1,1.921,49.6,0,59.9,0,0,0,0,0,0,0,0,66
2025-09-29T05:34:02.051Z,60.9,21.1,1.922,49.6,0,59.9,0,0,0,0,0,0,0,0,66
2025-09-29T05:34:02.051Z,60.9,21.1,1.922,49.6,0,59.9,0,0,0,0,0,0,0,0,66
2025-09-29T05:34:04.046Z,60.9,21.1,1.921,49.6,0,59.9,0,0,0,0,0,0,0,0,66
2025-09-29T05:34:05.051Z,60.9,21.1,1.922,50.4,0,59.9,0,0,0,0,0,0,0,0,66
2025-09-29T05:34:06.050Z,60.9,21.1,1.921,49.6,0,59.9,0,0,0,0,0,0,0,0,66
2025-09-29T05:34:07.054Z,60.9,21.1,1.921,49.6,0,59.9,0,0,0,0,0,0,0,0,66
2025-09-29T05:34:08.055Z,60.9,21.1,1.921,50.4,0,59.9,0,0,0,0,0,0,0,0,66
2025-09-29T05:34:09.054Z,60.9,21.1,1.921,50.4,0,59.9,0,0,0,0,0,0,0,0,66
2025-09-29T05:34:10.053Z,60.9,21.1,1.922,49.6,0,59.9,0,0,0,0,0,0,0,0,66
2025-09-29T05:34:11.051Z,61,21.1,1.921,49.6,0,59.9,0,0,0,0,0,0,0,0,66
2025-09-29T05:34:12.056Z,60.9,21.1,1.922,49.6,0,59.9,0,0,0,0,0,0,0,0,66
2025-09-29T05:34:13.058Z,61,21.1,1.921,50.4,0,59.9,0,0,0,0,0,0,0,0,66
2025-09-29T05:34:14.062Z,61,21.1,1.92,50.4,0,59.9,0,0,0,0,0,0,0,0,66
2025-09-29T05:34:15.063Z,61,21.1,1.921,49.6,0,59.9,0,0,0,0,0,0,0,0,66
2025-09-29T05:34:16.064Z,61,21.1,1.92,50.4,0,59.9,0,0,0,0,0,0,0,0,66
2025-09-29T05:34:17.063Z,61,21.1,1.92,49.6,0,59.9,0,0,0,0,0,0,0,0,66
2025-09-29T05:34:18.064Z,61,21.1,1.921,50.4,0,59.9,0,0,0,0,0,0,0,0,66
2025-09-29T05:34:19.069Z,61,21.1,1.92,50.4,0,59.9,0,0,0,0,0,0,0,0,66
2025-09-29T05:34:20.066Z,61,21.1,1.92,49.6,0,59.8,0,0,0,0,0,0,0,0,66
2025-09-29T05:34:21.071Z,61,21.1,1.92,50.4,0,59.9,0,0,0,0,0,0,0,0,66
2025-09-29T05:34:22.066Z,61,21.1,1.921,49.6,0,59.9,0,0,0,0,0,0,0,0,66
2025-09-29T05:34:23.069Z,61,21.1,1.92,50.4,0,59.9,0,0,0,0,0,0,0,0,66
2025-09-29T05:34:24.067Z,61,21.1,1.921,49.6,0,59.9,0,0,0,0,0,0,0,0,66
2025-09-29T05:34:25.070Z,61,21.1,1.92,50.4,0,59.9,0,0,0,0,0,0,0,0,66
2025-09-29T05:34:26.075Z,61,21.1,1.92,50.4,0,59.9,0,0,0,0,0,0,0,0,66
2025-09-29T05:34:27.073Z,61,21.1,1.92,49.6,0,59.9,0,0,0,0,0,0,0,0,66
2025-09-29T05:34:28.075Z,61,21.1,1.92,49.6,0,59.9,0,0,0,0,0,0,0,0,66
2025-09-29T05:34:29.070Z,61,21.1,1.92,49.6,0,59.9,0,0,0,0,0,0,0,0,66
2025-09-29T05:34:30.077Z,61,21.1,1.92,50.4,0,59.9,0,0,0,0,0,0,0,0,66
2025-09-29T05:34:31.076Z,61,21.1,1.92,50.4,0,59.9,0,0,0,0,0,0,0,0,66
2025-09-29T05:34:32.072Z,61,21.1,1.92,49.6,0,59.8,0,0,0,0,0,0,0,0,66
2025-09-29T05:34:33.075Z,61,21.1,1.92,49.6,0,59.9,0,0,0,0,0,0,0,0,66
2025-09-29T05:34:34.081Z,61,21.1,1.92,49.6,0,59.9,0,0,0,0,0,0,0,0,66
2025-09-29T05:34:35.081Z,61,21.1,1.92,50.4,0,59.9,0,0,0,0,0,0,0,0,66
2025-09-29T05:34:36.080Z,61,21.1,1.92,50.4,0,59.9,0,0,0,0,0,0,0,0,66
2025-09-29T05:34:37.077Z,61,21.1,1.92,49.6,0,59.9,0,0,0,0,0,0,0,0,66
2025-09-29T05:34:38.080Z,61,21.1,1.92,50.4,0,59.9,0,0,0,0,0,0,0,0,66
2025-09-29T05:34:39.081Z,61,21.1,1.92,49.6,0,59.9,0,0,0,0,0,0,0,0,66
2025-09-29T05:34:40.085Z,61,21.1,1.92,50.4,0,59.9,0,0,0,0,0,0,0,0,66
2025-09-29T05:34:41.086Z,61,21.1,1.92,49.6,0,59.9,0,0,0,0,0,0,0,0,66
2025-09-29T05:34:42.081Z,61,21.1,1.92,49.6,0,59.9,0,0,0,0,0,0,0,0,66
2025-09-29T05:34:43.084Z,61,21.1,1.921,50.4,0,59.9,0,0,0,0,0,0,0,0,66
2025-09-29T05:34:44.087Z,61,21.1,1.92,49.6,0,59.9,0,0,0,0,0,0,0,0,66
2025-09-29T05:34:45.087Z,61,21.1,1.92,49.6,0,59.9,0,0,0,0,0,0,0,0,66
2025-09-29T05:34:46.089Z,61,21.1,1.92,50.4,0,59.9,0,0,0,0,0,0,0,0,66
2025-09-29T05:34:47.089Z,61,21.1,1.92,49.6,0,59.9,0,0,0,0,0,0,0,0,66
2025-09-29T05:34:48.089Z,61,21.1,1.92,50.4,0,59.9,0,0,0,0,0,0,0,0,66
2025-09-29T05:34:49.090Z,61,21.1,1.92,50.4,0,59.9,0,0,0,0,0,0,0,0,66
2025-09-29T05:34:50.095Z,61,21.1,1.92,49.6,0,59.9,0,0,0,0,0,0,0,0,66
2025-09-29T05:34:51.092Z,61,21.1,1.92,50.4,0,59.9,0,0,0,0,0,0,0,0,66
2025-09-29T05:34:52.092Z,61,21.1,1.92,49.6,0,59.9,0,0,0,0,0,0,0,0,66
2025-09-29T05:34:53.093Z,61,21.1,1.92,50.4,0,59.9,0,0,0,0,0,0,0,0,66
2025-09-29T05:34:54.094Z,61,21.1,1.92,49.6,0,59.9,0,0,0,0,0,0,0,0,66
2025-09-29T05:34:55.099Z,61,21.1,1.921,50.4,0,59.9,0,0,0,0,0,0,0,0,66
2025-09-29T05:34:56.098Z,61,21.1,1.92,50.4,0,59.9,0,0,0,0,0,0,0,0,66
2025-09-29T05:34:57.096Z,61,21.1,1.92,49.6,0,59.9,0,0,0,0,0,0,0,0,66
2025-09-29T05:34:58.098Z,60.9,21.1,1.92,50.4,0,59.9,0,0,0,0,0,0,0,0,66
2025-09-29T05:34:59.096Z,60.9,21.1,1.92,49.6,0,59.9,0,0,0,0,0,0,0,0,66
2025-09-29T05:35:00.096Z,60.9,21.1,1.92,50.4,0,59.9,0,0,0,0,0,0,0,0,66
2025-09-29T05:35:01.099Z,61,21.1,1.92,49.6,0,59.9,0,0,0,0,0,0,0,0,66
2025-09-29T05:35:02.102Z,61,21.1,1.921,50.4,0,59.9,0,0,0,0,0,0,0,0,66
2025-09-29T05:35:03.104Z,60.9,21.1,1.922,49.6,0,59.9,0,0,0,0,0,0,0,0,66
2025-09-29T05:35:04.101Z,60.9,21.1,1.921,50.4,0,59.9,0,0,0,0,0,0,0,0,66
2025-09-29T05:35:05.103Z,60.9,21.1,1.92,49.6,0,59.9,0,0,0,0,0,0,0,0,66
2025-09-29T05:35:06.107Z,60.9,21.1,1.921,50.4,0,59.9,0,0,0,0,0,0,0,0,66
2025-09-29T05:35:07.106Z,60.9,21.1,1.921,49.6,0,59.9,0,0,0,0,0,0,0,0,66
2025-09-29T05:35:08.108Z,60.9,21.1,1.922,50.4,0,59.9,0,0,0,0,0,0,0,0,66
2025-09-29T05:35:09.107Z,60.9,21.1,1.922,49.6,0,59.9,0,0,0,0,0,0,0,0,66
2025-09-29T05:35:10.109Z,60.9,21.1,1.921,50.4,0,59.9,0,0,0,0,0,0,0,0,66
2025-09-29T05:35:11.113Z,60.9,21.1,1.921,49.6,0,59.9,0,0,0,0,0,0,0,0,66
2025-09-29T05:35:12.109Z,60.9,21.1,1.922,50.4,0,59.9,0,0,0,0,0,0,0,0,66
2025-09-29T05:35:13.111Z,60.9,21.1,1.922,49.6,0,59.9,0,0,0,0,0,0,0,0,66
2025-09-29T05:35:14.112Z,60.9,21.1,1.922,50.4,0,59.9,0,0,0,0,0,0,0,0,66
2025-09-29T05:35:15.112Z,60.9,21.1,1.922,49.6,0,59.9,0,0,0,0,0,0,0,0,66
2025-09-29T05:35:16.115Z,60.9,21.1,1.921,50.4,0,59.9,0,0,0,0,0,0,0,0,66
2025-09-29T05:35:17.115Z,60.9,21.1,1.921,49.6,0,59.9,0,0,0,0,0,0,0,0,66
2025-09-29T05:35:18.116Z,60.9,21.1,1.921,50.4,0,59.9,0,0,0,0,0,0,0,0,66
2025-09-29T05:35:19.116Z,60.9,21.1,1.921,49.6,0,59.9,0,0,0,0,0,0,0,0,66
2025-09-29T05:35:20.120Z,60.9,21.1,1.922,50.4,0,59.9,0,0,0,0,0,0,0,0,66
2025-09-29T05:35:21.125Z,60.9,21.1,1.922,49.6,0,59.9,0,0,0,0,0,0,0,0,66
2025-09-29T05:35:22.118Z,60.9,21.1,1.922,50.4,0,59.9,0,0,0,0,0,0,0,0,66
2025-09-29T05:35:23.120Z,60.9,21.1,1.922,49.6,0,59.9,0,0,0,0,0,0,0,0,66
2025-09-29T05:35:24.120Z,60.9,21.1,1.922,50.4,0,59.9,0,0,0,0,0,0,0,0,66
2025-09-29T05:35:25.121Z,60.9,21.1,1.922,49.6,0,59.9,0,0,0,0,0,0,0,0,66
2025-09-29T05:35:26.120Z,60.9,21.1,1.922,50.4,0,59.9,0,0,0,0,0,0,0,0,66
2025-09-29T05:35:27.125Z,60.9,21.1,1.922,49.6,0,59.9,0,0,0,0,0,0,0,0,66
2025-09-29T05:35:28.121Z,60.9,21.1,1.922,49.6,0,59.9,0,0,0,0,0,0,0,0,66
2025-09-29T05:35:29.122Z,60.9,21.1,1.922,49.6,0,59.9,0,0,0,0,0,0,0,0,66
2025-09-29T05:35:30.122Z,60.9,21.1,1.922,49.6,0,59.9,0,0,0,0,0,0,0,0,66
2025-09-29T05:35:31.124Z,60.9,21.1,1.922,50.4,0,59.9,0,0,0,0,0,0,0,0,66
2025-09-29T05:35:32.125Z,60.9,21.1,1.922,49.6,0,59.9,0,0,0,0,0,0,0,0,66
2025-09-29T05:35:33.128Z,60.8,21.1,1.922,50.4,0,59.9,0,0,0,0,0,0,0,0,66
2025-09-29T05:35:34.124Z,60.8,21.1,1.922,49.6,0,59.9,0,0,0,0,0,0,0,0,66
2025-09-29T05:35:35.125Z,60.8,21.1,1.922,50.4,0,59.9,0,0,0,0,0,0,0,0,66
2025-09-29T05:35:36.122Z,60.8,21.1,1.921,49.6,0,59.9,0,0,0,0,0,0,0,0,66
2025-09-29T05:35:37.126Z,60.8,21.1,1.922,50.4,0,59.9,0,0,0,0,0,0,0,0,66
2025-09-29T05:35:38.130Z,60.8,21.1,1.922,49.6,0,59.9,0,0,0,0,0,0,0,0,66
2025-09-29T05:35:39.128Z,60.8,21.1,1.922,50.4,0,59.9,0,0,0,0,0,0,0,0,66
2025-09-29T05:35:40.130Z,60.8,21.1,1.922,49.6,0,59.9,0,0,0,0,0,0,0,0,66
2025-09-29T05:35:41.133Z,60.8,21.1,1.922,50.4,0,59.9,0,0,0,0,0,0,0,0,66
2025-09-29T05:35:42.135Z,60.8,21.1,1.922,49.6,0,59.9,0,0,0,0,0,0,0,0,66
2025-09-29T05:35:43.134Z,60.8,21.1,1.922,50.4,0,59.9,0,0,0,0,0,0,0,0,66
2025-09-29T05:35:44.137Z,60.8,21.1,1.922,49.6,0,59.9,0,0,0,0,0,0,0,0,66
2025-09-29T05:35:45.139Z,60.8,21.1,1.922,49.6,0,59.9,0,0,0,0,0,0,0,0,66
2025-09-29T05:35:46.139Z,60.8,21.1,1.922,50.4,0,59.9,0,0,0,0,0,0,0,0,66
2025-09-29T05:35:47.139Z,60.8,21.1,1.922,49.6,0,59.9,0,0,0,0,0,0,0,0,66
2025-09-29T05:35:48.137Z,60.8,21.1,1.922,50.4,0,59.9,0,0,0,0,0,0,0,0,66
2025-09-29T05:35:49.140Z,60.8,21.1,1.922,49.6,0,59.9,0,0,0,0,0,0,0,0,66
2025-09-29T05:35:50.143Z,60.8,21.1,1.922,49.6,0,59.9,0,0,0,0,0,0,0,0,66
2025-09-29T05:35:51.139Z,60.8,21.1,1.922,50.4,0,59.9,0,0,0,0,0,0,0,0,66
2025-09-29T05:35:52.137Z,60.8,21.1,1.922,50.4,0,59.9,0,0,0,0,0,0,0,0,66
2025-09-29T05:35:53.142Z,60.8,21.1,1.922,49.6,0,59.9,0,0,0,0,0,0,0,0,66
2025-09-29T05:35:54.144Z,60.7,21.1,1.922,50.4,0,59.9,0,0,0,0,0,0,0,0,66
2025-09-29T05:35:55.145Z,60.8,21.1,1.922,49.6,0,59.9,0,0,0,0,0,0,0,0,66
2025-09-29T05:35:56.145Z,60.7,21.1,1.922,50.4,0,59.9,0,0,0,0,0,0,0,0,66
2025-09-29T05:35:57.148Z,60.7,21.1,1.922,49.6,0,59.9,0,0,0,0,0,0,0,0,66
2025-09-29T05:35:58.151Z,60.7,21.1,1.922,50.4,0,59.9,0,0,0,0,0,0,0,0,66
2025-09-29T05:35:59.143Z,60.7,21.1,1.922,49.6,0,59.9,0,0,0,0,0,0,0,0,66
2025-09-29T05:36:00.146Z,60.7,21.1,1.922,50.4,0,59.9,0,0,0,0,0,0,0,0,66
2025-09-29T05:36:01.148Z,60.7,21.1,1.922,49.6,0,59.9,0,0,0,0,0,0,0,0,66
2025-09-29T05:36:02.149Z,60.7,21.1,1.922,50.4,0,59.9,0,0,0,0,0,0,0,0,66
2025-09-29T05:36:03.150Z,60.7,21.1,1.922,49.6,0,59.9,0,0,0,0,0,0,0,0,66
2025-09-29T05:36:04.148Z,60.7,21.1,1.922,50.4,0,59.9,0,0,0,0,0,0,0,0,66
2025-09-29T05:36:05.152Z,60.7,21.1,1.922,49.6,0,59.9,0,0,0,0,0,0,0,0,66
2025-09-29T05:36:06.151Z,60.7,21.1,1.922,50.4,0,59.9,0,0,0,0,0,0,0,0,66
2025-09-29T05:36:07.149Z,60.7,21.1,1.922,49.6,0,59.9,0,0,0,0,0,0,0,0,66
2025-09-29T05:36:08.151Z,60.7,21.1,1.922,50.4,0,59.9,0,0,0,0,0,0,0,0,66
2025-09-29T05:36:09.156Z,60.7,21.1,1.922,49.6,0,59.9,0,0,0,0,0,0,0,0,66
2025-09-29T05:36:10.156Z,60.7,21.1,1.922,50.4,0,59.9,0,0,0,0,0,0,0,0,66
2025-09-29T05:36:11.151Z,60.7,21.1,1.923,49.6,0,59.9,0,0,0,0,0,0,0,0,66
2025-09-29T05:36:12.155Z,60.7,21.1,1.922,49.6,0,59.9,0,0,0,0,0,0,0,0,66
2025-09-29T05:36:13.159Z,60.7,21.1,1.923,49.6,0,59.9,0,0,0,0,0,0,0,0,66
2025-09-29T05:36:14.154Z,60.7,21.1,1.922,50.4,0,59.9,0,0,0,0,0,0,0,0,66
2025-09-29T05:36:15.161Z,60.7,21.1,1.922,49.6,0,59.9,0,0,0,0,0,0,0,0,66
2025-09-29T05:36:16.159Z,60.7,21.1,1.923,50.4,0,59.9,0,0,0,0,0,0,0,0,66
2025-09-29T05:36:17.158Z,60.7,21.1,1.923,49.6,0,59.9,0,0,0,0,0,0,0,0,66
2025-09-29T05:36:18.160Z,60.6,21.1,1.923,50.4,0,59.9,0,0,0,0,0,0,0,0,66
2025-09-29T05:36:19.159Z,60.6,21.1,1.923,49.6,0,59.9,0,0,0,0,0,0,0,0,66
2025-09-29T05:36:20.163Z,60.6,21.1,1.923,50.4,0,59.9,0,0,0,0,0,0,0,0,66
2025-09-29T05:36:21.168Z,60.6,21.1,1.922,49.6,0,59.9,0,0,0,0,0,0,0,0,66
2025-09-29T05:36:22.162Z,60.6,21.1,1.923,50.4,0,59.9,0,0,0,0,0,0,0,0,66
2025-09-29T05:36:23.168Z,60.6,21.1,1.922,49.6,0,59.9,0,0,0,0,0,0,0,0,66
2025-09-29T05:36:24.166Z,60.6,21.1,1.922,50.4,0,59.9,0,0,0,0,0,0,0,0,66
2025-09-29T05:36:25.167Z,60.6,21.1,1.922,49.6,0,59.9,0,0,0,0,0,0,0,0,66
2025-09-29T05:36:26.163Z,60.6,21.1,1.923,49.6,0,59.9,0,0,0,0,0,0,0,0,66
2025-09-29T05:36:27.165Z,60.6,21.1,1.923,50.4,0,59.9,0,0,0,0,0,0,0,0,66
2025-09-29T05:36:28.165Z,60.6,21.1,1.923,49.6,0,59.9,0,0,0,0,0,0,0,0,66
2025-09-29T05:36:29.169Z,60.6,21.1,1.922,50.4,0,59.9,0,0,0,0,0,0,0,0,66
2025-09-29T05:36:30.165Z,60.6,21.1,1.923,49.6,0,59.9,0,0,0,0,0,0,0,0,66
2025-09-29T05:36:31.170Z,60.6,21.1,1.922,50.4,0,59.9,0,0,0,0,0,0,0,0,66
2025-09-29T05:36:32.173Z,60.6,21.1,1.922,49.6,0,59.9,0,0,0,0,0,0,0,0,66
2025-09-29T05:36:33.168Z,60.6,21.1,1.923,50.4,0,59.9,0,0,0,0,0,0,0,0,66
2025-09-29T05:36:34.172Z,60.6,21.1,1.922,49.6,0,59.9,0,0,0,0,0,0,0,0,66
2025-09-29T05:36:35.173Z,60.6,21.1,1.922,50.4,0,59.9,0,0,0,0,0,0,0,0,66
2025-09-29T05:36:36.170Z,60.6,21.1,1.923,49.6,0,59.9,0,0,0,0,0,0,0,0,66
2025-09-29T05:36:37.176Z,60.6,21.1,1.922,50.4,0,59.9,0,0,0,0,0,0,0,0,66
2025-09-29T05:36:38.175Z,60.5,21.1,1.923,49.6,0,59.9,0,0,0,0,0,0,0,0,66
2025-09-29T05:36:39.175Z,60.5,21.1,1.923,50.4,0,59.9,0,0,0,0,0,0,0,0,66
2025-09-29T05:36:40.175Z,60.5,21.1,1.923,49.6,0,59.9,0,0,0,0,0,0,0,0,66
2025-09-29T05:36:41.177Z,60.5,21.1,1.923,50.4,0,59.9,0,0,0,0,0,0,0,0,66
2025-09-29T05:36:42.178Z,60.5,21.1,1.923,49.6,0,59.9,0,0,0,0,0,0,0,0,66
2025-09-29T05:36:43.181Z,60.5,21.1,1.923,50.4,0,59.9,0,0,0,0,0,0,0,0,66
2025-09-29T05:36:44.178Z,60.5,21.1,1.923,49.6,0,59.9,0,0,0,0,0,0,0,0,66
2025-09-29T05:36:45.183Z,60.5,21.1,1.923,49.6,0,59.9,0,0,0,0,0,0,0,0,66
2025-09-29T05:36:46.184Z,60.5,21.1,1.923,50.4,0,59.9,0,0,0,0,0,0,0,0,66
2025-09-29T05:36:47.182Z,60.5,21.1,1.923,49.6,0,59.9,0,0,0,0,0,0,0,0,66
2025-09-29T05:36:48.182Z,60.5,21.1,1.923,50.4,0,59.9,0,0,0,0,0,0,0,0,66
2025-09-29T05:36:49.185Z,60.5,21.1,1.923,49.6,0,59.9,0,0,0,0,0,0,0,0,66
2025-09-29T05:36:50.189Z,60.5,21.1,1.923,50.4,0,59.9,0,0,0,0,0,0,0,0,66
2025-09-29T05:36:51.189Z,60.5,21.1,1.923,49.6,0,59.9,0,0,0,0,0,0,0,0,66
2025-09-29T05:36:52.184Z,60.5,21.1,1.923,50.4,0,59.9,0,0,0,0,0,0,0,0,66
2025-09-29T05:36:53.185Z,60.5,21.1,1.923,49.6,0,59.9,0,0,0,0,0,0,0,0,66
2025-09-29T05:36:54.192Z,60.5,21.1,1.923,50.4,0,59.9,0,0,0,0,0,0,0,0,66
2025-09-29T05:36:55.192Z,60.5,21.1,1.923,49.6,0,59.9,0,0,0,0,0,0,0,0,66
2025-09-29T05:36:56.191Z,60.5,21.1,1.923,50.4,0,59.9,0,0,0,0,0,0,0,0,66
2025-09-29T05:36:57.193Z,60.4,21.1,1.923,49.6,0,60,0,0,0,0,0,0,0,0,66
2025-09-29T05:36:58.191Z,60.4,21.1,1.923,50.4,0,60,0,0,0,0,0,0,0,0,66
2025-09-29T05:36:59.191Z,60.4,21.1,1.923,49.6,0,60,0,0,0,0,0,0,0,0,66
2025-09-29T05:37:00.191Z,60.4,21.1,1.923,50.4,0,60,0,0,0,0,0,0,0,0,66
2025-09-29T05:37:01.195Z,60.4,21.1,1.923,49.6,0,60,0,0,0,0,0,0,0,0,66
2025-09-29T05:37:02.194Z,60.4,21.1,1.923,50.4,0,59.9,0,0,0,0,0,0,0,0,66
2025-09-29T05:37:03.197Z,60.4,21.1,1.923,49.6,0,59.9,0,0,0,0,0,0,0,0,66
2025-09-29T05:37:04.200Z,60.4,21.1,1.923,50.4,0,59.9,0,0,0,0,0,0,0,0,66
2025-09-29T05:37:05.197Z,60.4,21.1,1.923,49.6,0,59.9,0,0,0,0,0,0,0,0,66
2025-09-29T05:37:06.199Z,60.4,21.1,1.923,50.4,0,59.9,0,0,0,0,0,0,0,0,66
2025-09-29T05:37:07.200Z,60.4,21.1,1.923,49.6,0,59.9,0,0,0,0,0,0,0,0,66
2025-09-29T05:37:08.201Z,60.4,21.1,1.923,50.4,0,59.9,0,0,0,0,0,0,0,0,66
2025-09-29T05:37:09.206Z,60.4,21.1,1.924,49.6,0,59.9,0,0,0,0,0,0,0,0,66
2025-09-29T05:37:10.199Z,60.4,21.1,1.923,50.4,0,59.9,0,0,0,0,0,0,0,0,66
2025-09-29T05:37:11.204Z,60.4,21.1,1.923,49.6,0,59.9,0,0,0,0,0,0,0,0,66
2025-09-29T05:37:12.205Z,60.4,21.1,1.923,50.4,0,59.9,0,0,0,0,0,0,0,0,66
2025-09-29T05:37:13.202Z,60.4,21.1,1.923,49.6,0,59.9,0,0,0,0,0,0,0,0,66
2025-09-29T05:37:14.204Z,60.4,21.1,1.923,50.4,0,59.9,0,0,0,0,0,0,0,0,66
2025-09-29T05:37:15.209Z,60.4,21.1,1.924,49.6,0,59.9,0,0,0,0,0,0,0,0,66
2025-09-29T05:37:16.213Z,60.4,21.1,1.924,50.4,0,59.9,0,0,0,0,0,0,0,0,66
2025-09-29T05:37:17.213Z,60.4,21.1,1.924,49.6,0,59.9,0,0,0,0,0,0,0,0,66
2025-09-29T05:37:18.209Z,60.3,21.1,1.924,50.4,0,59.9,0,0,0,0,0,0,0,0,66
2025-09-29T05:37:19.210Z,60.3,21.1,1.924,49.6,0,59.9,0,0,0,0,0,0,0,0,66
2025-09-29T05:37:20.220Z,60.3,21.1,1.924,50.4,0,59.9,0,0,0,0,0,0,0,0,66
2025-09-29T05:37:21.213Z,60.3,21.1,1.924,49.6,0,59.9,0,0,0,0,0,0,0,0,66
2025-09-29T05:37:21.213Z,60.3,21.1,1.924,49.6,0,59.9,0,0,0,0,0,0,0,0,66
2025-09-29T05:37:23.216Z,60.3,21.1,1.924,49.6,0,59.9,0,0,0,0,0,0,0,0,66
2025-09-29T05:37:24.217Z,60.3,21.1,1.924,50.4,0,59.9,0,0,0,0,0,0,0,0,66
2025-09-29T05:37:25.218Z,60.3,21.1,1.924,49.6,0,59.9,0,0,0,0,0,0,0,0,66
2025-09-29T05:37:26.221Z,60.3,21.1,1.924,50.4,0,59.9,0,0,0,0,0,0,0,0,66
2025-09-29T05:37:27.221Z,60.3,21.1,1.924,49.6,0,59.9,0,0,0,0,0,0,0,0,66
2025-09-29T05:37:28.219Z,60.3,21.1,1.924,50.4,0,59.9,0,0,0,0,0,0,0,0,66
2025-09-29T05:37:29.220Z,60.3,21.1,1.924,49.6,0,59.9,0,0,0,0,0,0,0,0,66
2025-09-29T05:37:30.222Z,60.3,21.1,1.924,50.4,0,59.9,0,0,0,0,0,0,0,0,66
2025-09-29T05:37:31.220Z,60.3,21.1,1.924,49.6,0,59.9,0,0,0,0,0,0,0,0,66
2025-09-29T05:37:32.225Z,60.3,21.1,1.924,50.4,0,59.9,0,0,0,0,0,0,0,0,66
2025-09-29T05:37:33.229Z,60.3,21.1,1.924,49.6,0,60,0,0,0,0,0,0,0,0,66
2025-09-29T05:37:34.229Z,60.3,21.1,1.924,49.6,0,59.9,0,0,0,0,0,0,0,0,66
2025-09-29T05:37:35.224Z,60.3,21.1,1.924,49.6,0,59.9,0,0,0,0,0,0,0,0,66
2025-09-29T05:37:36.228Z,60.3,21.1,1.924,49.6,0,59.9,0,0,0,0,0,0,0,0,66
2025-09-29T05:37:37.228Z,60.3,21.1,1.924,49.6,0,59.9,0,0,0,0,0,0,0,0,66
2025-09-29T05:37:38.227Z,60.2,21.1,1.924,50.4,0,59.9,0,0,0,0,0,0,0,0,66
2025-09-29T05:37:39.228Z,60.2,21.1,1.924,49.6,0,59.9,0,0,0,0,0,0,0,0,66
2025-09-29T05:37:40.232Z,60.2,21.1,1.924,50.4,0,59.9,0,0,0,0,0,0,0,0,66
2025-09-29T05:37:41.236Z,60.2,21.1,1.924,49.6,0,59.9,0,0,0,0,0,0,0,0,66
2025-09-29T05:37:42.234Z,60.2,21.1,1.924,50.4,0,59.9,0,0,0,0,0,0,0,0,66
2025-09-29T05:37:43.235Z,60.2,21.1,1.924,49.6,0,59.9,0,0,0,0,0,0,0,0,66
2025-09-29T05:37:44.235Z,60.2,21.1,1.924,50.4,0,59.9,0,0,0,0,0,0,0,0,66
2025-09-29T05:37:45.239Z,60.2,21.1,1.924,49.6,0,59.9,0,0,0,0,0,0,0,0,66
2025-09-29T05:37:46.235Z,60.2,21.1,1.925,50.4,0,59.9,0,0,0,0,0,0,0,0,66
2025-09-29T05:37:47.245Z,60.2,21.1,1.923,49.6,0,59.9,0,0,0,0,0,0,0,0,66
2025-09-29T05:37:48.239Z,60.2,21.1,1.925,49.6,0,59.9,0,0,0,0,0,0,0,0,66
2025-09-29T05:37:49.241Z,60.2,21.1,1.925,50.4,0,59.9,0,0,0,0,0,0,0,0,66
2025-09-29T05:37:50.244Z,60.2,21.1,1.923,49.6,0,59.9,0,0,0,0,0,0,0,0,66
2025-09-29T05:37:51.240Z,60.2,21.1,1.925,49.6,0,59.9,0,0,0,0,0,0,0,0,66
2025-09-29T05:37:52.244Z,60.2,21.1,1.924,49.6,0,59.9,0,0,0,0,0,0,0,0,66
2025-09-29T05:37:53.244Z,60.2,21.1,1.925,50.4,0,59.9,0,0,0,0,0,0,0,0,66
2025-09-29T05:37:54.246Z,60.2,21.1,1.924,49.6,0,59.9,0,0,0,0,0,0,0,0,66
2025-09-29T05:37:55.243Z,60.2,21.1,1.925,50.4,0,59.9,0,0,0,0,0,0,0,0,66
2025-09-29T05:37:56.248Z,60.2,21.1,1.924,49.6,0,59.9,0,0,0,0,0,0,0,0,66
2025-09-29T05:37:57.247Z,60.2,21.1,1.925,50.4,0,59.9,0,0,0,0,0,0,0,0,66
2025-09-29T05:37:58.253Z,60.2,21.1,1.924,49.6,0,59.9,0,0,0,0,0,0,0,0,66
2025-09-29T05:37:59.247Z,60.2,21.1,1.924,50.4,0,59.9,0,0,0,0,0,0,0,0,66
2025-09-29T05:38:00.247Z,60.1,21.1,1.924,49.6,0,59.9,0,0,0,0,0,0,0,0,66
2025-09-29T05:38:01.250Z,60.1,21.1,1.924,50.4,0,59.9,0,0,0,0,0,0,0,0,66
2025-09-29T05:38:02.253Z,60.1,21.1,1.924,49.6,0,59.9,0,0,0,0,0,0,0,0,66
2025-09-29T05:38:03.253Z,60.1,21.1,1.925,50.4,0,59.9,0,0,0,0,0,0,0,0,66
2025-09-29T05:38:04.253Z,60.1,21.1,1.924,49.6,0,59.9,0,0,0,0,0,0,0,0,66
2025-09-29T05:38:05.259Z,60.1,21.1,1.925,49.6,0,59.9,0,0,0,0,0,0,0,0,66
2025-09-29T05:38:06.256Z,60.1,21.1,1.925,50.4,0,59.9,0,0,0,0,0,0,0,0,66
2025-09-29T05:38:07.256Z,60.1,21.1,1.925,49.6,0,59.9,0,0,0,0,0,0,0,0,66
2025-09-29T05:38:08.255Z,60.1,21.1,1.925,50.4,0,59.9,0,0,0,0,0,0,0,0,66
2025-09-29T05:38:09.259Z,60.1,21.1,1.925,49.6,0,59.9,0,0,0,0,0,0,0,0,66
2025-09-29T05:38:10.262Z,60.1,21.1,1.925,50.4,0,59.9,0,0,0,0,0,0,0,0,66
2025-09-29T05:38:11.263Z,60.1,21.1,1.925,49.6,0,59.9,0,0,0,0,0,0,0,0,66
2025-09-29T05:38:12.262Z,60.1,21.1,1.925,50.4,0,59.9,0,0,0,0,0,0,0,0,66
2025-09-29T05:38:13.263Z,60.1,21.1,1.925,49.6,0,59.9,0,0,0,0,0,0,0,0,66
2025-09-29T05:38:14.266Z,60.1,21.1,1.925,50.4,0,59.9,0,0,0,0,0,0,0,0,66
2025-09-29T05:38:15.267Z,60.1,21.1,1.925,49.6,0,59.9,0,0,0,0,0,0,0,0,66
2025-09-29T05:38:16.266Z,60.1,21.1,1.925,50.4,0,59.9,0,0,0,0,0,0,0,0,66
2025-09-29T05:38:17.265Z,60.1,21.1,1.925,49.6,0,59.9,0,0,0,0,0,0,0,0,66
2025-09-29T05:38:18.267Z,60.1,21.1,1.925,50.4,0,59.9,0,0,0,0,0,0,0,0,66
2025-09-29T05:38:19.268Z,60,21.1,1.925,49.6,0,59.9,0,0,0,0,0,0,0,0,66
2025-09-29T05:38:20.266Z,60,21.1,1.925,50.4,0,59.9,0,0,0,0,0,0,0,0,66
2025-09-29T05:38:21.271Z,60,21.1,1.925,49.6,0,59.9,0,0,0,0,0,0,0,0,66
2025-09-29T05:38:22.270Z,60,21.1,1.925,50.4,0,59.9,0,0,0,0,0,0,0,0,66
2025-09-29T05:38:23.275Z,60,21.1,1.925,49.6,0,59.9,0,0,0,0,0,0,0,0,66
2025-09-29T05:38:24.271Z,60,21.1,1.925,50.4,0,59.9,0,0,0,0,0,0,0,0,66
2025-09-29T05:38:25.275Z,60,21.1,1.925,49.6,0,59.9,0,0,0,0,0,0,0,0,66
2025-09-29T05:38:26.275Z,60,21.1,1.925,50.4,0,59.9,0,0,0,0,0,0,0,0,66
2025-09-29T05:38:27.276Z,60,21.1,1.925,49.6,0,59.9,0,0,0,0,0,0,0,0,66
2025-09-29T05:38:28.273Z,60,21.1,1.925,50.4,0,59.9,0,0,0,0,0,0,0,0,66
2025-09-29T05:38:29.276Z,60,21.1,1.925,49.6,0,59.9,0,0,0,0,0,0,0,0,66
2025-09-29T05:38:30.279Z,60,21.1,1.925,50.4,0,59.9,0,0,0,0,0,0,0,0,66
2025-09-29T05:38:31.273Z,60,21.1,1.925,49.6,0,59.9,0,0,0,0,0,0,0,0,66
2025-09-29T05:38:32.275Z,60,21.1,1.925,50.4,0,59.9,0,0,0,0,0,0,0,0,66
2025-09-29T05:38:33.280Z,60,21.1,1.926,49.6,0,59.9,0,0,0,0,0,0,0,0,66
2025-09-29T05:38:34.279Z,60,21.1,1.925,50.4,0,59.9,0,0,0,0,0,0,0,0,66
2025-09-29T05:38:35.281Z,60,21.1,1.926,49.6,0,59.9,0,0,0,0,0,0,0,0,66
2025-09-29T05:38:36.283Z,60,21.1,1.926,50.4,0,59.9,0,0,0,0,0,0,0,0,66
2025-09-29T05:38:37.287Z,60,21.1,1.926,49.6,0,59.9,0,0,0,0,0,0,0,0,66
2025-09-29T05:38:38.288Z,60,21.1,1.926,50.4,0,59.9,0,0,0,0,0,0,0,0,66
2025-09-29T05:38:39.286Z,60,21.1,1.926,49.6,0,59.9,0,0,0,0,0,0,0,0,66
2025-09-29T05:38:40.285Z,60,21.1,1.926,50.4,0,59.9,0,0,0,0,0,0,0,0,66
2025-09-29T05:38:41.287Z,60,21.1,1.926,49.6,0,59.9,0,0,0,0,0,0,0,0,66
2025-09-29T05:38:42.292Z,59.9,21.1,1.926,50.4,0,59.9,0,0,0,0,0,0,0,0,66
2025-09-29T05:38:43.287Z,59.9,21.1,1.926,49.6,0,59.9,0,0,0,0,0,0,0,0,66
2025-09-29T05:38:44.287Z,59.9,21.1,1.926,50.4,0,59.9,0,0,0,0,0,0,0,0,66
2025-09-29T05:38:45.291Z,59.9,21.1,1.926,49.6,0,59.9,0,0,0,0,0,0,0,0,66
2025-09-29T05:38:46.290Z,59.9,21.1,1.926,50.4,0,59.9,0,0,0,0,0,0,0,0,66
2025-09-29T05:38:47.293Z,59.9,21.1,1.926,49.6,0,59.9,0,0,0,0,0,0,0,0,66
2025-09-29T05:38:48.294Z,59.9,21.1,1.926,50.4,0,59.9,0,0,0,0,0,0,0,0,66
2025-09-29T05:38:49.301Z,59.9,21.1,1.926,49.6,0,59.9,0,0,0,0,0,0,0,0,66
2025-09-29T05:38:50.297Z,59.9,21.1,1.926,50.4,0,59.9,0,0,0,0,0,0,0,0,66
2025-09-29T05:38:51.298Z,59.9,21.1,1.926,49.6,0,59.9,0,0,0,0,0,0,0,0,66
2025-09-29T05:38:52.295Z,59.9,21.1,1.926,50.4,0,59.9,0,0,0,0,0,0,0,0,66
2025-09-29T05:38:53.302Z,59.9,21.1,1.926,49.6,0,59.9,0,0,0,0,0,0,0,0,66
2025-09-29T05:38:54.303Z,59.9,21.1,1.926,50.4,0,59.9,0,0,0,0,0,0,0,0,66
2025-09-29T05:38:55.300Z,59.9,21.1,1.926,49.6,0,59.9,0,0,0,0,0,0,0,0,66
2025-09-29T05:38:56.303Z,59.9,21.1,1.926,50.4,0,59.9,0,0,0,0,0,0,0,0,66
2025-09-29T05:38:57.301Z,59.9,21.1,1.926,49.6,0,59.9,0,0,0,0,0,0,0,0,66
2025-09-29T05:38:58.303Z,59.9,21.1,1.926,49.6,0,59.9,0,0,0,0,0,0,0,0,66
2025-09-29T05:38:59.304Z,59.9,21.1,1.926,49.6,0,59.9,0,0,0,0,0,0,0,0,66
2025-09-29T05:39:00.305Z,59.9,21.1,1.926,49.6,0,59.9,0,0,0,0,0,0,0,0,66
2025-09-29T05:39:01.306Z,59.9,21.1,1.926,50.4,0,59.9,0,0,0,0,0,0,0,0,66
2025-09-29T05:39:02.307Z,59.9,21.1,1.927,49.6,0,59.9,0,0,0,0,0,0,0,0,66
2025-09-29T05:39:03.306Z,59.8,21.1,1.926,50.4,0,59.9,0,0,0,0,0,0,0,0,66
2025-09-29T05:39:04.308Z,59.8,21.1,1.927,49.6,0,59.9,0,0,0,0,0,0,0,0,66
2025-09-29T05:39:05.313Z,59.8,21.1,1.926,50.4,0,59.9,0,0,0,0,0,0,0,0,66
2025-09-29T05:39:06.308Z,59.8,21.1,1.927,49.6,0,59.9,0,0,0,0,0,0,0,0,66
2025-09-29T05:39:07.310Z,59.8,21.1,1.927,50.4,0,59.9,0,0,0,0,0,0,0,0,66
2025-09-29T05:39:08.313Z,59.8,21.1,1.926,49.6,0,59.9,0,0,0,0,0,0,0,0,66
2025-09-29T05:39:09.314Z,59.8,21.1,1.926,50.4,0,59.9,0,0,0,0,0,0,0,0,66
2025-09-29T05:39:10.315Z,59.8,21.1,1.926,49.6,0,59.9,0,0,0,0,0,0,0,0,66
2025-09-29T05:39:11.315Z,59.8,21.1,1.926,50.4,0,59.9,0,0,0,0,0,0,0,0,66
2025-09-29T05:39:12.316Z,59.8,21.1,1.926,49.6,0,59.9,0,0,0,0,0,0,0,0,66
2025-09-29T05:39:13.319Z,59.8,21.1,1.926,50.4,0,59.9,0,0,0,0,0,0,0,0,66
2025-09-29T05:39:14.321Z,59.8,21.1,1.926,49.6,0,59.9,0,0,0,0,0,0,0,0,66
2025-09-29T05:39:15.317Z,59.8,21.1,1.926,50.4,0,59.9,0,0,0,0,0,0,0,0,66
2025-09-29T05:39:16.318Z,59.8,21.1,1.926,49.6,0,59.9,0,0,0,0,0,0,0,0,66
2025-09-29T05:39:17.321Z,59.8,21.1,1.926,50.4,0,59.9,0,0,0,0,0,0,0,0,66
2025-09-29T05:39:18.325Z,59.8,21.1,1.926,49.6,0,59.9,0,0,0,0,0,0,0,0,66
2025-09-29T05:39:19.322Z,59.8,21.1,1.926,50.4,0,59.9,0,0,0,0,0,0,0,0,66
2025-09-29T05:39:20.328Z,59.8,21.1,1.926,49.6,0,59.9,0,0,0,0,0,0,0,0,66
2025-09-29T05:39:21.323Z,59.8,21.1,1.926,50.4,0,59.9,0,0,0,0,0,0,0,0,66
2025-09-29T05:39:22.327Z,59.8,21.1,1.926,49.6,0,59.9,0,0,0,0,0,0,0,0,66
2025-09-29T05:39:23.326Z,59.7,21.1,1.926,50.4,0,59.9,0,0,0,0,0,0,0,0,66
2025-09-29T05:39:24.329Z,59.7,21.1,1.926,49.6,0,59.9,0,0,0,0,0,0,0,0,66
2025-09-29T05:39:25.330Z,59.7,21.1,1.926,50.4,0,59.9,0,0,0,0,0,0,0,0,66
2025-09-29T05:39:26.333Z,59.7,21.1,1.926,49.6,0,59.9,0,0,0,0,0,0,0,0,66
2025-09-29T05:39:27.336Z,59.7,21.1,1.926,50.4,0,59.9,0,0,0,0,0,0,0,0,66
2025-09-29T05:39:28.334Z,59.7,21.1,1.926,49.6,0,59.9,0,0,0,0,0,0,0,0,66
2025-09-29T05:39:29.330Z,59.7,21.1,1.926,50.4,0,59.9,0,0,0,0,0,0,0,0,66
2025-09-29T05:39:30.331Z,59.7,21.1,1.926,49.6,0,59.9,0,0,0,0,0,0,0,0,66
2025-09-29T05:39:31.333Z,59.7,21.1,1.926,50.4,0,59.9,0,0,0,0,0,0,0,0,66
2025-09-29T05:39:32.340Z,59.7,21.1,1.927,49.6,0,59.9,0,0,0,0,0,0,0,0,66
2025-09-29T05:39:33.343Z,59.7,21.1,1.927,50.4,0,59.9,0,0,0,0,0,0,0,0,66
2025-09-29T05:39:34.335Z,59.7,21.1,1.926,49.6,0,59.9,0,0,0,0,0,0,0,0,66
2025-09-29T05:39:35.338Z,59.7,21.1,1.926,50.4,0,59.9,0,0,0,0,0,0,0,0,66
2025-09-29T05:39:36.340Z,59.7,21.1,1.926,49.6,0,59.9,0,0,0,0,0,0,0,0,66
2025-09-29T05:39:37.342Z,59.7,21.1,1.926,50.4,0,59.9,0,0,0,0,0,0,0,0,66
2025-09-29T05:39:38.342Z,59.7,21.1,1.927,49.6,0,59.9,0,0,0,0,0,0,0,0,66
2025-09-29T05:39:39.342Z,59.7,21.1,1.927,49.6,0,59.9,0,0,0,0,0,0,0,0,66
2025-09-29T05:39:40.343Z,59.7,21.1,1.926,49.6,0,59.9,0,0,0,0,0,0,0,0,66
2025-09-29T05:39:41.347Z,59.7,21.1,1.927,50.4,0,59.9,0,0,0,0,0,0,0,0,66
2025-09-29T05:39:42.349Z,59.7,21.1,1.927,49.6,0,59.9,0,0,0,0,0,0,0,0,66
2025-09-29T05:39:43.349Z,59.7,21.1,1.927,50.4,0,59.9,0,0,0,0,0,0,0,0,66
2025-09-29T05:39:44.348Z,59.7,21.1,1.928,49.6,0,59.9,0,0,0,0,0,0,0,0,66
2025-09-29T05:39:45.350Z,59.7,21.1,1.927,50.4,0,59.9,0,0,0,0,0,0,0,0,66
2025-09-29T05:39:46.353Z,59.7,21.1,1.927,49.6,0,59.9,0,0,0,0,0,0,0,0,66
2025-09-29T05:39:47.352Z,59.7,21.1,1.927,50.4,0,59.9,0,0,0,0,0,0,0,0,66
2025-09-29T05:39:48.352Z,59.7,21.1,1.927,49.6,0,59.9,0,0,0,0,0,0,0,0,66
2025-09-29T05:39:49.356Z,59.6,21.1,1.927,50.4,0,59.9,0,0,0,0,0,0,0,0,66
2025-09-29T05:39:50.353Z,59.7,21.1,1.927,49.6,0,59.9,0,0,0,0,0,0,0,0,66
2025-09-29T05:39:51.359Z,59.6,21.1,1.927,50.4,0,59.9,0,0,0,0,0,0,0,0,66
2025-09-29T05:39:52.355Z,59.6,21.1,1.927,49.6,0,59.9,0,0,0,0,0,0,0,0,66
2025-09-29T05:39:53.355Z,59.6,21.1,1.928,50.4,0,59.9,0,0,0,0,0,0,0,0,66
2025-09-29T05:39:54.362Z,59.6,21.1,1.928,49.6,0,59.9,0,0,0,0,0,0,0,0,66
2025-09-29T05:39:55.359Z,59.6,21.1,1.928,50.4,0,59.9,0,0,0,0,0,0,0,0,66
2025-09-29T05:39:56.363Z,59.6,21.1,1.928,49.6,0,59.9,0,0,0,0,0,0,0,0,66
2025-09-29T05:39:57.360Z,59.6,21.1,1.928,50.4,0,59.9,0,0,0,0,0,0,0,0,66
2025-09-29T05:39:58.362Z,59.6,21.1,1.928,49.6,0,59.9,0,0,0,0,0,0,0,0,66
2025-09-29T05:39:59.360Z,59.6,21.1,1.928,50.4,0,59.9,0,0,0,0,0,0,0,0,66
2025-09-29T05:40:00.365Z,59.6,21.1,1.928,49.6,0,59.9,0,0,0,0,0,0,0,0,66
2025-09-29T05:40:01.361Z,59.6,21.1,1.928,50.4,0,59.9,0,0,0,0,0,0,0,0,66
2025-09-29T05:40:02.364Z,59.6,21.1,1.928,49.6,0,59.9,0,0,0,0,0,0,0,0,66
2025-09-29T05:40:03.364Z,59.6,21.1,1.928,50.4,0,59.9,0,0,0,0,0,0,0,0,66
2025-09-29T05:40:04.366Z,59.6,21.1,1.928,49.6,0,59.9,0,0,0,0,0,0,0,0,66
2025-09-29T05:40:05.367Z,59.6,21.1,1.928,50.4,0,59.9,0,0,0,0,0,0,0,0,66
2025-09-29T05:40:06.372Z,59.6,21.1,1.927,49.6,0,59.9,0,0,0,0,0,0,0,0,66
2025-09-29T05:40:07.365Z,59.6,21.1,1.928,50.4,0,59.9,0,0,0,0,0,0,0,0,66
2025-09-29T05:40:08.373Z,59.6,21.1,1.928,49.6,0,59.9,0,0,0,0,0,0,0,0,66
2025-09-29T05:40:09.370Z,59.6,21.1,1.928,50.4,0,59.9,0,0,0,0,0,0,0,0,66
2025-09-29T05:40:10.370Z,59.6,21.1,1.928,49.6,0,59.9,0,0,0,0,0,0,0,0,66
2025-09-29T05:40:11.374Z,59.6,21.1,1.928,50.4,0,59.9,0,0,0,0,0,0,0,0,66
2025-09-29T05:40:12.370Z,59.6,21.1,1.928,49.6,0,59.9,0,0,0,0,0,0,0,0,66
2025-09-29T05:40:13.375Z,59.6,21.1,1.928,50.4,0,59.9,0,0,0,0,0,0,0,0,66
2025-09-29T05:40:14.378Z,59.6,21.1,1.928,49.6,0,59.9,0,0,0,0,0,0,0,0,66
2025-09-29T05:40:15.372Z,59.6,21.1,1.928,50.4,0,59.9,0,0,0,0,0,0,0,0,66
2025-09-29T05:40:16.376Z,59.6,21.1,1.928,49.6,0,59.9,0,0,0,0,0,0,0,0,66
2025-09-29T05:40:17.376Z,59.6,21.1,1.928,50.4,0,59.9,0,0,0,0,0,0,0,0,66
2025-09-29T05:40:18.376Z,59.6,21.1,1.928,49.6,0,59.9,0,0,0,0,0,0,0,0,66
2025-09-29T05:40:19.378Z,59.6,21.1,1.929,50.4,0,59.9,0,0,0,0,0,0,0,0,66
2025-09-29T05:40:20.379Z,59.6,21.1,1.928,49.6,0,59.9,0,0,0,0,0,0,0,0,66
2025-09-29T05:40:21.381Z,59.5,21.1,1.928,50.4,0,59.9,0,0,0,0,0,0,0,0,66
2025-09-29T05:40:22.387Z,59.5,21.1,1.928,49.6,0,59.9,0,0,0,0,0,0,0,0,66
2025-09-29T05:40:23.381Z,59.5,21.1,1.929,49.6,0,59.9,0,0,0,0,0,0,0,0,66
2025-09-29T05:40:24.387Z,59.5,21.1,1.927,50.4,0,59.9,0,0,0,0,0,0,0,0,66
2025-09-29T05:40:25.386Z,59.5,21.1,1.929,49.6,0,59.9,0,0,0,0,0,0,0,0,66
2025-09-29T05:40:26.386Z,59.5,21.1,1.928,50.4,0,59.9,0,0,0,0,0,0,0,0,66
2025-09-29T05:40:27.387Z,59.5,21.1,1.928,49.6,0,59.9,0,0,0,0,0,0,0,0,66
2025-09-29T05:40:28.387Z,59.5,21.1,1.929,50.4,0,59.9,0,0,0,0,0,0,0,0,66
2025-09-29T05:40:29.388Z,59.5,21.1,1.928,49.6,0,59.9,0,0,0,0,0,0,0,0,66
2025-09-29T05:40:30.386Z,59.5,21.1,1.928,50.4,0,59.9,0,0,0,0,0,0,0,0,66
2025-09-29T05:40:31.388Z,59.5,21.1,1.929,49.6,0,59.9,0,0,0,0,0,0,0,0,66
2025-09-29T05:40:32.387Z,59.5,21.1,1.928,50.4,0,59.9,0,0,0,0,0,0,0,0,66
2025-09-29T05:40:33.391Z,59.5,21.1,1.928,49.6,0,59.9,0,0,0,0,0,0,0,0,66
2025-09-29T05:40:34.392Z,59.5,21.1,1.928,50.4,0,59.9,0,0,0,0,0,0,0,0,66
2025-09-29T05:40:35.391Z,59.5,21.1,1.928,49.6,0,59.9,0,0,0,0,0,0,0,0,66
2025-09-29T05:40:36.392Z,59.5,21.1,1.928,49.6,0,59.9,0,0,0,0,0,0,0,0,66
2025-09-29T05:40:37.399Z,59.5,21.1,1.928,50.4,0,59.9,0,0,0,0,0,0,0,0,66
2025-09-29T05:40:38.394Z,59.5,21.1,1.928,49.6,0,59.9,0,0,0,0,0,0,0,0,66
2025-09-29T05:40:39.396Z,59.5,21.1,1.928,49.6,0,59.9,0,0,0,0,0,0,0,0,66
2025-09-29T05:40:40.396Z,59.5,21.1,1.928,50.4,0,59.9,0,0,0,0,0,0,0,0,66
2025-09-29T05:40:41.398Z,59.5,21.1,1.928,49.6,0,59.9,0,0,0,0,0,0,0,0,66
2025-09-29T05:40:42.400Z,59.5,21.1,1.928,50.4,0,59.9,0,0,0,0,0,0,0,0,66
2025-09-29T05:40:43.404Z,59.5,21.1,1.928,49.6,0,59.9,0,0,0,0,0,0,0,0,66
2025-09-29T05:40:44.401Z,59.5,21.1,1.928,50.4,0,59.9,0,0,0,0,0,0,0,0,66
2025-09-29T05:40:45.405Z,59.5,21.1,1.928,49.6,0,59.9,0,0,0,0,0,0,0,0,66
2025-09-29T05:40:46.402Z,59.5,21.1,1.928,50.4,0,59.9,0,0,0,0,0,0,0,0,66
2025-09-29T05:40:47.403Z,59.5,21.1,1.928,49.6,0,59.9,0,0,0,0,0,0,0,0,66
2025-09-29T05:40:48.407Z,59.5,21.1,1.928,50.4,0,59.9,0,0,0,0,0,0,0,0,66
2025-09-29T05:40:49.406Z,59.5,21.1,1.928,49.6,0,59.9,0,0,0,0,0,0,0,0,66
2025-09-29T05:40:50.409Z,59.5,21.1,1.928,50.4,0,59.9,0,0,0,0,0,0,0,0,66
2025-09-29T05:40:51.410Z,59.5,21.1,1.928,49.6,0,59.9,0,0,0,0,0,0,0,0,66
2025-09-29T05:40:52.411Z,59.5,21.1,1.928,50.4,0,59.9,0,0,0,0,0,0,0,0,66
2025-09-29T05:40:53.412Z,59.5,21.1,1.928,49.6,0,59.9,0,0,0,0,0,0,0,0,66
2025-09-29T05:40:54.411Z,59.5,21.1,1.928,49.6,0,59.9,0,0,0,0,0,0,0,0,66
2025-09-29T05:40:55.412Z,59.5,21.1,1.928,49.6,0,59.9,0,0,0,0,0,0,0,0,66
2025-09-29T05:40:56.413Z,59.5,21.1,1.928,50.4,0,59.9,0,0,0,0,0,0,0,0,66
2025-09-29T05:40:57.416Z,59.5,21.1,1.928,49.6,0,59.9,0,0,0,0,0,0,0,0,66
2025-09-29T05:40:58.414Z,59.5,21.1,1.928,50.4,0,59.9,0,0,0,0,0,0,0,0,66
2025-09-29T05:40:59.415Z,59.5,21.1,1.928,49.6,0,59.9,0,0,0,0,0,0,0,0,66
2025-09-29T05:41:00.413Z,59.5,21.1,1.928,50.4,0,59.9,0,0,0,0,0,0,0,0,66
2025-09-29T05:41:01.413Z,59.5,21.1,1.928,49.6,0,59.9,0,0,0,0,0,0,0,0,66
2025-09-29T05:41:02.418Z,59.5,21.1,1.929,50.4,0,59.9,0,0,0,0,0,0,0,0,66
2025-09-29T05:41:03.415Z,59.5,21.1,1.928,49.6,0,59.9,0,0,0,0,0,0,0,0,66
2025-09-29T05:41:04.420Z,59.5,21.1,1.929,50.4,0,59.9,0,0,0,0,0,0,0,0,66
2025-09-29T05:41:05.420Z,59.5,21.1,1.928,49.6,0,59.9,0,0,0,0,0,0,0,0,66
2025-09-29T05:41:06.420Z,59.5,21.1,1.928,50.4,0,59.9,0,0,0,0,0,0,0,0,66
2025-09-29T05:41:07.417Z,59.5,21.1,1.928,49.6,0,59.9,0,0,0,0,0,0,0,0,66
2025-09-29T05:41:08.421Z,59.5,21.1,1.928,50.4,0,59.9,0,0,0,0,0,0,0,0,66
2025-09-29T05:41:09.425Z,59.5,21.1,1.929,49.6,0,59.9,0,0,0,0,0,0,0,0,66
2025-09-29T05:41:10.423Z,59.5,21.1,1.929,50.4,0,59.9,0,0,0,0,0,0,0,0,66
2025-09-29T05:41:11.420Z,59.5,21.1,1.928,49.6,0,59.9,0,0,0,0,0,0,0,0,66
2025-09-29T05:41:12.422Z,59.5,21.1,1.928,50.4,0,59.9,0,0,0,0,0,0,0,0,66
2025-09-29T05:41:13.426Z,59.5,21.1,1.929,49.6,0,59.9,0,0,0,0,0,0,0,0,66
2025-09-29T05:41:14.432Z,59.5,21.1,1.929,49.6,0,59.9,0,0,0,0,0,0,0,0,66
2025-09-29T05:41:15.428Z,59.5,21.1,1.929,50.4,0,59.9,0,0,0,0,0,0,0,0,66
2025-09-29T05:41:16.429Z,59.5,21.1,1.929,49.6,0,59.9,0,0,0,0,0,0,0,0,66
2025-09-29T05:41:17.429Z,59.5,21.1,1.929,50.4,0,59.9,0,0,0,0,0,0,0,0,66
2025-09-29T05:41:18.430Z,59.5,21.1,1.929,49.6,0,59.9,0,0,0,0,0,0,0,0,66
2025-09-29T05:41:19.433Z,59.5,21.1,1.929,50.4,0,59.9,0,0,0,0,0,0,0,0,66
2025-09-29T05:41:20.432Z,59.5,21.1,1.929,49.6,0,59.9,0,0,0,0,0,0,0,0,66
2025-09-29T05:41:21.440Z,59.5,21.1,1.929,50.4,0,59.9,0,0,0,0,0,0,0,0,66
2025-09-29T05:41:22.439Z,59.5,21.1,1.929,49.6,0,59.9,0,0,0,0,0,0,0,0,66
2025-09-29T05:41:23.438Z,59.5,21.1,1.929,50.4,0,59.9,0,0,0,0,0,0,0,0,66
2025-09-29T05:41:24.439Z,59.5,21.1,1.929,49.6,0,59.9,0,0,0,0,0,0,0,0,66
2025-09-29T05:41:25.439Z,59.5,21.1,1.929,49.6,0,59.9,0,0,0,0,0,0,0,0,66
2025-09-29T05:41:26.441Z,59.5,21.1,1.929,50.4,0,59.9,0,0,0,0,0,0,0,0,66
2025-09-29T05:41:27.446Z,59.5,21.1,1.929,49.6,0,59.9,0,0,0,0,0,0,0,0,66
2025-09-29T05:41:28.440Z,59.5,21.1,1.929,49.6,0,59.9,0,0,0,0,0,0,0,0,66
2025-09-29T05:41:29.448Z,59.5,21.1,1.928,49.6,0,59.9,0,0,0,0,0,0,0,0,66
2025-09-29T05:41:30.444Z,59.5,21.1,1.929,50.4,0,59.9,0,0,0,0,0,0,0,0,66
2025-09-29T05:41:31.449Z,59.5,21.1,1.929,49.6,0,59.9,0,0,0,0,0,0,0,0,66
2025-09-29T05:41:32.451Z,59.5,21.1,1.928,50.4,0,59.9,0,0,0,0,0,0,0,0,66
2025-09-29T05:41:33.447Z,59.5,21.1,1.929,49.6,0,59.9,0,0,0,0,0,0,0,0,66
2025-09-29T05:41:34.456Z,59.5,21.1,1.928,50.4,0,59.9,0,0,0,0,0,0,0,0,66
2025-09-29T05:41:35.449Z,59.5,21.1,1.929,49.6,0,59.9,0,0,0,0,0,0,0,0,66
2025-09-29T05:41:36.451Z,59.5,21.1,1.929,50.4,0,59.9,0,0,0,0,0,0,0,0,66
2025-09-29T05:41:37.459Z,59.5,21.1,1.928,49.6,0,59.9,0,0,0,0,0,0,0,0,66
2025-09-29T05:41:38.454Z,59.5,21.1,1.928,50.4,0,59.9,0,0,0,0,0,0,0,0,66
2025-09-29T05:41:39.459Z,59.4,21.1,1.928,49.6,0,59.9,0,0,0,0,0,0,0,0,66
2025-09-29T05:41:40.455Z,59.5,21.1,1.928,49.6,0,59.9,0,0,0,0,0,0,0,0,66
2025-09-29T05:41:41.458Z,59.5,21.1,1.928,50.4,0,59.9,0,0,0,0,0,0,0,0,66
2025-09-29T05:41:42.463Z,59.5,21.1,1.928,49.6,0,59.9,0,0,0,0,0,0,0,0,66
2025-09-29T05:41:43.463Z,59.5,21.1,1.928,49.6,0,59.9,0,0,0,0,0,0,0,0,66
2025-09-29T05:41:44.465Z,59.5,21.1,1.928,49.6,0,59.9,0,0,0,0,0,0,0,0,66
2025-09-29T05:41:45.464Z,59.5,21.1,1.928,50.4,0,59.9,0,0,0,0,0,0,0,0,66
2025-09-29T05:41:46.462Z,59.5,21.1,1.928,49.6,0,59.9,0,0,0,0,0,0,0,0,66
2025-09-29T05:41:47.466Z,59.5,21.1,1.928,49.6,0,59.9,0,0,0,0,0,0,0,0,66
2025-09-29T05:41:48.468Z,59.5,21.1,1.928,50.4,0,59.9,0,0,0,0,0,0,0,0,66
2025-09-29T05:41:49.465Z,59.5,21.1,1.928,49.6,0,59.9,0,0,0,0,0,0,0,0,66
2025-09-29T05:41:50.465Z,59.5,21.1,1.928,49.6,0,59.9,0,0,0,0,0,0,0,0,66
2025-09-29T05:41:51.465Z,59.5,21.1,1.928,50.4,0,59.9,0,0,0,0,0,0,0,0,66
2025-09-29T05:41:52.470Z,59.5,21.1,1.928,49.6,0,59.9,0,0,0,0,0,0,0,0,66
2025-09-29T05:41:53.473Z,59.5,21.1,1.928,50.4,0,59.9,0,0,0,0,0,0,0,0,66
2025-09-29T05:41:54.465Z,59.5,21.1,1.928,50.4,0,59.9,0,0,0,0,0,0,0,0,66
2025-09-29T05:41:55.472Z,59.5,21.1,1.928,49.6,0,59.9,0,0,0,0,0,0,0,0,66
2025-09-29T05:41:56.470Z,59.5,21.1,1.928,50.4,0,59.9,0,0,0,0,0,0,0,0,66
2025-09-29T05:41:57.470Z,59.5,21.1,1.928,49.6,0,59.9,0,0,0,0,0,0,0,0,66
2025-09-29T05:41:58.472Z,59.5,21.1,1.928,50.4,0,59.9,0,0,0,0,0,0,0,0,66
2025-09-29T05:41:59.471Z,59.5,21.1,1.928,49.6,0,59.9,0,0,0,0,0,0,0,0,66
2025-09-29T05:42:00.469Z,59.5,21.1,1.928,50.4,0,59.9,0,0,0,0,0,0,0,0,66
2025-09-29T05:42:01.473Z,59.5,21.1,1.928,49.6,0,59.9,0,0,0,0,0,0,0,0,66
2025-09-29T05:42:02.478Z,59.5,21.1,1.928,49.6,0,59.9,0,0,0,0,0,0,0,0,66
2025-09-29T05:42:03.472Z,59.5,21.1,1.928,50.4,0,59.9,0,0,0,0,0,0,0,0,66
2025-09-29T05:42:04.474Z,59.5,21.1,1.928,49.6,0,59.9,0,0,0,0,0,0,0,0,66
2025-09-29T05:42:05.480Z,59.5,21.1,1.928,50.4,0,59.9,0,0,0,0,0,0,0,0,66
2025-09-29T05:42:06.476Z,59.5,21.1,1.928,50.4,0,59.9,0,0,0,0,0,0,0,0,66
2025-09-29T05:42:07.477Z,59.5,21.1,1.928,49.6,0,59.9,0,0,0,0,0,0,0,0,66
2025-09-29T05:42:08.476Z,59.5,21.1,1.928,50.4,0,59.9,0,0,0,0,0,0,0,0,66
2025-09-29T05:42:09.484Z,59.5,21.1,1.929,49.6,0,59.9,0,0,0,0,0,0,0,0,66
2025-09-29T05:42:10.481Z,59.5,21.1,1.928,50.4,0,59.9,0,0,0,0,0,0,0,0,66
2025-09-29T05:42:11.483Z,59.5,21.1,1.928,49.6,0,59.9,0,0,0,0,0,0,0,0,66
2025-09-29T05:42:12.483Z,59.5,21.1,1.928,50.4,0,59.9,0,0,0,0,0,0,0,0,66
2025-09-29T05:42:13.483Z,59.5,21.1,1.928,49.6,0,59.9,0,0,0,0,0,0,0,0,66
2025-09-29T05:42:14.485Z,59.5,21.1,1.928,50.4,0,59.9,0,0,0,0,0,0,0,0,66
2025-09-29T05:42:15.490Z,59.5,21.1,1.929,49.6,0,59.9,0,0,0,0,0,0,0,0,66
2025-09-29T05:42:16.486Z,59.5,21.1,1.928,50.4,0,59.9,0,0,0,0,0,0,0,0,66
2025-09-29T05:42:17.488Z,59.5,21.1,1.928,49.6,0,59.9,0,0,0,0,0,0,0,0,66
2025-09-29T05:42:18.489Z,59.5,21.1,1.928,50.4,0,59.9,0,0,0,0,0,0,0,0,66
2025-09-29T05:42:19.489Z,59.5,21.1,1.928,49.6,0,59.9,0,0,0,0,0,0,0,0,66
2025-09-29T05:42:20.488Z,59.5,21.1,1.928,50.4,0,59.9,0,0,0,0,0,0,0,0,66
2025-09-29T05:42:21.493Z,59.5,21.1,1.929,49.6,0,59.9,0,0,0,0,0,0,0,0,66
2025-09-29T05:42:22.493Z,59.5,21.1,1.929,50.4,0,59.9,0,0,0,0,0,0,0,0,66
2025-09-29T05:42:23.497Z,59.5,21.1,1.928,49.6,0,59.9,0,0,0,0,0,0,0,0,66
2025-09-29T05:42:24.496Z,59.5,21.1,1.929,50.4,0,59.9,0,0,0,0,0,0,0,0,66
2025-09-29T05:42:25.499Z,59.5,21.1,1.929,49.6,0,59.9,0,0,0,0,0,0,0,0,66
2025-09-29T05:42:26.504Z,59.5,21.1,1.928,50.4,0,59.9,0,0,0,0,0,0,0,0,66
2025-09-29T05:42:27.498Z,59.5,21.1,1.928,49.6,0,59.9,0,0,0,0,0,0,0,0,66
2025-09-29T05:42:28.498Z,59.5,21.1,1.929,50.4,0,59.9,0,0,0,0,0,0,0,0,66
2025-09-29T05:42:29.496Z,59.5,21.1,1.928,49.6,0,59.9,0,0,0,0,0,0,0,0,66
2025-09-29T05:42:30.501Z,59.5,21.1,1.928,50.4,0,59.9,0,0,0,0,0,0,0,0,66
2025-09-29T05:42:31.498Z,59.5,21.1,1.927,49.6,0,59.9,0,0,0,0,0,0,0,0,66
2025-09-29T05:42:32.500Z,59.6,21.1,1.928,50.4,0,59.9,0,0,0,0,0,0,0,0,66
2025-09-29T05:42:33.505Z,59.6,21.1,1.928,49.6,0,59.9,0,0,0,0,0,0,0,0,66
2025-09-29T05:42:34.505Z,59.6,21.1,1.928,50.4,0,59.9,0,0,0,0,0,0,0,0,66
2025-09-29T05:42:35.502Z,59.6,21.1,1.929,49.6,0,59.9,0,0,0,0,0,0,0,0,66
2025-09-29T05:42:36.506Z,59.6,21.1,1.928,50.4,0,59.9,0,0,0,0,0,0,0,0,66
2025-09-29T05:42:37.504Z,59.6,21.1,1.928,49.6,0,59.9,0,0,0,0,0,0,0,0,66
2025-09-29T05:42:38.507Z,59.6,21.1,1.928,50.4,0,59.9,0,0,0,0,0,0,0,0,66
2025-09-29T05:42:39.503Z,59.6,21.1,1.928,49.6,0,59.9,0,0,0,0,0,0,0,0,66
2025-09-29T05:42:40.508Z,59.6,21.1,1.928,50.4,0,59.9,0,0,0,0,0,0,0,0,66
2025-09-29T05:42:41.508Z,59.6,21.1,1.928,49.6,0,59.9,0,0,0,0,0,0,0,0,66
2025-09-29T05:42:42.508Z,59.6,21.1,1.928,50.4,0,59.9,0,0,0,0,0,0,0,0,66
2025-09-29T05:42:43.511Z,59.6,21.1,1.928,49.6,0,59.9,0,0,0,0,0,0,0,0,66
2025-09-29T05:42:44.515Z,59.6,21.1,1.928,50.4,0,59.9,0,0,0,0,0,0,0,0,66
2025-09-29T05:42:45.514Z,59.6,21.1,1.928,49.6,0,59.9,0,0,0,0,0,0,0,0,66
2025-09-29T05:42:46.514Z,59.6,21.1,1.927,50.4,0,59.9,0,0,0,0,0,0,0,0,66
2025-09-29T05:42:47.521Z,59.6,21.1,1.926,50.4,0,59.9,0,0,0,0,0,0,0,0,66
2025-09-29T05:42:48.520Z,59.6,21.1,1.926,49.6,0,59.9,0,0,0,0,0,0,0,0,66
2025-09-29T05:42:49.521Z,59.6,21.1,1.926,49.6,0,59.9,0,0,0,0,0,0,0,0,66
2025-09-29T05:42:50.518Z,59.6,21.1,1.927,50.4,0,59.9,0,0,0,0,0,0,0,0,66
2025-09-29T05:42:51.523Z,59.6,21.1,1.927,49.6,0,59.9,0,0,0,0,0,0,0,0,66
2025-09-29T05:42:52.523Z,59.6,21.1,1.927,50.4,0,59.9,0,0,0,0,0,0,0,0,66
2025-09-29T05:42:53.526Z,59.6,21.1,1.926,49.6,0,59.9,0,0,0,0,0,0,0,0,66
2025-09-29T05:42:54.524Z,59.6,21.1,1.927,49.6,0,59.9,0,0,0,0,0,0,0,0,66
2025-09-29T05:42:55.522Z,59.6,21.1,1.928,49.6,0,59.9,0,0,0,0,0,0,0,0,66
2025-09-29T05:42:56.531Z,59.6,21.1,1.926,49.6,0,59.9,0,0,0,0,0,0,0,0,66
2025-09-29T05:42:57.531Z,59.7,21.1,1.926,50.4,0,59.9,0,0,0,0,0,0,0,0,66
2025-09-29T05:42:58.529Z,59.7,21.1,1.926,49.6,0,59.9,0,0,0,0,0,0,0,0,66
2025-09-29T05:42:59.524Z,59.7,21.1,1.927,50.4,0,59.9,0,0,0,0,0,0,0,0,66
2025-09-29T05:43:00.527Z,59.7,21.1,1.926,49.6,0,59.9,0,0,0,0,0,0,0,0,66
2025-09-29T05:43:01.528Z,59.7,21.1,1.926,50.4,0,59.9,0,0,0,0,0,0,0,0,66
2025-09-29T05:43:02.530Z,59.7,21.1,1.926,49.6,0,59.9,0,0,0,0,0,0,0,0,66
2025-09-29T05:43:03.528Z,59.7,21.1,1.927,50.4,0,59.9,0,0,0,0,0,0,0,0,66
2025-09-29T05:43:04.531Z,59.7,21.1,1.926,49.6,0,59.9,0,0,0,0,0,0,0,0,66
2025-09-29T05:43:05.532Z,59.7,21.1,1.926,50.4,0,59.9,0,0,0,0,0,0,0,0,66
2025-09-29T05:43:06.535Z,59.7,21.1,1.926,49.6,0,59.9,0,0,0,0,0,0,0,0,66
2025-09-29T05:43:07.535Z,59.7,21.1,1.926,50.4,0,59.9,0,0,0,0,0,0,0,0,66
2025-09-29T05:43:08.539Z,59.7,21.1,1.926,49.6,0,59.9,0,0,0,0,0,0,0,0,66
2025-09-29T05:43:09.542Z,59.7,21.1,1.926,50.4,0,59.9,0,0,0,0,0,0,0,0,66
2025-09-29T05:43:10.536Z,59.7,21.1,1.926,49.6,0,59.9,0,0,0,0,0,0,0,0,66
2025-09-29T05:43:11.536Z,59.7,21.1,1.926,50.4,0,59.9,0,0,0,0,0,0,0,0,66
2025-09-29T05:43:12.538Z,59.7,21.1,1.926,49.6,0,59.9,0,0,0,0,0,0,0,0,66
2025-09-29T05:43:13.538Z,59.7,21.1,1.926,50.4,0,59.9,0,0,0,0,0,0,0,0,66
2025-09-29T05:43:14.539Z,59.7,21.1,1.926,49.6,0,59.9,0,0,0,0,0,0,0,0,66
2025-09-29T05:43:15.540Z,59.7,21.1,1.926,50.4,0,59.9,0,0,0,0,0,0,0,0,66
2025-09-29T05:43:16.541Z,59.7,21.1,1.926,49.6,0,59.9,0,0,0,0,0,0,0,0,66
2025-09-29T05:43:17.547Z,59.8,21.1,1.926,50.4,0,59.9,0,0,0,0,0,0,0,0,66
2025-09-29T05:43:18.552Z,59.8,21.1,1.927,49.6,0,59.9,0,0,0,0,0,0,0,0,66
2025-09-29T05:43:19.546Z,59.8,21.1,1.926,50.4,0,59.9,0,0,0,0,0,0,0,0,66
2025-09-29T05:43:20.545Z,59.8,21.1,1.926,49.6,0,59.9,0,0,0,0,0,0,0,0,66
2025-09-29T05:43:21.548Z,59.8,21.1,1.926,49.6,0,59.9,0,0,0,0,0,0,0,0,66
2025-09-29T05:43:22.551Z,59.8,21.1,1.926,49.6,0,59.9,0,0,0,0,0,0,0,0,66
2025-09-29T05:43:23.547Z,59.8,21.1,1.926,50.4,0,59.9,0,0,0,0,0,0,0,0,66
2025-09-29T05:43:24.552Z,59.8,21.1,1.926,49.6,0,59.9,0,0,0,0,0,0,0,0,66
2025-09-29T05:43:25.552Z,59.8,21.1,1.926,50.4,0,59.9,0,0,0,0,0,0,0,0,66
2025-09-29T05:43:26.554Z,59.8,21.1,1.927,49.6,0,59.9,0,0,0,0,0,0,0,0,66
2025-09-29T05:43:27.554Z,59.8,21.1,1.926,50.4,0,59.9,0,0,0,0,0,0,0,0,66
2025-09-29T05:43:28.562Z,59.8,21.1,1.927,49.6,0,59.9,0,0,0,0,0,0,0,0,66
2025-09-29T05:43:29.556Z,59.8,21.1,1.927,50.4,0,59.9,0,0,0,0,0,0,0,0,66
2025-09-29T05:43:30.552Z,59.8,21.1,1.926,49.6,0,59.9,0,0,0,0,0,0,0,0,66
2025-09-29T05:43:31.554Z,59.8,21.1,1.926,50.4,0,59.9,0,0,0,0,0,0,0,0,66
2025-09-29T05:43:32.552Z,59.8,21.1,1.926,49.6,0,59.9,0,0,0,0,0,0,0,0,66
2025-09-29T05:43:33.556Z,59.8,21.1,1.926,50.4,0,59.9,0,0,0,0,0,0,0,0,66
2025-09-29T05:43:34.559Z,59.8,21.1,1.926,49.6,0,59.9,0,0,0,0,0,0,0,0,66
2025-09-29T05:43:35.560Z,59.8,21.1,1.926,50.4,0,59.9,0,0,0,0,0,0,0,0,66
2025-09-29T05:43:36.560Z,59.9,21.1,1.926,49.6,0,59.9,0,0,0,0,0,0,0,0,66
2025-09-29T05:43:37.559Z,59.9,21.1,1.926,50.4,0,60,0,0,0,0,0,0,0,0,66
2025-09-29T05:43:38.557Z,59.9,21.1,1.926,49.6,0,59.9,0,0,0,0,0,0,0,0,66
2025-09-29T05:43:39.566Z,59.9,21.1,1.926,50.4,0,59.9,0,0,0,0,0,0,0,0,66
2025-09-29T05:43:40.563Z,59.9,21.1,1.926,49.6,0,59.9,0,0,0,0,0,0,0,0,66
2025-09-29T05:43:41.562Z,59.9,21.1,1.926,49.6,0,59.9,0,0,0,0,0,0,0,0,66
2025-09-29T05:43:42.564Z,59.9,21.1,1.926,50.4,0,60,0,0,0,0,0,0,0,0,66
2025-09-29T05:43:43.567Z,59.9,21.1,1.926,49.6,0,60,0,0,0,0,0,0,0,0,66
2025-09-29T05:43:44.568Z,59.9,21.1,1.926,50.4,0,60,0,0,0,0,0,0,0,0,66
2025-09-29T05:43:45.569Z,59.9,21.1,1.926,49.6,0,60,0,0,0,0,0,0,0,0,66
2025-09-29T05:43:46.571Z,59.9,21.1,1.926,50.4,0,60,0,0,0,0,0,0,0,0,66
2025-09-29T05:43:47.577Z,59.9,21.1,1.926,49.6,0,60,0,0,0,0,0,0,0,0,66
2025-09-29T05:43:48.570Z,59.9,21.1,1.926,49.6,0,60,0,0,0,0,0,0,0,0,66
2025-09-29T05:43:49.573Z,59.9,21.1,1.926,49.6,0,60,0,0,0,0,0,0,0,0,66
2025-09-29T05:43:50.572Z,59.9,21.1,1.926,50.4,0,60,0,0,0,0,0,0,0,0,66
2025-09-29T05:43:51.573Z,60,21.1,1.926,49.6,0,60,0,0,0,0,0,0,0,0,66
2025-09-29T05:43:52.578Z,60,21.1,1.926,50.4,0,60,0,0,0,0,0,0,0,0,66
2025-09-29T05:43:53.578Z,60,21.1,1.926,49.6,0,60,0,0,0,0,0,0,0,0,66
2025-09-29T05:43:54.576Z,60,21.1,1.926,50.4,0,60,0,0,0,0,0,0,0,0,66
2025-09-29T05:43:55.576Z,60,21.1,1.926,49.6,0,60,0,0,0,0,0,0,0,0,66
2025-09-29T05:43:56.581Z,60,21.1,1.926,50.4,0,60,0,0,0,0,0,0,0,0,66
2025-09-29T05:43:57.584Z,60,21.1,1.926,49.6,0,60,0,0,0,0,0,0,0,0,66
2025-09-29T05:43:58.581Z,60,21.1,1.926,50.4,0,60,0,0,0,0,0,0,0,0,66
2025-09-29T05:43:59.584Z,60,21.1,1.926,49.6,0,60,0,0,0,0,0,0,0,0,66
2025-09-29T05:44:00.582Z,60,21.1,1.926,49.6,0,60,0,0,0,0,0,0,0,0,66
2025-09-29T05:44:01.585Z,60,21.1,1.926,49.6,0,60,0,0,0,0,0,0,0,0,66
2025-09-29T05:44:02.584Z,60,21.1,1.926,49.6,0,60,0,0,0,0,0,0,0,0,66
2025-09-29T05:44:03.584Z,60,21.1,1.926,50.4,0,60,0,0,0,0,0,0,0,0,66
2025-09-29T05:44:04.588Z,60,21.1,1.926,50.4,0,60,0,0,0,0,0,0,0,0,66
2025-09-29T05:44:05.590Z,60,21.1,1.925,49.6,0,60,0,0,0,0,0,0,0,0,66
2025-09-29T05:44:06.586Z,60,21.1,1.926,50.4,0,60,0,0,0,0,0,0,0,0,66
2025-09-29T05:44:07.591Z,60.1,21.1,1.925,49.6,0,60,0,0,0,0,0,0,0,0,66
2025-09-29T05:44:08.587Z,60.1,21.1,1.926,50.4,0,60,0,0,0,0,0,0,0,0,66
2025-09-29T05:44:09.602Z,60.1,21.1,1.925,49.6,0,60,0,0,0,0,0,0,0,0,66
2025-09-29T05:44:10.596Z,60.1,21.1,1.925,50.4,0,60,0,0,0,0,0,0,0,0,66
2025-09-29T05:44:11.603Z,60.1,21.1,1.925,49.6,0,60,0,0,0,0,0,0,0,0,66
2025-09-29T05:44:12.592Z,60.1,21.1,1.926,50.4,0,60,0,0,0,0,0,0,0,0,66
2025-09-29T05:44:13.597Z,60.1,21.1,1.925,49.6,0,60,0,0,0,0,0,0,0,0,66
2025-09-29T05:44:14.598Z,60.1,21.1,1.925,50.4,0,60,0,0,0,0,0,0,0,0,66
2025-09-29T05:44:15.596Z,60.1,21.1,1.926,49.6,0,60,0,0,0,0,0,0,0,0,66
2025-09-29T05:44:16.598Z,60.1,21.1,1.924,49.6,0,60,0,0,0,0,0,0,0,0,66
2025-09-29T05:44:17.604Z,60.1,21.1,1.925,50.4,0,60,0,0,0,0,0,0,0,0,66
2025-09-29T05:44:18.602Z,60.1,21.1,1.924,49.6,0,60,0,0,0,0,0,0,0,0,66
2025-09-29T05:44:19.601Z,60.1,21.1,1.924,50.4,0,60,0,0,0,0,0,0,0,0,66
2025-09-29T05:44:20.605Z,60.1,21.1,1.924,49.6,0,60,0,0,0,0,0,0,0,0,66
2025-09-29T05:44:21.606Z,60.1,21.1,1.924,49.6,0,60,0,0,0,0,0,0,0,0,66
2025-09-29T05:44:22.604Z,60.1,21.1,1.924,50.4,0,60,0,0,0,0,0,0,0,0,66
2025-09-29T05:44:23.604Z,60.2,21.1,1.924,49.6,0,60,0,0,0,0,0,0,0,0,66
2025-09-29T05:44:24.608Z,60.2,21.1,1.924,49.6,0,60,0,0,0,0,0,0,0,0,66
2025-09-29T05:44:25.604Z,60.2,21.1,1.925,50.4,0,60,0,0,0,0,0,0,0,0,66
2025-09-29T05:44:26.605Z,60.2,21.1,1.925,49.6,0,60,0,0,0,0,0,0,0,0,66
2025-09-29T05:44:27.606Z,60.2,21.1,1.924,49.6,0,60,0,0,0,0,0,0,0,0,66
2025-09-29T05:44:28.614Z,60.2,21.1,1.924,50.4,0,60,0,0,0,0,0,0,0,0,66
2025-09-29T05:44:29.606Z,60.2,21.1,1.925,49.6,0,60,0,0,0,0,0,0,0,0,66
2025-09-29T05:44:30.614Z,60.2,21.1,1.923,49.6,0,60,0,0,0,0,0,0,0,0,66
2025-09-29T05:44:31.613Z,60.2,21.1,1.923,50.4,0,60,0,0,0,0,0,0,0,0,66
2025-09-29T05:44:32.611Z,60.2,21.1,1.923,50.4,0,60,0,0,0,0,0,0,0,0,66
2025-09-29T05:44:33.610Z,60.2,21.1,1.923,49.6,0,60,0,0,0,0,0,0,0,0,66
2025-09-29T05:44:34.611Z,60.2,21.1,1.924,50.4,0,60,0,0,0,0,0,0,0,0,66
2025-09-29T05:44:35.615Z,60.2,21.1,1.923,49.6,0,60,0,0,0,0,0,0,0,0,66
2025-09-29T05:44:36.614Z,60.2,21.1,1.923,50.4,0,60,0,0,0,0,0,0,0,0,66
2025-09-29T05:44:37.617Z,60.3,21.1,1.923,49.6,0,60,0,0,0,0,0,0,0,0,66
2025-09-29T05:44:38.611Z,60.3,21.1,1.924,50.4,0,60,0,0,0,0,0,0,0,0,66
2025-09-29T05:44:39.617Z,60.3,21.1,1.923,49.6,0,60,0,0,0,0,0,0,0,0,66
2025-09-29T05:44:40.624Z,60.3,21.1,1.923,49.6,0,60,0,0,0,0,0,0,0,0,66
2025-09-29T05:44:41.626Z,60.3,21.1,1.923,50.4,0,60,0,0,0,0,0,0,0,0,66
2025-09-29T05:44:42.620Z,60.3,21.1,1.923,49.6,0,60,0,0,0,0,0,0,0,0,66
2025-09-29T05:44:43.622Z,60.3,21.1,1.923,50.4,0,60,0,0,0,0,0,0,0,0,66
2025-09-29T05:44:44.623Z,60.3,21.1,1.923,50.4,0,60,0,0,0,0,0,0,0,0,66
2025-09-29T05:44:45.623Z,60.3,21.1,1.923,49.6,0,60,0,0,0,0,0,0,0,0,66
2025-09-29T05:44:46.626Z,60.3,21.1,1.923,50.4,0,60,0,0,0,0,0,0,0,0,66
2025-09-29T05:44:47.625Z,60.3,21.1,1.923,49.6,0,60,0,0,0,0,0,0,0,0,66
2025-09-29T05:44:48.625Z,60.3,21.1,1.923,50.4,0,60,0,0,0,0,0,0,0,0,66
2025-09-29T05:44:49.632Z,60.3,21.1,1.923,49.6,0,60,0,0,0,0,0,0,0,0,66
2025-09-29T05:44:50.630Z,60.3,21.1,1.923,49.6,0,60,0,0,0,0,0,0,0,0,66
2025-09-29T05:44:51.628Z,60.4,21.1,1.923,50.4,0,60,0,0,0,0,0,0,0,0,66
2025-09-29T05:44:52.632Z,60.4,21.1,1.923,49.6,0,60,0,0,0,0,0,0,0,0,66
2025-09-29T05:44:53.635Z,60.4,21.1,1.923,50.4,0,60,0,0,0,0,0,0,0,0,66
2025-09-29T05:44:54.628Z,60.4,21.1,1.923,49.6,0,60,0,0,0,0,0,0,0,0,66
2025-09-29T05:44:55.631Z,60.4,21.1,1.923,49.6,0,60,0,0,0,0,0,0,0,0,66
2025-09-29T05:44:56.634Z,60.4,21.1,1.923,50.4,0,60,0,0,0,0,0,0,0,0,66
2025-09-29T05:44:57.634Z,60.4,21.1,1.923,50.4,0,60,0,0,0,0,0,0,0,0,66
2025-09-29T05:44:58.635Z,60.4,21.1,1.923,49.6,0,60,0,0,0,0,0,0,0,0,66
2025-09-29T05:44:59.634Z,60.4,21.1,1.923,50.4,0,60,0,0,0,0,0,0,0,0,66
2025-09-29T05:45:00.637Z,60.4,21.1,1.923,49.6,0,60,0,0,0,0,0,0,0,0,66
2025-09-29T05:45:00.637Z,60.4,21.1,1.923,49.6,0,60,0,0,0,0,0,0,0,0,66
2025-09-29T05:45:02.639Z,60.4,21.1,1.923,49.6,0,60,0,0,0,0,0,0,0,0,66
2025-09-29T05:45:03.639Z,60.4,21.1,1.923,49.6,0,60,0,0,0,0,0,0,0,0,66
2025-09-29T05:45:04.642Z,60.4,21.1,1.923,50.4,0,60,0,0,0,0,0,0,0,0,66
2025-09-29T05:45:05.648Z,60.4,21.1,1.923,49.6,0,60,0,0,0,0,0,0,0,0,66
2025-09-29T05:45:06.643Z,60.5,21.1,1.923,50.4,0,60,0,0,0,0,0,0,0,0,66
2025-09-29T05:45:07.643Z,60.5,21.1,1.923,50.4,0,60,0,0,0,0,0,0,0,0,66
2025-09-29T05:45:08.644Z,60.5,21.1,1.923,49.6,0,60,0,0,0,0,0,0,0,0,66
2025-09-29T05:45:09.647Z,60.5,21.1,1.923,50.4,0,60,0,0,0,0,0,0,0,0,66
2025-09-29T05:45:10.647Z,60.5,21.1,1.923,49.6,0,60,0,0,0,0,0,0,0,0,66
2025-09-29T05:45:11.649Z,60.5,21.1,1.923,50.4,0,60,0,0,0,0,0,0,0,0,66
2025-09-29T05:45:12.647Z,60.5,21.1,1.923,50.4,0,60,0,0,0,0,0,0,0,0,66
2025-09-29T05:45:13.648Z,60.5,21.1,1.923,49.6,0,60,0,0,0,0,0,0,0,0,66
2025-09-29T05:45:14.651Z,60.5,21.1,1.923,50.4,0,60,0,0,0,0,0,0,0,0,66
2025-09-29T05:45:15.650Z,60.5,21.1,1.923,49.6,0,60,0,0,0,0,0,0,0,0,66
2025-09-29T05:45:16.653Z,60.5,21.1,1.923,49.6,0,60,0,0,0,0,0,0,0,0,66
2025-09-29T05:45:17.655Z,60.5,21.1,1.923,49.6,0,60,0,0,0,0,0,0,0,0,66
2025-09-29T05:45:18.657Z,60.5,21.1,1.923,50.4,0,60,0,0,0,0,0,0,0,0,66
2025-09-29T05:45:19.653Z,60.5,21.1,1.923,50.4,0,60,0,0,0,0,0,0,0,0,66
2025-09-29T05:45:20.657Z,60.5,21.1,1.922,49.6,0,60,0,0,0,0,0,0,0,0,66
2025-09-29T05:45:21.660Z,60.5,21.1,1.922,49.6,0,60,0,0,0,0,0,0,0,0,66
2025-09-29T05:45:22.662Z,60.6,21.1,1.923,49.6,0,60,0,0,0,0,0,0,0,0,66
2025-09-29T05:45:23.661Z,60.6,21.1,1.922,50.4,0,60,0,0,0,0,0,0,0,0,66
2025-09-29T05:45:24.666Z,60.6,21.1,1.923,50.4,0,60,0,0,0,0,0,0,0,0,66
2025-09-29T05:45:25.669Z,60.6,21.1,1.923,49.6,0,60,0,0,0,0,0,0,0,0,66
2025-09-29T05:45:26.663Z,60.6,21.1,1.922,50.4,0,60,0,0,0,0,0,0,0,0,66
2025-09-29T05:45:27.666Z,60.6,21.1,1.922,49.6,0,60,0,0,0,0,0,0,0,0,66
2025-09-29T05:45:28.669Z,60.6,21.1,1.923,50.4,0,60,0,0,0,0,0,0,0,0,66
2025-09-29T05:45:29.667Z,60.6,21.1,1.922,49.6,0,60,0,0,0,0,0,0,0,0,66
2025-09-29T05:45:30.670Z,60.6,21.1,1.923,49.6,0,60,0,0,0,0,0,0,0,0,66
2025-09-29T05:45:31.667Z,60.6,21.1,1.922,50.4,0,60,0,0,0,0,0,0,0,0,66
2025-09-29T05:45:32.674Z,60.6,21.1,1.923,49.6,0,60,0,0,0,0,0,0,0,0,66
2025-09-29T05:45:33.668Z,60.6,21.1,1.922,50.4,0,60,0,0,0,0,0,0,0,0,66
2025-09-29T05:45:34.669Z,60.6,21.1,1.922,49.6,0,60,0,0,0,0,0,0,0,0,66
2025-09-29T05:45:35.668Z,60.6,21.1,1.922,49.6,0,60,0,0,0,0,0,0,0,0,66
2025-09-29T05:45:36.670Z,60.6,21.1,1.922,50.4,0,60,0,0,0,0,0,0,0,0,66
2025-09-29T05:45:37.672Z,60.6,21.1,1.922,49.6,0,60,0,0,0,0,0,0,0,0,66
2025-09-29T05:45:38.669Z,60.7,21.1,1.922,49.6,0,60,0,0,0,0,0,0,0,0,66
2025-09-29T05:45:39.671Z,60.7,21.1,1.921,50.4,0,60,0,0,0,0,0,0,0,0,66
2025-09-29T05:45:40.678Z,60.7,21.1,1.922,49.6,0,60,0,0,0,0,0,0,0,0,66
2025-09-29T05:45:41.679Z,60.7,21.1,1.922,50.4,0,60,0,0,0,0,0,0,0,0,66
2025-09-29T05:45:42.677Z,60.7,21.1,1.921,49.6,0,60,0,0,0,0,0,0,0,0,66
2025-09-29T05:45:43.677Z,60.7,21.1,1.921,49.6,0,60,0,0,0,0,0,0,0,0,66
2025-09-29T05:45:44.680Z,60.7,21.1,1.921,50.4,0,60,0,0,0,0,0,0,0,0,66
2025-09-29T05:45:45.686Z,60.7,21.1,1.922,49.6,0,60,0,0,0,0,0,0,0,0,66
2025-09-29T05:45:46.685Z,60.7,21.1,1.922,50.4,0,60,0,0,0,0,0,0,0,0,66
2025-09-29T05:45:47.683Z,60.7,21.1,1.921,50.4,0,60,0,0,0,0,0,0,0,0,66
2025-09-29T05:45:48.688Z,60.7,21.1,1.922,49.6,0,60,0,0,0,0,0,0,0,0,66
2025-09-29T05:45:49.691Z,60.7,21.1,1.922,50.4,0,60,0,0,0,0,0,0,0,0,66
2025-09-29T05:45:50.685Z,60.7,21.1,1.921,49.6,0,60,0,0,0,0,0,0,0,0,66
2025-09-29T05:45:51.686Z,60.7,21.1,1.922,50.4,0,60,0,0,0,0,0,0,0,0,66
2025-09-29T05:45:52.690Z,60.7,21.1,1.922,49.6,0,60,0,0,0,0,0,0,0,0,66
2025-09-29T05:45:53.687Z,60.7,21.1,1.922,50.4,0,60,0,0,0,0,0,0,0,0,66
2025-09-29T05:45:54.689Z,60.7,21.1,1.922,50.4,0,60,0,0,0,0,0,0,0,0,66
2025-09-29T05:45:55.691Z,60.7,21.1,1.922,49.6,0,60,0,0,0,0,0,0,0,0,66
2025-09-29T05:45:56.694Z,60.8,21.1,1.922,50.4,0,60,0,0,0,0,0,0,0,0,66
2025-09-29T05:45:57.696Z,60.8,21.1,1.922,49.6,0,60,0,0,0,0,0,0,0,0,66
2025-09-29T05:45:58.704Z,60.8,21.1,1.922,50.4,0,60,0,0,0,0,0,0,0,0,66
2025-09-29T05:45:59.692Z,60.8,21.1,1.922,49.6,0,60,0,0,0,0,0,0,0,0,66
2025-09-29T05:46:00.695Z,60.8,21.1,1.922,50.4,0,60,0,0,0,0,0,0,0,0,66
2025-09-29T05:46:01.697Z,60.8,21.1,1.922,49.6,0,60,0,0,0,0,0,0,0,0,66
2025-09-29T05:46:02.693Z,60.8,21.1,1.921,50.4,0,60,0,0,0,0,0,0,0,0,66
2025-09-29T05:46:03.701Z,60.8,21.1,1.922,49.6,0,60,0,0,0,0,0,0,0,0,66
2025-09-29T05:46:04.702Z,60.8,21.1,1.922,50.4,0,60,0,0,0,0,0,0,0,0,66
2025-09-29T05:46:05.697Z,60.8,21.1,1.922,49.6,0,60,0,0,0,0,0,0,0,0,66
2025-09-29T05:46:06.704Z,60.8,21.1,1.922,50.4,0,60,0,0,0,0,0,0,0,0,66
2025-09-29T05:46:07.700Z,60.8,21.1,1.922,49.6,0,60,0,0,0,0,0,0,0,0,66
2025-09-29T05:46:08.704Z,60.8,21.1,1.922,50.4,0,60.1,0,0,0,0,0,0,0,0,66
2025-09-29T05:46:09.708Z,60.8,21.1,1.922,49.6,0,60.1,0,0,0,0,0,0,0,0,66
2025-09-29T05:46:10.705Z,60.8,21.1,1.922,49.6,0,60,0,0,0,0,0,0,0,0,66
2025-09-29T05:46:11.703Z,60.8,21.1,1.922,49.6,0,60,0,0,0,0,0,0,0,0,66
2025-09-29T05:46:12.709Z,60.8,21.1,1.922,50.4,0,60,0,0,0,0,0,0,0,0,66
2025-09-29T05:46:13.706Z,60.8,21.1,1.922,49.6,0,60,0,0,0,0,0,0,0,0,66
2025-09-29T05:46:14.706Z,60.8,21.1,1.922,49.6,0,60,0,0,0,0,0,0,0,0,66
2025-09-29T05:46:15.705Z,60.9,21.1,1.921,50.4,0,60,0,0,0,0,0,0,0,0,66
2025-09-29T05:46:16.708Z,60.9,21.1,1.922,49.6,0,60,0,0,0,0,0,0,0,0,66
2025-09-29T05:46:17.709Z,60.9,21.1,1.922,50.4,0,60,0,0,0,0,0,0,0,0,66
2025-09-29T05:46:18.707Z,60.9,21.1,1.922,49.6,0,60,0,0,0,0,0,0,0,0,66
2025-09-29T05:46:19.712Z,60.9,21.1,1.922,50.4,0,60,0,0,0,0,0,0,0,0,66
2025-09-29T05:46:20.712Z,60.9,21.1,1.922,50.4,0,60.1,0,0,0,0,0,0,0,0,66
2025-09-29T05:46:21.713Z,60.9,21.1,1.922,49.6,0,60,0,0,0,0,0,0,0,0,66
2025-09-29T05:46:22.715Z,60.9,21.1,1.922,49.6,0,60,0,0,0,0,0,0,0,0,66
2025-09-29T05:46:23.712Z,60.9,21.1,1.922,50.4,0,60,0,0,0,0,0,0,0,0,66
2025-09-29T05:46:24.717Z,60.9,21.1,1.922,50.4,0,60,0,0,0,0,0,0,0,0,66
2025-09-29T05:46:25.721Z,60.9,21.1,1.922,49.6,0,60,0,0,0,0,0,0,0,0,66
2025-09-29T05:46:26.719Z,60.9,21.1,1.922,50.4,0,60,0,0,0,0,0,0,0,0,66
2025-09-29T05:46:27.718Z,60.9,21.1,1.922,49.6,0,60,0,0,0,0,0,0,0,0,66
2025-09-29T05:46:28.725Z,60.9,21.1,1.922,50.4,0,60,0,0,0,0,0,0,0,0,66
2025-09-29T05:46:29.720Z,60.9,21.1,1.922,49.6,0,60,0,0,0,0,0,0,0,0,66
2025-09-29T05:46:30.720Z,60.9,21.1,1.921,50.4,0,60,0,0,0,0,0,0,0,0,66
2025-09-29T05:46:31.718Z,60.9,21.1,1.922,49.6,0,60,0,0,0,0,0,0,0,0,66
2025-09-29T05:46:32.720Z,60.9,21.1,1.922,50.4,0,60,0,0,0,0,0,0,0,0,66
2025-09-29T05:46:33.726Z,60.9,21.1,1.922,49.6,0,60,0,0,0,0,0,0,0,0,66
2025-09-29T05:46:34.729Z,60.9,21.1,1.922,50.4,0,60,0,0,0,0,0,0,0,0,66
2025-09-29T05:46:35.723Z,60.9,21.1,1.921,49.6,0,60,0,0,0,0,0,0,0,0,66
2025-09-29T05:46:36.729Z,60.9,21.1,1.922,50.4,0,60,0,0,0,0,0,0,0,0,66
2025-09-29T05:46:37.734Z,60.9,21.1,1.922,49.6,0,60,0,0,0,0,0,0,0,0,66
2025-09-29T05:46:38.733Z,60.9,21.1,1.922,50.4,0,60,0,0,0,0,0,0,0,0,66
2025-09-29T05:46:39.729Z,60.9,21.1,1.922,49.6,0,60,0,0,0,0,0,0,0,0,66
2025-09-29T05:46:40.724Z,60.9,21.1,1.922,50.4,0,60,0,0,0,0,0,0,0,0,66
2025-09-29T05:46:41.731Z,60.9,21.1,1.922,49.6,0,60,0,0,0,0,0,0,0,0,66
2025-09-29T05:46:42.730Z,60.9,21.1,1.921,50.4,0,60,0,0,0,0,0,0,0,0,66
2025-09-29T05:46:43.733Z,61,21.1,1.922,49.6,0,60,0,0,0,0,0,0,0,0,66
2025-09-29T05:46:44.739Z,61,21.1,1.922,50.4,0,60,0,0,0,0,0,0,0,0,66
2025-09-29T05:46:45.735Z,61,21.1,1.921,49.6,0,60,0,0,0,0,0,0,0,0,66
2025-09-29T05:46:46.745Z,61,21.1,1.92,50.4,0,60,0,0,0,0,0,0,0,0,66
2025-09-29T05:46:47.741Z,61,21.1,1.922,49.6,0,60,0,0,0,0,0,0,0,0,66
2025-09-29T05:46:48.738Z,61,21.1,1.922,50.4,0,60,0,0,0,0,0,0,0,0,66
2025-09-29T05:46:49.741Z,61,21.1,1.921,49.6,0,60,0,0,0,0,0,0,0,0,66
2025-09-29T05:46:50.737Z,61,21.1,1.921,50.4,0,60,0,0,0,0,0,0,0,0,66
2025-09-29T05:46:51.741Z,61,21.1,1.921,49.6,0,60,0,0,0,0,0,0,0,0,66
2025-09-29T05:46:52.744Z,61,21.1,1.922,50.4,0,60,0,0,0,0,0,0,0,0,66
2025-09-29T05:46:53.740Z,61,21.1,1.921,49.6,0,60,0,0,0,0,0,0,0,0,66
2025-09-29T05:46:54.743Z,61,21.1,1.922,50.4,0,60,0,0,0,0,0,0,0,0,66
2025-09-29T05:46:55.745Z,61,21.1,1.921,49.6,0,60,0,0,0,0,0,0,0,0,66
2025-09-29T05:46:56.749Z,61,21.1,1.921,50.4,0,60,0,0,0,0,0,0,0,0,66
2025-09-29T05:46:57.745Z,61,21.1,1.922,49.6,0,60,0,0,0,0,0,0,0,0,66
2025-09-29T05:46:58.747Z,61,21.1,1.922,49.6,0,60,0,0,0,0,0,0,0,0,66
2025-09-29T05:46:59.748Z,61,21.1,1.921,49.6,0,60,0,0,0,0,0,0,0,0,66
2025-09-29T05:47:00.752Z,61,21.1,1.922,50.4,0,60,0,0,0,0,0,0,0,0,66
2025-09-29T05:47:01.753Z,61,21.1,1.92,49.6,0,60,0,0,0,0,0,0,0,0,66
2025-09-29T05:47:02.750Z,61,21.1,1.922,50.4,0,60,0,0,0,0,0,0,0,0,66
2025-09-29T05:47:03.750Z,61,21.1,1.921,49.6,0,60,0,0,0,0,0,0,0,0,66
2025-09-29T05:47:04.753Z,61,21.1,1.921,50.4,0,60,0,0,0,0,0,0,0,0,66
2025-09-29T05:47:05.760Z,61,21.1,1.921,49.6,0,60,0,0,0,0,0,0,0,0,66
2025-09-29T05:47:06.759Z,61,21.1,1.92,50.4,0,60,0,0,0,0,0,0,0,0,66
2025-09-29T05:47:07.758Z,61,21.1,1.921,49.6,0,60,0,0,0,0,0,0,0,0,66
2025-09-29T05:47:08.755Z,61,21.1,1.921,50.4,0,60,0,0,0,0,0,0,0,0,66
2025-09-29T05:47:09.759Z,61,21.1,1.921,49.6,0,60,0,0,0,0,0,0,0,0,66
2025-09-29T05:47:10.759Z,61,21.1,1.921,49.6,0,60,0,0,0,0,0,0,0,0,66
2025-09-29T05:47:11.760Z,61,21.1,1.921,49.6,0,60,0,0,0,0,0,0,0,0,66
2025-09-29T05:47:12.759Z,61,21.1,1.921,49.6,0,60,0,0,0,0,0,0,0,0,66
2025-09-29T05:47:13.763Z,61,21.1,1.92,50.4,0,60,0,0,0,0,0,0,0,0,66
2025-09-29T05:47:14.763Z,61,21.1,1.92,50.4,0,60,0,0,0,0,0,0,0,0,66
2025-09-29T05:47:15.770Z,61,21.1,1.92,49.6,0,60,0,0,0,0,0,0,0,0,66
2025-09-29T05:47:16.765Z,61,21.1,1.92,49.6,0,60,0,0,0,0,0,0,0,0,66
2025-09-29T05:47:17.767Z,61,21.1,1.92,49.6,0,60,0,0,0,0,0,0,0,0,66
2025-09-29T05:47:18.763Z,61,21.1,1.921,50.4,0,60,0,0,0,0,0,0,0,0,66
2025-09-29T05:47:19.763Z,61,21.1,1.921,49.6,0,60,0,0,0,0,0,0,0,0,66
2025-09-29T05:47:20.768Z,61,21.1,1.921,49.6,0,60,0,0,0,0,0,0,0,0,66
2025-09-29T05:47:21.773Z,61,21.1,1.92,50.4,0,60,0,0,0,0,0,0,0,0,66
2025-09-29T05:47:22.770Z,61,21.1,1.92,49.6,0,60.1,0,0,0,0,0,0,0,0,66
2025-09-29T05:47:23.774Z,61,21.1,1.92,50.4,0,60,0,0,0,0,0,0,0,0,66
2025-09-29T05:47:24.771Z,61,21.1,1.921,50.4,0,60,0,0,0,0,0,0,0,0,66
2025-09-29T05:47:25.773Z,61,21.1,1.921,49.6,0,60,0,0,0,0,0,0,0,0,66
2025-09-29T05:47:26.780Z,61,21.1,1.92,50.4,0,60,0,0,0,0,0,0,0,0,66
2025-09-29T05:47:27.782Z,61,21.1,1.92,49.6,0,60,0,0,0,0,0,0,0,0,66
2025-09-29T05:47:28.779Z,61,21.1,1.92,50.4,0,60,0,0,0,0,0,0,0,0,66
2025-09-29T05:47:29.775Z,61,21.1,1.921,49.6,0,60.1,0,0,0,0,0,0,0,0,66
2025-09-29T05:47:30.777Z,61,21.1,1.92,49.6,0,60.1,0,0,0,0,0,0,0,0,66
2025-09-29T05:47:31.781Z,61,21.1,1.92,50.4,0,60,0,0,0,0,0,0,0,0,66
2025-09-29T05:47:32.780Z,61,21.1,1.92,49.6,0,60,0,0,0,0,0,0,0,0,66
2025-09-29T05:47:33.782Z,61,21.1,1.92,49.6,0,60,0,0,0,0,0,0,0,0,66
2025-09-29T05:47:34.776Z,61,21.1,1.921,50.4,0,60,0,0,0,0,0,0,0,0,66
2025-09-29T05:47:35.780Z,61,21.1,1.92,49.6,0,60,0,0,0,0,0,0,0,0,66
2025-09-29T05:47:36.785Z,61,21.1,1.92,50.4,0,60.1,0,0,0,0,0,0,0,0,66
2025-09-29T05:47:37.782Z,61,21.1,1.92,50.4,0,60.1,0,0,0,0,0,0,0,0,66
2025-09-29T05:47:38.779Z,61,21.1,1.921,49.6,0,60.1,0,0,0,0,0,0,0,0,66
2025-09-29T05:47:39.784Z,61,21.1,1.92,50.4,0,60,0,0,0,0,0,0,0,0,66
2025-09-29T05:47:40.784Z,61,21.1,1.921,49.6,0,60.1,0,0,0,0,0,0,0,0,66
2025-09-29T05:47:41.785Z,61,21.1,1.92,50.4,0,60.1,0,0,0,0,0,0,0,0,66
2025-09-29T05:47:42.786Z,61,21.1,1.92,49.6,0,60.1,0,0,0,0,0,0,0,0,66
2025-09-29T05:47:43.793Z,61,21.1,1.92,49.6,0,60.1,0,0,0,0,0,0,0,0,66
2025-09-29T05:47:44.789Z,61,21.1,1.92,50.4,0,60,0,0,0,0,0,0,0,0,66
2025-09-29T05:47:45.789Z,61,21.1,1.92,49.6,0,60.1,0,0,0,0,0,0,0,0,66
2025-09-29T05:47:46.789Z,61,21.1,1.921,50.4,0,60.1,0,0,0,0,0,0,0,0,66
2025-09-29T05:47:47.792Z,61,21.1,1.92,50.4,0,60.1,0,0,0,0,0,0,0,0,66
2025-09-29T05:47:48.794Z,61,21.1,1.92,49.6,0,60.1,0,0,0,0,0,0,0,0,66
2025-09-29T05:47:49.793Z,61,21.1,1.92,50.4,0,60.1,0,0,0,0,0,0,0,0,66
2025-09-29T05:47:50.795Z,61,21.1,1.92,49.6,0,60.1,0,0,0,0,0,0,0,0,66
2025-09-29T05:47:51.795Z,61,21.1,1.921,50.4,0,60.1,0,0,0,0,0,0,0,0,66
2025-09-29T05:47:52.796Z,61,21.1,1.92,49.6,0,60.1,0,0,0,0,0,0,0,0,66
2025-09-29T05:47:53.800Z,61,21.1,1.92,50.4,0,60.1,0,0,0,0,0,0,0,0,66
2025-09-29T05:47:54.799Z,61,21.1,1.92,49.6,0,60.1,0,0,0,0,0,0,0,0,66
2025-09-29T05:47:55.801Z,61,21.1,1.92,50.4,0,60.1,0,0,0,0,0,0,0,0,66
2025-09-29T05:47:56.799Z,61,21.1,1.921,49.6,0,60.1,0,0,0,0,0,0,0,0,66
2025-09-29T05:47:57.805Z,61,21.1,1.921,50.4,0,60.1,0,0,0,0,0,0,0,0,66
2025-09-29T05:47:58.799Z,61,21.1,1.921,49.6,0,60.1,0,0,0,0,0,0,0,0,66
2025-09-29T05:47:59.802Z,61,21.1,1.92,50.4,0,60.1,0,0,0,0,0,0,0,0,66
2025-09-29T05:48:00.807Z,61,21.1,1.92,49.6,0,60.1,0,0,0,0,0,0,0,0,66
2025-09-29T05:48:01.801Z,61,21.1,1.922,50.4,0,60.1,0,0,0,0,0,0,0,0,66
2025-09-29T05:48:02.806Z,61,21.1,1.921,49.6,0,60.1,0,0,0,0,0,0,0,0,66
2025-09-29T05:48:03.806Z,61,21.1,1.921,50.4,0,60.1,0,0,0,0,0,0,0,0,66
2025-09-29T05:48:04.813Z,61,21.1,1.92,49.6,0,60.1,0,0,0,0,0,0,0,0,66
2025-09-29T05:48:05.810Z,61,21.1,1.921,50.4,0,60.1,0,0,0,0,0,0,0,0,66
2025-09-29T05:48:06.810Z,61,21.1,1.921,49.6,0,60.1,0,0,0,0,0,0,0,0,66
2025-09-29T05:48:07.810Z,60.9,21.1,1.92,50.4,0,60.1,0,0,0,0,0,0,0,0,66
2025-09-29T05:48:08.812Z,60.9,21.1,1.921,49.6,0,60.1,0,0,0,0,0,0,0,0,66
2025-09-29T05:48:09.817Z,61,21.1,1.921,50.4,0,60.1,0,0,0,0,0,0,0,0,66
2025-09-29T05:48:10.814Z,60.9,21.1,1.921,49.6,0,60.1,0,0,0,0,0,0,0,0,66
2025-09-29T05:48:11.811Z,60.9,21.1,1.921,50.4,0,60.1,0,0,0,0,0,0,0,0,66
2025-09-29T05:48:12.813Z,60.9,21.1,1.921,49.6,0,60.1,0,0,0,0,0,0,0,0,66
2025-09-29T05:48:13.821Z,60.9,21.1,1.921,50.4,0,60.1,0,0,0,0,0,0,0,0,66
2025-09-29T05:48:14.818Z,60.9,21.1,1.921,49.6,0,60.1,0,0,0,0,0,0,0,0,66
2025-09-29T05:48:15.815Z,60.9,21.1,1.921,50.4,0,60.1,0,0,0,0,0,0,0,0,66
2025-09-29T05:48:16.819Z,60.9,21.1,1.921,49.6,0,60.1,0,0,0,0,0,0,0,0,66
2025-09-29T05:48:17.819Z,60.9,21.1,1.921,49.6,0,60.1,0,0,0,0,0,0,0,0,66
2025-09-29T05:48:18.823Z,60.9,21.1,1.921,49.6,0,60.1,0,0,0,0,0,0,0,0,66
2025-09-29T05:48:19.822Z,60.9,21.1,1.921,49.6,0,60.1,0,0,0,0,0,0,0,0,66
2025-09-29T05:48:20.823Z,60.9,21.1,1.921,50.4,0,60.1,0,0,0,0,0,0,0,0,66
2025-09-29T05:48:21.826Z,60.9,21.1,1.921,49.6,0,60.1,0,0,0,0,0,0,0,0,66
2025-09-29T05:48:22.826Z,60.9,21.1,1.921,49.6,0,60.1,0,0,0,0,0,0,0,0,66
2025-09-29T05:48:23.827Z,60.9,21.1,1.92,50.4,0,60.1,0,0,0,0,0,0,0,0,66
2025-09-29T05:48:24.826Z,60.9,21.1,1.921,49.6,0,60.1,0,0,0,0,0,0,0,0,66
2025-09-29T05:48:25.827Z,60.9,21.1,1.92,50.4,0,60.1,0,0,0,0,0,0,0,0,66
2025-09-29T05:48:26.827Z,60.9,21.1,1.921,50.4,0,60.1,0,0,0,0,0,0,0,0,66
2025-09-29T05:48:27.828Z,60.9,21.1,1.92,49.6,0,60.1,0,0,0,0,0,0,0,0,66
2025-09-29T05:48:28.831Z,60.9,21.1,1.92,50.4,0,60.1,0,0,0,0,0,0,0,0,66
2025-09-29T05:48:29.830Z,60.9,21.1,1.921,49.6,0,60.1,0,0,0,0,0,0,0,0,66
2025-09-29T05:48:30.830Z,60.9,21.1,1.921,50.4,0,60.1,0,0,0,0,0,0,0,0,66
2025-09-29T05:48:31.831Z,60.9,21.1,1.921,49.6,0,60.1,0,0,0,0,0,0,0,0,66
2025-09-29T05:48:32.834Z,60.9,21.1,1.921,50.4,0,60.1,0,0,0,0,0,0,0,0,66
2025-09-29T05:48:33.831Z,60.9,21.1,1.921,49.6,0,60.1,0,0,0,0,0,0,0,0,66
2025-09-29T05:48:34.834Z,60.9,21.1,1.921,49.6,0,60.1,0,0,0,0,0,0,0,0,66
2025-09-29T05:48:35.833Z,60.9,21.1,1.921,50.4,0,60.1,0,0,0,0,0,0,0,0,66
2025-09-29T05:48:36.836Z,60.9,21.1,1.921,49.6,0,60.1,0,0,0,0,0,0,0,0,66
2025-09-29T05:48:37.835Z,60.9,21.1,1.921,50.4,0,60.1,0,0,0,0,0,0,0,0,66
2025-09-29T05:48:38.837Z,60.9,21.1,1.921,49.6,0,60.1,0,0,0,0,0,0,0,0,66
2025-09-29T05:48:39.838Z,60.9,21.1,1.921,50.4,0,60.1,0,0,0,0,0,0,0,0,66
2025-09-29T05:48:40.843Z,60.9,21.1,1.921,49.6,0,60.1,0,0,0,0,0,0,0,0,66
2025-09-29T05:48:41.840Z,60.9,21.1,1.921,50.4,0,60.1,0,0,0,0,0,0,0,0,66
2025-09-29T05:48:42.838Z,60.9,21.1,1.921,49.6,0,60.1,0,0,0,0,0,0,0,0,66
2025-09-29T05:48:43.839Z,60.9,21.1,1.921,50.4,0,60.1,0,0,0,0,0,0,0,0,66
2025-09-29T05:48:44.844Z,60.9,21.1,1.921,49.6,0,60.1,0,0,0,0,0,0,0,0,66
2025-09-29T05:48:45.844Z,60.8,21.1,1.921,49.6,0,60.1,0,0,0,0,0,0,0,0,66
2025-09-29T05:48:46.843Z,60.8,21.1,1.921,50.4,0,60.1,0,0,0,0,0,0,0,0,66
2025-09-29T05:48:47.843Z,60.8,21.1,1.921,49.6,0,60.1,0,0,0,0,0,0,0,0,66
2025-09-29T05:48:48.846Z,60.8,21.1,1.921,50.4,0,60.1,0,0,0,0,0,0,0,0,66
2025-09-29T05:48:49.848Z,60.8,21.1,1.921,49.6,0,60.1,0,0,0,0,0,0,0,0,66
2025-09-29T05:48:50.847Z,60.8,21.1,1.921,50.4,0,60.2,0,0,0,0,0,0,0,0,66
2025-09-29T05:48:51.845Z,60.8,21.1,1.921,49.6,0,60.2,0,0,0,0,0,0,0,0,66
2025-09-29T05:48:52.852Z,60.8,21.1,1.921,49.6,0,60.2,0,0,0,0,0,0,0,0,66
2025-09-29T05:48:53.853Z,60.8,21.1,1.921,50.4,0,60.2,0,0,0,0,0,0,0,0,66
2025-09-29T05:48:54.852Z,60.8,21.1,1.921,49.6,0,60.2,0,0,0,0,0,0,0,0,66
2025-09-29T05:48:55.854Z,60.8,21.1,1.921,50.4,0,60.2,0,0,0,0,0,0,0,0,66
2025-09-29T05:48:56.856Z,60.8,21.1,1.921,49.6,0,60.2,0,0,0,0,0,0,0,0,66
2025-09-29T05:48:57.857Z,60.8,21.1,1.921,50.4,0,60.2,0,0,0,0,0,0,0,0,66
2025-09-29T05:48:58.854Z,60.8,21.1,1.921,50.4,0,60.2,0,0,0,0,0,0,0,0,66
2025-09-29T05:48:59.854Z,60.8,21.1,1.921,49.6,0,60.2,0,0,0,0,0,0,0,0,66
2025-09-29T05:49:00.859Z,60.8,21.1,1.922,50.4,0,60.2,0,0,0,0,0,0,0,0,66
2025-09-29T05:49:01.858Z,60.8,21.1,1.921,49.6,0,60.2,0,0,0,0,0,0,0,0,66
2025-09-29T05:49:02.860Z,60.8,21.1,1.921,50.4,0,60.2,0,0,0,0,0,0,0,0,66
2025-09-29T05:49:03.860Z,60.8,21.1,1.921,49.6,0,60.2,0,0,0,0,0,0,0,0,66
2025-09-29T05:49:04.861Z,60.8,21.1,1.921,50.4,0,60.2,0,0,0,0,0,0,0,0,66
2025-09-29T05:49:05.861Z,60.8,21.1,1.921,49.6,0,60.2,0,0,0,0,0,0,0,0,66
2025-09-29T05:49:06.861Z,60.8,21.1,1.921,49.6,0,60.2,0,0,0,0,0,0,0,0,66
2025-09-29T05:49:07.865Z,60.8,21.1,1.921,49.6,0,60.2,0,0,0,0,0,0,0,0,66
2025-09-29T05:49:08.868Z,60.8,21.1,1.922,50.4,0,60.2,0,0,0,0,0,0,0,0,66
2025-09-29T05:49:09.868Z,60.8,21.1,1.921,49.6,0,60.2,0,0,0,0,0,0,0,0,66
2025-09-29T05:49:10.867Z,60.8,21.1,1.921,50.4,0,60.2,0,0,0,0,0,0,0,0,66
2025-09-29T05:49:11.872Z,60.8,21.1,1.922,49.6,0,60.2,0,0,0,0,0,0,0,0,66
2025-09-29T05:49:12.871Z,60.8,21.1,1.922,49.6,0,60.2,0,0,0,0,0,0,0,0,66
2025-09-29T05:49:13.868Z,60.7,21.1,1.921,50.4,0,60.2,0,0,0,0,0,0,0,0,66
2025-09-29T05:49:14.874Z,60.8,21.1,1.922,49.6,0,60.2,0,0,0,0,0,0,0,0,66
2025-09-29T05:49:15.870Z,60.8,21.1,1.921,50.4,0,60.2,0,0,0,0,0,0,0,0,66
2025-09-29T05:49:16.875Z,60.7,21.1,1.922,49.6,0,60.2,0,0,0,0,0,0,0,0,66
2025-09-29T05:49:17.879Z,60.7,21.1,1.922,49.6,0,60.2,0,0,0,0,0,0,0,0,66
2025-09-29T05:49:18.880Z,60.7,21.1,1.922,50.4,0,60.2,0,0,0,0,0,0,0,0,66
2025-09-29T05:49:19.886Z,60.7,21.1,1.922,49.6,0,60.2,0,0,0,0,0,0,0,0,66
2025-09-29T05:49:20.878Z,60.7,21.1,1.922,49.6,0,60.2,0,0,0,0,0,0,0,0,66
2025-09-29T05:49:21.882Z,60.7,21.1,1.922,50.4,0,60.2,0,0,0,0,0,0,0,0,66
2025-09-29T05:49:22.879Z,60.7,21.1,1.922,49.6,0,60.2,0,0,0,0,0,0,0,0,66
2025-09-29T05:49:23.881Z,60.7,21.1,1.922,49.6,0,60.2,0,0,0,0,0,0,0,0,66
2025-09-29T05:49:24.886Z,60.7,21.1,1.922,50.4,0,60.2,0,0,0,0,0,0,0,0,66
2025-09-29T05:49:25.885Z,60.7,21.1,1.922,50.4,0,60.2,0,0,0,0,0,0,0,0,66
2025-09-29T05:49:26.887Z,60.7,21.1,1.922,49.6,0,60.2,0,0,0,0,0,0,0,0,66
2025-09-29T05:49:27.884Z,60.7,21.1,1.922,50.4,0,60.2,0,0,0,0,0,0,0,0,66
2025-09-29T05:49:28.884Z,60.7,21.1,1.922,49.6,0,60.2,0,0,0,0,0,0,0,0,66
2025-09-29T05:49:29.885Z,60.7,21.1,1.922,50.4,0,60.2,0,0,0,0,0,0,0,0,66
2025-09-29T05:49:30.886Z,60.7,21.1,1.922,49.6,0,60.2,0,0,0,0,0,0,0,0,66
2025-09-29T05:49:31.883Z,60.7,21.1,1.921,49.6,0,60.2,0,0,0,0,0,0,0,0,66
2025-09-29T05:49:32.890Z,60.7,21.1,1.922,50.4,0,60.2,0,0,0,0,0,0,0,0,66
2025-09-29T05:49:33.890Z,60.7,21.1,1.922,49.6,0,60.2,0,0,0,0,0,0,0,0,66
2025-09-29T05:49:34.892Z,60.7,21.1,1.922,50.4,0,60.2,0,0,0,0,0,0,0,0,66
2025-09-29T05:49:35.897Z,60.7,21.1,1.923,50.4,0,60.2,0,0,0,0,0,0,0,0,66
2025-09-29T05:49:36.889Z,60.7,21.1,1.922,49.6,0,60.2,0,0,0,0,0,0,0,0,66
2025-09-29T05:49:37.891Z,60.7,21.1,1.922,50.4,0,60.2,0,0,0,0,0,0,0,0,66
2025-09-29T05:49:38.896Z,60.7,21.1,1.923,49.6,0,60.2,0,0,0,0,0,0,0,0,66
2025-09-29T05:49:39.899Z,60.7,21.1,1.922,50.4,0,60.2,0,0,0,0,0,0,0,0,66
2025-09-29T05:49:40.904Z,60.6,21.1,1.923,50.4,0,60.2,0,0,0,0,0,0,0,0,66
2025-09-29T05:49:41.898Z,60.6,21.1,1.923,49.6,0,60.2,0,0,0,0,0,0,0,0,66
2025-09-29T05:49:42.902Z,60.6,21.1,1.923,50.4,0,60.2,0,0,0,0,0,0,0,0,66
2025-09-29T05:49:43.898Z,60.6,21.1,1.923,49.6,0,60.2,0,0,0,0,0,0,0,0,66
2025-09-29T05:49:44.910Z,60.6,21.1,1.923,50.4,0,60.2,0,0,0,0,0,0,0,0,66
2025-09-29T05:49:45.899Z,60.6,21.1,1.923,49.6,0,60.2,0,0,0,0,0,0,0,0,66
2025-09-29T05:49:46.901Z,60.6,21.1,1.923,50.4,0,60.2,0,0,0,0,0,0,0,0,66
2025-09-29T05:49:47.904Z,60.6,21.1,1.923,49.6,0,60.2,0,0,0,0,0,0,0,0,66
2025-09-29T05:49:48.907Z,60.6,21.1,1.923,49.6,0,60.2,0,0,0,0,0,0,0,0,66
2025-09-29T05:49:49.908Z,60.6,21.1,1.923,50.4,0,60.2,0,0,0,0,0,0,0,0,66
2025-09-29T05:49:50.906Z,60.6,21.1,1.923,49.6,0,60.2,0,0,0,0,0,0,0,0,66
2025-09-29T05:49:51.911Z,60.6,21.1,1.923,50.4,0,60.2,0,0,0,0,0,0,0,0,66
2025-09-29T05:49:52.911Z,60.6,21.1,1.923,49.6,0,60.2,0,0,0,0,0,0,0,0,66
2025-09-29T05:49:53.910Z,60.6,21.1,1.923,49.6,0,60.2,0,0,0,0,0,0,0,0,66
2025-09-29T05:49:54.912Z,60.6,21.1,1.923,50.4,0,60.2,0,0,0,0,0,0,0,0,66
2025-09-29T05:49:55.920Z,60.6,21.1,1.922,49.6,0,60.2,0,0,0,0,0,0,0,0,66
2025-09-29T05:49:56.913Z,60.6,21.1,1.923,50.4,0,60.2,0,0,0,0,0,0,0,0,66
2025-09-29T05:49:57.917Z,60.6,21.1,1.923,49.6,0,60.2,0,0,0,0,0,0,0,0,66
2025-09-29T05:49:58.910Z,60.6,21.1,1.923,49.6,0,60.2,0,0,0,0,0,0,0,0,66
2025-09-29T05:49:59.915Z,60.6,21.1,1.923,50.4,0,60.2,0,0,0,0,0,0,0,0,66
2025-09-29T05:50:00.915Z,60.6,21.1,1.923,50.4,0,60.2,0,0,0,0,0,0,0,0,66
2025-09-29T05:50:01.915Z,60.6,21.1,1.923,49.6,0,60.2,0,0,0,0,0,0,0,0,66
2025-09-29T05:50:02.915Z,60.6,21.1,1.923,50.4,0,60.2,0,0,0,0,0,0,0,0,66
2025-09-29T05:50:03.913Z,60.6,21.1,1.922,49.6,0,60.2,0,0,0,0,0,0,0,0,66
2025-09-29T05:50:04.923Z,60.6,21.1,1.923,50.4,0,60.2,0,0,0,0,0,0,0,0,66
2025-09-29T05:50:05.917Z,60.6,21.1,1.923,49.6,0,60.2,0,0,0,0,0,0,0,0,66
2025-09-29T05:50:06.918Z,60.6,21.1,1.923,49.6,0,60.2,0,0,0,0,0,0,0,0,66
2025-09-29T05:50:07.920Z,60.5,21.1,1.923,50.4,0,60.2,0,0,0,0,0,0,0,0,66
2025-09-29T05:50:08.926Z,60.5,21.1,1.923,49.6,0,60.2,0,0,0,0,0,0,0,0,66
2025-09-29T05:50:09.919Z,60.5,21.1,1.923,49.6,0,60.2,0,0,0,0,0,0,0,0,66
2025-09-29T05:50:10.923Z,60.5,21.1,1.923,50.4,0,60.2,0,0,0,0,0,0,0,0,66
2025-09-29T05:50:11.929Z,60.5,21.1,1.923,49.6,0,60.2,0,0,0,0,0,0,0,0,66
2025-09-29T05:50:12.928Z,60.5,21.1,1.923,50.4,0,60.2,0,0,0,0,0,0,0,0,66
2025-09-29T05:50:13.924Z,60.5,21.1,1.923,50.4,0,60.2,0,0,0,0,0,0,0,0,66
2025-09-29T05:50:14.933Z,60.5,21.1,1.923,49.6,0,60.2,0,0,0,0,0,0,0,0,66
2025-09-29T05:50:15.931Z,60.5,21.1,1.923,50.4,0,60.2,0,0,0,0,0,0,0,0,66
2025-09-29T05:50:16.933Z,60.5,21.1,1.923,49.6,0,60.2,0,0,0,0,0,0,0,0,66
2025-09-29T05:50:17.928Z,60.5,21.1,1.923,50.4,0,60.2,0,0,0,0,0,0,0,0,66
2025-09-29T05:50:18.934Z,60.5,21.1,1.923,49.6,0,60.2,0,0,0,0,0,0,0,0,66
2025-09-29T05:50:19.933Z,60.5,21.1,1.923,50.4,0,60.2,0,0,0,0,0,0,0,0,66
2025-09-29T05:50:20.938Z,60.5,21.1,1.923,49.6,0,60.2,0,0,0,0,0,0,0,0,66
2025-09-29T05:50:21.936Z,60.5,21.1,1.923,49.6,0,60.2,0,0,0,0,0,0,0,0,66
2025-09-29T05:50:22.934Z,60.5,21.1,1.923,50.4,0,60.2,0,0,0,0,0,0,0,0,66
2025-09-29T05:50:23.939Z,60.5,21.1,1.923,49.6,0,60.2,0,0,0,0,0,0,0,0,66
2025-09-29T05:50:24.942Z,60.5,21.1,1.923,50.4,0,60.2,0,0,0,0,0,0,0,0,66
2025-09-29T05:50:25.936Z,60.5,21.1,1.923,50.4,0,60.2,0,0,0,0,0,0,0,0,66
2025-09-29T05:50:26.940Z,60.5,21.1,1.923,49.6,0,60.2,0,0,0,0,0,0,0,0,66
2025-09-29T05:50:27.942Z,60.5,21.1,1.923,49.6,0,60.2,0,0,0,0,0,0,0,0,66
2025-09-29T05:50:28.940Z,60.5,21.1,1.923,49.6,0,60.2,0,0,0,0,0,0,0,0,66
2025-09-29T05:50:29.939Z,60.4,21.1,1.923,50.4,0,60.2,0,0,0,0,0,0,0,0,66
2025-09-29T05:50:30.945Z,60.4,21.1,1.923,49.6,0,60.1,0,0,0,0,0,0,0,0,66
2025-09-29T05:50:31.947Z,60.4,21.1,1.923,49.6,0,60.2,0,0,0,0,0,0,0,0,66
2025-09-29T05:50:32.947Z,60.4,21.1,1.923,50.4,0,60.2,0,0,0,0,0,0,0,0,66
2025-09-29T05:50:33.951Z,60.4,21.1,1.923,49.6,0,60.2,0,0,0,0,0,0,0,0,66
2025-09-29T05:50:34.945Z,60.4,21.1,1.923,49.6,0,60.2,0,0,0,0,0,0,0,0,66
2025-09-29T05:50:35.947Z,60.4,21.1,1.923,50.4,0,60.2,0,0,0,0,0,0,0,0,66
2025-09-29T05:50:36.955Z,60.4,21.1,1.923,49.6,0,60.2,0,0,0,0,0,0,0,0,66
2025-09-29T05:50:37.947Z,60.4,21.1,1.923,50.4,0,60.2,0,0,0,0,0,0,0,0,66
2025-09-29T05:50:38.953Z,60.4,21.1,1.923,50.4,0,60.2,0,0,0,0,0,0,0,0,66
2025-09-29T05:50:39.956Z,60.4,21.1,1.923,49.6,0,60.2,0,0,0,0,0,0,0,0,66
2025-09-29T05:50:40.953Z,60.4,21.1,1.923,50.4,0,60.2,0,0,0,0,0,0,0,0,66
2025-09-29T05:50:41.959Z,60.4,21.1,1.923,49.6,0,60.2,0,0,0,0,0,0,0,0,66
2025-09-29T05:50:42.960Z,60.4,21.1,1.923,50.4,0,60.2,0,0,0,0,0,0,0,0,66
2025-09-29T05:50:43.959Z,60.4,21.1,1.923,49.6,0,60.2,0,0,0,0,0,0,0,0,66
2025-09-29T05:50:44.956Z,60.4,21.1,1.923,49.6,0,60.2,0,0,0,0,0,0,0,0,66
2025-09-29T05:50:45.958Z,60.4,21.1,1.923,50.4,0,60.2,0,0,0,0,0,0,0,0,66
2025-09-29T05:50:46.963Z,60.4,21.1,1.923,49.6,0,60.2,0,0,0,0,0,0,0,0,66
2025-09-29T05:50:47.962Z,60.4,21.1,1.923,50.4,0,60.2,0,0,0,0,0,0,0,0,66
2025-09-29T05:50:48.959Z,60.4,21.1,1.924,50.4,0,60.2,0,0,0,0,0,0,0,0,66
2025-09-29T05:50:49.959Z,60.4,21.1,1.924,49.6,0,60.1,0,0,0,0,0,0,0,0,66
2025-09-29T05:50:50.962Z,60.3,21.1,1.924,50.4,0,60.2,0,0,0,0,0,0,0,0,66
2025-09-29T05:50:51.967Z,60.3,21.1,1.923,49.6,0,60.1,0,0,0,0,0,0,0,0,66
2025-09-29T05:50:52.964Z,60.3,21.1,1.924,50.4,0,60.2,0,0,0,0,0,0,0,0,66
2025-09-29T05:50:53.965Z,60.3,21.1,1.924,49.6,0,60.1,0,0,0,0,0,0,0,0,66
2025-09-29T05:50:54.965Z,60.3,21.1,1.924,50.4,0,60.1,0,0,0,0,0,0,0,0,66
2025-09-29T05:50:55.968Z,60.3,21.1,1.924,49.6,0,60.1,0,0,0,0,0,0,0,0,66
2025-09-29T05:50:56.967Z,60.3,21.1,1.924,49.6,0,60.1,0,0,0,0,0,0,0,0,66
2025-09-29T05:50:57.968Z,60.3,21.1,1.924,50.4,0,60.1,0,0,0,0,0,0,0,0,66
2025-09-29T05:50:58.972Z,60.3,21.1,1.923,49.6,0,60.1,0,0,0,0,0,0,0,0,66
2025-09-29T05:50:59.972Z,60.3,21.1,1.924,49.6,0,60.1,0,0,0,0,0,0,0,0,66
2025-09-29T05:51:00.971Z,60.3,21.1,1.924,50.4,0,60.1,0,0,0,0,0,0,0,0,66
2025-09-29T05:51:01.970Z,60.3,21.1,1.924,49.6,0,60.1,0,0,0,0,0,0,0,0,66
2025-09-29T05:51:02.971Z,60.3,21.1,1.924,49.6,0,60.1,0,0,0,0,0,0,0,0,66
2025-09-29T05:51:03.976Z,60.3,21.1,1.924,50.4,0,60.1,0,0,0,0,0,0,0,0,66
2025-09-29T05:51:04.977Z,60.3,21.1,1.923,49.6,0,60.1,0,0,0,0,0,0,0,0,66
2025-09-29T05:51:05.974Z,60.3,21.1,1.924,50.4,0,60.1,0,0,0,0,0,0,0,0,66
2025-09-29T05:51:06.978Z,60.3,21.1,1.924,50.4,0,60.1,0,0,0,0,0,0,0,0,66
2025-09-29T05:51:07.977Z,60.3,21.1,1.924,49.6,0,60.1,0,0,0,0,0,0,0,0,66
2025-09-29T05:51:08.974Z,60.3,21.1,1.924,50.4,0,60.1,0,0,0,0,0,0,0,0,66
2025-09-29T05:51:09.982Z,60.3,21.1,1.923,49.6,0,60.1,0,0,0,0,0,0,0,0,66
2025-09-29T05:51:10.979Z,60.2,21.1,1.924,50.4,0,60.1,0,0,0,0,0,0,0,0,66
2025-09-29T05:51:11.984Z,60.2,21.1,1.923,49.6,0,60.1,0,0,0,0,0,0,0,0,66
2025-09-29T05:51:12.983Z,60.2,21.1,1.924,50.4,0,60.1,0,0,0,0,0,0,0,0,66
2025-09-29T05:51:13.986Z,60.2,21.1,1.923,49.6,0,60.1,0,0,0,0,0,0,0,0,66
2025-09-29T05:51:14.984Z,60.2,21.1,1.924,49.6,0,60.1,0,0,0,0,0,0,0,0,66
2025-09-29T05:51:15.989Z,60.2,21.1,1.923,50.4,0,60.1,0,0,0,0,0,0,0,0,66
2025-09-29T05:51:16.986Z,60.2,21.1,1.923,49.6,0,60.1,0,0,0,0,0,0,0,0,66
2025-09-29T05:51:17.985Z,60.2,21.1,1.924,49.6,0,60.1,0,0,0,0,0,0,0,0,66
2025-09-29T05:51:18.988Z,60.2,21.1,1.923,50.4,0,60.1,0,0,0,0,0,0,0,0,66
2025-09-29T05:51:19.994Z,60.2,21.1,1.923,49.6,0,60.1,0,0,0,0,0,0,0,0,66
2025-09-29T05:51:20.993Z,60.2,21.1,1.923,50.4,0,60.1,0,0,0,0,0,0,0,0,66
2025-09-29T05:51:21.990Z,60.2,21.1,1.924,50.4,0,60.1,0,0,0,0,0,0,0,0,66
2025-09-29T05:51:22.993Z,60.2,21.1,1.924,49.6,0,60.1,0,0,0,0,0,0,0,0,66
2025-09-29T05:51:23.992Z,60.2,21.1,1.925,50.4,0,60.1,0,0,0,0,0,0,0,0,66
2025-09-29T05:51:24.994Z,60.2,21.1,1.923,49.6,0,60.1,0,0,0,0,0,0,0,0,66
2025-09-29T05:51:26.000Z,60.2,21.1,1.924,50.4,0,60.1,0,0,0,0,0,0,0,0,66
2025-09-29T05:51:26.997Z,60.2,21.1,1.924,49.6,0,60.1,0,0,0,0,0,0,0,0,66
2025-09-29T05:51:28.000Z,60.2,21.1,1.923,50.4,0,60.1,0,0,0,0,0,0,0,0,66
2025-09-29T05:51:28.997Z,60.2,21.1,1.923,49.6,0,60.1,0,0,0,0,0,0,0,0,66
2025-09-29T05:51:29.996Z,60.2,21.1,1.923,49.6,0,60.1,0,0,0,0,0,0,0,0,66
2025-09-29T05:51:31.000Z,60.1,21.1,1.923,50.4,0,60.1,0,0,0,0,0,0,0,0,66
2025-09-29T05:51:32.002Z,60.1,21.1,1.924,49.6,0,60,0,0,0,0,0,0,0,0,66
2025-09-29T05:51:32.999Z,60.1,21.1,1.924,49.6,0,60,0,0,0,0,0,0,0,0,66
2025-09-29T05:51:34.002Z,60.1,21.1,1.923,50.4,0,60,0,0,0,0,0,0,0,0,66
2025-09-29T05:51:35.002Z,60.1,21.1,1.924,49.6,0,60.1,0,0,0,0,0,0,0,0,66
2025-09-29T05:51:36.003Z,60.1,21.1,1.924,50.4,0,60.1,0,0,0,0,0,0,0,0,66
2025-09-29T05:51:37.004Z,60.1,21.1,1.924,49.6,0,60,0,0,0,0,0,0,0,0,66
2025-09-29T05:51:38.005Z,60.1,21.1,1.924,49.6,0,60,0,0,0,0,0,0,0,0,66
2025-09-29T05:51:39.006Z,60.1,21.1,1.924,50.4,0,60,0,0,0,0,0,0,0,0,66
2025-09-29T05:51:40.007Z,60.1,21.1,1.924,50.4,0,60,0,0,0,0,0,0,0,0,66
2025-09-29T05:51:41.010Z,60.1,21.1,1.924,49.6,0,60,0,0,0,0,0,0,0,0,66
2025-09-29T05:51:42.007Z,60.1,21.1,1.924,50.4,0,60,0,0,0,0,0,0,0,0,66
2025-09-29T05:51:43.009Z,60.1,21.1,1.924,49.6,0,60,0,0,0,0,0,0,0,0,66
2025-09-29T05:51:44.014Z,60.1,21.1,1.924,49.6,0,60,0,0,0,0,0,0,0,0,66
2025-09-29T05:51:45.012Z,60.1,21.1,1.924,50.4,0,60,0,0,0,0,0,0,0,0,66
2025-09-29T05:51:46.016Z,60.1,21.1,1.924,49.6,0,60,0,0,0,0,0,0,0,0,66
2025-09-29T05:51:47.015Z,60.1,21.1,1.924,50.4,0,60,0,0,0,0,0,0,0,0,66
2025-09-29T05:51:48.019Z,60.1,21.1,1.924,50.4,0,60,0,0,0,0,0,0,0,0,66
2025-09-29T05:51:49.019Z,60.1,21.1,1.924,49.6,0,60,0,0,0,0,0,0,0,0,66
2025-09-29T05:51:50.019Z,60.1,21.1,1.925,50.4,0,60,0,0,0,0,0,0,0,0,66
2025-09-29T05:51:51.017Z,60.1,21.1,1.924,49.6,0,60,0,0,0,0,0,0,0,0,66
2025-09-29T05:51:52.018Z,60.1,21.1,1.925,49.6,0,60,0,0,0,0,0,0,0,0,66
2025-09-29T05:51:53.020Z,60,21.1,1.925,50.4,0,60,0,0,0,0,0,0,0,0,66
2025-09-29T05:51:54.023Z,60,21.1,1.925,49.6,0,60,0,0,0,0,0,0,0,0,66
2025-09-29T05:51:55.022Z,60,21.1,1.925,50.4,0,60,0,0,0,0,0,0,0,0,66
2025-09-29T05:51:56.023Z,60,21.1,1.925,49.6,0,60,0,0,0,0,0,0,0,0,66
2025-09-29T05:51:57.025Z,60,21.1,1.925,49.6,0,60,0,0,0,0,0,0,0,0,66
2025-09-29T05:51:58.027Z,60,21.1,1.925,50.4,0,60,0,0,0,0,0,0,0,0,66
2025-09-29T05:51:59.028Z,60,21.1,1.925,49.6,0,60,0,0,0,0,0,0,0,0,66
2025-09-29T05:52:00.025Z,60,21.1,1.925,49.6,0,60,0,0,0,0,0,0,0,0,66
2025-09-29T05:52:01.031Z,60,21.1,1.925,50.4,0,60,0,0,0,0,0,0,0,0,66
2025-09-29T05:52:02.028Z,60,21.1,1.925,50.4,0,60,0,0,0,0,0,0,0,0,66
2025-09-29T05:52:03.027Z,60,21.1,1.925,49.6,0,60,0,0,0,0,0,0,0,0,66
2025-09-29T05:52:04.029Z,60,21.1,1.925,50.4,0,60,0,0,0,0,0,0,0,0,66
2025-09-29T05:52:05.030Z,60,21.1,1.925,49.6,0,60,0,0,0,0,0,0,0,0,66
2025-09-29T05:52:06.030Z,60,21.1,1.925,50.4,0,60,0,0,0,0,0,0,0,0,66
2025-09-29T05:52:07.032Z,60,21.1,1.925,49.6,0,60,0,0,0,0,0,0,0,0,66
2025-09-29T05:52:08.035Z,60,21.1,1.926,49.6,0,60,0,0,0,0,0,0,0,0,66
2025-09-29T05:52:09.036Z,60,21.1,1.925,50.4,0,60,0,0,0,0,0,0,0,0,66
2025-09-29T05:52:10.035Z,60,21.1,1.925,50.4,0,60,0,0,0,0,0,0,0,0,66
2025-09-29T05:52:11.038Z,60,21.1,1.926,49.6,0,60,0,0,0,0,0,0,0,0,66
2025-09-29T05:52:12.036Z,60,21.1,1.925,50.4,0,60,0,0,0,0,0,0,0,0,66
2025-09-29T05:52:13.039Z,60,21.1,1.925,49.6,0,60,0,0,0,0,0,0,0,0,66
2025-09-29T05:52:14.042Z,59.9,21.1,1.926,50.4,0,60,0,0,0,0,0,0,0,0,66
2025-09-29T05:52:15.040Z,59.9,21.1,1.925,49.6,0,60,0,0,0,0,0,0,0,0,66
2025-09-29T05:52:16.039Z,59.9,21.1,1.925,49.6,0,60,0,0,0,0,0,0,0,0,66
2025-09-29T05:52:17.043Z,59.9,21.1,1.926,50.4,0,60,0,0,0,0,0,0,0,0,66
2025-09-29T05:52:18.047Z,59.9,21.1,1.926,49.6,0,60,0,0,0,0,0,0,0,0,66
2025-09-29T05:52:19.046Z,59.9,21.1,1.926,50.4,0,60,0,0,0,0,0,0,0,0,66
2025-09-29T05:52:20.045Z,59.9,21.1,1.925,49.6,0,60,0,0,0,0,0,0,0,0,66
2025-09-29T05:52:21.047Z,59.9,21.1,1.926,49.6,0,60,0,0,0,0,0,0,0,0,66
2025-09-29T05:52:22.047Z,59.9,21.1,1.925,50.4,0,60,0,0,0,0,0,0,0,0,66
2025-09-29T05:52:23.046Z,59.9,21.1,1.925,50.4,0,60,0,0,0,0,0,0,0,0,66
2025-09-29T05:52:24.049Z,59.9,21.1,1.926,49.6,0,60,0,0,0,0,0,0,0,0,66
2025-09-29T05:52:25.052Z,59.9,21.1,1.926,50.4,0,60,0,0,0,0,0,0,0,0,66
2025-09-29T05:52:26.051Z,59.9,21.1,1.926,49.6,0,60,0,0,0,0,0,0,0,0,66
2025-09-29T05:52:27.055Z,59.9,21.1,1.926,50.4,0,60,0,0,0,0,0,0,0,0,66
2025-09-29T05:52:28.053Z,59.9,21.1,1.926,49.6,0,60,0,0,0,0,0,0,0,0,66
2025-09-29T05:52:29.060Z,59.9,21.1,1.926,50.4,0,60,0,0,0,0,0,0,0,0,66
2025-09-29T05:52:30.050Z,59.9,21.1,1.925,49.6,0,60,0,0,0,0,0,0,0,0,66
2025-09-29T05:52:31.052Z,59.9,21.1,1.926,49.6,0,60,0,0,0,0,0,0,0,0,66
2025-09-29T05:52:32.055Z,59.9,21.1,1.926,50.4,0,60,0,0,0,0,0,0,0,0,66
2025-09-29T05:52:33.053Z,59.9,21.1,1.926,49.6,0,60,0,0,0,0,0,0,0,0,66
2025-09-29T05:52:34.059Z,59.8,21.1,1.926,50.4,0,60,0,0,0,0,0,0,0,0,66
2025-09-29T05:52:35.058Z,59.8,21.1,1.926,50.4,0,60,0,0,0,0,0,0,0,0,66
2025-09-29T05:52:36.058Z,59.8,21.1,1.926,49.6,0,60,0,0,0,0,0,0,0,0,66
2025-09-29T05:52:37.061Z,59.8,21.1,1.926,50.4,0,60,0,0,0,0,0,0,0,0,66
2025-09-29T05:52:38.063Z,59.8,21.1,1.926,49.6,0,60,0,0,0,0,0,0,0,0,66
2025-09-29T05:52:39.062Z,59.8,21.1,1.926,50.4,0,60,0,0,0,0,0,0,0,0,66
2025-09-29T05:52:40.062Z,59.8,21.1,1.926,49.6,0,60,0,0,0,0,0,0,0,0,66
2025-09-29T05:52:41.071Z,59.8,21.1,1.926,49.6,0,60,0,0,0,0,0,0,0,0,66
2025-09-29T05:52:42.065Z,59.8,21.1,1.926,50.4,0,60,0,0,0,0,0,0,0,0,66
2025-09-29T05:52:43.065Z,59.8,21.1,1.926,49.6,0,60,0,0,0,0,0,0,0,0,66
2025-09-29T05:52:44.067Z,59.8,21.1,1.926,50.4,0,60,0,0,0,0,0,0,0,0,66
2025-09-29T05:52:45.069Z,59.8,21.1,1.926,49.6,0,60,0,0,0,0,0,0,0,0,66
2025-09-29T05:52:46.066Z,59.8,21.1,1.926,49.6,0,60,0,0,0,0,0,0,0,0,66
2025-09-29T05:52:47.072Z,59.8,21.1,1.926,50.4,0,60,0,0,0,0,0,0,0,0,66
2025-09-29T05:52:48.070Z,59.8,21.1,1.926,49.6,0,60,0,0,0,0,0,0,0,0,66
2025-09-29T05:52:49.074Z,59.8,21.1,1.926,49.6,0,60,0,0,0,0,0,0,0,0,66
2025-09-29T05:52:50.070Z,59.8,21.1,1.926,50.4,0,60,0,0,0,0,0,0,0,0,66
2025-09-29T05:52:51.072Z,59.8,21.1,1.926,49.6,0,60,0,0,0,0,0,0,0,0,66
2025-09-29T05:52:52.074Z,59.8,21.1,1.926,50.4,0,60,0,0,0,0,0,0,0,0,66
2025-09-29T05:52:53.075Z,59.8,21.1,1.926,50.4,0,60,0,0,0,0,0,0,0,0,66
2025-09-29T05:52:54.073Z,59.8,21.1,1.927,49.6,0,60,0,0,0,0,0,0,0,0,66
2025-09-29T05:52:55.078Z,59.8,21.1,1.927,50.4,0,60,0,0,0,0,0,0,0,0,66
2025-09-29T05:52:56.080Z,59.8,21.1,1.927,49.6,0,60,0,0,0,0,0,0,0,0,66
2025-09-29T05:52:57.081Z,59.8,21.1,1.927,50.4,0,60,0,0,0,0,0,0,0,0,66
2025-09-29T05:52:58.082Z,59.7,21.1,1.927,49.6,0,60,0,0,0,0,0,0,0,0,66
2025-09-29T05:52:59.078Z,59.7,21.1,1.927,50.4,0,60,0,0,0,0,0,0,0,0,66
2025-09-29T05:53:00.083Z,59.7,21.1,1.926,49.6,0,60,0,0,0,0,0,0,0,0,66
2025-09-29T05:53:01.082Z,59.7,21.1,1.927,50.4,0,60,0,0,0,0,0,0,0,0,66
2025-09-29T05:53:02.084Z,59.7,21.1,1.926,50.4,0,60,0,0,0,0,0,0,0,0,66
2025-09-29T05:53:03.083Z,59.7,21.1,1.927,49.6,0,60,0,0,0,0,0,0,0,0,66
2025-09-29T05:53:04.082Z,59.7,21.1,1.927,50.4,0,60,0,0,0,0,0,0,0,0,66
2025-09-29T05:53:05.088Z,59.7,21.1,1.926,49.6,0,60,0,0,0,0,0,0,0,0,66
2025-09-29T05:53:06.087Z,59.7,21.1,1.926,50.4,0,60,0,0,0,0,0,0,0,0,66
2025-09-29T05:53:07.084Z,59.7,21.1,1.927,49.6,0,60,0,0,0,0,0,0,0,0,66
2025-09-29T05:53:08.092Z,59.7,21.1,1.926,49.6,0,60,0,0,0,0,0,0,0,0,66
2025-09-29T05:53:09.089Z,59.7,21.1,1.927,50.4,0,60,0,0,0,0,0,0,0,0,66
2025-09-29T05:53:10.095Z,59.7,21.1,1.926,50.4,0,60,0,0,0,0,0,0,0,0,66
2025-09-29T05:53:11.091Z,59.7,21.1,1.926,49.6,0,60,0,0,0,0,0,0,0,0,66
2025-09-29T05:53:12.091Z,59.7,21.1,1.927,50.4,0,60,0,0,0,0,0,0,0,0,66
2025-09-29T05:53:13.096Z,59.7,21.1,1.926,49.6,0,60,0,0,0,0,0,0,0,0,66
2025-09-29T05:53:14.096Z,59.7,21.1,1.926,50.4,0,60,0,0,0,0,0,0,0,0,66
2025-09-29T05:53:15.095Z,59.7,21.1,1.926,49.6,0,60,0,0,0,0,0,0,0,0,66
2025-09-29T05:53:16.096Z,59.7,21.1,1.926,50.4,0,60,0,0,0,0,0,0,0,0,66
2025-09-29T05:53:17.097Z,59.7,21.1,1.926,49.6,0,60,0,0,0,0,0,0,0,0,66
2025-09-29T05:53:18.101Z,59.7,21.1,1.926,50.4,0,60,0,0,0,0,0,0,0,0,66
2025-09-29T05:53:19.099Z,59.7,21.1,1.926,49.6,0,60,0,0,0,0,0,0,0,0,66
2025-09-29T05:53:20.100Z,59.7,21.1,1.926,50.4,0,60,0,0,0,0,0,0,0,0,66
2025-09-29T05:53:21.102Z,59.6,21.1,1.926,49.6,0,60,0,0,0,0,0,0,0,0,66
2025-09-29T05:53:22.102Z,59.6,21.1,1.926,50.4,0,60,0,0,0,0,0,0,0,0,66
2025-09-29T05:53:23.101Z,59.6,21.1,1.926,49.6,0,60,0,0,0,0,0,0,0,0,66
2025-09-29T05:53:24.106Z,59.6,21.1,1.926,50.4,0,60,0,0,0,0,0,0,0,0,66
2025-09-29T05:53:25.103Z,59.6,21.1,1.926,49.6,0,60,0,0,0,0,0,0,0,0,66
2025-09-29T05:53:26.105Z,59.6,21.1,1.926,49.6,0,60,0,0,0,0,0,0,0,0,66
2025-09-29T05:53:27.106Z,59.6,21.1,1.926,50.4,0,60,0,0,0,0,0,0,0,0,66
2025-09-29T05:53:28.111Z,59.6,21.1,1.926,49.6,0,60,0,0,0,0,0,0,0,0,66
2025-09-29T05:53:29.105Z,59.6,21.1,1.926,49.6,0,60,0,0,0,0,0,0,0,0,66
2025-09-29T05:53:30.110Z,59.6,21.1,1.926,49.6,0,60,0,0,0,0,0,0,0,0,66
2025-09-29T05:53:31.108Z,59.6,21.1,1.926,50.4,0,60,0,0,0,0,0,0,0,0,66
2025-09-29T05:53:32.107Z,59.6,21.1,1.926,49.6,0,60,0,0,0,0,0,0,0,0,66
2025-09-29T05:53:33.113Z,59.6,21.1,1.926,50.4,0,60,0,0,0,0,0,0,0,0,66
2025-09-29T05:53:34.111Z,59.6,21.1,1.927,50.4,0,60,0,0,0,0,0,0,0,0,66
2025-09-29T05:53:35.112Z,59.6,21.1,1.926,49.6,0,60,0,0,0,0,0,0,0,0,66
2025-09-29T05:53:36.112Z,59.6,21.1,1.926,50.4,0,60,0,0,0,0,0,0,0,0,66
2025-09-29T05:53:37.116Z,59.6,21.1,1.926,49.6,0,60,0,0,0,0,0,0,0,0,66
2025-09-29T05:53:38.112Z,59.6,21.1,1.926,50.4,0,60,0,0,0,0,0,0,0,0,66
2025-09-29T05:53:39.114Z,59.6,21.1,1.926,49.6,0,60,0,0,0,0,0,0,0,0,66
2025-09-29T05:53:40.123Z,59.6,21.1,1.927,50.4,0,60,0,0,0,0,0,0,0,0,66
2025-09-29T05:53:41.120Z,59.6,21.1,1.926,49.6,0,60,0,0,0,0,0,0,0,0,66
2025-09-29T05:53:42.114Z,59.6,21.1,1.926,50.4,0,60,0,0,0,0,0,0,0,0,66
2025-09-29T05:53:43.120Z,59.6,21.1,1.926,49.6,0,60,0,0,0,0,0,0,0,0,66
2025-09-29T05:53:44.121Z,59.6,21.1,1.926,50.4,0,60,0,0,0,0,0,0,0,0,66
2025-09-29T05:53:45.125Z,59.6,21.1,1.927,49.6,0,60,0,0,0,0,0,0,0,0,66
2025-09-29T05:53:46.123Z,59.6,21.1,1.928,50.4,0,60,0,0,0,0,0,0,0,0,66
2025-09-29T05:53:47.124Z,59.6,21.1,1.927,49.6,0,60,0,0,0,0,0,0,0,0,66
2025-09-29T05:53:48.124Z,59.6,21.1,1.926,50.4,0,60,0,0,0,0,0,0,0,0,66
2025-09-29T05:53:48.124Z,59.6,21.1,1.926,50.4,0,60,0,0,0,0,0,0,0,0,66
2025-09-29T05:53:50.130Z,59.5,21.1,1.927,50.4,0,60,0,0,0,0,0,0,0,0,66
2025-09-29T05:53:51.127Z,59.5,21.1,1.927,49.6,0,60,0,0,0,0,0,0,0,0,66
2025-09-29T05:53:52.128Z,59.5,21.1,1.927,50.4,0,60,0,0,0,0,0,0,0,0,66
2025-09-29T05:53:53.129Z,59.5,21.1,1.927,49.6,0,60,0,0,0,0,0,0,0,0,66
2025-09-29T05:53:54.130Z,59.5,21.1,1.927,50.4,0,60,0,0,0,0,0,0,0,0,66
2025-09-29T05:53:55.136Z,59.5,21.1,1.927,49.6,0,60,0,0,0,0,0,0,0,0,66
2025-09-29T05:53:56.134Z,59.5,21.1,1.927,50.4,0,60,0,0,0,0,0,0,0,0,66
2025-09-29T05:53:57.135Z,59.5,21.1,1.928,49.6,0,60,0,0,0,0,0,0,0,0,66
2025-09-29T05:53:58.135Z,59.5,21.1,1.927,50.4,0,60,0,0,0,0,0,0,0,0,66
2025-09-29T05:53:59.135Z,59.5,21.1,1.928,49.6,0,60,0,0,0,0,0,0,0,0,66
2025-09-29T05:54:00.140Z,59.5,21.1,1.928,50.4,0,60,0,0,0,0,0,0,0,0,66
2025-09-29T05:54:01.135Z,59.5,21.1,1.928,49.6,0,60,0,0,0,0,0,0,0,0,66
2025-09-29T05:54:02.138Z,59.5,21.1,1.928,49.6,0,60,0,0,0,0,0,0,0,0,66
2025-09-29T05:54:03.147Z,59.5,21.1,1.927,50.4,0,60,0,0,0,0,0,0,0,0,66
2025-09-29T05:54:04.141Z,59.5,21.1,1.928,49.6,0,60,0,0,0,0,0,0,0,0,66
2025-09-29T05:54:05.142Z,59.5,21.1,1.928,50.4,0,60,0,0,0,0,0,0,0,0,66
2025-09-29T05:54:06.140Z,59.5,21.1,1.928,49.6,0,60,0,0,0,0,0,0,0,0,66
2025-09-29T05:54:07.140Z,59.5,21.1,1.928,50.4,0,60,0,0,0,0,0,0,0,0,66
2025-09-29T05:54:08.146Z,59.5,21.1,1.928,49.6,0,60,0,0,0,0,0,0,0,0,66
2025-09-29T05:54:09.145Z,59.5,21.1,1.928,50.4,0,60,0,0,0,0,0,0,0,0,66
2025-09-29T05:54:10.145Z,59.5,21.1,1.928,49.6,0,60,0,0,0,0,0,0,0,0,66
2025-09-29T05:54:11.147Z,59.5,21.1,1.928,50.4,0,60,0,0,0,0,0,0,0,0,66
2025-09-29T05:54:12.147Z,59.5,21.1,1.928,50.4,0,60,0,0,0,0,0,0,0,0,66
2025-09-29T05:54:13.150Z,59.5,21.1,1.928,49.6,0,60,0,0,0,0,0,0,0,0,66
2025-09-29T05:54:14.155Z,59.5,21.1,1.927,49.6,0,60,0,0,0,0,0,0,0,0,66
2025-09-29T05:54:15.156Z,59.5,21.1,1.927,50.4,0,60,0,0,0,0,0,0,0,0,66
2025-09-29T05:54:16.151Z,59.5,21.1,1.928,50.4,0,60,0,0,0,0,0,0,0,0,66
2025-09-29T05:54:17.153Z,59.5,21.1,1.928,49.6,0,60,0,0,0,0,0,0,0,0,66
2025-09-29T05:54:18.154Z,59.5,21.1,1.928,50.4,0,60,0,0,0,0,0,0,0,0,66
2025-09-29T05:54:19.154Z,59.5,21.1,1.928,49.6,0,60,0,0,0,0,0,0,0,0,66
2025-09-29T05:54:20.166Z,59.5,21.1,1.927,49.6,0,60,0,0,0,0,0,0,0,0,66
2025-09-29T05:54:21.155Z,59.5,21.1,1.928,49.6,0,60,0,0,0,0,0,0,0,0,66
2025-09-29T05:54:22.159Z,59.5,21.1,1.927,50.4,0,60,0,0,0,0,0,0,0,0,66
2025-09-29T05:54:23.157Z,59.4,21.1,1.927,49.6,0,60,0,0,0,0,0,0,0,0,66
2025-09-29T05:54:24.160Z,59.4,21.1,1.927,50.4,0,60,0,0,0,0,0,0,0,0,66
2025-09-29T05:54:25.161Z,59.4,21.1,1.927,49.6,0,60,0,0,0,0,0,0,0,0,66
2025-09-29T05:54:26.165Z,59.4,21.1,1.927,49.6,0,60,0,0,0,0,0,0,0,0,66
2025-09-29T05:54:27.158Z,59.4,21.1,1.928,50.4,0,60,0,0,0,0,0,0,0,0,66
2025-09-29T05:54:28.162Z,59.4,21.1,1.927,49.6,0,60,0,0,0,0,0,0,0,0,66
2025-09-29T05:54:29.161Z,59.4,21.1,1.928,50.4,0,60,0,0,0,0,0,0,0,0,66
2025-09-29T05:54:30.163Z,59.4,21.1,1.928,49.6,0,60,0,0,0,0,0,0,0,0,66
2025-09-29T05:54:31.165Z,59.4,21.1,1.928,50.4,0,60,0,0,0,0,0,0,0,0,66
2025-09-29T05:54:32.165Z,59.4,21.1,1.928,49.6,0,60,0,0,0,0,0,0,0,0,66
2025-09-29T05:54:33.168Z,59.4,21.1,1.928,50.4,0,60,0,0,0,0,0,0,0,0,66
2025-09-29T05:54:34.165Z,59.4,21.1,1.927,49.6,0,60,0,0,0,0,0,0,0,0,66
2025-09-29T05:54:35.167Z,59.4,21.1,1.928,50.4,0,60,0,0,0,0,0,0,0,0,66
2025-09-29T05:54:36.170Z,59.4,21.1,1.928,49.6,0,60,0,0,0,0,0,0,0,0,66
2025-09-29T05:54:37.169Z,59.4,21.1,1.928,50.4,0,60,0,0,0,0,0,0,0,0,66
2025-09-29T05:54:38.171Z,59.4,21.1,1.928,49.6,0,60,0,0,0,0,0,0,0,0,66
2025-09-29T05:54:39.171Z,59.4,21.1,1.928,50.4,0,60,0,0,0,0,0,0,0,0,66
2025-09-29T05:54:40.171Z,59.4,21.1,1.928,49.6,0,60,0,0,0,0,0,0,0,0,66
2025-09-29T05:54:41.179Z,59.4,21.1,1.928,50.4,0,60,0,0,0,0,0,0,0,0,66
2025-09-29T05:54:42.172Z,59.4,21.1,1.928,49.6,0,60,0,0,0,0,0,0,0,0,66
2025-09-29T05:54:43.182Z,59.4,21.1,1.928,50.4,0,60,0,0,0,0,0,0,0,0,66
2025-09-29T05:54:44.178Z,59.4,21.1,1.928,49.6,0,60,0,0,0,0,0,0,0,0,66
2025-09-29T05:54:45.179Z,59.4,21.1,1.928,50.4,0,60,0,0,0,0,0,0,0,0,66
2025-09-29T05:54:46.178Z,59.4,21.1,1.928,49.6,0,60,0,0,0,0,0,0,0,0,66
2025-09-29T05:54:47.177Z,59.4,21.1,1.928,50.4,0,60,0,0,0,0,0,0,0,0,66
2025-09-29T05:54:48.182Z,59.4,21.1,1.928,49.6,0,60,0,0,0,0,0,0,0,0,66
2025-09-29T05:54:49.184Z,59.4,21.1,1.928,50.4,0,60,0,0,0,0,0,0,0,0,66
2025-09-29T05:54:50.183Z,59.4,21.1,1.928,49.6,0,60,0,0,0,0,0,0,0,0,66
2025-09-29T05:54:51.187Z,59.4,21.1,1.929,50.4,0,60,0,0,0,0,0,0,0,0,66
2025-09-29T05:54:52.184Z,59.4,21.1,1.928,49.6,0,60,0,0,0,0,0,0,0,0,66
2025-09-29T05:54:53.186Z,59.4,21.1,1.928,50.4,0,60,0,0,0,0,0,0,0,0,66
2025-09-29T05:54:54.188Z,59.4,21.1,1.929,49.6,0,60,0,0,0,0,0,0,0,0,66
2025-09-29T05:54:55.188Z,59.4,21.1,1.928,49.6,0,60,0,0,0,0,0,0,0,0,66
2025-09-29T05:54:56.190Z,59.4,21.1,1.929,49.6,0,60,0,0,0,0,0,0,0,0,66
2025-09-29T05:54:57.189Z,59.4,21.1,1.928,50.4,0,60,0,0,0,0,0,0,0,0,66
2025-09-29T05:54:58.191Z,59.4,21.1,1.929,49.6,0,60,0,0,0,0,0,0,0,0,66
2025-09-29T05:54:59.191Z,59.4,21.1,1.929,50.4,0,60,0,0,0,0,0,0,0,0,66
2025-09-29T05:55:00.190Z,59.4,21.1,1.928,49.6,0,60,0,0,0,0,0,0,0,0,66
2025-09-29T05:55:01.191Z,59.4,21.1,1.928,50.4,0,60,0,0,0,0,0,0,0,0,66
2025-09-29T05:55:02.193Z,59.4,21.1,1.929,49.6,0,60,0,0,0,0,0,0,0,0,66
2025-09-29T05:55:03.199Z,59.4,21.1,1.929,50.4,0,60,0,0,0,0,0,0,0,0,66
2025-09-29T05:55:04.201Z,59.4,21.1,1.929,49.6,0,60,0,0,0,0,0,0,0,0,66
2025-09-29T05:55:05.196Z,59.4,21.1,1.929,50.4,0,60,0,0,0,0,0,0,0,0,66
2025-09-29T05:55:06.197Z,59.4,21.1,1.929,49.6,0,60,0,0,0,0,0,0,0,0,66
2025-09-29T05:55:07.198Z,59.4,21.1,1.929,50.4,0,60,0,0,0,0,0,0,0,0,66
2025-09-29T05:55:08.202Z,59.4,21.1,1.929,49.6,0,60,0,0,0,0,0,0,0,0,66
2025-09-29T05:55:09.203Z,59.4,21.1,1.929,50.4,0,60,0,0,0,0,0,0,0,0,66
2025-09-29T05:55:10.201Z,59.4,21.1,1.929,49.6,0,60,0,0,0,0,0,0,0,0,66
2025-09-29T05:55:11.202Z,59.4,21.1,1.929,50.4,0,60,0,0,0,0,0,0,0,0,66
2025-09-29T05:55:12.207Z,59.4,21.1,1.929,49.6,0,60,0,0,0,0,0,0,0,0,66
2025-09-29T05:55:13.202Z,59.4,21.1,1.929,50.4,0,60,0,0,0,0,0,0,0,0,66
2025-09-29T05:55:14.210Z,59.4,21.1,1.929,49.6,0,60,0,0,0,0,0,0,0,0,66
2025-09-29T05:55:15.202Z,59.4,21.1,1.929,50.4,0,60,0,0,0,0,0,0,0,0,66
2025-09-29T05:55:16.210Z,59.4,21.1,1.929,49.6,0,60,0,0,0,0,0,0,0,0,66
2025-09-29T05:55:17.208Z,59.4,21.1,1.929,50.4,0,60,0,0,0,0,0,0,0,0,66
2025-09-29T05:55:18.214Z,59.4,21.1,1.929,49.6,0,60,0,0,0,0,0,0,0,0,66
2025-09-29T05:55:19.209Z,59.4,21.1,1.929,49.6,0,60,0,0,0,0,0,0,0,0,66
2025-09-29T05:55:20.215Z,59.4,21.1,1.929,49.6,0,60,0,0,0,0,0,0,0,0,66
2025-09-29T05:55:21.216Z,59.4,21.1,1.929,50.4,0,59.9,0,0,0,0,0,0,0,0,66
2025-09-29T05:55:22.216Z,59.4,21.1,1.929,49.6,0,60,0,0,0,0,0,0,0,0,66
2025-09-29T05:55:23.214Z,59.4,21.1,1.929,50.4,0,60,0,0,0,0,0,0,0,0,66
2025-09-29T05:55:24.213Z,59.4,21.1,1.929,49.6,0,60,0,0,0,0,0,0,0,0,66
2025-09-29T05:55:25.224Z,59.4,21.1,1.928,50.4,0,60,0,0,0,0,0,0,0,0,66
2025-09-29T05:55:26.222Z,59.4,21.1,1.928,49.6,0,59.9,0,0,0,0,0,0,0,0,66
2025-09-29T05:55:27.216Z,59.4,21.1,1.929,50.4,0,60,0,0,0,0,0,0,0,0,66
2025-09-29T05:55:28.219Z,59.4,21.1,1.929,49.6,0,60,0,0,0,0,0,0,0,0,66
2025-09-29T05:55:29.222Z,59.4,21.1,1.928,50.4,0,59.9,0,0,0,0,0,0,0,0,66
2025-09-29T05:55:30.218Z,59.4,21.1,1.929,49.6,0,60,0,0,0,0,0,0,0,0,66
2025-09-29T05:55:31.217Z,59.4,21.1,1.929,50.4,0,60,0,0,0,0,0,0,0,0,66
2025-09-29T05:55:32.219Z,59.4,21.1,1.929,49.6,0,60,0,0,0,0,0,0,0,0,66
2025-09-29T05:55:33.223Z,59.4,21.1,1.928,50.4,0,60,0,0,0,0,0,0,0,0,66
2025-09-29T05:55:34.222Z,59.4,21.1,1.928,49.6,0,59.9,0,0,0,0,0,0,0,0,66
2025-09-29T05:55:35.226Z,59.4,21.1,1.928,50.4,0,59.9,0,0,0,0,0,0,0,0,66
2025-09-29T05:55:36.223Z,59.4,21.1,1.928,49.6,0,59.9,0,0,0,0,0,0,0,0,66
2025-09-29T05:55:37.223Z,59.4,21.1,1.929,50.4,0,59.9,0,0,0,0,0,0,0,0,66
2025-09-29T05:55:38.227Z,59.4,21.1,1.928,49.6,0,59.9,0,0,0,0,0,0,0,0,66
2025-09-29T05:55:39.234Z,59.4,21.1,1.928,50.4,0,59.9,0,0,0,0,0,0,0,0,66
2025-09-29T05:55:40.228Z,59.4,21.1,1.928,49.6,0,59.9,0,0,0,0,0,0,0,0,66
2025-09-29T05:55:41.231Z,59.4,21.1,1.928,50.4,0,59.9,0,0,0,0,0,0,0,0,66
2025-09-29T05:55:42.231Z,59.4,21.1,1.928,49.6,0,59.9,0,0,0,0,0,0,0,0,66
2025-09-29T05:55:43.233Z,59.4,21.1,1.928,49.6,0,59.9,0,0,0,0,0,0,0,0,66
2025-09-29T05:55:44.234Z,59.4,21.1,1.928,49.6,0,59.9,0,0,0,0,0,0,0,0,66
2025-09-29T05:55:45.242Z,59.4,21.1,1.929,50.4,0,59.9,0,0,0,0,0,0,0,0,66
2025-09-29T05:55:46.235Z,59.4,21.1,1.928,49.6,0,59.9,0,0,0,0,0,0,0,0,66
2025-09-29T05:55:47.243Z,59.4,21.1,1.929,50.4,0,59.9,0,0,0,0,0,0,0,0,66
2025-09-29T05:55:48.243Z,59.4,21.1,1.928,49.6,0,59.9,0,0,0,0,0,0,0,0,66
2025-09-29T05:55:49.241Z,59.4,21.1,1.927,50.4,0,59.9,0,0,0,0,0,0,0,0,66
2025-09-29T05:55:50.242Z,59.4,21.1,1.928,49.6,0,59.9,0,0,0,0,0,0,0,0,66
2025-09-29T05:55:51.246Z,59.4,21.1,1.928,50.4,0,59.9,0,0,0,0,0,0,0,0,66
2025-09-29T05:55:52.244Z,59.4,21.1,1.928,49.6,0,59.9,0,0,0,0,0,0,0,0,66
2025-09-29T05:55:53.246Z,59.4,21.1,1.928,50.4,0,59.9,0,0,0,0,0,0,0,0,66
2025-09-29T05:55:54.246Z,59.4,21.1,1.928,49.6,0,59.9,0,0,0,0,0,0,0,0,66
2025-09-29T05:55:55.251Z,59.4,21.1,1.929,50.4,0,59.9,0,0,0,0,0,0,0,0,66
2025-09-29T05:55:56.250Z,59.4,21.1,1.929,49.6,0,59.9,0,0,0,0,0,0,0,0,66
2025-09-29T05:55:57.251Z,59.4,21.1,1.929,50.4,0,59.9,0,0,0,0,0,0,0,0,66
2025-09-29T05:55:58.250Z,59.4,21.1,1.928,49.6,0,59.9,0,0,0,0,0,0,0,0,66
2025-09-29T05:55:59.250Z,59.4,21.1,1.929,49.6,0,59.9,0,0,0,0,0,0,0,0,66
2025-09-29T05:56:00.252Z,59.4,21.1,1.929,49.6,0,59.9,0,0,0,0,0,0,0,0,66
2025-09-29T05:56:01.247Z,59.4,21.1,1.928,49.6,0,59.9,0,0,0,0,0,0,0,0,66
2025-09-29T05:56:02.247Z,59.5,21.1,1.928,50.4,0,59.9,0,0,0,0,0,0,0,0,66
2025-09-29T05:56:03.253Z,59.4,21.1,1.929,49.6,0,59.9,0,0,0,0,0,0,0,0,66
2025-09-29T05:56:04.251Z,59.5,21.1,1.928,50.4,0,59.9,0,0,0,0,0,0,0,0,66
2025-09-29T05:56:05.253Z,59.5,21.1,1.929,49.6,0,59.9,0,0,0,0,0,0,0,0,66
2025-09-29T05:56:06.252Z,59.5,21.1,1.928,50.4,0,59.9,0,0,0,0,0,0,0,0,66
2025-09-29T05:56:07.251Z,59.5,21.1,1.928,49.6,0,59.9,0,0,0,0,0,0,0,0,66
2025-09-29T05:56:08.261Z,59.5,21.1,1.929,50.4,0,59.9,0,0,0,0,0,0,0,0,66
2025-09-29T05:56:09.259Z,59.5,21.1,1.928,49.6,0,59.9,0,0,0,0,0,0,0,0,66
2025-09-29T05:56:10.256Z,59.5,21.1,1.928,50.4,0,59.9,0,0,0,0,0,0,0,0,66
2025-09-29T05:56:11.256Z,59.5,21.1,1.927,49.6,0,59.9,0,0,0,0,0,0,0,0,66
2025-09-29T05:56:12.256Z,59.5,21.1,1.927,50.4,0,59.9,0,0,0,0,0,0,0,0,66
2025-09-29T05:56:13.266Z,59.5,21.1,1.928,49.6,0,59.9,0,0,0,0,0,0,0,0,66
2025-09-29T05:56:14.264Z,59.5,21.1,1.928,50.4,0,59.9,0,0,0,0,0,0,0,0,66
2025-09-29T05:56:15.259Z,59.5,21.1,1.927,49.6,0,59.9,0,0,0,0,0,0,0,0,66
2025-09-29T05:56:16.268Z,59.5,21.1,1.928,50.4,0,59.9,0,0,0,0,0,0,0,0,66
2025-09-29T05:56:17.266Z,59.5,21.1,1.928,49.6,0,59.9,0,0,0,0,0,0,0,0,66
2025-09-29T05:56:18.265Z,59.5,21.1,1.928,50.4,0,59.9,0,0,0,0,0,0,0,0,66
2025-09-29T05:56:19.262Z,59.5,21.1,1.927,49.6,0,59.9,0,0,0,0,0,0,0,0,66
2025-09-29T05:56:20.271Z,59.5,21.1,1.928,50.4,0,59.9,0,0,0,0,0,0,0,0,66
2025-09-29T05:56:21.269Z,59.5,21.1,1.928,49.6,0,59.9,0,0,0,0,0,0,0,0,66
2025-09-29T05:56:22.279Z,59.5,21.1,1.927,50.4,0,59.9,0,0,0,0,0,0,0,0,66
2025-09-29T05:56:23.265Z,59.5,21.1,1.927,49.6,0,59.9,0,0,0,0,0,0,0,0,66
2025-09-29T05:56:24.272Z,59.5,21.1,1.928,50.4,0,59.9,0,0,0,0,0,0,0,0,66
2025-09-29T05:56:25.269Z,59.5,21.1,1.928,49.6,0,59.9,0,0,0,0,0,0,0,0,66
2025-09-29T05:56:26.276Z,59.5,21.1,1.928,49.6,0,59.9,0,0,0,0,0,0,0,0,66
2025-09-29T05:56:27.271Z,59.5,21.1,1.928,49.6,0,59.9,0,0,0,0,0,0,0,0,66
2025-09-29T05:56:28.282Z,59.5,21.1,1.927,49.6,0,59.9,0,0,0,0,0,0,0,0,66
2025-09-29T05:56:29.273Z,59.5,21.1,1.928,50.4,0,59.9,0,0,0,0,0,0,0,0,66
2025-09-29T05:56:30.278Z,59.5,21.1,1.928,49.6,0,59.9,0,0,0,0,0,0,0,0,66
2025-09-29T05:56:31.274Z,59.5,21.1,1.928,50.4,0,59.9,0,0,0,0,0,0,0,0,66
2025-09-29T05:56:32.278Z,59.5,21.1,1.928,49.6,0,59.9,0,0,0,0,0,0,0,0,66
2025-09-29T05:56:33.274Z,59.5,21.1,1.927,50.4,0,59.9,0,0,0,0,0,0,0,0,66
2025-09-29T05:56:34.281Z,59.5,21.1,1.928,49.6,0,59.9,0,0,0,0,0,0,0,0,66
2025-09-29T05:56:35.281Z,59.5,21.1,1.928,50.4,0,59.9,0,0,0,0,0,0,0,0,66
2025-09-29T05:56:36.283Z,59.5,21.1,1.928,49.6,0,59.9,0,0,0,0,0,0,0,0,66
2025-09-29T05:56:37.281Z,59.5,21.1,1.928,50.4,0,59.9,0,0,0,0,0,0,0,0,66
2025-09-29T05:56:38.280Z,59.5,21.1,1.927,49.6,0,59.9,0,0,0,0,0,0,0,0,66
2025-09-29T05:56:39.284Z,59.5,21.1,1.927,49.6,0,59.9,0,0,0,0,0,0,0,0,66
2025-09-29T05:56:40.283Z,59.6,21.1,1.927,50.4,0,59.9,0,0,0,0,0,0,0,0,66
2025-09-29T05:56:41.285Z,59.6,21.1,1.927,49.6,0,59.9,0,0,0,0,0,0,0,0,66
2025-09-29T05:56:42.288Z,59.6,21.1,1.927,50.4,0,59.9,0,0,0,0,0,0,0,0,66
2025-09-29T05:56:43.288Z,59.6,21.1,1.926,49.6,0,59.9,0,0,0,0,0,0,0,0,66
2025-09-29T05:56:44.288Z,59.6,21.1,1.928,50.4,0,59.9,0,0,0,0,0,0,0,0,66
2025-09-29T05:56:45.292Z,59.6,21.1,1.926,49.6,0,59.9,0,0,0,0,0,0,0,0,66
2025-09-29T05:56:46.289Z,59.6,21.1,1.926,50.4,0,59.9,0,0,0,0,0,0,0,0,66
2025-09-29T05:56:47.289Z,59.6,21.1,1.927,49.6,0,59.9,0,0,0,0,0,0,0,0,66
2025-09-29T05:56:48.294Z,59.6,21.1,1.926,50.4,0,59.9,0,0,0,0,0,0,0,0,66
2025-09-29T05:56:49.295Z,59.6,21.1,1.926,49.6,0,59.9,0,0,0,0,0,0,0,0,66
2025-09-29T05:56:50.293Z,59.6,21.1,1.926,50.4,0,59.9,0,0,0,0,0,0,0,0,66
2025-09-29T05:56:51.294Z,59.6,21.1,1.926,49.6,0,59.9,0,0,0,0,0,0,0,0,66
2025-09-29T05:56:52.298Z,59.6,21.1,1.926,50.4,0,59.9,0,0,0,0,0,0,0,0,66
2025-09-29T05:56:53.295Z,59.6,21.1,1.927,49.6,0,59.9,0,0,0,0,0,0,0,0,66
2025-09-29T05:56:54.294Z,59.6,21.1,1.926,50.4,0,59.9,0,0,0,0,0,0,0,0,66
2025-09-29T05:56:55.301Z,59.6,21.1,1.926,49.6,0,59.9,0,0,0,0,0,0,0,0,66
2025-09-29T05:56:56.298Z,59.6,21.1,1.926,50.4,0,59.9,0,0,0,0,0,0,0,0,66
2025-09-29T05:56:57.300Z,59.6,21.1,1.926,49.6,0,59.9,0,0,0,0,0,0,0,0,66
2025-09-29T05:56:58.304Z,59.6,21.1,1.926,49.6,0,59.9,0,0,0,0,0,0,0,0,66
2025-09-29T05:56:59.304Z,59.6,21.1,1.926,50.4,0,59.9,0,0,0,0,0,0,0,0,66
2025-09-29T05:57:00.300Z,59.6,21.1,1.926,49.6,0,59.9,0,0,0,0,0,0,0,0,66
2025-09-29T05:57:01.303Z,59.7,21.1,1.926,50.4,0,59.9,0,0,0,0,0,0,0,0,66
2025-09-29T05:57:02.304Z,59.6,21.1,1.926,49.6,0,59.9,0,0,0,0,0,0,0,0,66
2025-09-29T05:57:03.303Z,59.7,21.1,1.926,50.4,0,59.9,0,0,0,0,0,0,0,0,66
2025-09-29T05:57:04.304Z,59.7,21.1,1.926,49.6,0,59.9,0,0,0,0,0,0,0,0,66
2025-09-29T05:57:05.308Z,59.7,21.1,1.926,50.4,0,59.9,0,0,0,0,0,0,0,0,66
2025-09-29T05:57:06.307Z,59.7,21.1,1.926,49.6,0,59.9,0,0,0,0,0,0,0,0,66
2025-09-29T05:57:07.312Z,59.7,21.1,1.926,50.4,0,59.9,0,0,0,0,0,0,0,0,66
2025-09-29T05:57:08.310Z,59.7,21.1,1.926,49.6,0,59.9,0,0,0,0,0,0,0,0,66
2025-09-29T05:57:09.315Z,59.7,21.1,1.927,50.4,0,59.9,0,0,0,0,0,0,0,0,66
2025-09-29T05:57:10.310Z,59.7,21.1,1.926,49.6,0,59.9,0,0,0,0,0,0,0,0,66
2025-09-29T05:57:11.314Z,59.7,21.1,1.926,50.4,0,59.9,0,0,0,0,0,0,0,0,66
2025-09-29T05:57:12.312Z,59.7,21.1,1.926,49.6,0,59.9,0,0,0,0,0,0,0,0,66
2025-09-29T05:57:13.312Z,59.7,21.1,1.926,50.4,0,59.9,0,0,0,0,0,0,0,0,66
2025-09-29T05:57:14.319Z,59.7,21.1,1.927,49.6,0,59.9,0,0,0,0,0,0,0,0,66
2025-09-29T05:57:15.315Z,59.7,21.1,1.926,50.4,0,59.9,0,0,0,0,0,0,0,0,66
2025-09-29T05:57:16.316Z,59.7,21.1,1.926,49.6,0,59.9,0,0,0,0,0,0,0,0,66
2025-09-29T05:57:17.320Z,59.7,21.1,1.927,49.6,0,59.9,0,0,0,0,0,0,0,0,66
2025-09-29T05:57:18.318Z,59.7,21.1,1.926,50.4,0,59.9,0,0,0,0,0,0,0,0,66
2025-09-29T05:57:19.321Z,59.7,21.1,1.927,49.6,0,59.9,0,0,0,0,0,0,0,0,66
2025-09-29T05:57:20.321Z,59.7,21.1,1.927,50.4,0,59.9,0,0,0,0,0,0,0,0,66
2025-09-29T05:57:21.329Z,59.8,21.1,1.927,49.6,0,59.9,0,0,0,0,0,0,0,0,66
2025-09-29T05:57:22.325Z,59.8,21.1,1.927,50.4,0,59.9,0,0,0,0,0,0,0,0,66
2025-09-29T05:57:23.322Z,59.8,21.1,1.927,49.6,0,59.9,0,0,0,0,0,0,0,0,66
2025-09-29T05:57:24.327Z,59.8,21.1,1.927,50.4,0,59.9,0,0,0,0,0,0,0,0,66
2025-09-29T05:57:25.328Z,59.8,21.1,1.927,49.6,0,59.9,0,0,0,0,0,0,0,0,66
2025-09-29T05:57:26.335Z,59.8,21.1,1.926,50.4,0,59.9,0,0,0,0,0,0,0,0,66
2025-09-29T05:57:27.339Z,59.8,21.1,1.926,49.6,0,59.9,0,0,0,0,0,0,0,0,66
2025-09-29T05:57:28.331Z,59.8,21.1,1.926,49.6,0,59.9,0,0,0,0,0,0,0,0,66
2025-09-29T05:57:29.329Z,59.8,21.1,1.926,49.6,0,59.9,0,0,0,0,0,0,0,0,66
2025-09-29T05:57:30.332Z,59.8,21.1,1.926,50.4,0,59.9,0,0,0,0,0,0,0,0,66
2025-09-29T05:57:31.333Z,59.8,21.1,1.926,49.6,0,59.9,0,0,0,0,0,0,0,0,66
2025-09-29T05:57:32.330Z,59.8,21.1,1.926,49.6,0,59.9,0,0,0,0,0,0,0,0,66
2025-09-29T05:57:33.332Z,59.8,21.1,1.926,50.4,0,59.9,0,0,0,0,0,0,0,0,66
2025-09-29T05:57:34.334Z,59.8,21.1,1.926,49.6,0,59.9,0,0,0,0,0,0,0,0,66
2025-09-29T05:57:35.339Z,59.8,21.1,1.926,50.4,0,59.9,0,0,0,0,0,0,0,0,66
2025-09-29T05:57:36.336Z,59.8,21.1,1.926,50.4,0,59.9,0,0,0,0,0,0,0,0,66
2025-09-29T05:57:37.339Z,59.8,21.1,1.926,49.6,0,59.9,0,0,0,0,0,0,0,0,66
2025-09-29T05:57:38.337Z,59.8,21.1,1.926,49.6,0,59.9,0,0,0,0,0,0,0,0,66
2025-09-29T05:57:39.346Z,59.8,21.1,1.925,49.6,0,59.9,0,0,0,0,0,0,0,0,66
2025-09-29T05:57:40.345Z,59.8,21.1,1.926,50.4,0,59.9,0,0,0,0,0,0,0,0,66
2025-09-29T05:57:41.338Z,59.9,21.1,1.926,49.6,0,59.9,0,0,0,0,0,0,0,0,66
2025-09-29T05:57:42.348Z,59.9,21.1,1.925,50.4,0,59.9,0,0,0,0,0,0,0,0,66
2025-09-29T05:57:43.343Z,59.9,21.1,1.926,50.4,0,59.9,0,0,0,0,0,0,0,0,66
2025-09-29T05:57:44.342Z,59.9,21.1,1.926,49.6,0,59.9,0,0,0,0,0,0,0,0,66
2025-09-29T05:57:45.346Z,59.9,21.1,1.926,50.4,0,59.9,0,0,0,0,0,0,0,0,66
2025-09-29T05:57:46.346Z,59.9,21.1,1.926,49.6,0,59.9,0,0,0,0,0,0,0,0,66
2025-09-29T05:57:47.345Z,59.9,21.1,1.926,50.4,0,59.9,0,0,0,0,0,0,0,0,66
2025-09-29T05:57:48.348Z,59.9,21.1,1.925,49.6,0,59.9,0,0,0,0,0,0,0,0,66
2025-09-29T05:57:49.351Z,59.9,21.1,1.925,50.4,0,59.9,0,0,0,0,0,0,0,0,66
2025-09-29T05:57:50.352Z,59.9,21.1,1.925,49.6,0,59.9,0,0,0,0,0,0,0,0,66
2025-09-29T05:57:51.351Z,59.9,21.1,1.925,50.4,0,59.9,0,0,0,0,0,0,0,0,66
2025-09-29T05:57:52.352Z,59.9,21.1,1.925,49.6,0,59.9,0,0,0,0,0,0,0,0,66
2025-09-29T05:57:53.356Z,59.9,21.1,1.925,50.4,0,59.9,0,0,0,0,0,0,0,0,66
2025-09-29T05:57:54.353Z,59.9,21.1,1.925,49.6,0,59.9,0,0,0,0,0,0,0,0,66
2025-09-29T05:57:55.353Z,59.9,21.1,1.925,50.4,0,59.9,0,0,0,0,0,0,0,0,66
2025-09-29T05:57:56.359Z,60,21.1,1.925,49.6,0,59.9,0,0,0,0,0,0,0,0,66
2025-09-29T05:57:57.363Z,60,21.1,1.925,50.4,0,59.9,0,0,0,0,0,0,0,0,66
2025-09-29T05:57:58.358Z,60,21.1,1.925,49.6,0,59.9,0,0,0,0,0,0,0,0,66
2025-09-29T05:57:59.362Z,60,21.1,1.925,50.4,0,59.9,0,0,0,0,0,0,0,0,66
2025-09-29T05:58:00.363Z,60,21.1,1.925,49.6,0,59.9,0,0,0,0,0,0,0,0,66
2025-09-29T05:58:01.363Z,60,21.1,1.925,50.4,0,59.9,0,0,0,0,0,0,0,0,66
2025-09-29T05:58:02.366Z,60,21.1,1.925,49.6,0,59.9,0,0,0,0,0,0,0,0,66
2025-09-29T05:58:03.366Z,60,21.1,1.925,50.4,0,59.9,0,0,0,0,0,0,0,0,66
2025-09-29T05:58:04.366Z,60,21.1,1.925,49.6,0,59.9,0,0,0,0,0,0,0,0,66
2025-09-29T05:58:05.362Z,60,21.1,1.925,50.4,0,59.8,0,0,0,0,0,0,0,0,66
2025-09-29T05:58:06.360Z,60,21.1,1.925,49.6,0,59.8,0,0,0,0,0,0,0,0,66
2025-09-29T05:58:07.364Z,60,21.1,1.925,49.6,0,59.8,0,0,0,0,0,0,0,0,66
2025-09-29T05:58:08.362Z,60,21.1,1.925,50.4,0,59.8,0,0,0,0,0,0,0,0,66
2025-09-29T05:58:09.365Z,60,21.1,1.925,49.6,0,59.9,0,0,0,0,0,0,0,0,66
2025-09-29T05:58:10.364Z,60,21.1,1.925,50.4,0,59.9,0,0,0,0,0,0,0,0,66
2025-09-29T05:58:11.372Z,60.1,21.1,1.925,49.6,0,59.8,0,0,0,0,0,0,0,0,66
2025-09-29T05:58:12.377Z,60.1,21.1,1.925,50.4,0,59.8,0,0,0,0,0,0,0,0,66
2025-09-29T05:58:13.367Z,60.1,21.1,1.924,49.6,0,59.8,0,0,0,0,0,0,0,0,66
2025-09-29T05:58:14.370Z,60.1,21.1,1.924,50.4,0,59.8,0,0,0,0,0,0,0,0,66
2025-09-29T05:58:15.372Z,60.1,21.1,1.924,49.6,0,59.8,0,0,0,0,0,0,0,0,66
2025-09-29T05:58:16.372Z,60.1,21.1,1.924,49.6,0,59.8,0,0,0,0,0,0,0,0,66
2025-09-29T05:58:17.375Z,60.1,21.1,1.924,50.4,0,59.8,0,0,0,0,0,0,0,0,66
2025-09-29T05:58:18.375Z,60.1,21.1,1.924,49.6,0,59.8,0,0,0,0,0,0,0,0,66
2025-09-29T05:58:19.379Z,60.1,21.1,1.925,50.4,0,59.8,0,0,0,0,0,0,0,0,66
2025-09-29T05:58:20.379Z,60.1,21.1,1.925,49.6,0,59.8,0,0,0,0,0,0,0,0,66
2025-09-29T05:58:21.381Z,60.1,21.1,1.924,49.6,0,59.8,0,0,0,0,0,0,0,0,66
2025-09-29T05:58:22.381Z,60.1,21.1,1.925,49.6,0,59.8,0,0,0,0,0,0,0,0,66
2025-09-29T05:58:23.378Z,60.1,21.1,1.925,50.4,0,59.8,0,0,0,0,0,0,0,0,66
2025-09-29T05:58:24.383Z,60.1,21.1,1.925,50.4,0,59.8,0,0,0,0,0,0,0,0,66
2025-09-29T05:58:25.379Z,60.1,21.1,1.925,49.6,0,59.8,0,0,0,0,0,0,0,0,66
2025-09-29T05:58:26.382Z,60.2,21.1,1.925,49.6,0,59.8,0,0,0,0,0,0,0,0,66
2025-09-29T05:58:27.382Z,60.2,21.1,1.925,49.6,0,59.8,0,0,0,0,0,0,0,0,66
2025-09-29T05:58:28.388Z,60.2,21.1,1.924,49.6,0,59.8,0,0,0,0,0,0,0,0,66
2025-09-29T05:58:29.380Z,60.2,21.1,1.924,50.4,0,59.8,0,0,0,0,0,0,0,0,66
2025-09-29T05:58:30.382Z,60.2,21.1,1.924,50.4,0,59.8,0,0,0,0,0,0,0,0,66
2025-09-29T05:58:31.385Z,60.2,21.1,1.925,49.6,0,59.8,0,0,0,0,0,0,0,0,66
2025-09-29T05:58:32.388Z,60.2,21.1,1.925,50.4,0,59.8,0,0,0,0,0,0,0,0,66
2025-09-29T05:58:33.387Z,60.2,21.1,1.924,49.6,0,59.8,0,0,0,0,0,0,0,0,66
2025-09-29T05:58:34.389Z,60.2,21.1,1.924,50.4,0,59.8,0,0,0,0,0,0,0,0,66
2025-09-29T05:58:35.385Z,60.2,21.1,1.925,49.6,0,59.8,0,0,0,0,0,0,0,0,66
2025-09-29T05:58:36.389Z,60.2,21.1,1.924,50.4,0,59.8,0,0,0,0,0,0,0,0,66
2025-09-29T05:58:37.391Z,60.2,21.1,1.924,49.6,0,59.8,0,0,0,0,0,0,0,0,66
2025-09-29T05:58:38.386Z,60.2,21.1,1.924,50.4,0,59.8,0,0,0,0,0,0,0,0,66
2025-09-29T05:58:39.392Z,60.2,21.1,1.924,49.6,0,59.8,0,0,0,0,0,0,0,0,66
2025-09-29T05:58:40.391Z,60.2,21.1,1.924,49.6,0,59.8,0,0,0,0,0,0,0,0,66
2025-09-29T05:58:41.391Z,60.3,21.1,1.924,50.4,0,59.8,0,0,0,0,0,0,0,0,66
2025-09-29T05:58:42.392Z,60.3,21.1,1.924,49.6,0,59.8,0,0,0,0,0,0,0,0,66
2025-09-29T05:58:43.395Z,60.3,21.1,1.924,49.6,0,59.8,0,0,0,0,0,0,0,0,66
2025-09-29T05:58:44.398Z,60.3,21.1,1.924,50.4,0,59.8,0,0,0,0,0,0,0,0,66
2025-09-29T05:58:45.396Z,60.3,21.1,1.924,49.6,0,59.8,0,0,0,0,0,0,0,0,66
2025-09-29T05:58:46.397Z,60.3,21.1,1.924,49.6,0,59.8,0,0,0,0,0,0,0,0,66
2025-09-29T05:58:47.399Z,60.3,21.1,1.924,50.4,0,59.8,0,0,0,0,0,0,0,0,66
2025-09-29T05:58:48.402Z,60.3,21.1,1.924,50.4,0,59.8,0,0,0,0,0,0,0,0,66
2025-09-29T05:58:49.400Z,60.3,21.1,1.924,49.6,0,59.8,0,0,0,0,0,0,0,0,66
2025-09-29T05:58:50.398Z,60.3,21.1,1.924,50.4,0,59.8,0,0,0,0,0,0,0,0,66
2025-09-29T05:58:51.400Z,60.3,21.1,1.924,49.6,0,59.8,0,0,0,0,0,0,0,0,66
2025-09-29T05:58:52.404Z,60.3,21.1,1.924,50.4,0,59.8,0,0,0,0,0,0,0,0,66
2025-09-29T05:58:53.405Z,60.3,21.1,1.924,49.6,0,59.8,0,0,0,0,0,0,0,0,66
2025-09-29T05:58:54.408Z,60.3,21.1,1.923,49.6,0,59.8,0,0,0,0,0,0,0,0,66
2025-09-29T05:58:55.409Z,60.4,21.1,1.923,50.4,0,59.8,0,0,0,0,0,0,0,0,66
2025-09-29T05:58:56.405Z,60.4,21.1,1.923,49.6,0,59.8,0,0,0,0,0,0,0,0,66
2025-09-29T05:58:57.408Z,60.4,21.1,1.923,49.6,0,59.8,0,0,0,0,0,0,0,0,66
2025-09-29T05:58:58.405Z,60.4,21.1,1.923,50.4,0,59.8,0,0,0,0,0,0,0,0,66
2025-09-29T05:58:59.414Z,60.4,21.1,1.923,49.6,0,59.8,0,0,0,0,0,0,0,0,66
2025-09-29T05:59:00.412Z,60.4,21.1,1.923,50.4,0,59.8,0,0,0,0,0,0,0,0,66
2025-09-29T05:59:01.416Z,60.4,21.1,1.923,50.4,0,59.8,0,0,0,0,0,0,0,0,66
2025-09-29T05:59:02.413Z,60.4,21.1,1.923,49.6,0,59.8,0,0,0,0,0,0,0,0,66
2025-09-29T05:59:03.413Z,60.4,21.1,1.923,50.4,0,59.8,0,0,0,0,0,0,0,0,66
2025-09-29T05:59:04.418Z,60.4,21.1,1.923,49.6,0,59.8,0,0,0,0,0,0,0,0,66
2025-09-29T05:59:05.416Z,60.4,21.1,1.923,50.4,0,59.8,0,0,0,0,0,0,0,0,66
2025-09-29T05:59:06.413Z,60.4,21.1,1.923,49.6,0,59.8,0,0,0,0,0,0,0,0,66
2025-09-29T05:59:07.421Z,60.4,21.1,1.923,50.4,0,59.8,0,0,0,0,0,0,0,0,66
2025-09-29T05:59:08.424Z,60.4,21.1,1.923,50.4,0,59.8,0,0,0,0,0,0,0,0,66
2025-09-29T05:59:09.421Z,60.5,21.1,1.923,49.6,0,59.8,0,0,0,0,0,0,0,0,66
2025-09-29T05:59:10.422Z,60.5,21.1,1.923,50.4,0,59.8,0,0,0,0,0,0,0,0,66
2025-09-29T05:59:11.421Z,60.5,21.1,1.923,49.6,0,59.8,0,0,0,0,0,0,0,0,66
2025-09-29T05:59:12.429Z,60.5,21.1,1.923,50.4,0,59.8,0,0,0,0,0,0,0,0,66
2025-09-29T05:59:13.423Z,60.5,21.1,1.923,50.4,0,59.8,0,0,0,0,0,0,0,0,66
2025-09-29T05:59:14.426Z,60.5,21.1,1.923,49.6,0,59.8,0,0,0,0,0,0,0,0,66
2025-09-29T05:59:15.425Z,60.5,21.1,1.923,50.4,0,59.8,0,0,0,0,0,0,0,0,66
2025-09-29T05:59:16.428Z,60.5,21.1,1.923,49.6,0,59.8,0,0,0,0,0,0,0,0,66
2025-09-29T05:59:17.433Z,60.5,21.1,1.923,50.4,0,59.8,0,0,0,0,0,0,0,0,66
2025-09-29T05:59:18.427Z,60.5,21.1,1.923,49.6,0,59.8,0,0,0,0,0,0,0,0,66
2025-09-29T05:59:19.430Z,60.5,21.1,1.923,49.6,0,59.8,0,0,0,0,0,0,0,0,66
2025-09-29T05:59:20.433Z,60.5,21.1,1.922,49.6,0,59.8,0,0,0,0,0,0,0,0,66
2025-09-29T05:59:21.431Z,60.5,21.1,1.922,50.4,0,59.8,0,0,0,0,0,0,0,0,66
2025-09-29T05:59:22.434Z,60.5,21.1,1.923,49.6,0,59.8,0,0,0,0,0,0,0,0,66
2025-09-29T05:59:23.438Z,60.5,21.1,1.923,49.6,0,59.8,0,0,0,0,0,0,0,0,66
2025-09-29T05:59:24.434Z,60.6,21.1,1.922,50.4,0,59.8,0,0,0,0,0,0,0,0,66
2025-09-29T05:59:25.436Z,60.6,21.1,1.922,49.6,0,59.8,0,0,0,0,0,0,0,0,66
2025-09-29T05:59:26.443Z,60.6,21.1,1.923,49.6,0,59.8,0,0,0,0,0,0,0,0,66
2025-09-29T05:59:27.436Z,60.6,21.1,1.922,50.4,0,59.8,0,0,0,0,0,0,0,0,66
2025-09-29T05:59:28.441Z,60.6,21.1,1.923,49.6,0,59.8,0,0,0,0,0,0,0,0,66
2025-09-29T05:59:29.438Z,60.6,21.1,1.922,49.6,0,59.8,0,0,0,0,0,0,0,0,66
2025-09-29T05:59:30.445Z,60.6,21.1,1.923,50.4,0,59.8,0,0,0,0,0,0,0,0,66
2025-09-29T05:59:31.439Z,60.6,21.1,1.922,49.6,0,59.8,0,0,0,0,0,0,0,0,66
2025-09-29T05:59:32.443Z,60.6,21.1,1.923,50.4,0,59.8,0,0,0,0,0,0,0,0,66
2025-09-29T05:59:33.443Z,60.6,21.1,1.923,50.4,0,59.8,0,0,0,0,0,0,0,0,66
2025-09-29T05:59:34.443Z,60.6,21.1,1.923,49.6,0,59.8,0,0,0,0,0,0,0,0,66
2025-09-29T05:59:35.446Z,60.6,21.1,1.923,50.4,0,59.8,0,0,0,0,0,0,0,0,66
2025-09-29T05:59:36.447Z,60.6,21.1,1.923,49.6,0,59.8,0,0,0,0,0,0,0,0,66
2025-09-29T05:59:37.450Z,60.6,21.1,1.923,50.4,0,59.8,0,0,0,0,0,0,0,0,66
2025-09-29T05:59:38.446Z,60.6,21.1,1.923,49.6,0,59.8,0,0,0,0,0,0,0,0,66
2025-09-29T05:59:39.450Z,60.6,21.1,1.922,50.4,0,59.8,0,0,0,0,0,0,0,0,66
2025-09-29T05:59:40.453Z,60.7,21.1,1.922,49.6,0,59.8,0,0,0,0,0,0,0,0,66
2025-09-29T05:59:41.451Z,60.7,21.1,1.922,49.6,0,59.8,0,0,0,0,0,0,0,0,66
2025-09-29T05:59:42.455Z,60.7,21.1,1.922,50.4,0,59.8,0,0,0,0,0,0,0,0,66
2025-09-29T05:59:43.453Z,60.7,21.1,1.922,49.6,0,59.8,0,0,0,0,0,0,0,0,66
2025-09-29T05:59:44.456Z,60.7,21.1,1.922,50.4,0,59.8,0,0,0,0,0,0,0,0,66
2025-09-29T05:59:45.456Z,60.7,21.1,1.922,50.4,0,59.8,0,0,0,0,0,0,0,0,66
2025-09-29T05:59:46.457Z,60.7,21.1,1.922,49.6,0,59.8,0,0,0,0,0,0,0,0,66
2025-09-29T05:59:47.457Z,60.7,21.1,1.922,50.4,0,59.8,0,0,0,0,0,0,0,0,66
2025-09-29T05:59:48.456Z,60.7,21.1,1.922,49.6,0,59.8,0,0,0,0,0,0,0,0,66
2025-09-29T05:59:49.459Z,60.7,21.1,1.922,50.4,0,59.8,0,0,0,0,0,0,0,0,66
2025-09-29T05:59:50.458Z,60.7,21.1,1.922,49.6,0,59.8,0,0,0,0,0,0,0,0,66
2025-09-29T05:59:51.461Z,60.7,21.1,1.922,49.6,0,59.8,0,0,0,0,0,0,0,0,66
2025-09-29T05:59:52.463Z,60.7,21.1,1.922,50.4,0,59.8,0,0,0,0,0,0,0,0,66
2025-09-29T05:59:53.464Z,60.7,21.1,1.922,49.6,0,59.8,0,0,0,0,0,0,0,0,66
2025-09-29T05:59:54.465Z,60.7,21.1,1.922,50.4,0,59.8,0,0,0,0,0,0,0,0,66
2025-09-29T05:59:55.469Z,60.7,21.1,1.922,50.4,0,59.8,0,0,0,0,0,0,0,0,66
2025-09-29T05:59:56.470Z,60.7,21.1,1.921,49.6,0,59.8,0,0,0,0,0,0,0,0,66
2025-09-29T05:59:57.475Z,60.7,21.1,1.921,50.4,0,59.8,0,0,0,0,0,0,0,0,66
2025-09-29T05:59:58.478Z,60.8,21.1,1.921,49.6,0,59.8,0,0,0,0,0,0,0,0,66
2025-09-29T05:59:59.464Z,60.8,21.1,1.922,50.4,0,59.8,0,0,0,0,0,0,0,0,66
2025-09-29T06:00:00.471Z,60.8,21.1,1.921,49.6,0,59.8,0,0,0,0,0,0,0,0,66
2025-09-29T06:00:01.470Z,60.8,21.1,1.922,50.4,0,59.8,0,0,0,0,0,0,0,0,66
2025-09-29T06:00:02.470Z,60.8,21.1,1.922,49.6,0,59.8,0,0,0,0,0,0,0,0,66
2025-09-29T06:00:03.470Z,60.8,21.1,1.922,50.4,0,59.8,0,0,0,0,0,0,0,0,66
2025-09-29T06:00:04.471Z,60.8,21.1,1.922,49.6,0,59.8,0,0,0,0,0,0,0,0,66
2025-09-29T06:00:05.478Z,60.8,21.1,1.921,50.4,0,59.8,0,0,0,0,0,0,0,0,66
2025-09-29T06:00:06.471Z,60.8,21.1,1.922,49.6,0,59.8,0,0,0,0,0,0,0,0,66
2025-09-29T06:00:07.478Z,60.8,21.1,1.921,50.4,0,59.8,0,0,0,0,0,0,0,0,66
2025-09-29T06:00:08.477Z,60.8,21.1,1.921,49.6,0,59.8,0,0,0,0,0,0,0,0,66
2025-09-29T06:00:09.479Z,60.8,21.1,1.921,50.4,0,59.8,0,0,0,0,0,0,0,0,66
2025-09-29T06:00:10.480Z,60.8,21.1,1.921,49.6,0,59.8,0,0,0,0,0,0,0,0,66
2025-09-29T06:00:11.481Z,60.8,21.1,1.921,50.4,0,59.8,0,0,0,0,0,0,0,0,66
2025-09-29T06:00:12.478Z,60.8,21.1,1.921,49.6,0,59.8,0,0,0,0,0,0,0,0,66
2025-09-29T06:00:13.481Z,60.8,21.1,1.921,50.4,0,59.8,0,0,0,0,0,0,0,0,66
2025-09-29T06:00:14.480Z,60.8,21.1,1.921,49.6,0,59.8,0,0,0,0,0,0,0,0,66
2025-09-29T06:00:15.485Z,60.8,21.1,1.921,50.4,0,59.8,0,0,0,0,0,0,0,0,66
2025-09-29T06:00:16.487Z,60.8,21.1,1.921,49.6,0,59.8,0,0,0,0,0,0,0,0,66
2025-09-29T06:00:17.485Z,60.9,21.1,1.921,50.4,0,59.8,0,0,0,0,0,0,0,0,66
2025-09-29T06:00:18.491Z,60.9,21.1,1.921,49.6,0,59.8,0,0,0,0,0,0,0,0,66
2025-09-29T06:00:19.485Z,60.9,21.1,1.921,50.4,0,59.8,0,0,0,0,0,0,0,0,66
2025-09-29T06:00:20.489Z,60.9,21.1,1.921,49.6,0,59.8,0,0,0,0,0,0,0,0,66
2025-09-29T06:00:21.488Z,60.9,21.1,1.921,50.4,0,59.8,0,0,0,0,0,0,0,0,66
2025-09-29T06:00:22.490Z,60.9,21.1,1.921,49.6,0,59.8,0,0,0,0,0,0,0,0,66
2025-09-29T06:00:23.489Z,60.9,21.1,1.921,49.6,0,59.8,0,0,0,0,0,0,0,0,66
2025-09-29T06:00:24.494Z,60.9,21.1,1.921,49.6,0,59.8,0,0,0,0,0,0,0,0,66
2025-09-29T06:00:25.493Z,60.9,21.1,1.921,50.4,0,59.8,0,0,0,0,0,0,0,0,66
2025-09-29T06:00:26.489Z,60.9,21.1,1.921,49.6,0,59.8,0,0,0,0,0,0,0,0,66
2025-09-29T06:00:27.494Z,60.9,21.1,1.921,50.4,0,59.8,0,0,0,0,0,0,0,0,66
2025-09-29T06:00:28.496Z,60.9,21.1,1.921,49.6,0,59.8,0,0,0,0,0,0,0,0,66
2025-09-29T06:00:29.497Z,60.9,21.1,1.922,50.4,0,59.8,0,0,0,0,0,0,0,0,66
2025-09-29T06:00:30.497Z,60.9,21.1,1.921,49.6,0,59.8,0,0,0,0,0,0,0,0,66
2025-09-29T06:00:31.494Z,60.9,21.1,1.921,50.4,0,59.8,0,0,0,0,0,0,0,0,66
2025-09-29T06:00:32.503Z,60.9,21.1,1.922,49.6,0,59.8,0,0,0,0,0,0,0,0,66
2025-09-29T06:00:33.499Z,60.9,21.1,1.922,50.4,0,59.8,0,0,0,0,0,0,0,0,66
2025-09-29T06:00:34.499Z,60.9,21.1,1.921,49.6,0,59.8,0,0,0,0,0,0,0,0,66
2025-09-29T06:00:35.502Z,60.9,21.1,1.922,50.4,0,59.8,0,0,0,0,0,0,0,0,66
2025-09-29T06:00:36.508Z,60.9,21.1,1.921,49.6,0,59.8,0,0,0,0,0,0,0,0,66
2025-09-29T06:00:37.500Z,60.9,21.1,1.922,50.4,0,59.8,0,0,0,0,0,0,0,0,66
2025-09-29T06:00:38.501Z,60.9,21.1,1.922,49.6,0,59.8,0,0,0,0,0,0,0,0,66
2025-09-29T06:00:39.502Z,60.9,21.1,1.922,50.4,0,59.8,0,0,0,0,0,0,0,0,66
2025-09-29T06:00:40.507Z,60.9,21.1,1.921,49.6,0,59.8,0,0,0,0,0,0,0,0,66
2025-09-29T06:00:41.504Z,60.9,21.1,1.922,50.4,0,59.8,0,0,0,0,0,0,0,0,66
2025-09-29T06:00:42.507Z,60.9,21.1,1.921,49.6,0,59.8,0,0,0,0,0,0,0,0,66
2025-09-29T06:00:43.506Z,61,21.1,1.921,50.4,0,59.8,0,0,0,0,0,0,0,0,66
2025-09-29T06:00:44.512Z,61,21.1,1.921,49.6,0,59.8,0,0,0,0,0,0,0,0,66
2025-09-29T06:00:45.510Z,61,21.1,1.921,50.4,0,59.8,0,0,0,0,0,0,0,0,66
2025-09-29T06:00:46.512Z,61,21.1,1.921,49.6,0,59.8,0,0,0,0,0,0,0,0,66
2025-09-29T06:00:47.510Z,61,21.1,1.921,49.6,0,59.8,0,0,0,0,0,0,0,0,66
2025-09-29T06:00:48.521Z,61,21.1,1.921,50.4,0,59.8,0,0,0,0,0,0,0,0,66
2025-09-29T06:00:49.515Z,61,21.1,1.921,49.6,0,59.8,0,0,0,0,0,0,0,0,66
2025-09-29T06:00:50.514Z,61,21.1,1.922,50.4,0,59.8,0,0,0,0,0,0,0,0,66
2025-09-29T06:00:51.517Z,61,21.1,1.921,49.6,0,59.8,0,0,0,0,0,0,0,0,66
2025-09-29T06:00:52.518Z,61,21.1,1.922,50.4,0,59.8,0,0,0,0,0,0,0,0,66
2025-09-29T06:00:53.521Z,61,21.1,1.921,49.6,0,59.8,0,0,0,0,0,0,0,0,66
2025-09-29T06:00:54.517Z,61,21.1,1.921,50.4,0,59.8,0,0,0,0,0,0,0,0,66
2025-09-29T06:00:55.518Z,61,21.1,1.921,49.6,0,59.8,0,0,0,0,0,0,0,0,66
2025-09-29T06:00:56.522Z,61,21.1,1.921,50.4,0,59.8,0,0,0,0,0,0,0,0,66
2025-09-29T06:00:57.523Z,61,21.1,1.922,49.6,0,59.8,0,0,0,0,0,0,0,0,66
2025-09-29T06:00:58.523Z,61,21.1,1.921,50.4,0,59.8,0,0,0,0,0,0,0,0,66
2025-09-29T06:00:59.524Z,61,21.1,1.921,49.6,0,59.8,0,0,0,0,0,0,0,0,66
2025-09-29T06:01:00.527Z,61,21.1,1.92,49.6,0,59.8,0,0,0,0,0,0,0,0,66
2025-09-29T06:01:01.525Z,61,21.1,1.92,50.4,0,59.8,0,0,0,0,0,0,0,0,66
2025-09-29T06:01:02.528Z,61,21.1,1.92,49.6,0,59.8,0,0,0,0,0,0,0,0,66
2025-09-29T06:01:02.528Z,61,21.1,1.92,49.6,0,59.8,0,0,0,0,0,0,0,0,66
2025-09-29T06:01:04.532Z,61,21.1,1.92,49.6,0,59.8,0,0,0,0,0,0,0,0,66
2025-09-29T06:01:05.531Z,61,21.1,1.921,50.4,0,59.8,0,0,0,0,0,0,0,0,66
2025-09-29T06:01:06.533Z,61,21.1,1.92,49.6,0,59.8,0,0,0,0,0,0,0,0,66
2025-09-29T06:01:07.530Z,61,21.1,1.92,50.4,0,59.8,0,0,0,0,0,0,0,0,66
2025-09-29T06:01:08.531Z,61,21.1,1.92,49.6,0,59.8,0,0,0,0,0,0,0,0,66
2025-09-29T06:01:09.538Z,61,21.1,1.92,50.4,0,59.8,0,0,0,0,0,0,0,0,66
2025-09-29T06:01:10.531Z,61,21.1,1.92,49.6,0,59.8,0,0,0,0,0,0,0,0,66
2025-09-29T06:01:11.535Z,61,21.1,1.921,50.4,0,59.8,0,0,0,0,0,0,0,0,66
2025-09-29T06:01:12.532Z,61,21.1,1.921,49.6,0,59.8,0,0,0,0,0,0,0,0,66
2025-09-29T06:01:13.537Z,61,21.1,1.92,50.4,0,59.8,0,0,0,0,0,0,0,0,66
2025-09-29T06:01:14.537Z,61,21.1,1.92,49.6,0,59.8,0,0,0,0,0,0,0,0,66
2025-09-29T06:01:15.542Z,61,21.1,1.92,50.4,0,59.8,0,0,0,0,0,0,0,0,66
2025-09-29T06:01:16.541Z,61,21.1,1.92,49.6,0,59.8,0,0,0,0,0,0,0,0,66
2025-09-29T06:01:17.545Z,61,21.1,1.92,50.4,0,59.8,0,0,0,0,0,0,0,0,66
2025-09-29T06:01:18.541Z,61,21.1,1.92,49.6,0,59.8,0,0,0,0,0,0,0,0,66
2025-09-29T06:01:19.541Z,61,21.1,1.92,50.4,0,59.8,0,0,0,0,0,0,0,0,66
2025-09-29T06:01:20.541Z,61,21.1,1.92,49.6,0,59.8,0,0,0,0,0,0,0,0,66
2025-09-29T06:01:21.545Z,61,21.1,1.92,50.4,0,59.8,0,0,0,0,0,0,0,0,66
2025-09-29T06:01:22.543Z,61,21.1,1.92,49.6,0,59.8,0,0,0,0,0,0,0,0,66
2025-09-29T06:01:23.548Z,61,21.1,1.92,49.6,0,59.8,0,0,0,0,0,0,0,0,66
2025-09-29T06:01:24.551Z,61,21.1,1.92,50.4,0,59.8,0,0,0,0,0,0,0,0,66
2025-09-29T06:01:25.546Z,61,21.1,1.92,49.6,0,59.8,0,0,0,0,0,0,0,0,66
2025-09-29T06:01:26.552Z,61,21.1,1.92,50.4,0,59.8,0,0,0,0,0,0,0,0,66
2025-09-29T06:01:27.547Z,61,21.1,1.92,49.6,0,59.8,0,0,0,0,0,0,0,0,66
2025-09-29T06:01:28.552Z,61,21.1,1.92,49.6,0,59.8,0,0,0,0,0,0,0,0,66
2025-09-29T06:01:29.554Z,61,21.1,1.921,49.6,0,59.8,0,0,0,0,0,0,0,0,66
2025-09-29T06:01:30.554Z,61,21.1,1.921,50.4,0,59.8,0,0,0,0,0,0,0,0,66
2025-09-29T06:01:31.550Z,61,21.1,1.92,49.6,0,59.8,0,0,0,0,0,0,0,0,66
2025-09-29T06:01:32.554Z,61,21.1,1.921,50.4,0,59.8,0,0,0,0,0,0,0,0,66
2025-09-29T06:01:33.551Z,61,21.1,1.92,49.6,0,59.8,0,0,0,0,0,0,0,0,66
2025-09-29T06:01:34.558Z,61,21.1,1.921,50.4,0,59.8,0,0,0,0,0,0,0,0,66
2025-09-29T06:01:35.555Z,61,21.1,1.92,49.6,0,59.8,0,0,0,0,0,0,0,0,66
2025-09-29T06:01:36.555Z,61,21.1,1.92,50.4,0,59.8,0,0,0,0,0,0,0,0,66
2025-09-29T06:01:37.556Z,61,21.1,1.92,49.6,0,59.8,0,0,0,0,0,0,0,0,66
2025-09-29T06:01:38.558Z,61,21.1,1.921,49.6,0,59.8,0,0,0,0,0,0,0,0,66
2025-09-29T06:01:39.564Z,61,21.1,1.921,50.4,0,59.8,0,0,0,0,0,0,0,0,66
2025-09-29T06:01:40.562Z,61,21.1,1.921,49.6,0,59.8,0,0,0,0,0,0,0,0,66
2025-09-29T06:01:41.567Z,61,21.1,1.921,50.4,0,59.8,0,0,0,0,0,0,0,0,66
2025-09-29T06:01:42.563Z,61,21.1,1.921,49.6,0,59.8,0,0,0,0,0,0,0,0,66
2025-09-29T06:01:43.563Z,61,21.1,1.921,50.4,0,59.8,0,0,0,0,0,0,0,0,66
2025-09-29T06:01:44.564Z,61,21.1,1.921,49.6,0,59.8,0,0,0,0,0,0,0,0,66
2025-09-29T06:01:45.564Z,61,21.1,1.921,50.4,0,59.8,0,0,0,0,0,0,0,0,66
2025-09-29T06:01:46.568Z,61,21.1,1.921,49.6,0,59.8,0,0,0,0,0,0,0,0,66
2025-09-29T06:01:47.570Z,61,21.1,1.921,50.4,0,59.8,0,0,0,0,0,0,0,0,66
2025-09-29T06:01:48.570Z,61,21.1,1.921,49.6,0,59.8,0,0,0,0,0,0,0,0,66
2025-09-29T06:01:49.569Z,61,21.1,1.921,50.4,0,59.8,0,0,0,0,0,0,0,0,66
2025-09-29T06:01:50.572Z,61,21.1,1.921,49.6,0,59.8,0,0,0,0,0,0,0,0,66
2025-09-29T06:01:51.569Z,61,21.1,1.921,50.4,0,59.8,0,0,0,0,0,0,0,0,66
2025-09-29T06:01:52.573Z,61,21.1,1.922,49.6,0,59.8,0,0,0,0,0,0,0,0,66
2025-09-29T06:01:53.574Z,61,21.1,1.921,50.4,0,59.8,0,0,0,0,0,0,0,0,66
2025-09-29T06:01:54.572Z,61,21.1,1.921,49.6,0,59.8,0,0,0,0,0,0,0,0,66
2025-09-29T06:01:55.575Z,61,21.1,1.922,50.4,0,59.8,0,0,0,0,0,0,0,0,66
2025-09-29T06:01:56.577Z,61,21.1,1.921,49.6,0,59.8,0,0,0,0,0,0,0,0,66
2025-09-29T06:01:56.577Z,61,21.1,1.921,49.6,0,59.8,0,0,0,0,0,0,0,0,66
2025-09-29T06:01:58.577Z,61,21.1,1.921,49.6,0,59.8,0,0,0,0,0,0,0,0,66
2025-09-29T06:01:59.584Z,61,21.1,1.92,50.4,0,59.8,0,0,0,0,0,0,0,0,66
2025-09-29T06:02:00.578Z,61,21.1,1.921,49.6,0,59.8,0,0,0,0,0,0,0,0,66
2025-09-29T06:02:01.584Z,61,21.1,1.92,50.4,0,59.8,0,0,0,0,0,0,0,0,66
2025-09-29T06:02:02.578Z,61,21.1,1.921,49.6,0,59.8,0,0,0,0,0,0,0,0,66
2025-09-29T06:02:03.582Z,61,21.1,1.921,50.4,0,59.8,0,0,0,0,0,0,0,0,66
2025-09-29T06:02:04.581Z,61,21.1,1.922,49.6,0,59.8,0,0,0,0,0,0,0,0,66
2025-09-29T06:02:05.591Z,61,21.1,1.921,50.4,0,59.8,0,0,0,0,0,0,0,0,66
2025-09-29T06:02:06.585Z,61,21.1,1.92,49.6,0,59.8,0,0,0,0,0,0,0,0,66
2025-09-29T06:02:07.590Z,61,21.1,1.921,50.4,0,59.8,0,0,0,0,0,0,0,0,66
2025-09-29T06:02:08.587Z,61,21.1,1.92,49.6,0,59.8,0,0,0,0,0,0,0,0,66
2025-09-29T06:02:09.590Z,60.9,21.1,1.921,49.6,0,59.8,0,0,0,0,0,0,0,0,66
2025-09-29T06:02:10.587Z,61,21.1,1.921,50.4,0,59.8,0,0,0,0,0,0,0,0,66
2025-09-29T06:02:11.595Z,60.9,21.1,1.92,49.6,0,59.8,0,0,0,0,0,0,0,0,66
2025-09-29T06:02:12.590Z,60.9,21.1,1.921,49.6,0,59.8,0,0,0,0,0,0,0,0,66
2025-09-29T06:02:13.598Z,60.9,21.1,1.92,50.4,0,59.8,0,0,0,0,0,0,0,0,66
2025-09-29T06:02:14.592Z,60.9,21.1,1.921,50.4,0,59.8,0,0,0,0,0,0,0,0,66
2025-09-29T06:02:15.595Z,60.9,21.1,1.921,49.6,0,59.8,0,0,0,0,0,0,0,0,66
2025-09-29T06:02:16.595Z,60.9,21.1,1.921,49.6,0,59.8,0,0,0,0,0,0,0,0,66
2025-09-29T06:02:17.600Z,60.9,21.1,1.921,49.6,0,59.8,0,0,0,0,0,0,0,0,66
2025-09-29T06:02:18.592Z,60.9,21.1,1.921,50.4,0,59.8,0,0,0,0,0,0,0,0,66
2025-09-29T06:02:19.596Z,60.9,21.1,1.921,49.6,0,59.8,0,0,0,0,0,0,0,0,66
2025-09-29T06:02:20.598Z,60.9,21.1,1.921,50.4,0,59.8,0,0,0,0,0,0,0,0,66
2025-09-29T06:02:21.605Z,60.9,21.1,1.921,49.6,0,59.8,0,0,0,0,0,0,0,0,66
2025-09-29T06:02:22.601Z,60.9,21.1,1.921,50.4,0,59.8,0,0,0,0,0,0,0,0,66
2025-09-29T06:02:23.602Z,60.9,21.1,1.921,49.6,0,59.8,0,0,0,0,0,0,0,0,66
2025-09-29T06:02:24.603Z,60.9,21.1,1.921,50.4,0,59.8,0,0,0,0,0,0,0,0,66
2025-09-29T06:02:25.605Z,60.9,21.1,1.922,49.6,0,59.8,0,0,0,0,0,0,0,0,66
2025-09-29T06:02:26.605Z,60.9,21.1,1.922,50.4,0,59.8,0,0,0,0,0,0,0,0,66
2025-09-29T06:02:27.605Z,60.9,21.1,1.921,49.6,0,59.8,0,0,0,0,0,0,0,0,66
2025-09-29T06:02:28.608Z,60.9,21.1,1.922,50.4,0,59.8,0,0,0,0,0,0,0,0,66
2025-09-29T06:02:29.609Z,60.9,21.1,1.922,49.6,0,59.8,0,0,0,0,0,0,0,0,66
2025-09-29T06:02:30.609Z,60.9,21.1,1.922,50.4,0,59.8,0,0,0,0,0,0,0,0,66
2025-09-29T06:02:31.613Z,60.9,21.1,1.922,49.6,0,59.8,0,0,0,0,0,0,0,0,66
2025-09-29T06:02:32.608Z,60.9,21.1,1.921,50.4,0,59.8,0,0,0,0,0,0,0,0,66
2025-09-29T06:02:33.609Z,60.9,21.1,1.921,49.6,0,59.8,0,0,0,0,0,0,0,0,66
2025-09-29T06:02:34.612Z,60.9,21.1,1.921,50.4,0,59.8,0,0,0,0,0,0,0,0,66
2025-09-29T06:02:35.609Z,60.9,21.1,1.921,49.6,0,59.8,0,0,0,0,0,0,0,0,66
2025-09-29T06:02:36.619Z,60.9,21.1,1.922,50.4,0,59.8,0,0,0,0,0,0,0,0,66
2025-09-29T06:02:37.613Z,60.9,21.1,1.921,49.6,0,59.8,0,0,0,0,0,0,0,0,66
2025-09-29T06:02:38.614Z,60.8,21.1,1.921,50.4,0,59.8,0,0,0,0,0,0,0,0,66
2025-09-29T06:02:39.614Z,60.8,21.1,1.921,49.6,0,59.8,0,0,0,0,0,0,0,0,66
2025-09-29T06:02:40.616Z,60.8,21.1,1.921,50.4,0,59.8,0,0,0,0,0,0,0,0,66
2025-09-29T06:02:41.620Z,60.8,21.1,1.922,49.6,0,59.8,0,0,0,0,0,0,0,0,66
2025-09-29T06:02:42.617Z,60.8,21.1,1.921,50.4,0,59.8,0,0,0,0,0,0,0,0,66
2025-09-29T06:02:43.617Z,60.8,21.1,1.921,49.6,0,59.8,0,0,0,0,0,0,0,0,66
2025-09-29T06:02:44.622Z,60.8,21.1,1.922,50.4,0,59.8,0,0,0,0,0,0,0,0,66
2025-09-29T06:02:45.620Z,60.8,21.1,1.921,49.6,0,59.8,0,0,0,0,0,0,0,0,66
2025-09-29T06:02:46.624Z,60.8,21.1,1.922,50.4,0,59.8,0,0,0,0,0,0,0,0,66
2025-09-29T06:02:47.623Z,60.8,21.1,1.922,49.6,0,59.8,0,0,0,0,0,0,0,0,66
2025-09-29T06:02:48.625Z,60.8,21.1,1.922,50.4,0,59.8,0,0,0,0,0,0,0,0,66
2025-09-29T06:02:49.626Z,60.8,21.1,1.922,49.6,0,59.8,0,0,0,0,0,0,0,0,66
2025-09-29T06:02:50.622Z,60.8,21.1,1.921,50.4,0,59.8,0,0,0,0,0,0,0,0,66
2025-09-29T06:02:51.626Z,60.8,21.1,1.922,49.6,0,59.8,0,0,0,0,0,0,0,0,66
2025-09-29T06:02:52.628Z,60.8,21.1,1.922,50.4,0,59.8,0,0,0,0,0,0,0,0,66
2025-09-29T06:02:53.629Z,60.8,21.1,1.922,49.6,0,59.8,0,0,0,0,0,0,0,0,66
2025-09-29T06:02:54.626Z,60.8,21.1,1.921,50.4,0,59.8,0,0,0,0,0,0,0,0,66
2025-09-29T06:02:55.629Z,60.8,21.1,1.922,49.6,0,59.8,0,0,0,0,0,0,0,0,66
2025-09-29T06:02:56.633Z,60.8,21.1,1.922,50.4,0,59.8,0,0,0,0,0,0,0,0,66
2025-09-29T06:02:57.636Z,60.8,21.1,1.922,49.6,0,59.8,0,0,0,0,0,0,0,0,66
2025-09-29T06:02:58.631Z,60.7,21.1,1.921,50.4,0,59.8,0,0,0,0,0,0,0,0,66
2025-09-29T06:02:59.633Z,60.7,21.1,1.922,49.6,0,59.8,0,0,0,0,0,0,0,0,66
2025-09-29T06:03:00.634Z,60.7,21.1,1.922,50.4,0,59.8,0,0,0,0,0,0,0,0,66
2025-09-29T06:03:01.638Z,60.7,21.1,1.922,49.6,0,59.8,0,0,0,0,0,0,0,0,66
2025-09-29T06:03:02.634Z,60.7,21.1,1.921,49.6,0,59.8,0,0,0,0,0,0,0,0,66
2025-09-29T06:03:03.636Z,60.7,21.1,1.922,50.4,0,59.8,0,0,0,0,0,0,0,0,66
2025-09-29T06:03:04.636Z,60.7,21.1,1.921,49.6,0,59.8,0,0,0,0,0,0,0,0,66
2025-09-29T06:03:05.637Z,60.7,21.1,1.921,50.4,0,59.8,0,0,0,0,0,0,0,0,66
2025-09-29T06:03:06.639Z,60.7,21.1,1.922,49.6,0,59.8,0,0,0,0,0,0,0,0,66
2025-09-29T06:03:07.647Z,60.7,21.1,1.922,49.6,0,59.8,0,0,0,0,0,0,0,0,66
2025-09-29T06:03:08.641Z,60.7,21.1,1.922,49.6,0,59.9,0,0,0,0,0,0,0,0,66
2025-09-29T06:03:09.649Z,60.7,21.1,1.923,50.4,0,59.8,0,0,0,0,0,0,0,0,66
2025-09-29T06:03:10.645Z,60.7,21.1,1.923,49.6,0,59.8,0,0,0,0,0,0,0,0,66
2025-09-29T06:03:11.645Z,60.7,21.1,1.923,50.4,0,59.8,0,0,0,0,0,0,0,0,66
2025-09-29T06:03:12.651Z,60.7,21.1,1.923,49.6,0,59.8,0,0,0,0,0,0,0,0,66
2025-09-29T06:03:13.648Z,60.7,21.1,1.923,50.4,0,59.8,0,0,0,0,0,0,0,0,66
2025-09-29T06:03:14.644Z,60.7,21.1,1.922,49.6,0,59.9,0,0,0,0,0,0,0,0,66
2025-09-29T06:03:15.650Z,60.7,21.1,1.923,50.4,0,59.9,0,0,0,0,0,0,0,0,66
2025-09-29T06:03:16.650Z,60.7,21.1,1.923,49.6,0,59.9,0,0,0,0,0,0,0,0,66
2025-09-29T06:03:17.648Z,60.7,21.1,1.923,50.4,0,59.9,0,0,0,0,0,0,0,0,66
2025-09-29T06:03:18.652Z,60.7,21.1,1.923,49.6,0,59.9,0,0,0,0,0,0,0,0,66
2025-09-29T06:03:19.650Z,60.7,21.1,1.923,49.6,0,59.8,0,0,0,0,0,0,0,0,66
2025-09-29T06:03:20.655Z,60.6,21.1,1.923,49.6,0,59.9,0,0,0,0,0,0,0,0,66
2025-09-29T06:03:21.654Z,60.6,21.1,1.923,49.6,0,59.9,0,0,0,0,0,0,0,0,66
2025-09-29T06:03:22.652Z,60.6,21.1,1.922,50.4,0,59.9,0,0,0,0,0,0,0,0,66
2025-09-29T06:03:23.657Z,60.6,21.1,1.923,49.6,0,59.9,0,0,0,0,0,0,0,0,66
2025-09-29T06:03:24.661Z,60.6,21.1,1.923,49.6,0,59.9,0,0,0,0,0,0,0,0,66
2025-09-29T06:03:25.658Z,60.6,21.1,1.923,50.4,0,59.8,0,0,0,0,0,0,0,0,66
2025-09-29T06:03:26.658Z,60.6,21.1,1.923,49.6,0,59.9,0,0,0,0,0,0,0,0,66
2025-09-29T06:03:27.659Z,60.6,21.1,1.923,50.4,0,59.9,0,0,0,0,0,0,0,0,66
2025-09-29T06:03:28.661Z,60.6,21.1,1.923,50.4,0,59.9,0,0,0,0,0,0,0,0,66
2025-09-29T06:03:29.660Z,60.6,21.1,1.923,49.6,0,59.9,0,0,0,0,0,0,0,0,66
2025-09-29T06:03:30.662Z,60.6,21.1,1.923,50.4,0,59.9,0,0,0,0,0,0,0,0,66
2025-09-29T06:03:31.663Z,60.6,21.1,1.923,49.6,0,59.9,0,0,0,0,0,0,0,0,66
2025-09-29T06:03:32.665Z,60.6,21.1,1.923,50.4,0,59.9,0,0,0,0,0,0,0,0,66
2025-09-29T06:03:33.668Z,60.6,21.1,1.923,50.4,0,59.9,0,0,0,0,0,0,0,0,66
2025-09-29T06:03:34.666Z,60.6,21.1,1.923,49.6,0,59.9,0,0,0,0,0,0,0,0,66
2025-09-29T06:03:35.670Z,60.6,21.1,1.923,49.6,0,59.9,0,0,0,0,0,0,0,0,66
2025-09-29T06:03:36.666Z,60.6,21.1,1.923,50.4,0,59.9,0,0,0,0,0,0,0,0,66
2025-09-29T06:03:37.666Z,60.6,21.1,1.923,49.6,0,59.9,0,0,0,0,0,0,0,0,66
2025-09-29T06:03:38.674Z,60.5,21.1,1.923,50.4,0,59.9,0,0,0,0,0,0,0,0,66
2025-09-29T06:03:39.671Z,60.5,21.1,1.923,49.6,0,59.9,0,0,0,0,0,0,0,0,66
2025-09-29T06:03:40.670Z,60.5,21.1,1.923,49.6,0,59.9,0,0,0,0,0,0,0,0,66
2025-09-29T06:03:41.674Z,60.5,21.1,1.923,50.4,0,59.9,0,0,0,0,0,0,0,0,66
2025-09-29T06:03:42.672Z,60.5,21.1,1.923,49.6,0,59.9,0,0,0,0,0,0,0,0,66
2025-09-29T06:03:43.677Z,60.5,21.1,1.923,50.4,0,59.9,0,0,0,0,0,0,0,0,66
2025-09-29T06:03:44.677Z,60.5,21.1,1.923,49.6,0,59.9,0,0,0,0,0,0,0,0,66
2025-09-29T06:03:45.678Z,60.5,21.1,1.923,50.4,0,59.9,0,0,0,0,0,0,0,0,66
2025-09-29T06:03:46.676Z,60.5,21.1,1.923,49.6,0,59.9,0,0,0,0,0,0,0,0,66
2025-09-29T06:03:47.677Z,60.5,21.1,1.923,49.6,0,59.9,0,0,0,0,0,0,0,0,66
2025-09-29T06:03:48.679Z,60.5,21.1,1.923,50.4,0,59.9,0,0,0,0,0,0,0,0,66
2025-09-29T06:03:49.684Z,60.5,21.1,1.923,49.6,0,59.9,0,0,0,0,0,0,0,0,66
2025-09-29T06:03:50.680Z,60.5,21.1,1.923,50.4,0,59.9,0,0,0,0,0,0,0,0,66
2025-09-29T06:03:51.682Z,60.5,21.1,1.923,50.4,0,59.9,0,0,0,0,0,0,0,0,66
2025-09-29T06:03:52.683Z,60.5,21.1,1.923,49.6,0,59.9,0,0,0,0,0,0,0,0,66
2025-09-29T06:03:53.688Z,60.5,21.1,1.923,50.4,0,59.9,0,0,0,0,0,0,0,0,66
2025-09-29T06:03:54.686Z,60.5,21.1,1.923,49.6,0,59.9,0,0,0,0,0,0,0,0,66
2025-09-29T06:03:55.689Z,60.5,21.1,1.923,50.4,0,59.9,0,0,0,0,0,0,0,0,66
2025-09-29T06:03:56.686Z,60.5,21.1,1.923,49.6,0,59.9,0,0,0,0,0,0,0,0,66
2025-09-29T06:03:57.689Z,60.5,21.1,1.923,50.4,0,59.8,0,0,0,0,0,0,0,0,66
2025-09-29T06:03:58.688Z,60.5,21.1,1.923,49.6,0,59.9,0,0,0,0,0,0,0,0,66
2025-09-29T06:03:59.687Z,60.4,21.1,1.923,50.4,0,59.9,0,0,0,0,0,0,0,0,66
2025-09-29T06:04:00.693Z,60.4,21.1,1.924,49.6,0,59.9,0,0,0,0,0,0,0,0,66
2025-09-29T06:04:01.690Z,60.4,21.1,1.924,50.4,0,59.9,0,0,0,0,0,0,0,0,66
2025-09-29T06:04:02.690Z,60.4,21.1,1.924,49.6,0,59.9,0,0,0,0,0,0,0,0,66
2025-09-29T06:04:03.691Z,60.4,21.1,1.924,50.4,0,59.9,0,0,0,0,0,0,0,0,66
2025-09-29T06:04:04.692Z,60.4,21.1,1.924,49.6,0,59.9,0,0,0,0,0,0,0,0,66
2025-09-29T06:04:05.698Z,60.4,21.1,1.924,50.4,0,59.9,0,0,0,0,0,0,0,0,66
2025-09-29T06:04:06.692Z,60.4,21.1,1.924,49.6,0,59.9,0,0,0,0,0,0,0,0,66
2025-09-29T06:04:07.696Z,60.4,21.1,1.924,50.4,0,59.9,0,0,0,0,0,0,0,0,66
2025-09-29T06:04:08.695Z,60.4,21.1,1.924,49.6,0,59.9,0,0,0,0,0,0,0,0,66
2025-09-29T06:04:09.704Z,60.4,21.1,1.923,50.4,0,59.9,0,0,0,0,0,0,0,0,66
2025-09-29T06:04:10.702Z,60.4,21.1,1.923,49.6,0,59.9,0,0,0,0,0,0,0,0,66
2025-09-29T06:04:11.698Z,60.4,21.1,1.924,49.6,0,59.9,0,0,0,0,0,0,0,0,66
2025-09-29T06:04:12.701Z,60.4,21.1,1.924,50.4,0,59.9,0,0,0,0,0,0,0,0,66
2025-09-29T06:04:13.699Z,60.4,21.1,1.924,49.6,0,59.9,0,0,0,0,0,0,0,0,66
2025-09-29T06:04:14.704Z,60.4,21.1,1.924,50.4,0,59.9,0,0,0,0,0,0,0,0,66
2025-09-29T06:04:15.702Z,60.3,21.1,1.924,49.6,0,59.9,0,0,0,0,0,0,0,0,66
2025-09-29T06:04:16.705Z,60.3,21.1,1.924,50.4,0,59.9,0,0,0,0,0,0,0,0,66
2025-09-29T06:04:17.713Z,60.3,21.1,1.923,49.6,0,59.9,0,0,0,0,0,0,0,0,66
2025-09-29T06:04:18.705Z,60.3,21.1,1.924,50.4,0,59.9,0,0,0,0,0,0,0,0,66
2025-09-29T06:04:19.706Z,60.3,21.1,1.924,49.6,0,59.9,0,0,0,0,0,0,0,0,66
2025-09-29T06:04:20.708Z,60.3,21.1,1.924,49.6,0,59.9,0,0,0,0,0,0,0,0,66
2025-09-29T06:04:21.715Z,60.3,21.1,1.923,50.4,0,59.9,0,0,0,0,0,0,0,0,66
2025-09-29T06:04:22.710Z,60.3,21.1,1.924,49.6,0,59.9,0,0,0,0,0,0,0,0,66
2025-09-29T06:04:23.710Z,60.3,21.1,1.924,50.4,0,59.9,0,0,0,0,0,0,0,0,66
2025-09-29T06:04:24.712Z,60.3,21.1,1.924,49.6,0,59.9,0,0,0,0,0,0,0,0,66
2025-09-29T06:04:25.717Z,60.3,21.1,1.923,50.4,0,59.9,0,0,0,0,0,0,0,0,66
2025-09-29T06:04:26.714Z,60.3,21.1,1.924,50.4,0,59.9,0,0,0,0,0,0,0,0,66
2025-09-29T06:04:27.718Z,60.3,21.1,1.923,49.6,0,59.9,0,0,0,0,0,0,0,0,66
2025-09-29T06:04:28.719Z,60.3,21.1,1.923,50.4,0,59.9,0,0,0,0,0,0,0,0,66
2025-09-29T06:04:29.720Z,60.3,21.1,1.924,49.6,0,59.9,0,0,0,0,0,0,0,0,66
2025-09-29T06:04:30.717Z,60.3,21.1,1.923,50.4,0,59.9,0,0,0,0,0,0,0,0,66
2025-09-29T06:04:31.720Z,60.3,21.1,1.923,49.6,0,59.9,0,0,0,0,0,0,0,0,66
2025-09-29T06:04:32.726Z,60.3,21.1,1.923,50.4,0,59.9,0,0,0,0,0,0,0,0,66
2025-09-29T06:04:33.723Z,60.3,21.1,1.923,49.6,0,59.9,0,0,0,0,0,0,0,0,66
2025-09-29T06:04:34.721Z,60.3,21.1,1.923,50.4,0,59.9,0,0,0,0,0,0,0,0,66
2025-09-29T06:04:35.726Z,60.2,21.1,1.923,49.6,0,59.9,0,0,0,0,0,0,0,0,66
2025-09-29T06:04:36.724Z,60.2,21.1,1.923,50.4,0,59.9,0,0,0,0,0,0,0,0,66
2025-09-29T06:04:37.729Z,60.2,21.1,1.923,49.6,0,59.9,0,0,0,0,0,0,0,0,66
2025-09-29T06:04:38.726Z,60.2,21.1,1.923,50.4,0,59.9,0,0,0,0,0,0,0,0,66
2025-09-29T06:04:39.726Z,60.2,21.1,1.923,49.6,0,59.9,0,0,0,0,0,0,0,0,66
2025-09-29T06:04:40.736Z,60.2,21.1,1.924,50.4,0,59.9,0,0,0,0,0,0,0,0,66
2025-09-29T06:04:41.732Z,60.2,21.1,1.924,49.6,0,59.9,0,0,0,0,0,0,0,0,66
2025-09-29T06:04:42.730Z,60.2,21.1,1.924,50.4,0,59.9,0,0,0,0,0,0,0,0,66
2025-09-29T06:04:43.727Z,60.2,21.1,1.924,49.6,0,59.9,0,0,0,0,0,0,0,0,66
2025-09-29T06:04:44.732Z,60.2,21.1,1.924,50.4,0,59.9,0,0,0,0,0,0,0,0,66
2025-09-29T06:04:45.729Z,60.2,21.1,1.924,49.6,0,59.9,0,0,0,0,0,0,0,0,66
2025-09-29T06:04:46.733Z,60.2,21.1,1.924,50.4,0,59.9,0,0,0,0,0,0,0,0,66
2025-09-29T06:04:47.737Z,60.2,21.1,1.924,49.6,0,59.9,0,0,0,0,0,0,0,0,66
2025-09-29T06:04:48.737Z,60.2,21.1,1.924,50.4,0,59.9,0,0,0,0,0,0,0,0,66
2025-09-29T06:04:49.742Z,60.2,21.1,1.924,49.6,0,59.9,0,0,0,0,0,0,0,0,66
2025-09-29T06:04:50.736Z,60.2,21.1,1.924,50.4,0,59.9,0,0,0,0,0,0,0,0,66
2025-09-29T06:04:51.738Z,60.2,21.1,1.924,49.6,0,59.9,0,0,0,0,0,0,0,0,66
2025-09-29T06:04:52.739Z,60.2,21.1,1.924,49.6,0,59.9,0,0,0,0,0,0,0,0,66
2025-09-29T06:04:53.737Z,60.2,21.1,1.924,50.4,0,59.9,0,0,0,0,0,0,0,0,66
2025-09-29T06:04:54.742Z,60.2,21.1,1.924,49.6,0,59.9,0,0,0,0,0,0,0,0,66
2025-09-29T06:04:55.742Z,60.1,21.1,1.924,50.4,0,59.9,0,0,0,0,0,0,0,0,66
2025-09-29T06:04:56.753Z,60.1,21.1,1.925,49.6,0,59.9,0,0,0,0,0,0,0,0,66
2025-09-29T06:04:57.748Z,60.1,21.1,1.924,49.6,0,59.9,0,0,0,0,0,0,0,0,66
2025-09-29T06:04:58.752Z,60.1,21.1,1.925,49.6,0,59.9,0,0,0,0,0,0,0,0,66
2025-09-29T06:04:59.743Z,60.1,21.1,1.924,50.4,0,59.9,0,0,0,0,0,0,0,0,66
2025-09-29T06:05:00.743Z,60.1,21.1,1.924,49.6,0,59.9,0,0,0,0,0,0,0,0,66
2025-09-29T06:05:01.745Z,60.1,21.1,1.924,50.4,0,59.9,0,0,0,0,0,0,0,0,66
2025-09-29T06:05:02.747Z,60.1,21.1,1.924,49.6,0,59.9,0,0,0,0,0,0,0,0,66
2025-09-29T06:05:03.749Z,60.1,21.1,1.924,50.4,0,59.9,0,0,0,0,0,0,0,0,66
2025-09-29T06:05:04.751Z,60.1,21.1,1.924,49.6,0,59.9,0,0,0,0,0,0,0,0,66
2025-09-29T06:05:05.748Z,60.1,21.1,1.924,49.6,0,59.9,0,0,0,0,0,0,0,0,66
2025-09-29T06:05:06.750Z,60.1,21.1,1.925,50.4,0,59.9,0,0,0,0,0,0,0,0,66
2025-09-29T06:05:07.753Z,60.1,21.1,1.925,49.6,0,59.9,0,0,0,0,0,0,0,0,66
2025-09-29T06:05:08.753Z,60.1,21.1,1.925,50.4,0,59.9,0,0,0,0,0,0,0,0,66
2025-09-29T06:05:09.755Z,60.1,21.1,1.926,50.4,0,59.9,0,0,0,0,0,0,0,0,66
2025-09-29T06:05:10.753Z,60.1,21.1,1.925,49.6,0,59.9,0,0,0,0,0,0,0,0,66
2025-09-29T06:05:11.755Z,60.1,21.1,1.925,50.4,0,59.9,0,0,0,0,0,0,0,0,66
2025-09-29T06:05:12.756Z,60.1,21.1,1.925,49.6,0,59.9,0,0,0,0,0,0,0,0,66
2025-09-29T06:05:13.758Z,60.1,21.1,1.925,50.4,0,59.9,0,0,0,0,0,0,0,0,66
2025-09-29T06:05:14.756Z,60.1,21.1,1.925,49.6,0,59.9,0,0,0,0,0,0,0,0,66
2025-09-29T06:05:15.756Z,60,21.1,1.925,50.4,0,59.9,0,0,0,0,0,0,0,0,66
2025-09-29T06:05:16.760Z,60,21.1,1.925,49.6,0,59.9,0,0,0,0,0,0,0,0,66
2025-09-29T06:05:17.758Z,60,21.1,1.925,50.4,0,59.9,0,0,0,0,0,0,0,0,66
2025-09-29T06:05:18.761Z,60,21.1,1.925,49.6,0,59.9,0,0,0,0,0,0,0,0,66
2025-09-29T06:05:19.761Z,60,21.1,1.925,50.4,0,59.9,0,0,0,0,0,0,0,0,66
2025-09-29T06:05:20.764Z,60,21.1,1.926,49.6,0,59.9,0,0,0,0,0,0,0,0,66
2025-09-29T06:05:21.762Z,60,21.1,1.925,50.4,0,59.9,0,0,0,0,0,0,0,0,66
2025-09-29T06:05:22.767Z,60,21.1,1.926,49.6,0,59.9,0,0,0,0,0,0,0,0,66
2025-09-29T06:05:23.768Z,60,21.1,1.926,49.6,0,59.9,0,0,0,0,0,0,0,0,66
2025-09-29T06:05:24.773Z,60,21.1,1.926,50.4,0,59.9,0,0,0,0,0,0,0,0,66
2025-09-29T06:05:25.767Z,60,21.1,1.926,49.6,0,59.9,0,0,0,0,0,0,0,0,66
2025-09-29T06:05:26.767Z,60,21.1,1.925,50.4,0,59.9,0,0,0,0,0,0,0,0,66
2025-09-29T06:05:27.769Z,60,21.1,1.926,49.6,0,59.9,0,0,0,0,0,0,0,0,66
2025-09-29T06:05:28.770Z,60,21.1,1.926,50.4,0,59.9,0,0,0,0,0,0,0,0,66
2025-09-29T06:05:29.771Z,60,21.1,1.926,49.6,0,59.9,0,0,0,0,0,0,0,0,66
2025-09-29T06:05:30.770Z,60,21.1,1.926,50.4,0,59.9,0,0,0,0,0,0,0,0,66
2025-09-29T06:05:31.774Z,60,21.1,1.926,49.6,0,59.9,0,0,0,0,0,0,0,0,66
2025-09-29T06:05:32.775Z,60,21.1,1.926,50.4,0,59.9,0,0,0,0,0,0,0,0,66
2025-09-29T06:05:33.776Z,60,21.1,1.926,49.6,0,59.9,0,0,0,0,0,0,0,0,66
2025-09-29T06:05:34.775Z,60,21.1,1.926,50.4,0,59.9,0,0,0,0,0,0,0,0,66
2025-09-29T06:05:35.775Z,60,21.1,1.926,49.6,0,59.9,0,0,0,0,0,0,0,0,66
2025-09-29T06:05:36.776Z,59.9,21.1,1.926,50.4,0,59.9,0,0,0,0,0,0,0,0,66
2025-09-29T06:05:37.781Z,60,21.1,1.926,49.6,0,59.9,0,0,0,0,0,0,0,0,66
2025-09-29T06:05:38.780Z,59.9,21.1,1.926,50.4,0,59.9,0,0,0,0,0,0,0,0,66
2025-09-29T06:05:39.779Z,59.9,21.1,1.926,49.6,0,59.9,0,0,0,0,0,0,0,0,66
2025-09-29T06:05:40.779Z,59.9,21.1,1.926,50.4,0,59.9,0,0,0,0,0,0,0,0,66
2025-09-29T06:05:41.780Z,59.9,21.1,1.926,49.6,0,59.9,0,0,0,0,0,0,0,0,66
2025-09-29T06:05:42.787Z,59.9,21.1,1.926,49.6,0,59.9,0,0,0,0,0,0,0,0,66
2025-09-29T06:05:43.783Z,59.9,21.1,1.926,50.4,0,59.9,0,0,0,0,0,0,0,0,66
2025-09-29T06:05:44.783Z,59.9,21.1,1.926,49.6,0,59.9,0,0,0,0,0,0,0,0,66
2025-09-29T06:05:45.783Z,59.9,21.1,1.926,50.4,0,59.9,0,0,0,0,0,0,0,0,66
2025-09-29T06:05:46.791Z,59.9,21.1,1.926,49.6,0,59.9,0,0,0,0,0,0,0,0,66
2025-09-29T06:05:47.789Z,59.9,21.1,1.926,50.4,0,59.9,0,0,0,0,0,0,0,0,66
2025-09-29T06:05:48.790Z,59.9,21.1,1.926,49.6,0,59.9,0,0,0,0,0,0,0,0,66
2025-09-29T06:05:49.792Z,59.9,21.1,1.926,50.4,0,59.9,0,0,0,0,0,0,0,0,66
2025-09-29T06:05:50.791Z,59.9,21.1,1.926,49.6,0,59.9,0,0,0,0,0,0,0,0,66
2025-09-29T06:05:51.794Z,59.9,21.1,1.926,50.4,0,59.9,0,0,0,0,0,0,0,0,66
2025-09-29T06:05:52.795Z,59.9,21.1,1.925,49.6,0,60,0,0,0,0,0,0,0,0,66
2025-09-29T06:05:53.794Z,59.9,21.1,1.926,49.6,0,59.9,0,0,0,0,0,0,0,0,66
2025-09-29T06:05:54.797Z,59.9,21.1,1.926,50.4,0,59.9,0,0,0,0,0,0,0,0,66
2025-09-29T06:05:55.793Z,59.9,21.1,1.926,49.6,0,59.9,0,0,0,0,0,0,0,0,66
2025-09-29T06:05:56.799Z,59.9,21.1,1.926,50.4,0,59.9,0,0,0,0,0,0,0,0,66
2025-09-29T06:05:57.798Z,59.9,21.1,1.925,49.6,0,59.9,0,0,0,0,0,0,0,0,66
2025-09-29T06:05:58.800Z,59.9,21.1,1.926,50.4,0,59.9,0,0,0,0,0,0,0,0,66
2025-09-29T06:05:59.797Z,59.9,21.1,1.926,49.6,0,60,0,0,0,0,0,0,0,0,66
2025-09-29T06:06:00.797Z,59.9,21.1,1.926,50.4,0,59.9,0,0,0,0,0,0,0,0,66
2025-09-29T06:06:01.801Z,59.8,21.1,1.926,49.6,0,60,0,0,0,0,0,0,0,0,66
2025-09-29T06:06:02.801Z,59.8,21.1,1.926,50.4,0,60,0,0,0,0,0,0,0,0,66
2025-09-29T06:06:03.804Z,59.8,21.1,1.926,49.6,0,60,0,0,0,0,0,0,0,0,66
2025-09-29T06:06:04.806Z,59.8,21.1,1.926,50.4,0,60,0,0,0,0,0,0,0,0,66
2025-09-29T06:06:05.805Z,59.8,21.1,1.926,49.6,0,60,0,0,0,0,0,0,0,0,66
2025-09-29T06:06:06.807Z,59.8,21.1,1.926,50.4,0,60,0,0,0,0,0,0,0,0,66
2025-09-29T06:06:07.802Z,59.8,21.1,1.926,49.6,0,60,0,0,0,0,0,0,0,0,66
2025-09-29T06:06:08.809Z,59.8,21.1,1.926,50.4,0,60,0,0,0,0,0,0,0,0,66
2025-09-29T06:06:09.819Z,59.8,21.1,1.926,49.6,0,59.9,0,0,0,0,0,0,0,0,66
2025-09-29T06:06:10.811Z,59.8,21.1,1.926,49.6,0,60,0,0,0,0,0,0,0,0,66
2025-09-29T06:06:11.810Z,59.8,21.1,1.926,50.4,0,60,0,0,0,0,0,0,0,0,66
2025-09-29T06:06:12.814Z,59.8,21.1,1.926,49.6,0,60,0,0,0,0,0,0,0,0,66
2025-09-29T06:06:13.816Z,59.8,21.1,1.926,50.4,0,60,0,0,0,0,0,0,0,0,66
2025-09-29T06:06:14.815Z,59.8,21.1,1.926,49.6,0,60,0,0,0,0,0,0,0,0,66
2025-09-29T06:06:15.816Z,59.8,21.1,1.926,50.4,0,60,0,0,0,0,0,0,0,0,66
2025-09-29T06:06:16.817Z,59.8,21.1,1.926,49.6,0,60,0,0,0,0,0,0,0,0,66
2025-09-29T06:06:17.823Z,59.8,21.1,1.926,50.4,0,60,0,0,0,0,0,0,0,0,66
2025-09-29T06:06:18.814Z,59.8,21.1,1.926,49.6,0,60,0,0,0,0,0,0,0,0,66
2025-09-29T06:06:19.815Z,59.8,21.1,1.926,50.4,0,60,0,0,0,0,0,0,0,0,66
2025-09-29T06:06:20.822Z,59.8,21.1,1.926,49.6,0,60,0,0,0,0,0,0,0,0,66
2025-09-29T06:06:21.821Z,59.8,21.1,1.926,50.4,0,60,0,0,0,0,0,0,0,0,66
2025-09-29T06:06:22.824Z,59.8,21.1,1.926,49.6,0,60,0,0,0,0,0,0,0,0,66
2025-09-29T06:06:23.827Z,59.8,21.1,1.926,50.4,0,60,0,0,0,0,0,0,0,0,66
2025-09-29T06:06:24.826Z,59.8,21.1,1.926,49.6,0,60,0,0,0,0,0,0,0,0,66
2025-09-29T06:06:25.821Z,59.8,21.1,1.926,50.4,0,60,0,0,0,0,0,0,0,0,66
2025-09-29T06:06:26.826Z,59.8,21.1,1.926,49.6,0,60,0,0,0,0,0,0,0,0,66
2025-09-29T06:06:27.834Z,59.7,21.1,1.927,50.4,0,60,0,0,0,0,0,0,0,0,66
2025-09-29T06:06:28.826Z,59.7,21.1,1.926,49.6,0,60,0,0,0,0,0,0,0,0,66
2025-09-29T06:06:29.828Z,59.7,21.1,1.926,50.4,0,60,0,0,0,0,0,0,0,0,66
2025-09-29T06:06:30.827Z,59.7,21.1,1.926,49.6,0,60,0,0,0,0,0,0,0,0,66
2025-09-29T06:06:31.827Z,59.7,21.1,1.926,50.4,0,60,0,0,0,0,0,0,0,0,66
2025-09-29T06:06:32.834Z,59.7,21.1,1.926,49.6,0,60,0,0,0,0,0,0,0,0,66
2025-09-29T06:06:33.832Z,59.7,21.1,1.926,50.4,0,60,0,0,0,0,0,0,0,0,66
2025-09-29T06:06:34.830Z,59.7,21.1,1.926,49.6,0,60,0,0,0,0,0,0,0,0,66
2025-09-29T06:06:35.830Z,59.7,21.1,1.926,49.6,0,60,0,0,0,0,0,0,0,0,66
2025-09-29T06:06:36.831Z,59.7,21.1,1.926,50.4,0,60,0,0,0,0,0,0,0,0,66
2025-09-29T06:06:37.835Z,59.7,21.1,1.926,49.6,0,60,0,0,0,0,0,0,0,0,66
2025-09-29T06:06:38.836Z,59.7,21.1,1.926,50.4,0,60,0,0,0,0,0,0,0,0,66
2025-09-29T06:06:39.837Z,59.7,21.1,1.926,49.6,0,60,0,0,0,0,0,0,0,0,66
2025-09-29T06:06:40.840Z,59.7,21.1,1.926,50.4,0,60,0,0,0,0,0,0,0,0,66
2025-09-29T06:06:41.838Z,59.7,21.1,1.926,49.6,0,60,0,0,0,0,0,0,0,0,66
2025-09-29T06:06:42.841Z,59.7,21.1,1.926,50.4,0,60,0,0,0,0,0,0,0,0,66
2025-09-29T06:06:43.842Z,59.7,21.1,1.926,49.6,0,60,0,0,0,0,0,0,0,0,66
2025-09-29T06:06:44.846Z,59.7,21.1,1.927,50.4,0,60,0,0,0,0,0,0,0,0,66
2025-09-29T06:06:45.846Z,59.7,21.1,1.927,49.6,0,60,0,0,0,0,0,0,0,0,66
2025-09-29T06:06:46.842Z,59.7,21.1,1.926,50.4,0,60,0,0,0,0,0,0,0,0,66
2025-09-29T06:06:47.843Z,59.7,21.1,1.926,49.6,0,60,0,0,0,0,0,0,0,0,66
2025-09-29T06:06:48.847Z,59.7,21.1,1.927,50.4,0,60,0,0,0,0,0,0,0,0,66
2025-09-29T06:06:49.849Z,59.7,21.1,1.927,49.6,0,60,0,0,0,0,0,0,0,0,66
2025-09-29T06:06:50.847Z,59.6,21.1,1.926,50.4,0,60,0,0,0,0,0,0,0,0,66
2025-09-29T06:06:51.849Z,59.6,21.1,1.927,49.6,0,60,0,0,0,0,0,0,0,0,66
2025-09-29T06:06:52.850Z,59.6,21.1,1.927,50.4,0,60,0,0,0,0,0,0,0,0,66
2025-09-29T06:06:53.857Z,59.6,21.1,1.927,49.6,0,60,0,0,0,0,0,0,0,0,66
2025-09-29T06:06:54.851Z,59.6,21.1,1.927,50.4,0,60,0,0,0,0,0,0,0,0,66
2025-09-29T06:06:55.852Z,59.6,21.1,1.927,49.6,0,60,0,0,0,0,0,0,0,0,66
2025-09-29T06:06:56.855Z,59.6,21.1,1.927,50.4,0,60,0,0,0,0,0,0,0,0,66
2025-09-29T06:06:57.856Z,59.6,21.1,1.927,49.6,0,60,0,0,0,0,0,0,0,0,66
2025-09-29T06:06:58.856Z,59.6,21.1,1.927,50.4,0,60,0,0,0,0,0,0,0,0,66
2025-09-29T06:06:59.855Z,59.6,21.1,1.927,49.6,0,60,0,0,0,0,0,0,0,0,66
2025-09-29T06:07:00.856Z,59.6,21.1,1.927,50.4,0,60,0,0,0,0,0,0,0,0,66
2025-09-29T06:07:01.859Z,59.6,21.1,1.927,49.6,0,60,0,0,0,0,0,0,0,0,66
2025-09-29T06:07:02.856Z,59.6,21.1,1.926,49.6,0,60,0,0,0,0,0,0,0,0,66
2025-09-29T06:07:03.857Z,59.6,21.1,1.926,50.4,0,60,0,0,0,0,0,0,0,0,66
2025-09-29T06:07:04.860Z,59.6,21.1,1.927,49.6,0,60,0,0,0,0,0,0,0,0,66
2025-09-29T06:07:05.866Z,59.6,21.1,1.927,50.4,0,60,0,0,0,0,0,0,0,0,66
2025-09-29T06:07:06.862Z,59.6,21.1,1.927,49.6,0,60,0,0,0,0,0,0,0,0,66
2025-09-29T06:07:07.862Z,59.6,21.1,1.927,50.4,0,60,0,0,0,0,0,0,0,0,66
2025-09-29T06:07:08.867Z,59.6,21.1,1.928,49.6,0,60,0,0,0,0,0,0,0,0,66
2025-09-29T06:07:09.865Z,59.6,21.1,1.927,50.4,0,60,0,0,0,0,0,0,0,0,66
2025-09-29T06:07:10.864Z,59.6,21.1,1.928,49.6,0,60,0,0,0,0,0,0,0,0,66
2025-09-29T06:07:11.868Z,59.6,21.1,1.927,50.4,0,60,0,0,0,0,0,0,0,0,66
2025-09-29T06:07:12.870Z,59.6,21.1,1.928,49.6,0,60,0,0,0,0,0,0,0,0,66
2025-09-29T06:07:13.868Z,59.6,21.1,1.928,50.4,0,60,0,0,0,0,0,0,0,0,66
2025-09-29T06:07:14.869Z,59.6,21.1,1.928,49.6,0,60,0,0,0,0,0,0,0,0,66
2025-09-29T06:07:15.870Z,59.6,21.1,1.928,50.4,0,60,0,0,0,0,0,0,0,0,66
2025-09-29T06:07:16.877Z,59.6,21.1,1.928,49.6,0,60,0,0,0,0,0,0,0,0,66
2025-09-29T06:07:17.872Z,59.6,21.1,1.928,50.4,0,60,0,0,0,0,0,0,0,0,66
2025-09-29T06:07:18.875Z,59.5,21.1,1.928,49.6,0,60,0,0,0,0,0,0,0,0,66
2025-09-29T06:07:19.874Z,59.5,21.1,1.928,50.4,0,60,0,0,0,0,0,0,0,0,66
2025-09-29T06:07:20.877Z,59.5,21.1,1.928,49.6,0,60,0,0,0,0,0,0,0,0,66
2025-09-29T06:07:21.876Z,59.5,21.1,1.928,50.4,0,60,0,0,0,0,0,0,0,0,66
2025-09-29T06:07:22.877Z,59.5,21.1,1.928,49.6,0,60,0,0,0,0,0,0,0,0,66
2025-09-29T06:07:23.885Z,59.5,21.1,1.928,50.4,0,60,0,0,0,0,0,0,0,0,66
2025-09-29T06:07:24.878Z,59.5,21.1,1.928,49.6,0,60,0,0,0,0,0,0,0,0,66
2025-09-29T06:07:25.883Z,59.5,21.1,1.928,49.6,0,60,0,0,0,0,0,0,0,0,66
2025-09-29T06:07:26.889Z,59.5,21.1,1.928,50.4,0,60,0,0,0,0,0,0,0,0,66
2025-09-29T06:07:27.883Z,59.5,21.1,1.928,50.4,0,60,0,0,0,0,0,0,0,0,66
2025-09-29T06:07:28.886Z,59.5,21.1,1.928,49.6,0,60,0,0,0,0,0,0,0,0,66
2025-09-29T06:07:29.886Z,59.5,21.1,1.928,50.4,0,60,0,0,0,0,0,0,0,0,66
2025-09-29T06:07:30.884Z,59.5,21.1,1.928,49.6,0,60,0,0,0,0,0,0,0,0,66
2025-09-29T06:07:31.885Z,59.5,21.1,1.928,49.6,0,60,0,0,0,0,0,0,0,0,66
2025-09-29T06:07:32.886Z,59.5,21.1,1.928,49.6,0,60,0,0,0,0,0,0,0,0,66
2025-09-29T06:07:33.888Z,59.5,21.1,1.928,50.4,0,60,0,0,0,0,0,0,0,0,66
2025-09-29T06:07:34.883Z,59.5,21.1,1.928,49.6,0,60,0,0,0,0,0,0,0,0,66
2025-09-29T06:07:35.889Z,59.5,21.1,1.928,50.4,0,60,0,0,0,0,0,0,0,0,66
2025-09-29T06:07:36.893Z,59.5,21.1,1.928,49.6,0,60,0,0,0,0,0,0,0,0,66
2025-09-29T06:07:37.892Z,59.5,21.1,1.928,50.4,0,60,0,0,0,0,0,0,0,0,66
2025-09-29T06:07:38.889Z,59.5,21.1,1.929,49.6,0,60,0,0,0,0,0,0,0,0,66
2025-09-29T06:07:39.888Z,59.5,21.1,1.929,50.4,0,60,0,0,0,0,0,0,0,0,66
2025-09-29T06:07:40.892Z,59.5,21.1,1.928,49.6,0,60,0,0,0,0,0,0,0,0,66
2025-09-29T06:07:41.899Z,59.5,21.1,1.928,50.4,0,60,0,0,0,0,0,0,0,0,66
2025-09-29T06:07:42.898Z,59.5,21.1,1.929,49.6,0,60,0,0,0,0,0,0,0,0,66
2025-09-29T06:07:43.894Z,59.5,21.1,1.928,50.4,0,60,0,0,0,0,0,0,0,0,66
2025-09-29T06:07:44.900Z,59.5,21.1,1.928,49.6,0,60,0,0,0,0,0,0,0,0,66
2025-09-29T06:07:45.904Z,59.5,21.1,1.927,50.4,0,60,0,0,0,0,0,0,0,0,66
2025-09-29T06:07:46.905Z,59.5,21.1,1.928,49.6,0,60,0,0,0,0,0,0,0,0,66
2025-09-29T06:07:47.898Z,59.5,21.1,1.928,49.6,0,60,0,0,0,0,0,0,0,0,66
2025-09-29T06:07:48.903Z,59.5,21.1,1.928,50.4,0,60,0,0,0,0,0,0,0,0,66
2025-09-29T06:07:49.902Z,59.5,21.1,1.929,49.6,0,60,0,0,0,0,0,0,0,0,66
2025-09-29T06:07:50.911Z,59.5,21.1,1.927,50.4,0,60,0,0,0,0,0,0,0,0,66
2025-09-29T06:07:51.901Z,59.5,21.1,1.929,49.6,0,60,0,0,0,0,0,0,0,0,66
2025-09-29T06:07:52.904Z,59.5,21.1,1.929,50.4,0,60,0,0,0,0,0,0,0,0,66
2025-09-29T06:07:53.908Z,59.5,21.1,1.928,49.6,0,60,0,0,0,0,0,0,0,0,66
2025-09-29T06:07:54.907Z,59.5,21.1,1.928,50.4,0,60,0,0,0,0,0,0,0,0,66
2025-09-29T06:07:55.909Z,59.5,21.1,1.928,49.6,0,60,0,0,0,0,0,0,0,0,66
2025-09-29T06:07:56.908Z,59.5,21.1,1.928,50.4,0,60,0,0,0,0,0,0,0,0,66
2025-09-29T06:07:57.911Z,59.5,21.1,1.928,49.6,0,60,0,0,0,0,0,0,0,0,66
2025-09-29T06:07:58.906Z,59.5,21.1,1.929,50.4,0,60,0,0,0,0,0,0,0,0,66
2025-09-29T06:07:59.907Z,59.5,21.1,1.929,49.6,0,60,0,0,0,0,0,0,0,0,66
2025-09-29T06:08:00.911Z,59.5,21.1,1.928,50.4,0,60,0,0,0,0,0,0,0,0,66
2025-09-29T06:08:01.913Z,59.5,21.1,1.928,49.6,0,60,0,0,0,0,0,0,0,0,66
2025-09-29T06:08:02.917Z,59.5,21.1,1.928,50.4,0,60,0,0,0,0,0,0,0,0,66
2025-09-29T06:08:03.913Z,59.5,21.1,1.928,49.6,0,60,0,0,0,0,0,0,0,0,66
2025-09-29T06:08:04.916Z,59.5,21.1,1.928,50.4,0,60,0,0,0,0,0,0,0,0,66
2025-09-29T06:08:05.915Z,59.5,21.1,1.928,49.6,0,60,0,0,0,0,0,0,0,0,66
2025-09-29T06:08:06.919Z,59.5,21.1,1.928,50.4,0,60,0,0,0,0,0,0,0,0,66
2025-09-29T06:08:07.917Z,59.5,21.1,1.928,49.6,0,60,0,0,0,0,0,0,0,0,66
2025-09-29T06:08:08.915Z,59.5,21.1,1.928,50.4,0,60,0,0,0,0,0,0,0,0,66
2025-09-29T06:08:09.925Z,59.5,21.1,1.928,49.6,0,60,0,0,0,0,0,0,0,0,66
2025-09-29T06:08:10.920Z,59.5,21.1,1.928,50.4,0,60,0,0,0,0,0,0,0,0,66
2025-09-29T06:08:11.922Z,59.5,21.1,1.928,49.6,0,60,0,0,0,0,0,0,0,0,66
2025-09-29T06:08:12.919Z,59.5,21.1,1.928,50.4,0,60,0,0,0,0,0,0,0,0,66
2025-09-29T06:08:13.928Z,59.5,21.1,1.928,49.6,0,60,0,0,0,0,0,0,0,0,66
2025-09-29T06:08:14.926Z,59.5,21.1,1.928,50.4,0,60,0,0,0,0,0,0,0,0,66
2025-09-29T06:08:15.926Z,59.5,21.1,1.928,49.6,0,60,0,0,0,0,0,0,0,0,66
2025-09-29T06:08:16.926Z,59.5,21.1,1.928,49.6,0,60,0,0,0,0,0,0,0,0,66
2025-09-29T06:08:17.929Z,59.5,21.1,1.928,49.6,0,60,0,0,0,0,0,0,0,0,66
2025-09-29T06:08:18.929Z,59.5,21.1,1.928,50.4,0,60,0,0,0,0,0,0,0,0,66
2025-09-29T06:08:19.930Z,59.4,21.1,1.928,49.6,0,60,0,0,0,0,0,0,0,0,66
2025-09-29T06:08:20.931Z,59.4,21.1,1.928,50.4,0,60,0,0,0,0,0,0,0,0,66
2025-09-29T06:08:21.932Z,59.5,21.1,1.928,49.6,0,60,0,0,0,0,0,0,0,0,66
2025-09-29T06:08:22.933Z,59.5,21.1,1.928,50.4,0,60,0,0,0,0,0,0,0,0,66
2025-09-29T06:08:23.934Z,59.5,21.1,1.928,49.6,0,60,0,0,0,0,0,0,0,0,66
2025-09-29T06:08:24.938Z,59.5,21.1,1.928,50.4,0,60,0,0,0,0,0,0,0,0,66
2025-09-29T06:08:25.933Z,59.4,21.1,1.928,49.6,0,60,0,0,0,0,0,0,0,0,66
2025-09-29T06:08:26.937Z,59.5,21.1,1.928,49.6,0,60,0,0,0,0,0,0,0,0,66
2025-09-29T06:08:27.934Z,59.5,21.1,1.928,49.6,0,60,0,0,0,0,0,0,0,0,66
2025-09-29T06:08:28.939Z,59.5,21.1,1.928,50.4,0,60,0,0,0,0,0,0,0,0,66
2025-09-29T06:08:29.937Z,59.5,21.1,1.928,49.6,0,60,0,0,0,0,0,0,0,0,66
2025-09-29T06:08:30.944Z,59.5,21.1,1.929,50.4,0,60,0,0,0,0,0,0,0,0,66
2025-09-29T06:08:31.939Z,59.4,21.1,1.928,49.6,0,60,0,0,0,0,0,0,0,0,66
2025-09-29T06:08:32.944Z,59.4,21.1,1.928,50.4,0,60,0,0,0,0,0,0,0,0,66
2025-09-29T06:08:33.941Z,59.4,21.1,1.928,49.6,0,60,0,0,0,0,0,0,0,0,66
2025-09-29T06:08:34.942Z,59.4,21.1,1.928,50.4,0,60,0,0,0,0,0,0,0,0,66
2025-09-29T06:08:35.948Z,59.4,21.1,1.929,49.6,0,60,0,0,0,0,0,0,0,0,66
2025-09-29T06:08:36.948Z,59.4,21.1,1.928,50.4,0,60,0,0,0,0,0,0,0,0,66
2025-09-29T06:08:37.952Z,59.4,21.1,1.929,49.6,0,60,0,0,0,0,0,0,0,0,66
2025-09-29T06:08:38.948Z,59.4,21.1,1.928,50.4,0,60,0,0,0,0,0,0,0,0,66
2025-09-29T06:08:39.947Z,59.4,21.1,1.928,49.6,0,60,0,0,0,0,0,0,0,0,66
2025-09-29T06:08:40.952Z,59.4,21.1,1.929,50.4,0,60,0,0,0,0,0,0,0,0,66
2025-09-29T06:08:41.950Z,59.4,21.1,1.929,49.6,0,60,0,0,0,0,0,0,0,0,66
2025-09-29T06:08:42.952Z,59.4,21.1,1.929,50.4,0,60,0,0,0,0,0,0,0,0,66
2025-09-29T06:08:43.949Z,59.4,21.1,1.928,49.6,0,60,0,0,0,0,0,0,0,0,66
2025-09-29T06:08:44.955Z,59.4,21.1,1.929,50.4,0,60,0,0,0,0,0,0,0,0,66
2025-09-29T06:08:45.958Z,59.4,21.1,1.929,49.6,0,60,0,0,0,0,0,0,0,0,66
2025-09-29T06:08:46.954Z,59.4,21.1,1.928,50.4,0,60,0,0,0,0,0,0,0,0,66
2025-09-29T06:08:47.955Z,59.4,21.1,1.928,49.6,0,60,0,0,0,0,0,0,0,0,66
2025-09-29T06:08:48.960Z,59.4,21.1,1.929,50.4,0,60,0,0,0,0,0,0,0,0,66
2025-09-29T06:08:49.958Z,59.4,21.1,1.929,49.6,0,60,0,0,0,0,0,0,0,0,66
2025-09-29T06:08:50.960Z,59.4,21.1,1.929,50.4,0,60,0,0,0,0,0,0,0,0,66
2025-09-29T06:08:51.960Z,59.4,21.1,1.929,49.6,0,60,0,0,0,0,0,0,0,0,66
2025-09-29T06:08:52.961Z,59.4,21.1,1.929,49.6,0,60,0,0,0,0,0,0,0,0,66
2025-09-29T06:08:53.965Z,59.4,21.1,1.929,50.4,0,60,0,0,0,0,0,0,0,0,66
2025-09-29T06:08:54.963Z,59.4,21.1,1.929,49.6,0,60,0,0,0,0,0,0,0,0,66
2025-09-29T06:08:55.963Z,59.4,21.1,1.929,50.4,0,60,0,0,0,0,0,0,0,0,66
2025-09-29T06:08:56.965Z,59.4,21.1,1.929,49.6,0,60,0,0,0,0,0,0,0,0,66
2025-09-29T06:08:57.966Z,59.4,21.1,1.929,50.4,0,60,0,0,0,0,0,0,0,0,66
2025-09-29T06:08:58.962Z,59.4,21.1,1.929,49.6,0,60,0,0,0,0,0,0,0,0,66
2025-09-29T06:08:59.962Z,59.4,21.1,1.929,50.4,0,60,0,0,0,0,0,0,0,0,66
2025-09-29T06:09:00.968Z,59.4,21.1,1.929,49.6,0,60,0,0,0,0,0,0,0,0,66
2025-09-29T06:09:01.968Z,59.4,21.1,1.929,50.4,0,60,0,0,0,0,0,0,0,0,66
2025-09-29T06:09:02.967Z,59.4,21.1,1.928,49.6,0,60,0,0,0,0,0,0,0,0,66
2025-09-29T06:09:03.975Z,59.4,21.1,1.929,50.4,0,60,0,0,0,0,0,0,0,0,66
2025-09-29T06:09:04.972Z,59.4,21.1,1.929,49.6,0,60,0,0,0,0,0,0,0,0,66
2025-09-29T06:09:05.972Z,59.4,21.1,1.929,50.4,0,60,0,0,0,0,0,0,0,0,66
2025-09-29T06:09:06.975Z,59.4,21.1,1.929,49.6,0,60,0,0,0,0,0,0,0,0,66
2025-09-29T06:09:07.979Z,59.4,21.1,1.929,50.4,0,60,0,0,0,0,0,0,0,0,66
2025-09-29T06:09:08.974Z,59.4,21.1,1.929,49.6,0,60,0,0,0,0,0,0,0,0,66
2025-09-29T06:09:09.981Z,59.4,21.1,1.928,50.4,0,60,0,0,0,0,0,0,0,0,66
2025-09-29T06:09:10.974Z,59.4,21.1,1.929,49.6,0,60,0,0,0,0,0,0,0,0,66
2025-09-29T06:09:11.979Z,59.4,21.1,1.928,50.4,0,60,0,0,0,0,0,0,0,0,66
2025-09-29T06:09:12.980Z,59.4,21.1,1.929,49.6,0,60,0,0,0,0,0,0,0,0,66
2025-09-29T06:09:13.978Z,59.4,21.1,1.929,50.4,0,60,0,0,0,0,0,0,0,0,66
2025-09-29T06:09:14.980Z,59.5,21.1,1.929,49.6,0,60,0,0,0,0,0,0,0,0,66
2025-09-29T06:09:15.984Z,59.5,21.1,1.929,49.6,0,60,0,0,0,0,0,0,0,0,66
2025-09-29T06:09:16.986Z,59.5,21.1,1.929,49.6,0,60,0,0,0,0,0,0,0,0,66
2025-09-29T06:09:17.984Z,59.5,21.1,1.928,50.4,0,60,0,0,0,0,0,0,0,0,66
2025-09-29T06:09:18.984Z,59.5,21.1,1.928,49.6,0,60,0,0,0,0,0,0,0,0,66
2025-09-29T06:09:19.990Z,59.5,21.1,1.928,50.4,0,60,0,0,0,0,0,0,0,0,66
2025-09-29T06:09:20.987Z,59.5,21.1,1.928,49.6,0,60,0,0,0,0,0,0,0,0,66
2025-09-29T06:09:21.994Z,59.5,21.1,1.927,50.4,0,60,0,0,0,0,0,0,0,0,66
2025-09-29T06:09:22.986Z,59.5,21.1,1.928,49.6,0,60,0,0,0,0,0,0,0,0,66
2025-09-29T06:09:23.989Z,59.5,21.1,1.928,50.4,0,60,0,0,0,0,0,0,0,0,66
2025-09-29T06:09:24.991Z,59.5,21.1,1.928,49.6,0,60,0,0,0,0,0,0,0,0,66
2025-09-29T06:09:25.993Z,59.5,21.1,1.928,50.4,0,60,0,0,0,0,0,0,0,0,66
2025-09-29T06:09:26.992Z,59.5,21.1,1.928,49.6,0,60,0,0,0,0,0,0,0,0,66
2025-09-29T06:09:27.992Z,59.5,21.1,1.928,50.4,0,60,0,0,0,0,0,0,0,0,66
2025-09-29T06:09:28.993Z,59.5,21.1,1.928,49.6,0,60,0,0,0,0,0,0,0,0,66
2025-09-29T06:09:29.997Z,59.5,21.1,1.928,50.4,0,60,0,0,0,0,0,0,0,0,66
2025-09-29T06:09:30.997Z,59.5,21.1,1.928,49.6,0,60,0,0,0,0,0,0,0,0,66
2025-09-29T06:09:31.995Z,59.5,21.1,1.928,50.4,0,60,0,0,0,0,0,0,0,0,66
2025-09-29T06:09:32.994Z,59.5,21.1,1.928,49.6,0,60,0,0,0,0,0,0,0,0,66
2025-09-29T06:09:34.000Z,59.5,21.1,1.926,50.4,0,60,0,0,0,0,0,0,0,0,66
2025-09-29T06:09:35.001Z,59.5,21.1,1.927,49.6,0,60,0,0,0,0,0,0,0,0,66
2025-09-29T06:09:36.002Z,59.5,21.1,1.927,49.6,0,60,0,0,0,0,0,0,0,0,66
2025-09-29T06:09:36.998Z,59.5,21.1,1.928,50.4,0,60,0,0,0,0,0,0,0,0,66
2025-09-29T06:09:38.000Z,59.5,21.1,1.927,49.6,0,60,0,0,0,0,0,0,0,0,66
2025-09-29T06:09:39.006Z,59.6,21.1,1.926,49.6,0,60,0,0,0,0,0,0,0,0,66
2025-09-29T06:09:39.999Z,59.6,21.1,1.928,50.4,0,60,0,0,0,0,0,0,0,0,66
2025-09-29T06:09:41.012Z,59.6,21.1,1.926,49.6,0,60,0,0,0,0,0,0,0,0,66
2025-09-29T06:09:42.007Z,59.6,21.1,1.926,50.4,0,60,0,0,0,0,0,0,0,0,66
2025-09-29T06:09:43.007Z,59.6,21.1,1.926,49.6,0,60,0,0,0,0,0,0,0,0,66
2025-09-29T06:09:44.007Z,59.6,21.1,1.927,50.4,0,60,0,0,0,0,0,0,0,0,66
2025-09-29T06:09:45.011Z,59.6,21.1,1.926,49.6,0,60,0,0,0,0,0,0,0,0,66
2025-09-29T06:09:46.013Z,59.6,21.1,1.926,50.4,0,60,0,0,0,0,0,0,0,0,66
2025-09-29T06:09:47.011Z,59.6,21.1,1.926,49.6,0,60,0,0,0,0,0,0,0,0,66
2025-09-29T06:09:48.013Z,59.6,21.1,1.926,50.4,0,60,0,0,0,0,0,0,0,0,66
2025-09-29T06:09:49.010Z,59.6,21.1,1.927,49.6,0,60,0,0,0,0,0,0,0,0,66
2025-09-29T06:09:50.016Z,59.6,21.1,1.926,50.4,0,60,0,0,0,0,0,0,0,0,66
2025-09-29T06:09:51.015Z,59.6,21.1,1.926,49.6,0,60,0,0,0,0,0,0,0,0,66
2025-09-29T06:09:52.017Z,59.6,21.1,1.926,50.4,0,60,0,0,0,0,0,0,0,0,66
2025-09-29T06:09:53.021Z,59.6,21.1,1.926,49.6,0,60,0,0,0,0,0,0,0,0,66
2025-09-29T06:09:54.018Z,59.6,21.1,1.926,50.4,0,60,0,0,0,0,0,0,0,0,66
2025-09-29T06:09:55.019Z,59.6,21.1,1.926,49.6,0,60,0,0,0,0,0,0,0,0,66
2025-09-29T06:09:56.020Z,59.6,21.1,1.926,50.4,0,60,0,0,0,0,0,0,0,0,66
2025-09-29T06:09:57.026Z,59.6,21.1,1.926,49.6,0,60,0,0,0,0,0,0,0,0,66
2025-09-29T06:09:58.027Z,59.6,21.1,1.926,50.4,0,60,0,0,0,0,0,0,0,0,66
2025-09-29T06:09:59.020Z,59.6,21.1,1.926,49.6,0,60,0,0,0,0,0,0,0,0,66
2025-09-29T06:10:00.022Z,59.6,21.1,1.926,50.4,0,60,0,0,0,0,0,0,0,0,66
2025-09-29T06:10:01.023Z,59.6,21.1,1.926,49.6,0,60,0,0,0,0,0,0,0,0,66
2025-09-29T06:10:02.027Z,59.7,21.1,1.926,50.4,0,60,0,0,0,0,0,0,0,0,66
2025-09-29T06:10:03.025Z,59.7,21.1,1.926,49.6,0,60,0,0,0,0,0,0,0,0,66
2025-09-29T06:10:04.024Z,59.7,21.1,1.926,50.4,0,60,0,0,0,0,0,0,0,0,66
2025-09-29T06:10:05.031Z,59.7,21.1,1.926,49.6,0,60,0,0,0,0,0,0,0,0,66
2025-09-29T06:10:06.032Z,59.7,21.1,1.926,50.4,0,60,0,0,0,0,0,0,0,0,66
2025-09-29T06:10:07.027Z,59.7,21.1,1.926,49.6,0,60,0,0,0,0,0,0,0,0,66
2025-09-29T06:10:08.029Z,59.7,21.1,1.926,49.6,0,60,0,0,0,0,0,0,0,0,66
2025-09-29T06:10:09.034Z,59.7,21.1,1.926,49.6,0,60,0,0,0,0,0,0,0,0,66
2025-09-29T06:10:10.028Z,59.7,21.1,1.926,50.4,0,60,0,0,0,0,0,0,0,0,66
2025-09-29T06:10:11.031Z,59.7,21.1,1.926,49.6,0,60,0,0,0,0,0,0,0,0,66
2025-09-29T06:10:12.029Z,59.7,21.1,1.926,50.4,0,60,0,0,0,0,0,0,0,0,66
2025-09-29T06:10:13.035Z,59.7,21.1,1.926,49.6,0,60,0,0,0,0,0,0,0,0,66
2025-09-29T06:10:14.030Z,59.7,21.1,1.926,50.4,0,60,0,0,0,0,0,0,0,0,66
2025-09-29T06:10:15.030Z,59.7,21.1,1.926,49.6,0,60,0,0,0,0,0,0,0,0,66
2025-09-29T06:10:16.034Z,59.7,21.1,1.926,50.4,0,60,0,0,0,0,0,0,0,0,66
2025-09-29T06:10:17.035Z,59.7,21.1,1.926,49.6,0,60,0,0,0,0,0,0,0,0,66
2025-09-29T06:10:18.036Z,59.7,21.1,1.926,50.4,0,60,0,0,0,0,0,0,0,0,66
2025-09-29T06:10:19.037Z,59.7,21.1,1.926,49.6,0,60,0,0,0,0,0,0,0,0,66
2025-09-29T06:10:20.035Z,59.7,21.1,1.926,50.4,0,60,0,0,0,0,0,0,0,0,66
2025-09-29T06:10:21.036Z,59.8,21.1,1.926,49.6,0,60,0,0,0,0,0,0,0,0,66
2025-09-29T06:10:22.042Z,59.8,21.1,1.926,50.4,0,60,0,0,0,0,0,0,0,0,66
2025-09-29T06:10:23.039Z,59.8,21.1,1.926,49.6,0,60,0,0,0,0,0,0,0,0,66
2025-09-29T06:10:24.040Z,59.8,21.1,1.926,50.4,0,60,0,0,0,0,0,0,0,0,66
2025-09-29T06:10:25.043Z,59.8,21.1,1.926,49.6,0,60,0,0,0,0,0,0,0,0,66
2025-09-29T06:10:26.046Z,59.8,21.1,1.926,50.4,0,60,0,0,0,0,0,0,0,0,66
2025-09-29T06:10:27.045Z,59.8,21.1,1.926,49.6,0,60,0,0,0,0,0,0,0,0,66
2025-09-29T06:10:28.045Z,59.8,21.1,1.926,49.6,0,60,0,0,0,0,0,0,0,0,66
2025-09-29T06:10:29.042Z,59.8,21.1,1.926,49.6,0,60,0,0,0,0,0,0,0,0,66
2025-09-29T06:10:30.045Z,59.8,21.1,1.926,50.4,0,60,0,0,0,0,0,0,0,0,66
2025-09-29T06:10:31.044Z,59.8,21.1,1.926,49.6,0,60,0,0,0,0,0,0,0,0,66
2025-09-29T06:10:32.045Z,59.8,21.1,1.926,50.4,0,60,0,0,0,0,0,0,0,0,66
2025-09-29T06:10:33.047Z,59.8,21.1,1.926,49.6,0,60,0,0,0,0,0,0,0,0,66
2025-09-29T06:10:34.046Z,59.8,21.1,1.926,50.4,0,60,0,0,0,0,0,0,0,0,66
2025-09-29T06:10:35.048Z,59.8,21.1,1.926,49.6,0,60,0,0,0,0,0,0,0,0,66
2025-09-29T06:10:36.050Z,59.8,21.1,1.925,50.4,0,60,0,0,0,0,0,0,0,0,66
2025-09-29T06:10:37.051Z,59.8,21.1,1.926,49.6,0,60,0,0,0,0,0,0,0,0,66
2025-09-29T06:10:38.050Z,59.9,21.1,1.926,50.4,0,60,0,0,0,0,0,0,0,0,66
2025-09-29T06:10:39.049Z,59.9,21.1,1.926,49.6,0,60,0,0,0,0,0,0,0,0,66
2025-09-29T06:10:40.055Z,59.9,21.1,1.926,50.4,0,60,0,0,0,0,0,0,0,0,66
2025-09-29T06:10:41.058Z,59.9,21.1,1.926,49.6,0,60,0,0,0,0,0,0,0,0,66
2025-09-29T06:10:42.058Z,59.9,21.1,1.926,50.4,0,60,0,0,0,0,0,0,0,0,66
2025-09-29T06:10:43.053Z,59.9,21.1,1.925,49.6,0,60,0,0,0,0,0,0,0,0,66
2025-09-29T06:10:44.059Z,59.9,21.1,1.926,50.4,0,60,0,0,0,0,0,0,0,0,66
2025-09-29T06:10:45.055Z,59.9,21.1,1.925,49.6,0,60,0,0,0,0,0,0,0,0,66
2025-09-29T06:10:46.055Z,59.9,21.1,1.925,50.4,0,60,0,0,0,0,0,0,0,0,66
2025-09-29T06:10:47.055Z,59.9,21.1,1.925,49.6,0,60,0,0,0,0,0,0,0,0,66
2025-09-29T06:10:48.056Z,59.9,21.1,1.925,50.4,0,60,0,0,0,0,0,0,0,0,66
2025-09-29T06:10:49.058Z,59.9,21.1,1.925,49.6,0,60,0,0,0,0,0,0,0,0,66
2025-09-29T06:10:50.057Z,59.9,21.1,1.925,50.4,0,60,0,0,0,0,0,0,0,0,66
2025-09-29T06:10:51.058Z,59.9,21.1,1.925,49.6,0,60,0,0,0,0,0,0,0,0,66
2025-09-29T06:10:52.058Z,59.9,21.1,1.925,50.4,0,60,0,0,0,0,0,0,0,0,66
2025-09-29T06:10:53.065Z,59.9,21.1,1.926,49.6,0,60,0,0,0,0,0,0,0,0,66
2025-09-29T06:10:54.064Z,59.9,21.1,1.926,50.4,0,60,0,0,0,0,0,0,0,0,66
2025-09-29T06:10:55.065Z,60,21.1,1.926,49.6,0,60,0,0,0,0,0,0,0,0,66
2025-09-29T06:10:56.064Z,60,21.1,1.926,50.4,0,60,0,0,0,0,0,0,0,0,66
2025-09-29T06:10:57.065Z,60,21.1,1.926,49.6,0,60,0,0,0,0,0,0,0,0,66
2025-09-29T06:10:58.068Z,60,21.1,1.926,49.6,0,60,0,0,0,0,0,0,0,0,66
2025-09-29T06:10:59.065Z,60,21.1,1.926,49.6,0,60,0,0,0,0,0,0,0,0,66
2025-09-29T06:11:00.067Z,60,21.1,1.926,50.4,0,60,0,0,0,0,0,0,0,0,66
2025-09-29T06:11:01.069Z,60,21.1,1.926,49.6,0,60,0,0,0,0,0,0,0,0,66
2025-09-29T06:11:02.068Z,60,21.1,1.926,50.4,0,60,0,0,0,0,0,0,0,0,66
2025-09-29T06:11:03.067Z,60,21.1,1.926,49.6,0,60,0,0,0,0,0,0,0,0,66
2025-09-29T06:11:04.066Z,60,21.1,1.926,50.4,0,60,0,0,0,0,0,0,0,0,66
2025-09-29T06:11:05.070Z,60,21.1,1.926,49.6,0,60,0,0,0,0,0,0,0,0,66
2025-09-29T06:11:06.075Z,60,21.1,1.926,49.6,0,60,0,0,0,0,0,0,0,0,66
2025-09-29T06:11:07.073Z,60,21.1,1.926,49.6,0,60,0,0,0,0,0,0,0,0,66
2025-09-29T06:11:08.075Z,60.1,21.1,1.926,50.4,0,60,0,0,0,0,0,0,0,0,66
2025-09-29T06:11:09.077Z,60.1,21.1,1.925,49.6,0,60,0,0,0,0,0,0,0,0,66
2025-09-29T06:11:10.078Z,60.1,21.1,1.925,50.4,0,60,0,0,0,0,0,0,0,0,66
2025-09-29T06:11:11.078Z,60.1,21.1,1.925,49.6,0,60,0,0,0,0,0,0,0,0,66
2025-09-29T06:11:12.081Z,60.1,21.1,1.925,50.4,0,60,0,0,0,0,0,0,0,0,66
2025-09-29T06:11:13.080Z,60.1,21.1,1.925,49.6,0,60,0,0,0,0,0,0,0,0,66
2025-09-29T06:11:14.083Z,60.1,21.1,1.925,50.4,0,60,0,0,0,0,0,0,0,0,66
2025-09-29T06:11:15.084Z,60.1,21.1,1.925,49.6,0,60,0,0,0,0,0,0,0,0,66
2025-09-29T06:11:16.079Z,60.1,21.1,1.925,50.4,0,60,0,0,0,0,0,0,0,0,66
2025-09-29T06:11:17.081Z,60.1,21.1,1.925,49.6,0,60,0,0,0,0,0,0,0,0,66
2025-09-29T06:11:18.085Z,60.1,21.1,1.925,50.4,0,60,0,0,0,0,0,0,0,0,66
2025-09-29T06:11:19.081Z,60.1,21.1,1.924,49.6,0,60,0,0,0,0,0,0,0,0,66
2025-09-29T06:11:20.081Z,60.1,21.1,1.924,50.4,0,60,0,0,0,0,0,0,0,0,66
2025-09-29T06:11:21.085Z,60.1,21.1,1.924,49.6,0,60,0,0,0,0,0,0,0,0,66
2025-09-29T06:11:22.087Z,60.1,21.1,1.924,50.4,0,60,0,0,0,0,0,0,0,0,66
2025-09-29T06:11:23.091Z,60.1,21.1,1.924,49.6,0,60,0,0,0,0,0,0,0,0,66
2025-09-29T06:11:24.086Z,60.1,21.1,1.925,50.4,0,60,0,0,0,0,0,0,0,0,66
2025-09-29T06:11:25.091Z,60.2,21.1,1.924,49.6,0,60,0,0,0,0,0,0,0,0,66
2025-09-29T06:11:26.090Z,60.2,21.1,1.924,50.4,0,60,0,0,0,0,0,0,0,0,66
2025-09-29T06:11:27.089Z,60.2,21.1,1.924,49.6,0,60,0,0,0,0,0,0,0,0,66
2025-09-29T06:11:28.093Z,60.2,21.1,1.924,50.4,0,60,0,0,0,0,0,0,0,0,66
2025-09-29T06:11:29.091Z,60.2,21.1,1.925,49.6,0,60,0,0,0,0,0,0,0,0,66
2025-09-29T06:11:30.089Z,60.2,21.1,1.924,50.4,0,60,0,0,0,0,0,0,0,0,66
2025-09-29T06:11:31.088Z,60.2,21.1,1.924,49.6,0,60,0,0,0,0,0,0,0,0,66
2025-09-29T06:11:32.093Z,60.2,21.1,1.924,50.4,0,60,0,0,0,0,0,0,0,0,66
2025-09-29T06:11:33.095Z,60.2,21.1,1.923,49.6,0,60,0,0,0,0,0,0,0,0,66
2025-09-29T06:11:34.092Z,60.2,21.1,1.924,50.4,0,60,0,0,0,0,0,0,0,0,66
2025-09-29T06:11:35.092Z,60.2,21.1,1.924,49.6,0,60,0,0,0,0,0,0,0,0,66
2025-09-29T06:11:36.093Z,60.2,21.1,1.924,50.4,0,60,0,0,0,0,0,0,0,0,66
2025-09-29T06:11:37.097Z,60.2,21.1,1.923,49.6,0,60,0,0,0,0,0,0,0,0,66
2025-09-29T06:11:38.099Z,60.2,21.1,1.923,50.4,0,60,0,0,0,0,0,0,0,0,66
2025-09-29T06:11:39.092Z,60.3,21.1,1.924,49.6,0,60,0,0,0,0,0,0,0,0,66
2025-09-29T06:11:40.099Z,60.3,21.1,1.923,50.4,0,60,0,0,0,0,0,0,0,0,66
2025-09-29T06:11:41.102Z,60.3,21.1,1.923,49.6,0,60,0,0,0,0,0,0,0,0,66
2025-09-29T06:11:42.109Z,60.3,21.1,1.923,50.4,0,60,0,0,0,0,0,0,0,0,66
2025-09-29T06:11:43.098Z,60.3,21.1,1.924,49.6,0,60,0,0,0,0,0,0,0,0,66
2025-09-29T06:11:44.101Z,60.3,21.1,1.923,50.4,0,60,0,0,0,0,0,0,0,0,66
2025-09-29T06:11:44.101Z,60.3,21.1,1.923,50.4,0,60,0,0,0,0,0,0,0,0,66
2025-09-29T06:11:46.104Z,60.3,21.1,1.923,50.4,0,60,0,0,0,0,0,0,0,0,66
2025-09-29T06:11:47.108Z,60.3,21.1,1.923,49.6,0,60,0,0,0,0,0,0,0,0,66
2025-09-29T06:11:48.110Z,60.3,21.1,1.923,49.6,0,60,0,0,0,0,0,0,0,0,66
2025-09-29T06:11:49.108Z,60.3,21.1,1.923,49.6,0,60,0,0,0,0,0,0,0,0,66
2025-09-29T06:11:50.112Z,60.3,21.1,1.923,50.4,0,60,0,0,0,0,0,0,0,0,66
2025-09-29T06:11:51.109Z,60.3,21.1,1.923,49.6,0,60,0,0,0,0,0,0,0,0,66
2025-09-29T06:11:52.111Z,60.4,21.1,1.923,50.4,0,60,0,0,0,0,0,0,0,0,66
2025-09-29T06:11:53.116Z,60.4,21.1,1.923,49.6,0,60,0,0,0,0,0,0,0,0,66
2025-09-29T06:11:54.122Z,60.4,21.1,1.923,49.6,0,60,0,0,0,0,0,0,0,0,66
2025-09-29T06:11:55.114Z,60.4,21.1,1.923,49.6,0,60,0,0,0,0,0,0,0,0,66
2025-09-29T06:11:56.118Z,60.4,21.1,1.923,50.4,0,60,0,0,0,0,0,0,0,0,66
2025-09-29T06:11:57.122Z,60.4,21.1,1.923,49.6,0,60,0,0,0,0,0,0,0,0,66
2025-09-29T06:11:58.119Z,60.4,21.1,1.923,50.4,0,60,0,0,0,0,0,0,0,0,66
2025-09-29T06:11:59.114Z,60.4,21.1,1.923,49.6,0,60,0,0,0,0,0,0,0,0,66
2025-09-29T06:12:00.113Z,60.4,21.1,1.923,50.4,0,60,0,0,0,0,0,0,0,0,66
2025-09-29T06:12:01.115Z,60.4,21.1,1.923,49.6,0,60,0,0,0,0,0,0,0,0,66
2025-09-29T06:12:02.120Z,60.4,21.1,1.923,50.4,0,60,0,0,0,0,0,0,0,0,66
2025-09-29T06:12:03.122Z,60.4,21.1,1.922,49.6,0,60,0,0,0,0,0,0,0,0,66
2025-09-29T06:12:04.120Z,60.4,21.1,1.923,50.4,0,60,0,0,0,0,0,0,0,0,66
2025-09-29T06:12:05.122Z,60.5,21.1,1.922,49.6,0,60,0,0,0,0,0,0,0,0,66
2025-09-29T06:12:06.124Z,60.5,21.1,1.923,50.4,0,60,0,0,0,0,0,0,0,0,66
2025-09-29T06:12:07.121Z,60.5,21.1,1.923,49.6,0,60,0,0,0,0,0,0,0,0,66
2025-09-29T06:12:08.126Z,60.5,21.1,1.923,50.4,0,60,0,0,0,0,0,0,0,0,66
2025-09-29T06:12:09.125Z,60.5,21.1,1.922,49.6,0,60,0,0,0,0,0,0,0,0,66
2025-09-29T06:12:10.130Z,60.5,21.1,1.923,50.4,0,60,0,0,0,0,0,0,0,0,66
2025-09-29T06:12:11.129Z,60.5,21.1,1.923,49.6,0,60,0,0,0,0,0,0,0,0,66
2025-09-29T06:12:12.129Z,60.5,21.1,1.923,50.4,0,60,0,0,0,0,0,0,0,0,66
2025-09-29T06:12:13.132Z,60.5,21.1,1.923,49.6,0,60,0,0,0,0,0,0,0,0,66
2025-09-29T06:12:14.137Z,60.5,21.1,1.923,50.4,0,60,0,0,0,0,0,0,0,0,66
2025-09-29T06:12:15.136Z,60.5,21.1,1.923,49.6,0,60,0,0,0,0,0,0,0,0,66
2025-09-29T06:12:16.138Z,60.5,21.1,1.923,50.4,0,60.1,0,0,0,0,0,0,0,0,66
2025-09-29T06:12:17.141Z,60.5,21.1,1.923,49.6,0,60.1,0,0,0,0,0,0,0,0,66
2025-09-29T06:12:18.133Z,60.5,21.1,1.923,50.4,0,60,0,0,0,0,0,0,0,0,66
2025-09-29T06:12:19.141Z,60.6,21.1,1.923,49.6,0,60,0,0,0,0,0,0,0,0,66
2025-09-29T06:12:20.136Z,60.6,21.1,1.923,50.4,0,60,0,0,0,0,0,0,0,0,66
2025-09-29T06:12:21.136Z,60.6,21.1,1.923,49.6,0,60.1,0,0,0,0,0,0,0,0,66
2025-09-29T06:12:22.137Z,60.6,21.1,1.922,50.4,0,60.1,0,0,0,0,0,0,0,0,66
2025-09-29T06:12:23.139Z,60.6,21.1,1.923,49.6,0,60.1,0,0,0,0,0,0,0,0,66
2025-09-29T06:12:24.144Z,60.6,21.1,1.922,50.4,0,60.1,0,0,0,0,0,0,0,0,66
2025-09-29T06:12:25.147Z,60.6,21.1,1.923,49.6,0,60.1,0,0,0,0,0,0,0,0,66
2025-09-29T06:12:26.150Z,60.6,21.1,1.922,50.4,0,60.1,0,0,0,0,0,0,0,0,66
2025-09-29T06:12:27.146Z,60.6,21.1,1.922,49.6,0,60.1,0,0,0,0,0,0,0,0,66
2025-09-29T06:12:28.153Z,60.6,21.1,1.921,50.4,0,60.1,0,0,0,0,0,0,0,0,66
2025-09-29T06:12:29.152Z,60.6,21.1,1.921,49.6,0,60.1,0,0,0,0,0,0,0,0,66
2025-09-29T06:12:30.147Z,60.6,21.1,1.922,50.4,0,60.1,0,0,0,0,0,0,0,0,66
2025-09-29T06:12:31.148Z,60.6,21.1,1.922,49.6,0,60.1,0,0,0,0,0,0,0,0,66
2025-09-29T06:12:32.146Z,60.6,21.1,1.922,50.4,0,60.1,0,0,0,0,0,0,0,0,66
2025-09-29T06:12:33.153Z,60.6,21.1,1.922,49.6,0,60.1,0,0,0,0,0,0,0,0,66
2025-09-29T06:12:34.149Z,60.6,21.1,1.922,50.4,0,60.1,0,0,0,0,0,0,0,0,66
2025-09-29T06:12:35.149Z,60.7,21.1,1.922,49.6,0,60.1,0,0,0,0,0,0,0,0,66
2025-09-29T06:12:36.148Z,60.7,21.1,1.922,50.4,0,60.1,0,0,0,0,0,0,0,0,66
2025-09-29T06:12:37.153Z,60.7,21.1,1.922,49.6,0,60.1,0,0,0,0,0,0,0,0,66
2025-09-29T06:12:38.155Z,60.7,21.1,1.922,50.4,0,60.1,0,0,0,0,0,0,0,0,66
2025-09-29T06:12:39.153Z,60.7,21.1,1.922,49.6,0,60.1,0,0,0,0,0,0,0,0,66
2025-09-29T06:12:40.159Z,60.7,21.1,1.922,49.6,0,60.1,0,0,0,0,0,0,0,0,66
2025-09-29T06:12:41.154Z,60.7,21.1,1.922,49.6,0,60.1,0,0,0,0,0,0,0,0,66
2025-09-29T06:12:42.155Z,60.7,21.1,1.922,50.4,0,60.1,0,0,0,0,0,0,0,0,66
2025-09-29T06:12:43.156Z,60.7,21.1,1.922,49.6,0,60.1,0,0,0,0,0,0,0,0,66
2025-09-29T06:12:44.157Z,60.7,21.1,1.922,50.4,0,60.1,0,0,0,0,0,0,0,0,66
2025-09-29T06:12:45.160Z,60.7,21.1,1.922,49.6,0,60.1,0,0,0,0,0,0,0,0,66
2025-09-29T06:12:46.159Z,60.7,21.1,1.922,50.4,0,60.1,0,0,0,0,0,0,0,0,66
2025-09-29T06:12:47.162Z,60.7,21.1,1.922,49.6,0,60.1,0,0,0,0,0,0,0,0,66
2025-09-29T06:12:48.158Z,60.7,21.1,1.922,49.6,0,60.1,0,0,0,0,0,0,0,0,66
2025-09-29T06:12:49.159Z,60.8,21.1,1.922,50.4,0,60.1,0,0,0,0,0,0,0,0,66
2025-09-29T06:12:50.165Z,60.8,21.1,1.922,49.6,0,60.1,0,0,0,0,0,0,0,0,66
2025-09-29T06:12:51.164Z,60.8,21.1,1.922,49.6,0,60.1,0,0,0,0,0,0,0,0,66
2025-09-29T06:12:52.169Z,60.8,21.1,1.921,49.6,0,60.1,0,0,0,0,0,0,0,0,66
2025-09-29T06:12:53.167Z,60.8,21.1,1.922,50.4,0,60.1,0,0,0,0,0,0,0,0,66
2025-09-29T06:12:54.176Z,60.8,21.1,1.921,49.6,0,60.1,0,0,0,0,0,0,0,0,66
2025-09-29T06:12:55.169Z,60.8,21.1,1.922,50.4,0,60.1,0,0,0,0,0,0,0,0,66
2025-09-29T06:12:56.178Z,60.8,21.1,1.921,49.6,0,60.1,0,0,0,0,0,0,0,0,66
2025-09-29T06:12:57.175Z,60.8,21.1,1.921,50.4,0,60.1,0,0,0,0,0,0,0,0,66
2025-09-29T06:12:58.175Z,60.8,21.1,1.921,49.6,0,60.1,0,0,0,0,0,0,0,0,66
2025-09-29T06:12:59.170Z,60.8,21.1,1.922,50.4,0,60.1,0,0,0,0,0,0,0,0,66
2025-09-29T06:13:00.176Z,60.8,21.1,1.921,49.6,0,60.1,0,0,0,0,0,0,0,0,66
2025-09-29T06:13:01.171Z,60.8,21.1,1.922,50.4,0,60.1,0,0,0,0,0,0,0,0,66
2025-09-29T06:13:02.178Z,60.8,21.1,1.92,49.6,0,60.1,0,0,0,0,0,0,0,0,66
2025-09-29T06:13:03.175Z,60.8,21.1,1.921,50.4,0,60.1,0,0,0,0,0,0,0,0,66
2025-09-29T06:13:04.177Z,60.8,21.1,1.92,49.6,0,60.1,0,0,0,0,0,0,0,0,66
2025-09-29T06:13:05.179Z,60.8,21.1,1.921,50.4,0,60.1,0,0,0,0,0,0,0,0,66
2025-09-29T06:13:06.181Z,60.8,21.1,1.921,49.6,0,60.1,0,0,0,0,0,0,0,0,66
2025-09-29T06:13:07.177Z,60.9,21.1,1.921,50.4,0,60.1,0,0,0,0,0,0,0,0,66
2025-09-29T06:13:08.181Z,60.9,21.1,1.921,49.6,0,60.1,0,0,0,0,0,0,0,0,66
2025-09-29T06:13:09.184Z,60.9,21.1,1.921,50.4,0,60.1,0,0,0,0,0,0,0,0,66
2025-09-29T06:13:10.183Z,60.9,21.1,1.921,49.6,0,60.1,0,0,0,0,0,0,0,0,66
2025-09-29T06:13:11.185Z,60.9,21.1,1.92,50.4,0,60.1,0,0,0,0,0,0,0,0,66
2025-09-29T06:13:12.186Z,60.9,21.1,1.92,49.6,0,60.1,0,0,0,0,0,0,0,0,66
2025-09-29T06:13:13.185Z,60.9,21.1,1.92,50.4,0,60.1,0,0,0,0,0,0,0,0,66
2025-09-29T06:13:14.185Z,60.9,21.1,1.92,49.6,0,60.1,0,0,0,0,0,0,0,0,66
2025-09-29T06:13:15.193Z,60.9,21.1,1.92,49.6,0,60.1,0,0,0,0,0,0,0,0,66
2025-09-29T06:13:16.188Z,60.9,21.1,1.92,50.4,0,60.1,0,0,0,0,0,0,0,0,66
2025-09-29T06:13:17.186Z,60.9,21.1,1.92,49.6,0,60.1,0,0,0,0,0,0,0,0,66
2025-09-29T06:13:18.193Z,60.9,21.1,1.921,50.4,0,60.1,0,0,0,0,0,0,0,0,66
2025-09-29T06:13:19.191Z,60.9,21.1,1.921,49.6,0,60.1,0,0,0,0,0,0,0,0,66
2025-09-29T06:13:20.193Z,60.9,21.1,1.92,50.4,0,60.1,0,0,0,0,0,0,0,0,66
2025-09-29T06:13:21.196Z,60.9,21.1,1.92,49.6,0,60.1,0,0,0,0,0,0,0,0,66
2025-09-29T06:13:22.200Z,60.9,21.1,1.92,49.6,0,60.1,0,0,0,0,0,0,0,0,66
2025-09-29T06:13:23.196Z,60.9,21.1,1.92,49.6,0,60.1,0,0,0,0,0,0,0,0,66
2025-09-29T06:13:24.195Z,60.9,21.1,1.92,50.4,0,60.1,0,0,0,0,0,0,0,0,66
2025-09-29T06:13:25.196Z,60.9,21.1,1.92,49.6,0,60.1,0,0,0,0,0,0,0,0,66
2025-09-29T06:13:26.197Z,60.9,21.1,1.92,50.4,0,60.1,0,0,0,0,0,0,0,0,66
2025-09-29T06:13:27.201Z,60.9,21.1,1.92,49.6,0,60.1,0,0,0,0,0,0,0,0,66
2025-09-29T06:13:28.198Z,61,21.1,1.92,50.4,0,60.1,0,0,0,0,0,0,0,0,66
2025-09-29T06:13:29.205Z,61,21.1,1.921,49.6,0,60.1,0,0,0,0,0,0,0,0,66
2025-09-29T06:13:30.205Z,61,21.1,1.921,50.4,0,60.1,0,0,0,0,0,0,0,0,66
2025-09-29T06:13:31.203Z,61,21.1,1.92,49.6,0,60.1,0,0,0,0,0,0,0,0,66
2025-09-29T06:13:32.202Z,61,21.1,1.92,50.4,0,60.1,0,0,0,0,0,0,0,0,66
2025-09-29T06:13:33.201Z,61,21.1,1.92,49.6,0,60.1,0,0,0,0,0,0,0,0,66
2025-09-29T06:13:34.204Z,61,21.1,1.92,50.4,0,60.1,0,0,0,0,0,0,0,0,66
2025-09-29T06:13:35.206Z,61,21.1,1.92,49.6,0,60.1,0,0,0,0,0,0,0,0,66
2025-09-29T06:13:36.207Z,61,21.1,1.92,50.4,0,60.1,0,0,0,0,0,0,0,0,66
2025-09-29T06:13:37.210Z,61,21.1,1.92,49.6,0,60.1,0,0,0,0,0,0,0,0,66
2025-09-29T06:13:38.210Z,61,21.1,1.92,50.4,0,60.1,0,0,0,0,0,0,0,0,66
2025-09-29T06:13:39.209Z,61,21.1,1.92,49.6,0,60.1,0,0,0,0,0,0,0,0,66
2025-09-29T06:13:40.208Z,61,21.1,1.92,50.4,0,60.1,0,0,0,0,0,0,0,0,66
2025-09-29T06:13:41.212Z,61,21.1,1.92,49.6,0,60.1,0,0,0,0,0,0,0,0,66
2025-09-29T06:13:42.211Z,61,21.1,1.921,50.4,0,60.1,0,0,0,0,0,0,0,0,66
2025-09-29T06:13:43.211Z,61,21.1,1.92,49.6,0,60.1,0,0,0,0,0,0,0,0,66
2025-09-29T06:13:44.213Z,61,21.1,1.92,50.4,0,60.1,0,0,0,0,0,0,0,0,66
2025-09-29T06:13:45.221Z,61,21.1,1.92,49.6,0,60.1,0,0,0,0,0,0,0,0,66
2025-09-29T06:13:46.215Z,61,21.1,1.92,50.4,0,60.1,0,0,0,0,0,0,0,0,66
2025-09-29T06:13:47.216Z,61,21.1,1.92,49.6,0,60.1,0,0,0,0,0,0,0,0,66
2025-09-29T06:13:48.219Z,61,21.1,1.92,50.4,0,60.1,0,0,0,0,0,0,0,0,66
2025-09-29T06:13:49.221Z,61,21.1,1.92,49.6,0,60.1,0,0,0,0,0,0,0,0,66
2025-09-29T06:13:50.218Z,61,21.1,1.92,50.4,0,60.1,0,0,0,0,0,0,0,0,66
2025-09-29T06:13:51.219Z,61,21.1,1.92,49.6,0,60.1,0,0,0,0,0,0,0,0,66
2025-09-29T06:13:52.221Z,61,21.1,1.92,50.4,0,60.1,0,0,0,0,0,0,0,0,66
2025-09-29T06:13:53.221Z,61,21.1,1.92,49.6,0,60.2,0,0,0,0,0,0,0,0,66
2025-09-29T06:13:54.226Z,61,21.1,1.92,50.4,0,60.1,0,0,0,0,0,0,0,0,66
2025-09-29T06:13:55.230Z,61,21.1,1.92,49.6,0,60.1,0,0,0,0,0,0,0,0,66
2025-09-29T06:13:56.225Z,61,21.1,1.92,50.4,0,60.1,0,0,0,0,0,0,0,0,66
2025-09-29T06:13:57.227Z,61,21.1,1.92,49.6,0,60.1,0,0,0,0,0,0,0,0,66
2025-09-29T06:13:58.231Z,61,21.1,1.92,50.4,0,60.2,0,0,0,0,0,0,0,0,66
2025-09-29T06:13:59.227Z,61,21.1,1.92,49.6,0,60.1,0,0,0,0,0,0,0,0,66
2025-09-29T06:14:00.225Z,61,21.1,1.92,50.4,0,60.1,0,0,0,0,0,0,0,0,66
2025-09-29T06:14:01.228Z,61,21.1,1.92,49.6,0,60.1,0,0,0,0,0,0,0,0,66
2025-09-29T06:14:02.230Z,61,21.1,1.92,50.4,0,60.1,0,0,0,0,0,0,0,0,66
2025-09-29T06:14:03.230Z,61.1,21.1,1.92,49.6,0,60.2,0,0,0,0,0,0,0,0,66
2025-09-29T06:14:04.231Z,61.1,21.1,1.92,50.4,0,60.2,0,0,0,0,0,0,0,0,66
2025-09-29T06:14:05.235Z,61.1,21.1,1.92,49.6,0,60.2,0,0,0,0,0,0,0,0,66
2025-09-29T06:14:06.237Z,61.1,21.1,1.92,50.4,0,60.2,0,0,0,0,0,0,0,0,66
2025-09-29T06:14:07.241Z,61.1,21.1,1.92,49.6,0,60.2,0,0,0,0,0,0,0,0,66
2025-09-29T06:14:08.240Z,61.1,21.1,1.92,50.4,0,60.2,0,0,0,0,0,0,0,0,66
2025-09-29T06:14:09.239Z,61.1,21.1,1.92,49.6,0,60.2,0,0,0,0,0,0,0,0,66
2025-09-29T06:14:10.239Z,61.1,21.1,1.92,50.4,0,60.2,0,0,0,0,0,0,0,0,66
2025-09-29T06:14:11.241Z,61.1,21.1,1.92,49.6,0,60.2,0,0,0,0,0,0,0,0,66
2025-09-29T06:14:12.241Z,61.1,21.1,1.92,50.4,0,60.2,0,0,0,0,0,0,0,0,66
2025-09-29T06:14:13.243Z,61.1,21.1,1.92,49.6,0,60.2,0,0,0,0,0,0,0,0,66
2025-09-29T06:14:14.238Z,61.1,21.1,1.92,50.4,0,60.2,0,0,0,0,0,0,0,0,66
2025-09-29T06:14:15.241Z,61.1,21.1,1.92,49.6,0,60.2,0,0,0,0,0,0,0,0,66
2025-09-29T06:14:16.245Z,61.1,21.1,1.92,50.4,0,60.2,0,0,0,0,0,0,0,0,66
2025-09-29T06:14:17.242Z,61.1,21.1,1.92,49.6,0,60.2,0,0,0,0,0,0,0,0,66
2025-09-29T06:14:18.249Z,61.1,21.1,1.92,50.4,0,60.2,0,0,0,0,0,0,0,0,66
2025-09-29T06:14:19.243Z,61.1,21.1,1.92,49.6,0,60.2,0,0,0,0,0,0,0,0,66
2025-09-29T06:14:20.249Z,61.1,21.1,1.92,50.4,0,60.2,0,0,0,0,0,0,0,0,66
2025-09-29T06:14:21.247Z,61.1,21.1,1.92,49.6,0,60.2,0,0,0,0,0,0,0,0,66
2025-09-29T06:14:22.253Z,61.1,21.1,1.92,50.4,0,60.2,0,0,0,0,0,0,0,0,66
2025-09-29T06:14:23.249Z,61.1,21.1,1.92,49.6,0,60.2,0,0,0,0,0,0,0,0,66
2025-09-29T06:14:24.257Z,61.1,21.1,1.92,50.4,0,60.2,0,0,0,0,0,0,0,0,66
2025-09-29T06:14:25.255Z,61.1,21.1,1.92,49.6,0,60.2,0,0,0,0,0,0,0,0,66
2025-09-29T06:14:26.255Z,61.1,21.1,1.92,50.4,0,60.2,0,0,0,0,0,0,0,0,66
2025-09-29T06:14:27.259Z,61.1,21.1,1.92,49.6,0,60.2,0,0,0,0,0,0,0,0,66
2025-09-29T06:14:28.258Z,61.1,21.1,1.92,49.6,0,60.2,0,0,0,0,0,0,0,0,66
2025-09-29T06:14:29.259Z,61.1,21.1,1.92,49.6,0,60.2,0,0,0,0,0,0,0,0,66
2025-09-29T06:14:30.259Z,61.1,21.1,1.92,50.4,0,60.2,0,0,0,0,0,0,0,0,66
2025-09-29T06:14:31.259Z,61.1,21.1,1.92,49.6,0,60.2,0,0,0,0,0,0,0,0,66
2025-09-29T06:14:32.261Z,61.1,21.1,1.92,50.4,0,60.2,0,0,0,0,0,0,0,0,66
2025-09-29T06:14:33.260Z,61.1,21.1,1.92,49.6,0,60.2,0,0,0,0,0,0,0,0,66
2025-09-29T06:14:33.260Z,61.1,21.1,1.92,49.6,0,60.2,0,0,0,0,0,0,0,0,66
2025-09-29T06:14:35.260Z,61.1,21.1,1.92,49.6,0,60.2,0,0,0,0,0,0,0,0,66
2025-09-29T06:14:36.271Z,61.1,21.1,1.92,50.4,0,60.2,0,0,0,0,0,0,0,0,66
2025-09-29T06:14:37.264Z,61.1,21.1,1.92,49.6,0,60.2,0,0,0,0,0,0,0,0,66
2025-09-29T06:14:38.270Z,61.1,21.1,1.92,50.4,0,60.2,0,0,0,0,0,0,0,0,66
2025-09-29T06:14:39.266Z,61.1,21.1,1.92,49.6,0,60.2,0,0,0,0,0,0,0,0,66
2025-09-29T06:14:40.273Z,61.1,21.1,1.92,50.4,0,60.2,0,0,0,0,0,0,0,0,66
2025-09-29T06:14:41.269Z,61.1,21.1,1.92,49.6,0,60.2,0,0,0,0,0,0,0,0,66
2025-09-29T06:14:42.272Z,61.1,21.1,1.92,50.4,0,60.2,0,0,0,0,0,0,0,0,66
2025-09-29T06:14:43.265Z,61.1,21.1,1.92,49.6,0,60.2,0,0,0,0,0,0,0,0,66
2025-09-29T06:14:44.276Z,61.1,21.1,1.92,50.4,0,60.2,0,0,0,0,0,0,0,0,66
2025-09-29T06:14:45.270Z,61.1,21.1,1.92,49.6,0,60.2,0,0,0,0,0,0,0,0,66
2025-09-29T06:14:46.274Z,61.1,21.1,1.92,49.6,0,60.2,0,0,0,0,0,0,0,0,66
2025-09-29T06:14:47.274Z,61,21.1,1.92,49.6,0,60.2,0,0,0,0,0,0,0,0,66
2025-09-29T06:14:48.273Z,61.1,21.1,1.92,50.4,0,60.2,0,0,0,0,0,0,0,0,66
2025-09-29T06:14:49.278Z,61.1,21.1,1.92,49.6,0,60.2,0,0,0,0,0,0,0,0,66
2025-09-29T06:14:50.278Z,61.1,21.1,1.92,50.4,0,60.2,0,0,0,0,0,0,0,0,66
2025-09-29T06:14:51.283Z,61.1,21.1,1.92,49.6,0,60.2,0,0,0,0,0,0,0,0,66
2025-09-29T06:14:52.280Z,61,21.1,1.92,50.4,0,60.2,0,0,0,0,0,0,0,0,66
2025-09-29T06:14:53.283Z,61.1,21.1,1.92,49.6,0,60.2,0,0,0,0,0,0,0,0,66
2025-09-29T06:14:54.282Z,61,21.1,1.92,50.4,0,60.2,0,0,0,0,0,0,0,0,66
2025-09-29T06:14:55.279Z,61,21.1,1.92,49.6,0,60.2,0,0,0,0,0,0,0,0,66
2025-09-29T06:14:56.283Z,61,21.1,1.92,50.4,0,60.2,0,0,0,0,0,0,0,0,66
2025-09-29T06:14:57.277Z,61,21.1,1.92,49.6,0,60.2,0,0,0,0,0,0,0,0,66
2025-09-29T06:14:58.297Z,61,21.1,1.92,50.4,0,60.2,0,0,0,0,0,0,0,0,66
2025-09-29T06:14:59.284Z,61,21.1,1.92,49.6,0,60.2,0,0,0,0,0,0,0,0,66
2025-09-29T06:15:00.288Z,61,21.1,1.92,50.4,0,60.2,0,0,0,0,0,0,0,0,66
2025-09-29T06:15:01.281Z,61,21.1,1.92,49.6,0,60.2,0,0,0,0,0,0,0,0,66
2025-09-29T06:15:02.290Z,61,21.1,1.92,50.4,0,60.2,0,0,0,0,0,0,0,0,66
2025-09-29T06:15:03.298Z,61,21.1,1.92,49.6,0,60.2,0,0,0,0,0,0,0,0,66
2025-09-29T06:15:04.284Z,61,21.1,1.92,49.6,0,60.2,0,0,0,0,0,0,0,0,66
2025-09-29T06:15:05.287Z,61,21.1,1.92,49.6,0,60.2,0,0,0,0,0,0,0,0,66
2025-09-29T06:15:06.285Z,61,21.1,1.92,50.4,0,60.2,0,0,0,0,0,0,0,0,66
2025-09-29T06:15:07.285Z,61,21.1,1.92,49.6,0,60.2,0,0,0,0,0,0,0,0,66
2025-09-29T06:15:08.290Z,61,21.1,1.92,50.4,0,60.2,0,0,0,0,0,0,0,0,66
2025-09-29T06:15:09.290Z,61,21.1,1.92,49.6,0,60.2,0,0,0,0,0,0,0,0,66
2025-09-29T06:15:10.292Z,61,21.1,1.92,50.4,0,60.2,0,0,0,0,0,0,0,0,66
2025-09-29T06:15:11.293Z,61,21.1,1.92,49.6,0,60.2,0,0,0,0,0,0,0,0,66
2025-09-29T06:15:12.293Z,61,21.1,1.92,50.4,0,60.2,0,0,0,0,0,0,0,0,66
2025-09-29T06:15:13.294Z,61,21.1,1.92,49.6,0,60.2,0,0,0,0,0,0,0,0,66
2025-09-29T06:15:14.299Z,61,21.1,1.92,50.4,0,60.2,0,0,0,0,0,0,0,0,66
2025-09-29T06:15:15.297Z,61,21.1,1.92,49.6,0,60.2,0,0,0,0,0,0,0,0,66
2025-09-29T06:15:16.302Z,61,21.1,1.92,50.4,0,60.2,0,0,0,0,0,0,0,0,66
2025-09-29T06:15:17.299Z,61,21.1,1.92,49.6,0,60.2,0,0,0,0,0,0,0,0,66
2025-09-29T06:15:18.300Z,61,21.1,1.92,50.4,0,60.2,0,0,0,0,0,0,0,0,66
2025-09-29T06:15:19.298Z,61,21.1,1.92,49.6,0,60.2,0,0,0,0,0,0,0,0,66
2025-09-29T06:15:20.299Z,61,21.1,1.92,50.4,0,60.2,0,0,0,0,0,0,0,0,66
2025-09-29T06:15:21.304Z,61,21.1,1.92,49.6,0,60.2,0,0,0,0,0,0,0,0,66
2025-09-29T06:15:22.308Z,61,21.1,1.921,49.6,0,60.2,0,0,0,0,0,0,0,0,66
2025-09-29T06:15:23.305Z,61,21.1,1.92,49.6,0,60.2,0,0,0,0,0,0,0,0,66
2025-09-29T06:15:24.305Z,61,21.1,1.92,49.6,0,60.2,0,0,0,0,0,0,0,0,66
2025-09-29T06:15:25.307Z,61,21.1,1.921,50.4,0,60.2,0,0,0,0,0,0,0,0,66
2025-09-29T06:15:26.305Z,61,21.1,1.92,49.6,0,60.2,0,0,0,0,0,0,0,0,66
2025-09-29T06:15:27.310Z,61,21.1,1.921,50.4,0,60.2,0,0,0,0,0,0,0,0,66
2025-09-29T06:15:28.308Z,61,21.1,1.92,49.6,0,60.2,0,0,0,0,0,0,0,0,66
2025-09-29T06:15:29.306Z,61,21.1,1.92,50.4,0,60.2,0,0,0,0,0,0,0,0,66
2025-09-29T06:15:30.307Z,61,21.1,1.92,49.6,0,60.2,0,0,0,0,0,0,0,0,66
2025-09-29T06:15:31.313Z,61,21.1,1.921,50.4,0,60.2,0,0,0,0,0,0,0,0,66
2025-09-29T06:15:32.310Z,61,21.1,1.921,49.6,0,60.2,0,0,0,0,0,0,0,0,66
2025-09-29T06:15:33.313Z,61,21.1,1.921,50.4,0,60.2,0,0,0,0,0,0,0,0,66
2025-09-29T06:15:34.315Z,61,21.1,1.921,49.6,0,60.2,0,0,0,0,0,0,0,0,66
2025-09-29T06:15:35.314Z,60.9,21.1,1.921,50.4,0,60.2,0,0,0,0,0,0,0,0,66
2025-09-29T06:15:36.312Z,60.9,21.1,1.921,49.6,0,60.2,0,0,0,0,0,0,0,0,66
2025-09-29T06:15:37.314Z,60.9,21.1,1.921,50.4,0,60.2,0,0,0,0,0,0,0,0,66
2025-09-29T06:15:38.316Z,60.9,21.1,1.921,49.6,0,60.2,0,0,0,0,0,0,0,0,66
2025-09-29T06:15:39.319Z,60.9,21.1,1.921,50.4,0,60.2,0,0,0,0,0,0,0,0,66
2025-09-29T06:15:40.321Z,60.9,21.1,1.921,49.6,0,60.2,0,0,0,0,0,0,0,0,66
2025-09-29T06:15:41.321Z,60.9,21.1,1.921,50.4,0,60.3,0,0,0,0,0,0,0,0,66
2025-09-29T06:15:42.320Z,60.9,21.1,1.921,49.6,0,60.2,0,0,0,0,0,0,0,0,66
2025-09-29T06:15:43.321Z,60.9,21.1,1.921,50.4,0,60.2,0,0,0,0,0,0,0,0,66
2025-09-29T06:15:44.325Z,60.9,21.1,1.921,49.6,0,60.2,0,0,0,0,0,0,0,0,66
2025-09-29T06:15:45.324Z,60.9,21.1,1.921,50.4,0,60.2,0,0,0,0,0,0,0,0,66
2025-09-29T06:15:45.324Z,60.9,21.1,1.921,50.4,0,60.2,0,0,0,0,0,0,0,0,66
2025-09-29T06:15:47.322Z,60.9,21.1,1.921,50.4,0,60.3,0,0,0,0,0,0,0,0,66
2025-09-29T06:15:48.328Z,60.9,21.1,1.922,49.6,0,60.2,0,0,0,0,0,0,0,0,66
2025-09-29T06:15:49.329Z,60.9,21.1,1.922,50.4,0,60.2,0,0,0,0,0,0,0,0,66
2025-09-29T06:15:50.329Z,60.9,21.1,1.922,49.6,0,60.3,0,0,0,0,0,0,0,0,66
2025-09-29T06:15:51.331Z,60.9,21.1,1.921,50.4,0,60.2,0,0,0,0,0,0,0,0,66
2025-09-29T06:15:52.330Z,60.9,21.1,1.921,49.6,0,60.3,0,0,0,0,0,0,0,0,66
2025-09-29T06:15:53.331Z,60.9,21.1,1.921,50.4,0,60.3,0,0,0,0,0,0,0,0,66
2025-09-29T06:15:54.333Z,60.9,21.1,1.921,49.6,0,60.3,0,0,0,0,0,0,0,0,66
2025-09-29T06:15:55.333Z,60.9,21.1,1.921,50.4,0,60.2,0,0,0,0,0,0,0,0,66
2025-09-29T06:15:56.335Z,60.9,21.1,1.922,49.6,0,60.2,0,0,0,0,0,0,0,0,66
2025-09-29T06:15:57.342Z,60.9,21.1,1.92,50.4,0,60.2,0,0,0,0,0,0,0,0,66
2025-09-29T06:15:58.339Z,60.9,21.1,1.921,49.6,0,60.2,0,0,0,0,0,0,0,0,66
2025-09-29T06:15:59.335Z,60.9,21.1,1.921,50.4,0,60.2,0,0,0,0,0,0,0,0,66
2025-09-29T06:16:00.338Z,60.9,21.1,1.922,49.6,0,60.3,0,0,0,0,0,0,0,0,66
2025-09-29T06:16:01.341Z,60.9,21.1,1.92,50.4,0,60.2,0,0,0,0,0,0,0,0,66
2025-09-29T06:16:02.343Z,60.9,21.1,1.92,49.6,0,60.3,0,0,0,0,0,0,0,0,66
2025-09-29T06:16:03.349Z,60.9,21.1,1.92,50.4,0,60.2,0,0,0,0,0,0,0,0,66
2025-09-29T06:16:04.342Z,60.9,21.1,1.922,49.6,0,60.2,0,0,0,0,0,0,0,0,66
2025-09-29T06:16:05.341Z,60.9,21.1,1.921,50.4,0,60.2,0,0,0,0,0,0,0,0,66
2025-09-29T06:16:06.343Z,60.9,21.1,1.921,49.6,0,60.3,0,0,0,0,0,0,0,0,66
2025-09-29T06:16:07.350Z,60.9,21.1,1.92,50.4,0,60.3,0,0,0,0,0,0,0,0,66
2025-09-29T06:16:08.345Z,60.9,21.1,1.92,49.6,0,60.3,0,0,0,0,0,0,0,0,66
2025-09-29T06:16:09.346Z,60.8,21.1,1.921,49.6,0,60.3,0,0,0,0,0,0,0,0,66
2025-09-29T06:16:10.347Z,60.8,21.1,1.921,49.6,0,60.3,0,0,0,0,0,0,0,0,66
2025-09-29T06:16:11.347Z,60.8,21.1,1.921,50.4,0,60.2,0,0,0,0,0,0,0,0,66
2025-09-29T06:16:12.349Z,60.8,21.1,1.92,49.6,0,60.3,0,0,0,0,0,0,0,0,66
2025-09-29T06:16:13.355Z,60.8,21.1,1.92,50.4,0,60.3,0,0,0,0,0,0,0,0,66
2025-09-29T06:16:14.355Z,60.8,21.1,1.921,49.6,0,60.3,0,0,0,0,0,0,0,0,66
2025-09-29T06:16:15.352Z,60.8,21.1,1.921,50.4,0,60.3,0,0,0,0,0,0,0,0,66
2025-09-29T06:16:16.354Z,60.8,21.1,1.921,49.6,0,60.3,0,0,0,0,0,0,0,0,66
2025-09-29T06:16:17.357Z,60.8,21.1,1.921,49.6,0,60.3,0,0,0,0,0,0,0,0,66
2025-09-29T06:16:18.359Z,60.8,21.1,1.921,49.6,0,60.3,0,0,0,0,0,0,0,0,66
2025-09-29T06:16:19.356Z,60.8,21.1,1.92,50.4,0,60.3,0,0,0,0,0,0,0,0,66
2025-09-29T06:16:20.359Z,60.8,21.1,1.92,49.6,0,60.3,0,0,0,0,0,0,0,0,66
2025-09-29T06:16:21.362Z,60.8,21.1,1.921,49.6,0,60.3,0,0,0,0,0,0,0,0,66
2025-09-29T06:16:22.360Z,60.8,21.1,1.921,49.6,0,60.3,0,0,0,0,0,0,0,0,66
2025-09-29T06:16:23.365Z,60.8,21.1,1.921,49.6,0,60.3,0,0,0,0,0,0,0,0,66
2025-09-29T06:16:24.358Z,60.8,21.1,1.921,50.4,0,60.3,0,0,0,0,0,0,0,0,66
2025-09-29T06:16:25.368Z,60.8,21.1,1.921,49.6,0,60.3,0,0,0,0,0,0,0,0,66
2025-09-29T06:16:26.366Z,60.8,21.1,1.921,49.6,0,60.3,0,0,0,0,0,0,0,0,66
2025-09-29T06:16:27.372Z,60.8,21.1,1.922,50.4,0,60.3,0,0,0,0,0,0,0,0,66
2025-09-29T06:16:28.366Z,60.8,21.1,1.921,49.6,0,60.3,0,0,0,0,0,0,0,0,66
2025-09-29T06:16:29.365Z,60.8,21.1,1.921,49.6,0,60.3,0,0,0,0,0,0,0,0,66
2025-09-29T06:16:30.368Z,60.8,21.1,1.922,50.4,0,60.3,0,0,0,0,0,0,0,0,66
2025-09-29T06:16:31.365Z,60.8,21.1,1.921,49.6,0,60.3,0,0,0,0,0,0,0,0,66
2025-09-29T06:16:32.368Z,60.8,21.1,1.922,49.6,0,60.3,0,0,0,0,0,0,0,0,66
2025-09-29T06:16:33.375Z,60.8,21.1,1.922,50.4,0,60.3,0,0,0,0,0,0,0,0,66
2025-09-29T06:16:34.372Z,60.8,21.1,1.922,50.4,0,60.3,0,0,0,0,0,0,0,0,66
2025-09-29T06:16:35.371Z,60.8,21.1,1.922,49.6,0,60.3,0,0,0,0,0,0,0,0,66
2025-09-29T06:16:36.373Z,60.8,21.1,1.922,50.4,0,60.3,0,0,0,0,0,0,0,0,66
2025-09-29T06:16:37.373Z,60.8,21.1,1.922,49.6,0,60.3,0,0,0,0,0,0,0,0,66
2025-09-29T06:16:38.377Z,60.8,21.1,1.922,49.6,0,60.2,0,0,0,0,0,0,0,0,66
2025-09-29T06:16:39.375Z,60.8,21.1,1.922,50.4,0,60.2,0,0,0,0,0,0,0,0,66
2025-09-29T06:16:40.373Z,60.7,21.1,1.921,49.6,0,60.3,0,0,0,0,0,0,0,0,66
2025-09-29T06:16:41.379Z,60.7,21.1,1.922,49.6,0,60.3,0,0,0,0,0,0,0,0,66
2025-09-29T06:16:42.376Z,60.7,21.1,1.922,50.4,0,60.3,0,0,0,0,0,0,0,0,66
2025-09-29T06:16:43.373Z,60.7,21.1,1.921,50.4,0,60.3,0,0,0,0,0,0,0,0,66
2025-09-29T06:16:44.376Z,60.7,21.1,1.922,49.6,0,60.2,0,0,0,0,0,0,0,0,66
2025-09-29T06:16:45.380Z,60.7,21.1,1.922,50.4,0,60.3,0,0,0,0,0,0,0,0,66
2025-09-29T06:16:46.381Z,60.7,21.1,1.922,50.4,0,60.2,0,0,0,0,0,0,0,0,66
2025-09-29T06:16:47.383Z,60.7,21.1,1.922,49.6,0,60.2,0,0,0,0,0,0,0,0,66
2025-09-29T06:16:48.381Z,60.7,21.1,1.922,49.6,0,60.2,0,0,0,0,0,0,0,0,66
2025-09-29T06:16:49.381Z,60.7,21.1,1.922,49.6,0,60.3,0,0,0,0,0,0,0,0,66
2025-09-29T06:16:50.384Z,60.7,21.1,1.922,50.4,0,60.2,0,0,0,0,0,0,0,0,66
2025-09-29T06:16:51.385Z,60.7,21.1,1.922,50.4,0,60.2,0,0,0,0,0,0,0,0,66
2025-09-29T06:16:52.387Z,60.7,21.1,1.922,49.6,0,60.3,0,0,0,0,0,0,0,0,66
2025-09-29T06:16:53.389Z,60.7,21.1,1.922,50.4,0,60.2,0,0,0,0,0,0,0,0,66
2025-09-29T06:16:54.393Z,60.7,21.1,1.922,49.6,0,60.3,0,0,0,0,0,0,0,0,66
2025-09-29T06:16:55.392Z,60.7,21.1,1.922,50.4,0,60.3,0,0,0,0,0,0,0,0,66
2025-09-29T06:16:56.394Z,60.7,21.1,1.922,49.6,0,60.3,0,0,0,0,0,0,0,0,66
2025-09-29T06:16:57.394Z,60.7,21.1,1.922,49.6,0,60.3,0,0,0,0,0,0,0,0,66
2025-09-29T06:16:58.399Z,60.7,21.1,1.922,50.4,0,60.2,0,0,0,0,0,0,0,0,66
2025-09-29T06:16:59.399Z,60.7,21.1,1.921,50.4,0,60.2,0,0,0,0,0,0,0,0,66
2025-09-29T06:17:00.402Z,60.7,21.1,1.921,49.6,0,60.2,0,0,0,0,0,0,0,0,66
2025-09-29T06:17:01.398Z,60.7,21.1,1.922,50.4,0,60.2,0,0,0,0,0,0,0,0,66
2025-09-29T06:17:02.395Z,60.7,21.1,1.922,49.6,0,60.3,0,0,0,0,0,0,0,0,66
2025-09-29T06:17:03.406Z,60.6,21.1,1.921,50.4,0,60.3,0,0,0,0,0,0,0,0,66
2025-09-29T06:17:04.402Z,60.6,21.1,1.921,49.6,0,60.3,0,0,0,0,0,0,0,0,66
2025-09-29T06:17:05.400Z,60.6,21.1,1.922,50.4,0,60.3,0,0,0,0,0,0,0,0,66
2025-09-29T06:17:06.399Z,60.6,21.1,1.922,49.6,0,60.3,0,0,0,0,0,0,0,0,66
2025-09-29T06:17:07.397Z,60.6,21.1,1.922,49.6,0,60.3,0,0,0,0,0,0,0,0,66
2025-09-29T06:17:08.400Z,60.6,21.1,1.922,50.4,0,60.3,0,0,0,0,0,0,0,0,66
2025-09-29T06:17:09.403Z,60.6,21.1,1.921,49.6,0,60.3,0,0,0,0,0,0,0,0,66
2025-09-29T06:17:10.410Z,60.6,21.1,1.921,49.6,0,60.3,0,0,0,0,0,0,0,0,66
2025-09-29T06:17:11.411Z,60.6,21.1,1.921,50.4,0,60.3,0,0,0,0,0,0,0,0,66
2025-09-29T06:17:12.402Z,60.6,21.1,1.922,50.4,0,60.3,0,0,0,0,0,0,0,0,66
2025-09-29T06:17:13.406Z,60.6,21.1,1.922,49.6,0,60.3,0,0,0,0,0,0,0,0,66
2025-09-29T06:17:14.406Z,60.6,21.1,1.922,50.4,0,60.3,0,0,0,0,0,0,0,0,66
2025-09-29T06:17:15.405Z,60.6,21.1,1.922,49.6,0,60.3,0,0,0,0,0,0,0,0,66
2025-09-29T06:17:16.412Z,60.6,21.1,1.921,50.4,0,60.3,0,0,0,0,0,0,0,0,66
2025-09-29T06:17:17.413Z,60.6,21.1,1.921,49.6,0,60.3,0,0,0,0,0,0,0,0,66
2025-09-29T06:17:18.411Z,60.6,21.1,1.922,50.4,0,60.3,0,0,0,0,0,0,0,0,66
2025-09-29T06:17:19.413Z,60.6,21.1,1.921,49.6,0,60.3,0,0,0,0,0,0,0,0,66
2025-09-29T06:17:20.411Z,60.6,21.1,1.923,49.6,0,60.3,0,0,0,0,0,0,0,0,66
2025-09-29T06:17:21.417Z,60.6,21.1,1.922,50.4,0,60.3,0,0,0,0,0,0,0,0,66
2025-09-29T06:17:22.415Z,60.6,21.1,1.921,49.6,0,60.3,0,0,0,0,0,0,0,0,66
2025-09-29T06:17:23.415Z,60.6,21.1,1.923,49.6,0,60.3,0,0,0,0,0,0,0,0,66
2025-09-29T06:17:24.417Z,60.6,21.1,1.921,50.4,0,60.3,0,0,0,0,0,0,0,0,66
2025-09-29T06:17:25.418Z,60.6,21.1,1.923,49.6,0,60.3,0,0,0,0,0,0,0,0,66
2025-09-29T06:17:26.419Z,60.5,21.1,1.922,49.6,0,60.3,0,0,0,0,0,0,0,0,66
2025-09-29T06:17:27.418Z,60.6,21.1,1.923,50.4,0,60.3,0,0,0,0,0,0,0,0,66
2025-09-29T06:17:28.421Z,60.5,21.1,1.922,49.6,0,60.3,0,0,0,0,0,0,0,0,66
2025-09-29T06:17:29.418Z,60.5,21.1,1.922,50.4,0,60.3,0,0,0,0,0,0,0,0,66
2025-09-29T06:17:30.424Z,60.5,21.1,1.922,50.4,0,60.3,0,0,0,0,0,0,0,0,66
2025-09-29T06:17:31.421Z,60.5,21.1,1.922,49.6,0,60.3,0,0,0,0,0,0,0,0,66
2025-09-29T06:17:32.422Z,60.5,21.1,1.922,50.4,0,60.3,0,0,0,0,0,0,0,0,66
2025-09-29T06:17:33.429Z,60.5,21.1,1.922,49.6,0,60.3,0,0,0,0,0,0,0,0,66
2025-09-29T06:17:34.424Z,60.5,21.1,1.922,49.6,0,60.3,0,0,0,0,0,0,0,0,66
2025-09-29T06:17:35.429Z,60.5,21.1,1.922,50.4,0,60.3,0,0,0,0,0,0,0,0,66
2025-09-29T06:17:36.427Z,60.5,21.1,1.922,49.6,0,60.3,0,0,0,0,0,0,0,0,66
2025-09-29T06:17:37.430Z,60.5,21.1,1.922,49.6,0,60.3,0,0,0,0,0,0,0,0,66
2025-09-29T06:17:38.428Z,60.5,21.1,1.922,50.4,0,60.2,0,0,0,0,0,0,0,0,66
2025-09-29T06:17:39.428Z,60.5,21.1,1.922,50.4,0,60.3,0,0,0,0,0,0,0,0,66
2025-09-29T06:17:40.432Z,60.5,21.1,1.922,49.6,0,60.3,0,0,0,0,0,0,0,0,66
2025-09-29T06:17:41.435Z,60.5,21.1,1.922,50.4,0,60.3,0,0,0,0,0,0,0,0,66
2025-09-29T06:17:42.438Z,60.5,21.1,1.922,50.4,0,60.3,0,0,0,0,0,0,0,0,66
2025-09-29T06:17:43.436Z,60.5,21.1,1.922,49.6,0,60.3,0,0,0,0,0,0,0,0,66
2025-09-29T06:17:44.434Z,60.5,21.1,1.922,49.6,0,60.3,0,0,0,0,0,0,0,0,66
2025-09-29T06:17:45.437Z,60.5,21.1,1.923,49.6,0,60.3,0,0,0,0,0,0,0,0,66
2025-09-29T06:17:46.442Z,60.5,21.1,1.922,50.4,0,60.2,0,0,0,0,0,0,0,0,66
2025-09-29T06:17:47.437Z,60.5,21.1,1.922,50.4,0,60.3,0,0,0,0,0,0,0,0,66
2025-09-29T06:17:48.443Z,60.5,21.1,1.922,49.6,0,60.3,0,0,0,0,0,0,0,0,66
2025-09-29T06:17:49.440Z,60.5,21.1,1.922,50.4,0,60.3,0,0,0,0,0,0,0,0,66
2025-09-29T06:17:50.438Z,60.4,21.1,1.922,49.6,0,60.3,0,0,0,0,0,0,0,0,66
2025-09-29T06:17:51.440Z,60.4,21.1,1.922,49.6,0,60.3,0,0,0,0,0,0,0,0,66
2025-09-29T06:17:52.441Z,60.4,21.1,1.922,50.4,0,60.2,0,0,0,0,0,0,0,0,66
2025-09-29T06:17:53.443Z,60.4,21.1,1.923,49.6,0,60.2,0,0,0,0,0,0,0,0,66
2025-09-29T06:17:54.446Z,60.4,21.1,1.923,49.6,0,60.2,0,0,0,0,0,0,0,0,66
2025-09-29T06:17:55.446Z,60.4,21.1,1.923,50.4,0,60.2,0,0,0,0,0,0,0,0,66
2025-09-29T06:17:56.447Z,60.4,21.1,1.923,49.6,0,60.2,0,0,0,0,0,0,0,0,66
2025-09-29T06:17:57.448Z,60.4,21.1,1.923,49.6,0,60.2,0,0,0,0,0,0,0,0,66
2025-09-29T06:17:58.453Z,60.4,21.1,1.923,50.4,0,60.2,0,0,0,0,0,0,0,0,66
2025-09-29T06:17:59.445Z,60.4,21.1,1.923,50.4,0,60.2,0,0,0,0,0,0,0,0,66
2025-09-29T06:18:00.449Z,60.4,21.1,1.923,49.6,0,60.2,0,0,0,0,0,0,0,0,66
2025-09-29T06:18:01.448Z,60.4,21.1,1.923,50.4,0,60.2,0,0,0,0,0,0,0,0,66
2025-09-29T06:18:02.453Z,60.4,21.1,1.923,50.4,0,60.2,0,0,0,0,0,0,0,0,66
2025-09-29T06:18:03.448Z,60.4,21.1,1.923,49.6,0,60.2,0,0,0,0,0,0,0,0,66
2025-09-29T06:18:04.452Z,60.4,21.1,1.923,50.4,0,60.2,0,0,0,0,0,0,0,0,66
2025-09-29T06:18:05.453Z,60.4,21.1,1.923,49.6,0,60.2,0,0,0,0,0,0,0,0,66
2025-09-29T06:18:06.456Z,60.4,21.1,1.923,50.4,0,60.2,0,0,0,0,0,0,0,0,66
2025-09-29T06:18:07.454Z,60.4,21.1,1.923,49.6,0,60.2,0,0,0,0,0,0,0,0,66
2025-09-29T06:18:08.453Z,60.4,21.1,1.923,49.6,0,60.2,0,0,0,0,0,0,0,0,66
2025-09-29T06:18:09.464Z,60.4,21.1,1.923,50.4,0,60.2,0,0,0,0,0,0,0,0,66
2025-09-29T06:18:10.457Z,60.4,21.1,1.923,49.6,0,60.2,0,0,0,0,0,0,0,0,66
2025-09-29T06:18:11.464Z,60.4,21.1,1.923,49.6,0,60.2,0,0,0,0,0,0,0,0,66
2025-09-29T06:18:12.459Z,60.4,21.1,1.923,50.4,0,60.2,0,0,0,0,0,0,0,0,66
2025-09-29T06:18:13.468Z,60.4,21.1,1.923,50.4,0,60.2,0,0,0,0,0,0,0,0,66
2025-09-29T06:18:14.465Z,60.3,21.1,1.923,49.6,0,60.2,0,0,0,0,0,0,0,0,66
2025-09-29T06:18:15.460Z,60.3,21.1,1.923,50.4,0,60.2,0,0,0,0,0,0,0,0,66
2025-09-29T06:18:16.466Z,60.3,21.1,1.923,49.6,0,60.2,0,0,0,0,0,0,0,0,66
2025-09-29T06:18:17.465Z,60.3,21.1,1.923,50.4,0,60.2,0,0,0,0,0,0,0,0,66
2025-09-29T06:18:18.468Z,60.3,21.1,1.923,50.4,0,60.2,0,0,0,0,0,0,0,0,66
2025-09-29T06:18:19.467Z,60.3,21.1,1.923,49.6,0,60.2,0,0,0,0,0,0,0,0,66
2025-09-29T06:18:19.467Z,60.3,21.1,1.923,49.6,0,60.2,0,0,0,0,0,0,0,0,66
2025-09-29T06:18:21.475Z,60.3,21.1,1.923,49.6,0,60.2,0,0,0,0,0,0,0,0,66
2025-09-29T06:18:22.472Z,60.3,21.1,1.923,50.4,0,60.2,0,0,0,0,0,0,0,0,66
2025-09-29T06:18:23.472Z,60.3,21.1,1.923,50.4,0,60.2,0,0,0,0,0,0,0,0,66
2025-09-29T06:18:24.471Z,60.3,21.1,1.924,49.6,0,60.2,0,0,0,0,0,0,0,0,66
2025-09-29T06:18:25.473Z,60.3,21.1,1.924,49.6,0,60.2,0,0,0,0,0,0,0,0,66
2025-09-29T06:18:26.472Z,60.3,21.1,1.924,49.6,0,60.2,0,0,0,0,0,0,0,0,66
2025-09-29T06:18:27.475Z,60.3,21.1,1.924,50.4,0,60.2,0,0,0,0,0,0,0,0,66
2025-09-29T06:18:28.474Z,60.3,21.1,1.924,50.4,0,60.2,0,0,0,0,0,0,0,0,66
2025-09-29T06:18:29.480Z,60.3,21.1,1.923,49.6,0,60.2,0,0,0,0,0,0,0,0,66
2025-09-29T06:18:30.479Z,60.3,21.1,1.923,50.4,0,60.2,0,0,0,0,0,0,0,0,66
2025-09-29T06:18:31.476Z,60.3,21.1,1.924,49.6,0,60.2,0,0,0,0,0,0,0,0,66
2025-09-29T06:18:32.477Z,60.3,21.1,1.924,49.6,0,60.2,0,0,0,0,0,0,0,0,66
2025-09-29T06:18:33.479Z,60.3,21.1,1.924,50.4,0,60.2,0,0,0,0,0,0,0,0,66
2025-09-29T06:18:34.480Z,60.2,21.1,1.924,49.6,0,60.2,0,0,0,0,0,0,0,0,66
2025-09-29T06:18:35.482Z,60.2,21.1,1.923,49.6,0,60.2,0,0,0,0,0,0,0,0,66
2025-09-29T06:18:36.485Z,60.2,21.1,1.923,50.4,0,60.2,0,0,0,0,0,0,0,0,66
2025-09-29T06:18:37.485Z,60.2,21.1,1.923,50.4,0,60.2,0,0,0,0,0,0,0,0,66
2025-09-29T06:18:38.486Z,60.2,21.1,1.923,49.6,0,60.2,0,0,0,0,0,0,0,0,66
2025-09-29T06:18:39.491Z,60.2,21.1,1.923,50.4,0,60.2,0,0,0,0,0,0,0,0,66
2025-09-29T06:18:40.489Z,60.2,21.1,1.923,49.6,0,60.2,0,0,0,0,0,0,0,0,66
2025-09-29T06:18:41.493Z,60.2,21.1,1.923,50.4,0,60.2,0,0,0,0,0,0,0,0,66
2025-09-29T06:18:42.487Z,60.2,21.1,1.924,49.6,0,60.2,0,0,0,0,0,0,0,0,66
2025-09-29T06:18:43.488Z,60.2,21.1,1.923,49.6,0,60.2,0,0,0,0,0,0,0,0,66
2025-09-29T06:18:44.490Z,60.2,21.1,1.923,50.4,0,60.2,0,0,0,0,0,0,0,0,66
2025-09-29T06:18:45.495Z,60.2,21.1,1.923,49.6,0,60.2,0,0,0,0,0,0,0,0,66
2025-09-29T06:18:46.494Z,60.2,21.1,1.923,49.6,0,60.2,0,0,0,0,0,0,0,0,66
2025-09-29T06:18:47.492Z,60.2,21.1,1.923,50.4,0,60.2,0,0,0,0,0,0,0,0,66
2025-09-29T06:18:48.494Z,60.2,21.1,1.923,49.6,0,60.2,0,0,0,0,0,0,0,0,66
2025-09-29T06:18:49.495Z,60.2,21.1,1.923,49.6,0,60.2,0,0,0,0,0,0,0,0,66
2025-09-29T06:18:50.501Z,60.2,21.1,1.923,50.4,0,60.2,0,0,0,0,0,0,0,0,66
2025-09-29T06:18:51.497Z,60.2,21.1,1.923,50.4,0,60.2,0,0,0,0,0,0,0,0,66
2025-09-29T06:18:52.499Z,60.2,21.1,1.923,49.6,0,60.2,0,0,0,0,0,0,0,0,66
2025-09-29T06:18:53.503Z,60.2,21.1,1.923,50.4,0,60.2,0,0,0,0,0,0,0,0,66
2025-09-29T06:18:54.506Z,60.2,21.1,1.923,49.6,0,60.2,0,0,0,0,0,0,0,0,66
2025-09-29T06:18:55.502Z,60.1,21.1,1.923,49.6,0,60.2,0,0,0,0,0,0,0,0,66
2025-09-29T06:18:56.503Z,60.1,21.1,1.923,50.4,0,60.2,0,0,0,0,0,0,0,0,66
2025-09-29T06:18:57.502Z,60.1,21.1,1.923,49.6,0,60.2,0,0,0,0,0,0,0,0,66
2025-09-29T06:18:58.505Z,60.1,21.1,1.923,49.6,0,60.2,0,0,0,0,0,0,0,0,66
2025-09-29T06:18:59.507Z,60.1,21.1,1.923,50.4,0,60.2,0,0,0,0,0,0,0,0,66
2025-09-29T06:19:00.504Z,60.1,21.1,1.923,50.4,0,60.2,0,0,0,0,0,0,0,0,66
2025-09-29T06:19:01.507Z,60.1,21.1,1.923,49.6,0,60.2,0,0,0,0,0,0,0,0,66
2025-09-29T06:19:02.509Z,60.1,21.1,1.923,50.4,0,60.2,0,0,0,0,0,0,0,0,66
2025-09-29T06:19:03.507Z,60.1,21.1,1.923,50.4,0,60.2,0,0,0,0,0,0,0,0,66
2025-09-29T06:19:04.508Z,60.1,21.1,1.924,49.6,0,60.2,0,0,0,0,0,0,0,0,66
2025-09-29T06:19:05.510Z,60.1,21.1,1.923,50.4,0,60.2,0,0,0,0,0,0,0,0,66
2025-09-29T06:19:06.510Z,60.1,21.1,1.923,49.6,0,60.2,0,0,0,0,0,0,0,0,66
2025-09-29T06:19:07.508Z,60.1,21.1,1.924,50.4,0,60.2,0,0,0,0,0,0,0,0,66
2025-09-29T06:19:08.514Z,60.1,21.1,1.924,49.6,0,60.2,0,0,0,0,0,0,0,0,66
2025-09-29T06:19:09.513Z,60.1,21.1,1.923,49.6,0,60.2,0,0,0,0,0,0,0,0,66
2025-09-29T06:19:10.516Z,60.1,21.1,1.925,50.4,0,60.2,0,0,0,0,0,0,0,0,66
2025-09-29T06:19:11.518Z,60.1,21.1,1.925,49.6,0,60.2,0,0,0,0,0,0,0,0,66
2025-09-29T06:19:12.517Z,60.1,21.1,1.923,49.6,0,60.2,0,0,0,0,0,0,0,0,66
2025-09-29T06:19:13.517Z,60.1,21.1,1.925,50.4,0,60.2,0,0,0,0,0,0,0,0,66
2025-09-29T06:19:14.525Z,60.1,21.1,1.925,49.6,0,60.2,0,0,0,0,0,0,0,0,66
2025-09-29T06:19:15.518Z,60.1,21.1,1.923,49.6,0,60.2,0,0,0,0,0,0,0,0,66
2025-09-29T06:19:16.524Z,60.1,21.1,1.924,50.4,0,60.2,0,0,0,0,0,0,0,0,66
2025-09-29T06:19:17.522Z,60.1,21.1,1.925,50.4,0,60.2,0,0,0,0,0,0,0,0,66
2025-09-29T06:19:18.525Z,60.1,21.1,1.925,49.6,0,60.2,0,0,0,0,0,0,0,0,66
2025-09-29T06:19:19.522Z,60.1,21.1,1.925,50.4,0,60.2,0,0,0,0,0,0,0,0,66
2025-09-29T06:19:20.528Z,60,21.1,1.925,50.4,0,60.2,0,0,0,0,0,0,0,0,66
2025-09-29T06:19:21.528Z,60,21.1,1.925,49.6,0,60.2,0,0,0,0,0,0,0,0,66
2025-09-29T06:19:22.527Z,60,21.1,1.925,50.4,0,60.2,0,0,0,0,0,0,0,0,66
2025-09-29T06:19:23.523Z,60,21.1,1.924,49.6,0,60.2,0,0,0,0,0,0,0,0,66
2025-09-29T06:19:24.529Z,60,21.1,1.925,50.4,0,60.2,0,0,0,0,0,0,0,0,66
2025-09-29T06:19:25.529Z,60,21.1,1.925,49.6,0,60.2,0,0,0,0,0,0,0,0,66
2025-09-29T06:19:26.529Z,60,21.1,1.925,49.6,0,60.2,0,0,0,0,0,0,0,0,66
2025-09-29T06:19:27.533Z,60,21.1,1.925,50.4,0,60.2,0,0,0,0,0,0,0,0,66
2025-09-29T06:19:28.529Z,60,21.1,1.925,49.6,0,60.2,0,0,0,0,0,0,0,0,66
2025-09-29T06:19:29.536Z,60,21.1,1.925,50.4,0,60.2,0,0,0,0,0,0,0,0,66
2025-09-29T06:19:30.532Z,60,21.1,1.925,49.6,0,60.2,0,0,0,0,0,0,0,0,66
2025-09-29T06:19:31.530Z,60,21.1,1.925,49.6,0,60.2,0,0,0,0,0,0,0,0,66
2025-09-29T06:19:32.527Z,60,21.1,1.924,50.4,0,60.2,0,0,0,0,0,0,0,0,66
2025-09-29T06:19:33.536Z,60,21.1,1.925,49.6,0,60.2,0,0,0,0,0,0,0,0,66
2025-09-29T06:19:34.540Z,60,21.1,1.925,49.6,0,60.2,0,0,0,0,0,0,0,0,66
2025-09-29T06:19:35.537Z,60,21.1,1.926,50.4,0,60.2,0,0,0,0,0,0,0,0,66
2025-09-29T06:19:36.538Z,60,21.1,1.926,50.4,0,60.2,0,0,0,0,0,0,0,0,66
2025-09-29T06:19:37.546Z,60,21.1,1.925,49.6,0,60.2,0,0,0,0,0,0,0,0,66
2025-09-29T06:19:38.539Z,60,21.1,1.926,50.4,0,60.2,0,0,0,0,0,0,0,0,66
2025-09-29T06:19:39.538Z,60,21.1,1.926,49.6,0,60.2,0,0,0,0,0,0,0,0,66
2025-09-29T06:19:40.539Z,60,21.1,1.926,49.6,0,60.2,0,0,0,0,0,0,0,0,66
2025-09-29T06:19:41.540Z,60,21.1,1.926,50.4,0,60.2,0,0,0,0,0,0,0,0,66
2025-09-29T06:19:42.547Z,60,21.1,1.926,49.6,0,60.2,0,0,0,0,0,0,0,0,66
2025-09-29T06:19:43.544Z,60,21.1,1.926,49.6,0,60.2,0,0,0,0,0,0,0,0,66
2025-09-29T06:19:44.543Z,60,21.1,1.926,50.4,0,60.2,0,0,0,0,0,0,0,0,66
2025-09-29T06:19:45.544Z,59.9,21.1,1.926,49.6,0,60.2,0,0,0,0,0,0,0,0,66
2025-09-29T06:19:46.550Z,59.9,21.1,1.926,49.6,0,60.2,0,0,0,0,0,0,0,0,66
2025-09-29T06:19:47.548Z,59.9,21.1,1.926,50.4,0,60.2,0,0,0,0,0,0,0,0,66
2025-09-29T06:19:48.549Z,59.9,21.1,1.926,49.6,0,60.2,0,0,0,0,0,0,0,0,66
2025-09-29T06:19:49.552Z,59.9,21.1,1.925,49.6,0,60.2,0,0,0,0,0,0,0,0,66
2025-09-29T06:19:50.550Z,59.9,21.1,1.926,50.4,0,60.2,0,0,0,0,0,0,0,0,66
2025-09-29T06:19:51.555Z,59.9,21.1,1.925,50.4,0,60.2,0,0,0,0,0,0,0,0,66
2025-09-29T06:19:52.556Z,59.9,21.1,1.925,49.6,0,60.2,0,0,0,0,0,0,0,0,66
2025-09-29T06:19:53.555Z,59.9,21.1,1.925,50.4,0,60.2,0,0,0,0,0,0,0,0,66
2025-09-29T06:19:54.557Z,59.9,21.1,1.925,50.4,0,60.2,0,0,0,0,0,0,0,0,66
2025-09-29T06:19:55.559Z,59.9,21.1,1.925,49.6,0,60.2,0,0,0,0,0,0,0,0,66
2025-09-29T06:19:56.555Z,59.9,21.1,1.925,50.4,0,60.2,0,0,0,0,0,0,0,0,66
2025-09-29T06:19:57.556Z,59.9,21.1,1.926,49.6,0,60.2,0,0,0,0,0,0,0,0,66
2025-09-29T06:19:58.561Z,59.9,21.1,1.925,49.6,0,60.2,0,0,0,0,0,0,0,0,66
2025-09-29T06:19:59.562Z,59.9,21.1,1.925,50.4,0,60.2,0,0,0,0,0,0,0,0,66
2025-09-29T06:20:00.560Z,59.9,21.1,1.925,49.6,0,60.2,0,0,0,0,0,0,0,0,66
2025-09-29T06:20:01.561Z,59.9,21.1,1.925,49.6,0,60.2,0,0,0,0,0,0,0,0,66
2025-09-29T06:20:02.561Z,59.9,21.1,1.925,50.4,0,60.2,0,0,0,0,0,0,0,0,66
2025-09-29T06:20:03.560Z,59.9,21.1,1.925,49.6,0,60.2,0,0,0,0,0,0,0,0,66
2025-09-29T06:20:04.563Z,59.9,21.1,1.925,49.6,0,60.2,0,0,0,0,0,0,0,0,66
2025-09-29T06:20:05.564Z,59.9,21.1,1.925,50.4,0,60.2,0,0,0,0,0,0,0,0,66
2025-09-29T06:20:06.565Z,59.9,21.1,1.925,49.6,0,60.2,0,0,0,0,0,0,0,0,66
2025-09-29T06:20:07.569Z,59.8,21.1,1.925,50.4,0,60.2,0,0,0,0,0,0,0,0,66
2025-09-29T06:20:08.566Z,59.8,21.1,1.925,50.4,0,60.2,0,0,0,0,0,0,0,0,66
2025-09-29T06:20:09.569Z,59.8,21.1,1.925,49.6,0,60.2,0,0,0,0,0,0,0,0,66
2025-09-29T06:20:10.571Z,59.8,21.1,1.925,50.4,0,60.2,0,0,0,0,0,0,0,0,66
2025-09-29T06:20:11.573Z,59.8,21.1,1.925,50.4,0,60.2,0,0,0,0,0,0,0,0,66
2025-09-29T06:20:12.571Z,59.8,21.1,1.925,49.6,0,60.2,0,0,0,0,0,0,0,0,66
2025-09-29T06:20:13.573Z,59.8,21.1,1.925,50.4,0,60.2,0,0,0,0,0,0,0,0,66
2025-09-29T06:20:14.572Z,59.8,21.1,1.925,49.6,0,60.1,0,0,0,0,0,0,0,0,66
2025-09-29T06:20:15.571Z,59.8,21.1,1.925,50.4,0,60.1,0,0,0,0,0,0,0,0,66
2025-09-29T06:20:16.576Z,59.8,21.1,1.926,49.6,0,60.1,0,0,0,0,0,0,0,0,66
2025-09-29T06:20:17.576Z,59.8,21.1,1.926,49.6,0,60.1,0,0,0,0,0,0,0,0,66
2025-09-29T06:20:18.578Z,59.8,21.1,1.926,50.4,0,60.1,0,0,0,0,0,0,0,0,66
2025-09-29T06:20:19.578Z,59.8,21.1,1.925,49.6,0,60.1,0,0,0,0,0,0,0,0,66
2025-09-29T06:20:20.577Z,59.8,21.1,1.925,49.6,0,60.1,0,0,0,0,0,0,0,0,66
2025-09-29T06:20:21.579Z,59.8,21.1,1.926,50.4,0,60.1,0,0,0,0,0,0,0,0,66
2025-09-29T06:20:22.584Z,59.8,21.1,1.926,50.4,0,60.1,0,0,0,0,0,0,0,0,66
2025-09-29T06:20:22.584Z,59.8,21.1,1.926,50.4,0,60.1,0,0,0,0,0,0,0,0,66
2025-09-29T06:20:24.582Z,59.8,21.1,1.926,50.4,0,60.1,0,0,0,0,0,0,0,0,66
2025-09-29T06:20:25.587Z,59.8,21.1,1.926,49.6,0,60.1,0,0,0,0,0,0,0,0,66
2025-09-29T06:20:26.593Z,59.8,21.1,1.926,49.6,0,60.1,0,0,0,0,0,0,0,0,66
2025-09-29T06:20:27.596Z,59.7,21.1,1.926,50.4,0,60.1,0,0,0,0,0,0,0,0,66
2025-09-29T06:20:28.592Z,59.8,21.1,1.926,49.6,0,60.1,0,0,0,0,0,0,0,0,66
2025-09-29T06:20:29.589Z,59.7,21.1,1.926,49.6,0,60.1,0,0,0,0,0,0,0,0,66
2025-09-29T06:20:30.588Z,59.7,21.1,1.926,50.4,0,60.1,0,0,0,0,0,0,0,0,66
2025-09-29T06:20:31.589Z,59.7,21.1,1.926,50.4,0,60.1,0,0,0,0,0,0,0,0,66
2025-09-29T06:20:32.590Z,59.7,21.1,1.926,49.6,0,60.1,0,0,0,0,0,0,0,0,66
2025-09-29T06:20:33.591Z,59.7,21.1,1.926,50.4,0,60.1,0,0,0,0,0,0,0,0,66
2025-09-29T06:20:34.590Z,59.7,21.1,1.926,49.6,0,60.1,0,0,0,0,0,0,0,0,66
2025-09-29T06:20:35.589Z,59.7,21.1,1.926,50.4,0,60.1,0,0,0,0,0,0,0,0,66
2025-09-29T06:20:36.592Z,59.7,21.1,1.926,50.4,0,60.1,0,0,0,0,0,0,0,0,66
2025-09-29T06:20:37.600Z,59.7,21.1,1.926,49.6,0,60.1,0,0,0,0,0,0,0,0,66
2025-09-29T06:20:38.599Z,59.7,21.1,1.927,50.4,0,60.1,0,0,0,0,0,0,0,0,66
2025-09-29T06:20:39.599Z,59.7,21.1,1.927,49.6,0,60.1,0,0,0,0,0,0,0,0,66
2025-09-29T06:20:40.600Z,59.7,21.1,1.926,50.4,0,60.1,0,0,0,0,0,0,0,0,66
2025-09-29T06:20:41.603Z,59.7,21.1,1.926,49.6,0,60.1,0,0,0,0,0,0,0,0,66
2025-09-29T06:20:42.602Z,59.7,21.1,1.927,49.6,0,60.1,0,0,0,0,0,0,0,0,66
2025-09-29T06:20:43.596Z,59.7,21.1,1.927,49.6,0,60.1,0,0,0,0,0,0,0,0,66
2025-09-29T06:20:44.602Z,59.7,21.1,1.927,50.4,0,60.1,0,0,0,0,0,0,0,0,66
2025-09-29T06:20:45.604Z,59.7,21.1,1.926,49.6,0,60.1,0,0,0,0,0,0,0,0,66
2025-09-29T06:20:46.601Z,59.7,21.1,1.927,50.4,0,60.1,0,0,0,0,0,0,0,0,66
2025-09-29T06:20:47.612Z,59.7,21.1,1.926,49.6,0,60.1,0,0,0,0,0,0,0,0,66
2025-09-29T06:20:48.602Z,59.7,21.1,1.927,49.6,0,60.1,0,0,0,0,0,0,0,0,66
2025-09-29T06:20:49.614Z,59.7,21.1,1.926,49.6,0,60.1,0,0,0,0,0,0,0,0,66
2025-09-29T06:20:50.612Z,59.7,21.1,1.926,49.6,0,60.1,0,0,0,0,0,0,0,0,66
2025-09-29T06:20:51.610Z,59.7,21.1,1.926,50.4,0,60.1,0,0,0,0,0,0,0,0,66
2025-09-29T06:20:52.608Z,59.7,21.1,1.927,49.6,0,60.1,0,0,0,0,0,0,0,0,66
2025-09-29T06:20:53.616Z,59.7,21.1,1.926,49.6,0,60.1,0,0,0,0,0,0,0,0,66
2025-09-29T06:20:54.619Z,59.7,21.1,1.926,50.4,0,60.1,0,0,0,0,0,0,0,0,66
2025-09-29T06:20:55.616Z,59.6,21.1,1.926,49.6,0,60.1,0,0,0,0,0,0,0,0,66
2025-09-29T06:20:56.611Z,59.6,21.1,1.927,50.4,0,60.1,0,0,0,0,0,0,0,0,66
2025-09-29T06:20:57.615Z,59.6,21.1,1.926,50.4,0,60.1,0,0,0,0,0,0,0,0,66
2025-09-29T06:20:58.613Z,59.6,21.1,1.927,49.6,0,60.1,0,0,0,0,0,0,0,0,66
2025-09-29T06:20:59.615Z,59.6,21.1,1.926,50.4,0,60.1,0,0,0,0,0,0,0,0,66
2025-09-29T06:21:00.618Z,59.6,21.1,1.926,49.6,0,60.1,0,0,0,0,0,0,0,0,66
2025-09-29T06:21:01.618Z,59.6,21.1,1.926,50.4,0,60.1,0,0,0,0,0,0,0,0,66
2025-09-29T06:21:02.619Z,59.6,21.1,1.926,49.6,0,60.1,0,0,0,0,0,0,0,0,66
2025-09-29T06:21:03.619Z,59.6,21.1,1.926,50.4,0,60.1,0,0,0,0,0,0,0,0,66
2025-09-29T06:21:04.619Z,59.6,21.1,1.926,49.6,0,60.1,0,0,0,0,0,0,0,0,66
2025-09-29T06:21:05.626Z,59.6,21.1,1.926,50.4,0,60.1,0,0,0,0,0,0,0,0,66
2025-09-29T06:21:06.624Z,59.6,21.1,1.926,49.6,0,60.1,0,0,0,0,0,0,0,0,66
2025-09-29T06:21:06.624Z,59.6,21.1,1.926,49.6,0,60.1,0,0,0,0,0,0,0,0,66
2025-09-29T06:21:08.621Z,59.6,21.1,1.927,49.6,0,60.1,0,0,0,0,0,0,0,0,66
2025-09-29T06:21:09.628Z,59.6,21.1,1.926,50.4,0,60.1,0,0,0,0,0,0,0,0,66
2025-09-29T06:21:10.624Z,59.6,21.1,1.926,49.6,0,60.1,0,0,0,0,0,0,0,0,66
2025-09-29T06:21:11.627Z,59.6,21.1,1.926,50.4,0,60.1,0,0,0,0,0,0,0,0,66
2025-09-29T06:21:12.633Z,59.6,21.1,1.926,49.6,0,60.1,0,0,0,0,0,0,0,0,66
2025-09-29T06:21:13.636Z,59.6,21.1,1.926,50.4,0,60.1,0,0,0,0,0,0,0,0,66
2025-09-29T06:21:14.631Z,59.6,21.1,1.926,49.6,0,60.1,0,0,0,0,0,0,0,0,66
2025-09-29T06:21:15.630Z,59.6,21.1,1.926,50.4,0,60.1,0,0,0,0,0,0,0,0,66
2025-09-29T06:21:16.636Z,59.6,21.1,1.926,49.6,0,60.1,0,0,0,0,0,0,0,0,66
2025-09-29T06:21:17.641Z,59.6,21.1,1.926,50.4,0,60.1,0,0,0,0,0,0,0,0,66
2025-09-29T06:21:18.635Z,59.6,21.1,1.926,49.6,0,60.1,0,0,0,0,0,0,0,0,66
2025-09-29T06:21:19.634Z,59.6,21.1,1.926,50.4,0,60.1,0,0,0,0,0,0,0,0,66
2025-09-29T06:21:20.643Z,59.5,21.1,1.926,49.6,0,60.1,0,0,0,0,0,0,0,0,66
2025-09-29T06:21:21.639Z,59.5,21.1,1.927,50.4,0,60.1,0,0,0,0,0,0,0,0,66
2025-09-29T06:21:22.638Z,59.5,21.1,1.926,49.6,0,60.1,0,0,0,0,0,0,0,0,66
2025-09-29T06:21:23.639Z,59.5,21.1,1.926,50.4,0,60.1,0,0,0,0,0,0,0,0,66
2025-09-29T06:21:24.641Z,59.5,21.1,1.926,49.6,0,60.1,0,0,0,0,0,0,0,0,66
2025-09-29T06:21:25.641Z,59.5,21.1,1.926,50.4,0,60.1,0,0,0,0,0,0,0,0,66
2025-09-29T06:21:26.643Z,59.5,21.1,1.926,49.6,0,60.1,0,0,0,0,0,0,0,0,66
2025-09-29T06:21:27.644Z,59.5,21.1,1.926,50.4,0,60.1,0,0,0,0,0,0,0,0,66
2025-09-29T06:21:28.647Z,59.5,21.1,1.926,49.6,0,60.1,0,0,0,0,0,0,0,0,66
2025-09-29T06:21:29.643Z,59.5,21.1,1.926,50.4,0,60.1,0,0,0,0,0,0,0,0,66
2025-09-29T06:21:30.641Z,59.5,21.1,1.926,49.6,0,60.1,0,0,0,0,0,0,0,0,66
2025-09-29T06:21:31.646Z,59.5,21.1,1.927,50.4,0,60.1,0,0,0,0,0,0,0,0,66
2025-09-29T06:21:32.646Z,59.5,21.1,1.927,49.6,0,60.1,0,0,0,0,0,0,0,0,66
2025-09-29T06:21:33.648Z,59.5,21.1,1.926,50.4,0,60.1,0,0,0,0,0,0,0,0,66
2025-09-29T06:21:34.645Z,59.5,21.1,1.926,49.6,0,60.1,0,0,0,0,0,0,0,0,66
2025-09-29T06:21:35.653Z,59.5,21.1,1.928,50.4,0,60.1,0,0,0,0,0,0,0,0,66
2025-09-29T06:21:36.652Z,59.5,21.1,1.926,49.6,0,60.1,0,0,0,0,0,0,0,0,66
2025-09-29T06:21:37.649Z,59.5,21.1,1.927,50.4,0,60.1,0,0,0,0,0,0,0,0,66
2025-09-29T06:21:38.650Z,59.5,21.1,1.926,49.6,0,60.1,0,0,0,0,0,0,0,0,66
2025-09-29T06:21:39.646Z,59.5,21.1,1.926,50.4,0,60.1,0,0,0,0,0,0,0,0,66
2025-09-29T06:21:40.652Z,59.5,21.1,1.926,49.6,0,60.1,0,0,0,0,0,0,0,0,66
2025-09-29T06:21:41.654Z,59.5,21.1,1.927,50.4,0,60.1,0,0,0,0,0,0,0,0,66
2025-09-29T06:21:42.653Z,59.5,21.1,1.926,49.6,0,60.1,0,0,0,0,0,0,0,0,66
2025-09-29T06:21:43.659Z,59.5,21.1,1.927,50.4,0,60.1,0,0,0,0,0,0,0,0,66
2025-09-29T06:21:44.656Z,59.5,21.1,1.926,49.6,0,60.1,0,0,0,0,0,0,0,0,66
2025-09-29T06:21:45.657Z,59.5,21.1,1.927,50.4,0,60.1,0,0,0,0,0,0,0,0,66
2025-09-29T06:21:46.660Z,59.5,21.1,1.927,49.6,0,60.1,0,0,0,0,0,0,0,0,66
2025-09-29T06:21:47.658Z,59.5,21.1,1.927,50.4,0,60.1,0,0,0,0,0,0,0,0,66
2025-09-29T06:21:48.662Z,59.5,21.1,1.927,49.6,0,60.1,0,0,0,0,0,0,0,0,66
2025-09-29T06:21:49.661Z,59.5,21.1,1.927,50.4,0,60.1,0,0,0,0,0,0,0,0,66
2025-09-29T06:21:50.665Z,59.5,21.1,1.927,49.6,0,60.1,0,0,0,0,0,0,0,0,66
2025-09-29T06:21:51.660Z,59.5,21.1,1.927,50.4,0,60.1,0,0,0,0,0,0,0,0,66
2025-09-29T06:21:52.665Z,59.5,21.1,1.927,49.6,0,60.1,0,0,0,0,0,0,0,0,66
2025-09-29T06:21:53.666Z,59.5,21.1,1.926,49.6,0,60.1,0,0,0,0,0,0,0,0,66
2025-09-29T06:21:54.666Z,59.5,21.1,1.927,50.4,0,60.1,0,0,0,0,0,0,0,0,66
2025-09-29T06:21:55.668Z,59.5,21.1,1.927,49.6,0,60.1,0,0,0,0,0,0,0,0,66
2025-09-29T06:21:56.672Z,59.4,21.1,1.928,50.4,0,60.1,0,0,0,0,0,0,0,0,66
2025-09-29T06:21:57.669Z,59.4,21.1,1.927,49.6,0,60.1,0,0,0,0,0,0,0,0,66
2025-09-29T06:21:58.670Z,59.5,21.1,1.927,50.4,0,60.1,0,0,0,0,0,0,0,0,66
2025-09-29T06:21:59.670Z,59.4,21.1,1.927,49.6,0,60.1,0,0,0,0,0,0,0,0,66
2025-09-29T06:22:00.671Z,59.4,21.1,1.927,50.4,0,60.1,0,0,0,0,0,0,0,0,66
2025-09-29T06:22:01.671Z,59.4,21.1,1.927,49.6,0,60.1,0,0,0,0,0,0,0,0,66
2025-09-29T06:22:02.671Z,59.4,21.1,1.927,50.4,0,60.1,0,0,0,0,0,0,0,0,66
2025-09-29T06:22:03.674Z,59.4,21.1,1.928,49.6,0,60.1,0,0,0,0,0,0,0,0,66
2025-09-29T06:22:04.674Z,59.4,21.1,1.928,50.4,0,60.1,0,0,0,0,0,0,0,0,66
2025-09-29T06:22:05.675Z,59.4,21.1,1.929,49.6,0,60.1,0,0,0,0,0,0,0,0,66
2025-09-29T06:22:06.676Z,59.4,21.1,1.929,50.4,0,60.1,0,0,0,0,0,0,0,0,66
2025-09-29T06:22:07.680Z,59.4,21.1,1.928,49.6,0,60.1,0,0,0,0,0,0,0,0,66
2025-09-29T06:22:08.680Z,59.4,21.1,1.929,50.4,0,60.1,0,0,0,0,0,0,0,0,66
2025-09-29T06:22:09.681Z,59.4,21.1,1.929,49.6,0,60.1,0,0,0,0,0,0,0,0,66
2025-09-29T06:22:10.680Z,59.4,21.1,1.928,50.4,0,60,0,0,0,0,0,0,0,0,66
2025-09-29T06:22:11.684Z,59.4,21.1,1.929,49.6,0,60,0,0,0,0,0,0,0,0,66
2025-09-29T06:22:12.682Z,59.4,21.1,1.928,50.4,0,60,0,0,0,0,0,0,0,0,66
2025-09-29T06:22:13.685Z,59.4,21.1,1.928,49.6,0,60.1,0,0,0,0,0,0,0,0,66
2025-09-29T06:22:14.687Z,59.4,21.1,1.928,50.4,0,60.1,0,0,0,0,0,0,0,0,66
2025-09-29T06:22:15.687Z,59.4,21.1,1.928,49.6,0,60.1,0,0,0,0,0,0,0,0,66
2025-09-29T06:22:16.687Z,59.4,21.1,1.929,50.4,0,60.1,0,0,0,0,0,0,0,0,66
2025-09-29T06:22:17.687Z,59.4,21.1,1.928,49.6,0,60.1,0,0,0,0,0,0,0,0,66
2025-09-29T06:22:18.685Z,59.4,21.1,1.928,50.4,0,60.1,0,0,0,0,0,0,0,0,66
2025-09-29T06:22:19.688Z,59.4,21.1,1.928,49.6,0,60.1,0,0,0,0,0,0,0,0,66
2025-09-29T06:22:20.691Z,59.4,21.1,1.928,50.4,0,60.1,0,0,0,0,0,0,0,0,66
2025-09-29T06:22:21.691Z,59.4,21.1,1.928,49.6,0,60.1,0,0,0,0,0,0,0,0,66
2025-09-29T06:22:22.691Z,59.4,21.1,1.928,49.6,0,60.1,0,0,0,0,0,0,0,0,66
2025-09-29T06:22:23.691Z,59.4,21.1,1.928,50.4,0,60.1,0,0,0,0,0,0,0,0,66
2025-09-29T06:22:24.693Z,59.4,21.1,1.928,49.6,0,60.1,0,0,0,0,0,0,0,0,66
2025-09-29T06:22:25.700Z,59.4,21.1,1.929,50.4,0,60.1,0,0,0,0,0,0,0,0,66
2025-09-29T06:22:26.695Z,59.4,21.1,1.928,49.6,0,60.1,0,0,0,0,0,0,0,0,66
2025-09-29T06:22:27.695Z,59.4,21.1,1.928,50.4,0,60.1,0,0,0,0,0,0,0,0,66
2025-09-29T06:22:28.698Z,59.4,21.1,1.929,49.6,0,60.1,0,0,0,0,0,0,0,0,66
2025-09-29T06:22:29.696Z,59.4,21.1,1.929,50.4,0,60.1,0,0,0,0,0,0,0,0,66
2025-09-29T06:22:30.695Z,59.4,21.1,1.928,49.6,0,60,0,0,0,0,0,0,0,0,66
2025-09-29T06:22:31.702Z,59.4,21.1,1.929,49.6,0,60,0,0,0,0,0,0,0,0,66
2025-09-29T06:22:32.702Z,59.4,21.1,1.929,49.6,0,60,0,0,0,0,0,0,0,0,66
2025-09-29T06:22:33.704Z,59.4,21.1,1.929,50.4,0,60,0,0,0,0,0,0,0,0,66
2025-09-29T06:22:34.706Z,59.4,21.1,1.929,49.6,0,60.1,0,0,0,0,0,0,0,0,66
2025-09-29T06:22:35.700Z,59.4,21.1,1.929,50.4,0,60,0,0,0,0,0,0,0,0,66
2025-09-29T06:22:36.706Z,59.4,21.1,1.929,49.6,0,60,0,0,0,0,0,0,0,0,66
2025-09-29T06:22:37.704Z,59.4,21.1,1.929,50.4,0,60,0,0,0,0,0,0,0,0,66
2025-09-29T06:22:38.706Z,59.4,21.1,1.929,49.6,0,60,0,0,0,0,0,0,0,0,66
2025-09-29T06:22:39.706Z,59.4,21.1,1.929,50.4,0,60.1,0,0,0,0,0,0,0,0,66
2025-09-29T06:22:40.708Z,59.4,21.1,1.929,49.6,0,60.1,0,0,0,0,0,0,0,0,66
2025-09-29T06:22:41.708Z,59.4,21.1,1.929,50.4,0,60,0,0,0,0,0,0,0,0,66
2025-09-29T06:22:42.711Z,59.4,21.1,1.929,49.6,0,60,0,0,0,0,0,0,0,0,66
2025-09-29T06:22:43.710Z,59.4,21.1,1.929,50.4,0,60,0,0,0,0,0,0,0,0,66
2025-09-29T06:22:44.708Z,59.4,21.1,1.929,49.6,0,60,0,0,0,0,0,0,0,0,66
2025-09-29T06:22:45.717Z,59.4,21.1,1.929,50.4,0,60,0,0,0,0,0,0,0,0,66
2025-09-29T06:22:46.712Z,59.4,21.1,1.929,49.6,0,60.1,0,0,0,0,0,0,0,0,66
2025-09-29T06:22:47.712Z,59.4,21.1,1.929,50.4,0,60,0,0,0,0,0,0,0,0,66
2025-09-29T06:22:48.713Z,59.4,21.1,1.929,49.6,0,60,0,0,0,0,0,0,0,0,66
2025-09-29T06:22:49.716Z,59.4,21.1,1.929,50.4,0,60,0,0,0,0,0,0,0,0,66
2025-09-29T06:22:50.717Z,59.4,21.1,1.929,49.6,0,60,0,0,0,0,0,0,0,0,66
2025-09-29T06:22:51.714Z,59.4,21.1,1.929,50.4,0,60,0,0,0,0,0,0,0,0,66
2025-09-29T06:22:52.716Z,59.4,21.1,1.929,49.6,0,60,0,0,0,0,0,0,0,0,66
2025-09-29T06:22:53.723Z,59.4,21.1,1.929,50.4,0,60,0,0,0,0,0,0,0,0,66
2025-09-29T06:22:54.719Z,59.4,21.1,1.929,49.6,0,60,0,0,0,0,0,0,0,0,66
2025-09-29T06:22:55.720Z,59.4,21.1,1.929,50.4,0,60.1,0,0,0,0,0,0,0,0,66
2025-09-29T06:22:56.723Z,59.4,21.1,1.929,49.6,0,60,0,0,0,0,0,0,0,0,66
2025-09-29T06:22:57.724Z,59.4,21.1,1.929,50.4,0,60,0,0,0,0,0,0,0,0,66
2025-09-29T06:22:58.725Z,59.4,21.1,1.929,49.6,0,60,0,0,0,0,0,0,0,0,66
2025-09-29T06:22:59.725Z,59.4,21.1,1.929,50.4,0,60,0,0,0,0,0,0,0,0,66
2025-09-29T06:23:00.730Z,59.4,21.1,1.929,49.6,0,60,0,0,0,0,0,0,0,0,66
2025-09-29T06:23:01.728Z,59.4,21.1,1.929,49.6,0,60,0,0,0,0,0,0,0,0,66
2025-09-29T06:23:02.727Z,59.4,21.1,1.929,49.6,0,60,0,0,0,0,0,0,0,0,66
2025-09-29T06:23:03.728Z,59.4,21.1,1.929,50.4,0,60,0,0,0,0,0,0,0,0,66
2025-09-29T06:23:04.735Z,59.4,21.1,1.928,49.6,0,60,0,0,0,0,0,0,0,0,66
2025-09-29T06:23:05.731Z,59.4,21.1,1.929,50.4,0,60,0,0,0,0,0,0,0,0,66
2025-09-29T06:23:06.731Z,59.4,21.1,1.929,49.6,0,60,0,0,0,0,0,0,0,0,66
2025-09-29T06:23:07.732Z,59.4,21.1,1.929,50.4,0,60,0,0,0,0,0,0,0,0,66
2025-09-29T06:23:08.734Z,59.4,21.1,1.929,49.6,0,60,0,0,0,0,0,0,0,0,66
2025-09-29T06:23:09.733Z,59.4,21.1,1.929,50.4,0,60,0,0,0,0,0,0,0,0,66
2025-09-29T06:23:10.731Z,59.4,21.1,1.929,49.6,0,60,0,0,0,0,0,0,0,0,66
2025-09-29T06:23:11.738Z,59.4,21.1,1.929,50.4,0,60,0,0,0,0,0,0,0,0,66
2025-09-29T06:23:12.735Z,59.4,21.1,1.929,49.6,0,60,0,0,0,0,0,0,0,0,66
2025-09-29T06:23:13.736Z,59.4,21.1,1.929,50.4,0,60,0,0,0,0,0,0,0,0,66
2025-09-29T06:23:14.735Z,59.4,21.1,1.929,49.6,0,60,0,0,0,0,0,0,0,0,66
2025-09-29T06:23:15.738Z,59.4,21.1,1.929,50.4,0,60,0,0,0,0,0,0,0,0,66
2025-09-29T06:23:16.736Z,59.4,21.1,1.929,49.6,0,60,0,0,0,0,0,0,0,0,66
2025-09-29T06:23:17.739Z,59.4,21.1,1.929,50.4,0,60,0,0,0,0,0,0,0,0,66
2025-09-29T06:23:18.742Z,59.4,21.1,1.929,49.6,0,60,0,0,0,0,0,0,0,0,66
2025-09-29T06:23:19.739Z,59.4,21.1,1.929,50.4,0,60,0,0,0,0,0,0,0,0,66
2025-09-29T06:23:20.739Z,59.4,21.1,1.929,49.6,0,60,0,0,0,0,0,0,0,0,66
2025-09-29T06:23:21.743Z,59.4,21.1,1.928,49.6,0,60,0,0,0,0,0,0,0,0,66
2025-09-29T06:23:22.742Z,59.4,21.1,1.928,49.6,0,60,0,0,0,0,0,0,0,0,66
2025-09-29T06:23:23.742Z,59.4,21.1,1.928,50.4,0,60,0,0,0,0,0,0,0,0,66
2025-09-29T06:23:24.747Z,59.4,21.1,1.928,49.6,0,60,0,0,0,0,0,0,0,0,66
2025-09-29T06:23:25.746Z,59.4,21.1,1.929,50.4,0,60,0,0,0,0,0,0,0,0,66
2025-09-29T06:23:26.742Z,59.4,21.1,1.928,49.6,0,60,0,0,0,0,0,0,0,0,66
2025-09-29T06:23:27.744Z,59.4,21.1,1.928,50.4,0,60,0,0,0,0,0,0,0,0,66
2025-09-29T06:23:28.751Z,59.4,21.1,1.928,49.6,0,60,0,0,0,0,0,0,0,0,66
2025-09-29T06:23:29.748Z,59.4,21.1,1.928,50.4,0,60,0,0,0,0,0,0,0,0,66
2025-09-29T06:23:30.748Z,59.4,21.1,1.928,49.6,0,60,0,0,0,0,0,0,0,0,66
2025-09-29T06:23:31.748Z,59.4,21.1,1.928,50.4,0,60,0,0,0,0,0,0,0,0,66
2025-09-29T06:23:32.751Z,59.4,21.1,1.928,49.6,0,60,0,0,0,0,0,0,0,0,66
2025-09-29T06:23:33.754Z,59.4,21.1,1.928,50.4,0,60,0,0,0,0,0,0,0,0,66
2025-09-29T06:23:34.748Z,59.4,21.1,1.929,49.6,0,60,0,0,0,0,0,0,0,0,66
2025-09-29T06:23:35.751Z,59.4,21.1,1.928,50.4,0,60,0,0,0,0,0,0,0,0,66
2025-09-29T06:23:36.753Z,59.4,21.1,1.928,49.6,0,60,0,0,0,0,0,0,0,0,66
2025-09-29T06:23:37.751Z,59.4,21.1,1.928,50.4,0,60,0,0,0,0,0,0,0,0,66
2025-09-29T06:23:38.753Z,59.4,21.1,1.928,49.6,0,60,0,0,0,0,0,0,0,0,66
2025-09-29T06:23:39.754Z,59.4,21.1,1.928,50.4,0,60,0,0,0,0,0,0,0,0,66
2025-09-29T06:23:40.755Z,59.4,21.1,1.928,49.6,0,60,0,0,0,0,0,0,0,0,66
2025-09-29T06:23:41.757Z,59.5,21.1,1.928,49.6,0,60,0,0,0,0,0,0,0,0,66
2025-09-29T06:23:42.757Z,59.5,21.1,1.928,50.4,0,60,0,0,0,0,0,0,0,0,66
2025-09-29T06:23:43.761Z,59.5,21.1,1.928,49.6,0,60,0,0,0,0,0,0,0,0,66
2025-09-29T06:23:44.758Z,59.5,21.1,1.928,50.4,0,60,0,0,0,0,0,0,0,0,66
2025-09-29T06:23:45.767Z,59.5,21.1,1.927,49.6,0,60,0,0,0,0,0,0,0,0,66
2025-09-29T06:23:46.764Z,59.5,21.1,1.928,50.4,0,60,0,0,0,0,0,0,0,0,66
2025-09-29T06:23:47.772Z,59.5,21.1,1.927,49.6,0,60,0,0,0,0,0,0,0,0,66
2025-09-29T06:23:48.771Z,59.5,21.1,1.927,50.4,0,60,0,0,0,0,0,0,0,0,66
2025-09-29T06:23:49.765Z,59.5,21.1,1.928,49.6,0,60,0,0,0,0,0,0,0,0,66
2025-09-29T06:23:50.766Z,59.5,21.1,1.928,50.4,0,60,0,0,0,0,0,0,0,0,66
2025-09-29T06:23:51.765Z,59.5,21.1,1.928,49.6,0,60,0,0,0,0,0,0,0,0,66
2025-09-29T06:23:52.768Z,59.5,21.1,1.928,50.4,0,60,0,0,0,0,0,0,0,0,66
2025-09-29T06:23:53.771Z,59.5,21.1,1.927,49.6,0,60,0,0,0,0,0,0,0,0,66
2025-09-29T06:23:54.771Z,59.5,21.1,1.928,49.6,0,60,0,0,0,0,0,0,0,0,66
2025-09-29T06:23:55.771Z,59.5,21.1,1.928,49.6,0,60,0,0,0,0,0,0,0,0,66
2025-09-29T06:23:56.774Z,59.5,21.1,1.926,50.4,0,60,0,0,0,0,0,0,0,0,66
2025-09-29T06:23:57.775Z,59.5,21.1,1.926,49.6,0,60,0,0,0,0,0,0,0,0,66
2025-09-29T06:23:58.773Z,59.5,21.1,1.928,50.4,0,60,0,0,0,0,0,0,0,0,66
2025-09-29T06:23:59.772Z,59.5,21.1,1.926,49.6,0,60,0,0,0,0,0,0,0,0,66
2025-09-29T06:24:00.773Z,59.5,21.1,1.928,50.4,0,60,0,0,0,0,0,0,0,0,66
2025-09-29T06:24:01.775Z,59.5,21.1,1.927,49.6,0,60,0,0,0,0,0,0,0,0,66
2025-09-29T06:24:02.777Z,59.5,21.1,1.926,50.4,0,60,0,0,0,0,0,0,0,0,66
2025-09-29T06:24:03.778Z,59.5,21.1,1.927,49.6,0,60,0,0,0,0,0,0,0,0,66
2025-09-29T06:24:04.782Z,59.5,21.1,1.926,50.4,0,60,0,0,0,0,0,0,0,0,66
2025-09-29T06:24:05.778Z,59.5,21.1,1.926,49.6,0,60,0,0,0,0,0,0,0,0,66
2025-09-29T06:24:06.778Z,59.5,21.1,1.927,50.4,0,60,0,0,0,0,0,0,0,0,66
2025-09-29T06:24:07.781Z,59.5,21.1,1.926,49.6,0,60,0,0,0,0,0,0,0,0,66
2025-09-29T06:24:08.784Z,59.5,21.1,1.926,50.4,0,60,0,0,0,0,0,0,0,0,66
2025-09-29T06:24:09.782Z,59.5,21.1,1.926,49.6,0,60,0,0,0,0,0,0,0,0,66
2025-09-29T06:24:10.784Z,59.6,21.1,1.926,50.4,0,60,0,0,0,0,0,0,0,0,66
2025-09-29T06:24:11.784Z,59.5,21.1,1.926,49.6,0,60,0,0,0,0,0,0,0,0,66
2025-09-29T06:24:12.784Z,59.6,21.1,1.926,50.4,0,60,0,0,0,0,0,0,0,0,66
2025-09-29T06:24:13.787Z,59.6,21.1,1.926,49.6,0,60,0,0,0,0,0,0,0,0,66
2025-09-29T06:24:14.787Z,59.6,21.1,1.926,50.4,0,60,0,0,0,0,0,0,0,0,66
2025-09-29T06:24:15.784Z,59.6,21.1,1.927,49.6,0,60,0,0,0,0,0,0,0,0,66
2025-09-29T06:24:16.788Z,59.6,21.1,1.926,50.4,0,59.9,0,0,0,0,0,0,0,0,66
2025-09-29T06:24:16.788Z,59.6,21.1,1.926,50.4,0,59.9,0,0,0,0,0,0,0,0,66
2025-09-29T06:24:18.791Z,59.6,21.1,1.926,50.4,0,59.9,0,0,0,0,0,0,0,0,66
2025-09-29T06:24:19.788Z,59.6,21.1,1.926,49.6,0,59.9,0,0,0,0,0,0,0,0,66
2025-09-29T06:24:20.788Z,59.6,21.1,1.926,50.4,0,59.9,0,0,0,0,0,0,0,0,66
2025-09-29T06:24:21.795Z,59.6,21.1,1.927,49.6,0,59.9,0,0,0,0,0,0,0,0,66
2025-09-29T06:24:22.791Z,59.6,21.1,1.926,50.4,0,59.9,0,0,0,0,0,0,0,0,66
2025-09-29T06:24:23.793Z,59.6,21.1,1.926,49.6,0,59.9,0,0,0,0,0,0,0,0,66
2025-09-29T06:24:24.794Z,59.6,21.1,1.926,50.4,0,59.9,0,0,0,0,0,0,0,0,66
2025-09-29T06:24:25.795Z,59.6,21.1,1.926,49.6,0,59.9,0,0,0,0,0,0,0,0,66
2025-09-29T06:24:26.790Z,59.6,21.1,1.927,50.4,0,59.9,0,0,0,0,0,0,0,0,66
2025-09-29T06:24:27.795Z,59.6,21.1,1.926,49.6,0,59.9,0,0,0,0,0,0,0,0,66
2025-09-29T06:24:28.802Z,59.6,21.1,1.926,50.4,0,59.9,0,0,0,0,0,0,0,0,66
2025-09-29T06:24:29.797Z,59.6,21.1,1.926,49.6,0,59.9,0,0,0,0,0,0,0,0,66
2025-09-29T06:24:30.795Z,59.6,21.1,1.926,49.6,0,59.9,0,0,0,0,0,0,0,0,66
2025-09-29T06:24:31.797Z,59.6,21.1,1.926,49.6,0,59.9,0,0,0,0,0,0,0,0,66
2025-09-29T06:24:32.801Z,59.6,21.1,1.926,50.4,0,59.9,0,0,0,0,0,0,0,0,66
2025-09-29T06:24:33.799Z,59.6,21.1,1.926,49.6,0,59.9,0,0,0,0,0,0,0,0,66
2025-09-29T06:24:34.809Z,59.6,21.1,1.927,50.4,0,59.9,0,0,0,0,0,0,0,0,66
2025-09-29T06:24:35.801Z,59.7,21.1,1.926,49.6,0,59.9,0,0,0,0,0,0,0,0,66
2025-09-29T06:24:36.805Z,59.7,21.1,1.926,50.4,0,59.9,0,0,0,0,0,0,0,0,66
2025-09-29T06:24:37.804Z,59.7,21.1,1.926,49.6,0,59.9,0,0,0,0,0,0,0,0,66
2025-09-29T06:24:38.804Z,59.7,21.1,1.926,50.4,0,59.9,0,0,0,0,0,0,0,0,66
2025-09-29T06:24:39.809Z,59.7,21.1,1.926,49.6,0,59.9,0,0,0,0,0,0,0,0,66
2025-09-29T06:24:40.811Z,59.7,21.1,1.926,50.4,0,59.9,0,0,0,0,0,0,0,0,66
2025-09-29T06:24:41.810Z,59.7,21.1,1.926,49.6,0,59.9,0,0,0,0,0,0,0,0,66
2025-09-29T06:24:42.809Z,59.7,21.1,1.926,50.4,0,59.9,0,0,0,0,0,0,0,0,66
2025-09-29T06:24:43.812Z,59.7,21.1,1.926,49.6,0,59.9,0,0,0,0,0,0,0,0,66
2025-09-29T06:24:44.812Z,59.7,21.1,1.926,50.4,0,59.9,0,0,0,0,0,0,0,0,66
2025-09-29T06:24:45.811Z,59.7,21.1,1.926,49.6,0,59.9,0,0,0,0,0,0,0,0,66
2025-09-29T06:24:46.814Z,59.7,21.1,1.926,50.4,0,59.9,0,0,0,0,0,0,0,0,66
2025-09-29T06:24:47.808Z,59.7,21.1,1.926,49.6,0,59.9,0,0,0,0,0,0,0,0,66
2025-09-29T06:24:48.815Z,59.7,21.1,1.926,50.4,0,59.9,0,0,0,0,0,0,0,0,66
2025-09-29T06:24:49.820Z,59.7,21.1,1.926,49.6,0,59.9,0,0,0,0,0,0,0,0,66
2025-09-29T06:24:50.811Z,59.7,21.1,1.926,50.4,0,59.9,0,0,0,0,0,0,0,0,66
2025-09-29T06:24:51.820Z,59.7,21.1,1.927,49.6,0,59.9,0,0,0,0,0,0,0,0,66
2025-09-29T06:24:52.819Z,59.7,21.1,1.926,50.4,0,59.9,0,0,0,0,0,0,0,0,66
2025-09-29T06:24:53.817Z,59.7,21.1,1.926,49.6,0,59.9,0,0,0,0,0,0,0,0,66
2025-09-29T06:24:54.822Z,59.8,21.1,1.926,50.4,0,59.9,0,0,0,0,0,0,0,0,66
2025-09-29T06:24:55.815Z,59.8,21.1,1.926,49.6,0,59.9,0,0,0,0,0,0,0,0,66
2025-09-29T06:24:56.818Z,59.8,21.1,1.926,49.6,0,59.9,0,0,0,0,0,0,0,0,66
2025-09-29T06:24:57.825Z,59.8,21.1,1.926,50.4,0,59.9,0,0,0,0,0,0,0,0,66
2025-09-29T06:24:58.819Z,59.8,21.1,1.926,49.6,0,59.9,0,0,0,0,0,0,0,0,66
2025-09-29T06:24:59.816Z,59.8,21.1,1.926,49.6,0,59.9,0,0,0,0,0,0,0,0,66
2025-09-29T06:25:00.823Z,59.8,21.1,1.926,49.6,0,59.9,0,0,0,0,0,0,0,0,66
2025-09-29T06:25:01.820Z,59.8,21.1,1.926,49.6,0,59.9,0,0,0,0,0,0,0,0,66
2025-09-29T06:25:02.820Z,59.8,21.1,1.926,50.4,0,59.9,0,0,0,0,0,0,0,0,66
2025-09-29T06:25:03.827Z,59.8,21.1,1.926,49.6,0,59.9,0,0,0,0,0,0,0,0,66
2025-09-29T06:25:04.828Z,59.8,21.1,1.926,50.4,0,59.9,0,0,0,0,0,0,0,0,66
2025-09-29T06:25:05.824Z,59.8,21.1,1.926,49.6,0,59.9,0,0,0,0,0,0,0,0,66
2025-09-29T06:25:06.826Z,59.8,21.1,1.926,50.4,0,59.9,0,0,0,0,0,0,0,0,66
2025-09-29T06:25:07.824Z,59.8,21.1,1.925,49.6,0,59.9,0,0,0,0,0,0,0,0,66
2025-09-29T06:25:08.828Z,59.8,21.1,1.925,50.4,0,59.9,0,0,0,0,0,0,0,0,66
2025-09-29T06:25:09.826Z,59.9,21.1,1.925,49.6,0,59.9,0,0,0,0,0,0,0,0,66
2025-09-29T06:25:10.831Z,59.9,21.1,1.926,50.4,0,59.9,0,0,0,0,0,0,0,0,66
2025-09-29T06:25:11.833Z,59.9,21.1,1.926,49.6,0,59.9,0,0,0,0,0,0,0,0,66
2025-09-29T06:25:12.832Z,59.9,21.1,1.926,50.4,0,59.9,0,0,0,0,0,0,0,0,66
2025-09-29T06:25:13.839Z,59.9,21.1,1.926,49.6,0,59.9,0,0,0,0,0,0,0,0,66
2025-09-29T06:25:14.835Z,59.9,21.1,1.926,50.4,0,59.9,0,0,0,0,0,0,0,0,66
2025-09-29T06:25:15.836Z,59.9,21.1,1.926,49.6,0,59.9,0,0,0,0,0,0,0,0,66
2025-09-29T06:25:16.841Z,59.9,21.1,1.926,50.4,0,59.9,0,0,0,0,0,0,0,0,66
2025-09-29T06:25:17.842Z,59.9,21.1,1.926,49.6,0,59.9,0,0,0,0,0,0,0,0,66
2025-09-29T06:25:18.840Z,59.9,21.1,1.926,50.4,0,59.9,0,0,0,0,0,0,0,0,66
2025-09-29T06:25:19.836Z,59.9,21.1,1.925,49.6,0,59.9,0,0,0,0,0,0,0,0,66
2025-09-29T06:25:19.836Z,59.9,21.1,1.925,49.6,0,59.9,0,0,0,0,0,0,0,0,66
2025-09-29T06:25:21.841Z,59.9,21.1,1.926,49.6,0,59.9,0,0,0,0,0,0,0,0,66
2025-09-29T06:25:22.840Z,59.9,21.1,1.925,50.4,0,59.9,0,0,0,0,0,0,0,0,66
2025-09-29T06:25:23.842Z,59.9,21.1,1.925,49.6,0,59.9,0,0,0,0,0,0,0,0,66
2025-09-29T06:25:24.844Z,59.9,21.1,1.926,49.6,0,59.9,0,0,0,0,0,0,0,0,66
2025-09-29T06:25:25.848Z,60,21.1,1.926,49.6,0,59.9,0,0,0,0,0,0,0,0,66
2025-09-29T06:25:26.848Z,60,21.1,1.926,49.6,0,59.9,0,0,0,0,0,0,0,0,66
2025-09-29T06:25:27.845Z,60,21.1,1.926,50.4,0,59.9,0,0,0,0,0,0,0,0,66
2025-09-29T06:25:28.851Z,60,21.1,1.926,49.6,0,59.9,0,0,0,0,0,0,0,0,66
2025-09-29T06:25:29.848Z,60,21.1,1.926,50.4,0,59.9,0,0,0,0,0,0,0,0,66
2025-09-29T06:25:30.851Z,60,21.1,1.926,49.6,0,59.9,0,0,0,0,0,0,0,0,66
2025-09-29T06:25:31.851Z,60,21.1,1.926,50.4,0,59.9,0,0,0,0,0,0,0,0,66
2025-09-29T06:25:32.851Z,60,21.1,1.926,49.6,0,59.9,0,0,0,0,0,0,0,0,66
2025-09-29T06:25:33.852Z,60,21.1,1.926,50.4,0,59.9,0,0,0,0,0,0,0,0,66
2025-09-29T06:25:34.851Z,60,21.1,1.926,49.6,0,59.9,0,0,0,0,0,0,0,0,66
2025-09-29T06:25:35.849Z,60,21.1,1.926,50.4,0,59.9,0,0,0,0,0,0,0,0,66
2025-09-29T06:25:36.854Z,60,21.1,1.926,49.6,0,59.9,0,0,0,0,0,0,0,0,66
2025-09-29T06:25:37.857Z,60,21.1,1.926,50.4,0,59.9,0,0,0,0,0,0,0,0,66
2025-09-29T06:25:38.852Z,60,21.1,1.926,49.6,0,59.8,0,0,0,0,0,0,0,0,66
2025-09-29T06:25:39.855Z,60,21.1,1.926,49.6,0,59.9,0,0,0,0,0,0,0,0,66
2025-09-29T06:25:40.863Z,60.1,21.1,1.926,50.4,0,59.9,0,0,0,0,0,0,0,0,66
2025-09-29T06:25:41.862Z,60.1,21.1,1.925,49.6,0,59.9,0,0,0,0,0,0,0,0,66
2025-09-29T06:25:42.858Z,60.1,21.1,1.925,50.4,0,59.9,0,0,0,0,0,0,0,0,66
2025-09-29T06:25:43.860Z,60.1,21.1,1.925,49.6,0,59.9,0,0,0,0,0,0,0,0,66
2025-09-29T06:25:44.865Z,60.1,21.1,1.925,49.6,0,59.9,0,0,0,0,0,0,0,0,66
2025-09-29T06:25:45.863Z,60.1,21.1,1.925,49.6,0,59.9,0,0,0,0,0,0,0,0,66
2025-09-29T06:25:46.862Z,60.1,21.1,1.925,50.4,0,59.9,0,0,0,0,0,0,0,0,66
2025-09-29T06:25:47.862Z,60.1,21.1,1.925,49.6,0,59.9,0,0,0,0,0,0,0,0,66
2025-09-29T06:25:48.870Z,60.1,21.1,1.925,49.6,0,59.9,0,0,0,0,0,0,0,0,66
2025-09-29T06:25:49.868Z,60.1,21.1,1.925,50.4,0,59.9,0,0,0,0,0,0,0,0,66
2025-09-29T06:25:50.869Z,60.1,21.1,1.925,49.6,0,59.9,0,0,0,0,0,0,0,0,66
2025-09-29T06:25:51.873Z,60.1,21.1,1.925,49.6,0,59.9,0,0,0,0,0,0,0,0,66
2025-09-29T06:25:52.871Z,60.1,21.1,1.925,50.4,0,59.9,0,0,0,0,0,0,0,0,66
2025-09-29T06:25:53.871Z,60.1,21.1,1.924,49.6,0,59.9,0,0,0,0,0,0,0,0,66
2025-09-29T06:25:54.871Z,60.2,21.1,1.925,49.6,0,59.8,0,0,0,0,0,0,0,0,66
2025-09-29T06:25:55.871Z,60.2,21.1,1.925,50.4,0,59.8,0,0,0,0,0,0,0,0,66
2025-09-29T06:25:56.877Z,60.2,21.1,1.924,49.6,0,59.8,0,0,0,0,0,0,0,0,66
2025-09-29T06:25:57.881Z,60.2,21.1,1.923,49.6,0,59.9,0,0,0,0,0,0,0,0,66
2025-09-29T06:25:58.875Z,60.2,21.1,1.924,50.4,0,59.9,0,0,0,0,0,0,0,0,66
2025-09-29T06:25:59.876Z,60.2,21.1,1.925,50.4,0,59.8,0,0,0,0,0,0,0,0,66
2025-09-29T06:26:00.880Z,60.2,21.1,1.923,49.6,0,59.8,0,0,0,0,0,0,0,0,66
2025-09-29T06:26:01.874Z,60.2,21.1,1.924,50.4,0,59.8,0,0,0,0,0,0,0,0,66
2025-09-29T06:26:02.877Z,60.2,21.1,1.924,49.6,0,59.9,0,0,0,0,0,0,0,0,66
2025-09-29T06:26:03.880Z,60.2,21.1,1.923,50.4,0,59.9,0,0,0,0,0,0,0,0,66
2025-09-29T06:26:04.879Z,60.2,21.1,1.924,50.4,0,59.8,0,0,0,0,0,0,0,0,66
2025-09-29T06:26:05.876Z,60.2,21.1,1.924,49.6,0,59.8,0,0,0,0,0,0,0,0,66
2025-09-29T06:26:06.882Z,60.2,21.1,1.923,50.4,0,59.8,0,0,0,0,0,0,0,0,66
2025-09-29T06:26:07.881Z,60.2,21.1,1.924,49.6,0,59.8,0,0,0,0,0,0,0,0,66
2025-09-29T06:26:08.887Z,60.2,21.1,1.923,50.4,0,59.8,0,0,0,0,0,0,0,0,66
2025-09-29T06:26:09.884Z,60.3,21.1,1.924,49.6,0,59.8,0,0,0,0,0,0,0,0,66
2025-09-29T06:26:10.889Z,60.3,21.1,1.923,49.6,0,59.8,0,0,0,0,0,0,0,0,66
2025-09-29T06:26:11.885Z,60.3,21.1,1.923,50.4,0,59.8,0,0,0,0,0,0,0,0,66
2025-09-29T06:26:12.885Z,60.3,21.1,1.924,49.6,0,59.8,0,0,0,0,0,0,0,0,66
2025-09-29T06:26:13.891Z,60.3,21.1,1.923,49.6,0,59.8,0,0,0,0,0,0,0,0,66
2025-09-29T06:26:14.887Z,60.3,21.1,1.924,50.4,0,59.8,0,0,0,0,0,0,0,0,66
2025-09-29T06:26:15.887Z,60.3,21.1,1.923,49.6,0,59.8,0,0,0,0,0,0,0,0,66
2025-09-29T06:26:16.893Z,60.3,21.1,1.923,49.6,0,59.8,0,0,0,0,0,0,0,0,66
2025-09-29T06:26:17.893Z,60.3,21.1,1.923,50.4,0,59.8,0,0,0,0,0,0,0,0,66
2025-09-29T06:26:18.894Z,60.3,21.1,1.923,50.4,0,59.8,0,0,0,0,0,0,0,0,66
2025-09-29T06:26:19.895Z,60.3,21.1,1.923,49.6,0,59.8,0,0,0,0,0,0,0,0,66
2025-09-29T06:26:20.895Z,60.3,21.1,1.923,50.4,0,59.8,0,0,0,0,0,0,0,0,66
2025-09-29T06:26:21.894Z,60.3,21.1,1.923,49.6,0,59.8,0,0,0,0,0,0,0,0,66
2025-09-29T06:26:22.907Z,60.3,21.1,1.924,49.6,0,59.8,0,0,0,0,0,0,0,0,66
2025-09-29T06:26:23.901Z,60.3,21.1,1.923,50.4,0,59.8,0,0,0,0,0,0,0,0,66
2025-09-29T06:26:24.898Z,60.4,21.1,1.923,49.6,0,59.8,0,0,0,0,0,0,0,0,66
2025-09-29T06:26:25.898Z,60.4,21.1,1.923,49.6,0,59.8,0,0,0,0,0,0,0,0,66
2025-09-29T06:26:26.905Z,60.4,21.1,1.923,50.4,0,59.8,0,0,0,0,0,0,0,0,66
2025-09-29T06:26:27.901Z,60.4,21.1,1.923,49.6,0,59.8,0,0,0,0,0,0,0,0,66
2025-09-29T06:26:28.906Z,60.4,21.1,1.923,49.6,0,59.8,0,0,0,0,0,0,0,0,66
2025-09-29T06:26:29.903Z,60.4,21.1,1.923,50.4,0,59.8,0,0,0,0,0,0,0,0,66
2025-09-29T06:26:30.904Z,60.4,21.1,1.923,49.6,0,59.8,0,0,0,0,0,0,0,0,66
2025-09-29T06:26:31.905Z,60.4,21.1,1.923,49.6,0,59.8,0,0,0,0,0,0,0,0,66
2025-09-29T06:26:32.903Z,60.4,21.1,1.923,50.4,0,59.8,0,0,0,0,0,0,0,0,66
2025-09-29T06:26:33.903Z,60.4,21.1,1.923,50.4,0,59.8,0,0,0,0,0,0,0,0,66
2025-09-29T06:26:34.910Z,60.4,21.1,1.923,49.6,0,59.8,0,0,0,0,0,0,0,0,66
2025-09-29T06:26:35.907Z,60.4,21.1,1.923,50.4,0,59.8,0,0,0,0,0,0,0,0,66
2025-09-29T06:26:36.915Z,60.4,21.1,1.923,50.4,0,59.8,0,0,0,0,0,0,0,0,66
2025-09-29T06:26:37.916Z,60.4,21.1,1.923,49.6,0,59.8,0,0,0,0,0,0,0,0,66
2025-09-29T06:26:38.916Z,60.5,21.1,1.923,50.4,0,59.8,0,0,0,0,0,0,0,0,66
2025-09-29T06:26:39.913Z,60.5,21.1,1.923,49.6,0,59.8,0,0,0,0,0,0,0,0,66
2025-09-29T06:26:40.924Z,60.5,21.1,1.923,50.4,0,59.8,0,0,0,0,0,0,0,0,66
2025-09-29T06:26:41.918Z,60.5,21.1,1.923,50.4,0,59.8,0,0,0,0,0,0,0,0,66
2025-09-29T06:26:42.929Z,60.5,21.1,1.923,49.6,0,59.8,0,0,0,0,0,0,0,0,66
2025-09-29T06:26:43.919Z,60.5,21.1,1.923,50.4,0,59.8,0,0,0,0,0,0,0,0,66
2025-09-29T06:26:44.927Z,60.5,21.1,1.923,49.6,0,59.8,0,0,0,0,0,0,0,0,66
2025-09-29T06:26:45.923Z,60.5,21.1,1.923,50.4,0,59.8,0,0,0,0,0,0,0,0,66
2025-09-29T06:26:46.923Z,60.5,21.1,1.923,50.4,0,59.8,0,0,0,0,0,0,0,0,66
2025-09-29T06:26:47.919Z,60.5,21.1,1.923,49.6,0,59.8,0,0,0,0,0,0,0,0,66
2025-09-29T06:26:48.924Z,60.5,21.1,1.923,50.4,0,59.8,0,0,0,0,0,0,0,0,66
2025-09-29T06:26:49.926Z,60.5,21.1,1.923,49.6,0,59.8,0,0,0,0,0,0,0,0,66
2025-09-29T06:26:50.925Z,60.5,21.1,1.923,50.4,0,59.8,0,0,0,0,0,0,0,0,66
2025-09-29T06:26:51.923Z,60.5,21.1,1.923,49.6,0,59.8,0,0,0,0,0,0,0,0,66
2025-09-29T06:26:52.927Z,60.5,21.1,1.922,50.4,0,59.8,0,0,0,0,0,0,0,0,66
2025-09-29T06:26:53.930Z,60.6,21.1,1.923,49.6,0,59.8,0,0,0,0,0,0,0,0,66
2025-09-29T06:26:54.932Z,60.6,21.1,1.923,50.4,0,59.8,0,0,0,0,0,0,0,0,66
2025-09-29T06:26:55.927Z,60.6,21.1,1.923,49.6,0,59.8,0,0,0,0,0,0,0,0,66
2025-09-29T06:26:56.941Z,60.6,21.1,1.923,50.4,0,59.8,0,0,0,0,0,0,0,0,66
2025-09-29T06:26:57.937Z,60.6,21.1,1.923,49.6,0,59.8,0,0,0,0,0,0,0,0,66
2025-09-29T06:26:58.932Z,60.6,21.1,1.923,50.4,0,59.8,0,0,0,0,0,0,0,0,66
2025-09-29T06:26:59.935Z,60.6,21.1,1.923,49.6,0,59.8,0,0,0,0,0,0,0,0,66
2025-09-29T06:27:00.935Z,60.6,21.1,1.923,50.4,0,59.8,0,0,0,0,0,0,0,0,66
2025-09-29T06:27:01.938Z,60.6,21.1,1.923,49.6,0,59.8,0,0,0,0,0,0,0,0,66
2025-09-29T06:27:02.936Z,60.6,21.1,1.923,50.4,0,59.8,0,0,0,0,0,0,0,0,66
2025-09-29T06:27:03.938Z,60.6,21.1,1.923,49.6,0,59.8,0,0,0,0,0,0,0,0,66
2025-09-29T06:27:04.940Z,60.6,21.1,1.923,49.6,0,59.8,0,0,0,0,0,0,0,0,66
2025-09-29T06:27:05.948Z,60.6,21.1,1.922,50.4,0,59.8,0,0,0,0,0,0,0,0,66
2025-09-29T06:27:06.937Z,60.6,21.1,1.923,49.6,0,59.8,0,0,0,0,0,0,0,0,66
2025-09-29T06:27:07.939Z,60.6,21.1,1.923,50.4,0,59.8,0,0,0,0,0,0,0,0,66
2025-09-29T06:27:08.941Z,60.6,21.1,1.923,49.6,0,59.8,0,0,0,0,0,0,0,0,66
2025-09-29T06:27:09.942Z,60.7,21.1,1.923,50.4,0,59.8,0,0,0,0,0,0,0,0,66
2025-09-29T06:27:10.939Z,60.7,21.1,1.922,49.6,0,59.8,0,0,0,0,0,0,0,0,66
2025-09-29T06:27:11.946Z,60.7,21.1,1.923,50.4,0,59.8,0,0,0,0,0,0,0,0,66
2025-09-29T06:27:12.946Z,60.7,21.1,1.922,49.6,0,59.8,0,0,0,0,0,0,0,0,66
2025-09-29T06:27:13.947Z,60.7,21.1,1.922,50.4,0,59.8,0,0,0,0,0,0,0,0,66
2025-09-29T06:27:14.948Z,60.7,21.1,1.922,49.6,0,59.8,0,0,0,0,0,0,0,0,66
2025-09-29T06:27:15.948Z,60.7,21.1,1.922,50.4,0,59.8,0,0,0,0,0,0,0,0,66
2025-09-29T06:27:16.947Z,60.7,21.1,1.922,49.6,0,59.8,0,0,0,0,0,0,0,0,66
2025-09-29T06:27:17.948Z,60.7,21.1,1.922,50.4,0,59.8,0,0,0,0,0,0,0,0,66
2025-09-29T06:27:18.948Z,60.7,21.1,1.922,49.6,0,59.8,0,0,0,0,0,0,0,0,66
2025-09-29T06:27:19.949Z,60.7,21.1,1.922,50.4,0,59.8,0,0,0,0,0,0,0,0,66
2025-09-29T06:27:20.954Z,60.7,21.1,1.922,49.6,0,59.8,0,0,0,0,0,0,0,0,66
2025-09-29T06:27:21.952Z,60.7,21.1,1.922,50.4,0,59.8,0,0,0,0,0,0,0,0,66
2025-09-29T06:27:22.951Z,60.7,21.1,1.922,49.6,0,59.8,0,0,0,0,0,0,0,0,66
2025-09-29T06:27:23.953Z,60.7,21.1,1.922,50.4,0,59.8,0,0,0,0,0,0,0,0,66
2025-09-29T06:27:24.957Z,60.7,21.1,1.922,49.6,0,59.8,0,0,0,0,0,0,0,0,66
2025-09-29T06:27:25.956Z,60.7,21.1,1.922,50.4,0,59.8,0,0,0,0,0,0,0,0,66
2025-09-29T06:27:26.962Z,60.8,21.1,1.922,49.6,0,59.8,0,0,0,0,0,0,0,0,66
2025-09-29T06:27:27.957Z,60.8,21.1,1.922,50.4,0,59.8,0,0,0,0,0,0,0,0,66
2025-09-29T06:27:28.959Z,60.8,21.1,1.922,49.6,0,59.8,0,0,0,0,0,0,0,0,66
2025-09-29T06:27:29.956Z,60.8,21.1,1.922,50.4,0,59.8,0,0,0,0,0,0,0,0,66
2025-09-29T06:27:30.959Z,60.8,21.1,1.922,49.6,0,59.8,0,0,0,0,0,0,0,0,66
2025-09-29T06:27:31.966Z,60.8,21.1,1.921,49.6,0,59.8,0,0,0,0,0,0,0,0,66
2025-09-29T06:27:32.967Z,60.8,21.1,1.921,50.4,0,59.8,0,0,0,0,0,0,0,0,66
2025-09-29T06:27:33.965Z,60.8,21.1,1.922,49.6,0,59.8,0,0,0,0,0,0,0,0,66
2025-09-29T06:27:34.965Z,60.8,21.1,1.922,49.6,0,59.8,0,0,0,0,0,0,0,0,66
2025-09-29T06:27:35.963Z,60.8,21.1,1.922,49.6,0,59.8,0,0,0,0,0,0,0,0,66
2025-09-29T06:27:36.966Z,60.8,21.1,1.922,50.4,0,59.8,0,0,0,0,0,0,0,0,66
2025-09-29T06:27:37.967Z,60.8,21.1,1.922,49.6,0,59.8,0,0,0,0,0,0,0,0,66
2025-09-29T06:27:38.964Z,60.8,21.1,1.922,50.4,0,59.8,0,0,0,0,0,0,0,0,66
2025-09-29T06:27:39.968Z,60.8,21.1,1.922,49.6,0,59.8,0,0,0,0,0,0,0,0,66
2025-09-29T06:27:40.966Z,60.8,21.1,1.922,49.6,0,59.8,0,0,0,0,0,0,0,0,66
2025-09-29T06:27:41.973Z,60.8,21.1,1.922,50.4,0,59.8,0,0,0,0,0,0,0,0,66
2025-09-29T06:27:42.971Z,60.8,21.1,1.922,49.6,0,59.8,0,0,0,0,0,0,0,0,66
2025-09-29T06:27:43.973Z,60.8,21.1,1.922,50.4,0,59.8,0,0,0,0,0,0,0,0,66
2025-09-29T06:27:44.974Z,60.8,21.1,1.922,49.6,0,59.8,0,0,0,0,0,0,0,0,66
2025-09-29T06:27:45.975Z,60.8,21.1,1.922,50.4,0,59.8,0,0,0,0,0,0,0,0,66
2025-09-29T06:27:46.973Z,60.8,21.1,1.922,49.6,0,59.8,0,0,0,0,0,0,0,0,66
2025-09-29T06:27:47.975Z,60.9,21.1,1.922,49.6,0,59.8,0,0,0,0,0,0,0,0,66
2025-09-29T06:27:48.979Z,60.9,21.1,1.92,50.4,0,59.8,0,0,0,0,0,0,0,0,66
2025-09-29T06:27:49.983Z,60.9,21.1,1.921,49.6,0,59.8,0,0,0,0,0,0,0,0,66
2025-09-29T06:27:50.979Z,60.9,21.1,1.922,49.6,0,59.8,0,0,0,0,0,0,0,0,66
2025-09-29T06:27:51.980Z,60.9,21.1,1.921,50.4,0,59.8,0,0,0,0,0,0,0,0,66
2025-09-29T06:27:52.979Z,60.9,21.1,1.922,49.6,0,59.8,0,0,0,0,0,0,0,0,66
2025-09-29T06:27:53.983Z,60.9,21.1,1.921,49.6,0,59.8,0,0,0,0,0,0,0,0,66
2025-09-29T06:27:54.981Z,60.9,21.1,1.922,50.4,0,59.8,0,0,0,0,0,0,0,0,66
2025-09-29T06:27:55.989Z,60.9,21.1,1.92,50.4,0,59.8,0,0,0,0,0,0,0,0,66
2025-09-29T06:27:56.985Z,60.9,21.1,1.921,49.6,0,59.8,0,0,0,0,0,0,0,0,66
2025-09-29T06:27:57.986Z,60.9,21.1,1.921,50.4,0,59.8,0,0,0,0,0,0,0,0,66
2025-09-29T06:27:58.984Z,60.9,21.1,1.921,49.6,0,59.8,0,0,0,0,0,0,0,0,66
2025-09-29T06:27:59.985Z,60.9,21.1,1.921,49.6,0,59.8,0,0,0,0,0,0,0,0,66
2025-09-29T06:28:00.986Z,60.9,21.1,1.921,50.4,0,59.8,0,0,0,0,0,0,0,0,66
2025-09-29T06:28:01.990Z,60.9,21.1,1.921,49.6,0,59.8,0,0,0,0,0,0,0,0,66
2025-09-29T06:28:02.986Z,60.9,21.1,1.921,49.6,0,59.8,0,0,0,0,0,0,0,0,66
2025-09-29T06:28:03.995Z,60.9,21.1,1.921,50.4,0,59.8,0,0,0,0,0,0,0,0,66
2025-09-29T06:28:04.989Z,60.9,21.1,1.921,50.4,0,59.8,0,0,0,0,0,0,0,0,66
2025-09-29T06:28:05.994Z,60.9,21.1,1.921,49.6,0,59.8,0,0,0,0,0,0,0,0,66
2025-09-29T06:28:06.992Z,60.9,21.1,1.921,50.4,0,59.8,0,0,0,0,0,0,0,0,66
2025-09-29T06:28:07.992Z,60.9,21.1,1.921,49.6,0,59.8,0,0,0,0,0,0,0,0,66
2025-09-29T06:28:08.995Z,60.9,21.1,1.92,49.6,0,59.8,0,0,0,0,0,0,0,0,66
2025-09-29T06:28:09.994Z,60.9,21.1,1.921,50.4,0,59.8,0,0,0,0,0,0,0,0,66
2025-09-29T06:28:10.996Z,60.9,21.1,1.92,50.4,0,59.8,0,0,0,0,0,0,0,0,66
2025-09-29T06:28:11.997Z,60.9,21.1,1.92,49.6,0,59.8,0,0,0,0,0,0,0,0,66
2025-09-29T06:28:12.999Z,60.9,21.1,1.92,50.4,0,59.8,0,0,0,0,0,0,0,0,66
2025-09-29T06:28:13.995Z,60.9,21.1,1.92,49.6,0,59.8,0,0,0,0,0,0,0,0,66
2025-09-29T06:28:14.997Z,60.9,21.1,1.921,50.4,0,59.8,0,0,0,0,0,0,0,0,66
2025-09-29T06:28:16.002Z,60.9,21.1,1.92,49.6,0,59.8,0,0,0,0,0,0,0,0,66
2025-09-29T06:28:17.000Z,60.9,21.1,1.921,49.6,0,59.8,0,0,0,0,0,0,0,0,66
2025-09-29T06:28:18.006Z,61,21.1,1.92,50.4,0,59.8,0,0,0,0,0,0,0,0,66
2025-09-29T06:28:19.001Z,61,21.1,1.92,49.6,0,59.8,0,0,0,0,0,0,0,0,66
2025-09-29T06:28:20.003Z,61,21.1,1.92,50.4,0,59.8,0,0,0,0,0,0,0,0,66
2025-09-29T06:28:21.003Z,61,21.1,1.92,50.4,0,59.8,0,0,0,0,0,0,0,0,66
2025-09-29T06:28:22.007Z,61,21.1,1.92,49.6,0,59.8,0,0,0,0,0,0,0,0,66
2025-09-29T06:28:23.008Z,61,21.1,1.92,50.4,0,59.8,0,0,0,0,0,0,0,0,66
2025-09-29T06:28:24.010Z,61,21.1,1.92,49.6,0,59.8,0,0,0,0,0,0,0,0,66
2025-09-29T06:28:25.008Z,61,21.1,1.92,50.4,0,59.8,0,0,0,0,0,0,0,0,66
2025-09-29T06:28:26.010Z,61,21.1,1.92,49.6,0,59.8,0,0,0,0,0,0,0,0,66
2025-09-29T06:28:27.020Z,61,21.1,1.921,49.6,0,59.8,0,0,0,0,0,0,0,0,66
2025-09-29T06:28:28.015Z,61,21.1,1.92,50.4,0,59.8,0,0,0,0,0,0,0,0,66
2025-09-29T06:28:29.013Z,61,21.1,1.92,49.6,0,59.8,0,0,0,0,0,0,0,0,66
2025-09-29T06:28:30.011Z,61,21.1,1.92,50.4,0,59.8,0,0,0,0,0,0,0,0,66
2025-09-29T06:28:31.015Z,61,21.1,1.92,49.6,0,59.8,0,0,0,0,0,0,0,0,66
2025-09-29T06:28:32.013Z,61,21.1,1.92,49.6,0,59.8,0,0,0,0,0,0,0,0,66
2025-09-29T06:28:33.015Z,61,21.1,1.92,50.4,0,59.8,0,0,0,0,0,0,0,0,66
2025-09-29T06:28:34.014Z,61,21.1,1.92,49.6,0,59.8,0,0,0,0,0,0,0,0,66
2025-09-29T06:28:35.015Z,61,21.1,1.92,49.6,0,59.8,0,0,0,0,0,0,0,0,66
2025-09-29T06:28:36.018Z,61,21.1,1.92,50.4,0,59.8,0,0,0,0,0,0,0,0,66
2025-09-29T06:28:37.021Z,61,21.1,1.92,49.6,0,59.8,0,0,0,0,0,0,0,0,66
2025-09-29T06:28:38.020Z,61,21.1,1.92,49.6,0,59.8,0,0,0,0,0,0,0,0,66
2025-09-29T06:28:39.024Z,61,21.1,1.92,50.4,0,59.8,0,0,0,0,0,0,0,0,66
2025-09-29T06:28:40.022Z,61,21.1,1.92,49.6,0,59.8,0,0,0,0,0,0,0,0,66
2025-09-29T06:28:41.025Z,61,21.1,1.92,49.6,0,59.8,0,0,0,0,0,0,0,0,66
2025-09-29T06:28:42.028Z,61,21.1,1.921,50.4,0,59.8,0,0,0,0,0,0,0,0,66
2025-09-29T06:28:43.020Z,61,21.1,1.92,50.4,0,59.8,0,0,0,0,0,0,0,0,66
2025-09-29T06:28:44.030Z,61,21.1,1.921,49.6,0,59.8,0,0,0,0,0,0,0,0,66
2025-09-29T06:28:45.031Z,61,21.1,1.921,50.4,0,59.8,0,0,0,0,0,0,0,0,66
2025-09-29T06:28:46.034Z,61,21.1,1.921,50.4,0,59.8,0,0,0,0,0,0,0,0,66
2025-09-29T06:28:47.026Z,61,21.1,1.92,49.6,0,59.8,0,0,0,0,0,0,0,0,66
2025-09-29T06:28:48.029Z,61,21.1,1.92,50.4,0,59.8,0,0,0,0,0,0,0,0,66
2025-09-29T06:28:49.032Z,61,21.1,1.92,49.6,0,59.8,0,0,0,0,0,0,0,0,66
2025-09-29T06:28:50.031Z,61,21.1,1.92,50.4,0,59.8,0,0,0,0,0,0,0,0,66
2025-09-29T06:28:51.031Z,61,21.1,1.92,49.6,0,59.8,0,0,0,0,0,0,0,0,66
2025-09-29T06:28:52.033Z,61,21.1,1.921,49.6,0,59.8,0,0,0,0,0,0,0,0,66
2025-09-29T06:28:53.036Z,61,21.1,1.92,50.4,0,59.8,0,0,0,0,0,0,0,0,66
2025-09-29T06:28:54.036Z,61,21.1,1.921,49.6,0,59.8,0,0,0,0,0,0,0,0,66
2025-09-29T06:28:55.038Z,61,21.1,1.921,49.6,0,59.8,0,0,0,0,0,0,0,0,66
2025-09-29T06:28:56.039Z,61,21.1,1.921,50.4,0,59.8,0,0,0,0,0,0,0,0,66
2025-09-29T06:28:57.038Z,61,21.1,1.921,50.4,0,59.8,0,0,0,0,0,0,0,0,66
2025-09-29T06:28:58.045Z,61,21.1,1.921,49.6,0,59.8,0,0,0,0,0,0,0,0,66
2025-09-29T06:28:59.036Z,61,21.1,1.92,50.4,0,59.8,0,0,0,0,0,0,0,0,66
2025-09-29T06:29:00.037Z,61,21.1,1.921,49.6,0,59.8,0,0,0,0,0,0,0,0,66
2025-09-29T06:29:01.039Z,61,21.1,1.921,50.4,0,59.8,0,0,0,0,0,0,0,0,66
2025-09-29T06:29:02.041Z,61,21.1,1.921,50.4,0,59.8,0,0,0,0,0,0,0,0,66
2025-09-29T06:29:03.040Z,61,21.1,1.921,49.6,0,59.8,0,0,0,0,0,0,0,0,66
2025-09-29T06:29:04.041Z,61,21.1,1.921,50.4,0,59.8,0,0,0,0,0,0,0,0,66
2025-09-29T06:29:05.042Z,61,21.1,1.921,49.6,0,59.8,0,0,0,0,0,0,0,0,66
2025-09-29T06:29:06.042Z,61,21.1,1.921,50.4,0,59.8,0,0,0,0,0,0,0,0,66
2025-09-29T06:29:07.044Z,61,21.1,1.921,49.6,0,59.8,0,0,0,0,0,0,0,0,66
2025-09-29T06:29:08.045Z,61,21.1,1.921,50.4,0,59.8,0,0,0,0,0,0,0,0,66
2025-09-29T06:29:09.046Z,61,21.1,1.921,50.4,0,59.8,0,0,0,0,0,0,0,0,66
2025-09-29T06:29:10.048Z,61,21.1,1.921,49.6,0,59.8,0,0,0,0,0,0,0,0,66
2025-09-29T06:29:11.051Z,61,21.1,1.921,50.4,0,59.8,0,0,0,0,0,0,0,0,66
2025-09-29T06:29:12.051Z,61,21.1,1.921,49.6,0,59.8,0,0,0,0,0,0,0,0,66
2025-09-29T06:29:13.055Z,61,21.1,1.921,50.4,0,59.8,0,0,0,0,0,0,0,0,66
2025-09-29T06:29:14.050Z,61,21.1,1.921,49.6,0,59.8,0,0,0,0,0,0,0,0,66
2025-09-29T06:29:15.050Z,61,21.1,1.921,50.4,0,59.8,0,0,0,0,0,0,0,0,66
2025-09-29T06:29:16.054Z,61,21.1,1.921,49.6,0,59.8,0,0,0,0,0,0,0,0,66
2025-09-29T06:29:17.054Z,61,21.1,1.921,50.4,0,59.8,0,0,0,0,0,0,0,0,66
2025-09-29T06:29:18.054Z,61,21.1,1.921,49.6,0,59.8,0,0,0,0,0,0,0,0,66
2025-09-29T06:29:19.053Z,61,21.1,1.921,50.4,0,59.8,0,0,0,0,0,0,0,0,66
2025-09-29T06:29:20.054Z,61,21.1,1.921,49.6,0,59.8,0,0,0,0,0,0,0,0,66
2025-09-29T06:29:21.056Z,61,21.1,1.921,50.4,0,59.8,0,0,0,0,0,0,0,0,66
2025-09-29T06:29:22.060Z,61,21.1,1.921,49.6,0,59.8,0,0,0,0,0,0,0,0,66
2025-09-29T06:29:23.056Z,61,21.1,1.921,50.4,0,59.8,0,0,0,0,0,0,0,0,66
2025-09-29T06:29:24.062Z,61,21.1,1.921,49.6,0,59.8,0,0,0,0,0,0,0,0,66
2025-09-29T06:29:25.062Z,61,21.1,1.921,50.4,0,59.8,0,0,0,0,0,0,0,0,66
2025-09-29T06:29:26.063Z,61,21.1,1.921,49.6,0,59.8,0,0,0,0,0,0,0,0,66
2025-09-29T06:29:27.066Z,61,21.1,1.921,49.6,0,59.8,0,0,0,0,0,0,0,0,66
2025-09-29T06:29:28.066Z,61,21.1,1.921,50.4,0,59.8,0,0,0,0,0,0,0,0,66
2025-09-29T06:29:29.064Z,61,21.1,1.921,50.4,0,59.8,0,0,0,0,0,0,0,0,66
2025-09-29T06:29:30.063Z,61,21.1,1.921,49.6,0,59.8,0,0,0,0,0,0,0,0,66
2025-09-29T06:29:31.061Z,61,21.1,1.922,50.4,0,59.8,0,0,0,0,0,0,0,0,66
2025-09-29T06:29:32.066Z,61,21.1,1.921,49.6,0,59.8,0,0,0,0,0,0,0,0,66
2025-09-29T06:29:33.067Z,61,21.1,1.922,50.4,0,59.8,0,0,0,0,0,0,0,0,66
2025-09-29T06:29:34.069Z,61,21.1,1.921,49.6,0,59.8,0,0,0,0,0,0,0,0,66
2025-09-29T06:29:35.067Z,61,21.1,1.921,50.4,0,59.8,0,0,0,0,0,0,0,0,66
2025-09-29T06:29:36.069Z,60.9,21.1,1.921,49.6,0,59.8,0,0,0,0,0,0,0,0,66
2025-09-29T06:29:37.070Z,60.9,21.1,1.921,50.4,0,59.8,0,0,0,0,0,0,0,0,66
2025-09-29T06:29:38.072Z,60.9,21.1,1.922,49.6,0,59.8,0,0,0,0,0,0,0,0,66
2025-09-29T06:29:39.069Z,60.9,21.1,1.922,50.4,0,59.8,0,0,0,0,0,0,0,0,66
2025-09-29T06:29:40.068Z,60.9,21.1,1.922,49.6,0,59.8,0,0,0,0,0,0,0,0,66
2025-09-29T06:29:41.071Z,60.9,21.1,1.922,50.4,0,59.8,0,0,0,0,0,0,0,0,66
2025-09-29T06:29:42.074Z,60.9,21.1,1.922,49.6,0,59.8,0,0,0,0,0,0,0,0,66
2025-09-29T06:29:43.076Z,60.9,21.1,1.921,50.4,0,59.8,0,0,0,0,0,0,0,0,66
2025-09-29T06:29:44.076Z,60.9,21.1,1.922,49.6,0,59.8,0,0,0,0,0,0,0,0,66
2025-09-29T06:29:45.082Z,60.9,21.1,1.921,49.6,0,59.8,0,0,0,0,0,0,0,0,66
2025-09-29T06:29:46.080Z,60.9,21.1,1.922,49.6,0,59.8,0,0,0,0,0,0,0,0,66
2025-09-29T06:29:47.079Z,60.9,21.1,1.922,49.6,0,59.8,0,0,0,0,0,0,0,0,66
2025-09-29T06:29:48.078Z,60.9,21.1,1.922,50.4,0,59.8,0,0,0,0,0,0,0,0,66
2025-09-29T06:29:49.082Z,60.9,21.1,1.922,49.6,0,59.8,0,0,0,0,0,0,0,0,66
2025-09-29T06:29:50.082Z,60.9,21.1,1.922,50.4,0,59.8,0,0,0,0,0,0,0,0,66
2025-09-29T06:29:51.079Z,60.9,21.1,1.922,49.6,0,59.9,0,0,0,0,0,0,0,0,66
2025-09-29T06:29:52.079Z,60.9,21.1,1.922,49.6,0,59.8,0,0,0,0,0,0,0,0,66
2025-09-29T06:29:53.080Z,60.9,21.1,1.922,50.4,0,59.8,0,0,0,0,0,0,0,0,66
2025-09-29T06:29:54.085Z,60.9,21.1,1.922,49.6,0,59.8,0,0,0,0,0,0,0,0,66
2025-09-29T06:29:55.086Z,60.9,21.1,1.922,50.4,0,59.8,0,0,0,0,0,0,0,0,66
2025-09-29T06:29:56.087Z,60.9,21.1,1.922,49.6,0,59.9,0,0,0,0,0,0,0,0,66
2025-09-29T06:29:57.087Z,60.9,21.1,1.922,50.4,0,59.9,0,0,0,0,0,0,0,0,66
2025-09-29T06:29:58.091Z,60.9,21.1,1.921,49.6,0,59.8,0,0,0,0,0,0,0,0,66
2025-09-29T06:29:59.085Z,60.9,21.1,1.922,50.4,0,59.8,0,0,0,0,0,0,0,0,66
2025-09-29T06:30:00.094Z,60.9,21.1,1.921,49.6,0,59.8,0,0,0,0,0,0,0,0,66
2025-09-29T06:30:01.088Z,60.9,21.1,1.922,50.4,0,59.9,0,0,0,0,0,0,0,0,66
2025-09-29T06:30:02.093Z,60.9,21.1,1.92,49.6,0,59.9,0,0,0,0,0,0,0,0,66
2025-09-29T06:30:03.089Z,60.9,21.1,1.922,49.6,0,59.8,0,0,0,0,0,0,0,0,66
2025-09-29T06:30:04.091Z,60.8,21.1,1.921,49.6,0,59.9,0,0,0,0,0,0,0,0,66
2025-09-29T06:30:05.094Z,60.8,21.1,1.921,49.6,0,59.8,0,0,0,0,0,0,0,0,66
2025-09-29T06:30:06.094Z,60.8,21.1,1.921,50.4,0,59.9,0,0,0,0,0,0,0,0,66
2025-09-29T06:30:07.095Z,60.8,21.1,1.921,50.4,0,59.9,0,0,0,0,0,0,0,0,66
2025-09-29T06:30:08.097Z,60.8,21.1,1.921,49.6,0,59.9,0,0,0,0,0,0,0,0,66
2025-09-29T06:30:09.096Z,60.8,21.1,1.921,50.4,0,59.9,0,0,0,0,0,0,0,0,66
2025-09-29T06:30:10.099Z,60.8,21.1,1.921,49.6,0,59.9,0,0,0,0,0,0,0,0,66
2025-09-29T06:30:11.097Z,60.8,21.1,1.921,49.6,0,59.9,0,0,0,0,0,0,0,0,66
2025-09-29T06:30:12.098Z,60.8,21.1,1.921,50.4,0,59.9,0,0,0,0,0,0,0,0,66
2025-09-29T06:30:13.104Z,60.8,21.1,1.921,49.6,0,59.9,0,0,0,0,0,0,0,0,66
2025-09-29T06:30:14.103Z,60.8,21.1,1.921,49.6,0,59.9,0,0,0,0,0,0,0,0,66
2025-09-29T06:30:15.103Z,60.8,21.1,1.921,50.4,0,59.9,0,0,0,0,0,0,0,0,66
2025-09-29T06:30:16.103Z,60.8,21.1,1.921,50.4,0,59.9,0,0,0,0,0,0,0,0,66
2025-09-29T06:30:17.102Z,60.8,21.1,1.921,49.6,0,59.9,0,0,0,0,0,0,0,0,66
2025-09-29T06:30:18.109Z,60.8,21.1,1.921,50.4,0,59.9,0,0,0,0,0,0,0,0,66
2025-09-29T06:30:19.104Z,60.8,21.1,1.921,49.6,0,59.9,0,0,0,0,0,0,0,0,66
2025-09-29T06:30:20.103Z,60.8,21.1,1.921,50.4,0,59.9,0,0,0,0,0,0,0,0,66
2025-09-29T06:30:21.108Z,60.8,21.1,1.921,50.4,0,59.9,0,0,0,0,0,0,0,0,66
2025-09-29T06:30:22.105Z,60.8,21.1,1.921,49.6,0,59.9,0,0,0,0,0,0,0,0,66
2025-09-29T06:30:23.106Z,60.8,21.1,1.921,49.6,0,59.9,0,0,0,0,0,0,0,0,66
2025-09-29T06:30:24.106Z,60.7,21.1,1.921,49.6,0,59.9,0,0,0,0,0,0,0,0,66
2025-09-29T06:30:25.113Z,60.7,21.1,1.921,50.4,0,59.9,0,0,0,0,0,0,0,0,66
2025-09-29T06:30:26.114Z,60.7,21.1,1.921,50.4,0,59.9,0,0,0,0,0,0,0,0,66
2025-09-29T06:30:27.114Z,60.7,21.1,1.921,49.6,0,59.9,0,0,0,0,0,0,0,0,66
2025-09-29T06:30:28.117Z,60.7,21.1,1.921,50.4,0,59.9,0,0,0,0,0,0,0,0,66
2025-09-29T06:30:29.113Z,60.7,21.1,1.921,49.6,0,59.9,0,0,0,0,0,0,0,0,66
2025-09-29T06:30:30.115Z,60.7,21.1,1.921,50.4,0,59.9,0,0,0,0,0,0,0,0,66
2025-09-29T06:30:31.117Z,60.7,21.1,1.921,49.6,0,59.9,0,0,0,0,0,0,0,0,66
2025-09-29T06:30:32.115Z,60.7,21.1,1.921,49.6,0,59.9,0,0,0,0,0,0,0,0,66
2025-09-29T06:30:33.117Z,60.7,21.1,1.921,50.4,0,59.9,0,0,0,0,0,0,0,0,66
2025-09-29T06:30:34.117Z,60.7,21.1,1.922,49.6,0,59.9,0,0,0,0,0,0,0,0,66
2025-09-29T06:30:35.118Z,60.7,21.1,1.922,50.4,0,59.9,0,0,0,0,0,0,0,0,66
2025-09-29T06:30:36.120Z,60.7,21.1,1.921,49.6,0,59.9,0,0,0,0,0,0,0,0,66
2025-09-29T06:30:37.123Z,60.7,21.1,1.922,49.6,0,59.9,0,0,0,0,0,0,0,0,66
2025-09-29T06:30:38.117Z,60.7,21.1,1.922,50.4,0,59.9,0,0,0,0,0,0,0,0,66
2025-09-29T06:30:39.121Z,60.7,21.1,1.922,49.6,0,59.9,0,0,0,0,0,0,0,0,66
2025-09-29T06:30:40.123Z,60.7,21.1,1.922,50.4,0,59.9,0,0,0,0,0,0,0,0,66
2025-09-29T06:30:41.124Z,60.7,21.1,1.922,50.4,0,59.9,0,0,0,0,0,0,0,0,66
2025-09-29T06:30:42.120Z,60.7,21.1,1.922,49.6,0,59.9,0,0,0,0,0,0,0,0,66
2025-09-29T06:30:43.119Z,60.7,21.1,1.922,50.4,0,59.9,0,0,0,0,0,0,0,0,66
2025-09-29T06:30:44.122Z,60.7,21.1,1.922,49.6,0,59.9,0,0,0,0,0,0,0,0,66
2025-09-29T06:30:45.126Z,60.6,21.1,1.922,50.4,0,59.9,0,0,0,0,0,0,0,0,66
2025-09-29T06:30:46.129Z,60.6,21.1,1.922,49.6,0,59.9,0,0,0,0,0,0,0,0,66
2025-09-29T06:30:47.128Z,60.6,21.1,1.922,49.6,0,59.9,0,0,0,0,0,0,0,0,66
2025-09-29T06:30:48.127Z,60.6,21.1,1.922,50.4,0,59.9,0,0,0,0,0,0,0,0,66
2025-09-29T06:30:49.130Z,60.6,21.1,1.922,49.6,0,59.9,0,0,0,0,0,0,0,0,66
2025-09-29T06:30:50.131Z,60.6,21.1,1.922,50.4,0,59.9,0,0,0,0,0,0,0,0,66
2025-09-29T06:30:51.128Z,60.6,21.1,1.922,49.6,0,59.9,0,0,0,0,0,0,0,0,66
2025-09-29T06:30:52.129Z,60.6,21.1,1.922,50.4,0,59.9,0,0,0,0,0,0,0,0,66
2025-09-29T06:30:53.133Z,60.6,21.1,1.922,50.4,0,59.9,0,0,0,0,0,0,0,0,66
2025-09-29T06:30:54.130Z,60.6,21.1,1.922,49.6,0,59.9,0,0,0,0,0,0,0,0,66
2025-09-29T06:30:55.131Z,60.6,21.1,1.922,50.4,0,59.9,0,0,0,0,0,0,0,0,66
2025-09-29T06:30:56.134Z,60.6,21.1,1.922,49.6,0,59.9,0,0,0,0,0,0,0,0,66
2025-09-29T06:30:57.135Z,60.6,21.1,1.923,49.6,0,59.9,0,0,0,0,0,0,0,0,66
2025-09-29T06:30:58.138Z,60.6,21.1,1.922,49.6,0,59.9,0,0,0,0,0,0,0,0,66
2025-09-29T06:30:59.136Z,60.6,21.1,1.922,50.4,0,59.9,0,0,0,0,0,0,0,0,66
2025-09-29T06:31:00.132Z,60.6,21.1,1.922,50.4,0,59.9,0,0,0,0,0,0,0,0,66
2025-09-29T06:31:01.136Z,60.6,21.1,1.922,49.6,0,59.9,0,0,0,0,0,0,0,0,66
2025-09-29T06:31:02.144Z,60.6,21.1,1.923,50.4,0,59.9,0,0,0,0,0,0,0,0,66
2025-09-29T06:31:03.139Z,60.6,21.1,1.922,49.6,0,59.9,0,0,0,0,0,0,0,0,66
2025-09-29T06:31:04.140Z,60.6,21.1,1.922,50.4,0,59.9,0,0,0,0,0,0,0,0,66
2025-09-29T06:31:05.139Z,60.5,21.1,1.923,49.6,0,59.9,0,0,0,0,0,0,0,0,66
2025-09-29T06:31:06.140Z,60.5,21.1,1.923,50.4,0,59.9,0,0,0,0,0,0,0,0,66
2025-09-29T06:31:07.140Z,60.5,21.1,1.923,49.6,0,59.9,0,0,0,0,0,0,0,0,66
2025-09-29T06:31:08.142Z,60.5,21.1,1.923,50.4,0,59.9,0,0,0,0,0,0,0,0,66
2025-09-29T06:31:09.149Z,60.5,21.1,1.923,49.6,0,59.9,0,0,0,0,0,0,0,0,66
2025-09-29T06:31:10.148Z,60.5,21.1,1.923,50.4,0,59.9,0,0,0,0,0,0,0,0,66
2025-09-29T06:31:11.146Z,60.5,21.1,1.923,49.6,0,59.9,0,0,0,0,0,0,0,0,66
2025-09-29T06:31:12.144Z,60.5,21.1,1.923,50.4,0,59.9,0,0,0,0,0,0,0,0,66
2025-09-29T06:31:13.147Z,60.5,21.1,1.923,49.6,0,59.9,0,0,0,0,0,0,0,0,66
2025-09-29T06:31:14.151Z,60.5,21.1,1.923,50.4,0,59.9,0,0,0,0,0,0,0,0,66
2025-09-29T06:31:15.151Z,60.5,21.1,1.923,49.6,0,59.9,0,0,0,0,0,0,0,0,66
2025-09-29T06:31:16.151Z,60.5,21.1,1.923,50.4,0,59.9,0,0,0,0,0,0,0,0,66
2025-09-29T06:31:17.157Z,60.5,21.1,1.923,49.6,0,59.9,0,0,0,0,0,0,0,0,66
2025-09-29T06:31:18.154Z,60.5,21.1,1.923,49.6,0,59.9,0,0,0,0,0,0,0,0,66
2025-09-29T06:31:19.154Z,60.5,21.1,1.923,49.6,0,59.9,0,0,0,0,0,0,0,0,66
2025-09-29T06:31:20.153Z,60.5,21.1,1.923,49.6,0,59.9,0,0,0,0,0,0,0,0,66
2025-09-29T06:31:21.156Z,60.5,21.1,1.923,50.4,0,59.9,0,0,0,0,0,0,0,0,66
2025-09-29T06:31:22.156Z,60.5,21.1,1.923,49.6,0,59.9,0,0,0,0,0,0,0,0,66
2025-09-29T06:31:23.157Z,60.5,21.1,1.923,50.4,0,59.9,0,0,0,0,0,0,0,0,66
2025-09-29T06:31:24.157Z,60.5,21.1,1.923,49.6,0,59.9,0,0,0,0,0,0,0,0,66
2025-09-29T06:31:25.158Z,60.5,21.1,1.923,49.6,0,59.9,0,0,0,0,0,0,0,0,66
2025-09-29T06:31:26.160Z,60.5,21.1,1.923,50.4,0,59.9,0,0,0,0,0,0,0,0,66
2025-09-29T06:31:27.161Z,60.5,21.1,1.923,49.6,0,59.9,0,0,0,0,0,0,0,0,66
2025-09-29T06:31:28.162Z,60.5,21.1,1.923,49.6,0,59.9,0,0,0,0,0,0,0,0,66
2025-09-29T06:31:28.162Z,60.5,21.1,1.923,49.6,0,59.9,0,0,0,0,0,0,0,0,66
2025-09-29T06:31:30.162Z,60.5,21.1,1.924,49.6,0,59.9,0,0,0,0,0,0,0,0,66
2025-09-29T06:31:30.162Z,60.5,21.1,1.924,49.6,0,59.9,0,0,0,0,0,0,0,0,66
2025-09-29T06:31:31.171Z,60.5,21.1,1.924,49.6,0,59.9,0,0,0,0,0,0,0,0,66
2025-09-29T06:31:33.166Z,60.4,21.1,1.924,49.6,0,59.9,0,0,0,0,0,0,0,0,66
2025-09-29T06:31:34.168Z,60.4,21.1,1.924,49.6,0,59.9,0,0,0,0,0,0,0,0,66
2025-09-29T06:31:35.166Z,60.4,21.1,1.924,50.4,0,59.9,0,0,0,0,0,0,0,0,66
2025-09-29T06:31:36.165Z,60.4,21.1,1.924,50.4,0,59.9,0,0,0,0,0,0,0,0,66
2025-09-29T06:31:37.170Z,60.4,21.1,1.924,49.6,0,59.9,0,0,0,0,0,0,0,0,66
2025-09-29T06:31:38.174Z,60.4,21.1,1.924,50.4,0,59.9,0,0,0,0,0,0,0,0,66
2025-09-29T06:31:39.171Z,60.4,21.1,1.924,50.4,0,59.9,0,0,0,0,0,0,0,0,66
2025-09-29T06:31:40.172Z,60.4,21.1,1.924,49.6,0,59.9,0,0,0,0,0,0,0,0,66
2025-09-29T06:31:41.174Z,60.4,21.1,1.924,50.4,0,59.9,0,0,0,0,0,0,0,0,66
2025-09-29T06:31:42.177Z,60.4,21.1,1.924,49.6,0,59.9,0,0,0,0,0,0,0,0,66
2025-09-29T06:31:43.174Z,60.4,21.1,1.924,50.4,0,59.9,0,0,0,0,0,0,0,0,66
2025-09-29T06:31:44.174Z,60.4,21.1,1.924,50.4,0,59.9,0,0,0,0,0,0,0,0,66
2025-09-29T06:31:45.182Z,60.4,21.1,1.924,49.6,0,59.9,0,0,0,0,0,0,0,0,66
2025-09-29T06:31:46.178Z,60.4,21.1,1.924,50.4,0,59.9,0,0,0,0,0,0,0,0,66
2025-09-29T06:31:47.179Z,60.4,21.1,1.924,49.6,0,59.9,0,0,0,0,0,0,0,0,66
2025-09-29T06:31:48.180Z,60.4,21.1,1.924,49.6,0,59.9,0,0,0,0,0,0,0,0,66
2025-09-29T06:31:49.183Z,60.4,21.1,1.923,50.4,0,59.9,0,0,0,0,0,0,0,0,66
2025-09-29T06:31:50.186Z,60.4,21.1,1.923,49.6,0,59.9,0,0,0,0,0,0,0,0,66
2025-09-29T06:31:51.185Z,60.4,21.1,1.923,50.4,0,59.9,0,0,0,0,0,0,0,0,66
2025-09-29T06:31:52.186Z,60.4,21.1,1.923,49.6,0,59.9,0,0,0,0,0,0,0,0,66
2025-09-29T06:31:53.182Z,60.4,21.1,1.924,49.6,0,59.9,0,0,0,0,0,0,0,0,66
2025-09-29T06:31:54.186Z,60.4,21.1,1.923,50.4,0,59.9,0,0,0,0,0,0,0,0,66
2025-09-29T06:31:55.188Z,60.4,21.1,1.923,49.6,0,59.9,0,0,0,0,0,0,0,0,66
2025-09-29T06:31:56.186Z,60.3,21.1,1.924,49.6,0,59.9,0,0,0,0,0,0,0,0,66
2025-09-29T06:31:57.189Z,60.3,21.1,1.923,50.4,0,59.9,0,0,0,0,0,0,0,0,66
2025-09-29T06:31:58.190Z,60.3,21.1,1.923,49.6,0,59.9,0,0,0,0,0,0,0,0,66
2025-09-29T06:31:59.186Z,60.3,21.1,1.924,49.6,0,59.9,0,0,0,0,0,0,0,0,66
2025-09-29T06:32:00.189Z,60.3,21.1,1.923,50.4,0,59.9,0,0,0,0,0,0,0,0,66
2025-09-29T06:32:01.194Z,60.3,21.1,1.923,50.4,0,59.9,0,0,0,0,0,0,0,0,66
2025-09-29T06:32:02.195Z,60.3,21.1,1.923,49.6,0,59.9,0,0,0,0,0,0,0,0,66
2025-09-29T06:32:03.193Z,60.3,21.1,1.923,50.4,0,59.9,0,0,0,0,0,0,0,0,66
2025-09-29T06:32:04.195Z,60.3,21.1,1.923,49.6,0,59.9,0,0,0,0,0,0,0,0,66
2025-09-29T06:32:05.195Z,60.3,21.1,1.923,50.4,0,59.9,0,0,0,0,0,0,0,0,66
2025-09-29T06:32:06.197Z,60.3,21.1,1.923,50.4,0,59.9,0,0,0,0,0,0,0,0,66
2025-09-29T06:32:07.198Z,60.3,21.1,1.923,49.6,0,59.9,0,0,0,0,0,0,0,0,66
2025-09-29T06:32:08.195Z,60.3,21.1,1.923,50.4,0,59.9,0,0,0,0,0,0,0,0,66
2025-09-29T06:32:09.204Z,60.3,21.1,1.923,49.6,0,59.9,0,0,0,0,0,0,0,0,66
2025-09-29T06:32:10.201Z,60.3,21.1,1.923,50.4,0,59.9,0,0,0,0,0,0,0,0,66
2025-09-29T06:32:11.198Z,60.3,21.1,1.923,49.6,0,59.9,0,0,0,0,0,0,0,0,66
2025-09-29T06:32:12.201Z,60.3,21.1,1.923,50.4,0,59.9,0,0,0,0,0,0,0,0,66
2025-09-29T06:32:13.204Z,60.3,21.1,1.923,50.4,0,59.9,0,0,0,0,0,0,0,0,66
2025-09-29T06:32:14.205Z,60.3,21.1,1.923,49.6,0,59.9,0,0,0,0,0,0,0,0,66
2025-09-29T06:32:15.203Z,60.3,21.1,1.923,49.6,0,59.9,0,0,0,0,0,0,0,0,66
2025-09-29T06:32:16.203Z,60.3,21.1,1.923,50.4,0,59.9,0,0,0,0,0,0,0,0,66
2025-09-29T06:32:17.212Z,60.3,21.1,1.924,49.6,0,59.9,0,0,0,0,0,0,0,0,66
2025-09-29T06:32:18.212Z,60.3,21.1,1.924,49.6,0,59.9,0,0,0,0,0,0,0,0,66
2025-09-29T06:32:19.209Z,60.2,21.1,1.923,50.4,0,59.9,0,0,0,0,0,0,0,0,66
2025-09-29T06:32:20.211Z,60.2,21.1,1.925,49.6,0,59.9,0,0,0,0,0,0,0,0,66
2025-09-29T06:32:21.214Z,60.2,21.1,1.925,49.6,0,59.9,0,0,0,0,0,0,0,0,66
2025-09-29T06:32:22.215Z,60.2,21.1,1.925,50.4,0,59.9,0,0,0,0,0,0,0,0,66
2025-09-29T06:32:23.210Z,60.2,21.1,1.923,49.6,0,59.9,0,0,0,0,0,0,0,0,66
2025-09-29T06:32:24.215Z,60.2,21.1,1.925,50.4,0,59.9,0,0,0,0,0,0,0,0,66
2025-09-29T06:32:25.214Z,60.2,21.1,1.924,49.6,0,59.9,0,0,0,0,0,0,0,0,66
2025-09-29T06:32:26.218Z,60.2,21.1,1.925,49.6,0,59.9,0,0,0,0,0,0,0,0,66
2025-09-29T06:32:27.219Z,60.2,21.1,1.924,50.4,0,59.9,0,0,0,0,0,0,0,0,66
2025-09-29T06:32:28.222Z,60.2,21.1,1.925,49.6,0,59.9,0,0,0,0,0,0,0,0,66
2025-09-29T06:32:29.219Z,60.2,21.1,1.925,49.6,0,59.9,0,0,0,0,0,0,0,0,66
