timestamp,TECell_PV,PSCurrent_PV,PSVoltage_PV,FT201_PV,HTR201_PV,TE201_PV,CT201_PV,CT210_PV,Cell1_Voltage,Cell2_Voltage,Cell3_Voltage,PT201_PV,PT302_PV,HCD220_PV,step
2025-09-27T13:31:57.181Z,60.7,21.1,1.906,50.4,0,59.9,0,0,0,0,0,0,0,0,66
2025-09-27T13:31:58.183Z,60.7,21.1,1.906,49.6,0,59.9,0,0,0,0,0,0,0,0,66
2025-09-27T13:31:59.187Z,60.7,21.1,1.906,50.4,0,59.9,0,0,0,0,0,0,0,0,66
2025-09-27T13:32:00.187Z,60.7,21.1,1.905,50.4,0,59.9,0,0,0,0,0,0,0,0,66
2025-09-27T13:32:01.191Z,60.7,21.1,1.906,49.6,0,59.9,0,0,0,0,0,0,0,0,66
2025-09-27T13:32:02.190Z,60.7,21.1,1.906,49.6,0,59.9,0,0,0,0,0,0,0,0,66
2025-09-27T13:32:03.190Z,60.7,21.1,1.906,49.6,0,59.9,0,0,0,0,0,0,0,0,66
2025-09-27T13:32:04.193Z,60.7,21.1,1.906,50.4,0,59.9,0,0,0,0,0,0,0,0,66
2025-09-27T13:32:05.191Z,60.7,21.1,1.906,49.6,0,59.9,0,0,0,0,0,0,0,0,66
2025-09-27T13:32:06.199Z,60.7,21.1,1.906,50.4,0,59.9,0,0,0,0,0,0,0,0,66
2025-09-27T13:32:07.193Z,60.7,21.1,1.906,49.6,0,59.9,0,0,0,0,0,0,0,0,66
2025-09-27T13:32:08.198Z,60.7,21.1,1.906,49.6,0,59.9,0,0,0,0,0,0,0,0,66
2025-09-27T13:32:09.195Z,60.7,21.1,1.906,50.4,0,59.9,0,0,0,0,0,0,0,0,66
2025-09-27T13:32:10.194Z,60.7,21.1,1.906,49.6,0,59.9,0,0,0,0,0,0,0,0,66
2025-09-27T13:32:11.201Z,60.7,21.1,1.906,49.6,0,59.9,0,0,0,0,0,0,0,0,66
2025-09-27T13:32:12.201Z,60.6,21.1,1.906,50.4,0,59.9,0,0,0,0,0,0,0,0,66
2025-09-27T13:32:13.202Z,60.6,21.1,1.906,49.6,0,59.9,0,0,0,0,0,0,0,0,66
2025-09-27T13:32:14.200Z,60.6,21.1,1.906,50.4,0,59.9,0,0,0,0,0,0,0,0,66
2025-09-27T13:32:15.206Z,60.6,21.1,1.906,50.4,0,59.9,0,0,0,0,0,0,0,0,66
2025-09-27T13:32:16.198Z,60.6,21.1,1.907,49.6,0,59.9,0,0,0,0,0,0,0,0,66
2025-09-27T13:32:17.205Z,60.6,21.1,1.906,50.4,0,59.9,0,0,0,0,0,0,0,0,66
2025-09-27T13:32:18.203Z,60.6,21.1,1.906,49.6,0,59.9,0,0,0,0,0,0,0,0,66
2025-09-27T13:32:19.204Z,60.6,21.1,1.906,50.4,0,59.9,0,0,0,0,0,0,0,0,66
2025-09-27T13:32:20.205Z,60.6,21.1,1.906,49.6,0,59.9,0,0,0,0,0,0,0,0,66
2025-09-27T13:32:21.208Z,60.6,21.1,1.906,49.6,0,59.9,0,0,0,0,0,0,0,0,66
2025-09-27T13:32:22.207Z,60.6,21.1,1.906,50.4,0,59.9,0,0,0,0,0,0,0,0,66
2025-09-27T13:32:23.207Z,60.6,21.1,1.906,49.6,0,59.9,0,0,0,0,0,0,0,0,66
2025-09-27T13:32:24.209Z,60.6,21.1,1.906,50.4,0,59.9,0,0,0,0,0,0,0,0,66
2025-09-27T13:32:25.208Z,60.6,21.1,1.906,49.6,0,59.9,0,0,0,0,0,0,0,0,66
2025-09-27T13:32:26.209Z,60.6,21.1,1.906,49.6,0,59.9,0,0,0,0,0,0,0,0,66
2025-09-27T13:32:27.213Z,60.6,21.1,1.906,50.4,0,59.9,0,0,0,0,0,0,0,0,66
2025-09-27T13:32:28.216Z,60.6,21.1,1.906,49.6,0,59.9,0,0,0,0,0,0,0,0,66
2025-09-27T13:32:29.213Z,60.6,21.1,1.906,50.4,0,59.9,0,0,0,0,0,0,0,0,66
2025-09-27T13:32:30.218Z,60.6,21.1,1.907,50.4,0,59.9,0,0,0,0,0,0,0,0,66
2025-09-27T13:32:31.213Z,60.6,21.1,1.906,49.6,0,59.9,0,0,0,0,0,0,0,0,66
2025-09-27T13:32:32.216Z,60.6,21.1,1.906,50.4,0,59.9,0,0,0,0,0,0,0,0,66
2025-09-27T13:32:33.221Z,60.6,21.1,1.907,49.6,0,59.9,0,0,0,0,0,0,0,0,66
2025-09-27T13:32:34.217Z,60.6,21.1,1.906,50.4,0,59.9,0,0,0,0,0,0,0,0,66
2025-09-27T13:32:35.224Z,60.5,21.1,1.907,49.6,0,59.9,0,0,0,0,0,0,0,0,66
2025-09-27T13:32:36.223Z,60.5,21.1,1.907,50.4,0,59.9,0,0,0,0,0,0,0,0,66
2025-09-27T13:32:37.220Z,60.5,21.1,1.907,49.6,0,59.9,0,0,0,0,0,0,0,0,66
2025-09-27T13:32:38.222Z,60.5,21.1,1.907,50.4,0,59.9,0,0,0,0,0,0,0,0,66
2025-09-27T13:32:39.226Z,60.5,21.1,1.907,50.4,0,59.9,0,0,0,0,0,0,0,0,66
2025-09-27T13:32:40.232Z,60.5,21.1,1.907,49.6,0,59.9,0,0,0,0,0,0,0,0,66
2025-09-27T13:32:41.228Z,60.5,21.1,1.907,49.6,0,59.9,0,0,0,0,0,0,0,0,66
2025-09-27T13:32:42.228Z,60.5,21.1,1.907,49.6,0,59.9,0,0,0,0,0,0,0,0,66
2025-09-27T13:32:43.228Z,60.5,21.1,1.907,50.4,0,59.9,0,0,0,0,0,0,0,0,66
2025-09-27T13:32:44.231Z,60.5,21.1,1.907,49.6,0,59.9,0,0,0,0,0,0,0,0,66
2025-09-27T13:32:45.232Z,60.5,21.1,1.907,50.4,0,59.9,0,0,0,0,0,0,0,0,66
2025-09-27T13:32:46.233Z,60.5,21.1,1.907,50.4,0,59.9,0,0,0,0,0,0,0,0,66
2025-09-27T13:32:47.231Z,60.5,21.1,1.907,49.6,0,59.9,0,0,0,0,0,0,0,0,66
2025-09-27T13:32:48.234Z,60.5,21.1,1.907,50.4,0,59.9,0,0,0,0,0,0,0,0,66
2025-09-27T13:32:49.233Z,60.5,21.1,1.907,49.6,0,59.9,0,0,0,0,0,0,0,0,66
2025-09-27T13:32:50.233Z,60.5,21.1,1.907,50.4,0,59.9,0,0,0,0,0,0,0,0,66
2025-09-27T13:32:51.237Z,60.5,21.1,1.907,49.6,0,59.9,0,0,0,0,0,0,0,0,66
2025-09-27T13:32:52.238Z,60.5,21.1,1.907,50.4,0,59.9,0,0,0,0,0,0,0,0,66
2025-09-27T13:32:53.236Z,60.4,21.1,1.907,49.6,0,59.9,0,0,0,0,0,0,0,0,66
2025-09-27T13:32:54.240Z,60.5,21.1,1.907,50.4,0,59.9,0,0,0,0,0,0,0,0,66
2025-09-27T13:32:55.239Z,60.4,21.1,1.907,49.6,0,59.9,0,0,0,0,0,0,0,0,66
2025-09-27T13:32:56.238Z,60.4,21.1,1.907,50.4,0,59.9,0,0,0,0,0,0,0,0,66
2025-09-27T13:32:57.242Z,60.4,21.1,1.906,49.6,0,59.9,0,0,0,0,0,0,0,0,66
2025-09-27T13:32:58.243Z,60.4,21.1,1.906,50.4,0,59.9,0,0,0,0,0,0,0,0,66
2025-09-27T13:32:59.239Z,60.4,21.1,1.907,49.6,0,59.9,0,0,0,0,0,0,0,0,66
2025-09-27T13:33:00.243Z,60.4,21.1,1.906,50.4,0,59.9,0,0,0,0,0,0,0,0,66
2025-09-27T13:33:01.246Z,60.4,21.1,1.906,49.6,0,59.9,0,0,0,0,0,0,0,0,66
2025-09-27T13:33:02.247Z,60.4,21.1,1.908,50.4,0,59.9,0,0,0,0,0,0,0,0,66
2025-09-27T13:33:03.250Z,60.4,21.1,1.906,49.6,0,59.9,0,0,0,0,0,0,0,0,66
2025-09-27T13:33:04.249Z,60.4,21.1,1.908,50.4,0,59.9,0,0,0,0,0,0,0,0,66
2025-09-27T13:33:05.247Z,60.4,21.1,1.908,49.6,0,59.9,0,0,0,0,0,0,0,0,66
2025-09-27T13:33:06.253Z,60.4,21.1,1.908,50.4,0,59.9,0,0,0,0,0,0,0,0,66
2025-09-27T13:33:07.250Z,60.4,21.1,1.906,49.6,0,59.9,0,0,0,0,0,0,0,0,66
2025-09-27T13:33:08.252Z,60.4,21.1,1.908,50.4,0,59.9,0,0,0,0,0,0,0,0,66
2025-09-27T13:33:09.253Z,60.4,21.1,1.908,49.6,0,59.9,0,0,0,0,0,0,0,0,66
2025-09-27T13:33:10.254Z,60.4,21.1,1.908,50.4,0,60,0,0,0,0,0,0,0,0,66
2025-09-27T13:33:11.253Z,60.4,21.1,1.908,49.6,0,59.9,0,0,0,0,0,0,0,0,66
2025-09-27T13:33:12.254Z,60.4,21.1,1.908,50.4,0,59.9,0,0,0,0,0,0,0,0,66
2025-09-27T13:33:13.256Z,60.3,21.1,1.908,49.6,0,59.9,0,0,0,0,0,0,0,0,66
2025-09-27T13:33:14.261Z,60.4,21.1,1.908,50.4,0,59.9,0,0,0,0,0,0,0,0,66
2025-09-27T13:33:15.259Z,60.3,21.1,1.908,49.6,0,59.9,0,0,0,0,0,0,0,0,66
2025-09-27T13:33:16.262Z,60.3,21.1,1.908,50.4,0,59.9,0,0,0,0,0,0,0,0,66
2025-09-27T13:33:17.260Z,60.3,21.1,1.908,49.6,0,60,0,0,0,0,0,0,0,0,66
2025-09-27T13:33:18.264Z,60.3,21.1,1.909,50.4,0,60,0,0,0,0,0,0,0,0,66
2025-09-27T13:33:19.263Z,60.3,21.1,1.908,49.6,0,60,0,0,0,0,0,0,0,0,66
2025-09-27T13:33:20.262Z,60.3,21.1,1.909,50.4,0,59.9,0,0,0,0,0,0,0,0,66
2025-09-27T13:33:21.263Z,60.3,21.1,1.909,49.6,0,60,0,0,0,0,0,0,0,0,66
2025-09-27T13:33:22.263Z,60.3,21.1,1.909,50.4,0,60,0,0,0,0,0,0,0,0,66
2025-09-27T13:33:23.265Z,60.3,21.1,1.909,49.6,0,59.9,0,0,0,0,0,0,0,0,66
2025-09-27T13:33:24.266Z,60.3,21.1,1.909,50.4,0,60,0,0,0,0,0,0,0,0,66
2025-09-27T13:33:25.269Z,60.3,21.1,1.909,49.6,0,60,0,0,0,0,0,0,0,0,66
2025-09-27T13:33:26.267Z,60.3,21.1,1.909,50.4,0,59.9,0,0,0,0,0,0,0,0,66
2025-09-27T13:33:27.267Z,60.3,21.1,1.909,49.6,0,59.9,0,0,0,0,0,0,0,0,66
2025-09-27T13:33:28.268Z,60.3,21.1,1.909,50.4,0,59.9,0,0,0,0,0,0,0,0,66
2025-09-27T13:33:29.270Z,60.3,21.1,1.909,49.6,0,60,0,0,0,0,0,0,0,0,66
2025-09-27T13:33:30.270Z,60.3,21.1,1.909,50.4,0,60,0,0,0,0,0,0,0,0,66
2025-09-27T13:33:31.272Z,60.3,21.1,1.909,49.6,0,59.9,0,0,0,0,0,0,0,0,66
2025-09-27T13:33:32.272Z,60.3,21.1,1.909,50.4,0,60,0,0,0,0,0,0,0,0,66
2025-09-27T13:33:33.274Z,60.3,21.1,1.909,49.6,0,59.9,0,0,0,0,0,0,0,0,66
2025-09-27T13:33:34.275Z,60.2,21.1,1.909,50.4,0,59.9,0,0,0,0,0,0,0,0,66
2025-09-27T13:33:35.276Z,60.2,21.1,1.909,49.6,0,60,0,0,0,0,0,0,0,0,66
2025-09-27T13:33:36.273Z,60.2,21.1,1.909,50.4,0,60,0,0,0,0,0,0,0,0,66
2025-09-27T13:33:37.281Z,60.2,21.1,1.909,49.6,0,60,0,0,0,0,0,0,0,0,66
2025-09-27T13:33:38.278Z,60.2,21.1,1.909,49.6,0,60,0,0,0,0,0,0,0,0,66
2025-09-27T13:33:39.280Z,60.2,21.1,1.909,49.6,0,60,0,0,0,0,0,0,0,0,66
2025-09-27T13:33:40.277Z,60.2,21.1,1.909,50.4,0,60,0,0,0,0,0,0,0,0,66
2025-09-27T13:33:41.284Z,60.2,21.1,1.909,49.6,0,60,0,0,0,0,0,0,0,0,66
2025-09-27T13:33:42.282Z,60.2,21.1,1.909,50.4,0,60,0,0,0,0,0,0,0,0,66
2025-09-27T13:33:43.285Z,60.2,21.1,1.909,49.6,0,60,0,0,0,0,0,0,0,0,66
2025-09-27T13:33:44.285Z,60.2,21.1,1.909,50.4,0,60,0,0,0,0,0,0,0,0,66
2025-09-27T13:33:45.288Z,60.2,21.1,1.909,49.6,0,60,0,0,0,0,0,0,0,0,66
2025-09-27T13:33:46.286Z,60.2,21.1,1.909,50.4,0,60,0,0,0,0,0,0,0,0,66
2025-09-27T13:33:47.290Z,60.2,21.1,1.909,49.6,0,59.9,0,0,0,0,0,0,0,0,66
2025-09-27T13:33:48.296Z,60.2,21.1,1.909,50.4,0,60,0,0,0,0,0,0,0,0,66
2025-09-27T13:33:49.290Z,60.2,21.1,1.909,49.6,0,59.9,0,0,0,0,0,0,0,0,66
2025-09-27T13:33:50.291Z,60.2,21.1,1.909,50.4,0,60,0,0,0,0,0,0,0,0,66
2025-09-27T13:33:51.292Z,60.2,21.1,1.909,49.6,0,60,0,0,0,0,0,0,0,0,66
2025-09-27T13:33:52.291Z,60.2,21.1,1.909,50.4,0,60,0,0,0,0,0,0,0,0,66
2025-09-27T13:33:53.292Z,60.2,21.1,1.909,49.6,0,60,0,0,0,0,0,0,0,0,66
2025-09-27T13:33:54.297Z,60.2,21.1,1.909,50.4,0,60,0,0,0,0,0,0,0,0,66
2025-09-27T13:33:55.297Z,60.1,21.1,1.909,49.6,0,60,0,0,0,0,0,0,0,0,66
2025-09-27T13:33:56.296Z,60.1,21.1,1.909,50.4,0,60,0,0,0,0,0,0,0,0,66
2025-09-27T13:33:57.297Z,60.1,21.1,1.909,49.6,0,60,0,0,0,0,0,0,0,0,66
2025-09-27T13:33:58.298Z,60.1,21.1,1.909,50.4,0,60,0,0,0,0,0,0,0,0,66
2025-09-27T13:33:59.299Z,60.1,21.1,1.909,49.6,0,60,0,0,0,0,0,0,0,0,66
2025-09-27T13:34:00.297Z,60.1,21.1,1.909,50.4,0,60,0,0,0,0,0,0,0,0,66
2025-09-27T13:34:01.300Z,60.1,21.1,1.909,49.6,0,60,0,0,0,0,0,0,0,0,66
2025-09-27T13:34:02.302Z,60.1,21.1,1.909,50.4,0,60,0,0,0,0,0,0,0,0,66
2025-09-27T13:34:03.300Z,60.1,21.1,1.909,49.6,0,60,0,0,0,0,0,0,0,0,66
2025-09-27T13:34:04.306Z,60.1,21.1,1.909,50.4,0,60,0,0,0,0,0,0,0,0,66
2025-09-27T13:34:05.305Z,60.1,21.1,1.909,49.6,0,60,0,0,0,0,0,0,0,0,66
2025-09-27T13:34:06.305Z,60.1,21.1,1.909,50.4,0,60,0,0,0,0,0,0,0,0,66
2025-09-27T13:34:07.306Z,60.1,21.1,1.909,49.6,0,60,0,0,0,0,0,0,0,0,66
2025-09-27T13:34:08.307Z,60.1,21.1,1.909,50.4,0,60,0,0,0,0,0,0,0,0,66
2025-09-27T13:34:09.309Z,60.1,21.1,1.909,49.6,0,60,0,0,0,0,0,0,0,0,66
2025-09-27T13:34:10.308Z,60.1,21.1,1.909,50.4,0,60,0,0,0,0,0,0,0,0,66
2025-09-27T13:34:11.312Z,60.1,21.1,1.909,49.6,0,60,0,0,0,0,0,0,0,0,66
2025-09-27T13:34:12.312Z,60.1,21.1,1.909,50.4,0,60,0,0,0,0,0,0,0,0,66
2025-09-27T13:34:13.312Z,60.1,21.1,1.909,49.6,0,60,0,0,0,0,0,0,0,0,66
2025-09-27T13:34:14.316Z,60.1,21.1,1.909,50.4,0,60,0,0,0,0,0,0,0,0,66
2025-09-27T13:34:15.313Z,60.1,21.1,1.909,49.6,0,60,0,0,0,0,0,0,0,0,66
2025-09-27T13:34:16.313Z,60.1,21.1,1.909,50.4,0,60,0,0,0,0,0,0,0,0,66
2025-09-27T13:34:17.317Z,60.1,21.1,1.909,49.6,0,60,0,0,0,0,0,0,0,0,66
2025-09-27T13:34:18.318Z,60.1,21.1,1.909,50.4,0,60,0,0,0,0,0,0,0,0,66
2025-09-27T13:34:19.318Z,60,21.1,1.909,49.6,0,60,0,0,0,0,0,0,0,0,66
2025-09-27T13:34:20.319Z,60,21.1,1.91,49.6,0,60,0,0,0,0,0,0,0,0,66
2025-09-27T13:34:21.313Z,60,21.1,1.91,49.6,0,60,0,0,0,0,0,0,0,0,66
2025-09-27T13:34:22.318Z,60,21.1,1.91,50.4,0,60,0,0,0,0,0,0,0,0,66
2025-09-27T13:34:23.319Z,60,21.1,1.91,49.6,0,60,0,0,0,0,0,0,0,0,66
2025-09-27T13:34:24.320Z,60,21.1,1.91,49.6,0,60,0,0,0,0,0,0,0,0,66
2025-09-27T13:34:25.320Z,60,21.1,1.91,49.6,0,60,0,0,0,0,0,0,0,0,66
2025-09-27T13:34:26.319Z,60,21.1,1.91,50.4,0,60,0,0,0,0,0,0,0,0,66
2025-09-27T13:34:27.324Z,60,21.1,1.91,49.6,0,60,0,0,0,0,0,0,0,0,66
2025-09-27T13:34:28.322Z,60,21.1,1.91,50.4,0,60,0,0,0,0,0,0,0,0,66
2025-09-27T13:34:29.328Z,60,21.1,1.911,49.6,0,60,0,0,0,0,0,0,0,0,66
2025-09-27T13:34:30.327Z,60,21.1,1.91,50.4,0,60,0,0,0,0,0,0,0,0,66
2025-09-27T13:34:31.326Z,60,21.1,1.91,49.6,0,60,0,0,0,0,0,0,0,0,66
2025-09-27T13:34:32.327Z,60,21.1,1.91,49.6,0,60,0,0,0,0,0,0,0,0,66
2025-09-27T13:34:33.327Z,60,21.1,1.91,49.6,0,60,0,0,0,0,0,0,0,0,66
2025-09-27T13:34:34.330Z,60,21.1,1.911,50.4,0,60,0,0,0,0,0,0,0,0,66
2025-09-27T13:34:35.332Z,60,21.1,1.911,49.6,0,60,0,0,0,0,0,0,0,0,66
2025-09-27T13:34:36.331Z,60,21.1,1.91,50.4,0,60,0,0,0,0,0,0,0,0,66
2025-09-27T13:34:37.334Z,60,21.1,1.911,49.6,0,60,0,0,0,0,0,0,0,0,66
2025-09-27T13:34:38.337Z,60,21.1,1.911,50.4,0,60,0,0,0,0,0,0,0,0,66
2025-09-27T13:34:39.332Z,60,21.1,1.911,49.6,0,60,0,0,0,0,0,0,0,0,66
2025-09-27T13:34:40.337Z,60,21.1,1.911,50.4,0,60,0,0,0,0,0,0,0,0,66
2025-09-27T13:34:41.339Z,59.9,21.1,1.911,49.6,0,60,0,0,0,0,0,0,0,0,66
2025-09-27T13:34:42.336Z,59.9,21.1,1.911,50.4,0,60,0,0,0,0,0,0,0,0,66
2025-09-27T13:34:43.339Z,59.9,21.1,1.911,49.6,0,60,0,0,0,0,0,0,0,0,66
2025-09-27T13:34:44.341Z,59.9,21.1,1.911,50.4,0,60,0,0,0,0,0,0,0,0,66
2025-09-27T13:34:45.343Z,59.9,21.1,1.911,49.6,0,60,0,0,0,0,0,0,0,0,66
2025-09-27T13:34:46.343Z,59.9,21.1,1.911,49.6,0,60,0,0,0,0,0,0,0,0,66
2025-09-27T13:34:47.342Z,59.9,21.1,1.911,50.4,0,60,0,0,0,0,0,0,0,0,66
2025-09-27T13:34:48.343Z,59.9,21.1,1.911,49.6,0,60,0,0,0,0,0,0,0,0,66
2025-09-27T13:34:49.345Z,59.9,21.1,1.911,50.4,0,60,0,0,0,0,0,0,0,0,66
2025-09-27T13:34:50.341Z,59.9,21.1,1.911,49.6,0,60,0,0,0,0,0,0,0,0,66
2025-09-27T13:34:51.346Z,59.9,21.1,1.911,50.4,0,60,0,0,0,0,0,0,0,0,66
2025-09-27T13:34:52.342Z,59.9,21.1,1.911,49.6,0,60,0,0,0,0,0,0,0,0,66
2025-09-27T13:34:53.349Z,59.9,21.1,1.911,50.4,0,60,0,0,0,0,0,0,0,0,66
2025-09-27T13:34:54.348Z,59.9,21.1,1.911,49.6,0,60,0,0,0,0,0,0,0,0,66
2025-09-27T13:34:55.350Z,59.9,21.1,1.911,49.6,0,60,0,0,0,0,0,0,0,0,66
2025-09-27T13:34:56.350Z,59.9,21.1,1.911,49.6,0,60,0,0,0,0,0,0,0,0,66
2025-09-27T13:34:57.350Z,59.9,21.1,1.911,50.4,0,60,0,0,0,0,0,0,0,0,66
2025-09-27T13:34:58.351Z,59.9,21.1,1.911,49.6,0,60,0,0,0,0,0,0,0,0,66
2025-09-27T13:34:59.356Z,59.9,21.1,1.91,50.4,0,60,0,0,0,0,0,0,0,0,66
2025-09-27T13:35:00.356Z,59.9,21.1,1.91,49.6,0,60,0,0,0,0,0,0,0,0,66
2025-09-27T13:35:01.355Z,59.9,21.1,1.911,49.6,0,60,0,0,0,0,0,0,0,0,66
2025-09-27T13:35:02.361Z,59.9,21.1,1.91,50.4,0,60,0,0,0,0,0,0,0,0,66
2025-09-27T13:35:03.361Z,59.9,21.1,1.91,49.6,0,60,0,0,0,0,0,0,0,0,66
2025-09-27T13:35:04.361Z,59.8,21.1,1.91,50.4,0,60,0,0,0,0,0,0,0,0,66
2025-09-27T13:35:05.357Z,59.8,21.1,1.911,49.6,0,60,0,0,0,0,0,0,0,0,66
2025-09-27T13:35:06.361Z,59.8,21.1,1.91,49.6,0,60,0,0,0,0,0,0,0,0,66
2025-09-27T13:35:07.363Z,59.8,21.1,1.91,50.4,0,60,0,0,0,0,0,0,0,0,66
2025-09-27T13:35:08.361Z,59.8,21.1,1.91,49.6,0,60,0,0,0,0,0,0,0,0,66
2025-09-27T13:35:09.370Z,59.8,21.1,1.91,50.4,0,60,0,0,0,0,0,0,0,0,66
2025-09-27T13:35:10.367Z,59.8,21.1,1.91,49.6,0,60,0,0,0,0,0,0,0,0,66
2025-09-27T13:35:11.368Z,59.8,21.1,1.91,49.6,0,60,0,0,0,0,0,0,0,0,66
2025-09-27T13:35:12.372Z,59.8,21.1,1.91,50.4,0,60,0,0,0,0,0,0,0,0,66
2025-09-27T13:35:13.371Z,59.8,21.1,1.91,49.6,0,60,0,0,0,0,0,0,0,0,66
2025-09-27T13:35:14.371Z,59.8,21.1,1.91,49.6,0,60,0,0,0,0,0,0,0,0,66
2025-09-27T13:35:15.371Z,59.8,21.1,1.91,50.4,0,60,0,0,0,0,0,0,0,0,66
2025-09-27T13:35:16.370Z,59.8,21.1,1.91,49.6,0,60,0,0,0,0,0,0,0,0,66
2025-09-27T13:35:17.371Z,59.8,21.1,1.91,49.6,0,60,0,0,0,0,0,0,0,0,66
2025-09-27T13:35:18.371Z,59.8,21.1,1.91,50.4,0,60,0,0,0,0,0,0,0,0,66
2025-09-27T13:35:19.377Z,59.8,21.1,1.911,50.4,0,60,0,0,0,0,0,0,0,0,66
2025-09-27T13:35:20.375Z,59.8,21.1,1.91,49.6,0,60,0,0,0,0,0,0,0,0,66
2025-09-27T13:35:21.374Z,59.8,21.1,1.911,50.4,0,60,0,0,0,0,0,0,0,0,66
2025-09-27T13:35:22.372Z,59.8,21.1,1.91,49.6,0,60,0,0,0,0,0,0,0,0,66
2025-09-27T13:35:23.384Z,59.8,21.1,1.911,49.6,0,60,0,0,0,0,0,0,0,0,66
2025-09-27T13:35:24.375Z,59.8,21.1,1.91,50.4,0,60,0,0,0,0,0,0,0,0,66
2025-09-27T13:35:25.379Z,59.8,21.1,1.911,49.6,0,60,0,0,0,0,0,0,0,0,66
2025-09-27T13:35:26.381Z,59.8,21.1,1.911,49.6,0,60,0,0,0,0,0,0,0,0,66
2025-09-27T13:35:27.379Z,59.7,21.1,1.91,50.4,0,60,0,0,0,0,0,0,0,0,66
2025-09-27T13:35:28.382Z,59.7,21.1,1.912,49.6,0,60,0,0,0,0,0,0,0,0,66
2025-09-27T13:35:29.385Z,59.7,21.1,1.911,49.6,0,60,0,0,0,0,0,0,0,0,66
2025-09-27T13:35:30.383Z,59.7,21.1,1.912,50.4,0,60,0,0,0,0,0,0,0,0,66
2025-09-27T13:35:31.379Z,59.7,21.1,1.91,49.6,0,60,0,0,0,0,0,0,0,0,66
2025-09-27T13:35:32.386Z,59.7,21.1,1.911,49.6,0,60,0,0,0,0,0,0,0,0,66
2025-09-27T13:35:33.384Z,59.7,21.1,1.911,50.4,0,60,0,0,0,0,0,0,0,0,66
2025-09-27T13:35:34.386Z,59.7,21.1,1.912,49.6,0,60,0,0,0,0,0,0,0,0,66
2025-09-27T13:35:35.387Z,59.7,21.1,1.912,49.6,0,60,0,0,0,0,0,0,0,0,66
2025-09-27T13:35:36.387Z,59.7,21.1,1.912,50.4,0,60,0,0,0,0,0,0,0,0,66
2025-09-27T13:35:37.389Z,59.7,21.1,1.912,50.4,0,60,0,0,0,0,0,0,0,0,66
2025-09-27T13:35:38.389Z,59.7,21.1,1.912,49.6,0,60,0,0,0,0,0,0,0,0,66
2025-09-27T13:35:39.390Z,59.7,21.1,1.912,50.4,0,60,0,0,0,0,0,0,0,0,66
2025-09-27T13:35:40.395Z,59.7,21.1,1.912,50.4,0,60,0,0,0,0,0,0,0,0,66
2025-09-27T13:35:41.393Z,59.7,21.1,1.912,49.6,0,60,0,0,0,0,0,0,0,0,66
2025-09-27T13:35:42.396Z,59.7,21.1,1.912,50.4,0,60,0,0,0,0,0,0,0,0,66
2025-09-27T13:35:43.402Z,59.7,21.1,1.911,49.6,0,60,0,0,0,0,0,0,0,0,66
2025-09-27T13:35:44.393Z,59.7,21.1,1.912,50.4,0,60,0,0,0,0,0,0,0,0,66
2025-09-27T13:35:45.396Z,59.7,21.1,1.912,50.4,0,60,0,0,0,0,0,0,0,0,66
2025-09-27T13:35:46.394Z,59.7,21.1,1.912,49.6,0,60,0,0,0,0,0,0,0,0,66
2025-09-27T13:35:47.401Z,59.7,21.1,1.912,50.4,0,60,0,0,0,0,0,0,0,0,66
2025-09-27T13:35:48.399Z,59.7,21.1,1.912,49.6,0,60,0,0,0,0,0,0,0,0,66
2025-09-27T13:35:49.408Z,59.7,21.1,1.911,49.6,0,60,0,0,0,0,0,0,0,0,66
2025-09-27T13:35:50.405Z,59.7,21.1,1.912,50.4,0,60,0,0,0,0,0,0,0,0,66
2025-09-27T13:35:51.404Z,59.7,21.1,1.912,50.4,0,60,0,0,0,0,0,0,0,0,66
2025-09-27T13:35:52.402Z,59.7,21.1,1.912,49.6,0,60,0,0,0,0,0,0,0,0,66
2025-09-27T13:35:53.402Z,59.7,21.1,1.912,50.4,0,60,0,0,0,0,0,0,0,0,66
2025-09-27T13:35:54.407Z,59.7,21.1,1.911,49.6,0,60,0,0,0,0,0,0,0,0,66
2025-09-27T13:35:55.407Z,59.6,21.1,1.911,50.4,0,60,0,0,0,0,0,0,0,0,66
2025-09-27T13:35:56.405Z,59.6,21.1,1.912,49.6,0,60,0,0,0,0,0,0,0,0,66
2025-09-27T13:35:57.411Z,59.6,21.1,1.911,49.6,0,60,0,0,0,0,0,0,0,0,66
2025-09-27T13:35:58.411Z,59.7,21.1,1.912,50.4,0,60,0,0,0,0,0,0,0,0,66
2025-09-27T13:35:59.410Z,59.6,21.1,1.912,50.4,0,60,0,0,0,0,0,0,0,0,66
2025-09-27T13:36:00.411Z,59.6,21.1,1.912,49.6,0,60,0,0,0,0,0,0,0,0,66
2025-09-27T13:36:01.414Z,59.6,21.1,1.912,50.4,0,60,0,0,0,0,0,0,0,0,66
2025-09-27T13:36:02.413Z,59.6,21.1,1.912,49.6,0,60,0,0,0,0,0,0,0,0,66
2025-09-27T13:36:03.414Z,59.6,21.1,1.912,50.4,0,60,0,0,0,0,0,0,0,0,66
2025-09-27T13:36:04.417Z,59.6,21.1,1.912,49.6,0,60,0,0,0,0,0,0,0,0,66
2025-09-27T13:36:05.412Z,59.6,21.1,1.912,50.4,0,60,0,0,0,0,0,0,0,0,66
2025-09-27T13:36:06.417Z,59.6,21.1,1.912,49.6,0,60,0,0,0,0,0,0,0,0,66
2025-09-27T13:36:07.415Z,59.6,21.1,1.912,50.4,0,60,0,0,0,0,0,0,0,0,66
2025-09-27T13:36:08.420Z,59.6,21.1,1.912,49.6,0,60,0,0,0,0,0,0,0,0,66
2025-09-27T13:36:09.418Z,59.6,21.1,1.912,49.6,0,60,0,0,0,0,0,0,0,0,66
2025-09-27T13:36:10.418Z,59.6,21.1,1.912,50.4,0,60,0,0,0,0,0,0,0,0,66
2025-09-27T13:36:11.424Z,59.6,21.1,1.912,49.6,0,60,0,0,0,0,0,0,0,0,66
2025-09-27T13:36:12.424Z,59.6,21.1,1.912,50.4,0,60,0,0,0,0,0,0,0,0,66
2025-09-27T13:36:13.429Z,59.6,21.1,1.912,49.6,0,60,0,0,0,0,0,0,0,0,66
2025-09-27T13:36:14.426Z,59.6,21.1,1.912,49.6,0,60,0,0,0,0,0,0,0,0,66
2025-09-27T13:36:15.427Z,59.6,21.1,1.912,50.4,0,60,0,0,0,0,0,0,0,0,66
2025-09-27T13:36:16.430Z,59.6,21.1,1.912,49.6,0,60,0,0,0,0,0,0,0,0,66
2025-09-27T13:36:17.428Z,59.6,21.1,1.912,50.4,0,60,0,0,0,0,0,0,0,0,66
2025-09-27T13:36:18.427Z,59.6,21.1,1.912,50.4,0,60,0,0,0,0,0,0,0,0,66
2025-09-27T13:36:19.429Z,59.6,21.1,1.912,49.6,0,60,0,0,0,0,0,0,0,0,66
2025-09-27T13:36:20.428Z,59.6,21.1,1.912,50.4,0,60,0,0,0,0,0,0,0,0,66
2025-09-27T13:36:21.428Z,59.6,21.1,1.912,49.6,0,60,0,0,0,0,0,0,0,0,66
2025-09-27T13:36:22.430Z,59.5,21.1,1.912,50.4,0,60,0,0,0,0,0,0,0,0,66
2025-09-27T13:36:23.431Z,59.5,21.1,1.912,49.6,0,60,0,0,0,0,0,0,0,0,66
2025-09-27T13:36:24.434Z,59.5,21.1,1.912,49.6,0,60,0,0,0,0,0,0,0,0,66
2025-09-27T13:36:25.436Z,59.5,21.1,1.912,50.4,0,60,0,0,0,0,0,0,0,0,66
2025-09-27T13:36:26.436Z,59.5,21.1,1.912,49.6,0,60,0,0,0,0,0,0,0,0,66
2025-09-27T13:36:27.443Z,59.5,21.1,1.912,50.4,0,60,0,0,0,0,0,0,0,0,66
2025-09-27T13:36:28.436Z,59.5,21.1,1.912,50.4,0,60,0,0,0,0,0,0,0,0,66
2025-09-27T13:36:29.438Z,59.5,21.1,1.912,49.6,0,60,0,0,0,0,0,0,0,0,66
2025-09-27T13:36:30.437Z,59.5,21.1,1.912,50.4,0,60,0,0,0,0,0,0,0,0,66
2025-09-27T13:36:31.436Z,59.5,21.1,1.912,49.6,0,60,0,0,0,0,0,0,0,0,66
2025-09-27T13:36:32.441Z,59.5,21.1,1.912,50.4,0,60,0,0,0,0,0,0,0,0,66
2025-09-27T13:36:33.440Z,59.5,21.1,1.912,49.6,0,60,0,0,0,0,0,0,0,0,66
2025-09-27T13:36:34.442Z,59.5,21.1,1.912,50.4,0,60,0,0,0,0,0,0,0,0,66
2025-09-27T13:36:35.445Z,59.5,21.1,1.912,49.6,0,60,0,0,0,0,0,0,0,0,66
2025-09-27T13:36:36.443Z,59.5,21.1,1.912,49.6,0,60,0,0,0,0,0,0,0,0,66
2025-09-27T13:36:37.443Z,59.5,21.1,1.912,50.4,0,60,0,0,0,0,0,0,0,0,66
2025-09-27T13:36:38.448Z,59.5,21.1,1.912,49.6,0,60,0,0,0,0,0,0,0,0,66
2025-09-27T13:36:39.451Z,59.5,21.1,1.912,50.4,0,60,0,0,0,0,0,0,0,0,66
2025-09-27T13:36:40.450Z,59.5,21.1,1.912,49.6,0,60,0,0,0,0,0,0,0,0,66
2025-09-27T13:36:41.447Z,59.5,21.1,1.912,49.6,0,60,0,0,0,0,0,0,0,0,66
2025-09-27T13:36:42.451Z,59.5,21.1,1.912,50.4,0,60,0,0,0,0,0,0,0,0,66
2025-09-27T13:36:43.458Z,59.5,21.1,1.912,50.4,0,60,0,0,0,0,0,0,0,0,66
2025-09-27T13:36:44.457Z,59.5,21.1,1.912,49.6,0,60,0,0,0,0,0,0,0,0,66
2025-09-27T13:36:45.457Z,59.5,21.1,1.912,50.4,0,60,0,0,0,0,0,0,0,0,66
2025-09-27T13:36:46.456Z,59.5,21.1,1.912,49.6,0,60,0,0,0,0,0,0,0,0,66
2025-09-27T13:36:47.457Z,59.5,21.1,1.912,50.4,0,60,0,0,0,0,0,0,0,0,66
2025-09-27T13:36:48.459Z,59.5,21.1,1.912,49.6,0,60,0,0,0,0,0,0,0,0,66
2025-09-27T13:36:49.458Z,59.5,21.1,1.912,50.4,0,60,0,0,0,0,0,0,0,0,66
2025-09-27T13:36:50.454Z,59.5,21.1,1.912,49.6,0,60,0,0,0,0,0,0,0,0,66
2025-09-27T13:36:51.460Z,59.5,21.1,1.912,50.4,0,60,0,0,0,0,0,0,0,0,66
2025-09-27T13:36:52.458Z,59.5,21.1,1.912,49.6,0,60,0,0,0,0,0,0,0,0,66
2025-09-27T13:36:53.463Z,59.5,21.1,1.912,50.4,0,60,0,0,0,0,0,0,0,0,66
2025-09-27T13:36:54.463Z,59.5,21.1,1.912,49.6,0,60,0,0,0,0,0,0,0,0,66
2025-09-27T13:36:55.461Z,59.5,21.1,1.912,50.4,0,60,0,0,0,0,0,0,0,0,66
2025-09-27T13:36:56.461Z,59.5,21.1,1.912,49.6,0,60,0,0,0,0,0,0,0,0,66
2025-09-27T13:36:57.464Z,59.5,21.1,1.912,50.4,0,60,0,0,0,0,0,0,0,0,66
2025-09-27T13:36:58.470Z,59.4,21.1,1.912,49.6,0,60,0,0,0,0,0,0,0,0,66
2025-09-27T13:36:59.467Z,59.4,21.1,1.912,50.4,0,60,0,0,0,0,0,0,0,0,66
2025-09-27T13:37:00.470Z,59.4,21.1,1.912,49.6,0,60,0,0,0,0,0,0,0,0,66
2025-09-27T13:37:01.468Z,59.4,21.1,1.912,50.4,0,60,0,0,0,0,0,0,0,0,66
2025-09-27T13:37:02.471Z,59.4,21.1,1.912,49.6,0,60,0,0,0,0,0,0,0,0,66
2025-09-27T13:37:03.469Z,59.5,21.1,1.912,50.4,0,60,0,0,0,0,0,0,0,0,66
2025-09-27T13:37:04.467Z,59.4,21.1,1.912,49.6,0,60,0,0,0,0,0,0,0,0,66
2025-09-27T13:37:05.474Z,59.4,21.1,1.912,50.4,0,60,0,0,0,0,0,0,0,0,66
2025-09-27T13:37:06.472Z,59.4,21.1,1.912,49.6,0,60,0,0,0,0,0,0,0,0,66
2025-09-27T13:37:07.472Z,59.4,21.1,1.912,50.4,0,60,0,0,0,0,0,0,0,0,66
2025-09-27T13:37:08.473Z,59.4,21.1,1.912,49.6,0,60,0,0,0,0,0,0,0,0,66
2025-09-27T13:37:09.476Z,59.4,21.1,1.912,50.4,0,60,0,0,0,0,0,0,0,0,66
2025-09-27T13:37:10.478Z,59.4,21.1,1.912,49.6,0,60,0,0,0,0,0,0,0,0,66
2025-09-27T13:37:11.477Z,59.4,21.1,1.912,50.4,0,60,0,0,0,0,0,0,0,0,66
2025-09-27T13:37:12.480Z,59.4,21.1,1.912,49.6,0,60,0,0,0,0,0,0,0,0,66
2025-09-27T13:37:13.479Z,59.4,21.1,1.912,50.4,0,60,0,0,0,0,0,0,0,0,66
2025-09-27T13:37:14.483Z,59.4,21.1,1.912,49.6,0,60,0,0,0,0,0,0,0,0,66
2025-09-27T13:37:15.482Z,59.4,21.1,1.912,50.4,0,60,0,0,0,0,0,0,0,0,66
2025-09-27T13:37:16.485Z,59.4,21.1,1.912,49.6,0,60,0,0,0,0,0,0,0,0,66
2025-09-27T13:37:17.478Z,59.4,21.1,1.912,50.4,0,60,0,0,0,0,0,0,0,0,66
2025-09-27T13:37:18.487Z,59.4,21.1,1.913,49.6,0,60,0,0,0,0,0,0,0,0,66
2025-09-27T13:37:19.483Z,59.4,21.1,1.912,50.4,0,60,0,0,0,0,0,0,0,0,66
2025-09-27T13:37:20.487Z,59.4,21.1,1.913,49.6,0,60,0,0,0,0,0,0,0,0,66
2025-09-27T13:37:21.486Z,59.4,21.1,1.913,50.4,0,60,0,0,0,0,0,0,0,0,66
2025-09-27T13:37:22.483Z,59.4,21.1,1.912,49.6,0,60,0,0,0,0,0,0,0,0,66
2025-09-27T13:37:23.487Z,59.4,21.1,1.912,50.4,0,60,0,0,0,0,0,0,0,0,66
2025-09-27T13:37:24.490Z,59.4,21.1,1.913,49.6,0,60,0,0,0,0,0,0,0,0,66
2025-09-27T13:37:25.490Z,59.4,21.1,1.913,50.4,0,60,0,0,0,0,0,0,0,0,66
2025-09-27T13:37:26.490Z,59.4,21.1,1.913,49.6,0,60,0,0,0,0,0,0,0,0,66
2025-09-27T13:37:27.492Z,59.4,21.1,1.913,50.4,0,60,0,0,0,0,0,0,0,0,66
2025-09-27T13:37:28.492Z,59.4,21.1,1.913,49.6,0,60,0,0,0,0,0,0,0,0,66
2025-09-27T13:37:29.489Z,59.4,21.1,1.912,50.4,0,60,0,0,0,0,0,0,0,0,66
2025-09-27T13:37:30.491Z,59.4,21.1,1.913,49.6,0,60,0,0,0,0,0,0,0,0,66
2025-09-27T13:37:31.492Z,59.4,21.1,1.913,50.4,0,60,0,0,0,0,0,0,0,0,66
2025-09-27T13:37:32.497Z,59.4,21.1,1.913,49.6,0,60,0,0,0,0,0,0,0,0,66
2025-09-27T13:37:33.495Z,59.4,21.1,1.913,50.4,0,60,0,0,0,0,0,0,0,0,66
2025-09-27T13:37:34.495Z,59.4,21.1,1.913,49.6,0,60,0,0,0,0,0,0,0,0,66
2025-09-27T13:37:35.498Z,59.4,21.1,1.913,50.4,0,60,0,0,0,0,0,0,0,0,66
2025-09-27T13:37:36.499Z,59.4,21.1,1.913,49.6,0,60,0,0,0,0,0,0,0,0,66
2025-09-27T13:37:37.499Z,59.4,21.1,1.913,49.6,0,60,0,0,0,0,0,0,0,0,66
2025-09-27T13:37:38.498Z,59.4,21.1,1.913,50.4,0,60,0,0,0,0,0,0,0,0,66
2025-09-27T13:37:39.503Z,59.4,21.1,1.913,49.6,0,60,0,0,0,0,0,0,0,0,66
2025-09-27T13:37:40.503Z,59.4,21.1,1.913,49.6,0,60,0,0,0,0,0,0,0,0,66
2025-09-27T13:37:41.505Z,59.4,21.1,1.913,49.6,0,60,0,0,0,0,0,0,0,0,66
2025-09-27T13:37:42.507Z,59.4,21.1,1.913,50.4,0,60,0,0,0,0,0,0,0,0,66
2025-09-27T13:37:43.507Z,59.4,21.1,1.913,49.6,0,60,0,0,0,0,0,0,0,0,66
2025-09-27T13:37:44.504Z,59.4,21.1,1.913,49.6,0,60,0,0,0,0,0,0,0,0,66
2025-09-27T13:37:45.508Z,59.4,21.1,1.913,49.6,0,60,0,0,0,0,0,0,0,0,66
2025-09-27T13:37:46.508Z,59.4,21.1,1.913,50.4,0,60,0,0,0,0,0,0,0,0,66
2025-09-27T13:37:47.513Z,59.4,21.1,1.913,49.6,0,60,0,0,0,0,0,0,0,0,66
2025-09-27T13:37:48.513Z,59.4,21.1,1.913,49.6,0,60,0,0,0,0,0,0,0,0,66
2025-09-27T13:37:49.512Z,59.4,21.1,1.913,50.4,0,60,0,0,0,0,0,0,0,0,66
2025-09-27T13:37:50.513Z,59.4,21.1,1.912,49.6,0,60,0,0,0,0,0,0,0,0,66
2025-09-27T13:37:51.516Z,59.4,21.1,1.912,50.4,0,60,0,0,0,0,0,0,0,0,66
2025-09-27T13:37:52.511Z,59.4,21.1,1.913,49.6,0,60,0,0,0,0,0,0,0,0,66
2025-09-27T13:37:53.512Z,59.4,21.1,1.913,49.6,0,60,0,0,0,0,0,0,0,0,66
2025-09-27T13:37:54.518Z,59.4,21.1,1.912,50.4,0,60,0,0,0,0,0,0,0,0,66
2025-09-27T13:37:55.518Z,59.4,21.1,1.912,49.6,0,60,0,0,0,0,0,0,0,0,66
2025-09-27T13:37:56.514Z,59.4,21.1,1.913,50.4,0,60,0,0,0,0,0,0,0,0,66
2025-09-27T13:37:57.518Z,59.4,21.1,1.912,49.6,0,60,0,0,0,0,0,0,0,0,66
2025-09-27T13:37:58.516Z,59.4,21.1,1.913,50.4,0,60,0,0,0,0,0,0,0,0,66
2025-09-27T13:37:59.520Z,59.4,21.1,1.912,49.6,0,60,0,0,0,0,0,0,0,0,66
2025-09-27T13:38:00.521Z,59.4,21.1,1.912,49.6,0,60,0,0,0,0,0,0,0,0,66
2025-09-27T13:38:01.523Z,59.4,21.1,1.912,50.4,0,60,0,0,0,0,0,0,0,0,66
2025-09-27T13:38:02.523Z,59.4,21.1,1.912,49.6,0,60,0,0,0,0,0,0,0,0,66
2025-09-27T13:38:03.522Z,59.4,21.1,1.912,50.4,0,60,0,0,0,0,0,0,0,0,66
2025-09-27T13:38:04.524Z,59.4,21.1,1.912,50.4,0,60,0,0,0,0,0,0,0,0,66
2025-09-27T13:38:05.524Z,59.4,21.1,1.912,49.6,0,60,0,0,0,0,0,0,0,0,66
2025-09-27T13:38:06.530Z,59.4,21.1,1.912,50.4,0,60,0,0,0,0,0,0,0,0,66
2025-09-27T13:38:07.530Z,59.4,21.1,1.912,49.6,0,60,0,0,0,0,0,0,0,0,66
2025-09-27T13:38:08.531Z,59.4,21.1,1.912,50.4,0,60,0,0,0,0,0,0,0,0,66
2025-09-27T13:38:09.532Z,59.4,21.1,1.912,49.6,0,60,0,0,0,0,0,0,0,0,66
2025-09-27T13:38:10.537Z,59.4,21.1,1.912,50.4,0,60,0,0,0,0,0,0,0,0,66
2025-09-27T13:38:11.534Z,59.4,21.1,1.912,49.6,0,60,0,0,0,0,0,0,0,0,66
2025-09-27T13:38:12.535Z,59.4,21.1,1.912,49.6,0,60,0,0,0,0,0,0,0,0,66
2025-09-27T13:38:13.535Z,59.4,21.1,1.912,50.4,0,60,0,0,0,0,0,0,0,0,66
2025-09-27T13:38:14.540Z,59.4,21.1,1.912,49.6,0,60,0,0,0,0,0,0,0,0,66
2025-09-27T13:38:15.543Z,59.4,21.1,1.913,50.4,0,60,0,0,0,0,0,0,0,0,66
2025-09-27T13:38:16.538Z,59.4,21.1,1.912,50.4,0,60,0,0,0,0,0,0,0,0,66
2025-09-27T13:38:17.543Z,59.4,21.1,1.913,49.6,0,60,0,0,0,0,0,0,0,0,66
2025-09-27T13:38:18.542Z,59.4,21.1,1.912,50.4,0,60,0,0,0,0,0,0,0,0,66
2025-09-27T13:38:19.542Z,59.4,21.1,1.912,49.6,0,60,0,0,0,0,0,0,0,0,66
2025-09-27T13:38:20.537Z,59.4,21.1,1.912,50.4,0,60,0,0,0,0,0,0,0,0,66
2025-09-27T13:38:21.546Z,59.4,21.1,1.913,49.6,0,60,0,0,0,0,0,0,0,0,66
2025-09-27T13:38:22.539Z,59.4,21.1,1.912,49.6,0,60,0,0,0,0,0,0,0,0,66
2025-09-27T13:38:23.544Z,59.4,21.1,1.913,50.4,0,60,0,0,0,0,0,0,0,0,66
2025-09-27T13:38:24.545Z,59.4,21.1,1.912,49.6,0,60,0,0,0,0,0,0,0,0,66
2025-09-27T13:38:25.547Z,59.4,21.1,1.913,50.4,0,60,0,0,0,0,0,0,0,0,66
2025-09-27T13:38:26.546Z,59.4,21.1,1.912,49.6,0,60,0,0,0,0,0,0,0,0,66
2025-09-27T13:38:27.548Z,59.4,21.1,1.913,50.4,0,60,0,0,0,0,0,0,0,0,66
2025-09-27T13:38:28.546Z,59.4,21.1,1.913,50.4,0,60,0,0,0,0,0,0,0,0,66
2025-09-27T13:38:29.549Z,59.4,21.1,1.913,49.6,0,60,0,0,0,0,0,0,0,0,66
2025-09-27T13:38:30.549Z,59.4,21.1,1.912,49.6,0,60,0,0,0,0,0,0,0,0,66
2025-09-27T13:38:31.551Z,59.4,21.1,1.912,49.6,0,60,0,0,0,0,0,0,0,0,66
2025-09-27T13:38:32.555Z,59.4,21.1,1.912,50.4,0,60,0,0,0,0,0,0,0,0,66
2025-09-27T13:38:33.549Z,59.4,21.1,1.912,49.6,0,60,0,0,0,0,0,0,0,0,66
2025-09-27T13:38:34.553Z,59.4,21.1,1.912,49.6,0,60,0,0,0,0,0,0,0,0,66
2025-09-27T13:38:35.555Z,59.4,21.1,1.912,50.4,0,60,0,0,0,0,0,0,0,0,66
2025-09-27T13:38:36.553Z,59.4,21.1,1.912,49.6,0,60,0,0,0,0,0,0,0,0,66
2025-09-27T13:38:37.557Z,59.4,21.1,1.912,50.4,0,60,0,0,0,0,0,0,0,0,66
2025-09-27T13:38:38.559Z,59.5,21.1,1.912,49.6,0,60,0,0,0,0,0,0,0,0,66
2025-09-27T13:38:39.557Z,59.5,21.1,1.912,49.6,0,59.9,0,0,0,0,0,0,0,0,66
2025-09-27T13:38:40.565Z,59.5,21.1,1.912,50.4,0,59.9,0,0,0,0,0,0,0,0,66
2025-09-27T13:38:41.562Z,59.5,21.1,1.912,49.6,0,60,0,0,0,0,0,0,0,0,66
2025-09-27T13:38:42.563Z,59.5,21.1,1.912,50.4,0,60,0,0,0,0,0,0,0,0,66
2025-09-27T13:38:43.565Z,59.5,21.1,1.912,50.4,0,59.9,0,0,0,0,0,0,0,0,66
2025-09-27T13:38:44.569Z,59.5,21.1,1.912,49.6,0,59.9,0,0,0,0,0,0,0,0,66
2025-09-27T13:38:45.565Z,59.5,21.1,1.912,50.4,0,59.9,0,0,0,0,0,0,0,0,66
2025-09-27T13:38:46.565Z,59.5,21.1,1.912,49.6,0,59.9,0,0,0,0,0,0,0,0,66
2025-09-27T13:38:47.566Z,59.5,21.1,1.912,50.4,0,59.9,0,0,0,0,0,0,0,0,66
2025-09-27T13:38:48.569Z,59.5,21.1,1.912,49.6,0,59.9,0,0,0,0,0,0,0,0,66
2025-09-27T13:38:49.568Z,59.5,21.1,1.912,50.4,0,59.9,0,0,0,0,0,0,0,0,66
2025-09-27T13:38:50.569Z,59.5,21.1,1.912,50.4,0,60,0,0,0,0,0,0,0,0,66
2025-09-27T13:38:51.571Z,59.5,21.1,1.912,49.6,0,59.9,0,0,0,0,0,0,0,0,66
2025-09-27T13:38:52.570Z,59.5,21.1,1.912,50.4,0,59.9,0,0,0,0,0,0,0,0,66
2025-09-27T13:38:53.568Z,59.5,21.1,1.912,49.6,0,59.9,0,0,0,0,0,0,0,0,66
2025-09-27T13:38:54.573Z,59.5,21.1,1.912,50.4,0,59.9,0,0,0,0,0,0,0,0,66
2025-09-27T13:38:55.574Z,59.5,21.1,1.912,49.6,0,59.9,0,0,0,0,0,0,0,0,66
2025-09-27T13:38:56.572Z,59.5,21.1,1.912,50.4,0,59.9,0,0,0,0,0,0,0,0,66
2025-09-27T13:38:57.574Z,59.5,21.1,1.912,49.6,0,59.9,0,0,0,0,0,0,0,0,66
2025-09-27T13:38:58.577Z,59.5,21.1,1.912,50.4,0,59.9,0,0,0,0,0,0,0,0,66
2025-09-27T13:38:59.579Z,59.5,21.1,1.912,49.6,0,59.9,0,0,0,0,0,0,0,0,66
2025-09-27T13:39:00.581Z,59.5,21.1,1.912,50.4,0,59.9,0,0,0,0,0,0,0,0,66
2025-09-27T13:39:01.577Z,59.5,21.1,1.912,49.6,0,59.9,0,0,0,0,0,0,0,0,66
2025-09-27T13:39:02.578Z,59.5,21.1,1.912,50.4,0,59.9,0,0,0,0,0,0,0,0,66
2025-09-27T13:39:03.580Z,59.5,21.1,1.912,49.6,0,59.9,0,0,0,0,0,0,0,0,66
2025-09-27T13:39:04.582Z,59.5,21.1,1.912,50.4,0,59.9,0,0,0,0,0,0,0,0,66
2025-09-27T13:39:05.583Z,59.5,21.1,1.912,49.6,0,59.9,0,0,0,0,0,0,0,0,66
2025-09-27T13:39:06.586Z,59.5,21.1,1.912,50.4,0,59.9,0,0,0,0,0,0,0,0,66
2025-09-27T13:39:07.586Z,59.5,21.1,1.912,49.6,0,59.9,0,0,0,0,0,0,0,0,66
2025-09-27T13:39:08.586Z,59.5,21.1,1.912,49.6,0,59.9,0,0,0,0,0,0,0,0,66
2025-09-27T13:39:09.589Z,59.5,21.1,1.912,49.6,0,59.9,0,0,0,0,0,0,0,0,66
2025-09-27T13:39:10.592Z,59.6,21.1,1.912,50.4,0,59.9,0,0,0,0,0,0,0,0,66
2025-09-27T13:39:11.586Z,59.6,21.1,1.912,49.6,0,59.9,0,0,0,0,0,0,0,0,66
2025-09-27T13:39:12.591Z,59.6,21.1,1.912,50.4,0,59.9,0,0,0,0,0,0,0,0,66
2025-09-27T13:39:13.589Z,59.6,21.1,1.912,49.6,0,59.9,0,0,0,0,0,0,0,0,66
2025-09-27T13:39:14.594Z,59.6,21.1,1.912,50.4,0,59.9,0,0,0,0,0,0,0,0,66
2025-09-27T13:39:15.599Z,59.6,21.1,1.912,49.6,0,59.9,0,0,0,0,0,0,0,0,66
2025-09-27T13:39:16.593Z,59.6,21.1,1.912,49.6,0,59.9,0,0,0,0,0,0,0,0,66
2025-09-27T13:39:17.593Z,59.6,21.1,1.912,50.4,0,59.9,0,0,0,0,0,0,0,0,66
2025-09-27T13:39:18.597Z,59.6,21.1,1.912,49.6,0,59.9,0,0,0,0,0,0,0,0,66
2025-09-27T13:39:19.601Z,59.6,21.1,1.912,50.4,0,59.9,0,0,0,0,0,0,0,0,66
2025-09-27T13:39:20.596Z,59.6,21.1,1.912,50.4,0,59.9,0,0,0,0,0,0,0,0,66
2025-09-27T13:39:21.598Z,59.6,21.1,1.912,49.6,0,59.9,0,0,0,0,0,0,0,0,66
2025-09-27T13:39:22.595Z,59.6,21.1,1.912,50.4,0,59.9,0,0,0,0,0,0,0,0,66
2025-09-27T13:39:23.599Z,59.6,21.1,1.912,49.6,0,59.9,0,0,0,0,0,0,0,0,66
2025-09-27T13:39:24.603Z,59.6,21.1,1.912,50.4,0,59.9,0,0,0,0,0,0,0,0,66
2025-09-27T13:39:25.601Z,59.6,21.1,1.912,49.6,0,59.9,0,0,0,0,0,0,0,0,66
2025-09-27T13:39:26.600Z,59.6,21.1,1.912,50.4,0,59.9,0,0,0,0,0,0,0,0,66
2025-09-27T13:39:27.605Z,59.6,21.1,1.912,49.6,0,59.9,0,0,0,0,0,0,0,0,66
2025-09-27T13:39:28.601Z,59.6,21.1,1.912,50.4,0,59.9,0,0,0,0,0,0,0,0,66
2025-09-27T13:39:29.602Z,59.6,21.1,1.912,49.6,0,59.9,0,0,0,0,0,0,0,0,66
2025-09-27T13:39:30.602Z,59.6,21.1,1.912,50.4,0,59.9,0,0,0,0,0,0,0,0,66
2025-09-27T13:39:31.612Z,59.6,21.1,1.911,49.6,0,59.9,0,0,0,0,0,0,0,0,66
2025-09-27T13:39:32.608Z,59.6,21.1,1.912,50.4,0,59.9,0,0,0,0,0,0,0,0,66
2025-09-27T13:39:33.610Z,59.6,21.1,1.911,49.6,0,59.9,0,0,0,0,0,0,0,0,66
2025-09-27T13:39:34.613Z,59.7,21.1,1.912,50.4,0,59.9,0,0,0,0,0,0,0,0,66
2025-09-27T13:39:35.611Z,59.7,21.1,1.912,49.6,0,59.9,0,0,0,0,0,0,0,0,66
2025-09-27T13:39:36.612Z,59.7,21.1,1.912,50.4,0,59.9,0,0,0,0,0,0,0,0,66
2025-09-27T13:39:37.612Z,59.7,21.1,1.912,49.6,0,59.9,0,0,0,0,0,0,0,0,66
2025-09-27T13:39:38.613Z,59.7,21.1,1.911,50.4,0,59.9,0,0,0,0,0,0,0,0,66
2025-09-27T13:39:39.614Z,59.7,21.1,1.911,49.6,0,59.9,0,0,0,0,0,0,0,0,66
2025-09-27T13:39:40.616Z,59.7,21.1,1.911,50.4,0,59.9,0,0,0,0,0,0,0,0,66
2025-09-27T13:39:41.615Z,59.7,21.1,1.912,49.6,0,59.9,0,0,0,0,0,0,0,0,66
2025-09-27T13:39:42.615Z,59.7,21.1,1.912,50.4,0,59.9,0,0,0,0,0,0,0,0,66
2025-09-27T13:39:43.618Z,59.7,21.1,1.911,49.6,0,59.9,0,0,0,0,0,0,0,0,66
2025-09-27T13:39:44.616Z,59.7,21.1,1.912,50.4,0,59.9,0,0,0,0,0,0,0,0,66
2025-09-27T13:39:45.619Z,59.7,21.1,1.911,49.6,0,59.9,0,0,0,0,0,0,0,0,66
2025-09-27T13:39:46.621Z,59.7,21.1,1.911,50.4,0,59.9,0,0,0,0,0,0,0,0,66
2025-09-27T13:39:47.624Z,59.7,21.1,1.911,49.6,0,59.9,0,0,0,0,0,0,0,0,66
2025-09-27T13:39:48.621Z,59.7,21.1,1.911,50.4,0,59.9,0,0,0,0,0,0,0,0,66
2025-09-27T13:39:49.624Z,59.7,21.1,1.91,49.6,0,59.9,0,0,0,0,0,0,0,0,66
2025-09-27T13:39:50.620Z,59.7,21.1,1.91,50.4,0,59.9,0,0,0,0,0,0,0,0,66
2025-09-27T13:39:51.623Z,59.7,21.1,1.91,49.6,0,59.9,0,0,0,0,0,0,0,0,66
2025-09-27T13:39:52.624Z,59.7,21.1,1.91,50.4,0,59.9,0,0,0,0,0,0,0,0,66
2025-09-27T13:39:53.630Z,59.7,21.1,1.91,49.6,0,59.9,0,0,0,0,0,0,0,0,66
2025-09-27T13:39:54.632Z,59.8,21.1,1.91,49.6,0,59.9,0,0,0,0,0,0,0,0,66
2025-09-27T13:39:55.630Z,59.8,21.1,1.91,49.6,0,59.9,0,0,0,0,0,0,0,0,66
2025-09-27T13:39:56.629Z,59.8,21.1,1.91,49.6,0,59.9,0,0,0,0,0,0,0,0,66
2025-09-27T13:39:57.631Z,59.8,21.1,1.91,50.4,0,59.9,0,0,0,0,0,0,0,0,66
2025-09-27T13:39:58.632Z,59.8,21.1,1.91,49.6,0,59.9,0,0,0,0,0,0,0,0,66
2025-09-27T13:39:59.628Z,59.8,21.1,1.91,50.4,0,59.9,0,0,0,0,0,0,0,0,66
2025-09-27T13:40:00.635Z,59.8,21.1,1.91,49.6,0,59.9,0,0,0,0,0,0,0,0,66
2025-09-27T13:40:01.635Z,59.8,21.1,1.91,50.4,0,59.9,0,0,0,0,0,0,0,0,66
2025-09-27T13:40:02.632Z,59.8,21.1,1.91,49.6,0,59.9,0,0,0,0,0,0,0,0,66
2025-09-27T13:40:03.634Z,59.8,21.1,1.91,50.4,0,59.9,0,0,0,0,0,0,0,0,66
2025-09-27T13:40:04.636Z,59.8,21.1,1.91,49.6,0,59.9,0,0,0,0,0,0,0,0,66
2025-09-27T13:40:05.635Z,59.8,21.1,1.91,50.4,0,59.9,0,0,0,0,0,0,0,0,66
2025-09-27T13:40:06.637Z,59.8,21.1,1.91,49.6,0,59.9,0,0,0,0,0,0,0,0,66
2025-09-27T13:40:07.641Z,59.8,21.1,1.911,50.4,0,59.9,0,0,0,0,0,0,0,0,66
2025-09-27T13:40:08.636Z,59.8,21.1,1.91,49.6,0,59.9,0,0,0,0,0,0,0,0,66
2025-09-27T13:40:09.643Z,59.9,21.1,1.911,50.4,0,59.9,0,0,0,0,0,0,0,0,66
2025-09-27T13:40:10.642Z,59.9,21.1,1.911,49.6,0,59.9,0,0,0,0,0,0,0,0,66
2025-09-27T13:40:11.647Z,59.9,21.1,1.911,50.4,0,59.9,0,0,0,0,0,0,0,0,66
2025-09-27T13:40:12.645Z,59.9,21.1,1.911,49.6,0,59.9,0,0,0,0,0,0,0,0,66
2025-09-27T13:40:13.647Z,59.9,21.1,1.911,50.4,0,59.9,0,0,0,0,0,0,0,0,66
2025-09-27T13:40:14.647Z,59.9,21.1,1.911,49.6,0,59.9,0,0,0,0,0,0,0,0,66
2025-09-27T13:40:15.645Z,59.9,21.1,1.911,50.4,0,59.9,0,0,0,0,0,0,0,0,66
2025-09-27T13:40:16.652Z,59.9,21.1,1.911,49.6,0,59.9,0,0,0,0,0,0,0,0,66
2025-09-27T13:40:17.647Z,59.9,21.1,1.911,50.4,0,59.9,0,0,0,0,0,0,0,0,66
2025-09-27T13:40:18.655Z,59.9,21.1,1.911,49.6,0,59.9,0,0,0,0,0,0,0,0,66
2025-09-27T13:40:19.654Z,59.9,21.1,1.911,50.4,0,59.9,0,0,0,0,0,0,0,0,66
2025-09-27T13:40:20.650Z,59.9,21.1,1.911,49.6,0,59.9,0,0,0,0,0,0,0,0,66
2025-09-27T13:40:21.651Z,59.9,21.1,1.911,50.4,0,59.9,0,0,0,0,0,0,0,0,66
2025-09-27T13:40:22.654Z,59.9,21.1,1.911,49.6,0,59.9,0,0,0,0,0,0,0,0,66
2025-09-27T13:40:23.653Z,59.9,21.1,1.911,49.6,0,59.9,0,0,0,0,0,0,0,0,66
2025-09-27T13:40:24.653Z,59.9,21.1,1.911,49.6,0,59.9,0,0,0,0,0,0,0,0,66
2025-09-27T13:40:25.651Z,59.9,21.1,1.911,50.4,0,59.9,0,0,0,0,0,0,0,0,66
2025-09-27T13:40:26.658Z,60,21.1,1.911,49.6,0,59.9,0,0,0,0,0,0,0,0,66
2025-09-27T13:40:27.657Z,60,21.1,1.911,50.4,0,59.9,0,0,0,0,0,0,0,0,66
2025-09-27T13:40:28.655Z,60,21.1,1.911,49.6,0,59.9,0,0,0,0,0,0,0,0,66
2025-09-27T13:40:29.658Z,60,21.1,1.911,50.4,0,59.9,0,0,0,0,0,0,0,0,66
2025-09-27T13:40:30.664Z,60,21.1,1.91,49.6,0,59.9,0,0,0,0,0,0,0,0,66
2025-09-27T13:40:31.660Z,60,21.1,1.911,50.4,0,59.9,0,0,0,0,0,0,0,0,66
2025-09-27T13:40:32.661Z,60,21.1,1.91,49.6,0,59.9,0,0,0,0,0,0,0,0,66
2025-09-27T13:40:33.663Z,60,21.1,1.911,50.4,0,59.9,0,0,0,0,0,0,0,0,66
2025-09-27T13:40:34.659Z,60,21.1,1.91,49.6,0,59.9,0,0,0,0,0,0,0,0,66
2025-09-27T13:40:35.665Z,60,21.1,1.909,49.6,0,59.9,0,0,0,0,0,0,0,0,66
2025-09-27T13:40:36.667Z,60,21.1,1.909,49.6,0,59.9,0,0,0,0,0,0,0,0,66
2025-09-27T13:40:37.672Z,60,21.1,1.909,50.4,0,59.9,0,0,0,0,0,0,0,0,66
2025-09-27T13:40:38.667Z,60,21.1,1.909,50.4,0,59.9,0,0,0,0,0,0,0,0,66
2025-09-27T13:40:39.666Z,60,21.1,1.909,49.6,0,59.9,0,0,0,0,0,0,0,0,66
2025-09-27T13:40:40.669Z,60,21.1,1.909,50.4,0,59.9,0,0,0,0,0,0,0,0,66
2025-09-27T13:40:41.676Z,60.1,21.1,1.909,49.6,0,59.9,0,0,0,0,0,0,0,0,66
2025-09-27T13:40:42.673Z,60.1,21.1,1.909,50.4,0,59.9,0,0,0,0,0,0,0,0,66
2025-09-27T13:40:43.671Z,60.1,21.1,1.909,49.6,0,59.9,0,0,0,0,0,0,0,0,66
2025-09-27T13:40:44.675Z,60.1,21.1,1.909,50.4,0,59.9,0,0,0,0,0,0,0,0,66
2025-09-27T13:40:45.679Z,60.1,21.1,1.909,49.6,0,59.9,0,0,0,0,0,0,0,0,66
2025-09-27T13:40:46.677Z,60.1,21.1,1.909,50.4,0,59.9,0,0,0,0,0,0,0,0,66
2025-09-27T13:40:47.682Z,60.1,21.1,1.909,49.6,0,59.9,0,0,0,0,0,0,0,0,66
2025-09-27T13:40:48.678Z,60.1,21.1,1.909,50.4,0,59.9,0,0,0,0,0,0,0,0,66
2025-09-27T13:40:49.681Z,60.1,21.1,1.909,49.6,0,59.9,0,0,0,0,0,0,0,0,66
2025-09-27T13:40:50.678Z,60.1,21.1,1.909,50.4,0,59.9,0,0,0,0,0,0,0,0,66
2025-09-27T13:40:51.679Z,60.1,21.1,1.909,49.6,0,59.9,0,0,0,0,0,0,0,0,66
2025-09-27T13:40:52.677Z,60.1,21.1,1.909,50.4,0,59.9,0,0,0,0,0,0,0,0,66
2025-09-27T13:40:53.680Z,60.1,21.1,1.909,49.6,0,59.9,0,0,0,0,0,0,0,0,66
2025-09-27T13:40:54.678Z,60.1,21.1,1.909,50.4,0,59.9,0,0,0,0,0,0,0,0,66
2025-09-27T13:40:55.681Z,60.2,21.1,1.909,49.6,0,59.9,0,0,0,0,0,0,0,0,66
2025-09-27T13:40:56.685Z,60.2,21.1,1.909,50.4,0,59.9,0,0,0,0,0,0,0,0,66
2025-09-27T13:40:57.691Z,60.2,21.1,1.909,49.6,0,59.9,0,0,0,0,0,0,0,0,66
2025-09-27T13:40:58.683Z,60.2,21.1,1.909,50.4,0,59.9,0,0,0,0,0,0,0,0,66
2025-09-27T13:40:59.685Z,60.2,21.1,1.909,49.6,0,59.9,0,0,0,0,0,0,0,0,66
2025-09-27T13:41:00.692Z,60.2,21.1,1.909,50.4,0,59.9,0,0,0,0,0,0,0,0,66
2025-09-27T13:41:01.690Z,60.2,21.1,1.909,49.6,0,59.9,0,0,0,0,0,0,0,0,66
2025-09-27T13:41:02.693Z,60.2,21.1,1.909,50.4,0,59.9,0,0,0,0,0,0,0,0,66
2025-09-27T13:41:03.691Z,60.2,21.1,1.909,49.6,0,59.9,0,0,0,0,0,0,0,0,66
2025-09-27T13:41:04.696Z,60.2,21.1,1.909,50.4,0,59.9,0,0,0,0,0,0,0,0,66
2025-09-27T13:41:05.695Z,60.2,21.1,1.909,49.6,0,59.9,0,0,0,0,0,0,0,0,66
2025-09-27T13:41:06.695Z,60.2,21.1,1.909,50.4,0,59.9,0,0,0,0,0,0,0,0,66
2025-09-27T13:41:07.694Z,60.2,21.1,1.909,49.6,0,59.9,0,0,0,0,0,0,0,0,66
2025-09-27T13:41:08.695Z,60.2,21.1,1.909,50.4,0,59.9,0,0,0,0,0,0,0,0,66
2025-09-27T13:41:09.705Z,60.3,21.1,1.909,49.6,0,59.9,0,0,0,0,0,0,0,0,66
2025-09-27T13:41:10.696Z,60.3,21.1,1.909,49.6,0,59.9,0,0,0,0,0,0,0,0,66
2025-09-27T13:41:11.700Z,60.3,21.1,1.909,49.6,0,59.9,0,0,0,0,0,0,0,0,66
2025-09-27T13:41:12.703Z,60.3,21.1,1.909,50.4,0,59.9,0,0,0,0,0,0,0,0,66
2025-09-27T13:41:13.704Z,60.3,21.1,1.909,49.6,0,59.9,0,0,0,0,0,0,0,0,66
2025-09-27T13:41:14.710Z,60.3,21.1,1.908,50.4,0,59.9,0,0,0,0,0,0,0,0,66
2025-09-27T13:41:15.706Z,60.3,21.1,1.909,49.6,0,59.9,0,0,0,0,0,0,0,0,66
2025-09-27T13:41:16.708Z,60.3,21.1,1.909,50.4,0,59.9,0,0,0,0,0,0,0,0,66
2025-09-27T13:41:17.705Z,60.3,21.1,1.909,49.6,0,59.9,0,0,0,0,0,0,0,0,66
2025-09-27T13:41:18.712Z,60.3,21.1,1.908,50.4,0,59.9,0,0,0,0,0,0,0,0,66
2025-09-27T13:41:19.711Z,60.3,21.1,1.908,49.6,0,59.9,0,0,0,0,0,0,0,0,66
2025-09-27T13:41:20.710Z,60.3,21.1,1.908,50.4,0,59.9,0,0,0,0,0,0,0,0,66
2025-09-27T13:41:21.709Z,60.3,21.1,1.908,49.6,0,59.9,0,0,0,0,0,0,0,0,66
2025-09-27T13:41:22.707Z,60.3,21.1,1.907,50.4,0,59.9,0,0,0,0,0,0,0,0,66
2025-09-27T13:41:23.713Z,60.3,21.1,1.906,49.6,0,59.9,0,0,0,0,0,0,0,0,66
2025-09-27T13:41:24.715Z,60.4,21.1,1.906,49.6,0,59.9,0,0,0,0,0,0,0,0,66
2025-09-27T13:41:25.712Z,60.4,21.1,1.906,49.6,0,59.9,0,0,0,0,0,0,0,0,66
2025-09-27T13:41:26.711Z,60.4,21.1,1.906,50.4,0,59.9,0,0,0,0,0,0,0,0,66
2025-09-27T13:41:27.719Z,60.4,21.1,1.906,49.6,0,59.9,0,0,0,0,0,0,0,0,66
2025-09-27T13:41:28.716Z,60.4,21.1,1.908,50.4,0,59.9,0,0,0,0,0,0,0,0,66
2025-09-27T13:41:29.722Z,60.4,21.1,1.906,49.6,0,59.9,0,0,0,0,0,0,0,0,66
2025-09-27T13:41:30.718Z,60.4,21.1,1.906,50.4,0,59.9,0,0,0,0,0,0,0,0,66
2025-09-27T13:41:31.723Z,60.4,21.1,1.906,49.6,0,59.9,0,0,0,0,0,0,0,0,66
2025-09-27T13:41:32.726Z,60.4,21.1,1.907,50.4,0,59.9,0,0,0,0,0,0,0,0,66
2025-09-27T13:41:33.726Z,60.4,21.1,1.906,49.6,0,59.9,0,0,0,0,0,0,0,0,66
2025-09-27T13:41:34.721Z,60.4,21.1,1.906,50.4,0,59.9,0,0,0,0,0,0,0,0,66
2025-09-27T13:41:35.727Z,60.4,21.1,1.906,49.6,0,59.9,0,0,0,0,0,0,0,0,66
2025-09-27T13:41:36.725Z,60.4,21.1,1.906,50.4,0,59.9,0,0,0,0,0,0,0,0,66
2025-09-27T13:41:37.728Z,60.4,21.1,1.906,49.6,0,59.9,0,0,0,0,0,0,0,0,66
2025-09-27T13:41:38.729Z,60.4,21.1,1.906,50.4,0,59.9,0,0,0,0,0,0,0,0,66
2025-09-27T13:41:39.722Z,60.4,21.1,1.906,49.6,0,59.9,0,0,0,0,0,0,0,0,66
2025-09-27T13:41:40.730Z,60.5,21.1,1.906,49.6,0,59.9,0,0,0,0,0,0,0,0,66
2025-09-27T13:41:41.727Z,60.5,21.1,1.906,49.6,0,59.9,0,0,0,0,0,0,0,0,66
2025-09-27T13:41:42.733Z,60.5,21.1,1.907,50.4,0,59.9,0,0,0,0,0,0,0,0,66
2025-09-27T13:41:43.730Z,60.5,21.1,1.906,49.6,0,59.9,0,0,0,0,0,0,0,0,66
2025-09-27T13:41:44.733Z,60.5,21.1,1.906,50.4,0,59.9,0,0,0,0,0,0,0,0,66
2025-09-27T13:41:45.736Z,60.5,21.1,1.907,50.4,0,59.9,0,0,0,0,0,0,0,0,66
2025-09-27T13:41:46.737Z,60.5,21.1,1.907,49.6,0,59.9,0,0,0,0,0,0,0,0,66
2025-09-27T13:41:47.740Z,60.5,21.1,1.907,50.4,0,59.9,0,0,0,0,0,0,0,0,66
2025-09-27T13:41:48.734Z,60.5,21.1,1.906,49.6,0,59.9,0,0,0,0,0,0,0,0,66
2025-09-27T13:41:49.737Z,60.5,21.1,1.907,50.4,0,59.9,0,0,0,0,0,0,0,0,66
2025-09-27T13:41:50.734Z,60.5,21.1,1.906,49.6,0,59.9,0,0,0,0,0,0,0,0,66
2025-09-27T13:41:51.739Z,60.5,21.1,1.907,50.4,0,59.9,0,0,0,0,0,0,0,0,66
2025-09-27T13:41:52.737Z,60.5,21.1,1.906,49.6,0,59.9,0,0,0,0,0,0,0,0,66
2025-09-27T13:41:53.738Z,60.5,21.1,1.907,50.4,0,59.9,0,0,0,0,0,0,0,0,66
2025-09-27T13:41:54.738Z,60.6,21.1,1.907,49.6,0,59.9,0,0,0,0,0,0,0,0,66
2025-09-27T13:41:55.742Z,60.6,21.1,1.906,49.6,0,59.9,0,0,0,0,0,0,0,0,66
2025-09-27T13:41:56.740Z,60.6,21.1,1.906,49.6,0,59.9,0,0,0,0,0,0,0,0,66
2025-09-27T13:41:57.744Z,60.6,21.1,1.906,50.4,0,59.9,0,0,0,0,0,0,0,0,66
2025-09-27T13:41:58.742Z,60.6,21.1,1.906,49.6,0,59.9,0,0,0,0,0,0,0,0,66
2025-09-27T13:41:59.748Z,60.6,21.1,1.907,50.4,0,59.9,0,0,0,0,0,0,0,0,66
2025-09-27T13:42:00.743Z,60.6,21.1,1.906,49.6,0,59.9,0,0,0,0,0,0,0,0,66
2025-09-27T13:42:01.745Z,60.6,21.1,1.906,50.4,0,59.9,0,0,0,0,0,0,0,0,66
2025-09-27T13:42:02.749Z,60.6,21.1,1.906,49.6,0,59.9,0,0,0,0,0,0,0,0,66
2025-09-27T13:42:03.754Z,60.6,21.1,1.906,49.6,0,59.9,0,0,0,0,0,0,0,0,66
2025-09-27T13:42:04.750Z,60.6,21.1,1.906,50.4,0,59.9,0,0,0,0,0,0,0,0,66
2025-09-27T13:42:05.751Z,60.6,21.1,1.906,49.6,0,59.9,0,0,0,0,0,0,0,0,66
2025-09-27T13:42:06.753Z,60.6,21.1,1.906,50.4,0,59.9,0,0,0,0,0,0,0,0,66
2025-09-27T13:42:07.749Z,60.6,21.1,1.906,49.6,0,59.9,0,0,0,0,0,0,0,0,66
2025-09-27T13:42:08.757Z,60.6,21.1,1.905,49.6,0,59.9,0,0,0,0,0,0,0,0,66
2025-09-27T13:42:09.752Z,60.6,21.1,1.906,50.4,0,59.9,0,0,0,0,0,0,0,0,66
2025-09-27T13:42:10.757Z,60.7,21.1,1.906,49.6,0,59.9,0,0,0,0,0,0,0,0,66
2025-09-27T13:42:11.755Z,60.7,21.1,1.906,49.6,0,59.9,0,0,0,0,0,0,0,0,66
2025-09-27T13:42:12.755Z,60.7,21.1,1.906,50.4,0,59.9,0,0,0,0,0,0,0,0,66
2025-09-27T13:42:13.760Z,60.7,21.1,1.905,49.6,0,59.9,0,0,0,0,0,0,0,0,66
2025-09-27T13:42:14.755Z,60.7,21.1,1.906,50.4,0,59.9,0,0,0,0,0,0,0,0,66
2025-09-27T13:42:15.757Z,60.7,21.1,1.906,49.6,0,59.9,0,0,0,0,0,0,0,0,66
2025-09-27T13:42:16.762Z,60.7,21.1,1.905,50.4,0,59.9,0,0,0,0,0,0,0,0,66
2025-09-27T13:42:17.763Z,60.7,21.1,1.905,49.6,0,59.9,0,0,0,0,0,0,0,0,66
2025-09-27T13:42:18.760Z,60.7,21.1,1.906,49.6,0,59.9,0,0,0,0,0,0,0,0,66
2025-09-27T13:42:19.764Z,60.7,21.1,1.905,50.4,0,59.9,0,0,0,0,0,0,0,0,66
2025-09-27T13:42:20.761Z,60.7,21.1,1.905,50.4,0,59.9,0,0,0,0,0,0,0,0,66
2025-09-27T13:42:21.771Z,60.7,21.1,1.905,49.6,0,59.9,0,0,0,0,0,0,0,0,66
2025-09-27T13:42:22.765Z,60.7,21.1,1.905,50.4,0,59.9,0,0,0,0,0,0,0,0,66
2025-09-27T13:42:23.768Z,60.7,21.1,1.905,49.6,0,59.9,0,0,0,0,0,0,0,0,66
2025-09-27T13:42:24.765Z,60.7,21.1,1.905,50.4,0,59.9,0,0,0,0,0,0,0,0,66
2025-09-27T13:42:25.768Z,60.7,21.1,1.905,49.6,0,59.9,0,0,0,0,0,0,0,0,66
2025-09-27T13:42:26.769Z,60.7,21.1,1.905,49.6,0,59.9,0,0,0,0,0,0,0,0,66
2025-09-27T13:42:27.776Z,60.7,21.1,1.905,50.4,0,59.9,0,0,0,0,0,0,0,0,66
2025-09-27T13:42:28.774Z,60.7,21.1,1.905,49.6,0,59.9,0,0,0,0,0,0,0,0,66
2025-09-27T13:42:29.771Z,60.8,21.1,1.905,50.4,0,59.9,0,0,0,0,0,0,0,0,66
2025-09-27T13:42:30.774Z,60.8,21.1,1.905,49.6,0,59.9,0,0,0,0,0,0,0,0,66
2025-09-27T13:42:31.777Z,60.8,21.1,1.905,49.6,0,59.9,0,0,0,0,0,0,0,0,66
2025-09-27T13:42:32.775Z,60.8,21.1,1.905,50.4,0,59.9,0,0,0,0,0,0,0,0,66
2025-09-27T13:42:33.778Z,60.8,21.1,1.905,50.4,0,59.9,0,0,0,0,0,0,0,0,66
2025-09-27T13:42:34.782Z,60.8,21.1,1.906,49.6,0,59.9,0,0,0,0,0,0,0,0,66
2025-09-27T13:42:35.780Z,60.8,21.1,1.906,50.4,0,59.9,0,0,0,0,0,0,0,0,66
2025-09-27T13:42:36.779Z,60.8,21.1,1.905,49.6,0,59.9,0,0,0,0,0,0,0,0,66
2025-09-27T13:42:37.782Z,60.8,21.1,1.906,50.4,0,59.9,0,0,0,0,0,0,0,0,66
2025-09-27T13:42:38.781Z,60.8,21.1,1.906,49.6,0,59.9,0,0,0,0,0,0,0,0,66
2025-09-27T13:42:39.784Z,60.8,21.1,1.906,50.4,0,59.9,0,0,0,0,0,0,0,0,66
2025-09-27T13:42:40.783Z,60.8,21.1,1.906,49.6,0,59.9,0,0,0,0,0,0,0,0,66
2025-09-27T13:42:41.783Z,60.8,21.1,1.906,49.6,0,59.9,0,0,0,0,0,0,0,0,66
2025-09-27T13:42:42.780Z,60.8,21.1,1.905,50.4,0,59.9,0,0,0,0,0,0,0,0,66
2025-09-27T13:42:43.788Z,60.8,21.1,1.906,50.4,0,59.9,0,0,0,0,0,0,0,0,66
2025-09-27T13:42:44.786Z,60.8,21.1,1.906,49.6,0,59.9,0,0,0,0,0,0,0,0,66
2025-09-27T13:42:45.788Z,60.8,21.1,1.906,50.4,0,59.9,0,0,0,0,0,0,0,0,66
2025-09-27T13:42:46.794Z,60.8,21.1,1.906,49.6,0,59.9,0,0,0,0,0,0,0,0,66
2025-09-27T13:42:47.788Z,60.8,21.1,1.906,50.4,0,59.9,0,0,0,0,0,0,0,0,66
2025-09-27T13:42:48.786Z,60.8,21.1,1.905,49.6,0,59.9,0,0,0,0,0,0,0,0,66
2025-09-27T13:42:49.789Z,60.8,21.1,1.906,50.4,0,59.9,0,0,0,0,0,0,0,0,66
2025-09-27T13:42:50.787Z,60.9,21.1,1.906,49.6,0,59.9,0,0,0,0,0,0,0,0,66
2025-09-27T13:42:51.793Z,60.9,21.1,1.906,49.6,0,59.9,0,0,0,0,0,0,0,0,66
2025-09-27T13:42:52.792Z,60.9,21.1,1.906,50.4,0,59.9,0,0,0,0,0,0,0,0,66
2025-09-27T13:42:53.799Z,60.9,21.1,1.906,50.4,0,59.9,0,0,0,0,0,0,0,0,66
2025-09-27T13:42:54.795Z,60.9,21.1,1.905,49.6,0,59.9,0,0,0,0,0,0,0,0,66
2025-09-27T13:42:55.796Z,60.9,21.1,1.906,50.4,0,59.9,0,0,0,0,0,0,0,0,66
2025-09-27T13:42:56.794Z,60.9,21.1,1.905,49.6,0,59.9,0,0,0,0,0,0,0,0,66
2025-09-27T13:42:57.793Z,60.9,21.1,1.905,50.4,0,59.9,0,0,0,0,0,0,0,0,66
2025-09-27T13:42:58.799Z,60.9,21.1,1.905,49.6,0,59.9,0,0,0,0,0,0,0,0,66
2025-09-27T13:42:59.797Z,60.9,21.1,1.905,50.4,0,59.9,0,0,0,0,0,0,0,0,66
2025-09-27T13:43:00.805Z,60.9,21.1,1.904,49.6,0,59.9,0,0,0,0,0,0,0,0,66
2025-09-27T13:43:01.802Z,60.9,21.1,1.905,50.4,0,59.9,0,0,0,0,0,0,0,0,66
2025-09-27T13:43:02.801Z,60.9,21.1,1.905,49.6,0,59.9,0,0,0,0,0,0,0,0,66
2025-09-27T13:43:03.802Z,60.9,21.1,1.905,50.4,0,59.9,0,0,0,0,0,0,0,0,66
2025-09-27T13:43:04.804Z,60.9,21.1,1.905,49.6,0,59.9,0,0,0,0,0,0,0,0,66
2025-09-27T13:43:05.804Z,60.9,21.1,1.905,49.6,0,59.9,0,0,0,0,0,0,0,0,66
2025-09-27T13:43:06.804Z,60.9,21.1,1.905,50.4,0,59.9,0,0,0,0,0,0,0,0,66
2025-09-27T13:43:07.805Z,60.9,21.1,1.905,49.6,0,59.9,0,0,0,0,0,0,0,0,66
2025-09-27T13:43:08.803Z,60.9,21.1,1.905,50.4,0,59.9,0,0,0,0,0,0,0,0,66
2025-09-27T13:43:09.806Z,60.9,21.1,1.905,49.6,0,59.9,0,0,0,0,0,0,0,0,66
2025-09-27T13:43:10.809Z,60.9,21.1,1.905,50.4,0,59.9,0,0,0,0,0,0,0,0,66
2025-09-27T13:43:11.811Z,60.9,21.1,1.904,49.6,0,59.9,0,0,0,0,0,0,0,0,66
2025-09-27T13:43:12.811Z,60.9,21.1,1.904,50.4,0,59.9,0,0,0,0,0,0,0,0,66
2025-09-27T13:43:13.817Z,60.9,21.1,1.904,49.6,0,59.9,0,0,0,0,0,0,0,0,66
2025-09-27T13:43:14.809Z,60.9,21.1,1.905,49.6,0,59.9,0,0,0,0,0,0,0,0,66
2025-09-27T13:43:15.814Z,60.9,21.1,1.904,50.4,0,59.9,0,0,0,0,0,0,0,0,66
2025-09-27T13:43:16.815Z,61,21.1,1.904,49.6,0,59.9,0,0,0,0,0,0,0,0,66
2025-09-27T13:43:17.815Z,60.9,21.1,1.904,50.4,0,59.9,0,0,0,0,0,0,0,0,66
2025-09-27T13:43:18.814Z,60.9,21.1,1.904,50.4,0,59.9,0,0,0,0,0,0,0,0,66
2025-09-27T13:43:19.818Z,61,21.1,1.904,49.6,0,59.9,0,0,0,0,0,0,0,0,66
2025-09-27T13:43:20.819Z,61,21.1,1.904,50.4,0,59.9,0,0,0,0,0,0,0,0,66
2025-09-27T13:43:21.820Z,61,21.1,1.904,49.6,0,59.9,0,0,0,0,0,0,0,0,66
2025-09-27T13:43:22.818Z,61,21.1,1.904,49.6,0,59.9,0,0,0,0,0,0,0,0,66
2025-09-27T13:43:23.820Z,61,21.1,1.904,49.6,0,59.9,0,0,0,0,0,0,0,0,66
2025-09-27T13:43:24.822Z,61,21.1,1.904,50.4,0,59.9,0,0,0,0,0,0,0,0,66
2025-09-27T13:43:25.824Z,61,21.1,1.904,49.6,0,59.9,0,0,0,0,0,0,0,0,66
2025-09-27T13:43:26.820Z,61,21.1,1.904,50.4,0,59.9,0,0,0,0,0,0,0,0,66
2025-09-27T13:43:27.821Z,61,21.1,1.904,49.6,0,59.9,0,0,0,0,0,0,0,0,66
2025-09-27T13:43:28.827Z,61,21.1,1.904,49.6,0,59.9,0,0,0,0,0,0,0,0,66
2025-09-27T13:43:29.828Z,61,21.1,1.904,50.4,0,59.9,0,0,0,0,0,0,0,0,66
2025-09-27T13:43:30.827Z,61,21.1,1.904,49.6,0,59.9,0,0,0,0,0,0,0,0,66
2025-09-27T13:43:31.829Z,61,21.1,1.904,49.6,0,59.9,0,0,0,0,0,0,0,0,66
2025-09-27T13:43:32.832Z,61,21.1,1.904,50.4,0,59.9,0,0,0,0,0,0,0,0,66
2025-09-27T13:43:33.831Z,61,21.1,1.904,50.4,0,59.9,0,0,0,0,0,0,0,0,66
2025-09-27T13:43:34.832Z,61,21.1,1.905,49.6,0,59.9,0,0,0,0,0,0,0,0,66
2025-09-27T13:43:35.829Z,61,21.1,1.904,49.6,0,59.9,0,0,0,0,0,0,0,0,66
2025-09-27T13:43:36.832Z,61,21.1,1.904,49.6,0,59.9,0,0,0,0,0,0,0,0,66
2025-09-27T13:43:37.832Z,61,21.1,1.904,50.4,0,60,0,0,0,0,0,0,0,0,66
2025-09-27T13:43:38.835Z,61,21.1,1.904,50.4,0,59.9,0,0,0,0,0,0,0,0,66
2025-09-27T13:43:39.835Z,61,21.1,1.904,49.6,0,59.9,0,0,0,0,0,0,0,0,66
2025-09-27T13:43:40.834Z,61,21.1,1.904,50.4,0,59.9,0,0,0,0,0,0,0,0,66
2025-09-27T13:43:41.833Z,61,21.1,1.904,49.6,0,59.9,0,0,0,0,0,0,0,0,66
2025-09-27T13:43:42.838Z,61,21.1,1.904,50.4,0,60,0,0,0,0,0,0,0,0,66
2025-09-27T13:43:43.842Z,61,21.1,1.904,49.6,0,59.9,0,0,0,0,0,0,0,0,66
2025-09-27T13:43:44.843Z,61,21.1,1.904,49.6,0,59.9,0,0,0,0,0,0,0,0,66
2025-09-27T13:43:45.847Z,61,21.1,1.904,50.4,0,59.9,0,0,0,0,0,0,0,0,66
2025-09-27T13:43:46.844Z,61,21.1,1.904,49.6,0,59.9,0,0,0,0,0,0,0,0,66
2025-09-27T13:43:47.847Z,61,21.1,1.904,50.4,0,59.9,0,0,0,0,0,0,0,0,66
2025-09-27T13:43:48.845Z,61,21.1,1.904,50.4,0,59.9,0,0,0,0,0,0,0,0,66
2025-09-27T13:43:49.845Z,61,21.1,1.904,49.6,0,59.9,0,0,0,0,0,0,0,0,66
2025-09-27T13:43:50.845Z,61,21.1,1.904,50.4,0,59.9,0,0,0,0,0,0,0,0,66
2025-09-27T13:43:51.851Z,61,21.1,1.904,49.6,0,59.9,0,0,0,0,0,0,0,0,66
2025-09-27T13:43:52.844Z,61,21.1,1.904,50.4,0,59.9,0,0,0,0,0,0,0,0,66
2025-09-27T13:43:53.846Z,61,21.1,1.904,49.6,0,59.9,0,0,0,0,0,0,0,0,66
2025-09-27T13:43:54.849Z,61,21.1,1.904,50.4,0,59.9,0,0,0,0,0,0,0,0,66
2025-09-27T13:43:55.850Z,61,21.1,1.904,49.6,0,59.9,0,0,0,0,0,0,0,0,66
2025-09-27T13:43:56.850Z,61,21.1,1.904,49.6,0,59.9,0,0,0,0,0,0,0,0,66
2025-09-27T13:43:57.852Z,61,21.1,1.904,50.4,0,59.9,0,0,0,0,0,0,0,0,66
2025-09-27T13:43:58.849Z,61,21.1,1.904,49.6,0,59.9,0,0,0,0,0,0,0,0,66
2025-09-27T13:43:59.852Z,61,21.1,1.904,50.4,0,59.9,0,0,0,0,0,0,0,0,66
2025-09-27T13:44:00.853Z,61,21.1,1.904,49.6,0,59.9,0,0,0,0,0,0,0,0,66
2025-09-27T13:44:01.854Z,61,21.1,1.904,49.6,0,59.9,0,0,0,0,0,0,0,0,66
2025-09-27T13:44:02.862Z,61,21.1,1.904,50.4,0,59.9,0,0,0,0,0,0,0,0,66
2025-09-27T13:44:03.855Z,61,21.1,1.904,50.4,0,59.9,0,0,0,0,0,0,0,0,66
2025-09-27T13:44:04.859Z,61,21.1,1.904,49.6,0,59.9,0,0,0,0,0,0,0,0,66
2025-09-27T13:44:05.859Z,61,21.1,1.904,50.4,0,59.9,0,0,0,0,0,0,0,0,66
2025-09-27T13:44:06.862Z,61,21.1,1.904,49.6,0,59.9,0,0,0,0,0,0,0,0,66
2025-09-27T13:44:07.863Z,61,21.1,1.904,50.4,0,59.9,0,0,0,0,0,0,0,0,66
2025-09-27T13:44:08.860Z,61,21.1,1.904,49.6,0,59.9,0,0,0,0,0,0,0,0,66
2025-09-27T13:44:09.864Z,61,21.1,1.904,50.4,0,59.9,0,0,0,0,0,0,0,0,66
2025-09-27T13:44:10.864Z,61,21.1,1.904,49.6,0,59.9,0,0,0,0,0,0,0,0,66
2025-09-27T13:44:11.863Z,61,21.1,1.904,50.4,0,59.9,0,0,0,0,0,0,0,0,66
2025-09-27T13:44:12.866Z,61,21.1,1.904,50.4,0,59.9,0,0,0,0,0,0,0,0,66
2025-09-27T13:44:13.871Z,61,21.1,1.904,49.6,0,59.9,0,0,0,0,0,0,0,0,66
2025-09-27T13:44:14.867Z,61,21.1,1.904,49.6,0,59.9,0,0,0,0,0,0,0,0,66
2025-09-27T13:44:15.865Z,61,21.1,1.904,50.4,0,59.9,0,0,0,0,0,0,0,0,66
2025-09-27T13:44:16.869Z,61,21.1,1.904,50.4,0,59.9,0,0,0,0,0,0,0,0,66
2025-09-27T13:44:17.869Z,61,21.1,1.904,49.6,0,59.9,0,0,0,0,0,0,0,0,66
2025-09-27T13:44:18.871Z,61,21.1,1.904,50.4,0,59.9,0,0,0,0,0,0,0,0,66
2025-09-27T13:44:19.872Z,61,21.1,1.904,49.6,0,59.9,0,0,0,0,0,0,0,0,66
2025-09-27T13:44:20.866Z,61,21.1,1.904,50.4,0,59.9,0,0,0,0,0,0,0,0,66
2025-09-27T13:44:21.875Z,61,21.1,1.904,49.6,0,59.9,0,0,0,0,0,0,0,0,66
2025-09-27T13:44:22.872Z,61,21.1,1.904,50.4,0,59.9,0,0,0,0,0,0,0,0,66
2025-09-27T13:44:23.874Z,61,21.1,1.904,49.6,0,59.9,0,0,0,0,0,0,0,0,66
2025-09-27T13:44:24.874Z,61,21.1,1.904,50.4,0,59.9,0,0,0,0,0,0,0,0,66
2025-09-27T13:44:25.874Z,61,21.1,1.904,49.6,0,59.9,0,0,0,0,0,0,0,0,66
2025-09-27T13:44:26.879Z,61,21.1,1.904,50.4,0,59.9,0,0,0,0,0,0,0,0,66
2025-09-27T13:44:27.878Z,61,21.1,1.904,49.6,0,59.9,0,0,0,0,0,0,0,0,66
2025-09-27T13:44:28.880Z,61,21.1,1.904,49.6,0,59.9,0,0,0,0,0,0,0,0,66
2025-09-27T13:44:29.881Z,61,21.1,1.904,49.6,0,59.9,0,0,0,0,0,0,0,0,66
2025-09-27T13:44:30.881Z,61,21.1,1.904,50.4,0,59.9,0,0,0,0,0,0,0,0,66
2025-09-27T13:44:31.883Z,61,21.1,1.904,49.6,0,59.9,0,0,0,0,0,0,0,0,66
2025-09-27T13:44:32.885Z,61,21.1,1.905,50.4,0,59.9,0,0,0,0,0,0,0,0,66
2025-09-27T13:44:33.884Z,61,21.1,1.905,49.6,0,59.9,0,0,0,0,0,0,0,0,66
2025-09-27T13:44:34.894Z,61,21.1,1.905,50.4,0,59.9,0,0,0,0,0,0,0,0,66
2025-09-27T13:44:35.890Z,61,21.1,1.904,49.6,0,59.9,0,0,0,0,0,0,0,0,66
2025-09-27T13:44:36.888Z,61,21.1,1.905,49.6,0,59.9,0,0,0,0,0,0,0,0,66
2025-09-27T13:44:37.891Z,60.9,21.1,1.905,50.4,0,59.9,0,0,0,0,0,0,0,0,66
2025-09-27T13:44:38.889Z,60.9,21.1,1.905,49.6,0,59.9,0,0,0,0,0,0,0,0,66
2025-09-27T13:44:39.888Z,60.9,21.1,1.905,50.4,0,59.9,0,0,0,0,0,0,0,0,66
2025-09-27T13:44:40.887Z,60.9,21.1,1.905,49.6,0,59.9,0,0,0,0,0,0,0,0,66
2025-09-27T13:44:41.893Z,60.9,21.1,1.905,50.4,0,59.9,0,0,0,0,0,0,0,0,66
2025-09-27T13:44:42.891Z,60.9,21.1,1.905,49.6,0,59.9,0,0,0,0,0,0,0,0,66
2025-09-27T13:44:43.895Z,60.9,21.1,1.905,49.6,0,59.9,0,0,0,0,0,0,0,0,66
2025-09-27T13:44:44.894Z,60.9,21.1,1.905,50.4,0,59.9,0,0,0,0,0,0,0,0,66
2025-09-27T13:44:45.896Z,60.9,21.1,1.905,49.6,0,59.9,0,0,0,0,0,0,0,0,66
2025-09-27T13:44:46.897Z,60.9,21.1,1.905,50.4,0,59.9,0,0,0,0,0,0,0,0,66
2025-09-27T13:44:47.897Z,60.9,21.1,1.905,50.4,0,59.9,0,0,0,0,0,0,0,0,66
2025-09-27T13:44:48.903Z,60.9,21.1,1.905,49.6,0,59.9,0,0,0,0,0,0,0,0,66
2025-09-27T13:44:49.896Z,60.9,21.1,1.905,49.6,0,59.9,0,0,0,0,0,0,0,0,66
2025-09-27T13:44:50.895Z,60.9,21.1,1.905,49.6,0,59.9,0,0,0,0,0,0,0,0,66
2025-09-27T13:44:51.896Z,60.9,21.1,1.905,50.4,0,59.9,0,0,0,0,0,0,0,0,66
2025-09-27T13:44:52.907Z,60.9,21.1,1.905,49.6,0,59.9,0,0,0,0,0,0,0,0,66
2025-09-27T13:44:53.900Z,60.9,21.1,1.906,50.4,0,59.9,0,0,0,0,0,0,0,0,66
2025-09-27T13:44:54.902Z,60.9,21.1,1.906,49.6,0,59.9,0,0,0,0,0,0,0,0,66
2025-09-27T13:44:55.909Z,60.9,21.1,1.905,49.6,0,59.9,0,0,0,0,0,0,0,0,66
2025-09-27T13:44:56.904Z,60.9,21.1,1.906,50.4,0,59.9,0,0,0,0,0,0,0,0,66
2025-09-27T13:44:57.904Z,60.9,21.1,1.906,49.6,0,59.9,0,0,0,0,0,0,0,0,66
2025-09-27T13:44:58.907Z,60.9,21.1,1.905,50.4,0,59.9,0,0,0,0,0,0,0,0,66
2025-09-27T13:44:59.905Z,60.9,21.1,1.906,49.6,0,59.9,0,0,0,0,0,0,0,0,66
2025-09-27T13:45:00.911Z,60.9,21.1,1.905,49.6,0,59.9,0,0,0,0,0,0,0,0,66
2025-09-27T13:45:01.911Z,60.9,21.1,1.905,50.4,0,59.9,0,0,0,0,0,0,0,0,66
2025-09-27T13:45:02.913Z,60.9,21.1,1.905,49.6,0,59.9,0,0,0,0,0,0,0,0,66
2025-09-27T13:45:03.915Z,60.9,21.1,1.905,50.4,0,59.9,0,0,0,0,0,0,0,0,66
2025-09-27T13:45:04.912Z,60.8,21.1,1.905,49.6,0,60,0,0,0,0,0,0,0,0,66
2025-09-27T13:45:05.912Z,60.8,21.1,1.905,49.6,0,60,0,0,0,0,0,0,0,0,66
2025-09-27T13:45:06.916Z,60.8,21.1,1.905,50.4,0,60,0,0,0,0,0,0,0,0,66
2025-09-27T13:45:07.915Z,60.8,21.1,1.905,49.6,0,60,0,0,0,0,0,0,0,0,66
2025-09-27T13:45:08.918Z,60.8,21.1,1.905,49.6,0,60,0,0,0,0,0,0,0,0,66
2025-09-27T13:45:09.918Z,60.8,21.1,1.905,50.4,0,60,0,0,0,0,0,0,0,0,66
2025-09-27T13:45:10.918Z,60.8,21.1,1.905,49.6,0,60,0,0,0,0,0,0,0,0,66
2025-09-27T13:45:11.919Z,60.8,21.1,1.905,49.6,0,60,0,0,0,0,0,0,0,0,66
2025-09-27T13:45:12.919Z,60.8,21.1,1.905,50.4,0,60,0,0,0,0,0,0,0,0,66
2025-09-27T13:45:13.924Z,60.8,21.1,1.905,50.4,0,59.9,0,0,0,0,0,0,0,0,66
2025-09-27T13:45:14.924Z,60.8,21.1,1.905,49.6,0,59.9,0,0,0,0,0,0,0,0,66
2025-09-27T13:45:15.926Z,60.8,21.1,1.905,50.4,0,59.9,0,0,0,0,0,0,0,0,66
2025-09-27T13:45:16.930Z,60.8,21.1,1.905,49.6,0,59.9,0,0,0,0,0,0,0,0,66
2025-09-27T13:45:17.921Z,60.8,21.1,1.905,49.6,0,60,0,0,0,0,0,0,0,0,66
2025-09-27T13:45:18.926Z,60.8,21.1,1.905,50.4,0,60,0,0,0,0,0,0,0,0,66
2025-09-27T13:45:19.927Z,60.8,21.1,1.905,50.4,0,60,0,0,0,0,0,0,0,0,66
2025-09-27T13:45:20.934Z,60.8,21.1,1.906,49.6,0,60,0,0,0,0,0,0,0,0,66
2025-09-27T13:45:21.930Z,60.8,21.1,1.905,50.4,0,60,0,0,0,0,0,0,0,0,66
2025-09-27T13:45:22.925Z,60.8,21.1,1.905,49.6,0,60,0,0,0,0,0,0,0,0,66
2025-09-27T13:45:23.929Z,60.8,21.1,1.905,50.4,0,60,0,0,0,0,0,0,0,0,66
2025-09-27T13:45:24.930Z,60.8,21.1,1.905,50.4,0,60,0,0,0,0,0,0,0,0,66
2025-09-27T13:45:25.935Z,60.8,21.1,1.906,49.6,0,60,0,0,0,0,0,0,0,0,66
2025-09-27T13:45:26.931Z,60.7,21.1,1.905,50.4,0,60,0,0,0,0,0,0,0,0,66
2025-09-27T13:45:27.934Z,60.7,21.1,1.905,49.6,0,60,0,0,0,0,0,0,0,0,66
2025-09-27T13:45:28.937Z,60.7,21.1,1.906,50.4,0,60,0,0,0,0,0,0,0,0,66
2025-09-27T13:45:29.936Z,60.7,21.1,1.906,49.6,0,60,0,0,0,0,0,0,0,0,66
2025-09-27T13:45:30.933Z,60.7,21.1,1.905,50.4,0,60,0,0,0,0,0,0,0,0,66
2025-09-27T13:45:31.937Z,60.7,21.1,1.906,49.6,0,60,0,0,0,0,0,0,0,0,66
2025-09-27T13:45:32.940Z,60.7,21.1,1.906,49.6,0,60,0,0,0,0,0,0,0,0,66
2025-09-27T13:45:33.942Z,60.7,21.1,1.906,50.4,0,60,0,0,0,0,0,0,0,0,66
2025-09-27T13:45:34.946Z,60.7,21.1,1.906,49.6,0,60,0,0,0,0,0,0,0,0,66
2025-09-27T13:45:35.941Z,60.7,21.1,1.906,50.4,0,60,0,0,0,0,0,0,0,0,66
2025-09-27T13:45:36.943Z,60.7,21.1,1.905,49.6,0,60,0,0,0,0,0,0,0,0,66
2025-09-27T13:45:37.942Z,60.7,21.1,1.905,49.6,0,60,0,0,0,0,0,0,0,0,66
2025-09-27T13:45:38.950Z,60.7,21.1,1.906,50.4,0,60,0,0,0,0,0,0,0,0,66
2025-09-27T13:45:39.944Z,60.7,21.1,1.905,49.6,0,60,0,0,0,0,0,0,0,0,66
2025-09-27T13:45:40.948Z,60.7,21.1,1.906,50.4,0,60,0,0,0,0,0,0,0,0,66
2025-09-27T13:45:41.954Z,60.7,21.1,1.906,49.6,0,60,0,0,0,0,0,0,0,0,66
2025-09-27T13:45:42.948Z,60.7,21.1,1.905,49.6,0,60,0,0,0,0,0,0,0,0,66
2025-09-27T13:45:43.946Z,60.7,21.1,1.905,50.4,0,60,0,0,0,0,0,0,0,0,66
2025-09-27T13:45:44.950Z,60.7,21.1,1.906,49.6,0,60,0,0,0,0,0,0,0,0,66
2025-09-27T13:45:45.956Z,60.7,21.1,1.906,49.6,0,60,0,0,0,0,0,0,0,0,66
2025-09-27T13:45:46.953Z,60.7,21.1,1.906,50.4,0,60,0,0,0,0,0,0,0,0,66
2025-09-27T13:45:47.952Z,60.6,21.1,1.906,49.6,0,60,0,0,0,0,0,0,0,0,66
2025-09-27T13:45:48.957Z,60.6,21.1,1.906,49.6,0,60,0,0,0,0,0,0,0,0,66
2025-09-27T13:45:49.956Z,60.6,21.1,1.906,50.4,0,60,0,0,0,0,0,0,0,0,66
2025-09-27T13:45:50.956Z,60.6,21.1,1.906,50.4,0,60,0,0,0,0,0,0,0,0,66
2025-09-27T13:45:51.955Z,60.6,21.1,1.906,49.6,0,60,0,0,0,0,0,0,0,0,66
2025-09-27T13:45:52.958Z,60.6,21.1,1.906,50.4,0,60,0,0,0,0,0,0,0,0,66
2025-09-27T13:45:53.960Z,60.6,21.1,1.906,49.6,0,60,0,0,0,0,0,0,0,0,66
2025-09-27T13:45:54.959Z,60.6,21.1,1.906,49.6,0,60,0,0,0,0,0,0,0,0,66
2025-09-27T13:45:55.967Z,60.6,21.1,1.906,50.4,0,60,0,0,0,0,0,0,0,0,66
2025-09-27T13:45:56.960Z,60.6,21.1,1.906,50.4,0,60,0,0,0,0,0,0,0,0,66
2025-09-27T13:45:57.959Z,60.6,21.1,1.906,49.6,0,60,0,0,0,0,0,0,0,0,66
2025-09-27T13:45:58.964Z,60.6,21.1,1.906,50.4,0,60,0,0,0,0,0,0,0,0,66
2025-09-27T13:45:59.967Z,60.6,21.1,1.906,49.6,0,60,0,0,0,0,0,0,0,0,66
2025-09-27T13:46:00.965Z,60.6,21.1,1.906,49.6,0,60,0,0,0,0,0,0,0,0,66
2025-09-27T13:46:01.968Z,60.6,21.1,1.906,50.4,0,60,0,0,0,0,0,0,0,0,66
2025-09-27T13:46:02.970Z,60.6,21.1,1.907,50.4,0,60,0,0,0,0,0,0,0,0,66
2025-09-27T13:46:03.974Z,60.6,21.1,1.906,49.6,0,60,0,0,0,0,0,0,0,0,66
2025-09-27T13:46:04.967Z,60.6,21.1,1.907,50.4,0,60,0,0,0,0,0,0,0,0,66
2025-09-27T13:46:05.968Z,60.6,21.1,1.907,49.6,0,60,0,0,0,0,0,0,0,0,66
2025-09-27T13:46:06.980Z,60.6,21.1,1.907,50.4,0,60,0,0,0,0,0,0,0,0,66
2025-09-27T13:46:07.972Z,60.6,21.1,1.907,49.6,0,60,0,0,0,0,0,0,0,0,66
2025-09-27T13:46:08.972Z,60.5,21.1,1.907,49.6,0,60,0,0,0,0,0,0,0,0,66
2025-09-27T13:46:09.974Z,60.5,21.1,1.907,50.4,0,60,0,0,0,0,0,0,0,0,66
2025-09-27T13:46:10.975Z,60.5,21.1,1.907,49.6,0,60,0,0,0,0,0,0,0,0,66
2025-09-27T13:46:11.978Z,60.5,21.1,1.907,50.4,0,60,0,0,0,0,0,0,0,0,66
2025-09-27T13:46:12.979Z,60.5,21.1,1.907,50.4,0,60,0,0,0,0,0,0,0,0,66
2025-09-27T13:46:13.984Z,60.5,21.1,1.907,49.6,0,60,0,0,0,0,0,0,0,0,66
2025-09-27T13:46:14.981Z,60.5,21.1,1.907,50.4,0,60,0,0,0,0,0,0,0,0,66
2025-09-27T13:46:15.976Z,60.5,21.1,1.906,49.6,0,60,0,0,0,0,0,0,0,0,66
2025-09-27T13:46:16.983Z,60.5,21.1,1.907,50.4,0,60,0,0,0,0,0,0,0,0,66
2025-09-27T13:46:17.983Z,60.5,21.1,1.907,49.6,0,60,0,0,0,0,0,0,0,0,66
2025-09-27T13:46:18.986Z,60.5,21.1,1.907,49.6,0,60,0,0,0,0,0,0,0,0,66
2025-09-27T13:46:19.985Z,60.5,21.1,1.907,50.4,0,60,0,0,0,0,0,0,0,0,66
2025-09-27T13:46:20.985Z,60.5,21.1,1.907,49.6,0,60,0,0,0,0,0,0,0,0,66
2025-09-27T13:46:21.984Z,60.5,21.1,1.907,49.6,0,60,0,0,0,0,0,0,0,0,66
2025-09-27T13:46:22.983Z,60.5,21.1,1.907,50.4,0,60,0,0,0,0,0,0,0,0,66
2025-09-27T13:46:23.982Z,60.5,21.1,1.907,50.4,0,60,0,0,0,0,0,0,0,0,66
2025-09-27T13:46:24.983Z,60.5,21.1,1.907,49.6,0,60,0,0,0,0,0,0,0,0,66
2025-09-27T13:46:25.995Z,60.5,21.1,1.906,50.4,0,60,0,0,0,0,0,0,0,0,66
2025-09-27T13:46:26.987Z,60.5,21.1,1.907,49.6,0,60,0,0,0,0,0,0,0,0,66
2025-09-27T13:46:27.990Z,60.5,21.1,1.907,50.4,0,60,0,0,0,0,0,0,0,0,66
2025-09-27T13:46:28.989Z,60.4,21.1,1.907,49.6,0,60,0,0,0,0,0,0,0,0,66
2025-09-27T13:46:29.995Z,60.4,21.1,1.907,50.4,0,60,0,0,0,0,0,0,0,0,66
2025-09-27T13:46:30.993Z,60.4,21.1,1.907,50.4,0,60,0,0,0,0,0,0,0,0,66
2025-09-27T13:46:31.991Z,60.4,21.1,1.907,49.6,0,60,0,0,0,0,0,0,0,0,66
2025-09-27T13:46:32.993Z,60.4,21.1,1.907,50.4,0,60,0,0,0,0,0,0,0,0,66
2025-09-27T13:46:33.997Z,60.4,21.1,1.907,49.6,0,60,0,0,0,0,0,0,0,0,66
2025-09-27T13:46:35.006Z,60.4,21.1,1.906,50.4,0,60,0,0,0,0,0,0,0,0,66
2025-09-27T13:46:35.998Z,60.4,21.1,1.907,49.6,0,60,0,0,0,0,0,0,0,0,66
2025-09-27T13:46:36.999Z,60.4,21.1,1.907,50.4,0,60,0,0,0,0,0,0,0,0,66
2025-09-27T13:46:37.998Z,60.4,21.1,1.907,49.6,0,60,0,0,0,0,0,0,0,0,66
2025-09-27T13:46:39.001Z,60.4,21.1,1.907,50.4,0,60,0,0,0,0,0,0,0,0,66
2025-09-27T13:46:40.007Z,60.4,21.1,1.907,49.6,0,60,0,0,0,0,0,0,0,0,66
2025-09-27T13:46:41.010Z,60.4,21.1,1.906,50.4,0,60,0,0,0,0,0,0,0,0,66
2025-09-27T13:46:42.003Z,60.4,21.1,1.907,49.6,0,60,0,0,0,0,0,0,0,0,66
2025-09-27T13:46:43.003Z,60.4,21.1,1.907,50.4,0,60,0,0,0,0,0,0,0,0,66
2025-09-27T13:46:44.005Z,60.4,21.1,1.907,49.6,0,60,0,0,0,0,0,0,0,0,66
2025-09-27T13:46:45.007Z,60.4,21.1,1.907,50.4,0,60,0,0,0,0,0,0,0,0,66
2025-09-27T13:46:46.009Z,60.4,21.1,1.909,49.6,0,60,0,0,0,0,0,0,0,0,66
2025-09-27T13:46:47.008Z,60.4,21.1,1.907,50.4,0,60,0,0,0,0,0,0,0,0,66
2025-09-27T13:46:48.013Z,60.4,21.1,1.907,49.6,0,60,0,0,0,0,0,0,0,0,66
2025-09-27T13:46:49.009Z,60.4,21.1,1.907,50.4,0,60,0,0,0,0,0,0,0,0,66
2025-09-27T13:46:50.011Z,60.3,21.1,1.909,49.6,0,60,0,0,0,0,0,0,0,0,66
2025-09-27T13:46:51.011Z,60.3,21.1,1.907,50.4,0,60,0,0,0,0,0,0,0,0,66
2025-09-27T13:46:52.010Z,60.3,21.1,1.909,49.6,0,60,0,0,0,0,0,0,0,0,66
2025-09-27T13:46:53.018Z,60.3,21.1,1.906,50.4,0,60,0,0,0,0,0,0,0,0,66
2025-09-27T13:46:54.013Z,60.3,21.1,1.909,49.6,0,60,0,0,0,0,0,0,0,0,66
2025-09-27T13:46:55.016Z,60.3,21.1,1.909,50.4,0,60,0,0,0,0,0,0,0,0,66
2025-09-27T13:46:56.016Z,60.3,21.1,1.909,49.6,0,60,0,0,0,0,0,0,0,0,66
2025-09-27T13:46:57.017Z,60.3,21.1,1.909,49.6,0,60,0,0,0,0,0,0,0,0,66
2025-09-27T13:46:58.018Z,60.3,21.1,1.909,49.6,0,60,0,0,0,0,0,0,0,0,66
2025-09-27T13:46:59.018Z,60.3,21.1,1.909,50.4,0,60,0,0,0,0,0,0,0,0,66
2025-09-27T13:47:00.020Z,60.3,21.1,1.909,49.6,0,60,0,0,0,0,0,0,0,0,66
2025-09-27T13:47:01.022Z,60.3,21.1,1.909,50.4,0,60,0,0,0,0,0,0,0,0,66
2025-09-27T13:47:02.028Z,60.3,21.1,1.908,49.6,0,60,0,0,0,0,0,0,0,0,66
2025-09-27T13:47:03.026Z,60.3,21.1,1.908,50.4,0,60,0,0,0,0,0,0,0,0,66
2025-09-27T13:47:04.028Z,60.3,21.1,1.908,49.6,0,60,0,0,0,0,0,0,0,0,66
2025-09-27T13:47:05.027Z,60.3,21.1,1.908,50.4,0,60,0,0,0,0,0,0,0,0,66
2025-09-27T13:47:06.026Z,60.3,21.1,1.909,49.6,0,60,0,0,0,0,0,0,0,0,66
2025-09-27T13:47:07.025Z,60.3,21.1,1.909,50.4,0,60,0,0,0,0,0,0,0,0,66
2025-09-27T13:47:08.029Z,60.3,21.1,1.908,49.6,0,60,0,0,0,0,0,0,0,0,66
2025-09-27T13:47:09.029Z,60.3,21.1,1.909,50.4,0,60,0,0,0,0,0,0,0,0,66
2025-09-27T13:47:10.031Z,60.3,21.1,1.908,49.6,0,60,0,0,0,0,0,0,0,0,66
2025-09-27T13:47:11.030Z,60.3,21.1,1.909,49.6,0,60,0,0,0,0,0,0,0,0,66
2025-09-27T13:47:12.030Z,60.3,21.1,1.909,49.6,0,60,0,0,0,0,0,0,0,0,66
2025-09-27T13:47:13.031Z,60.2,21.1,1.909,49.6,0,60.1,0,0,0,0,0,0,0,0,66
2025-09-27T13:47:14.033Z,60.2,21.1,1.909,50.4,0,60,0,0,0,0,0,0,0,0,66
2025-09-27T13:47:15.034Z,60.2,21.1,1.909,49.6,0,60,0,0,0,0,0,0,0,0,66
2025-09-27T13:47:16.041Z,60.2,21.1,1.909,49.6,0,60,0,0,0,0,0,0,0,0,66
2025-09-27T13:47:17.036Z,60.2,21.1,1.909,50.4,0,60,0,0,0,0,0,0,0,0,66
2025-09-27T13:47:18.038Z,60.2,21.1,1.909,49.6,0,60,0,0,0,0,0,0,0,0,66
2025-09-27T13:47:19.036Z,60.2,21.1,1.909,50.4,0,60.1,0,0,0,0,0,0,0,0,66
2025-09-27T13:47:20.037Z,60.2,21.1,1.909,49.6,0,60.1,0,0,0,0,0,0,0,0,66
2025-09-27T13:47:21.038Z,60.2,21.1,1.909,49.6,0,60.1,0,0,0,0,0,0,0,0,66
2025-09-27T13:47:22.041Z,60.2,21.1,1.909,50.4,0,60.1,0,0,0,0,0,0,0,0,66
2025-09-27T13:47:23.040Z,60.2,21.1,1.909,50.4,0,60.1,0,0,0,0,0,0,0,0,66
2025-09-27T13:47:24.052Z,60.2,21.1,1.909,49.6,0,60.1,0,0,0,0,0,0,0,0,66
2025-09-27T13:47:25.041Z,60.2,21.1,1.909,50.4,0,60.1,0,0,0,0,0,0,0,0,66
2025-09-27T13:47:26.045Z,60.2,21.1,1.909,49.6,0,60.1,0,0,0,0,0,0,0,0,66
2025-09-27T13:47:27.045Z,60.2,21.1,1.909,50.4,0,60.1,0,0,0,0,0,0,0,0,66
2025-09-27T13:47:28.045Z,60.2,21.1,1.909,49.6,0,60.1,0,0,0,0,0,0,0,0,66
2025-09-27T13:47:29.044Z,60.2,21.1,1.909,50.4,0,60.1,0,0,0,0,0,0,0,0,66
2025-09-27T13:47:30.049Z,60.2,21.1,1.909,49.6,0,60.1,0,0,0,0,0,0,0,0,66
2025-09-27T13:47:31.051Z,60.2,21.1,1.909,49.6,0,60.1,0,0,0,0,0,0,0,0,66
2025-09-27T13:47:32.049Z,60.2,21.1,1.909,50.4,0,60.1,0,0,0,0,0,0,0,0,66
2025-09-27T13:47:33.053Z,60.2,21.1,1.909,50.4,0,60.1,0,0,0,0,0,0,0,0,66
2025-09-27T13:47:34.052Z,60.2,21.1,1.909,49.6,0,60.1,0,0,0,0,0,0,0,0,66
2025-09-27T13:47:35.050Z,60.1,21.1,1.909,50.4,0,60.1,0,0,0,0,0,0,0,0,66
2025-09-27T13:47:36.053Z,60.1,21.1,1.909,49.6,0,60.1,0,0,0,0,0,0,0,0,66
2025-09-27T13:47:37.057Z,60.1,21.1,1.909,50.4,0,60.1,0,0,0,0,0,0,0,0,66
2025-09-27T13:47:38.058Z,60.1,21.1,1.909,49.6,0,60.1,0,0,0,0,0,0,0,0,66
2025-09-27T13:47:39.056Z,60.1,21.1,1.909,50.4,0,60.1,0,0,0,0,0,0,0,0,66
2025-09-27T13:47:40.055Z,60.1,21.1,1.909,49.6,0,60.1,0,0,0,0,0,0,0,0,66
2025-09-27T13:47:41.059Z,60.1,21.1,1.909,50.4,0,60.1,0,0,0,0,0,0,0,0,66
2025-09-27T13:47:42.052Z,60.1,21.1,1.909,50.4,0,60.1,0,0,0,0,0,0,0,0,66
2025-09-27T13:47:43.058Z,60.1,21.1,1.909,49.6,0,60.1,0,0,0,0,0,0,0,0,66
2025-09-27T13:47:44.060Z,60.1,21.1,1.909,50.4,0,60.1,0,0,0,0,0,0,0,0,66
2025-09-27T13:47:45.062Z,60.1,21.1,1.909,49.6,0,60.1,0,0,0,0,0,0,0,0,66
2025-09-27T13:47:46.069Z,60.1,21.1,1.909,49.6,0,60.1,0,0,0,0,0,0,0,0,66
2025-09-27T13:47:47.065Z,60.1,21.1,1.909,49.6,0,60.1,0,0,0,0,0,0,0,0,66
2025-09-27T13:47:48.064Z,60.1,21.1,1.909,50.4,0,60.1,0,0,0,0,0,0,0,0,66
2025-09-27T13:47:49.063Z,60.1,21.1,1.909,49.6,0,60.1,0,0,0,0,0,0,0,0,66
2025-09-27T13:47:50.065Z,60.1,21.1,1.909,50.4,0,60.1,0,0,0,0,0,0,0,0,66
2025-09-27T13:47:51.068Z,60.1,21.1,1.909,49.6,0,60.1,0,0,0,0,0,0,0,0,66
2025-09-27T13:47:52.067Z,60.1,21.1,1.909,49.6,0,60.1,0,0,0,0,0,0,0,0,66
2025-09-27T13:47:53.065Z,60.1,21.1,1.909,50.4,0,60.1,0,0,0,0,0,0,0,0,66
2025-09-27T13:47:54.068Z,60.1,21.1,1.909,49.6,0,60.1,0,0,0,0,0,0,0,0,66
2025-09-27T13:47:55.068Z,60.1,21.1,1.909,49.6,0,60.1,0,0,0,0,0,0,0,0,66
2025-09-27T13:47:56.070Z,60,21.1,1.909,50.4,0,60.1,0,0,0,0,0,0,0,0,66
2025-09-27T13:47:57.071Z,60,21.1,1.909,49.6,0,60.1,0,0,0,0,0,0,0,0,66
2025-09-27T13:47:58.074Z,60,21.1,1.909,49.6,0,60.1,0,0,0,0,0,0,0,0,66
2025-09-27T13:47:59.074Z,60,21.1,1.909,50.4,0,60.1,0,0,0,0,0,0,0,0,66
2025-09-27T13:48:00.077Z,60,21.1,1.909,49.6,0,60.1,0,0,0,0,0,0,0,0,66
2025-09-27T13:48:01.077Z,60,21.1,1.909,49.6,0,60.1,0,0,0,0,0,0,0,0,66
2025-09-27T13:48:02.077Z,60,21.1,1.909,50.4,0,60.1,0,0,0,0,0,0,0,0,66
2025-09-27T13:48:03.079Z,60,21.1,1.909,49.6,0,60.1,0,0,0,0,0,0,0,0,66
2025-09-27T13:48:04.082Z,60,21.1,1.909,49.6,0,60.1,0,0,0,0,0,0,0,0,66
2025-09-27T13:48:05.078Z,60,21.1,1.909,50.4,0,60.1,0,0,0,0,0,0,0,0,66
2025-09-27T13:48:06.082Z,60,21.1,1.909,49.6,0,60.1,0,0,0,0,0,0,0,0,66
2025-09-27T13:48:07.083Z,60,21.1,1.909,50.4,0,60.1,0,0,0,0,0,0,0,0,66
2025-09-27T13:48:08.087Z,60,21.1,1.91,50.4,0,60.1,0,0,0,0,0,0,0,0,66
2025-09-27T13:48:09.084Z,60,21.1,1.91,49.6,0,60.1,0,0,0,0,0,0,0,0,66
2025-09-27T13:48:10.084Z,60,21.1,1.91,50.4,0,60.1,0,0,0,0,0,0,0,0,66
2025-09-27T13:48:11.087Z,60,21.1,1.91,50.4,0,60.1,0,0,0,0,0,0,0,0,66
2025-09-27T13:48:12.087Z,60,21.1,1.91,49.6,0,60.1,0,0,0,0,0,0,0,0,66
2025-09-27T13:48:13.087Z,60,21.1,1.91,50.4,0,60.1,0,0,0,0,0,0,0,0,66
2025-09-27T13:48:14.092Z,60,21.1,1.91,49.6,0,60.1,0,0,0,0,0,0,0,0,66
2025-09-27T13:48:15.091Z,60,21.1,1.91,50.4,0,60.1,0,0,0,0,0,0,0,0,66
2025-09-27T13:48:16.091Z,60,21.1,1.91,49.6,0,60.1,0,0,0,0,0,0,0,0,66
2025-09-27T13:48:17.096Z,60,21.1,1.91,50.4,0,60.1,0,0,0,0,0,0,0,0,66
2025-09-27T13:48:18.093Z,60,21.1,1.91,50.4,0,60.1,0,0,0,0,0,0,0,0,66
2025-09-27T13:48:19.094Z,60,21.1,1.91,49.6,0,60.1,0,0,0,0,0,0,0,0,66
2025-09-27T13:48:20.091Z,59.9,21.1,1.91,50.4,0,60.1,0,0,0,0,0,0,0,0,66
2025-09-27T13:48:21.092Z,59.9,21.1,1.91,49.6,0,60.1,0,0,0,0,0,0,0,0,66
2025-09-27T13:48:22.091Z,59.9,21.1,1.91,50.4,0,60.1,0,0,0,0,0,0,0,0,66
2025-09-27T13:48:23.097Z,59.9,21.1,1.91,49.6,0,60.1,0,0,0,0,0,0,0,0,66
2025-09-27T13:48:24.098Z,59.9,21.1,1.91,49.6,0,60.1,0,0,0,0,0,0,0,0,66
2025-09-27T13:48:25.096Z,59.9,21.1,1.91,50.4,0,60.1,0,0,0,0,0,0,0,0,66
2025-09-27T13:48:26.099Z,59.9,21.1,1.911,49.6,0,60.1,0,0,0,0,0,0,0,0,66
2025-09-27T13:48:27.096Z,59.9,21.1,1.911,50.4,0,60.1,0,0,0,0,0,0,0,0,66
2025-09-27T13:48:28.097Z,59.9,21.1,1.911,50.4,0,60.1,0,0,0,0,0,0,0,0,66
2025-09-27T13:48:29.101Z,59.9,21.1,1.91,49.6,0,60.1,0,0,0,0,0,0,0,0,66
2025-09-27T13:48:30.107Z,59.9,21.1,1.909,50.4,0,60.1,0,0,0,0,0,0,0,0,66
2025-09-27T13:48:31.104Z,59.9,21.1,1.911,49.6,0,60.1,0,0,0,0,0,0,0,0,66
2025-09-27T13:48:32.104Z,59.9,21.1,1.911,50.4,0,60.1,0,0,0,0,0,0,0,0,66
2025-09-27T13:48:33.106Z,59.9,21.1,1.911,49.6,0,60.1,0,0,0,0,0,0,0,0,66
2025-09-27T13:48:34.109Z,59.9,21.1,1.911,50.4,0,60.1,0,0,0,0,0,0,0,0,66
2025-09-27T13:48:35.109Z,59.9,21.1,1.911,49.6,0,60.1,0,0,0,0,0,0,0,0,66
2025-09-27T13:48:36.111Z,59.9,21.1,1.91,50.4,0,60.1,0,0,0,0,0,0,0,0,66
2025-09-27T13:48:37.113Z,59.9,21.1,1.91,49.6,0,60.1,0,0,0,0,0,0,0,0,66
2025-09-27T13:48:38.115Z,59.9,21.1,1.91,50.4,0,60.1,0,0,0,0,0,0,0,0,66
2025-09-27T13:48:39.114Z,59.9,21.1,1.91,49.6,0,60.1,0,0,0,0,0,0,0,0,66
2025-09-27T13:48:40.114Z,59.9,21.1,1.91,50.4,0,60.1,0,0,0,0,0,0,0,0,66
2025-09-27T13:48:41.115Z,59.9,21.1,1.91,49.6,0,60.1,0,0,0,0,0,0,0,0,66
2025-09-27T13:48:42.114Z,59.9,21.1,1.91,50.4,0,60.1,0,0,0,0,0,0,0,0,66
2025-09-27T13:48:43.116Z,59.9,21.1,1.91,49.6,0,60.1,0,0,0,0,0,0,0,0,66
2025-09-27T13:48:44.119Z,59.9,21.1,1.91,49.6,0,60.1,0,0,0,0,0,0,0,0,66
2025-09-27T13:48:45.114Z,59.8,21.1,1.911,49.6,0,60.1,0,0,0,0,0,0,0,0,66
2025-09-27T13:48:46.114Z,59.8,21.1,1.911,50.4,0,60.1,0,0,0,0,0,0,0,0,66
2025-09-27T13:48:47.119Z,59.8,21.1,1.91,49.6,0,60.1,0,0,0,0,0,0,0,0,66
2025-09-27T13:48:48.122Z,59.8,21.1,1.91,49.6,0,60.1,0,0,0,0,0,0,0,0,66
2025-09-27T13:48:49.125Z,59.8,21.1,1.91,50.4,0,60.1,0,0,0,0,0,0,0,0,66
2025-09-27T13:48:50.120Z,59.8,21.1,1.91,49.6,0,60.1,0,0,0,0,0,0,0,0,66
2025-09-27T13:48:51.119Z,59.8,21.1,1.911,50.4,0,60.1,0,0,0,0,0,0,0,0,66
2025-09-27T13:48:52.124Z,59.8,21.1,1.91,49.6,0,60.1,0,0,0,0,0,0,0,0,66
2025-09-27T13:48:53.124Z,59.8,21.1,1.91,49.6,0,60.1,0,0,0,0,0,0,0,0,66
2025-09-27T13:48:54.124Z,59.8,21.1,1.91,50.4,0,60.1,0,0,0,0,0,0,0,0,66
2025-09-27T13:48:55.127Z,59.8,21.1,1.91,49.6,0,60.1,0,0,0,0,0,0,0,0,66
2025-09-27T13:48:56.125Z,59.8,21.1,1.91,50.4,0,60.1,0,0,0,0,0,0,0,0,66
2025-09-27T13:48:57.127Z,59.8,21.1,1.91,49.6,0,60.1,0,0,0,0,0,0,0,0,66
2025-09-27T13:48:58.126Z,59.8,21.1,1.91,49.6,0,60.1,0,0,0,0,0,0,0,0,66
2025-09-27T13:48:59.126Z,59.8,21.1,1.91,50.4,0,60.1,0,0,0,0,0,0,0,0,66
2025-09-27T13:49:00.131Z,59.8,21.1,1.91,49.6,0,60.1,0,0,0,0,0,0,0,0,66
2025-09-27T13:49:01.139Z,59.8,21.1,1.911,50.4,0,60.1,0,0,0,0,0,0,0,0,66
2025-09-27T13:49:02.130Z,59.8,21.1,1.91,50.4,0,60.1,0,0,0,0,0,0,0,0,66
2025-09-27T13:49:03.135Z,59.8,21.1,1.91,49.6,0,60.1,0,0,0,0,0,0,0,0,66
2025-09-27T13:49:04.137Z,59.8,21.1,1.91,50.4,0,60.1,0,0,0,0,0,0,0,0,66
2025-09-27T13:49:05.139Z,59.8,21.1,1.911,49.6,0,60.1,0,0,0,0,0,0,0,0,66
2025-09-27T13:49:06.140Z,59.8,21.1,1.911,50.4,0,60.1,0,0,0,0,0,0,0,0,66
2025-09-27T13:49:07.136Z,59.8,21.1,1.91,49.6,0,60.1,0,0,0,0,0,0,0,0,66
2025-09-27T13:49:08.135Z,59.8,21.1,1.91,50.4,0,60.1,0,0,0,0,0,0,0,0,66
2025-09-27T13:49:09.139Z,59.8,21.1,1.91,49.6,0,60.1,0,0,0,0,0,0,0,0,66
2025-09-27T13:49:10.141Z,59.8,21.1,1.91,50.4,0,60.1,0,0,0,0,0,0,0,0,66
2025-09-27T13:49:11.142Z,59.7,21.1,1.91,49.6,0,60.1,0,0,0,0,0,0,0,0,66
2025-09-27T13:49:12.141Z,59.7,21.1,1.91,50.4,0,60.1,0,0,0,0,0,0,0,0,66
2025-09-27T13:49:13.142Z,59.8,21.1,1.91,49.6,0,60.1,0,0,0,0,0,0,0,0,66
2025-09-27T13:49:14.145Z,59.7,21.1,1.91,50.4,0,60.1,0,0,0,0,0,0,0,0,66
2025-09-27T13:49:15.143Z,59.7,21.1,1.91,49.6,0,60.1,0,0,0,0,0,0,0,0,66
2025-09-27T13:49:16.145Z,59.7,21.1,1.91,49.6,0,60.1,0,0,0,0,0,0,0,0,66
2025-09-27T13:49:17.148Z,59.7,21.1,1.911,50.4,0,60.1,0,0,0,0,0,0,0,0,66
2025-09-27T13:49:18.158Z,59.7,21.1,1.911,49.6,0,60.1,0,0,0,0,0,0,0,0,66
2025-09-27T13:49:19.149Z,59.7,21.1,1.911,50.4,0,60.1,0,0,0,0,0,0,0,0,66
2025-09-27T13:49:20.152Z,59.7,21.1,1.911,49.6,0,60.1,0,0,0,0,0,0,0,0,66
2025-09-27T13:49:21.144Z,59.7,21.1,1.91,49.6,0,60.1,0,0,0,0,0,0,0,0,66
2025-09-27T13:49:22.151Z,59.7,21.1,1.911,50.4,0,60.1,0,0,0,0,0,0,0,0,66
2025-09-27T13:49:23.152Z,59.7,21.1,1.911,49.6,0,60.1,0,0,0,0,0,0,0,0,66
2025-09-27T13:49:24.153Z,59.7,21.1,1.911,50.4,0,60.1,0,0,0,0,0,0,0,0,66
2025-09-27T13:49:25.153Z,59.7,21.1,1.911,49.6,0,60.1,0,0,0,0,0,0,0,0,66
2025-09-27T13:49:26.153Z,59.7,21.1,1.911,49.6,0,60.2,0,0,0,0,0,0,0,0,66
2025-09-27T13:49:27.154Z,59.7,21.1,1.911,50.4,0,60.2,0,0,0,0,0,0,0,0,66
2025-09-27T13:49:28.158Z,59.7,21.1,1.911,49.6,0,60.1,0,0,0,0,0,0,0,0,66
2025-09-27T13:49:29.158Z,59.7,21.1,1.911,50.4,0,60.1,0,0,0,0,0,0,0,0,66
2025-09-27T13:49:30.160Z,59.7,21.1,1.911,49.6,0,60.2,0,0,0,0,0,0,0,0,66
2025-09-27T13:49:31.160Z,59.7,21.1,1.911,49.6,0,60.2,0,0,0,0,0,0,0,0,66
2025-09-27T13:49:32.161Z,59.7,21.1,1.912,50.4,0,60.2,0,0,0,0,0,0,0,0,66
2025-09-27T13:49:33.163Z,59.7,21.1,1.911,50.4,0,60.2,0,0,0,0,0,0,0,0,66
2025-09-27T13:49:34.161Z,59.7,21.1,1.911,49.6,0,60.1,0,0,0,0,0,0,0,0,66
2025-09-27T13:49:35.163Z,59.7,21.1,1.911,50.4,0,60.1,0,0,0,0,0,0,0,0,66
2025-09-27T13:49:36.161Z,59.7,21.1,1.911,49.6,0,60.1,0,0,0,0,0,0,0,0,66
2025-09-27T13:49:37.169Z,59.7,21.1,1.911,50.4,0,60.1,0,0,0,0,0,0,0,0,66
2025-09-27T13:49:38.176Z,59.7,21.1,1.91,49.6,0,60.1,0,0,0,0,0,0,0,0,66
2025-09-27T13:49:39.165Z,59.7,21.1,1.911,50.4,0,60.1,0,0,0,0,0,0,0,0,66
2025-09-27T13:49:40.166Z,59.7,21.1,1.911,49.6,0,60.1,0,0,0,0,0,0,0,0,66
2025-09-27T13:49:41.169Z,59.7,21.1,1.912,50.4,0,60.1,0,0,0,0,0,0,0,0,66
2025-09-27T13:49:42.170Z,59.6,21.1,1.911,50.4,0,60.1,0,0,0,0,0,0,0,0,66
2025-09-27T13:49:43.170Z,59.6,21.1,1.911,49.6,0,60.2,0,0,0,0,0,0,0,0,66
2025-09-27T13:49:44.170Z,59.6,21.1,1.911,50.4,0,60.1,0,0,0,0,0,0,0,0,66
2025-09-27T13:49:45.175Z,59.6,21.1,1.911,49.6,0,60.1,0,0,0,0,0,0,0,0,66
2025-09-27T13:49:46.175Z,59.6,21.1,1.912,50.4,0,60.1,0,0,0,0,0,0,0,0,66
2025-09-27T13:49:47.183Z,59.6,21.1,1.91,49.6,0,60.1,0,0,0,0,0,0,0,0,66
2025-09-27T13:49:48.177Z,59.6,21.1,1.912,50.4,0,60.1,0,0,0,0,0,0,0,0,66
2025-09-27T13:49:49.176Z,59.6,21.1,1.912,49.6,0,60.1,0,0,0,0,0,0,0,0,66
2025-09-27T13:49:50.170Z,59.6,21.1,1.911,50.4,0,60.1,0,0,0,0,0,0,0,0,66
2025-09-27T13:49:51.175Z,59.6,21.1,1.912,49.6,0,60.1,0,0,0,0,0,0,0,0,66
2025-09-27T13:49:52.175Z,59.6,21.1,1.912,50.4,0,60.1,0,0,0,0,0,0,0,0,66
2025-09-27T13:49:53.182Z,59.6,21.1,1.911,49.6,0,60.1,0,0,0,0,0,0,0,0,66
2025-09-27T13:49:54.179Z,59.6,21.1,1.912,50.4,0,60.1,0,0,0,0,0,0,0,0,66
2025-09-27T13:49:55.179Z,59.6,21.1,1.912,49.6,0,60.1,0,0,0,0,0,0,0,0,66
2025-09-27T13:49:56.182Z,59.6,21.1,1.911,50.4,0,60.1,0,0,0,0,0,0,0,0,66
2025-09-27T13:49:57.184Z,59.6,21.1,1.911,49.6,0,60.1,0,0,0,0,0,0,0,0,66
2025-09-27T13:49:58.185Z,59.6,21.1,1.911,50.4,0,60.1,0,0,0,0,0,0,0,0,66
2025-09-27T13:49:59.183Z,59.6,21.1,1.911,49.6,0,60.1,0,0,0,0,0,0,0,0,66
2025-09-27T13:50:00.185Z,59.6,21.1,1.911,50.4,0,60.1,0,0,0,0,0,0,0,0,66
2025-09-27T13:50:01.186Z,59.6,21.1,1.911,49.6,0,60.1,0,0,0,0,0,0,0,0,66
2025-09-27T13:50:02.186Z,59.6,21.1,1.911,50.4,0,60.1,0,0,0,0,0,0,0,0,66
2025-09-27T13:50:03.187Z,59.6,21.1,1.911,49.6,0,60.1,0,0,0,0,0,0,0,0,66
2025-09-27T13:50:04.190Z,59.6,21.1,1.911,49.6,0,60.1,0,0,0,0,0,0,0,0,66
2025-09-27T13:50:05.192Z,59.6,21.1,1.912,49.6,0,60.1,0,0,0,0,0,0,0,0,66
2025-09-27T13:50:06.193Z,59.6,21.1,1.911,50.4,0,60.1,0,0,0,0,0,0,0,0,66
2025-09-27T13:50:07.192Z,59.6,21.1,1.912,49.6,0,60.1,0,0,0,0,0,0,0,0,66
2025-09-27T13:50:08.189Z,59.6,21.1,1.912,50.4,0,60.1,0,0,0,0,0,0,0,0,66
2025-09-27T13:50:09.192Z,59.6,21.1,1.912,50.4,0,60.2,0,0,0,0,0,0,0,0,66
2025-09-27T13:50:10.194Z,59.5,21.1,1.912,49.6,0,60.1,0,0,0,0,0,0,0,0,66
2025-09-27T13:50:11.195Z,59.6,21.1,1.911,50.4,0,60.1,0,0,0,0,0,0,0,0,66
2025-09-27T13:50:12.194Z,59.5,21.1,1.911,49.6,0,60.1,0,0,0,0,0,0,0,0,66
2025-09-27T13:50:13.198Z,59.5,21.1,1.912,50.4,0,60.1,0,0,0,0,0,0,0,0,66
2025-09-27T13:50:14.199Z,59.5,21.1,1.911,49.6,0,60.1,0,0,0,0,0,0,0,0,66
2025-09-27T13:50:15.200Z,59.5,21.1,1.911,50.4,0,60.1,0,0,0,0,0,0,0,0,66
2025-09-27T13:50:16.207Z,59.5,21.1,1.912,49.6,0,60.1,0,0,0,0,0,0,0,0,66
2025-09-27T13:50:17.201Z,59.5,21.1,1.911,49.6,0,60.2,0,0,0,0,0,0,0,0,66
2025-09-27T13:50:18.201Z,59.5,21.1,1.911,49.6,0,60.1,0,0,0,0,0,0,0,0,66
2025-09-27T13:50:19.204Z,59.5,21.1,1.912,50.4,0,60.1,0,0,0,0,0,0,0,0,66
2025-09-27T13:50:20.203Z,59.5,21.1,1.912,49.6,0,60.1,0,0,0,0,0,0,0,0,66
2025-09-27T13:50:21.203Z,59.5,21.1,1.912,50.4,0,60.2,0,0,0,0,0,0,0,0,66
2025-09-27T13:50:22.202Z,59.5,21.1,1.911,49.6,0,60.2,0,0,0,0,0,0,0,0,66
2025-09-27T13:50:23.203Z,59.5,21.1,1.912,49.6,0,60.2,0,0,0,0,0,0,0,0,66
2025-09-27T13:50:24.205Z,59.5,21.1,1.912,50.4,0,60.2,0,0,0,0,0,0,0,0,66
2025-09-27T13:50:25.206Z,59.5,21.1,1.912,49.6,0,60.1,0,0,0,0,0,0,0,0,66
2025-09-27T13:50:26.207Z,59.5,21.1,1.912,49.6,0,60.1,0,0,0,0,0,0,0,0,66
2025-09-27T13:50:27.206Z,59.5,21.1,1.911,50.4,0,60.1,0,0,0,0,0,0,0,0,66
2025-09-27T13:50:28.212Z,59.5,21.1,1.912,49.6,0,60.1,0,0,0,0,0,0,0,0,66
2025-09-27T13:50:29.209Z,59.5,21.1,1.912,50.4,0,60.1,0,0,0,0,0,0,0,0,66
2025-09-27T13:50:30.207Z,59.5,21.1,1.912,49.6,0,60.1,0,0,0,0,0,0,0,0,66
2025-09-27T13:50:31.209Z,59.5,21.1,1.912,49.6,0,60.1,0,0,0,0,0,0,0,0,66
2025-09-27T13:50:32.212Z,59.5,21.1,1.912,50.4,0,60.2,0,0,0,0,0,0,0,0,66
2025-09-27T13:50:33.212Z,59.5,21.1,1.912,49.6,0,60.2,0,0,0,0,0,0,0,0,66
2025-09-27T13:50:34.211Z,59.5,21.1,1.912,50.4,0,60.1,0,0,0,0,0,0,0,0,66
2025-09-27T13:50:35.212Z,59.5,21.1,1.912,49.6,0,60.2,0,0,0,0,0,0,0,0,66
2025-09-27T13:50:36.212Z,59.5,21.1,1.912,50.4,0,60.2,0,0,0,0,0,0,0,0,66
2025-09-27T13:50:37.216Z,59.5,21.1,1.912,49.6,0,60.2,0,0,0,0,0,0,0,0,66
2025-09-27T13:50:38.216Z,59.5,21.1,1.912,49.6,0,60.2,0,0,0,0,0,0,0,0,66
2025-09-27T13:50:39.219Z,59.5,21.1,1.912,50.4,0,60.2,0,0,0,0,0,0,0,0,66
2025-09-27T13:50:40.216Z,59.5,21.1,1.912,49.6,0,60.1,0,0,0,0,0,0,0,0,66
2025-09-27T13:50:41.217Z,59.5,21.1,1.912,49.6,0,60.2,0,0,0,0,0,0,0,0,66
2025-09-27T13:50:42.221Z,59.5,21.1,1.912,50.4,0,60.2,0,0,0,0,0,0,0,0,66
2025-09-27T13:50:43.223Z,59.5,21.1,1.912,49.6,0,60.2,0,0,0,0,0,0,0,0,66
2025-09-27T13:50:44.221Z,59.5,21.1,1.912,49.6,0,60.2,0,0,0,0,0,0,0,0,66
2025-09-27T13:50:45.219Z,59.5,21.1,1.912,50.4,0,60.2,0,0,0,0,0,0,0,0,66
2025-09-27T13:50:46.223Z,59.5,21.1,1.912,50.4,0,60.2,0,0,0,0,0,0,0,0,66
2025-09-27T13:50:47.218Z,59.5,21.1,1.912,50.4,0,60.2,0,0,0,0,0,0,0,0,66
2025-09-27T13:50:48.227Z,59.5,21.1,1.912,50.4,0,60.2,0,0,0,0,0,0,0,0,66
2025-09-27T13:50:49.228Z,59.5,21.1,1.912,49.6,0,60.2,0,0,0,0,0,0,0,0,66
2025-09-27T13:50:50.227Z,59.5,21.1,1.912,49.6,0,60.2,0,0,0,0,0,0,0,0,66
2025-09-27T13:50:51.223Z,59.5,21.1,1.912,49.6,0,60.2,0,0,0,0,0,0,0,0,66
2025-09-27T13:50:52.221Z,59.5,21.1,1.912,50.4,0,60.2,0,0,0,0,0,0,0,0,66
2025-09-27T13:50:53.230Z,59.5,21.1,1.912,50.4,0,60.2,0,0,0,0,0,0,0,0,66
2025-09-27T13:50:54.230Z,59.5,21.1,1.912,50.4,0,60.1,0,0,0,0,0,0,0,0,66
2025-09-27T13:50:55.228Z,59.5,21.1,1.912,50.4,0,60.2,0,0,0,0,0,0,0,0,66
2025-09-27T13:50:56.233Z,59.5,21.1,1.912,49.6,0,60.1,0,0,0,0,0,0,0,0,66
2025-09-27T13:50:57.232Z,59.5,21.1,1.912,50.4,0,60.2,0,0,0,0,0,0,0,0,66
2025-09-27T13:50:58.232Z,59.5,21.1,1.912,50.4,0,60.1,0,0,0,0,0,0,0,0,66
2025-09-27T13:50:59.231Z,59.5,21.1,1.912,49.6,0,60.2,0,0,0,0,0,0,0,0,66
2025-09-27T13:51:00.235Z,59.5,21.1,1.912,50.4,0,60.1,0,0,0,0,0,0,0,0,66
2025-09-27T13:51:01.231Z,59.5,21.1,1.912,49.6,0,60.2,0,0,0,0,0,0,0,0,66
2025-09-27T13:51:02.239Z,59.5,21.1,1.912,50.4,0,60.1,0,0,0,0,0,0,0,0,66
2025-09-27T13:51:03.234Z,59.5,21.1,1.912,49.6,0,60.1,0,0,0,0,0,0,0,0,66
2025-09-27T13:51:04.237Z,59.5,21.1,1.912,50.4,0,60.1,0,0,0,0,0,0,0,0,66
2025-09-27T13:51:05.238Z,59.5,21.1,1.912,49.6,0,60.1,0,0,0,0,0,0,0,0,66
2025-09-27T13:51:06.238Z,59.5,21.1,1.912,50.4,0,60.2,0,0,0,0,0,0,0,0,66
2025-09-27T13:51:07.240Z,59.5,21.1,1.912,50.4,0,60.2,0,0,0,0,0,0,0,0,66
2025-09-27T13:51:08.241Z,59.5,21.1,1.912,49.6,0,60.1,0,0,0,0,0,0,0,0,66
2025-09-27T13:51:09.240Z,59.4,21.1,1.912,50.4,0,60.1,0,0,0,0,0,0,0,0,66
2025-09-27T13:51:10.243Z,59.5,21.1,1.912,49.6,0,60.1,0,0,0,0,0,0,0,0,66
2025-09-27T13:51:11.246Z,59.5,21.1,1.912,50.4,0,60.1,0,0,0,0,0,0,0,0,66
2025-09-27T13:51:12.244Z,59.5,21.1,1.912,49.6,0,60.1,0,0,0,0,0,0,0,0,66
2025-09-27T13:51:13.244Z,59.5,21.1,1.912,50.4,0,60.1,0,0,0,0,0,0,0,0,66
2025-09-27T13:51:14.248Z,59.5,21.1,1.912,49.6,0,60.2,0,0,0,0,0,0,0,0,66
2025-09-27T13:51:15.248Z,59.5,21.1,1.912,49.6,0,60.1,0,0,0,0,0,0,0,0,66
2025-09-27T13:51:16.252Z,59.5,21.1,1.912,49.6,0,60.1,0,0,0,0,0,0,0,0,66
2025-09-27T13:51:17.251Z,59.5,21.1,1.912,50.4,0,60.1,0,0,0,0,0,0,0,0,66
2025-09-27T13:51:18.250Z,59.5,21.1,1.912,49.6,0,60.1,0,0,0,0,0,0,0,0,66
2025-09-27T13:51:19.253Z,59.5,21.1,1.912,50.4,0,60.1,0,0,0,0,0,0,0,0,66
2025-09-27T13:51:20.251Z,59.5,21.1,1.912,50.4,0,60.1,0,0,0,0,0,0,0,0,66
2025-09-27T13:51:21.251Z,59.5,21.1,1.912,49.6,0,60.1,0,0,0,0,0,0,0,0,66
2025-09-27T13:51:22.252Z,59.5,21.1,1.912,50.4,0,60.1,0,0,0,0,0,0,0,0,66
2025-09-27T13:51:23.256Z,59.5,21.1,1.912,49.6,0,60.2,0,0,0,0,0,0,0,0,66
2025-09-27T13:51:24.256Z,59.5,21.1,1.912,50.4,0,60.1,0,0,0,0,0,0,0,0,66
2025-09-27T13:51:25.257Z,59.4,21.1,1.912,49.6,0,60.1,0,0,0,0,0,0,0,0,66
2025-09-27T13:51:26.260Z,59.5,21.1,1.912,50.4,0,60.1,0,0,0,0,0,0,0,0,66
2025-09-27T13:51:27.258Z,59.5,21.1,1.912,49.6,0,60.1,0,0,0,0,0,0,0,0,66
2025-09-27T13:51:28.260Z,59.5,21.1,1.912,49.6,0,60.1,0,0,0,0,0,0,0,0,66
2025-09-27T13:51:29.260Z,59.5,21.1,1.912,49.6,0,60.1,0,0,0,0,0,0,0,0,66
2025-09-27T13:51:30.263Z,59.5,21.1,1.912,50.4,0,60.1,0,0,0,0,0,0,0,0,66
2025-09-27T13:51:31.261Z,59.4,21.1,1.912,49.6,0,60.1,0,0,0,0,0,0,0,0,66
2025-09-27T13:51:32.261Z,59.4,21.1,1.912,49.6,0,60.1,0,0,0,0,0,0,0,0,66
2025-09-27T13:51:33.265Z,59.5,21.1,1.912,50.4,0,60.1,0,0,0,0,0,0,0,0,66
2025-09-27T13:51:34.265Z,59.5,21.1,1.912,49.6,0,60.1,0,0,0,0,0,0,0,0,66
2025-09-27T13:51:35.264Z,59.5,21.1,1.912,50.4,0,60.1,0,0,0,0,0,0,0,0,66
2025-09-27T13:51:36.266Z,59.5,21.1,1.912,49.6,0,60.1,0,0,0,0,0,0,0,0,66
2025-09-27T13:51:37.271Z,59.5,21.1,1.912,50.4,0,60.1,0,0,0,0,0,0,0,0,66
2025-09-27T13:51:38.269Z,59.5,21.1,1.912,49.6,0,60.1,0,0,0,0,0,0,0,0,66
2025-09-27T13:51:39.272Z,59.4,21.1,1.912,50.4,0,60.1,0,0,0,0,0,0,0,0,66
2025-09-27T13:51:40.271Z,59.5,21.1,1.912,49.6,0,60.1,0,0,0,0,0,0,0,0,66
2025-09-27T13:51:41.272Z,59.5,21.1,1.912,49.6,0,60.1,0,0,0,0,0,0,0,0,66
2025-09-27T13:51:42.273Z,59.5,21.1,1.912,50.4,0,60.2,0,0,0,0,0,0,0,0,66
2025-09-27T13:51:43.273Z,59.5,21.1,1.912,49.6,0,60.2,0,0,0,0,0,0,0,0,66
2025-09-27T13:51:44.277Z,59.5,21.1,1.912,49.6,0,60.1,0,0,0,0,0,0,0,0,66
2025-09-27T13:51:45.273Z,59.5,21.1,1.912,50.4,0,60.2,0,0,0,0,0,0,0,0,66
2025-09-27T13:51:46.279Z,59.5,21.1,1.912,50.4,0,60.2,0,0,0,0,0,0,0,0,66
2025-09-27T13:51:47.278Z,59.5,21.1,1.912,49.6,0,60.1,0,0,0,0,0,0,0,0,66
2025-09-27T13:51:48.276Z,59.5,21.1,1.912,50.4,0,60.2,0,0,0,0,0,0,0,0,66
2025-09-27T13:51:49.280Z,59.5,21.1,1.912,49.6,0,60.1,0,0,0,0,0,0,0,0,66
2025-09-27T13:51:50.273Z,59.5,21.1,1.912,50.4,0,60.1,0,0,0,0,0,0,0,0,66
2025-09-27T13:51:51.278Z,59.5,21.1,1.912,49.6,0,60.2,0,0,0,0,0,0,0,0,66
2025-09-27T13:51:52.280Z,59.5,21.1,1.912,50.4,0,60.2,0,0,0,0,0,0,0,0,66
2025-09-27T13:51:53.275Z,59.5,21.1,1.912,49.6,0,60.1,0,0,0,0,0,0,0,0,66
2025-09-27T13:51:54.281Z,59.5,21.1,1.912,50.4,0,60.1,0,0,0,0,0,0,0,0,66
2025-09-27T13:51:55.282Z,59.5,21.1,1.912,49.6,0,60.1,0,0,0,0,0,0,0,0,66
2025-09-27T13:51:56.284Z,59.5,21.1,1.912,50.4,0,60.2,0,0,0,0,0,0,0,0,66
2025-09-27T13:51:57.281Z,59.5,21.1,1.912,50.4,0,60.1,0,0,0,0,0,0,0,0,66
2025-09-27T13:51:58.287Z,59.5,21.1,1.912,49.6,0,60.2,0,0,0,0,0,0,0,0,66
2025-09-27T13:51:59.286Z,59.5,21.1,1.912,50.4,0,60.1,0,0,0,0,0,0,0,0,66
2025-09-27T13:52:00.298Z,59.5,21.1,1.912,49.6,0,60.1,0,0,0,0,0,0,0,0,66
2025-09-27T13:52:01.290Z,59.5,21.1,1.912,50.4,0,60.1,0,0,0,0,0,0,0,0,66
2025-09-27T13:52:02.284Z,59.5,21.1,1.912,49.6,0,60.1,0,0,0,0,0,0,0,0,66
2025-09-27T13:52:03.293Z,59.5,21.1,1.912,50.4,0,60.1,0,0,0,0,0,0,0,0,66
2025-09-27T13:52:04.291Z,59.5,21.1,1.912,49.6,0,60.1,0,0,0,0,0,0,0,0,66
2025-09-27T13:52:05.293Z,59.5,21.1,1.912,50.4,0,60.1,0,0,0,0,0,0,0,0,66
2025-09-27T13:52:06.294Z,59.5,21.1,1.912,49.6,0,60.1,0,0,0,0,0,0,0,0,66
2025-09-27T13:52:07.290Z,59.5,21.1,1.912,50.4,0,60.1,0,0,0,0,0,0,0,0,66
2025-09-27T13:52:08.297Z,59.5,21.1,1.912,49.6,0,60.1,0,0,0,0,0,0,0,0,66
2025-09-27T13:52:09.295Z,59.5,21.1,1.912,50.4,0,60.1,0,0,0,0,0,0,0,0,66
2025-09-27T13:52:10.297Z,59.5,21.1,1.912,49.6,0,60.1,0,0,0,0,0,0,0,0,66
2025-09-27T13:52:11.301Z,59.5,21.1,1.912,50.4,0,60.1,0,0,0,0,0,0,0,0,66
2025-09-27T13:52:12.298Z,59.5,21.1,1.912,49.6,0,60.1,0,0,0,0,0,0,0,0,66
2025-09-27T13:52:13.294Z,59.5,21.1,1.912,50.4,0,60.1,0,0,0,0,0,0,0,0,66
2025-09-27T13:52:14.300Z,59.5,21.1,1.912,49.6,0,60.1,0,0,0,0,0,0,0,0,66
2025-09-27T13:52:15.298Z,59.5,21.1,1.912,50.4,0,60.1,0,0,0,0,0,0,0,0,66
2025-09-27T13:52:16.301Z,59.5,21.1,1.912,49.6,0,60.1,0,0,0,0,0,0,0,0,66
2025-09-27T13:52:17.305Z,59.5,21.1,1.912,50.4,0,60.1,0,0,0,0,0,0,0,0,66
2025-09-27T13:52:18.305Z,59.5,21.1,1.912,49.6,0,60.1,0,0,0,0,0,0,0,0,66
2025-09-27T13:52:19.305Z,59.5,21.1,1.912,50.4,0,60.1,0,0,0,0,0,0,0,0,66
2025-09-27T13:52:20.302Z,59.5,21.1,1.912,49.6,0,60.1,0,0,0,0,0,0,0,0,66
2025-09-27T13:52:21.300Z,59.5,21.1,1.912,50.4,0,60.1,0,0,0,0,0,0,0,0,66
2025-09-27T13:52:22.304Z,59.5,21.1,1.912,49.6,0,60.1,0,0,0,0,0,0,0,0,66
2025-09-27T13:52:23.308Z,59.5,21.1,1.912,50.4,0,60.1,0,0,0,0,0,0,0,0,66
2025-09-27T13:52:24.300Z,59.5,21.1,1.912,49.6,0,60.1,0,0,0,0,0,0,0,0,66
2025-09-27T13:52:25.308Z,59.5,21.1,1.912,49.6,0,60.1,0,0,0,0,0,0,0,0,66
2025-09-27T13:52:26.308Z,59.5,21.1,1.912,49.6,0,60.1,0,0,0,0,0,0,0,0,66
2025-09-27T13:52:27.306Z,59.5,21.1,1.912,50.4,0,60.1,0,0,0,0,0,0,0,0,66
2025-09-27T13:52:28.313Z,59.5,21.1,1.912,50.4,0,60.1,0,0,0,0,0,0,0,0,66
2025-09-27T13:52:29.316Z,59.5,21.1,1.912,49.6,0,60.1,0,0,0,0,0,0,0,0,66
2025-09-27T13:52:30.312Z,59.5,21.1,1.912,50.4,0,60.1,0,0,0,0,0,0,0,0,66
2025-09-27T13:52:31.322Z,59.5,21.1,1.912,49.6,0,60.1,0,0,0,0,0,0,0,0,66
2025-09-27T13:52:32.319Z,59.5,21.1,1.912,50.4,0,60.1,0,0,0,0,0,0,0,0,66
2025-09-27T13:52:33.318Z,59.5,21.1,1.912,49.6,0,60.1,0,0,0,0,0,0,0,0,66
2025-09-27T13:52:34.319Z,59.5,21.1,1.912,50.4,0,60.1,0,0,0,0,0,0,0,0,66
2025-09-27T13:52:35.322Z,59.5,21.1,1.912,49.6,0,60.1,0,0,0,0,0,0,0,0,66
2025-09-27T13:52:36.323Z,59.5,21.1,1.912,49.6,0,60.1,0,0,0,0,0,0,0,0,66
2025-09-27T13:52:37.321Z,59.6,21.1,1.912,49.6,0,60.1,0,0,0,0,0,0,0,0,66
2025-09-27T13:52:38.320Z,59.6,21.1,1.912,50.4,0,60.1,0,0,0,0,0,0,0,0,66
2025-09-27T13:52:39.327Z,59.6,21.1,1.911,49.6,0,60.1,0,0,0,0,0,0,0,0,66
2025-09-27T13:52:40.323Z,59.6,21.1,1.912,50.4,0,60.1,0,0,0,0,0,0,0,0,66
2025-09-27T13:52:41.327Z,59.6,21.1,1.912,49.6,0,60.1,0,0,0,0,0,0,0,0,66
2025-09-27T13:52:42.324Z,59.6,21.1,1.912,50.4,0,60.1,0,0,0,0,0,0,0,0,66
2025-09-27T13:52:43.324Z,59.6,21.1,1.912,49.6,0,60.1,0,0,0,0,0,0,0,0,66
2025-09-27T13:52:44.326Z,59.6,21.1,1.912,50.4,0,60.1,0,0,0,0,0,0,0,0,66
2025-09-27T13:52:45.330Z,59.6,21.1,1.912,49.6,0,60.1,0,0,0,0,0,0,0,0,66
2025-09-27T13:52:46.328Z,59.6,21.1,1.912,50.4,0,60.1,0,0,0,0,0,0,0,0,66
2025-09-27T13:52:47.327Z,59.6,21.1,1.912,49.6,0,60.1,0,0,0,0,0,0,0,0,66
2025-09-27T13:52:48.328Z,59.6,21.1,1.912,50.4,0,60.1,0,0,0,0,0,0,0,0,66
2025-09-27T13:52:49.334Z,59.6,21.1,1.912,49.6,0,60.1,0,0,0,0,0,0,0,0,66
2025-09-27T13:52:50.334Z,59.6,21.1,1.911,50.4,0,60.1,0,0,0,0,0,0,0,0,66
2025-09-27T13:52:51.333Z,59.6,21.1,1.912,49.6,0,60.1,0,0,0,0,0,0,0,0,66
2025-09-27T13:52:52.335Z,59.6,21.1,1.911,50.4,0,60.1,0,0,0,0,0,0,0,0,66
2025-09-27T13:52:53.336Z,59.6,21.1,1.911,49.6,0,60.1,0,0,0,0,0,0,0,0,66
2025-09-27T13:52:54.336Z,59.6,21.1,1.911,50.4,0,60.1,0,0,0,0,0,0,0,0,66
2025-09-27T13:52:55.340Z,59.6,21.1,1.911,49.6,0,60.1,0,0,0,0,0,0,0,0,66
2025-09-27T13:52:56.340Z,59.6,21.1,1.911,50.4,0,60.1,0,0,0,0,0,0,0,0,66
2025-09-27T13:52:57.342Z,59.6,21.1,1.911,49.6,0,60.1,0,0,0,0,0,0,0,0,66
2025-09-27T13:52:58.345Z,59.6,21.1,1.91,50.4,0,60.1,0,0,0,0,0,0,0,0,66
2025-09-27T13:52:59.346Z,59.6,21.1,1.91,49.6,0,60.1,0,0,0,0,0,0,0,0,66
2025-09-27T13:53:00.337Z,59.6,21.1,1.912,50.4,0,60.1,0,0,0,0,0,0,0,0,66
2025-09-27T13:53:01.343Z,59.6,21.1,1.91,49.6,0,60.1,0,0,0,0,0,0,0,0,66
2025-09-27T13:53:02.345Z,59.6,21.1,1.91,50.4,0,60.1,0,0,0,0,0,0,0,0,66
2025-09-27T13:53:03.345Z,59.6,21.1,1.91,49.6,0,60.1,0,0,0,0,0,0,0,0,66
2025-09-27T13:53:04.344Z,59.6,21.1,1.91,50.4,0,60.1,0,0,0,0,0,0,0,0,66
2025-09-27T13:53:05.339Z,59.6,21.1,1.911,49.6,0,60.1,0,0,0,0,0,0,0,0,66
2025-09-27T13:53:06.344Z,59.6,21.1,1.91,50.4,0,60.1,0,0,0,0,0,0,0,0,66
2025-09-27T13:53:07.349Z,59.7,21.1,1.91,49.6,0,60.1,0,0,0,0,0,0,0,0,66
2025-09-27T13:53:08.350Z,59.7,21.1,1.91,50.4,0,60.1,0,0,0,0,0,0,0,0,66
2025-09-27T13:53:09.348Z,59.7,21.1,1.91,49.6,0,60.1,0,0,0,0,0,0,0,0,66
2025-09-27T13:53:10.352Z,59.7,21.1,1.91,50.4,0,60.1,0,0,0,0,0,0,0,0,66
2025-09-27T13:53:11.352Z,59.7,21.1,1.91,49.6,0,60.1,0,0,0,0,0,0,0,0,66
2025-09-27T13:53:12.350Z,59.7,21.1,1.91,50.4,0,60.1,0,0,0,0,0,0,0,0,66
2025-09-27T13:53:13.348Z,59.7,21.1,1.91,49.6,0,60.1,0,0,0,0,0,0,0,0,66
2025-09-27T13:53:14.350Z,59.7,21.1,1.91,50.4,0,60.1,0,0,0,0,0,0,0,0,66
2025-09-27T13:53:15.352Z,59.7,21.1,1.91,49.6,0,60.1,0,0,0,0,0,0,0,0,66
2025-09-27T13:53:16.354Z,59.7,21.1,1.91,50.4,0,60.1,0,0,0,0,0,0,0,0,66
2025-09-27T13:53:17.355Z,59.7,21.1,1.91,49.6,0,60.1,0,0,0,0,0,0,0,0,66
2025-09-27T13:53:18.360Z,59.7,21.1,1.91,50.4,0,60.1,0,0,0,0,0,0,0,0,66
2025-09-27T13:53:19.363Z,59.7,21.1,1.91,49.6,0,60.1,0,0,0,0,0,0,0,0,66
2025-09-27T13:53:20.359Z,59.7,21.1,1.91,50.4,0,60.1,0,0,0,0,0,0,0,0,66
2025-09-27T13:53:21.356Z,59.7,21.1,1.91,49.6,0,60.1,0,0,0,0,0,0,0,0,66
2025-09-27T13:53:22.358Z,59.7,21.1,1.91,50.4,0,60.1,0,0,0,0,0,0,0,0,66
2025-09-27T13:53:23.357Z,59.7,21.1,1.91,49.6,0,60.1,0,0,0,0,0,0,0,0,66
2025-09-27T13:53:24.362Z,59.7,21.1,1.91,50.4,0,60.1,0,0,0,0,0,0,0,0,66
2025-09-27T13:53:25.361Z,59.7,21.1,1.91,49.6,0,60.1,0,0,0,0,0,0,0,0,66
2025-09-27T13:53:26.367Z,59.7,21.1,1.911,50.4,0,60.1,0,0,0,0,0,0,0,0,66
2025-09-27T13:53:27.366Z,59.7,21.1,1.911,49.6,0,60.1,0,0,0,0,0,0,0,0,66
2025-09-27T13:53:28.369Z,59.7,21.1,1.911,50.4,0,60.1,0,0,0,0,0,0,0,0,66
2025-09-27T13:53:29.363Z,59.7,21.1,1.91,49.6,0,60.1,0,0,0,0,0,0,0,0,66
2025-09-27T13:53:30.372Z,59.8,21.1,1.911,50.4,0,60.1,0,0,0,0,0,0,0,0,66
2025-09-27T13:53:31.371Z,59.8,21.1,1.911,49.6,0,60.1,0,0,0,0,0,0,0,0,66
2025-09-27T13:53:32.365Z,59.8,21.1,1.911,50.4,0,60.1,0,0,0,0,0,0,0,0,66
2025-09-27T13:53:33.374Z,59.8,21.1,1.911,49.6,0,60.1,0,0,0,0,0,0,0,0,66
2025-09-27T13:53:34.367Z,59.8,21.1,1.911,50.4,0,60.1,0,0,0,0,0,0,0,0,66
2025-09-27T13:53:35.370Z,59.8,21.1,1.911,49.6,0,60.1,0,0,0,0,0,0,0,0,66
2025-09-27T13:53:36.374Z,59.8,21.1,1.911,50.4,0,60.1,0,0,0,0,0,0,0,0,66
2025-09-27T13:53:37.373Z,59.8,21.1,1.911,49.6,0,60.1,0,0,0,0,0,0,0,0,66
2025-09-27T13:53:38.373Z,59.8,21.1,1.911,50.4,0,60.1,0,0,0,0,0,0,0,0,66
2025-09-27T13:53:39.372Z,59.8,21.1,1.911,49.6,0,60.1,0,0,0,0,0,0,0,0,66
2025-09-27T13:53:40.375Z,59.8,21.1,1.911,50.4,0,60.1,0,0,0,0,0,0,0,0,66
2025-09-27T13:53:41.383Z,59.8,21.1,1.911,49.6,0,60.1,0,0,0,0,0,0,0,0,66
2025-09-27T13:53:42.386Z,59.8,21.1,1.91,50.4,0,60.1,0,0,0,0,0,0,0,0,66
2025-09-27T13:53:43.387Z,59.8,21.1,1.91,49.6,0,60.1,0,0,0,0,0,0,0,0,66
2025-09-27T13:53:44.383Z,59.8,21.1,1.911,50.4,0,60.1,0,0,0,0,0,0,0,0,66
2025-09-27T13:53:45.377Z,59.8,21.1,1.911,49.6,0,60.1,0,0,0,0,0,0,0,0,66
2025-09-27T13:53:46.381Z,59.8,21.1,1.911,49.6,0,60.1,0,0,0,0,0,0,0,0,66
2025-09-27T13:53:47.383Z,59.8,21.1,1.911,49.6,0,60.1,0,0,0,0,0,0,0,0,66
2025-09-27T13:53:48.388Z,59.8,21.1,1.911,50.4,0,60.1,0,0,0,0,0,0,0,0,66
2025-09-27T13:53:49.383Z,59.8,21.1,1.911,49.6,0,60.1,0,0,0,0,0,0,0,0,66
2025-09-27T13:53:50.381Z,59.8,21.1,1.91,50.4,0,60.1,0,0,0,0,0,0,0,0,66
2025-09-27T13:53:51.383Z,59.9,21.1,1.911,49.6,0,60.1,0,0,0,0,0,0,0,0,66
2025-09-27T13:53:52.387Z,59.9,21.1,1.91,50.4,0,60.1,0,0,0,0,0,0,0,0,66
2025-09-27T13:53:53.383Z,59.9,21.1,1.91,49.6,0,60.1,0,0,0,0,0,0,0,0,66
2025-09-27T13:53:54.383Z,59.9,21.1,1.911,50.4,0,60.1,0,0,0,0,0,0,0,0,66
2025-09-27T13:53:55.392Z,59.9,21.1,1.909,49.6,0,60.1,0,0,0,0,0,0,0,0,66
2025-09-27T13:53:56.391Z,59.9,21.1,1.909,50.4,0,60.1,0,0,0,0,0,0,0,0,66
2025-09-27T13:53:57.386Z,59.9,21.1,1.91,49.6,0,60.1,0,0,0,0,0,0,0,0,66
2025-09-27T13:53:58.392Z,59.9,21.1,1.909,49.6,0,60.1,0,0,0,0,0,0,0,0,66
2025-09-27T13:53:59.394Z,59.9,21.1,1.909,49.6,0,60.1,0,0,0,0,0,0,0,0,66
2025-09-27T13:54:00.389Z,59.9,21.1,1.91,50.4,0,60.1,0,0,0,0,0,0,0,0,66
2025-09-27T13:54:01.389Z,59.9,21.1,1.91,49.6,0,60.1,0,0,0,0,0,0,0,0,66
2025-09-27T13:54:02.395Z,59.9,21.1,1.909,50.4,0,60.1,0,0,0,0,0,0,0,0,66
2025-09-27T13:54:03.393Z,59.9,21.1,1.91,49.6,0,60.1,0,0,0,0,0,0,0,0,66
2025-09-27T13:54:04.395Z,59.9,21.1,1.909,50.4,0,60.1,0,0,0,0,0,0,0,0,66
2025-09-27T13:54:05.397Z,59.9,21.1,1.909,49.6,0,60.1,0,0,0,0,0,0,0,0,66
2025-09-27T13:54:06.405Z,59.9,21.1,1.909,50.4,0,60.1,0,0,0,0,0,0,0,0,66
2025-09-27T13:54:07.398Z,60,21.1,1.909,49.6,0,60.1,0,0,0,0,0,0,0,0,66
2025-09-27T13:54:08.401Z,60,21.1,1.909,50.4,0,60.1,0,0,0,0,0,0,0,0,66
2025-09-27T13:54:09.403Z,60,21.1,1.909,49.6,0,60.1,0,0,0,0,0,0,0,0,66
2025-09-27T13:54:10.401Z,60,21.1,1.909,50.4,0,60.1,0,0,0,0,0,0,0,0,66
2025-09-27T13:54:11.404Z,60,21.1,1.909,49.6,0,60.1,0,0,0,0,0,0,0,0,66
2025-09-27T13:54:12.402Z,60,21.1,1.909,50.4,0,60.1,0,0,0,0,0,0,0,0,66
2025-09-27T13:54:13.405Z,60,21.1,1.909,49.6,0,60.1,0,0,0,0,0,0,0,0,66
2025-09-27T13:54:14.406Z,60,21.1,1.909,50.4,0,60.1,0,0,0,0,0,0,0,0,66
2025-09-27T13:54:15.405Z,60,21.1,1.909,49.6,0,60.1,0,0,0,0,0,0,0,0,66
2025-09-27T13:54:16.408Z,60,21.1,1.909,50.4,0,60.1,0,0,0,0,0,0,0,0,66
2025-09-27T13:54:17.415Z,60,21.1,1.909,49.6,0,60.1,0,0,0,0,0,0,0,0,66
2025-09-27T13:54:18.410Z,60,21.1,1.909,49.6,0,60.1,0,0,0,0,0,0,0,0,66
2025-09-27T13:54:19.409Z,60,21.1,1.909,49.6,0,60.1,0,0,0,0,0,0,0,0,66
2025-09-27T13:54:20.410Z,60,21.1,1.909,50.4,0,60.1,0,0,0,0,0,0,0,0,66
2025-09-27T13:54:21.409Z,60,21.1,1.909,49.6,0,60.1,0,0,0,0,0,0,0,0,66
2025-09-27T13:54:22.413Z,60,21.1,1.909,50.4,0,60.1,0,0,0,0,0,0,0,0,66
2025-09-27T13:54:23.410Z,60,21.1,1.909,49.6,0,60.1,0,0,0,0,0,0,0,0,66
2025-09-27T13:54:24.413Z,60.1,21.1,1.909,50.4,0,60.1,0,0,0,0,0,0,0,0,66
2025-09-27T13:54:25.413Z,60.1,21.1,1.909,49.6,0,60.1,0,0,0,0,0,0,0,0,66
2025-09-27T13:54:26.417Z,60.1,21.1,1.909,50.4,0,60.1,0,0,0,0,0,0,0,0,66
2025-09-27T13:54:27.416Z,60.1,21.1,1.909,49.6,0,60.1,0,0,0,0,0,0,0,0,66
2025-09-27T13:54:28.418Z,60.1,21.1,1.909,50.4,0,60.1,0,0,0,0,0,0,0,0,66
2025-09-27T13:54:29.417Z,60.1,21.1,1.909,49.6,0,60.1,0,0,0,0,0,0,0,0,66
2025-09-27T13:54:30.418Z,60.1,21.1,1.909,50.4,0,60.1,0,0,0,0,0,0,0,0,66
2025-09-27T13:54:31.422Z,60.1,21.1,1.909,49.6,0,60.1,0,0,0,0,0,0,0,0,66
2025-09-27T13:54:32.423Z,60.1,21.1,1.909,50.4,0,60.1,0,0,0,0,0,0,0,0,66
2025-09-27T13:54:33.420Z,60.1,21.1,1.909,49.6,0,60.1,0,0,0,0,0,0,0,0,66
2025-09-27T13:54:34.424Z,60.1,21.1,1.909,50.4,0,60.1,0,0,0,0,0,0,0,0,66
2025-09-27T13:54:35.424Z,60.1,21.1,1.909,49.6,0,60.1,0,0,0,0,0,0,0,0,66
2025-09-27T13:54:36.424Z,60.1,21.1,1.909,50.4,0,60.1,0,0,0,0,0,0,0,0,66
2025-09-27T13:54:37.426Z,60.1,21.1,1.909,49.6,0,60.1,0,0,0,0,0,0,0,0,66
2025-09-27T13:54:38.426Z,60.1,21.1,1.909,49.6,0,60,0,0,0,0,0,0,0,0,66
2025-09-27T13:54:39.426Z,60.2,21.1,1.909,49.6,0,60.1,0,0,0,0,0,0,0,0,66
2025-09-27T13:54:40.433Z,60.2,21.1,1.909,50.4,0,60,0,0,0,0,0,0,0,0,66
2025-09-27T13:54:41.430Z,60.2,21.1,1.909,49.6,0,60.1,0,0,0,0,0,0,0,0,66
2025-09-27T13:54:42.429Z,60.2,21.1,1.909,50.4,0,60,0,0,0,0,0,0,0,0,66
2025-09-27T13:54:43.432Z,60.2,21.1,1.909,49.6,0,60,0,0,0,0,0,0,0,0,66
2025-09-27T13:54:44.435Z,60.2,21.1,1.909,50.4,0,60.1,0,0,0,0,0,0,0,0,66
2025-09-27T13:54:45.438Z,60.2,21.1,1.909,49.6,0,60.1,0,0,0,0,0,0,0,0,66
2025-09-27T13:54:46.435Z,60.2,21.1,1.909,50.4,0,60.1,0,0,0,0,0,0,0,0,66
2025-09-27T13:54:47.438Z,60.2,21.1,1.909,49.6,0,60.1,0,0,0,0,0,0,0,0,66
2025-09-27T13:54:48.439Z,60.2,21.1,1.909,50.4,0,60.1,0,0,0,0,0,0,0,0,66
2025-09-27T13:54:49.435Z,60.2,21.1,1.909,49.6,0,60.1,0,0,0,0,0,0,0,0,66
2025-09-27T13:54:50.435Z,60.2,21.1,1.907,49.6,0,60.1,0,0,0,0,0,0,0,0,66
2025-09-27T13:54:51.439Z,60.2,21.1,1.909,49.6,0,60.1,0,0,0,0,0,0,0,0,66
2025-09-27T13:54:52.436Z,60.2,21.1,1.909,49.6,0,60.1,0,0,0,0,0,0,0,0,66
2025-09-27T13:54:53.436Z,60.2,21.1,1.907,50.4,0,60.1,0,0,0,0,0,0,0,0,66
2025-09-27T13:54:54.437Z,60.2,21.1,1.909,49.6,0,60.1,0,0,0,0,0,0,0,0,66
2025-09-27T13:54:55.440Z,60.3,21.1,1.907,50.4,0,60.1,0,0,0,0,0,0,0,0,66
2025-09-27T13:54:56.442Z,60.3,21.1,1.907,49.6,0,60.1,0,0,0,0,0,0,0,0,66
2025-09-27T13:54:57.448Z,60.3,21.1,1.906,50.4,0,60.1,0,0,0,0,0,0,0,0,66
2025-09-27T13:54:58.452Z,60.3,21.1,1.906,49.6,0,60.1,0,0,0,0,0,0,0,0,66
2025-09-27T13:54:59.447Z,60.3,21.1,1.909,49.6,0,60.1,0,0,0,0,0,0,0,0,66
2025-09-27T13:55:00.448Z,60.3,21.1,1.907,50.4,0,60.1,0,0,0,0,0,0,0,0,66
2025-09-27T13:55:01.447Z,60.3,21.1,1.907,49.6,0,60,0,0,0,0,0,0,0,0,66
2025-09-27T13:55:02.448Z,60.3,21.1,1.907,50.4,0,60.1,0,0,0,0,0,0,0,0,66
2025-09-27T13:55:03.448Z,60.3,21.1,1.907,49.6,0,60.1,0,0,0,0,0,0,0,0,66
2025-09-27T13:55:04.450Z,60.3,21.1,1.907,50.4,0,60.1,0,0,0,0,0,0,0,0,66
2025-09-27T13:55:05.451Z,60.3,21.1,1.907,49.6,0,60.1,0,0,0,0,0,0,0,0,66
2025-09-27T13:55:06.456Z,60.3,21.1,1.906,49.6,0,60.1,0,0,0,0,0,0,0,0,66
2025-09-27T13:55:07.452Z,60.3,21.1,1.907,50.4,0,60.1,0,0,0,0,0,0,0,0,66
2025-09-27T13:55:08.457Z,60.3,21.1,1.906,50.4,0,60.1,0,0,0,0,0,0,0,0,66
2025-09-27T13:55:09.454Z,60.3,21.1,1.907,49.6,0,60.1,0,0,0,0,0,0,0,0,66
2025-09-27T13:55:10.457Z,60.4,21.1,1.906,50.4,0,60.1,0,0,0,0,0,0,0,0,66
2025-09-27T13:55:11.461Z,60.4,21.1,1.906,49.6,0,60.1,0,0,0,0,0,0,0,0,66
2025-09-27T13:55:12.460Z,60.4,21.1,1.906,50.4,0,60.1,0,0,0,0,0,0,0,0,66
2025-09-27T13:55:13.462Z,60.4,21.1,1.906,49.6,0,60.1,0,0,0,0,0,0,0,0,66
2025-09-27T13:55:14.467Z,60.4,21.1,1.906,50.4,0,60.1,0,0,0,0,0,0,0,0,66
2025-09-27T13:55:15.463Z,60.4,21.1,1.906,49.6,0,60.1,0,0,0,0,0,0,0,0,66
2025-09-27T13:55:16.462Z,60.4,21.1,1.906,50.4,0,60,0,0,0,0,0,0,0,0,66
2025-09-27T13:55:17.467Z,60.4,21.1,1.906,49.6,0,60,0,0,0,0,0,0,0,0,66
2025-09-27T13:55:18.466Z,60.4,21.1,1.906,50.4,0,60,0,0,0,0,0,0,0,0,66
2025-09-27T13:55:19.465Z,60.4,21.1,1.906,49.6,0,60,0,0,0,0,0,0,0,0,66
2025-09-27T13:55:20.465Z,60.4,21.1,1.906,50.4,0,60.1,0,0,0,0,0,0,0,0,66
2025-09-27T13:55:21.469Z,60.4,21.1,1.906,49.6,0,60.1,0,0,0,0,0,0,0,0,66
2025-09-27T13:55:22.467Z,60.4,21.1,1.906,50.4,0,60,0,0,0,0,0,0,0,0,66
2025-09-27T13:55:23.470Z,60.4,21.1,1.906,49.6,0,60,0,0,0,0,0,0,0,0,66
2025-09-27T13:55:24.468Z,60.5,21.1,1.906,50.4,0,60,0,0,0,0,0,0,0,0,66
2025-09-27T13:55:25.471Z,60.5,21.1,1.906,49.6,0,60,0,0,0,0,0,0,0,0,66
2025-09-27T13:55:26.472Z,60.5,21.1,1.906,50.4,0,60,0,0,0,0,0,0,0,0,66
2025-09-27T13:55:27.474Z,60.5,21.1,1.906,49.6,0,60,0,0,0,0,0,0,0,0,66
2025-09-27T13:55:28.476Z,60.5,21.1,1.906,50.4,0,60,0,0,0,0,0,0,0,0,66
2025-09-27T13:55:29.473Z,60.5,21.1,1.906,49.6,0,60,0,0,0,0,0,0,0,0,66
2025-09-27T13:55:30.476Z,60.5,21.1,1.906,50.4,0,60,0,0,0,0,0,0,0,0,66
2025-09-27T13:55:31.477Z,60.5,21.1,1.906,49.6,0,60,0,0,0,0,0,0,0,0,66
2025-09-27T13:55:32.480Z,60.5,21.1,1.906,50.4,0,60,0,0,0,0,0,0,0,0,66
2025-09-27T13:55:33.476Z,60.5,21.1,1.906,49.6,0,60,0,0,0,0,0,0,0,0,66
2025-09-27T13:55:34.482Z,60.5,21.1,1.906,50.4,0,60,0,0,0,0,0,0,0,0,66
2025-09-27T13:55:35.478Z,60.5,21.1,1.906,49.6,0,60,0,0,0,0,0,0,0,0,66
2025-09-27T13:55:36.481Z,60.5,21.1,1.906,50.4,0,60,0,0,0,0,0,0,0,0,66
2025-09-27T13:55:37.485Z,60.5,21.1,1.906,49.6,0,60,0,0,0,0,0,0,0,0,66
2025-09-27T13:55:38.482Z,60.5,21.1,1.906,50.4,0,60,0,0,0,0,0,0,0,0,66
2025-09-27T13:55:39.483Z,60.5,21.1,1.906,49.6,0,60,0,0,0,0,0,0,0,0,66
2025-09-27T13:55:40.483Z,60.5,21.1,1.906,50.4,0,60,0,0,0,0,0,0,0,0,66
2025-09-27T13:55:41.485Z,60.6,21.1,1.906,49.6,0,60,0,0,0,0,0,0,0,0,66
2025-09-27T13:55:42.483Z,60.6,21.1,1.906,49.6,0,60,0,0,0,0,0,0,0,0,66
2025-09-27T13:55:43.489Z,60.6,21.1,1.906,50.4,0,60,0,0,0,0,0,0,0,0,66
2025-09-27T13:55:44.496Z,60.6,21.1,1.906,49.6,0,60,0,0,0,0,0,0,0,0,66
2025-09-27T13:55:45.491Z,60.6,21.1,1.906,50.4,0,60,0,0,0,0,0,0,0,0,66
2025-09-27T13:55:46.489Z,60.6,21.1,1.905,49.6,0,60,0,0,0,0,0,0,0,0,66
2025-09-27T13:55:47.494Z,60.6,21.1,1.906,50.4,0,60,0,0,0,0,0,0,0,0,66
2025-09-27T13:55:48.500Z,60.6,21.1,1.906,49.6,0,60,0,0,0,0,0,0,0,0,66
2025-09-27T13:55:49.495Z,60.6,21.1,1.906,50.4,0,60,0,0,0,0,0,0,0,0,66
2025-09-27T13:55:50.501Z,60.6,21.1,1.906,49.6,0,60,0,0,0,0,0,0,0,0,66
2025-09-27T13:55:51.494Z,60.6,21.1,1.906,50.4,0,60,0,0,0,0,0,0,0,0,66
2025-09-27T13:55:52.496Z,60.6,21.1,1.906,49.6,0,60,0,0,0,0,0,0,0,0,66
2025-09-27T13:55:53.496Z,60.6,21.1,1.906,50.4,0,60,0,0,0,0,0,0,0,0,66
2025-09-27T13:55:54.500Z,60.6,21.1,1.906,49.6,0,60,0,0,0,0,0,0,0,0,66
2025-09-27T13:55:55.497Z,60.6,21.1,1.906,50.4,0,60,0,0,0,0,0,0,0,0,66
2025-09-27T13:55:56.500Z,60.6,21.1,1.906,49.6,0,60,0,0,0,0,0,0,0,0,66
2025-09-27T13:55:57.504Z,60.6,21.1,1.906,50.4,0,60,0,0,0,0,0,0,0,0,66
2025-09-27T13:55:58.504Z,60.6,21.1,1.906,49.6,0,60,0,0,0,0,0,0,0,0,66
2025-09-27T13:55:59.504Z,60.6,21.1,1.906,50.4,0,60,0,0,0,0,0,0,0,0,66
2025-09-27T13:56:00.509Z,60.7,21.1,1.906,49.6,0,60,0,0,0,0,0,0,0,0,66
2025-09-27T13:56:01.505Z,60.7,21.1,1.906,50.4,0,60,0,0,0,0,0,0,0,0,66
2025-09-27T13:56:02.504Z,60.7,21.1,1.906,49.6,0,60,0,0,0,0,0,0,0,0,66
2025-09-27T13:56:03.506Z,60.7,21.1,1.906,50.4,0,60,0,0,0,0,0,0,0,0,66
2025-09-27T13:56:04.508Z,60.7,21.1,1.906,49.6,0,60,0,0,0,0,0,0,0,0,66
2025-09-27T13:56:05.510Z,60.7,21.1,1.906,50.4,0,60,0,0,0,0,0,0,0,0,66
2025-09-27T13:56:06.513Z,60.7,21.1,1.906,49.6,0,60,0,0,0,0,0,0,0,0,66
2025-09-27T13:56:07.515Z,60.7,21.1,1.906,50.4,0,60,0,0,0,0,0,0,0,0,66
2025-09-27T13:56:08.516Z,60.7,21.1,1.906,49.6,0,60,0,0,0,0,0,0,0,0,66
2025-09-27T13:56:09.513Z,60.7,21.1,1.906,50.4,0,60,0,0,0,0,0,0,0,0,66
2025-09-27T13:56:10.513Z,60.7,21.1,1.906,49.6,0,60,0,0,0,0,0,0,0,0,66
2025-09-27T13:56:11.518Z,60.7,21.1,1.906,50.4,0,60,0,0,0,0,0,0,0,0,66
2025-09-27T13:56:12.523Z,60.7,21.1,1.905,49.6,0,60,0,0,0,0,0,0,0,0,66
2025-09-27T13:56:13.513Z,60.7,21.1,1.906,50.4,0,60,0,0,0,0,0,0,0,0,66
2025-09-27T13:56:14.522Z,60.7,21.1,1.905,49.6,0,60,0,0,0,0,0,0,0,0,66
2025-09-27T13:56:15.517Z,60.7,21.1,1.906,49.6,0,60,0,0,0,0,0,0,0,0,66
2025-09-27T13:56:16.519Z,60.7,21.1,1.906,50.4,0,60,0,0,0,0,0,0,0,0,66
2025-09-27T13:56:17.520Z,60.7,21.1,1.906,49.6,0,60,0,0,0,0,0,0,0,0,66
2025-09-27T13:56:18.518Z,60.7,21.1,1.906,49.6,0,60,0,0,0,0,0,0,0,0,66
2025-09-27T13:56:19.522Z,60.7,21.1,1.905,49.6,0,60,0,0,0,0,0,0,0,0,66
2025-09-27T13:56:20.521Z,60.7,21.1,1.905,50.4,0,60,0,0,0,0,0,0,0,0,66
2025-09-27T13:56:21.523Z,60.8,21.1,1.905,49.6,0,60,0,0,0,0,0,0,0,0,66
2025-09-27T13:56:22.528Z,60.8,21.1,1.905,50.4,0,60,0,0,0,0,0,0,0,0,66
2025-09-27T13:56:23.524Z,60.8,21.1,1.905,49.6,0,60,0,0,0,0,0,0,0,0,66
2025-09-27T13:56:24.523Z,60.8,21.1,1.906,50.4,0,60,0,0,0,0,0,0,0,0,66
2025-09-27T13:56:25.529Z,60.8,21.1,1.905,49.6,0,60,0,0,0,0,0,0,0,0,66
2025-09-27T13:56:26.530Z,60.8,21.1,1.905,50.4,0,60,0,0,0,0,0,0,0,0,66
2025-09-27T13:56:27.531Z,60.8,21.1,1.905,49.6,0,60,0,0,0,0,0,0,0,0,66
2025-09-27T13:56:28.529Z,60.8,21.1,1.905,50.4,0,60,0,0,0,0,0,0,0,0,66
2025-09-27T13:56:29.533Z,60.8,21.1,1.905,49.6,0,60,0,0,0,0,0,0,0,0,66
2025-09-27T13:56:30.530Z,60.8,21.1,1.905,50.4,0,60,0,0,0,0,0,0,0,0,66
2025-09-27T13:56:31.531Z,60.8,21.1,1.905,49.6,0,60,0,0,0,0,0,0,0,0,66
2025-09-27T13:56:32.537Z,60.8,21.1,1.905,49.6,0,60,0,0,0,0,0,0,0,0,66
2025-09-27T13:56:33.534Z,60.8,21.1,1.905,49.6,0,60,0,0,0,0,0,0,0,0,66
2025-09-27T13:56:34.534Z,60.8,21.1,1.905,49.6,0,60,0,0,0,0,0,0,0,0,66
2025-09-27T13:56:35.534Z,60.8,21.1,1.905,50.4,0,60,0,0,0,0,0,0,0,0,66
2025-09-27T13:56:36.540Z,60.8,21.1,1.905,49.6,0,60,0,0,0,0,0,0,0,0,66
2025-09-27T13:56:37.538Z,60.8,21.1,1.905,49.6,0,60,0,0,0,0,0,0,0,0,66
2025-09-27T13:56:38.542Z,60.8,21.1,1.905,50.4,0,60,0,0,0,0,0,0,0,0,66
2025-09-27T13:56:39.540Z,60.8,21.1,1.905,49.6,0,60,0,0,0,0,0,0,0,0,66
2025-09-27T13:56:40.541Z,60.8,21.1,1.905,50.4,0,60,0,0,0,0,0,0,0,0,66
2025-09-27T13:56:41.546Z,60.8,21.1,1.905,50.4,0,60,0,0,0,0,0,0,0,0,66
2025-09-27T13:56:42.542Z,60.8,21.1,1.904,49.6,0,60,0,0,0,0,0,0,0,0,66
2025-09-27T13:56:43.544Z,60.8,21.1,1.905,50.4,0,60,0,0,0,0,0,0,0,0,66
2025-09-27T13:56:44.541Z,60.8,21.1,1.905,49.6,0,60,0,0,0,0,0,0,0,0,66
2025-09-27T13:56:45.545Z,60.8,21.1,1.905,50.4,0,60,0,0,0,0,0,0,0,0,66
2025-09-27T13:56:46.547Z,60.9,21.1,1.904,49.6,0,60,0,0,0,0,0,0,0,0,66
2025-09-27T13:56:47.546Z,60.8,21.1,1.905,50.4,0,60,0,0,0,0,0,0,0,0,66
2025-09-27T13:56:48.554Z,60.8,21.1,1.905,49.6,0,60,0,0,0,0,0,0,0,0,66
2025-09-27T13:56:49.548Z,60.8,21.1,1.904,50.4,0,60,0,0,0,0,0,0,0,0,66
2025-09-27T13:56:50.546Z,60.9,21.1,1.904,49.6,0,60,0,0,0,0,0,0,0,0,66
2025-09-27T13:56:51.548Z,60.9,21.1,1.904,49.6,0,60,0,0,0,0,0,0,0,0,66
2025-09-27T13:56:52.548Z,60.9,21.1,1.904,49.6,0,60,0,0,0,0,0,0,0,0,66
2025-09-27T13:56:53.552Z,60.9,21.1,1.904,49.6,0,60,0,0,0,0,0,0,0,0,66
2025-09-27T13:56:54.551Z,60.9,21.1,1.904,50.4,0,60,0,0,0,0,0,0,0,0,66
2025-09-27T13:56:55.553Z,60.9,21.1,1.904,50.4,0,60,0,0,0,0,0,0,0,0,66
2025-09-27T13:56:56.554Z,60.9,21.1,1.904,49.6,0,60,0,0,0,0,0,0,0,0,66
2025-09-27T13:56:57.553Z,60.9,21.1,1.904,50.4,0,60,0,0,0,0,0,0,0,0,66
2025-09-27T13:56:58.553Z,60.9,21.1,1.904,49.6,0,60,0,0,0,0,0,0,0,0,66
2025-09-27T13:56:59.556Z,60.9,21.1,1.905,50.4,0,60,0,0,0,0,0,0,0,0,66
2025-09-27T13:57:00.556Z,60.9,21.1,1.904,49.6,0,60,0,0,0,0,0,0,0,0,66
2025-09-27T13:57:01.560Z,60.9,21.1,1.905,50.4,0,60,0,0,0,0,0,0,0,0,66
2025-09-27T13:57:02.560Z,60.9,21.1,1.905,49.6,0,60,0,0,0,0,0,0,0,0,66
2025-09-27T13:57:03.558Z,60.9,21.1,1.904,50.4,0,60,0,0,0,0,0,0,0,0,66
2025-09-27T13:57:04.561Z,60.9,21.1,1.905,50.4,0,60,0,0,0,0,0,0,0,0,66
2025-09-27T13:57:05.560Z,60.9,21.1,1.904,49.6,0,60,0,0,0,0,0,0,0,0,66
2025-09-27T13:57:06.566Z,60.9,21.1,1.905,49.6,0,60,0,0,0,0,0,0,0,0,66
2025-09-27T13:57:07.569Z,60.9,21.1,1.905,49.6,0,60,0,0,0,0,0,0,0,0,66
2025-09-27T13:57:08.566Z,60.9,21.1,1.905,50.4,0,60,0,0,0,0,0,0,0,0,66
2025-09-27T13:57:09.565Z,60.9,21.1,1.905,49.6,0,60,0,0,0,0,0,0,0,0,66
2025-09-27T13:57:10.568Z,60.9,21.1,1.905,50.4,0,60,0,0,0,0,0,0,0,0,66
2025-09-27T13:57:11.567Z,60.9,21.1,1.904,50.4,0,60,0,0,0,0,0,0,0,0,66
2025-09-27T13:57:12.570Z,60.9,21.1,1.905,49.6,0,60,0,0,0,0,0,0,0,0,66
2025-09-27T13:57:13.574Z,60.9,21.1,1.905,50.4,0,60,0,0,0,0,0,0,0,0,66
2025-09-27T13:57:14.576Z,60.9,21.1,1.905,49.6,0,60,0,0,0,0,0,0,0,0,66
2025-09-27T13:57:15.571Z,60.9,21.1,1.905,50.4,0,60,0,0,0,0,0,0,0,0,66
2025-09-27T13:57:16.574Z,60.9,21.1,1.905,49.6,0,60,0,0,0,0,0,0,0,0,66
2025-09-27T13:57:17.575Z,60.9,21.1,1.905,50.4,0,60,0,0,0,0,0,0,0,0,66
2025-09-27T13:57:18.574Z,60.9,21.1,1.905,49.6,0,60,0,0,0,0,0,0,0,0,66
2025-09-27T13:57:19.575Z,60.9,21.1,1.905,49.6,0,60,0,0,0,0,0,0,0,0,66
2025-09-27T13:57:20.576Z,60.9,21.1,1.905,49.6,0,60,0,0,0,0,0,0,0,0,66
2025-09-27T13:57:21.576Z,60.9,21.1,1.905,50.4,0,60,0,0,0,0,0,0,0,0,66
2025-09-27T13:57:22.583Z,60.9,21.1,1.904,49.6,0,60,0,0,0,0,0,0,0,0,66
2025-09-27T13:57:23.577Z,60.9,21.1,1.905,49.6,0,60,0,0,0,0,0,0,0,0,66
2025-09-27T13:57:24.580Z,60.9,21.1,1.905,50.4,0,60,0,0,0,0,0,0,0,0,66
2025-09-27T13:57:25.577Z,60.9,21.1,1.905,49.6,0,60,0,0,0,0,0,0,0,0,66
2025-09-27T13:57:26.582Z,60.9,21.1,1.905,49.6,0,60,0,0,0,0,0,0,0,0,66
2025-09-27T13:57:27.581Z,60.9,21.1,1.905,50.4,0,60,0,0,0,0,0,0,0,0,66
2025-09-27T13:57:28.586Z,60.9,21.1,1.904,49.6,0,60,0,0,0,0,0,0,0,0,66
2025-09-27T13:57:29.585Z,60.9,21.1,1.904,49.6,0,60,0,0,0,0,0,0,0,0,66
2025-09-27T13:57:30.585Z,60.9,21.1,1.904,50.4,0,60,0,0,0,0,0,0,0,0,66
2025-09-27T13:57:31.588Z,60.9,21.1,1.904,49.6,0,60,0,0,0,0,0,0,0,0,66
2025-09-27T13:57:32.588Z,60.9,21.1,1.904,49.6,0,60,0,0,0,0,0,0,0,0,66
2025-09-27T13:57:33.588Z,60.9,21.1,1.904,50.4,0,60,0,0,0,0,0,0,0,0,66
2025-09-27T13:57:34.588Z,60.9,21.1,1.904,50.4,0,60,0,0,0,0,0,0,0,0,66
2025-09-27T13:57:35.588Z,60.9,21.1,1.904,49.6,0,60,0,0,0,0,0,0,0,0,66
2025-09-27T13:57:36.594Z,60.9,21.1,1.904,50.4,0,60,0,0,0,0,0,0,0,0,66
2025-09-27T13:57:37.589Z,60.9,21.1,1.905,49.6,0,60,0,0,0,0,0,0,0,0,66
2025-09-27T13:57:38.593Z,60.9,21.1,1.904,49.6,0,60,0,0,0,0,0,0,0,0,66
2025-09-27T13:57:39.594Z,60.9,21.1,1.904,50.4,0,60,0,0,0,0,0,0,0,0,66
2025-09-27T13:57:40.596Z,60.9,21.1,1.904,50.4,0,60,0,0,0,0,0,0,0,0,66
2025-09-27T13:57:41.595Z,60.9,21.1,1.904,49.6,0,60,0,0,0,0,0,0,0,0,66
2025-09-27T13:57:42.598Z,60.9,21.1,1.904,50.4,0,60,0,0,0,0,0,0,0,0,66
2025-09-27T13:57:43.602Z,60.9,21.1,1.904,49.6,0,60,0,0,0,0,0,0,0,0,66
2025-09-27T13:57:44.600Z,60.9,21.1,1.904,50.4,0,60,0,0,0,0,0,0,0,0,66
2025-09-27T13:57:45.604Z,60.9,21.1,1.904,49.6,0,60,0,0,0,0,0,0,0,0,66
2025-09-27T13:57:46.598Z,60.9,21.1,1.904,49.6,0,60,0,0,0,0,0,0,0,0,66
2025-09-27T13:57:47.604Z,60.9,21.1,1.904,50.4,0,60,0,0,0,0,0,0,0,0,66
2025-09-27T13:57:48.603Z,60.9,21.1,1.904,49.6,0,60,0,0,0,0,0,0,0,0,66
2025-09-27T13:57:49.602Z,60.9,21.1,1.904,49.6,0,60,0,0,0,0,0,0,0,0,66
2025-09-27T13:57:50.609Z,60.9,21.1,1.904,50.4,0,60,0,0,0,0,0,0,0,0,66
2025-09-27T13:57:51.608Z,60.9,21.1,1.904,50.4,0,60,0,0,0,0,0,0,0,0,66
2025-09-27T13:57:52.605Z,60.9,21.1,1.904,49.6,0,60,0,0,0,0,0,0,0,0,66
2025-09-27T13:57:53.607Z,60.9,21.1,1.904,50.4,0,60,0,0,0,0,0,0,0,0,66
2025-09-27T13:57:54.603Z,60.9,21.1,1.904,50.4,0,60,0,0,0,0,0,0,0,0,66
2025-09-27T13:57:55.610Z,60.9,21.1,1.904,49.6,0,60,0,0,0,0,0,0,0,0,66
2025-09-27T13:57:56.608Z,60.9,21.1,1.904,50.4,0,60,0,0,0,0,0,0,0,0,66
2025-09-27T13:57:57.608Z,60.9,21.1,1.904,49.6,0,60,0,0,0,0,0,0,0,0,66
2025-09-27T13:57:58.608Z,60.9,21.1,1.904,50.4,0,60,0,0,0,0,0,0,0,0,66
2025-09-27T13:57:59.609Z,60.9,21.1,1.904,49.6,0,60,0,0,0,0,0,0,0,0,66
2025-09-27T13:58:00.613Z,60.9,21.1,1.904,49.6,0,60,0,0,0,0,0,0,0,0,66
2025-09-27T13:58:01.611Z,60.9,21.1,1.904,50.4,0,60,0,0,0,0,0,0,0,0,66
2025-09-27T13:58:02.615Z,60.9,21.1,1.904,49.6,0,60,0,0,0,0,0,0,0,0,66
2025-09-27T13:58:03.616Z,60.9,21.1,1.904,50.4,0,60,0,0,0,0,0,0,0,0,66
2025-09-27T13:58:04.616Z,60.9,21.1,1.904,50.4,0,60,0,0,0,0,0,0,0,0,66
2025-09-27T13:58:05.617Z,60.9,21.1,1.904,49.6,0,60,0,0,0,0,0,0,0,0,66
2025-09-27T13:58:06.624Z,60.9,21.1,1.905,50.4,0,60,0,0,0,0,0,0,0,0,66
2025-09-27T13:58:07.617Z,60.9,21.1,1.904,49.6,0,60,0,0,0,0,0,0,0,0,66
2025-09-27T13:58:08.618Z,60.9,21.1,1.904,50.4,0,60,0,0,0,0,0,0,0,0,66
2025-09-27T13:58:09.623Z,60.9,21.1,1.905,49.6,0,60,0,0,0,0,0,0,0,0,66
2025-09-27T13:58:10.627Z,60.9,21.1,1.905,50.4,0,60,0,0,0,0,0,0,0,0,66
2025-09-27T13:58:11.621Z,60.9,21.1,1.904,50.4,0,60,0,0,0,0,0,0,0,0,66
2025-09-27T13:58:12.627Z,60.9,21.1,1.905,49.6,0,60,0,0,0,0,0,0,0,0,66
2025-09-27T13:58:13.623Z,60.9,21.1,1.905,49.6,0,60,0,0,0,0,0,0,0,0,66
2025-09-27T13:58:14.625Z,60.9,21.1,1.904,49.6,0,60,0,0,0,0,0,0,0,0,66
2025-09-27T13:58:15.628Z,60.9,21.1,1.905,50.4,0,60,0,0,0,0,0,0,0,0,66
2025-09-27T13:58:16.630Z,60.9,21.1,1.905,49.6,0,60,0,0,0,0,0,0,0,0,66
2025-09-27T13:58:17.629Z,60.9,21.1,1.906,50.4,0,60,0,0,0,0,0,0,0,0,66
2025-09-27T13:58:18.632Z,60.9,21.1,1.906,49.6,0,60,0,0,0,0,0,0,0,0,66
2025-09-27T13:58:19.633Z,60.8,21.1,1.906,49.6,0,60,0,0,0,0,0,0,0,0,66
2025-09-27T13:58:20.634Z,60.8,21.1,1.906,50.4,0,60,0,0,0,0,0,0,0,0,66
2025-09-27T13:58:21.635Z,60.8,21.1,1.905,50.4,0,60,0,0,0,0,0,0,0,0,66
2025-09-27T13:58:22.633Z,60.8,21.1,1.906,49.6,0,60,0,0,0,0,0,0,0,0,66
2025-09-27T13:58:23.634Z,60.8,21.1,1.906,50.4,0,60,0,0,0,0,0,0,0,0,66
2025-09-27T13:58:24.632Z,60.8,21.1,1.906,49.6,0,60,0,0,0,0,0,0,0,0,66
2025-09-27T13:58:25.636Z,60.8,21.1,1.906,50.4,0,60,0,0,0,0,0,0,0,0,66
2025-09-27T13:58:26.643Z,60.8,21.1,1.905,49.6,0,60,0,0,0,0,0,0,0,0,66
2025-09-27T13:58:27.635Z,60.8,21.1,1.906,50.4,0,60,0,0,0,0,0,0,0,0,66
2025-09-27T13:58:28.635Z,60.8,21.1,1.906,49.6,0,60,0,0,0,0,0,0,0,0,66
2025-09-27T13:58:29.644Z,60.8,21.1,1.905,50.4,0,60,0,0,0,0,0,0,0,0,66
2025-09-27T13:58:30.642Z,60.8,21.1,1.906,49.6,0,60,0,0,0,0,0,0,0,0,66
2025-09-27T13:58:31.642Z,60.8,21.1,1.906,50.4,0,60,0,0,0,0,0,0,0,0,66
2025-09-27T13:58:32.643Z,60.8,21.1,1.906,49.6,0,60,0,0,0,0,0,0,0,0,66
2025-09-27T13:58:33.641Z,60.8,21.1,1.906,50.4,0,60,0,0,0,0,0,0,0,0,66
2025-09-27T13:58:34.650Z,60.8,21.1,1.905,49.6,0,60,0,0,0,0,0,0,0,0,66
2025-09-27T13:58:35.646Z,60.8,21.1,1.906,50.4,0,60,0,0,0,0,0,0,0,0,66
2025-09-27T13:58:36.641Z,60.8,21.1,1.906,49.6,0,60,0,0,0,0,0,0,0,0,66
2025-09-27T13:58:37.648Z,60.8,21.1,1.905,50.4,0,60,0,0,0,0,0,0,0,0,66
2025-09-27T13:58:38.651Z,60.8,21.1,1.905,49.6,0,60,0,0,0,0,0,0,0,0,66
2025-09-27T13:58:39.650Z,60.8,21.1,1.905,50.4,0,60,0,0,0,0,0,0,0,0,66
2025-09-27T13:58:40.652Z,60.8,21.1,1.905,49.6,0,60,0,0,0,0,0,0,0,0,66
2025-09-27T13:58:41.650Z,60.8,21.1,1.905,50.4,0,60,0,0,0,0,0,0,0,0,66
2025-09-27T13:58:42.652Z,60.7,21.1,1.905,49.6,0,60,0,0,0,0,0,0,0,0,66
2025-09-27T13:58:43.651Z,60.7,21.1,1.905,50.4,0,60,0,0,0,0,0,0,0,0,66
2025-09-27T13:58:44.657Z,60.7,21.1,1.905,49.6,0,60,0,0,0,0,0,0,0,0,66
2025-09-27T13:58:45.658Z,60.7,21.1,1.905,50.4,0,60,0,0,0,0,0,0,0,0,66
2025-09-27T13:58:46.660Z,60.7,21.1,1.905,49.6,0,60,0,0,0,0,0,0,0,0,66
2025-09-27T13:58:47.656Z,60.7,21.1,1.905,49.6,0,60,0,0,0,0,0,0,0,0,66
2025-09-27T13:58:48.659Z,60.7,21.1,1.905,50.4,0,60,0,0,0,0,0,0,0,0,66
2025-09-27T13:58:49.659Z,60.7,21.1,1.905,49.6,0,60,0,0,0,0,0,0,0,0,66
2025-09-27T13:58:50.661Z,60.7,21.1,1.905,50.4,0,60,0,0,0,0,0,0,0,0,66
2025-09-27T13:58:51.657Z,60.7,21.1,1.905,49.6,0,60,0,0,0,0,0,0,0,0,66
2025-09-27T13:58:52.661Z,60.7,21.1,1.905,50.4,0,60,0,0,0,0,0,0,0,0,66
2025-09-27T13:58:53.664Z,60.7,21.1,1.905,49.6,0,60,0,0,0,0,0,0,0,0,66
2025-09-27T13:58:54.662Z,60.7,21.1,1.905,50.4,0,60,0,0,0,0,0,0,0,0,66
2025-09-27T13:58:55.661Z,60.7,21.1,1.905,49.6,0,60,0,0,0,0,0,0,0,0,66
2025-09-27T13:58:56.666Z,60.7,21.1,1.905,49.6,0,60,0,0,0,0,0,0,0,0,66
2025-09-27T13:58:57.665Z,60.7,21.1,1.905,49.6,0,60,0,0,0,0,0,0,0,0,66
2025-09-27T13:58:58.663Z,60.7,21.1,1.905,50.4,0,60,0,0,0,0,0,0,0,0,66
2025-09-27T13:58:59.667Z,60.7,21.1,1.905,49.6,0,60,0,0,0,0,0,0,0,0,66
2025-09-27T13:59:00.665Z,60.7,21.1,1.905,49.6,0,60,0,0,0,0,0,0,0,0,66
2025-09-27T13:59:01.667Z,60.7,21.1,1.905,50.4,0,60,0,0,0,0,0,0,0,0,66
2025-09-27T13:59:02.666Z,60.7,21.1,1.905,49.6,0,60,0,0,0,0,0,0,0,0,66
2025-09-27T13:59:03.673Z,60.7,21.1,1.906,50.4,0,60,0,0,0,0,0,0,0,0,66
2025-09-27T13:59:04.681Z,60.7,21.1,1.906,49.6,0,60,0,0,0,0,0,0,0,0,66
2025-09-27T13:59:05.675Z,60.7,21.1,1.906,50.4,0,60,0,0,0,0,0,0,0,0,66
2025-09-27T13:59:06.673Z,60.7,21.1,1.905,49.6,0,60,0,0,0,0,0,0,0,0,66
2025-09-27T13:59:07.676Z,60.7,21.1,1.906,49.6,0,60,0,0,0,0,0,0,0,0,66
2025-09-27T13:59:08.677Z,60.6,21.1,1.906,50.4,0,60,0,0,0,0,0,0,0,0,66
2025-09-27T13:59:09.677Z,60.6,21.1,1.906,49.6,0,60,0,0,0,0,0,0,0,0,66
2025-09-27T13:59:10.677Z,60.6,21.1,1.906,49.6,0,60,0,0,0,0,0,0,0,0,66
2025-09-27T13:59:11.680Z,60.6,21.1,1.906,50.4,0,60,0,0,0,0,0,0,0,0,66
2025-09-27T13:59:12.678Z,60.6,21.1,1.906,49.6,0,60,0,0,0,0,0,0,0,0,66
2025-09-27T13:59:13.679Z,60.6,21.1,1.906,49.6,0,60,0,0,0,0,0,0,0,0,66
2025-09-27T13:59:14.680Z,60.6,21.1,1.906,50.4,0,60,0,0,0,0,0,0,0,0,66
2025-09-27T13:59:15.682Z,60.6,21.1,1.906,50.4,0,60,0,0,0,0,0,0,0,0,66
2025-09-27T13:59:16.680Z,60.6,21.1,1.906,49.6,0,60,0,0,0,0,0,0,0,0,66
2025-09-27T13:59:17.684Z,60.6,21.1,1.906,50.4,0,60,0,0,0,0,0,0,0,0,66
2025-09-27T13:59:18.681Z,60.6,21.1,1.906,49.6,0,60,0,0,0,0,0,0,0,0,66
2025-09-27T13:59:19.684Z,60.6,21.1,1.906,49.6,0,60,0,0,0,0,0,0,0,0,66
2025-09-27T13:59:20.686Z,60.6,21.1,1.906,50.4,0,60,0,0,0,0,0,0,0,0,66
2025-09-27T13:59:21.687Z,60.6,21.1,1.906,49.6,0,60,0,0,0,0,0,0,0,0,66
2025-09-27T13:59:22.687Z,60.6,21.1,1.906,50.4,0,60,0,0,0,0,0,0,0,0,66
2025-09-27T13:59:23.686Z,60.6,21.1,1.906,50.4,0,60,0,0,0,0,0,0,0,0,66
2025-09-27T13:59:24.690Z,60.6,21.1,1.906,49.6,0,60,0,0,0,0,0,0,0,0,66
2025-09-27T13:59:25.691Z,60.6,21.1,1.906,50.4,0,60,0,0,0,0,0,0,0,0,66
2025-09-27T13:59:26.692Z,60.6,21.1,1.906,49.6,0,60,0,0,0,0,0,0,0,0,66
2025-09-27T13:59:27.693Z,60.6,21.1,1.906,50.4,0,60,0,0,0,0,0,0,0,0,66
2025-09-27T13:59:28.694Z,60.6,21.1,1.906,50.4,0,60.1,0,0,0,0,0,0,0,0,66
2025-09-27T13:59:29.696Z,60.5,21.1,1.906,49.6,0,60.1,0,0,0,0,0,0,0,0,66
2025-09-27T13:59:30.696Z,60.6,21.1,1.906,50.4,0,60.1,0,0,0,0,0,0,0,0,66
2025-09-27T13:59:31.698Z,60.5,21.1,1.906,49.6,0,60,0,0,0,0,0,0,0,0,66
2025-09-27T13:59:32.695Z,60.5,21.1,1.907,50.4,0,60,0,0,0,0,0,0,0,0,66
2025-09-27T13:59:33.699Z,60.5,21.1,1.906,49.6,0,60.1,0,0,0,0,0,0,0,0,66
2025-09-27T13:59:34.706Z,60.5,21.1,1.906,50.4,0,60.1,0,0,0,0,0,0,0,0,66
2025-09-27T13:59:35.702Z,60.5,21.1,1.906,49.6,0,60.1,0,0,0,0,0,0,0,0,66
2025-09-27T13:59:36.701Z,60.5,21.1,1.906,49.6,0,60.1,0,0,0,0,0,0,0,0,66
2025-09-27T13:59:37.708Z,60.5,21.1,1.906,50.4,0,60.1,0,0,0,0,0,0,0,0,66
2025-09-27T13:59:38.703Z,60.5,21.1,1.906,49.6,0,60.1,0,0,0,0,0,0,0,0,66
2025-09-27T13:59:39.701Z,60.5,21.1,1.906,50.4,0,60.1,0,0,0,0,0,0,0,0,66
2025-09-27T13:59:40.705Z,60.5,21.1,1.906,49.6,0,60.1,0,0,0,0,0,0,0,0,66
2025-09-27T13:59:41.708Z,60.5,21.1,1.906,49.6,0,60.1,0,0,0,0,0,0,0,0,66
2025-09-27T13:59:42.708Z,60.5,21.1,1.906,50.4,0,60.1,0,0,0,0,0,0,0,0,66
2025-09-27T13:59:43.709Z,60.5,21.1,1.906,49.6,0,60.1,0,0,0,0,0,0,0,0,66
2025-09-27T13:59:44.708Z,60.5,21.1,1.906,50.4,0,60.1,0,0,0,0,0,0,0,0,66
2025-09-27T13:59:45.712Z,60.5,21.1,1.906,49.6,0,60.1,0,0,0,0,0,0,0,0,66
2025-09-27T13:59:46.710Z,60.5,21.1,1.906,50.4,0,60,0,0,0,0,0,0,0,0,66
2025-09-27T13:59:47.712Z,60.5,21.1,1.906,49.6,0,60.1,0,0,0,0,0,0,0,0,66
2025-09-27T13:59:48.714Z,60.5,21.1,1.906,49.6,0,60.1,0,0,0,0,0,0,0,0,66
2025-09-27T13:59:49.713Z,60.5,21.1,1.906,50.4,0,60.1,0,0,0,0,0,0,0,0,66
2025-09-27T13:59:50.718Z,60.5,21.1,1.907,49.6,0,60.1,0,0,0,0,0,0,0,0,66
2025-09-27T13:59:51.718Z,60.5,21.1,1.906,49.6,0,60.1,0,0,0,0,0,0,0,0,66
2025-09-27T13:59:52.716Z,60.5,21.1,1.906,50.4,0,60.1,0,0,0,0,0,0,0,0,66
2025-09-27T13:59:53.717Z,60.5,21.1,1.906,49.6,0,60.1,0,0,0,0,0,0,0,0,66
2025-09-27T13:59:54.720Z,60.5,21.1,1.906,49.6,0,60.1,0,0,0,0,0,0,0,0,66
2025-09-27T13:59:55.718Z,60.4,21.1,1.906,50.4,0,60.1,0,0,0,0,0,0,0,0,66
2025-09-27T13:59:56.720Z,60.4,21.1,1.906,50.4,0,60.1,0,0,0,0,0,0,0,0,66
2025-09-27T13:59:57.719Z,60.4,21.1,1.906,49.6,0,60.1,0,0,0,0,0,0,0,0,66
2025-09-27T13:59:58.722Z,60.4,21.1,1.906,50.4,0,60.1,0,0,0,0,0,0,0,0,66
2025-09-27T13:59:59.721Z,60.4,21.1,1.906,49.6,0,60.1,0,0,0,0,0,0,0,0,66
2025-09-27T14:00:00.723Z,60.4,21.1,1.906,50.4,0,60.1,0,0,0,0,0,0,0,0,66
2025-09-27T14:00:01.727Z,60.4,21.1,1.907,49.6,0,60.1,0,0,0,0,0,0,0,0,66
2025-09-27T14:00:02.726Z,60.4,21.1,1.907,49.6,0,60.1,0,0,0,0,0,0,0,0,66
2025-09-27T14:00:03.725Z,60.4,21.1,1.906,50.4,0,60.1,0,0,0,0,0,0,0,0,66
2025-09-27T14:00:04.728Z,60.4,21.1,1.907,49.6,0,60.1,0,0,0,0,0,0,0,0,66
2025-09-27T14:00:05.729Z,60.4,21.1,1.907,49.6,0,60.1,0,0,0,0,0,0,0,0,66
2025-09-27T14:00:06.736Z,60.4,21.1,1.907,50.4,0,60.1,0,0,0,0,0,0,0,0,66
2025-09-27T14:00:07.732Z,60.4,21.1,1.907,49.6,0,60.1,0,0,0,0,0,0,0,0,66
2025-09-27T14:00:08.729Z,60.4,21.1,1.907,50.4,0,60.1,0,0,0,0,0,0,0,0,66
2025-09-27T14:00:09.731Z,60.4,21.1,1.907,50.4,0,60.1,0,0,0,0,0,0,0,0,66
2025-09-27T14:00:10.735Z,60.4,21.1,1.907,49.6,0,60.1,0,0,0,0,0,0,0,0,66
2025-09-27T14:00:11.735Z,60.4,21.1,1.907,50.4,0,60.1,0,0,0,0,0,0,0,0,66
2025-09-27T14:00:12.737Z,60.4,21.1,1.907,50.4,0,60.1,0,0,0,0,0,0,0,0,66
2025-09-27T14:00:13.736Z,60.4,21.1,1.907,49.6,0,60.1,0,0,0,0,0,0,0,0,66
2025-09-27T14:00:14.737Z,60.4,21.1,1.907,50.4,0,60.1,0,0,0,0,0,0,0,0,66
2025-09-27T14:00:15.739Z,60.4,21.1,1.907,49.6,0,60.1,0,0,0,0,0,0,0,0,66
2025-09-27T14:00:16.742Z,60.4,21.1,1.907,50.4,0,60.1,0,0,0,0,0,0,0,0,66
2025-09-27T14:00:17.741Z,60.3,21.1,1.907,49.6,0,60.1,0,0,0,0,0,0,0,0,66
2025-09-27T14:00:18.742Z,60.3,21.1,1.907,50.4,0,60.1,0,0,0,0,0,0,0,0,66
2025-09-27T14:00:19.740Z,60.3,21.1,1.907,49.6,0,60.1,0,0,0,0,0,0,0,0,66
2025-09-27T14:00:20.742Z,60.3,21.1,1.907,50.4,0,60.1,0,0,0,0,0,0,0,0,66
2025-09-27T14:00:21.743Z,60.3,21.1,1.907,49.6,0,60.1,0,0,0,0,0,0,0,0,66
2025-09-27T14:00:22.740Z,60.3,21.1,1.909,50.4,0,60.1,0,0,0,0,0,0,0,0,66
2025-09-27T14:00:23.744Z,60.3,21.1,1.909,50.4,0,60.1,0,0,0,0,0,0,0,0,66
2025-09-27T14:00:24.742Z,60.3,21.1,1.907,49.6,0,60.1,0,0,0,0,0,0,0,0,66
2025-09-27T14:00:25.747Z,60.3,21.1,1.907,50.4,0,60.1,0,0,0,0,0,0,0,0,66
2025-09-27T14:00:26.747Z,60.3,21.1,1.909,49.6,0,60.1,0,0,0,0,0,0,0,0,66
2025-09-27T14:00:27.748Z,60.3,21.1,1.907,50.4,0,60.1,0,0,0,0,0,0,0,0,66
2025-09-27T14:00:28.749Z,60.3,21.1,1.909,49.6,0,60.1,0,0,0,0,0,0,0,0,66
2025-09-27T14:00:29.752Z,60.3,21.1,1.906,49.6,0,60.1,0,0,0,0,0,0,0,0,66
2025-09-27T14:00:30.758Z,60.3,21.1,1.908,49.6,0,60.1,0,0,0,0,0,0,0,0,66
2025-09-27T14:00:31.753Z,60.3,21.1,1.906,50.4,0,60.1,0,0,0,0,0,0,0,0,66
2025-09-27T14:00:32.753Z,60.3,21.1,1.908,49.6,0,60.1,0,0,0,0,0,0,0,0,66
2025-09-27T14:00:33.754Z,60.3,21.1,1.906,50.4,0,60.1,0,0,0,0,0,0,0,0,66
2025-09-27T14:00:34.757Z,60.3,21.1,1.908,49.6,0,60.1,0,0,0,0,0,0,0,0,66
2025-09-27T14:00:35.756Z,60.3,21.1,1.908,50.4,0,60.1,0,0,0,0,0,0,0,0,66
2025-09-27T14:00:36.758Z,60.3,21.1,1.908,49.6,0,60.1,0,0,0,0,0,0,0,0,66
2025-09-27T14:00:37.756Z,60.3,21.1,1.908,49.6,0,60.1,0,0,0,0,0,0,0,0,66
2025-09-27T14:00:38.759Z,60.3,21.1,1.908,50.4,0,60.1,0,0,0,0,0,0,0,0,66
2025-09-27T14:00:39.766Z,60.3,21.1,1.908,49.6,0,60.1,0,0,0,0,0,0,0,0,66
2025-09-27T14:00:40.761Z,60.3,21.1,1.908,49.6,0,60.1,0,0,0,0,0,0,0,0,66
2025-09-27T14:00:41.763Z,60.2,21.1,1.908,50.4,0,60.1,0,0,0,0,0,0,0,0,66
2025-09-27T14:00:42.764Z,60.2,21.1,1.908,49.6,0,60.1,0,0,0,0,0,0,0,0,66
2025-09-27T14:00:43.766Z,60.2,21.1,1.908,50.4,0,60.1,0,0,0,0,0,0,0,0,66
2025-09-27T14:00:44.767Z,60.2,21.1,1.908,49.6,0,60.1,0,0,0,0,0,0,0,0,66
2025-09-27T14:00:45.764Z,60.2,21.1,1.908,49.6,0,60.1,0,0,0,0,0,0,0,0,66
2025-09-27T14:00:46.766Z,60.2,21.1,1.909,50.4,0,60.1,0,0,0,0,0,0,0,0,66
2025-09-27T14:00:47.768Z,60.2,21.1,1.909,49.6,0,60.1,0,0,0,0,0,0,0,0,66
2025-09-27T14:00:48.770Z,60.2,21.1,1.908,49.6,0,60.1,0,0,0,0,0,0,0,0,66
2025-09-27T14:00:49.773Z,60.2,21.1,1.909,50.4,0,60.1,0,0,0,0,0,0,0,0,66
2025-09-27T14:00:50.770Z,60.2,21.1,1.909,49.6,0,60.1,0,0,0,0,0,0,0,0,66
2025-09-27T14:00:51.770Z,60.2,21.1,1.909,49.6,0,60.1,0,0,0,0,0,0,0,0,66
2025-09-27T14:00:52.773Z,60.2,21.1,1.909,50.4,0,60.1,0,0,0,0,0,0,0,0,66
2025-09-27T14:00:53.768Z,60.2,21.1,1.909,50.4,0,60.1,0,0,0,0,0,0,0,0,66
2025-09-27T14:00:54.774Z,60.2,21.1,1.909,49.6,0,60.1,0,0,0,0,0,0,0,0,66
2025-09-27T14:00:55.776Z,60.2,21.1,1.909,50.4,0,60.1,0,0,0,0,0,0,0,0,66
2025-09-27T14:00:56.775Z,60.2,21.1,1.909,49.6,0,60.1,0,0,0,0,0,0,0,0,66
2025-09-27T14:00:57.774Z,60.2,21.1,1.909,49.6,0,60.1,0,0,0,0,0,0,0,0,66
2025-09-27T14:00:58.778Z,60.2,21.1,1.909,50.4,0,60.1,0,0,0,0,0,0,0,0,66
2025-09-27T14:00:59.780Z,60.2,21.1,1.909,49.6,0,60.1,0,0,0,0,0,0,0,0,66
2025-09-27T14:01:00.779Z,60.2,21.1,1.909,49.6,0,60.1,0,0,0,0,0,0,0,0,66
2025-09-27T14:01:01.782Z,60.2,21.1,1.909,50.4,0,60.1,0,0,0,0,0,0,0,0,66
2025-09-27T14:01:02.781Z,60.1,21.1,1.909,50.4,0,60.1,0,0,0,0,0,0,0,0,66
2025-09-27T14:01:03.783Z,60.1,21.1,1.909,49.6,0,60.1,0,0,0,0,0,0,0,0,66
2025-09-27T14:01:04.783Z,60.1,21.1,1.909,50.4,0,60.1,0,0,0,0,0,0,0,0,66
2025-09-27T14:01:05.784Z,60.1,21.1,1.909,50.4,0,60.1,0,0,0,0,0,0,0,0,66
2025-09-27T14:01:06.783Z,60.1,21.1,1.909,49.6,0,60.1,0,0,0,0,0,0,0,0,66
2025-09-27T14:01:07.788Z,60.1,21.1,1.909,50.4,0,60.1,0,0,0,0,0,0,0,0,66
2025-09-27T14:01:08.787Z,60.1,21.1,1.909,49.6,0,60.1,0,0,0,0,0,0,0,0,66
2025-09-27T14:01:09.791Z,60.1,21.1,1.909,50.4,0,60.1,0,0,0,0,0,0,0,0,66
2025-09-27T14:01:10.790Z,60.1,21.1,1.909,49.6,0,60.1,0,0,0,0,0,0,0,0,66
2025-09-27T14:01:11.791Z,60.1,21.1,1.909,49.6,0,60.1,0,0,0,0,0,0,0,0,66
2025-09-27T14:01:12.791Z,60.1,21.1,1.909,50.4,0,60.1,0,0,0,0,0,0,0,0,66
2025-09-27T14:01:13.796Z,60.1,21.1,1.909,49.6,0,60.1,0,0,0,0,0,0,0,0,66
2025-09-27T14:01:14.794Z,60.1,21.1,1.909,50.4,0,60.1,0,0,0,0,0,0,0,0,66
2025-09-27T14:01:15.794Z,60.1,21.1,1.909,50.4,0,60.1,0,0,0,0,0,0,0,0,66
2025-09-27T14:01:16.794Z,60.1,21.1,1.909,49.6,0,60.1,0,0,0,0,0,0,0,0,66
2025-09-27T14:01:17.794Z,60.1,21.1,1.909,50.4,0,60.1,0,0,0,0,0,0,0,0,66
2025-09-27T14:01:18.798Z,60.1,21.1,1.909,49.6,0,60.1,0,0,0,0,0,0,0,0,66
2025-09-27T14:01:19.796Z,60.1,21.1,1.909,50.4,0,60.1,0,0,0,0,0,0,0,0,66
2025-09-27T14:01:20.795Z,60.1,21.1,1.909,49.6,0,60.1,0,0,0,0,0,0,0,0,66
2025-09-27T14:01:21.804Z,60.1,21.1,1.909,50.4,0,60.1,0,0,0,0,0,0,0,0,66
2025-09-27T14:01:22.803Z,60.1,21.1,1.909,50.4,0,60.1,0,0,0,0,0,0,0,0,66
2025-09-27T14:01:23.799Z,60.1,21.1,1.909,49.6,0,60.1,0,0,0,0,0,0,0,0,66
2025-09-27T14:01:24.801Z,60.1,21.1,1.909,49.6,0,60.1,0,0,0,0,0,0,0,0,66
2025-09-27T14:01:25.798Z,60.1,21.1,1.909,49.6,0,60.1,0,0,0,0,0,0,0,0,66
2025-09-27T14:01:26.804Z,60,21.1,1.909,50.4,0,60.1,0,0,0,0,0,0,0,0,66
2025-09-27T14:01:27.804Z,60,21.1,1.909,49.6,0,60.1,0,0,0,0,0,0,0,0,66
2025-09-27T14:01:28.802Z,60,21.1,1.909,49.6,0,60.1,0,0,0,0,0,0,0,0,66
2025-09-27T14:01:29.804Z,60,21.1,1.909,50.4,0,60.1,0,0,0,0,0,0,0,0,66
2025-09-27T14:01:30.812Z,60,21.1,1.909,49.6,0,60.1,0,0,0,0,0,0,0,0,66
2025-09-27T14:01:31.806Z,60,21.1,1.909,49.6,0,60.1,0,0,0,0,0,0,0,0,66
2025-09-27T14:01:32.809Z,60,21.1,1.909,50.4,0,60.1,0,0,0,0,0,0,0,0,66
2025-09-27T14:01:33.810Z,60,21.1,1.909,49.6,0,60.1,0,0,0,0,0,0,0,0,66
2025-09-27T14:01:34.809Z,60,21.1,1.909,49.6,0,60.1,0,0,0,0,0,0,0,0,66
2025-09-27T14:01:35.813Z,60,21.1,1.909,50.4,0,60.1,0,0,0,0,0,0,0,0,66
2025-09-27T14:01:36.813Z,60,21.1,1.909,49.6,0,60.1,0,0,0,0,0,0,0,0,66
2025-09-27T14:01:37.815Z,60,21.1,1.909,49.6,0,60.1,0,0,0,0,0,0,0,0,66
2025-09-27T14:01:38.823Z,60,21.1,1.909,50.4,0,60.1,0,0,0,0,0,0,0,0,66
2025-09-27T14:01:39.816Z,60,21.1,1.909,49.6,0,60.1,0,0,0,0,0,0,0,0,66
2025-09-27T14:01:40.823Z,60,21.1,1.91,49.6,0,60.1,0,0,0,0,0,0,0,0,66
2025-09-27T14:01:41.825Z,60,21.1,1.91,50.4,0,60.1,0,0,0,0,0,0,0,0,66
2025-09-27T14:01:42.818Z,60,21.1,1.909,50.4,0,60.1,0,0,0,0,0,0,0,0,66
2025-09-27T14:01:43.816Z,60,21.1,1.909,49.6,0,60.1,0,0,0,0,0,0,0,0,66
2025-09-27T14:01:44.823Z,60,21.1,1.909,50.4,0,60.1,0,0,0,0,0,0,0,0,66
2025-09-27T14:01:45.827Z,60,21.1,1.909,50.4,0,60.1,0,0,0,0,0,0,0,0,66
2025-09-27T14:01:46.824Z,60,21.1,1.909,49.6,0,60.1,0,0,0,0,0,0,0,0,66
2025-09-27T14:01:47.828Z,60,21.1,1.909,50.4,0,60.1,0,0,0,0,0,0,0,0,66
2025-09-27T14:01:48.823Z,60,21.1,1.909,49.6,0,60.1,0,0,0,0,0,0,0,0,66
2025-09-27T14:01:49.827Z,60,21.1,1.909,49.6,0,60.1,0,0,0,0,0,0,0,0,66
2025-09-27T14:01:50.826Z,60,21.1,1.909,50.4,0,60.1,0,0,0,0,0,0,0,0,66
2025-09-27T14:01:51.826Z,60,21.1,1.91,50.4,0,60.1,0,0,0,0,0,0,0,0,66
2025-09-27T14:01:52.826Z,59.9,21.1,1.909,49.6,0,60.1,0,0,0,0,0,0,0,0,66
2025-09-27T14:01:53.832Z,59.9,21.1,1.91,50.4,0,60.1,0,0,0,0,0,0,0,0,66
2025-09-27T14:01:54.830Z,59.9,21.1,1.91,49.6,0,60.1,0,0,0,0,0,0,0,0,66
2025-09-27T14:01:55.828Z,59.9,21.1,1.91,50.4,0,60.1,0,0,0,0,0,0,0,0,66
2025-09-27T14:01:56.829Z,59.9,21.1,1.91,50.4,0,60.1,0,0,0,0,0,0,0,0,66
2025-09-27T14:01:57.831Z,59.9,21.1,1.91,49.6,0,60.1,0,0,0,0,0,0,0,0,66
2025-09-27T14:01:58.836Z,59.9,21.1,1.91,50.4,0,60.1,0,0,0,0,0,0,0,0,66
2025-09-27T14:01:59.833Z,59.9,21.1,1.911,49.6,0,60.1,0,0,0,0,0,0,0,0,66
2025-09-27T14:02:00.834Z,59.9,21.1,1.911,50.4,0,60.1,0,0,0,0,0,0,0,0,66
2025-09-27T14:02:01.836Z,59.9,21.1,1.911,49.6,0,60.1,0,0,0,0,0,0,0,0,66
2025-09-27T14:02:02.835Z,59.9,21.1,1.911,50.4,0,60.1,0,0,0,0,0,0,0,0,66
2025-09-27T14:02:03.843Z,59.9,21.1,1.911,49.6,0,60.1,0,0,0,0,0,0,0,0,66
2025-09-27T14:02:04.839Z,59.9,21.1,1.911,49.6,0,60.1,0,0,0,0,0,0,0,0,66
2025-09-27T14:02:05.840Z,59.9,21.1,1.911,50.4,0,60.1,0,0,0,0,0,0,0,0,66
2025-09-27T14:02:06.843Z,59.9,21.1,1.911,49.6,0,60.1,0,0,0,0,0,0,0,0,66
2025-09-27T14:02:07.847Z,59.9,21.1,1.911,50.4,0,60.1,0,0,0,0,0,0,0,0,66
2025-09-27T14:02:08.843Z,59.9,21.1,1.911,49.6,0,60.1,0,0,0,0,0,0,0,0,66
2025-09-27T14:02:09.845Z,59.9,21.1,1.911,49.6,0,60.1,0,0,0,0,0,0,0,0,66
2025-09-27T14:02:10.844Z,59.9,21.1,1.911,50.4,0,60.1,0,0,0,0,0,0,0,0,66
2025-09-27T14:02:11.843Z,59.9,21.1,1.911,49.6,0,60.1,0,0,0,0,0,0,0,0,66
2025-09-27T14:02:12.848Z,59.9,21.1,1.911,49.6,0,60.1,0,0,0,0,0,0,0,0,66
2025-09-27T14:02:13.849Z,59.9,21.1,1.911,50.4,0,60.1,0,0,0,0,0,0,0,0,66
2025-09-27T14:02:14.849Z,59.9,21.1,1.911,49.6,0,60.1,0,0,0,0,0,0,0,0,66
2025-09-27T14:02:15.854Z,59.8,21.1,1.91,49.6,0,60.1,0,0,0,0,0,0,0,0,66
2025-09-27T14:02:16.852Z,59.8,21.1,1.911,50.4,0,60.1,0,0,0,0,0,0,0,0,66
2025-09-27T14:02:17.858Z,59.8,21.1,1.91,50.4,0,60.1,0,0,0,0,0,0,0,0,66
2025-09-27T14:02:18.853Z,59.8,21.1,1.911,49.6,0,60.1,0,0,0,0,0,0,0,0,66
2025-09-27T14:02:19.859Z,59.8,21.1,1.91,50.4,0,60.1,0,0,0,0,0,0,0,0,66
2025-09-27T14:02:20.852Z,59.8,21.1,1.91,49.6,0,60.1,0,0,0,0,0,0,0,0,66
2025-09-27T14:02:21.852Z,59.8,21.1,1.911,50.4,0,60.1,0,0,0,0,0,0,0,0,66
2025-09-27T14:02:22.853Z,59.8,21.1,1.911,50.4,0,60.1,0,0,0,0,0,0,0,0,66
2025-09-27T14:02:23.862Z,59.8,21.1,1.91,49.6,0,60.1,0,0,0,0,0,0,0,0,66
2025-09-27T14:02:24.857Z,59.8,21.1,1.91,50.4,0,60.1,0,0,0,0,0,0,0,0,66
2025-09-27T14:02:25.857Z,59.8,21.1,1.91,49.6,0,60.1,0,0,0,0,0,0,0,0,66
2025-09-27T14:02:26.854Z,59.8,21.1,1.911,50.4,0,60.1,0,0,0,0,0,0,0,0,66
2025-09-27T14:02:27.857Z,59.8,21.1,1.91,49.6,0,60.1,0,0,0,0,0,0,0,0,66
2025-09-27T14:02:28.861Z,59.8,21.1,1.91,50.4,0,60.1,0,0,0,0,0,0,0,0,66
2025-09-27T14:02:29.863Z,59.8,21.1,1.91,50.4,0,60.1,0,0,0,0,0,0,0,0,66
2025-09-27T14:02:30.858Z,59.8,21.1,1.91,49.6,0,60.1,0,0,0,0,0,0,0,0,66
2025-09-27T14:02:31.867Z,59.8,21.1,1.91,50.4,0,60.1,0,0,0,0,0,0,0,0,66
2025-09-27T14:02:32.861Z,59.8,21.1,1.91,49.6,0,60.1,0,0,0,0,0,0,0,0,66
2025-09-27T14:02:33.869Z,59.8,21.1,1.91,50.4,0,60.1,0,0,0,0,0,0,0,0,66
2025-09-27T14:02:34.866Z,59.8,21.1,1.91,49.6,0,60.1,0,0,0,0,0,0,0,0,66
2025-09-27T14:02:35.868Z,59.8,21.1,1.91,50.4,0,60.1,0,0,0,0,0,0,0,0,66
2025-09-27T14:02:36.874Z,59.8,21.1,1.91,49.6,0,60.1,0,0,0,0,0,0,0,0,66
2025-09-27T14:02:37.868Z,59.7,21.1,1.91,50.4,0,60.1,0,0,0,0,0,0,0,0,66
2025-09-27T14:02:38.872Z,59.7,21.1,1.91,49.6,0,60.1,0,0,0,0,0,0,0,0,66
2025-09-27T14:02:39.872Z,59.8,21.1,1.91,50.4,0,60.1,0,0,0,0,0,0,0,0,66
2025-09-27T14:02:40.874Z,59.7,21.1,1.91,49.6,0,60.1,0,0,0,0,0,0,0,0,66
2025-09-27T14:02:41.872Z,59.7,21.1,1.91,50.4,0,60.1,0,0,0,0,0,0,0,0,66
2025-09-27T14:02:42.873Z,59.7,21.1,1.911,49.6,0,60.1,0,0,0,0,0,0,0,0,66
2025-09-27T14:02:43.875Z,59.7,21.1,1.91,50.4,0,60.1,0,0,0,0,0,0,0,0,66
2025-09-27T14:02:44.873Z,59.7,21.1,1.91,49.6,0,60.1,0,0,0,0,0,0,0,0,66
2025-09-27T14:02:45.876Z,59.7,21.1,1.91,49.6,0,60.1,0,0,0,0,0,0,0,0,66
2025-09-27T14:02:46.880Z,59.7,21.1,1.911,49.6,0,60.1,0,0,0,0,0,0,0,0,66
2025-09-27T14:02:47.883Z,59.7,21.1,1.911,50.4,0,60.1,0,0,0,0,0,0,0,0,66
2025-09-27T14:02:48.880Z,59.7,21.1,1.911,49.6,0,60.1,0,0,0,0,0,0,0,0,66
2025-09-27T14:02:49.881Z,59.7,21.1,1.911,50.4,0,60.1,0,0,0,0,0,0,0,0,66
2025-09-27T14:02:50.880Z,59.7,21.1,1.911,49.6,0,60.1,0,0,0,0,0,0,0,0,66
2025-09-27T14:02:51.886Z,59.7,21.1,1.911,50.4,0,60.1,0,0,0,0,0,0,0,0,66
2025-09-27T14:02:52.886Z,59.7,21.1,1.911,49.6,0,60.1,0,0,0,0,0,0,0,0,66
2025-09-27T14:02:53.883Z,59.7,21.1,1.912,50.4,0,60.1,0,0,0,0,0,0,0,0,66
2025-09-27T14:02:54.882Z,59.7,21.1,1.911,49.6,0,60.1,0,0,0,0,0,0,0,0,66
2025-09-27T14:02:55.882Z,59.7,21.1,1.911,49.6,0,60.1,0,0,0,0,0,0,0,0,66
2025-09-27T14:02:56.887Z,59.7,21.1,1.911,50.4,0,60,0,0,0,0,0,0,0,0,66
2025-09-27T14:02:57.888Z,59.7,21.1,1.912,49.6,0,60.1,0,0,0,0,0,0,0,0,66
2025-09-27T14:02:58.889Z,59.7,21.1,1.912,50.4,0,60,0,0,0,0,0,0,0,0,66
2025-09-27T14:02:59.889Z,59.7,21.1,1.912,49.6,0,60,0,0,0,0,0,0,0,0,66
2025-09-27T14:03:00.899Z,59.7,21.1,1.91,50.4,0,60,0,0,0,0,0,0,0,0,66
2025-09-27T14:03:01.891Z,59.7,21.1,1.912,49.6,0,60,0,0,0,0,0,0,0,0,66
2025-09-27T14:03:02.889Z,59.7,21.1,1.912,49.6,0,60,0,0,0,0,0,0,0,0,66
2025-09-27T14:03:03.898Z,59.6,21.1,1.912,50.4,0,60,0,0,0,0,0,0,0,0,66
2025-09-27T14:03:04.893Z,59.6,21.1,1.912,49.6,0,60,0,0,0,0,0,0,0,0,66
2025-09-27T14:03:05.897Z,59.6,21.1,1.912,50.4,0,60,0,0,0,0,0,0,0,0,66
2025-09-27T14:03:06.895Z,59.6,21.1,1.912,49.6,0,60,0,0,0,0,0,0,0,0,66
2025-09-27T14:03:07.898Z,59.6,21.1,1.912,49.6,0,60,0,0,0,0,0,0,0,0,66
2025-09-27T14:03:08.897Z,59.6,21.1,1.912,50.4,0,60,0,0,0,0,0,0,0,0,66
2025-09-27T14:03:09.901Z,59.6,21.1,1.912,49.6,0,60,0,0,0,0,0,0,0,0,66
2025-09-27T14:03:10.907Z,59.6,21.1,1.912,50.4,0,60,0,0,0,0,0,0,0,0,66
2025-09-27T14:03:11.903Z,59.6,21.1,1.912,49.6,0,60,0,0,0,0,0,0,0,0,66
2025-09-27T14:03:12.901Z,59.6,21.1,1.912,50.4,0,60,0,0,0,0,0,0,0,0,66
2025-09-27T14:03:13.912Z,59.6,21.1,1.912,50.4,0,60,0,0,0,0,0,0,0,0,66
2025-09-27T14:03:14.905Z,59.6,21.1,1.912,49.6,0,60,0,0,0,0,0,0,0,0,66
2025-09-27T14:03:15.906Z,59.6,21.1,1.911,50.4,0,60,0,0,0,0,0,0,0,0,66
2025-09-27T14:03:16.910Z,59.6,21.1,1.911,49.6,0,60,0,0,0,0,0,0,0,0,66
2025-09-27T14:03:17.904Z,59.6,21.1,1.912,50.4,0,60,0,0,0,0,0,0,0,0,66
2025-09-27T14:03:18.909Z,59.6,21.1,1.912,49.6,0,60,0,0,0,0,0,0,0,0,66
2025-09-27T14:03:19.908Z,59.6,21.1,1.912,50.4,0,60,0,0,0,0,0,0,0,0,66
2025-09-27T14:03:20.906Z,59.6,21.1,1.912,49.6,0,60,0,0,0,0,0,0,0,0,66
2025-09-27T14:03:21.908Z,59.6,21.1,1.912,50.4,0,60,0,0,0,0,0,0,0,0,66
2025-09-27T14:03:22.908Z,59.6,21.1,1.912,49.6,0,60,0,0,0,0,0,0,0,0,66
2025-09-27T14:03:23.911Z,59.6,21.1,1.912,50.4,0,60,0,0,0,0,0,0,0,0,66
2025-09-27T14:03:24.911Z,59.6,21.1,1.912,49.6,0,60,0,0,0,0,0,0,0,0,66
2025-09-27T14:03:25.908Z,59.6,21.1,1.912,50.4,0,60,0,0,0,0,0,0,0,0,66
2025-09-27T14:03:26.912Z,59.6,21.1,1.912,49.6,0,60,0,0,0,0,0,0,0,0,66
2025-09-27T14:03:27.915Z,59.6,21.1,1.912,49.6,0,60,0,0,0,0,0,0,0,0,66
2025-09-27T14:03:28.916Z,59.6,21.1,1.912,50.4,0,60,0,0,0,0,0,0,0,0,66
2025-09-27T14:03:29.917Z,59.6,21.1,1.912,49.6,0,60,0,0,0,0,0,0,0,0,66
2025-09-27T14:03:30.920Z,59.6,21.1,1.912,50.4,0,60,0,0,0,0,0,0,0,0,66
2025-09-27T14:03:31.917Z,59.6,21.1,1.912,49.6,0,60,0,0,0,0,0,0,0,0,66
2025-09-27T14:03:32.917Z,59.5,21.1,1.912,50.4,0,60,0,0,0,0,0,0,0,0,66
2025-09-27T14:03:33.921Z,59.6,21.1,1.912,49.6,0,60,0,0,0,0,0,0,0,0,66
2025-09-27T14:03:34.919Z,59.5,21.1,1.912,50.4,0,60,0,0,0,0,0,0,0,0,66
2025-09-27T14:03:35.919Z,59.5,21.1,1.912,49.6,0,60,0,0,0,0,0,0,0,0,66
2025-09-27T14:03:36.924Z,59.5,21.1,1.912,49.6,0,60,0,0,0,0,0,0,0,0,66
2025-09-27T14:03:37.927Z,59.5,21.1,1.912,50.4,0,60,0,0,0,0,0,0,0,0,66
2025-09-27T14:03:38.921Z,59.5,21.1,1.912,49.6,0,60,0,0,0,0,0,0,0,0,66
2025-09-27T14:03:39.926Z,59.5,21.1,1.912,50.4,0,60,0,0,0,0,0,0,0,0,66
2025-09-27T14:03:40.927Z,59.5,21.1,1.912,49.6,0,60,0,0,0,0,0,0,0,0,66
2025-09-27T14:03:41.927Z,59.5,21.1,1.912,50.4,0,60,0,0,0,0,0,0,0,0,66
2025-09-27T14:03:42.929Z,59.5,21.1,1.912,49.6,0,60,0,0,0,0,0,0,0,0,66
2025-09-27T14:03:43.930Z,59.5,21.1,1.912,50.4,0,60,0,0,0,0,0,0,0,0,66
2025-09-27T14:03:44.931Z,59.5,21.1,1.912,49.6,0,60,0,0,0,0,0,0,0,0,66
2025-09-27T14:03:45.932Z,59.5,21.1,1.912,49.6,0,60,0,0,0,0,0,0,0,0,66
2025-09-27T14:03:46.930Z,59.5,21.1,1.912,50.4,0,60,0,0,0,0,0,0,0,0,66
2025-09-27T14:03:47.932Z,59.5,21.1,1.912,49.6,0,60,0,0,0,0,0,0,0,0,66
2025-09-27T14:03:48.934Z,59.5,21.1,1.912,50.4,0,60,0,0,0,0,0,0,0,0,66
2025-09-27T14:03:49.936Z,59.5,21.1,1.912,49.6,0,60,0,0,0,0,0,0,0,0,66
2025-09-27T14:03:50.938Z,59.5,21.1,1.912,50.4,0,60,0,0,0,0,0,0,0,0,66
2025-09-27T14:03:51.937Z,59.5,21.1,1.912,49.6,0,60,0,0,0,0,0,0,0,0,66
2025-09-27T14:03:52.937Z,59.5,21.1,1.912,49.6,0,60,0,0,0,0,0,0,0,0,66
2025-09-27T14:03:53.935Z,59.5,21.1,1.912,50.4,0,60,0,0,0,0,0,0,0,0,66
2025-09-27T14:03:54.938Z,59.5,21.1,1.912,49.6,0,60,0,0,0,0,0,0,0,0,66
2025-09-27T14:03:55.939Z,59.5,21.1,1.912,49.6,0,60,0,0,0,0,0,0,0,0,66
2025-09-27T14:03:56.939Z,59.5,21.1,1.912,50.4,0,60,0,0,0,0,0,0,0,0,66
2025-09-27T14:03:57.942Z,59.5,21.1,1.912,49.6,0,60,0,0,0,0,0,0,0,0,66
2025-09-27T14:03:58.940Z,59.5,21.1,1.912,50.4,0,60,0,0,0,0,0,0,0,0,66
2025-09-27T14:03:59.947Z,59.5,21.1,1.912,50.4,0,60,0,0,0,0,0,0,0,0,66
2025-09-27T14:04:00.949Z,59.5,21.1,1.912,49.6,0,60,0,0,0,0,0,0,0,0,66
2025-09-27T14:04:01.951Z,59.5,21.1,1.912,50.4,0,60,0,0,0,0,0,0,0,0,66
2025-09-27T14:04:02.948Z,59.5,21.1,1.912,49.6,0,60,0,0,0,0,0,0,0,0,66
2025-09-27T14:04:03.949Z,59.5,21.1,1.912,50.4,0,60,0,0,0,0,0,0,0,0,66
2025-09-27T14:04:04.946Z,59.5,21.1,1.912,49.6,0,60,0,0,0,0,0,0,0,0,66
2025-09-27T14:04:05.952Z,59.5,21.1,1.912,50.4,0,60,0,0,0,0,0,0,0,0,66
2025-09-27T14:04:06.952Z,59.5,21.1,1.912,49.6,0,60,0,0,0,0,0,0,0,0,66
2025-09-27T14:04:07.952Z,59.5,21.1,1.912,50.4,0,60,0,0,0,0,0,0,0,0,66
2025-09-27T14:04:08.953Z,59.5,21.1,1.912,50.4,0,60,0,0,0,0,0,0,0,0,66
2025-09-27T14:04:09.952Z,59.5,21.1,1.912,49.6,0,60,0,0,0,0,0,0,0,0,66
2025-09-27T14:04:10.957Z,59.5,21.1,1.912,50.4,0,60,0,0,0,0,0,0,0,0,66
2025-09-27T14:04:11.957Z,59.5,21.1,1.912,49.6,0,60,0,0,0,0,0,0,0,0,66
2025-09-27T14:04:12.953Z,59.4,21.1,1.912,50.4,0,60,0,0,0,0,0,0,0,0,66
2025-09-27T14:04:13.959Z,59.5,21.1,1.912,49.6,0,60,0,0,0,0,0,0,0,0,66
2025-09-27T14:04:14.958Z,59.4,21.1,1.913,50.4,0,60,0,0,0,0,0,0,0,0,66
2025-09-27T14:04:15.959Z,59.4,21.1,1.912,49.6,0,60,0,0,0,0,0,0,0,0,66
2025-09-27T14:04:16.961Z,59.4,21.1,1.913,50.4,0,60,0,0,0,0,0,0,0,0,66
2025-09-27T14:04:17.960Z,59.4,21.1,1.912,49.6,0,60,0,0,0,0,0,0,0,0,66
2025-09-27T14:04:18.970Z,59.4,21.1,1.912,50.4,0,60,0,0,0,0,0,0,0,0,66
2025-09-27T14:04:19.966Z,59.4,21.1,1.912,49.6,0,60,0,0,0,0,0,0,0,0,66
2025-09-27T14:04:20.964Z,59.4,21.1,1.912,50.4,0,60,0,0,0,0,0,0,0,0,66
2025-09-27T14:04:21.963Z,59.4,21.1,1.912,49.6,0,60,0,0,0,0,0,0,0,0,66
2025-09-27T14:04:22.966Z,59.4,21.1,1.912,50.4,0,60,0,0,0,0,0,0,0,0,66
2025-09-27T14:04:23.971Z,59.4,21.1,1.912,49.6,0,60,0,0,0,0,0,0,0,0,66
2025-09-27T14:04:24.973Z,59.4,21.1,1.912,50.4,0,60,0,0,0,0,0,0,0,0,66
2025-09-27T14:04:25.972Z,59.4,21.1,1.912,49.6,0,60,0,0,0,0,0,0,0,0,66
2025-09-27T14:04:26.969Z,59.4,21.1,1.912,50.4,0,60,0,0,0,0,0,0,0,0,66
2025-09-27T14:04:27.973Z,59.4,21.1,1.912,49.6,0,60,0,0,0,0,0,0,0,0,66
2025-09-27T14:04:28.983Z,59.4,21.1,1.912,50.4,0,60,0,0,0,0,0,0,0,0,66
2025-09-27T14:04:29.975Z,59.4,21.1,1.912,49.6,0,60,0,0,0,0,0,0,0,0,66
2025-09-27T14:04:30.973Z,59.4,21.1,1.913,50.4,0,60,0,0,0,0,0,0,0,0,66
2025-09-27T14:04:31.974Z,59.4,21.1,1.912,49.6,0,60,0,0,0,0,0,0,0,0,66
2025-09-27T14:04:32.975Z,59.4,21.1,1.912,50.4,0,60,0,0,0,0,0,0,0,0,66
2025-09-27T14:04:33.978Z,59.4,21.1,1.912,49.6,0,60,0,0,0,0,0,0,0,0,66
2025-09-27T14:04:34.975Z,59.4,21.1,1.912,50.4,0,60,0,0,0,0,0,0,0,0,66
2025-09-27T14:04:35.980Z,59.4,21.1,1.912,49.6,0,60,0,0,0,0,0,0,0,0,66
2025-09-27T14:04:36.982Z,59.4,21.1,1.913,50.4,0,60,0,0,0,0,0,0,0,0,66
2025-09-27T14:04:37.988Z,59.4,21.1,1.912,49.6,0,60,0,0,0,0,0,0,0,0,66
2025-09-27T14:04:38.983Z,59.4,21.1,1.912,50.4,0,60,0,0,0,0,0,0,0,0,66
2025-09-27T14:04:39.983Z,59.4,21.1,1.912,49.6,0,60,0,0,0,0,0,0,0,0,66
2025-09-27T14:04:40.986Z,59.4,21.1,1.913,50.4,0,60,0,0,0,0,0,0,0,0,66
2025-09-27T14:04:41.985Z,59.4,21.1,1.912,49.6,0,60,0,0,0,0,0,0,0,0,66
2025-09-27T14:04:42.983Z,59.4,21.1,1.912,50.4,0,60,0,0,0,0,0,0,0,0,66
2025-09-27T14:04:43.989Z,59.4,21.1,1.912,49.6,0,60,0,0,0,0,0,0,0,0,66
2025-09-27T14:04:44.990Z,59.4,21.1,1.912,50.4,0,60,0,0,0,0,0,0,0,0,66
2025-09-27T14:04:45.991Z,59.4,21.1,1.912,49.6,0,60,0,0,0,0,0,0,0,0,66
2025-09-27T14:04:46.996Z,59.4,21.1,1.912,50.4,0,60,0,0,0,0,0,0,0,0,66
2025-09-27T14:04:47.992Z,59.4,21.1,1.912,49.6,0,60,0,0,0,0,0,0,0,0,66
2025-09-27T14:04:48.994Z,59.4,21.1,1.912,50.4,0,60,0,0,0,0,0,0,0,0,66
2025-09-27T14:04:49.997Z,59.4,21.1,1.912,49.6,0,60,0,0,0,0,0,0,0,0,66
2025-09-27T14:04:50.993Z,59.4,21.1,1.912,50.4,0,60,0,0,0,0,0,0,0,0,66
2025-09-27T14:04:51.994Z,59.4,21.1,1.913,49.6,0,60,0,0,0,0,0,0,0,0,66
2025-09-27T14:04:52.993Z,59.4,21.1,1.913,50.4,0,60,0,0,0,0,0,0,0,0,66
2025-09-27T14:04:54.000Z,59.4,21.1,1.912,49.6,0,60,0,0,0,0,0,0,0,0,66
2025-09-27T14:04:55.003Z,59.4,21.1,1.912,50.4,0,60,0,0,0,0,0,0,0,0,66
2025-09-27T14:04:56.002Z,59.4,21.1,1.912,49.6,0,60,0,0,0,0,0,0,0,0,66
2025-09-27T14:04:57.004Z,59.4,21.1,1.912,49.6,0,60,0,0,0,0,0,0,0,0,66
2025-09-27T14:04:58.003Z,59.4,21.1,1.913,49.6,0,60,0,0,0,0,0,0,0,0,66
2025-09-27T14:04:58.999Z,59.4,21.1,1.913,50.4,0,60,0,0,0,0,0,0,0,0,66
2025-09-27T14:04:59.999Z,59.4,21.1,1.912,49.6,0,60,0,0,0,0,0,0,0,0,66
2025-09-27T14:05:01.007Z,59.4,21.1,1.912,50.4,0,60,0,0,0,0,0,0,0,0,66
2025-09-27T14:05:02.004Z,59.4,21.1,1.913,49.6,0,60,0,0,0,0,0,0,0,0,66
2025-09-27T14:05:03.007Z,59.4,21.1,1.912,50.4,0,60,0,0,0,0,0,0,0,0,66
2025-09-27T14:05:04.008Z,59.4,21.1,1.912,49.6,0,60,0,0,0,0,0,0,0,0,66
2025-09-27T14:05:05.009Z,59.4,21.1,1.912,50.4,0,60,0,0,0,0,0,0,0,0,66
2025-09-27T14:05:06.006Z,59.4,21.1,1.912,49.6,0,60,0,0,0,0,0,0,0,0,66
2025-09-27T14:05:07.009Z,59.4,21.1,1.912,50.4,0,60,0,0,0,0,0,0,0,0,66
2025-09-27T14:05:08.006Z,59.4,21.1,1.912,49.6,0,60,0,0,0,0,0,0,0,0,66
2025-09-27T14:05:09.016Z,59.4,21.1,1.912,49.6,0,60,0,0,0,0,0,0,0,0,66
2025-09-27T14:05:10.013Z,59.4,21.1,1.912,50.4,0,60,0,0,0,0,0,0,0,0,66
2025-09-27T14:05:11.012Z,59.4,21.1,1.912,49.6,0,60,0,0,0,0,0,0,0,0,66
2025-09-27T14:05:12.010Z,59.4,21.1,1.912,50.4,0,60,0,0,0,0,0,0,0,0,66
2025-09-27T14:05:13.021Z,59.4,21.1,1.912,49.6,0,60,0,0,0,0,0,0,0,0,66
2025-09-27T14:05:14.015Z,59.4,21.1,1.912,50.4,0,60,0,0,0,0,0,0,0,0,66
2025-09-27T14:05:15.014Z,59.4,21.1,1.912,49.6,0,60,0,0,0,0,0,0,0,0,66
2025-09-27T14:05:16.016Z,59.4,21.1,1.912,50.4,0,60,0,0,0,0,0,0,0,0,66
2025-09-27T14:05:17.018Z,59.4,21.1,1.912,49.6,0,60,0,0,0,0,0,0,0,0,66
2025-09-27T14:05:18.027Z,59.4,21.1,1.912,50.4,0,60,0,0,0,0,0,0,0,0,66
2025-09-27T14:05:19.018Z,59.4,21.1,1.912,49.6,0,60,0,0,0,0,0,0,0,0,66
2025-09-27T14:05:20.025Z,59.4,21.1,1.912,50.4,0,60,0,0,0,0,0,0,0,0,66
2025-09-27T14:05:21.019Z,59.4,21.1,1.912,49.6,0,60,0,0,0,0,0,0,0,0,66
2025-09-27T14:05:22.019Z,59.4,21.1,1.912,50.4,0,60,0,0,0,0,0,0,0,0,66
2025-09-27T14:05:23.019Z,59.4,21.1,1.912,49.6,0,60,0,0,0,0,0,0,0,0,66
2025-09-27T14:05:24.024Z,59.4,21.1,1.912,50.4,0,60,0,0,0,0,0,0,0,0,66
2025-09-27T14:05:25.025Z,59.4,21.1,1.912,49.6,0,60,0,0,0,0,0,0,0,0,66
2025-09-27T14:05:26.026Z,59.4,21.1,1.912,49.6,0,60,0,0,0,0,0,0,0,0,66
2025-09-27T14:05:27.031Z,59.4,21.1,1.912,49.6,0,60,0,0,0,0,0,0,0,0,66
2025-09-27T14:05:28.031Z,59.4,21.1,1.912,49.6,0,60,0,0,0,0,0,0,0,0,66
2025-09-27T14:05:29.032Z,59.4,21.1,1.912,50.4,0,60,0,0,0,0,0,0,0,0,66
2025-09-27T14:05:30.031Z,59.4,21.1,1.912,49.6,0,60,0,0,0,0,0,0,0,0,66
2025-09-27T14:05:31.030Z,59.4,21.1,1.912,49.6,0,60,0,0,0,0,0,0,0,0,66
2025-09-27T14:05:32.037Z,59.4,21.1,1.912,49.6,0,60,0,0,0,0,0,0,0,0,66
2025-09-27T14:05:33.037Z,59.4,21.1,1.912,50.4,0,60,0,0,0,0,0,0,0,0,66
2025-09-27T14:05:34.032Z,59.4,21.1,1.912,49.6,0,60,0,0,0,0,0,0,0,0,66
2025-09-27T14:05:35.032Z,59.4,21.1,1.912,49.6,0,60,0,0,0,0,0,0,0,0,66
2025-09-27T14:05:36.039Z,59.4,21.1,1.912,50.4,0,60,0,0,0,0,0,0,0,0,66
2025-09-27T14:05:37.037Z,59.4,21.1,1.912,49.6,0,60,0,0,0,0,0,0,0,0,66
2025-09-27T14:05:38.037Z,59.4,21.1,1.912,50.4,0,60,0,0,0,0,0,0,0,0,66
2025-09-27T14:05:39.034Z,59.4,21.1,1.912,49.6,0,60,0,0,0,0,0,0,0,0,66
2025-09-27T14:05:40.039Z,59.4,21.1,1.912,49.6,0,60,0,0,0,0,0,0,0,0,66
2025-09-27T14:05:41.041Z,59.4,21.1,1.912,50.4,0,60,0,0,0,0,0,0,0,0,66
2025-09-27T14:05:42.045Z,59.4,21.1,1.912,49.6,0,60,0,0,0,0,0,0,0,0,66
2025-09-27T14:05:43.040Z,59.4,21.1,1.912,50.4,0,60,0,0,0,0,0,0,0,0,66
2025-09-27T14:05:44.052Z,59.4,21.1,1.912,50.4,0,60,0,0,0,0,0,0,0,0,66
2025-09-27T14:05:45.044Z,59.4,21.1,1.912,49.6,0,60,0,0,0,0,0,0,0,0,66
2025-09-27T14:05:46.047Z,59.4,21.1,1.912,50.4,0,60,0,0,0,0,0,0,0,0,66
2025-09-27T14:05:47.046Z,59.5,21.1,1.912,49.6,0,60,0,0,0,0,0,0,0,0,66
2025-09-27T14:05:48.054Z,59.5,21.1,1.912,50.4,0,60,0,0,0,0,0,0,0,0,66
2025-09-27T14:05:49.048Z,59.4,21.1,1.912,49.6,0,60,0,0,0,0,0,0,0,0,66
2025-09-27T14:05:50.052Z,59.5,21.1,1.912,50.4,0,60,0,0,0,0,0,0,0,0,66
2025-09-27T14:05:51.048Z,59.5,21.1,1.912,49.6,0,60,0,0,0,0,0,0,0,0,66
2025-09-27T14:05:52.049Z,59.5,21.1,1.912,49.6,0,60,0,0,0,0,0,0,0,0,66
2025-09-27T14:05:53.050Z,59.5,21.1,1.912,50.4,0,60,0,0,0,0,0,0,0,0,66
2025-09-27T14:05:54.052Z,59.5,21.1,1.912,49.6,0,60,0,0,0,0,0,0,0,0,66
2025-09-27T14:05:55.051Z,59.5,21.1,1.912,49.6,0,60,0,0,0,0,0,0,0,0,66
2025-09-27T14:05:56.053Z,59.5,21.1,1.912,50.4,0,60,0,0,0,0,0,0,0,0,66
2025-09-27T14:05:57.058Z,59.5,21.1,1.912,49.6,0,60,0,0,0,0,0,0,0,0,66
2025-09-27T14:05:58.054Z,59.5,21.1,1.912,49.6,0,60,0,0,0,0,0,0,0,0,66
2025-09-27T14:05:59.061Z,59.5,21.1,1.912,50.4,0,60,0,0,0,0,0,0,0,0,66
2025-09-27T14:06:00.060Z,59.5,21.1,1.912,50.4,0,60,0,0,0,0,0,0,0,0,66
2025-09-27T14:06:01.057Z,59.5,21.1,1.912,49.6,0,60,0,0,0,0,0,0,0,0,66
2025-09-27T14:06:02.058Z,59.5,21.1,1.912,50.4,0,60,0,0,0,0,0,0,0,0,66
2025-09-27T14:06:03.063Z,59.5,21.1,1.912,49.6,0,60,0,0,0,0,0,0,0,0,66
2025-09-27T14:06:04.062Z,59.5,21.1,1.912,50.4,0,60,0,0,0,0,0,0,0,0,66
2025-09-27T14:06:05.061Z,59.5,21.1,1.912,50.4,0,60,0,0,0,0,0,0,0,0,66
2025-09-27T14:06:06.064Z,59.5,21.1,1.912,49.6,0,60,0,0,0,0,0,0,0,0,66
2025-09-27T14:06:07.060Z,59.5,21.1,1.912,50.4,0,60,0,0,0,0,0,0,0,0,66
2025-09-27T14:06:08.063Z,59.5,21.1,1.912,49.6,0,60,0,0,0,0,0,0,0,0,66
2025-09-27T14:06:09.065Z,59.5,21.1,1.912,50.4,0,60,0,0,0,0,0,0,0,0,66
2025-09-27T14:06:10.069Z,59.5,21.1,1.912,49.6,0,60,0,0,0,0,0,0,0,0,66
2025-09-27T14:06:11.062Z,59.5,21.1,1.912,50.4,0,60,0,0,0,0,0,0,0,0,66
2025-09-27T14:06:12.071Z,59.5,21.1,1.912,49.6,0,60,0,0,0,0,0,0,0,0,66
2025-09-27T14:06:13.069Z,59.5,21.1,1.912,50.4,0,60,0,0,0,0,0,0,0,0,66
2025-09-27T14:06:14.079Z,59.6,21.1,1.912,49.6,0,60,0,0,0,0,0,0,0,0,66
2025-09-27T14:06:15.072Z,59.5,21.1,1.912,50.4,0,60,0,0,0,0,0,0,0,0,66
2025-09-27T14:06:16.073Z,59.5,21.1,1.912,49.6,0,60,0,0,0,0,0,0,0,0,66
2025-09-27T14:06:17.071Z,59.5,21.1,1.912,50.4,0,60,0,0,0,0,0,0,0,0,66
2025-09-27T14:06:18.071Z,59.5,21.1,1.912,49.6,0,60,0,0,0,0,0,0,0,0,66
2025-09-27T14:06:19.080Z,59.6,21.1,1.912,50.4,0,60,0,0,0,0,0,0,0,0,66
2025-09-27T14:06:20.075Z,59.6,21.1,1.912,49.6,0,60,0,0,0,0,0,0,0,0,66
2025-09-27T14:06:21.071Z,59.6,21.1,1.912,50.4,0,60,0,0,0,0,0,0,0,0,66
2025-09-27T14:06:22.074Z,59.6,21.1,1.912,49.6,0,60,0,0,0,0,0,0,0,0,66
2025-09-27T14:06:23.075Z,59.6,21.1,1.912,50.4,0,60,0,0,0,0,0,0,0,0,66
2025-09-27T14:06:24.079Z,59.6,21.1,1.912,49.6,0,60,0,0,0,0,0,0,0,0,66
2025-09-27T14:06:25.078Z,59.6,21.1,1.912,50.4,0,60,0,0,0,0,0,0,0,0,66
2025-09-27T14:06:26.080Z,59.6,21.1,1.912,49.6,0,60,0,0,0,0,0,0,0,0,66
2025-09-27T14:06:27.080Z,59.6,21.1,1.912,50.4,0,60,0,0,0,0,0,0,0,0,66
2025-09-27T14:06:28.081Z,59.6,21.1,1.912,49.6,0,60,0,0,0,0,0,0,0,0,66
2025-09-27T14:06:29.083Z,59.6,21.1,1.912,50.4,0,60,0,0,0,0,0,0,0,0,66
2025-09-27T14:06:30.087Z,59.6,21.1,1.912,49.6,0,60,0,0,0,0,0,0,0,0,66
2025-09-27T14:06:31.088Z,59.6,21.1,1.912,50.4,0,60,0,0,0,0,0,0,0,0,66
2025-09-27T14:06:32.086Z,59.6,21.1,1.912,49.6,0,60,0,0,0,0,0,0,0,0,66
2025-09-27T14:06:33.089Z,59.6,21.1,1.912,50.4,0,60,0,0,0,0,0,0,0,0,66
2025-09-27T14:06:34.088Z,59.6,21.1,1.912,49.6,0,60,0,0,0,0,0,0,0,0,66
2025-09-27T14:06:35.084Z,59.6,21.1,1.912,50.4,0,60,0,0,0,0,0,0,0,0,66
2025-09-27T14:06:36.089Z,59.6,21.1,1.912,49.6,0,60,0,0,0,0,0,0,0,0,66
2025-09-27T14:06:37.089Z,59.6,21.1,1.912,50.4,0,60,0,0,0,0,0,0,0,0,66
2025-09-27T14:06:38.092Z,59.6,21.1,1.912,49.6,0,60,0,0,0,0,0,0,0,0,66
2025-09-27T14:06:39.094Z,59.6,21.1,1.912,50.4,0,60,0,0,0,0,0,0,0,0,66
2025-09-27T14:06:40.095Z,59.6,21.1,1.912,49.6,0,60,0,0,0,0,0,0,0,0,66
2025-09-27T14:06:41.095Z,59.7,21.1,1.912,50.4,0,60,0,0,0,0,0,0,0,0,66
2025-09-27T14:06:42.103Z,59.7,21.1,1.911,49.6,0,60,0,0,0,0,0,0,0,0,66
2025-09-27T14:06:43.095Z,59.7,21.1,1.912,50.4,0,60,0,0,0,0,0,0,0,0,66
2025-09-27T14:06:44.097Z,59.7,21.1,1.912,49.6,0,60,0,0,0,0,0,0,0,0,66
2025-09-27T14:06:45.098Z,59.7,21.1,1.912,50.4,0,60,0,0,0,0,0,0,0,0,66
2025-09-27T14:06:46.100Z,59.7,21.1,1.912,49.6,0,60,0,0,0,0,0,0,0,0,66
2025-09-27T14:06:47.099Z,59.7,21.1,1.912,50.4,0,60,0,0,0,0,0,0,0,0,66
2025-09-27T14:06:48.101Z,59.7,21.1,1.911,49.6,0,60,0,0,0,0,0,0,0,0,66
2025-09-27T14:06:49.103Z,59.7,21.1,1.911,50.4,0,60,0,0,0,0,0,0,0,0,66
2025-09-27T14:06:50.102Z,59.7,21.1,1.911,49.6,0,60,0,0,0,0,0,0,0,0,66
2025-09-27T14:06:51.102Z,59.7,21.1,1.911,50.4,0,60,0,0,0,0,0,0,0,0,66
2025-09-27T14:06:52.104Z,59.7,21.1,1.911,49.6,0,60,0,0,0,0,0,0,0,0,66
2025-09-27T14:06:53.100Z,59.7,21.1,1.911,50.4,0,60,0,0,0,0,0,0,0,0,66
2025-09-27T14:06:54.101Z,59.7,21.1,1.912,49.6,0,60,0,0,0,0,0,0,0,0,66
2025-09-27T14:06:55.108Z,59.7,21.1,1.91,50.4,0,60,0,0,0,0,0,0,0,0,66
2025-09-27T14:06:56.107Z,59.7,21.1,1.912,49.6,0,60,0,0,0,0,0,0,0,0,66
2025-09-27T14:06:57.107Z,59.7,21.1,1.911,50.4,0,60,0,0,0,0,0,0,0,0,66
2025-09-27T14:06:58.104Z,59.7,21.1,1.911,49.6,0,60,0,0,0,0,0,0,0,0,66
2025-09-27T14:06:59.107Z,59.7,21.1,1.911,50.4,0,60,0,0,0,0,0,0,0,0,66
2025-09-27T14:07:00.108Z,59.7,21.1,1.911,49.6,0,60,0,0,0,0,0,0,0,0,66
2025-09-27T14:07:01.114Z,59.8,21.1,1.91,50.4,0,60,0,0,0,0,0,0,0,0,66
2025-09-27T14:07:02.112Z,59.8,21.1,1.911,49.6,0,60,0,0,0,0,0,0,0,0,66
2025-09-27T14:07:03.117Z,59.8,21.1,1.91,50.4,0,60,0,0,0,0,0,0,0,0,66
2025-09-27T14:07:04.114Z,59.8,21.1,1.911,49.6,0,60,0,0,0,0,0,0,0,0,66
2025-09-27T14:07:05.114Z,59.8,21.1,1.911,50.4,0,60,0,0,0,0,0,0,0,0,66
2025-09-27T14:07:06.119Z,59.8,21.1,1.91,49.6,0,60,0,0,0,0,0,0,0,0,66
2025-09-27T14:07:07.121Z,59.8,21.1,1.91,50.4,0,60,0,0,0,0,0,0,0,0,66
2025-09-27T14:07:08.116Z,59.8,21.1,1.911,49.6,0,59.9,0,0,0,0,0,0,0,0,66
2025-09-27T14:07:09.121Z,59.8,21.1,1.91,50.4,0,60,0,0,0,0,0,0,0,0,66
2025-09-27T14:07:10.125Z,59.8,21.1,1.91,49.6,0,59.9,0,0,0,0,0,0,0,0,66
2025-09-27T14:07:11.122Z,59.8,21.1,1.911,50.4,0,60,0,0,0,0,0,0,0,0,66
2025-09-27T14:07:12.122Z,59.8,21.1,1.911,49.6,0,59.9,0,0,0,0,0,0,0,0,66
2025-09-27T14:07:13.123Z,59.8,21.1,1.911,50.4,0,59.9,0,0,0,0,0,0,0,0,66
2025-09-27T14:07:14.127Z,59.8,21.1,1.91,49.6,0,59.9,0,0,0,0,0,0,0,0,66
2025-09-27T14:07:15.129Z,59.8,21.1,1.91,50.4,0,59.9,0,0,0,0,0,0,0,0,66
2025-09-27T14:07:16.129Z,59.8,21.1,1.91,49.6,0,59.9,0,0,0,0,0,0,0,0,66
2025-09-27T14:07:17.130Z,59.8,21.1,1.91,50.4,0,59.9,0,0,0,0,0,0,0,0,66
2025-09-27T14:07:18.126Z,59.9,21.1,1.911,49.6,0,59.9,0,0,0,0,0,0,0,0,66
2025-09-27T14:07:19.132Z,59.9,21.1,1.91,49.6,0,59.9,0,0,0,0,0,0,0,0,66
2025-09-27T14:07:20.129Z,59.9,21.1,1.91,49.6,0,59.9,0,0,0,0,0,0,0,0,66
2025-09-27T14:07:21.127Z,59.9,21.1,1.911,49.6,0,59.9,0,0,0,0,0,0,0,0,66
2025-09-27T14:07:22.134Z,59.9,21.1,1.91,49.6,0,59.9,0,0,0,0,0,0,0,0,66
2025-09-27T14:07:23.132Z,59.9,21.1,1.91,50.4,0,59.9,0,0,0,0,0,0,0,0,66
2025-09-27T14:07:24.135Z,59.9,21.1,1.91,49.6,0,59.9,0,0,0,0,0,0,0,0,66
2025-09-27T14:07:25.130Z,59.9,21.1,1.911,50.4,0,59.9,0,0,0,0,0,0,0,0,66
2025-09-27T14:07:26.137Z,59.9,21.1,1.91,49.6,0,59.9,0,0,0,0,0,0,0,0,66
2025-09-27T14:07:27.141Z,59.9,21.1,1.91,50.4,0,59.9,0,0,0,0,0,0,0,0,66
2025-09-27T14:07:28.136Z,59.9,21.1,1.91,49.6,0,59.9,0,0,0,0,0,0,0,0,66
2025-09-27T14:07:29.137Z,59.9,21.1,1.91,50.4,0,59.9,0,0,0,0,0,0,0,0,66
2025-09-27T14:07:30.140Z,59.9,21.1,1.91,49.6,0,59.9,0,0,0,0,0,0,0,0,66
2025-09-27T14:07:31.140Z,59.9,21.1,1.91,50.4,0,59.9,0,0,0,0,0,0,0,0,66
2025-09-27T14:07:32.143Z,59.9,21.1,1.91,49.6,0,59.9,0,0,0,0,0,0,0,0,66
2025-09-27T14:07:33.144Z,60,21.1,1.91,50.4,0,59.9,0,0,0,0,0,0,0,0,66
2025-09-27T14:07:34.150Z,60,21.1,1.91,49.6,0,59.9,0,0,0,0,0,0,0,0,66
2025-09-27T14:07:35.150Z,60,21.1,1.909,49.6,0,59.9,0,0,0,0,0,0,0,0,66
2025-09-27T14:07:36.142Z,60,21.1,1.91,49.6,0,59.9,0,0,0,0,0,0,0,0,66
2025-09-27T14:07:37.151Z,60,21.1,1.91,50.4,0,59.9,0,0,0,0,0,0,0,0,66
2025-09-27T14:07:38.156Z,60,21.1,1.91,49.6,0,59.9,0,0,0,0,0,0,0,0,66
2025-09-27T14:07:39.162Z,60,21.1,1.91,50.4,0,59.9,0,0,0,0,0,0,0,0,66
2025-09-27T14:07:40.153Z,60,21.1,1.909,49.6,0,59.9,0,0,0,0,0,0,0,0,66
2025-09-27T14:07:41.154Z,60,21.1,1.909,50.4,0,59.9,0,0,0,0,0,0,0,0,66
2025-09-27T14:07:42.160Z,60,21.1,1.91,49.6,0,59.9,0,0,0,0,0,0,0,0,66
2025-09-27T14:07:43.155Z,60,21.1,1.909,50.4,0,59.9,0,0,0,0,0,0,0,0,66
2025-09-27T14:07:44.152Z,60,21.1,1.909,49.6,0,59.9,0,0,0,0,0,0,0,0,66
2025-09-27T14:07:45.155Z,60,21.1,1.909,50.4,0,59.9,0,0,0,0,0,0,0,0,66
2025-09-27T14:07:46.153Z,60,21.1,1.909,49.6,0,59.9,0,0,0,0,0,0,0,0,66
2025-09-27T14:07:47.159Z,60.1,21.1,1.909,50.4,0,59.9,0,0,0,0,0,0,0,0,66
2025-09-27T14:07:48.158Z,60,21.1,1.909,49.6,0,59.9,0,0,0,0,0,0,0,0,66
2025-09-27T14:07:49.158Z,60.1,21.1,1.909,50.4,0,59.9,0,0,0,0,0,0,0,0,66
2025-09-27T14:07:50.155Z,60.1,21.1,1.909,49.6,0,59.9,0,0,0,0,0,0,0,0,66
2025-09-27T14:07:51.157Z,60.1,21.1,1.909,50.4,0,59.9,0,0,0,0,0,0,0,0,66
2025-09-27T14:07:52.159Z,60.1,21.1,1.909,49.6,0,59.9,0,0,0,0,0,0,0,0,66
2025-09-27T14:07:53.159Z,60.1,21.1,1.909,50.4,0,59.9,0,0,0,0,0,0,0,0,66
2025-09-27T14:07:54.163Z,60.1,21.1,1.909,49.6,0,59.9,0,0,0,0,0,0,0,0,66
2025-09-27T14:07:55.159Z,60.1,21.1,1.909,50.4,0,59.9,0,0,0,0,0,0,0,0,66
2025-09-27T14:07:56.161Z,60.1,21.1,1.909,49.6,0,59.9,0,0,0,0,0,0,0,0,66
2025-09-27T14:07:57.168Z,60.1,21.1,1.909,50.4,0,59.9,0,0,0,0,0,0,0,0,66
2025-09-27T14:07:58.168Z,60.1,21.1,1.909,49.6,0,59.9,0,0,0,0,0,0,0,0,66
2025-09-27T14:07:59.166Z,60.1,21.1,1.909,50.4,0,59.9,0,0,0,0,0,0,0,0,66
2025-09-27T14:08:00.170Z,60.1,21.1,1.909,49.6,0,59.9,0,0,0,0,0,0,0,0,66
2025-09-27T14:08:01.172Z,60.1,21.1,1.909,50.4,0,59.9,0,0,0,0,0,0,0,0,66
2025-09-27T14:08:02.168Z,60.1,21.1,1.909,49.6,0,59.9,0,0,0,0,0,0,0,0,66
2025-09-27T14:08:03.174Z,60.2,21.1,1.909,49.6,0,59.9,0,0,0,0,0,0,0,0,66
2025-09-27T14:08:04.176Z,60.2,21.1,1.909,49.6,0,59.9,0,0,0,0,0,0,0,0,66
2025-09-27T14:08:05.167Z,60.2,21.1,1.909,49.6,0,59.9,0,0,0,0,0,0,0,0,66
2025-09-27T14:08:06.172Z,60.2,21.1,1.909,50.4,0,59.9,0,0,0,0,0,0,0,0,66
2025-09-27T14:08:07.173Z,60.2,21.1,1.909,49.6,0,59.9,0,0,0,0,0,0,0,0,66
2025-09-27T14:08:08.175Z,60.2,21.1,1.909,50.4,0,59.9,0,0,0,0,0,0,0,0,66
2025-09-27T14:08:09.175Z,60.2,21.1,1.909,49.6,0,59.9,0,0,0,0,0,0,0,0,66
2025-09-27T14:08:10.176Z,60.2,21.1,1.909,50.4,0,59.9,0,0,0,0,0,0,0,0,66
2025-09-27T14:08:11.176Z,60.2,21.1,1.909,49.6,0,59.9,0,0,0,0,0,0,0,0,66
2025-09-27T14:08:12.178Z,60.2,21.1,1.909,49.6,0,59.9,0,0,0,0,0,0,0,0,66
2025-09-27T14:08:13.183Z,60.2,21.1,1.909,50.4,0,59.9,0,0,0,0,0,0,0,0,66
2025-09-27T14:08:14.175Z,60.2,21.1,1.909,49.6,0,59.9,0,0,0,0,0,0,0,0,66
2025-09-27T14:08:15.181Z,60.2,21.1,1.909,50.4,0,59.9,0,0,0,0,0,0,0,0,66
2025-09-27T14:08:16.185Z,60.2,21.1,1.909,49.6,0,59.9,0,0,0,0,0,0,0,0,66
2025-09-27T14:08:17.184Z,60.3,21.1,1.909,50.4,0,59.9,0,0,0,0,0,0,0,0,66
2025-09-27T14:08:18.191Z,60.3,21.1,1.909,50.4,0,59.9,0,0,0,0,0,0,0,0,66
2025-09-27T14:08:19.186Z,60.3,21.1,1.909,49.6,0,59.9,0,0,0,0,0,0,0,0,66
2025-09-27T14:08:20.186Z,60.3,21.1,1.909,50.4,0,59.9,0,0,0,0,0,0,0,0,66
2025-09-27T14:08:21.184Z,60.3,21.1,1.908,49.6,0,59.9,0,0,0,0,0,0,0,0,66
2025-09-27T14:08:22.190Z,60.3,21.1,1.909,50.4,0,59.9,0,0,0,0,0,0,0,0,66
2025-09-27T14:08:23.190Z,60.3,21.1,1.909,49.6,0,59.9,0,0,0,0,0,0,0,0,66
2025-09-27T14:08:24.188Z,60.3,21.1,1.908,49.6,0,59.9,0,0,0,0,0,0,0,0,66
2025-09-27T14:08:25.193Z,60.3,21.1,1.909,49.6,0,59.9,0,0,0,0,0,0,0,0,66
2025-09-27T14:08:26.192Z,60.3,21.1,1.909,50.4,0,59.9,0,0,0,0,0,0,0,0,66
2025-09-27T14:08:27.197Z,60.3,21.1,1.909,49.6,0,59.9,0,0,0,0,0,0,0,0,66
2025-09-27T14:08:28.193Z,60.3,21.1,1.909,50.4,0,59.9,0,0,0,0,0,0,0,0,66
2025-09-27T14:08:29.191Z,60.3,21.1,1.908,49.6,0,59.9,0,0,0,0,0,0,0,0,66
2025-09-27T14:08:30.193Z,60.3,21.1,1.909,49.6,0,59.9,0,0,0,0,0,0,0,0,66
2025-09-27T14:08:31.193Z,60.4,21.1,1.908,50.4,0,59.9,0,0,0,0,0,0,0,0,66
2025-09-27T14:08:32.197Z,60.4,21.1,1.909,49.6,0,59.9,0,0,0,0,0,0,0,0,66
2025-09-27T14:08:33.194Z,60.4,21.1,1.908,50.4,0,59.9,0,0,0,0,0,0,0,0,66
2025-09-27T14:08:34.197Z,60.4,21.1,1.907,49.6,0,59.9,0,0,0,0,0,0,0,0,66
2025-09-27T14:08:35.202Z,60.4,21.1,1.909,49.6,0,59.9,0,0,0,0,0,0,0,0,66
2025-09-27T14:08:36.199Z,60.4,21.1,1.907,50.4,0,59.9,0,0,0,0,0,0,0,0,66
2025-09-27T14:08:37.202Z,60.4,21.1,1.907,49.6,0,59.9,0,0,0,0,0,0,0,0,66
2025-09-27T14:08:38.201Z,60.4,21.1,1.907,49.6,0,59.9,0,0,0,0,0,0,0,0,66
2025-09-27T14:08:39.204Z,60.4,21.1,1.907,50.4,0,59.9,0,0,0,0,0,0,0,0,66
2025-09-27T14:08:40.205Z,60.4,21.1,1.907,50.4,0,59.9,0,0,0,0,0,0,0,0,66
2025-09-27T14:08:41.206Z,60.4,21.1,1.907,49.6,0,59.9,0,0,0,0,0,0,0,0,66
2025-09-27T14:08:42.213Z,60.4,21.1,1.907,50.4,0,59.9,0,0,0,0,0,0,0,0,66
2025-09-27T14:08:43.209Z,60.4,21.1,1.907,49.6,0,59.9,0,0,0,0,0,0,0,0,66
2025-09-27T14:08:44.219Z,60.4,21.1,1.906,50.4,0,59.9,0,0,0,0,0,0,0,0,66
2025-09-27T14:08:45.210Z,60.4,21.1,1.907,49.6,0,59.9,0,0,0,0,0,0,0,0,66
2025-09-27T14:08:46.212Z,60.5,21.1,1.907,50.4,0,59.9,0,0,0,0,0,0,0,0,66
2025-09-27T14:08:47.212Z,60.5,21.1,1.907,49.6,0,59.9,0,0,0,0,0,0,0,0,66
2025-09-27T14:08:48.218Z,60.5,21.1,1.907,49.6,0,59.9,0,0,0,0,0,0,0,0,66
2025-09-27T14:08:49.214Z,60.5,21.1,1.907,50.4,0,59.9,0,0,0,0,0,0,0,0,66
2025-09-27T14:08:50.214Z,60.5,21.1,1.907,49.6,0,59.9,0,0,0,0,0,0,0,0,66
2025-09-27T14:08:51.218Z,60.5,21.1,1.907,49.6,0,59.9,0,0,0,0,0,0,0,0,66
2025-09-27T14:08:52.216Z,60.5,21.1,1.907,50.4,0,59.9,0,0,0,0,0,0,0,0,66
2025-09-27T14:08:53.216Z,60.5,21.1,1.907,49.6,0,59.9,0,0,0,0,0,0,0,0,66
2025-09-27T14:08:54.220Z,60.5,21.1,1.907,49.6,0,59.9,0,0,0,0,0,0,0,0,66
2025-09-27T14:08:55.217Z,60.5,21.1,1.907,50.4,0,59.9,0,0,0,0,0,0,0,0,66
2025-09-27T14:08:56.220Z,60.5,21.1,1.907,49.6,0,59.9,0,0,0,0,0,0,0,0,66
2025-09-27T14:08:57.219Z,60.5,21.1,1.907,50.4,0,59.9,0,0,0,0,0,0,0,0,66
2025-09-27T14:08:58.220Z,60.5,21.1,1.907,50.4,0,59.9,0,0,0,0,0,0,0,0,66
2025-09-27T14:08:59.223Z,60.5,21.1,1.907,49.6,0,59.9,0,0,0,0,0,0,0,0,66
2025-09-27T14:09:00.223Z,60.5,21.1,1.907,50.4,0,59.9,0,0,0,0,0,0,0,0,66
2025-09-27T14:09:01.228Z,60.5,21.1,1.907,49.6,0,59.9,0,0,0,0,0,0,0,0,66
2025-09-27T14:09:02.224Z,60.5,21.1,1.907,50.4,0,59.9,0,0,0,0,0,0,0,0,66
2025-09-27T14:09:03.227Z,60.6,21.1,1.907,49.6,0,59.9,0,0,0,0,0,0,0,0,66
2025-09-27T14:09:04.225Z,60.6,21.1,1.907,50.4,0,59.9,0,0,0,0,0,0,0,0,66
2025-09-27T14:09:05.226Z,60.6,21.1,1.907,50.4,0,59.9,0,0,0,0,0,0,0,0,66
2025-09-27T14:09:06.227Z,60.6,21.1,1.907,49.6,0,59.9,0,0,0,0,0,0,0,0,66
2025-09-27T14:09:07.233Z,60.6,21.1,1.907,49.6,0,59.9,0,0,0,0,0,0,0,0,66
2025-09-27T14:09:08.231Z,60.6,21.1,1.907,49.6,0,59.9,0,0,0,0,0,0,0,0,66
2025-09-27T14:09:09.232Z,60.6,21.1,1.906,50.4,0,59.9,0,0,0,0,0,0,0,0,66
2025-09-27T14:09:10.233Z,60.6,21.1,1.907,49.6,0,59.9,0,0,0,0,0,0,0,0,66
2025-09-27T14:09:11.234Z,60.6,21.1,1.906,49.6,0,59.9,0,0,0,0,0,0,0,0,66
2025-09-27T14:09:12.233Z,60.6,21.1,1.907,50.4,0,59.9,0,0,0,0,0,0,0,0,66
2025-09-27T14:09:13.242Z,60.6,21.1,1.906,50.4,0,59.9,0,0,0,0,0,0,0,0,66
2025-09-27T14:09:14.237Z,60.6,21.1,1.906,49.6,0,59.9,0,0,0,0,0,0,0,0,66
2025-09-27T14:09:15.242Z,60.6,21.1,1.906,50.4,0,59.9,0,0,0,0,0,0,0,0,66
2025-09-27T14:09:16.239Z,60.6,21.1,1.906,49.6,0,59.9,0,0,0,0,0,0,0,0,66
2025-09-27T14:09:17.241Z,60.6,21.1,1.906,50.4,0,59.9,0,0,0,0,0,0,0,0,66
2025-09-27T14:09:18.241Z,60.6,21.1,1.906,49.6,0,59.9,0,0,0,0,0,0,0,0,66
2025-09-27T14:09:19.241Z,60.7,21.1,1.906,50.4,0,59.9,0,0,0,0,0,0,0,0,66
2025-09-27T14:09:20.244Z,60.7,21.1,1.906,49.6,0,59.9,0,0,0,0,0,0,0,0,66
2025-09-27T14:09:21.239Z,60.7,21.1,1.906,50.4,0,59.9,0,0,0,0,0,0,0,0,66
2025-09-27T14:09:22.243Z,60.7,21.1,1.906,50.4,0,59.9,0,0,0,0,0,0,0,0,66
2025-09-27T14:09:23.243Z,60.7,21.1,1.906,49.6,0,59.9,0,0,0,0,0,0,0,0,66
2025-09-27T14:09:24.244Z,60.7,21.1,1.906,50.4,0,59.9,0,0,0,0,0,0,0,0,66
2025-09-27T14:09:25.243Z,60.7,21.1,1.906,49.6,0,59.9,0,0,0,0,0,0,0,0,66
2025-09-27T14:09:26.244Z,60.7,21.1,1.906,50.4,0,59.9,0,0,0,0,0,0,0,0,66
2025-09-27T14:09:27.249Z,60.7,21.1,1.906,49.6,0,59.9,0,0,0,0,0,0,0,0,66
2025-09-27T14:09:28.247Z,60.7,21.1,1.906,50.4,0,59.9,0,0,0,0,0,0,0,0,66
2025-09-27T14:09:29.248Z,60.7,21.1,1.906,49.6,0,59.9,0,0,0,0,0,0,0,0,66
2025-09-27T14:09:30.248Z,60.7,21.1,1.906,50.4,0,59.9,0,0,0,0,0,0,0,0,66
2025-09-27T14:09:31.253Z,60.7,21.1,1.905,49.6,0,59.9,0,0,0,0,0,0,0,0,66
2025-09-27T14:09:32.248Z,60.7,21.1,1.906,50.4,0,59.9,0,0,0,0,0,0,0,0,66
2025-09-27T14:09:33.253Z,60.7,21.1,1.905,49.6,0,59.9,0,0,0,0,0,0,0,0,66
2025-09-27T14:09:34.258Z,60.7,21.1,1.905,50.4,0,59.9,0,0,0,0,0,0,0,0,66
2025-09-27T14:09:35.257Z,60.7,21.1,1.905,49.6,0,59.9,0,0,0,0,0,0,0,0,66
2025-09-27T14:09:36.258Z,60.7,21.1,1.905,50.4,0,59.9,0,0,0,0,0,0,0,0,66
2025-09-27T14:09:37.258Z,60.7,21.1,1.905,49.6,0,59.9,0,0,0,0,0,0,0,0,66
2025-09-27T14:09:38.268Z,60.7,21.1,1.905,49.6,0,59.9,0,0,0,0,0,0,0,0,66
2025-09-27T14:09:39.256Z,60.7,21.1,1.906,49.6,0,59.9,0,0,0,0,0,0,0,0,66
2025-09-27T14:09:40.263Z,60.8,21.1,1.905,50.4,0,59.9,0,0,0,0,0,0,0,0,66
2025-09-27T14:09:41.264Z,60.8,21.1,1.905,49.6,0,59.9,0,0,0,0,0,0,0,0,66
2025-09-27T14:09:42.261Z,60.8,21.1,1.905,49.6,0,59.9,0,0,0,0,0,0,0,0,66
2025-09-27T14:09:43.259Z,60.8,21.1,1.906,50.4,0,59.9,0,0,0,0,0,0,0,0,66
2025-09-27T14:09:44.265Z,60.8,21.1,1.905,49.6,0,59.9,0,0,0,0,0,0,0,0,66
2025-09-27T14:09:45.262Z,60.8,21.1,1.905,50.4,0,59.9,0,0,0,0,0,0,0,0,66
2025-09-27T14:09:46.262Z,60.8,21.1,1.905,49.6,0,59.9,0,0,0,0,0,0,0,0,66
2025-09-27T14:09:47.267Z,60.8,21.1,1.905,50.4,0,59.9,0,0,0,0,0,0,0,0,66
2025-09-27T14:09:48.268Z,60.8,21.1,1.905,49.6,0,59.9,0,0,0,0,0,0,0,0,66
2025-09-27T14:09:49.268Z,60.8,21.1,1.905,50.4,0,59.9,0,0,0,0,0,0,0,0,66
2025-09-27T14:09:50.266Z,60.8,21.1,1.905,50.4,0,59.9,0,0,0,0,0,0,0,0,66
2025-09-27T14:09:51.267Z,60.8,21.1,1.905,49.6,0,59.9,0,0,0,0,0,0,0,0,66
2025-09-27T14:09:52.267Z,60.8,21.1,1.905,50.4,0,59.9,0,0,0,0,0,0,0,0,66
2025-09-27T14:09:53.281Z,60.8,21.1,1.906,49.6,0,59.9,0,0,0,0,0,0,0,0,66
2025-09-27T14:09:54.271Z,60.8,21.1,1.905,50.4,0,59.9,0,0,0,0,0,0,0,0,66
2025-09-27T14:09:55.269Z,60.8,21.1,1.905,49.6,0,59.9,0,0,0,0,0,0,0,0,66
2025-09-27T14:09:56.271Z,60.8,21.1,1.905,50.4,0,59.9,0,0,0,0,0,0,0,0,66
2025-09-27T14:09:57.276Z,60.8,21.1,1.905,49.6,0,59.9,0,0,0,0,0,0,0,0,66
2025-09-27T14:09:58.275Z,60.8,21.1,1.905,50.4,0,59.9,0,0,0,0,0,0,0,0,66
2025-09-27T14:09:59.278Z,60.9,21.1,1.905,49.6,0,59.9,0,0,0,0,0,0,0,0,66
2025-09-27T14:10:00.277Z,60.9,21.1,1.905,50.4,0,59.8,0,0,0,0,0,0,0,0,66
2025-09-27T14:10:01.280Z,60.9,21.1,1.905,49.6,0,59.9,0,0,0,0,0,0,0,0,66
2025-09-27T14:10:02.280Z,60.9,21.1,1.905,50.4,0,59.8,0,0,0,0,0,0,0,0,66
2025-09-27T14:10:03.278Z,60.9,21.1,1.905,49.6,0,59.9,0,0,0,0,0,0,0,0,66
2025-09-27T14:10:04.284Z,60.9,21.1,1.905,50.4,0,59.9,0,0,0,0,0,0,0,0,66
2025-09-27T14:10:05.286Z,60.9,21.1,1.905,49.6,0,59.9,0,0,0,0,0,0,0,0,66
2025-09-27T14:10:06.289Z,60.9,21.1,1.906,50.4,0,59.9,0,0,0,0,0,0,0,0,66
2025-09-27T14:10:07.284Z,60.9,21.1,1.905,49.6,0,59.9,0,0,0,0,0,0,0,0,66
2025-09-27T14:10:08.287Z,60.9,21.1,1.905,50.4,0,59.9,0,0,0,0,0,0,0,0,66
2025-09-27T14:10:09.283Z,60.9,21.1,1.905,49.6,0,59.8,0,0,0,0,0,0,0,0,66
2025-09-27T14:10:10.288Z,60.9,21.1,1.905,50.4,0,59.9,0,0,0,0,0,0,0,0,66
2025-09-27T14:10:11.287Z,60.9,21.1,1.905,49.6,0,59.9,0,0,0,0,0,0,0,0,66
2025-09-27T14:10:12.289Z,60.9,21.1,1.905,50.4,0,59.9,0,0,0,0,0,0,0,0,66
2025-09-27T14:10:13.291Z,60.9,21.1,1.905,49.6,0,59.9,0,0,0,0,0,0,0,0,66
2025-09-27T14:10:14.290Z,60.9,21.1,1.905,50.4,0,59.9,0,0,0,0,0,0,0,0,66
2025-09-27T14:10:15.291Z,60.9,21.1,1.905,49.6,0,59.9,0,0,0,0,0,0,0,0,66
2025-09-27T14:10:16.294Z,60.9,21.1,1.904,50.4,0,59.9,0,0,0,0,0,0,0,0,66
2025-09-27T14:10:17.295Z,60.9,21.1,1.906,49.6,0,59.8,0,0,0,0,0,0,0,0,66
2025-09-27T14:10:18.295Z,60.9,21.1,1.904,50.4,0,59.9,0,0,0,0,0,0,0,0,66
2025-09-27T14:10:19.297Z,60.9,21.1,1.906,49.6,0,59.9,0,0,0,0,0,0,0,0,66
2025-09-27T14:10:20.293Z,60.9,21.1,1.905,49.6,0,59.9,0,0,0,0,0,0,0,0,66
2025-09-27T14:10:21.300Z,60.9,21.1,1.906,50.4,0,59.9,0,0,0,0,0,0,0,0,66
2025-09-27T14:10:22.296Z,60.9,21.1,1.906,49.6,0,59.9,0,0,0,0,0,0,0,0,66
2025-09-27T14:10:23.299Z,60.9,21.1,1.906,50.4,0,59.9,0,0,0,0,0,0,0,0,66
2025-09-27T14:10:24.300Z,60.9,21.1,1.906,49.6,0,59.9,0,0,0,0,0,0,0,0,66
2025-09-27T14:10:25.298Z,60.9,21.1,1.904,50.4,0,59.9,0,0,0,0,0,0,0,0,66
2025-09-27T14:10:26.303Z,60.9,21.1,1.906,49.6,0,59.9,0,0,0,0,0,0,0,0,66
2025-09-27T14:10:27.306Z,60.9,21.1,1.906,49.6,0,59.9,0,0,0,0,0,0,0,0,66
2025-09-27T14:10:28.305Z,60.9,21.1,1.905,49.6,0,59.9,0,0,0,0,0,0,0,0,66
2025-09-27T14:10:29.304Z,60.9,21.1,1.905,50.4,0,59.9,0,0,0,0,0,0,0,0,66
2025-09-27T14:10:30.308Z,60.9,21.1,1.905,49.6,0,59.9,0,0,0,0,0,0,0,0,66
2025-09-27T14:10:31.305Z,60.9,21.1,1.905,50.4,0,59.9,0,0,0,0,0,0,0,0,66
2025-09-27T14:10:32.309Z,61,21.1,1.905,49.6,0,59.9,0,0,0,0,0,0,0,0,66
2025-09-27T14:10:33.309Z,61,21.1,1.905,50.4,0,59.9,0,0,0,0,0,0,0,0,66
2025-09-27T14:10:34.311Z,61,21.1,1.906,49.6,0,59.9,0,0,0,0,0,0,0,0,66
2025-09-27T14:10:35.310Z,60.9,21.1,1.905,49.6,0,59.9,0,0,0,0,0,0,0,0,66
2025-09-27T14:10:36.310Z,61,21.1,1.906,50.4,0,59.9,0,0,0,0,0,0,0,0,66
2025-09-27T14:10:37.313Z,60.9,21.1,1.905,49.6,0,59.9,0,0,0,0,0,0,0,0,66
2025-09-27T14:10:38.313Z,61,21.1,1.905,50.4,0,59.8,0,0,0,0,0,0,0,0,66
2025-09-27T14:10:39.318Z,61,21.1,1.905,49.6,0,59.9,0,0,0,0,0,0,0,0,66
2025-09-27T14:10:40.327Z,61,21.1,1.904,50.4,0,59.9,0,0,0,0,0,0,0,0,66
2025-09-27T14:10:41.315Z,61,21.1,1.905,50.4,0,59.9,0,0,0,0,0,0,0,0,66
2025-09-27T14:10:42.315Z,61,21.1,1.905,49.6,0,59.9,0,0,0,0,0,0,0,0,66
2025-09-27T14:10:43.316Z,61,21.1,1.905,50.4,0,59.9,0,0,0,0,0,0,0,0,66
2025-09-27T14:10:44.321Z,61,21.1,1.905,49.6,0,59.8,0,0,0,0,0,0,0,0,66
2025-09-27T14:10:45.322Z,61,21.1,1.905,50.4,0,59.9,0,0,0,0,0,0,0,0,66
2025-09-27T14:10:46.335Z,61,21.1,1.904,49.6,0,59.8,0,0,0,0,0,0,0,0,66
2025-09-27T14:10:47.324Z,61,21.1,1.905,50.4,0,59.9,0,0,0,0,0,0,0,0,66
2025-09-27T14:10:48.327Z,61,21.1,1.905,49.6,0,59.9,0,0,0,0,0,0,0,0,66
2025-09-27T14:10:49.331Z,61,21.1,1.905,50.4,0,59.9,0,0,0,0,0,0,0,0,66
2025-09-27T14:10:50.322Z,61,21.1,1.905,49.6,0,59.8,0,0,0,0,0,0,0,0,66
2025-09-27T14:10:51.324Z,61,21.1,1.905,50.4,0,59.8,0,0,0,0,0,0,0,0,66
2025-09-27T14:10:52.322Z,61,21.1,1.905,49.6,0,59.8,0,0,0,0,0,0,0,0,66
2025-09-27T14:10:53.327Z,61,21.1,1.905,50.4,0,59.8,0,0,0,0,0,0,0,0,66
2025-09-27T14:10:54.323Z,61,21.1,1.905,49.6,0,59.9,0,0,0,0,0,0,0,0,66
2025-09-27T14:10:55.327Z,61,21.1,1.905,50.4,0,59.8,0,0,0,0,0,0,0,0,66
2025-09-27T14:10:56.328Z,61,21.1,1.905,49.6,0,59.8,0,0,0,0,0,0,0,0,66
2025-09-27T14:10:57.327Z,61,21.1,1.905,50.4,0,59.8,0,0,0,0,0,0,0,0,66
2025-09-27T14:10:58.331Z,61,21.1,1.905,49.6,0,59.8,0,0,0,0,0,0,0,0,66
2025-09-27T14:10:59.336Z,61,21.1,1.905,50.4,0,59.8,0,0,0,0,0,0,0,0,66
2025-09-27T14:11:00.335Z,61,21.1,1.905,49.6,0,59.8,0,0,0,0,0,0,0,0,66
2025-09-27T14:11:01.332Z,61,21.1,1.905,50.4,0,59.8,0,0,0,0,0,0,0,0,66
2025-09-27T14:11:02.333Z,61,21.1,1.905,49.6,0,59.8,0,0,0,0,0,0,0,0,66
2025-09-27T14:11:03.337Z,61,21.1,1.905,50.4,0,59.8,0,0,0,0,0,0,0,0,66
2025-09-27T14:11:04.335Z,61,21.1,1.905,49.6,0,59.9,0,0,0,0,0,0,0,0,66
2025-09-27T14:11:05.339Z,61,21.1,1.905,49.6,0,59.8,0,0,0,0,0,0,0,0,66
2025-09-27T14:11:06.343Z,61,21.1,1.905,50.4,0,59.8,0,0,0,0,0,0,0,0,66
2025-09-27T14:11:07.340Z,61,21.1,1.905,49.6,0,59.8,0,0,0,0,0,0,0,0,66
2025-09-27T14:11:08.338Z,61,21.1,1.905,50.4,0,59.8,0,0,0,0,0,0,0,0,66
2025-09-27T14:11:09.342Z,61,21.1,1.905,49.6,0,59.8,0,0,0,0,0,0,0,0,66
2025-09-27T14:11:10.341Z,61,21.1,1.905,50.4,0,59.8,0,0,0,0,0,0,0,0,66
2025-09-27T14:11:11.344Z,61,21.1,1.905,49.6,0,59.8,0,0,0,0,0,0,0,0,66
2025-09-27T14:11:12.349Z,61,21.1,1.904,50.4,0,59.8,0,0,0,0,0,0,0,0,66
2025-09-27T14:11:13.350Z,61,21.1,1.904,49.6,0,59.8,0,0,0,0,0,0,0,0,66
2025-09-27T14:11:14.347Z,61,21.1,1.905,50.4,0,59.8,0,0,0,0,0,0,0,0,66
2025-09-27T14:11:15.350Z,61,21.1,1.904,49.6,0,59.8,0,0,0,0,0,0,0,0,66
2025-09-27T14:11:16.349Z,61,21.1,1.905,50.4,0,59.9,0,0,0,0,0,0,0,0,66
2025-09-27T14:11:17.345Z,61,21.1,1.905,49.6,0,59.8,0,0,0,0,0,0,0,0,66
2025-09-27T14:11:18.354Z,61,21.1,1.904,50.4,0,59.8,0,0,0,0,0,0,0,0,66
2025-09-27T14:11:19.351Z,61,21.1,1.905,49.6,0,59.8,0,0,0,0,0,0,0,0,66
2025-09-27T14:11:20.351Z,61,21.1,1.904,50.4,0,59.8,0,0,0,0,0,0,0,0,66
2025-09-27T14:11:21.354Z,61,21.1,1.904,49.6,0,59.8,0,0,0,0,0,0,0,0,66
2025-09-27T14:11:22.354Z,61,21.1,1.904,50.4,0,59.9,0,0,0,0,0,0,0,0,66
2025-09-27T14:11:23.351Z,61,21.1,1.905,49.6,0,59.9,0,0,0,0,0,0,0,0,66
2025-09-27T14:11:24.357Z,60.9,21.1,1.904,50.4,0,59.9,0,0,0,0,0,0,0,0,66
2025-09-27T14:11:25.354Z,61,21.1,1.904,49.6,0,59.9,0,0,0,0,0,0,0,0,66
2025-09-27T14:11:26.358Z,60.9,21.1,1.904,50.4,0,59.9,0,0,0,0,0,0,0,0,66
2025-09-27T14:11:27.357Z,60.9,21.1,1.904,49.6,0,59.9,0,0,0,0,0,0,0,0,66
2025-09-27T14:11:28.356Z,60.9,21.1,1.904,50.4,0,59.9,0,0,0,0,0,0,0,0,66
2025-09-27T14:11:29.360Z,60.9,21.1,1.904,49.6,0,59.9,0,0,0,0,0,0,0,0,66
2025-09-27T14:11:30.362Z,60.9,21.1,1.904,50.4,0,59.9,0,0,0,0,0,0,0,0,66
2025-09-27T14:11:31.357Z,60.9,21.1,1.905,49.6,0,59.9,0,0,0,0,0,0,0,0,66
2025-09-27T14:11:32.362Z,60.9,21.1,1.905,50.4,0,59.9,0,0,0,0,0,0,0,0,66
2025-09-27T14:11:33.366Z,60.9,21.1,1.905,49.6,0,59.9,0,0,0,0,0,0,0,0,66
2025-09-27T14:11:34.364Z,60.9,21.1,1.905,50.4,0,59.9,0,0,0,0,0,0,0,0,66
2025-09-27T14:11:35.366Z,60.9,21.1,1.905,49.6,0,59.9,0,0,0,0,0,0,0,0,66
2025-09-27T14:11:36.366Z,60.9,21.1,1.905,50.4,0,59.9,0,0,0,0,0,0,0,0,66
2025-09-27T14:11:37.364Z,60.9,21.1,1.905,49.6,0,59.9,0,0,0,0,0,0,0,0,66
2025-09-27T14:11:38.366Z,60.9,21.1,1.905,50.4,0,59.9,0,0,0,0,0,0,0,0,66
2025-09-27T14:11:39.368Z,60.9,21.1,1.904,49.6,0,59.9,0,0,0,0,0,0,0,0,66
2025-09-27T14:11:40.372Z,60.9,21.1,1.905,50.4,0,59.9,0,0,0,0,0,0,0,0,66
2025-09-27T14:11:41.377Z,60.9,21.1,1.905,49.6,0,59.9,0,0,0,0,0,0,0,0,66
2025-09-27T14:11:42.371Z,60.9,21.1,1.904,50.4,0,59.9,0,0,0,0,0,0,0,0,66
2025-09-27T14:11:43.375Z,60.9,21.1,1.905,49.6,0,59.9,0,0,0,0,0,0,0,0,66
2025-09-27T14:11:44.374Z,60.9,21.1,1.905,50.4,0,59.9,0,0,0,0,0,0,0,0,66
2025-09-27T14:11:45.377Z,60.9,21.1,1.905,49.6,0,59.9,0,0,0,0,0,0,0,0,66
2025-09-27T14:11:46.376Z,60.9,21.1,1.905,50.4,0,59.9,0,0,0,0,0,0,0,0,66
2025-09-27T14:11:47.380Z,60.9,21.1,1.905,49.6,0,59.9,0,0,0,0,0,0,0,0,66
2025-09-27T14:11:48.379Z,60.9,21.1,1.905,50.4,0,59.9,0,0,0,0,0,0,0,0,66
2025-09-27T14:11:49.380Z,60.9,21.1,1.905,49.6,0,59.9,0,0,0,0,0,0,0,0,66
2025-09-27T14:11:50.380Z,60.9,21.1,1.905,50.4,0,59.9,0,0,0,0,0,0,0,0,66
2025-09-27T14:11:51.374Z,60.9,21.1,1.905,49.6,0,59.9,0,0,0,0,0,0,0,0,66
2025-09-27T14:11:52.382Z,60.9,21.1,1.905,49.6,0,59.9,0,0,0,0,0,0,0,0,66
2025-09-27T14:11:53.380Z,60.9,21.1,1.905,49.6,0,59.9,0,0,0,0,0,0,0,0,66
2025-09-27T14:11:54.385Z,60.9,21.1,1.905,49.6,0,59.9,0,0,0,0,0,0,0,0,66
2025-09-27T14:11:55.380Z,60.9,21.1,1.905,49.6,0,59.9,0,0,0,0,0,0,0,0,66
2025-09-27T14:11:56.384Z,60.9,21.1,1.905,50.4,0,59.9,0,0,0,0,0,0,0,0,66
2025-09-27T14:11:57.382Z,60.9,21.1,1.905,49.6,0,59.9,0,0,0,0,0,0,0,0,66
2025-09-27T14:11:58.386Z,60.9,21.1,1.905,50.4,0,59.9,0,0,0,0,0,0,0,0,66
2025-09-27T14:11:59.389Z,60.9,21.1,1.905,49.6,0,59.9,0,0,0,0,0,0,0,0,66
2025-09-27T14:12:00.393Z,60.9,21.1,1.906,50.4,0,59.9,0,0,0,0,0,0,0,0,66
2025-09-27T14:12:01.387Z,60.9,21.1,1.905,49.6,0,59.9,0,0,0,0,0,0,0,0,66
2025-09-27T14:12:02.395Z,60.9,21.1,1.906,50.4,0,59.9,0,0,0,0,0,0,0,0,66
2025-09-27T14:12:03.394Z,60.9,21.1,1.906,49.6,0,59.9,0,0,0,0,0,0,0,0,66
2025-09-27T14:12:04.392Z,60.9,21.1,1.905,50.4,0,59.9,0,0,0,0,0,0,0,0,66
2025-09-27T14:12:05.388Z,60.8,21.1,1.905,49.6,0,59.9,0,0,0,0,0,0,0,0,66
2025-09-27T14:12:06.391Z,60.8,21.1,1.905,50.4,0,59.9,0,0,0,0,0,0,0,0,66
2025-09-27T14:12:07.394Z,60.8,21.1,1.905,49.6,0,59.9,0,0,0,0,0,0,0,0,66
2025-09-27T14:12:08.396Z,60.8,21.1,1.905,50.4,0,59.9,0,0,0,0,0,0,0,0,66
2025-09-27T14:12:09.397Z,60.8,21.1,1.905,49.6,0,59.9,0,0,0,0,0,0,0,0,66
2025-09-27T14:12:10.400Z,60.8,21.1,1.906,50.4,0,59.9,0,0,0,0,0,0,0,0,66
2025-09-27T14:12:11.401Z,60.8,21.1,1.906,49.6,0,59.9,0,0,0,0,0,0,0,0,66
2025-09-27T14:12:12.400Z,60.8,21.1,1.905,50.4,0,59.9,0,0,0,0,0,0,0,0,66
2025-09-27T14:12:13.399Z,60.8,21.1,1.905,49.6,0,59.9,0,0,0,0,0,0,0,0,66
2025-09-27T14:12:14.402Z,60.8,21.1,1.906,50.4,0,59.9,0,0,0,0,0,0,0,0,66
2025-09-27T14:12:15.401Z,60.8,21.1,1.906,49.6,0,59.9,0,0,0,0,0,0,0,0,66
2025-09-27T14:12:16.402Z,60.8,21.1,1.905,50.4,0,59.9,0,0,0,0,0,0,0,0,66
2025-09-27T14:12:17.405Z,60.8,21.1,1.906,49.6,0,59.9,0,0,0,0,0,0,0,0,66
2025-09-27T14:12:18.409Z,60.8,21.1,1.906,50.4,0,59.9,0,0,0,0,0,0,0,0,66
2025-09-27T14:12:19.408Z,60.8,21.1,1.906,49.6,0,59.9,0,0,0,0,0,0,0,0,66
2025-09-27T14:12:20.408Z,60.8,21.1,1.906,49.6,0,59.9,0,0,0,0,0,0,0,0,66
2025-09-27T14:12:21.415Z,60.8,21.1,1.906,49.6,0,59.9,0,0,0,0,0,0,0,0,66
2025-09-27T14:12:22.413Z,60.8,21.1,1.906,50.4,0,59.9,0,0,0,0,0,0,0,0,66
2025-09-27T14:12:23.410Z,60.8,21.1,1.906,49.6,0,59.9,0,0,0,0,0,0,0,0,66
2025-09-27T14:12:24.410Z,60.8,21.1,1.906,50.4,0,59.9,0,0,0,0,0,0,0,0,66
2025-09-27T14:12:25.410Z,60.8,21.1,1.906,49.6,0,59.9,0,0,0,0,0,0,0,0,66
2025-09-27T14:12:26.413Z,60.8,21.1,1.906,49.6,0,59.9,0,0,0,0,0,0,0,0,66
2025-09-27T14:12:27.414Z,60.8,21.1,1.906,49.6,0,59.9,0,0,0,0,0,0,0,0,66
2025-09-27T14:12:28.411Z,60.8,21.1,1.906,50.4,0,59.9,0,0,0,0,0,0,0,0,66
2025-09-27T14:12:29.417Z,60.8,21.1,1.906,49.6,0,59.9,0,0,0,0,0,0,0,0,66
2025-09-27T14:12:30.416Z,60.7,21.1,1.906,50.4,0,59.9,0,0,0,0,0,0,0,0,66
2025-09-27T14:12:31.418Z,60.7,21.1,1.906,49.6,0,59.9,0,0,0,0,0,0,0,0,66
2025-09-27T14:12:32.418Z,60.7,21.1,1.906,50.4,0,59.9,0,0,0,0,0,0,0,0,66
2025-09-27T14:12:33.420Z,60.7,21.1,1.906,49.6,0,59.9,0,0,0,0,0,0,0,0,66
2025-09-27T14:12:34.418Z,60.7,21.1,1.906,49.6,0,59.9,0,0,0,0,0,0,0,0,66
2025-09-27T14:12:35.424Z,60.7,21.1,1.906,49.6,0,59.9,0,0,0,0,0,0,0,0,66
2025-09-27T14:12:36.424Z,60.7,21.1,1.906,49.6,0,59.9,0,0,0,0,0,0,0,0,66
2025-09-27T14:12:37.419Z,60.7,21.1,1.906,50.4,0,59.9,0,0,0,0,0,0,0,0,66
2025-09-27T14:12:38.422Z,60.7,21.1,1.906,50.4,0,59.9,0,0,0,0,0,0,0,0,66
2025-09-27T14:12:39.424Z,60.7,21.1,1.906,49.6,0,59.9,0,0,0,0,0,0,0,0,66
2025-09-27T14:12:40.427Z,60.7,21.1,1.906,50.4,0,59.9,0,0,0,0,0,0,0,0,66
2025-09-27T14:12:41.431Z,60.7,21.1,1.906,49.6,0,59.9,0,0,0,0,0,0,0,0,66
2025-09-27T14:12:42.427Z,60.7,21.1,1.906,50.4,0,59.9,0,0,0,0,0,0,0,0,66
2025-09-27T14:12:43.428Z,60.7,21.1,1.906,49.6,0,59.9,0,0,0,0,0,0,0,0,66
2025-09-27T14:12:44.430Z,60.7,21.1,1.906,49.6,0,59.9,0,0,0,0,0,0,0,0,66
2025-09-27T14:12:45.432Z,60.7,21.1,1.906,50.4,0,59.9,0,0,0,0,0,0,0,0,66
2025-09-27T14:12:46.430Z,60.7,21.1,1.906,49.6,0,59.9,0,0,0,0,0,0,0,0,66
2025-09-27T14:12:47.432Z,60.7,21.1,1.906,49.6,0,59.9,0,0,0,0,0,0,0,0,66
2025-09-27T14:12:48.437Z,60.7,21.1,1.906,50.4,0,59.9,0,0,0,0,0,0,0,0,66
2025-09-27T14:12:49.437Z,60.7,21.1,1.906,49.6,0,59.9,0,0,0,0,0,0,0,0,66
2025-09-27T14:12:50.434Z,60.6,21.1,1.906,49.6,0,59.9,0,0,0,0,0,0,0,0,66
2025-09-27T14:12:51.435Z,60.6,21.1,1.907,50.4,0,59.9,0,0,0,0,0,0,0,0,66
2025-09-27T14:12:52.434Z,60.6,21.1,1.906,49.6,0,59.9,0,0,0,0,0,0,0,0,66
2025-09-27T14:12:53.436Z,60.6,21.1,1.907,49.6,0,59.9,0,0,0,0,0,0,0,0,66
2025-09-27T14:12:54.438Z,60.6,21.1,1.907,50.4,0,59.9,0,0,0,0,0,0,0,0,66
2025-09-27T14:12:55.436Z,60.6,21.1,1.906,49.6,0,59.9,0,0,0,0,0,0,0,0,66
2025-09-27T14:12:56.439Z,60.6,21.1,1.907,49.6,0,59.9,0,0,0,0,0,0,0,0,66
2025-09-27T14:12:57.439Z,60.6,21.1,1.907,50.4,0,59.9,0,0,0,0,0,0,0,0,66
2025-09-27T14:12:58.440Z,60.6,21.1,1.907,50.4,0,59.9,0,0,0,0,0,0,0,0,66
2025-09-27T14:12:59.442Z,60.6,21.1,1.907,49.6,0,59.9,0,0,0,0,0,0,0,0,66
2025-09-27T14:13:00.448Z,60.6,21.1,1.906,50.4,0,59.9,0,0,0,0,0,0,0,0,66
2025-09-27T14:13:01.444Z,60.6,21.1,1.907,49.6,0,59.9,0,0,0,0,0,0,0,0,66
2025-09-27T14:13:02.447Z,60.6,21.1,1.906,49.6,0,59.9,0,0,0,0,0,0,0,0,66
2025-09-27T14:13:03.447Z,60.6,21.1,1.906,50.4,0,59.9,0,0,0,0,0,0,0,0,66
2025-09-27T14:13:04.448Z,60.6,21.1,1.906,49.6,0,59.9,0,0,0,0,0,0,0,0,66
2025-09-27T14:13:05.449Z,60.6,21.1,1.906,49.6,0,59.9,0,0,0,0,0,0,0,0,66
2025-09-27T14:13:06.446Z,60.6,21.1,1.907,50.4,0,59.9,0,0,0,0,0,0,0,0,66
2025-09-27T14:13:07.449Z,60.6,21.1,1.907,50.4,0,59.9,0,0,0,0,0,0,0,0,66
2025-09-27T14:13:08.448Z,60.6,21.1,1.907,49.6,0,59.9,0,0,0,0,0,0,0,0,66
2025-09-27T14:13:09.453Z,60.6,21.1,1.906,50.4,0,59.9,0,0,0,0,0,0,0,0,66
2025-09-27T14:13:10.451Z,60.6,21.1,1.907,49.6,0,59.9,0,0,0,0,0,0,0,0,66
2025-09-27T14:13:11.452Z,60.6,21.1,1.906,49.6,0,59.9,0,0,0,0,0,0,0,0,66
2025-09-27T14:13:12.453Z,60.5,21.1,1.906,50.4,0,59.9,0,0,0,0,0,0,0,0,66
2025-09-27T14:13:13.456Z,60.5,21.1,1.906,49.6,0,59.9,0,0,0,0,0,0,0,0,66
2025-09-27T14:13:14.455Z,60.5,21.1,1.906,49.6,0,59.9,0,0,0,0,0,0,0,0,66
2025-09-27T14:13:15.459Z,60.5,21.1,1.906,50.4,0,59.9,0,0,0,0,0,0,0,0,66
2025-09-27T14:13:16.459Z,60.5,21.1,1.906,49.6,0,59.9,0,0,0,0,0,0,0,0,66
2025-09-27T14:13:17.458Z,60.5,21.1,1.906,49.6,0,59.9,0,0,0,0,0,0,0,0,66
2025-09-27T14:13:18.463Z,60.5,21.1,1.906,49.6,0,59.9,0,0,0,0,0,0,0,0,66
2025-09-27T14:13:19.464Z,60.5,21.1,1.906,50.4,0,59.9,0,0,0,0,0,0,0,0,66
2025-09-27T14:13:20.461Z,60.5,21.1,1.906,50.4,0,59.9,0,0,0,0,0,0,0,0,66
2025-09-27T14:13:21.463Z,60.5,21.1,1.906,49.6,0,59.9,0,0,0,0,0,0,0,0,66
2025-09-27T14:13:22.463Z,60.5,21.1,1.906,50.4,0,59.9,0,0,0,0,0,0,0,0,66
2025-09-27T14:13:23.462Z,60.5,21.1,1.906,49.6,0,59.9,0,0,0,0,0,0,0,0,66
2025-09-27T14:13:24.464Z,60.5,21.1,1.906,49.6,0,59.9,0,0,0,0,0,0,0,0,66
2025-09-27T14:13:25.459Z,60.5,21.1,1.907,50.4,0,59.9,0,0,0,0,0,0,0,0,66
2025-09-27T14:13:26.471Z,60.5,21.1,1.906,49.6,0,59.9,0,0,0,0,0,0,0,0,66
2025-09-27T14:13:27.468Z,60.5,21.1,1.906,49.6,0,59.9,0,0,0,0,0,0,0,0,66
2025-09-27T14:13:28.468Z,60.5,21.1,1.906,50.4,0,59.9,0,0,0,0,0,0,0,0,66
2025-09-27T14:13:29.471Z,60.5,21.1,1.906,50.4,0,59.9,0,0,0,0,0,0,0,0,66
2025-09-27T14:13:30.471Z,60.5,21.1,1.906,49.6,0,59.9,0,0,0,0,0,0,0,0,66
2025-09-27T14:13:31.468Z,60.5,21.1,1.906,49.6,0,59.9,0,0,0,0,0,0,0,0,66
2025-09-27T14:13:32.476Z,60.4,21.1,1.906,50.4,0,59.9,0,0,0,0,0,0,0,0,66
2025-09-27T14:13:33.474Z,60.4,21.1,1.908,50.4,0,59.9,0,0,0,0,0,0,0,0,66
2025-09-27T14:13:34.475Z,60.4,21.1,1.906,49.6,0,59.9,0,0,0,0,0,0,0,0,66
2025-09-27T14:13:35.474Z,60.4,21.1,1.906,50.4,0,59.9,0,0,0,0,0,0,0,0,66
2025-09-27T14:13:36.478Z,60.4,21.1,1.908,49.6,0,59.9,0,0,0,0,0,0,0,0,66
2025-09-27T14:13:37.473Z,60.4,21.1,1.906,49.6,0,59.9,0,0,0,0,0,0,0,0,66
2025-09-27T14:13:38.479Z,60.4,21.1,1.908,50.4,0,59.9,0,0,0,0,0,0,0,0,66
2025-09-27T14:13:39.478Z,60.4,21.1,1.906,49.6,0,59.9,0,0,0,0,0,0,0,0,66
2025-09-27T14:13:40.475Z,60.4,21.1,1.908,49.6,0,59.9,0,0,0,0,0,0,0,0,66
2025-09-27T14:13:41.483Z,60.4,21.1,1.909,50.4,0,59.9,0,0,0,0,0,0,0,0,66
2025-09-27T14:13:42.481Z,60.4,21.1,1.908,50.4,0,59.9,0,0,0,0,0,0,0,0,66
2025-09-27T14:13:43.484Z,60.4,21.1,1.907,49.6,0,59.9,0,0,0,0,0,0,0,0,66
2025-09-27T14:13:44.481Z,60.4,21.1,1.908,50.4,0,59.9,0,0,0,0,0,0,0,0,66
2025-09-27T14:13:45.485Z,60.4,21.1,1.908,50.4,0,59.9,0,0,0,0,0,0,0,0,66
2025-09-27T14:13:46.486Z,60.4,21.1,1.908,49.6,0,59.9,0,0,0,0,0,0,0,0,66
2025-09-27T14:13:47.481Z,60.4,21.1,1.908,50.4,0,59.9,0,0,0,0,0,0,0,0,66
2025-09-27T14:13:48.484Z,60.4,21.1,1.908,50.4,0,59.9,0,0,0,0,0,0,0,0,66
2025-09-27T14:13:49.490Z,60.4,21.1,1.909,49.6,0,59.9,0,0,0,0,0,0,0,0,66
2025-09-27T14:13:50.488Z,60.4,21.1,1.908,50.4,0,59.9,0,0,0,0,0,0,0,0,66
2025-09-27T14:13:51.490Z,60.4,21.1,1.909,50.4,0,59.9,0,0,0,0,0,0,0,0,66
2025-09-27T14:13:52.492Z,60.4,21.1,1.909,49.6,0,59.9,0,0,0,0,0,0,0,0,66
2025-09-27T14:13:53.487Z,60.4,21.1,1.908,50.4,0,59.9,0,0,0,0,0,0,0,0,66
2025-09-27T14:13:54.491Z,60.4,21.1,1.909,49.6,0,59.9,0,0,0,0,0,0,0,0,66
2025-09-27T14:13:55.499Z,60.3,21.1,1.909,49.6,0,59.9,0,0,0,0,0,0,0,0,66
2025-09-27T14:13:56.497Z,60.3,21.1,1.909,50.4,0,59.9,0,0,0,0,0,0,0,0,66
2025-09-27T14:13:57.503Z,60.3,21.1,1.909,50.4,0,59.9,0,0,0,0,0,0,0,0,66
2025-09-27T14:13:58.496Z,60.3,21.1,1.909,49.6,0,59.9,0,0,0,0,0,0,0,0,66
2025-09-27T14:13:59.502Z,60.3,21.1,1.909,50.4,0,59.9,0,0,0,0,0,0,0,0,66
2025-09-27T14:14:00.496Z,60.3,21.1,1.909,50.4,0,59.9,0,0,0,0,0,0,0,0,66
2025-09-27T14:14:01.502Z,60.3,21.1,1.909,49.6,0,59.9,0,0,0,0,0,0,0,0,66
2025-09-27T14:14:02.510Z,60.3,21.1,1.909,50.4,0,59.9,0,0,0,0,0,0,0,0,66
2025-09-27T14:14:03.510Z,60.3,21.1,1.909,49.6,0,59.9,0,0,0,0,0,0,0,0,66
2025-09-27T14:14:04.507Z,60.3,21.1,1.909,50.4,0,59.9,0,0,0,0,0,0,0,0,66
2025-09-27T14:14:05.509Z,60.3,21.1,1.909,49.6,0,59.9,0,0,0,0,0,0,0,0,66
2025-09-27T14:14:06.504Z,60.3,21.1,1.909,50.4,0,59.9,0,0,0,0,0,0,0,0,66
2025-09-27T14:14:07.507Z,60.3,21.1,1.909,49.6,0,59.9,0,0,0,0,0,0,0,0,66
2025-09-27T14:14:08.507Z,60.3,21.1,1.909,49.6,0,59.9,0,0,0,0,0,0,0,0,66
2025-09-27T14:14:09.507Z,60.3,21.1,1.909,50.4,0,59.9,0,0,0,0,0,0,0,0,66
2025-09-27T14:14:10.511Z,60.3,21.1,1.909,49.6,0,59.9,0,0,0,0,0,0,0,0,66
2025-09-27T14:14:11.511Z,60.3,21.1,1.909,49.6,0,59.9,0,0,0,0,0,0,0,0,66
2025-09-27T14:14:12.509Z,60.3,21.1,1.909,50.4,0,59.9,0,0,0,0,0,0,0,0,66
2025-09-27T14:14:13.513Z,60.3,21.1,1.909,49.6,0,59.9,0,0,0,0,0,0,0,0,66
2025-09-27T14:14:14.512Z,60.3,21.1,1.909,49.6,0,59.9,0,0,0,0,0,0,0,0,66
2025-09-27T14:14:15.513Z,60.3,21.1,1.909,50.4,0,59.9,0,0,0,0,0,0,0,0,66
2025-09-27T14:14:16.516Z,60.3,21.1,1.909,50.4,0,59.9,0,0,0,0,0,0,0,0,66
2025-09-27T14:14:17.520Z,60.2,21.1,1.909,49.6,0,59.9,0,0,0,0,0,0,0,0,66
2025-09-27T14:14:18.516Z,60.2,21.1,1.909,50.4,0,59.9,0,0,0,0,0,0,0,0,66
2025-09-27T14:14:19.517Z,60.2,21.1,1.909,49.6,0,59.9,0,0,0,0,0,0,0,0,66
2025-09-27T14:14:20.512Z,60.2,21.1,1.909,50.4,0,59.9,0,0,0,0,0,0,0,0,66
2025-09-27T14:14:21.517Z,60.2,21.1,1.909,49.6,0,59.9,0,0,0,0,0,0,0,0,66
2025-09-27T14:14:22.519Z,60.2,21.1,1.909,50.4,0,59.9,0,0,0,0,0,0,0,0,66
2025-09-27T14:14:23.514Z,60.2,21.1,1.909,49.6,0,59.9,0,0,0,0,0,0,0,0,66
2025-09-27T14:14:24.519Z,60.2,21.1,1.909,49.6,0,59.9,0,0,0,0,0,0,0,0,66
2025-09-27T14:14:25.521Z,60.2,21.1,1.909,50.4,0,59.9,0,0,0,0,0,0,0,0,66
2025-09-27T14:14:26.524Z,60.2,21.1,1.909,50.4,0,59.9,0,0,0,0,0,0,0,0,66
2025-09-27T14:14:27.521Z,60.2,21.1,1.909,49.6,0,59.9,0,0,0,0,0,0,0,0,66
2025-09-27T14:14:28.526Z,60.2,21.1,1.909,50.4,0,59.9,0,0,0,0,0,0,0,0,66
2025-09-27T14:14:29.525Z,60.2,21.1,1.909,49.6,0,59.9,0,0,0,0,0,0,0,0,66
2025-09-27T14:14:30.526Z,60.2,21.1,1.909,50.4,0,59.9,0,0,0,0,0,0,0,0,66
2025-09-27T14:14:31.524Z,60.2,21.1,1.909,49.6,0,59.9,0,0,0,0,0,0,0,0,66
2025-09-27T14:14:32.527Z,60.2,21.1,1.909,49.6,0,60,0,0,0,0,0,0,0,0,66
2025-09-27T14:14:33.530Z,60.2,21.1,1.909,50.4,0,59.9,0,0,0,0,0,0,0,0,66
2025-09-27T14:14:34.531Z,60.2,21.1,1.909,49.6,0,59.9,0,0,0,0,0,0,0,0,66
2025-09-27T14:14:35.536Z,60.2,21.1,1.909,50.4,0,59.9,0,0,0,0,0,0,0,0,66
2025-09-27T14:14:36.530Z,60.2,21.1,1.909,49.6,0,59.9,0,0,0,0,0,0,0,0,66
2025-09-27T14:14:37.531Z,60.2,21.1,1.909,49.6,0,59.9,0,0,0,0,0,0,0,0,66
2025-09-27T14:14:38.537Z,60.1,21.1,1.909,50.4,0,60,0,0,0,0,0,0,0,0,66
2025-09-27T14:14:39.534Z,60.1,21.1,1.909,49.6,0,59.9,0,0,0,0,0,0,0,0,66
2025-09-27T14:14:40.537Z,60.1,21.1,1.909,49.6,0,59.9,0,0,0,0,0,0,0,0,66
2025-09-27T14:14:41.538Z,60.1,21.1,1.909,50.4,0,59.9,0,0,0,0,0,0,0,0,66
2025-09-27T14:14:42.541Z,60.1,21.1,1.909,49.6,0,59.9,0,0,0,0,0,0,0,0,66
2025-09-27T14:14:43.542Z,60.1,21.1,1.909,50.4,0,59.9,0,0,0,0,0,0,0,0,66
2025-09-27T14:14:44.544Z,60.1,21.1,1.909,50.4,0,60,0,0,0,0,0,0,0,0,66
2025-09-27T14:14:45.542Z,60.1,21.1,1.909,49.6,0,59.9,0,0,0,0,0,0,0,0,66
2025-09-27T14:14:46.544Z,60.1,21.1,1.909,50.4,0,59.9,0,0,0,0,0,0,0,0,66
2025-09-27T14:14:47.545Z,60.1,21.1,1.909,49.6,0,60,0,0,0,0,0,0,0,0,66
2025-09-27T14:14:48.544Z,60.1,21.1,1.909,50.4,0,60,0,0,0,0,0,0,0,0,66
2025-09-27T14:14:49.550Z,60.1,21.1,1.909,50.4,0,60,0,0,0,0,0,0,0,0,66
2025-09-27T14:14:50.546Z,60.1,21.1,1.909,49.6,0,60,0,0,0,0,0,0,0,0,66
2025-09-27T14:14:51.546Z,60.1,21.1,1.909,50.4,0,60,0,0,0,0,0,0,0,0,66
2025-09-27T14:14:52.548Z,60.1,21.1,1.909,49.6,0,60,0,0,0,0,0,0,0,0,66
2025-09-27T14:14:53.548Z,60.1,21.1,1.909,50.4,0,60,0,0,0,0,0,0,0,0,66
2025-09-27T14:14:54.548Z,60.1,21.1,1.909,49.6,0,60,0,0,0,0,0,0,0,0,66
2025-09-27T14:14:55.551Z,60.1,21.1,1.909,50.4,0,60,0,0,0,0,0,0,0,0,66
2025-09-27T14:14:56.547Z,60.1,21.1,1.909,49.6,0,60,0,0,0,0,0,0,0,0,66
2025-09-27T14:14:57.555Z,60.1,21.1,1.909,50.4,0,60,0,0,0,0,0,0,0,0,66
2025-09-27T14:14:58.550Z,60.1,21.1,1.909,49.6,0,60,0,0,0,0,0,0,0,0,66
2025-09-27T14:14:59.555Z,60.1,21.1,1.909,49.6,0,60,0,0,0,0,0,0,0,0,66
2025-09-27T14:15:00.557Z,60,21.1,1.91,50.4,0,60,0,0,0,0,0,0,0,0,66
2025-09-27T14:15:01.561Z,60,21.1,1.91,49.6,0,60,0,0,0,0,0,0,0,0,66
2025-09-27T14:15:02.558Z,60,21.1,1.909,50.4,0,60,0,0,0,0,0,0,0,0,66
2025-09-27T14:15:03.555Z,60,21.1,1.909,49.6,0,60,0,0,0,0,0,0,0,0,66
2025-09-27T14:15:04.556Z,60,21.1,1.909,49.6,0,60,0,0,0,0,0,0,0,0,66
2025-09-27T14:15:05.562Z,60,21.1,1.91,50.4,0,60,0,0,0,0,0,0,0,0,66
2025-09-27T14:15:06.560Z,60,21.1,1.909,49.6,0,60,0,0,0,0,0,0,0,0,66
2025-09-27T14:15:07.563Z,60,21.1,1.91,49.6,0,60,0,0,0,0,0,0,0,0,66
2025-09-27T14:15:08.569Z,60,21.1,1.911,50.4,0,60,0,0,0,0,0,0,0,0,66
2025-09-27T14:15:09.562Z,60,21.1,1.91,49.6,0,60,0,0,0,0,0,0,0,0,66
2025-09-27T14:15:10.563Z,60,21.1,1.91,50.4,0,60,0,0,0,0,0,0,0,0,66
2025-09-27T14:15:11.562Z,60,21.1,1.91,50.4,0,60,0,0,0,0,0,0,0,0,66
2025-09-27T14:15:12.569Z,60,21.1,1.911,49.6,0,60,0,0,0,0,0,0,0,0,66
2025-09-27T14:15:13.567Z,60,21.1,1.91,50.4,0,60,0,0,0,0,0,0,0,0,66
2025-09-27T14:15:14.568Z,60,21.1,1.911,49.6,0,60,0,0,0,0,0,0,0,0,66
2025-09-27T14:15:15.569Z,60,21.1,1.911,50.4,0,60,0,0,0,0,0,0,0,0,66
2025-09-27T14:15:16.571Z,60,21.1,1.911,49.6,0,60,0,0,0,0,0,0,0,0,66
2025-09-27T14:15:17.570Z,60,21.1,1.911,50.4,0,60,0,0,0,0,0,0,0,0,66
2025-09-27T14:15:18.572Z,60,21.1,1.911,49.6,0,60,0,0,0,0,0,0,0,0,66
2025-09-27T14:15:19.572Z,60,21.1,1.911,49.6,0,60,0,0,0,0,0,0,0,0,66
2025-09-27T14:15:20.575Z,60,21.1,1.911,50.4,0,60,0,0,0,0,0,0,0,0,66
2025-09-27T14:15:21.569Z,60,21.1,1.911,49.6,0,60,0,0,0,0,0,0,0,0,66
2025-09-27T14:15:22.576Z,60,21.1,1.911,49.6,0,60,0,0,0,0,0,0,0,0,66
2025-09-27T14:15:23.580Z,60,21.1,1.911,50.4,0,60,0,0,0,0,0,0,0,0,66
2025-09-27T14:15:24.579Z,59.9,21.1,1.911,49.6,0,60,0,0,0,0,0,0,0,0,66
2025-09-27T14:15:25.575Z,59.9,21.1,1.911,50.4,0,60,0,0,0,0,0,0,0,0,66
2025-09-27T14:15:26.581Z,59.9,21.1,1.911,50.4,0,60,0,0,0,0,0,0,0,0,66
2025-09-27T14:15:27.577Z,59.9,21.1,1.911,49.6,0,60,0,0,0,0,0,0,0,0,66
2025-09-27T14:15:28.581Z,59.9,21.1,1.911,50.4,0,60,0,0,0,0,0,0,0,0,66
2025-09-27T14:15:29.582Z,59.9,21.1,1.911,49.6,0,60,0,0,0,0,0,0,0,0,66
2025-09-27T14:15:30.585Z,59.9,21.1,1.911,50.4,0,60,0,0,0,0,0,0,0,0,66
2025-09-27T14:15:31.585Z,59.9,21.1,1.911,49.6,0,60,0,0,0,0,0,0,0,0,66
2025-09-27T14:15:32.579Z,59.9,21.1,1.911,49.6,0,60,0,0,0,0,0,0,0,0,66
2025-09-27T14:15:33.585Z,59.9,21.1,1.911,50.4,0,60,0,0,0,0,0,0,0,0,66
2025-09-27T14:15:34.587Z,59.9,21.1,1.911,49.6,0,60,0,0,0,0,0,0,0,0,66
2025-09-27T14:15:35.590Z,59.9,21.1,1.911,50.4,0,60,0,0,0,0,0,0,0,0,66
2025-09-27T14:15:36.587Z,59.9,21.1,1.911,49.6,0,60,0,0,0,0,0,0,0,0,66
2025-09-27T14:15:37.596Z,59.9,21.1,1.91,50.4,0,60,0,0,0,0,0,0,0,0,66
2025-09-27T14:15:38.595Z,59.9,21.1,1.91,49.6,0,60,0,0,0,0,0,0,0,0,66
2025-09-27T14:15:39.590Z,59.9,21.1,1.911,49.6,0,60,0,0,0,0,0,0,0,0,66
2025-09-27T14:15:40.593Z,59.9,21.1,1.91,50.4,0,60,0,0,0,0,0,0,0,0,66
2025-09-27T14:15:41.595Z,59.9,21.1,1.91,49.6,0,60,0,0,0,0,0,0,0,0,66
2025-09-27T14:15:42.599Z,59.9,21.1,1.91,49.6,0,60,0,0,0,0,0,0,0,0,66
2025-09-27T14:15:43.595Z,59.9,21.1,1.911,50.4,0,60,0,0,0,0,0,0,0,0,66
2025-09-27T14:15:44.600Z,59.9,21.1,1.91,49.6,0,60,0,0,0,0,0,0,0,0,66
2025-09-27T14:15:45.602Z,59.9,21.1,1.91,49.6,0,60,0,0,0,0,0,0,0,0,66
2025-09-27T14:15:46.598Z,59.9,21.1,1.91,50.4,0,60,0,0,0,0,0,0,0,0,66
2025-09-27T14:15:47.600Z,59.8,21.1,1.91,49.6,0,60,0,0,0,0,0,0,0,0,66
2025-09-27T14:15:48.598Z,59.9,21.1,1.911,49.6,0,60,0,0,0,0,0,0,0,0,66
2025-09-27T14:15:49.600Z,59.8,21.1,1.91,50.4,0,60,0,0,0,0,0,0,0,0,66
2025-09-27T14:15:50.601Z,59.8,21.1,1.91,49.6,0,60,0,0,0,0,0,0,0,0,66
2025-09-27T14:15:51.601Z,59.8,21.1,1.91,49.6,0,60,0,0,0,0,0,0,0,0,66
2025-09-27T14:15:52.602Z,59.8,21.1,1.91,50.4,0,60,0,0,0,0,0,0,0,0,66
2025-09-27T14:15:53.604Z,59.8,21.1,1.91,49.6,0,60,0,0,0,0,0,0,0,0,66
2025-09-27T14:15:54.607Z,59.8,21.1,1.91,49.6,0,60,0,0,0,0,0,0,0,0,66
2025-09-27T14:15:55.606Z,59.8,21.1,1.91,50.4,0,60,0,0,0,0,0,0,0,0,66
2025-09-27T14:15:56.603Z,59.8,21.1,1.91,50.4,0,60,0,0,0,0,0,0,0,0,66
2025-09-27T14:15:57.604Z,59.8,21.1,1.91,49.6,0,60,0,0,0,0,0,0,0,0,66
2025-09-27T14:15:58.609Z,59.8,21.1,1.91,50.4,0,60,0,0,0,0,0,0,0,0,66
2025-09-27T14:15:59.610Z,59.8,21.1,1.91,50.4,0,60,0,0,0,0,0,0,0,0,66
2025-09-27T14:16:00.613Z,59.8,21.1,1.91,49.6,0,60,0,0,0,0,0,0,0,0,66
2025-09-27T14:16:01.613Z,59.8,21.1,1.91,50.4,0,60,0,0,0,0,0,0,0,0,66
2025-09-27T14:16:02.609Z,59.8,21.1,1.91,50.4,0,60,0,0,0,0,0,0,0,0,66
2025-09-27T14:16:03.612Z,59.8,21.1,1.91,49.6,0,60,0,0,0,0,0,0,0,0,66
2025-09-27T14:16:04.615Z,59.8,21.1,1.91,50.4,0,60,0,0,0,0,0,0,0,0,66
2025-09-27T14:16:05.621Z,59.8,21.1,1.91,49.6,0,60,0,0,0,0,0,0,0,0,66
2025-09-27T14:16:06.621Z,59.8,21.1,1.911,50.4,0,60,0,0,0,0,0,0,0,0,66
2025-09-27T14:16:07.619Z,59.8,21.1,1.91,49.6,0,60,0,0,0,0,0,0,0,0,66
2025-09-27T14:16:08.619Z,59.8,21.1,1.91,50.4,0,60,0,0,0,0,0,0,0,0,66
2025-09-27T14:16:09.622Z,59.8,21.1,1.91,49.6,0,60,0,0,0,0,0,0,0,0,66
2025-09-27T14:16:10.619Z,59.8,21.1,1.911,49.6,0,60,0,0,0,0,0,0,0,0,66
2025-09-27T14:16:11.620Z,59.8,21.1,1.91,50.4,0,60,0,0,0,0,0,0,0,0,66
2025-09-27T14:16:12.621Z,59.8,21.1,1.91,49.6,0,60,0,0,0,0,0,0,0,0,66
2025-09-27T14:16:13.626Z,59.8,21.1,1.911,50.4,0,60,0,0,0,0,0,0,0,0,66
2025-09-27T14:16:14.624Z,59.7,21.1,1.91,49.6,0,60,0,0,0,0,0,0,0,0,66
2025-09-27T14:16:15.623Z,59.7,21.1,1.911,49.6,0,60,0,0,0,0,0,0,0,0,66
2025-09-27T14:16:16.623Z,59.7,21.1,1.911,50.4,0,60,0,0,0,0,0,0,0,0,66
2025-09-27T14:16:17.628Z,59.7,21.1,1.911,49.6,0,60,0,0,0,0,0,0,0,0,66
2025-09-27T14:16:18.625Z,59.7,21.1,1.911,50.4,0,60,0,0,0,0,0,0,0,0,66
2025-09-27T14:16:19.624Z,59.7,21.1,1.91,50.4,0,60,0,0,0,0,0,0,0,0,66
2025-09-27T14:16:20.625Z,59.7,21.1,1.911,49.6,0,60,0,0,0,0,0,0,0,0,66
2025-09-27T14:16:21.629Z,59.7,21.1,1.912,50.4,0,60,0,0,0,0,0,0,0,0,66
2025-09-27T14:16:22.630Z,59.7,21.1,1.912,49.6,0,60,0,0,0,0,0,0,0,0,66
2025-09-27T14:16:23.631Z,59.7,21.1,1.912,50.4,0,60,0,0,0,0,0,0,0,0,66
2025-09-27T14:16:24.629Z,59.7,21.1,1.911,49.6,0,60,0,0,0,0,0,0,0,0,66
2025-09-27T14:16:25.638Z,59.7,21.1,1.912,49.6,0,60,0,0,0,0,0,0,0,0,66
2025-09-27T14:16:26.635Z,59.7,21.1,1.912,50.4,0,60,0,0,0,0,0,0,0,0,66
2025-09-27T14:16:27.632Z,59.7,21.1,1.911,49.6,0,60,0,0,0,0,0,0,0,0,66
2025-09-27T14:16:28.637Z,59.7,21.1,1.912,50.4,0,60,0,0,0,0,0,0,0,0,66
2025-09-27T14:16:29.637Z,59.7,21.1,1.912,50.4,0,60,0,0,0,0,0,0,0,0,66
2025-09-27T14:16:30.638Z,59.7,21.1,1.912,49.6,0,60,0,0,0,0,0,0,0,0,66
2025-09-27T14:16:31.642Z,59.7,21.1,1.912,50.4,0,60,0,0,0,0,0,0,0,0,66
2025-09-27T14:16:32.643Z,59.7,21.1,1.912,49.6,0,60,0,0,0,0,0,0,0,0,66
2025-09-27T14:16:33.641Z,59.7,21.1,1.912,50.4,0,60,0,0,0,0,0,0,0,0,66
2025-09-27T14:16:34.643Z,59.7,21.1,1.912,49.6,0,60,0,0,0,0,0,0,0,0,66
2025-09-27T14:16:35.642Z,59.7,21.1,1.912,49.6,0,60,0,0,0,0,0,0,0,0,66
2025-09-27T14:16:36.645Z,59.7,21.1,1.912,50.4,0,60,0,0,0,0,0,0,0,0,66
2025-09-27T14:16:37.643Z,59.7,21.1,1.912,49.6,0,60,0,0,0,0,0,0,0,0,66
2025-09-27T14:16:38.643Z,59.7,21.1,1.912,49.6,0,60,0,0,0,0,0,0,0,0,66
2025-09-27T14:16:39.646Z,59.6,21.1,1.912,50.4,0,60,0,0,0,0,0,0,0,0,66
2025-09-27T14:16:40.650Z,59.6,21.1,1.912,49.6,0,60,0,0,0,0,0,0,0,0,66
2025-09-27T14:16:41.647Z,59.6,21.1,1.912,50.4,0,60,0,0,0,0,0,0,0,0,66
2025-09-27T14:16:42.650Z,59.6,21.1,1.912,50.4,0,60,0,0,0,0,0,0,0,0,66
2025-09-27T14:16:43.649Z,59.6,21.1,1.912,49.6,0,60,0,0,0,0,0,0,0,0,66
2025-09-27T14:16:44.654Z,59.6,21.1,1.912,50.4,0,60,0,0,0,0,0,0,0,0,66
2025-09-27T14:16:45.655Z,59.6,21.1,1.912,49.6,0,60,0,0,0,0,0,0,0,0,66
2025-09-27T14:16:46.654Z,59.6,21.1,1.912,50.4,0,60,0,0,0,0,0,0,0,0,66
2025-09-27T14:16:47.657Z,59.6,21.1,1.912,49.6,0,60,0,0,0,0,0,0,0,0,66
2025-09-27T14:16:48.653Z,59.6,21.1,1.912,50.4,0,60,0,0,0,0,0,0,0,0,66
2025-09-27T14:16:49.659Z,59.6,21.1,1.912,50.4,0,60,0,0,0,0,0,0,0,0,66
2025-09-27T14:16:50.657Z,59.6,21.1,1.912,49.6,0,60,0,0,0,0,0,0,0,0,66
2025-09-27T14:16:51.655Z,59.6,21.1,1.912,50.4,0,60,0,0,0,0,0,0,0,0,66
2025-09-27T14:16:52.656Z,59.6,21.1,1.912,49.6,0,60,0,0,0,0,0,0,0,0,66
2025-09-27T14:16:53.658Z,59.6,21.1,1.912,49.6,0,60,0,0,0,0,0,0,0,0,66
2025-09-27T14:16:54.662Z,59.6,21.1,1.912,49.6,0,60,0,0,0,0,0,0,0,0,66
2025-09-27T14:16:55.669Z,59.6,21.1,1.912,50.4,0,60,0,0,0,0,0,0,0,0,66
2025-09-27T14:16:56.662Z,59.6,21.1,1.912,49.6,0,60,0,0,0,0,0,0,0,0,66
2025-09-27T14:16:57.661Z,59.6,21.1,1.912,50.4,0,60,0,0,0,0,0,0,0,0,66
2025-09-27T14:16:58.664Z,59.6,21.1,1.912,50.4,0,60,0,0,0,0,0,0,0,0,66
2025-09-27T14:16:59.662Z,59.6,21.1,1.912,49.6,0,60,0,0,0,0,0,0,0,0,66
2025-09-27T14:17:00.667Z,59.6,21.1,1.912,49.6,0,60.1,0,0,0,0,0,0,0,0,66
2025-09-27T14:17:01.669Z,59.6,21.1,1.912,49.6,0,60.1,0,0,0,0,0,0,0,0,66
2025-09-27T14:17:02.668Z,59.6,21.1,1.912,50.4,0,60.1,0,0,0,0,0,0,0,0,66
2025-09-27T14:17:03.670Z,59.6,21.1,1.912,49.6,0,60,0,0,0,0,0,0,0,0,66
2025-09-27T14:17:04.669Z,59.6,21.1,1.912,49.6,0,60,0,0,0,0,0,0,0,0,66
2025-09-27T14:17:05.672Z,59.6,21.1,1.912,50.4,0,60,0,0,0,0,0,0,0,0,66
2025-09-27T14:17:06.669Z,59.6,21.1,1.912,49.6,0,60,0,0,0,0,0,0,0,0,66
2025-09-27T14:17:07.672Z,59.6,21.1,1.912,50.4,0,60.1,0,0,0,0,0,0,0,0,66
2025-09-27T14:17:08.673Z,59.6,21.1,1.912,50.4,0,60.1,0,0,0,0,0,0,0,0,66
2025-09-27T14:17:09.673Z,59.5,21.1,1.912,49.6,0,60.1,0,0,0,0,0,0,0,0,66
2025-09-27T14:17:10.677Z,59.5,21.1,1.912,50.4,0,60.1,0,0,0,0,0,0,0,0,66
2025-09-27T14:17:11.676Z,59.5,21.1,1.912,49.6,0,60.1,0,0,0,0,0,0,0,0,66
2025-09-27T14:17:12.673Z,59.5,21.1,1.912,50.4,0,60.1,0,0,0,0,0,0,0,0,66
2025-09-27T14:17:13.679Z,59.5,21.1,1.912,49.6,0,60.1,0,0,0,0,0,0,0,0,66
2025-09-27T14:17:14.678Z,59.5,21.1,1.912,50.4,0,60.1,0,0,0,0,0,0,0,0,66
2025-09-27T14:17:15.680Z,59.5,21.1,1.912,49.6,0,60.1,0,0,0,0,0,0,0,0,66
2025-09-27T14:17:16.682Z,59.5,21.1,1.912,50.4,0,60.1,0,0,0,0,0,0,0,0,66
2025-09-27T14:17:17.683Z,59.5,21.1,1.912,49.6,0,60.1,0,0,0,0,0,0,0,0,66
2025-09-27T14:17:18.681Z,59.5,21.1,1.912,50.4,0,60,0,0,0,0,0,0,0,0,66
2025-09-27T14:17:19.683Z,59.5,21.1,1.912,50.4,0,60,0,0,0,0,0,0,0,0,66
2025-09-27T14:17:20.684Z,59.5,21.1,1.912,49.6,0,60.1,0,0,0,0,0,0,0,0,66
2025-09-27T14:17:21.685Z,59.5,21.1,1.912,50.4,0,60.1,0,0,0,0,0,0,0,0,66
2025-09-27T14:17:22.683Z,59.5,21.1,1.912,49.6,0,60.1,0,0,0,0,0,0,0,0,66
2025-09-27T14:17:23.684Z,59.5,21.1,1.912,50.4,0,60.1,0,0,0,0,0,0,0,0,66
2025-09-27T14:17:24.689Z,59.5,21.1,1.912,49.6,0,60.1,0,0,0,0,0,0,0,0,66
2025-09-27T14:17:25.690Z,59.5,21.1,1.912,50.4,0,60,0,0,0,0,0,0,0,0,66
2025-09-27T14:17:26.694Z,59.5,21.1,1.912,49.6,0,60,0,0,0,0,0,0,0,0,66
2025-09-27T14:17:27.691Z,59.5,21.1,1.912,49.6,0,60,0,0,0,0,0,0,0,0,66
2025-09-27T14:17:28.695Z,59.5,21.1,1.912,49.6,0,60,0,0,0,0,0,0,0,0,66
2025-09-27T14:17:29.692Z,59.5,21.1,1.912,50.4,0,60,0,0,0,0,0,0,0,0,66
2025-09-27T14:17:30.696Z,59.5,21.1,1.912,49.6,0,60,0,0,0,0,0,0,0,0,66
2025-09-27T14:17:31.695Z,59.5,21.1,1.912,50.4,0,60,0,0,0,0,0,0,0,0,66
2025-09-27T14:17:32.695Z,59.5,21.1,1.912,49.6,0,60,0,0,0,0,0,0,0,0,66
2025-09-27T14:17:33.698Z,59.5,21.1,1.912,50.4,0,60,0,0,0,0,0,0,0,0,66
2025-09-27T14:17:34.697Z,59.5,21.1,1.912,49.6,0,60,0,0,0,0,0,0,0,0,66
2025-09-27T14:17:35.696Z,59.5,21.1,1.912,50.4,0,60,0,0,0,0,0,0,0,0,66
2025-09-27T14:17:36.697Z,59.5,21.1,1.912,50.4,0,60.1,0,0,0,0,0,0,0,0,66
2025-09-27T14:17:37.701Z,59.5,21.1,1.912,49.6,0,60.1,0,0,0,0,0,0,0,0,66
2025-09-27T14:17:38.699Z,59.5,21.1,1.912,50.4,0,60,0,0,0,0,0,0,0,0,66
2025-09-27T14:17:39.701Z,59.5,21.1,1.912,49.6,0,60,0,0,0,0,0,0,0,0,66
2025-09-27T14:17:40.702Z,59.5,21.1,1.912,50.4,0,60.1,0,0,0,0,0,0,0,0,66
2025-09-27T14:17:41.708Z,59.5,21.1,1.912,49.6,0,60,0,0,0,0,0,0,0,0,66
2025-09-27T14:17:42.705Z,59.5,21.1,1.912,50.4,0,60,0,0,0,0,0,0,0,0,66
2025-09-27T14:17:43.706Z,59.5,21.1,1.912,49.6,0,60,0,0,0,0,0,0,0,0,66
2025-09-27T14:17:44.706Z,59.5,21.1,1.912,50.4,0,60,0,0,0,0,0,0,0,0,66
2025-09-27T14:17:45.710Z,59.4,21.1,1.912,49.6,0,60,0,0,0,0,0,0,0,0,66
2025-09-27T14:17:46.712Z,59.4,21.1,1.912,49.6,0,60,0,0,0,0,0,0,0,0,66
2025-09-27T14:17:47.709Z,59.4,21.1,1.912,49.6,0,60,0,0,0,0,0,0,0,0,66
2025-09-27T14:17:48.709Z,59.4,21.1,1.912,50.4,0,60,0,0,0,0,0,0,0,0,66
2025-09-27T14:17:49.714Z,59.4,21.1,1.912,49.6,0,60,0,0,0,0,0,0,0,0,66
2025-09-27T14:17:50.710Z,59.4,21.1,1.912,50.4,0,60,0,0,0,0,0,0,0,0,66
2025-09-27T14:17:51.713Z,59.4,21.1,1.913,49.6,0,60,0,0,0,0,0,0,0,0,66
2025-09-27T14:17:52.714Z,59.4,21.1,1.912,50.4,0,60,0,0,0,0,0,0,0,0,66
2025-09-27T14:17:53.714Z,59.4,21.1,1.912,49.6,0,60,0,0,0,0,0,0,0,0,66
2025-09-27T14:17:54.722Z,59.4,21.1,1.912,49.6,0,60,0,0,0,0,0,0,0,0,66
2025-09-27T14:17:55.717Z,59.4,21.1,1.912,50.4,0,60,0,0,0,0,0,0,0,0,66
2025-09-27T14:17:56.718Z,59.4,21.1,1.912,49.6,0,60,0,0,0,0,0,0,0,0,66
2025-09-27T14:17:57.717Z,59.4,21.1,1.912,50.4,0,60,0,0,0,0,0,0,0,0,66
2025-09-27T14:17:58.719Z,59.4,21.1,1.912,49.6,0,60,0,0,0,0,0,0,0,0,66
2025-09-27T14:17:59.726Z,59.4,21.1,1.912,50.4,0,60,0,0,0,0,0,0,0,0,66
2025-09-27T14:18:00.726Z,59.4,21.1,1.912,50.4,0,60,0,0,0,0,0,0,0,0,66
2025-09-27T14:18:01.724Z,59.4,21.1,1.912,49.6,0,60,0,0,0,0,0,0,0,0,66
2025-09-27T14:18:02.718Z,59.4,21.1,1.912,49.6,0,60,0,0,0,0,0,0,0,0,66
2025-09-27T14:18:03.722Z,59.4,21.1,1.912,49.6,0,60,0,0,0,0,0,0,0,0,66
2025-09-27T14:18:04.725Z,59.4,21.1,1.912,50.4,0,60,0,0,0,0,0,0,0,0,66
2025-09-27T14:18:05.723Z,59.4,21.1,1.913,49.6,0,60,0,0,0,0,0,0,0,0,66
2025-09-27T14:18:06.727Z,59.4,21.1,1.913,50.4,0,60,0,0,0,0,0,0,0,0,66
2025-09-27T14:18:07.727Z,59.4,21.1,1.913,50.4,0,60,0,0,0,0,0,0,0,0,66
2025-09-27T14:18:08.726Z,59.4,21.1,1.913,49.6,0,60,0,0,0,0,0,0,0,0,66
2025-09-27T14:18:09.735Z,59.4,21.1,1.912,50.4,0,60,0,0,0,0,0,0,0,0,66
2025-09-27T14:18:10.733Z,59.4,21.1,1.912,49.6,0,60,0,0,0,0,0,0,0,0,66
2025-09-27T14:18:11.732Z,59.4,21.1,1.912,50.4,0,60,0,0,0,0,0,0,0,0,66
2025-09-27T14:18:12.734Z,59.4,21.1,1.912,49.6,0,60,0,0,0,0,0,0,0,0,66
2025-09-27T14:18:13.750Z,59.4,21.1,1.912,50.4,0,60,0,0,0,0,0,0,0,0,66
2025-09-27T14:18:14.736Z,59.4,21.1,1.912,49.6,0,60,0,0,0,0,0,0,0,0,66
2025-09-27T14:18:15.743Z,59.4,21.1,1.912,50.4,0,60,0,0,0,0,0,0,0,0,66
2025-09-27T14:18:16.741Z,59.4,21.1,1.912,49.6,0,60,0,0,0,0,0,0,0,0,66
2025-09-27T14:18:17.742Z,59.4,21.1,1.912,50.4,0,60,0,0,0,0,0,0,0,0,66
2025-09-27T14:18:18.740Z,59.4,21.1,1.912,49.6,0,60,0,0,0,0,0,0,0,0,66
2025-09-27T14:18:19.748Z,59.4,21.1,1.912,50.4,0,60,0,0,0,0,0,0,0,0,66
2025-09-27T14:18:20.740Z,59.4,21.1,1.912,49.6,0,60,0,0,0,0,0,0,0,0,66
2025-09-27T14:18:21.748Z,59.4,21.1,1.912,50.4,0,60,0,0,0,0,0,0,0,0,66
2025-09-27T14:18:22.739Z,59.4,21.1,1.912,50.4,0,60,0,0,0,0,0,0,0,0,66
2025-09-27T14:18:23.747Z,59.4,21.1,1.912,50.4,0,60,0,0,0,0,0,0,0,0,66
2025-09-27T14:18:24.746Z,59.4,21.1,1.912,49.6,0,60,0,0,0,0,0,0,0,0,66
2025-09-27T14:18:25.745Z,59.4,21.1,1.912,50.4,0,60,0,0,0,0,0,0,0,0,66
2025-09-27T14:18:26.745Z,59.4,21.1,1.912,50.4,0,60,0,0,0,0,0,0,0,0,66
2025-09-27T14:18:27.748Z,59.4,21.1,1.912,49.6,0,60,0,0,0,0,0,0,0,0,66
2025-09-27T14:18:28.749Z,59.4,21.1,1.912,50.4,0,60,0,0,0,0,0,0,0,0,66
2025-09-27T14:18:29.751Z,59.4,21.1,1.912,49.6,0,60,0,0,0,0,0,0,0,0,66
2025-09-27T14:18:30.751Z,59.4,21.1,1.912,50.4,0,60,0,0,0,0,0,0,0,0,66
2025-09-27T14:18:31.750Z,59.4,21.1,1.912,49.6,0,60,0,0,0,0,0,0,0,0,66
2025-09-27T14:18:32.750Z,59.4,21.1,1.912,50.4,0,60,0,0,0,0,0,0,0,0,66
2025-09-27T14:18:33.752Z,59.4,21.1,1.912,49.6,0,60,0,0,0,0,0,0,0,0,66
2025-09-27T14:18:34.754Z,59.4,21.1,1.913,50.4,0,60,0,0,0,0,0,0,0,0,66
2025-09-27T14:18:35.755Z,59.4,21.1,1.913,49.6,0,60,0,0,0,0,0,0,0,0,66
2025-09-27T14:18:36.756Z,59.4,21.1,1.913,50.4,0,60,0,0,0,0,0,0,0,0,66
2025-09-27T14:18:37.756Z,59.4,21.1,1.913,49.6,0,60,0,0,0,0,0,0,0,0,66
2025-09-27T14:18:38.758Z,59.4,21.1,1.912,50.4,0,60,0,0,0,0,0,0,0,0,66
2025-09-27T14:18:39.755Z,59.4,21.1,1.912,49.6,0,60,0,0,0,0,0,0,0,0,66
2025-09-27T14:18:40.760Z,59.4,21.1,1.912,50.4,0,60,0,0,0,0,0,0,0,0,66
2025-09-27T14:18:41.761Z,59.4,21.1,1.912,49.6,0,60,0,0,0,0,0,0,0,0,66
2025-09-27T14:18:42.756Z,59.4,21.1,1.912,50.4,0,60,0,0,0,0,0,0,0,0,66
2025-09-27T14:18:43.767Z,59.4,21.1,1.913,49.6,0,60,0,0,0,0,0,0,0,0,66
2025-09-27T14:18:44.765Z,59.4,21.1,1.913,50.4,0,60,0,0,0,0,0,0,0,0,66
2025-09-27T14:18:45.769Z,59.4,21.1,1.912,49.6,0,60,0,0,0,0,0,0,0,0,66
2025-09-27T14:18:46.766Z,59.4,21.1,1.912,50.4,0,60,0,0,0,0,0,0,0,0,66
2025-09-27T14:18:47.765Z,59.4,21.1,1.912,49.6,0,60,0,0,0,0,0,0,0,0,66
2025-09-27T14:18:48.767Z,59.4,21.1,1.912,49.6,0,60,0,0,0,0,0,0,0,0,66
2025-09-27T14:18:49.768Z,59.4,21.1,1.912,49.6,0,60,0,0,0,0,0,0,0,0,66
2025-09-27T14:18:50.765Z,59.4,21.1,1.913,50.4,0,60,0,0,0,0,0,0,0,0,66
2025-09-27T14:18:51.768Z,59.4,21.1,1.912,49.6,0,60,0,0,0,0,0,0,0,0,66
2025-09-27T14:18:52.768Z,59.4,21.1,1.913,50.4,0,60,0,0,0,0,0,0,0,0,66
2025-09-27T14:18:53.769Z,59.4,21.1,1.912,49.6,0,60,0,0,0,0,0,0,0,0,66
2025-09-27T14:18:54.770Z,59.4,21.1,1.912,50.4,0,60,0,0,0,0,0,0,0,0,66
2025-09-27T14:18:55.774Z,59.4,21.1,1.912,49.6,0,60,0,0,0,0,0,0,0,0,66
2025-09-27T14:18:56.774Z,59.4,21.1,1.912,50.4,0,60,0,0,0,0,0,0,0,0,66
2025-09-27T14:18:57.774Z,59.4,21.1,1.912,49.6,0,60,0,0,0,0,0,0,0,0,66
2025-09-27T14:18:58.772Z,59.4,21.1,1.912,49.6,0,60,0,0,0,0,0,0,0,0,66
2025-09-27T14:18:59.776Z,59.4,21.1,1.912,50.4,0,60,0,0,0,0,0,0,0,0,66
2025-09-27T14:19:00.777Z,59.4,21.1,1.912,49.6,0,60,0,0,0,0,0,0,0,0,66
2025-09-27T14:19:01.779Z,59.4,21.1,1.912,50.4,0,60,0,0,0,0,0,0,0,0,66
2025-09-27T14:19:02.781Z,59.4,21.1,1.912,49.6,0,60,0,0,0,0,0,0,0,0,66
2025-09-27T14:19:03.776Z,59.4,21.1,1.912,50.4,0,60,0,0,0,0,0,0,0,0,66
2025-09-27T14:19:04.779Z,59.4,21.1,1.912,49.6,0,60,0,0,0,0,0,0,0,0,66
2025-09-27T14:19:05.786Z,59.4,21.1,1.912,50.4,0,60,0,0,0,0,0,0,0,0,66
2025-09-27T14:19:06.785Z,59.4,21.1,1.912,49.6,0,60,0,0,0,0,0,0,0,0,66
2025-09-27T14:19:07.782Z,59.4,21.1,1.912,50.4,0,60,0,0,0,0,0,0,0,0,66
2025-09-27T14:19:08.780Z,59.5,21.1,1.912,49.6,0,60,0,0,0,0,0,0,0,0,66
2025-09-27T14:19:09.785Z,59.5,21.1,1.912,50.4,0,60,0,0,0,0,0,0,0,0,66
2025-09-27T14:19:10.789Z,59.5,21.1,1.912,49.6,0,60,0,0,0,0,0,0,0,0,66
2025-09-27T14:19:11.789Z,59.5,21.1,1.912,50.4,0,60,0,0,0,0,0,0,0,0,66
2025-09-27T14:19:12.787Z,59.5,21.1,1.912,49.6,0,60,0,0,0,0,0,0,0,0,66
2025-09-27T14:19:13.792Z,59.5,21.1,1.912,50.4,0,60,0,0,0,0,0,0,0,0,66
2025-09-27T14:19:14.796Z,59.5,21.1,1.912,49.6,0,60,0,0,0,0,0,0,0,0,66
2025-09-27T14:19:15.795Z,59.5,21.1,1.912,50.4,0,60,0,0,0,0,0,0,0,0,66
2025-09-27T14:19:16.797Z,59.5,21.1,1.912,49.6,0,60,0,0,0,0,0,0,0,0,66
2025-09-27T14:19:17.795Z,59.5,21.1,1.912,50.4,0,60,0,0,0,0,0,0,0,0,66
2025-09-27T14:19:18.796Z,59.5,21.1,1.912,49.6,0,60,0,0,0,0,0,0,0,0,66
2025-09-27T14:19:19.797Z,59.5,21.1,1.912,50.4,0,60,0,0,0,0,0,0,0,0,66
2025-09-27T14:19:20.796Z,59.5,21.1,1.912,49.6,0,60,0,0,0,0,0,0,0,0,66
2025-09-27T14:19:21.797Z,59.5,21.1,1.912,50.4,0,60,0,0,0,0,0,0,0,0,66
2025-09-27T14:19:22.799Z,59.5,21.1,1.912,49.6,0,60,0,0,0,0,0,0,0,0,66
2025-09-27T14:19:23.796Z,59.5,21.1,1.912,50.4,0,60,0,0,0,0,0,0,0,0,66
2025-09-27T14:19:24.806Z,59.5,21.1,1.912,49.6,0,60,0,0,0,0,0,0,0,0,66
2025-09-27T14:19:25.797Z,59.5,21.1,1.912,50.4,0,60,0,0,0,0,0,0,0,0,66
2025-09-27T14:19:26.806Z,59.5,21.1,1.912,49.6,0,60,0,0,0,0,0,0,0,0,66
2025-09-27T14:19:27.801Z,59.5,21.1,1.912,49.6,0,60,0,0,0,0,0,0,0,0,66
2025-09-27T14:19:28.804Z,59.5,21.1,1.912,49.6,0,60,0,0,0,0,0,0,0,0,66
2025-09-27T14:19:29.803Z,59.5,21.1,1.912,49.6,0,60,0,0,0,0,0,0,0,0,66
2025-09-27T14:19:30.804Z,59.5,21.1,1.912,49.6,0,60,0,0,0,0,0,0,0,0,66
2025-09-27T14:19:31.806Z,59.5,21.1,1.912,49.6,0,60,0,0,0,0,0,0,0,0,66
2025-09-27T14:19:32.812Z,59.5,21.1,1.912,50.4,0,60,0,0,0,0,0,0,0,0,66
2025-09-27T14:19:33.809Z,59.5,21.1,1.912,49.6,0,60,0,0,0,0,0,0,0,0,66
2025-09-27T14:19:34.810Z,59.5,21.1,1.912,49.6,0,60,0,0,0,0,0,0,0,0,66
2025-09-27T14:19:35.816Z,59.5,21.1,1.912,50.4,0,60,0,0,0,0,0,0,0,0,66
2025-09-27T14:19:36.813Z,59.5,21.1,1.912,49.6,0,60,0,0,0,0,0,0,0,0,66
2025-09-27T14:19:37.809Z,59.5,21.1,1.912,50.4,0,60,0,0,0,0,0,0,0,0,66
2025-09-27T14:19:38.811Z,59.5,21.1,1.912,50.4,0,60,0,0,0,0,0,0,0,0,66
2025-09-27T14:19:39.816Z,59.5,21.1,1.912,49.6,0,60,0,0,0,0,0,0,0,0,66
2025-09-27T14:19:40.815Z,59.5,21.1,1.912,50.4,0,60,0,0,0,0,0,0,0,0,66
2025-09-27T14:19:41.819Z,59.5,21.1,1.912,49.6,0,60,0,0,0,0,0,0,0,0,66
2025-09-27T14:19:42.817Z,59.5,21.1,1.912,50.4,0,60,0,0,0,0,0,0,0,0,66
2025-09-27T14:19:43.819Z,59.6,21.1,1.912,49.6,0,60,0,0,0,0,0,0,0,0,66
2025-09-27T14:19:44.818Z,59.6,21.1,1.912,50.4,0,60,0,0,0,0,0,0,0,0,66
2025-09-27T14:19:45.818Z,59.6,21.1,1.912,49.6,0,60,0,0,0,0,0,0,0,0,66
2025-09-27T14:19:46.818Z,59.6,21.1,1.912,49.6,0,60,0,0,0,0,0,0,0,0,66
2025-09-27T14:19:47.820Z,59.6,21.1,1.912,50.4,0,60,0,0,0,0,0,0,0,0,66
2025-09-27T14:19:48.823Z,59.6,21.1,1.912,49.6,0,60,0,0,0,0,0,0,0,0,66
2025-09-27T14:19:49.823Z,59.6,21.1,1.912,50.4,0,60,0,0,0,0,0,0,0,0,66
2025-09-27T14:19:50.822Z,59.6,21.1,1.912,49.6,0,60,0,0,0,0,0,0,0,0,66
2025-09-27T14:19:51.823Z,59.6,21.1,1.912,49.6,0,60,0,0,0,0,0,0,0,0,66
2025-09-27T14:19:52.826Z,59.6,21.1,1.912,50.4,0,60,0,0,0,0,0,0,0,0,66
2025-09-27T14:19:53.828Z,59.6,21.1,1.912,49.6,0,60,0,0,0,0,0,0,0,0,66
2025-09-27T14:19:54.827Z,59.6,21.1,1.912,50.4,0,60,0,0,0,0,0,0,0,0,66
2025-09-27T14:19:55.825Z,59.6,21.1,1.912,49.6,0,60,0,0,0,0,0,0,0,0,66
2025-09-27T14:19:56.830Z,59.6,21.1,1.912,49.6,0,60,0,0,0,0,0,0,0,0,66
2025-09-27T14:19:57.832Z,59.6,21.1,1.912,50.4,0,60,0,0,0,0,0,0,0,0,66
2025-09-27T14:19:58.832Z,59.6,21.1,1.912,49.6,0,60,0,0,0,0,0,0,0,0,66
2025-09-27T14:19:59.836Z,59.6,21.1,1.912,49.6,0,60,0,0,0,0,0,0,0,0,66
2025-09-27T14:20:00.835Z,59.6,21.1,1.912,50.4,0,60,0,0,0,0,0,0,0,0,66
2025-09-27T14:20:01.831Z,59.6,21.1,1.912,49.6,0,60,0,0,0,0,0,0,0,0,66
2025-09-27T14:20:02.838Z,59.6,21.1,1.912,50.4,0,60,0,0,0,0,0,0,0,0,66
2025-09-27T14:20:03.833Z,59.6,21.1,1.912,49.6,0,60,0,0,0,0,0,0,0,0,66
2025-09-27T14:20:04.839Z,59.6,21.1,1.911,50.4,0,60,0,0,0,0,0,0,0,0,66
2025-09-27T14:20:05.839Z,59.6,21.1,1.911,50.4,0,60,0,0,0,0,0,0,0,0,66
2025-09-27T14:20:06.841Z,59.6,21.1,1.911,49.6,0,60,0,0,0,0,0,0,0,0,66
2025-09-27T14:20:07.841Z,59.6,21.1,1.912,50.4,0,60,0,0,0,0,0,0,0,0,66
2025-09-27T14:20:08.842Z,59.6,21.1,1.911,49.6,0,60,0,0,0,0,0,0,0,0,66
2025-09-27T14:20:09.843Z,59.6,21.1,1.911,50.4,0,60,0,0,0,0,0,0,0,0,66
2025-09-27T14:20:10.845Z,59.6,21.1,1.911,49.6,0,60,0,0,0,0,0,0,0,0,66
2025-09-27T14:20:11.847Z,59.6,21.1,1.911,50.4,0,60,0,0,0,0,0,0,0,0,66
2025-09-27T14:20:12.842Z,59.7,21.1,1.911,49.6,0,60,0,0,0,0,0,0,0,0,66
2025-09-27T14:20:13.845Z,59.7,21.1,1.911,50.4,0,60,0,0,0,0,0,0,0,0,66
2025-09-27T14:20:14.847Z,59.7,21.1,1.911,49.6,0,60,0,0,0,0,0,0,0,0,66
2025-09-27T14:20:15.849Z,59.7,21.1,1.911,50.4,0,60,0,0,0,0,0,0,0,0,66
2025-09-27T14:20:16.850Z,59.7,21.1,1.911,50.4,0,60,0,0,0,0,0,0,0,0,66
2025-09-27T14:20:17.847Z,59.7,21.1,1.911,49.6,0,60,0,0,0,0,0,0,0,0,66
2025-09-27T14:20:18.853Z,59.7,21.1,1.911,50.4,0,60,0,0,0,0,0,0,0,0,66
2025-09-27T14:20:19.853Z,59.7,21.1,1.911,49.6,0,60,0,0,0,0,0,0,0,0,66
2025-09-27T14:20:20.849Z,59.7,21.1,1.911,49.6,0,60,0,0,0,0,0,0,0,0,66
2025-09-27T14:20:21.855Z,59.7,21.1,1.911,49.6,0,60,0,0,0,0,0,0,0,0,66
2025-09-27T14:20:22.852Z,59.7,21.1,1.91,50.4,0,60,0,0,0,0,0,0,0,0,66
2025-09-27T14:20:23.854Z,59.7,21.1,1.911,50.4,0,60,0,0,0,0,0,0,0,0,66
2025-09-27T14:20:24.852Z,59.7,21.1,1.91,49.6,0,60,0,0,0,0,0,0,0,0,66
2025-09-27T14:20:25.857Z,59.7,21.1,1.91,50.4,0,60,0,0,0,0,0,0,0,0,66
2025-09-27T14:20:26.857Z,59.7,21.1,1.911,49.6,0,60,0,0,0,0,0,0,0,0,66
2025-09-27T14:20:27.855Z,59.7,21.1,1.91,50.4,0,60,0,0,0,0,0,0,0,0,66
2025-09-27T14:20:28.860Z,59.7,21.1,1.91,49.6,0,60,0,0,0,0,0,0,0,0,66
2025-09-27T14:20:29.860Z,59.7,21.1,1.91,50.4,0,60,0,0,0,0,0,0,0,0,66
2025-09-27T14:20:30.863Z,59.7,21.1,1.911,49.6,0,60,0,0,0,0,0,0,0,0,66
2025-09-27T14:20:31.867Z,59.8,21.1,1.911,50.4,0,60,0,0,0,0,0,0,0,0,66
2025-09-27T14:20:32.862Z,59.8,21.1,1.911,49.6,0,60,0,0,0,0,0,0,0,0,66
2025-09-27T14:20:33.868Z,59.8,21.1,1.911,50.4,0,60,0,0,0,0,0,0,0,0,66
2025-09-27T14:20:34.863Z,59.8,21.1,1.911,49.6,0,60,0,0,0,0,0,0,0,0,66
2025-09-27T14:20:35.864Z,59.8,21.1,1.911,50.4,0,60,0,0,0,0,0,0,0,0,66
2025-09-27T14:20:36.866Z,59.8,21.1,1.911,49.6,0,60,0,0,0,0,0,0,0,0,66
2025-09-27T14:20:37.866Z,59.8,21.1,1.911,50.4,0,59.9,0,0,0,0,0,0,0,0,66
2025-09-27T14:20:38.866Z,59.8,21.1,1.911,49.6,0,60,0,0,0,0,0,0,0,0,66
2025-09-27T14:20:39.868Z,59.8,21.1,1.911,50.4,0,60,0,0,0,0,0,0,0,0,66
2025-09-27T14:20:40.868Z,59.8,21.1,1.911,49.6,0,59.9,0,0,0,0,0,0,0,0,66
2025-09-27T14:20:41.871Z,59.8,21.1,1.911,50.4,0,59.9,0,0,0,0,0,0,0,0,66
2025-09-27T14:20:42.869Z,59.8,21.1,1.91,49.6,0,59.9,0,0,0,0,0,0,0,0,66
2025-09-27T14:20:43.873Z,59.8,21.1,1.911,49.6,0,59.9,0,0,0,0,0,0,0,0,66
2025-09-27T14:20:44.872Z,59.8,21.1,1.911,49.6,0,59.9,0,0,0,0,0,0,0,0,66
2025-09-27T14:20:45.873Z,59.8,21.1,1.911,50.4,0,60,0,0,0,0,0,0,0,0,66
2025-09-27T14:20:46.876Z,59.8,21.1,1.911,49.6,0,59.9,0,0,0,0,0,0,0,0,66
2025-09-27T14:20:47.878Z,59.8,21.1,1.911,50.4,0,59.9,0,0,0,0,0,0,0,0,66
2025-09-27T14:20:48.873Z,59.8,21.1,1.911,49.6,0,59.9,0,0,0,0,0,0,0,0,66
2025-09-27T14:20:49.876Z,59.9,21.1,1.911,50.4,0,59.9,0,0,0,0,0,0,0,0,66
2025-09-27T14:20:50.878Z,59.9,21.1,1.911,49.6,0,59.9,0,0,0,0,0,0,0,0,66
2025-09-27T14:20:51.877Z,59.9,21.1,1.911,50.4,0,60,0,0,0,0,0,0,0,0,66
2025-09-27T14:20:52.876Z,59.9,21.1,1.911,49.6,0,59.9,0,0,0,0,0,0,0,0,66
2025-09-27T14:20:53.880Z,59.9,21.1,1.911,50.4,0,60,0,0,0,0,0,0,0,0,66
2025-09-27T14:20:54.880Z,59.9,21.1,1.911,49.6,0,59.9,0,0,0,0,0,0,0,0,66
2025-09-27T14:20:55.885Z,59.9,21.1,1.911,50.4,0,59.9,0,0,0,0,0,0,0,0,66
2025-09-27T14:20:56.882Z,59.9,21.1,1.911,49.6,0,59.9,0,0,0,0,0,0,0,0,66
2025-09-27T14:20:57.878Z,59.9,21.1,1.911,50.4,0,59.9,0,0,0,0,0,0,0,0,66
2025-09-27T14:20:58.882Z,59.9,21.1,1.911,49.6,0,60,0,0,0,0,0,0,0,0,66
2025-09-27T14:20:59.885Z,59.9,21.1,1.911,50.4,0,60,0,0,0,0,0,0,0,0,66
2025-09-27T14:21:00.889Z,59.9,21.1,1.911,49.6,0,60,0,0,0,0,0,0,0,0,66
2025-09-27T14:21:01.886Z,59.9,21.1,1.911,50.4,0,59.9,0,0,0,0,0,0,0,0,66
2025-09-27T14:21:02.891Z,59.9,21.1,1.91,49.6,0,59.9,0,0,0,0,0,0,0,0,66
2025-09-27T14:21:03.887Z,59.9,21.1,1.911,50.4,0,59.9,0,0,0,0,0,0,0,0,66
2025-09-27T14:21:04.890Z,60,21.1,1.911,49.6,0,59.9,0,0,0,0,0,0,0,0,66
2025-09-27T14:21:05.893Z,60,21.1,1.91,50.4,0,59.9,0,0,0,0,0,0,0,0,66
2025-09-27T14:21:06.894Z,60,21.1,1.91,49.6,0,59.9,0,0,0,0,0,0,0,0,66
2025-09-27T14:21:07.894Z,60,21.1,1.91,49.6,0,59.9,0,0,0,0,0,0,0,0,66
2025-09-27T14:21:08.893Z,60,21.1,1.91,49.6,0,59.9,0,0,0,0,0,0,0,0,66
2025-09-27T14:21:09.892Z,60,21.1,1.91,49.6,0,59.9,0,0,0,0,0,0,0,0,66
2025-09-27T14:21:10.900Z,60,21.1,1.909,50.4,0,59.9,0,0,0,0,0,0,0,0,66
2025-09-27T14:21:11.902Z,60,21.1,1.909,49.6,0,59.9,0,0,0,0,0,0,0,0,66
2025-09-27T14:21:12.899Z,60,21.1,1.909,49.6,0,59.9,0,0,0,0,0,0,0,0,66
2025-09-27T14:21:13.899Z,60,21.1,1.909,50.4,0,59.9,0,0,0,0,0,0,0,0,66
2025-09-27T14:21:14.903Z,60,21.1,1.91,49.6,0,59.9,0,0,0,0,0,0,0,0,66
2025-09-27T14:21:15.903Z,60,21.1,1.909,50.4,0,59.9,0,0,0,0,0,0,0,0,66
2025-09-27T14:21:16.906Z,60,21.1,1.909,49.6,0,59.9,0,0,0,0,0,0,0,0,66
2025-09-27T14:21:17.902Z,60,21.1,1.909,49.6,0,59.9,0,0,0,0,0,0,0,0,66
2025-09-27T14:21:18.904Z,60,21.1,1.909,50.4,0,59.9,0,0,0,0,0,0,0,0,66
2025-09-27T14:21:19.903Z,60,21.1,1.909,49.6,0,59.9,0,0,0,0,0,0,0,0,66
2025-09-27T14:21:20.906Z,60,21.1,1.909,50.4,0,59.9,0,0,0,0,0,0,0,0,66
2025-09-27T14:21:21.904Z,60,21.1,1.909,50.4,0,59.9,0,0,0,0,0,0,0,0,66
2025-09-27T14:21:22.908Z,60,21.1,1.909,49.6,0,59.9,0,0,0,0,0,0,0,0,66
2025-09-27T14:21:23.907Z,60.1,21.1,1.909,49.6,0,59.9,0,0,0,0,0,0,0,0,66
2025-09-27T14:21:24.914Z,60.1,21.1,1.909,49.6,0,59.9,0,0,0,0,0,0,0,0,66
2025-09-27T14:21:25.915Z,60.1,21.1,1.909,50.4,0,59.9,0,0,0,0,0,0,0,0,66
2025-09-27T14:21:26.909Z,60.1,21.1,1.909,50.4,0,59.9,0,0,0,0,0,0,0,0,66
2025-09-27T14:21:27.923Z,60.1,21.1,1.909,49.6,0,59.9,0,0,0,0,0,0,0,0,66
2025-09-27T14:21:28.911Z,60.1,21.1,1.909,50.4,0,59.9,0,0,0,0,0,0,0,0,66
2025-09-27T14:21:29.917Z,60.1,21.1,1.909,49.6,0,59.9,0,0,0,0,0,0,0,0,66
2025-09-27T14:21:30.913Z,60.1,21.1,1.909,50.4,0,59.9,0,0,0,0,0,0,0,0,66
2025-09-27T14:21:31.919Z,60.1,21.1,1.909,49.6,0,59.9,0,0,0,0,0,0,0,0,66
2025-09-27T14:21:32.917Z,60.1,21.1,1.909,49.6,0,59.9,0,0,0,0,0,0,0,0,66
2025-09-27T14:21:33.924Z,60.1,21.1,1.909,50.4,0,59.9,0,0,0,0,0,0,0,0,66
2025-09-27T14:21:34.922Z,60.1,21.1,1.909,49.6,0,59.9,0,0,0,0,0,0,0,0,66
2025-09-27T14:21:35.923Z,60.1,21.1,1.909,50.4,0,60,0,0,0,0,0,0,0,0,66
2025-09-27T14:21:36.927Z,60.1,21.1,1.909,50.4,0,59.9,0,0,0,0,0,0,0,0,66
2025-09-27T14:21:37.924Z,60.1,21.1,1.909,49.6,0,59.9,0,0,0,0,0,0,0,0,66
2025-09-27T14:21:38.926Z,60.2,21.1,1.909,50.4,0,59.9,0,0,0,0,0,0,0,0,66
2025-09-27T14:21:39.925Z,60.2,21.1,1.909,49.6,0,59.9,0,0,0,0,0,0,0,0,66
2025-09-27T14:21:40.924Z,60.2,21.1,1.909,50.4,0,59.9,0,0,0,0,0,0,0,0,66
2025-09-27T14:21:41.928Z,60.2,21.1,1.909,49.6,0,60,0,0,0,0,0,0,0,0,66
2025-09-27T14:21:42.930Z,60.2,21.1,1.909,50.4,0,59.9,0,0,0,0,0,0,0,0,66
2025-09-27T14:21:43.927Z,60.2,21.1,1.909,50.4,0,60,0,0,0,0,0,0,0,0,66
2025-09-27T14:21:44.926Z,60.2,21.1,1.909,49.6,0,60,0,0,0,0,0,0,0,0,66
2025-09-27T14:21:45.929Z,60.2,21.1,1.909,50.4,0,59.9,0,0,0,0,0,0,0,0,66
2025-09-27T14:21:46.931Z,60.2,21.1,1.909,49.6,0,59.9,0,0,0,0,0,0,0,0,66
2025-09-27T14:21:47.934Z,60.2,21.1,1.909,50.4,0,59.9,0,0,0,0,0,0,0,0,66
2025-09-27T14:21:48.935Z,60.2,21.1,1.909,49.6,0,60,0,0,0,0,0,0,0,0,66
2025-09-27T14:21:49.934Z,60.2,21.1,1.909,50.4,0,60,0,0,0,0,0,0,0,0,66
2025-09-27T14:21:50.932Z,60.2,21.1,1.909,49.6,0,59.9,0,0,0,0,0,0,0,0,66
2025-09-27T14:21:51.937Z,60.2,21.1,1.909,50.4,0,60,0,0,0,0,0,0,0,0,66
2025-09-27T14:21:52.935Z,60.3,21.1,1.909,49.6,0,59.9,0,0,0,0,0,0,0,0,66
2025-09-27T14:21:53.936Z,60.3,21.1,1.909,50.4,0,60,0,0,0,0,0,0,0,0,66
2025-09-27T14:21:54.937Z,60.3,21.1,1.909,49.6,0,60,0,0,0,0,0,0,0,0,66
2025-09-27T14:21:55.937Z,60.3,21.1,1.909,50.4,0,60,0,0,0,0,0,0,0,0,66
2025-09-27T14:21:56.941Z,60.3,21.1,1.909,49.6,0,59.9,0,0,0,0,0,0,0,0,66
2025-09-27T14:21:57.941Z,60.3,21.1,1.909,50.4,0,59.9,0,0,0,0,0,0,0,0,66
2025-09-27T14:21:58.944Z,60.3,21.1,1.909,49.6,0,60,0,0,0,0,0,0,0,0,66
2025-09-27T14:21:59.943Z,60.3,21.1,1.909,49.6,0,59.9,0,0,0,0,0,0,0,0,66
2025-09-27T14:22:00.943Z,60.3,21.1,1.909,49.6,0,60,0,0,0,0,0,0,0,0,66
2025-09-27T14:22:01.949Z,60.3,21.1,1.909,50.4,0,60,0,0,0,0,0,0,0,0,66
2025-09-27T14:22:02.946Z,60.3,21.1,1.907,49.6,0,59.9,0,0,0,0,0,0,0,0,66
2025-09-27T14:22:03.953Z,60.3,21.1,1.907,50.4,0,59.9,0,0,0,0,0,0,0,0,66
2025-09-27T14:22:04.949Z,60.3,21.1,1.907,50.4,0,59.9,0,0,0,0,0,0,0,0,66
2025-09-27T14:22:05.946Z,60.3,21.1,1.907,49.6,0,59.9,0,0,0,0,0,0,0,0,66
2025-09-27T14:22:06.948Z,60.3,21.1,1.907,49.6,0,59.9,0,0,0,0,0,0,0,0,66
2025-09-27T14:22:07.954Z,60.3,21.1,1.909,49.6,0,59.9,0,0,0,0,0,0,0,0,66
2025-09-27T14:22:08.951Z,60.4,21.1,1.909,50.4,0,59.9,0,0,0,0,0,0,0,0,66
2025-09-27T14:22:09.952Z,60.4,21.1,1.907,49.6,0,59.9,0,0,0,0,0,0,0,0,66
2025-09-27T14:22:10.953Z,60.4,21.1,1.907,50.4,0,59.9,0,0,0,0,0,0,0,0,66
2025-09-27T14:22:11.954Z,60.4,21.1,1.907,49.6,0,59.9,0,0,0,0,0,0,0,0,66
2025-09-27T14:22:12.957Z,60.4,21.1,1.907,49.6,0,59.9,0,0,0,0,0,0,0,0,66
2025-09-27T14:22:13.955Z,60.4,21.1,1.907,50.4,0,59.9,0,0,0,0,0,0,0,0,66
2025-09-27T14:22:14.959Z,60.4,21.1,1.907,49.6,0,59.9,0,0,0,0,0,0,0,0,66
2025-09-27T14:22:15.963Z,60.4,21.1,1.907,50.4,0,59.9,0,0,0,0,0,0,0,0,66
2025-09-27T14:22:16.959Z,60.4,21.1,1.907,49.6,0,59.9,0,0,0,0,0,0,0,0,66
2025-09-27T14:22:17.959Z,60.4,21.1,1.907,50.4,0,59.9,0,0,0,0,0,0,0,0,66
2025-09-27T14:22:18.959Z,60.4,21.1,1.907,49.6,0,59.9,0,0,0,0,0,0,0,0,66
2025-09-27T14:22:19.964Z,60.4,21.1,1.907,49.6,0,59.9,0,0,0,0,0,0,0,0,66
2025-09-27T14:22:20.960Z,60.4,21.1,1.907,50.4,0,59.9,0,0,0,0,0,0,0,0,66
2025-09-27T14:22:21.964Z,60.4,21.1,1.907,49.6,0,59.9,0,0,0,0,0,0,0,0,66
2025-09-27T14:22:22.963Z,60.4,21.1,1.907,50.4,0,59.9,0,0,0,0,0,0,0,0,66
2025-09-27T14:22:23.966Z,60.5,21.1,1.907,50.4,0,59.9,0,0,0,0,0,0,0,0,66
2025-09-27T14:22:24.965Z,60.5,21.1,1.907,49.6,0,59.9,0,0,0,0,0,0,0,0,66
2025-09-27T14:22:25.967Z,60.5,21.1,1.907,50.4,0,59.9,0,0,0,0,0,0,0,0,66
2025-09-27T14:22:26.972Z,60.5,21.1,1.906,49.6,0,59.9,0,0,0,0,0,0,0,0,66
2025-09-27T14:22:27.969Z,60.5,21.1,1.907,50.4,0,59.9,0,0,0,0,0,0,0,0,66
2025-09-27T14:22:28.967Z,60.5,21.1,1.907,49.6,0,59.9,0,0,0,0,0,0,0,0,66
2025-09-27T14:22:29.971Z,60.5,21.1,1.907,49.6,0,59.9,0,0,0,0,0,0,0,0,66
2025-09-27T14:22:30.973Z,60.5,21.1,1.907,50.4,0,59.9,0,0,0,0,0,0,0,0,66
2025-09-27T14:22:31.970Z,60.5,21.1,1.907,49.6,0,59.9,0,0,0,0,0,0,0,0,66
2025-09-27T14:22:32.971Z,60.5,21.1,1.907,50.4,0,59.9,0,0,0,0,0,0,0,0,66
2025-09-27T14:22:33.975Z,60.5,21.1,1.907,49.6,0,59.9,0,0,0,0,0,0,0,0,66
2025-09-27T14:22:34.975Z,60.5,21.1,1.907,49.6,0,59.9,0,0,0,0,0,0,0,0,66
2025-09-27T14:22:35.972Z,60.5,21.1,1.907,50.4,0,59.9,0,0,0,0,0,0,0,0,66
2025-09-27T14:22:36.977Z,60.5,21.1,1.907,49.6,0,59.9,0,0,0,0,0,0,0,0,66
2025-09-27T14:22:37.984Z,60.5,21.1,1.906,49.6,0,59.9,0,0,0,0,0,0,0,0,66
2025-09-27T14:22:38.981Z,60.6,21.1,1.907,50.4,0,59.9,0,0,0,0,0,0,0,0,66
2025-09-27T14:22:39.974Z,60.6,21.1,1.907,49.6,0,59.9,0,0,0,0,0,0,0,0,66
2025-09-27T14:22:40.978Z,60.6,21.1,1.907,50.4,0,59.9,0,0,0,0,0,0,0,0,66
2025-09-27T14:22:41.983Z,60.6,21.1,1.907,50.4,0,59.9,0,0,0,0,0,0,0,0,66
2025-09-27T14:22:42.979Z,60.6,21.1,1.906,49.6,0,59.9,0,0,0,0,0,0,0,0,66
2025-09-27T14:22:43.985Z,60.6,21.1,1.907,50.4,0,59.9,0,0,0,0,0,0,0,0,66
2025-09-27T14:22:44.983Z,60.6,21.1,1.906,49.6,0,59.9,0,0,0,0,0,0,0,0,66
2025-09-27T14:22:45.985Z,60.6,21.1,1.906,50.4,0,59.9,0,0,0,0,0,0,0,0,66
2025-09-27T14:22:46.982Z,60.6,21.1,1.906,49.6,0,59.9,0,0,0,0,0,0,0,0,66
2025-09-27T14:22:47.985Z,60.6,21.1,1.906,50.4,0,59.9,0,0,0,0,0,0,0,0,66
2025-09-27T14:22:48.993Z,60.6,21.1,1.906,49.6,0,59.9,0,0,0,0,0,0,0,0,66
2025-09-27T14:22:49.989Z,60.6,21.1,1.906,50.4,0,59.9,0,0,0,0,0,0,0,0,66
2025-09-27T14:22:50.990Z,60.6,21.1,1.906,50.4,0,59.9,0,0,0,0,0,0,0,0,66
2025-09-27T14:22:51.989Z,60.6,21.1,1.906,49.6,0,59.9,0,0,0,0,0,0,0,0,66
2025-09-27T14:22:52.985Z,60.6,21.1,1.906,49.6,0,59.9,0,0,0,0,0,0,0,0,66
2025-09-27T14:22:53.990Z,60.6,21.1,1.906,49.6,0,59.9,0,0,0,0,0,0,0,0,66
2025-09-27T14:22:55.004Z,60.6,21.1,1.905,50.4,0,59.9,0,0,0,0,0,0,0,0,66
2025-09-27T14:22:55.990Z,60.6,21.1,1.906,49.6,0,59.9,0,0,0,0,0,0,0,0,66
2025-09-27T14:22:56.995Z,60.7,21.1,1.906,50.4,0,59.9,0,0,0,0,0,0,0,0,66
2025-09-27T14:22:57.995Z,60.7,21.1,1.906,50.4,0,59.9,0,0,0,0,0,0,0,0,66
2025-09-27T14:22:58.995Z,60.7,21.1,1.906,49.6,0,59.9,0,0,0,0,0,0,0,0,66
2025-09-27T14:22:59.994Z,60.7,21.1,1.906,50.4,0,59.9,0,0,0,0,0,0,0,0,66
2025-09-27T14:23:00.993Z,60.7,21.1,1.906,49.6,0,59.9,0,0,0,0,0,0,0,0,66
2025-09-27T14:23:01.998Z,60.7,21.1,1.906,50.4,0,59.9,0,0,0,0,0,0,0,0,66
2025-09-27T14:23:03.001Z,60.7,21.1,1.905,49.6,0,59.9,0,0,0,0,0,0,0,0,66
2025-09-27T14:23:04.000Z,60.7,21.1,1.905,50.4,0,59.9,0,0,0,0,0,0,0,0,66
2025-09-27T14:23:05.001Z,60.7,21.1,1.905,49.6,0,59.9,0,0,0,0,0,0,0,0,66
2025-09-27T14:23:06.004Z,60.7,21.1,1.905,50.4,0,59.9,0,0,0,0,0,0,0,0,66
2025-09-27T14:23:07.005Z,60.7,21.1,1.905,49.6,0,59.9,0,0,0,0,0,0,0,0,66
2025-09-27T14:23:08.005Z,60.7,21.1,1.905,50.4,0,59.9,0,0,0,0,0,0,0,0,66
2025-09-27T14:23:09.007Z,60.7,21.1,1.905,49.6,0,59.9,0,0,0,0,0,0,0,0,66
2025-09-27T14:23:10.007Z,60.7,21.1,1.905,50.4,0,59.9,0,0,0,0,0,0,0,0,66
2025-09-27T14:23:11.011Z,60.7,21.1,1.905,49.6,0,59.9,0,0,0,0,0,0,0,0,66
2025-09-27T14:23:12.011Z,60.7,21.1,1.905,50.4,0,59.9,0,0,0,0,0,0,0,0,66
2025-09-27T14:23:13.012Z,60.7,21.1,1.905,49.6,0,59.9,0,0,0,0,0,0,0,0,66
2025-09-27T14:23:14.014Z,60.7,21.1,1.905,49.6,0,59.9,0,0,0,0,0,0,0,0,66
2025-09-27T14:23:15.012Z,60.8,21.1,1.905,49.6,0,59.9,0,0,0,0,0,0,0,0,66
2025-09-27T14:23:16.014Z,60.8,21.1,1.905,49.6,0,59.9,0,0,0,0,0,0,0,0,66
2025-09-27T14:23:17.019Z,60.8,21.1,1.905,50.4,0,59.9,0,0,0,0,0,0,0,0,66
2025-09-27T14:23:18.016Z,60.8,21.1,1.905,49.6,0,59.9,0,0,0,0,0,0,0,0,66
2025-09-27T14:23:19.011Z,60.8,21.1,1.906,49.6,0,59.9,0,0,0,0,0,0,0,0,66
2025-09-27T14:23:20.018Z,60.8,21.1,1.905,50.4,0,59.9,0,0,0,0,0,0,0,0,66
2025-09-27T14:23:21.017Z,60.8,21.1,1.905,49.6,0,59.9,0,0,0,0,0,0,0,0,66
2025-09-27T14:23:22.015Z,60.8,21.1,1.905,49.6,0,59.9,0,0,0,0,0,0,0,0,66
2025-09-27T14:23:23.015Z,60.8,21.1,1.905,50.4,0,59.9,0,0,0,0,0,0,0,0,66
2025-09-27T14:23:24.021Z,60.8,21.1,1.905,49.6,0,59.9,0,0,0,0,0,0,0,0,66
2025-09-27T14:23:25.017Z,60.8,21.1,1.905,50.4,0,59.9,0,0,0,0,0,0,0,0,66
2025-09-27T14:23:26.017Z,60.8,21.1,1.905,50.4,0,59.9,0,0,0,0,0,0,0,0,66
2025-09-27T14:23:27.025Z,60.8,21.1,1.905,49.6,0,59.9,0,0,0,0,0,0,0,0,66
2025-09-27T14:23:28.021Z,60.8,21.1,1.905,50.4,0,59.9,0,0,0,0,0,0,0,0,66
2025-09-27T14:23:29.030Z,60.8,21.1,1.905,49.6,0,59.9,0,0,0,0,0,0,0,0,66
2025-09-27T14:23:30.025Z,60.8,21.1,1.905,50.4,0,59.9,0,0,0,0,0,0,0,0,66
2025-09-27T14:23:31.024Z,60.8,21.1,1.905,49.6,0,59.9,0,0,0,0,0,0,0,0,66
2025-09-27T14:23:32.027Z,60.8,21.1,1.905,49.6,0,59.9,0,0,0,0,0,0,0,0,66
2025-09-27T14:23:33.034Z,60.8,21.1,1.905,50.4,0,59.9,0,0,0,0,0,0,0,0,66
2025-09-27T14:23:34.034Z,60.8,21.1,1.905,49.6,0,59.9,0,0,0,0,0,0,0,0,66
2025-09-27T14:23:35.031Z,60.8,21.1,1.905,49.6,0,59.9,0,0,0,0,0,0,0,0,66
2025-09-27T14:23:36.028Z,60.8,21.1,1.905,50.4,0,59.9,0,0,0,0,0,0,0,0,66
2025-09-27T14:23:37.033Z,60.8,21.1,1.905,49.6,0,59.9,0,0,0,0,0,0,0,0,66
2025-09-27T14:23:38.031Z,60.8,21.1,1.905,49.6,0,59.9,0,0,0,0,0,0,0,0,66
2025-09-27T14:23:39.034Z,60.9,21.1,1.905,50.4,0,59.9,0,0,0,0,0,0,0,0,66
2025-09-27T14:23:40.037Z,60.9,21.1,1.905,50.4,0,59.9,0,0,0,0,0,0,0,0,66
2025-09-27T14:23:41.038Z,60.9,21.1,1.905,49.6,0,59.9,0,0,0,0,0,0,0,0,66
2025-09-27T14:23:42.038Z,60.9,21.1,1.905,50.4,0,59.9,0,0,0,0,0,0,0,0,66
2025-09-27T14:23:43.038Z,60.9,21.1,1.904,50.4,0,59.9,0,0,0,0,0,0,0,0,66
2025-09-27T14:23:44.037Z,60.9,21.1,1.905,49.6,0,59.9,0,0,0,0,0,0,0,0,66
2025-09-27T14:23:45.035Z,60.9,21.1,1.905,49.6,0,59.9,0,0,0,0,0,0,0,0,66
2025-09-27T14:23:46.041Z,60.9,21.1,1.904,49.6,0,59.9,0,0,0,0,0,0,0,0,66
2025-09-27T14:23:47.043Z,60.9,21.1,1.904,50.4,0,59.9,0,0,0,0,0,0,0,0,66
2025-09-27T14:23:48.048Z,60.9,21.1,1.904,50.4,0,59.9,0,0,0,0,0,0,0,0,66
2025-09-27T14:23:49.044Z,60.9,21.1,1.904,49.6,0,59.9,0,0,0,0,0,0,0,0,66
2025-09-27T14:23:50.045Z,60.9,21.1,1.904,50.4,0,59.9,0,0,0,0,0,0,0,0,66
2025-09-27T14:23:51.041Z,60.9,21.1,1.904,49.6,0,59.9,0,0,0,0,0,0,0,0,66
2025-09-27T14:23:52.045Z,60.9,21.1,1.904,50.4,0,59.9,0,0,0,0,0,0,0,0,66
2025-09-27T14:23:53.044Z,60.9,21.1,1.904,49.6,0,59.9,0,0,0,0,0,0,0,0,66
2025-09-27T14:23:54.051Z,60.9,21.1,1.905,49.6,0,59.9,0,0,0,0,0,0,0,0,66
2025-09-27T14:23:55.048Z,60.9,21.1,1.904,50.4,0,59.9,0,0,0,0,0,0,0,0,66
2025-09-27T14:23:56.051Z,60.9,21.1,1.904,49.6,0,59.9,0,0,0,0,0,0,0,0,66
2025-09-27T14:23:57.052Z,60.9,21.1,1.904,49.6,0,59.9,0,0,0,0,0,0,0,0,66
2025-09-27T14:23:58.058Z,60.9,21.1,1.905,50.4,0,59.9,0,0,0,0,0,0,0,0,66
2025-09-27T14:23:59.053Z,60.9,21.1,1.904,49.6,0,59.9,0,0,0,0,0,0,0,0,66
2025-09-27T14:24:00.054Z,60.9,21.1,1.904,49.6,0,59.9,0,0,0,0,0,0,0,0,66
2025-09-27T14:24:01.057Z,60.9,21.1,1.904,50.4,0,59.9,0,0,0,0,0,0,0,0,66
2025-09-27T14:24:02.062Z,60.9,21.1,1.905,49.6,0,59.9,0,0,0,0,0,0,0,0,66
2025-09-27T14:24:03.056Z,60.9,21.1,1.904,49.6,0,59.9,0,0,0,0,0,0,0,0,66
2025-09-27T14:24:04.058Z,60.9,21.1,1.904,50.4,0,59.9,0,0,0,0,0,0,0,0,66
2025-09-27T14:24:05.059Z,60.9,21.1,1.904,49.6,0,59.9,0,0,0,0,0,0,0,0,66
2025-09-27T14:24:06.059Z,60.9,21.1,1.904,49.6,0,59.9,0,0,0,0,0,0,0,0,66
2025-09-27T14:24:07.061Z,60.9,21.1,1.904,50.4,0,59.9,0,0,0,0,0,0,0,0,66
2025-09-27T14:24:08.062Z,60.9,21.1,1.904,50.4,0,59.9,0,0,0,0,0,0,0,0,66
2025-09-27T14:24:09.057Z,60.9,21.1,1.904,49.6,0,59.9,0,0,0,0,0,0,0,0,66
2025-09-27T14:24:10.059Z,60.9,21.1,1.904,50.4,0,59.9,0,0,0,0,0,0,0,0,66
2025-09-27T14:24:11.060Z,60.9,21.1,1.904,49.6,0,59.9,0,0,0,0,0,0,0,0,66
2025-09-27T14:24:12.066Z,60.9,21.1,1.904,49.6,0,59.9,0,0,0,0,0,0,0,0,66
2025-09-27T14:24:13.064Z,60.9,21.1,1.904,50.4,0,59.9,0,0,0,0,0,0,0,0,66
2025-09-27T14:24:14.068Z,60.9,21.1,1.905,50.4,0,59.9,0,0,0,0,0,0,0,0,66
2025-09-27T14:24:15.068Z,60.9,21.1,1.905,49.6,0,59.9,0,0,0,0,0,0,0,0,66
2025-09-27T14:24:16.065Z,60.9,21.1,1.904,50.4,0,59.9,0,0,0,0,0,0,0,0,66
2025-09-27T14:24:17.072Z,60.9,21.1,1.904,50.4,0,59.9,0,0,0,0,0,0,0,0,66
2025-09-27T14:24:18.075Z,60.9,21.1,1.904,49.6,0,59.9,0,0,0,0,0,0,0,0,66
2025-09-27T14:24:19.072Z,61,21.1,1.904,50.4,0,59.9,0,0,0,0,0,0,0,0,66
2025-09-27T14:24:20.073Z,61,21.1,1.905,49.6,0,59.9,0,0,0,0,0,0,0,0,66
2025-09-27T14:24:21.074Z,60.9,21.1,1.904,50.4,0,59.9,0,0,0,0,0,0,0,0,66
2025-09-27T14:24:22.073Z,61,21.1,1.904,50.4,0,59.9,0,0,0,0,0,0,0,0,66
2025-09-27T14:24:23.075Z,61,21.1,1.904,49.6,0,59.9,0,0,0,0,0,0,0,0,66
2025-09-27T14:24:24.074Z,61,21.1,1.905,50.4,0,59.9,0,0,0,0,0,0,0,0,66
2025-09-27T14:24:25.076Z,61,21.1,1.904,49.6,0,59.9,0,0,0,0,0,0,0,0,66
2025-09-27T14:24:26.081Z,61,21.1,1.904,50.4,0,59.9,0,0,0,0,0,0,0,0,66
2025-09-27T14:24:27.086Z,61,21.1,1.904,49.6,0,59.9,0,0,0,0,0,0,0,0,66
2025-09-27T14:24:28.084Z,61,21.1,1.904,49.6,0,59.9,0,0,0,0,0,0,0,0,66
2025-09-27T14:24:29.079Z,61,21.1,1.904,50.4,0,59.9,0,0,0,0,0,0,0,0,66
2025-09-27T14:24:30.084Z,61,21.1,1.904,49.6,0,59.9,0,0,0,0,0,0,0,0,66
2025-09-27T14:24:31.092Z,61,21.1,1.904,50.4,0,59.9,0,0,0,0,0,0,0,0,66
2025-09-27T14:24:32.078Z,61,21.1,1.904,49.6,0,59.9,0,0,0,0,0,0,0,0,66
2025-09-27T14:24:33.086Z,61,21.1,1.904,50.4,0,59.9,0,0,0,0,0,0,0,0,66
2025-09-27T14:24:34.082Z,61,21.1,1.904,49.6,0,59.9,0,0,0,0,0,0,0,0,66
2025-09-27T14:24:35.085Z,61,21.1,1.905,49.6,0,59.9,0,0,0,0,0,0,0,0,66
2025-09-27T14:24:36.088Z,61,21.1,1.904,50.4,0,59.9,0,0,0,0,0,0,0,0,66
2025-09-27T14:24:37.088Z,61,21.1,1.904,50.4,0,59.9,0,0,0,0,0,0,0,0,66
2025-09-27T14:24:38.093Z,61,21.1,1.904,49.6,0,59.9,0,0,0,0,0,0,0,0,66
2025-09-27T14:24:39.092Z,61,21.1,1.905,50.4,0,59.9,0,0,0,0,0,0,0,0,66
2025-09-27T14:24:40.095Z,61,21.1,1.905,49.6,0,59.9,0,0,0,0,0,0,0,0,66
2025-09-27T14:24:41.092Z,61,21.1,1.905,50.4,0,59.9,0,0,0,0,0,0,0,0,66
2025-09-27T14:24:42.093Z,61,21.1,1.904,49.6,0,59.9,0,0,0,0,0,0,0,0,66
2025-09-27T14:24:43.092Z,61,21.1,1.905,49.6,0,59.9,0,0,0,0,0,0,0,0,66
2025-09-27T14:24:44.095Z,61,21.1,1.904,50.4,0,59.9,0,0,0,0,0,0,0,0,66
2025-09-27T14:24:45.092Z,61,21.1,1.905,49.6,0,59.9,0,0,0,0,0,0,0,0,66
2025-09-27T14:24:46.096Z,60.9,21.1,1.905,50.4,0,59.9,0,0,0,0,0,0,0,0,66
2025-09-27T14:24:47.103Z,60.9,21.1,1.905,49.6,0,59.9,0,0,0,0,0,0,0,0,66
2025-09-27T14:24:48.099Z,61,21.1,1.905,49.6,0,59.9,0,0,0,0,0,0,0,0,66
2025-09-27T14:24:49.106Z,61,21.1,1.904,50.4,0,59.9,0,0,0,0,0,0,0,0,66
2025-09-27T14:24:50.101Z,61,21.1,1.905,50.4,0,59.9,0,0,0,0,0,0,0,0,66
2025-09-27T14:24:51.100Z,61,21.1,1.904,49.6,0,59.9,0,0,0,0,0,0,0,0,66
2025-09-27T14:24:52.098Z,60.9,21.1,1.905,50.4,0,59.9,0,0,0,0,0,0,0,0,66
2025-09-27T14:24:53.101Z,60.9,21.1,1.905,49.6,0,59.9,0,0,0,0,0,0,0,0,66
2025-09-27T14:24:54.107Z,60.9,21.1,1.904,50.4,0,59.9,0,0,0,0,0,0,0,0,66
2025-09-27T14:24:55.106Z,60.9,21.1,1.905,49.6,0,59.9,0,0,0,0,0,0,0,0,66
2025-09-27T14:24:56.108Z,60.9,21.1,1.904,50.4,0,59.9,0,0,0,0,0,0,0,0,66
2025-09-27T14:24:57.113Z,60.9,21.1,1.904,50.4,0,59.9,0,0,0,0,0,0,0,0,66
2025-09-27T14:24:58.106Z,60.9,21.1,1.904,49.6,0,59.9,0,0,0,0,0,0,0,0,66
2025-09-27T14:24:59.114Z,60.9,21.1,1.905,50.4,0,59.9,0,0,0,0,0,0,0,0,66
2025-09-27T14:25:00.115Z,60.9,21.1,1.905,49.6,0,59.9,0,0,0,0,0,0,0,0,66
2025-09-27T14:25:01.111Z,60.9,21.1,1.905,50.4,0,59.9,0,0,0,0,0,0,0,0,66
2025-09-27T14:25:02.112Z,60.9,21.1,1.905,49.6,0,59.9,0,0,0,0,0,0,0,0,66
2025-09-27T14:25:03.111Z,60.9,21.1,1.905,50.4,0,59.9,0,0,0,0,0,0,0,0,66
2025-09-27T14:25:04.112Z,60.9,21.1,1.905,49.6,0,59.9,0,0,0,0,0,0,0,0,66
2025-09-27T14:25:05.114Z,60.9,21.1,1.905,50.4,0,59.9,0,0,0,0,0,0,0,0,66
2025-09-27T14:25:06.114Z,60.9,21.1,1.905,49.6,0,59.9,0,0,0,0,0,0,0,0,66
2025-09-27T14:25:07.116Z,60.9,21.1,1.905,50.4,0,59.9,0,0,0,0,0,0,0,0,66
2025-09-27T14:25:08.123Z,60.9,21.1,1.904,49.6,0,59.9,0,0,0,0,0,0,0,0,66
2025-09-27T14:25:09.124Z,60.9,21.1,1.904,50.4,0,59.9,0,0,0,0,0,0,0,0,66
2025-09-27T14:25:10.123Z,60.9,21.1,1.905,49.6,0,59.9,0,0,0,0,0,0,0,0,66
2025-09-27T14:25:11.124Z,60.9,21.1,1.904,50.4,0,59.9,0,0,0,0,0,0,0,0,66
2025-09-27T14:25:12.122Z,60.9,21.1,1.905,49.6,0,59.9,0,0,0,0,0,0,0,0,66
2025-09-27T14:25:13.123Z,60.9,21.1,1.905,50.4,0,59.9,0,0,0,0,0,0,0,0,66
2025-09-27T14:25:14.127Z,60.9,21.1,1.904,49.6,0,59.9,0,0,0,0,0,0,0,0,66
2025-09-27T14:25:15.125Z,60.9,21.1,1.905,50.4,0,59.9,0,0,0,0,0,0,0,0,66
2025-09-27T14:25:16.125Z,60.9,21.1,1.905,49.6,0,59.9,0,0,0,0,0,0,0,0,66
2025-09-27T14:25:17.127Z,60.9,21.1,1.905,50.4,0,59.9,0,0,0,0,0,0,0,0,66
2025-09-27T14:25:18.128Z,60.9,21.1,1.904,49.6,0,59.9,0,0,0,0,0,0,0,0,66
2025-09-27T14:25:19.127Z,60.9,21.1,1.905,50.4,0,59.9,0,0,0,0,0,0,0,0,66
2025-09-27T14:25:20.126Z,60.9,21.1,1.905,49.6,0,59.9,0,0,0,0,0,0,0,0,66
2025-09-27T14:25:21.129Z,60.9,21.1,1.904,50.4,0,59.9,0,0,0,0,0,0,0,0,66
2025-09-27T14:25:22.127Z,60.9,21.1,1.906,49.6,0,59.9,0,0,0,0,0,0,0,0,66
2025-09-27T14:25:23.130Z,60.9,21.1,1.906,49.6,0,59.9,0,0,0,0,0,0,0,0,66
2025-09-27T14:25:24.132Z,60.9,21.1,1.905,50.4,0,59.9,0,0,0,0,0,0,0,0,66
2025-09-27T14:25:25.132Z,60.9,21.1,1.904,49.6,0,59.9,0,0,0,0,0,0,0,0,66
2025-09-27T14:25:26.131Z,60.9,21.1,1.906,50.4,0,59.9,0,0,0,0,0,0,0,0,66
2025-09-27T14:25:27.131Z,60.9,21.1,1.905,49.6,0,59.9,0,0,0,0,0,0,0,0,66
2025-09-27T14:25:28.133Z,60.9,21.1,1.906,50.4,0,59.9,0,0,0,0,0,0,0,0,66
2025-09-27T14:25:29.138Z,60.9,21.1,1.905,49.6,0,59.9,0,0,0,0,0,0,0,0,66
2025-09-27T14:25:30.136Z,60.8,21.1,1.905,50.4,0,59.9,0,0,0,0,0,0,0,0,66
2025-09-27T14:25:31.146Z,60.8,21.1,1.905,49.6,0,59.9,0,0,0,0,0,0,0,0,66
2025-09-27T14:25:32.145Z,60.8,21.1,1.905,49.6,0,59.9,0,0,0,0,0,0,0,0,66
2025-09-27T14:25:33.138Z,60.8,21.1,1.905,49.6,0,59.9,0,0,0,0,0,0,0,0,66
2025-09-27T14:25:34.145Z,60.8,21.1,1.905,50.4,0,59.9,0,0,0,0,0,0,0,0,66
2025-09-27T14:25:35.139Z,60.8,21.1,1.906,49.6,0,59.9,0,0,0,0,0,0,0,0,66
2025-09-27T14:25:36.143Z,60.8,21.1,1.905,49.6,0,59.9,0,0,0,0,0,0,0,0,66
2025-09-27T14:25:37.141Z,60.8,21.1,1.905,49.6,0,59.9,0,0,0,0,0,0,0,0,66
2025-09-27T14:25:38.143Z,60.8,21.1,1.905,49.6,0,59.9,0,0,0,0,0,0,0,0,66
2025-09-27T14:25:39.145Z,60.8,21.1,1.905,49.6,0,59.9,0,0,0,0,0,0,0,0,66
2025-09-27T14:25:40.144Z,60.8,21.1,1.905,50.4,0,59.9,0,0,0,0,0,0,0,0,66
2025-09-27T14:25:41.144Z,60.8,21.1,1.905,50.4,0,59.9,0,0,0,0,0,0,0,0,66
2025-09-27T14:25:42.144Z,60.8,21.1,1.905,49.6,0,59.9,0,0,0,0,0,0,0,0,66
2025-09-27T14:25:43.151Z,60.8,21.1,1.905,50.4,0,59.9,0,0,0,0,0,0,0,0,66
2025-09-27T14:25:44.148Z,60.8,21.1,1.905,49.6,0,59.9,0,0,0,0,0,0,0,0,66
2025-09-27T14:25:45.151Z,60.8,21.1,1.905,50.4,0,59.9,0,0,0,0,0,0,0,0,66
2025-09-27T14:25:46.153Z,60.8,21.1,1.905,50.4,0,59.9,0,0,0,0,0,0,0,0,66
2025-09-27T14:25:47.153Z,60.8,21.1,1.905,49.6,0,59.9,0,0,0,0,0,0,0,0,66
2025-09-27T14:25:48.152Z,60.8,21.1,1.905,50.4,0,59.9,0,0,0,0,0,0,0,0,66
2025-09-27T14:25:49.151Z,60.8,21.1,1.905,49.6,0,59.9,0,0,0,0,0,0,0,0,66
2025-09-27T14:25:50.154Z,60.8,21.1,1.905,50.4,0,59.9,0,0,0,0,0,0,0,0,66
2025-09-27T14:25:51.156Z,60.8,21.1,1.905,49.6,0,59.9,0,0,0,0,0,0,0,0,66
2025-09-27T14:25:52.153Z,60.8,21.1,1.905,49.6,0,59.9,0,0,0,0,0,0,0,0,66
2025-09-27T14:25:53.156Z,60.8,21.1,1.905,50.4,0,59.9,0,0,0,0,0,0,0,0,66
2025-09-27T14:25:54.158Z,60.8,21.1,1.905,49.6,0,59.9,0,0,0,0,0,0,0,0,66
2025-09-27T14:25:55.158Z,60.8,21.1,1.905,49.6,0,59.9,0,0,0,0,0,0,0,0,66
2025-09-27T14:25:56.161Z,60.8,21.1,1.905,50.4,0,59.9,0,0,0,0,0,0,0,0,66
2025-09-27T14:25:57.162Z,60.8,21.1,1.905,49.6,0,59.9,0,0,0,0,0,0,0,0,66
2025-09-27T14:25:58.164Z,60.7,21.1,1.905,49.6,0,59.9,0,0,0,0,0,0,0,0,66
2025-09-27T14:25:59.163Z,60.7,21.1,1.905,50.4,0,59.9,0,0,0,0,0,0,0,0,66
2025-09-27T14:26:00.164Z,60.7,21.1,1.905,49.6,0,59.9,0,0,0,0,0,0,0,0,66
2025-09-27T14:26:01.161Z,60.7,21.1,1.905,49.6,0,59.9,0,0,0,0,0,0,0,0,66
2025-09-27T14:26:02.167Z,60.7,21.1,1.905,50.4,0,59.9,0,0,0,0,0,0,0,0,66
2025-09-27T14:26:03.167Z,60.7,21.1,1.905,50.4,0,59.9,0,0,0,0,0,0,0,0,66
2025-09-27T14:26:04.166Z,60.7,21.1,1.905,49.6,0,59.9,0,0,0,0,0,0,0,0,66
2025-09-27T14:26:05.170Z,60.7,21.1,1.905,50.4,0,59.9,0,0,0,0,0,0,0,0,66
2025-09-27T14:26:06.169Z,60.7,21.1,1.905,50.4,0,59.9,0,0,0,0,0,0,0,0,66
2025-09-27T14:26:07.170Z,60.7,21.1,1.905,49.6,0,59.9,0,0,0,0,0,0,0,0,66
2025-09-27T14:26:08.173Z,60.7,21.1,1.905,49.6,0,59.9,0,0,0,0,0,0,0,0,66
2025-09-27T14:26:09.174Z,60.7,21.1,1.905,49.6,0,59.9,0,0,0,0,0,0,0,0,66
2025-09-27T14:26:10.173Z,60.7,21.1,1.905,50.4,0,59.9,0,0,0,0,0,0,0,0,66
2025-09-27T14:26:11.176Z,60.7,21.1,1.906,50.4,0,59.9,0,0,0,0,0,0,0,0,66
2025-09-27T14:26:12.176Z,60.7,21.1,1.906,49.6,0,59.9,0,0,0,0,0,0,0,0,66
2025-09-27T14:26:13.178Z,60.7,21.1,1.906,50.4,0,59.9,0,0,0,0,0,0,0,0,66
2025-09-27T14:26:14.176Z,60.7,21.1,1.906,49.6,0,59.9,0,0,0,0,0,0,0,0,66
2025-09-27T14:26:15.179Z,60.7,21.1,1.906,50.4,0,59.9,0,0,0,0,0,0,0,0,66
2025-09-27T14:26:16.181Z,60.7,21.1,1.906,49.6,0,59.9,0,0,0,0,0,0,0,0,66
2025-09-27T14:26:17.180Z,60.7,21.1,1.906,50.4,0,59.9,0,0,0,0,0,0,0,0,66
2025-09-27T14:26:18.182Z,60.7,21.1,1.906,49.6,0,59.9,0,0,0,0,0,0,0,0,66
2025-09-27T14:26:19.183Z,60.7,21.1,1.906,49.6,0,59.9,0,0,0,0,0,0,0,0,66
2025-09-27T14:26:20.181Z,60.7,21.1,1.906,50.4,0,59.9,0,0,0,0,0,0,0,0,66
2025-09-27T14:26:21.182Z,60.7,21.1,1.906,50.4,0,59.9,0,0,0,0,0,0,0,0,66
2025-09-27T14:26:22.182Z,60.7,21.1,1.906,49.6,0,59.9,0,0,0,0,0,0,0,0,66
2025-09-27T14:26:23.185Z,60.7,21.1,1.906,50.4,0,59.9,0,0,0,0,0,0,0,0,66
2025-09-27T14:26:24.187Z,60.6,21.1,1.906,49.6,0,59.9,0,0,0,0,0,0,0,0,66
2025-09-27T14:26:25.185Z,60.6,21.1,1.906,50.4,0,59.9,0,0,0,0,0,0,0,0,66
2025-09-27T14:26:26.189Z,60.6,21.1,1.906,49.6,0,59.9,0,0,0,0,0,0,0,0,66
2025-09-27T14:26:27.192Z,60.6,21.1,1.906,50.4,0,59.9,0,0,0,0,0,0,0,0,66
2025-09-27T14:26:28.196Z,60.6,21.1,1.906,49.6,0,59.9,0,0,0,0,0,0,0,0,66
2025-09-27T14:26:29.189Z,60.6,21.1,1.906,49.6,0,59.9,0,0,0,0,0,0,0,0,66
2025-09-27T14:26:30.192Z,60.6,21.1,1.906,50.4,0,60,0,0,0,0,0,0,0,0,66
2025-09-27T14:26:31.193Z,60.6,21.1,1.906,49.6,0,60,0,0,0,0,0,0,0,0,66
2025-09-27T14:26:32.202Z,60.6,21.1,1.906,49.6,0,60,0,0,0,0,0,0,0,0,66
2025-09-27T14:26:33.197Z,60.6,21.1,1.906,50.4,0,59.9,0,0,0,0,0,0,0,0,66
2025-09-27T14:26:34.197Z,60.6,21.1,1.906,49.6,0,60,0,0,0,0,0,0,0,0,66
2025-09-27T14:26:35.200Z,60.6,21.1,1.906,50.4,0,59.9,0,0,0,0,0,0,0,0,66
2025-09-27T14:26:36.194Z,60.6,21.1,1.906,50.4,0,60,0,0,0,0,0,0,0,0,66
2025-09-27T14:26:37.200Z,60.6,21.1,1.907,49.6,0,60,0,0,0,0,0,0,0,0,66
2025-09-27T14:26:38.200Z,60.6,21.1,1.906,50.4,0,60,0,0,0,0,0,0,0,0,66
2025-09-27T14:26:39.205Z,60.6,21.1,1.906,49.6,0,60,0,0,0,0,0,0,0,0,66
2025-09-27T14:26:40.199Z,60.6,21.1,1.907,50.4,0,60,0,0,0,0,0,0,0,0,66
2025-09-27T14:26:41.203Z,60.6,21.1,1.906,49.6,0,60,0,0,0,0,0,0,0,0,66
2025-09-27T14:26:42.201Z,60.6,21.1,1.907,50.4,0,60,0,0,0,0,0,0,0,0,66
2025-09-27T14:26:43.202Z,60.6,21.1,1.907,49.6,0,60,0,0,0,0,0,0,0,0,66
2025-09-27T14:26:44.205Z,60.6,21.1,1.907,49.6,0,60,0,0,0,0,0,0,0,0,66
2025-09-27T14:26:45.204Z,60.6,21.1,1.907,50.4,0,60,0,0,0,0,0,0,0,0,66
2025-09-27T14:26:46.206Z,60.5,21.1,1.907,49.6,0,60,0,0,0,0,0,0,0,0,66
2025-09-27T14:26:47.208Z,60.5,21.1,1.907,49.6,0,60,0,0,0,0,0,0,0,0,66
2025-09-27T14:26:48.211Z,60.5,21.1,1.907,50.4,0,60,0,0,0,0,0,0,0,0,66
2025-09-27T14:26:49.212Z,60.5,21.1,1.907,49.6,0,60,0,0,0,0,0,0,0,0,66
2025-09-27T14:26:50.210Z,60.5,21.1,1.907,49.6,0,60,0,0,0,0,0,0,0,0,66
2025-09-27T14:26:51.208Z,60.5,21.1,1.907,50.4,0,60,0,0,0,0,0,0,0,0,66
2025-09-27T14:26:52.212Z,60.5,21.1,1.907,49.6,0,60,0,0,0,0,0,0,0,0,66
2025-09-27T14:26:53.218Z,60.5,21.1,1.907,50.4,0,60,0,0,0,0,0,0,0,0,66
2025-09-27T14:26:54.209Z,60.5,21.1,1.907,50.4,0,60,0,0,0,0,0,0,0,0,66
2025-09-27T14:26:55.212Z,60.5,21.1,1.907,49.6,0,60,0,0,0,0,0,0,0,0,66
2025-09-27T14:26:56.214Z,60.5,21.1,1.907,50.4,0,60,0,0,0,0,0,0,0,0,66
2025-09-27T14:26:57.217Z,60.5,21.1,1.907,49.6,0,60,0,0,0,0,0,0,0,0,66
2025-09-27T14:26:58.218Z,60.5,21.1,1.907,50.4,0,60,0,0,0,0,0,0,0,0,66
2025-09-27T14:26:59.217Z,60.5,21.1,1.907,49.6,0,60,0,0,0,0,0,0,0,0,66
2025-09-27T14:27:00.220Z,60.5,21.1,1.907,49.6,0,60,0,0,0,0,0,0,0,0,66
2025-09-27T14:27:01.218Z,60.5,21.1,1.907,50.4,0,60,0,0,0,0,0,0,0,0,66
2025-09-27T14:27:02.222Z,60.5,21.1,1.906,49.6,0,60,0,0,0,0,0,0,0,0,66
2025-09-27T14:27:03.222Z,60.5,21.1,1.907,49.6,0,60,0,0,0,0,0,0,0,0,66
2025-09-27T14:27:04.221Z,60.5,21.1,1.907,50.4,0,60,0,0,0,0,0,0,0,0,66
2025-09-27T14:27:05.224Z,60.5,21.1,1.906,49.6,0,60,0,0,0,0,0,0,0,0,66
2025-09-27T14:27:06.226Z,60.4,21.1,1.906,50.4,0,60,0,0,0,0,0,0,0,0,66
2025-09-27T14:27:07.226Z,60.4,21.1,1.906,50.4,0,60,0,0,0,0,0,0,0,0,66
2025-09-27T14:27:08.232Z,60.4,21.1,1.906,49.6,0,60,0,0,0,0,0,0,0,0,66
2025-09-27T14:27:09.232Z,60.4,21.1,1.906,50.4,0,60,0,0,0,0,0,0,0,0,66
2025-09-27T14:27:10.226Z,60.4,21.1,1.907,49.6,0,60,0,0,0,0,0,0,0,0,66
2025-09-27T14:27:11.227Z,60.4,21.1,1.907,50.4,0,60,0,0,0,0,0,0,0,0,66
2025-09-27T14:27:12.226Z,60.4,21.1,1.907,49.6,0,60,0,0,0,0,0,0,0,0,66
2025-09-27T14:27:13.230Z,60.4,21.1,1.907,49.6,0,60,0,0,0,0,0,0,0,0,66
2025-09-27T14:27:14.232Z,60.4,21.1,1.906,50.4,0,60,0,0,0,0,0,0,0,0,66
2025-09-27T14:27:15.231Z,60.4,21.1,1.909,49.6,0,60,0,0,0,0,0,0,0,0,66
2025-09-27T14:27:16.230Z,60.4,21.1,1.907,49.6,0,60,0,0,0,0,0,0,0,0,66
2025-09-27T14:27:17.232Z,60.4,21.1,1.907,50.4,0,60,0,0,0,0,0,0,0,0,66
2025-09-27T14:27:18.233Z,60.4,21.1,1.907,49.6,0,60,0,0,0,0,0,0,0,0,66
2025-09-27T14:27:19.234Z,60.4,21.1,1.909,49.6,0,60,0,0,0,0,0,0,0,0,66
2025-09-27T14:27:20.232Z,60.4,21.1,1.907,50.4,0,60,0,0,0,0,0,0,0,0,66
2025-09-27T14:27:21.234Z,60.4,21.1,1.906,50.4,0,60,0,0,0,0,0,0,0,0,66
2025-09-27T14:27:22.236Z,60.4,21.1,1.906,49.6,0,60,0,0,0,0,0,0,0,0,66
2025-09-27T14:27:23.242Z,60.4,21.1,1.908,50.4,0,60,0,0,0,0,0,0,0,0,66
2025-09-27T14:27:24.240Z,60.4,21.1,1.906,50.4,0,60,0,0,0,0,0,0,0,0,66
2025-09-27T14:27:25.242Z,60.4,21.1,1.906,49.6,0,60,0,0,0,0,0,0,0,0,66
2025-09-27T14:27:26.247Z,60.4,21.1,1.906,49.6,0,60,0,0,0,0,0,0,0,0,66
2025-09-27T14:27:27.240Z,60.3,21.1,1.908,49.6,0,60,0,0,0,0,0,0,0,0,66
2025-09-27T14:27:28.242Z,60.3,21.1,1.906,50.4,0,60,0,0,0,0,0,0,0,0,66
2025-09-27T14:27:29.242Z,60.3,21.1,1.906,50.4,0,60,0,0,0,0,0,0,0,0,66
2025-09-27T14:27:30.244Z,60.3,21.1,1.906,49.6,0,60,0,0,0,0,0,0,0,0,66
2025-09-27T14:27:31.247Z,60.3,21.1,1.908,50.4,0,60,0,0,0,0,0,0,0,0,66
2025-09-27T14:27:32.246Z,60.3,21.1,1.906,49.6,0,60,0,0,0,0,0,0,0,0,66
2025-09-27T14:27:33.246Z,60.3,21.1,1.908,50.4,0,60,0,0,0,0,0,0,0,0,66
2025-09-27T14:27:34.254Z,60.3,21.1,1.908,50.4,0,60,0,0,0,0,0,0,0,0,66
2025-09-27T14:27:35.253Z,60.3,21.1,1.908,49.6,0,60,0,0,0,0,0,0,0,0,66
2025-09-27T14:27:36.252Z,60.3,21.1,1.908,50.4,0,60,0,0,0,0,0,0,0,0,66
2025-09-27T14:27:37.255Z,60.3,21.1,1.908,49.6,0,60,0,0,0,0,0,0,0,0,66
2025-09-27T14:27:38.250Z,60.3,21.1,1.906,50.4,0,60,0,0,0,0,0,0,0,0,66
2025-09-27T14:27:39.251Z,60.3,21.1,1.908,49.6,0,60,0,0,0,0,0,0,0,0,66
2025-09-27T14:27:40.256Z,60.3,21.1,1.908,50.4,0,60,0,0,0,0,0,0,0,0,66
2025-09-27T14:27:41.253Z,60.3,21.1,1.908,49.6,0,60,0,0,0,0,0,0,0,0,66
2025-09-27T14:27:42.263Z,60.3,21.1,1.909,49.6,0,60,0,0,0,0,0,0,0,0,66
2025-09-27T14:27:43.260Z,60.3,21.1,1.908,50.4,0,60,0,0,0,0,0,0,0,0,66
2025-09-27T14:27:44.256Z,60.3,21.1,1.908,49.6,0,60,0,0,0,0,0,0,0,0,66
2025-09-27T14:27:45.257Z,60.3,21.1,1.908,49.6,0,60,0,0,0,0,0,0,0,0,66
2025-09-27T14:27:46.260Z,60.3,21.1,1.908,50.4,0,60,0,0,0,0,0,0,0,0,66
2025-09-27T14:27:47.263Z,60.3,21.1,1.908,49.6,0,60,0,0,0,0,0,0,0,0,66
2025-09-27T14:27:48.261Z,60.2,21.1,1.908,50.4,0,60,0,0,0,0,0,0,0,0,66
2025-09-27T14:27:49.263Z,60.2,21.1,1.908,50.4,0,60,0,0,0,0,0,0,0,0,66
2025-09-27T14:27:50.259Z,60.2,21.1,1.908,49.6,0,60,0,0,0,0,0,0,0,0,66
2025-09-27T14:27:51.259Z,60.2,21.1,1.908,49.6,0,60,0,0,0,0,0,0,0,0,66
2025-09-27T14:27:52.260Z,60.2,21.1,1.908,49.6,0,60,0,0,0,0,0,0,0,0,66
2025-09-27T14:27:53.263Z,60.2,21.1,1.908,50.4,0,60,0,0,0,0,0,0,0,0,66
2025-09-27T14:27:54.270Z,60.2,21.1,1.909,50.4,0,60,0,0,0,0,0,0,0,0,66
2025-09-27T14:27:55.266Z,60.2,21.1,1.908,49.6,0,60,0,0,0,0,0,0,0,0,66
2025-09-27T14:27:56.268Z,60.2,21.1,1.909,50.4,0,60,0,0,0,0,0,0,0,0,66
2025-09-27T14:27:57.268Z,60.2,21.1,1.909,49.6,0,60,0,0,0,0,0,0,0,0,66
2025-09-27T14:27:58.268Z,60.2,21.1,1.909,50.4,0,60,0,0,0,0,0,0,0,0,66
2025-09-27T14:27:59.267Z,60.2,21.1,1.909,49.6,0,60,0,0,0,0,0,0,0,0,66
2025-09-27T14:28:00.269Z,60.2,21.1,1.909,50.4,0,60,0,0,0,0,0,0,0,0,66
2025-09-27T14:28:01.276Z,60.2,21.1,1.909,49.6,0,60,0,0,0,0,0,0,0,0,66
2025-09-27T14:28:02.277Z,60.2,21.1,1.909,50.4,0,60,0,0,0,0,0,0,0,0,66
2025-09-27T14:28:03.275Z,60.2,21.1,1.909,50.4,0,60,0,0,0,0,0,0,0,0,66
2025-09-27T14:28:04.273Z,60.2,21.1,1.909,49.6,0,60,0,0,0,0,0,0,0,0,66
2025-09-27T14:28:05.277Z,60.2,21.1,1.909,49.6,0,60,0,0,0,0,0,0,0,0,66
2025-09-27T14:28:06.280Z,60.2,21.1,1.909,49.6,0,60,0,0,0,0,0,0,0,0,66
2025-09-27T14:28:07.275Z,60.2,21.1,1.909,50.4,0,60,0,0,0,0,0,0,0,0,66
2025-09-27T14:28:08.278Z,60.2,21.1,1.909,49.6,0,60,0,0,0,0,0,0,0,0,66
2025-09-27T14:28:09.282Z,60.2,21.1,1.909,49.6,0,60,0,0,0,0,0,0,0,0,66
2025-09-27T14:28:10.284Z,60.1,21.1,1.909,50.4,0,60,0,0,0,0,0,0,0,0,66
2025-09-27T14:28:11.284Z,60.1,21.1,1.909,49.6,0,60,0,0,0,0,0,0,0,0,66
2025-09-27T14:28:12.283Z,60.1,21.1,1.909,49.6,0,60,0,0,0,0,0,0,0,0,66
2025-09-27T14:28:13.286Z,60.1,21.1,1.909,50.4,0,60,0,0,0,0,0,0,0,0,66
2025-09-27T14:28:14.285Z,60.1,21.1,1.909,50.4,0,60,0,0,0,0,0,0,0,0,66
2025-09-27T14:28:15.285Z,60.1,21.1,1.909,49.6,0,60,0,0,0,0,0,0,0,0,66
2025-09-27T14:28:16.287Z,60.1,21.1,1.909,50.4,0,60,0,0,0,0,0,0,0,0,66
2025-09-27T14:28:17.285Z,60.1,21.1,1.909,49.6,0,60,0,0,0,0,0,0,0,0,66
2025-09-27T14:28:18.286Z,60.1,21.1,1.909,50.4,0,60,0,0,0,0,0,0,0,0,66
2025-09-27T14:28:19.288Z,60.1,21.1,1.909,49.6,0,60,0,0,0,0,0,0,0,0,66
2025-09-27T14:28:20.288Z,60.1,21.1,1.909,50.4,0,60,0,0,0,0,0,0,0,0,66
2025-09-27T14:28:21.287Z,60.1,21.1,1.909,50.4,0,60,0,0,0,0,0,0,0,0,66
2025-09-27T14:28:22.294Z,60.1,21.1,1.909,49.6,0,60,0,0,0,0,0,0,0,0,66
2025-09-27T14:28:23.295Z,60.1,21.1,1.909,50.4,0,60,0,0,0,0,0,0,0,0,66
2025-09-27T14:28:24.294Z,60.1,21.1,1.909,49.6,0,60,0,0,0,0,0,0,0,0,66
2025-09-27T14:28:25.294Z,60.1,21.1,1.909,50.4,0,60,0,0,0,0,0,0,0,0,66
2025-09-27T14:28:26.293Z,60.1,21.1,1.909,49.6,0,60,0,0,0,0,0,0,0,0,66
2025-09-27T14:28:27.297Z,60.1,21.1,1.909,50.4,0,60,0,0,0,0,0,0,0,0,66
2025-09-27T14:28:28.299Z,60.1,21.1,1.909,49.6,0,60,0,0,0,0,0,0,0,0,66
2025-09-27T14:28:29.297Z,60.1,21.1,1.909,49.6,0,60,0,0,0,0,0,0,0,0,66
2025-09-27T14:28:30.301Z,60.1,21.1,1.909,50.4,0,60,0,0,0,0,0,0,0,0,66
2025-09-27T14:28:31.300Z,60.1,21.1,1.909,49.6,0,60,0,0,0,0,0,0,0,0,66
2025-09-27T14:28:32.303Z,60.1,21.1,1.909,50.4,0,60,0,0,0,0,0,0,0,0,66
2025-09-27T14:28:33.302Z,60.1,21.1,1.909,49.6,0,60,0,0,0,0,0,0,0,0,66
2025-09-27T14:28:34.301Z,60.1,21.1,1.909,50.4,0,60,0,0,0,0,0,0,0,0,66
2025-09-27T14:28:35.301Z,60,21.1,1.909,50.4,0,60,0,0,0,0,0,0,0,0,66
2025-09-27T14:28:36.303Z,60,21.1,1.909,49.6,0,60,0,0,0,0,0,0,0,0,66
2025-09-27T14:28:37.305Z,60,21.1,1.909,50.4,0,60.1,0,0,0,0,0,0,0,0,66
2025-09-27T14:28:38.304Z,60,21.1,1.909,49.6,0,60.1,0,0,0,0,0,0,0,0,66
2025-09-27T14:28:39.307Z,60,21.1,1.909,50.4,0,60,0,0,0,0,0,0,0,0,66
2025-09-27T14:28:40.308Z,60,21.1,1.909,49.6,0,60.1,0,0,0,0,0,0,0,0,66
2025-09-27T14:28:41.305Z,60,21.1,1.909,50.4,0,60,0,0,0,0,0,0,0,0,66
2025-09-27T14:28:42.317Z,60,21.1,1.909,49.6,0,60,0,0,0,0,0,0,0,0,66
2025-09-27T14:28:43.312Z,60,21.1,1.909,50.4,0,60.1,0,0,0,0,0,0,0,0,66
2025-09-27T14:28:44.311Z,60,21.1,1.909,49.6,0,60.1,0,0,0,0,0,0,0,0,66
2025-09-27T14:28:45.312Z,60,21.1,1.91,50.4,0,60,0,0,0,0,0,0,0,0,66
2025-09-27T14:28:46.312Z,60,21.1,1.91,49.6,0,60.1,0,0,0,0,0,0,0,0,66
2025-09-27T14:28:47.316Z,60,21.1,1.909,50.4,0,60.1,0,0,0,0,0,0,0,0,66
2025-09-27T14:28:48.317Z,60,21.1,1.909,49.6,0,60,0,0,0,0,0,0,0,0,66
2025-09-27T14:28:49.316Z,60,21.1,1.91,50.4,0,60.1,0,0,0,0,0,0,0,0,66
2025-09-27T14:28:50.314Z,60,21.1,1.91,49.6,0,60.1,0,0,0,0,0,0,0,0,66
2025-09-27T14:28:51.315Z,60,21.1,1.91,50.4,0,60.1,0,0,0,0,0,0,0,0,66
2025-09-27T14:28:52.320Z,60,21.1,1.909,49.6,0,60.1,0,0,0,0,0,0,0,0,66
2025-09-27T14:28:53.316Z,60,21.1,1.91,50.4,0,60.1,0,0,0,0,0,0,0,0,66
2025-09-27T14:28:54.319Z,60,21.1,1.91,49.6,0,60.1,0,0,0,0,0,0,0,0,66
2025-09-27T14:28:55.320Z,60,21.1,1.909,50.4,0,60.1,0,0,0,0,0,0,0,0,66
2025-09-27T14:28:56.324Z,60,21.1,1.909,49.6,0,60.1,0,0,0,0,0,0,0,0,66
2025-09-27T14:28:57.323Z,60,21.1,1.91,49.6,0,60.1,0,0,0,0,0,0,0,0,66
2025-09-27T14:28:58.324Z,60,21.1,1.91,49.6,0,60.1,0,0,0,0,0,0,0,0,66
2025-09-27T14:28:59.325Z,59.9,21.1,1.91,50.4,0,60.1,0,0,0,0,0,0,0,0,66
2025-09-27T14:29:00.324Z,59.9,21.1,1.91,49.6,0,60.1,0,0,0,0,0,0,0,0,66
2025-09-27T14:29:01.329Z,59.9,21.1,1.909,50.4,0,60.1,0,0,0,0,0,0,0,0,66
2025-09-27T14:29:02.329Z,59.9,21.1,1.91,49.6,0,60.1,0,0,0,0,0,0,0,0,66
2025-09-27T14:29:03.329Z,59.9,21.1,1.91,50.4,0,60.1,0,0,0,0,0,0,0,0,66
2025-09-27T14:29:04.333Z,59.9,21.1,1.91,49.6,0,60.1,0,0,0,0,0,0,0,0,66
2025-09-27T14:29:05.333Z,59.9,21.1,1.909,50.4,0,60.1,0,0,0,0,0,0,0,0,66
2025-09-27T14:29:06.331Z,59.9,21.1,1.91,49.6,0,60.1,0,0,0,0,0,0,0,0,66
2025-09-27T14:29:07.334Z,59.9,21.1,1.91,50.4,0,60.1,0,0,0,0,0,0,0,0,66
2025-09-27T14:29:08.334Z,59.9,21.1,1.91,49.6,0,60.1,0,0,0,0,0,0,0,0,66
2025-09-27T14:29:09.329Z,59.9,21.1,1.911,50.4,0,60.1,0,0,0,0,0,0,0,0,66
2025-09-27T14:29:10.335Z,59.9,21.1,1.91,49.6,0,60.1,0,0,0,0,0,0,0,0,66
2025-09-27T14:29:11.334Z,59.9,21.1,1.911,50.4,0,60.1,0,0,0,0,0,0,0,0,66
2025-09-27T14:29:12.333Z,59.9,21.1,1.911,49.6,0,60.1,0,0,0,0,0,0,0,0,66
2025-09-27T14:29:13.339Z,59.9,21.1,1.91,50.4,0,60.1,0,0,0,0,0,0,0,0,66
2025-09-27T14:29:14.339Z,59.9,21.1,1.91,49.6,0,60.1,0,0,0,0,0,0,0,0,66
2025-09-27T14:29:15.338Z,59.9,21.1,1.91,50.4,0,60.1,0,0,0,0,0,0,0,0,66
2025-09-27T14:29:16.341Z,59.9,21.1,1.91,49.6,0,60.1,0,0,0,0,0,0,0,0,66
2025-09-27T14:29:17.340Z,59.9,21.1,1.91,50.4,0,60.1,0,0,0,0,0,0,0,0,66
2025-09-27T14:29:18.343Z,59.9,21.1,1.91,49.6,0,60.1,0,0,0,0,0,0,0,0,66
2025-09-27T14:29:19.345Z,59.9,21.1,1.91,50.4,0,60.1,0,0,0,0,0,0,0,0,66
2025-09-27T14:29:20.342Z,59.9,21.1,1.91,49.6,0,60.1,0,0,0,0,0,0,0,0,66
2025-09-27T14:29:21.342Z,59.8,21.1,1.91,49.6,0,60.1,0,0,0,0,0,0,0,0,66
2025-09-27T14:29:22.339Z,59.9,21.1,1.91,49.6,0,60.1,0,0,0,0,0,0,0,0,66
2025-09-27T14:29:23.348Z,59.9,21.1,1.91,50.4,0,60.1,0,0,0,0,0,0,0,0,66
2025-09-27T14:29:24.341Z,59.8,21.1,1.91,49.6,0,60.1,0,0,0,0,0,0,0,0,66
2025-09-27T14:29:25.347Z,59.8,21.1,1.91,50.4,0,60.1,0,0,0,0,0,0,0,0,66
2025-09-27T14:29:26.349Z,59.8,21.1,1.91,49.6,0,60.1,0,0,0,0,0,0,0,0,66
2025-09-27T14:29:27.348Z,59.8,21.1,1.91,50.4,0,60.1,0,0,0,0,0,0,0,0,66
2025-09-27T14:29:28.346Z,59.8,21.1,1.91,49.6,0,60.1,0,0,0,0,0,0,0,0,66
2025-09-27T14:29:29.347Z,59.8,21.1,1.91,50.4,0,60.1,0,0,0,0,0,0,0,0,66
2025-09-27T14:29:30.352Z,59.8,21.1,1.91,49.6,0,60.1,0,0,0,0,0,0,0,0,66
2025-09-27T14:29:31.351Z,59.8,21.1,1.91,50.4,0,60.1,0,0,0,0,0,0,0,0,66
2025-09-27T14:29:32.350Z,59.8,21.1,1.91,49.6,0,60.1,0,0,0,0,0,0,0,0,66
2025-09-27T14:29:33.356Z,59.8,21.1,1.91,50.4,0,60.1,0,0,0,0,0,0,0,0,66
2025-09-27T14:29:34.353Z,59.8,21.1,1.91,49.6,0,60.1,0,0,0,0,0,0,0,0,66
2025-09-27T14:29:35.358Z,59.8,21.1,1.91,50.4,0,60.1,0,0,0,0,0,0,0,0,66
2025-09-27T14:29:36.355Z,59.8,21.1,1.91,49.6,0,60.1,0,0,0,0,0,0,0,0,66
2025-09-27T14:29:37.357Z,59.8,21.1,1.91,50.4,0,60.1,0,0,0,0,0,0,0,0,66
2025-09-27T14:29:38.361Z,59.8,21.1,1.911,49.6,0,60.1,0,0,0,0,0,0,0,0,66
2025-09-27T14:29:39.362Z,59.8,21.1,1.911,50.4,0,60.1,0,0,0,0,0,0,0,0,66
2025-09-27T14:29:40.359Z,59.8,21.1,1.91,49.6,0,60.1,0,0,0,0,0,0,0,0,66
2025-09-27T14:29:41.365Z,59.8,21.1,1.911,50.4,0,60.1,0,0,0,0,0,0,0,0,66
2025-09-27T14:29:42.364Z,59.8,21.1,1.911,49.6,0,60.1,0,0,0,0,0,0,0,0,66
2025-09-27T14:29:43.362Z,59.8,21.1,1.91,50.4,0,60.1,0,0,0,0,0,0,0,0,66
2025-09-27T14:29:44.368Z,59.8,21.1,1.911,49.6,0,60.1,0,0,0,0,0,0,0,0,66
2025-09-27T14:29:45.368Z,59.8,21.1,1.911,50.4,0,60.1,0,0,0,0,0,0,0,0,66
2025-09-27T14:29:46.363Z,59.8,21.1,1.91,49.6,0,60.1,0,0,0,0,0,0,0,0,66
2025-09-27T14:29:47.368Z,59.8,21.1,1.911,50.4,0,60.1,0,0,0,0,0,0,0,0,66
2025-09-27T14:29:48.369Z,59.8,21.1,1.911,49.6,0,60.1,0,0,0,0,0,0,0,0,66
2025-09-27T14:29:49.369Z,59.7,21.1,1.911,50.4,0,60.1,0,0,0,0,0,0,0,0,66
2025-09-27T14:29:50.364Z,59.7,21.1,1.91,49.6,0,60.1,0,0,0,0,0,0,0,0,66
2025-09-27T14:29:51.374Z,59.7,21.1,1.911,50.4,0,60.1,0,0,0,0,0,0,0,0,66
2025-09-27T14:29:52.370Z,59.7,21.1,1.911,49.6,0,60.1,0,0,0,0,0,0,0,0,66
2025-09-27T14:29:53.373Z,59.7,21.1,1.911,50.4,0,60.1,0,0,0,0,0,0,0,0,66
2025-09-27T14:29:54.372Z,59.7,21.1,1.911,49.6,0,60.1,0,0,0,0,0,0,0,0,66
2025-09-27T14:29:55.378Z,59.7,21.1,1.911,50.4,0,60.1,0,0,0,0,0,0,0,0,66
2025-09-27T14:29:56.371Z,59.7,21.1,1.911,49.6,0,60.1,0,0,0,0,0,0,0,0,66
2025-09-27T14:29:57.374Z,59.7,21.1,1.911,50.4,0,60.1,0,0,0,0,0,0,0,0,66
2025-09-27T14:29:58.371Z,59.7,21.1,1.91,49.6,0,60.1,0,0,0,0,0,0,0,0,66
2025-09-27T14:29:59.375Z,59.7,21.1,1.911,50.4,0,60.1,0,0,0,0,0,0,0,0,66
2025-09-27T14:30:00.381Z,59.7,21.1,1.911,49.6,0,60.1,0,0,0,0,0,0,0,0,66
2025-09-27T14:30:01.380Z,59.7,21.1,1.911,50.4,0,60.1,0,0,0,0,0,0,0,0,66
2025-09-27T14:30:02.376Z,59.7,21.1,1.911,49.6,0,60.1,0,0,0,0,0,0,0,0,66
2025-09-27T14:30:03.381Z,59.7,21.1,1.911,49.6,0,60.1,0,0,0,0,0,0,0,0,66
2025-09-27T14:30:04.384Z,59.7,21.1,1.911,49.6,0,60.1,0,0,0,0,0,0,0,0,66
2025-09-27T14:30:05.378Z,59.7,21.1,1.911,49.6,0,60.1,0,0,0,0,0,0,0,0,66
2025-09-27T14:30:06.388Z,59.7,21.1,1.911,50.4,0,60.1,0,0,0,0,0,0,0,0,66
2025-09-27T14:30:07.379Z,59.7,21.1,1.911,49.6,0,60.1,0,0,0,0,0,0,0,0,66
2025-09-27T14:30:08.378Z,59.7,21.1,1.911,50.4,0,60.1,0,0,0,0,0,0,0,0,66
2025-09-27T14:30:09.383Z,59.7,21.1,1.911,49.6,0,60.1,0,0,0,0,0,0,0,0,66
2025-09-27T14:30:10.382Z,59.7,21.1,1.911,50.4,0,60.1,0,0,0,0,0,0,0,0,66
2025-09-27T14:30:11.383Z,59.7,21.1,1.911,49.6,0,60.1,0,0,0,0,0,0,0,0,66
2025-09-27T14:30:12.384Z,59.7,21.1,1.911,50.4,0,60.1,0,0,0,0,0,0,0,0,66
2025-09-27T14:30:13.387Z,59.7,21.1,1.911,49.6,0,60.1,0,0,0,0,0,0,0,0,66
2025-09-27T14:30:14.391Z,59.7,21.1,1.911,49.6,0,60.1,0,0,0,0,0,0,0,0,66
2025-09-27T14:30:15.389Z,59.7,21.1,1.911,50.4,0,60.1,0,0,0,0,0,0,0,0,66
2025-09-27T14:30:16.385Z,59.7,21.1,1.912,49.6,0,60.1,0,0,0,0,0,0,0,0,66
2025-09-27T14:30:17.388Z,59.6,21.1,1.911,50.4,0,60.1,0,0,0,0,0,0,0,0,66
2025-09-27T14:30:18.388Z,59.6,21.1,1.911,49.6,0,60.1,0,0,0,0,0,0,0,0,66
2025-09-27T14:30:19.390Z,59.6,21.1,1.912,50.4,0,60.1,0,0,0,0,0,0,0,0,66
2025-09-27T14:30:20.386Z,59.6,21.1,1.911,49.6,0,60.1,0,0,0,0,0,0,0,0,66
2025-09-27T14:30:21.385Z,59.6,21.1,1.911,50.4,0,60.1,0,0,0,0,0,0,0,0,66
2025-09-27T14:30:22.387Z,59.6,21.1,1.912,49.6,0,60.1,0,0,0,0,0,0,0,0,66
2025-09-27T14:30:23.390Z,59.6,21.1,1.912,50.4,0,60.1,0,0,0,0,0,0,0,0,66
2025-09-27T14:30:24.390Z,59.6,21.1,1.912,49.6,0,60.1,0,0,0,0,0,0,0,0,66
2025-09-27T14:30:25.391Z,59.6,21.1,1.912,49.6,0,60.1,0,0,0,0,0,0,0,0,66
2025-09-27T14:30:26.393Z,59.6,21.1,1.912,49.6,0,60.1,0,0,0,0,0,0,0,0,66
2025-09-27T14:30:27.394Z,59.6,21.1,1.912,50.4,0,60.1,0,0,0,0,0,0,0,0,66
2025-09-27T14:30:28.396Z,59.6,21.1,1.912,49.6,0,60.1,0,0,0,0,0,0,0,0,66
2025-09-27T14:30:29.395Z,59.6,21.1,1.912,50.4,0,60.1,0,0,0,0,0,0,0,0,66
2025-09-27T14:30:30.397Z,59.6,21.1,1.912,50.4,0,60.1,0,0,0,0,0,0,0,0,66
2025-09-27T14:30:31.404Z,59.6,21.1,1.911,49.6,0,60.1,0,0,0,0,0,0,0,0,66
2025-09-27T14:30:32.407Z,59.6,21.1,1.911,50.4,0,60.1,0,0,0,0,0,0,0,0,66
2025-09-27T14:30:33.401Z,59.6,21.1,1.912,49.6,0,60.1,0,0,0,0,0,0,0,0,66
2025-09-27T14:30:34.403Z,59.6,21.1,1.911,50.4,0,60.1,0,0,0,0,0,0,0,0,66
2025-09-27T14:30:35.407Z,59.6,21.1,1.911,49.6,0,60.1,0,0,0,0,0,0,0,0,66
2025-09-27T14:30:36.404Z,59.6,21.1,1.911,50.4,0,60.1,0,0,0,0,0,0,0,0,66
2025-09-27T14:30:37.404Z,59.6,21.1,1.911,49.6,0,60.1,0,0,0,0,0,0,0,0,66
2025-09-27T14:30:38.404Z,59.6,21.1,1.912,50.4,0,60.1,0,0,0,0,0,0,0,0,66
2025-09-27T14:30:39.406Z,59.6,21.1,1.911,49.6,0,60.1,0,0,0,0,0,0,0,0,66
2025-09-27T14:30:40.405Z,59.6,21.1,1.912,50.4,0,60.1,0,0,0,0,0,0,0,0,66
2025-09-27T14:30:41.409Z,59.6,21.1,1.911,49.6,0,60.1,0,0,0,0,0,0,0,0,66
2025-09-27T14:30:42.410Z,59.6,21.1,1.911,50.4,0,60.1,0,0,0,0,0,0,0,0,66
2025-09-27T14:30:43.405Z,59.6,21.1,1.912,49.6,0,60.1,0,0,0,0,0,0,0,0,66
2025-09-27T14:30:44.413Z,59.6,21.1,1.911,50.4,0,60.1,0,0,0,0,0,0,0,0,66
2025-09-27T14:30:45.411Z,59.6,21.1,1.911,49.6,0,60.1,0,0,0,0,0,0,0,0,66
2025-09-27T14:30:46.414Z,59.6,21.1,1.911,50.4,0,60.1,0,0,0,0,0,0,0,0,66
2025-09-27T14:30:47.414Z,59.5,21.1,1.912,49.6,0,60.1,0,0,0,0,0,0,0,0,66
2025-09-27T14:30:48.419Z,59.5,21.1,1.912,50.4,0,60.1,0,0,0,0,0,0,0,0,66
2025-09-27T14:30:49.417Z,59.5,21.1,1.912,49.6,0,60.1,0,0,0,0,0,0,0,0,66
2025-09-27T14:30:50.415Z,59.5,21.1,1.912,50.4,0,60.1,0,0,0,0,0,0,0,0,66
2025-09-27T14:30:51.415Z,59.5,21.1,1.912,49.6,0,60.1,0,0,0,0,0,0,0,0,66
2025-09-27T14:30:52.416Z,59.5,21.1,1.911,50.4,0,60.1,0,0,0,0,0,0,0,0,66
2025-09-27T14:30:53.416Z,59.5,21.1,1.912,49.6,0,60.1,0,0,0,0,0,0,0,0,66
2025-09-27T14:30:54.418Z,59.5,21.1,1.912,50.4,0,60.1,0,0,0,0,0,0,0,0,66
2025-09-27T14:30:55.421Z,59.5,21.1,1.912,49.6,0,60.1,0,0,0,0,0,0,0,0,66
2025-09-27T14:30:56.420Z,59.5,21.1,1.912,50.4,0,60.1,0,0,0,0,0,0,0,0,66
2025-09-27T14:30:57.424Z,59.5,21.1,1.912,49.6,0,60.1,0,0,0,0,0,0,0,0,66
2025-09-27T14:30:58.425Z,59.5,21.1,1.912,50.4,0,60.1,0,0,0,0,0,0,0,0,66
2025-09-27T14:30:59.424Z,59.5,21.1,1.912,49.6,0,60.1,0,0,0,0,0,0,0,0,66
2025-09-27T14:31:00.429Z,59.5,21.1,1.912,50.4,0,60.1,0,0,0,0,0,0,0,0,66
2025-09-27T14:31:01.428Z,59.5,21.1,1.912,49.6,0,60.1,0,0,0,0,0,0,0,0,66
2025-09-27T14:31:02.428Z,59.5,21.1,1.912,49.6,0,60.1,0,0,0,0,0,0,0,0,66
2025-09-27T14:31:03.429Z,59.5,21.1,1.912,49.6,0,60.1,0,0,0,0,0,0,0,0,66
2025-09-27T14:31:04.430Z,59.5,21.1,1.912,50.4,0,60.1,0,0,0,0,0,0,0,0,66
2025-09-27T14:31:05.432Z,59.5,21.1,1.912,49.6,0,60.1,0,0,0,0,0,0,0,0,66
2025-09-27T14:31:06.432Z,59.5,21.1,1.912,50.4,0,60.1,0,0,0,0,0,0,0,0,66
2025-09-27T14:31:07.431Z,59.5,21.1,1.912,49.6,0,60.1,0,0,0,0,0,0,0,0,66
2025-09-27T14:31:08.433Z,59.5,21.1,1.912,50.4,0,60.1,0,0,0,0,0,0,0,0,66
2025-09-27T14:31:09.437Z,59.5,21.1,1.912,49.6,0,60.1,0,0,0,0,0,0,0,0,66
2025-09-27T14:31:10.436Z,59.5,21.1,1.912,50.4,0,60.1,0,0,0,0,0,0,0,0,66
2025-09-27T14:31:11.437Z,59.5,21.1,1.912,49.6,0,60.1,0,0,0,0,0,0,0,0,66
2025-09-27T14:31:12.437Z,59.5,21.1,1.912,50.4,0,60.1,0,0,0,0,0,0,0,0,66
2025-09-27T14:31:13.437Z,59.5,21.1,1.912,49.6,0,60.1,0,0,0,0,0,0,0,0,66
2025-09-27T14:31:14.442Z,59.5,21.1,1.912,50.4,0,60.1,0,0,0,0,0,0,0,0,66
2025-09-27T14:31:15.439Z,59.5,21.1,1.912,49.6,0,60.1,0,0,0,0,0,0,0,0,66
2025-09-27T14:31:16.437Z,59.5,21.1,1.912,50.4,0,60.1,0,0,0,0,0,0,0,0,66
2025-09-27T14:31:17.443Z,59.5,21.1,1.912,49.6,0,60.1,0,0,0,0,0,0,0,0,66
2025-09-27T14:31:18.443Z,59.5,21.1,1.912,50.4,0,60.1,0,0,0,0,0,0,0,0,66
2025-09-27T14:31:19.442Z,59.5,21.1,1.912,49.6,0,60.1,0,0,0,0,0,0,0,0,66
2025-09-27T14:31:20.442Z,59.5,21.1,1.912,50.4,0,60.1,0,0,0,0,0,0,0,0,66
2025-09-27T14:31:21.450Z,59.5,21.1,1.912,49.6,0,60.1,0,0,0,0,0,0,0,0,66
2025-09-27T14:31:22.445Z,59.5,21.1,1.912,50.4,0,60.1,0,0,0,0,0,0,0,0,66
2025-09-27T14:31:23.446Z,59.5,21.1,1.912,49.6,0,60.1,0,0,0,0,0,0,0,0,66
2025-09-27T14:31:24.452Z,59.5,21.1,1.912,50.4,0,60.1,0,0,0,0,0,0,0,0,66
2025-09-27T14:31:25.447Z,59.5,21.1,1.912,49.6,0,60.1,0,0,0,0,0,0,0,0,66
2025-09-27T14:31:26.447Z,59.5,21.1,1.912,50.4,0,60.1,0,0,0,0,0,0,0,0,66
2025-09-27T14:31:27.451Z,59.5,21.1,1.912,49.6,0,60.1,0,0,0,0,0,0,0,0,66
2025-09-27T14:31:28.454Z,59.5,21.1,1.912,50.4,0,60.1,0,0,0,0,0,0,0,0,66
2025-09-27T14:31:29.451Z,59.5,21.1,1.912,49.6,0,60.1,0,0,0,0,0,0,0,0,66
2025-09-27T14:31:30.459Z,59.5,21.1,1.912,50.4,0,60.1,0,0,0,0,0,0,0,0,66
2025-09-27T14:31:31.452Z,59.5,21.1,1.912,49.6,0,60.1,0,0,0,0,0,0,0,0,66
2025-09-27T14:31:32.454Z,59.5,21.1,1.912,50.4,0,60.1,0,0,0,0,0,0,0,0,66
2025-09-27T14:31:33.453Z,59.5,21.1,1.912,49.6,0,60.1,0,0,0,0,0,0,0,0,66
2025-09-27T14:31:34.462Z,59.4,21.1,1.912,50.4,0,60.1,0,0,0,0,0,0,0,0,66
2025-09-27T14:31:35.456Z,59.4,21.1,1.912,49.6,0,60.1,0,0,0,0,0,0,0,0,66
2025-09-27T14:31:36.462Z,59.4,21.1,1.912,50.4,0,60.1,0,0,0,0,0,0,0,0,66
2025-09-27T14:31:37.459Z,59.4,21.1,1.912,49.6,0,60.1,0,0,0,0,0,0,0,0,66
2025-09-27T14:31:38.459Z,59.4,21.1,1.912,50.4,0,60.1,0,0,0,0,0,0,0,0,66
2025-09-27T14:31:39.457Z,59.4,21.1,1.912,49.6,0,60.1,0,0,0,0,0,0,0,0,66
2025-09-27T14:31:40.463Z,59.4,21.1,1.912,50.4,0,60.1,0,0,0,0,0,0,0,0,66
2025-09-27T14:31:41.460Z,59.4,21.1,1.912,49.6,0,60.1,0,0,0,0,0,0,0,0,66
2025-09-27T14:31:42.456Z,59.4,21.1,1.912,50.4,0,60.1,0,0,0,0,0,0,0,0,66
2025-09-27T14:31:43.466Z,59.4,21.1,1.912,49.6,0,60.1,0,0,0,0,0,0,0,0,66
2025-09-27T14:31:44.465Z,59.4,21.1,1.912,49.6,0,60.1,0,0,0,0,0,0,0,0,66
2025-09-27T14:31:45.465Z,59.4,21.1,1.912,49.6,0,60.1,0,0,0,0,0,0,0,0,66
2025-09-27T14:31:46.465Z,59.4,21.1,1.912,50.4,0,60.1,0,0,0,0,0,0,0,0,66
2025-09-27T14:31:47.466Z,59.4,21.1,1.912,49.6,0,60.1,0,0,0,0,0,0,0,0,66
2025-09-27T14:31:48.470Z,59.4,21.1,1.912,50.4,0,60.1,0,0,0,0,0,0,0,0,66
2025-09-27T14:31:49.468Z,59.4,21.1,1.912,49.6,0,60.1,0,0,0,0,0,0,0,0,66
2025-09-27T14:31:50.466Z,59.4,21.1,1.912,50.4,0,60.1,0,0,0,0,0,0,0,0,66
2025-09-27T14:31:51.469Z,59.4,21.1,1.912,49.6,0,60.1,0,0,0,0,0,0,0,0,66
2025-09-27T14:31:52.468Z,59.4,21.1,1.912,50.4,0,60.1,0,0,0,0,0,0,0,0,66
2025-09-27T14:31:53.471Z,59.4,21.1,1.912,49.6,0,60.1,0,0,0,0,0,0,0,0,66
2025-09-27T14:31:54.474Z,59.4,21.1,1.912,49.6,0,60.1,0,0,0,0,0,0,0,0,66
2025-09-27T14:31:55.474Z,59.4,21.1,1.912,49.6,0,60.1,0,0,0,0,0,0,0,0,66
2025-09-27T14:31:56.475Z,59.4,21.1,1.912,50.4,0,60.1,0,0,0,0,0,0,0,0,66
