timestamp,TECell_PV,PSCurrent_PV,PSVoltage_PV,FT201_PV,HTR201_PV,TE201_PV,CT201_PV,CT210_PV,Cell1_Voltage,Cell2_Voltage,Cell3_Voltage,PT201_PV,PT302_PV,HCD220_PV,step
2025-09-25T15:18:31.204Z,59.4,21.1,1.931,49.6,0,60.2,0,0,0,0,0,0,0,0,24
2025-09-25T15:18:32.204Z,59.4,21.1,1.931,50.4,0,60.2,0,0,0,0,0,0,0,0,24
2025-09-25T15:18:33.204Z,59.4,21.1,1.931,50.4,0,60.2,0,0,0,0,0,0,0,0,24
2025-09-25T15:18:34.212Z,59.4,21.1,1.931,49.6,0,60.2,0,0,0,0,0,0,0,0,24
2025-09-25T15:18:35.213Z,59.4,21.1,1.931,50.4,0,60.2,0,0,0,0,0,0,0,0,24
2025-09-25T15:18:36.212Z,59.4,21.1,1.931,49.6,0,60.2,0,0,0,0,0,0,0,0,24
2025-09-25T15:18:37.215Z,59.4,21.1,1.931,50.4,0,60.1,0,0,0,0,0,0,0,0,24
2025-09-25T15:18:38.212Z,59.4,21.1,1.931,49.6,0,60.2,0,0,0,0,0,0,0,0,24
2025-09-25T15:18:39.219Z,59.4,21.1,1.931,50.4,0,60.2,0,0,0,0,0,0,0,0,24
2025-09-25T15:18:40.215Z,59.4,21.1,1.931,49.6,0,60.2,0,0,0,0,0,0,0,0,24
2025-09-25T15:18:41.217Z,59.4,21.1,1.931,50.4,0,60.2,0,0,0,0,0,0,0,0,24
2025-09-25T15:18:42.217Z,59.4,21.1,1.931,49.6,0,60.2,0,0,0,0,0,0,0,0,24
2025-09-25T15:18:43.219Z,59.4,21.1,1.931,50.4,0,60.1,0,0,0,0,0,0,0,0,24
2025-09-25T15:18:44.218Z,59.4,21.1,1.931,49.6,0,60.1,0,0,0,0,0,0,0,0,24
2025-09-25T15:18:45.220Z,59.4,21.1,1.931,49.6,0,60.2,0,0,0,0,0,0,0,0,24
2025-09-25T15:18:46.220Z,59.4,21.1,1.931,49.6,0,60.2,0,0,0,0,0,0,0,0,24
2025-09-25T15:18:47.223Z,59.4,21.1,1.931,50.4,0,60.2,0,0,0,0,0,0,0,0,24
2025-09-25T15:18:48.224Z,59.4,21.1,1.931,49.6,0,60.2,0,0,0,0,0,0,0,0,24
2025-09-25T15:18:49.225Z,59.4,21.1,1.931,50.4,0,60.1,0,0,0,0,0,0,0,0,24
2025-09-25T15:18:50.217Z,59.4,21.1,1.931,49.6,0,60.1,0,0,0,0,0,0,0,0,24
2025-09-25T15:18:51.219Z,59.4,21.1,1.931,49.6,0,60.1,0,0,0,0,0,0,0,0,24
2025-09-25T15:18:52.220Z,59.4,21.1,1.931,50.4,0,60.2,0,0,0,0,0,0,0,0,24
2025-09-25T15:18:53.222Z,59.4,21.1,1.931,49.6,0,60.2,0,0,0,0,0,0,0,0,24
2025-09-25T15:18:54.227Z,59.4,21.1,1.931,49.6,0,60.2,0,0,0,0,0,0,0,0,24
2025-09-25T15:18:55.231Z,59.4,21.1,1.931,50.4,0,60.2,0,0,0,0,0,0,0,0,24
2025-09-25T15:18:56.230Z,59.4,21.1,1.931,49.6,0,60.2,0,0,0,0,0,0,0,0,24
2025-09-25T15:18:57.232Z,59.4,21.1,1.931,50.4,0,60.2,0,0,0,0,0,0,0,0,24
2025-09-25T15:18:58.234Z,59.4,21.1,1.931,49.6,0,60.2,0,0,0,0,0,0,0,0,24
2025-09-25T15:18:59.225Z,59.4,21.1,1.931,49.6,0,60.2,0,0,0,0,0,0,0,0,24
2025-09-25T15:19:00.223Z,59.4,21.1,1.931,50.4,0,60.2,0,0,0,0,0,0,0,0,24
2025-09-25T15:19:01.226Z,59.4,21.1,1.931,49.6,0,60.1,0,0,0,0,0,0,0,0,24
2025-09-25T15:19:02.229Z,59.4,21.1,1.931,49.6,0,60.2,0,0,0,0,0,0,0,0,24
2025-09-25T15:19:03.234Z,59.4,21.1,1.931,50.4,0,60.2,0,0,0,0,0,0,0,0,24
2025-09-25T15:19:04.235Z,59.4,21.1,1.931,49.6,0,60.2,0,0,0,0,0,0,0,0,24
2025-09-25T15:19:05.240Z,59.4,21.1,1.931,49.6,0,60.2,0,0,0,0,0,0,0,0,24
2025-09-25T15:19:06.238Z,59.4,21.1,1.931,50.4,0,60.2,0,0,0,0,0,0,0,0,24
2025-09-25T15:19:07.242Z,59.4,21.1,1.931,50.4,0,60.2,0,0,0,0,0,0,0,0,24
2025-09-25T15:19:07.242Z,59.4,21.1,1.931,50.4,0,60.2,0,0,0,0,0,0,0,0,24
2025-09-25T15:19:09.239Z,59.4,21.1,1.931,50.4,0,60.2,0,0,0,0,0,0,0,0,24
2025-09-25T15:19:10.244Z,59.4,21.1,1.931,49.6,0,60.2,0,0,0,0,0,0,0,0,24
2025-09-25T15:19:11.235Z,59.4,21.1,1.931,50.4,0,60.2,0,0,0,0,0,0,0,0,24
2025-09-25T15:19:12.244Z,59.4,21.1,1.931,50.4,0,60.2,0,0,0,0,0,0,0,0,24
2025-09-25T15:19:13.242Z,59.4,21.1,1.931,49.6,0,60.2,0,0,0,0,0,0,0,0,24
2025-09-25T15:19:14.243Z,59.4,21.1,1.931,50.4,0,60.2,0,0,0,0,0,0,0,0,24
2025-09-25T15:19:15.247Z,59.4,21.1,1.931,49.6,0,60.1,0,0,0,0,0,0,0,0,24
2025-09-25T15:19:16.245Z,59.4,21.1,1.931,50.4,0,60.2,0,0,0,0,0,0,0,0,24
2025-09-25T15:19:17.248Z,59.4,21.1,1.931,49.6,0,60.1,0,0,0,0,0,0,0,0,24
2025-09-25T15:19:18.250Z,59.4,21.1,1.931,50.4,0,60.1,0,0,0,0,0,0,0,0,24
2025-09-25T15:19:19.246Z,59.4,21.1,1.931,49.6,0,60.2,0,0,0,0,0,0,0,0,24
2025-09-25T15:19:20.247Z,59.4,21.1,1.931,50.4,0,60.2,0,0,0,0,0,0,0,0,24
2025-09-25T15:19:21.251Z,59.4,21.1,1.931,50.4,0,60.1,0,0,0,0,0,0,0,0,24
2025-09-25T15:19:22.250Z,59.4,21.1,1.931,49.6,0,60.1,0,0,0,0,0,0,0,0,24
2025-09-25T15:19:23.253Z,59.4,21.1,1.931,49.6,0,60.1,0,0,0,0,0,0,0,0,24
2025-09-25T15:19:24.252Z,59.4,21.1,1.931,49.6,0,60.1,0,0,0,0,0,0,0,0,24
2025-09-25T15:19:25.254Z,59.4,21.1,1.931,50.4,0,60.2,0,0,0,0,0,0,0,0,24
2025-09-25T15:19:26.257Z,59.4,21.1,1.931,49.6,0,60.2,0,0,0,0,0,0,0,0,24
2025-09-25T15:19:27.249Z,59.4,21.1,1.931,49.6,0,60.1,0,0,0,0,0,0,0,0,24
2025-09-25T15:19:28.249Z,59.4,21.1,1.931,50.4,0,60.1,0,0,0,0,0,0,0,0,24
2025-09-25T15:19:29.250Z,59.4,21.1,1.931,49.6,0,60.1,0,0,0,0,0,0,0,0,24
2025-09-25T15:19:30.259Z,59.4,21.1,1.931,49.6,0,60.1,0,0,0,0,0,0,0,0,24
2025-09-25T15:19:31.259Z,59.4,21.1,1.931,50.4,0,60.1,0,0,0,0,0,0,0,0,24
2025-09-25T15:19:32.258Z,59.4,21.1,1.931,50.4,0,60.1,0,0,0,0,0,0,0,0,24
2025-09-25T15:19:33.261Z,59.4,21.1,1.931,49.6,0,60.1,0,0,0,0,0,0,0,0,24
2025-09-25T15:19:34.263Z,59.4,21.1,1.931,50.4,0,60.1,0,0,0,0,0,0,0,0,24
2025-09-25T15:19:35.265Z,59.4,21.1,1.931,49.6,0,60.1,0,0,0,0,0,0,0,0,24
2025-09-25T15:19:36.263Z,59.4,21.1,1.931,50.4,0,60.1,0,0,0,0,0,0,0,0,24
2025-09-25T15:19:37.261Z,59.4,21.1,1.931,49.6,0,60.1,0,0,0,0,0,0,0,0,24
2025-09-25T15:19:38.257Z,59.4,21.1,1.93,50.4,0,60.1,0,0,0,0,0,0,0,0,24
2025-09-25T15:19:39.268Z,59.4,21.1,1.931,49.6,0,60.1,0,0,0,0,0,0,0,0,24
2025-09-25T15:19:40.260Z,59.4,21.1,1.93,49.6,0,60.1,0,0,0,0,0,0,0,0,24
2025-09-25T15:19:41.266Z,59.4,21.1,1.931,50.4,0,60.1,0,0,0,0,0,0,0,0,24
2025-09-25T15:19:42.263Z,59.4,21.1,1.931,49.6,0,60.1,0,0,0,0,0,0,0,0,24
2025-09-25T15:19:43.262Z,59.4,21.1,1.931,49.6,0,60.1,0,0,0,0,0,0,0,0,24
2025-09-25T15:19:44.267Z,59.4,21.1,1.931,50.4,0,60.1,0,0,0,0,0,0,0,0,24
2025-09-25T15:19:45.268Z,59.4,21.1,1.931,49.6,0,60.1,0,0,0,0,0,0,0,0,24
2025-09-25T15:19:46.269Z,59.4,21.1,1.931,50.4,0,60.1,0,0,0,0,0,0,0,0,24
2025-09-25T15:19:47.271Z,59.4,21.1,1.931,50.4,0,60.1,0,0,0,0,0,0,0,0,24
2025-09-25T15:19:48.274Z,59.4,21.1,1.931,49.6,0,60.1,0,0,0,0,0,0,0,0,24
2025-09-25T15:19:49.272Z,59.4,21.1,1.931,50.4,0,60.1,0,0,0,0,0,0,0,0,24
2025-09-25T15:19:50.274Z,59.4,21.1,1.931,49.6,0,60.1,0,0,0,0,0,0,0,0,24
2025-09-25T15:19:51.274Z,59.4,21.1,1.931,50.4,0,60.1,0,0,0,0,0,0,0,0,24
2025-09-25T15:19:52.273Z,59.4,21.1,1.931,49.6,0,60.1,0,0,0,0,0,0,0,0,24
2025-09-25T15:19:53.276Z,59.4,21.1,1.931,49.6,0,60.1,0,0,0,0,0,0,0,0,24
2025-09-25T15:19:54.281Z,59.4,21.1,1.931,50.4,0,60.1,0,0,0,0,0,0,0,0,24
2025-09-25T15:19:55.277Z,59.4,21.1,1.93,49.6,0,60.1,0,0,0,0,0,0,0,0,24
2025-09-25T15:19:56.275Z,59.4,21.1,1.93,50.4,0,60.1,0,0,0,0,0,0,0,0,24
2025-09-25T15:19:57.279Z,59.4,21.1,1.93,49.6,0,60.1,0,0,0,0,0,0,0,0,24
2025-09-25T15:19:58.284Z,59.4,21.1,1.931,49.6,0,60.1,0,0,0,0,0,0,0,0,24
2025-09-25T15:19:59.279Z,59.4,21.1,1.93,50.4,0,60.1,0,0,0,0,0,0,0,0,24
2025-09-25T15:20:00.281Z,59.4,21.1,1.93,49.6,0,60.1,0,0,0,0,0,0,0,0,24
2025-09-25T15:20:01.286Z,59.4,21.1,1.931,49.6,0,60.1,0,0,0,0,0,0,0,0,24
2025-09-25T15:20:02.289Z,59.5,21.1,1.931,50.4,0,60.1,0,0,0,0,0,0,0,0,24
2025-09-25T15:20:03.283Z,59.5,21.1,1.93,49.6,0,60.1,0,0,0,0,0,0,0,0,24
2025-09-25T15:20:04.285Z,59.5,21.1,1.93,50.4,0,60.1,0,0,0,0,0,0,0,0,24
2025-09-25T15:20:05.293Z,59.5,21.1,1.931,50.4,0,60.1,0,0,0,0,0,0,0,0,24
2025-09-25T15:20:06.288Z,59.5,21.1,1.93,49.6,0,60.1,0,0,0,0,0,0,0,0,24
2025-09-25T15:20:07.287Z,59.5,21.1,1.93,50.4,0,60.1,0,0,0,0,0,0,0,0,24
2025-09-25T15:20:08.292Z,59.5,21.1,1.93,49.6,0,60.1,0,0,0,0,0,0,0,0,24
2025-09-25T15:20:09.288Z,59.5,21.1,1.93,50.4,0,60.1,0,0,0,0,0,0,0,0,24
2025-09-25T15:20:10.294Z,59.5,21.1,1.931,50.4,0,60.1,0,0,0,0,0,0,0,0,24
2025-09-25T15:20:11.297Z,59.5,21.1,1.931,49.6,0,60.1,0,0,0,0,0,0,0,0,24
2025-09-25T15:20:12.295Z,59.5,21.1,1.931,50.4,0,60.1,0,0,0,0,0,0,0,0,24
2025-09-25T15:20:13.300Z,59.5,21.1,1.931,49.6,0,60.1,0,0,0,0,0,0,0,0,24
2025-09-25T15:20:14.298Z,59.5,21.1,1.931,50.4,0,60.1,0,0,0,0,0,0,0,0,24
2025-09-25T15:20:15.296Z,59.5,21.1,1.93,49.6,0,60.1,0,0,0,0,0,0,0,0,24
2025-09-25T15:20:16.298Z,59.5,21.1,1.93,50.4,0,60.1,0,0,0,0,0,0,0,0,24
2025-09-25T15:20:17.299Z,59.5,21.1,1.93,49.6,0,60.1,0,0,0,0,0,0,0,0,24
2025-09-25T15:20:18.300Z,59.5,21.1,1.93,50.4,0,60.1,0,0,0,0,0,0,0,0,24
2025-09-25T15:20:19.292Z,59.5,21.1,1.931,49.6,0,60.1,0,0,0,0,0,0,0,0,24
2025-09-25T15:20:20.300Z,59.5,21.1,1.93,50.4,0,60.1,0,0,0,0,0,0,0,0,24
2025-09-25T15:20:21.296Z,59.5,21.1,1.93,49.6,0,60.1,0,0,0,0,0,0,0,0,24
2025-09-25T15:20:22.298Z,59.5,21.1,1.93,49.6,0,60.1,0,0,0,0,0,0,0,0,24
2025-09-25T15:20:23.305Z,59.5,21.1,1.93,50.4,0,60.1,0,0,0,0,0,0,0,0,24
2025-09-25T15:20:24.305Z,59.5,21.1,1.93,50.4,0,60.1,0,0,0,0,0,0,0,0,24
2025-09-25T15:20:25.309Z,59.5,21.1,1.93,49.6,0,60.1,0,0,0,0,0,0,0,0,24
2025-09-25T15:20:26.308Z,59.5,21.1,1.93,49.6,0,60.1,0,0,0,0,0,0,0,0,24
2025-09-25T15:20:27.309Z,59.5,21.1,1.93,50.4,0,60.1,0,0,0,0,0,0,0,0,24
2025-09-25T15:20:28.308Z,59.5,21.1,1.93,49.6,0,60.1,0,0,0,0,0,0,0,0,24
2025-09-25T15:20:29.313Z,59.5,21.1,1.93,49.6,0,60.1,0,0,0,0,0,0,0,0,24
2025-09-25T15:20:30.309Z,59.5,21.1,1.93,50.4,0,60.1,0,0,0,0,0,0,0,0,24
2025-09-25T15:20:31.316Z,59.5,21.1,1.93,49.6,0,60.1,0,0,0,0,0,0,0,0,24
2025-09-25T15:20:32.310Z,59.5,21.1,1.93,50.4,0,60.1,0,0,0,0,0,0,0,0,24
2025-09-25T15:20:33.314Z,59.5,21.1,1.93,49.6,0,60.1,0,0,0,0,0,0,0,0,24
2025-09-25T15:20:34.314Z,59.5,21.1,1.93,49.6,0,60.1,0,0,0,0,0,0,0,0,24
2025-09-25T15:20:35.314Z,59.5,21.1,1.93,50.4,0,60.1,0,0,0,0,0,0,0,0,24
2025-09-25T15:20:36.310Z,59.6,21.1,1.93,49.6,0,60.1,0,0,0,0,0,0,0,0,24
2025-09-25T15:20:37.309Z,59.6,21.1,1.931,50.4,0,60.1,0,0,0,0,0,0,0,0,24
2025-09-25T15:20:38.322Z,59.5,21.1,1.929,49.6,0,60.1,0,0,0,0,0,0,0,0,24
2025-09-25T15:20:39.321Z,59.6,21.1,1.93,50.4,0,60.1,0,0,0,0,0,0,0,0,24
2025-09-25T15:20:40.317Z,59.6,21.1,1.929,49.6,0,60.1,0,0,0,0,0,0,0,0,24
2025-09-25T15:20:41.320Z,59.6,21.1,1.929,50.4,0,60.1,0,0,0,0,0,0,0,0,24
2025-09-25T15:20:42.318Z,59.6,21.1,1.929,49.6,0,60.1,0,0,0,0,0,0,0,0,24
2025-09-25T15:20:43.323Z,59.6,21.1,1.929,49.6,0,60.1,0,0,0,0,0,0,0,0,24
2025-09-25T15:20:44.319Z,59.6,21.1,1.929,50.4,0,60.1,0,0,0,0,0,0,0,0,24
2025-09-25T15:20:45.323Z,59.6,21.1,1.929,49.6,0,60.1,0,0,0,0,0,0,0,0,24
2025-09-25T15:20:46.319Z,59.6,21.1,1.93,49.6,0,60.1,0,0,0,0,0,0,0,0,24
2025-09-25T15:20:47.320Z,59.6,21.1,1.93,50.4,0,60.1,0,0,0,0,0,0,0,0,24
2025-09-25T15:20:48.326Z,59.6,21.1,1.929,49.6,0,60.1,0,0,0,0,0,0,0,0,24
2025-09-25T15:20:49.329Z,59.6,21.1,1.929,49.6,0,60.1,0,0,0,0,0,0,0,0,24
2025-09-25T15:20:50.326Z,59.6,21.1,1.93,50.4,0,60.1,0,0,0,0,0,0,0,0,24
2025-09-25T15:20:51.325Z,59.6,21.1,1.93,50.4,0,60.1,0,0,0,0,0,0,0,0,24
2025-09-25T15:20:52.325Z,59.6,21.1,1.93,49.6,0,60.1,0,0,0,0,0,0,0,0,24
2025-09-25T15:20:53.325Z,59.6,21.1,1.93,50.4,0,60.1,0,0,0,0,0,0,0,0,24
2025-09-25T15:20:54.333Z,59.6,21.1,1.929,50.4,0,60.1,0,0,0,0,0,0,0,0,24
2025-09-25T15:20:55.331Z,59.6,21.1,1.93,49.6,0,60.1,0,0,0,0,0,0,0,0,24
2025-09-25T15:20:56.328Z,59.6,21.1,1.929,50.4,0,60.1,0,0,0,0,0,0,0,0,24
2025-09-25T15:20:57.335Z,59.6,21.1,1.93,49.6,0,60.1,0,0,0,0,0,0,0,0,24
2025-09-25T15:20:58.336Z,59.6,21.1,1.93,50.4,0,60.1,0,0,0,0,0,0,0,0,24
2025-09-25T15:20:59.331Z,59.6,21.1,1.93,49.6,0,60.1,0,0,0,0,0,0,0,0,24
2025-09-25T15:21:00.332Z,59.7,21.1,1.929,50.4,0,60.1,0,0,0,0,0,0,0,0,24
2025-09-25T15:21:01.337Z,59.7,21.1,1.929,49.6,0,60.1,0,0,0,0,0,0,0,0,24
2025-09-25T15:21:02.339Z,59.7,21.1,1.929,50.4,0,60.1,0,0,0,0,0,0,0,0,24
2025-09-25T15:21:03.343Z,59.7,21.1,1.928,49.6,0,60.1,0,0,0,0,0,0,0,0,24
2025-09-25T15:21:04.335Z,59.7,21.1,1.929,49.6,0,60.1,0,0,0,0,0,0,0,0,24
2025-09-25T15:21:05.344Z,59.7,21.1,1.928,50.4,0,60.1,0,0,0,0,0,0,0,0,24
2025-09-25T15:21:06.344Z,59.7,21.1,1.929,49.6,0,60.1,0,0,0,0,0,0,0,0,24
2025-09-25T15:21:07.343Z,59.7,21.1,1.929,49.6,0,60.1,0,0,0,0,0,0,0,0,24
2025-09-25T15:21:08.343Z,59.7,21.1,1.929,50.4,0,60.1,0,0,0,0,0,0,0,0,24
2025-09-25T15:21:09.342Z,59.7,21.1,1.929,49.6,0,60.1,0,0,0,0,0,0,0,0,24
2025-09-25T15:21:10.348Z,59.7,21.1,1.929,49.6,0,60.1,0,0,0,0,0,0,0,0,24
2025-09-25T15:21:11.345Z,59.7,21.1,1.929,50.4,0,60.1,0,0,0,0,0,0,0,0,24
2025-09-25T15:21:12.339Z,59.7,21.1,1.929,49.6,0,60.1,0,0,0,0,0,0,0,0,24
2025-09-25T15:21:13.350Z,59.7,21.1,1.929,49.6,0,60.1,0,0,0,0,0,0,0,0,24
2025-09-25T15:21:14.346Z,59.7,21.1,1.929,50.4,0,60.1,0,0,0,0,0,0,0,0,24
2025-09-25T15:21:15.347Z,59.7,21.1,1.929,49.6,0,60.1,0,0,0,0,0,0,0,0,24
2025-09-25T15:21:16.347Z,59.7,21.1,1.929,50.4,0,60.1,0,0,0,0,0,0,0,0,24
2025-09-25T15:21:17.350Z,59.7,21.1,1.929,50.4,0,60.1,0,0,0,0,0,0,0,0,24
2025-09-25T15:21:18.350Z,59.7,21.1,1.929,49.6,0,60.1,0,0,0,0,0,0,0,0,24
2025-09-25T15:21:19.351Z,59.7,21.1,1.929,50.4,0,60.1,0,0,0,0,0,0,0,0,24
2025-09-25T15:21:20.352Z,59.8,21.1,1.929,49.6,0,60.1,0,0,0,0,0,0,0,0,24
2025-09-25T15:21:21.350Z,59.8,21.1,1.929,49.6,0,60.1,0,0,0,0,0,0,0,0,24
2025-09-25T15:21:22.354Z,59.8,21.1,1.929,50.4,0,60.1,0,0,0,0,0,0,0,0,24
2025-09-25T15:21:23.350Z,59.8,21.1,1.928,49.6,0,60.1,0,0,0,0,0,0,0,0,24
2025-09-25T15:21:24.354Z,59.8,21.1,1.929,49.6,0,60.1,0,0,0,0,0,0,0,0,24
2025-09-25T15:21:25.358Z,59.8,21.1,1.929,50.4,0,60.1,0,0,0,0,0,0,0,0,24
2025-09-25T15:21:26.357Z,59.8,21.1,1.929,49.6,0,60.1,0,0,0,0,0,0,0,0,24
2025-09-25T15:21:27.349Z,59.8,21.1,1.928,49.6,0,60.1,0,0,0,0,0,0,0,0,24
2025-09-25T15:21:28.358Z,59.8,21.1,1.929,50.4,0,60.1,0,0,0,0,0,0,0,0,24
2025-09-25T15:21:29.360Z,59.8,21.1,1.928,50.4,0,60.1,0,0,0,0,0,0,0,0,24
2025-09-25T15:21:30.365Z,59.8,21.1,1.928,49.6,0,60.1,0,0,0,0,0,0,0,0,24
2025-09-25T15:21:31.361Z,59.8,21.1,1.927,50.4,0,60.1,0,0,0,0,0,0,0,0,24
2025-09-25T15:21:32.363Z,59.8,21.1,1.928,49.6,0,60.1,0,0,0,0,0,0,0,0,24
2025-09-25T15:21:33.366Z,59.8,21.1,1.928,50.4,0,60.1,0,0,0,0,0,0,0,0,24
2025-09-25T15:21:34.368Z,59.8,21.1,1.928,50.4,0,60.1,0,0,0,0,0,0,0,0,24
2025-09-25T15:21:35.366Z,59.8,21.1,1.927,49.6,0,60.1,0,0,0,0,0,0,0,0,24
2025-09-25T15:21:36.368Z,59.9,21.1,1.927,50.4,0,60.1,0,0,0,0,0,0,0,0,24
2025-09-25T15:21:37.374Z,59.9,21.1,1.928,49.6,0,60.1,0,0,0,0,0,0,0,0,24
2025-09-25T15:21:38.371Z,59.9,21.1,1.927,50.4,0,60.1,0,0,0,0,0,0,0,0,24
2025-09-25T15:21:39.365Z,59.9,21.1,1.927,49.6,0,60.1,0,0,0,0,0,0,0,0,24
2025-09-25T15:21:40.366Z,59.9,21.1,1.926,50.4,0,60.1,0,0,0,0,0,0,0,0,24
2025-09-25T15:21:41.373Z,59.9,21.1,1.926,49.6,0,60.1,0,0,0,0,0,0,0,0,24
2025-09-25T15:21:42.371Z,59.9,21.1,1.926,49.6,0,60,0,0,0,0,0,0,0,0,24
2025-09-25T15:21:43.374Z,59.9,21.1,1.926,50.4,0,60,0,0,0,0,0,0,0,0,24
2025-09-25T15:21:44.375Z,59.9,21.1,1.926,50.4,0,60,0,0,0,0,0,0,0,0,24
2025-09-25T15:21:45.375Z,59.9,21.1,1.926,49.6,0,60,0,0,0,0,0,0,0,0,24
2025-09-25T15:21:46.375Z,59.9,21.1,1.926,50.4,0,60.1,0,0,0,0,0,0,0,0,24
2025-09-25T15:21:47.376Z,59.9,21.1,1.926,49.6,0,60.1,0,0,0,0,0,0,0,0,24
2025-09-25T15:21:48.374Z,59.9,21.1,1.926,50.4,0,60,0,0,0,0,0,0,0,0,24
2025-09-25T15:21:49.372Z,59.9,21.1,1.926,49.6,0,60,0,0,0,0,0,0,0,0,24
2025-09-25T15:21:50.373Z,59.9,21.1,1.926,50.4,0,60,0,0,0,0,0,0,0,0,24
2025-09-25T15:21:51.370Z,60,21.1,1.927,49.6,0,60,0,0,0,0,0,0,0,0,24
2025-09-25T15:21:52.379Z,60,21.1,1.926,49.6,0,60,0,0,0,0,0,0,0,0,24
2025-09-25T15:21:53.380Z,60,21.1,1.926,50.4,0,60,0,0,0,0,0,0,0,0,24
2025-09-25T15:21:54.382Z,60,21.1,1.926,49.6,0,60,0,0,0,0,0,0,0,0,24
2025-09-25T15:21:55.385Z,60,21.1,1.926,50.4,0,60,0,0,0,0,0,0,0,0,24
2025-09-25T15:21:56.385Z,60,21.1,1.926,49.6,0,60,0,0,0,0,0,0,0,0,24
2025-09-25T15:21:57.388Z,60,21.1,1.926,49.6,0,60,0,0,0,0,0,0,0,0,24
2025-09-25T15:21:58.383Z,60,21.1,1.926,50.4,0,60,0,0,0,0,0,0,0,0,24
2025-09-25T15:21:59.389Z,60,21.1,1.926,49.6,0,60,0,0,0,0,0,0,0,0,24
2025-09-25T15:22:00.388Z,60,21.1,1.926,49.6,0,60,0,0,0,0,0,0,0,0,24
2025-09-25T15:22:01.390Z,60,21.1,1.926,50.4,0,60,0,0,0,0,0,0,0,0,24
2025-09-25T15:22:02.391Z,60,21.1,1.926,50.4,0,60,0,0,0,0,0,0,0,0,24
2025-09-25T15:22:03.393Z,60,21.1,1.926,49.6,0,60,0,0,0,0,0,0,0,0,24
2025-09-25T15:22:04.394Z,60,21.1,1.926,50.4,0,60,0,0,0,0,0,0,0,0,24
2025-09-25T15:22:05.395Z,60,21.1,1.926,49.6,0,60,0,0,0,0,0,0,0,0,24
2025-09-25T15:22:06.393Z,60.2,21.1,1.926,50.4,0,60.1,0,0,0,0,0,0,0,0,24
2025-09-25T15:22:07.396Z,60.1,21.1,1.926,49.6,0,60,0,0,0,0,0,0,0,0,24
2025-09-25T15:22:08.396Z,60.1,21.1,1.926,49.6,0,60,0,0,0,0,0,0,0,0,24
2025-09-25T15:22:09.398Z,60.1,21.1,1.926,50.4,0,60,0,0,0,0,0,0,0,0,24
2025-09-25T15:22:10.396Z,60.1,21.1,1.926,49.6,0,60,0,0,0,0,0,0,0,0,24
2025-09-25T15:22:11.398Z,60.1,21.1,1.926,50.4,0,60,0,0,0,0,0,0,0,0,24
2025-09-25T15:22:12.397Z,60.1,21.1,1.926,50.4,0,60,0,0,0,0,0,0,0,0,24
2025-09-25T15:22:13.400Z,60.1,21.1,1.926,49.6,0,60,0,0,0,0,0,0,0,0,24
2025-09-25T15:22:14.401Z,60.1,21.1,1.926,50.4,0,60,0,0,0,0,0,0,0,0,24
2025-09-25T15:22:15.403Z,60.1,21.1,1.926,49.6,0,60,0,0,0,0,0,0,0,0,24
2025-09-25T15:22:16.400Z,60.1,21.1,1.926,50.4,0,60,0,0,0,0,0,0,0,0,24
2025-09-25T15:22:17.412Z,60.1,21.1,1.926,50.4,0,60,0,0,0,0,0,0,0,0,24
2025-09-25T15:22:18.398Z,60.1,21.1,1.926,49.6,0,60,0,0,0,0,0,0,0,0,24
2025-09-25T15:22:19.401Z,60.1,21.1,1.926,50.4,0,60,0,0,0,0,0,0,0,0,24
2025-09-25T15:22:20.403Z,60.1,21.1,1.926,49.6,0,60,0,0,0,0,0,0,0,0,24
2025-09-25T15:22:21.404Z,60.1,21.1,1.926,49.6,0,60,0,0,0,0,0,0,0,0,24
2025-09-25T15:22:22.407Z,60.1,21.1,1.926,49.6,0,60,0,0,0,0,0,0,0,0,24
2025-09-25T15:22:23.406Z,60.2,21.1,1.926,50.4,0,60,0,0,0,0,0,0,0,0,24
2025-09-25T15:22:24.409Z,60.2,21.1,1.926,50.4,0,60,0,0,0,0,0,0,0,0,24
2025-09-25T15:22:25.410Z,60.2,21.1,1.926,49.6,0,60,0,0,0,0,0,0,0,0,24
2025-09-25T15:22:26.411Z,60.2,21.1,1.926,50.4,0,60,0,0,0,0,0,0,0,0,24
2025-09-25T15:22:27.416Z,60.2,21.1,1.925,49.6,0,60,0,0,0,0,0,0,0,0,24
2025-09-25T15:22:28.411Z,60.2,21.1,1.926,50.4,0,60,0,0,0,0,0,0,0,0,24
2025-09-25T15:22:29.411Z,60.2,21.1,1.926,49.6,0,60,0,0,0,0,0,0,0,0,24
2025-09-25T15:22:30.409Z,60.2,21.1,1.926,50.4,0,60,0,0,0,0,0,0,0,0,24
2025-09-25T15:22:31.409Z,60.2,21.1,1.926,49.6,0,60,0,0,0,0,0,0,0,0,24
2025-09-25T15:22:32.416Z,60.2,21.1,1.926,50.4,0,60,0,0,0,0,0,0,0,0,24
2025-09-25T15:22:33.412Z,60.2,21.1,1.926,49.6,0,60,0,0,0,0,0,0,0,0,24
2025-09-25T15:22:34.412Z,60.2,21.1,1.926,49.6,0,60,0,0,0,0,0,0,0,0,24
2025-09-25T15:22:35.418Z,60.2,21.1,1.926,50.4,0,60,0,0,0,0,0,0,0,0,24
2025-09-25T15:22:36.420Z,60.3,21.1,1.926,49.6,0,60,0,0,0,0,0,0,0,0,24
2025-09-25T15:22:37.429Z,60.3,21.1,1.925,50.4,0,60,0,0,0,0,0,0,0,0,24
2025-09-25T15:22:38.417Z,60.3,21.1,1.926,49.6,0,60,0,0,0,0,0,0,0,0,24
2025-09-25T15:22:39.415Z,60.3,21.1,1.926,50.4,0,60,0,0,0,0,0,0,0,0,24
2025-09-25T15:22:40.415Z,60.3,21.1,1.926,50.4,0,60,0,0,0,0,0,0,0,0,24
2025-09-25T15:22:41.422Z,60.3,21.1,1.926,49.6,0,60,0,0,0,0,0,0,0,0,24
2025-09-25T15:22:42.423Z,60.3,21.1,1.926,49.6,0,60,0,0,0,0,0,0,0,0,24
2025-09-25T15:22:43.424Z,60.3,21.1,1.926,49.6,0,60,0,0,0,0,0,0,0,0,24
2025-09-25T15:22:44.423Z,60.3,21.1,1.926,50.4,0,60,0,0,0,0,0,0,0,0,24
2025-09-25T15:22:45.429Z,60.3,21.1,1.926,49.6,0,60,0,0,0,0,0,0,0,0,24
2025-09-25T15:22:46.425Z,60.3,21.1,1.926,49.6,0,60,0,0,0,0,0,0,0,0,24
2025-09-25T15:22:47.428Z,60.3,21.1,1.926,50.4,0,60,0,0,0,0,0,0,0,0,24
2025-09-25T15:22:48.427Z,60.4,21.1,1.925,49.6,0,60,0,0,0,0,0,0,0,0,24
2025-09-25T15:22:49.430Z,60.4,21.1,1.925,50.4,0,60,0,0,0,0,0,0,0,0,24
2025-09-25T15:22:50.433Z,60.4,21.1,1.925,50.4,0,60,0,0,0,0,0,0,0,0,24
2025-09-25T15:22:51.427Z,60.4,21.1,1.925,49.6,0,60,0,0,0,0,0,0,0,0,24
2025-09-25T15:22:52.426Z,60.4,21.1,1.925,50.4,0,60,0,0,0,0,0,0,0,0,24
2025-09-25T15:22:53.435Z,60.4,21.1,1.925,49.6,0,60,0,0,0,0,0,0,0,0,24
2025-09-25T15:22:54.435Z,60.4,21.1,1.925,50.4,0,60,0,0,0,0,0,0,0,0,24
2025-09-25T15:22:55.434Z,60.4,21.1,1.925,49.6,0,60,0,0,0,0,0,0,0,0,24
2025-09-25T15:22:56.438Z,60.4,21.1,1.925,50.4,0,60,0,0,0,0,0,0,0,0,24
2025-09-25T15:22:57.439Z,60.4,21.1,1.925,49.6,0,60,0,0,0,0,0,0,0,0,24
2025-09-25T15:22:58.438Z,60.4,21.1,1.924,49.6,0,60,0,0,0,0,0,0,0,0,24
2025-09-25T15:22:59.441Z,60.4,21.1,1.925,50.4,0,60,0,0,0,0,0,0,0,0,24
2025-09-25T15:23:00.437Z,60.4,21.1,1.924,49.6,0,60,0,0,0,0,0,0,0,0,24
2025-09-25T15:23:01.442Z,60.4,21.1,1.924,50.4,0,60,0,0,0,0,0,0,0,0,24
2025-09-25T15:23:02.443Z,60.4,21.1,1.925,50.4,0,60,0,0,0,0,0,0,0,0,24
2025-09-25T15:23:03.444Z,60.5,21.1,1.924,49.6,0,60,0,0,0,0,0,0,0,0,24
2025-09-25T15:23:04.447Z,60.5,21.1,1.925,49.6,0,59.9,0,0,0,0,0,0,0,0,24
2025-09-25T15:23:05.446Z,60.5,21.1,1.924,49.6,0,60,0,0,0,0,0,0,0,0,24
2025-09-25T15:23:06.445Z,60.5,21.1,1.925,50.4,0,59.9,0,0,0,0,0,0,0,0,24
2025-09-25T15:23:07.449Z,60.5,21.1,1.924,50.4,0,59.9,0,0,0,0,0,0,0,0,24
2025-09-25T15:23:08.448Z,60.5,21.1,1.924,49.6,0,60,0,0,0,0,0,0,0,0,24
2025-09-25T15:23:09.451Z,60.5,21.1,1.924,50.4,0,60,0,0,0,0,0,0,0,0,24
2025-09-25T15:23:10.449Z,60.5,21.1,1.924,49.6,0,59.9,0,0,0,0,0,0,0,0,24
2025-09-25T15:23:11.447Z,60.5,21.1,1.924,50.4,0,59.9,0,0,0,0,0,0,0,0,24
2025-09-25T15:23:12.448Z,60.5,21.1,1.924,49.6,0,59.9,0,0,0,0,0,0,0,0,24
2025-09-25T15:23:13.449Z,60.5,21.1,1.925,50.4,0,59.9,0,0,0,0,0,0,0,0,24
2025-09-25T15:23:14.449Z,60.5,21.1,1.923,49.6,0,59.9,0,0,0,0,0,0,0,0,24
2025-09-25T15:23:15.453Z,60.5,21.1,1.924,50.4,0,59.9,0,0,0,0,0,0,0,0,24
2025-09-25T15:23:16.452Z,60.5,21.1,1.924,49.6,0,59.9,0,0,0,0,0,0,0,0,24
2025-09-25T15:23:17.460Z,60.5,21.1,1.924,50.4,0,59.9,0,0,0,0,0,0,0,0,24
2025-09-25T15:23:18.455Z,60.5,21.1,1.924,49.6,0,59.9,0,0,0,0,0,0,0,0,24
2025-09-25T15:23:19.457Z,60.6,21.1,1.924,50.4,0,59.9,0,0,0,0,0,0,0,0,24
2025-09-25T15:23:20.456Z,60.6,21.1,1.924,49.6,0,59.9,0,0,0,0,0,0,0,0,24
2025-09-25T15:23:21.460Z,60.6,21.1,1.924,50.4,0,60,0,0,0,0,0,0,0,0,24
2025-09-25T15:23:22.454Z,60.6,21.1,1.923,49.6,0,59.9,0,0,0,0,0,0,0,0,24
2025-09-25T15:23:23.453Z,60.6,21.1,1.923,50.4,0,60,0,0,0,0,0,0,0,0,24
2025-09-25T15:23:24.456Z,60.6,21.1,1.923,49.6,0,59.9,0,0,0,0,0,0,0,0,24
2025-09-25T15:23:25.455Z,60.6,21.1,1.923,50.4,0,59.9,0,0,0,0,0,0,0,0,24
2025-09-25T15:23:26.459Z,60.6,21.1,1.923,49.6,0,59.9,0,0,0,0,0,0,0,0,24
2025-09-25T15:23:27.460Z,60.6,21.1,1.923,50.4,0,60,0,0,0,0,0,0,0,0,24
2025-09-25T15:23:28.457Z,60.6,21.1,1.923,49.6,0,60,0,0,0,0,0,0,0,0,24
2025-09-25T15:23:29.467Z,60.6,21.1,1.924,50.4,0,60,0,0,0,0,0,0,0,0,24
2025-09-25T15:23:30.464Z,60.6,21.1,1.923,49.6,0,60,0,0,0,0,0,0,0,0,24
2025-09-25T15:23:31.472Z,60.6,21.1,1.924,50.4,0,60,0,0,0,0,0,0,0,0,24
2025-09-25T15:23:32.465Z,60.7,21.1,1.923,49.6,0,60,0,0,0,0,0,0,0,0,24
2025-09-25T15:23:33.464Z,60.7,21.1,1.923,50.4,0,60,0,0,0,0,0,0,0,0,24
2025-09-25T15:23:34.464Z,60.7,21.1,1.923,49.6,0,60,0,0,0,0,0,0,0,0,24
2025-09-25T15:23:35.464Z,60.7,21.1,1.923,50.4,0,60,0,0,0,0,0,0,0,0,24
2025-09-25T15:23:36.475Z,60.7,21.1,1.923,49.6,0,60,0,0,0,0,0,0,0,0,24
2025-09-25T15:23:37.469Z,60.7,21.1,1.923,50.4,0,60,0,0,0,0,0,0,0,0,24
2025-09-25T15:23:38.467Z,60.7,21.1,1.923,49.6,0,60,0,0,0,0,0,0,0,0,24
2025-09-25T15:23:39.467Z,60.7,21.1,1.923,50.4,0,60,0,0,0,0,0,0,0,0,24
2025-09-25T15:23:40.472Z,60.7,21.1,1.923,49.6,0,60,0,0,0,0,0,0,0,0,24
2025-09-25T15:23:41.476Z,60.7,21.1,1.923,49.6,0,60,0,0,0,0,0,0,0,0,24
2025-09-25T15:23:42.474Z,60.7,21.1,1.923,49.6,0,60,0,0,0,0,0,0,0,0,24
2025-09-25T15:23:43.473Z,60.7,21.1,1.923,50.4,0,60,0,0,0,0,0,0,0,0,24
2025-09-25T15:23:44.476Z,60.7,21.1,1.923,49.6,0,60,0,0,0,0,0,0,0,0,24
2025-09-25T15:23:45.485Z,60.7,21.1,1.923,50.4,0,60,0,0,0,0,0,0,0,0,24
2025-09-25T15:23:46.475Z,60.7,21.1,1.923,49.6,0,60,0,0,0,0,0,0,0,0,24
2025-09-25T15:23:47.477Z,60.7,21.1,1.923,50.4,0,60,0,0,0,0,0,0,0,0,24
2025-09-25T15:23:48.474Z,60.7,21.1,1.923,49.6,0,60,0,0,0,0,0,0,0,0,24
2025-09-25T15:23:49.474Z,60.7,21.1,1.923,50.4,0,60,0,0,0,0,0,0,0,0,24
2025-09-25T15:23:50.476Z,60.7,21.1,1.923,49.6,0,60,0,0,0,0,0,0,0,0,24
2025-09-25T15:23:51.477Z,60.8,21.1,1.923,50.4,0,60,0,0,0,0,0,0,0,0,24
2025-09-25T15:23:52.477Z,60.8,21.1,1.923,49.6,0,60,0,0,0,0,0,0,0,0,24
2025-09-25T15:23:53.479Z,60.8,21.1,1.923,50.4,0,60,0,0,0,0,0,0,0,0,24
2025-09-25T15:23:54.480Z,60.8,21.1,1.923,49.6,0,60,0,0,0,0,0,0,0,0,24
2025-09-25T15:23:55.487Z,60.8,21.1,1.923,50.4,0,60,0,0,0,0,0,0,0,0,24
2025-09-25T15:23:56.488Z,60.8,21.1,1.923,49.6,0,60,0,0,0,0,0,0,0,0,24
2025-09-25T15:23:57.490Z,60.8,21.1,1.922,50.4,0,60,0,0,0,0,0,0,0,0,24
2025-09-25T15:23:58.492Z,60.8,21.1,1.922,49.6,0,60,0,0,0,0,0,0,0,0,24
2025-09-25T15:23:59.494Z,60.8,21.1,1.923,50.4,0,60,0,0,0,0,0,0,0,0,24
2025-09-25T15:24:00.494Z,60.8,21.1,1.923,49.6,0,60,0,0,0,0,0,0,0,0,24
2025-09-25T15:24:01.489Z,60.8,21.1,1.922,50.4,0,60,0,0,0,0,0,0,0,0,24
2025-09-25T15:24:02.496Z,60.8,21.1,1.922,49.6,0,60,0,0,0,0,0,0,0,0,24
2025-09-25T15:24:03.498Z,60.8,21.1,1.923,50.4,0,60,0,0,0,0,0,0,0,0,24
2025-09-25T15:24:04.496Z,60.8,21.1,1.922,49.6,0,60,0,0,0,0,0,0,0,0,24
2025-09-25T15:24:05.498Z,60.8,21.1,1.922,50.4,0,60,0,0,0,0,0,0,0,0,24
2025-09-25T15:24:06.498Z,60.8,21.1,1.922,49.6,0,60,0,0,0,0,0,0,0,0,24
2025-09-25T15:24:07.498Z,60.9,21.1,1.922,49.6,0,60,0,0,0,0,0,0,0,0,24
2025-09-25T15:24:08.502Z,60.9,21.1,1.922,49.6,0,60,0,0,0,0,0,0,0,0,24
2025-09-25T15:24:09.501Z,60.9,21.1,1.922,50.4,0,60,0,0,0,0,0,0,0,0,24
2025-09-25T15:24:10.501Z,60.9,21.1,1.922,49.6,0,60,0,0,0,0,0,0,0,0,24
2025-09-25T15:24:11.501Z,60.9,21.1,1.923,50.4,0,60,0,0,0,0,0,0,0,0,24
2025-09-25T15:24:12.500Z,60.9,21.1,1.922,49.6,0,60,0,0,0,0,0,0,0,0,24
2025-09-25T15:24:13.503Z,60.9,21.1,1.922,50.4,0,60,0,0,0,0,0,0,0,0,24
2025-09-25T15:24:14.505Z,60.9,21.1,1.922,49.6,0,60,0,0,0,0,0,0,0,0,24
2025-09-25T15:24:15.504Z,60.9,21.1,1.922,50.4,0,60,0,0,0,0,0,0,0,0,24
2025-09-25T15:24:16.508Z,60.9,21.1,1.923,49.6,0,60,0,0,0,0,0,0,0,0,24
2025-09-25T15:24:17.510Z,60.9,21.1,1.922,50.4,0,60,0,0,0,0,0,0,0,0,24
2025-09-25T15:24:18.499Z,60.9,21.1,1.923,49.6,0,60,0,0,0,0,0,0,0,0,24
2025-09-25T15:24:19.502Z,60.9,21.1,1.923,50.4,0,60,0,0,0,0,0,0,0,0,24
2025-09-25T15:24:20.503Z,60.9,21.1,1.923,49.6,0,60,0,0,0,0,0,0,0,0,24
2025-09-25T15:24:21.503Z,60.9,21.1,1.923,50.4,0,60,0,0,0,0,0,0,0,0,24
2025-09-25T15:24:22.504Z,60.9,21.1,1.923,49.6,0,60,0,0,0,0,0,0,0,0,24
2025-09-25T15:24:23.503Z,60.9,21.1,1.923,50.4,0,60,0,0,0,0,0,0,0,0,24
2025-09-25T15:24:24.506Z,60.9,21.1,1.923,49.6,0,60,0,0,0,0,0,0,0,0,24
2025-09-25T15:24:25.511Z,60.9,21.1,1.923,49.6,0,60,0,0,0,0,0,0,0,0,24
2025-09-25T15:24:26.516Z,60.9,21.1,1.922,49.6,0,60,0,0,0,0,0,0,0,0,24
2025-09-25T15:24:27.520Z,60.9,21.1,1.922,49.6,0,60,0,0,0,0,0,0,0,0,24
2025-09-25T15:24:28.518Z,60.9,21.1,1.921,50.4,0,60,0,0,0,0,0,0,0,0,24
2025-09-25T15:24:29.517Z,60.9,21.1,1.922,49.6,0,60,0,0,0,0,0,0,0,0,24
2025-09-25T15:24:30.520Z,60.9,21.1,1.922,49.6,0,60,0,0,0,0,0,0,0,0,24
2025-09-25T15:24:31.520Z,60.9,21.1,1.922,50.4,0,60,0,0,0,0,0,0,0,0,24
2025-09-25T15:24:32.521Z,61,21.1,1.922,49.6,0,60,0,0,0,0,0,0,0,0,24
2025-09-25T15:24:33.525Z,61,21.1,1.921,50.4,0,60,0,0,0,0,0,0,0,0,24
2025-09-25T15:24:34.523Z,61,21.1,1.921,49.6,0,60,0,0,0,0,0,0,0,0,24
2025-09-25T15:24:35.524Z,61,21.1,1.921,49.6,0,60,0,0,0,0,0,0,0,0,24
2025-09-25T15:24:36.527Z,61,21.1,1.921,50.4,0,60,0,0,0,0,0,0,0,0,24
2025-09-25T15:24:37.532Z,61,21.1,1.921,49.6,0,60,0,0,0,0,0,0,0,0,24
2025-09-25T15:24:38.526Z,61,21.1,1.922,49.6,0,60,0,0,0,0,0,0,0,0,24
2025-09-25T15:24:39.528Z,61,21.1,1.921,50.4,0,60,0,0,0,0,0,0,0,0,24
2025-09-25T15:24:40.527Z,61,21.1,1.921,49.6,0,60,0,0,0,0,0,0,0,0,24
2025-09-25T15:24:41.528Z,61,21.1,1.921,50.4,0,60,0,0,0,0,0,0,0,0,24
2025-09-25T15:24:42.530Z,61,21.1,1.921,50.4,0,60,0,0,0,0,0,0,0,0,24
2025-09-25T15:24:43.529Z,61,21.1,1.921,49.6,0,60,0,0,0,0,0,0,0,0,24
2025-09-25T15:24:44.531Z,61,21.1,1.921,50.4,0,60,0,0,0,0,0,0,0,0,24
2025-09-25T15:24:45.530Z,61,21.1,1.921,49.6,0,60,0,0,0,0,0,0,0,0,24
2025-09-25T15:24:46.533Z,61,21.1,1.921,50.4,0,60,0,0,0,0,0,0,0,0,24
2025-09-25T15:24:47.530Z,61,21.1,1.921,49.6,0,60,0,0,0,0,0,0,0,0,24
2025-09-25T15:24:48.533Z,61,21.1,1.921,49.6,0,60,0,0,0,0,0,0,0,0,24
2025-09-25T15:24:49.533Z,61,21.1,1.921,50.4,0,60,0,0,0,0,0,0,0,0,24
2025-09-25T15:24:50.538Z,61,21.1,1.921,50.4,0,60,0,0,0,0,0,0,0,0,24
2025-09-25T15:24:51.538Z,61,21.1,1.921,49.6,0,60,0,0,0,0,0,0,0,0,24
2025-09-25T15:24:52.538Z,61,21.1,1.921,49.6,0,60,0,0,0,0,0,0,0,0,24
2025-09-25T15:24:53.539Z,61,21.1,1.921,49.6,0,60,0,0,0,0,0,0,0,0,24
2025-09-25T15:24:54.540Z,61,21.1,1.921,50.4,0,60,0,0,0,0,0,0,0,0,24
2025-09-25T15:24:55.542Z,61,21.1,1.921,50.4,0,60,0,0,0,0,0,0,0,0,24
2025-09-25T15:24:56.544Z,61,21.1,1.921,49.6,0,60,0,0,0,0,0,0,0,0,24
2025-09-25T15:24:57.537Z,61,21.1,1.922,50.4,0,60,0,0,0,0,0,0,0,0,24
2025-09-25T15:24:58.547Z,61,21.1,1.921,49.6,0,60,0,0,0,0,0,0,0,0,24
2025-09-25T15:24:59.549Z,61,21.1,1.921,50.4,0,60,0,0,0,0,0,0,0,0,24
2025-09-25T15:25:00.546Z,61,21.1,1.921,49.6,0,60,0,0,0,0,0,0,0,0,24
2025-09-25T15:25:01.548Z,61,21.1,1.921,50.4,0,60,0,0,0,0,0,0,0,0,24
2025-09-25T15:25:02.555Z,61,21.1,1.921,49.6,0,60,0,0,0,0,0,0,0,0,24
2025-09-25T15:25:03.549Z,61,21.1,1.921,49.6,0,60,0,0,0,0,0,0,0,0,24
2025-09-25T15:25:04.556Z,61,21.1,1.921,50.4,0,60,0,0,0,0,0,0,0,0,24
2025-09-25T15:25:05.552Z,61.1,21.1,1.921,49.6,0,60,0,0,0,0,0,0,0,0,24
2025-09-25T15:25:06.553Z,61.1,21.1,1.921,50.4,0,60,0,0,0,0,0,0,0,0,24
2025-09-25T15:25:07.554Z,61.1,21.1,1.921,50.4,0,60,0,0,0,0,0,0,0,0,24
2025-09-25T15:25:08.555Z,61.1,21.1,1.921,49.6,0,60,0,0,0,0,0,0,0,0,24
2025-09-25T15:25:09.559Z,61.1,21.1,1.921,49.6,0,60,0,0,0,0,0,0,0,0,24
2025-09-25T15:25:10.558Z,61.1,21.1,1.921,49.6,0,60,0,0,0,0,0,0,0,0,24
2025-09-25T15:25:11.557Z,61.1,21.1,1.921,50.4,0,60,0,0,0,0,0,0,0,0,24
2025-09-25T15:25:12.558Z,61.1,21.1,1.921,50.4,0,60,0,0,0,0,0,0,0,0,24
2025-09-25T15:25:13.562Z,61.1,21.1,1.921,49.6,0,60,0,0,0,0,0,0,0,0,24
2025-09-25T15:25:14.564Z,61.1,21.1,1.921,50.4,0,60,0,0,0,0,0,0,0,0,24
2025-09-25T15:25:15.562Z,61.1,21.1,1.921,49.6,0,60,0,0,0,0,0,0,0,0,24
2025-09-25T15:25:16.558Z,61.1,21.1,1.921,50.4,0,60,0,0,0,0,0,0,0,0,24
2025-09-25T15:25:17.562Z,61.1,21.1,1.921,49.6,0,60,0,0,0,0,0,0,0,0,24
2025-09-25T15:25:18.559Z,61.1,21.1,1.922,49.6,0,60,0,0,0,0,0,0,0,0,24
2025-09-25T15:25:19.561Z,61.1,21.1,1.922,50.4,0,60,0,0,0,0,0,0,0,0,24
2025-09-25T15:25:20.560Z,61.1,21.1,1.922,49.6,0,60,0,0,0,0,0,0,0,0,24
2025-09-25T15:25:21.561Z,61.1,21.1,1.922,50.4,0,60,0,0,0,0,0,0,0,0,24
2025-09-25T15:25:22.562Z,61.1,21.1,1.922,49.6,0,60,0,0,0,0,0,0,0,0,24
2025-09-25T15:25:23.562Z,61.1,21.1,1.922,49.6,0,60,0,0,0,0,0,0,0,0,24
2025-09-25T15:25:24.563Z,61.1,21.1,1.922,50.4,0,60,0,0,0,0,0,0,0,0,24
2025-09-25T15:25:25.567Z,61.1,21.1,1.922,49.6,0,60,0,0,0,0,0,0,0,0,24
2025-09-25T15:25:26.564Z,61.1,21.1,1.922,50.4,0,60,0,0,0,0,0,0,0,0,24
2025-09-25T15:25:27.571Z,61.1,21.1,1.922,50.4,0,60,0,0,0,0,0,0,0,0,24
2025-09-25T15:25:28.567Z,61.1,21.1,1.922,49.6,0,60,0,0,0,0,0,0,0,0,24
2025-09-25T15:25:29.575Z,61.1,21.1,1.921,50.4,0,60,0,0,0,0,0,0,0,0,24
2025-09-25T15:25:30.579Z,61.1,21.1,1.921,49.6,0,60,0,0,0,0,0,0,0,0,24
2025-09-25T15:25:31.577Z,61.1,21.1,1.921,50.4,0,60,0,0,0,0,0,0,0,0,24
2025-09-25T15:25:32.578Z,61.1,21.1,1.921,49.6,0,60,0,0,0,0,0,0,0,0,24
2025-09-25T15:25:33.578Z,61.1,21.1,1.921,49.6,0,60,0,0,0,0,0,0,0,0,24
2025-09-25T15:25:34.582Z,61.1,21.1,1.921,50.4,0,60,0,0,0,0,0,0,0,0,24
2025-09-25T15:25:35.580Z,61.1,21.1,1.921,49.6,0,60,0,0,0,0,0,0,0,0,24
2025-09-25T15:25:36.579Z,61.1,21.1,1.922,50.4,0,60,0,0,0,0,0,0,0,0,24
2025-09-25T15:25:37.582Z,61.1,21.1,1.921,49.6,0,60,0,0,0,0,0,0,0,0,24
2025-09-25T15:25:38.583Z,61.1,21.1,1.921,49.6,0,60,0,0,0,0,0,0,0,0,24
2025-09-25T15:25:39.583Z,61.1,21.1,1.922,50.4,0,60,0,0,0,0,0,0,0,0,24
2025-09-25T15:25:40.581Z,61.1,21.1,1.922,49.6,0,60,0,0,0,0,0,0,0,0,24
2025-09-25T15:25:41.585Z,61,21.1,1.921,50.4,0,60,0,0,0,0,0,0,0,0,24
2025-09-25T15:25:42.581Z,61.1,21.1,1.922,50.4,0,60,0,0,0,0,0,0,0,0,24
2025-09-25T15:25:43.582Z,61.1,21.1,1.922,49.6,0,60,0,0,0,0,0,0,0,0,24
2025-09-25T15:25:44.590Z,61.1,21.1,1.921,49.6,0,60,0,0,0,0,0,0,0,0,24
2025-09-25T15:25:45.583Z,61.1,21.1,1.922,49.6,0,60,0,0,0,0,0,0,0,0,24
2025-09-25T15:25:46.585Z,61,21.1,1.922,50.4,0,60,0,0,0,0,0,0,0,0,24
2025-09-25T15:25:47.588Z,61.1,21.1,1.922,50.4,0,60,0,0,0,0,0,0,0,0,24
2025-09-25T15:25:48.591Z,61.1,21.1,1.922,49.6,0,60,0,0,0,0,0,0,0,0,24
2025-09-25T15:25:49.592Z,61,21.1,1.923,50.4,0,60,0,0,0,0,0,0,0,0,24
2025-09-25T15:25:50.585Z,61,21.1,1.923,49.6,0,60,0,0,0,0,0,0,0,0,24
2025-09-25T15:25:51.586Z,61,21.1,1.923,50.4,0,60,0,0,0,0,0,0,0,0,24
2025-09-25T15:25:52.593Z,61,21.1,1.922,49.6,0,60,0,0,0,0,0,0,0,0,24
2025-09-25T15:25:53.597Z,61,21.1,1.923,49.6,0,60,0,0,0,0,0,0,0,0,24
2025-09-25T15:25:54.594Z,61,21.1,1.923,50.4,0,60,0,0,0,0,0,0,0,0,24
2025-09-25T15:25:55.594Z,61,21.1,1.923,49.6,0,60,0,0,0,0,0,0,0,0,24
2025-09-25T15:25:56.595Z,61,21.1,1.923,49.6,0,60,0,0,0,0,0,0,0,0,24
2025-09-25T15:25:57.592Z,61,21.1,1.923,50.4,0,60,0,0,0,0,0,0,0,0,24
2025-09-25T15:25:58.594Z,61,21.1,1.923,49.6,0,60,0,0,0,0,0,0,0,0,24
2025-09-25T15:25:59.594Z,61,21.1,1.923,50.4,0,60,0,0,0,0,0,0,0,0,24
2025-09-25T15:26:00.594Z,61,21.1,1.923,50.4,0,60,0,0,0,0,0,0,0,0,24
2025-09-25T15:26:01.603Z,61,21.1,1.923,49.6,0,60,0,0,0,0,0,0,0,0,24
2025-09-25T15:26:02.602Z,61,21.1,1.923,50.4,0,60,0,0,0,0,0,0,0,0,24
2025-09-25T15:26:03.604Z,61,21.1,1.923,49.6,0,60,0,0,0,0,0,0,0,0,24
2025-09-25T15:26:04.600Z,61,21.1,1.923,50.4,0,60,0,0,0,0,0,0,0,0,24
2025-09-25T15:26:05.600Z,61,21.1,1.923,49.6,0,60,0,0,0,0,0,0,0,0,24
2025-09-25T15:26:06.613Z,61,21.1,1.922,49.6,0,60,0,0,0,0,0,0,0,0,24
2025-09-25T15:26:07.608Z,61,21.1,1.923,50.4,0,60,0,0,0,0,0,0,0,0,24
2025-09-25T15:26:08.604Z,61,21.1,1.923,49.6,0,60,0,0,0,0,0,0,0,0,24
2025-09-25T15:26:09.607Z,61,21.1,1.923,49.6,0,60,0,0,0,0,0,0,0,0,24
2025-09-25T15:26:10.605Z,61,21.1,1.923,50.4,0,60,0,0,0,0,0,0,0,0,24
2025-09-25T15:26:11.607Z,61,21.1,1.923,50.4,0,60,0,0,0,0,0,0,0,0,24
2025-09-25T15:26:12.605Z,61,21.1,1.923,49.6,0,60,0,0,0,0,0,0,0,0,24
2025-09-25T15:26:13.607Z,61,21.1,1.923,50.4,0,60,0,0,0,0,0,0,0,0,24
2025-09-25T15:26:14.609Z,61,21.1,1.923,49.6,0,60,0,0,0,0,0,0,0,0,24
2025-09-25T15:26:15.608Z,61,21.1,1.923,50.4,0,60,0,0,0,0,0,0,0,0,24
2025-09-25T15:26:16.611Z,61,21.1,1.923,49.6,0,60,0,0,0,0,0,0,0,0,24
2025-09-25T15:26:17.606Z,61,21.1,1.922,50.4,0,60,0,0,0,0,0,0,0,0,24
2025-09-25T15:26:18.612Z,61,21.1,1.923,50.4,0,60,0,0,0,0,0,0,0,0,24
2025-09-25T15:26:19.613Z,61,21.1,1.923,49.6,0,60,0,0,0,0,0,0,0,0,24
2025-09-25T15:26:20.609Z,61,21.1,1.922,49.6,0,60,0,0,0,0,0,0,0,0,24
2025-09-25T15:26:21.619Z,60.9,21.1,1.923,49.6,0,60,0,0,0,0,0,0,0,0,24
2025-09-25T15:26:22.615Z,61,21.1,1.923,50.4,0,60,0,0,0,0,0,0,0,0,24
2025-09-25T15:26:23.614Z,61,21.1,1.923,50.4,0,60,0,0,0,0,0,0,0,0,24
2025-09-25T15:26:24.620Z,60.9,21.1,1.923,49.6,0,60,0,0,0,0,0,0,0,0,24
2025-09-25T15:26:25.614Z,60.9,21.1,1.923,50.4,0,60,0,0,0,0,0,0,0,0,24
2025-09-25T15:26:26.615Z,60.9,21.1,1.923,49.6,0,60,0,0,0,0,0,0,0,0,24
2025-09-25T15:26:27.615Z,60.9,21.1,1.923,50.4,0,60,0,0,0,0,0,0,0,0,24
2025-09-25T15:26:28.623Z,60.9,21.1,1.923,49.6,0,60,0,0,0,0,0,0,0,0,24
2025-09-25T15:26:29.622Z,60.9,21.1,1.923,49.6,0,60,0,0,0,0,0,0,0,0,24
2025-09-25T15:26:30.621Z,60.9,21.1,1.923,50.4,0,60,0,0,0,0,0,0,0,0,24
2025-09-25T15:26:31.625Z,60.9,21.1,1.923,49.6,0,60,0,0,0,0,0,0,0,0,24
2025-09-25T15:26:32.618Z,60.9,21.1,1.923,50.4,0,60,0,0,0,0,0,0,0,0,24
2025-09-25T15:26:33.618Z,60.9,21.1,1.923,49.6,0,60,0,0,0,0,0,0,0,0,24
2025-09-25T15:26:34.628Z,60.9,21.1,1.923,49.6,0,60,0,0,0,0,0,0,0,0,24
2025-09-25T15:26:35.628Z,60.9,21.1,1.923,50.4,0,60,0,0,0,0,0,0,0,0,24
2025-09-25T15:26:36.626Z,60.9,21.1,1.923,49.6,0,60,0,0,0,0,0,0,0,0,24
2025-09-25T15:26:37.625Z,60.9,21.1,1.923,50.4,0,60,0,0,0,0,0,0,0,0,24
2025-09-25T15:26:38.625Z,60.9,21.1,1.923,50.4,0,60,0,0,0,0,0,0,0,0,24
2025-09-25T15:26:39.629Z,60.9,21.1,1.923,49.6,0,60,0,0,0,0,0,0,0,0,24
2025-09-25T15:26:40.628Z,60.9,21.1,1.923,50.4,0,60,0,0,0,0,0,0,0,0,24
2025-09-25T15:26:41.629Z,60.9,21.1,1.923,49.6,0,60,0,0,0,0,0,0,0,0,24
2025-09-25T15:26:42.628Z,60.9,21.1,1.923,50.4,0,60,0,0,0,0,0,0,0,0,24
2025-09-25T15:26:43.627Z,60.9,21.1,1.923,49.6,0,60,0,0,0,0,0,0,0,0,24
2025-09-25T15:26:44.633Z,60.9,21.1,1.923,50.4,0,60,0,0,0,0,0,0,0,0,24
2025-09-25T15:26:45.631Z,60.9,21.1,1.923,49.6,0,60,0,0,0,0,0,0,0,0,24
2025-09-25T15:26:46.635Z,60.9,21.1,1.923,49.6,0,60,0,0,0,0,0,0,0,0,24
2025-09-25T15:26:47.633Z,60.9,21.1,1.923,50.4,0,60,0,0,0,0,0,0,0,0,24
2025-09-25T15:26:48.638Z,60.9,21.1,1.923,49.6,0,60,0,0,0,0,0,0,0,0,24
2025-09-25T15:26:49.636Z,60.9,21.1,1.923,50.4,0,60,0,0,0,0,0,0,0,0,24
2025-09-25T15:26:50.636Z,60.9,21.1,1.923,49.6,0,60,0,0,0,0,0,0,0,0,24
2025-09-25T15:26:51.640Z,60.8,21.1,1.923,49.6,0,60,0,0,0,0,0,0,0,0,24
2025-09-25T15:26:52.639Z,60.8,21.1,1.923,50.4,0,60,0,0,0,0,0,0,0,0,24
2025-09-25T15:26:53.641Z,60.8,21.1,1.923,49.6,0,60,0,0,0,0,0,0,0,0,24
2025-09-25T15:26:54.641Z,60.8,21.1,1.923,50.4,0,60,0,0,0,0,0,0,0,0,24
2025-09-25T15:26:55.645Z,60.8,21.1,1.923,50.4,0,60,0,0,0,0,0,0,0,0,24
2025-09-25T15:26:56.645Z,60.8,21.1,1.923,49.6,0,60,0,0,0,0,0,0,0,0,24
2025-09-25T15:26:57.636Z,60.8,21.1,1.923,50.4,0,60,0,0,0,0,0,0,0,0,24
2025-09-25T15:26:58.639Z,60.8,21.1,1.923,49.6,0,60,0,0,0,0,0,0,0,0,24
2025-09-25T15:26:59.645Z,60.8,21.1,1.923,50.4,0,60,0,0,0,0,0,0,0,0,24
2025-09-25T15:27:00.647Z,60.8,21.1,1.923,49.6,0,60,0,0,0,0,0,0,0,0,24
2025-09-25T15:27:01.647Z,60.8,21.1,1.923,50.4,0,60,0,0,0,0,0,0,0,0,24
2025-09-25T15:27:02.649Z,60.8,21.1,1.923,49.6,0,60,0,0,0,0,0,0,0,0,24
2025-09-25T15:27:03.651Z,60.8,21.1,1.923,49.6,0,60,0,0,0,0,0,0,0,0,24
2025-09-25T15:27:04.653Z,60.8,21.1,1.923,50.4,0,60,0,0,0,0,0,0,0,0,24
2025-09-25T15:27:05.651Z,60.8,21.1,1.923,49.6,0,60,0,0,0,0,0,0,0,0,24
2025-09-25T15:27:06.651Z,60.8,21.1,1.923,49.6,0,60,0,0,0,0,0,0,0,0,24
2025-09-25T15:27:07.654Z,60.8,21.1,1.923,50.4,0,59.9,0,0,0,0,0,0,0,0,24
2025-09-25T15:27:08.655Z,60.8,21.1,1.923,49.6,0,60,0,0,0,0,0,0,0,0,24
2025-09-25T15:27:09.655Z,60.8,21.1,1.923,50.4,0,60,0,0,0,0,0,0,0,0,24
2025-09-25T15:27:10.654Z,60.8,21.1,1.923,49.6,0,60,0,0,0,0,0,0,0,0,24
2025-09-25T15:27:11.658Z,60.8,21.1,1.923,49.6,0,60,0,0,0,0,0,0,0,0,24
2025-09-25T15:27:12.660Z,60.7,21.1,1.923,50.4,0,60,0,0,0,0,0,0,0,0,24
2025-09-25T15:27:13.661Z,60.7,21.1,1.923,49.6,0,60,0,0,0,0,0,0,0,0,24
2025-09-25T15:27:14.659Z,60.8,21.1,1.923,50.4,0,60,0,0,0,0,0,0,0,0,24
2025-09-25T15:27:15.660Z,60.8,21.1,1.923,50.4,0,60,0,0,0,0,0,0,0,0,24
2025-09-25T15:27:16.661Z,60.8,21.1,1.923,49.6,0,60,0,0,0,0,0,0,0,0,24
2025-09-25T15:27:17.654Z,60.7,21.1,1.923,50.4,0,60,0,0,0,0,0,0,0,0,24
2025-09-25T15:27:18.656Z,60.7,21.1,1.923,49.6,0,60,0,0,0,0,0,0,0,0,24
2025-09-25T15:27:19.663Z,60.7,21.1,1.923,50.4,0,60,0,0,0,0,0,0,0,0,24
2025-09-25T15:27:20.664Z,60.7,21.1,1.923,49.6,0,60,0,0,0,0,0,0,0,0,24
2025-09-25T15:27:21.667Z,60.7,21.1,1.924,49.6,0,60,0,0,0,0,0,0,0,0,24
2025-09-25T15:27:22.668Z,60.7,21.1,1.923,50.4,0,60,0,0,0,0,0,0,0,0,24
2025-09-25T15:27:23.667Z,60.7,21.1,1.923,49.6,0,60,0,0,0,0,0,0,0,0,24
2025-09-25T15:27:24.664Z,60.7,21.1,1.923,50.4,0,60,0,0,0,0,0,0,0,0,24
2025-09-25T15:27:25.671Z,60.7,21.1,1.923,49.6,0,60,0,0,0,0,0,0,0,0,24
2025-09-25T15:27:26.669Z,60.7,21.1,1.924,49.6,0,60,0,0,0,0,0,0,0,0,24
2025-09-25T15:27:27.669Z,60.7,21.1,1.923,50.4,0,60,0,0,0,0,0,0,0,0,24
2025-09-25T15:27:28.669Z,60.7,21.1,1.924,49.6,0,60,0,0,0,0,0,0,0,0,24
2025-09-25T15:27:29.674Z,60.7,21.1,1.924,50.4,0,60,0,0,0,0,0,0,0,0,24
2025-09-25T15:27:30.674Z,60.7,21.1,1.924,49.6,0,60,0,0,0,0,0,0,0,0,24
2025-09-25T15:27:31.673Z,60.7,21.1,1.923,49.6,0,60,0,0,0,0,0,0,0,0,24
2025-09-25T15:27:32.676Z,60.7,21.1,1.924,50.4,0,60,0,0,0,0,0,0,0,0,24
2025-09-25T15:27:33.681Z,60.7,21.1,1.924,49.6,0,60,0,0,0,0,0,0,0,0,24
2025-09-25T15:27:34.680Z,60.7,21.1,1.924,50.4,0,60,0,0,0,0,0,0,0,0,24
2025-09-25T15:27:35.682Z,60.7,21.1,1.924,50.4,0,60,0,0,0,0,0,0,0,0,24
2025-09-25T15:27:36.682Z,60.7,21.1,1.924,49.6,0,60,0,0,0,0,0,0,0,0,24
2025-09-25T15:27:37.682Z,60.7,21.1,1.924,50.4,0,60,0,0,0,0,0,0,0,0,24
2025-09-25T15:27:38.680Z,60.7,21.1,1.924,49.6,0,60,0,0,0,0,0,0,0,0,24
2025-09-25T15:27:39.683Z,60.7,21.1,1.923,50.4,0,60,0,0,0,0,0,0,0,0,24
2025-09-25T15:27:40.680Z,60.6,21.1,1.924,50.4,0,60,0,0,0,0,0,0,0,0,24
2025-09-25T15:27:41.686Z,60.7,21.1,1.924,49.6,0,60,0,0,0,0,0,0,0,0,24
2025-09-25T15:27:42.686Z,60.6,21.1,1.924,50.4,0,60,0,0,0,0,0,0,0,0,24
2025-09-25T15:27:43.687Z,60.6,21.1,1.924,49.6,0,60,0,0,0,0,0,0,0,0,24
2025-09-25T15:27:44.688Z,60.6,21.1,1.924,50.4,0,60,0,0,0,0,0,0,0,0,24
2025-09-25T15:27:45.687Z,60.6,21.1,1.924,49.6,0,60,0,0,0,0,0,0,0,0,24
2025-09-25T15:27:46.690Z,60.6,21.1,1.924,50.4,0,60,0,0,0,0,0,0,0,0,24
2025-09-25T15:27:47.685Z,60.6,21.1,1.924,49.6,0,60,0,0,0,0,0,0,0,0,24
2025-09-25T15:27:48.689Z,60.6,21.1,1.924,49.6,0,60,0,0,0,0,0,0,0,0,24
2025-09-25T15:27:49.689Z,60.6,21.1,1.925,50.4,0,60,0,0,0,0,0,0,0,0,24
2025-09-25T15:27:50.693Z,60.6,21.1,1.924,49.6,0,60,0,0,0,0,0,0,0,0,24
2025-09-25T15:27:51.691Z,60.6,21.1,1.925,50.4,0,60,0,0,0,0,0,0,0,0,24
2025-09-25T15:27:52.689Z,60.6,21.1,1.925,50.4,0,60,0,0,0,0,0,0,0,0,24
2025-09-25T15:27:53.691Z,60.6,21.1,1.926,49.6,0,60,0,0,0,0,0,0,0,0,24
2025-09-25T15:27:54.696Z,60.6,21.1,1.925,50.4,0,60,0,0,0,0,0,0,0,0,24
2025-09-25T15:27:55.694Z,60.6,21.1,1.925,49.6,0,60,0,0,0,0,0,0,0,0,24
2025-09-25T15:27:56.692Z,60.6,21.1,1.926,49.6,0,60,0,0,0,0,0,0,0,0,24
2025-09-25T15:27:57.692Z,60.6,21.1,1.926,49.6,0,60,0,0,0,0,0,0,0,0,24
2025-09-25T15:27:58.689Z,60.6,21.1,1.926,50.4,0,60,0,0,0,0,0,0,0,0,24
2025-09-25T15:27:59.699Z,60.6,21.1,1.925,49.6,0,60,0,0,0,0,0,0,0,0,24
2025-09-25T15:28:00.696Z,60.6,21.1,1.926,50.4,0,60,0,0,0,0,0,0,0,0,24
2025-09-25T15:28:01.701Z,60.6,21.1,1.925,49.6,0,60,0,0,0,0,0,0,0,0,24
2025-09-25T15:28:02.704Z,60.6,21.1,1.925,49.6,0,60,0,0,0,0,0,0,0,0,24
2025-09-25T15:28:03.701Z,60.6,21.1,1.926,50.4,0,60,0,0,0,0,0,0,0,0,24
2025-09-25T15:28:04.701Z,60.5,21.1,1.926,49.6,0,60,0,0,0,0,0,0,0,0,24
2025-09-25T15:28:05.705Z,60.5,21.1,1.925,50.4,0,60,0,0,0,0,0,0,0,0,24
2025-09-25T15:28:06.704Z,60.5,21.1,1.925,49.6,0,60,0,0,0,0,0,0,0,0,24
2025-09-25T15:28:07.706Z,60.5,21.1,1.925,50.4,0,60,0,0,0,0,0,0,0,0,24
2025-09-25T15:28:08.709Z,60.5,21.1,1.925,49.6,0,60,0,0,0,0,0,0,0,0,24
2025-09-25T15:28:09.710Z,60.5,21.1,1.925,50.4,0,60,0,0,0,0,0,0,0,0,24
2025-09-25T15:28:10.706Z,60.5,21.1,1.925,49.6,0,60,0,0,0,0,0,0,0,0,24
2025-09-25T15:28:11.707Z,60.5,21.1,1.925,49.6,0,60,0,0,0,0,0,0,0,0,24
2025-09-25T15:28:12.706Z,60.5,21.1,1.926,50.4,0,60,0,0,0,0,0,0,0,0,24
2025-09-25T15:28:13.713Z,60.5,21.1,1.925,49.6,0,60,0,0,0,0,0,0,0,0,24
2025-09-25T15:28:14.710Z,60.5,21.1,1.925,50.4,0,60,0,0,0,0,0,0,0,0,24
2025-09-25T15:28:15.707Z,60.5,21.1,1.926,49.6,0,60,0,0,0,0,0,0,0,0,24
2025-09-25T15:28:16.713Z,60.5,21.1,1.925,49.6,0,60,0,0,0,0,0,0,0,0,24
2025-09-25T15:28:17.707Z,60.5,21.1,1.926,50.4,0,60,0,0,0,0,0,0,0,0,24
2025-09-25T15:28:18.717Z,60.5,21.1,1.925,49.6,0,60,0,0,0,0,0,0,0,0,24
2025-09-25T15:28:19.716Z,60.5,21.1,1.925,49.6,0,60,0,0,0,0,0,0,0,0,24
2025-09-25T15:28:20.714Z,60.5,21.1,1.926,50.4,0,60,0,0,0,0,0,0,0,0,24
2025-09-25T15:28:21.717Z,60.5,21.1,1.926,49.6,0,60,0,0,0,0,0,0,0,0,24
2025-09-25T15:28:22.714Z,60.5,21.1,1.926,49.6,0,60,0,0,0,0,0,0,0,0,24
2025-09-25T15:28:23.718Z,60.5,21.1,1.926,50.4,0,60,0,0,0,0,0,0,0,0,24
2025-09-25T15:28:24.718Z,60.5,21.1,1.926,50.4,0,60,0,0,0,0,0,0,0,0,24
2025-09-25T15:28:25.718Z,60.5,21.1,1.926,49.6,0,60,0,0,0,0,0,0,0,0,24
2025-09-25T15:28:26.720Z,60.5,21.1,1.926,50.4,0,60,0,0,0,0,0,0,0,0,24
2025-09-25T15:28:27.725Z,60.4,21.1,1.926,49.6,0,60,0,0,0,0,0,0,0,0,24
2025-09-25T15:28:28.720Z,60.4,21.1,1.926,50.4,0,60,0,0,0,0,0,0,0,0,24
2025-09-25T15:28:29.722Z,60.4,21.1,1.926,49.6,0,60,0,0,0,0,0,0,0,0,24
2025-09-25T15:28:30.725Z,60.4,21.1,1.926,50.4,0,60,0,0,0,0,0,0,0,0,24
2025-09-25T15:28:31.718Z,60.4,21.1,1.926,49.6,0,60,0,0,0,0,0,0,0,0,24
2025-09-25T15:28:32.725Z,60.4,21.1,1.926,49.6,0,60,0,0,0,0,0,0,0,0,24
2025-09-25T15:28:33.730Z,60.4,21.1,1.926,50.4,0,60,0,0,0,0,0,0,0,0,24
2025-09-25T15:28:34.721Z,60.4,21.1,1.926,49.6,0,60,0,0,0,0,0,0,0,0,24
2025-09-25T15:28:35.728Z,60.4,21.1,1.926,49.6,0,60,0,0,0,0,0,0,0,0,24
2025-09-25T15:28:36.726Z,60.4,21.1,1.926,50.4,0,60,0,0,0,0,0,0,0,0,24
2025-09-25T15:28:37.729Z,60.4,21.1,1.926,49.6,0,60,0,0,0,0,0,0,0,0,24
2025-09-25T15:28:38.727Z,60.4,21.1,1.926,50.4,0,60,0,0,0,0,0,0,0,0,24
2025-09-25T15:28:39.732Z,60.4,21.1,1.926,50.4,0,60,0,0,0,0,0,0,0,0,24
2025-09-25T15:28:40.724Z,60.4,21.1,1.926,49.6,0,60,0,0,0,0,0,0,0,0,24
2025-09-25T15:28:41.727Z,60.4,21.1,1.926,50.4,0,60,0,0,0,0,0,0,0,0,24
2025-09-25T15:28:42.732Z,60.4,21.1,1.926,49.6,0,60,0,0,0,0,0,0,0,0,24
2025-09-25T15:28:43.735Z,60.4,21.1,1.926,50.4,0,60,0,0,0,0,0,0,0,0,24
2025-09-25T15:28:44.734Z,60.4,21.1,1.926,49.6,0,60,0,0,0,0,0,0,0,0,24
2025-09-25T15:28:45.732Z,60.4,21.1,1.926,49.6,0,60,0,0,0,0,0,0,0,0,24
2025-09-25T15:28:46.733Z,60.4,21.1,1.926,50.4,0,60,0,0,0,0,0,0,0,0,24
2025-09-25T15:28:47.741Z,60.4,21.1,1.926,49.6,0,60,0,0,0,0,0,0,0,0,24
2025-09-25T15:28:48.739Z,60.4,21.1,1.926,49.6,0,60,0,0,0,0,0,0,0,0,24
2025-09-25T15:28:49.739Z,60.4,21.1,1.926,50.4,0,60,0,0,0,0,0,0,0,0,24
2025-09-25T15:28:50.742Z,60.4,21.1,1.926,49.6,0,60,0,0,0,0,0,0,0,0,24
2025-09-25T15:28:51.739Z,60.4,21.1,1.926,50.4,0,60,0,0,0,0,0,0,0,0,24
2025-09-25T15:28:52.742Z,60.4,21.1,1.926,50.4,0,60,0,0,0,0,0,0,0,0,24
2025-09-25T15:28:53.741Z,60.4,21.1,1.926,49.6,0,60,0,0,0,0,0,0,0,0,24
2025-09-25T15:28:54.744Z,60.3,21.1,1.926,50.4,0,60,0,0,0,0,0,0,0,0,24
2025-09-25T15:28:55.743Z,60.4,21.1,1.926,49.6,0,60,0,0,0,0,0,0,0,0,24
2025-09-25T15:28:56.753Z,60.3,21.1,1.926,50.4,0,60,0,0,0,0,0,0,0,0,24
2025-09-25T15:28:57.739Z,60.3,21.1,1.926,50.4,0,60,0,0,0,0,0,0,0,0,24
2025-09-25T15:28:58.738Z,60.3,21.1,1.926,49.6,0,60,0,0,0,0,0,0,0,0,24
2025-09-25T15:28:59.740Z,60.3,21.1,1.926,50.4,0,60,0,0,0,0,0,0,0,0,24
2025-09-25T15:29:00.746Z,60.3,21.1,1.926,49.6,0,60,0,0,0,0,0,0,0,0,24
2025-09-25T15:29:01.744Z,60.3,21.1,1.926,50.4,0,60,0,0,0,0,0,0,0,0,24
2025-09-25T15:29:02.754Z,60.3,21.1,1.926,49.6,0,60,0,0,0,0,0,0,0,0,24
2025-09-25T15:29:03.750Z,60.3,21.1,1.926,50.4,0,60,0,0,0,0,0,0,0,0,24
2025-09-25T15:29:04.754Z,60.3,21.1,1.926,49.6,0,60,0,0,0,0,0,0,0,0,24
2025-09-25T15:29:05.743Z,60.3,21.1,1.926,50.4,0,60,0,0,0,0,0,0,0,0,24
2025-09-25T15:29:06.749Z,60.3,21.1,1.926,49.6,0,60,0,0,0,0,0,0,0,0,24
2025-09-25T15:29:07.755Z,60.3,21.1,1.927,49.6,0,60,0,0,0,0,0,0,0,0,24
2025-09-25T15:29:08.758Z,60.3,21.1,1.927,50.4,0,60,0,0,0,0,0,0,0,0,24
2025-09-25T15:29:09.759Z,60.3,21.1,1.927,49.6,0,60,0,0,0,0,0,0,0,0,24
2025-09-25T15:29:10.758Z,60.3,21.1,1.927,50.4,0,60,0,0,0,0,0,0,0,0,24
2025-09-25T15:29:11.755Z,60.3,21.1,1.927,49.6,0,60,0,0,0,0,0,0,0,0,24
2025-09-25T15:29:12.757Z,60.3,21.1,1.927,49.6,0,60,0,0,0,0,0,0,0,0,24
2025-09-25T15:29:13.758Z,60.3,21.1,1.927,50.4,0,60,0,0,0,0,0,0,0,0,24
2025-09-25T15:29:14.761Z,60.3,21.1,1.927,49.6,0,60,0,0,0,0,0,0,0,0,24
2025-09-25T15:29:15.762Z,60.3,21.1,1.927,50.4,0,60,0,0,0,0,0,0,0,0,24
2025-09-25T15:29:16.765Z,60.3,21.1,1.927,49.6,0,60,0,0,0,0,0,0,0,0,24
2025-09-25T15:29:17.755Z,60.3,21.1,1.926,49.6,0,60,0,0,0,0,0,0,0,0,24
2025-09-25T15:29:18.762Z,60.3,21.1,1.927,50.4,0,60,0,0,0,0,0,0,0,0,24
2025-09-25T15:29:19.767Z,60.3,21.1,1.927,50.4,0,60,0,0,0,0,0,0,0,0,24
2025-09-25T15:29:20.763Z,60.2,21.1,1.926,49.6,0,60,0,0,0,0,0,0,0,0,24
2025-09-25T15:29:21.761Z,60.2,21.1,1.926,50.4,0,60,0,0,0,0,0,0,0,0,24
2025-09-25T15:29:22.762Z,60.2,21.1,1.926,49.6,0,60,0,0,0,0,0,0,0,0,24
2025-09-25T15:29:23.764Z,60.2,21.1,1.926,50.4,0,60,0,0,0,0,0,0,0,0,24
2025-09-25T15:29:24.763Z,60.2,21.1,1.926,49.6,0,60,0,0,0,0,0,0,0,0,24
2025-09-25T15:29:25.764Z,60.2,21.1,1.926,49.6,0,60,0,0,0,0,0,0,0,0,24
2025-09-25T15:29:26.765Z,60.2,21.1,1.926,50.4,0,60,0,0,0,0,0,0,0,0,24
2025-09-25T15:29:27.771Z,60.2,21.1,1.927,49.6,0,60,0,0,0,0,0,0,0,0,24
2025-09-25T15:29:28.777Z,60.2,21.1,1.927,50.4,0,60,0,0,0,0,0,0,0,0,24
2025-09-25T15:29:29.766Z,60.2,21.1,1.926,49.6,0,60,0,0,0,0,0,0,0,0,24
2025-09-25T15:29:30.768Z,60.2,21.1,1.926,50.4,0,60,0,0,0,0,0,0,0,0,24
2025-09-25T15:29:31.771Z,60.2,21.1,1.926,49.6,0,60,0,0,0,0,0,0,0,0,24
2025-09-25T15:29:32.770Z,60.2,21.1,1.926,49.6,0,60,0,0,0,0,0,0,0,0,24
2025-09-25T15:29:33.777Z,60.2,21.1,1.927,50.4,0,60,0,0,0,0,0,0,0,0,24
2025-09-25T15:29:34.778Z,60.2,21.1,1.927,49.6,0,60,0,0,0,0,0,0,0,0,24
2025-09-25T15:29:35.773Z,60.2,21.1,1.926,49.6,0,60,0,0,0,0,0,0,0,0,24
2025-09-25T15:29:36.780Z,60.2,21.1,1.927,50.4,0,60,0,0,0,0,0,0,0,0,24
2025-09-25T15:29:37.779Z,60.2,21.1,1.926,50.4,0,60,0,0,0,0,0,0,0,0,24
2025-09-25T15:29:38.780Z,60.2,21.1,1.927,49.6,0,60,0,0,0,0,0,0,0,0,24
2025-09-25T15:29:39.778Z,60.2,21.1,1.926,50.4,0,60,0,0,0,0,0,0,0,0,24
2025-09-25T15:29:40.781Z,60.2,21.1,1.927,49.6,0,60,0,0,0,0,0,0,0,0,24
2025-09-25T15:29:41.780Z,60.2,21.1,1.926,50.4,0,60,0,0,0,0,0,0,0,0,24
2025-09-25T15:29:42.782Z,60.2,21.1,1.926,49.6,0,60,0,0,0,0,0,0,0,0,24
2025-09-25T15:29:43.784Z,60.2,21.1,1.927,50.4,0,60,0,0,0,0,0,0,0,0,24
2025-09-25T15:29:44.784Z,60.2,21.1,1.926,50.4,0,60,0,0,0,0,0,0,0,0,24
2025-09-25T15:29:45.780Z,60.2,21.1,1.926,49.6,0,60,0,0,0,0,0,0,0,0,24
2025-09-25T15:29:46.785Z,60.2,21.1,1.926,50.4,0,60,0,0,0,0,0,0,0,0,24
2025-09-25T15:29:47.786Z,60.2,21.1,1.926,49.6,0,60,0,0,0,0,0,0,0,0,24
2025-09-25T15:29:48.787Z,60.1,21.1,1.926,50.4,0,60,0,0,0,0,0,0,0,0,24
2025-09-25T15:29:49.789Z,60.1,21.1,1.927,49.6,0,60,0,0,0,0,0,0,0,0,24
2025-09-25T15:29:50.787Z,60.1,21.1,1.926,50.4,0,60,0,0,0,0,0,0,0,0,24
2025-09-25T15:29:51.790Z,60.1,21.1,1.926,49.6,0,60,0,0,0,0,0,0,0,0,24
2025-09-25T15:29:52.788Z,60.1,21.1,1.926,50.4,0,60,0,0,0,0,0,0,0,0,24
2025-09-25T15:29:53.789Z,60.1,21.1,1.926,49.6,0,60,0,0,0,0,0,0,0,0,24
2025-09-25T15:29:54.791Z,60.1,21.1,1.926,50.4,0,60,0,0,0,0,0,0,0,0,24
2025-09-25T15:29:55.795Z,60.1,21.1,1.927,49.6,0,60,0,0,0,0,0,0,0,0,24
2025-09-25T15:29:56.793Z,60.1,21.1,1.926,50.4,0,60,0,0,0,0,0,0,0,0,24
2025-09-25T15:29:57.797Z,60.1,21.1,1.927,49.6,0,60,0,0,0,0,0,0,0,0,24
2025-09-25T15:29:58.797Z,60.1,21.1,1.926,50.4,0,60,0,0,0,0,0,0,0,0,24
2025-09-25T15:29:59.795Z,60.1,21.1,1.926,49.6,0,60,0,0,0,0,0,0,0,0,24
2025-09-25T15:30:00.799Z,60.1,21.1,1.926,50.4,0,60,0,0,0,0,0,0,0,0,24
2025-09-25T15:30:01.799Z,60.1,21.1,1.927,49.6,0,60,0,0,0,0,0,0,0,0,24
2025-09-25T15:30:02.801Z,60.1,21.1,1.928,50.4,0,60,0,0,0,0,0,0,0,0,24
2025-09-25T15:30:03.799Z,60.1,21.1,1.926,49.6,0,60,0,0,0,0,0,0,0,0,24
2025-09-25T15:30:04.799Z,60.1,21.1,1.927,50.4,0,60,0,0,0,0,0,0,0,0,24
2025-09-25T15:30:05.802Z,60.1,21.1,1.926,49.6,0,60,0,0,0,0,0,0,0,0,24
2025-09-25T15:30:06.803Z,60.1,21.1,1.926,50.4,0,60,0,0,0,0,0,0,0,0,24
2025-09-25T15:30:07.807Z,60.1,21.1,1.926,49.6,0,60,0,0,0,0,0,0,0,0,24
2025-09-25T15:30:08.807Z,60.1,21.1,1.926,50.4,0,60,0,0,0,0,0,0,0,0,24
2025-09-25T15:30:09.803Z,60.1,21.1,1.926,49.6,0,60,0,0,0,0,0,0,0,0,24
2025-09-25T15:30:10.810Z,60.1,21.1,1.927,50.4,0,60,0,0,0,0,0,0,0,0,24
2025-09-25T15:30:11.807Z,60.1,21.1,1.926,49.6,0,60,0,0,0,0,0,0,0,0,24
2025-09-25T15:30:12.809Z,60.1,21.1,1.927,50.4,0,60,0,0,0,0,0,0,0,0,24
2025-09-25T15:30:13.809Z,60.1,21.1,1.926,49.6,0,60,0,0,0,0,0,0,0,0,24
2025-09-25T15:30:14.810Z,60.1,21.1,1.926,50.4,0,60,0,0,0,0,0,0,0,0,24
2025-09-25T15:30:15.809Z,60.1,21.1,1.927,49.6,0,60,0,0,0,0,0,0,0,0,24
2025-09-25T15:30:16.806Z,60.1,21.1,1.926,49.6,0,60,0,0,0,0,0,0,0,0,24
2025-09-25T15:30:17.806Z,60.1,21.1,1.926,49.6,0,60,0,0,0,0,0,0,0,0,24
2025-09-25T15:30:18.804Z,60.1,21.1,1.927,50.4,0,60,0,0,0,0,0,0,0,0,24
2025-09-25T15:30:19.812Z,60,21.1,1.927,49.6,0,60,0,0,0,0,0,0,0,0,24
2025-09-25T15:30:20.813Z,60,21.1,1.927,50.4,0,60,0,0,0,0,0,0,0,0,24
2025-09-25T15:30:21.816Z,60,21.1,1.926,49.6,0,60,0,0,0,0,0,0,0,0,24
2025-09-25T15:30:22.818Z,60,21.1,1.927,50.4,0,60,0,0,0,0,0,0,0,0,24
2025-09-25T15:30:23.820Z,60,21.1,1.927,49.6,0,60,0,0,0,0,0,0,0,0,24
2025-09-25T15:30:24.818Z,60,21.1,1.927,50.4,0,60,0,0,0,0,0,0,0,0,24
2025-09-25T15:30:25.821Z,60,21.1,1.926,49.6,0,60,0,0,0,0,0,0,0,0,24
2025-09-25T15:30:26.815Z,60,21.1,1.927,50.4,0,60,0,0,0,0,0,0,0,0,24
2025-09-25T15:30:27.817Z,60,21.1,1.927,49.6,0,60,0,0,0,0,0,0,0,0,24
2025-09-25T15:30:28.820Z,60,21.1,1.926,50.4,0,60,0,0,0,0,0,0,0,0,24
2025-09-25T15:30:29.823Z,60,21.1,1.927,49.6,0,60,0,0,0,0,0,0,0,0,24
2025-09-25T15:30:30.822Z,60,21.1,1.927,50.4,0,60,0,0,0,0,0,0,0,0,24
2025-09-25T15:30:31.826Z,60,21.1,1.927,49.6,0,60,0,0,0,0,0,0,0,0,24
2025-09-25T15:30:32.825Z,60,21.1,1.927,50.4,0,60,0,0,0,0,0,0,0,0,24
2025-09-25T15:30:33.830Z,60,21.1,1.927,49.6,0,60,0,0,0,0,0,0,0,0,24
2025-09-25T15:30:34.824Z,60,21.1,1.927,50.4,0,60,0,0,0,0,0,0,0,0,24
2025-09-25T15:30:35.830Z,60,21.1,1.927,49.6,0,60,0,0,0,0,0,0,0,0,24
2025-09-25T15:30:36.833Z,60,21.1,1.927,50.4,0,60,0,0,0,0,0,0,0,0,24
2025-09-25T15:30:37.830Z,60,21.1,1.927,49.6,0,60,0,0,0,0,0,0,0,0,24
2025-09-25T15:30:38.836Z,60,21.1,1.927,50.4,0,60,0,0,0,0,0,0,0,0,24
2025-09-25T15:30:39.831Z,60,21.1,1.927,49.6,0,60,0,0,0,0,0,0,0,0,24
2025-09-25T15:30:40.833Z,60,21.1,1.927,50.4,0,60,0,0,0,0,0,0,0,0,24
2025-09-25T15:30:41.834Z,60,21.1,1.927,49.6,0,60,0,0,0,0,0,0,0,0,24
2025-09-25T15:30:42.840Z,60,21.1,1.928,50.4,0,60,0,0,0,0,0,0,0,0,24
2025-09-25T15:30:43.835Z,60,21.1,1.928,49.6,0,60,0,0,0,0,0,0,0,0,24
2025-09-25T15:30:44.836Z,60,21.1,1.927,50.4,0,60,0,0,0,0,0,0,0,0,24
2025-09-25T15:30:45.839Z,60,21.1,1.927,49.6,0,60,0,0,0,0,0,0,0,0,24
2025-09-25T15:30:46.837Z,60,21.1,1.928,50.4,0,60,0,0,0,0,0,0,0,0,24
2025-09-25T15:30:47.836Z,60,21.1,1.927,49.6,0,60,0,0,0,0,0,0,0,0,24
2025-09-25T15:30:48.838Z,60,21.1,1.928,50.4,0,60,0,0,0,0,0,0,0,0,24
2025-09-25T15:30:49.839Z,60,21.1,1.927,49.6,0,60,0,0,0,0,0,0,0,0,24
2025-09-25T15:30:50.839Z,59.9,21.1,1.928,50.4,0,60,0,0,0,0,0,0,0,0,24
2025-09-25T15:30:51.841Z,59.9,21.1,1.928,49.6,0,60,0,0,0,0,0,0,0,0,24
2025-09-25T15:30:52.843Z,59.9,21.1,1.928,50.4,0,60,0,0,0,0,0,0,0,0,24
2025-09-25T15:30:53.843Z,59.9,21.1,1.928,49.6,0,60,0,0,0,0,0,0,0,0,24
2025-09-25T15:30:54.843Z,59.9,21.1,1.928,50.4,0,60,0,0,0,0,0,0,0,0,24
2025-09-25T15:30:55.842Z,59.9,21.1,1.928,49.6,0,60,0,0,0,0,0,0,0,0,24
2025-09-25T15:30:56.846Z,59.9,21.1,1.928,50.4,0,60,0,0,0,0,0,0,0,0,24
2025-09-25T15:30:57.853Z,59.9,21.1,1.928,49.6,0,60,0,0,0,0,0,0,0,0,24
2025-09-25T15:30:58.841Z,59.9,21.1,1.929,49.6,0,60,0,0,0,0,0,0,0,0,24
2025-09-25T15:30:59.848Z,59.9,21.1,1.928,49.6,0,60,0,0,0,0,0,0,0,0,24
2025-09-25T15:31:00.854Z,59.9,21.1,1.928,50.4,0,60,0,0,0,0,0,0,0,0,24
2025-09-25T15:31:01.852Z,59.9,21.1,1.928,49.6,0,60,0,0,0,0,0,0,0,0,24
2025-09-25T15:31:02.852Z,59.9,21.1,1.928,50.4,0,60,0,0,0,0,0,0,0,0,24
2025-09-25T15:31:03.855Z,59.9,21.1,1.928,49.6,0,60,0,0,0,0,0,0,0,0,24
2025-09-25T15:31:04.856Z,59.9,21.1,1.928,50.4,0,60,0,0,0,0,0,0,0,0,24
2025-09-25T15:31:05.855Z,59.9,21.1,1.928,49.6,0,60,0,0,0,0,0,0,0,0,24
2025-09-25T15:31:06.855Z,59.9,21.1,1.928,50.4,0,60,0,0,0,0,0,0,0,0,24
2025-09-25T15:31:07.860Z,59.9,21.1,1.928,49.6,0,60,0,0,0,0,0,0,0,0,24
2025-09-25T15:31:08.860Z,59.9,21.1,1.928,50.4,0,60,0,0,0,0,0,0,0,0,24
2025-09-25T15:31:09.861Z,59.9,21.1,1.928,49.6,0,60,0,0,0,0,0,0,0,0,24
2025-09-25T15:31:10.861Z,59.9,21.1,1.928,50.4,0,60,0,0,0,0,0,0,0,0,24
2025-09-25T15:31:11.857Z,59.9,21.1,1.928,49.6,0,60,0,0,0,0,0,0,0,0,24
2025-09-25T15:31:12.861Z,59.9,21.1,1.928,50.4,0,60,0,0,0,0,0,0,0,0,24
2025-09-25T15:31:13.865Z,59.9,21.1,1.928,49.6,0,60,0,0,0,0,0,0,0,0,24
2025-09-25T15:31:14.861Z,59.9,21.1,1.928,50.4,0,60,0,0,0,0,0,0,0,0,24
2025-09-25T15:31:15.862Z,59.9,21.1,1.928,49.6,0,60,0,0,0,0,0,0,0,0,24
2025-09-25T15:31:16.862Z,59.9,21.1,1.928,49.6,0,60,0,0,0,0,0,0,0,0,24
2025-09-25T15:31:17.866Z,59.9,21.1,1.928,49.6,0,60,0,0,0,0,0,0,0,0,24
2025-09-25T15:31:18.867Z,59.9,21.1,1.928,50.4,0,60,0,0,0,0,0,0,0,0,24
2025-09-25T15:31:19.866Z,59.9,21.1,1.928,49.6,0,60,0,0,0,0,0,0,0,0,24
2025-09-25T15:31:20.866Z,59.9,21.1,1.928,50.4,0,60,0,0,0,0,0,0,0,0,24
2025-09-25T15:31:21.869Z,59.9,21.1,1.928,49.6,0,60,0,0,0,0,0,0,0,0,24
2025-09-25T15:31:22.867Z,59.9,21.1,1.928,50.4,0,60,0,0,0,0,0,0,0,0,24
2025-09-25T15:31:23.869Z,59.9,21.1,1.928,49.6,0,60,0,0,0,0,0,0,0,0,24
2025-09-25T15:31:24.870Z,59.9,21.1,1.928,49.6,0,60,0,0,0,0,0,0,0,0,24
2025-09-25T15:31:25.873Z,59.9,21.1,1.928,49.6,0,60,0,0,0,0,0,0,0,0,24
2025-09-25T15:31:26.876Z,59.9,21.1,1.928,50.4,0,60,0,0,0,0,0,0,0,0,24
2025-09-25T15:31:27.870Z,59.9,21.1,1.928,49.6,0,60,0,0,0,0,0,0,0,0,24
2025-09-25T15:31:28.875Z,59.9,21.1,1.928,49.6,0,60,0,0,0,0,0,0,0,0,24
2025-09-25T15:31:29.876Z,59.9,21.1,1.928,50.4,0,60,0,0,0,0,0,0,0,0,24
2025-09-25T15:31:30.876Z,59.9,21.1,1.928,49.6,0,60,0,0,0,0,0,0,0,0,24
2025-09-25T15:31:31.879Z,59.9,21.1,1.928,50.4,0,60,0,0,0,0,0,0,0,0,24
2025-09-25T15:31:32.877Z,59.8,21.1,1.928,50.4,0,60,0,0,0,0,0,0,0,0,24
2025-09-25T15:31:33.879Z,59.9,21.1,1.928,49.6,0,60,0,0,0,0,0,0,0,0,24
2025-09-25T15:31:34.882Z,59.8,21.1,1.928,50.4,0,60,0,0,0,0,0,0,0,0,24
2025-09-25T15:31:35.883Z,59.8,21.1,1.928,49.6,0,60,0,0,0,0,0,0,0,0,24
2025-09-25T15:31:36.882Z,59.8,21.1,1.928,50.4,0,60,0,0,0,0,0,0,0,0,24
2025-09-25T15:31:37.887Z,59.8,21.1,1.928,49.6,0,60,0,0,0,0,0,0,0,0,24
2025-09-25T15:31:38.886Z,59.8,21.1,1.928,50.4,0,60,0,0,0,0,0,0,0,0,24
2025-09-25T15:31:39.886Z,59.8,21.1,1.928,49.6,0,60,0,0,0,0,0,0,0,0,24
2025-09-25T15:31:40.877Z,59.8,21.1,1.929,50.4,0,60,0,0,0,0,0,0,0,0,24
2025-09-25T15:31:41.880Z,59.8,21.1,1.929,49.6,0,60,0,0,0,0,0,0,0,0,24
2025-09-25T15:31:42.881Z,59.8,21.1,1.929,50.4,0,60,0,0,0,0,0,0,0,0,24
2025-09-25T15:31:43.889Z,59.8,21.1,1.928,49.6,0,60,0,0,0,0,0,0,0,0,24
2025-09-25T15:31:44.887Z,59.8,21.1,1.928,50.4,0,60,0,0,0,0,0,0,0,0,24
2025-09-25T15:31:45.893Z,59.8,21.1,1.928,49.6,0,60,0,0,0,0,0,0,0,0,24
2025-09-25T15:31:46.891Z,59.8,21.1,1.928,50.4,0,60,0,0,0,0,0,0,0,0,24
2025-09-25T15:31:47.890Z,59.8,21.1,1.928,49.6,0,60,0,0,0,0,0,0,0,0,24
2025-09-25T15:31:48.893Z,59.8,21.1,1.929,50.4,0,60,0,0,0,0,0,0,0,0,24
2025-09-25T15:31:49.901Z,59.8,21.1,1.929,49.6,0,60,0,0,0,0,0,0,0,0,24
2025-09-25T15:31:50.890Z,59.8,21.1,1.928,50.4,0,60,0,0,0,0,0,0,0,0,24
2025-09-25T15:31:51.897Z,59.8,21.1,1.928,49.6,0,60,0,0,0,0,0,0,0,0,24
2025-09-25T15:31:52.900Z,59.8,21.1,1.928,50.4,0,60,0,0,0,0,0,0,0,0,24
2025-09-25T15:31:53.896Z,59.8,21.1,1.929,49.6,0,60,0,0,0,0,0,0,0,0,24
2025-09-25T15:31:54.898Z,59.8,21.1,1.928,50.4,0,60,0,0,0,0,0,0,0,0,24
2025-09-25T15:31:55.898Z,59.8,21.1,1.929,49.6,0,60,0,0,0,0,0,0,0,0,24
2025-09-25T15:31:56.898Z,59.8,21.1,1.928,50.4,0,60,0,0,0,0,0,0,0,0,24
2025-09-25T15:31:57.899Z,59.8,21.1,1.928,49.6,0,60,0,0,0,0,0,0,0,0,24
2025-09-25T15:31:58.903Z,59.8,21.1,1.929,49.6,0,60,0,0,0,0,0,0,0,0,24
2025-09-25T15:31:59.900Z,59.8,21.1,1.928,49.6,0,60,0,0,0,0,0,0,0,0,24
2025-09-25T15:32:00.902Z,59.8,21.1,1.928,50.4,0,60,0,0,0,0,0,0,0,0,24
2025-09-25T15:32:01.903Z,59.8,21.1,1.929,49.6,0,60,0,0,0,0,0,0,0,0,24
2025-09-25T15:32:02.902Z,59.8,21.1,1.929,49.6,0,60,0,0,0,0,0,0,0,0,24
2025-09-25T15:32:03.899Z,59.8,21.1,1.929,50.4,0,60,0,0,0,0,0,0,0,0,24
2025-09-25T15:32:04.896Z,59.8,21.1,1.929,49.6,0,60,0,0,0,0,0,0,0,0,24
2025-09-25T15:32:05.908Z,59.8,21.1,1.929,50.4,0,60,0,0,0,0,0,0,0,0,24
2025-09-25T15:32:06.909Z,59.8,21.1,1.929,49.6,0,60,0,0,0,0,0,0,0,0,24
2025-09-25T15:32:07.909Z,59.8,21.1,1.929,50.4,0,60,0,0,0,0,0,0,0,0,24
2025-09-25T15:32:08.910Z,59.8,21.1,1.929,49.6,0,60,0,0,0,0,0,0,0,0,24
2025-09-25T15:32:09.912Z,59.8,21.1,1.929,50.4,0,60,0,0,0,0,0,0,0,0,24
2025-09-25T15:32:10.909Z,59.8,21.1,1.928,49.6,0,60,0,0,0,0,0,0,0,0,24
2025-09-25T15:32:11.909Z,59.7,21.1,1.929,50.4,0,60,0,0,0,0,0,0,0,0,24
2025-09-25T15:32:12.912Z,59.7,21.1,1.929,49.6,0,60,0,0,0,0,0,0,0,0,24
2025-09-25T15:32:13.909Z,59.7,21.1,1.929,50.4,0,60,0,0,0,0,0,0,0,0,24
2025-09-25T15:32:14.912Z,59.7,21.1,1.929,49.6,0,60,0,0,0,0,0,0,0,0,24
2025-09-25T15:32:15.916Z,59.7,21.1,1.929,50.4,0,60,0,0,0,0,0,0,0,0,24
2025-09-25T15:32:16.908Z,59.7,21.1,1.93,49.6,0,60,0,0,0,0,0,0,0,0,24
2025-09-25T15:32:17.917Z,59.7,21.1,1.929,50.4,0,60,0,0,0,0,0,0,0,0,24
2025-09-25T15:32:18.919Z,59.7,21.1,1.929,49.6,0,60,0,0,0,0,0,0,0,0,24
2025-09-25T15:32:19.917Z,59.7,21.1,1.929,50.4,0,60,0,0,0,0,0,0,0,0,24
2025-09-25T15:32:20.917Z,59.7,21.1,1.93,49.6,0,60,0,0,0,0,0,0,0,0,24
2025-09-25T15:32:21.919Z,59.7,21.1,1.93,50.4,0,60,0,0,0,0,0,0,0,0,24
2025-09-25T15:32:22.924Z,59.7,21.1,1.929,49.6,0,60,0,0,0,0,0,0,0,0,24
2025-09-25T15:32:23.921Z,59.7,21.1,1.93,50.4,0,60,0,0,0,0,0,0,0,0,24
2025-09-25T15:32:24.921Z,59.7,21.1,1.93,49.6,0,60,0,0,0,0,0,0,0,0,24
2025-09-25T15:32:25.926Z,59.7,21.1,1.929,50.4,0,60,0,0,0,0,0,0,0,0,24
2025-09-25T15:32:26.923Z,59.7,21.1,1.93,49.6,0,60,0,0,0,0,0,0,0,0,24
2025-09-25T15:32:27.923Z,59.7,21.1,1.93,50.4,0,60,0,0,0,0,0,0,0,0,24
2025-09-25T15:32:28.925Z,59.7,21.1,1.929,49.6,0,60,0,0,0,0,0,0,0,0,24
2025-09-25T15:32:29.929Z,59.7,21.1,1.929,49.6,0,60,0,0,0,0,0,0,0,0,24
2025-09-25T15:32:30.928Z,59.7,21.1,1.929,49.6,0,60,0,0,0,0,0,0,0,0,24
2025-09-25T15:32:31.929Z,59.7,21.1,1.929,50.4,0,60,0,0,0,0,0,0,0,0,24
2025-09-25T15:32:32.929Z,59.7,21.1,1.929,49.6,0,60,0,0,0,0,0,0,0,0,24
2025-09-25T15:32:33.930Z,59.7,21.1,1.929,50.4,0,60,0,0,0,0,0,0,0,0,24
2025-09-25T15:32:34.932Z,59.7,21.1,1.929,49.6,0,60,0,0,0,0,0,0,0,0,24
2025-09-25T15:32:35.933Z,59.7,21.1,1.93,50.4,0,60,0,0,0,0,0,0,0,0,24
2025-09-25T15:32:36.931Z,59.7,21.1,1.93,49.6,0,60,0,0,0,0,0,0,0,0,24
2025-09-25T15:32:37.935Z,59.7,21.1,1.93,49.6,0,60,0,0,0,0,0,0,0,0,24
2025-09-25T15:32:38.937Z,59.7,21.1,1.93,49.6,0,60,0,0,0,0,0,0,0,0,24
2025-09-25T15:32:39.937Z,59.7,21.1,1.93,50.4,0,60,0,0,0,0,0,0,0,0,24
2025-09-25T15:32:40.934Z,59.7,21.1,1.93,49.6,0,60,0,0,0,0,0,0,0,0,24
2025-09-25T15:32:41.934Z,59.7,21.1,1.93,49.6,0,60,0,0,0,0,0,0,0,0,24
2025-09-25T15:32:42.938Z,59.7,21.1,1.93,50.4,0,60,0,0,0,0,0,0,0,0,24
2025-09-25T15:32:43.936Z,59.7,21.1,1.93,49.6,0,60,0,0,0,0,0,0,0,0,24
2025-09-25T15:32:44.940Z,59.7,21.1,1.93,49.6,0,60,0,0,0,0,0,0,0,0,24
2025-09-25T15:32:45.940Z,59.7,21.1,1.929,50.4,0,60,0,0,0,0,0,0,0,0,24
2025-09-25T15:32:46.940Z,59.7,21.1,1.93,50.4,0,60,0,0,0,0,0,0,0,0,24
2025-09-25T15:32:47.941Z,59.7,21.1,1.93,49.6,0,60,0,0,0,0,0,0,0,0,24
2025-09-25T15:32:48.940Z,59.7,21.1,1.93,50.4,0,60,0,0,0,0,0,0,0,0,24
2025-09-25T15:32:49.938Z,59.7,21.1,1.931,49.6,0,60,0,0,0,0,0,0,0,0,24
2025-09-25T15:32:50.940Z,59.7,21.1,1.931,50.4,0,60,0,0,0,0,0,0,0,0,24
2025-09-25T15:32:51.941Z,59.7,21.1,1.931,49.6,0,60,0,0,0,0,0,0,0,0,24
2025-09-25T15:32:52.946Z,59.7,21.1,1.93,50.4,0,60,0,0,0,0,0,0,0,0,24
2025-09-25T15:32:53.946Z,59.7,21.1,1.93,49.6,0,60,0,0,0,0,0,0,0,0,24
2025-09-25T15:32:54.945Z,59.7,21.1,1.931,50.4,0,60,0,0,0,0,0,0,0,0,24
2025-09-25T15:32:55.946Z,59.6,21.1,1.93,50.4,0,60,0,0,0,0,0,0,0,0,24
2025-09-25T15:32:56.952Z,59.7,21.1,1.93,49.6,0,60,0,0,0,0,0,0,0,0,24
2025-09-25T15:32:57.948Z,59.7,21.1,1.931,49.6,0,60,0,0,0,0,0,0,0,0,24
2025-09-25T15:32:58.947Z,59.6,21.1,1.931,49.6,0,60,0,0,0,0,0,0,0,0,24
2025-09-25T15:32:59.949Z,59.7,21.1,1.931,50.4,0,60,0,0,0,0,0,0,0,0,24
2025-09-25T15:33:00.949Z,59.6,21.1,1.931,50.4,0,60,0,0,0,0,0,0,0,0,24
2025-09-25T15:33:01.948Z,59.6,21.1,1.931,49.6,0,60,0,0,0,0,0,0,0,0,24
2025-09-25T15:33:02.949Z,59.6,21.1,1.931,50.4,0,60,0,0,0,0,0,0,0,0,24
2025-09-25T15:33:03.952Z,59.6,21.1,1.931,49.6,0,60,0,0,0,0,0,0,0,0,24
2025-09-25T15:33:04.951Z,59.6,21.1,1.931,50.4,0,60,0,0,0,0,0,0,0,0,24
2025-09-25T15:33:05.954Z,59.6,21.1,1.931,49.6,0,60,0,0,0,0,0,0,0,0,24
2025-09-25T15:33:06.961Z,59.6,21.1,1.93,50.4,0,60,0,0,0,0,0,0,0,0,24
2025-09-25T15:33:07.958Z,59.6,21.1,1.931,49.6,0,60,0,0,0,0,0,0,0,0,24
2025-09-25T15:33:08.957Z,59.6,21.1,1.931,50.4,0,60,0,0,0,0,0,0,0,0,24
2025-09-25T15:33:09.956Z,59.6,21.1,1.931,49.6,0,60,0,0,0,0,0,0,0,0,24
2025-09-25T15:33:10.957Z,59.6,21.1,1.931,50.4,0,60,0,0,0,0,0,0,0,0,24
2025-09-25T15:33:11.956Z,59.6,21.1,1.931,49.6,0,60,0,0,0,0,0,0,0,0,24
2025-09-25T15:33:12.962Z,59.6,21.1,1.931,49.6,0,60,0,0,0,0,0,0,0,0,24
2025-09-25T15:33:13.960Z,59.6,21.1,1.931,50.4,0,60,0,0,0,0,0,0,0,0,24
2025-09-25T15:33:14.959Z,59.6,21.1,1.931,49.6,0,60,0,0,0,0,0,0,0,0,24
2025-09-25T15:33:15.956Z,59.6,21.1,1.931,50.4,0,60,0,0,0,0,0,0,0,0,24
2025-09-25T15:33:16.958Z,59.6,21.1,1.931,49.6,0,60,0,0,0,0,0,0,0,0,24
2025-09-25T15:33:17.957Z,59.6,21.1,1.93,49.6,0,60,0,0,0,0,0,0,0,0,24
2025-09-25T15:33:18.964Z,59.6,21.1,1.931,50.4,0,60,0,0,0,0,0,0,0,0,24
2025-09-25T15:33:19.957Z,59.6,21.1,1.93,49.6,0,60,0,0,0,0,0,0,0,0,24
2025-09-25T15:33:20.956Z,59.6,21.1,1.93,50.4,0,60,0,0,0,0,0,0,0,0,24
2025-09-25T15:33:21.969Z,59.6,21.1,1.931,50.4,0,60,0,0,0,0,0,0,0,0,24
2025-09-25T15:33:22.970Z,59.6,21.1,1.931,49.6,0,60,0,0,0,0,0,0,0,0,24
2025-09-25T15:33:23.959Z,59.6,21.1,1.93,50.4,0,60,0,0,0,0,0,0,0,0,24
2025-09-25T15:33:24.963Z,59.6,21.1,1.931,49.6,0,60,0,0,0,0,0,0,0,0,24
2025-09-25T15:33:25.972Z,59.6,21.1,1.931,50.4,0,60,0,0,0,0,0,0,0,0,24
2025-09-25T15:33:26.972Z,59.6,21.1,1.931,49.6,0,60,0,0,0,0,0,0,0,0,24
2025-09-25T15:33:27.975Z,59.6,21.1,1.931,50.4,0,60,0,0,0,0,0,0,0,0,24
2025-09-25T15:33:28.971Z,59.6,21.1,1.931,49.6,0,60,0,0,0,0,0,0,0,0,24
2025-09-25T15:33:29.973Z,59.6,21.1,1.931,50.4,0,60,0,0,0,0,0,0,0,0,24
2025-09-25T15:33:30.973Z,59.6,21.1,1.931,49.6,0,60,0,0,0,0,0,0,0,0,24
2025-09-25T15:33:31.979Z,59.6,21.1,1.931,50.4,0,60,0,0,0,0,0,0,0,0,24
2025-09-25T15:33:32.975Z,59.6,21.1,1.931,49.6,0,60,0,0,0,0,0,0,0,0,24
2025-09-25T15:33:33.977Z,59.6,21.1,1.931,50.4,0,60,0,0,0,0,0,0,0,0,24
2025-09-25T15:33:34.981Z,59.6,21.1,1.931,49.6,0,60,0,0,0,0,0,0,0,0,24
2025-09-25T15:33:35.972Z,59.6,21.1,1.93,50.4,0,60,0,0,0,0,0,0,0,0,24
2025-09-25T15:33:36.980Z,59.6,21.1,1.931,49.6,0,60,0,0,0,0,0,0,0,0,24
2025-09-25T15:33:37.985Z,59.6,21.1,1.931,50.4,0,60,0,0,0,0,0,0,0,0,24
2025-09-25T15:33:38.987Z,59.6,21.1,1.931,49.6,0,60,0,0,0,0,0,0,0,0,24
2025-09-25T15:33:39.986Z,59.6,21.1,1.931,49.6,0,60,0,0,0,0,0,0,0,0,24
2025-09-25T15:33:40.986Z,59.6,21.1,1.931,50.4,0,60,0,0,0,0,0,0,0,0,24
2025-09-25T15:33:41.976Z,59.6,21.1,1.93,49.6,0,60,0,0,0,0,0,0,0,0,24
2025-09-25T15:33:42.978Z,59.6,21.1,1.93,50.4,0,60,0,0,0,0,0,0,0,0,24
2025-09-25T15:33:43.989Z,59.6,21.1,1.931,49.6,0,60,0,0,0,0,0,0,0,0,24
2025-09-25T15:33:44.986Z,59.6,21.1,1.931,50.4,0,60,0,0,0,0,0,0,0,0,24
2025-09-25T15:33:45.990Z,59.6,21.1,1.931,49.6,0,60,0,0,0,0,0,0,0,0,24
2025-09-25T15:33:46.991Z,59.6,21.1,1.931,50.4,0,60,0,0,0,0,0,0,0,0,24
2025-09-25T15:33:47.988Z,59.6,21.1,1.931,49.6,0,60,0,0,0,0,0,0,0,0,24
2025-09-25T15:33:48.990Z,59.6,21.1,1.931,50.4,0,60,0,0,0,0,0,0,0,0,24
2025-09-25T15:33:49.989Z,59.6,21.1,1.931,49.6,0,60,0,0,0,0,0,0,0,0,24
2025-09-25T15:33:50.983Z,59.6,21.1,1.93,50.4,0,60,0,0,0,0,0,0,0,0,24
2025-09-25T15:33:51.986Z,59.6,21.1,1.93,49.6,0,60,0,0,0,0,0,0,0,0,24
2025-09-25T15:33:52.990Z,59.6,21.1,1.93,50.4,0,60,0,0,0,0,0,0,0,0,24
2025-09-25T15:33:53.995Z,59.6,21.1,1.931,49.6,0,60,0,0,0,0,0,0,0,0,24
2025-09-25T15:33:54.996Z,59.6,21.1,1.931,50.4,0,60,0,0,0,0,0,0,0,0,24
2025-09-25T15:33:55.997Z,59.6,21.1,1.931,49.6,0,60,0,0,0,0,0,0,0,0,24
2025-09-25T15:33:56.996Z,59.6,21.1,1.931,50.4,0,60,0,0,0,0,0,0,0,0,24
2025-09-25T15:33:57.996Z,59.6,21.1,1.931,49.6,0,60,0,0,0,0,0,0,0,0,24
2025-09-25T15:33:58.993Z,59.6,21.1,1.93,50.4,0,60,0,0,0,0,0,0,0,0,24
2025-09-25T15:33:59.997Z,59.6,21.1,1.93,49.6,0,60,0,0,0,0,0,0,0,0,24
2025-09-25T15:34:00.995Z,59.6,21.1,1.93,50.4,0,60,0,0,0,0,0,0,0,0,24
2025-09-25T15:34:02.000Z,59.6,21.1,1.931,49.6,0,60,0,0,0,0,0,0,0,0,24
2025-09-25T15:34:02.999Z,59.6,21.1,1.93,50.4,0,60,0,0,0,0,0,0,0,0,24
2025-09-25T15:34:04.003Z,59.6,21.1,1.931,49.6,0,60,0,0,0,0,0,0,0,0,24
2025-09-25T15:34:04.995Z,59.6,21.1,1.93,50.4,0,60,0,0,0,0,0,0,0,0,24
2025-09-25T15:34:05.996Z,59.6,21.1,1.93,49.6,0,60,0,0,0,0,0,0,0,0,24
2025-09-25T15:34:07.007Z,59.6,21.1,1.931,50.4,0,60,0,0,0,0,0,0,0,0,24
2025-09-25T15:34:08.006Z,59.6,21.1,1.93,49.6,0,60,0,0,0,0,0,0,0,0,24
2025-09-25T15:34:09.004Z,59.6,21.1,1.93,50.4,0,60,0,0,0,0,0,0,0,0,24
2025-09-25T15:34:10.000Z,59.6,21.1,1.93,49.6,0,60,0,0,0,0,0,0,0,0,24
2025-09-25T15:34:10.998Z,59.6,21.1,1.93,50.4,0,60,0,0,0,0,0,0,0,0,24
2025-09-25T15:34:12.005Z,59.6,21.1,1.93,49.6,0,60,0,0,0,0,0,0,0,0,24
2025-09-25T15:34:13.006Z,59.6,21.1,1.93,50.4,0,60,0,0,0,0,0,0,0,0,24
2025-09-25T15:34:14.010Z,59.6,21.1,1.93,49.6,0,60,0,0,0,0,0,0,0,0,24
2025-09-25T15:34:15.009Z,59.6,21.1,1.93,49.6,0,60,0,0,0,0,0,0,0,0,24
2025-09-25T15:34:16.011Z,59.6,21.1,1.93,49.6,0,60,0,0,0,0,0,0,0,0,24
2025-09-25T15:34:17.009Z,59.6,21.1,1.93,49.6,0,60,0,0,0,0,0,0,0,0,24
2025-09-25T15:34:18.010Z,59.6,21.1,1.93,50.4,0,60,0,0,0,0,0,0,0,0,24
2025-09-25T15:34:19.014Z,59.6,21.1,1.93,49.6,0,60,0,0,0,0,0,0,0,0,24
2025-09-25T15:34:20.014Z,59.6,21.1,1.93,49.6,0,60,0,0,0,0,0,0,0,0,24
2025-09-25T15:34:21.009Z,59.6,21.1,1.93,49.6,0,60,0,0,0,0,0,0,0,0,24
2025-09-25T15:34:22.014Z,59.6,21.1,1.93,50.4,0,60,0,0,0,0,0,0,0,0,24
2025-09-25T15:34:23.015Z,59.6,21.1,1.93,49.6,0,60,0,0,0,0,0,0,0,0,24
2025-09-25T15:34:24.016Z,59.6,21.1,1.93,50.4,0,60,0,0,0,0,0,0,0,0,24
2025-09-25T15:34:25.010Z,59.6,21.1,1.931,49.6,0,60,0,0,0,0,0,0,0,0,24
2025-09-25T15:34:26.011Z,59.6,21.1,1.931,50.4,0,60,0,0,0,0,0,0,0,0,24
2025-09-25T15:34:27.012Z,59.6,21.1,1.931,50.4,0,60,0,0,0,0,0,0,0,0,24
2025-09-25T15:34:28.023Z,59.6,21.1,1.93,49.6,0,60,0,0,0,0,0,0,0,0,24
2025-09-25T15:34:29.021Z,59.6,21.1,1.93,50.4,0,60,0,0,0,0,0,0,0,0,24
2025-09-25T15:34:30.024Z,59.6,21.1,1.93,49.6,0,60,0,0,0,0,0,0,0,0,24
2025-09-25T15:34:31.022Z,59.6,21.1,1.93,50.4,0,60,0,0,0,0,0,0,0,0,24
2025-09-25T15:34:32.022Z,59.6,21.1,1.93,49.6,0,60,0,0,0,0,0,0,0,0,24
2025-09-25T15:34:33.024Z,59.6,21.1,1.93,50.4,0,60,0,0,0,0,0,0,0,0,24
2025-09-25T15:34:34.027Z,59.6,21.1,1.93,49.6,0,60,0,0,0,0,0,0,0,0,24
2025-09-25T15:34:35.025Z,59.6,21.1,1.93,49.6,0,60,0,0,0,0,0,0,0,0,24
2025-09-25T15:34:36.027Z,59.6,21.1,1.93,49.6,0,60,0,0,0,0,0,0,0,0,24
2025-09-25T15:34:37.030Z,59.6,21.1,1.93,50.4,0,60,0,0,0,0,0,0,0,0,24
2025-09-25T15:34:38.031Z,59.6,21.1,1.93,49.6,0,60,0,0,0,0,0,0,0,0,24
2025-09-25T15:34:39.032Z,59.6,21.1,1.93,49.6,0,60,0,0,0,0,0,0,0,0,24
2025-09-25T15:34:40.031Z,59.6,21.1,1.93,50.4,0,60,0,0,0,0,0,0,0,0,24
2025-09-25T15:34:41.033Z,59.6,21.1,1.93,50.4,0,60,0,0,0,0,0,0,0,0,24
2025-09-25T15:34:42.032Z,59.6,21.1,1.93,49.6,0,60,0,0,0,0,0,0,0,0,24
2025-09-25T15:34:43.032Z,59.6,21.1,1.93,49.6,0,60,0,0,0,0,0,0,0,0,24
2025-09-25T15:34:44.041Z,59.6,21.1,1.93,49.6,0,60,0,0,0,0,0,0,0,0,24
2025-09-25T15:34:45.034Z,59.6,21.1,1.93,50.4,0,60,0,0,0,0,0,0,0,0,24
2025-09-25T15:34:46.028Z,59.6,21.1,1.931,50.4,0,60,0,0,0,0,0,0,0,0,24
2025-09-25T15:34:47.032Z,59.6,21.1,1.931,49.6,0,60,0,0,0,0,0,0,0,0,24
2025-09-25T15:34:48.033Z,59.6,21.1,1.931,50.4,0,60,0,0,0,0,0,0,0,0,24
2025-09-25T15:34:49.039Z,59.6,21.1,1.93,49.6,0,60,0,0,0,0,0,0,0,0,24
2025-09-25T15:34:50.037Z,59.6,21.1,1.93,50.4,0,60,0,0,0,0,0,0,0,0,24
2025-09-25T15:34:51.039Z,59.6,21.1,1.93,49.6,0,60,0,0,0,0,0,0,0,0,24
2025-09-25T15:34:52.035Z,59.6,21.1,1.931,50.4,0,60,0,0,0,0,0,0,0,0,24
2025-09-25T15:34:53.038Z,59.6,21.1,1.93,49.6,0,60,0,0,0,0,0,0,0,0,24
2025-09-25T15:34:54.039Z,59.6,21.1,1.93,50.4,0,60,0,0,0,0,0,0,0,0,24
2025-09-25T15:34:55.045Z,59.6,21.1,1.93,49.6,0,60,0,0,0,0,0,0,0,0,24
2025-09-25T15:34:56.046Z,59.6,21.1,1.93,50.4,0,60,0,0,0,0,0,0,0,0,24
2025-09-25T15:34:57.046Z,59.6,21.1,1.93,50.4,0,60,0,0,0,0,0,0,0,0,24
2025-09-25T15:34:58.042Z,59.6,21.1,1.93,49.6,0,60,0,0,0,0,0,0,0,0,24
2025-09-25T15:34:59.045Z,59.6,21.1,1.93,50.4,0,60,0,0,0,0,0,0,0,0,24
2025-09-25T15:35:00.038Z,59.6,21.1,1.931,49.6,0,60,0,0,0,0,0,0,0,0,24
2025-09-25T15:35:01.046Z,59.6,21.1,1.93,50.4,0,60,0,0,0,0,0,0,0,0,24
2025-09-25T15:35:02.045Z,59.6,21.1,1.931,49.6,0,60,0,0,0,0,0,0,0,0,24
2025-09-25T15:35:03.058Z,59.6,21.1,1.93,50.4,0,60,0,0,0,0,0,0,0,0,24
2025-09-25T15:35:04.054Z,59.6,21.1,1.93,49.6,0,60,0,0,0,0,0,0,0,0,24
2025-09-25T15:35:05.049Z,59.6,21.1,1.93,49.6,0,60,0,0,0,0,0,0,0,0,24
2025-09-25T15:35:06.049Z,59.6,21.1,1.93,49.6,0,60,0,0,0,0,0,0,0,0,24
2025-09-25T15:35:07.049Z,59.6,21.1,1.931,50.4,0,60,0,0,0,0,0,0,0,0,24
2025-09-25T15:35:08.054Z,59.6,21.1,1.929,50.4,0,60,0,0,0,0,0,0,0,0,24
2025-09-25T15:35:09.052Z,59.6,21.1,1.931,49.6,0,60,0,0,0,0,0,0,0,0,24
2025-09-25T15:35:10.053Z,59.6,21.1,1.931,49.6,0,60,0,0,0,0,0,0,0,0,24
2025-09-25T15:35:11.054Z,59.6,21.1,1.93,49.6,0,60,0,0,0,0,0,0,0,0,24
2025-09-25T15:35:12.054Z,59.7,21.1,1.93,50.4,0,60,0,0,0,0,0,0,0,0,24
2025-09-25T15:35:13.057Z,59.7,21.1,1.929,50.4,0,60,0,0,0,0,0,0,0,0,24
2025-09-25T15:35:14.058Z,59.7,21.1,1.929,49.6,0,60,0,0,0,0,0,0,0,0,24
2025-09-25T15:35:15.057Z,59.7,21.1,1.93,49.6,0,60,0,0,0,0,0,0,0,0,24
2025-09-25T15:35:16.058Z,59.7,21.1,1.93,49.6,0,60,0,0,0,0,0,0,0,0,24
2025-09-25T15:35:17.059Z,59.7,21.1,1.93,50.4,0,60,0,0,0,0,0,0,0,0,24
2025-09-25T15:35:18.061Z,59.7,21.1,1.929,50.4,0,60,0,0,0,0,0,0,0,0,24
2025-09-25T15:35:19.063Z,59.7,21.1,1.929,49.6,0,60,0,0,0,0,0,0,0,0,24
2025-09-25T15:35:20.062Z,59.7,21.1,1.929,50.4,0,60,0,0,0,0,0,0,0,0,24
2025-09-25T15:35:21.063Z,59.7,21.1,1.929,49.6,0,60,0,0,0,0,0,0,0,0,24
2025-09-25T15:35:22.064Z,59.7,21.1,1.929,50.4,0,60,0,0,0,0,0,0,0,0,24
2025-09-25T15:35:23.067Z,59.7,21.1,1.929,49.6,0,60,0,0,0,0,0,0,0,0,24
2025-09-25T15:35:24.064Z,59.7,21.1,1.93,50.4,0,60,0,0,0,0,0,0,0,0,24
2025-09-25T15:35:25.068Z,59.7,21.1,1.928,49.6,0,60,0,0,0,0,0,0,0,0,24
2025-09-25T15:35:26.065Z,59.7,21.1,1.93,50.4,0,60,0,0,0,0,0,0,0,0,24
2025-09-25T15:35:27.061Z,59.7,21.1,1.929,49.6,0,60,0,0,0,0,0,0,0,0,24
2025-09-25T15:35:28.063Z,59.7,21.1,1.93,50.4,0,60,0,0,0,0,0,0,0,0,24
2025-09-25T15:35:29.072Z,59.7,21.1,1.928,50.4,0,60,0,0,0,0,0,0,0,0,24
2025-09-25T15:35:30.076Z,59.7,21.1,1.928,49.6,0,60,0,0,0,0,0,0,0,0,24
2025-09-25T15:35:31.072Z,59.7,21.1,1.929,50.4,0,60,0,0,0,0,0,0,0,0,24
2025-09-25T15:35:32.072Z,59.7,21.1,1.929,49.6,0,60,0,0,0,0,0,0,0,0,24
2025-09-25T15:35:33.075Z,59.7,21.1,1.929,50.4,0,60,0,0,0,0,0,0,0,0,24
2025-09-25T15:35:34.075Z,59.7,21.1,1.929,49.6,0,60,0,0,0,0,0,0,0,0,24
2025-09-25T15:35:35.081Z,59.7,21.1,1.928,49.6,0,60,0,0,0,0,0,0,0,0,24
2025-09-25T15:35:36.079Z,59.7,21.1,1.929,49.6,0,60,0,0,0,0,0,0,0,0,24
2025-09-25T15:35:37.074Z,59.7,21.1,1.929,50.4,0,60,0,0,0,0,0,0,0,0,24
2025-09-25T15:35:38.075Z,59.7,21.1,1.929,49.6,0,60,0,0,0,0,0,0,0,0,24
2025-09-25T15:35:39.074Z,59.7,21.1,1.929,50.4,0,60,0,0,0,0,0,0,0,0,24
2025-09-25T15:35:40.076Z,59.7,21.1,1.929,49.6,0,60,0,0,0,0,0,0,0,0,24
2025-09-25T15:35:41.077Z,59.7,21.1,1.929,50.4,0,60,0,0,0,0,0,0,0,0,24
2025-09-25T15:35:42.083Z,59.7,21.1,1.928,49.6,0,60,0,0,0,0,0,0,0,0,24
2025-09-25T15:35:43.079Z,59.7,21.1,1.929,50.4,0,60,0,0,0,0,0,0,0,0,24
2025-09-25T15:35:44.080Z,59.7,21.1,1.929,49.6,0,60,0,0,0,0,0,0,0,0,24
2025-09-25T15:35:45.083Z,59.8,21.1,1.929,50.4,0,60,0,0,0,0,0,0,0,0,24
2025-09-25T15:35:46.082Z,59.8,21.1,1.929,50.4,0,60,0,0,0,0,0,0,0,0,24
2025-09-25T15:35:47.093Z,59.8,21.1,1.928,49.6,0,60,0,0,0,0,0,0,0,0,24
2025-09-25T15:35:48.085Z,59.8,21.1,1.928,50.4,0,60,0,0,0,0,0,0,0,0,24
2025-09-25T15:35:49.081Z,59.8,21.1,1.929,49.6,0,60,0,0,0,0,0,0,0,0,24
2025-09-25T15:35:50.088Z,59.8,21.1,1.929,50.4,0,60,0,0,0,0,0,0,0,0,24
2025-09-25T15:35:51.089Z,59.8,21.1,1.928,49.6,0,60,0,0,0,0,0,0,0,0,24
2025-09-25T15:35:52.089Z,59.8,21.1,1.929,50.4,0,60,0,0,0,0,0,0,0,0,24
2025-09-25T15:35:53.082Z,59.8,21.1,1.929,49.6,0,60,0,0,0,0,0,0,0,0,24
2025-09-25T15:35:54.090Z,59.8,21.1,1.929,50.4,0,60,0,0,0,0,0,0,0,0,24
2025-09-25T15:35:55.084Z,59.8,21.1,1.929,49.6,0,60,0,0,0,0,0,0,0,0,24
2025-09-25T15:35:56.094Z,59.8,21.1,1.928,50.4,0,60,0,0,0,0,0,0,0,0,24
2025-09-25T15:35:57.092Z,59.8,21.1,1.929,49.6,0,60,0,0,0,0,0,0,0,0,24
2025-09-25T15:35:58.097Z,59.8,21.1,1.928,50.4,0,60,0,0,0,0,0,0,0,0,24
2025-09-25T15:35:59.098Z,59.8,21.1,1.928,49.6,0,60,0,0,0,0,0,0,0,0,24
2025-09-25T15:36:00.093Z,59.8,21.1,1.929,50.4,0,60,0,0,0,0,0,0,0,0,24
2025-09-25T15:36:01.097Z,59.8,21.1,1.929,49.6,0,60,0,0,0,0,0,0,0,0,24
2025-09-25T15:36:02.094Z,59.8,21.1,1.929,50.4,0,60,0,0,0,0,0,0,0,0,24
2025-09-25T15:36:03.102Z,59.8,21.1,1.928,49.6,0,60,0,0,0,0,0,0,0,0,24
2025-09-25T15:36:04.097Z,59.8,21.1,1.929,50.4,0,60,0,0,0,0,0,0,0,0,24
2025-09-25T15:36:05.097Z,59.8,21.1,1.929,49.6,0,60,0,0,0,0,0,0,0,0,24
2025-09-25T15:36:06.102Z,59.8,21.1,1.928,50.4,0,60,0,0,0,0,0,0,0,0,24
2025-09-25T15:36:07.102Z,59.8,21.1,1.929,49.6,0,60,0,0,0,0,0,0,0,0,24
2025-09-25T15:36:08.105Z,59.8,21.1,1.928,50.4,0,60,0,0,0,0,0,0,0,0,24
2025-09-25T15:36:09.101Z,59.8,21.1,1.929,49.6,0,60,0,0,0,0,0,0,0,0,24
2025-09-25T15:36:10.106Z,59.8,21.1,1.928,49.6,0,60,0,0,0,0,0,0,0,0,24
2025-09-25T15:36:11.107Z,59.8,21.1,1.928,49.6,0,60,0,0,0,0,0,0,0,0,24
2025-09-25T15:36:12.104Z,59.9,21.1,1.928,50.4,0,60,0,0,0,0,0,0,0,0,24
2025-09-25T15:36:13.107Z,59.9,21.1,1.928,49.6,0,60,0,0,0,0,0,0,0,0,24
2025-09-25T15:36:14.110Z,59.9,21.1,1.928,50.4,0,60,0,0,0,0,0,0,0,0,24
2025-09-25T15:36:15.105Z,59.9,21.1,1.928,49.6,0,60,0,0,0,0,0,0,0,0,24
2025-09-25T15:36:16.107Z,59.9,21.1,1.927,50.4,0,60,0,0,0,0,0,0,0,0,24
2025-09-25T15:36:17.106Z,59.9,21.1,1.928,49.6,0,60,0,0,0,0,0,0,0,0,24
2025-09-25T15:36:18.110Z,59.9,21.1,1.927,50.4,0,60,0,0,0,0,0,0,0,0,24
2025-09-25T15:36:19.110Z,59.9,21.1,1.927,49.6,0,60,0,0,0,0,0,0,0,0,24
2025-09-25T15:36:20.110Z,59.9,21.1,1.927,50.4,0,60,0,0,0,0,0,0,0,0,24
2025-09-25T15:36:21.106Z,59.9,21.1,1.928,49.6,0,60,0,0,0,0,0,0,0,0,24
2025-09-25T15:36:22.115Z,59.9,21.1,1.927,50.4,0,60,0,0,0,0,0,0,0,0,24
2025-09-25T15:36:23.115Z,59.9,21.1,1.927,49.6,0,60,0,0,0,0,0,0,0,0,24
2025-09-25T15:36:24.118Z,59.9,21.1,1.927,50.4,0,60,0,0,0,0,0,0,0,0,24
2025-09-25T15:36:25.112Z,59.9,21.1,1.928,49.6,0,60,0,0,0,0,0,0,0,0,24
2025-09-25T15:36:26.117Z,59.9,21.1,1.927,50.4,0,60,0,0,0,0,0,0,0,0,24
2025-09-25T15:36:27.118Z,59.9,21.1,1.927,49.6,0,60,0,0,0,0,0,0,0,0,24
2025-09-25T15:36:28.119Z,59.9,21.1,1.927,50.4,0,60,0,0,0,0,0,0,0,0,24
2025-09-25T15:36:29.118Z,59.9,21.1,1.926,49.6,0,60,0,0,0,0,0,0,0,0,24
2025-09-25T15:36:30.120Z,59.9,21.1,1.926,49.6,0,60,0,0,0,0,0,0,0,0,24
2025-09-25T15:36:31.124Z,59.9,21.1,1.926,49.6,0,60,0,0,0,0,0,0,0,0,24
2025-09-25T15:36:32.122Z,59.9,21.1,1.926,49.6,0,60,0,0,0,0,0,0,0,0,24
2025-09-25T15:36:33.123Z,60,21.1,1.926,49.6,0,60,0,0,0,0,0,0,0,0,24
2025-09-25T15:36:34.123Z,60,21.1,1.926,50.4,0,60,0,0,0,0,0,0,0,0,24
2025-09-25T15:36:35.124Z,60,21.1,1.927,50.4,0,60,0,0,0,0,0,0,0,0,24
2025-09-25T15:36:36.126Z,60,21.1,1.926,49.6,0,60,0,0,0,0,0,0,0,0,24
2025-09-25T15:36:37.128Z,60,21.1,1.926,49.6,0,60,0,0,0,0,0,0,0,0,24
2025-09-25T15:36:38.130Z,60,21.1,1.926,49.6,0,60,0,0,0,0,0,0,0,0,24
2025-09-25T15:36:39.129Z,60,21.1,1.926,50.4,0,60,0,0,0,0,0,0,0,0,24
2025-09-25T15:36:40.130Z,60,21.1,1.926,49.6,0,60,0,0,0,0,0,0,0,0,24
2025-09-25T15:36:41.127Z,60,21.1,1.926,50.4,0,60,0,0,0,0,0,0,0,0,24
2025-09-25T15:36:42.127Z,60,21.1,1.926,50.4,0,60,0,0,0,0,0,0,0,0,24
2025-09-25T15:36:43.129Z,60,21.1,1.926,49.6,0,60,0,0,0,0,0,0,0,0,24
2025-09-25T15:36:44.131Z,60,21.1,1.926,50.4,0,60,0,0,0,0,0,0,0,0,24
2025-09-25T15:36:45.131Z,60,21.1,1.926,49.6,0,60,0,0,0,0,0,0,0,0,24
2025-09-25T15:36:46.130Z,60,21.1,1.926,50.4,0,60,0,0,0,0,0,0,0,0,24
2025-09-25T15:36:47.132Z,60,21.1,1.926,49.6,0,60,0,0,0,0,0,0,0,0,24
2025-09-25T15:36:48.134Z,60,21.1,1.926,50.4,0,60,0,0,0,0,0,0,0,0,24
2025-09-25T15:36:49.131Z,60,21.1,1.927,49.6,0,60,0,0,0,0,0,0,0,0,24
2025-09-25T15:36:50.136Z,60,21.1,1.926,49.6,0,60,0,0,0,0,0,0,0,0,24
2025-09-25T15:36:51.135Z,60,21.1,1.926,50.4,0,60,0,0,0,0,0,0,0,0,24
2025-09-25T15:36:52.137Z,60,21.1,1.926,49.6,0,60,0,0,0,0,0,0,0,0,24
2025-09-25T15:36:53.138Z,60,21.1,1.926,50.4,0,60,0,0,0,0,0,0,0,0,24
2025-09-25T15:36:54.139Z,60,21.1,1.926,49.6,0,60,0,0,0,0,0,0,0,0,24
2025-09-25T15:36:55.140Z,60,21.1,1.926,49.6,0,60,0,0,0,0,0,0,0,0,24
2025-09-25T15:36:56.139Z,60.1,21.1,1.926,50.4,0,60,0,0,0,0,0,0,0,0,24
2025-09-25T15:36:57.141Z,60.1,21.1,1.926,49.6,0,60,0,0,0,0,0,0,0,0,24
2025-09-25T15:36:58.138Z,60.1,21.1,1.927,50.4,0,60,0,0,0,0,0,0,0,0,24
2025-09-25T15:36:59.140Z,60.1,21.1,1.927,50.4,0,60,0,0,0,0,0,0,0,0,24
2025-09-25T15:37:00.142Z,60.1,21.1,1.926,49.6,0,60,0,0,0,0,0,0,0,0,24
2025-09-25T15:37:01.145Z,60.1,21.1,1.926,50.4,0,60,0,0,0,0,0,0,0,0,24
2025-09-25T15:37:02.148Z,60.1,21.1,1.926,49.6,0,60,0,0,0,0,0,0,0,0,24
2025-09-25T15:37:03.146Z,60.1,21.1,1.926,50.4,0,60,0,0,0,0,0,0,0,0,24
2025-09-25T15:37:04.152Z,60.1,21.1,1.926,49.6,0,60,0,0,0,0,0,0,0,0,24
2025-09-25T15:37:05.152Z,60.1,21.1,1.926,50.4,0,60,0,0,0,0,0,0,0,0,24
2025-09-25T15:37:06.153Z,60.1,21.1,1.926,49.6,0,60,0,0,0,0,0,0,0,0,24
2025-09-25T15:37:07.146Z,60.1,21.1,1.926,49.6,0,60,0,0,0,0,0,0,0,0,24
2025-09-25T15:37:08.148Z,60.1,21.1,1.926,50.4,0,60,0,0,0,0,0,0,0,0,24
2025-09-25T15:37:09.148Z,60.1,21.1,1.926,49.6,0,60,0,0,0,0,0,0,0,0,24
2025-09-25T15:37:10.153Z,60.1,21.1,1.926,50.4,0,60,0,0,0,0,0,0,0,0,24
2025-09-25T15:37:11.151Z,60.1,21.1,1.926,49.6,0,60,0,0,0,0,0,0,0,0,24
2025-09-25T15:37:12.154Z,60.1,21.1,1.926,50.4,0,60,0,0,0,0,0,0,0,0,24
2025-09-25T15:37:13.153Z,60.1,21.1,1.926,49.6,0,60,0,0,0,0,0,0,0,0,24
2025-09-25T15:37:14.156Z,60.1,21.1,1.926,49.6,0,60,0,0,0,0,0,0,0,0,24
2025-09-25T15:37:15.155Z,60.1,21.1,1.926,50.4,0,60,0,0,0,0,0,0,0,0,24
2025-09-25T15:37:16.157Z,60.2,21.1,1.926,49.6,0,60,0,0,0,0,0,0,0,0,24
2025-09-25T15:37:17.160Z,60.2,21.1,1.926,50.4,0,60,0,0,0,0,0,0,0,0,24
2025-09-25T15:37:18.160Z,60.2,21.1,1.926,49.6,0,60,0,0,0,0,0,0,0,0,24
2025-09-25T15:37:19.161Z,60.2,21.1,1.926,49.6,0,60,0,0,0,0,0,0,0,0,24
2025-09-25T15:37:20.164Z,60.2,21.1,1.926,50.4,0,60,0,0,0,0,0,0,0,0,24
2025-09-25T15:37:21.166Z,60.2,21.1,1.926,49.6,0,60,0,0,0,0,0,0,0,0,24
2025-09-25T15:37:22.168Z,60.2,21.1,1.926,50.4,0,60,0,0,0,0,0,0,0,0,24
2025-09-25T15:37:23.167Z,60.2,21.1,1.926,49.6,0,60,0,0,0,0,0,0,0,0,24
2025-09-25T15:37:24.167Z,60.2,21.1,1.926,49.6,0,60,0,0,0,0,0,0,0,0,24
2025-09-25T15:37:25.169Z,60.2,21.1,1.926,50.4,0,60,0,0,0,0,0,0,0,0,24
2025-09-25T15:37:26.169Z,60.2,21.1,1.926,49.6,0,60,0,0,0,0,0,0,0,0,24
2025-09-25T15:37:27.164Z,60.2,21.1,1.926,49.6,0,60,0,0,0,0,0,0,0,0,24
2025-09-25T15:37:28.172Z,60.2,21.1,1.926,50.4,0,60,0,0,0,0,0,0,0,0,24
2025-09-25T15:37:29.171Z,60.2,21.1,1.926,49.6,0,60,0,0,0,0,0,0,0,0,24
2025-09-25T15:37:30.173Z,60.2,21.1,1.925,49.6,0,60,0,0,0,0,0,0,0,0,24
2025-09-25T15:37:31.178Z,60.2,21.1,1.925,50.4,0,59.9,0,0,0,0,0,0,0,0,24
2025-09-25T15:37:32.174Z,60.2,21.1,1.926,49.6,0,60,0,0,0,0,0,0,0,0,24
2025-09-25T15:37:33.176Z,60.2,21.1,1.925,49.6,0,60,0,0,0,0,0,0,0,0,24
2025-09-25T15:37:34.173Z,60.2,21.1,1.925,50.4,0,59.9,0,0,0,0,0,0,0,0,24
2025-09-25T15:37:35.178Z,60.2,21.1,1.925,50.4,0,59.9,0,0,0,0,0,0,0,0,24
2025-09-25T15:37:36.176Z,60.3,21.1,1.926,49.6,0,59.9,0,0,0,0,0,0,0,0,24
2025-09-25T15:37:37.179Z,60.3,21.1,1.925,50.4,0,59.9,0,0,0,0,0,0,0,0,24
2025-09-25T15:37:38.180Z,60.3,21.1,1.925,50.4,0,59.9,0,0,0,0,0,0,0,0,24
2025-09-25T15:37:39.179Z,60.3,21.1,1.925,49.6,0,59.9,0,0,0,0,0,0,0,0,24
2025-09-25T15:37:40.183Z,60.3,21.1,1.925,50.4,0,59.9,0,0,0,0,0,0,0,0,24
2025-09-25T15:37:41.180Z,60.3,21.1,1.925,49.6,0,59.9,0,0,0,0,0,0,0,0,24
2025-09-25T15:37:42.179Z,60.3,21.1,1.925,50.4,0,59.9,0,0,0,0,0,0,0,0,24
2025-09-25T15:37:43.178Z,60.3,21.1,1.925,49.6,0,59.9,0,0,0,0,0,0,0,0,24
2025-09-25T15:37:44.182Z,60.3,21.1,1.925,50.4,0,59.9,0,0,0,0,0,0,0,0,24
2025-09-25T15:37:45.186Z,60.3,21.1,1.925,49.6,0,59.9,0,0,0,0,0,0,0,0,24
2025-09-25T15:37:46.185Z,60.3,21.1,1.925,50.4,0,59.9,0,0,0,0,0,0,0,0,24
2025-09-25T15:37:47.186Z,60.3,21.1,1.925,49.6,0,59.9,0,0,0,0,0,0,0,0,24
2025-09-25T15:37:48.186Z,60.3,21.1,1.925,49.6,0,59.9,0,0,0,0,0,0,0,0,24
2025-09-25T15:37:49.191Z,60.3,21.1,1.925,50.4,0,59.9,0,0,0,0,0,0,0,0,24
2025-09-25T15:37:50.188Z,60.3,21.1,1.925,49.6,0,59.9,0,0,0,0,0,0,0,0,24
2025-09-25T15:37:51.188Z,60.3,21.1,1.925,50.4,0,59.9,0,0,0,0,0,0,0,0,24
2025-09-25T15:37:52.193Z,60.3,21.1,1.925,49.6,0,59.9,0,0,0,0,0,0,0,0,24
2025-09-25T15:37:53.191Z,60.3,21.1,1.925,49.6,0,59.9,0,0,0,0,0,0,0,0,24
2025-09-25T15:37:54.194Z,60.3,21.1,1.925,50.4,0,59.9,0,0,0,0,0,0,0,0,24
2025-09-25T15:37:55.196Z,60.4,21.1,1.925,49.6,0,59.9,0,0,0,0,0,0,0,0,24
2025-09-25T15:37:56.195Z,60.4,21.1,1.925,49.6,0,59.9,0,0,0,0,0,0,0,0,24
2025-09-25T15:37:57.195Z,60.4,21.1,1.925,50.4,0,59.9,0,0,0,0,0,0,0,0,24
2025-09-25T15:37:58.197Z,60.4,21.1,1.925,49.6,0,59.9,0,0,0,0,0,0,0,0,24
2025-09-25T15:37:59.196Z,60.4,21.1,1.925,49.6,0,59.9,0,0,0,0,0,0,0,0,24
2025-09-25T15:38:00.200Z,60.4,21.1,1.926,50.4,0,59.9,0,0,0,0,0,0,0,0,24
2025-09-25T15:38:01.202Z,60.4,21.1,1.926,50.4,0,59.9,0,0,0,0,0,0,0,0,24
2025-09-25T15:38:02.201Z,60.4,21.1,1.925,49.6,0,59.9,0,0,0,0,0,0,0,0,24
2025-09-25T15:38:03.202Z,60.4,21.1,1.926,50.4,0,59.9,0,0,0,0,0,0,0,0,24
2025-09-25T15:38:04.202Z,60.4,21.1,1.925,50.4,0,60,0,0,0,0,0,0,0,0,24
2025-09-25T15:38:05.201Z,60.4,21.1,1.924,49.6,0,60,0,0,0,0,0,0,0,0,24
2025-09-25T15:38:06.205Z,60.4,21.1,1.925,50.4,0,59.9,0,0,0,0,0,0,0,0,24
2025-09-25T15:38:07.205Z,60.4,21.1,1.924,49.6,0,59.9,0,0,0,0,0,0,0,0,24
2025-09-25T15:38:08.201Z,60.4,21.1,1.924,50.4,0,59.9,0,0,0,0,0,0,0,0,24
2025-09-25T15:38:09.207Z,60.4,21.1,1.924,49.6,0,60,0,0,0,0,0,0,0,0,24
2025-09-25T15:38:10.211Z,60.4,21.1,1.925,50.4,0,59.9,0,0,0,0,0,0,0,0,24
2025-09-25T15:38:11.208Z,60.4,21.1,1.925,50.4,0,60,0,0,0,0,0,0,0,0,24
2025-09-25T15:38:12.207Z,60.4,21.1,1.924,49.6,0,59.9,0,0,0,0,0,0,0,0,24
2025-09-25T15:38:13.212Z,60.4,21.1,1.925,50.4,0,59.9,0,0,0,0,0,0,0,0,24
2025-09-25T15:38:14.212Z,60.5,21.1,1.925,49.6,0,59.9,0,0,0,0,0,0,0,0,24
2025-09-25T15:38:15.213Z,60.5,21.1,1.925,50.4,0,59.9,0,0,0,0,0,0,0,0,24
2025-09-25T15:38:16.207Z,60.5,21.1,1.924,49.6,0,59.9,0,0,0,0,0,0,0,0,24
2025-09-25T15:38:17.212Z,60.5,21.1,1.924,50.4,0,59.9,0,0,0,0,0,0,0,0,24
2025-09-25T15:38:18.212Z,60.5,21.1,1.924,49.6,0,59.9,0,0,0,0,0,0,0,0,24
2025-09-25T15:38:19.215Z,60.5,21.1,1.925,49.6,0,59.9,0,0,0,0,0,0,0,0,24
2025-09-25T15:38:20.212Z,60.5,21.1,1.924,50.4,0,59.9,0,0,0,0,0,0,0,0,24
2025-09-25T15:38:21.215Z,60.5,21.1,1.923,49.6,0,59.9,0,0,0,0,0,0,0,0,24
2025-09-25T15:38:22.215Z,60.5,21.1,1.924,50.4,0,59.9,0,0,0,0,0,0,0,0,24
2025-09-25T15:38:23.214Z,60.5,21.1,1.924,49.6,0,60,0,0,0,0,0,0,0,0,24
2025-09-25T15:38:24.217Z,60.5,21.1,1.924,50.4,0,59.9,0,0,0,0,0,0,0,0,24
2025-09-25T15:38:25.218Z,60.5,21.1,1.925,49.6,0,59.9,0,0,0,0,0,0,0,0,24
2025-09-25T15:38:26.223Z,60.5,21.1,1.924,49.6,0,59.9,0,0,0,0,0,0,0,0,24
2025-09-25T15:38:27.219Z,60.5,21.1,1.924,50.4,0,59.9,0,0,0,0,0,0,0,0,24
2025-09-25T15:38:28.225Z,60.5,21.1,1.925,49.6,0,59.9,0,0,0,0,0,0,0,0,24
2025-09-25T15:38:29.225Z,60.5,21.1,1.924,49.6,0,59.9,0,0,0,0,0,0,0,0,24
2025-09-25T15:38:30.227Z,60.5,21.1,1.924,50.4,0,59.9,0,0,0,0,0,0,0,0,24
2025-09-25T15:38:31.230Z,60.5,21.1,1.924,50.4,0,59.9,0,0,0,0,0,0,0,0,24
2025-09-25T15:38:32.230Z,60.5,21.1,1.925,49.6,0,59.9,0,0,0,0,0,0,0,0,24
2025-09-25T15:38:33.223Z,60.5,21.1,1.923,49.6,0,59.9,0,0,0,0,0,0,0,0,24
2025-09-25T15:38:34.224Z,60.5,21.1,1.923,49.6,0,59.9,0,0,0,0,0,0,0,0,24
2025-09-25T15:38:35.234Z,60.5,21.1,1.924,50.4,0,59.9,0,0,0,0,0,0,0,0,24
2025-09-25T15:38:36.234Z,60.5,21.1,1.924,50.4,0,59.9,0,0,0,0,0,0,0,0,24
2025-09-25T15:38:37.235Z,60.5,21.1,1.924,49.6,0,59.9,0,0,0,0,0,0,0,0,24
2025-09-25T15:38:38.234Z,60.5,21.1,1.924,50.4,0,59.9,0,0,0,0,0,0,0,0,24
2025-09-25T15:38:39.235Z,60.5,21.1,1.924,49.6,0,59.9,0,0,0,0,0,0,0,0,24
2025-09-25T15:38:40.238Z,60.6,21.1,1.924,50.4,0,59.9,0,0,0,0,0,0,0,0,24
2025-09-25T15:38:41.237Z,60.6,21.1,1.925,49.6,0,59.9,0,0,0,0,0,0,0,0,24
2025-09-25T15:38:42.229Z,60.6,21.1,1.923,49.6,0,59.9,0,0,0,0,0,0,0,0,24
2025-09-25T15:38:43.240Z,60.6,21.1,1.924,50.4,0,59.9,0,0,0,0,0,0,0,0,24
2025-09-25T15:38:44.234Z,60.6,21.1,1.924,50.4,0,59.9,0,0,0,0,0,0,0,0,24
2025-09-25T15:38:45.241Z,60.6,21.1,1.924,49.6,0,59.9,0,0,0,0,0,0,0,0,24
2025-09-25T15:38:46.236Z,60.6,21.1,1.924,50.4,0,59.9,0,0,0,0,0,0,0,0,24
2025-09-25T15:38:47.237Z,60.6,21.1,1.924,49.6,0,59.9,0,0,0,0,0,0,0,0,24
2025-09-25T15:38:48.237Z,60.6,21.1,1.924,50.4,0,59.9,0,0,0,0,0,0,0,0,24
2025-09-25T15:38:49.239Z,60.6,21.1,1.924,49.6,0,59.9,0,0,0,0,0,0,0,0,24
2025-09-25T15:38:50.241Z,60.6,21.1,1.924,49.6,0,59.9,0,0,0,0,0,0,0,0,24
2025-09-25T15:38:51.243Z,60.6,21.1,1.924,50.4,0,59.9,0,0,0,0,0,0,0,0,24
2025-09-25T15:38:52.240Z,60.6,21.1,1.924,49.6,0,59.9,0,0,0,0,0,0,0,0,24
2025-09-25T15:38:53.250Z,60.6,21.1,1.924,49.6,0,59.9,0,0,0,0,0,0,0,0,24
2025-09-25T15:38:54.244Z,60.6,21.1,1.924,50.4,0,59.9,0,0,0,0,0,0,0,0,24
2025-09-25T15:38:55.247Z,60.6,21.1,1.924,49.6,0,59.9,0,0,0,0,0,0,0,0,24
2025-09-25T15:38:56.242Z,60.6,21.1,1.924,49.6,0,59.9,0,0,0,0,0,0,0,0,24
2025-09-25T15:38:57.243Z,60.6,21.1,1.924,50.4,0,59.9,0,0,0,0,0,0,0,0,24
2025-09-25T15:38:58.249Z,60.6,21.1,1.924,50.4,0,59.9,0,0,0,0,0,0,0,0,24
2025-09-25T15:38:59.252Z,60.6,21.1,1.924,49.6,0,59.9,0,0,0,0,0,0,0,0,24
2025-09-25T15:39:00.254Z,60.6,21.1,1.924,50.4,0,59.9,0,0,0,0,0,0,0,0,24
2025-09-25T15:39:01.253Z,60.6,21.1,1.924,49.6,0,59.9,0,0,0,0,0,0,0,0,24
2025-09-25T15:39:02.255Z,60.6,21.1,1.924,50.4,0,59.9,0,0,0,0,0,0,0,0,24
2025-09-25T15:39:03.255Z,60.6,21.1,1.924,49.6,0,59.9,0,0,0,0,0,0,0,0,24
2025-09-25T15:39:04.258Z,60.6,21.1,1.924,49.6,0,59.9,0,0,0,0,0,0,0,0,24
2025-09-25T15:39:05.259Z,60.6,21.1,1.924,50.4,0,59.9,0,0,0,0,0,0,0,0,24
2025-09-25T15:39:06.256Z,60.6,21.1,1.924,49.6,0,59.9,0,0,0,0,0,0,0,0,24
2025-09-25T15:39:07.258Z,60.6,21.1,1.924,49.6,0,59.9,0,0,0,0,0,0,0,0,24
2025-09-25T15:39:08.260Z,60.6,21.1,1.924,50.4,0,59.9,0,0,0,0,0,0,0,0,24
2025-09-25T15:39:09.264Z,60.7,21.1,1.924,50.4,0,59.9,0,0,0,0,0,0,0,0,24
2025-09-25T15:39:10.266Z,60.6,21.1,1.924,49.6,0,59.9,0,0,0,0,0,0,0,0,24
2025-09-25T15:39:11.261Z,60.7,21.1,1.924,50.4,0,59.9,0,0,0,0,0,0,0,0,24
2025-09-25T15:39:12.267Z,60.7,21.1,1.924,49.6,0,59.9,0,0,0,0,0,0,0,0,24
2025-09-25T15:39:13.262Z,60.7,21.1,1.924,50.4,0,59.9,0,0,0,0,0,0,0,0,24
2025-09-25T15:39:14.263Z,60.7,21.1,1.924,49.6,0,59.9,0,0,0,0,0,0,0,0,24
2025-09-25T15:39:15.264Z,60.7,21.1,1.924,49.6,0,59.9,0,0,0,0,0,0,0,0,24
2025-09-25T15:39:16.263Z,60.7,21.1,1.924,50.4,0,59.9,0,0,0,0,0,0,0,0,24
2025-09-25T15:39:17.270Z,60.7,21.1,1.924,49.6,0,59.9,0,0,0,0,0,0,0,0,24
2025-09-25T15:39:18.269Z,60.7,21.1,1.924,49.6,0,59.9,0,0,0,0,0,0,0,0,24
2025-09-25T15:39:19.260Z,60.7,21.1,1.923,50.4,0,59.9,0,0,0,0,0,0,0,0,24
2025-09-25T15:39:20.262Z,60.7,21.1,1.923,49.6,0,59.9,0,0,0,0,0,0,0,0,24
2025-09-25T15:39:21.270Z,60.7,21.1,1.924,50.4,0,59.9,0,0,0,0,0,0,0,0,24
2025-09-25T15:39:22.270Z,60.7,21.1,1.924,50.4,0,59.9,0,0,0,0,0,0,0,0,24
2025-09-25T15:39:23.272Z,60.7,21.1,1.924,49.6,0,59.9,0,0,0,0,0,0,0,0,24
2025-09-25T15:39:24.270Z,60.7,21.1,1.924,50.4,0,59.9,0,0,0,0,0,0,0,0,24
2025-09-25T15:39:25.274Z,60.7,21.1,1.924,49.6,0,59.9,0,0,0,0,0,0,0,0,24
2025-09-25T15:39:26.274Z,60.7,21.1,1.924,49.6,0,59.9,0,0,0,0,0,0,0,0,24
2025-09-25T15:39:27.273Z,60.7,21.1,1.923,50.4,0,59.9,0,0,0,0,0,0,0,0,24
2025-09-25T15:39:28.273Z,60.7,21.1,1.923,49.6,0,59.9,0,0,0,0,0,0,0,0,24
2025-09-25T15:39:29.275Z,60.7,21.1,1.923,49.6,0,59.9,0,0,0,0,0,0,0,0,24
2025-09-25T15:39:30.279Z,60.7,21.1,1.924,50.4,0,59.9,0,0,0,0,0,0,0,0,24
2025-09-25T15:39:31.279Z,60.7,21.1,1.923,49.6,0,59.9,0,0,0,0,0,0,0,0,24
2025-09-25T15:39:32.281Z,60.7,21.1,1.923,49.6,0,59.9,0,0,0,0,0,0,0,0,24
2025-09-25T15:39:33.286Z,60.7,21.1,1.924,50.4,0,59.9,0,0,0,0,0,0,0,0,24
2025-09-25T15:39:34.285Z,60.7,21.1,1.923,50.4,0,59.9,0,0,0,0,0,0,0,0,24
2025-09-25T15:39:35.280Z,60.7,21.1,1.923,49.6,0,59.9,0,0,0,0,0,0,0,0,24
2025-09-25T15:39:36.285Z,60.7,21.1,1.923,50.4,0,59.9,0,0,0,0,0,0,0,0,24
2025-09-25T15:39:37.282Z,60.7,21.1,1.923,49.6,0,59.9,0,0,0,0,0,0,0,0,24
2025-09-25T15:39:38.286Z,60.7,21.1,1.923,49.6,0,59.9,0,0,0,0,0,0,0,0,24
2025-09-25T15:39:39.292Z,60.7,21.1,1.924,50.4,0,59.9,0,0,0,0,0,0,0,0,24
2025-09-25T15:39:40.286Z,60.7,21.1,1.923,49.6,0,59.9,0,0,0,0,0,0,0,0,24
2025-09-25T15:39:41.287Z,60.7,21.1,1.923,49.6,0,59.9,0,0,0,0,0,0,0,0,24
2025-09-25T15:39:42.289Z,60.7,21.1,1.923,50.4,0,59.9,0,0,0,0,0,0,0,0,24
2025-09-25T15:39:43.289Z,60.7,21.1,1.923,50.4,0,59.9,0,0,0,0,0,0,0,0,24
2025-09-25T15:39:44.295Z,60.7,21.1,1.923,49.6,0,59.9,0,0,0,0,0,0,0,0,24
2025-09-25T15:39:45.292Z,60.7,21.1,1.923,50.4,0,59.9,0,0,0,0,0,0,0,0,24
2025-09-25T15:39:46.295Z,60.7,21.1,1.923,49.6,0,59.9,0,0,0,0,0,0,0,0,24
2025-09-25T15:39:47.297Z,60.7,21.1,1.924,49.6,0,59.9,0,0,0,0,0,0,0,0,24
2025-09-25T15:39:48.294Z,60.7,21.1,1.923,50.4,0,59.9,0,0,0,0,0,0,0,0,24
2025-09-25T15:39:49.299Z,60.7,21.1,1.924,50.4,0,59.9,0,0,0,0,0,0,0,0,24
2025-09-25T15:39:50.300Z,60.7,21.1,1.923,49.6,0,59.9,0,0,0,0,0,0,0,0,24
2025-09-25T15:39:51.295Z,60.7,21.1,1.923,50.4,0,59.9,0,0,0,0,0,0,0,0,24
2025-09-25T15:39:52.306Z,60.7,21.1,1.924,49.6,0,59.9,0,0,0,0,0,0,0,0,24
2025-09-25T15:39:53.299Z,60.7,21.1,1.923,49.6,0,59.9,0,0,0,0,0,0,0,0,24
2025-09-25T15:39:54.299Z,60.7,21.1,1.923,50.4,0,59.9,0,0,0,0,0,0,0,0,24
2025-09-25T15:39:55.297Z,60.7,21.1,1.923,50.4,0,59.9,0,0,0,0,0,0,0,0,24
2025-09-25T15:39:56.298Z,60.7,21.1,1.923,49.6,0,59.9,0,0,0,0,0,0,0,0,24
2025-09-25T15:39:57.297Z,60.7,21.1,1.923,50.4,0,59.9,0,0,0,0,0,0,0,0,24
2025-09-25T15:39:58.301Z,60.7,21.1,1.923,49.6,0,59.9,0,0,0,0,0,0,0,0,24
2025-09-25T15:39:59.300Z,60.7,21.1,1.923,49.6,0,59.9,0,0,0,0,0,0,0,0,24
2025-09-25T15:40:00.300Z,60.7,21.1,1.923,50.4,0,59.9,0,0,0,0,0,0,0,0,24
2025-09-25T15:40:01.301Z,60.7,21.1,1.923,49.6,0,59.9,0,0,0,0,0,0,0,0,24
2025-09-25T15:40:02.304Z,60.7,21.1,1.923,49.6,0,59.9,0,0,0,0,0,0,0,0,24
2025-09-25T15:40:03.302Z,60.7,21.1,1.924,50.4,0,59.9,0,0,0,0,0,0,0,0,24
2025-09-25T15:40:04.311Z,60.7,21.1,1.923,49.6,0,59.9,0,0,0,0,0,0,0,0,24
2025-09-25T15:40:05.312Z,60.7,21.1,1.923,49.6,0,59.9,0,0,0,0,0,0,0,0,24
2025-09-25T15:40:06.305Z,60.7,21.1,1.924,50.4,0,59.9,0,0,0,0,0,0,0,0,24
2025-09-25T15:40:07.306Z,60.7,21.1,1.924,50.4,0,59.9,0,0,0,0,0,0,0,0,24
2025-09-25T15:40:08.311Z,60.7,21.1,1.923,49.6,0,59.9,0,0,0,0,0,0,0,0,24
2025-09-25T15:40:09.315Z,60.7,21.1,1.923,50.4,0,59.9,0,0,0,0,0,0,0,0,24
2025-09-25T15:40:10.317Z,60.7,21.1,1.923,50.4,0,59.9,0,0,0,0,0,0,0,0,24
2025-09-25T15:40:11.318Z,60.7,21.1,1.923,49.6,0,59.9,0,0,0,0,0,0,0,0,24
2025-09-25T15:40:12.315Z,60.7,21.1,1.923,50.4,0,59.9,0,0,0,0,0,0,0,0,24
2025-09-25T15:40:13.318Z,60.7,21.1,1.923,49.6,0,59.9,0,0,0,0,0,0,0,0,24
2025-09-25T15:40:14.318Z,60.7,21.1,1.923,49.6,0,59.9,0,0,0,0,0,0,0,0,24
2025-09-25T15:40:15.321Z,60.7,21.1,1.923,50.4,0,59.9,0,0,0,0,0,0,0,0,24
2025-09-25T15:40:16.321Z,60.7,21.1,1.923,49.6,0,59.9,0,0,0,0,0,0,0,0,24
2025-09-25T15:40:17.320Z,60.7,21.1,1.923,49.6,0,59.9,0,0,0,0,0,0,0,0,24
2025-09-25T15:40:18.320Z,60.7,21.1,1.923,50.4,0,59.9,0,0,0,0,0,0,0,0,24
2025-09-25T15:40:19.316Z,60.7,21.1,1.924,49.6,0,59.9,0,0,0,0,0,0,0,0,24
2025-09-25T15:40:20.322Z,60.7,21.1,1.923,49.6,0,59.9,0,0,0,0,0,0,0,0,24
2025-09-25T15:40:21.323Z,60.7,21.1,1.923,50.4,0,59.9,0,0,0,0,0,0,0,0,24
2025-09-25T15:40:22.326Z,60.7,21.1,1.923,49.6,0,59.9,0,0,0,0,0,0,0,0,24
2025-09-25T15:40:23.325Z,60.7,21.1,1.923,49.6,0,59.9,0,0,0,0,0,0,0,0,24
2025-09-25T15:40:24.327Z,60.7,21.1,1.923,50.4,0,59.9,0,0,0,0,0,0,0,0,24
2025-09-25T15:40:25.328Z,60.7,21.1,1.923,50.4,0,59.9,0,0,0,0,0,0,0,0,24
2025-09-25T15:40:26.327Z,60.7,21.1,1.923,49.6,0,59.9,0,0,0,0,0,0,0,0,24
2025-09-25T15:40:27.332Z,60.7,21.1,1.923,50.4,0,59.9,0,0,0,0,0,0,0,0,24
2025-09-25T15:40:28.333Z,60.7,21.1,1.923,49.6,0,59.9,0,0,0,0,0,0,0,0,24
2025-09-25T15:40:29.332Z,60.7,21.1,1.923,50.4,0,59.9,0,0,0,0,0,0,0,0,24
2025-09-25T15:40:30.327Z,60.7,21.1,1.924,50.4,0,59.9,0,0,0,0,0,0,0,0,24
2025-09-25T15:40:31.334Z,60.7,21.1,1.923,49.6,0,59.9,0,0,0,0,0,0,0,0,24
2025-09-25T15:40:32.336Z,60.7,21.1,1.923,50.4,0,59.9,0,0,0,0,0,0,0,0,24
2025-09-25T15:40:33.334Z,60.7,21.1,1.924,50.4,0,59.9,0,0,0,0,0,0,0,0,24
2025-09-25T15:40:34.333Z,60.7,21.1,1.924,49.6,0,59.9,0,0,0,0,0,0,0,0,24
2025-09-25T15:40:35.337Z,60.7,21.1,1.923,49.6,0,59.9,0,0,0,0,0,0,0,0,24
2025-09-25T15:40:36.335Z,60.7,21.1,1.924,49.6,0,59.9,0,0,0,0,0,0,0,0,24
2025-09-25T15:40:37.336Z,60.7,21.1,1.924,50.4,0,59.9,0,0,0,0,0,0,0,0,24
2025-09-25T15:40:38.339Z,60.7,21.1,1.924,50.4,0,59.9,0,0,0,0,0,0,0,0,24
2025-09-25T15:40:39.339Z,60.7,21.1,1.924,49.6,0,59.9,0,0,0,0,0,0,0,0,24
2025-09-25T15:40:40.338Z,60.7,21.1,1.924,49.6,0,59.9,0,0,0,0,0,0,0,0,24
2025-09-25T15:40:41.343Z,60.7,21.1,1.923,49.6,0,59.9,0,0,0,0,0,0,0,0,24
2025-09-25T15:40:42.340Z,60.6,21.1,1.924,50.4,0,59.9,0,0,0,0,0,0,0,0,24
2025-09-25T15:40:43.341Z,60.6,21.1,1.924,50.4,0,59.9,0,0,0,0,0,0,0,0,24
2025-09-25T15:40:44.343Z,60.6,21.1,1.924,49.6,0,59.9,0,0,0,0,0,0,0,0,24
2025-09-25T15:40:45.338Z,60.6,21.1,1.924,50.4,0,59.9,0,0,0,0,0,0,0,0,24
2025-09-25T15:40:46.336Z,60.6,21.1,1.924,49.6,0,59.9,0,0,0,0,0,0,0,0,24
2025-09-25T15:40:47.337Z,60.6,21.1,1.924,49.6,0,59.9,0,0,0,0,0,0,0,0,24
2025-09-25T15:40:48.339Z,60.6,21.1,1.924,50.4,0,59.9,0,0,0,0,0,0,0,0,24
2025-09-25T15:40:49.341Z,60.6,21.1,1.924,49.6,0,59.9,0,0,0,0,0,0,0,0,24
2025-09-25T15:40:50.340Z,60.6,21.1,1.924,49.6,0,59.9,0,0,0,0,0,0,0,0,24
2025-09-25T15:40:51.342Z,60.6,21.1,1.924,50.4,0,59.9,0,0,0,0,0,0,0,0,24
2025-09-25T15:40:52.344Z,60.6,21.1,1.924,49.6,0,59.9,0,0,0,0,0,0,0,0,24
2025-09-25T15:40:53.341Z,60.6,21.1,1.923,49.6,0,59.9,0,0,0,0,0,0,0,0,24
2025-09-25T15:40:54.341Z,60.6,21.1,1.923,50.4,0,59.9,0,0,0,0,0,0,0,0,24
2025-09-25T15:40:55.355Z,60.6,21.1,1.924,49.6,0,59.9,0,0,0,0,0,0,0,0,24
2025-09-25T15:40:56.350Z,60.6,21.1,1.924,49.6,0,59.9,0,0,0,0,0,0,0,0,24
2025-09-25T15:40:57.354Z,60.6,21.1,1.924,50.4,0,59.9,0,0,0,0,0,0,0,0,24
2025-09-25T15:40:58.353Z,60.6,21.1,1.924,50.4,0,59.9,0,0,0,0,0,0,0,0,24
2025-09-25T15:40:59.357Z,60.6,21.1,1.924,49.6,0,59.9,0,0,0,0,0,0,0,0,24
2025-09-25T15:41:00.353Z,60.6,21.1,1.924,50.4,0,59.9,0,0,0,0,0,0,0,0,24
2025-09-25T15:41:01.356Z,60.6,21.1,1.925,50.4,0,59.9,0,0,0,0,0,0,0,0,24
2025-09-25T15:41:02.358Z,60.6,21.1,1.924,49.6,0,59.9,0,0,0,0,0,0,0,0,24
2025-09-25T15:41:03.360Z,60.6,21.1,1.924,50.4,0,59.9,0,0,0,0,0,0,0,0,24
2025-09-25T15:41:04.365Z,60.6,21.1,1.924,49.6,0,59.9,0,0,0,0,0,0,0,0,24
2025-09-25T15:41:05.359Z,60.6,21.1,1.924,50.4,0,59.9,0,0,0,0,0,0,0,0,24
2025-09-25T15:41:06.367Z,60.6,21.1,1.924,50.4,0,59.9,0,0,0,0,0,0,0,0,24
2025-09-25T15:41:07.366Z,60.6,21.1,1.924,49.6,0,59.9,0,0,0,0,0,0,0,0,24
2025-09-25T15:41:08.368Z,60.6,21.1,1.924,50.4,0,59.9,0,0,0,0,0,0,0,0,24
2025-09-25T15:41:09.366Z,60.6,21.1,1.925,49.6,0,59.9,0,0,0,0,0,0,0,0,24
2025-09-25T15:41:10.366Z,60.6,21.1,1.924,50.4,0,59.9,0,0,0,0,0,0,0,0,24
2025-09-25T15:41:11.364Z,60.6,21.1,1.924,49.6,0,59.9,0,0,0,0,0,0,0,0,24
2025-09-25T15:41:12.370Z,60.6,21.1,1.925,50.4,0,59.9,0,0,0,0,0,0,0,0,24
2025-09-25T15:41:13.369Z,60.6,21.1,1.924,49.6,0,59.9,0,0,0,0,0,0,0,0,24
2025-09-25T15:41:14.374Z,60.6,21.1,1.924,49.6,0,59.9,0,0,0,0,0,0,0,0,24
2025-09-25T15:41:15.376Z,60.6,21.1,1.924,50.4,0,59.9,0,0,0,0,0,0,0,0,24
2025-09-25T15:41:16.372Z,60.6,21.1,1.925,49.6,0,59.9,0,0,0,0,0,0,0,0,24
2025-09-25T15:41:17.369Z,60.6,21.1,1.924,49.6,0,59.9,0,0,0,0,0,0,0,0,24
2025-09-25T15:41:18.365Z,60.6,21.1,1.923,50.4,0,59.9,0,0,0,0,0,0,0,0,24
2025-09-25T15:41:19.367Z,60.6,21.1,1.924,49.6,0,59.9,0,0,0,0,0,0,0,0,24
2025-09-25T15:41:20.367Z,60.5,21.1,1.923,50.4,0,59.9,0,0,0,0,0,0,0,0,24
2025-09-25T15:41:21.370Z,60.5,21.1,1.924,50.4,0,59.9,0,0,0,0,0,0,0,0,24
2025-09-25T15:41:22.373Z,60.5,21.1,1.923,49.6,0,59.9,0,0,0,0,0,0,0,0,24
2025-09-25T15:41:23.377Z,60.5,21.1,1.925,50.4,0,59.9,0,0,0,0,0,0,0,0,24
2025-09-25T15:41:24.377Z,60.5,21.1,1.924,49.6,0,59.9,0,0,0,0,0,0,0,0,24
2025-09-25T15:41:25.381Z,60.5,21.1,1.925,49.6,0,59.9,0,0,0,0,0,0,0,0,24
2025-09-25T15:41:26.383Z,60.5,21.1,1.925,50.4,0,59.9,0,0,0,0,0,0,0,0,24
2025-09-25T15:41:27.386Z,60.5,21.1,1.925,49.6,0,59.9,0,0,0,0,0,0,0,0,24
2025-09-25T15:41:28.382Z,60.5,21.1,1.924,49.6,0,59.9,0,0,0,0,0,0,0,0,24
2025-09-25T15:41:29.385Z,60.5,21.1,1.925,50.4,0,59.9,0,0,0,0,0,0,0,0,24
2025-09-25T15:41:30.385Z,60.5,21.1,1.925,49.6,0,59.9,0,0,0,0,0,0,0,0,24
2025-09-25T15:41:31.385Z,60.5,21.1,1.925,49.6,0,59.9,0,0,0,0,0,0,0,0,24
2025-09-25T15:41:32.385Z,60.5,21.1,1.924,50.4,0,59.9,0,0,0,0,0,0,0,0,24
2025-09-25T15:41:33.387Z,60.5,21.1,1.925,50.4,0,59.9,0,0,0,0,0,0,0,0,24
2025-09-25T15:41:34.392Z,60.5,21.1,1.925,49.6,0,59.9,0,0,0,0,0,0,0,0,24
2025-09-25T15:41:35.389Z,60.5,21.1,1.925,50.4,0,59.9,0,0,0,0,0,0,0,0,24
2025-09-25T15:41:36.384Z,60.5,21.1,1.924,50.4,0,59.9,0,0,0,0,0,0,0,0,24
2025-09-25T15:41:37.384Z,60.5,21.1,1.924,49.6,0,59.9,0,0,0,0,0,0,0,0,24
2025-09-25T15:41:38.392Z,60.5,21.1,1.924,50.4,0,59.9,0,0,0,0,0,0,0,0,24
2025-09-25T15:41:39.393Z,60.5,21.1,1.925,49.6,0,59.9,0,0,0,0,0,0,0,0,24
2025-09-25T15:41:40.392Z,60.5,21.1,1.924,50.4,0,59.9,0,0,0,0,0,0,0,0,24
2025-09-25T15:41:41.392Z,60.5,21.1,1.924,49.6,0,59.9,0,0,0,0,0,0,0,0,24
2025-09-25T15:41:42.398Z,60.5,21.1,1.925,50.4,0,59.9,0,0,0,0,0,0,0,0,24
2025-09-25T15:41:43.395Z,60.5,21.1,1.924,50.4,0,59.9,0,0,0,0,0,0,0,0,24
2025-09-25T15:41:44.402Z,60.5,21.1,1.925,49.6,0,59.9,0,0,0,0,0,0,0,0,24
2025-09-25T15:41:45.399Z,60.5,21.1,1.925,50.4,0,59.9,0,0,0,0,0,0,0,0,24
2025-09-25T15:41:46.398Z,60.5,21.1,1.924,49.6,0,59.9,0,0,0,0,0,0,0,0,24
2025-09-25T15:41:47.399Z,60.4,21.1,1.924,50.4,0,59.9,0,0,0,0,0,0,0,0,24
2025-09-25T15:41:48.395Z,60.5,21.1,1.924,49.6,0,59.9,0,0,0,0,0,0,0,0,24
2025-09-25T15:41:49.394Z,60.5,21.1,1.924,50.4,0,59.9,0,0,0,0,0,0,0,0,24
2025-09-25T15:41:50.403Z,60.5,21.1,1.924,49.6,0,59.9,0,0,0,0,0,0,0,0,24
2025-09-25T15:41:51.400Z,60.5,21.1,1.924,50.4,0,59.9,0,0,0,0,0,0,0,0,24
2025-09-25T15:41:52.406Z,60.4,21.1,1.925,49.6,0,59.9,0,0,0,0,0,0,0,0,24
2025-09-25T15:41:53.407Z,60.4,21.1,1.924,49.6,0,59.9,0,0,0,0,0,0,0,0,24
2025-09-25T15:41:54.408Z,60.4,21.1,1.925,50.4,0,59.9,0,0,0,0,0,0,0,0,24
2025-09-25T15:41:55.410Z,60.4,21.1,1.925,49.6,0,59.9,0,0,0,0,0,0,0,0,24
2025-09-25T15:41:56.405Z,60.4,21.1,1.925,50.4,0,59.9,0,0,0,0,0,0,0,0,24
2025-09-25T15:41:57.400Z,60.4,21.1,1.925,49.6,0,59.9,0,0,0,0,0,0,0,0,24
2025-09-25T15:41:58.405Z,60.4,21.1,1.925,50.4,0,59.9,0,0,0,0,0,0,0,0,24
2025-09-25T15:41:59.406Z,60.4,21.1,1.924,50.4,0,59.9,0,0,0,0,0,0,0,0,24
2025-09-25T15:42:00.405Z,60.4,21.1,1.925,49.6,0,59.9,0,0,0,0,0,0,0,0,24
2025-09-25T15:42:01.411Z,60.4,21.1,1.925,50.4,0,59.9,0,0,0,0,0,0,0,0,24
2025-09-25T15:42:02.411Z,60.4,21.1,1.925,49.6,0,59.9,0,0,0,0,0,0,0,0,24
2025-09-25T15:42:03.415Z,60.4,21.1,1.925,49.6,0,59.9,0,0,0,0,0,0,0,0,24
2025-09-25T15:42:04.415Z,60.4,21.1,1.925,49.6,0,59.9,0,0,0,0,0,0,0,0,24
2025-09-25T15:42:05.418Z,60.4,21.1,1.925,50.4,0,59.9,0,0,0,0,0,0,0,0,24
2025-09-25T15:42:06.419Z,60.4,21.1,1.925,49.6,0,59.9,0,0,0,0,0,0,0,0,24
2025-09-25T15:42:07.421Z,60.4,21.1,1.925,49.6,0,59.9,0,0,0,0,0,0,0,0,24
2025-09-25T15:42:08.417Z,60.4,21.1,1.925,50.4,0,59.9,0,0,0,0,0,0,0,0,24
2025-09-25T15:42:09.419Z,60.4,21.1,1.925,49.6,0,59.9,0,0,0,0,0,0,0,0,24
2025-09-25T15:42:10.414Z,60.4,21.1,1.926,50.4,0,59.9,0,0,0,0,0,0,0,0,24
2025-09-25T15:42:11.412Z,60.4,21.1,1.926,49.6,0,59.9,0,0,0,0,0,0,0,0,24
2025-09-25T15:42:12.423Z,60.4,21.1,1.925,49.6,0,59.9,0,0,0,0,0,0,0,0,24
2025-09-25T15:42:13.424Z,60.4,21.1,1.925,50.4,0,59.9,0,0,0,0,0,0,0,0,24
2025-09-25T15:42:14.423Z,60.4,21.1,1.925,49.6,0,59.9,0,0,0,0,0,0,0,0,24
2025-09-25T15:42:15.423Z,60.4,21.1,1.925,49.6,0,59.9,0,0,0,0,0,0,0,0,24
2025-09-25T15:42:16.421Z,60.4,21.1,1.925,50.4,0,59.9,0,0,0,0,0,0,0,0,24
2025-09-25T15:42:17.426Z,60.4,21.1,1.925,49.6,0,59.9,0,0,0,0,0,0,0,0,24
2025-09-25T15:42:18.422Z,60.4,21.1,1.925,50.4,0,59.9,0,0,0,0,0,0,0,0,24
2025-09-25T15:42:19.427Z,60.4,21.1,1.925,49.6,0,59.9,0,0,0,0,0,0,0,0,24
2025-09-25T15:42:20.428Z,60.4,21.1,1.925,49.6,0,59.9,0,0,0,0,0,0,0,0,24
2025-09-25T15:42:21.429Z,60.4,21.1,1.925,50.4,0,59.9,0,0,0,0,0,0,0,0,24
2025-09-25T15:42:22.428Z,60.3,21.1,1.925,49.6,0,59.9,0,0,0,0,0,0,0,0,24
2025-09-25T15:42:23.431Z,60.3,21.1,1.925,49.6,0,59.9,0,0,0,0,0,0,0,0,24
2025-09-25T15:42:24.430Z,60.3,21.1,1.925,50.4,0,59.9,0,0,0,0,0,0,0,0,24
2025-09-25T15:42:25.435Z,60.3,21.1,1.925,49.6,0,59.9,0,0,0,0,0,0,0,0,24
2025-09-25T15:42:26.435Z,60.3,21.1,1.925,49.6,0,59.9,0,0,0,0,0,0,0,0,24
2025-09-25T15:42:27.437Z,60.3,21.1,1.925,50.4,0,59.9,0,0,0,0,0,0,0,0,24
2025-09-25T15:42:28.439Z,60.3,21.1,1.925,50.4,0,59.9,0,0,0,0,0,0,0,0,24
2025-09-25T15:42:29.441Z,60.3,21.1,1.925,49.6,0,59.9,0,0,0,0,0,0,0,0,24
2025-09-25T15:42:30.441Z,60.3,21.1,1.925,50.4,0,59.9,0,0,0,0,0,0,0,0,24
2025-09-25T15:42:31.443Z,60.3,21.1,1.925,50.4,0,59.9,0,0,0,0,0,0,0,0,24
2025-09-25T15:42:32.447Z,60.3,21.1,1.925,49.6,0,59.9,0,0,0,0,0,0,0,0,24
2025-09-25T15:42:33.438Z,60.3,21.1,1.925,50.4,0,59.9,0,0,0,0,0,0,0,0,24
2025-09-25T15:42:34.446Z,60.3,21.1,1.925,49.6,0,59.9,0,0,0,0,0,0,0,0,24
2025-09-25T15:42:35.441Z,60.3,21.1,1.925,49.6,0,59.9,0,0,0,0,0,0,0,0,24
2025-09-25T15:42:36.437Z,60.3,21.1,1.926,50.4,0,59.9,0,0,0,0,0,0,0,0,24
2025-09-25T15:42:37.446Z,60.3,21.1,1.925,49.6,0,59.9,0,0,0,0,0,0,0,0,24
2025-09-25T15:42:38.444Z,60.3,21.1,1.926,49.6,0,59.9,0,0,0,0,0,0,0,0,24
2025-09-25T15:42:39.449Z,60.3,21.1,1.925,50.4,0,59.9,0,0,0,0,0,0,0,0,24
2025-09-25T15:42:40.450Z,60.3,21.1,1.926,50.4,0,59.9,0,0,0,0,0,0,0,0,24
2025-09-25T15:42:41.448Z,60.3,21.1,1.925,49.6,0,59.9,0,0,0,0,0,0,0,0,24
2025-09-25T15:42:42.450Z,60.3,21.1,1.925,50.4,0,59.9,0,0,0,0,0,0,0,0,24
2025-09-25T15:42:43.452Z,60.3,21.1,1.925,49.6,0,59.9,0,0,0,0,0,0,0,0,24
2025-09-25T15:42:44.448Z,60.3,21.1,1.926,50.4,0,59.9,0,0,0,0,0,0,0,0,24
2025-09-25T15:42:45.451Z,60.3,21.1,1.926,49.6,0,59.9,0,0,0,0,0,0,0,0,24
2025-09-25T15:42:46.457Z,60.3,21.1,1.925,49.6,0,59.9,0,0,0,0,0,0,0,0,24
2025-09-25T15:42:47.447Z,60.3,21.1,1.926,50.4,0,59.9,0,0,0,0,0,0,0,0,24
2025-09-25T15:42:48.449Z,60.3,21.1,1.926,49.6,0,59.9,0,0,0,0,0,0,0,0,24
2025-09-25T15:42:49.449Z,60.3,21.1,1.926,49.6,0,59.9,0,0,0,0,0,0,0,0,24
2025-09-25T15:42:50.448Z,60.3,21.1,1.926,50.4,0,59.9,0,0,0,0,0,0,0,0,24
2025-09-25T15:42:51.451Z,60.3,21.1,1.926,49.6,0,59.9,0,0,0,0,0,0,0,0,24
2025-09-25T15:42:52.457Z,60.3,21.1,1.926,49.6,0,59.9,0,0,0,0,0,0,0,0,24
2025-09-25T15:42:53.456Z,60.2,21.1,1.926,50.4,0,59.9,0,0,0,0,0,0,0,0,24
2025-09-25T15:42:54.461Z,60.2,21.1,1.926,49.6,0,59.9,0,0,0,0,0,0,0,0,24
2025-09-25T15:42:55.463Z,60.2,21.1,1.926,49.6,0,59.9,0,0,0,0,0,0,0,0,24
2025-09-25T15:42:56.457Z,60.2,21.1,1.926,50.4,0,59.9,0,0,0,0,0,0,0,0,24
2025-09-25T15:42:57.467Z,60.2,21.1,1.926,49.6,0,59.9,0,0,0,0,0,0,0,0,24
2025-09-25T15:42:58.464Z,60.2,21.1,1.926,49.6,0,59.9,0,0,0,0,0,0,0,0,24
2025-09-25T15:42:59.468Z,60.2,21.1,1.926,50.4,0,59.9,0,0,0,0,0,0,0,0,24
2025-09-25T15:43:00.471Z,60.2,21.1,1.926,50.4,0,59.9,0,0,0,0,0,0,0,0,24
2025-09-25T15:43:01.463Z,60.2,21.1,1.926,49.6,0,59.9,0,0,0,0,0,0,0,0,24
2025-09-25T15:43:02.462Z,60.2,21.1,1.926,50.4,0,59.9,0,0,0,0,0,0,0,0,24
2025-09-25T15:43:03.464Z,60.2,21.1,1.926,50.4,0,59.9,0,0,0,0,0,0,0,0,24
2025-09-25T15:43:04.462Z,60.2,21.1,1.926,49.6,0,59.9,0,0,0,0,0,0,0,0,24
2025-09-25T15:43:05.466Z,60.2,21.1,1.927,50.4,0,59.9,0,0,0,0,0,0,0,0,24
2025-09-25T15:43:06.470Z,60.2,21.1,1.926,50.4,0,59.9,0,0,0,0,0,0,0,0,24
2025-09-25T15:43:07.472Z,60.2,21.1,1.927,49.6,0,59.9,0,0,0,0,0,0,0,0,24
2025-09-25T15:43:08.471Z,60.2,21.1,1.927,50.4,0,59.9,0,0,0,0,0,0,0,0,24
2025-09-25T15:43:09.477Z,60.2,21.1,1.927,49.6,0,59.9,0,0,0,0,0,0,0,0,24
2025-09-25T15:43:10.473Z,60.2,21.1,1.927,50.4,0,59.9,0,0,0,0,0,0,0,0,24
2025-09-25T15:43:11.479Z,60.2,21.1,1.926,50.4,0,59.9,0,0,0,0,0,0,0,0,24
2025-09-25T15:43:12.476Z,60.2,21.1,1.927,49.6,0,59.9,0,0,0,0,0,0,0,0,24
2025-09-25T15:43:13.470Z,60.2,21.1,1.927,50.4,0,59.9,0,0,0,0,0,0,0,0,24
2025-09-25T15:43:14.477Z,60.2,21.1,1.927,49.6,0,59.9,0,0,0,0,0,0,0,0,24
2025-09-25T15:43:15.479Z,60.2,21.1,1.927,50.4,0,59.9,0,0,0,0,0,0,0,0,24
2025-09-25T15:43:16.481Z,60.2,21.1,1.927,49.6,0,59.9,0,0,0,0,0,0,0,0,24
2025-09-25T15:43:17.473Z,60.2,21.1,1.927,50.4,0,59.9,0,0,0,0,0,0,0,0,24
2025-09-25T15:43:18.475Z,60.1,21.1,1.927,50.4,0,59.9,0,0,0,0,0,0,0,0,24
2025-09-25T15:43:19.487Z,60.2,21.1,1.926,49.6,0,59.9,0,0,0,0,0,0,0,0,24
2025-09-25T15:43:20.479Z,60.2,21.1,1.927,49.6,0,59.9,0,0,0,0,0,0,0,0,24
2025-09-25T15:43:21.484Z,60.1,21.1,1.927,49.6,0,59.9,0,0,0,0,0,0,0,0,24
2025-09-25T15:43:22.483Z,60.1,21.1,1.927,50.4,0,59.9,0,0,0,0,0,0,0,0,24
2025-09-25T15:43:23.488Z,60.1,21.1,1.927,50.4,0,59.9,0,0,0,0,0,0,0,0,24
2025-09-25T15:43:24.485Z,60.1,21.1,1.927,49.6,0,59.9,0,0,0,0,0,0,0,0,24
2025-09-25T15:43:25.489Z,60.1,21.1,1.927,50.4,0,59.9,0,0,0,0,0,0,0,0,24
2025-09-25T15:43:26.488Z,60.1,21.1,1.927,49.6,0,59.9,0,0,0,0,0,0,0,0,24
2025-09-25T15:43:27.487Z,60.1,21.1,1.927,50.4,0,59.9,0,0,0,0,0,0,0,0,24
2025-09-25T15:43:28.491Z,60.1,21.1,1.927,49.6,0,59.9,0,0,0,0,0,0,0,0,24
2025-09-25T15:43:29.484Z,60.1,21.1,1.926,50.4,0,59.9,0,0,0,0,0,0,0,0,24
2025-09-25T15:43:30.494Z,60.1,21.1,1.927,49.6,0,59.9,0,0,0,0,0,0,0,0,24
2025-09-25T15:43:31.494Z,60.1,21.1,1.927,50.4,0,59.9,0,0,0,0,0,0,0,0,24
2025-09-25T15:43:32.494Z,60.1,21.1,1.927,49.6,0,59.9,0,0,0,0,0,0,0,0,24
2025-09-25T15:43:33.493Z,60.1,21.1,1.927,50.4,0,59.9,0,0,0,0,0,0,0,0,24
2025-09-25T15:43:34.496Z,60.1,21.1,1.927,49.6,0,59.9,0,0,0,0,0,0,0,0,24
2025-09-25T15:43:35.496Z,60.1,21.1,1.927,50.4,0,60,0,0,0,0,0,0,0,0,24
2025-09-25T15:43:36.496Z,60.1,21.1,1.927,50.4,0,59.9,0,0,0,0,0,0,0,0,24
2025-09-25T15:43:37.500Z,60.1,21.1,1.927,49.6,0,60,0,0,0,0,0,0,0,0,24
2025-09-25T15:43:38.500Z,60.1,21.1,1.927,49.6,0,59.9,0,0,0,0,0,0,0,0,24
2025-09-25T15:43:39.501Z,60.1,21.1,1.927,49.6,0,59.9,0,0,0,0,0,0,0,0,24
2025-09-25T15:43:40.497Z,60.1,21.1,1.927,50.4,0,59.9,0,0,0,0,0,0,0,0,24
2025-09-25T15:43:41.503Z,60.1,21.1,1.927,49.6,0,59.9,0,0,0,0,0,0,0,0,24
2025-09-25T15:43:42.502Z,60.1,21.1,1.927,50.4,0,60,0,0,0,0,0,0,0,0,24
2025-09-25T15:43:43.500Z,60.1,21.1,1.927,50.4,0,60,0,0,0,0,0,0,0,0,24
2025-09-25T15:43:44.504Z,60.1,21.1,1.927,49.6,0,60,0,0,0,0,0,0,0,0,24
2025-09-25T15:43:45.502Z,60.1,21.1,1.927,50.4,0,60,0,0,0,0,0,0,0,0,24
2025-09-25T15:43:46.506Z,60.1,21.1,1.927,49.6,0,59.9,0,0,0,0,0,0,0,0,24
2025-09-25T15:43:47.506Z,60.1,21.1,1.927,50.4,0,60,0,0,0,0,0,0,0,0,24
2025-09-25T15:43:48.507Z,60.1,21.1,1.927,49.6,0,60,0,0,0,0,0,0,0,0,24
2025-09-25T15:43:49.507Z,60.1,21.1,1.927,50.4,0,60,0,0,0,0,0,0,0,0,24
2025-09-25T15:43:50.510Z,60.1,21.1,1.927,49.6,0,60,0,0,0,0,0,0,0,0,24
2025-09-25T15:43:51.508Z,60.1,21.1,1.927,49.6,0,59.9,0,0,0,0,0,0,0,0,24
2025-09-25T15:43:52.508Z,60.1,21.1,1.927,49.6,0,59.9,0,0,0,0,0,0,0,0,24
2025-09-25T15:43:53.508Z,60.1,21.1,1.926,50.4,0,59.9,0,0,0,0,0,0,0,0,24
2025-09-25T15:43:54.514Z,60.1,21.1,1.927,49.6,0,60,0,0,0,0,0,0,0,0,24
2025-09-25T15:43:55.513Z,60.1,21.1,1.927,49.6,0,60,0,0,0,0,0,0,0,0,24
2025-09-25T15:43:56.514Z,60.1,21.1,1.927,50.4,0,60,0,0,0,0,0,0,0,0,24
2025-09-25T15:43:57.514Z,60.1,21.1,1.927,49.6,0,60,0,0,0,0,0,0,0,0,24
2025-09-25T15:43:58.518Z,60.1,21.1,1.927,50.4,0,60,0,0,0,0,0,0,0,0,24
2025-09-25T15:43:59.514Z,60.1,21.1,1.926,49.6,0,60,0,0,0,0,0,0,0,0,24
2025-09-25T15:44:00.517Z,60.1,21.1,1.927,49.6,0,60,0,0,0,0,0,0,0,0,24
2025-09-25T15:44:01.516Z,60.1,21.1,1.926,50.4,0,60,0,0,0,0,0,0,0,0,24
2025-09-25T15:44:02.517Z,60,21.1,1.927,49.6,0,60,0,0,0,0,0,0,0,0,24
2025-09-25T15:44:03.519Z,60,21.1,1.927,49.6,0,60,0,0,0,0,0,0,0,0,24
2025-09-25T15:44:04.521Z,60,21.1,1.927,50.4,0,60,0,0,0,0,0,0,0,0,24
2025-09-25T15:44:05.516Z,60,21.1,1.926,49.6,0,60,0,0,0,0,0,0,0,0,24
2025-09-25T15:44:06.527Z,60,21.1,1.927,50.4,0,60,0,0,0,0,0,0,0,0,24
2025-09-25T15:44:07.526Z,60,21.1,1.927,50.4,0,60,0,0,0,0,0,0,0,0,24
2025-09-25T15:44:08.527Z,60,21.1,1.927,49.6,0,60,0,0,0,0,0,0,0,0,24
2025-09-25T15:44:09.525Z,60,21.1,1.928,50.4,0,60,0,0,0,0,0,0,0,0,24
2025-09-25T15:44:10.529Z,60,21.1,1.927,49.6,0,60,0,0,0,0,0,0,0,0,24
2025-09-25T15:44:11.525Z,60,21.1,1.927,50.4,0,60,0,0,0,0,0,0,0,0,24
2025-09-25T15:44:12.525Z,60,21.1,1.926,49.6,0,60,0,0,0,0,0,0,0,0,24
2025-09-25T15:44:13.529Z,60,21.1,1.927,50.4,0,60,0,0,0,0,0,0,0,0,24
2025-09-25T15:44:14.528Z,60,21.1,1.927,50.4,0,60,0,0,0,0,0,0,0,0,24
2025-09-25T15:44:15.529Z,60,21.1,1.927,49.6,0,60,0,0,0,0,0,0,0,0,24
2025-09-25T15:44:16.535Z,60,21.1,1.927,50.4,0,60,0,0,0,0,0,0,0,0,24
2025-09-25T15:44:17.532Z,60,21.1,1.928,49.6,0,60,0,0,0,0,0,0,0,0,24
2025-09-25T15:44:18.532Z,60,21.1,1.928,50.4,0,60,0,0,0,0,0,0,0,0,24
2025-09-25T15:44:19.533Z,60,21.1,1.928,49.6,0,60,0,0,0,0,0,0,0,0,24
2025-09-25T15:44:20.532Z,60,21.1,1.928,50.4,0,60,0,0,0,0,0,0,0,0,24
2025-09-25T15:44:21.534Z,60,21.1,1.928,49.6,0,60,0,0,0,0,0,0,0,0,24
2025-09-25T15:44:22.539Z,60,21.1,1.928,50.4,0,60,0,0,0,0,0,0,0,0,24
2025-09-25T15:44:23.540Z,60,21.1,1.928,49.6,0,60,0,0,0,0,0,0,0,0,24
2025-09-25T15:44:24.532Z,60,21.1,1.927,50.4,0,60,0,0,0,0,0,0,0,0,24
2025-09-25T15:44:25.532Z,60,21.1,1.927,49.6,0,60,0,0,0,0,0,0,0,0,24
2025-09-25T15:44:26.540Z,60,21.1,1.928,50.4,0,60,0,0,0,0,0,0,0,0,24
2025-09-25T15:44:27.539Z,60,21.1,1.927,49.6,0,60,0,0,0,0,0,0,0,0,24
2025-09-25T15:44:28.541Z,60,21.1,1.928,49.6,0,60,0,0,0,0,0,0,0,0,24
2025-09-25T15:44:29.543Z,60,21.1,1.927,50.4,0,60,0,0,0,0,0,0,0,0,24
2025-09-25T15:44:30.544Z,60,21.1,1.928,49.6,0,60,0,0,0,0,0,0,0,0,24
2025-09-25T15:44:31.545Z,60,21.1,1.928,50.4,0,60,0,0,0,0,0,0,0,0,24
2025-09-25T15:44:32.538Z,59.9,21.1,1.927,49.6,0,60,0,0,0,0,0,0,0,0,24
2025-09-25T15:44:33.547Z,60,21.1,1.928,50.4,0,60,0,0,0,0,0,0,0,0,24
2025-09-25T15:44:34.550Z,59.9,21.1,1.928,49.6,0,60,0,0,0,0,0,0,0,0,24
2025-09-25T15:44:35.541Z,59.9,21.1,1.927,50.4,0,60,0,0,0,0,0,0,0,0,24
2025-09-25T15:44:36.542Z,59.9,21.1,1.927,49.6,0,60,0,0,0,0,0,0,0,0,24
2025-09-25T15:44:37.549Z,59.9,21.1,1.928,50.4,0,60,0,0,0,0,0,0,0,0,24
2025-09-25T15:44:38.550Z,59.9,21.1,1.928,49.6,0,60,0,0,0,0,0,0,0,0,24
2025-09-25T15:44:39.548Z,59.9,21.1,1.927,50.4,0,60,0,0,0,0,0,0,0,0,24
2025-09-25T15:44:40.552Z,59.9,21.1,1.928,49.6,0,60,0,0,0,0,0,0,0,0,24
2025-09-25T15:44:41.555Z,59.9,21.1,1.928,50.4,0,60,0,0,0,0,0,0,0,0,24
2025-09-25T15:44:42.552Z,59.9,21.1,1.929,49.6,0,60,0,0,0,0,0,0,0,0,24
2025-09-25T15:44:43.556Z,59.9,21.1,1.929,50.4,0,60,0,0,0,0,0,0,0,0,24
2025-09-25T15:44:44.550Z,59.9,21.1,1.928,49.6,0,60,0,0,0,0,0,0,0,0,24
2025-09-25T15:44:45.549Z,59.9,21.1,1.928,50.4,0,60,0,0,0,0,0,0,0,0,24
2025-09-25T15:44:46.555Z,59.9,21.1,1.929,49.6,0,60,0,0,0,0,0,0,0,0,24
2025-09-25T15:44:47.556Z,59.9,21.1,1.929,50.4,0,60,0,0,0,0,0,0,0,0,24
2025-09-25T15:44:48.555Z,59.9,21.1,1.929,49.6,0,60,0,0,0,0,0,0,0,0,24
2025-09-25T15:44:49.552Z,59.9,21.1,1.928,50.4,0,60,0,0,0,0,0,0,0,0,24
2025-09-25T15:44:50.561Z,59.9,21.1,1.929,49.6,0,60,0,0,0,0,0,0,0,0,24
2025-09-25T15:44:51.561Z,59.9,21.1,1.929,50.4,0,60,0,0,0,0,0,0,0,0,24
2025-09-25T15:44:52.561Z,59.9,21.1,1.929,49.6,0,60,0,0,0,0,0,0,0,0,24
2025-09-25T15:44:53.565Z,59.9,21.1,1.929,50.4,0,60,0,0,0,0,0,0,0,0,24
2025-09-25T15:44:54.559Z,59.9,21.1,1.928,49.6,0,60,0,0,0,0,0,0,0,0,24
2025-09-25T15:44:55.557Z,59.9,21.1,1.928,50.4,0,60,0,0,0,0,0,0,0,0,24
2025-09-25T15:44:56.568Z,59.9,21.1,1.929,49.6,0,60,0,0,0,0,0,0,0,0,24
2025-09-25T15:44:57.567Z,59.9,21.1,1.929,50.4,0,60,0,0,0,0,0,0,0,0,24
2025-09-25T15:44:58.562Z,59.9,21.1,1.928,49.6,0,60,0,0,0,0,0,0,0,0,24
2025-09-25T15:44:59.563Z,59.9,21.1,1.928,50.4,0,60,0,0,0,0,0,0,0,0,24
2025-09-25T15:45:00.563Z,59.9,21.1,1.928,49.6,0,60,0,0,0,0,0,0,0,0,24
2025-09-25T15:45:01.564Z,59.9,21.1,1.928,50.4,0,60,0,0,0,0,0,0,0,0,24
2025-09-25T15:45:02.564Z,59.9,21.1,1.928,49.6,0,60,0,0,0,0,0,0,0,0,24
2025-09-25T15:45:03.564Z,59.9,21.1,1.928,50.4,0,60,0,0,0,0,0,0,0,0,24
2025-09-25T15:45:04.567Z,59.9,21.1,1.928,49.6,0,60,0,0,0,0,0,0,0,0,24
2025-09-25T15:45:05.574Z,59.8,21.1,1.928,50.4,0,60,0,0,0,0,0,0,0,0,24
2025-09-25T15:45:06.573Z,59.9,21.1,1.928,49.6,0,60,0,0,0,0,0,0,0,0,24
2025-09-25T15:45:07.573Z,59.8,21.1,1.928,50.4,0,60,0,0,0,0,0,0,0,0,24
2025-09-25T15:45:08.577Z,59.8,21.1,1.929,49.6,0,60,0,0,0,0,0,0,0,0,24
2025-09-25T15:45:09.574Z,59.8,21.1,1.928,50.4,0,60,0,0,0,0,0,0,0,0,24
2025-09-25T15:45:10.575Z,59.8,21.1,1.928,49.6,0,60,0,0,0,0,0,0,0,0,24
2025-09-25T15:45:11.578Z,59.8,21.1,1.929,49.6,0,60,0,0,0,0,0,0,0,0,24
2025-09-25T15:45:12.580Z,59.8,21.1,1.929,49.6,0,60,0,0,0,0,0,0,0,0,24
2025-09-25T15:45:13.577Z,59.8,21.1,1.928,50.4,0,60,0,0,0,0,0,0,0,0,24
2025-09-25T15:45:14.578Z,59.8,21.1,1.928,49.6,0,60,0,0,0,0,0,0,0,0,24
2025-09-25T15:45:15.578Z,59.8,21.1,1.928,49.6,0,60,0,0,0,0,0,0,0,0,24
2025-09-25T15:45:16.580Z,59.8,21.1,1.928,49.6,0,60,0,0,0,0,0,0,0,0,24
2025-09-25T15:45:17.585Z,59.8,21.1,1.929,50.4,0,60,0,0,0,0,0,0,0,0,24
2025-09-25T15:45:18.586Z,59.8,21.1,1.929,49.6,0,60,0,0,0,0,0,0,0,0,24
2025-09-25T15:45:19.576Z,59.8,21.1,1.928,50.4,0,60,0,0,0,0,0,0,0,0,24
2025-09-25T15:45:20.579Z,59.8,21.1,1.928,50.4,0,60,0,0,0,0,0,0,0,0,24
2025-09-25T15:45:21.581Z,59.8,21.1,1.928,49.6,0,60,0,0,0,0,0,0,0,0,24
2025-09-25T15:45:22.580Z,59.8,21.1,1.928,50.4,0,60,0,0,0,0,0,0,0,0,24
2025-09-25T15:45:23.581Z,59.8,21.1,1.928,49.6,0,60,0,0,0,0,0,0,0,0,24
2025-09-25T15:45:24.585Z,59.8,21.1,1.928,50.4,0,60,0,0,0,0,0,0,0,0,24
2025-09-25T15:45:25.587Z,59.8,21.1,1.928,49.6,0,60,0,0,0,0,0,0,0,0,24
2025-09-25T15:45:26.581Z,59.8,21.1,1.928,50.4,0,60,0,0,0,0,0,0,0,0,24
2025-09-25T15:45:27.592Z,59.8,21.1,1.928,49.6,0,60,0,0,0,0,0,0,0,0,24
2025-09-25T15:45:28.591Z,59.8,21.1,1.928,50.4,0,60,0,0,0,0,0,0,0,0,24
2025-09-25T15:45:29.592Z,59.8,21.1,1.928,49.6,0,60,0,0,0,0,0,0,0,0,24
2025-09-25T15:45:30.591Z,59.8,21.1,1.928,50.4,0,60,0,0,0,0,0,0,0,0,24
2025-09-25T15:45:31.586Z,59.8,21.1,1.928,49.6,0,60,0,0,0,0,0,0,0,0,24
2025-09-25T15:45:32.594Z,59.8,21.1,1.928,50.4,0,60,0,0,0,0,0,0,0,0,24
2025-09-25T15:45:33.597Z,59.8,21.1,1.928,49.6,0,60.1,0,0,0,0,0,0,0,0,24
2025-09-25T15:45:34.601Z,59.8,21.1,1.929,50.4,0,60.1,0,0,0,0,0,0,0,0,24
2025-09-25T15:45:35.590Z,59.8,21.1,1.928,49.6,0,60.1,0,0,0,0,0,0,0,0,24
2025-09-25T15:45:36.588Z,59.8,21.1,1.929,49.6,0,60.1,0,0,0,0,0,0,0,0,24
2025-09-25T15:45:37.598Z,59.8,21.1,1.928,49.6,0,60.1,0,0,0,0,0,0,0,0,24
2025-09-25T15:45:38.601Z,59.7,21.1,1.928,50.4,0,60.1,0,0,0,0,0,0,0,0,24
2025-09-25T15:45:39.600Z,59.8,21.1,1.928,49.6,0,60.1,0,0,0,0,0,0,0,0,24
2025-09-25T15:45:40.602Z,59.7,21.1,1.928,50.4,0,60.1,0,0,0,0,0,0,0,0,24
2025-09-25T15:45:41.599Z,59.7,21.1,1.928,49.6,0,60.1,0,0,0,0,0,0,0,0,24
2025-09-25T15:45:42.600Z,59.7,21.1,1.928,50.4,0,60.1,0,0,0,0,0,0,0,0,24
2025-09-25T15:45:43.605Z,59.7,21.1,1.928,49.6,0,60.1,0,0,0,0,0,0,0,0,24
2025-09-25T15:45:44.603Z,59.7,21.1,1.928,50.4,0,60.1,0,0,0,0,0,0,0,0,24
2025-09-25T15:45:45.603Z,59.7,21.1,1.928,49.6,0,60.1,0,0,0,0,0,0,0,0,24
2025-09-25T15:45:46.605Z,59.7,21.1,1.929,50.4,0,60.1,0,0,0,0,0,0,0,0,24
2025-09-25T15:45:47.607Z,59.7,21.1,1.928,49.6,0,60.1,0,0,0,0,0,0,0,0,24
2025-09-25T15:45:48.604Z,59.7,21.1,1.928,50.4,0,60.1,0,0,0,0,0,0,0,0,24
2025-09-25T15:45:49.603Z,59.7,21.1,1.928,49.6,0,60.1,0,0,0,0,0,0,0,0,24
2025-09-25T15:45:50.603Z,59.7,21.1,1.928,50.4,0,60.1,0,0,0,0,0,0,0,0,24
2025-09-25T15:45:51.608Z,59.7,21.1,1.928,49.6,0,60.1,0,0,0,0,0,0,0,0,24
2025-09-25T15:45:52.618Z,59.7,21.1,1.929,49.6,0,60.1,0,0,0,0,0,0,0,0,24
2025-09-25T15:45:53.612Z,59.7,21.1,1.928,49.6,0,60.1,0,0,0,0,0,0,0,0,24
2025-09-25T15:45:54.610Z,59.7,21.1,1.928,50.4,0,60.1,0,0,0,0,0,0,0,0,24
2025-09-25T15:45:55.611Z,59.7,21.1,1.928,49.6,0,60.1,0,0,0,0,0,0,0,0,24
2025-09-25T15:45:56.616Z,59.7,21.1,1.928,50.4,0,60.1,0,0,0,0,0,0,0,0,24
2025-09-25T15:45:57.617Z,59.7,21.1,1.928,49.6,0,60.1,0,0,0,0,0,0,0,0,24
2025-09-25T15:45:58.615Z,59.7,21.1,1.929,50.4,0,60.1,0,0,0,0,0,0,0,0,24
2025-09-25T15:45:59.619Z,59.7,21.1,1.928,49.6,0,60.1,0,0,0,0,0,0,0,0,24
2025-09-25T15:46:00.616Z,59.7,21.1,1.928,49.6,0,60.1,0,0,0,0,0,0,0,0,24
2025-09-25T15:46:01.614Z,59.7,21.1,1.928,50.4,0,60.1,0,0,0,0,0,0,0,0,24
2025-09-25T15:46:02.623Z,59.7,21.1,1.928,49.6,0,60.1,0,0,0,0,0,0,0,0,24
2025-09-25T15:46:03.623Z,59.7,21.1,1.928,50.4,0,60.1,0,0,0,0,0,0,0,0,24
2025-09-25T15:46:04.623Z,59.7,21.1,1.928,50.4,0,60.1,0,0,0,0,0,0,0,0,24
2025-09-25T15:46:05.621Z,59.7,21.1,1.928,49.6,0,60.1,0,0,0,0,0,0,0,0,24
2025-09-25T15:46:06.627Z,59.7,21.1,1.928,50.4,0,60.1,0,0,0,0,0,0,0,0,24
2025-09-25T15:46:07.625Z,59.7,21.1,1.929,49.6,0,60.1,0,0,0,0,0,0,0,0,24
2025-09-25T15:46:08.625Z,59.7,21.1,1.929,50.4,0,60.1,0,0,0,0,0,0,0,0,24
2025-09-25T15:46:09.629Z,59.7,21.1,1.928,49.6,0,60.1,0,0,0,0,0,0,0,0,24
2025-09-25T15:46:10.628Z,59.7,21.1,1.929,50.4,0,60.1,0,0,0,0,0,0,0,0,24
2025-09-25T15:46:11.624Z,59.7,21.1,1.929,49.6,0,60.1,0,0,0,0,0,0,0,0,24
2025-09-25T15:46:12.628Z,59.7,21.1,1.929,50.4,0,60.1,0,0,0,0,0,0,0,0,24
2025-09-25T15:46:13.629Z,59.7,21.1,1.928,49.6,0,60.1,0,0,0,0,0,0,0,0,24
2025-09-25T15:46:14.630Z,59.7,21.1,1.929,49.6,0,60.1,0,0,0,0,0,0,0,0,24
2025-09-25T15:46:15.628Z,59.7,21.1,1.929,49.6,0,60.1,0,0,0,0,0,0,0,0,24
2025-09-25T15:46:16.630Z,59.7,21.1,1.929,50.4,0,60.1,0,0,0,0,0,0,0,0,24
2025-09-25T15:46:17.634Z,59.7,21.1,1.929,49.6,0,60.1,0,0,0,0,0,0,0,0,24
2025-09-25T15:46:18.633Z,59.7,21.1,1.929,50.4,0,60.1,0,0,0,0,0,0,0,0,24
2025-09-25T15:46:19.632Z,59.7,21.1,1.929,49.6,0,60.1,0,0,0,0,0,0,0,0,24
2025-09-25T15:46:20.634Z,59.6,21.1,1.929,50.4,0,60.1,0,0,0,0,0,0,0,0,24
2025-09-25T15:46:21.635Z,59.7,21.1,1.929,49.6,0,60.1,0,0,0,0,0,0,0,0,24
2025-09-25T15:46:22.634Z,59.6,21.1,1.929,49.6,0,60.1,0,0,0,0,0,0,0,0,24
2025-09-25T15:46:23.636Z,59.6,21.1,1.929,50.4,0,60.1,0,0,0,0,0,0,0,0,24
2025-09-25T15:46:24.638Z,59.6,21.1,1.929,49.6,0,60.1,0,0,0,0,0,0,0,0,24
2025-09-25T15:46:25.641Z,59.6,21.1,1.929,49.6,0,60.1,0,0,0,0,0,0,0,0,24
2025-09-25T15:46:26.639Z,59.6,21.1,1.929,50.4,0,60.1,0,0,0,0,0,0,0,0,24
2025-09-25T15:46:27.640Z,59.6,21.1,1.929,49.6,0,60.1,0,0,0,0,0,0,0,0,24
2025-09-25T15:46:28.644Z,59.6,21.1,1.929,50.4,0,60.1,0,0,0,0,0,0,0,0,24
2025-09-25T15:46:29.643Z,59.6,21.1,1.929,50.4,0,60.1,0,0,0,0,0,0,0,0,24
2025-09-25T15:46:30.647Z,59.6,21.1,1.929,49.6,0,60.1,0,0,0,0,0,0,0,0,24
2025-09-25T15:46:31.644Z,59.6,21.1,1.929,50.4,0,60.1,0,0,0,0,0,0,0,0,24
2025-09-25T15:46:32.645Z,59.6,21.1,1.929,49.6,0,60.1,0,0,0,0,0,0,0,0,24
2025-09-25T15:46:33.643Z,59.6,21.1,1.93,50.4,0,60.1,0,0,0,0,0,0,0,0,24
2025-09-25T15:46:34.646Z,59.6,21.1,1.929,49.6,0,60.1,0,0,0,0,0,0,0,0,24
2025-09-25T15:46:35.647Z,59.6,21.1,1.929,50.4,0,60.1,0,0,0,0,0,0,0,0,24
2025-09-25T15:46:36.649Z,59.6,21.1,1.929,49.6,0,60.1,0,0,0,0,0,0,0,0,24
2025-09-25T15:46:37.642Z,59.6,21.1,1.93,50.4,0,60.1,0,0,0,0,0,0,0,0,24
2025-09-25T15:46:38.653Z,59.6,21.1,1.929,50.4,0,60.1,0,0,0,0,0,0,0,0,24
2025-09-25T15:46:39.650Z,59.6,21.1,1.929,49.6,0,60.1,0,0,0,0,0,0,0,0,24
2025-09-25T15:46:40.650Z,59.6,21.1,1.929,50.4,0,60.1,0,0,0,0,0,0,0,0,24
2025-09-25T15:46:41.653Z,59.6,21.1,1.929,49.6,0,60.1,0,0,0,0,0,0,0,0,24
2025-09-25T15:46:42.653Z,59.6,21.1,1.929,49.6,0,60.1,0,0,0,0,0,0,0,0,24
2025-09-25T15:46:43.650Z,59.6,21.1,1.93,49.6,0,60.1,0,0,0,0,0,0,0,0,24
2025-09-25T15:46:44.655Z,59.6,21.1,1.929,50.4,0,60.1,0,0,0,0,0,0,0,0,24
2025-09-25T15:46:45.655Z,59.6,21.1,1.93,49.6,0,60.1,0,0,0,0,0,0,0,0,24
2025-09-25T15:46:46.660Z,59.6,21.1,1.929,50.4,0,60.1,0,0,0,0,0,0,0,0,24
2025-09-25T15:46:47.654Z,59.6,21.1,1.93,49.6,0,60.1,0,0,0,0,0,0,0,0,24
2025-09-25T15:46:48.658Z,59.6,21.1,1.93,49.6,0,60.1,0,0,0,0,0,0,0,0,24
2025-09-25T15:46:49.659Z,59.6,21.1,1.929,50.4,0,60.1,0,0,0,0,0,0,0,0,24
2025-09-25T15:46:50.664Z,59.6,21.1,1.93,49.6,0,60.1,0,0,0,0,0,0,0,0,24
2025-09-25T15:46:51.660Z,59.6,21.1,1.929,50.4,0,60.1,0,0,0,0,0,0,0,0,24
2025-09-25T15:46:52.662Z,59.6,21.1,1.929,49.6,0,60.1,0,0,0,0,0,0,0,0,24
2025-09-25T15:46:53.657Z,59.6,21.1,1.93,49.6,0,60.1,0,0,0,0,0,0,0,0,24
2025-09-25T15:46:54.657Z,59.6,21.1,1.93,50.4,0,60.1,0,0,0,0,0,0,0,0,24
2025-09-25T15:46:55.658Z,59.6,21.1,1.931,49.6,0,60.1,0,0,0,0,0,0,0,0,24
2025-09-25T15:46:56.665Z,59.6,21.1,1.93,50.4,0,60.1,0,0,0,0,0,0,0,0,24
2025-09-25T15:46:57.666Z,59.6,21.1,1.93,49.6,0,60.1,0,0,0,0,0,0,0,0,24
2025-09-25T15:46:58.668Z,59.6,21.1,1.929,49.6,0,60.1,0,0,0,0,0,0,0,0,24
2025-09-25T15:46:59.668Z,59.6,21.1,1.93,50.4,0,60.1,0,0,0,0,0,0,0,0,24
2025-09-25T15:47:00.670Z,59.6,21.1,1.929,50.4,0,60.1,0,0,0,0,0,0,0,0,24
2025-09-25T15:47:01.670Z,59.6,21.1,1.93,49.6,0,60.1,0,0,0,0,0,0,0,0,24
2025-09-25T15:47:02.670Z,59.6,21.1,1.929,50.4,0,60.1,0,0,0,0,0,0,0,0,24
2025-09-25T15:47:03.673Z,59.6,21.1,1.93,49.6,0,60.1,0,0,0,0,0,0,0,0,24
2025-09-25T15:47:04.671Z,59.6,21.1,1.93,50.4,0,60.1,0,0,0,0,0,0,0,0,24
2025-09-25T15:47:05.678Z,59.6,21.1,1.93,49.6,0,60.1,0,0,0,0,0,0,0,0,24
2025-09-25T15:47:06.678Z,59.6,21.1,1.929,50.4,0,60.1,0,0,0,0,0,0,0,0,24
2025-09-25T15:47:07.682Z,59.6,21.1,1.929,49.6,0,60.1,0,0,0,0,0,0,0,0,24
2025-09-25T15:47:08.673Z,59.6,21.1,1.931,50.4,0,60.1,0,0,0,0,0,0,0,0,24
2025-09-25T15:47:09.676Z,59.6,21.1,1.931,49.6,0,60.1,0,0,0,0,0,0,0,0,24
2025-09-25T15:47:10.674Z,59.6,21.1,1.93,49.6,0,60.1,0,0,0,0,0,0,0,0,24
2025-09-25T15:47:11.677Z,59.6,21.1,1.93,50.4,0,60.1,0,0,0,0,0,0,0,0,24
2025-09-25T15:47:12.675Z,59.6,21.1,1.931,50.4,0,60.1,0,0,0,0,0,0,0,0,24
2025-09-25T15:47:13.674Z,59.6,21.1,1.931,49.6,0,60.1,0,0,0,0,0,0,0,0,24
2025-09-25T15:47:14.678Z,59.6,21.1,1.931,49.6,0,60.1,0,0,0,0,0,0,0,0,24
2025-09-25T15:47:15.679Z,59.6,21.1,1.931,49.6,0,60,0,0,0,0,0,0,0,0,24
2025-09-25T15:47:16.689Z,59.6,21.1,1.93,49.6,0,60.1,0,0,0,0,0,0,0,0,24
2025-09-25T15:47:17.686Z,59.6,21.1,1.93,50.4,0,60,0,0,0,0,0,0,0,0,24
2025-09-25T15:47:18.691Z,59.6,21.1,1.93,49.6,0,60,0,0,0,0,0,0,0,0,24
2025-09-25T15:47:19.691Z,59.6,21.1,1.93,49.6,0,60.1,0,0,0,0,0,0,0,0,24
2025-09-25T15:47:20.685Z,59.6,21.1,1.931,50.4,0,60,0,0,0,0,0,0,0,0,24
2025-09-25T15:47:21.692Z,59.6,21.1,1.93,49.6,0,60,0,0,0,0,0,0,0,0,24
2025-09-25T15:47:22.690Z,59.6,21.1,1.93,50.4,0,60,0,0,0,0,0,0,0,0,24
2025-09-25T15:47:23.691Z,59.6,21.1,1.93,50.4,0,60,0,0,0,0,0,0,0,0,24
2025-09-25T15:47:24.693Z,59.6,21.1,1.93,49.6,0,60,0,0,0,0,0,0,0,0,24
2025-09-25T15:47:25.692Z,59.6,21.1,1.93,50.4,0,60,0,0,0,0,0,0,0,0,24
2025-09-25T15:47:26.693Z,59.6,21.1,1.93,49.6,0,60,0,0,0,0,0,0,0,0,24
2025-09-25T15:47:27.693Z,59.6,21.1,1.931,50.4,0,60,0,0,0,0,0,0,0,0,24
2025-09-25T15:47:28.693Z,59.6,21.1,1.931,50.4,0,60,0,0,0,0,0,0,0,0,24
2025-09-25T15:47:29.689Z,59.6,21.1,1.931,49.6,0,60,0,0,0,0,0,0,0,0,24
2025-09-25T15:47:30.692Z,59.6,21.1,1.931,49.6,0,60,0,0,0,0,0,0,0,0,24
2025-09-25T15:47:31.700Z,59.6,21.1,1.93,49.6,0,60,0,0,0,0,0,0,0,0,24
2025-09-25T15:47:32.696Z,59.6,21.1,1.931,50.4,0,60,0,0,0,0,0,0,0,0,24
2025-09-25T15:47:33.700Z,59.6,21.1,1.931,50.4,0,60,0,0,0,0,0,0,0,0,24
2025-09-25T15:47:34.695Z,59.6,21.1,1.931,49.6,0,60,0,0,0,0,0,0,0,0,24
2025-09-25T15:47:35.704Z,59.6,21.1,1.931,50.4,0,60,0,0,0,0,0,0,0,0,24
2025-09-25T15:47:36.702Z,59.6,21.1,1.931,49.6,0,60,0,0,0,0,0,0,0,0,24
2025-09-25T15:47:37.705Z,59.6,21.1,1.931,50.4,0,60,0,0,0,0,0,0,0,0,24
2025-09-25T15:47:38.707Z,59.6,21.1,1.931,49.6,0,60,0,0,0,0,0,0,0,0,24
2025-09-25T15:47:39.711Z,59.6,21.1,1.93,49.6,0,60,0,0,0,0,0,0,0,0,24
2025-09-25T15:47:40.709Z,59.6,21.1,1.93,50.4,0,60.1,0,0,0,0,0,0,0,0,24
2025-09-25T15:47:41.710Z,59.6,21.1,1.93,49.6,0,60,0,0,0,0,0,0,0,0,24
2025-09-25T15:47:42.709Z,59.6,21.1,1.931,50.4,0,60,0,0,0,0,0,0,0,0,24
2025-09-25T15:47:43.711Z,59.6,21.1,1.93,50.4,0,60,0,0,0,0,0,0,0,0,24
2025-09-25T15:47:44.707Z,59.6,21.1,1.931,49.6,0,60,0,0,0,0,0,0,0,0,24
2025-09-25T15:47:45.712Z,59.6,21.1,1.931,50.4,0,60,0,0,0,0,0,0,0,0,24
2025-09-25T15:47:46.714Z,59.6,21.1,1.93,49.6,0,60,0,0,0,0,0,0,0,0,24
2025-09-25T15:47:47.715Z,59.6,21.1,1.93,50.4,0,60,0,0,0,0,0,0,0,0,24
2025-09-25T15:47:48.715Z,59.6,21.1,1.93,49.6,0,60,0,0,0,0,0,0,0,0,24
2025-09-25T15:47:49.711Z,59.6,21.1,1.931,49.6,0,60,0,0,0,0,0,0,0,0,24
2025-09-25T15:47:50.711Z,59.6,21.1,1.93,50.4,0,60,0,0,0,0,0,0,0,0,24
2025-09-25T15:47:51.718Z,59.6,21.1,1.929,49.6,0,60,0,0,0,0,0,0,0,0,24
2025-09-25T15:47:52.716Z,59.6,21.1,1.931,50.4,0,60.1,0,0,0,0,0,0,0,0,24
2025-09-25T15:47:53.714Z,59.6,21.1,1.931,49.6,0,60.1,0,0,0,0,0,0,0,0,24
2025-09-25T15:47:54.720Z,59.6,21.1,1.931,50.4,0,60.1,0,0,0,0,0,0,0,0,24
2025-09-25T15:47:55.714Z,59.6,21.1,1.931,50.4,0,60,0,0,0,0,0,0,0,0,24
2025-09-25T15:47:56.722Z,59.6,21.1,1.93,49.6,0,60,0,0,0,0,0,0,0,0,24
2025-09-25T15:47:57.725Z,59.6,21.1,1.93,49.6,0,60.1,0,0,0,0,0,0,0,0,24
2025-09-25T15:47:58.723Z,59.6,21.1,1.931,49.6,0,60.1,0,0,0,0,0,0,0,0,24
2025-09-25T15:47:59.717Z,59.6,21.1,1.93,50.4,0,60.1,0,0,0,0,0,0,0,0,24
2025-09-25T15:48:00.718Z,59.6,21.1,1.931,49.6,0,60.1,0,0,0,0,0,0,0,0,24
2025-09-25T15:48:01.717Z,59.6,21.1,1.931,50.4,0,60.1,0,0,0,0,0,0,0,0,24
2025-09-25T15:48:02.720Z,59.6,21.1,1.931,50.4,0,60,0,0,0,0,0,0,0,0,24
2025-09-25T15:48:03.722Z,59.6,21.1,1.931,49.6,0,60.1,0,0,0,0,0,0,0,0,24
2025-09-25T15:48:04.721Z,59.6,21.1,1.93,50.4,0,60.1,0,0,0,0,0,0,0,0,24
2025-09-25T15:48:05.720Z,59.6,21.1,1.93,49.6,0,60.1,0,0,0,0,0,0,0,0,24
2025-09-25T15:48:06.730Z,59.6,21.1,1.931,50.4,0,60.1,0,0,0,0,0,0,0,0,24
2025-09-25T15:48:07.725Z,59.6,21.1,1.93,49.6,0,60.1,0,0,0,0,0,0,0,0,24
2025-09-25T15:48:08.730Z,59.6,21.1,1.931,50.4,0,60,0,0,0,0,0,0,0,0,24
2025-09-25T15:48:09.732Z,59.6,21.1,1.931,49.6,0,60,0,0,0,0,0,0,0,0,24
2025-09-25T15:48:10.730Z,59.6,21.1,1.931,50.4,0,60.1,0,0,0,0,0,0,0,0,24
2025-09-25T15:48:11.727Z,59.6,21.1,1.93,49.6,0,60.1,0,0,0,0,0,0,0,0,24
2025-09-25T15:48:12.725Z,59.6,21.1,1.93,50.4,0,60.1,0,0,0,0,0,0,0,0,24
2025-09-25T15:48:13.733Z,59.6,21.1,1.93,49.6,0,60.1,0,0,0,0,0,0,0,0,24
2025-09-25T15:48:14.735Z,59.6,21.1,1.93,49.6,0,60,0,0,0,0,0,0,0,0,24
2025-09-25T15:48:15.733Z,59.6,21.1,1.93,50.4,0,60,0,0,0,0,0,0,0,0,24
2025-09-25T15:48:16.738Z,59.6,21.1,1.93,49.6,0,60,0,0,0,0,0,0,0,0,24
2025-09-25T15:48:17.745Z,59.6,21.1,1.929,50.4,0,60,0,0,0,0,0,0,0,0,24
2025-09-25T15:48:18.734Z,59.6,21.1,1.93,49.6,0,60.1,0,0,0,0,0,0,0,0,24
2025-09-25T15:48:19.744Z,59.6,21.1,1.929,50.4,0,60,0,0,0,0,0,0,0,0,24
2025-09-25T15:48:20.741Z,59.6,21.1,1.93,50.4,0,60,0,0,0,0,0,0,0,0,24
2025-09-25T15:48:21.742Z,59.6,21.1,1.93,49.6,0,60,0,0,0,0,0,0,0,0,24
2025-09-25T15:48:22.747Z,59.6,21.1,1.929,50.4,0,60,0,0,0,0,0,0,0,0,24
2025-09-25T15:48:23.744Z,59.6,21.1,1.93,49.6,0,60,0,0,0,0,0,0,0,0,24
2025-09-25T15:48:24.747Z,59.6,21.1,1.93,50.4,0,60,0,0,0,0,0,0,0,0,24
2025-09-25T15:48:25.747Z,59.6,21.1,1.93,49.6,0,60,0,0,0,0,0,0,0,0,24
2025-09-25T15:48:26.745Z,59.6,21.1,1.93,50.4,0,60,0,0,0,0,0,0,0,0,24
2025-09-25T15:48:27.744Z,59.6,21.1,1.93,49.6,0,60,0,0,0,0,0,0,0,0,24
2025-09-25T15:48:28.748Z,59.6,21.1,1.93,50.4,0,60,0,0,0,0,0,0,0,0,24
2025-09-25T15:48:29.743Z,59.6,21.1,1.93,49.6,0,60,0,0,0,0,0,0,0,0,24
2025-09-25T15:48:30.754Z,59.6,21.1,1.93,50.4,0,60,0,0,0,0,0,0,0,0,24
2025-09-25T15:48:31.749Z,59.6,21.1,1.93,49.6,0,60,0,0,0,0,0,0,0,0,24
2025-09-25T15:48:32.755Z,59.6,21.1,1.93,50.4,0,60,0,0,0,0,0,0,0,0,24
2025-09-25T15:48:33.747Z,59.6,21.1,1.93,49.6,0,60,0,0,0,0,0,0,0,0,24
2025-09-25T15:48:34.747Z,59.6,21.1,1.93,50.4,0,60,0,0,0,0,0,0,0,0,24
2025-09-25T15:48:35.758Z,59.6,21.1,1.929,49.6,0,60,0,0,0,0,0,0,0,0,24
2025-09-25T15:48:36.754Z,59.6,21.1,1.93,50.4,0,60,0,0,0,0,0,0,0,0,24
2025-09-25T15:48:37.759Z,59.6,21.1,1.929,49.6,0,60,0,0,0,0,0,0,0,0,24
2025-09-25T15:48:38.758Z,59.6,21.1,1.93,50.4,0,60,0,0,0,0,0,0,0,0,24
2025-09-25T15:48:39.762Z,59.7,21.1,1.929,49.6,0,60,0,0,0,0,0,0,0,0,24
2025-09-25T15:48:40.757Z,59.7,21.1,1.93,50.4,0,60,0,0,0,0,0,0,0,0,24
2025-09-25T15:48:41.759Z,59.7,21.1,1.929,49.6,0,60,0,0,0,0,0,0,0,0,24
2025-09-25T15:48:42.760Z,59.7,21.1,1.929,50.4,0,60,0,0,0,0,0,0,0,0,24
2025-09-25T15:48:43.759Z,59.7,21.1,1.929,49.6,0,60,0,0,0,0,0,0,0,0,24
2025-09-25T15:48:44.759Z,59.7,21.1,1.93,50.4,0,60,0,0,0,0,0,0,0,0,24
2025-09-25T15:48:45.759Z,59.7,21.1,1.93,49.6,0,60,0,0,0,0,0,0,0,0,24
2025-09-25T15:48:46.759Z,59.7,21.1,1.929,50.4,0,60,0,0,0,0,0,0,0,0,24
2025-09-25T15:48:47.756Z,59.7,21.1,1.929,49.6,0,60,0,0,0,0,0,0,0,0,24
2025-09-25T15:48:48.757Z,59.7,21.1,1.929,50.4,0,60,0,0,0,0,0,0,0,0,24
2025-09-25T15:48:49.766Z,59.7,21.1,1.93,49.6,0,60,0,0,0,0,0,0,0,0,24
2025-09-25T15:48:50.763Z,59.7,21.1,1.929,49.6,0,60,0,0,0,0,0,0,0,0,24
2025-09-25T15:48:51.766Z,59.7,21.1,1.93,49.6,0,60,0,0,0,0,0,0,0,0,24
2025-09-25T15:48:52.765Z,59.7,21.1,1.929,50.4,0,60,0,0,0,0,0,0,0,0,24
2025-09-25T15:48:53.768Z,59.7,21.1,1.929,49.6,0,60,0,0,0,0,0,0,0,0,24
2025-09-25T15:48:54.766Z,59.7,21.1,1.929,49.6,0,60,0,0,0,0,0,0,0,0,24
2025-09-25T15:48:55.772Z,59.7,21.1,1.929,49.6,0,60,0,0,0,0,0,0,0,0,24
2025-09-25T15:48:56.771Z,59.7,21.1,1.929,50.4,0,60,0,0,0,0,0,0,0,0,24
2025-09-25T15:48:57.774Z,59.7,21.1,1.929,49.6,0,60,0,0,0,0,0,0,0,0,24
2025-09-25T15:48:58.772Z,59.7,21.1,1.929,50.4,0,60,0,0,0,0,0,0,0,0,24
2025-09-25T15:48:59.773Z,59.7,21.1,1.929,49.6,0,60,0,0,0,0,0,0,0,0,24
2025-09-25T15:49:00.779Z,59.7,21.1,1.928,50.4,0,60,0,0,0,0,0,0,0,0,24
2025-09-25T15:49:01.773Z,59.7,21.1,1.929,49.6,0,60,0,0,0,0,0,0,0,0,24
2025-09-25T15:49:02.773Z,59.7,21.1,1.929,49.6,0,60,0,0,0,0,0,0,0,0,24
2025-09-25T15:49:03.778Z,59.7,21.1,1.929,50.4,0,60,0,0,0,0,0,0,0,0,24
2025-09-25T15:49:04.783Z,59.7,21.1,1.928,49.6,0,60,0,0,0,0,0,0,0,0,24
2025-09-25T15:49:05.780Z,59.7,21.1,1.929,50.4,0,60.1,0,0,0,0,0,0,0,0,24
2025-09-25T15:49:06.773Z,59.7,21.1,1.929,49.6,0,60.1,0,0,0,0,0,0,0,0,24
2025-09-25T15:49:07.780Z,59.7,21.1,1.929,50.4,0,60,0,0,0,0,0,0,0,0,24
2025-09-25T15:49:08.780Z,59.7,21.1,1.929,49.6,0,60,0,0,0,0,0,0,0,0,24
2025-09-25T15:49:09.784Z,59.7,21.1,1.929,49.6,0,60,0,0,0,0,0,0,0,0,24
2025-09-25T15:49:10.779Z,59.7,21.1,1.929,50.4,0,60,0,0,0,0,0,0,0,0,24
2025-09-25T15:49:11.785Z,59.7,21.1,1.929,49.6,0,60.1,0,0,0,0,0,0,0,0,24
2025-09-25T15:49:12.786Z,59.7,21.1,1.929,50.4,0,60.1,0,0,0,0,0,0,0,0,24
2025-09-25T15:49:13.785Z,59.7,21.1,1.929,49.6,0,60,0,0,0,0,0,0,0,0,24
2025-09-25T15:49:14.787Z,59.8,21.1,1.929,50.4,0,60,0,0,0,0,0,0,0,0,24
2025-09-25T15:49:15.785Z,59.8,21.1,1.929,49.6,0,60,0,0,0,0,0,0,0,0,24
2025-09-25T15:49:16.786Z,59.8,21.1,1.929,49.6,0,60.1,0,0,0,0,0,0,0,0,24
2025-09-25T15:49:17.782Z,59.8,21.1,1.929,50.4,0,60.1,0,0,0,0,0,0,0,0,24
2025-09-25T15:49:18.782Z,59.8,21.1,1.929,49.6,0,60.1,0,0,0,0,0,0,0,0,24
2025-09-25T15:49:19.784Z,59.8,21.1,1.929,49.6,0,60.1,0,0,0,0,0,0,0,0,24
2025-09-25T15:49:20.778Z,59.8,21.1,1.928,50.4,0,60.1,0,0,0,0,0,0,0,0,24
2025-09-25T15:49:21.785Z,59.8,21.1,1.929,50.4,0,60.1,0,0,0,0,0,0,0,0,24
2025-09-25T15:49:22.784Z,59.8,21.1,1.928,49.6,0,60.1,0,0,0,0,0,0,0,0,24
2025-09-25T15:49:23.791Z,59.8,21.1,1.929,50.4,0,60.1,0,0,0,0,0,0,0,0,24
2025-09-25T15:49:24.791Z,59.8,21.1,1.929,49.6,0,60.1,0,0,0,0,0,0,0,0,24
2025-09-25T15:49:25.790Z,59.8,21.1,1.929,50.4,0,60.1,0,0,0,0,0,0,0,0,24
2025-09-25T15:49:26.799Z,59.8,21.1,1.929,49.6,0,60.1,0,0,0,0,0,0,0,0,24
2025-09-25T15:49:27.796Z,59.8,21.1,1.929,49.6,0,60.1,0,0,0,0,0,0,0,0,24
2025-09-25T15:49:28.794Z,59.8,21.1,1.928,50.4,0,60.1,0,0,0,0,0,0,0,0,24
2025-09-25T15:49:29.798Z,59.8,21.1,1.929,49.6,0,60.1,0,0,0,0,0,0,0,0,24
2025-09-25T15:49:30.794Z,59.8,21.1,1.928,50.4,0,60.1,0,0,0,0,0,0,0,0,24
2025-09-25T15:49:31.797Z,59.8,21.1,1.929,49.6,0,60.1,0,0,0,0,0,0,0,0,24
2025-09-25T15:49:32.798Z,59.8,21.1,1.929,50.4,0,60.1,0,0,0,0,0,0,0,0,24
2025-09-25T15:49:33.801Z,59.8,21.1,1.928,49.6,0,60,0,0,0,0,0,0,0,0,24
2025-09-25T15:49:34.795Z,59.8,21.1,1.928,49.6,0,60,0,0,0,0,0,0,0,0,24
2025-09-25T15:49:35.803Z,59.8,21.1,1.928,50.4,0,60,0,0,0,0,0,0,0,0,24
2025-09-25T15:49:36.799Z,59.9,21.1,1.928,49.6,0,60,0,0,0,0,0,0,0,0,24
2025-09-25T15:49:37.808Z,59.9,21.1,1.928,49.6,0,60.1,0,0,0,0,0,0,0,0,24
2025-09-25T15:49:38.807Z,59.9,21.1,1.928,50.4,0,60.1,0,0,0,0,0,0,0,0,24
2025-09-25T15:49:39.808Z,59.9,21.1,1.928,49.6,0,60,0,0,0,0,0,0,0,0,24
2025-09-25T15:49:40.808Z,59.9,21.1,1.927,50.4,0,60,0,0,0,0,0,0,0,0,24
2025-09-25T15:49:41.807Z,59.9,21.1,1.928,50.4,0,60,0,0,0,0,0,0,0,0,24
2025-09-25T15:49:42.802Z,59.9,21.1,1.928,49.6,0,60,0,0,0,0,0,0,0,0,24
2025-09-25T15:49:43.803Z,59.9,21.1,1.928,50.4,0,60,0,0,0,0,0,0,0,0,24
2025-09-25T15:49:44.809Z,59.9,21.1,1.927,49.6,0,60,0,0,0,0,0,0,0,0,24
2025-09-25T15:49:45.811Z,59.9,21.1,1.927,49.6,0,60,0,0,0,0,0,0,0,0,24
2025-09-25T15:49:46.813Z,59.9,21.1,1.928,50.4,0,60,0,0,0,0,0,0,0,0,24
2025-09-25T15:49:47.810Z,59.9,21.1,1.927,49.6,0,60,0,0,0,0,0,0,0,0,24
2025-09-25T15:49:48.814Z,59.9,21.1,1.927,50.4,0,60,0,0,0,0,0,0,0,0,24
2025-09-25T15:49:49.808Z,59.9,21.1,1.928,50.4,0,60,0,0,0,0,0,0,0,0,24
2025-09-25T15:49:50.808Z,59.9,21.1,1.927,49.6,0,60,0,0,0,0,0,0,0,0,24
2025-09-25T15:49:51.813Z,59.9,21.1,1.927,50.4,0,60,0,0,0,0,0,0,0,0,24
2025-09-25T15:49:52.809Z,59.9,21.1,1.927,49.6,0,60,0,0,0,0,0,0,0,0,24
2025-09-25T15:49:53.808Z,59.9,21.1,1.926,50.4,0,60,0,0,0,0,0,0,0,0,24
2025-09-25T15:49:54.816Z,59.9,21.1,1.927,49.6,0,60,0,0,0,0,0,0,0,0,24
2025-09-25T15:49:55.813Z,59.9,21.1,1.927,49.6,0,60,0,0,0,0,0,0,0,0,24
2025-09-25T15:49:56.821Z,59.9,21.1,1.927,50.4,0,60,0,0,0,0,0,0,0,0,24
2025-09-25T15:49:57.815Z,59.9,21.1,1.927,49.6,0,60,0,0,0,0,0,0,0,0,24
2025-09-25T15:49:58.812Z,59.9,21.1,1.926,50.4,0,60,0,0,0,0,0,0,0,0,24
2025-09-25T15:49:59.817Z,59.9,21.1,1.927,49.6,0,60,0,0,0,0,0,0,0,0,24
2025-09-25T15:50:00.813Z,59.9,21.1,1.926,49.6,0,60,0,0,0,0,0,0,0,0,24
2025-09-25T15:50:01.819Z,60,21.1,1.927,50.4,0,60,0,0,0,0,0,0,0,0,24
2025-09-25T15:50:02.818Z,60,21.1,1.927,49.6,0,60,0,0,0,0,0,0,0,0,24
2025-09-25T15:50:03.818Z,60,21.1,1.926,49.6,0,60,0,0,0,0,0,0,0,0,24
2025-09-25T15:50:04.820Z,60,21.1,1.927,50.4,0,60,0,0,0,0,0,0,0,0,24
2025-09-25T15:50:05.820Z,60,21.1,1.927,49.6,0,60,0,0,0,0,0,0,0,0,24
2025-09-25T15:50:06.822Z,60,21.1,1.927,49.6,0,60,0,0,0,0,0,0,0,0,24
2025-09-25T15:50:07.824Z,60,21.1,1.927,50.4,0,60,0,0,0,0,0,0,0,0,24
2025-09-25T15:50:08.824Z,60,21.1,1.927,50.4,0,60,0,0,0,0,0,0,0,0,24
2025-09-25T15:50:09.832Z,60,21.1,1.927,49.6,0,60,0,0,0,0,0,0,0,0,24
2025-09-25T15:50:10.828Z,60,21.1,1.927,50.4,0,60,0,0,0,0,0,0,0,0,24
2025-09-25T15:50:11.831Z,60,21.1,1.927,50.4,0,60,0,0,0,0,0,0,0,0,24
2025-09-25T15:50:12.832Z,60,21.1,1.927,49.6,0,60,0,0,0,0,0,0,0,0,24
2025-09-25T15:50:13.830Z,60,21.1,1.927,50.4,0,60,0,0,0,0,0,0,0,0,24
2025-09-25T15:50:14.831Z,60,21.1,1.927,49.6,0,60,0,0,0,0,0,0,0,0,24
2025-09-25T15:50:15.833Z,60,21.1,1.927,50.4,0,60,0,0,0,0,0,0,0,0,24
2025-09-25T15:50:16.835Z,60,21.1,1.927,49.6,0,60,0,0,0,0,0,0,0,0,24
2025-09-25T15:50:17.834Z,60,21.1,1.927,50.4,0,60,0,0,0,0,0,0,0,0,24
2025-09-25T15:50:18.838Z,60,21.1,1.927,50.4,0,60,0,0,0,0,0,0,0,0,24
2025-09-25T15:50:19.839Z,60,21.1,1.927,49.6,0,60,0,0,0,0,0,0,0,0,24
2025-09-25T15:50:20.838Z,60,21.1,1.927,49.6,0,60,0,0,0,0,0,0,0,0,24
2025-09-25T15:50:21.842Z,60.1,21.1,1.927,50.4,0,60,0,0,0,0,0,0,0,0,24
2025-09-25T15:50:22.838Z,60.1,21.1,1.927,50.4,0,60,0,0,0,0,0,0,0,0,24
2025-09-25T15:50:23.844Z,60.1,21.1,1.927,49.6,0,60,0,0,0,0,0,0,0,0,24
2025-09-25T15:50:24.836Z,60.1,21.1,1.926,49.6,0,60,0,0,0,0,0,0,0,0,24
2025-09-25T15:50:25.836Z,60.1,21.1,1.927,49.6,0,60,0,0,0,0,0,0,0,0,24
2025-09-25T15:50:26.845Z,60.1,21.1,1.927,50.4,0,60,0,0,0,0,0,0,0,0,24
2025-09-25T15:50:27.845Z,60.1,21.1,1.927,49.6,0,60,0,0,0,0,0,0,0,0,24
2025-09-25T15:50:28.838Z,60.1,21.1,1.926,49.6,0,60,0,0,0,0,0,0,0,0,24
2025-09-25T15:50:29.849Z,60.1,21.1,1.927,50.4,0,60,0,0,0,0,0,0,0,0,24
2025-09-25T15:50:30.847Z,60.1,21.1,1.927,49.6,0,60,0,0,0,0,0,0,0,0,24
2025-09-25T15:50:31.848Z,60.1,21.1,1.926,50.4,0,60,0,0,0,0,0,0,0,0,24
2025-09-25T15:50:32.851Z,60.1,21.1,1.926,49.6,0,60,0,0,0,0,0,0,0,0,24
2025-09-25T15:50:33.853Z,60.1,21.1,1.927,49.6,0,60,0,0,0,0,0,0,0,0,24
2025-09-25T15:50:34.850Z,60.1,21.1,1.926,50.4,0,60,0,0,0,0,0,0,0,0,24
2025-09-25T15:50:35.858Z,60.1,21.1,1.926,49.6,0,60,0,0,0,0,0,0,0,0,24
2025-09-25T15:50:36.853Z,60.1,21.1,1.926,49.6,0,60,0,0,0,0,0,0,0,0,24
2025-09-25T15:50:37.854Z,60.1,21.1,1.926,50.4,0,60,0,0,0,0,0,0,0,0,24
2025-09-25T15:50:38.854Z,60.1,21.1,1.926,50.4,0,60,0,0,0,0,0,0,0,0,24
2025-09-25T15:50:39.855Z,60.1,21.1,1.926,49.6,0,60,0,0,0,0,0,0,0,0,24
2025-09-25T15:50:40.854Z,60.1,21.1,1.926,50.4,0,60,0,0,0,0,0,0,0,0,24
2025-09-25T15:50:41.861Z,60.1,21.1,1.926,49.6,0,60,0,0,0,0,0,0,0,0,24
2025-09-25T15:50:42.859Z,60.2,21.1,1.926,49.6,0,60,0,0,0,0,0,0,0,0,24
2025-09-25T15:50:43.859Z,60.2,21.1,1.926,50.4,0,60,0,0,0,0,0,0,0,0,24
2025-09-25T15:50:44.853Z,60.2,21.1,1.926,49.6,0,60,0,0,0,0,0,0,0,0,24
2025-09-25T15:50:45.859Z,60.2,21.1,1.926,49.6,0,60,0,0,0,0,0,0,0,0,24
2025-09-25T15:50:46.861Z,60.2,21.1,1.926,50.4,0,60,0,0,0,0,0,0,0,0,24
2025-09-25T15:50:47.863Z,60.2,21.1,1.926,49.6,0,60,0,0,0,0,0,0,0,0,24
2025-09-25T15:50:48.862Z,60.2,21.1,1.926,49.6,0,60,0,0,0,0,0,0,0,0,24
2025-09-25T15:50:49.865Z,60.2,21.1,1.926,50.4,0,60,0,0,0,0,0,0,0,0,24
2025-09-25T15:50:50.865Z,60.2,21.1,1.926,50.4,0,60,0,0,0,0,0,0,0,0,24
2025-09-25T15:50:51.869Z,60.2,21.1,1.926,49.6,0,60,0,0,0,0,0,0,0,0,24
2025-09-25T15:50:52.868Z,60.2,21.1,1.926,50.4,0,60,0,0,0,0,0,0,0,0,24
2025-09-25T15:50:53.867Z,60.2,21.1,1.926,49.6,0,60,0,0,0,0,0,0,0,0,24
2025-09-25T15:50:54.873Z,60.2,21.1,1.925,49.6,0,60,0,0,0,0,0,0,0,0,24
2025-09-25T15:50:55.872Z,60.2,21.1,1.926,50.4,0,60,0,0,0,0,0,0,0,0,24
2025-09-25T15:50:56.871Z,60.2,21.1,1.926,50.4,0,60,0,0,0,0,0,0,0,0,24
2025-09-25T15:50:57.872Z,60.2,21.1,1.926,49.6,0,60,0,0,0,0,0,0,0,0,24
2025-09-25T15:50:58.867Z,60.2,21.1,1.926,50.4,0,60,0,0,0,0,0,0,0,0,24
2025-09-25T15:50:59.870Z,60.2,21.1,1.926,50.4,0,60,0,0,0,0,0,0,0,0,24
2025-09-25T15:51:00.876Z,60.2,21.1,1.925,49.6,0,60,0,0,0,0,0,0,0,0,24
2025-09-25T15:51:01.875Z,60.2,21.1,1.926,50.4,0,60,0,0,0,0,0,0,0,0,24
2025-09-25T15:51:02.877Z,60.2,21.1,1.926,49.6,0,60,0,0,0,0,0,0,0,0,24
2025-09-25T15:51:03.878Z,60.3,21.1,1.926,50.4,0,60,0,0,0,0,0,0,0,0,24
2025-09-25T15:51:04.878Z,60.2,21.1,1.926,49.6,0,60,0,0,0,0,0,0,0,0,24
2025-09-25T15:51:05.879Z,60.2,21.1,1.926,49.6,0,60,0,0,0,0,0,0,0,0,24
2025-09-25T15:51:06.881Z,60.3,21.1,1.926,50.4,0,60,0,0,0,0,0,0,0,0,24
2025-09-25T15:51:07.884Z,60.3,21.1,1.925,49.6,0,60,0,0,0,0,0,0,0,0,24
2025-09-25T15:51:08.883Z,60.3,21.1,1.926,49.6,0,60,0,0,0,0,0,0,0,0,24
2025-09-25T15:51:09.883Z,60.3,21.1,1.926,50.4,0,60,0,0,0,0,0,0,0,0,24
2025-09-25T15:51:10.887Z,60.3,21.1,1.925,49.6,0,60,0,0,0,0,0,0,0,0,24
2025-09-25T15:51:11.887Z,60.3,21.1,1.925,50.4,0,60,0,0,0,0,0,0,0,0,24
2025-09-25T15:51:12.883Z,60.3,21.1,1.926,50.4,0,60,0,0,0,0,0,0,0,0,24
2025-09-25T15:51:13.887Z,60.3,21.1,1.925,49.6,0,60,0,0,0,0,0,0,0,0,24
2025-09-25T15:51:14.884Z,60.3,21.1,1.926,50.4,0,60,0,0,0,0,0,0,0,0,24
2025-09-25T15:51:15.887Z,60.3,21.1,1.925,49.6,0,60,0,0,0,0,0,0,0,0,24
2025-09-25T15:51:16.893Z,60.3,21.1,1.925,49.6,0,60,0,0,0,0,0,0,0,0,24
2025-09-25T15:51:17.898Z,60.3,21.1,1.925,50.4,0,60,0,0,0,0,0,0,0,0,24
2025-09-25T15:51:18.892Z,60.3,21.1,1.926,50.4,0,60,0,0,0,0,0,0,0,0,24
2025-09-25T15:51:19.893Z,60.3,21.1,1.926,49.6,0,60,0,0,0,0,0,0,0,0,24
2025-09-25T15:51:20.894Z,60.3,21.1,1.925,50.4,0,60,0,0,0,0,0,0,0,0,24
2025-09-25T15:51:21.893Z,60.3,21.1,1.926,49.6,0,60,0,0,0,0,0,0,0,0,24
2025-09-25T15:51:22.896Z,60.3,21.1,1.925,50.4,0,60,0,0,0,0,0,0,0,0,24
2025-09-25T15:51:23.893Z,60.3,21.1,1.926,49.6,0,60,0,0,0,0,0,0,0,0,24
2025-09-25T15:51:24.897Z,60.3,21.1,1.925,50.4,0,60,0,0,0,0,0,0,0,0,24
2025-09-25T15:51:25.898Z,60.3,21.1,1.925,49.6,0,60,0,0,0,0,0,0,0,0,24
2025-09-25T15:51:26.899Z,60.3,21.1,1.925,49.6,0,60,0,0,0,0,0,0,0,0,24
2025-09-25T15:51:27.900Z,60.3,21.1,1.925,50.4,0,60,0,0,0,0,0,0,0,0,24
2025-09-25T15:51:28.900Z,60.3,21.1,1.925,49.6,0,60,0,0,0,0,0,0,0,0,24
2025-09-25T15:51:29.904Z,60.4,21.1,1.924,50.4,0,60,0,0,0,0,0,0,0,0,24
2025-09-25T15:51:30.899Z,60.4,21.1,1.925,50.4,0,60,0,0,0,0,0,0,0,0,24
2025-09-25T15:51:31.902Z,60.4,21.1,1.925,49.6,0,60,0,0,0,0,0,0,0,0,24
2025-09-25T15:51:32.903Z,60.4,21.1,1.925,50.4,0,60,0,0,0,0,0,0,0,0,24
2025-09-25T15:51:33.903Z,60.4,21.1,1.925,49.6,0,60,0,0,0,0,0,0,0,0,24
2025-09-25T15:51:34.897Z,60.4,21.1,1.926,50.4,0,60,0,0,0,0,0,0,0,0,24
2025-09-25T15:51:35.895Z,60.4,21.1,1.925,49.6,0,60,0,0,0,0,0,0,0,0,24
2025-09-25T15:51:36.905Z,60.4,21.1,1.925,50.4,0,60,0,0,0,0,0,0,0,0,24
2025-09-25T15:51:37.909Z,60.4,21.1,1.924,50.4,0,59.9,0,0,0,0,0,0,0,0,24
2025-09-25T15:51:38.910Z,60.4,21.1,1.924,49.6,0,59.9,0,0,0,0,0,0,0,0,24
2025-09-25T15:51:39.909Z,60.4,21.1,1.925,50.4,0,59.9,0,0,0,0,0,0,0,0,24
2025-09-25T15:51:40.907Z,60.4,21.1,1.925,49.6,0,60,0,0,0,0,0,0,0,0,24
2025-09-25T15:51:41.906Z,60.4,21.1,1.925,49.6,0,60,0,0,0,0,0,0,0,0,24
2025-09-25T15:51:42.908Z,60.4,21.1,1.925,49.6,0,59.9,0,0,0,0,0,0,0,0,24
2025-09-25T15:51:43.911Z,60.4,21.1,1.925,50.4,0,59.9,0,0,0,0,0,0,0,0,24
2025-09-25T15:51:44.912Z,60.4,21.1,1.925,49.6,0,59.9,0,0,0,0,0,0,0,0,24
2025-09-25T15:51:45.916Z,60.4,21.1,1.924,49.6,0,59.9,0,0,0,0,0,0,0,0,24
2025-09-25T15:51:46.906Z,60.4,21.1,1.925,50.4,0,59.9,0,0,0,0,0,0,0,0,24
2025-09-25T15:51:47.916Z,60.4,21.1,1.924,49.6,0,59.9,0,0,0,0,0,0,0,0,24
2025-09-25T15:51:48.915Z,60.4,21.1,1.925,50.4,0,59.9,0,0,0,0,0,0,0,0,24
2025-09-25T15:51:49.912Z,60.4,21.1,1.925,50.4,0,59.9,0,0,0,0,0,0,0,0,24
2025-09-25T15:51:50.920Z,60.4,21.1,1.924,49.6,0,59.9,0,0,0,0,0,0,0,0,24
2025-09-25T15:51:51.918Z,60.5,21.1,1.925,50.4,0,59.9,0,0,0,0,0,0,0,0,24
2025-09-25T15:51:52.919Z,60.5,21.1,1.925,49.6,0,59.9,0,0,0,0,0,0,0,0,24
2025-09-25T15:51:53.920Z,60.5,21.1,1.925,50.4,0,59.9,0,0,0,0,0,0,0,0,24
2025-09-25T15:51:54.919Z,60.5,21.1,1.924,49.6,0,59.9,0,0,0,0,0,0,0,0,24
2025-09-25T15:51:55.921Z,60.5,21.1,1.925,50.4,0,59.9,0,0,0,0,0,0,0,0,24
2025-09-25T15:51:56.924Z,60.5,21.1,1.925,49.6,0,59.9,0,0,0,0,0,0,0,0,24
2025-09-25T15:51:57.928Z,60.5,21.1,1.923,50.4,0,59.9,0,0,0,0,0,0,0,0,24
2025-09-25T15:51:58.928Z,60.5,21.1,1.923,49.6,0,59.9,0,0,0,0,0,0,0,0,24
2025-09-25T15:51:59.927Z,60.5,21.1,1.924,50.4,0,59.9,0,0,0,0,0,0,0,0,24
2025-09-25T15:52:00.928Z,60.5,21.1,1.924,49.6,0,59.9,0,0,0,0,0,0,0,0,24
2025-09-25T15:52:01.924Z,60.5,21.1,1.924,50.4,0,59.9,0,0,0,0,0,0,0,0,24
2025-09-25T15:52:02.924Z,60.5,21.1,1.925,49.6,0,59.9,0,0,0,0,0,0,0,0,24
2025-09-25T15:52:03.928Z,60.5,21.1,1.924,50.4,0,59.9,0,0,0,0,0,0,0,0,24
2025-09-25T15:52:04.930Z,60.5,21.1,1.925,49.6,0,59.9,0,0,0,0,0,0,0,0,24
2025-09-25T15:52:05.930Z,60.5,21.1,1.924,50.4,0,59.9,0,0,0,0,0,0,0,0,24
2025-09-25T15:52:06.928Z,60.5,21.1,1.924,49.6,0,59.9,0,0,0,0,0,0,0,0,24
2025-09-25T15:52:07.930Z,60.5,21.1,1.924,50.4,0,59.9,0,0,0,0,0,0,0,0,24
2025-09-25T15:52:08.934Z,60.5,21.1,1.924,49.6,0,59.9,0,0,0,0,0,0,0,0,24
2025-09-25T15:52:09.935Z,60.5,21.1,1.924,50.4,0,59.9,0,0,0,0,0,0,0,0,24
2025-09-25T15:52:10.935Z,60.5,21.1,1.924,49.6,0,59.9,0,0,0,0,0,0,0,0,24
2025-09-25T15:52:11.933Z,60.5,21.1,1.924,50.4,0,59.9,0,0,0,0,0,0,0,0,24
2025-09-25T15:52:12.934Z,60.5,21.1,1.924,49.6,0,59.9,0,0,0,0,0,0,0,0,24
2025-09-25T15:52:13.929Z,60.6,21.1,1.924,50.4,0,59.9,0,0,0,0,0,0,0,0,24
2025-09-25T15:52:14.938Z,60.6,21.1,1.924,49.6,0,60,0,0,0,0,0,0,0,0,24
2025-09-25T15:52:15.936Z,60.6,21.1,1.924,50.4,0,59.9,0,0,0,0,0,0,0,0,24
2025-09-25T15:52:16.937Z,60.6,21.1,1.924,49.6,0,59.9,0,0,0,0,0,0,0,0,24
2025-09-25T15:52:17.930Z,60.6,21.1,1.924,50.4,0,59.9,0,0,0,0,0,0,0,0,24
2025-09-25T15:52:18.932Z,60.6,21.1,1.924,49.6,0,59.9,0,0,0,0,0,0,0,0,24
2025-09-25T15:52:19.942Z,60.6,21.1,1.924,50.4,0,60,0,0,0,0,0,0,0,0,24
2025-09-25T15:52:20.939Z,60.6,21.1,1.924,49.6,0,60,0,0,0,0,0,0,0,0,24
2025-09-25T15:52:21.937Z,60.6,21.1,1.924,50.4,0,60,0,0,0,0,0,0,0,0,24
2025-09-25T15:52:22.935Z,60.6,21.1,1.924,49.6,0,60,0,0,0,0,0,0,0,0,24
2025-09-25T15:52:23.935Z,60.6,21.1,1.924,50.4,0,60,0,0,0,0,0,0,0,0,24
2025-09-25T15:52:24.944Z,60.6,21.1,1.924,49.6,0,60,0,0,0,0,0,0,0,0,24
2025-09-25T15:52:25.946Z,60.6,21.1,1.924,50.4,0,60,0,0,0,0,0,0,0,0,24
2025-09-25T15:52:26.948Z,60.6,21.1,1.923,49.6,0,60,0,0,0,0,0,0,0,0,24
2025-09-25T15:52:27.942Z,60.6,21.1,1.924,50.4,0,60,0,0,0,0,0,0,0,0,24
2025-09-25T15:52:28.943Z,60.6,21.1,1.924,49.6,0,60,0,0,0,0,0,0,0,0,24
2025-09-25T15:52:29.949Z,60.6,21.1,1.924,50.4,0,60,0,0,0,0,0,0,0,0,24
2025-09-25T15:52:30.947Z,60.6,21.1,1.924,49.6,0,60,0,0,0,0,0,0,0,0,24
2025-09-25T15:52:31.940Z,60.6,21.1,1.923,49.6,0,60,0,0,0,0,0,0,0,0,24
2025-09-25T15:52:32.947Z,60.6,21.1,1.924,49.6,0,60,0,0,0,0,0,0,0,0,24
2025-09-25T15:52:33.950Z,60.6,21.1,1.924,50.4,0,60,0,0,0,0,0,0,0,0,24
2025-09-25T15:52:34.949Z,60.6,21.1,1.924,49.6,0,60,0,0,0,0,0,0,0,0,24
2025-09-25T15:52:35.945Z,60.6,21.1,1.924,50.4,0,60,0,0,0,0,0,0,0,0,24
2025-09-25T15:52:36.955Z,60.6,21.1,1.924,49.6,0,60,0,0,0,0,0,0,0,0,24
2025-09-25T15:52:37.954Z,60.6,21.1,1.924,50.4,0,60,0,0,0,0,0,0,0,0,24
2025-09-25T15:52:38.956Z,60.6,21.1,1.923,49.6,0,60,0,0,0,0,0,0,0,0,24
2025-09-25T15:52:39.954Z,60.6,21.1,1.924,50.4,0,60,0,0,0,0,0,0,0,0,24
2025-09-25T15:52:40.952Z,60.6,21.1,1.924,49.6,0,60,0,0,0,0,0,0,0,0,24
2025-09-25T15:52:41.954Z,60.6,21.1,1.923,50.4,0,60,0,0,0,0,0,0,0,0,24
2025-09-25T15:52:42.960Z,60.6,21.1,1.924,49.6,0,60,0,0,0,0,0,0,0,0,24
2025-09-25T15:52:43.955Z,60.6,21.1,1.923,50.4,0,60,0,0,0,0,0,0,0,0,24
2025-09-25T15:52:44.957Z,60.7,21.1,1.924,49.6,0,60,0,0,0,0,0,0,0,0,24
2025-09-25T15:52:45.961Z,60.7,21.1,1.923,49.6,0,60,0,0,0,0,0,0,0,0,24
2025-09-25T15:52:46.955Z,60.7,21.1,1.923,49.6,0,60,0,0,0,0,0,0,0,0,24
2025-09-25T15:52:47.960Z,60.7,21.1,1.923,50.4,0,60,0,0,0,0,0,0,0,0,24
2025-09-25T15:52:48.960Z,60.7,21.1,1.923,49.6,0,60,0,0,0,0,0,0,0,0,24
2025-09-25T15:52:49.958Z,60.7,21.1,1.923,50.4,0,60,0,0,0,0,0,0,0,0,24
2025-09-25T15:52:50.967Z,60.7,21.1,1.924,49.6,0,60,0,0,0,0,0,0,0,0,24
2025-09-25T15:52:51.965Z,60.7,21.1,1.923,50.4,0,60,0,0,0,0,0,0,0,0,24
2025-09-25T15:52:52.965Z,60.7,21.1,1.923,49.6,0,60,0,0,0,0,0,0,0,0,24
2025-09-25T15:52:53.967Z,60.7,21.1,1.923,50.4,0,60,0,0,0,0,0,0,0,0,24
2025-09-25T15:52:54.965Z,60.7,21.1,1.923,49.6,0,60,0,0,0,0,0,0,0,0,24
2025-09-25T15:52:55.966Z,60.7,21.1,1.923,50.4,0,60,0,0,0,0,0,0,0,0,24
2025-09-25T15:52:56.969Z,60.7,21.1,1.923,49.6,0,60,0,0,0,0,0,0,0,0,24
2025-09-25T15:52:57.970Z,60.7,21.1,1.923,50.4,0,60,0,0,0,0,0,0,0,0,24
2025-09-25T15:52:58.971Z,60.7,21.1,1.923,49.6,0,60,0,0,0,0,0,0,0,0,24
2025-09-25T15:52:59.967Z,60.7,21.1,1.923,50.4,0,60,0,0,0,0,0,0,0,0,24
2025-09-25T15:53:00.970Z,60.7,21.1,1.923,49.6,0,60,0,0,0,0,0,0,0,0,24
2025-09-25T15:53:01.973Z,60.7,21.1,1.923,50.4,0,60,0,0,0,0,0,0,0,0,24
2025-09-25T15:53:02.975Z,60.7,21.1,1.923,49.6,0,60,0,0,0,0,0,0,0,0,24
2025-09-25T15:53:03.975Z,60.7,21.1,1.923,50.4,0,60,0,0,0,0,0,0,0,0,24
2025-09-25T15:53:04.976Z,60.7,21.1,1.923,49.6,0,60,0,0,0,0,0,0,0,0,24
2025-09-25T15:53:05.975Z,60.7,21.1,1.923,49.6,0,60,0,0,0,0,0,0,0,0,24
2025-09-25T15:53:06.979Z,60.7,21.1,1.923,49.6,0,60,0,0,0,0,0,0,0,0,24
2025-09-25T15:53:07.979Z,60.7,21.1,1.923,50.4,0,60,0,0,0,0,0,0,0,0,24
2025-09-25T15:53:08.978Z,60.7,21.1,1.923,49.6,0,60,0,0,0,0,0,0,0,0,24
2025-09-25T15:53:09.982Z,60.7,21.1,1.923,50.4,0,60,0,0,0,0,0,0,0,0,24
2025-09-25T15:53:10.980Z,60.7,21.1,1.923,49.6,0,60,0,0,0,0,0,0,0,0,24
2025-09-25T15:53:11.979Z,60.7,21.1,1.923,49.6,0,60,0,0,0,0,0,0,0,0,24
2025-09-25T15:53:12.980Z,60.7,21.1,1.923,50.4,0,60,0,0,0,0,0,0,0,0,24
2025-09-25T15:53:13.979Z,60.7,21.1,1.923,49.6,0,60,0,0,0,0,0,0,0,0,24
2025-09-25T15:53:14.984Z,60.7,21.1,1.923,50.4,0,60,0,0,0,0,0,0,0,0,24
2025-09-25T15:53:15.982Z,60.7,21.1,1.923,50.4,0,60,0,0,0,0,0,0,0,0,24
2025-09-25T15:53:16.982Z,60.7,21.1,1.923,49.6,0,60,0,0,0,0,0,0,0,0,24
2025-09-25T15:53:17.983Z,60.7,21.1,1.923,49.6,0,60,0,0,0,0,0,0,0,0,24
2025-09-25T15:53:18.983Z,60.7,21.1,1.923,49.6,0,60,0,0,0,0,0,0,0,0,24
2025-09-25T15:53:19.989Z,60.7,21.1,1.923,50.4,0,60,0,0,0,0,0,0,0,0,24
2025-09-25T15:53:20.984Z,60.7,21.1,1.923,49.6,0,60,0,0,0,0,0,0,0,0,24
2025-09-25T15:53:21.989Z,60.7,21.1,1.923,50.4,0,60,0,0,0,0,0,0,0,0,24
2025-09-25T15:53:22.989Z,60.7,21.1,1.923,50.4,0,60,0,0,0,0,0,0,0,0,24
2025-09-25T15:53:23.991Z,60.7,21.1,1.923,49.6,0,60,0,0,0,0,0,0,0,0,24
2025-09-25T15:53:24.989Z,60.7,21.1,1.923,49.6,0,60,0,0,0,0,0,0,0,0,24
2025-09-25T15:53:25.994Z,60.7,21.1,1.923,49.6,0,60,0,0,0,0,0,0,0,0,24
2025-09-25T15:53:26.991Z,60.7,21.1,1.923,50.4,0,60,0,0,0,0,0,0,0,0,24
2025-09-25T15:53:27.995Z,60.7,21.1,1.923,50.4,0,60,0,0,0,0,0,0,0,0,24
2025-09-25T15:53:28.986Z,60.7,21.1,1.923,49.6,0,60,0,0,0,0,0,0,0,0,24
2025-09-25T15:53:29.996Z,60.7,21.1,1.923,50.4,0,60,0,0,0,0,0,0,0,0,24
2025-09-25T15:53:30.996Z,60.7,21.1,1.923,49.6,0,60,0,0,0,0,0,0,0,0,24
2025-09-25T15:53:31.999Z,60.7,21.1,1.923,50.4,0,60,0,0,0,0,0,0,0,0,24
2025-09-25T15:53:33.006Z,60.7,21.1,1.923,49.6,0,60,0,0,0,0,0,0,0,0,24
2025-09-25T15:53:33.997Z,60.7,21.1,1.923,50.4,0,60,0,0,0,0,0,0,0,0,24
2025-09-25T15:53:35.003Z,60.7,21.1,1.923,49.6,0,60,0,0,0,0,0,0,0,0,24
2025-09-25T15:53:36.001Z,60.7,21.1,1.923,49.6,0,60,0,0,0,0,0,0,0,0,24
2025-09-25T15:53:37.006Z,60.7,21.1,1.923,50.4,0,60,0,0,0,0,0,0,0,0,24
2025-09-25T15:53:38.002Z,60.7,21.1,1.923,49.6,0,60,0,0,0,0,0,0,0,0,24
2025-09-25T15:53:39.004Z,60.7,21.1,1.923,50.4,0,60,0,0,0,0,0,0,0,0,24
2025-09-25T15:53:40.007Z,60.7,21.1,1.923,49.6,0,60,0,0,0,0,0,0,0,0,24
2025-09-25T15:53:41.002Z,60.7,21.1,1.923,49.6,0,59.9,0,0,0,0,0,0,0,0,24
2025-09-25T15:53:42.006Z,60.7,21.1,1.923,50.4,0,60,0,0,0,0,0,0,0,0,24
2025-09-25T15:53:42.997Z,60.7,21.1,1.923,49.6,0,59.9,0,0,0,0,0,0,0,0,24
2025-09-25T15:53:44.006Z,60.7,21.1,1.923,49.6,0,59.9,0,0,0,0,0,0,0,0,24
2025-09-25T15:53:44.998Z,60.7,21.1,1.923,50.4,0,60,0,0,0,0,0,0,0,0,24
2025-09-25T15:53:46.006Z,60.7,21.1,1.923,49.6,0,59.9,0,0,0,0,0,0,0,0,24
2025-09-25T15:53:47.010Z,60.7,21.1,1.923,49.6,0,59.9,0,0,0,0,0,0,0,0,24
2025-09-25T15:53:48.006Z,60.7,21.1,1.923,50.4,0,59.9,0,0,0,0,0,0,0,0,24
2025-09-25T15:53:49.014Z,60.7,21.1,1.923,49.6,0,59.9,0,0,0,0,0,0,0,0,24
2025-09-25T15:53:50.003Z,60.7,21.1,1.923,49.6,0,59.9,0,0,0,0,0,0,0,0,24
2025-09-25T15:53:51.011Z,60.7,21.1,1.923,50.4,0,59.9,0,0,0,0,0,0,0,0,24
2025-09-25T15:53:52.012Z,60.7,21.1,1.923,50.4,0,59.9,0,0,0,0,0,0,0,0,24
2025-09-25T15:53:53.014Z,60.7,21.1,1.923,49.6,0,59.9,0,0,0,0,0,0,0,0,24
2025-09-25T15:53:54.010Z,60.7,21.1,1.923,50.4,0,60,0,0,0,0,0,0,0,0,24
2025-09-25T15:53:55.009Z,60.7,21.1,1.923,50.4,0,59.9,0,0,0,0,0,0,0,0,24
2025-09-25T15:53:56.010Z,60.7,21.1,1.923,49.6,0,59.9,0,0,0,0,0,0,0,0,24
2025-09-25T15:53:57.015Z,60.7,21.1,1.923,50.4,0,59.9,0,0,0,0,0,0,0,0,24
2025-09-25T15:53:58.018Z,60.7,21.1,1.923,49.6,0,59.9,0,0,0,0,0,0,0,0,24
2025-09-25T15:53:59.018Z,60.7,21.1,1.923,50.4,0,60,0,0,0,0,0,0,0,0,24
2025-09-25T15:54:00.019Z,60.7,21.1,1.923,49.6,0,59.9,0,0,0,0,0,0,0,0,24
2025-09-25T15:54:01.018Z,60.7,21.1,1.923,49.6,0,59.9,0,0,0,0,0,0,0,0,24
2025-09-25T15:54:02.022Z,60.7,21.1,1.924,50.4,0,59.9,0,0,0,0,0,0,0,0,24
2025-09-25T15:54:03.024Z,60.7,21.1,1.924,49.6,0,59.9,0,0,0,0,0,0,0,0,24
2025-09-25T15:54:04.023Z,60.7,21.1,1.923,50.4,0,59.9,0,0,0,0,0,0,0,0,24
2025-09-25T15:54:05.022Z,60.7,21.1,1.923,49.6,0,59.9,0,0,0,0,0,0,0,0,24
2025-09-25T15:54:06.019Z,60.7,21.1,1.923,50.4,0,59.9,0,0,0,0,0,0,0,0,24
2025-09-25T15:54:07.019Z,60.7,21.1,1.924,50.4,0,59.9,0,0,0,0,0,0,0,0,24
2025-09-25T15:54:08.020Z,60.7,21.1,1.924,49.6,0,59.9,0,0,0,0,0,0,0,0,24
2025-09-25T15:54:09.020Z,60.7,21.1,1.924,50.4,0,59.9,0,0,0,0,0,0,0,0,24
2025-09-25T15:54:10.022Z,60.7,21.1,1.924,49.6,0,59.9,0,0,0,0,0,0,0,0,24
2025-09-25T15:54:11.030Z,60.7,21.1,1.924,50.4,0,59.9,0,0,0,0,0,0,0,0,24
2025-09-25T15:54:12.028Z,60.7,21.1,1.924,49.6,0,59.9,0,0,0,0,0,0,0,0,24
2025-09-25T15:54:13.034Z,60.7,21.1,1.923,50.4,0,59.9,0,0,0,0,0,0,0,0,24
2025-09-25T15:54:14.027Z,60.7,21.1,1.924,49.6,0,59.9,0,0,0,0,0,0,0,0,24
2025-09-25T15:54:15.025Z,60.7,21.1,1.924,49.6,0,59.9,0,0,0,0,0,0,0,0,24
2025-09-25T15:54:16.036Z,60.7,21.1,1.923,50.4,0,59.9,0,0,0,0,0,0,0,0,24
2025-09-25T15:54:17.033Z,60.6,21.1,1.924,49.6,0,59.9,0,0,0,0,0,0,0,0,24
2025-09-25T15:54:18.035Z,60.6,21.1,1.924,50.4,0,59.9,0,0,0,0,0,0,0,0,24
2025-09-25T15:54:19.034Z,60.6,21.1,1.924,49.6,0,59.9,0,0,0,0,0,0,0,0,24
2025-09-25T15:54:20.041Z,60.6,21.1,1.923,50.4,0,59.9,0,0,0,0,0,0,0,0,24
2025-09-25T15:54:21.038Z,60.6,21.1,1.924,49.6,0,59.9,0,0,0,0,0,0,0,0,24
2025-09-25T15:54:22.030Z,60.6,21.1,1.924,49.6,0,59.9,0,0,0,0,0,0,0,0,24
2025-09-25T15:54:23.045Z,60.6,21.1,1.923,50.4,0,59.9,0,0,0,0,0,0,0,0,24
2025-09-25T15:54:24.044Z,60.6,21.1,1.923,49.6,0,59.9,0,0,0,0,0,0,0,0,24
2025-09-25T15:54:25.040Z,60.6,21.1,1.924,49.6,0,59.9,0,0,0,0,0,0,0,0,24
2025-09-25T15:54:26.046Z,60.6,21.1,1.923,50.4,0,59.9,0,0,0,0,0,0,0,0,24
2025-09-25T15:54:27.044Z,60.6,21.1,1.924,49.6,0,59.9,0,0,0,0,0,0,0,0,24
2025-09-25T15:54:28.045Z,60.6,21.1,1.924,50.4,0,59.9,0,0,0,0,0,0,0,0,24
2025-09-25T15:54:29.042Z,60.6,21.1,1.924,49.6,0,59.9,0,0,0,0,0,0,0,0,24
2025-09-25T15:54:30.040Z,60.6,21.1,1.924,49.6,0,59.9,0,0,0,0,0,0,0,0,24
2025-09-25T15:54:31.049Z,60.6,21.1,1.923,50.4,0,59.9,0,0,0,0,0,0,0,0,24
2025-09-25T15:54:32.047Z,60.6,21.1,1.924,50.4,0,59.9,0,0,0,0,0,0,0,0,24
2025-09-25T15:54:33.049Z,60.6,21.1,1.923,49.6,0,59.9,0,0,0,0,0,0,0,0,24
2025-09-25T15:54:34.050Z,60.6,21.1,1.924,49.6,0,59.9,0,0,0,0,0,0,0,0,24
2025-09-25T15:54:35.054Z,60.6,21.1,1.923,49.6,0,59.9,0,0,0,0,0,0,0,0,24
2025-09-25T15:54:36.050Z,60.6,21.1,1.924,50.4,0,59.9,0,0,0,0,0,0,0,0,24
2025-09-25T15:54:37.045Z,60.6,21.1,1.924,50.4,0,59.9,0,0,0,0,0,0,0,0,24
2025-09-25T15:54:38.056Z,60.6,21.1,1.923,49.6,0,59.9,0,0,0,0,0,0,0,0,24
2025-09-25T15:54:39.057Z,60.6,21.1,1.924,50.4,0,59.9,0,0,0,0,0,0,0,0,24
2025-09-25T15:54:40.060Z,60.6,21.1,1.923,49.6,0,59.9,0,0,0,0,0,0,0,0,24
2025-09-25T15:54:41.053Z,60.6,21.1,1.924,50.4,0,59.9,0,0,0,0,0,0,0,0,24
2025-09-25T15:54:42.056Z,60.6,21.1,1.924,49.6,0,59.9,0,0,0,0,0,0,0,0,24
2025-09-25T15:54:43.055Z,60.6,21.1,1.924,49.6,0,59.9,0,0,0,0,0,0,0,0,24
2025-09-25T15:54:44.059Z,60.6,21.1,1.923,50.4,0,59.9,0,0,0,0,0,0,0,0,24
2025-09-25T15:54:45.055Z,60.6,21.1,1.924,49.6,0,59.9,0,0,0,0,0,0,0,0,24
2025-09-25T15:54:46.060Z,60.6,21.1,1.924,50.4,0,59.9,0,0,0,0,0,0,0,0,24
2025-09-25T15:54:47.059Z,60.6,21.1,1.924,50.4,0,59.9,0,0,0,0,0,0,0,0,24
2025-09-25T15:54:48.059Z,60.6,21.1,1.925,49.6,0,59.9,0,0,0,0,0,0,0,0,24
2025-09-25T15:54:49.058Z,60.5,21.1,1.924,50.4,0,59.9,0,0,0,0,0,0,0,0,24
2025-09-25T15:54:50.069Z,60.6,21.1,1.924,49.6,0,59.9,0,0,0,0,0,0,0,0,24
2025-09-25T15:54:51.066Z,60.6,21.1,1.923,50.4,0,59.9,0,0,0,0,0,0,0,0,24
2025-09-25T15:54:52.065Z,60.5,21.1,1.923,49.6,0,59.9,0,0,0,0,0,0,0,0,24
2025-09-25T15:54:53.062Z,60.5,21.1,1.924,50.4,0,59.9,0,0,0,0,0,0,0,0,24
2025-09-25T15:54:54.063Z,60.5,21.1,1.924,49.6,0,59.9,0,0,0,0,0,0,0,0,24
2025-09-25T15:54:55.062Z,60.5,21.1,1.924,50.4,0,59.9,0,0,0,0,0,0,0,0,24
2025-09-25T15:54:56.064Z,60.5,21.1,1.925,49.6,0,59.9,0,0,0,0,0,0,0,0,24
2025-09-25T15:54:57.069Z,60.5,21.1,1.924,49.6,0,59.9,0,0,0,0,0,0,0,0,24
2025-09-25T15:54:58.068Z,60.5,21.1,1.924,50.4,0,59.9,0,0,0,0,0,0,0,0,24
2025-09-25T15:54:59.067Z,60.5,21.1,1.924,49.6,0,59.9,0,0,0,0,0,0,0,0,24
2025-09-25T15:55:00.070Z,60.5,21.1,1.925,49.6,0,59.9,0,0,0,0,0,0,0,0,24
2025-09-25T15:55:01.072Z,60.5,21.1,1.924,50.4,0,59.9,0,0,0,0,0,0,0,0,24
2025-09-25T15:55:02.072Z,60.5,21.1,1.925,50.4,0,59.9,0,0,0,0,0,0,0,0,24
2025-09-25T15:55:03.065Z,60.5,21.1,1.924,49.6,0,59.9,0,0,0,0,0,0,0,0,24
2025-09-25T15:55:04.075Z,60.5,21.1,1.924,49.6,0,59.9,0,0,0,0,0,0,0,0,24
2025-09-25T15:55:05.077Z,60.5,21.1,1.924,49.6,0,59.9,0,0,0,0,0,0,0,0,24
2025-09-25T15:55:06.072Z,60.5,21.1,1.925,50.4,0,59.9,0,0,0,0,0,0,0,0,24
2025-09-25T15:55:07.078Z,60.5,21.1,1.924,50.4,0,59.9,0,0,0,0,0,0,0,0,24
2025-09-25T15:55:08.073Z,60.5,21.1,1.925,49.6,0,60,0,0,0,0,0,0,0,0,24
2025-09-25T15:55:09.078Z,60.5,21.1,1.925,50.4,0,59.9,0,0,0,0,0,0,0,0,24
2025-09-25T15:55:10.081Z,60.5,21.1,1.925,49.6,0,59.9,0,0,0,0,0,0,0,0,24
2025-09-25T15:55:11.078Z,60.5,21.1,1.925,50.4,0,60,0,0,0,0,0,0,0,0,24
2025-09-25T15:55:12.080Z,60.5,21.1,1.925,49.6,0,60,0,0,0,0,0,0,0,0,24
2025-09-25T15:55:13.086Z,60.5,21.1,1.924,49.6,0,60,0,0,0,0,0,0,0,0,24
2025-09-25T15:55:14.079Z,60.5,21.1,1.925,50.4,0,60,0,0,0,0,0,0,0,0,24
2025-09-25T15:55:15.083Z,60.5,21.1,1.925,49.6,0,60,0,0,0,0,0,0,0,0,24
2025-09-25T15:55:16.080Z,60.5,21.1,1.925,49.6,0,60,0,0,0,0,0,0,0,0,24
2025-09-25T15:55:17.083Z,60.5,21.1,1.925,50.4,0,60,0,0,0,0,0,0,0,0,24
2025-09-25T15:55:18.080Z,60.5,21.1,1.925,49.6,0,60,0,0,0,0,0,0,0,0,24
2025-09-25T15:55:19.082Z,60.5,21.1,1.925,50.4,0,60,0,0,0,0,0,0,0,0,24
2025-09-25T15:55:20.081Z,60.5,21.1,1.925,50.4,0,60,0,0,0,0,0,0,0,0,24
2025-09-25T15:55:21.080Z,60.5,21.1,1.925,49.6,0,60,0,0,0,0,0,0,0,0,24
2025-09-25T15:55:22.091Z,60.4,21.1,1.924,50.4,0,60,0,0,0,0,0,0,0,0,24
2025-09-25T15:55:23.087Z,60.4,21.1,1.925,49.6,0,60,0,0,0,0,0,0,0,0,24
2025-09-25T15:55:24.088Z,60.4,21.1,1.925,50.4,0,60,0,0,0,0,0,0,0,0,24
2025-09-25T15:55:25.091Z,60.4,21.1,1.925,49.6,0,60,0,0,0,0,0,0,0,0,24
2025-09-25T15:55:26.086Z,60.4,21.1,1.926,49.6,0,60,0,0,0,0,0,0,0,0,24
2025-09-25T15:55:27.091Z,60.4,21.1,1.925,50.4,0,60,0,0,0,0,0,0,0,0,24
2025-09-25T15:55:28.092Z,60.4,21.1,1.925,49.6,0,60,0,0,0,0,0,0,0,0,24
2025-09-25T15:55:29.092Z,60.4,21.1,1.925,50.4,0,60,0,0,0,0,0,0,0,0,24
2025-09-25T15:55:30.092Z,60.4,21.1,1.925,50.4,0,60,0,0,0,0,0,0,0,0,24
2025-09-25T15:55:31.090Z,60.4,21.1,1.925,49.6,0,60,0,0,0,0,0,0,0,0,24
2025-09-25T15:55:32.095Z,60.4,21.1,1.926,50.4,0,60,0,0,0,0,0,0,0,0,24
2025-09-25T15:55:33.095Z,60.4,21.1,1.926,49.6,0,60,0,0,0,0,0,0,0,0,24
2025-09-25T15:55:34.102Z,60.4,21.1,1.926,50.4,0,60,0,0,0,0,0,0,0,0,24
2025-09-25T15:55:35.093Z,60.4,21.1,1.925,49.6,0,60,0,0,0,0,0,0,0,0,24
2025-09-25T15:55:36.099Z,60.4,21.1,1.926,50.4,0,60,0,0,0,0,0,0,0,0,24
2025-09-25T15:55:37.100Z,60.4,21.1,1.926,50.4,0,60,0,0,0,0,0,0,0,0,24
2025-09-25T15:55:38.102Z,60.4,21.1,1.926,49.6,0,60,0,0,0,0,0,0,0,0,24
2025-09-25T15:55:39.107Z,60.4,21.1,1.925,49.6,0,60,0,0,0,0,0,0,0,0,24
2025-09-25T15:55:40.110Z,60.4,21.1,1.925,49.6,0,60,0,0,0,0,0,0,0,0,24
2025-09-25T15:55:41.104Z,60.4,21.1,1.926,50.4,0,60,0,0,0,0,0,0,0,0,24
2025-09-25T15:55:42.104Z,60.4,21.1,1.926,49.6,0,60,0,0,0,0,0,0,0,0,24
2025-09-25T15:55:43.106Z,60.4,21.1,1.926,49.6,0,60,0,0,0,0,0,0,0,0,24
2025-09-25T15:55:44.101Z,60.4,21.1,1.926,50.4,0,60,0,0,0,0,0,0,0,0,24
2025-09-25T15:55:45.102Z,60.4,21.1,1.926,49.6,0,60,0,0,0,0,0,0,0,0,24
2025-09-25T15:55:46.108Z,60.4,21.1,1.926,49.6,0,60,0,0,0,0,0,0,0,0,24
2025-09-25T15:55:47.108Z,60.4,21.1,1.926,50.4,0,60,0,0,0,0,0,0,0,0,24
2025-09-25T15:55:48.110Z,60.4,21.1,1.926,49.6,0,60,0,0,0,0,0,0,0,0,24
2025-09-25T15:55:49.109Z,60.4,21.1,1.926,49.6,0,60,0,0,0,0,0,0,0,0,24
2025-09-25T15:55:50.113Z,60.4,21.1,1.926,50.4,0,60,0,0,0,0,0,0,0,0,24
2025-09-25T15:55:51.110Z,60.4,21.1,1.926,49.6,0,60,0,0,0,0,0,0,0,0,24
2025-09-25T15:55:52.113Z,60.4,21.1,1.926,49.6,0,60,0,0,0,0,0,0,0,0,24
2025-09-25T15:55:53.115Z,60.4,21.1,1.926,50.4,0,60,0,0,0,0,0,0,0,0,24
2025-09-25T15:55:54.116Z,60.4,21.1,1.926,49.6,0,60,0,0,0,0,0,0,0,0,24
2025-09-25T15:55:55.119Z,60.4,21.1,1.925,49.6,0,60,0,0,0,0,0,0,0,0,24
2025-09-25T15:55:56.111Z,60.4,21.1,1.926,50.4,0,60,0,0,0,0,0,0,0,0,24
2025-09-25T15:55:57.111Z,60.4,21.1,1.926,50.4,0,60,0,0,0,0,0,0,0,0,24
2025-09-25T15:55:58.120Z,60.4,21.1,1.926,49.6,0,60,0,0,0,0,0,0,0,0,24
2025-09-25T15:55:59.119Z,60.4,21.1,1.926,50.4,0,60,0,0,0,0,0,0,0,0,24
2025-09-25T15:56:00.121Z,60.4,21.1,1.926,49.6,0,60,0,0,0,0,0,0,0,0,24
2025-09-25T15:56:01.121Z,60.3,21.1,1.926,49.6,0,60,0,0,0,0,0,0,0,0,24
2025-09-25T15:56:02.124Z,60.3,21.1,1.926,50.4,0,60,0,0,0,0,0,0,0,0,24
2025-09-25T15:56:03.124Z,60.3,21.1,1.926,50.4,0,60,0,0,0,0,0,0,0,0,24
2025-09-25T15:56:04.124Z,60.3,21.1,1.926,49.6,0,60,0,0,0,0,0,0,0,0,24
2025-09-25T15:56:05.128Z,60.3,21.1,1.925,50.4,0,60,0,0,0,0,0,0,0,0,24
2025-09-25T15:56:06.125Z,60.3,21.1,1.926,50.4,0,60,0,0,0,0,0,0,0,0,24
2025-09-25T15:56:07.127Z,60.3,21.1,1.926,49.6,0,60,0,0,0,0,0,0,0,0,24
2025-09-25T15:56:08.127Z,60.3,21.1,1.926,50.4,0,60,0,0,0,0,0,0,0,0,24
2025-09-25T15:56:09.126Z,60.3,21.1,1.926,49.6,0,60,0,0,0,0,0,0,0,0,24
2025-09-25T15:56:10.130Z,60.3,21.1,1.926,50.4,0,60,0,0,0,0,0,0,0,0,24
2025-09-25T15:56:11.125Z,60.3,21.1,1.926,50.4,0,60,0,0,0,0,0,0,0,0,24
2025-09-25T15:56:12.128Z,60.3,21.1,1.926,49.6,0,60,0,0,0,0,0,0,0,0,24
2025-09-25T15:56:13.130Z,60.3,21.1,1.926,50.4,0,60,0,0,0,0,0,0,0,0,24
2025-09-25T15:56:14.130Z,60.3,21.1,1.926,49.6,0,60,0,0,0,0,0,0,0,0,24
2025-09-25T15:56:15.131Z,60.3,21.1,1.926,50.4,0,60,0,0,0,0,0,0,0,0,24
2025-09-25T15:56:16.130Z,60.3,21.1,1.926,49.6,0,60,0,0,0,0,0,0,0,0,24
2025-09-25T15:56:17.127Z,60.3,21.1,1.926,49.6,0,60,0,0,0,0,0,0,0,0,24
2025-09-25T15:56:18.128Z,60.3,21.1,1.926,50.4,0,60,0,0,0,0,0,0,0,0,24
2025-09-25T15:56:19.131Z,60.3,21.1,1.926,49.6,0,60,0,0,0,0,0,0,0,0,24
2025-09-25T15:56:20.135Z,60.3,21.1,1.926,50.4,0,60,0,0,0,0,0,0,0,0,24
2025-09-25T15:56:21.139Z,60.3,21.1,1.926,49.6,0,60,0,0,0,0,0,0,0,0,24
2025-09-25T15:56:22.134Z,60.3,21.1,1.926,49.6,0,60,0,0,0,0,0,0,0,0,24
2025-09-25T15:56:23.131Z,60.3,21.1,1.926,50.4,0,60,0,0,0,0,0,0,0,0,24
2025-09-25T15:56:24.134Z,60.3,21.1,1.926,49.6,0,60,0,0,0,0,0,0,0,0,24
2025-09-25T15:56:25.135Z,60.3,21.1,1.926,49.6,0,60,0,0,0,0,0,0,0,0,24
2025-09-25T15:56:26.131Z,60.3,21.1,1.925,50.4,0,60,0,0,0,0,0,0,0,0,24
2025-09-25T15:56:27.135Z,60.3,21.1,1.925,50.4,0,60,0,0,0,0,0,0,0,0,24
2025-09-25T15:56:28.136Z,60.3,21.1,1.926,49.6,0,60,0,0,0,0,0,0,0,0,24
2025-09-25T15:56:29.143Z,60.3,21.1,1.926,50.4,0,60,0,0,0,0,0,0,0,0,24
2025-09-25T15:56:30.143Z,60.2,21.1,1.926,49.6,0,60,0,0,0,0,0,0,0,0,24
2025-09-25T15:56:31.140Z,60.2,21.1,1.926,50.4,0,60,0,0,0,0,0,0,0,0,24
2025-09-25T15:56:32.143Z,60.2,21.1,1.926,49.6,0,60,0,0,0,0,0,0,0,0,24
2025-09-25T15:56:33.144Z,60.2,21.1,1.926,50.4,0,60,0,0,0,0,0,0,0,0,24
2025-09-25T15:56:34.144Z,60.2,21.1,1.926,49.6,0,60,0,0,0,0,0,0,0,0,24
2025-09-25T15:56:35.150Z,60.2,21.1,1.926,50.4,0,60,0,0,0,0,0,0,0,0,24
2025-09-25T15:56:36.143Z,60.2,21.1,1.925,50.4,0,60,0,0,0,0,0,0,0,0,24
2025-09-25T15:56:37.147Z,60.2,21.1,1.926,49.6,0,60,0,0,0,0,0,0,0,0,24
2025-09-25T15:56:38.145Z,60.2,21.1,1.926,50.4,0,60,0,0,0,0,0,0,0,0,24
2025-09-25T15:56:39.145Z,60.2,21.1,1.926,49.6,0,60,0,0,0,0,0,0,0,0,24
2025-09-25T15:56:40.145Z,60.2,21.1,1.926,50.4,0,60,0,0,0,0,0,0,0,0,24
2025-09-25T15:56:41.143Z,60.2,21.1,1.926,49.6,0,60,0,0,0,0,0,0,0,0,24
2025-09-25T15:56:42.144Z,60.2,21.1,1.926,50.4,0,60,0,0,0,0,0,0,0,0,24
2025-09-25T15:56:43.146Z,60.2,21.1,1.926,49.6,0,60,0,0,0,0,0,0,0,0,24
2025-09-25T15:56:44.144Z,60.2,21.1,1.926,49.6,0,60,0,0,0,0,0,0,0,0,24
2025-09-25T15:56:45.155Z,60.2,21.1,1.926,49.6,0,60,0,0,0,0,0,0,0,0,24
2025-09-25T15:56:46.147Z,60.2,21.1,1.926,49.6,0,60,0,0,0,0,0,0,0,0,24
2025-09-25T15:56:47.150Z,60.2,21.1,1.926,49.6,0,60,0,0,0,0,0,0,0,0,24
2025-09-25T15:56:48.158Z,60.2,21.1,1.926,49.6,0,60,0,0,0,0,0,0,0,0,24
2025-09-25T15:56:49.154Z,60.2,21.1,1.926,49.6,0,60,0,0,0,0,0,0,0,0,24
2025-09-25T15:56:50.155Z,60.2,21.1,1.926,50.4,0,60,0,0,0,0,0,0,0,0,24
2025-09-25T15:56:51.158Z,60.2,21.1,1.926,50.4,0,60,0,0,0,0,0,0,0,0,24
2025-09-25T15:56:52.159Z,60.2,21.1,1.926,49.6,0,60,0,0,0,0,0,0,0,0,24
2025-09-25T15:56:53.163Z,60.2,21.1,1.927,49.6,0,60,0,0,0,0,0,0,0,0,24
2025-09-25T15:56:54.162Z,60.2,21.1,1.926,49.6,0,60,0,0,0,0,0,0,0,0,24
2025-09-25T15:56:55.163Z,60.2,21.1,1.926,50.4,0,60,0,0,0,0,0,0,0,0,24
2025-09-25T15:56:56.164Z,60.2,21.1,1.926,49.6,0,60,0,0,0,0,0,0,0,0,24
2025-09-25T15:56:57.166Z,60.2,21.1,1.926,49.6,0,60,0,0,0,0,0,0,0,0,24
2025-09-25T15:56:58.166Z,60.2,21.1,1.927,50.4,0,60,0,0,0,0,0,0,0,0,24
2025-09-25T15:56:59.165Z,60.2,21.1,1.926,49.6,0,60,0,0,0,0,0,0,0,0,24
2025-09-25T15:57:00.168Z,60.1,21.1,1.927,50.4,0,60,0,0,0,0,0,0,0,0,24
2025-09-25T15:57:01.170Z,60.1,21.1,1.927,50.4,0,60,0,0,0,0,0,0,0,0,24
2025-09-25T15:57:02.168Z,60.1,21.1,1.926,49.6,0,60,0,0,0,0,0,0,0,0,24
2025-09-25T15:57:03.167Z,60.1,21.1,1.926,50.4,0,60,0,0,0,0,0,0,0,0,24
2025-09-25T15:57:04.174Z,60.1,21.1,1.927,49.6,0,60,0,0,0,0,0,0,0,0,24
2025-09-25T15:57:05.173Z,60.1,21.1,1.926,50.4,0,60,0,0,0,0,0,0,0,0,24
2025-09-25T15:57:06.171Z,60.1,21.1,1.926,49.6,0,60,0,0,0,0,0,0,0,0,24
2025-09-25T15:57:07.175Z,60.1,21.1,1.927,50.4,0,60,0,0,0,0,0,0,0,0,24
2025-09-25T15:57:08.175Z,60.1,21.1,1.926,49.6,0,60,0,0,0,0,0,0,0,0,24
2025-09-25T15:57:09.179Z,60.1,21.1,1.927,50.4,0,60,0,0,0,0,0,0,0,0,24
2025-09-25T15:57:10.174Z,60.1,21.1,1.926,49.6,0,60,0,0,0,0,0,0,0,0,24
2025-09-25T15:57:11.176Z,60.1,21.1,1.927,49.6,0,60,0,0,0,0,0,0,0,0,24
2025-09-25T15:57:12.171Z,60.1,21.1,1.926,50.4,0,60,0,0,0,0,0,0,0,0,24
2025-09-25T15:57:13.179Z,60.1,21.1,1.927,49.6,0,60,0,0,0,0,0,0,0,0,24
2025-09-25T15:57:14.178Z,60.1,21.1,1.926,50.4,0,60,0,0,0,0,0,0,0,0,24
2025-09-25T15:57:15.177Z,60.1,21.1,1.926,49.6,0,60,0,0,0,0,0,0,0,0,24
2025-09-25T15:57:16.181Z,60.1,21.1,1.927,50.4,0,60,0,0,0,0,0,0,0,0,24
2025-09-25T15:57:17.183Z,60.1,21.1,1.927,49.6,0,60,0,0,0,0,0,0,0,0,24
2025-09-25T15:57:18.180Z,60.1,21.1,1.926,50.4,0,60,0,0,0,0,0,0,0,0,24
2025-09-25T15:57:19.180Z,60.1,21.1,1.926,50.4,0,60,0,0,0,0,0,0,0,0,24
2025-09-25T15:57:20.185Z,60.1,21.1,1.927,49.6,0,60,0,0,0,0,0,0,0,0,24
2025-09-25T15:57:21.183Z,60.1,21.1,1.926,50.4,0,60,0,0,0,0,0,0,0,0,24
2025-09-25T15:57:22.185Z,60.1,21.1,1.926,49.6,0,60,0,0,0,0,0,0,0,0,24
2025-09-25T15:57:23.183Z,60.1,21.1,1.926,50.4,0,60,0,0,0,0,0,0,0,0,24
2025-09-25T15:57:24.186Z,60.1,21.1,1.926,49.6,0,60,0,0,0,0,0,0,0,0,24
2025-09-25T15:57:25.185Z,60.1,21.1,1.926,50.4,0,60,0,0,0,0,0,0,0,0,24
2025-09-25T15:57:26.187Z,60.1,21.1,1.926,49.6,0,60,0,0,0,0,0,0,0,0,24
2025-09-25T15:57:27.187Z,60.1,21.1,1.926,49.6,0,60,0,0,0,0,0,0,0,0,24
2025-09-25T15:57:28.190Z,60.1,21.1,1.926,49.6,0,60,0,0,0,0,0,0,0,0,24
2025-09-25T15:57:29.188Z,60.1,21.1,1.926,50.4,0,60,0,0,0,0,0,0,0,0,24
2025-09-25T15:57:30.187Z,60.1,21.1,1.926,49.6,0,60,0,0,0,0,0,0,0,0,24
2025-09-25T15:57:31.189Z,60.1,21.1,1.926,50.4,0,60,0,0,0,0,0,0,0,0,24
2025-09-25T15:57:32.190Z,60.1,21.1,1.926,49.6,0,60,0,0,0,0,0,0,0,0,24
2025-09-25T15:57:33.192Z,60.1,21.1,1.926,49.6,0,60,0,0,0,0,0,0,0,0,24
2025-09-25T15:57:34.194Z,60.1,21.1,1.926,50.4,0,60,0,0,0,0,0,0,0,0,24
2025-09-25T15:57:35.197Z,60.1,21.1,1.926,49.6,0,60,0,0,0,0,0,0,0,0,24
2025-09-25T15:57:36.195Z,60,21.1,1.926,50.4,0,60,0,0,0,0,0,0,0,0,24
2025-09-25T15:57:37.195Z,60.1,21.1,1.926,49.6,0,60,0,0,0,0,0,0,0,0,24
2025-09-25T15:57:38.201Z,60.1,21.1,1.927,49.6,0,60,0,0,0,0,0,0,0,0,24
2025-09-25T15:57:39.201Z,60,21.1,1.926,50.4,0,60,0,0,0,0,0,0,0,0,24
2025-09-25T15:57:40.202Z,60,21.1,1.926,49.6,0,60,0,0,0,0,0,0,0,0,24
2025-09-25T15:57:41.200Z,60,21.1,1.926,49.6,0,60,0,0,0,0,0,0,0,0,24
2025-09-25T15:57:42.194Z,60,21.1,1.926,50.4,0,60,0,0,0,0,0,0,0,0,24
2025-09-25T15:57:43.196Z,60,21.1,1.926,49.6,0,60,0,0,0,0,0,0,0,0,24
2025-09-25T15:57:44.204Z,60,21.1,1.926,49.6,0,60,0,0,0,0,0,0,0,0,24
2025-09-25T15:57:45.202Z,60,21.1,1.926,50.4,0,60,0,0,0,0,0,0,0,0,24
2025-09-25T15:57:46.201Z,60,21.1,1.926,49.6,0,60,0,0,0,0,0,0,0,0,24
2025-09-25T15:57:47.205Z,60,21.1,1.926,50.4,0,60,0,0,0,0,0,0,0,0,24
2025-09-25T15:57:48.199Z,60,21.1,1.926,50.4,0,60,0,0,0,0,0,0,0,0,24
2025-09-25T15:57:49.198Z,60,21.1,1.927,49.6,0,60,0,0,0,0,0,0,0,0,24
2025-09-25T15:57:50.207Z,60,21.1,1.926,50.4,0,60,0,0,0,0,0,0,0,0,24
2025-09-25T15:57:51.210Z,60,21.1,1.926,49.6,0,60.1,0,0,0,0,0,0,0,0,24
2025-09-25T15:57:52.209Z,60,21.1,1.926,50.4,0,60.1,0,0,0,0,0,0,0,0,24
2025-09-25T15:57:53.210Z,60,21.1,1.926,50.4,0,60.1,0,0,0,0,0,0,0,0,24
2025-09-25T15:57:54.212Z,60,21.1,1.926,49.6,0,60.1,0,0,0,0,0,0,0,0,24
2025-09-25T15:57:55.216Z,60,21.1,1.926,50.4,0,60.1,0,0,0,0,0,0,0,0,24
2025-09-25T15:57:56.214Z,60,21.1,1.926,49.6,0,60.1,0,0,0,0,0,0,0,0,24
2025-09-25T15:57:57.214Z,60,21.1,1.926,50.4,0,60.1,0,0,0,0,0,0,0,0,24
2025-09-25T15:57:58.215Z,60,21.1,1.926,49.6,0,60.1,0,0,0,0,0,0,0,0,24
2025-09-25T15:57:59.215Z,60,21.1,1.926,50.4,0,60.1,0,0,0,0,0,0,0,0,24
2025-09-25T15:58:00.216Z,60,21.1,1.926,50.4,0,60.1,0,0,0,0,0,0,0,0,24
2025-09-25T15:58:01.218Z,60,21.1,1.926,49.6,0,60.1,0,0,0,0,0,0,0,0,24
2025-09-25T15:58:02.213Z,60,21.1,1.926,50.4,0,60.1,0,0,0,0,0,0,0,0,24
2025-09-25T15:58:03.220Z,60,21.1,1.926,49.6,0,60.1,0,0,0,0,0,0,0,0,24
2025-09-25T15:58:04.220Z,60,21.1,1.927,50.4,0,60.1,0,0,0,0,0,0,0,0,24
2025-09-25T15:58:05.221Z,60,21.1,1.926,49.6,0,60.1,0,0,0,0,0,0,0,0,24
2025-09-25T15:58:06.222Z,60,21.1,1.926,50.4,0,60.1,0,0,0,0,0,0,0,0,24
2025-09-25T15:58:07.223Z,60,21.1,1.927,49.6,0,60.1,0,0,0,0,0,0,0,0,24
2025-09-25T15:58:08.224Z,60,21.1,1.927,50.4,0,60.1,0,0,0,0,0,0,0,0,24
2025-09-25T15:58:09.225Z,60,21.1,1.926,49.6,0,60.1,0,0,0,0,0,0,0,0,24
2025-09-25T15:58:10.224Z,60,21.1,1.926,50.4,0,60.1,0,0,0,0,0,0,0,0,24
2025-09-25T15:58:11.224Z,60,21.1,1.926,49.6,0,60.1,0,0,0,0,0,0,0,0,24
2025-09-25T15:58:12.228Z,60,21.1,1.927,50.4,0,60.1,0,0,0,0,0,0,0,0,24
2025-09-25T15:58:13.220Z,60,21.1,1.926,49.6,0,60.1,0,0,0,0,0,0,0,0,24
2025-09-25T15:58:14.223Z,60,21.1,1.927,49.6,0,60.1,0,0,0,0,0,0,0,0,24
2025-09-25T15:58:15.229Z,59.9,21.1,1.927,49.6,0,60.1,0,0,0,0,0,0,0,0,24
2025-09-25T15:58:16.226Z,59.9,21.1,1.926,50.4,0,60.1,0,0,0,0,0,0,0,0,24
2025-09-25T15:58:17.230Z,59.9,21.1,1.927,49.6,0,60.1,0,0,0,0,0,0,0,0,24
2025-09-25T15:58:18.228Z,60,21.1,1.927,50.4,0,60.1,0,0,0,0,0,0,0,0,24
2025-09-25T15:58:19.233Z,59.9,21.1,1.926,49.6,0,60.1,0,0,0,0,0,0,0,0,24
2025-09-25T15:58:20.237Z,59.9,21.1,1.927,50.4,0,60.1,0,0,0,0,0,0,0,0,24
2025-09-25T15:58:21.229Z,59.9,21.1,1.927,49.6,0,60.1,0,0,0,0,0,0,0,0,24
2025-09-25T15:58:22.239Z,59.9,21.1,1.927,50.4,0,60.1,0,0,0,0,0,0,0,0,24
2025-09-25T15:58:23.230Z,59.9,21.1,1.927,49.6,0,60.1,0,0,0,0,0,0,0,0,24
2025-09-25T15:58:24.239Z,59.9,21.1,1.927,50.4,0,60.1,0,0,0,0,0,0,0,0,24
2025-09-25T15:58:25.237Z,59.9,21.1,1.926,49.6,0,60.1,0,0,0,0,0,0,0,0,24
2025-09-25T15:58:26.236Z,59.9,21.1,1.926,49.6,0,60.1,0,0,0,0,0,0,0,0,24
2025-09-25T15:58:27.239Z,59.9,21.1,1.926,50.4,0,60.1,0,0,0,0,0,0,0,0,24
2025-09-25T15:58:28.242Z,59.9,21.1,1.927,49.6,0,60.1,0,0,0,0,0,0,0,0,24
2025-09-25T15:58:29.237Z,59.9,21.1,1.927,50.4,0,60.1,0,0,0,0,0,0,0,0,24
2025-09-25T15:58:30.246Z,59.9,21.1,1.928,49.6,0,60.1,0,0,0,0,0,0,0,0,24
2025-09-25T15:58:31.241Z,59.9,21.1,1.927,49.6,0,60.1,0,0,0,0,0,0,0,0,24
2025-09-25T15:58:32.249Z,59.9,21.1,1.928,50.4,0,60.1,0,0,0,0,0,0,0,0,24
2025-09-25T15:58:33.245Z,59.9,21.1,1.927,49.6,0,60.1,0,0,0,0,0,0,0,0,24
2025-09-25T15:58:34.246Z,59.9,21.1,1.927,50.4,0,60.1,0,0,0,0,0,0,0,0,24
2025-09-25T15:58:35.248Z,59.9,21.1,1.927,49.6,0,60.1,0,0,0,0,0,0,0,0,24
2025-09-25T15:58:36.261Z,59.9,21.1,1.928,49.6,0,60.1,0,0,0,0,0,0,0,0,24
2025-09-25T15:58:37.242Z,59.9,21.1,1.927,50.4,0,60.1,0,0,0,0,0,0,0,0,24
2025-09-25T15:58:38.252Z,59.9,21.1,1.927,49.6,0,60.1,0,0,0,0,0,0,0,0,24
2025-09-25T15:58:39.245Z,59.9,21.1,1.927,49.6,0,60.1,0,0,0,0,0,0,0,0,24
2025-09-25T15:58:40.245Z,59.9,21.1,1.927,50.4,0,60.1,0,0,0,0,0,0,0,0,24
2025-09-25T15:58:41.245Z,59.9,21.1,1.927,50.4,0,60.1,0,0,0,0,0,0,0,0,24
2025-09-25T15:58:42.245Z,59.9,21.1,1.928,49.6,0,60.1,0,0,0,0,0,0,0,0,24
2025-09-25T15:58:43.248Z,59.9,21.1,1.927,50.4,0,60.1,0,0,0,0,0,0,0,0,24
2025-09-25T15:58:44.249Z,59.9,21.1,1.927,49.6,0,60.1,0,0,0,0,0,0,0,0,24
2025-09-25T15:58:45.253Z,59.9,21.1,1.927,50.4,0,60.1,0,0,0,0,0,0,0,0,24
2025-09-25T15:58:46.251Z,59.9,21.1,1.927,49.6,0,60.1,0,0,0,0,0,0,0,0,24
2025-09-25T15:58:47.253Z,59.9,21.1,1.927,50.4,0,60.1,0,0,0,0,0,0,0,0,24
2025-09-25T15:58:48.252Z,59.9,21.1,1.928,49.6,0,60.1,0,0,0,0,0,0,0,0,24
2025-09-25T15:58:49.253Z,59.9,21.1,1.928,50.4,0,60.1,0,0,0,0,0,0,0,0,24
2025-09-25T15:58:50.259Z,59.8,21.1,1.927,50.4,0,60.1,0,0,0,0,0,0,0,0,24
2025-09-25T15:58:51.260Z,59.8,21.1,1.927,49.6,0,60.1,0,0,0,0,0,0,0,0,24
2025-09-25T15:58:52.262Z,59.8,21.1,1.928,50.4,0,60.1,0,0,0,0,0,0,0,0,24
2025-09-25T15:58:53.258Z,59.8,21.1,1.928,49.6,0,60.1,0,0,0,0,0,0,0,0,24
2025-09-25T15:58:54.263Z,59.8,21.1,1.928,49.6,0,60.1,0,0,0,0,0,0,0,0,24
2025-09-25T15:58:55.262Z,59.8,21.1,1.929,49.6,0,60.1,0,0,0,0,0,0,0,0,24
2025-09-25T15:58:56.265Z,59.8,21.1,1.928,50.4,0,60.1,0,0,0,0,0,0,0,0,24
2025-09-25T15:58:57.263Z,59.8,21.1,1.929,50.4,0,60.1,0,0,0,0,0,0,0,0,24
2025-09-25T15:58:58.267Z,59.8,21.1,1.927,49.6,0,60.1,0,0,0,0,0,0,0,0,24
2025-09-25T15:58:59.270Z,59.8,21.1,1.927,49.6,0,60.1,0,0,0,0,0,0,0,0,24
2025-09-25T15:59:00.269Z,59.8,21.1,1.928,49.6,0,60.1,0,0,0,0,0,0,0,0,24
2025-09-25T15:59:01.270Z,59.8,21.1,1.928,50.4,0,60.1,0,0,0,0,0,0,0,0,24
2025-09-25T15:59:02.272Z,59.8,21.1,1.928,50.4,0,60.1,0,0,0,0,0,0,0,0,24
2025-09-25T15:59:03.272Z,59.8,21.1,1.929,49.6,0,60.1,0,0,0,0,0,0,0,0,24
2025-09-25T15:59:04.274Z,59.8,21.1,1.928,50.4,0,60.1,0,0,0,0,0,0,0,0,24
2025-09-25T15:59:05.273Z,59.8,21.1,1.929,49.6,0,60.1,0,0,0,0,0,0,0,0,24
2025-09-25T15:59:06.276Z,59.8,21.1,1.928,50.4,0,60.1,0,0,0,0,0,0,0,0,24
2025-09-25T15:59:07.276Z,59.8,21.1,1.929,49.6,0,60.1,0,0,0,0,0,0,0,0,24
2025-09-25T15:59:08.279Z,59.8,21.1,1.927,50.4,0,60.1,0,0,0,0,0,0,0,0,24
2025-09-25T15:59:09.276Z,59.8,21.1,1.929,49.6,0,60.1,0,0,0,0,0,0,0,0,24
2025-09-25T15:59:10.282Z,59.8,21.1,1.928,49.6,0,60.1,0,0,0,0,0,0,0,0,24
2025-09-25T15:59:11.276Z,59.8,21.1,1.929,50.4,0,60.1,0,0,0,0,0,0,0,0,24
2025-09-25T15:59:12.278Z,59.8,21.1,1.929,49.6,0,60.1,0,0,0,0,0,0,0,0,24
2025-09-25T15:59:13.278Z,59.8,21.1,1.929,50.4,0,60.1,0,0,0,0,0,0,0,0,24
2025-09-25T15:59:14.280Z,59.8,21.1,1.929,50.4,0,60.1,0,0,0,0,0,0,0,0,24
2025-09-25T15:59:15.280Z,59.8,21.1,1.929,49.6,0,60.1,0,0,0,0,0,0,0,0,24
2025-09-25T15:59:16.280Z,59.8,21.1,1.929,49.6,0,60.1,0,0,0,0,0,0,0,0,24
2025-09-25T15:59:17.283Z,59.8,21.1,1.929,49.6,0,60.1,0,0,0,0,0,0,0,0,24
2025-09-25T15:59:18.285Z,59.8,21.1,1.929,49.6,0,60.1,0,0,0,0,0,0,0,0,24
2025-09-25T15:59:19.287Z,59.8,21.1,1.929,50.4,0,60.1,0,0,0,0,0,0,0,0,24
2025-09-25T15:59:20.287Z,59.8,21.1,1.929,49.6,0,60.1,0,0,0,0,0,0,0,0,24
2025-09-25T15:59:21.291Z,59.8,21.1,1.929,50.4,0,60.1,0,0,0,0,0,0,0,0,24
2025-09-25T15:59:22.288Z,59.8,21.1,1.929,50.4,0,60.1,0,0,0,0,0,0,0,0,24
2025-09-25T15:59:23.291Z,59.8,21.1,1.929,49.6,0,60.1,0,0,0,0,0,0,0,0,24
2025-09-25T15:59:24.289Z,59.8,21.1,1.929,50.4,0,60.1,0,0,0,0,0,0,0,0,24
2025-09-25T15:59:25.294Z,59.8,21.1,1.929,49.6,0,60.1,0,0,0,0,0,0,0,0,24
2025-09-25T15:59:26.292Z,59.8,21.1,1.929,50.4,0,60.1,0,0,0,0,0,0,0,0,24
2025-09-25T15:59:27.291Z,59.8,21.1,1.929,49.6,0,60.1,0,0,0,0,0,0,0,0,24
2025-09-25T15:59:28.294Z,59.8,21.1,1.929,50.4,0,60.1,0,0,0,0,0,0,0,0,24
2025-09-25T15:59:29.292Z,59.8,21.1,1.929,50.4,0,60.1,0,0,0,0,0,0,0,0,24
2025-09-25T15:59:30.295Z,59.7,21.1,1.929,49.6,0,60.1,0,0,0,0,0,0,0,0,24
2025-09-25T15:59:31.297Z,59.7,21.1,1.929,49.6,0,60.1,0,0,0,0,0,0,0,0,24
2025-09-25T15:59:32.300Z,59.7,21.1,1.929,49.6,0,60.1,0,0,0,0,0,0,0,0,24
2025-09-25T15:59:33.302Z,59.7,21.1,1.929,50.4,0,60.1,0,0,0,0,0,0,0,0,24
2025-09-25T15:59:34.303Z,59.7,21.1,1.929,49.6,0,60.1,0,0,0,0,0,0,0,0,24
2025-09-25T15:59:35.301Z,59.7,21.1,1.929,50.4,0,60.1,0,0,0,0,0,0,0,0,24
2025-09-25T15:59:36.301Z,59.7,21.1,1.929,50.4,0,60.1,0,0,0,0,0,0,0,0,24
2025-09-25T15:59:37.304Z,59.7,21.1,1.929,49.6,0,60.1,0,0,0,0,0,0,0,0,24
2025-09-25T15:59:38.301Z,59.7,21.1,1.929,49.6,0,60.1,0,0,0,0,0,0,0,0,24
2025-09-25T15:59:39.306Z,59.7,21.1,1.929,49.6,0,60.1,0,0,0,0,0,0,0,0,24
2025-09-25T15:59:40.305Z,59.7,21.1,1.929,49.6,0,60.1,0,0,0,0,0,0,0,0,24
2025-09-25T15:59:41.309Z,59.7,21.1,1.929,50.4,0,60.1,0,0,0,0,0,0,0,0,24
2025-09-25T15:59:42.303Z,59.7,21.1,1.928,50.4,0,60.1,0,0,0,0,0,0,0,0,24
2025-09-25T15:59:43.310Z,59.7,21.1,1.929,49.6,0,60.1,0,0,0,0,0,0,0,0,24
2025-09-25T15:59:44.301Z,59.7,21.1,1.929,50.4,0,60.1,0,0,0,0,0,0,0,0,24
2025-09-25T15:59:45.303Z,59.7,21.1,1.928,49.6,0,60.1,0,0,0,0,0,0,0,0,24
2025-09-25T15:59:46.304Z,59.7,21.1,1.928,50.4,0,60.1,0,0,0,0,0,0,0,0,24
2025-09-25T15:59:47.306Z,59.7,21.1,1.928,49.6,0,60.1,0,0,0,0,0,0,0,0,24
2025-09-25T15:59:48.311Z,59.7,21.1,1.929,50.4,0,60.1,0,0,0,0,0,0,0,0,24
2025-09-25T15:59:49.312Z,59.7,21.1,1.929,49.6,0,60.1,0,0,0,0,0,0,0,0,24
2025-09-25T15:59:50.316Z,59.7,21.1,1.929,49.6,0,60.1,0,0,0,0,0,0,0,0,24
2025-09-25T15:59:51.314Z,59.7,21.1,1.929,50.4,0,60.1,0,0,0,0,0,0,0,0,24
2025-09-25T15:59:52.314Z,59.7,21.1,1.928,50.4,0,60.1,0,0,0,0,0,0,0,0,24
2025-09-25T15:59:53.316Z,59.7,21.1,1.928,49.6,0,60.1,0,0,0,0,0,0,0,0,24
2025-09-25T15:59:54.315Z,59.7,21.1,1.928,50.4,0,60.1,0,0,0,0,0,0,0,0,24
2025-09-25T15:59:55.318Z,59.7,21.1,1.928,49.6,0,60.1,0,0,0,0,0,0,0,0,24
2025-09-25T15:59:56.319Z,59.7,21.1,1.928,50.4,0,60.1,0,0,0,0,0,0,0,0,24
2025-09-25T15:59:57.317Z,59.7,21.1,1.928,49.6,0,60.1,0,0,0,0,0,0,0,0,24
2025-09-25T15:59:58.323Z,59.7,21.1,1.929,50.4,0,60.1,0,0,0,0,0,0,0,0,24
2025-09-25T15:59:59.315Z,59.7,21.1,1.928,49.6,0,60.1,0,0,0,0,0,0,0,0,24
2025-09-25T16:00:00.326Z,59.7,21.1,1.929,49.6,0,60.1,0,0,0,0,0,0,0,0,24
2025-09-25T16:00:01.324Z,59.7,21.1,1.928,50.4,0,60.1,0,0,0,0,0,0,0,0,24
2025-09-25T16:00:02.325Z,59.7,21.1,1.928,49.6,0,60.1,0,0,0,0,0,0,0,0,24
2025-09-25T16:00:03.324Z,59.7,21.1,1.929,49.6,0,60.1,0,0,0,0,0,0,0,0,24
2025-09-25T16:00:04.329Z,59.7,21.1,1.928,50.4,0,60.1,0,0,0,0,0,0,0,0,24
2025-09-25T16:00:05.320Z,59.7,21.1,1.928,49.6,0,60.1,0,0,0,0,0,0,0,0,24
2025-09-25T16:00:06.328Z,59.7,21.1,1.928,50.4,0,60.1,0,0,0,0,0,0,0,0,24
2025-09-25T16:00:07.323Z,59.7,21.1,1.928,50.4,0,60.1,0,0,0,0,0,0,0,0,24
2025-09-25T16:00:08.329Z,59.7,21.1,1.928,49.6,0,60.1,0,0,0,0,0,0,0,0,24
2025-09-25T16:00:09.332Z,59.7,21.1,1.928,50.4,0,60.1,0,0,0,0,0,0,0,0,24
2025-09-25T16:00:10.331Z,59.7,21.1,1.928,49.6,0,60.1,0,0,0,0,0,0,0,0,24
2025-09-25T16:00:11.330Z,59.7,21.1,1.928,50.4,0,60.1,0,0,0,0,0,0,0,0,24
2025-09-25T16:00:12.329Z,59.7,21.1,1.928,49.6,0,60.1,0,0,0,0,0,0,0,0,24
2025-09-25T16:00:13.330Z,59.7,21.1,1.928,49.6,0,60.1,0,0,0,0,0,0,0,0,24
2025-09-25T16:00:14.331Z,59.7,21.1,1.928,50.4,0,60.1,0,0,0,0,0,0,0,0,24
2025-09-25T16:00:15.335Z,59.6,21.1,1.929,49.6,0,60.1,0,0,0,0,0,0,0,0,24
2025-09-25T16:00:16.336Z,59.6,21.1,1.928,50.4,0,60.1,0,0,0,0,0,0,0,0,24
2025-09-25T16:00:17.337Z,59.6,21.1,1.928,50.4,0,60.1,0,0,0,0,0,0,0,0,24
2025-09-25T16:00:18.335Z,59.6,21.1,1.929,49.6,0,60.1,0,0,0,0,0,0,0,0,24
2025-09-25T16:00:19.340Z,59.6,21.1,1.928,50.4,0,60.1,0,0,0,0,0,0,0,0,24
2025-09-25T16:00:20.339Z,59.6,21.1,1.929,49.6,0,60.1,0,0,0,0,0,0,0,0,24
2025-09-25T16:00:21.342Z,59.6,21.1,1.929,50.4,0,60.1,0,0,0,0,0,0,0,0,24
2025-09-25T16:00:22.339Z,59.6,21.1,1.928,49.6,0,60.1,0,0,0,0,0,0,0,0,24
2025-09-25T16:00:23.337Z,59.6,21.1,1.929,50.4,0,60.1,0,0,0,0,0,0,0,0,24
2025-09-25T16:00:24.334Z,59.6,21.1,1.929,49.6,0,60.1,0,0,0,0,0,0,0,0,24
2025-09-25T16:00:25.345Z,59.6,21.1,1.929,50.4,0,60.1,0,0,0,0,0,0,0,0,24
2025-09-25T16:00:26.344Z,59.6,21.1,1.929,49.6,0,60.1,0,0,0,0,0,0,0,0,24
2025-09-25T16:00:27.344Z,59.6,21.1,1.929,50.4,0,60.1,0,0,0,0,0,0,0,0,24
2025-09-25T16:00:28.347Z,59.6,21.1,1.928,49.6,0,60.1,0,0,0,0,0,0,0,0,24
2025-09-25T16:00:29.349Z,59.6,21.1,1.929,50.4,0,60.1,0,0,0,0,0,0,0,0,24
2025-09-25T16:00:30.347Z,59.6,21.1,1.929,49.6,0,60.1,0,0,0,0,0,0,0,0,24
2025-09-25T16:00:31.353Z,59.6,21.1,1.929,50.4,0,60.1,0,0,0,0,0,0,0,0,24
2025-09-25T16:00:32.350Z,59.6,21.1,1.929,49.6,0,60.1,0,0,0,0,0,0,0,0,24
2025-09-25T16:00:33.351Z,59.6,21.1,1.929,50.4,0,60.1,0,0,0,0,0,0,0,0,24
2025-09-25T16:00:34.352Z,59.6,21.1,1.929,49.6,0,60.1,0,0,0,0,0,0,0,0,24
2025-09-25T16:00:35.353Z,59.6,21.1,1.929,49.6,0,60.1,0,0,0,0,0,0,0,0,24
2025-09-25T16:00:36.353Z,59.6,21.1,1.93,49.6,0,60.1,0,0,0,0,0,0,0,0,24
2025-09-25T16:00:37.357Z,59.6,21.1,1.929,49.6,0,60.1,0,0,0,0,0,0,0,0,24
2025-09-25T16:00:38.358Z,59.6,21.1,1.929,50.4,0,60.1,0,0,0,0,0,0,0,0,24
2025-09-25T16:00:39.358Z,59.6,21.1,1.929,49.6,0,60.1,0,0,0,0,0,0,0,0,24
2025-09-25T16:00:40.356Z,59.6,21.1,1.929,49.6,0,60.1,0,0,0,0,0,0,0,0,24
2025-09-25T16:00:41.356Z,59.6,21.1,1.929,50.4,0,60.1,0,0,0,0,0,0,0,0,24
2025-09-25T16:00:42.357Z,59.6,21.1,1.929,49.6,0,60.1,0,0,0,0,0,0,0,0,24
2025-09-25T16:00:43.354Z,59.6,21.1,1.93,50.4,0,60.1,0,0,0,0,0,0,0,0,24
2025-09-25T16:00:44.360Z,59.6,21.1,1.929,50.4,0,60.1,0,0,0,0,0,0,0,0,24
2025-09-25T16:00:45.360Z,59.6,21.1,1.929,49.6,0,60.1,0,0,0,0,0,0,0,0,24
2025-09-25T16:00:46.359Z,59.6,21.1,1.929,50.4,0,60.1,0,0,0,0,0,0,0,0,24
2025-09-25T16:00:47.362Z,59.6,21.1,1.929,49.6,0,60.1,0,0,0,0,0,0,0,0,24
2025-09-25T16:00:48.364Z,59.6,21.1,1.929,50.4,0,60.1,0,0,0,0,0,0,0,0,24
2025-09-25T16:00:49.358Z,59.6,21.1,1.93,49.6,0,60.1,0,0,0,0,0,0,0,0,24
2025-09-25T16:00:50.356Z,59.6,21.1,1.93,50.4,0,60.1,0,0,0,0,0,0,0,0,24
2025-09-25T16:00:51.366Z,59.6,21.1,1.929,50.4,0,60.1,0,0,0,0,0,0,0,0,24
2025-09-25T16:00:52.359Z,59.6,21.1,1.93,49.6,0,60.1,0,0,0,0,0,0,0,0,24
2025-09-25T16:00:53.363Z,59.6,21.1,1.93,50.4,0,60.1,0,0,0,0,0,0,0,0,24
2025-09-25T16:00:54.368Z,59.6,21.1,1.929,49.6,0,60.1,0,0,0,0,0,0,0,0,24
2025-09-25T16:00:55.366Z,59.6,21.1,1.93,50.4,0,60.1,0,0,0,0,0,0,0,0,24
2025-09-25T16:00:56.369Z,59.6,21.1,1.93,49.6,0,60.1,0,0,0,0,0,0,0,0,24
2025-09-25T16:00:57.372Z,59.6,21.1,1.93,50.4,0,60.1,0,0,0,0,0,0,0,0,24
2025-09-25T16:00:58.374Z,59.6,21.1,1.929,49.6,0,60.1,0,0,0,0,0,0,0,0,24
2025-09-25T16:00:59.373Z,59.6,21.1,1.93,50.4,0,60.1,0,0,0,0,0,0,0,0,24
2025-09-25T16:01:00.363Z,59.6,21.1,1.93,49.6,0,60.1,0,0,0,0,0,0,0,0,24
2025-09-25T16:01:01.367Z,59.6,21.1,1.93,50.4,0,60.1,0,0,0,0,0,0,0,0,24
2025-09-25T16:01:02.372Z,59.6,21.1,1.93,49.6,0,60.1,0,0,0,0,0,0,0,0,24
2025-09-25T16:01:03.370Z,59.6,21.1,1.93,50.4,0,60.1,0,0,0,0,0,0,0,0,24
2025-09-25T16:01:04.373Z,59.6,21.1,1.931,49.6,0,60.1,0,0,0,0,0,0,0,0,24
2025-09-25T16:01:05.377Z,59.6,21.1,1.93,50.4,0,60.1,0,0,0,0,0,0,0,0,24
2025-09-25T16:01:06.377Z,59.6,21.1,1.93,49.6,0,60.1,0,0,0,0,0,0,0,0,24
2025-09-25T16:01:07.380Z,59.6,21.1,1.93,50.4,0,60.1,0,0,0,0,0,0,0,0,24
2025-09-25T16:01:08.382Z,59.6,21.1,1.931,49.6,0,60.1,0,0,0,0,0,0,0,0,24
2025-09-25T16:01:09.381Z,59.6,21.1,1.93,50.4,0,60.1,0,0,0,0,0,0,0,0,24
2025-09-25T16:01:10.382Z,59.6,21.1,1.931,49.6,0,60.1,0,0,0,0,0,0,0,0,24
2025-09-25T16:01:11.373Z,59.6,21.1,1.93,50.4,0,60.1,0,0,0,0,0,0,0,0,24
2025-09-25T16:01:12.382Z,59.6,21.1,1.931,49.6,0,60.1,0,0,0,0,0,0,0,0,24
2025-09-25T16:01:13.383Z,59.6,21.1,1.931,50.4,0,60.1,0,0,0,0,0,0,0,0,24
2025-09-25T16:01:14.383Z,59.6,21.1,1.931,49.6,0,60.1,0,0,0,0,0,0,0,0,24
2025-09-25T16:01:15.378Z,59.6,21.1,1.93,50.4,0,60.1,0,0,0,0,0,0,0,0,24
2025-09-25T16:01:16.389Z,59.6,21.1,1.931,49.6,0,60.1,0,0,0,0,0,0,0,0,24
2025-09-25T16:01:17.387Z,59.6,21.1,1.93,50.4,0,60.1,0,0,0,0,0,0,0,0,24
2025-09-25T16:01:18.389Z,59.6,21.1,1.93,49.6,0,60.1,0,0,0,0,0,0,0,0,24
2025-09-25T16:01:19.391Z,59.6,21.1,1.931,50.4,0,60.1,0,0,0,0,0,0,0,0,24
2025-09-25T16:01:20.384Z,59.6,21.1,1.93,49.6,0,60.1,0,0,0,0,0,0,0,0,24
2025-09-25T16:01:21.388Z,59.6,21.1,1.931,50.4,0,60.1,0,0,0,0,0,0,0,0,24
2025-09-25T16:01:22.385Z,59.6,21.1,1.93,49.6,0,60,0,0,0,0,0,0,0,0,24
2025-09-25T16:01:23.392Z,59.6,21.1,1.931,50.4,0,60.1,0,0,0,0,0,0,0,0,24
2025-09-25T16:01:24.393Z,59.6,21.1,1.931,49.6,0,60.1,0,0,0,0,0,0,0,0,24
2025-09-25T16:01:25.395Z,59.6,21.1,1.931,50.4,0,60.1,0,0,0,0,0,0,0,0,24
2025-09-25T16:01:26.394Z,59.6,21.1,1.931,49.6,0,60.1,0,0,0,0,0,0,0,0,24
2025-09-25T16:01:27.393Z,59.6,21.1,1.93,50.4,0,60.1,0,0,0,0,0,0,0,0,24
2025-09-25T16:01:28.398Z,59.6,21.1,1.931,49.6,0,60.1,0,0,0,0,0,0,0,0,24
2025-09-25T16:01:29.397Z,59.6,21.1,1.931,50.4,0,60.1,0,0,0,0,0,0,0,0,24
2025-09-25T16:01:30.399Z,59.6,21.1,1.931,49.6,0,60.1,0,0,0,0,0,0,0,0,24
2025-09-25T16:01:31.400Z,59.6,21.1,1.931,49.6,0,60.1,0,0,0,0,0,0,0,0,24
2025-09-25T16:01:32.397Z,59.6,21.1,1.93,50.4,0,60.1,0,0,0,0,0,0,0,0,24
2025-09-25T16:01:33.401Z,59.6,21.1,1.931,49.6,0,60,0,0,0,0,0,0,0,0,24
2025-09-25T16:01:34.400Z,59.6,21.1,1.93,50.4,0,60,0,0,0,0,0,0,0,0,24
2025-09-25T16:01:35.410Z,59.6,21.1,1.931,49.6,0,60,0,0,0,0,0,0,0,0,24
2025-09-25T16:01:36.398Z,59.6,21.1,1.93,49.6,0,60,0,0,0,0,0,0,0,0,24
2025-09-25T16:01:37.402Z,59.6,21.1,1.93,49.6,0,60.1,0,0,0,0,0,0,0,0,24
2025-09-25T16:01:38.407Z,59.6,21.1,1.931,50.4,0,60.1,0,0,0,0,0,0,0,0,24
2025-09-25T16:01:39.410Z,59.6,21.1,1.931,49.6,0,60,0,0,0,0,0,0,0,0,24
2025-09-25T16:01:40.411Z,59.6,21.1,1.931,50.4,0,60,0,0,0,0,0,0,0,0,24
2025-09-25T16:01:41.407Z,59.6,21.1,1.931,49.6,0,60.1,0,0,0,0,0,0,0,0,24
2025-09-25T16:01:42.407Z,59.6,21.1,1.931,50.4,0,60,0,0,0,0,0,0,0,0,24
2025-09-25T16:01:43.406Z,59.6,21.1,1.93,49.6,0,60.1,0,0,0,0,0,0,0,0,24
2025-09-25T16:01:44.411Z,59.6,21.1,1.931,50.4,0,60.1,0,0,0,0,0,0,0,0,24
2025-09-25T16:01:45.403Z,59.6,21.1,1.93,49.6,0,60,0,0,0,0,0,0,0,0,24
2025-09-25T16:01:46.403Z,59.6,21.1,1.93,50.4,0,60.1,0,0,0,0,0,0,0,0,24
2025-09-25T16:01:47.404Z,59.6,21.1,1.93,49.6,0,60.1,0,0,0,0,0,0,0,0,24
2025-09-25T16:01:48.410Z,59.6,21.1,1.93,50.4,0,60,0,0,0,0,0,0,0,0,24
2025-09-25T16:01:49.409Z,59.6,21.1,1.93,49.6,0,60.1,0,0,0,0,0,0,0,0,24
2025-09-25T16:01:50.413Z,59.6,21.1,1.93,50.4,0,60.1,0,0,0,0,0,0,0,0,24
2025-09-25T16:01:51.412Z,59.6,21.1,1.93,49.6,0,60,0,0,0,0,0,0,0,0,24
2025-09-25T16:01:52.419Z,59.6,21.1,1.93,50.4,0,60.1,0,0,0,0,0,0,0,0,24
2025-09-25T16:01:53.421Z,59.6,21.1,1.929,49.6,0,60.1,0,0,0,0,0,0,0,0,24
2025-09-25T16:01:54.421Z,59.6,21.1,1.929,50.4,0,60,0,0,0,0,0,0,0,0,24
2025-09-25T16:01:55.417Z,59.6,21.1,1.929,49.6,0,60.1,0,0,0,0,0,0,0,0,24
2025-09-25T16:01:56.419Z,59.6,21.1,1.93,50.4,0,60.1,0,0,0,0,0,0,0,0,24
2025-09-25T16:01:57.416Z,59.6,21.1,1.93,49.6,0,60.1,0,0,0,0,0,0,0,0,24
2025-09-25T16:01:58.424Z,59.6,21.1,1.93,50.4,0,60.1,0,0,0,0,0,0,0,0,24
2025-09-25T16:01:59.414Z,59.6,21.1,1.93,49.6,0,60.1,0,0,0,0,0,0,0,0,24
2025-09-25T16:02:00.414Z,59.6,21.1,1.931,49.6,0,60,0,0,0,0,0,0,0,0,24
2025-09-25T16:02:01.417Z,59.6,21.1,1.93,49.6,0,60,0,0,0,0,0,0,0,0,24
2025-09-25T16:02:02.415Z,59.6,21.1,1.93,50.4,0,60,0,0,0,0,0,0,0,0,24
2025-09-25T16:02:03.418Z,59.6,21.1,1.93,49.6,0,60.1,0,0,0,0,0,0,0,0,24
2025-09-25T16:02:04.425Z,59.6,21.1,1.929,50.4,0,60,0,0,0,0,0,0,0,0,24
2025-09-25T16:02:05.425Z,59.6,21.1,1.929,49.6,0,60.1,0,0,0,0,0,0,0,0,24
2025-09-25T16:02:06.425Z,59.6,21.1,1.929,50.4,0,60,0,0,0,0,0,0,0,0,24
2025-09-25T16:02:07.429Z,59.6,21.1,1.929,49.6,0,60,0,0,0,0,0,0,0,0,24
2025-09-25T16:02:08.427Z,59.6,21.1,1.929,50.4,0,60,0,0,0,0,0,0,0,0,24
2025-09-25T16:02:09.427Z,59.6,21.1,1.929,49.6,0,60,0,0,0,0,0,0,0,0,24
2025-09-25T16:02:10.426Z,59.6,21.1,1.93,49.6,0,60.1,0,0,0,0,0,0,0,0,24
2025-09-25T16:02:11.430Z,59.6,21.1,1.929,50.4,0,60.1,0,0,0,0,0,0,0,0,24
2025-09-25T16:02:12.426Z,59.6,21.1,1.93,49.6,0,60.1,0,0,0,0,0,0,0,0,24
2025-09-25T16:02:13.430Z,59.6,21.1,1.929,50.4,0,60.1,0,0,0,0,0,0,0,0,24
2025-09-25T16:02:14.432Z,59.6,21.1,1.929,49.6,0,60.1,0,0,0,0,0,0,0,0,24
2025-09-25T16:02:15.432Z,59.6,21.1,1.93,50.4,0,60.1,0,0,0,0,0,0,0,0,24
2025-09-25T16:02:16.436Z,59.6,21.1,1.929,49.6,0,60.1,0,0,0,0,0,0,0,0,24
2025-09-25T16:02:17.434Z,59.6,21.1,1.929,49.6,0,60.1,0,0,0,0,0,0,0,0,24
2025-09-25T16:02:18.435Z,59.6,21.1,1.93,49.6,0,60.1,0,0,0,0,0,0,0,0,24
2025-09-25T16:02:19.436Z,59.6,21.1,1.929,50.4,0,60.1,0,0,0,0,0,0,0,0,24
2025-09-25T16:02:20.439Z,59.6,21.1,1.929,49.6,0,60.1,0,0,0,0,0,0,0,0,24
2025-09-25T16:02:21.438Z,59.6,21.1,1.93,50.4,0,60.1,0,0,0,0,0,0,0,0,24
2025-09-25T16:02:22.442Z,59.6,21.1,1.929,50.4,0,60.1,0,0,0,0,0,0,0,0,24
2025-09-25T16:02:23.443Z,59.6,21.1,1.93,49.6,0,60.1,0,0,0,0,0,0,0,0,24
2025-09-25T16:02:24.442Z,59.6,21.1,1.93,49.6,0,60.1,0,0,0,0,0,0,0,0,24
2025-09-25T16:02:25.441Z,59.6,21.1,1.93,49.6,0,60.1,0,0,0,0,0,0,0,0,24
2025-09-25T16:02:26.442Z,59.6,21.1,1.93,50.4,0,60,0,0,0,0,0,0,0,0,24
2025-09-25T16:02:27.441Z,59.6,21.1,1.93,49.6,0,60.1,0,0,0,0,0,0,0,0,24
2025-09-25T16:02:28.444Z,59.6,21.1,1.93,50.4,0,60.1,0,0,0,0,0,0,0,0,24
2025-09-25T16:02:29.447Z,59.6,21.1,1.93,50.4,0,60.1,0,0,0,0,0,0,0,0,24
2025-09-25T16:02:30.445Z,59.6,21.1,1.929,49.6,0,60.1,0,0,0,0,0,0,0,0,24
2025-09-25T16:02:31.445Z,59.6,21.1,1.93,50.4,0,60.1,0,0,0,0,0,0,0,0,24
2025-09-25T16:02:32.450Z,59.6,21.1,1.929,49.6,0,60,0,0,0,0,0,0,0,0,24
2025-09-25T16:02:33.453Z,59.6,21.1,1.928,50.4,0,60,0,0,0,0,0,0,0,0,24
2025-09-25T16:02:34.459Z,59.6,21.1,1.929,49.6,0,60,0,0,0,0,0,0,0,0,24
2025-09-25T16:02:35.452Z,59.6,21.1,1.929,50.4,0,60,0,0,0,0,0,0,0,0,24
2025-09-25T16:02:36.454Z,59.7,21.1,1.929,49.6,0,60,0,0,0,0,0,0,0,0,24
2025-09-25T16:02:37.454Z,59.7,21.1,1.929,50.4,0,60.1,0,0,0,0,0,0,0,0,24
2025-09-25T16:02:38.450Z,59.6,21.1,1.93,49.6,0,60,0,0,0,0,0,0,0,0,24
2025-09-25T16:02:39.451Z,59.7,21.1,1.929,49.6,0,60,0,0,0,0,0,0,0,0,24
2025-09-25T16:02:40.452Z,59.7,21.1,1.929,50.4,0,60,0,0,0,0,0,0,0,0,24
2025-09-25T16:02:41.457Z,59.7,21.1,1.929,49.6,0,60,0,0,0,0,0,0,0,0,24
2025-09-25T16:02:42.457Z,59.7,21.1,1.929,50.4,0,60,0,0,0,0,0,0,0,0,24
2025-09-25T16:02:43.457Z,59.7,21.1,1.929,49.6,0,60,0,0,0,0,0,0,0,0,24
2025-09-25T16:02:44.457Z,59.7,21.1,1.929,50.4,0,60,0,0,0,0,0,0,0,0,24
2025-09-25T16:02:45.458Z,59.7,21.1,1.929,49.6,0,60,0,0,0,0,0,0,0,0,24
2025-09-25T16:02:46.459Z,59.7,21.1,1.929,50.4,0,60,0,0,0,0,0,0,0,0,24
2025-09-25T16:02:47.461Z,59.7,21.1,1.929,49.6,0,60,0,0,0,0,0,0,0,0,24
2025-09-25T16:02:48.463Z,59.7,21.1,1.929,50.4,0,60,0,0,0,0,0,0,0,0,24
2025-09-25T16:02:49.461Z,59.7,21.1,1.929,49.6,0,60,0,0,0,0,0,0,0,0,24
2025-09-25T16:02:50.458Z,59.7,21.1,1.928,50.4,0,60,0,0,0,0,0,0,0,0,24
2025-09-25T16:02:51.467Z,59.7,21.1,1.929,49.6,0,60,0,0,0,0,0,0,0,0,24
2025-09-25T16:02:52.469Z,59.7,21.1,1.929,50.4,0,60,0,0,0,0,0,0,0,0,24
2025-09-25T16:02:53.466Z,59.7,21.1,1.929,49.6,0,60,0,0,0,0,0,0,0,0,24
2025-09-25T16:02:54.469Z,59.7,21.1,1.929,50.4,0,60,0,0,0,0,0,0,0,0,24
2025-09-25T16:02:55.472Z,59.7,21.1,1.929,49.6,0,60,0,0,0,0,0,0,0,0,24
2025-09-25T16:02:56.471Z,59.7,21.1,1.929,50.4,0,60,0,0,0,0,0,0,0,0,24
2025-09-25T16:02:57.471Z,59.7,21.1,1.929,49.6,0,60,0,0,0,0,0,0,0,0,24
2025-09-25T16:02:58.467Z,59.7,21.1,1.928,50.4,0,60,0,0,0,0,0,0,0,0,24
2025-09-25T16:02:59.474Z,59.7,21.1,1.929,49.6,0,60,0,0,0,0,0,0,0,0,24
2025-09-25T16:03:00.475Z,59.7,21.1,1.929,50.4,0,60,0,0,0,0,0,0,0,0,24
2025-09-25T16:03:01.474Z,59.7,21.1,1.929,49.6,0,60,0,0,0,0,0,0,0,0,24
2025-09-25T16:03:02.478Z,59.7,21.1,1.929,50.4,0,60,0,0,0,0,0,0,0,0,24
2025-09-25T16:03:03.480Z,59.7,21.1,1.929,49.6,0,60,0,0,0,0,0,0,0,0,24
2025-09-25T16:03:04.477Z,59.7,21.1,1.929,50.4,0,60,0,0,0,0,0,0,0,0,24
2025-09-25T16:03:05.481Z,59.7,21.1,1.929,49.6,0,60,0,0,0,0,0,0,0,0,24
2025-09-25T16:03:06.481Z,59.7,21.1,1.929,50.4,0,60,0,0,0,0,0,0,0,0,24
2025-09-25T16:03:07.480Z,59.8,21.1,1.929,49.6,0,60,0,0,0,0,0,0,0,0,24
2025-09-25T16:03:08.486Z,59.8,21.1,1.929,50.4,0,60,0,0,0,0,0,0,0,0,24
2025-09-25T16:03:09.483Z,59.8,21.1,1.929,49.6,0,60,0,0,0,0,0,0,0,0,24
2025-09-25T16:03:10.477Z,59.8,21.1,1.928,50.4,0,60,0,0,0,0,0,0,0,0,24
2025-09-25T16:03:11.480Z,59.8,21.1,1.928,49.6,0,60,0,0,0,0,0,0,0,0,24
2025-09-25T16:03:12.484Z,59.8,21.1,1.929,50.4,0,60,0,0,0,0,0,0,0,0,24
2025-09-25T16:03:13.484Z,59.8,21.1,1.928,49.6,0,60,0,0,0,0,0,0,0,0,24
2025-09-25T16:03:14.487Z,59.8,21.1,1.929,50.4,0,60,0,0,0,0,0,0,0,0,24
2025-09-25T16:03:15.485Z,59.8,21.1,1.928,49.6,0,60,0,0,0,0,0,0,0,0,24
2025-09-25T16:03:16.488Z,59.8,21.1,1.929,50.4,0,60,0,0,0,0,0,0,0,0,24
2025-09-25T16:03:17.492Z,59.8,21.1,1.929,49.6,0,60,0,0,0,0,0,0,0,0,24
2025-09-25T16:03:18.490Z,59.8,21.1,1.929,50.4,0,60,0,0,0,0,0,0,0,0,24
2025-09-25T16:03:19.490Z,59.8,21.1,1.928,49.6,0,60,0,0,0,0,0,0,0,0,24
2025-09-25T16:03:20.485Z,59.8,21.1,1.928,50.4,0,60,0,0,0,0,0,0,0,0,24
2025-09-25T16:03:21.496Z,59.8,21.1,1.929,49.6,0,60,0,0,0,0,0,0,0,0,24
2025-09-25T16:03:22.495Z,59.8,21.1,1.929,50.4,0,60,0,0,0,0,0,0,0,0,24
2025-09-25T16:03:23.494Z,59.8,21.1,1.928,49.6,0,60,0,0,0,0,0,0,0,0,24
2025-09-25T16:03:24.494Z,59.8,21.1,1.927,50.4,0,60,0,0,0,0,0,0,0,0,24
2025-09-25T16:03:25.496Z,59.8,21.1,1.927,49.6,0,60,0,0,0,0,0,0,0,0,24
2025-09-25T16:03:26.497Z,59.8,21.1,1.927,50.4,0,60,0,0,0,0,0,0,0,0,24
2025-09-25T16:03:27.498Z,59.8,21.1,1.928,49.6,0,60,0,0,0,0,0,0,0,0,24
2025-09-25T16:03:28.498Z,59.8,21.1,1.928,50.4,0,60,0,0,0,0,0,0,0,0,24
2025-09-25T16:03:29.506Z,59.8,21.1,1.928,49.6,0,60,0,0,0,0,0,0,0,0,24
2025-09-25T16:03:30.500Z,59.8,21.1,1.928,49.6,0,60,0,0,0,0,0,0,0,0,24
2025-09-25T16:03:31.495Z,59.8,21.1,1.927,49.6,0,60,0,0,0,0,0,0,0,0,24
2025-09-25T16:03:32.498Z,59.8,21.1,1.927,50.4,0,60,0,0,0,0,0,0,0,0,24
2025-09-25T16:03:33.498Z,59.9,21.1,1.927,49.6,0,60,0,0,0,0,0,0,0,0,24
2025-09-25T16:03:34.501Z,59.9,21.1,1.927,50.4,0,60,0,0,0,0,0,0,0,0,24
2025-09-25T16:03:35.501Z,59.9,21.1,1.927,49.6,0,60,0,0,0,0,0,0,0,0,24
2025-09-25T16:03:36.502Z,59.9,21.1,1.927,50.4,0,60,0,0,0,0,0,0,0,0,24
2025-09-25T16:03:37.504Z,59.9,21.1,1.927,49.6,0,60,0,0,0,0,0,0,0,0,24
2025-09-25T16:03:38.503Z,59.9,21.1,1.927,50.4,0,60,0,0,0,0,0,0,0,0,24
2025-09-25T16:03:39.504Z,59.9,21.1,1.926,49.6,0,60,0,0,0,0,0,0,0,0,24
2025-09-25T16:03:40.508Z,59.9,21.1,1.927,50.4,0,60,0,0,0,0,0,0,0,0,24
2025-09-25T16:03:41.509Z,59.9,21.1,1.927,49.6,0,60,0,0,0,0,0,0,0,0,24
2025-09-25T16:03:42.513Z,59.9,21.1,1.927,50.4,0,60,0,0,0,0,0,0,0,0,24
2025-09-25T16:03:43.511Z,59.9,21.1,1.926,49.6,0,60,0,0,0,0,0,0,0,0,24
2025-09-25T16:03:44.512Z,59.9,21.1,1.927,49.6,0,60,0,0,0,0,0,0,0,0,24
2025-09-25T16:03:45.512Z,59.9,21.1,1.927,50.4,0,60,0,0,0,0,0,0,0,0,24
2025-09-25T16:03:46.517Z,59.9,21.1,1.926,49.6,0,60,0,0,0,0,0,0,0,0,24
2025-09-25T16:03:47.518Z,59.9,21.1,1.927,50.4,0,60,0,0,0,0,0,0,0,0,24
2025-09-25T16:03:48.515Z,59.9,21.1,1.926,49.6,0,60,0,0,0,0,0,0,0,0,24
2025-09-25T16:03:49.518Z,59.9,21.1,1.926,50.4,0,60,0,0,0,0,0,0,0,0,24
2025-09-25T16:03:50.518Z,59.9,21.1,1.926,49.6,0,60,0,0,0,0,0,0,0,0,24
2025-09-25T16:03:51.521Z,59.9,21.1,1.926,50.4,0,60,0,0,0,0,0,0,0,0,24
2025-09-25T16:03:52.515Z,59.9,21.1,1.926,49.6,0,60,0,0,0,0,0,0,0,0,24
2025-09-25T16:03:53.525Z,60,21.1,1.927,50.4,0,60,0,0,0,0,0,0,0,0,24
2025-09-25T16:03:54.523Z,60,21.1,1.926,49.6,0,60,0,0,0,0,0,0,0,0,24
2025-09-25T16:03:55.517Z,60,21.1,1.926,50.4,0,60,0,0,0,0,0,0,0,0,24
2025-09-25T16:03:56.527Z,60,21.1,1.926,49.6,0,60,0,0,0,0,0,0,0,0,24
2025-09-25T16:03:57.525Z,60,21.1,1.926,50.4,0,60,0,0,0,0,0,0,0,0,24
2025-09-25T16:03:58.526Z,60,21.1,1.926,49.6,0,60,0,0,0,0,0,0,0,0,24
2025-09-25T16:03:59.527Z,60,21.1,1.926,50.4,0,60,0,0,0,0,0,0,0,0,24
2025-09-25T16:04:00.525Z,60,21.1,1.926,49.6,0,60,0,0,0,0,0,0,0,0,24
2025-09-25T16:04:01.525Z,60,21.1,1.926,50.4,0,60,0,0,0,0,0,0,0,0,24
2025-09-25T16:04:02.532Z,60,21.1,1.926,49.6,0,60,0,0,0,0,0,0,0,0,24
2025-09-25T16:04:03.529Z,60,21.1,1.926,50.4,0,60,0,0,0,0,0,0,0,0,24
2025-09-25T16:04:04.531Z,60,21.1,1.926,49.6,0,60,0,0,0,0,0,0,0,0,24
2025-09-25T16:04:05.533Z,60,21.1,1.926,50.4,0,60,0,0,0,0,0,0,0,0,24
2025-09-25T16:04:06.534Z,60,21.1,1.926,49.6,0,60,0,0,0,0,0,0,0,0,24
2025-09-25T16:04:07.535Z,60,21.1,1.926,50.4,0,60,0,0,0,0,0,0,0,0,24
2025-09-25T16:04:08.538Z,60,21.1,1.926,49.6,0,60,0,0,0,0,0,0,0,0,24
2025-09-25T16:04:09.531Z,60,21.1,1.926,50.4,0,60,0,0,0,0,0,0,0,0,24
2025-09-25T16:04:10.527Z,60,21.1,1.926,49.6,0,60,0,0,0,0,0,0,0,0,24
2025-09-25T16:04:11.539Z,60,21.1,1.926,50.4,0,60,0,0,0,0,0,0,0,0,24
2025-09-25T16:04:12.537Z,60.1,21.1,1.926,49.6,0,60,0,0,0,0,0,0,0,0,24
2025-09-25T16:04:13.536Z,60.1,21.1,1.926,50.4,0,60,0,0,0,0,0,0,0,0,24
2025-09-25T16:04:14.537Z,60.1,21.1,1.926,49.6,0,60,0,0,0,0,0,0,0,0,24
2025-09-25T16:04:15.534Z,60.1,21.1,1.926,49.6,0,60,0,0,0,0,0,0,0,0,24
2025-09-25T16:04:16.542Z,60.1,21.1,1.926,49.6,0,60,0,0,0,0,0,0,0,0,24
2025-09-25T16:04:17.538Z,60.1,21.1,1.926,50.4,0,60,0,0,0,0,0,0,0,0,24
2025-09-25T16:04:18.540Z,60.1,21.1,1.926,49.6,0,60,0,0,0,0,0,0,0,0,24
2025-09-25T16:04:19.542Z,60.1,21.1,1.926,50.4,0,60,0,0,0,0,0,0,0,0,24
2025-09-25T16:04:20.541Z,60.1,21.1,1.926,49.6,0,60,0,0,0,0,0,0,0,0,24
2025-09-25T16:04:21.541Z,60.1,21.1,1.926,50.4,0,60,0,0,0,0,0,0,0,0,24
2025-09-25T16:04:22.543Z,60.1,21.1,1.926,49.6,0,60,0,0,0,0,0,0,0,0,24
2025-09-25T16:04:23.547Z,60.1,21.1,1.926,50.4,0,60,0,0,0,0,0,0,0,0,24
2025-09-25T16:04:24.550Z,60.1,21.1,1.926,49.6,0,60,0,0,0,0,0,0,0,0,24
2025-09-25T16:04:25.545Z,60.1,21.1,1.926,50.4,0,60,0,0,0,0,0,0,0,0,24
2025-09-25T16:04:26.549Z,60.1,21.1,1.926,49.6,0,60,0,0,0,0,0,0,0,0,24
2025-09-25T16:04:27.549Z,60.1,21.1,1.926,49.6,0,60,0,0,0,0,0,0,0,0,24
2025-09-25T16:04:28.550Z,60.1,21.1,1.926,50.4,0,60,0,0,0,0,0,0,0,0,24
2025-09-25T16:04:29.548Z,60.1,21.1,1.926,49.6,0,60,0,0,0,0,0,0,0,0,24
2025-09-25T16:04:30.550Z,60.1,21.1,1.926,50.4,0,60,0,0,0,0,0,0,0,0,24
2025-09-25T16:04:31.552Z,60.1,21.1,1.926,49.6,0,60,0,0,0,0,0,0,0,0,24
2025-09-25T16:04:32.553Z,60.2,21.1,1.926,50.4,0,60,0,0,0,0,0,0,0,0,24
2025-09-25T16:04:33.556Z,60.2,21.1,1.926,49.6,0,60,0,0,0,0,0,0,0,0,24
2025-09-25T16:04:34.558Z,60.2,21.1,1.926,50.4,0,60,0,0,0,0,0,0,0,0,24
2025-09-25T16:04:35.559Z,60.2,21.1,1.926,49.6,0,60,0,0,0,0,0,0,0,0,24
2025-09-25T16:04:36.555Z,60.2,21.1,1.926,50.4,0,60,0,0,0,0,0,0,0,0,24
2025-09-25T16:04:37.557Z,60.2,21.1,1.926,49.6,0,60,0,0,0,0,0,0,0,0,24
2025-09-25T16:04:38.562Z,60.2,21.1,1.926,50.4,0,60,0,0,0,0,0,0,0,0,24
2025-09-25T16:04:39.558Z,60.2,21.1,1.926,49.6,0,60,0,0,0,0,0,0,0,0,24
2025-09-25T16:04:40.552Z,60.2,21.1,1.926,50.4,0,60,0,0,0,0,0,0,0,0,24
2025-09-25T16:04:41.565Z,60.2,21.1,1.925,49.6,0,60,0,0,0,0,0,0,0,0,24
2025-09-25T16:04:42.561Z,60.2,21.1,1.926,50.4,0,60,0,0,0,0,0,0,0,0,24
2025-09-25T16:04:43.560Z,60.2,21.1,1.926,49.6,0,60,0,0,0,0,0,0,0,0,24
2025-09-25T16:04:44.565Z,60.2,21.1,1.925,50.4,0,60,0,0,0,0,0,0,0,0,24
2025-09-25T16:04:45.562Z,60.2,21.1,1.926,49.6,0,60,0,0,0,0,0,0,0,0,24
2025-09-25T16:04:46.565Z,60.2,21.1,1.926,50.4,0,60,0,0,0,0,0,0,0,0,24
2025-09-25T16:04:47.563Z,60.2,21.1,1.926,49.6,0,60,0,0,0,0,0,0,0,0,24
2025-09-25T16:04:48.564Z,60.2,21.1,1.926,50.4,0,60,0,0,0,0,0,0,0,0,24
2025-09-25T16:04:49.560Z,60.2,21.1,1.926,49.6,0,60,0,0,0,0,0,0,0,0,24
2025-09-25T16:04:50.561Z,60.2,21.1,1.926,50.4,0,60,0,0,0,0,0,0,0,0,24
2025-09-25T16:04:51.564Z,60.2,21.1,1.926,49.6,0,60,0,0,0,0,0,0,0,0,24
2025-09-25T16:04:52.569Z,60.2,21.1,1.926,50.4,0,60,0,0,0,0,0,0,0,0,24
2025-09-25T16:04:53.575Z,60.3,21.1,1.925,49.6,0,60,0,0,0,0,0,0,0,0,24
2025-09-25T16:04:54.567Z,60.3,21.1,1.926,50.4,0,60,0,0,0,0,0,0,0,0,24
2025-09-25T16:04:55.570Z,60.3,21.1,1.926,49.6,0,60,0,0,0,0,0,0,0,0,24
2025-09-25T16:04:56.573Z,60.3,21.1,1.926,50.4,0,60,0,0,0,0,0,0,0,0,24
2025-09-25T16:04:57.574Z,60.3,21.1,1.926,49.6,0,60,0,0,0,0,0,0,0,0,24
2025-09-25T16:04:58.569Z,60.3,21.1,1.926,50.4,0,60,0,0,0,0,0,0,0,0,24
2025-09-25T16:04:59.573Z,60.3,21.1,1.926,49.6,0,60,0,0,0,0,0,0,0,0,24
2025-09-25T16:05:00.574Z,60.3,21.1,1.926,50.4,0,60,0,0,0,0,0,0,0,0,24
2025-09-25T16:05:01.575Z,60.3,21.1,1.926,49.6,0,60,0,0,0,0,0,0,0,0,24
2025-09-25T16:05:02.575Z,60.3,21.1,1.926,50.4,0,60,0,0,0,0,0,0,0,0,24
2025-09-25T16:05:03.568Z,60.3,21.1,1.925,49.6,0,59.9,0,0,0,0,0,0,0,0,24
2025-09-25T16:05:04.576Z,60.3,21.1,1.926,50.4,0,59.9,0,0,0,0,0,0,0,0,24
2025-09-25T16:05:05.583Z,60.3,21.1,1.926,49.6,0,60,0,0,0,0,0,0,0,0,24
2025-09-25T16:05:06.572Z,60.3,21.1,1.925,49.6,0,60,0,0,0,0,0,0,0,0,24
2025-09-25T16:05:07.572Z,60.3,21.1,1.925,49.6,0,60,0,0,0,0,0,0,0,0,24
2025-09-25T16:05:08.580Z,60.3,21.1,1.926,50.4,0,59.9,0,0,0,0,0,0,0,0,24
2025-09-25T16:05:09.588Z,60.3,21.1,1.926,49.6,0,59.9,0,0,0,0,0,0,0,0,24
2025-09-25T16:05:10.578Z,60.3,21.1,1.926,50.4,0,59.9,0,0,0,0,0,0,0,0,24
2025-09-25T16:05:11.579Z,60.3,21.1,1.926,49.6,0,59.9,0,0,0,0,0,0,0,0,24
2025-09-25T16:05:12.578Z,60.4,21.1,1.926,50.4,0,59.9,0,0,0,0,0,0,0,0,24
2025-09-25T16:05:13.580Z,60.4,21.1,1.926,49.6,0,59.9,0,0,0,0,0,0,0,0,24
2025-09-25T16:05:14.583Z,60.4,21.1,1.926,50.4,0,59.9,0,0,0,0,0,0,0,0,24
2025-09-25T16:05:15.583Z,60.4,21.1,1.926,49.6,0,59.9,0,0,0,0,0,0,0,0,24
2025-09-25T16:05:16.586Z,60.4,21.1,1.926,50.4,0,59.9,0,0,0,0,0,0,0,0,24
2025-09-25T16:05:17.586Z,60.4,21.1,1.926,49.6,0,59.9,0,0,0,0,0,0,0,0,24
2025-09-25T16:05:18.589Z,60.4,21.1,1.926,50.4,0,59.9,0,0,0,0,0,0,0,0,24
2025-09-25T16:05:19.588Z,60.4,21.1,1.926,49.6,0,59.9,0,0,0,0,0,0,0,0,24
2025-09-25T16:05:20.588Z,60.4,21.1,1.925,50.4,0,59.9,0,0,0,0,0,0,0,0,24
2025-09-25T16:05:21.588Z,60.4,21.1,1.925,49.6,0,59.9,0,0,0,0,0,0,0,0,24
2025-09-25T16:05:22.590Z,60.4,21.1,1.925,50.4,0,59.9,0,0,0,0,0,0,0,0,24
2025-09-25T16:05:23.595Z,60.4,21.1,1.925,49.6,0,59.9,0,0,0,0,0,0,0,0,24
2025-09-25T16:05:24.592Z,60.4,21.1,1.925,50.4,0,59.9,0,0,0,0,0,0,0,0,24
2025-09-25T16:05:25.597Z,60.4,21.1,1.925,49.6,0,59.9,0,0,0,0,0,0,0,0,24
2025-09-25T16:05:26.599Z,60.4,21.1,1.925,49.6,0,59.9,0,0,0,0,0,0,0,0,24
2025-09-25T16:05:27.595Z,60.4,21.1,1.925,49.6,0,59.9,0,0,0,0,0,0,0,0,24
2025-09-25T16:05:28.594Z,60.4,21.1,1.925,50.4,0,59.9,0,0,0,0,0,0,0,0,24
2025-09-25T16:05:29.593Z,60.4,21.1,1.924,49.6,0,59.9,0,0,0,0,0,0,0,0,24
2025-09-25T16:05:30.592Z,60.4,21.1,1.924,50.4,0,59.9,0,0,0,0,0,0,0,0,24
2025-09-25T16:05:31.593Z,60.4,21.1,1.924,49.6,0,59.9,0,0,0,0,0,0,0,0,24
2025-09-25T16:05:32.595Z,60.4,21.1,1.924,50.4,0,59.9,0,0,0,0,0,0,0,0,24
2025-09-25T16:05:33.594Z,60.4,21.1,1.924,49.6,0,59.9,0,0,0,0,0,0,0,0,24
2025-09-25T16:05:34.604Z,60.4,21.1,1.925,50.4,0,59.9,0,0,0,0,0,0,0,0,24
2025-09-25T16:05:35.598Z,60.4,21.1,1.924,49.6,0,59.9,0,0,0,0,0,0,0,0,24
2025-09-25T16:05:36.595Z,60.4,21.1,1.924,50.4,0,59.9,0,0,0,0,0,0,0,0,24
2025-09-25T16:05:37.601Z,60.4,21.1,1.924,49.6,0,59.9,0,0,0,0,0,0,0,0,24
2025-09-25T16:05:38.599Z,60.4,21.1,1.924,50.4,0,59.9,0,0,0,0,0,0,0,0,24
2025-09-25T16:05:39.605Z,60.5,21.1,1.925,49.6,0,59.9,0,0,0,0,0,0,0,0,24
2025-09-25T16:05:40.605Z,60.5,21.1,1.925,50.4,0,59.9,0,0,0,0,0,0,0,0,24
2025-09-25T16:05:41.607Z,60.5,21.1,1.925,49.6,0,59.9,0,0,0,0,0,0,0,0,24
2025-09-25T16:05:42.608Z,60.5,21.1,1.925,50.4,0,59.9,0,0,0,0,0,0,0,0,24
2025-09-25T16:05:43.607Z,60.5,21.1,1.925,49.6,0,59.9,0,0,0,0,0,0,0,0,24
2025-09-25T16:05:44.613Z,60.5,21.1,1.925,50.4,0,59.9,0,0,0,0,0,0,0,0,24
2025-09-25T16:05:45.612Z,60.5,21.1,1.924,49.6,0,59.9,0,0,0,0,0,0,0,0,24
2025-09-25T16:05:46.610Z,60.5,21.1,1.925,50.4,0,59.9,0,0,0,0,0,0,0,0,24
2025-09-25T16:05:47.615Z,60.5,21.1,1.925,49.6,0,59.9,0,0,0,0,0,0,0,0,24
2025-09-25T16:05:48.614Z,60.5,21.1,1.925,50.4,0,59.9,0,0,0,0,0,0,0,0,24
2025-09-25T16:05:49.615Z,60.5,21.1,1.924,49.6,0,59.9,0,0,0,0,0,0,0,0,24
2025-09-25T16:05:50.614Z,60.5,21.1,1.923,50.4,0,59.9,0,0,0,0,0,0,0,0,24
2025-09-25T16:05:51.619Z,60.5,21.1,1.924,49.6,0,59.9,0,0,0,0,0,0,0,0,24
2025-09-25T16:05:52.618Z,60.5,21.1,1.924,49.6,0,59.9,0,0,0,0,0,0,0,0,24
2025-09-25T16:05:53.615Z,60.5,21.1,1.923,49.6,0,59.9,0,0,0,0,0,0,0,0,24
2025-09-25T16:05:54.611Z,60.5,21.1,1.923,50.4,0,59.9,0,0,0,0,0,0,0,0,24
2025-09-25T16:05:55.617Z,60.5,21.1,1.923,49.6,0,59.9,0,0,0,0,0,0,0,0,24
2025-09-25T16:05:56.619Z,60.5,21.1,1.923,50.4,0,59.9,0,0,0,0,0,0,0,0,24
2025-09-25T16:05:57.620Z,60.5,21.1,1.923,49.6,0,59.9,0,0,0,0,0,0,0,0,24
2025-09-25T16:05:58.622Z,60.5,21.1,1.923,50.4,0,59.9,0,0,0,0,0,0,0,0,24
2025-09-25T16:05:59.623Z,60.5,21.1,1.923,49.6,0,59.9,0,0,0,0,0,0,0,0,24
2025-09-25T16:06:00.625Z,60.5,21.1,1.924,50.4,0,59.9,0,0,0,0,0,0,0,0,24
2025-09-25T16:06:01.626Z,60.5,21.1,1.924,49.6,0,59.9,0,0,0,0,0,0,0,0,24
2025-09-25T16:06:02.625Z,60.5,21.1,1.923,50.4,0,59.9,0,0,0,0,0,0,0,0,24
2025-09-25T16:06:03.624Z,60.5,21.1,1.923,49.6,0,59.9,0,0,0,0,0,0,0,0,24
2025-09-25T16:06:04.629Z,60.5,21.1,1.924,49.6,0,59.9,0,0,0,0,0,0,0,0,24
2025-09-25T16:06:05.629Z,60.5,21.1,1.923,49.6,0,59.9,0,0,0,0,0,0,0,0,24
2025-09-25T16:06:06.629Z,60.5,21.1,1.924,50.4,0,59.9,0,0,0,0,0,0,0,0,24
2025-09-25T16:06:07.631Z,60.5,21.1,1.923,49.6,0,59.9,0,0,0,0,0,0,0,0,24
2025-09-25T16:06:08.631Z,60.5,21.1,1.923,50.4,0,59.9,0,0,0,0,0,0,0,0,24
2025-09-25T16:06:09.634Z,60.5,21.1,1.924,49.6,0,59.9,0,0,0,0,0,0,0,0,24
2025-09-25T16:06:10.630Z,60.6,21.1,1.923,50.4,0,59.9,0,0,0,0,0,0,0,0,24
2025-09-25T16:06:11.638Z,60.6,21.1,1.924,49.6,0,59.9,0,0,0,0,0,0,0,0,24
2025-09-25T16:06:12.633Z,60.6,21.1,1.924,50.4,0,59.9,0,0,0,0,0,0,0,0,24
2025-09-25T16:06:13.635Z,60.6,21.1,1.924,49.6,0,59.9,0,0,0,0,0,0,0,0,24
2025-09-25T16:06:14.635Z,60.6,21.1,1.924,50.4,0,59.9,0,0,0,0,0,0,0,0,24
2025-09-25T16:06:15.637Z,60.6,21.1,1.924,49.6,0,59.9,0,0,0,0,0,0,0,0,24
2025-09-25T16:06:16.634Z,60.6,21.1,1.923,50.4,0,59.9,0,0,0,0,0,0,0,0,24
2025-09-25T16:06:17.636Z,60.6,21.1,1.923,49.6,0,59.9,0,0,0,0,0,0,0,0,24
2025-09-25T16:06:18.637Z,60.6,21.1,1.923,50.4,0,59.9,0,0,0,0,0,0,0,0,24
2025-09-25T16:06:19.640Z,60.6,21.1,1.924,49.6,0,59.9,0,0,0,0,0,0,0,0,24
2025-09-25T16:06:20.641Z,60.6,21.1,1.924,50.4,0,59.9,0,0,0,0,0,0,0,0,24
2025-09-25T16:06:21.632Z,60.6,21.1,1.923,49.6,0,59.9,0,0,0,0,0,0,0,0,24
2025-09-25T16:06:22.640Z,60.6,21.1,1.923,50.4,0,59.9,0,0,0,0,0,0,0,0,24
2025-09-25T16:06:23.643Z,60.6,21.1,1.923,49.6,0,59.9,0,0,0,0,0,0,0,0,24
2025-09-25T16:06:24.646Z,60.6,21.1,1.924,50.4,0,59.9,0,0,0,0,0,0,0,0,24
2025-09-25T16:06:25.647Z,60.6,21.1,1.924,49.6,0,59.9,0,0,0,0,0,0,0,0,24
2025-09-25T16:06:26.650Z,60.6,21.1,1.924,50.4,0,59.9,0,0,0,0,0,0,0,0,24
2025-09-25T16:06:27.650Z,60.6,21.1,1.924,49.6,0,59.9,0,0,0,0,0,0,0,0,24
2025-09-25T16:06:28.652Z,60.6,21.1,1.924,50.4,0,59.9,0,0,0,0,0,0,0,0,24
2025-09-25T16:06:29.649Z,60.6,21.1,1.923,49.6,0,59.9,0,0,0,0,0,0,0,0,24
2025-09-25T16:06:30.651Z,60.6,21.1,1.924,49.6,0,59.9,0,0,0,0,0,0,0,0,24
2025-09-25T16:06:31.655Z,60.6,21.1,1.924,49.6,0,59.9,0,0,0,0,0,0,0,0,24
2025-09-25T16:06:32.651Z,60.6,21.1,1.923,50.4,0,59.9,0,0,0,0,0,0,0,0,24
2025-09-25T16:06:33.651Z,60.6,21.1,1.923,49.6,0,59.9,0,0,0,0,0,0,0,0,24
2025-09-25T16:06:34.656Z,60.6,21.1,1.924,50.4,0,59.9,0,0,0,0,0,0,0,0,24
2025-09-25T16:06:35.654Z,60.6,21.1,1.923,49.6,0,59.9,0,0,0,0,0,0,0,0,24
2025-09-25T16:06:36.653Z,60.6,21.1,1.923,50.4,0,59.9,0,0,0,0,0,0,0,0,24
2025-09-25T16:06:37.658Z,60.6,21.1,1.924,49.6,0,59.9,0,0,0,0,0,0,0,0,24
2025-09-25T16:06:38.656Z,60.6,21.1,1.923,50.4,0,59.9,0,0,0,0,0,0,0,0,24
2025-09-25T16:06:39.659Z,60.6,21.1,1.924,49.6,0,59.9,0,0,0,0,0,0,0,0,24
2025-09-25T16:06:40.649Z,60.6,21.1,1.923,49.6,0,59.9,0,0,0,0,0,0,0,0,24
2025-09-25T16:06:41.659Z,60.6,21.1,1.924,50.4,0,59.9,0,0,0,0,0,0,0,0,24
2025-09-25T16:06:42.659Z,60.6,21.1,1.924,49.6,0,59.9,0,0,0,0,0,0,0,0,24
2025-09-25T16:06:43.660Z,60.6,21.1,1.923,50.4,0,59.9,0,0,0,0,0,0,0,0,24
2025-09-25T16:06:44.662Z,60.6,21.1,1.924,49.6,0,59.9,0,0,0,0,0,0,0,0,24
2025-09-25T16:06:45.661Z,60.6,21.1,1.923,50.4,0,59.9,0,0,0,0,0,0,0,0,24
2025-09-25T16:06:46.663Z,60.7,21.1,1.923,49.6,0,59.9,0,0,0,0,0,0,0,0,24
2025-09-25T16:06:47.664Z,60.6,21.1,1.923,49.6,0,59.9,0,0,0,0,0,0,0,0,24
2025-09-25T16:06:48.661Z,60.7,21.1,1.923,49.6,0,59.9,0,0,0,0,0,0,0,0,24
2025-09-25T16:06:49.667Z,60.7,21.1,1.923,50.4,0,59.9,0,0,0,0,0,0,0,0,24
2025-09-25T16:06:50.666Z,60.7,21.1,1.923,49.6,0,59.9,0,0,0,0,0,0,0,0,24
2025-09-25T16:06:51.668Z,60.7,21.1,1.923,50.4,0,59.9,0,0,0,0,0,0,0,0,24
2025-09-25T16:06:52.658Z,60.7,21.1,1.923,49.6,0,59.9,0,0,0,0,0,0,0,0,24
2025-09-25T16:06:53.660Z,60.7,21.1,1.923,50.4,0,59.9,0,0,0,0,0,0,0,0,24
2025-09-25T16:06:54.668Z,60.7,21.1,1.923,49.6,0,59.9,0,0,0,0,0,0,0,0,24
2025-09-25T16:06:55.671Z,60.7,21.1,1.923,50.4,0,59.9,0,0,0,0,0,0,0,0,24
2025-09-25T16:06:56.674Z,60.7,21.1,1.923,49.6,0,59.9,0,0,0,0,0,0,0,0,24
2025-09-25T16:06:57.675Z,60.7,21.1,1.923,50.4,0,59.9,0,0,0,0,0,0,0,0,24
2025-09-25T16:06:58.677Z,60.7,21.1,1.923,49.6,0,59.9,0,0,0,0,0,0,0,0,24
2025-09-25T16:06:59.673Z,60.7,21.1,1.923,50.4,0,59.9,0,0,0,0,0,0,0,0,24
2025-09-25T16:07:00.675Z,60.7,21.1,1.923,49.6,0,59.9,0,0,0,0,0,0,0,0,24
2025-09-25T16:07:01.678Z,60.7,21.1,1.923,50.4,0,59.9,0,0,0,0,0,0,0,0,24
2025-09-25T16:07:02.669Z,60.7,21.1,1.923,49.6,0,59.9,0,0,0,0,0,0,0,0,24
2025-09-25T16:07:03.679Z,60.7,21.1,1.923,50.4,0,59.9,0,0,0,0,0,0,0,0,24
2025-09-25T16:07:04.678Z,60.7,21.1,1.923,49.6,0,59.9,0,0,0,0,0,0,0,0,24
2025-09-25T16:07:05.682Z,60.7,21.1,1.923,50.4,0,59.9,0,0,0,0,0,0,0,0,24
2025-09-25T16:07:06.681Z,60.7,21.1,1.923,49.6,0,59.9,0,0,0,0,0,0,0,0,24
2025-09-25T16:07:07.681Z,60.7,21.1,1.923,50.4,0,59.9,0,0,0,0,0,0,0,0,24
2025-09-25T16:07:08.680Z,60.7,21.1,1.923,49.6,0,59.9,0,0,0,0,0,0,0,0,24
2025-09-25T16:07:09.686Z,60.7,21.1,1.923,49.6,0,59.9,0,0,0,0,0,0,0,0,24
2025-09-25T16:07:10.676Z,60.7,21.1,1.923,49.6,0,59.9,0,0,0,0,0,0,0,0,24
2025-09-25T16:07:11.686Z,60.7,21.1,1.923,50.4,0,59.9,0,0,0,0,0,0,0,0,24
2025-09-25T16:07:12.682Z,60.7,21.1,1.923,49.6,0,59.9,0,0,0,0,0,0,0,0,24
2025-09-25T16:07:13.682Z,60.7,21.1,1.923,50.4,0,59.9,0,0,0,0,0,0,0,0,24
2025-09-25T16:07:14.686Z,60.7,21.1,1.923,49.6,0,59.9,0,0,0,0,0,0,0,0,24
2025-09-25T16:07:15.687Z,60.7,21.1,1.923,50.4,0,59.9,0,0,0,0,0,0,0,0,24
2025-09-25T16:07:16.690Z,60.7,21.1,1.923,49.6,0,59.9,0,0,0,0,0,0,0,0,24
2025-09-25T16:07:17.689Z,60.7,21.1,1.923,50.4,0,59.9,0,0,0,0,0,0,0,0,24
2025-09-25T16:07:18.687Z,60.7,21.1,1.923,49.6,0,59.9,0,0,0,0,0,0,0,0,24
2025-09-25T16:07:19.696Z,60.7,21.1,1.923,50.4,0,59.9,0,0,0,0,0,0,0,0,24
2025-09-25T16:07:20.692Z,60.7,21.1,1.923,49.6,0,59.9,0,0,0,0,0,0,0,0,24
2025-09-25T16:07:21.694Z,60.7,21.1,1.923,50.4,0,59.9,0,0,0,0,0,0,0,0,24
2025-09-25T16:07:22.696Z,60.7,21.1,1.923,49.6,0,59.9,0,0,0,0,0,0,0,0,24
2025-09-25T16:07:23.693Z,60.7,21.1,1.923,49.6,0,59.9,0,0,0,0,0,0,0,0,24
2025-09-25T16:07:24.696Z,60.7,21.1,1.923,50.4,0,59.9,0,0,0,0,0,0,0,0,24
2025-09-25T16:07:25.697Z,60.7,21.1,1.923,49.6,0,59.9,0,0,0,0,0,0,0,0,24
2025-09-25T16:07:26.701Z,60.7,21.1,1.923,50.4,0,59.9,0,0,0,0,0,0,0,0,24
2025-09-25T16:07:27.697Z,60.7,21.1,1.923,49.6,0,59.9,0,0,0,0,0,0,0,0,24
2025-09-25T16:07:28.699Z,60.7,21.1,1.923,50.4,0,59.9,0,0,0,0,0,0,0,0,24
2025-09-25T16:07:29.699Z,60.7,21.1,1.923,49.6,0,59.9,0,0,0,0,0,0,0,0,24
2025-09-25T16:07:30.700Z,60.7,21.1,1.923,50.4,0,59.9,0,0,0,0,0,0,0,0,24
2025-09-25T16:07:31.705Z,60.7,21.1,1.923,49.6,0,59.9,0,0,0,0,0,0,0,0,24
2025-09-25T16:07:32.697Z,60.7,21.1,1.923,50.4,0,59.9,0,0,0,0,0,0,0,0,24
2025-09-25T16:07:33.707Z,60.7,21.1,1.923,49.6,0,59.9,0,0,0,0,0,0,0,0,24
2025-09-25T16:07:34.698Z,60.7,21.1,1.923,50.4,0,59.9,0,0,0,0,0,0,0,0,24
2025-09-25T16:07:35.703Z,60.7,21.1,1.923,49.6,0,59.9,0,0,0,0,0,0,0,0,24
2025-09-25T16:07:36.707Z,60.7,21.1,1.923,50.4,0,59.9,0,0,0,0,0,0,0,0,24
2025-09-25T16:07:37.707Z,60.7,21.1,1.923,49.6,0,59.9,0,0,0,0,0,0,0,0,24
2025-09-25T16:07:38.708Z,60.7,21.1,1.923,50.4,0,59.9,0,0,0,0,0,0,0,0,24
2025-09-25T16:07:39.707Z,60.7,21.1,1.923,49.6,0,59.9,0,0,0,0,0,0,0,0,24
2025-09-25T16:07:40.707Z,60.7,21.1,1.923,50.4,0,59.9,0,0,0,0,0,0,0,0,24
2025-09-25T16:07:41.713Z,60.7,21.1,1.923,49.6,0,59.9,0,0,0,0,0,0,0,0,24
2025-09-25T16:07:42.713Z,60.7,21.1,1.923,50.4,0,59.9,0,0,0,0,0,0,0,0,24
2025-09-25T16:07:43.714Z,60.7,21.1,1.923,49.6,0,59.9,0,0,0,0,0,0,0,0,24
2025-09-25T16:07:44.714Z,60.7,21.1,1.923,50.4,0,59.9,0,0,0,0,0,0,0,0,24
2025-09-25T16:07:45.716Z,60.7,21.1,1.923,49.6,0,59.9,0,0,0,0,0,0,0,0,24
2025-09-25T16:07:46.717Z,60.7,21.1,1.923,50.4,0,59.9,0,0,0,0,0,0,0,0,24
2025-09-25T16:07:47.718Z,60.7,21.1,1.923,49.6,0,59.9,0,0,0,0,0,0,0,0,24
2025-09-25T16:07:48.711Z,60.7,21.1,1.924,49.6,0,59.9,0,0,0,0,0,0,0,0,24
2025-09-25T16:07:49.710Z,60.7,21.1,1.924,50.4,0,59.9,0,0,0,0,0,0,0,0,24
2025-09-25T16:07:50.717Z,60.7,21.1,1.923,49.6,0,59.9,0,0,0,0,0,0,0,0,24
2025-09-25T16:07:51.716Z,60.7,21.1,1.923,50.4,0,59.9,0,0,0,0,0,0,0,0,24
2025-09-25T16:07:52.717Z,60.7,21.1,1.924,49.6,0,59.9,0,0,0,0,0,0,0,0,24
2025-09-25T16:07:53.723Z,60.7,21.1,1.923,50.4,0,59.9,0,0,0,0,0,0,0,0,24
2025-09-25T16:07:54.724Z,60.7,21.1,1.923,49.6,0,59.9,0,0,0,0,0,0,0,0,24
2025-09-25T16:07:55.727Z,60.7,21.1,1.923,49.6,0,59.9,0,0,0,0,0,0,0,0,24
2025-09-25T16:07:56.726Z,60.7,21.1,1.923,50.4,0,59.9,0,0,0,0,0,0,0,0,24
2025-09-25T16:07:57.715Z,60.7,21.1,1.924,49.6,0,59.9,0,0,0,0,0,0,0,0,24
2025-09-25T16:07:58.719Z,60.7,21.1,1.924,50.4,0,59.9,0,0,0,0,0,0,0,0,24
2025-09-25T16:07:59.731Z,60.7,21.1,1.923,49.6,0,59.9,0,0,0,0,0,0,0,0,24
2025-09-25T16:08:00.728Z,60.7,21.1,1.923,50.4,0,59.9,0,0,0,0,0,0,0,0,24
2025-09-25T16:08:01.720Z,60.7,21.1,1.924,49.6,0,59.9,0,0,0,0,0,0,0,0,24
2025-09-25T16:08:02.725Z,60.7,21.1,1.924,50.4,0,59.9,0,0,0,0,0,0,0,0,24
2025-09-25T16:08:03.722Z,60.6,21.1,1.924,49.6,0,59.9,0,0,0,0,0,0,0,0,24
2025-09-25T16:08:04.724Z,60.6,21.1,1.924,49.6,0,59.9,0,0,0,0,0,0,0,0,24
2025-09-25T16:08:05.725Z,60.6,21.1,1.924,49.6,0,59.9,0,0,0,0,0,0,0,0,24
2025-09-25T16:08:06.725Z,60.6,21.1,1.924,50.4,0,59.9,0,0,0,0,0,0,0,0,24
2025-09-25T16:08:07.729Z,60.6,21.1,1.924,49.6,0,59.9,0,0,0,0,0,0,0,0,24
2025-09-25T16:08:08.729Z,60.6,21.1,1.924,49.6,0,59.9,0,0,0,0,0,0,0,0,24
2025-09-25T16:08:09.736Z,60.6,21.1,1.923,50.4,0,59.9,0,0,0,0,0,0,0,0,24
2025-09-25T16:08:10.732Z,60.6,21.1,1.924,49.6,0,59.9,0,0,0,0,0,0,0,0,24
2025-09-25T16:08:11.732Z,60.6,21.1,1.924,49.6,0,59.9,0,0,0,0,0,0,0,0,24
2025-09-25T16:08:12.732Z,60.6,21.1,1.924,50.4,0,59.9,0,0,0,0,0,0,0,0,24
2025-09-25T16:08:13.738Z,60.6,21.1,1.923,50.4,0,59.9,0,0,0,0,0,0,0,0,24
2025-09-25T16:08:14.735Z,60.6,21.1,1.924,49.6,0,59.9,0,0,0,0,0,0,0,0,24
2025-09-25T16:08:15.740Z,60.6,21.1,1.923,50.4,0,59.9,0,0,0,0,0,0,0,0,24
2025-09-25T16:08:16.732Z,60.6,21.1,1.924,49.6,0,59.9,0,0,0,0,0,0,0,0,24
2025-09-25T16:08:17.732Z,60.6,21.1,1.924,50.4,0,59.9,0,0,0,0,0,0,0,0,24
2025-09-25T16:08:18.729Z,60.6,21.1,1.924,49.6,0,59.9,0,0,0,0,0,0,0,0,24
2025-09-25T16:08:19.740Z,60.6,21.1,1.924,50.4,0,59.9,0,0,0,0,0,0,0,0,24
2025-09-25T16:08:20.741Z,60.6,21.1,1.924,50.4,0,59.9,0,0,0,0,0,0,0,0,24
2025-09-25T16:08:21.744Z,60.6,21.1,1.923,49.6,0,59.9,0,0,0,0,0,0,0,0,24
2025-09-25T16:08:22.746Z,60.6,21.1,1.923,49.6,0,59.9,0,0,0,0,0,0,0,0,24
2025-09-25T16:08:23.745Z,60.6,21.1,1.923,49.6,0,59.9,0,0,0,0,0,0,0,0,24
2025-09-25T16:08:24.745Z,60.6,21.1,1.923,50.4,0,59.9,0,0,0,0,0,0,0,0,24
2025-09-25T16:08:25.749Z,60.6,21.1,1.923,50.4,0,59.9,0,0,0,0,0,0,0,0,24
2025-09-25T16:08:26.744Z,60.6,21.1,1.924,49.6,0,59.9,0,0,0,0,0,0,0,0,24
2025-09-25T16:08:27.745Z,60.6,21.1,1.924,50.4,0,59.9,0,0,0,0,0,0,0,0,24
2025-09-25T16:08:28.750Z,60.6,21.1,1.923,49.6,0,59.9,0,0,0,0,0,0,0,0,24
2025-09-25T16:08:29.747Z,60.6,21.1,1.924,49.6,0,59.9,0,0,0,0,0,0,0,0,24
2025-09-25T16:08:30.746Z,60.6,21.1,1.924,50.4,0,59.9,0,0,0,0,0,0,0,0,24
2025-09-25T16:08:31.750Z,60.6,21.1,1.924,49.6,0,59.9,0,0,0,0,0,0,0,0,24
2025-09-25T16:08:32.747Z,60.6,21.1,1.924,50.4,0,59.9,0,0,0,0,0,0,0,0,24
2025-09-25T16:08:33.748Z,60.6,21.1,1.924,49.6,0,59.9,0,0,0,0,0,0,0,0,24
2025-09-25T16:08:34.752Z,60.6,21.1,1.924,49.6,0,59.9,0,0,0,0,0,0,0,0,24
2025-09-25T16:08:35.745Z,60.6,21.1,1.923,50.4,0,59.9,0,0,0,0,0,0,0,0,24
2025-09-25T16:08:36.748Z,60.6,21.1,1.924,49.6,0,59.9,0,0,0,0,0,0,0,0,24
2025-09-25T16:08:37.756Z,60.6,21.1,1.924,49.6,0,59.9,0,0,0,0,0,0,0,0,24
2025-09-25T16:08:38.748Z,60.6,21.1,1.923,50.4,0,59.9,0,0,0,0,0,0,0,0,24
2025-09-25T16:08:39.752Z,60.6,21.1,1.924,49.6,0,59.9,0,0,0,0,0,0,0,0,24
2025-09-25T16:08:40.749Z,60.6,21.1,1.923,50.4,0,59.9,0,0,0,0,0,0,0,0,24
2025-09-25T16:08:41.760Z,60.6,21.1,1.924,49.6,0,59.9,0,0,0,0,0,0,0,0,24
2025-09-25T16:08:42.760Z,60.6,21.1,1.924,49.6,0,59.9,0,0,0,0,0,0,0,0,24
2025-09-25T16:08:43.759Z,60.6,21.1,1.924,50.4,0,59.9,0,0,0,0,0,0,0,0,24
2025-09-25T16:08:44.758Z,60.6,21.1,1.924,49.6,0,59.9,0,0,0,0,0,0,0,0,24
2025-09-25T16:08:45.758Z,60.6,21.1,1.924,49.6,0,59.9,0,0,0,0,0,0,0,0,24
2025-09-25T16:08:46.761Z,60.5,21.1,1.924,50.4,0,59.9,0,0,0,0,0,0,0,0,24
2025-09-25T16:08:47.764Z,60.5,21.1,1.924,49.6,0,59.9,0,0,0,0,0,0,0,0,24
2025-09-25T16:08:48.765Z,60.5,21.1,1.924,49.6,0,59.9,0,0,0,0,0,0,0,0,24
2025-09-25T16:08:49.767Z,60.5,21.1,1.924,50.4,0,59.9,0,0,0,0,0,0,0,0,24
2025-09-25T16:08:50.773Z,60.5,21.1,1.924,50.4,0,59.9,0,0,0,0,0,0,0,0,24
2025-09-25T16:08:51.765Z,60.5,21.1,1.925,49.6,0,59.9,0,0,0,0,0,0,0,0,24
2025-09-25T16:08:52.764Z,60.5,21.1,1.925,50.4,0,59.9,0,0,0,0,0,0,0,0,24
2025-09-25T16:08:53.766Z,60.5,21.1,1.925,50.4,0,59.9,0,0,0,0,0,0,0,0,24
2025-09-25T16:08:54.779Z,60.5,21.1,1.924,49.6,0,59.9,0,0,0,0,0,0,0,0,24
2025-09-25T16:08:55.773Z,60.5,21.1,1.924,50.4,0,59.9,0,0,0,0,0,0,0,0,24
2025-09-25T16:08:56.781Z,60.5,21.1,1.924,49.6,0,59.9,0,0,0,0,0,0,0,0,24
2025-09-25T16:08:57.773Z,60.5,21.1,1.925,50.4,0,59.9,0,0,0,0,0,0,0,0,24
2025-09-25T16:08:58.773Z,60.5,21.1,1.925,49.6,0,59.9,0,0,0,0,0,0,0,0,24
2025-09-25T16:08:59.775Z,60.5,21.1,1.925,49.6,0,59.9,0,0,0,0,0,0,0,0,24
2025-09-25T16:09:00.776Z,60.5,21.1,1.925,50.4,0,59.9,0,0,0,0,0,0,0,0,24
2025-09-25T16:09:01.773Z,60.5,21.1,1.925,49.6,0,59.9,0,0,0,0,0,0,0,0,24
2025-09-25T16:09:02.775Z,60.5,21.1,1.925,49.6,0,59.9,0,0,0,0,0,0,0,0,24
2025-09-25T16:09:03.779Z,60.5,21.1,1.925,50.4,0,59.9,0,0,0,0,0,0,0,0,24
2025-09-25T16:09:04.780Z,60.5,21.1,1.925,50.4,0,59.9,0,0,0,0,0,0,0,0,24
2025-09-25T16:09:05.780Z,60.5,21.1,1.925,49.6,0,59.9,0,0,0,0,0,0,0,0,24
2025-09-25T16:09:06.779Z,60.5,21.1,1.925,50.4,0,59.9,0,0,0,0,0,0,0,0,24
2025-09-25T16:09:07.779Z,60.5,21.1,1.925,50.4,0,59.9,0,0,0,0,0,0,0,0,24
2025-09-25T16:09:08.783Z,60.5,21.1,1.925,49.6,0,59.9,0,0,0,0,0,0,0,0,24
2025-09-25T16:09:09.781Z,60.5,21.1,1.925,49.6,0,59.9,0,0,0,0,0,0,0,0,24
2025-09-25T16:09:10.785Z,60.5,21.1,1.925,49.6,0,59.9,0,0,0,0,0,0,0,0,24
2025-09-25T16:09:11.781Z,60.4,21.1,1.925,50.4,0,59.9,0,0,0,0,0,0,0,0,24
2025-09-25T16:09:12.784Z,60.4,21.1,1.925,50.4,0,59.9,0,0,0,0,0,0,0,0,24
2025-09-25T16:09:13.778Z,60.4,21.1,1.925,49.6,0,59.9,0,0,0,0,0,0,0,0,24
2025-09-25T16:09:14.785Z,60.4,21.1,1.925,50.4,0,59.9,0,0,0,0,0,0,0,0,24
2025-09-25T16:09:15.777Z,60.4,21.1,1.925,49.6,0,59.9,0,0,0,0,0,0,0,0,24
2025-09-25T16:09:16.782Z,60.4,21.1,1.925,50.4,0,59.9,0,0,0,0,0,0,0,0,24
2025-09-25T16:09:17.795Z,60.4,21.1,1.926,50.4,0,59.9,0,0,0,0,0,0,0,0,24
2025-09-25T16:09:18.787Z,60.4,21.1,1.926,49.6,0,59.9,0,0,0,0,0,0,0,0,24
2025-09-25T16:09:19.789Z,60.4,21.1,1.926,50.4,0,59.9,0,0,0,0,0,0,0,0,24
2025-09-25T16:09:20.784Z,60.4,21.1,1.925,49.6,0,59.9,0,0,0,0,0,0,0,0,24
2025-09-25T16:09:21.783Z,60.4,21.1,1.925,50.4,0,59.9,0,0,0,0,0,0,0,0,24
2025-09-25T16:09:22.784Z,60.4,21.1,1.925,49.6,0,59.9,0,0,0,0,0,0,0,0,24
2025-09-25T16:09:23.788Z,60.4,21.1,1.925,50.4,0,59.9,0,0,0,0,0,0,0,0,24
2025-09-25T16:09:24.790Z,60.4,21.1,1.926,49.6,0,59.9,0,0,0,0,0,0,0,0,24
2025-09-25T16:09:25.786Z,60.4,21.1,1.925,50.4,0,59.9,0,0,0,0,0,0,0,0,24
2025-09-25T16:09:26.791Z,60.4,21.1,1.925,49.6,0,59.9,0,0,0,0,0,0,0,0,24
2025-09-25T16:09:27.797Z,60.4,21.1,1.926,49.6,0,59.9,0,0,0,0,0,0,0,0,24
2025-09-25T16:09:28.794Z,60.4,21.1,1.925,50.4,0,59.9,0,0,0,0,0,0,0,0,24
2025-09-25T16:09:29.792Z,60.4,21.1,1.925,49.6,0,59.9,0,0,0,0,0,0,0,0,24
2025-09-25T16:09:30.796Z,60.4,21.1,1.925,50.4,0,59.9,0,0,0,0,0,0,0,0,24
2025-09-25T16:09:31.796Z,60.4,21.1,1.925,50.4,0,59.9,0,0,0,0,0,0,0,0,24
2025-09-25T16:09:32.798Z,60.4,21.1,1.925,49.6,0,59.9,0,0,0,0,0,0,0,0,24
2025-09-25T16:09:33.802Z,60.4,21.1,1.926,49.6,0,59.9,0,0,0,0,0,0,0,0,24
2025-09-25T16:09:34.802Z,60.4,21.1,1.925,49.6,0,59.9,0,0,0,0,0,0,0,0,24
2025-09-25T16:09:35.801Z,60.4,21.1,1.925,50.4,0,59.9,0,0,0,0,0,0,0,0,24
2025-09-25T16:09:36.802Z,60.4,21.1,1.925,49.6,0,59.9,0,0,0,0,0,0,0,0,24
2025-09-25T16:09:37.800Z,60.4,21.1,1.925,50.4,0,59.9,0,0,0,0,0,0,0,0,24
2025-09-25T16:09:38.802Z,60.4,21.1,1.925,50.4,0,59.9,0,0,0,0,0,0,0,0,24
2025-09-25T16:09:39.804Z,60.3,21.1,1.925,49.6,0,59.9,0,0,0,0,0,0,0,0,24
2025-09-25T16:09:40.804Z,60.3,21.1,1.925,49.6,0,59.9,0,0,0,0,0,0,0,0,24
2025-09-25T16:09:41.806Z,60.3,21.1,1.926,49.6,0,59.9,0,0,0,0,0,0,0,0,24
2025-09-25T16:09:42.797Z,60.3,21.1,1.925,50.4,0,59.9,0,0,0,0,0,0,0,0,24
2025-09-25T16:09:43.808Z,60.3,21.1,1.925,49.6,0,59.9,0,0,0,0,0,0,0,0,24
2025-09-25T16:09:44.807Z,60.3,21.1,1.925,49.6,0,59.9,0,0,0,0,0,0,0,0,24
2025-09-25T16:09:45.809Z,60.3,21.1,1.926,50.4,0,59.9,0,0,0,0,0,0,0,0,24
2025-09-25T16:09:46.812Z,60.3,21.1,1.926,49.6,0,59.9,0,0,0,0,0,0,0,0,24
2025-09-25T16:09:47.811Z,60.3,21.1,1.926,49.6,0,59.9,0,0,0,0,0,0,0,0,24
2025-09-25T16:09:48.815Z,60.3,21.1,1.926,50.4,0,59.9,0,0,0,0,0,0,0,0,24
2025-09-25T16:09:49.813Z,60.3,21.1,1.925,50.4,0,59.9,0,0,0,0,0,0,0,0,24
2025-09-25T16:09:50.813Z,60.3,21.1,1.925,49.6,0,59.9,0,0,0,0,0,0,0,0,24
2025-09-25T16:09:51.812Z,60.3,21.1,1.926,49.6,0,59.9,0,0,0,0,0,0,0,0,24
2025-09-25T16:09:52.814Z,60.3,21.1,1.925,49.6,0,59.9,0,0,0,0,0,0,0,0,24
2025-09-25T16:09:53.813Z,60.3,21.1,1.925,50.4,0,60,0,0,0,0,0,0,0,0,24
2025-09-25T16:09:54.817Z,60.3,21.1,1.925,50.4,0,59.9,0,0,0,0,0,0,0,0,24
2025-09-25T16:09:55.810Z,60.3,21.1,1.925,49.6,0,60,0,0,0,0,0,0,0,0,24
2025-09-25T16:09:56.818Z,60.3,21.1,1.925,50.4,0,60,0,0,0,0,0,0,0,0,24
2025-09-25T16:09:57.816Z,60.3,21.1,1.925,50.4,0,60,0,0,0,0,0,0,0,0,24
2025-09-25T16:09:58.819Z,60.3,21.1,1.925,49.6,0,60,0,0,0,0,0,0,0,0,24
2025-09-25T16:09:59.817Z,60.3,21.1,1.925,50.4,0,60,0,0,0,0,0,0,0,0,24
2025-09-25T16:10:00.822Z,60.3,21.1,1.925,49.6,0,60,0,0,0,0,0,0,0,0,24
2025-09-25T16:10:01.820Z,60.3,21.1,1.926,50.4,0,60,0,0,0,0,0,0,0,0,24
2025-09-25T16:10:02.822Z,60.3,21.1,1.926,49.6,0,60,0,0,0,0,0,0,0,0,24
2025-09-25T16:10:03.819Z,60.3,21.1,1.925,49.6,0,60,0,0,0,0,0,0,0,0,24
2025-09-25T16:10:04.827Z,60.3,21.1,1.925,50.4,0,60,0,0,0,0,0,0,0,0,24
2025-09-25T16:10:05.827Z,60.2,21.1,1.926,49.6,0,60,0,0,0,0,0,0,0,0,24
2025-09-25T16:10:06.818Z,60.3,21.1,1.926,49.6,0,60,0,0,0,0,0,0,0,0,24
2025-09-25T16:10:07.821Z,60.2,21.1,1.925,50.4,0,60,0,0,0,0,0,0,0,0,24
2025-09-25T16:10:08.820Z,60.2,21.1,1.926,49.6,0,60,0,0,0,0,0,0,0,0,24
2025-09-25T16:10:09.822Z,60.2,21.1,1.926,49.6,0,60,0,0,0,0,0,0,0,0,24
2025-09-25T16:10:10.823Z,60.2,21.1,1.926,50.4,0,60,0,0,0,0,0,0,0,0,24
2025-09-25T16:10:11.823Z,60.2,21.1,1.926,50.4,0,60,0,0,0,0,0,0,0,0,24
2025-09-25T16:10:12.829Z,60.2,21.1,1.925,49.6,0,60,0,0,0,0,0,0,0,0,24
2025-09-25T16:10:13.830Z,60.2,21.1,1.925,50.4,0,60,0,0,0,0,0,0,0,0,24
2025-09-25T16:10:14.830Z,60.2,21.1,1.926,49.6,0,60,0,0,0,0,0,0,0,0,24
2025-09-25T16:10:15.823Z,60.2,21.1,1.926,50.4,0,60,0,0,0,0,0,0,0,0,24
2025-09-25T16:10:16.834Z,60.2,21.1,1.926,49.6,0,60,0,0,0,0,0,0,0,0,24
2025-09-25T16:10:17.836Z,60.2,21.1,1.926,49.6,0,60,0,0,0,0,0,0,0,0,24
2025-09-25T16:10:18.830Z,60.2,21.1,1.926,50.4,0,60,0,0,0,0,0,0,0,0,24
2025-09-25T16:10:19.830Z,60.2,21.1,1.926,50.4,0,60,0,0,0,0,0,0,0,0,24
2025-09-25T16:10:20.831Z,60.2,21.1,1.926,49.6,0,60,0,0,0,0,0,0,0,0,24
2025-09-25T16:10:21.834Z,60.2,21.1,1.926,50.4,0,60,0,0,0,0,0,0,0,0,24
2025-09-25T16:10:22.835Z,60.2,21.1,1.926,49.6,0,60,0,0,0,0,0,0,0,0,24
2025-09-25T16:10:23.834Z,60.2,21.1,1.926,50.4,0,60,0,0,0,0,0,0,0,0,24
2025-09-25T16:10:24.831Z,60.2,21.1,1.926,49.6,0,60,0,0,0,0,0,0,0,0,24
2025-09-25T16:10:25.834Z,60.2,21.1,1.926,50.4,0,60,0,0,0,0,0,0,0,0,24
2025-09-25T16:10:26.833Z,60.2,21.1,1.926,49.6,0,60,0,0,0,0,0,0,0,0,24
2025-09-25T16:10:27.832Z,60.2,21.1,1.926,49.6,0,60,0,0,0,0,0,0,0,0,24
2025-09-25T16:10:28.833Z,60.2,21.1,1.926,50.4,0,60,0,0,0,0,0,0,0,0,24
2025-09-25T16:10:29.843Z,60.2,21.1,1.926,49.6,0,60,0,0,0,0,0,0,0,0,24
2025-09-25T16:10:30.840Z,60.2,21.1,1.926,49.6,0,60,0,0,0,0,0,0,0,0,24
2025-09-25T16:10:31.843Z,60.2,21.1,1.926,50.4,0,60,0,0,0,0,0,0,0,0,24
2025-09-25T16:10:32.841Z,60.2,21.1,1.926,50.4,0,60,0,0,0,0,0,0,0,0,24
2025-09-25T16:10:33.835Z,60.2,21.1,1.926,49.6,0,60,0,0,0,0,0,0,0,0,24
2025-09-25T16:10:34.841Z,60.2,21.1,1.927,49.6,0,60,0,0,0,0,0,0,0,0,24
2025-09-25T16:10:35.840Z,60.2,21.1,1.927,49.6,0,60,0,0,0,0,0,0,0,0,24
2025-09-25T16:10:36.846Z,60.2,21.1,1.926,50.4,0,60,0,0,0,0,0,0,0,0,24
2025-09-25T16:10:37.853Z,60.2,21.1,1.926,50.4,0,60,0,0,0,0,0,0,0,0,24
2025-09-25T16:10:38.847Z,60.2,21.1,1.927,49.6,0,60,0,0,0,0,0,0,0,0,24
2025-09-25T16:10:39.849Z,60.2,21.1,1.927,50.4,0,60,0,0,0,0,0,0,0,0,24
2025-09-25T16:10:40.843Z,60.1,21.1,1.927,49.6,0,60,0,0,0,0,0,0,0,0,24
2025-09-25T16:10:41.844Z,60.1,21.1,1.927,49.6,0,60,0,0,0,0,0,0,0,0,24
2025-09-25T16:10:42.845Z,60.1,21.1,1.927,50.4,0,60,0,0,0,0,0,0,0,0,24
2025-09-25T16:10:43.856Z,60.1,21.1,1.926,49.6,0,60,0,0,0,0,0,0,0,0,24
2025-09-25T16:10:44.852Z,60.1,21.1,1.927,49.6,0,60,0,0,0,0,0,0,0,0,24
2025-09-25T16:10:45.854Z,60.1,21.1,1.927,50.4,0,60,0,0,0,0,0,0,0,0,24
2025-09-25T16:10:46.854Z,60.1,21.1,1.927,49.6,0,60,0,0,0,0,0,0,0,0,24
2025-09-25T16:10:47.855Z,60.1,21.1,1.927,49.6,0,60,0,0,0,0,0,0,0,0,24
2025-09-25T16:10:48.858Z,60.1,21.1,1.927,50.4,0,60,0,0,0,0,0,0,0,0,24
2025-09-25T16:10:49.856Z,60.1,21.1,1.927,50.4,0,60,0,0,0,0,0,0,0,0,24
2025-09-25T16:10:50.858Z,60.1,21.1,1.927,49.6,0,60,0,0,0,0,0,0,0,0,24
2025-09-25T16:10:51.853Z,60.1,21.1,1.927,50.4,0,60,0,0,0,0,0,0,0,0,24
2025-09-25T16:10:52.857Z,60.1,21.1,1.927,50.4,0,60,0,0,0,0,0,0,0,0,24
2025-09-25T16:10:53.859Z,60.1,21.1,1.927,49.6,0,60,0,0,0,0,0,0,0,0,24
2025-09-25T16:10:54.861Z,60.1,21.1,1.927,50.4,0,60,0,0,0,0,0,0,0,0,24
2025-09-25T16:10:55.864Z,60.1,21.1,1.927,49.6,0,60,0,0,0,0,0,0,0,0,24
2025-09-25T16:10:56.864Z,60.1,21.1,1.927,50.4,0,60,0,0,0,0,0,0,0,0,24
2025-09-25T16:10:57.868Z,60.1,21.1,1.926,49.6,0,60,0,0,0,0,0,0,0,0,24
2025-09-25T16:10:58.865Z,60.1,21.1,1.927,49.6,0,60,0,0,0,0,0,0,0,0,24
2025-09-25T16:10:59.867Z,60.1,21.1,1.927,50.4,0,60,0,0,0,0,0,0,0,0,24
2025-09-25T16:11:00.869Z,60.1,21.1,1.927,49.6,0,60,0,0,0,0,0,0,0,0,24
2025-09-25T16:11:01.871Z,60.1,21.1,1.927,49.6,0,60,0,0,0,0,0,0,0,0,24
2025-09-25T16:11:02.870Z,60.1,21.1,1.927,50.4,0,60,0,0,0,0,0,0,0,0,24
2025-09-25T16:11:03.871Z,60.1,21.1,1.927,50.4,0,60,0,0,0,0,0,0,0,0,24
2025-09-25T16:11:04.874Z,60.1,21.1,1.927,49.6,0,60,0,0,0,0,0,0,0,0,24
2025-09-25T16:11:05.871Z,60.1,21.1,1.927,50.4,0,60,0,0,0,0,0,0,0,0,24
2025-09-25T16:11:06.874Z,60.1,21.1,1.927,49.6,0,60,0,0,0,0,0,0,0,0,24
2025-09-25T16:11:07.875Z,60.1,21.1,1.927,50.4,0,60,0,0,0,0,0,0,0,0,24
2025-09-25T16:11:08.874Z,60.1,21.1,1.927,49.6,0,60,0,0,0,0,0,0,0,0,24
2025-09-25T16:11:09.876Z,60,21.1,1.927,50.4,0,60,0,0,0,0,0,0,0,0,24
2025-09-25T16:11:10.873Z,60.1,21.1,1.927,50.4,0,60,0,0,0,0,0,0,0,0,24
2025-09-25T16:11:11.873Z,60.1,21.1,1.927,49.6,0,60,0,0,0,0,0,0,0,0,24
2025-09-25T16:11:12.875Z,60,21.1,1.927,49.6,0,60,0,0,0,0,0,0,0,0,24
2025-09-25T16:11:13.880Z,60,21.1,1.926,49.6,0,60,0,0,0,0,0,0,0,0,24
2025-09-25T16:11:14.879Z,60,21.1,1.927,50.4,0,60,0,0,0,0,0,0,0,0,24
2025-09-25T16:11:15.873Z,60,21.1,1.927,50.4,0,60,0,0,0,0,0,0,0,0,24
2025-09-25T16:11:16.879Z,60,21.1,1.927,49.6,0,60,0,0,0,0,0,0,0,0,24
2025-09-25T16:11:17.882Z,60,21.1,1.927,50.4,0,60,0,0,0,0,0,0,0,0,24
2025-09-25T16:11:18.884Z,60,21.1,1.927,49.6,0,60,0,0,0,0,0,0,0,0,24
2025-09-25T16:11:19.885Z,60,21.1,1.926,50.4,0,60,0,0,0,0,0,0,0,0,24
2025-09-25T16:11:20.883Z,60,21.1,1.927,49.6,0,60,0,0,0,0,0,0,0,0,24
2025-09-25T16:11:21.882Z,60,21.1,1.927,49.6,0,60,0,0,0,0,0,0,0,0,24
2025-09-25T16:11:22.888Z,60,21.1,1.926,50.4,0,60,0,0,0,0,0,0,0,0,24
2025-09-25T16:11:23.886Z,60,21.1,1.927,49.6,0,60,0,0,0,0,0,0,0,0,24
2025-09-25T16:11:24.890Z,60,21.1,1.926,50.4,0,60,0,0,0,0,0,0,0,0,24
2025-09-25T16:11:25.888Z,60,21.1,1.927,50.4,0,60,0,0,0,0,0,0,0,0,24
2025-09-25T16:11:26.884Z,60,21.1,1.927,49.6,0,60,0,0,0,0,0,0,0,0,24
2025-09-25T16:11:27.884Z,60,21.1,1.927,49.6,0,60,0,0,0,0,0,0,0,0,24
2025-09-25T16:11:28.891Z,60,21.1,1.927,49.6,0,60,0,0,0,0,0,0,0,0,24
2025-09-25T16:11:29.892Z,60,21.1,1.927,50.4,0,60,0,0,0,0,0,0,0,0,24
2025-09-25T16:11:30.893Z,60,21.1,1.927,50.4,0,60,0,0,0,0,0,0,0,0,24
2025-09-25T16:11:31.898Z,60,21.1,1.926,49.6,0,60,0,0,0,0,0,0,0,0,24
2025-09-25T16:11:32.893Z,60,21.1,1.927,49.6,0,60,0,0,0,0,0,0,0,0,24
2025-09-25T16:11:33.893Z,60,21.1,1.927,49.6,0,60,0,0,0,0,0,0,0,0,24
2025-09-25T16:11:34.895Z,60,21.1,1.928,50.4,0,60,0,0,0,0,0,0,0,0,24
2025-09-25T16:11:35.897Z,60,21.1,1.927,50.4,0,60,0,0,0,0,0,0,0,0,24
2025-09-25T16:11:36.899Z,60,21.1,1.927,49.6,0,60,0,0,0,0,0,0,0,0,24
2025-09-25T16:11:37.894Z,60,21.1,1.928,50.4,0,60,0,0,0,0,0,0,0,0,24
2025-09-25T16:11:38.895Z,60,21.1,1.927,49.6,0,60,0,0,0,0,0,0,0,0,24
2025-09-25T16:11:39.899Z,60,21.1,1.927,50.4,0,60,0,0,0,0,0,0,0,0,24
2025-09-25T16:11:40.895Z,60,21.1,1.927,49.6,0,60,0,0,0,0,0,0,0,0,24
2025-09-25T16:11:41.896Z,59.9,21.1,1.928,49.6,0,60,0,0,0,0,0,0,0,0,24
2025-09-25T16:11:42.904Z,59.9,21.1,1.927,50.4,0,60,0,0,0,0,0,0,0,0,24
2025-09-25T16:11:43.903Z,60,21.1,1.927,49.6,0,60,0,0,0,0,0,0,0,0,24
2025-09-25T16:11:44.902Z,59.9,21.1,1.927,50.4,0,60,0,0,0,0,0,0,0,0,24
2025-09-25T16:11:45.905Z,59.9,21.1,1.927,50.4,0,60,0,0,0,0,0,0,0,0,24
2025-09-25T16:11:46.906Z,59.9,21.1,1.927,49.6,0,60,0,0,0,0,0,0,0,0,24
2025-09-25T16:11:47.903Z,59.9,21.1,1.928,50.4,0,60,0,0,0,0,0,0,0,0,24
2025-09-25T16:11:48.903Z,59.9,21.1,1.927,49.6,0,60,0,0,0,0,0,0,0,0,24
2025-09-25T16:11:49.909Z,59.9,21.1,1.927,50.4,0,60,0,0,0,0,0,0,0,0,24
2025-09-25T16:11:50.911Z,59.9,21.1,1.928,49.6,0,60,0,0,0,0,0,0,0,0,24
2025-09-25T16:11:51.904Z,59.9,21.1,1.928,50.4,0,60,0,0,0,0,0,0,0,0,24
2025-09-25T16:11:52.905Z,59.9,21.1,1.927,49.6,0,60,0,0,0,0,0,0,0,0,24
2025-09-25T16:11:53.906Z,59.9,21.1,1.928,49.6,0,60,0,0,0,0,0,0,0,0,24
2025-09-25T16:11:54.915Z,59.9,21.1,1.928,50.4,0,60,0,0,0,0,0,0,0,0,24
2025-09-25T16:11:55.907Z,59.9,21.1,1.928,49.6,0,60,0,0,0,0,0,0,0,0,24
2025-09-25T16:11:56.905Z,59.9,21.1,1.927,49.6,0,60,0,0,0,0,0,0,0,0,24
2025-09-25T16:11:57.909Z,59.9,21.1,1.928,50.4,0,60,0,0,0,0,0,0,0,0,24
2025-09-25T16:11:58.908Z,59.9,21.1,1.927,50.4,0,60,0,0,0,0,0,0,0,0,24
2025-09-25T16:11:59.915Z,59.9,21.1,1.928,49.6,0,60,0,0,0,0,0,0,0,0,24
2025-09-25T16:12:00.915Z,59.9,21.1,1.928,50.4,0,60,0,0,0,0,0,0,0,0,24
2025-09-25T16:12:01.917Z,59.9,21.1,1.928,49.6,0,60,0,0,0,0,0,0,0,0,24
2025-09-25T16:12:02.920Z,59.9,21.1,1.928,50.4,0,60,0,0,0,0,0,0,0,0,24
2025-09-25T16:12:03.917Z,59.9,21.1,1.928,49.6,0,60,0,0,0,0,0,0,0,0,24
2025-09-25T16:12:04.914Z,59.9,21.1,1.927,49.6,0,60,0,0,0,0,0,0,0,0,24
2025-09-25T16:12:05.915Z,59.9,21.1,1.927,50.4,0,60,0,0,0,0,0,0,0,0,24
2025-09-25T16:12:06.914Z,59.9,21.1,1.927,49.6,0,60,0,0,0,0,0,0,0,0,24
2025-09-25T16:12:07.914Z,59.9,21.1,1.927,50.4,0,60,0,0,0,0,0,0,0,0,24
2025-09-25T16:12:08.923Z,59.9,21.1,1.928,49.6,0,60,0,0,0,0,0,0,0,0,24
2025-09-25T16:12:09.923Z,59.9,21.1,1.928,49.6,0,60,0,0,0,0,0,0,0,0,24
2025-09-25T16:12:10.923Z,59.9,21.1,1.928,50.4,0,60,0,0,0,0,0,0,0,0,24
2025-09-25T16:12:11.920Z,59.9,21.1,1.928,49.6,0,60,0,0,0,0,0,0,0,0,24
2025-09-25T16:12:12.925Z,59.9,21.1,1.928,50.4,0,60,0,0,0,0,0,0,0,0,24
2025-09-25T16:12:13.923Z,59.8,21.1,1.928,49.6,0,60,0,0,0,0,0,0,0,0,24
2025-09-25T16:12:14.918Z,59.9,21.1,1.928,50.4,0,60,0,0,0,0,0,0,0,0,24
2025-09-25T16:12:15.926Z,59.8,21.1,1.929,50.4,0,60,0,0,0,0,0,0,0,0,24
2025-09-25T16:12:16.931Z,59.8,21.1,1.929,49.6,0,60,0,0,0,0,0,0,0,0,24
2025-09-25T16:12:17.928Z,59.9,21.1,1.928,50.4,0,60,0,0,0,0,0,0,0,0,24
2025-09-25T16:12:18.929Z,59.8,21.1,1.929,49.6,0,60,0,0,0,0,0,0,0,0,24
2025-09-25T16:12:19.929Z,59.8,21.1,1.929,50.4,0,60,0,0,0,0,0,0,0,0,24
2025-09-25T16:12:20.927Z,59.8,21.1,1.928,49.6,0,60,0,0,0,0,0,0,0,0,24
2025-09-25T16:12:21.928Z,59.8,21.1,1.928,50.4,0,60,0,0,0,0,0,0,0,0,24
2025-09-25T16:12:22.937Z,59.8,21.1,1.929,49.6,0,60,0,0,0,0,0,0,0,0,24
2025-09-25T16:12:23.935Z,59.8,21.1,1.929,49.6,0,60,0,0,0,0,0,0,0,0,24
2025-09-25T16:12:24.930Z,59.8,21.1,1.929,50.4,0,60,0,0,0,0,0,0,0,0,24
2025-09-25T16:12:25.932Z,59.8,21.1,1.929,49.6,0,60,0,0,0,0,0,0,0,0,24
2025-09-25T16:12:26.937Z,59.8,21.1,1.929,50.4,0,60,0,0,0,0,0,0,0,0,24
2025-09-25T16:12:27.939Z,59.8,21.1,1.929,49.6,0,60,0,0,0,0,0,0,0,0,24
2025-09-25T16:12:28.933Z,59.8,21.1,1.927,50.4,0,60,0,0,0,0,0,0,0,0,24
2025-09-25T16:12:29.932Z,59.8,21.1,1.928,49.6,0,60,0,0,0,0,0,0,0,0,24
2025-09-25T16:12:30.932Z,59.8,21.1,1.928,49.6,0,60,0,0,0,0,0,0,0,0,24
2025-09-25T16:12:31.933Z,59.8,21.1,1.928,50.4,0,60,0,0,0,0,0,0,0,0,24
2025-09-25T16:12:32.940Z,59.8,21.1,1.929,49.6,0,60,0,0,0,0,0,0,0,0,24
2025-09-25T16:12:33.941Z,59.8,21.1,1.929,50.4,0,60,0,0,0,0,0,0,0,0,24
2025-09-25T16:12:34.941Z,59.8,21.1,1.929,49.6,0,60,0,0,0,0,0,0,0,0,24
2025-09-25T16:12:35.945Z,59.8,21.1,1.929,49.6,0,60,0,0,0,0,0,0,0,0,24
2025-09-25T16:12:36.946Z,59.8,21.1,1.929,50.4,0,60,0,0,0,0,0,0,0,0,24
2025-09-25T16:12:37.947Z,59.8,21.1,1.929,49.6,0,60,0,0,0,0,0,0,0,0,24
2025-09-25T16:12:38.947Z,59.8,21.1,1.929,50.4,0,60,0,0,0,0,0,0,0,0,24
2025-09-25T16:12:39.946Z,59.8,21.1,1.928,50.4,0,60,0,0,0,0,0,0,0,0,24
2025-09-25T16:12:40.945Z,59.8,21.1,1.928,49.6,0,60,0,0,0,0,0,0,0,0,24
2025-09-25T16:12:41.944Z,59.8,21.1,1.928,50.4,0,60,0,0,0,0,0,0,0,0,24
2025-09-25T16:12:42.950Z,59.8,21.1,1.929,49.6,0,60,0,0,0,0,0,0,0,0,24
2025-09-25T16:12:43.939Z,59.8,21.1,1.928,50.4,0,60,0,0,0,0,0,0,0,0,24
2025-09-25T16:12:44.942Z,59.8,21.1,1.928,49.6,0,60,0,0,0,0,0,0,0,0,24
2025-09-25T16:12:45.944Z,59.8,21.1,1.928,50.4,0,60,0,0,0,0,0,0,0,0,24
2025-09-25T16:12:46.942Z,59.8,21.1,1.928,49.6,0,60,0,0,0,0,0,0,0,0,24
2025-09-25T16:12:47.954Z,59.7,21.1,1.929,50.4,0,60,0,0,0,0,0,0,0,0,24
2025-09-25T16:12:48.949Z,59.7,21.1,1.928,49.6,0,60,0,0,0,0,0,0,0,0,24
2025-09-25T16:12:49.949Z,59.7,21.1,1.928,50.4,0,60,0,0,0,0,0,0,0,0,24
2025-09-25T16:12:50.953Z,59.7,21.1,1.928,49.6,0,60,0,0,0,0,0,0,0,0,24
2025-09-25T16:12:51.949Z,59.7,21.1,1.928,50.4,0,60,0,0,0,0,0,0,0,0,24
2025-09-25T16:12:52.946Z,59.8,21.1,1.928,49.6,0,60,0,0,0,0,0,0,0,0,24
2025-09-25T16:12:53.957Z,59.7,21.1,1.929,50.4,0,60.1,0,0,0,0,0,0,0,0,24
2025-09-25T16:12:54.961Z,59.7,21.1,1.929,49.6,0,60,0,0,0,0,0,0,0,0,24
2025-09-25T16:12:55.957Z,59.7,21.1,1.928,50.4,0,60,0,0,0,0,0,0,0,0,24
2025-09-25T16:12:56.960Z,59.7,21.1,1.929,49.6,0,60,0,0,0,0,0,0,0,0,24
2025-09-25T16:12:57.961Z,59.7,21.1,1.929,50.4,0,60.1,0,0,0,0,0,0,0,0,24
2025-09-25T16:12:58.960Z,59.7,21.1,1.928,49.6,0,60.1,0,0,0,0,0,0,0,0,24
2025-09-25T16:12:59.969Z,59.7,21.1,1.929,50.4,0,60.1,0,0,0,0,0,0,0,0,24
2025-09-25T16:13:00.965Z,59.7,21.1,1.929,49.6,0,60,0,0,0,0,0,0,0,0,24
2025-09-25T16:13:01.969Z,59.7,21.1,1.929,50.4,0,60,0,0,0,0,0,0,0,0,24
2025-09-25T16:13:02.963Z,59.7,21.1,1.928,49.6,0,60.1,0,0,0,0,0,0,0,0,24
2025-09-25T16:13:03.974Z,59.7,21.1,1.929,50.4,0,60,0,0,0,0,0,0,0,0,24
2025-09-25T16:13:04.967Z,59.7,21.1,1.928,49.6,0,60.1,0,0,0,0,0,0,0,0,24
2025-09-25T16:13:05.966Z,59.7,21.1,1.928,50.4,0,60.1,0,0,0,0,0,0,0,0,24
2025-09-25T16:13:06.968Z,59.7,21.1,1.928,49.6,0,60,0,0,0,0,0,0,0,0,24
2025-09-25T16:13:07.966Z,59.7,21.1,1.928,50.4,0,60.1,0,0,0,0,0,0,0,0,24
2025-09-25T16:13:08.962Z,59.7,21.1,1.928,49.6,0,60.1,0,0,0,0,0,0,0,0,24
2025-09-25T16:13:09.968Z,59.7,21.1,1.928,50.4,0,60,0,0,0,0,0,0,0,0,24
2025-09-25T16:13:10.965Z,59.7,21.1,1.928,49.6,0,60.1,0,0,0,0,0,0,0,0,24
2025-09-25T16:13:11.962Z,59.7,21.1,1.928,50.4,0,60.1,0,0,0,0,0,0,0,0,24
2025-09-25T16:13:12.965Z,59.7,21.1,1.928,49.6,0,60.1,0,0,0,0,0,0,0,0,24
2025-09-25T16:13:13.966Z,59.7,21.1,1.928,50.4,0,60.1,0,0,0,0,0,0,0,0,24
2025-09-25T16:13:14.966Z,59.7,21.1,1.928,49.6,0,60.1,0,0,0,0,0,0,0,0,24
2025-09-25T16:13:15.970Z,59.7,21.1,1.928,49.6,0,60,0,0,0,0,0,0,0,0,24
2025-09-25T16:13:16.966Z,59.7,21.1,1.928,49.6,0,60.1,0,0,0,0,0,0,0,0,24
2025-09-25T16:13:17.969Z,59.7,21.1,1.928,49.6,0,60.1,0,0,0,0,0,0,0,0,24
2025-09-25T16:13:18.975Z,59.7,21.1,1.928,50.4,0,60.1,0,0,0,0,0,0,0,0,24
2025-09-25T16:13:19.978Z,59.7,21.1,1.928,49.6,0,60.1,0,0,0,0,0,0,0,0,24
2025-09-25T16:13:20.978Z,59.7,21.1,1.928,50.4,0,60.1,0,0,0,0,0,0,0,0,24
2025-09-25T16:13:21.978Z,59.7,21.1,1.928,49.6,0,60.1,0,0,0,0,0,0,0,0,24
2025-09-25T16:13:22.980Z,59.7,21.1,1.928,49.6,0,60.1,0,0,0,0,0,0,0,0,24
2025-09-25T16:13:23.982Z,59.7,21.1,1.928,50.4,0,60.1,0,0,0,0,0,0,0,0,24
2025-09-25T16:13:24.984Z,59.7,21.1,1.928,49.6,0,60.1,0,0,0,0,0,0,0,0,24
2025-09-25T16:13:25.981Z,59.7,21.1,1.928,50.4,0,60.1,0,0,0,0,0,0,0,0,24
2025-09-25T16:13:26.982Z,59.7,21.1,1.928,49.6,0,60.1,0,0,0,0,0,0,0,0,24
2025-09-25T16:13:27.983Z,59.7,21.1,1.929,50.4,0,60.1,0,0,0,0,0,0,0,0,24
2025-09-25T16:13:28.985Z,59.7,21.1,1.928,49.6,0,60.1,0,0,0,0,0,0,0,0,24
2025-09-25T16:13:29.984Z,59.7,21.1,1.929,49.6,0,60.1,0,0,0,0,0,0,0,0,24
2025-09-25T16:13:30.986Z,59.7,21.1,1.929,50.4,0,60.1,0,0,0,0,0,0,0,0,24
2025-09-25T16:13:31.989Z,59.7,21.1,1.928,50.4,0,60.1,0,0,0,0,0,0,0,0,24
2025-09-25T16:13:32.986Z,59.7,21.1,1.929,49.6,0,60.1,0,0,0,0,0,0,0,0,24
2025-09-25T16:13:33.987Z,59.7,21.1,1.929,50.4,0,60.1,0,0,0,0,0,0,0,0,24
2025-09-25T16:13:34.989Z,59.7,21.1,1.929,49.6,0,60.1,0,0,0,0,0,0,0,0,24
2025-09-25T16:13:35.991Z,59.7,21.1,1.928,50.4,0,60.1,0,0,0,0,0,0,0,0,24
2025-09-25T16:13:36.989Z,59.7,21.1,1.929,49.6,0,60.1,0,0,0,0,0,0,0,0,24
2025-09-25T16:13:37.992Z,59.7,21.1,1.928,50.4,0,60.1,0,0,0,0,0,0,0,0,24
2025-09-25T16:13:38.996Z,59.7,21.1,1.928,49.6,0,60.1,0,0,0,0,0,0,0,0,24
2025-09-25T16:13:39.996Z,59.7,21.1,1.928,50.4,0,60.1,0,0,0,0,0,0,0,0,24
2025-09-25T16:13:40.987Z,59.7,21.1,1.929,49.6,0,60.1,0,0,0,0,0,0,0,0,24
2025-09-25T16:13:41.986Z,59.7,21.1,1.928,50.4,0,60.1,0,0,0,0,0,0,0,0,24
2025-09-25T16:13:42.993Z,59.7,21.1,1.928,49.6,0,60.1,0,0,0,0,0,0,0,0,24
2025-09-25T16:13:43.990Z,59.7,21.1,1.928,50.4,0,60.1,0,0,0,0,0,0,0,0,24
2025-09-25T16:13:44.998Z,59.6,21.1,1.929,49.6,0,60.1,0,0,0,0,0,0,0,0,24
2025-09-25T16:13:45.994Z,59.6,21.1,1.929,50.4,0,60.1,0,0,0,0,0,0,0,0,24
2025-09-25T16:13:46.996Z,59.6,21.1,1.929,49.6,0,60.1,0,0,0,0,0,0,0,0,24
2025-09-25T16:13:47.993Z,59.6,21.1,1.928,50.4,0,60.1,0,0,0,0,0,0,0,0,24
2025-09-25T16:13:49.002Z,59.6,21.1,1.929,49.6,0,60.1,0,0,0,0,0,0,0,0,24
2025-09-25T16:13:50.000Z,59.6,21.1,1.929,49.6,0,60.1,0,0,0,0,0,0,0,0,24
2025-09-25T16:13:51.001Z,59.6,21.1,1.929,49.6,0,60.1,0,0,0,0,0,0,0,0,24
2025-09-25T16:13:52.002Z,59.6,21.1,1.929,50.4,0,60.1,0,0,0,0,0,0,0,0,24
2025-09-25T16:13:53.003Z,59.6,21.1,1.929,49.6,0,60.1,0,0,0,0,0,0,0,0,24
2025-09-25T16:13:54.004Z,59.6,21.1,1.929,50.4,0,60.1,0,0,0,0,0,0,0,0,24
2025-09-25T16:13:55.004Z,59.6,21.1,1.929,50.4,0,60.1,0,0,0,0,0,0,0,0,24
2025-09-25T16:13:56.004Z,59.6,21.1,1.929,49.6,0,60.1,0,0,0,0,0,0,0,0,24
2025-09-25T16:13:57.002Z,59.6,21.1,1.929,49.6,0,60.1,0,0,0,0,0,0,0,0,24
2025-09-25T16:13:58.009Z,59.6,21.1,1.929,49.6,0,60.1,0,0,0,0,0,0,0,0,24
2025-09-25T16:13:59.008Z,59.6,21.1,1.929,50.4,0,60.1,0,0,0,0,0,0,0,0,24
2025-09-25T16:14:00.003Z,59.6,21.1,1.929,49.6,0,60.1,0,0,0,0,0,0,0,0,24
2025-09-25T16:14:01.005Z,59.6,21.1,1.929,50.4,0,60.1,0,0,0,0,0,0,0,0,24
2025-09-25T16:14:02.013Z,59.6,21.1,1.928,50.4,0,60.1,0,0,0,0,0,0,0,0,24
2025-09-25T16:14:03.008Z,59.6,21.1,1.929,49.6,0,60.1,0,0,0,0,0,0,0,0,24
2025-09-25T16:14:04.009Z,59.6,21.1,1.929,50.4,0,60.1,0,0,0,0,0,0,0,0,24
2025-09-25T16:14:05.013Z,59.6,21.1,1.929,49.6,0,60.1,0,0,0,0,0,0,0,0,24
2025-09-25T16:14:06.012Z,59.6,21.1,1.929,50.4,0,60.1,0,0,0,0,0,0,0,0,24
2025-09-25T16:14:07.013Z,59.6,21.1,1.929,49.6,0,60.1,0,0,0,0,0,0,0,0,24
2025-09-25T16:14:08.016Z,59.6,21.1,1.929,50.4,0,60.1,0,0,0,0,0,0,0,0,24
2025-09-25T16:14:09.017Z,59.6,21.1,1.929,49.6,0,60.1,0,0,0,0,0,0,0,0,24
2025-09-25T16:14:10.013Z,59.6,21.1,1.929,50.4,0,60.1,0,0,0,0,0,0,0,0,24
2025-09-25T16:14:11.017Z,59.6,21.1,1.929,49.6,0,60.1,0,0,0,0,0,0,0,0,24
2025-09-25T16:14:12.013Z,59.6,21.1,1.929,50.4,0,60.1,0,0,0,0,0,0,0,0,24
2025-09-25T16:14:13.010Z,59.6,21.1,1.93,49.6,0,60.1,0,0,0,0,0,0,0,0,24
2025-09-25T16:14:14.011Z,59.6,21.1,1.93,50.4,0,60.1,0,0,0,0,0,0,0,0,24
2025-09-25T16:14:15.016Z,59.6,21.1,1.929,49.6,0,60.1,0,0,0,0,0,0,0,0,24
2025-09-25T16:14:16.020Z,59.6,21.1,1.929,49.6,0,60.1,0,0,0,0,0,0,0,0,24
2025-09-25T16:14:17.022Z,59.6,21.1,1.929,50.4,0,60.1,0,0,0,0,0,0,0,0,24
2025-09-25T16:14:18.023Z,59.6,21.1,1.929,49.6,0,60.1,0,0,0,0,0,0,0,0,24
2025-09-25T16:14:19.026Z,59.6,21.1,1.929,50.4,0,60.1,0,0,0,0,0,0,0,0,24
2025-09-25T16:14:20.024Z,59.6,21.1,1.929,49.6,0,60.1,0,0,0,0,0,0,0,0,24
2025-09-25T16:14:21.025Z,59.6,21.1,1.929,50.4,0,60.1,0,0,0,0,0,0,0,0,24
2025-09-25T16:14:22.027Z,59.6,21.1,1.929,49.6,0,60.1,0,0,0,0,0,0,0,0,24
2025-09-25T16:14:23.028Z,59.6,21.1,1.929,50.4,0,60.1,0,0,0,0,0,0,0,0,24
2025-09-25T16:14:24.029Z,59.6,21.1,1.929,49.6,0,60.1,0,0,0,0,0,0,0,0,24
2025-09-25T16:14:25.033Z,59.6,21.1,1.929,50.4,0,60.1,0,0,0,0,0,0,0,0,24
2025-09-25T16:14:26.031Z,59.6,21.1,1.929,49.6,0,60.1,0,0,0,0,0,0,0,0,24
2025-09-25T16:14:27.023Z,59.6,21.1,1.93,50.4,0,60.1,0,0,0,0,0,0,0,0,24
2025-09-25T16:14:28.037Z,59.6,21.1,1.929,49.6,0,60.1,0,0,0,0,0,0,0,0,24
2025-09-25T16:14:29.034Z,59.6,21.1,1.929,50.4,0,60.1,0,0,0,0,0,0,0,0,24
2025-09-25T16:14:30.035Z,59.6,21.1,1.929,49.6,0,60.1,0,0,0,0,0,0,0,0,24
2025-09-25T16:14:31.028Z,59.6,21.1,1.93,50.4,0,60.1,0,0,0,0,0,0,0,0,24
2025-09-25T16:14:32.031Z,59.6,21.1,1.93,49.6,0,60.1,0,0,0,0,0,0,0,0,24
2025-09-25T16:14:33.036Z,59.6,21.1,1.929,50.4,0,60.1,0,0,0,0,0,0,0,0,24
2025-09-25T16:14:34.032Z,59.6,21.1,1.929,49.6,0,60.1,0,0,0,0,0,0,0,0,24
2025-09-25T16:14:35.028Z,59.6,21.1,1.93,50.4,0,60.1,0,0,0,0,0,0,0,0,24
2025-09-25T16:14:36.033Z,59.6,21.1,1.93,49.6,0,60.1,0,0,0,0,0,0,0,0,24
2025-09-25T16:14:37.034Z,59.6,21.1,1.929,50.4,0,60.1,0,0,0,0,0,0,0,0,24
2025-09-25T16:14:38.044Z,59.6,21.1,1.93,49.6,0,60.1,0,0,0,0,0,0,0,0,24
2025-09-25T16:14:39.045Z,59.6,21.1,1.93,50.4,0,60.1,0,0,0,0,0,0,0,0,24
2025-09-25T16:14:40.043Z,59.6,21.1,1.929,49.6,0,60.1,0,0,0,0,0,0,0,0,24
2025-09-25T16:14:41.035Z,59.6,21.1,1.93,50.4,0,60.1,0,0,0,0,0,0,0,0,24
2025-09-25T16:14:42.037Z,59.6,21.1,1.929,49.6,0,60.1,0,0,0,0,0,0,0,0,24
2025-09-25T16:14:43.046Z,59.6,21.1,1.93,50.4,0,60.1,0,0,0,0,0,0,0,0,24
2025-09-25T16:14:44.042Z,59.6,21.1,1.929,49.6,0,60.1,0,0,0,0,0,0,0,0,24
2025-09-25T16:14:45.044Z,59.6,21.1,1.929,50.4,0,60.1,0,0,0,0,0,0,0,0,24
2025-09-25T16:14:46.048Z,59.6,21.1,1.929,49.6,0,60.1,0,0,0,0,0,0,0,0,24
2025-09-25T16:14:47.046Z,59.6,21.1,1.929,50.4,0,60,0,0,0,0,0,0,0,0,24
2025-09-25T16:14:48.046Z,59.6,21.1,1.929,49.6,0,60.1,0,0,0,0,0,0,0,0,24
2025-09-25T16:14:49.053Z,59.6,21.1,1.929,50.4,0,60.1,0,0,0,0,0,0,0,0,24
2025-09-25T16:14:50.046Z,59.6,21.1,1.929,49.6,0,60.1,0,0,0,0,0,0,0,0,24
2025-09-25T16:14:51.044Z,59.6,21.1,1.931,50.4,0,60.1,0,0,0,0,0,0,0,0,24
2025-09-25T16:14:52.056Z,59.6,21.1,1.929,49.6,0,60.1,0,0,0,0,0,0,0,0,24
2025-09-25T16:14:53.053Z,59.6,21.1,1.929,50.4,0,60.1,0,0,0,0,0,0,0,0,24
2025-09-25T16:14:54.053Z,59.6,21.1,1.93,49.6,0,60.1,0,0,0,0,0,0,0,0,24
2025-09-25T16:14:55.060Z,59.6,21.1,1.93,50.4,0,60.1,0,0,0,0,0,0,0,0,24
2025-09-25T16:14:56.059Z,59.6,21.1,1.93,49.6,0,60.1,0,0,0,0,0,0,0,0,24
2025-09-25T16:14:57.057Z,59.6,21.1,1.929,50.4,0,60.1,0,0,0,0,0,0,0,0,24
2025-09-25T16:14:58.060Z,59.6,21.1,1.93,49.6,0,60.1,0,0,0,0,0,0,0,0,24
2025-09-25T16:14:59.058Z,59.6,21.1,1.929,50.4,0,60.1,0,0,0,0,0,0,0,0,24
2025-09-25T16:15:00.056Z,59.6,21.1,1.93,49.6,0,60.1,0,0,0,0,0,0,0,0,24
2025-09-25T16:15:01.056Z,59.6,21.1,1.929,50.4,0,60.1,0,0,0,0,0,0,0,0,24
2025-09-25T16:15:02.053Z,59.6,21.1,1.93,49.6,0,60.1,0,0,0,0,0,0,0,0,24
2025-09-25T16:15:03.056Z,59.6,21.1,1.93,50.4,0,60.1,0,0,0,0,0,0,0,0,24
2025-09-25T16:15:04.056Z,59.6,21.1,1.93,49.6,0,60.1,0,0,0,0,0,0,0,0,24
2025-09-25T16:15:05.056Z,59.6,21.1,1.929,50.4,0,60.1,0,0,0,0,0,0,0,0,24
2025-09-25T16:15:06.061Z,59.6,21.1,1.93,49.6,0,60.1,0,0,0,0,0,0,0,0,24
2025-09-25T16:15:07.058Z,59.5,21.1,1.929,50.4,0,60,0,0,0,0,0,0,0,0,24
2025-09-25T16:15:08.062Z,59.6,21.1,1.929,49.6,0,60.1,0,0,0,0,0,0,0,0,24
2025-09-25T16:15:09.061Z,59.6,21.1,1.929,50.4,0,60.1,0,0,0,0,0,0,0,0,24
2025-09-25T16:15:10.060Z,59.6,21.1,1.93,49.6,0,60.1,0,0,0,0,0,0,0,0,24
2025-09-25T16:15:11.061Z,59.6,21.1,1.929,50.4,0,60.1,0,0,0,0,0,0,0,0,24
2025-09-25T16:15:12.060Z,59.6,21.1,1.93,49.6,0,60.1,0,0,0,0,0,0,0,0,24
2025-09-25T16:15:13.069Z,59.5,21.1,1.929,50.4,0,60.1,0,0,0,0,0,0,0,0,24
2025-09-25T16:15:14.072Z,59.6,21.1,1.929,49.6,0,60.1,0,0,0,0,0,0,0,0,24
2025-09-25T16:15:15.073Z,59.6,21.1,1.929,49.6,0,60,0,0,0,0,0,0,0,0,24
2025-09-25T16:15:16.073Z,59.6,21.1,1.929,50.4,0,60,0,0,0,0,0,0,0,0,24
2025-09-25T16:15:17.073Z,59.6,21.1,1.929,49.6,0,60.1,0,0,0,0,0,0,0,0,24
2025-09-25T16:15:18.073Z,59.6,21.1,1.929,50.4,0,60,0,0,0,0,0,0,0,0,24
2025-09-25T16:15:19.067Z,59.6,21.1,1.931,49.6,0,60,0,0,0,0,0,0,0,0,24
2025-09-25T16:15:20.077Z,59.6,21.1,1.929,50.4,0,60.1,0,0,0,0,0,0,0,0,24
2025-09-25T16:15:21.076Z,59.6,21.1,1.929,49.6,0,60,0,0,0,0,0,0,0,0,24
2025-09-25T16:15:22.077Z,59.6,21.1,1.929,49.6,0,60,0,0,0,0,0,0,0,0,24
2025-09-25T16:15:23.081Z,59.6,21.1,1.929,49.6,0,60,0,0,0,0,0,0,0,0,24
2025-09-25T16:15:24.077Z,59.6,21.1,1.929,50.4,0,60,0,0,0,0,0,0,0,0,24
2025-09-25T16:15:25.083Z,59.6,21.1,1.929,49.6,0,60,0,0,0,0,0,0,0,0,24
2025-09-25T16:15:26.084Z,59.6,21.1,1.929,50.4,0,60,0,0,0,0,0,0,0,0,24
2025-09-25T16:15:27.086Z,59.6,21.1,1.929,49.6,0,60.1,0,0,0,0,0,0,0,0,24
2025-09-25T16:15:28.084Z,59.6,21.1,1.929,50.4,0,60,0,0,0,0,0,0,0,0,24
2025-09-25T16:15:29.086Z,59.6,21.1,1.929,49.6,0,60,0,0,0,0,0,0,0,0,24
2025-09-25T16:15:30.086Z,59.6,21.1,1.929,49.6,0,60,0,0,0,0,0,0,0,0,24
2025-09-25T16:15:31.080Z,59.6,21.1,1.929,50.4,0,60,0,0,0,0,0,0,0,0,24
2025-09-25T16:15:32.087Z,59.6,21.1,1.929,49.6,0,60,0,0,0,0,0,0,0,0,24
2025-09-25T16:15:33.088Z,59.6,21.1,1.929,50.4,0,60,0,0,0,0,0,0,0,0,24
2025-09-25T16:15:34.091Z,59.6,21.1,1.93,49.6,0,60,0,0,0,0,0,0,0,0,24
2025-09-25T16:15:35.088Z,59.6,21.1,1.929,50.4,0,60,0,0,0,0,0,0,0,0,24
2025-09-25T16:15:36.093Z,59.6,21.1,1.929,49.6,0,60,0,0,0,0,0,0,0,0,24
2025-09-25T16:15:37.093Z,59.6,21.1,1.929,49.6,0,60,0,0,0,0,0,0,0,0,24
2025-09-25T16:15:38.091Z,59.6,21.1,1.929,49.6,0,60,0,0,0,0,0,0,0,0,24
2025-09-25T16:15:39.095Z,59.6,21.1,1.928,50.4,0,60,0,0,0,0,0,0,0,0,24
2025-09-25T16:15:40.093Z,59.6,21.1,1.929,49.6,0,60,0,0,0,0,0,0,0,0,24
2025-09-25T16:15:41.093Z,59.6,21.1,1.928,50.4,0,60,0,0,0,0,0,0,0,0,24
2025-09-25T16:15:42.092Z,59.6,21.1,1.929,49.6,0,60,0,0,0,0,0,0,0,0,24
2025-09-25T16:15:43.093Z,59.6,21.1,1.928,50.4,0,60,0,0,0,0,0,0,0,0,24
2025-09-25T16:15:44.099Z,59.6,21.1,1.928,49.6,0,60,0,0,0,0,0,0,0,0,24
2025-09-25T16:15:45.098Z,59.6,21.1,1.928,50.4,0,60,0,0,0,0,0,0,0,0,24
2025-09-25T16:15:46.097Z,59.6,21.1,1.928,49.6,0,60,0,0,0,0,0,0,0,0,24
2025-09-25T16:15:47.102Z,59.6,21.1,1.929,50.4,0,60,0,0,0,0,0,0,0,0,24
2025-09-25T16:15:48.102Z,59.6,21.1,1.928,49.6,0,60,0,0,0,0,0,0,0,0,24
2025-09-25T16:15:49.100Z,59.6,21.1,1.928,49.6,0,60,0,0,0,0,0,0,0,0,24
2025-09-25T16:15:50.101Z,59.6,21.1,1.928,49.6,0,60,0,0,0,0,0,0,0,0,24
2025-09-25T16:15:51.102Z,59.6,21.1,1.928,50.4,0,60,0,0,0,0,0,0,0,0,24
2025-09-25T16:15:52.104Z,59.6,21.1,1.928,49.6,0,60,0,0,0,0,0,0,0,0,24
2025-09-25T16:15:53.105Z,59.6,21.1,1.928,49.6,0,60,0,0,0,0,0,0,0,0,24
2025-09-25T16:15:54.108Z,59.6,21.1,1.928,50.4,0,60,0,0,0,0,0,0,0,0,24
2025-09-25T16:15:55.107Z,59.6,21.1,1.928,49.6,0,60,0,0,0,0,0,0,0,0,24
2025-09-25T16:15:56.111Z,59.6,21.1,1.929,50.4,0,60,0,0,0,0,0,0,0,0,24
2025-09-25T16:15:57.108Z,59.7,21.1,1.928,49.6,0,60,0,0,0,0,0,0,0,0,24
2025-09-25T16:15:58.111Z,59.7,21.1,1.928,50.4,0,60,0,0,0,0,0,0,0,0,24
2025-09-25T16:15:59.103Z,59.7,21.1,1.928,49.6,0,60,0,0,0,0,0,0,0,0,24
2025-09-25T16:16:00.113Z,59.7,21.1,1.928,49.6,0,60,0,0,0,0,0,0,0,0,24
2025-09-25T16:16:01.109Z,59.7,21.1,1.928,50.4,0,60,0,0,0,0,0,0,0,0,24
2025-09-25T16:16:02.108Z,59.7,21.1,1.928,49.6,0,60,0,0,0,0,0,0,0,0,24
2025-09-25T16:16:03.109Z,59.7,21.1,1.928,49.6,0,60,0,0,0,0,0,0,0,0,24
2025-09-25T16:16:04.117Z,59.7,21.1,1.928,50.4,0,60,0,0,0,0,0,0,0,0,24
2025-09-25T16:16:05.117Z,59.7,21.1,1.928,49.6,0,60,0,0,0,0,0,0,0,0,24
2025-09-25T16:16:06.120Z,59.7,21.1,1.929,49.6,0,60,0,0,0,0,0,0,0,0,24
2025-09-25T16:16:07.116Z,59.7,21.1,1.928,50.4,0,60,0,0,0,0,0,0,0,0,24
2025-09-25T16:16:08.118Z,59.7,21.1,1.928,50.4,0,60,0,0,0,0,0,0,0,0,24
2025-09-25T16:16:09.119Z,59.7,21.1,1.928,49.6,0,60,0,0,0,0,0,0,0,0,24
2025-09-25T16:16:10.119Z,59.7,21.1,1.928,50.4,0,60,0,0,0,0,0,0,0,0,24
2025-09-25T16:16:11.122Z,59.7,21.1,1.928,49.6,0,60,0,0,0,0,0,0,0,0,24
2025-09-25T16:16:12.119Z,59.7,21.1,1.928,50.4,0,60,0,0,0,0,0,0,0,0,24
2025-09-25T16:16:13.121Z,59.7,21.1,1.928,49.6,0,60,0,0,0,0,0,0,0,0,24
2025-09-25T16:16:14.124Z,59.7,21.1,1.928,50.4,0,60,0,0,0,0,0,0,0,0,24
2025-09-25T16:16:15.122Z,59.7,21.1,1.928,49.6,0,60,0,0,0,0,0,0,0,0,24
2025-09-25T16:16:16.123Z,59.7,21.1,1.928,49.6,0,60,0,0,0,0,0,0,0,0,24
2025-09-25T16:16:17.125Z,59.7,21.1,1.928,50.4,0,60,0,0,0,0,0,0,0,0,24
2025-09-25T16:16:18.127Z,59.7,21.1,1.928,49.6,0,60,0,0,0,0,0,0,0,0,24
2025-09-25T16:16:19.128Z,59.7,21.1,1.928,49.6,0,60,0,0,0,0,0,0,0,0,24
2025-09-25T16:16:20.130Z,59.7,21.1,1.928,50.4,0,60,0,0,0,0,0,0,0,0,24
2025-09-25T16:16:21.131Z,59.7,21.1,1.928,50.4,0,60,0,0,0,0,0,0,0,0,24
2025-09-25T16:16:22.123Z,59.7,21.1,1.928,49.6,0,60,0,0,0,0,0,0,0,0,24
2025-09-25T16:16:23.135Z,59.7,21.1,1.929,50.4,0,60,0,0,0,0,0,0,0,0,24
2025-09-25T16:16:24.134Z,59.7,21.1,1.929,49.6,0,60,0,0,0,0,0,0,0,0,24
2025-09-25T16:16:25.134Z,59.7,21.1,1.929,50.4,0,60,0,0,0,0,0,0,0,0,24
2025-09-25T16:16:26.132Z,59.7,21.1,1.928,49.6,0,60,0,0,0,0,0,0,0,0,24
2025-09-25T16:16:27.141Z,59.7,21.1,1.929,50.4,0,60,0,0,0,0,0,0,0,0,24
2025-09-25T16:16:28.136Z,59.7,21.1,1.928,50.4,0,60,0,0,0,0,0,0,0,0,24
2025-09-25T16:16:29.137Z,59.7,21.1,1.928,49.6,0,60,0,0,0,0,0,0,0,0,24
2025-09-25T16:16:30.139Z,59.7,21.1,1.929,50.4,0,60,0,0,0,0,0,0,0,0,24
2025-09-25T16:16:31.143Z,59.8,21.1,1.929,49.6,0,60,0,0,0,0,0,0,0,0,24
2025-09-25T16:16:32.142Z,59.8,21.1,1.929,50.4,0,60,0,0,0,0,0,0,0,0,24
2025-09-25T16:16:33.144Z,59.8,21.1,1.929,49.6,0,60,0,0,0,0,0,0,0,0,24
2025-09-25T16:16:34.141Z,59.8,21.1,1.928,49.6,0,60,0,0,0,0,0,0,0,0,24
2025-09-25T16:16:35.147Z,59.8,21.1,1.929,50.4,0,60,0,0,0,0,0,0,0,0,24
2025-09-25T16:16:36.144Z,59.8,21.1,1.928,49.6,0,60,0,0,0,0,0,0,0,0,24
2025-09-25T16:16:37.148Z,59.8,21.1,1.929,50.4,0,60,0,0,0,0,0,0,0,0,24
2025-09-25T16:16:38.140Z,59.8,21.1,1.928,50.4,0,60,0,0,0,0,0,0,0,0,24
2025-09-25T16:16:39.146Z,59.8,21.1,1.928,49.6,0,60,0,0,0,0,0,0,0,0,24
2025-09-25T16:16:40.149Z,59.8,21.1,1.928,49.6,0,60,0,0,0,0,0,0,0,0,24
2025-09-25T16:16:41.151Z,59.8,21.1,1.928,49.6,0,60,0,0,0,0,0,0,0,0,24
2025-09-25T16:16:42.149Z,59.8,21.1,1.928,50.4,0,60,0,0,0,0,0,0,0,0,24
2025-09-25T16:16:43.150Z,59.8,21.1,1.928,50.4,0,60,0,0,0,0,0,0,0,0,24
2025-09-25T16:16:44.149Z,59.8,21.1,1.927,49.6,0,60,0,0,0,0,0,0,0,0,24
2025-09-25T16:16:45.148Z,59.8,21.1,1.927,50.4,0,60,0,0,0,0,0,0,0,0,24
2025-09-25T16:16:46.151Z,59.8,21.1,1.927,49.6,0,60,0,0,0,0,0,0,0,0,24
2025-09-25T16:16:47.144Z,59.8,21.1,1.927,50.4,0,60,0,0,0,0,0,0,0,0,24
2025-09-25T16:16:48.143Z,59.8,21.1,1.927,49.6,0,60,0,0,0,0,0,0,0,0,24
2025-09-25T16:16:49.147Z,59.8,21.1,1.927,50.4,0,60,0,0,0,0,0,0,0,0,24
2025-09-25T16:16:50.158Z,59.8,21.1,1.928,49.6,0,60,0,0,0,0,0,0,0,0,24
2025-09-25T16:16:51.161Z,59.8,21.1,1.928,50.4,0,60,0,0,0,0,0,0,0,0,24
2025-09-25T16:16:52.154Z,59.8,21.1,1.927,49.6,0,60,0,0,0,0,0,0,0,0,24
2025-09-25T16:16:53.151Z,59.8,21.1,1.927,50.4,0,60,0,0,0,0,0,0,0,0,24
2025-09-25T16:16:54.155Z,59.8,21.1,1.927,49.6,0,60,0,0,0,0,0,0,0,0,24
2025-09-25T16:16:55.162Z,59.9,21.1,1.928,50.4,0,60,0,0,0,0,0,0,0,0,24
2025-09-25T16:16:56.155Z,59.9,21.1,1.927,49.6,0,60,0,0,0,0,0,0,0,0,24
2025-09-25T16:16:57.162Z,59.9,21.1,1.928,50.4,0,60,0,0,0,0,0,0,0,0,24
2025-09-25T16:16:58.156Z,59.9,21.1,1.926,49.6,0,60,0,0,0,0,0,0,0,0,24
2025-09-25T16:16:59.157Z,59.9,21.1,1.927,50.4,0,60,0,0,0,0,0,0,0,0,24
2025-09-25T16:17:00.156Z,59.9,21.1,1.927,49.6,0,60,0,0,0,0,0,0,0,0,24
2025-09-25T16:17:01.162Z,59.9,21.1,1.926,50.4,0,60,0,0,0,0,0,0,0,0,24
2025-09-25T16:17:02.166Z,59.9,21.1,1.928,49.6,0,60,0,0,0,0,0,0,0,0,24
2025-09-25T16:17:03.169Z,59.9,21.1,1.927,50.4,0,60,0,0,0,0,0,0,0,0,24
2025-09-25T16:17:04.168Z,59.9,21.1,1.928,49.6,0,60,0,0,0,0,0,0,0,0,24
2025-09-25T16:17:05.169Z,59.9,21.1,1.927,50.4,0,60,0,0,0,0,0,0,0,0,24
2025-09-25T16:17:06.169Z,59.9,21.1,1.927,49.6,0,60,0,0,0,0,0,0,0,0,24
2025-09-25T16:17:07.169Z,59.9,21.1,1.927,50.4,0,60,0,0,0,0,0,0,0,0,24
2025-09-25T16:17:08.172Z,59.9,21.1,1.927,49.6,0,60,0,0,0,0,0,0,0,0,24
2025-09-25T16:17:09.172Z,59.9,21.1,1.928,50.4,0,60,0,0,0,0,0,0,0,0,24
2025-09-25T16:17:10.170Z,59.9,21.1,1.926,49.6,0,60,0,0,0,0,0,0,0,0,24
2025-09-25T16:17:11.173Z,59.9,21.1,1.927,50.4,0,60,0,0,0,0,0,0,0,0,24
2025-09-25T16:17:12.170Z,59.9,21.1,1.926,49.6,0,60,0,0,0,0,0,0,0,0,24
2025-09-25T16:17:13.173Z,59.9,21.1,1.927,50.4,0,60,0,0,0,0,0,0,0,0,24
2025-09-25T16:17:14.178Z,59.9,21.1,1.927,49.6,0,60,0,0,0,0,0,0,0,0,24
2025-09-25T16:17:15.171Z,59.9,21.1,1.926,50.4,0,60,0,0,0,0,0,0,0,0,24
2025-09-25T16:17:16.170Z,59.9,21.1,1.927,49.6,0,60,0,0,0,0,0,0,0,0,24
2025-09-25T16:17:17.172Z,59.9,21.1,1.926,50.4,0,60,0,0,0,0,0,0,0,0,24
2025-09-25T16:17:18.182Z,60,21.1,1.927,49.6,0,60,0,0,0,0,0,0,0,0,24
2025-09-25T16:17:19.172Z,60,21.1,1.926,50.4,0,60,0,0,0,0,0,0,0,0,24
2025-09-25T16:17:20.174Z,60,21.1,1.926,49.6,0,60,0,0,0,0,0,0,0,0,24
2025-09-25T16:17:21.174Z,60,21.1,1.926,50.4,0,60,0,0,0,0,0,0,0,0,24
2025-09-25T16:17:22.176Z,60,21.1,1.926,49.6,0,60,0,0,0,0,0,0,0,0,24
2025-09-25T16:17:23.175Z,60,21.1,1.926,50.4,0,60,0,0,0,0,0,0,0,0,24
2025-09-25T16:17:24.183Z,60,21.1,1.927,49.6,0,60,0,0,0,0,0,0,0,0,24
2025-09-25T16:17:25.181Z,60,21.1,1.927,50.4,0,60,0,0,0,0,0,0,0,0,24
2025-09-25T16:17:26.182Z,60,21.1,1.927,49.6,0,60,0,0,0,0,0,0,0,0,24
2025-09-25T16:17:27.180Z,60,21.1,1.926,50.4,0,60,0,0,0,0,0,0,0,0,24
2025-09-25T16:17:28.182Z,60,21.1,1.926,49.6,0,60,0,0,0,0,0,0,0,0,24
2025-09-25T16:17:29.192Z,60,21.1,1.927,50.4,0,60,0,0,0,0,0,0,0,0,24
2025-09-25T16:17:30.182Z,60,21.1,1.926,49.6,0,60,0,0,0,0,0,0,0,0,24
2025-09-25T16:17:31.185Z,60,21.1,1.926,50.4,0,60,0,0,0,0,0,0,0,0,24
2025-09-25T16:17:32.184Z,60,21.1,1.926,49.6,0,60,0,0,0,0,0,0,0,0,24
2025-09-25T16:17:33.186Z,60,21.1,1.926,50.4,0,60,0,0,0,0,0,0,0,0,24
2025-09-25T16:17:34.194Z,60,21.1,1.927,49.6,0,60,0,0,0,0,0,0,0,0,24
2025-09-25T16:17:35.194Z,60,21.1,1.927,50.4,0,60,0,0,0,0,0,0,0,0,24
2025-09-25T16:17:36.195Z,60,21.1,1.927,49.6,0,60,0,0,0,0,0,0,0,0,24
2025-09-25T16:17:37.195Z,60,21.1,1.927,50.4,0,60,0,0,0,0,0,0,0,0,24
2025-09-25T16:17:38.197Z,60,21.1,1.927,49.6,0,60,0,0,0,0,0,0,0,0,24
2025-09-25T16:17:39.198Z,60,21.1,1.927,50.4,0,60,0,0,0,0,0,0,0,0,24
2025-09-25T16:17:40.196Z,60,21.1,1.927,49.6,0,60,0,0,0,0,0,0,0,0,24
2025-09-25T16:17:41.191Z,60,21.1,1.926,50.4,0,60,0,0,0,0,0,0,0,0,24
2025-09-25T16:17:42.196Z,60.1,21.1,1.927,49.6,0,60,0,0,0,0,0,0,0,0,24
2025-09-25T16:17:43.199Z,60.1,21.1,1.926,50.4,0,60,0,0,0,0,0,0,0,0,24
2025-09-25T16:17:44.203Z,60.1,21.1,1.926,49.6,0,60,0,0,0,0,0,0,0,0,24
2025-09-25T16:17:45.202Z,60.1,21.1,1.926,50.4,0,60,0,0,0,0,0,0,0,0,24
2025-09-25T16:17:46.202Z,60.1,21.1,1.926,49.6,0,60,0,0,0,0,0,0,0,0,24
2025-09-25T16:17:47.204Z,60.1,21.1,1.926,50.4,0,60,0,0,0,0,0,0,0,0,24
2025-09-25T16:17:48.198Z,60.1,21.1,1.926,49.6,0,60,0,0,0,0,0,0,0,0,24
2025-09-25T16:17:49.198Z,60.1,21.1,1.926,50.4,0,60,0,0,0,0,0,0,0,0,24
2025-09-25T16:17:50.210Z,60.1,21.1,1.926,49.6,0,60,0,0,0,0,0,0,0,0,24
2025-09-25T16:17:51.204Z,60.1,21.1,1.926,50.4,0,60,0,0,0,0,0,0,0,0,24
2025-09-25T16:17:52.208Z,60.1,21.1,1.926,49.6,0,60,0,0,0,0,0,0,0,0,24
2025-09-25T16:17:53.209Z,60.1,21.1,1.926,50.4,0,60,0,0,0,0,0,0,0,0,24
2025-09-25T16:17:54.209Z,60.1,21.1,1.926,49.6,0,60,0,0,0,0,0,0,0,0,24
2025-09-25T16:17:55.210Z,60.1,21.1,1.926,50.4,0,60,0,0,0,0,0,0,0,0,24
2025-09-25T16:17:56.206Z,60.1,21.1,1.926,49.6,0,60,0,0,0,0,0,0,0,0,24
2025-09-25T16:17:57.207Z,60.1,21.1,1.926,50.4,0,60,0,0,0,0,0,0,0,0,24
2025-09-25T16:17:58.215Z,60.1,21.1,1.926,49.6,0,60,0,0,0,0,0,0,0,0,24
2025-09-25T16:17:59.217Z,60.1,21.1,1.926,49.6,0,60,0,0,0,0,0,0,0,0,24
2025-09-25T16:18:00.211Z,60.1,21.1,1.926,50.4,0,60,0,0,0,0,0,0,0,0,24
2025-09-25T16:18:01.211Z,60.1,21.1,1.926,49.6,0,60,0,0,0,0,0,0,0,0,24
2025-09-25T16:18:02.212Z,60.1,21.1,1.925,50.4,0,60,0,0,0,0,0,0,0,0,24
2025-09-25T16:18:03.212Z,60.1,21.1,1.925,49.6,0,60,0,0,0,0,0,0,0,0,24
2025-09-25T16:18:04.218Z,60.2,21.1,1.926,49.6,0,60,0,0,0,0,0,0,0,0,24
2025-09-25T16:18:05.219Z,60.2,21.1,1.926,49.6,0,60,0,0,0,0,0,0,0,0,24
2025-09-25T16:18:06.218Z,60.2,21.1,1.926,49.6,0,60,0,0,0,0,0,0,0,0,24
2025-09-25T16:18:07.224Z,60.2,21.1,1.926,50.4,0,60,0,0,0,0,0,0,0,0,24
2025-09-25T16:18:08.217Z,60.2,21.1,1.925,49.6,0,60,0,0,0,0,0,0,0,0,24
2025-09-25T16:18:09.222Z,60.2,21.1,1.926,50.4,0,60,0,0,0,0,0,0,0,0,24
2025-09-25T16:18:10.228Z,60.2,21.1,1.926,49.6,0,60,0,0,0,0,0,0,0,0,24
2025-09-25T16:18:11.218Z,60.2,21.1,1.926,50.4,0,60,0,0,0,0,0,0,0,0,24
2025-09-25T16:18:12.217Z,60.2,21.1,1.925,49.6,0,60,0,0,0,0,0,0,0,0,24
2025-09-25T16:18:13.217Z,60.2,21.1,1.925,49.6,0,60,0,0,0,0,0,0,0,0,24
2025-09-25T16:18:14.217Z,60.2,21.1,1.925,49.6,0,60,0,0,0,0,0,0,0,0,24
2025-09-25T16:18:15.221Z,60.2,21.1,1.925,50.4,0,60,0,0,0,0,0,0,0,0,24
2025-09-25T16:18:16.220Z,60.2,21.1,1.925,49.6,0,60,0,0,0,0,0,0,0,0,24
2025-09-25T16:18:17.223Z,60.2,21.1,1.926,50.4,0,60,0,0,0,0,0,0,0,0,24
2025-09-25T16:18:18.223Z,60.2,21.1,1.925,49.6,0,60,0,0,0,0,0,0,0,0,24
2025-09-25T16:18:19.232Z,60.2,21.1,1.926,50.4,0,60,0,0,0,0,0,0,0,0,24
2025-09-25T16:18:20.229Z,60.2,21.1,1.926,49.6,0,60,0,0,0,0,0,0,0,0,24
2025-09-25T16:18:21.232Z,60.3,21.1,1.926,50.4,0,60,0,0,0,0,0,0,0,0,24
2025-09-25T16:18:22.233Z,60.3,21.1,1.926,49.6,0,60,0,0,0,0,0,0,0,0,24
2025-09-25T16:18:23.232Z,60.3,21.1,1.926,50.4,0,60,0,0,0,0,0,0,0,0,24
2025-09-25T16:18:24.234Z,60.3,21.1,1.926,49.6,0,60,0,0,0,0,0,0,0,0,24
2025-09-25T16:18:25.235Z,60.3,21.1,1.926,50.4,0,60,0,0,0,0,0,0,0,0,24
2025-09-25T16:18:26.236Z,60.3,21.1,1.926,50.4,0,60,0,0,0,0,0,0,0,0,24
2025-09-25T16:18:27.241Z,60.3,21.1,1.926,49.6,0,60,0,0,0,0,0,0,0,0,24
2025-09-25T16:18:28.240Z,60.3,21.1,1.926,49.6,0,60,0,0,0,0,0,0,0,0,24
2025-09-25T16:18:29.239Z,60.3,21.1,1.926,49.6,0,60,0,0,0,0,0,0,0,0,24
2025-09-25T16:18:30.239Z,60.3,21.1,1.926,49.6,0,60,0,0,0,0,0,0,0,0,24
2025-09-25T16:18:31.243Z,60.3,21.1,1.925,49.6,0,60,0,0,0,0,0,0,0,0,24
