timestamp,TECell_PV,PSCurrent_PV,PSVoltage_PV,FT201_PV,HTR201_PV,TE201_PV,CT201_PV,CT210_PV,Cell1_Voltage,Cell2_Voltage,Cell3_Voltage,PT201_PV,PT302_PV,HCD220_PV,step
2025-09-27T18:32:00.391Z,60.7,21.1,1.908,50.4,0,59.9,0,0,0,0,0,0,0,0,66
2025-09-27T18:32:01.391Z,60.7,21.1,1.906,49.6,0,60,0,0,0,0,0,0,0,0,66
2025-09-27T18:32:02.397Z,60.7,21.1,1.907,50.4,0,59.9,0,0,0,0,0,0,0,0,66
2025-09-27T18:32:03.391Z,60.7,21.1,1.908,49.6,0,59.9,0,0,0,0,0,0,0,0,66
2025-09-27T18:32:04.401Z,60.7,21.1,1.909,49.6,0,59.9,0,0,0,0,0,0,0,0,66
2025-09-27T18:32:05.392Z,60.7,21.1,1.906,50.4,0,60,0,0,0,0,0,0,0,0,66
2025-09-27T18:32:06.396Z,60.7,21.1,1.908,49.6,0,59.9,0,0,0,0,0,0,0,0,66
2025-09-27T18:32:07.396Z,60.7,21.1,1.908,49.6,0,60,0,0,0,0,0,0,0,0,66
2025-09-27T18:32:08.397Z,60.7,21.1,1.909,50.4,0,60,0,0,0,0,0,0,0,0,66
2025-09-27T18:32:09.398Z,60.7,21.1,1.909,49.6,0,60,0,0,0,0,0,0,0,0,66
2025-09-27T18:32:10.397Z,60.7,21.1,1.908,49.6,0,60,0,0,0,0,0,0,0,0,66
2025-09-27T18:32:11.401Z,60.7,21.1,1.909,50.4,0,60,0,0,0,0,0,0,0,0,66
2025-09-27T18:32:12.401Z,60.7,21.1,1.909,50.4,0,59.9,0,0,0,0,0,0,0,0,66
2025-09-27T18:32:13.400Z,60.7,21.1,1.909,49.6,0,60,0,0,0,0,0,0,0,0,66
2025-09-27T18:32:14.405Z,60.7,21.1,1.909,50.4,0,60,0,0,0,0,0,0,0,0,66
2025-09-27T18:32:15.405Z,60.7,21.1,1.909,49.6,0,59.9,0,0,0,0,0,0,0,0,66
2025-09-27T18:32:16.407Z,60.6,21.1,1.909,49.6,0,60,0,0,0,0,0,0,0,0,66
2025-09-27T18:32:17.402Z,60.6,21.1,1.909,50.4,0,60,0,0,0,0,0,0,0,0,66
2025-09-27T18:32:18.406Z,60.6,21.1,1.909,50.4,0,60,0,0,0,0,0,0,0,0,66
2025-09-27T18:32:19.418Z,60.6,21.1,1.908,49.6,0,60,0,0,0,0,0,0,0,0,66
2025-09-27T18:32:20.409Z,60.6,21.1,1.909,50.4,0,60,0,0,0,0,0,0,0,0,66
2025-09-27T18:32:21.407Z,60.6,21.1,1.909,49.6,0,60,0,0,0,0,0,0,0,0,66
2025-09-27T18:32:22.409Z,60.6,21.1,1.909,50.4,0,60,0,0,0,0,0,0,0,0,66
2025-09-27T18:32:23.412Z,60.6,21.1,1.909,50.4,0,59.9,0,0,0,0,0,0,0,0,66
2025-09-27T18:32:24.411Z,60.6,21.1,1.909,49.6,0,60,0,0,0,0,0,0,0,0,66
2025-09-27T18:32:25.415Z,60.6,21.1,1.909,50.4,0,60,0,0,0,0,0,0,0,0,66
2025-09-27T18:32:26.414Z,60.6,21.1,1.909,49.6,0,60,0,0,0,0,0,0,0,0,66
2025-09-27T18:32:27.413Z,60.6,21.1,1.909,50.4,0,60,0,0,0,0,0,0,0,0,66
2025-09-27T18:32:28.416Z,60.6,21.1,1.909,49.6,0,60,0,0,0,0,0,0,0,0,66
2025-09-27T18:32:29.418Z,60.6,21.1,1.909,50.4,0,60,0,0,0,0,0,0,0,0,66
2025-09-27T18:32:30.417Z,60.6,21.1,1.909,49.6,0,60,0,0,0,0,0,0,0,0,66
2025-09-27T18:32:31.419Z,60.6,21.1,1.909,49.6,0,60,0,0,0,0,0,0,0,0,66
2025-09-27T18:32:32.417Z,60.6,21.1,1.909,50.4,0,60,0,0,0,0,0,0,0,0,66
2025-09-27T18:32:33.420Z,60.6,21.1,1.909,49.6,0,60,0,0,0,0,0,0,0,0,66
2025-09-27T18:32:34.421Z,60.6,21.1,1.909,49.6,0,60,0,0,0,0,0,0,0,0,66
2025-09-27T18:32:35.423Z,60.6,21.1,1.909,50.4,0,60,0,0,0,0,0,0,0,0,66
2025-09-27T18:32:36.424Z,60.6,21.1,1.909,49.6,0,60,0,0,0,0,0,0,0,0,66
2025-09-27T18:32:37.427Z,60.6,21.1,1.909,50.4,0,60,0,0,0,0,0,0,0,0,66
2025-09-27T18:32:38.428Z,60.6,21.1,1.909,50.4,0,60,0,0,0,0,0,0,0,0,66
2025-09-27T18:32:39.429Z,60.6,21.1,1.909,49.6,0,60,0,0,0,0,0,0,0,0,66
2025-09-27T18:32:40.428Z,60.6,21.1,1.909,50.4,0,60,0,0,0,0,0,0,0,0,66
2025-09-27T18:32:41.427Z,60.5,21.1,1.909,49.6,0,60,0,0,0,0,0,0,0,0,66
2025-09-27T18:32:42.429Z,60.5,21.1,1.909,50.4,0,60,0,0,0,0,0,0,0,0,66
2025-09-27T18:32:43.435Z,60.5,21.1,1.909,49.6,0,60,0,0,0,0,0,0,0,0,66
2025-09-27T18:32:44.434Z,60.5,21.1,1.909,49.6,0,60,0,0,0,0,0,0,0,0,66
2025-09-27T18:32:45.433Z,60.5,21.1,1.909,50.4,0,60,0,0,0,0,0,0,0,0,66
2025-09-27T18:32:46.440Z,60.5,21.1,1.909,49.6,0,60,0,0,0,0,0,0,0,0,66
2025-09-27T18:32:47.438Z,60.5,21.1,1.909,49.6,0,60,0,0,0,0,0,0,0,0,66
2025-09-27T18:32:48.433Z,60.5,21.1,1.909,50.4,0,60,0,0,0,0,0,0,0,0,66
2025-09-27T18:32:49.438Z,60.5,21.1,1.909,49.6,0,60,0,0,0,0,0,0,0,0,66
2025-09-27T18:32:50.436Z,60.5,21.1,1.909,50.4,0,60,0,0,0,0,0,0,0,0,66
2025-09-27T18:32:51.439Z,60.5,21.1,1.909,50.4,0,60,0,0,0,0,0,0,0,0,66
2025-09-27T18:32:52.436Z,60.5,21.1,1.909,49.6,0,60,0,0,0,0,0,0,0,0,66
2025-09-27T18:32:53.438Z,60.5,21.1,1.909,50.4,0,60,0,0,0,0,0,0,0,0,66
2025-09-27T18:32:54.439Z,60.5,21.1,1.909,49.6,0,60,0,0,0,0,0,0,0,0,66
2025-09-27T18:32:55.442Z,60.5,21.1,1.909,50.4,0,60,0,0,0,0,0,0,0,0,66
2025-09-27T18:32:56.441Z,60.5,21.1,1.909,49.6,0,60,0,0,0,0,0,0,0,0,66
2025-09-27T18:32:57.439Z,60.5,21.1,1.909,50.4,0,60,0,0,0,0,0,0,0,0,66
2025-09-27T18:32:58.443Z,60.5,21.1,1.909,49.6,0,60,0,0,0,0,0,0,0,0,66
2025-09-27T18:32:59.442Z,60.5,21.1,1.909,49.6,0,60,0,0,0,0,0,0,0,0,66
2025-09-27T18:33:00.441Z,60.5,21.1,1.909,50.4,0,60,0,0,0,0,0,0,0,0,66
2025-09-27T18:33:01.444Z,60.5,21.1,1.909,49.6,0,60,0,0,0,0,0,0,0,0,66
2025-09-27T18:33:02.448Z,60.4,21.1,1.909,50.4,0,60,0,0,0,0,0,0,0,0,66
2025-09-27T18:33:03.445Z,60.4,21.1,1.909,50.4,0,60,0,0,0,0,0,0,0,0,66
2025-09-27T18:33:04.446Z,60.4,21.1,1.909,49.6,0,60,0,0,0,0,0,0,0,0,66
2025-09-27T18:33:05.449Z,60.4,21.1,1.909,49.6,0,60,0,0,0,0,0,0,0,0,66
2025-09-27T18:33:06.449Z,60.4,21.1,1.909,49.6,0,60,0,0,0,0,0,0,0,0,66
2025-09-27T18:33:07.446Z,60.4,21.1,1.909,50.4,0,60,0,0,0,0,0,0,0,0,66
2025-09-27T18:33:08.450Z,60.4,21.1,1.909,49.6,0,60,0,0,0,0,0,0,0,0,66
2025-09-27T18:33:09.448Z,60.4,21.1,1.909,49.6,0,60,0,0,0,0,0,0,0,0,66
2025-09-27T18:33:10.450Z,60.4,21.1,1.909,50.4,0,60,0,0,0,0,0,0,0,0,66
2025-09-27T18:33:11.456Z,60.4,21.1,1.91,50.4,0,60,0,0,0,0,0,0,0,0,66
2025-09-27T18:33:12.454Z,60.4,21.1,1.91,49.6,0,60,0,0,0,0,0,0,0,0,66
2025-09-27T18:33:13.452Z,60.4,21.1,1.909,50.4,0,60,0,0,0,0,0,0,0,0,66
2025-09-27T18:33:14.451Z,60.4,21.1,1.909,49.6,0,60,0,0,0,0,0,0,0,0,66
2025-09-27T18:33:15.454Z,60.4,21.1,1.909,50.4,0,60,0,0,0,0,0,0,0,0,66
2025-09-27T18:33:16.457Z,60.4,21.1,1.909,49.6,0,60,0,0,0,0,0,0,0,0,66
2025-09-27T18:33:17.463Z,60.4,21.1,1.91,50.4,0,60,0,0,0,0,0,0,0,0,66
2025-09-27T18:33:18.458Z,60.4,21.1,1.909,49.6,0,60,0,0,0,0,0,0,0,0,66
2025-09-27T18:33:19.458Z,60.4,21.1,1.909,49.6,0,60,0,0,0,0,0,0,0,0,66
2025-09-27T18:33:20.460Z,60.4,21.1,1.91,50.4,0,60,0,0,0,0,0,0,0,0,66
2025-09-27T18:33:21.458Z,60.4,21.1,1.909,49.6,0,60,0,0,0,0,0,0,0,0,66
2025-09-27T18:33:22.459Z,60.3,21.1,1.909,50.4,0,60,0,0,0,0,0,0,0,0,66
2025-09-27T18:33:23.461Z,60.3,21.1,1.91,49.6,0,60,0,0,0,0,0,0,0,0,66
2025-09-27T18:33:24.463Z,60.3,21.1,1.91,49.6,0,60,0,0,0,0,0,0,0,0,66
2025-09-27T18:33:25.462Z,60.3,21.1,1.911,50.4,0,60,0,0,0,0,0,0,0,0,66
2025-09-27T18:33:26.468Z,60.3,21.1,1.911,49.6,0,60,0,0,0,0,0,0,0,0,66
2025-09-27T18:33:27.469Z,60.3,21.1,1.911,49.6,0,60,0,0,0,0,0,0,0,0,66
2025-09-27T18:33:28.466Z,60.3,21.1,1.911,50.4,0,60,0,0,0,0,0,0,0,0,66
2025-09-27T18:33:29.467Z,60.3,21.1,1.911,49.6,0,60,0,0,0,0,0,0,0,0,66
2025-09-27T18:33:30.467Z,60.3,21.1,1.911,49.6,0,60,0,0,0,0,0,0,0,0,66
2025-09-27T18:33:31.468Z,60.3,21.1,1.911,50.4,0,60,0,0,0,0,0,0,0,0,66
2025-09-27T18:33:32.470Z,60.3,21.1,1.911,49.6,0,60,0,0,0,0,0,0,0,0,66
2025-09-27T18:33:33.471Z,60.3,21.1,1.911,49.6,0,60,0,0,0,0,0,0,0,0,66
2025-09-27T18:33:34.474Z,60.3,21.1,1.911,50.4,0,60,0,0,0,0,0,0,0,0,66
2025-09-27T18:33:35.477Z,60.3,21.1,1.911,49.6,0,60,0,0,0,0,0,0,0,0,66
2025-09-27T18:33:36.473Z,60.3,21.1,1.911,49.6,0,60,0,0,0,0,0,0,0,0,66
2025-09-27T18:33:37.476Z,60.3,21.1,1.911,50.4,0,60,0,0,0,0,0,0,0,0,66
2025-09-27T18:33:38.476Z,60.3,21.1,1.911,49.6,0,60,0,0,0,0,0,0,0,0,66
2025-09-27T18:33:39.478Z,60.3,21.1,1.911,49.6,0,60,0,0,0,0,0,0,0,0,66
2025-09-27T18:33:40.482Z,60.3,21.1,1.91,50.4,0,60,0,0,0,0,0,0,0,0,66
2025-09-27T18:33:41.481Z,60.3,21.1,1.911,50.4,0,60,0,0,0,0,0,0,0,0,66
2025-09-27T18:33:42.482Z,60.3,21.1,1.911,49.6,0,60,0,0,0,0,0,0,0,0,66
2025-09-27T18:33:43.481Z,60.3,21.1,1.911,50.4,0,60,0,0,0,0,0,0,0,0,66
2025-09-27T18:33:44.484Z,60.2,21.1,1.911,49.6,0,60,0,0,0,0,0,0,0,0,66
2025-09-27T18:33:45.486Z,60.2,21.1,1.91,49.6,0,60,0,0,0,0,0,0,0,0,66
2025-09-27T18:33:46.479Z,60.2,21.1,1.911,50.4,0,60,0,0,0,0,0,0,0,0,66
2025-09-27T18:33:47.486Z,60.2,21.1,1.911,49.6,0,60,0,0,0,0,0,0,0,0,66
2025-09-27T18:33:48.487Z,60.2,21.1,1.911,49.6,0,60,0,0,0,0,0,0,0,0,66
2025-09-27T18:33:49.486Z,60.2,21.1,1.911,50.4,0,60,0,0,0,0,0,0,0,0,66
2025-09-27T18:33:50.487Z,60.2,21.1,1.911,49.6,0,60,0,0,0,0,0,0,0,0,66
2025-09-27T18:33:51.487Z,60.2,21.1,1.911,50.4,0,60,0,0,0,0,0,0,0,0,66
2025-09-27T18:33:52.485Z,60.2,21.1,1.911,50.4,0,60,0,0,0,0,0,0,0,0,66
2025-09-27T18:33:53.489Z,60.2,21.1,1.91,49.6,0,60,0,0,0,0,0,0,0,0,66
2025-09-27T18:33:54.488Z,60.2,21.1,1.911,50.4,0,60,0,0,0,0,0,0,0,0,66
2025-09-27T18:33:55.489Z,60.2,21.1,1.911,50.4,0,60,0,0,0,0,0,0,0,0,66
2025-09-27T18:33:56.493Z,60.2,21.1,1.91,49.6,0,60,0,0,0,0,0,0,0,0,66
2025-09-27T18:33:57.496Z,60.2,21.1,1.91,50.4,0,60,0,0,0,0,0,0,0,0,66
2025-09-27T18:33:58.493Z,60.2,21.1,1.91,50.4,0,60,0,0,0,0,0,0,0,0,66
2025-09-27T18:33:59.491Z,60.2,21.1,1.911,49.6,0,60,0,0,0,0,0,0,0,0,66
2025-09-27T18:34:00.495Z,60.2,21.1,1.91,50.4,0,60,0,0,0,0,0,0,0,0,66
2025-09-27T18:34:01.494Z,60.2,21.1,1.91,50.4,0,60,0,0,0,0,0,0,0,0,66
2025-09-27T18:34:02.496Z,60.2,21.1,1.91,49.6,0,60,0,0,0,0,0,0,0,0,66
2025-09-27T18:34:03.499Z,60.2,21.1,1.91,50.4,0,60,0,0,0,0,0,0,0,0,66
2025-09-27T18:34:04.498Z,60.2,21.1,1.91,49.6,0,60,0,0,0,0,0,0,0,0,66
2025-09-27T18:34:05.505Z,60.2,21.1,1.91,50.4,0,60,0,0,0,0,0,0,0,0,66
2025-09-27T18:34:06.499Z,60.2,21.1,1.91,49.6,0,60,0,0,0,0,0,0,0,0,66
2025-09-27T18:34:07.502Z,60.2,21.1,1.91,49.6,0,60,0,0,0,0,0,0,0,0,66
2025-09-27T18:34:08.499Z,60.2,21.1,1.91,50.4,0,60,0,0,0,0,0,0,0,0,66
2025-09-27T18:34:09.506Z,60.2,21.1,1.91,49.6,0,60,0,0,0,0,0,0,0,0,66
2025-09-27T18:34:10.501Z,60.2,21.1,1.91,49.6,0,60,0,0,0,0,0,0,0,0,66
2025-09-27T18:34:11.508Z,60.2,21.1,1.91,50.4,0,60,0,0,0,0,0,0,0,0,66
2025-09-27T18:34:12.507Z,60.1,21.1,1.91,49.6,0,60,0,0,0,0,0,0,0,0,66
2025-09-27T18:34:13.507Z,60.1,21.1,1.91,50.4,0,60,0,0,0,0,0,0,0,0,66
2025-09-27T18:34:14.512Z,60.1,21.1,1.91,50.4,0,60,0,0,0,0,0,0,0,0,66
2025-09-27T18:34:15.508Z,60.1,21.1,1.91,49.6,0,60,0,0,0,0,0,0,0,0,66
2025-09-27T18:34:16.508Z,60.1,21.1,1.91,50.4,0,60,0,0,0,0,0,0,0,0,66
2025-09-27T18:34:17.508Z,60.1,21.1,1.91,49.6,0,60,0,0,0,0,0,0,0,0,66
2025-09-27T18:34:18.513Z,60.1,21.1,1.91,50.4,0,60,0,0,0,0,0,0,0,0,66
2025-09-27T18:34:19.512Z,60.1,21.1,1.91,49.6,0,60,0,0,0,0,0,0,0,0,66
2025-09-27T18:34:20.517Z,60.1,21.1,1.911,50.4,0,60,0,0,0,0,0,0,0,0,66
2025-09-27T18:34:21.514Z,60.1,21.1,1.91,49.6,0,60,0,0,0,0,0,0,0,0,66
2025-09-27T18:34:22.515Z,60.1,21.1,1.911,49.6,0,60.1,0,0,0,0,0,0,0,0,66
2025-09-27T18:34:23.516Z,60.1,21.1,1.911,50.4,0,60,0,0,0,0,0,0,0,0,66
2025-09-27T18:34:24.514Z,60.1,21.1,1.91,49.6,0,60,0,0,0,0,0,0,0,0,66
2025-09-27T18:34:25.514Z,60.1,21.1,1.91,50.4,0,60.1,0,0,0,0,0,0,0,0,66
2025-09-27T18:34:26.519Z,60.1,21.1,1.911,49.6,0,60.1,0,0,0,0,0,0,0,0,66
2025-09-27T18:34:27.516Z,60.1,21.1,1.91,49.6,0,60.1,0,0,0,0,0,0,0,0,66
2025-09-27T18:34:28.523Z,60.1,21.1,1.911,50.4,0,60.1,0,0,0,0,0,0,0,0,66
2025-09-27T18:34:29.525Z,60.1,21.1,1.912,50.4,0,60.1,0,0,0,0,0,0,0,0,66
2025-09-27T18:34:30.517Z,60.1,21.1,1.91,49.6,0,60.1,0,0,0,0,0,0,0,0,66
2025-09-27T18:34:31.518Z,60.1,21.1,1.911,50.4,0,60.1,0,0,0,0,0,0,0,0,66
2025-09-27T18:34:32.520Z,60.1,21.1,1.912,49.6,0,60.1,0,0,0,0,0,0,0,0,66
2025-09-27T18:34:33.521Z,60.1,21.1,1.911,50.4,0,60.1,0,0,0,0,0,0,0,0,66
2025-09-27T18:34:34.524Z,60.1,21.1,1.911,49.6,0,60.1,0,0,0,0,0,0,0,0,66
2025-09-27T18:34:35.524Z,60,21.1,1.911,49.6,0,60.1,0,0,0,0,0,0,0,0,66
2025-09-27T18:34:36.528Z,60,21.1,1.912,50.4,0,60.1,0,0,0,0,0,0,0,0,66
2025-09-27T18:34:37.530Z,60,21.1,1.912,49.6,0,60.1,0,0,0,0,0,0,0,0,66
2025-09-27T18:34:38.529Z,60,21.1,1.912,50.4,0,60.1,0,0,0,0,0,0,0,0,66
2025-09-27T18:34:39.530Z,60,21.1,1.912,50.4,0,60.1,0,0,0,0,0,0,0,0,66
2025-09-27T18:34:40.531Z,60,21.1,1.912,49.6,0,60.1,0,0,0,0,0,0,0,0,66
2025-09-27T18:34:41.535Z,60,21.1,1.912,50.4,0,60.1,0,0,0,0,0,0,0,0,66
2025-09-27T18:34:42.534Z,60,21.1,1.912,49.6,0,60.1,0,0,0,0,0,0,0,0,66
2025-09-27T18:34:43.533Z,60,21.1,1.912,50.4,0,60.1,0,0,0,0,0,0,0,0,66
2025-09-27T18:34:44.539Z,60,21.1,1.912,49.6,0,60.1,0,0,0,0,0,0,0,0,66
2025-09-27T18:34:45.536Z,60,21.1,1.912,50.4,0,60.1,0,0,0,0,0,0,0,0,66
2025-09-27T18:34:46.540Z,60,21.1,1.912,49.6,0,60.1,0,0,0,0,0,0,0,0,66
2025-09-27T18:34:47.538Z,60,21.1,1.912,49.6,0,60.1,0,0,0,0,0,0,0,0,66
2025-09-27T18:34:48.541Z,60,21.1,1.912,50.4,0,60.1,0,0,0,0,0,0,0,0,66
2025-09-27T18:34:49.537Z,60,21.1,1.912,49.6,0,60.1,0,0,0,0,0,0,0,0,66
2025-09-27T18:34:50.540Z,60,21.1,1.912,50.4,0,60.1,0,0,0,0,0,0,0,0,66
2025-09-27T18:34:51.538Z,60,21.1,1.912,49.6,0,60.1,0,0,0,0,0,0,0,0,66
2025-09-27T18:34:52.540Z,60,21.1,1.912,49.6,0,60.1,0,0,0,0,0,0,0,0,66
2025-09-27T18:34:53.544Z,60,21.1,1.911,50.4,0,60.1,0,0,0,0,0,0,0,0,66
2025-09-27T18:34:54.540Z,60,21.1,1.912,49.6,0,60.1,0,0,0,0,0,0,0,0,66
2025-09-27T18:34:55.545Z,60,21.1,1.912,50.4,0,60.1,0,0,0,0,0,0,0,0,66
2025-09-27T18:34:56.546Z,60,21.1,1.912,49.6,0,60.1,0,0,0,0,0,0,0,0,66
2025-09-27T18:34:57.544Z,60,21.1,1.912,50.4,0,60.1,0,0,0,0,0,0,0,0,66
2025-09-27T18:34:58.548Z,60,21.1,1.912,49.6,0,60.1,0,0,0,0,0,0,0,0,66
2025-09-27T18:34:59.548Z,60,21.1,1.912,50.4,0,60.1,0,0,0,0,0,0,0,0,66
2025-09-27T18:35:00.550Z,60,21.1,1.912,50.4,0,60.1,0,0,0,0,0,0,0,0,66
2025-09-27T18:35:01.553Z,59.9,21.1,1.912,49.6,0,60.1,0,0,0,0,0,0,0,0,66
2025-09-27T18:35:02.547Z,59.9,21.1,1.912,50.4,0,60.1,0,0,0,0,0,0,0,0,66
2025-09-27T18:35:03.553Z,59.9,21.1,1.912,49.6,0,60.1,0,0,0,0,0,0,0,0,66
2025-09-27T18:35:04.551Z,59.9,21.1,1.912,50.4,0,60.1,0,0,0,0,0,0,0,0,66
2025-09-27T18:35:05.560Z,59.9,21.1,1.912,49.6,0,60.1,0,0,0,0,0,0,0,0,66
2025-09-27T18:35:06.559Z,59.9,21.1,1.912,50.4,0,60.1,0,0,0,0,0,0,0,0,66
2025-09-27T18:35:07.558Z,59.9,21.1,1.912,49.6,0,60.1,0,0,0,0,0,0,0,0,66
2025-09-27T18:35:08.558Z,59.9,21.1,1.912,49.6,0,60.1,0,0,0,0,0,0,0,0,66
2025-09-27T18:35:09.558Z,59.9,21.1,1.912,50.4,0,60.1,0,0,0,0,0,0,0,0,66
2025-09-27T18:35:10.559Z,59.9,21.1,1.912,49.6,0,60.1,0,0,0,0,0,0,0,0,66
2025-09-27T18:35:11.560Z,59.9,21.1,1.912,50.4,0,60.1,0,0,0,0,0,0,0,0,66
2025-09-27T18:35:12.562Z,59.9,21.1,1.912,49.6,0,60.1,0,0,0,0,0,0,0,0,66
2025-09-27T18:35:13.563Z,59.9,21.1,1.912,49.6,0,60.1,0,0,0,0,0,0,0,0,66
2025-09-27T18:35:14.560Z,59.9,21.1,1.912,50.4,0,60.1,0,0,0,0,0,0,0,0,66
2025-09-27T18:35:15.564Z,59.9,21.1,1.912,49.6,0,60.1,0,0,0,0,0,0,0,0,66
2025-09-27T18:35:16.564Z,59.9,21.1,1.912,50.4,0,60.1,0,0,0,0,0,0,0,0,66
2025-09-27T18:35:17.567Z,59.9,21.1,1.912,50.4,0,60.1,0,0,0,0,0,0,0,0,66
2025-09-27T18:35:18.567Z,59.9,21.1,1.912,49.6,0,60.1,0,0,0,0,0,0,0,0,66
2025-09-27T18:35:19.565Z,59.9,21.1,1.912,50.4,0,60.1,0,0,0,0,0,0,0,0,66
2025-09-27T18:35:20.571Z,59.9,21.1,1.912,49.6,0,60.1,0,0,0,0,0,0,0,0,66
2025-09-27T18:35:21.570Z,59.9,21.1,1.912,50.4,0,60.1,0,0,0,0,0,0,0,0,66
2025-09-27T18:35:22.571Z,59.9,21.1,1.912,49.6,0,60.1,0,0,0,0,0,0,0,0,66
2025-09-27T18:35:23.572Z,59.9,21.1,1.912,49.6,0,60.1,0,0,0,0,0,0,0,0,66
2025-09-27T18:35:24.575Z,59.9,21.1,1.912,50.4,0,60.1,0,0,0,0,0,0,0,0,66
2025-09-27T18:35:25.575Z,59.9,21.1,1.912,49.6,0,60.1,0,0,0,0,0,0,0,0,66
2025-09-27T18:35:26.573Z,59.8,21.1,1.912,50.4,0,60.1,0,0,0,0,0,0,0,0,66
2025-09-27T18:35:27.576Z,59.8,21.1,1.912,49.6,0,60.1,0,0,0,0,0,0,0,0,66
2025-09-27T18:35:28.579Z,59.8,21.1,1.912,49.6,0,60.1,0,0,0,0,0,0,0,0,66
2025-09-27T18:35:29.577Z,59.8,21.1,1.912,50.4,0,60.1,0,0,0,0,0,0,0,0,66
2025-09-27T18:35:30.579Z,59.8,21.1,1.912,49.6,0,60.1,0,0,0,0,0,0,0,0,66
2025-09-27T18:35:31.583Z,59.8,21.1,1.912,49.6,0,60.1,0,0,0,0,0,0,0,0,66
2025-09-27T18:35:32.575Z,59.8,21.1,1.912,50.4,0,60.1,0,0,0,0,0,0,0,0,66
2025-09-27T18:35:33.584Z,59.8,21.1,1.912,49.6,0,60.1,0,0,0,0,0,0,0,0,66
2025-09-27T18:35:34.580Z,59.8,21.1,1.912,49.6,0,60.1,0,0,0,0,0,0,0,0,66
2025-09-27T18:35:35.584Z,59.8,21.1,1.912,50.4,0,60.1,0,0,0,0,0,0,0,0,66
2025-09-27T18:35:36.588Z,59.8,21.1,1.912,49.6,0,60.1,0,0,0,0,0,0,0,0,66
2025-09-27T18:35:37.587Z,59.8,21.1,1.912,50.4,0,60.1,0,0,0,0,0,0,0,0,66
2025-09-27T18:35:38.585Z,59.8,21.1,1.912,49.6,0,60.1,0,0,0,0,0,0,0,0,66
2025-09-27T18:35:39.589Z,59.8,21.1,1.912,49.6,0,60.1,0,0,0,0,0,0,0,0,66
2025-09-27T18:35:40.589Z,59.8,21.1,1.912,50.4,0,60.1,0,0,0,0,0,0,0,0,66
2025-09-27T18:35:41.591Z,59.8,21.1,1.912,49.6,0,60.1,0,0,0,0,0,0,0,0,66
2025-09-27T18:35:42.591Z,59.8,21.1,1.912,49.6,0,60.1,0,0,0,0,0,0,0,0,66
2025-09-27T18:35:43.594Z,59.8,21.1,1.912,50.4,0,60.1,0,0,0,0,0,0,0,0,66
2025-09-27T18:35:44.590Z,59.8,21.1,1.912,49.6,0,60.1,0,0,0,0,0,0,0,0,66
2025-09-27T18:35:45.591Z,59.8,21.1,1.912,49.6,0,60.1,0,0,0,0,0,0,0,0,66
2025-09-27T18:35:46.593Z,59.8,21.1,1.912,50.4,0,60.1,0,0,0,0,0,0,0,0,66
2025-09-27T18:35:47.594Z,59.8,21.1,1.912,49.6,0,60.1,0,0,0,0,0,0,0,0,66
2025-09-27T18:35:48.599Z,59.8,21.1,1.912,49.6,0,60.1,0,0,0,0,0,0,0,0,66
2025-09-27T18:35:49.602Z,59.8,21.1,1.912,50.4,0,60.1,0,0,0,0,0,0,0,0,66
2025-09-27T18:35:50.598Z,59.8,21.1,1.912,50.4,0,60.1,0,0,0,0,0,0,0,0,66
2025-09-27T18:35:51.597Z,59.7,21.1,1.912,49.6,0,60.1,0,0,0,0,0,0,0,0,66
2025-09-27T18:35:52.599Z,59.7,21.1,1.912,50.4,0,60.1,0,0,0,0,0,0,0,0,66
2025-09-27T18:35:53.594Z,59.7,21.1,1.912,49.6,0,60.1,0,0,0,0,0,0,0,0,66
2025-09-27T18:35:54.594Z,59.7,21.1,1.912,49.6,0,60.1,0,0,0,0,0,0,0,0,66
2025-09-27T18:35:55.599Z,59.7,21.1,1.912,50.4,0,60.1,0,0,0,0,0,0,0,0,66
2025-09-27T18:35:56.603Z,59.7,21.1,1.912,50.4,0,60.1,0,0,0,0,0,0,0,0,66
2025-09-27T18:35:57.602Z,59.7,21.1,1.912,49.6,0,60.1,0,0,0,0,0,0,0,0,66
2025-09-27T18:35:58.599Z,59.7,21.1,1.913,50.4,0,60.1,0,0,0,0,0,0,0,0,66
2025-09-27T18:35:59.598Z,59.7,21.1,1.912,50.4,0,60.1,0,0,0,0,0,0,0,0,66
2025-09-27T18:36:00.607Z,59.7,21.1,1.912,49.6,0,60.1,0,0,0,0,0,0,0,0,66
2025-09-27T18:36:01.601Z,59.7,21.1,1.912,50.4,0,60.1,0,0,0,0,0,0,0,0,66
2025-09-27T18:36:02.605Z,59.7,21.1,1.912,49.6,0,60.1,0,0,0,0,0,0,0,0,66
2025-09-27T18:36:03.601Z,59.7,21.1,1.913,49.6,0,60.1,0,0,0,0,0,0,0,0,66
2025-09-27T18:36:04.605Z,59.7,21.1,1.912,50.4,0,60.1,0,0,0,0,0,0,0,0,66
2025-09-27T18:36:05.609Z,59.7,21.1,1.912,49.6,0,60.1,0,0,0,0,0,0,0,0,66
2025-09-27T18:36:06.605Z,59.7,21.1,1.912,49.6,0,60.1,0,0,0,0,0,0,0,0,66
2025-09-27T18:36:07.610Z,59.7,21.1,1.912,50.4,0,60.1,0,0,0,0,0,0,0,0,66
2025-09-27T18:36:08.610Z,59.7,21.1,1.912,49.6,0,60.1,0,0,0,0,0,0,0,0,66
2025-09-27T18:36:09.615Z,59.7,21.1,1.912,49.6,0,60.1,0,0,0,0,0,0,0,0,66
2025-09-27T18:36:10.612Z,59.7,21.1,1.912,50.4,0,60.1,0,0,0,0,0,0,0,0,66
2025-09-27T18:36:11.615Z,59.7,21.1,1.912,49.6,0,60.1,0,0,0,0,0,0,0,0,66
2025-09-27T18:36:12.615Z,59.7,21.1,1.912,50.4,0,60.1,0,0,0,0,0,0,0,0,66
2025-09-27T18:36:13.623Z,59.7,21.1,1.913,50.4,0,60.1,0,0,0,0,0,0,0,0,66
2025-09-27T18:36:14.615Z,59.7,21.1,1.912,49.6,0,60.1,0,0,0,0,0,0,0,0,66
2025-09-27T18:36:15.617Z,59.7,21.1,1.912,50.4,0,60.1,0,0,0,0,0,0,0,0,66
2025-09-27T18:36:16.618Z,59.7,21.1,1.912,50.4,0,60.1,0,0,0,0,0,0,0,0,66
2025-09-27T18:36:17.614Z,59.7,21.1,1.912,49.6,0,60.1,0,0,0,0,0,0,0,0,66
2025-09-27T18:36:18.621Z,59.6,21.1,1.913,50.4,0,60.1,0,0,0,0,0,0,0,0,66
2025-09-27T18:36:19.621Z,59.6,21.1,1.912,49.6,0,60.1,0,0,0,0,0,0,0,0,66
2025-09-27T18:36:20.622Z,59.6,21.1,1.912,49.6,0,60.1,0,0,0,0,0,0,0,0,66
2025-09-27T18:36:21.621Z,59.6,21.1,1.912,50.4,0,60.1,0,0,0,0,0,0,0,0,66
2025-09-27T18:36:22.624Z,59.6,21.1,1.913,50.4,0,60.1,0,0,0,0,0,0,0,0,66
2025-09-27T18:36:23.624Z,59.6,21.1,1.913,49.6,0,60.1,0,0,0,0,0,0,0,0,66
2025-09-27T18:36:24.624Z,59.6,21.1,1.913,50.4,0,60.1,0,0,0,0,0,0,0,0,66
2025-09-27T18:36:25.626Z,59.6,21.1,1.913,49.6,0,60.1,0,0,0,0,0,0,0,0,66
2025-09-27T18:36:26.629Z,59.6,21.1,1.914,50.4,0,60.1,0,0,0,0,0,0,0,0,66
2025-09-27T18:36:27.628Z,59.6,21.1,1.913,49.6,0,60.1,0,0,0,0,0,0,0,0,66
2025-09-27T18:36:28.626Z,59.6,21.1,1.913,49.6,0,60.1,0,0,0,0,0,0,0,0,66
2025-09-27T18:36:29.632Z,59.6,21.1,1.914,50.4,0,60.1,0,0,0,0,0,0,0,0,66
2025-09-27T18:36:30.631Z,59.6,21.1,1.913,50.4,0,60.1,0,0,0,0,0,0,0,0,66
2025-09-27T18:36:31.629Z,59.6,21.1,1.913,49.6,0,60.1,0,0,0,0,0,0,0,0,66
2025-09-27T18:36:32.634Z,59.6,21.1,1.914,49.6,0,60.1,0,0,0,0,0,0,0,0,66
2025-09-27T18:36:33.638Z,59.6,21.1,1.914,50.4,0,60.1,0,0,0,0,0,0,0,0,66
2025-09-27T18:36:34.637Z,59.6,21.1,1.914,50.4,0,60.1,0,0,0,0,0,0,0,0,66
2025-09-27T18:36:35.633Z,59.6,21.1,1.914,49.6,0,60.1,0,0,0,0,0,0,0,0,66
2025-09-27T18:36:36.636Z,59.6,21.1,1.914,50.4,0,60.1,0,0,0,0,0,0,0,0,66
2025-09-27T18:36:37.634Z,59.6,21.1,1.913,49.6,0,60.1,0,0,0,0,0,0,0,0,66
2025-09-27T18:36:38.633Z,59.6,21.1,1.913,50.4,0,60.1,0,0,0,0,0,0,0,0,66
2025-09-27T18:36:39.635Z,59.6,21.1,1.914,49.6,0,60,0,0,0,0,0,0,0,0,66
2025-09-27T18:36:40.641Z,59.6,21.1,1.914,49.6,0,60.1,0,0,0,0,0,0,0,0,66
2025-09-27T18:36:41.644Z,59.6,21.1,1.914,50.4,0,60.1,0,0,0,0,0,0,0,0,66
2025-09-27T18:36:42.638Z,59.6,21.1,1.914,49.6,0,60.1,0,0,0,0,0,0,0,0,66
2025-09-27T18:36:43.642Z,59.6,21.1,1.914,49.6,0,60.1,0,0,0,0,0,0,0,0,66
2025-09-27T18:36:44.645Z,59.6,21.1,1.914,50.4,0,60.1,0,0,0,0,0,0,0,0,66
2025-09-27T18:36:45.646Z,59.6,21.1,1.914,49.6,0,60,0,0,0,0,0,0,0,0,66
2025-09-27T18:36:46.645Z,59.6,21.1,1.914,50.4,0,60,0,0,0,0,0,0,0,0,66
2025-09-27T18:36:47.646Z,59.6,21.1,1.914,49.6,0,60,0,0,0,0,0,0,0,0,66
2025-09-27T18:36:48.647Z,59.6,21.1,1.914,49.6,0,60,0,0,0,0,0,0,0,0,66
2025-09-27T18:36:49.654Z,59.5,21.1,1.913,50.4,0,60,0,0,0,0,0,0,0,0,66
2025-09-27T18:36:50.648Z,59.5,21.1,1.914,50.4,0,60.1,0,0,0,0,0,0,0,0,66
2025-09-27T18:36:51.650Z,59.5,21.1,1.914,49.6,0,60,0,0,0,0,0,0,0,0,66
2025-09-27T18:36:52.650Z,59.5,21.1,1.914,50.4,0,60,0,0,0,0,0,0,0,0,66
2025-09-27T18:36:53.652Z,59.5,21.1,1.914,49.6,0,60,0,0,0,0,0,0,0,0,66
2025-09-27T18:36:54.654Z,59.5,21.1,1.913,50.4,0,60,0,0,0,0,0,0,0,0,66
2025-09-27T18:36:55.654Z,59.5,21.1,1.913,49.6,0,60,0,0,0,0,0,0,0,0,66
2025-09-27T18:36:56.647Z,59.5,21.1,1.914,50.4,0,60,0,0,0,0,0,0,0,0,66
2025-09-27T18:36:57.659Z,59.5,21.1,1.913,49.6,0,60,0,0,0,0,0,0,0,0,66
2025-09-27T18:36:58.652Z,59.5,21.1,1.914,50.4,0,60,0,0,0,0,0,0,0,0,66
2025-09-27T18:36:59.659Z,59.5,21.1,1.913,49.6,0,60.1,0,0,0,0,0,0,0,0,66
2025-09-27T18:37:00.651Z,59.5,21.1,1.914,49.6,0,60,0,0,0,0,0,0,0,0,66
2025-09-27T18:37:01.659Z,59.5,21.1,1.913,50.4,0,60,0,0,0,0,0,0,0,0,66
2025-09-27T18:37:02.658Z,59.5,21.1,1.913,49.6,0,60,0,0,0,0,0,0,0,0,66
2025-09-27T18:37:03.664Z,59.5,21.1,1.913,50.4,0,60,0,0,0,0,0,0,0,0,66
2025-09-27T18:37:04.660Z,59.5,21.1,1.913,49.6,0,60.1,0,0,0,0,0,0,0,0,66
2025-09-27T18:37:05.663Z,59.5,21.1,1.913,50.4,0,60.1,0,0,0,0,0,0,0,0,66
2025-09-27T18:37:06.662Z,59.5,21.1,1.913,49.6,0,60,0,0,0,0,0,0,0,0,66
2025-09-27T18:37:07.661Z,59.5,21.1,1.913,49.6,0,60,0,0,0,0,0,0,0,0,66
2025-09-27T18:37:08.667Z,59.5,21.1,1.913,50.4,0,60,0,0,0,0,0,0,0,0,66
2025-09-27T18:37:09.663Z,59.5,21.1,1.913,49.6,0,60,0,0,0,0,0,0,0,0,66
2025-09-27T18:37:10.663Z,59.5,21.1,1.913,49.6,0,60,0,0,0,0,0,0,0,0,66
2025-09-27T18:37:11.664Z,59.5,21.1,1.913,50.4,0,60,0,0,0,0,0,0,0,0,66
2025-09-27T18:37:12.666Z,59.5,21.1,1.913,50.4,0,60,0,0,0,0,0,0,0,0,66
2025-09-27T18:37:13.670Z,59.5,21.1,1.913,49.6,0,60,0,0,0,0,0,0,0,0,66
2025-09-27T18:37:14.668Z,59.5,21.1,1.913,50.4,0,60,0,0,0,0,0,0,0,0,66
2025-09-27T18:37:15.669Z,59.5,21.1,1.913,49.6,0,60,0,0,0,0,0,0,0,0,66
2025-09-27T18:37:16.669Z,59.5,21.1,1.913,50.4,0,60,0,0,0,0,0,0,0,0,66
2025-09-27T18:37:17.674Z,59.5,21.1,1.913,49.6,0,60,0,0,0,0,0,0,0,0,66
2025-09-27T18:37:18.673Z,59.5,21.1,1.913,49.6,0,60,0,0,0,0,0,0,0,0,66
2025-09-27T18:37:19.672Z,59.5,21.1,1.913,50.4,0,60.1,0,0,0,0,0,0,0,0,66
2025-09-27T18:37:20.671Z,59.5,21.1,1.913,49.6,0,60.1,0,0,0,0,0,0,0,0,66
2025-09-27T18:37:21.674Z,59.5,21.1,1.913,50.4,0,60,0,0,0,0,0,0,0,0,66
2025-09-27T18:37:22.676Z,59.5,21.1,1.913,49.6,0,60,0,0,0,0,0,0,0,0,66
2025-09-27T18:37:23.679Z,59.5,21.1,1.913,49.6,0,60,0,0,0,0,0,0,0,0,66
2025-09-27T18:37:24.676Z,59.5,21.1,1.913,50.4,0,60,0,0,0,0,0,0,0,0,66
2025-09-27T18:37:25.676Z,59.5,21.1,1.913,50.4,0,60,0,0,0,0,0,0,0,0,66
2025-09-27T18:37:26.676Z,59.4,21.1,1.913,49.6,0,60,0,0,0,0,0,0,0,0,66
2025-09-27T18:37:27.683Z,59.4,21.1,1.913,50.4,0,60,0,0,0,0,0,0,0,0,66
2025-09-27T18:37:28.682Z,59.4,21.1,1.914,49.6,0,60,0,0,0,0,0,0,0,0,66
2025-09-27T18:37:29.684Z,59.4,21.1,1.915,50.4,0,60,0,0,0,0,0,0,0,0,66
2025-09-27T18:37:30.686Z,59.4,21.1,1.914,49.6,0,60,0,0,0,0,0,0,0,0,66
2025-09-27T18:37:31.688Z,59.4,21.1,1.914,49.6,0,60,0,0,0,0,0,0,0,0,66
2025-09-27T18:37:32.683Z,59.4,21.1,1.913,50.4,0,60,0,0,0,0,0,0,0,0,66
2025-09-27T18:37:33.686Z,59.4,21.1,1.914,49.6,0,60,0,0,0,0,0,0,0,0,66
2025-09-27T18:37:34.684Z,59.4,21.1,1.913,49.6,0,60,0,0,0,0,0,0,0,0,66
2025-09-27T18:37:35.688Z,59.4,21.1,1.914,50.4,0,60,0,0,0,0,0,0,0,0,66
2025-09-27T18:37:36.688Z,59.4,21.1,1.914,49.6,0,60,0,0,0,0,0,0,0,0,66
2025-09-27T18:37:37.686Z,59.4,21.1,1.913,49.6,0,60,0,0,0,0,0,0,0,0,66
2025-09-27T18:37:38.689Z,59.4,21.1,1.914,50.4,0,60,0,0,0,0,0,0,0,0,66
2025-09-27T18:37:39.691Z,59.4,21.1,1.914,50.4,0,60,0,0,0,0,0,0,0,0,66
2025-09-27T18:37:40.692Z,59.4,21.1,1.914,49.6,0,60,0,0,0,0,0,0,0,0,66
2025-09-27T18:37:41.693Z,59.4,21.1,1.914,50.4,0,60,0,0,0,0,0,0,0,0,66
2025-09-27T18:37:42.696Z,59.4,21.1,1.914,50.4,0,60,0,0,0,0,0,0,0,0,66
2025-09-27T18:37:43.693Z,59.4,21.1,1.914,49.6,0,60,0,0,0,0,0,0,0,0,66
2025-09-27T18:37:44.693Z,59.4,21.1,1.915,49.6,0,60,0,0,0,0,0,0,0,0,66
2025-09-27T18:37:45.696Z,59.4,21.1,1.914,49.6,0,60,0,0,0,0,0,0,0,0,66
2025-09-27T18:37:46.699Z,59.4,21.1,1.914,50.4,0,60,0,0,0,0,0,0,0,0,66
2025-09-27T18:37:47.696Z,59.4,21.1,1.914,50.4,0,60,0,0,0,0,0,0,0,0,66
2025-09-27T18:37:48.700Z,59.4,21.1,1.914,49.6,0,60,0,0,0,0,0,0,0,0,66
2025-09-27T18:37:49.703Z,59.4,21.1,1.914,50.4,0,60,0,0,0,0,0,0,0,0,66
2025-09-27T18:37:50.703Z,59.4,21.1,1.914,50.4,0,60,0,0,0,0,0,0,0,0,66
2025-09-27T18:37:51.705Z,59.4,21.1,1.914,49.6,0,60,0,0,0,0,0,0,0,0,66
2025-09-27T18:37:52.704Z,59.4,21.1,1.914,49.6,0,60,0,0,0,0,0,0,0,0,66
2025-09-27T18:37:53.706Z,59.4,21.1,1.914,49.6,0,60,0,0,0,0,0,0,0,0,66
2025-09-27T18:37:54.703Z,59.4,21.1,1.915,50.4,0,60,0,0,0,0,0,0,0,0,66
2025-09-27T18:37:55.702Z,59.4,21.1,1.914,50.4,0,60,0,0,0,0,0,0,0,0,66
2025-09-27T18:37:56.706Z,59.4,21.1,1.914,49.6,0,60,0,0,0,0,0,0,0,0,66
2025-09-27T18:37:57.706Z,59.4,21.1,1.914,50.4,0,60,0,0,0,0,0,0,0,0,66
2025-09-27T18:37:58.709Z,59.4,21.1,1.913,49.6,0,60,0,0,0,0,0,0,0,0,66
2025-09-27T18:37:59.706Z,59.4,21.1,1.914,50.4,0,60,0,0,0,0,0,0,0,0,66
2025-09-27T18:38:00.708Z,59.4,21.1,1.914,50.4,0,60,0,0,0,0,0,0,0,0,66
2025-09-27T18:38:01.706Z,59.4,21.1,1.914,49.6,0,60,0,0,0,0,0,0,0,0,66
2025-09-27T18:38:02.709Z,59.4,21.1,1.914,50.4,0,60,0,0,0,0,0,0,0,0,66
2025-09-27T18:38:03.707Z,59.4,21.1,1.914,49.6,0,60,0,0,0,0,0,0,0,0,66
2025-09-27T18:38:04.712Z,59.4,21.1,1.913,50.4,0,60,0,0,0,0,0,0,0,0,66
2025-09-27T18:38:05.711Z,59.4,21.1,1.914,49.6,0,60,0,0,0,0,0,0,0,0,66
2025-09-27T18:38:06.710Z,59.4,21.1,1.915,50.4,0,60,0,0,0,0,0,0,0,0,66
2025-09-27T18:38:07.720Z,59.4,21.1,1.914,49.6,0,60,0,0,0,0,0,0,0,0,66
2025-09-27T18:38:08.719Z,59.4,21.1,1.913,49.6,0,60,0,0,0,0,0,0,0,0,66
2025-09-27T18:38:09.715Z,59.4,21.1,1.913,50.4,0,60,0,0,0,0,0,0,0,0,66
2025-09-27T18:38:10.717Z,59.4,21.1,1.913,49.6,0,60,0,0,0,0,0,0,0,0,66
2025-09-27T18:38:11.717Z,59.4,21.1,1.913,50.4,0,60,0,0,0,0,0,0,0,0,66
2025-09-27T18:38:12.719Z,59.4,21.1,1.913,49.6,0,60,0,0,0,0,0,0,0,0,66
2025-09-27T18:38:13.722Z,59.4,21.1,1.914,49.6,0,60,0,0,0,0,0,0,0,0,66
2025-09-27T18:38:14.720Z,59.4,21.1,1.913,50.4,0,60,0,0,0,0,0,0,0,0,66
2025-09-27T18:38:15.719Z,59.4,21.1,1.913,49.6,0,60,0,0,0,0,0,0,0,0,66
2025-09-27T18:38:16.722Z,59.4,21.1,1.913,49.6,0,60,0,0,0,0,0,0,0,0,66
2025-09-27T18:38:17.732Z,59.4,21.1,1.914,50.4,0,60,0,0,0,0,0,0,0,0,66
2025-09-27T18:38:18.728Z,59.4,21.1,1.913,49.6,0,60,0,0,0,0,0,0,0,0,66
2025-09-27T18:38:19.729Z,59.4,21.1,1.913,49.6,0,60,0,0,0,0,0,0,0,0,66
2025-09-27T18:38:20.724Z,59.4,21.1,1.913,50.4,0,60,0,0,0,0,0,0,0,0,66
2025-09-27T18:38:21.730Z,59.4,21.1,1.913,49.6,0,60,0,0,0,0,0,0,0,0,66
2025-09-27T18:38:22.729Z,59.4,21.1,1.913,49.6,0,60,0,0,0,0,0,0,0,0,66
2025-09-27T18:38:23.726Z,59.4,21.1,1.913,50.4,0,60,0,0,0,0,0,0,0,0,66
2025-09-27T18:38:24.729Z,59.4,21.1,1.913,49.6,0,60,0,0,0,0,0,0,0,0,66
2025-09-27T18:38:25.731Z,59.4,21.1,1.913,50.4,0,60,0,0,0,0,0,0,0,0,66
2025-09-27T18:38:26.732Z,59.4,21.1,1.913,50.4,0,60,0,0,0,0,0,0,0,0,66
2025-09-27T18:38:27.733Z,59.4,21.1,1.913,49.6,0,60,0,0,0,0,0,0,0,0,66
2025-09-27T18:38:28.734Z,59.4,21.1,1.914,50.4,0,60,0,0,0,0,0,0,0,0,66
2025-09-27T18:38:29.729Z,59.4,21.1,1.913,49.6,0,60.1,0,0,0,0,0,0,0,0,66
2025-09-27T18:38:30.733Z,59.4,21.1,1.914,49.6,0,60.1,0,0,0,0,0,0,0,0,66
2025-09-27T18:38:31.733Z,59.4,21.1,1.914,50.4,0,60,0,0,0,0,0,0,0,0,66
2025-09-27T18:38:32.738Z,59.4,21.1,1.914,49.6,0,60,0,0,0,0,0,0,0,0,66
2025-09-27T18:38:33.737Z,59.4,21.1,1.914,50.4,0,60,0,0,0,0,0,0,0,0,66
2025-09-27T18:38:34.740Z,59.4,21.1,1.914,50.4,0,60,0,0,0,0,0,0,0,0,66
2025-09-27T18:38:35.739Z,59.5,21.1,1.914,49.6,0,60,0,0,0,0,0,0,0,0,66
2025-09-27T18:38:36.742Z,59.5,21.1,1.914,50.4,0,60,0,0,0,0,0,0,0,0,66
2025-09-27T18:38:37.741Z,59.5,21.1,1.914,49.6,0,60,0,0,0,0,0,0,0,0,66
2025-09-27T18:38:38.742Z,59.5,21.1,1.914,50.4,0,60,0,0,0,0,0,0,0,0,66
2025-09-27T18:38:39.746Z,59.5,21.1,1.914,49.6,0,60,0,0,0,0,0,0,0,0,66
2025-09-27T18:38:40.748Z,59.5,21.1,1.914,49.6,0,60,0,0,0,0,0,0,0,0,66
2025-09-27T18:38:41.748Z,59.5,21.1,1.914,50.4,0,60,0,0,0,0,0,0,0,0,66
2025-09-27T18:38:42.746Z,59.5,21.1,1.914,49.6,0,60,0,0,0,0,0,0,0,0,66
2025-09-27T18:38:43.747Z,59.5,21.1,1.914,50.4,0,60,0,0,0,0,0,0,0,0,66
2025-09-27T18:38:44.749Z,59.5,21.1,1.914,50.4,0,60,0,0,0,0,0,0,0,0,66
2025-09-27T18:38:45.754Z,59.5,21.1,1.913,49.6,0,60,0,0,0,0,0,0,0,0,66
2025-09-27T18:38:46.749Z,59.5,21.1,1.914,50.4,0,60,0,0,0,0,0,0,0,0,66
2025-09-27T18:38:47.754Z,59.5,21.1,1.914,49.6,0,60,0,0,0,0,0,0,0,0,66
2025-09-27T18:38:48.749Z,59.5,21.1,1.914,50.4,0,60,0,0,0,0,0,0,0,0,66
2025-09-27T18:38:49.754Z,59.5,21.1,1.914,49.6,0,60,0,0,0,0,0,0,0,0,66
2025-09-27T18:38:50.750Z,59.5,21.1,1.914,50.4,0,60,0,0,0,0,0,0,0,0,66
2025-09-27T18:38:51.752Z,59.5,21.1,1.914,49.6,0,60,0,0,0,0,0,0,0,0,66
2025-09-27T18:38:52.757Z,59.5,21.1,1.913,49.6,0,60,0,0,0,0,0,0,0,0,66
2025-09-27T18:38:53.757Z,59.5,21.1,1.913,50.4,0,60,0,0,0,0,0,0,0,0,66
2025-09-27T18:38:54.754Z,59.5,21.1,1.914,49.6,0,60,0,0,0,0,0,0,0,0,66
2025-09-27T18:38:55.765Z,59.5,21.1,1.913,50.4,0,60,0,0,0,0,0,0,0,0,66
2025-09-27T18:38:56.758Z,59.5,21.1,1.914,49.6,0,60,0,0,0,0,0,0,0,0,66
2025-09-27T18:38:57.756Z,59.5,21.1,1.914,49.6,0,60,0,0,0,0,0,0,0,0,66
2025-09-27T18:38:58.758Z,59.5,21.1,1.914,50.4,0,60,0,0,0,0,0,0,0,0,66
2025-09-27T18:38:59.757Z,59.5,21.1,1.914,49.6,0,60,0,0,0,0,0,0,0,0,66
2025-09-27T18:39:00.762Z,59.5,21.1,1.913,50.4,0,60,0,0,0,0,0,0,0,0,66
2025-09-27T18:39:01.762Z,59.5,21.1,1.913,50.4,0,60,0,0,0,0,0,0,0,0,66
2025-09-27T18:39:02.763Z,59.5,21.1,1.913,49.6,0,60,0,0,0,0,0,0,0,0,66
2025-09-27T18:39:03.767Z,59.5,21.1,1.913,50.4,0,60,0,0,0,0,0,0,0,0,66
2025-09-27T18:39:04.769Z,59.5,21.1,1.913,49.6,0,60,0,0,0,0,0,0,0,0,66
2025-09-27T18:39:05.766Z,59.5,21.1,1.913,50.4,0,60,0,0,0,0,0,0,0,0,66
2025-09-27T18:39:06.768Z,59.5,21.1,1.913,49.6,0,60,0,0,0,0,0,0,0,0,66
2025-09-27T18:39:07.771Z,59.5,21.1,1.913,50.4,0,60,0,0,0,0,0,0,0,0,66
2025-09-27T18:39:08.769Z,59.5,21.1,1.913,49.6,0,60,0,0,0,0,0,0,0,0,66
2025-09-27T18:39:09.772Z,59.5,21.1,1.913,50.4,0,60,0,0,0,0,0,0,0,0,66
2025-09-27T18:39:10.774Z,59.5,21.1,1.913,49.6,0,60,0,0,0,0,0,0,0,0,66
2025-09-27T18:39:11.776Z,59.5,21.1,1.913,49.6,0,60,0,0,0,0,0,0,0,0,66
2025-09-27T18:39:12.775Z,59.5,21.1,1.913,50.4,0,60,0,0,0,0,0,0,0,0,66
2025-09-27T18:39:13.781Z,59.5,21.1,1.913,49.6,0,60,0,0,0,0,0,0,0,0,66
2025-09-27T18:39:14.775Z,59.5,21.1,1.913,50.4,0,60,0,0,0,0,0,0,0,0,66
2025-09-27T18:39:15.779Z,59.5,21.1,1.913,49.6,0,60,0,0,0,0,0,0,0,0,66
2025-09-27T18:39:16.778Z,59.6,21.1,1.913,50.4,0,60,0,0,0,0,0,0,0,0,66
2025-09-27T18:39:17.777Z,59.5,21.1,1.913,50.4,0,60,0,0,0,0,0,0,0,0,66
2025-09-27T18:39:18.780Z,59.6,21.1,1.913,49.6,0,60,0,0,0,0,0,0,0,0,66
2025-09-27T18:39:19.781Z,59.5,21.1,1.913,50.4,0,60,0,0,0,0,0,0,0,0,66
2025-09-27T18:39:20.783Z,59.6,21.1,1.913,49.6,0,60,0,0,0,0,0,0,0,0,66
2025-09-27T18:39:21.782Z,59.6,21.1,1.913,50.4,0,60,0,0,0,0,0,0,0,0,66
2025-09-27T18:39:22.787Z,59.6,21.1,1.914,49.6,0,60,0,0,0,0,0,0,0,0,66
2025-09-27T18:39:23.786Z,59.6,21.1,1.914,50.4,0,60,0,0,0,0,0,0,0,0,66
2025-09-27T18:39:24.784Z,59.6,21.1,1.913,49.6,0,60,0,0,0,0,0,0,0,0,66
2025-09-27T18:39:25.787Z,59.6,21.1,1.914,50.4,0,60,0,0,0,0,0,0,0,0,66
2025-09-27T18:39:26.792Z,59.6,21.1,1.914,49.6,0,60,0,0,0,0,0,0,0,0,66
2025-09-27T18:39:27.788Z,59.6,21.1,1.914,49.6,0,60,0,0,0,0,0,0,0,0,66
2025-09-27T18:39:28.790Z,59.6,21.1,1.914,49.6,0,60,0,0,0,0,0,0,0,0,66
2025-09-27T18:39:29.789Z,59.6,21.1,1.913,50.4,0,60,0,0,0,0,0,0,0,0,66
2025-09-27T18:39:30.803Z,59.6,21.1,1.914,49.6,0,60,0,0,0,0,0,0,0,0,66
2025-09-27T18:39:31.791Z,59.6,21.1,1.913,50.4,0,60,0,0,0,0,0,0,0,0,66
2025-09-27T18:39:32.798Z,59.6,21.1,1.914,49.6,0,60,0,0,0,0,0,0,0,0,66
2025-09-27T18:39:33.800Z,59.6,21.1,1.914,50.4,0,60,0,0,0,0,0,0,0,0,66
2025-09-27T18:39:34.790Z,59.6,21.1,1.913,49.6,0,60,0,0,0,0,0,0,0,0,66
2025-09-27T18:39:35.798Z,59.6,21.1,1.914,49.6,0,60,0,0,0,0,0,0,0,0,66
2025-09-27T18:39:36.800Z,59.6,21.1,1.914,50.4,0,60,0,0,0,0,0,0,0,0,66
2025-09-27T18:39:37.796Z,59.6,21.1,1.914,49.6,0,60,0,0,0,0,0,0,0,0,66
2025-09-27T18:39:38.799Z,59.6,21.1,1.914,50.4,0,60,0,0,0,0,0,0,0,0,66
2025-09-27T18:39:39.799Z,59.6,21.1,1.914,49.6,0,60,0,0,0,0,0,0,0,0,66
2025-09-27T18:39:40.799Z,59.6,21.1,1.913,49.6,0,60,0,0,0,0,0,0,0,0,66
2025-09-27T18:39:41.803Z,59.6,21.1,1.913,50.4,0,60,0,0,0,0,0,0,0,0,66
2025-09-27T18:39:42.802Z,59.6,21.1,1.913,49.6,0,60,0,0,0,0,0,0,0,0,66
2025-09-27T18:39:43.804Z,59.7,21.1,1.913,50.4,0,60,0,0,0,0,0,0,0,0,66
2025-09-27T18:39:44.803Z,59.7,21.1,1.913,50.4,0,60,0,0,0,0,0,0,0,0,66
2025-09-27T18:39:45.811Z,59.7,21.1,1.913,49.6,0,60,0,0,0,0,0,0,0,0,66
2025-09-27T18:39:46.810Z,59.7,21.1,1.913,50.4,0,60,0,0,0,0,0,0,0,0,66
2025-09-27T18:39:47.808Z,59.7,21.1,1.913,49.6,0,60,0,0,0,0,0,0,0,0,66
2025-09-27T18:39:48.809Z,59.7,21.1,1.913,50.4,0,60,0,0,0,0,0,0,0,0,66
2025-09-27T18:39:49.810Z,59.7,21.1,1.913,49.6,0,60,0,0,0,0,0,0,0,0,66
2025-09-27T18:39:50.812Z,59.7,21.1,1.913,50.4,0,60,0,0,0,0,0,0,0,0,66
2025-09-27T18:39:51.809Z,59.7,21.1,1.913,49.6,0,60,0,0,0,0,0,0,0,0,66
2025-09-27T18:39:52.808Z,59.7,21.1,1.913,50.4,0,60,0,0,0,0,0,0,0,0,66
2025-09-27T18:39:53.809Z,59.7,21.1,1.913,49.6,0,60,0,0,0,0,0,0,0,0,66
2025-09-27T18:39:54.814Z,59.7,21.1,1.913,49.6,0,60,0,0,0,0,0,0,0,0,66
2025-09-27T18:39:55.812Z,59.7,21.1,1.913,50.4,0,60,0,0,0,0,0,0,0,0,66
2025-09-27T18:39:56.815Z,59.7,21.1,1.913,49.6,0,60,0,0,0,0,0,0,0,0,66
2025-09-27T18:39:57.815Z,59.7,21.1,1.912,50.4,0,60,0,0,0,0,0,0,0,0,66
2025-09-27T18:39:58.817Z,59.7,21.1,1.912,49.6,0,60,0,0,0,0,0,0,0,0,66
2025-09-27T18:39:59.817Z,59.7,21.1,1.912,50.4,0,60,0,0,0,0,0,0,0,0,66
2025-09-27T18:40:00.819Z,59.7,21.1,1.912,49.6,0,60,0,0,0,0,0,0,0,0,66
2025-09-27T18:40:01.819Z,59.7,21.1,1.912,49.6,0,60,0,0,0,0,0,0,0,0,66
2025-09-27T18:40:02.819Z,59.7,21.1,1.912,50.4,0,60,0,0,0,0,0,0,0,0,66
2025-09-27T18:40:03.821Z,59.7,21.1,1.912,49.6,0,60,0,0,0,0,0,0,0,0,66
2025-09-27T18:40:04.824Z,59.7,21.1,1.912,50.4,0,60,0,0,0,0,0,0,0,0,66
2025-09-27T18:40:05.823Z,59.8,21.1,1.912,49.6,0,60,0,0,0,0,0,0,0,0,66
2025-09-27T18:40:06.823Z,59.8,21.1,1.912,49.6,0,60,0,0,0,0,0,0,0,0,66
2025-09-27T18:40:07.830Z,59.8,21.1,1.912,50.4,0,60,0,0,0,0,0,0,0,0,66
2025-09-27T18:40:08.827Z,59.8,21.1,1.912,49.6,0,60,0,0,0,0,0,0,0,0,66
2025-09-27T18:40:09.832Z,59.8,21.1,1.912,50.4,0,60,0,0,0,0,0,0,0,0,66
2025-09-27T18:40:10.828Z,59.8,21.1,1.912,50.4,0,60,0,0,0,0,0,0,0,0,66
2025-09-27T18:40:11.829Z,59.8,21.1,1.912,49.6,0,60,0,0,0,0,0,0,0,0,66
2025-09-27T18:40:12.831Z,59.8,21.1,1.912,50.4,0,60,0,0,0,0,0,0,0,0,66
2025-09-27T18:40:13.831Z,59.8,21.1,1.912,49.6,0,60,0,0,0,0,0,0,0,0,66
2025-09-27T18:40:14.832Z,59.8,21.1,1.912,50.4,0,60,0,0,0,0,0,0,0,0,66
2025-09-27T18:40:15.832Z,59.8,21.1,1.912,49.6,0,60,0,0,0,0,0,0,0,0,66
2025-09-27T18:40:16.839Z,59.8,21.1,1.912,50.4,0,60,0,0,0,0,0,0,0,0,66
2025-09-27T18:40:17.838Z,59.8,21.1,1.912,49.6,0,60,0,0,0,0,0,0,0,0,66
2025-09-27T18:40:18.841Z,59.8,21.1,1.912,49.6,0,60,0,0,0,0,0,0,0,0,66
2025-09-27T18:40:19.838Z,59.8,21.1,1.912,50.4,0,60,0,0,0,0,0,0,0,0,66
2025-09-27T18:40:20.841Z,59.8,21.1,1.912,49.6,0,60,0,0,0,0,0,0,0,0,66
2025-09-27T18:40:21.837Z,59.8,21.1,1.912,50.4,0,60,0,0,0,0,0,0,0,0,66
2025-09-27T18:40:22.837Z,59.8,21.1,1.912,49.6,0,60,0,0,0,0,0,0,0,0,66
2025-09-27T18:40:23.839Z,59.8,21.1,1.912,50.4,0,60,0,0,0,0,0,0,0,0,66
2025-09-27T18:40:24.847Z,59.9,21.1,1.912,50.4,0,60,0,0,0,0,0,0,0,0,66
2025-09-27T18:40:25.839Z,59.9,21.1,1.912,49.6,0,60,0,0,0,0,0,0,0,0,66
2025-09-27T18:40:26.848Z,59.9,21.1,1.912,50.4,0,60,0,0,0,0,0,0,0,0,66
2025-09-27T18:40:27.841Z,59.9,21.1,1.912,49.6,0,60,0,0,0,0,0,0,0,0,66
2025-09-27T18:40:28.843Z,59.9,21.1,1.912,50.4,0,60,0,0,0,0,0,0,0,0,66
2025-09-27T18:40:29.845Z,59.9,21.1,1.912,49.6,0,60,0,0,0,0,0,0,0,0,66
2025-09-27T18:40:30.852Z,59.9,21.1,1.912,50.4,0,60,0,0,0,0,0,0,0,0,66
2025-09-27T18:40:31.850Z,59.9,21.1,1.912,49.6,0,60,0,0,0,0,0,0,0,0,66
2025-09-27T18:40:32.851Z,59.9,21.1,1.912,50.4,0,60,0,0,0,0,0,0,0,0,66
2025-09-27T18:40:33.855Z,59.9,21.1,1.912,49.6,0,60,0,0,0,0,0,0,0,0,66
2025-09-27T18:40:34.860Z,59.9,21.1,1.912,50.4,0,60,0,0,0,0,0,0,0,0,66
2025-09-27T18:40:35.852Z,59.9,21.1,1.912,49.6,0,60,0,0,0,0,0,0,0,0,66
2025-09-27T18:40:36.852Z,59.9,21.1,1.912,50.4,0,60,0,0,0,0,0,0,0,0,66
2025-09-27T18:40:37.856Z,59.9,21.1,1.912,49.6,0,60,0,0,0,0,0,0,0,0,66
2025-09-27T18:40:38.859Z,59.9,21.1,1.912,50.4,0,60,0,0,0,0,0,0,0,0,66
2025-09-27T18:40:39.854Z,59.9,21.1,1.912,49.6,0,60,0,0,0,0,0,0,0,0,66
2025-09-27T18:40:40.857Z,60,21.1,1.912,50.4,0,60,0,0,0,0,0,0,0,0,66
2025-09-27T18:40:41.857Z,60,21.1,1.912,49.6,0,60,0,0,0,0,0,0,0,0,66
2025-09-27T18:40:42.858Z,60,21.1,1.912,50.4,0,60,0,0,0,0,0,0,0,0,66
2025-09-27T18:40:43.868Z,60,21.1,1.911,49.6,0,60,0,0,0,0,0,0,0,0,66
2025-09-27T18:40:44.867Z,60,21.1,1.912,50.4,0,60,0,0,0,0,0,0,0,0,66
2025-09-27T18:40:45.861Z,60,21.1,1.912,49.6,0,60,0,0,0,0,0,0,0,0,66
2025-09-27T18:40:46.863Z,60,21.1,1.912,50.4,0,60,0,0,0,0,0,0,0,0,66
2025-09-27T18:40:47.862Z,60,21.1,1.912,49.6,0,60,0,0,0,0,0,0,0,0,66
2025-09-27T18:40:48.866Z,60,21.1,1.912,50.4,0,60,0,0,0,0,0,0,0,0,66
2025-09-27T18:40:49.874Z,60,21.1,1.911,49.6,0,60,0,0,0,0,0,0,0,0,66
2025-09-27T18:40:50.868Z,60,21.1,1.912,49.6,0,60,0,0,0,0,0,0,0,0,66
2025-09-27T18:40:51.872Z,60,21.1,1.911,49.6,0,60,0,0,0,0,0,0,0,0,66
2025-09-27T18:40:52.866Z,60,21.1,1.911,50.4,0,60,0,0,0,0,0,0,0,0,66
2025-09-27T18:40:53.874Z,60,21.1,1.91,49.6,0,60,0,0,0,0,0,0,0,0,66
2025-09-27T18:40:54.870Z,60,21.1,1.91,50.4,0,60,0,0,0,0,0,0,0,0,66
2025-09-27T18:40:55.871Z,60,21.1,1.911,49.6,0,60,0,0,0,0,0,0,0,0,66
2025-09-27T18:40:56.875Z,60.1,21.1,1.91,50.4,0,60,0,0,0,0,0,0,0,0,66
2025-09-27T18:40:57.872Z,60.1,21.1,1.91,49.6,0,60,0,0,0,0,0,0,0,0,66
2025-09-27T18:40:58.873Z,60.1,21.1,1.91,50.4,0,60,0,0,0,0,0,0,0,0,66
2025-09-27T18:40:59.876Z,60.1,21.1,1.91,49.6,0,60,0,0,0,0,0,0,0,0,66
2025-09-27T18:41:00.875Z,60.1,21.1,1.91,50.4,0,60,0,0,0,0,0,0,0,0,66
2025-09-27T18:41:01.878Z,60.1,21.1,1.91,49.6,0,60,0,0,0,0,0,0,0,0,66
2025-09-27T18:41:02.875Z,60.1,21.1,1.911,50.4,0,60,0,0,0,0,0,0,0,0,66
2025-09-27T18:41:03.876Z,60.1,21.1,1.91,49.6,0,60,0,0,0,0,0,0,0,0,66
2025-09-27T18:41:04.877Z,60.1,21.1,1.91,50.4,0,60,0,0,0,0,0,0,0,0,66
2025-09-27T18:41:05.887Z,60.1,21.1,1.91,49.6,0,60,0,0,0,0,0,0,0,0,66
2025-09-27T18:41:06.882Z,60.1,21.1,1.91,50.4,0,60,0,0,0,0,0,0,0,0,66
2025-09-27T18:41:07.887Z,60.1,21.1,1.91,49.6,0,60,0,0,0,0,0,0,0,0,66
2025-09-27T18:41:08.884Z,60.1,21.1,1.91,50.4,0,60,0,0,0,0,0,0,0,0,66
2025-09-27T18:41:09.883Z,60.1,21.1,1.91,49.6,0,60,0,0,0,0,0,0,0,0,66
2025-09-27T18:41:10.885Z,60.1,21.1,1.91,50.4,0,60,0,0,0,0,0,0,0,0,66
2025-09-27T18:41:11.889Z,60.1,21.1,1.911,49.6,0,60,0,0,0,0,0,0,0,0,66
2025-09-27T18:41:12.884Z,60.2,21.1,1.91,50.4,0,60,0,0,0,0,0,0,0,0,66
2025-09-27T18:41:13.887Z,60.2,21.1,1.91,49.6,0,60,0,0,0,0,0,0,0,0,66
2025-09-27T18:41:14.888Z,60.2,21.1,1.91,50.4,0,60,0,0,0,0,0,0,0,0,66
2025-09-27T18:41:15.889Z,60.2,21.1,1.91,49.6,0,60,0,0,0,0,0,0,0,0,66
2025-09-27T18:41:16.889Z,60.2,21.1,1.91,50.4,0,60,0,0,0,0,0,0,0,0,66
2025-09-27T18:41:17.890Z,60.2,21.1,1.91,49.6,0,60,0,0,0,0,0,0,0,0,66
2025-09-27T18:41:18.896Z,60.2,21.1,1.911,50.4,0,60,0,0,0,0,0,0,0,0,66
2025-09-27T18:41:19.891Z,60.2,21.1,1.91,49.6,0,60,0,0,0,0,0,0,0,0,66
2025-09-27T18:41:20.893Z,60.2,21.1,1.91,50.4,0,60,0,0,0,0,0,0,0,0,66
2025-09-27T18:41:21.893Z,60.2,21.1,1.91,49.6,0,60,0,0,0,0,0,0,0,0,66
2025-09-27T18:41:22.894Z,60.2,21.1,1.911,50.4,0,60,0,0,0,0,0,0,0,0,66
2025-09-27T18:41:23.892Z,60.2,21.1,1.91,49.6,0,60,0,0,0,0,0,0,0,0,66
2025-09-27T18:41:24.894Z,60.2,21.1,1.91,50.4,0,60,0,0,0,0,0,0,0,0,66
2025-09-27T18:41:25.900Z,60.2,21.1,1.911,49.6,0,60,0,0,0,0,0,0,0,0,66
2025-09-27T18:41:26.895Z,60.2,21.1,1.91,50.4,0,60,0,0,0,0,0,0,0,0,66
2025-09-27T18:41:27.895Z,60.3,21.1,1.91,49.6,0,60,0,0,0,0,0,0,0,0,66
2025-09-27T18:41:28.903Z,60.3,21.1,1.911,50.4,0,59.9,0,0,0,0,0,0,0,0,66
2025-09-27T18:41:29.899Z,60.3,21.1,1.911,49.6,0,60,0,0,0,0,0,0,0,0,66
2025-09-27T18:41:30.901Z,60.3,21.1,1.911,50.4,0,60,0,0,0,0,0,0,0,0,66
2025-09-27T18:41:31.904Z,60.3,21.1,1.911,49.6,0,60,0,0,0,0,0,0,0,0,66
2025-09-27T18:41:32.901Z,60.3,21.1,1.911,50.4,0,60,0,0,0,0,0,0,0,0,66
2025-09-27T18:41:33.906Z,60.3,21.1,1.911,49.6,0,59.9,0,0,0,0,0,0,0,0,66
2025-09-27T18:41:34.905Z,60.3,21.1,1.911,50.4,0,60,0,0,0,0,0,0,0,0,66
2025-09-27T18:41:35.911Z,60.3,21.1,1.911,49.6,0,60,0,0,0,0,0,0,0,0,66
2025-09-27T18:41:36.911Z,60.3,21.1,1.911,50.4,0,59.9,0,0,0,0,0,0,0,0,66
2025-09-27T18:41:37.908Z,60.3,21.1,1.91,49.6,0,60,0,0,0,0,0,0,0,0,66
2025-09-27T18:41:38.909Z,60.3,21.1,1.91,50.4,0,60,0,0,0,0,0,0,0,0,66
2025-09-27T18:41:39.916Z,60.3,21.1,1.909,49.6,0,59.9,0,0,0,0,0,0,0,0,66
2025-09-27T18:41:40.907Z,60.3,21.1,1.91,50.4,0,59.9,0,0,0,0,0,0,0,0,66
2025-09-27T18:41:41.908Z,60.3,21.1,1.91,49.6,0,59.9,0,0,0,0,0,0,0,0,66
2025-09-27T18:41:42.910Z,60.3,21.1,1.91,50.4,0,60,0,0,0,0,0,0,0,0,66
2025-09-27T18:41:43.923Z,60.4,21.1,1.909,49.6,0,59.9,0,0,0,0,0,0,0,0,66
2025-09-27T18:41:44.916Z,60.4,21.1,1.909,50.4,0,60,0,0,0,0,0,0,0,0,66
2025-09-27T18:41:45.917Z,60.4,21.1,1.91,49.6,0,59.9,0,0,0,0,0,0,0,0,66
2025-09-27T18:41:46.923Z,60.4,21.1,1.909,50.4,0,59.9,0,0,0,0,0,0,0,0,66
2025-09-27T18:41:47.917Z,60.4,21.1,1.91,49.6,0,59.9,0,0,0,0,0,0,0,0,66
2025-09-27T18:41:48.920Z,60.4,21.1,1.909,50.4,0,59.9,0,0,0,0,0,0,0,0,66
2025-09-27T18:41:49.923Z,60.4,21.1,1.909,49.6,0,59.9,0,0,0,0,0,0,0,0,66
2025-09-27T18:41:50.926Z,60.4,21.1,1.909,49.6,0,59.9,0,0,0,0,0,0,0,0,66
2025-09-27T18:41:51.921Z,60.4,21.1,1.909,50.4,0,59.9,0,0,0,0,0,0,0,0,66
2025-09-27T18:41:52.917Z,60.4,21.1,1.909,49.6,0,59.9,0,0,0,0,0,0,0,0,66
2025-09-27T18:41:53.921Z,60.4,21.1,1.909,49.6,0,59.9,0,0,0,0,0,0,0,0,66
2025-09-27T18:41:54.925Z,60.4,21.1,1.909,49.6,0,59.9,0,0,0,0,0,0,0,0,66
2025-09-27T18:41:55.924Z,60.4,21.1,1.909,49.6,0,59.9,0,0,0,0,0,0,0,0,66
2025-09-27T18:41:56.925Z,60.4,21.1,1.909,50.4,0,59.9,0,0,0,0,0,0,0,0,66
2025-09-27T18:41:57.929Z,60.4,21.1,1.909,49.6,0,59.9,0,0,0,0,0,0,0,0,66
2025-09-27T18:41:58.928Z,60.4,21.1,1.909,50.4,0,59.9,0,0,0,0,0,0,0,0,66
2025-09-27T18:41:59.927Z,60.4,21.1,1.909,49.6,0,59.9,0,0,0,0,0,0,0,0,66
2025-09-27T18:42:00.934Z,60.4,21.1,1.909,50.4,0,59.9,0,0,0,0,0,0,0,0,66
2025-09-27T18:42:01.930Z,60.5,21.1,1.909,49.6,0,59.9,0,0,0,0,0,0,0,0,66
2025-09-27T18:42:02.933Z,60.5,21.1,1.909,50.4,0,59.9,0,0,0,0,0,0,0,0,66
2025-09-27T18:42:03.936Z,60.5,21.1,1.909,49.6,0,59.9,0,0,0,0,0,0,0,0,66
2025-09-27T18:42:04.934Z,60.5,21.1,1.909,49.6,0,59.9,0,0,0,0,0,0,0,0,66
2025-09-27T18:42:05.933Z,60.5,21.1,1.909,49.6,0,59.9,0,0,0,0,0,0,0,0,66
2025-09-27T18:42:06.936Z,60.5,21.1,1.909,50.4,0,59.9,0,0,0,0,0,0,0,0,66
2025-09-27T18:42:07.939Z,60.5,21.1,1.909,49.6,0,59.9,0,0,0,0,0,0,0,0,66
2025-09-27T18:42:08.951Z,60.5,21.1,1.909,50.4,0,59.9,0,0,0,0,0,0,0,0,66
2025-09-27T18:42:09.939Z,60.5,21.1,1.909,49.6,0,59.9,0,0,0,0,0,0,0,0,66
2025-09-27T18:42:10.941Z,60.5,21.1,1.909,50.4,0,59.9,0,0,0,0,0,0,0,0,66
2025-09-27T18:42:11.939Z,60.5,21.1,1.909,49.6,0,59.9,0,0,0,0,0,0,0,0,66
2025-09-27T18:42:12.940Z,60.5,21.1,1.909,50.4,0,59.9,0,0,0,0,0,0,0,0,66
2025-09-27T18:42:13.941Z,60.5,21.1,1.909,49.6,0,59.9,0,0,0,0,0,0,0,0,66
2025-09-27T18:42:14.941Z,60.5,21.1,1.909,50.4,0,59.9,0,0,0,0,0,0,0,0,66
2025-09-27T18:42:15.945Z,60.5,21.1,1.909,49.6,0,59.9,0,0,0,0,0,0,0,0,66
2025-09-27T18:42:16.945Z,60.5,21.1,1.909,50.4,0,60,0,0,0,0,0,0,0,0,66
2025-09-27T18:42:17.952Z,60.5,21.1,1.909,49.6,0,59.9,0,0,0,0,0,0,0,0,66
2025-09-27T18:42:18.943Z,60.6,21.1,1.909,50.4,0,60,0,0,0,0,0,0,0,0,66
2025-09-27T18:42:19.949Z,60.6,21.1,1.909,49.6,0,59.9,0,0,0,0,0,0,0,0,66
2025-09-27T18:42:20.949Z,60.6,21.1,1.909,50.4,0,59.9,0,0,0,0,0,0,0,0,66
2025-09-27T18:42:21.947Z,60.6,21.1,1.909,49.6,0,59.9,0,0,0,0,0,0,0,0,66
2025-09-27T18:42:22.950Z,60.6,21.1,1.909,50.4,0,59.9,0,0,0,0,0,0,0,0,66
2025-09-27T18:42:23.952Z,60.6,21.1,1.909,49.6,0,60,0,0,0,0,0,0,0,0,66
2025-09-27T18:42:24.952Z,60.6,21.1,1.908,50.4,0,59.9,0,0,0,0,0,0,0,0,66
2025-09-27T18:42:25.948Z,60.6,21.1,1.908,49.6,0,60,0,0,0,0,0,0,0,0,66
2025-09-27T18:42:26.951Z,60.6,21.1,1.908,49.6,0,59.9,0,0,0,0,0,0,0,0,66
2025-09-27T18:42:27.956Z,60.6,21.1,1.908,50.4,0,59.9,0,0,0,0,0,0,0,0,66
2025-09-27T18:42:28.956Z,60.6,21.1,1.908,49.6,0,59.9,0,0,0,0,0,0,0,0,66
2025-09-27T18:42:29.956Z,60.6,21.1,1.908,49.6,0,59.9,0,0,0,0,0,0,0,0,66
2025-09-27T18:42:30.957Z,60.6,21.1,1.908,49.6,0,59.9,0,0,0,0,0,0,0,0,66
2025-09-27T18:42:31.962Z,60.6,21.1,1.908,50.4,0,60,0,0,0,0,0,0,0,0,66
2025-09-27T18:42:32.959Z,60.6,21.1,1.908,49.6,0,59.9,0,0,0,0,0,0,0,0,66
2025-09-27T18:42:33.963Z,60.6,21.1,1.909,50.4,0,59.9,0,0,0,0,0,0,0,0,66
2025-09-27T18:42:34.958Z,60.6,21.1,1.908,49.6,0,59.9,0,0,0,0,0,0,0,0,66
2025-09-27T18:42:35.964Z,60.6,21.1,1.906,49.6,0,59.9,0,0,0,0,0,0,0,0,66
2025-09-27T18:42:36.961Z,60.6,21.1,1.908,50.4,0,59.9,0,0,0,0,0,0,0,0,66
2025-09-27T18:42:37.965Z,60.6,21.1,1.909,49.6,0,59.9,0,0,0,0,0,0,0,0,66
2025-09-27T18:42:38.966Z,60.7,21.1,1.908,49.6,0,59.9,0,0,0,0,0,0,0,0,66
2025-09-27T18:42:39.966Z,60.7,21.1,1.908,50.4,0,59.9,0,0,0,0,0,0,0,0,66
2025-09-27T18:42:40.972Z,60.7,21.1,1.909,49.6,0,59.9,0,0,0,0,0,0,0,0,66
2025-09-27T18:42:41.969Z,60.7,21.1,1.906,50.4,0,59.9,0,0,0,0,0,0,0,0,66
2025-09-27T18:42:42.969Z,60.7,21.1,1.906,50.4,0,59.9,0,0,0,0,0,0,0,0,66
2025-09-27T18:42:43.969Z,60.7,21.1,1.908,49.6,0,59.9,0,0,0,0,0,0,0,0,66
2025-09-27T18:42:44.972Z,60.7,21.1,1.907,50.4,0,60,0,0,0,0,0,0,0,0,66
2025-09-27T18:42:45.976Z,60.7,21.1,1.907,49.6,0,59.9,0,0,0,0,0,0,0,0,66
2025-09-27T18:42:46.975Z,60.7,21.1,1.907,50.4,0,59.9,0,0,0,0,0,0,0,0,66
2025-09-27T18:42:47.972Z,60.7,21.1,1.906,49.6,0,59.9,0,0,0,0,0,0,0,0,66
2025-09-27T18:42:48.976Z,60.7,21.1,1.906,50.4,0,59.9,0,0,0,0,0,0,0,0,66
2025-09-27T18:42:49.978Z,60.7,21.1,1.907,49.6,0,59.9,0,0,0,0,0,0,0,0,66
2025-09-27T18:42:50.976Z,60.7,21.1,1.906,50.4,0,59.9,0,0,0,0,0,0,0,0,66
2025-09-27T18:42:51.977Z,60.7,21.1,1.906,49.6,0,59.9,0,0,0,0,0,0,0,0,66
2025-09-27T18:42:52.973Z,60.7,21.1,1.906,49.6,0,59.9,0,0,0,0,0,0,0,0,66
2025-09-27T18:42:53.974Z,60.7,21.1,1.906,50.4,0,59.9,0,0,0,0,0,0,0,0,66
2025-09-27T18:42:54.972Z,60.7,21.1,1.906,49.6,0,59.9,0,0,0,0,0,0,0,0,66
2025-09-27T18:42:55.979Z,60.7,21.1,1.906,50.4,0,59.9,0,0,0,0,0,0,0,0,66
2025-09-27T18:42:56.979Z,60.7,21.1,1.906,49.6,0,59.9,0,0,0,0,0,0,0,0,66
2025-09-27T18:42:57.982Z,60.8,21.1,1.906,50.4,0,59.9,0,0,0,0,0,0,0,0,66
2025-09-27T18:42:58.981Z,60.8,21.1,1.906,50.4,0,59.9,0,0,0,0,0,0,0,0,66
2025-09-27T18:42:59.983Z,60.8,21.1,1.906,49.6,0,59.9,0,0,0,0,0,0,0,0,66
2025-09-27T18:43:00.981Z,60.8,21.1,1.906,49.6,0,59.9,0,0,0,0,0,0,0,0,66
2025-09-27T18:43:01.984Z,60.8,21.1,1.906,49.6,0,59.9,0,0,0,0,0,0,0,0,66
2025-09-27T18:43:02.985Z,60.8,21.1,1.906,50.4,0,59.9,0,0,0,0,0,0,0,0,66
2025-09-27T18:43:03.983Z,60.8,21.1,1.906,50.4,0,59.9,0,0,0,0,0,0,0,0,66
2025-09-27T18:43:04.985Z,60.8,21.1,1.906,49.6,0,59.9,0,0,0,0,0,0,0,0,66
2025-09-27T18:43:05.988Z,60.8,21.1,1.906,49.6,0,59.9,0,0,0,0,0,0,0,0,66
2025-09-27T18:43:06.993Z,60.8,21.1,1.907,49.6,0,59.9,0,0,0,0,0,0,0,0,66
2025-09-27T18:43:07.991Z,60.8,21.1,1.906,50.4,0,59.9,0,0,0,0,0,0,0,0,66
2025-09-27T18:43:08.991Z,60.8,21.1,1.906,49.6,0,59.9,0,0,0,0,0,0,0,0,66
2025-09-27T18:43:09.997Z,60.8,21.1,1.907,50.4,0,59.9,0,0,0,0,0,0,0,0,66
2025-09-27T18:43:10.999Z,60.8,21.1,1.907,49.6,0,59.9,0,0,0,0,0,0,0,0,66
2025-09-27T18:43:11.991Z,60.8,21.1,1.906,49.6,0,59.9,0,0,0,0,0,0,0,0,66
2025-09-27T18:43:12.995Z,60.8,21.1,1.906,50.4,0,59.9,0,0,0,0,0,0,0,0,66
2025-09-27T18:43:13.997Z,60.8,21.1,1.907,49.6,0,59.9,0,0,0,0,0,0,0,0,66
2025-09-27T18:43:14.998Z,60.8,21.1,1.907,50.4,0,59.9,0,0,0,0,0,0,0,0,66
2025-09-27T18:43:15.998Z,60.8,21.1,1.906,49.6,0,59.9,0,0,0,0,0,0,0,0,66
2025-09-27T18:43:17.002Z,60.8,21.1,1.907,50.4,0,59.9,0,0,0,0,0,0,0,0,66
2025-09-27T18:43:18.001Z,60.8,21.1,1.907,50.4,0,59.9,0,0,0,0,0,0,0,0,66
2025-09-27T18:43:19.009Z,60.8,21.1,1.907,49.6,0,59.9,0,0,0,0,0,0,0,0,66
2025-09-27T18:43:20.002Z,60.8,21.1,1.907,50.4,0,59.9,0,0,0,0,0,0,0,0,66
2025-09-27T18:43:21.006Z,60.8,21.1,1.907,49.6,0,59.9,0,0,0,0,0,0,0,0,66
2025-09-27T18:43:22.008Z,60.8,21.1,1.907,50.4,0,59.9,0,0,0,0,0,0,0,0,66
2025-09-27T18:43:23.004Z,60.8,21.1,1.907,50.4,0,59.9,0,0,0,0,0,0,0,0,66
2025-09-27T18:43:24.005Z,60.8,21.1,1.907,49.6,0,59.9,0,0,0,0,0,0,0,0,66
2025-09-27T18:43:25.005Z,60.8,21.1,1.907,50.4,0,59.9,0,0,0,0,0,0,0,0,66
2025-09-27T18:43:26.003Z,60.8,21.1,1.907,49.6,0,59.9,0,0,0,0,0,0,0,0,66
2025-09-27T18:43:27.009Z,60.9,21.1,1.907,50.4,0,59.9,0,0,0,0,0,0,0,0,66
2025-09-27T18:43:28.010Z,60.8,21.1,1.907,49.6,0,59.9,0,0,0,0,0,0,0,0,66
2025-09-27T18:43:29.008Z,60.8,21.1,1.907,49.6,0,59.9,0,0,0,0,0,0,0,0,66
2025-09-27T18:43:30.012Z,60.8,21.1,1.907,49.6,0,59.9,0,0,0,0,0,0,0,0,66
2025-09-27T18:43:31.012Z,60.9,21.1,1.907,50.4,0,59.9,0,0,0,0,0,0,0,0,66
2025-09-27T18:43:32.014Z,60.9,21.1,1.907,49.6,0,59.9,0,0,0,0,0,0,0,0,66
2025-09-27T18:43:33.015Z,60.9,21.1,1.907,50.4,0,59.9,0,0,0,0,0,0,0,0,66
2025-09-27T18:43:34.012Z,60.9,21.1,1.907,49.6,0,59.9,0,0,0,0,0,0,0,0,66
2025-09-27T18:43:35.011Z,60.9,21.1,1.907,50.4,0,59.9,0,0,0,0,0,0,0,0,66
2025-09-27T18:43:36.015Z,60.9,21.1,1.907,50.4,0,59.9,0,0,0,0,0,0,0,0,66
2025-09-27T18:43:37.017Z,60.9,21.1,1.907,49.6,0,59.9,0,0,0,0,0,0,0,0,66
2025-09-27T18:43:38.018Z,60.9,21.1,1.907,50.4,0,59.9,0,0,0,0,0,0,0,0,66
2025-09-27T18:43:39.027Z,60.9,21.1,1.906,49.6,0,59.9,0,0,0,0,0,0,0,0,66
2025-09-27T18:43:40.019Z,60.9,21.1,1.907,50.4,0,59.9,0,0,0,0,0,0,0,0,66
2025-09-27T18:43:41.023Z,60.9,21.1,1.906,49.6,0,59.9,0,0,0,0,0,0,0,0,66
2025-09-27T18:43:42.024Z,60.9,21.1,1.906,50.4,0,59.9,0,0,0,0,0,0,0,0,66
2025-09-27T18:43:43.026Z,60.9,21.1,1.906,49.6,0,59.9,0,0,0,0,0,0,0,0,66
2025-09-27T18:43:44.028Z,60.9,21.1,1.906,50.4,0,59.9,0,0,0,0,0,0,0,0,66
2025-09-27T18:43:45.025Z,60.9,21.1,1.907,49.6,0,59.9,0,0,0,0,0,0,0,0,66
2025-09-27T18:43:46.026Z,60.9,21.1,1.907,49.6,0,59.9,0,0,0,0,0,0,0,0,66
2025-09-27T18:43:47.026Z,60.9,21.1,1.907,49.6,0,59.9,0,0,0,0,0,0,0,0,66
2025-09-27T18:43:48.028Z,60.9,21.1,1.907,50.4,0,59.9,0,0,0,0,0,0,0,0,66
2025-09-27T18:43:49.028Z,60.9,21.1,1.906,49.6,0,59.9,0,0,0,0,0,0,0,0,66
2025-09-27T18:43:50.037Z,60.9,21.1,1.906,50.4,0,59.9,0,0,0,0,0,0,0,0,66
2025-09-27T18:43:51.026Z,60.9,21.1,1.906,49.6,0,59.9,0,0,0,0,0,0,0,0,66
2025-09-27T18:43:52.030Z,60.9,21.1,1.906,50.4,0,59.9,0,0,0,0,0,0,0,0,66
2025-09-27T18:43:53.029Z,60.9,21.1,1.906,49.6,0,59.9,0,0,0,0,0,0,0,0,66
2025-09-27T18:43:54.029Z,60.9,21.1,1.906,49.6,0,59.9,0,0,0,0,0,0,0,0,66
2025-09-27T18:43:55.028Z,60.9,21.1,1.906,50.4,0,59.9,0,0,0,0,0,0,0,0,66
2025-09-27T18:43:56.030Z,60.9,21.1,1.906,49.6,0,59.9,0,0,0,0,0,0,0,0,66
2025-09-27T18:43:57.030Z,60.9,21.1,1.906,49.6,0,59.9,0,0,0,0,0,0,0,0,66
2025-09-27T18:43:58.035Z,60.9,21.1,1.906,50.4,0,59.9,0,0,0,0,0,0,0,0,66
2025-09-27T18:43:59.033Z,60.9,21.1,1.906,49.6,0,59.9,0,0,0,0,0,0,0,0,66
2025-09-27T18:44:00.033Z,60.9,21.1,1.906,50.4,0,59.9,0,0,0,0,0,0,0,0,66
2025-09-27T18:44:01.037Z,60.9,21.1,1.906,49.6,0,59.9,0,0,0,0,0,0,0,0,66
2025-09-27T18:44:02.035Z,60.9,21.1,1.906,49.6,0,59.9,0,0,0,0,0,0,0,0,66
2025-09-27T18:44:03.037Z,60.9,21.1,1.906,50.4,0,59.9,0,0,0,0,0,0,0,0,66
2025-09-27T18:44:04.041Z,60.9,21.1,1.906,49.6,0,59.9,0,0,0,0,0,0,0,0,66
2025-09-27T18:44:05.039Z,60.9,21.1,1.906,49.6,0,59.9,0,0,0,0,0,0,0,0,66
2025-09-27T18:44:06.046Z,60.9,21.1,1.906,50.4,0,59.9,0,0,0,0,0,0,0,0,66
2025-09-27T18:44:07.046Z,60.9,21.1,1.906,49.6,0,59.9,0,0,0,0,0,0,0,0,66
2025-09-27T18:44:08.042Z,60.9,21.1,1.906,50.4,0,59.9,0,0,0,0,0,0,0,0,66
2025-09-27T18:44:09.051Z,60.9,21.1,1.906,50.4,0,59.9,0,0,0,0,0,0,0,0,66
2025-09-27T18:44:10.048Z,60.9,21.1,1.906,49.6,0,59.9,0,0,0,0,0,0,0,0,66
2025-09-27T18:44:11.052Z,60.9,21.1,1.907,50.4,0,59.9,0,0,0,0,0,0,0,0,66
2025-09-27T18:44:12.052Z,60.9,21.1,1.907,49.6,0,59.9,0,0,0,0,0,0,0,0,66
2025-09-27T18:44:13.048Z,60.9,21.1,1.906,50.4,0,59.9,0,0,0,0,0,0,0,0,66
2025-09-27T18:44:14.050Z,60.9,21.1,1.906,49.6,0,59.9,0,0,0,0,0,0,0,0,66
2025-09-27T18:44:15.049Z,60.9,21.1,1.906,50.4,0,59.9,0,0,0,0,0,0,0,0,66
2025-09-27T18:44:16.053Z,60.9,21.1,1.906,49.6,0,59.9,0,0,0,0,0,0,0,0,66
2025-09-27T18:44:17.058Z,60.9,21.1,1.906,50.4,0,60,0,0,0,0,0,0,0,0,66
2025-09-27T18:44:18.052Z,60.9,21.1,1.906,50.4,0,59.9,0,0,0,0,0,0,0,0,66
2025-09-27T18:44:19.063Z,60.9,21.1,1.907,49.6,0,59.9,0,0,0,0,0,0,0,0,66
2025-09-27T18:44:20.054Z,60.9,21.1,1.906,50.4,0,59.9,0,0,0,0,0,0,0,0,66
2025-09-27T18:44:21.060Z,60.9,21.1,1.907,49.6,0,59.9,0,0,0,0,0,0,0,0,66
2025-09-27T18:44:22.058Z,60.9,21.1,1.906,50.4,0,59.9,0,0,0,0,0,0,0,0,66
2025-09-27T18:44:23.058Z,60.9,21.1,1.907,49.6,0,59.9,0,0,0,0,0,0,0,0,66
2025-09-27T18:44:24.060Z,60.9,21.1,1.907,50.4,0,59.9,0,0,0,0,0,0,0,0,66
2025-09-27T18:44:25.067Z,60.9,21.1,1.907,49.6,0,60,0,0,0,0,0,0,0,0,66
2025-09-27T18:44:26.065Z,60.9,21.1,1.907,49.6,0,59.9,0,0,0,0,0,0,0,0,66
2025-09-27T18:44:27.060Z,60.9,21.1,1.907,50.4,0,59.9,0,0,0,0,0,0,0,0,66
2025-09-27T18:44:28.067Z,60.9,21.1,1.907,49.6,0,59.9,0,0,0,0,0,0,0,0,66
2025-09-27T18:44:29.066Z,60.9,21.1,1.907,50.4,0,60,0,0,0,0,0,0,0,0,66
2025-09-27T18:44:30.065Z,60.9,21.1,1.907,49.6,0,60,0,0,0,0,0,0,0,0,66
2025-09-27T18:44:31.066Z,60.9,21.1,1.907,49.6,0,60,0,0,0,0,0,0,0,0,66
2025-09-27T18:44:32.067Z,60.9,21.1,1.907,50.4,0,60,0,0,0,0,0,0,0,0,66
2025-09-27T18:44:33.067Z,60.9,21.1,1.907,50.4,0,59.9,0,0,0,0,0,0,0,0,66
2025-09-27T18:44:34.072Z,60.9,21.1,1.907,49.6,0,60,0,0,0,0,0,0,0,0,66
2025-09-27T18:44:35.073Z,60.9,21.1,1.907,50.4,0,60,0,0,0,0,0,0,0,0,66
2025-09-27T18:44:36.071Z,60.9,21.1,1.907,49.6,0,60,0,0,0,0,0,0,0,0,66
2025-09-27T18:44:37.069Z,60.9,21.1,1.907,50.4,0,60,0,0,0,0,0,0,0,0,66
2025-09-27T18:44:38.074Z,60.9,21.1,1.907,49.6,0,60,0,0,0,0,0,0,0,0,66
2025-09-27T18:44:39.071Z,60.9,21.1,1.907,50.4,0,59.9,0,0,0,0,0,0,0,0,66
2025-09-27T18:44:40.077Z,60.9,21.1,1.907,49.6,0,59.9,0,0,0,0,0,0,0,0,66
2025-09-27T18:44:41.076Z,60.9,21.1,1.907,50.4,0,60,0,0,0,0,0,0,0,0,66
2025-09-27T18:44:42.073Z,60.9,21.1,1.907,49.6,0,59.9,0,0,0,0,0,0,0,0,66
2025-09-27T18:44:43.077Z,60.9,21.1,1.907,49.6,0,59.9,0,0,0,0,0,0,0,0,66
2025-09-27T18:44:44.081Z,60.9,21.1,1.907,50.4,0,60,0,0,0,0,0,0,0,0,66
2025-09-27T18:44:45.079Z,60.9,21.1,1.907,49.6,0,60,0,0,0,0,0,0,0,0,66
2025-09-27T18:44:46.083Z,60.9,21.1,1.907,50.4,0,60,0,0,0,0,0,0,0,0,66
2025-09-27T18:44:47.078Z,60.9,21.1,1.907,49.6,0,60,0,0,0,0,0,0,0,0,66
2025-09-27T18:44:48.082Z,60.9,21.1,1.907,49.6,0,59.9,0,0,0,0,0,0,0,0,66
2025-09-27T18:44:49.083Z,60.9,21.1,1.907,50.4,0,60,0,0,0,0,0,0,0,0,66
2025-09-27T18:44:50.089Z,60.9,21.1,1.906,49.6,0,60,0,0,0,0,0,0,0,0,66
2025-09-27T18:44:51.082Z,60.9,21.1,1.907,50.4,0,60,0,0,0,0,0,0,0,0,66
2025-09-27T18:44:52.085Z,60.9,21.1,1.907,49.6,0,60,0,0,0,0,0,0,0,0,66
2025-09-27T18:44:53.083Z,60.9,21.1,1.907,49.6,0,60,0,0,0,0,0,0,0,0,66
2025-09-27T18:44:54.087Z,60.9,21.1,1.907,50.4,0,60,0,0,0,0,0,0,0,0,66
2025-09-27T18:44:55.094Z,60.9,21.1,1.906,49.6,0,60,0,0,0,0,0,0,0,0,66
2025-09-27T18:44:56.087Z,60.9,21.1,1.907,50.4,0,60,0,0,0,0,0,0,0,0,66
2025-09-27T18:44:57.087Z,60.9,21.1,1.907,50.4,0,60,0,0,0,0,0,0,0,0,66
2025-09-27T18:44:58.089Z,60.9,21.1,1.907,49.6,0,60,0,0,0,0,0,0,0,0,66
2025-09-27T18:44:59.093Z,60.9,21.1,1.906,50.4,0,60,0,0,0,0,0,0,0,0,66
2025-09-27T18:45:00.091Z,60.9,21.1,1.907,49.6,0,60,0,0,0,0,0,0,0,0,66
2025-09-27T18:45:01.095Z,60.8,21.1,1.906,50.4,0,60,0,0,0,0,0,0,0,0,66
2025-09-27T18:45:02.095Z,60.8,21.1,1.906,49.6,0,60,0,0,0,0,0,0,0,0,66
2025-09-27T18:45:03.095Z,60.8,21.1,1.906,49.6,0,60,0,0,0,0,0,0,0,0,66
2025-09-27T18:45:04.093Z,60.8,21.1,1.907,50.4,0,60,0,0,0,0,0,0,0,0,66
2025-09-27T18:45:05.098Z,60.8,21.1,1.906,49.6,0,60,0,0,0,0,0,0,0,0,66
2025-09-27T18:45:06.096Z,60.8,21.1,1.907,50.4,0,60,0,0,0,0,0,0,0,0,66
2025-09-27T18:45:07.094Z,60.8,21.1,1.907,49.6,0,60,0,0,0,0,0,0,0,0,66
2025-09-27T18:45:08.097Z,60.8,21.1,1.907,49.6,0,60,0,0,0,0,0,0,0,0,66
2025-09-27T18:45:09.094Z,60.8,21.1,1.907,50.4,0,60,0,0,0,0,0,0,0,0,66
2025-09-27T18:45:10.098Z,60.8,21.1,1.907,49.6,0,60,0,0,0,0,0,0,0,0,66
2025-09-27T18:45:11.100Z,60.8,21.1,1.907,50.4,0,60,0,0,0,0,0,0,0,0,66
2025-09-27T18:45:12.105Z,60.8,21.1,1.906,50.4,0,60,0,0,0,0,0,0,0,0,66
2025-09-27T18:45:13.101Z,60.8,21.1,1.906,49.6,0,60,0,0,0,0,0,0,0,0,66
2025-09-27T18:45:14.102Z,60.8,21.1,1.907,50.4,0,60,0,0,0,0,0,0,0,0,66
2025-09-27T18:45:15.104Z,60.8,21.1,1.906,49.6,0,60,0,0,0,0,0,0,0,0,66
2025-09-27T18:45:16.110Z,60.8,21.1,1.906,50.4,0,60,0,0,0,0,0,0,0,0,66
2025-09-27T18:45:17.105Z,60.8,21.1,1.907,49.6,0,60,0,0,0,0,0,0,0,0,66
2025-09-27T18:45:18.109Z,60.8,21.1,1.906,50.4,0,60,0,0,0,0,0,0,0,0,66
2025-09-27T18:45:19.109Z,60.8,21.1,1.906,49.6,0,60,0,0,0,0,0,0,0,0,66
2025-09-27T18:45:20.109Z,60.8,21.1,1.906,49.6,0,60,0,0,0,0,0,0,0,0,66
2025-09-27T18:45:21.112Z,60.8,21.1,1.906,50.4,0,60,0,0,0,0,0,0,0,0,66
2025-09-27T18:45:22.112Z,60.8,21.1,1.906,49.6,0,60,0,0,0,0,0,0,0,0,66
2025-09-27T18:45:23.110Z,60.8,21.1,1.906,50.4,0,60,0,0,0,0,0,0,0,0,66
2025-09-27T18:45:24.114Z,60.8,21.1,1.906,49.6,0,60,0,0,0,0,0,0,0,0,66
2025-09-27T18:45:25.113Z,60.8,21.1,1.906,49.6,0,60,0,0,0,0,0,0,0,0,66
2025-09-27T18:45:26.111Z,60.8,21.1,1.906,50.4,0,60,0,0,0,0,0,0,0,0,66
2025-09-27T18:45:27.111Z,60.8,21.1,1.906,49.6,0,60,0,0,0,0,0,0,0,0,66
2025-09-27T18:45:28.110Z,60.8,21.1,1.907,50.4,0,60,0,0,0,0,0,0,0,0,66
2025-09-27T18:45:29.115Z,60.8,21.1,1.906,49.6,0,60,0,0,0,0,0,0,0,0,66
2025-09-27T18:45:30.114Z,60.8,21.1,1.906,49.6,0,60,0,0,0,0,0,0,0,0,66
2025-09-27T18:45:31.115Z,60.8,21.1,1.906,50.4,0,60,0,0,0,0,0,0,0,0,66
2025-09-27T18:45:32.119Z,60.8,21.1,1.906,49.6,0,60,0,0,0,0,0,0,0,0,66
2025-09-27T18:45:33.120Z,60.8,21.1,1.906,49.6,0,60,0,0,0,0,0,0,0,0,66
2025-09-27T18:45:34.119Z,60.7,21.1,1.906,50.4,0,60,0,0,0,0,0,0,0,0,66
2025-09-27T18:45:35.119Z,60.7,21.1,1.906,49.6,0,60,0,0,0,0,0,0,0,0,66
2025-09-27T18:45:36.122Z,60.7,21.1,1.906,50.4,0,60,0,0,0,0,0,0,0,0,66
2025-09-27T18:45:37.126Z,60.7,21.1,1.906,50.4,0,60,0,0,0,0,0,0,0,0,66
2025-09-27T18:45:38.123Z,60.7,21.1,1.908,49.6,0,60,0,0,0,0,0,0,0,0,66
2025-09-27T18:45:39.127Z,60.7,21.1,1.906,50.4,0,60,0,0,0,0,0,0,0,0,66
2025-09-27T18:45:40.128Z,60.7,21.1,1.906,49.6,0,60,0,0,0,0,0,0,0,0,66
2025-09-27T18:45:41.125Z,60.7,21.1,1.906,50.4,0,60,0,0,0,0,0,0,0,0,66
2025-09-27T18:45:42.124Z,60.7,21.1,1.908,49.6,0,60,0,0,0,0,0,0,0,0,66
2025-09-27T18:45:43.130Z,60.7,21.1,1.906,49.6,0,60,0,0,0,0,0,0,0,0,66
2025-09-27T18:45:44.127Z,60.7,21.1,1.906,50.4,0,60,0,0,0,0,0,0,0,0,66
2025-09-27T18:45:45.127Z,60.7,21.1,1.906,49.6,0,60,0,0,0,0,0,0,0,0,66
2025-09-27T18:45:46.131Z,60.7,21.1,1.906,50.4,0,60,0,0,0,0,0,0,0,0,66
2025-09-27T18:45:47.128Z,60.7,21.1,1.908,49.6,0,60,0,0,0,0,0,0,0,0,66
2025-09-27T18:45:48.133Z,60.7,21.1,1.908,49.6,0,60,0,0,0,0,0,0,0,0,66
2025-09-27T18:45:49.131Z,60.7,21.1,1.906,50.4,0,60,0,0,0,0,0,0,0,0,66
2025-09-27T18:45:50.134Z,60.7,21.1,1.906,49.6,0,60,0,0,0,0,0,0,0,0,66
2025-09-27T18:45:51.133Z,60.7,21.1,1.908,50.4,0,60,0,0,0,0,0,0,0,0,66
2025-09-27T18:45:52.132Z,60.7,21.1,1.908,49.6,0,60,0,0,0,0,0,0,0,0,66
2025-09-27T18:45:53.136Z,60.7,21.1,1.908,49.6,0,60,0,0,0,0,0,0,0,0,66
2025-09-27T18:45:54.136Z,60.7,21.1,1.908,50.4,0,60,0,0,0,0,0,0,0,0,66
2025-09-27T18:45:55.137Z,60.7,21.1,1.908,49.6,0,60,0,0,0,0,0,0,0,0,66
2025-09-27T18:45:56.132Z,60.7,21.1,1.908,49.6,0,60,0,0,0,0,0,0,0,0,66
2025-09-27T18:45:57.138Z,60.7,21.1,1.908,50.4,0,60,0,0,0,0,0,0,0,0,66
2025-09-27T18:45:58.142Z,60.6,21.1,1.909,49.6,0,60,0,0,0,0,0,0,0,0,66
2025-09-27T18:45:59.139Z,60.6,21.1,1.908,49.6,0,60,0,0,0,0,0,0,0,0,66
2025-09-27T18:46:00.144Z,60.6,21.1,1.909,50.4,0,60,0,0,0,0,0,0,0,0,66
2025-09-27T18:46:01.148Z,60.6,21.1,1.909,50.4,0,60,0,0,0,0,0,0,0,0,66
2025-09-27T18:46:02.143Z,60.6,21.1,1.908,50.4,0,60,0,0,0,0,0,0,0,0,66
2025-09-27T18:46:03.143Z,60.6,21.1,1.908,50.4,0,60,0,0,0,0,0,0,0,0,66
2025-09-27T18:46:04.141Z,60.6,21.1,1.908,49.6,0,60,0,0,0,0,0,0,0,0,66
2025-09-27T18:46:05.149Z,60.6,21.1,1.909,50.4,0,60,0,0,0,0,0,0,0,0,66
2025-09-27T18:46:06.147Z,60.6,21.1,1.909,49.6,0,60,0,0,0,0,0,0,0,0,66
2025-09-27T18:46:07.145Z,60.6,21.1,1.909,50.4,0,60,0,0,0,0,0,0,0,0,66
2025-09-27T18:46:08.149Z,60.6,21.1,1.909,49.6,0,60,0,0,0,0,0,0,0,0,66
2025-09-27T18:46:09.149Z,60.6,21.1,1.909,50.4,0,60,0,0,0,0,0,0,0,0,66
2025-09-27T18:46:10.148Z,60.6,21.1,1.909,49.6,0,60,0,0,0,0,0,0,0,0,66
2025-09-27T18:46:11.148Z,60.6,21.1,1.909,49.6,0,60,0,0,0,0,0,0,0,0,66
2025-09-27T18:46:12.150Z,60.6,21.1,1.909,50.4,0,60,0,0,0,0,0,0,0,0,66
2025-09-27T18:46:13.148Z,60.6,21.1,1.909,49.6,0,60,0,0,0,0,0,0,0,0,66
2025-09-27T18:46:14.158Z,60.6,21.1,1.909,50.4,0,60,0,0,0,0,0,0,0,0,66
2025-09-27T18:46:15.155Z,60.6,21.1,1.909,49.6,0,60,0,0,0,0,0,0,0,0,66
2025-09-27T18:46:16.158Z,60.6,21.1,1.909,50.4,0,60,0,0,0,0,0,0,0,0,66
2025-09-27T18:46:17.158Z,60.6,21.1,1.909,49.6,0,60,0,0,0,0,0,0,0,0,66
2025-09-27T18:46:18.160Z,60.6,21.1,1.909,49.6,0,60,0,0,0,0,0,0,0,0,66
2025-09-27T18:46:19.157Z,60.6,21.1,1.909,50.4,0,60,0,0,0,0,0,0,0,0,66
2025-09-27T18:46:20.155Z,60.6,21.1,1.909,49.6,0,60,0,0,0,0,0,0,0,0,66
2025-09-27T18:46:21.156Z,60.6,21.1,1.909,50.4,0,60,0,0,0,0,0,0,0,0,66
2025-09-27T18:46:22.162Z,60.5,21.1,1.909,49.6,0,60,0,0,0,0,0,0,0,0,66
2025-09-27T18:46:23.159Z,60.5,21.1,1.909,49.6,0,60,0,0,0,0,0,0,0,0,66
2025-09-27T18:46:24.156Z,60.5,21.1,1.909,50.4,0,60,0,0,0,0,0,0,0,0,66
2025-09-27T18:46:25.164Z,60.5,21.1,1.909,49.6,0,60,0,0,0,0,0,0,0,0,66
2025-09-27T18:46:26.159Z,60.5,21.1,1.909,50.4,0,60,0,0,0,0,0,0,0,0,66
2025-09-27T18:46:27.160Z,60.5,21.1,1.909,49.6,0,60,0,0,0,0,0,0,0,0,66
2025-09-27T18:46:28.161Z,60.5,21.1,1.909,49.6,0,60,0,0,0,0,0,0,0,0,66
2025-09-27T18:46:29.162Z,60.5,21.1,1.909,50.4,0,60,0,0,0,0,0,0,0,0,66
2025-09-27T18:46:30.166Z,60.5,21.1,1.909,49.6,0,60,0,0,0,0,0,0,0,0,66
2025-09-27T18:46:31.165Z,60.5,21.1,1.909,50.4,0,60,0,0,0,0,0,0,0,0,66
2025-09-27T18:46:32.164Z,60.5,21.1,1.909,49.6,0,60,0,0,0,0,0,0,0,0,66
2025-09-27T18:46:33.170Z,60.5,21.1,1.909,49.6,0,60,0,0,0,0,0,0,0,0,66
2025-09-27T18:46:34.170Z,60.5,21.1,1.909,50.4,0,60,0,0,0,0,0,0,0,0,66
2025-09-27T18:46:35.168Z,60.5,21.1,1.909,49.6,0,60,0,0,0,0,0,0,0,0,66
2025-09-27T18:46:36.171Z,60.5,21.1,1.909,49.6,0,60,0,0,0,0,0,0,0,0,66
2025-09-27T18:46:37.171Z,60.5,21.1,1.909,50.4,0,60,0,0,0,0,0,0,0,0,66
2025-09-27T18:46:38.168Z,60.5,21.1,1.909,49.6,0,60,0,0,0,0,0,0,0,0,66
2025-09-27T18:46:39.175Z,60.5,21.1,1.909,49.6,0,60,0,0,0,0,0,0,0,0,66
2025-09-27T18:46:40.177Z,60.5,21.1,1.909,50.4,0,60,0,0,0,0,0,0,0,0,66
2025-09-27T18:46:41.177Z,60.5,21.1,1.909,50.4,0,60,0,0,0,0,0,0,0,0,66
2025-09-27T18:46:42.182Z,60.5,21.1,1.909,49.6,0,60.1,0,0,0,0,0,0,0,0,66
2025-09-27T18:46:43.177Z,60.5,21.1,1.909,50.4,0,60.1,0,0,0,0,0,0,0,0,66
2025-09-27T18:46:44.187Z,60.4,21.1,1.909,49.6,0,60.1,0,0,0,0,0,0,0,0,66
2025-09-27T18:46:45.180Z,60.4,21.1,1.909,49.6,0,60,0,0,0,0,0,0,0,0,66
2025-09-27T18:46:46.182Z,60.4,21.1,1.909,50.4,0,60.1,0,0,0,0,0,0,0,0,66
2025-09-27T18:46:47.184Z,60.4,21.1,1.909,50.4,0,60.1,0,0,0,0,0,0,0,0,66
2025-09-27T18:46:48.182Z,60.4,21.1,1.909,49.6,0,60.1,0,0,0,0,0,0,0,0,66
2025-09-27T18:46:49.180Z,60.4,21.1,1.909,50.4,0,60.1,0,0,0,0,0,0,0,0,66
2025-09-27T18:46:50.183Z,60.4,21.1,1.909,49.6,0,60.1,0,0,0,0,0,0,0,0,66
2025-09-27T18:46:51.182Z,60.4,21.1,1.909,50.4,0,60.1,0,0,0,0,0,0,0,0,66
2025-09-27T18:46:52.183Z,60.4,21.1,1.909,50.4,0,60.1,0,0,0,0,0,0,0,0,66
2025-09-27T18:46:53.184Z,60.4,21.1,1.909,49.6,0,60.1,0,0,0,0,0,0,0,0,66
2025-09-27T18:46:54.181Z,60.4,21.1,1.909,49.6,0,60.1,0,0,0,0,0,0,0,0,66
2025-09-27T18:46:55.186Z,60.4,21.1,1.91,49.6,0,60.1,0,0,0,0,0,0,0,0,66
2025-09-27T18:46:56.184Z,60.4,21.1,1.91,50.4,0,60.1,0,0,0,0,0,0,0,0,66
2025-09-27T18:46:57.190Z,60.4,21.1,1.91,50.4,0,60.1,0,0,0,0,0,0,0,0,66
2025-09-27T18:46:58.187Z,60.4,21.1,1.91,49.6,0,60.1,0,0,0,0,0,0,0,0,66
2025-09-27T18:46:59.186Z,60.4,21.1,1.909,50.4,0,60.1,0,0,0,0,0,0,0,0,66
2025-09-27T18:47:00.185Z,60.4,21.1,1.91,49.6,0,60.1,0,0,0,0,0,0,0,0,66
2025-09-27T18:47:01.191Z,60.4,21.1,1.91,49.6,0,60.1,0,0,0,0,0,0,0,0,66
2025-09-27T18:47:02.189Z,60.4,21.1,1.91,50.4,0,60.1,0,0,0,0,0,0,0,0,66
2025-09-27T18:47:03.196Z,60.4,21.1,1.909,49.6,0,60.1,0,0,0,0,0,0,0,0,66
2025-09-27T18:47:04.195Z,60.4,21.1,1.909,49.6,0,60.1,0,0,0,0,0,0,0,0,66
2025-09-27T18:47:05.195Z,60.4,21.1,1.91,50.4,0,60.1,0,0,0,0,0,0,0,0,66
2025-09-27T18:47:06.196Z,60.4,21.1,1.91,49.6,0,60.1,0,0,0,0,0,0,0,0,66
2025-09-27T18:47:07.200Z,60.4,21.1,1.909,49.6,0,60.1,0,0,0,0,0,0,0,0,66
2025-09-27T18:47:08.197Z,60.4,21.1,1.91,50.4,0,60.1,0,0,0,0,0,0,0,0,66
2025-09-27T18:47:09.202Z,60.4,21.1,1.91,50.4,0,60.1,0,0,0,0,0,0,0,0,66
2025-09-27T18:47:10.200Z,60.3,21.1,1.91,49.6,0,60.1,0,0,0,0,0,0,0,0,66
2025-09-27T18:47:11.200Z,60.3,21.1,1.909,50.4,0,60.1,0,0,0,0,0,0,0,0,66
2025-09-27T18:47:12.202Z,60.3,21.1,1.91,49.6,0,60.1,0,0,0,0,0,0,0,0,66
2025-09-27T18:47:13.204Z,60.3,21.1,1.91,49.6,0,60.1,0,0,0,0,0,0,0,0,66
2025-09-27T18:47:14.207Z,60.3,21.1,1.91,50.4,0,60.1,0,0,0,0,0,0,0,0,66
2025-09-27T18:47:15.205Z,60.3,21.1,1.91,50.4,0,60.1,0,0,0,0,0,0,0,0,66
2025-09-27T18:47:16.205Z,60.3,21.1,1.91,49.6,0,60.1,0,0,0,0,0,0,0,0,66
2025-09-27T18:47:17.207Z,60.3,21.1,1.909,50.4,0,60.1,0,0,0,0,0,0,0,0,66
2025-09-27T18:47:18.214Z,60.3,21.1,1.91,49.6,0,60.1,0,0,0,0,0,0,0,0,66
2025-09-27T18:47:19.207Z,60.3,21.1,1.91,49.6,0,60.1,0,0,0,0,0,0,0,0,66
2025-09-27T18:47:20.210Z,60.3,21.1,1.91,50.4,0,60.1,0,0,0,0,0,0,0,0,66
2025-09-27T18:47:21.208Z,60.3,21.1,1.91,49.6,0,60.1,0,0,0,0,0,0,0,0,66
2025-09-27T18:47:22.215Z,60.3,21.1,1.91,49.6,0,60.1,0,0,0,0,0,0,0,0,66
2025-09-27T18:47:23.210Z,60.3,21.1,1.91,50.4,0,60.1,0,0,0,0,0,0,0,0,66
2025-09-27T18:47:24.212Z,60.3,21.1,1.91,49.6,0,60.1,0,0,0,0,0,0,0,0,66
2025-09-27T18:47:25.210Z,60.3,21.1,1.91,49.6,0,60.1,0,0,0,0,0,0,0,0,66
2025-09-27T18:47:26.214Z,60.3,21.1,1.91,50.4,0,60.1,0,0,0,0,0,0,0,0,66
2025-09-27T18:47:27.213Z,60.3,21.1,1.91,49.6,0,60.1,0,0,0,0,0,0,0,0,66
2025-09-27T18:47:28.225Z,60.3,21.1,1.911,49.6,0,60.1,0,0,0,0,0,0,0,0,66
2025-09-27T18:47:29.213Z,60.3,21.1,1.91,50.4,0,60.1,0,0,0,0,0,0,0,0,66
2025-09-27T18:47:30.224Z,60.2,21.1,1.911,49.6,0,60.1,0,0,0,0,0,0,0,0,66
2025-09-27T18:47:31.221Z,60.2,21.1,1.91,49.6,0,60.1,0,0,0,0,0,0,0,0,66
2025-09-27T18:47:32.222Z,60.2,21.1,1.91,50.4,0,60.1,0,0,0,0,0,0,0,0,66
2025-09-27T18:47:33.221Z,60.2,21.1,1.91,50.4,0,60.1,0,0,0,0,0,0,0,0,66
2025-09-27T18:47:34.220Z,60.2,21.1,1.91,49.6,0,60.1,0,0,0,0,0,0,0,0,66
2025-09-27T18:47:35.226Z,60.2,21.1,1.91,50.4,0,60.1,0,0,0,0,0,0,0,0,66
2025-09-27T18:47:36.223Z,60.2,21.1,1.91,49.6,0,60.1,0,0,0,0,0,0,0,0,66
2025-09-27T18:47:37.227Z,60.2,21.1,1.91,49.6,0,60.1,0,0,0,0,0,0,0,0,66
2025-09-27T18:47:38.225Z,60.2,21.1,1.91,50.4,0,60.1,0,0,0,0,0,0,0,0,66
2025-09-27T18:47:39.226Z,60.2,21.1,1.91,50.4,0,60.1,0,0,0,0,0,0,0,0,66
2025-09-27T18:47:40.226Z,60.2,21.1,1.91,49.6,0,60.1,0,0,0,0,0,0,0,0,66
2025-09-27T18:47:41.229Z,60.2,21.1,1.91,50.4,0,60.1,0,0,0,0,0,0,0,0,66
2025-09-27T18:47:42.230Z,60.2,21.1,1.91,49.6,0,60.1,0,0,0,0,0,0,0,0,66
2025-09-27T18:47:43.229Z,60.2,21.1,1.91,50.4,0,60.1,0,0,0,0,0,0,0,0,66
2025-09-27T18:47:44.231Z,60.2,21.1,1.91,50.4,0,60.1,0,0,0,0,0,0,0,0,66
2025-09-27T18:47:45.232Z,60.2,21.1,1.91,49.6,0,60.1,0,0,0,0,0,0,0,0,66
2025-09-27T18:47:46.237Z,60.2,21.1,1.911,50.4,0,60.1,0,0,0,0,0,0,0,0,66
2025-09-27T18:47:47.237Z,60.2,21.1,1.911,50.4,0,60.1,0,0,0,0,0,0,0,0,66
2025-09-27T18:47:48.237Z,60.2,21.1,1.91,49.6,0,60.1,0,0,0,0,0,0,0,0,66
2025-09-27T18:47:49.235Z,60.2,21.1,1.91,50.4,0,60.1,0,0,0,0,0,0,0,0,66
2025-09-27T18:47:50.239Z,60.2,21.1,1.911,49.6,0,60.1,0,0,0,0,0,0,0,0,66
2025-09-27T18:47:51.234Z,60.2,21.1,1.91,50.4,0,60.1,0,0,0,0,0,0,0,0,66
2025-09-27T18:47:52.237Z,60.2,21.1,1.911,50.4,0,60.1,0,0,0,0,0,0,0,0,66
2025-09-27T18:47:53.240Z,60.2,21.1,1.911,49.6,0,60.1,0,0,0,0,0,0,0,0,66
2025-09-27T18:47:54.236Z,60.1,21.1,1.91,50.4,0,60.1,0,0,0,0,0,0,0,0,66
2025-09-27T18:47:55.236Z,60.1,21.1,1.91,49.6,0,60.1,0,0,0,0,0,0,0,0,66
2025-09-27T18:47:56.241Z,60.1,21.1,1.911,50.4,0,60.1,0,0,0,0,0,0,0,0,66
2025-09-27T18:47:57.241Z,60.1,21.1,1.911,49.6,0,60.1,0,0,0,0,0,0,0,0,66
2025-09-27T18:47:58.241Z,60.1,21.1,1.911,50.4,0,60.1,0,0,0,0,0,0,0,0,66
2025-09-27T18:47:59.244Z,60.1,21.1,1.911,49.6,0,60.1,0,0,0,0,0,0,0,0,66
2025-09-27T18:48:00.246Z,60.1,21.1,1.911,50.4,0,60.1,0,0,0,0,0,0,0,0,66
2025-09-27T18:48:01.249Z,60.1,21.1,1.911,49.6,0,60.1,0,0,0,0,0,0,0,0,66
2025-09-27T18:48:02.247Z,60.1,21.1,1.911,50.4,0,60.1,0,0,0,0,0,0,0,0,66
2025-09-27T18:48:03.247Z,60.1,21.1,1.911,49.6,0,60.1,0,0,0,0,0,0,0,0,66
2025-09-27T18:48:04.248Z,60.1,21.1,1.912,49.6,0,60.1,0,0,0,0,0,0,0,0,66
2025-09-27T18:48:05.250Z,60.1,21.1,1.911,50.4,0,60.1,0,0,0,0,0,0,0,0,66
2025-09-27T18:48:06.249Z,60.1,21.1,1.911,49.6,0,60.1,0,0,0,0,0,0,0,0,66
2025-09-27T18:48:07.253Z,60.1,21.1,1.911,50.4,0,60.1,0,0,0,0,0,0,0,0,66
2025-09-27T18:48:08.260Z,60.1,21.1,1.911,49.6,0,60.1,0,0,0,0,0,0,0,0,66
2025-09-27T18:48:09.251Z,60.1,21.1,1.911,50.4,0,60.1,0,0,0,0,0,0,0,0,66
2025-09-27T18:48:10.259Z,60.1,21.1,1.911,49.6,0,60.1,0,0,0,0,0,0,0,0,66
2025-09-27T18:48:11.256Z,60.1,21.1,1.911,49.6,0,60.1,0,0,0,0,0,0,0,0,66
2025-09-27T18:48:12.256Z,60.1,21.1,1.911,50.4,0,60.1,0,0,0,0,0,0,0,0,66
2025-09-27T18:48:13.256Z,60.1,21.1,1.911,49.6,0,60.1,0,0,0,0,0,0,0,0,66
2025-09-27T18:48:14.259Z,60.1,21.1,1.911,49.6,0,60.1,0,0,0,0,0,0,0,0,66
2025-09-27T18:48:15.263Z,60.1,21.1,1.912,50.4,0,60.1,0,0,0,0,0,0,0,0,66
2025-09-27T18:48:16.261Z,60.1,21.1,1.911,49.6,0,60.1,0,0,0,0,0,0,0,0,66
2025-09-27T18:48:17.264Z,60.1,21.1,1.911,49.6,0,60.1,0,0,0,0,0,0,0,0,66
2025-09-27T18:48:18.263Z,60,21.1,1.911,50.4,0,60.1,0,0,0,0,0,0,0,0,66
2025-09-27T18:48:19.260Z,60,21.1,1.912,49.6,0,60.1,0,0,0,0,0,0,0,0,66
2025-09-27T18:48:20.264Z,60,21.1,1.912,50.4,0,60.1,0,0,0,0,0,0,0,0,66
2025-09-27T18:48:21.265Z,60,21.1,1.912,50.4,0,60.1,0,0,0,0,0,0,0,0,66
2025-09-27T18:48:22.264Z,60,21.1,1.912,49.6,0,60.1,0,0,0,0,0,0,0,0,66
2025-09-27T18:48:23.265Z,60,21.1,1.912,50.4,0,60.1,0,0,0,0,0,0,0,0,66
2025-09-27T18:48:24.269Z,60,21.1,1.911,49.6,0,60.1,0,0,0,0,0,0,0,0,66
2025-09-27T18:48:25.263Z,60,21.1,1.912,50.4,0,60.1,0,0,0,0,0,0,0,0,66
2025-09-27T18:48:26.268Z,60,21.1,1.912,49.6,0,60.1,0,0,0,0,0,0,0,0,66
2025-09-27T18:48:27.268Z,60,21.1,1.912,49.6,0,60.1,0,0,0,0,0,0,0,0,66
2025-09-27T18:48:28.266Z,60,21.1,1.912,50.4,0,60.1,0,0,0,0,0,0,0,0,66
2025-09-27T18:48:29.271Z,60,21.1,1.912,49.6,0,60.1,0,0,0,0,0,0,0,0,66
2025-09-27T18:48:30.273Z,60,21.1,1.912,50.4,0,60.1,0,0,0,0,0,0,0,0,66
2025-09-27T18:48:31.272Z,60,21.1,1.912,49.6,0,60.1,0,0,0,0,0,0,0,0,66
2025-09-27T18:48:32.279Z,60,21.1,1.911,49.6,0,60.1,0,0,0,0,0,0,0,0,66
2025-09-27T18:48:33.274Z,60,21.1,1.912,50.4,0,60.1,0,0,0,0,0,0,0,0,66
2025-09-27T18:48:34.276Z,60,21.1,1.912,50.4,0,60.1,0,0,0,0,0,0,0,0,66
2025-09-27T18:48:35.276Z,60,21.1,1.912,49.6,0,60.1,0,0,0,0,0,0,0,0,66
2025-09-27T18:48:36.278Z,60,21.1,1.912,50.4,0,60.1,0,0,0,0,0,0,0,0,66
2025-09-27T18:48:37.281Z,60,21.1,1.912,49.6,0,60.1,0,0,0,0,0,0,0,0,66
2025-09-27T18:48:38.279Z,60,21.1,1.912,50.4,0,60.1,0,0,0,0,0,0,0,0,66
2025-09-27T18:48:39.279Z,60,21.1,1.912,49.6,0,60.1,0,0,0,0,0,0,0,0,66
2025-09-27T18:48:40.281Z,60,21.1,1.912,49.6,0,60.1,0,0,0,0,0,0,0,0,66
2025-09-27T18:48:41.281Z,60,21.1,1.912,50.4,0,60.1,0,0,0,0,0,0,0,0,66
2025-09-27T18:48:42.282Z,60,21.1,1.912,49.6,0,60.1,0,0,0,0,0,0,0,0,66
2025-09-27T18:48:43.287Z,60,21.1,1.912,50.4,0,60.1,0,0,0,0,0,0,0,0,66
2025-09-27T18:48:44.283Z,60,21.1,1.912,49.6,0,60.1,0,0,0,0,0,0,0,0,66
2025-09-27T18:48:45.288Z,59.9,21.1,1.912,50.4,0,60.1,0,0,0,0,0,0,0,0,66
2025-09-27T18:48:46.288Z,59.9,21.1,1.912,49.6,0,60.1,0,0,0,0,0,0,0,0,66
2025-09-27T18:48:47.289Z,59.9,21.1,1.912,49.6,0,60.1,0,0,0,0,0,0,0,0,66
2025-09-27T18:48:48.292Z,59.9,21.1,1.912,50.4,0,60.1,0,0,0,0,0,0,0,0,66
2025-09-27T18:48:49.288Z,59.9,21.1,1.912,49.6,0,60.1,0,0,0,0,0,0,0,0,66
2025-09-27T18:48:50.293Z,59.9,21.1,1.912,50.4,0,60.1,0,0,0,0,0,0,0,0,66
2025-09-27T18:48:51.289Z,59.9,21.1,1.912,50.4,0,60.1,0,0,0,0,0,0,0,0,66
2025-09-27T18:48:52.292Z,59.9,21.1,1.912,49.6,0,60.1,0,0,0,0,0,0,0,0,66
2025-09-27T18:48:53.298Z,59.9,21.1,1.912,50.4,0,60.1,0,0,0,0,0,0,0,0,66
2025-09-27T18:48:54.290Z,59.9,21.1,1.912,49.6,0,60.1,0,0,0,0,0,0,0,0,66
2025-09-27T18:48:55.299Z,59.9,21.1,1.912,50.4,0,60.1,0,0,0,0,0,0,0,0,66
2025-09-27T18:48:56.298Z,59.9,21.1,1.912,49.6,0,60.1,0,0,0,0,0,0,0,0,66
2025-09-27T18:48:57.300Z,59.9,21.1,1.912,50.4,0,60.1,0,0,0,0,0,0,0,0,66
2025-09-27T18:48:58.297Z,59.9,21.1,1.912,50.4,0,60.1,0,0,0,0,0,0,0,0,66
2025-09-27T18:48:59.298Z,59.9,21.1,1.912,49.6,0,60.1,0,0,0,0,0,0,0,0,66
2025-09-27T18:49:00.301Z,59.9,21.1,1.912,50.4,0,60.1,0,0,0,0,0,0,0,0,66
2025-09-27T18:49:01.303Z,59.9,21.1,1.912,49.6,0,60.1,0,0,0,0,0,0,0,0,66
2025-09-27T18:49:02.310Z,59.9,21.1,1.912,50.4,0,60.2,0,0,0,0,0,0,0,0,66
2025-09-27T18:49:03.301Z,59.9,21.1,1.912,49.6,0,60.1,0,0,0,0,0,0,0,0,66
2025-09-27T18:49:04.304Z,59.9,21.1,1.912,50.4,0,60.1,0,0,0,0,0,0,0,0,66
2025-09-27T18:49:05.302Z,59.9,21.1,1.912,49.6,0,60.1,0,0,0,0,0,0,0,0,66
2025-09-27T18:49:06.301Z,59.9,21.1,1.912,50.4,0,60.1,0,0,0,0,0,0,0,0,66
2025-09-27T18:49:07.306Z,59.9,21.1,1.912,49.6,0,60.2,0,0,0,0,0,0,0,0,66
2025-09-27T18:49:08.306Z,59.9,21.1,1.912,49.6,0,60.2,0,0,0,0,0,0,0,0,66
2025-09-27T18:49:09.308Z,59.9,21.1,1.912,49.6,0,60.1,0,0,0,0,0,0,0,0,66
2025-09-27T18:49:10.309Z,59.9,21.1,1.912,50.4,0,60.1,0,0,0,0,0,0,0,0,66
2025-09-27T18:49:11.309Z,59.8,21.1,1.912,49.6,0,60.1,0,0,0,0,0,0,0,0,66
2025-09-27T18:49:12.308Z,59.8,21.1,1.912,49.6,0,60.1,0,0,0,0,0,0,0,0,66
2025-09-27T18:49:13.314Z,59.8,21.1,1.912,50.4,0,60.2,0,0,0,0,0,0,0,0,66
2025-09-27T18:49:14.314Z,59.8,21.1,1.912,49.6,0,60.2,0,0,0,0,0,0,0,0,66
2025-09-27T18:49:15.309Z,59.8,21.1,1.912,50.4,0,60.1,0,0,0,0,0,0,0,0,66
2025-09-27T18:49:16.315Z,59.8,21.1,1.912,49.6,0,60.1,0,0,0,0,0,0,0,0,66
2025-09-27T18:49:17.317Z,59.8,21.1,1.912,50.4,0,60.2,0,0,0,0,0,0,0,0,66
2025-09-27T18:49:18.324Z,59.8,21.1,1.912,50.4,0,60.1,0,0,0,0,0,0,0,0,66
2025-09-27T18:49:19.318Z,59.8,21.1,1.912,49.6,0,60.2,0,0,0,0,0,0,0,0,66
2025-09-27T18:49:20.324Z,59.8,21.1,1.912,50.4,0,60.2,0,0,0,0,0,0,0,0,66
2025-09-27T18:49:21.315Z,59.8,21.1,1.912,49.6,0,60.2,0,0,0,0,0,0,0,0,66
2025-09-27T18:49:22.318Z,59.8,21.1,1.912,50.4,0,60.2,0,0,0,0,0,0,0,0,66
2025-09-27T18:49:23.329Z,59.8,21.1,1.912,49.6,0,60.2,0,0,0,0,0,0,0,0,66
2025-09-27T18:49:24.320Z,59.8,21.1,1.912,50.4,0,60.1,0,0,0,0,0,0,0,0,66
2025-09-27T18:49:25.322Z,59.8,21.1,1.912,49.6,0,60.2,0,0,0,0,0,0,0,0,66
2025-09-27T18:49:26.323Z,59.8,21.1,1.912,50.4,0,60.2,0,0,0,0,0,0,0,0,66
2025-09-27T18:49:27.322Z,59.8,21.1,1.912,49.6,0,60.2,0,0,0,0,0,0,0,0,66
2025-09-27T18:49:28.328Z,59.8,21.1,1.912,50.4,0,60.2,0,0,0,0,0,0,0,0,66
2025-09-27T18:49:29.328Z,59.8,21.1,1.912,49.6,0,60.2,0,0,0,0,0,0,0,0,66
2025-09-27T18:49:30.329Z,59.8,21.1,1.912,50.4,0,60.2,0,0,0,0,0,0,0,0,66
2025-09-27T18:49:31.339Z,59.8,21.1,1.912,49.6,0,60.2,0,0,0,0,0,0,0,0,66
2025-09-27T18:49:32.328Z,59.8,21.1,1.912,50.4,0,60.2,0,0,0,0,0,0,0,0,66
2025-09-27T18:49:33.330Z,59.8,21.1,1.912,49.6,0,60.2,0,0,0,0,0,0,0,0,66
2025-09-27T18:49:34.330Z,59.8,21.1,1.912,49.6,0,60.2,0,0,0,0,0,0,0,0,66
2025-09-27T18:49:35.335Z,59.8,21.1,1.912,50.4,0,60.2,0,0,0,0,0,0,0,0,66
2025-09-27T18:49:36.336Z,59.8,21.1,1.912,49.6,0,60.2,0,0,0,0,0,0,0,0,66
2025-09-27T18:49:37.331Z,59.7,21.1,1.912,50.4,0,60.1,0,0,0,0,0,0,0,0,66
2025-09-27T18:49:38.334Z,59.8,21.1,1.912,49.6,0,60.2,0,0,0,0,0,0,0,0,66
2025-09-27T18:49:39.338Z,59.7,21.1,1.912,50.4,0,60.2,0,0,0,0,0,0,0,0,66
2025-09-27T18:49:40.336Z,59.7,21.1,1.912,49.6,0,60.2,0,0,0,0,0,0,0,0,66
2025-09-27T18:49:41.334Z,59.7,21.1,1.912,49.6,0,60.2,0,0,0,0,0,0,0,0,66
2025-09-27T18:49:42.344Z,59.7,21.1,1.912,49.6,0,60.2,0,0,0,0,0,0,0,0,66
2025-09-27T18:49:43.344Z,59.7,21.1,1.912,49.6,0,60.1,0,0,0,0,0,0,0,0,66
2025-09-27T18:49:44.350Z,59.7,21.1,1.912,50.4,0,60.2,0,0,0,0,0,0,0,0,66
2025-09-27T18:49:45.344Z,59.7,21.1,1.913,50.4,0,60.2,0,0,0,0,0,0,0,0,66
2025-09-27T18:49:46.344Z,59.7,21.1,1.912,49.6,0,60.2,0,0,0,0,0,0,0,0,66
2025-09-27T18:49:47.343Z,59.7,21.1,1.913,50.4,0,60.2,0,0,0,0,0,0,0,0,66
2025-09-27T18:49:48.345Z,59.7,21.1,1.913,49.6,0,60.2,0,0,0,0,0,0,0,0,66
2025-09-27T18:49:49.347Z,59.7,21.1,1.913,50.4,0,60.2,0,0,0,0,0,0,0,0,66
2025-09-27T18:49:50.350Z,59.7,21.1,1.913,49.6,0,60.2,0,0,0,0,0,0,0,0,66
2025-09-27T18:49:51.350Z,59.7,21.1,1.912,50.4,0,60.2,0,0,0,0,0,0,0,0,66
2025-09-27T18:49:52.345Z,59.7,21.1,1.913,49.6,0,60.2,0,0,0,0,0,0,0,0,66
2025-09-27T18:49:53.348Z,59.7,21.1,1.913,49.6,0,60.2,0,0,0,0,0,0,0,0,66
2025-09-27T18:49:54.350Z,59.7,21.1,1.913,50.4,0,60.2,0,0,0,0,0,0,0,0,66
2025-09-27T18:49:55.356Z,59.7,21.1,1.912,49.6,0,60.2,0,0,0,0,0,0,0,0,66
2025-09-27T18:49:56.353Z,59.7,21.1,1.912,49.6,0,60.2,0,0,0,0,0,0,0,0,66
2025-09-27T18:49:57.353Z,59.7,21.1,1.913,50.4,0,60.2,0,0,0,0,0,0,0,0,66
2025-09-27T18:49:58.353Z,59.7,21.1,1.913,49.6,0,60.2,0,0,0,0,0,0,0,0,66
2025-09-27T18:49:59.360Z,59.7,21.1,1.913,50.4,0,60.2,0,0,0,0,0,0,0,0,66
2025-09-27T18:50:00.354Z,59.7,21.1,1.913,50.4,0,60.2,0,0,0,0,0,0,0,0,66
2025-09-27T18:50:01.356Z,59.7,21.1,1.913,49.6,0,60.2,0,0,0,0,0,0,0,0,66
2025-09-27T18:50:02.355Z,59.7,21.1,1.913,50.4,0,60.2,0,0,0,0,0,0,0,0,66
2025-09-27T18:50:03.357Z,59.7,21.1,1.913,49.6,0,60.2,0,0,0,0,0,0,0,0,66
2025-09-27T18:50:04.360Z,59.7,21.1,1.913,50.4,0,60.2,0,0,0,0,0,0,0,0,66
2025-09-27T18:50:05.360Z,59.7,21.1,1.912,49.6,0,60.2,0,0,0,0,0,0,0,0,66
2025-09-27T18:50:06.362Z,59.7,21.1,1.913,50.4,0,60.2,0,0,0,0,0,0,0,0,66
2025-09-27T18:50:07.362Z,59.7,21.1,1.913,49.6,0,60.2,0,0,0,0,0,0,0,0,66
2025-09-27T18:50:08.368Z,59.6,21.1,1.912,50.4,0,60.2,0,0,0,0,0,0,0,0,66
2025-09-27T18:50:09.362Z,59.6,21.1,1.913,49.6,0,60.2,0,0,0,0,0,0,0,0,66
2025-09-27T18:50:10.366Z,59.6,21.1,1.913,49.6,0,60.2,0,0,0,0,0,0,0,0,66
2025-09-27T18:50:11.366Z,59.6,21.1,1.913,50.4,0,60.2,0,0,0,0,0,0,0,0,66
2025-09-27T18:50:12.367Z,59.6,21.1,1.912,49.6,0,60.2,0,0,0,0,0,0,0,0,66
2025-09-27T18:50:13.369Z,59.6,21.1,1.912,49.6,0,60.2,0,0,0,0,0,0,0,0,66
2025-09-27T18:50:14.369Z,59.6,21.1,1.913,50.4,0,60.2,0,0,0,0,0,0,0,0,66
2025-09-27T18:50:15.371Z,59.6,21.1,1.913,49.6,0,60.2,0,0,0,0,0,0,0,0,66
2025-09-27T18:50:16.373Z,59.6,21.1,1.913,49.6,0,60.2,0,0,0,0,0,0,0,0,66
2025-09-27T18:50:17.372Z,59.6,21.1,1.913,50.4,0,60.2,0,0,0,0,0,0,0,0,66
2025-09-27T18:50:18.372Z,59.6,21.1,1.913,49.6,0,60.2,0,0,0,0,0,0,0,0,66
2025-09-27T18:50:19.374Z,59.6,21.1,1.913,49.6,0,60.2,0,0,0,0,0,0,0,0,66
2025-09-27T18:50:20.377Z,59.6,21.1,1.913,50.4,0,60.2,0,0,0,0,0,0,0,0,66
2025-09-27T18:50:21.373Z,59.6,21.1,1.913,49.6,0,60.2,0,0,0,0,0,0,0,0,66
2025-09-27T18:50:22.373Z,59.6,21.1,1.913,50.4,0,60.2,0,0,0,0,0,0,0,0,66
2025-09-27T18:50:23.373Z,59.6,21.1,1.913,50.4,0,60.2,0,0,0,0,0,0,0,0,66
2025-09-27T18:50:24.376Z,59.6,21.1,1.912,49.6,0,60.2,0,0,0,0,0,0,0,0,66
2025-09-27T18:50:25.375Z,59.6,21.1,1.913,50.4,0,60.2,0,0,0,0,0,0,0,0,66
2025-09-27T18:50:26.378Z,59.6,21.1,1.913,49.6,0,60.2,0,0,0,0,0,0,0,0,66
2025-09-27T18:50:27.377Z,59.6,21.1,1.913,50.4,0,60.2,0,0,0,0,0,0,0,0,66
2025-09-27T18:50:28.379Z,59.6,21.1,1.913,50.4,0,60.2,0,0,0,0,0,0,0,0,66
2025-09-27T18:50:29.382Z,59.6,21.1,1.913,49.6,0,60.2,0,0,0,0,0,0,0,0,66
2025-09-27T18:50:30.384Z,59.6,21.1,1.914,50.4,0,60.2,0,0,0,0,0,0,0,0,66
2025-09-27T18:50:31.381Z,59.6,21.1,1.913,49.6,0,60.2,0,0,0,0,0,0,0,0,66
2025-09-27T18:50:32.384Z,59.6,21.1,1.913,50.4,0,60.2,0,0,0,0,0,0,0,0,66
2025-09-27T18:50:33.385Z,59.6,21.1,1.914,49.6,0,60.2,0,0,0,0,0,0,0,0,66
2025-09-27T18:50:34.386Z,59.6,21.1,1.913,49.6,0,60.2,0,0,0,0,0,0,0,0,66
2025-09-27T18:50:35.394Z,59.6,21.1,1.914,50.4,0,60.2,0,0,0,0,0,0,0,0,66
2025-09-27T18:50:36.388Z,59.6,21.1,1.914,49.6,0,60.2,0,0,0,0,0,0,0,0,66
2025-09-27T18:50:37.387Z,59.6,21.1,1.913,50.4,0,60.2,0,0,0,0,0,0,0,0,66
2025-09-27T18:50:38.389Z,59.6,21.1,1.914,49.6,0,60.2,0,0,0,0,0,0,0,0,66
2025-09-27T18:50:39.388Z,59.6,21.1,1.914,49.6,0,60.2,0,0,0,0,0,0,0,0,66
2025-09-27T18:50:40.400Z,59.6,21.1,1.914,50.4,0,60.2,0,0,0,0,0,0,0,0,66
2025-09-27T18:50:41.392Z,59.6,21.1,1.914,49.6,0,60.2,0,0,0,0,0,0,0,0,66
2025-09-27T18:50:42.397Z,59.6,21.1,1.914,49.6,0,60.2,0,0,0,0,0,0,0,0,66
2025-09-27T18:50:43.396Z,59.6,21.1,1.914,50.4,0,60.2,0,0,0,0,0,0,0,0,66
2025-09-27T18:50:44.406Z,59.6,21.1,1.913,49.6,0,60.2,0,0,0,0,0,0,0,0,66
2025-09-27T18:50:45.394Z,59.5,21.1,1.914,50.4,0,60.2,0,0,0,0,0,0,0,0,66
2025-09-27T18:50:46.393Z,59.5,21.1,1.914,49.6,0,60.2,0,0,0,0,0,0,0,0,66
2025-09-27T18:50:47.397Z,59.5,21.1,1.914,49.6,0,60.2,0,0,0,0,0,0,0,0,66
2025-09-27T18:50:48.397Z,59.5,21.1,1.914,50.4,0,60.1,0,0,0,0,0,0,0,0,66
2025-09-27T18:50:49.408Z,59.5,21.1,1.913,49.6,0,60.2,0,0,0,0,0,0,0,0,66
2025-09-27T18:50:50.404Z,59.5,21.1,1.914,49.6,0,60.2,0,0,0,0,0,0,0,0,66
2025-09-27T18:50:51.403Z,59.5,21.1,1.913,50.4,0,60.2,0,0,0,0,0,0,0,0,66
2025-09-27T18:50:52.402Z,59.5,21.1,1.914,50.4,0,60.2,0,0,0,0,0,0,0,0,66
2025-09-27T18:50:53.405Z,59.5,21.1,1.914,49.6,0,60.2,0,0,0,0,0,0,0,0,66
2025-09-27T18:50:54.406Z,59.5,21.1,1.913,50.4,0,60.2,0,0,0,0,0,0,0,0,66
2025-09-27T18:50:55.405Z,59.5,21.1,1.913,49.6,0,60.2,0,0,0,0,0,0,0,0,66
2025-09-27T18:50:56.402Z,59.5,21.1,1.914,49.6,0,60.2,0,0,0,0,0,0,0,0,66
2025-09-27T18:50:57.408Z,59.5,21.1,1.913,50.4,0,60.2,0,0,0,0,0,0,0,0,66
2025-09-27T18:50:58.409Z,59.5,21.1,1.913,50.4,0,60.2,0,0,0,0,0,0,0,0,66
2025-09-27T18:50:59.409Z,59.5,21.1,1.913,49.6,0,60.1,0,0,0,0,0,0,0,0,66
2025-09-27T18:51:00.410Z,59.5,21.1,1.913,50.4,0,60.2,0,0,0,0,0,0,0,0,66
2025-09-27T18:51:01.408Z,59.5,21.1,1.914,49.6,0,60.2,0,0,0,0,0,0,0,0,66
2025-09-27T18:51:02.409Z,59.5,21.1,1.913,49.6,0,60.2,0,0,0,0,0,0,0,0,66
2025-09-27T18:51:03.412Z,59.5,21.1,1.913,50.4,0,60.2,0,0,0,0,0,0,0,0,66
2025-09-27T18:51:04.413Z,59.5,21.1,1.913,49.6,0,60.2,0,0,0,0,0,0,0,0,66
2025-09-27T18:51:05.419Z,59.5,21.1,1.913,49.6,0,60.1,0,0,0,0,0,0,0,0,66
2025-09-27T18:51:06.416Z,59.5,21.1,1.913,50.4,0,60.1,0,0,0,0,0,0,0,0,66
2025-09-27T18:51:07.419Z,59.5,21.1,1.913,50.4,0,60.2,0,0,0,0,0,0,0,0,66
2025-09-27T18:51:08.416Z,59.5,21.1,1.913,49.6,0,60.2,0,0,0,0,0,0,0,0,66
2025-09-27T18:51:09.416Z,59.5,21.1,1.913,50.4,0,60.2,0,0,0,0,0,0,0,0,66
2025-09-27T18:51:10.420Z,59.5,21.1,1.913,50.4,0,60.2,0,0,0,0,0,0,0,0,66
2025-09-27T18:51:11.420Z,59.5,21.1,1.913,49.6,0,60.2,0,0,0,0,0,0,0,0,66
2025-09-27T18:51:12.423Z,59.5,21.1,1.913,50.4,0,60.1,0,0,0,0,0,0,0,0,66
2025-09-27T18:51:13.427Z,59.5,21.1,1.913,49.6,0,60.1,0,0,0,0,0,0,0,0,66
2025-09-27T18:51:14.426Z,59.5,21.1,1.913,50.4,0,60.1,0,0,0,0,0,0,0,0,66
2025-09-27T18:51:15.423Z,59.5,21.1,1.913,49.6,0,60.1,0,0,0,0,0,0,0,0,66
2025-09-27T18:51:16.432Z,59.5,21.1,1.914,50.4,0,60.2,0,0,0,0,0,0,0,0,66
2025-09-27T18:51:17.429Z,59.5,21.1,1.913,49.6,0,60.1,0,0,0,0,0,0,0,0,66
2025-09-27T18:51:18.429Z,59.5,21.1,1.913,50.4,0,60.2,0,0,0,0,0,0,0,0,66
2025-09-27T18:51:19.430Z,59.5,21.1,1.913,50.4,0,60.1,0,0,0,0,0,0,0,0,66
2025-09-27T18:51:20.434Z,59.5,21.1,1.914,49.6,0,60.1,0,0,0,0,0,0,0,0,66
2025-09-27T18:51:21.428Z,59.5,21.1,1.913,50.4,0,60.1,0,0,0,0,0,0,0,0,66
2025-09-27T18:51:22.429Z,59.5,21.1,1.913,49.6,0,60.1,0,0,0,0,0,0,0,0,66
2025-09-27T18:51:23.431Z,59.5,21.1,1.913,50.4,0,60.1,0,0,0,0,0,0,0,0,66
2025-09-27T18:51:24.439Z,59.5,21.1,1.914,49.6,0,60.1,0,0,0,0,0,0,0,0,66
2025-09-27T18:51:25.432Z,59.5,21.1,1.914,50.4,0,60.1,0,0,0,0,0,0,0,0,66
2025-09-27T18:51:26.437Z,59.5,21.1,1.914,49.6,0,60.1,0,0,0,0,0,0,0,0,66
2025-09-27T18:51:27.440Z,59.5,21.1,1.914,49.6,0,60.1,0,0,0,0,0,0,0,0,66
2025-09-27T18:51:28.435Z,59.5,21.1,1.913,49.6,0,60.1,0,0,0,0,0,0,0,0,66
2025-09-27T18:51:29.444Z,59.5,21.1,1.914,50.4,0,60.1,0,0,0,0,0,0,0,0,66
2025-09-27T18:51:30.438Z,59.5,21.1,1.914,49.6,0,60.1,0,0,0,0,0,0,0,0,66
2025-09-27T18:51:31.442Z,59.5,21.1,1.914,49.6,0,60.1,0,0,0,0,0,0,0,0,66
2025-09-27T18:51:32.442Z,59.5,21.1,1.914,50.4,0,60.1,0,0,0,0,0,0,0,0,66
2025-09-27T18:51:33.440Z,59.5,21.1,1.914,49.6,0,60.1,0,0,0,0,0,0,0,0,66
2025-09-27T18:51:34.443Z,59.5,21.1,1.914,50.4,0,60.1,0,0,0,0,0,0,0,0,66
2025-09-27T18:51:35.442Z,59.5,21.1,1.914,49.6,0,60.1,0,0,0,0,0,0,0,0,66
2025-09-27T18:51:36.444Z,59.5,21.1,1.914,49.6,0,60.1,0,0,0,0,0,0,0,0,66
2025-09-27T18:51:37.446Z,59.5,21.1,1.914,50.4,0,60.1,0,0,0,0,0,0,0,0,66
2025-09-27T18:51:38.449Z,59.5,21.1,1.914,49.6,0,60.1,0,0,0,0,0,0,0,0,66
2025-09-27T18:51:39.446Z,59.5,21.1,1.914,49.6,0,60.1,0,0,0,0,0,0,0,0,66
2025-09-27T18:51:40.449Z,59.5,21.1,1.914,50.4,0,60.1,0,0,0,0,0,0,0,0,66
2025-09-27T18:51:41.450Z,59.5,21.1,1.914,49.6,0,60.1,0,0,0,0,0,0,0,0,66
2025-09-27T18:51:42.455Z,59.5,21.1,1.914,49.6,0,60.1,0,0,0,0,0,0,0,0,66
2025-09-27T18:51:43.451Z,59.5,21.1,1.914,50.4,0,60.1,0,0,0,0,0,0,0,0,66
2025-09-27T18:51:44.456Z,59.5,21.1,1.914,49.6,0,60.1,0,0,0,0,0,0,0,0,66
2025-09-27T18:51:45.451Z,59.5,21.1,1.914,49.6,0,60.1,0,0,0,0,0,0,0,0,66
2025-09-27T18:51:46.459Z,59.5,21.1,1.914,50.4,0,60.1,0,0,0,0,0,0,0,0,66
2025-09-27T18:51:47.458Z,59.5,21.1,1.914,50.4,0,60.1,0,0,0,0,0,0,0,0,66
2025-09-27T18:51:48.457Z,59.5,21.1,1.914,49.6,0,60.1,0,0,0,0,0,0,0,0,66
2025-09-27T18:51:49.459Z,59.5,21.1,1.914,50.4,0,60.1,0,0,0,0,0,0,0,0,66
2025-09-27T18:51:50.457Z,59.5,21.1,1.914,49.6,0,60.1,0,0,0,0,0,0,0,0,66
2025-09-27T18:51:51.458Z,59.5,21.1,1.914,49.6,0,60.1,0,0,0,0,0,0,0,0,66
2025-09-27T18:51:52.460Z,59.5,21.1,1.914,50.4,0,60.1,0,0,0,0,0,0,0,0,66
2025-09-27T18:51:53.461Z,59.5,21.1,1.914,50.4,0,60.1,0,0,0,0,0,0,0,0,66
2025-09-27T18:51:54.460Z,59.5,21.1,1.914,49.6,0,60.1,0,0,0,0,0,0,0,0,66
2025-09-27T18:51:55.460Z,59.5,21.1,1.914,50.4,0,60.1,0,0,0,0,0,0,0,0,66
2025-09-27T18:51:56.459Z,59.5,21.1,1.914,50.4,0,60.1,0,0,0,0,0,0,0,0,66
2025-09-27T18:51:57.463Z,59.5,21.1,1.914,49.6,0,60.1,0,0,0,0,0,0,0,0,66
2025-09-27T18:51:58.466Z,59.5,21.1,1.914,50.4,0,60.1,0,0,0,0,0,0,0,0,66
2025-09-27T18:51:59.465Z,59.5,21.1,1.914,49.6,0,60.1,0,0,0,0,0,0,0,0,66
2025-09-27T18:52:00.461Z,59.5,21.1,1.914,50.4,0,60.1,0,0,0,0,0,0,0,0,66
2025-09-27T18:52:01.461Z,59.5,21.1,1.914,49.6,0,60.1,0,0,0,0,0,0,0,0,66
2025-09-27T18:52:02.463Z,59.5,21.1,1.914,49.6,0,60.1,0,0,0,0,0,0,0,0,66
2025-09-27T18:52:03.468Z,59.5,21.1,1.914,50.4,0,60.1,0,0,0,0,0,0,0,0,66
2025-09-27T18:52:04.464Z,59.5,21.1,1.914,49.6,0,60.1,0,0,0,0,0,0,0,0,66
2025-09-27T18:52:05.469Z,59.5,21.1,1.914,49.6,0,60.1,0,0,0,0,0,0,0,0,66
2025-09-27T18:52:06.468Z,59.5,21.1,1.914,50.4,0,60.1,0,0,0,0,0,0,0,0,66
2025-09-27T18:52:07.472Z,59.5,21.1,1.915,50.4,0,60.1,0,0,0,0,0,0,0,0,66
2025-09-27T18:52:08.469Z,59.5,21.1,1.914,49.6,0,60.1,0,0,0,0,0,0,0,0,66
2025-09-27T18:52:09.471Z,59.5,21.1,1.914,50.4,0,60.1,0,0,0,0,0,0,0,0,66
2025-09-27T18:52:10.472Z,59.5,21.1,1.914,49.6,0,60.1,0,0,0,0,0,0,0,0,66
2025-09-27T18:52:11.475Z,59.5,21.1,1.914,50.4,0,60.1,0,0,0,0,0,0,0,0,66
2025-09-27T18:52:12.477Z,59.5,21.1,1.913,49.6,0,60.1,0,0,0,0,0,0,0,0,66
2025-09-27T18:52:13.473Z,59.5,21.1,1.914,49.6,0,60.1,0,0,0,0,0,0,0,0,66
2025-09-27T18:52:14.476Z,59.5,21.1,1.913,50.4,0,60.1,0,0,0,0,0,0,0,0,66
2025-09-27T18:52:15.476Z,59.5,21.1,1.913,49.6,0,60.1,0,0,0,0,0,0,0,0,66
2025-09-27T18:52:16.480Z,59.5,21.1,1.913,50.4,0,60.1,0,0,0,0,0,0,0,0,66
2025-09-27T18:52:17.476Z,59.5,21.1,1.914,50.4,0,60.1,0,0,0,0,0,0,0,0,66
2025-09-27T18:52:18.480Z,59.5,21.1,1.913,49.6,0,60.1,0,0,0,0,0,0,0,0,66
2025-09-27T18:52:19.479Z,59.5,21.1,1.913,50.4,0,60.1,0,0,0,0,0,0,0,0,66
2025-09-27T18:52:20.478Z,59.5,21.1,1.914,49.6,0,60.1,0,0,0,0,0,0,0,0,66
2025-09-27T18:52:21.477Z,59.5,21.1,1.913,50.4,0,60.1,0,0,0,0,0,0,0,0,66
2025-09-27T18:52:22.481Z,59.5,21.1,1.914,49.6,0,60.1,0,0,0,0,0,0,0,0,66
2025-09-27T18:52:23.479Z,59.5,21.1,1.913,49.6,0,60.1,0,0,0,0,0,0,0,0,66
2025-09-27T18:52:24.484Z,59.5,21.1,1.913,50.4,0,60.1,0,0,0,0,0,0,0,0,66
2025-09-27T18:52:25.484Z,59.5,21.1,1.913,49.6,0,60.1,0,0,0,0,0,0,0,0,66
2025-09-27T18:52:26.486Z,59.5,21.1,1.913,50.4,0,60.1,0,0,0,0,0,0,0,0,66
2025-09-27T18:52:27.487Z,59.5,21.1,1.913,49.6,0,60.1,0,0,0,0,0,0,0,0,66
2025-09-27T18:52:28.488Z,59.5,21.1,1.913,49.6,0,60.1,0,0,0,0,0,0,0,0,66
2025-09-27T18:52:29.482Z,59.5,21.1,1.913,50.4,0,60.1,0,0,0,0,0,0,0,0,66
2025-09-27T18:52:30.486Z,59.5,21.1,1.913,49.6,0,60.1,0,0,0,0,0,0,0,0,66
2025-09-27T18:52:31.490Z,59.5,21.1,1.913,50.4,0,60.1,0,0,0,0,0,0,0,0,66
2025-09-27T18:52:32.487Z,59.5,21.1,1.913,50.4,0,60.1,0,0,0,0,0,0,0,0,66
2025-09-27T18:52:33.490Z,59.5,21.1,1.913,49.6,0,60.1,0,0,0,0,0,0,0,0,66
2025-09-27T18:52:34.490Z,59.5,21.1,1.913,50.4,0,60.1,0,0,0,0,0,0,0,0,66
2025-09-27T18:52:35.492Z,59.5,21.1,1.913,49.6,0,60.1,0,0,0,0,0,0,0,0,66
2025-09-27T18:52:36.495Z,59.5,21.1,1.913,50.4,0,60.1,0,0,0,0,0,0,0,0,66
2025-09-27T18:52:37.494Z,59.5,21.1,1.913,49.6,0,60.1,0,0,0,0,0,0,0,0,66
2025-09-27T18:52:38.493Z,59.5,21.1,1.913,49.6,0,60.1,0,0,0,0,0,0,0,0,66
2025-09-27T18:52:39.501Z,59.5,21.1,1.914,50.4,0,60.1,0,0,0,0,0,0,0,0,66
2025-09-27T18:52:40.496Z,59.5,21.1,1.913,49.6,0,60.1,0,0,0,0,0,0,0,0,66
2025-09-27T18:52:41.501Z,59.5,21.1,1.914,49.6,0,60.1,0,0,0,0,0,0,0,0,66
2025-09-27T18:52:42.497Z,59.5,21.1,1.913,50.4,0,60.1,0,0,0,0,0,0,0,0,66
2025-09-27T18:52:43.503Z,59.5,21.1,1.914,49.6,0,60,0,0,0,0,0,0,0,0,66
2025-09-27T18:52:44.500Z,59.5,21.1,1.913,49.6,0,60.1,0,0,0,0,0,0,0,0,66
2025-09-27T18:52:45.505Z,59.5,21.1,1.914,50.4,0,60.1,0,0,0,0,0,0,0,0,66
2025-09-27T18:52:46.500Z,59.5,21.1,1.913,49.6,0,60.1,0,0,0,0,0,0,0,0,66
2025-09-27T18:52:47.508Z,59.5,21.1,1.914,49.6,0,60.1,0,0,0,0,0,0,0,0,66
2025-09-27T18:52:48.507Z,59.5,21.1,1.914,50.4,0,60.1,0,0,0,0,0,0,0,0,66
2025-09-27T18:52:49.509Z,59.5,21.1,1.914,50.4,0,60,0,0,0,0,0,0,0,0,66
2025-09-27T18:52:50.508Z,59.5,21.1,1.914,49.6,0,60.1,0,0,0,0,0,0,0,0,66
2025-09-27T18:52:51.509Z,59.5,21.1,1.914,50.4,0,60,0,0,0,0,0,0,0,0,66
2025-09-27T18:52:52.505Z,59.5,21.1,1.914,50.4,0,60,0,0,0,0,0,0,0,0,66
2025-09-27T18:52:53.503Z,59.5,21.1,1.913,49.6,0,60.1,0,0,0,0,0,0,0,0,66
2025-09-27T18:52:54.505Z,59.5,21.1,1.913,49.6,0,60.1,0,0,0,0,0,0,0,0,66
2025-09-27T18:52:55.508Z,59.5,21.1,1.914,49.6,0,60,0,0,0,0,0,0,0,0,66
2025-09-27T18:52:56.508Z,59.5,21.1,1.914,50.4,0,60.1,0,0,0,0,0,0,0,0,66
2025-09-27T18:52:57.513Z,59.5,21.1,1.914,50.4,0,60,0,0,0,0,0,0,0,0,66
2025-09-27T18:52:58.513Z,59.5,21.1,1.914,49.6,0,60,0,0,0,0,0,0,0,0,66
2025-09-27T18:52:59.511Z,59.6,21.1,1.914,50.4,0,60,0,0,0,0,0,0,0,0,66
2025-09-27T18:53:00.513Z,59.5,21.1,1.914,49.6,0,60.1,0,0,0,0,0,0,0,0,66
2025-09-27T18:53:01.513Z,59.6,21.1,1.914,49.6,0,60.1,0,0,0,0,0,0,0,0,66
2025-09-27T18:53:02.517Z,59.6,21.1,1.914,50.4,0,60.1,0,0,0,0,0,0,0,0,66
2025-09-27T18:53:03.521Z,59.6,21.1,1.914,49.6,0,60.1,0,0,0,0,0,0,0,0,66
2025-09-27T18:53:04.517Z,59.6,21.1,1.914,50.4,0,60,0,0,0,0,0,0,0,0,66
2025-09-27T18:53:05.519Z,59.6,21.1,1.914,50.4,0,60,0,0,0,0,0,0,0,0,66
2025-09-27T18:53:06.519Z,59.6,21.1,1.914,49.6,0,60,0,0,0,0,0,0,0,0,66
2025-09-27T18:53:07.517Z,59.6,21.1,1.914,50.4,0,60,0,0,0,0,0,0,0,0,66
2025-09-27T18:53:08.518Z,59.6,21.1,1.914,49.6,0,60.1,0,0,0,0,0,0,0,0,66
2025-09-27T18:53:09.519Z,59.6,21.1,1.914,50.4,0,60,0,0,0,0,0,0,0,0,66
2025-09-27T18:53:10.527Z,59.6,21.1,1.913,49.6,0,60,0,0,0,0,0,0,0,0,66
2025-09-27T18:53:11.523Z,59.6,21.1,1.914,50.4,0,60,0,0,0,0,0,0,0,0,66
2025-09-27T18:53:12.523Z,59.6,21.1,1.914,50.4,0,60,0,0,0,0,0,0,0,0,66
2025-09-27T18:53:13.525Z,59.6,21.1,1.914,49.6,0,60,0,0,0,0,0,0,0,0,66
2025-09-27T18:53:14.530Z,59.6,21.1,1.913,50.4,0,60,0,0,0,0,0,0,0,0,66
2025-09-27T18:53:15.527Z,59.6,21.1,1.914,49.6,0,60,0,0,0,0,0,0,0,0,66
2025-09-27T18:53:16.528Z,59.6,21.1,1.914,50.4,0,60,0,0,0,0,0,0,0,0,66
2025-09-27T18:53:17.529Z,59.6,21.1,1.914,49.6,0,60,0,0,0,0,0,0,0,0,66
2025-09-27T18:53:18.529Z,59.6,21.1,1.914,49.6,0,60,0,0,0,0,0,0,0,0,66
2025-09-27T18:53:19.538Z,59.6,21.1,1.913,49.6,0,60,0,0,0,0,0,0,0,0,66
2025-09-27T18:53:20.533Z,59.6,21.1,1.913,49.6,0,60,0,0,0,0,0,0,0,0,66
2025-09-27T18:53:21.531Z,59.6,21.1,1.914,50.4,0,60,0,0,0,0,0,0,0,0,66
2025-09-27T18:53:22.525Z,59.6,21.1,1.914,50.4,0,60,0,0,0,0,0,0,0,0,66
2025-09-27T18:53:23.536Z,59.6,21.1,1.913,49.6,0,60,0,0,0,0,0,0,0,0,66
2025-09-27T18:53:24.537Z,59.6,21.1,1.913,50.4,0,60,0,0,0,0,0,0,0,0,66
2025-09-27T18:53:25.538Z,59.6,21.1,1.913,49.6,0,60,0,0,0,0,0,0,0,0,66
2025-09-27T18:53:26.531Z,59.6,21.1,1.914,50.4,0,60,0,0,0,0,0,0,0,0,66
2025-09-27T18:53:27.534Z,59.6,21.1,1.914,49.6,0,60,0,0,0,0,0,0,0,0,66
2025-09-27T18:53:28.536Z,59.6,21.1,1.914,50.4,0,60,0,0,0,0,0,0,0,0,66
2025-09-27T18:53:29.533Z,59.6,21.1,1.914,49.6,0,60,0,0,0,0,0,0,0,0,66
2025-09-27T18:53:30.537Z,59.6,21.1,1.912,49.6,0,60,0,0,0,0,0,0,0,0,66
2025-09-27T18:53:31.534Z,59.6,21.1,1.914,50.4,0,60,0,0,0,0,0,0,0,0,66
2025-09-27T18:53:32.540Z,59.6,21.1,1.913,49.6,0,60,0,0,0,0,0,0,0,0,66
2025-09-27T18:53:33.541Z,59.7,21.1,1.912,49.6,0,60,0,0,0,0,0,0,0,0,66
2025-09-27T18:53:34.539Z,59.7,21.1,1.914,50.4,0,60,0,0,0,0,0,0,0,0,66
2025-09-27T18:53:35.540Z,59.7,21.1,1.914,49.6,0,60,0,0,0,0,0,0,0,0,66
2025-09-27T18:53:36.544Z,59.7,21.1,1.912,50.4,0,60,0,0,0,0,0,0,0,0,66
2025-09-27T18:53:37.545Z,59.7,21.1,1.912,50.4,0,60,0,0,0,0,0,0,0,0,66
2025-09-27T18:53:38.542Z,59.7,21.1,1.914,49.6,0,60,0,0,0,0,0,0,0,0,66
2025-09-27T18:53:39.547Z,59.7,21.1,1.913,50.4,0,60,0,0,0,0,0,0,0,0,66
2025-09-27T18:53:40.550Z,59.7,21.1,1.913,49.6,0,60,0,0,0,0,0,0,0,0,66
2025-09-27T18:53:41.548Z,59.7,21.1,1.912,50.4,0,60,0,0,0,0,0,0,0,0,66
2025-09-27T18:53:42.547Z,59.7,21.1,1.912,50.4,0,60,0,0,0,0,0,0,0,0,66
2025-09-27T18:53:43.547Z,59.7,21.1,1.912,49.6,0,60,0,0,0,0,0,0,0,0,66
2025-09-27T18:53:44.552Z,59.7,21.1,1.912,49.6,0,60,0,0,0,0,0,0,0,0,66
2025-09-27T18:53:45.549Z,59.7,21.1,1.912,49.6,0,60,0,0,0,0,0,0,0,0,66
2025-09-27T18:53:46.554Z,59.7,21.1,1.912,50.4,0,60,0,0,0,0,0,0,0,0,66
2025-09-27T18:53:47.551Z,59.7,21.1,1.912,50.4,0,60,0,0,0,0,0,0,0,0,66
2025-09-27T18:53:48.558Z,59.7,21.1,1.912,49.6,0,60,0,0,0,0,0,0,0,0,66
2025-09-27T18:53:49.554Z,59.7,21.1,1.912,50.4,0,60,0,0,0,0,0,0,0,0,66
2025-09-27T18:53:50.561Z,59.7,21.1,1.912,49.6,0,60,0,0,0,0,0,0,0,0,66
2025-09-27T18:53:51.554Z,59.7,21.1,1.912,50.4,0,60,0,0,0,0,0,0,0,0,66
2025-09-27T18:53:52.555Z,59.7,21.1,1.912,49.6,0,60,0,0,0,0,0,0,0,0,66
2025-09-27T18:53:53.557Z,59.7,21.1,1.912,49.6,0,60,0,0,0,0,0,0,0,0,66
2025-09-27T18:53:54.557Z,59.8,21.1,1.912,50.4,0,60,0,0,0,0,0,0,0,0,66
2025-09-27T18:53:55.557Z,59.8,21.1,1.912,49.6,0,60,0,0,0,0,0,0,0,0,66
2025-09-27T18:53:56.558Z,59.8,21.1,1.912,50.4,0,60,0,0,0,0,0,0,0,0,66
2025-09-27T18:53:57.564Z,59.8,21.1,1.912,50.4,0,60,0,0,0,0,0,0,0,0,66
2025-09-27T18:53:58.560Z,59.8,21.1,1.912,49.6,0,60,0,0,0,0,0,0,0,0,66
2025-09-27T18:53:59.567Z,59.8,21.1,1.912,49.6,0,60,0,0,0,0,0,0,0,0,66
2025-09-27T18:54:00.568Z,59.8,21.1,1.913,49.6,0,60,0,0,0,0,0,0,0,0,66
2025-09-27T18:54:01.569Z,59.8,21.1,1.913,50.4,0,60,0,0,0,0,0,0,0,0,66
2025-09-27T18:54:02.572Z,59.8,21.1,1.912,50.4,0,60,0,0,0,0,0,0,0,0,66
2025-09-27T18:54:03.567Z,59.8,21.1,1.912,49.6,0,60,0,0,0,0,0,0,0,0,66
2025-09-27T18:54:04.571Z,59.8,21.1,1.912,50.4,0,60,0,0,0,0,0,0,0,0,66
2025-09-27T18:54:05.571Z,59.8,21.1,1.912,49.6,0,60,0,0,0,0,0,0,0,0,66
2025-09-27T18:54:06.570Z,59.8,21.1,1.912,50.4,0,60,0,0,0,0,0,0,0,0,66
2025-09-27T18:54:07.568Z,59.8,21.1,1.912,49.6,0,60,0,0,0,0,0,0,0,0,66
2025-09-27T18:54:08.570Z,59.8,21.1,1.912,50.4,0,60,0,0,0,0,0,0,0,0,66
2025-09-27T18:54:09.572Z,59.8,21.1,1.912,49.6,0,60,0,0,0,0,0,0,0,0,66
2025-09-27T18:54:10.579Z,59.8,21.1,1.912,49.6,0,60,0,0,0,0,0,0,0,0,66
2025-09-27T18:54:11.573Z,59.8,21.1,1.912,50.4,0,60,0,0,0,0,0,0,0,0,66
2025-09-27T18:54:12.572Z,59.8,21.1,1.912,49.6,0,60,0,0,0,0,0,0,0,0,66
2025-09-27T18:54:13.579Z,59.8,21.1,1.912,50.4,0,60,0,0,0,0,0,0,0,0,66
2025-09-27T18:54:14.582Z,59.9,21.1,1.912,49.6,0,60,0,0,0,0,0,0,0,0,66
2025-09-27T18:54:15.578Z,59.9,21.1,1.912,50.4,0,60,0,0,0,0,0,0,0,0,66
2025-09-27T18:54:16.576Z,59.9,21.1,1.912,49.6,0,60,0,0,0,0,0,0,0,0,66
2025-09-27T18:54:17.579Z,59.9,21.1,1.912,50.4,0,60,0,0,0,0,0,0,0,0,66
2025-09-27T18:54:18.579Z,59.9,21.1,1.912,49.6,0,60,0,0,0,0,0,0,0,0,66
2025-09-27T18:54:19.585Z,59.9,21.1,1.912,50.4,0,60,0,0,0,0,0,0,0,0,66
2025-09-27T18:54:20.581Z,59.9,21.1,1.912,49.6,0,60,0,0,0,0,0,0,0,0,66
2025-09-27T18:54:21.587Z,59.9,21.1,1.912,50.4,0,60,0,0,0,0,0,0,0,0,66
2025-09-27T18:54:22.581Z,59.9,21.1,1.912,50.4,0,60,0,0,0,0,0,0,0,0,66
2025-09-27T18:54:23.584Z,59.9,21.1,1.912,49.6,0,60,0,0,0,0,0,0,0,0,66
2025-09-27T18:54:24.584Z,59.9,21.1,1.912,50.4,0,60,0,0,0,0,0,0,0,0,66
2025-09-27T18:54:25.587Z,59.9,21.1,1.912,49.6,0,60,0,0,0,0,0,0,0,0,66
2025-09-27T18:54:26.587Z,59.9,21.1,1.912,50.4,0,60,0,0,0,0,0,0,0,0,66
2025-09-27T18:54:27.585Z,59.9,21.1,1.912,49.6,0,60,0,0,0,0,0,0,0,0,66
2025-09-27T18:54:28.585Z,59.9,21.1,1.912,50.4,0,60,0,0,0,0,0,0,0,0,66
2025-09-27T18:54:29.594Z,59.9,21.1,1.912,49.6,0,60,0,0,0,0,0,0,0,0,66
2025-09-27T18:54:30.592Z,59.9,21.1,1.912,50.4,0,60,0,0,0,0,0,0,0,0,66
2025-09-27T18:54:31.595Z,59.9,21.1,1.912,49.6,0,60,0,0,0,0,0,0,0,0,66
2025-09-27T18:54:32.596Z,59.9,21.1,1.912,50.4,0,60,0,0,0,0,0,0,0,0,66
2025-09-27T18:54:33.594Z,59.9,21.1,1.912,49.6,0,60,0,0,0,0,0,0,0,0,66
2025-09-27T18:54:34.593Z,59.9,21.1,1.912,50.4,0,60,0,0,0,0,0,0,0,0,66
2025-09-27T18:54:35.593Z,60,21.1,1.912,49.6,0,60,0,0,0,0,0,0,0,0,66
2025-09-27T18:54:36.594Z,60,21.1,1.912,50.4,0,60,0,0,0,0,0,0,0,0,66
2025-09-27T18:54:37.600Z,60,21.1,1.912,49.6,0,60,0,0,0,0,0,0,0,0,66
2025-09-27T18:54:38.599Z,60,21.1,1.911,50.4,0,60,0,0,0,0,0,0,0,0,66
2025-09-27T18:54:39.598Z,60,21.1,1.911,49.6,0,60,0,0,0,0,0,0,0,0,66
2025-09-27T18:54:40.593Z,60,21.1,1.912,50.4,0,60,0,0,0,0,0,0,0,0,66
2025-09-27T18:54:41.600Z,60,21.1,1.911,49.6,0,60,0,0,0,0,0,0,0,0,66
2025-09-27T18:54:42.602Z,60,21.1,1.912,49.6,0,60,0,0,0,0,0,0,0,0,66
2025-09-27T18:54:43.602Z,60,21.1,1.911,49.6,0,60,0,0,0,0,0,0,0,0,66
2025-09-27T18:54:44.605Z,60,21.1,1.911,50.4,0,60,0,0,0,0,0,0,0,0,66
2025-09-27T18:54:45.603Z,60,21.1,1.911,49.6,0,60,0,0,0,0,0,0,0,0,66
2025-09-27T18:54:46.603Z,60,21.1,1.911,50.4,0,60,0,0,0,0,0,0,0,0,66
2025-09-27T18:54:47.610Z,60,21.1,1.911,49.6,0,60,0,0,0,0,0,0,0,0,66
2025-09-27T18:54:48.608Z,60,21.1,1.911,50.4,0,60,0,0,0,0,0,0,0,0,66
2025-09-27T18:54:49.610Z,60,21.1,1.911,49.6,0,60,0,0,0,0,0,0,0,0,66
2025-09-27T18:54:50.616Z,60,21.1,1.912,50.4,0,60,0,0,0,0,0,0,0,0,66
2025-09-27T18:54:51.605Z,60,21.1,1.911,49.6,0,60,0,0,0,0,0,0,0,0,66
2025-09-27T18:54:52.609Z,60.1,21.1,1.911,50.4,0,60,0,0,0,0,0,0,0,0,66
2025-09-27T18:54:53.607Z,60.1,21.1,1.911,49.6,0,60,0,0,0,0,0,0,0,0,66
2025-09-27T18:54:54.610Z,60.1,21.1,1.911,50.4,0,60,0,0,0,0,0,0,0,0,66
2025-09-27T18:54:55.610Z,60.1,21.1,1.91,49.6,0,60,0,0,0,0,0,0,0,0,66
2025-09-27T18:54:56.611Z,60.1,21.1,1.911,50.4,0,60,0,0,0,0,0,0,0,0,66
2025-09-27T18:54:57.613Z,60.1,21.1,1.911,49.6,0,60,0,0,0,0,0,0,0,0,66
2025-09-27T18:54:58.610Z,60.1,21.1,1.91,50.4,0,60,0,0,0,0,0,0,0,0,66
2025-09-27T18:54:59.613Z,60.1,21.1,1.911,49.6,0,60,0,0,0,0,0,0,0,0,66
2025-09-27T18:55:00.613Z,60.1,21.1,1.911,50.4,0,60,0,0,0,0,0,0,0,0,66
2025-09-27T18:55:01.616Z,60.1,21.1,1.911,49.6,0,60,0,0,0,0,0,0,0,0,66
2025-09-27T18:55:02.616Z,60.1,21.1,1.911,50.4,0,60,0,0,0,0,0,0,0,0,66
2025-09-27T18:55:03.618Z,60.1,21.1,1.911,49.6,0,60,0,0,0,0,0,0,0,0,66
2025-09-27T18:55:04.620Z,60.1,21.1,1.911,50.4,0,60,0,0,0,0,0,0,0,0,66
2025-09-27T18:55:05.618Z,60.1,21.1,1.911,49.6,0,60,0,0,0,0,0,0,0,0,66
2025-09-27T18:55:06.623Z,60.1,21.1,1.911,50.4,0,60,0,0,0,0,0,0,0,0,66
2025-09-27T18:55:07.625Z,60.1,21.1,1.911,49.6,0,60,0,0,0,0,0,0,0,0,66
2025-09-27T18:55:08.621Z,60.1,21.1,1.911,50.4,0,60,0,0,0,0,0,0,0,0,66
2025-09-27T18:55:09.622Z,60.2,21.1,1.911,49.6,0,60,0,0,0,0,0,0,0,0,66
2025-09-27T18:55:10.623Z,60.2,21.1,1.911,50.4,0,60,0,0,0,0,0,0,0,0,66
2025-09-27T18:55:11.625Z,60.2,21.1,1.911,49.6,0,60,0,0,0,0,0,0,0,0,66
2025-09-27T18:55:12.623Z,60.2,21.1,1.911,50.4,0,60,0,0,0,0,0,0,0,0,66
2025-09-27T18:55:13.631Z,60.2,21.1,1.911,49.6,0,60,0,0,0,0,0,0,0,0,66
2025-09-27T18:55:14.627Z,60.2,21.1,1.911,50.4,0,60,0,0,0,0,0,0,0,0,66
2025-09-27T18:55:15.632Z,60.2,21.1,1.911,49.6,0,60,0,0,0,0,0,0,0,0,66
2025-09-27T18:55:16.628Z,60.2,21.1,1.911,50.4,0,60,0,0,0,0,0,0,0,0,66
2025-09-27T18:55:17.639Z,60.2,21.1,1.91,49.6,0,60,0,0,0,0,0,0,0,0,66
2025-09-27T18:55:18.632Z,60.2,21.1,1.911,50.4,0,60,0,0,0,0,0,0,0,0,66
2025-09-27T18:55:19.633Z,60.2,21.1,1.911,49.6,0,60,0,0,0,0,0,0,0,0,66
2025-09-27T18:55:20.633Z,60.2,21.1,1.911,49.6,0,60,0,0,0,0,0,0,0,0,66
2025-09-27T18:55:21.634Z,60.2,21.1,1.911,49.6,0,60,0,0,0,0,0,0,0,0,66
2025-09-27T18:55:22.637Z,60.2,21.1,1.91,50.4,0,60,0,0,0,0,0,0,0,0,66
2025-09-27T18:55:23.637Z,60.2,21.1,1.91,49.6,0,60,0,0,0,0,0,0,0,0,66
2025-09-27T18:55:24.638Z,60.2,21.1,1.91,50.4,0,60,0,0,0,0,0,0,0,0,66
2025-09-27T18:55:25.641Z,60.2,21.1,1.91,49.6,0,60,0,0,0,0,0,0,0,0,66
2025-09-27T18:55:26.639Z,60.2,21.1,1.91,49.6,0,60,0,0,0,0,0,0,0,0,66
2025-09-27T18:55:27.639Z,60.2,21.1,1.91,50.4,0,60,0,0,0,0,0,0,0,0,66
2025-09-27T18:55:28.643Z,60.3,21.1,1.91,49.6,0,59.9,0,0,0,0,0,0,0,0,66
2025-09-27T18:55:29.643Z,60.3,21.1,1.91,50.4,0,60,0,0,0,0,0,0,0,0,66
2025-09-27T18:55:30.644Z,60.3,21.1,1.91,49.6,0,60,0,0,0,0,0,0,0,0,66
2025-09-27T18:55:31.648Z,60.3,21.1,1.91,49.6,0,59.9,0,0,0,0,0,0,0,0,66
2025-09-27T18:55:32.642Z,60.3,21.1,1.91,49.6,0,59.9,0,0,0,0,0,0,0,0,66
2025-09-27T18:55:33.646Z,60.3,21.1,1.91,49.6,0,59.9,0,0,0,0,0,0,0,0,66
2025-09-27T18:55:34.648Z,60.3,21.1,1.91,50.4,0,59.9,0,0,0,0,0,0,0,0,66
2025-09-27T18:55:35.647Z,60.3,21.1,1.91,49.6,0,59.9,0,0,0,0,0,0,0,0,66
2025-09-27T18:55:36.653Z,60.3,21.1,1.91,49.6,0,59.9,0,0,0,0,0,0,0,0,66
2025-09-27T18:55:37.647Z,60.3,21.1,1.91,50.4,0,59.9,0,0,0,0,0,0,0,0,66
2025-09-27T18:55:38.649Z,60.3,21.1,1.91,49.6,0,59.9,0,0,0,0,0,0,0,0,66
2025-09-27T18:55:39.654Z,60.3,21.1,1.91,49.6,0,59.9,0,0,0,0,0,0,0,0,66
2025-09-27T18:55:40.654Z,60.3,21.1,1.909,50.4,0,59.9,0,0,0,0,0,0,0,0,66
2025-09-27T18:55:41.656Z,60.3,21.1,1.909,49.6,0,59.9,0,0,0,0,0,0,0,0,66
2025-09-27T18:55:42.656Z,60.3,21.1,1.909,49.6,0,59.9,0,0,0,0,0,0,0,0,66
2025-09-27T18:55:43.659Z,60.4,21.1,1.909,50.4,0,59.9,0,0,0,0,0,0,0,0,66
2025-09-27T18:55:44.658Z,60.4,21.1,1.909,50.4,0,59.9,0,0,0,0,0,0,0,0,66
2025-09-27T18:55:45.663Z,60.4,21.1,1.91,49.6,0,59.9,0,0,0,0,0,0,0,0,66
2025-09-27T18:55:46.665Z,60.4,21.1,1.91,50.4,0,59.9,0,0,0,0,0,0,0,0,66
2025-09-27T18:55:47.660Z,60.4,21.1,1.909,49.6,0,59.9,0,0,0,0,0,0,0,0,66
2025-09-27T18:55:48.662Z,60.4,21.1,1.91,50.4,0,59.9,0,0,0,0,0,0,0,0,66
2025-09-27T18:55:49.666Z,60.4,21.1,1.91,49.6,0,59.9,0,0,0,0,0,0,0,0,66
2025-09-27T18:55:50.664Z,60.4,21.1,1.91,49.6,0,59.9,0,0,0,0,0,0,0,0,66
2025-09-27T18:55:51.664Z,60.4,21.1,1.91,50.4,0,59.9,0,0,0,0,0,0,0,0,66
2025-09-27T18:55:52.662Z,60.4,21.1,1.91,49.6,0,59.9,0,0,0,0,0,0,0,0,66
2025-09-27T18:55:53.670Z,60.4,21.1,1.91,49.6,0,59.9,0,0,0,0,0,0,0,0,66
2025-09-27T18:55:54.664Z,60.4,21.1,1.909,50.4,0,59.9,0,0,0,0,0,0,0,0,66
2025-09-27T18:55:55.668Z,60.4,21.1,1.909,49.6,0,59.9,0,0,0,0,0,0,0,0,66
2025-09-27T18:55:56.671Z,60.4,21.1,1.909,49.6,0,59.9,0,0,0,0,0,0,0,0,66
2025-09-27T18:55:57.673Z,60.4,21.1,1.909,50.4,0,59.9,0,0,0,0,0,0,0,0,66
2025-09-27T18:55:58.668Z,60.4,21.1,1.909,49.6,0,59.9,0,0,0,0,0,0,0,0,66
2025-09-27T18:55:59.669Z,60.4,21.1,1.909,50.4,0,59.9,0,0,0,0,0,0,0,0,66
2025-09-27T18:56:00.672Z,60.5,21.1,1.909,50.4,0,59.9,0,0,0,0,0,0,0,0,66
2025-09-27T18:56:01.676Z,60.4,21.1,1.909,49.6,0,59.9,0,0,0,0,0,0,0,0,66
2025-09-27T18:56:02.678Z,60.5,21.1,1.909,50.4,0,59.9,0,0,0,0,0,0,0,0,66
2025-09-27T18:56:03.678Z,60.5,21.1,1.909,49.6,0,59.9,0,0,0,0,0,0,0,0,66
2025-09-27T18:56:04.678Z,60.5,21.1,1.909,49.6,0,59.9,0,0,0,0,0,0,0,0,66
2025-09-27T18:56:05.678Z,60.5,21.1,1.909,50.4,0,59.9,0,0,0,0,0,0,0,0,66
2025-09-27T18:56:06.675Z,60.5,21.1,1.909,50.4,0,59.9,0,0,0,0,0,0,0,0,66
2025-09-27T18:56:07.682Z,60.5,21.1,1.909,49.6,0,59.9,0,0,0,0,0,0,0,0,66
2025-09-27T18:56:08.679Z,60.5,21.1,1.909,50.4,0,59.9,0,0,0,0,0,0,0,0,66
2025-09-27T18:56:09.682Z,60.5,21.1,1.909,49.6,0,59.9,0,0,0,0,0,0,0,0,66
2025-09-27T18:56:10.684Z,60.5,21.1,1.909,50.4,0,59.9,0,0,0,0,0,0,0,0,66
2025-09-27T18:56:11.684Z,60.5,21.1,1.909,49.6,0,59.9,0,0,0,0,0,0,0,0,66
2025-09-27T18:56:12.683Z,60.5,21.1,1.909,49.6,0,59.9,0,0,0,0,0,0,0,0,66
2025-09-27T18:56:13.684Z,60.5,21.1,1.909,50.4,0,59.9,0,0,0,0,0,0,0,0,66
2025-09-27T18:56:14.695Z,60.5,21.1,1.909,49.6,0,59.9,0,0,0,0,0,0,0,0,66
2025-09-27T18:56:15.691Z,60.5,21.1,1.909,50.4,0,59.9,0,0,0,0,0,0,0,0,66
2025-09-27T18:56:16.684Z,60.5,21.1,1.909,50.4,0,59.9,0,0,0,0,0,0,0,0,66
2025-09-27T18:56:17.687Z,60.5,21.1,1.909,49.6,0,59.9,0,0,0,0,0,0,0,0,66
2025-09-27T18:56:18.689Z,60.5,21.1,1.909,50.4,0,59.9,0,0,0,0,0,0,0,0,66
2025-09-27T18:56:19.686Z,60.6,21.1,1.909,49.6,0,59.9,0,0,0,0,0,0,0,0,66
2025-09-27T18:56:20.689Z,60.6,21.1,1.909,50.4,0,59.9,0,0,0,0,0,0,0,0,66
2025-09-27T18:56:21.689Z,60.6,21.1,1.909,50.4,0,59.9,0,0,0,0,0,0,0,0,66
2025-09-27T18:56:22.690Z,60.6,21.1,1.909,49.6,0,59.9,0,0,0,0,0,0,0,0,66
2025-09-27T18:56:23.693Z,60.6,21.1,1.909,50.4,0,59.9,0,0,0,0,0,0,0,0,66
2025-09-27T18:56:24.689Z,60.6,21.1,1.909,49.6,0,59.9,0,0,0,0,0,0,0,0,66
2025-09-27T18:56:25.696Z,60.6,21.1,1.909,50.4,0,59.9,0,0,0,0,0,0,0,0,66
2025-09-27T18:56:26.694Z,60.6,21.1,1.909,49.6,0,59.9,0,0,0,0,0,0,0,0,66
2025-09-27T18:56:27.690Z,60.6,21.1,1.909,50.4,0,59.9,0,0,0,0,0,0,0,0,66
2025-09-27T18:56:28.695Z,60.6,21.1,1.909,49.6,0,59.9,0,0,0,0,0,0,0,0,66
2025-09-27T18:56:29.696Z,60.6,21.1,1.909,50.4,0,59.9,0,0,0,0,0,0,0,0,66
2025-09-27T18:56:30.701Z,60.6,21.1,1.909,49.6,0,59.9,0,0,0,0,0,0,0,0,66
2025-09-27T18:56:31.696Z,60.6,21.1,1.909,50.4,0,59.9,0,0,0,0,0,0,0,0,66
2025-09-27T18:56:32.701Z,60.6,21.1,1.909,49.6,0,59.9,0,0,0,0,0,0,0,0,66
2025-09-27T18:56:33.703Z,60.6,21.1,1.909,50.4,0,59.9,0,0,0,0,0,0,0,0,66
2025-09-27T18:56:34.707Z,60.6,21.1,1.909,49.6,0,59.9,0,0,0,0,0,0,0,0,66
2025-09-27T18:56:35.708Z,60.6,21.1,1.909,49.6,0,59.9,0,0,0,0,0,0,0,0,66
2025-09-27T18:56:36.705Z,60.6,21.1,1.909,50.4,0,59.9,0,0,0,0,0,0,0,0,66
2025-09-27T18:56:37.709Z,60.6,21.1,1.909,49.6,0,59.9,0,0,0,0,0,0,0,0,66
2025-09-27T18:56:38.710Z,60.7,21.1,1.909,50.4,0,59.9,0,0,0,0,0,0,0,0,66
2025-09-27T18:56:39.708Z,60.7,21.1,1.908,49.6,0,59.9,0,0,0,0,0,0,0,0,66
2025-09-27T18:56:40.713Z,60.7,21.1,1.909,50.4,0,59.9,0,0,0,0,0,0,0,0,66
2025-09-27T18:56:41.706Z,60.7,21.1,1.909,49.6,0,59.9,0,0,0,0,0,0,0,0,66
2025-09-27T18:56:42.710Z,60.7,21.1,1.908,50.4,0,59.9,0,0,0,0,0,0,0,0,66
2025-09-27T18:56:43.710Z,60.7,21.1,1.908,49.6,0,59.9,0,0,0,0,0,0,0,0,66
2025-09-27T18:56:44.712Z,60.7,21.1,1.908,50.4,0,59.9,0,0,0,0,0,0,0,0,66
2025-09-27T18:56:45.711Z,60.7,21.1,1.908,49.6,0,59.9,0,0,0,0,0,0,0,0,66
2025-09-27T18:56:46.716Z,60.7,21.1,1.909,50.4,0,59.9,0,0,0,0,0,0,0,0,66
2025-09-27T18:56:47.715Z,60.7,21.1,1.909,49.6,0,59.9,0,0,0,0,0,0,0,0,66
2025-09-27T18:56:48.720Z,60.7,21.1,1.909,50.4,0,59.9,0,0,0,0,0,0,0,0,66
2025-09-27T18:56:49.716Z,60.7,21.1,1.909,49.6,0,59.9,0,0,0,0,0,0,0,0,66
2025-09-27T18:56:50.718Z,60.7,21.1,1.907,50.4,0,59.9,0,0,0,0,0,0,0,0,66
2025-09-27T18:56:51.716Z,60.7,21.1,1.909,49.6,0,59.9,0,0,0,0,0,0,0,0,66
2025-09-27T18:56:52.717Z,60.7,21.1,1.909,50.4,0,59.9,0,0,0,0,0,0,0,0,66
2025-09-27T18:56:53.716Z,60.7,21.1,1.907,49.6,0,59.9,0,0,0,0,0,0,0,0,66
2025-09-27T18:56:54.719Z,60.7,21.1,1.909,50.4,0,59.9,0,0,0,0,0,0,0,0,66
2025-09-27T18:56:55.716Z,60.7,21.1,1.906,49.6,0,59.9,0,0,0,0,0,0,0,0,66
2025-09-27T18:56:56.722Z,60.7,21.1,1.909,50.4,0,59.9,0,0,0,0,0,0,0,0,66
2025-09-27T18:56:57.721Z,60.7,21.1,1.907,49.6,0,59.9,0,0,0,0,0,0,0,0,66
2025-09-27T18:56:58.719Z,60.7,21.1,1.907,50.4,0,59.9,0,0,0,0,0,0,0,0,66
2025-09-27T18:56:59.724Z,60.7,21.1,1.907,49.6,0,59.9,0,0,0,0,0,0,0,0,66
2025-09-27T18:57:00.723Z,60.8,21.1,1.907,50.4,0,59.9,0,0,0,0,0,0,0,0,66
2025-09-27T18:57:01.726Z,60.8,21.1,1.909,49.6,0,59.9,0,0,0,0,0,0,0,0,66
2025-09-27T18:57:02.730Z,60.8,21.1,1.907,50.4,0,59.9,0,0,0,0,0,0,0,0,66
2025-09-27T18:57:03.725Z,60.8,21.1,1.907,49.6,0,59.9,0,0,0,0,0,0,0,0,66
2025-09-27T18:57:04.732Z,60.8,21.1,1.907,49.6,0,59.9,0,0,0,0,0,0,0,0,66
2025-09-27T18:57:05.734Z,60.8,21.1,1.906,49.6,0,59.9,0,0,0,0,0,0,0,0,66
2025-09-27T18:57:06.730Z,60.8,21.1,1.907,50.4,0,59.9,0,0,0,0,0,0,0,0,66
2025-09-27T18:57:07.732Z,60.8,21.1,1.907,49.6,0,59.9,0,0,0,0,0,0,0,0,66
2025-09-27T18:57:08.734Z,60.8,21.1,1.908,50.4,0,59.9,0,0,0,0,0,0,0,0,66
2025-09-27T18:57:09.727Z,60.8,21.1,1.907,49.6,0,59.9,0,0,0,0,0,0,0,0,66
2025-09-27T18:57:10.735Z,60.8,21.1,1.907,50.4,0,59.9,0,0,0,0,0,0,0,0,66
2025-09-27T18:57:11.730Z,60.8,21.1,1.907,49.6,0,59.9,0,0,0,0,0,0,0,0,66
2025-09-27T18:57:12.738Z,60.8,21.1,1.906,50.4,0,59.9,0,0,0,0,0,0,0,0,66
2025-09-27T18:57:13.737Z,60.8,21.1,1.906,49.6,0,59.9,0,0,0,0,0,0,0,0,66
2025-09-27T18:57:14.739Z,60.8,21.1,1.906,50.4,0,59.9,0,0,0,0,0,0,0,0,66
2025-09-27T18:57:15.740Z,60.8,21.1,1.906,49.6,0,59.9,0,0,0,0,0,0,0,0,66
2025-09-27T18:57:16.743Z,60.8,21.1,1.906,49.6,0,59.9,0,0,0,0,0,0,0,0,66
2025-09-27T18:57:17.739Z,60.8,21.1,1.906,50.4,0,59.9,0,0,0,0,0,0,0,0,66
2025-09-27T18:57:18.739Z,60.8,21.1,1.906,49.6,0,59.9,0,0,0,0,0,0,0,0,66
2025-09-27T18:57:19.747Z,60.8,21.1,1.906,50.4,0,59.9,0,0,0,0,0,0,0,0,66
2025-09-27T18:57:20.748Z,60.8,21.1,1.906,49.6,0,59.9,0,0,0,0,0,0,0,0,66
2025-09-27T18:57:21.744Z,60.8,21.1,1.906,50.4,0,59.9,0,0,0,0,0,0,0,0,66
2025-09-27T18:57:22.746Z,60.8,21.1,1.906,49.6,0,59.9,0,0,0,0,0,0,0,0,66
2025-09-27T18:57:23.743Z,60.8,21.1,1.906,50.4,0,59.9,0,0,0,0,0,0,0,0,66
2025-09-27T18:57:24.745Z,60.8,21.1,1.906,49.6,0,59.9,0,0,0,0,0,0,0,0,66
2025-09-27T18:57:25.749Z,60.8,21.1,1.906,50.4,0,59.9,0,0,0,0,0,0,0,0,66
2025-09-27T18:57:26.751Z,60.8,21.1,1.906,49.6,0,59.9,0,0,0,0,0,0,0,0,66
2025-09-27T18:57:27.751Z,60.9,21.1,1.906,50.4,0,59.9,0,0,0,0,0,0,0,0,66
2025-09-27T18:57:28.752Z,60.9,21.1,1.907,49.6,0,59.9,0,0,0,0,0,0,0,0,66
2025-09-27T18:57:29.758Z,60.9,21.1,1.907,50.4,0,59.9,0,0,0,0,0,0,0,0,66
2025-09-27T18:57:30.752Z,60.9,21.1,1.906,49.6,0,59.9,0,0,0,0,0,0,0,0,66
2025-09-27T18:57:31.758Z,60.9,21.1,1.907,50.4,0,59.9,0,0,0,0,0,0,0,0,66
2025-09-27T18:57:32.756Z,60.9,21.1,1.907,49.6,0,59.9,0,0,0,0,0,0,0,0,66
2025-09-27T18:57:33.761Z,60.9,21.1,1.907,50.4,0,59.9,0,0,0,0,0,0,0,0,66
2025-09-27T18:57:34.757Z,60.9,21.1,1.907,49.6,0,59.9,0,0,0,0,0,0,0,0,66
2025-09-27T18:57:35.756Z,60.9,21.1,1.907,50.4,0,59.9,0,0,0,0,0,0,0,0,66
2025-09-27T18:57:36.757Z,60.9,21.1,1.907,49.6,0,59.9,0,0,0,0,0,0,0,0,66
2025-09-27T18:57:37.763Z,60.9,21.1,1.907,50.4,0,59.9,0,0,0,0,0,0,0,0,66
2025-09-27T18:57:38.762Z,60.9,21.1,1.907,49.6,0,59.9,0,0,0,0,0,0,0,0,66
2025-09-27T18:57:39.760Z,60.9,21.1,1.907,50.4,0,59.9,0,0,0,0,0,0,0,0,66
2025-09-27T18:57:40.763Z,60.9,21.1,1.907,49.6,0,59.9,0,0,0,0,0,0,0,0,66
2025-09-27T18:57:41.770Z,60.9,21.1,1.907,50.4,0,59.9,0,0,0,0,0,0,0,0,66
2025-09-27T18:57:42.771Z,60.9,21.1,1.906,49.6,0,59.9,0,0,0,0,0,0,0,0,66
2025-09-27T18:57:43.769Z,60.9,21.1,1.907,50.4,0,59.9,0,0,0,0,0,0,0,0,66
2025-09-27T18:57:44.766Z,60.9,21.1,1.907,49.6,0,59.9,0,0,0,0,0,0,0,0,66
2025-09-27T18:57:45.769Z,60.9,21.1,1.907,50.4,0,59.9,0,0,0,0,0,0,0,0,66
2025-09-27T18:57:46.770Z,60.9,21.1,1.907,49.6,0,59.9,0,0,0,0,0,0,0,0,66
2025-09-27T18:57:47.774Z,60.9,21.1,1.906,50.4,0,59.9,0,0,0,0,0,0,0,0,66
2025-09-27T18:57:48.771Z,60.9,21.1,1.907,49.6,0,59.9,0,0,0,0,0,0,0,0,66
2025-09-27T18:57:49.773Z,60.9,21.1,1.907,50.4,0,59.9,0,0,0,0,0,0,0,0,66
2025-09-27T18:57:50.773Z,60.9,21.1,1.907,49.6,0,59.9,0,0,0,0,0,0,0,0,66
2025-09-27T18:57:51.772Z,60.9,21.1,1.907,50.4,0,59.9,0,0,0,0,0,0,0,0,66
2025-09-27T18:57:52.773Z,60.9,21.1,1.907,49.6,0,59.9,0,0,0,0,0,0,0,0,66
2025-09-27T18:57:53.778Z,60.9,21.1,1.906,50.4,0,59.9,0,0,0,0,0,0,0,0,66
2025-09-27T18:57:54.777Z,60.9,21.1,1.906,49.6,0,59.9,0,0,0,0,0,0,0,0,66
2025-09-27T18:57:55.776Z,60.9,21.1,1.906,50.4,0,59.9,0,0,0,0,0,0,0,0,66
2025-09-27T18:57:56.773Z,60.9,21.1,1.907,49.6,0,59.9,0,0,0,0,0,0,0,0,66
2025-09-27T18:57:57.777Z,60.9,21.1,1.906,50.4,0,59.9,0,0,0,0,0,0,0,0,66
2025-09-27T18:57:58.779Z,60.9,21.1,1.906,49.6,0,59.9,0,0,0,0,0,0,0,0,66
2025-09-27T18:57:59.782Z,60.9,21.1,1.906,49.6,0,59.9,0,0,0,0,0,0,0,0,66
2025-09-27T18:58:00.784Z,60.9,21.1,1.906,49.6,0,59.9,0,0,0,0,0,0,0,0,66
2025-09-27T18:58:01.783Z,60.9,21.1,1.906,50.4,0,59.9,0,0,0,0,0,0,0,0,66
2025-09-27T18:58:02.786Z,60.9,21.1,1.906,49.6,0,59.9,0,0,0,0,0,0,0,0,66
2025-09-27T18:58:03.785Z,60.9,21.1,1.906,50.4,0,59.9,0,0,0,0,0,0,0,0,66
2025-09-27T18:58:04.782Z,60.9,21.1,1.906,49.6,0,59.9,0,0,0,0,0,0,0,0,66
2025-09-27T18:58:05.787Z,60.9,21.1,1.906,50.4,0,59.9,0,0,0,0,0,0,0,0,66
2025-09-27T18:58:06.787Z,60.9,21.1,1.906,49.6,0,59.9,0,0,0,0,0,0,0,0,66
2025-09-27T18:58:07.788Z,60.9,21.1,1.906,49.6,0,59.9,0,0,0,0,0,0,0,0,66
2025-09-27T18:58:08.792Z,60.9,21.1,1.907,49.6,0,59.9,0,0,0,0,0,0,0,0,66
2025-09-27T18:58:09.793Z,60.9,21.1,1.906,50.4,0,59.9,0,0,0,0,0,0,0,0,66
2025-09-27T18:58:10.787Z,60.9,21.1,1.906,49.6,0,59.9,0,0,0,0,0,0,0,0,66
2025-09-27T18:58:11.793Z,60.9,21.1,1.907,50.4,0,59.9,0,0,0,0,0,0,0,0,66
2025-09-27T18:58:12.795Z,60.9,21.1,1.907,49.6,0,59.9,0,0,0,0,0,0,0,0,66
2025-09-27T18:58:13.796Z,60.9,21.1,1.907,50.4,0,59.9,0,0,0,0,0,0,0,0,66
2025-09-27T18:58:14.796Z,60.9,21.1,1.907,49.6,0,59.9,0,0,0,0,0,0,0,0,66
2025-09-27T18:58:15.798Z,60.9,21.1,1.907,50.4,0,59.9,0,0,0,0,0,0,0,0,66
2025-09-27T18:58:16.797Z,60.9,21.1,1.907,49.6,0,59.9,0,0,0,0,0,0,0,0,66
2025-09-27T18:58:17.799Z,60.9,21.1,1.907,50.4,0,59.9,0,0,0,0,0,0,0,0,66
2025-09-27T18:58:18.798Z,60.9,21.1,1.907,49.6,0,59.9,0,0,0,0,0,0,0,0,66
2025-09-27T18:58:19.804Z,60.9,21.1,1.907,50.4,0,59.9,0,0,0,0,0,0,0,0,66
2025-09-27T18:58:20.800Z,60.9,21.1,1.907,49.6,0,59.9,0,0,0,0,0,0,0,0,66
2025-09-27T18:58:21.801Z,60.9,21.1,1.907,50.4,0,59.9,0,0,0,0,0,0,0,0,66
2025-09-27T18:58:22.809Z,60.9,21.1,1.906,49.6,0,59.9,0,0,0,0,0,0,0,0,66
2025-09-27T18:58:23.801Z,60.9,21.1,1.907,50.4,0,59.9,0,0,0,0,0,0,0,0,66
2025-09-27T18:58:24.805Z,60.9,21.1,1.907,49.6,0,59.9,0,0,0,0,0,0,0,0,66
2025-09-27T18:58:25.803Z,60.9,21.1,1.907,50.4,0,59.9,0,0,0,0,0,0,0,0,66
2025-09-27T18:58:26.806Z,60.9,21.1,1.907,49.6,0,59.9,0,0,0,0,0,0,0,0,66
2025-09-27T18:58:27.807Z,60.9,21.1,1.907,50.4,0,59.9,0,0,0,0,0,0,0,0,66
2025-09-27T18:58:28.809Z,60.9,21.1,1.907,49.6,0,59.9,0,0,0,0,0,0,0,0,66
2025-09-27T18:58:29.811Z,60.9,21.1,1.907,50.4,0,59.9,0,0,0,0,0,0,0,0,66
2025-09-27T18:58:30.807Z,60.9,21.1,1.907,49.6,0,59.9,0,0,0,0,0,0,0,0,66
2025-09-27T18:58:31.813Z,60.9,21.1,1.906,50.4,0,59.9,0,0,0,0,0,0,0,0,66
2025-09-27T18:58:32.817Z,60.9,21.1,1.906,49.6,0,59.9,0,0,0,0,0,0,0,0,66
2025-09-27T18:58:33.814Z,60.9,21.1,1.907,50.4,0,59.9,0,0,0,0,0,0,0,0,66
2025-09-27T18:58:34.812Z,60.9,21.1,1.907,49.6,0,59.9,0,0,0,0,0,0,0,0,66
2025-09-27T18:58:35.815Z,60.9,21.1,1.906,50.4,0,59.9,0,0,0,0,0,0,0,0,66
2025-09-27T18:58:36.814Z,60.9,21.1,1.906,49.6,0,59.9,0,0,0,0,0,0,0,0,66
2025-09-27T18:58:37.818Z,60.9,21.1,1.906,50.4,0,59.9,0,0,0,0,0,0,0,0,66
2025-09-27T18:58:38.821Z,60.9,21.1,1.906,49.6,0,59.9,0,0,0,0,0,0,0,0,66
2025-09-27T18:58:39.819Z,60.9,21.1,1.906,50.4,0,59.9,0,0,0,0,0,0,0,0,66
2025-09-27T18:58:40.820Z,60.9,21.1,1.906,49.6,0,59.9,0,0,0,0,0,0,0,0,66
2025-09-27T18:58:41.825Z,60.9,21.1,1.906,50.4,0,59.9,0,0,0,0,0,0,0,0,66
2025-09-27T18:58:42.823Z,60.9,21.1,1.906,49.6,0,59.9,0,0,0,0,0,0,0,0,66
2025-09-27T18:58:43.820Z,60.9,21.1,1.906,50.4,0,59.9,0,0,0,0,0,0,0,0,66
2025-09-27T18:58:44.823Z,60.9,21.1,1.906,49.6,0,59.9,0,0,0,0,0,0,0,0,66
2025-09-27T18:58:45.825Z,60.9,21.1,1.906,50.4,0,59.9,0,0,0,0,0,0,0,0,66
2025-09-27T18:58:46.832Z,60.9,21.1,1.906,49.6,0,59.9,0,0,0,0,0,0,0,0,66
2025-09-27T18:58:47.829Z,60.9,21.1,1.906,50.4,0,59.9,0,0,0,0,0,0,0,0,66
2025-09-27T18:58:48.829Z,60.9,21.1,1.906,49.6,0,59.9,0,0,0,0,0,0,0,0,66
2025-09-27T18:58:49.825Z,60.9,21.1,1.906,50.4,0,59.9,0,0,0,0,0,0,0,0,66
2025-09-27T18:58:50.828Z,60.9,21.1,1.906,49.6,0,59.9,0,0,0,0,0,0,0,0,66
2025-09-27T18:58:51.830Z,60.9,21.1,1.906,49.6,0,59.9,0,0,0,0,0,0,0,0,66
2025-09-27T18:58:52.835Z,60.9,21.1,1.907,49.6,0,59.9,0,0,0,0,0,0,0,0,66
2025-09-27T18:58:53.833Z,60.8,21.1,1.906,50.4,0,59.9,0,0,0,0,0,0,0,0,66
2025-09-27T18:58:54.830Z,60.8,21.1,1.906,49.6,0,59.9,0,0,0,0,0,0,0,0,66
2025-09-27T18:58:55.834Z,60.8,21.1,1.907,50.4,0,59.9,0,0,0,0,0,0,0,0,66
2025-09-27T18:58:56.831Z,60.8,21.1,1.906,49.6,0,59.9,0,0,0,0,0,0,0,0,66
2025-09-27T18:58:57.835Z,60.8,21.1,1.907,50.4,0,59.9,0,0,0,0,0,0,0,0,66
2025-09-27T18:58:58.833Z,60.8,21.1,1.906,49.6,0,59.9,0,0,0,0,0,0,0,0,66
2025-09-27T18:58:59.832Z,60.8,21.1,1.906,50.4,0,59.9,0,0,0,0,0,0,0,0,66
2025-09-27T18:59:00.835Z,60.8,21.1,1.906,49.6,0,59.9,0,0,0,0,0,0,0,0,66
2025-09-27T18:59:01.836Z,60.8,21.1,1.907,50.4,0,59.9,0,0,0,0,0,0,0,0,66
2025-09-27T18:59:02.841Z,60.8,21.1,1.907,49.6,0,59.9,0,0,0,0,0,0,0,0,66
2025-09-27T18:59:03.842Z,60.8,21.1,1.907,50.4,0,59.9,0,0,0,0,0,0,0,0,66
2025-09-27T18:59:04.839Z,60.8,21.1,1.907,49.6,0,59.9,0,0,0,0,0,0,0,0,66
2025-09-27T18:59:05.842Z,60.8,21.1,1.907,50.4,0,59.9,0,0,0,0,0,0,0,0,66
2025-09-27T18:59:06.843Z,60.8,21.1,1.907,49.6,0,59.9,0,0,0,0,0,0,0,0,66
2025-09-27T18:59:07.845Z,60.8,21.1,1.907,50.4,0,59.9,0,0,0,0,0,0,0,0,66
2025-09-27T18:59:08.846Z,60.8,21.1,1.907,49.6,0,59.9,0,0,0,0,0,0,0,0,66
2025-09-27T18:59:09.843Z,60.8,21.1,1.907,50.4,0,59.9,0,0,0,0,0,0,0,0,66
2025-09-27T18:59:10.850Z,60.8,21.1,1.907,49.6,0,59.9,0,0,0,0,0,0,0,0,66
2025-09-27T18:59:11.852Z,60.8,21.1,1.907,49.6,0,59.9,0,0,0,0,0,0,0,0,66
2025-09-27T18:59:12.851Z,60.8,21.1,1.907,49.6,0,59.9,0,0,0,0,0,0,0,0,66
2025-09-27T18:59:13.852Z,60.8,21.1,1.907,50.4,0,59.9,0,0,0,0,0,0,0,0,66
2025-09-27T18:59:14.852Z,60.8,21.1,1.907,49.6,0,59.9,0,0,0,0,0,0,0,0,66
2025-09-27T18:59:15.855Z,60.8,21.1,1.907,50.4,0,59.9,0,0,0,0,0,0,0,0,66
2025-09-27T18:59:16.855Z,60.8,21.1,1.909,49.6,0,59.9,0,0,0,0,0,0,0,0,66
2025-09-27T18:59:17.854Z,60.8,21.1,1.907,49.6,0,59.9,0,0,0,0,0,0,0,0,66
2025-09-27T18:59:18.854Z,60.8,21.1,1.909,49.6,0,59.9,0,0,0,0,0,0,0,0,66
2025-09-27T18:59:19.859Z,60.8,21.1,1.908,50.4,0,59.9,0,0,0,0,0,0,0,0,66
2025-09-27T18:59:20.855Z,60.7,21.1,1.907,49.6,0,59.9,0,0,0,0,0,0,0,0,66
2025-09-27T18:59:21.856Z,60.7,21.1,1.907,49.6,0,59.9,0,0,0,0,0,0,0,0,66
2025-09-27T18:59:22.858Z,60.7,21.1,1.906,50.4,0,59.9,0,0,0,0,0,0,0,0,66
2025-09-27T18:59:23.858Z,60.7,21.1,1.908,49.6,0,59.9,0,0,0,0,0,0,0,0,66
2025-09-27T18:59:24.860Z,60.7,21.1,1.908,50.4,0,59.9,0,0,0,0,0,0,0,0,66
2025-09-27T18:59:25.859Z,60.7,21.1,1.908,50.4,0,59.9,0,0,0,0,0,0,0,0,66
2025-09-27T18:59:26.861Z,60.7,21.1,1.908,49.6,0,59.9,0,0,0,0,0,0,0,0,66
2025-09-27T18:59:27.865Z,60.7,21.1,1.908,49.6,0,59.9,0,0,0,0,0,0,0,0,66
2025-09-27T18:59:28.862Z,60.7,21.1,1.908,49.6,0,59.9,0,0,0,0,0,0,0,0,66
2025-09-27T18:59:29.866Z,60.7,21.1,1.908,50.4,0,59.9,0,0,0,0,0,0,0,0,66
2025-09-27T18:59:30.866Z,60.7,21.1,1.908,50.4,0,59.9,0,0,0,0,0,0,0,0,66
2025-09-27T18:59:31.865Z,60.7,21.1,1.908,49.6,0,59.9,0,0,0,0,0,0,0,0,66
2025-09-27T18:59:32.867Z,60.7,21.1,1.908,50.4,0,59.9,0,0,0,0,0,0,0,0,66
2025-09-27T18:59:33.867Z,60.7,21.1,1.908,49.6,0,59.9,0,0,0,0,0,0,0,0,66
2025-09-27T18:59:34.871Z,60.7,21.1,1.908,50.4,0,59.9,0,0,0,0,0,0,0,0,66
2025-09-27T18:59:35.875Z,60.7,21.1,1.908,49.6,0,60,0,0,0,0,0,0,0,0,66
2025-09-27T18:59:36.871Z,60.7,21.1,1.909,50.4,0,59.9,0,0,0,0,0,0,0,0,66
2025-09-27T18:59:37.873Z,60.7,21.1,1.908,49.6,0,59.9,0,0,0,0,0,0,0,0,66
2025-09-27T18:59:38.872Z,60.7,21.1,1.909,49.6,0,59.9,0,0,0,0,0,0,0,0,66
2025-09-27T18:59:39.873Z,60.7,21.1,1.908,50.4,0,59.9,0,0,0,0,0,0,0,0,66
2025-09-27T18:59:40.872Z,60.7,21.1,1.909,49.6,0,59.9,0,0,0,0,0,0,0,0,66
2025-09-27T18:59:41.877Z,60.7,21.1,1.909,50.4,0,60,0,0,0,0,0,0,0,0,66
2025-09-27T18:59:42.879Z,60.7,21.1,1.909,49.6,0,60,0,0,0,0,0,0,0,0,66
2025-09-27T18:59:43.878Z,60.7,21.1,1.909,49.6,0,60,0,0,0,0,0,0,0,0,66
2025-09-27T18:59:44.876Z,60.7,21.1,1.909,50.4,0,60,0,0,0,0,0,0,0,0,66
2025-09-27T18:59:45.880Z,60.7,21.1,1.909,49.6,0,60,0,0,0,0,0,0,0,0,66
2025-09-27T18:59:46.880Z,60.7,21.1,1.909,49.6,0,59.9,0,0,0,0,0,0,0,0,66
2025-09-27T18:59:47.884Z,60.6,21.1,1.909,50.4,0,59.9,0,0,0,0,0,0,0,0,66
2025-09-27T18:59:48.887Z,60.6,21.1,1.909,49.6,0,60,0,0,0,0,0,0,0,0,66
2025-09-27T18:59:49.885Z,60.6,21.1,1.909,49.6,0,60,0,0,0,0,0,0,0,0,66
2025-09-27T18:59:50.882Z,60.6,21.1,1.909,50.4,0,60,0,0,0,0,0,0,0,0,66
2025-09-27T18:59:51.885Z,60.6,21.1,1.909,49.6,0,60,0,0,0,0,0,0,0,0,66
2025-09-27T18:59:52.885Z,60.6,21.1,1.909,49.6,0,59.9,0,0,0,0,0,0,0,0,66
2025-09-27T18:59:53.886Z,60.6,21.1,1.909,50.4,0,60,0,0,0,0,0,0,0,0,66
2025-09-27T18:59:54.889Z,60.6,21.1,1.909,49.6,0,60,0,0,0,0,0,0,0,0,66
2025-09-27T18:59:55.886Z,60.6,21.1,1.909,50.4,0,60,0,0,0,0,0,0,0,0,66
2025-09-27T18:59:56.894Z,60.6,21.1,1.909,50.4,0,60,0,0,0,0,0,0,0,0,66
2025-09-27T18:59:57.890Z,60.6,21.1,1.909,49.6,0,60,0,0,0,0,0,0,0,0,66
2025-09-27T18:59:58.889Z,60.6,21.1,1.909,50.4,0,60,0,0,0,0,0,0,0,0,66
2025-09-27T18:59:59.890Z,60.6,21.1,1.909,49.6,0,60,0,0,0,0,0,0,0,0,66
2025-09-27T19:00:00.899Z,60.6,21.1,1.909,50.4,0,60,0,0,0,0,0,0,0,0,66
2025-09-27T19:00:01.894Z,60.6,21.1,1.909,50.4,0,60,0,0,0,0,0,0,0,0,66
2025-09-27T19:00:02.896Z,60.6,21.1,1.909,49.6,0,60,0,0,0,0,0,0,0,0,66
2025-09-27T19:00:03.898Z,60.6,21.1,1.909,50.4,0,60,0,0,0,0,0,0,0,0,66
2025-09-27T19:00:04.896Z,60.6,21.1,1.909,49.6,0,60,0,0,0,0,0,0,0,0,66
2025-09-27T19:00:05.900Z,60.6,21.1,1.909,50.4,0,60,0,0,0,0,0,0,0,0,66
2025-09-27T19:00:06.901Z,60.6,21.1,1.909,49.6,0,60,0,0,0,0,0,0,0,0,66
2025-09-27T19:00:07.897Z,60.6,21.1,1.909,49.6,0,60,0,0,0,0,0,0,0,0,66
2025-09-27T19:00:08.907Z,60.6,21.1,1.909,50.4,0,60,0,0,0,0,0,0,0,0,66
2025-09-27T19:00:09.904Z,60.6,21.1,1.909,49.6,0,60,0,0,0,0,0,0,0,0,66
2025-09-27T19:00:10.905Z,60.5,21.1,1.909,50.4,0,60,0,0,0,0,0,0,0,0,66
2025-09-27T19:00:11.901Z,60.5,21.1,1.909,49.6,0,60,0,0,0,0,0,0,0,0,66
2025-09-27T19:00:12.907Z,60.5,21.1,1.909,49.6,0,60,0,0,0,0,0,0,0,0,66
2025-09-27T19:00:13.904Z,60.5,21.1,1.909,50.4,0,60,0,0,0,0,0,0,0,0,66
2025-09-27T19:00:14.912Z,60.5,21.1,1.909,49.6,0,60,0,0,0,0,0,0,0,0,66
2025-09-27T19:00:15.910Z,60.5,21.1,1.909,49.6,0,60,0,0,0,0,0,0,0,0,66
2025-09-27T19:00:16.908Z,60.5,21.1,1.909,50.4,0,60,0,0,0,0,0,0,0,0,66
2025-09-27T19:00:17.910Z,60.5,21.1,1.909,49.6,0,60,0,0,0,0,0,0,0,0,66
2025-09-27T19:00:18.907Z,60.5,21.1,1.909,49.6,0,60,0,0,0,0,0,0,0,0,66
2025-09-27T19:00:19.911Z,60.5,21.1,1.909,50.4,0,60,0,0,0,0,0,0,0,0,66
2025-09-27T19:00:20.920Z,60.5,21.1,1.909,49.6,0,60,0,0,0,0,0,0,0,0,66
2025-09-27T19:00:21.912Z,60.5,21.1,1.909,49.6,0,60,0,0,0,0,0,0,0,0,66
2025-09-27T19:00:22.910Z,60.5,21.1,1.909,50.4,0,60,0,0,0,0,0,0,0,0,66
2025-09-27T19:00:23.916Z,60.5,21.1,1.909,50.4,0,60,0,0,0,0,0,0,0,0,66
2025-09-27T19:00:24.914Z,60.5,21.1,1.909,49.6,0,60,0,0,0,0,0,0,0,0,66
2025-09-27T19:00:25.915Z,60.5,21.1,1.909,50.4,0,60,0,0,0,0,0,0,0,0,66
2025-09-27T19:00:26.917Z,60.5,21.1,1.909,49.6,0,60,0,0,0,0,0,0,0,0,66
2025-09-27T19:00:27.917Z,60.5,21.1,1.909,49.6,0,60,0,0,0,0,0,0,0,0,66
2025-09-27T19:00:28.917Z,60.5,21.1,1.909,50.4,0,60,0,0,0,0,0,0,0,0,66
2025-09-27T19:00:29.920Z,60.5,21.1,1.909,49.6,0,60,0,0,0,0,0,0,0,0,66
2025-09-27T19:00:30.923Z,60.5,21.1,1.909,49.6,0,60,0,0,0,0,0,0,0,0,66
2025-09-27T19:00:31.922Z,60.5,21.1,1.909,50.4,0,60,0,0,0,0,0,0,0,0,66
2025-09-27T19:00:32.921Z,60.5,21.1,1.909,49.6,0,60,0,0,0,0,0,0,0,0,66
2025-09-27T19:00:33.923Z,60.5,21.1,1.909,49.6,0,60,0,0,0,0,0,0,0,0,66
2025-09-27T19:00:34.927Z,60.4,21.1,1.91,50.4,0,60,0,0,0,0,0,0,0,0,66
2025-09-27T19:00:35.926Z,60.4,21.1,1.91,50.4,0,60,0,0,0,0,0,0,0,0,66
2025-09-27T19:00:36.928Z,60.4,21.1,1.91,49.6,0,60,0,0,0,0,0,0,0,0,66
2025-09-27T19:00:37.928Z,60.4,21.1,1.91,50.4,0,60,0,0,0,0,0,0,0,0,66
2025-09-27T19:00:38.927Z,60.4,21.1,1.91,49.6,0,60,0,0,0,0,0,0,0,0,66
2025-09-27T19:00:39.927Z,60.4,21.1,1.91,49.6,0,60,0,0,0,0,0,0,0,0,66
2025-09-27T19:00:40.930Z,60.4,21.1,1.91,50.4,0,60,0,0,0,0,0,0,0,0,66
2025-09-27T19:00:41.928Z,60.4,21.1,1.909,49.6,0,60,0,0,0,0,0,0,0,0,66
2025-09-27T19:00:42.935Z,60.4,21.1,1.91,49.6,0,60,0,0,0,0,0,0,0,0,66
2025-09-27T19:00:43.938Z,60.4,21.1,1.91,50.4,0,60,0,0,0,0,0,0,0,0,66
2025-09-27T19:00:44.931Z,60.4,21.1,1.91,49.6,0,60,0,0,0,0,0,0,0,0,66
2025-09-27T19:00:45.936Z,60.4,21.1,1.91,49.6,0,60,0,0,0,0,0,0,0,0,66
2025-09-27T19:00:46.940Z,60.4,21.1,1.91,50.4,0,60,0,0,0,0,0,0,0,0,66
2025-09-27T19:00:47.936Z,60.4,21.1,1.91,49.6,0,60,0,0,0,0,0,0,0,0,66
2025-09-27T19:00:48.936Z,60.4,21.1,1.911,49.6,0,60,0,0,0,0,0,0,0,0,66
2025-09-27T19:00:49.938Z,60.4,21.1,1.91,50.4,0,60,0,0,0,0,0,0,0,0,66
2025-09-27T19:00:50.939Z,60.4,21.1,1.911,50.4,0,60,0,0,0,0,0,0,0,0,66
2025-09-27T19:00:51.938Z,60.4,21.1,1.911,49.6,0,60,0,0,0,0,0,0,0,0,66
2025-09-27T19:00:52.939Z,60.4,21.1,1.911,50.4,0,60,0,0,0,0,0,0,0,0,66
2025-09-27T19:00:53.937Z,60.4,21.1,1.911,49.6,0,60,0,0,0,0,0,0,0,0,66
2025-09-27T19:00:54.940Z,60.3,21.1,1.911,49.6,0,60,0,0,0,0,0,0,0,0,66
2025-09-27T19:00:55.945Z,60.4,21.1,1.911,50.4,0,60,0,0,0,0,0,0,0,0,66
2025-09-27T19:00:56.943Z,60.4,21.1,1.91,49.6,0,60,0,0,0,0,0,0,0,0,66
2025-09-27T19:00:57.950Z,60.3,21.1,1.91,49.6,0,60,0,0,0,0,0,0,0,0,66
2025-09-27T19:00:58.946Z,60.3,21.1,1.911,50.4,0,60,0,0,0,0,0,0,0,0,66
2025-09-27T19:00:59.949Z,60.3,21.1,1.911,50.4,0,60,0,0,0,0,0,0,0,0,66
2025-09-27T19:01:00.949Z,60.3,21.1,1.911,49.6,0,60,0,0,0,0,0,0,0,0,66
2025-09-27T19:01:01.946Z,60.3,21.1,1.911,50.4,0,60,0,0,0,0,0,0,0,0,66
2025-09-27T19:01:02.952Z,60.3,21.1,1.911,50.4,0,60,0,0,0,0,0,0,0,0,66
2025-09-27T19:01:03.952Z,60.3,21.1,1.911,49.6,0,60,0,0,0,0,0,0,0,0,66
2025-09-27T19:01:04.950Z,60.3,21.1,1.911,50.4,0,60,0,0,0,0,0,0,0,0,66
2025-09-27T19:01:05.954Z,60.3,21.1,1.911,50.4,0,60,0,0,0,0,0,0,0,0,66
2025-09-27T19:01:06.953Z,60.3,21.1,1.911,49.6,0,60,0,0,0,0,0,0,0,0,66
2025-09-27T19:01:07.952Z,60.3,21.1,1.911,50.4,0,60,0,0,0,0,0,0,0,0,66
2025-09-27T19:01:08.955Z,60.3,21.1,1.911,49.6,0,60,0,0,0,0,0,0,0,0,66
2025-09-27T19:01:09.955Z,60.3,21.1,1.911,49.6,0,60,0,0,0,0,0,0,0,0,66
2025-09-27T19:01:10.955Z,60.3,21.1,1.911,50.4,0,60,0,0,0,0,0,0,0,0,66
2025-09-27T19:01:11.956Z,60.3,21.1,1.911,50.4,0,60,0,0,0,0,0,0,0,0,66
2025-09-27T19:01:12.958Z,60.3,21.1,1.911,49.6,0,60,0,0,0,0,0,0,0,0,66
2025-09-27T19:01:13.961Z,60.3,21.1,1.91,50.4,0,60,0,0,0,0,0,0,0,0,66
2025-09-27T19:01:14.960Z,60.3,21.1,1.911,49.6,0,60,0,0,0,0,0,0,0,0,66
2025-09-27T19:01:15.962Z,60.3,21.1,1.91,49.6,0,60,0,0,0,0,0,0,0,0,66
2025-09-27T19:01:16.965Z,60.3,21.1,1.91,50.4,0,60,0,0,0,0,0,0,0,0,66
2025-09-27T19:01:17.962Z,60.3,21.1,1.91,50.4,0,60,0,0,0,0,0,0,0,0,66
2025-09-27T19:01:18.959Z,60.3,21.1,1.911,49.6,0,60,0,0,0,0,0,0,0,0,66
2025-09-27T19:01:19.965Z,60.3,21.1,1.91,50.4,0,60,0,0,0,0,0,0,0,0,66
2025-09-27T19:01:20.970Z,60.3,21.1,1.91,50.4,0,60,0,0,0,0,0,0,0,0,66
2025-09-27T19:01:21.967Z,60.3,21.1,1.91,49.6,0,60,0,0,0,0,0,0,0,0,66
2025-09-27T19:01:22.964Z,60.2,21.1,1.91,50.4,0,60,0,0,0,0,0,0,0,0,66
2025-09-27T19:01:23.970Z,60.2,21.1,1.91,49.6,0,60,0,0,0,0,0,0,0,0,66
2025-09-27T19:01:24.971Z,60.2,21.1,1.91,50.4,0,60,0,0,0,0,0,0,0,0,66
2025-09-27T19:01:25.968Z,60.2,21.1,1.91,49.6,0,60,0,0,0,0,0,0,0,0,66
2025-09-27T19:01:26.967Z,60.2,21.1,1.911,50.4,0,60,0,0,0,0,0,0,0,0,66
2025-09-27T19:01:27.969Z,60.2,21.1,1.91,49.6,0,60,0,0,0,0,0,0,0,0,66
2025-09-27T19:01:28.971Z,60.2,21.1,1.91,49.6,0,60,0,0,0,0,0,0,0,0,66
2025-09-27T19:01:29.968Z,60.2,21.1,1.911,50.4,0,60,0,0,0,0,0,0,0,0,66
2025-09-27T19:01:30.976Z,60.2,21.1,1.91,49.6,0,60,0,0,0,0,0,0,0,0,66
2025-09-27T19:01:31.966Z,60.2,21.1,1.911,50.4,0,60,0,0,0,0,0,0,0,0,66
2025-09-27T19:01:32.976Z,60.2,21.1,1.91,50.4,0,60,0,0,0,0,0,0,0,0,66
2025-09-27T19:01:33.973Z,60.2,21.1,1.91,49.6,0,60,0,0,0,0,0,0,0,0,66
2025-09-27T19:01:34.976Z,60.2,21.1,1.91,50.4,0,60,0,0,0,0,0,0,0,0,66
2025-09-27T19:01:35.974Z,60.2,21.1,1.911,49.6,0,60,0,0,0,0,0,0,0,0,66
2025-09-27T19:01:36.977Z,60.2,21.1,1.91,50.4,0,60,0,0,0,0,0,0,0,0,66
2025-09-27T19:01:37.975Z,60.2,21.1,1.911,49.6,0,60,0,0,0,0,0,0,0,0,66
2025-09-27T19:01:38.977Z,60.2,21.1,1.911,50.4,0,60,0,0,0,0,0,0,0,0,66
2025-09-27T19:01:39.976Z,60.2,21.1,1.911,49.6,0,60,0,0,0,0,0,0,0,0,66
2025-09-27T19:01:40.974Z,60.2,21.1,1.911,49.6,0,60,0,0,0,0,0,0,0,0,66
2025-09-27T19:01:41.980Z,60.2,21.1,1.91,50.4,0,60,0,0,0,0,0,0,0,0,66
2025-09-27T19:01:42.980Z,60.1,21.1,1.91,49.6,0,60,0,0,0,0,0,0,0,0,66
2025-09-27T19:01:43.978Z,60.2,21.1,1.911,50.4,0,60,0,0,0,0,0,0,0,0,66
2025-09-27T19:01:44.983Z,60.1,21.1,1.91,49.6,0,60,0,0,0,0,0,0,0,0,66
2025-09-27T19:01:45.987Z,60.1,21.1,1.91,50.4,0,60,0,0,0,0,0,0,0,0,66
2025-09-27T19:01:46.988Z,60.1,21.1,1.911,50.4,0,60,0,0,0,0,0,0,0,0,66
2025-09-27T19:01:47.986Z,60.1,21.1,1.91,49.6,0,60,0,0,0,0,0,0,0,0,66
2025-09-27T19:01:48.986Z,60.1,21.1,1.91,50.4,0,60,0,0,0,0,0,0,0,0,66
2025-09-27T19:01:49.993Z,60.1,21.1,1.91,49.6,0,60,0,0,0,0,0,0,0,0,66
2025-09-27T19:01:50.990Z,60.1,21.1,1.91,50.4,0,60,0,0,0,0,0,0,0,0,66
2025-09-27T19:01:51.989Z,60.1,21.1,1.91,49.6,0,60,0,0,0,0,0,0,0,0,66
2025-09-27T19:01:52.994Z,60.1,21.1,1.91,50.4,0,60,0,0,0,0,0,0,0,0,66
2025-09-27T19:01:53.994Z,60.1,21.1,1.91,49.6,0,60,0,0,0,0,0,0,0,0,66
2025-09-27T19:01:54.991Z,60.1,21.1,1.911,50.4,0,60,0,0,0,0,0,0,0,0,66
2025-09-27T19:01:55.993Z,60.1,21.1,1.911,49.6,0,60,0,0,0,0,0,0,0,0,66
2025-09-27T19:01:56.996Z,60.1,21.1,1.911,50.4,0,60,0,0,0,0,0,0,0,0,66
2025-09-27T19:01:57.995Z,60.1,21.1,1.911,49.6,0,60,0,0,0,0,0,0,0,0,66
2025-09-27T19:01:58.997Z,60.1,21.1,1.911,50.4,0,60,0,0,0,0,0,0,0,0,66
2025-09-27T19:02:00.001Z,60.1,21.1,1.911,49.6,0,60,0,0,0,0,0,0,0,0,66
2025-09-27T19:02:00.996Z,60.1,21.1,1.911,50.4,0,60,0,0,0,0,0,0,0,0,66
2025-09-27T19:02:02.000Z,60.1,21.1,1.911,49.6,0,60,0,0,0,0,0,0,0,0,66
2025-09-27T19:02:03.001Z,60.1,21.1,1.911,50.4,0,60,0,0,0,0,0,0,0,0,66
2025-09-27T19:02:04.001Z,60.1,21.1,1.911,49.6,0,60,0,0,0,0,0,0,0,0,66
2025-09-27T19:02:04.999Z,60.1,21.1,1.911,50.4,0,60,0,0,0,0,0,0,0,0,66
2025-09-27T19:02:06.003Z,60.1,21.1,1.911,49.6,0,60,0,0,0,0,0,0,0,0,66
2025-09-27T19:02:06.999Z,60.1,21.1,1.911,50.4,0,60,0,0,0,0,0,0,0,0,66
2025-09-27T19:02:08.006Z,60.1,21.1,1.912,49.6,0,60,0,0,0,0,0,0,0,0,66
2025-09-27T19:02:09.006Z,60,21.1,1.911,50.4,0,60,0,0,0,0,0,0,0,0,66
2025-09-27T19:02:10.005Z,60,21.1,1.911,49.6,0,60,0,0,0,0,0,0,0,0,66
2025-09-27T19:02:11.007Z,60,21.1,1.911,49.6,0,60,0,0,0,0,0,0,0,0,66
2025-09-27T19:02:12.007Z,60,21.1,1.911,49.6,0,60,0,0,0,0,0,0,0,0,66
2025-09-27T19:02:13.011Z,60,21.1,1.911,50.4,0,60,0,0,0,0,0,0,0,0,66
2025-09-27T19:02:14.010Z,60,21.1,1.911,49.6,0,60,0,0,0,0,0,0,0,0,66
2025-09-27T19:02:15.009Z,60,21.1,1.912,50.4,0,60,0,0,0,0,0,0,0,0,66
2025-09-27T19:02:16.010Z,60,21.1,1.911,49.6,0,60,0,0,0,0,0,0,0,0,66
2025-09-27T19:02:17.009Z,60,21.1,1.912,50.4,0,60,0,0,0,0,0,0,0,0,66
2025-09-27T19:02:18.012Z,60,21.1,1.912,49.6,0,60,0,0,0,0,0,0,0,0,66
2025-09-27T19:02:19.011Z,60,21.1,1.911,50.4,0,60,0,0,0,0,0,0,0,0,66
2025-09-27T19:02:20.014Z,60,21.1,1.912,49.6,0,60,0,0,0,0,0,0,0,0,66
2025-09-27T19:02:21.016Z,60,21.1,1.912,50.4,0,60,0,0,0,0,0,0,0,0,66
2025-09-27T19:02:22.010Z,60,21.1,1.912,49.6,0,60,0,0,0,0,0,0,0,0,66
2025-09-27T19:02:23.015Z,60,21.1,1.912,49.6,0,60,0,0,0,0,0,0,0,0,66
2025-09-27T19:02:24.018Z,60,21.1,1.912,50.4,0,60,0,0,0,0,0,0,0,0,66
2025-09-27T19:02:25.017Z,60,21.1,1.912,49.6,0,60,0,0,0,0,0,0,0,0,66
2025-09-27T19:02:26.016Z,60,21.1,1.912,50.4,0,60,0,0,0,0,0,0,0,0,66
2025-09-27T19:02:27.015Z,60,21.1,1.912,49.6,0,60,0,0,0,0,0,0,0,0,66
2025-09-27T19:02:28.021Z,60,21.1,1.912,50.4,0,60,0,0,0,0,0,0,0,0,66
2025-09-27T19:02:29.018Z,60,21.1,1.912,49.6,0,60,0,0,0,0,0,0,0,0,66
2025-09-27T19:02:30.016Z,60,21.1,1.912,49.6,0,60,0,0,0,0,0,0,0,0,66
2025-09-27T19:02:31.017Z,60,21.1,1.912,50.4,0,60,0,0,0,0,0,0,0,0,66
2025-09-27T19:02:32.023Z,60,21.1,1.912,49.6,0,60,0,0,0,0,0,0,0,0,66
2025-09-27T19:02:33.019Z,60,21.1,1.912,49.6,0,60,0,0,0,0,0,0,0,0,66
2025-09-27T19:02:34.018Z,60,21.1,1.912,50.4,0,60,0,0,0,0,0,0,0,0,66
2025-09-27T19:02:35.018Z,59.9,21.1,1.912,49.6,0,60,0,0,0,0,0,0,0,0,66
2025-09-27T19:02:36.018Z,60,21.1,1.912,50.4,0,60,0,0,0,0,0,0,0,0,66
2025-09-27T19:02:37.021Z,59.9,21.1,1.912,49.6,0,60,0,0,0,0,0,0,0,0,66
2025-09-27T19:02:38.022Z,59.9,21.1,1.912,50.4,0,60.1,0,0,0,0,0,0,0,0,66
2025-09-27T19:02:39.024Z,59.9,21.1,1.912,49.6,0,60,0,0,0,0,0,0,0,0,66
2025-09-27T19:02:40.026Z,59.9,21.1,1.912,49.6,0,60,0,0,0,0,0,0,0,0,66
2025-09-27T19:02:41.027Z,59.9,21.1,1.912,50.4,0,60,0,0,0,0,0,0,0,0,66
2025-09-27T19:02:42.027Z,59.9,21.1,1.912,49.6,0,60,0,0,0,0,0,0,0,0,66
2025-09-27T19:02:43.025Z,59.9,21.1,1.912,50.4,0,60,0,0,0,0,0,0,0,0,66
2025-09-27T19:02:44.031Z,59.9,21.1,1.912,49.6,0,60,0,0,0,0,0,0,0,0,66
2025-09-27T19:02:45.031Z,59.9,21.1,1.912,50.4,0,60,0,0,0,0,0,0,0,0,66
2025-09-27T19:02:46.031Z,59.9,21.1,1.912,50.4,0,60,0,0,0,0,0,0,0,0,66
2025-09-27T19:02:47.032Z,59.9,21.1,1.912,49.6,0,60,0,0,0,0,0,0,0,0,66
2025-09-27T19:02:48.032Z,59.9,21.1,1.912,50.4,0,60,0,0,0,0,0,0,0,0,66
2025-09-27T19:02:49.031Z,59.9,21.1,1.912,49.6,0,60,0,0,0,0,0,0,0,0,66
2025-09-27T19:02:50.030Z,59.9,21.1,1.912,49.6,0,60,0,0,0,0,0,0,0,0,66
2025-09-27T19:02:51.031Z,59.9,21.1,1.912,49.6,0,60,0,0,0,0,0,0,0,0,66
2025-09-27T19:02:52.036Z,59.9,21.1,1.912,50.4,0,60,0,0,0,0,0,0,0,0,66
2025-09-27T19:02:53.037Z,59.9,21.1,1.912,50.4,0,60,0,0,0,0,0,0,0,0,66
2025-09-27T19:02:54.036Z,59.9,21.1,1.912,49.6,0,60,0,0,0,0,0,0,0,0,66
2025-09-27T19:02:55.033Z,59.9,21.1,1.912,49.6,0,60,0,0,0,0,0,0,0,0,66
2025-09-27T19:02:56.037Z,59.9,21.1,1.912,49.6,0,60,0,0,0,0,0,0,0,0,66
2025-09-27T19:02:57.034Z,59.9,21.1,1.912,50.4,0,60,0,0,0,0,0,0,0,0,66
2025-09-27T19:02:58.042Z,59.9,21.1,1.912,50.4,0,60,0,0,0,0,0,0,0,0,66
2025-09-27T19:02:59.038Z,59.9,21.1,1.912,49.6,0,60.1,0,0,0,0,0,0,0,0,66
2025-09-27T19:03:00.050Z,59.9,21.1,1.912,50.4,0,60,0,0,0,0,0,0,0,0,66
2025-09-27T19:03:01.041Z,59.9,21.1,1.912,49.6,0,60,0,0,0,0,0,0,0,0,66
2025-09-27T19:03:02.044Z,59.9,21.1,1.912,50.4,0,60,0,0,0,0,0,0,0,0,66
2025-09-27T19:03:03.043Z,59.9,21.1,1.912,49.6,0,60,0,0,0,0,0,0,0,0,66
2025-09-27T19:03:04.048Z,59.9,21.1,1.912,50.4,0,60,0,0,0,0,0,0,0,0,66
2025-09-27T19:03:05.052Z,59.9,21.1,1.912,49.6,0,60,0,0,0,0,0,0,0,0,66
2025-09-27T19:03:06.050Z,59.9,21.1,1.912,49.6,0,60,0,0,0,0,0,0,0,0,66
2025-09-27T19:03:07.047Z,59.8,21.1,1.912,50.4,0,60,0,0,0,0,0,0,0,0,66
2025-09-27T19:03:08.048Z,59.8,21.1,1.912,49.6,0,60,0,0,0,0,0,0,0,0,66
2025-09-27T19:03:09.051Z,59.8,21.1,1.913,50.4,0,60,0,0,0,0,0,0,0,0,66
2025-09-27T19:03:10.056Z,59.8,21.1,1.912,49.6,0,60,0,0,0,0,0,0,0,0,66
2025-09-27T19:03:11.052Z,59.8,21.1,1.912,50.4,0,60,0,0,0,0,0,0,0,0,66
2025-09-27T19:03:12.053Z,59.8,21.1,1.913,49.6,0,60,0,0,0,0,0,0,0,0,66
2025-09-27T19:03:13.053Z,59.8,21.1,1.913,49.6,0,60,0,0,0,0,0,0,0,0,66
2025-09-27T19:03:14.062Z,59.8,21.1,1.913,50.4,0,60,0,0,0,0,0,0,0,0,66
2025-09-27T19:03:15.058Z,59.8,21.1,1.912,49.6,0,60,0,0,0,0,0,0,0,0,66
2025-09-27T19:03:16.056Z,59.8,21.1,1.912,49.6,0,60,0,0,0,0,0,0,0,0,66
2025-09-27T19:03:17.062Z,59.8,21.1,1.912,50.4,0,60,0,0,0,0,0,0,0,0,66
2025-09-27T19:03:18.058Z,59.8,21.1,1.913,49.6,0,60,0,0,0,0,0,0,0,0,66
2025-09-27T19:03:19.060Z,59.8,21.1,1.912,50.4,0,60,0,0,0,0,0,0,0,0,66
2025-09-27T19:03:20.060Z,59.8,21.1,1.912,50.4,0,60,0,0,0,0,0,0,0,0,66
2025-09-27T19:03:21.062Z,59.8,21.1,1.913,49.6,0,60,0,0,0,0,0,0,0,0,66
2025-09-27T19:03:22.057Z,59.8,21.1,1.913,50.4,0,60,0,0,0,0,0,0,0,0,66
2025-09-27T19:03:23.061Z,59.8,21.1,1.913,49.6,0,60,0,0,0,0,0,0,0,0,66
2025-09-27T19:03:24.061Z,59.8,21.1,1.913,49.6,0,60,0,0,0,0,0,0,0,0,66
2025-09-27T19:03:25.061Z,59.8,21.1,1.913,50.4,0,60,0,0,0,0,0,0,0,0,66
2025-09-27T19:03:26.071Z,59.8,21.1,1.913,49.6,0,60,0,0,0,0,0,0,0,0,66
2025-09-27T19:03:27.066Z,59.8,21.1,1.913,50.4,0,60,0,0,0,0,0,0,0,0,66
2025-09-27T19:03:28.069Z,59.8,21.1,1.913,49.6,0,60,0,0,0,0,0,0,0,0,66
2025-09-27T19:03:29.065Z,59.8,21.1,1.913,49.6,0,60,0,0,0,0,0,0,0,0,66
2025-09-27T19:03:30.069Z,59.8,21.1,1.913,50.4,0,60,0,0,0,0,0,0,0,0,66
2025-09-27T19:03:31.070Z,59.8,21.1,1.913,49.6,0,60,0,0,0,0,0,0,0,0,66
2025-09-27T19:03:32.077Z,59.7,21.1,1.913,49.6,0,60,0,0,0,0,0,0,0,0,66
2025-09-27T19:03:33.074Z,59.7,21.1,1.913,50.4,0,60,0,0,0,0,0,0,0,0,66
2025-09-27T19:03:34.072Z,59.7,21.1,1.913,50.4,0,60.1,0,0,0,0,0,0,0,0,66
2025-09-27T19:03:35.076Z,59.7,21.1,1.913,49.6,0,60,0,0,0,0,0,0,0,0,66
2025-09-27T19:03:36.076Z,59.7,21.1,1.914,50.4,0,60,0,0,0,0,0,0,0,0,66
2025-09-27T19:03:37.075Z,59.7,21.1,1.913,50.4,0,60,0,0,0,0,0,0,0,0,66
2025-09-27T19:03:38.076Z,59.7,21.1,1.914,49.6,0,60,0,0,0,0,0,0,0,0,66
2025-09-27T19:03:39.080Z,59.7,21.1,1.913,50.4,0,60,0,0,0,0,0,0,0,0,66
2025-09-27T19:03:40.075Z,59.7,21.1,1.914,49.6,0,60,0,0,0,0,0,0,0,0,66
2025-09-27T19:03:41.081Z,59.7,21.1,1.914,50.4,0,60,0,0,0,0,0,0,0,0,66
2025-09-27T19:03:42.081Z,59.7,21.1,1.914,49.6,0,60,0,0,0,0,0,0,0,0,66
2025-09-27T19:03:43.083Z,59.7,21.1,1.913,50.4,0,60,0,0,0,0,0,0,0,0,66
2025-09-27T19:03:44.084Z,59.7,21.1,1.914,49.6,0,60,0,0,0,0,0,0,0,0,66
2025-09-27T19:03:45.090Z,59.7,21.1,1.913,50.4,0,60,0,0,0,0,0,0,0,0,66
2025-09-27T19:03:46.081Z,59.7,21.1,1.914,49.6,0,60,0,0,0,0,0,0,0,0,66
2025-09-27T19:03:47.087Z,59.7,21.1,1.914,50.4,0,60,0,0,0,0,0,0,0,0,66
2025-09-27T19:03:48.088Z,59.7,21.1,1.913,50.4,0,60,0,0,0,0,0,0,0,0,66
2025-09-27T19:03:49.087Z,59.7,21.1,1.914,49.6,0,60,0,0,0,0,0,0,0,0,66
2025-09-27T19:03:50.091Z,59.7,21.1,1.913,49.6,0,60,0,0,0,0,0,0,0,0,66
2025-09-27T19:03:51.089Z,59.7,21.1,1.913,49.6,0,60,0,0,0,0,0,0,0,0,66
2025-09-27T19:03:52.087Z,59.7,21.1,1.914,50.4,0,60,0,0,0,0,0,0,0,0,66
2025-09-27T19:03:53.093Z,59.7,21.1,1.913,49.6,0,60,0,0,0,0,0,0,0,0,66
2025-09-27T19:03:54.088Z,59.7,21.1,1.914,49.6,0,60,0,0,0,0,0,0,0,0,66
2025-09-27T19:03:55.089Z,59.7,21.1,1.914,50.4,0,60,0,0,0,0,0,0,0,0,66
2025-09-27T19:03:56.093Z,59.7,21.1,1.913,50.4,0,60,0,0,0,0,0,0,0,0,66
2025-09-27T19:03:57.091Z,59.7,21.1,1.913,49.6,0,60,0,0,0,0,0,0,0,0,66
2025-09-27T19:03:58.094Z,59.7,21.1,1.913,50.4,0,60,0,0,0,0,0,0,0,0,66
2025-09-27T19:03:59.092Z,59.7,21.1,1.913,49.6,0,60,0,0,0,0,0,0,0,0,66
2025-09-27T19:04:00.095Z,59.7,21.1,1.913,50.4,0,60,0,0,0,0,0,0,0,0,66
2025-09-27T19:04:01.091Z,59.6,21.1,1.914,49.6,0,60,0,0,0,0,0,0,0,0,66
2025-09-27T19:04:02.096Z,59.6,21.1,1.913,49.6,0,60,0,0,0,0,0,0,0,0,66
2025-09-27T19:04:03.096Z,59.6,21.1,1.913,50.4,0,60,0,0,0,0,0,0,0,0,66
2025-09-27T19:04:04.102Z,59.6,21.1,1.913,49.6,0,60,0,0,0,0,0,0,0,0,66
2025-09-27T19:04:05.100Z,59.6,21.1,1.913,50.4,0,60,0,0,0,0,0,0,0,0,66
2025-09-27T19:04:06.100Z,59.6,21.1,1.913,49.6,0,60,0,0,0,0,0,0,0,0,66
2025-09-27T19:04:07.103Z,59.6,21.1,1.913,49.6,0,60,0,0,0,0,0,0,0,0,66
2025-09-27T19:04:08.102Z,59.6,21.1,1.913,50.4,0,60,0,0,0,0,0,0,0,0,66
2025-09-27T19:04:09.108Z,59.6,21.1,1.913,50.4,0,60,0,0,0,0,0,0,0,0,66
2025-09-27T19:04:10.106Z,59.6,21.1,1.913,49.6,0,60,0,0,0,0,0,0,0,0,66
2025-09-27T19:04:11.112Z,59.6,21.1,1.913,50.4,0,60,0,0,0,0,0,0,0,0,66
2025-09-27T19:04:12.111Z,59.6,21.1,1.913,49.6,0,60,0,0,0,0,0,0,0,0,66
2025-09-27T19:04:13.113Z,59.6,21.1,1.913,50.4,0,60,0,0,0,0,0,0,0,0,66
2025-09-27T19:04:14.108Z,59.6,21.1,1.913,49.6,0,60,0,0,0,0,0,0,0,0,66
2025-09-27T19:04:15.116Z,59.6,21.1,1.914,50.4,0,60,0,0,0,0,0,0,0,0,66
2025-09-27T19:04:16.111Z,59.6,21.1,1.913,49.6,0,60,0,0,0,0,0,0,0,0,66
2025-09-27T19:04:17.114Z,59.6,21.1,1.913,49.6,0,60,0,0,0,0,0,0,0,0,66
2025-09-27T19:04:18.115Z,59.6,21.1,1.913,50.4,0,60,0,0,0,0,0,0,0,0,66
2025-09-27T19:04:19.117Z,59.6,21.1,1.913,49.6,0,60,0,0,0,0,0,0,0,0,66
2025-09-27T19:04:20.117Z,59.6,21.1,1.913,49.6,0,60,0,0,0,0,0,0,0,0,66
2025-09-27T19:04:21.118Z,59.6,21.1,1.914,50.4,0,60,0,0,0,0,0,0,0,0,66
2025-09-27T19:04:22.121Z,59.6,21.1,1.914,49.6,0,60,0,0,0,0,0,0,0,0,66
2025-09-27T19:04:23.119Z,59.6,21.1,1.914,49.6,0,60,0,0,0,0,0,0,0,0,66
2025-09-27T19:04:24.117Z,59.6,21.1,1.913,50.4,0,60,0,0,0,0,0,0,0,0,66
2025-09-27T19:04:25.119Z,59.6,21.1,1.913,49.6,0,60,0,0,0,0,0,0,0,0,66
2025-09-27T19:04:26.119Z,59.6,21.1,1.913,50.4,0,60,0,0,0,0,0,0,0,0,66
2025-09-27T19:04:27.123Z,59.6,21.1,1.914,50.4,0,60,0,0,0,0,0,0,0,0,66
2025-09-27T19:04:28.119Z,59.6,21.1,1.913,49.6,0,60,0,0,0,0,0,0,0,0,66
2025-09-27T19:04:29.127Z,59.6,21.1,1.914,50.4,0,60,0,0,0,0,0,0,0,0,66
2025-09-27T19:04:30.126Z,59.6,21.1,1.915,49.6,0,60,0,0,0,0,0,0,0,0,66
2025-09-27T19:04:31.129Z,59.6,21.1,1.914,50.4,0,60,0,0,0,0,0,0,0,0,66
2025-09-27T19:04:32.128Z,59.6,21.1,1.914,49.6,0,60,0,0,0,0,0,0,0,0,66
2025-09-27T19:04:33.129Z,59.6,21.1,1.914,49.6,0,60,0,0,0,0,0,0,0,0,66
2025-09-27T19:04:34.134Z,59.6,21.1,1.914,50.4,0,60,0,0,0,0,0,0,0,0,66
2025-09-27T19:04:35.136Z,59.6,21.1,1.914,49.6,0,60,0,0,0,0,0,0,0,0,66
2025-09-27T19:04:36.131Z,59.6,21.1,1.914,50.4,0,60,0,0,0,0,0,0,0,0,66
2025-09-27T19:04:37.131Z,59.6,21.1,1.914,50.4,0,60,0,0,0,0,0,0,0,0,66
2025-09-27T19:04:38.137Z,59.5,21.1,1.915,49.6,0,60,0,0,0,0,0,0,0,0,66
2025-09-27T19:04:39.134Z,59.6,21.1,1.914,50.4,0,60,0,0,0,0,0,0,0,0,66
2025-09-27T19:04:40.133Z,59.5,21.1,1.914,49.6,0,60,0,0,0,0,0,0,0,0,66
2025-09-27T19:04:41.141Z,59.5,21.1,1.914,50.4,0,60,0,0,0,0,0,0,0,0,66
2025-09-27T19:04:42.137Z,59.5,21.1,1.914,49.6,0,60,0,0,0,0,0,0,0,0,66
2025-09-27T19:04:43.141Z,59.5,21.1,1.914,50.4,0,60,0,0,0,0,0,0,0,0,66
2025-09-27T19:04:44.140Z,59.5,21.1,1.914,49.6,0,60,0,0,0,0,0,0,0,0,66
2025-09-27T19:04:45.138Z,59.5,21.1,1.915,50.4,0,60,0,0,0,0,0,0,0,0,66
2025-09-27T19:04:46.143Z,59.5,21.1,1.914,50.4,0,60,0,0,0,0,0,0,0,0,66
2025-09-27T19:04:47.140Z,59.5,21.1,1.914,49.6,0,60,0,0,0,0,0,0,0,0,66
2025-09-27T19:04:48.143Z,59.5,21.1,1.914,49.6,0,60,0,0,0,0,0,0,0,0,66
2025-09-27T19:04:49.142Z,59.5,21.1,1.914,49.6,0,60,0,0,0,0,0,0,0,0,66
2025-09-27T19:04:50.142Z,59.5,21.1,1.914,50.4,0,60,0,0,0,0,0,0,0,0,66
2025-09-27T19:04:51.142Z,59.5,21.1,1.914,49.6,0,60,0,0,0,0,0,0,0,0,66
2025-09-27T19:04:52.142Z,59.5,21.1,1.914,49.6,0,60,0,0,0,0,0,0,0,0,66
2025-09-27T19:04:53.143Z,59.5,21.1,1.914,50.4,0,60,0,0,0,0,0,0,0,0,66
2025-09-27T19:04:54.145Z,59.5,21.1,1.914,49.6,0,60,0,0,0,0,0,0,0,0,66
2025-09-27T19:04:55.144Z,59.5,21.1,1.914,49.6,0,60,0,0,0,0,0,0,0,0,66
2025-09-27T19:04:56.148Z,59.5,21.1,1.915,50.4,0,60,0,0,0,0,0,0,0,0,66
2025-09-27T19:04:57.150Z,59.5,21.1,1.914,49.6,0,60,0,0,0,0,0,0,0,0,66
2025-09-27T19:04:58.151Z,59.5,21.1,1.914,50.4,0,60,0,0,0,0,0,0,0,0,66
2025-09-27T19:04:59.150Z,59.5,21.1,1.915,50.4,0,60,0,0,0,0,0,0,0,0,66
2025-09-27T19:05:00.152Z,59.5,21.1,1.915,49.6,0,60,0,0,0,0,0,0,0,0,66
2025-09-27T19:05:01.154Z,59.5,21.1,1.914,49.6,0,60,0,0,0,0,0,0,0,0,66
2025-09-27T19:05:02.153Z,59.5,21.1,1.915,49.6,0,60,0,0,0,0,0,0,0,0,66
2025-09-27T19:05:03.151Z,59.5,21.1,1.914,50.4,0,60,0,0,0,0,0,0,0,0,66
2025-09-27T19:05:04.162Z,59.5,21.1,1.915,50.4,0,60,0,0,0,0,0,0,0,0,66
2025-09-27T19:05:05.160Z,59.5,21.1,1.915,49.6,0,60,0,0,0,0,0,0,0,0,66
2025-09-27T19:05:06.158Z,59.5,21.1,1.915,50.4,0,60,0,0,0,0,0,0,0,0,66
2025-09-27T19:05:07.161Z,59.5,21.1,1.915,49.6,0,60,0,0,0,0,0,0,0,0,66
2025-09-27T19:05:08.160Z,59.5,21.1,1.915,50.4,0,60,0,0,0,0,0,0,0,0,66
2025-09-27T19:05:09.164Z,59.5,21.1,1.915,49.6,0,60,0,0,0,0,0,0,0,0,66
2025-09-27T19:05:10.162Z,59.5,21.1,1.914,50.4,0,60,0,0,0,0,0,0,0,0,66
2025-09-27T19:05:11.166Z,59.5,21.1,1.914,50.4,0,60,0,0,0,0,0,0,0,0,66
2025-09-27T19:05:12.165Z,59.5,21.1,1.915,49.6,0,60,0,0,0,0,0,0,0,0,66
2025-09-27T19:05:13.166Z,59.5,21.1,1.915,50.4,0,60,0,0,0,0,0,0,0,0,66
2025-09-27T19:05:14.169Z,59.5,21.1,1.914,49.6,0,60,0,0,0,0,0,0,0,0,66
2025-09-27T19:05:15.168Z,59.5,21.1,1.915,50.4,0,60,0,0,0,0,0,0,0,0,66
2025-09-27T19:05:16.167Z,59.5,21.1,1.915,49.6,0,60,0,0,0,0,0,0,0,0,66
2025-09-27T19:05:17.172Z,59.5,21.1,1.914,50.4,0,60,0,0,0,0,0,0,0,0,66
2025-09-27T19:05:18.172Z,59.5,21.1,1.914,49.6,0,60,0,0,0,0,0,0,0,0,66
2025-09-27T19:05:19.170Z,59.5,21.1,1.915,49.6,0,60,0,0,0,0,0,0,0,0,66
2025-09-27T19:05:20.170Z,59.5,21.1,1.915,50.4,0,60,0,0,0,0,0,0,0,0,66
2025-09-27T19:05:21.170Z,59.5,21.1,1.915,49.6,0,60,0,0,0,0,0,0,0,0,66
2025-09-27T19:05:22.175Z,59.5,21.1,1.914,50.4,0,60,0,0,0,0,0,0,0,0,66
2025-09-27T19:05:23.171Z,59.5,21.1,1.915,49.6,0,60,0,0,0,0,0,0,0,0,66
2025-09-27T19:05:24.174Z,59.5,21.1,1.914,50.4,0,60,0,0,0,0,0,0,0,0,66
2025-09-27T19:05:25.174Z,59.5,21.1,1.915,49.6,0,60,0,0,0,0,0,0,0,0,66
2025-09-27T19:05:26.181Z,59.5,21.1,1.914,49.6,0,60,0,0,0,0,0,0,0,0,66
2025-09-27T19:05:27.178Z,59.5,21.1,1.914,50.4,0,60,0,0,0,0,0,0,0,0,66
2025-09-27T19:05:28.178Z,59.5,21.1,1.914,49.6,0,60,0,0,0,0,0,0,0,0,66
2025-09-27T19:05:29.179Z,59.5,21.1,1.914,49.6,0,60,0,0,0,0,0,0,0,0,66
2025-09-27T19:05:30.181Z,59.5,21.1,1.914,50.4,0,60,0,0,0,0,0,0,0,0,66
2025-09-27T19:05:31.179Z,59.5,21.1,1.915,49.6,0,60,0,0,0,0,0,0,0,0,66
2025-09-27T19:05:32.180Z,59.5,21.1,1.915,50.4,0,60,0,0,0,0,0,0,0,0,66
2025-09-27T19:05:33.186Z,59.5,21.1,1.914,49.6,0,60,0,0,0,0,0,0,0,0,66
2025-09-27T19:05:34.183Z,59.5,21.1,1.914,50.4,0,60,0,0,0,0,0,0,0,0,66
2025-09-27T19:05:35.185Z,59.5,21.1,1.914,49.6,0,60,0,0,0,0,0,0,0,0,66
2025-09-27T19:05:36.185Z,59.5,21.1,1.914,50.4,0,60,0,0,0,0,0,0,0,0,66
2025-09-27T19:05:37.183Z,59.5,21.1,1.915,49.6,0,60,0,0,0,0,0,0,0,0,66
2025-09-27T19:05:38.189Z,59.5,21.1,1.914,49.6,0,60,0,0,0,0,0,0,0,0,66
2025-09-27T19:05:39.191Z,59.5,21.1,1.914,50.4,0,60,0,0,0,0,0,0,0,0,66
2025-09-27T19:05:40.187Z,59.5,21.1,1.914,49.6,0,60,0,0,0,0,0,0,0,0,66
2025-09-27T19:05:41.187Z,59.5,21.1,1.914,49.6,0,60,0,0,0,0,0,0,0,0,66
2025-09-27T19:05:42.190Z,59.5,21.1,1.914,50.4,0,60,0,0,0,0,0,0,0,0,66
2025-09-27T19:05:43.192Z,59.5,21.1,1.914,50.4,0,60,0,0,0,0,0,0,0,0,66
2025-09-27T19:05:44.199Z,59.5,21.1,1.914,49.6,0,60,0,0,0,0,0,0,0,0,66
2025-09-27T19:05:45.196Z,59.5,21.1,1.914,50.4,0,60,0,0,0,0,0,0,0,0,66
2025-09-27T19:05:46.195Z,59.5,21.1,1.914,49.6,0,60,0,0,0,0,0,0,0,0,66
2025-09-27T19:05:47.194Z,59.5,21.1,1.914,50.4,0,60,0,0,0,0,0,0,0,0,66
2025-09-27T19:05:48.198Z,59.5,21.1,1.914,49.6,0,60,0,0,0,0,0,0,0,0,66
2025-09-27T19:05:49.196Z,59.5,21.1,1.914,49.6,0,60,0,0,0,0,0,0,0,0,66
2025-09-27T19:05:50.198Z,59.5,21.1,1.914,50.4,0,60,0,0,0,0,0,0,0,0,66
2025-09-27T19:05:51.197Z,59.5,21.1,1.914,49.6,0,60,0,0,0,0,0,0,0,0,66
2025-09-27T19:05:52.196Z,59.5,21.1,1.914,49.6,0,60,0,0,0,0,0,0,0,0,66
2025-09-27T19:05:53.200Z,59.5,21.1,1.914,50.4,0,60,0,0,0,0,0,0,0,0,66
2025-09-27T19:05:54.199Z,59.5,21.1,1.914,49.6,0,60,0,0,0,0,0,0,0,0,66
2025-09-27T19:05:55.201Z,59.5,21.1,1.914,49.6,0,60,0,0,0,0,0,0,0,0,66
2025-09-27T19:05:56.200Z,59.5,21.1,1.914,50.4,0,60,0,0,0,0,0,0,0,0,66
2025-09-27T19:05:57.201Z,59.5,21.1,1.914,49.6,0,60,0,0,0,0,0,0,0,0,66
2025-09-27T19:05:58.200Z,59.5,21.1,1.914,49.6,0,60,0,0,0,0,0,0,0,0,66
2025-09-27T19:05:59.201Z,59.5,21.1,1.914,50.4,0,60,0,0,0,0,0,0,0,0,66
2025-09-27T19:06:00.206Z,59.5,21.1,1.914,49.6,0,60,0,0,0,0,0,0,0,0,66
2025-09-27T19:06:01.205Z,59.5,21.1,1.914,49.6,0,60,0,0,0,0,0,0,0,0,66
2025-09-27T19:06:02.208Z,59.5,21.1,1.914,50.4,0,60,0,0,0,0,0,0,0,0,66
2025-09-27T19:06:03.208Z,59.5,21.1,1.914,49.6,0,60,0,0,0,0,0,0,0,0,66
2025-09-27T19:06:04.206Z,59.5,21.1,1.914,49.6,0,60,0,0,0,0,0,0,0,0,66
2025-09-27T19:06:05.209Z,59.5,21.1,1.914,50.4,0,60,0,0,0,0,0,0,0,0,66
2025-09-27T19:06:06.209Z,59.5,21.1,1.914,49.6,0,60,0,0,0,0,0,0,0,0,66
2025-09-27T19:06:07.209Z,59.5,21.1,1.914,49.6,0,60,0,0,0,0,0,0,0,0,66
2025-09-27T19:06:08.210Z,59.5,21.1,1.914,50.4,0,60,0,0,0,0,0,0,0,0,66
2025-09-27T19:06:09.209Z,59.5,21.1,1.914,50.4,0,60,0,0,0,0,0,0,0,0,66
2025-09-27T19:06:10.211Z,59.5,21.1,1.914,49.6,0,60,0,0,0,0,0,0,0,0,66
2025-09-27T19:06:11.214Z,59.5,21.1,1.914,50.4,0,60,0,0,0,0,0,0,0,0,66
2025-09-27T19:06:12.218Z,59.5,21.1,1.915,50.4,0,60,0,0,0,0,0,0,0,0,66
2025-09-27T19:06:13.217Z,59.5,21.1,1.914,49.6,0,60,0,0,0,0,0,0,0,0,66
2025-09-27T19:06:14.215Z,59.5,21.1,1.914,50.4,0,60,0,0,0,0,0,0,0,0,66
2025-09-27T19:06:15.217Z,59.5,21.1,1.914,49.6,0,60,0,0,0,0,0,0,0,0,66
2025-09-27T19:06:16.233Z,59.5,21.1,1.914,50.4,0,60,0,0,0,0,0,0,0,0,66
2025-09-27T19:06:17.216Z,59.5,21.1,1.914,50.4,0,60,0,0,0,0,0,0,0,0,66
2025-09-27T19:06:18.222Z,59.5,21.1,1.915,49.6,0,60,0,0,0,0,0,0,0,0,66
2025-09-27T19:06:19.221Z,59.5,21.1,1.914,50.4,0,60,0,0,0,0,0,0,0,0,66
2025-09-27T19:06:20.227Z,59.5,21.1,1.915,50.4,0,60,0,0,0,0,0,0,0,0,66
2025-09-27T19:06:21.222Z,59.5,21.1,1.915,49.6,0,60,0,0,0,0,0,0,0,0,66
2025-09-27T19:06:22.224Z,59.5,21.1,1.915,50.4,0,60,0,0,0,0,0,0,0,0,66
2025-09-27T19:06:23.222Z,59.5,21.1,1.914,49.6,0,60,0,0,0,0,0,0,0,0,66
2025-09-27T19:06:24.227Z,59.5,21.1,1.915,50.4,0,60,0,0,0,0,0,0,0,0,66
2025-09-27T19:06:25.227Z,59.5,21.1,1.914,49.6,0,60,0,0,0,0,0,0,0,0,66
2025-09-27T19:06:26.230Z,59.5,21.1,1.915,49.6,0,60,0,0,0,0,0,0,0,0,66
2025-09-27T19:06:27.235Z,59.5,21.1,1.915,50.4,0,60,0,0,0,0,0,0,0,0,66
2025-09-27T19:06:28.227Z,59.5,21.1,1.915,49.6,0,60,0,0,0,0,0,0,0,0,66
2025-09-27T19:06:29.226Z,59.5,21.1,1.914,49.6,0,60,0,0,0,0,0,0,0,0,66
2025-09-27T19:06:30.228Z,59.5,21.1,1.913,50.4,0,60,0,0,0,0,0,0,0,0,66
2025-09-27T19:06:31.228Z,59.5,21.1,1.914,49.6,0,60,0,0,0,0,0,0,0,0,66
2025-09-27T19:06:32.228Z,59.5,21.1,1.914,50.4,0,60,0,0,0,0,0,0,0,0,66
2025-09-27T19:06:33.232Z,59.5,21.1,1.915,50.4,0,60,0,0,0,0,0,0,0,0,66
2025-09-27T19:06:34.231Z,59.5,21.1,1.913,49.6,0,60,0,0,0,0,0,0,0,0,66
2025-09-27T19:06:35.233Z,59.5,21.1,1.914,50.4,0,60,0,0,0,0,0,0,0,0,66
2025-09-27T19:06:36.233Z,59.5,21.1,1.915,49.6,0,60,0,0,0,0,0,0,0,0,66
2025-09-27T19:06:37.236Z,59.5,21.1,1.914,50.4,0,60,0,0,0,0,0,0,0,0,66
2025-09-27T19:06:38.237Z,59.5,21.1,1.914,49.6,0,60,0,0,0,0,0,0,0,0,66
2025-09-27T19:06:39.233Z,59.5,21.1,1.913,49.6,0,60,0,0,0,0,0,0,0,0,66
2025-09-27T19:06:40.236Z,59.5,21.1,1.914,50.4,0,60,0,0,0,0,0,0,0,0,66
2025-09-27T19:06:41.239Z,59.5,21.1,1.914,49.6,0,60,0,0,0,0,0,0,0,0,66
2025-09-27T19:06:42.239Z,59.5,21.1,1.914,50.4,0,60,0,0,0,0,0,0,0,0,66
2025-09-27T19:06:43.244Z,59.5,21.1,1.914,49.6,0,60,0,0,0,0,0,0,0,0,66
2025-09-27T19:06:44.244Z,59.5,21.1,1.914,49.6,0,60,0,0,0,0,0,0,0,0,66
2025-09-27T19:06:45.243Z,59.5,21.1,1.914,50.4,0,60,0,0,0,0,0,0,0,0,66
2025-09-27T19:06:46.242Z,59.5,21.1,1.914,49.6,0,60,0,0,0,0,0,0,0,0,66
2025-09-27T19:06:47.244Z,59.5,21.1,1.914,49.6,0,60,0,0,0,0,0,0,0,0,66
2025-09-27T19:06:48.246Z,59.5,21.1,1.914,50.4,0,60,0,0,0,0,0,0,0,0,66
2025-09-27T19:06:49.242Z,59.5,21.1,1.914,50.4,0,60,0,0,0,0,0,0,0,0,66
2025-09-27T19:06:50.246Z,59.5,21.1,1.914,49.6,0,60,0,0,0,0,0,0,0,0,66
2025-09-27T19:06:51.242Z,59.5,21.1,1.914,50.4,0,60,0,0,0,0,0,0,0,0,66
2025-09-27T19:06:52.250Z,59.5,21.1,1.914,50.4,0,60,0,0,0,0,0,0,0,0,66
2025-09-27T19:06:53.247Z,59.5,21.1,1.914,49.6,0,60,0,0,0,0,0,0,0,0,66
2025-09-27T19:06:54.246Z,59.5,21.1,1.914,50.4,0,60,0,0,0,0,0,0,0,0,66
2025-09-27T19:06:55.246Z,59.5,21.1,1.914,49.6,0,60,0,0,0,0,0,0,0,0,66
2025-09-27T19:06:56.252Z,59.6,21.1,1.914,50.4,0,60,0,0,0,0,0,0,0,0,66
2025-09-27T19:06:57.251Z,59.6,21.1,1.914,49.6,0,60,0,0,0,0,0,0,0,0,66
2025-09-27T19:06:58.256Z,59.6,21.1,1.914,50.4,0,60,0,0,0,0,0,0,0,0,66
2025-09-27T19:06:59.255Z,59.6,21.1,1.914,49.6,0,59.9,0,0,0,0,0,0,0,0,66
2025-09-27T19:07:00.257Z,59.6,21.1,1.914,49.6,0,59.9,0,0,0,0,0,0,0,0,66
2025-09-27T19:07:01.253Z,59.6,21.1,1.914,50.4,0,59.9,0,0,0,0,0,0,0,0,66
2025-09-27T19:07:02.256Z,59.6,21.1,1.914,49.6,0,60,0,0,0,0,0,0,0,0,66
2025-09-27T19:07:03.256Z,59.6,21.1,1.914,49.6,0,60,0,0,0,0,0,0,0,0,66
2025-09-27T19:07:04.256Z,59.6,21.1,1.914,50.4,0,59.9,0,0,0,0,0,0,0,0,66
2025-09-27T19:07:05.256Z,59.6,21.1,1.914,49.6,0,59.9,0,0,0,0,0,0,0,0,66
2025-09-27T19:07:06.259Z,59.6,21.1,1.914,49.6,0,59.9,0,0,0,0,0,0,0,0,66
2025-09-27T19:07:07.265Z,59.6,21.1,1.913,50.4,0,59.9,0,0,0,0,0,0,0,0,66
2025-09-27T19:07:08.261Z,59.6,21.1,1.914,49.6,0,59.9,0,0,0,0,0,0,0,0,66
2025-09-27T19:07:09.263Z,59.6,21.1,1.913,49.6,0,59.9,0,0,0,0,0,0,0,0,66
2025-09-27T19:07:10.262Z,59.6,21.1,1.914,50.4,0,59.9,0,0,0,0,0,0,0,0,66
2025-09-27T19:07:11.262Z,59.6,21.1,1.914,49.6,0,59.9,0,0,0,0,0,0,0,0,66
2025-09-27T19:07:12.264Z,59.6,21.1,1.914,49.6,0,59.9,0,0,0,0,0,0,0,0,66
2025-09-27T19:07:13.262Z,59.6,21.1,1.914,50.4,0,59.9,0,0,0,0,0,0,0,0,66
2025-09-27T19:07:14.262Z,59.6,21.1,1.914,49.6,0,59.9,0,0,0,0,0,0,0,0,66
2025-09-27T19:07:15.266Z,59.6,21.1,1.914,49.6,0,59.9,0,0,0,0,0,0,0,0,66
2025-09-27T19:07:16.270Z,59.6,21.1,1.914,50.4,0,59.9,0,0,0,0,0,0,0,0,66
2025-09-27T19:07:17.270Z,59.6,21.1,1.914,49.6,0,60,0,0,0,0,0,0,0,0,66
2025-09-27T19:07:18.270Z,59.6,21.1,1.913,49.6,0,60,0,0,0,0,0,0,0,0,66
2025-09-27T19:07:19.273Z,59.6,21.1,1.913,50.4,0,59.9,0,0,0,0,0,0,0,0,66
2025-09-27T19:07:20.274Z,59.6,21.1,1.913,50.4,0,59.9,0,0,0,0,0,0,0,0,66
2025-09-27T19:07:21.275Z,59.6,21.1,1.913,49.6,0,59.9,0,0,0,0,0,0,0,0,66
2025-09-27T19:07:22.271Z,59.6,21.1,1.913,50.4,0,59.9,0,0,0,0,0,0,0,0,66
2025-09-27T19:07:23.274Z,59.7,21.1,1.913,50.4,0,60,0,0,0,0,0,0,0,0,66
2025-09-27T19:07:24.274Z,59.6,21.1,1.913,49.6,0,59.9,0,0,0,0,0,0,0,0,66
2025-09-27T19:07:25.275Z,59.6,21.1,1.913,50.4,0,59.9,0,0,0,0,0,0,0,0,66
2025-09-27T19:07:26.279Z,59.7,21.1,1.913,50.4,0,59.9,0,0,0,0,0,0,0,0,66
2025-09-27T19:07:27.278Z,59.6,21.1,1.913,49.6,0,59.9,0,0,0,0,0,0,0,0,66
2025-09-27T19:07:28.279Z,59.7,21.1,1.913,50.4,0,59.9,0,0,0,0,0,0,0,0,66
2025-09-27T19:07:29.279Z,59.7,21.1,1.913,49.6,0,59.9,0,0,0,0,0,0,0,0,66
2025-09-27T19:07:30.283Z,59.7,21.1,1.913,50.4,0,59.9,0,0,0,0,0,0,0,0,66
2025-09-27T19:07:31.288Z,59.7,21.1,1.913,50.4,0,59.9,0,0,0,0,0,0,0,0,66
2025-09-27T19:07:32.281Z,59.7,21.1,1.913,49.6,0,59.9,0,0,0,0,0,0,0,0,66
2025-09-27T19:07:33.281Z,59.7,21.1,1.913,50.4,0,59.9,0,0,0,0,0,0,0,0,66
2025-09-27T19:07:34.287Z,59.7,21.1,1.913,49.6,0,59.9,0,0,0,0,0,0,0,0,66
2025-09-27T19:07:35.287Z,59.7,21.1,1.913,50.4,0,59.9,0,0,0,0,0,0,0,0,66
2025-09-27T19:07:36.287Z,59.7,21.1,1.913,49.6,0,59.9,0,0,0,0,0,0,0,0,66
2025-09-27T19:07:37.286Z,59.7,21.1,1.912,49.6,0,59.9,0,0,0,0,0,0,0,0,66
2025-09-27T19:07:38.287Z,59.7,21.1,1.913,50.4,0,59.9,0,0,0,0,0,0,0,0,66
2025-09-27T19:07:39.287Z,59.7,21.1,1.913,49.6,0,59.9,0,0,0,0,0,0,0,0,66
2025-09-27T19:07:40.292Z,59.7,21.1,1.913,50.4,0,59.9,0,0,0,0,0,0,0,0,66
2025-09-27T19:07:41.294Z,59.7,21.1,1.914,49.6,0,59.9,0,0,0,0,0,0,0,0,66
2025-09-27T19:07:42.293Z,59.7,21.1,1.913,50.4,0,59.9,0,0,0,0,0,0,0,0,66
2025-09-27T19:07:43.291Z,59.7,21.1,1.913,49.6,0,59.9,0,0,0,0,0,0,0,0,66
2025-09-27T19:07:44.290Z,59.7,21.1,1.912,49.6,0,59.9,0,0,0,0,0,0,0,0,66
2025-09-27T19:07:45.297Z,59.7,21.1,1.913,50.4,0,59.9,0,0,0,0,0,0,0,0,66
2025-09-27T19:07:46.296Z,59.7,21.1,1.912,49.6,0,59.9,0,0,0,0,0,0,0,0,66
2025-09-27T19:07:47.300Z,59.7,21.1,1.913,49.6,0,59.9,0,0,0,0,0,0,0,0,66
2025-09-27T19:07:48.301Z,59.7,21.1,1.913,50.4,0,59.9,0,0,0,0,0,0,0,0,66
2025-09-27T19:07:49.300Z,59.8,21.1,1.913,49.6,0,59.9,0,0,0,0,0,0,0,0,66
2025-09-27T19:07:50.298Z,59.7,21.1,1.912,49.6,0,59.9,0,0,0,0,0,0,0,0,66
2025-09-27T19:07:51.298Z,59.8,21.1,1.912,50.4,0,59.9,0,0,0,0,0,0,0,0,66
2025-09-27T19:07:52.298Z,59.8,21.1,1.912,49.6,0,59.9,0,0,0,0,0,0,0,0,66
2025-09-27T19:07:53.303Z,59.8,21.1,1.913,49.6,0,59.9,0,0,0,0,0,0,0,0,66
2025-09-27T19:07:54.307Z,59.8,21.1,1.913,50.4,0,59.9,0,0,0,0,0,0,0,0,66
2025-09-27T19:07:55.304Z,59.8,21.1,1.913,49.6,0,59.9,0,0,0,0,0,0,0,0,66
2025-09-27T19:07:56.303Z,59.8,21.1,1.913,49.6,0,59.9,0,0,0,0,0,0,0,0,66
2025-09-27T19:07:57.304Z,59.8,21.1,1.912,50.4,0,59.9,0,0,0,0,0,0,0,0,66
2025-09-27T19:07:58.308Z,59.8,21.1,1.913,50.4,0,59.9,0,0,0,0,0,0,0,0,66
2025-09-27T19:07:59.306Z,59.8,21.1,1.913,49.6,0,59.9,0,0,0,0,0,0,0,0,66
2025-09-27T19:08:00.305Z,59.8,21.1,1.913,50.4,0,59.9,0,0,0,0,0,0,0,0,66
2025-09-27T19:08:01.307Z,59.8,21.1,1.912,49.6,0,59.9,0,0,0,0,0,0,0,0,66
2025-09-27T19:08:02.307Z,59.8,21.1,1.912,49.6,0,59.9,0,0,0,0,0,0,0,0,66
2025-09-27T19:08:03.313Z,59.8,21.1,1.912,50.4,0,59.9,0,0,0,0,0,0,0,0,66
2025-09-27T19:08:04.312Z,59.8,21.1,1.912,49.6,0,59.9,0,0,0,0,0,0,0,0,66
2025-09-27T19:08:05.313Z,59.8,21.1,1.912,49.6,0,59.9,0,0,0,0,0,0,0,0,66
2025-09-27T19:08:06.318Z,59.8,21.1,1.912,50.4,0,59.9,0,0,0,0,0,0,0,0,66
2025-09-27T19:08:07.312Z,59.8,21.1,1.912,50.4,0,59.9,0,0,0,0,0,0,0,0,66
2025-09-27T19:08:08.317Z,59.8,21.1,1.912,49.6,0,59.9,0,0,0,0,0,0,0,0,66
2025-09-27T19:08:09.314Z,59.8,21.1,1.912,50.4,0,59.9,0,0,0,0,0,0,0,0,66
2025-09-27T19:08:10.319Z,59.9,21.1,1.912,49.6,0,59.9,0,0,0,0,0,0,0,0,66
2025-09-27T19:08:11.315Z,59.8,21.1,1.912,49.6,0,59.9,0,0,0,0,0,0,0,0,66
2025-09-27T19:08:12.317Z,59.9,21.1,1.912,50.4,0,59.9,0,0,0,0,0,0,0,0,66
2025-09-27T19:08:13.316Z,59.9,21.1,1.912,50.4,0,59.9,0,0,0,0,0,0,0,0,66
2025-09-27T19:08:14.321Z,59.9,21.1,1.912,49.6,0,59.9,0,0,0,0,0,0,0,0,66
2025-09-27T19:08:15.326Z,59.9,21.1,1.912,50.4,0,59.9,0,0,0,0,0,0,0,0,66
2025-09-27T19:08:16.323Z,59.9,21.1,1.912,50.4,0,59.9,0,0,0,0,0,0,0,0,66
2025-09-27T19:08:17.323Z,59.9,21.1,1.912,49.6,0,59.9,0,0,0,0,0,0,0,0,66
2025-09-27T19:08:18.325Z,59.9,21.1,1.912,50.4,0,59.9,0,0,0,0,0,0,0,0,66
2025-09-27T19:08:19.329Z,59.9,21.1,1.912,50.4,0,59.9,0,0,0,0,0,0,0,0,66
2025-09-27T19:08:20.331Z,59.9,21.1,1.912,49.6,0,59.9,0,0,0,0,0,0,0,0,66
2025-09-27T19:08:21.328Z,59.9,21.1,1.912,50.4,0,59.9,0,0,0,0,0,0,0,0,66
2025-09-27T19:08:22.327Z,59.9,21.1,1.912,49.6,0,59.9,0,0,0,0,0,0,0,0,66
2025-09-27T19:08:23.331Z,59.9,21.1,1.912,50.4,0,59.9,0,0,0,0,0,0,0,0,66
2025-09-27T19:08:24.330Z,59.9,21.1,1.912,49.6,0,59.9,0,0,0,0,0,0,0,0,66
2025-09-27T19:08:25.335Z,59.9,21.1,1.912,49.6,0,59.9,0,0,0,0,0,0,0,0,66
2025-09-27T19:08:26.330Z,59.9,21.1,1.912,50.4,0,59.9,0,0,0,0,0,0,0,0,66
2025-09-27T19:08:27.337Z,59.9,21.1,1.912,49.6,0,59.9,0,0,0,0,0,0,0,0,66
2025-09-27T19:08:28.332Z,59.9,21.1,1.912,49.6,0,59.9,0,0,0,0,0,0,0,0,66
2025-09-27T19:08:29.337Z,60,21.1,1.912,50.4,0,59.9,0,0,0,0,0,0,0,0,66
2025-09-27T19:08:30.335Z,60,21.1,1.912,49.6,0,59.9,0,0,0,0,0,0,0,0,66
2025-09-27T19:08:31.334Z,60,21.1,1.912,50.4,0,59.9,0,0,0,0,0,0,0,0,66
2025-09-27T19:08:32.338Z,60,21.1,1.912,50.4,0,59.9,0,0,0,0,0,0,0,0,66
2025-09-27T19:08:33.339Z,60,21.1,1.912,49.6,0,59.9,0,0,0,0,0,0,0,0,66
2025-09-27T19:08:34.338Z,60,21.1,1.912,50.4,0,59.9,0,0,0,0,0,0,0,0,66
2025-09-27T19:08:35.336Z,60,21.1,1.912,49.6,0,59.9,0,0,0,0,0,0,0,0,66
2025-09-27T19:08:36.342Z,60,21.1,1.912,50.4,0,59.9,0,0,0,0,0,0,0,0,66
2025-09-27T19:08:37.343Z,60,21.1,1.912,50.4,0,59.9,0,0,0,0,0,0,0,0,66
2025-09-27T19:08:38.344Z,60,21.1,1.912,49.6,0,59.9,0,0,0,0,0,0,0,0,66
2025-09-27T19:08:39.346Z,60,21.1,1.912,50.4,0,59.9,0,0,0,0,0,0,0,0,66
2025-09-27T19:08:40.350Z,60,21.1,1.912,49.6,0,59.9,0,0,0,0,0,0,0,0,66
2025-09-27T19:08:41.349Z,60,21.1,1.912,50.4,0,59.9,0,0,0,0,0,0,0,0,66
2025-09-27T19:08:42.349Z,60,21.1,1.911,49.6,0,59.9,0,0,0,0,0,0,0,0,66
2025-09-27T19:08:43.350Z,60,21.1,1.911,50.4,0,59.9,0,0,0,0,0,0,0,0,66
2025-09-27T19:08:44.350Z,60,21.1,1.911,49.6,0,59.9,0,0,0,0,0,0,0,0,66
2025-09-27T19:08:45.350Z,60,21.1,1.911,50.4,0,59.9,0,0,0,0,0,0,0,0,66
2025-09-27T19:08:46.353Z,60.1,21.1,1.911,49.6,0,59.9,0,0,0,0,0,0,0,0,66
2025-09-27T19:08:47.354Z,60.1,21.1,1.911,50.4,0,59.9,0,0,0,0,0,0,0,0,66
2025-09-27T19:08:48.347Z,60.1,21.1,1.911,49.6,0,59.9,0,0,0,0,0,0,0,0,66
2025-09-27T19:08:49.349Z,60.1,21.1,1.911,50.4,0,59.9,0,0,0,0,0,0,0,0,66
2025-09-27T19:08:50.355Z,60.1,21.1,1.911,49.6,0,59.9,0,0,0,0,0,0,0,0,66
2025-09-27T19:08:51.355Z,60.1,21.1,1.911,50.4,0,59.9,0,0,0,0,0,0,0,0,66
2025-09-27T19:08:52.358Z,60.1,21.1,1.911,49.6,0,59.9,0,0,0,0,0,0,0,0,66
2025-09-27T19:08:53.356Z,60.1,21.1,1.911,49.6,0,59.9,0,0,0,0,0,0,0,0,66
2025-09-27T19:08:54.353Z,60.1,21.1,1.911,50.4,0,59.9,0,0,0,0,0,0,0,0,66
2025-09-27T19:08:55.360Z,60.1,21.1,1.91,49.6,0,59.9,0,0,0,0,0,0,0,0,66
2025-09-27T19:08:56.355Z,60.1,21.1,1.91,50.4,0,59.9,0,0,0,0,0,0,0,0,66
2025-09-27T19:08:57.358Z,60.1,21.1,1.91,49.6,0,59.9,0,0,0,0,0,0,0,0,66
2025-09-27T19:08:58.360Z,60.1,21.1,1.91,50.4,0,59.9,0,0,0,0,0,0,0,0,66
2025-09-27T19:08:59.361Z,60.1,21.1,1.91,49.6,0,59.9,0,0,0,0,0,0,0,0,66
2025-09-27T19:09:00.356Z,60.1,21.1,1.91,50.4,0,59.9,0,0,0,0,0,0,0,0,66
2025-09-27T19:09:01.361Z,60.1,21.1,1.91,49.6,0,59.9,0,0,0,0,0,0,0,0,66
2025-09-27T19:09:02.363Z,60.1,21.1,1.91,49.6,0,59.9,0,0,0,0,0,0,0,0,66
2025-09-27T19:09:03.360Z,60.2,21.1,1.91,49.6,0,59.9,0,0,0,0,0,0,0,0,66
2025-09-27T19:09:04.362Z,60.2,21.1,1.91,49.6,0,59.9,0,0,0,0,0,0,0,0,66
2025-09-27T19:09:05.365Z,60.2,21.1,1.91,50.4,0,59.9,0,0,0,0,0,0,0,0,66
2025-09-27T19:09:06.364Z,60.2,21.1,1.91,50.4,0,59.9,0,0,0,0,0,0,0,0,66
2025-09-27T19:09:07.364Z,60.2,21.1,1.91,49.6,0,59.9,0,0,0,0,0,0,0,0,66
2025-09-27T19:09:08.372Z,60.2,21.1,1.911,50.4,0,59.9,0,0,0,0,0,0,0,0,66
2025-09-27T19:09:09.371Z,60.2,21.1,1.91,49.6,0,59.9,0,0,0,0,0,0,0,0,66
2025-09-27T19:09:10.368Z,60.2,21.1,1.91,50.4,0,59.9,0,0,0,0,0,0,0,0,66
2025-09-27T19:09:11.367Z,60.2,21.1,1.91,49.6,0,59.9,0,0,0,0,0,0,0,0,66
2025-09-27T19:09:12.366Z,60.2,21.1,1.91,49.6,0,59.9,0,0,0,0,0,0,0,0,66
2025-09-27T19:09:13.368Z,60.2,21.1,1.91,50.4,0,59.9,0,0,0,0,0,0,0,0,66
2025-09-27T19:09:14.372Z,60.2,21.1,1.91,49.6,0,59.9,0,0,0,0,0,0,0,0,66
2025-09-27T19:09:15.371Z,60.2,21.1,1.91,50.4,0,59.9,0,0,0,0,0,0,0,0,66
2025-09-27T19:09:16.373Z,60.2,21.1,1.91,50.4,0,59.9,0,0,0,0,0,0,0,0,66
2025-09-27T19:09:17.376Z,60.2,21.1,1.911,49.6,0,59.9,0,0,0,0,0,0,0,0,66
2025-09-27T19:09:18.375Z,60.3,21.1,1.91,50.4,0,59.9,0,0,0,0,0,0,0,0,66
2025-09-27T19:09:19.378Z,60.3,21.1,1.911,49.6,0,59.9,0,0,0,0,0,0,0,0,66
2025-09-27T19:09:20.385Z,60.3,21.1,1.911,50.4,0,59.9,0,0,0,0,0,0,0,0,66
2025-09-27T19:09:21.381Z,60.3,21.1,1.911,50.4,0,59.9,0,0,0,0,0,0,0,0,66
2025-09-27T19:09:22.384Z,60.3,21.1,1.911,49.6,0,59.9,0,0,0,0,0,0,0,0,66
2025-09-27T19:09:23.381Z,60.3,21.1,1.911,50.4,0,59.9,0,0,0,0,0,0,0,0,66
2025-09-27T19:09:24.377Z,60.3,21.1,1.911,49.6,0,59.9,0,0,0,0,0,0,0,0,66
2025-09-27T19:09:25.387Z,60.3,21.1,1.911,50.4,0,59.9,0,0,0,0,0,0,0,0,66
2025-09-27T19:09:26.389Z,60.3,21.1,1.911,49.6,0,59.9,0,0,0,0,0,0,0,0,66
2025-09-27T19:09:27.384Z,60.3,21.1,1.911,50.4,0,59.9,0,0,0,0,0,0,0,0,66
2025-09-27T19:09:28.385Z,60.3,21.1,1.911,50.4,0,59.9,0,0,0,0,0,0,0,0,66
2025-09-27T19:09:29.392Z,60.3,21.1,1.911,49.6,0,59.9,0,0,0,0,0,0,0,0,66
2025-09-27T19:09:30.390Z,60.3,21.1,1.911,50.4,0,59.9,0,0,0,0,0,0,0,0,66
2025-09-27T19:09:31.392Z,60.3,21.1,1.911,49.6,0,59.9,0,0,0,0,0,0,0,0,66
2025-09-27T19:09:32.392Z,60.3,21.1,1.911,49.6,0,59.9,0,0,0,0,0,0,0,0,66
2025-09-27T19:09:33.392Z,60.4,21.1,1.911,49.6,0,59.9,0,0,0,0,0,0,0,0,66
2025-09-27T19:09:34.398Z,60.4,21.1,1.91,50.4,0,59.9,0,0,0,0,0,0,0,0,66
2025-09-27T19:09:35.390Z,60.4,21.1,1.911,49.6,0,59.9,0,0,0,0,0,0,0,0,66
2025-09-27T19:09:36.395Z,60.4,21.1,1.911,49.6,0,59.9,0,0,0,0,0,0,0,0,66
2025-09-27T19:09:37.394Z,60.4,21.1,1.91,50.4,0,59.9,0,0,0,0,0,0,0,0,66
2025-09-27T19:09:38.401Z,60.4,21.1,1.91,49.6,0,59.9,0,0,0,0,0,0,0,0,66
2025-09-27T19:09:39.403Z,60.4,21.1,1.909,50.4,0,59.9,0,0,0,0,0,0,0,0,66
2025-09-27T19:09:40.407Z,60.4,21.1,1.91,50.4,0,59.9,0,0,0,0,0,0,0,0,66
2025-09-27T19:09:41.397Z,60.4,21.1,1.911,49.6,0,59.9,0,0,0,0,0,0,0,0,66
2025-09-27T19:09:42.403Z,60.4,21.1,1.909,50.4,0,59.9,0,0,0,0,0,0,0,0,66
2025-09-27T19:09:43.406Z,60.4,21.1,1.909,49.6,0,59.9,0,0,0,0,0,0,0,0,66
2025-09-27T19:09:44.406Z,60.4,21.1,1.909,50.4,0,59.9,0,0,0,0,0,0,0,0,66
2025-09-27T19:09:45.408Z,60.4,21.1,1.909,49.6,0,59.9,0,0,0,0,0,0,0,0,66
2025-09-27T19:09:46.406Z,60.4,21.1,1.909,49.6,0,59.9,0,0,0,0,0,0,0,0,66
2025-09-27T19:09:47.404Z,60.4,21.1,1.91,50.4,0,59.9,0,0,0,0,0,0,0,0,66
2025-09-27T19:09:48.408Z,60.4,21.1,1.909,49.6,0,59.9,0,0,0,0,0,0,0,0,66
2025-09-27T19:09:49.414Z,60.4,21.1,1.909,50.4,0,59.9,0,0,0,0,0,0,0,0,66
2025-09-27T19:09:50.418Z,60.5,21.1,1.91,49.6,0,59.9,0,0,0,0,0,0,0,0,66
2025-09-27T19:09:51.409Z,60.5,21.1,1.909,50.4,0,59.9,0,0,0,0,0,0,0,0,66
2025-09-27T19:09:52.411Z,60.5,21.1,1.909,49.6,0,59.9,0,0,0,0,0,0,0,0,66
2025-09-27T19:09:53.409Z,60.5,21.1,1.909,49.6,0,59.9,0,0,0,0,0,0,0,0,66
2025-09-27T19:09:54.408Z,60.5,21.1,1.909,50.4,0,59.9,0,0,0,0,0,0,0,0,66
2025-09-27T19:09:55.412Z,60.5,21.1,1.909,49.6,0,59.9,0,0,0,0,0,0,0,0,66
2025-09-27T19:09:56.415Z,60.5,21.1,1.909,49.6,0,59.9,0,0,0,0,0,0,0,0,66
2025-09-27T19:09:57.413Z,60.5,21.1,1.909,50.4,0,59.9,0,0,0,0,0,0,0,0,66
2025-09-27T19:09:58.412Z,60.5,21.1,1.909,49.6,0,59.9,0,0,0,0,0,0,0,0,66
2025-09-27T19:09:59.412Z,60.5,21.1,1.909,50.4,0,59.9,0,0,0,0,0,0,0,0,66
2025-09-27T19:10:00.411Z,60.5,21.1,1.909,49.6,0,59.9,0,0,0,0,0,0,0,0,66
2025-09-27T19:10:01.416Z,60.5,21.1,1.909,49.6,0,59.9,0,0,0,0,0,0,0,0,66
2025-09-27T19:10:02.416Z,60.5,21.1,1.909,50.4,0,59.9,0,0,0,0,0,0,0,0,66
2025-09-27T19:10:03.418Z,60.5,21.1,1.909,49.6,0,59.9,0,0,0,0,0,0,0,0,66
2025-09-27T19:10:04.419Z,60.5,21.1,1.909,49.6,0,59.9,0,0,0,0,0,0,0,0,66
2025-09-27T19:10:05.420Z,60.5,21.1,1.909,50.4,0,59.9,0,0,0,0,0,0,0,0,66
2025-09-27T19:10:06.424Z,60.5,21.1,1.909,49.6,0,59.9,0,0,0,0,0,0,0,0,66
2025-09-27T19:10:07.419Z,60.5,21.1,1.909,50.4,0,59.9,0,0,0,0,0,0,0,0,66
2025-09-27T19:10:08.422Z,60.6,21.1,1.909,50.4,0,59.9,0,0,0,0,0,0,0,0,66
2025-09-27T19:10:09.425Z,60.6,21.1,1.909,49.6,0,59.9,0,0,0,0,0,0,0,0,66
2025-09-27T19:10:10.424Z,60.6,21.1,1.909,50.4,0,59.9,0,0,0,0,0,0,0,0,66
2025-09-27T19:10:11.426Z,60.6,21.1,1.909,49.6,0,59.9,0,0,0,0,0,0,0,0,66
2025-09-27T19:10:12.425Z,60.6,21.1,1.909,50.4,0,59.9,0,0,0,0,0,0,0,0,66
2025-09-27T19:10:13.426Z,60.6,21.1,1.909,49.6,0,59.9,0,0,0,0,0,0,0,0,66
2025-09-27T19:10:14.428Z,60.6,21.1,1.909,49.6,0,59.9,0,0,0,0,0,0,0,0,66
2025-09-27T19:10:15.436Z,60.6,21.1,1.909,50.4,0,59.9,0,0,0,0,0,0,0,0,66
2025-09-27T19:10:16.430Z,60.6,21.1,1.909,49.6,0,59.9,0,0,0,0,0,0,0,0,66
2025-09-27T19:10:17.431Z,60.6,21.1,1.909,50.4,0,59.9,0,0,0,0,0,0,0,0,66
2025-09-27T19:10:18.433Z,60.6,21.1,1.909,49.6,0,59.9,0,0,0,0,0,0,0,0,66
2025-09-27T19:10:19.434Z,60.6,21.1,1.909,49.6,0,59.9,0,0,0,0,0,0,0,0,66
2025-09-27T19:10:20.434Z,60.6,21.1,1.909,50.4,0,59.9,0,0,0,0,0,0,0,0,66
2025-09-27T19:10:21.432Z,60.6,21.1,1.909,50.4,0,59.9,0,0,0,0,0,0,0,0,66
2025-09-27T19:10:22.439Z,60.6,21.1,1.909,49.6,0,59.9,0,0,0,0,0,0,0,0,66
2025-09-27T19:10:23.434Z,60.6,21.1,1.909,50.4,0,59.9,0,0,0,0,0,0,0,0,66
2025-09-27T19:10:24.435Z,60.6,21.1,1.909,49.6,0,59.9,0,0,0,0,0,0,0,0,66
2025-09-27T19:10:25.438Z,60.6,21.1,1.909,50.4,0,59.9,0,0,0,0,0,0,0,0,66
2025-09-27T19:10:26.443Z,60.6,21.1,1.909,49.6,0,59.9,0,0,0,0,0,0,0,0,66
2025-09-27T19:10:27.444Z,60.6,21.1,1.909,50.4,0,59.9,0,0,0,0,0,0,0,0,66
2025-09-27T19:10:28.441Z,60.6,21.1,1.909,50.4,0,59.9,0,0,0,0,0,0,0,0,66
2025-09-27T19:10:29.441Z,60.7,21.1,1.909,49.6,0,59.9,0,0,0,0,0,0,0,0,66
2025-09-27T19:10:30.442Z,60.7,21.1,1.909,50.4,0,59.9,0,0,0,0,0,0,0,0,66
2025-09-27T19:10:31.442Z,60.7,21.1,1.909,49.6,0,59.9,0,0,0,0,0,0,0,0,66
2025-09-27T19:10:32.448Z,60.7,21.1,1.909,50.4,0,59.9,0,0,0,0,0,0,0,0,66
2025-09-27T19:10:33.449Z,60.7,21.1,1.909,49.6,0,59.9,0,0,0,0,0,0,0,0,66
2025-09-27T19:10:34.445Z,60.7,21.1,1.909,50.4,0,59.9,0,0,0,0,0,0,0,0,66
2025-09-27T19:10:35.449Z,60.7,21.1,1.909,49.6,0,59.9,0,0,0,0,0,0,0,0,66
2025-09-27T19:10:36.446Z,60.7,21.1,1.909,49.6,0,59.9,0,0,0,0,0,0,0,0,66
2025-09-27T19:10:37.451Z,60.7,21.1,1.909,50.4,0,59.9,0,0,0,0,0,0,0,0,66
2025-09-27T19:10:38.446Z,60.7,21.1,1.909,49.6,0,59.9,0,0,0,0,0,0,0,0,66
2025-09-27T19:10:39.449Z,60.7,21.1,1.909,49.6,0,59.9,0,0,0,0,0,0,0,0,66
2025-09-27T19:10:40.447Z,60.7,21.1,1.909,50.4,0,59.9,0,0,0,0,0,0,0,0,66
2025-09-27T19:10:41.452Z,60.7,21.1,1.909,49.6,0,59.9,0,0,0,0,0,0,0,0,66
2025-09-27T19:10:42.455Z,60.7,21.1,1.909,50.4,0,59.9,0,0,0,0,0,0,0,0,66
2025-09-27T19:10:43.454Z,60.7,21.1,1.909,50.4,0,59.9,0,0,0,0,0,0,0,0,66
2025-09-27T19:10:44.460Z,60.7,21.1,1.909,49.6,0,59.9,0,0,0,0,0,0,0,0,66
2025-09-27T19:10:45.455Z,60.7,21.1,1.909,50.4,0,59.9,0,0,0,0,0,0,0,0,66
2025-09-27T19:10:46.462Z,60.7,21.1,1.909,49.6,0,59.9,0,0,0,0,0,0,0,0,66
2025-09-27T19:10:47.459Z,60.7,21.1,1.909,50.4,0,59.9,0,0,0,0,0,0,0,0,66
2025-09-27T19:10:48.465Z,60.7,21.1,1.908,49.6,0,59.9,0,0,0,0,0,0,0,0,66
2025-09-27T19:10:49.467Z,60.7,21.1,1.906,50.4,0,59.9,0,0,0,0,0,0,0,0,66
2025-09-27T19:10:50.470Z,60.7,21.1,1.908,49.6,0,59.9,0,0,0,0,0,0,0,0,66
2025-09-27T19:10:51.464Z,60.8,21.1,1.908,49.6,0,59.9,0,0,0,0,0,0,0,0,66
2025-09-27T19:10:52.467Z,60.8,21.1,1.906,50.4,0,59.9,0,0,0,0,0,0,0,0,66
2025-09-27T19:10:53.469Z,60.8,21.1,1.908,49.6,0,59.9,0,0,0,0,0,0,0,0,66
2025-09-27T19:10:54.468Z,60.8,21.1,1.906,50.4,0,59.9,0,0,0,0,0,0,0,0,66
2025-09-27T19:10:55.469Z,60.8,21.1,1.908,49.6,0,59.9,0,0,0,0,0,0,0,0,66
2025-09-27T19:10:56.470Z,60.8,21.1,1.906,49.6,0,59.9,0,0,0,0,0,0,0,0,66
2025-09-27T19:10:57.465Z,60.8,21.1,1.907,50.4,0,59.9,0,0,0,0,0,0,0,0,66
2025-09-27T19:10:58.464Z,60.8,21.1,1.907,49.6,0,59.9,0,0,0,0,0,0,0,0,66
2025-09-27T19:10:59.468Z,60.8,21.1,1.906,49.6,0,59.9,0,0,0,0,0,0,0,0,66
2025-09-27T19:11:00.465Z,60.8,21.1,1.907,50.4,0,59.9,0,0,0,0,0,0,0,0,66
2025-09-27T19:11:01.468Z,60.8,21.1,1.906,49.6,0,59.9,0,0,0,0,0,0,0,0,66
2025-09-27T19:11:02.470Z,60.8,21.1,1.908,49.6,0,59.9,0,0,0,0,0,0,0,0,66
2025-09-27T19:11:03.474Z,60.8,21.1,1.906,50.4,0,59.9,0,0,0,0,0,0,0,0,66
2025-09-27T19:11:04.475Z,60.8,21.1,1.906,49.6,0,59.9,0,0,0,0,0,0,0,0,66
2025-09-27T19:11:05.474Z,60.8,21.1,1.906,50.4,0,59.9,0,0,0,0,0,0,0,0,66
2025-09-27T19:11:06.477Z,60.8,21.1,1.906,50.4,0,59.9,0,0,0,0,0,0,0,0,66
2025-09-27T19:11:07.476Z,60.8,21.1,1.906,49.6,0,59.9,0,0,0,0,0,0,0,0,66
2025-09-27T19:11:08.475Z,60.8,21.1,1.906,50.4,0,59.9,0,0,0,0,0,0,0,0,66
2025-09-27T19:11:09.478Z,60.8,21.1,1.906,49.6,0,59.9,0,0,0,0,0,0,0,0,66
2025-09-27T19:11:10.477Z,60.8,21.1,1.906,50.4,0,59.9,0,0,0,0,0,0,0,0,66
2025-09-27T19:11:11.478Z,60.8,21.1,1.906,49.6,0,59.9,0,0,0,0,0,0,0,0,66
2025-09-27T19:11:12.476Z,60.8,21.1,1.906,50.4,0,59.9,0,0,0,0,0,0,0,0,66
2025-09-27T19:11:13.480Z,60.8,21.1,1.906,49.6,0,59.9,0,0,0,0,0,0,0,0,66
2025-09-27T19:11:14.483Z,60.8,21.1,1.906,49.6,0,59.9,0,0,0,0,0,0,0,0,66
2025-09-27T19:11:15.481Z,60.8,21.1,1.906,50.4,0,59.9,0,0,0,0,0,0,0,0,66
2025-09-27T19:11:16.487Z,60.8,21.1,1.906,49.6,0,59.9,0,0,0,0,0,0,0,0,66
2025-09-27T19:11:17.485Z,60.8,21.1,1.906,49.6,0,59.9,0,0,0,0,0,0,0,0,66
2025-09-27T19:11:18.485Z,60.8,21.1,1.906,50.4,0,59.9,0,0,0,0,0,0,0,0,66
2025-09-27T19:11:19.487Z,60.9,21.1,1.906,49.6,0,59.9,0,0,0,0,0,0,0,0,66
2025-09-27T19:11:20.488Z,60.9,21.1,1.906,49.6,0,59.9,0,0,0,0,0,0,0,0,66
2025-09-27T19:11:21.487Z,60.9,21.1,1.906,50.4,0,59.9,0,0,0,0,0,0,0,0,66
2025-09-27T19:11:22.489Z,60.9,21.1,1.906,49.6,0,59.9,0,0,0,0,0,0,0,0,66
2025-09-27T19:11:23.489Z,60.9,21.1,1.906,50.4,0,59.9,0,0,0,0,0,0,0,0,66
2025-09-27T19:11:24.491Z,60.9,21.1,1.906,50.4,0,59.9,0,0,0,0,0,0,0,0,66
2025-09-27T19:11:25.492Z,60.9,21.1,1.906,49.6,0,59.9,0,0,0,0,0,0,0,0,66
2025-09-27T19:11:26.488Z,60.9,21.1,1.906,50.4,0,59.9,0,0,0,0,0,0,0,0,66
2025-09-27T19:11:27.490Z,60.9,21.1,1.906,49.6,0,59.9,0,0,0,0,0,0,0,0,66
2025-09-27T19:11:28.492Z,60.9,21.1,1.906,50.4,0,59.9,0,0,0,0,0,0,0,0,66
2025-09-27T19:11:29.501Z,60.9,21.1,1.907,50.4,0,59.9,0,0,0,0,0,0,0,0,66
2025-09-27T19:11:30.495Z,60.9,21.1,1.906,49.6,0,59.9,0,0,0,0,0,0,0,0,66
2025-09-27T19:11:31.498Z,60.9,21.1,1.907,50.4,0,59.9,0,0,0,0,0,0,0,0,66
2025-09-27T19:11:32.498Z,60.9,21.1,1.907,49.6,0,59.9,0,0,0,0,0,0,0,0,66
2025-09-27T19:11:33.501Z,60.9,21.1,1.907,50.4,0,59.9,0,0,0,0,0,0,0,0,66
2025-09-27T19:11:34.499Z,60.9,21.1,1.907,49.6,0,59.9,0,0,0,0,0,0,0,0,66
2025-09-27T19:11:35.500Z,60.9,21.1,1.907,49.6,0,59.9,0,0,0,0,0,0,0,0,66
2025-09-27T19:11:36.503Z,60.9,21.1,1.907,50.4,0,59.9,0,0,0,0,0,0,0,0,66
2025-09-27T19:11:37.502Z,60.9,21.1,1.907,49.6,0,59.9,0,0,0,0,0,0,0,0,66
2025-09-27T19:11:38.504Z,60.9,21.1,1.907,49.6,0,59.9,0,0,0,0,0,0,0,0,66
2025-09-27T19:11:39.500Z,60.9,21.1,1.906,50.4,0,59.9,0,0,0,0,0,0,0,0,66
2025-09-27T19:11:40.506Z,60.9,21.1,1.907,49.6,0,59.9,0,0,0,0,0,0,0,0,66
2025-09-27T19:11:41.506Z,60.9,21.1,1.907,50.4,0,59.9,0,0,0,0,0,0,0,0,66
2025-09-27T19:11:42.508Z,60.9,21.1,1.907,49.6,0,59.9,0,0,0,0,0,0,0,0,66
2025-09-27T19:11:43.507Z,60.9,21.1,1.907,49.6,0,59.9,0,0,0,0,0,0,0,0,66
2025-09-27T19:11:44.517Z,60.9,21.1,1.907,50.4,0,59.9,0,0,0,0,0,0,0,0,66
2025-09-27T19:11:45.512Z,60.9,21.1,1.907,49.6,0,59.9,0,0,0,0,0,0,0,0,66
2025-09-27T19:11:46.513Z,60.9,21.1,1.907,50.4,0,59.9,0,0,0,0,0,0,0,0,66
2025-09-27T19:11:47.516Z,60.9,21.1,1.907,49.6,0,59.9,0,0,0,0,0,0,0,0,66
2025-09-27T19:11:48.514Z,60.9,21.1,1.907,49.6,0,59.9,0,0,0,0,0,0,0,0,66
2025-09-27T19:11:49.514Z,60.9,21.1,1.907,50.4,0,59.9,0,0,0,0,0,0,0,0,66
2025-09-27T19:11:50.514Z,60.9,21.1,1.907,50.4,0,59.9,0,0,0,0,0,0,0,0,66
2025-09-27T19:11:51.516Z,60.9,21.1,1.907,49.6,0,59.9,0,0,0,0,0,0,0,0,66
2025-09-27T19:11:52.515Z,60.9,21.1,1.907,50.4,0,59.9,0,0,0,0,0,0,0,0,66
2025-09-27T19:11:53.519Z,60.9,21.1,1.906,49.6,0,59.9,0,0,0,0,0,0,0,0,66
2025-09-27T19:11:54.520Z,60.9,21.1,1.906,50.4,0,59.9,0,0,0,0,0,0,0,0,66
2025-09-27T19:11:55.523Z,60.9,21.1,1.906,49.6,0,59.9,0,0,0,0,0,0,0,0,66
2025-09-27T19:11:56.527Z,60.9,21.1,1.906,49.6,0,59.9,0,0,0,0,0,0,0,0,66
2025-09-27T19:11:57.526Z,60.9,21.1,1.906,50.4,0,59.9,0,0,0,0,0,0,0,0,66
2025-09-27T19:11:58.529Z,60.9,21.1,1.906,50.4,0,59.9,0,0,0,0,0,0,0,0,66
2025-09-27T19:11:59.524Z,60.9,21.1,1.906,49.6,0,59.9,0,0,0,0,0,0,0,0,66
2025-09-27T19:12:00.531Z,60.9,21.1,1.906,50.4,0,59.9,0,0,0,0,0,0,0,0,66
2025-09-27T19:12:01.529Z,60.9,21.1,1.906,49.6,0,59.9,0,0,0,0,0,0,0,0,66
2025-09-27T19:12:02.527Z,60.9,21.1,1.906,50.4,0,59.9,0,0,0,0,0,0,0,0,66
2025-09-27T19:12:03.528Z,60.9,21.1,1.906,49.6,0,59.9,0,0,0,0,0,0,0,0,66
2025-09-27T19:12:04.529Z,60.9,21.1,1.906,50.4,0,59.9,0,0,0,0,0,0,0,0,66
2025-09-27T19:12:05.529Z,60.9,21.1,1.906,49.6,0,59.9,0,0,0,0,0,0,0,0,66
2025-09-27T19:12:06.533Z,60.9,21.1,1.906,50.4,0,59.9,0,0,0,0,0,0,0,0,66
2025-09-27T19:12:07.533Z,60.9,21.1,1.906,49.6,0,59.9,0,0,0,0,0,0,0,0,66
2025-09-27T19:12:08.534Z,60.9,21.1,1.906,50.4,0,59.9,0,0,0,0,0,0,0,0,66
2025-09-27T19:12:09.532Z,60.9,21.1,1.906,50.4,0,59.9,0,0,0,0,0,0,0,0,66
2025-09-27T19:12:10.538Z,60.9,21.1,1.906,49.6,0,59.9,0,0,0,0,0,0,0,0,66
2025-09-27T19:12:11.536Z,60.9,21.1,1.906,49.6,0,59.9,0,0,0,0,0,0,0,0,66
2025-09-27T19:12:12.538Z,60.9,21.1,1.906,49.6,0,59.9,0,0,0,0,0,0,0,0,66
2025-09-27T19:12:13.541Z,60.9,21.1,1.906,50.4,0,59.9,0,0,0,0,0,0,0,0,66
2025-09-27T19:12:14.537Z,60.9,21.1,1.906,49.6,0,59.9,0,0,0,0,0,0,0,0,66
2025-09-27T19:12:15.541Z,60.9,21.1,1.906,49.6,0,59.9,0,0,0,0,0,0,0,0,66
2025-09-27T19:12:16.542Z,60.9,21.1,1.906,50.4,0,59.9,0,0,0,0,0,0,0,0,66
2025-09-27T19:12:17.538Z,60.9,21.1,1.906,49.6,0,59.9,0,0,0,0,0,0,0,0,66
2025-09-27T19:12:18.539Z,60.9,21.1,1.906,49.6,0,59.9,0,0,0,0,0,0,0,0,66
2025-09-27T19:12:19.542Z,60.9,21.1,1.906,50.4,0,59.9,0,0,0,0,0,0,0,0,66
2025-09-27T19:12:20.544Z,60.9,21.1,1.906,50.4,0,59.9,0,0,0,0,0,0,0,0,66
2025-09-27T19:12:21.543Z,60.9,21.1,1.906,49.6,0,59.9,0,0,0,0,0,0,0,0,66
2025-09-27T19:12:22.539Z,60.9,21.1,1.906,49.6,0,59.9,0,0,0,0,0,0,0,0,66
2025-09-27T19:12:23.546Z,60.9,21.1,1.907,49.6,0,59.9,0,0,0,0,0,0,0,0,66
2025-09-27T19:12:24.548Z,60.9,21.1,1.907,50.4,0,59.9,0,0,0,0,0,0,0,0,66
2025-09-27T19:12:25.545Z,60.9,21.1,1.906,50.4,0,59.9,0,0,0,0,0,0,0,0,66
2025-09-27T19:12:26.548Z,60.9,21.1,1.906,49.6,0,59.9,0,0,0,0,0,0,0,0,66
2025-09-27T19:12:27.550Z,60.9,21.1,1.907,50.4,0,59.9,0,0,0,0,0,0,0,0,66
2025-09-27T19:12:28.553Z,60.9,21.1,1.907,49.6,0,59.9,0,0,0,0,0,0,0,0,66
2025-09-27T19:12:29.551Z,60.9,21.1,1.907,49.6,0,59.9,0,0,0,0,0,0,0,0,66
2025-09-27T19:12:30.557Z,60.9,21.1,1.907,50.4,0,59.9,0,0,0,0,0,0,0,0,66
2025-09-27T19:12:31.555Z,60.9,21.1,1.907,50.4,0,59.9,0,0,0,0,0,0,0,0,66
2025-09-27T19:12:32.555Z,60.9,21.1,1.907,50.4,0,59.9,0,0,0,0,0,0,0,0,66
2025-09-27T19:12:33.556Z,60.9,21.1,1.907,49.6,0,59.9,0,0,0,0,0,0,0,0,66
2025-09-27T19:12:34.558Z,60.9,21.1,1.907,50.4,0,59.9,0,0,0,0,0,0,0,0,66
2025-09-27T19:12:35.558Z,60.8,21.1,1.907,49.6,0,59.9,0,0,0,0,0,0,0,0,66
2025-09-27T19:12:36.561Z,60.8,21.1,1.907,50.4,0,59.9,0,0,0,0,0,0,0,0,66
2025-09-27T19:12:37.560Z,60.9,21.1,1.907,49.6,0,59.9,0,0,0,0,0,0,0,0,66
2025-09-27T19:12:38.559Z,60.8,21.1,1.907,49.6,0,59.9,0,0,0,0,0,0,0,0,66
2025-09-27T19:12:39.561Z,60.8,21.1,1.907,50.4,0,59.9,0,0,0,0,0,0,0,0,66
2025-09-27T19:12:40.562Z,60.8,21.1,1.907,49.6,0,59.9,0,0,0,0,0,0,0,0,66
2025-09-27T19:12:41.562Z,60.8,21.1,1.907,49.6,0,59.9,0,0,0,0,0,0,0,0,66
2025-09-27T19:12:42.559Z,60.8,21.1,1.906,50.4,0,59.9,0,0,0,0,0,0,0,0,66
2025-09-27T19:12:43.569Z,60.8,21.1,1.907,49.6,0,59.9,0,0,0,0,0,0,0,0,66
2025-09-27T19:12:44.571Z,60.8,21.1,1.907,49.6,0,59.9,0,0,0,0,0,0,0,0,66
2025-09-27T19:12:45.564Z,60.8,21.1,1.907,50.4,0,59.9,0,0,0,0,0,0,0,0,66
2025-09-27T19:12:46.567Z,60.8,21.1,1.907,49.6,0,59.9,0,0,0,0,0,0,0,0,66
2025-09-27T19:12:47.570Z,60.8,21.1,1.907,49.6,0,59.9,0,0,0,0,0,0,0,0,66
2025-09-27T19:12:48.569Z,60.8,21.1,1.907,50.4,0,59.9,0,0,0,0,0,0,0,0,66
2025-09-27T19:12:49.572Z,60.8,21.1,1.907,50.4,0,59.9,0,0,0,0,0,0,0,0,66
2025-09-27T19:12:50.573Z,60.8,21.1,1.907,49.6,0,59.9,0,0,0,0,0,0,0,0,66
2025-09-27T19:12:51.571Z,60.8,21.1,1.907,50.4,0,59.9,0,0,0,0,0,0,0,0,66
2025-09-27T19:12:52.573Z,60.8,21.1,1.907,49.6,0,59.9,0,0,0,0,0,0,0,0,66
2025-09-27T19:12:53.574Z,60.8,21.1,1.907,50.4,0,59.9,0,0,0,0,0,0,0,0,66
2025-09-27T19:12:54.573Z,60.8,21.1,1.907,50.4,0,59.9,0,0,0,0,0,0,0,0,66
2025-09-27T19:12:55.586Z,60.8,21.1,1.906,49.6,0,59.9,0,0,0,0,0,0,0,0,66
2025-09-27T19:12:56.576Z,60.8,21.1,1.907,50.4,0,59.9,0,0,0,0,0,0,0,0,66
2025-09-27T19:12:57.575Z,60.8,21.1,1.907,49.6,0,59.9,0,0,0,0,0,0,0,0,66
2025-09-27T19:12:58.585Z,60.8,21.1,1.906,50.4,0,59.9,0,0,0,0,0,0,0,0,66
2025-09-27T19:12:59.575Z,60.8,21.1,1.907,50.4,0,59.9,0,0,0,0,0,0,0,0,66
2025-09-27T19:13:00.579Z,60.8,21.1,1.907,49.6,0,59.9,0,0,0,0,0,0,0,0,66
2025-09-27T19:13:01.579Z,60.8,21.1,1.907,50.4,0,59.9,0,0,0,0,0,0,0,0,66
2025-09-27T19:13:02.579Z,60.8,21.1,1.907,49.6,0,59.9,0,0,0,0,0,0,0,0,66
2025-09-27T19:13:03.587Z,60.8,21.1,1.906,50.4,0,59.9,0,0,0,0,0,0,0,0,66
2025-09-27T19:13:04.585Z,60.8,21.1,1.906,49.6,0,59.9,0,0,0,0,0,0,0,0,66
2025-09-27T19:13:05.585Z,60.8,21.1,1.907,50.4,0,59.9,0,0,0,0,0,0,0,0,66
2025-09-27T19:13:06.586Z,60.8,21.1,1.906,49.6,0,59.9,0,0,0,0,0,0,0,0,66
2025-09-27T19:13:07.586Z,60.7,21.1,1.909,49.6,0,60,0,0,0,0,0,0,0,0,66
2025-09-27T19:13:08.595Z,60.7,21.1,1.906,50.4,0,59.9,0,0,0,0,0,0,0,0,66
2025-09-27T19:13:09.589Z,60.7,21.1,1.906,49.6,0,59.9,0,0,0,0,0,0,0,0,66
2025-09-27T19:13:10.589Z,60.7,21.1,1.906,49.6,0,59.9,0,0,0,0,0,0,0,0,66
2025-09-27T19:13:11.592Z,60.7,21.1,1.906,50.4,0,60,0,0,0,0,0,0,0,0,66
2025-09-27T19:13:12.592Z,60.7,21.1,1.908,49.6,0,59.9,0,0,0,0,0,0,0,0,66
2025-09-27T19:13:13.594Z,60.7,21.1,1.906,50.4,0,60,0,0,0,0,0,0,0,0,66
2025-09-27T19:13:14.592Z,60.7,21.1,1.908,49.6,0,59.9,0,0,0,0,0,0,0,0,66
2025-09-27T19:13:15.601Z,60.7,21.1,1.906,49.6,0,59.9,0,0,0,0,0,0,0,0,66
2025-09-27T19:13:16.596Z,60.7,21.1,1.908,50.4,0,59.9,0,0,0,0,0,0,0,0,66
2025-09-27T19:13:17.598Z,60.7,21.1,1.908,50.4,0,60,0,0,0,0,0,0,0,0,66
2025-09-27T19:13:18.599Z,60.7,21.1,1.908,49.6,0,60,0,0,0,0,0,0,0,0,66
2025-09-27T19:13:19.598Z,60.7,21.1,1.908,50.4,0,60,0,0,0,0,0,0,0,0,66
2025-09-27T19:13:20.599Z,60.7,21.1,1.908,49.6,0,60,0,0,0,0,0,0,0,0,66
2025-09-27T19:13:21.597Z,60.7,21.1,1.908,50.4,0,60,0,0,0,0,0,0,0,0,66
2025-09-27T19:13:22.599Z,60.7,21.1,1.908,49.6,0,60,0,0,0,0,0,0,0,0,66
2025-09-27T19:13:23.599Z,60.7,21.1,1.908,49.6,0,60,0,0,0,0,0,0,0,0,66
2025-09-27T19:13:24.603Z,60.7,21.1,1.908,50.4,0,60,0,0,0,0,0,0,0,0,66
2025-09-27T19:13:25.602Z,60.7,21.1,1.908,49.6,0,60,0,0,0,0,0,0,0,0,66
2025-09-27T19:13:26.603Z,60.7,21.1,1.908,50.4,0,60,0,0,0,0,0,0,0,0,66
2025-09-27T19:13:27.606Z,60.7,21.1,1.908,49.6,0,60,0,0,0,0,0,0,0,0,66
2025-09-27T19:13:28.604Z,60.7,21.1,1.908,49.6,0,60,0,0,0,0,0,0,0,0,66
2025-09-27T19:13:29.606Z,60.7,21.1,1.908,50.4,0,60,0,0,0,0,0,0,0,0,66
2025-09-27T19:13:30.610Z,60.7,21.1,1.908,49.6,0,60,0,0,0,0,0,0,0,0,66
2025-09-27T19:13:31.609Z,60.7,21.1,1.908,49.6,0,60,0,0,0,0,0,0,0,0,66
2025-09-27T19:13:32.609Z,60.7,21.1,1.908,50.4,0,60,0,0,0,0,0,0,0,0,66
2025-09-27T19:13:33.611Z,60.7,21.1,1.908,49.6,0,60,0,0,0,0,0,0,0,0,66
2025-09-27T19:13:34.610Z,60.6,21.1,1.908,49.6,0,60,0,0,0,0,0,0,0,0,66
2025-09-27T19:13:35.616Z,60.6,21.1,1.909,50.4,0,60,0,0,0,0,0,0,0,0,66
2025-09-27T19:13:36.613Z,60.6,21.1,1.908,49.6,0,60,0,0,0,0,0,0,0,0,66
2025-09-27T19:13:37.611Z,60.6,21.1,1.909,49.6,0,60,0,0,0,0,0,0,0,0,66
2025-09-27T19:13:38.617Z,60.6,21.1,1.909,50.4,0,60,0,0,0,0,0,0,0,0,66
2025-09-27T19:13:39.613Z,60.6,21.1,1.909,49.6,0,60,0,0,0,0,0,0,0,0,66
2025-09-27T19:13:40.618Z,60.6,21.1,1.909,49.6,0,60,0,0,0,0,0,0,0,0,66
2025-09-27T19:13:41.619Z,60.6,21.1,1.909,50.4,0,60,0,0,0,0,0,0,0,0,66
2025-09-27T19:13:42.617Z,60.6,21.1,1.909,49.6,0,60,0,0,0,0,0,0,0,0,66
2025-09-27T19:13:43.619Z,60.6,21.1,1.909,49.6,0,60,0,0,0,0,0,0,0,0,66
2025-09-27T19:13:44.630Z,60.6,21.1,1.909,50.4,0,60,0,0,0,0,0,0,0,0,66
2025-09-27T19:13:45.620Z,60.6,21.1,1.909,50.4,0,60,0,0,0,0,0,0,0,0,66
2025-09-27T19:13:46.624Z,60.6,21.1,1.909,49.6,0,60,0,0,0,0,0,0,0,0,66
2025-09-27T19:13:47.624Z,60.6,21.1,1.909,50.4,0,60,0,0,0,0,0,0,0,0,66
2025-09-27T19:13:48.625Z,60.6,21.1,1.909,50.4,0,60,0,0,0,0,0,0,0,0,66
2025-09-27T19:13:49.629Z,60.6,21.1,1.909,49.6,0,60,0,0,0,0,0,0,0,0,66
2025-09-27T19:13:50.625Z,60.6,21.1,1.909,50.4,0,60,0,0,0,0,0,0,0,0,66
2025-09-27T19:13:51.625Z,60.6,21.1,1.909,49.6,0,60,0,0,0,0,0,0,0,0,66
2025-09-27T19:13:52.626Z,60.6,21.1,1.909,49.6,0,60,0,0,0,0,0,0,0,0,66
2025-09-27T19:13:53.631Z,60.6,21.1,1.909,50.4,0,60,0,0,0,0,0,0,0,0,66
2025-09-27T19:13:54.629Z,60.6,21.1,1.909,49.6,0,60,0,0,0,0,0,0,0,0,66
2025-09-27T19:13:55.640Z,60.6,21.1,1.909,49.6,0,60,0,0,0,0,0,0,0,0,66
2025-09-27T19:13:56.633Z,60.5,21.1,1.909,50.4,0,60,0,0,0,0,0,0,0,0,66
2025-09-27T19:13:57.632Z,60.5,21.1,1.909,49.6,0,60,0,0,0,0,0,0,0,0,66
2025-09-27T19:13:58.634Z,60.5,21.1,1.909,50.4,0,60,0,0,0,0,0,0,0,0,66
2025-09-27T19:13:59.634Z,60.5,21.1,1.909,50.4,0,60,0,0,0,0,0,0,0,0,66
2025-09-27T19:14:00.632Z,60.5,21.1,1.909,49.6,0,60,0,0,0,0,0,0,0,0,66
2025-09-27T19:14:01.639Z,60.5,21.1,1.909,50.4,0,60,0,0,0,0,0,0,0,0,66
2025-09-27T19:14:02.638Z,60.5,21.1,1.909,50.4,0,60,0,0,0,0,0,0,0,0,66
2025-09-27T19:14:03.652Z,60.5,21.1,1.909,49.6,0,60,0,0,0,0,0,0,0,0,66
2025-09-27T19:14:04.641Z,60.5,21.1,1.909,50.4,0,60,0,0,0,0,0,0,0,0,66
2025-09-27T19:14:05.646Z,60.5,21.1,1.909,49.6,0,60,0,0,0,0,0,0,0,0,66
2025-09-27T19:14:06.639Z,60.5,21.1,1.909,49.6,0,60,0,0,0,0,0,0,0,0,66
2025-09-27T19:14:07.637Z,60.5,21.1,1.909,50.4,0,60,0,0,0,0,0,0,0,0,66
2025-09-27T19:14:08.640Z,60.5,21.1,1.909,49.6,0,60,0,0,0,0,0,0,0,0,66
2025-09-27T19:14:09.643Z,60.5,21.1,1.909,49.6,0,60,0,0,0,0,0,0,0,0,66
2025-09-27T19:14:10.645Z,60.5,21.1,1.909,50.4,0,60,0,0,0,0,0,0,0,0,66
2025-09-27T19:14:11.647Z,60.5,21.1,1.909,50.4,0,60,0,0,0,0,0,0,0,0,66
2025-09-27T19:14:12.646Z,60.5,21.1,1.909,49.6,0,60,0,0,0,0,0,0,0,0,66
2025-09-27T19:14:13.646Z,60.5,21.1,1.909,50.4,0,60,0,0,0,0,0,0,0,0,66
2025-09-27T19:14:14.647Z,60.5,21.1,1.909,49.6,0,60,0,0,0,0,0,0,0,0,66
2025-09-27T19:14:15.650Z,60.5,21.1,1.909,49.6,0,60,0,0,0,0,0,0,0,0,66
2025-09-27T19:14:16.647Z,60.5,21.1,1.909,50.4,0,60,0,0,0,0,0,0,0,0,66
2025-09-27T19:14:17.652Z,60.5,21.1,1.909,50.4,0,60,0,0,0,0,0,0,0,0,66
2025-09-27T19:14:18.649Z,60.5,21.1,1.909,49.6,0,60,0,0,0,0,0,0,0,0,66
2025-09-27T19:14:19.655Z,60.5,21.1,1.909,50.4,0,60,0,0,0,0,0,0,0,0,66
2025-09-27T19:14:20.652Z,60.4,21.1,1.909,49.6,0,60,0,0,0,0,0,0,0,0,66
2025-09-27T19:14:21.654Z,60.4,21.1,1.909,49.6,0,60,0,0,0,0,0,0,0,0,66
2025-09-27T19:14:22.654Z,60.4,21.1,1.909,50.4,0,60,0,0,0,0,0,0,0,0,66
2025-09-27T19:14:23.654Z,60.4,21.1,1.909,49.6,0,60,0,0,0,0,0,0,0,0,66
2025-09-27T19:14:24.652Z,60.4,21.1,1.909,49.6,0,60,0,0,0,0,0,0,0,0,66
2025-09-27T19:14:25.655Z,60.4,21.1,1.909,50.4,0,60,0,0,0,0,0,0,0,0,66
2025-09-27T19:14:26.658Z,60.4,21.1,1.909,50.4,0,60,0,0,0,0,0,0,0,0,66
2025-09-27T19:14:27.658Z,60.4,21.1,1.909,49.6,0,60,0,0,0,0,0,0,0,0,66
2025-09-27T19:14:28.661Z,60.4,21.1,1.909,50.4,0,60,0,0,0,0,0,0,0,0,66
2025-09-27T19:14:29.660Z,60.4,21.1,1.909,49.6,0,60,0,0,0,0,0,0,0,0,66
2025-09-27T19:14:30.664Z,60.4,21.1,1.909,49.6,0,60,0,0,0,0,0,0,0,0,66
2025-09-27T19:14:31.667Z,60.4,21.1,1.91,50.4,0,60,0,0,0,0,0,0,0,0,66
2025-09-27T19:14:32.667Z,60.4,21.1,1.91,49.6,0,60,0,0,0,0,0,0,0,0,66
2025-09-27T19:14:33.664Z,60.4,21.1,1.909,49.6,0,60,0,0,0,0,0,0,0,0,66
2025-09-27T19:14:34.665Z,60.4,21.1,1.909,50.4,0,60,0,0,0,0,0,0,0,0,66
2025-09-27T19:14:35.667Z,60.4,21.1,1.909,50.4,0,60,0,0,0,0,0,0,0,0,66
2025-09-27T19:14:36.668Z,60.4,21.1,1.909,49.6,0,60,0,0,0,0,0,0,0,0,66
2025-09-27T19:14:37.664Z,60.4,21.1,1.909,50.4,0,60,0,0,0,0,0,0,0,0,66
2025-09-27T19:14:38.666Z,60.4,21.1,1.909,49.6,0,60,0,0,0,0,0,0,0,0,66
2025-09-27T19:14:39.667Z,60.4,21.1,1.909,50.4,0,60,0,0,0,0,0,0,0,0,66
2025-09-27T19:14:40.666Z,60.4,21.1,1.909,50.4,0,60,0,0,0,0,0,0,0,0,66
2025-09-27T19:14:41.675Z,60.4,21.1,1.91,49.6,0,60,0,0,0,0,0,0,0,0,66
2025-09-27T19:14:42.669Z,60.4,21.1,1.909,50.4,0,60,0,0,0,0,0,0,0,0,66
2025-09-27T19:14:43.673Z,60.4,21.1,1.91,49.6,0,60,0,0,0,0,0,0,0,0,66
2025-09-27T19:14:44.672Z,60.4,21.1,1.909,50.4,0,60,0,0,0,0,0,0,0,0,66
2025-09-27T19:14:45.673Z,60.3,21.1,1.91,49.6,0,60,0,0,0,0,0,0,0,0,66
2025-09-27T19:14:46.675Z,60.3,21.1,1.911,49.6,0,60,0,0,0,0,0,0,0,0,66
2025-09-27T19:14:47.671Z,60.3,21.1,1.91,50.4,0,60,0,0,0,0,0,0,0,0,66
2025-09-27T19:14:48.673Z,60.3,21.1,1.91,49.6,0,60,0,0,0,0,0,0,0,0,66
2025-09-27T19:14:49.681Z,60.3,21.1,1.911,49.6,0,60,0,0,0,0,0,0,0,0,66
2025-09-27T19:14:50.677Z,60.3,21.1,1.91,50.4,0,60,0,0,0,0,0,0,0,0,66
2025-09-27T19:14:51.680Z,60.3,21.1,1.911,49.6,0,60,0,0,0,0,0,0,0,0,66
2025-09-27T19:14:52.678Z,60.3,21.1,1.911,49.6,0,60,0,0,0,0,0,0,0,0,66
2025-09-27T19:14:53.684Z,60.3,21.1,1.911,50.4,0,60,0,0,0,0,0,0,0,0,66
2025-09-27T19:14:54.677Z,60.3,21.1,1.91,50.4,0,60,0,0,0,0,0,0,0,0,66
2025-09-27T19:14:55.684Z,60.3,21.1,1.911,49.6,0,60,0,0,0,0,0,0,0,0,66
2025-09-27T19:14:56.682Z,60.3,21.1,1.911,50.4,0,60,0,0,0,0,0,0,0,0,66
2025-09-27T19:14:57.680Z,60.3,21.1,1.91,50.4,0,60,0,0,0,0,0,0,0,0,66
2025-09-27T19:14:58.684Z,60.3,21.1,1.911,49.6,0,60,0,0,0,0,0,0,0,0,66
2025-09-27T19:14:59.681Z,60.3,21.1,1.91,50.4,0,60,0,0,0,0,0,0,0,0,66
2025-09-27T19:15:00.684Z,60.3,21.1,1.911,49.6,0,60,0,0,0,0,0,0,0,0,66
2025-09-27T19:15:01.690Z,60.3,21.1,1.911,50.4,0,60,0,0,0,0,0,0,0,0,66
2025-09-27T19:15:02.691Z,60.3,21.1,1.911,49.6,0,60,0,0,0,0,0,0,0,0,66
2025-09-27T19:15:03.696Z,60.3,21.1,1.91,49.6,0,60,0,0,0,0,0,0,0,0,66
2025-09-27T19:15:04.694Z,60.3,21.1,1.911,50.4,0,60,0,0,0,0,0,0,0,0,66
2025-09-27T19:15:05.689Z,60.3,21.1,1.911,49.6,0,60,0,0,0,0,0,0,0,0,66
2025-09-27T19:15:06.694Z,60.3,21.1,1.911,49.6,0,60,0,0,0,0,0,0,0,0,66
2025-09-27T19:15:07.689Z,60.3,21.1,1.911,50.4,0,60,0,0,0,0,0,0,0,0,66
2025-09-27T19:15:08.690Z,60.3,21.1,1.911,49.6,0,60,0,0,0,0,0,0,0,0,66
2025-09-27T19:15:09.692Z,60.3,21.1,1.911,49.6,0,60,0,0,0,0,0,0,0,0,66
2025-09-27T19:15:10.694Z,60.2,21.1,1.911,50.4,0,60,0,0,0,0,0,0,0,0,66
2025-09-27T19:15:11.696Z,60.2,21.1,1.911,50.4,0,60,0,0,0,0,0,0,0,0,66
2025-09-27T19:15:12.695Z,60.2,21.1,1.911,49.6,0,60,0,0,0,0,0,0,0,0,66
2025-09-27T19:15:13.697Z,60.2,21.1,1.911,50.4,0,60,0,0,0,0,0,0,0,0,66
2025-09-27T19:15:14.699Z,60.2,21.1,1.911,49.6,0,60,0,0,0,0,0,0,0,0,66
2025-09-27T19:15:15.700Z,60.2,21.1,1.911,50.4,0,60,0,0,0,0,0,0,0,0,66
2025-09-27T19:15:16.702Z,60.2,21.1,1.911,50.4,0,60,0,0,0,0,0,0,0,0,66
2025-09-27T19:15:17.703Z,60.2,21.1,1.911,49.6,0,60,0,0,0,0,0,0,0,0,66
2025-09-27T19:15:18.702Z,60.2,21.1,1.911,50.4,0,60.1,0,0,0,0,0,0,0,0,66
2025-09-27T19:15:19.705Z,60.2,21.1,1.911,49.6,0,60.1,0,0,0,0,0,0,0,0,66
2025-09-27T19:15:20.705Z,60.2,21.1,1.911,50.4,0,60,0,0,0,0,0,0,0,0,66
2025-09-27T19:15:21.704Z,60.2,21.1,1.911,49.6,0,60.1,0,0,0,0,0,0,0,0,66
2025-09-27T19:15:22.703Z,60.2,21.1,1.911,50.4,0,60,0,0,0,0,0,0,0,0,66
2025-09-27T19:15:23.706Z,60.2,21.1,1.91,49.6,0,60.1,0,0,0,0,0,0,0,0,66
2025-09-27T19:15:24.705Z,60.2,21.1,1.911,49.6,0,60.1,0,0,0,0,0,0,0,0,66
2025-09-27T19:15:25.711Z,60.2,21.1,1.91,50.4,0,60.1,0,0,0,0,0,0,0,0,66
2025-09-27T19:15:26.710Z,60.2,21.1,1.91,49.6,0,60.1,0,0,0,0,0,0,0,0,66
2025-09-27T19:15:27.714Z,60.2,21.1,1.91,50.4,0,60.1,0,0,0,0,0,0,0,0,66
2025-09-27T19:15:28.712Z,60.2,21.1,1.91,50.4,0,60.1,0,0,0,0,0,0,0,0,66
2025-09-27T19:15:29.713Z,60.2,21.1,1.91,49.6,0,60.1,0,0,0,0,0,0,0,0,66
2025-09-27T19:15:30.714Z,60.2,21.1,1.91,50.4,0,60.1,0,0,0,0,0,0,0,0,66
2025-09-27T19:15:31.718Z,60.2,21.1,1.91,49.6,0,60.1,0,0,0,0,0,0,0,0,66
2025-09-27T19:15:32.716Z,60.2,21.1,1.91,50.4,0,60.1,0,0,0,0,0,0,0,0,66
2025-09-27T19:15:33.718Z,60.2,21.1,1.91,49.6,0,60.1,0,0,0,0,0,0,0,0,66
2025-09-27T19:15:34.718Z,60.2,21.1,1.91,50.4,0,60.1,0,0,0,0,0,0,0,0,66
2025-09-27T19:15:35.717Z,60.1,21.1,1.91,49.6,0,60.1,0,0,0,0,0,0,0,0,66
2025-09-27T19:15:36.720Z,60.1,21.1,1.91,49.6,0,60.1,0,0,0,0,0,0,0,0,66
2025-09-27T19:15:37.718Z,60.1,21.1,1.91,50.4,0,60.1,0,0,0,0,0,0,0,0,66
2025-09-27T19:15:38.720Z,60.1,21.1,1.91,49.6,0,60.1,0,0,0,0,0,0,0,0,66
2025-09-27T19:15:39.721Z,60.1,21.1,1.91,50.4,0,60.1,0,0,0,0,0,0,0,0,66
2025-09-27T19:15:40.723Z,60.1,21.1,1.91,49.6,0,60.1,0,0,0,0,0,0,0,0,66
2025-09-27T19:15:41.721Z,60.1,21.1,1.91,49.6,0,60.1,0,0,0,0,0,0,0,0,66
2025-09-27T19:15:42.722Z,60.1,21.1,1.91,50.4,0,60.1,0,0,0,0,0,0,0,0,66
2025-09-27T19:15:43.727Z,60.1,21.1,1.91,49.6,0,60.1,0,0,0,0,0,0,0,0,66
2025-09-27T19:15:44.722Z,60.1,21.1,1.91,50.4,0,60.1,0,0,0,0,0,0,0,0,66
2025-09-27T19:15:45.727Z,60.1,21.1,1.91,49.6,0,60.1,0,0,0,0,0,0,0,0,66
2025-09-27T19:15:46.734Z,60.1,21.1,1.911,49.6,0,60.1,0,0,0,0,0,0,0,0,66
2025-09-27T19:15:47.726Z,60.1,21.1,1.91,50.4,0,60.1,0,0,0,0,0,0,0,0,66
2025-09-27T19:15:48.730Z,60.1,21.1,1.91,49.6,0,60.1,0,0,0,0,0,0,0,0,66
2025-09-27T19:15:49.729Z,60.1,21.1,1.91,50.4,0,60.1,0,0,0,0,0,0,0,0,66
2025-09-27T19:15:50.733Z,60.1,21.1,1.91,49.6,0,60.1,0,0,0,0,0,0,0,0,66
2025-09-27T19:15:51.731Z,60.1,21.1,1.91,49.6,0,60.1,0,0,0,0,0,0,0,0,66
2025-09-27T19:15:52.730Z,60.1,21.1,1.91,50.4,0,60.1,0,0,0,0,0,0,0,0,66
2025-09-27T19:15:53.734Z,60.1,21.1,1.91,49.6,0,60.1,0,0,0,0,0,0,0,0,66
2025-09-27T19:15:54.737Z,60.1,21.1,1.911,49.6,0,60.1,0,0,0,0,0,0,0,0,66
2025-09-27T19:15:55.736Z,60.1,21.1,1.911,50.4,0,60.1,0,0,0,0,0,0,0,0,66
2025-09-27T19:15:56.737Z,60.1,21.1,1.91,50.4,0,60.1,0,0,0,0,0,0,0,0,66
2025-09-27T19:15:57.735Z,60.1,21.1,1.91,49.6,0,60.1,0,0,0,0,0,0,0,0,66
2025-09-27T19:15:58.739Z,60.1,21.1,1.912,50.4,0,60.1,0,0,0,0,0,0,0,0,66
2025-09-27T19:15:59.734Z,60.1,21.1,1.911,49.6,0,60.1,0,0,0,0,0,0,0,0,66
2025-09-27T19:16:00.738Z,60.1,21.1,1.911,50.4,0,60.1,0,0,0,0,0,0,0,0,66
2025-09-27T19:16:01.737Z,60,21.1,1.911,50.4,0,60.1,0,0,0,0,0,0,0,0,66
2025-09-27T19:16:02.745Z,60,21.1,1.912,49.6,0,60.1,0,0,0,0,0,0,0,0,66
2025-09-27T19:16:03.742Z,60,21.1,1.912,50.4,0,60.1,0,0,0,0,0,0,0,0,66
2025-09-27T19:16:04.749Z,60,21.1,1.912,49.6,0,60.1,0,0,0,0,0,0,0,0,66
2025-09-27T19:16:05.747Z,60,21.1,1.912,50.4,0,60.1,0,0,0,0,0,0,0,0,66
2025-09-27T19:16:06.746Z,60,21.1,1.912,49.6,0,60.1,0,0,0,0,0,0,0,0,66
2025-09-27T19:16:07.747Z,60,21.1,1.912,50.4,0,60.1,0,0,0,0,0,0,0,0,66
2025-09-27T19:16:08.745Z,60,21.1,1.912,50.4,0,60.1,0,0,0,0,0,0,0,0,66
2025-09-27T19:16:09.751Z,60,21.1,1.912,49.6,0,60.1,0,0,0,0,0,0,0,0,66
2025-09-27T19:16:10.754Z,60,21.1,1.912,49.6,0,60.1,0,0,0,0,0,0,0,0,66
2025-09-27T19:16:11.752Z,60,21.1,1.912,49.6,0,60.1,0,0,0,0,0,0,0,0,66
2025-09-27T19:16:12.753Z,60,21.1,1.912,50.4,0,60.1,0,0,0,0,0,0,0,0,66
2025-09-27T19:16:13.755Z,60,21.1,1.912,49.6,0,60.1,0,0,0,0,0,0,0,0,66
2025-09-27T19:16:14.756Z,60,21.1,1.912,49.6,0,60.1,0,0,0,0,0,0,0,0,66
2025-09-27T19:16:15.752Z,60,21.1,1.912,50.4,0,60.1,0,0,0,0,0,0,0,0,66
2025-09-27T19:16:16.756Z,60,21.1,1.912,49.6,0,60.1,0,0,0,0,0,0,0,0,66
2025-09-27T19:16:17.757Z,60,21.1,1.912,50.4,0,60.1,0,0,0,0,0,0,0,0,66
2025-09-27T19:16:18.761Z,60,21.1,1.912,49.6,0,60.1,0,0,0,0,0,0,0,0,66
2025-09-27T19:16:19.760Z,60,21.1,1.912,50.4,0,60.1,0,0,0,0,0,0,0,0,66
2025-09-27T19:16:20.762Z,60,21.1,1.912,50.4,0,60.1,0,0,0,0,0,0,0,0,66
2025-09-27T19:16:21.758Z,60,21.1,1.912,49.6,0,60.1,0,0,0,0,0,0,0,0,66
2025-09-27T19:16:22.758Z,60,21.1,1.912,50.4,0,60.1,0,0,0,0,0,0,0,0,66
2025-09-27T19:16:23.759Z,60,21.1,1.912,49.6,0,60.1,0,0,0,0,0,0,0,0,66
2025-09-27T19:16:24.758Z,60,21.1,1.912,50.4,0,60.1,0,0,0,0,0,0,0,0,66
2025-09-27T19:16:25.762Z,60,21.1,1.912,49.6,0,60.1,0,0,0,0,0,0,0,0,66
2025-09-27T19:16:26.763Z,60,21.1,1.912,49.6,0,60.1,0,0,0,0,0,0,0,0,66
2025-09-27T19:16:27.761Z,60,21.1,1.912,50.4,0,60.1,0,0,0,0,0,0,0,0,66
2025-09-27T19:16:28.770Z,60,21.1,1.912,49.6,0,60.1,0,0,0,0,0,0,0,0,66
2025-09-27T19:16:29.771Z,59.9,21.1,1.912,50.4,0,60.1,0,0,0,0,0,0,0,0,66
2025-09-27T19:16:30.765Z,59.9,21.1,1.912,49.6,0,60.1,0,0,0,0,0,0,0,0,66
2025-09-27T19:16:31.771Z,59.9,21.1,1.912,49.6,0,60.1,0,0,0,0,0,0,0,0,66
2025-09-27T19:16:32.767Z,59.9,21.1,1.912,50.4,0,60.1,0,0,0,0,0,0,0,0,66
2025-09-27T19:16:33.769Z,59.9,21.1,1.912,49.6,0,60.1,0,0,0,0,0,0,0,0,66
2025-09-27T19:16:34.766Z,59.9,21.1,1.912,50.4,0,60.1,0,0,0,0,0,0,0,0,66
2025-09-27T19:16:35.775Z,59.9,21.1,1.912,49.6,0,60.1,0,0,0,0,0,0,0,0,66
2025-09-27T19:16:36.770Z,59.9,21.1,1.912,49.6,0,60.1,0,0,0,0,0,0,0,0,66
2025-09-27T19:16:37.773Z,59.9,21.1,1.912,50.4,0,60.1,0,0,0,0,0,0,0,0,66
2025-09-27T19:16:38.773Z,59.9,21.1,1.912,50.4,0,60.1,0,0,0,0,0,0,0,0,66
2025-09-27T19:16:39.772Z,59.9,21.1,1.912,49.6,0,60.1,0,0,0,0,0,0,0,0,66
2025-09-27T19:16:40.776Z,59.9,21.1,1.912,50.4,0,60.1,0,0,0,0,0,0,0,0,66
2025-09-27T19:16:41.777Z,59.9,21.1,1.912,49.6,0,60.1,0,0,0,0,0,0,0,0,66
2025-09-27T19:16:42.779Z,59.9,21.1,1.912,50.4,0,60.1,0,0,0,0,0,0,0,0,66
2025-09-27T19:16:43.783Z,59.9,21.1,1.912,49.6,0,60.1,0,0,0,0,0,0,0,0,66
2025-09-27T19:16:44.779Z,59.9,21.1,1.912,50.4,0,60.1,0,0,0,0,0,0,0,0,66
2025-09-27T19:16:45.782Z,59.9,21.1,1.912,49.6,0,60.1,0,0,0,0,0,0,0,0,66
2025-09-27T19:16:46.778Z,59.9,21.1,1.912,50.4,0,60.1,0,0,0,0,0,0,0,0,66
2025-09-27T19:16:47.783Z,59.9,21.1,1.912,49.6,0,60.1,0,0,0,0,0,0,0,0,66
2025-09-27T19:16:48.781Z,59.9,21.1,1.912,49.6,0,60.1,0,0,0,0,0,0,0,0,66
2025-09-27T19:16:49.783Z,59.9,21.1,1.912,50.4,0,60.1,0,0,0,0,0,0,0,0,66
2025-09-27T19:16:50.784Z,59.9,21.1,1.912,49.6,0,60.1,0,0,0,0,0,0,0,0,66
2025-09-27T19:16:51.784Z,59.9,21.1,1.912,50.4,0,60.1,0,0,0,0,0,0,0,0,66
2025-09-27T19:16:52.786Z,59.9,21.1,1.912,49.6,0,60.1,0,0,0,0,0,0,0,0,66
2025-09-27T19:16:53.783Z,59.9,21.1,1.912,50.4,0,60.1,0,0,0,0,0,0,0,0,66
2025-09-27T19:16:54.786Z,59.9,21.1,1.912,49.6,0,60.1,0,0,0,0,0,0,0,0,66
2025-09-27T19:16:55.786Z,59.9,21.1,1.912,50.4,0,60.1,0,0,0,0,0,0,0,0,66
2025-09-27T19:16:56.793Z,59.9,21.1,1.912,49.6,0,60.1,0,0,0,0,0,0,0,0,66
2025-09-27T19:16:57.788Z,59.8,21.1,1.912,50.4,0,60.1,0,0,0,0,0,0,0,0,66
2025-09-27T19:16:58.787Z,59.8,21.1,1.912,50.4,0,60.1,0,0,0,0,0,0,0,0,66
2025-09-27T19:16:59.787Z,59.8,21.1,1.912,49.6,0,60.1,0,0,0,0,0,0,0,0,66
2025-09-27T19:17:00.796Z,59.8,21.1,1.912,50.4,0,60.1,0,0,0,0,0,0,0,0,66
2025-09-27T19:17:01.794Z,59.8,21.1,1.912,49.6,0,60.1,0,0,0,0,0,0,0,0,66
2025-09-27T19:17:02.796Z,59.8,21.1,1.912,50.4,0,60.1,0,0,0,0,0,0,0,0,66
2025-09-27T19:17:03.793Z,59.8,21.1,1.912,49.6,0,60.1,0,0,0,0,0,0,0,0,66
2025-09-27T19:17:04.796Z,59.8,21.1,1.912,50.4,0,60.1,0,0,0,0,0,0,0,0,66
2025-09-27T19:17:05.799Z,59.8,21.1,1.912,49.6,0,60.1,0,0,0,0,0,0,0,0,66
2025-09-27T19:17:06.799Z,59.8,21.1,1.912,49.6,0,60.1,0,0,0,0,0,0,0,0,66
2025-09-27T19:17:07.795Z,59.8,21.1,1.912,49.6,0,60.1,0,0,0,0,0,0,0,0,66
2025-09-27T19:17:08.797Z,59.8,21.1,1.912,50.4,0,60.1,0,0,0,0,0,0,0,0,66
2025-09-27T19:17:09.802Z,59.8,21.1,1.912,49.6,0,60.1,0,0,0,0,0,0,0,0,66
2025-09-27T19:17:10.799Z,59.8,21.1,1.912,49.6,0,60.1,0,0,0,0,0,0,0,0,66
2025-09-27T19:17:11.805Z,59.8,21.1,1.912,50.4,0,60.1,0,0,0,0,0,0,0,0,66
2025-09-27T19:17:12.800Z,59.8,21.1,1.912,49.6,0,60.1,0,0,0,0,0,0,0,0,66
2025-09-27T19:17:13.802Z,59.8,21.1,1.912,49.6,0,60.1,0,0,0,0,0,0,0,0,66
2025-09-27T19:17:14.804Z,59.8,21.1,1.912,50.4,0,60.1,0,0,0,0,0,0,0,0,66
2025-09-27T19:17:15.800Z,59.8,21.1,1.912,49.6,0,60.1,0,0,0,0,0,0,0,0,66
2025-09-27T19:17:16.802Z,59.8,21.1,1.912,49.6,0,60.1,0,0,0,0,0,0,0,0,66
2025-09-27T19:17:17.804Z,59.8,21.1,1.912,50.4,0,60.1,0,0,0,0,0,0,0,0,66
2025-09-27T19:17:18.808Z,59.8,21.1,1.912,49.6,0,60.1,0,0,0,0,0,0,0,0,66
2025-09-27T19:17:19.809Z,59.8,21.1,1.912,50.4,0,60.1,0,0,0,0,0,0,0,0,66
2025-09-27T19:17:20.807Z,59.8,21.1,1.912,50.4,0,60.1,0,0,0,0,0,0,0,0,66
2025-09-27T19:17:21.807Z,59.8,21.1,1.912,49.6,0,60.1,0,0,0,0,0,0,0,0,66
2025-09-27T19:17:22.808Z,59.8,21.1,1.912,50.4,0,60.1,0,0,0,0,0,0,0,0,66
2025-09-27T19:17:23.807Z,59.8,21.1,1.912,49.6,0,60.1,0,0,0,0,0,0,0,0,66
2025-09-27T19:17:24.808Z,59.8,21.1,1.912,50.4,0,60.1,0,0,0,0,0,0,0,0,66
2025-09-27T19:17:25.807Z,59.8,21.1,1.912,50.4,0,60.1,0,0,0,0,0,0,0,0,66
2025-09-27T19:17:26.812Z,59.8,21.1,1.913,49.6,0,60.1,0,0,0,0,0,0,0,0,66
2025-09-27T19:17:27.812Z,59.7,21.1,1.912,50.4,0,60.1,0,0,0,0,0,0,0,0,66
2025-09-27T19:17:28.807Z,59.7,21.1,1.912,49.6,0,60.1,0,0,0,0,0,0,0,0,66
2025-09-27T19:17:29.811Z,59.7,21.1,1.912,50.4,0,60.1,0,0,0,0,0,0,0,0,66
2025-09-27T19:17:30.819Z,59.7,21.1,1.913,49.6,0,60.1,0,0,0,0,0,0,0,0,66
2025-09-27T19:17:31.822Z,59.7,21.1,1.913,50.4,0,60.1,0,0,0,0,0,0,0,0,66
2025-09-27T19:17:32.817Z,59.7,21.1,1.913,49.6,0,60.1,0,0,0,0,0,0,0,0,66
2025-09-27T19:17:33.819Z,59.7,21.1,1.913,49.6,0,60.1,0,0,0,0,0,0,0,0,66
2025-09-27T19:17:34.816Z,59.7,21.1,1.912,50.4,0,60.1,0,0,0,0,0,0,0,0,66
2025-09-27T19:17:35.816Z,59.7,21.1,1.912,49.6,0,60.1,0,0,0,0,0,0,0,0,66
2025-09-27T19:17:36.820Z,59.7,21.1,1.914,50.4,0,60.1,0,0,0,0,0,0,0,0,66
2025-09-27T19:17:37.819Z,59.7,21.1,1.912,49.6,0,60.1,0,0,0,0,0,0,0,0,66
2025-09-27T19:17:38.819Z,59.7,21.1,1.913,49.6,0,60.1,0,0,0,0,0,0,0,0,66
2025-09-27T19:17:39.821Z,59.7,21.1,1.913,50.4,0,60.1,0,0,0,0,0,0,0,0,66
2025-09-27T19:17:40.823Z,59.7,21.1,1.914,49.6,0,60.1,0,0,0,0,0,0,0,0,66
2025-09-27T19:17:41.821Z,59.7,21.1,1.912,50.4,0,60.1,0,0,0,0,0,0,0,0,66
2025-09-27T19:17:42.823Z,59.7,21.1,1.913,49.6,0,60.1,0,0,0,0,0,0,0,0,66
2025-09-27T19:17:43.826Z,59.7,21.1,1.914,49.6,0,60.1,0,0,0,0,0,0,0,0,66
2025-09-27T19:17:44.827Z,59.7,21.1,1.914,50.4,0,60.1,0,0,0,0,0,0,0,0,66
2025-09-27T19:17:45.827Z,59.7,21.1,1.914,49.6,0,60.1,0,0,0,0,0,0,0,0,66
2025-09-27T19:17:46.827Z,59.7,21.1,1.914,50.4,0,60.1,0,0,0,0,0,0,0,0,66
2025-09-27T19:17:47.829Z,59.7,21.1,1.914,49.6,0,60.1,0,0,0,0,0,0,0,0,66
2025-09-27T19:17:48.832Z,59.7,21.1,1.913,49.6,0,60.1,0,0,0,0,0,0,0,0,66
2025-09-27T19:17:49.830Z,59.7,21.1,1.913,50.4,0,60.1,0,0,0,0,0,0,0,0,66
2025-09-27T19:17:50.831Z,59.7,21.1,1.914,49.6,0,60.1,0,0,0,0,0,0,0,0,66
2025-09-27T19:17:51.832Z,59.7,21.1,1.914,49.6,0,60.1,0,0,0,0,0,0,0,0,66
2025-09-27T19:17:52.833Z,59.7,21.1,1.914,50.4,0,60.1,0,0,0,0,0,0,0,0,66
2025-09-27T19:17:53.836Z,59.7,21.1,1.914,49.6,0,60.1,0,0,0,0,0,0,0,0,66
2025-09-27T19:17:54.836Z,59.7,21.1,1.914,50.4,0,60.1,0,0,0,0,0,0,0,0,66
2025-09-27T19:17:55.836Z,59.7,21.1,1.914,50.4,0,60.1,0,0,0,0,0,0,0,0,66
2025-09-27T19:17:56.832Z,59.7,21.1,1.914,49.6,0,60.1,0,0,0,0,0,0,0,0,66
2025-09-27T19:17:57.836Z,59.7,21.1,1.914,50.4,0,60.1,0,0,0,0,0,0,0,0,66
2025-09-27T19:17:58.838Z,59.7,21.1,1.914,49.6,0,60.1,0,0,0,0,0,0,0,0,66
2025-09-27T19:17:59.837Z,59.7,21.1,1.914,50.4,0,60.1,0,0,0,0,0,0,0,0,66
2025-09-27T19:18:00.843Z,59.6,21.1,1.914,50.4,0,60.1,0,0,0,0,0,0,0,0,66
2025-09-27T19:18:01.842Z,59.6,21.1,1.914,49.6,0,60.1,0,0,0,0,0,0,0,0,66
2025-09-27T19:18:02.847Z,59.6,21.1,1.914,50.4,0,60.1,0,0,0,0,0,0,0,0,66
2025-09-27T19:18:03.842Z,59.6,21.1,1.914,49.6,0,60.1,0,0,0,0,0,0,0,0,66
2025-09-27T19:18:04.847Z,59.6,21.1,1.914,50.4,0,60.1,0,0,0,0,0,0,0,0,66
2025-09-27T19:18:05.845Z,59.6,21.1,1.914,49.6,0,60.1,0,0,0,0,0,0,0,0,66
2025-09-27T19:18:06.846Z,59.6,21.1,1.914,50.4,0,60.1,0,0,0,0,0,0,0,0,66
2025-09-27T19:18:07.849Z,59.6,21.1,1.914,49.6,0,60.1,0,0,0,0,0,0,0,0,66
2025-09-27T19:18:08.846Z,59.6,21.1,1.914,50.4,0,60.1,0,0,0,0,0,0,0,0,66
2025-09-27T19:18:09.851Z,59.6,21.1,1.913,49.6,0,60.1,0,0,0,0,0,0,0,0,66
2025-09-27T19:18:10.849Z,59.6,21.1,1.914,50.4,0,60.1,0,0,0,0,0,0,0,0,66
2025-09-27T19:18:11.850Z,59.6,21.1,1.914,49.6,0,60.1,0,0,0,0,0,0,0,0,66
2025-09-27T19:18:12.859Z,59.6,21.1,1.913,50.4,0,60.1,0,0,0,0,0,0,0,0,66
2025-09-27T19:18:13.856Z,59.6,21.1,1.913,50.4,0,60.1,0,0,0,0,0,0,0,0,66
2025-09-27T19:18:14.862Z,59.6,21.1,1.913,49.6,0,60.1,0,0,0,0,0,0,0,0,66
2025-09-27T19:18:15.854Z,59.6,21.1,1.914,50.4,0,60.1,0,0,0,0,0,0,0,0,66
2025-09-27T19:18:16.852Z,59.6,21.1,1.914,49.6,0,60.1,0,0,0,0,0,0,0,0,66
2025-09-27T19:18:17.859Z,59.6,21.1,1.913,50.4,0,60.1,0,0,0,0,0,0,0,0,66
2025-09-27T19:18:18.862Z,59.6,21.1,1.913,49.6,0,60.1,0,0,0,0,0,0,0,0,66
2025-09-27T19:18:19.855Z,59.6,21.1,1.914,50.4,0,60.1,0,0,0,0,0,0,0,0,66
2025-09-27T19:18:20.857Z,59.6,21.1,1.913,49.6,0,60.1,0,0,0,0,0,0,0,0,66
2025-09-27T19:18:21.858Z,59.6,21.1,1.913,49.6,0,60.1,0,0,0,0,0,0,0,0,66
2025-09-27T19:18:22.861Z,59.6,21.1,1.913,49.6,0,60.1,0,0,0,0,0,0,0,0,66
2025-09-27T19:18:23.863Z,59.6,21.1,1.913,50.4,0,60.1,0,0,0,0,0,0,0,0,66
2025-09-27T19:18:24.861Z,59.6,21.1,1.913,49.6,0,60.1,0,0,0,0,0,0,0,0,66
2025-09-27T19:18:25.863Z,59.6,21.1,1.913,50.4,0,60.1,0,0,0,0,0,0,0,0,66
2025-09-27T19:18:26.864Z,59.6,21.1,1.913,49.6,0,60.1,0,0,0,0,0,0,0,0,66
2025-09-27T19:18:27.868Z,59.6,21.1,1.913,49.6,0,60.1,0,0,0,0,0,0,0,0,66
2025-09-27T19:18:28.869Z,59.6,21.1,1.913,50.4,0,60.1,0,0,0,0,0,0,0,0,66
2025-09-27T19:18:29.869Z,59.6,21.1,1.913,49.6,0,60.1,0,0,0,0,0,0,0,0,66
2025-09-27T19:18:30.868Z,59.6,21.1,1.913,50.4,0,60.1,0,0,0,0,0,0,0,0,66
2025-09-27T19:18:31.866Z,59.6,21.1,1.913,49.6,0,60.1,0,0,0,0,0,0,0,0,66
2025-09-27T19:18:32.870Z,59.6,21.1,1.913,49.6,0,60.1,0,0,0,0,0,0,0,0,66
2025-09-27T19:18:33.868Z,59.6,21.1,1.913,50.4,0,60.1,0,0,0,0,0,0,0,0,66
2025-09-27T19:18:34.872Z,59.5,21.1,1.913,49.6,0,60.1,0,0,0,0,0,0,0,0,66
2025-09-27T19:18:35.874Z,59.5,21.1,1.913,50.4,0,60.1,0,0,0,0,0,0,0,0,66
2025-09-27T19:18:36.873Z,59.5,21.1,1.913,49.6,0,60.1,0,0,0,0,0,0,0,0,66
2025-09-27T19:18:37.872Z,59.5,21.1,1.913,49.6,0,60.1,0,0,0,0,0,0,0,0,66
2025-09-27T19:18:38.880Z,59.5,21.1,1.914,50.4,0,60.1,0,0,0,0,0,0,0,0,66
2025-09-27T19:18:39.878Z,59.5,21.1,1.913,49.6,0,60.1,0,0,0,0,0,0,0,0,66
2025-09-27T19:18:40.878Z,59.5,21.1,1.914,49.6,0,60.1,0,0,0,0,0,0,0,0,66
2025-09-27T19:18:41.877Z,59.5,21.1,1.913,50.4,0,60.1,0,0,0,0,0,0,0,0,66
2025-09-27T19:18:42.884Z,59.5,21.1,1.914,49.6,0,60.1,0,0,0,0,0,0,0,0,66
2025-09-27T19:18:43.878Z,59.5,21.1,1.913,49.6,0,60.1,0,0,0,0,0,0,0,0,66
2025-09-27T19:18:44.883Z,59.5,21.1,1.914,50.4,0,60.1,0,0,0,0,0,0,0,0,66
2025-09-27T19:18:45.882Z,59.5,21.1,1.913,49.6,0,60.1,0,0,0,0,0,0,0,0,66
2025-09-27T19:18:46.888Z,59.5,21.1,1.915,50.4,0,60.1,0,0,0,0,0,0,0,0,66
2025-09-27T19:18:47.885Z,59.5,21.1,1.914,50.4,0,60.1,0,0,0,0,0,0,0,0,66
2025-09-27T19:18:48.886Z,59.5,21.1,1.914,49.6,0,60.1,0,0,0,0,0,0,0,0,66
2025-09-27T19:18:49.891Z,59.5,21.1,1.914,49.6,0,60.1,0,0,0,0,0,0,0,0,66
2025-09-27T19:18:50.889Z,59.5,21.1,1.914,50.4,0,60.1,0,0,0,0,0,0,0,0,66
2025-09-27T19:18:51.888Z,59.5,21.1,1.914,49.6,0,60.1,0,0,0,0,0,0,0,0,66
2025-09-27T19:18:52.886Z,59.5,21.1,1.914,50.4,0,60.1,0,0,0,0,0,0,0,0,66
2025-09-27T19:18:53.890Z,59.5,21.1,1.914,50.4,0,60.1,0,0,0,0,0,0,0,0,66
2025-09-27T19:18:54.890Z,59.5,21.1,1.914,49.6,0,60.1,0,0,0,0,0,0,0,0,66
2025-09-27T19:18:55.886Z,59.5,21.1,1.914,50.4,0,60.1,0,0,0,0,0,0,0,0,66
2025-09-27T19:18:56.887Z,59.5,21.1,1.914,49.6,0,60.1,0,0,0,0,0,0,0,0,66
2025-09-27T19:18:57.891Z,59.5,21.1,1.914,50.4,0,60.1,0,0,0,0,0,0,0,0,66
2025-09-27T19:18:58.894Z,59.5,21.1,1.914,49.6,0,60.1,0,0,0,0,0,0,0,0,66
2025-09-27T19:18:59.892Z,59.5,21.1,1.914,50.4,0,60.1,0,0,0,0,0,0,0,0,66
2025-09-27T19:19:00.894Z,59.5,21.1,1.914,50.4,0,60.1,0,0,0,0,0,0,0,0,66
2025-09-27T19:19:01.896Z,59.5,21.1,1.914,49.6,0,60.1,0,0,0,0,0,0,0,0,66
2025-09-27T19:19:02.901Z,59.5,21.1,1.914,50.4,0,60.1,0,0,0,0,0,0,0,0,66
2025-09-27T19:19:03.900Z,59.5,21.1,1.914,49.6,0,60.1,0,0,0,0,0,0,0,0,66
2025-09-27T19:19:04.901Z,59.5,21.1,1.914,50.4,0,60.1,0,0,0,0,0,0,0,0,66
2025-09-27T19:19:05.898Z,59.5,21.1,1.914,49.6,0,60.1,0,0,0,0,0,0,0,0,66
2025-09-27T19:19:06.902Z,59.5,21.1,1.914,50.4,0,60.1,0,0,0,0,0,0,0,0,66
2025-09-27T19:19:07.905Z,59.5,21.1,1.913,49.6,0,60.1,0,0,0,0,0,0,0,0,66
2025-09-27T19:19:08.902Z,59.5,21.1,1.914,50.4,0,60.1,0,0,0,0,0,0,0,0,66
2025-09-27T19:19:09.905Z,59.5,21.1,1.913,50.4,0,60.1,0,0,0,0,0,0,0,0,66
2025-09-27T19:19:10.911Z,59.5,21.1,1.913,49.6,0,60.1,0,0,0,0,0,0,0,0,66
2025-09-27T19:19:11.908Z,59.5,21.1,1.913,49.6,0,60.1,0,0,0,0,0,0,0,0,66
2025-09-27T19:19:12.909Z,59.5,21.1,1.913,49.6,0,60.1,0,0,0,0,0,0,0,0,66
2025-09-27T19:19:13.906Z,59.5,21.1,1.914,50.4,0,60.1,0,0,0,0,0,0,0,0,66
2025-09-27T19:19:14.905Z,59.5,21.1,1.914,49.6,0,60.1,0,0,0,0,0,0,0,0,66
2025-09-27T19:19:15.914Z,59.5,21.1,1.914,50.4,0,60.1,0,0,0,0,0,0,0,0,66
2025-09-27T19:19:16.915Z,59.5,21.1,1.914,49.6,0,60.1,0,0,0,0,0,0,0,0,66
2025-09-27T19:19:17.911Z,59.5,21.1,1.914,50.4,0,60.1,0,0,0,0,0,0,0,0,66
2025-09-27T19:19:18.908Z,59.5,21.1,1.914,49.6,0,60.1,0,0,0,0,0,0,0,0,66
2025-09-27T19:19:19.914Z,59.5,21.1,1.913,49.6,0,60.1,0,0,0,0,0,0,0,0,66
2025-09-27T19:19:20.913Z,59.5,21.1,1.913,50.4,0,60.1,0,0,0,0,0,0,0,0,66
2025-09-27T19:19:21.916Z,59.5,21.1,1.913,49.6,0,60.1,0,0,0,0,0,0,0,0,66
2025-09-27T19:19:22.913Z,59.5,21.1,1.913,50.4,0,60.1,0,0,0,0,0,0,0,0,66
2025-09-27T19:19:23.915Z,59.5,21.1,1.914,49.6,0,60.1,0,0,0,0,0,0,0,0,66
2025-09-27T19:19:24.915Z,59.5,21.1,1.914,49.6,0,60.1,0,0,0,0,0,0,0,0,66
2025-09-27T19:19:25.919Z,59.5,21.1,1.913,50.4,0,60.1,0,0,0,0,0,0,0,0,66
2025-09-27T19:19:26.921Z,59.5,21.1,1.913,49.6,0,60.1,0,0,0,0,0,0,0,0,66
2025-09-27T19:19:27.921Z,59.5,21.1,1.914,50.4,0,60.1,0,0,0,0,0,0,0,0,66
2025-09-27T19:19:28.923Z,59.5,21.1,1.914,50.4,0,60.1,0,0,0,0,0,0,0,0,66
2025-09-27T19:19:29.927Z,59.5,21.1,1.913,49.6,0,60.1,0,0,0,0,0,0,0,0,66
2025-09-27T19:19:30.925Z,59.5,21.1,1.913,50.4,0,60.1,0,0,0,0,0,0,0,0,66
2025-09-27T19:19:31.925Z,59.5,21.1,1.914,49.6,0,60.1,0,0,0,0,0,0,0,0,66
2025-09-27T19:19:32.927Z,59.5,21.1,1.914,50.4,0,60.1,0,0,0,0,0,0,0,0,66
2025-09-27T19:19:33.933Z,59.4,21.1,1.915,49.6,0,60.1,0,0,0,0,0,0,0,0,66
2025-09-27T19:19:34.928Z,59.4,21.1,1.914,50.4,0,60.1,0,0,0,0,0,0,0,0,66
2025-09-27T19:19:35.927Z,59.4,21.1,1.913,49.6,0,60.1,0,0,0,0,0,0,0,0,66
2025-09-27T19:19:36.928Z,59.5,21.1,1.914,50.4,0,60.1,0,0,0,0,0,0,0,0,66
2025-09-27T19:19:37.926Z,59.4,21.1,1.913,49.6,0,60.1,0,0,0,0,0,0,0,0,66
2025-09-27T19:19:38.936Z,59.4,21.1,1.915,50.4,0,60.1,0,0,0,0,0,0,0,0,66
2025-09-27T19:19:39.932Z,59.4,21.1,1.913,49.6,0,60.1,0,0,0,0,0,0,0,0,66
2025-09-27T19:19:40.931Z,59.5,21.1,1.914,49.6,0,60.1,0,0,0,0,0,0,0,0,66
2025-09-27T19:19:41.935Z,59.4,21.1,1.914,50.4,0,60.1,0,0,0,0,0,0,0,0,66
2025-09-27T19:19:42.935Z,59.4,21.1,1.914,49.6,0,60.1,0,0,0,0,0,0,0,0,66
2025-09-27T19:19:43.935Z,59.4,21.1,1.914,50.4,0,60.1,0,0,0,0,0,0,0,0,66
2025-09-27T19:19:44.940Z,59.4,21.1,1.913,49.6,0,60.1,0,0,0,0,0,0,0,0,66
2025-09-27T19:19:45.937Z,59.4,21.1,1.914,50.4,0,60.1,0,0,0,0,0,0,0,0,66
2025-09-27T19:19:46.942Z,59.4,21.1,1.914,49.6,0,60.1,0,0,0,0,0,0,0,0,66
2025-09-27T19:19:47.941Z,59.4,21.1,1.914,49.6,0,60.1,0,0,0,0,0,0,0,0,66
2025-09-27T19:19:48.942Z,59.4,21.1,1.914,50.4,0,60.1,0,0,0,0,0,0,0,0,66
2025-09-27T19:19:49.942Z,59.4,21.1,1.914,49.6,0,60.1,0,0,0,0,0,0,0,0,66
2025-09-27T19:19:50.942Z,59.4,21.1,1.913,50.4,0,60.1,0,0,0,0,0,0,0,0,66
2025-09-27T19:19:51.941Z,59.5,21.1,1.914,49.6,0,60.1,0,0,0,0,0,0,0,0,66
2025-09-27T19:19:52.945Z,59.4,21.1,1.914,50.4,0,60.1,0,0,0,0,0,0,0,0,66
2025-09-27T19:19:53.942Z,59.4,21.1,1.914,49.6,0,60.1,0,0,0,0,0,0,0,0,66
2025-09-27T19:19:54.946Z,59.4,21.1,1.915,50.4,0,60.1,0,0,0,0,0,0,0,0,66
2025-09-27T19:19:55.946Z,59.4,21.1,1.914,49.6,0,60.1,0,0,0,0,0,0,0,0,66
2025-09-27T19:19:56.946Z,59.4,21.1,1.913,50.4,0,60.1,0,0,0,0,0,0,0,0,66
2025-09-27T19:19:57.947Z,59.4,21.1,1.914,49.6,0,60.1,0,0,0,0,0,0,0,0,66
2025-09-27T19:19:58.947Z,59.4,21.1,1.913,49.6,0,60.1,0,0,0,0,0,0,0,0,66
2025-09-27T19:19:59.948Z,59.4,21.1,1.913,50.4,0,60.1,0,0,0,0,0,0,0,0,66
2025-09-27T19:20:00.950Z,59.4,21.1,1.913,49.6,0,60.1,0,0,0,0,0,0,0,0,66
2025-09-27T19:20:01.949Z,59.4,21.1,1.914,49.6,0,60.1,0,0,0,0,0,0,0,0,66
2025-09-27T19:20:02.953Z,59.4,21.1,1.914,50.4,0,60.1,0,0,0,0,0,0,0,0,66
2025-09-27T19:20:03.955Z,59.5,21.1,1.915,49.6,0,60.1,0,0,0,0,0,0,0,0,66
2025-09-27T19:20:04.952Z,59.4,21.1,1.913,50.4,0,60.1,0,0,0,0,0,0,0,0,66
2025-09-27T19:20:05.953Z,59.4,21.1,1.913,49.6,0,60.1,0,0,0,0,0,0,0,0,66
2025-09-27T19:20:06.957Z,59.5,21.1,1.915,49.6,0,60.1,0,0,0,0,0,0,0,0,66
2025-09-27T19:20:07.950Z,59.4,21.1,1.914,50.4,0,60.1,0,0,0,0,0,0,0,0,66
2025-09-27T19:20:08.960Z,59.5,21.1,1.915,49.6,0,60.1,0,0,0,0,0,0,0,0,66
2025-09-27T19:20:09.956Z,59.5,21.1,1.913,49.6,0,60.1,0,0,0,0,0,0,0,0,66
2025-09-27T19:20:10.957Z,59.5,21.1,1.914,50.4,0,60.1,0,0,0,0,0,0,0,0,66
2025-09-27T19:20:11.957Z,59.5,21.1,1.913,50.4,0,60.1,0,0,0,0,0,0,0,0,66
2025-09-27T19:20:12.960Z,59.5,21.1,1.913,49.6,0,60.1,0,0,0,0,0,0,0,0,66
2025-09-27T19:20:13.963Z,59.5,21.1,1.913,50.4,0,60.1,0,0,0,0,0,0,0,0,66
2025-09-27T19:20:14.958Z,59.5,21.1,1.913,49.6,0,60.1,0,0,0,0,0,0,0,0,66
2025-09-27T19:20:15.967Z,59.5,21.1,1.915,50.4,0,60.1,0,0,0,0,0,0,0,0,66
2025-09-27T19:20:16.967Z,59.5,21.1,1.915,49.6,0,60.1,0,0,0,0,0,0,0,0,66
2025-09-27T19:20:17.968Z,59.5,21.1,1.914,50.4,0,60.1,0,0,0,0,0,0,0,0,66
2025-09-27T19:20:18.963Z,59.5,21.1,1.913,50.4,0,60.1,0,0,0,0,0,0,0,0,66
2025-09-27T19:20:19.965Z,59.5,21.1,1.913,49.6,0,60.1,0,0,0,0,0,0,0,0,66
2025-09-27T19:20:20.970Z,59.5,21.1,1.914,50.4,0,60.1,0,0,0,0,0,0,0,0,66
2025-09-27T19:20:21.966Z,59.5,21.1,1.914,49.6,0,60.1,0,0,0,0,0,0,0,0,66
2025-09-27T19:20:22.972Z,59.5,21.1,1.914,50.4,0,60.1,0,0,0,0,0,0,0,0,66
2025-09-27T19:20:23.969Z,59.5,21.1,1.914,49.6,0,60.1,0,0,0,0,0,0,0,0,66
2025-09-27T19:20:24.970Z,59.5,21.1,1.913,50.4,0,60.1,0,0,0,0,0,0,0,0,66
2025-09-27T19:20:25.971Z,59.5,21.1,1.913,49.6,0,60.1,0,0,0,0,0,0,0,0,66
2025-09-27T19:20:26.970Z,59.5,21.1,1.913,49.6,0,60.1,0,0,0,0,0,0,0,0,66
2025-09-27T19:20:27.972Z,59.5,21.1,1.913,50.4,0,60.1,0,0,0,0,0,0,0,0,66
2025-09-27T19:20:28.973Z,59.5,21.1,1.914,49.6,0,60.1,0,0,0,0,0,0,0,0,66
2025-09-27T19:20:29.974Z,59.5,21.1,1.914,50.4,0,60.1,0,0,0,0,0,0,0,0,66
2025-09-27T19:20:30.972Z,59.5,21.1,1.913,49.6,0,60.1,0,0,0,0,0,0,0,0,66
2025-09-27T19:20:31.976Z,59.5,21.1,1.914,50.4,0,60.1,0,0,0,0,0,0,0,0,66
2025-09-27T19:20:32.977Z,59.5,21.1,1.914,49.6,0,60.1,0,0,0,0,0,0,0,0,66
2025-09-27T19:20:33.979Z,59.5,21.1,1.915,49.6,0,60.1,0,0,0,0,0,0,0,0,66
2025-09-27T19:20:34.979Z,59.5,21.1,1.914,50.4,0,60.1,0,0,0,0,0,0,0,0,66
2025-09-27T19:20:35.983Z,59.5,21.1,1.914,49.6,0,60.1,0,0,0,0,0,0,0,0,66
2025-09-27T19:20:36.981Z,59.5,21.1,1.914,50.4,0,60.1,0,0,0,0,0,0,0,0,66
2025-09-27T19:20:37.985Z,59.5,21.1,1.914,49.6,0,60.1,0,0,0,0,0,0,0,0,66
2025-09-27T19:20:38.982Z,59.5,21.1,1.913,50.4,0,60.1,0,0,0,0,0,0,0,0,66
2025-09-27T19:20:39.983Z,59.5,21.1,1.913,49.6,0,60.1,0,0,0,0,0,0,0,0,66
2025-09-27T19:20:40.987Z,59.5,21.1,1.914,50.4,0,60.1,0,0,0,0,0,0,0,0,66
2025-09-27T19:20:41.985Z,59.5,21.1,1.914,50.4,0,60.1,0,0,0,0,0,0,0,0,66
2025-09-27T19:20:42.987Z,59.5,21.1,1.914,49.6,0,60.1,0,0,0,0,0,0,0,0,66
2025-09-27T19:20:43.988Z,59.5,21.1,1.914,50.4,0,60.1,0,0,0,0,0,0,0,0,66
2025-09-27T19:20:44.990Z,59.5,21.1,1.914,49.6,0,60.1,0,0,0,0,0,0,0,0,66
2025-09-27T19:20:45.988Z,59.5,21.1,1.913,50.4,0,60.1,0,0,0,0,0,0,0,0,66
2025-09-27T19:20:46.993Z,59.5,21.1,1.914,49.6,0,60.1,0,0,0,0,0,0,0,0,66
2025-09-27T19:20:47.990Z,59.5,21.1,1.913,49.6,0,60.1,0,0,0,0,0,0,0,0,66
2025-09-27T19:20:48.995Z,59.5,21.1,1.914,49.6,0,60.1,0,0,0,0,0,0,0,0,66
2025-09-27T19:20:49.996Z,59.5,21.1,1.914,50.4,0,60.1,0,0,0,0,0,0,0,0,66
2025-09-27T19:20:50.998Z,59.5,21.1,1.914,49.6,0,60.1,0,0,0,0,0,0,0,0,66
2025-09-27T19:20:51.990Z,59.5,21.1,1.913,49.6,0,60.1,0,0,0,0,0,0,0,0,66
2025-09-27T19:20:52.993Z,59.6,21.1,1.913,50.4,0,60.1,0,0,0,0,0,0,0,0,66
2025-09-27T19:20:53.998Z,59.6,21.1,1.914,49.6,0,60.1,0,0,0,0,0,0,0,0,66
2025-09-27T19:20:54.995Z,59.6,21.1,1.914,50.4,0,60.1,0,0,0,0,0,0,0,0,66
2025-09-27T19:20:55.996Z,59.6,21.1,1.914,50.4,0,60.1,0,0,0,0,0,0,0,0,66
2025-09-27T19:20:56.995Z,59.6,21.1,1.913,49.6,0,60.1,0,0,0,0,0,0,0,0,66
2025-09-27T19:20:57.999Z,59.6,21.1,1.914,50.4,0,60.1,0,0,0,0,0,0,0,0,66
2025-09-27T19:20:59.002Z,59.6,21.1,1.914,49.6,0,60.1,0,0,0,0,0,0,0,0,66
2025-09-27T19:21:00.002Z,59.6,21.1,1.914,50.4,0,60.1,0,0,0,0,0,0,0,0,66
2025-09-27T19:21:01.008Z,59.6,21.1,1.914,49.6,0,60.1,0,0,0,0,0,0,0,0,66
2025-09-27T19:21:02.006Z,59.6,21.1,1.914,50.4,0,60.1,0,0,0,0,0,0,0,0,66
2025-09-27T19:21:03.013Z,59.6,21.1,1.914,49.6,0,60.1,0,0,0,0,0,0,0,0,66
2025-09-27T19:21:04.011Z,59.6,21.1,1.914,49.6,0,60.1,0,0,0,0,0,0,0,0,66
2025-09-27T19:21:05.006Z,59.6,21.1,1.914,50.4,0,60.1,0,0,0,0,0,0,0,0,66
2025-09-27T19:21:06.011Z,59.6,21.1,1.914,49.6,0,60.1,0,0,0,0,0,0,0,0,66
2025-09-27T19:21:07.013Z,59.6,21.1,1.914,50.4,0,60.1,0,0,0,0,0,0,0,0,66
2025-09-27T19:21:08.021Z,59.6,21.1,1.913,49.6,0,60.1,0,0,0,0,0,0,0,0,66
2025-09-27T19:21:09.015Z,59.6,21.1,1.914,50.4,0,60.1,0,0,0,0,0,0,0,0,66
2025-09-27T19:21:10.018Z,59.6,21.1,1.914,49.6,0,60.1,0,0,0,0,0,0,0,0,66
2025-09-27T19:21:11.017Z,59.6,21.1,1.914,50.4,0,60.1,0,0,0,0,0,0,0,0,66
2025-09-27T19:21:12.017Z,59.6,21.1,1.914,49.6,0,60.1,0,0,0,0,0,0,0,0,66
2025-09-27T19:21:13.019Z,59.6,21.1,1.914,49.6,0,60.1,0,0,0,0,0,0,0,0,66
2025-09-27T19:21:14.020Z,59.6,21.1,1.914,50.4,0,60.1,0,0,0,0,0,0,0,0,66
2025-09-27T19:21:15.016Z,59.6,21.1,1.914,49.6,0,60.1,0,0,0,0,0,0,0,0,66
2025-09-27T19:21:16.022Z,59.6,21.1,1.914,50.4,0,60.1,0,0,0,0,0,0,0,0,66
2025-09-27T19:21:17.021Z,59.6,21.1,1.914,50.4,0,60.1,0,0,0,0,0,0,0,0,66
2025-09-27T19:21:18.018Z,59.6,21.1,1.914,49.6,0,60.1,0,0,0,0,0,0,0,0,66
2025-09-27T19:21:19.026Z,59.7,21.1,1.914,50.4,0,60.1,0,0,0,0,0,0,0,0,66
2025-09-27T19:21:20.026Z,59.7,21.1,1.914,49.6,0,60.1,0,0,0,0,0,0,0,0,66
2025-09-27T19:21:21.028Z,59.7,21.1,1.913,50.4,0,60.1,0,0,0,0,0,0,0,0,66
2025-09-27T19:21:22.025Z,59.7,21.1,1.914,49.6,0,60.1,0,0,0,0,0,0,0,0,66
2025-09-27T19:21:23.021Z,59.7,21.1,1.914,50.4,0,60.1,0,0,0,0,0,0,0,0,66
2025-09-27T19:21:24.032Z,59.7,21.1,1.913,49.6,0,60.1,0,0,0,0,0,0,0,0,66
2025-09-27T19:21:25.028Z,59.7,21.1,1.914,50.4,0,60.1,0,0,0,0,0,0,0,0,66
2025-09-27T19:21:26.030Z,59.7,21.1,1.913,49.6,0,60.1,0,0,0,0,0,0,0,0,66
2025-09-27T19:21:27.031Z,59.7,21.1,1.913,50.4,0,60.1,0,0,0,0,0,0,0,0,66
2025-09-27T19:21:28.030Z,59.7,21.1,1.914,49.6,0,60.1,0,0,0,0,0,0,0,0,66
2025-09-27T19:21:29.032Z,59.7,21.1,1.912,50.4,0,60.1,0,0,0,0,0,0,0,0,66
2025-09-27T19:21:30.035Z,59.7,21.1,1.912,49.6,0,60.1,0,0,0,0,0,0,0,0,66
2025-09-27T19:21:31.034Z,59.7,21.1,1.913,50.4,0,60.1,0,0,0,0,0,0,0,0,66
2025-09-27T19:21:32.039Z,59.7,21.1,1.912,49.6,0,60.1,0,0,0,0,0,0,0,0,66
2025-09-27T19:21:33.034Z,59.7,21.1,1.913,50.4,0,60.1,0,0,0,0,0,0,0,0,66
2025-09-27T19:21:34.040Z,59.7,21.1,1.912,49.6,0,60.1,0,0,0,0,0,0,0,0,66
2025-09-27T19:21:35.040Z,59.7,21.1,1.912,50.4,0,60.1,0,0,0,0,0,0,0,0,66
2025-09-27T19:21:36.042Z,59.7,21.1,1.912,49.6,0,60.1,0,0,0,0,0,0,0,0,66
2025-09-27T19:21:37.043Z,59.7,21.1,1.912,50.4,0,60.1,0,0,0,0,0,0,0,0,66
2025-09-27T19:21:38.040Z,59.7,21.1,1.912,49.6,0,60.1,0,0,0,0,0,0,0,0,66
2025-09-27T19:21:39.041Z,59.7,21.1,1.912,50.4,0,60.1,0,0,0,0,0,0,0,0,66
2025-09-27T19:21:40.042Z,59.7,21.1,1.913,49.6,0,60.1,0,0,0,0,0,0,0,0,66
2025-09-27T19:21:41.043Z,59.7,21.1,1.912,49.6,0,60.1,0,0,0,0,0,0,0,0,66
2025-09-27T19:21:42.044Z,59.8,21.1,1.912,49.6,0,60.1,0,0,0,0,0,0,0,0,66
2025-09-27T19:21:43.045Z,59.8,21.1,1.912,50.4,0,60.1,0,0,0,0,0,0,0,0,66
2025-09-27T19:21:44.048Z,59.8,21.1,1.912,49.6,0,60.1,0,0,0,0,0,0,0,0,66
2025-09-27T19:21:45.051Z,59.8,21.1,1.912,50.4,0,60.1,0,0,0,0,0,0,0,0,66
2025-09-27T19:21:46.046Z,59.8,21.1,1.912,49.6,0,60.1,0,0,0,0,0,0,0,0,66
2025-09-27T19:21:47.053Z,59.8,21.1,1.912,50.4,0,60.1,0,0,0,0,0,0,0,0,66
2025-09-27T19:21:48.048Z,59.8,21.1,1.912,49.6,0,60.1,0,0,0,0,0,0,0,0,66
2025-09-27T19:21:49.053Z,59.8,21.1,1.912,49.6,0,60.1,0,0,0,0,0,0,0,0,66
2025-09-27T19:21:50.054Z,59.8,21.1,1.912,50.4,0,60.1,0,0,0,0,0,0,0,0,66
2025-09-27T19:21:51.053Z,59.8,21.1,1.912,49.6,0,60.1,0,0,0,0,0,0,0,0,66
2025-09-27T19:21:52.051Z,59.8,21.1,1.912,50.4,0,60.1,0,0,0,0,0,0,0,0,66
2025-09-27T19:21:53.053Z,59.8,21.1,1.912,49.6,0,60.1,0,0,0,0,0,0,0,0,66
2025-09-27T19:21:54.056Z,59.8,21.1,1.912,49.6,0,60.1,0,0,0,0,0,0,0,0,66
2025-09-27T19:21:55.056Z,59.8,21.1,1.912,50.4,0,60.1,0,0,0,0,0,0,0,0,66
2025-09-27T19:21:56.057Z,59.8,21.1,1.912,49.6,0,60.1,0,0,0,0,0,0,0,0,66
2025-09-27T19:21:57.062Z,59.8,21.1,1.912,50.4,0,60.1,0,0,0,0,0,0,0,0,66
2025-09-27T19:21:58.064Z,59.8,21.1,1.912,49.6,0,60.1,0,0,0,0,0,0,0,0,66
2025-09-27T19:21:59.061Z,59.8,21.1,1.912,50.4,0,60.1,0,0,0,0,0,0,0,0,66
2025-09-27T19:22:00.059Z,59.8,21.1,1.912,50.4,0,60.1,0,0,0,0,0,0,0,0,66
2025-09-27T19:22:01.057Z,59.9,21.1,1.912,49.6,0,60.1,0,0,0,0,0,0,0,0,66
2025-09-27T19:22:02.059Z,59.9,21.1,1.912,50.4,0,60.1,0,0,0,0,0,0,0,0,66
2025-09-27T19:22:03.061Z,59.9,21.1,1.912,49.6,0,60.1,0,0,0,0,0,0,0,0,66
2025-09-27T19:22:04.064Z,59.9,21.1,1.912,49.6,0,60.1,0,0,0,0,0,0,0,0,66
2025-09-27T19:22:05.071Z,59.9,21.1,1.912,49.6,0,60.1,0,0,0,0,0,0,0,0,66
2025-09-27T19:22:06.066Z,59.9,21.1,1.912,50.4,0,60.1,0,0,0,0,0,0,0,0,66
2025-09-27T19:22:07.071Z,59.9,21.1,1.912,49.6,0,60.1,0,0,0,0,0,0,0,0,66
2025-09-27T19:22:08.070Z,59.9,21.1,1.912,49.6,0,60.1,0,0,0,0,0,0,0,0,66
2025-09-27T19:22:09.070Z,59.9,21.1,1.912,50.4,0,60.1,0,0,0,0,0,0,0,0,66
2025-09-27T19:22:10.070Z,59.9,21.1,1.912,49.6,0,60.1,0,0,0,0,0,0,0,0,66
2025-09-27T19:22:11.073Z,59.9,21.1,1.912,49.6,0,60.1,0,0,0,0,0,0,0,0,66
2025-09-27T19:22:12.076Z,59.9,21.1,1.912,50.4,0,60.1,0,0,0,0,0,0,0,0,66
2025-09-27T19:22:13.072Z,59.9,21.1,1.912,50.4,0,60.1,0,0,0,0,0,0,0,0,66
2025-09-27T19:22:14.074Z,59.9,21.1,1.912,49.6,0,60.1,0,0,0,0,0,0,0,0,66
2025-09-27T19:22:15.075Z,59.9,21.1,1.912,50.4,0,60.1,0,0,0,0,0,0,0,0,66
2025-09-27T19:22:16.073Z,59.9,21.1,1.912,49.6,0,60.1,0,0,0,0,0,0,0,0,66
2025-09-27T19:22:17.077Z,59.9,21.1,1.912,50.4,0,60.1,0,0,0,0,0,0,0,0,66
2025-09-27T19:22:18.076Z,60,21.1,1.912,49.6,0,60.1,0,0,0,0,0,0,0,0,66
2025-09-27T19:22:19.078Z,60,21.1,1.912,49.6,0,60.1,0,0,0,0,0,0,0,0,66
2025-09-27T19:22:20.076Z,60,21.1,1.912,50.4,0,60.1,0,0,0,0,0,0,0,0,66
2025-09-27T19:22:21.079Z,60,21.1,1.912,49.6,0,60.1,0,0,0,0,0,0,0,0,66
2025-09-27T19:22:22.078Z,60,21.1,1.911,50.4,0,60.1,0,0,0,0,0,0,0,0,66
2025-09-27T19:22:23.082Z,60,21.1,1.911,49.6,0,60.1,0,0,0,0,0,0,0,0,66
2025-09-27T19:22:24.092Z,60,21.1,1.912,49.6,0,60.1,0,0,0,0,0,0,0,0,66
2025-09-27T19:22:25.085Z,60,21.1,1.912,50.4,0,60.1,0,0,0,0,0,0,0,0,66
2025-09-27T19:22:26.086Z,60,21.1,1.912,49.6,0,60.1,0,0,0,0,0,0,0,0,66
2025-09-27T19:22:27.084Z,60,21.1,1.911,49.6,0,60.1,0,0,0,0,0,0,0,0,66
2025-09-27T19:22:28.089Z,60,21.1,1.912,50.4,0,60.1,0,0,0,0,0,0,0,0,66
2025-09-27T19:22:29.085Z,60,21.1,1.911,49.6,0,60.1,0,0,0,0,0,0,0,0,66
2025-09-27T19:22:30.087Z,60,21.1,1.911,49.6,0,60.1,0,0,0,0,0,0,0,0,66
2025-09-27T19:22:31.098Z,60,21.1,1.912,50.4,0,60.1,0,0,0,0,0,0,0,0,66
2025-09-27T19:22:32.093Z,60,21.1,1.912,50.4,0,60.1,0,0,0,0,0,0,0,0,66
2025-09-27T19:22:33.090Z,60,21.1,1.911,49.6,0,60,0,0,0,0,0,0,0,0,66
2025-09-27T19:22:34.093Z,60,21.1,1.912,50.4,0,60,0,0,0,0,0,0,0,0,66
2025-09-27T19:22:35.094Z,60.1,21.1,1.912,49.6,0,60.1,0,0,0,0,0,0,0,0,66
2025-09-27T19:22:36.096Z,60.1,21.1,1.911,49.6,0,60,0,0,0,0,0,0,0,0,66
2025-09-27T19:22:37.097Z,60.1,21.1,1.911,50.4,0,60,0,0,0,0,0,0,0,0,66
2025-09-27T19:22:38.098Z,60.1,21.1,1.911,50.4,0,60,0,0,0,0,0,0,0,0,66
2025-09-27T19:22:39.098Z,60.1,21.1,1.912,49.6,0,60,0,0,0,0,0,0,0,0,66
2025-09-27T19:22:40.095Z,60.1,21.1,1.911,50.4,0,60,0,0,0,0,0,0,0,0,66
2025-09-27T19:22:41.096Z,60.1,21.1,1.911,49.6,0,60,0,0,0,0,0,0,0,0,66
2025-09-27T19:22:42.096Z,60.1,21.1,1.91,49.6,0,60,0,0,0,0,0,0,0,0,66
2025-09-27T19:22:43.104Z,60.1,21.1,1.911,50.4,0,60,0,0,0,0,0,0,0,0,66
2025-09-27T19:22:44.100Z,60.1,21.1,1.911,49.6,0,60,0,0,0,0,0,0,0,0,66
2025-09-27T19:22:45.104Z,60.1,21.1,1.912,50.4,0,60,0,0,0,0,0,0,0,0,66
2025-09-27T19:22:46.106Z,60.1,21.1,1.911,50.4,0,60,0,0,0,0,0,0,0,0,66
2025-09-27T19:22:47.104Z,60.1,21.1,1.911,49.6,0,60,0,0,0,0,0,0,0,0,66
2025-09-27T19:22:48.106Z,60.1,21.1,1.911,50.4,0,60,0,0,0,0,0,0,0,0,66
2025-09-27T19:22:49.106Z,60.1,21.1,1.911,49.6,0,60,0,0,0,0,0,0,0,0,66
2025-09-27T19:22:50.111Z,60.1,21.1,1.911,50.4,0,60,0,0,0,0,0,0,0,0,66
2025-09-27T19:22:51.108Z,60.1,21.1,1.911,49.6,0,60,0,0,0,0,0,0,0,0,66
2025-09-27T19:22:52.108Z,60.1,21.1,1.911,49.6,0,60,0,0,0,0,0,0,0,0,66
2025-09-27T19:22:53.108Z,60.2,21.1,1.911,50.4,0,60,0,0,0,0,0,0,0,0,66
2025-09-27T19:22:54.112Z,60.2,21.1,1.911,49.6,0,60,0,0,0,0,0,0,0,0,66
2025-09-27T19:22:55.111Z,60.2,21.1,1.911,50.4,0,60,0,0,0,0,0,0,0,0,66
2025-09-27T19:22:56.119Z,60.2,21.1,1.91,49.6,0,60,0,0,0,0,0,0,0,0,66
2025-09-27T19:22:57.113Z,60.2,21.1,1.911,50.4,0,60,0,0,0,0,0,0,0,0,66
2025-09-27T19:22:58.117Z,60.2,21.1,1.911,49.6,0,60,0,0,0,0,0,0,0,0,66
2025-09-27T19:22:59.114Z,60.2,21.1,1.911,49.6,0,60,0,0,0,0,0,0,0,0,66
2025-09-27T19:23:00.122Z,60.2,21.1,1.91,50.4,0,60,0,0,0,0,0,0,0,0,66
2025-09-27T19:23:01.118Z,60.2,21.1,1.911,49.6,0,60,0,0,0,0,0,0,0,0,66
2025-09-27T19:23:02.122Z,60.2,21.1,1.91,50.4,0,60,0,0,0,0,0,0,0,0,66
2025-09-27T19:23:03.122Z,60.2,21.1,1.911,49.6,0,60,0,0,0,0,0,0,0,0,66
2025-09-27T19:23:04.124Z,60.2,21.1,1.91,49.6,0,60,0,0,0,0,0,0,0,0,66
2025-09-27T19:23:05.123Z,60.2,21.1,1.911,50.4,0,60,0,0,0,0,0,0,0,0,66
2025-09-27T19:23:06.123Z,60.2,21.1,1.911,49.6,0,60,0,0,0,0,0,0,0,0,66
2025-09-27T19:23:07.122Z,60.2,21.1,1.911,50.4,0,60,0,0,0,0,0,0,0,0,66
2025-09-27T19:23:08.123Z,60.3,21.1,1.911,50.4,0,60,0,0,0,0,0,0,0,0,66
2025-09-27T19:23:09.127Z,60.3,21.1,1.911,49.6,0,60,0,0,0,0,0,0,0,0,66
2025-09-27T19:23:10.128Z,60.3,21.1,1.91,50.4,0,60,0,0,0,0,0,0,0,0,66
2025-09-27T19:23:11.129Z,60.3,21.1,1.91,49.6,0,60,0,0,0,0,0,0,0,0,66
2025-09-27T19:23:12.129Z,60.3,21.1,1.91,50.4,0,60,0,0,0,0,0,0,0,0,66
2025-09-27T19:23:13.137Z,60.3,21.1,1.91,49.6,0,60,0,0,0,0,0,0,0,0,66
2025-09-27T19:23:14.128Z,60.3,21.1,1.911,50.4,0,60,0,0,0,0,0,0,0,0,66
2025-09-27T19:23:15.129Z,60.3,21.1,1.911,50.4,0,60,0,0,0,0,0,0,0,0,66
2025-09-27T19:23:16.135Z,60.3,21.1,1.909,49.6,0,60,0,0,0,0,0,0,0,0,66
2025-09-27T19:23:17.132Z,60.3,21.1,1.911,50.4,0,60,0,0,0,0,0,0,0,0,66
2025-09-27T19:23:18.136Z,60.3,21.1,1.91,49.6,0,60,0,0,0,0,0,0,0,0,66
2025-09-27T19:23:19.135Z,60.3,21.1,1.911,50.4,0,60,0,0,0,0,0,0,0,0,66
2025-09-27T19:23:20.135Z,60.3,21.1,1.911,49.6,0,60,0,0,0,0,0,0,0,0,66
2025-09-27T19:23:21.139Z,60.3,21.1,1.91,50.4,0,60,0,0,0,0,0,0,0,0,66
2025-09-27T19:23:22.134Z,60.3,21.1,1.911,49.6,0,60,0,0,0,0,0,0,0,0,66
2025-09-27T19:23:23.136Z,60.3,21.1,1.91,50.4,0,60,0,0,0,0,0,0,0,0,66
2025-09-27T19:23:24.139Z,60.3,21.1,1.909,50.4,0,60,0,0,0,0,0,0,0,0,66
2025-09-27T19:23:25.141Z,60.4,21.1,1.91,49.6,0,60,0,0,0,0,0,0,0,0,66
2025-09-27T19:23:26.136Z,60.4,21.1,1.91,49.6,0,60,0,0,0,0,0,0,0,0,66
2025-09-27T19:23:27.142Z,60.4,21.1,1.909,49.6,0,60,0,0,0,0,0,0,0,0,66
2025-09-27T19:23:28.141Z,60.4,21.1,1.909,50.4,0,60,0,0,0,0,0,0,0,0,66
2025-09-27T19:23:29.145Z,60.4,21.1,1.909,49.6,0,60,0,0,0,0,0,0,0,0,66
2025-09-27T19:23:30.144Z,60.4,21.1,1.909,50.4,0,60,0,0,0,0,0,0,0,0,66
2025-09-27T19:23:31.147Z,60.4,21.1,1.909,49.6,0,60,0,0,0,0,0,0,0,0,66
2025-09-27T19:23:32.147Z,60.4,21.1,1.909,49.6,0,60,0,0,0,0,0,0,0,0,66
2025-09-27T19:23:33.147Z,60.4,21.1,1.909,50.4,0,60,0,0,0,0,0,0,0,0,66
2025-09-27T19:23:34.148Z,60.4,21.1,1.909,49.6,0,60,0,0,0,0,0,0,0,0,66
2025-09-27T19:23:35.151Z,60.4,21.1,1.909,50.4,0,60,0,0,0,0,0,0,0,0,66
2025-09-27T19:23:36.146Z,60.4,21.1,1.909,50.4,0,60,0,0,0,0,0,0,0,0,66
2025-09-27T19:23:37.153Z,60.4,21.1,1.909,49.6,0,60,0,0,0,0,0,0,0,0,66
2025-09-27T19:23:38.157Z,60.4,21.1,1.909,50.4,0,60,0,0,0,0,0,0,0,0,66
2025-09-27T19:23:39.152Z,60.4,21.1,1.909,49.6,0,60,0,0,0,0,0,0,0,0,66
2025-09-27T19:23:40.154Z,60.4,21.1,1.909,50.4,0,60,0,0,0,0,0,0,0,0,66
2025-09-27T19:23:41.155Z,60.5,21.1,1.909,49.6,0,60,0,0,0,0,0,0,0,0,66
2025-09-27T19:23:42.156Z,60.5,21.1,1.909,50.4,0,60,0,0,0,0,0,0,0,0,66
2025-09-27T19:23:43.156Z,60.5,21.1,1.909,49.6,0,60,0,0,0,0,0,0,0,0,66
2025-09-27T19:23:44.157Z,60.5,21.1,1.909,49.6,0,60,0,0,0,0,0,0,0,0,66
2025-09-27T19:23:45.161Z,60.5,21.1,1.909,49.6,0,60,0,0,0,0,0,0,0,0,66
2025-09-27T19:23:46.162Z,60.5,21.1,1.909,50.4,0,60,0,0,0,0,0,0,0,0,66
2025-09-27T19:23:47.162Z,60.5,21.1,1.909,49.6,0,60,0,0,0,0,0,0,0,0,66
2025-09-27T19:23:48.163Z,60.5,21.1,1.909,49.6,0,60,0,0,0,0,0,0,0,0,66
2025-09-27T19:23:49.159Z,60.5,21.1,1.909,50.4,0,60,0,0,0,0,0,0,0,0,66
2025-09-27T19:23:50.161Z,60.5,21.1,1.909,49.6,0,60,0,0,0,0,0,0,0,0,66
2025-09-27T19:23:51.159Z,60.5,21.1,1.909,49.6,0,60,0,0,0,0,0,0,0,0,66
2025-09-27T19:23:52.167Z,60.5,21.1,1.909,50.4,0,60,0,0,0,0,0,0,0,0,66
2025-09-27T19:23:53.161Z,60.5,21.1,1.909,49.6,0,60,0,0,0,0,0,0,0,0,66
2025-09-27T19:23:54.162Z,60.5,21.1,1.909,50.4,0,60,0,0,0,0,0,0,0,0,66
2025-09-27T19:23:55.165Z,60.5,21.1,1.909,49.6,0,60,0,0,0,0,0,0,0,0,66
2025-09-27T19:23:56.167Z,60.5,21.1,1.909,49.6,0,60,0,0,0,0,0,0,0,0,66
2025-09-27T19:23:57.167Z,60.5,21.1,1.909,50.4,0,60,0,0,0,0,0,0,0,0,66
2025-09-27T19:23:58.168Z,60.5,21.1,1.909,50.4,0,60,0,0,0,0,0,0,0,0,66
2025-09-27T19:23:59.174Z,60.5,21.1,1.909,49.6,0,60,0,0,0,0,0,0,0,0,66
2025-09-27T19:24:00.168Z,60.6,21.1,1.909,50.4,0,60,0,0,0,0,0,0,0,0,66
2025-09-27T19:24:01.171Z,60.6,21.1,1.909,49.6,0,60,0,0,0,0,0,0,0,0,66
2025-09-27T19:24:02.169Z,60.6,21.1,1.909,50.4,0,60,0,0,0,0,0,0,0,0,66
2025-09-27T19:24:03.175Z,60.6,21.1,1.909,49.6,0,60,0,0,0,0,0,0,0,0,66
2025-09-27T19:24:04.185Z,60.6,21.1,1.909,50.4,0,60,0,0,0,0,0,0,0,0,66
2025-09-27T19:24:05.177Z,60.6,21.1,1.909,49.6,0,60,0,0,0,0,0,0,0,0,66
2025-09-27T19:24:06.177Z,60.6,21.1,1.909,49.6,0,60,0,0,0,0,0,0,0,0,66
2025-09-27T19:24:07.179Z,60.6,21.1,1.909,50.4,0,60,0,0,0,0,0,0,0,0,66
2025-09-27T19:24:08.176Z,60.6,21.1,1.909,49.6,0,60,0,0,0,0,0,0,0,0,66
2025-09-27T19:24:09.179Z,60.6,21.1,1.909,50.4,0,60,0,0,0,0,0,0,0,0,66
2025-09-27T19:24:10.179Z,60.6,21.1,1.909,49.6,0,60,0,0,0,0,0,0,0,0,66
2025-09-27T19:24:11.182Z,60.6,21.1,1.909,49.6,0,60,0,0,0,0,0,0,0,0,66
2025-09-27T19:24:12.181Z,60.6,21.1,1.909,50.4,0,60,0,0,0,0,0,0,0,0,66
2025-09-27T19:24:13.180Z,60.6,21.1,1.909,50.4,0,60,0,0,0,0,0,0,0,0,66
2025-09-27T19:24:14.181Z,60.6,21.1,1.909,49.6,0,60,0,0,0,0,0,0,0,0,66
2025-09-27T19:24:15.185Z,60.6,21.1,1.909,50.4,0,60,0,0,0,0,0,0,0,0,66
2025-09-27T19:24:16.185Z,60.6,21.1,1.909,49.6,0,60,0,0,0,0,0,0,0,0,66
2025-09-27T19:24:17.185Z,60.7,21.1,1.908,50.4,0,60,0,0,0,0,0,0,0,0,66
2025-09-27T19:24:18.187Z,60.7,21.1,1.909,49.6,0,60,0,0,0,0,0,0,0,0,66
2025-09-27T19:24:19.187Z,60.7,21.1,1.909,50.4,0,60,0,0,0,0,0,0,0,0,66
2025-09-27T19:24:20.190Z,60.7,21.1,1.909,49.6,0,60,0,0,0,0,0,0,0,0,66
2025-09-27T19:24:21.191Z,60.7,21.1,1.909,49.6,0,60,0,0,0,0,0,0,0,0,66
2025-09-27T19:24:22.192Z,60.7,21.1,1.909,50.4,0,60,0,0,0,0,0,0,0,0,66
2025-09-27T19:24:23.189Z,60.7,21.1,1.908,49.6,0,60,0,0,0,0,0,0,0,0,66
2025-09-27T19:24:24.195Z,60.7,21.1,1.909,50.4,0,60,0,0,0,0,0,0,0,0,66
2025-09-27T19:24:25.192Z,60.7,21.1,1.909,49.6,0,60,0,0,0,0,0,0,0,0,66
2025-09-27T19:24:26.197Z,60.7,21.1,1.909,49.6,0,60,0,0,0,0,0,0,0,0,66
2025-09-27T19:24:27.194Z,60.7,21.1,1.909,50.4,0,60,0,0,0,0,0,0,0,0,66
2025-09-27T19:24:28.196Z,60.7,21.1,1.909,49.6,0,60,0,0,0,0,0,0,0,0,66
2025-09-27T19:24:29.197Z,60.7,21.1,1.909,49.6,0,60,0,0,0,0,0,0,0,0,66
2025-09-27T19:24:30.199Z,60.7,21.1,1.909,50.4,0,60,0,0,0,0,0,0,0,0,66
2025-09-27T19:24:31.198Z,60.7,21.1,1.909,49.6,0,60,0,0,0,0,0,0,0,0,66
2025-09-27T19:24:32.200Z,60.7,21.1,1.907,49.6,0,60,0,0,0,0,0,0,0,0,66
2025-09-27T19:24:33.199Z,60.7,21.1,1.909,50.4,0,60,0,0,0,0,0,0,0,0,66
2025-09-27T19:24:34.205Z,60.7,21.1,1.909,49.6,0,60,0,0,0,0,0,0,0,0,66
2025-09-27T19:24:35.206Z,60.7,21.1,1.909,49.6,0,60,0,0,0,0,0,0,0,0,66
2025-09-27T19:24:36.205Z,60.7,21.1,1.909,50.4,0,60,0,0,0,0,0,0,0,0,66
2025-09-27T19:24:37.209Z,60.7,21.1,1.909,50.4,0,60,0,0,0,0,0,0,0,0,66
2025-09-27T19:24:38.206Z,60.7,21.1,1.907,49.6,0,60,0,0,0,0,0,0,0,0,66
2025-09-27T19:24:39.206Z,60.7,21.1,1.907,50.4,0,60,0,0,0,0,0,0,0,0,66
2025-09-27T19:24:40.206Z,60.8,21.1,1.907,50.4,0,60,0,0,0,0,0,0,0,0,66
2025-09-27T19:24:41.211Z,60.8,21.1,1.907,49.6,0,60,0,0,0,0,0,0,0,0,66
2025-09-27T19:24:42.211Z,60.8,21.1,1.907,50.4,0,60,0,0,0,0,0,0,0,0,66
2025-09-27T19:24:43.213Z,60.8,21.1,1.907,49.6,0,60,0,0,0,0,0,0,0,0,66
2025-09-27T19:24:44.214Z,60.8,21.1,1.907,49.6,0,60,0,0,0,0,0,0,0,0,66
2025-09-27T19:24:45.222Z,60.8,21.1,1.906,50.4,0,60,0,0,0,0,0,0,0,0,66
2025-09-27T19:24:46.213Z,60.8,21.1,1.907,49.6,0,60,0,0,0,0,0,0,0,0,66
2025-09-27T19:24:47.215Z,60.8,21.1,1.907,49.6,0,60,0,0,0,0,0,0,0,0,66
2025-09-27T19:24:48.219Z,60.8,21.1,1.907,50.4,0,60,0,0,0,0,0,0,0,0,66
2025-09-27T19:24:49.223Z,60.8,21.1,1.907,49.6,0,60,0,0,0,0,0,0,0,0,66
2025-09-27T19:24:50.217Z,60.8,21.1,1.907,50.4,0,60,0,0,0,0,0,0,0,0,66
2025-09-27T19:24:51.221Z,60.8,21.1,1.907,50.4,0,60,0,0,0,0,0,0,0,0,66
2025-09-27T19:24:52.217Z,60.8,21.1,1.907,49.6,0,60,0,0,0,0,0,0,0,0,66
2025-09-27T19:24:53.221Z,60.8,21.1,1.907,50.4,0,60,0,0,0,0,0,0,0,0,66
2025-09-27T19:24:54.222Z,60.8,21.1,1.907,50.4,0,60,0,0,0,0,0,0,0,0,66
2025-09-27T19:24:55.226Z,60.8,21.1,1.907,49.6,0,60,0,0,0,0,0,0,0,0,66
2025-09-27T19:24:56.226Z,60.8,21.1,1.906,50.4,0,60,0,0,0,0,0,0,0,0,66
2025-09-27T19:24:57.225Z,60.8,21.1,1.907,49.6,0,60,0,0,0,0,0,0,0,0,66
2025-09-27T19:24:58.223Z,60.8,21.1,1.907,50.4,0,60,0,0,0,0,0,0,0,0,66
2025-09-27T19:24:59.228Z,60.8,21.1,1.906,49.6,0,60,0,0,0,0,0,0,0,0,66
2025-09-27T19:25:00.229Z,60.8,21.1,1.906,49.6,0,60,0,0,0,0,0,0,0,0,66
2025-09-27T19:25:01.232Z,60.8,21.1,1.906,50.4,0,60,0,0,0,0,0,0,0,0,66
2025-09-27T19:25:02.230Z,60.8,21.1,1.907,49.6,0,60,0,0,0,0,0,0,0,0,66
2025-09-27T19:25:03.227Z,60.8,21.1,1.907,49.6,0,60,0,0,0,0,0,0,0,0,66
2025-09-27T19:25:04.233Z,60.8,21.1,1.906,50.4,0,60,0,0,0,0,0,0,0,0,66
2025-09-27T19:25:05.229Z,60.8,21.1,1.907,49.6,0,60,0,0,0,0,0,0,0,0,66
2025-09-27T19:25:06.235Z,60.8,21.1,1.906,49.6,0,60,0,0,0,0,0,0,0,0,66
2025-09-27T19:25:07.232Z,60.8,21.1,1.907,50.4,0,60,0,0,0,0,0,0,0,0,66
2025-09-27T19:25:08.235Z,60.8,21.1,1.907,49.6,0,60,0,0,0,0,0,0,0,0,66
2025-09-27T19:25:09.240Z,60.8,21.1,1.906,49.6,0,60,0,0,0,0,0,0,0,0,66
2025-09-27T19:25:10.238Z,60.8,21.1,1.906,50.4,0,60,0,0,0,0,0,0,0,0,66
2025-09-27T19:25:11.240Z,60.8,21.1,1.906,50.4,0,60,0,0,0,0,0,0,0,0,66
2025-09-27T19:25:12.241Z,60.8,21.1,1.906,49.6,0,60,0,0,0,0,0,0,0,0,66
2025-09-27T19:25:13.241Z,60.9,21.1,1.906,50.4,0,60,0,0,0,0,0,0,0,0,66
2025-09-27T19:25:14.236Z,60.8,21.1,1.907,50.4,0,60,0,0,0,0,0,0,0,0,66
2025-09-27T19:25:15.241Z,60.8,21.1,1.907,49.6,0,60,0,0,0,0,0,0,0,0,66
2025-09-27T19:25:16.243Z,60.9,21.1,1.906,50.4,0,60,0,0,0,0,0,0,0,0,66
2025-09-27T19:25:17.242Z,60.9,21.1,1.907,49.6,0,60,0,0,0,0,0,0,0,0,66
2025-09-27T19:25:18.243Z,60.9,21.1,1.907,50.4,0,60,0,0,0,0,0,0,0,0,66
2025-09-27T19:25:19.248Z,60.9,21.1,1.906,49.6,0,60,0,0,0,0,0,0,0,0,66
2025-09-27T19:25:20.250Z,60.9,21.1,1.906,49.6,0,60,0,0,0,0,0,0,0,0,66
2025-09-27T19:25:21.248Z,60.9,21.1,1.906,50.4,0,60,0,0,0,0,0,0,0,0,66
2025-09-27T19:25:22.249Z,60.9,21.1,1.906,49.6,0,60,0,0,0,0,0,0,0,0,66
2025-09-27T19:25:23.251Z,60.9,21.1,1.906,50.4,0,60,0,0,0,0,0,0,0,0,66
2025-09-27T19:25:24.246Z,60.9,21.1,1.906,50.4,0,60,0,0,0,0,0,0,0,0,66
2025-09-27T19:25:25.249Z,60.9,21.1,1.906,49.6,0,60,0,0,0,0,0,0,0,0,66
2025-09-27T19:25:26.250Z,60.9,21.1,1.906,50.4,0,60,0,0,0,0,0,0,0,0,66
2025-09-27T19:25:27.249Z,60.9,21.1,1.906,49.6,0,60,0,0,0,0,0,0,0,0,66
2025-09-27T19:25:28.252Z,60.9,21.1,1.906,50.4,0,60,0,0,0,0,0,0,0,0,66
2025-09-27T19:25:29.251Z,60.9,21.1,1.907,49.6,0,60,0,0,0,0,0,0,0,0,66
2025-09-27T19:25:30.255Z,60.9,21.1,1.906,49.6,0,60,0,0,0,0,0,0,0,0,66
2025-09-27T19:25:31.257Z,60.9,21.1,1.906,50.4,0,60,0,0,0,0,0,0,0,0,66
2025-09-27T19:25:32.253Z,60.9,21.1,1.906,49.6,0,60,0,0,0,0,0,0,0,0,66
2025-09-27T19:25:33.258Z,60.9,21.1,1.906,50.4,0,60,0,0,0,0,0,0,0,0,66
2025-09-27T19:25:34.259Z,60.9,21.1,1.906,50.4,0,60,0,0,0,0,0,0,0,0,66
2025-09-27T19:25:35.257Z,60.9,21.1,1.906,49.6,0,60,0,0,0,0,0,0,0,0,66
2025-09-27T19:25:36.262Z,60.9,21.1,1.906,50.4,0,60,0,0,0,0,0,0,0,0,66
2025-09-27T19:25:37.262Z,60.9,21.1,1.906,49.6,0,60,0,0,0,0,0,0,0,0,66
2025-09-27T19:25:38.260Z,60.9,21.1,1.906,50.4,0,60,0,0,0,0,0,0,0,0,66
2025-09-27T19:25:39.261Z,60.9,21.1,1.906,49.6,0,60,0,0,0,0,0,0,0,0,66
2025-09-27T19:25:40.260Z,60.9,21.1,1.906,50.4,0,60,0,0,0,0,0,0,0,0,66
2025-09-27T19:25:41.263Z,60.9,21.1,1.906,49.6,0,60,0,0,0,0,0,0,0,0,66
2025-09-27T19:25:42.266Z,60.9,21.1,1.906,49.6,0,60,0,0,0,0,0,0,0,0,66
2025-09-27T19:25:43.267Z,60.9,21.1,1.906,50.4,0,60,0,0,0,0,0,0,0,0,66
2025-09-27T19:25:44.267Z,60.9,21.1,1.906,49.6,0,60,0,0,0,0,0,0,0,0,66
2025-09-27T19:25:45.270Z,60.9,21.1,1.906,49.6,0,60,0,0,0,0,0,0,0,0,66
2025-09-27T19:25:46.276Z,60.9,21.1,1.906,50.4,0,60,0,0,0,0,0,0,0,0,66
2025-09-27T19:25:47.268Z,60.9,21.1,1.906,49.6,0,60,0,0,0,0,0,0,0,0,66
2025-09-27T19:25:48.276Z,60.9,21.1,1.906,50.4,0,60,0,0,0,0,0,0,0,0,66
2025-09-27T19:25:49.273Z,60.9,21.1,1.906,50.4,0,60,0,0,0,0,0,0,0,0,66
2025-09-27T19:25:50.271Z,60.9,21.1,1.906,49.6,0,60,0,0,0,0,0,0,0,0,66
2025-09-27T19:25:51.275Z,60.9,21.1,1.906,50.4,0,60,0,0,0,0,0,0,0,0,66
2025-09-27T19:25:52.272Z,60.9,21.1,1.906,49.6,0,60,0,0,0,0,0,0,0,0,66
2025-09-27T19:25:53.277Z,60.9,21.1,1.906,50.4,0,60,0,0,0,0,0,0,0,0,66
2025-09-27T19:25:54.278Z,60.9,21.1,1.906,49.6,0,60,0,0,0,0,0,0,0,0,66
2025-09-27T19:25:55.276Z,60.9,21.1,1.906,50.4,0,60,0,0,0,0,0,0,0,0,66
2025-09-27T19:25:56.279Z,60.9,21.1,1.906,49.6,0,60,0,0,0,0,0,0,0,0,66
2025-09-27T19:25:57.282Z,60.9,21.1,1.906,50.4,0,60,0,0,0,0,0,0,0,0,66
2025-09-27T19:25:58.281Z,60.9,21.1,1.906,49.6,0,60,0,0,0,0,0,0,0,0,66
2025-09-27T19:25:59.282Z,60.9,21.1,1.906,50.4,0,60,0,0,0,0,0,0,0,0,66
2025-09-27T19:26:00.285Z,60.9,21.1,1.906,49.6,0,60,0,0,0,0,0,0,0,0,66
2025-09-27T19:26:01.282Z,60.9,21.1,1.906,50.4,0,60,0,0,0,0,0,0,0,0,66
2025-09-27T19:26:02.286Z,60.9,21.1,1.906,49.6,0,60,0,0,0,0,0,0,0,0,66
2025-09-27T19:26:03.288Z,60.9,21.1,1.906,50.4,0,60,0,0,0,0,0,0,0,0,66
2025-09-27T19:26:04.287Z,60.9,21.1,1.906,49.6,0,60,0,0,0,0,0,0,0,0,66
2025-09-27T19:26:05.291Z,60.9,21.1,1.907,49.6,0,60,0,0,0,0,0,0,0,0,66
2025-09-27T19:26:06.289Z,60.9,21.1,1.906,50.4,0,60,0,0,0,0,0,0,0,0,66
2025-09-27T19:26:07.290Z,60.9,21.1,1.906,49.6,0,60,0,0,0,0,0,0,0,0,66
2025-09-27T19:26:08.289Z,60.9,21.1,1.906,50.4,0,60,0,0,0,0,0,0,0,0,66
2025-09-27T19:26:09.288Z,60.9,21.1,1.906,49.6,0,60,0,0,0,0,0,0,0,0,66
2025-09-27T19:26:10.292Z,60.9,21.1,1.906,50.4,0,60,0,0,0,0,0,0,0,0,66
2025-09-27T19:26:11.297Z,60.9,21.1,1.907,49.6,0,60,0,0,0,0,0,0,0,0,66
2025-09-27T19:26:12.295Z,60.9,21.1,1.906,49.6,0,60,0,0,0,0,0,0,0,0,66
2025-09-27T19:26:13.294Z,60.9,21.1,1.906,50.4,0,60,0,0,0,0,0,0,0,0,66
2025-09-27T19:26:14.299Z,60.9,21.1,1.907,49.6,0,60,0,0,0,0,0,0,0,0,66
2025-09-27T19:26:15.296Z,60.9,21.1,1.906,50.4,0,60,0,0,0,0,0,0,0,0,66
2025-09-27T19:26:16.298Z,60.9,21.1,1.906,49.6,0,60,0,0,0,0,0,0,0,0,66
2025-09-27T19:26:17.300Z,60.9,21.1,1.907,50.4,0,60,0,0,0,0,0,0,0,0,66
2025-09-27T19:26:18.301Z,60.9,21.1,1.907,50.4,0,60,0,0,0,0,0,0,0,0,66
2025-09-27T19:26:19.302Z,60.9,21.1,1.907,49.6,0,60,0,0,0,0,0,0,0,0,66
2025-09-27T19:26:20.311Z,60.9,21.1,1.907,49.6,0,60,0,0,0,0,0,0,0,0,66
2025-09-27T19:26:21.299Z,60.9,21.1,1.907,49.6,0,60,0,0,0,0,0,0,0,0,66
2025-09-27T19:26:22.302Z,60.9,21.1,1.907,50.4,0,60,0,0,0,0,0,0,0,0,66
2025-09-27T19:26:23.309Z,60.9,21.1,1.907,49.6,0,60,0,0,0,0,0,0,0,0,66
2025-09-27T19:26:24.305Z,60.9,21.1,1.907,50.4,0,60,0,0,0,0,0,0,0,0,66
2025-09-27T19:26:25.304Z,60.9,21.1,1.907,49.6,0,60,0,0,0,0,0,0,0,0,66
2025-09-27T19:26:26.307Z,60.9,21.1,1.907,49.6,0,60,0,0,0,0,0,0,0,0,66
2025-09-27T19:26:27.308Z,60.9,21.1,1.907,50.4,0,60,0,0,0,0,0,0,0,0,66
2025-09-27T19:26:28.308Z,60.9,21.1,1.907,49.6,0,60,0,0,0,0,0,0,0,0,66
2025-09-27T19:26:29.308Z,60.9,21.1,1.907,50.4,0,60,0,0,0,0,0,0,0,0,66
2025-09-27T19:26:30.313Z,60.9,21.1,1.907,49.6,0,60,0,0,0,0,0,0,0,0,66
2025-09-27T19:26:31.312Z,60.9,21.1,1.907,49.6,0,60,0,0,0,0,0,0,0,0,66
2025-09-27T19:26:32.317Z,60.9,21.1,1.907,50.4,0,60,0,0,0,0,0,0,0,0,66
2025-09-27T19:26:33.312Z,60.9,21.1,1.907,49.6,0,60,0,0,0,0,0,0,0,0,66
2025-09-27T19:26:34.315Z,60.9,21.1,1.907,50.4,0,60,0,0,0,0,0,0,0,0,66
2025-09-27T19:26:35.314Z,60.9,21.1,1.907,49.6,0,60,0,0,0,0,0,0,0,0,66
2025-09-27T19:26:36.317Z,60.9,21.1,1.907,49.6,0,60,0,0,0,0,0,0,0,0,66
2025-09-27T19:26:37.318Z,60.8,21.1,1.907,50.4,0,60,0,0,0,0,0,0,0,0,66
2025-09-27T19:26:38.319Z,60.8,21.1,1.907,49.6,0,60,0,0,0,0,0,0,0,0,66
2025-09-27T19:26:39.323Z,60.8,21.1,1.907,50.4,0,60,0,0,0,0,0,0,0,0,66
2025-09-27T19:26:40.321Z,60.8,21.1,1.907,49.6,0,60,0,0,0,0,0,0,0,0,66
2025-09-27T19:26:41.324Z,60.8,21.1,1.907,49.6,0,60,0,0,0,0,0,0,0,0,66
2025-09-27T19:26:42.327Z,60.8,21.1,1.906,50.4,0,60,0,0,0,0,0,0,0,0,66
2025-09-27T19:26:43.329Z,60.8,21.1,1.906,49.6,0,60,0,0,0,0,0,0,0,0,66
2025-09-27T19:26:44.324Z,60.8,21.1,1.907,49.6,0,60,0,0,0,0,0,0,0,0,66
2025-09-27T19:26:45.327Z,60.8,21.1,1.906,50.4,0,60,0,0,0,0,0,0,0,0,66
2025-09-27T19:26:46.331Z,60.8,21.1,1.906,49.6,0,60,0,0,0,0,0,0,0,0,66
2025-09-27T19:26:47.329Z,60.8,21.1,1.906,49.6,0,60,0,0,0,0,0,0,0,0,66
2025-09-27T19:26:48.332Z,60.8,21.1,1.906,50.4,0,60,0,0,0,0,0,0,0,0,66
2025-09-27T19:26:49.332Z,60.8,21.1,1.906,50.4,0,60,0,0,0,0,0,0,0,0,66
2025-09-27T19:26:50.339Z,60.8,21.1,1.906,49.6,0,60,0,0,0,0,0,0,0,0,66
2025-09-27T19:26:51.333Z,60.8,21.1,1.906,50.4,0,60,0,0,0,0,0,0,0,0,66
2025-09-27T19:26:52.331Z,60.8,21.1,1.906,49.6,0,60,0,0,0,0,0,0,0,0,66
2025-09-27T19:26:53.334Z,60.8,21.1,1.906,49.6,0,60,0,0,0,0,0,0,0,0,66
2025-09-27T19:26:54.332Z,60.8,21.1,1.906,50.4,0,60,0,0,0,0,0,0,0,0,66
2025-09-27T19:26:55.334Z,60.8,21.1,1.906,50.4,0,60,0,0,0,0,0,0,0,0,66
2025-09-27T19:26:56.334Z,60.8,21.1,1.908,49.6,0,60,0,0,0,0,0,0,0,0,66
2025-09-27T19:26:57.338Z,60.8,21.1,1.906,50.4,0,60,0,0,0,0,0,0,0,0,66
2025-09-27T19:26:58.336Z,60.8,21.1,1.906,49.6,0,60,0,0,0,0,0,0,0,0,66
2025-09-27T19:26:59.336Z,60.8,21.1,1.906,49.6,0,60.1,0,0,0,0,0,0,0,0,66
2025-09-27T19:27:00.340Z,60.8,21.1,1.906,50.4,0,60,0,0,0,0,0,0,0,0,66
2025-09-27T19:27:01.340Z,60.8,21.1,1.906,50.4,0,60,0,0,0,0,0,0,0,0,66
2025-09-27T19:27:02.341Z,60.8,21.1,1.906,49.6,0,60.1,0,0,0,0,0,0,0,0,66
2025-09-27T19:27:03.342Z,60.8,21.1,1.908,50.4,0,60.1,0,0,0,0,0,0,0,0,66
2025-09-27T19:27:04.342Z,60.7,21.1,1.908,49.6,0,60.1,0,0,0,0,0,0,0,0,66
2025-09-27T19:27:05.341Z,60.8,21.1,1.906,49.6,0,60.1,0,0,0,0,0,0,0,0,66
2025-09-27T19:27:06.350Z,60.8,21.1,1.906,50.4,0,60.1,0,0,0,0,0,0,0,0,66
2025-09-27T19:27:07.348Z,60.7,21.1,1.906,49.6,0,60.1,0,0,0,0,0,0,0,0,66
2025-09-27T19:27:08.348Z,60.7,21.1,1.906,50.4,0,60.1,0,0,0,0,0,0,0,0,66
2025-09-27T19:27:09.351Z,60.7,21.1,1.906,50.4,0,60.1,0,0,0,0,0,0,0,0,66
2025-09-27T19:27:10.349Z,60.7,21.1,1.908,49.6,0,60.1,0,0,0,0,0,0,0,0,66
2025-09-27T19:27:11.349Z,60.7,21.1,1.906,50.4,0,60.1,0,0,0,0,0,0,0,0,66
2025-09-27T19:27:12.355Z,60.7,21.1,1.908,49.6,0,60.1,0,0,0,0,0,0,0,0,66
2025-09-27T19:27:13.355Z,60.7,21.1,1.908,50.4,0,60.1,0,0,0,0,0,0,0,0,66
2025-09-27T19:27:14.356Z,60.7,21.1,1.908,49.6,0,60.1,0,0,0,0,0,0,0,0,66
2025-09-27T19:27:15.351Z,60.7,21.1,1.908,49.6,0,60.1,0,0,0,0,0,0,0,0,66
2025-09-27T19:27:16.354Z,60.7,21.1,1.908,50.4,0,60.1,0,0,0,0,0,0,0,0,66
2025-09-27T19:27:17.356Z,60.7,21.1,1.908,49.6,0,60.1,0,0,0,0,0,0,0,0,66
2025-09-27T19:27:18.355Z,60.7,21.1,1.908,49.6,0,60.1,0,0,0,0,0,0,0,0,66
2025-09-27T19:27:19.365Z,60.7,21.1,1.909,50.4,0,60.1,0,0,0,0,0,0,0,0,66
2025-09-27T19:27:20.359Z,60.7,21.1,1.908,49.6,0,60.1,0,0,0,0,0,0,0,0,66
2025-09-27T19:27:21.356Z,60.7,21.1,1.908,49.6,0,60.1,0,0,0,0,0,0,0,0,66
2025-09-27T19:27:22.360Z,60.7,21.1,1.908,50.4,0,60.1,0,0,0,0,0,0,0,0,66
2025-09-27T19:27:23.361Z,60.7,21.1,1.908,50.4,0,60.1,0,0,0,0,0,0,0,0,66
2025-09-27T19:27:24.362Z,60.7,21.1,1.908,49.6,0,60.1,0,0,0,0,0,0,0,0,66
2025-09-27T19:27:25.365Z,60.7,21.1,1.909,50.4,0,60.1,0,0,0,0,0,0,0,0,66
2025-09-27T19:27:26.366Z,60.7,21.1,1.909,49.6,0,60.1,0,0,0,0,0,0,0,0,66
2025-09-27T19:27:27.364Z,60.7,21.1,1.908,49.6,0,60.1,0,0,0,0,0,0,0,0,66
2025-09-27T19:27:28.365Z,60.7,21.1,1.908,50.4,0,60.1,0,0,0,0,0,0,0,0,66
2025-09-27T19:27:29.368Z,60.7,21.1,1.909,49.6,0,60.1,0,0,0,0,0,0,0,0,66
2025-09-27T19:27:30.367Z,60.7,21.1,1.909,49.6,0,60.1,0,0,0,0,0,0,0,0,66
2025-09-27T19:27:31.370Z,60.7,21.1,1.909,50.4,0,60.1,0,0,0,0,0,0,0,0,66
2025-09-27T19:27:32.372Z,60.7,21.1,1.909,50.4,0,60.1,0,0,0,0,0,0,0,0,66
2025-09-27T19:27:33.370Z,60.7,21.1,1.909,49.6,0,60.1,0,0,0,0,0,0,0,0,66
2025-09-27T19:27:34.375Z,60.7,21.1,1.909,50.4,0,60.1,0,0,0,0,0,0,0,0,66
2025-09-27T19:27:35.372Z,60.6,21.1,1.909,50.4,0,60.1,0,0,0,0,0,0,0,0,66
2025-09-27T19:27:36.378Z,60.6,21.1,1.909,49.6,0,60.1,0,0,0,0,0,0,0,0,66
2025-09-27T19:27:37.376Z,60.6,21.1,1.909,50.4,0,60.1,0,0,0,0,0,0,0,0,66
2025-09-27T19:27:38.380Z,60.6,21.1,1.909,49.6,0,60.1,0,0,0,0,0,0,0,0,66
2025-09-27T19:27:39.375Z,60.6,21.1,1.909,50.4,0,60.1,0,0,0,0,0,0,0,0,66
2025-09-27T19:27:40.379Z,60.6,21.1,1.909,49.6,0,60.1,0,0,0,0,0,0,0,0,66
2025-09-27T19:27:41.374Z,60.6,21.1,1.909,49.6,0,60.1,0,0,0,0,0,0,0,0,66
2025-09-27T19:27:42.379Z,60.6,21.1,1.909,50.4,0,60.1,0,0,0,0,0,0,0,0,66
2025-09-27T19:27:43.379Z,60.6,21.1,1.909,49.6,0,60.1,0,0,0,0,0,0,0,0,66
2025-09-27T19:27:44.384Z,60.6,21.1,1.909,50.4,0,60.1,0,0,0,0,0,0,0,0,66
2025-09-27T19:27:45.387Z,60.6,21.1,1.909,50.4,0,60.1,0,0,0,0,0,0,0,0,66
2025-09-27T19:27:46.384Z,60.6,21.1,1.909,49.6,0,60.1,0,0,0,0,0,0,0,0,66
2025-09-27T19:27:47.383Z,60.6,21.1,1.909,50.4,0,60.1,0,0,0,0,0,0,0,0,66
2025-09-27T19:27:48.387Z,60.6,21.1,1.909,49.6,0,60.1,0,0,0,0,0,0,0,0,66
2025-09-27T19:27:49.383Z,60.6,21.1,1.909,50.4,0,60.1,0,0,0,0,0,0,0,0,66
2025-09-27T19:27:50.386Z,60.6,21.1,1.909,49.6,0,60.1,0,0,0,0,0,0,0,0,66
2025-09-27T19:27:51.387Z,60.6,21.1,1.909,50.4,0,60.1,0,0,0,0,0,0,0,0,66
2025-09-27T19:27:52.388Z,60.6,21.1,1.909,49.6,0,60.1,0,0,0,0,0,0,0,0,66
2025-09-27T19:27:53.389Z,60.6,21.1,1.909,50.4,0,60.1,0,0,0,0,0,0,0,0,66
2025-09-27T19:27:54.386Z,60.6,21.1,1.909,50.4,0,60.1,0,0,0,0,0,0,0,0,66
2025-09-27T19:27:55.390Z,60.6,21.1,1.909,49.6,0,60.1,0,0,0,0,0,0,0,0,66
2025-09-27T19:27:56.393Z,60.6,21.1,1.909,50.4,0,60.1,0,0,0,0,0,0,0,0,66
2025-09-27T19:27:57.389Z,60.5,21.1,1.909,49.6,0,60.1,0,0,0,0,0,0,0,0,66
2025-09-27T19:27:58.390Z,60.5,21.1,1.909,50.4,0,60.1,0,0,0,0,0,0,0,0,66
2025-09-27T19:27:59.396Z,60.5,21.1,1.909,49.6,0,60.1,0,0,0,0,0,0,0,0,66
2025-09-27T19:28:00.394Z,60.5,21.1,1.909,50.4,0,60.1,0,0,0,0,0,0,0,0,66
2025-09-27T19:28:01.396Z,60.5,21.1,1.909,49.6,0,60.1,0,0,0,0,0,0,0,0,66
2025-09-27T19:28:02.397Z,60.5,21.1,1.909,50.4,0,60.1,0,0,0,0,0,0,0,0,66
2025-09-27T19:28:03.401Z,60.5,21.1,1.909,49.6,0,60.1,0,0,0,0,0,0,0,0,66
2025-09-27T19:28:04.396Z,60.5,21.1,1.909,50.4,0,60.1,0,0,0,0,0,0,0,0,66
2025-09-27T19:28:05.400Z,60.5,21.1,1.909,49.6,0,60.1,0,0,0,0,0,0,0,0,66
2025-09-27T19:28:06.401Z,60.5,21.1,1.909,50.4,0,60.1,0,0,0,0,0,0,0,0,66
2025-09-27T19:28:07.399Z,60.5,21.1,1.909,49.6,0,60.1,0,0,0,0,0,0,0,0,66
2025-09-27T19:28:08.399Z,60.5,21.1,1.909,50.4,0,60.1,0,0,0,0,0,0,0,0,66
2025-09-27T19:28:09.401Z,60.5,21.1,1.909,49.6,0,60.1,0,0,0,0,0,0,0,0,66
2025-09-27T19:28:10.410Z,60.5,21.1,1.909,50.4,0,60.1,0,0,0,0,0,0,0,0,66
2025-09-27T19:28:11.404Z,60.5,21.1,1.91,49.6,0,60.1,0,0,0,0,0,0,0,0,66
2025-09-27T19:28:12.404Z,60.5,21.1,1.909,49.6,0,60.1,0,0,0,0,0,0,0,0,66
2025-09-27T19:28:13.407Z,60.5,21.1,1.91,49.6,0,60.1,0,0,0,0,0,0,0,0,66
2025-09-27T19:28:14.418Z,60.5,21.1,1.909,50.4,0,60.1,0,0,0,0,0,0,0,0,66
2025-09-27T19:28:15.408Z,60.5,21.1,1.91,49.6,0,60.1,0,0,0,0,0,0,0,0,66
2025-09-27T19:28:16.414Z,60.5,21.1,1.909,50.4,0,60.1,0,0,0,0,0,0,0,0,66
2025-09-27T19:28:17.411Z,60.5,21.1,1.91,49.6,0,60.1,0,0,0,0,0,0,0,0,66
2025-09-27T19:28:18.414Z,60.5,21.1,1.909,49.6,0,60.1,0,0,0,0,0,0,0,0,66
2025-09-27T19:28:19.413Z,60.5,21.1,1.909,50.4,0,60.1,0,0,0,0,0,0,0,0,66
2025-09-27T19:28:20.418Z,60.4,21.1,1.909,49.6,0,60.1,0,0,0,0,0,0,0,0,66
2025-09-27T19:28:21.415Z,60.4,21.1,1.909,50.4,0,60.1,0,0,0,0,0,0,0,0,66
2025-09-27T19:28:22.418Z,60.4,21.1,1.909,49.6,0,60.1,0,0,0,0,0,0,0,0,66
2025-09-27T19:28:23.416Z,60.4,21.1,1.909,49.6,0,60.1,0,0,0,0,0,0,0,0,66
2025-09-27T19:28:24.417Z,60.4,21.1,1.909,50.4,0,60.1,0,0,0,0,0,0,0,0,66
2025-09-27T19:28:25.415Z,60.4,21.1,1.909,49.6,0,60.1,0,0,0,0,0,0,0,0,66
2025-09-27T19:28:26.420Z,60.4,21.1,1.909,50.4,0,60.1,0,0,0,0,0,0,0,0,66
2025-09-27T19:28:27.429Z,60.4,21.1,1.91,49.6,0,60.1,0,0,0,0,0,0,0,0,66
2025-09-27T19:28:28.420Z,60.4,21.1,1.909,49.6,0,60.1,0,0,0,0,0,0,0,0,66
2025-09-27T19:28:29.425Z,60.4,21.1,1.91,50.4,0,60.1,0,0,0,0,0,0,0,0,66
2025-09-27T19:28:30.425Z,60.4,21.1,1.909,49.6,0,60.1,0,0,0,0,0,0,0,0,66
2025-09-27T19:28:31.426Z,60.4,21.1,1.909,50.4,0,60.1,0,0,0,0,0,0,0,0,66
2025-09-27T19:28:32.425Z,60.4,21.1,1.909,50.4,0,60.1,0,0,0,0,0,0,0,0,66
2025-09-27T19:28:33.432Z,60.4,21.1,1.909,49.6,0,60.1,0,0,0,0,0,0,0,0,66
2025-09-27T19:28:34.426Z,60.4,21.1,1.91,50.4,0,60.1,0,0,0,0,0,0,0,0,66
2025-09-27T19:28:35.430Z,60.4,21.1,1.91,49.6,0,60.1,0,0,0,0,0,0,0,0,66
2025-09-27T19:28:36.430Z,60.4,21.1,1.909,50.4,0,60.1,0,0,0,0,0,0,0,0,66
2025-09-27T19:28:37.430Z,60.4,21.1,1.91,49.6,0,60.1,0,0,0,0,0,0,0,0,66
2025-09-27T19:28:38.432Z,60.4,21.1,1.91,50.4,0,60.1,0,0,0,0,0,0,0,0,66
2025-09-27T19:28:39.434Z,60.4,21.1,1.91,49.6,0,60.1,0,0,0,0,0,0,0,0,66
2025-09-27T19:28:40.431Z,60.3,21.1,1.91,49.6,0,60.1,0,0,0,0,0,0,0,0,66
2025-09-27T19:28:41.432Z,60.3,21.1,1.91,50.4,0,60.1,0,0,0,0,0,0,0,0,66
2025-09-27T19:28:42.434Z,60.3,21.1,1.91,49.6,0,60.1,0,0,0,0,0,0,0,0,66
2025-09-27T19:28:43.438Z,60.3,21.1,1.91,50.4,0,60.1,0,0,0,0,0,0,0,0,66
2025-09-27T19:28:44.437Z,60.3,21.1,1.91,49.6,0,60.1,0,0,0,0,0,0,0,0,66
2025-09-27T19:28:45.436Z,60.3,21.1,1.91,49.6,0,60.1,0,0,0,0,0,0,0,0,66
2025-09-27T19:28:46.445Z,60.3,21.1,1.911,50.4,0,60.1,0,0,0,0,0,0,0,0,66
2025-09-27T19:28:47.439Z,60.3,21.1,1.91,49.6,0,60.1,0,0,0,0,0,0,0,0,66
2025-09-27T19:28:48.443Z,60.3,21.1,1.91,49.6,0,60.1,0,0,0,0,0,0,0,0,66
2025-09-27T19:28:49.442Z,60.3,21.1,1.91,50.4,0,60.1,0,0,0,0,0,0,0,0,66
2025-09-27T19:28:50.446Z,60.3,21.1,1.911,49.6,0,60.1,0,0,0,0,0,0,0,0,66
2025-09-27T19:28:51.444Z,60.3,21.1,1.911,49.6,0,60.1,0,0,0,0,0,0,0,0,66
2025-09-27T19:28:52.443Z,60.3,21.1,1.91,50.4,0,60.1,0,0,0,0,0,0,0,0,66
2025-09-27T19:28:53.443Z,60.3,21.1,1.91,50.4,0,60.1,0,0,0,0,0,0,0,0,66
2025-09-27T19:28:54.441Z,60.3,21.1,1.91,49.6,0,60.1,0,0,0,0,0,0,0,0,66
2025-09-27T19:28:55.444Z,60.3,21.1,1.91,50.4,0,60.1,0,0,0,0,0,0,0,0,66
2025-09-27T19:28:56.446Z,60.3,21.1,1.911,49.6,0,60.1,0,0,0,0,0,0,0,0,66
2025-09-27T19:28:57.443Z,60.3,21.1,1.91,50.4,0,60.1,0,0,0,0,0,0,0,0,66
2025-09-27T19:28:58.445Z,60.3,21.1,1.91,49.6,0,60.1,0,0,0,0,0,0,0,0,66
2025-09-27T19:28:59.450Z,60.3,21.1,1.911,50.4,0,60.1,0,0,0,0,0,0,0,0,66
2025-09-27T19:29:00.450Z,60.3,21.1,1.911,49.6,0,60.1,0,0,0,0,0,0,0,0,66
2025-09-27T19:29:01.453Z,60.3,21.1,1.911,50.4,0,60.1,0,0,0,0,0,0,0,0,66
2025-09-27T19:29:02.452Z,60.3,21.1,1.911,49.6,0,60.1,0,0,0,0,0,0,0,0,66
2025-09-27T19:29:03.454Z,60.3,21.1,1.911,49.6,0,60.1,0,0,0,0,0,0,0,0,66
2025-09-27T19:29:04.453Z,60.2,21.1,1.911,50.4,0,60.1,0,0,0,0,0,0,0,0,66
2025-09-27T19:29:05.453Z,60.2,21.1,1.911,49.6,0,60.1,0,0,0,0,0,0,0,0,66
2025-09-27T19:29:06.461Z,60.2,21.1,1.911,49.6,0,60.1,0,0,0,0,0,0,0,0,66
2025-09-27T19:29:07.454Z,60.2,21.1,1.911,50.4,0,60.1,0,0,0,0,0,0,0,0,66
2025-09-27T19:29:08.457Z,60.2,21.1,1.911,49.6,0,60.1,0,0,0,0,0,0,0,0,66
2025-09-27T19:29:09.456Z,60.2,21.1,1.911,49.6,0,60.1,0,0,0,0,0,0,0,0,66
2025-09-27T19:29:10.459Z,60.2,21.1,1.911,50.4,0,60.1,0,0,0,0,0,0,0,0,66
2025-09-27T19:29:11.458Z,60.2,21.1,1.911,49.6,0,60.1,0,0,0,0,0,0,0,0,66
2025-09-27T19:29:12.459Z,60.2,21.1,1.911,49.6,0,60.1,0,0,0,0,0,0,0,0,66
2025-09-27T19:29:13.459Z,60.2,21.1,1.911,50.4,0,60.1,0,0,0,0,0,0,0,0,66
2025-09-27T19:29:14.463Z,60.2,21.1,1.911,49.6,0,60.1,0,0,0,0,0,0,0,0,66
2025-09-27T19:29:15.463Z,60.2,21.1,1.911,49.6,0,60.1,0,0,0,0,0,0,0,0,66
2025-09-27T19:29:16.465Z,60.2,21.1,1.911,50.4,0,60.1,0,0,0,0,0,0,0,0,66
2025-09-27T19:29:17.468Z,60.2,21.1,1.911,49.6,0,60.1,0,0,0,0,0,0,0,0,66
2025-09-27T19:29:18.465Z,60.2,21.1,1.911,49.6,0,60.1,0,0,0,0,0,0,0,0,66
2025-09-27T19:29:19.470Z,60.2,21.1,1.911,50.4,0,60.1,0,0,0,0,0,0,0,0,66
2025-09-27T19:29:20.467Z,60.2,21.1,1.911,50.4,0,60.1,0,0,0,0,0,0,0,0,66
2025-09-27T19:29:21.465Z,60.2,21.1,1.911,49.6,0,60.1,0,0,0,0,0,0,0,0,66
2025-09-27T19:29:22.468Z,60.2,21.1,1.911,50.4,0,60.1,0,0,0,0,0,0,0,0,66
2025-09-27T19:29:23.474Z,60.2,21.1,1.91,49.6,0,60.1,0,0,0,0,0,0,0,0,66
2025-09-27T19:29:24.466Z,60.2,21.1,1.912,49.6,0,60.1,0,0,0,0,0,0,0,0,66
2025-09-27T19:29:25.469Z,60.2,21.1,1.911,50.4,0,60.1,0,0,0,0,0,0,0,0,66
2025-09-27T19:29:26.472Z,60.2,21.1,1.911,50.4,0,60.1,0,0,0,0,0,0,0,0,66
2025-09-27T19:29:27.471Z,60.2,21.1,1.911,49.6,0,60.1,0,0,0,0,0,0,0,0,66
2025-09-27T19:29:28.475Z,60.2,21.1,1.91,50.4,0,60.1,0,0,0,0,0,0,0,0,66
2025-09-27T19:29:29.475Z,60.2,21.1,1.911,50.4,0,60.1,0,0,0,0,0,0,0,0,66
2025-09-27T19:29:30.477Z,60.1,21.1,1.91,49.6,0,60.1,0,0,0,0,0,0,0,0,66
2025-09-27T19:29:31.476Z,60.1,21.1,1.911,50.4,0,60.1,0,0,0,0,0,0,0,0,66
2025-09-27T19:29:32.479Z,60.1,21.1,1.911,49.6,0,60.1,0,0,0,0,0,0,0,0,66
2025-09-27T19:29:33.475Z,60.1,21.1,1.911,49.6,0,60.1,0,0,0,0,0,0,0,0,66
2025-09-27T19:29:34.480Z,60.1,21.1,1.911,50.4,0,60.1,0,0,0,0,0,0,0,0,66
2025-09-27T19:29:35.480Z,60.1,21.1,1.912,49.6,0,60.1,0,0,0,0,0,0,0,0,66
2025-09-27T19:29:36.483Z,60.1,21.1,1.912,50.4,0,60.1,0,0,0,0,0,0,0,0,66
2025-09-27T19:29:37.480Z,60.1,21.1,1.911,50.4,0,60.1,0,0,0,0,0,0,0,0,66
2025-09-27T19:29:38.483Z,60.1,21.1,1.911,49.6,0,60.1,0,0,0,0,0,0,0,0,66
2025-09-27T19:29:39.483Z,60.1,21.1,1.912,50.4,0,60.1,0,0,0,0,0,0,0,0,66
2025-09-27T19:29:40.484Z,60.1,21.1,1.912,49.6,0,60.1,0,0,0,0,0,0,0,0,66
2025-09-27T19:29:41.488Z,60.1,21.1,1.911,49.6,0,60.1,0,0,0,0,0,0,0,0,66
2025-09-27T19:29:42.486Z,60.1,21.1,1.912,50.4,0,60.1,0,0,0,0,0,0,0,0,66
2025-09-27T19:29:43.489Z,60.1,21.1,1.911,50.4,0,60.1,0,0,0,0,0,0,0,0,66
2025-09-27T19:29:44.487Z,60.1,21.1,1.912,49.6,0,60.1,0,0,0,0,0,0,0,0,66
2025-09-27T19:29:45.488Z,60.1,21.1,1.912,50.4,0,60.1,0,0,0,0,0,0,0,0,66
2025-09-27T19:29:46.496Z,60.1,21.1,1.911,49.6,0,60.1,0,0,0,0,0,0,0,0,66
2025-09-27T19:29:47.495Z,60.1,21.1,1.911,49.6,0,60.1,0,0,0,0,0,0,0,0,66
2025-09-27T19:29:48.499Z,60.1,21.1,1.911,50.4,0,60.1,0,0,0,0,0,0,0,0,66
2025-09-27T19:29:49.496Z,60.1,21.1,1.912,49.6,0,60.1,0,0,0,0,0,0,0,0,66
2025-09-27T19:29:50.499Z,60,21.1,1.912,50.4,0,60.1,0,0,0,0,0,0,0,0,66
2025-09-27T19:29:51.498Z,60,21.1,1.911,50.4,0,60.1,0,0,0,0,0,0,0,0,66
2025-09-27T19:29:52.493Z,60,21.1,1.912,49.6,0,60.1,0,0,0,0,0,0,0,0,66
2025-09-27T19:29:53.494Z,60,21.1,1.911,50.4,0,60.1,0,0,0,0,0,0,0,0,66
2025-09-27T19:29:54.496Z,60,21.1,1.912,49.6,0,60.1,0,0,0,0,0,0,0,0,66
2025-09-27T19:29:55.500Z,60,21.1,1.912,50.4,0,60.1,0,0,0,0,0,0,0,0,66
2025-09-27T19:29:56.500Z,60,21.1,1.912,50.4,0,60.1,0,0,0,0,0,0,0,0,66
2025-09-27T19:29:57.500Z,60,21.1,1.912,49.6,0,60.1,0,0,0,0,0,0,0,0,66
2025-09-27T19:29:58.504Z,60,21.1,1.911,50.4,0,60.1,0,0,0,0,0,0,0,0,66
2025-09-27T19:29:59.502Z,60,21.1,1.912,49.6,0,60.1,0,0,0,0,0,0,0,0,66
2025-09-27T19:30:00.503Z,60,21.1,1.912,50.4,0,60.1,0,0,0,0,0,0,0,0,66
2025-09-27T19:30:01.507Z,60,21.1,1.912,49.6,0,60.1,0,0,0,0,0,0,0,0,66
2025-09-27T19:30:02.508Z,60,21.1,1.912,50.4,0,60.1,0,0,0,0,0,0,0,0,66
2025-09-27T19:30:03.510Z,60,21.1,1.912,49.6,0,60.1,0,0,0,0,0,0,0,0,66
2025-09-27T19:30:04.514Z,60,21.1,1.912,50.4,0,60.1,0,0,0,0,0,0,0,0,66
2025-09-27T19:30:05.510Z,60,21.1,1.912,49.6,0,60.1,0,0,0,0,0,0,0,0,66
2025-09-27T19:30:06.507Z,60,21.1,1.912,49.6,0,60.1,0,0,0,0,0,0,0,0,66
2025-09-27T19:30:07.513Z,60,21.1,1.912,50.4,0,60.1,0,0,0,0,0,0,0,0,66
2025-09-27T19:30:08.516Z,60,21.1,1.912,49.6,0,60.1,0,0,0,0,0,0,0,0,66
2025-09-27T19:30:09.515Z,60,21.1,1.912,50.4,0,60.1,0,0,0,0,0,0,0,0,66
2025-09-27T19:30:10.513Z,60,21.1,1.912,49.6,0,60.1,0,0,0,0,0,0,0,0,66
2025-09-27T19:30:11.520Z,60,21.1,1.912,50.4,0,60.1,0,0,0,0,0,0,0,0,66
2025-09-27T19:30:12.518Z,60,21.1,1.912,50.4,0,60.1,0,0,0,0,0,0,0,0,66
2025-09-27T19:30:13.520Z,60,21.1,1.912,49.6,0,60.1,0,0,0,0,0,0,0,0,66
2025-09-27T19:30:14.518Z,60,21.1,1.912,49.6,0,60.1,0,0,0,0,0,0,0,0,66
2025-09-27T19:30:15.518Z,60,21.1,1.912,49.6,0,60.1,0,0,0,0,0,0,0,0,66
2025-09-27T19:30:16.517Z,60,21.1,1.912,50.4,0,60.1,0,0,0,0,0,0,0,0,66
2025-09-27T19:30:17.522Z,60,21.1,1.912,50.4,0,60.1,0,0,0,0,0,0,0,0,66
2025-09-27T19:30:18.524Z,59.9,21.1,1.912,49.6,0,60.1,0,0,0,0,0,0,0,0,66
2025-09-27T19:30:19.525Z,59.9,21.1,1.912,49.6,0,60.1,0,0,0,0,0,0,0,0,66
2025-09-27T19:30:20.524Z,59.9,21.1,1.912,49.6,0,60.1,0,0,0,0,0,0,0,0,66
2025-09-27T19:30:21.522Z,59.9,21.1,1.912,50.4,0,60.1,0,0,0,0,0,0,0,0,66
2025-09-27T19:30:22.525Z,59.9,21.1,1.912,49.6,0,60.1,0,0,0,0,0,0,0,0,66
2025-09-27T19:30:23.526Z,59.9,21.1,1.912,49.6,0,60.1,0,0,0,0,0,0,0,0,66
2025-09-27T19:30:24.528Z,59.9,21.1,1.912,50.4,0,60.1,0,0,0,0,0,0,0,0,66
2025-09-27T19:30:25.529Z,59.9,21.1,1.912,49.6,0,60.1,0,0,0,0,0,0,0,0,66
2025-09-27T19:30:26.528Z,59.9,21.1,1.912,50.4,0,60.1,0,0,0,0,0,0,0,0,66
2025-09-27T19:30:27.529Z,59.9,21.1,1.912,49.6,0,60.1,0,0,0,0,0,0,0,0,66
2025-09-27T19:30:28.534Z,59.9,21.1,1.912,49.6,0,60.1,0,0,0,0,0,0,0,0,66
2025-09-27T19:30:29.533Z,59.9,21.1,1.912,50.4,0,60.1,0,0,0,0,0,0,0,0,66
2025-09-27T19:30:30.537Z,59.9,21.1,1.912,49.6,0,60.1,0,0,0,0,0,0,0,0,66
2025-09-27T19:30:31.533Z,59.9,21.1,1.912,50.4,0,60.1,0,0,0,0,0,0,0,0,66
2025-09-27T19:30:32.534Z,59.9,21.1,1.912,50.4,0,60.1,0,0,0,0,0,0,0,0,66
2025-09-27T19:30:33.532Z,59.9,21.1,1.912,49.6,0,60.1,0,0,0,0,0,0,0,0,66
2025-09-27T19:30:34.538Z,59.9,21.1,1.912,50.4,0,60.1,0,0,0,0,0,0,0,0,66
2025-09-27T19:30:35.538Z,59.9,21.1,1.912,49.6,0,60.1,0,0,0,0,0,0,0,0,66
2025-09-27T19:30:36.540Z,59.9,21.1,1.912,50.4,0,60.1,0,0,0,0,0,0,0,0,66
2025-09-27T19:30:37.541Z,59.9,21.1,1.913,49.6,0,60.1,0,0,0,0,0,0,0,0,66
2025-09-27T19:30:38.540Z,59.9,21.1,1.912,49.6,0,60.1,0,0,0,0,0,0,0,0,66
2025-09-27T19:30:39.545Z,59.9,21.1,1.912,50.4,0,60.1,0,0,0,0,0,0,0,0,66
2025-09-27T19:30:40.543Z,59.9,21.1,1.912,49.6,0,60.1,0,0,0,0,0,0,0,0,66
2025-09-27T19:30:41.544Z,59.9,21.1,1.912,50.4,0,60.1,0,0,0,0,0,0,0,0,66
2025-09-27T19:30:42.549Z,59.8,21.1,1.912,49.6,0,60.1,0,0,0,0,0,0,0,0,66
2025-09-27T19:30:43.545Z,59.9,21.1,1.912,49.6,0,60.1,0,0,0,0,0,0,0,0,66
2025-09-27T19:30:44.546Z,59.8,21.1,1.912,50.4,0,60.1,0,0,0,0,0,0,0,0,66
2025-09-27T19:30:45.547Z,59.8,21.1,1.912,49.6,0,60.1,0,0,0,0,0,0,0,0,66
2025-09-27T19:30:46.558Z,59.8,21.1,1.912,49.6,0,60.1,0,0,0,0,0,0,0,0,66
2025-09-27T19:30:47.551Z,59.8,21.1,1.912,50.4,0,60.1,0,0,0,0,0,0,0,0,66
2025-09-27T19:30:48.549Z,59.8,21.1,1.912,49.6,0,60.1,0,0,0,0,0,0,0,0,66
2025-09-27T19:30:49.551Z,59.8,21.1,1.912,50.4,0,60.1,0,0,0,0,0,0,0,0,66
2025-09-27T19:30:50.553Z,59.8,21.1,1.912,50.4,0,60.1,0,0,0,0,0,0,0,0,66
2025-09-27T19:30:51.553Z,59.8,21.1,1.912,49.6,0,60.1,0,0,0,0,0,0,0,0,66
2025-09-27T19:30:52.556Z,59.8,21.1,1.912,50.4,0,60.1,0,0,0,0,0,0,0,0,66
2025-09-27T19:30:53.556Z,59.8,21.1,1.912,49.6,0,60.1,0,0,0,0,0,0,0,0,66
2025-09-27T19:30:54.559Z,59.8,21.1,1.912,50.4,0,60.1,0,0,0,0,0,0,0,0,66
2025-09-27T19:30:55.558Z,59.8,21.1,1.912,49.6,0,60.1,0,0,0,0,0,0,0,0,66
2025-09-27T19:30:56.556Z,59.8,21.1,1.912,50.4,0,60.1,0,0,0,0,0,0,0,0,66
2025-09-27T19:30:57.556Z,59.8,21.1,1.912,50.4,0,60.1,0,0,0,0,0,0,0,0,66
2025-09-27T19:30:58.555Z,59.8,21.1,1.912,49.6,0,60.1,0,0,0,0,0,0,0,0,66
2025-09-27T19:30:59.563Z,59.8,21.1,1.912,50.4,0,60.1,0,0,0,0,0,0,0,0,66
2025-09-27T19:31:00.561Z,59.8,21.1,1.912,49.6,0,60.1,0,0,0,0,0,0,0,0,66
2025-09-27T19:31:01.562Z,59.8,21.1,1.912,50.4,0,60.1,0,0,0,0,0,0,0,0,66
2025-09-27T19:31:02.563Z,59.8,21.1,1.912,49.6,0,60.1,0,0,0,0,0,0,0,0,66
2025-09-27T19:31:03.568Z,59.8,21.1,1.912,50.4,0,60.1,0,0,0,0,0,0,0,0,66
2025-09-27T19:31:04.570Z,59.8,21.1,1.913,49.6,0,60.1,0,0,0,0,0,0,0,0,66
2025-09-27T19:31:05.568Z,59.8,21.1,1.912,49.6,0,60.1,0,0,0,0,0,0,0,0,66
2025-09-27T19:31:06.567Z,59.8,21.1,1.912,50.4,0,60.1,0,0,0,0,0,0,0,0,66
2025-09-27T19:31:07.574Z,59.8,21.1,1.913,49.6,0,60.1,0,0,0,0,0,0,0,0,66
2025-09-27T19:31:08.569Z,59.8,21.1,1.912,50.4,0,60.1,0,0,0,0,0,0,0,0,66
2025-09-27T19:31:09.570Z,59.7,21.1,1.913,49.6,0,60.1,0,0,0,0,0,0,0,0,66
2025-09-27T19:31:10.573Z,59.8,21.1,1.914,50.4,0,60.1,0,0,0,0,0,0,0,0,66
2025-09-27T19:31:11.572Z,59.7,21.1,1.913,49.6,0,60.1,0,0,0,0,0,0,0,0,66
2025-09-27T19:31:12.573Z,59.7,21.1,1.913,49.6,0,60.1,0,0,0,0,0,0,0,0,66
2025-09-27T19:31:13.574Z,59.7,21.1,1.913,50.4,0,60.1,0,0,0,0,0,0,0,0,66
2025-09-27T19:31:14.575Z,59.7,21.1,1.913,49.6,0,60.1,0,0,0,0,0,0,0,0,66
2025-09-27T19:31:15.575Z,59.7,21.1,1.913,50.4,0,60.1,0,0,0,0,0,0,0,0,66
2025-09-27T19:31:16.579Z,59.7,21.1,1.914,49.6,0,60.1,0,0,0,0,0,0,0,0,66
2025-09-27T19:31:17.577Z,59.7,21.1,1.913,50.4,0,60.1,0,0,0,0,0,0,0,0,66
2025-09-27T19:31:18.577Z,59.7,21.1,1.913,49.6,0,60.1,0,0,0,0,0,0,0,0,66
2025-09-27T19:31:19.583Z,59.7,21.1,1.914,49.6,0,60.1,0,0,0,0,0,0,0,0,66
2025-09-27T19:31:20.583Z,59.7,21.1,1.914,50.4,0,60.1,0,0,0,0,0,0,0,0,66
2025-09-27T19:31:21.578Z,59.7,21.1,1.913,49.6,0,60.1,0,0,0,0,0,0,0,0,66
2025-09-27T19:31:22.578Z,59.7,21.1,1.913,50.4,0,60.1,0,0,0,0,0,0,0,0,66
2025-09-27T19:31:23.582Z,59.7,21.1,1.914,49.6,0,60.1,0,0,0,0,0,0,0,0,66
2025-09-27T19:31:24.582Z,59.7,21.1,1.913,50.4,0,60.1,0,0,0,0,0,0,0,0,66
2025-09-27T19:31:25.580Z,59.7,21.1,1.913,49.6,0,60.1,0,0,0,0,0,0,0,0,66
2025-09-27T19:31:26.588Z,59.7,21.1,1.914,49.6,0,60.1,0,0,0,0,0,0,0,0,66
2025-09-27T19:31:27.592Z,59.7,21.1,1.914,50.4,0,60.1,0,0,0,0,0,0,0,0,66
2025-09-27T19:31:28.591Z,59.7,21.1,1.914,49.6,0,60.1,0,0,0,0,0,0,0,0,66
2025-09-27T19:31:29.593Z,59.7,21.1,1.914,50.4,0,60.1,0,0,0,0,0,0,0,0,66
2025-09-27T19:31:30.590Z,59.7,21.1,1.914,49.6,0,60.1,0,0,0,0,0,0,0,0,66
2025-09-27T19:31:31.589Z,59.7,21.1,1.914,49.6,0,60.1,0,0,0,0,0,0,0,0,66
2025-09-27T19:31:32.590Z,59.7,21.1,1.914,50.4,0,60.1,0,0,0,0,0,0,0,0,66
2025-09-27T19:31:33.591Z,59.7,21.1,1.914,50.4,0,60.1,0,0,0,0,0,0,0,0,66
2025-09-27T19:31:34.593Z,59.7,21.1,1.914,49.6,0,60.1,0,0,0,0,0,0,0,0,66
2025-09-27T19:31:35.594Z,59.7,21.1,1.914,50.4,0,60.1,0,0,0,0,0,0,0,0,66
2025-09-27T19:31:36.595Z,59.7,21.1,1.914,49.6,0,60.1,0,0,0,0,0,0,0,0,66
2025-09-27T19:31:37.598Z,59.7,21.1,1.914,50.4,0,60.1,0,0,0,0,0,0,0,0,66
2025-09-27T19:31:38.596Z,59.6,21.1,1.914,50.4,0,60.1,0,0,0,0,0,0,0,0,66
2025-09-27T19:31:39.598Z,59.6,21.1,1.914,49.6,0,60.1,0,0,0,0,0,0,0,0,66
2025-09-27T19:31:40.602Z,59.6,21.1,1.914,50.4,0,60.1,0,0,0,0,0,0,0,0,66
2025-09-27T19:31:41.601Z,59.6,21.1,1.914,49.6,0,60.1,0,0,0,0,0,0,0,0,66
2025-09-27T19:31:42.602Z,59.6,21.1,1.914,50.4,0,60.1,0,0,0,0,0,0,0,0,66
2025-09-27T19:31:43.604Z,59.6,21.1,1.914,49.6,0,60.1,0,0,0,0,0,0,0,0,66
2025-09-27T19:31:44.603Z,59.6,21.1,1.914,50.4,0,60.1,0,0,0,0,0,0,0,0,66
2025-09-27T19:31:45.601Z,59.6,21.1,1.914,49.6,0,60.1,0,0,0,0,0,0,0,0,66
2025-09-27T19:31:46.600Z,59.6,21.1,1.914,49.6,0,60.1,0,0,0,0,0,0,0,0,66
2025-09-27T19:31:47.601Z,59.6,21.1,1.914,50.4,0,60.1,0,0,0,0,0,0,0,0,66
2025-09-27T19:31:48.607Z,59.6,21.1,1.914,49.6,0,60.1,0,0,0,0,0,0,0,0,66
2025-09-27T19:31:49.606Z,59.6,21.1,1.914,49.6,0,60.1,0,0,0,0,0,0,0,0,66
2025-09-27T19:31:50.611Z,59.6,21.1,1.913,50.4,0,60.1,0,0,0,0,0,0,0,0,66
2025-09-27T19:31:51.608Z,59.6,21.1,1.914,49.6,0,60.1,0,0,0,0,0,0,0,0,66
2025-09-27T19:31:52.613Z,59.6,21.1,1.913,49.6,0,60.1,0,0,0,0,0,0,0,0,66
2025-09-27T19:31:53.617Z,59.6,21.1,1.913,50.4,0,60.1,0,0,0,0,0,0,0,0,66
2025-09-27T19:31:54.608Z,59.6,21.1,1.914,49.6,0,60.1,0,0,0,0,0,0,0,0,66
2025-09-27T19:31:55.611Z,59.6,21.1,1.914,49.6,0,60.1,0,0,0,0,0,0,0,0,66
2025-09-27T19:31:56.610Z,59.6,21.1,1.914,50.4,0,60.1,0,0,0,0,0,0,0,0,66
2025-09-27T19:31:57.612Z,59.6,21.1,1.914,49.6,0,60.1,0,0,0,0,0,0,0,0,66
2025-09-27T19:31:58.612Z,59.6,21.1,1.914,49.6,0,60.1,0,0,0,0,0,0,0,0,66
2025-09-27T19:31:59.613Z,59.6,21.1,1.914,50.4,0,60.1,0,0,0,0,0,0,0,0,66
2025-09-27T19:32:00.621Z,59.6,21.1,1.913,49.6,0,60.1,0,0,0,0,0,0,0,0,66
