timestamp,TECell_PV,PSCurrent_PV,PSVoltage_PV,FT201_PV,HTR201_PV,TE201_PV,CT201_PV,CT210_PV,Cell1_Voltage,Cell2_Voltage,Cell3_Voltage,PT201_PV,PT302_PV,HCD220_PV,step
2025-09-27T21:32:03.095Z,60.1,21.1,1.913,50.4,0,60.1,0,0,0,0,0,0,0,0,66
2025-09-27T21:32:04.092Z,60.1,21.1,1.913,49.6,0,60.1,0,0,0,0,0,0,0,0,66
2025-09-27T21:32:05.090Z,60.1,21.1,1.913,50.4,0,60.1,0,0,0,0,0,0,0,0,66
2025-09-27T21:32:06.098Z,60.1,21.1,1.913,49.6,0,60.1,0,0,0,0,0,0,0,0,66
2025-09-27T21:32:07.093Z,60.1,21.1,1.913,49.6,0,60.1,0,0,0,0,0,0,0,0,66
2025-09-27T21:32:08.095Z,60,21.1,1.913,50.4,0,60.1,0,0,0,0,0,0,0,0,66
2025-09-27T21:32:09.098Z,60,21.1,1.913,49.6,0,60.1,0,0,0,0,0,0,0,0,66
2025-09-27T21:32:10.098Z,60,21.1,1.913,50.4,0,60.1,0,0,0,0,0,0,0,0,66
2025-09-27T21:32:11.102Z,60,21.1,1.913,49.6,0,60.1,0,0,0,0,0,0,0,0,66
2025-09-27T21:32:12.100Z,60,21.1,1.913,49.6,0,60.1,0,0,0,0,0,0,0,0,66
2025-09-27T21:32:13.098Z,60,21.1,1.913,50.4,0,60.1,0,0,0,0,0,0,0,0,66
2025-09-27T21:32:14.104Z,60,21.1,1.913,49.6,0,60.1,0,0,0,0,0,0,0,0,66
2025-09-27T21:32:15.104Z,60,21.1,1.913,50.4,0,60.1,0,0,0,0,0,0,0,0,66
2025-09-27T21:32:16.102Z,60,21.1,1.913,49.6,0,60.1,0,0,0,0,0,0,0,0,66
2025-09-27T21:32:17.103Z,60,21.1,1.913,49.6,0,60.1,0,0,0,0,0,0,0,0,66
2025-09-27T21:32:18.108Z,60,21.1,1.913,50.4,0,60.1,0,0,0,0,0,0,0,0,66
2025-09-27T21:32:19.108Z,60,21.1,1.913,49.6,0,60.1,0,0,0,0,0,0,0,0,66
2025-09-27T21:32:20.105Z,60,21.1,1.913,50.4,0,60.1,0,0,0,0,0,0,0,0,66
2025-09-27T21:32:21.105Z,60,21.1,1.913,49.6,0,60.1,0,0,0,0,0,0,0,0,66
2025-09-27T21:32:22.107Z,60,21.1,1.913,49.6,0,60.1,0,0,0,0,0,0,0,0,66
2025-09-27T21:32:23.108Z,60,21.1,1.913,50.4,0,60.1,0,0,0,0,0,0,0,0,66
2025-09-27T21:32:24.105Z,60,21.1,1.913,49.6,0,60.1,0,0,0,0,0,0,0,0,66
2025-09-27T21:32:25.107Z,60,21.1,1.913,50.4,0,60.1,0,0,0,0,0,0,0,0,66
2025-09-27T21:32:26.115Z,60,21.1,1.913,50.4,0,60.1,0,0,0,0,0,0,0,0,66
2025-09-27T21:32:27.112Z,60,21.1,1.913,49.6,0,60.1,0,0,0,0,0,0,0,0,66
2025-09-27T21:32:28.111Z,60,21.1,1.913,50.4,0,60.1,0,0,0,0,0,0,0,0,66
2025-09-27T21:32:29.110Z,60,21.1,1.913,49.6,0,60.1,0,0,0,0,0,0,0,0,66
2025-09-27T21:32:30.114Z,60,21.1,1.913,50.4,0,60.1,0,0,0,0,0,0,0,0,66
2025-09-27T21:32:31.114Z,60,21.1,1.913,49.6,0,60.1,0,0,0,0,0,0,0,0,66
2025-09-27T21:32:32.118Z,60,21.1,1.913,50.4,0,60.1,0,0,0,0,0,0,0,0,66
2025-09-27T21:32:33.117Z,60,21.1,1.913,49.6,0,60.1,0,0,0,0,0,0,0,0,66
2025-09-27T21:32:34.120Z,60,21.1,1.913,50.4,0,60.1,0,0,0,0,0,0,0,0,66
2025-09-27T21:32:35.122Z,60,21.1,1.913,50.4,0,60.1,0,0,0,0,0,0,0,0,66
2025-09-27T21:32:36.122Z,60,21.1,1.913,49.6,0,60.1,0,0,0,0,0,0,0,0,66
2025-09-27T21:32:37.121Z,59.9,21.1,1.913,50.4,0,60.1,0,0,0,0,0,0,0,0,66
2025-09-27T21:32:38.123Z,59.9,21.1,1.913,49.6,0,60.1,0,0,0,0,0,0,0,0,66
2025-09-27T21:32:39.126Z,59.9,21.1,1.913,50.4,0,60.1,0,0,0,0,0,0,0,0,66
2025-09-27T21:32:40.126Z,59.9,21.1,1.913,49.6,0,60.1,0,0,0,0,0,0,0,0,66
2025-09-27T21:32:41.123Z,59.9,21.1,1.913,49.6,0,60.1,0,0,0,0,0,0,0,0,66
2025-09-27T21:32:42.125Z,59.9,21.1,1.913,49.6,0,60.1,0,0,0,0,0,0,0,0,66
2025-09-27T21:32:43.131Z,59.9,21.1,1.913,50.4,0,60.1,0,0,0,0,0,0,0,0,66
2025-09-27T21:32:44.130Z,59.9,21.1,1.913,49.6,0,60.1,0,0,0,0,0,0,0,0,66
2025-09-27T21:32:45.131Z,59.9,21.1,1.913,49.6,0,60.1,0,0,0,0,0,0,0,0,66
2025-09-27T21:32:46.131Z,59.9,21.1,1.913,50.4,0,60.1,0,0,0,0,0,0,0,0,66
2025-09-27T21:32:47.134Z,59.9,21.1,1.913,49.6,0,60.1,0,0,0,0,0,0,0,0,66
2025-09-27T21:32:48.133Z,59.9,21.1,1.913,49.6,0,60.1,0,0,0,0,0,0,0,0,66
2025-09-27T21:32:49.132Z,59.9,21.1,1.913,50.4,0,60.1,0,0,0,0,0,0,0,0,66
2025-09-27T21:32:50.132Z,59.9,21.1,1.913,49.6,0,60.1,0,0,0,0,0,0,0,0,66
2025-09-27T21:32:51.140Z,59.9,21.1,1.913,50.4,0,60.1,0,0,0,0,0,0,0,0,66
2025-09-27T21:32:52.129Z,59.9,21.1,1.913,50.4,0,60.1,0,0,0,0,0,0,0,0,66
2025-09-27T21:32:53.133Z,59.9,21.1,1.914,49.6,0,60.1,0,0,0,0,0,0,0,0,66
2025-09-27T21:32:54.134Z,59.9,21.1,1.914,49.6,0,60.1,0,0,0,0,0,0,0,0,66
2025-09-27T21:32:55.134Z,59.9,21.1,1.914,50.4,0,60.1,0,0,0,0,0,0,0,0,66
2025-09-27T21:32:56.134Z,59.9,21.1,1.914,50.4,0,60.1,0,0,0,0,0,0,0,0,66
2025-09-27T21:32:57.139Z,59.9,21.1,1.913,49.6,0,60.1,0,0,0,0,0,0,0,0,66
2025-09-27T21:32:58.137Z,59.9,21.1,1.914,50.4,0,60.1,0,0,0,0,0,0,0,0,66
2025-09-27T21:32:59.138Z,59.9,21.1,1.914,49.6,0,60.1,0,0,0,0,0,0,0,0,66
2025-09-27T21:33:00.139Z,59.9,21.1,1.914,50.4,0,60.1,0,0,0,0,0,0,0,0,66
2025-09-27T21:33:01.146Z,59.9,21.1,1.914,49.6,0,60.1,0,0,0,0,0,0,0,0,66
2025-09-27T21:33:02.143Z,59.9,21.1,1.914,50.4,0,60.1,0,0,0,0,0,0,0,0,66
2025-09-27T21:33:03.143Z,59.9,21.1,1.914,49.6,0,60.1,0,0,0,0,0,0,0,0,66
2025-09-27T21:33:04.148Z,59.8,21.1,1.914,50.4,0,60.1,0,0,0,0,0,0,0,0,66
2025-09-27T21:33:05.143Z,59.8,21.1,1.914,50.4,0,60.1,0,0,0,0,0,0,0,0,66
2025-09-27T21:33:06.151Z,59.8,21.1,1.914,49.6,0,60.1,0,0,0,0,0,0,0,0,66
2025-09-27T21:33:07.148Z,59.8,21.1,1.914,49.6,0,60.1,0,0,0,0,0,0,0,0,66
2025-09-27T21:33:08.150Z,59.8,21.1,1.915,49.6,0,60.1,0,0,0,0,0,0,0,0,66
2025-09-27T21:33:09.150Z,59.8,21.1,1.914,50.4,0,60.1,0,0,0,0,0,0,0,0,66
2025-09-27T21:33:10.152Z,59.8,21.1,1.914,49.6,0,60.1,0,0,0,0,0,0,0,0,66
2025-09-27T21:33:11.151Z,59.8,21.1,1.914,50.4,0,60.1,0,0,0,0,0,0,0,0,66
2025-09-27T21:33:12.152Z,59.8,21.1,1.915,50.4,0,60.1,0,0,0,0,0,0,0,0,66
2025-09-27T21:33:13.151Z,59.8,21.1,1.915,49.6,0,60.1,0,0,0,0,0,0,0,0,66
2025-09-27T21:33:14.153Z,59.8,21.1,1.914,50.4,0,60.1,0,0,0,0,0,0,0,0,66
2025-09-27T21:33:15.153Z,59.8,21.1,1.915,49.6,0,60.1,0,0,0,0,0,0,0,0,66
2025-09-27T21:33:16.155Z,59.8,21.1,1.914,49.6,0,60.1,0,0,0,0,0,0,0,0,66
2025-09-27T21:33:17.156Z,59.8,21.1,1.915,49.6,0,60.1,0,0,0,0,0,0,0,0,66
2025-09-27T21:33:18.155Z,59.8,21.1,1.914,50.4,0,60.1,0,0,0,0,0,0,0,0,66
2025-09-27T21:33:19.161Z,59.8,21.1,1.915,49.6,0,60.1,0,0,0,0,0,0,0,0,66
2025-09-27T21:33:20.157Z,59.8,21.1,1.915,50.4,0,60.1,0,0,0,0,0,0,0,0,66
2025-09-27T21:33:21.159Z,59.8,21.1,1.915,49.6,0,60.1,0,0,0,0,0,0,0,0,66
2025-09-27T21:33:22.160Z,59.8,21.1,1.915,49.6,0,60.1,0,0,0,0,0,0,0,0,66
2025-09-27T21:33:23.164Z,59.8,21.1,1.915,50.4,0,60.1,0,0,0,0,0,0,0,0,66
2025-09-27T21:33:24.162Z,59.8,21.1,1.915,49.6,0,60.1,0,0,0,0,0,0,0,0,66
2025-09-27T21:33:25.159Z,59.8,21.1,1.915,50.4,0,60.1,0,0,0,0,0,0,0,0,66
2025-09-27T21:33:26.161Z,59.8,21.1,1.915,49.6,0,60.1,0,0,0,0,0,0,0,0,66
2025-09-27T21:33:27.164Z,59.8,21.1,1.915,50.4,0,60.1,0,0,0,0,0,0,0,0,66
2025-09-27T21:33:28.165Z,59.8,21.1,1.915,49.6,0,60.1,0,0,0,0,0,0,0,0,66
2025-09-27T21:33:29.164Z,59.7,21.1,1.915,50.4,0,60.1,0,0,0,0,0,0,0,0,66
2025-09-27T21:33:30.164Z,59.7,21.1,1.915,49.6,0,60.1,0,0,0,0,0,0,0,0,66
2025-09-27T21:33:31.169Z,59.7,21.1,1.915,50.4,0,60.1,0,0,0,0,0,0,0,0,66
2025-09-27T21:33:32.165Z,59.7,21.1,1.915,49.6,0,60.1,0,0,0,0,0,0,0,0,66
2025-09-27T21:33:33.167Z,59.7,21.1,1.915,49.6,0,60.1,0,0,0,0,0,0,0,0,66
2025-09-27T21:33:34.169Z,59.7,21.1,1.915,50.4,0,60.1,0,0,0,0,0,0,0,0,66
2025-09-27T21:33:35.168Z,59.7,21.1,1.915,49.6,0,60.1,0,0,0,0,0,0,0,0,66
2025-09-27T21:33:36.170Z,59.7,21.1,1.915,49.6,0,60.1,0,0,0,0,0,0,0,0,66
2025-09-27T21:33:37.172Z,59.7,21.1,1.915,50.4,0,60.1,0,0,0,0,0,0,0,0,66
2025-09-27T21:33:38.176Z,59.7,21.1,1.915,49.6,0,60.1,0,0,0,0,0,0,0,0,66
2025-09-27T21:33:39.175Z,59.7,21.1,1.915,49.6,0,60.1,0,0,0,0,0,0,0,0,66
2025-09-27T21:33:40.174Z,59.7,21.1,1.915,50.4,0,60.1,0,0,0,0,0,0,0,0,66
2025-09-27T21:33:41.173Z,59.7,21.1,1.915,49.6,0,60.1,0,0,0,0,0,0,0,0,66
2025-09-27T21:33:42.177Z,59.7,21.1,1.915,49.6,0,60.1,0,0,0,0,0,0,0,0,66
2025-09-27T21:33:43.175Z,59.7,21.1,1.915,50.4,0,60.1,0,0,0,0,0,0,0,0,66
2025-09-27T21:33:44.177Z,59.7,21.1,1.915,49.6,0,60.1,0,0,0,0,0,0,0,0,66
2025-09-27T21:33:45.180Z,59.7,21.1,1.915,49.6,0,60.1,0,0,0,0,0,0,0,0,66
2025-09-27T21:33:46.185Z,59.7,21.1,1.915,50.4,0,60.1,0,0,0,0,0,0,0,0,66
2025-09-27T21:33:47.181Z,59.7,21.1,1.915,49.6,0,60.1,0,0,0,0,0,0,0,0,66
2025-09-27T21:33:48.183Z,59.7,21.1,1.915,50.4,0,60.1,0,0,0,0,0,0,0,0,66
2025-09-27T21:33:49.183Z,59.7,21.1,1.915,50.4,0,60.1,0,0,0,0,0,0,0,0,66
2025-09-27T21:33:50.185Z,59.7,21.1,1.915,49.6,0,60.1,0,0,0,0,0,0,0,0,66
2025-09-27T21:33:51.189Z,59.7,21.1,1.915,50.4,0,60.1,0,0,0,0,0,0,0,0,66
2025-09-27T21:33:52.189Z,59.7,21.1,1.915,49.6,0,60.1,0,0,0,0,0,0,0,0,66
2025-09-27T21:33:53.181Z,59.7,21.1,1.915,49.6,0,60.1,0,0,0,0,0,0,0,0,66
2025-09-27T21:33:54.185Z,59.7,21.1,1.915,50.4,0,60.1,0,0,0,0,0,0,0,0,66
2025-09-27T21:33:55.189Z,59.7,21.1,1.915,49.6,0,60.1,0,0,0,0,0,0,0,0,66
2025-09-27T21:33:56.197Z,59.7,21.1,1.915,50.4,0,60.1,0,0,0,0,0,0,0,0,66
2025-09-27T21:33:57.186Z,59.7,21.1,1.915,50.4,0,60.1,0,0,0,0,0,0,0,0,66
2025-09-27T21:33:58.187Z,59.7,21.1,1.915,49.6,0,60.1,0,0,0,0,0,0,0,0,66
2025-09-27T21:33:59.190Z,59.7,21.1,1.915,50.4,0,60.1,0,0,0,0,0,0,0,0,66
2025-09-27T21:34:00.190Z,59.7,21.1,1.915,50.4,0,60.1,0,0,0,0,0,0,0,0,66
2025-09-27T21:34:01.190Z,59.7,21.1,1.915,49.6,0,60.1,0,0,0,0,0,0,0,0,66
2025-09-27T21:34:02.195Z,59.7,21.1,1.915,50.4,0,60.1,0,0,0,0,0,0,0,0,66
2025-09-27T21:34:03.196Z,59.6,21.1,1.915,49.6,0,60.1,0,0,0,0,0,0,0,0,66
2025-09-27T21:34:04.195Z,59.6,21.1,1.915,50.4,0,60.1,0,0,0,0,0,0,0,0,66
2025-09-27T21:34:05.195Z,59.6,21.1,1.915,49.6,0,60.1,0,0,0,0,0,0,0,0,66
2025-09-27T21:34:06.196Z,59.6,21.1,1.915,50.4,0,60.1,0,0,0,0,0,0,0,0,66
2025-09-27T21:34:07.202Z,59.6,21.1,1.915,49.6,0,60.1,0,0,0,0,0,0,0,0,66
2025-09-27T21:34:08.202Z,59.6,21.1,1.915,49.6,0,60.1,0,0,0,0,0,0,0,0,66
2025-09-27T21:34:09.199Z,59.6,21.1,1.915,50.4,0,60.1,0,0,0,0,0,0,0,0,66
2025-09-27T21:34:10.201Z,59.6,21.1,1.915,49.6,0,60.1,0,0,0,0,0,0,0,0,66
2025-09-27T21:34:11.213Z,59.6,21.1,1.915,50.4,0,60.1,0,0,0,0,0,0,0,0,66
2025-09-27T21:34:12.203Z,59.6,21.1,1.915,49.6,0,60.1,0,0,0,0,0,0,0,0,66
2025-09-27T21:34:13.203Z,59.6,21.1,1.915,49.6,0,60.1,0,0,0,0,0,0,0,0,66
2025-09-27T21:34:14.207Z,59.6,21.1,1.915,50.4,0,60.1,0,0,0,0,0,0,0,0,66
2025-09-27T21:34:15.204Z,59.6,21.1,1.915,49.6,0,60.1,0,0,0,0,0,0,0,0,66
2025-09-27T21:34:16.213Z,59.6,21.1,1.915,50.4,0,60.1,0,0,0,0,0,0,0,0,66
2025-09-27T21:34:17.214Z,59.6,21.1,1.915,50.4,0,60.1,0,0,0,0,0,0,0,0,66
2025-09-27T21:34:18.215Z,59.6,21.1,1.915,49.6,0,60.1,0,0,0,0,0,0,0,0,66
2025-09-27T21:34:19.211Z,59.6,21.1,1.915,50.4,0,60.1,0,0,0,0,0,0,0,0,66
2025-09-27T21:34:20.211Z,59.6,21.1,1.915,49.6,0,60.1,0,0,0,0,0,0,0,0,66
2025-09-27T21:34:21.215Z,59.6,21.1,1.915,50.4,0,60.1,0,0,0,0,0,0,0,0,66
2025-09-27T21:34:22.212Z,59.6,21.1,1.915,50.4,0,60.1,0,0,0,0,0,0,0,0,66
2025-09-27T21:34:23.212Z,59.6,21.1,1.915,49.6,0,60.1,0,0,0,0,0,0,0,0,66
2025-09-27T21:34:24.213Z,59.6,21.1,1.915,50.4,0,60.1,0,0,0,0,0,0,0,0,66
2025-09-27T21:34:25.215Z,59.6,21.1,1.915,49.6,0,60.1,0,0,0,0,0,0,0,0,66
2025-09-27T21:34:26.217Z,59.6,21.1,1.915,50.4,0,60.1,0,0,0,0,0,0,0,0,66
2025-09-27T21:34:27.219Z,59.6,21.1,1.915,49.6,0,60.1,0,0,0,0,0,0,0,0,66
2025-09-27T21:34:28.221Z,59.6,21.1,1.915,50.4,0,60.1,0,0,0,0,0,0,0,0,66
2025-09-27T21:34:29.217Z,59.6,21.1,1.915,49.6,0,60.1,0,0,0,0,0,0,0,0,66
2025-09-27T21:34:30.223Z,59.6,21.1,1.916,50.4,0,60.1,0,0,0,0,0,0,0,0,66
2025-09-27T21:34:31.220Z,59.6,21.1,1.915,49.6,0,60.1,0,0,0,0,0,0,0,0,66
2025-09-27T21:34:32.217Z,59.6,21.1,1.915,50.4,0,60.1,0,0,0,0,0,0,0,0,66
2025-09-27T21:34:33.223Z,59.6,21.1,1.915,49.6,0,60.1,0,0,0,0,0,0,0,0,66
2025-09-27T21:34:34.222Z,59.6,21.1,1.915,49.6,0,60.1,0,0,0,0,0,0,0,0,66
2025-09-27T21:34:35.227Z,59.6,21.1,1.915,50.4,0,60.1,0,0,0,0,0,0,0,0,66
2025-09-27T21:34:36.225Z,59.6,21.1,1.915,49.6,0,60.1,0,0,0,0,0,0,0,0,66
2025-09-27T21:34:37.225Z,59.6,21.1,1.915,50.4,0,60.1,0,0,0,0,0,0,0,0,66
2025-09-27T21:34:38.227Z,59.5,21.1,1.915,49.6,0,60.1,0,0,0,0,0,0,0,0,66
2025-09-27T21:34:39.231Z,59.6,21.1,1.916,49.6,0,60.1,0,0,0,0,0,0,0,0,66
2025-09-27T21:34:40.231Z,59.5,21.1,1.916,50.4,0,60.1,0,0,0,0,0,0,0,0,66
2025-09-27T21:34:41.229Z,59.6,21.1,1.915,49.6,0,60.1,0,0,0,0,0,0,0,0,66
2025-09-27T21:34:42.228Z,59.6,21.1,1.915,49.6,0,60.1,0,0,0,0,0,0,0,0,66
2025-09-27T21:34:43.235Z,59.5,21.1,1.916,50.4,0,60.1,0,0,0,0,0,0,0,0,66
2025-09-27T21:34:44.233Z,59.5,21.1,1.915,49.6,0,60.1,0,0,0,0,0,0,0,0,66
2025-09-27T21:34:45.235Z,59.5,21.1,1.916,50.4,0,60.1,0,0,0,0,0,0,0,0,66
2025-09-27T21:34:46.235Z,59.5,21.1,1.915,49.6,0,60.1,0,0,0,0,0,0,0,0,66
2025-09-27T21:34:47.238Z,59.5,21.1,1.916,49.6,0,60.1,0,0,0,0,0,0,0,0,66
2025-09-27T21:34:48.233Z,59.5,21.1,1.915,50.4,0,60.1,0,0,0,0,0,0,0,0,66
2025-09-27T21:34:49.240Z,59.5,21.1,1.917,49.6,0,60.1,0,0,0,0,0,0,0,0,66
2025-09-27T21:34:50.235Z,59.5,21.1,1.915,49.6,0,60.1,0,0,0,0,0,0,0,0,66
2025-09-27T21:34:51.241Z,59.5,21.1,1.916,50.4,0,60.1,0,0,0,0,0,0,0,0,66
2025-09-27T21:34:52.234Z,59.5,21.1,1.915,49.6,0,60.1,0,0,0,0,0,0,0,0,66
2025-09-27T21:34:53.238Z,59.5,21.1,1.916,49.6,0,60.1,0,0,0,0,0,0,0,0,66
2025-09-27T21:34:54.248Z,59.5,21.1,1.916,50.4,0,60.1,0,0,0,0,0,0,0,0,66
2025-09-27T21:34:55.246Z,59.5,21.1,1.916,50.4,0,60.1,0,0,0,0,0,0,0,0,66
2025-09-27T21:34:56.241Z,59.5,21.1,1.917,49.6,0,60.1,0,0,0,0,0,0,0,0,66
2025-09-27T21:34:57.245Z,59.5,21.1,1.916,50.4,0,60.1,0,0,0,0,0,0,0,0,66
2025-09-27T21:34:58.245Z,59.5,21.1,1.917,49.6,0,60.1,0,0,0,0,0,0,0,0,66
2025-09-27T21:34:59.248Z,59.5,21.1,1.916,50.4,0,60.1,0,0,0,0,0,0,0,0,66
2025-09-27T21:35:00.242Z,59.5,21.1,1.916,50.4,0,60.1,0,0,0,0,0,0,0,0,66
2025-09-27T21:35:01.248Z,59.5,21.1,1.916,49.6,0,60.1,0,0,0,0,0,0,0,0,66
2025-09-27T21:35:02.251Z,59.5,21.1,1.916,50.4,0,60.1,0,0,0,0,0,0,0,0,66
2025-09-27T21:35:03.248Z,59.5,21.1,1.916,49.6,0,60.1,0,0,0,0,0,0,0,0,66
2025-09-27T21:35:04.249Z,59.5,21.1,1.916,50.4,0,60.1,0,0,0,0,0,0,0,0,66
2025-09-27T21:35:05.250Z,59.5,21.1,1.915,49.6,0,60.1,0,0,0,0,0,0,0,0,66
2025-09-27T21:35:06.253Z,59.5,21.1,1.917,49.6,0,60.1,0,0,0,0,0,0,0,0,66
2025-09-27T21:35:07.256Z,59.5,21.1,1.917,50.4,0,60.1,0,0,0,0,0,0,0,0,66
2025-09-27T21:35:08.256Z,59.5,21.1,1.917,49.6,0,60.1,0,0,0,0,0,0,0,0,66
2025-09-27T21:35:09.256Z,59.5,21.1,1.917,50.4,0,60.1,0,0,0,0,0,0,0,0,66
2025-09-27T21:35:10.257Z,59.5,21.1,1.916,50.4,0,60.1,0,0,0,0,0,0,0,0,66
2025-09-27T21:35:11.259Z,59.5,21.1,1.916,49.6,0,60.1,0,0,0,0,0,0,0,0,66
2025-09-27T21:35:12.259Z,59.5,21.1,1.916,50.4,0,60.1,0,0,0,0,0,0,0,0,66
2025-09-27T21:35:13.258Z,59.5,21.1,1.917,49.6,0,60.1,0,0,0,0,0,0,0,0,66
2025-09-27T21:35:14.258Z,59.5,21.1,1.916,50.4,0,60.1,0,0,0,0,0,0,0,0,66
2025-09-27T21:35:15.263Z,59.5,21.1,1.917,49.6,0,60.1,0,0,0,0,0,0,0,0,66
2025-09-27T21:35:16.262Z,59.5,21.1,1.917,50.4,0,60.1,0,0,0,0,0,0,0,0,66
2025-09-27T21:35:17.258Z,59.5,21.1,1.916,49.6,0,60.1,0,0,0,0,0,0,0,0,66
2025-09-27T21:35:18.264Z,59.5,21.1,1.917,49.6,0,60.1,0,0,0,0,0,0,0,0,66
2025-09-27T21:35:19.269Z,59.5,21.1,1.917,50.4,0,60.1,0,0,0,0,0,0,0,0,66
2025-09-27T21:35:20.266Z,59.5,21.1,1.917,49.6,0,60.1,0,0,0,0,0,0,0,0,66
2025-09-27T21:35:21.266Z,59.5,21.1,1.917,50.4,0,60.1,0,0,0,0,0,0,0,0,66
2025-09-27T21:35:22.266Z,59.5,21.1,1.917,49.6,0,60.1,0,0,0,0,0,0,0,0,66
2025-09-27T21:35:23.269Z,59.5,21.1,1.917,50.4,0,60.1,0,0,0,0,0,0,0,0,66
2025-09-27T21:35:24.268Z,59.5,21.1,1.917,50.4,0,60.1,0,0,0,0,0,0,0,0,66
2025-09-27T21:35:25.270Z,59.5,21.1,1.917,49.6,0,60.1,0,0,0,0,0,0,0,0,66
2025-09-27T21:35:26.273Z,59.5,21.1,1.916,49.6,0,60.1,0,0,0,0,0,0,0,0,66
2025-09-27T21:35:27.271Z,59.5,21.1,1.917,49.6,0,60.1,0,0,0,0,0,0,0,0,66
2025-09-27T21:35:28.273Z,59.5,21.1,1.917,50.4,0,60.1,0,0,0,0,0,0,0,0,66
2025-09-27T21:35:29.270Z,59.5,21.1,1.917,49.6,0,60.1,0,0,0,0,0,0,0,0,66
2025-09-27T21:35:30.274Z,59.4,21.1,1.917,50.4,0,60.1,0,0,0,0,0,0,0,0,66
2025-09-27T21:35:31.276Z,59.4,21.1,1.917,49.6,0,60.1,0,0,0,0,0,0,0,0,66
2025-09-27T21:35:32.277Z,59.4,21.1,1.917,50.4,0,60.1,0,0,0,0,0,0,0,0,66
2025-09-27T21:35:33.274Z,59.4,21.1,1.917,49.6,0,60.1,0,0,0,0,0,0,0,0,66
2025-09-27T21:35:34.278Z,59.4,21.1,1.917,49.6,0,60.1,0,0,0,0,0,0,0,0,66
2025-09-27T21:35:35.280Z,59.4,21.1,1.917,50.4,0,60.1,0,0,0,0,0,0,0,0,66
2025-09-27T21:35:36.281Z,59.5,21.1,1.917,49.6,0,60.1,0,0,0,0,0,0,0,0,66
2025-09-27T21:35:37.281Z,59.4,21.1,1.917,50.4,0,60.1,0,0,0,0,0,0,0,0,66
2025-09-27T21:35:38.283Z,59.4,21.1,1.917,49.6,0,60.1,0,0,0,0,0,0,0,0,66
2025-09-27T21:35:39.282Z,59.4,21.1,1.917,49.6,0,60.1,0,0,0,0,0,0,0,0,66
2025-09-27T21:35:40.284Z,59.4,21.1,1.917,50.4,0,60.1,0,0,0,0,0,0,0,0,66
2025-09-27T21:35:41.285Z,59.4,21.1,1.917,49.6,0,60.1,0,0,0,0,0,0,0,0,66
2025-09-27T21:35:42.288Z,59.4,21.1,1.917,50.4,0,60.1,0,0,0,0,0,0,0,0,66
2025-09-27T21:35:43.283Z,59.4,21.1,1.917,50.4,0,60.1,0,0,0,0,0,0,0,0,66
2025-09-27T21:35:44.289Z,59.4,21.1,1.917,49.6,0,60.1,0,0,0,0,0,0,0,0,66
2025-09-27T21:35:45.287Z,59.4,21.1,1.917,50.4,0,60.1,0,0,0,0,0,0,0,0,66
2025-09-27T21:35:46.293Z,59.4,21.1,1.917,49.6,0,60.1,0,0,0,0,0,0,0,0,66
2025-09-27T21:35:47.294Z,59.4,21.1,1.917,50.4,0,60.1,0,0,0,0,0,0,0,0,66
2025-09-27T21:35:48.289Z,59.4,21.1,1.916,49.6,0,60.1,0,0,0,0,0,0,0,0,66
2025-09-27T21:35:49.296Z,59.4,21.1,1.917,50.4,0,60.1,0,0,0,0,0,0,0,0,66
2025-09-27T21:35:50.302Z,59.4,21.1,1.916,49.6,0,60.1,0,0,0,0,0,0,0,0,66
2025-09-27T21:35:51.296Z,59.4,21.1,1.917,49.6,0,60.1,0,0,0,0,0,0,0,0,66
2025-09-27T21:35:52.291Z,59.4,21.1,1.917,50.4,0,60.1,0,0,0,0,0,0,0,0,66
2025-09-27T21:35:53.296Z,59.4,21.1,1.917,49.6,0,60.1,0,0,0,0,0,0,0,0,66
2025-09-27T21:35:54.296Z,59.4,21.1,1.916,50.4,0,60.1,0,0,0,0,0,0,0,0,66
2025-09-27T21:35:55.298Z,59.4,21.1,1.917,49.6,0,60.1,0,0,0,0,0,0,0,0,66
2025-09-27T21:35:56.298Z,59.4,21.1,1.917,49.6,0,60.1,0,0,0,0,0,0,0,0,66
2025-09-27T21:35:57.299Z,59.4,21.1,1.917,50.4,0,60.1,0,0,0,0,0,0,0,0,66
2025-09-27T21:35:58.300Z,59.4,21.1,1.917,50.4,0,60.1,0,0,0,0,0,0,0,0,66
2025-09-27T21:35:59.303Z,59.4,21.1,1.917,49.6,0,60.1,0,0,0,0,0,0,0,0,66
2025-09-27T21:36:00.302Z,59.4,21.1,1.917,50.4,0,60.1,0,0,0,0,0,0,0,0,66
2025-09-27T21:36:01.303Z,59.4,21.1,1.917,49.6,0,60.1,0,0,0,0,0,0,0,0,66
2025-09-27T21:36:02.301Z,59.4,21.1,1.917,50.4,0,60.1,0,0,0,0,0,0,0,0,66
2025-09-27T21:36:03.304Z,59.4,21.1,1.917,49.6,0,60.1,0,0,0,0,0,0,0,0,66
2025-09-27T21:36:04.302Z,59.4,21.1,1.917,50.4,0,60,0,0,0,0,0,0,0,0,66
2025-09-27T21:36:05.306Z,59.4,21.1,1.917,49.6,0,60,0,0,0,0,0,0,0,0,66
2025-09-27T21:36:06.304Z,59.4,21.1,1.917,50.4,0,60,0,0,0,0,0,0,0,0,66
2025-09-27T21:36:07.311Z,59.4,21.1,1.916,50.4,0,60.1,0,0,0,0,0,0,0,0,66
2025-09-27T21:36:08.310Z,59.4,21.1,1.917,49.6,0,60.1,0,0,0,0,0,0,0,0,66
2025-09-27T21:36:09.309Z,59.4,21.1,1.916,49.6,0,60.1,0,0,0,0,0,0,0,0,66
2025-09-27T21:36:10.313Z,59.4,21.1,1.915,49.6,0,60,0,0,0,0,0,0,0,0,66
2025-09-27T21:36:11.313Z,59.4,21.1,1.916,50.4,0,60,0,0,0,0,0,0,0,0,66
2025-09-27T21:36:12.309Z,59.4,21.1,1.917,49.6,0,60,0,0,0,0,0,0,0,0,66
2025-09-27T21:36:13.318Z,59.4,21.1,1.915,50.4,0,60,0,0,0,0,0,0,0,0,66
2025-09-27T21:36:14.315Z,59.5,21.1,1.916,49.6,0,60.1,0,0,0,0,0,0,0,0,66
2025-09-27T21:36:15.319Z,59.5,21.1,1.916,49.6,0,60,0,0,0,0,0,0,0,0,66
2025-09-27T21:36:16.317Z,59.5,21.1,1.916,50.4,0,60,0,0,0,0,0,0,0,0,66
2025-09-27T21:36:17.320Z,59.5,21.1,1.916,49.6,0,60,0,0,0,0,0,0,0,0,66
2025-09-27T21:36:18.319Z,59.5,21.1,1.916,50.4,0,60,0,0,0,0,0,0,0,0,66
2025-09-27T21:36:19.319Z,59.5,21.1,1.917,50.4,0,60,0,0,0,0,0,0,0,0,66
2025-09-27T21:36:20.321Z,59.5,21.1,1.916,49.6,0,60,0,0,0,0,0,0,0,0,66
2025-09-27T21:36:21.320Z,59.5,21.1,1.916,49.6,0,60,0,0,0,0,0,0,0,0,66
2025-09-27T21:36:22.322Z,59.5,21.1,1.916,49.6,0,60,0,0,0,0,0,0,0,0,66
2025-09-27T21:36:23.321Z,59.5,21.1,1.916,50.4,0,60,0,0,0,0,0,0,0,0,66
2025-09-27T21:36:24.323Z,59.5,21.1,1.916,50.4,0,60,0,0,0,0,0,0,0,0,66
2025-09-27T21:36:25.328Z,59.5,21.1,1.916,49.6,0,60,0,0,0,0,0,0,0,0,66
2025-09-27T21:36:26.325Z,59.5,21.1,1.916,50.4,0,60,0,0,0,0,0,0,0,0,66
2025-09-27T21:36:27.327Z,59.5,21.1,1.916,49.6,0,60,0,0,0,0,0,0,0,0,66
2025-09-27T21:36:28.328Z,59.5,21.1,1.915,50.4,0,60,0,0,0,0,0,0,0,0,66
2025-09-27T21:36:29.327Z,59.5,21.1,1.916,49.6,0,60,0,0,0,0,0,0,0,0,66
2025-09-27T21:36:30.326Z,59.5,21.1,1.916,49.6,0,60,0,0,0,0,0,0,0,0,66
2025-09-27T21:36:31.329Z,59.5,21.1,1.915,50.4,0,60,0,0,0,0,0,0,0,0,66
2025-09-27T21:36:32.332Z,59.5,21.1,1.915,49.6,0,60,0,0,0,0,0,0,0,0,66
2025-09-27T21:36:33.334Z,59.5,21.1,1.915,49.6,0,60,0,0,0,0,0,0,0,0,66
2025-09-27T21:36:34.337Z,59.5,21.1,1.915,50.4,0,60,0,0,0,0,0,0,0,0,66
2025-09-27T21:36:35.334Z,59.5,21.1,1.915,49.6,0,60,0,0,0,0,0,0,0,0,66
2025-09-27T21:36:36.337Z,59.5,21.1,1.915,50.4,0,60,0,0,0,0,0,0,0,0,66
2025-09-27T21:36:37.337Z,59.5,21.1,1.915,50.4,0,60,0,0,0,0,0,0,0,0,66
2025-09-27T21:36:38.343Z,59.5,21.1,1.915,49.6,0,60,0,0,0,0,0,0,0,0,66
2025-09-27T21:36:39.340Z,59.5,21.1,1.915,50.4,0,60,0,0,0,0,0,0,0,0,66
2025-09-27T21:36:40.336Z,59.5,21.1,1.915,49.6,0,60,0,0,0,0,0,0,0,0,66
2025-09-27T21:36:41.340Z,59.5,21.1,1.916,50.4,0,60,0,0,0,0,0,0,0,0,66
2025-09-27T21:36:42.345Z,59.5,21.1,1.916,49.6,0,60,0,0,0,0,0,0,0,0,66
2025-09-27T21:36:43.337Z,59.5,21.1,1.916,50.4,0,60,0,0,0,0,0,0,0,0,66
2025-09-27T21:36:44.344Z,59.5,21.1,1.915,49.6,0,60,0,0,0,0,0,0,0,0,66
2025-09-27T21:36:45.341Z,59.5,21.1,1.915,49.6,0,60,0,0,0,0,0,0,0,0,66
2025-09-27T21:36:46.346Z,59.5,21.1,1.915,50.4,0,60,0,0,0,0,0,0,0,0,66
2025-09-27T21:36:47.349Z,59.5,21.1,1.916,49.6,0,60,0,0,0,0,0,0,0,0,66
2025-09-27T21:36:48.342Z,59.5,21.1,1.916,50.4,0,60,0,0,0,0,0,0,0,0,66
2025-09-27T21:36:49.347Z,59.5,21.1,1.915,50.4,0,60,0,0,0,0,0,0,0,0,66
2025-09-27T21:36:50.352Z,59.5,21.1,1.916,49.6,0,60,0,0,0,0,0,0,0,0,66
2025-09-27T21:36:51.350Z,59.5,21.1,1.915,50.4,0,60,0,0,0,0,0,0,0,0,66
2025-09-27T21:36:52.347Z,59.5,21.1,1.915,49.6,0,60,0,0,0,0,0,0,0,0,66
2025-09-27T21:36:53.345Z,59.5,21.1,1.915,50.4,0,60,0,0,0,0,0,0,0,0,66
2025-09-27T21:36:54.351Z,59.5,21.1,1.915,49.6,0,60,0,0,0,0,0,0,0,0,66
2025-09-27T21:36:55.349Z,59.5,21.1,1.915,50.4,0,60,0,0,0,0,0,0,0,0,66
2025-09-27T21:36:56.355Z,59.5,21.1,1.916,49.6,0,60,0,0,0,0,0,0,0,0,66
2025-09-27T21:36:57.355Z,59.5,21.1,1.916,49.6,0,60,0,0,0,0,0,0,0,0,66
2025-09-27T21:36:58.364Z,59.5,21.1,1.916,50.4,0,60,0,0,0,0,0,0,0,0,66
2025-09-27T21:36:59.354Z,59.5,21.1,1.915,49.6,0,60,0,0,0,0,0,0,0,0,66
2025-09-27T21:37:00.359Z,59.6,21.1,1.915,50.4,0,60,0,0,0,0,0,0,0,0,66
2025-09-27T21:37:01.355Z,59.6,21.1,1.915,49.6,0,60,0,0,0,0,0,0,0,0,66
2025-09-27T21:37:02.362Z,59.5,21.1,1.916,49.6,0,60,0,0,0,0,0,0,0,0,66
2025-09-27T21:37:03.359Z,59.6,21.1,1.915,50.4,0,60,0,0,0,0,0,0,0,0,66
2025-09-27T21:37:04.357Z,59.6,21.1,1.915,49.6,0,60,0,0,0,0,0,0,0,0,66
2025-09-27T21:37:05.357Z,59.6,21.1,1.915,50.4,0,60,0,0,0,0,0,0,0,0,66
2025-09-27T21:37:06.360Z,59.6,21.1,1.915,50.4,0,60,0,0,0,0,0,0,0,0,66
2025-09-27T21:37:07.360Z,59.6,21.1,1.915,49.6,0,60,0,0,0,0,0,0,0,0,66
2025-09-27T21:37:08.360Z,59.6,21.1,1.915,50.4,0,60,0,0,0,0,0,0,0,0,66
2025-09-27T21:37:09.367Z,59.6,21.1,1.915,49.6,0,60,0,0,0,0,0,0,0,0,66
2025-09-27T21:37:10.365Z,59.6,21.1,1.915,50.4,0,60,0,0,0,0,0,0,0,0,66
2025-09-27T21:37:11.364Z,59.6,21.1,1.915,49.6,0,60,0,0,0,0,0,0,0,0,66
2025-09-27T21:37:12.364Z,59.6,21.1,1.915,50.4,0,60,0,0,0,0,0,0,0,0,66
2025-09-27T21:37:13.369Z,59.6,21.1,1.915,49.6,0,60,0,0,0,0,0,0,0,0,66
2025-09-27T21:37:14.369Z,59.6,21.1,1.915,50.4,0,60,0,0,0,0,0,0,0,0,66
2025-09-27T21:37:15.372Z,59.6,21.1,1.915,49.6,0,60,0,0,0,0,0,0,0,0,66
2025-09-27T21:37:16.373Z,59.6,21.1,1.915,50.4,0,60,0,0,0,0,0,0,0,0,66
2025-09-27T21:37:17.367Z,59.6,21.1,1.915,49.6,0,60,0,0,0,0,0,0,0,0,66
2025-09-27T21:37:18.375Z,59.6,21.1,1.915,50.4,0,60,0,0,0,0,0,0,0,0,66
2025-09-27T21:37:19.376Z,59.6,21.1,1.915,49.6,0,60,0,0,0,0,0,0,0,0,66
2025-09-27T21:37:20.373Z,59.6,21.1,1.915,50.4,0,60,0,0,0,0,0,0,0,0,66
2025-09-27T21:37:21.373Z,59.6,21.1,1.915,49.6,0,60,0,0,0,0,0,0,0,0,66
2025-09-27T21:37:22.375Z,59.6,21.1,1.915,50.4,0,60,0,0,0,0,0,0,0,0,66
2025-09-27T21:37:23.374Z,59.6,21.1,1.915,49.6,0,60,0,0,0,0,0,0,0,0,66
2025-09-27T21:37:24.374Z,59.6,21.1,1.915,50.4,0,60,0,0,0,0,0,0,0,0,66
2025-09-27T21:37:25.372Z,59.6,21.1,1.915,49.6,0,60,0,0,0,0,0,0,0,0,66
2025-09-27T21:37:26.376Z,59.6,21.1,1.915,50.4,0,60,0,0,0,0,0,0,0,0,66
2025-09-27T21:37:27.382Z,59.7,21.1,1.915,49.6,0,60,0,0,0,0,0,0,0,0,66
2025-09-27T21:37:28.377Z,59.7,21.1,1.915,50.4,0,60,0,0,0,0,0,0,0,0,66
2025-09-27T21:37:29.377Z,59.7,21.1,1.915,49.6,0,60,0,0,0,0,0,0,0,0,66
2025-09-27T21:37:30.378Z,59.7,21.1,1.915,50.4,0,60,0,0,0,0,0,0,0,0,66
2025-09-27T21:37:31.377Z,59.7,21.1,1.915,49.6,0,60,0,0,0,0,0,0,0,0,66
2025-09-27T21:37:32.386Z,59.7,21.1,1.915,50.4,0,60,0,0,0,0,0,0,0,0,66
2025-09-27T21:37:33.382Z,59.7,21.1,1.915,49.6,0,60,0,0,0,0,0,0,0,0,66
2025-09-27T21:37:34.387Z,59.7,21.1,1.915,50.4,0,60,0,0,0,0,0,0,0,0,66
2025-09-27T21:37:35.385Z,59.7,21.1,1.915,49.6,0,60,0,0,0,0,0,0,0,0,66
2025-09-27T21:37:36.386Z,59.7,21.1,1.915,49.6,0,60,0,0,0,0,0,0,0,0,66
2025-09-27T21:37:37.386Z,59.7,21.1,1.915,49.6,0,60,0,0,0,0,0,0,0,0,66
2025-09-27T21:37:38.388Z,59.7,21.1,1.915,49.6,0,60,0,0,0,0,0,0,0,0,66
2025-09-27T21:37:39.388Z,59.7,21.1,1.915,50.4,0,60,0,0,0,0,0,0,0,0,66
2025-09-27T21:37:40.391Z,59.7,21.1,1.915,49.6,0,60,0,0,0,0,0,0,0,0,66
2025-09-27T21:37:41.389Z,59.7,21.1,1.915,50.4,0,60,0,0,0,0,0,0,0,0,66
2025-09-27T21:37:42.393Z,59.7,21.1,1.915,49.6,0,60,0,0,0,0,0,0,0,0,66
2025-09-27T21:37:43.395Z,59.7,21.1,1.915,50.4,0,60,0,0,0,0,0,0,0,0,66
2025-09-27T21:37:44.393Z,59.7,21.1,1.915,49.6,0,60,0,0,0,0,0,0,0,0,66
2025-09-27T21:37:45.394Z,59.7,21.1,1.915,50.4,0,60,0,0,0,0,0,0,0,0,66
2025-09-27T21:37:46.396Z,59.7,21.1,1.915,49.6,0,60,0,0,0,0,0,0,0,0,66
2025-09-27T21:37:47.394Z,59.7,21.1,1.915,50.4,0,60,0,0,0,0,0,0,0,0,66
2025-09-27T21:37:48.397Z,59.8,21.1,1.915,49.6,0,60,0,0,0,0,0,0,0,0,66
2025-09-27T21:37:49.396Z,59.8,21.1,1.915,50.4,0,60,0,0,0,0,0,0,0,0,66
2025-09-27T21:37:50.403Z,59.8,21.1,1.915,49.6,0,60,0,0,0,0,0,0,0,0,66
2025-09-27T21:37:51.401Z,59.8,21.1,1.915,50.4,0,60,0,0,0,0,0,0,0,0,66
2025-09-27T21:37:52.398Z,59.8,21.1,1.915,49.6,0,60,0,0,0,0,0,0,0,0,66
2025-09-27T21:37:53.396Z,59.8,21.1,1.915,49.6,0,60,0,0,0,0,0,0,0,0,66
2025-09-27T21:37:54.402Z,59.8,21.1,1.915,50.4,0,60,0,0,0,0,0,0,0,0,66
2025-09-27T21:37:55.402Z,59.8,21.1,1.915,49.6,0,60,0,0,0,0,0,0,0,0,66
2025-09-27T21:37:56.402Z,59.8,21.1,1.915,50.4,0,60,0,0,0,0,0,0,0,0,66
2025-09-27T21:37:57.400Z,59.8,21.1,1.915,49.6,0,60,0,0,0,0,0,0,0,0,66
2025-09-27T21:37:58.399Z,59.8,21.1,1.915,50.4,0,60,0,0,0,0,0,0,0,0,66
2025-09-27T21:37:59.407Z,59.8,21.1,1.915,49.6,0,60,0,0,0,0,0,0,0,0,66
2025-09-27T21:38:00.400Z,59.8,21.1,1.915,49.6,0,60,0,0,0,0,0,0,0,0,66
2025-09-27T21:38:01.404Z,59.8,21.1,1.915,50.4,0,60,0,0,0,0,0,0,0,0,66
2025-09-27T21:38:02.406Z,59.8,21.1,1.915,49.6,0,60,0,0,0,0,0,0,0,0,66
2025-09-27T21:38:03.410Z,59.8,21.1,1.915,49.6,0,60,0,0,0,0,0,0,0,0,66
2025-09-27T21:38:04.405Z,59.8,21.1,1.915,50.4,0,60,0,0,0,0,0,0,0,0,66
2025-09-27T21:38:05.406Z,59.8,21.1,1.914,49.6,0,60,0,0,0,0,0,0,0,0,66
2025-09-27T21:38:06.410Z,59.8,21.1,1.914,50.4,0,60,0,0,0,0,0,0,0,0,66
2025-09-27T21:38:07.411Z,59.8,21.1,1.914,49.6,0,60,0,0,0,0,0,0,0,0,66
2025-09-27T21:38:08.408Z,59.9,21.1,1.914,49.6,0,60,0,0,0,0,0,0,0,0,66
2025-09-27T21:38:09.411Z,59.9,21.1,1.914,50.4,0,60,0,0,0,0,0,0,0,0,66
2025-09-27T21:38:10.414Z,59.9,21.1,1.914,49.6,0,60,0,0,0,0,0,0,0,0,66
2025-09-27T21:38:11.410Z,59.9,21.1,1.914,50.4,0,60,0,0,0,0,0,0,0,0,66
2025-09-27T21:38:12.417Z,59.9,21.1,1.914,49.6,0,60,0,0,0,0,0,0,0,0,66
2025-09-27T21:38:13.417Z,59.9,21.1,1.914,50.4,0,60,0,0,0,0,0,0,0,0,66
2025-09-27T21:38:14.416Z,59.9,21.1,1.914,49.6,0,60,0,0,0,0,0,0,0,0,66
2025-09-27T21:38:15.420Z,59.9,21.1,1.914,49.6,0,60,0,0,0,0,0,0,0,0,66
2025-09-27T21:38:16.420Z,59.9,21.1,1.914,50.4,0,60,0,0,0,0,0,0,0,0,66
2025-09-27T21:38:17.423Z,59.9,21.1,1.914,49.6,0,60,0,0,0,0,0,0,0,0,66
2025-09-27T21:38:18.420Z,59.9,21.1,1.914,49.6,0,60,0,0,0,0,0,0,0,0,66
2025-09-27T21:38:19.424Z,59.9,21.1,1.914,50.4,0,60,0,0,0,0,0,0,0,0,66
2025-09-27T21:38:20.425Z,59.9,21.1,1.914,49.6,0,60,0,0,0,0,0,0,0,0,66
2025-09-27T21:38:21.426Z,59.9,21.1,1.914,49.6,0,60,0,0,0,0,0,0,0,0,66
2025-09-27T21:38:22.422Z,59.9,21.1,1.914,50.4,0,60,0,0,0,0,0,0,0,0,66
2025-09-27T21:38:23.423Z,59.9,21.1,1.914,49.6,0,60,0,0,0,0,0,0,0,0,66
2025-09-27T21:38:24.423Z,59.9,21.1,1.914,50.4,0,60,0,0,0,0,0,0,0,0,66
2025-09-27T21:38:25.426Z,60,21.1,1.914,50.4,0,60,0,0,0,0,0,0,0,0,66
2025-09-27T21:38:26.428Z,60,21.1,1.914,49.6,0,60,0,0,0,0,0,0,0,0,66
2025-09-27T21:38:27.431Z,60,21.1,1.914,50.4,0,60,0,0,0,0,0,0,0,0,66
2025-09-27T21:38:28.427Z,60,21.1,1.914,49.6,0,60,0,0,0,0,0,0,0,0,66
2025-09-27T21:38:29.429Z,60,21.1,1.914,49.6,0,60,0,0,0,0,0,0,0,0,66
2025-09-27T21:38:30.434Z,60,21.1,1.914,50.4,0,60,0,0,0,0,0,0,0,0,66
2025-09-27T21:38:31.434Z,60,21.1,1.914,50.4,0,60,0,0,0,0,0,0,0,0,66
2025-09-27T21:38:32.435Z,60,21.1,1.914,49.6,0,60,0,0,0,0,0,0,0,0,66
2025-09-27T21:38:33.435Z,60,21.1,1.914,50.4,0,60,0,0,0,0,0,0,0,0,66
2025-09-27T21:38:34.436Z,60,21.1,1.914,50.4,0,60,0,0,0,0,0,0,0,0,66
2025-09-27T21:38:35.437Z,60,21.1,1.914,49.6,0,60,0,0,0,0,0,0,0,0,66
2025-09-27T21:38:36.439Z,60,21.1,1.913,50.4,0,60,0,0,0,0,0,0,0,0,66
2025-09-27T21:38:37.439Z,60,21.1,1.914,49.6,0,60,0,0,0,0,0,0,0,0,66
2025-09-27T21:38:38.442Z,60,21.1,1.913,50.4,0,60,0,0,0,0,0,0,0,0,66
2025-09-27T21:38:39.440Z,60,21.1,1.914,49.6,0,60,0,0,0,0,0,0,0,0,66
2025-09-27T21:38:40.443Z,60.1,21.1,1.914,50.4,0,60,0,0,0,0,0,0,0,0,66
2025-09-27T21:38:41.438Z,60.1,21.1,1.914,49.6,0,60,0,0,0,0,0,0,0,0,66
2025-09-27T21:38:42.440Z,60.1,21.1,1.913,50.4,0,60,0,0,0,0,0,0,0,0,66
2025-09-27T21:38:43.442Z,60.1,21.1,1.914,50.4,0,60,0,0,0,0,0,0,0,0,66
2025-09-27T21:38:44.445Z,60.1,21.1,1.914,49.6,0,60,0,0,0,0,0,0,0,0,66
2025-09-27T21:38:45.441Z,60.1,21.1,1.913,50.4,0,60,0,0,0,0,0,0,0,0,66
2025-09-27T21:38:46.451Z,60.1,21.1,1.912,49.6,0,60,0,0,0,0,0,0,0,0,66
2025-09-27T21:38:47.443Z,60.1,21.1,1.913,50.4,0,60,0,0,0,0,0,0,0,0,66
2025-09-27T21:38:48.446Z,60.1,21.1,1.913,49.6,0,60,0,0,0,0,0,0,0,0,66
2025-09-27T21:38:49.451Z,60.1,21.1,1.912,50.4,0,60,0,0,0,0,0,0,0,0,66
2025-09-27T21:38:50.454Z,60.1,21.1,1.912,49.6,0,60,0,0,0,0,0,0,0,0,66
2025-09-27T21:38:51.456Z,60.1,21.1,1.912,50.4,0,60,0,0,0,0,0,0,0,0,66
2025-09-27T21:38:52.446Z,60.1,21.1,1.913,49.6,0,60,0,0,0,0,0,0,0,0,66
2025-09-27T21:38:53.447Z,60.1,21.1,1.912,50.4,0,60,0,0,0,0,0,0,0,0,66
2025-09-27T21:38:54.456Z,60.1,21.1,1.912,49.6,0,60,0,0,0,0,0,0,0,0,66
2025-09-27T21:38:55.448Z,60.1,21.1,1.912,50.4,0,60,0,0,0,0,0,0,0,0,66
2025-09-27T21:38:56.452Z,60.2,21.1,1.912,49.6,0,60,0,0,0,0,0,0,0,0,66
2025-09-27T21:38:57.451Z,60.2,21.1,1.912,49.6,0,60,0,0,0,0,0,0,0,0,66
2025-09-27T21:38:58.462Z,60.2,21.1,1.912,49.6,0,60,0,0,0,0,0,0,0,0,66
2025-09-27T21:38:59.463Z,60.2,21.1,1.912,50.4,0,60,0,0,0,0,0,0,0,0,66
2025-09-27T21:39:00.459Z,60.2,21.1,1.912,49.6,0,60,0,0,0,0,0,0,0,0,66
2025-09-27T21:39:01.458Z,60.2,21.1,1.912,50.4,0,60,0,0,0,0,0,0,0,0,66
2025-09-27T21:39:02.464Z,60.2,21.1,1.912,49.6,0,60,0,0,0,0,0,0,0,0,66
2025-09-27T21:39:03.462Z,60.2,21.1,1.912,49.6,0,60,0,0,0,0,0,0,0,0,66
2025-09-27T21:39:04.460Z,60.2,21.1,1.912,50.4,0,60,0,0,0,0,0,0,0,0,66
2025-09-27T21:39:05.461Z,60.2,21.1,1.912,49.6,0,60,0,0,0,0,0,0,0,0,66
2025-09-27T21:39:06.461Z,60.2,21.1,1.912,50.4,0,60,0,0,0,0,0,0,0,0,66
2025-09-27T21:39:07.467Z,60.2,21.1,1.912,49.6,0,60,0,0,0,0,0,0,0,0,66
2025-09-27T21:39:08.463Z,60.2,21.1,1.912,49.6,0,60,0,0,0,0,0,0,0,0,66
2025-09-27T21:39:09.470Z,60.2,21.1,1.912,50.4,0,60,0,0,0,0,0,0,0,0,66
2025-09-27T21:39:10.465Z,60.2,21.1,1.912,49.6,0,60,0,0,0,0,0,0,0,0,66
2025-09-27T21:39:11.470Z,60.2,21.1,1.912,50.4,0,60,0,0,0,0,0,0,0,0,66
2025-09-27T21:39:12.468Z,60.3,21.1,1.912,50.4,0,60,0,0,0,0,0,0,0,0,66
2025-09-27T21:39:13.466Z,60.3,21.1,1.912,49.6,0,60,0,0,0,0,0,0,0,0,66
2025-09-27T21:39:14.467Z,60.3,21.1,1.912,50.4,0,60,0,0,0,0,0,0,0,0,66
2025-09-27T21:39:15.472Z,60.3,21.1,1.912,49.6,0,60,0,0,0,0,0,0,0,0,66
2025-09-27T21:39:16.472Z,60.3,21.1,1.912,50.4,0,60,0,0,0,0,0,0,0,0,66
2025-09-27T21:39:17.471Z,60.3,21.1,1.912,49.6,0,60,0,0,0,0,0,0,0,0,66
2025-09-27T21:39:18.473Z,60.3,21.1,1.912,49.6,0,60,0,0,0,0,0,0,0,0,66
2025-09-27T21:39:19.476Z,60.3,21.1,1.912,50.4,0,60,0,0,0,0,0,0,0,0,66
2025-09-27T21:39:20.478Z,60.3,21.1,1.912,49.6,0,60,0,0,0,0,0,0,0,0,66
2025-09-27T21:39:21.472Z,60.3,21.1,1.912,50.4,0,60,0,0,0,0,0,0,0,0,66
2025-09-27T21:39:22.472Z,60.3,21.1,1.912,50.4,0,60,0,0,0,0,0,0,0,0,66
2025-09-27T21:39:23.476Z,60.3,21.1,1.912,49.6,0,60,0,0,0,0,0,0,0,0,66
2025-09-27T21:39:24.478Z,60.3,21.1,1.912,50.4,0,60,0,0,0,0,0,0,0,0,66
2025-09-27T21:39:25.475Z,60.3,21.1,1.912,49.6,0,60,0,0,0,0,0,0,0,0,66
2025-09-27T21:39:26.475Z,60.3,21.1,1.912,50.4,0,60,0,0,0,0,0,0,0,0,66
2025-09-27T21:39:27.479Z,60.3,21.1,1.912,49.6,0,60,0,0,0,0,0,0,0,0,66
2025-09-27T21:39:28.475Z,60.3,21.1,1.912,49.6,0,60,0,0,0,0,0,0,0,0,66
2025-09-27T21:39:29.477Z,60.4,21.1,1.911,49.6,0,60,0,0,0,0,0,0,0,0,66
2025-09-27T21:39:30.479Z,60.4,21.1,1.911,50.4,0,60,0,0,0,0,0,0,0,0,66
2025-09-27T21:39:31.478Z,60.4,21.1,1.912,49.6,0,60,0,0,0,0,0,0,0,0,66
2025-09-27T21:39:32.482Z,60.4,21.1,1.911,49.6,0,60,0,0,0,0,0,0,0,0,66
2025-09-27T21:39:33.483Z,60.4,21.1,1.911,50.4,0,60,0,0,0,0,0,0,0,0,66
2025-09-27T21:39:34.486Z,60.4,21.1,1.911,49.6,0,60,0,0,0,0,0,0,0,0,66
2025-09-27T21:39:35.485Z,60.4,21.1,1.911,49.6,0,60,0,0,0,0,0,0,0,0,66
2025-09-27T21:39:36.484Z,60.4,21.1,1.911,50.4,0,60,0,0,0,0,0,0,0,0,66
2025-09-27T21:39:37.490Z,60.4,21.1,1.911,49.6,0,60,0,0,0,0,0,0,0,0,66
2025-09-27T21:39:38.488Z,60.4,21.1,1.911,49.6,0,60,0,0,0,0,0,0,0,0,66
2025-09-27T21:39:39.491Z,60.4,21.1,1.911,50.4,0,60,0,0,0,0,0,0,0,0,66
2025-09-27T21:39:40.489Z,60.4,21.1,1.911,49.6,0,60,0,0,0,0,0,0,0,0,66
2025-09-27T21:39:41.489Z,60.4,21.1,1.911,50.4,0,60,0,0,0,0,0,0,0,0,66
2025-09-27T21:39:42.501Z,60.4,21.1,1.912,50.4,0,60,0,0,0,0,0,0,0,0,66
2025-09-27T21:39:43.500Z,60.4,21.1,1.911,49.6,0,60,0,0,0,0,0,0,0,0,66
2025-09-27T21:39:44.492Z,60.4,21.1,1.91,50.4,0,60,0,0,0,0,0,0,0,0,66
2025-09-27T21:39:45.492Z,60.4,21.1,1.91,49.6,0,60,0,0,0,0,0,0,0,0,66
2025-09-27T21:39:46.496Z,60.5,21.1,1.91,50.4,0,60,0,0,0,0,0,0,0,0,66
2025-09-27T21:39:47.502Z,60.5,21.1,1.91,49.6,0,60,0,0,0,0,0,0,0,0,66
2025-09-27T21:39:48.499Z,60.5,21.1,1.91,49.6,0,60,0,0,0,0,0,0,0,0,66
2025-09-27T21:39:49.499Z,60.5,21.1,1.91,50.4,0,60,0,0,0,0,0,0,0,0,66
2025-09-27T21:39:50.501Z,60.5,21.1,1.91,49.6,0,60,0,0,0,0,0,0,0,0,66
2025-09-27T21:39:51.501Z,60.5,21.1,1.91,49.6,0,60,0,0,0,0,0,0,0,0,66
2025-09-27T21:39:52.502Z,60.5,21.1,1.91,50.4,0,60,0,0,0,0,0,0,0,0,66
2025-09-27T21:39:53.501Z,60.5,21.1,1.91,49.6,0,60,0,0,0,0,0,0,0,0,66
2025-09-27T21:39:54.504Z,60.5,21.1,1.91,49.6,0,60,0,0,0,0,0,0,0,0,66
2025-09-27T21:39:55.503Z,60.5,21.1,1.91,50.4,0,60,0,0,0,0,0,0,0,0,66
2025-09-27T21:39:56.507Z,60.5,21.1,1.91,50.4,0,60,0,0,0,0,0,0,0,0,66
2025-09-27T21:39:57.507Z,60.5,21.1,1.91,49.6,0,60,0,0,0,0,0,0,0,0,66
2025-09-27T21:39:58.513Z,60.5,21.1,1.911,50.4,0,60,0,0,0,0,0,0,0,0,66
2025-09-27T21:39:59.512Z,60.5,21.1,1.911,49.6,0,60,0,0,0,0,0,0,0,0,66
2025-09-27T21:40:00.516Z,60.6,21.1,1.911,49.6,0,60,0,0,0,0,0,0,0,0,66
2025-09-27T21:40:01.505Z,60.6,21.1,1.91,50.4,0,60,0,0,0,0,0,0,0,0,66
2025-09-27T21:40:02.513Z,60.6,21.1,1.911,49.6,0,60,0,0,0,0,0,0,0,0,66
2025-09-27T21:40:03.510Z,60.5,21.1,1.91,49.6,0,60,0,0,0,0,0,0,0,0,66
2025-09-27T21:40:04.512Z,60.6,21.1,1.91,50.4,0,60,0,0,0,0,0,0,0,0,66
2025-09-27T21:40:05.510Z,60.6,21.1,1.91,49.6,0,60,0,0,0,0,0,0,0,0,66
2025-09-27T21:40:06.514Z,60.6,21.1,1.91,49.6,0,60,0,0,0,0,0,0,0,0,66
2025-09-27T21:40:07.513Z,60.6,21.1,1.91,50.4,0,60,0,0,0,0,0,0,0,0,66
2025-09-27T21:40:08.515Z,60.6,21.1,1.91,49.6,0,60,0,0,0,0,0,0,0,0,66
2025-09-27T21:40:09.518Z,60.6,21.1,1.91,49.6,0,60,0,0,0,0,0,0,0,0,66
2025-09-27T21:40:10.518Z,60.6,21.1,1.91,50.4,0,60,0,0,0,0,0,0,0,0,66
2025-09-27T21:40:11.517Z,60.6,21.1,1.91,50.4,0,60,0,0,0,0,0,0,0,0,66
2025-09-27T21:40:12.521Z,60.6,21.1,1.911,49.6,0,60,0,0,0,0,0,0,0,0,66
2025-09-27T21:40:13.518Z,60.6,21.1,1.91,50.4,0,60,0,0,0,0,0,0,0,0,66
2025-09-27T21:40:14.521Z,60.6,21.1,1.911,50.4,0,60,0,0,0,0,0,0,0,0,66
2025-09-27T21:40:15.523Z,60.6,21.1,1.911,49.6,0,60,0,0,0,0,0,0,0,0,66
2025-09-27T21:40:16.522Z,60.6,21.1,1.911,50.4,0,60,0,0,0,0,0,0,0,0,66
2025-09-27T21:40:17.525Z,60.6,21.1,1.911,49.6,0,60,0,0,0,0,0,0,0,0,66
2025-09-27T21:40:18.522Z,60.6,21.1,1.911,50.4,0,60,0,0,0,0,0,0,0,0,66
2025-09-27T21:40:19.525Z,60.6,21.1,1.911,50.4,0,60,0,0,0,0,0,0,0,0,66
2025-09-27T21:40:20.525Z,60.6,21.1,1.911,49.6,0,60,0,0,0,0,0,0,0,0,66
2025-09-27T21:40:21.525Z,60.6,21.1,1.911,50.4,0,60,0,0,0,0,0,0,0,0,66
2025-09-27T21:40:22.526Z,60.7,21.1,1.911,49.6,0,60,0,0,0,0,0,0,0,0,66
2025-09-27T21:40:23.527Z,60.7,21.1,1.911,50.4,0,60,0,0,0,0,0,0,0,0,66
2025-09-27T21:40:24.530Z,60.7,21.1,1.911,49.6,0,60,0,0,0,0,0,0,0,0,66
2025-09-27T21:40:25.531Z,60.7,21.1,1.911,50.4,0,60,0,0,0,0,0,0,0,0,66
2025-09-27T21:40:26.538Z,60.7,21.1,1.911,49.6,0,60,0,0,0,0,0,0,0,0,66
2025-09-27T21:40:27.530Z,60.7,21.1,1.91,50.4,0,60,0,0,0,0,0,0,0,0,66
2025-09-27T21:40:28.530Z,60.7,21.1,1.911,50.4,0,60,0,0,0,0,0,0,0,0,66
2025-09-27T21:40:29.532Z,60.7,21.1,1.911,49.6,0,60,0,0,0,0,0,0,0,0,66
2025-09-27T21:40:30.534Z,60.7,21.1,1.911,50.4,0,60,0,0,0,0,0,0,0,0,66
2025-09-27T21:40:31.537Z,60.7,21.1,1.911,49.6,0,60,0,0,0,0,0,0,0,0,66
2025-09-27T21:40:32.538Z,60.7,21.1,1.911,50.4,0,60,0,0,0,0,0,0,0,0,66
2025-09-27T21:40:33.536Z,60.7,21.1,1.911,49.6,0,60,0,0,0,0,0,0,0,0,66
2025-09-27T21:40:34.541Z,60.7,21.1,1.91,50.4,0,60,0,0,0,0,0,0,0,0,66
2025-09-27T21:40:35.549Z,60.7,21.1,1.909,49.6,0,60,0,0,0,0,0,0,0,0,66
2025-09-27T21:40:36.539Z,60.7,21.1,1.911,49.6,0,60,0,0,0,0,0,0,0,0,66
2025-09-27T21:40:37.541Z,60.7,21.1,1.91,50.4,0,60,0,0,0,0,0,0,0,0,66
2025-09-27T21:40:38.544Z,60.7,21.1,1.91,49.6,0,60,0,0,0,0,0,0,0,0,66
2025-09-27T21:40:39.547Z,60.7,21.1,1.91,50.4,0,60,0,0,0,0,0,0,0,0,66
2025-09-27T21:40:40.543Z,60.8,21.1,1.91,49.6,0,60,0,0,0,0,0,0,0,0,66
2025-09-27T21:40:41.546Z,60.8,21.1,1.91,50.4,0,60,0,0,0,0,0,0,0,0,66
2025-09-27T21:40:42.549Z,60.8,21.1,1.91,49.6,0,60,0,0,0,0,0,0,0,0,66
2025-09-27T21:40:43.547Z,60.8,21.1,1.91,49.6,0,60,0,0,0,0,0,0,0,0,66
2025-09-27T21:40:44.546Z,60.8,21.1,1.91,50.4,0,60,0,0,0,0,0,0,0,0,66
2025-09-27T21:40:45.547Z,60.8,21.1,1.91,49.6,0,60,0,0,0,0,0,0,0,0,66
2025-09-27T21:40:46.547Z,60.8,21.1,1.91,49.6,0,60,0,0,0,0,0,0,0,0,66
2025-09-27T21:40:47.551Z,60.8,21.1,1.91,50.4,0,60,0,0,0,0,0,0,0,0,66
2025-09-27T21:40:48.552Z,60.8,21.1,1.91,49.6,0,60,0,0,0,0,0,0,0,0,66
2025-09-27T21:40:49.551Z,60.8,21.1,1.91,50.4,0,60,0,0,0,0,0,0,0,0,66
2025-09-27T21:40:50.558Z,60.8,21.1,1.91,49.6,0,60,0,0,0,0,0,0,0,0,66
2025-09-27T21:40:51.552Z,60.8,21.1,1.91,50.4,0,60,0,0,0,0,0,0,0,0,66
2025-09-27T21:40:52.558Z,60.8,21.1,1.909,50.4,0,60,0,0,0,0,0,0,0,0,66
2025-09-27T21:40:53.550Z,60.8,21.1,1.909,49.6,0,60,0,0,0,0,0,0,0,0,66
2025-09-27T21:40:54.553Z,60.8,21.1,1.909,50.4,0,60,0,0,0,0,0,0,0,0,66
2025-09-27T21:40:55.559Z,60.8,21.1,1.909,49.6,0,60,0,0,0,0,0,0,0,0,66
2025-09-27T21:40:56.558Z,60.8,21.1,1.909,50.4,0,60,0,0,0,0,0,0,0,0,66
2025-09-27T21:40:57.559Z,60.8,21.1,1.909,49.6,0,60,0,0,0,0,0,0,0,0,66
2025-09-27T21:40:58.560Z,60.8,21.1,1.909,50.4,0,60,0,0,0,0,0,0,0,0,66
2025-09-27T21:40:59.565Z,60.8,21.1,1.909,49.6,0,60,0,0,0,0,0,0,0,0,66
2025-09-27T21:41:00.564Z,60.8,21.1,1.909,50.4,0,60,0,0,0,0,0,0,0,0,66
2025-09-27T21:41:01.562Z,60.8,21.1,1.909,50.4,0,60,0,0,0,0,0,0,0,0,66
2025-09-27T21:41:02.565Z,60.8,21.1,1.909,49.6,0,60,0,0,0,0,0,0,0,0,66
2025-09-27T21:41:03.566Z,60.9,21.1,1.909,49.6,0,60,0,0,0,0,0,0,0,0,66
2025-09-27T21:41:04.565Z,60.9,21.1,1.909,50.4,0,60,0,0,0,0,0,0,0,0,66
2025-09-27T21:41:05.574Z,60.9,21.1,1.909,50.4,0,60,0,0,0,0,0,0,0,0,66
2025-09-27T21:41:06.567Z,60.9,21.1,1.909,49.6,0,60,0,0,0,0,0,0,0,0,66
2025-09-27T21:41:07.575Z,60.9,21.1,1.909,49.6,0,60,0,0,0,0,0,0,0,0,66
2025-09-27T21:41:08.570Z,60.9,21.1,1.909,49.6,0,60,0,0,0,0,0,0,0,0,66
2025-09-27T21:41:09.569Z,60.9,21.1,1.909,50.4,0,60,0,0,0,0,0,0,0,0,66
2025-09-27T21:41:10.578Z,60.9,21.1,1.909,49.6,0,60,0,0,0,0,0,0,0,0,66
2025-09-27T21:41:11.576Z,60.9,21.1,1.909,50.4,0,60,0,0,0,0,0,0,0,0,66
2025-09-27T21:41:12.575Z,60.9,21.1,1.909,49.6,0,60,0,0,0,0,0,0,0,0,66
2025-09-27T21:41:13.574Z,60.9,21.1,1.909,50.4,0,60,0,0,0,0,0,0,0,0,66
2025-09-27T21:41:14.573Z,60.9,21.1,1.909,49.6,0,60,0,0,0,0,0,0,0,0,66
2025-09-27T21:41:15.576Z,60.9,21.1,1.909,49.6,0,60,0,0,0,0,0,0,0,0,66
2025-09-27T21:41:16.577Z,60.9,21.1,1.909,50.4,0,60,0,0,0,0,0,0,0,0,66
2025-09-27T21:41:17.578Z,60.9,21.1,1.909,49.6,0,60,0,0,0,0,0,0,0,0,66
2025-09-27T21:41:18.582Z,60.9,21.1,1.909,49.6,0,60,0,0,0,0,0,0,0,0,66
2025-09-27T21:41:19.584Z,60.9,21.1,1.909,50.4,0,60,0,0,0,0,0,0,0,0,66
2025-09-27T21:41:20.578Z,60.9,21.1,1.909,49.6,0,60,0,0,0,0,0,0,0,0,66
2025-09-27T21:41:21.580Z,60.9,21.1,1.909,50.4,0,60,0,0,0,0,0,0,0,0,66
2025-09-27T21:41:22.580Z,60.9,21.1,1.909,49.6,0,60,0,0,0,0,0,0,0,0,66
2025-09-27T21:41:23.584Z,60.9,21.1,1.909,49.6,0,60,0,0,0,0,0,0,0,0,66
2025-09-27T21:41:24.581Z,60.9,21.1,1.909,50.4,0,60,0,0,0,0,0,0,0,0,66
2025-09-27T21:41:25.584Z,60.9,21.1,1.909,49.6,0,60,0,0,0,0,0,0,0,0,66
2025-09-27T21:41:26.586Z,60.9,21.1,1.909,50.4,0,60,0,0,0,0,0,0,0,0,66
2025-09-27T21:41:27.585Z,60.9,21.1,1.909,50.4,0,60,0,0,0,0,0,0,0,0,66
2025-09-27T21:41:28.585Z,60.9,21.1,1.909,49.6,0,60,0,0,0,0,0,0,0,0,66
2025-09-27T21:41:29.589Z,60.9,21.1,1.909,49.6,0,60,0,0,0,0,0,0,0,0,66
2025-09-27T21:41:30.588Z,60.9,21.1,1.909,49.6,0,60,0,0,0,0,0,0,0,0,66
2025-09-27T21:41:31.594Z,60.9,21.1,1.909,50.4,0,60,0,0,0,0,0,0,0,0,66
2025-09-27T21:41:32.588Z,60.9,21.1,1.909,50.4,0,60,0,0,0,0,0,0,0,0,66
2025-09-27T21:41:33.590Z,60.9,21.1,1.909,49.6,0,60,0,0,0,0,0,0,0,0,66
2025-09-27T21:41:34.593Z,60.9,21.1,1.909,50.4,0,60,0,0,0,0,0,0,0,0,66
2025-09-27T21:41:35.600Z,60.9,21.1,1.909,49.6,0,60,0,0,0,0,0,0,0,0,66
2025-09-27T21:41:36.593Z,60.9,21.1,1.909,50.4,0,60,0,0,0,0,0,0,0,0,66
2025-09-27T21:41:37.603Z,60.9,21.1,1.909,49.6,0,60,0,0,0,0,0,0,0,0,66
2025-09-27T21:41:38.598Z,60.9,21.1,1.909,50.4,0,60,0,0,0,0,0,0,0,0,66
2025-09-27T21:41:39.598Z,60.9,21.1,1.909,49.6,0,60,0,0,0,0,0,0,0,0,66
2025-09-27T21:41:40.596Z,60.9,21.1,1.909,49.6,0,60,0,0,0,0,0,0,0,0,66
2025-09-27T21:41:41.599Z,60.9,21.1,1.909,50.4,0,60,0,0,0,0,0,0,0,0,66
2025-09-27T21:41:42.601Z,60.9,21.1,1.909,49.6,0,60,0,0,0,0,0,0,0,0,66
2025-09-27T21:41:43.603Z,60.9,21.1,1.909,50.4,0,60,0,0,0,0,0,0,0,0,66
2025-09-27T21:41:44.600Z,60.9,21.1,1.909,49.6,0,60,0,0,0,0,0,0,0,0,66
2025-09-27T21:41:45.606Z,60.9,21.1,1.909,49.6,0,60,0,0,0,0,0,0,0,0,66
2025-09-27T21:41:46.604Z,60.9,21.1,1.909,50.4,0,60,0,0,0,0,0,0,0,0,66
2025-09-27T21:41:47.607Z,60.9,21.1,1.909,49.6,0,60,0,0,0,0,0,0,0,0,66
2025-09-27T21:41:48.607Z,60.9,21.1,1.909,49.6,0,60,0,0,0,0,0,0,0,0,66
2025-09-27T21:41:49.609Z,60.9,21.1,1.909,50.4,0,60,0,0,0,0,0,0,0,0,66
2025-09-27T21:41:50.610Z,60.9,21.1,1.909,49.6,0,60,0,0,0,0,0,0,0,0,66
2025-09-27T21:41:51.605Z,60.9,21.1,1.909,49.6,0,60,0,0,0,0,0,0,0,0,66
2025-09-27T21:41:52.606Z,60.9,21.1,1.909,50.4,0,60,0,0,0,0,0,0,0,0,66
2025-09-27T21:41:53.611Z,60.9,21.1,1.909,49.6,0,60,0,0,0,0,0,0,0,0,66
2025-09-27T21:41:54.614Z,60.9,21.1,1.909,49.6,0,60,0,0,0,0,0,0,0,0,66
2025-09-27T21:41:55.610Z,60.9,21.1,1.909,50.4,0,60,0,0,0,0,0,0,0,0,66
2025-09-27T21:41:56.612Z,60.9,21.1,1.909,50.4,0,60,0,0,0,0,0,0,0,0,66
2025-09-27T21:41:57.612Z,60.9,21.1,1.909,49.6,0,60,0,0,0,0,0,0,0,0,66
2025-09-27T21:41:58.622Z,60.9,21.1,1.909,50.4,0,60,0,0,0,0,0,0,0,0,66
2025-09-27T21:41:59.616Z,60.9,21.1,1.909,49.6,0,60,0,0,0,0,0,0,0,0,66
2025-09-27T21:42:00.616Z,60.9,21.1,1.909,49.6,0,60,0,0,0,0,0,0,0,0,66
2025-09-27T21:42:01.618Z,60.9,21.1,1.909,50.4,0,60,0,0,0,0,0,0,0,0,66
2025-09-27T21:42:02.619Z,60.9,21.1,1.909,50.4,0,60,0,0,0,0,0,0,0,0,66
2025-09-27T21:42:03.618Z,60.9,21.1,1.909,49.6,0,60,0,0,0,0,0,0,0,0,66
2025-09-27T21:42:04.620Z,60.9,21.1,1.909,50.4,0,60,0,0,0,0,0,0,0,0,66
2025-09-27T21:42:05.627Z,60.9,21.1,1.909,50.4,0,60,0,0,0,0,0,0,0,0,66
2025-09-27T21:42:06.624Z,60.9,21.1,1.909,49.6,0,60,0,0,0,0,0,0,0,0,66
2025-09-27T21:42:07.624Z,60.9,21.1,1.909,50.4,0,60,0,0,0,0,0,0,0,0,66
2025-09-27T21:42:08.628Z,60.9,21.1,1.909,49.6,0,60,0,0,0,0,0,0,0,0,66
2025-09-27T21:42:09.626Z,60.9,21.1,1.909,50.4,0,60,0,0,0,0,0,0,0,0,66
2025-09-27T21:42:10.633Z,60.9,21.1,1.909,49.6,0,60,0,0,0,0,0,0,0,0,66
2025-09-27T21:42:11.631Z,60.9,21.1,1.909,50.4,0,60,0,0,0,0,0,0,0,0,66
2025-09-27T21:42:12.633Z,60.9,21.1,1.909,49.6,0,60,0,0,0,0,0,0,0,0,66
2025-09-27T21:42:13.629Z,60.9,21.1,1.909,50.4,0,60,0,0,0,0,0,0,0,0,66
2025-09-27T21:42:14.633Z,60.9,21.1,1.909,49.6,0,60,0,0,0,0,0,0,0,0,66
2025-09-27T21:42:15.634Z,60.9,21.1,1.909,50.4,0,60,0,0,0,0,0,0,0,0,66
2025-09-27T21:42:16.638Z,60.9,21.1,1.909,49.6,0,60,0,0,0,0,0,0,0,0,66
2025-09-27T21:42:17.637Z,60.9,21.1,1.909,50.4,0,60,0,0,0,0,0,0,0,0,66
2025-09-27T21:42:18.637Z,60.9,21.1,1.909,50.4,0,60,0,0,0,0,0,0,0,0,66
2025-09-27T21:42:19.633Z,60.9,21.1,1.909,49.6,0,60,0,0,0,0,0,0,0,0,66
2025-09-27T21:42:20.642Z,60.9,21.1,1.909,50.4,0,60,0,0,0,0,0,0,0,0,66
2025-09-27T21:42:21.640Z,60.9,21.1,1.909,49.6,0,60,0,0,0,0,0,0,0,0,66
2025-09-27T21:42:22.642Z,60.9,21.1,1.909,50.4,0,60,0,0,0,0,0,0,0,0,66
2025-09-27T21:42:23.640Z,60.9,21.1,1.909,49.6,0,60,0,0,0,0,0,0,0,0,66
2025-09-27T21:42:24.637Z,60.9,21.1,1.909,50.4,0,60,0,0,0,0,0,0,0,0,66
2025-09-27T21:42:25.640Z,60.9,21.1,1.909,49.6,0,60,0,0,0,0,0,0,0,0,66
2025-09-27T21:42:26.645Z,60.9,21.1,1.909,50.4,0,60,0,0,0,0,0,0,0,0,66
2025-09-27T21:42:27.644Z,60.9,21.1,1.909,49.6,0,60,0,0,0,0,0,0,0,0,66
2025-09-27T21:42:28.642Z,60.9,21.1,1.909,50.4,0,60,0,0,0,0,0,0,0,0,66
2025-09-27T21:42:29.643Z,60.9,21.1,1.909,49.6,0,60,0,0,0,0,0,0,0,0,66
2025-09-27T21:42:30.645Z,60.9,21.1,1.909,50.4,0,60,0,0,0,0,0,0,0,0,66
2025-09-27T21:42:31.651Z,60.9,21.1,1.909,49.6,0,60,0,0,0,0,0,0,0,0,66
2025-09-27T21:42:32.646Z,60.9,21.1,1.909,49.6,0,60,0,0,0,0,0,0,0,0,66
2025-09-27T21:42:33.648Z,60.9,21.1,1.909,49.6,0,60,0,0,0,0,0,0,0,0,66
2025-09-27T21:42:34.649Z,60.9,21.1,1.909,50.4,0,60,0,0,0,0,0,0,0,0,66
2025-09-27T21:42:35.653Z,60.9,21.1,1.909,49.6,0,60,0,0,0,0,0,0,0,0,66
2025-09-27T21:42:36.652Z,60.9,21.1,1.909,49.6,0,60,0,0,0,0,0,0,0,0,66
2025-09-27T21:42:37.661Z,60.9,21.1,1.909,50.4,0,60,0,0,0,0,0,0,0,0,66
2025-09-27T21:42:38.656Z,60.9,21.1,1.909,49.6,0,60,0,0,0,0,0,0,0,0,66
2025-09-27T21:42:39.658Z,60.9,21.1,1.909,49.6,0,60,0,0,0,0,0,0,0,0,66
2025-09-27T21:42:40.655Z,60.9,21.1,1.909,50.4,0,60,0,0,0,0,0,0,0,0,66
2025-09-27T21:42:41.657Z,60.9,21.1,1.909,49.6,0,60,0,0,0,0,0,0,0,0,66
2025-09-27T21:42:42.656Z,60.9,21.1,1.909,50.4,0,60,0,0,0,0,0,0,0,0,66
2025-09-27T21:42:43.657Z,60.9,21.1,1.909,50.4,0,60,0,0,0,0,0,0,0,0,66
2025-09-27T21:42:44.656Z,60.9,21.1,1.909,49.6,0,60,0,0,0,0,0,0,0,0,66
2025-09-27T21:42:45.661Z,60.8,21.1,1.909,49.6,0,60,0,0,0,0,0,0,0,0,66
2025-09-27T21:42:46.666Z,60.8,21.1,1.909,49.6,0,60,0,0,0,0,0,0,0,0,66
2025-09-27T21:42:47.663Z,60.8,21.1,1.909,50.4,0,60,0,0,0,0,0,0,0,0,66
2025-09-27T21:42:48.667Z,60.8,21.1,1.909,49.6,0,60,0,0,0,0,0,0,0,0,66
2025-09-27T21:42:49.668Z,60.8,21.1,1.909,49.6,0,60,0,0,0,0,0,0,0,0,66
2025-09-27T21:42:50.673Z,60.8,21.1,1.909,50.4,0,60,0,0,0,0,0,0,0,0,66
2025-09-27T21:42:51.664Z,60.8,21.1,1.909,50.4,0,60,0,0,0,0,0,0,0,0,66
2025-09-27T21:42:52.666Z,60.8,21.1,1.909,49.6,0,60,0,0,0,0,0,0,0,0,66
2025-09-27T21:42:53.665Z,60.8,21.1,1.909,50.4,0,60,0,0,0,0,0,0,0,0,66
2025-09-27T21:42:54.669Z,60.8,21.1,1.909,49.6,0,60,0,0,0,0,0,0,0,0,66
2025-09-27T21:42:55.667Z,60.8,21.1,1.909,49.6,0,60,0,0,0,0,0,0,0,0,66
2025-09-27T21:42:56.667Z,60.8,21.1,1.909,50.4,0,60,0,0,0,0,0,0,0,0,66
2025-09-27T21:42:57.674Z,60.8,21.1,1.909,49.6,0,60,0,0,0,0,0,0,0,0,66
2025-09-27T21:42:58.672Z,60.8,21.1,1.909,50.4,0,60,0,0,0,0,0,0,0,0,66
2025-09-27T21:42:59.672Z,60.8,21.1,1.909,50.4,0,60,0,0,0,0,0,0,0,0,66
2025-09-27T21:43:00.675Z,60.8,21.1,1.909,49.6,0,60,0,0,0,0,0,0,0,0,66
2025-09-27T21:43:01.676Z,60.8,21.1,1.909,50.4,0,60,0,0,0,0,0,0,0,0,66
2025-09-27T21:43:02.678Z,60.8,21.1,1.909,49.6,0,60,0,0,0,0,0,0,0,0,66
2025-09-27T21:43:03.680Z,60.8,21.1,1.909,50.4,0,60,0,0,0,0,0,0,0,0,66
2025-09-27T21:43:04.678Z,60.8,21.1,1.909,49.6,0,60,0,0,0,0,0,0,0,0,66
2025-09-27T21:43:05.680Z,60.8,21.1,1.909,50.4,0,60,0,0,0,0,0,0,0,0,66
2025-09-27T21:43:06.679Z,60.8,21.1,1.909,49.6,0,60,0,0,0,0,0,0,0,0,66
2025-09-27T21:43:07.679Z,60.8,21.1,1.909,49.6,0,60,0,0,0,0,0,0,0,0,66
2025-09-27T21:43:08.678Z,60.8,21.1,1.909,50.4,0,60,0,0,0,0,0,0,0,0,66
2025-09-27T21:43:09.688Z,60.8,21.1,1.909,49.6,0,60,0,0,0,0,0,0,0,0,66
2025-09-27T21:43:10.685Z,60.8,21.1,1.909,49.6,0,60,0,0,0,0,0,0,0,0,66
2025-09-27T21:43:11.685Z,60.8,21.1,1.909,50.4,0,60,0,0,0,0,0,0,0,0,66
2025-09-27T21:43:12.686Z,60.8,21.1,1.909,50.4,0,60,0,0,0,0,0,0,0,0,66
2025-09-27T21:43:13.688Z,60.8,21.1,1.909,49.6,0,60,0,0,0,0,0,0,0,0,66
2025-09-27T21:43:14.689Z,60.8,21.1,1.909,50.4,0,60,0,0,0,0,0,0,0,0,66
2025-09-27T21:43:15.687Z,60.8,21.1,1.91,49.6,0,60,0,0,0,0,0,0,0,0,66
2025-09-27T21:43:16.690Z,60.7,21.1,1.909,50.4,0,60,0,0,0,0,0,0,0,0,66
2025-09-27T21:43:17.692Z,60.7,21.1,1.909,49.6,0,60,0,0,0,0,0,0,0,0,66
2025-09-27T21:43:18.690Z,60.7,21.1,1.909,49.6,0,60,0,0,0,0,0,0,0,0,66
2025-09-27T21:43:19.698Z,60.7,21.1,1.909,50.4,0,60,0,0,0,0,0,0,0,0,66
2025-09-27T21:43:20.701Z,60.7,21.1,1.911,49.6,0,60,0,0,0,0,0,0,0,0,66
2025-09-27T21:43:21.691Z,60.7,21.1,1.91,50.4,0,60,0,0,0,0,0,0,0,0,66
2025-09-27T21:43:22.693Z,60.7,21.1,1.909,50.4,0,60,0,0,0,0,0,0,0,0,66
2025-09-27T21:43:23.691Z,60.7,21.1,1.909,49.6,0,60,0,0,0,0,0,0,0,0,66
2025-09-27T21:43:24.693Z,60.7,21.1,1.91,50.4,0,60,0,0,0,0,0,0,0,0,66
2025-09-27T21:43:25.699Z,60.7,21.1,1.909,49.6,0,60,0,0,0,0,0,0,0,0,66
2025-09-27T21:43:26.691Z,60.7,21.1,1.91,50.4,0,60,0,0,0,0,0,0,0,0,66
2025-09-27T21:43:27.698Z,60.7,21.1,1.91,49.6,0,60.1,0,0,0,0,0,0,0,0,66
2025-09-27T21:43:28.698Z,60.7,21.1,1.91,50.4,0,60,0,0,0,0,0,0,0,0,66
2025-09-27T21:43:29.699Z,60.7,21.1,1.91,50.4,0,60.1,0,0,0,0,0,0,0,0,66
2025-09-27T21:43:30.699Z,60.7,21.1,1.91,49.6,0,60.1,0,0,0,0,0,0,0,0,66
2025-09-27T21:43:31.704Z,60.7,21.1,1.91,49.6,0,60.1,0,0,0,0,0,0,0,0,66
2025-09-27T21:43:32.699Z,60.7,21.1,1.91,49.6,0,60,0,0,0,0,0,0,0,0,66
2025-09-27T21:43:33.698Z,60.7,21.1,1.91,50.4,0,60,0,0,0,0,0,0,0,0,66
2025-09-27T21:43:34.705Z,60.7,21.1,1.91,49.6,0,60.1,0,0,0,0,0,0,0,0,66
2025-09-27T21:43:35.707Z,60.7,21.1,1.91,49.6,0,60.1,0,0,0,0,0,0,0,0,66
2025-09-27T21:43:36.709Z,60.7,21.1,1.911,50.4,0,60,0,0,0,0,0,0,0,0,66
2025-09-27T21:43:37.708Z,60.7,21.1,1.91,49.6,0,60.1,0,0,0,0,0,0,0,0,66
2025-09-27T21:43:38.710Z,60.7,21.1,1.91,50.4,0,60.1,0,0,0,0,0,0,0,0,66
2025-09-27T21:43:39.713Z,60.7,21.1,1.911,49.6,0,60.1,0,0,0,0,0,0,0,0,66
2025-09-27T21:43:40.711Z,60.7,21.1,1.91,49.6,0,60.1,0,0,0,0,0,0,0,0,66
2025-09-27T21:43:41.712Z,60.6,21.1,1.91,50.4,0,60.1,0,0,0,0,0,0,0,0,66
2025-09-27T21:43:42.711Z,60.6,21.1,1.91,50.4,0,60.1,0,0,0,0,0,0,0,0,66
2025-09-27T21:43:43.714Z,60.6,21.1,1.91,49.6,0,60.1,0,0,0,0,0,0,0,0,66
2025-09-27T21:43:44.716Z,60.6,21.1,1.911,50.4,0,60.1,0,0,0,0,0,0,0,0,66
2025-09-27T21:43:45.714Z,60.6,21.1,1.91,49.6,0,60.1,0,0,0,0,0,0,0,0,66
2025-09-27T21:43:46.717Z,60.6,21.1,1.911,50.4,0,60.1,0,0,0,0,0,0,0,0,66
2025-09-27T21:43:47.718Z,60.6,21.1,1.911,49.6,0,60.1,0,0,0,0,0,0,0,0,66
2025-09-27T21:43:48.722Z,60.6,21.1,1.911,50.4,0,60,0,0,0,0,0,0,0,0,66
2025-09-27T21:43:49.719Z,60.6,21.1,1.911,49.6,0,60.1,0,0,0,0,0,0,0,0,66
2025-09-27T21:43:50.718Z,60.6,21.1,1.911,49.6,0,60.1,0,0,0,0,0,0,0,0,66
2025-09-27T21:43:51.716Z,60.6,21.1,1.91,50.4,0,60.1,0,0,0,0,0,0,0,0,66
2025-09-27T21:43:52.721Z,60.6,21.1,1.911,49.6,0,60.1,0,0,0,0,0,0,0,0,66
2025-09-27T21:43:53.722Z,60.6,21.1,1.911,50.4,0,60.1,0,0,0,0,0,0,0,0,66
2025-09-27T21:43:54.723Z,60.6,21.1,1.911,49.6,0,60.1,0,0,0,0,0,0,0,0,66
2025-09-27T21:43:55.721Z,60.6,21.1,1.911,50.4,0,60.1,0,0,0,0,0,0,0,0,66
2025-09-27T21:43:56.725Z,60.6,21.1,1.911,49.6,0,60.1,0,0,0,0,0,0,0,0,66
2025-09-27T21:43:57.725Z,60.6,21.1,1.911,50.4,0,60.1,0,0,0,0,0,0,0,0,66
2025-09-27T21:43:58.726Z,60.6,21.1,1.911,49.6,0,60.1,0,0,0,0,0,0,0,0,66
2025-09-27T21:43:59.726Z,60.6,21.1,1.911,49.6,0,60.1,0,0,0,0,0,0,0,0,66
2025-09-27T21:44:00.730Z,60.6,21.1,1.911,50.4,0,60.1,0,0,0,0,0,0,0,0,66
2025-09-27T21:44:01.727Z,60.6,21.1,1.911,49.6,0,60.1,0,0,0,0,0,0,0,0,66
2025-09-27T21:44:02.726Z,60.6,21.1,1.911,50.4,0,60.1,0,0,0,0,0,0,0,0,66
2025-09-27T21:44:03.735Z,60.6,21.1,1.911,49.6,0,60.1,0,0,0,0,0,0,0,0,66
2025-09-27T21:44:04.731Z,60.6,21.1,1.911,49.6,0,60.1,0,0,0,0,0,0,0,0,66
2025-09-27T21:44:05.735Z,60.6,21.1,1.911,50.4,0,60.1,0,0,0,0,0,0,0,0,66
2025-09-27T21:44:06.736Z,60.6,21.1,1.911,49.6,0,60.1,0,0,0,0,0,0,0,0,66
2025-09-27T21:44:07.734Z,60.6,21.1,1.911,49.6,0,60.1,0,0,0,0,0,0,0,0,66
2025-09-27T21:44:08.737Z,60.5,21.1,1.911,50.4,0,60.1,0,0,0,0,0,0,0,0,66
2025-09-27T21:44:09.739Z,60.5,21.1,1.911,50.4,0,60.1,0,0,0,0,0,0,0,0,66
2025-09-27T21:44:10.737Z,60.5,21.1,1.911,49.6,0,60.1,0,0,0,0,0,0,0,0,66
2025-09-27T21:44:11.739Z,60.5,21.1,1.911,50.4,0,60.1,0,0,0,0,0,0,0,0,66
2025-09-27T21:44:12.739Z,60.5,21.1,1.911,49.6,0,60.1,0,0,0,0,0,0,0,0,66
2025-09-27T21:44:13.745Z,60.5,21.1,1.91,49.6,0,60.1,0,0,0,0,0,0,0,0,66
2025-09-27T21:44:14.741Z,60.5,21.1,1.911,50.4,0,60.1,0,0,0,0,0,0,0,0,66
2025-09-27T21:44:15.742Z,60.5,21.1,1.911,49.6,0,60.1,0,0,0,0,0,0,0,0,66
2025-09-27T21:44:16.744Z,60.5,21.1,1.911,49.6,0,60.1,0,0,0,0,0,0,0,0,66
2025-09-27T21:44:17.746Z,60.5,21.1,1.911,50.4,0,60.1,0,0,0,0,0,0,0,0,66
2025-09-27T21:44:18.746Z,60.5,21.1,1.91,50.4,0,60.1,0,0,0,0,0,0,0,0,66
2025-09-27T21:44:19.746Z,60.5,21.1,1.91,49.6,0,60.1,0,0,0,0,0,0,0,0,66
2025-09-27T21:44:20.748Z,60.5,21.1,1.91,50.4,0,60.1,0,0,0,0,0,0,0,0,66
2025-09-27T21:44:21.746Z,60.5,21.1,1.91,50.4,0,60.1,0,0,0,0,0,0,0,0,66
2025-09-27T21:44:22.744Z,60.5,21.1,1.911,49.6,0,60.1,0,0,0,0,0,0,0,0,66
2025-09-27T21:44:23.747Z,60.5,21.1,1.91,49.6,0,60.1,0,0,0,0,0,0,0,0,66
2025-09-27T21:44:24.751Z,60.5,21.1,1.91,49.6,0,60.1,0,0,0,0,0,0,0,0,66
2025-09-27T21:44:25.750Z,60.5,21.1,1.91,50.4,0,60.1,0,0,0,0,0,0,0,0,66
2025-09-27T21:44:26.747Z,60.5,21.1,1.911,50.4,0,60.1,0,0,0,0,0,0,0,0,66
2025-09-27T21:44:27.751Z,60.5,21.1,1.911,49.6,0,60.1,0,0,0,0,0,0,0,0,66
2025-09-27T21:44:28.758Z,60.5,21.1,1.91,50.4,0,60.1,0,0,0,0,0,0,0,0,66
2025-09-27T21:44:29.755Z,60.4,21.1,1.91,49.6,0,60.1,0,0,0,0,0,0,0,0,66
2025-09-27T21:44:30.753Z,60.4,21.1,1.91,50.4,0,60.1,0,0,0,0,0,0,0,0,66
2025-09-27T21:44:31.760Z,60.4,21.1,1.911,49.6,0,60.1,0,0,0,0,0,0,0,0,66
2025-09-27T21:44:32.756Z,60.4,21.1,1.911,49.6,0,60.1,0,0,0,0,0,0,0,0,66
2025-09-27T21:44:33.758Z,60.4,21.1,1.911,50.4,0,60.1,0,0,0,0,0,0,0,0,66
2025-09-27T21:44:34.760Z,60.4,21.1,1.911,50.4,0,60.1,0,0,0,0,0,0,0,0,66
2025-09-27T21:44:35.760Z,60.4,21.1,1.911,49.6,0,60.1,0,0,0,0,0,0,0,0,66
2025-09-27T21:44:36.761Z,60.4,21.1,1.911,49.6,0,60.1,0,0,0,0,0,0,0,0,66
2025-09-27T21:44:37.764Z,60.4,21.1,1.911,49.6,0,60.1,0,0,0,0,0,0,0,0,66
2025-09-27T21:44:38.764Z,60.4,21.1,1.911,50.4,0,60.1,0,0,0,0,0,0,0,0,66
2025-09-27T21:44:39.766Z,60.4,21.1,1.911,50.4,0,60.1,0,0,0,0,0,0,0,0,66
2025-09-27T21:44:40.763Z,60.4,21.1,1.911,49.6,0,60.1,0,0,0,0,0,0,0,0,66
2025-09-27T21:44:41.773Z,60.4,21.1,1.912,50.4,0,60.1,0,0,0,0,0,0,0,0,66
2025-09-27T21:44:42.769Z,60.4,21.1,1.911,49.6,0,60.1,0,0,0,0,0,0,0,0,66
2025-09-27T21:44:43.770Z,60.4,21.1,1.911,50.4,0,60.1,0,0,0,0,0,0,0,0,66
2025-09-27T21:44:44.777Z,60.4,21.1,1.912,49.6,0,60.1,0,0,0,0,0,0,0,0,66
2025-09-27T21:44:45.774Z,60.4,21.1,1.912,50.4,0,60.1,0,0,0,0,0,0,0,0,66
2025-09-27T21:44:46.772Z,60.4,21.1,1.911,49.6,0,60.1,0,0,0,0,0,0,0,0,66
2025-09-27T21:44:47.776Z,60.4,21.1,1.912,49.6,0,60.1,0,0,0,0,0,0,0,0,66
2025-09-27T21:44:48.774Z,60.4,21.1,1.912,50.4,0,60.1,0,0,0,0,0,0,0,0,66
2025-09-27T21:44:49.771Z,60.4,21.1,1.912,49.6,0,60.1,0,0,0,0,0,0,0,0,66
2025-09-27T21:44:50.776Z,60.4,21.1,1.912,49.6,0,60.1,0,0,0,0,0,0,0,0,66
2025-09-27T21:44:51.775Z,60.4,21.1,1.912,50.4,0,60.1,0,0,0,0,0,0,0,0,66
2025-09-27T21:44:52.775Z,60.3,21.1,1.912,49.6,0,60.1,0,0,0,0,0,0,0,0,66
2025-09-27T21:44:53.772Z,60.3,21.1,1.912,49.6,0,60.1,0,0,0,0,0,0,0,0,66
2025-09-27T21:44:54.775Z,60.3,21.1,1.912,50.4,0,60.1,0,0,0,0,0,0,0,0,66
2025-09-27T21:44:55.777Z,60.3,21.1,1.912,49.6,0,60.1,0,0,0,0,0,0,0,0,66
2025-09-27T21:44:56.780Z,60.3,21.1,1.912,49.6,0,60.1,0,0,0,0,0,0,0,0,66
2025-09-27T21:44:57.779Z,60.3,21.1,1.912,50.4,0,60.1,0,0,0,0,0,0,0,0,66
2025-09-27T21:44:58.777Z,60.3,21.1,1.912,50.4,0,60.1,0,0,0,0,0,0,0,0,66
2025-09-27T21:44:59.781Z,60.3,21.1,1.912,49.6,0,60.1,0,0,0,0,0,0,0,0,66
2025-09-27T21:45:00.783Z,60.3,21.1,1.912,50.4,0,60.1,0,0,0,0,0,0,0,0,66
2025-09-27T21:45:01.784Z,60.3,21.1,1.912,49.6,0,60.1,0,0,0,0,0,0,0,0,66
2025-09-27T21:45:02.783Z,60.3,21.1,1.912,49.6,0,60.1,0,0,0,0,0,0,0,0,66
2025-09-27T21:45:03.788Z,60.3,21.1,1.912,50.4,0,60.1,0,0,0,0,0,0,0,0,66
2025-09-27T21:45:04.789Z,60.3,21.1,1.912,49.6,0,60.1,0,0,0,0,0,0,0,0,66
2025-09-27T21:45:05.784Z,60.3,21.1,1.912,49.6,0,60.1,0,0,0,0,0,0,0,0,66
2025-09-27T21:45:06.790Z,60.3,21.1,1.912,50.4,0,60.1,0,0,0,0,0,0,0,0,66
2025-09-27T21:45:07.789Z,60.3,21.1,1.912,50.4,0,60.1,0,0,0,0,0,0,0,0,66
2025-09-27T21:45:08.797Z,60.3,21.1,1.912,49.6,0,60.1,0,0,0,0,0,0,0,0,66
2025-09-27T21:45:09.793Z,60.3,21.1,1.912,50.4,0,60.1,0,0,0,0,0,0,0,0,66
2025-09-27T21:45:10.788Z,60.3,21.1,1.912,50.4,0,60.1,0,0,0,0,0,0,0,0,66
2025-09-27T21:45:11.794Z,60.3,21.1,1.912,49.6,0,60.1,0,0,0,0,0,0,0,0,66
2025-09-27T21:45:12.793Z,60.3,21.1,1.912,50.4,0,60.1,0,0,0,0,0,0,0,0,66
2025-09-27T21:45:13.794Z,60.3,21.1,1.912,49.6,0,60.1,0,0,0,0,0,0,0,0,66
2025-09-27T21:45:14.803Z,60.2,21.1,1.912,49.6,0,60.1,0,0,0,0,0,0,0,0,66
2025-09-27T21:45:15.800Z,60.2,21.1,1.912,50.4,0,60.1,0,0,0,0,0,0,0,0,66
2025-09-27T21:45:16.799Z,60.2,21.1,1.912,49.6,0,60.1,0,0,0,0,0,0,0,0,66
2025-09-27T21:45:17.806Z,60.2,21.1,1.912,50.4,0,60.1,0,0,0,0,0,0,0,0,66
2025-09-27T21:45:18.797Z,60.2,21.1,1.912,50.4,0,60.1,0,0,0,0,0,0,0,0,66
2025-09-27T21:45:19.805Z,60.2,21.1,1.912,49.6,0,60.1,0,0,0,0,0,0,0,0,66
2025-09-27T21:45:20.802Z,60.2,21.1,1.912,50.4,0,60.1,0,0,0,0,0,0,0,0,66
2025-09-27T21:45:21.804Z,60.2,21.1,1.912,49.6,0,60.1,0,0,0,0,0,0,0,0,66
2025-09-27T21:45:22.802Z,60.2,21.1,1.912,49.6,0,60.1,0,0,0,0,0,0,0,0,66
2025-09-27T21:45:23.805Z,60.2,21.1,1.912,50.4,0,60.1,0,0,0,0,0,0,0,0,66
2025-09-27T21:45:24.805Z,60.2,21.1,1.912,49.6,0,60.1,0,0,0,0,0,0,0,0,66
2025-09-27T21:45:25.809Z,60.2,21.1,1.912,49.6,0,60.1,0,0,0,0,0,0,0,0,66
2025-09-27T21:45:26.809Z,60.2,21.1,1.912,50.4,0,60.1,0,0,0,0,0,0,0,0,66
2025-09-27T21:45:27.809Z,60.2,21.1,1.912,49.6,0,60.1,0,0,0,0,0,0,0,0,66
2025-09-27T21:45:28.809Z,60.2,21.1,1.912,49.6,0,60.1,0,0,0,0,0,0,0,0,66
2025-09-27T21:45:29.810Z,60.2,21.1,1.912,50.4,0,60.1,0,0,0,0,0,0,0,0,66
2025-09-27T21:45:30.808Z,60.2,21.1,1.912,50.4,0,60.1,0,0,0,0,0,0,0,0,66
2025-09-27T21:45:31.814Z,60.2,21.1,1.912,49.6,0,60.1,0,0,0,0,0,0,0,0,66
2025-09-27T21:45:32.821Z,60.2,21.1,1.912,50.4,0,60.1,0,0,0,0,0,0,0,0,66
2025-09-27T21:45:33.811Z,60.2,21.1,1.912,49.6,0,60.1,0,0,0,0,0,0,0,0,66
2025-09-27T21:45:34.815Z,60.2,21.1,1.913,49.6,0,60.1,0,0,0,0,0,0,0,0,66
2025-09-27T21:45:35.816Z,60.2,21.1,1.912,50.4,0,60.1,0,0,0,0,0,0,0,0,66
2025-09-27T21:45:36.816Z,60.2,21.1,1.912,49.6,0,60.1,0,0,0,0,0,0,0,0,66
2025-09-27T21:45:37.823Z,60.2,21.1,1.912,49.6,0,60.1,0,0,0,0,0,0,0,0,66
2025-09-27T21:45:38.821Z,60.2,21.1,1.913,50.4,0,60.1,0,0,0,0,0,0,0,0,66
2025-09-27T21:45:39.820Z,60.1,21.1,1.912,49.6,0,60.1,0,0,0,0,0,0,0,0,66
2025-09-27T21:45:40.824Z,60.1,21.1,1.913,50.4,0,60.1,0,0,0,0,0,0,0,0,66
2025-09-27T21:45:41.823Z,60.1,21.1,1.913,50.4,0,60.1,0,0,0,0,0,0,0,0,66
2025-09-27T21:45:42.825Z,60.1,21.1,1.913,49.6,0,60.1,0,0,0,0,0,0,0,0,66
2025-09-27T21:45:43.826Z,60.1,21.1,1.913,50.4,0,60.1,0,0,0,0,0,0,0,0,66
2025-09-27T21:45:44.827Z,60.1,21.1,1.913,50.4,0,60.1,0,0,0,0,0,0,0,0,66
2025-09-27T21:45:45.834Z,60.1,21.1,1.912,49.6,0,60.1,0,0,0,0,0,0,0,0,66
2025-09-27T21:45:46.826Z,60.1,21.1,1.913,50.4,0,60.1,0,0,0,0,0,0,0,0,66
2025-09-27T21:45:47.829Z,60.1,21.1,1.913,49.6,0,60.1,0,0,0,0,0,0,0,0,66
2025-09-27T21:45:48.832Z,60.1,21.1,1.913,50.4,0,60.1,0,0,0,0,0,0,0,0,66
2025-09-27T21:45:49.834Z,60.1,21.1,1.913,49.6,0,60.1,0,0,0,0,0,0,0,0,66
2025-09-27T21:45:50.838Z,60.1,21.1,1.912,50.4,0,60.1,0,0,0,0,0,0,0,0,66
2025-09-27T21:45:51.834Z,60.1,21.1,1.913,50.4,0,60.1,0,0,0,0,0,0,0,0,66
2025-09-27T21:45:52.833Z,60.1,21.1,1.914,49.6,0,60.1,0,0,0,0,0,0,0,0,66
2025-09-27T21:45:53.831Z,60.1,21.1,1.913,49.6,0,60.1,0,0,0,0,0,0,0,0,66
2025-09-27T21:45:54.836Z,60.1,21.1,1.913,49.6,0,60.1,0,0,0,0,0,0,0,0,66
2025-09-27T21:45:55.841Z,60.1,21.1,1.913,50.4,0,60.1,0,0,0,0,0,0,0,0,66
2025-09-27T21:45:56.840Z,60.1,21.1,1.913,50.4,0,60.1,0,0,0,0,0,0,0,0,66
2025-09-27T21:45:57.838Z,60.1,21.1,1.914,49.6,0,60.1,0,0,0,0,0,0,0,0,66
2025-09-27T21:45:58.839Z,60.1,21.1,1.914,50.4,0,60.1,0,0,0,0,0,0,0,0,66
2025-09-27T21:45:59.840Z,60.1,21.1,1.913,49.6,0,60.1,0,0,0,0,0,0,0,0,66
2025-09-27T21:46:00.845Z,60.1,21.1,1.913,50.4,0,60.1,0,0,0,0,0,0,0,0,66
2025-09-27T21:46:01.844Z,60,21.1,1.913,49.6,0,60.1,0,0,0,0,0,0,0,0,66
2025-09-27T21:46:02.842Z,60.1,21.1,1.914,49.6,0,60.1,0,0,0,0,0,0,0,0,66
2025-09-27T21:46:03.848Z,60,21.1,1.913,50.4,0,60.1,0,0,0,0,0,0,0,0,66
2025-09-27T21:46:04.848Z,60,21.1,1.913,49.6,0,60.1,0,0,0,0,0,0,0,0,66
2025-09-27T21:46:05.843Z,60,21.1,1.914,50.4,0,60.1,0,0,0,0,0,0,0,0,66
2025-09-27T21:46:06.846Z,60,21.1,1.913,49.6,0,60.1,0,0,0,0,0,0,0,0,66
2025-09-27T21:46:07.849Z,60,21.1,1.913,50.4,0,60.1,0,0,0,0,0,0,0,0,66
2025-09-27T21:46:08.850Z,60,21.1,1.913,50.4,0,60.1,0,0,0,0,0,0,0,0,66
2025-09-27T21:46:09.848Z,60,21.1,1.913,49.6,0,60.1,0,0,0,0,0,0,0,0,66
2025-09-27T21:46:10.858Z,60,21.1,1.913,50.4,0,60.1,0,0,0,0,0,0,0,0,66
2025-09-27T21:46:11.850Z,60,21.1,1.913,49.6,0,60.1,0,0,0,0,0,0,0,0,66
2025-09-27T21:46:12.858Z,60,21.1,1.913,50.4,0,60.1,0,0,0,0,0,0,0,0,66
2025-09-27T21:46:13.853Z,60,21.1,1.913,49.6,0,60.1,0,0,0,0,0,0,0,0,66
2025-09-27T21:46:14.857Z,60,21.1,1.913,50.4,0,60.1,0,0,0,0,0,0,0,0,66
2025-09-27T21:46:15.855Z,60,21.1,1.913,49.6,0,60.1,0,0,0,0,0,0,0,0,66
2025-09-27T21:46:16.856Z,60,21.1,1.913,50.4,0,60.1,0,0,0,0,0,0,0,0,66
2025-09-27T21:46:17.859Z,60,21.1,1.913,49.6,0,60.1,0,0,0,0,0,0,0,0,66
2025-09-27T21:46:18.857Z,60,21.1,1.913,50.4,0,60.1,0,0,0,0,0,0,0,0,66
2025-09-27T21:46:19.860Z,60,21.1,1.913,49.6,0,60.1,0,0,0,0,0,0,0,0,66
2025-09-27T21:46:20.860Z,60,21.1,1.913,49.6,0,60.1,0,0,0,0,0,0,0,0,66
2025-09-27T21:46:21.857Z,60,21.1,1.913,50.4,0,60.1,0,0,0,0,0,0,0,0,66
2025-09-27T21:46:22.862Z,60,21.1,1.913,49.6,0,60.1,0,0,0,0,0,0,0,0,66
2025-09-27T21:46:23.861Z,60,21.1,1.913,50.4,0,60.1,0,0,0,0,0,0,0,0,66
2025-09-27T21:46:24.864Z,59.9,21.1,1.913,49.6,0,60.1,0,0,0,0,0,0,0,0,66
2025-09-27T21:46:25.865Z,59.9,21.1,1.913,50.4,0,60.1,0,0,0,0,0,0,0,0,66
2025-09-27T21:46:26.863Z,59.9,21.1,1.913,49.6,0,60.1,0,0,0,0,0,0,0,0,66
2025-09-27T21:46:27.861Z,59.9,21.1,1.913,49.6,0,60.1,0,0,0,0,0,0,0,0,66
2025-09-27T21:46:28.866Z,59.9,21.1,1.913,50.4,0,60.1,0,0,0,0,0,0,0,0,66
2025-09-27T21:46:29.869Z,59.9,21.1,1.913,49.6,0,60.1,0,0,0,0,0,0,0,0,66
2025-09-27T21:46:30.867Z,59.9,21.1,1.913,50.4,0,60.1,0,0,0,0,0,0,0,0,66
2025-09-27T21:46:31.872Z,59.9,21.1,1.913,49.6,0,60.1,0,0,0,0,0,0,0,0,66
2025-09-27T21:46:32.866Z,59.9,21.1,1.913,49.6,0,60.1,0,0,0,0,0,0,0,0,66
2025-09-27T21:46:33.871Z,59.9,21.1,1.913,50.4,0,60.1,0,0,0,0,0,0,0,0,66
2025-09-27T21:46:34.876Z,59.9,21.1,1.913,49.6,0,60.1,0,0,0,0,0,0,0,0,66
2025-09-27T21:46:35.882Z,59.9,21.1,1.914,50.4,0,60.1,0,0,0,0,0,0,0,0,66
2025-09-27T21:46:36.873Z,59.9,21.1,1.914,49.6,0,60.1,0,0,0,0,0,0,0,0,66
2025-09-27T21:46:37.875Z,59.9,21.1,1.913,49.6,0,60.1,0,0,0,0,0,0,0,0,66
2025-09-27T21:46:38.873Z,59.9,21.1,1.913,50.4,0,60.1,0,0,0,0,0,0,0,0,66
2025-09-27T21:46:39.880Z,59.9,21.1,1.914,49.6,0,60.1,0,0,0,0,0,0,0,0,66
2025-09-27T21:46:40.881Z,59.9,21.1,1.914,50.4,0,60.1,0,0,0,0,0,0,0,0,66
2025-09-27T21:46:41.877Z,59.9,21.1,1.913,49.6,0,60.1,0,0,0,0,0,0,0,0,66
2025-09-27T21:46:42.880Z,59.9,21.1,1.913,49.6,0,60.1,0,0,0,0,0,0,0,0,66
2025-09-27T21:46:43.878Z,59.9,21.1,1.913,50.4,0,60.1,0,0,0,0,0,0,0,0,66
2025-09-27T21:46:44.881Z,59.9,21.1,1.913,49.6,0,60.1,0,0,0,0,0,0,0,0,66
2025-09-27T21:46:45.888Z,59.9,21.1,1.915,49.6,0,60.1,0,0,0,0,0,0,0,0,66
2025-09-27T21:46:46.884Z,59.9,21.1,1.913,50.4,0,60.1,0,0,0,0,0,0,0,0,66
2025-09-27T21:46:47.887Z,59.8,21.1,1.914,49.6,0,60.1,0,0,0,0,0,0,0,0,66
2025-09-27T21:46:48.885Z,59.9,21.1,1.914,50.4,0,60.1,0,0,0,0,0,0,0,0,66
2025-09-27T21:46:49.885Z,59.8,21.1,1.913,50.4,0,60.1,0,0,0,0,0,0,0,0,66
2025-09-27T21:46:50.882Z,59.8,21.1,1.914,49.6,0,60.1,0,0,0,0,0,0,0,0,66
2025-09-27T21:46:51.885Z,59.8,21.1,1.913,50.4,0,60.1,0,0,0,0,0,0,0,0,66
2025-09-27T21:46:52.886Z,59.8,21.1,1.914,49.6,0,60.1,0,0,0,0,0,0,0,0,66
2025-09-27T21:46:53.884Z,59.8,21.1,1.914,49.6,0,60.1,0,0,0,0,0,0,0,0,66
2025-09-27T21:46:54.890Z,59.8,21.1,1.915,50.4,0,60.1,0,0,0,0,0,0,0,0,66
2025-09-27T21:46:55.892Z,59.8,21.1,1.915,49.6,0,60.1,0,0,0,0,0,0,0,0,66
2025-09-27T21:46:56.889Z,59.8,21.1,1.915,49.6,0,60.1,0,0,0,0,0,0,0,0,66
2025-09-27T21:46:57.890Z,59.8,21.1,1.915,50.4,0,60.1,0,0,0,0,0,0,0,0,66
2025-09-27T21:46:58.890Z,59.8,21.1,1.915,49.6,0,60.1,0,0,0,0,0,0,0,0,66
2025-09-27T21:46:59.893Z,59.8,21.1,1.915,49.6,0,60.1,0,0,0,0,0,0,0,0,66
2025-09-27T21:47:00.897Z,59.8,21.1,1.915,50.4,0,60.1,0,0,0,0,0,0,0,0,66
2025-09-27T21:47:01.895Z,59.8,21.1,1.915,49.6,0,60.1,0,0,0,0,0,0,0,0,66
2025-09-27T21:47:02.895Z,59.8,21.1,1.915,50.4,0,60.1,0,0,0,0,0,0,0,0,66
2025-09-27T21:47:03.907Z,59.8,21.1,1.914,50.4,0,60.1,0,0,0,0,0,0,0,0,66
2025-09-27T21:47:04.901Z,59.8,21.1,1.915,49.6,0,60.1,0,0,0,0,0,0,0,0,66
2025-09-27T21:47:05.902Z,59.8,21.1,1.915,50.4,0,60.1,0,0,0,0,0,0,0,0,66
2025-09-27T21:47:06.900Z,59.8,21.1,1.915,50.4,0,60.1,0,0,0,0,0,0,0,0,66
2025-09-27T21:47:07.900Z,59.8,21.1,1.915,49.6,0,60.1,0,0,0,0,0,0,0,0,66
2025-09-27T21:47:08.903Z,59.8,21.1,1.915,50.4,0,60.1,0,0,0,0,0,0,0,0,66
2025-09-27T21:47:09.905Z,59.8,21.1,1.915,49.6,0,60.1,0,0,0,0,0,0,0,0,66
2025-09-27T21:47:10.904Z,59.8,21.1,1.915,50.4,0,60.1,0,0,0,0,0,0,0,0,66
2025-09-27T21:47:11.908Z,59.8,21.1,1.915,49.6,0,60.1,0,0,0,0,0,0,0,0,66
2025-09-27T21:47:12.906Z,59.8,21.1,1.915,50.4,0,60.1,0,0,0,0,0,0,0,0,66
2025-09-27T21:47:13.912Z,59.8,21.1,1.915,50.4,0,60.1,0,0,0,0,0,0,0,0,66
2025-09-27T21:47:14.911Z,59.8,21.1,1.915,49.6,0,60.1,0,0,0,0,0,0,0,0,66
2025-09-27T21:47:15.912Z,59.8,21.1,1.915,49.6,0,60.1,0,0,0,0,0,0,0,0,66
2025-09-27T21:47:16.912Z,59.8,21.1,1.915,49.6,0,60.1,0,0,0,0,0,0,0,0,66
2025-09-27T21:47:17.912Z,59.7,21.1,1.915,50.4,0,60.1,0,0,0,0,0,0,0,0,66
2025-09-27T21:47:18.914Z,59.7,21.1,1.915,49.6,0,60.1,0,0,0,0,0,0,0,0,66
2025-09-27T21:47:19.916Z,59.7,21.1,1.915,49.6,0,60.1,0,0,0,0,0,0,0,0,66
2025-09-27T21:47:20.922Z,59.7,21.1,1.915,50.4,0,60.1,0,0,0,0,0,0,0,0,66
2025-09-27T21:47:21.912Z,59.7,21.1,1.915,49.6,0,60.1,0,0,0,0,0,0,0,0,66
2025-09-27T21:47:22.912Z,59.7,21.1,1.915,50.4,0,60.1,0,0,0,0,0,0,0,0,66
2025-09-27T21:47:23.914Z,59.7,21.1,1.915,50.4,0,60.1,0,0,0,0,0,0,0,0,66
2025-09-27T21:47:24.915Z,59.7,21.1,1.915,49.6,0,60.1,0,0,0,0,0,0,0,0,66
2025-09-27T21:47:25.917Z,59.7,21.1,1.915,50.4,0,60.1,0,0,0,0,0,0,0,0,66
2025-09-27T21:47:26.921Z,59.7,21.1,1.915,49.6,0,60.1,0,0,0,0,0,0,0,0,66
2025-09-27T21:47:27.917Z,59.7,21.1,1.915,50.4,0,60.1,0,0,0,0,0,0,0,0,66
2025-09-27T21:47:28.918Z,59.7,21.1,1.915,49.6,0,60.1,0,0,0,0,0,0,0,0,66
2025-09-27T21:47:29.924Z,59.7,21.1,1.915,50.4,0,60.1,0,0,0,0,0,0,0,0,66
2025-09-27T21:47:30.926Z,59.7,21.1,1.915,50.4,0,60.1,0,0,0,0,0,0,0,0,66
2025-09-27T21:47:31.929Z,59.7,21.1,1.915,49.6,0,60.1,0,0,0,0,0,0,0,0,66
2025-09-27T21:47:32.924Z,59.7,21.1,1.915,49.6,0,60.1,0,0,0,0,0,0,0,0,66
2025-09-27T21:47:33.927Z,59.7,21.1,1.915,49.6,0,60.1,0,0,0,0,0,0,0,0,66
2025-09-27T21:47:34.925Z,59.7,21.1,1.915,50.4,0,60.1,0,0,0,0,0,0,0,0,66
2025-09-27T21:47:35.927Z,59.7,21.1,1.915,49.6,0,60.1,0,0,0,0,0,0,0,0,66
2025-09-27T21:47:36.934Z,59.7,21.1,1.915,49.6,0,60.1,0,0,0,0,0,0,0,0,66
2025-09-27T21:47:37.933Z,59.7,21.1,1.915,50.4,0,60.1,0,0,0,0,0,0,0,0,66
2025-09-27T21:47:38.928Z,59.7,21.1,1.915,49.6,0,60.1,0,0,0,0,0,0,0,0,66
2025-09-27T21:47:39.931Z,59.7,21.1,1.915,49.6,0,60.1,0,0,0,0,0,0,0,0,66
2025-09-27T21:47:40.930Z,59.7,21.1,1.915,50.4,0,60.1,0,0,0,0,0,0,0,0,66
2025-09-27T21:47:41.934Z,59.7,21.1,1.915,49.6,0,60.1,0,0,0,0,0,0,0,0,66
2025-09-27T21:47:42.932Z,59.7,21.1,1.915,49.6,0,60.1,0,0,0,0,0,0,0,0,66
2025-09-27T21:47:43.938Z,59.7,21.1,1.915,50.4,0,60.1,0,0,0,0,0,0,0,0,66
2025-09-27T21:47:44.938Z,59.6,21.1,1.915,49.6,0,60.1,0,0,0,0,0,0,0,0,66
2025-09-27T21:47:45.945Z,59.6,21.1,1.915,49.6,0,60.1,0,0,0,0,0,0,0,0,66
2025-09-27T21:47:46.941Z,59.7,21.1,1.915,50.4,0,60.1,0,0,0,0,0,0,0,0,66
2025-09-27T21:47:47.938Z,59.6,21.1,1.915,50.4,0,60.1,0,0,0,0,0,0,0,0,66
2025-09-27T21:47:48.940Z,59.6,21.1,1.915,49.6,0,60.1,0,0,0,0,0,0,0,0,66
2025-09-27T21:47:49.943Z,59.6,21.1,1.915,50.4,0,60.1,0,0,0,0,0,0,0,0,66
2025-09-27T21:47:50.943Z,59.6,21.1,1.915,49.6,0,60.1,0,0,0,0,0,0,0,0,66
2025-09-27T21:47:51.942Z,59.6,21.1,1.915,49.6,0,60.1,0,0,0,0,0,0,0,0,66
2025-09-27T21:47:52.943Z,59.6,21.1,1.915,50.4,0,60.1,0,0,0,0,0,0,0,0,66
2025-09-27T21:47:53.944Z,59.6,21.1,1.915,50.4,0,60.1,0,0,0,0,0,0,0,0,66
2025-09-27T21:47:54.940Z,59.6,21.1,1.915,49.6,0,60.1,0,0,0,0,0,0,0,0,66
2025-09-27T21:47:55.945Z,59.6,21.1,1.915,50.4,0,60.1,0,0,0,0,0,0,0,0,66
2025-09-27T21:47:56.949Z,59.6,21.1,1.915,49.6,0,60.1,0,0,0,0,0,0,0,0,66
2025-09-27T21:47:57.945Z,59.6,21.1,1.915,50.4,0,60.1,0,0,0,0,0,0,0,0,66
2025-09-27T21:47:58.948Z,59.6,21.1,1.915,50.4,0,60.1,0,0,0,0,0,0,0,0,66
2025-09-27T21:47:59.948Z,59.6,21.1,1.915,49.6,0,60.1,0,0,0,0,0,0,0,0,66
2025-09-27T21:48:00.950Z,59.6,21.1,1.915,50.4,0,60.1,0,0,0,0,0,0,0,0,66
2025-09-27T21:48:01.952Z,59.6,21.1,1.915,49.6,0,60.1,0,0,0,0,0,0,0,0,66
2025-09-27T21:48:02.950Z,59.6,21.1,1.915,50.4,0,60.1,0,0,0,0,0,0,0,0,66
2025-09-27T21:48:03.958Z,59.6,21.1,1.915,49.6,0,60.1,0,0,0,0,0,0,0,0,66
2025-09-27T21:48:04.957Z,59.6,21.1,1.915,50.4,0,60.1,0,0,0,0,0,0,0,0,66
2025-09-27T21:48:05.958Z,59.6,21.1,1.915,49.6,0,60.1,0,0,0,0,0,0,0,0,66
2025-09-27T21:48:06.955Z,59.6,21.1,1.915,50.4,0,60.1,0,0,0,0,0,0,0,0,66
2025-09-27T21:48:07.958Z,59.6,21.1,1.915,49.6,0,60.1,0,0,0,0,0,0,0,0,66
2025-09-27T21:48:08.961Z,59.6,21.1,1.915,49.6,0,60.1,0,0,0,0,0,0,0,0,66
2025-09-27T21:48:09.959Z,59.6,21.1,1.915,50.4,0,60.1,0,0,0,0,0,0,0,0,66
2025-09-27T21:48:10.955Z,59.6,21.1,1.915,49.6,0,60.1,0,0,0,0,0,0,0,0,66
2025-09-27T21:48:11.961Z,59.5,21.1,1.915,50.4,0,60.1,0,0,0,0,0,0,0,0,66
2025-09-27T21:48:12.963Z,59.5,21.1,1.915,49.6,0,60.1,0,0,0,0,0,0,0,0,66
2025-09-27T21:48:13.961Z,59.5,21.1,1.915,50.4,0,60.1,0,0,0,0,0,0,0,0,66
2025-09-27T21:48:14.965Z,59.5,21.1,1.915,49.6,0,60.1,0,0,0,0,0,0,0,0,66
2025-09-27T21:48:15.966Z,59.5,21.1,1.915,49.6,0,60.1,0,0,0,0,0,0,0,0,66
2025-09-27T21:48:16.968Z,59.5,21.1,1.915,50.4,0,60.1,0,0,0,0,0,0,0,0,66
2025-09-27T21:48:17.968Z,59.5,21.1,1.915,49.6,0,60.1,0,0,0,0,0,0,0,0,66
2025-09-27T21:48:18.968Z,59.5,21.1,1.915,49.6,0,60.1,0,0,0,0,0,0,0,0,66
2025-09-27T21:48:19.971Z,59.5,21.1,1.915,50.4,0,60.1,0,0,0,0,0,0,0,0,66
2025-09-27T21:48:20.973Z,59.5,21.1,1.915,49.6,0,60.1,0,0,0,0,0,0,0,0,66
2025-09-27T21:48:21.970Z,59.5,21.1,1.915,49.6,0,60.1,0,0,0,0,0,0,0,0,66
2025-09-27T21:48:22.969Z,59.5,21.1,1.915,50.4,0,60.1,0,0,0,0,0,0,0,0,66
2025-09-27T21:48:23.971Z,59.5,21.1,1.916,49.6,0,60.1,0,0,0,0,0,0,0,0,66
2025-09-27T21:48:24.974Z,59.5,21.1,1.915,49.6,0,60.1,0,0,0,0,0,0,0,0,66
2025-09-27T21:48:25.974Z,59.5,21.1,1.915,50.4,0,60.1,0,0,0,0,0,0,0,0,66
2025-09-27T21:48:26.974Z,59.5,21.1,1.916,50.4,0,60.1,0,0,0,0,0,0,0,0,66
2025-09-27T21:48:27.974Z,59.5,21.1,1.916,49.6,0,60.1,0,0,0,0,0,0,0,0,66
2025-09-27T21:48:28.978Z,59.5,21.1,1.915,50.4,0,60.1,0,0,0,0,0,0,0,0,66
2025-09-27T21:48:29.981Z,59.5,21.1,1.916,50.4,0,60.1,0,0,0,0,0,0,0,0,66
2025-09-27T21:48:30.977Z,59.5,21.1,1.916,49.6,0,60.1,0,0,0,0,0,0,0,0,66
2025-09-27T21:48:31.981Z,59.5,21.1,1.916,50.4,0,60.1,0,0,0,0,0,0,0,0,66
2025-09-27T21:48:32.980Z,59.5,21.1,1.916,49.6,0,60.1,0,0,0,0,0,0,0,0,66
2025-09-27T21:48:33.982Z,59.5,21.1,1.916,50.4,0,60.1,0,0,0,0,0,0,0,0,66
2025-09-27T21:48:34.980Z,59.5,21.1,1.916,50.4,0,60.1,0,0,0,0,0,0,0,0,66
2025-09-27T21:48:35.982Z,59.5,21.1,1.916,49.6,0,60.1,0,0,0,0,0,0,0,0,66
2025-09-27T21:48:36.984Z,59.5,21.1,1.916,50.4,0,60.1,0,0,0,0,0,0,0,0,66
2025-09-27T21:48:37.988Z,59.5,21.1,1.916,49.6,0,60.1,0,0,0,0,0,0,0,0,66
2025-09-27T21:48:38.985Z,59.5,21.1,1.916,50.4,0,60.1,0,0,0,0,0,0,0,0,66
2025-09-27T21:48:39.987Z,59.5,21.1,1.916,49.6,0,60.1,0,0,0,0,0,0,0,0,66
2025-09-27T21:48:40.993Z,59.5,21.1,1.916,49.6,0,60.1,0,0,0,0,0,0,0,0,66
2025-09-27T21:48:41.994Z,59.5,21.1,1.916,50.4,0,60.1,0,0,0,0,0,0,0,0,66
2025-09-27T21:48:42.990Z,59.5,21.1,1.916,49.6,0,60.1,0,0,0,0,0,0,0,0,66
2025-09-27T21:48:43.992Z,59.5,21.1,1.916,50.4,0,60.1,0,0,0,0,0,0,0,0,66
2025-09-27T21:48:44.992Z,59.5,21.1,1.916,50.4,0,60.1,0,0,0,0,0,0,0,0,66
2025-09-27T21:48:45.994Z,59.5,21.1,1.916,49.6,0,60.1,0,0,0,0,0,0,0,0,66
2025-09-27T21:48:46.997Z,59.5,21.1,1.916,50.4,0,60.1,0,0,0,0,0,0,0,0,66
2025-09-27T21:48:47.995Z,59.5,21.1,1.916,49.6,0,60.1,0,0,0,0,0,0,0,0,66
2025-09-27T21:48:49.002Z,59.5,21.1,1.916,50.4,0,60.1,0,0,0,0,0,0,0,0,66
2025-09-27T21:48:49.997Z,59.5,21.1,1.916,49.6,0,60.1,0,0,0,0,0,0,0,0,66
2025-09-27T21:48:51.006Z,59.5,21.1,1.915,50.4,0,60.1,0,0,0,0,0,0,0,0,66
2025-09-27T21:48:51.994Z,59.5,21.1,1.916,49.6,0,60.1,0,0,0,0,0,0,0,0,66
2025-09-27T21:48:53.003Z,59.5,21.1,1.916,49.6,0,60.1,0,0,0,0,0,0,0,0,66
2025-09-27T21:48:53.995Z,59.5,21.1,1.916,50.4,0,60.1,0,0,0,0,0,0,0,0,66
2025-09-27T21:48:54.998Z,59.5,21.1,1.916,49.6,0,60.1,0,0,0,0,0,0,0,0,66
2025-09-27T21:48:55.999Z,59.5,21.1,1.916,50.4,0,60.1,0,0,0,0,0,0,0,0,66
2025-09-27T21:48:57.007Z,59.5,21.1,1.917,49.6,0,60.1,0,0,0,0,0,0,0,0,66
2025-09-27T21:48:58.009Z,59.5,21.1,1.917,50.4,0,60.1,0,0,0,0,0,0,0,0,66
2025-09-27T21:48:59.003Z,59.5,21.1,1.916,49.6,0,60.1,0,0,0,0,0,0,0,0,66
2025-09-27T21:49:00.010Z,59.5,21.1,1.916,50.4,0,60.1,0,0,0,0,0,0,0,0,66
2025-09-27T21:49:01.010Z,59.5,21.1,1.916,49.6,0,60.1,0,0,0,0,0,0,0,0,66
2025-09-27T21:49:02.005Z,59.5,21.1,1.917,49.6,0,60.1,0,0,0,0,0,0,0,0,66
2025-09-27T21:49:03.011Z,59.4,21.1,1.917,50.4,0,60.1,0,0,0,0,0,0,0,0,66
2025-09-27T21:49:04.020Z,59.4,21.1,1.916,49.6,0,60.1,0,0,0,0,0,0,0,0,66
2025-09-27T21:49:05.007Z,59.4,21.1,1.916,50.4,0,60.1,0,0,0,0,0,0,0,0,66
2025-09-27T21:49:06.010Z,59.4,21.1,1.916,49.6,0,60.1,0,0,0,0,0,0,0,0,66
2025-09-27T21:49:07.013Z,59.4,21.1,1.917,49.6,0,60.1,0,0,0,0,0,0,0,0,66
2025-09-27T21:49:08.016Z,59.4,21.1,1.917,50.4,0,60.1,0,0,0,0,0,0,0,0,66
2025-09-27T21:49:09.015Z,59.4,21.1,1.916,49.6,0,60.1,0,0,0,0,0,0,0,0,66
2025-09-27T21:49:10.015Z,59.4,21.1,1.917,50.4,0,60.1,0,0,0,0,0,0,0,0,66
2025-09-27T21:49:11.022Z,59.4,21.1,1.917,49.6,0,60.1,0,0,0,0,0,0,0,0,66
2025-09-27T21:49:12.017Z,59.4,21.1,1.917,49.6,0,60.1,0,0,0,0,0,0,0,0,66
2025-09-27T21:49:13.020Z,59.4,21.1,1.917,50.4,0,60.1,0,0,0,0,0,0,0,0,66
2025-09-27T21:49:14.021Z,59.4,21.1,1.917,49.6,0,60.1,0,0,0,0,0,0,0,0,66
2025-09-27T21:49:15.023Z,59.4,21.1,1.916,49.6,0,60.1,0,0,0,0,0,0,0,0,66
2025-09-27T21:49:16.021Z,59.4,21.1,1.917,50.4,0,60.1,0,0,0,0,0,0,0,0,66
2025-09-27T21:49:17.028Z,59.4,21.1,1.917,50.4,0,60.1,0,0,0,0,0,0,0,0,66
2025-09-27T21:49:18.025Z,59.4,21.1,1.917,49.6,0,60.1,0,0,0,0,0,0,0,0,66
2025-09-27T21:49:19.029Z,59.4,21.1,1.916,49.6,0,60.1,0,0,0,0,0,0,0,0,66
2025-09-27T21:49:20.025Z,59.4,21.1,1.917,49.6,0,60.1,0,0,0,0,0,0,0,0,66
2025-09-27T21:49:21.030Z,59.4,21.1,1.917,50.4,0,60.1,0,0,0,0,0,0,0,0,66
2025-09-27T21:49:22.027Z,59.4,21.1,1.917,50.4,0,60.1,0,0,0,0,0,0,0,0,66
2025-09-27T21:49:23.030Z,59.4,21.1,1.917,49.6,0,60.1,0,0,0,0,0,0,0,0,66
2025-09-27T21:49:24.025Z,59.4,21.1,1.917,50.4,0,60.1,0,0,0,0,0,0,0,0,66
2025-09-27T21:49:25.031Z,59.4,21.1,1.917,49.6,0,60.1,0,0,0,0,0,0,0,0,66
2025-09-27T21:49:26.030Z,59.4,21.1,1.916,49.6,0,60.1,0,0,0,0,0,0,0,0,66
2025-09-27T21:49:27.036Z,59.4,21.1,1.917,50.4,0,60.1,0,0,0,0,0,0,0,0,66
2025-09-27T21:49:28.031Z,59.4,21.1,1.917,50.4,0,60.1,0,0,0,0,0,0,0,0,66
2025-09-27T21:49:29.032Z,59.4,21.1,1.917,49.6,0,60.1,0,0,0,0,0,0,0,0,66
2025-09-27T21:49:30.030Z,59.4,21.1,1.917,50.4,0,60.1,0,0,0,0,0,0,0,0,66
2025-09-27T21:49:31.033Z,59.4,21.1,1.917,49.6,0,60.1,0,0,0,0,0,0,0,0,66
2025-09-27T21:49:32.038Z,59.4,21.1,1.917,50.4,0,60.1,0,0,0,0,0,0,0,0,66
2025-09-27T21:49:33.035Z,59.4,21.1,1.917,50.4,0,60.1,0,0,0,0,0,0,0,0,66
2025-09-27T21:49:34.035Z,59.4,21.1,1.917,49.6,0,60.1,0,0,0,0,0,0,0,0,66
2025-09-27T21:49:35.035Z,59.4,21.1,1.917,50.4,0,60.1,0,0,0,0,0,0,0,0,66
2025-09-27T21:49:36.043Z,59.4,21.1,1.917,49.6,0,60.1,0,0,0,0,0,0,0,0,66
2025-09-27T21:49:37.039Z,59.4,21.1,1.917,50.4,0,60.1,0,0,0,0,0,0,0,0,66
2025-09-27T21:49:38.041Z,59.4,21.1,1.916,49.6,0,60.1,0,0,0,0,0,0,0,0,66
2025-09-27T21:49:39.039Z,59.4,21.1,1.917,50.4,0,60.1,0,0,0,0,0,0,0,0,66
2025-09-27T21:49:40.042Z,59.4,21.1,1.916,49.6,0,60,0,0,0,0,0,0,0,0,66
2025-09-27T21:49:41.043Z,59.4,21.1,1.917,50.4,0,60.1,0,0,0,0,0,0,0,0,66
2025-09-27T21:49:42.041Z,59.4,21.1,1.916,49.6,0,60.1,0,0,0,0,0,0,0,0,66
2025-09-27T21:49:43.049Z,59.4,21.1,1.917,49.6,0,60.1,0,0,0,0,0,0,0,0,66
2025-09-27T21:49:44.048Z,59.4,21.1,1.917,50.4,0,60,0,0,0,0,0,0,0,0,66
2025-09-27T21:49:45.049Z,59.4,21.1,1.917,49.6,0,60,0,0,0,0,0,0,0,0,66
2025-09-27T21:49:46.046Z,59.4,21.1,1.916,50.4,0,60,0,0,0,0,0,0,0,0,66
2025-09-27T21:49:47.045Z,59.4,21.1,1.916,49.6,0,60.1,0,0,0,0,0,0,0,0,66
2025-09-27T21:49:48.051Z,59.4,21.1,1.917,49.6,0,60,0,0,0,0,0,0,0,0,66
2025-09-27T21:49:49.055Z,59.4,21.1,1.916,50.4,0,60,0,0,0,0,0,0,0,0,66
2025-09-27T21:49:50.053Z,59.4,21.1,1.917,49.6,0,60,0,0,0,0,0,0,0,0,66
2025-09-27T21:49:51.054Z,59.4,21.1,1.917,50.4,0,60,0,0,0,0,0,0,0,0,66
2025-09-27T21:49:52.052Z,59.4,21.1,1.917,50.4,0,60,0,0,0,0,0,0,0,0,66
2025-09-27T21:49:53.050Z,59.4,21.1,1.915,49.6,0,60,0,0,0,0,0,0,0,0,66
2025-09-27T21:49:54.052Z,59.4,21.1,1.916,50.4,0,60,0,0,0,0,0,0,0,0,66
2025-09-27T21:49:55.057Z,59.4,21.1,1.917,49.6,0,60,0,0,0,0,0,0,0,0,66
2025-09-27T21:49:56.057Z,59.4,21.1,1.917,50.4,0,60,0,0,0,0,0,0,0,0,66
2025-09-27T21:49:57.053Z,59.4,21.1,1.916,49.6,0,60,0,0,0,0,0,0,0,0,66
2025-09-27T21:49:58.055Z,59.4,21.1,1.916,50.4,0,60,0,0,0,0,0,0,0,0,66
2025-09-27T21:49:59.058Z,59.4,21.1,1.917,49.6,0,60,0,0,0,0,0,0,0,0,66
2025-09-27T21:50:00.061Z,59.4,21.1,1.917,50.4,0,60,0,0,0,0,0,0,0,0,66
2025-09-27T21:50:01.059Z,59.4,21.1,1.917,49.6,0,60,0,0,0,0,0,0,0,0,66
2025-09-27T21:50:02.063Z,59.5,21.1,1.917,50.4,0,60,0,0,0,0,0,0,0,0,66
2025-09-27T21:50:03.063Z,59.4,21.1,1.917,49.6,0,60,0,0,0,0,0,0,0,0,66
2025-09-27T21:50:04.062Z,59.4,21.1,1.917,50.4,0,60,0,0,0,0,0,0,0,0,66
2025-09-27T21:50:05.066Z,59.4,21.1,1.916,50.4,0,60,0,0,0,0,0,0,0,0,66
2025-09-27T21:50:06.065Z,59.5,21.1,1.917,49.6,0,60,0,0,0,0,0,0,0,0,66
2025-09-27T21:50:07.066Z,59.5,21.1,1.916,50.4,0,60,0,0,0,0,0,0,0,0,66
2025-09-27T21:50:08.070Z,59.5,21.1,1.917,49.6,0,60,0,0,0,0,0,0,0,0,66
2025-09-27T21:50:09.073Z,59.4,21.1,1.917,49.6,0,60,0,0,0,0,0,0,0,0,66
2025-09-27T21:50:10.070Z,59.5,21.1,1.917,50.4,0,60,0,0,0,0,0,0,0,0,66
2025-09-27T21:50:11.078Z,59.5,21.1,1.917,49.6,0,60,0,0,0,0,0,0,0,0,66
2025-09-27T21:50:12.070Z,59.5,21.1,1.916,49.6,0,60,0,0,0,0,0,0,0,0,66
2025-09-27T21:50:13.075Z,59.5,21.1,1.917,50.4,0,60,0,0,0,0,0,0,0,0,66
2025-09-27T21:50:14.074Z,59.5,21.1,1.917,49.6,0,60,0,0,0,0,0,0,0,0,66
2025-09-27T21:50:15.077Z,59.5,21.1,1.916,50.4,0,60,0,0,0,0,0,0,0,0,66
2025-09-27T21:50:16.080Z,59.5,21.1,1.916,49.6,0,60,0,0,0,0,0,0,0,0,66
2025-09-27T21:50:17.079Z,59.5,21.1,1.916,50.4,0,60,0,0,0,0,0,0,0,0,66
2025-09-27T21:50:18.080Z,59.5,21.1,1.916,49.6,0,60,0,0,0,0,0,0,0,0,66
2025-09-27T21:50:19.083Z,59.5,21.1,1.916,50.4,0,60,0,0,0,0,0,0,0,0,66
2025-09-27T21:50:20.081Z,59.5,21.1,1.916,49.6,0,60,0,0,0,0,0,0,0,0,66
2025-09-27T21:50:21.086Z,59.5,21.1,1.916,50.4,0,60,0,0,0,0,0,0,0,0,66
2025-09-27T21:50:22.079Z,59.5,21.1,1.915,49.6,0,60,0,0,0,0,0,0,0,0,66
2025-09-27T21:50:23.083Z,59.5,21.1,1.917,50.4,0,60,0,0,0,0,0,0,0,0,66
2025-09-27T21:50:24.084Z,59.5,21.1,1.916,49.6,0,60,0,0,0,0,0,0,0,0,66
2025-09-27T21:50:25.084Z,59.5,21.1,1.916,49.6,0,60,0,0,0,0,0,0,0,0,66
2025-09-27T21:50:26.088Z,59.5,21.1,1.916,50.4,0,60,0,0,0,0,0,0,0,0,66
2025-09-27T21:50:27.087Z,59.5,21.1,1.916,49.6,0,60,0,0,0,0,0,0,0,0,66
2025-09-27T21:50:28.089Z,59.5,21.1,1.916,50.4,0,60,0,0,0,0,0,0,0,0,66
2025-09-27T21:50:29.089Z,59.5,21.1,1.916,49.6,0,60,0,0,0,0,0,0,0,0,66
2025-09-27T21:50:30.088Z,59.5,21.1,1.915,49.6,0,60,0,0,0,0,0,0,0,0,66
2025-09-27T21:50:31.089Z,59.5,21.1,1.916,50.4,0,60,0,0,0,0,0,0,0,0,66
2025-09-27T21:50:32.094Z,59.5,21.1,1.916,49.6,0,60,0,0,0,0,0,0,0,0,66
2025-09-27T21:50:33.092Z,59.5,21.1,1.916,50.4,0,60,0,0,0,0,0,0,0,0,66
2025-09-27T21:50:34.089Z,59.5,21.1,1.915,49.6,0,60,0,0,0,0,0,0,0,0,66
2025-09-27T21:50:35.092Z,59.5,21.1,1.916,49.6,0,60,0,0,0,0,0,0,0,0,66
2025-09-27T21:50:36.097Z,59.5,21.1,1.916,50.4,0,60,0,0,0,0,0,0,0,0,66
2025-09-27T21:50:37.097Z,59.5,21.1,1.916,49.6,0,60,0,0,0,0,0,0,0,0,66
2025-09-27T21:50:38.096Z,59.5,21.1,1.916,50.4,0,60,0,0,0,0,0,0,0,0,66
2025-09-27T21:50:39.098Z,59.5,21.1,1.916,49.6,0,60,0,0,0,0,0,0,0,0,66
2025-09-27T21:50:40.097Z,59.5,21.1,1.915,49.6,0,60,0,0,0,0,0,0,0,0,66
2025-09-27T21:50:41.102Z,59.6,21.1,1.915,50.4,0,60,0,0,0,0,0,0,0,0,66
2025-09-27T21:50:42.101Z,59.6,21.1,1.915,49.6,0,60,0,0,0,0,0,0,0,0,66
2025-09-27T21:50:43.103Z,59.6,21.1,1.916,50.4,0,60,0,0,0,0,0,0,0,0,66
2025-09-27T21:50:44.105Z,59.6,21.1,1.916,49.6,0,60,0,0,0,0,0,0,0,0,66
2025-09-27T21:50:45.107Z,59.6,21.1,1.915,50.4,0,60,0,0,0,0,0,0,0,0,66
2025-09-27T21:50:46.108Z,59.6,21.1,1.915,49.6,0,60,0,0,0,0,0,0,0,0,66
2025-09-27T21:50:47.104Z,59.6,21.1,1.916,49.6,0,60,0,0,0,0,0,0,0,0,66
2025-09-27T21:50:48.104Z,59.6,21.1,1.915,50.4,0,60,0,0,0,0,0,0,0,0,66
2025-09-27T21:50:49.106Z,59.6,21.1,1.915,49.6,0,60,0,0,0,0,0,0,0,0,66
2025-09-27T21:50:50.110Z,59.6,21.1,1.915,49.6,0,60,0,0,0,0,0,0,0,0,66
2025-09-27T21:50:51.109Z,59.6,21.1,1.915,50.4,0,60,0,0,0,0,0,0,0,0,66
2025-09-27T21:50:52.108Z,59.6,21.1,1.915,49.6,0,60,0,0,0,0,0,0,0,0,66
2025-09-27T21:50:53.111Z,59.6,21.1,1.915,50.4,0,60,0,0,0,0,0,0,0,0,66
2025-09-27T21:50:54.110Z,59.6,21.1,1.915,50.4,0,60,0,0,0,0,0,0,0,0,66
2025-09-27T21:50:55.112Z,59.6,21.1,1.915,49.6,0,60,0,0,0,0,0,0,0,0,66
2025-09-27T21:50:56.114Z,59.6,21.1,1.915,50.4,0,60,0,0,0,0,0,0,0,0,66
2025-09-27T21:50:57.113Z,59.6,21.1,1.915,49.6,0,60,0,0,0,0,0,0,0,0,66
2025-09-27T21:50:58.115Z,59.6,21.1,1.915,50.4,0,60,0,0,0,0,0,0,0,0,66
2025-09-27T21:50:59.114Z,59.6,21.1,1.915,49.6,0,60,0,0,0,0,0,0,0,0,66
2025-09-27T21:51:00.122Z,59.6,21.1,1.915,50.4,0,60,0,0,0,0,0,0,0,0,66
2025-09-27T21:51:01.118Z,59.6,21.1,1.915,50.4,0,60,0,0,0,0,0,0,0,0,66
2025-09-27T21:51:02.123Z,59.6,21.1,1.915,49.6,0,60,0,0,0,0,0,0,0,0,66
2025-09-27T21:51:03.125Z,59.6,21.1,1.915,50.4,0,60,0,0,0,0,0,0,0,0,66
2025-09-27T21:51:04.121Z,59.6,21.1,1.915,49.6,0,60,0,0,0,0,0,0,0,0,66
2025-09-27T21:51:05.124Z,59.6,21.1,1.915,50.4,0,60,0,0,0,0,0,0,0,0,66
2025-09-27T21:51:06.123Z,59.6,21.1,1.915,49.6,0,60,0,0,0,0,0,0,0,0,66
2025-09-27T21:51:07.126Z,59.6,21.1,1.915,50.4,0,60,0,0,0,0,0,0,0,0,66
2025-09-27T21:51:08.124Z,59.7,21.1,1.915,49.6,0,60,0,0,0,0,0,0,0,0,66
2025-09-27T21:51:09.130Z,59.7,21.1,1.915,50.4,0,60,0,0,0,0,0,0,0,0,66
2025-09-27T21:51:10.126Z,59.7,21.1,1.915,49.6,0,60,0,0,0,0,0,0,0,0,66
2025-09-27T21:51:11.133Z,59.7,21.1,1.915,50.4,0,60,0,0,0,0,0,0,0,0,66
2025-09-27T21:51:12.128Z,59.7,21.1,1.915,49.6,0,60,0,0,0,0,0,0,0,0,66
2025-09-27T21:51:13.131Z,59.7,21.1,1.915,50.4,0,60,0,0,0,0,0,0,0,0,66
2025-09-27T21:51:14.129Z,59.7,21.1,1.915,49.6,0,60,0,0,0,0,0,0,0,0,66
2025-09-27T21:51:15.130Z,59.7,21.1,1.915,50.4,0,60,0,0,0,0,0,0,0,0,66
2025-09-27T21:51:16.133Z,59.7,21.1,1.915,49.6,0,60,0,0,0,0,0,0,0,0,66
2025-09-27T21:51:17.133Z,59.7,21.1,1.915,50.4,0,60,0,0,0,0,0,0,0,0,66
2025-09-27T21:51:18.134Z,59.7,21.1,1.915,49.6,0,60,0,0,0,0,0,0,0,0,66
2025-09-27T21:51:19.137Z,59.7,21.1,1.915,49.6,0,60,0,0,0,0,0,0,0,0,66
2025-09-27T21:51:20.134Z,59.7,21.1,1.915,50.4,0,60,0,0,0,0,0,0,0,0,66
2025-09-27T21:51:21.136Z,59.7,21.1,1.915,49.6,0,60,0,0,0,0,0,0,0,0,66
2025-09-27T21:51:22.137Z,59.7,21.1,1.915,50.4,0,60,0,0,0,0,0,0,0,0,66
2025-09-27T21:51:23.140Z,59.7,21.1,1.915,49.6,0,60,0,0,0,0,0,0,0,0,66
2025-09-27T21:51:24.138Z,59.7,21.1,1.915,50.4,0,60,0,0,0,0,0,0,0,0,66
2025-09-27T21:51:25.140Z,59.7,21.1,1.915,49.6,0,60,0,0,0,0,0,0,0,0,66
2025-09-27T21:51:26.140Z,59.7,21.1,1.915,50.4,0,60,0,0,0,0,0,0,0,0,66
2025-09-27T21:51:27.150Z,59.7,21.1,1.914,49.6,0,60,0,0,0,0,0,0,0,0,66
2025-09-27T21:51:28.140Z,59.7,21.1,1.915,50.4,0,60,0,0,0,0,0,0,0,0,66
2025-09-27T21:51:29.149Z,59.7,21.1,1.915,49.6,0,60,0,0,0,0,0,0,0,0,66
2025-09-27T21:51:30.142Z,59.7,21.1,1.915,50.4,0,60,0,0,0,0,0,0,0,0,66
2025-09-27T21:51:31.143Z,59.7,21.1,1.915,49.6,0,60,0,0,0,0,0,0,0,0,66
2025-09-27T21:51:32.147Z,59.8,21.1,1.915,50.4,0,60,0,0,0,0,0,0,0,0,66
2025-09-27T21:51:33.147Z,59.8,21.1,1.915,49.6,0,60,0,0,0,0,0,0,0,0,66
2025-09-27T21:51:34.148Z,59.8,21.1,1.915,50.4,0,60,0,0,0,0,0,0,0,0,66
2025-09-27T21:51:35.149Z,59.8,21.1,1.915,49.6,0,60,0,0,0,0,0,0,0,0,66
2025-09-27T21:51:36.149Z,59.8,21.1,1.915,50.4,0,60,0,0,0,0,0,0,0,0,66
2025-09-27T21:51:37.151Z,59.8,21.1,1.915,49.6,0,60,0,0,0,0,0,0,0,0,66
2025-09-27T21:51:38.149Z,59.8,21.1,1.915,50.4,0,60,0,0,0,0,0,0,0,0,66
2025-09-27T21:51:39.156Z,59.8,21.1,1.915,49.6,0,60,0,0,0,0,0,0,0,0,66
2025-09-27T21:51:40.154Z,59.8,21.1,1.915,50.4,0,60,0,0,0,0,0,0,0,0,66
2025-09-27T21:51:41.151Z,59.8,21.1,1.915,49.6,0,60,0,0,0,0,0,0,0,0,66
2025-09-27T21:51:42.154Z,59.8,21.1,1.915,50.4,0,60,0,0,0,0,0,0,0,0,66
2025-09-27T21:51:43.160Z,59.8,21.1,1.915,49.6,0,60,0,0,0,0,0,0,0,0,66
2025-09-27T21:51:44.171Z,59.8,21.1,1.914,50.4,0,60,0,0,0,0,0,0,0,0,66
2025-09-27T21:51:45.157Z,59.8,21.1,1.915,49.6,0,60,0,0,0,0,0,0,0,0,66
2025-09-27T21:51:46.157Z,59.8,21.1,1.915,50.4,0,60,0,0,0,0,0,0,0,0,66
2025-09-27T21:51:47.167Z,59.8,21.1,1.914,49.6,0,60,0,0,0,0,0,0,0,0,66
2025-09-27T21:51:48.159Z,59.8,21.1,1.915,49.6,0,60,0,0,0,0,0,0,0,0,66
2025-09-27T21:51:49.164Z,59.8,21.1,1.915,49.6,0,60,0,0,0,0,0,0,0,0,66
2025-09-27T21:51:50.164Z,59.8,21.1,1.915,50.4,0,60,0,0,0,0,0,0,0,0,66
2025-09-27T21:51:51.167Z,59.9,21.1,1.915,49.6,0,60,0,0,0,0,0,0,0,0,66
2025-09-27T21:51:52.161Z,59.9,21.1,1.915,50.4,0,60,0,0,0,0,0,0,0,0,66
2025-09-27T21:51:53.163Z,59.9,21.1,1.914,49.6,0,60,0,0,0,0,0,0,0,0,66
2025-09-27T21:51:54.162Z,59.9,21.1,1.915,50.4,0,60,0,0,0,0,0,0,0,0,66
2025-09-27T21:51:55.164Z,59.9,21.1,1.914,49.6,0,60,0,0,0,0,0,0,0,0,66
2025-09-27T21:51:56.168Z,59.9,21.1,1.914,50.4,0,60,0,0,0,0,0,0,0,0,66
2025-09-27T21:51:57.168Z,59.9,21.1,1.914,49.6,0,60,0,0,0,0,0,0,0,0,66
2025-09-27T21:51:58.163Z,59.9,21.1,1.914,50.4,0,60,0,0,0,0,0,0,0,0,66
2025-09-27T21:51:59.167Z,59.9,21.1,1.914,49.6,0,60,0,0,0,0,0,0,0,0,66
2025-09-27T21:52:00.176Z,59.9,21.1,1.914,49.6,0,60,0,0,0,0,0,0,0,0,66
2025-09-27T21:52:01.173Z,59.9,21.1,1.914,49.6,0,60,0,0,0,0,0,0,0,0,66
2025-09-27T21:52:02.172Z,59.9,21.1,1.914,50.4,0,60,0,0,0,0,0,0,0,0,66
2025-09-27T21:52:03.177Z,59.9,21.1,1.914,49.6,0,60,0,0,0,0,0,0,0,0,66
2025-09-27T21:52:04.176Z,59.9,21.1,1.914,50.4,0,60,0,0,0,0,0,0,0,0,66
2025-09-27T21:52:05.175Z,59.9,21.1,1.914,50.4,0,60,0,0,0,0,0,0,0,0,66
2025-09-27T21:52:06.177Z,59.9,21.1,1.914,49.6,0,60,0,0,0,0,0,0,0,0,66
2025-09-27T21:52:07.179Z,60,21.1,1.914,50.4,0,60,0,0,0,0,0,0,0,0,66
2025-09-27T21:52:08.179Z,60,21.1,1.914,49.6,0,60,0,0,0,0,0,0,0,0,66
2025-09-27T21:52:09.180Z,60,21.1,1.914,50.4,0,60,0,0,0,0,0,0,0,0,66
2025-09-27T21:52:10.178Z,60,21.1,1.914,49.6,0,60,0,0,0,0,0,0,0,0,66
2025-09-27T21:52:11.181Z,60,21.1,1.914,50.4,0,60,0,0,0,0,0,0,0,0,66
2025-09-27T21:52:12.180Z,60,21.1,1.914,49.6,0,60,0,0,0,0,0,0,0,0,66
2025-09-27T21:52:13.183Z,60,21.1,1.914,50.4,0,60,0,0,0,0,0,0,0,0,66
2025-09-27T21:52:14.185Z,60,21.1,1.914,49.6,0,60,0,0,0,0,0,0,0,0,66
2025-09-27T21:52:15.184Z,60,21.1,1.914,49.6,0,60,0,0,0,0,0,0,0,0,66
2025-09-27T21:52:16.187Z,60,21.1,1.914,49.6,0,60,0,0,0,0,0,0,0,0,66
2025-09-27T21:52:17.188Z,60,21.1,1.914,50.4,0,60,0,0,0,0,0,0,0,0,66
2025-09-27T21:52:18.194Z,60,21.1,1.914,49.6,0,60,0,0,0,0,0,0,0,0,66
2025-09-27T21:52:19.190Z,60,21.1,1.914,49.6,0,60,0,0,0,0,0,0,0,0,66
2025-09-27T21:52:20.191Z,60,21.1,1.914,50.4,0,60,0,0,0,0,0,0,0,0,66
2025-09-27T21:52:21.194Z,60,21.1,1.914,49.6,0,60,0,0,0,0,0,0,0,0,66
2025-09-27T21:52:22.191Z,60,21.1,1.914,50.4,0,60,0,0,0,0,0,0,0,0,66
2025-09-27T21:52:23.193Z,60.1,21.1,1.914,50.4,0,60,0,0,0,0,0,0,0,0,66
2025-09-27T21:52:24.197Z,60.1,21.1,1.914,49.6,0,60,0,0,0,0,0,0,0,0,66
2025-09-27T21:52:25.194Z,60.1,21.1,1.914,49.6,0,60,0,0,0,0,0,0,0,0,66
2025-09-27T21:52:26.196Z,60.1,21.1,1.914,49.6,0,60,0,0,0,0,0,0,0,0,66
2025-09-27T21:52:27.196Z,60.1,21.1,1.914,50.4,0,60,0,0,0,0,0,0,0,0,66
2025-09-27T21:52:28.195Z,60.1,21.1,1.914,49.6,0,60,0,0,0,0,0,0,0,0,66
2025-09-27T21:52:29.198Z,60.1,21.1,1.914,49.6,0,60,0,0,0,0,0,0,0,0,66
2025-09-27T21:52:30.200Z,60.1,21.1,1.913,50.4,0,60,0,0,0,0,0,0,0,0,66
2025-09-27T21:52:31.199Z,60.1,21.1,1.913,49.6,0,60,0,0,0,0,0,0,0,0,66
2025-09-27T21:52:32.201Z,60.1,21.1,1.913,50.4,0,60,0,0,0,0,0,0,0,0,66
2025-09-27T21:52:33.203Z,60.1,21.1,1.913,49.6,0,60,0,0,0,0,0,0,0,0,66
2025-09-27T21:52:34.205Z,60.1,21.1,1.913,49.6,0,60,0,0,0,0,0,0,0,0,66
2025-09-27T21:52:35.205Z,60.1,21.1,1.913,50.4,0,60,0,0,0,0,0,0,0,0,66
2025-09-27T21:52:36.205Z,60.2,21.1,1.913,50.4,0,60,0,0,0,0,0,0,0,0,66
2025-09-27T21:52:37.207Z,60.2,21.1,1.913,49.6,0,60,0,0,0,0,0,0,0,0,66
2025-09-27T21:52:38.212Z,60.2,21.1,1.913,50.4,0,60,0,0,0,0,0,0,0,0,66
2025-09-27T21:52:39.215Z,60.2,21.1,1.912,49.6,0,60,0,0,0,0,0,0,0,0,66
2025-09-27T21:52:40.206Z,60.2,21.1,1.913,50.4,0,60,0,0,0,0,0,0,0,0,66
2025-09-27T21:52:41.210Z,60.2,21.1,1.912,49.6,0,60,0,0,0,0,0,0,0,0,66
2025-09-27T21:52:42.212Z,60.2,21.1,1.913,50.4,0,60,0,0,0,0,0,0,0,0,66
2025-09-27T21:52:43.213Z,60.2,21.1,1.912,49.6,0,60,0,0,0,0,0,0,0,0,66
2025-09-27T21:52:44.216Z,60.2,21.1,1.912,49.6,0,60,0,0,0,0,0,0,0,0,66
2025-09-27T21:52:45.215Z,60.2,21.1,1.912,50.4,0,60,0,0,0,0,0,0,0,0,66
2025-09-27T21:52:46.217Z,60.2,21.1,1.912,50.4,0,60,0,0,0,0,0,0,0,0,66
2025-09-27T21:52:47.222Z,60.2,21.1,1.912,49.6,0,60,0,0,0,0,0,0,0,0,66
2025-09-27T21:52:48.219Z,60.2,21.1,1.912,50.4,0,60,0,0,0,0,0,0,0,0,66
2025-09-27T21:52:49.216Z,60.2,21.1,1.912,49.6,0,60,0,0,0,0,0,0,0,0,66
2025-09-27T21:52:50.225Z,60.2,21.1,1.912,50.4,0,60,0,0,0,0,0,0,0,0,66
2025-09-27T21:52:51.221Z,60.3,21.1,1.912,49.6,0,60,0,0,0,0,0,0,0,0,66
2025-09-27T21:52:52.226Z,60.3,21.1,1.912,50.4,0,60,0,0,0,0,0,0,0,0,66
2025-09-27T21:52:53.220Z,60.3,21.1,1.912,49.6,0,60,0,0,0,0,0,0,0,0,66
2025-09-27T21:52:54.217Z,60.3,21.1,1.912,49.6,0,60,0,0,0,0,0,0,0,0,66
2025-09-27T21:52:55.222Z,60.3,21.1,1.912,50.4,0,60,0,0,0,0,0,0,0,0,66
2025-09-27T21:52:56.223Z,60.3,21.1,1.912,49.6,0,60,0,0,0,0,0,0,0,0,66
2025-09-27T21:52:57.225Z,60.3,21.1,1.912,49.6,0,60,0,0,0,0,0,0,0,0,66
2025-09-27T21:52:58.226Z,60.3,21.1,1.912,50.4,0,60,0,0,0,0,0,0,0,0,66
2025-09-27T21:52:59.228Z,60.3,21.1,1.912,49.6,0,60,0,0,0,0,0,0,0,0,66
2025-09-27T21:53:00.229Z,60.3,21.1,1.912,49.6,0,60,0,0,0,0,0,0,0,0,66
2025-09-27T21:53:01.229Z,60.3,21.1,1.912,50.4,0,60,0,0,0,0,0,0,0,0,66
2025-09-27T21:53:02.236Z,60.3,21.1,1.912,49.6,0,60,0,0,0,0,0,0,0,0,66
2025-09-27T21:53:03.232Z,60.3,21.1,1.912,50.4,0,60,0,0,0,0,0,0,0,0,66
2025-09-27T21:53:04.239Z,60.3,21.1,1.912,50.4,0,60,0,0,0,0,0,0,0,0,66
2025-09-27T21:53:05.231Z,60.3,21.1,1.912,49.6,0,60,0,0,0,0,0,0,0,0,66
2025-09-27T21:53:06.234Z,60.4,21.1,1.912,50.4,0,60,0,0,0,0,0,0,0,0,66
2025-09-27T21:53:07.233Z,60.4,21.1,1.912,49.6,0,60,0,0,0,0,0,0,0,0,66
2025-09-27T21:53:08.243Z,60.4,21.1,1.912,50.4,0,60,0,0,0,0,0,0,0,0,66
2025-09-27T21:53:09.235Z,60.4,21.1,1.912,50.4,0,60,0,0,0,0,0,0,0,0,66
2025-09-27T21:53:10.239Z,60.4,21.1,1.912,49.6,0,60,0,0,0,0,0,0,0,0,66
2025-09-27T21:53:11.243Z,60.4,21.1,1.912,50.4,0,60,0,0,0,0,0,0,0,0,66
2025-09-27T21:53:12.240Z,60.4,21.1,1.912,49.6,0,60,0,0,0,0,0,0,0,0,66
2025-09-27T21:53:13.241Z,60.4,21.1,1.912,50.4,0,60,0,0,0,0,0,0,0,0,66
2025-09-27T21:53:14.243Z,60.4,21.1,1.912,49.6,0,60,0,0,0,0,0,0,0,0,66
2025-09-27T21:53:15.243Z,60.4,21.1,1.912,50.4,0,60,0,0,0,0,0,0,0,0,66
2025-09-27T21:53:16.243Z,60.4,21.1,1.912,49.6,0,60,0,0,0,0,0,0,0,0,66
2025-09-27T21:53:17.240Z,60.4,21.1,1.912,49.6,0,60,0,0,0,0,0,0,0,0,66
2025-09-27T21:53:18.247Z,60.4,21.1,1.912,50.4,0,60,0,0,0,0,0,0,0,0,66
2025-09-27T21:53:19.253Z,60.4,21.1,1.911,49.6,0,60,0,0,0,0,0,0,0,0,66
2025-09-27T21:53:20.248Z,60.4,21.1,1.912,50.4,0,60,0,0,0,0,0,0,0,0,66
2025-09-27T21:53:21.249Z,60.4,21.1,1.912,50.4,0,60,0,0,0,0,0,0,0,0,66
2025-09-27T21:53:22.244Z,60.5,21.1,1.912,49.6,0,60,0,0,0,0,0,0,0,0,66
2025-09-27T21:53:23.249Z,60.5,21.1,1.912,49.6,0,60,0,0,0,0,0,0,0,0,66
2025-09-27T21:53:24.247Z,60.5,21.1,1.912,49.6,0,60,0,0,0,0,0,0,0,0,66
2025-09-27T21:53:25.244Z,60.5,21.1,1.912,50.4,0,59.9,0,0,0,0,0,0,0,0,66
2025-09-27T21:53:26.252Z,60.5,21.1,1.912,49.6,0,59.9,0,0,0,0,0,0,0,0,66
2025-09-27T21:53:27.255Z,60.5,21.1,1.911,50.4,0,59.9,0,0,0,0,0,0,0,0,66
2025-09-27T21:53:28.253Z,60.5,21.1,1.912,49.6,0,59.9,0,0,0,0,0,0,0,0,66
2025-09-27T21:53:29.259Z,60.5,21.1,1.91,49.6,0,59.9,0,0,0,0,0,0,0,0,66
2025-09-27T21:53:30.253Z,60.5,21.1,1.912,50.4,0,59.9,0,0,0,0,0,0,0,0,66
2025-09-27T21:53:31.257Z,60.5,21.1,1.911,49.6,0,59.9,0,0,0,0,0,0,0,0,66
2025-09-27T21:53:32.263Z,60.5,21.1,1.911,50.4,0,59.9,0,0,0,0,0,0,0,0,66
2025-09-27T21:53:33.256Z,60.5,21.1,1.912,49.6,0,59.9,0,0,0,0,0,0,0,0,66
2025-09-27T21:53:34.258Z,60.5,21.1,1.911,49.6,0,59.9,0,0,0,0,0,0,0,0,66
2025-09-27T21:53:35.260Z,60.5,21.1,1.911,50.4,0,59.9,0,0,0,0,0,0,0,0,66
2025-09-27T21:53:36.264Z,60.5,21.1,1.91,49.6,0,59.9,0,0,0,0,0,0,0,0,66
2025-09-27T21:53:37.263Z,60.5,21.1,1.911,50.4,0,60,0,0,0,0,0,0,0,0,66
2025-09-27T21:53:38.262Z,60.5,21.1,1.911,49.6,0,59.9,0,0,0,0,0,0,0,0,66
2025-09-27T21:53:39.265Z,60.6,21.1,1.911,49.6,0,59.9,0,0,0,0,0,0,0,0,66
2025-09-27T21:53:40.267Z,60.6,21.1,1.91,50.4,0,59.9,0,0,0,0,0,0,0,0,66
2025-09-27T21:53:41.265Z,60.6,21.1,1.911,50.4,0,59.9,0,0,0,0,0,0,0,0,66
2025-09-27T21:53:42.266Z,60.6,21.1,1.911,49.6,0,59.9,0,0,0,0,0,0,0,0,66
2025-09-27T21:53:43.268Z,60.6,21.1,1.91,50.4,0,60,0,0,0,0,0,0,0,0,66
2025-09-27T21:53:44.268Z,60.6,21.1,1.911,49.6,0,59.9,0,0,0,0,0,0,0,0,66
2025-09-27T21:53:45.269Z,60.6,21.1,1.911,50.4,0,59.9,0,0,0,0,0,0,0,0,66
2025-09-27T21:53:46.270Z,60.6,21.1,1.911,49.6,0,59.9,0,0,0,0,0,0,0,0,66
2025-09-27T21:53:47.273Z,60.6,21.1,1.91,50.4,0,59.9,0,0,0,0,0,0,0,0,66
2025-09-27T21:53:48.273Z,60.6,21.1,1.911,49.6,0,59.9,0,0,0,0,0,0,0,0,66
2025-09-27T21:53:49.279Z,60.6,21.1,1.91,49.6,0,59.9,0,0,0,0,0,0,0,0,66
2025-09-27T21:53:50.283Z,60.6,21.1,1.91,50.4,0,59.9,0,0,0,0,0,0,0,0,66
2025-09-27T21:53:51.278Z,60.6,21.1,1.911,49.6,0,59.9,0,0,0,0,0,0,0,0,66
2025-09-27T21:53:52.282Z,60.6,21.1,1.91,50.4,0,59.9,0,0,0,0,0,0,0,0,66
2025-09-27T21:53:53.271Z,60.6,21.1,1.911,50.4,0,59.9,0,0,0,0,0,0,0,0,66
2025-09-27T21:53:54.277Z,60.6,21.1,1.91,49.6,0,59.9,0,0,0,0,0,0,0,0,66
2025-09-27T21:53:55.282Z,60.6,21.1,1.91,50.4,0,59.9,0,0,0,0,0,0,0,0,66
2025-09-27T21:53:56.281Z,60.6,21.1,1.91,49.6,0,59.9,0,0,0,0,0,0,0,0,66
2025-09-27T21:53:57.282Z,60.6,21.1,1.91,49.6,0,59.9,0,0,0,0,0,0,0,0,66
2025-09-27T21:53:58.280Z,60.6,21.1,1.91,49.6,0,59.9,0,0,0,0,0,0,0,0,66
2025-09-27T21:53:59.280Z,60.7,21.1,1.911,49.6,0,59.9,0,0,0,0,0,0,0,0,66
2025-09-27T21:54:00.284Z,60.7,21.1,1.91,50.4,0,59.9,0,0,0,0,0,0,0,0,66
2025-09-27T21:54:01.288Z,60.7,21.1,1.91,49.6,0,59.9,0,0,0,0,0,0,0,0,66
2025-09-27T21:54:02.283Z,60.7,21.1,1.91,49.6,0,59.9,0,0,0,0,0,0,0,0,66
2025-09-27T21:54:03.287Z,60.7,21.1,1.91,50.4,0,59.9,0,0,0,0,0,0,0,0,66
2025-09-27T21:54:04.295Z,60.7,21.1,1.91,49.6,0,59.9,0,0,0,0,0,0,0,0,66
2025-09-27T21:54:05.288Z,60.7,21.1,1.91,49.6,0,59.9,0,0,0,0,0,0,0,0,66
2025-09-27T21:54:06.287Z,60.7,21.1,1.91,50.4,0,59.9,0,0,0,0,0,0,0,0,66
2025-09-27T21:54:07.288Z,60.7,21.1,1.91,49.6,0,59.9,0,0,0,0,0,0,0,0,66
2025-09-27T21:54:08.291Z,60.7,21.1,1.91,50.4,0,59.9,0,0,0,0,0,0,0,0,66
2025-09-27T21:54:09.290Z,60.7,21.1,1.91,50.4,0,59.9,0,0,0,0,0,0,0,0,66
2025-09-27T21:54:10.289Z,60.7,21.1,1.911,49.6,0,59.9,0,0,0,0,0,0,0,0,66
2025-09-27T21:54:11.295Z,60.7,21.1,1.91,50.4,0,59.9,0,0,0,0,0,0,0,0,66
2025-09-27T21:54:12.294Z,60.7,21.1,1.91,49.6,0,59.9,0,0,0,0,0,0,0,0,66
2025-09-27T21:54:13.292Z,60.7,21.1,1.911,50.4,0,59.9,0,0,0,0,0,0,0,0,66
2025-09-27T21:54:14.294Z,60.7,21.1,1.91,50.4,0,59.9,0,0,0,0,0,0,0,0,66
2025-09-27T21:54:15.307Z,60.7,21.1,1.91,49.6,0,59.9,0,0,0,0,0,0,0,0,66
2025-09-27T21:54:16.300Z,60.7,21.1,1.91,50.4,0,59.9,0,0,0,0,0,0,0,0,66
2025-09-27T21:54:17.299Z,60.7,21.1,1.91,49.6,0,59.9,0,0,0,0,0,0,0,0,66
2025-09-27T21:54:18.302Z,60.7,21.1,1.91,50.4,0,59.9,0,0,0,0,0,0,0,0,66
2025-09-27T21:54:19.300Z,60.7,21.1,1.911,50.4,0,59.9,0,0,0,0,0,0,0,0,66
2025-09-27T21:54:20.300Z,60.8,21.1,1.911,49.6,0,59.9,0,0,0,0,0,0,0,0,66
2025-09-27T21:54:21.302Z,60.8,21.1,1.91,50.4,0,59.9,0,0,0,0,0,0,0,0,66
2025-09-27T21:54:22.300Z,60.8,21.1,1.91,49.6,0,59.9,0,0,0,0,0,0,0,0,66
2025-09-27T21:54:23.304Z,60.8,21.1,1.91,50.4,0,59.9,0,0,0,0,0,0,0,0,66
2025-09-27T21:54:24.304Z,60.8,21.1,1.91,49.6,0,59.9,0,0,0,0,0,0,0,0,66
2025-09-27T21:54:25.303Z,60.8,21.1,1.911,49.6,0,59.9,0,0,0,0,0,0,0,0,66
2025-09-27T21:54:26.303Z,60.8,21.1,1.911,50.4,0,59.9,0,0,0,0,0,0,0,0,66
2025-09-27T21:54:27.305Z,60.8,21.1,1.911,49.6,0,59.9,0,0,0,0,0,0,0,0,66
2025-09-27T21:54:28.309Z,60.8,21.1,1.909,49.6,0,59.9,0,0,0,0,0,0,0,0,66
2025-09-27T21:54:29.310Z,60.8,21.1,1.91,50.4,0,59.9,0,0,0,0,0,0,0,0,66
2025-09-27T21:54:30.311Z,60.8,21.1,1.909,49.6,0,59.9,0,0,0,0,0,0,0,0,66
2025-09-27T21:54:31.310Z,60.8,21.1,1.909,49.6,0,59.9,0,0,0,0,0,0,0,0,66
2025-09-27T21:54:32.313Z,60.8,21.1,1.909,49.6,0,59.9,0,0,0,0,0,0,0,0,66
2025-09-27T21:54:33.315Z,60.8,21.1,1.909,49.6,0,59.9,0,0,0,0,0,0,0,0,66
2025-09-27T21:54:34.312Z,60.8,21.1,1.909,49.6,0,59.9,0,0,0,0,0,0,0,0,66
2025-09-27T21:54:35.318Z,60.8,21.1,1.909,49.6,0,59.9,0,0,0,0,0,0,0,0,66
2025-09-27T21:54:36.318Z,60.8,21.1,1.909,49.6,0,59.9,0,0,0,0,0,0,0,0,66
2025-09-27T21:54:37.309Z,60.8,21.1,1.91,49.6,0,59.9,0,0,0,0,0,0,0,0,66
2025-09-27T21:54:38.320Z,60.8,21.1,1.909,50.4,0,59.9,0,0,0,0,0,0,0,0,66
2025-09-27T21:54:39.318Z,60.8,21.1,1.909,49.6,0,59.9,0,0,0,0,0,0,0,0,66
2025-09-27T21:54:40.318Z,60.8,21.1,1.909,50.4,0,59.9,0,0,0,0,0,0,0,0,66
2025-09-27T21:54:41.316Z,60.8,21.1,1.91,49.6,0,59.9,0,0,0,0,0,0,0,0,66
2025-09-27T21:54:42.314Z,60.8,21.1,1.909,50.4,0,59.9,0,0,0,0,0,0,0,0,66
2025-09-27T21:54:43.322Z,60.8,21.1,1.909,50.4,0,59.9,0,0,0,0,0,0,0,0,66
2025-09-27T21:54:44.319Z,60.8,21.1,1.91,49.6,0,59.9,0,0,0,0,0,0,0,0,66
2025-09-27T21:54:45.323Z,60.8,21.1,1.909,50.4,0,59.9,0,0,0,0,0,0,0,0,66
2025-09-27T21:54:46.316Z,60.8,21.1,1.91,49.6,0,59.9,0,0,0,0,0,0,0,0,66
2025-09-27T21:54:47.323Z,60.8,21.1,1.909,50.4,0,59.9,0,0,0,0,0,0,0,0,66
2025-09-27T21:54:48.325Z,60.9,21.1,1.909,49.6,0,59.9,0,0,0,0,0,0,0,0,66
2025-09-27T21:54:49.327Z,60.9,21.1,1.909,50.4,0,59.9,0,0,0,0,0,0,0,0,66
2025-09-27T21:54:50.325Z,60.9,21.1,1.909,49.6,0,59.9,0,0,0,0,0,0,0,0,66
2025-09-27T21:54:51.329Z,60.9,21.1,1.909,50.4,0,59.9,0,0,0,0,0,0,0,0,66
2025-09-27T21:54:52.324Z,60.9,21.1,1.909,49.6,0,59.9,0,0,0,0,0,0,0,0,66
2025-09-27T21:54:53.327Z,60.9,21.1,1.909,49.6,0,59.9,0,0,0,0,0,0,0,0,66
2025-09-27T21:54:54.323Z,60.9,21.1,1.909,50.4,0,59.9,0,0,0,0,0,0,0,0,66
2025-09-27T21:54:55.326Z,60.9,21.1,1.909,49.6,0,59.9,0,0,0,0,0,0,0,0,66
2025-09-27T21:54:56.328Z,60.9,21.1,1.909,50.4,0,59.9,0,0,0,0,0,0,0,0,66
2025-09-27T21:54:57.328Z,60.9,21.1,1.909,49.6,0,59.9,0,0,0,0,0,0,0,0,66
2025-09-27T21:54:58.333Z,60.9,21.1,1.909,49.6,0,59.9,0,0,0,0,0,0,0,0,66
2025-09-27T21:54:59.330Z,60.9,21.1,1.909,50.4,0,59.9,0,0,0,0,0,0,0,0,66
2025-09-27T21:55:00.335Z,60.9,21.1,1.909,49.6,0,59.9,0,0,0,0,0,0,0,0,66
2025-09-27T21:55:01.332Z,60.9,21.1,1.909,50.4,0,59.9,0,0,0,0,0,0,0,0,66
2025-09-27T21:55:02.336Z,60.9,21.1,1.909,49.6,0,59.9,0,0,0,0,0,0,0,0,66
2025-09-27T21:55:03.335Z,60.9,21.1,1.909,50.4,0,59.9,0,0,0,0,0,0,0,0,66
2025-09-27T21:55:04.346Z,60.9,21.1,1.909,50.4,0,59.9,0,0,0,0,0,0,0,0,66
2025-09-27T21:55:05.341Z,60.9,21.1,1.909,49.6,0,59.9,0,0,0,0,0,0,0,0,66
2025-09-27T21:55:06.346Z,60.9,21.1,1.909,50.4,0,59.9,0,0,0,0,0,0,0,0,66
2025-09-27T21:55:07.338Z,60.9,21.1,1.909,49.6,0,59.9,0,0,0,0,0,0,0,0,66
2025-09-27T21:55:08.344Z,60.9,21.1,1.909,49.6,0,59.9,0,0,0,0,0,0,0,0,66
2025-09-27T21:55:09.339Z,60.9,21.1,1.909,49.6,0,59.9,0,0,0,0,0,0,0,0,66
2025-09-27T21:55:10.343Z,60.9,21.1,1.909,49.6,0,59.9,0,0,0,0,0,0,0,0,66
2025-09-27T21:55:11.346Z,60.9,21.1,1.909,50.4,0,59.9,0,0,0,0,0,0,0,0,66
2025-09-27T21:55:12.351Z,60.9,21.1,1.909,49.6,0,59.9,0,0,0,0,0,0,0,0,66
2025-09-27T21:55:13.344Z,60.9,21.1,1.909,50.4,0,59.9,0,0,0,0,0,0,0,0,66
2025-09-27T21:55:14.346Z,60.9,21.1,1.909,50.4,0,59.9,0,0,0,0,0,0,0,0,66
2025-09-27T21:55:15.347Z,60.9,21.1,1.909,49.6,0,59.9,0,0,0,0,0,0,0,0,66
2025-09-27T21:55:16.350Z,60.9,21.1,1.909,49.6,0,59.9,0,0,0,0,0,0,0,0,66
2025-09-27T21:55:17.343Z,60.9,21.1,1.909,49.6,0,59.9,0,0,0,0,0,0,0,0,66
2025-09-27T21:55:18.353Z,60.9,21.1,1.909,50.4,0,59.9,0,0,0,0,0,0,0,0,66
2025-09-27T21:55:19.351Z,60.9,21.1,1.909,50.4,0,59.9,0,0,0,0,0,0,0,0,66
2025-09-27T21:55:20.358Z,60.9,21.1,1.909,49.6,0,59.9,0,0,0,0,0,0,0,0,66
2025-09-27T21:55:21.352Z,60.9,21.1,1.909,50.4,0,59.9,0,0,0,0,0,0,0,0,66
2025-09-27T21:55:22.349Z,60.9,21.1,1.909,49.6,0,59.9,0,0,0,0,0,0,0,0,66
2025-09-27T21:55:23.352Z,60.9,21.1,1.909,50.4,0,59.9,0,0,0,0,0,0,0,0,66
2025-09-27T21:55:24.348Z,60.9,21.1,1.909,49.6,0,59.9,0,0,0,0,0,0,0,0,66
2025-09-27T21:55:25.354Z,60.9,21.1,1.909,50.4,0,59.9,0,0,0,0,0,0,0,0,66
2025-09-27T21:55:26.353Z,60.9,21.1,1.909,49.6,0,59.9,0,0,0,0,0,0,0,0,66
2025-09-27T21:55:27.357Z,60.9,21.1,1.909,49.6,0,59.9,0,0,0,0,0,0,0,0,66
2025-09-27T21:55:28.356Z,60.9,21.1,1.909,50.4,0,59.9,0,0,0,0,0,0,0,0,66
2025-09-27T21:55:29.353Z,60.9,21.1,1.909,49.6,0,59.9,0,0,0,0,0,0,0,0,66
2025-09-27T21:55:30.355Z,60.9,21.1,1.909,49.6,0,59.9,0,0,0,0,0,0,0,0,66
2025-09-27T21:55:31.359Z,60.9,21.1,1.909,50.4,0,59.9,0,0,0,0,0,0,0,0,66
2025-09-27T21:55:32.357Z,60.9,21.1,1.909,49.6,0,59.9,0,0,0,0,0,0,0,0,66
2025-09-27T21:55:33.358Z,60.9,21.1,1.909,50.4,0,59.9,0,0,0,0,0,0,0,0,66
2025-09-27T21:55:34.359Z,60.9,21.1,1.909,50.4,0,59.9,0,0,0,0,0,0,0,0,66
2025-09-27T21:55:35.363Z,60.9,21.1,1.909,49.6,0,59.9,0,0,0,0,0,0,0,0,66
2025-09-27T21:55:36.363Z,60.9,21.1,1.909,50.4,0,59.9,0,0,0,0,0,0,0,0,66
2025-09-27T21:55:37.358Z,60.9,21.1,1.909,49.6,0,59.9,0,0,0,0,0,0,0,0,66
2025-09-27T21:55:38.366Z,60.9,21.1,1.909,50.4,0,59.9,0,0,0,0,0,0,0,0,66
2025-09-27T21:55:39.369Z,60.9,21.1,1.909,49.6,0,59.9,0,0,0,0,0,0,0,0,66
2025-09-27T21:55:40.365Z,60.9,21.1,1.909,49.6,0,59.9,0,0,0,0,0,0,0,0,66
2025-09-27T21:55:41.360Z,60.9,21.1,1.909,50.4,0,59.9,0,0,0,0,0,0,0,0,66
2025-09-27T21:55:42.365Z,60.9,21.1,1.909,49.6,0,59.9,0,0,0,0,0,0,0,0,66
2025-09-27T21:55:43.364Z,60.9,21.1,1.909,50.4,0,59.9,0,0,0,0,0,0,0,0,66
2025-09-27T21:55:44.371Z,60.9,21.1,1.909,49.6,0,59.9,0,0,0,0,0,0,0,0,66
2025-09-27T21:55:45.370Z,60.9,21.1,1.909,50.4,0,59.9,0,0,0,0,0,0,0,0,66
2025-09-27T21:55:46.370Z,60.9,21.1,1.909,49.6,0,59.9,0,0,0,0,0,0,0,0,66
2025-09-27T21:55:47.373Z,60.9,21.1,1.909,49.6,0,59.9,0,0,0,0,0,0,0,0,66
2025-09-27T21:55:48.371Z,60.9,21.1,1.909,50.4,0,59.9,0,0,0,0,0,0,0,0,66
2025-09-27T21:55:49.371Z,60.9,21.1,1.909,49.6,0,59.9,0,0,0,0,0,0,0,0,66
2025-09-27T21:55:50.376Z,60.9,21.1,1.909,49.6,0,59.9,0,0,0,0,0,0,0,0,66
2025-09-27T21:55:51.373Z,60.9,21.1,1.909,50.4,0,59.9,0,0,0,0,0,0,0,0,66
2025-09-27T21:55:52.375Z,60.9,21.1,1.909,49.6,0,59.9,0,0,0,0,0,0,0,0,66
2025-09-27T21:55:53.369Z,60.9,21.1,1.909,49.6,0,59.9,0,0,0,0,0,0,0,0,66
2025-09-27T21:55:54.373Z,60.9,21.1,1.909,50.4,0,59.9,0,0,0,0,0,0,0,0,66
2025-09-27T21:55:55.372Z,60.9,21.1,1.909,49.6,0,59.9,0,0,0,0,0,0,0,0,66
2025-09-27T21:55:56.373Z,60.9,21.1,1.909,50.4,0,59.9,0,0,0,0,0,0,0,0,66
2025-09-27T21:55:57.373Z,60.9,21.1,1.909,50.4,0,59.9,0,0,0,0,0,0,0,0,66
2025-09-27T21:55:58.372Z,60.9,21.1,1.909,49.6,0,59.9,0,0,0,0,0,0,0,0,66
2025-09-27T21:55:59.373Z,60.9,21.1,1.909,50.4,0,59.9,0,0,0,0,0,0,0,0,66
2025-09-27T21:56:00.378Z,60.9,21.1,1.909,49.6,0,59.9,0,0,0,0,0,0,0,0,66
2025-09-27T21:56:01.381Z,60.9,21.1,1.909,50.4,0,59.9,0,0,0,0,0,0,0,0,66
2025-09-27T21:56:02.380Z,60.9,21.1,1.909,50.4,0,59.9,0,0,0,0,0,0,0,0,66
2025-09-27T21:56:03.388Z,60.9,21.1,1.909,49.6,0,59.9,0,0,0,0,0,0,0,0,66
2025-09-27T21:56:04.381Z,60.9,21.1,1.909,50.4,0,59.9,0,0,0,0,0,0,0,0,66
2025-09-27T21:56:05.383Z,60.9,21.1,1.909,49.6,0,59.9,0,0,0,0,0,0,0,0,66
2025-09-27T21:56:06.383Z,60.9,21.1,1.909,50.4,0,59.9,0,0,0,0,0,0,0,0,66
2025-09-27T21:56:07.386Z,60.9,21.1,1.909,49.6,0,59.9,0,0,0,0,0,0,0,0,66
2025-09-27T21:56:08.391Z,60.9,21.1,1.909,50.4,0,59.9,0,0,0,0,0,0,0,0,66
2025-09-27T21:56:09.389Z,60.9,21.1,1.909,49.6,0,59.9,0,0,0,0,0,0,0,0,66
2025-09-27T21:56:10.384Z,60.9,21.1,1.909,50.4,0,59.9,0,0,0,0,0,0,0,0,66
2025-09-27T21:56:11.391Z,60.9,21.1,1.909,49.6,0,59.9,0,0,0,0,0,0,0,0,66
2025-09-27T21:56:12.396Z,60.9,21.1,1.909,49.6,0,59.9,0,0,0,0,0,0,0,0,66
2025-09-27T21:56:13.389Z,60.9,21.1,1.909,50.4,0,59.9,0,0,0,0,0,0,0,0,66
2025-09-27T21:56:14.391Z,60.9,21.1,1.909,49.6,0,59.9,0,0,0,0,0,0,0,0,66
2025-09-27T21:56:15.389Z,60.9,21.1,1.909,50.4,0,59.9,0,0,0,0,0,0,0,0,66
2025-09-27T21:56:16.392Z,60.9,21.1,1.909,49.6,0,59.9,0,0,0,0,0,0,0,0,66
2025-09-27T21:56:17.392Z,60.9,21.1,1.909,50.4,0,59.9,0,0,0,0,0,0,0,0,66
2025-09-27T21:56:18.400Z,60.9,21.1,1.909,50.4,0,59.9,0,0,0,0,0,0,0,0,66
2025-09-27T21:56:19.394Z,60.9,21.1,1.909,49.6,0,59.9,0,0,0,0,0,0,0,0,66
2025-09-27T21:56:20.402Z,60.9,21.1,1.909,50.4,0,59.9,0,0,0,0,0,0,0,0,66
2025-09-27T21:56:21.395Z,60.9,21.1,1.909,49.6,0,59.9,0,0,0,0,0,0,0,0,66
2025-09-27T21:56:22.395Z,60.8,21.1,1.909,50.4,0,59.9,0,0,0,0,0,0,0,0,66
2025-09-27T21:56:23.396Z,60.8,21.1,1.909,49.6,0,59.9,0,0,0,0,0,0,0,0,66
2025-09-27T21:56:24.400Z,60.8,21.1,1.909,50.4,0,59.9,0,0,0,0,0,0,0,0,66
2025-09-27T21:56:25.397Z,60.8,21.1,1.909,49.6,0,59.9,0,0,0,0,0,0,0,0,66
2025-09-27T21:56:26.402Z,60.8,21.1,1.909,50.4,0,59.9,0,0,0,0,0,0,0,0,66
2025-09-27T21:56:27.404Z,60.8,21.1,1.909,49.6,0,59.9,0,0,0,0,0,0,0,0,66
2025-09-27T21:56:28.405Z,60.8,21.1,1.909,50.4,0,59.9,0,0,0,0,0,0,0,0,66
2025-09-27T21:56:29.406Z,60.8,21.1,1.909,49.6,0,59.9,0,0,0,0,0,0,0,0,66
2025-09-27T21:56:30.407Z,60.8,21.1,1.909,49.6,0,59.9,0,0,0,0,0,0,0,0,66
2025-09-27T21:56:31.401Z,60.8,21.1,1.909,50.4,0,59.9,0,0,0,0,0,0,0,0,66
2025-09-27T21:56:32.409Z,60.8,21.1,1.909,49.6,0,59.9,0,0,0,0,0,0,0,0,66
2025-09-27T21:56:33.403Z,60.8,21.1,1.909,50.4,0,59.9,0,0,0,0,0,0,0,0,66
2025-09-27T21:56:34.411Z,60.8,21.1,1.91,49.6,0,59.9,0,0,0,0,0,0,0,0,66
2025-09-27T21:56:35.410Z,60.8,21.1,1.909,50.4,0,59.9,0,0,0,0,0,0,0,0,66
2025-09-27T21:56:36.412Z,60.8,21.1,1.91,49.6,0,59.9,0,0,0,0,0,0,0,0,66
2025-09-27T21:56:37.411Z,60.8,21.1,1.909,50.4,0,59.9,0,0,0,0,0,0,0,0,66
2025-09-27T21:56:38.410Z,60.8,21.1,1.91,49.6,0,59.9,0,0,0,0,0,0,0,0,66
2025-09-27T21:56:39.415Z,60.8,21.1,1.91,50.4,0,59.9,0,0,0,0,0,0,0,0,66
2025-09-27T21:56:40.413Z,60.8,21.1,1.91,49.6,0,59.9,0,0,0,0,0,0,0,0,66
2025-09-27T21:56:41.415Z,60.8,21.1,1.91,50.4,0,59.9,0,0,0,0,0,0,0,0,66
2025-09-27T21:56:42.420Z,60.8,21.1,1.91,49.6,0,59.9,0,0,0,0,0,0,0,0,66
2025-09-27T21:56:43.417Z,60.8,21.1,1.91,50.4,0,59.9,0,0,0,0,0,0,0,0,66
2025-09-27T21:56:44.417Z,60.8,21.1,1.91,49.6,0,59.9,0,0,0,0,0,0,0,0,66
2025-09-27T21:56:45.421Z,60.8,21.1,1.911,50.4,0,59.9,0,0,0,0,0,0,0,0,66
2025-09-27T21:56:46.425Z,60.8,21.1,1.911,49.6,0,59.9,0,0,0,0,0,0,0,0,66
2025-09-27T21:56:47.422Z,60.8,21.1,1.91,49.6,0,59.9,0,0,0,0,0,0,0,0,66
2025-09-27T21:56:48.423Z,60.8,21.1,1.91,49.6,0,59.9,0,0,0,0,0,0,0,0,66
2025-09-27T21:56:49.427Z,60.7,21.1,1.911,50.4,0,59.9,0,0,0,0,0,0,0,0,66
2025-09-27T21:56:50.431Z,60.8,21.1,1.911,49.6,0,59.9,0,0,0,0,0,0,0,0,66
2025-09-27T21:56:51.426Z,60.8,21.1,1.911,50.4,0,59.9,0,0,0,0,0,0,0,0,66
2025-09-27T21:56:52.422Z,60.8,21.1,1.91,49.6,0,59.9,0,0,0,0,0,0,0,0,66
2025-09-27T21:56:53.424Z,60.7,21.1,1.91,49.6,0,59.9,0,0,0,0,0,0,0,0,66
2025-09-27T21:56:54.426Z,60.7,21.1,1.91,50.4,0,59.9,0,0,0,0,0,0,0,0,66
2025-09-27T21:56:55.426Z,60.7,21.1,1.91,49.6,0,59.9,0,0,0,0,0,0,0,0,66
2025-09-27T21:56:56.427Z,60.7,21.1,1.91,50.4,0,59.9,0,0,0,0,0,0,0,0,66
2025-09-27T21:56:57.431Z,60.7,21.1,1.911,49.6,0,59.9,0,0,0,0,0,0,0,0,66
2025-09-27T21:56:58.434Z,60.7,21.1,1.911,49.6,0,59.9,0,0,0,0,0,0,0,0,66
2025-09-27T21:56:59.435Z,60.7,21.1,1.911,50.4,0,59.9,0,0,0,0,0,0,0,0,66
2025-09-27T21:57:00.437Z,60.7,21.1,1.911,49.6,0,59.9,0,0,0,0,0,0,0,0,66
2025-09-27T21:57:01.435Z,60.7,21.1,1.911,50.4,0,59.9,0,0,0,0,0,0,0,0,66
2025-09-27T21:57:02.436Z,60.7,21.1,1.911,49.6,0,59.9,0,0,0,0,0,0,0,0,66
2025-09-27T21:57:03.438Z,60.7,21.1,1.911,50.4,0,59.9,0,0,0,0,0,0,0,0,66
2025-09-27T21:57:04.440Z,60.7,21.1,1.911,49.6,0,59.9,0,0,0,0,0,0,0,0,66
2025-09-27T21:57:05.437Z,60.7,21.1,1.911,50.4,0,59.9,0,0,0,0,0,0,0,0,66
2025-09-27T21:57:06.439Z,60.7,21.1,1.911,49.6,0,59.9,0,0,0,0,0,0,0,0,66
2025-09-27T21:57:07.444Z,60.7,21.1,1.911,49.6,0,59.9,0,0,0,0,0,0,0,0,66
2025-09-27T21:57:08.445Z,60.7,21.1,1.911,50.4,0,59.9,0,0,0,0,0,0,0,0,66
2025-09-27T21:57:09.441Z,60.7,21.1,1.911,49.6,0,59.9,0,0,0,0,0,0,0,0,66
2025-09-27T21:57:10.443Z,60.7,21.1,1.911,50.4,0,59.9,0,0,0,0,0,0,0,0,66
2025-09-27T21:57:11.445Z,60.7,21.1,1.911,49.6,0,59.9,0,0,0,0,0,0,0,0,66
2025-09-27T21:57:12.451Z,60.7,21.1,1.911,49.6,0,59.9,0,0,0,0,0,0,0,0,66
2025-09-27T21:57:13.444Z,60.7,21.1,1.911,50.4,0,59.9,0,0,0,0,0,0,0,0,66
2025-09-27T21:57:14.444Z,60.7,21.1,1.911,49.6,0,59.9,0,0,0,0,0,0,0,0,66
2025-09-27T21:57:15.447Z,60.7,21.1,1.911,50.4,0,59.9,0,0,0,0,0,0,0,0,66
2025-09-27T21:57:16.453Z,60.6,21.1,1.911,50.4,0,59.9,0,0,0,0,0,0,0,0,66
2025-09-27T21:57:17.451Z,60.6,21.1,1.911,49.6,0,60,0,0,0,0,0,0,0,0,66
2025-09-27T21:57:18.451Z,60.6,21.1,1.911,50.4,0,60,0,0,0,0,0,0,0,0,66
2025-09-27T21:57:19.449Z,60.6,21.1,1.911,49.6,0,60,0,0,0,0,0,0,0,0,66
2025-09-27T21:57:20.454Z,60.6,21.1,1.911,50.4,0,60,0,0,0,0,0,0,0,0,66
2025-09-27T21:57:21.451Z,60.6,21.1,1.911,49.6,0,60,0,0,0,0,0,0,0,0,66
2025-09-27T21:57:22.449Z,60.6,21.1,1.911,50.4,0,59.9,0,0,0,0,0,0,0,0,66
2025-09-27T21:57:23.456Z,60.6,21.1,1.911,49.6,0,59.9,0,0,0,0,0,0,0,0,66
2025-09-27T21:57:24.453Z,60.6,21.1,1.911,49.6,0,60,0,0,0,0,0,0,0,0,66
2025-09-27T21:57:25.455Z,60.6,21.1,1.911,50.4,0,60,0,0,0,0,0,0,0,0,66
2025-09-27T21:57:26.459Z,60.6,21.1,1.911,49.6,0,60,0,0,0,0,0,0,0,0,66
2025-09-27T21:57:27.457Z,60.6,21.1,1.911,50.4,0,60,0,0,0,0,0,0,0,0,66
2025-09-27T21:57:28.457Z,60.6,21.1,1.911,49.6,0,59.9,0,0,0,0,0,0,0,0,66
2025-09-27T21:57:29.461Z,60.6,21.1,1.911,49.6,0,60,0,0,0,0,0,0,0,0,66
2025-09-27T21:57:30.461Z,60.6,21.1,1.911,50.4,0,59.9,0,0,0,0,0,0,0,0,66
2025-09-27T21:57:31.461Z,60.6,21.1,1.911,49.6,0,60,0,0,0,0,0,0,0,0,66
2025-09-27T21:57:32.468Z,60.6,21.1,1.91,50.4,0,60,0,0,0,0,0,0,0,0,66
2025-09-27T21:57:33.463Z,60.6,21.1,1.911,50.4,0,60,0,0,0,0,0,0,0,0,66
2025-09-27T21:57:34.463Z,60.6,21.1,1.911,49.6,0,60,0,0,0,0,0,0,0,0,66
2025-09-27T21:57:35.468Z,60.6,21.1,1.91,50.4,0,60,0,0,0,0,0,0,0,0,66
2025-09-27T21:57:36.464Z,60.6,21.1,1.911,49.6,0,60,0,0,0,0,0,0,0,0,66
2025-09-27T21:57:37.467Z,60.6,21.1,1.911,50.4,0,60,0,0,0,0,0,0,0,0,66
2025-09-27T21:57:38.467Z,60.6,21.1,1.911,49.6,0,60,0,0,0,0,0,0,0,0,66
2025-09-27T21:57:39.465Z,60.6,21.1,1.911,50.4,0,60,0,0,0,0,0,0,0,0,66
2025-09-27T21:57:40.467Z,60.5,21.1,1.912,49.6,0,60,0,0,0,0,0,0,0,0,66
2025-09-27T21:57:41.472Z,60.5,21.1,1.911,50.4,0,60,0,0,0,0,0,0,0,0,66
2025-09-27T21:57:42.477Z,60.5,21.1,1.91,49.6,0,60,0,0,0,0,0,0,0,0,66
2025-09-27T21:57:43.475Z,60.5,21.1,1.911,50.4,0,60,0,0,0,0,0,0,0,0,66
2025-09-27T21:57:44.473Z,60.5,21.1,1.911,49.6,0,60,0,0,0,0,0,0,0,0,66
2025-09-27T21:57:45.475Z,60.5,21.1,1.911,49.6,0,60,0,0,0,0,0,0,0,0,66
2025-09-27T21:57:46.480Z,60.5,21.1,1.911,50.4,0,60,0,0,0,0,0,0,0,0,66
2025-09-27T21:57:47.480Z,60.5,21.1,1.911,49.6,0,60,0,0,0,0,0,0,0,0,66
2025-09-27T21:57:48.477Z,60.5,21.1,1.911,49.6,0,60,0,0,0,0,0,0,0,0,66
2025-09-27T21:57:49.477Z,60.5,21.1,1.911,50.4,0,60,0,0,0,0,0,0,0,0,66
2025-09-27T21:57:50.480Z,60.5,21.1,1.911,49.6,0,60,0,0,0,0,0,0,0,0,66
2025-09-27T21:57:51.486Z,60.5,21.1,1.911,50.4,0,60,0,0,0,0,0,0,0,0,66
2025-09-27T21:57:52.477Z,60.5,21.1,1.911,49.6,0,60,0,0,0,0,0,0,0,0,66
2025-09-27T21:57:53.479Z,60.5,21.1,1.911,50.4,0,60,0,0,0,0,0,0,0,0,66
2025-09-27T21:57:54.482Z,60.5,21.1,1.911,49.6,0,60,0,0,0,0,0,0,0,0,66
2025-09-27T21:57:55.492Z,60.5,21.1,1.911,49.6,0,60,0,0,0,0,0,0,0,0,66
2025-09-27T21:57:56.484Z,60.5,21.1,1.912,50.4,0,60,0,0,0,0,0,0,0,0,66
2025-09-27T21:57:57.480Z,60.5,21.1,1.911,49.6,0,60,0,0,0,0,0,0,0,0,66
2025-09-27T21:57:58.482Z,60.4,21.1,1.912,49.6,0,60,0,0,0,0,0,0,0,0,66
2025-09-27T21:57:59.483Z,60.5,21.1,1.911,50.4,0,60,0,0,0,0,0,0,0,0,66
2025-09-27T21:58:00.484Z,60.4,21.1,1.911,49.6,0,60,0,0,0,0,0,0,0,0,66
2025-09-27T21:58:01.492Z,60.4,21.1,1.912,50.4,0,60,0,0,0,0,0,0,0,0,66
2025-09-27T21:58:02.493Z,60.4,21.1,1.911,49.6,0,60,0,0,0,0,0,0,0,0,66
2025-09-27T21:58:03.490Z,60.4,21.1,1.912,49.6,0,60,0,0,0,0,0,0,0,0,66
2025-09-27T21:58:04.490Z,60.4,21.1,1.912,50.4,0,60,0,0,0,0,0,0,0,0,66
2025-09-27T21:58:05.492Z,60.4,21.1,1.912,50.4,0,60,0,0,0,0,0,0,0,0,66
2025-09-27T21:58:06.506Z,60.4,21.1,1.912,49.6,0,60,0,0,0,0,0,0,0,0,66
2025-09-27T21:58:07.497Z,60.4,21.1,1.912,50.4,0,60,0,0,0,0,0,0,0,0,66
2025-09-27T21:58:08.496Z,60.4,21.1,1.912,49.6,0,60,0,0,0,0,0,0,0,0,66
2025-09-27T21:58:09.504Z,60.4,21.1,1.912,49.6,0,59.9,0,0,0,0,0,0,0,0,66
2025-09-27T21:58:10.497Z,60.4,21.1,1.912,50.4,0,60,0,0,0,0,0,0,0,0,66
2025-09-27T21:58:11.497Z,60.4,21.1,1.912,49.6,0,60,0,0,0,0,0,0,0,0,66
2025-09-27T21:58:12.500Z,60.4,21.1,1.912,49.6,0,60,0,0,0,0,0,0,0,0,66
2025-09-27T21:58:13.500Z,60.4,21.1,1.912,50.4,0,60,0,0,0,0,0,0,0,0,66
2025-09-27T21:58:14.503Z,60.4,21.1,1.912,49.6,0,60,0,0,0,0,0,0,0,0,66
2025-09-27T21:58:15.501Z,60.4,21.1,1.912,50.4,0,60,0,0,0,0,0,0,0,0,66
2025-09-27T21:58:16.499Z,60.4,21.1,1.912,50.4,0,60,0,0,0,0,0,0,0,0,66
2025-09-27T21:58:17.502Z,60.4,21.1,1.912,49.6,0,60,0,0,0,0,0,0,0,0,66
2025-09-27T21:58:18.509Z,60.4,21.1,1.912,49.6,0,60,0,0,0,0,0,0,0,0,66
2025-09-27T21:58:19.506Z,60.4,21.1,1.912,50.4,0,60,0,0,0,0,0,0,0,0,66
2025-09-27T21:58:20.511Z,60.4,21.1,1.912,50.4,0,60,0,0,0,0,0,0,0,0,66
2025-09-27T21:58:21.505Z,60.3,21.1,1.912,49.6,0,60,0,0,0,0,0,0,0,0,66
2025-09-27T21:58:22.506Z,60.3,21.1,1.912,50.4,0,60,0,0,0,0,0,0,0,0,66
2025-09-27T21:58:23.507Z,60.3,21.1,1.912,49.6,0,60,0,0,0,0,0,0,0,0,66
2025-09-27T21:58:24.509Z,60.3,21.1,1.912,49.6,0,60,0,0,0,0,0,0,0,0,66
2025-09-27T21:58:25.509Z,60.3,21.1,1.912,50.4,0,60,0,0,0,0,0,0,0,0,66
2025-09-27T21:58:26.513Z,60.3,21.1,1.912,49.6,0,60,0,0,0,0,0,0,0,0,66
2025-09-27T21:58:27.512Z,60.3,21.1,1.912,49.6,0,60,0,0,0,0,0,0,0,0,66
2025-09-27T21:58:28.510Z,60.3,21.1,1.912,50.4,0,60,0,0,0,0,0,0,0,0,66
2025-09-27T21:58:29.512Z,60.3,21.1,1.912,49.6,0,60,0,0,0,0,0,0,0,0,66
2025-09-27T21:58:30.518Z,60.3,21.1,1.912,49.6,0,60,0,0,0,0,0,0,0,0,66
2025-09-27T21:58:31.515Z,60.3,21.1,1.912,50.4,0,60,0,0,0,0,0,0,0,0,66
2025-09-27T21:58:32.515Z,60.3,21.1,1.912,49.6,0,60,0,0,0,0,0,0,0,0,66
2025-09-27T21:58:33.519Z,60.3,21.1,1.912,50.4,0,60,0,0,0,0,0,0,0,0,66
2025-09-27T21:58:34.517Z,60.3,21.1,1.912,50.4,0,60,0,0,0,0,0,0,0,0,66
2025-09-27T21:58:35.518Z,60.3,21.1,1.912,49.6,0,60,0,0,0,0,0,0,0,0,66
2025-09-27T21:58:36.522Z,60.3,21.1,1.912,50.4,0,60,0,0,0,0,0,0,0,0,66
2025-09-27T21:58:37.538Z,60.3,21.1,1.912,49.6,0,60,0,0,0,0,0,0,0,0,66
2025-09-27T21:58:38.521Z,60.3,21.1,1.912,49.6,0,60,0,0,0,0,0,0,0,0,66
2025-09-27T21:58:39.525Z,60.3,21.1,1.912,50.4,0,60,0,0,0,0,0,0,0,0,66
2025-09-27T21:58:40.522Z,60.3,21.1,1.912,50.4,0,60,0,0,0,0,0,0,0,0,66
2025-09-27T21:58:41.522Z,60.3,21.1,1.912,49.6,0,60,0,0,0,0,0,0,0,0,66
2025-09-27T21:58:42.522Z,60.3,21.1,1.912,50.4,0,60,0,0,0,0,0,0,0,0,66
2025-09-27T21:58:43.527Z,60.3,21.1,1.912,50.4,0,60,0,0,0,0,0,0,0,0,66
2025-09-27T21:58:44.529Z,60.3,21.1,1.912,49.6,0,60,0,0,0,0,0,0,0,0,66
2025-09-27T21:58:45.530Z,60.3,21.1,1.912,50.4,0,60,0,0,0,0,0,0,0,0,66
2025-09-27T21:58:46.531Z,60.2,21.1,1.912,49.6,0,60,0,0,0,0,0,0,0,0,66
2025-09-27T21:58:47.531Z,60.2,21.1,1.912,50.4,0,60,0,0,0,0,0,0,0,0,66
2025-09-27T21:58:48.529Z,60.2,21.1,1.912,49.6,0,60,0,0,0,0,0,0,0,0,66
2025-09-27T21:58:49.530Z,60.2,21.1,1.912,50.4,0,60,0,0,0,0,0,0,0,0,66
2025-09-27T21:58:50.537Z,60.2,21.1,1.913,49.6,0,60,0,0,0,0,0,0,0,0,66
2025-09-27T21:58:51.528Z,60.2,21.1,1.912,50.4,0,60,0,0,0,0,0,0,0,0,66
2025-09-27T21:58:52.531Z,60.2,21.1,1.912,49.6,0,60,0,0,0,0,0,0,0,0,66
2025-09-27T21:58:53.531Z,60.2,21.1,1.912,49.6,0,60,0,0,0,0,0,0,0,0,66
2025-09-27T21:58:54.536Z,60.2,21.1,1.913,50.4,0,60,0,0,0,0,0,0,0,0,66
2025-09-27T21:58:55.537Z,60.2,21.1,1.913,49.6,0,60,0,0,0,0,0,0,0,0,66
2025-09-27T21:58:56.538Z,60.2,21.1,1.913,50.4,0,60,0,0,0,0,0,0,0,0,66
2025-09-27T21:58:57.534Z,60.2,21.1,1.912,49.6,0,60,0,0,0,0,0,0,0,0,66
2025-09-27T21:58:58.539Z,60.2,21.1,1.913,49.6,0,60,0,0,0,0,0,0,0,0,66
2025-09-27T21:58:59.540Z,60.2,21.1,1.913,50.4,0,60,0,0,0,0,0,0,0,0,66
2025-09-27T21:59:00.545Z,60.2,21.1,1.913,49.6,0,60,0,0,0,0,0,0,0,0,66
2025-09-27T21:59:01.543Z,60.2,21.1,1.913,49.6,0,60,0,0,0,0,0,0,0,0,66
2025-09-27T21:59:02.547Z,60.2,21.1,1.913,50.4,0,60,0,0,0,0,0,0,0,0,66
2025-09-27T21:59:03.549Z,60.2,21.1,1.913,49.6,0,60,0,0,0,0,0,0,0,0,66
2025-09-27T21:59:04.545Z,60.2,21.1,1.913,50.4,0,60,0,0,0,0,0,0,0,0,66
2025-09-27T21:59:05.546Z,60.2,21.1,1.913,50.4,0,60,0,0,0,0,0,0,0,0,66
2025-09-27T21:59:06.549Z,60.2,21.1,1.913,49.6,0,60,0,0,0,0,0,0,0,0,66
2025-09-27T21:59:07.554Z,60.2,21.1,1.913,50.4,0,60,0,0,0,0,0,0,0,0,66
2025-09-27T21:59:08.550Z,60.2,21.1,1.913,49.6,0,60,0,0,0,0,0,0,0,0,66
2025-09-27T21:59:09.551Z,60.2,21.1,1.913,50.4,0,60,0,0,0,0,0,0,0,0,66
2025-09-27T21:59:10.554Z,60.2,21.1,1.913,49.6,0,60,0,0,0,0,0,0,0,0,66
2025-09-27T21:59:11.556Z,60.2,21.1,1.913,49.6,0,60,0,0,0,0,0,0,0,0,66
2025-09-27T21:59:12.556Z,60.1,21.1,1.913,50.4,0,60,0,0,0,0,0,0,0,0,66
2025-09-27T21:59:13.553Z,60.1,21.1,1.914,50.4,0,60,0,0,0,0,0,0,0,0,66
2025-09-27T21:59:14.559Z,60.1,21.1,1.913,49.6,0,60,0,0,0,0,0,0,0,0,66
2025-09-27T21:59:15.559Z,60.1,21.1,1.914,50.4,0,60,0,0,0,0,0,0,0,0,66
2025-09-27T21:59:16.558Z,60.1,21.1,1.914,49.6,0,60,0,0,0,0,0,0,0,0,66
2025-09-27T21:59:17.560Z,60.1,21.1,1.914,50.4,0,60,0,0,0,0,0,0,0,0,66
2025-09-27T21:59:18.562Z,60.1,21.1,1.914,49.6,0,60,0,0,0,0,0,0,0,0,66
2025-09-27T21:59:19.561Z,60.1,21.1,1.913,50.4,0,60,0,0,0,0,0,0,0,0,66
2025-09-27T21:59:20.559Z,60.1,21.1,1.914,49.6,0,60,0,0,0,0,0,0,0,0,66
2025-09-27T21:59:21.560Z,60.1,21.1,1.914,50.4,0,60,0,0,0,0,0,0,0,0,66
2025-09-27T21:59:22.563Z,60.1,21.1,1.914,49.6,0,60,0,0,0,0,0,0,0,0,66
2025-09-27T21:59:23.565Z,60.1,21.1,1.914,49.6,0,60,0,0,0,0,0,0,0,0,66
2025-09-27T21:59:24.565Z,60.1,21.1,1.914,50.4,0,60,0,0,0,0,0,0,0,0,66
2025-09-27T21:59:25.566Z,60.1,21.1,1.914,49.6,0,60,0,0,0,0,0,0,0,0,66
2025-09-27T21:59:26.567Z,60.1,21.1,1.914,49.6,0,60,0,0,0,0,0,0,0,0,66
2025-09-27T21:59:27.569Z,60.1,21.1,1.914,50.4,0,60,0,0,0,0,0,0,0,0,66
2025-09-27T21:59:28.567Z,60.1,21.1,1.914,49.6,0,60,0,0,0,0,0,0,0,0,66
2025-09-27T21:59:29.566Z,60.1,21.1,1.914,49.6,0,60,0,0,0,0,0,0,0,0,66
2025-09-27T21:59:30.570Z,60.1,21.1,1.914,50.4,0,60,0,0,0,0,0,0,0,0,66
2025-09-27T21:59:31.572Z,60.1,21.1,1.914,50.4,0,60,0,0,0,0,0,0,0,0,66
2025-09-27T21:59:32.572Z,60.1,21.1,1.914,49.6,0,60,0,0,0,0,0,0,0,0,66
2025-09-27T21:59:33.580Z,60.1,21.1,1.913,50.4,0,60,0,0,0,0,0,0,0,0,66
2025-09-27T21:59:34.574Z,60.1,21.1,1.914,49.6,0,60,0,0,0,0,0,0,0,0,66
2025-09-27T21:59:35.576Z,60.1,21.1,1.914,50.4,0,60,0,0,0,0,0,0,0,0,66
2025-09-27T21:59:36.583Z,60.1,21.1,1.913,49.6,0,60,0,0,0,0,0,0,0,0,66
2025-09-27T21:59:37.577Z,60.1,21.1,1.914,50.4,0,60,0,0,0,0,0,0,0,0,66
2025-09-27T21:59:38.579Z,60.1,21.1,1.914,49.6,0,60,0,0,0,0,0,0,0,0,66
2025-09-27T21:59:39.580Z,60.1,21.1,1.914,49.6,0,60,0,0,0,0,0,0,0,0,66
2025-09-27T21:59:40.578Z,60.1,21.1,1.914,50.4,0,60,0,0,0,0,0,0,0,0,66
2025-09-27T21:59:41.578Z,60.1,21.1,1.914,50.4,0,60,0,0,0,0,0,0,0,0,66
2025-09-27T21:59:42.582Z,60,21.1,1.914,49.6,0,60,0,0,0,0,0,0,0,0,66
2025-09-27T21:59:43.579Z,60,21.1,1.914,50.4,0,60,0,0,0,0,0,0,0,0,66
2025-09-27T21:59:44.582Z,60,21.1,1.914,49.6,0,60,0,0,0,0,0,0,0,0,66
2025-09-27T21:59:45.590Z,60,21.1,1.913,49.6,0,60,0,0,0,0,0,0,0,0,66
2025-09-27T21:59:46.587Z,60,21.1,1.914,49.6,0,60,0,0,0,0,0,0,0,0,66
2025-09-27T21:59:47.583Z,60,21.1,1.914,50.4,0,60,0,0,0,0,0,0,0,0,66
2025-09-27T21:59:48.589Z,60,21.1,1.914,50.4,0,60,0,0,0,0,0,0,0,0,66
2025-09-27T21:59:49.589Z,60,21.1,1.914,49.6,0,60,0,0,0,0,0,0,0,0,66
2025-09-27T21:59:50.589Z,60,21.1,1.914,50.4,0,60,0,0,0,0,0,0,0,0,66
2025-09-27T21:59:51.588Z,60,21.1,1.914,49.6,0,60,0,0,0,0,0,0,0,0,66
2025-09-27T21:59:52.587Z,60,21.1,1.914,49.6,0,60,0,0,0,0,0,0,0,0,66
2025-09-27T21:59:53.590Z,60,21.1,1.914,50.4,0,60,0,0,0,0,0,0,0,0,66
2025-09-27T21:59:54.589Z,60,21.1,1.914,49.6,0,60,0,0,0,0,0,0,0,0,66
2025-09-27T21:59:55.593Z,60,21.1,1.913,50.4,0,60,0,0,0,0,0,0,0,0,66
2025-09-27T21:59:56.595Z,60,21.1,1.913,49.6,0,60,0,0,0,0,0,0,0,0,66
2025-09-27T21:59:57.593Z,60,21.1,1.914,49.6,0,60,0,0,0,0,0,0,0,0,66
2025-09-27T21:59:58.597Z,60,21.1,1.913,50.4,0,60,0,0,0,0,0,0,0,0,66
2025-09-27T21:59:59.597Z,60,21.1,1.913,49.6,0,60,0,0,0,0,0,0,0,0,66
2025-09-27T22:00:00.602Z,60,21.1,1.913,50.4,0,60,0,0,0,0,0,0,0,0,66
2025-09-27T22:00:01.598Z,60,21.1,1.913,50.4,0,60,0,0,0,0,0,0,0,0,66
2025-09-27T22:00:02.604Z,60,21.1,1.913,49.6,0,60,0,0,0,0,0,0,0,0,66
2025-09-27T22:00:03.603Z,60,21.1,1.913,50.4,0,60,0,0,0,0,0,0,0,0,66
2025-09-27T22:00:04.603Z,59.9,21.1,1.913,49.6,0,60,0,0,0,0,0,0,0,0,66
2025-09-27T22:00:05.604Z,59.9,21.1,1.913,50.4,0,60,0,0,0,0,0,0,0,0,66
2025-09-27T22:00:06.609Z,59.9,21.1,1.913,49.6,0,60,0,0,0,0,0,0,0,0,66
2025-09-27T22:00:07.605Z,59.9,21.1,1.913,49.6,0,60,0,0,0,0,0,0,0,0,66
2025-09-27T22:00:08.607Z,59.9,21.1,1.913,50.4,0,60,0,0,0,0,0,0,0,0,66
2025-09-27T22:00:09.607Z,59.9,21.1,1.913,49.6,0,60,0,0,0,0,0,0,0,0,66
2025-09-27T22:00:10.607Z,59.9,21.1,1.913,50.4,0,60,0,0,0,0,0,0,0,0,66
2025-09-27T22:00:11.616Z,59.9,21.1,1.913,50.4,0,60,0,0,0,0,0,0,0,0,66
2025-09-27T22:00:12.608Z,59.9,21.1,1.913,49.6,0,60,0,0,0,0,0,0,0,0,66
2025-09-27T22:00:13.612Z,59.9,21.1,1.914,50.4,0,60,0,0,0,0,0,0,0,0,66
2025-09-27T22:00:14.613Z,59.9,21.1,1.913,49.6,0,60,0,0,0,0,0,0,0,0,66
2025-09-27T22:00:15.612Z,59.9,21.1,1.914,50.4,0,60,0,0,0,0,0,0,0,0,66
2025-09-27T22:00:16.616Z,59.9,21.1,1.913,49.6,0,60,0,0,0,0,0,0,0,0,66
2025-09-27T22:00:17.616Z,59.9,21.1,1.913,49.6,0,60,0,0,0,0,0,0,0,0,66
2025-09-27T22:00:18.616Z,59.9,21.1,1.914,50.4,0,60,0,0,0,0,0,0,0,0,66
2025-09-27T22:00:19.616Z,59.9,21.1,1.913,49.6,0,60,0,0,0,0,0,0,0,0,66
2025-09-27T22:00:20.621Z,59.9,21.1,1.913,50.4,0,60,0,0,0,0,0,0,0,0,66
2025-09-27T22:00:21.617Z,59.9,21.1,1.914,49.6,0,60,0,0,0,0,0,0,0,0,66
2025-09-27T22:00:22.620Z,59.9,21.1,1.914,49.6,0,60,0,0,0,0,0,0,0,0,66
2025-09-27T22:00:23.624Z,59.9,21.1,1.915,50.4,0,60,0,0,0,0,0,0,0,0,66
2025-09-27T22:00:24.622Z,59.9,21.1,1.915,50.4,0,60,0,0,0,0,0,0,0,0,66
2025-09-27T22:00:25.620Z,59.9,21.1,1.914,49.6,0,60,0,0,0,0,0,0,0,0,66
2025-09-27T22:00:26.627Z,59.9,21.1,1.915,50.4,0,60,0,0,0,0,0,0,0,0,66
2025-09-27T22:00:27.622Z,59.9,21.1,1.914,49.6,0,60,0,0,0,0,0,0,0,0,66
2025-09-27T22:00:28.624Z,59.9,21.1,1.915,50.4,0,60,0,0,0,0,0,0,0,0,66
2025-09-27T22:00:29.624Z,59.8,21.1,1.914,49.6,0,60,0,0,0,0,0,0,0,0,66
2025-09-27T22:00:30.625Z,59.9,21.1,1.915,50.4,0,60,0,0,0,0,0,0,0,0,66
2025-09-27T22:00:31.627Z,59.8,21.1,1.915,49.6,0,60,0,0,0,0,0,0,0,0,66
2025-09-27T22:00:32.624Z,59.8,21.1,1.914,50.4,0,60,0,0,0,0,0,0,0,0,66
2025-09-27T22:00:33.625Z,59.8,21.1,1.914,49.6,0,60,0,0,0,0,0,0,0,0,66
2025-09-27T22:00:34.631Z,59.8,21.1,1.915,50.4,0,60,0,0,0,0,0,0,0,0,66
2025-09-27T22:00:35.633Z,59.8,21.1,1.915,49.6,0,60,0,0,0,0,0,0,0,0,66
2025-09-27T22:00:36.629Z,59.8,21.1,1.914,49.6,0,60,0,0,0,0,0,0,0,0,66
2025-09-27T22:00:37.632Z,59.8,21.1,1.915,50.4,0,60,0,0,0,0,0,0,0,0,66
2025-09-27T22:00:38.638Z,59.8,21.1,1.915,49.6,0,60,0,0,0,0,0,0,0,0,66
2025-09-27T22:00:39.647Z,59.8,21.1,1.915,50.4,0,60,0,0,0,0,0,0,0,0,66
2025-09-27T22:00:40.640Z,59.8,21.1,1.915,49.6,0,60,0,0,0,0,0,0,0,0,66
2025-09-27T22:00:41.639Z,59.8,21.1,1.915,49.6,0,60,0,0,0,0,0,0,0,0,66
2025-09-27T22:00:42.636Z,59.8,21.1,1.915,50.4,0,60,0,0,0,0,0,0,0,0,66
2025-09-27T22:00:43.640Z,59.8,21.1,1.915,49.6,0,60,0,0,0,0,0,0,0,0,66
2025-09-27T22:00:44.636Z,59.8,21.1,1.915,50.4,0,60,0,0,0,0,0,0,0,0,66
2025-09-27T22:00:45.645Z,59.8,21.1,1.915,49.6,0,60,0,0,0,0,0,0,0,0,66
2025-09-27T22:00:46.642Z,59.8,21.1,1.915,49.6,0,60,0,0,0,0,0,0,0,0,66
2025-09-27T22:00:47.642Z,59.8,21.1,1.915,50.4,0,60,0,0,0,0,0,0,0,0,66
2025-09-27T22:00:48.640Z,59.8,21.1,1.915,49.6,0,60,0,0,0,0,0,0,0,0,66
2025-09-27T22:00:49.647Z,59.8,21.1,1.915,49.6,0,60,0,0,0,0,0,0,0,0,66
2025-09-27T22:00:50.652Z,59.8,21.1,1.915,50.4,0,60,0,0,0,0,0,0,0,0,66
2025-09-27T22:00:51.646Z,59.8,21.1,1.915,49.6,0,60,0,0,0,0,0,0,0,0,66
2025-09-27T22:00:52.643Z,59.8,21.1,1.915,50.4,0,60,0,0,0,0,0,0,0,0,66
2025-09-27T22:00:53.645Z,59.8,21.1,1.915,50.4,0,60,0,0,0,0,0,0,0,0,66
2025-09-27T22:00:54.646Z,59.8,21.1,1.915,49.6,0,60,0,0,0,0,0,0,0,0,66
2025-09-27T22:00:55.651Z,59.7,21.1,1.915,50.4,0,60,0,0,0,0,0,0,0,0,66
2025-09-27T22:00:56.650Z,59.7,21.1,1.915,49.6,0,60,0,0,0,0,0,0,0,0,66
2025-09-27T22:00:57.650Z,59.7,21.1,1.915,50.4,0,60.1,0,0,0,0,0,0,0,0,66
2025-09-27T22:00:58.655Z,59.7,21.1,1.915,49.6,0,60.1,0,0,0,0,0,0,0,0,66
2025-09-27T22:00:59.657Z,59.7,21.1,1.915,49.6,0,60,0,0,0,0,0,0,0,0,66
2025-09-27T22:01:00.651Z,59.7,21.1,1.915,50.4,0,60,0,0,0,0,0,0,0,0,66
2025-09-27T22:01:01.656Z,59.7,21.1,1.915,49.6,0,60,0,0,0,0,0,0,0,0,66
2025-09-27T22:01:02.662Z,59.7,21.1,1.915,50.4,0,60,0,0,0,0,0,0,0,0,66
2025-09-27T22:01:03.657Z,59.7,21.1,1.915,49.6,0,60.1,0,0,0,0,0,0,0,0,66
2025-09-27T22:01:04.661Z,59.7,21.1,1.915,49.6,0,60.1,0,0,0,0,0,0,0,0,66
2025-09-27T22:01:05.658Z,59.7,21.1,1.915,50.4,0,60.1,0,0,0,0,0,0,0,0,66
2025-09-27T22:01:06.665Z,59.7,21.1,1.915,49.6,0,60,0,0,0,0,0,0,0,0,66
2025-09-27T22:01:07.659Z,59.7,21.1,1.915,50.4,0,60,0,0,0,0,0,0,0,0,66
2025-09-27T22:01:08.662Z,59.7,21.1,1.915,50.4,0,60,0,0,0,0,0,0,0,0,66
2025-09-27T22:01:09.662Z,59.7,21.1,1.915,49.6,0,60,0,0,0,0,0,0,0,0,66
2025-09-27T22:01:10.666Z,59.7,21.1,1.915,50.4,0,60,0,0,0,0,0,0,0,0,66
2025-09-27T22:01:11.665Z,59.7,21.1,1.915,49.6,0,60,0,0,0,0,0,0,0,0,66
2025-09-27T22:01:12.664Z,59.7,21.1,1.915,50.4,0,60,0,0,0,0,0,0,0,0,66
2025-09-27T22:01:13.666Z,59.7,21.1,1.915,49.6,0,60,0,0,0,0,0,0,0,0,66
2025-09-27T22:01:14.667Z,59.7,21.1,1.915,50.4,0,60,0,0,0,0,0,0,0,0,66
2025-09-27T22:01:15.670Z,59.7,21.1,1.915,49.6,0,60,0,0,0,0,0,0,0,0,66
2025-09-27T22:01:16.668Z,59.7,21.1,1.915,50.4,0,60.1,0,0,0,0,0,0,0,0,66
2025-09-27T22:01:17.672Z,59.7,21.1,1.915,49.6,0,60,0,0,0,0,0,0,0,0,66
2025-09-27T22:01:18.667Z,59.7,21.1,1.915,50.4,0,60.1,0,0,0,0,0,0,0,0,66
2025-09-27T22:01:19.674Z,59.7,21.1,1.915,50.4,0,60.1,0,0,0,0,0,0,0,0,66
2025-09-27T22:01:20.672Z,59.7,21.1,1.915,49.6,0,60,0,0,0,0,0,0,0,0,66
2025-09-27T22:01:21.671Z,59.7,21.1,1.915,50.4,0,60,0,0,0,0,0,0,0,0,66
2025-09-27T22:01:22.678Z,59.7,21.1,1.915,49.6,0,60,0,0,0,0,0,0,0,0,66
2025-09-27T22:01:23.673Z,59.7,21.1,1.915,50.4,0,60,0,0,0,0,0,0,0,0,66
2025-09-27T22:01:24.678Z,59.7,21.1,1.915,49.6,0,60,0,0,0,0,0,0,0,0,66
2025-09-27T22:01:25.675Z,59.7,21.1,1.915,50.4,0,60.1,0,0,0,0,0,0,0,0,66
2025-09-27T22:01:26.676Z,59.6,21.1,1.915,49.6,0,60,0,0,0,0,0,0,0,0,66
2025-09-27T22:01:27.678Z,59.6,21.1,1.915,50.4,0,60,0,0,0,0,0,0,0,0,66
2025-09-27T22:01:28.680Z,59.6,21.1,1.915,49.6,0,60,0,0,0,0,0,0,0,0,66
2025-09-27T22:01:29.679Z,59.6,21.1,1.915,50.4,0,60,0,0,0,0,0,0,0,0,66
2025-09-27T22:01:30.689Z,59.6,21.1,1.915,49.6,0,60,0,0,0,0,0,0,0,0,66
2025-09-27T22:01:31.683Z,59.6,21.1,1.915,49.6,0,60,0,0,0,0,0,0,0,0,66
2025-09-27T22:01:32.685Z,59.6,21.1,1.915,49.6,0,60,0,0,0,0,0,0,0,0,66
2025-09-27T22:01:33.683Z,59.6,21.1,1.915,50.4,0,60,0,0,0,0,0,0,0,0,66
2025-09-27T22:01:34.686Z,59.6,21.1,1.915,49.6,0,60,0,0,0,0,0,0,0,0,66
2025-09-27T22:01:35.685Z,59.6,21.1,1.915,50.4,0,60,0,0,0,0,0,0,0,0,66
2025-09-27T22:01:36.687Z,59.6,21.1,1.915,49.6,0,60,0,0,0,0,0,0,0,0,66
2025-09-27T22:01:37.684Z,59.6,21.1,1.915,49.6,0,60,0,0,0,0,0,0,0,0,66
2025-09-27T22:01:38.690Z,59.6,21.1,1.915,50.4,0,60,0,0,0,0,0,0,0,0,66
2025-09-27T22:01:39.688Z,59.6,21.1,1.915,49.6,0,60,0,0,0,0,0,0,0,0,66
2025-09-27T22:01:40.690Z,59.6,21.1,1.915,49.6,0,60,0,0,0,0,0,0,0,0,66
2025-09-27T22:01:41.689Z,59.6,21.1,1.915,50.4,0,60,0,0,0,0,0,0,0,0,66
2025-09-27T22:01:42.697Z,59.6,21.1,1.915,49.6,0,60,0,0,0,0,0,0,0,0,66
2025-09-27T22:01:43.695Z,59.6,21.1,1.915,49.6,0,60,0,0,0,0,0,0,0,0,66
2025-09-27T22:01:44.692Z,59.6,21.1,1.915,50.4,0,60,0,0,0,0,0,0,0,0,66
2025-09-27T22:01:45.696Z,59.6,21.1,1.915,49.6,0,60,0,0,0,0,0,0,0,0,66
2025-09-27T22:01:46.708Z,59.6,21.1,1.915,49.6,0,60,0,0,0,0,0,0,0,0,66
2025-09-27T22:01:47.698Z,59.6,21.1,1.915,50.4,0,60,0,0,0,0,0,0,0,0,66
2025-09-27T22:01:48.694Z,59.6,21.1,1.915,50.4,0,60,0,0,0,0,0,0,0,0,66
2025-09-27T22:01:49.701Z,59.6,21.1,1.915,49.6,0,60,0,0,0,0,0,0,0,0,66
2025-09-27T22:01:50.706Z,59.6,21.1,1.916,50.4,0,60,0,0,0,0,0,0,0,0,66
2025-09-27T22:01:51.701Z,59.6,21.1,1.915,49.6,0,60,0,0,0,0,0,0,0,0,66
2025-09-27T22:01:52.701Z,59.6,21.1,1.915,50.4,0,60,0,0,0,0,0,0,0,0,66
2025-09-27T22:01:53.702Z,59.6,21.1,1.915,50.4,0,60,0,0,0,0,0,0,0,0,66
2025-09-27T22:01:54.703Z,59.6,21.1,1.915,49.6,0,60,0,0,0,0,0,0,0,0,66
2025-09-27T22:01:55.706Z,59.6,21.1,1.916,49.6,0,60,0,0,0,0,0,0,0,0,66
2025-09-27T22:01:56.702Z,59.6,21.1,1.915,49.6,0,60,0,0,0,0,0,0,0,0,66
2025-09-27T22:01:57.705Z,59.6,21.1,1.915,50.4,0,60,0,0,0,0,0,0,0,0,66
2025-09-27T22:01:58.707Z,59.6,21.1,1.915,50.4,0,60,0,0,0,0,0,0,0,0,66
2025-09-27T22:01:59.710Z,59.5,21.1,1.916,49.6,0,60,0,0,0,0,0,0,0,0,66
2025-09-27T22:02:00.711Z,59.5,21.1,1.916,50.4,0,60,0,0,0,0,0,0,0,0,66
2025-09-27T22:02:01.714Z,59.5,21.1,1.916,49.6,0,60,0,0,0,0,0,0,0,0,66
2025-09-27T22:02:02.713Z,59.5,21.1,1.916,50.4,0,60,0,0,0,0,0,0,0,0,66
2025-09-27T22:02:03.712Z,59.5,21.1,1.917,49.6,0,60,0,0,0,0,0,0,0,0,66
2025-09-27T22:02:04.712Z,59.5,21.1,1.916,50.4,0,60,0,0,0,0,0,0,0,0,66
2025-09-27T22:02:05.714Z,59.5,21.1,1.916,49.6,0,60,0,0,0,0,0,0,0,0,66
2025-09-27T22:02:06.713Z,59.5,21.1,1.917,50.4,0,60,0,0,0,0,0,0,0,0,66
2025-09-27T22:02:07.716Z,59.5,21.1,1.916,49.6,0,60,0,0,0,0,0,0,0,0,66
2025-09-27T22:02:08.719Z,59.5,21.1,1.917,49.6,0,60,0,0,0,0,0,0,0,0,66
2025-09-27T22:02:09.718Z,59.5,21.1,1.917,50.4,0,60,0,0,0,0,0,0,0,0,66
2025-09-27T22:02:10.721Z,59.5,21.1,1.916,49.6,0,60,0,0,0,0,0,0,0,0,66
2025-09-27T22:02:11.723Z,59.5,21.1,1.917,50.4,0,60,0,0,0,0,0,0,0,0,66
2025-09-27T22:02:12.722Z,59.5,21.1,1.917,49.6,0,60,0,0,0,0,0,0,0,0,66
2025-09-27T22:02:13.718Z,59.5,21.1,1.917,49.6,0,60,0,0,0,0,0,0,0,0,66
2025-09-27T22:02:14.725Z,59.5,21.1,1.917,50.4,0,60,0,0,0,0,0,0,0,0,66
2025-09-27T22:02:15.727Z,59.5,21.1,1.916,49.6,0,60,0,0,0,0,0,0,0,0,66
2025-09-27T22:02:16.725Z,59.5,21.1,1.917,49.6,0,60,0,0,0,0,0,0,0,0,66
2025-09-27T22:02:17.726Z,59.5,21.1,1.917,50.4,0,60,0,0,0,0,0,0,0,0,66
2025-09-27T22:02:18.726Z,59.5,21.1,1.916,49.6,0,60,0,0,0,0,0,0,0,0,66
2025-09-27T22:02:19.728Z,59.5,21.1,1.917,49.6,0,60,0,0,0,0,0,0,0,0,66
2025-09-27T22:02:20.732Z,59.5,21.1,1.917,50.4,0,60,0,0,0,0,0,0,0,0,66
2025-09-27T22:02:21.728Z,59.5,21.1,1.917,50.4,0,60,0,0,0,0,0,0,0,0,66
2025-09-27T22:02:22.730Z,59.5,21.1,1.917,49.6,0,60,0,0,0,0,0,0,0,0,66
2025-09-27T22:02:23.736Z,59.5,21.1,1.916,50.4,0,60,0,0,0,0,0,0,0,0,66
2025-09-27T22:02:24.728Z,59.5,21.1,1.917,49.6,0,60,0,0,0,0,0,0,0,0,66
2025-09-27T22:02:25.732Z,59.5,21.1,1.917,49.6,0,60,0,0,0,0,0,0,0,0,66
2025-09-27T22:02:26.730Z,59.5,21.1,1.917,50.4,0,60,0,0,0,0,0,0,0,0,66
2025-09-27T22:02:27.738Z,59.5,21.1,1.916,49.6,0,60,0,0,0,0,0,0,0,0,66
2025-09-27T22:02:28.738Z,59.5,21.1,1.917,50.4,0,60,0,0,0,0,0,0,0,0,66
2025-09-27T22:02:29.737Z,59.5,21.1,1.916,50.4,0,60,0,0,0,0,0,0,0,0,66
2025-09-27T22:02:30.745Z,59.5,21.1,1.916,49.6,0,60,0,0,0,0,0,0,0,0,66
2025-09-27T22:02:31.742Z,59.5,21.1,1.916,50.4,0,60,0,0,0,0,0,0,0,0,66
2025-09-27T22:02:32.734Z,59.5,21.1,1.917,49.6,0,60,0,0,0,0,0,0,0,0,66
2025-09-27T22:02:33.739Z,59.5,21.1,1.917,49.6,0,60,0,0,0,0,0,0,0,0,66
2025-09-27T22:02:34.742Z,59.5,21.1,1.916,50.4,0,60,0,0,0,0,0,0,0,0,66
2025-09-27T22:02:35.742Z,59.5,21.1,1.917,49.6,0,60,0,0,0,0,0,0,0,0,66
2025-09-27T22:02:36.746Z,59.5,21.1,1.916,49.6,0,60,0,0,0,0,0,0,0,0,66
2025-09-27T22:02:37.745Z,59.5,21.1,1.915,50.4,0,60,0,0,0,0,0,0,0,0,66
2025-09-27T22:02:38.747Z,59.5,21.1,1.916,49.6,0,60,0,0,0,0,0,0,0,0,66
2025-09-27T22:02:39.751Z,59.5,21.1,1.916,49.6,0,60,0,0,0,0,0,0,0,0,66
2025-09-27T22:02:40.750Z,59.5,21.1,1.916,50.4,0,60,0,0,0,0,0,0,0,0,66
2025-09-27T22:02:41.748Z,59.4,21.1,1.916,50.4,0,60,0,0,0,0,0,0,0,0,66
2025-09-27T22:02:42.747Z,59.4,21.1,1.916,49.6,0,60,0,0,0,0,0,0,0,0,66
2025-09-27T22:02:43.750Z,59.5,21.1,1.916,50.4,0,60,0,0,0,0,0,0,0,0,66
2025-09-27T22:02:44.754Z,59.4,21.1,1.916,49.6,0,60,0,0,0,0,0,0,0,0,66
2025-09-27T22:02:45.753Z,59.4,21.1,1.916,49.6,0,60,0,0,0,0,0,0,0,0,66
2025-09-27T22:02:46.758Z,59.4,21.1,1.916,50.4,0,60,0,0,0,0,0,0,0,0,66
2025-09-27T22:02:47.756Z,59.4,21.1,1.916,49.6,0,60,0,0,0,0,0,0,0,0,66
2025-09-27T22:02:48.756Z,59.4,21.1,1.916,50.4,0,60,0,0,0,0,0,0,0,0,66
2025-09-27T22:02:49.757Z,59.4,21.1,1.916,50.4,0,60,0,0,0,0,0,0,0,0,66
2025-09-27T22:02:50.754Z,59.4,21.1,1.916,49.6,0,60,0,0,0,0,0,0,0,0,66
2025-09-27T22:02:51.754Z,59.4,21.1,1.916,50.4,0,60,0,0,0,0,0,0,0,0,66
2025-09-27T22:02:52.758Z,59.4,21.1,1.916,49.6,0,60,0,0,0,0,0,0,0,0,66
2025-09-27T22:02:53.762Z,59.4,21.1,1.916,50.4,0,60,0,0,0,0,0,0,0,0,66
2025-09-27T22:02:54.759Z,59.4,21.1,1.916,50.4,0,60,0,0,0,0,0,0,0,0,66
2025-09-27T22:02:55.761Z,59.4,21.1,1.916,49.6,0,60,0,0,0,0,0,0,0,0,66
2025-09-27T22:02:56.760Z,59.4,21.1,1.916,50.4,0,60,0,0,0,0,0,0,0,0,66
2025-09-27T22:02:57.761Z,59.4,21.1,1.916,49.6,0,60,0,0,0,0,0,0,0,0,66
2025-09-27T22:02:58.763Z,59.4,21.1,1.916,50.4,0,60,0,0,0,0,0,0,0,0,66
2025-09-27T22:02:59.763Z,59.4,21.1,1.916,49.6,0,60,0,0,0,0,0,0,0,0,66
2025-09-27T22:03:00.766Z,59.4,21.1,1.916,50.4,0,60,0,0,0,0,0,0,0,0,66
2025-09-27T22:03:01.767Z,59.4,21.1,1.916,49.6,0,60,0,0,0,0,0,0,0,0,66
2025-09-27T22:03:02.770Z,59.4,21.1,1.916,49.6,0,60,0,0,0,0,0,0,0,0,66
2025-09-27T22:03:03.768Z,59.4,21.1,1.916,50.4,0,60,0,0,0,0,0,0,0,0,66
2025-09-27T22:03:04.768Z,59.4,21.1,1.916,49.6,0,60,0,0,0,0,0,0,0,0,66
2025-09-27T22:03:05.771Z,59.4,21.1,1.916,49.6,0,60,0,0,0,0,0,0,0,0,66
2025-09-27T22:03:06.774Z,59.4,21.1,1.917,50.4,0,60,0,0,0,0,0,0,0,0,66
2025-09-27T22:03:07.778Z,59.4,21.1,1.917,49.6,0,60,0,0,0,0,0,0,0,0,66
2025-09-27T22:03:08.771Z,59.4,21.1,1.916,50.4,0,60,0,0,0,0,0,0,0,0,66
2025-09-27T22:03:09.775Z,59.4,21.1,1.916,49.6,0,60,0,0,0,0,0,0,0,0,66
2025-09-27T22:03:10.776Z,59.4,21.1,1.916,49.6,0,60,0,0,0,0,0,0,0,0,66
2025-09-27T22:03:11.776Z,59.4,21.1,1.917,50.4,0,60,0,0,0,0,0,0,0,0,66
2025-09-27T22:03:12.775Z,59.4,21.1,1.916,49.6,0,60,0,0,0,0,0,0,0,0,66
2025-09-27T22:03:13.783Z,59.4,21.1,1.917,49.6,0,60,0,0,0,0,0,0,0,0,66
2025-09-27T22:03:14.778Z,59.4,21.1,1.916,50.4,0,60,0,0,0,0,0,0,0,0,66
2025-09-27T22:03:15.778Z,59.4,21.1,1.916,49.6,0,60,0,0,0,0,0,0,0,0,66
2025-09-27T22:03:16.781Z,59.4,21.1,1.917,50.4,0,60,0,0,0,0,0,0,0,0,66
2025-09-27T22:03:17.783Z,59.4,21.1,1.917,50.4,0,60,0,0,0,0,0,0,0,0,66
2025-09-27T22:03:18.782Z,59.4,21.1,1.917,49.6,0,60,0,0,0,0,0,0,0,0,66
2025-09-27T22:03:19.782Z,59.4,21.1,1.916,50.4,0,60,0,0,0,0,0,0,0,0,66
2025-09-27T22:03:20.789Z,59.4,21.1,1.917,50.4,0,60,0,0,0,0,0,0,0,0,66
2025-09-27T22:03:21.777Z,59.4,21.1,1.916,49.6,0,60,0,0,0,0,0,0,0,0,66
2025-09-27T22:03:22.790Z,59.4,21.1,1.917,50.4,0,60,0,0,0,0,0,0,0,0,66
2025-09-27T22:03:23.786Z,59.4,21.1,1.917,49.6,0,60,0,0,0,0,0,0,0,0,66
2025-09-27T22:03:24.789Z,59.4,21.1,1.917,50.4,0,60,0,0,0,0,0,0,0,0,66
2025-09-27T22:03:25.787Z,59.4,21.1,1.917,50.4,0,60,0,0,0,0,0,0,0,0,66
2025-09-27T22:03:26.788Z,59.4,21.1,1.917,49.6,0,60,0,0,0,0,0,0,0,0,66
2025-09-27T22:03:27.785Z,59.4,21.1,1.916,49.6,0,60,0,0,0,0,0,0,0,0,66
2025-09-27T22:03:28.794Z,59.4,21.1,1.917,49.6,0,60,0,0,0,0,0,0,0,0,66
2025-09-27T22:03:29.792Z,59.4,21.1,1.917,50.4,0,60,0,0,0,0,0,0,0,0,66
2025-09-27T22:03:30.796Z,59.4,21.1,1.917,50.4,0,60,0,0,0,0,0,0,0,0,66
2025-09-27T22:03:31.792Z,59.4,21.1,1.917,49.6,0,60,0,0,0,0,0,0,0,0,66
2025-09-27T22:03:32.791Z,59.4,21.1,1.917,50.4,0,60,0,0,0,0,0,0,0,0,66
2025-09-27T22:03:33.793Z,59.4,21.1,1.917,49.6,0,60,0,0,0,0,0,0,0,0,66
2025-09-27T22:03:34.800Z,59.4,21.1,1.917,50.4,0,60,0,0,0,0,0,0,0,0,66
2025-09-27T22:03:35.795Z,59.4,21.1,1.917,49.6,0,60,0,0,0,0,0,0,0,0,66
2025-09-27T22:03:36.798Z,59.5,21.1,1.917,50.4,0,60,0,0,0,0,0,0,0,0,66
2025-09-27T22:03:37.802Z,59.4,21.1,1.917,49.6,0,60,0,0,0,0,0,0,0,0,66
2025-09-27T22:03:38.804Z,59.4,21.1,1.917,49.6,0,60,0,0,0,0,0,0,0,0,66
2025-09-27T22:03:39.797Z,59.5,21.1,1.917,50.4,0,60,0,0,0,0,0,0,0,0,66
2025-09-27T22:03:40.805Z,59.5,21.1,1.917,49.6,0,60,0,0,0,0,0,0,0,0,66
2025-09-27T22:03:41.806Z,59.5,21.1,1.917,50.4,0,60,0,0,0,0,0,0,0,0,66
2025-09-27T22:03:42.806Z,59.5,21.1,1.917,49.6,0,60,0,0,0,0,0,0,0,0,66
2025-09-27T22:03:43.809Z,59.5,21.1,1.917,49.6,0,60,0,0,0,0,0,0,0,0,66
2025-09-27T22:03:44.810Z,59.5,21.1,1.917,50.4,0,60,0,0,0,0,0,0,0,0,66
2025-09-27T22:03:45.811Z,59.5,21.1,1.917,49.6,0,60,0,0,0,0,0,0,0,0,66
2025-09-27T22:03:46.807Z,59.5,21.1,1.917,50.4,0,60,0,0,0,0,0,0,0,0,66
2025-09-27T22:03:47.803Z,59.5,21.1,1.917,49.6,0,60,0,0,0,0,0,0,0,0,66
2025-09-27T22:03:48.810Z,59.4,21.1,1.917,49.6,0,60,0,0,0,0,0,0,0,0,66
2025-09-27T22:03:49.809Z,59.5,21.1,1.917,50.4,0,60,0,0,0,0,0,0,0,0,66
2025-09-27T22:03:50.808Z,59.5,21.1,1.917,49.6,0,60,0,0,0,0,0,0,0,0,66
2025-09-27T22:03:51.808Z,59.5,21.1,1.917,50.4,0,60,0,0,0,0,0,0,0,0,66
2025-09-27T22:03:52.812Z,59.5,21.1,1.917,50.4,0,60,0,0,0,0,0,0,0,0,66
2025-09-27T22:03:53.811Z,59.5,21.1,1.917,49.6,0,60,0,0,0,0,0,0,0,0,66
2025-09-27T22:03:54.809Z,59.5,21.1,1.917,50.4,0,60,0,0,0,0,0,0,0,0,66
2025-09-27T22:03:55.810Z,59.5,21.1,1.917,49.6,0,60,0,0,0,0,0,0,0,0,66
2025-09-27T22:03:56.812Z,59.5,21.1,1.917,50.4,0,60,0,0,0,0,0,0,0,0,66
2025-09-27T22:03:57.817Z,59.5,21.1,1.916,49.6,0,60,0,0,0,0,0,0,0,0,66
2025-09-27T22:03:58.816Z,59.5,21.1,1.916,50.4,0,60,0,0,0,0,0,0,0,0,66
2025-09-27T22:03:59.817Z,59.5,21.1,1.916,49.6,0,60,0,0,0,0,0,0,0,0,66
2025-09-27T22:04:00.818Z,59.5,21.1,1.916,50.4,0,60,0,0,0,0,0,0,0,0,66
2025-09-27T22:04:01.818Z,59.5,21.1,1.917,50.4,0,60,0,0,0,0,0,0,0,0,66
2025-09-27T22:04:02.820Z,59.5,21.1,1.916,49.6,0,60,0,0,0,0,0,0,0,0,66
2025-09-27T22:04:03.821Z,59.5,21.1,1.916,49.6,0,60,0,0,0,0,0,0,0,0,66
2025-09-27T22:04:04.827Z,59.5,21.1,1.916,49.6,0,60,0,0,0,0,0,0,0,0,66
2025-09-27T22:04:05.827Z,59.5,21.1,1.916,50.4,0,60,0,0,0,0,0,0,0,0,66
2025-09-27T22:04:06.828Z,59.5,21.1,1.916,49.6,0,60,0,0,0,0,0,0,0,0,66
2025-09-27T22:04:07.827Z,59.5,21.1,1.916,50.4,0,60,0,0,0,0,0,0,0,0,66
2025-09-27T22:04:08.829Z,59.5,21.1,1.916,50.4,0,60,0,0,0,0,0,0,0,0,66
2025-09-27T22:04:09.829Z,59.5,21.1,1.916,49.6,0,60,0,0,0,0,0,0,0,0,66
2025-09-27T22:04:10.832Z,59.5,21.1,1.916,49.6,0,60,0,0,0,0,0,0,0,0,66
2025-09-27T22:04:11.829Z,59.5,21.1,1.916,49.6,0,60,0,0,0,0,0,0,0,0,66
2025-09-27T22:04:12.835Z,59.5,21.1,1.916,50.4,0,60,0,0,0,0,0,0,0,0,66
2025-09-27T22:04:13.832Z,59.5,21.1,1.916,50.4,0,60,0,0,0,0,0,0,0,0,66
2025-09-27T22:04:14.834Z,59.5,21.1,1.916,49.6,0,60,0,0,0,0,0,0,0,0,66
2025-09-27T22:04:15.833Z,59.5,21.1,1.916,49.6,0,60,0,0,0,0,0,0,0,0,66
2025-09-27T22:04:16.841Z,59.5,21.1,1.916,49.6,0,60,0,0,0,0,0,0,0,0,66
2025-09-27T22:04:17.835Z,59.5,21.1,1.916,50.4,0,60,0,0,0,0,0,0,0,0,66
2025-09-27T22:04:18.838Z,59.5,21.1,1.916,49.6,0,60,0,0,0,0,0,0,0,0,66
2025-09-27T22:04:19.837Z,59.5,21.1,1.916,49.6,0,60,0,0,0,0,0,0,0,0,66
2025-09-27T22:04:20.845Z,59.5,21.1,1.916,50.4,0,60,0,0,0,0,0,0,0,0,66
2025-09-27T22:04:21.836Z,59.5,21.1,1.916,49.6,0,60,0,0,0,0,0,0,0,0,66
2025-09-27T22:04:22.841Z,59.5,21.1,1.915,50.4,0,60,0,0,0,0,0,0,0,0,66
2025-09-27T22:04:23.841Z,59.5,21.1,1.916,50.4,0,60,0,0,0,0,0,0,0,0,66
2025-09-27T22:04:24.843Z,59.5,21.1,1.916,49.6,0,60,0,0,0,0,0,0,0,0,66
2025-09-27T22:04:25.842Z,59.5,21.1,1.915,49.6,0,60,0,0,0,0,0,0,0,0,66
2025-09-27T22:04:26.844Z,59.5,21.1,1.915,49.6,0,60,0,0,0,0,0,0,0,0,66
2025-09-27T22:04:27.849Z,59.5,21.1,1.916,50.4,0,60,0,0,0,0,0,0,0,0,66
2025-09-27T22:04:28.847Z,59.5,21.1,1.915,49.6,0,60,0,0,0,0,0,0,0,0,66
2025-09-27T22:04:29.846Z,59.6,21.1,1.915,49.6,0,60,0,0,0,0,0,0,0,0,66
2025-09-27T22:04:30.848Z,59.6,21.1,1.915,50.4,0,60,0,0,0,0,0,0,0,0,66
2025-09-27T22:04:31.850Z,59.6,21.1,1.916,50.4,0,60,0,0,0,0,0,0,0,0,66
2025-09-27T22:04:32.849Z,59.6,21.1,1.915,49.6,0,60,0,0,0,0,0,0,0,0,66
2025-09-27T22:04:33.849Z,59.6,21.1,1.915,50.4,0,60,0,0,0,0,0,0,0,0,66
2025-09-27T22:04:34.857Z,59.6,21.1,1.916,49.6,0,60,0,0,0,0,0,0,0,0,66
2025-09-27T22:04:35.854Z,59.6,21.1,1.916,50.4,0,60,0,0,0,0,0,0,0,0,66
2025-09-27T22:04:36.853Z,59.6,21.1,1.915,49.6,0,60,0,0,0,0,0,0,0,0,66
2025-09-27T22:04:37.855Z,59.6,21.1,1.916,49.6,0,60,0,0,0,0,0,0,0,0,66
2025-09-27T22:04:38.860Z,59.6,21.1,1.916,50.4,0,60,0,0,0,0,0,0,0,0,66
2025-09-27T22:04:39.863Z,59.6,21.1,1.916,50.4,0,60,0,0,0,0,0,0,0,0,66
2025-09-27T22:04:40.859Z,59.6,21.1,1.916,49.6,0,60,0,0,0,0,0,0,0,0,66
2025-09-27T22:04:41.866Z,59.6,21.1,1.915,50.4,0,60,0,0,0,0,0,0,0,0,66
2025-09-27T22:04:42.861Z,59.6,21.1,1.915,49.6,0,60,0,0,0,0,0,0,0,0,66
2025-09-27T22:04:43.869Z,59.6,21.1,1.915,50.4,0,60,0,0,0,0,0,0,0,0,66
2025-09-27T22:04:44.867Z,59.6,21.1,1.915,49.6,0,60,0,0,0,0,0,0,0,0,66
2025-09-27T22:04:45.865Z,59.6,21.1,1.916,50.4,0,59.9,0,0,0,0,0,0,0,0,66
2025-09-27T22:04:46.871Z,59.6,21.1,1.915,49.6,0,60,0,0,0,0,0,0,0,0,66
2025-09-27T22:04:47.865Z,59.6,21.1,1.915,49.6,0,60,0,0,0,0,0,0,0,0,66
2025-09-27T22:04:48.870Z,59.6,21.1,1.915,50.4,0,60,0,0,0,0,0,0,0,0,66
2025-09-27T22:04:49.870Z,59.6,21.1,1.915,49.6,0,60,0,0,0,0,0,0,0,0,66
2025-09-27T22:04:50.873Z,59.6,21.1,1.915,49.6,0,60,0,0,0,0,0,0,0,0,66
2025-09-27T22:04:51.867Z,59.6,21.1,1.915,50.4,0,59.9,0,0,0,0,0,0,0,0,66
2025-09-27T22:04:52.869Z,59.6,21.1,1.915,49.6,0,59.9,0,0,0,0,0,0,0,0,66
2025-09-27T22:04:53.868Z,59.7,21.1,1.915,49.6,0,60,0,0,0,0,0,0,0,0,66
2025-09-27T22:04:54.875Z,59.7,21.1,1.915,50.4,0,59.9,0,0,0,0,0,0,0,0,66
2025-09-27T22:04:55.868Z,59.7,21.1,1.915,49.6,0,60,0,0,0,0,0,0,0,0,66
2025-09-27T22:04:56.870Z,59.7,21.1,1.915,49.6,0,60,0,0,0,0,0,0,0,0,66
2025-09-27T22:04:57.873Z,59.7,21.1,1.915,50.4,0,59.9,0,0,0,0,0,0,0,0,66
2025-09-27T22:04:58.880Z,59.7,21.1,1.915,49.6,0,59.9,0,0,0,0,0,0,0,0,66
2025-09-27T22:04:59.878Z,59.7,21.1,1.915,49.6,0,59.9,0,0,0,0,0,0,0,0,66
2025-09-27T22:05:00.880Z,59.7,21.1,1.915,50.4,0,59.9,0,0,0,0,0,0,0,0,66
2025-09-27T22:05:01.874Z,59.7,21.1,1.915,50.4,0,60,0,0,0,0,0,0,0,0,66
2025-09-27T22:05:02.884Z,59.7,21.1,1.915,49.6,0,59.9,0,0,0,0,0,0,0,0,66
2025-09-27T22:05:03.879Z,59.7,21.1,1.915,50.4,0,59.9,0,0,0,0,0,0,0,0,66
2025-09-27T22:05:04.879Z,59.7,21.1,1.915,50.4,0,59.9,0,0,0,0,0,0,0,0,66
2025-09-27T22:05:05.881Z,59.7,21.1,1.915,49.6,0,60,0,0,0,0,0,0,0,0,66
2025-09-27T22:05:06.886Z,59.7,21.1,1.915,50.4,0,59.9,0,0,0,0,0,0,0,0,66
2025-09-27T22:05:07.881Z,59.7,21.1,1.915,50.4,0,60,0,0,0,0,0,0,0,0,66
2025-09-27T22:05:08.884Z,59.7,21.1,1.915,49.6,0,59.9,0,0,0,0,0,0,0,0,66
2025-09-27T22:05:09.884Z,59.7,21.1,1.915,50.4,0,60,0,0,0,0,0,0,0,0,66
2025-09-27T22:05:10.885Z,59.7,21.1,1.915,49.6,0,60,0,0,0,0,0,0,0,0,66
2025-09-27T22:05:11.885Z,59.7,21.1,1.915,50.4,0,59.9,0,0,0,0,0,0,0,0,66
2025-09-27T22:05:12.892Z,59.7,21.1,1.915,49.6,0,59.9,0,0,0,0,0,0,0,0,66
2025-09-27T22:05:13.887Z,59.7,21.1,1.915,50.4,0,59.9,0,0,0,0,0,0,0,0,66
2025-09-27T22:05:14.891Z,59.7,21.1,1.915,49.6,0,60,0,0,0,0,0,0,0,0,66
2025-09-27T22:05:15.896Z,59.8,21.1,1.915,50.4,0,59.9,0,0,0,0,0,0,0,0,66
2025-09-27T22:05:16.889Z,59.8,21.1,1.915,50.4,0,60,0,0,0,0,0,0,0,0,66
2025-09-27T22:05:17.892Z,59.8,21.1,1.915,49.6,0,60,0,0,0,0,0,0,0,0,66
2025-09-27T22:05:18.894Z,59.8,21.1,1.915,50.4,0,59.9,0,0,0,0,0,0,0,0,66
2025-09-27T22:05:19.893Z,59.8,21.1,1.915,49.6,0,59.9,0,0,0,0,0,0,0,0,66
2025-09-27T22:05:20.894Z,59.8,21.1,1.915,50.4,0,59.9,0,0,0,0,0,0,0,0,66
2025-09-27T22:05:21.894Z,59.8,21.1,1.915,49.6,0,59.9,0,0,0,0,0,0,0,0,66
2025-09-27T22:05:22.898Z,59.8,21.1,1.915,50.4,0,59.9,0,0,0,0,0,0,0,0,66
2025-09-27T22:05:23.900Z,59.8,21.1,1.915,49.6,0,59.9,0,0,0,0,0,0,0,0,66
2025-09-27T22:05:24.898Z,59.8,21.1,1.915,50.4,0,59.9,0,0,0,0,0,0,0,0,66
2025-09-27T22:05:25.897Z,59.8,21.1,1.915,49.6,0,59.9,0,0,0,0,0,0,0,0,66
2025-09-27T22:05:26.900Z,59.8,21.1,1.915,50.4,0,59.9,0,0,0,0,0,0,0,0,66
2025-09-27T22:05:27.900Z,59.8,21.1,1.915,49.6,0,59.9,0,0,0,0,0,0,0,0,66
2025-09-27T22:05:28.899Z,59.8,21.1,1.914,50.4,0,59.9,0,0,0,0,0,0,0,0,66
2025-09-27T22:05:29.902Z,59.8,21.1,1.915,49.6,0,59.9,0,0,0,0,0,0,0,0,66
2025-09-27T22:05:30.909Z,59.8,21.1,1.914,50.4,0,59.9,0,0,0,0,0,0,0,0,66
2025-09-27T22:05:31.908Z,59.8,21.1,1.914,49.6,0,59.9,0,0,0,0,0,0,0,0,66
2025-09-27T22:05:32.904Z,59.8,21.1,1.914,50.4,0,59.9,0,0,0,0,0,0,0,0,66
2025-09-27T22:05:33.908Z,59.8,21.1,1.914,49.6,0,59.9,0,0,0,0,0,0,0,0,66
2025-09-27T22:05:34.914Z,59.9,21.1,1.915,50.4,0,59.9,0,0,0,0,0,0,0,0,66
2025-09-27T22:05:35.914Z,59.9,21.1,1.915,49.6,0,59.9,0,0,0,0,0,0,0,0,66
2025-09-27T22:05:36.912Z,59.9,21.1,1.914,50.4,0,59.9,0,0,0,0,0,0,0,0,66
2025-09-27T22:05:37.909Z,59.9,21.1,1.914,49.6,0,59.9,0,0,0,0,0,0,0,0,66
2025-09-27T22:05:38.916Z,59.9,21.1,1.915,50.4,0,59.9,0,0,0,0,0,0,0,0,66
2025-09-27T22:05:39.917Z,59.9,21.1,1.915,49.6,0,59.9,0,0,0,0,0,0,0,0,66
2025-09-27T22:05:40.914Z,59.9,21.1,1.915,50.4,0,59.9,0,0,0,0,0,0,0,0,66
2025-09-27T22:05:41.916Z,59.9,21.1,1.915,49.6,0,59.9,0,0,0,0,0,0,0,0,66
2025-09-27T22:05:42.920Z,59.9,21.1,1.914,49.6,0,59.9,0,0,0,0,0,0,0,0,66
2025-09-27T22:05:43.916Z,59.9,21.1,1.914,49.6,0,59.9,0,0,0,0,0,0,0,0,66
2025-09-27T22:05:44.917Z,59.9,21.1,1.914,50.4,0,59.9,0,0,0,0,0,0,0,0,66
2025-09-27T22:05:45.915Z,59.9,21.1,1.913,49.6,0,59.9,0,0,0,0,0,0,0,0,66
2025-09-27T22:05:46.922Z,59.9,21.1,1.914,50.4,0,59.9,0,0,0,0,0,0,0,0,66
2025-09-27T22:05:47.921Z,59.9,21.1,1.914,49.6,0,59.9,0,0,0,0,0,0,0,0,66
2025-09-27T22:05:48.920Z,59.9,21.1,1.914,50.4,0,59.9,0,0,0,0,0,0,0,0,66
2025-09-27T22:05:49.922Z,59.9,21.1,1.914,49.6,0,59.9,0,0,0,0,0,0,0,0,66
2025-09-27T22:05:50.926Z,59.9,21.1,1.914,50.4,0,59.9,0,0,0,0,0,0,0,0,66
2025-09-27T22:05:51.922Z,59.9,21.1,1.914,49.6,0,59.9,0,0,0,0,0,0,0,0,66
2025-09-27T22:05:52.921Z,60,21.1,1.913,49.6,0,59.9,0,0,0,0,0,0,0,0,66
2025-09-27T22:05:53.927Z,60,21.1,1.914,50.4,0,59.9,0,0,0,0,0,0,0,0,66
2025-09-27T22:05:54.928Z,60,21.1,1.914,49.6,0,59.9,0,0,0,0,0,0,0,0,66
2025-09-27T22:05:55.924Z,60,21.1,1.913,50.4,0,59.9,0,0,0,0,0,0,0,0,66
2025-09-27T22:05:56.928Z,60,21.1,1.914,49.6,0,59.9,0,0,0,0,0,0,0,0,66
2025-09-27T22:05:57.933Z,60,21.1,1.914,49.6,0,59.9,0,0,0,0,0,0,0,0,66
2025-09-27T22:05:58.928Z,60,21.1,1.913,50.4,0,59.9,0,0,0,0,0,0,0,0,66
2025-09-27T22:05:59.932Z,60,21.1,1.914,49.6,0,59.9,0,0,0,0,0,0,0,0,66
2025-09-27T22:06:00.935Z,60,21.1,1.914,50.4,0,59.9,0,0,0,0,0,0,0,0,66
2025-09-27T22:06:01.931Z,60,21.1,1.914,49.6,0,59.9,0,0,0,0,0,0,0,0,66
2025-09-27T22:06:02.932Z,60,21.1,1.914,49.6,0,59.9,0,0,0,0,0,0,0,0,66
2025-09-27T22:06:03.935Z,60,21.1,1.914,50.4,0,59.9,0,0,0,0,0,0,0,0,66
2025-09-27T22:06:04.935Z,60,21.1,1.914,49.6,0,59.9,0,0,0,0,0,0,0,0,66
2025-09-27T22:06:05.937Z,60,21.1,1.914,50.4,0,59.9,0,0,0,0,0,0,0,0,66
2025-09-27T22:06:06.939Z,60,21.1,1.914,49.6,0,59.9,0,0,0,0,0,0,0,0,66
2025-09-27T22:06:07.940Z,60,21.1,1.914,50.4,0,59.9,0,0,0,0,0,0,0,0,66
2025-09-27T22:06:08.938Z,60,21.1,1.913,49.6,0,59.9,0,0,0,0,0,0,0,0,66
2025-09-27T22:06:09.945Z,60.1,21.1,1.914,49.6,0,59.9,0,0,0,0,0,0,0,0,66
2025-09-27T22:06:10.948Z,60.1,21.1,1.914,50.4,0,59.9,0,0,0,0,0,0,0,0,66
2025-09-27T22:06:11.944Z,60.1,21.1,1.914,49.6,0,59.9,0,0,0,0,0,0,0,0,66
2025-09-27T22:06:12.945Z,60.1,21.1,1.914,50.4,0,59.9,0,0,0,0,0,0,0,0,66
2025-09-27T22:06:13.946Z,60.1,21.1,1.914,49.6,0,59.9,0,0,0,0,0,0,0,0,66
2025-09-27T22:06:14.946Z,60.1,21.1,1.914,50.4,0,59.9,0,0,0,0,0,0,0,0,66
2025-09-27T22:06:15.945Z,60.1,21.1,1.914,49.6,0,59.9,0,0,0,0,0,0,0,0,66
2025-09-27T22:06:16.948Z,60.1,21.1,1.914,49.6,0,59.9,0,0,0,0,0,0,0,0,66
2025-09-27T22:06:17.948Z,60.1,21.1,1.914,50.4,0,59.9,0,0,0,0,0,0,0,0,66
2025-09-27T22:06:18.951Z,60.1,21.1,1.914,49.6,0,59.9,0,0,0,0,0,0,0,0,66
2025-09-27T22:06:19.949Z,60.1,21.1,1.912,50.4,0,59.9,0,0,0,0,0,0,0,0,66
2025-09-27T22:06:20.950Z,60.1,21.1,1.914,50.4,0,59.9,0,0,0,0,0,0,0,0,66
2025-09-27T22:06:21.953Z,60.1,21.1,1.914,49.6,0,59.9,0,0,0,0,0,0,0,0,66
2025-09-27T22:06:22.954Z,60.1,21.1,1.913,50.4,0,59.9,0,0,0,0,0,0,0,0,66
2025-09-27T22:06:23.952Z,60.1,21.1,1.914,49.6,0,59.9,0,0,0,0,0,0,0,0,66
2025-09-27T22:06:24.956Z,60.1,21.1,1.913,50.4,0,59.9,0,0,0,0,0,0,0,0,66
2025-09-27T22:06:25.955Z,60.1,21.1,1.913,49.6,0,59.9,0,0,0,0,0,0,0,0,66
2025-09-27T22:06:26.962Z,60.2,21.1,1.914,50.4,0,59.9,0,0,0,0,0,0,0,0,66
2025-09-27T22:06:27.958Z,60.2,21.1,1.913,49.6,0,59.9,0,0,0,0,0,0,0,0,66
2025-09-27T22:06:28.959Z,60.2,21.1,1.913,50.4,0,59.9,0,0,0,0,0,0,0,0,66
2025-09-27T22:06:29.960Z,60.2,21.1,1.913,49.6,0,59.9,0,0,0,0,0,0,0,0,66
2025-09-27T22:06:30.961Z,60.2,21.1,1.913,50.4,0,59.9,0,0,0,0,0,0,0,0,66
2025-09-27T22:06:31.962Z,60.2,21.1,1.913,49.6,0,59.9,0,0,0,0,0,0,0,0,66
2025-09-27T22:06:32.962Z,60.2,21.1,1.913,50.4,0,59.9,0,0,0,0,0,0,0,0,66
2025-09-27T22:06:33.965Z,60.2,21.1,1.913,49.6,0,59.9,0,0,0,0,0,0,0,0,66
2025-09-27T22:06:34.964Z,60.2,21.1,1.912,49.6,0,59.9,0,0,0,0,0,0,0,0,66
2025-09-27T22:06:35.968Z,60.2,21.1,1.912,50.4,0,59.9,0,0,0,0,0,0,0,0,66
2025-09-27T22:06:36.965Z,60.2,21.1,1.913,49.6,0,59.9,0,0,0,0,0,0,0,0,66
2025-09-27T22:06:37.965Z,60.2,21.1,1.912,50.4,0,59.9,0,0,0,0,0,0,0,0,66
2025-09-27T22:06:38.974Z,60.2,21.1,1.912,49.6,0,59.9,0,0,0,0,0,0,0,0,66
2025-09-27T22:06:39.973Z,60.2,21.1,1.912,50.4,0,59.9,0,0,0,0,0,0,0,0,66
2025-09-27T22:06:40.970Z,60.2,21.1,1.912,49.6,0,59.9,0,0,0,0,0,0,0,0,66
2025-09-27T22:06:41.968Z,60.2,21.1,1.912,49.6,0,59.9,0,0,0,0,0,0,0,0,66
2025-09-27T22:06:42.970Z,60.3,21.1,1.912,50.4,0,59.9,0,0,0,0,0,0,0,0,66
2025-09-27T22:06:43.973Z,60.3,21.1,1.912,49.6,0,59.9,0,0,0,0,0,0,0,0,66
2025-09-27T22:06:44.971Z,60.3,21.1,1.912,50.4,0,59.9,0,0,0,0,0,0,0,0,66
2025-09-27T22:06:45.982Z,60.3,21.1,1.912,49.6,0,59.9,0,0,0,0,0,0,0,0,66
2025-09-27T22:06:46.976Z,60.3,21.1,1.912,50.4,0,59.9,0,0,0,0,0,0,0,0,66
2025-09-27T22:06:47.977Z,60.3,21.1,1.912,49.6,0,59.9,0,0,0,0,0,0,0,0,66
2025-09-27T22:06:48.972Z,60.3,21.1,1.912,49.6,0,59.9,0,0,0,0,0,0,0,0,66
2025-09-27T22:06:49.978Z,60.3,21.1,1.912,50.4,0,59.9,0,0,0,0,0,0,0,0,66
2025-09-27T22:06:50.983Z,60.3,21.1,1.912,49.6,0,59.9,0,0,0,0,0,0,0,0,66
2025-09-27T22:06:51.977Z,60.3,21.1,1.912,50.4,0,59.9,0,0,0,0,0,0,0,0,66
2025-09-27T22:06:52.977Z,60.3,21.1,1.912,49.6,0,59.9,0,0,0,0,0,0,0,0,66
2025-09-27T22:06:53.982Z,60.3,21.1,1.912,49.6,0,59.9,0,0,0,0,0,0,0,0,66
2025-09-27T22:06:54.981Z,60.3,21.1,1.912,50.4,0,59.9,0,0,0,0,0,0,0,0,66
2025-09-27T22:06:55.976Z,60.3,21.1,1.912,49.6,0,59.9,0,0,0,0,0,0,0,0,66
2025-09-27T22:06:56.981Z,60.3,21.1,1.912,49.6,0,59.9,0,0,0,0,0,0,0,0,66
2025-09-27T22:06:57.982Z,60.3,21.1,1.912,50.4,0,59.9,0,0,0,0,0,0,0,0,66
2025-09-27T22:06:58.983Z,60.4,21.1,1.912,49.6,0,59.9,0,0,0,0,0,0,0,0,66
2025-09-27T22:06:59.981Z,60.4,21.1,1.912,49.6,0,59.9,0,0,0,0,0,0,0,0,66
2025-09-27T22:07:00.986Z,60.4,21.1,1.912,50.4,0,59.9,0,0,0,0,0,0,0,0,66
2025-09-27T22:07:01.987Z,60.4,21.1,1.912,50.4,0,59.9,0,0,0,0,0,0,0,0,66
2025-09-27T22:07:02.990Z,60.4,21.1,1.912,49.6,0,59.9,0,0,0,0,0,0,0,0,66
2025-09-27T22:07:03.990Z,60.4,21.1,1.912,50.4,0,59.9,0,0,0,0,0,0,0,0,66
2025-09-27T22:07:04.991Z,60.4,21.1,1.912,49.6,0,59.9,0,0,0,0,0,0,0,0,66
2025-09-27T22:07:05.990Z,60.4,21.1,1.912,49.6,0,59.9,0,0,0,0,0,0,0,0,66
2025-09-27T22:07:06.988Z,60.4,21.1,1.912,50.4,0,59.9,0,0,0,0,0,0,0,0,66
2025-09-27T22:07:07.993Z,60.4,21.1,1.912,49.6,0,59.9,0,0,0,0,0,0,0,0,66
2025-09-27T22:07:08.992Z,60.4,21.1,1.912,49.6,0,59.9,0,0,0,0,0,0,0,0,66
2025-09-27T22:07:09.996Z,60.4,21.1,1.912,50.4,0,59.9,0,0,0,0,0,0,0,0,66
2025-09-27T22:07:10.998Z,60.4,21.1,1.912,49.6,0,59.9,0,0,0,0,0,0,0,0,66
2025-09-27T22:07:12.001Z,60.4,21.1,1.912,49.6,0,59.9,0,0,0,0,0,0,0,0,66
2025-09-27T22:07:12.998Z,60.4,21.1,1.912,50.4,0,59.9,0,0,0,0,0,0,0,0,66
2025-09-27T22:07:14.005Z,60.4,21.1,1.912,49.6,0,59.9,0,0,0,0,0,0,0,0,66
2025-09-27T22:07:15.001Z,60.5,21.1,1.912,49.6,0,59.9,0,0,0,0,0,0,0,0,66
2025-09-27T22:07:16.001Z,60.5,21.1,1.912,50.4,0,59.9,0,0,0,0,0,0,0,0,66
2025-09-27T22:07:17.002Z,60.5,21.1,1.912,49.6,0,59.9,0,0,0,0,0,0,0,0,66
2025-09-27T22:07:18.007Z,60.5,21.1,1.912,49.6,0,59.9,0,0,0,0,0,0,0,0,66
2025-09-27T22:07:19.005Z,60.5,21.1,1.912,50.4,0,59.9,0,0,0,0,0,0,0,0,66
2025-09-27T22:07:20.003Z,60.5,21.1,1.912,49.6,0,59.9,0,0,0,0,0,0,0,0,66
2025-09-27T22:07:21.007Z,60.5,21.1,1.911,49.6,0,59.9,0,0,0,0,0,0,0,0,66
2025-09-27T22:07:22.010Z,60.5,21.1,1.911,50.4,0,59.9,0,0,0,0,0,0,0,0,66
2025-09-27T22:07:23.006Z,60.5,21.1,1.911,50.4,0,59.9,0,0,0,0,0,0,0,0,66
2025-09-27T22:07:24.006Z,60.5,21.1,1.911,49.6,0,59.9,0,0,0,0,0,0,0,0,66
2025-09-27T22:07:25.008Z,60.5,21.1,1.912,50.4,0,59.9,0,0,0,0,0,0,0,0,66
2025-09-27T22:07:26.011Z,60.5,21.1,1.911,49.6,0,59.9,0,0,0,0,0,0,0,0,66
2025-09-27T22:07:27.013Z,60.5,21.1,1.911,49.6,0,59.9,0,0,0,0,0,0,0,0,66
2025-09-27T22:07:28.017Z,60.5,21.1,1.911,50.4,0,59.9,0,0,0,0,0,0,0,0,66
2025-09-27T22:07:29.014Z,60.5,21.1,1.911,49.6,0,59.9,0,0,0,0,0,0,0,0,66
2025-09-27T22:07:30.017Z,60.5,21.1,1.911,49.6,0,59.9,0,0,0,0,0,0,0,0,66
2025-09-27T22:07:31.016Z,60.6,21.1,1.911,50.4,0,59.9,0,0,0,0,0,0,0,0,66
2025-09-27T22:07:32.014Z,60.6,21.1,1.911,50.4,0,59.9,0,0,0,0,0,0,0,0,66
2025-09-27T22:07:33.017Z,60.6,21.1,1.911,49.6,0,59.9,0,0,0,0,0,0,0,0,66
2025-09-27T22:07:34.018Z,60.6,21.1,1.911,50.4,0,59.9,0,0,0,0,0,0,0,0,66
2025-09-27T22:07:35.016Z,60.6,21.1,1.911,49.6,0,59.9,0,0,0,0,0,0,0,0,66
2025-09-27T22:07:36.019Z,60.6,21.1,1.911,49.6,0,59.9,0,0,0,0,0,0,0,0,66
2025-09-27T22:07:37.021Z,60.6,21.1,1.911,50.4,0,59.9,0,0,0,0,0,0,0,0,66
2025-09-27T22:07:38.020Z,60.6,21.1,1.911,50.4,0,59.9,0,0,0,0,0,0,0,0,66
2025-09-27T22:07:39.021Z,60.6,21.1,1.911,49.6,0,59.9,0,0,0,0,0,0,0,0,66
2025-09-27T22:07:40.027Z,60.6,21.1,1.911,50.4,0,59.9,0,0,0,0,0,0,0,0,66
2025-09-27T22:07:41.022Z,60.6,21.1,1.911,50.4,0,59.9,0,0,0,0,0,0,0,0,66
2025-09-27T22:07:42.026Z,60.6,21.1,1.911,49.6,0,59.9,0,0,0,0,0,0,0,0,66
2025-09-27T22:07:43.025Z,60.6,21.1,1.911,50.4,0,59.9,0,0,0,0,0,0,0,0,66
2025-09-27T22:07:44.029Z,60.6,21.1,1.911,50.4,0,59.9,0,0,0,0,0,0,0,0,66
2025-09-27T22:07:45.028Z,60.6,21.1,1.911,49.6,0,59.9,0,0,0,0,0,0,0,0,66
2025-09-27T22:07:46.040Z,60.6,21.1,1.91,50.4,0,59.9,0,0,0,0,0,0,0,0,66
2025-09-27T22:07:47.030Z,60.7,21.1,1.911,49.6,0,59.9,0,0,0,0,0,0,0,0,66
2025-09-27T22:07:48.031Z,60.7,21.1,1.911,49.6,0,59.9,0,0,0,0,0,0,0,0,66
2025-09-27T22:07:49.033Z,60.7,21.1,1.911,50.4,0,59.9,0,0,0,0,0,0,0,0,66
2025-09-27T22:07:50.042Z,60.7,21.1,1.91,49.6,0,59.9,0,0,0,0,0,0,0,0,66
2025-09-27T22:07:51.035Z,60.7,21.1,1.911,49.6,0,59.9,0,0,0,0,0,0,0,0,66
2025-09-27T22:07:52.033Z,60.7,21.1,1.911,50.4,0,59.9,0,0,0,0,0,0,0,0,66
2025-09-27T22:07:53.034Z,60.7,21.1,1.911,49.6,0,59.9,0,0,0,0,0,0,0,0,66
2025-09-27T22:07:54.037Z,60.7,21.1,1.911,50.4,0,59.9,0,0,0,0,0,0,0,0,66
2025-09-27T22:07:55.040Z,60.7,21.1,1.911,50.4,0,59.9,0,0,0,0,0,0,0,0,66
2025-09-27T22:07:56.038Z,60.7,21.1,1.911,49.6,0,59.9,0,0,0,0,0,0,0,0,66
2025-09-27T22:07:57.039Z,60.7,21.1,1.911,50.4,0,59.9,0,0,0,0,0,0,0,0,66
2025-09-27T22:07:58.040Z,60.7,21.1,1.911,50.4,0,59.9,0,0,0,0,0,0,0,0,66
2025-09-27T22:07:59.043Z,60.7,21.1,1.91,49.6,0,59.9,0,0,0,0,0,0,0,0,66
2025-09-27T22:08:00.041Z,60.7,21.1,1.911,50.4,0,59.9,0,0,0,0,0,0,0,0,66
2025-09-27T22:08:01.042Z,60.7,21.1,1.911,50.4,0,59.9,0,0,0,0,0,0,0,0,66
2025-09-27T22:08:02.043Z,60.7,21.1,1.911,49.6,0,59.9,0,0,0,0,0,0,0,0,66
2025-09-27T22:08:03.047Z,60.7,21.1,1.911,50.4,0,59.9,0,0,0,0,0,0,0,0,66
2025-09-27T22:08:04.042Z,60.7,21.1,1.911,49.6,0,59.9,0,0,0,0,0,0,0,0,66
2025-09-27T22:08:05.055Z,60.7,21.1,1.91,50.4,0,59.9,0,0,0,0,0,0,0,0,66
2025-09-27T22:08:06.047Z,60.7,21.1,1.911,49.6,0,59.9,0,0,0,0,0,0,0,0,66
2025-09-27T22:08:07.050Z,60.7,21.1,1.911,50.4,0,59.9,0,0,0,0,0,0,0,0,66
2025-09-27T22:08:08.051Z,60.8,21.1,1.911,49.6,0,59.9,0,0,0,0,0,0,0,0,66
2025-09-27T22:08:09.051Z,60.8,21.1,1.911,50.4,0,59.9,0,0,0,0,0,0,0,0,66
2025-09-27T22:08:10.055Z,60.8,21.1,1.91,49.6,0,59.9,0,0,0,0,0,0,0,0,66
2025-09-27T22:08:11.053Z,60.8,21.1,1.911,49.6,0,59.9,0,0,0,0,0,0,0,0,66
2025-09-27T22:08:12.057Z,60.8,21.1,1.91,50.4,0,59.9,0,0,0,0,0,0,0,0,66
2025-09-27T22:08:13.057Z,60.8,21.1,1.91,49.6,0,59.9,0,0,0,0,0,0,0,0,66
2025-09-27T22:08:14.063Z,60.8,21.1,1.909,50.4,0,59.9,0,0,0,0,0,0,0,0,66
2025-09-27T22:08:15.059Z,60.8,21.1,1.911,49.6,0,59.9,0,0,0,0,0,0,0,0,66
2025-09-27T22:08:16.057Z,60.8,21.1,1.91,49.6,0,59.9,0,0,0,0,0,0,0,0,66
2025-09-27T22:08:17.066Z,60.8,21.1,1.909,50.4,0,59.9,0,0,0,0,0,0,0,0,66
2025-09-27T22:08:18.060Z,60.8,21.1,1.91,49.6,0,59.9,0,0,0,0,0,0,0,0,66
2025-09-27T22:08:19.062Z,60.8,21.1,1.91,50.4,0,59.9,0,0,0,0,0,0,0,0,66
2025-09-27T22:08:20.062Z,60.8,21.1,1.91,50.4,0,59.9,0,0,0,0,0,0,0,0,66
2025-09-27T22:08:21.063Z,60.8,21.1,1.91,49.6,0,59.9,0,0,0,0,0,0,0,0,66
2025-09-27T22:08:22.060Z,60.8,21.1,1.91,50.4,0,59.9,0,0,0,0,0,0,0,0,66
2025-09-27T22:08:23.061Z,60.8,21.1,1.91,49.6,0,59.9,0,0,0,0,0,0,0,0,66
2025-09-27T22:08:24.061Z,60.8,21.1,1.91,50.4,0,59.9,0,0,0,0,0,0,0,0,66
2025-09-27T22:08:25.063Z,60.8,21.1,1.91,49.6,0,59.9,0,0,0,0,0,0,0,0,66
2025-09-27T22:08:26.065Z,60.8,21.1,1.91,50.4,0,59.9,0,0,0,0,0,0,0,0,66
2025-09-27T22:08:27.066Z,60.8,21.1,1.91,49.6,0,59.9,0,0,0,0,0,0,0,0,66
2025-09-27T22:08:28.069Z,60.8,21.1,1.909,50.4,0,59.9,0,0,0,0,0,0,0,0,66
2025-09-27T22:08:29.069Z,60.8,21.1,1.909,49.6,0,59.9,0,0,0,0,0,0,0,0,66
2025-09-27T22:08:30.076Z,60.8,21.1,1.909,50.4,0,59.9,0,0,0,0,0,0,0,0,66
2025-09-27T22:08:31.072Z,60.8,21.1,1.909,49.6,0,59.9,0,0,0,0,0,0,0,0,66
2025-09-27T22:08:32.076Z,60.8,21.1,1.909,49.6,0,59.9,0,0,0,0,0,0,0,0,66
2025-09-27T22:08:33.074Z,60.8,21.1,1.909,50.4,0,59.9,0,0,0,0,0,0,0,0,66
2025-09-27T22:08:34.078Z,60.8,21.1,1.909,49.6,0,59.9,0,0,0,0,0,0,0,0,66
2025-09-27T22:08:35.076Z,60.9,21.1,1.909,50.4,0,59.9,0,0,0,0,0,0,0,0,66
2025-09-27T22:08:36.074Z,60.9,21.1,1.909,49.6,0,59.9,0,0,0,0,0,0,0,0,66
2025-09-27T22:08:37.080Z,60.9,21.1,1.909,49.6,0,59.9,0,0,0,0,0,0,0,0,66
2025-09-27T22:08:38.082Z,60.9,21.1,1.909,50.4,0,59.9,0,0,0,0,0,0,0,0,66
2025-09-27T22:08:39.082Z,60.9,21.1,1.909,49.6,0,59.9,0,0,0,0,0,0,0,0,66
2025-09-27T22:08:40.084Z,60.9,21.1,1.909,50.4,0,59.9,0,0,0,0,0,0,0,0,66
2025-09-27T22:08:41.088Z,60.9,21.1,1.909,49.6,0,59.9,0,0,0,0,0,0,0,0,66
2025-09-27T22:08:42.084Z,60.9,21.1,1.909,50.4,0,59.9,0,0,0,0,0,0,0,0,66
2025-09-27T22:08:43.084Z,60.9,21.1,1.909,49.6,0,59.9,0,0,0,0,0,0,0,0,66
2025-09-27T22:08:44.088Z,60.9,21.1,1.909,49.6,0,59.9,0,0,0,0,0,0,0,0,66
2025-09-27T22:08:45.081Z,60.9,21.1,1.909,50.4,0,59.9,0,0,0,0,0,0,0,0,66
2025-09-27T22:08:46.088Z,60.9,21.1,1.909,49.6,0,59.9,0,0,0,0,0,0,0,0,66
2025-09-27T22:08:47.088Z,60.9,21.1,1.909,49.6,0,59.9,0,0,0,0,0,0,0,0,66
2025-09-27T22:08:48.085Z,60.9,21.1,1.909,50.4,0,59.9,0,0,0,0,0,0,0,0,66
2025-09-27T22:08:49.085Z,60.9,21.1,1.909,50.4,0,59.9,0,0,0,0,0,0,0,0,66
2025-09-27T22:08:50.090Z,60.9,21.1,1.909,49.6,0,59.9,0,0,0,0,0,0,0,0,66
2025-09-27T22:08:51.090Z,60.9,21.1,1.909,50.4,0,59.9,0,0,0,0,0,0,0,0,66
2025-09-27T22:08:52.089Z,60.9,21.1,1.909,49.6,0,59.9,0,0,0,0,0,0,0,0,66
2025-09-27T22:08:53.089Z,60.9,21.1,1.909,50.4,0,59.9,0,0,0,0,0,0,0,0,66
2025-09-27T22:08:54.089Z,60.9,21.1,1.909,49.6,0,59.9,0,0,0,0,0,0,0,0,66
2025-09-27T22:08:55.090Z,60.9,21.1,1.909,50.4,0,59.9,0,0,0,0,0,0,0,0,66
2025-09-27T22:08:56.090Z,60.9,21.1,1.909,49.6,0,59.9,0,0,0,0,0,0,0,0,66
2025-09-27T22:08:57.094Z,60.9,21.1,1.909,49.6,0,59.9,0,0,0,0,0,0,0,0,66
2025-09-27T22:08:58.093Z,60.9,21.1,1.909,50.4,0,59.9,0,0,0,0,0,0,0,0,66
2025-09-27T22:08:59.096Z,60.9,21.1,1.909,49.6,0,59.9,0,0,0,0,0,0,0,0,66
2025-09-27T22:09:00.088Z,60.9,21.1,1.909,50.4,0,59.9,0,0,0,0,0,0,0,0,66
2025-09-27T22:09:01.101Z,60.9,21.1,1.909,49.6,0,59.9,0,0,0,0,0,0,0,0,66
2025-09-27T22:09:02.102Z,60.9,21.1,1.909,50.4,0,59.9,0,0,0,0,0,0,0,0,66
2025-09-27T22:09:03.106Z,60.9,21.1,1.909,49.6,0,59.9,0,0,0,0,0,0,0,0,66
2025-09-27T22:09:04.105Z,60.9,21.1,1.909,49.6,0,59.9,0,0,0,0,0,0,0,0,66
2025-09-27T22:09:05.098Z,60.9,21.1,1.909,50.4,0,59.9,0,0,0,0,0,0,0,0,66
2025-09-27T22:09:06.108Z,60.9,21.1,1.909,50.4,0,59.9,0,0,0,0,0,0,0,0,66
2025-09-27T22:09:07.107Z,60.9,21.1,1.909,49.6,0,59.9,0,0,0,0,0,0,0,0,66
2025-09-27T22:09:08.106Z,60.9,21.1,1.909,50.4,0,59.9,0,0,0,0,0,0,0,0,66
2025-09-27T22:09:09.112Z,60.9,21.1,1.909,49.6,0,59.9,0,0,0,0,0,0,0,0,66
2025-09-27T22:09:10.105Z,60.9,21.1,1.909,50.4,0,59.9,0,0,0,0,0,0,0,0,66
2025-09-27T22:09:11.108Z,60.9,21.1,1.909,49.6,0,59.9,0,0,0,0,0,0,0,0,66
2025-09-27T22:09:12.111Z,61,21.1,1.909,50.4,0,59.9,0,0,0,0,0,0,0,0,66
2025-09-27T22:09:13.111Z,61,21.1,1.909,49.6,0,59.9,0,0,0,0,0,0,0,0,66
2025-09-27T22:09:14.112Z,60.9,21.1,1.909,50.4,0,59.9,0,0,0,0,0,0,0,0,66
2025-09-27T22:09:15.112Z,60.9,21.1,1.909,49.6,0,59.9,0,0,0,0,0,0,0,0,66
2025-09-27T22:09:16.112Z,60.9,21.1,1.909,49.6,0,59.9,0,0,0,0,0,0,0,0,66
2025-09-27T22:09:17.111Z,61,21.1,1.909,50.4,0,59.9,0,0,0,0,0,0,0,0,66
2025-09-27T22:09:18.113Z,61,21.1,1.909,49.6,0,59.9,0,0,0,0,0,0,0,0,66
2025-09-27T22:09:19.115Z,60.9,21.1,1.909,50.4,0,59.9,0,0,0,0,0,0,0,0,66
2025-09-27T22:09:20.117Z,61,21.1,1.909,49.6,0,59.9,0,0,0,0,0,0,0,0,66
2025-09-27T22:09:21.117Z,60.9,21.1,1.909,50.4,0,59.9,0,0,0,0,0,0,0,0,66
2025-09-27T22:09:22.115Z,61,21.1,1.909,50.4,0,59.9,0,0,0,0,0,0,0,0,66
2025-09-27T22:09:23.114Z,61,21.1,1.909,49.6,0,59.9,0,0,0,0,0,0,0,0,66
2025-09-27T22:09:24.121Z,61,21.1,1.909,50.4,0,59.9,0,0,0,0,0,0,0,0,66
2025-09-27T22:09:25.119Z,60.9,21.1,1.909,49.6,0,59.9,0,0,0,0,0,0,0,0,66
2025-09-27T22:09:26.120Z,61,21.1,1.909,50.4,0,59.9,0,0,0,0,0,0,0,0,66
2025-09-27T22:09:27.123Z,60.9,21.1,1.909,49.6,0,59.9,0,0,0,0,0,0,0,0,66
2025-09-27T22:09:28.124Z,61,21.1,1.909,50.4,0,59.9,0,0,0,0,0,0,0,0,66
2025-09-27T22:09:29.122Z,61,21.1,1.909,49.6,0,59.9,0,0,0,0,0,0,0,0,66
2025-09-27T22:09:30.125Z,61,21.1,1.909,50.4,0,59.9,0,0,0,0,0,0,0,0,66
2025-09-27T22:09:31.130Z,61,21.1,1.909,49.6,0,59.9,0,0,0,0,0,0,0,0,66
2025-09-27T22:09:32.128Z,61,21.1,1.909,49.6,0,59.9,0,0,0,0,0,0,0,0,66
2025-09-27T22:09:33.126Z,61,21.1,1.909,49.6,0,59.9,0,0,0,0,0,0,0,0,66
2025-09-27T22:09:34.132Z,61,21.1,1.909,49.6,0,59.9,0,0,0,0,0,0,0,0,66
2025-09-27T22:09:35.133Z,61,21.1,1.909,50.4,0,59.9,0,0,0,0,0,0,0,0,66
2025-09-27T22:09:36.129Z,61,21.1,1.909,50.4,0,59.9,0,0,0,0,0,0,0,0,66
2025-09-27T22:09:37.128Z,61,21.1,1.909,49.6,0,59.9,0,0,0,0,0,0,0,0,66
2025-09-27T22:09:38.130Z,60.9,21.1,1.909,50.4,0,59.9,0,0,0,0,0,0,0,0,66
2025-09-27T22:09:39.132Z,61,21.1,1.909,49.6,0,59.9,0,0,0,0,0,0,0,0,66
2025-09-27T22:09:40.133Z,60.9,21.1,1.909,50.4,0,59.9,0,0,0,0,0,0,0,0,66
2025-09-27T22:09:41.139Z,60.9,21.1,1.909,49.6,0,59.9,0,0,0,0,0,0,0,0,66
2025-09-27T22:09:42.137Z,60.9,21.1,1.909,50.4,0,59.9,0,0,0,0,0,0,0,0,66
2025-09-27T22:09:43.140Z,61,21.1,1.909,49.6,0,59.9,0,0,0,0,0,0,0,0,66
2025-09-27T22:09:44.137Z,60.9,21.1,1.909,49.6,0,59.9,0,0,0,0,0,0,0,0,66
2025-09-27T22:09:45.145Z,60.9,21.1,1.909,50.4,0,59.9,0,0,0,0,0,0,0,0,66
2025-09-27T22:09:46.140Z,60.9,21.1,1.909,49.6,0,59.9,0,0,0,0,0,0,0,0,66
2025-09-27T22:09:47.140Z,60.9,21.1,1.909,50.4,0,59.9,0,0,0,0,0,0,0,0,66
2025-09-27T22:09:48.147Z,60.9,21.1,1.909,49.6,0,59.9,0,0,0,0,0,0,0,0,66
2025-09-27T22:09:49.143Z,60.9,21.1,1.909,49.6,0,59.9,0,0,0,0,0,0,0,0,66
2025-09-27T22:09:50.143Z,60.9,21.1,1.909,50.4,0,59.9,0,0,0,0,0,0,0,0,66
2025-09-27T22:09:51.148Z,60.9,21.1,1.909,49.6,0,59.9,0,0,0,0,0,0,0,0,66
2025-09-27T22:09:52.144Z,60.9,21.1,1.909,49.6,0,59.9,0,0,0,0,0,0,0,0,66
2025-09-27T22:09:53.143Z,60.9,21.1,1.909,50.4,0,59.9,0,0,0,0,0,0,0,0,66
2025-09-27T22:09:54.145Z,60.9,21.1,1.909,49.6,0,59.9,0,0,0,0,0,0,0,0,66
2025-09-27T22:09:55.147Z,60.9,21.1,1.909,49.6,0,59.9,0,0,0,0,0,0,0,0,66
2025-09-27T22:09:56.149Z,60.9,21.1,1.909,50.4,0,59.9,0,0,0,0,0,0,0,0,66
2025-09-27T22:09:57.144Z,60.9,21.1,1.909,49.6,0,59.9,0,0,0,0,0,0,0,0,66
2025-09-27T22:09:58.151Z,60.9,21.1,1.909,49.6,0,59.9,0,0,0,0,0,0,0,0,66
2025-09-27T22:09:59.152Z,60.9,21.1,1.909,50.4,0,59.9,0,0,0,0,0,0,0,0,66
2025-09-27T22:10:00.148Z,60.9,21.1,1.909,49.6,0,59.9,0,0,0,0,0,0,0,0,66
2025-09-27T22:10:01.152Z,60.9,21.1,1.909,49.6,0,59.9,0,0,0,0,0,0,0,0,66
2025-09-27T22:10:02.154Z,60.9,21.1,1.91,50.4,0,59.9,0,0,0,0,0,0,0,0,66
2025-09-27T22:10:03.157Z,60.9,21.1,1.909,49.6,0,59.9,0,0,0,0,0,0,0,0,66
2025-09-27T22:10:04.163Z,60.9,21.1,1.909,49.6,0,59.9,0,0,0,0,0,0,0,0,66
2025-09-27T22:10:05.158Z,60.9,21.1,1.909,50.4,0,59.9,0,0,0,0,0,0,0,0,66
2025-09-27T22:10:06.159Z,60.9,21.1,1.909,50.4,0,59.9,0,0,0,0,0,0,0,0,66
2025-09-27T22:10:07.165Z,60.9,21.1,1.909,49.6,0,59.9,0,0,0,0,0,0,0,0,66
2025-09-27T22:10:08.164Z,60.9,21.1,1.909,50.4,0,59.9,0,0,0,0,0,0,0,0,66
2025-09-27T22:10:09.162Z,60.9,21.1,1.909,50.4,0,59.9,0,0,0,0,0,0,0,0,66
2025-09-27T22:10:10.163Z,60.9,21.1,1.909,49.6,0,59.9,0,0,0,0,0,0,0,0,66
2025-09-27T22:10:11.164Z,60.9,21.1,1.91,50.4,0,59.9,0,0,0,0,0,0,0,0,66
2025-09-27T22:10:12.163Z,60.9,21.1,1.909,49.6,0,59.9,0,0,0,0,0,0,0,0,66
2025-09-27T22:10:13.171Z,60.9,21.1,1.909,49.6,0,59.9,0,0,0,0,0,0,0,0,66
2025-09-27T22:10:14.174Z,60.9,21.1,1.909,50.4,0,59.9,0,0,0,0,0,0,0,0,66
2025-09-27T22:10:15.168Z,60.9,21.1,1.909,49.6,0,59.9,0,0,0,0,0,0,0,0,66
2025-09-27T22:10:16.169Z,60.9,21.1,1.91,49.6,0,59.9,0,0,0,0,0,0,0,0,66
2025-09-27T22:10:17.173Z,60.9,21.1,1.91,50.4,0,59.9,0,0,0,0,0,0,0,0,66
2025-09-27T22:10:18.173Z,60.8,21.1,1.91,49.6,0,59.9,0,0,0,0,0,0,0,0,66
2025-09-27T22:10:19.171Z,60.8,21.1,1.91,49.6,0,59.9,0,0,0,0,0,0,0,0,66
2025-09-27T22:10:20.170Z,60.9,21.1,1.909,50.4,0,59.9,0,0,0,0,0,0,0,0,66
2025-09-27T22:10:21.175Z,60.8,21.1,1.91,50.4,0,59.9,0,0,0,0,0,0,0,0,66
2025-09-27T22:10:22.179Z,60.8,21.1,1.91,49.6,0,59.9,0,0,0,0,0,0,0,0,66
2025-09-27T22:10:23.180Z,60.8,21.1,1.91,50.4,0,60,0,0,0,0,0,0,0,0,66
2025-09-27T22:10:24.176Z,60.8,21.1,1.91,49.6,0,59.9,0,0,0,0,0,0,0,0,66
2025-09-27T22:10:25.174Z,60.8,21.1,1.91,49.6,0,59.9,0,0,0,0,0,0,0,0,66
2025-09-27T22:10:26.179Z,60.8,21.1,1.91,50.4,0,59.9,0,0,0,0,0,0,0,0,66
2025-09-27T22:10:27.182Z,60.8,21.1,1.91,49.6,0,59.9,0,0,0,0,0,0,0,0,66
2025-09-27T22:10:28.182Z,60.8,21.1,1.91,49.6,0,60,0,0,0,0,0,0,0,0,66
2025-09-27T22:10:29.180Z,60.8,21.1,1.91,50.4,0,60,0,0,0,0,0,0,0,0,66
2025-09-27T22:10:30.183Z,60.8,21.1,1.91,49.6,0,59.9,0,0,0,0,0,0,0,0,66
2025-09-27T22:10:31.181Z,60.8,21.1,1.91,49.6,0,60,0,0,0,0,0,0,0,0,66
2025-09-27T22:10:32.182Z,60.8,21.1,1.91,50.4,0,59.9,0,0,0,0,0,0,0,0,66
2025-09-27T22:10:33.183Z,60.8,21.1,1.91,50.4,0,59.9,0,0,0,0,0,0,0,0,66
2025-09-27T22:10:34.186Z,60.8,21.1,1.911,49.6,0,59.9,0,0,0,0,0,0,0,0,66
2025-09-27T22:10:35.186Z,60.8,21.1,1.911,50.4,0,59.9,0,0,0,0,0,0,0,0,66
2025-09-27T22:10:36.186Z,60.8,21.1,1.911,49.6,0,59.9,0,0,0,0,0,0,0,0,66
2025-09-27T22:10:37.185Z,60.8,21.1,1.911,50.4,0,59.9,0,0,0,0,0,0,0,0,66
2025-09-27T22:10:38.190Z,60.8,21.1,1.911,50.4,0,59.9,0,0,0,0,0,0,0,0,66
2025-09-27T22:10:39.189Z,60.8,21.1,1.911,49.6,0,59.9,0,0,0,0,0,0,0,0,66
2025-09-27T22:10:40.192Z,60.8,21.1,1.911,50.4,0,59.9,0,0,0,0,0,0,0,0,66
2025-09-27T22:10:41.192Z,60.8,21.1,1.91,49.6,0,59.9,0,0,0,0,0,0,0,0,66
2025-09-27T22:10:42.193Z,60.8,21.1,1.911,49.6,0,60,0,0,0,0,0,0,0,0,66
2025-09-27T22:10:43.195Z,60.8,21.1,1.911,50.4,0,59.9,0,0,0,0,0,0,0,0,66
2025-09-27T22:10:44.198Z,60.8,21.1,1.911,49.6,0,59.9,0,0,0,0,0,0,0,0,66
2025-09-27T22:10:45.198Z,60.7,21.1,1.911,50.4,0,59.9,0,0,0,0,0,0,0,0,66
2025-09-27T22:10:46.194Z,60.7,21.1,1.911,50.4,0,59.9,0,0,0,0,0,0,0,0,66
2025-09-27T22:10:47.199Z,60.7,21.1,1.911,49.6,0,59.9,0,0,0,0,0,0,0,0,66
2025-09-27T22:10:48.196Z,60.7,21.1,1.911,50.4,0,60,0,0,0,0,0,0,0,0,66
2025-09-27T22:10:49.202Z,60.7,21.1,1.911,50.4,0,60,0,0,0,0,0,0,0,0,66
2025-09-27T22:10:50.200Z,60.7,21.1,1.911,49.6,0,60,0,0,0,0,0,0,0,0,66
2025-09-27T22:10:51.209Z,60.7,21.1,1.91,50.4,0,60,0,0,0,0,0,0,0,0,66
2025-09-27T22:10:52.197Z,60.7,21.1,1.911,49.6,0,60,0,0,0,0,0,0,0,0,66
2025-09-27T22:10:53.201Z,60.7,21.1,1.911,49.6,0,60,0,0,0,0,0,0,0,0,66
2025-09-27T22:10:54.199Z,60.7,21.1,1.911,50.4,0,60,0,0,0,0,0,0,0,0,66
2025-09-27T22:10:55.205Z,60.7,21.1,1.911,50.4,0,60,0,0,0,0,0,0,0,0,66
2025-09-27T22:10:56.202Z,60.7,21.1,1.911,49.6,0,60,0,0,0,0,0,0,0,0,66
2025-09-27T22:10:57.204Z,60.7,21.1,1.911,50.4,0,60,0,0,0,0,0,0,0,0,66
2025-09-27T22:10:58.206Z,60.7,21.1,1.911,49.6,0,60,0,0,0,0,0,0,0,0,66
2025-09-27T22:10:59.211Z,60.7,21.1,1.91,50.4,0,59.9,0,0,0,0,0,0,0,0,66
2025-09-27T22:11:00.206Z,60.7,21.1,1.911,49.6,0,59.9,0,0,0,0,0,0,0,0,66
2025-09-27T22:11:01.211Z,60.7,21.1,1.91,50.4,0,60,0,0,0,0,0,0,0,0,66
2025-09-27T22:11:02.206Z,60.7,21.1,1.911,49.6,0,60,0,0,0,0,0,0,0,0,66
2025-09-27T22:11:03.212Z,60.7,21.1,1.911,49.6,0,60,0,0,0,0,0,0,0,0,66
2025-09-27T22:11:04.221Z,60.7,21.1,1.91,50.4,0,60,0,0,0,0,0,0,0,0,66
2025-09-27T22:11:05.211Z,60.7,21.1,1.911,50.4,0,60,0,0,0,0,0,0,0,0,66
2025-09-27T22:11:06.213Z,60.7,21.1,1.911,49.6,0,60,0,0,0,0,0,0,0,0,66
2025-09-27T22:11:07.212Z,60.7,21.1,1.911,50.4,0,60,0,0,0,0,0,0,0,0,66
2025-09-27T22:11:08.216Z,60.7,21.1,1.911,49.6,0,60,0,0,0,0,0,0,0,0,66
2025-09-27T22:11:09.215Z,60.7,21.1,1.911,50.4,0,60,0,0,0,0,0,0,0,0,66
2025-09-27T22:11:10.221Z,60.6,21.1,1.91,49.6,0,60,0,0,0,0,0,0,0,0,66
2025-09-27T22:11:11.218Z,60.6,21.1,1.91,50.4,0,60,0,0,0,0,0,0,0,0,66
2025-09-27T22:11:12.221Z,60.6,21.1,1.91,49.6,0,60,0,0,0,0,0,0,0,0,66
2025-09-27T22:11:13.221Z,60.6,21.1,1.91,49.6,0,60,0,0,0,0,0,0,0,0,66
2025-09-27T22:11:14.220Z,60.6,21.1,1.911,50.4,0,60,0,0,0,0,0,0,0,0,66
2025-09-27T22:11:15.221Z,60.6,21.1,1.911,49.6,0,60,0,0,0,0,0,0,0,0,66
2025-09-27T22:11:16.222Z,60.6,21.1,1.911,49.6,0,60,0,0,0,0,0,0,0,0,66
2025-09-27T22:11:17.225Z,60.6,21.1,1.91,50.4,0,60,0,0,0,0,0,0,0,0,66
2025-09-27T22:11:18.225Z,60.6,21.1,1.911,49.6,0,60,0,0,0,0,0,0,0,0,66
2025-09-27T22:11:19.225Z,60.6,21.1,1.911,49.6,0,60,0,0,0,0,0,0,0,0,66
2025-09-27T22:11:20.226Z,60.6,21.1,1.911,50.4,0,60,0,0,0,0,0,0,0,0,66
2025-09-27T22:11:21.228Z,60.6,21.1,1.91,50.4,0,60,0,0,0,0,0,0,0,0,66
2025-09-27T22:11:22.228Z,60.6,21.1,1.91,49.6,0,60,0,0,0,0,0,0,0,0,66
2025-09-27T22:11:23.230Z,60.6,21.1,1.91,50.4,0,60,0,0,0,0,0,0,0,0,66
2025-09-27T22:11:24.228Z,60.6,21.1,1.91,49.6,0,60,0,0,0,0,0,0,0,0,66
2025-09-27T22:11:25.229Z,60.6,21.1,1.91,50.4,0,60,0,0,0,0,0,0,0,0,66
2025-09-27T22:11:26.237Z,60.6,21.1,1.91,50.4,0,60,0,0,0,0,0,0,0,0,66
2025-09-27T22:11:27.230Z,60.6,21.1,1.91,49.6,0,60,0,0,0,0,0,0,0,0,66
2025-09-27T22:11:28.236Z,60.6,21.1,1.91,50.4,0,60,0,0,0,0,0,0,0,0,66
2025-09-27T22:11:29.237Z,60.6,21.1,1.91,49.6,0,60,0,0,0,0,0,0,0,0,66
2025-09-27T22:11:30.234Z,60.5,21.1,1.91,50.4,0,60,0,0,0,0,0,0,0,0,66
2025-09-27T22:11:31.237Z,60.5,21.1,1.91,49.6,0,60,0,0,0,0,0,0,0,0,66
2025-09-27T22:11:32.236Z,60.5,21.1,1.91,50.4,0,60,0,0,0,0,0,0,0,0,66
2025-09-27T22:11:33.239Z,60.5,21.1,1.91,49.6,0,60,0,0,0,0,0,0,0,0,66
2025-09-27T22:11:34.240Z,60.5,21.1,1.91,50.4,0,60,0,0,0,0,0,0,0,0,66
2025-09-27T22:11:35.241Z,60.5,21.1,1.91,49.6,0,60,0,0,0,0,0,0,0,0,66
2025-09-27T22:11:36.242Z,60.5,21.1,1.91,50.4,0,60,0,0,0,0,0,0,0,0,66
2025-09-27T22:11:37.244Z,60.5,21.1,1.91,49.6,0,60,0,0,0,0,0,0,0,0,66
2025-09-27T22:11:38.243Z,60.5,21.1,1.911,50.4,0,60,0,0,0,0,0,0,0,0,66
2025-09-27T22:11:39.247Z,60.5,21.1,1.91,49.6,0,60,0,0,0,0,0,0,0,0,66
2025-09-27T22:11:40.250Z,60.5,21.1,1.91,49.6,0,60,0,0,0,0,0,0,0,0,66
2025-09-27T22:11:41.249Z,60.5,21.1,1.911,50.4,0,60,0,0,0,0,0,0,0,0,66
2025-09-27T22:11:42.252Z,60.5,21.1,1.91,49.6,0,60,0,0,0,0,0,0,0,0,66
2025-09-27T22:11:43.250Z,60.5,21.1,1.911,49.6,0,60,0,0,0,0,0,0,0,0,66
2025-09-27T22:11:44.250Z,60.5,21.1,1.911,50.4,0,60,0,0,0,0,0,0,0,0,66
2025-09-27T22:11:45.250Z,60.5,21.1,1.911,49.6,0,60,0,0,0,0,0,0,0,0,66
2025-09-27T22:11:46.249Z,60.5,21.1,1.911,50.4,0,60,0,0,0,0,0,0,0,0,66
2025-09-27T22:11:47.254Z,60.5,21.1,1.91,49.6,0,60,0,0,0,0,0,0,0,0,66
2025-09-27T22:11:48.255Z,60.5,21.1,1.911,49.6,0,60,0,0,0,0,0,0,0,0,66
2025-09-27T22:11:49.257Z,60.5,21.1,1.911,50.4,0,60,0,0,0,0,0,0,0,0,66
2025-09-27T22:11:50.255Z,60.5,21.1,1.911,49.6,0,60,0,0,0,0,0,0,0,0,66
2025-09-27T22:11:51.258Z,60.5,21.1,1.911,49.6,0,60,0,0,0,0,0,0,0,0,66
2025-09-27T22:11:52.255Z,60.5,21.1,1.911,50.4,0,60,0,0,0,0,0,0,0,0,66
2025-09-27T22:11:53.251Z,60.4,21.1,1.911,49.6,0,60,0,0,0,0,0,0,0,0,66
2025-09-27T22:11:54.257Z,60.4,21.1,1.911,49.6,0,60,0,0,0,0,0,0,0,0,66
2025-09-27T22:11:55.265Z,60.4,21.1,1.912,50.4,0,60,0,0,0,0,0,0,0,0,66
2025-09-27T22:11:56.256Z,60.4,21.1,1.911,50.4,0,60,0,0,0,0,0,0,0,0,66
2025-09-27T22:11:57.261Z,60.4,21.1,1.911,49.6,0,60,0,0,0,0,0,0,0,0,66
2025-09-27T22:11:58.261Z,60.4,21.1,1.911,50.4,0,60,0,0,0,0,0,0,0,0,66
2025-09-27T22:11:59.263Z,60.4,21.1,1.911,49.6,0,60,0,0,0,0,0,0,0,0,66
2025-09-27T22:12:00.264Z,60.4,21.1,1.911,50.4,0,60,0,0,0,0,0,0,0,0,66
2025-09-27T22:12:01.258Z,60.4,21.1,1.911,50.4,0,60,0,0,0,0,0,0,0,0,66
2025-09-27T22:12:02.267Z,60.4,21.1,1.912,49.6,0,60,0,0,0,0,0,0,0,0,66
2025-09-27T22:12:03.263Z,60.4,21.1,1.912,50.4,0,60,0,0,0,0,0,0,0,0,66
2025-09-27T22:12:04.264Z,60.4,21.1,1.912,49.6,0,60,0,0,0,0,0,0,0,0,66
2025-09-27T22:12:05.270Z,60.4,21.1,1.912,50.4,0,60,0,0,0,0,0,0,0,0,66
2025-09-27T22:12:06.281Z,60.4,21.1,1.912,49.6,0,60,0,0,0,0,0,0,0,0,66
2025-09-27T22:12:07.269Z,60.4,21.1,1.912,50.4,0,60,0,0,0,0,0,0,0,0,66
2025-09-27T22:12:08.276Z,60.4,21.1,1.912,49.6,0,60,0,0,0,0,0,0,0,0,66
2025-09-27T22:12:09.271Z,60.4,21.1,1.911,50.4,0,60,0,0,0,0,0,0,0,0,66
2025-09-27T22:12:10.272Z,60.4,21.1,1.912,49.6,0,60,0,0,0,0,0,0,0,0,66
2025-09-27T22:12:11.275Z,60.4,21.1,1.912,49.6,0,60,0,0,0,0,0,0,0,0,66
2025-09-27T22:12:12.272Z,60.4,21.1,1.912,50.4,0,60,0,0,0,0,0,0,0,0,66
2025-09-27T22:12:13.270Z,60.4,21.1,1.912,49.6,0,60,0,0,0,0,0,0,0,0,66
2025-09-27T22:12:14.276Z,60.4,21.1,1.912,50.4,0,60,0,0,0,0,0,0,0,0,66
2025-09-27T22:12:15.284Z,60.4,21.1,1.912,49.6,0,60,0,0,0,0,0,0,0,0,66
2025-09-27T22:12:16.278Z,60.3,21.1,1.912,50.4,0,60,0,0,0,0,0,0,0,0,66
2025-09-27T22:12:17.277Z,60.3,21.1,1.912,49.6,0,60,0,0,0,0,0,0,0,0,66
2025-09-27T22:12:18.279Z,60.3,21.1,1.912,49.6,0,60,0,0,0,0,0,0,0,0,66
2025-09-27T22:12:19.287Z,60.3,21.1,1.912,50.4,0,60,0,0,0,0,0,0,0,0,66
2025-09-27T22:12:20.284Z,60.3,21.1,1.912,49.6,0,60,0,0,0,0,0,0,0,0,66
2025-09-27T22:12:21.283Z,60.3,21.1,1.912,49.6,0,60,0,0,0,0,0,0,0,0,66
2025-09-27T22:12:22.284Z,60.3,21.1,1.912,50.4,0,60,0,0,0,0,0,0,0,0,66
2025-09-27T22:12:23.283Z,60.3,21.1,1.912,49.6,0,60,0,0,0,0,0,0,0,0,66
2025-09-27T22:12:24.282Z,60.3,21.1,1.912,49.6,0,60,0,0,0,0,0,0,0,0,66
2025-09-27T22:12:25.285Z,60.3,21.1,1.912,50.4,0,60,0,0,0,0,0,0,0,0,66
2025-09-27T22:12:26.286Z,60.3,21.1,1.912,49.6,0,60,0,0,0,0,0,0,0,0,66
2025-09-27T22:12:27.284Z,60.3,21.1,1.912,50.4,0,60,0,0,0,0,0,0,0,0,66
2025-09-27T22:12:28.290Z,60.3,21.1,1.912,50.4,0,60,0,0,0,0,0,0,0,0,66
2025-09-27T22:12:29.288Z,60.3,21.1,1.912,49.6,0,60,0,0,0,0,0,0,0,0,66
2025-09-27T22:12:30.297Z,60.3,21.1,1.912,50.4,0,60,0,0,0,0,0,0,0,0,66
2025-09-27T22:12:31.294Z,60.3,21.1,1.912,49.6,0,60,0,0,0,0,0,0,0,0,66
2025-09-27T22:12:32.294Z,60.3,21.1,1.912,50.4,0,60,0,0,0,0,0,0,0,0,66
2025-09-27T22:12:33.292Z,60.3,21.1,1.912,50.4,0,60,0,0,0,0,0,0,0,0,66
2025-09-27T22:12:34.299Z,60.3,21.1,1.912,49.6,0,60,0,0,0,0,0,0,0,0,66
2025-09-27T22:12:35.295Z,60.3,21.1,1.912,50.4,0,60,0,0,0,0,0,0,0,0,66
2025-09-27T22:12:36.297Z,60.3,21.1,1.912,49.6,0,60,0,0,0,0,0,0,0,0,66
2025-09-27T22:12:37.298Z,60.3,21.1,1.912,50.4,0,60,0,0,0,0,0,0,0,0,66
2025-09-27T22:12:38.302Z,60.3,21.1,1.912,49.6,0,60,0,0,0,0,0,0,0,0,66
2025-09-27T22:12:39.300Z,60.3,21.1,1.912,50.4,0,60,0,0,0,0,0,0,0,0,66
2025-09-27T22:12:40.301Z,60.2,21.1,1.912,49.6,0,60.1,0,0,0,0,0,0,0,0,66
2025-09-27T22:12:41.305Z,60.2,21.1,1.912,50.4,0,60.1,0,0,0,0,0,0,0,0,66
2025-09-27T22:12:42.301Z,60.2,21.1,1.912,49.6,0,60,0,0,0,0,0,0,0,0,66
2025-09-27T22:12:43.305Z,60.2,21.1,1.912,49.6,0,60.1,0,0,0,0,0,0,0,0,66
2025-09-27T22:12:44.304Z,60.2,21.1,1.912,50.4,0,60,0,0,0,0,0,0,0,0,66
2025-09-27T22:12:45.303Z,60.2,21.1,1.912,49.6,0,60,0,0,0,0,0,0,0,0,66
2025-09-27T22:12:46.305Z,60.2,21.1,1.912,49.6,0,60.1,0,0,0,0,0,0,0,0,66
2025-09-27T22:12:47.307Z,60.2,21.1,1.912,50.4,0,60.1,0,0,0,0,0,0,0,0,66
2025-09-27T22:12:48.308Z,60.2,21.1,1.912,49.6,0,60.1,0,0,0,0,0,0,0,0,66
2025-09-27T22:12:49.305Z,60.2,21.1,1.912,49.6,0,60.1,0,0,0,0,0,0,0,0,66
2025-09-27T22:12:50.313Z,60.2,21.1,1.912,50.4,0,60.1,0,0,0,0,0,0,0,0,66
2025-09-27T22:12:51.314Z,60.2,21.1,1.912,49.6,0,60,0,0,0,0,0,0,0,0,66
2025-09-27T22:12:52.309Z,60.2,21.1,1.913,50.4,0,60.1,0,0,0,0,0,0,0,0,66
2025-09-27T22:12:53.306Z,60.2,21.1,1.912,50.4,0,60.1,0,0,0,0,0,0,0,0,66
2025-09-27T22:12:54.312Z,60.2,21.1,1.912,49.6,0,60.1,0,0,0,0,0,0,0,0,66
2025-09-27T22:12:55.313Z,60.2,21.1,1.912,50.4,0,60.1,0,0,0,0,0,0,0,0,66
2025-09-27T22:12:56.310Z,60.2,21.1,1.912,49.6,0,60.1,0,0,0,0,0,0,0,0,66
2025-09-27T22:12:57.310Z,60.2,21.1,1.912,50.4,0,60.1,0,0,0,0,0,0,0,0,66
2025-09-27T22:12:58.317Z,60.2,21.1,1.912,49.6,0,60.1,0,0,0,0,0,0,0,0,66
2025-09-27T22:12:59.318Z,60.2,21.1,1.912,50.4,0,60.1,0,0,0,0,0,0,0,0,66
2025-09-27T22:13:00.321Z,60.2,21.1,1.912,49.6,0,60.1,0,0,0,0,0,0,0,0,66
2025-09-27T22:13:01.318Z,60.2,21.1,1.913,50.4,0,60.1,0,0,0,0,0,0,0,0,66
2025-09-27T22:13:02.319Z,60.2,21.1,1.913,49.6,0,60.1,0,0,0,0,0,0,0,0,66
2025-09-27T22:13:03.322Z,60.2,21.1,1.912,49.6,0,60.1,0,0,0,0,0,0,0,0,66
2025-09-27T22:13:04.322Z,60.2,21.1,1.913,50.4,0,60.1,0,0,0,0,0,0,0,0,66
2025-09-27T22:13:05.323Z,60.2,21.1,1.913,49.6,0,60.1,0,0,0,0,0,0,0,0,66
2025-09-27T22:13:06.326Z,60.1,21.1,1.913,50.4,0,60.1,0,0,0,0,0,0,0,0,66
2025-09-27T22:13:07.321Z,60.1,21.1,1.913,50.4,0,60.1,0,0,0,0,0,0,0,0,66
2025-09-27T22:13:08.323Z,60.1,21.1,1.913,49.6,0,60.1,0,0,0,0,0,0,0,0,66
2025-09-27T22:13:09.324Z,60.1,21.1,1.913,50.4,0,60.1,0,0,0,0,0,0,0,0,66
2025-09-27T22:13:10.326Z,60.1,21.1,1.913,49.6,0,60.1,0,0,0,0,0,0,0,0,66
2025-09-27T22:13:11.326Z,60.1,21.1,1.913,50.4,0,60.1,0,0,0,0,0,0,0,0,66
2025-09-27T22:13:12.326Z,60.1,21.1,1.913,49.6,0,60.1,0,0,0,0,0,0,0,0,66
2025-09-27T22:13:13.324Z,60.1,21.1,1.912,50.4,0,60.1,0,0,0,0,0,0,0,0,66
2025-09-27T22:13:14.332Z,60.1,21.1,1.913,49.6,0,60.1,0,0,0,0,0,0,0,0,66
2025-09-27T22:13:15.332Z,60.1,21.1,1.913,50.4,0,60.1,0,0,0,0,0,0,0,0,66
2025-09-27T22:13:16.328Z,60.1,21.1,1.913,49.6,0,60.1,0,0,0,0,0,0,0,0,66
2025-09-27T22:13:17.330Z,60.1,21.1,1.913,50.4,0,60.1,0,0,0,0,0,0,0,0,66
2025-09-27T22:13:18.332Z,60.1,21.1,1.913,50.4,0,60.1,0,0,0,0,0,0,0,0,66
2025-09-27T22:13:19.337Z,60.1,21.1,1.914,49.6,0,60.1,0,0,0,0,0,0,0,0,66
2025-09-27T22:13:20.334Z,60.1,21.1,1.914,50.4,0,60.1,0,0,0,0,0,0,0,0,66
2025-09-27T22:13:21.334Z,60.1,21.1,1.914,49.6,0,60.1,0,0,0,0,0,0,0,0,66
2025-09-27T22:13:22.333Z,60.1,21.1,1.914,49.6,0,60.1,0,0,0,0,0,0,0,0,66
2025-09-27T22:13:23.337Z,60.1,21.1,1.913,49.6,0,60.1,0,0,0,0,0,0,0,0,66
2025-09-27T22:13:24.336Z,60.1,21.1,1.914,50.4,0,60.1,0,0,0,0,0,0,0,0,66
2025-09-27T22:13:25.337Z,60.1,21.1,1.913,49.6,0,60.1,0,0,0,0,0,0,0,0,66
2025-09-27T22:13:26.341Z,60.1,21.1,1.914,49.6,0,60.1,0,0,0,0,0,0,0,0,66
2025-09-27T22:13:27.338Z,60.1,21.1,1.914,50.4,0,60.1,0,0,0,0,0,0,0,0,66
2025-09-27T22:13:28.340Z,60.1,21.1,1.913,49.6,0,60.1,0,0,0,0,0,0,0,0,66
2025-09-27T22:13:29.337Z,60.1,21.1,1.914,50.4,0,60.1,0,0,0,0,0,0,0,0,66
2025-09-27T22:13:30.341Z,60,21.1,1.914,49.6,0,60.1,0,0,0,0,0,0,0,0,66
2025-09-27T22:13:31.341Z,60,21.1,1.914,49.6,0,60.1,0,0,0,0,0,0,0,0,66
2025-09-27T22:13:32.344Z,60,21.1,1.914,50.4,0,60.1,0,0,0,0,0,0,0,0,66
2025-09-27T22:13:33.343Z,60,21.1,1.914,49.6,0,60.1,0,0,0,0,0,0,0,0,66
2025-09-27T22:13:34.345Z,60,21.1,1.914,50.4,0,60.1,0,0,0,0,0,0,0,0,66
2025-09-27T22:13:35.351Z,60,21.1,1.914,49.6,0,60.1,0,0,0,0,0,0,0,0,66
2025-09-27T22:13:36.346Z,60,21.1,1.914,49.6,0,60.1,0,0,0,0,0,0,0,0,66
2025-09-27T22:13:37.347Z,60,21.1,1.914,50.4,0,60.1,0,0,0,0,0,0,0,0,66
2025-09-27T22:13:38.353Z,60,21.1,1.914,49.6,0,60.1,0,0,0,0,0,0,0,0,66
2025-09-27T22:13:39.349Z,60,21.1,1.914,50.4,0,60.1,0,0,0,0,0,0,0,0,66
2025-09-27T22:13:40.347Z,60,21.1,1.914,49.6,0,60.1,0,0,0,0,0,0,0,0,66
2025-09-27T22:13:41.352Z,60,21.1,1.914,49.6,0,60.1,0,0,0,0,0,0,0,0,66
2025-09-27T22:13:42.355Z,60,21.1,1.914,50.4,0,60.1,0,0,0,0,0,0,0,0,66
2025-09-27T22:13:43.356Z,60,21.1,1.914,49.6,0,60.1,0,0,0,0,0,0,0,0,66
2025-09-27T22:13:44.359Z,60,21.1,1.914,49.6,0,60.1,0,0,0,0,0,0,0,0,66
2025-09-27T22:13:45.358Z,60,21.1,1.914,50.4,0,60.1,0,0,0,0,0,0,0,0,66
2025-09-27T22:13:46.361Z,60,21.1,1.914,49.6,0,60.1,0,0,0,0,0,0,0,0,66
2025-09-27T22:13:47.364Z,60,21.1,1.913,49.6,0,60.1,0,0,0,0,0,0,0,0,66
2025-09-27T22:13:48.363Z,60,21.1,1.913,50.4,0,60.1,0,0,0,0,0,0,0,0,66
2025-09-27T22:13:49.363Z,60,21.1,1.913,49.6,0,60.1,0,0,0,0,0,0,0,0,66
2025-09-27T22:13:50.363Z,60,21.1,1.913,49.6,0,60.1,0,0,0,0,0,0,0,0,66
2025-09-27T22:13:51.366Z,60,21.1,1.913,50.4,0,60.1,0,0,0,0,0,0,0,0,66
2025-09-27T22:13:52.367Z,60,21.1,1.913,50.4,0,60.1,0,0,0,0,0,0,0,0,66
2025-09-27T22:13:53.361Z,60,21.1,1.914,49.6,0,60.1,0,0,0,0,0,0,0,0,66
2025-09-27T22:13:54.361Z,60,21.1,1.914,50.4,0,60.1,0,0,0,0,0,0,0,0,66
2025-09-27T22:13:55.367Z,60,21.1,1.913,50.4,0,60.1,0,0,0,0,0,0,0,0,66
2025-09-27T22:13:56.364Z,60,21.1,1.914,49.6,0,60.1,0,0,0,0,0,0,0,0,66
2025-09-27T22:13:57.366Z,59.9,21.1,1.914,50.4,0,60.1,0,0,0,0,0,0,0,0,66
2025-09-27T22:13:58.368Z,59.9,21.1,1.914,49.6,0,60.1,0,0,0,0,0,0,0,0,66
2025-09-27T22:13:59.368Z,59.9,21.1,1.914,49.6,0,60.1,0,0,0,0,0,0,0,0,66
2025-09-27T22:14:00.368Z,59.9,21.1,1.914,50.4,0,60.1,0,0,0,0,0,0,0,0,66
2025-09-27T22:14:01.372Z,59.9,21.1,1.914,49.6,0,60.1,0,0,0,0,0,0,0,0,66
2025-09-27T22:14:02.372Z,59.9,21.1,1.914,49.6,0,60.1,0,0,0,0,0,0,0,0,66
2025-09-27T22:14:03.371Z,59.9,21.1,1.914,50.4,0,60.1,0,0,0,0,0,0,0,0,66
2025-09-27T22:14:04.375Z,59.9,21.1,1.913,50.4,0,60.1,0,0,0,0,0,0,0,0,66
2025-09-27T22:14:05.372Z,59.9,21.1,1.914,49.6,0,60.1,0,0,0,0,0,0,0,0,66
2025-09-27T22:14:06.376Z,59.9,21.1,1.914,50.4,0,60.1,0,0,0,0,0,0,0,0,66
2025-09-27T22:14:07.373Z,59.9,21.1,1.914,50.4,0,60.1,0,0,0,0,0,0,0,0,66
2025-09-27T22:14:08.374Z,59.9,21.1,1.914,49.6,0,60.1,0,0,0,0,0,0,0,0,66
2025-09-27T22:14:09.379Z,59.9,21.1,1.913,50.4,0,60.1,0,0,0,0,0,0,0,0,66
2025-09-27T22:14:10.381Z,59.9,21.1,1.913,49.6,0,60.1,0,0,0,0,0,0,0,0,66
2025-09-27T22:14:11.384Z,59.9,21.1,1.913,50.4,0,60.1,0,0,0,0,0,0,0,0,66
2025-09-27T22:14:12.382Z,59.9,21.1,1.913,49.6,0,60.1,0,0,0,0,0,0,0,0,66
2025-09-27T22:14:13.380Z,59.9,21.1,1.913,50.4,0,60.1,0,0,0,0,0,0,0,0,66
2025-09-27T22:14:14.383Z,59.9,21.1,1.913,49.6,0,60.1,0,0,0,0,0,0,0,0,66
2025-09-27T22:14:15.382Z,59.9,21.1,1.914,49.6,0,60.1,0,0,0,0,0,0,0,0,66
2025-09-27T22:14:16.380Z,59.9,21.1,1.914,50.4,0,60.1,0,0,0,0,0,0,0,0,66
2025-09-27T22:14:17.382Z,59.9,21.1,1.914,49.6,0,60.1,0,0,0,0,0,0,0,0,66
2025-09-27T22:14:18.390Z,59.9,21.1,1.914,50.4,0,60.1,0,0,0,0,0,0,0,0,66
2025-09-27T22:14:19.390Z,59.9,21.1,1.913,49.6,0,60.1,0,0,0,0,0,0,0,0,66
2025-09-27T22:14:20.385Z,59.9,21.1,1.914,49.6,0,60.1,0,0,0,0,0,0,0,0,66
2025-09-27T22:14:21.386Z,59.9,21.1,1.914,50.4,0,60.1,0,0,0,0,0,0,0,0,66
2025-09-27T22:14:22.385Z,59.9,21.1,1.914,49.6,0,60.1,0,0,0,0,0,0,0,0,66
2025-09-27T22:14:23.389Z,59.9,21.1,1.914,49.6,0,60.1,0,0,0,0,0,0,0,0,66
2025-09-27T22:14:24.387Z,59.8,21.1,1.914,50.4,0,60.1,0,0,0,0,0,0,0,0,66
2025-09-27T22:14:25.386Z,59.8,21.1,1.914,49.6,0,60.1,0,0,0,0,0,0,0,0,66
2025-09-27T22:14:26.390Z,59.8,21.1,1.914,49.6,0,60.1,0,0,0,0,0,0,0,0,66
2025-09-27T22:14:27.388Z,59.8,21.1,1.915,50.4,0,60.1,0,0,0,0,0,0,0,0,66
2025-09-27T22:14:28.392Z,59.8,21.1,1.914,49.6,0,60.1,0,0,0,0,0,0,0,0,66
2025-09-27T22:14:29.391Z,59.8,21.1,1.914,49.6,0,60.1,0,0,0,0,0,0,0,0,66
2025-09-27T22:14:30.396Z,59.8,21.1,1.914,50.4,0,60.1,0,0,0,0,0,0,0,0,66
2025-09-27T22:14:31.398Z,59.8,21.1,1.914,49.6,0,60.1,0,0,0,0,0,0,0,0,66
2025-09-27T22:14:32.398Z,59.8,21.1,1.914,49.6,0,60.1,0,0,0,0,0,0,0,0,66
2025-09-27T22:14:33.394Z,59.8,21.1,1.914,50.4,0,60.1,0,0,0,0,0,0,0,0,66
2025-09-27T22:14:34.402Z,59.8,21.1,1.914,49.6,0,60.1,0,0,0,0,0,0,0,0,66
2025-09-27T22:14:35.399Z,59.8,21.1,1.914,49.6,0,60.1,0,0,0,0,0,0,0,0,66
2025-09-27T22:14:36.396Z,59.8,21.1,1.914,50.4,0,60.1,0,0,0,0,0,0,0,0,66
2025-09-27T22:14:37.403Z,59.8,21.1,1.914,49.6,0,60.1,0,0,0,0,0,0,0,0,66
2025-09-27T22:14:38.403Z,59.8,21.1,1.915,49.6,0,60.1,0,0,0,0,0,0,0,0,66
2025-09-27T22:14:39.404Z,59.8,21.1,1.915,50.4,0,60.1,0,0,0,0,0,0,0,0,66
2025-09-27T22:14:40.404Z,59.8,21.1,1.914,49.6,0,60.1,0,0,0,0,0,0,0,0,66
2025-09-27T22:14:41.404Z,59.8,21.1,1.914,49.6,0,60.1,0,0,0,0,0,0,0,0,66
2025-09-27T22:14:42.404Z,59.8,21.1,1.915,50.4,0,60.1,0,0,0,0,0,0,0,0,66
2025-09-27T22:14:43.403Z,59.8,21.1,1.914,50.4,0,60.1,0,0,0,0,0,0,0,0,66
2025-09-27T22:14:44.406Z,59.8,21.1,1.914,49.6,0,60.1,0,0,0,0,0,0,0,0,66
2025-09-27T22:14:45.406Z,59.8,21.1,1.914,50.4,0,60.1,0,0,0,0,0,0,0,0,66
2025-09-27T22:14:46.409Z,59.8,21.1,1.915,50.4,0,60.1,0,0,0,0,0,0,0,0,66
2025-09-27T22:14:47.410Z,59.8,21.1,1.915,49.6,0,60.1,0,0,0,0,0,0,0,0,66
2025-09-27T22:14:48.412Z,59.8,21.1,1.915,50.4,0,60.1,0,0,0,0,0,0,0,0,66
2025-09-27T22:14:49.410Z,59.8,21.1,1.915,49.6,0,60.1,0,0,0,0,0,0,0,0,66
2025-09-27T22:14:50.408Z,59.8,21.1,1.915,49.6,0,60.1,0,0,0,0,0,0,0,0,66
2025-09-27T22:14:51.412Z,59.8,21.1,1.915,50.4,0,60.1,0,0,0,0,0,0,0,0,66
2025-09-27T22:14:52.413Z,59.8,21.1,1.915,50.4,0,60.1,0,0,0,0,0,0,0,0,66
2025-09-27T22:14:53.418Z,59.8,21.1,1.915,49.6,0,60.1,0,0,0,0,0,0,0,0,66
2025-09-27T22:14:54.418Z,59.8,21.1,1.915,50.4,0,60.1,0,0,0,0,0,0,0,0,66
2025-09-27T22:14:55.418Z,59.7,21.1,1.915,49.6,0,60.1,0,0,0,0,0,0,0,0,66
2025-09-27T22:14:56.417Z,59.7,21.1,1.915,50.4,0,60.1,0,0,0,0,0,0,0,0,66
2025-09-27T22:14:57.417Z,59.7,21.1,1.915,50.4,0,60.1,0,0,0,0,0,0,0,0,66
2025-09-27T22:14:58.415Z,59.7,21.1,1.915,49.6,0,60.1,0,0,0,0,0,0,0,0,66
2025-09-27T22:14:59.419Z,59.7,21.1,1.915,50.4,0,60.1,0,0,0,0,0,0,0,0,66
2025-09-27T22:15:00.421Z,59.7,21.1,1.915,50.4,0,60.1,0,0,0,0,0,0,0,0,66
2025-09-27T22:15:01.419Z,59.7,21.1,1.915,49.6,0,60.1,0,0,0,0,0,0,0,0,66
2025-09-27T22:15:02.421Z,59.7,21.1,1.915,50.4,0,60.1,0,0,0,0,0,0,0,0,66
2025-09-27T22:15:03.417Z,59.7,21.1,1.915,49.6,0,60.1,0,0,0,0,0,0,0,0,66
2025-09-27T22:15:04.424Z,59.7,21.1,1.915,50.4,0,60.1,0,0,0,0,0,0,0,0,66
2025-09-27T22:15:05.428Z,59.7,21.1,1.915,50.4,0,60.1,0,0,0,0,0,0,0,0,66
2025-09-27T22:15:06.424Z,59.7,21.1,1.915,49.6,0,60.1,0,0,0,0,0,0,0,0,66
2025-09-27T22:15:07.426Z,59.7,21.1,1.915,50.4,0,60.1,0,0,0,0,0,0,0,0,66
2025-09-27T22:15:08.426Z,59.7,21.1,1.915,49.6,0,60.1,0,0,0,0,0,0,0,0,66
2025-09-27T22:15:09.425Z,59.7,21.1,1.915,50.4,0,60.1,0,0,0,0,0,0,0,0,66
2025-09-27T22:15:10.430Z,59.7,21.1,1.915,49.6,0,60.1,0,0,0,0,0,0,0,0,66
2025-09-27T22:15:11.427Z,59.7,21.1,1.915,50.4,0,60.1,0,0,0,0,0,0,0,0,66
2025-09-27T22:15:12.425Z,59.7,21.1,1.915,50.4,0,60.1,0,0,0,0,0,0,0,0,66
2025-09-27T22:15:13.429Z,59.7,21.1,1.915,49.6,0,60.1,0,0,0,0,0,0,0,0,66
2025-09-27T22:15:14.432Z,59.7,21.1,1.915,50.4,0,60.1,0,0,0,0,0,0,0,0,66
2025-09-27T22:15:15.435Z,59.7,21.1,1.915,49.6,0,60.1,0,0,0,0,0,0,0,0,66
2025-09-27T22:15:16.428Z,59.7,21.1,1.915,50.4,0,60.1,0,0,0,0,0,0,0,0,66
2025-09-27T22:15:17.433Z,59.7,21.1,1.915,49.6,0,60.1,0,0,0,0,0,0,0,0,66
2025-09-27T22:15:18.433Z,59.7,21.1,1.915,50.4,0,60.1,0,0,0,0,0,0,0,0,66
2025-09-27T22:15:19.433Z,59.7,21.1,1.915,49.6,0,60.1,0,0,0,0,0,0,0,0,66
2025-09-27T22:15:20.430Z,59.7,21.1,1.915,49.6,0,60.1,0,0,0,0,0,0,0,0,66
2025-09-27T22:15:21.438Z,59.7,21.1,1.915,49.6,0,60.1,0,0,0,0,0,0,0,0,66
2025-09-27T22:15:22.433Z,59.7,21.1,1.915,50.4,0,60.1,0,0,0,0,0,0,0,0,66
2025-09-27T22:15:23.434Z,59.6,21.1,1.915,50.4,0,60.1,0,0,0,0,0,0,0,0,66
2025-09-27T22:15:24.432Z,59.6,21.1,1.915,49.6,0,60.1,0,0,0,0,0,0,0,0,66
2025-09-27T22:15:25.442Z,59.6,21.1,1.915,49.6,0,60.1,0,0,0,0,0,0,0,0,66
2025-09-27T22:15:26.438Z,59.7,21.1,1.915,49.6,0,60.1,0,0,0,0,0,0,0,0,66
2025-09-27T22:15:27.444Z,59.6,21.1,1.915,50.4,0,60.1,0,0,0,0,0,0,0,0,66
2025-09-27T22:15:28.437Z,59.6,21.1,1.915,50.4,0,60.1,0,0,0,0,0,0,0,0,66
2025-09-27T22:15:29.441Z,59.6,21.1,1.915,49.6,0,60.1,0,0,0,0,0,0,0,0,66
2025-09-27T22:15:30.449Z,59.6,21.1,1.915,49.6,0,60.1,0,0,0,0,0,0,0,0,66
2025-09-27T22:15:31.437Z,59.6,21.1,1.915,49.6,0,60.1,0,0,0,0,0,0,0,0,66
2025-09-27T22:15:32.441Z,59.6,21.1,1.915,50.4,0,60.1,0,0,0,0,0,0,0,0,66
2025-09-27T22:15:33.446Z,59.6,21.1,1.915,49.6,0,60.1,0,0,0,0,0,0,0,0,66
2025-09-27T22:15:34.451Z,59.6,21.1,1.915,49.6,0,60.1,0,0,0,0,0,0,0,0,66
2025-09-27T22:15:35.447Z,59.6,21.1,1.915,50.4,0,60.1,0,0,0,0,0,0,0,0,66
2025-09-27T22:15:36.445Z,59.6,21.1,1.915,50.4,0,60.1,0,0,0,0,0,0,0,0,66
2025-09-27T22:15:37.446Z,59.6,21.1,1.915,49.6,0,60.1,0,0,0,0,0,0,0,0,66
2025-09-27T22:15:38.446Z,59.6,21.1,1.915,49.6,0,60.1,0,0,0,0,0,0,0,0,66
2025-09-27T22:15:39.446Z,59.6,21.1,1.915,49.6,0,60.1,0,0,0,0,0,0,0,0,66
2025-09-27T22:15:40.451Z,59.6,21.1,1.915,50.4,0,60.1,0,0,0,0,0,0,0,0,66
2025-09-27T22:15:41.453Z,59.6,21.1,1.915,50.4,0,60.1,0,0,0,0,0,0,0,0,66
2025-09-27T22:15:42.455Z,59.6,21.1,1.915,49.6,0,60.1,0,0,0,0,0,0,0,0,66
2025-09-27T22:15:43.454Z,59.6,21.1,1.915,50.4,0,60.1,0,0,0,0,0,0,0,0,66
2025-09-27T22:15:44.452Z,59.6,21.1,1.915,49.6,0,60.1,0,0,0,0,0,0,0,0,66
2025-09-27T22:15:45.454Z,59.6,21.1,1.915,49.6,0,60.1,0,0,0,0,0,0,0,0,66
2025-09-27T22:15:46.459Z,59.6,21.1,1.916,50.4,0,60.1,0,0,0,0,0,0,0,0,66
2025-09-27T22:15:47.455Z,59.6,21.1,1.915,50.4,0,60.1,0,0,0,0,0,0,0,0,66
2025-09-27T22:15:48.461Z,59.6,21.1,1.915,49.6,0,60.1,0,0,0,0,0,0,0,0,66
2025-09-27T22:15:49.463Z,59.6,21.1,1.915,50.4,0,60.1,0,0,0,0,0,0,0,0,66
2025-09-27T22:15:50.465Z,59.6,21.1,1.915,49.6,0,60.1,0,0,0,0,0,0,0,0,66
2025-09-27T22:15:51.462Z,59.6,21.1,1.916,50.4,0,60.1,0,0,0,0,0,0,0,0,66
2025-09-27T22:15:52.462Z,59.6,21.1,1.915,49.6,0,60.1,0,0,0,0,0,0,0,0,66
2025-09-27T22:15:53.462Z,59.6,21.1,1.915,49.6,0,60.1,0,0,0,0,0,0,0,0,66
2025-09-27T22:15:54.466Z,59.6,21.1,1.915,50.4,0,60.1,0,0,0,0,0,0,0,0,66
2025-09-27T22:15:55.462Z,59.6,21.1,1.915,49.6,0,60.1,0,0,0,0,0,0,0,0,66
2025-09-27T22:15:56.464Z,59.6,21.1,1.915,50.4,0,60.1,0,0,0,0,0,0,0,0,66
2025-09-27T22:15:57.467Z,59.6,21.1,1.915,50.4,0,60.1,0,0,0,0,0,0,0,0,66
2025-09-27T22:15:58.469Z,59.6,21.1,1.916,49.6,0,60.1,0,0,0,0,0,0,0,0,66
2025-09-27T22:15:59.466Z,59.6,21.1,1.916,50.4,0,60.1,0,0,0,0,0,0,0,0,66
2025-09-27T22:16:00.468Z,59.6,21.1,1.916,49.6,0,60.1,0,0,0,0,0,0,0,0,66
2025-09-27T22:16:01.469Z,59.6,21.1,1.916,50.4,0,60.1,0,0,0,0,0,0,0,0,66
2025-09-27T22:16:02.472Z,59.6,21.1,1.916,49.6,0,60.1,0,0,0,0,0,0,0,0,66
2025-09-27T22:16:03.477Z,59.6,21.1,1.916,50.4,0,60.1,0,0,0,0,0,0,0,0,66
2025-09-27T22:16:04.474Z,59.6,21.1,1.916,49.6,0,60.1,0,0,0,0,0,0,0,0,66
2025-09-27T22:16:05.474Z,59.6,21.1,1.916,49.6,0,60.1,0,0,0,0,0,0,0,0,66
2025-09-27T22:16:06.475Z,59.5,21.1,1.916,50.4,0,60.1,0,0,0,0,0,0,0,0,66
2025-09-27T22:16:07.479Z,59.6,21.1,1.916,49.6,0,60.1,0,0,0,0,0,0,0,0,66
2025-09-27T22:16:08.484Z,59.6,21.1,1.916,49.6,0,60.1,0,0,0,0,0,0,0,0,66
2025-09-27T22:16:09.478Z,59.5,21.1,1.916,50.4,0,60.1,0,0,0,0,0,0,0,0,66
2025-09-27T22:16:10.482Z,59.5,21.1,1.916,49.6,0,60.1,0,0,0,0,0,0,0,0,66
2025-09-27T22:16:11.480Z,59.5,21.1,1.916,50.4,0,60.1,0,0,0,0,0,0,0,0,66
2025-09-27T22:16:12.479Z,59.5,21.1,1.916,49.6,0,60.1,0,0,0,0,0,0,0,0,66
2025-09-27T22:16:13.479Z,59.5,21.1,1.917,50.4,0,60.1,0,0,0,0,0,0,0,0,66
2025-09-27T22:16:14.480Z,59.5,21.1,1.916,49.6,0,60.1,0,0,0,0,0,0,0,0,66
2025-09-27T22:16:15.478Z,59.5,21.1,1.915,49.6,0,60.1,0,0,0,0,0,0,0,0,66
2025-09-27T22:16:16.482Z,59.5,21.1,1.916,50.4,0,60.1,0,0,0,0,0,0,0,0,66
2025-09-27T22:16:17.485Z,59.5,21.1,1.916,50.4,0,60.1,0,0,0,0,0,0,0,0,66
2025-09-27T22:16:18.484Z,59.5,21.1,1.917,49.6,0,60.1,0,0,0,0,0,0,0,0,66
2025-09-27T22:16:19.488Z,59.5,21.1,1.916,50.4,0,60.1,0,0,0,0,0,0,0,0,66
2025-09-27T22:16:20.488Z,59.5,21.1,1.916,49.6,0,60.1,0,0,0,0,0,0,0,0,66
2025-09-27T22:16:21.485Z,59.5,21.1,1.916,50.4,0,60.1,0,0,0,0,0,0,0,0,66
2025-09-27T22:16:22.498Z,59.5,21.1,1.915,49.6,0,60.1,0,0,0,0,0,0,0,0,66
2025-09-27T22:16:23.487Z,59.5,21.1,1.917,50.4,0,60.1,0,0,0,0,0,0,0,0,66
2025-09-27T22:16:24.490Z,59.5,21.1,1.916,49.6,0,60.1,0,0,0,0,0,0,0,0,66
2025-09-27T22:16:25.492Z,59.5,21.1,1.916,49.6,0,60.1,0,0,0,0,0,0,0,0,66
2025-09-27T22:16:26.490Z,59.5,21.1,1.916,50.4,0,60.1,0,0,0,0,0,0,0,0,66
2025-09-27T22:16:27.495Z,59.5,21.1,1.917,49.6,0,60.1,0,0,0,0,0,0,0,0,66
2025-09-27T22:16:28.491Z,59.5,21.1,1.916,50.4,0,60.1,0,0,0,0,0,0,0,0,66
2025-09-27T22:16:29.494Z,59.5,21.1,1.916,50.4,0,60.1,0,0,0,0,0,0,0,0,66
2025-09-27T22:16:30.494Z,59.5,21.1,1.917,49.6,0,60.1,0,0,0,0,0,0,0,0,66
2025-09-27T22:16:31.494Z,59.5,21.1,1.916,49.6,0,60.1,0,0,0,0,0,0,0,0,66
2025-09-27T22:16:32.493Z,59.5,21.1,1.916,49.6,0,60.1,0,0,0,0,0,0,0,0,66
2025-09-27T22:16:33.495Z,59.5,21.1,1.917,50.4,0,60.1,0,0,0,0,0,0,0,0,66
2025-09-27T22:16:34.504Z,59.5,21.1,1.916,50.4,0,60.1,0,0,0,0,0,0,0,0,66
2025-09-27T22:16:35.496Z,59.5,21.1,1.917,49.6,0,60.1,0,0,0,0,0,0,0,0,66
2025-09-27T22:16:36.496Z,59.5,21.1,1.917,50.4,0,60.1,0,0,0,0,0,0,0,0,66
2025-09-27T22:16:37.500Z,59.5,21.1,1.917,49.6,0,60.1,0,0,0,0,0,0,0,0,66
2025-09-27T22:16:38.501Z,59.5,21.1,1.917,50.4,0,60.1,0,0,0,0,0,0,0,0,66
2025-09-27T22:16:39.497Z,59.5,21.1,1.917,49.6,0,60.1,0,0,0,0,0,0,0,0,66
2025-09-27T22:16:40.504Z,59.5,21.1,1.917,50.4,0,60.1,0,0,0,0,0,0,0,0,66
2025-09-27T22:16:41.502Z,59.5,21.1,1.917,49.6,0,60.1,0,0,0,0,0,0,0,0,66
2025-09-27T22:16:42.504Z,59.5,21.1,1.916,49.6,0,60.1,0,0,0,0,0,0,0,0,66
2025-09-27T22:16:43.507Z,59.5,21.1,1.916,50.4,0,60.1,0,0,0,0,0,0,0,0,66
2025-09-27T22:16:44.508Z,59.5,21.1,1.917,49.6,0,60.1,0,0,0,0,0,0,0,0,66
2025-09-27T22:16:45.509Z,59.5,21.1,1.917,50.4,0,60.1,0,0,0,0,0,0,0,0,66
2025-09-27T22:16:46.506Z,59.5,21.1,1.917,49.6,0,60.1,0,0,0,0,0,0,0,0,66
2025-09-27T22:16:47.505Z,59.5,21.1,1.917,50.4,0,60.1,0,0,0,0,0,0,0,0,66
2025-09-27T22:16:48.511Z,59.5,21.1,1.916,49.6,0,60.1,0,0,0,0,0,0,0,0,66
2025-09-27T22:16:49.511Z,59.5,21.1,1.917,49.6,0,60.1,0,0,0,0,0,0,0,0,66
2025-09-27T22:16:50.514Z,59.5,21.1,1.916,50.4,0,60.1,0,0,0,0,0,0,0,0,66
2025-09-27T22:16:51.513Z,59.5,21.1,1.915,49.6,0,60.1,0,0,0,0,0,0,0,0,66
2025-09-27T22:16:52.512Z,59.5,21.1,1.916,50.4,0,60.1,0,0,0,0,0,0,0,0,66
2025-09-27T22:16:53.512Z,59.5,21.1,1.916,49.6,0,60.1,0,0,0,0,0,0,0,0,66
2025-09-27T22:16:54.511Z,59.5,21.1,1.917,50.4,0,60.1,0,0,0,0,0,0,0,0,66
2025-09-27T22:16:55.515Z,59.5,21.1,1.916,50.4,0,60.1,0,0,0,0,0,0,0,0,66
2025-09-27T22:16:56.512Z,59.5,21.1,1.917,49.6,0,60.1,0,0,0,0,0,0,0,0,66
2025-09-27T22:16:57.517Z,59.5,21.1,1.916,50.4,0,60.1,0,0,0,0,0,0,0,0,66
2025-09-27T22:16:58.517Z,59.5,21.1,1.916,49.6,0,60.1,0,0,0,0,0,0,0,0,66
2025-09-27T22:16:59.515Z,59.5,21.1,1.917,50.4,0,60.1,0,0,0,0,0,0,0,0,66
2025-09-27T22:17:00.528Z,59.5,21.1,1.916,49.6,0,60.1,0,0,0,0,0,0,0,0,66
2025-09-27T22:17:01.521Z,59.5,21.1,1.916,50.4,0,60.1,0,0,0,0,0,0,0,0,66
2025-09-27T22:17:02.527Z,59.5,21.1,1.916,50.4,0,60.1,0,0,0,0,0,0,0,0,66
2025-09-27T22:17:03.527Z,59.5,21.1,1.916,49.6,0,60.1,0,0,0,0,0,0,0,0,66
2025-09-27T22:17:04.522Z,59.5,21.1,1.916,49.6,0,60.1,0,0,0,0,0,0,0,0,66
2025-09-27T22:17:05.528Z,59.5,21.1,1.915,49.6,0,60.1,0,0,0,0,0,0,0,0,66
2025-09-27T22:17:06.524Z,59.5,21.1,1.916,50.4,0,60.1,0,0,0,0,0,0,0,0,66
2025-09-27T22:17:07.530Z,59.5,21.1,1.916,49.6,0,60.1,0,0,0,0,0,0,0,0,66
2025-09-27T22:17:08.529Z,59.5,21.1,1.916,50.4,0,60.1,0,0,0,0,0,0,0,0,66
2025-09-27T22:17:09.539Z,59.5,21.1,1.917,49.6,0,60.1,0,0,0,0,0,0,0,0,66
2025-09-27T22:17:10.534Z,59.5,21.1,1.916,50.4,0,60.1,0,0,0,0,0,0,0,0,66
2025-09-27T22:17:11.533Z,59.5,21.1,1.916,50.4,0,60.1,0,0,0,0,0,0,0,0,66
2025-09-27T22:17:12.531Z,59.5,21.1,1.916,49.6,0,60.1,0,0,0,0,0,0,0,0,66
2025-09-27T22:17:13.535Z,59.5,21.1,1.916,49.6,0,60.1,0,0,0,0,0,0,0,0,66
2025-09-27T22:17:14.535Z,59.5,21.1,1.916,49.6,0,60.1,0,0,0,0,0,0,0,0,66
2025-09-27T22:17:15.532Z,59.5,21.1,1.916,50.4,0,60.1,0,0,0,0,0,0,0,0,66
2025-09-27T22:17:16.534Z,59.5,21.1,1.916,49.6,0,60.1,0,0,0,0,0,0,0,0,66
2025-09-27T22:17:17.534Z,59.5,21.1,1.916,49.6,0,60.1,0,0,0,0,0,0,0,0,66
2025-09-27T22:17:18.537Z,59.5,21.1,1.916,50.4,0,60.1,0,0,0,0,0,0,0,0,66
2025-09-27T22:17:19.539Z,59.5,21.1,1.916,49.6,0,60.1,0,0,0,0,0,0,0,0,66
2025-09-27T22:17:20.540Z,59.5,21.1,1.916,50.4,0,60.1,0,0,0,0,0,0,0,0,66
2025-09-27T22:17:21.541Z,59.5,21.1,1.916,49.6,0,60.1,0,0,0,0,0,0,0,0,66
2025-09-27T22:17:22.541Z,59.5,21.1,1.916,50.4,0,60.1,0,0,0,0,0,0,0,0,66
2025-09-27T22:17:23.537Z,59.5,21.1,1.916,49.6,0,60.1,0,0,0,0,0,0,0,0,66
2025-09-27T22:17:24.541Z,59.5,21.1,1.916,49.6,0,60.1,0,0,0,0,0,0,0,0,66
2025-09-27T22:17:25.541Z,59.5,21.1,1.916,50.4,0,60.1,0,0,0,0,0,0,0,0,66
2025-09-27T22:17:26.542Z,59.5,21.1,1.916,49.6,0,60.1,0,0,0,0,0,0,0,0,66
2025-09-27T22:17:27.539Z,59.5,21.1,1.916,49.6,0,60.1,0,0,0,0,0,0,0,0,66
2025-09-27T22:17:28.542Z,59.5,21.1,1.916,50.4,0,60.1,0,0,0,0,0,0,0,0,66
2025-09-27T22:17:29.549Z,59.5,21.1,1.916,49.6,0,60.1,0,0,0,0,0,0,0,0,66
2025-09-27T22:17:30.546Z,59.5,21.1,1.916,50.4,0,60.1,0,0,0,0,0,0,0,0,66
2025-09-27T22:17:31.548Z,59.5,21.1,1.916,50.4,0,60.1,0,0,0,0,0,0,0,0,66
2025-09-27T22:17:32.547Z,59.5,21.1,1.916,49.6,0,60.1,0,0,0,0,0,0,0,0,66
2025-09-27T22:17:33.547Z,59.5,21.1,1.916,50.4,0,60.1,0,0,0,0,0,0,0,0,66
2025-09-27T22:17:34.553Z,59.5,21.1,1.916,49.6,0,60.1,0,0,0,0,0,0,0,0,66
2025-09-27T22:17:35.553Z,59.5,21.1,1.916,50.4,0,60.1,0,0,0,0,0,0,0,0,66
2025-09-27T22:17:36.550Z,59.5,21.1,1.916,49.6,0,60.1,0,0,0,0,0,0,0,0,66
2025-09-27T22:17:37.551Z,59.5,21.1,1.915,49.6,0,60,0,0,0,0,0,0,0,0,66
2025-09-27T22:17:38.550Z,59.5,21.1,1.916,50.4,0,60.1,0,0,0,0,0,0,0,0,66
2025-09-27T22:17:39.553Z,59.5,21.1,1.916,49.6,0,60.1,0,0,0,0,0,0,0,0,66
2025-09-27T22:17:40.551Z,59.5,21.1,1.916,49.6,0,60.1,0,0,0,0,0,0,0,0,66
2025-09-27T22:17:41.557Z,59.5,21.1,1.915,50.4,0,60,0,0,0,0,0,0,0,0,66
2025-09-27T22:17:42.557Z,59.5,21.1,1.916,49.6,0,60,0,0,0,0,0,0,0,0,66
2025-09-27T22:17:43.559Z,59.5,21.1,1.916,50.4,0,60,0,0,0,0,0,0,0,0,66
2025-09-27T22:17:44.554Z,59.5,21.1,1.915,50.4,0,60.1,0,0,0,0,0,0,0,0,66
2025-09-27T22:17:45.557Z,59.5,21.1,1.916,49.6,0,60.1,0,0,0,0,0,0,0,0,66
2025-09-27T22:17:46.559Z,59.5,21.1,1.916,50.4,0,60.1,0,0,0,0,0,0,0,0,66
2025-09-27T22:17:47.562Z,59.5,21.1,1.916,49.6,0,60.1,0,0,0,0,0,0,0,0,66
2025-09-27T22:17:48.561Z,59.5,21.1,1.916,50.4,0,60.1,0,0,0,0,0,0,0,0,66
2025-09-27T22:17:49.567Z,59.5,21.1,1.917,49.6,0,60.1,0,0,0,0,0,0,0,0,66
2025-09-27T22:17:50.561Z,59.5,21.1,1.915,49.6,0,60.1,0,0,0,0,0,0,0,0,66
2025-09-27T22:17:51.565Z,59.5,21.1,1.917,50.4,0,60.1,0,0,0,0,0,0,0,0,66
2025-09-27T22:17:52.561Z,59.5,21.1,1.916,49.6,0,60.1,0,0,0,0,0,0,0,0,66
2025-09-27T22:17:53.563Z,59.5,21.1,1.915,50.4,0,60.1,0,0,0,0,0,0,0,0,66
2025-09-27T22:17:54.559Z,59.5,21.1,1.915,49.6,0,60.1,0,0,0,0,0,0,0,0,66
2025-09-27T22:17:55.564Z,59.5,21.1,1.915,49.6,0,60.1,0,0,0,0,0,0,0,0,66
2025-09-27T22:17:56.562Z,59.5,21.1,1.915,50.4,0,60,0,0,0,0,0,0,0,0,66
2025-09-27T22:17:57.567Z,59.5,21.1,1.915,49.6,0,60,0,0,0,0,0,0,0,0,66
2025-09-27T22:17:58.569Z,59.5,21.1,1.915,50.4,0,60.1,0,0,0,0,0,0,0,0,66
2025-09-27T22:17:59.569Z,59.5,21.1,1.915,49.6,0,60.1,0,0,0,0,0,0,0,0,66
2025-09-27T22:18:00.566Z,59.5,21.1,1.915,49.6,0,60.1,0,0,0,0,0,0,0,0,66
2025-09-27T22:18:01.574Z,59.5,21.1,1.916,50.4,0,60.1,0,0,0,0,0,0,0,0,66
2025-09-27T22:18:02.573Z,59.5,21.1,1.916,50.4,0,60,0,0,0,0,0,0,0,0,66
2025-09-27T22:18:03.572Z,59.5,21.1,1.915,49.6,0,60,0,0,0,0,0,0,0,0,66
2025-09-27T22:18:04.571Z,59.5,21.1,1.915,50.4,0,60,0,0,0,0,0,0,0,0,66
2025-09-27T22:18:05.574Z,59.5,21.1,1.915,49.6,0,60.1,0,0,0,0,0,0,0,0,66
2025-09-27T22:18:06.574Z,59.5,21.1,1.915,50.4,0,60.1,0,0,0,0,0,0,0,0,66
2025-09-27T22:18:07.571Z,59.5,21.1,1.915,49.6,0,60,0,0,0,0,0,0,0,0,66
2025-09-27T22:18:08.577Z,59.5,21.1,1.916,49.6,0,60,0,0,0,0,0,0,0,0,66
2025-09-27T22:18:09.582Z,59.5,21.1,1.916,50.4,0,60,0,0,0,0,0,0,0,0,66
2025-09-27T22:18:10.582Z,59.5,21.1,1.916,49.6,0,60,0,0,0,0,0,0,0,0,66
2025-09-27T22:18:11.582Z,59.5,21.1,1.916,49.6,0,60,0,0,0,0,0,0,0,0,66
2025-09-27T22:18:12.580Z,59.5,21.1,1.916,50.4,0,60,0,0,0,0,0,0,0,0,66
2025-09-27T22:18:13.582Z,59.5,21.1,1.916,49.6,0,60,0,0,0,0,0,0,0,0,66
2025-09-27T22:18:14.582Z,59.5,21.1,1.916,49.6,0,60,0,0,0,0,0,0,0,0,66
2025-09-27T22:18:15.583Z,59.5,21.1,1.916,50.4,0,60,0,0,0,0,0,0,0,0,66
2025-09-27T22:18:16.585Z,59.5,21.1,1.916,50.4,0,60,0,0,0,0,0,0,0,0,66
2025-09-27T22:18:17.586Z,59.5,21.1,1.916,49.6,0,60,0,0,0,0,0,0,0,0,66
2025-09-27T22:18:18.586Z,59.6,21.1,1.916,50.4,0,60,0,0,0,0,0,0,0,0,66
2025-09-27T22:18:19.589Z,59.6,21.1,1.916,49.6,0,60,0,0,0,0,0,0,0,0,66
2025-09-27T22:18:20.589Z,59.6,21.1,1.916,49.6,0,60,0,0,0,0,0,0,0,0,66
2025-09-27T22:18:21.583Z,59.6,21.1,1.915,50.4,0,60,0,0,0,0,0,0,0,0,66
2025-09-27T22:18:22.589Z,59.6,21.1,1.916,50.4,0,60,0,0,0,0,0,0,0,0,66
2025-09-27T22:18:23.586Z,59.6,21.1,1.915,49.6,0,60,0,0,0,0,0,0,0,0,66
2025-09-27T22:18:24.585Z,59.6,21.1,1.916,50.4,0,60,0,0,0,0,0,0,0,0,66
2025-09-27T22:18:25.589Z,59.6,21.1,1.915,49.6,0,60,0,0,0,0,0,0,0,0,66
2025-09-27T22:18:26.592Z,59.6,21.1,1.916,50.4,0,60,0,0,0,0,0,0,0,0,66
2025-09-27T22:18:27.591Z,59.6,21.1,1.916,49.6,0,60,0,0,0,0,0,0,0,0,66
2025-09-27T22:18:28.593Z,59.6,21.1,1.915,49.6,0,60,0,0,0,0,0,0,0,0,66
2025-09-27T22:18:29.595Z,59.6,21.1,1.915,50.4,0,60,0,0,0,0,0,0,0,0,66
2025-09-27T22:18:30.595Z,59.6,21.1,1.915,49.6,0,60,0,0,0,0,0,0,0,0,66
2025-09-27T22:18:31.598Z,59.6,21.1,1.915,49.6,0,60,0,0,0,0,0,0,0,0,66
2025-09-27T22:18:32.597Z,59.6,21.1,1.915,50.4,0,60,0,0,0,0,0,0,0,0,66
2025-09-27T22:18:33.601Z,59.6,21.1,1.915,49.6,0,60,0,0,0,0,0,0,0,0,66
2025-09-27T22:18:34.599Z,59.6,21.1,1.915,49.6,0,60,0,0,0,0,0,0,0,0,66
2025-09-27T22:18:35.597Z,59.6,21.1,1.915,50.4,0,60,0,0,0,0,0,0,0,0,66
2025-09-27T22:18:36.599Z,59.6,21.1,1.915,49.6,0,60,0,0,0,0,0,0,0,0,66
2025-09-27T22:18:37.604Z,59.6,21.1,1.915,49.6,0,60,0,0,0,0,0,0,0,0,66
2025-09-27T22:18:38.605Z,59.6,21.1,1.915,50.4,0,60,0,0,0,0,0,0,0,0,66
2025-09-27T22:18:39.601Z,59.6,21.1,1.915,50.4,0,60,0,0,0,0,0,0,0,0,66
2025-09-27T22:18:40.602Z,59.6,21.1,1.915,49.6,0,60,0,0,0,0,0,0,0,0,66
2025-09-27T22:18:41.601Z,59.6,21.1,1.915,50.4,0,60,0,0,0,0,0,0,0,0,66
2025-09-27T22:18:42.603Z,59.6,21.1,1.915,49.6,0,60,0,0,0,0,0,0,0,0,66
2025-09-27T22:18:43.603Z,59.6,21.1,1.915,49.6,0,60,0,0,0,0,0,0,0,0,66
2025-09-27T22:18:44.609Z,59.6,21.1,1.915,50.4,0,60,0,0,0,0,0,0,0,0,66
2025-09-27T22:18:45.610Z,59.6,21.1,1.915,50.4,0,60,0,0,0,0,0,0,0,0,66
2025-09-27T22:18:46.617Z,59.6,21.1,1.915,49.6,0,60,0,0,0,0,0,0,0,0,66
2025-09-27T22:18:47.609Z,59.6,21.1,1.915,50.4,0,60,0,0,0,0,0,0,0,0,66
2025-09-27T22:18:48.613Z,59.6,21.1,1.915,50.4,0,60,0,0,0,0,0,0,0,0,66
2025-09-27T22:18:49.616Z,59.7,21.1,1.915,49.6,0,60,0,0,0,0,0,0,0,0,66
2025-09-27T22:18:50.613Z,59.7,21.1,1.915,50.4,0,60,0,0,0,0,0,0,0,0,66
2025-09-27T22:18:51.611Z,59.7,21.1,1.915,49.6,0,60,0,0,0,0,0,0,0,0,66
2025-09-27T22:18:52.610Z,59.7,21.1,1.915,50.4,0,60,0,0,0,0,0,0,0,0,66
2025-09-27T22:18:53.617Z,59.7,21.1,1.915,49.6,0,60,0,0,0,0,0,0,0,0,66
2025-09-27T22:18:54.618Z,59.7,21.1,1.915,49.6,0,60,0,0,0,0,0,0,0,0,66
2025-09-27T22:18:55.612Z,59.7,21.1,1.915,50.4,0,60,0,0,0,0,0,0,0,0,66
2025-09-27T22:18:56.613Z,59.7,21.1,1.915,49.6,0,60,0,0,0,0,0,0,0,0,66
2025-09-27T22:18:57.615Z,59.7,21.1,1.915,50.4,0,60,0,0,0,0,0,0,0,0,66
2025-09-27T22:18:58.614Z,59.7,21.1,1.915,50.4,0,60,0,0,0,0,0,0,0,0,66
2025-09-27T22:18:59.618Z,59.7,21.1,1.915,49.6,0,60,0,0,0,0,0,0,0,0,66
2025-09-27T22:19:00.623Z,59.7,21.1,1.915,50.4,0,60,0,0,0,0,0,0,0,0,66
2025-09-27T22:19:01.627Z,59.7,21.1,1.915,49.6,0,60,0,0,0,0,0,0,0,0,66
2025-09-27T22:19:02.619Z,59.7,21.1,1.915,50.4,0,60,0,0,0,0,0,0,0,0,66
2025-09-27T22:19:03.625Z,59.7,21.1,1.915,49.6,0,60,0,0,0,0,0,0,0,0,66
2025-09-27T22:19:04.625Z,59.7,21.1,1.915,49.6,0,60,0,0,0,0,0,0,0,0,66
2025-09-27T22:19:05.626Z,59.7,21.1,1.915,50.4,0,60,0,0,0,0,0,0,0,0,66
2025-09-27T22:19:06.629Z,59.7,21.1,1.915,49.6,0,60,0,0,0,0,0,0,0,0,66
2025-09-27T22:19:07.632Z,59.7,21.1,1.915,50.4,0,60,0,0,0,0,0,0,0,0,66
2025-09-27T22:19:08.635Z,59.7,21.1,1.915,49.6,0,60,0,0,0,0,0,0,0,0,66
2025-09-27T22:19:09.628Z,59.7,21.1,1.915,50.4,0,60,0,0,0,0,0,0,0,0,66
2025-09-27T22:19:10.639Z,59.7,21.1,1.914,49.6,0,60,0,0,0,0,0,0,0,0,66
2025-09-27T22:19:11.634Z,59.7,21.1,1.915,49.6,0,60,0,0,0,0,0,0,0,0,66
2025-09-27T22:19:12.631Z,59.7,21.1,1.915,50.4,0,60,0,0,0,0,0,0,0,0,66
2025-09-27T22:19:13.632Z,59.7,21.1,1.915,49.6,0,60,0,0,0,0,0,0,0,0,66
2025-09-27T22:19:14.638Z,59.8,21.1,1.915,50.4,0,60,0,0,0,0,0,0,0,0,66
2025-09-27T22:19:15.634Z,59.8,21.1,1.914,49.6,0,60,0,0,0,0,0,0,0,0,66
2025-09-27T22:19:16.636Z,59.8,21.1,1.915,49.6,0,60,0,0,0,0,0,0,0,0,66
2025-09-27T22:19:17.634Z,59.8,21.1,1.914,50.4,0,60,0,0,0,0,0,0,0,0,66
2025-09-27T22:19:18.638Z,59.8,21.1,1.914,49.6,0,60,0,0,0,0,0,0,0,0,66
2025-09-27T22:19:19.637Z,59.8,21.1,1.914,49.6,0,60,0,0,0,0,0,0,0,0,66
2025-09-27T22:19:20.640Z,59.8,21.1,1.915,50.4,0,60,0,0,0,0,0,0,0,0,66
2025-09-27T22:19:21.640Z,59.8,21.1,1.914,49.6,0,60,0,0,0,0,0,0,0,0,66
2025-09-27T22:19:22.644Z,59.8,21.1,1.914,50.4,0,60,0,0,0,0,0,0,0,0,66
2025-09-27T22:19:23.645Z,59.8,21.1,1.914,50.4,0,60,0,0,0,0,0,0,0,0,66
2025-09-27T22:19:24.640Z,59.8,21.1,1.914,49.6,0,60,0,0,0,0,0,0,0,0,66
2025-09-27T22:19:25.643Z,59.8,21.1,1.914,50.4,0,60,0,0,0,0,0,0,0,0,66
2025-09-27T22:19:26.642Z,59.8,21.1,1.914,50.4,0,60,0,0,0,0,0,0,0,0,66
2025-09-27T22:19:27.640Z,59.8,21.1,1.913,49.6,0,60,0,0,0,0,0,0,0,0,66
2025-09-27T22:19:28.640Z,59.8,21.1,1.915,50.4,0,60,0,0,0,0,0,0,0,0,66
2025-09-27T22:19:29.641Z,59.8,21.1,1.914,49.6,0,60,0,0,0,0,0,0,0,0,66
2025-09-27T22:19:30.645Z,59.8,21.1,1.914,50.4,0,60,0,0,0,0,0,0,0,0,66
2025-09-27T22:19:31.646Z,59.8,21.1,1.914,49.6,0,60,0,0,0,0,0,0,0,0,66
2025-09-27T22:19:32.649Z,59.8,21.1,1.913,50.4,0,60,0,0,0,0,0,0,0,0,66
2025-09-27T22:19:33.651Z,59.9,21.1,1.913,49.6,0,60,0,0,0,0,0,0,0,0,66
2025-09-27T22:19:34.646Z,59.9,21.1,1.913,50.4,0,60,0,0,0,0,0,0,0,0,66
2025-09-27T22:19:35.651Z,59.9,21.1,1.913,49.6,0,60,0,0,0,0,0,0,0,0,66
2025-09-27T22:19:36.655Z,59.9,21.1,1.913,49.6,0,60,0,0,0,0,0,0,0,0,66
2025-09-27T22:19:37.650Z,59.9,21.1,1.913,50.4,0,60,0,0,0,0,0,0,0,0,66
2025-09-27T22:19:38.651Z,59.9,21.1,1.913,49.6,0,60,0,0,0,0,0,0,0,0,66
2025-09-27T22:19:39.656Z,59.9,21.1,1.913,50.4,0,60,0,0,0,0,0,0,0,0,66
2025-09-27T22:19:40.655Z,59.9,21.1,1.913,49.6,0,60,0,0,0,0,0,0,0,0,66
2025-09-27T22:19:41.656Z,59.9,21.1,1.913,49.6,0,60,0,0,0,0,0,0,0,0,66
2025-09-27T22:19:42.660Z,59.9,21.1,1.913,50.4,0,60,0,0,0,0,0,0,0,0,66
2025-09-27T22:19:43.658Z,59.9,21.1,1.913,49.6,0,60,0,0,0,0,0,0,0,0,66
2025-09-27T22:19:44.660Z,59.9,21.1,1.913,50.4,0,60,0,0,0,0,0,0,0,0,66
2025-09-27T22:19:45.667Z,59.9,21.1,1.913,49.6,0,60,0,0,0,0,0,0,0,0,66
2025-09-27T22:19:46.662Z,59.9,21.1,1.913,49.6,0,60,0,0,0,0,0,0,0,0,66
2025-09-27T22:19:47.661Z,59.9,21.1,1.913,50.4,0,60,0,0,0,0,0,0,0,0,66
2025-09-27T22:19:48.664Z,59.9,21.1,1.913,50.4,0,60,0,0,0,0,0,0,0,0,66
2025-09-27T22:19:49.668Z,60,21.1,1.913,49.6,0,60,0,0,0,0,0,0,0,0,66
2025-09-27T22:19:50.668Z,60,21.1,1.913,50.4,0,60,0,0,0,0,0,0,0,0,66
2025-09-27T22:19:51.663Z,60,21.1,1.913,49.6,0,60,0,0,0,0,0,0,0,0,66
2025-09-27T22:19:52.669Z,60,21.1,1.913,50.4,0,60,0,0,0,0,0,0,0,0,66
2025-09-27T22:19:53.669Z,60,21.1,1.913,49.6,0,60,0,0,0,0,0,0,0,0,66
2025-09-27T22:19:54.671Z,60,21.1,1.913,50.4,0,60,0,0,0,0,0,0,0,0,66
2025-09-27T22:19:55.668Z,60,21.1,1.913,49.6,0,60,0,0,0,0,0,0,0,0,66
2025-09-27T22:19:56.673Z,60,21.1,1.913,49.6,0,60,0,0,0,0,0,0,0,0,66
2025-09-27T22:19:57.671Z,60,21.1,1.913,50.4,0,60,0,0,0,0,0,0,0,0,66
2025-09-27T22:19:58.674Z,60,21.1,1.913,49.6,0,60,0,0,0,0,0,0,0,0,66
2025-09-27T22:19:59.672Z,60,21.1,1.913,50.4,0,60,0,0,0,0,0,0,0,0,66
2025-09-27T22:20:00.672Z,60,21.1,1.913,50.4,0,60,0,0,0,0,0,0,0,0,66
2025-09-27T22:20:01.674Z,60,21.1,1.913,49.6,0,60,0,0,0,0,0,0,0,0,66
2025-09-27T22:20:02.675Z,60,21.1,1.913,50.4,0,60,0,0,0,0,0,0,0,0,66
2025-09-27T22:20:03.675Z,60,21.1,1.913,49.6,0,60,0,0,0,0,0,0,0,0,66
2025-09-27T22:20:04.676Z,60,21.1,1.913,50.4,0,60,0,0,0,0,0,0,0,0,66
2025-09-27T22:20:05.677Z,60,21.1,1.913,49.6,0,60,0,0,0,0,0,0,0,0,66
2025-09-27T22:20:06.683Z,60.1,21.1,1.913,49.6,0,60,0,0,0,0,0,0,0,0,66
2025-09-27T22:20:07.678Z,60.1,21.1,1.913,50.4,0,60,0,0,0,0,0,0,0,0,66
2025-09-27T22:20:08.680Z,60.1,21.1,1.913,49.6,0,60,0,0,0,0,0,0,0,0,66
2025-09-27T22:20:09.685Z,60.1,21.1,1.914,50.4,0,60,0,0,0,0,0,0,0,0,66
2025-09-27T22:20:10.684Z,60.1,21.1,1.913,50.4,0,60,0,0,0,0,0,0,0,0,66
2025-09-27T22:20:11.685Z,60.1,21.1,1.914,49.6,0,60,0,0,0,0,0,0,0,0,66
2025-09-27T22:20:12.685Z,60.1,21.1,1.913,49.6,0,60,0,0,0,0,0,0,0,0,66
2025-09-27T22:20:13.688Z,60.1,21.1,1.913,49.6,0,60,0,0,0,0,0,0,0,0,66
2025-09-27T22:20:14.686Z,60.1,21.1,1.912,50.4,0,60,0,0,0,0,0,0,0,0,66
2025-09-27T22:20:15.690Z,60.1,21.1,1.912,49.6,0,60,0,0,0,0,0,0,0,0,66
2025-09-27T22:20:16.690Z,60.1,21.1,1.913,49.6,0,60,0,0,0,0,0,0,0,0,66
2025-09-27T22:20:17.691Z,60.1,21.1,1.912,50.4,0,59.9,0,0,0,0,0,0,0,0,66
2025-09-27T22:20:18.690Z,60.1,21.1,1.912,50.4,0,60,0,0,0,0,0,0,0,0,66
2025-09-27T22:20:19.697Z,60.1,21.1,1.913,50.4,0,59.9,0,0,0,0,0,0,0,0,66
2025-09-27T22:20:20.694Z,60.1,21.1,1.913,50.4,0,59.9,0,0,0,0,0,0,0,0,66
2025-09-27T22:20:21.690Z,60.1,21.1,1.912,50.4,0,59.9,0,0,0,0,0,0,0,0,66
2025-09-27T22:20:22.691Z,60.1,21.1,1.913,49.6,0,59.9,0,0,0,0,0,0,0,0,66
2025-09-27T22:20:23.697Z,60.2,21.1,1.913,50.4,0,59.9,0,0,0,0,0,0,0,0,66
2025-09-27T22:20:24.692Z,60.2,21.1,1.913,49.6,0,59.9,0,0,0,0,0,0,0,0,66
2025-09-27T22:20:25.695Z,60.2,21.1,1.913,50.4,0,59.9,0,0,0,0,0,0,0,0,66
2025-09-27T22:20:26.697Z,60.2,21.1,1.912,49.6,0,59.9,0,0,0,0,0,0,0,0,66
2025-09-27T22:20:27.698Z,60.2,21.1,1.913,49.6,0,59.9,0,0,0,0,0,0,0,0,66
2025-09-27T22:20:28.694Z,60.2,21.1,1.912,50.4,0,59.9,0,0,0,0,0,0,0,0,66
2025-09-27T22:20:29.703Z,60.2,21.1,1.912,49.6,0,59.9,0,0,0,0,0,0,0,0,66
2025-09-27T22:20:30.703Z,60.2,21.1,1.912,50.4,0,59.9,0,0,0,0,0,0,0,0,66
2025-09-27T22:20:31.703Z,60.2,21.1,1.912,49.6,0,59.9,0,0,0,0,0,0,0,0,66
2025-09-27T22:20:32.703Z,60.2,21.1,1.912,49.6,0,59.9,0,0,0,0,0,0,0,0,66
2025-09-27T22:20:33.706Z,60.2,21.1,1.912,50.4,0,59.9,0,0,0,0,0,0,0,0,66
2025-09-27T22:20:34.705Z,60.2,21.1,1.912,49.6,0,59.9,0,0,0,0,0,0,0,0,66
2025-09-27T22:20:35.709Z,60.2,21.1,1.912,50.4,0,59.9,0,0,0,0,0,0,0,0,66
2025-09-27T22:20:36.708Z,60.2,21.1,1.912,49.6,0,59.9,0,0,0,0,0,0,0,0,66
2025-09-27T22:20:37.713Z,60.2,21.1,1.912,49.6,0,59.9,0,0,0,0,0,0,0,0,66
2025-09-27T22:20:38.714Z,60.2,21.1,1.912,50.4,0,59.9,0,0,0,0,0,0,0,0,66
2025-09-27T22:20:39.710Z,60.3,21.1,1.912,49.6,0,59.9,0,0,0,0,0,0,0,0,66
2025-09-27T22:20:40.709Z,60.3,21.1,1.912,50.4,0,59.9,0,0,0,0,0,0,0,0,66
2025-09-27T22:20:41.714Z,60.3,21.1,1.912,50.4,0,59.9,0,0,0,0,0,0,0,0,66
2025-09-27T22:20:42.712Z,60.3,21.1,1.912,49.6,0,59.9,0,0,0,0,0,0,0,0,66
2025-09-27T22:20:43.714Z,60.3,21.1,1.912,50.4,0,59.9,0,0,0,0,0,0,0,0,66
2025-09-27T22:20:44.714Z,60.3,21.1,1.912,49.6,0,59.9,0,0,0,0,0,0,0,0,66
2025-09-27T22:20:45.718Z,60.3,21.1,1.912,50.4,0,59.9,0,0,0,0,0,0,0,0,66
2025-09-27T22:20:46.716Z,60.3,21.1,1.912,49.6,0,59.9,0,0,0,0,0,0,0,0,66
2025-09-27T22:20:47.718Z,60.3,21.1,1.912,50.4,0,59.9,0,0,0,0,0,0,0,0,66
2025-09-27T22:20:48.721Z,60.3,21.1,1.912,49.6,0,59.9,0,0,0,0,0,0,0,0,66
2025-09-27T22:20:49.723Z,60.3,21.1,1.912,49.6,0,59.9,0,0,0,0,0,0,0,0,66
2025-09-27T22:20:50.720Z,60.3,21.1,1.912,50.4,0,59.9,0,0,0,0,0,0,0,0,66
2025-09-27T22:20:51.723Z,60.3,21.1,1.912,49.6,0,59.9,0,0,0,0,0,0,0,0,66
2025-09-27T22:20:52.718Z,60.3,21.1,1.912,50.4,0,59.9,0,0,0,0,0,0,0,0,66
2025-09-27T22:20:53.720Z,60.3,21.1,1.912,49.6,0,59.9,0,0,0,0,0,0,0,0,66
2025-09-27T22:20:54.719Z,60.3,21.1,1.912,49.6,0,59.9,0,0,0,0,0,0,0,0,66
2025-09-27T22:20:55.722Z,60.4,21.1,1.912,50.4,0,59.9,0,0,0,0,0,0,0,0,66
2025-09-27T22:20:56.724Z,60.4,21.1,1.912,49.6,0,59.9,0,0,0,0,0,0,0,0,66
2025-09-27T22:20:57.727Z,60.4,21.1,1.912,49.6,0,59.9,0,0,0,0,0,0,0,0,66
2025-09-27T22:20:58.729Z,60.4,21.1,1.912,50.4,0,59.9,0,0,0,0,0,0,0,0,66
2025-09-27T22:20:59.732Z,60.4,21.1,1.912,50.4,0,59.9,0,0,0,0,0,0,0,0,66
2025-09-27T22:21:00.731Z,60.4,21.1,1.912,49.6,0,59.9,0,0,0,0,0,0,0,0,66
2025-09-27T22:21:01.731Z,60.4,21.1,1.912,50.4,0,59.9,0,0,0,0,0,0,0,0,66
2025-09-27T22:21:02.734Z,60.4,21.1,1.912,49.6,0,59.9,0,0,0,0,0,0,0,0,66
2025-09-27T22:21:03.731Z,60.4,21.1,1.911,50.4,0,59.9,0,0,0,0,0,0,0,0,66
2025-09-27T22:21:04.733Z,60.4,21.1,1.911,49.6,0,59.9,0,0,0,0,0,0,0,0,66
2025-09-27T22:21:05.735Z,60.4,21.1,1.912,49.6,0,59.9,0,0,0,0,0,0,0,0,66
2025-09-27T22:21:06.739Z,60.4,21.1,1.911,50.4,0,59.9,0,0,0,0,0,0,0,0,66
2025-09-27T22:21:07.736Z,60.4,21.1,1.911,49.6,0,59.9,0,0,0,0,0,0,0,0,66
2025-09-27T22:21:08.736Z,60.4,21.1,1.911,49.6,0,59.9,0,0,0,0,0,0,0,0,66
2025-09-27T22:21:09.736Z,60.4,21.1,1.911,50.4,0,59.9,0,0,0,0,0,0,0,0,66
2025-09-27T22:21:10.741Z,60.4,21.1,1.911,50.4,0,59.9,0,0,0,0,0,0,0,0,66
2025-09-27T22:21:11.739Z,60.4,21.1,1.911,49.6,0,59.9,0,0,0,0,0,0,0,0,66
2025-09-27T22:21:12.745Z,60.5,21.1,1.911,50.4,0,59.9,0,0,0,0,0,0,0,0,66
2025-09-27T22:21:13.742Z,60.5,21.1,1.911,49.6,0,59.9,0,0,0,0,0,0,0,0,66
2025-09-27T22:21:14.744Z,60.5,21.1,1.911,49.6,0,59.9,0,0,0,0,0,0,0,0,66
2025-09-27T22:21:15.745Z,60.5,21.1,1.911,50.4,0,59.9,0,0,0,0,0,0,0,0,66
2025-09-27T22:21:16.750Z,60.5,21.1,1.911,50.4,0,59.9,0,0,0,0,0,0,0,0,66
2025-09-27T22:21:17.748Z,60.5,21.1,1.911,49.6,0,59.9,0,0,0,0,0,0,0,0,66
2025-09-27T22:21:18.745Z,60.5,21.1,1.911,50.4,0,59.9,0,0,0,0,0,0,0,0,66
2025-09-27T22:21:19.750Z,60.5,21.1,1.911,49.6,0,59.9,0,0,0,0,0,0,0,0,66
2025-09-27T22:21:20.748Z,60.5,21.1,1.91,50.4,0,59.9,0,0,0,0,0,0,0,0,66
2025-09-27T22:21:21.751Z,60.5,21.1,1.911,49.6,0,59.9,0,0,0,0,0,0,0,0,66
2025-09-27T22:21:22.751Z,60.5,21.1,1.911,50.4,0,59.9,0,0,0,0,0,0,0,0,66
2025-09-27T22:21:23.750Z,60.5,21.1,1.91,49.6,0,59.9,0,0,0,0,0,0,0,0,66
2025-09-27T22:21:24.748Z,60.5,21.1,1.91,50.4,0,59.9,0,0,0,0,0,0,0,0,66
2025-09-27T22:21:25.753Z,60.5,21.1,1.911,49.6,0,59.9,0,0,0,0,0,0,0,0,66
2025-09-27T22:21:26.755Z,60.5,21.1,1.911,50.4,0,59.9,0,0,0,0,0,0,0,0,66
2025-09-27T22:21:27.753Z,60.5,21.1,1.91,49.6,0,59.9,0,0,0,0,0,0,0,0,66
2025-09-27T22:21:28.758Z,60.5,21.1,1.911,50.4,0,59.9,0,0,0,0,0,0,0,0,66
2025-09-27T22:21:29.759Z,60.5,21.1,1.911,50.4,0,59.9,0,0,0,0,0,0,0,0,66
2025-09-27T22:21:30.757Z,60.6,21.1,1.91,49.6,0,59.9,0,0,0,0,0,0,0,0,66
2025-09-27T22:21:31.760Z,60.6,21.1,1.911,50.4,0,59.9,0,0,0,0,0,0,0,0,66
2025-09-27T22:21:32.756Z,60.6,21.1,1.91,49.6,0,59.9,0,0,0,0,0,0,0,0,66
2025-09-27T22:21:33.764Z,60.6,21.1,1.911,50.4,0,59.9,0,0,0,0,0,0,0,0,66
2025-09-27T22:21:34.759Z,60.6,21.1,1.91,49.6,0,59.9,0,0,0,0,0,0,0,0,66
2025-09-27T22:21:35.758Z,60.6,21.1,1.91,50.4,0,59.9,0,0,0,0,0,0,0,0,66
2025-09-27T22:21:36.762Z,60.6,21.1,1.91,49.6,0,59.9,0,0,0,0,0,0,0,0,66
2025-09-27T22:21:37.766Z,60.6,21.1,1.911,49.6,0,59.9,0,0,0,0,0,0,0,0,66
2025-09-27T22:21:38.762Z,60.6,21.1,1.91,50.4,0,59.9,0,0,0,0,0,0,0,0,66
2025-09-27T22:21:39.766Z,60.6,21.1,1.91,49.6,0,59.9,0,0,0,0,0,0,0,0,66
2025-09-27T22:21:40.764Z,60.6,21.1,1.91,50.4,0,59.9,0,0,0,0,0,0,0,0,66
2025-09-27T22:21:41.769Z,60.6,21.1,1.911,49.6,0,59.9,0,0,0,0,0,0,0,0,66
2025-09-27T22:21:42.765Z,60.6,21.1,1.91,50.4,0,59.9,0,0,0,0,0,0,0,0,66
2025-09-27T22:21:43.768Z,60.6,21.1,1.911,49.6,0,59.9,0,0,0,0,0,0,0,0,66
2025-09-27T22:21:44.775Z,60.6,21.1,1.911,49.6,0,59.9,0,0,0,0,0,0,0,0,66
2025-09-27T22:21:45.776Z,60.6,21.1,1.911,50.4,0,59.9,0,0,0,0,0,0,0,0,66
2025-09-27T22:21:46.774Z,60.6,21.1,1.911,49.6,0,59.9,0,0,0,0,0,0,0,0,66
2025-09-27T22:21:47.769Z,60.6,21.1,1.91,50.4,0,59.9,0,0,0,0,0,0,0,0,66
2025-09-27T22:21:48.774Z,60.6,21.1,1.911,50.4,0,59.9,0,0,0,0,0,0,0,0,66
2025-09-27T22:21:49.776Z,60.6,21.1,1.911,49.6,0,59.9,0,0,0,0,0,0,0,0,66
2025-09-27T22:21:50.779Z,60.6,21.1,1.911,50.4,0,59.9,0,0,0,0,0,0,0,0,66
2025-09-27T22:21:51.782Z,60.7,21.1,1.911,49.6,0,59.9,0,0,0,0,0,0,0,0,66
2025-09-27T22:21:52.775Z,60.7,21.1,1.911,49.6,0,59.9,0,0,0,0,0,0,0,0,66
2025-09-27T22:21:53.775Z,60.7,21.1,1.911,49.6,0,59.9,0,0,0,0,0,0,0,0,66
2025-09-27T22:21:54.780Z,60.7,21.1,1.911,50.4,0,59.9,0,0,0,0,0,0,0,0,66
2025-09-27T22:21:55.781Z,60.7,21.1,1.911,49.6,0,59.9,0,0,0,0,0,0,0,0,66
2025-09-27T22:21:56.780Z,60.7,21.1,1.911,50.4,0,59.9,0,0,0,0,0,0,0,0,66
2025-09-27T22:21:57.783Z,60.7,21.1,1.911,49.6,0,59.9,0,0,0,0,0,0,0,0,66
2025-09-27T22:21:58.783Z,60.7,21.1,1.911,49.6,0,59.9,0,0,0,0,0,0,0,0,66
2025-09-27T22:21:59.786Z,60.7,21.1,1.911,50.4,0,59.9,0,0,0,0,0,0,0,0,66
2025-09-27T22:22:00.792Z,60.7,21.1,1.911,49.6,0,59.9,0,0,0,0,0,0,0,0,66
2025-09-27T22:22:01.787Z,60.7,21.1,1.911,50.4,0,59.9,0,0,0,0,0,0,0,0,66
2025-09-27T22:22:02.785Z,60.7,21.1,1.911,49.6,0,59.9,0,0,0,0,0,0,0,0,66
2025-09-27T22:22:03.787Z,60.7,21.1,1.911,50.4,0,59.9,0,0,0,0,0,0,0,0,66
2025-09-27T22:22:04.790Z,60.7,21.1,1.911,49.6,0,59.9,0,0,0,0,0,0,0,0,66
2025-09-27T22:22:05.788Z,60.7,21.1,1.911,49.6,0,59.9,0,0,0,0,0,0,0,0,66
2025-09-27T22:22:06.789Z,60.7,21.1,1.911,50.4,0,59.9,0,0,0,0,0,0,0,0,66
2025-09-27T22:22:07.790Z,60.7,21.1,1.911,49.6,0,59.9,0,0,0,0,0,0,0,0,66
2025-09-27T22:22:08.790Z,60.7,21.1,1.911,50.4,0,59.9,0,0,0,0,0,0,0,0,66
2025-09-27T22:22:09.797Z,60.7,21.1,1.911,49.6,0,59.9,0,0,0,0,0,0,0,0,66
2025-09-27T22:22:10.796Z,60.7,21.1,1.91,49.6,0,59.9,0,0,0,0,0,0,0,0,66
2025-09-27T22:22:11.795Z,60.7,21.1,1.91,50.4,0,59.9,0,0,0,0,0,0,0,0,66
2025-09-27T22:22:12.796Z,60.8,21.1,1.911,50.4,0,59.9,0,0,0,0,0,0,0,0,66
2025-09-27T22:22:13.798Z,60.8,21.1,1.91,49.6,0,59.9,0,0,0,0,0,0,0,0,66
2025-09-27T22:22:14.797Z,60.8,21.1,1.911,50.4,0,59.9,0,0,0,0,0,0,0,0,66
2025-09-27T22:22:15.796Z,60.8,21.1,1.911,49.6,0,59.9,0,0,0,0,0,0,0,0,66
2025-09-27T22:22:16.800Z,60.8,21.1,1.911,50.4,0,59.9,0,0,0,0,0,0,0,0,66
2025-09-27T22:22:17.802Z,60.8,21.1,1.91,49.6,0,59.9,0,0,0,0,0,0,0,0,66
2025-09-27T22:22:18.802Z,60.8,21.1,1.911,49.6,0,59.9,0,0,0,0,0,0,0,0,66
2025-09-27T22:22:19.805Z,60.8,21.1,1.91,50.4,0,59.9,0,0,0,0,0,0,0,0,66
2025-09-27T22:22:20.805Z,60.8,21.1,1.911,49.6,0,59.9,0,0,0,0,0,0,0,0,66
2025-09-27T22:22:21.806Z,60.8,21.1,1.909,49.6,0,59.9,0,0,0,0,0,0,0,0,66
2025-09-27T22:22:22.802Z,60.8,21.1,1.91,50.4,0,59.9,0,0,0,0,0,0,0,0,66
2025-09-27T22:22:23.805Z,60.8,21.1,1.91,49.6,0,59.9,0,0,0,0,0,0,0,0,66
2025-09-27T22:22:24.804Z,60.8,21.1,1.91,49.6,0,59.9,0,0,0,0,0,0,0,0,66
2025-09-27T22:22:25.804Z,60.8,21.1,1.91,50.4,0,59.9,0,0,0,0,0,0,0,0,66
2025-09-27T22:22:26.809Z,60.8,21.1,1.909,49.6,0,59.9,0,0,0,0,0,0,0,0,66
2025-09-27T22:22:27.805Z,60.8,21.1,1.91,49.6,0,59.9,0,0,0,0,0,0,0,0,66
2025-09-27T22:22:28.806Z,60.8,21.1,1.91,50.4,0,59.9,0,0,0,0,0,0,0,0,66
2025-09-27T22:22:29.809Z,60.8,21.1,1.91,49.6,0,59.9,0,0,0,0,0,0,0,0,66
2025-09-27T22:22:30.814Z,60.8,21.1,1.909,49.6,0,59.9,0,0,0,0,0,0,0,0,66
2025-09-27T22:22:31.809Z,60.8,21.1,1.91,50.4,0,59.9,0,0,0,0,0,0,0,0,66
2025-09-27T22:22:32.816Z,60.8,21.1,1.909,50.4,0,59.9,0,0,0,0,0,0,0,0,66
2025-09-27T22:22:33.823Z,60.8,21.1,1.909,49.6,0,59.9,0,0,0,0,0,0,0,0,66
2025-09-27T22:22:34.815Z,60.8,21.1,1.91,50.4,0,59.9,0,0,0,0,0,0,0,0,66
2025-09-27T22:22:35.817Z,60.8,21.1,1.909,49.6,0,59.9,0,0,0,0,0,0,0,0,66
2025-09-27T22:22:36.816Z,60.8,21.1,1.909,49.6,0,59.9,0,0,0,0,0,0,0,0,66
2025-09-27T22:22:37.817Z,60.8,21.1,1.909,50.4,0,59.9,0,0,0,0,0,0,0,0,66
2025-09-27T22:22:38.818Z,60.8,21.1,1.909,49.6,0,59.9,0,0,0,0,0,0,0,0,66
2025-09-27T22:22:39.820Z,60.8,21.1,1.909,49.6,0,59.9,0,0,0,0,0,0,0,0,66
2025-09-27T22:22:40.823Z,60.8,21.1,1.909,50.4,0,59.9,0,0,0,0,0,0,0,0,66
2025-09-27T22:22:41.826Z,60.8,21.1,1.909,50.4,0,59.9,0,0,0,0,0,0,0,0,66
2025-09-27T22:22:42.822Z,60.8,21.1,1.909,49.6,0,59.9,0,0,0,0,0,0,0,0,66
2025-09-27T22:22:43.822Z,60.8,21.1,1.909,50.4,0,59.9,0,0,0,0,0,0,0,0,66
2025-09-27T22:22:44.825Z,60.8,21.1,1.909,50.4,0,59.9,0,0,0,0,0,0,0,0,66
2025-09-27T22:22:45.825Z,60.8,21.1,1.909,49.6,0,59.9,0,0,0,0,0,0,0,0,66
2025-09-27T22:22:46.831Z,60.8,21.1,1.909,50.4,0,59.9,0,0,0,0,0,0,0,0,66
2025-09-27T22:22:47.826Z,60.9,21.1,1.909,50.4,0,59.9,0,0,0,0,0,0,0,0,66
2025-09-27T22:22:48.830Z,60.9,21.1,1.909,49.6,0,60,0,0,0,0,0,0,0,0,66
2025-09-27T22:22:49.834Z,60.9,21.1,1.909,50.4,0,60,0,0,0,0,0,0,0,0,66
2025-09-27T22:22:50.835Z,60.9,21.1,1.909,49.6,0,59.9,0,0,0,0,0,0,0,0,66
2025-09-27T22:22:51.833Z,60.9,21.1,1.909,50.4,0,59.9,0,0,0,0,0,0,0,0,66
2025-09-27T22:22:52.834Z,60.9,21.1,1.909,49.6,0,59.9,0,0,0,0,0,0,0,0,66
2025-09-27T22:22:53.832Z,60.9,21.1,1.909,50.4,0,59.9,0,0,0,0,0,0,0,0,66
2025-09-27T22:22:54.831Z,60.9,21.1,1.909,49.6,0,59.9,0,0,0,0,0,0,0,0,66
2025-09-27T22:22:55.833Z,60.9,21.1,1.909,50.4,0,59.9,0,0,0,0,0,0,0,0,66
2025-09-27T22:22:56.833Z,60.9,21.1,1.909,49.6,0,59.9,0,0,0,0,0,0,0,0,66
2025-09-27T22:22:57.839Z,60.9,21.1,1.909,49.6,0,59.9,0,0,0,0,0,0,0,0,66
2025-09-27T22:22:58.839Z,60.9,21.1,1.909,50.4,0,59.9,0,0,0,0,0,0,0,0,66
2025-09-27T22:22:59.840Z,60.9,21.1,1.909,49.6,0,60,0,0,0,0,0,0,0,0,66
2025-09-27T22:23:00.843Z,60.9,21.1,1.909,49.6,0,60,0,0,0,0,0,0,0,0,66
2025-09-27T22:23:01.842Z,60.9,21.1,1.909,50.4,0,59.9,0,0,0,0,0,0,0,0,66
2025-09-27T22:23:02.842Z,60.9,21.1,1.909,49.6,0,59.9,0,0,0,0,0,0,0,0,66
2025-09-27T22:23:03.843Z,60.9,21.1,1.909,50.4,0,59.9,0,0,0,0,0,0,0,0,66
2025-09-27T22:23:04.845Z,60.9,21.1,1.909,50.4,0,59.9,0,0,0,0,0,0,0,0,66
2025-09-27T22:23:05.844Z,60.9,21.1,1.909,49.6,0,59.9,0,0,0,0,0,0,0,0,66
2025-09-27T22:23:06.852Z,60.9,21.1,1.909,50.4,0,59.9,0,0,0,0,0,0,0,0,66
2025-09-27T22:23:07.845Z,60.9,21.1,1.909,49.6,0,59.9,0,0,0,0,0,0,0,0,66
2025-09-27T22:23:08.845Z,60.9,21.1,1.909,50.4,0,59.9,0,0,0,0,0,0,0,0,66
2025-09-27T22:23:09.848Z,60.9,21.1,1.909,49.6,0,59.9,0,0,0,0,0,0,0,0,66
2025-09-27T22:23:10.849Z,60.9,21.1,1.909,49.6,0,59.9,0,0,0,0,0,0,0,0,66
2025-09-27T22:23:11.850Z,60.9,21.1,1.909,50.4,0,60,0,0,0,0,0,0,0,0,66
2025-09-27T22:23:12.848Z,60.9,21.1,1.909,49.6,0,59.9,0,0,0,0,0,0,0,0,66
2025-09-27T22:23:13.852Z,60.9,21.1,1.909,50.4,0,59.9,0,0,0,0,0,0,0,0,66
2025-09-27T22:23:14.860Z,60.9,21.1,1.909,50.4,0,60,0,0,0,0,0,0,0,0,66
2025-09-27T22:23:15.854Z,60.9,21.1,1.909,49.6,0,60,0,0,0,0,0,0,0,0,66
2025-09-27T22:23:16.855Z,60.9,21.1,1.909,50.4,0,59.9,0,0,0,0,0,0,0,0,66
2025-09-27T22:23:17.858Z,60.9,21.1,1.909,49.6,0,60,0,0,0,0,0,0,0,0,66
2025-09-27T22:23:18.858Z,60.9,21.1,1.909,50.4,0,59.9,0,0,0,0,0,0,0,0,66
2025-09-27T22:23:19.859Z,60.9,21.1,1.909,49.6,0,60,0,0,0,0,0,0,0,0,66
2025-09-27T22:23:20.861Z,60.9,21.1,1.909,50.4,0,60,0,0,0,0,0,0,0,0,66
2025-09-27T22:23:21.861Z,60.9,21.1,1.91,49.6,0,60,0,0,0,0,0,0,0,0,66
2025-09-27T22:23:22.862Z,60.9,21.1,1.909,49.6,0,60,0,0,0,0,0,0,0,0,66
2025-09-27T22:23:23.858Z,60.9,21.1,1.909,50.4,0,60,0,0,0,0,0,0,0,0,66
2025-09-27T22:23:24.860Z,60.9,21.1,1.909,49.6,0,60,0,0,0,0,0,0,0,0,66
2025-09-27T22:23:25.862Z,60.9,21.1,1.909,50.4,0,60,0,0,0,0,0,0,0,0,66
2025-09-27T22:23:26.869Z,60.9,21.1,1.909,49.6,0,60,0,0,0,0,0,0,0,0,66
2025-09-27T22:23:27.863Z,60.9,21.1,1.909,49.6,0,60,0,0,0,0,0,0,0,0,66
2025-09-27T22:23:28.864Z,60.9,21.1,1.909,50.4,0,59.9,0,0,0,0,0,0,0,0,66
2025-09-27T22:23:29.866Z,60.9,21.1,1.909,49.6,0,60,0,0,0,0,0,0,0,0,66
2025-09-27T22:23:30.866Z,60.9,21.1,1.909,50.4,0,60,0,0,0,0,0,0,0,0,66
2025-09-27T22:23:31.869Z,60.9,21.1,1.909,49.6,0,60,0,0,0,0,0,0,0,0,66
2025-09-27T22:23:32.869Z,60.9,21.1,1.909,49.6,0,60,0,0,0,0,0,0,0,0,66
2025-09-27T22:23:33.871Z,60.9,21.1,1.909,50.4,0,60,0,0,0,0,0,0,0,0,66
2025-09-27T22:23:34.873Z,60.9,21.1,1.909,49.6,0,60,0,0,0,0,0,0,0,0,66
2025-09-27T22:23:35.875Z,60.9,21.1,1.909,49.6,0,60,0,0,0,0,0,0,0,0,66
2025-09-27T22:23:36.872Z,60.9,21.1,1.909,50.4,0,60,0,0,0,0,0,0,0,0,66
2025-09-27T22:23:37.876Z,60.9,21.1,1.909,49.6,0,60,0,0,0,0,0,0,0,0,66
2025-09-27T22:23:38.873Z,60.9,21.1,1.909,50.4,0,60,0,0,0,0,0,0,0,0,66
2025-09-27T22:23:39.877Z,60.9,21.1,1.909,50.4,0,60,0,0,0,0,0,0,0,0,66
2025-09-27T22:23:40.874Z,60.9,21.1,1.909,49.6,0,60,0,0,0,0,0,0,0,0,66
2025-09-27T22:23:41.880Z,60.9,21.1,1.909,50.4,0,60,0,0,0,0,0,0,0,0,66
2025-09-27T22:23:42.880Z,60.9,21.1,1.909,49.6,0,60,0,0,0,0,0,0,0,0,66
2025-09-27T22:23:43.881Z,60.9,21.1,1.909,50.4,0,60,0,0,0,0,0,0,0,0,66
2025-09-27T22:23:44.883Z,60.9,21.1,1.91,50.4,0,60,0,0,0,0,0,0,0,0,66
2025-09-27T22:23:45.880Z,60.9,21.1,1.909,49.6,0,60,0,0,0,0,0,0,0,0,66
2025-09-27T22:23:46.883Z,60.9,21.1,1.909,50.4,0,60,0,0,0,0,0,0,0,0,66
2025-09-27T22:23:47.887Z,60.9,21.1,1.909,49.6,0,60,0,0,0,0,0,0,0,0,66
2025-09-27T22:23:48.886Z,60.9,21.1,1.909,50.4,0,60,0,0,0,0,0,0,0,0,66
2025-09-27T22:23:49.889Z,60.9,21.1,1.909,49.6,0,60,0,0,0,0,0,0,0,0,66
2025-09-27T22:23:50.893Z,60.9,21.1,1.909,50.4,0,60,0,0,0,0,0,0,0,0,66
2025-09-27T22:23:51.885Z,60.9,21.1,1.909,50.4,0,60,0,0,0,0,0,0,0,0,66
2025-09-27T22:23:52.888Z,60.8,21.1,1.91,49.6,0,60,0,0,0,0,0,0,0,0,66
2025-09-27T22:23:53.887Z,60.9,21.1,1.909,49.6,0,60,0,0,0,0,0,0,0,0,66
2025-09-27T22:23:54.890Z,60.8,21.1,1.909,49.6,0,60,0,0,0,0,0,0,0,0,66
2025-09-27T22:23:55.892Z,60.8,21.1,1.909,50.4,0,60,0,0,0,0,0,0,0,0,66
2025-09-27T22:23:56.892Z,60.8,21.1,1.909,49.6,0,60,0,0,0,0,0,0,0,0,66
2025-09-27T22:23:57.892Z,60.8,21.1,1.909,50.4,0,60,0,0,0,0,0,0,0,0,66
2025-09-27T22:23:58.896Z,60.8,21.1,1.909,49.6,0,60,0,0,0,0,0,0,0,0,66
2025-09-27T22:23:59.894Z,60.8,21.1,1.909,49.6,0,60,0,0,0,0,0,0,0,0,66
2025-09-27T22:24:00.896Z,60.8,21.1,1.909,50.4,0,60,0,0,0,0,0,0,0,0,66
2025-09-27T22:24:01.895Z,60.8,21.1,1.909,49.6,0,60,0,0,0,0,0,0,0,0,66
2025-09-27T22:24:02.897Z,60.8,21.1,1.909,50.4,0,60,0,0,0,0,0,0,0,0,66
2025-09-27T22:24:03.900Z,60.8,21.1,1.909,49.6,0,60,0,0,0,0,0,0,0,0,66
2025-09-27T22:24:04.900Z,60.8,21.1,1.909,50.4,0,60,0,0,0,0,0,0,0,0,66
2025-09-27T22:24:05.898Z,60.8,21.1,1.909,49.6,0,60,0,0,0,0,0,0,0,0,66
2025-09-27T22:24:06.902Z,60.8,21.1,1.909,49.6,0,60,0,0,0,0,0,0,0,0,66
2025-09-27T22:24:07.907Z,60.8,21.1,1.909,50.4,0,60,0,0,0,0,0,0,0,0,66
2025-09-27T22:24:08.905Z,60.8,21.1,1.909,49.6,0,60,0,0,0,0,0,0,0,0,66
2025-09-27T22:24:09.907Z,60.8,21.1,1.909,49.6,0,60,0,0,0,0,0,0,0,0,66
2025-09-27T22:24:10.906Z,60.8,21.1,1.909,50.4,0,60,0,0,0,0,0,0,0,0,66
2025-09-27T22:24:11.907Z,60.8,21.1,1.909,50.4,0,60,0,0,0,0,0,0,0,0,66
2025-09-27T22:24:12.910Z,60.8,21.1,1.909,49.6,0,60,0,0,0,0,0,0,0,0,66
2025-09-27T22:24:13.910Z,60.8,21.1,1.909,50.4,0,60,0,0,0,0,0,0,0,0,66
2025-09-27T22:24:14.912Z,60.8,21.1,1.909,49.6,0,60,0,0,0,0,0,0,0,0,66
2025-09-27T22:24:15.917Z,60.8,21.1,1.909,50.4,0,60,0,0,0,0,0,0,0,0,66
2025-09-27T22:24:16.911Z,60.8,21.1,1.909,49.6,0,60,0,0,0,0,0,0,0,0,66
2025-09-27T22:24:17.914Z,60.8,21.1,1.909,50.4,0,60,0,0,0,0,0,0,0,0,66
2025-09-27T22:24:18.918Z,60.8,21.1,1.909,49.6,0,60,0,0,0,0,0,0,0,0,66
2025-09-27T22:24:19.918Z,60.8,21.1,1.909,50.4,0,60,0,0,0,0,0,0,0,0,66
2025-09-27T22:24:20.922Z,60.8,21.1,1.909,49.6,0,60,0,0,0,0,0,0,0,0,66
2025-09-27T22:24:21.919Z,60.8,21.1,1.91,50.4,0,60,0,0,0,0,0,0,0,0,66
2025-09-27T22:24:22.918Z,60.8,21.1,1.909,49.6,0,60,0,0,0,0,0,0,0,0,66
2025-09-27T22:24:23.914Z,60.8,21.1,1.91,50.4,0,60,0,0,0,0,0,0,0,0,66
2025-09-27T22:24:24.917Z,60.8,21.1,1.909,50.4,0,60,0,0,0,0,0,0,0,0,66
2025-09-27T22:24:25.918Z,60.8,21.1,1.909,49.6,0,60,0,0,0,0,0,0,0,0,66
2025-09-27T22:24:26.926Z,60.7,21.1,1.91,50.4,0,60,0,0,0,0,0,0,0,0,66
2025-09-27T22:24:27.922Z,60.7,21.1,1.91,49.6,0,60,0,0,0,0,0,0,0,0,66
2025-09-27T22:24:28.928Z,60.7,21.1,1.91,50.4,0,60,0,0,0,0,0,0,0,0,66
2025-09-27T22:24:29.929Z,60.7,21.1,1.909,49.6,0,60,0,0,0,0,0,0,0,0,66
2025-09-27T22:24:30.923Z,60.7,21.1,1.91,50.4,0,60,0,0,0,0,0,0,0,0,66
2025-09-27T22:24:31.927Z,60.7,21.1,1.91,49.6,0,60,0,0,0,0,0,0,0,0,66
2025-09-27T22:24:32.928Z,60.7,21.1,1.91,50.4,0,60,0,0,0,0,0,0,0,0,66
2025-09-27T22:24:33.927Z,60.7,21.1,1.91,49.6,0,60,0,0,0,0,0,0,0,0,66
2025-09-27T22:24:34.934Z,60.7,21.1,1.911,50.4,0,60,0,0,0,0,0,0,0,0,66
2025-09-27T22:24:35.929Z,60.7,21.1,1.91,49.6,0,60,0,0,0,0,0,0,0,0,66
2025-09-27T22:24:36.932Z,60.7,21.1,1.91,50.4,0,60,0,0,0,0,0,0,0,0,66
2025-09-27T22:24:37.931Z,60.7,21.1,1.91,49.6,0,60,0,0,0,0,0,0,0,0,66
2025-09-27T22:24:38.938Z,60.7,21.1,1.91,50.4,0,60,0,0,0,0,0,0,0,0,66
2025-09-27T22:24:39.932Z,60.7,21.1,1.91,49.6,0,60,0,0,0,0,0,0,0,0,66
2025-09-27T22:24:40.940Z,60.7,21.1,1.911,50.4,0,60,0,0,0,0,0,0,0,0,66
2025-09-27T22:24:41.935Z,60.7,21.1,1.91,49.6,0,60,0,0,0,0,0,0,0,0,66
2025-09-27T22:24:42.942Z,60.7,21.1,1.91,49.6,0,60,0,0,0,0,0,0,0,0,66
2025-09-27T22:24:43.938Z,60.7,21.1,1.91,49.6,0,60,0,0,0,0,0,0,0,0,66
2025-09-27T22:24:44.944Z,60.7,21.1,1.91,50.4,0,60,0,0,0,0,0,0,0,0,66
2025-09-27T22:24:45.940Z,60.7,21.1,1.91,49.6,0,60,0,0,0,0,0,0,0,0,66
2025-09-27T22:24:46.943Z,60.7,21.1,1.91,50.4,0,60,0,0,0,0,0,0,0,0,66
2025-09-27T22:24:47.940Z,60.7,21.1,1.91,49.6,0,60,0,0,0,0,0,0,0,0,66
2025-09-27T22:24:48.944Z,60.7,21.1,1.91,49.6,0,60,0,0,0,0,0,0,0,0,66
2025-09-27T22:24:49.945Z,60.7,21.1,1.91,50.4,0,60,0,0,0,0,0,0,0,0,66
2025-09-27T22:24:50.945Z,60.7,21.1,1.91,49.6,0,60,0,0,0,0,0,0,0,0,66
2025-09-27T22:24:51.941Z,60.7,21.1,1.91,50.4,0,60,0,0,0,0,0,0,0,0,66
2025-09-27T22:24:52.944Z,60.7,21.1,1.91,49.6,0,60,0,0,0,0,0,0,0,0,66
2025-09-27T22:24:53.947Z,60.6,21.1,1.91,50.4,0,60,0,0,0,0,0,0,0,0,66
2025-09-27T22:24:54.945Z,60.6,21.1,1.91,49.6,0,60,0,0,0,0,0,0,0,0,66
2025-09-27T22:24:55.951Z,60.6,21.1,1.91,50.4,0,60,0,0,0,0,0,0,0,0,66
2025-09-27T22:24:56.947Z,60.6,21.1,1.91,49.6,0,60,0,0,0,0,0,0,0,0,66
2025-09-27T22:24:57.946Z,60.6,21.1,1.91,49.6,0,60,0,0,0,0,0,0,0,0,66
2025-09-27T22:24:58.949Z,60.6,21.1,1.91,50.4,0,60,0,0,0,0,0,0,0,0,66
2025-09-27T22:24:59.954Z,60.6,21.1,1.91,49.6,0,60,0,0,0,0,0,0,0,0,66
2025-09-27T22:25:00.956Z,60.6,21.1,1.911,49.6,0,60,0,0,0,0,0,0,0,0,66
2025-09-27T22:25:01.953Z,60.6,21.1,1.91,50.4,0,60,0,0,0,0,0,0,0,0,66
2025-09-27T22:25:02.954Z,60.6,21.1,1.91,49.6,0,60,0,0,0,0,0,0,0,0,66
2025-09-27T22:25:03.958Z,60.6,21.1,1.91,50.4,0,60,0,0,0,0,0,0,0,0,66
2025-09-27T22:25:04.962Z,60.6,21.1,1.911,49.6,0,60,0,0,0,0,0,0,0,0,66
2025-09-27T22:25:05.957Z,60.6,21.1,1.91,50.4,0,60,0,0,0,0,0,0,0,0,66
2025-09-27T22:25:06.958Z,60.6,21.1,1.91,49.6,0,60,0,0,0,0,0,0,0,0,66
2025-09-27T22:25:07.964Z,60.6,21.1,1.911,49.6,0,60,0,0,0,0,0,0,0,0,66
2025-09-27T22:25:08.962Z,60.6,21.1,1.91,50.4,0,60,0,0,0,0,0,0,0,0,66
2025-09-27T22:25:09.964Z,60.6,21.1,1.91,49.6,0,60,0,0,0,0,0,0,0,0,66
2025-09-27T22:25:10.964Z,60.6,21.1,1.91,50.4,0,60,0,0,0,0,0,0,0,0,66
2025-09-27T22:25:11.960Z,60.6,21.1,1.91,49.6,0,60,0,0,0,0,0,0,0,0,66
2025-09-27T22:25:12.965Z,60.6,21.1,1.91,49.6,0,60.1,0,0,0,0,0,0,0,0,66
2025-09-27T22:25:13.966Z,60.6,21.1,1.91,50.4,0,60,0,0,0,0,0,0,0,0,66
2025-09-27T22:25:14.973Z,60.6,21.1,1.911,49.6,0,60,0,0,0,0,0,0,0,0,66
2025-09-27T22:25:15.967Z,60.6,21.1,1.91,49.6,0,60,0,0,0,0,0,0,0,0,66
2025-09-27T22:25:16.977Z,60.5,21.1,1.911,50.4,0,60.1,0,0,0,0,0,0,0,0,66
2025-09-27T22:25:17.967Z,60.5,21.1,1.91,49.6,0,60.1,0,0,0,0,0,0,0,0,66
2025-09-27T22:25:18.970Z,60.5,21.1,1.91,49.6,0,60.1,0,0,0,0,0,0,0,0,66
2025-09-27T22:25:19.974Z,60.5,21.1,1.91,50.4,0,60,0,0,0,0,0,0,0,0,66
2025-09-27T22:25:20.973Z,60.5,21.1,1.91,49.6,0,60.1,0,0,0,0,0,0,0,0,66
2025-09-27T22:25:21.975Z,60.5,21.1,1.91,50.4,0,60.1,0,0,0,0,0,0,0,0,66
2025-09-27T22:25:22.972Z,60.5,21.1,1.91,50.4,0,60.1,0,0,0,0,0,0,0,0,66
2025-09-27T22:25:23.973Z,60.5,21.1,1.91,49.6,0,60.1,0,0,0,0,0,0,0,0,66
2025-09-27T22:25:24.977Z,60.5,21.1,1.91,50.4,0,60.1,0,0,0,0,0,0,0,0,66
2025-09-27T22:25:25.977Z,60.5,21.1,1.91,50.4,0,60,0,0,0,0,0,0,0,0,66
2025-09-27T22:25:26.975Z,60.5,21.1,1.91,49.6,0,60,0,0,0,0,0,0,0,0,66
2025-09-27T22:25:27.975Z,60.5,21.1,1.91,50.4,0,60.1,0,0,0,0,0,0,0,0,66
2025-09-27T22:25:28.982Z,60.5,21.1,1.911,49.6,0,60.1,0,0,0,0,0,0,0,0,66
2025-09-27T22:25:29.978Z,60.5,21.1,1.911,50.4,0,60.1,0,0,0,0,0,0,0,0,66
2025-09-27T22:25:30.978Z,60.5,21.1,1.91,49.6,0,60.1,0,0,0,0,0,0,0,0,66
2025-09-27T22:25:31.979Z,60.5,21.1,1.91,50.4,0,60.1,0,0,0,0,0,0,0,0,66
2025-09-27T22:25:32.979Z,60.5,21.1,1.91,49.6,0,60,0,0,0,0,0,0,0,0,66
2025-09-27T22:25:33.983Z,60.5,21.1,1.911,50.4,0,60,0,0,0,0,0,0,0,0,66
2025-09-27T22:25:34.984Z,60.5,21.1,1.911,49.6,0,60,0,0,0,0,0,0,0,0,66
2025-09-27T22:25:35.989Z,60.5,21.1,1.911,49.6,0,60.1,0,0,0,0,0,0,0,0,66
2025-09-27T22:25:36.983Z,60.5,21.1,1.91,50.4,0,60.1,0,0,0,0,0,0,0,0,66
2025-09-27T22:25:37.987Z,60.5,21.1,1.911,49.6,0,60,0,0,0,0,0,0,0,0,66
2025-09-27T22:25:38.986Z,60.4,21.1,1.911,50.4,0,60.1,0,0,0,0,0,0,0,0,66
2025-09-27T22:25:39.984Z,60.4,21.1,1.911,49.6,0,60.1,0,0,0,0,0,0,0,0,66
2025-09-27T22:25:40.991Z,60.4,21.1,1.911,49.6,0,60,0,0,0,0,0,0,0,0,66
2025-09-27T22:25:41.992Z,60.4,21.1,1.911,50.4,0,60.1,0,0,0,0,0,0,0,0,66
2025-09-27T22:25:42.991Z,60.4,21.1,1.911,49.6,0,60,0,0,0,0,0,0,0,0,66
2025-09-27T22:25:43.994Z,60.4,21.1,1.911,49.6,0,60,0,0,0,0,0,0,0,0,66
2025-09-27T22:25:44.994Z,60.4,21.1,1.911,50.4,0,60.1,0,0,0,0,0,0,0,0,66
2025-09-27T22:25:45.994Z,60.4,21.1,1.911,49.6,0,60.1,0,0,0,0,0,0,0,0,66
2025-09-27T22:25:46.992Z,60.4,21.1,1.911,49.6,0,60,0,0,0,0,0,0,0,0,66
2025-09-27T22:25:48.001Z,60.4,21.1,1.911,50.4,0,60.1,0,0,0,0,0,0,0,0,66
2025-09-27T22:25:49.002Z,60.4,21.1,1.911,49.6,0,60,0,0,0,0,0,0,0,0,66
2025-09-27T22:25:49.996Z,60.4,21.1,1.911,50.4,0,60.1,0,0,0,0,0,0,0,0,66
2025-09-27T22:25:51.002Z,60.4,21.1,1.911,50.4,0,60.1,0,0,0,0,0,0,0,0,66
2025-09-27T22:25:52.000Z,60.4,21.1,1.911,49.6,0,60.1,0,0,0,0,0,0,0,0,66
2025-09-27T22:25:53.002Z,60.4,21.1,1.911,50.4,0,60.1,0,0,0,0,0,0,0,0,66
2025-09-27T22:25:54.003Z,60.4,21.1,1.911,49.6,0,60.1,0,0,0,0,0,0,0,0,66
2025-09-27T22:25:54.999Z,60.4,21.1,1.912,49.6,0,60.1,0,0,0,0,0,0,0,0,66
2025-09-27T22:25:56.001Z,60.4,21.1,1.912,50.4,0,60.1,0,0,0,0,0,0,0,0,66
2025-09-27T22:25:57.003Z,60.4,21.1,1.912,49.6,0,60.1,0,0,0,0,0,0,0,0,66
2025-09-27T22:25:58.001Z,60.4,21.1,1.912,50.4,0,60.1,0,0,0,0,0,0,0,0,66
2025-09-27T22:25:58.999Z,60.4,21.1,1.912,49.6,0,60.1,0,0,0,0,0,0,0,0,66
2025-09-27T22:26:00.002Z,60.4,21.1,1.912,49.6,0,60.1,0,0,0,0,0,0,0,0,66
2025-09-27T22:26:01.009Z,60.4,21.1,1.912,50.4,0,60.1,0,0,0,0,0,0,0,0,66
2025-09-27T22:26:02.010Z,60.4,21.1,1.911,50.4,0,60.1,0,0,0,0,0,0,0,0,66
2025-09-27T22:26:03.007Z,60.4,21.1,1.912,49.6,0,60.1,0,0,0,0,0,0,0,0,66
2025-09-27T22:26:04.008Z,60.4,21.1,1.912,50.4,0,60.1,0,0,0,0,0,0,0,0,66
2025-09-27T22:26:05.011Z,60.3,21.1,1.912,50.4,0,60.1,0,0,0,0,0,0,0,0,66
2025-09-27T22:26:06.013Z,60.3,21.1,1.912,49.6,0,60.1,0,0,0,0,0,0,0,0,66
2025-09-27T22:26:07.013Z,60.3,21.1,1.912,50.4,0,60.1,0,0,0,0,0,0,0,0,66
2025-09-27T22:26:08.013Z,60.3,21.1,1.912,49.6,0,60.1,0,0,0,0,0,0,0,0,66
2025-09-27T22:26:09.017Z,60.3,21.1,1.912,50.4,0,60.1,0,0,0,0,0,0,0,0,66
2025-09-27T22:26:10.016Z,60.3,21.1,1.912,49.6,0,60.1,0,0,0,0,0,0,0,0,66
2025-09-27T22:26:11.018Z,60.3,21.1,1.912,50.4,0,60.1,0,0,0,0,0,0,0,0,66
2025-09-27T22:26:12.016Z,60.3,21.1,1.912,49.6,0,60.1,0,0,0,0,0,0,0,0,66
2025-09-27T22:26:13.019Z,60.3,21.1,1.912,50.4,0,60.1,0,0,0,0,0,0,0,0,66
2025-09-27T22:26:14.019Z,60.3,21.1,1.912,49.6,0,60.1,0,0,0,0,0,0,0,0,66
2025-09-27T22:26:15.020Z,60.3,21.1,1.912,49.6,0,60.1,0,0,0,0,0,0,0,0,66
2025-09-27T22:26:16.019Z,60.3,21.1,1.912,50.4,0,60.1,0,0,0,0,0,0,0,0,66
2025-09-27T22:26:17.023Z,60.3,21.1,1.912,49.6,0,60.1,0,0,0,0,0,0,0,0,66
2025-09-27T22:26:18.025Z,60.3,21.1,1.912,50.4,0,60.1,0,0,0,0,0,0,0,0,66
2025-09-27T22:26:19.024Z,60.3,21.1,1.912,49.6,0,60.1,0,0,0,0,0,0,0,0,66
2025-09-27T22:26:20.026Z,60.3,21.1,1.912,49.6,0,60.1,0,0,0,0,0,0,0,0,66
2025-09-27T22:26:21.027Z,60.3,21.1,1.912,50.4,0,60.1,0,0,0,0,0,0,0,0,66
2025-09-27T22:26:22.026Z,60.3,21.1,1.912,49.6,0,60.1,0,0,0,0,0,0,0,0,66
2025-09-27T22:26:23.025Z,60.3,21.1,1.912,49.6,0,60.1,0,0,0,0,0,0,0,0,66
2025-09-27T22:26:24.025Z,60.3,21.1,1.912,50.4,0,60.1,0,0,0,0,0,0,0,0,66
2025-09-27T22:26:25.028Z,60.3,21.1,1.912,49.6,0,60.1,0,0,0,0,0,0,0,0,66
2025-09-27T22:26:26.030Z,60.3,21.1,1.912,49.6,0,60.1,0,0,0,0,0,0,0,0,66
2025-09-27T22:26:27.029Z,60.3,21.1,1.912,50.4,0,60.1,0,0,0,0,0,0,0,0,66
2025-09-27T22:26:28.029Z,60.3,21.1,1.912,49.6,0,60.1,0,0,0,0,0,0,0,0,66
2025-09-27T22:26:29.033Z,60.2,21.1,1.912,49.6,0,60.1,0,0,0,0,0,0,0,0,66
2025-09-27T22:26:30.033Z,60.2,21.1,1.912,50.4,0,60.1,0,0,0,0,0,0,0,0,66
2025-09-27T22:26:31.033Z,60.2,21.1,1.912,49.6,0,60.1,0,0,0,0,0,0,0,0,66
2025-09-27T22:26:32.036Z,60.2,21.1,1.912,49.6,0,60.1,0,0,0,0,0,0,0,0,66
2025-09-27T22:26:33.033Z,60.2,21.1,1.912,50.4,0,60.1,0,0,0,0,0,0,0,0,66
2025-09-27T22:26:34.037Z,60.2,21.1,1.912,50.4,0,60.1,0,0,0,0,0,0,0,0,66
2025-09-27T22:26:35.038Z,60.2,21.1,1.912,49.6,0,60.1,0,0,0,0,0,0,0,0,66
2025-09-27T22:26:36.038Z,60.2,21.1,1.912,50.4,0,60.1,0,0,0,0,0,0,0,0,66
2025-09-27T22:26:37.038Z,60.2,21.1,1.912,50.4,0,60.1,0,0,0,0,0,0,0,0,66
2025-09-27T22:26:38.038Z,60.2,21.1,1.912,49.6,0,60.1,0,0,0,0,0,0,0,0,66
2025-09-27T22:26:39.041Z,60.2,21.1,1.912,50.4,0,60.1,0,0,0,0,0,0,0,0,66
2025-09-27T22:26:40.041Z,60.2,21.1,1.912,49.6,0,60.1,0,0,0,0,0,0,0,0,66
2025-09-27T22:26:41.048Z,60.2,21.1,1.912,49.6,0,60.1,0,0,0,0,0,0,0,0,66
2025-09-27T22:26:42.043Z,60.2,21.1,1.912,50.4,0,60.1,0,0,0,0,0,0,0,0,66
2025-09-27T22:26:43.050Z,60.2,21.1,1.912,50.4,0,60.1,0,0,0,0,0,0,0,0,66
2025-09-27T22:26:44.045Z,60.2,21.1,1.912,49.6,0,60.1,0,0,0,0,0,0,0,0,66
2025-09-27T22:26:45.054Z,60.2,21.1,1.912,50.4,0,60.1,0,0,0,0,0,0,0,0,66
2025-09-27T22:26:46.050Z,60.2,21.1,1.912,49.6,0,60.1,0,0,0,0,0,0,0,0,66
2025-09-27T22:26:47.053Z,60.2,21.1,1.912,49.6,0,60.1,0,0,0,0,0,0,0,0,66
2025-09-27T22:26:48.053Z,60.2,21.1,1.912,50.4,0,60.1,0,0,0,0,0,0,0,0,66
2025-09-27T22:26:49.055Z,60.2,21.1,1.912,50.4,0,60.1,0,0,0,0,0,0,0,0,66
2025-09-27T22:26:50.051Z,60.2,21.1,1.912,49.6,0,60.1,0,0,0,0,0,0,0,0,66
2025-09-27T22:26:51.057Z,60.2,21.1,1.912,50.4,0,60.1,0,0,0,0,0,0,0,0,66
2025-09-27T22:26:52.054Z,60.2,21.1,1.912,49.6,0,60.1,0,0,0,0,0,0,0,0,66
2025-09-27T22:26:53.055Z,60.2,21.1,1.912,49.6,0,60.1,0,0,0,0,0,0,0,0,66
2025-09-27T22:26:54.056Z,60.1,21.1,1.912,50.4,0,60.1,0,0,0,0,0,0,0,0,66
2025-09-27T22:26:55.057Z,60.1,21.1,1.912,49.6,0,60.1,0,0,0,0,0,0,0,0,66
2025-09-27T22:26:56.058Z,60.1,21.1,1.912,50.4,0,60.1,0,0,0,0,0,0,0,0,66
2025-09-27T22:26:57.055Z,60.1,21.1,1.912,50.4,0,60.1,0,0,0,0,0,0,0,0,66
2025-09-27T22:26:58.063Z,60.1,21.1,1.912,49.6,0,60.1,0,0,0,0,0,0,0,0,66
2025-09-27T22:26:59.057Z,60.1,21.1,1.913,50.4,0,60.1,0,0,0,0,0,0,0,0,66
2025-09-27T22:27:00.061Z,60.1,21.1,1.912,49.6,0,60.1,0,0,0,0,0,0,0,0,66
2025-09-27T22:27:01.060Z,60.1,21.1,1.913,50.4,0,60.1,0,0,0,0,0,0,0,0,66
2025-09-27T22:27:02.065Z,60.1,21.1,1.912,49.6,0,60.1,0,0,0,0,0,0,0,0,66
2025-09-27T22:27:03.061Z,60.1,21.1,1.912,49.6,0,60.1,0,0,0,0,0,0,0,0,66
2025-09-27T22:27:04.064Z,60.1,21.1,1.913,50.4,0,60.1,0,0,0,0,0,0,0,0,66
2025-09-27T22:27:05.064Z,60.1,21.1,1.913,49.6,0,60.1,0,0,0,0,0,0,0,0,66
2025-09-27T22:27:06.070Z,60.1,21.1,1.913,50.4,0,60.1,0,0,0,0,0,0,0,0,66
2025-09-27T22:27:07.066Z,60.1,21.1,1.913,50.4,0,60.1,0,0,0,0,0,0,0,0,66
2025-09-27T22:27:08.066Z,60.1,21.1,1.913,49.6,0,60.1,0,0,0,0,0,0,0,0,66
2025-09-27T22:27:09.069Z,60.1,21.1,1.913,50.4,0,60.1,0,0,0,0,0,0,0,0,66
2025-09-27T22:27:10.072Z,60.1,21.1,1.913,49.6,0,60.1,0,0,0,0,0,0,0,0,66
2025-09-27T22:27:11.072Z,60.1,21.1,1.913,50.4,0,60.1,0,0,0,0,0,0,0,0,66
2025-09-27T22:27:12.072Z,60.1,21.1,1.913,49.6,0,60.1,0,0,0,0,0,0,0,0,66
2025-09-27T22:27:13.072Z,60.1,21.1,1.913,49.6,0,60.1,0,0,0,0,0,0,0,0,66
2025-09-27T22:27:14.077Z,60.1,21.1,1.912,50.4,0,60.1,0,0,0,0,0,0,0,0,66
2025-09-27T22:27:15.074Z,60.1,21.1,1.913,49.6,0,60.1,0,0,0,0,0,0,0,0,66
2025-09-27T22:27:16.076Z,60.1,21.1,1.913,50.4,0,60.1,0,0,0,0,0,0,0,0,66
2025-09-27T22:27:17.077Z,60.1,21.1,1.913,49.6,0,60.1,0,0,0,0,0,0,0,0,66
2025-09-27T22:27:18.080Z,60.1,21.1,1.913,49.6,0,60.1,0,0,0,0,0,0,0,0,66
2025-09-27T22:27:19.078Z,60.1,21.1,1.913,50.4,0,60.1,0,0,0,0,0,0,0,0,66
2025-09-27T22:27:20.076Z,60.1,21.1,1.914,50.4,0,60.1,0,0,0,0,0,0,0,0,66
2025-09-27T22:27:21.090Z,60,21.1,1.913,49.6,0,60.1,0,0,0,0,0,0,0,0,66
2025-09-27T22:27:22.077Z,60,21.1,1.913,50.4,0,60.1,0,0,0,0,0,0,0,0,66
2025-09-27T22:27:23.084Z,60,21.1,1.913,49.6,0,60.1,0,0,0,0,0,0,0,0,66
2025-09-27T22:27:24.083Z,60,21.1,1.913,50.4,0,60.1,0,0,0,0,0,0,0,0,66
2025-09-27T22:27:25.086Z,60,21.1,1.913,49.6,0,60.1,0,0,0,0,0,0,0,0,66
2025-09-27T22:27:26.085Z,60,21.1,1.913,50.4,0,60.1,0,0,0,0,0,0,0,0,66
2025-09-27T22:27:27.086Z,60,21.1,1.913,49.6,0,60.1,0,0,0,0,0,0,0,0,66
2025-09-27T22:27:28.091Z,60,21.1,1.913,49.6,0,60.1,0,0,0,0,0,0,0,0,66
2025-09-27T22:27:29.088Z,60,21.1,1.913,50.4,0,60.1,0,0,0,0,0,0,0,0,66
2025-09-27T22:27:30.088Z,60,21.1,1.913,49.6,0,60.1,0,0,0,0,0,0,0,0,66
2025-09-27T22:27:31.088Z,60,21.1,1.913,50.4,0,60.1,0,0,0,0,0,0,0,0,66
2025-09-27T22:27:32.090Z,60,21.1,1.913,49.6,0,60.1,0,0,0,0,0,0,0,0,66
2025-09-27T22:27:33.091Z,60,21.1,1.913,49.6,0,60.1,0,0,0,0,0,0,0,0,66
2025-09-27T22:27:34.092Z,60,21.1,1.913,50.4,0,60.1,0,0,0,0,0,0,0,0,66
2025-09-27T22:27:35.091Z,60,21.1,1.913,49.6,0,60.1,0,0,0,0,0,0,0,0,66
2025-09-27T22:27:36.094Z,60,21.1,1.913,49.6,0,60.1,0,0,0,0,0,0,0,0,66
2025-09-27T22:27:37.095Z,60,21.1,1.913,50.4,0,60.1,0,0,0,0,0,0,0,0,66
2025-09-27T22:27:38.093Z,60,21.1,1.913,49.6,0,60.1,0,0,0,0,0,0,0,0,66
2025-09-27T22:27:39.098Z,60,21.1,1.913,50.4,0,60.1,0,0,0,0,0,0,0,0,66
2025-09-27T22:27:40.096Z,60,21.1,1.913,50.4,0,60.1,0,0,0,0,0,0,0,0,66
2025-09-27T22:27:41.107Z,60,21.1,1.914,49.6,0,60.1,0,0,0,0,0,0,0,0,66
2025-09-27T22:27:42.101Z,60,21.1,1.913,50.4,0,60.1,0,0,0,0,0,0,0,0,66
2025-09-27T22:27:43.099Z,60,21.1,1.913,49.6,0,60.1,0,0,0,0,0,0,0,0,66
2025-09-27T22:27:44.103Z,60,21.1,1.913,50.4,0,60.1,0,0,0,0,0,0,0,0,66
2025-09-27T22:27:45.103Z,60,21.1,1.913,49.6,0,60.1,0,0,0,0,0,0,0,0,66
2025-09-27T22:27:46.106Z,60,21.1,1.913,49.6,0,60.1,0,0,0,0,0,0,0,0,66
2025-09-27T22:27:47.106Z,60,21.1,1.913,50.4,0,60.1,0,0,0,0,0,0,0,0,66
2025-09-27T22:27:48.106Z,59.9,21.1,1.913,49.6,0,60.1,0,0,0,0,0,0,0,0,66
2025-09-27T22:27:49.109Z,59.9,21.1,1.913,50.4,0,60.1,0,0,0,0,0,0,0,0,66
2025-09-27T22:27:50.109Z,59.9,21.1,1.913,49.6,0,60.1,0,0,0,0,0,0,0,0,66
2025-09-27T22:27:51.110Z,59.9,21.1,1.913,50.4,0,60.1,0,0,0,0,0,0,0,0,66
2025-09-27T22:27:52.105Z,59.9,21.1,1.913,50.4,0,60.1,0,0,0,0,0,0,0,0,66
2025-09-27T22:27:53.107Z,59.9,21.1,1.913,49.6,0,60.1,0,0,0,0,0,0,0,0,66
2025-09-27T22:27:54.112Z,59.9,21.1,1.913,50.4,0,60.1,0,0,0,0,0,0,0,0,66
2025-09-27T22:27:55.113Z,59.9,21.1,1.913,49.6,0,60.1,0,0,0,0,0,0,0,0,66
2025-09-27T22:27:56.111Z,59.9,21.1,1.913,50.4,0,60.1,0,0,0,0,0,0,0,0,66
2025-09-27T22:27:57.120Z,59.9,21.1,1.913,49.6,0,60.1,0,0,0,0,0,0,0,0,66
2025-09-27T22:27:58.114Z,59.9,21.1,1.913,49.6,0,60.1,0,0,0,0,0,0,0,0,66
2025-09-27T22:27:59.117Z,59.9,21.1,1.913,50.4,0,60.1,0,0,0,0,0,0,0,0,66
2025-09-27T22:28:00.113Z,59.9,21.1,1.913,49.6,0,60.1,0,0,0,0,0,0,0,0,66
2025-09-27T22:28:01.116Z,59.9,21.1,1.914,50.4,0,60.1,0,0,0,0,0,0,0,0,66
2025-09-27T22:28:02.118Z,59.9,21.1,1.913,49.6,0,60.1,0,0,0,0,0,0,0,0,66
2025-09-27T22:28:03.121Z,59.9,21.1,1.914,50.4,0,60.1,0,0,0,0,0,0,0,0,66
2025-09-27T22:28:04.118Z,59.9,21.1,1.914,49.6,0,60.1,0,0,0,0,0,0,0,0,66
2025-09-27T22:28:05.122Z,59.9,21.1,1.913,49.6,0,60.1,0,0,0,0,0,0,0,0,66
2025-09-27T22:28:06.119Z,59.9,21.1,1.913,50.4,0,60.1,0,0,0,0,0,0,0,0,66
2025-09-27T22:28:07.123Z,59.9,21.1,1.914,49.6,0,60.1,0,0,0,0,0,0,0,0,66
2025-09-27T22:28:08.123Z,59.9,21.1,1.914,50.4,0,60.1,0,0,0,0,0,0,0,0,66
2025-09-27T22:28:09.124Z,59.9,21.1,1.914,50.4,0,60.1,0,0,0,0,0,0,0,0,66
2025-09-27T22:28:10.125Z,59.9,21.1,1.913,49.6,0,60.1,0,0,0,0,0,0,0,0,66
2025-09-27T22:28:11.124Z,59.9,21.1,1.914,49.6,0,60.1,0,0,0,0,0,0,0,0,66
2025-09-27T22:28:12.129Z,59.9,21.1,1.914,49.6,0,60.1,0,0,0,0,0,0,0,0,66
2025-09-27T22:28:13.128Z,59.8,21.1,1.914,50.4,0,60.1,0,0,0,0,0,0,0,0,66
2025-09-27T22:28:14.130Z,59.8,21.1,1.914,49.6,0,60.1,0,0,0,0,0,0,0,0,66
2025-09-27T22:28:15.128Z,59.8,21.1,1.914,49.6,0,60.1,0,0,0,0,0,0,0,0,66
2025-09-27T22:28:16.131Z,59.8,21.1,1.914,50.4,0,60.1,0,0,0,0,0,0,0,0,66
2025-09-27T22:28:17.132Z,59.8,21.1,1.914,49.6,0,60.1,0,0,0,0,0,0,0,0,66
2025-09-27T22:28:18.133Z,59.8,21.1,1.915,50.4,0,60.1,0,0,0,0,0,0,0,0,66
2025-09-27T22:28:19.134Z,59.8,21.1,1.914,50.4,0,60.1,0,0,0,0,0,0,0,0,66
2025-09-27T22:28:20.132Z,59.8,21.1,1.915,49.6,0,60.1,0,0,0,0,0,0,0,0,66
2025-09-27T22:28:21.137Z,59.8,21.1,1.914,50.4,0,60.1,0,0,0,0,0,0,0,0,66
2025-09-27T22:28:22.133Z,59.8,21.1,1.915,49.6,0,60.1,0,0,0,0,0,0,0,0,66
2025-09-27T22:28:23.134Z,59.8,21.1,1.915,50.4,0,60.1,0,0,0,0,0,0,0,0,66
2025-09-27T22:28:24.139Z,59.8,21.1,1.915,49.6,0,60.1,0,0,0,0,0,0,0,0,66
2025-09-27T22:28:25.138Z,59.8,21.1,1.914,50.4,0,60.1,0,0,0,0,0,0,0,0,66
2025-09-27T22:28:26.139Z,59.8,21.1,1.915,50.4,0,60.1,0,0,0,0,0,0,0,0,66
2025-09-27T22:28:27.142Z,59.8,21.1,1.915,49.6,0,60.1,0,0,0,0,0,0,0,0,66
2025-09-27T22:28:28.139Z,59.8,21.1,1.915,49.6,0,60.1,0,0,0,0,0,0,0,0,66
2025-09-27T22:28:29.144Z,59.8,21.1,1.914,50.4,0,60.1,0,0,0,0,0,0,0,0,66
2025-09-27T22:28:30.142Z,59.8,21.1,1.915,50.4,0,60.1,0,0,0,0,0,0,0,0,66
2025-09-27T22:28:31.143Z,59.8,21.1,1.915,49.6,0,60.1,0,0,0,0,0,0,0,0,66
2025-09-27T22:28:32.143Z,59.8,21.1,1.915,50.4,0,60.1,0,0,0,0,0,0,0,0,66
2025-09-27T22:28:33.142Z,59.8,21.1,1.915,49.6,0,60.1,0,0,0,0,0,0,0,0,66
2025-09-27T22:28:34.144Z,59.8,21.1,1.915,50.4,0,60.1,0,0,0,0,0,0,0,0,66
2025-09-27T22:28:35.147Z,59.8,21.1,1.915,49.6,0,60.1,0,0,0,0,0,0,0,0,66
2025-09-27T22:28:36.146Z,59.8,21.1,1.915,50.4,0,60.1,0,0,0,0,0,0,0,0,66
2025-09-27T22:28:37.148Z,59.8,21.1,1.915,49.6,0,60.1,0,0,0,0,0,0,0,0,66
2025-09-27T22:28:38.149Z,59.8,21.1,1.915,50.4,0,60.1,0,0,0,0,0,0,0,0,66
2025-09-27T22:28:39.152Z,59.8,21.1,1.915,49.6,0,60.1,0,0,0,0,0,0,0,0,66
2025-09-27T22:28:40.150Z,59.8,21.1,1.915,49.6,0,60,0,0,0,0,0,0,0,0,66
2025-09-27T22:28:41.153Z,59.7,21.1,1.915,49.6,0,60.1,0,0,0,0,0,0,0,0,66
2025-09-27T22:28:42.154Z,59.7,21.1,1.915,50.4,0,60.1,0,0,0,0,0,0,0,0,66
2025-09-27T22:28:43.153Z,59.7,21.1,1.915,49.6,0,60.1,0,0,0,0,0,0,0,0,66
2025-09-27T22:28:44.155Z,59.7,21.1,1.915,50.4,0,60.1,0,0,0,0,0,0,0,0,66
2025-09-27T22:28:45.157Z,59.7,21.1,1.915,49.6,0,60,0,0,0,0,0,0,0,0,66
2025-09-27T22:28:46.162Z,59.7,21.1,1.915,50.4,0,60,0,0,0,0,0,0,0,0,66
2025-09-27T22:28:47.157Z,59.7,21.1,1.915,50.4,0,60,0,0,0,0,0,0,0,0,66
2025-09-27T22:28:48.162Z,59.7,21.1,1.915,49.6,0,60.1,0,0,0,0,0,0,0,0,66
2025-09-27T22:28:49.163Z,59.7,21.1,1.915,49.6,0,60.1,0,0,0,0,0,0,0,0,66
2025-09-27T22:28:50.159Z,59.7,21.1,1.915,50.4,0,60.1,0,0,0,0,0,0,0,0,66
2025-09-27T22:28:51.160Z,59.7,21.1,1.915,50.4,0,60.1,0,0,0,0,0,0,0,0,66
2025-09-27T22:28:52.154Z,59.7,21.1,1.915,49.6,0,60,0,0,0,0,0,0,0,0,66
2025-09-27T22:28:53.161Z,59.7,21.1,1.915,49.6,0,60.1,0,0,0,0,0,0,0,0,66
2025-09-27T22:28:54.159Z,59.7,21.1,1.915,49.6,0,60.1,0,0,0,0,0,0,0,0,66
2025-09-27T22:28:55.160Z,59.7,21.1,1.915,50.4,0,60.1,0,0,0,0,0,0,0,0,66
2025-09-27T22:28:56.157Z,59.7,21.1,1.915,49.6,0,60.1,0,0,0,0,0,0,0,0,66
2025-09-27T22:28:57.159Z,59.7,21.1,1.915,50.4,0,60.1,0,0,0,0,0,0,0,0,66
2025-09-27T22:28:58.160Z,59.7,21.1,1.915,49.6,0,60.1,0,0,0,0,0,0,0,0,66
2025-09-27T22:28:59.162Z,59.7,21.1,1.915,50.4,0,60.1,0,0,0,0,0,0,0,0,66
2025-09-27T22:29:00.161Z,59.7,21.1,1.915,49.6,0,60.1,0,0,0,0,0,0,0,0,66
2025-09-27T22:29:01.164Z,59.7,21.1,1.915,50.4,0,60.1,0,0,0,0,0,0,0,0,66
2025-09-27T22:29:02.165Z,59.7,21.1,1.915,49.6,0,60.1,0,0,0,0,0,0,0,0,66
2025-09-27T22:29:03.166Z,59.7,21.1,1.915,49.6,0,60.1,0,0,0,0,0,0,0,0,66
2025-09-27T22:29:04.166Z,59.7,21.1,1.915,50.4,0,60.1,0,0,0,0,0,0,0,0,66
2025-09-27T22:29:05.170Z,59.7,21.1,1.915,49.6,0,60.1,0,0,0,0,0,0,0,0,66
2025-09-27T22:29:06.176Z,59.7,21.1,1.915,50.4,0,60.1,0,0,0,0,0,0,0,0,66
2025-09-27T22:29:07.170Z,59.7,21.1,1.915,49.6,0,60.1,0,0,0,0,0,0,0,0,66
2025-09-27T22:29:08.173Z,59.7,21.1,1.915,50.4,0,60.1,0,0,0,0,0,0,0,0,66
2025-09-27T22:29:09.171Z,59.6,21.1,1.915,49.6,0,60.1,0,0,0,0,0,0,0,0,66
2025-09-27T22:29:10.175Z,59.6,21.1,1.915,50.4,0,60.1,0,0,0,0,0,0,0,0,66
2025-09-27T22:29:11.178Z,59.6,21.1,1.915,49.6,0,60.1,0,0,0,0,0,0,0,0,66
2025-09-27T22:29:12.176Z,59.6,21.1,1.915,49.6,0,60.1,0,0,0,0,0,0,0,0,66
2025-09-27T22:29:13.179Z,59.6,21.1,1.915,50.4,0,60.1,0,0,0,0,0,0,0,0,66
2025-09-27T22:29:14.179Z,59.6,21.1,1.915,49.6,0,60.1,0,0,0,0,0,0,0,0,66
2025-09-27T22:29:15.176Z,59.6,21.1,1.915,50.4,0,60.1,0,0,0,0,0,0,0,0,66
2025-09-27T22:29:16.177Z,59.6,21.1,1.915,49.6,0,60.1,0,0,0,0,0,0,0,0,66
2025-09-27T22:29:17.176Z,59.6,21.1,1.915,49.6,0,60.1,0,0,0,0,0,0,0,0,66
2025-09-27T22:29:18.181Z,59.6,21.1,1.915,50.4,0,60.1,0,0,0,0,0,0,0,0,66
2025-09-27T22:29:19.181Z,59.6,21.1,1.915,49.6,0,60.1,0,0,0,0,0,0,0,0,66
2025-09-27T22:29:20.183Z,59.6,21.1,1.915,50.4,0,60.1,0,0,0,0,0,0,0,0,66
2025-09-27T22:29:21.181Z,59.6,21.1,1.916,49.6,0,60.1,0,0,0,0,0,0,0,0,66
2025-09-27T22:29:22.180Z,59.6,21.1,1.915,50.4,0,60.1,0,0,0,0,0,0,0,0,66
2025-09-27T22:29:23.178Z,59.6,21.1,1.915,49.6,0,60.1,0,0,0,0,0,0,0,0,66
2025-09-27T22:29:24.183Z,59.6,21.1,1.916,49.6,0,60,0,0,0,0,0,0,0,0,66
2025-09-27T22:29:25.184Z,59.6,21.1,1.915,50.4,0,60.1,0,0,0,0,0,0,0,0,66
2025-09-27T22:29:26.187Z,59.6,21.1,1.916,49.6,0,60.1,0,0,0,0,0,0,0,0,66
2025-09-27T22:29:27.185Z,59.6,21.1,1.916,50.4,0,60.1,0,0,0,0,0,0,0,0,66
2025-09-27T22:29:28.186Z,59.6,21.1,1.915,50.4,0,60.1,0,0,0,0,0,0,0,0,66
2025-09-27T22:29:29.187Z,59.6,21.1,1.915,49.6,0,60.1,0,0,0,0,0,0,0,0,66
2025-09-27T22:29:30.188Z,59.6,21.1,1.916,50.4,0,60.1,0,0,0,0,0,0,0,0,66
2025-09-27T22:29:31.188Z,59.6,21.1,1.915,49.6,0,60.1,0,0,0,0,0,0,0,0,66
2025-09-27T22:29:32.187Z,59.6,21.1,1.915,50.4,0,60.1,0,0,0,0,0,0,0,0,66
2025-09-27T22:29:33.194Z,59.6,21.1,1.916,49.6,0,60.1,0,0,0,0,0,0,0,0,66
2025-09-27T22:29:34.190Z,59.6,21.1,1.916,50.4,0,60.1,0,0,0,0,0,0,0,0,66
2025-09-27T22:29:35.191Z,59.6,21.1,1.916,49.6,0,60.1,0,0,0,0,0,0,0,0,66
2025-09-27T22:29:36.190Z,59.6,21.1,1.915,50.4,0,60.1,0,0,0,0,0,0,0,0,66
2025-09-27T22:29:37.199Z,59.6,21.1,1.916,49.6,0,60.1,0,0,0,0,0,0,0,0,66
2025-09-27T22:29:38.194Z,59.6,21.1,1.916,50.4,0,60.1,0,0,0,0,0,0,0,0,66
2025-09-27T22:29:39.197Z,59.6,21.1,1.916,49.6,0,60.1,0,0,0,0,0,0,0,0,66
2025-09-27T22:29:40.196Z,59.6,21.1,1.916,49.6,0,60.1,0,0,0,0,0,0,0,0,66
2025-09-27T22:29:41.199Z,59.6,21.1,1.916,50.4,0,60.1,0,0,0,0,0,0,0,0,66
2025-09-27T22:29:42.204Z,59.6,21.1,1.916,49.6,0,60.1,0,0,0,0,0,0,0,0,66
2025-09-27T22:29:43.202Z,59.6,21.1,1.916,50.4,0,60.1,0,0,0,0,0,0,0,0,66
2025-09-27T22:29:44.202Z,59.6,21.1,1.916,49.6,0,60.1,0,0,0,0,0,0,0,0,66
2025-09-27T22:29:45.199Z,59.6,21.1,1.916,49.6,0,60.1,0,0,0,0,0,0,0,0,66
2025-09-27T22:29:46.207Z,59.5,21.1,1.916,50.4,0,60.1,0,0,0,0,0,0,0,0,66
2025-09-27T22:29:47.205Z,59.5,21.1,1.916,49.6,0,60.1,0,0,0,0,0,0,0,0,66
2025-09-27T22:29:48.201Z,59.5,21.1,1.916,50.4,0,60.1,0,0,0,0,0,0,0,0,66
2025-09-27T22:29:49.204Z,59.5,21.1,1.916,49.6,0,60.1,0,0,0,0,0,0,0,0,66
2025-09-27T22:29:50.210Z,59.5,21.1,1.916,50.4,0,60.1,0,0,0,0,0,0,0,0,66
2025-09-27T22:29:51.211Z,59.5,21.1,1.917,49.6,0,60.1,0,0,0,0,0,0,0,0,66
2025-09-27T22:29:52.206Z,59.5,21.1,1.916,50.4,0,60.1,0,0,0,0,0,0,0,0,66
2025-09-27T22:29:53.206Z,59.5,21.1,1.917,49.6,0,60,0,0,0,0,0,0,0,0,66
2025-09-27T22:29:54.209Z,59.5,21.1,1.917,49.6,0,60.1,0,0,0,0,0,0,0,0,66
2025-09-27T22:29:55.205Z,59.5,21.1,1.916,50.4,0,60.1,0,0,0,0,0,0,0,0,66
2025-09-27T22:29:56.205Z,59.5,21.1,1.917,49.6,0,60.1,0,0,0,0,0,0,0,0,66
2025-09-27T22:29:57.213Z,59.5,21.1,1.916,50.4,0,60.1,0,0,0,0,0,0,0,0,66
2025-09-27T22:29:58.213Z,59.5,21.1,1.917,49.6,0,60.1,0,0,0,0,0,0,0,0,66
2025-09-27T22:29:59.209Z,59.5,21.1,1.916,49.6,0,60.1,0,0,0,0,0,0,0,0,66
2025-09-27T22:30:00.213Z,59.5,21.1,1.917,50.4,0,60.1,0,0,0,0,0,0,0,0,66
2025-09-27T22:30:01.213Z,59.5,21.1,1.917,49.6,0,60.1,0,0,0,0,0,0,0,0,66
2025-09-27T22:30:02.217Z,59.5,21.1,1.916,49.6,0,60.1,0,0,0,0,0,0,0,0,66
2025-09-27T22:30:03.213Z,59.5,21.1,1.917,50.4,0,60.1,0,0,0,0,0,0,0,0,66
2025-09-27T22:30:04.217Z,59.5,21.1,1.917,49.6,0,60,0,0,0,0,0,0,0,0,66
2025-09-27T22:30:05.216Z,59.5,21.1,1.917,50.4,0,60.1,0,0,0,0,0,0,0,0,66
2025-09-27T22:30:06.217Z,59.5,21.1,1.917,50.4,0,60.1,0,0,0,0,0,0,0,0,66
2025-09-27T22:30:07.221Z,59.5,21.1,1.917,49.6,0,60.1,0,0,0,0,0,0,0,0,66
2025-09-27T22:30:08.220Z,59.5,21.1,1.917,50.4,0,60,0,0,0,0,0,0,0,0,66
2025-09-27T22:30:09.228Z,59.5,21.1,1.917,49.6,0,60,0,0,0,0,0,0,0,0,66
2025-09-27T22:30:10.220Z,59.5,21.1,1.917,50.4,0,60,0,0,0,0,0,0,0,0,66
2025-09-27T22:30:11.222Z,59.5,21.1,1.917,49.6,0,60.1,0,0,0,0,0,0,0,0,66
2025-09-27T22:30:12.222Z,59.5,21.1,1.917,50.4,0,60.1,0,0,0,0,0,0,0,0,66
2025-09-27T22:30:13.226Z,59.5,21.1,1.917,49.6,0,60,0,0,0,0,0,0,0,0,66
2025-09-27T22:30:14.224Z,59.5,21.1,1.917,49.6,0,60,0,0,0,0,0,0,0,0,66
2025-09-27T22:30:15.226Z,59.5,21.1,1.917,50.4,0,60,0,0,0,0,0,0,0,0,66
2025-09-27T22:30:16.229Z,59.5,21.1,1.917,49.6,0,60,0,0,0,0,0,0,0,0,66
2025-09-27T22:30:17.229Z,59.5,21.1,1.917,50.4,0,60,0,0,0,0,0,0,0,0,66
2025-09-27T22:30:18.229Z,59.5,21.1,1.917,50.4,0,60,0,0,0,0,0,0,0,0,66
2025-09-27T22:30:19.228Z,59.5,21.1,1.917,49.6,0,60,0,0,0,0,0,0,0,0,66
2025-09-27T22:30:20.230Z,59.5,21.1,1.917,50.4,0,60.1,0,0,0,0,0,0,0,0,66
2025-09-27T22:30:21.229Z,59.5,21.1,1.917,49.6,0,60,0,0,0,0,0,0,0,0,66
2025-09-27T22:30:22.238Z,59.5,21.1,1.917,50.4,0,60,0,0,0,0,0,0,0,0,66
2025-09-27T22:30:23.230Z,59.5,21.1,1.917,49.6,0,60,0,0,0,0,0,0,0,0,66
2025-09-27T22:30:24.231Z,59.5,21.1,1.917,50.4,0,60,0,0,0,0,0,0,0,0,66
2025-09-27T22:30:25.234Z,59.5,21.1,1.917,49.6,0,60,0,0,0,0,0,0,0,0,66
2025-09-27T22:30:26.235Z,59.5,21.1,1.917,50.4,0,60,0,0,0,0,0,0,0,0,66
2025-09-27T22:30:27.234Z,59.4,21.1,1.917,49.6,0,60,0,0,0,0,0,0,0,0,66
2025-09-27T22:30:28.237Z,59.4,21.1,1.917,49.6,0,60,0,0,0,0,0,0,0,0,66
2025-09-27T22:30:29.237Z,59.5,21.1,1.917,50.4,0,60,0,0,0,0,0,0,0,0,66
2025-09-27T22:30:30.236Z,59.5,21.1,1.917,49.6,0,60,0,0,0,0,0,0,0,0,66
2025-09-27T22:30:31.240Z,59.5,21.1,1.917,50.4,0,60,0,0,0,0,0,0,0,0,66
2025-09-27T22:30:32.238Z,59.5,21.1,1.917,49.6,0,60.1,0,0,0,0,0,0,0,0,66
2025-09-27T22:30:33.245Z,59.5,21.1,1.917,49.6,0,60,0,0,0,0,0,0,0,0,66
2025-09-27T22:30:34.241Z,59.5,21.1,1.917,50.4,0,60,0,0,0,0,0,0,0,0,66
2025-09-27T22:30:35.243Z,59.5,21.1,1.917,49.6,0,60,0,0,0,0,0,0,0,0,66
2025-09-27T22:30:36.243Z,59.4,21.1,1.917,50.4,0,60,0,0,0,0,0,0,0,0,66
2025-09-27T22:30:37.246Z,59.4,21.1,1.917,49.6,0,60,0,0,0,0,0,0,0,0,66
2025-09-27T22:30:38.249Z,59.4,21.1,1.917,49.6,0,60,0,0,0,0,0,0,0,0,66
2025-09-27T22:30:39.245Z,59.4,21.1,1.917,50.4,0,60,0,0,0,0,0,0,0,0,66
2025-09-27T22:30:40.249Z,59.4,21.1,1.917,49.6,0,60,0,0,0,0,0,0,0,0,66
2025-09-27T22:30:41.250Z,59.4,21.1,1.917,49.6,0,60,0,0,0,0,0,0,0,0,66
2025-09-27T22:30:42.259Z,59.4,21.1,1.917,50.4,0,60,0,0,0,0,0,0,0,0,66
2025-09-27T22:30:43.250Z,59.4,21.1,1.917,49.6,0,60,0,0,0,0,0,0,0,0,66
2025-09-27T22:30:44.254Z,59.4,21.1,1.917,49.6,0,60,0,0,0,0,0,0,0,0,66
2025-09-27T22:30:45.253Z,59.5,21.1,1.917,50.4,0,60,0,0,0,0,0,0,0,0,66
2025-09-27T22:30:46.258Z,59.4,21.1,1.917,49.6,0,60,0,0,0,0,0,0,0,0,66
2025-09-27T22:30:47.254Z,59.4,21.1,1.917,50.4,0,60,0,0,0,0,0,0,0,0,66
2025-09-27T22:30:48.254Z,59.4,21.1,1.917,50.4,0,60,0,0,0,0,0,0,0,0,66
2025-09-27T22:30:49.257Z,59.4,21.1,1.917,49.6,0,60,0,0,0,0,0,0,0,0,66
2025-09-27T22:30:50.262Z,59.4,21.1,1.917,50.4,0,60,0,0,0,0,0,0,0,0,66
2025-09-27T22:30:51.260Z,59.4,21.1,1.917,50.4,0,60,0,0,0,0,0,0,0,0,66
2025-09-27T22:30:52.256Z,59.4,21.1,1.917,49.6,0,60,0,0,0,0,0,0,0,0,66
2025-09-27T22:30:53.260Z,59.4,21.1,1.917,50.4,0,60,0,0,0,0,0,0,0,0,66
2025-09-27T22:30:54.260Z,59.4,21.1,1.917,49.6,0,60,0,0,0,0,0,0,0,0,66
2025-09-27T22:30:55.259Z,59.4,21.1,1.916,50.4,0,60,0,0,0,0,0,0,0,0,66
2025-09-27T22:30:56.264Z,59.4,21.1,1.917,49.6,0,60,0,0,0,0,0,0,0,0,66
2025-09-27T22:30:57.262Z,59.4,21.1,1.917,50.4,0,60,0,0,0,0,0,0,0,0,66
2025-09-27T22:30:58.263Z,59.4,21.1,1.917,50.4,0,60,0,0,0,0,0,0,0,0,66
2025-09-27T22:30:59.266Z,59.4,21.1,1.917,49.6,0,60,0,0,0,0,0,0,0,0,66
2025-09-27T22:31:00.262Z,59.4,21.1,1.917,50.4,0,60,0,0,0,0,0,0,0,0,66
2025-09-27T22:31:01.265Z,59.4,21.1,1.917,49.6,0,60,0,0,0,0,0,0,0,0,66
2025-09-27T22:31:02.268Z,59.4,21.1,1.917,50.4,0,60,0,0,0,0,0,0,0,0,66
2025-09-27T22:31:03.266Z,59.4,21.1,1.917,49.6,0,60,0,0,0,0,0,0,0,0,66
2025-09-27T22:31:04.271Z,59.4,21.1,1.917,50.4,0,60,0,0,0,0,0,0,0,0,66
2025-09-27T22:31:05.273Z,59.4,21.1,1.917,49.6,0,60,0,0,0,0,0,0,0,0,66
2025-09-27T22:31:06.271Z,59.4,21.1,1.917,50.4,0,60,0,0,0,0,0,0,0,0,66
2025-09-27T22:31:07.272Z,59.4,21.1,1.917,49.6,0,60,0,0,0,0,0,0,0,0,66
2025-09-27T22:31:08.274Z,59.4,21.1,1.917,50.4,0,60,0,0,0,0,0,0,0,0,66
2025-09-27T22:31:09.279Z,59.4,21.1,1.917,49.6,0,60,0,0,0,0,0,0,0,0,66
2025-09-27T22:31:10.280Z,59.4,21.1,1.917,50.4,0,60,0,0,0,0,0,0,0,0,66
2025-09-27T22:31:11.273Z,59.4,21.1,1.917,49.6,0,60.1,0,0,0,0,0,0,0,0,66
2025-09-27T22:31:12.279Z,59.4,21.1,1.917,49.6,0,60.1,0,0,0,0,0,0,0,0,66
2025-09-27T22:31:13.278Z,59.4,21.1,1.917,50.4,0,60,0,0,0,0,0,0,0,0,66
2025-09-27T22:31:14.281Z,59.5,21.1,1.917,49.6,0,60,0,0,0,0,0,0,0,0,66
2025-09-27T22:31:15.279Z,59.5,21.1,1.917,50.4,0,60,0,0,0,0,0,0,0,0,66
2025-09-27T22:31:16.284Z,59.4,21.1,1.917,49.6,0,60,0,0,0,0,0,0,0,0,66
2025-09-27T22:31:17.283Z,59.4,21.1,1.917,50.4,0,60.1,0,0,0,0,0,0,0,0,66
2025-09-27T22:31:18.287Z,59.5,21.1,1.917,50.4,0,60,0,0,0,0,0,0,0,0,66
2025-09-27T22:31:19.283Z,59.4,21.1,1.917,49.6,0,60,0,0,0,0,0,0,0,0,66
2025-09-27T22:31:20.284Z,59.4,21.1,1.917,49.6,0,60,0,0,0,0,0,0,0,0,66
2025-09-27T22:31:21.289Z,59.4,21.1,1.917,49.6,0,60,0,0,0,0,0,0,0,0,66
2025-09-27T22:31:22.288Z,59.5,21.1,1.917,50.4,0,60,0,0,0,0,0,0,0,0,66
2025-09-27T22:31:23.287Z,59.5,21.1,1.917,49.6,0,60,0,0,0,0,0,0,0,0,66
2025-09-27T22:31:24.286Z,59.4,21.1,1.917,50.4,0,60,0,0,0,0,0,0,0,0,66
2025-09-27T22:31:25.288Z,59.4,21.1,1.917,49.6,0,60,0,0,0,0,0,0,0,0,66
2025-09-27T22:31:26.292Z,59.5,21.1,1.917,50.4,0,60,0,0,0,0,0,0,0,0,66
2025-09-27T22:31:27.290Z,59.5,21.1,1.917,50.4,0,60,0,0,0,0,0,0,0,0,66
2025-09-27T22:31:28.286Z,59.5,21.1,1.917,49.6,0,60,0,0,0,0,0,0,0,0,66
2025-09-27T22:31:29.293Z,59.5,21.1,1.917,50.4,0,60,0,0,0,0,0,0,0,0,66
2025-09-27T22:31:30.296Z,59.5,21.1,1.917,49.6,0,60,0,0,0,0,0,0,0,0,66
2025-09-27T22:31:31.295Z,59.5,21.1,1.917,50.4,0,60,0,0,0,0,0,0,0,0,66
2025-09-27T22:31:32.299Z,59.5,21.1,1.917,49.6,0,60,0,0,0,0,0,0,0,0,66
2025-09-27T22:31:33.296Z,59.5,21.1,1.917,50.4,0,60,0,0,0,0,0,0,0,0,66
2025-09-27T22:31:34.300Z,59.5,21.1,1.917,49.6,0,60,0,0,0,0,0,0,0,0,66
2025-09-27T22:31:35.296Z,59.5,21.1,1.917,49.6,0,60.1,0,0,0,0,0,0,0,0,66
2025-09-27T22:31:36.301Z,59.5,21.1,1.917,49.6,0,60,0,0,0,0,0,0,0,0,66
2025-09-27T22:31:37.305Z,59.5,21.1,1.915,50.4,0,60,0,0,0,0,0,0,0,0,66
2025-09-27T22:31:38.303Z,59.5,21.1,1.917,49.6,0,60,0,0,0,0,0,0,0,0,66
2025-09-27T22:31:39.306Z,59.5,21.1,1.916,50.4,0,60,0,0,0,0,0,0,0,0,66
2025-09-27T22:31:40.306Z,59.5,21.1,1.916,50.4,0,60,0,0,0,0,0,0,0,0,66
2025-09-27T22:31:41.304Z,59.5,21.1,1.917,49.6,0,60,0,0,0,0,0,0,0,0,66
2025-09-27T22:31:42.307Z,59.5,21.1,1.917,50.4,0,60,0,0,0,0,0,0,0,0,66
2025-09-27T22:31:43.303Z,59.5,21.1,1.917,49.6,0,60,0,0,0,0,0,0,0,0,66
2025-09-27T22:31:44.309Z,59.5,21.1,1.916,50.4,0,60,0,0,0,0,0,0,0,0,66
2025-09-27T22:31:45.309Z,59.5,21.1,1.917,49.6,0,60,0,0,0,0,0,0,0,0,66
2025-09-27T22:31:46.308Z,59.5,21.1,1.916,50.4,0,60,0,0,0,0,0,0,0,0,66
2025-09-27T22:31:47.314Z,59.5,21.1,1.915,49.6,0,60,0,0,0,0,0,0,0,0,66
2025-09-27T22:31:48.318Z,59.5,21.1,1.915,50.4,0,60,0,0,0,0,0,0,0,0,66
2025-09-27T22:31:49.321Z,59.5,21.1,1.915,49.6,0,60,0,0,0,0,0,0,0,0,66
2025-09-27T22:31:50.321Z,59.5,21.1,1.915,49.6,0,60,0,0,0,0,0,0,0,0,66
2025-09-27T22:31:51.315Z,59.5,21.1,1.917,49.6,0,60,0,0,0,0,0,0,0,0,66
2025-09-27T22:31:52.314Z,59.5,21.1,1.915,50.4,0,60,0,0,0,0,0,0,0,0,66
2025-09-27T22:31:53.323Z,59.5,21.1,1.915,50.4,0,60,0,0,0,0,0,0,0,0,66
2025-09-27T22:31:54.320Z,59.5,21.1,1.916,49.6,0,60,0,0,0,0,0,0,0,0,66
2025-09-27T22:31:55.326Z,59.5,21.1,1.915,49.6,0,60,0,0,0,0,0,0,0,0,66
2025-09-27T22:31:56.320Z,59.5,21.1,1.916,49.6,0,60,0,0,0,0,0,0,0,0,66
2025-09-27T22:31:57.331Z,59.5,21.1,1.916,50.4,0,60,0,0,0,0,0,0,0,0,66
2025-09-27T22:31:58.330Z,59.5,21.1,1.915,50.4,0,60,0,0,0,0,0,0,0,0,66
2025-09-27T22:31:59.318Z,59.5,21.1,1.916,49.6,0,60,0,0,0,0,0,0,0,0,66
2025-09-27T22:32:00.322Z,59.5,21.1,1.915,50.4,0,60,0,0,0,0,0,0,0,0,66
2025-09-27T22:32:01.322Z,59.6,21.1,1.915,49.6,0,60,0,0,0,0,0,0,0,0,66
2025-09-27T22:32:02.329Z,59.6,21.1,1.915,50.4,0,60,0,0,0,0,0,0,0,0,66
