timestamp,TECell_PV,PSCurrent_PV,PSVoltage_PV,FT201_PV,HTR201_PV,TE201_PV,CT201_PV,CT210_PV,Cell1_Voltage,Cell2_Voltage,Cell3_Voltage,PT201_PV,PT302_PV,HCD220_PV,step
2025-09-27T01:31:48.641Z,60.7,21.1,1.891,50.4,0,60,0,0,0,0,0,0,0,0,66
2025-09-27T01:31:49.647Z,60.7,21.1,1.893,49.6,0,60,0,0,0,0,0,0,0,0,66
2025-09-27T01:31:50.653Z,60.7,21.1,1.893,50.4,0,60,0,0,0,0,0,0,0,0,66
2025-09-27T01:31:51.652Z,60.7,21.1,1.893,49.6,0,60,0,0,0,0,0,0,0,0,66
2025-09-27T01:31:52.644Z,60.7,21.1,1.892,50.4,0,60,0,0,0,0,0,0,0,0,66
2025-09-27T01:31:53.650Z,60.7,21.1,1.893,49.6,0,60,0,0,0,0,0,0,0,0,66
2025-09-27T01:31:54.648Z,60.7,21.1,1.892,49.6,0,60,0,0,0,0,0,0,0,0,66
2025-09-27T01:31:55.652Z,60.7,21.1,1.893,50.4,0,60,0,0,0,0,0,0,0,0,66
2025-09-27T01:31:56.649Z,60.7,21.1,1.893,49.6,0,60,0,0,0,0,0,0,0,0,66
2025-09-27T01:31:57.653Z,60.6,21.1,1.893,50.4,0,60,0,0,0,0,0,0,0,0,66
2025-09-27T01:31:58.656Z,60.6,21.1,1.893,50.4,0,60,0,0,0,0,0,0,0,0,66
2025-09-27T01:31:59.653Z,60.6,21.1,1.893,49.6,0,60,0,0,0,0,0,0,0,0,66
2025-09-27T01:32:00.656Z,60.6,21.1,1.892,50.4,0,60,0,0,0,0,0,0,0,0,66
2025-09-27T01:32:01.656Z,60.6,21.1,1.893,49.6,0,60,0,0,0,0,0,0,0,0,66
2025-09-27T01:32:02.659Z,60.6,21.1,1.893,50.4,0,60,0,0,0,0,0,0,0,0,66
2025-09-27T01:32:03.658Z,60.6,21.1,1.893,49.6,0,60,0,0,0,0,0,0,0,0,66
2025-09-27T01:32:04.664Z,60.6,21.1,1.893,50.4,0,60,0,0,0,0,0,0,0,0,66
2025-09-27T01:32:05.667Z,60.6,21.1,1.893,49.6,0,60,0,0,0,0,0,0,0,0,66
2025-09-27T01:32:06.660Z,60.6,21.1,1.893,50.4,0,60,0,0,0,0,0,0,0,0,66
2025-09-27T01:32:07.664Z,60.6,21.1,1.893,49.6,0,60,0,0,0,0,0,0,0,0,66
2025-09-27T01:32:08.665Z,60.6,21.1,1.893,50.4,0,60,0,0,0,0,0,0,0,0,66
2025-09-27T01:32:09.667Z,60.6,21.1,1.893,49.6,0,60,0,0,0,0,0,0,0,0,66
2025-09-27T01:32:10.667Z,60.6,21.1,1.893,50.4,0,60,0,0,0,0,0,0,0,0,66
2025-09-27T01:32:11.663Z,60.6,21.1,1.893,49.6,0,60,0,0,0,0,0,0,0,0,66
2025-09-27T01:32:12.666Z,60.6,21.1,1.893,50.4,0,60,0,0,0,0,0,0,0,0,66
2025-09-27T01:32:13.668Z,60.6,21.1,1.893,49.6,0,60,0,0,0,0,0,0,0,0,66
2025-09-27T01:32:14.671Z,60.6,21.1,1.893,50.4,0,60,0,0,0,0,0,0,0,0,66
2025-09-27T01:32:15.670Z,60.6,21.1,1.893,49.6,0,60,0,0,0,0,0,0,0,0,66
2025-09-27T01:32:16.668Z,60.6,21.1,1.893,50.4,0,60,0,0,0,0,0,0,0,0,66
2025-09-27T01:32:17.670Z,60.6,21.1,1.893,49.6,0,60,0,0,0,0,0,0,0,0,66
2025-09-27T01:32:18.676Z,60.6,21.1,1.892,50.4,0,60,0,0,0,0,0,0,0,0,66
2025-09-27T01:32:19.671Z,60.6,21.1,1.893,49.6,0,60,0,0,0,0,0,0,0,0,66
2025-09-27T01:32:20.672Z,60.6,21.1,1.893,49.6,0,60,0,0,0,0,0,0,0,0,66
2025-09-27T01:32:21.676Z,60.6,21.1,1.893,49.6,0,60,0,0,0,0,0,0,0,0,66
2025-09-27T01:32:22.673Z,60.5,21.1,1.893,50.4,0,60,0,0,0,0,0,0,0,0,66
2025-09-27T01:32:23.669Z,60.5,21.1,1.893,49.6,0,60,0,0,0,0,0,0,0,0,66
2025-09-27T01:32:24.673Z,60.5,21.1,1.893,50.4,0,60,0,0,0,0,0,0,0,0,66
2025-09-27T01:32:25.677Z,60.5,21.1,1.893,49.6,0,60,0,0,0,0,0,0,0,0,66
2025-09-27T01:32:26.678Z,60.5,21.1,1.893,50.4,0,60,0,0,0,0,0,0,0,0,66
2025-09-27T01:32:27.679Z,60.5,21.1,1.893,49.6,0,60,0,0,0,0,0,0,0,0,66
2025-09-27T01:32:28.681Z,60.5,21.1,1.893,49.6,0,60,0,0,0,0,0,0,0,0,66
2025-09-27T01:32:29.684Z,60.5,21.1,1.892,50.4,0,60,0,0,0,0,0,0,0,0,66
2025-09-27T01:32:30.685Z,60.5,21.1,1.892,49.6,0,60,0,0,0,0,0,0,0,0,66
2025-09-27T01:32:31.684Z,60.5,21.1,1.892,50.4,0,60,0,0,0,0,0,0,0,0,66
2025-09-27T01:32:32.685Z,60.5,21.1,1.892,49.6,0,60,0,0,0,0,0,0,0,0,66
2025-09-27T01:32:33.689Z,60.5,21.1,1.892,49.6,0,60,0,0,0,0,0,0,0,0,66
2025-09-27T01:32:34.688Z,60.5,21.1,1.892,50.4,0,60,0,0,0,0,0,0,0,0,66
2025-09-27T01:32:35.696Z,60.5,21.1,1.892,49.6,0,60,0,0,0,0,0,0,0,0,66
2025-09-27T01:32:36.689Z,60.5,21.1,1.892,49.6,0,60,0,0,0,0,0,0,0,0,66
2025-09-27T01:32:37.696Z,60.5,21.1,1.892,50.4,0,60,0,0,0,0,0,0,0,0,66
2025-09-27T01:32:38.692Z,60.5,21.1,1.892,49.6,0,60,0,0,0,0,0,0,0,0,66
2025-09-27T01:32:39.690Z,60.5,21.1,1.892,49.6,0,60,0,0,0,0,0,0,0,0,66
2025-09-27T01:32:40.693Z,60.5,21.1,1.892,50.4,0,60,0,0,0,0,0,0,0,0,66
2025-09-27T01:32:41.698Z,60.5,21.1,1.892,49.6,0,60,0,0,0,0,0,0,0,0,66
2025-09-27T01:32:42.698Z,60.5,21.1,1.892,50.4,0,60,0,0,0,0,0,0,0,0,66
2025-09-27T01:32:43.697Z,60.5,21.1,1.892,50.4,0,60,0,0,0,0,0,0,0,0,66
2025-09-27T01:32:44.697Z,60.4,21.1,1.892,49.6,0,60,0,0,0,0,0,0,0,0,66
2025-09-27T01:32:45.697Z,60.4,21.1,1.893,50.4,0,60,0,0,0,0,0,0,0,0,66
2025-09-27T01:32:46.700Z,60.4,21.1,1.892,49.6,0,60,0,0,0,0,0,0,0,0,66
2025-09-27T01:32:47.700Z,60.4,21.1,1.893,50.4,0,60,0,0,0,0,0,0,0,0,66
2025-09-27T01:32:48.697Z,60.4,21.1,1.893,49.6,0,60,0,0,0,0,0,0,0,0,66
2025-09-27T01:32:49.699Z,60.4,21.1,1.893,50.4,0,60,0,0,0,0,0,0,0,0,66
2025-09-27T01:32:50.703Z,60.4,21.1,1.893,50.4,0,60,0,0,0,0,0,0,0,0,66
2025-09-27T01:32:51.703Z,60.4,21.1,1.893,49.6,0,60,0,0,0,0,0,0,0,0,66
2025-09-27T01:32:52.702Z,60.4,21.1,1.893,50.4,0,60,0,0,0,0,0,0,0,0,66
2025-09-27T01:32:53.702Z,60.4,21.1,1.893,49.6,0,60,0,0,0,0,0,0,0,0,66
2025-09-27T01:32:54.705Z,60.4,21.1,1.893,50.4,0,60,0,0,0,0,0,0,0,0,66
2025-09-27T01:32:55.703Z,60.4,21.1,1.893,49.6,0,60,0,0,0,0,0,0,0,0,66
2025-09-27T01:32:56.707Z,60.4,21.1,1.893,50.4,0,60,0,0,0,0,0,0,0,0,66
2025-09-27T01:32:57.709Z,60.4,21.1,1.893,49.6,0,60,0,0,0,0,0,0,0,0,66
2025-09-27T01:32:58.711Z,60.4,21.1,1.893,50.4,0,60,0,0,0,0,0,0,0,0,66
2025-09-27T01:32:59.708Z,60.4,21.1,1.893,49.6,0,60,0,0,0,0,0,0,0,0,66
2025-09-27T01:33:00.712Z,60.4,21.1,1.893,49.6,0,60,0,0,0,0,0,0,0,0,66
2025-09-27T01:33:01.712Z,60.4,21.1,1.893,50.4,0,60,0,0,0,0,0,0,0,0,66
2025-09-27T01:33:02.714Z,60.4,21.1,1.894,49.6,0,60,0,0,0,0,0,0,0,0,66
2025-09-27T01:33:03.712Z,60.4,21.1,1.893,50.4,0,60,0,0,0,0,0,0,0,0,66
2025-09-27T01:33:04.713Z,60.4,21.1,1.893,49.6,0,60,0,0,0,0,0,0,0,0,66
2025-09-27T01:33:05.720Z,60.4,21.1,1.894,50.4,0,60,0,0,0,0,0,0,0,0,66
2025-09-27T01:33:06.720Z,60.4,21.1,1.893,49.6,0,60,0,0,0,0,0,0,0,0,66
2025-09-27T01:33:07.718Z,60.3,21.1,1.894,50.4,0,60,0,0,0,0,0,0,0,0,66
2025-09-27T01:33:08.717Z,60.3,21.1,1.893,49.6,0,60,0,0,0,0,0,0,0,0,66
2025-09-27T01:33:09.724Z,60.3,21.1,1.894,50.4,0,60,0,0,0,0,0,0,0,0,66
2025-09-27T01:33:10.722Z,60.3,21.1,1.894,49.6,0,60,0,0,0,0,0,0,0,0,66
2025-09-27T01:33:11.730Z,60.3,21.1,1.894,50.4,0,60,0,0,0,0,0,0,0,0,66
2025-09-27T01:33:12.724Z,60.3,21.1,1.894,49.6,0,60,0,0,0,0,0,0,0,0,66
2025-09-27T01:33:13.729Z,60.3,21.1,1.893,50.4,0,60,0,0,0,0,0,0,0,0,66
2025-09-27T01:33:14.724Z,60.3,21.1,1.894,49.6,0,60,0,0,0,0,0,0,0,0,66
2025-09-27T01:33:15.728Z,60.3,21.1,1.894,50.4,0,60,0,0,0,0,0,0,0,0,66
2025-09-27T01:33:16.728Z,60.3,21.1,1.894,49.6,0,60,0,0,0,0,0,0,0,0,66
2025-09-27T01:33:17.728Z,60.3,21.1,1.894,50.4,0,60,0,0,0,0,0,0,0,0,66
2025-09-27T01:33:18.725Z,60.3,21.1,1.894,49.6,0,60,0,0,0,0,0,0,0,0,66
2025-09-27T01:33:19.726Z,60.3,21.1,1.894,50.4,0,60,0,0,0,0,0,0,0,0,66
2025-09-27T01:33:20.729Z,60.3,21.1,1.894,49.6,0,60,0,0,0,0,0,0,0,0,66
2025-09-27T01:33:21.728Z,60.3,21.1,1.894,50.4,0,60,0,0,0,0,0,0,0,0,66
2025-09-27T01:33:22.728Z,60.3,21.1,1.894,49.6,0,60,0,0,0,0,0,0,0,0,66
2025-09-27T01:33:23.728Z,60.3,21.1,1.894,50.4,0,60,0,0,0,0,0,0,0,0,66
2025-09-27T01:33:24.733Z,60.3,21.1,1.894,49.6,0,60,0,0,0,0,0,0,0,0,66
2025-09-27T01:33:25.735Z,60.3,21.1,1.894,50.4,0,60,0,0,0,0,0,0,0,0,66
2025-09-27T01:33:26.744Z,60.3,21.1,1.893,49.6,0,60,0,0,0,0,0,0,0,0,66
2025-09-27T01:33:27.731Z,60.3,21.1,1.894,50.4,0,60,0,0,0,0,0,0,0,0,66
2025-09-27T01:33:28.736Z,60.3,21.1,1.894,49.6,0,60,0,0,0,0,0,0,0,0,66
2025-09-27T01:33:29.737Z,60.3,21.1,1.894,50.4,0,60,0,0,0,0,0,0,0,0,66
2025-09-27T01:33:30.738Z,60.3,21.1,1.894,49.6,0,60,0,0,0,0,0,0,0,0,66
2025-09-27T01:33:31.736Z,60.3,21.1,1.894,50.4,0,60,0,0,0,0,0,0,0,0,66
2025-09-27T01:33:32.744Z,60.3,21.1,1.893,49.6,0,60,0,0,0,0,0,0,0,0,66
2025-09-27T01:33:33.746Z,60.2,21.1,1.893,50.4,0,60,0,0,0,0,0,0,0,0,66
2025-09-27T01:33:34.743Z,60.2,21.1,1.894,49.6,0,60,0,0,0,0,0,0,0,0,66
2025-09-27T01:33:35.750Z,60.2,21.1,1.893,50.4,0,60,0,0,0,0,0,0,0,0,66
2025-09-27T01:33:36.748Z,60.2,21.1,1.894,49.6,0,60,0,0,0,0,0,0,0,0,66
2025-09-27T01:33:37.750Z,60.2,21.1,1.893,50.4,0,60,0,0,0,0,0,0,0,0,66
2025-09-27T01:33:38.746Z,60.2,21.1,1.894,49.6,0,60,0,0,0,0,0,0,0,0,66
2025-09-27T01:33:39.749Z,60.2,21.1,1.894,50.4,0,60,0,0,0,0,0,0,0,0,66
2025-09-27T01:33:40.751Z,60.2,21.1,1.893,49.6,0,60,0,0,0,0,0,0,0,0,66
2025-09-27T01:33:41.750Z,60.2,21.1,1.894,50.4,0,60,0,0,0,0,0,0,0,0,66
2025-09-27T01:33:42.754Z,60.2,21.1,1.893,49.6,0,60.1,0,0,0,0,0,0,0,0,66
2025-09-27T01:33:43.754Z,60.2,21.1,1.893,50.4,0,60.1,0,0,0,0,0,0,0,0,66
2025-09-27T01:33:44.754Z,60.2,21.1,1.893,49.6,0,60,0,0,0,0,0,0,0,0,66
2025-09-27T01:33:45.752Z,60.2,21.1,1.894,50.4,0,60,0,0,0,0,0,0,0,0,66
2025-09-27T01:33:46.758Z,60.2,21.1,1.893,49.6,0,60,0,0,0,0,0,0,0,0,66
2025-09-27T01:33:47.753Z,60.2,21.1,1.894,50.4,0,60,0,0,0,0,0,0,0,0,66
2025-09-27T01:33:48.752Z,60.2,21.1,1.894,49.6,0,60,0,0,0,0,0,0,0,0,66
2025-09-27T01:33:49.754Z,60.2,21.1,1.893,50.4,0,60,0,0,0,0,0,0,0,0,66
2025-09-27T01:33:50.757Z,60.2,21.1,1.893,49.6,0,60,0,0,0,0,0,0,0,0,66
2025-09-27T01:33:51.756Z,60.2,21.1,1.893,50.4,0,60,0,0,0,0,0,0,0,0,66
2025-09-27T01:33:52.766Z,60.2,21.1,1.895,49.6,0,60,0,0,0,0,0,0,0,0,66
2025-09-27T01:33:53.763Z,60.2,21.1,1.893,50.4,0,60.1,0,0,0,0,0,0,0,0,66
2025-09-27T01:33:54.758Z,60.2,21.1,1.893,49.6,0,60.1,0,0,0,0,0,0,0,0,66
2025-09-27T01:33:55.761Z,60.2,21.1,1.893,50.4,0,60.1,0,0,0,0,0,0,0,0,66
2025-09-27T01:33:56.765Z,60.1,21.1,1.893,49.6,0,60.1,0,0,0,0,0,0,0,0,66
2025-09-27T01:33:57.762Z,60.1,21.1,1.893,50.4,0,60.1,0,0,0,0,0,0,0,0,66
2025-09-27T01:33:58.768Z,60.1,21.1,1.894,49.6,0,60,0,0,0,0,0,0,0,0,66
2025-09-27T01:33:59.767Z,60.1,21.1,1.894,49.6,0,60,0,0,0,0,0,0,0,0,66
2025-09-27T01:34:00.766Z,60.1,21.1,1.894,49.6,0,60.1,0,0,0,0,0,0,0,0,66
2025-09-27T01:34:01.765Z,60.1,21.1,1.894,50.4,0,60,0,0,0,0,0,0,0,0,66
2025-09-27T01:34:02.769Z,60.1,21.1,1.894,49.6,0,60.1,0,0,0,0,0,0,0,0,66
2025-09-27T01:34:03.767Z,60.1,21.1,1.894,50.4,0,60.1,0,0,0,0,0,0,0,0,66
2025-09-27T01:34:04.768Z,60.1,21.1,1.894,49.6,0,60,0,0,0,0,0,0,0,0,66
2025-09-27T01:34:05.771Z,60.1,21.1,1.894,50.4,0,60,0,0,0,0,0,0,0,0,66
2025-09-27T01:34:06.771Z,60.1,21.1,1.894,49.6,0,60,0,0,0,0,0,0,0,0,66
2025-09-27T01:34:07.775Z,60.1,21.1,1.894,50.4,0,60.1,0,0,0,0,0,0,0,0,66
2025-09-27T01:34:08.777Z,60.1,21.1,1.894,49.6,0,60.1,0,0,0,0,0,0,0,0,66
2025-09-27T01:34:09.777Z,60.1,21.1,1.894,50.4,0,60.1,0,0,0,0,0,0,0,0,66
2025-09-27T01:34:10.774Z,60.1,21.1,1.894,49.6,0,60.1,0,0,0,0,0,0,0,0,66
2025-09-27T01:34:11.778Z,60.1,21.1,1.894,50.4,0,60.1,0,0,0,0,0,0,0,0,66
2025-09-27T01:34:12.777Z,60.1,21.1,1.894,49.6,0,60.1,0,0,0,0,0,0,0,0,66
2025-09-27T01:34:13.782Z,60.1,21.1,1.894,50.4,0,60.1,0,0,0,0,0,0,0,0,66
2025-09-27T01:34:14.782Z,60.1,21.1,1.895,49.6,0,60.1,0,0,0,0,0,0,0,0,66
2025-09-27T01:34:15.782Z,60.1,21.1,1.894,50.4,0,60.1,0,0,0,0,0,0,0,0,66
2025-09-27T01:34:16.780Z,60,21.1,1.895,49.6,0,60.1,0,0,0,0,0,0,0,0,66
2025-09-27T01:34:17.783Z,60,21.1,1.895,50.4,0,60.1,0,0,0,0,0,0,0,0,66
2025-09-27T01:34:18.781Z,60,21.1,1.895,49.6,0,60.1,0,0,0,0,0,0,0,0,66
2025-09-27T01:34:19.783Z,60,21.1,1.895,50.4,0,60.1,0,0,0,0,0,0,0,0,66
2025-09-27T01:34:20.784Z,60,21.1,1.895,49.6,0,60.1,0,0,0,0,0,0,0,0,66
2025-09-27T01:34:21.785Z,60,21.1,1.895,50.4,0,60.1,0,0,0,0,0,0,0,0,66
2025-09-27T01:34:22.788Z,60,21.1,1.895,49.6,0,60.1,0,0,0,0,0,0,0,0,66
2025-09-27T01:34:23.787Z,60,21.1,1.895,50.4,0,60.1,0,0,0,0,0,0,0,0,66
2025-09-27T01:34:24.786Z,60,21.1,1.895,49.6,0,60.1,0,0,0,0,0,0,0,0,66
2025-09-27T01:34:25.788Z,60,21.1,1.895,50.4,0,60.1,0,0,0,0,0,0,0,0,66
2025-09-27T01:34:26.795Z,60,21.1,1.895,49.6,0,60.1,0,0,0,0,0,0,0,0,66
2025-09-27T01:34:27.793Z,60,21.1,1.895,50.4,0,60.1,0,0,0,0,0,0,0,0,66
2025-09-27T01:34:28.795Z,60,21.1,1.895,49.6,0,60.1,0,0,0,0,0,0,0,0,66
2025-09-27T01:34:29.801Z,60,21.1,1.895,50.4,0,60.1,0,0,0,0,0,0,0,0,66
2025-09-27T01:34:30.792Z,60,21.1,1.895,49.6,0,60.1,0,0,0,0,0,0,0,0,66
2025-09-27T01:34:31.792Z,60,21.1,1.895,50.4,0,60.1,0,0,0,0,0,0,0,0,66
2025-09-27T01:34:32.792Z,60,21.1,1.895,49.6,0,60.1,0,0,0,0,0,0,0,0,66
2025-09-27T01:34:33.797Z,60,21.1,1.895,50.4,0,60.1,0,0,0,0,0,0,0,0,66
2025-09-27T01:34:34.798Z,60,21.1,1.895,49.6,0,60.1,0,0,0,0,0,0,0,0,66
2025-09-27T01:34:35.798Z,60,21.1,1.895,50.4,0,60.1,0,0,0,0,0,0,0,0,66
2025-09-27T01:34:36.799Z,60,21.1,1.895,49.6,0,60.1,0,0,0,0,0,0,0,0,66
2025-09-27T01:34:37.799Z,60,21.1,1.895,49.6,0,60.1,0,0,0,0,0,0,0,0,66
2025-09-27T01:34:38.803Z,60,21.1,1.895,49.6,0,60.1,0,0,0,0,0,0,0,0,66
2025-09-27T01:34:39.798Z,59.9,21.1,1.895,50.4,0,60.1,0,0,0,0,0,0,0,0,66
2025-09-27T01:34:40.802Z,59.9,21.1,1.895,49.6,0,60.1,0,0,0,0,0,0,0,0,66
2025-09-27T01:34:41.803Z,59.9,21.1,1.895,50.4,0,60.1,0,0,0,0,0,0,0,0,66
2025-09-27T01:34:42.811Z,59.9,21.1,1.895,49.6,0,60.1,0,0,0,0,0,0,0,0,66
2025-09-27T01:34:43.806Z,59.9,21.1,1.895,50.4,0,60.1,0,0,0,0,0,0,0,0,66
2025-09-27T01:34:44.807Z,59.9,21.1,1.895,49.6,0,60.1,0,0,0,0,0,0,0,0,66
2025-09-27T01:34:45.810Z,59.9,21.1,1.895,50.4,0,60.1,0,0,0,0,0,0,0,0,66
2025-09-27T01:34:46.810Z,59.9,21.1,1.895,49.6,0,60.1,0,0,0,0,0,0,0,0,66
2025-09-27T01:34:47.812Z,59.9,21.1,1.895,50.4,0,60.1,0,0,0,0,0,0,0,0,66
2025-09-27T01:34:48.807Z,59.9,21.1,1.895,49.6,0,60.1,0,0,0,0,0,0,0,0,66
2025-09-27T01:34:49.811Z,59.9,21.1,1.895,49.6,0,60.1,0,0,0,0,0,0,0,0,66
2025-09-27T01:34:50.814Z,59.9,21.1,1.895,49.6,0,60.1,0,0,0,0,0,0,0,0,66
2025-09-27T01:34:51.814Z,59.9,21.1,1.895,50.4,0,60.1,0,0,0,0,0,0,0,0,66
2025-09-27T01:34:52.820Z,59.9,21.1,1.895,49.6,0,60.1,0,0,0,0,0,0,0,0,66
2025-09-27T01:34:53.816Z,59.9,21.1,1.895,50.4,0,60.1,0,0,0,0,0,0,0,0,66
2025-09-27T01:34:54.819Z,59.9,21.1,1.895,49.6,0,60.1,0,0,0,0,0,0,0,0,66
2025-09-27T01:34:55.817Z,59.9,21.1,1.895,50.4,0,60.1,0,0,0,0,0,0,0,0,66
2025-09-27T01:34:56.820Z,59.9,21.1,1.895,49.6,0,60.1,0,0,0,0,0,0,0,0,66
2025-09-27T01:34:57.819Z,59.9,21.1,1.895,50.4,0,60.1,0,0,0,0,0,0,0,0,66
2025-09-27T01:34:58.821Z,59.9,21.1,1.895,49.6,0,60.1,0,0,0,0,0,0,0,0,66
2025-09-27T01:34:59.821Z,59.9,21.1,1.895,50.4,0,60.1,0,0,0,0,0,0,0,0,66
2025-09-27T01:35:00.818Z,59.9,21.1,1.895,49.6,0,60.1,0,0,0,0,0,0,0,0,66
2025-09-27T01:35:01.822Z,59.9,21.1,1.895,50.4,0,60.1,0,0,0,0,0,0,0,0,66
2025-09-27T01:35:02.828Z,59.9,21.1,1.895,49.6,0,60.1,0,0,0,0,0,0,0,0,66
2025-09-27T01:35:03.824Z,59.9,21.1,1.895,50.4,0,60.1,0,0,0,0,0,0,0,0,66
2025-09-27T01:35:04.825Z,59.9,21.1,1.895,49.6,0,60.1,0,0,0,0,0,0,0,0,66
2025-09-27T01:35:05.830Z,59.9,21.1,1.895,50.4,0,60.1,0,0,0,0,0,0,0,0,66
2025-09-27T01:35:06.834Z,59.8,21.1,1.895,49.6,0,60.1,0,0,0,0,0,0,0,0,66
2025-09-27T01:35:07.826Z,59.8,21.1,1.895,50.4,0,60.1,0,0,0,0,0,0,0,0,66
2025-09-27T01:35:08.832Z,59.8,21.1,1.895,49.6,0,60.1,0,0,0,0,0,0,0,0,66
2025-09-27T01:35:09.828Z,59.8,21.1,1.895,50.4,0,60.1,0,0,0,0,0,0,0,0,66
2025-09-27T01:35:10.833Z,59.8,21.1,1.895,49.6,0,60.1,0,0,0,0,0,0,0,0,66
2025-09-27T01:35:11.833Z,59.8,21.1,1.895,50.4,0,60.1,0,0,0,0,0,0,0,0,66
2025-09-27T01:35:12.834Z,59.8,21.1,1.895,49.6,0,60.1,0,0,0,0,0,0,0,0,66
2025-09-27T01:35:13.836Z,59.8,21.1,1.895,50.4,0,60.1,0,0,0,0,0,0,0,0,66
2025-09-27T01:35:14.837Z,59.8,21.1,1.895,49.6,0,60.1,0,0,0,0,0,0,0,0,66
2025-09-27T01:35:15.836Z,59.8,21.1,1.895,50.4,0,60.1,0,0,0,0,0,0,0,0,66
2025-09-27T01:35:16.836Z,59.8,21.1,1.895,49.6,0,60.1,0,0,0,0,0,0,0,0,66
2025-09-27T01:35:17.841Z,59.8,21.1,1.895,49.6,0,60.1,0,0,0,0,0,0,0,0,66
2025-09-27T01:35:18.839Z,59.8,21.1,1.895,49.6,0,60.1,0,0,0,0,0,0,0,0,66
2025-09-27T01:35:19.835Z,59.8,21.1,1.895,50.4,0,60.1,0,0,0,0,0,0,0,0,66
2025-09-27T01:35:20.839Z,59.8,21.1,1.896,49.6,0,60.1,0,0,0,0,0,0,0,0,66
2025-09-27T01:35:21.841Z,59.8,21.1,1.895,50.4,0,60.1,0,0,0,0,0,0,0,0,66
2025-09-27T01:35:22.842Z,59.8,21.1,1.896,49.6,0,60.1,0,0,0,0,0,0,0,0,66
2025-09-27T01:35:23.843Z,59.8,21.1,1.895,50.4,0,60.1,0,0,0,0,0,0,0,0,66
2025-09-27T01:35:24.843Z,59.8,21.1,1.895,49.6,0,60.1,0,0,0,0,0,0,0,0,66
2025-09-27T01:35:25.845Z,59.8,21.1,1.896,50.4,0,60.1,0,0,0,0,0,0,0,0,66
2025-09-27T01:35:26.841Z,59.8,21.1,1.895,49.6,0,60.1,0,0,0,0,0,0,0,0,66
2025-09-27T01:35:27.847Z,59.8,21.1,1.896,49.6,0,60.1,0,0,0,0,0,0,0,0,66
2025-09-27T01:35:28.849Z,59.8,21.1,1.896,49.6,0,60.1,0,0,0,0,0,0,0,0,66
2025-09-27T01:35:29.848Z,59.8,21.1,1.896,50.4,0,60.1,0,0,0,0,0,0,0,0,66
2025-09-27T01:35:30.852Z,59.8,21.1,1.896,49.6,0,60.1,0,0,0,0,0,0,0,0,66
2025-09-27T01:35:31.856Z,59.8,21.1,1.896,50.4,0,60.1,0,0,0,0,0,0,0,0,66
2025-09-27T01:35:32.854Z,59.7,21.1,1.896,49.6,0,60.1,0,0,0,0,0,0,0,0,66
2025-09-27T01:35:33.852Z,59.7,21.1,1.896,50.4,0,60.1,0,0,0,0,0,0,0,0,66
2025-09-27T01:35:34.852Z,59.7,21.1,1.896,49.6,0,60.1,0,0,0,0,0,0,0,0,66
2025-09-27T01:35:35.855Z,59.7,21.1,1.896,50.4,0,60.1,0,0,0,0,0,0,0,0,66
2025-09-27T01:35:36.857Z,59.7,21.1,1.896,49.6,0,60.1,0,0,0,0,0,0,0,0,66
2025-09-27T01:35:37.856Z,59.7,21.1,1.896,50.4,0,60.1,0,0,0,0,0,0,0,0,66
2025-09-27T01:35:38.857Z,59.7,21.1,1.896,49.6,0,60.1,0,0,0,0,0,0,0,0,66
2025-09-27T01:35:39.858Z,59.7,21.1,1.896,50.4,0,60.1,0,0,0,0,0,0,0,0,66
2025-09-27T01:35:40.865Z,59.7,21.1,1.895,49.6,0,60.1,0,0,0,0,0,0,0,0,66
2025-09-27T01:35:41.861Z,59.7,21.1,1.896,50.4,0,60.1,0,0,0,0,0,0,0,0,66
2025-09-27T01:35:42.868Z,59.7,21.1,1.895,49.6,0,60.1,0,0,0,0,0,0,0,0,66
2025-09-27T01:35:43.861Z,59.7,21.1,1.896,50.4,0,60.1,0,0,0,0,0,0,0,0,66
2025-09-27T01:35:44.864Z,59.7,21.1,1.896,49.6,0,60.1,0,0,0,0,0,0,0,0,66
2025-09-27T01:35:45.864Z,59.7,21.1,1.896,50.4,0,60.1,0,0,0,0,0,0,0,0,66
2025-09-27T01:35:46.866Z,59.7,21.1,1.897,49.6,0,60.1,0,0,0,0,0,0,0,0,66
2025-09-27T01:35:47.863Z,59.7,21.1,1.896,50.4,0,60.1,0,0,0,0,0,0,0,0,66
2025-09-27T01:35:48.864Z,59.7,21.1,1.896,49.6,0,60.1,0,0,0,0,0,0,0,0,66
2025-09-27T01:35:49.866Z,59.7,21.1,1.896,50.4,0,60.1,0,0,0,0,0,0,0,0,66
2025-09-27T01:35:50.863Z,59.7,21.1,1.896,49.6,0,60.1,0,0,0,0,0,0,0,0,66
2025-09-27T01:35:51.874Z,59.7,21.1,1.895,50.4,0,60.1,0,0,0,0,0,0,0,0,66
2025-09-27T01:35:52.870Z,59.7,21.1,1.896,49.6,0,60.1,0,0,0,0,0,0,0,0,66
2025-09-27T01:35:53.871Z,59.7,21.1,1.896,50.4,0,60.1,0,0,0,0,0,0,0,0,66
2025-09-27T01:35:54.871Z,59.7,21.1,1.897,49.6,0,60.1,0,0,0,0,0,0,0,0,66
2025-09-27T01:35:55.873Z,59.7,21.1,1.896,49.6,0,60.1,0,0,0,0,0,0,0,0,66
2025-09-27T01:35:56.878Z,59.7,21.1,1.896,49.6,0,60.1,0,0,0,0,0,0,0,0,66
2025-09-27T01:35:57.880Z,59.7,21.1,1.895,49.6,0,60.1,0,0,0,0,0,0,0,0,66
2025-09-27T01:35:58.879Z,59.7,21.1,1.895,50.4,0,60.1,0,0,0,0,0,0,0,0,66
2025-09-27T01:35:59.873Z,59.7,21.1,1.897,49.6,0,60.1,0,0,0,0,0,0,0,0,66
2025-09-27T01:36:00.876Z,59.7,21.1,1.896,50.4,0,60.1,0,0,0,0,0,0,0,0,66
2025-09-27T01:36:01.882Z,59.7,21.1,1.896,49.6,0,60.1,0,0,0,0,0,0,0,0,66
2025-09-27T01:36:02.879Z,59.6,21.1,1.896,50.4,0,60.1,0,0,0,0,0,0,0,0,66
2025-09-27T01:36:03.883Z,59.6,21.1,1.896,49.6,0,60.1,0,0,0,0,0,0,0,0,66
2025-09-27T01:36:04.887Z,59.6,21.1,1.896,49.6,0,60.1,0,0,0,0,0,0,0,0,66
2025-09-27T01:36:05.879Z,59.6,21.1,1.896,49.6,0,60.1,0,0,0,0,0,0,0,0,66
2025-09-27T01:36:06.884Z,59.6,21.1,1.896,50.4,0,60.1,0,0,0,0,0,0,0,0,66
2025-09-27T01:36:07.883Z,59.6,21.1,1.896,49.6,0,60.1,0,0,0,0,0,0,0,0,66
2025-09-27T01:36:08.891Z,59.6,21.1,1.897,50.4,0,60.1,0,0,0,0,0,0,0,0,66
2025-09-27T01:36:09.888Z,59.6,21.1,1.896,50.4,0,60.1,0,0,0,0,0,0,0,0,66
2025-09-27T01:36:10.888Z,59.6,21.1,1.896,49.6,0,60.1,0,0,0,0,0,0,0,0,66
2025-09-27T01:36:11.893Z,59.6,21.1,1.896,49.6,0,60.1,0,0,0,0,0,0,0,0,66
2025-09-27T01:36:12.891Z,59.6,21.1,1.896,49.6,0,60.1,0,0,0,0,0,0,0,0,66
2025-09-27T01:36:13.889Z,59.6,21.1,1.896,50.4,0,60.1,0,0,0,0,0,0,0,0,66
2025-09-27T01:36:14.897Z,59.6,21.1,1.897,50.4,0,60.1,0,0,0,0,0,0,0,0,66
2025-09-27T01:36:15.894Z,59.6,21.1,1.896,49.6,0,60.1,0,0,0,0,0,0,0,0,66
2025-09-27T01:36:16.895Z,59.6,21.1,1.896,50.4,0,60.1,0,0,0,0,0,0,0,0,66
2025-09-27T01:36:17.893Z,59.6,21.1,1.896,49.6,0,60.1,0,0,0,0,0,0,0,0,66
2025-09-27T01:36:18.895Z,59.6,21.1,1.897,50.4,0,60.1,0,0,0,0,0,0,0,0,66
2025-09-27T01:36:19.893Z,59.6,21.1,1.896,49.6,0,60.1,0,0,0,0,0,0,0,0,66
2025-09-27T01:36:20.895Z,59.6,21.1,1.896,50.4,0,60.1,0,0,0,0,0,0,0,0,66
2025-09-27T01:36:21.899Z,59.6,21.1,1.897,49.6,0,60.1,0,0,0,0,0,0,0,0,66
2025-09-27T01:36:22.897Z,59.6,21.1,1.896,50.4,0,60.1,0,0,0,0,0,0,0,0,66
2025-09-27T01:36:23.902Z,59.6,21.1,1.897,49.6,0,60.1,0,0,0,0,0,0,0,0,66
2025-09-27T01:36:24.900Z,59.6,21.1,1.897,50.4,0,60.1,0,0,0,0,0,0,0,0,66
2025-09-27T01:36:25.901Z,59.6,21.1,1.897,49.6,0,60.1,0,0,0,0,0,0,0,0,66
2025-09-27T01:36:26.901Z,59.6,21.1,1.897,50.4,0,60.1,0,0,0,0,0,0,0,0,66
2025-09-27T01:36:27.902Z,59.6,21.1,1.897,49.6,0,60.1,0,0,0,0,0,0,0,0,66
2025-09-27T01:36:28.901Z,59.6,21.1,1.896,50.4,0,60.1,0,0,0,0,0,0,0,0,66
2025-09-27T01:36:29.904Z,59.6,21.1,1.897,49.6,0,60.1,0,0,0,0,0,0,0,0,66
2025-09-27T01:36:30.909Z,59.6,21.1,1.897,50.4,0,60.1,0,0,0,0,0,0,0,0,66
2025-09-27T01:36:31.905Z,59.6,21.1,1.897,49.6,0,60.1,0,0,0,0,0,0,0,0,66
2025-09-27T01:36:32.919Z,59.6,21.1,1.896,50.4,0,60.1,0,0,0,0,0,0,0,0,66
2025-09-27T01:36:33.905Z,59.6,21.1,1.896,49.6,0,60.1,0,0,0,0,0,0,0,0,66
2025-09-27T01:36:34.913Z,59.5,21.1,1.897,50.4,0,60.1,0,0,0,0,0,0,0,0,66
2025-09-27T01:36:35.912Z,59.5,21.1,1.897,49.6,0,60.1,0,0,0,0,0,0,0,0,66
2025-09-27T01:36:36.916Z,59.6,21.1,1.897,50.4,0,60.1,0,0,0,0,0,0,0,0,66
2025-09-27T01:36:37.915Z,59.5,21.1,1.897,49.6,0,60.1,0,0,0,0,0,0,0,0,66
2025-09-27T01:36:38.919Z,59.5,21.1,1.897,50.4,0,60.1,0,0,0,0,0,0,0,0,66
2025-09-27T01:36:39.912Z,59.5,21.1,1.897,49.6,0,60.1,0,0,0,0,0,0,0,0,66
2025-09-27T01:36:40.915Z,59.5,21.1,1.897,49.6,0,60.1,0,0,0,0,0,0,0,0,66
2025-09-27T01:36:41.916Z,59.5,21.1,1.897,50.4,0,60.1,0,0,0,0,0,0,0,0,66
2025-09-27T01:36:42.916Z,59.5,21.1,1.897,49.6,0,60.1,0,0,0,0,0,0,0,0,66
2025-09-27T01:36:43.918Z,59.5,21.1,1.897,50.4,0,60.1,0,0,0,0,0,0,0,0,66
2025-09-27T01:36:44.922Z,59.5,21.1,1.897,49.6,0,60.1,0,0,0,0,0,0,0,0,66
2025-09-27T01:36:45.919Z,59.5,21.1,1.897,50.4,0,60.1,0,0,0,0,0,0,0,0,66
2025-09-27T01:36:46.921Z,59.5,21.1,1.897,49.6,0,60.1,0,0,0,0,0,0,0,0,66
2025-09-27T01:36:47.920Z,59.5,21.1,1.897,50.4,0,60.1,0,0,0,0,0,0,0,0,66
2025-09-27T01:36:48.922Z,59.5,21.1,1.898,49.6,0,60.1,0,0,0,0,0,0,0,0,66
2025-09-27T01:36:49.919Z,59.5,21.1,1.897,50.4,0,60.1,0,0,0,0,0,0,0,0,66
2025-09-27T01:36:50.922Z,59.5,21.1,1.898,49.6,0,60.1,0,0,0,0,0,0,0,0,66
2025-09-27T01:36:51.923Z,59.5,21.1,1.897,50.4,0,60.1,0,0,0,0,0,0,0,0,66
2025-09-27T01:36:52.925Z,59.5,21.1,1.897,49.6,0,60.1,0,0,0,0,0,0,0,0,66
2025-09-27T01:36:53.926Z,59.5,21.1,1.898,50.4,0,60.1,0,0,0,0,0,0,0,0,66
2025-09-27T01:36:54.926Z,59.5,21.1,1.898,49.6,0,60.1,0,0,0,0,0,0,0,0,66
2025-09-27T01:36:55.927Z,59.5,21.1,1.898,50.4,0,60.1,0,0,0,0,0,0,0,0,66
2025-09-27T01:36:56.926Z,59.5,21.1,1.898,49.6,0,60.1,0,0,0,0,0,0,0,0,66
2025-09-27T01:36:57.925Z,59.5,21.1,1.898,49.6,0,60.1,0,0,0,0,0,0,0,0,66
2025-09-27T01:36:58.932Z,59.5,21.1,1.898,50.4,0,60.1,0,0,0,0,0,0,0,0,66
2025-09-27T01:36:59.929Z,59.5,21.1,1.897,49.6,0,60.1,0,0,0,0,0,0,0,0,66
2025-09-27T01:37:00.928Z,59.5,21.1,1.898,50.4,0,60.1,0,0,0,0,0,0,0,0,66
2025-09-27T01:37:01.933Z,59.5,21.1,1.898,49.6,0,60.1,0,0,0,0,0,0,0,0,66
2025-09-27T01:37:02.937Z,59.5,21.1,1.898,50.4,0,60.1,0,0,0,0,0,0,0,0,66
2025-09-27T01:37:03.932Z,59.5,21.1,1.898,49.6,0,60.1,0,0,0,0,0,0,0,0,66
2025-09-27T01:37:04.937Z,59.5,21.1,1.898,50.4,0,60.1,0,0,0,0,0,0,0,0,66
2025-09-27T01:37:05.938Z,59.5,21.1,1.898,49.6,0,60.1,0,0,0,0,0,0,0,0,66
2025-09-27T01:37:06.942Z,59.5,21.1,1.898,49.6,0,60.1,0,0,0,0,0,0,0,0,66
2025-09-27T01:37:07.938Z,59.5,21.1,1.898,49.6,0,60.1,0,0,0,0,0,0,0,0,66
2025-09-27T01:37:08.936Z,59.5,21.1,1.898,50.4,0,60.1,0,0,0,0,0,0,0,0,66
2025-09-27T01:37:09.942Z,59.5,21.1,1.898,49.6,0,60.1,0,0,0,0,0,0,0,0,66
2025-09-27T01:37:10.943Z,59.5,21.1,1.898,50.4,0,60.1,0,0,0,0,0,0,0,0,66
2025-09-27T01:37:11.943Z,59.5,21.1,1.898,49.6,0,60.1,0,0,0,0,0,0,0,0,66
2025-09-27T01:37:12.944Z,59.5,21.1,1.898,50.4,0,60.1,0,0,0,0,0,0,0,0,66
2025-09-27T01:37:13.949Z,59.5,21.1,1.898,49.6,0,60.1,0,0,0,0,0,0,0,0,66
2025-09-27T01:37:14.945Z,59.5,21.1,1.898,50.4,0,60.1,0,0,0,0,0,0,0,0,66
2025-09-27T01:37:15.948Z,59.5,21.1,1.898,49.6,0,60.1,0,0,0,0,0,0,0,0,66
2025-09-27T01:37:16.949Z,59.5,21.1,1.898,50.4,0,60.1,0,0,0,0,0,0,0,0,66
2025-09-27T01:37:17.949Z,59.5,21.1,1.898,49.6,0,60.1,0,0,0,0,0,0,0,0,66
2025-09-27T01:37:18.947Z,59.5,21.1,1.898,50.4,0,60.1,0,0,0,0,0,0,0,0,66
2025-09-27T01:37:19.947Z,59.5,21.1,1.898,49.6,0,60.1,0,0,0,0,0,0,0,0,66
2025-09-27T01:37:20.949Z,59.5,21.1,1.898,50.4,0,60.1,0,0,0,0,0,0,0,0,66
2025-09-27T01:37:21.949Z,59.5,21.1,1.898,49.6,0,60.1,0,0,0,0,0,0,0,0,66
2025-09-27T01:37:22.956Z,59.5,21.1,1.898,50.4,0,60.1,0,0,0,0,0,0,0,0,66
2025-09-27T01:37:23.954Z,59.5,21.1,1.898,49.6,0,60.1,0,0,0,0,0,0,0,0,66
2025-09-27T01:37:24.961Z,59.5,21.1,1.898,50.4,0,60.1,0,0,0,0,0,0,0,0,66
2025-09-27T01:37:25.956Z,59.5,21.1,1.898,49.6,0,60.1,0,0,0,0,0,0,0,0,66
2025-09-27T01:37:26.957Z,59.5,21.1,1.898,49.6,0,60.1,0,0,0,0,0,0,0,0,66
2025-09-27T01:37:27.957Z,59.5,21.1,1.898,50.4,0,60.1,0,0,0,0,0,0,0,0,66
2025-09-27T01:37:28.960Z,59.5,21.1,1.898,49.6,0,60.1,0,0,0,0,0,0,0,0,66
2025-09-27T01:37:29.967Z,59.5,21.1,1.898,50.4,0,60.1,0,0,0,0,0,0,0,0,66
2025-09-27T01:37:30.963Z,59.5,21.1,1.898,49.6,0,60.1,0,0,0,0,0,0,0,0,66
2025-09-27T01:37:31.958Z,59.5,21.1,1.898,50.4,0,60.1,0,0,0,0,0,0,0,0,66
2025-09-27T01:37:32.964Z,59.5,21.1,1.898,49.6,0,60.1,0,0,0,0,0,0,0,0,66
2025-09-27T01:37:33.965Z,59.5,21.1,1.898,50.4,0,60.1,0,0,0,0,0,0,0,0,66
2025-09-27T01:37:34.968Z,59.5,21.1,1.898,49.6,0,60.1,0,0,0,0,0,0,0,0,66
2025-09-27T01:37:35.963Z,59.5,21.1,1.898,50.4,0,60.1,0,0,0,0,0,0,0,0,66
2025-09-27T01:37:36.967Z,59.4,21.1,1.898,49.6,0,60.1,0,0,0,0,0,0,0,0,66
2025-09-27T01:37:37.967Z,59.5,21.1,1.898,50.4,0,60.1,0,0,0,0,0,0,0,0,66
2025-09-27T01:37:38.968Z,59.4,21.1,1.898,49.6,0,60.1,0,0,0,0,0,0,0,0,66
2025-09-27T01:37:39.968Z,59.4,21.1,1.899,50.4,0,60.1,0,0,0,0,0,0,0,0,66
2025-09-27T01:37:40.972Z,59.4,21.1,1.898,49.6,0,60.1,0,0,0,0,0,0,0,0,66
2025-09-27T01:37:41.969Z,59.4,21.1,1.898,50.4,0,60.1,0,0,0,0,0,0,0,0,66
2025-09-27T01:37:42.971Z,59.4,21.1,1.898,49.6,0,60.1,0,0,0,0,0,0,0,0,66
2025-09-27T01:37:43.974Z,59.4,21.1,1.898,50.4,0,60.1,0,0,0,0,0,0,0,0,66
2025-09-27T01:37:44.973Z,59.4,21.1,1.898,49.6,0,60.1,0,0,0,0,0,0,0,0,66
2025-09-27T01:37:45.975Z,59.4,21.1,1.899,50.4,0,60.1,0,0,0,0,0,0,0,0,66
2025-09-27T01:37:46.974Z,59.4,21.1,1.898,49.6,0,60.1,0,0,0,0,0,0,0,0,66
2025-09-27T01:37:47.976Z,59.4,21.1,1.898,50.4,0,60.1,0,0,0,0,0,0,0,0,66
2025-09-27T01:37:48.978Z,59.4,21.1,1.898,49.6,0,60.1,0,0,0,0,0,0,0,0,66
2025-09-27T01:37:49.979Z,59.4,21.1,1.899,50.4,0,60.1,0,0,0,0,0,0,0,0,66
2025-09-27T01:37:50.981Z,59.4,21.1,1.899,49.6,0,60.1,0,0,0,0,0,0,0,0,66
2025-09-27T01:37:51.977Z,59.4,21.1,1.898,50.4,0,60.1,0,0,0,0,0,0,0,0,66
2025-09-27T01:37:52.979Z,59.4,21.1,1.898,49.6,0,60.1,0,0,0,0,0,0,0,0,66
2025-09-27T01:37:53.979Z,59.4,21.1,1.898,50.4,0,60.1,0,0,0,0,0,0,0,0,66
2025-09-27T01:37:54.983Z,59.4,21.1,1.898,49.6,0,60.1,0,0,0,0,0,0,0,0,66
2025-09-27T01:37:55.984Z,59.4,21.1,1.898,50.4,0,60.1,0,0,0,0,0,0,0,0,66
2025-09-27T01:37:56.984Z,59.4,21.1,1.898,49.6,0,60.1,0,0,0,0,0,0,0,0,66
2025-09-27T01:37:57.983Z,59.4,21.1,1.898,50.4,0,60.1,0,0,0,0,0,0,0,0,66
2025-09-27T01:37:58.987Z,59.4,21.1,1.898,49.6,0,60.1,0,0,0,0,0,0,0,0,66
2025-09-27T01:37:59.987Z,59.4,21.1,1.898,49.6,0,60.1,0,0,0,0,0,0,0,0,66
2025-09-27T01:38:00.985Z,59.4,21.1,1.898,50.4,0,60.1,0,0,0,0,0,0,0,0,66
2025-09-27T01:38:01.990Z,59.4,21.1,1.899,49.6,0,60.1,0,0,0,0,0,0,0,0,66
2025-09-27T01:38:02.990Z,59.4,21.1,1.898,50.4,0,60.1,0,0,0,0,0,0,0,0,66
2025-09-27T01:38:03.989Z,59.4,21.1,1.898,49.6,0,60.1,0,0,0,0,0,0,0,0,66
2025-09-27T01:38:04.992Z,59.4,21.1,1.898,50.4,0,60.1,0,0,0,0,0,0,0,0,66
2025-09-27T01:38:05.999Z,59.4,21.1,1.898,49.6,0,60.1,0,0,0,0,0,0,0,0,66
2025-09-27T01:38:06.993Z,59.4,21.1,1.898,50.4,0,60.1,0,0,0,0,0,0,0,0,66
2025-09-27T01:38:07.998Z,59.4,21.1,1.898,49.6,0,60.1,0,0,0,0,0,0,0,0,66
2025-09-27T01:38:08.995Z,59.4,21.1,1.898,50.4,0,60.1,0,0,0,0,0,0,0,0,66
2025-09-27T01:38:10.000Z,59.4,21.1,1.898,49.6,0,60.1,0,0,0,0,0,0,0,0,66
2025-09-27T01:38:11.001Z,59.4,21.1,1.899,50.4,0,60.1,0,0,0,0,0,0,0,0,66
2025-09-27T01:38:11.998Z,59.4,21.1,1.898,49.6,0,60.1,0,0,0,0,0,0,0,0,66
2025-09-27T01:38:13.000Z,59.4,21.1,1.898,50.4,0,60.1,0,0,0,0,0,0,0,0,66
2025-09-27T01:38:14.003Z,59.5,21.1,1.898,49.6,0,60.1,0,0,0,0,0,0,0,0,66
2025-09-27T01:38:14.998Z,59.4,21.1,1.898,50.4,0,60.1,0,0,0,0,0,0,0,0,66
2025-09-27T01:38:16.005Z,59.5,21.1,1.898,49.6,0,60.1,0,0,0,0,0,0,0,0,66
2025-09-27T01:38:17.004Z,59.5,21.1,1.898,50.4,0,60.1,0,0,0,0,0,0,0,0,66
2025-09-27T01:38:18.002Z,59.5,21.1,1.898,49.6,0,60.1,0,0,0,0,0,0,0,0,66
2025-09-27T01:38:19.001Z,59.5,21.1,1.898,50.4,0,60.1,0,0,0,0,0,0,0,0,66
2025-09-27T01:38:20.006Z,59.5,21.1,1.898,49.6,0,60.1,0,0,0,0,0,0,0,0,66
2025-09-27T01:38:21.003Z,59.5,21.1,1.898,50.4,0,60.1,0,0,0,0,0,0,0,0,66
2025-09-27T01:38:22.008Z,59.5,21.1,1.898,49.6,0,60.1,0,0,0,0,0,0,0,0,66
2025-09-27T01:38:23.008Z,59.5,21.1,1.898,50.4,0,60.1,0,0,0,0,0,0,0,0,66
2025-09-27T01:38:24.011Z,59.5,21.1,1.898,49.6,0,60.1,0,0,0,0,0,0,0,0,66
2025-09-27T01:38:25.012Z,59.5,21.1,1.898,50.4,0,60.1,0,0,0,0,0,0,0,0,66
2025-09-27T01:38:26.010Z,59.5,21.1,1.898,49.6,0,60.1,0,0,0,0,0,0,0,0,66
2025-09-27T01:38:27.012Z,59.5,21.1,1.898,49.6,0,60.1,0,0,0,0,0,0,0,0,66
2025-09-27T01:38:28.018Z,59.5,21.1,1.898,50.4,0,60.1,0,0,0,0,0,0,0,0,66
2025-09-27T01:38:29.015Z,59.5,21.1,1.898,49.6,0,60.1,0,0,0,0,0,0,0,0,66
2025-09-27T01:38:30.011Z,59.5,21.1,1.898,50.4,0,60.1,0,0,0,0,0,0,0,0,66
2025-09-27T01:38:31.016Z,59.5,21.1,1.898,49.6,0,60.1,0,0,0,0,0,0,0,0,66
2025-09-27T01:38:32.024Z,59.5,21.1,1.898,50.4,0,60.1,0,0,0,0,0,0,0,0,66
2025-09-27T01:38:33.022Z,59.5,21.1,1.898,49.6,0,60.1,0,0,0,0,0,0,0,0,66
2025-09-27T01:38:34.023Z,59.5,21.1,1.898,50.4,0,60.1,0,0,0,0,0,0,0,0,66
2025-09-27T01:38:35.027Z,59.5,21.1,1.898,49.6,0,60.1,0,0,0,0,0,0,0,0,66
2025-09-27T01:38:36.020Z,59.5,21.1,1.898,50.4,0,60.1,0,0,0,0,0,0,0,0,66
2025-09-27T01:38:37.029Z,59.5,21.1,1.898,49.6,0,60.1,0,0,0,0,0,0,0,0,66
2025-09-27T01:38:38.026Z,59.5,21.1,1.898,50.4,0,60.1,0,0,0,0,0,0,0,0,66
2025-09-27T01:38:39.025Z,59.5,21.1,1.898,49.6,0,60.1,0,0,0,0,0,0,0,0,66
2025-09-27T01:38:40.026Z,59.5,21.1,1.898,50.4,0,60.1,0,0,0,0,0,0,0,0,66
2025-09-27T01:38:41.029Z,59.5,21.1,1.898,49.6,0,60.1,0,0,0,0,0,0,0,0,66
2025-09-27T01:38:42.032Z,59.5,21.1,1.898,50.4,0,60.1,0,0,0,0,0,0,0,0,66
2025-09-27T01:38:43.029Z,59.5,21.1,1.898,49.6,0,60.1,0,0,0,0,0,0,0,0,66
2025-09-27T01:38:44.028Z,59.5,21.1,1.898,50.4,0,60.1,0,0,0,0,0,0,0,0,66
2025-09-27T01:38:45.032Z,59.5,21.1,1.898,49.6,0,60.1,0,0,0,0,0,0,0,0,66
2025-09-27T01:38:46.032Z,59.5,21.1,1.897,50.4,0,60.1,0,0,0,0,0,0,0,0,66
2025-09-27T01:38:47.031Z,59.5,21.1,1.897,49.6,0,60.1,0,0,0,0,0,0,0,0,66
2025-09-27T01:38:48.033Z,59.5,21.1,1.896,50.4,0,60.1,0,0,0,0,0,0,0,0,66
2025-09-27T01:38:49.036Z,59.5,21.1,1.896,49.6,0,60.1,0,0,0,0,0,0,0,0,66
2025-09-27T01:38:50.034Z,59.5,21.1,1.897,50.4,0,60.1,0,0,0,0,0,0,0,0,66
2025-09-27T01:38:51.033Z,59.5,21.1,1.897,49.6,0,60.1,0,0,0,0,0,0,0,0,66
2025-09-27T01:38:52.036Z,59.5,21.1,1.897,50.4,0,60.1,0,0,0,0,0,0,0,0,66
2025-09-27T01:38:53.037Z,59.5,21.1,1.897,49.6,0,60.1,0,0,0,0,0,0,0,0,66
2025-09-27T01:38:54.037Z,59.5,21.1,1.897,50.4,0,60.1,0,0,0,0,0,0,0,0,66
2025-09-27T01:38:55.046Z,59.5,21.1,1.896,49.6,0,60.1,0,0,0,0,0,0,0,0,66
2025-09-27T01:38:56.038Z,59.6,21.1,1.897,50.4,0,60.1,0,0,0,0,0,0,0,0,66
2025-09-27T01:38:57.043Z,59.6,21.1,1.897,49.6,0,60.1,0,0,0,0,0,0,0,0,66
2025-09-27T01:38:58.043Z,59.5,21.1,1.897,49.6,0,60.1,0,0,0,0,0,0,0,0,66
2025-09-27T01:38:59.036Z,59.6,21.1,1.897,50.4,0,60.1,0,0,0,0,0,0,0,0,66
2025-09-27T01:39:00.042Z,59.6,21.1,1.897,49.6,0,60.1,0,0,0,0,0,0,0,0,66
2025-09-27T01:39:01.044Z,59.6,21.1,1.897,50.4,0,60.1,0,0,0,0,0,0,0,0,66
2025-09-27T01:39:02.049Z,59.6,21.1,1.896,49.6,0,60.1,0,0,0,0,0,0,0,0,66
2025-09-27T01:39:03.052Z,59.6,21.1,1.896,49.6,0,60.1,0,0,0,0,0,0,0,0,66
2025-09-27T01:39:04.047Z,59.6,21.1,1.897,50.4,0,60.1,0,0,0,0,0,0,0,0,66
2025-09-27T01:39:05.054Z,59.6,21.1,1.896,49.6,0,60.1,0,0,0,0,0,0,0,0,66
2025-09-27T01:39:06.050Z,59.6,21.1,1.897,50.4,0,60.1,0,0,0,0,0,0,0,0,66
2025-09-27T01:39:07.053Z,59.6,21.1,1.897,49.6,0,60.1,0,0,0,0,0,0,0,0,66
2025-09-27T01:39:08.053Z,59.6,21.1,1.897,50.4,0,60.1,0,0,0,0,0,0,0,0,66
2025-09-27T01:39:09.052Z,59.6,21.1,1.897,49.6,0,60.1,0,0,0,0,0,0,0,0,66
2025-09-27T01:39:10.054Z,59.6,21.1,1.897,50.4,0,60.1,0,0,0,0,0,0,0,0,66
2025-09-27T01:39:11.051Z,59.6,21.1,1.897,49.6,0,60.1,0,0,0,0,0,0,0,0,66
2025-09-27T01:39:12.055Z,59.6,21.1,1.897,50.4,0,60.1,0,0,0,0,0,0,0,0,66
2025-09-27T01:39:13.054Z,59.6,21.1,1.897,49.6,0,60.1,0,0,0,0,0,0,0,0,66
2025-09-27T01:39:14.057Z,59.6,21.1,1.897,50.4,0,60.1,0,0,0,0,0,0,0,0,66
2025-09-27T01:39:15.056Z,59.6,21.1,1.897,49.6,0,60.1,0,0,0,0,0,0,0,0,66
2025-09-27T01:39:16.058Z,59.6,21.1,1.897,50.4,0,60.1,0,0,0,0,0,0,0,0,66
2025-09-27T01:39:17.060Z,59.6,21.1,1.897,49.6,0,60.1,0,0,0,0,0,0,0,0,66
2025-09-27T01:39:18.057Z,59.6,21.1,1.897,50.4,0,60.1,0,0,0,0,0,0,0,0,66
2025-09-27T01:39:19.057Z,59.6,21.1,1.897,49.6,0,60.1,0,0,0,0,0,0,0,0,66
2025-09-27T01:39:20.059Z,59.6,21.1,1.897,50.4,0,60.1,0,0,0,0,0,0,0,0,66
2025-09-27T01:39:21.059Z,59.7,21.1,1.897,49.6,0,60.1,0,0,0,0,0,0,0,0,66
2025-09-27T01:39:22.059Z,59.7,21.1,1.897,50.4,0,60.1,0,0,0,0,0,0,0,0,66
2025-09-27T01:39:23.070Z,59.7,21.1,1.896,49.6,0,60.1,0,0,0,0,0,0,0,0,66
2025-09-27T01:39:24.063Z,59.7,21.1,1.897,49.6,0,60.1,0,0,0,0,0,0,0,0,66
2025-09-27T01:39:25.065Z,59.6,21.1,1.897,50.4,0,60.1,0,0,0,0,0,0,0,0,66
2025-09-27T01:39:26.063Z,59.7,21.1,1.896,50.4,0,60.1,0,0,0,0,0,0,0,0,66
2025-09-27T01:39:27.072Z,59.7,21.1,1.895,49.6,0,60.1,0,0,0,0,0,0,0,0,66
2025-09-27T01:39:28.064Z,59.7,21.1,1.897,49.6,0,60.1,0,0,0,0,0,0,0,0,66
2025-09-27T01:39:29.065Z,59.7,21.1,1.897,50.4,0,60.1,0,0,0,0,0,0,0,0,66
2025-09-27T01:39:30.066Z,59.7,21.1,1.896,49.6,0,60.1,0,0,0,0,0,0,0,0,66
2025-09-27T01:39:31.064Z,59.7,21.1,1.897,50.4,0,60.1,0,0,0,0,0,0,0,0,66
2025-09-27T01:39:32.070Z,59.7,21.1,1.897,49.6,0,60.1,0,0,0,0,0,0,0,0,66
2025-09-27T01:39:33.071Z,59.7,21.1,1.897,49.6,0,60.1,0,0,0,0,0,0,0,0,66
2025-09-27T01:39:34.070Z,59.7,21.1,1.896,49.6,0,60.1,0,0,0,0,0,0,0,0,66
2025-09-27T01:39:35.072Z,59.7,21.1,1.896,50.4,0,60.1,0,0,0,0,0,0,0,0,66
2025-09-27T01:39:36.072Z,59.7,21.1,1.897,49.6,0,60.1,0,0,0,0,0,0,0,0,66
2025-09-27T01:39:37.074Z,59.7,21.1,1.896,50.4,0,60.1,0,0,0,0,0,0,0,0,66
2025-09-27T01:39:38.076Z,59.7,21.1,1.897,49.6,0,60.1,0,0,0,0,0,0,0,0,66
2025-09-27T01:39:39.078Z,59.7,21.1,1.896,50.4,0,60.1,0,0,0,0,0,0,0,0,66
2025-09-27T01:39:40.077Z,59.7,21.1,1.897,49.6,0,60.1,0,0,0,0,0,0,0,0,66
2025-09-27T01:39:41.082Z,59.7,21.1,1.895,50.4,0,60.1,0,0,0,0,0,0,0,0,66
2025-09-27T01:39:42.081Z,59.7,21.1,1.895,49.6,0,60.1,0,0,0,0,0,0,0,0,66
2025-09-27T01:39:43.082Z,59.8,21.1,1.896,50.4,0,60.1,0,0,0,0,0,0,0,0,66
2025-09-27T01:39:44.080Z,59.8,21.1,1.896,49.6,0,60.1,0,0,0,0,0,0,0,0,66
2025-09-27T01:39:45.087Z,59.8,21.1,1.895,49.6,0,60.1,0,0,0,0,0,0,0,0,66
2025-09-27T01:39:46.085Z,59.8,21.1,1.896,50.4,0,60.1,0,0,0,0,0,0,0,0,66
2025-09-27T01:39:47.083Z,59.8,21.1,1.896,49.6,0,60.1,0,0,0,0,0,0,0,0,66
2025-09-27T01:39:48.084Z,59.8,21.1,1.896,49.6,0,60.1,0,0,0,0,0,0,0,0,66
2025-09-27T01:39:49.084Z,59.8,21.1,1.896,49.6,0,60.1,0,0,0,0,0,0,0,0,66
2025-09-27T01:39:50.086Z,59.8,21.1,1.896,50.4,0,60.1,0,0,0,0,0,0,0,0,66
2025-09-27T01:39:51.086Z,59.8,21.1,1.896,49.6,0,60.1,0,0,0,0,0,0,0,0,66
2025-09-27T01:39:52.085Z,59.8,21.1,1.895,50.4,0,60.1,0,0,0,0,0,0,0,0,66
2025-09-27T01:39:53.090Z,59.8,21.1,1.896,49.6,0,60.1,0,0,0,0,0,0,0,0,66
2025-09-27T01:39:54.089Z,59.8,21.1,1.896,50.4,0,60.1,0,0,0,0,0,0,0,0,66
2025-09-27T01:39:55.090Z,59.8,21.1,1.896,49.6,0,60.1,0,0,0,0,0,0,0,0,66
2025-09-27T01:39:56.092Z,59.8,21.1,1.896,50.4,0,60.1,0,0,0,0,0,0,0,0,66
2025-09-27T01:39:57.097Z,59.8,21.1,1.895,49.6,0,60.1,0,0,0,0,0,0,0,0,66
2025-09-27T01:39:58.100Z,59.8,21.1,1.895,50.4,0,60,0,0,0,0,0,0,0,0,66
2025-09-27T01:39:59.093Z,59.8,21.1,1.895,49.6,0,60.1,0,0,0,0,0,0,0,0,66
2025-09-27T01:40:00.096Z,59.8,21.1,1.895,50.4,0,60,0,0,0,0,0,0,0,0,66
2025-09-27T01:40:01.094Z,59.8,21.1,1.895,49.6,0,60.1,0,0,0,0,0,0,0,0,66
2025-09-27T01:40:02.100Z,59.9,21.1,1.895,50.4,0,60.1,0,0,0,0,0,0,0,0,66
2025-09-27T01:40:03.104Z,59.8,21.1,1.895,49.6,0,60.1,0,0,0,0,0,0,0,0,66
2025-09-27T01:40:04.103Z,59.9,21.1,1.895,50.4,0,60,0,0,0,0,0,0,0,0,66
2025-09-27T01:40:05.101Z,59.9,21.1,1.895,49.6,0,60,0,0,0,0,0,0,0,0,66
2025-09-27T01:40:06.104Z,59.9,21.1,1.895,50.4,0,60,0,0,0,0,0,0,0,0,66
2025-09-27T01:40:07.103Z,59.9,21.1,1.895,49.6,0,60.1,0,0,0,0,0,0,0,0,66
2025-09-27T01:40:08.104Z,59.9,21.1,1.895,49.6,0,60.1,0,0,0,0,0,0,0,0,66
2025-09-27T01:40:09.107Z,59.9,21.1,1.895,50.4,0,60.1,0,0,0,0,0,0,0,0,66
2025-09-27T01:40:10.104Z,59.9,21.1,1.895,49.6,0,60.1,0,0,0,0,0,0,0,0,66
2025-09-27T01:40:11.107Z,59.9,21.1,1.895,49.6,0,60,0,0,0,0,0,0,0,0,66
2025-09-27T01:40:12.107Z,59.9,21.1,1.895,49.6,0,60.1,0,0,0,0,0,0,0,0,66
2025-09-27T01:40:13.106Z,59.9,21.1,1.895,50.4,0,60,0,0,0,0,0,0,0,0,66
2025-09-27T01:40:14.109Z,59.9,21.1,1.895,49.6,0,60.1,0,0,0,0,0,0,0,0,66
2025-09-27T01:40:15.112Z,59.9,21.1,1.895,50.4,0,60.1,0,0,0,0,0,0,0,0,66
2025-09-27T01:40:16.113Z,59.9,21.1,1.895,49.6,0,60.1,0,0,0,0,0,0,0,0,66
2025-09-27T01:40:17.112Z,59.9,21.1,1.895,50.4,0,60.1,0,0,0,0,0,0,0,0,66
2025-09-27T01:40:18.108Z,59.9,21.1,1.895,49.6,0,60,0,0,0,0,0,0,0,0,66
2025-09-27T01:40:19.112Z,59.9,21.1,1.895,50.4,0,60,0,0,0,0,0,0,0,0,66
2025-09-27T01:40:20.109Z,60,21.1,1.895,49.6,0,60,0,0,0,0,0,0,0,0,66
2025-09-27T01:40:21.119Z,60,21.1,1.895,50.4,0,60.1,0,0,0,0,0,0,0,0,66
2025-09-27T01:40:22.114Z,60,21.1,1.895,49.6,0,60.1,0,0,0,0,0,0,0,0,66
2025-09-27T01:40:23.114Z,60,21.1,1.895,50.4,0,60.1,0,0,0,0,0,0,0,0,66
2025-09-27T01:40:24.112Z,60,21.1,1.895,49.6,0,60,0,0,0,0,0,0,0,0,66
2025-09-27T01:40:25.116Z,60,21.1,1.894,50.4,0,60,0,0,0,0,0,0,0,0,66
2025-09-27T01:40:26.115Z,60,21.1,1.895,49.6,0,60,0,0,0,0,0,0,0,0,66
2025-09-27T01:40:27.112Z,60,21.1,1.895,50.4,0,60,0,0,0,0,0,0,0,0,66
2025-09-27T01:40:28.119Z,60,21.1,1.895,49.6,0,60,0,0,0,0,0,0,0,0,66
2025-09-27T01:40:29.119Z,60,21.1,1.895,50.4,0,60,0,0,0,0,0,0,0,0,66
2025-09-27T01:40:30.120Z,60,21.1,1.895,49.6,0,60,0,0,0,0,0,0,0,0,66
2025-09-27T01:40:31.119Z,60,21.1,1.895,50.4,0,60,0,0,0,0,0,0,0,0,66
2025-09-27T01:40:32.124Z,60,21.1,1.894,49.6,0,60,0,0,0,0,0,0,0,0,66
2025-09-27T01:40:33.125Z,60,21.1,1.894,50.4,0,60,0,0,0,0,0,0,0,0,66
2025-09-27T01:40:34.127Z,60,21.1,1.894,50.4,0,60,0,0,0,0,0,0,0,0,66
2025-09-27T01:40:35.126Z,60,21.1,1.895,49.6,0,60,0,0,0,0,0,0,0,0,66
2025-09-27T01:40:36.125Z,60.1,21.1,1.895,49.6,0,60,0,0,0,0,0,0,0,0,66
2025-09-27T01:40:37.129Z,60.1,21.1,1.894,49.6,0,60,0,0,0,0,0,0,0,0,66
2025-09-27T01:40:38.125Z,60.1,21.1,1.895,50.4,0,60,0,0,0,0,0,0,0,0,66
2025-09-27T01:40:39.127Z,60.1,21.1,1.895,49.6,0,60,0,0,0,0,0,0,0,0,66
2025-09-27T01:40:40.130Z,60.1,21.1,1.895,50.4,0,60,0,0,0,0,0,0,0,0,66
2025-09-27T01:40:41.131Z,60.1,21.1,1.895,49.6,0,60,0,0,0,0,0,0,0,0,66
2025-09-27T01:40:42.129Z,60.1,21.1,1.895,50.4,0,60,0,0,0,0,0,0,0,0,66
2025-09-27T01:40:43.130Z,60.1,21.1,1.895,49.6,0,60,0,0,0,0,0,0,0,0,66
2025-09-27T01:40:44.132Z,60.1,21.1,1.895,50.4,0,60,0,0,0,0,0,0,0,0,66
2025-09-27T01:40:45.133Z,60.1,21.1,1.895,49.6,0,60,0,0,0,0,0,0,0,0,66
2025-09-27T01:40:46.138Z,60.1,21.1,1.895,50.4,0,60,0,0,0,0,0,0,0,0,66
2025-09-27T01:40:47.135Z,60.1,21.1,1.895,49.6,0,60,0,0,0,0,0,0,0,0,66
2025-09-27T01:40:48.134Z,60.1,21.1,1.894,50.4,0,60,0,0,0,0,0,0,0,0,66
2025-09-27T01:40:49.135Z,60.1,21.1,1.895,49.6,0,60,0,0,0,0,0,0,0,0,66
2025-09-27T01:40:50.138Z,60.1,21.1,1.894,50.4,0,60,0,0,0,0,0,0,0,0,66
2025-09-27T01:40:51.138Z,60.1,21.1,1.894,49.6,0,60,0,0,0,0,0,0,0,0,66
2025-09-27T01:40:52.140Z,60.1,21.1,1.894,50.4,0,60,0,0,0,0,0,0,0,0,66
2025-09-27T01:40:53.142Z,60.1,21.1,1.893,49.6,0,60,0,0,0,0,0,0,0,0,66
2025-09-27T01:40:54.144Z,60.2,21.1,1.894,50.4,0,60,0,0,0,0,0,0,0,0,66
2025-09-27T01:40:55.140Z,60.2,21.1,1.894,49.6,0,60,0,0,0,0,0,0,0,0,66
2025-09-27T01:40:56.142Z,60.2,21.1,1.894,49.6,0,60,0,0,0,0,0,0,0,0,66
2025-09-27T01:40:57.143Z,60.2,21.1,1.894,49.6,0,60,0,0,0,0,0,0,0,0,66
2025-09-27T01:40:58.142Z,60.2,21.1,1.894,50.4,0,60,0,0,0,0,0,0,0,0,66
2025-09-27T01:40:59.139Z,60.2,21.1,1.894,49.6,0,60,0,0,0,0,0,0,0,0,66
2025-09-27T01:41:00.145Z,60.2,21.1,1.894,50.4,0,60,0,0,0,0,0,0,0,0,66
2025-09-27T01:41:01.146Z,60.2,21.1,1.894,49.6,0,60,0,0,0,0,0,0,0,0,66
2025-09-27T01:41:02.146Z,60.2,21.1,1.894,50.4,0,60,0,0,0,0,0,0,0,0,66
2025-09-27T01:41:03.145Z,60.2,21.1,1.894,49.6,0,60,0,0,0,0,0,0,0,0,66
2025-09-27T01:41:04.147Z,60.2,21.1,1.894,50.4,0,60,0,0,0,0,0,0,0,0,66
2025-09-27T01:41:05.149Z,60.2,21.1,1.894,49.6,0,60,0,0,0,0,0,0,0,0,66
2025-09-27T01:41:06.152Z,60.2,21.1,1.894,50.4,0,60,0,0,0,0,0,0,0,0,66
2025-09-27T01:41:07.151Z,60.2,21.1,1.894,49.6,0,60,0,0,0,0,0,0,0,0,66
2025-09-27T01:41:08.156Z,60.2,21.1,1.894,50.4,0,60,0,0,0,0,0,0,0,0,66
2025-09-27T01:41:09.154Z,60.3,21.1,1.894,49.6,0,60,0,0,0,0,0,0,0,0,66
2025-09-27T01:41:10.155Z,60.3,21.1,1.894,50.4,0,60,0,0,0,0,0,0,0,0,66
2025-09-27T01:41:11.157Z,60.3,21.1,1.894,49.6,0,60,0,0,0,0,0,0,0,0,66
2025-09-27T01:41:12.152Z,60.3,21.1,1.894,50.4,0,60,0,0,0,0,0,0,0,0,66
2025-09-27T01:41:13.157Z,60.3,21.1,1.894,49.6,0,60,0,0,0,0,0,0,0,0,66
2025-09-27T01:41:14.161Z,60.3,21.1,1.894,50.4,0,60,0,0,0,0,0,0,0,0,66
2025-09-27T01:41:15.159Z,60.3,21.1,1.894,49.6,0,60,0,0,0,0,0,0,0,0,66
2025-09-27T01:41:16.157Z,60.3,21.1,1.894,50.4,0,60,0,0,0,0,0,0,0,0,66
2025-09-27T01:41:17.163Z,60.3,21.1,1.894,49.6,0,60,0,0,0,0,0,0,0,0,66
2025-09-27T01:41:18.165Z,60.3,21.1,1.893,50.4,0,60,0,0,0,0,0,0,0,0,66
2025-09-27T01:41:19.160Z,60.3,21.1,1.893,49.6,0,60,0,0,0,0,0,0,0,0,66
2025-09-27T01:41:20.162Z,60.3,21.1,1.894,49.6,0,60,0,0,0,0,0,0,0,0,66
2025-09-27T01:41:21.162Z,60.3,21.1,1.894,49.6,0,60,0,0,0,0,0,0,0,0,66
2025-09-27T01:41:22.167Z,60.3,21.1,1.893,50.4,0,60,0,0,0,0,0,0,0,0,66
2025-09-27T01:41:23.164Z,60.3,21.1,1.894,49.6,0,60,0,0,0,0,0,0,0,0,66
2025-09-27T01:41:24.160Z,60.4,21.1,1.894,49.6,0,60,0,0,0,0,0,0,0,0,66
2025-09-27T01:41:25.167Z,60.4,21.1,1.893,49.6,0,60,0,0,0,0,0,0,0,0,66
2025-09-27T01:41:26.168Z,60.4,21.1,1.893,50.4,0,60,0,0,0,0,0,0,0,0,66
2025-09-27T01:41:27.168Z,60.4,21.1,1.893,49.6,0,60,0,0,0,0,0,0,0,0,66
2025-09-27T01:41:28.171Z,60.4,21.1,1.893,49.6,0,60,0,0,0,0,0,0,0,0,66
2025-09-27T01:41:29.171Z,60.4,21.1,1.893,50.4,0,60,0,0,0,0,0,0,0,0,66
2025-09-27T01:41:30.171Z,60.4,21.1,1.894,49.6,0,60,0,0,0,0,0,0,0,0,66
2025-09-27T01:41:31.173Z,60.4,21.1,1.894,50.4,0,60,0,0,0,0,0,0,0,0,66
2025-09-27T01:41:32.174Z,60.4,21.1,1.893,50.4,0,60,0,0,0,0,0,0,0,0,66
2025-09-27T01:41:33.173Z,60.4,21.1,1.893,49.6,0,60,0,0,0,0,0,0,0,0,66
2025-09-27T01:41:34.174Z,60.4,21.1,1.893,50.4,0,60,0,0,0,0,0,0,0,0,66
2025-09-27T01:41:35.173Z,60.4,21.1,1.893,49.6,0,60,0,0,0,0,0,0,0,0,66
2025-09-27T01:41:36.177Z,60.4,21.1,1.893,50.4,0,60,0,0,0,0,0,0,0,0,66
2025-09-27T01:41:37.172Z,60.4,21.1,1.893,50.4,0,60,0,0,0,0,0,0,0,0,66
2025-09-27T01:41:38.179Z,60.4,21.1,1.893,49.6,0,60,0,0,0,0,0,0,0,0,66
2025-09-27T01:41:39.180Z,60.5,21.1,1.893,50.4,0,60,0,0,0,0,0,0,0,0,66
2025-09-27T01:41:40.181Z,60.5,21.1,1.893,49.6,0,60,0,0,0,0,0,0,0,0,66
2025-09-27T01:41:41.184Z,60.5,21.1,1.893,50.4,0,60,0,0,0,0,0,0,0,0,66
2025-09-27T01:41:42.184Z,60.5,21.1,1.893,49.6,0,60,0,0,0,0,0,0,0,0,66
2025-09-27T01:41:43.186Z,60.5,21.1,1.892,50.4,0,60,0,0,0,0,0,0,0,0,66
2025-09-27T01:41:44.184Z,60.5,21.1,1.893,49.6,0,60,0,0,0,0,0,0,0,0,66
2025-09-27T01:41:45.181Z,60.5,21.1,1.893,49.6,0,60,0,0,0,0,0,0,0,0,66
2025-09-27T01:41:46.188Z,60.5,21.1,1.893,49.6,0,60,0,0,0,0,0,0,0,0,66
2025-09-27T01:41:47.186Z,60.5,21.1,1.893,50.4,0,60,0,0,0,0,0,0,0,0,66
2025-09-27T01:41:48.186Z,60.5,21.1,1.893,49.6,0,60,0,0,0,0,0,0,0,0,66
2025-09-27T01:41:49.188Z,60.5,21.1,1.892,50.4,0,60,0,0,0,0,0,0,0,0,66
2025-09-27T01:41:50.188Z,60.5,21.1,1.892,49.6,0,60,0,0,0,0,0,0,0,0,66
2025-09-27T01:41:51.184Z,60.5,21.1,1.893,49.6,0,60,0,0,0,0,0,0,0,0,66
2025-09-27T01:41:52.191Z,60.5,21.1,1.892,50.4,0,60,0,0,0,0,0,0,0,0,66
2025-09-27T01:41:53.191Z,60.5,21.1,1.892,50.4,0,60,0,0,0,0,0,0,0,0,66
2025-09-27T01:41:54.196Z,60.5,21.1,1.892,49.6,0,60,0,0,0,0,0,0,0,0,66
2025-09-27T01:41:55.188Z,60.5,21.1,1.893,50.4,0,60,0,0,0,0,0,0,0,0,66
2025-09-27T01:41:56.187Z,60.6,21.1,1.893,49.6,0,60,0,0,0,0,0,0,0,0,66
2025-09-27T01:41:57.190Z,60.6,21.1,1.893,49.6,0,60,0,0,0,0,0,0,0,0,66
2025-09-27T01:41:58.192Z,60.6,21.1,1.893,49.6,0,60,0,0,0,0,0,0,0,0,66
2025-09-27T01:41:59.193Z,60.6,21.1,1.893,50.4,0,60,0,0,0,0,0,0,0,0,66
2025-09-27T01:42:00.192Z,60.6,21.1,1.893,49.6,0,60,0,0,0,0,0,0,0,0,66
2025-09-27T01:42:01.196Z,60.6,21.1,1.893,49.6,0,60,0,0,0,0,0,0,0,0,66
2025-09-27T01:42:02.195Z,60.6,21.1,1.893,50.4,0,60,0,0,0,0,0,0,0,0,66
2025-09-27T01:42:03.193Z,60.6,21.1,1.893,50.4,0,60,0,0,0,0,0,0,0,0,66
2025-09-27T01:42:04.200Z,60.6,21.1,1.893,49.6,0,60,0,0,0,0,0,0,0,0,66
2025-09-27T01:42:05.202Z,60.6,21.1,1.893,50.4,0,60,0,0,0,0,0,0,0,0,66
2025-09-27T01:42:06.198Z,60.6,21.1,1.893,49.6,0,60,0,0,0,0,0,0,0,0,66
2025-09-27T01:42:07.201Z,60.6,21.1,1.893,50.4,0,60,0,0,0,0,0,0,0,0,66
2025-09-27T01:42:08.199Z,60.6,21.1,1.893,49.6,0,60,0,0,0,0,0,0,0,0,66
2025-09-27T01:42:09.199Z,60.6,21.1,1.893,50.4,0,60,0,0,0,0,0,0,0,0,66
2025-09-27T01:42:10.204Z,60.6,21.1,1.893,49.6,0,60,0,0,0,0,0,0,0,0,66
2025-09-27T01:42:11.204Z,60.6,21.1,1.893,49.6,0,60,0,0,0,0,0,0,0,0,66
2025-09-27T01:42:12.204Z,60.6,21.1,1.893,50.4,0,60,0,0,0,0,0,0,0,0,66
2025-09-27T01:42:13.205Z,60.6,21.1,1.893,49.6,0,60,0,0,0,0,0,0,0,0,66
2025-09-27T01:42:14.207Z,60.7,21.1,1.893,49.6,0,60,0,0,0,0,0,0,0,0,66
2025-09-27T01:42:15.208Z,60.7,21.1,1.893,50.4,0,60,0,0,0,0,0,0,0,0,66
2025-09-27T01:42:16.210Z,60.7,21.1,1.893,49.6,0,60,0,0,0,0,0,0,0,0,66
2025-09-27T01:42:17.215Z,60.7,21.1,1.893,49.6,0,60,0,0,0,0,0,0,0,0,66
2025-09-27T01:42:18.213Z,60.7,21.1,1.893,50.4,0,60,0,0,0,0,0,0,0,0,66
2025-09-27T01:42:19.208Z,60.7,21.1,1.893,50.4,0,60,0,0,0,0,0,0,0,0,66
2025-09-27T01:42:20.212Z,60.7,21.1,1.893,49.6,0,60,0,0,0,0,0,0,0,0,66
2025-09-27T01:42:21.215Z,60.7,21.1,1.893,50.4,0,60,0,0,0,0,0,0,0,0,66
2025-09-27T01:42:22.218Z,60.7,21.1,1.892,49.6,0,60,0,0,0,0,0,0,0,0,66
2025-09-27T01:42:23.220Z,60.7,21.1,1.892,50.4,0,60,0,0,0,0,0,0,0,0,66
2025-09-27T01:42:24.214Z,60.7,21.1,1.893,49.6,0,60,0,0,0,0,0,0,0,0,66
2025-09-27T01:42:25.214Z,60.7,21.1,1.893,49.6,0,60,0,0,0,0,0,0,0,0,66
2025-09-27T01:42:26.216Z,60.7,21.1,1.893,50.4,0,60,0,0,0,0,0,0,0,0,66
2025-09-27T01:42:27.216Z,60.7,21.1,1.893,49.6,0,60,0,0,0,0,0,0,0,0,66
2025-09-27T01:42:28.219Z,60.7,21.1,1.893,49.6,0,60,0,0,0,0,0,0,0,0,66
2025-09-27T01:42:29.220Z,60.7,21.1,1.893,50.4,0,60,0,0,0,0,0,0,0,0,66
2025-09-27T01:42:30.223Z,60.7,21.1,1.893,49.6,0,60,0,0,0,0,0,0,0,0,66
2025-09-27T01:42:31.218Z,60.7,21.1,1.893,49.6,0,60,0,0,0,0,0,0,0,0,66
2025-09-27T01:42:32.221Z,60.8,21.1,1.893,50.4,0,60,0,0,0,0,0,0,0,0,66
2025-09-27T01:42:33.224Z,60.8,21.1,1.892,50.4,0,60,0,0,0,0,0,0,0,0,66
2025-09-27T01:42:34.225Z,60.8,21.1,1.893,49.6,0,60,0,0,0,0,0,0,0,0,66
2025-09-27T01:42:35.223Z,60.8,21.1,1.893,50.4,0,60,0,0,0,0,0,0,0,0,66
2025-09-27T01:42:36.227Z,60.8,21.1,1.893,50.4,0,60,0,0,0,0,0,0,0,0,66
2025-09-27T01:42:37.227Z,60.8,21.1,1.892,49.6,0,60,0,0,0,0,0,0,0,0,66
2025-09-27T01:42:38.229Z,60.8,21.1,1.893,49.6,0,60,0,0,0,0,0,0,0,0,66
2025-09-27T01:42:39.223Z,60.8,21.1,1.893,49.6,0,60,0,0,0,0,0,0,0,0,66
2025-09-27T01:42:40.229Z,60.8,21.1,1.893,50.4,0,60,0,0,0,0,0,0,0,0,66
2025-09-27T01:42:41.231Z,60.8,21.1,1.892,50.4,0,60,0,0,0,0,0,0,0,0,66
2025-09-27T01:42:42.234Z,60.8,21.1,1.892,49.6,0,60,0,0,0,0,0,0,0,0,66
2025-09-27T01:42:43.234Z,60.8,21.1,1.892,50.4,0,60,0,0,0,0,0,0,0,0,66
2025-09-27T01:42:44.236Z,60.8,21.1,1.893,49.6,0,60,0,0,0,0,0,0,0,0,66
2025-09-27T01:42:45.235Z,60.8,21.1,1.892,50.4,0,60,0,0,0,0,0,0,0,0,66
2025-09-27T01:42:46.236Z,60.8,21.1,1.892,50.4,0,60,0,0,0,0,0,0,0,0,66
2025-09-27T01:42:47.237Z,60.8,21.1,1.892,49.6,0,60,0,0,0,0,0,0,0,0,66
2025-09-27T01:42:48.235Z,60.8,21.1,1.892,50.4,0,60,0,0,0,0,0,0,0,0,66
2025-09-27T01:42:49.236Z,60.8,21.1,1.892,49.6,0,60,0,0,0,0,0,0,0,0,66
2025-09-27T01:42:50.233Z,60.8,21.1,1.892,50.4,0,60,0,0,0,0,0,0,0,0,66
2025-09-27T01:42:51.237Z,60.8,21.1,1.892,49.6,0,60,0,0,0,0,0,0,0,0,66
2025-09-27T01:42:52.239Z,60.8,21.1,1.892,49.6,0,60,0,0,0,0,0,0,0,0,66
2025-09-27T01:42:53.245Z,60.8,21.1,1.891,50.4,0,60,0,0,0,0,0,0,0,0,66
2025-09-27T01:42:54.244Z,60.8,21.1,1.892,49.6,0,60,0,0,0,0,0,0,0,0,66
2025-09-27T01:42:55.241Z,60.8,21.1,1.892,49.6,0,60,0,0,0,0,0,0,0,0,66
2025-09-27T01:42:56.244Z,60.8,21.1,1.892,50.4,0,60,0,0,0,0,0,0,0,0,66
2025-09-27T01:42:57.247Z,60.8,21.1,1.892,49.6,0,60,0,0,0,0,0,0,0,0,66
2025-09-27T01:42:58.248Z,60.8,21.1,1.892,50.4,0,60,0,0,0,0,0,0,0,0,66
2025-09-27T01:42:59.244Z,60.8,21.1,1.891,50.4,0,60,0,0,0,0,0,0,0,0,66
2025-09-27T01:43:00.250Z,60.8,21.1,1.892,49.6,0,60,0,0,0,0,0,0,0,0,66
2025-09-27T01:43:01.248Z,60.8,21.1,1.891,50.4,0,60,0,0,0,0,0,0,0,0,66
2025-09-27T01:43:02.252Z,60.8,21.1,1.891,49.6,0,60,0,0,0,0,0,0,0,0,66
2025-09-27T01:43:03.249Z,60.8,21.1,1.891,50.4,0,60,0,0,0,0,0,0,0,0,66
2025-09-27T01:43:04.251Z,60.8,21.1,1.892,50.4,0,60,0,0,0,0,0,0,0,0,66
2025-09-27T01:43:05.250Z,60.8,21.1,1.892,49.6,0,60,0,0,0,0,0,0,0,0,66
2025-09-27T01:43:06.254Z,60.8,21.1,1.891,49.6,0,60,0,0,0,0,0,0,0,0,66
2025-09-27T01:43:07.250Z,60.8,21.1,1.891,49.6,0,60,0,0,0,0,0,0,0,0,66
2025-09-27T01:43:08.250Z,60.9,21.1,1.891,50.4,0,60,0,0,0,0,0,0,0,0,66
2025-09-27T01:43:09.260Z,60.9,21.1,1.892,49.6,0,60,0,0,0,0,0,0,0,0,66
2025-09-27T01:43:10.256Z,60.9,21.1,1.891,49.6,0,60,0,0,0,0,0,0,0,0,66
2025-09-27T01:43:11.258Z,60.9,21.1,1.892,50.4,0,60,0,0,0,0,0,0,0,0,66
2025-09-27T01:43:12.261Z,60.9,21.1,1.891,49.6,0,60,0,0,0,0,0,0,0,0,66
2025-09-27T01:43:13.262Z,60.9,21.1,1.891,50.4,0,60,0,0,0,0,0,0,0,0,66
2025-09-27T01:43:14.263Z,60.9,21.1,1.892,50.4,0,60,0,0,0,0,0,0,0,0,66
2025-09-27T01:43:15.263Z,60.9,21.1,1.891,49.6,0,60,0,0,0,0,0,0,0,0,66
2025-09-27T01:43:16.265Z,60.9,21.1,1.89,50.4,0,60,0,0,0,0,0,0,0,0,66
2025-09-27T01:43:17.263Z,60.9,21.1,1.891,49.6,0,60,0,0,0,0,0,0,0,0,66
2025-09-27T01:43:18.268Z,60.9,21.1,1.89,50.4,0,60,0,0,0,0,0,0,0,0,66
2025-09-27T01:43:19.269Z,60.9,21.1,1.89,49.6,0,60,0,0,0,0,0,0,0,0,66
2025-09-27T01:43:20.265Z,60.9,21.1,1.891,50.4,0,60,0,0,0,0,0,0,0,0,66
2025-09-27T01:43:21.264Z,60.9,21.1,1.891,50.4,0,60,0,0,0,0,0,0,0,0,66
2025-09-27T01:43:22.268Z,60.9,21.1,1.891,49.6,0,60,0,0,0,0,0,0,0,0,66
2025-09-27T01:43:23.272Z,60.9,21.1,1.89,50.4,0,60,0,0,0,0,0,0,0,0,66
2025-09-27T01:43:24.268Z,60.9,21.1,1.891,49.6,0,60,0,0,0,0,0,0,0,0,66
2025-09-27T01:43:25.272Z,60.9,21.1,1.89,50.4,0,60,0,0,0,0,0,0,0,0,66
2025-09-27T01:43:26.268Z,60.9,21.1,1.891,49.6,0,60,0,0,0,0,0,0,0,0,66
2025-09-27T01:43:27.271Z,60.9,21.1,1.891,50.4,0,60,0,0,0,0,0,0,0,0,66
2025-09-27T01:43:28.277Z,60.9,21.1,1.89,49.6,0,60,0,0,0,0,0,0,0,0,66
2025-09-27T01:43:29.275Z,60.9,21.1,1.891,50.4,0,60,0,0,0,0,0,0,0,0,66
2025-09-27T01:43:30.275Z,60.9,21.1,1.891,49.6,0,60,0,0,0,0,0,0,0,0,66
2025-09-27T01:43:31.276Z,60.9,21.1,1.891,50.4,0,60,0,0,0,0,0,0,0,0,66
2025-09-27T01:43:32.277Z,60.9,21.1,1.891,49.6,0,60,0,0,0,0,0,0,0,0,66
2025-09-27T01:43:33.280Z,60.9,21.1,1.89,49.6,0,60,0,0,0,0,0,0,0,0,66
2025-09-27T01:43:34.277Z,60.9,21.1,1.891,49.6,0,60,0,0,0,0,0,0,0,0,66
2025-09-27T01:43:35.281Z,60.9,21.1,1.89,49.6,0,60,0,0,0,0,0,0,0,0,66
2025-09-27T01:43:36.282Z,60.9,21.1,1.891,50.4,0,60,0,0,0,0,0,0,0,0,66
2025-09-27T01:43:37.287Z,60.9,21.1,1.89,50.4,0,60,0,0,0,0,0,0,0,0,66
2025-09-27T01:43:38.284Z,60.9,21.1,1.89,49.6,0,60,0,0,0,0,0,0,0,0,66
2025-09-27T01:43:39.288Z,60.9,21.1,1.89,49.6,0,60,0,0,0,0,0,0,0,0,66
2025-09-27T01:43:40.290Z,60.9,21.1,1.89,49.6,0,60,0,0,0,0,0,0,0,0,66
2025-09-27T01:43:41.288Z,60.9,21.1,1.89,50.4,0,60,0,0,0,0,0,0,0,0,66
2025-09-27T01:43:42.288Z,60.9,21.1,1.89,49.6,0,60,0,0,0,0,0,0,0,0,66
2025-09-27T01:43:43.293Z,60.9,21.1,1.89,49.6,0,60,0,0,0,0,0,0,0,0,66
2025-09-27T01:43:44.288Z,60.9,21.1,1.891,50.4,0,60,0,0,0,0,0,0,0,0,66
2025-09-27T01:43:45.297Z,60.9,21.1,1.89,50.4,0,60,0,0,0,0,0,0,0,0,66
2025-09-27T01:43:46.294Z,60.9,21.1,1.89,49.6,0,60,0,0,0,0,0,0,0,0,66
2025-09-27T01:43:47.294Z,60.9,21.1,1.89,50.4,0,60,0,0,0,0,0,0,0,0,66
2025-09-27T01:43:48.291Z,60.9,21.1,1.89,49.6,0,60,0,0,0,0,0,0,0,0,66
2025-09-27T01:43:49.295Z,60.9,21.1,1.89,50.4,0,60,0,0,0,0,0,0,0,0,66
2025-09-27T01:43:50.297Z,60.9,21.1,1.89,49.6,0,60,0,0,0,0,0,0,0,0,66
2025-09-27T01:43:51.295Z,60.9,21.1,1.89,50.4,0,60,0,0,0,0,0,0,0,0,66
2025-09-27T01:43:52.294Z,60.9,21.1,1.891,50.4,0,60,0,0,0,0,0,0,0,0,66
2025-09-27T01:43:53.296Z,60.9,21.1,1.89,49.6,0,60,0,0,0,0,0,0,0,0,66
2025-09-27T01:43:54.296Z,60.9,21.1,1.891,50.4,0,60,0,0,0,0,0,0,0,0,66
2025-09-27T01:43:55.299Z,60.9,21.1,1.891,49.6,0,60,0,0,0,0,0,0,0,0,66
2025-09-27T01:43:56.299Z,60.9,21.1,1.891,50.4,0,60,0,0,0,0,0,0,0,0,66
2025-09-27T01:43:57.301Z,60.9,21.1,1.89,49.6,0,60,0,0,0,0,0,0,0,0,66
2025-09-27T01:43:58.306Z,60.9,21.1,1.89,50.4,0,60,0,0,0,0,0,0,0,0,66
2025-09-27T01:43:59.305Z,60.9,21.1,1.89,49.6,0,60,0,0,0,0,0,0,0,0,66
2025-09-27T01:44:00.302Z,60.9,21.1,1.891,50.4,0,60,0,0,0,0,0,0,0,0,66
2025-09-27T01:44:01.307Z,60.9,21.1,1.89,49.6,0,60,0,0,0,0,0,0,0,0,66
2025-09-27T01:44:02.311Z,60.9,21.1,1.89,50.4,0,60,0,0,0,0,0,0,0,0,66
2025-09-27T01:44:03.307Z,60.9,21.1,1.89,49.6,0,60,0,0,0,0,0,0,0,0,66
2025-09-27T01:44:04.309Z,60.9,21.1,1.89,49.6,0,60,0,0,0,0,0,0,0,0,66
2025-09-27T01:44:05.307Z,60.9,21.1,1.89,49.6,0,60,0,0,0,0,0,0,0,0,66
2025-09-27T01:44:06.312Z,60.9,21.1,1.89,49.6,0,60,0,0,0,0,0,0,0,0,66
2025-09-27T01:44:07.309Z,60.9,21.1,1.89,50.4,0,60,0,0,0,0,0,0,0,0,66
2025-09-27T01:44:08.315Z,60.9,21.1,1.89,50.4,0,60,0,0,0,0,0,0,0,0,66
2025-09-27T01:44:09.316Z,60.9,21.1,1.89,49.6,0,60,0,0,0,0,0,0,0,0,66
2025-09-27T01:44:10.313Z,60.9,21.1,1.89,50.4,0,60,0,0,0,0,0,0,0,0,66
2025-09-27T01:44:11.313Z,60.9,21.1,1.89,49.6,0,60,0,0,0,0,0,0,0,0,66
2025-09-27T01:44:12.315Z,60.9,21.1,1.891,50.4,0,60,0,0,0,0,0,0,0,0,66
2025-09-27T01:44:13.316Z,60.9,21.1,1.89,49.6,0,60,0,0,0,0,0,0,0,0,66
2025-09-27T01:44:14.325Z,60.9,21.1,1.89,50.4,0,60,0,0,0,0,0,0,0,0,66
2025-09-27T01:44:15.318Z,60.9,21.1,1.891,49.6,0,60,0,0,0,0,0,0,0,0,66
2025-09-27T01:44:16.320Z,60.9,21.1,1.89,49.6,0,60,0,0,0,0,0,0,0,0,66
2025-09-27T01:44:17.326Z,60.9,21.1,1.89,50.4,0,60,0,0,0,0,0,0,0,0,66
2025-09-27T01:44:18.321Z,60.9,21.1,1.89,49.6,0,60,0,0,0,0,0,0,0,0,66
2025-09-27T01:44:19.319Z,60.9,21.1,1.891,49.6,0,60,0,0,0,0,0,0,0,0,66
2025-09-27T01:44:20.316Z,60.9,21.1,1.891,50.4,0,60,0,0,0,0,0,0,0,0,66
2025-09-27T01:44:21.322Z,60.9,21.1,1.89,49.6,0,60,0,0,0,0,0,0,0,0,66
2025-09-27T01:44:22.322Z,60.9,21.1,1.89,50.4,0,60,0,0,0,0,0,0,0,0,66
2025-09-27T01:44:23.324Z,60.9,21.1,1.89,49.6,0,60,0,0,0,0,0,0,0,0,66
2025-09-27T01:44:24.321Z,60.9,21.1,1.891,49.6,0,60,0,0,0,0,0,0,0,0,66
2025-09-27T01:44:25.327Z,60.9,21.1,1.891,50.4,0,60,0,0,0,0,0,0,0,0,66
2025-09-27T01:44:26.324Z,60.9,21.1,1.891,50.4,0,60,0,0,0,0,0,0,0,0,66
2025-09-27T01:44:27.326Z,60.9,21.1,1.891,49.6,0,60,0,0,0,0,0,0,0,0,66
2025-09-27T01:44:28.328Z,60.9,21.1,1.89,50.4,0,60,0,0,0,0,0,0,0,0,66
2025-09-27T01:44:29.327Z,60.9,21.1,1.891,49.6,0,60,0,0,0,0,0,0,0,0,66
2025-09-27T01:44:30.330Z,60.9,21.1,1.891,50.4,0,60,0,0,0,0,0,0,0,0,66
2025-09-27T01:44:31.328Z,60.9,21.1,1.892,49.6,0,60,0,0,0,0,0,0,0,0,66
2025-09-27T01:44:32.330Z,60.9,21.1,1.891,50.4,0,60,0,0,0,0,0,0,0,0,66
2025-09-27T01:44:33.336Z,60.9,21.1,1.891,49.6,0,60,0,0,0,0,0,0,0,0,66
2025-09-27T01:44:34.333Z,60.9,21.1,1.891,50.4,0,60,0,0,0,0,0,0,0,0,66
2025-09-27T01:44:35.337Z,60.9,21.1,1.891,50.4,0,60,0,0,0,0,0,0,0,0,66
2025-09-27T01:44:36.337Z,60.9,21.1,1.891,49.6,0,60,0,0,0,0,0,0,0,0,66
2025-09-27T01:44:37.335Z,60.9,21.1,1.891,50.4,0,60,0,0,0,0,0,0,0,0,66
2025-09-27T01:44:38.338Z,60.8,21.1,1.891,49.6,0,60,0,0,0,0,0,0,0,0,66
2025-09-27T01:44:39.338Z,60.8,21.1,1.891,50.4,0,60,0,0,0,0,0,0,0,0,66
2025-09-27T01:44:40.339Z,60.8,21.1,1.891,49.6,0,60,0,0,0,0,0,0,0,0,66
2025-09-27T01:44:41.346Z,60.8,21.1,1.891,50.4,0,60,0,0,0,0,0,0,0,0,66
2025-09-27T01:44:42.340Z,60.8,21.1,1.891,49.6,0,60,0,0,0,0,0,0,0,0,66
2025-09-27T01:44:43.341Z,60.8,21.1,1.892,50.4,0,60,0,0,0,0,0,0,0,0,66
2025-09-27T01:44:44.342Z,60.8,21.1,1.892,49.6,0,60,0,0,0,0,0,0,0,0,66
2025-09-27T01:44:45.347Z,60.8,21.1,1.892,50.4,0,60,0,0,0,0,0,0,0,0,66
2025-09-27T01:44:46.347Z,60.8,21.1,1.892,49.6,0,60,0,0,0,0,0,0,0,0,66
2025-09-27T01:44:47.349Z,60.8,21.1,1.891,50.4,0,60,0,0,0,0,0,0,0,0,66
2025-09-27T01:44:48.345Z,60.8,21.1,1.892,49.6,0,60,0,0,0,0,0,0,0,0,66
2025-09-27T01:44:49.351Z,60.8,21.1,1.891,50.4,0,60,0,0,0,0,0,0,0,0,66
2025-09-27T01:44:50.345Z,60.8,21.1,1.893,49.6,0,60,0,0,0,0,0,0,0,0,66
2025-09-27T01:44:51.350Z,60.8,21.1,1.892,50.4,0,60,0,0,0,0,0,0,0,0,66
2025-09-27T01:44:52.350Z,60.8,21.1,1.891,49.6,0,59.9,0,0,0,0,0,0,0,0,66
2025-09-27T01:44:53.353Z,60.8,21.1,1.892,50.4,0,60,0,0,0,0,0,0,0,0,66
2025-09-27T01:44:54.353Z,60.8,21.1,1.892,49.6,0,60,0,0,0,0,0,0,0,0,66
2025-09-27T01:44:55.360Z,60.8,21.1,1.892,50.4,0,60,0,0,0,0,0,0,0,0,66
2025-09-27T01:44:56.352Z,60.8,21.1,1.892,49.6,0,60,0,0,0,0,0,0,0,0,66
2025-09-27T01:44:57.353Z,60.8,21.1,1.892,50.4,0,59.9,0,0,0,0,0,0,0,0,66
2025-09-27T01:44:58.355Z,60.8,21.1,1.892,49.6,0,60,0,0,0,0,0,0,0,0,66
2025-09-27T01:44:59.362Z,60.8,21.1,1.892,50.4,0,59.9,0,0,0,0,0,0,0,0,66
2025-09-27T01:45:00.361Z,60.8,21.1,1.892,49.6,0,59.9,0,0,0,0,0,0,0,0,66
2025-09-27T01:45:01.363Z,60.8,21.1,1.892,49.6,0,59.9,0,0,0,0,0,0,0,0,66
2025-09-27T01:45:02.361Z,60.8,21.1,1.892,49.6,0,59.9,0,0,0,0,0,0,0,0,66
2025-09-27T01:45:03.360Z,60.8,21.1,1.892,49.6,0,59.9,0,0,0,0,0,0,0,0,66
2025-09-27T01:45:04.363Z,60.7,21.1,1.892,50.4,0,59.9,0,0,0,0,0,0,0,0,66
2025-09-27T01:45:05.365Z,60.7,21.1,1.892,49.6,0,59.9,0,0,0,0,0,0,0,0,66
2025-09-27T01:45:06.368Z,60.7,21.1,1.892,50.4,0,59.9,0,0,0,0,0,0,0,0,66
2025-09-27T01:45:07.363Z,60.7,21.1,1.892,49.6,0,59.9,0,0,0,0,0,0,0,0,66
2025-09-27T01:45:08.374Z,60.7,21.1,1.892,49.6,0,59.9,0,0,0,0,0,0,0,0,66
2025-09-27T01:45:09.371Z,60.7,21.1,1.892,50.4,0,59.9,0,0,0,0,0,0,0,0,66
2025-09-27T01:45:10.376Z,60.7,21.1,1.892,49.6,0,59.9,0,0,0,0,0,0,0,0,66
2025-09-27T01:45:11.367Z,60.7,21.1,1.892,50.4,0,59.9,0,0,0,0,0,0,0,0,66
2025-09-27T01:45:12.376Z,60.7,21.1,1.892,49.6,0,59.9,0,0,0,0,0,0,0,0,66
2025-09-27T01:45:13.371Z,60.7,21.1,1.892,49.6,0,59.9,0,0,0,0,0,0,0,0,66
2025-09-27T01:45:14.373Z,60.7,21.1,1.892,50.4,0,59.9,0,0,0,0,0,0,0,0,66
2025-09-27T01:45:15.374Z,60.7,21.1,1.892,49.6,0,59.9,0,0,0,0,0,0,0,0,66
2025-09-27T01:45:16.372Z,60.7,21.1,1.892,50.4,0,59.9,0,0,0,0,0,0,0,0,66
2025-09-27T01:45:17.373Z,60.7,21.1,1.892,50.4,0,59.9,0,0,0,0,0,0,0,0,66
2025-09-27T01:45:18.372Z,60.7,21.1,1.892,49.6,0,59.9,0,0,0,0,0,0,0,0,66
2025-09-27T01:45:19.372Z,60.7,21.1,1.892,50.4,0,59.9,0,0,0,0,0,0,0,0,66
2025-09-27T01:45:20.374Z,60.7,21.1,1.892,49.6,0,59.9,0,0,0,0,0,0,0,0,66
2025-09-27T01:45:21.377Z,60.7,21.1,1.892,50.4,0,59.9,0,0,0,0,0,0,0,0,66
2025-09-27T01:45:22.379Z,60.7,21.1,1.892,49.6,0,59.9,0,0,0,0,0,0,0,0,66
2025-09-27T01:45:23.378Z,60.6,21.1,1.892,49.6,0,59.9,0,0,0,0,0,0,0,0,66
2025-09-27T01:45:24.376Z,60.6,21.1,1.892,50.4,0,59.9,0,0,0,0,0,0,0,0,66
2025-09-27T01:45:25.380Z,60.6,21.1,1.892,49.6,0,59.9,0,0,0,0,0,0,0,0,66
2025-09-27T01:45:26.377Z,60.6,21.1,1.892,50.4,0,59.9,0,0,0,0,0,0,0,0,66
2025-09-27T01:45:27.380Z,60.6,21.1,1.892,49.6,0,59.9,0,0,0,0,0,0,0,0,66
2025-09-27T01:45:28.379Z,60.6,21.1,1.892,50.4,0,59.9,0,0,0,0,0,0,0,0,66
2025-09-27T01:45:29.384Z,60.6,21.1,1.892,50.4,0,59.9,0,0,0,0,0,0,0,0,66
2025-09-27T01:45:30.387Z,60.6,21.1,1.892,49.6,0,59.9,0,0,0,0,0,0,0,0,66
2025-09-27T01:45:31.385Z,60.6,21.1,1.892,49.6,0,59.9,0,0,0,0,0,0,0,0,66
2025-09-27T01:45:32.383Z,60.6,21.1,1.892,49.6,0,59.9,0,0,0,0,0,0,0,0,66
2025-09-27T01:45:33.387Z,60.6,21.1,1.892,50.4,0,59.9,0,0,0,0,0,0,0,0,66
2025-09-27T01:45:34.389Z,60.6,21.1,1.892,49.6,0,59.9,0,0,0,0,0,0,0,0,66
2025-09-27T01:45:35.393Z,60.6,21.1,1.892,49.6,0,59.9,0,0,0,0,0,0,0,0,66
2025-09-27T01:45:36.390Z,60.6,21.1,1.893,50.4,0,59.9,0,0,0,0,0,0,0,0,66
2025-09-27T01:45:37.390Z,60.6,21.1,1.892,50.4,0,59.9,0,0,0,0,0,0,0,0,66
2025-09-27T01:45:38.393Z,60.6,21.1,1.892,49.6,0,59.9,0,0,0,0,0,0,0,0,66
2025-09-27T01:45:39.394Z,60.6,21.1,1.893,49.6,0,59.9,0,0,0,0,0,0,0,0,66
2025-09-27T01:45:40.392Z,60.6,21.1,1.893,49.6,0,59.9,0,0,0,0,0,0,0,0,66
2025-09-27T01:45:41.395Z,60.6,21.1,1.892,50.4,0,59.9,0,0,0,0,0,0,0,0,66
2025-09-27T01:45:42.399Z,60.6,21.1,1.893,50.4,0,59.9,0,0,0,0,0,0,0,0,66
2025-09-27T01:45:43.393Z,60.6,21.1,1.893,49.6,0,59.9,0,0,0,0,0,0,0,0,66
2025-09-27T01:45:44.398Z,60.5,21.1,1.893,50.4,0,59.9,0,0,0,0,0,0,0,0,66
2025-09-27T01:45:45.395Z,60.5,21.1,1.893,49.6,0,59.9,0,0,0,0,0,0,0,0,66
2025-09-27T01:45:46.400Z,60.5,21.1,1.893,50.4,0,59.9,0,0,0,0,0,0,0,0,66
2025-09-27T01:45:47.400Z,60.5,21.1,1.893,50.4,0,59.9,0,0,0,0,0,0,0,0,66
2025-09-27T01:45:48.404Z,60.5,21.1,1.893,49.6,0,59.9,0,0,0,0,0,0,0,0,66
2025-09-27T01:45:49.399Z,60.5,21.1,1.893,50.4,0,59.9,0,0,0,0,0,0,0,0,66
2025-09-27T01:45:50.408Z,60.5,21.1,1.893,49.6,0,59.9,0,0,0,0,0,0,0,0,66
2025-09-27T01:45:51.404Z,60.5,21.1,1.893,50.4,0,59.9,0,0,0,0,0,0,0,0,66
2025-09-27T01:45:52.404Z,60.5,21.1,1.893,49.6,0,59.9,0,0,0,0,0,0,0,0,66
2025-09-27T01:45:53.405Z,60.5,21.1,1.893,50.4,0,59.9,0,0,0,0,0,0,0,0,66
2025-09-27T01:45:54.407Z,60.5,21.1,1.893,49.6,0,59.9,0,0,0,0,0,0,0,0,66
2025-09-27T01:45:55.410Z,60.5,21.1,1.893,50.4,0,59.9,0,0,0,0,0,0,0,0,66
2025-09-27T01:45:56.414Z,60.5,21.1,1.893,49.6,0,60,0,0,0,0,0,0,0,0,66
2025-09-27T01:45:57.411Z,60.5,21.1,1.893,50.4,0,60,0,0,0,0,0,0,0,0,66
2025-09-27T01:45:58.411Z,60.5,21.1,1.893,49.6,0,59.9,0,0,0,0,0,0,0,0,66
2025-09-27T01:45:59.411Z,60.5,21.1,1.893,50.4,0,59.9,0,0,0,0,0,0,0,0,66
2025-09-27T01:46:00.414Z,60.5,21.1,1.893,49.6,0,59.9,0,0,0,0,0,0,0,0,66
2025-09-27T01:46:01.419Z,60.5,21.1,1.893,50.4,0,59.9,0,0,0,0,0,0,0,0,66
2025-09-27T01:46:02.414Z,60.5,21.1,1.893,49.6,0,59.9,0,0,0,0,0,0,0,0,66
2025-09-27T01:46:03.416Z,60.5,21.1,1.893,49.6,0,59.9,0,0,0,0,0,0,0,0,66
2025-09-27T01:46:04.417Z,60.4,21.1,1.893,49.6,0,59.9,0,0,0,0,0,0,0,0,66
2025-09-27T01:46:05.421Z,60.4,21.1,1.893,50.4,0,59.9,0,0,0,0,0,0,0,0,66
2025-09-27T01:46:06.425Z,60.4,21.1,1.893,49.6,0,59.9,0,0,0,0,0,0,0,0,66
2025-09-27T01:46:07.421Z,60.4,21.1,1.893,49.6,0,59.9,0,0,0,0,0,0,0,0,66
2025-09-27T01:46:08.421Z,60.4,21.1,1.893,50.4,0,59.9,0,0,0,0,0,0,0,0,66
2025-09-27T01:46:09.427Z,60.4,21.1,1.893,50.4,0,59.9,0,0,0,0,0,0,0,0,66
2025-09-27T01:46:10.424Z,60.4,21.1,1.893,49.6,0,59.9,0,0,0,0,0,0,0,0,66
2025-09-27T01:46:11.427Z,60.4,21.1,1.893,49.6,0,60,0,0,0,0,0,0,0,0,66
2025-09-27T01:46:12.426Z,60.4,21.1,1.893,49.6,0,59.9,0,0,0,0,0,0,0,0,66
2025-09-27T01:46:13.428Z,60.4,21.1,1.893,50.4,0,59.9,0,0,0,0,0,0,0,0,66
2025-09-27T01:46:14.430Z,60.4,21.1,1.893,50.4,0,59.9,0,0,0,0,0,0,0,0,66
2025-09-27T01:46:15.424Z,60.4,21.1,1.893,49.6,0,59.9,0,0,0,0,0,0,0,0,66
2025-09-27T01:46:16.431Z,60.4,21.1,1.893,50.4,0,59.9,0,0,0,0,0,0,0,0,66
2025-09-27T01:46:17.431Z,60.4,21.1,1.893,49.6,0,59.9,0,0,0,0,0,0,0,0,66
2025-09-27T01:46:18.431Z,60.4,21.1,1.894,50.4,0,59.9,0,0,0,0,0,0,0,0,66
2025-09-27T01:46:19.437Z,60.4,21.1,1.894,49.6,0,60,0,0,0,0,0,0,0,0,66
2025-09-27T01:46:20.430Z,60.4,21.1,1.893,49.6,0,60,0,0,0,0,0,0,0,0,66
2025-09-27T01:46:21.434Z,60.4,21.1,1.894,50.4,0,60,0,0,0,0,0,0,0,0,66
2025-09-27T01:46:22.433Z,60.4,21.1,1.893,49.6,0,60,0,0,0,0,0,0,0,0,66
2025-09-27T01:46:23.432Z,60.4,21.1,1.893,49.6,0,60,0,0,0,0,0,0,0,0,66
2025-09-27T01:46:24.434Z,60.4,21.1,1.893,50.4,0,60,0,0,0,0,0,0,0,0,66
2025-09-27T01:46:25.437Z,60.4,21.1,1.894,49.6,0,60,0,0,0,0,0,0,0,0,66
2025-09-27T01:46:26.437Z,60.4,21.1,1.894,50.4,0,60,0,0,0,0,0,0,0,0,66
2025-09-27T01:46:27.435Z,60.3,21.1,1.893,50.4,0,60,0,0,0,0,0,0,0,0,66
2025-09-27T01:46:28.439Z,60.3,21.1,1.894,49.6,0,59.9,0,0,0,0,0,0,0,0,66
2025-09-27T01:46:29.439Z,60.3,21.1,1.893,50.4,0,60,0,0,0,0,0,0,0,0,66
2025-09-27T01:46:30.440Z,60.3,21.1,1.893,49.6,0,60,0,0,0,0,0,0,0,0,66
2025-09-27T01:46:31.444Z,60.3,21.1,1.894,50.4,0,60,0,0,0,0,0,0,0,0,66
2025-09-27T01:46:32.442Z,60.3,21.1,1.894,49.6,0,60,0,0,0,0,0,0,0,0,66
2025-09-27T01:46:33.445Z,60.3,21.1,1.894,49.6,0,60,0,0,0,0,0,0,0,0,66
2025-09-27T01:46:34.442Z,60.3,21.1,1.893,50.4,0,60,0,0,0,0,0,0,0,0,66
2025-09-27T01:46:35.446Z,60.3,21.1,1.894,49.6,0,60,0,0,0,0,0,0,0,0,66
2025-09-27T01:46:36.446Z,60.3,21.1,1.894,50.4,0,60,0,0,0,0,0,0,0,0,66
2025-09-27T01:46:37.449Z,60.3,21.1,1.894,50.4,0,60,0,0,0,0,0,0,0,0,66
2025-09-27T01:46:38.451Z,60.3,21.1,1.894,49.6,0,60,0,0,0,0,0,0,0,0,66
2025-09-27T01:46:39.448Z,60.3,21.1,1.894,49.6,0,60,0,0,0,0,0,0,0,0,66
2025-09-27T01:46:40.450Z,60.3,21.1,1.894,49.6,0,60,0,0,0,0,0,0,0,0,66
2025-09-27T01:46:41.452Z,60.3,21.1,1.894,50.4,0,60,0,0,0,0,0,0,0,0,66
2025-09-27T01:46:42.453Z,60.3,21.1,1.894,50.4,0,60,0,0,0,0,0,0,0,0,66
2025-09-27T01:46:43.454Z,60.3,21.1,1.894,49.6,0,60,0,0,0,0,0,0,0,0,66
2025-09-27T01:46:44.455Z,60.3,21.1,1.894,50.4,0,60,0,0,0,0,0,0,0,0,66
2025-09-27T01:46:45.455Z,60.3,21.1,1.895,49.6,0,60,0,0,0,0,0,0,0,0,66
2025-09-27T01:46:46.461Z,60.2,21.1,1.895,50.4,0,60,0,0,0,0,0,0,0,0,66
2025-09-27T01:46:47.456Z,60.2,21.1,1.895,49.6,0,60,0,0,0,0,0,0,0,0,66
2025-09-27T01:46:48.457Z,60.2,21.1,1.895,50.4,0,60,0,0,0,0,0,0,0,0,66
2025-09-27T01:46:49.459Z,60.2,21.1,1.895,49.6,0,60,0,0,0,0,0,0,0,0,66
2025-09-27T01:46:50.456Z,60.2,21.1,1.895,49.6,0,60,0,0,0,0,0,0,0,0,66
2025-09-27T01:46:51.458Z,60.2,21.1,1.895,50.4,0,60,0,0,0,0,0,0,0,0,66
2025-09-27T01:46:52.461Z,60.2,21.1,1.895,49.6,0,60,0,0,0,0,0,0,0,0,66
2025-09-27T01:46:53.461Z,60.2,21.1,1.895,49.6,0,60,0,0,0,0,0,0,0,0,66
2025-09-27T01:46:54.461Z,60.2,21.1,1.895,50.4,0,60,0,0,0,0,0,0,0,0,66
2025-09-27T01:46:55.462Z,60.2,21.1,1.895,49.6,0,60,0,0,0,0,0,0,0,0,66
2025-09-27T01:46:56.463Z,60.2,21.1,1.895,50.4,0,60,0,0,0,0,0,0,0,0,66
2025-09-27T01:46:57.464Z,60.2,21.1,1.895,50.4,0,60,0,0,0,0,0,0,0,0,66
2025-09-27T01:46:58.465Z,60.2,21.1,1.895,49.6,0,60,0,0,0,0,0,0,0,0,66
2025-09-27T01:46:59.466Z,60.2,21.1,1.895,49.6,0,60,0,0,0,0,0,0,0,0,66
2025-09-27T01:47:00.469Z,60.2,21.1,1.895,49.6,0,60,0,0,0,0,0,0,0,0,66
2025-09-27T01:47:01.469Z,60.2,21.1,1.895,50.4,0,60,0,0,0,0,0,0,0,0,66
2025-09-27T01:47:02.469Z,60.2,21.1,1.895,50.4,0,60,0,0,0,0,0,0,0,0,66
2025-09-27T01:47:03.473Z,60.2,21.1,1.895,49.6,0,60,0,0,0,0,0,0,0,0,66
2025-09-27T01:47:04.473Z,60.2,21.1,1.895,50.4,0,60,0,0,0,0,0,0,0,0,66
2025-09-27T01:47:05.473Z,60.2,21.1,1.895,49.6,0,60,0,0,0,0,0,0,0,0,66
2025-09-27T01:47:06.478Z,60.2,21.1,1.895,50.4,0,60,0,0,0,0,0,0,0,0,66
2025-09-27T01:47:07.473Z,60.1,21.1,1.895,50.4,0,60,0,0,0,0,0,0,0,0,66
2025-09-27T01:47:08.481Z,60.1,21.1,1.895,49.6,0,60,0,0,0,0,0,0,0,0,66
2025-09-27T01:47:09.476Z,60.1,21.1,1.895,50.4,0,60,0,0,0,0,0,0,0,0,66
2025-09-27T01:47:10.478Z,60.1,21.1,1.895,49.6,0,60,0,0,0,0,0,0,0,0,66
2025-09-27T01:47:11.476Z,60.1,21.1,1.895,50.4,0,60,0,0,0,0,0,0,0,0,66
2025-09-27T01:47:12.477Z,60.1,21.1,1.895,49.6,0,60,0,0,0,0,0,0,0,0,66
2025-09-27T01:47:13.483Z,60.1,21.1,1.895,50.4,0,60,0,0,0,0,0,0,0,0,66
2025-09-27T01:47:14.485Z,60.1,21.1,1.895,49.6,0,60,0,0,0,0,0,0,0,0,66
2025-09-27T01:47:15.480Z,60.1,21.1,1.895,50.4,0,60,0,0,0,0,0,0,0,0,66
2025-09-27T01:47:16.483Z,60.1,21.1,1.895,49.6,0,60,0,0,0,0,0,0,0,0,66
2025-09-27T01:47:17.495Z,60.1,21.1,1.895,50.4,0,60,0,0,0,0,0,0,0,0,66
2025-09-27T01:47:18.485Z,60.1,21.1,1.895,49.6,0,60,0,0,0,0,0,0,0,0,66
2025-09-27T01:47:19.490Z,60.1,21.1,1.895,50.4,0,60,0,0,0,0,0,0,0,0,66
2025-09-27T01:47:20.487Z,60.1,21.1,1.895,49.6,0,60,0,0,0,0,0,0,0,0,66
2025-09-27T01:47:21.492Z,60.1,21.1,1.895,50.4,0,60,0,0,0,0,0,0,0,0,66
2025-09-27T01:47:22.490Z,60.1,21.1,1.895,49.6,0,60,0,0,0,0,0,0,0,0,66
2025-09-27T01:47:23.490Z,60.1,21.1,1.895,50.4,0,60,0,0,0,0,0,0,0,0,66
2025-09-27T01:47:24.492Z,60.1,21.1,1.895,49.6,0,60,0,0,0,0,0,0,0,0,66
2025-09-27T01:47:25.496Z,60.1,21.1,1.895,50.4,0,60,0,0,0,0,0,0,0,0,66
2025-09-27T01:47:26.493Z,60.1,21.1,1.895,49.6,0,60,0,0,0,0,0,0,0,0,66
2025-09-27T01:47:27.499Z,60,21.1,1.895,49.6,0,60,0,0,0,0,0,0,0,0,66
2025-09-27T01:47:28.496Z,60,21.1,1.895,50.4,0,60,0,0,0,0,0,0,0,0,66
2025-09-27T01:47:29.498Z,60,21.1,1.895,49.6,0,60,0,0,0,0,0,0,0,0,66
2025-09-27T01:47:30.497Z,60,21.1,1.895,50.4,0,60,0,0,0,0,0,0,0,0,66
2025-09-27T01:47:31.497Z,60,21.1,1.895,49.6,0,60,0,0,0,0,0,0,0,0,66
2025-09-27T01:47:32.498Z,60,21.1,1.895,50.4,0,60,0,0,0,0,0,0,0,0,66
2025-09-27T01:47:33.505Z,60,21.1,1.895,49.6,0,60,0,0,0,0,0,0,0,0,66
2025-09-27T01:47:34.500Z,60,21.1,1.895,50.4,0,60,0,0,0,0,0,0,0,0,66
2025-09-27T01:47:35.502Z,60,21.1,1.895,49.6,0,60,0,0,0,0,0,0,0,0,66
2025-09-27T01:47:36.508Z,60,21.1,1.895,50.4,0,60,0,0,0,0,0,0,0,0,66
2025-09-27T01:47:37.502Z,60,21.1,1.895,49.6,0,60,0,0,0,0,0,0,0,0,66
2025-09-27T01:47:38.505Z,60,21.1,1.895,50.4,0,60,0,0,0,0,0,0,0,0,66
2025-09-27T01:47:39.503Z,60,21.1,1.895,49.6,0,60,0,0,0,0,0,0,0,0,66
2025-09-27T01:47:40.504Z,60,21.1,1.895,50.4,0,60,0,0,0,0,0,0,0,0,66
2025-09-27T01:47:41.510Z,60,21.1,1.895,49.6,0,60,0,0,0,0,0,0,0,0,66
2025-09-27T01:47:42.512Z,60,21.1,1.895,50.4,0,60,0,0,0,0,0,0,0,0,66
2025-09-27T01:47:43.508Z,60,21.1,1.895,49.6,0,60,0,0,0,0,0,0,0,0,66
2025-09-27T01:47:44.511Z,60,21.1,1.895,50.4,0,60,0,0,0,0,0,0,0,0,66
2025-09-27T01:47:45.513Z,60,21.1,1.895,49.6,0,60,0,0,0,0,0,0,0,0,66
2025-09-27T01:47:46.513Z,60,21.1,1.895,50.4,0,60,0,0,0,0,0,0,0,0,66
2025-09-27T01:47:47.513Z,60,21.1,1.895,49.6,0,60,0,0,0,0,0,0,0,0,66
2025-09-27T01:47:48.508Z,60,21.1,1.895,50.4,0,60,0,0,0,0,0,0,0,0,66
2025-09-27T01:47:49.519Z,60,21.1,1.895,49.6,0,60,0,0,0,0,0,0,0,0,66
2025-09-27T01:47:50.520Z,60,21.1,1.895,50.4,0,60,0,0,0,0,0,0,0,0,66
2025-09-27T01:47:51.512Z,59.9,21.1,1.895,49.6,0,60,0,0,0,0,0,0,0,0,66
2025-09-27T01:47:52.515Z,59.9,21.1,1.895,50.4,0,60,0,0,0,0,0,0,0,0,66
2025-09-27T01:47:53.517Z,59.9,21.1,1.895,49.6,0,60,0,0,0,0,0,0,0,0,66
2025-09-27T01:47:54.516Z,59.9,21.1,1.895,50.4,0,60,0,0,0,0,0,0,0,0,66
2025-09-27T01:47:55.519Z,59.9,21.1,1.895,49.6,0,60,0,0,0,0,0,0,0,0,66
2025-09-27T01:47:56.522Z,59.9,21.1,1.895,50.4,0,60,0,0,0,0,0,0,0,0,66
2025-09-27T01:47:57.521Z,59.9,21.1,1.895,49.6,0,60,0,0,0,0,0,0,0,0,66
2025-09-27T01:47:58.522Z,59.9,21.1,1.895,50.4,0,60,0,0,0,0,0,0,0,0,66
2025-09-27T01:47:59.524Z,59.9,21.1,1.895,49.6,0,60,0,0,0,0,0,0,0,0,66
2025-09-27T01:48:00.526Z,59.9,21.1,1.895,50.4,0,60,0,0,0,0,0,0,0,0,66
2025-09-27T01:48:01.528Z,59.9,21.1,1.895,49.6,0,60,0,0,0,0,0,0,0,0,66
2025-09-27T01:48:02.529Z,59.9,21.1,1.895,50.4,0,60,0,0,0,0,0,0,0,0,66
2025-09-27T01:48:03.526Z,59.9,21.1,1.895,49.6,0,60,0,0,0,0,0,0,0,0,66
2025-09-27T01:48:04.527Z,59.9,21.1,1.895,49.6,0,60,0,0,0,0,0,0,0,0,66
2025-09-27T01:48:05.532Z,59.9,21.1,1.896,49.6,0,60,0,0,0,0,0,0,0,0,66
2025-09-27T01:48:06.531Z,59.9,21.1,1.895,49.6,0,60,0,0,0,0,0,0,0,0,66
2025-09-27T01:48:07.532Z,59.9,21.1,1.895,50.4,0,60,0,0,0,0,0,0,0,0,66
2025-09-27T01:48:08.535Z,59.9,21.1,1.895,49.6,0,60,0,0,0,0,0,0,0,0,66
2025-09-27T01:48:09.534Z,59.9,21.1,1.895,50.4,0,60,0,0,0,0,0,0,0,0,66
2025-09-27T01:48:10.533Z,59.9,21.1,1.895,49.6,0,60,0,0,0,0,0,0,0,0,66
2025-09-27T01:48:11.540Z,59.9,21.1,1.896,50.4,0,60,0,0,0,0,0,0,0,0,66
2025-09-27T01:48:12.535Z,59.9,21.1,1.895,49.6,0,60,0,0,0,0,0,0,0,0,66
2025-09-27T01:48:13.539Z,59.9,21.1,1.896,50.4,0,60,0,0,0,0,0,0,0,0,66
2025-09-27T01:48:14.539Z,59.9,21.1,1.896,49.6,0,60,0,0,0,0,0,0,0,0,66
2025-09-27T01:48:15.540Z,59.9,21.1,1.896,50.4,0,60,0,0,0,0,0,0,0,0,66
2025-09-27T01:48:16.541Z,59.9,21.1,1.896,49.6,0,60,0,0,0,0,0,0,0,0,66
2025-09-27T01:48:17.543Z,59.8,21.1,1.896,50.4,0,60,0,0,0,0,0,0,0,0,66
2025-09-27T01:48:18.540Z,59.8,21.1,1.896,49.6,0,60,0,0,0,0,0,0,0,0,66
2025-09-27T01:48:19.542Z,59.8,21.1,1.897,50.4,0,60,0,0,0,0,0,0,0,0,66
2025-09-27T01:48:20.540Z,59.8,21.1,1.895,49.6,0,60,0,0,0,0,0,0,0,0,66
2025-09-27T01:48:21.543Z,59.8,21.1,1.896,50.4,0,60,0,0,0,0,0,0,0,0,66
2025-09-27T01:48:22.543Z,59.8,21.1,1.895,49.6,0,60,0,0,0,0,0,0,0,0,66
2025-09-27T01:48:23.544Z,59.8,21.1,1.896,50.4,0,60,0,0,0,0,0,0,0,0,66
2025-09-27T01:48:24.543Z,59.8,21.1,1.895,49.6,0,60,0,0,0,0,0,0,0,0,66
2025-09-27T01:48:25.550Z,59.8,21.1,1.896,50.4,0,60,0,0,0,0,0,0,0,0,66
2025-09-27T01:48:26.547Z,59.8,21.1,1.897,49.6,0,60,0,0,0,0,0,0,0,0,66
2025-09-27T01:48:27.549Z,59.8,21.1,1.897,50.4,0,60,0,0,0,0,0,0,0,0,66
2025-09-27T01:48:28.550Z,59.8,21.1,1.896,49.6,0,60,0,0,0,0,0,0,0,0,66
2025-09-27T01:48:29.552Z,59.8,21.1,1.896,50.4,0,60,0,0,0,0,0,0,0,0,66
2025-09-27T01:48:30.550Z,59.8,21.1,1.897,49.6,0,60,0,0,0,0,0,0,0,0,66
2025-09-27T01:48:31.552Z,59.8,21.1,1.897,50.4,0,60,0,0,0,0,0,0,0,0,66
2025-09-27T01:48:32.556Z,59.8,21.1,1.896,49.6,0,60,0,0,0,0,0,0,0,0,66
2025-09-27T01:48:33.553Z,59.8,21.1,1.897,50.4,0,60,0,0,0,0,0,0,0,0,66
2025-09-27T01:48:34.556Z,59.8,21.1,1.896,49.6,0,60,0,0,0,0,0,0,0,0,66
2025-09-27T01:48:35.558Z,59.8,21.1,1.897,50.4,0,60,0,0,0,0,0,0,0,0,66
2025-09-27T01:48:36.564Z,59.8,21.1,1.896,49.6,0,60,0,0,0,0,0,0,0,0,66
2025-09-27T01:48:37.565Z,59.8,21.1,1.897,50.4,0,60,0,0,0,0,0,0,0,0,66
2025-09-27T01:48:38.559Z,59.8,21.1,1.897,49.6,0,60,0,0,0,0,0,0,0,0,66
2025-09-27T01:48:39.561Z,59.8,21.1,1.896,50.4,0,60,0,0,0,0,0,0,0,0,66
2025-09-27T01:48:40.564Z,59.8,21.1,1.897,49.6,0,60,0,0,0,0,0,0,0,0,66
2025-09-27T01:48:41.565Z,59.8,21.1,1.897,50.4,0,60,0,0,0,0,0,0,0,0,66
2025-09-27T01:48:42.565Z,59.8,21.1,1.897,49.6,0,60,0,0,0,0,0,0,0,0,66
2025-09-27T01:48:43.565Z,59.8,21.1,1.897,50.4,0,60,0,0,0,0,0,0,0,0,66
2025-09-27T01:48:44.565Z,59.7,21.1,1.897,49.6,0,60,0,0,0,0,0,0,0,0,66
2025-09-27T01:48:45.568Z,59.7,21.1,1.897,50.4,0,60,0,0,0,0,0,0,0,0,66
2025-09-27T01:48:46.566Z,59.7,21.1,1.897,49.6,0,60,0,0,0,0,0,0,0,0,66
2025-09-27T01:48:47.573Z,59.7,21.1,1.897,50.4,0,60,0,0,0,0,0,0,0,0,66
2025-09-27T01:48:48.572Z,59.7,21.1,1.897,49.6,0,60,0,0,0,0,0,0,0,0,66
2025-09-27T01:48:49.569Z,59.7,21.1,1.896,49.6,0,60,0,0,0,0,0,0,0,0,66
2025-09-27T01:48:50.580Z,59.7,21.1,1.896,49.6,0,60,0,0,0,0,0,0,0,0,66
2025-09-27T01:48:51.572Z,59.7,21.1,1.897,50.4,0,60,0,0,0,0,0,0,0,0,66
2025-09-27T01:48:52.573Z,59.7,21.1,1.897,49.6,0,60,0,0,0,0,0,0,0,0,66
2025-09-27T01:48:53.580Z,59.7,21.1,1.896,50.4,0,60,0,0,0,0,0,0,0,0,66
2025-09-27T01:48:54.576Z,59.7,21.1,1.897,49.6,0,60,0,0,0,0,0,0,0,0,66
2025-09-27T01:48:55.577Z,59.7,21.1,1.897,50.4,0,60,0,0,0,0,0,0,0,0,66
2025-09-27T01:48:56.582Z,59.7,21.1,1.896,49.6,0,60.1,0,0,0,0,0,0,0,0,66
2025-09-27T01:48:57.584Z,59.7,21.1,1.896,50.4,0,60,0,0,0,0,0,0,0,0,66
2025-09-27T01:48:58.584Z,59.7,21.1,1.896,49.6,0,60.1,0,0,0,0,0,0,0,0,66
2025-09-27T01:48:59.590Z,59.7,21.1,1.896,50.4,0,60.1,0,0,0,0,0,0,0,0,66
2025-09-27T01:49:00.581Z,59.7,21.1,1.896,49.6,0,60,0,0,0,0,0,0,0,0,66
2025-09-27T01:49:01.587Z,59.7,21.1,1.896,50.4,0,60.1,0,0,0,0,0,0,0,0,66
2025-09-27T01:49:02.587Z,59.7,21.1,1.896,49.6,0,60.1,0,0,0,0,0,0,0,0,66
2025-09-27T01:49:03.587Z,59.7,21.1,1.896,50.4,0,60.1,0,0,0,0,0,0,0,0,66
2025-09-27T01:49:04.590Z,59.7,21.1,1.896,49.6,0,60.1,0,0,0,0,0,0,0,0,66
2025-09-27T01:49:05.591Z,59.7,21.1,1.896,50.4,0,60.1,0,0,0,0,0,0,0,0,66
2025-09-27T01:49:06.592Z,59.7,21.1,1.896,49.6,0,60.1,0,0,0,0,0,0,0,0,66
2025-09-27T01:49:07.587Z,59.7,21.1,1.896,50.4,0,60.1,0,0,0,0,0,0,0,0,66
2025-09-27T01:49:08.592Z,59.7,21.1,1.896,49.6,0,60.1,0,0,0,0,0,0,0,0,66
2025-09-27T01:49:09.588Z,59.7,21.1,1.896,50.4,0,60.1,0,0,0,0,0,0,0,0,66
2025-09-27T01:49:10.589Z,59.7,21.1,1.897,49.6,0,60.1,0,0,0,0,0,0,0,0,66
2025-09-27T01:49:11.595Z,59.6,21.1,1.896,50.4,0,60.1,0,0,0,0,0,0,0,0,66
2025-09-27T01:49:12.593Z,59.6,21.1,1.896,49.6,0,60,0,0,0,0,0,0,0,0,66
2025-09-27T01:49:13.594Z,59.6,21.1,1.896,50.4,0,60.1,0,0,0,0,0,0,0,0,66
2025-09-27T01:49:14.601Z,59.6,21.1,1.896,49.6,0,60.1,0,0,0,0,0,0,0,0,66
2025-09-27T01:49:15.594Z,59.6,21.1,1.896,50.4,0,60.1,0,0,0,0,0,0,0,0,66
2025-09-27T01:49:16.601Z,59.6,21.1,1.896,49.6,0,60.1,0,0,0,0,0,0,0,0,66
2025-09-27T01:49:17.604Z,59.6,21.1,1.896,50.4,0,60.1,0,0,0,0,0,0,0,0,66
2025-09-27T01:49:18.596Z,59.6,21.1,1.896,49.6,0,60.1,0,0,0,0,0,0,0,0,66
2025-09-27T01:49:19.601Z,59.6,21.1,1.896,50.4,0,60.1,0,0,0,0,0,0,0,0,66
2025-09-27T01:49:20.601Z,59.6,21.1,1.896,49.6,0,60,0,0,0,0,0,0,0,0,66
2025-09-27T01:49:21.597Z,59.6,21.1,1.896,49.6,0,60.1,0,0,0,0,0,0,0,0,66
2025-09-27T01:49:22.599Z,59.6,21.1,1.896,50.4,0,60.1,0,0,0,0,0,0,0,0,66
2025-09-27T01:49:23.599Z,59.6,21.1,1.896,49.6,0,60.1,0,0,0,0,0,0,0,0,66
2025-09-27T01:49:24.600Z,59.6,21.1,1.896,50.4,0,60.1,0,0,0,0,0,0,0,0,66
2025-09-27T01:49:25.601Z,59.6,21.1,1.896,49.6,0,60.1,0,0,0,0,0,0,0,0,66
2025-09-27T01:49:26.605Z,59.6,21.1,1.896,50.4,0,60.1,0,0,0,0,0,0,0,0,66
2025-09-27T01:49:27.604Z,59.6,21.1,1.896,49.6,0,60.1,0,0,0,0,0,0,0,0,66
2025-09-27T01:49:28.604Z,59.6,21.1,1.896,49.6,0,60.1,0,0,0,0,0,0,0,0,66
2025-09-27T01:49:29.608Z,59.6,21.1,1.896,49.6,0,60.1,0,0,0,0,0,0,0,0,66
2025-09-27T01:49:30.611Z,59.6,21.1,1.898,50.4,0,60.1,0,0,0,0,0,0,0,0,66
2025-09-27T01:49:31.608Z,59.6,21.1,1.898,49.6,0,60.1,0,0,0,0,0,0,0,0,66
2025-09-27T01:49:32.609Z,59.6,21.1,1.898,50.4,0,60.1,0,0,0,0,0,0,0,0,66
2025-09-27T01:49:33.617Z,59.6,21.1,1.898,49.6,0,60,0,0,0,0,0,0,0,0,66
2025-09-27T01:49:34.616Z,59.6,21.1,1.898,50.4,0,60.1,0,0,0,0,0,0,0,0,66
2025-09-27T01:49:35.611Z,59.6,21.1,1.898,49.6,0,60.1,0,0,0,0,0,0,0,0,66
2025-09-27T01:49:36.613Z,59.6,21.1,1.898,50.4,0,60.1,0,0,0,0,0,0,0,0,66
2025-09-27T01:49:37.613Z,59.6,21.1,1.898,49.6,0,60.1,0,0,0,0,0,0,0,0,66
2025-09-27T01:49:38.613Z,59.6,21.1,1.898,50.4,0,60.1,0,0,0,0,0,0,0,0,66
2025-09-27T01:49:39.615Z,59.6,21.1,1.898,49.6,0,60,0,0,0,0,0,0,0,0,66
2025-09-27T01:49:40.617Z,59.6,21.1,1.898,50.4,0,60,0,0,0,0,0,0,0,0,66
2025-09-27T01:49:41.619Z,59.6,21.1,1.898,49.6,0,60,0,0,0,0,0,0,0,0,66
2025-09-27T01:49:42.618Z,59.6,21.1,1.898,50.4,0,60,0,0,0,0,0,0,0,0,66
2025-09-27T01:49:43.620Z,59.6,21.1,1.898,49.6,0,60.1,0,0,0,0,0,0,0,0,66
2025-09-27T01:49:44.623Z,59.5,21.1,1.898,50.4,0,60,0,0,0,0,0,0,0,0,66
2025-09-27T01:49:45.622Z,59.5,21.1,1.898,49.6,0,60.1,0,0,0,0,0,0,0,0,66
2025-09-27T01:49:46.622Z,59.5,21.1,1.898,50.4,0,60,0,0,0,0,0,0,0,0,66
2025-09-27T01:49:47.623Z,59.5,21.1,1.898,49.6,0,60.1,0,0,0,0,0,0,0,0,66
2025-09-27T01:49:48.619Z,59.5,21.1,1.898,50.4,0,60.1,0,0,0,0,0,0,0,0,66
2025-09-27T01:49:49.628Z,59.5,21.1,1.898,49.6,0,60.1,0,0,0,0,0,0,0,0,66
2025-09-27T01:49:50.622Z,59.5,21.1,1.898,50.4,0,60.1,0,0,0,0,0,0,0,0,66
2025-09-27T01:49:51.626Z,59.5,21.1,1.898,49.6,0,60.1,0,0,0,0,0,0,0,0,66
2025-09-27T01:49:52.625Z,59.5,21.1,1.898,50.4,0,60.1,0,0,0,0,0,0,0,0,66
2025-09-27T01:49:53.628Z,59.5,21.1,1.898,49.6,0,60,0,0,0,0,0,0,0,0,66
2025-09-27T01:49:54.632Z,59.5,21.1,1.898,50.4,0,60.1,0,0,0,0,0,0,0,0,66
2025-09-27T01:49:55.629Z,59.5,21.1,1.898,49.6,0,60.1,0,0,0,0,0,0,0,0,66
2025-09-27T01:49:56.631Z,59.5,21.1,1.899,50.4,0,60.1,0,0,0,0,0,0,0,0,66
2025-09-27T01:49:57.634Z,59.5,21.1,1.898,49.6,0,60.1,0,0,0,0,0,0,0,0,66
2025-09-27T01:49:58.636Z,59.5,21.1,1.898,49.6,0,60.1,0,0,0,0,0,0,0,0,66
2025-09-27T01:49:59.629Z,59.5,21.1,1.898,49.6,0,60,0,0,0,0,0,0,0,0,66
2025-09-27T01:50:00.634Z,59.5,21.1,1.898,50.4,0,60,0,0,0,0,0,0,0,0,66
2025-09-27T01:50:01.635Z,59.5,21.1,1.899,49.6,0,60,0,0,0,0,0,0,0,0,66
2025-09-27T01:50:02.639Z,59.5,21.1,1.899,49.6,0,60,0,0,0,0,0,0,0,0,66
2025-09-27T01:50:03.639Z,59.5,21.1,1.898,49.6,0,60,0,0,0,0,0,0,0,0,66
2025-09-27T01:50:04.642Z,59.5,21.1,1.899,50.4,0,60.1,0,0,0,0,0,0,0,0,66
2025-09-27T01:50:05.642Z,59.5,21.1,1.898,49.6,0,60,0,0,0,0,0,0,0,0,66
2025-09-27T01:50:06.640Z,59.5,21.1,1.898,50.4,0,60,0,0,0,0,0,0,0,0,66
2025-09-27T01:50:07.644Z,59.5,21.1,1.898,49.6,0,60,0,0,0,0,0,0,0,0,66
2025-09-27T01:50:08.643Z,59.5,21.1,1.898,50.4,0,60,0,0,0,0,0,0,0,0,66
2025-09-27T01:50:09.646Z,59.5,21.1,1.899,49.6,0,60,0,0,0,0,0,0,0,0,66
2025-09-27T01:50:10.645Z,59.5,21.1,1.899,50.4,0,60,0,0,0,0,0,0,0,0,66
2025-09-27T01:50:11.646Z,59.5,21.1,1.899,49.6,0,60,0,0,0,0,0,0,0,0,66
2025-09-27T01:50:12.649Z,59.5,21.1,1.899,50.4,0,60,0,0,0,0,0,0,0,0,66
2025-09-27T01:50:13.649Z,59.5,21.1,1.898,49.6,0,60,0,0,0,0,0,0,0,0,66
2025-09-27T01:50:14.650Z,59.5,21.1,1.898,50.4,0,60,0,0,0,0,0,0,0,0,66
2025-09-27T01:50:15.648Z,59.5,21.1,1.899,49.6,0,60,0,0,0,0,0,0,0,0,66
2025-09-27T01:50:16.652Z,59.5,21.1,1.898,50.4,0,60,0,0,0,0,0,0,0,0,66
2025-09-27T01:50:17.655Z,59.5,21.1,1.898,49.6,0,60,0,0,0,0,0,0,0,0,66
2025-09-27T01:50:18.646Z,59.5,21.1,1.898,50.4,0,60,0,0,0,0,0,0,0,0,66
2025-09-27T01:50:19.652Z,59.5,21.1,1.898,49.6,0,60,0,0,0,0,0,0,0,0,66
2025-09-27T01:50:20.653Z,59.5,21.1,1.899,50.4,0,60,0,0,0,0,0,0,0,0,66
2025-09-27T01:50:21.663Z,59.5,21.1,1.898,49.6,0,60,0,0,0,0,0,0,0,0,66
2025-09-27T01:50:22.655Z,59.5,21.1,1.899,50.4,0,60,0,0,0,0,0,0,0,0,66
2025-09-27T01:50:23.657Z,59.5,21.1,1.898,49.6,0,60,0,0,0,0,0,0,0,0,66
2025-09-27T01:50:24.656Z,59.5,21.1,1.899,50.4,0,60,0,0,0,0,0,0,0,0,66
2025-09-27T01:50:25.658Z,59.5,21.1,1.898,49.6,0,60,0,0,0,0,0,0,0,0,66
2025-09-27T01:50:26.657Z,59.5,21.1,1.899,50.4,0,60,0,0,0,0,0,0,0,0,66
2025-09-27T01:50:27.661Z,59.5,21.1,1.898,49.6,0,60,0,0,0,0,0,0,0,0,66
2025-09-27T01:50:28.659Z,59.5,21.1,1.898,49.6,0,60,0,0,0,0,0,0,0,0,66
2025-09-27T01:50:29.665Z,59.5,21.1,1.898,49.6,0,60,0,0,0,0,0,0,0,0,66
2025-09-27T01:50:30.662Z,59.5,21.1,1.898,50.4,0,60,0,0,0,0,0,0,0,0,66
2025-09-27T01:50:31.663Z,59.5,21.1,1.898,49.6,0,60,0,0,0,0,0,0,0,0,66
2025-09-27T01:50:32.667Z,59.5,21.1,1.898,50.4,0,60,0,0,0,0,0,0,0,0,66
2025-09-27T01:50:33.665Z,59.5,21.1,1.898,49.6,0,60,0,0,0,0,0,0,0,0,66
2025-09-27T01:50:34.664Z,59.5,21.1,1.898,50.4,0,60,0,0,0,0,0,0,0,0,66
2025-09-27T01:50:35.666Z,59.5,21.1,1.898,49.6,0,60,0,0,0,0,0,0,0,0,66
2025-09-27T01:50:36.669Z,59.5,21.1,1.898,50.4,0,60,0,0,0,0,0,0,0,0,66
2025-09-27T01:50:37.671Z,59.4,21.1,1.898,49.6,0,60,0,0,0,0,0,0,0,0,66
2025-09-27T01:50:38.672Z,59.5,21.1,1.898,50.4,0,60,0,0,0,0,0,0,0,0,66
2025-09-27T01:50:39.671Z,59.5,21.1,1.898,49.6,0,60,0,0,0,0,0,0,0,0,66
2025-09-27T01:50:40.674Z,59.5,21.1,1.898,49.6,0,60,0,0,0,0,0,0,0,0,66
2025-09-27T01:50:41.672Z,59.5,21.1,1.898,49.6,0,60,0,0,0,0,0,0,0,0,66
2025-09-27T01:50:42.678Z,59.5,21.1,1.898,50.4,0,60,0,0,0,0,0,0,0,0,66
2025-09-27T01:50:43.678Z,59.5,21.1,1.898,49.6,0,60,0,0,0,0,0,0,0,0,66
2025-09-27T01:50:44.676Z,59.4,21.1,1.898,50.4,0,60,0,0,0,0,0,0,0,0,66
2025-09-27T01:50:45.680Z,59.5,21.1,1.898,49.6,0,60.1,0,0,0,0,0,0,0,0,66
2025-09-27T01:50:46.678Z,59.5,21.1,1.898,50.4,0,60,0,0,0,0,0,0,0,0,66
2025-09-27T01:50:47.678Z,59.5,21.1,1.898,49.6,0,60.1,0,0,0,0,0,0,0,0,66
2025-09-27T01:50:48.679Z,59.5,21.1,1.898,50.4,0,60,0,0,0,0,0,0,0,0,66
2025-09-27T01:50:49.680Z,59.5,21.1,1.898,49.6,0,60.1,0,0,0,0,0,0,0,0,66
2025-09-27T01:50:50.683Z,59.5,21.1,1.898,50.4,0,60.1,0,0,0,0,0,0,0,0,66
2025-09-27T01:50:51.680Z,59.5,21.1,1.898,49.6,0,60,0,0,0,0,0,0,0,0,66
2025-09-27T01:50:52.680Z,59.5,21.1,1.898,50.4,0,60,0,0,0,0,0,0,0,0,66
2025-09-27T01:50:53.688Z,59.5,21.1,1.899,49.6,0,60,0,0,0,0,0,0,0,0,66
2025-09-27T01:50:54.684Z,59.5,21.1,1.898,49.6,0,60,0,0,0,0,0,0,0,0,66
2025-09-27T01:50:55.686Z,59.5,21.1,1.898,50.4,0,60.1,0,0,0,0,0,0,0,0,66
2025-09-27T01:50:56.685Z,59.5,21.1,1.898,49.6,0,60.1,0,0,0,0,0,0,0,0,66
2025-09-27T01:50:57.690Z,59.5,21.1,1.899,50.4,0,60.1,0,0,0,0,0,0,0,0,66
2025-09-27T01:50:58.691Z,59.5,21.1,1.898,49.6,0,60,0,0,0,0,0,0,0,0,66
2025-09-27T01:50:59.686Z,59.5,21.1,1.898,50.4,0,60,0,0,0,0,0,0,0,0,66
2025-09-27T01:51:00.688Z,59.5,21.1,1.898,49.6,0,60,0,0,0,0,0,0,0,0,66
2025-09-27T01:51:01.694Z,59.5,21.1,1.899,50.4,0,60,0,0,0,0,0,0,0,0,66
2025-09-27T01:51:02.693Z,59.5,21.1,1.898,49.6,0,60.1,0,0,0,0,0,0,0,0,66
2025-09-27T01:51:03.695Z,59.5,21.1,1.899,50.4,0,60,0,0,0,0,0,0,0,0,66
2025-09-27T01:51:04.693Z,59.5,21.1,1.898,49.6,0,60,0,0,0,0,0,0,0,0,66
2025-09-27T01:51:05.697Z,59.5,21.1,1.899,50.4,0,60,0,0,0,0,0,0,0,0,66
2025-09-27T01:51:06.699Z,59.5,21.1,1.899,49.6,0,60,0,0,0,0,0,0,0,0,66
2025-09-27T01:51:07.696Z,59.5,21.1,1.898,50.4,0,60,0,0,0,0,0,0,0,0,66
2025-09-27T01:51:08.695Z,59.5,21.1,1.898,49.6,0,60.1,0,0,0,0,0,0,0,0,66
2025-09-27T01:51:09.698Z,59.5,21.1,1.898,50.4,0,60.1,0,0,0,0,0,0,0,0,66
2025-09-27T01:51:10.700Z,59.5,21.1,1.899,49.6,0,60.1,0,0,0,0,0,0,0,0,66
2025-09-27T01:51:11.696Z,59.5,21.1,1.898,50.4,0,60.1,0,0,0,0,0,0,0,0,66
2025-09-27T01:51:12.702Z,59.5,21.1,1.899,49.6,0,60,0,0,0,0,0,0,0,0,66
2025-09-27T01:51:13.718Z,59.5,21.1,1.898,50.4,0,60,0,0,0,0,0,0,0,0,66
2025-09-27T01:51:14.718Z,59.5,21.1,1.898,49.6,0,60,0,0,0,0,0,0,0,0,66
2025-09-27T01:51:15.708Z,59.5,21.1,1.899,50.4,0,60.1,0,0,0,0,0,0,0,0,66
2025-09-27T01:51:16.707Z,59.5,21.1,1.898,49.6,0,60.1,0,0,0,0,0,0,0,0,66
2025-09-27T01:51:17.716Z,59.5,21.1,1.898,50.4,0,60.1,0,0,0,0,0,0,0,0,66
2025-09-27T01:51:18.711Z,59.5,21.1,1.899,49.6,0,60,0,0,0,0,0,0,0,0,66
2025-09-27T01:51:19.703Z,59.5,21.1,1.899,50.4,0,60,0,0,0,0,0,0,0,0,66
2025-09-27T01:51:20.706Z,59.5,21.1,1.898,49.6,0,60.1,0,0,0,0,0,0,0,0,66
2025-09-27T01:51:21.711Z,59.5,21.1,1.899,49.6,0,60.1,0,0,0,0,0,0,0,0,66
2025-09-27T01:51:22.712Z,59.5,21.1,1.899,49.6,0,60.1,0,0,0,0,0,0,0,0,66
2025-09-27T01:51:23.715Z,59.5,21.1,1.899,50.4,0,60.1,0,0,0,0,0,0,0,0,66
2025-09-27T01:51:24.714Z,59.5,21.1,1.898,49.6,0,60.1,0,0,0,0,0,0,0,0,66
2025-09-27T01:51:25.714Z,59.5,21.1,1.899,50.4,0,60.1,0,0,0,0,0,0,0,0,66
2025-09-27T01:51:26.713Z,59.5,21.1,1.899,49.6,0,60.1,0,0,0,0,0,0,0,0,66
2025-09-27T01:51:27.716Z,59.5,21.1,1.898,50.4,0,60,0,0,0,0,0,0,0,0,66
2025-09-27T01:51:28.718Z,59.5,21.1,1.899,49.6,0,60,0,0,0,0,0,0,0,0,66
2025-09-27T01:51:29.718Z,59.5,21.1,1.899,50.4,0,60.1,0,0,0,0,0,0,0,0,66
2025-09-27T01:51:30.719Z,59.5,21.1,1.899,49.6,0,60.1,0,0,0,0,0,0,0,0,66
2025-09-27T01:51:31.719Z,59.5,21.1,1.898,50.4,0,60,0,0,0,0,0,0,0,0,66
2025-09-27T01:51:32.721Z,59.5,21.1,1.898,49.6,0,60.1,0,0,0,0,0,0,0,0,66
2025-09-27T01:51:33.721Z,59.5,21.1,1.899,50.4,0,60,0,0,0,0,0,0,0,0,66
2025-09-27T01:51:34.723Z,59.5,21.1,1.899,49.6,0,60,0,0,0,0,0,0,0,0,66
2025-09-27T01:51:35.726Z,59.5,21.1,1.899,50.4,0,60.1,0,0,0,0,0,0,0,0,66
2025-09-27T01:51:36.725Z,59.5,21.1,1.899,49.6,0,60,0,0,0,0,0,0,0,0,66
2025-09-27T01:51:37.731Z,59.5,21.1,1.898,50.4,0,60.1,0,0,0,0,0,0,0,0,66
2025-09-27T01:51:38.730Z,59.5,21.1,1.899,49.6,0,60.1,0,0,0,0,0,0,0,0,66
2025-09-27T01:51:39.724Z,59.5,21.1,1.899,50.4,0,60,0,0,0,0,0,0,0,0,66
2025-09-27T01:51:40.731Z,59.5,21.1,1.898,49.6,0,60,0,0,0,0,0,0,0,0,66
2025-09-27T01:51:41.732Z,59.5,21.1,1.898,50.4,0,60,0,0,0,0,0,0,0,0,66
2025-09-27T01:51:42.730Z,59.5,21.1,1.899,49.6,0,60,0,0,0,0,0,0,0,0,66
2025-09-27T01:51:43.733Z,59.5,21.1,1.898,49.6,0,60.1,0,0,0,0,0,0,0,0,66
2025-09-27T01:51:44.732Z,59.5,21.1,1.899,50.4,0,60,0,0,0,0,0,0,0,0,66
2025-09-27T01:51:45.734Z,59.5,21.1,1.898,49.6,0,60,0,0,0,0,0,0,0,0,66
2025-09-27T01:51:46.735Z,59.5,21.1,1.898,49.6,0,60,0,0,0,0,0,0,0,0,66
2025-09-27T01:51:47.735Z,59.5,21.1,1.898,49.6,0,60,0,0,0,0,0,0,0,0,66
2025-09-27T01:51:48.733Z,59.5,21.1,1.898,50.4,0,60,0,0,0,0,0,0,0,0,66
2025-09-27T01:51:49.734Z,59.5,21.1,1.899,49.6,0,60,0,0,0,0,0,0,0,0,66
2025-09-27T01:51:50.739Z,59.5,21.1,1.898,50.4,0,60,0,0,0,0,0,0,0,0,66
2025-09-27T01:51:51.739Z,59.5,21.1,1.898,49.6,0,60,0,0,0,0,0,0,0,0,66
2025-09-27T01:51:52.737Z,59.5,21.1,1.898,49.6,0,60.1,0,0,0,0,0,0,0,0,66
2025-09-27T01:51:53.739Z,59.5,21.1,1.898,50.4,0,60.1,0,0,0,0,0,0,0,0,66
2025-09-27T01:51:54.743Z,59.5,21.1,1.898,49.6,0,60,0,0,0,0,0,0,0,0,66
2025-09-27T01:51:55.742Z,59.5,21.1,1.898,50.4,0,60,0,0,0,0,0,0,0,0,66
2025-09-27T01:51:56.739Z,59.5,21.1,1.898,49.6,0,60,0,0,0,0,0,0,0,0,66
2025-09-27T01:51:57.746Z,59.5,21.1,1.898,49.6,0,60,0,0,0,0,0,0,0,0,66
2025-09-27T01:51:58.749Z,59.5,21.1,1.898,50.4,0,60,0,0,0,0,0,0,0,0,66
2025-09-27T01:51:59.745Z,59.5,21.1,1.898,49.6,0,60,0,0,0,0,0,0,0,0,66
2025-09-27T01:52:00.747Z,59.5,21.1,1.898,50.4,0,60,0,0,0,0,0,0,0,0,66
2025-09-27T01:52:01.747Z,59.5,21.1,1.898,50.4,0,60,0,0,0,0,0,0,0,0,66
2025-09-27T01:52:02.755Z,59.5,21.1,1.898,49.6,0,60,0,0,0,0,0,0,0,0,66
2025-09-27T01:52:03.749Z,59.5,21.1,1.898,50.4,0,60,0,0,0,0,0,0,0,0,66
2025-09-27T01:52:04.756Z,59.5,21.1,1.898,49.6,0,60,0,0,0,0,0,0,0,0,66
2025-09-27T01:52:05.751Z,59.5,21.1,1.898,50.4,0,60,0,0,0,0,0,0,0,0,66
2025-09-27T01:52:06.758Z,59.5,21.1,1.898,49.6,0,60,0,0,0,0,0,0,0,0,66
2025-09-27T01:52:07.752Z,59.5,21.1,1.898,50.4,0,60,0,0,0,0,0,0,0,0,66
2025-09-27T01:52:08.754Z,59.5,21.1,1.898,49.6,0,60,0,0,0,0,0,0,0,0,66
2025-09-27T01:52:09.753Z,59.6,21.1,1.898,49.6,0,60,0,0,0,0,0,0,0,0,66
2025-09-27T01:52:10.757Z,59.6,21.1,1.898,50.4,0,60,0,0,0,0,0,0,0,0,66
2025-09-27T01:52:11.754Z,59.6,21.1,1.898,49.6,0,60,0,0,0,0,0,0,0,0,66
2025-09-27T01:52:12.756Z,59.6,21.1,1.898,50.4,0,60,0,0,0,0,0,0,0,0,66
2025-09-27T01:52:13.757Z,59.6,21.1,1.898,49.6,0,60,0,0,0,0,0,0,0,0,66
2025-09-27T01:52:14.761Z,59.6,21.1,1.898,49.6,0,60,0,0,0,0,0,0,0,0,66
2025-09-27T01:52:15.761Z,59.6,21.1,1.898,50.4,0,60,0,0,0,0,0,0,0,0,66
2025-09-27T01:52:16.760Z,59.6,21.1,1.898,50.4,0,60,0,0,0,0,0,0,0,0,66
2025-09-27T01:52:17.764Z,59.6,21.1,1.898,49.6,0,60,0,0,0,0,0,0,0,0,66
2025-09-27T01:52:18.760Z,59.6,21.1,1.898,50.4,0,60,0,0,0,0,0,0,0,0,66
2025-09-27T01:52:19.764Z,59.6,21.1,1.898,49.6,0,60,0,0,0,0,0,0,0,0,66
2025-09-27T01:52:20.765Z,59.6,21.1,1.898,50.4,0,60,0,0,0,0,0,0,0,0,66
2025-09-27T01:52:21.765Z,59.6,21.1,1.898,49.6,0,60,0,0,0,0,0,0,0,0,66
2025-09-27T01:52:22.767Z,59.6,21.1,1.898,49.6,0,60,0,0,0,0,0,0,0,0,66
2025-09-27T01:52:23.768Z,59.6,21.1,1.898,50.4,0,60,0,0,0,0,0,0,0,0,66
2025-09-27T01:52:24.769Z,59.6,21.1,1.898,49.6,0,60,0,0,0,0,0,0,0,0,66
2025-09-27T01:52:25.768Z,59.6,21.1,1.898,49.6,0,60,0,0,0,0,0,0,0,0,66
2025-09-27T01:52:26.768Z,59.6,21.1,1.898,50.4,0,60,0,0,0,0,0,0,0,0,66
2025-09-27T01:52:27.768Z,59.6,21.1,1.898,49.6,0,60,0,0,0,0,0,0,0,0,66
2025-09-27T01:52:28.776Z,59.6,21.1,1.898,49.6,0,60,0,0,0,0,0,0,0,0,66
2025-09-27T01:52:29.773Z,59.6,21.1,1.898,50.4,0,60,0,0,0,0,0,0,0,0,66
2025-09-27T01:52:30.774Z,59.6,21.1,1.898,49.6,0,60,0,0,0,0,0,0,0,0,66
2025-09-27T01:52:31.775Z,59.6,21.1,1.898,49.6,0,60,0,0,0,0,0,0,0,0,66
2025-09-27T01:52:32.774Z,59.6,21.1,1.897,50.4,0,60,0,0,0,0,0,0,0,0,66
2025-09-27T01:52:33.780Z,59.6,21.1,1.897,50.4,0,60,0,0,0,0,0,0,0,0,66
2025-09-27T01:52:34.777Z,59.6,21.1,1.898,49.6,0,60,0,0,0,0,0,0,0,0,66
2025-09-27T01:52:35.786Z,59.6,21.1,1.897,50.4,0,60,0,0,0,0,0,0,0,0,66
2025-09-27T01:52:36.784Z,59.6,21.1,1.897,49.6,0,60,0,0,0,0,0,0,0,0,66
2025-09-27T01:52:37.781Z,59.6,21.1,1.897,50.4,0,60,0,0,0,0,0,0,0,0,66
2025-09-27T01:52:38.781Z,59.7,21.1,1.897,49.6,0,60,0,0,0,0,0,0,0,0,66
2025-09-27T01:52:39.779Z,59.7,21.1,1.897,50.4,0,60,0,0,0,0,0,0,0,0,66
2025-09-27T01:52:40.784Z,59.7,21.1,1.897,49.6,0,60,0,0,0,0,0,0,0,0,66
2025-09-27T01:52:41.785Z,59.7,21.1,1.897,50.4,0,60,0,0,0,0,0,0,0,0,66
2025-09-27T01:52:42.788Z,59.7,21.1,1.897,50.4,0,60,0,0,0,0,0,0,0,0,66
2025-09-27T01:52:43.787Z,59.7,21.1,1.897,49.6,0,60,0,0,0,0,0,0,0,0,66
2025-09-27T01:52:44.789Z,59.7,21.1,1.897,50.4,0,60,0,0,0,0,0,0,0,0,66
2025-09-27T01:52:45.789Z,59.7,21.1,1.897,49.6,0,60,0,0,0,0,0,0,0,0,66
2025-09-27T01:52:46.790Z,59.7,21.1,1.897,50.4,0,60,0,0,0,0,0,0,0,0,66
2025-09-27T01:52:47.791Z,59.7,21.1,1.897,49.6,0,60,0,0,0,0,0,0,0,0,66
2025-09-27T01:52:48.788Z,59.7,21.1,1.897,49.6,0,60,0,0,0,0,0,0,0,0,66
2025-09-27T01:52:49.791Z,59.7,21.1,1.897,50.4,0,60,0,0,0,0,0,0,0,0,66
2025-09-27T01:52:50.793Z,59.7,21.1,1.897,49.6,0,60,0,0,0,0,0,0,0,0,66
2025-09-27T01:52:51.792Z,59.7,21.1,1.897,49.6,0,60,0,0,0,0,0,0,0,0,66
2025-09-27T01:52:52.792Z,59.7,21.1,1.897,50.4,0,60,0,0,0,0,0,0,0,0,66
2025-09-27T01:52:53.793Z,59.7,21.1,1.897,50.4,0,60,0,0,0,0,0,0,0,0,66
2025-09-27T01:52:54.800Z,59.7,21.1,1.896,50.4,0,60,0,0,0,0,0,0,0,0,66
2025-09-27T01:52:55.798Z,59.7,21.1,1.896,49.6,0,60,0,0,0,0,0,0,0,0,66
2025-09-27T01:52:56.800Z,59.7,21.1,1.896,49.6,0,60,0,0,0,0,0,0,0,0,66
2025-09-27T01:52:57.798Z,59.7,21.1,1.897,49.6,0,60,0,0,0,0,0,0,0,0,66
2025-09-27T01:52:58.796Z,59.7,21.1,1.897,49.6,0,60,0,0,0,0,0,0,0,0,66
2025-09-27T01:52:59.799Z,59.7,21.1,1.897,50.4,0,60,0,0,0,0,0,0,0,0,66
2025-09-27T01:53:00.800Z,59.7,21.1,1.896,50.4,0,60,0,0,0,0,0,0,0,0,66
2025-09-27T01:53:01.812Z,59.7,21.1,1.896,49.6,0,60,0,0,0,0,0,0,0,0,66
2025-09-27T01:53:02.804Z,59.8,21.1,1.896,50.4,0,60,0,0,0,0,0,0,0,0,66
2025-09-27T01:53:03.801Z,59.8,21.1,1.897,49.6,0,60,0,0,0,0,0,0,0,0,66
2025-09-27T01:53:04.806Z,59.8,21.1,1.896,50.4,0,60,0,0,0,0,0,0,0,0,66
2025-09-27T01:53:05.805Z,59.8,21.1,1.897,49.6,0,60,0,0,0,0,0,0,0,0,66
2025-09-27T01:53:06.808Z,59.8,21.1,1.896,50.4,0,60,0,0,0,0,0,0,0,0,66
2025-09-27T01:53:07.804Z,59.8,21.1,1.896,49.6,0,60,0,0,0,0,0,0,0,0,66
2025-09-27T01:53:08.809Z,59.8,21.1,1.896,50.4,0,60,0,0,0,0,0,0,0,0,66
2025-09-27T01:53:09.809Z,59.8,21.1,1.896,49.6,0,60,0,0,0,0,0,0,0,0,66
2025-09-27T01:53:10.812Z,59.8,21.1,1.896,50.4,0,60,0,0,0,0,0,0,0,0,66
2025-09-27T01:53:11.809Z,59.8,21.1,1.896,49.6,0,60,0,0,0,0,0,0,0,0,66
2025-09-27T01:53:12.812Z,59.8,21.1,1.895,50.4,0,60,0,0,0,0,0,0,0,0,66
2025-09-27T01:53:13.812Z,59.8,21.1,1.896,49.6,0,60,0,0,0,0,0,0,0,0,66
2025-09-27T01:53:14.816Z,59.8,21.1,1.896,50.4,0,60,0,0,0,0,0,0,0,0,66
2025-09-27T01:53:15.815Z,59.8,21.1,1.895,49.6,0,60,0,0,0,0,0,0,0,0,66
2025-09-27T01:53:16.817Z,59.8,21.1,1.895,49.6,0,60,0,0,0,0,0,0,0,0,66
2025-09-27T01:53:17.819Z,59.8,21.1,1.896,50.4,0,60,0,0,0,0,0,0,0,0,66
2025-09-27T01:53:18.819Z,59.8,21.1,1.895,49.6,0,60,0,0,0,0,0,0,0,0,66
2025-09-27T01:53:19.814Z,59.8,21.1,1.895,50.4,0,60,0,0,0,0,0,0,0,0,66
2025-09-27T01:53:20.814Z,59.8,21.1,1.895,49.6,0,60,0,0,0,0,0,0,0,0,66
2025-09-27T01:53:21.821Z,59.9,21.1,1.896,50.4,0,60,0,0,0,0,0,0,0,0,66
2025-09-27T01:53:22.823Z,59.9,21.1,1.895,49.6,0,60,0,0,0,0,0,0,0,0,66
2025-09-27T01:53:23.819Z,59.9,21.1,1.896,50.4,0,60,0,0,0,0,0,0,0,0,66
2025-09-27T01:53:24.827Z,59.9,21.1,1.895,49.6,0,60,0,0,0,0,0,0,0,0,66
2025-09-27T01:53:25.829Z,59.9,21.1,1.895,50.4,0,60,0,0,0,0,0,0,0,0,66
2025-09-27T01:53:26.830Z,59.9,21.1,1.895,49.6,0,60,0,0,0,0,0,0,0,0,66
2025-09-27T01:53:27.823Z,59.9,21.1,1.895,50.4,0,60,0,0,0,0,0,0,0,0,66
2025-09-27T01:53:28.832Z,59.9,21.1,1.896,49.6,0,60,0,0,0,0,0,0,0,0,66
2025-09-27T01:53:29.828Z,59.9,21.1,1.895,50.4,0,60,0,0,0,0,0,0,0,0,66
2025-09-27T01:53:30.831Z,59.9,21.1,1.895,49.6,0,60,0,0,0,0,0,0,0,0,66
2025-09-27T01:53:31.833Z,59.9,21.1,1.895,50.4,0,60,0,0,0,0,0,0,0,0,66
2025-09-27T01:53:32.830Z,59.9,21.1,1.895,49.6,0,60,0,0,0,0,0,0,0,0,66
2025-09-27T01:53:33.834Z,59.9,21.1,1.895,50.4,0,60,0,0,0,0,0,0,0,0,66
2025-09-27T01:53:34.835Z,59.9,21.1,1.895,49.6,0,60,0,0,0,0,0,0,0,0,66
2025-09-27T01:53:35.835Z,59.9,21.1,1.895,50.4,0,60,0,0,0,0,0,0,0,0,66
2025-09-27T01:53:36.833Z,59.9,21.1,1.895,49.6,0,60,0,0,0,0,0,0,0,0,66
2025-09-27T01:53:37.835Z,59.9,21.1,1.895,50.4,0,60,0,0,0,0,0,0,0,0,66
2025-09-27T01:53:38.840Z,59.9,21.1,1.895,49.6,0,60,0,0,0,0,0,0,0,0,66
2025-09-27T01:53:39.837Z,60,21.1,1.895,50.4,0,60,0,0,0,0,0,0,0,0,66
2025-09-27T01:53:40.837Z,60,21.1,1.895,49.6,0,59.9,0,0,0,0,0,0,0,0,66
2025-09-27T01:53:41.844Z,60,21.1,1.895,50.4,0,59.9,0,0,0,0,0,0,0,0,66
2025-09-27T01:53:42.843Z,60,21.1,1.895,49.6,0,59.9,0,0,0,0,0,0,0,0,66
2025-09-27T01:53:43.841Z,60,21.1,1.895,50.4,0,60,0,0,0,0,0,0,0,0,66
2025-09-27T01:53:44.843Z,60,21.1,1.895,49.6,0,60,0,0,0,0,0,0,0,0,66
2025-09-27T01:53:45.841Z,60,21.1,1.895,50.4,0,59.9,0,0,0,0,0,0,0,0,66
2025-09-27T01:53:46.846Z,60,21.1,1.895,49.6,0,59.9,0,0,0,0,0,0,0,0,66
2025-09-27T01:53:47.846Z,60,21.1,1.895,49.6,0,60,0,0,0,0,0,0,0,0,66
2025-09-27T01:53:48.845Z,60,21.1,1.895,50.4,0,60,0,0,0,0,0,0,0,0,66
2025-09-27T01:53:49.847Z,60,21.1,1.895,49.6,0,60,0,0,0,0,0,0,0,0,66
2025-09-27T01:53:50.844Z,60,21.1,1.895,49.6,0,60,0,0,0,0,0,0,0,0,66
2025-09-27T01:53:51.844Z,60,21.1,1.895,49.6,0,59.9,0,0,0,0,0,0,0,0,66
2025-09-27T01:53:52.844Z,60,21.1,1.895,50.4,0,60,0,0,0,0,0,0,0,0,66
2025-09-27T01:53:53.853Z,60,21.1,1.895,49.6,0,59.9,0,0,0,0,0,0,0,0,66
2025-09-27T01:53:54.854Z,60.1,21.1,1.895,50.4,0,60,0,0,0,0,0,0,0,0,66
2025-09-27T01:53:55.852Z,60.1,21.1,1.895,49.6,0,60,0,0,0,0,0,0,0,0,66
2025-09-27T01:53:56.852Z,60.1,21.1,1.895,49.6,0,60,0,0,0,0,0,0,0,0,66
2025-09-27T01:53:57.853Z,60.1,21.1,1.895,50.4,0,59.9,0,0,0,0,0,0,0,0,66
2025-09-27T01:53:58.854Z,60.1,21.1,1.895,49.6,0,59.9,0,0,0,0,0,0,0,0,66
2025-09-27T01:53:59.856Z,60.1,21.1,1.895,50.4,0,60,0,0,0,0,0,0,0,0,66
2025-09-27T01:54:00.852Z,60.1,21.1,1.895,49.6,0,59.9,0,0,0,0,0,0,0,0,66
2025-09-27T01:54:01.856Z,60.1,21.1,1.895,49.6,0,60,0,0,0,0,0,0,0,0,66
2025-09-27T01:54:02.860Z,60.1,21.1,1.895,50.4,0,60,0,0,0,0,0,0,0,0,66
2025-09-27T01:54:03.856Z,60.1,21.1,1.895,49.6,0,60,0,0,0,0,0,0,0,0,66
2025-09-27T01:54:04.861Z,60.1,21.1,1.895,49.6,0,60,0,0,0,0,0,0,0,0,66
2025-09-27T01:54:05.860Z,60.1,21.1,1.895,50.4,0,60,0,0,0,0,0,0,0,0,66
2025-09-27T01:54:06.865Z,60.1,21.1,1.895,49.6,0,59.9,0,0,0,0,0,0,0,0,66
2025-09-27T01:54:07.865Z,60.1,21.1,1.895,50.4,0,60,0,0,0,0,0,0,0,0,66
2025-09-27T01:54:08.862Z,60.1,21.1,1.895,50.4,0,60,0,0,0,0,0,0,0,0,66
2025-09-27T01:54:09.866Z,60.2,21.1,1.895,49.6,0,60,0,0,0,0,0,0,0,0,66
2025-09-27T01:54:10.868Z,60.2,21.1,1.895,50.4,0,60,0,0,0,0,0,0,0,0,66
2025-09-27T01:54:11.871Z,60.2,21.1,1.895,49.6,0,60,0,0,0,0,0,0,0,0,66
2025-09-27T01:54:12.868Z,60.2,21.1,1.895,50.4,0,59.9,0,0,0,0,0,0,0,0,66
2025-09-27T01:54:13.865Z,60.2,21.1,1.895,50.4,0,60,0,0,0,0,0,0,0,0,66
2025-09-27T01:54:14.868Z,60.2,21.1,1.895,49.6,0,59.9,0,0,0,0,0,0,0,0,66
2025-09-27T01:54:15.870Z,60.2,21.1,1.895,50.4,0,59.9,0,0,0,0,0,0,0,0,66
2025-09-27T01:54:16.870Z,60.2,21.1,1.895,49.6,0,59.9,0,0,0,0,0,0,0,0,66
2025-09-27T01:54:17.874Z,60.2,21.1,1.895,50.4,0,59.9,0,0,0,0,0,0,0,0,66
2025-09-27T01:54:18.876Z,60.2,21.1,1.894,49.6,0,59.9,0,0,0,0,0,0,0,0,66
2025-09-27T01:54:19.868Z,60.2,21.1,1.895,49.6,0,59.9,0,0,0,0,0,0,0,0,66
2025-09-27T01:54:20.872Z,60.2,21.1,1.895,49.6,0,59.9,0,0,0,0,0,0,0,0,66
2025-09-27T01:54:21.877Z,60.2,21.1,1.894,50.4,0,59.9,0,0,0,0,0,0,0,0,66
2025-09-27T01:54:22.875Z,60.2,21.1,1.895,50.4,0,59.9,0,0,0,0,0,0,0,0,66
2025-09-27T01:54:23.876Z,60.2,21.1,1.895,49.6,0,59.9,0,0,0,0,0,0,0,0,66
2025-09-27T01:54:24.875Z,60.3,21.1,1.895,50.4,0,59.9,0,0,0,0,0,0,0,0,66
2025-09-27T01:54:25.877Z,60.3,21.1,1.895,49.6,0,60,0,0,0,0,0,0,0,0,66
2025-09-27T01:54:26.881Z,60.3,21.1,1.894,50.4,0,59.9,0,0,0,0,0,0,0,0,66
2025-09-27T01:54:27.879Z,60.3,21.1,1.894,49.6,0,59.9,0,0,0,0,0,0,0,0,66
2025-09-27T01:54:28.883Z,60.3,21.1,1.894,49.6,0,59.9,0,0,0,0,0,0,0,0,66
2025-09-27T01:54:29.885Z,60.3,21.1,1.893,50.4,0,59.9,0,0,0,0,0,0,0,0,66
2025-09-27T01:54:30.885Z,60.3,21.1,1.893,49.6,0,60,0,0,0,0,0,0,0,0,66
2025-09-27T01:54:31.885Z,60.3,21.1,1.893,50.4,0,60,0,0,0,0,0,0,0,0,66
2025-09-27T01:54:32.889Z,60.3,21.1,1.893,49.6,0,59.9,0,0,0,0,0,0,0,0,66
2025-09-27T01:54:33.887Z,60.3,21.1,1.893,50.4,0,59.9,0,0,0,0,0,0,0,0,66
2025-09-27T01:54:34.887Z,60.3,21.1,1.893,50.4,0,59.9,0,0,0,0,0,0,0,0,66
2025-09-27T01:54:35.890Z,60.3,21.1,1.893,49.6,0,59.9,0,0,0,0,0,0,0,0,66
2025-09-27T01:54:36.890Z,60.3,21.1,1.893,50.4,0,59.9,0,0,0,0,0,0,0,0,66
2025-09-27T01:54:37.895Z,60.3,21.1,1.893,49.6,0,59.9,0,0,0,0,0,0,0,0,66
2025-09-27T01:54:38.887Z,60.3,21.1,1.894,50.4,0,59.9,0,0,0,0,0,0,0,0,66
2025-09-27T01:54:39.891Z,60.3,21.1,1.893,49.6,0,59.9,0,0,0,0,0,0,0,0,66
2025-09-27T01:54:40.894Z,60.3,21.1,1.893,50.4,0,59.9,0,0,0,0,0,0,0,0,66
2025-09-27T01:54:41.895Z,60.3,21.1,1.893,49.6,0,59.9,0,0,0,0,0,0,0,0,66
2025-09-27T01:54:42.897Z,60.4,21.1,1.893,50.4,0,59.9,0,0,0,0,0,0,0,0,66
2025-09-27T01:54:43.900Z,60.4,21.1,1.893,49.6,0,59.9,0,0,0,0,0,0,0,0,66
2025-09-27T01:54:44.902Z,60.4,21.1,1.893,50.4,0,59.9,0,0,0,0,0,0,0,0,66
2025-09-27T01:54:45.896Z,60.4,21.1,1.893,49.6,0,59.9,0,0,0,0,0,0,0,0,66
2025-09-27T01:54:46.900Z,60.4,21.1,1.893,49.6,0,59.9,0,0,0,0,0,0,0,0,66
2025-09-27T01:54:47.899Z,60.4,21.1,1.893,49.6,0,59.9,0,0,0,0,0,0,0,0,66
2025-09-27T01:54:48.897Z,60.4,21.1,1.893,50.4,0,59.9,0,0,0,0,0,0,0,0,66
2025-09-27T01:54:49.905Z,60.4,21.1,1.893,49.6,0,59.9,0,0,0,0,0,0,0,0,66
2025-09-27T01:54:50.901Z,60.4,21.1,1.893,50.4,0,59.9,0,0,0,0,0,0,0,0,66
2025-09-27T01:54:51.902Z,60.4,21.1,1.893,49.6,0,59.9,0,0,0,0,0,0,0,0,66
2025-09-27T01:54:52.903Z,60.4,21.1,1.893,50.4,0,59.9,0,0,0,0,0,0,0,0,66
2025-09-27T01:54:53.905Z,60.4,21.1,1.893,50.4,0,59.9,0,0,0,0,0,0,0,0,66
2025-09-27T01:54:54.905Z,60.4,21.1,1.893,49.6,0,59.9,0,0,0,0,0,0,0,0,66
2025-09-27T01:54:55.905Z,60.4,21.1,1.893,50.4,0,59.9,0,0,0,0,0,0,0,0,66
2025-09-27T01:54:56.908Z,60.4,21.1,1.893,49.6,0,59.9,0,0,0,0,0,0,0,0,66
2025-09-27T01:54:57.909Z,60.5,21.1,1.893,50.4,0,59.9,0,0,0,0,0,0,0,0,66
2025-09-27T01:54:58.911Z,60.5,21.1,1.893,49.6,0,59.9,0,0,0,0,0,0,0,0,66
2025-09-27T01:54:59.910Z,60.5,21.1,1.893,50.4,0,59.9,0,0,0,0,0,0,0,0,66
2025-09-27T01:55:00.907Z,60.5,21.1,1.893,49.6,0,59.9,0,0,0,0,0,0,0,0,66
2025-09-27T01:55:01.911Z,60.5,21.1,1.893,49.6,0,59.9,0,0,0,0,0,0,0,0,66
2025-09-27T01:55:02.913Z,60.5,21.1,1.893,49.6,0,59.9,0,0,0,0,0,0,0,0,66
2025-09-27T01:55:03.918Z,60.5,21.1,1.893,50.4,0,59.9,0,0,0,0,0,0,0,0,66
2025-09-27T01:55:04.914Z,60.5,21.1,1.893,49.6,0,59.9,0,0,0,0,0,0,0,0,66
2025-09-27T01:55:05.915Z,60.5,21.1,1.893,50.4,0,59.9,0,0,0,0,0,0,0,0,66
2025-09-27T01:55:06.917Z,60.5,21.1,1.893,49.6,0,59.9,0,0,0,0,0,0,0,0,66
2025-09-27T01:55:07.923Z,60.5,21.1,1.894,50.4,0,59.9,0,0,0,0,0,0,0,0,66
2025-09-27T01:55:08.921Z,60.5,21.1,1.893,49.6,0,59.9,0,0,0,0,0,0,0,0,66
2025-09-27T01:55:09.922Z,60.5,21.1,1.893,50.4,0,59.9,0,0,0,0,0,0,0,0,66
2025-09-27T01:55:10.922Z,60.5,21.1,1.893,49.6,0,59.9,0,0,0,0,0,0,0,0,66
2025-09-27T01:55:11.923Z,60.5,21.1,1.893,50.4,0,59.9,0,0,0,0,0,0,0,0,66
2025-09-27T01:55:12.923Z,60.6,21.1,1.893,49.6,0,59.9,0,0,0,0,0,0,0,0,66
2025-09-27T01:55:13.928Z,60.6,21.1,1.893,50.4,0,59.9,0,0,0,0,0,0,0,0,66
2025-09-27T01:55:14.931Z,60.6,21.1,1.893,49.6,0,59.9,0,0,0,0,0,0,0,0,66
2025-09-27T01:55:15.931Z,60.6,21.1,1.893,50.4,0,59.9,0,0,0,0,0,0,0,0,66
2025-09-27T01:55:16.926Z,60.6,21.1,1.893,49.6,0,59.9,0,0,0,0,0,0,0,0,66
2025-09-27T01:55:17.928Z,60.6,21.1,1.893,50.4,0,59.9,0,0,0,0,0,0,0,0,66
2025-09-27T01:55:18.932Z,60.6,21.1,1.893,49.6,0,59.9,0,0,0,0,0,0,0,0,66
2025-09-27T01:55:19.926Z,60.6,21.1,1.893,50.4,0,59.9,0,0,0,0,0,0,0,0,66
2025-09-27T01:55:20.930Z,60.6,21.1,1.893,49.6,0,59.9,0,0,0,0,0,0,0,0,66
2025-09-27T01:55:21.930Z,60.6,21.1,1.893,50.4,0,59.9,0,0,0,0,0,0,0,0,66
2025-09-27T01:55:22.931Z,60.6,21.1,1.893,49.6,0,59.9,0,0,0,0,0,0,0,0,66
2025-09-27T01:55:23.935Z,60.6,21.1,1.893,50.4,0,59.9,0,0,0,0,0,0,0,0,66
2025-09-27T01:55:24.938Z,60.6,21.1,1.893,49.6,0,59.9,0,0,0,0,0,0,0,0,66
2025-09-27T01:55:25.934Z,60.6,21.1,1.893,50.4,0,59.9,0,0,0,0,0,0,0,0,66
2025-09-27T01:55:26.935Z,60.6,21.1,1.893,49.6,0,59.9,0,0,0,0,0,0,0,0,66
2025-09-27T01:55:27.936Z,60.6,21.1,1.893,50.4,0,59.9,0,0,0,0,0,0,0,0,66
2025-09-27T01:55:28.936Z,60.6,21.1,1.893,49.6,0,59.9,0,0,0,0,0,0,0,0,66
2025-09-27T01:55:29.940Z,60.6,21.1,1.893,50.4,0,59.9,0,0,0,0,0,0,0,0,66
2025-09-27T01:55:30.949Z,60.6,21.1,1.893,49.6,0,59.9,0,0,0,0,0,0,0,0,66
2025-09-27T01:55:31.942Z,60.6,21.1,1.893,50.4,0,59.9,0,0,0,0,0,0,0,0,66
2025-09-27T01:55:32.938Z,60.7,21.1,1.892,49.6,0,59.9,0,0,0,0,0,0,0,0,66
2025-09-27T01:55:33.945Z,60.7,21.1,1.893,50.4,0,59.9,0,0,0,0,0,0,0,0,66
2025-09-27T01:55:34.946Z,60.7,21.1,1.893,49.6,0,59.9,0,0,0,0,0,0,0,0,66
2025-09-27T01:55:35.946Z,60.7,21.1,1.893,50.4,0,59.9,0,0,0,0,0,0,0,0,66
2025-09-27T01:55:36.947Z,60.7,21.1,1.893,49.6,0,59.9,0,0,0,0,0,0,0,0,66
2025-09-27T01:55:37.950Z,60.7,21.1,1.893,50.4,0,59.9,0,0,0,0,0,0,0,0,66
2025-09-27T01:55:38.946Z,60.7,21.1,1.893,49.6,0,59.9,0,0,0,0,0,0,0,0,66
2025-09-27T01:55:39.950Z,60.7,21.1,1.893,50.4,0,59.9,0,0,0,0,0,0,0,0,66
2025-09-27T01:55:40.948Z,60.7,21.1,1.893,49.6,0,59.9,0,0,0,0,0,0,0,0,66
2025-09-27T01:55:41.951Z,60.7,21.1,1.893,50.4,0,59.9,0,0,0,0,0,0,0,0,66
2025-09-27T01:55:42.950Z,60.7,21.1,1.893,49.6,0,59.9,0,0,0,0,0,0,0,0,66
2025-09-27T01:55:43.952Z,60.7,21.1,1.893,50.4,0,59.9,0,0,0,0,0,0,0,0,66
2025-09-27T01:55:44.964Z,60.7,21.1,1.892,49.6,0,59.9,0,0,0,0,0,0,0,0,66
2025-09-27T01:55:45.960Z,60.7,21.1,1.893,50.4,0,59.9,0,0,0,0,0,0,0,0,66
2025-09-27T01:55:46.957Z,60.7,21.1,1.893,49.6,0,59.9,0,0,0,0,0,0,0,0,66
2025-09-27T01:55:47.955Z,60.7,21.1,1.893,50.4,0,59.9,0,0,0,0,0,0,0,0,66
2025-09-27T01:55:48.956Z,60.7,21.1,1.893,49.6,0,59.9,0,0,0,0,0,0,0,0,66
2025-09-27T01:55:49.960Z,60.7,21.1,1.893,50.4,0,59.9,0,0,0,0,0,0,0,0,66
2025-09-27T01:55:50.959Z,60.7,21.1,1.893,49.6,0,59.9,0,0,0,0,0,0,0,0,66
2025-09-27T01:55:51.960Z,60.7,21.1,1.893,50.4,0,59.9,0,0,0,0,0,0,0,0,66
2025-09-27T01:55:52.961Z,60.8,21.1,1.893,49.6,0,59.9,0,0,0,0,0,0,0,0,66
2025-09-27T01:55:53.960Z,60.8,21.1,1.893,50.4,0,59.9,0,0,0,0,0,0,0,0,66
2025-09-27T01:55:54.961Z,60.8,21.1,1.893,49.6,0,59.9,0,0,0,0,0,0,0,0,66
2025-09-27T01:55:55.964Z,60.8,21.1,1.893,50.4,0,59.9,0,0,0,0,0,0,0,0,66
2025-09-27T01:55:56.962Z,60.8,21.1,1.893,49.6,0,59.9,0,0,0,0,0,0,0,0,66
2025-09-27T01:55:57.968Z,60.8,21.1,1.893,50.4,0,59.9,0,0,0,0,0,0,0,0,66
2025-09-27T01:55:58.969Z,60.8,21.1,1.893,49.6,0,59.9,0,0,0,0,0,0,0,0,66
2025-09-27T01:55:59.967Z,60.8,21.1,1.893,50.4,0,59.9,0,0,0,0,0,0,0,0,66
2025-09-27T01:56:00.969Z,60.8,21.1,1.893,49.6,0,59.9,0,0,0,0,0,0,0,0,66
2025-09-27T01:56:01.967Z,60.8,21.1,1.893,50.4,0,59.9,0,0,0,0,0,0,0,0,66
2025-09-27T01:56:02.973Z,60.8,21.1,1.893,49.6,0,59.9,0,0,0,0,0,0,0,0,66
2025-09-27T01:56:03.969Z,60.8,21.1,1.893,49.6,0,59.9,0,0,0,0,0,0,0,0,66
2025-09-27T01:56:04.972Z,60.8,21.1,1.893,49.6,0,59.9,0,0,0,0,0,0,0,0,66
2025-09-27T01:56:05.976Z,60.8,21.1,1.893,50.4,0,59.9,0,0,0,0,0,0,0,0,66
2025-09-27T01:56:06.974Z,60.8,21.1,1.893,49.6,0,59.9,0,0,0,0,0,0,0,0,66
2025-09-27T01:56:07.976Z,60.8,21.1,1.893,50.4,0,59.9,0,0,0,0,0,0,0,0,66
2025-09-27T01:56:08.976Z,60.8,21.1,1.893,49.6,0,59.9,0,0,0,0,0,0,0,0,66
2025-09-27T01:56:09.973Z,60.8,21.1,1.893,50.4,0,59.9,0,0,0,0,0,0,0,0,66
2025-09-27T01:56:10.972Z,60.8,21.1,1.893,49.6,0,59.9,0,0,0,0,0,0,0,0,66
2025-09-27T01:56:11.981Z,60.8,21.1,1.893,50.4,0,59.9,0,0,0,0,0,0,0,0,66
2025-09-27T01:56:12.977Z,60.8,21.1,1.893,49.6,0,59.9,0,0,0,0,0,0,0,0,66
2025-09-27T01:56:13.979Z,60.8,21.1,1.893,50.4,0,59.9,0,0,0,0,0,0,0,0,66
2025-09-27T01:56:14.983Z,60.8,21.1,1.893,49.6,0,59.9,0,0,0,0,0,0,0,0,66
2025-09-27T01:56:15.983Z,60.8,21.1,1.893,50.4,0,59.9,0,0,0,0,0,0,0,0,66
2025-09-27T01:56:16.981Z,60.9,21.1,1.893,49.6,0,59.9,0,0,0,0,0,0,0,0,66
2025-09-27T01:56:17.983Z,60.9,21.1,1.893,50.4,0,59.9,0,0,0,0,0,0,0,0,66
2025-09-27T01:56:18.988Z,60.9,21.1,1.892,49.6,0,59.9,0,0,0,0,0,0,0,0,66
2025-09-27T01:56:19.986Z,60.9,21.1,1.893,50.4,0,59.9,0,0,0,0,0,0,0,0,66
2025-09-27T01:56:20.984Z,60.9,21.1,1.893,49.6,0,59.9,0,0,0,0,0,0,0,0,66
2025-09-27T01:56:21.984Z,60.9,21.1,1.893,50.4,0,59.9,0,0,0,0,0,0,0,0,66
2025-09-27T01:56:22.994Z,60.9,21.1,1.892,49.6,0,59.9,0,0,0,0,0,0,0,0,66
2025-09-27T01:56:23.983Z,60.9,21.1,1.893,50.4,0,59.9,0,0,0,0,0,0,0,0,66
2025-09-27T01:56:24.988Z,60.9,21.1,1.893,49.6,0,59.9,0,0,0,0,0,0,0,0,66
2025-09-27T01:56:25.995Z,60.9,21.1,1.892,50.4,0,59.9,0,0,0,0,0,0,0,0,66
2025-09-27T01:56:26.995Z,60.9,21.1,1.892,49.6,0,59.9,0,0,0,0,0,0,0,0,66
2025-09-27T01:56:27.992Z,60.9,21.1,1.893,50.4,0,59.9,0,0,0,0,0,0,0,0,66
2025-09-27T01:56:28.991Z,60.9,21.1,1.893,49.6,0,59.9,0,0,0,0,0,0,0,0,66
2025-09-27T01:56:30.001Z,60.9,21.1,1.892,50.4,0,59.9,0,0,0,0,0,0,0,0,66
2025-09-27T01:56:30.997Z,60.9,21.1,1.893,49.6,0,59.9,0,0,0,0,0,0,0,0,66
2025-09-27T01:56:31.993Z,60.9,21.1,1.893,50.4,0,59.9,0,0,0,0,0,0,0,0,66
2025-09-27T01:56:32.997Z,60.9,21.1,1.892,49.6,0,59.9,0,0,0,0,0,0,0,0,66
2025-09-27T01:56:33.998Z,60.9,21.1,1.893,50.4,0,59.9,0,0,0,0,0,0,0,0,66
2025-09-27T01:56:34.997Z,60.9,21.1,1.893,49.6,0,59.9,0,0,0,0,0,0,0,0,66
2025-09-27T01:56:35.996Z,60.9,21.1,1.892,49.6,0,59.9,0,0,0,0,0,0,0,0,66
2025-09-27T01:56:37.001Z,60.9,21.1,1.893,49.6,0,59.9,0,0,0,0,0,0,0,0,66
2025-09-27T01:56:38.001Z,60.9,21.1,1.892,50.4,0,59.9,0,0,0,0,0,0,0,0,66
2025-09-27T01:56:39.004Z,60.9,21.1,1.892,49.6,0,59.9,0,0,0,0,0,0,0,0,66
2025-09-27T01:56:40.001Z,60.9,21.1,1.892,50.4,0,59.9,0,0,0,0,0,0,0,0,66
2025-09-27T01:56:40.999Z,60.9,21.1,1.892,49.6,0,59.9,0,0,0,0,0,0,0,0,66
2025-09-27T01:56:42.002Z,60.9,21.1,1.892,50.4,0,59.9,0,0,0,0,0,0,0,0,66
2025-09-27T01:56:43.005Z,60.9,21.1,1.892,49.6,0,59.9,0,0,0,0,0,0,0,0,66
2025-09-27T01:56:44.006Z,60.9,21.1,1.892,50.4,0,59.9,0,0,0,0,0,0,0,0,66
2025-09-27T01:56:45.006Z,60.9,21.1,1.893,49.6,0,59.9,0,0,0,0,0,0,0,0,66
2025-09-27T01:56:46.009Z,60.9,21.1,1.892,50.4,0,59.9,0,0,0,0,0,0,0,0,66
2025-09-27T01:56:47.007Z,60.9,21.1,1.892,49.6,0,59.9,0,0,0,0,0,0,0,0,66
2025-09-27T01:56:48.008Z,60.9,21.1,1.892,50.4,0,59.9,0,0,0,0,0,0,0,0,66
2025-09-27T01:56:49.007Z,60.9,21.1,1.892,49.6,0,59.9,0,0,0,0,0,0,0,0,66
2025-09-27T01:56:50.011Z,60.9,21.1,1.892,50.4,0,59.9,0,0,0,0,0,0,0,0,66
2025-09-27T01:56:51.013Z,61,21.1,1.893,49.6,0,59.9,0,0,0,0,0,0,0,0,66
2025-09-27T01:56:52.014Z,61,21.1,1.892,50.4,0,59.9,0,0,0,0,0,0,0,0,66
2025-09-27T01:56:53.013Z,61,21.1,1.892,49.6,0,59.9,0,0,0,0,0,0,0,0,66
2025-09-27T01:56:54.013Z,61,21.1,1.892,50.4,0,59.9,0,0,0,0,0,0,0,0,66
2025-09-27T01:56:55.015Z,61,21.1,1.892,49.6,0,59.9,0,0,0,0,0,0,0,0,66
2025-09-27T01:56:56.016Z,61,21.1,1.892,50.4,0,59.9,0,0,0,0,0,0,0,0,66
2025-09-27T01:56:57.020Z,60.9,21.1,1.891,49.6,0,59.9,0,0,0,0,0,0,0,0,66
2025-09-27T01:56:58.018Z,60.9,21.1,1.893,50.4,0,59.9,0,0,0,0,0,0,0,0,66
2025-09-27T01:56:59.025Z,60.9,21.1,1.891,49.6,0,59.9,0,0,0,0,0,0,0,0,66
2025-09-27T01:57:00.019Z,61,21.1,1.892,50.4,0,59.9,0,0,0,0,0,0,0,0,66
2025-09-27T01:57:01.021Z,61,21.1,1.893,49.6,0,59.9,0,0,0,0,0,0,0,0,66
2025-09-27T01:57:02.023Z,61,21.1,1.891,50.4,0,59.9,0,0,0,0,0,0,0,0,66
2025-09-27T01:57:03.022Z,61,21.1,1.892,49.6,0,59.9,0,0,0,0,0,0,0,0,66
2025-09-27T01:57:04.027Z,61,21.1,1.891,49.6,0,59.9,0,0,0,0,0,0,0,0,66
2025-09-27T01:57:05.029Z,61,21.1,1.891,49.6,0,59.9,0,0,0,0,0,0,0,0,66
2025-09-27T01:57:06.026Z,61,21.1,1.891,50.4,0,59.9,0,0,0,0,0,0,0,0,66
2025-09-27T01:57:07.029Z,61,21.1,1.891,49.6,0,59.9,0,0,0,0,0,0,0,0,66
2025-09-27T01:57:08.029Z,61,21.1,1.891,50.4,0,59.9,0,0,0,0,0,0,0,0,66
2025-09-27T01:57:09.031Z,61,21.1,1.891,49.6,0,59.9,0,0,0,0,0,0,0,0,66
2025-09-27T01:57:10.032Z,61,21.1,1.891,50.4,0,59.9,0,0,0,0,0,0,0,0,66
2025-09-27T01:57:11.026Z,61,21.1,1.892,49.6,0,59.9,0,0,0,0,0,0,0,0,66
2025-09-27T01:57:12.031Z,61,21.1,1.892,50.4,0,59.9,0,0,0,0,0,0,0,0,66
2025-09-27T01:57:13.030Z,61,21.1,1.892,49.6,0,59.9,0,0,0,0,0,0,0,0,66
2025-09-27T01:57:14.034Z,61,21.1,1.892,50.4,0,59.9,0,0,0,0,0,0,0,0,66
2025-09-27T01:57:15.034Z,61,21.1,1.892,49.6,0,59.9,0,0,0,0,0,0,0,0,66
2025-09-27T01:57:16.032Z,61,21.1,1.892,50.4,0,59.9,0,0,0,0,0,0,0,0,66
2025-09-27T01:57:17.040Z,61,21.1,1.891,49.6,0,59.9,0,0,0,0,0,0,0,0,66
2025-09-27T01:57:18.039Z,61,21.1,1.891,50.4,0,59.9,0,0,0,0,0,0,0,0,66
2025-09-27T01:57:19.035Z,61,21.1,1.892,49.6,0,59.9,0,0,0,0,0,0,0,0,66
2025-09-27T01:57:20.036Z,61,21.1,1.892,50.4,0,59.9,0,0,0,0,0,0,0,0,66
2025-09-27T01:57:21.040Z,61,21.1,1.891,49.6,0,59.9,0,0,0,0,0,0,0,0,66
2025-09-27T01:57:22.042Z,61,21.1,1.891,50.4,0,59.9,0,0,0,0,0,0,0,0,66
2025-09-27T01:57:23.040Z,61,21.1,1.891,49.6,0,59.9,0,0,0,0,0,0,0,0,66
2025-09-27T01:57:24.042Z,61,21.1,1.891,49.6,0,59.9,0,0,0,0,0,0,0,0,66
2025-09-27T01:57:25.046Z,61,21.1,1.891,49.6,0,59.9,0,0,0,0,0,0,0,0,66
2025-09-27T01:57:26.041Z,61,21.1,1.892,49.6,0,59.9,0,0,0,0,0,0,0,0,66
2025-09-27T01:57:27.040Z,61,21.1,1.892,50.4,0,59.9,0,0,0,0,0,0,0,0,66
2025-09-27T01:57:28.047Z,60.9,21.1,1.892,49.6,0,59.9,0,0,0,0,0,0,0,0,66
2025-09-27T01:57:29.050Z,60.9,21.1,1.891,50.4,0,59.9,0,0,0,0,0,0,0,0,66
2025-09-27T01:57:30.052Z,60.9,21.1,1.892,49.6,0,59.9,0,0,0,0,0,0,0,0,66
2025-09-27T01:57:31.048Z,60.9,21.1,1.892,50.4,0,59.9,0,0,0,0,0,0,0,0,66
2025-09-27T01:57:32.046Z,60.9,21.1,1.892,49.6,0,59.9,0,0,0,0,0,0,0,0,66
2025-09-27T01:57:33.055Z,60.9,21.1,1.891,50.4,0,59.9,0,0,0,0,0,0,0,0,66
2025-09-27T01:57:34.047Z,60.9,21.1,1.893,49.6,0,59.9,0,0,0,0,0,0,0,0,66
2025-09-27T01:57:35.056Z,60.9,21.1,1.892,50.4,0,59.9,0,0,0,0,0,0,0,0,66
2025-09-27T01:57:36.058Z,60.9,21.1,1.892,49.6,0,59.9,0,0,0,0,0,0,0,0,66
2025-09-27T01:57:37.053Z,60.9,21.1,1.892,50.4,0,59.9,0,0,0,0,0,0,0,0,66
2025-09-27T01:57:38.054Z,60.9,21.1,1.892,49.6,0,59.9,0,0,0,0,0,0,0,0,66
2025-09-27T01:57:39.058Z,60.9,21.1,1.892,50.4,0,59.9,0,0,0,0,0,0,0,0,66
2025-09-27T01:57:40.053Z,60.9,21.1,1.893,49.6,0,59.9,0,0,0,0,0,0,0,0,66
2025-09-27T01:57:41.063Z,60.9,21.1,1.892,50.4,0,59.9,0,0,0,0,0,0,0,0,66
2025-09-27T01:57:42.059Z,60.9,21.1,1.892,49.6,0,59.9,0,0,0,0,0,0,0,0,66
2025-09-27T01:57:43.063Z,60.9,21.1,1.892,49.6,0,59.9,0,0,0,0,0,0,0,0,66
2025-09-27T01:57:44.061Z,60.9,21.1,1.892,49.6,0,59.9,0,0,0,0,0,0,0,0,66
2025-09-27T01:57:45.078Z,60.9,21.1,1.892,50.4,0,59.9,0,0,0,0,0,0,0,0,66
2025-09-27T01:57:46.065Z,60.9,21.1,1.892,49.6,0,59.9,0,0,0,0,0,0,0,0,66
2025-09-27T01:57:47.064Z,60.9,21.1,1.892,50.4,0,59.9,0,0,0,0,0,0,0,0,66
2025-09-27T01:57:48.060Z,60.9,21.1,1.892,49.6,0,59.9,0,0,0,0,0,0,0,0,66
2025-09-27T01:57:49.061Z,60.9,21.1,1.892,50.4,0,59.9,0,0,0,0,0,0,0,0,66
2025-09-27T01:57:50.066Z,60.9,21.1,1.892,49.6,0,59.9,0,0,0,0,0,0,0,0,66
2025-09-27T01:57:51.069Z,60.9,21.1,1.892,49.6,0,59.9,0,0,0,0,0,0,0,0,66
2025-09-27T01:57:52.065Z,60.9,21.1,1.892,49.6,0,59.9,0,0,0,0,0,0,0,0,66
2025-09-27T01:57:53.068Z,60.9,21.1,1.892,50.4,0,59.9,0,0,0,0,0,0,0,0,66
2025-09-27T01:57:54.070Z,60.9,21.1,1.892,49.6,0,59.9,0,0,0,0,0,0,0,0,66
2025-09-27T01:57:55.073Z,60.9,21.1,1.892,50.4,0,59.9,0,0,0,0,0,0,0,0,66
2025-09-27T01:57:56.070Z,60.9,21.1,1.892,49.6,0,59.9,0,0,0,0,0,0,0,0,66
2025-09-27T01:57:57.070Z,60.9,21.1,1.892,50.4,0,59.9,0,0,0,0,0,0,0,0,66
2025-09-27T01:57:58.070Z,60.9,21.1,1.893,49.6,0,59.9,0,0,0,0,0,0,0,0,66
2025-09-27T01:57:59.073Z,60.9,21.1,1.891,50.4,0,59.9,0,0,0,0,0,0,0,0,66
2025-09-27T01:58:00.077Z,60.8,21.1,1.892,49.6,0,59.9,0,0,0,0,0,0,0,0,66
2025-09-27T01:58:01.074Z,60.8,21.1,1.892,50.4,0,59.9,0,0,0,0,0,0,0,0,66
2025-09-27T01:58:02.078Z,60.8,21.1,1.892,49.6,0,59.9,0,0,0,0,0,0,0,0,66
2025-09-27T01:58:03.077Z,60.8,21.1,1.892,50.4,0,59.9,0,0,0,0,0,0,0,0,66
2025-09-27T01:58:04.084Z,60.8,21.1,1.892,49.6,0,59.9,0,0,0,0,0,0,0,0,66
2025-09-27T01:58:05.076Z,60.8,21.1,1.893,50.4,0,59.9,0,0,0,0,0,0,0,0,66
2025-09-27T01:58:06.084Z,60.8,21.1,1.892,49.6,0,59.9,0,0,0,0,0,0,0,0,66
2025-09-27T01:58:07.088Z,60.8,21.1,1.892,50.4,0,59.9,0,0,0,0,0,0,0,0,66
2025-09-27T01:58:08.083Z,60.8,21.1,1.892,49.6,0,59.9,0,0,0,0,0,0,0,0,66
2025-09-27T01:58:09.083Z,60.8,21.1,1.892,50.4,0,59.9,0,0,0,0,0,0,0,0,66
2025-09-27T01:58:10.082Z,60.8,21.1,1.893,49.6,0,59.9,0,0,0,0,0,0,0,0,66
2025-09-27T01:58:11.084Z,60.8,21.1,1.893,50.4,0,59.9,0,0,0,0,0,0,0,0,66
2025-09-27T01:58:12.084Z,60.8,21.1,1.893,49.6,0,59.9,0,0,0,0,0,0,0,0,66
2025-09-27T01:58:13.088Z,60.8,21.1,1.892,50.4,0,59.9,0,0,0,0,0,0,0,0,66
2025-09-27T01:58:14.089Z,60.8,21.1,1.892,49.6,0,59.9,0,0,0,0,0,0,0,0,66
2025-09-27T01:58:15.088Z,60.8,21.1,1.893,50.4,0,59.9,0,0,0,0,0,0,0,0,66
2025-09-27T01:58:16.090Z,60.8,21.1,1.892,49.6,0,59.9,0,0,0,0,0,0,0,0,66
2025-09-27T01:58:17.092Z,60.8,21.1,1.892,50.4,0,59.9,0,0,0,0,0,0,0,0,66
2025-09-27T01:58:18.090Z,60.8,21.1,1.892,49.6,0,59.9,0,0,0,0,0,0,0,0,66
2025-09-27T01:58:19.095Z,60.8,21.1,1.892,50.4,0,59.9,0,0,0,0,0,0,0,0,66
2025-09-27T01:58:20.091Z,60.8,21.1,1.892,49.6,0,59.9,0,0,0,0,0,0,0,0,66
2025-09-27T01:58:21.091Z,60.8,21.1,1.893,50.4,0,59.9,0,0,0,0,0,0,0,0,66
2025-09-27T01:58:22.094Z,60.8,21.1,1.892,49.6,0,59.9,0,0,0,0,0,0,0,0,66
2025-09-27T01:58:23.098Z,60.8,21.1,1.892,50.4,0,59.9,0,0,0,0,0,0,0,0,66
2025-09-27T01:58:24.094Z,60.7,21.1,1.893,49.6,0,59.9,0,0,0,0,0,0,0,0,66
2025-09-27T01:58:25.097Z,60.8,21.1,1.892,50.4,0,59.9,0,0,0,0,0,0,0,0,66
2025-09-27T01:58:26.098Z,60.7,21.1,1.892,49.6,0,59.9,0,0,0,0,0,0,0,0,66
2025-09-27T01:58:27.098Z,60.7,21.1,1.892,50.4,0,59.9,0,0,0,0,0,0,0,0,66
2025-09-27T01:58:28.097Z,60.7,21.1,1.893,49.6,0,59.9,0,0,0,0,0,0,0,0,66
2025-09-27T01:58:29.101Z,60.7,21.1,1.892,50.4,0,59.9,0,0,0,0,0,0,0,0,66
2025-09-27T01:58:30.099Z,60.7,21.1,1.893,49.6,0,59.9,0,0,0,0,0,0,0,0,66
2025-09-27T01:58:31.102Z,60.7,21.1,1.892,49.6,0,59.9,0,0,0,0,0,0,0,0,66
2025-09-27T01:58:32.101Z,60.7,21.1,1.892,50.4,0,59.9,0,0,0,0,0,0,0,0,66
2025-09-27T01:58:33.101Z,60.7,21.1,1.893,49.6,0,59.9,0,0,0,0,0,0,0,0,66
2025-09-27T01:58:34.107Z,60.7,21.1,1.892,50.4,0,59.9,0,0,0,0,0,0,0,0,66
2025-09-27T01:58:35.107Z,60.7,21.1,1.892,49.6,0,59.9,0,0,0,0,0,0,0,0,66
2025-09-27T01:58:36.105Z,60.7,21.1,1.893,49.6,0,59.9,0,0,0,0,0,0,0,0,66
2025-09-27T01:58:37.108Z,60.7,21.1,1.892,49.6,0,59.9,0,0,0,0,0,0,0,0,66
2025-09-27T01:58:38.108Z,60.7,21.1,1.893,50.4,0,59.9,0,0,0,0,0,0,0,0,66
2025-09-27T01:58:39.110Z,60.7,21.1,1.893,49.6,0,59.9,0,0,0,0,0,0,0,0,66
2025-09-27T01:58:40.116Z,60.7,21.1,1.892,50.4,0,59.9,0,0,0,0,0,0,0,0,66
2025-09-27T01:58:41.108Z,60.7,21.1,1.893,49.6,0,59.9,0,0,0,0,0,0,0,0,66
2025-09-27T01:58:42.114Z,60.7,21.1,1.892,50.4,0,59.9,0,0,0,0,0,0,0,0,66
2025-09-27T01:58:43.110Z,60.7,21.1,1.893,49.6,0,59.9,0,0,0,0,0,0,0,0,66
2025-09-27T01:58:44.117Z,60.7,21.1,1.892,50.4,0,59.9,0,0,0,0,0,0,0,0,66
2025-09-27T01:58:45.114Z,60.7,21.1,1.893,49.6,0,59.9,0,0,0,0,0,0,0,0,66
2025-09-27T01:58:46.114Z,60.7,21.1,1.893,49.6,0,60,0,0,0,0,0,0,0,0,66
2025-09-27T01:58:47.123Z,60.7,21.1,1.893,50.4,0,60,0,0,0,0,0,0,0,0,66
2025-09-27T01:58:48.116Z,60.7,21.1,1.893,49.6,0,60,0,0,0,0,0,0,0,0,66
2025-09-27T01:58:49.117Z,60.7,21.1,1.893,50.4,0,60,0,0,0,0,0,0,0,0,66
2025-09-27T01:58:50.121Z,60.7,21.1,1.893,49.6,0,60,0,0,0,0,0,0,0,0,66
2025-09-27T01:58:51.119Z,60.6,21.1,1.893,50.4,0,59.9,0,0,0,0,0,0,0,0,66
2025-09-27T01:58:52.118Z,60.7,21.1,1.893,49.6,0,60,0,0,0,0,0,0,0,0,66
2025-09-27T01:58:53.123Z,60.6,21.1,1.893,50.4,0,60,0,0,0,0,0,0,0,0,66
2025-09-27T01:58:54.121Z,60.6,21.1,1.893,49.6,0,60,0,0,0,0,0,0,0,0,66
2025-09-27T01:58:55.126Z,60.6,21.1,1.893,50.4,0,60,0,0,0,0,0,0,0,0,66
2025-09-27T01:58:56.126Z,60.6,21.1,1.893,49.6,0,60,0,0,0,0,0,0,0,0,66
2025-09-27T01:58:57.125Z,60.6,21.1,1.893,50.4,0,59.9,0,0,0,0,0,0,0,0,66
2025-09-27T01:58:58.127Z,60.6,21.1,1.893,49.6,0,60,0,0,0,0,0,0,0,0,66
2025-09-27T01:58:59.128Z,60.6,21.1,1.893,50.4,0,60,0,0,0,0,0,0,0,0,66
2025-09-27T01:59:00.128Z,60.6,21.1,1.893,49.6,0,60,0,0,0,0,0,0,0,0,66
2025-09-27T01:59:01.130Z,60.6,21.1,1.893,50.4,0,60,0,0,0,0,0,0,0,0,66
2025-09-27T01:59:02.130Z,60.6,21.1,1.893,49.6,0,60,0,0,0,0,0,0,0,0,66
2025-09-27T01:59:03.132Z,60.6,21.1,1.893,50.4,0,59.9,0,0,0,0,0,0,0,0,66
2025-09-27T01:59:04.131Z,60.6,21.1,1.893,49.6,0,60,0,0,0,0,0,0,0,0,66
2025-09-27T01:59:05.135Z,60.6,21.1,1.893,50.4,0,60,0,0,0,0,0,0,0,0,66
2025-09-27T01:59:06.135Z,60.6,21.1,1.893,49.6,0,60,0,0,0,0,0,0,0,0,66
2025-09-27T01:59:07.136Z,60.6,21.1,1.893,50.4,0,60,0,0,0,0,0,0,0,0,66
2025-09-27T01:59:08.135Z,60.6,21.1,1.893,49.6,0,60,0,0,0,0,0,0,0,0,66
2025-09-27T01:59:09.134Z,60.6,21.1,1.893,50.4,0,60,0,0,0,0,0,0,0,0,66
2025-09-27T01:59:10.142Z,60.6,21.1,1.893,49.6,0,60,0,0,0,0,0,0,0,0,66
2025-09-27T01:59:11.141Z,60.5,21.1,1.893,50.4,0,60,0,0,0,0,0,0,0,0,66
2025-09-27T01:59:12.144Z,60.6,21.1,1.893,49.6,0,60,0,0,0,0,0,0,0,0,66
2025-09-27T01:59:13.143Z,60.5,21.1,1.893,50.4,0,60,0,0,0,0,0,0,0,0,66
2025-09-27T01:59:14.145Z,60.5,21.1,1.893,49.6,0,60,0,0,0,0,0,0,0,0,66
2025-09-27T01:59:15.146Z,60.5,21.1,1.893,49.6,0,60,0,0,0,0,0,0,0,0,66
2025-09-27T01:59:16.150Z,60.5,21.1,1.894,50.4,0,60,0,0,0,0,0,0,0,0,66
2025-09-27T01:59:17.144Z,60.5,21.1,1.893,49.6,0,60,0,0,0,0,0,0,0,0,66
2025-09-27T01:59:18.145Z,60.5,21.1,1.893,50.4,0,60,0,0,0,0,0,0,0,0,66
2025-09-27T01:59:19.144Z,60.5,21.1,1.893,49.6,0,60,0,0,0,0,0,0,0,0,66
2025-09-27T01:59:20.145Z,60.5,21.1,1.893,50.4,0,60,0,0,0,0,0,0,0,0,66
2025-09-27T01:59:21.143Z,60.5,21.1,1.893,49.6,0,60,0,0,0,0,0,0,0,0,66
2025-09-27T01:59:22.144Z,60.5,21.1,1.893,50.4,0,60,0,0,0,0,0,0,0,0,66
2025-09-27T01:59:23.152Z,60.5,21.1,1.894,49.6,0,60,0,0,0,0,0,0,0,0,66
2025-09-27T01:59:24.150Z,60.5,21.1,1.893,50.4,0,60,0,0,0,0,0,0,0,0,66
2025-09-27T01:59:25.148Z,60.5,21.1,1.893,49.6,0,60,0,0,0,0,0,0,0,0,66
2025-09-27T01:59:26.154Z,60.5,21.1,1.893,50.4,0,60,0,0,0,0,0,0,0,0,66
2025-09-27T01:59:27.153Z,60.5,21.1,1.893,49.6,0,60,0,0,0,0,0,0,0,0,66
2025-09-27T01:59:28.150Z,60.5,21.1,1.893,50.4,0,60,0,0,0,0,0,0,0,0,66
2025-09-27T01:59:29.152Z,60.5,21.1,1.893,49.6,0,60,0,0,0,0,0,0,0,0,66
2025-09-27T01:59:30.153Z,60.5,21.1,1.893,49.6,0,60,0,0,0,0,0,0,0,0,66
2025-09-27T01:59:31.150Z,60.5,21.1,1.893,49.6,0,60,0,0,0,0,0,0,0,0,66
2025-09-27T01:59:32.152Z,60.4,21.1,1.893,49.6,0,60,0,0,0,0,0,0,0,0,66
2025-09-27T01:59:33.153Z,60.4,21.1,1.893,50.4,0,60,0,0,0,0,0,0,0,0,66
2025-09-27T01:59:34.158Z,60.4,21.1,1.893,49.6,0,60,0,0,0,0,0,0,0,0,66
2025-09-27T01:59:35.161Z,60.4,21.1,1.893,50.4,0,60,0,0,0,0,0,0,0,0,66
2025-09-27T01:59:36.157Z,60.4,21.1,1.893,49.6,0,60,0,0,0,0,0,0,0,0,66
2025-09-27T01:59:37.159Z,60.4,21.1,1.893,49.6,0,60,0,0,0,0,0,0,0,0,66
2025-09-27T01:59:38.161Z,60.4,21.1,1.893,50.4,0,60,0,0,0,0,0,0,0,0,66
2025-09-27T01:59:39.164Z,60.4,21.1,1.893,49.6,0,60,0,0,0,0,0,0,0,0,66
2025-09-27T01:59:40.160Z,60.4,21.1,1.893,50.4,0,60,0,0,0,0,0,0,0,0,66
2025-09-27T01:59:41.159Z,60.4,21.1,1.893,50.4,0,60,0,0,0,0,0,0,0,0,66
2025-09-27T01:59:42.162Z,60.4,21.1,1.893,49.6,0,60,0,0,0,0,0,0,0,0,66
2025-09-27T01:59:43.166Z,60.4,21.1,1.893,49.6,0,60,0,0,0,0,0,0,0,0,66
2025-09-27T01:59:44.164Z,60.4,21.1,1.893,49.6,0,60,0,0,0,0,0,0,0,0,66
2025-09-27T01:59:45.168Z,60.4,21.1,1.893,50.4,0,60,0,0,0,0,0,0,0,0,66
2025-09-27T01:59:46.164Z,60.4,21.1,1.893,50.4,0,60,0,0,0,0,0,0,0,0,66
2025-09-27T01:59:47.167Z,60.4,21.1,1.893,49.6,0,60,0,0,0,0,0,0,0,0,66
2025-09-27T01:59:48.168Z,60.4,21.1,1.893,50.4,0,60,0,0,0,0,0,0,0,0,66
2025-09-27T01:59:49.170Z,60.4,21.1,1.893,49.6,0,60,0,0,0,0,0,0,0,0,66
2025-09-27T01:59:50.175Z,60.4,21.1,1.894,50.4,0,60,0,0,0,0,0,0,0,0,66
2025-09-27T01:59:51.174Z,60.4,21.1,1.893,49.6,0,60,0,0,0,0,0,0,0,0,66
2025-09-27T01:59:52.173Z,60.3,21.1,1.893,50.4,0,60,0,0,0,0,0,0,0,0,66
2025-09-27T01:59:53.175Z,60.3,21.1,1.893,49.6,0,60,0,0,0,0,0,0,0,0,66
2025-09-27T01:59:54.172Z,60.4,21.1,1.893,49.6,0,60,0,0,0,0,0,0,0,0,66
2025-09-27T01:59:55.178Z,60.3,21.1,1.894,49.6,0,60,0,0,0,0,0,0,0,0,66
2025-09-27T01:59:56.175Z,60.3,21.1,1.893,49.6,0,60,0,0,0,0,0,0,0,0,66
2025-09-27T01:59:57.176Z,60.3,21.1,1.893,50.4,0,60,0,0,0,0,0,0,0,0,66
2025-09-27T01:59:58.176Z,60.3,21.1,1.894,50.4,0,60,0,0,0,0,0,0,0,0,66
2025-09-27T01:59:59.180Z,60.3,21.1,1.893,49.6,0,60,0,0,0,0,0,0,0,0,66
2025-09-27T02:00:00.185Z,60.3,21.1,1.895,50.4,0,60,0,0,0,0,0,0,0,0,66
2025-09-27T02:00:01.183Z,60.3,21.1,1.894,49.6,0,60,0,0,0,0,0,0,0,0,66
2025-09-27T02:00:02.184Z,60.3,21.1,1.894,50.4,0,60,0,0,0,0,0,0,0,0,66
2025-09-27T02:00:03.183Z,60.3,21.1,1.894,49.6,0,60,0,0,0,0,0,0,0,0,66
2025-09-27T02:00:04.183Z,60.3,21.1,1.894,50.4,0,60,0,0,0,0,0,0,0,0,66
2025-09-27T02:00:05.183Z,60.3,21.1,1.894,49.6,0,60,0,0,0,0,0,0,0,0,66
2025-09-27T02:00:06.186Z,60.3,21.1,1.894,49.6,0,60,0,0,0,0,0,0,0,0,66
2025-09-27T02:00:07.185Z,60.3,21.1,1.894,50.4,0,60,0,0,0,0,0,0,0,0,66
2025-09-27T02:00:08.187Z,60.3,21.1,1.894,50.4,0,60,0,0,0,0,0,0,0,0,66
2025-09-27T02:00:09.189Z,60.3,21.1,1.894,49.6,0,60,0,0,0,0,0,0,0,0,66
2025-09-27T02:00:10.190Z,60.3,21.1,1.894,50.4,0,60,0,0,0,0,0,0,0,0,66
2025-09-27T02:00:11.186Z,60.3,21.1,1.894,49.6,0,60,0,0,0,0,0,0,0,0,66
2025-09-27T02:00:12.195Z,60.3,21.1,1.895,50.4,0,60,0,0,0,0,0,0,0,0,66
2025-09-27T02:00:13.191Z,60.3,21.1,1.894,49.6,0,60,0,0,0,0,0,0,0,0,66
2025-09-27T02:00:14.192Z,60.3,21.1,1.894,49.6,0,60,0,0,0,0,0,0,0,0,66
2025-09-27T02:00:15.190Z,60.3,21.1,1.895,50.4,0,60,0,0,0,0,0,0,0,0,66
2025-09-27T02:00:16.196Z,60.3,21.1,1.895,49.6,0,60,0,0,0,0,0,0,0,0,66
2025-09-27T02:00:17.195Z,60.2,21.1,1.895,50.4,0,60,0,0,0,0,0,0,0,0,66
2025-09-27T02:00:18.191Z,60.2,21.1,1.894,50.4,0,60,0,0,0,0,0,0,0,0,66
2025-09-27T02:00:19.192Z,60.2,21.1,1.895,49.6,0,60,0,0,0,0,0,0,0,0,66
2025-09-27T02:00:20.196Z,60.2,21.1,1.894,49.6,0,60,0,0,0,0,0,0,0,0,66
2025-09-27T02:00:21.194Z,60.2,21.1,1.895,49.6,0,60,0,0,0,0,0,0,0,0,66
2025-09-27T02:00:22.202Z,60.2,21.1,1.895,50.4,0,60,0,0,0,0,0,0,0,0,66
2025-09-27T02:00:23.196Z,60.2,21.1,1.895,50.4,0,60,0,0,0,0,0,0,0,0,66
2025-09-27T02:00:24.198Z,60.2,21.1,1.895,49.6,0,60,0,0,0,0,0,0,0,0,66
2025-09-27T02:00:25.200Z,60.2,21.1,1.895,50.4,0,60,0,0,0,0,0,0,0,0,66
2025-09-27T02:00:26.204Z,60.2,21.1,1.895,49.6,0,60,0,0,0,0,0,0,0,0,66
2025-09-27T02:00:27.201Z,60.2,21.1,1.895,50.4,0,60,0,0,0,0,0,0,0,0,66
2025-09-27T02:00:28.203Z,60.2,21.1,1.895,49.6,0,60,0,0,0,0,0,0,0,0,66
2025-09-27T02:00:29.205Z,60.2,21.1,1.895,50.4,0,60,0,0,0,0,0,0,0,0,66
2025-09-27T02:00:30.206Z,60.2,21.1,1.895,49.6,0,60,0,0,0,0,0,0,0,0,66
2025-09-27T02:00:31.205Z,60.2,21.1,1.895,50.4,0,60,0,0,0,0,0,0,0,0,66
2025-09-27T02:00:32.208Z,60.2,21.1,1.895,49.6,0,60,0,0,0,0,0,0,0,0,66
2025-09-27T02:00:33.208Z,60.2,21.1,1.894,49.6,0,60,0,0,0,0,0,0,0,0,66
2025-09-27T02:00:34.212Z,60.2,21.1,1.895,49.6,0,60,0,0,0,0,0,0,0,0,66
2025-09-27T02:00:35.211Z,60.2,21.1,1.895,49.6,0,60,0,0,0,0,0,0,0,0,66
2025-09-27T02:00:36.214Z,60.2,21.1,1.895,50.4,0,60,0,0,0,0,0,0,0,0,66
2025-09-27T02:00:37.219Z,60.2,21.1,1.895,50.4,0,60,0,0,0,0,0,0,0,0,66
2025-09-27T02:00:38.215Z,60.2,21.1,1.895,49.6,0,60,0,0,0,0,0,0,0,0,66
2025-09-27T02:00:39.217Z,60.2,21.1,1.895,50.4,0,60,0,0,0,0,0,0,0,0,66
2025-09-27T02:00:40.214Z,60.2,21.1,1.895,49.6,0,60,0,0,0,0,0,0,0,0,66
2025-09-27T02:00:41.219Z,60.2,21.1,1.895,50.4,0,60,0,0,0,0,0,0,0,0,66
2025-09-27T02:00:42.219Z,60.2,21.1,1.895,49.6,0,60,0,0,0,0,0,0,0,0,66
2025-09-27T02:00:43.222Z,60.1,21.1,1.895,50.4,0,60,0,0,0,0,0,0,0,0,66
2025-09-27T02:00:44.221Z,60.1,21.1,1.895,50.4,0,60,0,0,0,0,0,0,0,0,66
2025-09-27T02:00:45.227Z,60.1,21.1,1.895,49.6,0,60,0,0,0,0,0,0,0,0,66
2025-09-27T02:00:46.224Z,60.1,21.1,1.895,49.6,0,60,0,0,0,0,0,0,0,0,66
2025-09-27T02:00:47.224Z,60.1,21.1,1.895,49.6,0,60,0,0,0,0,0,0,0,0,66
2025-09-27T02:00:48.224Z,60.1,21.1,1.895,50.4,0,60,0,0,0,0,0,0,0,0,66
2025-09-27T02:00:49.229Z,60.1,21.1,1.895,49.6,0,60,0,0,0,0,0,0,0,0,66
2025-09-27T02:00:50.225Z,60.1,21.1,1.895,50.4,0,60,0,0,0,0,0,0,0,0,66
2025-09-27T02:00:51.225Z,60.1,21.1,1.895,49.6,0,60,0,0,0,0,0,0,0,0,66
2025-09-27T02:00:52.230Z,60.1,21.1,1.895,49.6,0,60,0,0,0,0,0,0,0,0,66
2025-09-27T02:00:53.231Z,60.1,21.1,1.895,50.4,0,60,0,0,0,0,0,0,0,0,66
2025-09-27T02:00:54.233Z,60.1,21.1,1.895,49.6,0,60,0,0,0,0,0,0,0,0,66
2025-09-27T02:00:55.230Z,60.1,21.1,1.895,50.4,0,60,0,0,0,0,0,0,0,0,66
2025-09-27T02:00:56.232Z,60.1,21.1,1.895,49.6,0,60,0,0,0,0,0,0,0,0,66
2025-09-27T02:00:57.235Z,60.1,21.1,1.895,50.4,0,60,0,0,0,0,0,0,0,0,66
2025-09-27T02:00:58.234Z,60.1,21.1,1.895,50.4,0,60,0,0,0,0,0,0,0,0,66
2025-09-27T02:00:59.234Z,60.1,21.1,1.895,49.6,0,60,0,0,0,0,0,0,0,0,66
2025-09-27T02:01:00.236Z,60.1,21.1,1.895,50.4,0,60,0,0,0,0,0,0,0,0,66
2025-09-27T02:01:01.245Z,60.1,21.1,1.895,49.6,0,60,0,0,0,0,0,0,0,0,66
2025-09-27T02:01:02.239Z,60.1,21.1,1.895,50.4,0,60,0,0,0,0,0,0,0,0,66
2025-09-27T02:01:03.237Z,60,21.1,1.895,49.6,0,60,0,0,0,0,0,0,0,0,66
2025-09-27T02:01:04.235Z,60.1,21.1,1.895,50.4,0,60,0,0,0,0,0,0,0,0,66
2025-09-27T02:01:05.241Z,60,21.1,1.895,49.6,0,60,0,0,0,0,0,0,0,0,66
2025-09-27T02:01:06.243Z,60,21.1,1.895,50.4,0,60,0,0,0,0,0,0,0,0,66
2025-09-27T02:01:07.242Z,60,21.1,1.895,49.6,0,60,0,0,0,0,0,0,0,0,66
2025-09-27T02:01:08.243Z,60,21.1,1.896,50.4,0,60,0,0,0,0,0,0,0,0,66
2025-09-27T02:01:09.245Z,60,21.1,1.896,49.6,0,60,0,0,0,0,0,0,0,0,66
2025-09-27T02:01:10.242Z,60,21.1,1.895,50.4,0,60,0,0,0,0,0,0,0,0,66
2025-09-27T02:01:11.245Z,60,21.1,1.896,49.6,0,60,0,0,0,0,0,0,0,0,66
2025-09-27T02:01:12.246Z,60,21.1,1.896,50.4,0,60,0,0,0,0,0,0,0,0,66
2025-09-27T02:01:13.248Z,60,21.1,1.896,49.6,0,60,0,0,0,0,0,0,0,0,66
2025-09-27T02:01:14.251Z,60,21.1,1.896,50.4,0,60,0,0,0,0,0,0,0,0,66
2025-09-27T02:01:15.253Z,60,21.1,1.896,49.6,0,60,0,0,0,0,0,0,0,0,66
2025-09-27T02:01:16.248Z,60,21.1,1.896,49.6,0,60,0,0,0,0,0,0,0,0,66
2025-09-27T02:01:17.252Z,60,21.1,1.896,50.4,0,60,0,0,0,0,0,0,0,0,66
2025-09-27T02:01:18.251Z,60,21.1,1.896,49.6,0,60,0,0,0,0,0,0,0,0,66
2025-09-27T02:01:19.253Z,60,21.1,1.896,50.4,0,60,0,0,0,0,0,0,0,0,66
2025-09-27T02:01:20.254Z,60,21.1,1.896,49.6,0,60,0,0,0,0,0,0,0,0,66
2025-09-27T02:01:21.256Z,60,21.1,1.896,50.4,0,60,0,0,0,0,0,0,0,0,66
2025-09-27T02:01:22.258Z,60,21.1,1.896,49.6,0,60,0,0,0,0,0,0,0,0,66
2025-09-27T02:01:23.253Z,60,21.1,1.896,49.6,0,60,0,0,0,0,0,0,0,0,66
2025-09-27T02:01:24.251Z,60,21.1,1.896,49.6,0,60,0,0,0,0,0,0,0,0,66
2025-09-27T02:01:25.259Z,60,21.1,1.897,49.6,0,60,0,0,0,0,0,0,0,0,66
2025-09-27T02:01:26.257Z,60,21.1,1.896,50.4,0,60,0,0,0,0,0,0,0,0,66
2025-09-27T02:01:27.256Z,59.9,21.1,1.896,49.6,0,60,0,0,0,0,0,0,0,0,66
2025-09-27T02:01:28.262Z,60,21.1,1.896,50.4,0,60,0,0,0,0,0,0,0,0,66
2025-09-27T02:01:29.264Z,59.9,21.1,1.896,49.6,0,60,0,0,0,0,0,0,0,0,66
2025-09-27T02:01:30.267Z,59.9,21.1,1.895,49.6,0,60,0,0,0,0,0,0,0,0,66
2025-09-27T02:01:31.260Z,59.9,21.1,1.896,50.4,0,60,0,0,0,0,0,0,0,0,66
2025-09-27T02:01:32.267Z,59.9,21.1,1.896,50.4,0,60,0,0,0,0,0,0,0,0,66
2025-09-27T02:01:33.266Z,59.9,21.1,1.896,49.6,0,60,0,0,0,0,0,0,0,0,66
2025-09-27T02:01:34.266Z,59.9,21.1,1.897,50.4,0,60,0,0,0,0,0,0,0,0,66
2025-09-27T02:01:35.260Z,59.9,21.1,1.896,49.6,0,60,0,0,0,0,0,0,0,0,66
2025-09-27T02:01:36.270Z,59.9,21.1,1.896,50.4,0,60,0,0,0,0,0,0,0,0,66
2025-09-27T02:01:37.268Z,59.9,21.1,1.897,49.6,0,60,0,0,0,0,0,0,0,0,66
2025-09-27T02:01:38.269Z,59.9,21.1,1.897,50.4,0,60,0,0,0,0,0,0,0,0,66
2025-09-27T02:01:39.265Z,59.9,21.1,1.897,50.4,0,60,0,0,0,0,0,0,0,0,66
2025-09-27T02:01:40.267Z,59.9,21.1,1.897,49.6,0,60,0,0,0,0,0,0,0,0,66
2025-09-27T02:01:41.267Z,59.9,21.1,1.897,50.4,0,60,0,0,0,0,0,0,0,0,66
2025-09-27T02:01:42.273Z,59.9,21.1,1.897,49.6,0,60,0,0,0,0,0,0,0,0,66
2025-09-27T02:01:43.269Z,59.9,21.1,1.897,50.4,0,60,0,0,0,0,0,0,0,0,66
2025-09-27T02:01:44.270Z,59.9,21.1,1.897,49.6,0,60,0,0,0,0,0,0,0,0,66
2025-09-27T02:01:45.277Z,59.9,21.1,1.897,50.4,0,60,0,0,0,0,0,0,0,0,66
2025-09-27T02:01:46.278Z,59.9,21.1,1.897,49.6,0,60,0,0,0,0,0,0,0,0,66
2025-09-27T02:01:47.277Z,59.9,21.1,1.897,49.6,0,60,0,0,0,0,0,0,0,0,66
2025-09-27T02:01:48.273Z,59.9,21.1,1.897,50.4,0,60,0,0,0,0,0,0,0,0,66
2025-09-27T02:01:49.277Z,59.9,21.1,1.897,49.6,0,60,0,0,0,0,0,0,0,0,66
2025-09-27T02:01:50.272Z,59.9,21.1,1.897,50.4,0,60,0,0,0,0,0,0,0,0,66
2025-09-27T02:01:51.274Z,59.9,21.1,1.897,49.6,0,60,0,0,0,0,0,0,0,0,66
2025-09-27T02:01:52.278Z,59.9,21.1,1.897,49.6,0,60,0,0,0,0,0,0,0,0,66
2025-09-27T02:01:53.279Z,59.9,21.1,1.897,50.4,0,60,0,0,0,0,0,0,0,0,66
2025-09-27T02:01:54.278Z,59.9,21.1,1.897,49.6,0,60,0,0,0,0,0,0,0,0,66
2025-09-27T02:01:55.279Z,59.9,21.1,1.897,50.4,0,60,0,0,0,0,0,0,0,0,66
2025-09-27T02:01:56.279Z,59.8,21.1,1.897,49.6,0,60,0,0,0,0,0,0,0,0,66
2025-09-27T02:01:57.282Z,59.8,21.1,1.897,50.4,0,60,0,0,0,0,0,0,0,0,66
2025-09-27T02:01:58.285Z,59.8,21.1,1.897,49.6,0,60,0,0,0,0,0,0,0,0,66
2025-09-27T02:01:59.282Z,59.8,21.1,1.897,49.6,0,60,0,0,0,0,0,0,0,0,66
2025-09-27T02:02:00.285Z,59.8,21.1,1.897,50.4,0,60,0,0,0,0,0,0,0,0,66
2025-09-27T02:02:01.282Z,59.8,21.1,1.897,49.6,0,60,0,0,0,0,0,0,0,0,66
2025-09-27T02:02:02.287Z,59.8,21.1,1.897,49.6,0,60,0,0,0,0,0,0,0,0,66
2025-09-27T02:02:03.285Z,59.8,21.1,1.897,50.4,0,60,0,0,0,0,0,0,0,0,66
2025-09-27T02:02:04.291Z,59.8,21.1,1.897,49.6,0,60,0,0,0,0,0,0,0,0,66
2025-09-27T02:02:05.288Z,59.8,21.1,1.897,49.6,0,60,0,0,0,0,0,0,0,0,66
2025-09-27T02:02:06.290Z,59.8,21.1,1.897,50.4,0,60,0,0,0,0,0,0,0,0,66
2025-09-27T02:02:07.291Z,59.8,21.1,1.897,49.6,0,60,0,0,0,0,0,0,0,0,66
2025-09-27T02:02:08.289Z,59.8,21.1,1.897,50.4,0,60,0,0,0,0,0,0,0,0,66
2025-09-27T02:02:09.293Z,59.8,21.1,1.897,49.6,0,60,0,0,0,0,0,0,0,0,66
2025-09-27T02:02:10.293Z,59.8,21.1,1.897,49.6,0,60,0,0,0,0,0,0,0,0,66
2025-09-27T02:02:11.294Z,59.8,21.1,1.897,50.4,0,60,0,0,0,0,0,0,0,0,66
2025-09-27T02:02:12.295Z,59.8,21.1,1.897,50.4,0,60,0,0,0,0,0,0,0,0,66
2025-09-27T02:02:13.298Z,59.8,21.1,1.897,49.6,0,60,0,0,0,0,0,0,0,0,66
2025-09-27T02:02:14.298Z,59.8,21.1,1.897,50.4,0,60.1,0,0,0,0,0,0,0,0,66
2025-09-27T02:02:15.300Z,59.8,21.1,1.896,49.6,0,60,0,0,0,0,0,0,0,0,66
2025-09-27T02:02:16.297Z,59.8,21.1,1.897,50.4,0,60,0,0,0,0,0,0,0,0,66
2025-09-27T02:02:17.301Z,59.8,21.1,1.897,49.6,0,60,0,0,0,0,0,0,0,0,66
2025-09-27T02:02:18.299Z,59.8,21.1,1.898,49.6,0,60,0,0,0,0,0,0,0,0,66
2025-09-27T02:02:19.296Z,59.8,21.1,1.898,50.4,0,60,0,0,0,0,0,0,0,0,66
2025-09-27T02:02:20.304Z,59.7,21.1,1.898,50.4,0,60,0,0,0,0,0,0,0,0,66
2025-09-27T02:02:21.308Z,59.7,21.1,1.898,49.6,0,60,0,0,0,0,0,0,0,0,66
2025-09-27T02:02:22.308Z,59.7,21.1,1.898,50.4,0,60.1,0,0,0,0,0,0,0,0,66
2025-09-27T02:02:23.298Z,59.7,21.1,1.898,49.6,0,60,0,0,0,0,0,0,0,0,66
2025-09-27T02:02:24.305Z,59.7,21.1,1.898,50.4,0,60,0,0,0,0,0,0,0,0,66
2025-09-27T02:02:25.314Z,59.7,21.1,1.898,49.6,0,60,0,0,0,0,0,0,0,0,66
2025-09-27T02:02:26.309Z,59.7,21.1,1.898,50.4,0,60,0,0,0,0,0,0,0,0,66
2025-09-27T02:02:27.306Z,59.7,21.1,1.898,49.6,0,60,0,0,0,0,0,0,0,0,66
2025-09-27T02:02:28.311Z,59.7,21.1,1.898,50.4,0,60,0,0,0,0,0,0,0,0,66
2025-09-27T02:02:29.309Z,59.7,21.1,1.898,49.6,0,60,0,0,0,0,0,0,0,0,66
2025-09-27T02:02:30.311Z,59.7,21.1,1.898,49.6,0,60,0,0,0,0,0,0,0,0,66
2025-09-27T02:02:31.311Z,59.7,21.1,1.898,50.4,0,60,0,0,0,0,0,0,0,0,66
2025-09-27T02:02:32.313Z,59.7,21.1,1.898,50.4,0,60,0,0,0,0,0,0,0,0,66
2025-09-27T02:02:33.310Z,59.7,21.1,1.898,49.6,0,60,0,0,0,0,0,0,0,0,66
2025-09-27T02:02:34.315Z,59.7,21.1,1.898,50.4,0,60,0,0,0,0,0,0,0,0,66
2025-09-27T02:02:35.314Z,59.7,21.1,1.898,49.6,0,60,0,0,0,0,0,0,0,0,66
2025-09-27T02:02:36.313Z,59.7,21.1,1.898,50.4,0,60,0,0,0,0,0,0,0,0,66
2025-09-27T02:02:37.313Z,59.7,21.1,1.898,49.6,0,60,0,0,0,0,0,0,0,0,66
2025-09-27T02:02:38.320Z,59.7,21.1,1.898,49.6,0,60.1,0,0,0,0,0,0,0,0,66
2025-09-27T02:02:39.314Z,59.7,21.1,1.898,50.4,0,60,0,0,0,0,0,0,0,0,66
2025-09-27T02:02:40.318Z,59.7,21.1,1.898,49.6,0,60.1,0,0,0,0,0,0,0,0,66
2025-09-27T02:02:41.318Z,59.7,21.1,1.898,49.6,0,60.1,0,0,0,0,0,0,0,0,66
2025-09-27T02:02:42.318Z,59.7,21.1,1.899,50.4,0,60.1,0,0,0,0,0,0,0,0,66
2025-09-27T02:02:43.320Z,59.6,21.1,1.898,49.6,0,60,0,0,0,0,0,0,0,0,66
2025-09-27T02:02:44.326Z,59.6,21.1,1.898,50.4,0,60.1,0,0,0,0,0,0,0,0,66
2025-09-27T02:02:45.327Z,59.6,21.1,1.898,50.4,0,60,0,0,0,0,0,0,0,0,66
2025-09-27T02:02:46.325Z,59.6,21.1,1.898,49.6,0,60.1,0,0,0,0,0,0,0,0,66
2025-09-27T02:02:47.326Z,59.6,21.1,1.898,50.4,0,60.1,0,0,0,0,0,0,0,0,66
2025-09-27T02:02:48.323Z,59.6,21.1,1.898,49.6,0,60.1,0,0,0,0,0,0,0,0,66
2025-09-27T02:02:49.326Z,59.6,21.1,1.898,50.4,0,60,0,0,0,0,0,0,0,0,66
2025-09-27T02:02:50.327Z,59.6,21.1,1.898,49.6,0,60,0,0,0,0,0,0,0,0,66
2025-09-27T02:02:51.325Z,59.6,21.1,1.899,50.4,0,60,0,0,0,0,0,0,0,0,66
2025-09-27T02:02:52.328Z,59.6,21.1,1.898,49.6,0,60,0,0,0,0,0,0,0,0,66
2025-09-27T02:02:53.332Z,59.6,21.1,1.898,49.6,0,60,0,0,0,0,0,0,0,0,66
2025-09-27T02:02:54.330Z,59.6,21.1,1.898,50.4,0,60,0,0,0,0,0,0,0,0,66
2025-09-27T02:02:55.332Z,59.6,21.1,1.898,50.4,0,60,0,0,0,0,0,0,0,0,66
2025-09-27T02:02:56.328Z,59.6,21.1,1.898,49.6,0,60,0,0,0,0,0,0,0,0,66
2025-09-27T02:02:57.336Z,59.6,21.1,1.898,49.6,0,60,0,0,0,0,0,0,0,0,66
2025-09-27T02:02:58.336Z,59.6,21.1,1.898,49.6,0,60,0,0,0,0,0,0,0,0,66
2025-09-27T02:02:59.336Z,59.6,21.1,1.898,50.4,0,60,0,0,0,0,0,0,0,0,66
2025-09-27T02:03:00.338Z,59.6,21.1,1.898,50.4,0,60,0,0,0,0,0,0,0,0,66
2025-09-27T02:03:01.339Z,59.6,21.1,1.898,49.6,0,60,0,0,0,0,0,0,0,0,66
2025-09-27T02:03:02.339Z,59.6,21.1,1.898,50.4,0,60,0,0,0,0,0,0,0,0,66
2025-09-27T02:03:03.339Z,59.6,21.1,1.898,49.6,0,60,0,0,0,0,0,0,0,0,66
2025-09-27T02:03:04.339Z,59.6,21.1,1.898,50.4,0,60,0,0,0,0,0,0,0,0,66
2025-09-27T02:03:05.347Z,59.6,21.1,1.898,49.6,0,60,0,0,0,0,0,0,0,0,66
2025-09-27T02:03:06.346Z,59.6,21.1,1.898,49.6,0,60,0,0,0,0,0,0,0,0,66
2025-09-27T02:03:07.349Z,59.6,21.1,1.898,50.4,0,60,0,0,0,0,0,0,0,0,66
2025-09-27T02:03:08.344Z,59.6,21.1,1.898,49.6,0,60,0,0,0,0,0,0,0,0,66
2025-09-27T02:03:09.344Z,59.6,21.1,1.898,49.6,0,60,0,0,0,0,0,0,0,0,66
2025-09-27T02:03:10.348Z,59.6,21.1,1.898,50.4,0,60,0,0,0,0,0,0,0,0,66
2025-09-27T02:03:11.345Z,59.6,21.1,1.898,49.6,0,60,0,0,0,0,0,0,0,0,66
2025-09-27T02:03:12.349Z,59.6,21.1,1.898,50.4,0,60,0,0,0,0,0,0,0,0,66
2025-09-27T02:03:13.350Z,59.6,21.1,1.898,49.6,0,60,0,0,0,0,0,0,0,0,66
2025-09-27T02:03:14.347Z,59.6,21.1,1.898,50.4,0,60,0,0,0,0,0,0,0,0,66
2025-09-27T02:03:15.353Z,59.6,21.1,1.898,50.4,0,60,0,0,0,0,0,0,0,0,66
2025-09-27T02:03:16.349Z,59.5,21.1,1.898,49.6,0,60,0,0,0,0,0,0,0,0,66
2025-09-27T02:03:17.354Z,59.5,21.1,1.898,50.4,0,60,0,0,0,0,0,0,0,0,66
2025-09-27T02:03:18.349Z,59.5,21.1,1.898,49.6,0,60,0,0,0,0,0,0,0,0,66
2025-09-27T02:03:19.354Z,59.5,21.1,1.898,50.4,0,60,0,0,0,0,0,0,0,0,66
2025-09-27T02:03:20.352Z,59.5,21.1,1.898,49.6,0,60,0,0,0,0,0,0,0,0,66
2025-09-27T02:03:21.356Z,59.5,21.1,1.898,49.6,0,60,0,0,0,0,0,0,0,0,66
2025-09-27T02:03:22.356Z,59.5,21.1,1.898,50.4,0,60,0,0,0,0,0,0,0,0,66
2025-09-27T02:03:23.359Z,59.5,21.1,1.898,49.6,0,60,0,0,0,0,0,0,0,0,66
2025-09-27T02:03:24.359Z,59.5,21.1,1.898,50.4,0,60,0,0,0,0,0,0,0,0,66
2025-09-27T02:03:25.360Z,59.5,21.1,1.898,50.4,0,60,0,0,0,0,0,0,0,0,66
2025-09-27T02:03:26.363Z,59.5,21.1,1.898,49.6,0,60,0,0,0,0,0,0,0,0,66
2025-09-27T02:03:27.363Z,59.5,21.1,1.898,50.4,0,60,0,0,0,0,0,0,0,0,66
2025-09-27T02:03:28.361Z,59.5,21.1,1.898,49.6,0,60,0,0,0,0,0,0,0,0,66
2025-09-27T02:03:29.364Z,59.5,21.1,1.898,50.4,0,60,0,0,0,0,0,0,0,0,66
2025-09-27T02:03:30.362Z,59.5,21.1,1.898,49.6,0,60,0,0,0,0,0,0,0,0,66
2025-09-27T02:03:31.365Z,59.5,21.1,1.898,50.4,0,60,0,0,0,0,0,0,0,0,66
2025-09-27T02:03:32.368Z,59.5,21.1,1.898,49.6,0,60,0,0,0,0,0,0,0,0,66
2025-09-27T02:03:33.366Z,59.5,21.1,1.898,50.4,0,60,0,0,0,0,0,0,0,0,66
2025-09-27T02:03:34.367Z,59.5,21.1,1.898,49.6,0,60,0,0,0,0,0,0,0,0,66
2025-09-27T02:03:35.367Z,59.5,21.1,1.898,50.4,0,60,0,0,0,0,0,0,0,0,66
2025-09-27T02:03:36.370Z,59.5,21.1,1.898,49.6,0,60,0,0,0,0,0,0,0,0,66
2025-09-27T02:03:37.366Z,59.5,21.1,1.898,50.4,0,60,0,0,0,0,0,0,0,0,66
2025-09-27T02:03:38.371Z,59.5,21.1,1.898,49.6,0,60,0,0,0,0,0,0,0,0,66
2025-09-27T02:03:39.366Z,59.5,21.1,1.898,50.4,0,60,0,0,0,0,0,0,0,0,66
2025-09-27T02:03:40.368Z,59.5,21.1,1.898,49.6,0,60,0,0,0,0,0,0,0,0,66
2025-09-27T02:03:41.366Z,59.5,21.1,1.898,50.4,0,60,0,0,0,0,0,0,0,0,66
2025-09-27T02:03:42.368Z,59.5,21.1,1.898,49.6,0,60,0,0,0,0,0,0,0,0,66
2025-09-27T02:03:43.375Z,59.5,21.1,1.898,50.4,0,60,0,0,0,0,0,0,0,0,66
2025-09-27T02:03:44.377Z,59.5,21.1,1.898,49.6,0,60,0,0,0,0,0,0,0,0,66
2025-09-27T02:03:45.377Z,59.5,21.1,1.898,50.4,0,60,0,0,0,0,0,0,0,0,66
2025-09-27T02:03:46.375Z,59.5,21.1,1.898,49.6,0,60,0,0,0,0,0,0,0,0,66
2025-09-27T02:03:47.380Z,59.5,21.1,1.898,50.4,0,60,0,0,0,0,0,0,0,0,66
2025-09-27T02:03:48.374Z,59.5,21.1,1.898,49.6,0,60,0,0,0,0,0,0,0,0,66
2025-09-27T02:03:49.378Z,59.5,21.1,1.898,50.4,0,60,0,0,0,0,0,0,0,0,66
2025-09-27T02:03:50.376Z,59.5,21.1,1.898,49.6,0,60,0,0,0,0,0,0,0,0,66
2025-09-27T02:03:51.377Z,59.5,21.1,1.898,50.4,0,60,0,0,0,0,0,0,0,0,66
2025-09-27T02:03:52.378Z,59.4,21.1,1.898,49.6,0,60,0,0,0,0,0,0,0,0,66
2025-09-27T02:03:53.379Z,59.5,21.1,1.898,50.4,0,60,0,0,0,0,0,0,0,0,66
2025-09-27T02:03:54.387Z,59.5,21.1,1.899,49.6,0,60,0,0,0,0,0,0,0,0,66
2025-09-27T02:03:55.381Z,59.4,21.1,1.898,50.4,0,60,0,0,0,0,0,0,0,0,66
2025-09-27T02:03:56.382Z,59.4,21.1,1.898,49.6,0,60,0,0,0,0,0,0,0,0,66
2025-09-27T02:03:57.381Z,59.4,21.1,1.898,49.6,0,60,0,0,0,0,0,0,0,0,66
2025-09-27T02:03:58.386Z,59.4,21.1,1.898,50.4,0,60,0,0,0,0,0,0,0,0,66
2025-09-27T02:03:59.384Z,59.4,21.1,1.898,49.6,0,60,0,0,0,0,0,0,0,0,66
2025-09-27T02:04:00.386Z,59.4,21.1,1.898,49.6,0,60,0,0,0,0,0,0,0,0,66
2025-09-27T02:04:01.389Z,59.4,21.1,1.898,49.6,0,60,0,0,0,0,0,0,0,0,66
2025-09-27T02:04:02.388Z,59.4,21.1,1.898,50.4,0,60,0,0,0,0,0,0,0,0,66
2025-09-27T02:04:03.389Z,59.4,21.1,1.898,49.6,0,60,0,0,0,0,0,0,0,0,66
2025-09-27T02:04:04.389Z,59.4,21.1,1.898,50.4,0,60,0,0,0,0,0,0,0,0,66
2025-09-27T02:04:05.391Z,59.4,21.1,1.898,49.6,0,60,0,0,0,0,0,0,0,0,66
2025-09-27T02:04:06.391Z,59.4,21.1,1.898,50.4,0,60,0,0,0,0,0,0,0,0,66
2025-09-27T02:04:07.393Z,59.4,21.1,1.898,49.6,0,60,0,0,0,0,0,0,0,0,66
2025-09-27T02:04:08.398Z,59.4,21.1,1.899,49.6,0,60,0,0,0,0,0,0,0,0,66
2025-09-27T02:04:09.407Z,59.4,21.1,1.899,50.4,0,60,0,0,0,0,0,0,0,0,66
2025-09-27T02:04:10.401Z,59.4,21.1,1.899,49.6,0,60,0,0,0,0,0,0,0,0,66
2025-09-27T02:04:11.398Z,59.4,21.1,1.898,50.4,0,60,0,0,0,0,0,0,0,0,66
2025-09-27T02:04:12.397Z,59.4,21.1,1.898,49.6,0,60,0,0,0,0,0,0,0,0,66
2025-09-27T02:04:13.405Z,59.4,21.1,1.899,50.4,0,60,0,0,0,0,0,0,0,0,66
2025-09-27T02:04:14.403Z,59.4,21.1,1.899,50.4,0,60,0,0,0,0,0,0,0,0,66
2025-09-27T02:04:15.401Z,59.4,21.1,1.899,49.6,0,60,0,0,0,0,0,0,0,0,66
2025-09-27T02:04:16.405Z,59.4,21.1,1.899,50.4,0,60,0,0,0,0,0,0,0,0,66
2025-09-27T02:04:17.403Z,59.4,21.1,1.899,49.6,0,60,0,0,0,0,0,0,0,0,66
2025-09-27T02:04:18.400Z,59.4,21.1,1.899,50.4,0,60,0,0,0,0,0,0,0,0,66
2025-09-27T02:04:19.406Z,59.4,21.1,1.899,49.6,0,60,0,0,0,0,0,0,0,0,66
2025-09-27T02:04:20.403Z,59.4,21.1,1.899,50.4,0,60,0,0,0,0,0,0,0,0,66
2025-09-27T02:04:21.404Z,59.4,21.1,1.898,49.6,0,60,0,0,0,0,0,0,0,0,66
2025-09-27T02:04:22.412Z,59.4,21.1,1.899,50.4,0,60,0,0,0,0,0,0,0,0,66
2025-09-27T02:04:23.406Z,59.4,21.1,1.898,49.6,0,60,0,0,0,0,0,0,0,0,66
2025-09-27T02:04:24.409Z,59.4,21.1,1.899,50.4,0,60,0,0,0,0,0,0,0,0,66
2025-09-27T02:04:25.410Z,59.4,21.1,1.899,49.6,0,60,0,0,0,0,0,0,0,0,66
2025-09-27T02:04:26.409Z,59.4,21.1,1.899,49.6,0,60,0,0,0,0,0,0,0,0,66
2025-09-27T02:04:27.406Z,59.4,21.1,1.898,49.6,0,60,0,0,0,0,0,0,0,0,66
2025-09-27T02:04:28.414Z,59.4,21.1,1.899,50.4,0,60,0,0,0,0,0,0,0,0,66
2025-09-27T02:04:29.412Z,59.4,21.1,1.899,49.6,0,60,0,0,0,0,0,0,0,0,66
2025-09-27T02:04:30.411Z,59.4,21.1,1.898,50.4,0,60,0,0,0,0,0,0,0,0,66
2025-09-27T02:04:31.409Z,59.4,21.1,1.898,49.6,0,60,0,0,0,0,0,0,0,0,66
2025-09-27T02:04:32.414Z,59.4,21.1,1.898,50.4,0,60,0,0,0,0,0,0,0,0,66
2025-09-27T02:04:33.415Z,59.4,21.1,1.899,50.4,0,60,0,0,0,0,0,0,0,0,66
2025-09-27T02:04:34.416Z,59.4,21.1,1.899,49.6,0,60,0,0,0,0,0,0,0,0,66
2025-09-27T02:04:35.419Z,59.4,21.1,1.899,49.6,0,60,0,0,0,0,0,0,0,0,66
2025-09-27T02:04:36.419Z,59.4,21.1,1.899,49.6,0,60,0,0,0,0,0,0,0,0,66
2025-09-27T02:04:37.418Z,59.4,21.1,1.898,50.4,0,60,0,0,0,0,0,0,0,0,66
2025-09-27T02:04:38.423Z,59.4,21.1,1.899,49.6,0,60,0,0,0,0,0,0,0,0,66
2025-09-27T02:04:39.423Z,59.4,21.1,1.899,50.4,0,60,0,0,0,0,0,0,0,0,66
2025-09-27T02:04:40.425Z,59.4,21.1,1.899,50.4,0,60,0,0,0,0,0,0,0,0,66
2025-09-27T02:04:41.424Z,59.4,21.1,1.899,49.6,0,60,0,0,0,0,0,0,0,0,66
2025-09-27T02:04:42.423Z,59.4,21.1,1.899,50.4,0,60,0,0,0,0,0,0,0,0,66
2025-09-27T02:04:43.428Z,59.4,21.1,1.899,49.6,0,60,0,0,0,0,0,0,0,0,66
2025-09-27T02:04:44.419Z,59.4,21.1,1.898,50.4,0,60,0,0,0,0,0,0,0,0,66
2025-09-27T02:04:45.429Z,59.4,21.1,1.899,49.6,0,60,0,0,0,0,0,0,0,0,66
2025-09-27T02:04:46.426Z,59.4,21.1,1.899,50.4,0,60,0,0,0,0,0,0,0,0,66
2025-09-27T02:04:47.424Z,59.4,21.1,1.898,49.6,0,60,0,0,0,0,0,0,0,0,66
2025-09-27T02:04:48.424Z,59.4,21.1,1.898,49.6,0,60,0,0,0,0,0,0,0,0,66
2025-09-27T02:04:49.423Z,59.4,21.1,1.898,49.6,0,60,0,0,0,0,0,0,0,0,66
2025-09-27T02:04:50.426Z,59.4,21.1,1.899,50.4,0,60,0,0,0,0,0,0,0,0,66
2025-09-27T02:04:51.431Z,59.4,21.1,1.899,49.6,0,60,0,0,0,0,0,0,0,0,66
2025-09-27T02:04:52.431Z,59.4,21.1,1.899,49.6,0,60,0,0,0,0,0,0,0,0,66
2025-09-27T02:04:53.432Z,59.4,21.1,1.899,50.4,0,60,0,0,0,0,0,0,0,0,66
2025-09-27T02:04:54.440Z,59.4,21.1,1.899,49.6,0,60,0,0,0,0,0,0,0,0,66
2025-09-27T02:04:55.436Z,59.4,21.1,1.899,49.6,0,60,0,0,0,0,0,0,0,0,66
2025-09-27T02:04:56.436Z,59.4,21.1,1.899,50.4,0,60,0,0,0,0,0,0,0,0,66
2025-09-27T02:04:57.433Z,59.4,21.1,1.899,49.6,0,60,0,0,0,0,0,0,0,0,66
2025-09-27T02:04:58.439Z,59.4,21.1,1.899,49.6,0,60,0,0,0,0,0,0,0,0,66
2025-09-27T02:04:59.440Z,59.4,21.1,1.899,50.4,0,60,0,0,0,0,0,0,0,0,66
2025-09-27T02:05:00.441Z,59.4,21.1,1.899,50.4,0,60,0,0,0,0,0,0,0,0,66
2025-09-27T02:05:01.444Z,59.4,21.1,1.899,49.6,0,60,0,0,0,0,0,0,0,0,66
2025-09-27T02:05:02.443Z,59.4,21.1,1.899,50.4,0,60,0,0,0,0,0,0,0,0,66
2025-09-27T02:05:03.441Z,59.4,21.1,1.899,49.6,0,60,0,0,0,0,0,0,0,0,66
2025-09-27T02:05:04.443Z,59.4,21.1,1.899,50.4,0,60,0,0,0,0,0,0,0,0,66
2025-09-27T02:05:05.442Z,59.4,21.1,1.899,49.6,0,60,0,0,0,0,0,0,0,0,66
2025-09-27T02:05:06.448Z,59.4,21.1,1.899,50.4,0,60,0,0,0,0,0,0,0,0,66
2025-09-27T02:05:07.443Z,59.4,21.1,1.899,49.6,0,60,0,0,0,0,0,0,0,0,66
2025-09-27T02:05:08.447Z,59.4,21.1,1.899,49.6,0,60,0,0,0,0,0,0,0,0,66
2025-09-27T02:05:09.452Z,59.4,21.1,1.898,50.4,0,60,0,0,0,0,0,0,0,0,66
2025-09-27T02:05:10.449Z,59.4,21.1,1.899,49.6,0,60,0,0,0,0,0,0,0,0,66
2025-09-27T02:05:11.449Z,59.4,21.1,1.899,49.6,0,60,0,0,0,0,0,0,0,0,66
2025-09-27T02:05:12.449Z,59.4,21.1,1.899,50.4,0,60,0,0,0,0,0,0,0,0,66
2025-09-27T02:05:13.454Z,59.4,21.1,1.899,49.6,0,60,0,0,0,0,0,0,0,0,66
2025-09-27T02:05:14.453Z,59.4,21.1,1.899,49.6,0,60,0,0,0,0,0,0,0,0,66
2025-09-27T02:05:15.453Z,59.4,21.1,1.899,50.4,0,60,0,0,0,0,0,0,0,0,66
2025-09-27T02:05:16.457Z,59.5,21.1,1.899,49.6,0,60,0,0,0,0,0,0,0,0,66
2025-09-27T02:05:17.458Z,59.5,21.1,1.899,49.6,0,60,0,0,0,0,0,0,0,0,66
2025-09-27T02:05:18.456Z,59.5,21.1,1.899,50.4,0,60,0,0,0,0,0,0,0,0,66
2025-09-27T02:05:19.452Z,59.5,21.1,1.899,49.6,0,60,0,0,0,0,0,0,0,0,66
2025-09-27T02:05:20.458Z,59.5,21.1,1.899,49.6,0,60,0,0,0,0,0,0,0,0,66
2025-09-27T02:05:21.457Z,59.5,21.1,1.899,50.4,0,60,0,0,0,0,0,0,0,0,66
2025-09-27T02:05:22.459Z,59.5,21.1,1.899,50.4,0,60,0,0,0,0,0,0,0,0,66
2025-09-27T02:05:23.462Z,59.5,21.1,1.899,49.6,0,60,0,0,0,0,0,0,0,0,66
2025-09-27T02:05:24.458Z,59.5,21.1,1.899,50.4,0,60,0,0,0,0,0,0,0,0,66
2025-09-27T02:05:25.466Z,59.5,21.1,1.898,50.4,0,60,0,0,0,0,0,0,0,0,66
2025-09-27T02:05:26.460Z,59.5,21.1,1.899,49.6,0,60,0,0,0,0,0,0,0,0,66
2025-09-27T02:05:27.464Z,59.5,21.1,1.899,50.4,0,60,0,0,0,0,0,0,0,0,66
2025-09-27T02:05:28.461Z,59.5,21.1,1.898,50.4,0,60,0,0,0,0,0,0,0,0,66
2025-09-27T02:05:29.464Z,59.5,21.1,1.899,49.6,0,60,0,0,0,0,0,0,0,0,66
2025-09-27T02:05:30.462Z,59.5,21.1,1.899,50.4,0,60,0,0,0,0,0,0,0,0,66
2025-09-27T02:05:31.463Z,59.5,21.1,1.899,49.6,0,60,0,0,0,0,0,0,0,0,66
2025-09-27T02:05:32.469Z,59.5,21.1,1.898,50.4,0,60,0,0,0,0,0,0,0,0,66
2025-09-27T02:05:33.464Z,59.5,21.1,1.899,49.6,0,60,0,0,0,0,0,0,0,0,66
2025-09-27T02:05:34.471Z,59.5,21.1,1.898,50.4,0,60,0,0,0,0,0,0,0,0,66
2025-09-27T02:05:35.469Z,59.5,21.1,1.899,49.6,0,60,0,0,0,0,0,0,0,0,66
2025-09-27T02:05:36.471Z,59.5,21.1,1.898,50.4,0,60,0,0,0,0,0,0,0,0,66
2025-09-27T02:05:37.472Z,59.5,21.1,1.899,49.6,0,60,0,0,0,0,0,0,0,0,66
2025-09-27T02:05:38.477Z,59.5,21.1,1.898,50.4,0,60,0,0,0,0,0,0,0,0,66
2025-09-27T02:05:39.475Z,59.5,21.1,1.898,50.4,0,60,0,0,0,0,0,0,0,0,66
2025-09-27T02:05:40.475Z,59.5,21.1,1.899,49.6,0,60,0,0,0,0,0,0,0,0,66
2025-09-27T02:05:41.478Z,59.5,21.1,1.898,50.4,0,60,0,0,0,0,0,0,0,0,66
2025-09-27T02:05:42.473Z,59.5,21.1,1.899,49.6,0,60,0,0,0,0,0,0,0,0,66
2025-09-27T02:05:43.478Z,59.5,21.1,1.898,50.4,0,60,0,0,0,0,0,0,0,0,66
2025-09-27T02:05:44.477Z,59.5,21.1,1.899,49.6,0,60,0,0,0,0,0,0,0,0,66
2025-09-27T02:05:45.478Z,59.5,21.1,1.899,50.4,0,60,0,0,0,0,0,0,0,0,66
2025-09-27T02:05:46.483Z,59.5,21.1,1.898,49.6,0,60,0,0,0,0,0,0,0,0,66
2025-09-27T02:05:47.479Z,59.5,21.1,1.899,50.4,0,60,0,0,0,0,0,0,0,0,66
2025-09-27T02:05:48.476Z,59.6,21.1,1.899,49.6,0,60,0,0,0,0,0,0,0,0,66
2025-09-27T02:05:49.480Z,59.6,21.1,1.898,50.4,0,60,0,0,0,0,0,0,0,0,66
2025-09-27T02:05:50.483Z,59.6,21.1,1.898,49.6,0,60,0,0,0,0,0,0,0,0,66
2025-09-27T02:05:51.484Z,59.6,21.1,1.898,49.6,0,60,0,0,0,0,0,0,0,0,66
2025-09-27T02:05:52.481Z,59.6,21.1,1.898,49.6,0,60,0,0,0,0,0,0,0,0,66
2025-09-27T02:05:53.488Z,59.6,21.1,1.898,50.4,0,60,0,0,0,0,0,0,0,0,66
2025-09-27T02:05:54.490Z,59.6,21.1,1.898,49.6,0,60,0,0,0,0,0,0,0,0,66
2025-09-27T02:05:55.491Z,59.6,21.1,1.898,50.4,0,60,0,0,0,0,0,0,0,0,66
2025-09-27T02:05:56.485Z,59.6,21.1,1.898,50.4,0,60,0,0,0,0,0,0,0,0,66
2025-09-27T02:05:57.486Z,59.6,21.1,1.898,49.6,0,60,0,0,0,0,0,0,0,0,66
2025-09-27T02:05:58.488Z,59.6,21.1,1.898,50.4,0,60,0,0,0,0,0,0,0,0,66
2025-09-27T02:05:59.488Z,59.6,21.1,1.898,49.6,0,60,0,0,0,0,0,0,0,0,66
2025-09-27T02:06:00.492Z,59.6,21.1,1.898,50.4,0,60,0,0,0,0,0,0,0,0,66
2025-09-27T02:06:01.490Z,59.6,21.1,1.898,49.6,0,60,0,0,0,0,0,0,0,0,66
2025-09-27T02:06:02.500Z,59.6,21.1,1.899,50.4,0,60,0,0,0,0,0,0,0,0,66
2025-09-27T02:06:03.493Z,59.6,21.1,1.898,49.6,0,60,0,0,0,0,0,0,0,0,66
2025-09-27T02:06:04.498Z,59.6,21.1,1.898,50.4,0,60,0,0,0,0,0,0,0,0,66
2025-09-27T02:06:05.500Z,59.6,21.1,1.898,49.6,0,60,0,0,0,0,0,0,0,0,66
2025-09-27T02:06:06.502Z,59.6,21.1,1.898,50.4,0,60,0,0,0,0,0,0,0,0,66
2025-09-27T02:06:07.500Z,59.6,21.1,1.898,49.6,0,60,0,0,0,0,0,0,0,0,66
2025-09-27T02:06:08.499Z,59.6,21.1,1.898,50.4,0,60,0,0,0,0,0,0,0,0,66
2025-09-27T02:06:09.500Z,59.6,21.1,1.898,49.6,0,60,0,0,0,0,0,0,0,0,66
2025-09-27T02:06:10.501Z,59.7,21.1,1.898,50.4,0,60,0,0,0,0,0,0,0,0,66
2025-09-27T02:06:11.500Z,59.7,21.1,1.898,49.6,0,60,0,0,0,0,0,0,0,0,66
2025-09-27T02:06:12.503Z,59.7,21.1,1.898,50.4,0,60,0,0,0,0,0,0,0,0,66
2025-09-27T02:06:13.506Z,59.7,21.1,1.898,49.6,0,60,0,0,0,0,0,0,0,0,66
2025-09-27T02:06:14.506Z,59.7,21.1,1.898,50.4,0,60,0,0,0,0,0,0,0,0,66
2025-09-27T02:06:15.504Z,59.7,21.1,1.898,49.6,0,60,0,0,0,0,0,0,0,0,66
2025-09-27T02:06:16.504Z,59.7,21.1,1.898,49.6,0,60,0,0,0,0,0,0,0,0,66
2025-09-27T02:06:17.507Z,59.7,21.1,1.898,50.4,0,60,0,0,0,0,0,0,0,0,66
2025-09-27T02:06:18.504Z,59.7,21.1,1.898,49.6,0,60,0,0,0,0,0,0,0,0,66
2025-09-27T02:06:19.513Z,59.7,21.1,1.898,50.4,0,60,0,0,0,0,0,0,0,0,66
2025-09-27T02:06:20.510Z,59.7,21.1,1.898,49.6,0,60,0,0,0,0,0,0,0,0,66
2025-09-27T02:06:21.508Z,59.7,21.1,1.898,50.4,0,60,0,0,0,0,0,0,0,0,66
2025-09-27T02:06:22.515Z,59.7,21.1,1.898,49.6,0,60,0,0,0,0,0,0,0,0,66
2025-09-27T02:06:23.510Z,59.7,21.1,1.898,50.4,0,60,0,0,0,0,0,0,0,0,66
2025-09-27T02:06:24.514Z,59.7,21.1,1.898,49.6,0,60,0,0,0,0,0,0,0,0,66
2025-09-27T02:06:25.519Z,59.7,21.1,1.898,50.4,0,60,0,0,0,0,0,0,0,0,66
2025-09-27T02:06:26.515Z,59.7,21.1,1.898,49.6,0,60,0,0,0,0,0,0,0,0,66
2025-09-27T02:06:27.521Z,59.7,21.1,1.898,50.4,0,60,0,0,0,0,0,0,0,0,66
2025-09-27T02:06:28.522Z,59.7,21.1,1.898,49.6,0,60,0,0,0,0,0,0,0,0,66
2025-09-27T02:06:29.522Z,59.7,21.1,1.897,50.4,0,60,0,0,0,0,0,0,0,0,66
2025-09-27T02:06:30.520Z,59.7,21.1,1.898,49.6,0,60,0,0,0,0,0,0,0,0,66
2025-09-27T02:06:31.519Z,59.8,21.1,1.896,49.6,0,60,0,0,0,0,0,0,0,0,66
2025-09-27T02:06:32.526Z,59.8,21.1,1.898,50.4,0,60,0,0,0,0,0,0,0,0,66
2025-09-27T02:06:33.525Z,59.8,21.1,1.897,49.6,0,60,0,0,0,0,0,0,0,0,66
2025-09-27T02:06:34.524Z,59.8,21.1,1.896,50.4,0,60,0,0,0,0,0,0,0,0,66
2025-09-27T02:06:35.527Z,59.8,21.1,1.897,49.6,0,60,0,0,0,0,0,0,0,0,66
2025-09-27T02:06:36.527Z,59.8,21.1,1.897,50.4,0,60,0,0,0,0,0,0,0,0,66
2025-09-27T02:06:37.534Z,59.8,21.1,1.897,49.6,0,60,0,0,0,0,0,0,0,0,66
2025-09-27T02:06:38.528Z,59.8,21.1,1.897,50.4,0,60,0,0,0,0,0,0,0,0,66
2025-09-27T02:06:39.528Z,59.8,21.1,1.897,49.6,0,60,0,0,0,0,0,0,0,0,66
2025-09-27T02:06:40.528Z,59.8,21.1,1.897,49.6,0,60,0,0,0,0,0,0,0,0,66
2025-09-27T02:06:41.531Z,59.8,21.1,1.897,50.4,0,60,0,0,0,0,0,0,0,0,66
2025-09-27T02:06:42.532Z,59.8,21.1,1.897,49.6,0,60,0,0,0,0,0,0,0,0,66
2025-09-27T02:06:43.532Z,59.8,21.1,1.897,50.4,0,60,0,0,0,0,0,0,0,0,66
2025-09-27T02:06:44.531Z,59.8,21.1,1.897,49.6,0,60,0,0,0,0,0,0,0,0,66
2025-09-27T02:06:45.535Z,59.8,21.1,1.897,50.4,0,60,0,0,0,0,0,0,0,0,66
2025-09-27T02:06:46.535Z,59.8,21.1,1.897,49.6,0,60,0,0,0,0,0,0,0,0,66
2025-09-27T02:06:47.534Z,59.8,21.1,1.897,50.4,0,60,0,0,0,0,0,0,0,0,66
2025-09-27T02:06:48.533Z,59.8,21.1,1.897,49.6,0,60,0,0,0,0,0,0,0,0,66
2025-09-27T02:06:49.536Z,59.8,21.1,1.897,50.4,0,60,0,0,0,0,0,0,0,0,66
2025-09-27T02:06:50.536Z,59.9,21.1,1.897,49.6,0,60,0,0,0,0,0,0,0,0,66
2025-09-27T02:06:51.533Z,59.9,21.1,1.896,50.4,0,60,0,0,0,0,0,0,0,0,66
2025-09-27T02:06:52.539Z,59.9,21.1,1.897,49.6,0,60,0,0,0,0,0,0,0,0,66
2025-09-27T02:06:53.539Z,59.9,21.1,1.897,50.4,0,60,0,0,0,0,0,0,0,0,66
2025-09-27T02:06:54.538Z,59.9,21.1,1.897,49.6,0,60,0,0,0,0,0,0,0,0,66
2025-09-27T02:06:55.539Z,59.9,21.1,1.897,49.6,0,60,0,0,0,0,0,0,0,0,66
2025-09-27T02:06:56.543Z,59.9,21.1,1.897,49.6,0,60,0,0,0,0,0,0,0,0,66
2025-09-27T02:06:57.541Z,59.9,21.1,1.897,49.6,0,60,0,0,0,0,0,0,0,0,66
2025-09-27T02:06:58.550Z,59.9,21.1,1.896,50.4,0,60,0,0,0,0,0,0,0,0,66
2025-09-27T02:06:59.548Z,59.9,21.1,1.897,49.6,0,60,0,0,0,0,0,0,0,0,66
2025-09-27T02:07:00.547Z,59.9,21.1,1.897,50.4,0,60,0,0,0,0,0,0,0,0,66
2025-09-27T02:07:01.552Z,59.9,21.1,1.896,49.6,0,60,0,0,0,0,0,0,0,0,66
2025-09-27T02:07:02.557Z,59.9,21.1,1.896,49.6,0,60,0,0,0,0,0,0,0,0,66
2025-09-27T02:07:03.545Z,59.9,21.1,1.897,50.4,0,60,0,0,0,0,0,0,0,0,66
2025-09-27T02:07:04.549Z,60,21.1,1.896,50.4,0,60,0,0,0,0,0,0,0,0,66
2025-09-27T02:07:05.555Z,60,21.1,1.895,49.6,0,60,0,0,0,0,0,0,0,0,66
2025-09-27T02:07:06.551Z,60,21.1,1.896,50.4,0,60,0,0,0,0,0,0,0,0,66
2025-09-27T02:07:07.549Z,60,21.1,1.897,49.6,0,60,0,0,0,0,0,0,0,0,66
2025-09-27T02:07:08.549Z,60,21.1,1.896,50.4,0,60,0,0,0,0,0,0,0,0,66
2025-09-27T02:07:09.559Z,60,21.1,1.895,49.6,0,60,0,0,0,0,0,0,0,0,66
2025-09-27T02:07:10.560Z,60,21.1,1.895,50.4,0,60,0,0,0,0,0,0,0,0,66
2025-09-27T02:07:11.557Z,60,21.1,1.896,49.6,0,60,0,0,0,0,0,0,0,0,66
2025-09-27T02:07:12.556Z,60,21.1,1.896,50.4,0,60,0,0,0,0,0,0,0,0,66
2025-09-27T02:07:13.558Z,60,21.1,1.896,49.6,0,60,0,0,0,0,0,0,0,0,66
2025-09-27T02:07:14.558Z,60,21.1,1.896,50.4,0,60,0,0,0,0,0,0,0,0,66
2025-09-27T02:07:15.562Z,60,21.1,1.896,49.6,0,60,0,0,0,0,0,0,0,0,66
2025-09-27T02:07:16.561Z,60,21.1,1.896,50.4,0,60,0,0,0,0,0,0,0,0,66
2025-09-27T02:07:17.560Z,60,21.1,1.896,49.6,0,60,0,0,0,0,0,0,0,0,66
2025-09-27T02:07:18.557Z,60,21.1,1.895,50.4,0,60,0,0,0,0,0,0,0,0,66
2025-09-27T02:07:19.561Z,60,21.1,1.895,49.6,0,60,0,0,0,0,0,0,0,0,66
2025-09-27T02:07:20.561Z,60.1,21.1,1.895,50.4,0,60,0,0,0,0,0,0,0,0,66
2025-09-27T02:07:21.564Z,60.1,21.1,1.895,50.4,0,60,0,0,0,0,0,0,0,0,66
2025-09-27T02:07:22.565Z,60.1,21.1,1.895,49.6,0,60,0,0,0,0,0,0,0,0,66
2025-09-27T02:07:23.561Z,60.1,21.1,1.895,50.4,0,60,0,0,0,0,0,0,0,0,66
2025-09-27T02:07:24.569Z,60.1,21.1,1.895,49.6,0,60,0,0,0,0,0,0,0,0,66
2025-09-27T02:07:25.567Z,60.1,21.1,1.895,50.4,0,60,0,0,0,0,0,0,0,0,66
2025-09-27T02:07:26.567Z,60.1,21.1,1.895,49.6,0,60,0,0,0,0,0,0,0,0,66
2025-09-27T02:07:27.569Z,60.1,21.1,1.895,49.6,0,60,0,0,0,0,0,0,0,0,66
2025-09-27T02:07:28.572Z,60.1,21.1,1.895,49.6,0,60,0,0,0,0,0,0,0,0,66
2025-09-27T02:07:29.572Z,60.1,21.1,1.895,50.4,0,60,0,0,0,0,0,0,0,0,66
2025-09-27T02:07:30.571Z,60.1,21.1,1.895,49.6,0,60,0,0,0,0,0,0,0,0,66
2025-09-27T02:07:31.571Z,60.1,21.1,1.895,50.4,0,60,0,0,0,0,0,0,0,0,66
2025-09-27T02:07:32.575Z,60.1,21.1,1.895,49.6,0,60,0,0,0,0,0,0,0,0,66
2025-09-27T02:07:33.578Z,60.1,21.1,1.895,50.4,0,60,0,0,0,0,0,0,0,0,66
2025-09-27T02:07:34.580Z,60.1,21.1,1.895,49.6,0,60,0,0,0,0,0,0,0,0,66
2025-09-27T02:07:35.576Z,60.1,21.1,1.895,50.4,0,60,0,0,0,0,0,0,0,0,66
2025-09-27T02:07:36.581Z,60.2,21.1,1.895,49.6,0,60,0,0,0,0,0,0,0,0,66
2025-09-27T02:07:37.577Z,60.2,21.1,1.895,50.4,0,60,0,0,0,0,0,0,0,0,66
2025-09-27T02:07:38.581Z,60.2,21.1,1.895,49.6,0,60,0,0,0,0,0,0,0,0,66
2025-09-27T02:07:39.579Z,60.2,21.1,1.895,50.4,0,60,0,0,0,0,0,0,0,0,66
2025-09-27T02:07:40.583Z,60.2,21.1,1.895,49.6,0,60,0,0,0,0,0,0,0,0,66
2025-09-27T02:07:41.583Z,60.2,21.1,1.895,50.4,0,60,0,0,0,0,0,0,0,0,66
2025-09-27T02:07:42.592Z,60.2,21.1,1.895,49.6,0,60,0,0,0,0,0,0,0,0,66
2025-09-27T02:07:43.583Z,60.2,21.1,1.895,50.4,0,60,0,0,0,0,0,0,0,0,66
2025-09-27T02:07:44.588Z,60.2,21.1,1.895,49.6,0,60,0,0,0,0,0,0,0,0,66
2025-09-27T02:07:45.587Z,60.2,21.1,1.895,50.4,0,60,0,0,0,0,0,0,0,0,66
2025-09-27T02:07:46.591Z,60.2,21.1,1.895,49.6,0,60,0,0,0,0,0,0,0,0,66
2025-09-27T02:07:47.590Z,60.2,21.1,1.895,50.4,0,60,0,0,0,0,0,0,0,0,66
2025-09-27T02:07:48.583Z,60.2,21.1,1.895,49.6,0,60,0,0,0,0,0,0,0,0,66
2025-09-27T02:07:49.590Z,60.2,21.1,1.895,49.6,0,60,0,0,0,0,0,0,0,0,66
2025-09-27T02:07:50.593Z,60.2,21.1,1.895,50.4,0,60,0,0,0,0,0,0,0,0,66
2025-09-27T02:07:51.595Z,60.3,21.1,1.895,49.6,0,60,0,0,0,0,0,0,0,0,66
2025-09-27T02:07:52.591Z,60.3,21.1,1.895,50.4,0,60,0,0,0,0,0,0,0,0,66
2025-09-27T02:07:53.593Z,60.3,21.1,1.895,49.6,0,60,0,0,0,0,0,0,0,0,66
2025-09-27T02:07:54.598Z,60.3,21.1,1.895,50.4,0,59.9,0,0,0,0,0,0,0,0,66
2025-09-27T02:07:55.598Z,60.3,21.1,1.895,49.6,0,60,0,0,0,0,0,0,0,0,66
2025-09-27T02:07:56.593Z,60.3,21.1,1.894,50.4,0,60,0,0,0,0,0,0,0,0,66
2025-09-27T02:07:57.599Z,60.3,21.1,1.895,49.6,0,60,0,0,0,0,0,0,0,0,66
2025-09-27T02:07:58.600Z,60.3,21.1,1.895,50.4,0,60,0,0,0,0,0,0,0,0,66
2025-09-27T02:07:59.601Z,60.3,21.1,1.895,49.6,0,60,0,0,0,0,0,0,0,0,66
2025-09-27T02:08:00.600Z,60.3,21.1,1.895,50.4,0,60,0,0,0,0,0,0,0,0,66
2025-09-27T02:08:01.606Z,60.3,21.1,1.895,49.6,0,60,0,0,0,0,0,0,0,0,66
2025-09-27T02:08:02.601Z,60.3,21.1,1.894,50.4,0,60,0,0,0,0,0,0,0,0,66
2025-09-27T02:08:03.601Z,60.3,21.1,1.894,49.6,0,60,0,0,0,0,0,0,0,0,66
2025-09-27T02:08:04.605Z,60.3,21.1,1.895,49.6,0,60,0,0,0,0,0,0,0,0,66
2025-09-27T02:08:05.607Z,60.3,21.1,1.895,49.6,0,60,0,0,0,0,0,0,0,0,66
2025-09-27T02:08:06.606Z,60.3,21.1,1.895,49.6,0,60,0,0,0,0,0,0,0,0,66
2025-09-27T02:08:07.606Z,60.4,21.1,1.895,50.4,0,60,0,0,0,0,0,0,0,0,66
2025-09-27T02:08:08.610Z,60.4,21.1,1.895,49.6,0,60,0,0,0,0,0,0,0,0,66
2025-09-27T02:08:09.610Z,60.4,21.1,1.894,50.4,0,59.9,0,0,0,0,0,0,0,0,66
2025-09-27T02:08:10.609Z,60.4,21.1,1.894,50.4,0,60,0,0,0,0,0,0,0,0,66
2025-09-27T02:08:11.611Z,60.4,21.1,1.894,49.6,0,59.9,0,0,0,0,0,0,0,0,66
2025-09-27T02:08:12.610Z,60.4,21.1,1.894,49.6,0,60,0,0,0,0,0,0,0,0,66
2025-09-27T02:08:13.614Z,60.4,21.1,1.894,49.6,0,60,0,0,0,0,0,0,0,0,66
2025-09-27T02:08:14.618Z,60.4,21.1,1.894,50.4,0,60,0,0,0,0,0,0,0,0,66
2025-09-27T02:08:15.617Z,60.4,21.1,1.894,49.6,0,59.9,0,0,0,0,0,0,0,0,66
2025-09-27T02:08:16.613Z,60.4,21.1,1.894,50.4,0,59.9,0,0,0,0,0,0,0,0,66
2025-09-27T02:08:17.617Z,60.4,21.1,1.894,49.6,0,59.9,0,0,0,0,0,0,0,0,66
2025-09-27T02:08:18.615Z,60.4,21.1,1.894,49.6,0,59.9,0,0,0,0,0,0,0,0,66
2025-09-27T02:08:19.613Z,60.4,21.1,1.894,50.4,0,59.9,0,0,0,0,0,0,0,0,66
2025-09-27T02:08:20.612Z,60.5,21.1,1.894,49.6,0,59.9,0,0,0,0,0,0,0,0,66
2025-09-27T02:08:21.615Z,60.4,21.1,1.894,49.6,0,59.9,0,0,0,0,0,0,0,0,66
2025-09-27T02:08:22.622Z,60.5,21.1,1.894,50.4,0,60,0,0,0,0,0,0,0,0,66
2025-09-27T02:08:23.620Z,60.5,21.1,1.894,49.6,0,60,0,0,0,0,0,0,0,0,66
2025-09-27T02:08:24.625Z,60.5,21.1,1.894,49.6,0,59.9,0,0,0,0,0,0,0,0,66
2025-09-27T02:08:25.623Z,60.5,21.1,1.894,50.4,0,60,0,0,0,0,0,0,0,0,66
2025-09-27T02:08:26.625Z,60.5,21.1,1.894,50.4,0,60,0,0,0,0,0,0,0,0,66
2025-09-27T02:08:27.628Z,60.5,21.1,1.893,49.6,0,60,0,0,0,0,0,0,0,0,66
2025-09-27T02:08:28.623Z,60.5,21.1,1.894,50.4,0,60,0,0,0,0,0,0,0,0,66
2025-09-27T02:08:29.626Z,60.5,21.1,1.894,49.6,0,60,0,0,0,0,0,0,0,0,66
2025-09-27T02:08:30.629Z,60.5,21.1,1.894,49.6,0,60,0,0,0,0,0,0,0,0,66
2025-09-27T02:08:31.629Z,60.5,21.1,1.894,50.4,0,60,0,0,0,0,0,0,0,0,66
2025-09-27T02:08:32.630Z,60.5,21.1,1.894,49.6,0,60,0,0,0,0,0,0,0,0,66
2025-09-27T02:08:33.632Z,60.5,21.1,1.894,49.6,0,60,0,0,0,0,0,0,0,0,66
2025-09-27T02:08:34.630Z,60.5,21.1,1.894,50.4,0,60,0,0,0,0,0,0,0,0,66
2025-09-27T02:08:35.632Z,60.5,21.1,1.894,50.4,0,60,0,0,0,0,0,0,0,0,66
2025-09-27T02:08:36.633Z,60.6,21.1,1.894,49.6,0,60,0,0,0,0,0,0,0,0,66
2025-09-27T02:08:37.635Z,60.6,21.1,1.894,50.4,0,60,0,0,0,0,0,0,0,0,66
2025-09-27T02:08:38.632Z,60.6,21.1,1.894,49.6,0,60,0,0,0,0,0,0,0,0,66
2025-09-27T02:08:39.638Z,60.6,21.1,1.893,50.4,0,60,0,0,0,0,0,0,0,0,66
2025-09-27T02:08:40.639Z,60.6,21.1,1.893,50.4,0,60,0,0,0,0,0,0,0,0,66
2025-09-27T02:08:41.642Z,60.6,21.1,1.893,49.6,0,60,0,0,0,0,0,0,0,0,66
2025-09-27T02:08:42.639Z,60.6,21.1,1.893,50.4,0,60,0,0,0,0,0,0,0,0,66
2025-09-27T02:08:43.636Z,60.6,21.1,1.893,49.6,0,60,0,0,0,0,0,0,0,0,66
2025-09-27T02:08:44.635Z,60.6,21.1,1.894,50.4,0,60,0,0,0,0,0,0,0,0,66
2025-09-27T02:08:45.644Z,60.6,21.1,1.893,49.6,0,60,0,0,0,0,0,0,0,0,66
2025-09-27T02:08:46.643Z,60.6,21.1,1.893,49.6,0,60,0,0,0,0,0,0,0,0,66
2025-09-27T02:08:47.641Z,60.6,21.1,1.894,50.4,0,60,0,0,0,0,0,0,0,0,66
2025-09-27T02:08:48.643Z,60.6,21.1,1.893,49.6,0,60,0,0,0,0,0,0,0,0,66
2025-09-27T02:08:49.648Z,60.6,21.1,1.893,50.4,0,60,0,0,0,0,0,0,0,0,66
2025-09-27T02:08:50.652Z,60.6,21.1,1.893,50.4,0,60,0,0,0,0,0,0,0,0,66
2025-09-27T02:08:51.646Z,60.7,21.1,1.893,49.6,0,60,0,0,0,0,0,0,0,0,66
2025-09-27T02:08:52.645Z,60.7,21.1,1.893,50.4,0,60,0,0,0,0,0,0,0,0,66
2025-09-27T02:08:53.648Z,60.7,21.1,1.893,49.6,0,60,0,0,0,0,0,0,0,0,66
2025-09-27T02:08:54.650Z,60.7,21.1,1.893,50.4,0,60,0,0,0,0,0,0,0,0,66
2025-09-27T02:08:55.651Z,60.7,21.1,1.893,49.6,0,60,0,0,0,0,0,0,0,0,66
2025-09-27T02:08:56.653Z,60.7,21.1,1.893,50.4,0,60,0,0,0,0,0,0,0,0,66
2025-09-27T02:08:57.650Z,60.7,21.1,1.893,49.6,0,60,0,0,0,0,0,0,0,0,66
2025-09-27T02:08:58.656Z,60.7,21.1,1.893,50.4,0,60,0,0,0,0,0,0,0,0,66
2025-09-27T02:08:59.650Z,60.7,21.1,1.892,49.6,0,60,0,0,0,0,0,0,0,0,66
2025-09-27T02:09:00.652Z,60.7,21.1,1.892,49.6,0,60,0,0,0,0,0,0,0,0,66
2025-09-27T02:09:01.656Z,60.7,21.1,1.893,50.4,0,60,0,0,0,0,0,0,0,0,66
2025-09-27T02:09:02.656Z,60.7,21.1,1.892,49.6,0,60,0,0,0,0,0,0,0,0,66
2025-09-27T02:09:03.664Z,60.7,21.1,1.892,50.4,0,60,0,0,0,0,0,0,0,0,66
2025-09-27T02:09:04.660Z,60.7,21.1,1.892,49.6,0,60,0,0,0,0,0,0,0,0,66
2025-09-27T02:09:05.663Z,60.7,21.1,1.892,50.4,0,60,0,0,0,0,0,0,0,0,66
2025-09-27T02:09:06.659Z,60.7,21.1,1.892,49.6,0,60,0,0,0,0,0,0,0,0,66
2025-09-27T02:09:07.657Z,60.7,21.1,1.892,49.6,0,60,0,0,0,0,0,0,0,0,66
2025-09-27T02:09:08.661Z,60.8,21.1,1.892,50.4,0,60,0,0,0,0,0,0,0,0,66
2025-09-27T02:09:09.663Z,60.8,21.1,1.892,49.6,0,60,0,0,0,0,0,0,0,0,66
2025-09-27T02:09:10.664Z,60.8,21.1,1.892,50.4,0,60,0,0,0,0,0,0,0,0,66
2025-09-27T02:09:11.664Z,60.8,21.1,1.892,49.6,0,60,0,0,0,0,0,0,0,0,66
2025-09-27T02:09:12.670Z,60.8,21.1,1.892,49.6,0,60,0,0,0,0,0,0,0,0,66
2025-09-27T02:09:13.666Z,60.8,21.1,1.892,50.4,0,60,0,0,0,0,0,0,0,0,66
2025-09-27T02:09:14.671Z,60.8,21.1,1.892,50.4,0,60,0,0,0,0,0,0,0,0,66
2025-09-27T02:09:15.667Z,60.8,21.1,1.892,49.6,0,60,0,0,0,0,0,0,0,0,66
2025-09-27T02:09:16.672Z,60.8,21.1,1.892,49.6,0,60,0,0,0,0,0,0,0,0,66
2025-09-27T02:09:17.671Z,60.8,21.1,1.892,49.6,0,60,0,0,0,0,0,0,0,0,66
2025-09-27T02:09:18.670Z,60.8,21.1,1.892,50.4,0,60,0,0,0,0,0,0,0,0,66
2025-09-27T02:09:19.669Z,60.8,21.1,1.892,50.4,0,60,0,0,0,0,0,0,0,0,66
2025-09-27T02:09:20.670Z,60.8,21.1,1.892,49.6,0,60,0,0,0,0,0,0,0,0,66
2025-09-27T02:09:21.671Z,60.8,21.1,1.892,50.4,0,60,0,0,0,0,0,0,0,0,66
2025-09-27T02:09:22.673Z,60.8,21.1,1.892,49.6,0,60,0,0,0,0,0,0,0,0,66
2025-09-27T02:09:23.670Z,60.8,21.1,1.892,50.4,0,60,0,0,0,0,0,0,0,0,66
2025-09-27T02:09:24.675Z,60.8,21.1,1.892,49.6,0,60,0,0,0,0,0,0,0,0,66
2025-09-27T02:09:25.678Z,60.8,21.1,1.892,50.4,0,60,0,0,0,0,0,0,0,0,66
2025-09-27T02:09:26.679Z,60.8,21.1,1.892,50.4,0,60,0,0,0,0,0,0,0,0,66
2025-09-27T02:09:27.674Z,60.8,21.1,1.892,49.6,0,60,0,0,0,0,0,0,0,0,66
2025-09-27T02:09:28.679Z,60.9,21.1,1.892,49.6,0,60,0,0,0,0,0,0,0,0,66
2025-09-27T02:09:29.680Z,60.9,21.1,1.892,49.6,0,60,0,0,0,0,0,0,0,0,66
2025-09-27T02:09:30.680Z,60.9,21.1,1.892,50.4,0,60,0,0,0,0,0,0,0,0,66
2025-09-27T02:09:31.681Z,60.9,21.1,1.892,49.6,0,60,0,0,0,0,0,0,0,0,66
2025-09-27T02:09:32.683Z,60.9,21.1,1.893,49.6,0,60,0,0,0,0,0,0,0,0,66
2025-09-27T02:09:33.685Z,60.9,21.1,1.893,50.4,0,60,0,0,0,0,0,0,0,0,66
2025-09-27T02:09:34.685Z,60.9,21.1,1.893,49.6,0,60,0,0,0,0,0,0,0,0,66
2025-09-27T02:09:35.687Z,60.9,21.1,1.893,49.6,0,60,0,0,0,0,0,0,0,0,66
2025-09-27T02:09:36.685Z,60.9,21.1,1.892,50.4,0,60,0,0,0,0,0,0,0,0,66
2025-09-27T02:09:37.690Z,60.9,21.1,1.893,49.6,0,60,0,0,0,0,0,0,0,0,66
2025-09-27T02:09:38.689Z,60.9,21.1,1.893,49.6,0,60,0,0,0,0,0,0,0,0,66
2025-09-27T02:09:39.690Z,60.9,21.1,1.893,50.4,0,60,0,0,0,0,0,0,0,0,66
2025-09-27T02:09:40.691Z,60.9,21.1,1.893,49.6,0,60,0,0,0,0,0,0,0,0,66
2025-09-27T02:09:41.691Z,60.9,21.1,1.893,49.6,0,60,0,0,0,0,0,0,0,0,66
2025-09-27T02:09:42.697Z,60.9,21.1,1.893,50.4,0,60,0,0,0,0,0,0,0,0,66
2025-09-27T02:09:43.697Z,60.9,21.1,1.893,50.4,0,60,0,0,0,0,0,0,0,0,66
2025-09-27T02:09:44.691Z,60.9,21.1,1.892,49.6,0,60,0,0,0,0,0,0,0,0,66
2025-09-27T02:09:45.694Z,60.9,21.1,1.893,50.4,0,60,0,0,0,0,0,0,0,0,66
2025-09-27T02:09:46.702Z,60.9,21.1,1.893,49.6,0,60,0,0,0,0,0,0,0,0,66
2025-09-27T02:09:47.696Z,60.9,21.1,1.893,49.6,0,60,0,0,0,0,0,0,0,0,66
2025-09-27T02:09:48.695Z,60.9,21.1,1.893,50.4,0,60,0,0,0,0,0,0,0,0,66
2025-09-27T02:09:49.696Z,60.9,21.1,1.892,50.4,0,60,0,0,0,0,0,0,0,0,66
2025-09-27T02:09:50.697Z,60.9,21.1,1.892,49.6,0,60,0,0,0,0,0,0,0,0,66
2025-09-27T02:09:51.699Z,60.9,21.1,1.893,50.4,0,60,0,0,0,0,0,0,0,0,66
2025-09-27T02:09:52.698Z,61,21.1,1.893,49.6,0,60,0,0,0,0,0,0,0,0,66
2025-09-27T02:09:53.701Z,60.9,21.1,1.893,50.4,0,60,0,0,0,0,0,0,0,0,66
2025-09-27T02:09:54.700Z,61,21.1,1.893,49.6,0,60,0,0,0,0,0,0,0,0,66
2025-09-27T02:09:55.704Z,61,21.1,1.893,50.4,0,60,0,0,0,0,0,0,0,0,66
2025-09-27T02:09:56.708Z,61,21.1,1.892,49.6,0,60,0,0,0,0,0,0,0,0,66
2025-09-27T02:09:57.708Z,61,21.1,1.892,49.6,0,60,0,0,0,0,0,0,0,0,66
2025-09-27T02:09:58.701Z,61,21.1,1.893,50.4,0,60,0,0,0,0,0,0,0,0,66
2025-09-27T02:09:59.706Z,61,21.1,1.892,50.4,0,60,0,0,0,0,0,0,0,0,66
2025-09-27T02:10:00.707Z,61,21.1,1.893,49.6,0,60,0,0,0,0,0,0,0,0,66
2025-09-27T02:10:01.712Z,61,21.1,1.893,50.4,0,60,0,0,0,0,0,0,0,0,66
2025-09-27T02:10:02.711Z,61,21.1,1.892,49.6,0,60,0,0,0,0,0,0,0,0,66
2025-09-27T02:10:03.715Z,61,21.1,1.892,50.4,0,60,0,0,0,0,0,0,0,0,66
2025-09-27T02:10:04.712Z,61,21.1,1.892,49.6,0,60,0,0,0,0,0,0,0,0,66
2025-09-27T02:10:05.714Z,61,21.1,1.892,50.4,0,60,0,0,0,0,0,0,0,0,66
2025-09-27T02:10:06.715Z,61,21.1,1.892,49.6,0,60,0,0,0,0,0,0,0,0,66
2025-09-27T02:10:07.713Z,61,21.1,1.893,49.6,0,60,0,0,0,0,0,0,0,0,66
2025-09-27T02:10:08.719Z,61,21.1,1.891,50.4,0,60,0,0,0,0,0,0,0,0,66
2025-09-27T02:10:09.726Z,61,21.1,1.891,49.6,0,60,0,0,0,0,0,0,0,0,66
2025-09-27T02:10:10.717Z,61,21.1,1.892,49.6,0,60,0,0,0,0,0,0,0,0,66
2025-09-27T02:10:11.720Z,61,21.1,1.892,50.4,0,59.9,0,0,0,0,0,0,0,0,66
2025-09-27T02:10:12.718Z,61,21.1,1.892,50.4,0,59.9,0,0,0,0,0,0,0,0,66
2025-09-27T02:10:13.722Z,61,21.1,1.893,49.6,0,60,0,0,0,0,0,0,0,0,66
2025-09-27T02:10:14.727Z,61,21.1,1.892,50.4,0,60,0,0,0,0,0,0,0,0,66
2025-09-27T02:10:15.720Z,61,21.1,1.892,49.6,0,60,0,0,0,0,0,0,0,0,66
2025-09-27T02:10:16.725Z,61,21.1,1.892,50.4,0,60,0,0,0,0,0,0,0,0,66
2025-09-27T02:10:17.727Z,61,21.1,1.892,49.6,0,60,0,0,0,0,0,0,0,0,66
2025-09-27T02:10:18.722Z,61,21.1,1.893,49.6,0,60,0,0,0,0,0,0,0,0,66
2025-09-27T02:10:19.722Z,61,21.1,1.892,50.4,0,60,0,0,0,0,0,0,0,0,66
2025-09-27T02:10:20.724Z,61,21.1,1.892,49.6,0,60,0,0,0,0,0,0,0,0,66
2025-09-27T02:10:21.728Z,61,21.1,1.891,50.4,0,60,0,0,0,0,0,0,0,0,66
2025-09-27T02:10:22.729Z,61,21.1,1.891,49.6,0,60,0,0,0,0,0,0,0,0,66
2025-09-27T02:10:23.729Z,61,21.1,1.891,49.6,0,60,0,0,0,0,0,0,0,0,66
2025-09-27T02:10:24.728Z,61,21.1,1.891,50.4,0,60,0,0,0,0,0,0,0,0,66
2025-09-27T02:10:25.730Z,61,21.1,1.891,49.6,0,60,0,0,0,0,0,0,0,0,66
2025-09-27T02:10:26.731Z,61,21.1,1.891,49.6,0,60,0,0,0,0,0,0,0,0,66
2025-09-27T02:10:27.733Z,61,21.1,1.891,50.4,0,60,0,0,0,0,0,0,0,0,66
2025-09-27T02:10:28.731Z,61,21.1,1.892,49.6,0,60,0,0,0,0,0,0,0,0,66
2025-09-27T02:10:29.737Z,61,21.1,1.891,49.6,0,60,0,0,0,0,0,0,0,0,66
2025-09-27T02:10:30.736Z,61,21.1,1.891,50.4,0,60,0,0,0,0,0,0,0,0,66
2025-09-27T02:10:31.734Z,61,21.1,1.891,50.4,0,59.9,0,0,0,0,0,0,0,0,66
2025-09-27T02:10:32.736Z,61,21.1,1.891,49.6,0,60,0,0,0,0,0,0,0,0,66
2025-09-27T02:10:33.740Z,61,21.1,1.891,50.4,0,60,0,0,0,0,0,0,0,0,66
2025-09-27T02:10:34.740Z,61,21.1,1.891,49.6,0,60,0,0,0,0,0,0,0,0,66
2025-09-27T02:10:35.738Z,61,21.1,1.891,49.6,0,60,0,0,0,0,0,0,0,0,66
2025-09-27T02:10:36.740Z,61,21.1,1.891,50.4,0,60,0,0,0,0,0,0,0,0,66
2025-09-27T02:10:37.738Z,61,21.1,1.892,50.4,0,60,0,0,0,0,0,0,0,0,66
2025-09-27T02:10:38.745Z,61,21.1,1.891,49.6,0,60,0,0,0,0,0,0,0,0,66
2025-09-27T02:10:39.741Z,61,21.1,1.891,50.4,0,60,0,0,0,0,0,0,0,0,66
2025-09-27T02:10:40.746Z,61,21.1,1.891,49.6,0,60,0,0,0,0,0,0,0,0,66
2025-09-27T02:10:41.747Z,61,21.1,1.891,50.4,0,60,0,0,0,0,0,0,0,0,66
2025-09-27T02:10:42.749Z,61,21.1,1.891,50.4,0,60,0,0,0,0,0,0,0,0,66
2025-09-27T02:10:43.747Z,61,21.1,1.891,49.6,0,60,0,0,0,0,0,0,0,0,66
2025-09-27T02:10:44.751Z,61,21.1,1.891,50.4,0,60,0,0,0,0,0,0,0,0,66
2025-09-27T02:10:45.746Z,61,21.1,1.891,49.6,0,60,0,0,0,0,0,0,0,0,66
2025-09-27T02:10:46.752Z,61,21.1,1.891,50.4,0,60,0,0,0,0,0,0,0,0,66
2025-09-27T02:10:47.755Z,61,21.1,1.891,49.6,0,60,0,0,0,0,0,0,0,0,66
2025-09-27T02:10:48.748Z,61,21.1,1.891,50.4,0,60,0,0,0,0,0,0,0,0,66
2025-09-27T02:10:49.750Z,61,21.1,1.892,50.4,0,60,0,0,0,0,0,0,0,0,66
2025-09-27T02:10:50.752Z,61,21.1,1.891,49.6,0,60,0,0,0,0,0,0,0,0,66
2025-09-27T02:10:51.754Z,61,21.1,1.891,49.6,0,60,0,0,0,0,0,0,0,0,66
2025-09-27T02:10:52.754Z,61,21.1,1.891,49.6,0,60,0,0,0,0,0,0,0,0,66
2025-09-27T02:10:53.758Z,61,21.1,1.891,50.4,0,60,0,0,0,0,0,0,0,0,66
2025-09-27T02:10:54.759Z,61,21.1,1.891,49.6,0,60,0,0,0,0,0,0,0,0,66
2025-09-27T02:10:55.758Z,61,21.1,1.892,49.6,0,60,0,0,0,0,0,0,0,0,66
2025-09-27T02:10:56.757Z,61,21.1,1.891,50.4,0,60,0,0,0,0,0,0,0,0,66
2025-09-27T02:10:57.765Z,61,21.1,1.893,50.4,0,60,0,0,0,0,0,0,0,0,66
2025-09-27T02:10:58.767Z,60.9,21.1,1.893,49.6,0,60,0,0,0,0,0,0,0,0,66
2025-09-27T02:10:59.763Z,60.9,21.1,1.892,50.4,0,60,0,0,0,0,0,0,0,0,66
2025-09-27T02:11:00.764Z,60.9,21.1,1.892,49.6,0,60,0,0,0,0,0,0,0,0,66
2025-09-27T02:11:01.771Z,60.9,21.1,1.893,50.4,0,60,0,0,0,0,0,0,0,0,66
2025-09-27T02:11:02.771Z,60.9,21.1,1.893,50.4,0,60,0,0,0,0,0,0,0,0,66
2025-09-27T02:11:03.772Z,60.9,21.1,1.893,49.6,0,60,0,0,0,0,0,0,0,0,66
2025-09-27T02:11:04.765Z,60.9,21.1,1.892,49.6,0,60,0,0,0,0,0,0,0,0,66
2025-09-27T02:11:05.768Z,60.9,21.1,1.891,50.4,0,60,0,0,0,0,0,0,0,0,66
2025-09-27T02:11:06.772Z,60.9,21.1,1.892,49.6,0,60,0,0,0,0,0,0,0,0,66
2025-09-27T02:11:07.771Z,60.9,21.1,1.892,49.6,0,60,0,0,0,0,0,0,0,0,66
2025-09-27T02:11:08.775Z,60.9,21.1,1.893,50.4,0,60,0,0,0,0,0,0,0,0,66
2025-09-27T02:11:09.774Z,60.9,21.1,1.892,49.6,0,60,0,0,0,0,0,0,0,0,66
2025-09-27T02:11:10.774Z,60.9,21.1,1.892,49.6,0,60,0,0,0,0,0,0,0,0,66
2025-09-27T02:11:11.780Z,60.9,21.1,1.892,50.4,0,60,0,0,0,0,0,0,0,0,66
2025-09-27T02:11:12.777Z,60.9,21.1,1.893,49.6,0,60,0,0,0,0,0,0,0,0,66
2025-09-27T02:11:13.780Z,60.9,21.1,1.893,50.4,0,60,0,0,0,0,0,0,0,0,66
2025-09-27T02:11:14.791Z,60.9,21.1,1.892,49.6,0,60,0,0,0,0,0,0,0,0,66
2025-09-27T02:11:15.778Z,60.9,21.1,1.893,49.6,0,60,0,0,0,0,0,0,0,0,66
2025-09-27T02:11:16.785Z,60.9,21.1,1.893,50.4,0,60,0,0,0,0,0,0,0,0,66
2025-09-27T02:11:17.782Z,60.9,21.1,1.893,50.4,0,60,0,0,0,0,0,0,0,0,66
2025-09-27T02:11:18.781Z,60.9,21.1,1.893,49.6,0,60,0,0,0,0,0,0,0,0,66
2025-09-27T02:11:19.781Z,60.9,21.1,1.893,50.4,0,60,0,0,0,0,0,0,0,0,66
2025-09-27T02:11:20.783Z,60.9,21.1,1.893,49.6,0,60,0,0,0,0,0,0,0,0,66
2025-09-27T02:11:21.782Z,60.9,21.1,1.893,50.4,0,60,0,0,0,0,0,0,0,0,66
2025-09-27T02:11:22.787Z,60.9,21.1,1.893,50.4,0,60,0,0,0,0,0,0,0,0,66
2025-09-27T02:11:23.783Z,60.9,21.1,1.893,49.6,0,60,0,0,0,0,0,0,0,0,66
2025-09-27T02:11:24.787Z,60.9,21.1,1.893,50.4,0,60,0,0,0,0,0,0,0,0,66
2025-09-27T02:11:25.795Z,60.9,21.1,1.893,49.6,0,60,0,0,0,0,0,0,0,0,66
2025-09-27T02:11:26.791Z,60.9,21.1,1.893,50.4,0,60,0,0,0,0,0,0,0,0,66
2025-09-27T02:11:27.790Z,60.9,21.1,1.893,49.6,0,60,0,0,0,0,0,0,0,0,66
2025-09-27T02:11:28.790Z,60.9,21.1,1.893,50.4,0,60,0,0,0,0,0,0,0,0,66
2025-09-27T02:11:29.795Z,60.9,21.1,1.893,49.6,0,60,0,0,0,0,0,0,0,0,66
2025-09-27T02:11:30.793Z,60.9,21.1,1.893,50.4,0,60,0,0,0,0,0,0,0,0,66
2025-09-27T02:11:31.794Z,60.9,21.1,1.893,49.6,0,60,0,0,0,0,0,0,0,0,66
2025-09-27T02:11:32.793Z,60.8,21.1,1.893,50.4,0,60,0,0,0,0,0,0,0,0,66
2025-09-27T02:11:33.798Z,60.8,21.1,1.893,49.6,0,60,0,0,0,0,0,0,0,0,66
2025-09-27T02:11:34.799Z,60.8,21.1,1.893,50.4,0,60,0,0,0,0,0,0,0,0,66
2025-09-27T02:11:35.800Z,60.8,21.1,1.893,49.6,0,60,0,0,0,0,0,0,0,0,66
2025-09-27T02:11:36.800Z,60.8,21.1,1.893,50.4,0,60,0,0,0,0,0,0,0,0,66
2025-09-27T02:11:37.802Z,60.8,21.1,1.892,49.6,0,60,0,0,0,0,0,0,0,0,66
2025-09-27T02:11:38.803Z,60.8,21.1,1.892,50.4,0,60,0,0,0,0,0,0,0,0,66
2025-09-27T02:11:39.803Z,60.8,21.1,1.893,49.6,0,60,0,0,0,0,0,0,0,0,66
2025-09-27T02:11:40.803Z,60.8,21.1,1.893,50.4,0,60,0,0,0,0,0,0,0,0,66
2025-09-27T02:11:41.809Z,60.8,21.1,1.892,49.6,0,60,0,0,0,0,0,0,0,0,66
2025-09-27T02:11:42.807Z,60.8,21.1,1.892,50.4,0,60,0,0,0,0,0,0,0,0,66
2025-09-27T02:11:43.806Z,60.8,21.1,1.892,49.6,0,60,0,0,0,0,0,0,0,0,66
2025-09-27T02:11:44.809Z,60.8,21.1,1.892,50.4,0,60,0,0,0,0,0,0,0,0,66
2025-09-27T02:11:45.808Z,60.8,21.1,1.892,49.6,0,60,0,0,0,0,0,0,0,0,66
2025-09-27T02:11:46.806Z,60.8,21.1,1.893,50.4,0,60,0,0,0,0,0,0,0,0,66
2025-09-27T02:11:47.813Z,60.8,21.1,1.892,49.6,0,60,0,0,0,0,0,0,0,0,66
2025-09-27T02:11:48.811Z,60.8,21.1,1.892,50.4,0,60,0,0,0,0,0,0,0,0,66
2025-09-27T02:11:49.812Z,60.8,21.1,1.892,49.6,0,60,0,0,0,0,0,0,0,0,66
2025-09-27T02:11:50.817Z,60.8,21.1,1.892,50.4,0,60,0,0,0,0,0,0,0,0,66
2025-09-27T02:11:51.816Z,60.8,21.1,1.892,49.6,0,60,0,0,0,0,0,0,0,0,66
2025-09-27T02:11:52.813Z,60.8,21.1,1.892,50.4,0,60,0,0,0,0,0,0,0,0,66
2025-09-27T02:11:53.814Z,60.8,21.1,1.892,49.6,0,60,0,0,0,0,0,0,0,0,66
2025-09-27T02:11:54.813Z,60.8,21.1,1.892,50.4,0,60,0,0,0,0,0,0,0,0,66
2025-09-27T02:11:55.816Z,60.8,21.1,1.892,49.6,0,60,0,0,0,0,0,0,0,0,66
2025-09-27T02:11:56.811Z,60.8,21.1,1.893,50.4,0,60,0,0,0,0,0,0,0,0,66
2025-09-27T02:11:57.819Z,60.8,21.1,1.892,49.6,0,60,0,0,0,0,0,0,0,0,66
2025-09-27T02:11:58.820Z,60.8,21.1,1.892,50.4,0,60,0,0,0,0,0,0,0,0,66
2025-09-27T02:11:59.819Z,60.8,21.1,1.892,49.6,0,60,0,0,0,0,0,0,0,0,66
2025-09-27T02:12:00.822Z,60.8,21.1,1.892,49.6,0,60,0,0,0,0,0,0,0,0,66
2025-09-27T02:12:01.824Z,60.8,21.1,1.892,49.6,0,60,0,0,0,0,0,0,0,0,66
2025-09-27T02:12:02.819Z,60.8,21.1,1.892,50.4,0,60,0,0,0,0,0,0,0,0,66
2025-09-27T02:12:03.825Z,60.7,21.1,1.892,49.6,0,60,0,0,0,0,0,0,0,0,66
2025-09-27T02:12:04.823Z,60.7,21.1,1.892,49.6,0,60,0,0,0,0,0,0,0,0,66
2025-09-27T02:12:05.821Z,60.7,21.1,1.893,49.6,0,60,0,0,0,0,0,0,0,0,66
2025-09-27T02:12:06.827Z,60.7,21.1,1.892,49.6,0,60,0,0,0,0,0,0,0,0,66
2025-09-27T02:12:07.829Z,60.7,21.1,1.892,49.6,0,60,0,0,0,0,0,0,0,0,66
2025-09-27T02:12:08.826Z,60.7,21.1,1.893,50.4,0,60,0,0,0,0,0,0,0,0,66
2025-09-27T02:12:09.835Z,60.7,21.1,1.893,50.4,0,60,0,0,0,0,0,0,0,0,66
2025-09-27T02:12:10.834Z,60.7,21.1,1.893,49.6,0,60,0,0,0,0,0,0,0,0,66
2025-09-27T02:12:11.831Z,60.7,21.1,1.893,50.4,0,60,0,0,0,0,0,0,0,0,66
2025-09-27T02:12:12.831Z,60.7,21.1,1.893,49.6,0,60,0,0,0,0,0,0,0,0,66
2025-09-27T02:12:13.832Z,60.7,21.1,1.893,50.4,0,60,0,0,0,0,0,0,0,0,66
2025-09-27T02:12:14.834Z,60.7,21.1,1.893,49.6,0,60,0,0,0,0,0,0,0,0,66
2025-09-27T02:12:15.835Z,60.7,21.1,1.893,49.6,0,60,0,0,0,0,0,0,0,0,66
2025-09-27T02:12:16.833Z,60.7,21.1,1.893,50.4,0,60,0,0,0,0,0,0,0,0,66
2025-09-27T02:12:17.838Z,60.7,21.1,1.893,49.6,0,60,0,0,0,0,0,0,0,0,66
2025-09-27T02:12:18.836Z,60.7,21.1,1.893,50.4,0,60,0,0,0,0,0,0,0,0,66
2025-09-27T02:12:19.836Z,60.7,21.1,1.893,50.4,0,60,0,0,0,0,0,0,0,0,66
2025-09-27T02:12:20.839Z,60.7,21.1,1.893,49.6,0,60,0,0,0,0,0,0,0,0,66
2025-09-27T02:12:21.840Z,60.7,21.1,1.893,50.4,0,60,0,0,0,0,0,0,0,0,66
2025-09-27T02:12:22.839Z,60.7,21.1,1.893,49.6,0,60,0,0,0,0,0,0,0,0,66
2025-09-27T02:12:23.838Z,60.7,21.1,1.893,50.4,0,60,0,0,0,0,0,0,0,0,66
2025-09-27T02:12:24.839Z,60.6,21.1,1.893,50.4,0,60,0,0,0,0,0,0,0,0,66
2025-09-27T02:12:25.847Z,60.6,21.1,1.893,49.6,0,60,0,0,0,0,0,0,0,0,66
2025-09-27T02:12:26.844Z,60.6,21.1,1.894,49.6,0,60,0,0,0,0,0,0,0,0,66
2025-09-27T02:12:27.844Z,60.6,21.1,1.893,49.6,0,60,0,0,0,0,0,0,0,0,66
2025-09-27T02:12:28.845Z,60.6,21.1,1.893,50.4,0,60,0,0,0,0,0,0,0,0,66
2025-09-27T02:12:29.847Z,60.6,21.1,1.894,49.6,0,60,0,0,0,0,0,0,0,0,66
2025-09-27T02:12:30.843Z,60.6,21.1,1.893,49.6,0,60,0,0,0,0,0,0,0,0,66
2025-09-27T02:12:31.849Z,60.6,21.1,1.894,50.4,0,60,0,0,0,0,0,0,0,0,66
2025-09-27T02:12:32.848Z,60.6,21.1,1.893,49.6,0,60,0,0,0,0,0,0,0,0,66
2025-09-27T02:12:33.849Z,60.6,21.1,1.894,49.6,0,60,0,0,0,0,0,0,0,0,66
2025-09-27T02:12:34.851Z,60.6,21.1,1.894,50.4,0,60,0,0,0,0,0,0,0,0,66
2025-09-27T02:12:35.853Z,60.6,21.1,1.893,50.4,0,60,0,0,0,0,0,0,0,0,66
2025-09-27T02:12:36.854Z,60.6,21.1,1.894,49.6,0,60,0,0,0,0,0,0,0,0,66
2025-09-27T02:12:37.859Z,60.6,21.1,1.894,50.4,0,60,0,0,0,0,0,0,0,0,66
2025-09-27T02:12:38.858Z,60.6,21.1,1.893,49.6,0,60,0,0,0,0,0,0,0,0,66
2025-09-27T02:12:39.855Z,60.6,21.1,1.893,50.4,0,60,0,0,0,0,0,0,0,0,66
2025-09-27T02:12:40.858Z,60.6,21.1,1.894,50.4,0,60,0,0,0,0,0,0,0,0,66
2025-09-27T02:12:41.858Z,60.6,21.1,1.894,49.6,0,60,0,0,0,0,0,0,0,0,66
2025-09-27T02:12:42.857Z,60.6,21.1,1.894,49.6,0,60,0,0,0,0,0,0,0,0,66
2025-09-27T02:12:43.857Z,60.6,21.1,1.894,49.6,0,60,0,0,0,0,0,0,0,0,66
2025-09-27T02:12:44.858Z,60.6,21.1,1.894,50.4,0,60,0,0,0,0,0,0,0,0,66
2025-09-27T02:12:45.862Z,60.6,21.1,1.894,50.4,0,60,0,0,0,0,0,0,0,0,66
2025-09-27T02:12:46.860Z,60.5,21.1,1.894,49.6,0,60,0,0,0,0,0,0,0,0,66
2025-09-27T02:12:47.860Z,60.5,21.1,1.894,49.6,0,60,0,0,0,0,0,0,0,0,66
2025-09-27T02:12:48.857Z,60.5,21.1,1.894,49.6,0,60,0,0,0,0,0,0,0,0,66
2025-09-27T02:12:49.863Z,60.5,21.1,1.894,50.4,0,60,0,0,0,0,0,0,0,0,66
2025-09-27T02:12:50.869Z,60.5,21.1,1.894,50.4,0,60,0,0,0,0,0,0,0,0,66
2025-09-27T02:12:51.862Z,60.5,21.1,1.894,49.6,0,60,0,0,0,0,0,0,0,0,66
2025-09-27T02:12:52.869Z,60.5,21.1,1.894,50.4,0,60,0,0,0,0,0,0,0,0,66
2025-09-27T02:12:53.868Z,60.5,21.1,1.894,49.6,0,60,0,0,0,0,0,0,0,0,66
2025-09-27T02:12:54.868Z,60.5,21.1,1.894,49.6,0,60,0,0,0,0,0,0,0,0,66
2025-09-27T02:12:55.867Z,60.5,21.1,1.894,50.4,0,60,0,0,0,0,0,0,0,0,66
2025-09-27T02:12:56.870Z,60.5,21.1,1.894,49.6,0,60,0,0,0,0,0,0,0,0,66
2025-09-27T02:12:57.868Z,60.5,21.1,1.894,49.6,0,60,0,0,0,0,0,0,0,0,66
2025-09-27T02:12:58.870Z,60.5,21.1,1.894,50.4,0,60,0,0,0,0,0,0,0,0,66
2025-09-27T02:12:59.873Z,60.5,21.1,1.894,49.6,0,60,0,0,0,0,0,0,0,0,66
2025-09-27T02:13:00.875Z,60.5,21.1,1.894,49.6,0,60,0,0,0,0,0,0,0,0,66
2025-09-27T02:13:01.876Z,60.5,21.1,1.894,50.4,0,60,0,0,0,0,0,0,0,0,66
2025-09-27T02:13:02.875Z,60.5,21.1,1.894,49.6,0,60,0,0,0,0,0,0,0,0,66
2025-09-27T02:13:03.878Z,60.5,21.1,1.894,49.6,0,60,0,0,0,0,0,0,0,0,66
2025-09-27T02:13:04.878Z,60.5,21.1,1.894,50.4,0,60,0,0,0,0,0,0,0,0,66
2025-09-27T02:13:05.882Z,60.5,21.1,1.894,50.4,0,60,0,0,0,0,0,0,0,0,66
2025-09-27T02:13:06.878Z,60.5,21.1,1.894,49.6,0,60,0,0,0,0,0,0,0,0,66
2025-09-27T02:13:07.883Z,60.5,21.1,1.894,50.4,0,60,0,0,0,0,0,0,0,0,66
2025-09-27T02:13:08.887Z,60.4,21.1,1.893,49.6,0,60,0,0,0,0,0,0,0,0,66
2025-09-27T02:13:09.880Z,60.5,21.1,1.894,49.6,0,60,0,0,0,0,0,0,0,0,66
2025-09-27T02:13:10.887Z,60.4,21.1,1.893,50.4,0,60,0,0,0,0,0,0,0,0,66
2025-09-27T02:13:11.885Z,60.4,21.1,1.893,50.4,0,60,0,0,0,0,0,0,0,0,66
2025-09-27T02:13:12.885Z,60.4,21.1,1.893,49.6,0,60,0,0,0,0,0,0,0,0,66
2025-09-27T02:13:13.887Z,60.4,21.1,1.893,50.4,0,60,0,0,0,0,0,0,0,0,66
2025-09-27T02:13:14.889Z,60.4,21.1,1.893,49.6,0,60,0,0,0,0,0,0,0,0,66
2025-09-27T02:13:15.892Z,60.4,21.1,1.893,49.6,0,60,0,0,0,0,0,0,0,0,66
2025-09-27T02:13:16.892Z,60.4,21.1,1.893,50.4,0,60,0,0,0,0,0,0,0,0,66
2025-09-27T02:13:17.897Z,60.4,21.1,1.894,49.6,0,60,0,0,0,0,0,0,0,0,66
2025-09-27T02:13:18.893Z,60.4,21.1,1.893,49.6,0,60,0,0,0,0,0,0,0,0,66
2025-09-27T02:13:19.893Z,60.4,21.1,1.894,50.4,0,60,0,0,0,0,0,0,0,0,66
2025-09-27T02:13:20.889Z,60.4,21.1,1.894,50.4,0,60,0,0,0,0,0,0,0,0,66
2025-09-27T02:13:21.893Z,60.4,21.1,1.894,49.6,0,60,0,0,0,0,0,0,0,0,66
2025-09-27T02:13:22.895Z,60.4,21.1,1.894,50.4,0,60,0,0,0,0,0,0,0,0,66
2025-09-27T02:13:23.897Z,60.4,21.1,1.894,49.6,0,60,0,0,0,0,0,0,0,0,66
2025-09-27T02:13:24.895Z,60.4,21.1,1.894,49.6,0,60,0,0,0,0,0,0,0,0,66
2025-09-27T02:13:25.898Z,60.4,21.1,1.894,50.4,0,60,0,0,0,0,0,0,0,0,66
2025-09-27T02:13:26.897Z,60.4,21.1,1.894,49.6,0,60,0,0,0,0,0,0,0,0,66
2025-09-27T02:13:27.901Z,60.4,21.1,1.894,50.4,0,60,0,0,0,0,0,0,0,0,66
2025-09-27T02:13:28.900Z,60.4,21.1,1.894,50.4,0,60,0,0,0,0,0,0,0,0,66
2025-09-27T02:13:29.901Z,60.4,21.1,1.894,49.6,0,60,0,0,0,0,0,0,0,0,66
2025-09-27T02:13:30.901Z,60.4,21.1,1.894,49.6,0,60,0,0,0,0,0,0,0,0,66
2025-09-27T02:13:31.904Z,60.3,21.1,1.894,50.4,0,60,0,0,0,0,0,0,0,0,66
2025-09-27T02:13:32.904Z,60.3,21.1,1.894,50.4,0,60,0,0,0,0,0,0,0,0,66
2025-09-27T02:13:33.900Z,60.3,21.1,1.894,49.6,0,60,0,0,0,0,0,0,0,0,66
2025-09-27T02:13:34.909Z,60.3,21.1,1.895,50.4,0,60,0,0,0,0,0,0,0,0,66
2025-09-27T02:13:35.907Z,60.3,21.1,1.894,49.6,0,60,0,0,0,0,0,0,0,0,66
2025-09-27T02:13:36.907Z,60.3,21.1,1.895,50.4,0,60,0,0,0,0,0,0,0,0,66
2025-09-27T02:13:37.909Z,60.3,21.1,1.895,49.6,0,60,0,0,0,0,0,0,0,0,66
2025-09-27T02:13:38.911Z,60.3,21.1,1.895,49.6,0,60,0,0,0,0,0,0,0,0,66
2025-09-27T02:13:39.909Z,60.3,21.1,1.895,50.4,0,60,0,0,0,0,0,0,0,0,66
2025-09-27T02:13:40.913Z,60.3,21.1,1.895,49.6,0,60,0,0,0,0,0,0,0,0,66
2025-09-27T02:13:41.912Z,60.3,21.1,1.895,49.6,0,60,0,0,0,0,0,0,0,0,66
2025-09-27T02:13:42.915Z,60.3,21.1,1.895,50.4,0,60,0,0,0,0,0,0,0,0,66
2025-09-27T02:13:43.917Z,60.3,21.1,1.895,50.4,0,60,0,0,0,0,0,0,0,0,66
2025-09-27T02:13:44.914Z,60.3,21.1,1.895,49.6,0,60,0,0,0,0,0,0,0,0,66
2025-09-27T02:13:45.918Z,60.3,21.1,1.895,50.4,0,60,0,0,0,0,0,0,0,0,66
2025-09-27T02:13:46.917Z,60.3,21.1,1.895,49.6,0,60,0,0,0,0,0,0,0,0,66
2025-09-27T02:13:47.923Z,60.3,21.1,1.895,50.4,0,60,0,0,0,0,0,0,0,0,66
2025-09-27T02:13:48.915Z,60.3,21.1,1.895,49.6,0,60,0,0,0,0,0,0,0,0,66
2025-09-27T02:13:49.913Z,60.3,21.1,1.895,49.6,0,60,0,0,0,0,0,0,0,0,66
2025-09-27T02:13:50.926Z,60.3,21.1,1.895,50.4,0,60,0,0,0,0,0,0,0,0,66
2025-09-27T02:13:51.917Z,60.3,21.1,1.895,49.6,0,60,0,0,0,0,0,0,0,0,66
2025-09-27T02:13:52.919Z,60.3,21.1,1.895,49.6,0,60,0,0,0,0,0,0,0,0,66
2025-09-27T02:13:53.919Z,60.2,21.1,1.895,50.4,0,60,0,0,0,0,0,0,0,0,66
2025-09-27T02:13:54.926Z,60.2,21.1,1.895,50.4,0,60,0,0,0,0,0,0,0,0,66
2025-09-27T02:13:55.925Z,60.2,21.1,1.895,49.6,0,60,0,0,0,0,0,0,0,0,66
2025-09-27T02:13:56.931Z,60.2,21.1,1.895,50.4,0,60,0,0,0,0,0,0,0,0,66
2025-09-27T02:13:57.924Z,60.2,21.1,1.895,50.4,0,60,0,0,0,0,0,0,0,0,66
2025-09-27T02:13:58.933Z,60.2,21.1,1.895,49.6,0,60.1,0,0,0,0,0,0,0,0,66
2025-09-27T02:13:59.931Z,60.2,21.1,1.895,49.6,0,60.1,0,0,0,0,0,0,0,0,66
2025-09-27T02:14:00.932Z,60.2,21.1,1.895,49.6,0,60.1,0,0,0,0,0,0,0,0,66
2025-09-27T02:14:01.931Z,60.2,21.1,1.895,49.6,0,60.1,0,0,0,0,0,0,0,0,66
2025-09-27T02:14:02.934Z,60.2,21.1,1.895,50.4,0,60.1,0,0,0,0,0,0,0,0,66
2025-09-27T02:14:03.932Z,60.2,21.1,1.895,50.4,0,60.1,0,0,0,0,0,0,0,0,66
2025-09-27T02:14:04.933Z,60.2,21.1,1.895,49.6,0,60.1,0,0,0,0,0,0,0,0,66
2025-09-27T02:14:05.934Z,60.2,21.1,1.895,50.4,0,60.1,0,0,0,0,0,0,0,0,66
2025-09-27T02:14:06.937Z,60.2,21.1,1.895,49.6,0,60.1,0,0,0,0,0,0,0,0,66
2025-09-27T02:14:07.941Z,60.2,21.1,1.895,49.6,0,60.1,0,0,0,0,0,0,0,0,66
2025-09-27T02:14:08.940Z,60.2,21.1,1.895,50.4,0,60.1,0,0,0,0,0,0,0,0,66
2025-09-27T02:14:09.937Z,60.2,21.1,1.895,49.6,0,60.1,0,0,0,0,0,0,0,0,66
2025-09-27T02:14:10.942Z,60.2,21.1,1.895,49.6,0,60.1,0,0,0,0,0,0,0,0,66
2025-09-27T02:14:11.941Z,60.2,21.1,1.895,50.4,0,60.1,0,0,0,0,0,0,0,0,66
2025-09-27T02:14:12.940Z,60.2,21.1,1.895,50.4,0,60.1,0,0,0,0,0,0,0,0,66
2025-09-27T02:14:13.944Z,60.2,21.1,1.895,49.6,0,60.1,0,0,0,0,0,0,0,0,66
2025-09-27T02:14:14.942Z,60.2,21.1,1.895,50.4,0,60.1,0,0,0,0,0,0,0,0,66
2025-09-27T02:14:15.946Z,60.2,21.1,1.895,49.6,0,60.1,0,0,0,0,0,0,0,0,66
2025-09-27T02:14:16.947Z,60.1,21.1,1.895,49.6,0,60.1,0,0,0,0,0,0,0,0,66
2025-09-27T02:14:17.944Z,60.1,21.1,1.895,50.4,0,60.1,0,0,0,0,0,0,0,0,66
2025-09-27T02:14:18.945Z,60.1,21.1,1.895,49.6,0,60.1,0,0,0,0,0,0,0,0,66
2025-09-27T02:14:19.947Z,60.1,21.1,1.895,49.6,0,60.1,0,0,0,0,0,0,0,0,66
2025-09-27T02:14:20.948Z,60.1,21.1,1.895,50.4,0,60.1,0,0,0,0,0,0,0,0,66
2025-09-27T02:14:21.948Z,60.1,21.1,1.895,50.4,0,60.1,0,0,0,0,0,0,0,0,66
2025-09-27T02:14:22.949Z,60.1,21.1,1.895,49.6,0,60.1,0,0,0,0,0,0,0,0,66
2025-09-27T02:14:23.954Z,60.1,21.1,1.895,50.4,0,60.1,0,0,0,0,0,0,0,0,66
2025-09-27T02:14:24.952Z,60.1,21.1,1.895,49.6,0,60.1,0,0,0,0,0,0,0,0,66
2025-09-27T02:14:25.955Z,60.1,21.1,1.895,49.6,0,60.1,0,0,0,0,0,0,0,0,66
2025-09-27T02:14:26.959Z,60.1,21.1,1.895,50.4,0,60.1,0,0,0,0,0,0,0,0,66
2025-09-27T02:14:27.959Z,60.1,21.1,1.895,50.4,0,60.1,0,0,0,0,0,0,0,0,66
2025-09-27T02:14:28.962Z,60.1,21.1,1.895,49.6,0,60.1,0,0,0,0,0,0,0,0,66
2025-09-27T02:14:29.959Z,60.1,21.1,1.895,50.4,0,60.1,0,0,0,0,0,0,0,0,66
2025-09-27T02:14:30.959Z,60.1,21.1,1.895,49.6,0,60.1,0,0,0,0,0,0,0,0,66
2025-09-27T02:14:31.963Z,60.1,21.1,1.895,49.6,0,60,0,0,0,0,0,0,0,0,66
2025-09-27T02:14:32.963Z,60.1,21.1,1.895,50.4,0,60.1,0,0,0,0,0,0,0,0,66
2025-09-27T02:14:33.958Z,60.1,21.1,1.895,49.6,0,60.1,0,0,0,0,0,0,0,0,66
2025-09-27T02:14:34.962Z,60.1,21.1,1.895,49.6,0,60.1,0,0,0,0,0,0,0,0,66
2025-09-27T02:14:35.974Z,60.1,21.1,1.895,50.4,0,60.1,0,0,0,0,0,0,0,0,66
2025-09-27T02:14:36.961Z,60.1,21.1,1.896,50.4,0,60.1,0,0,0,0,0,0,0,0,66
2025-09-27T02:14:37.968Z,60,21.1,1.895,49.6,0,60.1,0,0,0,0,0,0,0,0,66
2025-09-27T02:14:38.968Z,60,21.1,1.895,50.4,0,60.1,0,0,0,0,0,0,0,0,66
2025-09-27T02:14:39.968Z,60,21.1,1.895,50.4,0,60.1,0,0,0,0,0,0,0,0,66
2025-09-27T02:14:40.967Z,60,21.1,1.895,49.6,0,60.1,0,0,0,0,0,0,0,0,66
2025-09-27T02:14:41.971Z,60,21.1,1.895,50.4,0,60.1,0,0,0,0,0,0,0,0,66
2025-09-27T02:14:42.969Z,60,21.1,1.895,49.6,0,60.1,0,0,0,0,0,0,0,0,66
2025-09-27T02:14:43.971Z,60,21.1,1.895,50.4,0,60,0,0,0,0,0,0,0,0,66
2025-09-27T02:14:44.969Z,60,21.1,1.895,49.6,0,60.1,0,0,0,0,0,0,0,0,66
2025-09-27T02:14:45.969Z,60,21.1,1.895,49.6,0,60.1,0,0,0,0,0,0,0,0,66
2025-09-27T02:14:46.968Z,60,21.1,1.896,50.4,0,60.1,0,0,0,0,0,0,0,0,66
2025-09-27T02:14:47.978Z,60,21.1,1.896,49.6,0,60.1,0,0,0,0,0,0,0,0,66
2025-09-27T02:14:48.979Z,60,21.1,1.895,49.6,0,60,0,0,0,0,0,0,0,0,66
2025-09-27T02:14:49.972Z,60,21.1,1.896,50.4,0,60.1,0,0,0,0,0,0,0,0,66
2025-09-27T02:14:50.972Z,60,21.1,1.896,49.6,0,60.1,0,0,0,0,0,0,0,0,66
2025-09-27T02:14:51.977Z,60,21.1,1.896,50.4,0,60.1,0,0,0,0,0,0,0,0,66
2025-09-27T02:14:52.974Z,60,21.1,1.896,50.4,0,60.1,0,0,0,0,0,0,0,0,66
2025-09-27T02:14:53.977Z,60,21.1,1.896,49.6,0,60.1,0,0,0,0,0,0,0,0,66
2025-09-27T02:14:54.981Z,60,21.1,1.895,50.4,0,60.1,0,0,0,0,0,0,0,0,66
2025-09-27T02:14:55.981Z,60,21.1,1.896,49.6,0,60.1,0,0,0,0,0,0,0,0,66
2025-09-27T02:14:56.982Z,60,21.1,1.896,50.4,0,60.1,0,0,0,0,0,0,0,0,66
2025-09-27T02:14:57.982Z,60,21.1,1.896,50.4,0,60,0,0,0,0,0,0,0,0,66
2025-09-27T02:14:58.984Z,60,21.1,1.896,49.6,0,60.1,0,0,0,0,0,0,0,0,66
2025-09-27T02:14:59.985Z,60,21.1,1.896,50.4,0,60.1,0,0,0,0,0,0,0,0,66
2025-09-27T02:15:00.985Z,60,21.1,1.896,49.6,0,60,0,0,0,0,0,0,0,0,66
2025-09-27T02:15:01.989Z,60,21.1,1.896,50.4,0,60.1,0,0,0,0,0,0,0,0,66
2025-09-27T02:15:02.984Z,59.9,21.1,1.896,49.6,0,60.1,0,0,0,0,0,0,0,0,66
2025-09-27T02:15:03.989Z,59.9,21.1,1.896,50.4,0,60,0,0,0,0,0,0,0,0,66
2025-09-27T02:15:04.991Z,59.9,21.1,1.896,50.4,0,60.1,0,0,0,0,0,0,0,0,66
2025-09-27T02:15:05.992Z,59.9,21.1,1.896,49.6,0,60.1,0,0,0,0,0,0,0,0,66
2025-09-27T02:15:06.994Z,59.9,21.1,1.896,50.4,0,60.1,0,0,0,0,0,0,0,0,66
2025-09-27T02:15:07.992Z,59.9,21.1,1.896,49.6,0,60.1,0,0,0,0,0,0,0,0,66
2025-09-27T02:15:08.993Z,59.9,21.1,1.896,50.4,0,60.1,0,0,0,0,0,0,0,0,66
2025-09-27T02:15:09.992Z,59.9,21.1,1.896,49.6,0,60,0,0,0,0,0,0,0,0,66
2025-09-27T02:15:10.994Z,59.9,21.1,1.896,50.4,0,60.1,0,0,0,0,0,0,0,0,66
2025-09-27T02:15:11.993Z,59.9,21.1,1.896,49.6,0,60.1,0,0,0,0,0,0,0,0,66
2025-09-27T02:15:12.993Z,59.9,21.1,1.896,50.4,0,60.1,0,0,0,0,0,0,0,0,66
2025-09-27T02:15:13.999Z,59.9,21.1,1.896,49.6,0,60.1,0,0,0,0,0,0,0,0,66
2025-09-27T02:15:14.996Z,59.9,21.1,1.896,50.4,0,60.1,0,0,0,0,0,0,0,0,66
2025-09-27T02:15:15.997Z,59.9,21.1,1.896,49.6,0,60.1,0,0,0,0,0,0,0,0,66
2025-09-27T02:15:16.999Z,59.9,21.1,1.896,50.4,0,60.1,0,0,0,0,0,0,0,0,66
2025-09-27T02:15:18.002Z,59.9,21.1,1.896,49.6,0,60.1,0,0,0,0,0,0,0,0,66
2025-09-27T02:15:18.998Z,59.9,21.1,1.896,50.4,0,60.1,0,0,0,0,0,0,0,0,66
2025-09-27T02:15:20.003Z,59.9,21.1,1.896,49.6,0,60.1,0,0,0,0,0,0,0,0,66
2025-09-27T02:15:20.998Z,59.9,21.1,1.896,50.4,0,60.1,0,0,0,0,0,0,0,0,66
2025-09-27T02:15:21.997Z,59.9,21.1,1.896,49.6,0,60.1,0,0,0,0,0,0,0,0,66
2025-09-27T02:15:23.002Z,59.9,21.1,1.896,50.4,0,60.1,0,0,0,0,0,0,0,0,66
2025-09-27T02:15:24.001Z,59.9,21.1,1.896,49.6,0,60.1,0,0,0,0,0,0,0,0,66
2025-09-27T02:15:25.003Z,59.8,21.1,1.896,50.4,0,60.1,0,0,0,0,0,0,0,0,66
2025-09-27T02:15:26.003Z,59.9,21.1,1.896,49.6,0,60.1,0,0,0,0,0,0,0,0,66
2025-09-27T02:15:27.008Z,59.8,21.1,1.896,50.4,0,60.1,0,0,0,0,0,0,0,0,66
2025-09-27T02:15:28.007Z,59.8,21.1,1.896,49.6,0,60.1,0,0,0,0,0,0,0,0,66
2025-09-27T02:15:29.002Z,59.8,21.1,1.897,50.4,0,60.1,0,0,0,0,0,0,0,0,66
2025-09-27T02:15:30.007Z,59.8,21.1,1.896,49.6,0,60.1,0,0,0,0,0,0,0,0,66
2025-09-27T02:15:31.009Z,59.8,21.1,1.896,50.4,0,60,0,0,0,0,0,0,0,0,66
2025-09-27T02:15:32.011Z,59.8,21.1,1.896,49.6,0,60.1,0,0,0,0,0,0,0,0,66
2025-09-27T02:15:33.016Z,59.8,21.1,1.898,50.4,0,60.1,0,0,0,0,0,0,0,0,66
2025-09-27T02:15:34.011Z,59.8,21.1,1.896,49.6,0,60.1,0,0,0,0,0,0,0,0,66
2025-09-27T02:15:35.010Z,59.8,21.1,1.898,49.6,0,60.1,0,0,0,0,0,0,0,0,66
2025-09-27T02:15:36.020Z,59.8,21.1,1.898,49.6,0,60.1,0,0,0,0,0,0,0,0,66
2025-09-27T02:15:37.014Z,59.8,21.1,1.896,50.4,0,60.1,0,0,0,0,0,0,0,0,66
2025-09-27T02:15:38.017Z,59.8,21.1,1.898,49.6,0,60.1,0,0,0,0,0,0,0,0,66
2025-09-27T02:15:39.014Z,59.8,21.1,1.898,50.4,0,60.1,0,0,0,0,0,0,0,0,66
2025-09-27T02:15:40.018Z,59.8,21.1,1.898,49.6,0,60.1,0,0,0,0,0,0,0,0,66
2025-09-27T02:15:41.018Z,59.8,21.1,1.898,50.4,0,60.1,0,0,0,0,0,0,0,0,66
2025-09-27T02:15:42.016Z,59.8,21.1,1.898,49.6,0,60.1,0,0,0,0,0,0,0,0,66
2025-09-27T02:15:43.018Z,59.8,21.1,1.898,49.6,0,60.1,0,0,0,0,0,0,0,0,66
2025-09-27T02:15:44.019Z,59.8,21.1,1.898,49.6,0,60.1,0,0,0,0,0,0,0,0,66
2025-09-27T02:15:45.018Z,59.8,21.1,1.898,49.6,0,60,0,0,0,0,0,0,0,0,66
2025-09-27T02:15:46.021Z,59.8,21.1,1.898,50.4,0,60.1,0,0,0,0,0,0,0,0,66
2025-09-27T02:15:47.024Z,59.8,21.1,1.898,49.6,0,60.1,0,0,0,0,0,0,0,0,66
2025-09-27T02:15:48.024Z,59.8,21.1,1.898,50.4,0,60.1,0,0,0,0,0,0,0,0,66
2025-09-27T02:15:49.020Z,59.8,21.1,1.898,49.6,0,60.1,0,0,0,0,0,0,0,0,66
2025-09-27T02:15:50.022Z,59.8,21.1,1.898,49.6,0,60.1,0,0,0,0,0,0,0,0,66
2025-09-27T02:15:51.025Z,59.7,21.1,1.898,50.4,0,60,0,0,0,0,0,0,0,0,66
2025-09-27T02:15:52.029Z,59.7,21.1,1.898,49.6,0,60.1,0,0,0,0,0,0,0,0,66
2025-09-27T02:15:53.026Z,59.7,21.1,1.898,50.4,0,60.1,0,0,0,0,0,0,0,0,66
2025-09-27T02:15:54.026Z,59.7,21.1,1.898,50.4,0,60.1,0,0,0,0,0,0,0,0,66
2025-09-27T02:15:55.030Z,59.7,21.1,1.898,49.6,0,60.1,0,0,0,0,0,0,0,0,66
2025-09-27T02:15:56.030Z,59.7,21.1,1.898,50.4,0,60.1,0,0,0,0,0,0,0,0,66
2025-09-27T02:15:57.029Z,59.7,21.1,1.898,49.6,0,60.1,0,0,0,0,0,0,0,0,66
2025-09-27T02:15:58.030Z,59.7,21.1,1.898,50.4,0,60.1,0,0,0,0,0,0,0,0,66
2025-09-27T02:15:59.035Z,59.7,21.1,1.898,49.6,0,60.1,0,0,0,0,0,0,0,0,66
2025-09-27T02:16:00.038Z,59.7,21.1,1.898,49.6,0,60.1,0,0,0,0,0,0,0,0,66
2025-09-27T02:16:01.033Z,59.7,21.1,1.898,50.4,0,60.1,0,0,0,0,0,0,0,0,66
2025-09-27T02:16:02.034Z,59.7,21.1,1.898,49.6,0,60.1,0,0,0,0,0,0,0,0,66
2025-09-27T02:16:03.030Z,59.7,21.1,1.898,50.4,0,60.1,0,0,0,0,0,0,0,0,66
2025-09-27T02:16:04.031Z,59.7,21.1,1.898,49.6,0,60.1,0,0,0,0,0,0,0,0,66
2025-09-27T02:16:05.037Z,59.7,21.1,1.898,49.6,0,60.1,0,0,0,0,0,0,0,0,66
2025-09-27T02:16:06.038Z,59.7,21.1,1.898,50.4,0,60.1,0,0,0,0,0,0,0,0,66
2025-09-27T02:16:07.036Z,59.7,21.1,1.898,49.6,0,60.1,0,0,0,0,0,0,0,0,66
2025-09-27T02:16:08.038Z,59.7,21.1,1.898,49.6,0,60.1,0,0,0,0,0,0,0,0,66
2025-09-27T02:16:09.038Z,59.7,21.1,1.898,50.4,0,60.1,0,0,0,0,0,0,0,0,66
2025-09-27T02:16:10.039Z,59.7,21.1,1.898,49.6,0,60.1,0,0,0,0,0,0,0,0,66
2025-09-27T02:16:11.039Z,59.7,21.1,1.898,50.4,0,60.1,0,0,0,0,0,0,0,0,66
2025-09-27T02:16:12.044Z,59.7,21.1,1.898,49.6,0,60.1,0,0,0,0,0,0,0,0,66
2025-09-27T02:16:13.042Z,59.7,21.1,1.898,50.4,0,60.1,0,0,0,0,0,0,0,0,66
2025-09-27T02:16:14.044Z,59.7,21.1,1.898,50.4,0,60.1,0,0,0,0,0,0,0,0,66
2025-09-27T02:16:15.044Z,59.7,21.1,1.898,49.6,0,60.1,0,0,0,0,0,0,0,0,66
2025-09-27T02:16:16.049Z,59.7,21.1,1.898,50.4,0,60.1,0,0,0,0,0,0,0,0,66
2025-09-27T02:16:17.048Z,59.6,21.1,1.898,49.6,0,60.1,0,0,0,0,0,0,0,0,66
2025-09-27T02:16:18.045Z,59.6,21.1,1.898,50.4,0,60.1,0,0,0,0,0,0,0,0,66
2025-09-27T02:16:19.044Z,59.6,21.1,1.898,49.6,0,60.1,0,0,0,0,0,0,0,0,66
2025-09-27T02:16:20.047Z,59.6,21.1,1.898,50.4,0,60.1,0,0,0,0,0,0,0,0,66
2025-09-27T02:16:21.048Z,59.6,21.1,1.898,49.6,0,60.1,0,0,0,0,0,0,0,0,66
2025-09-27T02:16:22.049Z,59.6,21.1,1.898,49.6,0,60.1,0,0,0,0,0,0,0,0,66
2025-09-27T02:16:23.048Z,59.6,21.1,1.898,50.4,0,60.1,0,0,0,0,0,0,0,0,66
2025-09-27T02:16:24.052Z,59.6,21.1,1.898,49.6,0,60.1,0,0,0,0,0,0,0,0,66
2025-09-27T02:16:25.050Z,59.6,21.1,1.898,50.4,0,60.1,0,0,0,0,0,0,0,0,66
2025-09-27T02:16:26.052Z,59.6,21.1,1.898,50.4,0,60.1,0,0,0,0,0,0,0,0,66
2025-09-27T02:16:27.053Z,59.6,21.1,1.898,49.6,0,60.1,0,0,0,0,0,0,0,0,66
2025-09-27T02:16:28.057Z,59.6,21.1,1.898,50.4,0,60.1,0,0,0,0,0,0,0,0,66
2025-09-27T02:16:29.058Z,59.6,21.1,1.898,49.6,0,60.1,0,0,0,0,0,0,0,0,66
2025-09-27T02:16:30.056Z,59.6,21.1,1.898,50.4,0,60.1,0,0,0,0,0,0,0,0,66
2025-09-27T02:16:31.058Z,59.6,21.1,1.898,49.6,0,60.1,0,0,0,0,0,0,0,0,66
2025-09-27T02:16:32.059Z,59.6,21.1,1.898,50.4,0,60.1,0,0,0,0,0,0,0,0,66
2025-09-27T02:16:33.055Z,59.6,21.1,1.899,49.6,0,60.1,0,0,0,0,0,0,0,0,66
2025-09-27T02:16:34.060Z,59.6,21.1,1.898,50.4,0,60.1,0,0,0,0,0,0,0,0,66
2025-09-27T02:16:35.061Z,59.6,21.1,1.898,49.6,0,60.1,0,0,0,0,0,0,0,0,66
2025-09-27T02:16:36.064Z,59.6,21.1,1.898,50.4,0,60.1,0,0,0,0,0,0,0,0,66
2025-09-27T02:16:37.060Z,59.6,21.1,1.899,49.6,0,60.1,0,0,0,0,0,0,0,0,66
2025-09-27T02:16:38.061Z,59.6,21.1,1.898,50.4,0,60.1,0,0,0,0,0,0,0,0,66
2025-09-27T02:16:39.064Z,59.6,21.1,1.898,49.6,0,60.1,0,0,0,0,0,0,0,0,66
2025-09-27T02:16:40.068Z,59.6,21.1,1.898,50.4,0,60.1,0,0,0,0,0,0,0,0,66
2025-09-27T02:16:41.064Z,59.6,21.1,1.898,49.6,0,60.1,0,0,0,0,0,0,0,0,66
2025-09-27T02:16:42.066Z,59.6,21.1,1.898,50.4,0,60.1,0,0,0,0,0,0,0,0,66
2025-09-27T02:16:43.067Z,59.6,21.1,1.898,49.6,0,60.1,0,0,0,0,0,0,0,0,66
2025-09-27T02:16:44.067Z,59.6,21.1,1.898,49.6,0,60.1,0,0,0,0,0,0,0,0,66
2025-09-27T02:16:45.072Z,59.6,21.1,1.898,49.6,0,60.1,0,0,0,0,0,0,0,0,66
2025-09-27T02:16:46.069Z,59.6,21.1,1.898,50.4,0,60.1,0,0,0,0,0,0,0,0,66
2025-09-27T02:16:47.065Z,59.6,21.1,1.899,49.6,0,60.1,0,0,0,0,0,0,0,0,66
2025-09-27T02:16:48.069Z,59.6,21.1,1.898,50.4,0,60.1,0,0,0,0,0,0,0,0,66
2025-09-27T02:16:49.069Z,59.6,21.1,1.898,49.6,0,60.1,0,0,0,0,0,0,0,0,66
2025-09-27T02:16:50.066Z,59.5,21.1,1.899,50.4,0,60.1,0,0,0,0,0,0,0,0,66
2025-09-27T02:16:51.075Z,59.5,21.1,1.898,49.6,0,60.1,0,0,0,0,0,0,0,0,66
2025-09-27T02:16:52.076Z,59.5,21.1,1.898,50.4,0,60.1,0,0,0,0,0,0,0,0,66
2025-09-27T02:16:53.074Z,59.5,21.1,1.898,49.6,0,60.1,0,0,0,0,0,0,0,0,66
2025-09-27T02:16:54.076Z,59.5,21.1,1.898,50.4,0,60.1,0,0,0,0,0,0,0,0,66
2025-09-27T02:16:55.081Z,59.5,21.1,1.898,49.6,0,60.1,0,0,0,0,0,0,0,0,66
2025-09-27T02:16:56.085Z,59.5,21.1,1.898,50.4,0,60.1,0,0,0,0,0,0,0,0,66
2025-09-27T02:16:57.080Z,59.5,21.1,1.898,49.6,0,60.1,0,0,0,0,0,0,0,0,66
2025-09-27T02:16:58.082Z,59.5,21.1,1.898,49.6,0,60.1,0,0,0,0,0,0,0,0,66
2025-09-27T02:16:59.083Z,59.5,21.1,1.898,50.4,0,60.1,0,0,0,0,0,0,0,0,66
2025-09-27T02:17:00.081Z,59.5,21.1,1.898,49.6,0,60.1,0,0,0,0,0,0,0,0,66
2025-09-27T02:17:01.081Z,59.5,21.1,1.898,49.6,0,60.1,0,0,0,0,0,0,0,0,66
2025-09-27T02:17:02.083Z,59.5,21.1,1.898,50.4,0,60.1,0,0,0,0,0,0,0,0,66
2025-09-27T02:17:03.084Z,59.5,21.1,1.898,49.6,0,60.1,0,0,0,0,0,0,0,0,66
2025-09-27T02:17:04.086Z,59.5,21.1,1.898,50.4,0,60.1,0,0,0,0,0,0,0,0,66
2025-09-27T02:17:05.088Z,59.5,21.1,1.898,50.4,0,60.1,0,0,0,0,0,0,0,0,66
2025-09-27T02:17:06.089Z,59.5,21.1,1.898,49.6,0,60.1,0,0,0,0,0,0,0,0,66
2025-09-27T02:17:07.090Z,59.5,21.1,1.898,49.6,0,60.1,0,0,0,0,0,0,0,0,66
2025-09-27T02:17:08.088Z,59.5,21.1,1.898,49.6,0,60.1,0,0,0,0,0,0,0,0,66
2025-09-27T02:17:09.087Z,59.5,21.1,1.898,50.4,0,60.1,0,0,0,0,0,0,0,0,66
2025-09-27T02:17:10.092Z,59.5,21.1,1.898,50.4,0,60.1,0,0,0,0,0,0,0,0,66
2025-09-27T02:17:11.093Z,59.5,21.1,1.898,49.6,0,60.1,0,0,0,0,0,0,0,0,66
2025-09-27T02:17:12.093Z,59.5,21.1,1.898,50.4,0,60.1,0,0,0,0,0,0,0,0,66
2025-09-27T02:17:13.091Z,59.5,21.1,1.898,49.6,0,60.1,0,0,0,0,0,0,0,0,66
2025-09-27T02:17:14.094Z,59.5,21.1,1.898,50.4,0,60.1,0,0,0,0,0,0,0,0,66
2025-09-27T02:17:15.097Z,59.5,21.1,1.898,49.6,0,60.1,0,0,0,0,0,0,0,0,66
2025-09-27T02:17:16.098Z,59.5,21.1,1.898,50.4,0,60.1,0,0,0,0,0,0,0,0,66
2025-09-27T02:17:17.096Z,59.5,21.1,1.898,49.6,0,60.1,0,0,0,0,0,0,0,0,66
2025-09-27T02:17:18.095Z,59.5,21.1,1.898,49.6,0,60.1,0,0,0,0,0,0,0,0,66
2025-09-27T02:17:19.099Z,59.5,21.1,1.898,50.4,0,60.1,0,0,0,0,0,0,0,0,66
2025-09-27T02:17:20.097Z,59.5,21.1,1.898,49.6,0,60.1,0,0,0,0,0,0,0,0,66
2025-09-27T02:17:21.097Z,59.5,21.1,1.898,50.4,0,60.1,0,0,0,0,0,0,0,0,66
2025-09-27T02:17:22.098Z,59.5,21.1,1.898,49.6,0,60.1,0,0,0,0,0,0,0,0,66
2025-09-27T02:17:23.100Z,59.5,21.1,1.898,50.4,0,60.1,0,0,0,0,0,0,0,0,66
2025-09-27T02:17:24.104Z,59.5,21.1,1.898,49.6,0,60.1,0,0,0,0,0,0,0,0,66
2025-09-27T02:17:25.103Z,59.5,21.1,1.898,50.4,0,60.1,0,0,0,0,0,0,0,0,66
2025-09-27T02:17:26.104Z,59.5,21.1,1.898,49.6,0,60.1,0,0,0,0,0,0,0,0,66
2025-09-27T02:17:27.103Z,59.5,21.1,1.898,50.4,0,60.1,0,0,0,0,0,0,0,0,66
2025-09-27T02:17:28.106Z,59.5,21.1,1.898,49.6,0,60.1,0,0,0,0,0,0,0,0,66
2025-09-27T02:17:29.107Z,59.5,21.1,1.898,49.6,0,60.1,0,0,0,0,0,0,0,0,66
2025-09-27T02:17:30.107Z,59.5,21.1,1.898,50.4,0,60.1,0,0,0,0,0,0,0,0,66
2025-09-27T02:17:31.110Z,59.5,21.1,1.898,49.6,0,60.1,0,0,0,0,0,0,0,0,66
2025-09-27T02:17:32.110Z,59.5,21.1,1.898,50.4,0,60.1,0,0,0,0,0,0,0,0,66
2025-09-27T02:17:33.109Z,59.5,21.1,1.898,49.6,0,60.1,0,0,0,0,0,0,0,0,66
2025-09-27T02:17:34.112Z,59.4,21.1,1.898,49.6,0,60.1,0,0,0,0,0,0,0,0,66
2025-09-27T02:17:35.112Z,59.4,21.1,1.898,50.4,0,60.1,0,0,0,0,0,0,0,0,66
2025-09-27T02:17:36.109Z,59.4,21.1,1.898,49.6,0,60.1,0,0,0,0,0,0,0,0,66
2025-09-27T02:17:37.115Z,59.4,21.1,1.898,49.6,0,60.1,0,0,0,0,0,0,0,0,66
2025-09-27T02:17:38.118Z,59.4,21.1,1.898,50.4,0,60.1,0,0,0,0,0,0,0,0,66
2025-09-27T02:17:39.116Z,59.4,21.1,1.898,49.6,0,60.1,0,0,0,0,0,0,0,0,66
2025-09-27T02:17:40.118Z,59.4,21.1,1.898,49.6,0,60.1,0,0,0,0,0,0,0,0,66
2025-09-27T02:17:41.119Z,59.4,21.1,1.898,50.4,0,60.1,0,0,0,0,0,0,0,0,66
2025-09-27T02:17:42.119Z,59.4,21.1,1.899,50.4,0,60.1,0,0,0,0,0,0,0,0,66
2025-09-27T02:17:43.121Z,59.4,21.1,1.898,49.6,0,60.1,0,0,0,0,0,0,0,0,66
2025-09-27T02:17:44.122Z,59.4,21.1,1.898,50.4,0,60.1,0,0,0,0,0,0,0,0,66
2025-09-27T02:17:45.123Z,59.4,21.1,1.899,49.6,0,60.1,0,0,0,0,0,0,0,0,66
2025-09-27T02:17:46.119Z,59.4,21.1,1.898,50.4,0,60.1,0,0,0,0,0,0,0,0,66
2025-09-27T02:17:47.124Z,59.4,21.1,1.899,50.4,0,60.1,0,0,0,0,0,0,0,0,66
2025-09-27T02:17:48.126Z,59.4,21.1,1.899,49.6,0,60.1,0,0,0,0,0,0,0,0,66
2025-09-27T02:17:49.123Z,59.4,21.1,1.898,49.6,0,60.1,0,0,0,0,0,0,0,0,66
2025-09-27T02:17:50.125Z,59.4,21.1,1.898,49.6,0,60.1,0,0,0,0,0,0,0,0,66
2025-09-27T02:17:51.125Z,59.4,21.1,1.899,50.4,0,60.1,0,0,0,0,0,0,0,0,66
2025-09-27T02:17:52.125Z,59.4,21.1,1.898,49.6,0,60.1,0,0,0,0,0,0,0,0,66
2025-09-27T02:17:53.128Z,59.4,21.1,1.898,49.6,0,60.1,0,0,0,0,0,0,0,0,66
2025-09-27T02:17:54.130Z,59.4,21.1,1.899,50.4,0,60.1,0,0,0,0,0,0,0,0,66
2025-09-27T02:17:55.132Z,59.4,21.1,1.899,49.6,0,60.1,0,0,0,0,0,0,0,0,66
2025-09-27T02:17:56.132Z,59.4,21.1,1.899,49.6,0,60.1,0,0,0,0,0,0,0,0,66
2025-09-27T02:17:57.130Z,59.4,21.1,1.898,50.4,0,60.1,0,0,0,0,0,0,0,0,66
2025-09-27T02:17:58.135Z,59.4,21.1,1.899,50.4,0,60.1,0,0,0,0,0,0,0,0,66
2025-09-27T02:17:59.136Z,59.4,21.1,1.899,49.6,0,60.1,0,0,0,0,0,0,0,0,66
2025-09-27T02:18:00.136Z,59.4,21.1,1.899,50.4,0,60.1,0,0,0,0,0,0,0,0,66
2025-09-27T02:18:01.134Z,59.4,21.1,1.899,49.6,0,60.1,0,0,0,0,0,0,0,0,66
2025-09-27T02:18:02.135Z,59.4,21.1,1.899,50.4,0,60.1,0,0,0,0,0,0,0,0,66
2025-09-27T02:18:03.140Z,59.4,21.1,1.9,49.6,0,60.1,0,0,0,0,0,0,0,0,66
2025-09-27T02:18:04.137Z,59.4,21.1,1.899,50.4,0,60.1,0,0,0,0,0,0,0,0,66
2025-09-27T02:18:05.138Z,59.4,21.1,1.899,50.4,0,60.1,0,0,0,0,0,0,0,0,66
2025-09-27T02:18:06.140Z,59.4,21.1,1.9,49.6,0,60.1,0,0,0,0,0,0,0,0,66
2025-09-27T02:18:07.142Z,59.4,21.1,1.899,50.4,0,60.1,0,0,0,0,0,0,0,0,66
2025-09-27T02:18:08.143Z,59.4,21.1,1.9,49.6,0,60.1,0,0,0,0,0,0,0,0,66
2025-09-27T02:18:09.145Z,59.4,21.1,1.9,50.4,0,60.1,0,0,0,0,0,0,0,0,66
2025-09-27T02:18:10.143Z,59.4,21.1,1.898,49.6,0,60.1,0,0,0,0,0,0,0,0,66
2025-09-27T02:18:11.147Z,59.4,21.1,1.899,49.6,0,60.1,0,0,0,0,0,0,0,0,66
2025-09-27T02:18:12.150Z,59.4,21.1,1.9,50.4,0,60.1,0,0,0,0,0,0,0,0,66
2025-09-27T02:18:13.154Z,59.4,21.1,1.9,49.6,0,60.1,0,0,0,0,0,0,0,0,66
2025-09-27T02:18:14.147Z,59.4,21.1,1.899,49.6,0,60.1,0,0,0,0,0,0,0,0,66
2025-09-27T02:18:15.151Z,59.4,21.1,1.9,50.4,0,60.1,0,0,0,0,0,0,0,0,66
2025-09-27T02:18:16.152Z,59.4,21.1,1.9,49.6,0,60.1,0,0,0,0,0,0,0,0,66
2025-09-27T02:18:17.152Z,59.4,21.1,1.9,50.4,0,60.1,0,0,0,0,0,0,0,0,66
2025-09-27T02:18:18.151Z,59.4,21.1,1.9,50.4,0,60.1,0,0,0,0,0,0,0,0,66
2025-09-27T02:18:19.154Z,59.4,21.1,1.9,49.6,0,60.1,0,0,0,0,0,0,0,0,66
2025-09-27T02:18:20.153Z,59.4,21.1,1.9,50.4,0,60.1,0,0,0,0,0,0,0,0,66
2025-09-27T02:18:21.153Z,59.4,21.1,1.9,49.6,0,60.1,0,0,0,0,0,0,0,0,66
2025-09-27T02:18:22.158Z,59.4,21.1,1.9,50.4,0,60.1,0,0,0,0,0,0,0,0,66
2025-09-27T02:18:23.157Z,59.4,21.1,1.9,49.6,0,60.1,0,0,0,0,0,0,0,0,66
2025-09-27T02:18:24.158Z,59.4,21.1,1.9,49.6,0,60.1,0,0,0,0,0,0,0,0,66
2025-09-27T02:18:25.157Z,59.4,21.1,1.899,50.4,0,60.1,0,0,0,0,0,0,0,0,66
2025-09-27T02:18:26.161Z,59.4,21.1,1.9,49.6,0,60.1,0,0,0,0,0,0,0,0,66
2025-09-27T02:18:27.159Z,59.4,21.1,1.899,50.4,0,60.1,0,0,0,0,0,0,0,0,66
2025-09-27T02:18:28.163Z,59.4,21.1,1.9,49.6,0,60.1,0,0,0,0,0,0,0,0,66
2025-09-27T02:18:29.163Z,59.4,21.1,1.9,49.6,0,60,0,0,0,0,0,0,0,0,66
2025-09-27T02:18:30.163Z,59.4,21.1,1.9,50.4,0,60.1,0,0,0,0,0,0,0,0,66
2025-09-27T02:18:31.161Z,59.4,21.1,1.899,49.6,0,60.1,0,0,0,0,0,0,0,0,66
2025-09-27T02:18:32.165Z,59.4,21.1,1.899,50.4,0,60,0,0,0,0,0,0,0,0,66
2025-09-27T02:18:33.166Z,59.4,21.1,1.9,50.4,0,60.1,0,0,0,0,0,0,0,0,66
2025-09-27T02:18:34.167Z,59.4,21.1,1.899,49.6,0,60.1,0,0,0,0,0,0,0,0,66
2025-09-27T02:18:35.166Z,59.4,21.1,1.899,50.4,0,60.1,0,0,0,0,0,0,0,0,66
2025-09-27T02:18:36.168Z,59.5,21.1,1.899,49.6,0,60.1,0,0,0,0,0,0,0,0,66
2025-09-27T02:18:37.170Z,59.4,21.1,1.899,50.4,0,60.1,0,0,0,0,0,0,0,0,66
2025-09-27T02:18:38.172Z,59.5,21.1,1.899,49.6,0,60.1,0,0,0,0,0,0,0,0,66
2025-09-27T02:18:39.170Z,59.5,21.1,1.899,49.6,0,60.1,0,0,0,0,0,0,0,0,66
2025-09-27T02:18:40.173Z,59.5,21.1,1.899,50.4,0,60.1,0,0,0,0,0,0,0,0,66
2025-09-27T02:18:41.173Z,59.5,21.1,1.899,49.6,0,60,0,0,0,0,0,0,0,0,66
2025-09-27T02:18:42.178Z,59.5,21.1,1.899,49.6,0,60,0,0,0,0,0,0,0,0,66
2025-09-27T02:18:43.177Z,59.5,21.1,1.899,50.4,0,60.1,0,0,0,0,0,0,0,0,66
2025-09-27T02:18:44.177Z,59.5,21.1,1.899,49.6,0,60.1,0,0,0,0,0,0,0,0,66
2025-09-27T02:18:45.175Z,59.5,21.1,1.899,50.4,0,60.1,0,0,0,0,0,0,0,0,66
2025-09-27T02:18:46.179Z,59.5,21.1,1.899,49.6,0,60.1,0,0,0,0,0,0,0,0,66
2025-09-27T02:18:47.181Z,59.5,21.1,1.899,49.6,0,60.1,0,0,0,0,0,0,0,0,66
2025-09-27T02:18:48.178Z,59.5,21.1,1.9,50.4,0,60.1,0,0,0,0,0,0,0,0,66
2025-09-27T02:18:49.184Z,59.5,21.1,1.899,50.4,0,60,0,0,0,0,0,0,0,0,66
2025-09-27T02:18:50.181Z,59.5,21.1,1.899,49.6,0,60.1,0,0,0,0,0,0,0,0,66
2025-09-27T02:18:51.180Z,59.5,21.1,1.899,50.4,0,60.1,0,0,0,0,0,0,0,0,66
2025-09-27T02:18:52.184Z,59.5,21.1,1.899,49.6,0,60.1,0,0,0,0,0,0,0,0,66
2025-09-27T02:18:53.185Z,59.5,21.1,1.899,50.4,0,60,0,0,0,0,0,0,0,0,66
2025-09-27T02:18:54.181Z,59.5,21.1,1.899,49.6,0,60,0,0,0,0,0,0,0,0,66
2025-09-27T02:18:55.193Z,59.5,21.1,1.899,49.6,0,60,0,0,0,0,0,0,0,0,66
2025-09-27T02:18:56.189Z,59.5,21.1,1.899,50.4,0,60,0,0,0,0,0,0,0,0,66
2025-09-27T02:18:57.186Z,59.5,21.1,1.899,49.6,0,60,0,0,0,0,0,0,0,0,66
2025-09-27T02:18:58.192Z,59.5,21.1,1.899,49.6,0,60.1,0,0,0,0,0,0,0,0,66
2025-09-27T02:18:59.187Z,59.5,21.1,1.899,50.4,0,60,0,0,0,0,0,0,0,0,66
2025-09-27T02:19:00.195Z,59.5,21.1,1.899,49.6,0,60,0,0,0,0,0,0,0,0,66
2025-09-27T02:19:01.193Z,59.5,21.1,1.899,49.6,0,60.1,0,0,0,0,0,0,0,0,66
2025-09-27T02:19:02.191Z,59.5,21.1,1.899,50.4,0,60,0,0,0,0,0,0,0,0,66
2025-09-27T02:19:03.195Z,59.5,21.1,1.899,50.4,0,60,0,0,0,0,0,0,0,0,66
2025-09-27T02:19:04.197Z,59.5,21.1,1.899,49.6,0,60,0,0,0,0,0,0,0,0,66
2025-09-27T02:19:05.195Z,59.5,21.1,1.899,50.4,0,60.1,0,0,0,0,0,0,0,0,66
2025-09-27T02:19:06.197Z,59.5,21.1,1.899,49.6,0,60,0,0,0,0,0,0,0,0,66
2025-09-27T02:19:07.196Z,59.5,21.1,1.899,49.6,0,60,0,0,0,0,0,0,0,0,66
2025-09-27T02:19:08.199Z,59.5,21.1,1.899,49.6,0,60,0,0,0,0,0,0,0,0,66
2025-09-27T02:19:09.200Z,59.5,21.1,1.899,49.6,0,60,0,0,0,0,0,0,0,0,66
2025-09-27T02:19:10.201Z,59.5,21.1,1.899,49.6,0,60,0,0,0,0,0,0,0,0,66
2025-09-27T02:19:11.205Z,59.5,21.1,1.899,50.4,0,60,0,0,0,0,0,0,0,0,66
2025-09-27T02:19:12.205Z,59.5,21.1,1.899,50.4,0,60,0,0,0,0,0,0,0,0,66
2025-09-27T02:19:13.206Z,59.5,21.1,1.899,49.6,0,60,0,0,0,0,0,0,0,0,66
2025-09-27T02:19:14.204Z,59.5,21.1,1.899,50.4,0,60,0,0,0,0,0,0,0,0,66
2025-09-27T02:19:15.207Z,59.5,21.1,1.899,49.6,0,60,0,0,0,0,0,0,0,0,66
2025-09-27T02:19:16.210Z,59.5,21.1,1.898,50.4,0,60,0,0,0,0,0,0,0,0,66
2025-09-27T02:19:17.209Z,59.5,21.1,1.899,49.6,0,60,0,0,0,0,0,0,0,0,66
2025-09-27T02:19:18.209Z,59.5,21.1,1.898,50.4,0,60,0,0,0,0,0,0,0,0,66
2025-09-27T02:19:19.209Z,59.5,21.1,1.899,49.6,0,60,0,0,0,0,0,0,0,0,66
2025-09-27T02:19:20.208Z,59.5,21.1,1.899,50.4,0,60,0,0,0,0,0,0,0,0,66
2025-09-27T02:19:21.207Z,59.6,21.1,1.899,50.4,0,60,0,0,0,0,0,0,0,0,66
2025-09-27T02:19:22.210Z,59.6,21.1,1.899,49.6,0,60,0,0,0,0,0,0,0,0,66
2025-09-27T02:19:23.212Z,59.6,21.1,1.899,50.4,0,60,0,0,0,0,0,0,0,0,66
2025-09-27T02:19:24.210Z,59.6,21.1,1.899,49.6,0,60,0,0,0,0,0,0,0,0,66
2025-09-27T02:19:25.215Z,59.6,21.1,1.898,50.4,0,60,0,0,0,0,0,0,0,0,66
2025-09-27T02:19:26.215Z,59.6,21.1,1.899,49.6,0,60,0,0,0,0,0,0,0,0,66
2025-09-27T02:19:27.216Z,59.6,21.1,1.898,50.4,0,60,0,0,0,0,0,0,0,0,66
2025-09-27T02:19:28.216Z,59.6,21.1,1.899,49.6,0,60,0,0,0,0,0,0,0,0,66
2025-09-27T02:19:29.222Z,59.6,21.1,1.898,50.4,0,60,0,0,0,0,0,0,0,0,66
2025-09-27T02:19:30.215Z,59.6,21.1,1.899,49.6,0,60,0,0,0,0,0,0,0,0,66
2025-09-27T02:19:31.223Z,59.6,21.1,1.898,50.4,0,60,0,0,0,0,0,0,0,0,66
2025-09-27T02:19:32.218Z,59.6,21.1,1.899,49.6,0,60,0,0,0,0,0,0,0,0,66
2025-09-27T02:19:33.222Z,59.6,21.1,1.898,49.6,0,60,0,0,0,0,0,0,0,0,66
2025-09-27T02:19:34.220Z,59.6,21.1,1.899,50.4,0,60,0,0,0,0,0,0,0,0,66
2025-09-27T02:19:35.228Z,59.6,21.1,1.898,49.6,0,60,0,0,0,0,0,0,0,0,66
2025-09-27T02:19:36.225Z,59.6,21.1,1.899,50.4,0,60,0,0,0,0,0,0,0,0,66
2025-09-27T02:19:37.224Z,59.6,21.1,1.899,49.6,0,60,0,0,0,0,0,0,0,0,66
2025-09-27T02:19:38.228Z,59.6,21.1,1.898,50.4,0,60,0,0,0,0,0,0,0,0,66
2025-09-27T02:19:39.228Z,59.6,21.1,1.898,50.4,0,60,0,0,0,0,0,0,0,0,66
2025-09-27T02:19:40.229Z,59.6,21.1,1.898,49.6,0,60,0,0,0,0,0,0,0,0,66
2025-09-27T02:19:41.230Z,59.6,21.1,1.898,49.6,0,60,0,0,0,0,0,0,0,0,66
2025-09-27T02:19:42.231Z,59.6,21.1,1.898,49.6,0,60,0,0,0,0,0,0,0,0,66
2025-09-27T02:19:43.233Z,59.6,21.1,1.898,50.4,0,60,0,0,0,0,0,0,0,0,66
2025-09-27T02:19:44.235Z,59.6,21.1,1.898,49.6,0,60,0,0,0,0,0,0,0,0,66
2025-09-27T02:19:45.233Z,59.6,21.1,1.898,50.4,0,60,0,0,0,0,0,0,0,0,66
2025-09-27T02:19:46.235Z,59.7,21.1,1.898,49.6,0,60,0,0,0,0,0,0,0,0,66
2025-09-27T02:19:47.235Z,59.7,21.1,1.898,50.4,0,60,0,0,0,0,0,0,0,0,66
2025-09-27T02:19:48.241Z,59.7,21.1,1.898,49.6,0,60,0,0,0,0,0,0,0,0,66
2025-09-27T02:19:49.242Z,59.7,21.1,1.898,49.6,0,60,0,0,0,0,0,0,0,0,66
2025-09-27T02:19:50.242Z,59.7,21.1,1.898,50.4,0,60,0,0,0,0,0,0,0,0,66
2025-09-27T02:19:51.237Z,59.7,21.1,1.898,49.6,0,60,0,0,0,0,0,0,0,0,66
2025-09-27T02:19:52.240Z,59.7,21.1,1.898,50.4,0,60,0,0,0,0,0,0,0,0,66
2025-09-27T02:19:53.239Z,59.7,21.1,1.898,49.6,0,60,0,0,0,0,0,0,0,0,66
2025-09-27T02:19:54.237Z,59.7,21.1,1.898,49.6,0,60,0,0,0,0,0,0,0,0,66
2025-09-27T02:19:55.245Z,59.7,21.1,1.898,50.4,0,60,0,0,0,0,0,0,0,0,66
2025-09-27T02:19:56.243Z,59.7,21.1,1.898,50.4,0,60,0,0,0,0,0,0,0,0,66
2025-09-27T02:19:57.247Z,59.7,21.1,1.898,49.6,0,60,0,0,0,0,0,0,0,0,66
2025-09-27T02:19:58.247Z,59.7,21.1,1.898,50.4,0,60,0,0,0,0,0,0,0,0,66
2025-09-27T02:19:59.246Z,59.7,21.1,1.898,49.6,0,60,0,0,0,0,0,0,0,0,66
2025-09-27T02:20:00.249Z,59.7,21.1,1.898,50.4,0,60,0,0,0,0,0,0,0,0,66
2025-09-27T02:20:01.248Z,59.7,21.1,1.898,49.6,0,60,0,0,0,0,0,0,0,0,66
2025-09-27T02:20:02.248Z,59.7,21.1,1.898,50.4,0,60,0,0,0,0,0,0,0,0,66
2025-09-27T02:20:03.254Z,59.7,21.1,1.898,49.6,0,60,0,0,0,0,0,0,0,0,66
2025-09-27T02:20:04.250Z,59.8,21.1,1.898,50.4,0,60,0,0,0,0,0,0,0,0,66
2025-09-27T02:20:05.253Z,59.7,21.1,1.898,49.6,0,60,0,0,0,0,0,0,0,0,66
2025-09-27T02:20:06.251Z,59.8,21.1,1.898,49.6,0,60,0,0,0,0,0,0,0,0,66
2025-09-27T02:20:07.252Z,59.8,21.1,1.898,50.4,0,60,0,0,0,0,0,0,0,0,66
2025-09-27T02:20:08.254Z,59.8,21.1,1.898,49.6,0,60,0,0,0,0,0,0,0,0,66
2025-09-27T02:20:09.253Z,59.8,21.1,1.898,50.4,0,60,0,0,0,0,0,0,0,0,66
2025-09-27T02:20:10.257Z,59.8,21.1,1.898,50.4,0,60,0,0,0,0,0,0,0,0,66
2025-09-27T02:20:11.254Z,59.8,21.1,1.898,49.6,0,60,0,0,0,0,0,0,0,0,66
2025-09-27T02:20:12.261Z,59.8,21.1,1.898,50.4,0,60,0,0,0,0,0,0,0,0,66
2025-09-27T02:20:13.258Z,59.8,21.1,1.898,49.6,0,60,0,0,0,0,0,0,0,0,66
2025-09-27T02:20:14.259Z,59.8,21.1,1.898,50.4,0,60,0,0,0,0,0,0,0,0,66
2025-09-27T02:20:15.265Z,59.8,21.1,1.898,49.6,0,60,0,0,0,0,0,0,0,0,66
2025-09-27T02:20:16.262Z,59.8,21.1,1.898,50.4,0,60,0,0,0,0,0,0,0,0,66
2025-09-27T02:20:17.263Z,59.8,21.1,1.898,49.6,0,60,0,0,0,0,0,0,0,0,66
2025-09-27T02:20:18.262Z,59.8,21.1,1.896,50.4,0,60,0,0,0,0,0,0,0,0,66
2025-09-27T02:20:19.262Z,59.8,21.1,1.896,49.6,0,60,0,0,0,0,0,0,0,0,66
2025-09-27T02:20:20.264Z,59.8,21.1,1.896,50.4,0,60,0,0,0,0,0,0,0,0,66
2025-09-27T02:20:21.264Z,59.8,21.1,1.896,49.6,0,60,0,0,0,0,0,0,0,0,66
2025-09-27T02:20:22.265Z,59.8,21.1,1.896,50.4,0,60,0,0,0,0,0,0,0,0,66
2025-09-27T02:20:23.266Z,59.8,21.1,1.896,49.6,0,60,0,0,0,0,0,0,0,0,66
2025-09-27T02:20:24.268Z,59.9,21.1,1.896,50.4,0,60,0,0,0,0,0,0,0,0,66
2025-09-27T02:20:25.269Z,59.9,21.1,1.896,49.6,0,60,0,0,0,0,0,0,0,0,66
2025-09-27T02:20:26.268Z,59.9,21.1,1.896,50.4,0,60,0,0,0,0,0,0,0,0,66
2025-09-27T02:20:27.270Z,59.9,21.1,1.896,49.6,0,60,0,0,0,0,0,0,0,0,66
2025-09-27T02:20:28.270Z,59.9,21.1,1.896,50.4,0,60,0,0,0,0,0,0,0,0,66
2025-09-27T02:20:29.272Z,59.9,21.1,1.897,49.6,0,60,0,0,0,0,0,0,0,0,66
2025-09-27T02:20:30.274Z,59.9,21.1,1.897,50.4,0,60,0,0,0,0,0,0,0,0,66
2025-09-27T02:20:31.279Z,59.9,21.1,1.897,49.6,0,60,0,0,0,0,0,0,0,0,66
2025-09-27T02:20:32.279Z,59.9,21.1,1.897,50.4,0,60,0,0,0,0,0,0,0,0,66
2025-09-27T02:20:33.277Z,59.9,21.1,1.897,49.6,0,60,0,0,0,0,0,0,0,0,66
2025-09-27T02:20:34.278Z,59.9,21.1,1.897,50.4,0,60,0,0,0,0,0,0,0,0,66
2025-09-27T02:20:35.277Z,59.9,21.1,1.896,49.6,0,60,0,0,0,0,0,0,0,0,66
2025-09-27T02:20:36.282Z,59.9,21.1,1.897,50.4,0,60,0,0,0,0,0,0,0,0,66
2025-09-27T02:20:37.287Z,59.9,21.1,1.897,49.6,0,60,0,0,0,0,0,0,0,0,66
2025-09-27T02:20:38.282Z,59.9,21.1,1.897,50.4,0,60,0,0,0,0,0,0,0,0,66
2025-09-27T02:20:39.284Z,60,21.1,1.897,49.6,0,60,0,0,0,0,0,0,0,0,66
2025-09-27T02:20:40.282Z,60,21.1,1.896,50.4,0,60,0,0,0,0,0,0,0,0,66
2025-09-27T02:20:41.284Z,60,21.1,1.896,49.6,0,60,0,0,0,0,0,0,0,0,66
2025-09-27T02:20:42.281Z,60,21.1,1.896,50.4,0,60,0,0,0,0,0,0,0,0,66
2025-09-27T02:20:43.285Z,60,21.1,1.897,49.6,0,60,0,0,0,0,0,0,0,0,66
2025-09-27T02:20:44.287Z,60,21.1,1.897,50.4,0,60,0,0,0,0,0,0,0,0,66
2025-09-27T02:20:45.286Z,60,21.1,1.897,49.6,0,60,0,0,0,0,0,0,0,0,66
2025-09-27T02:20:46.290Z,60,21.1,1.897,50.4,0,60,0,0,0,0,0,0,0,0,66
2025-09-27T02:20:47.292Z,60,21.1,1.896,49.6,0,60,0,0,0,0,0,0,0,0,66
2025-09-27T02:20:48.293Z,60,21.1,1.896,50.4,0,60,0,0,0,0,0,0,0,0,66
2025-09-27T02:20:49.287Z,60,21.1,1.897,49.6,0,60,0,0,0,0,0,0,0,0,66
2025-09-27T02:20:50.289Z,60,21.1,1.896,50.4,0,60,0,0,0,0,0,0,0,0,66
2025-09-27T02:20:51.291Z,60,21.1,1.896,49.6,0,60,0,0,0,0,0,0,0,0,66
2025-09-27T02:20:52.291Z,60,21.1,1.896,50.4,0,60,0,0,0,0,0,0,0,0,66
2025-09-27T02:20:53.290Z,60,21.1,1.895,49.6,0,60,0,0,0,0,0,0,0,0,66
2025-09-27T02:20:54.295Z,60.1,21.1,1.896,50.4,0,60,0,0,0,0,0,0,0,0,66
2025-09-27T02:20:55.295Z,60.1,21.1,1.896,49.6,0,60,0,0,0,0,0,0,0,0,66
2025-09-27T02:20:56.293Z,60.1,21.1,1.895,50.4,0,60,0,0,0,0,0,0,0,0,66
2025-09-27T02:20:57.297Z,60.1,21.1,1.896,50.4,0,60,0,0,0,0,0,0,0,0,66
2025-09-27T02:20:58.291Z,60.1,21.1,1.895,49.6,0,60,0,0,0,0,0,0,0,0,66
2025-09-27T02:20:59.299Z,60.1,21.1,1.896,49.6,0,60,0,0,0,0,0,0,0,0,66
2025-09-27T02:21:00.299Z,60.1,21.1,1.896,50.4,0,60,0,0,0,0,0,0,0,0,66
2025-09-27T02:21:01.303Z,60.1,21.1,1.896,49.6,0,60,0,0,0,0,0,0,0,0,66
2025-09-27T02:21:02.302Z,60.1,21.1,1.896,49.6,0,60,0,0,0,0,0,0,0,0,66
2025-09-27T02:21:03.303Z,60.1,21.1,1.896,49.6,0,60,0,0,0,0,0,0,0,0,66
2025-09-27T02:21:04.309Z,60.1,21.1,1.896,49.6,0,60,0,0,0,0,0,0,0,0,66
2025-09-27T02:21:05.303Z,60.1,21.1,1.895,49.6,0,60,0,0,0,0,0,0,0,0,66
2025-09-27T02:21:06.305Z,60.1,21.1,1.895,49.6,0,60,0,0,0,0,0,0,0,0,66
2025-09-27T02:21:07.305Z,60.1,21.1,1.895,50.4,0,60,0,0,0,0,0,0,0,0,66
2025-09-27T02:21:08.312Z,60.1,21.1,1.895,49.6,0,60,0,0,0,0,0,0,0,0,66
2025-09-27T02:21:09.313Z,60.2,21.1,1.895,50.4,0,60,0,0,0,0,0,0,0,0,66
2025-09-27T02:21:10.309Z,60.1,21.1,1.895,49.6,0,60,0,0,0,0,0,0,0,0,66
2025-09-27T02:21:11.310Z,60.2,21.1,1.895,50.4,0,60,0,0,0,0,0,0,0,0,66
2025-09-27T02:21:12.312Z,60.2,21.1,1.895,49.6,0,60,0,0,0,0,0,0,0,0,66
2025-09-27T02:21:13.319Z,60.2,21.1,1.895,49.6,0,60,0,0,0,0,0,0,0,0,66
2025-09-27T02:21:14.312Z,60.2,21.1,1.895,50.4,0,60,0,0,0,0,0,0,0,0,66
2025-09-27T02:21:15.316Z,60.2,21.1,1.895,49.6,0,60,0,0,0,0,0,0,0,0,66
2025-09-27T02:21:16.318Z,60.2,21.1,1.895,50.4,0,60,0,0,0,0,0,0,0,0,66
2025-09-27T02:21:17.321Z,60.2,21.1,1.895,49.6,0,60,0,0,0,0,0,0,0,0,66
2025-09-27T02:21:18.321Z,60.2,21.1,1.895,50.4,0,60,0,0,0,0,0,0,0,0,66
2025-09-27T02:21:19.318Z,60.2,21.1,1.895,50.4,0,60,0,0,0,0,0,0,0,0,66
2025-09-27T02:21:20.315Z,60.2,21.1,1.895,49.6,0,60,0,0,0,0,0,0,0,0,66
2025-09-27T02:21:21.320Z,60.2,21.1,1.895,49.6,0,60,0,0,0,0,0,0,0,0,66
2025-09-27T02:21:22.315Z,60.2,21.1,1.895,49.6,0,60,0,0,0,0,0,0,0,0,66
2025-09-27T02:21:23.326Z,60.2,21.1,1.895,50.4,0,60,0,0,0,0,0,0,0,0,66
2025-09-27T02:21:24.323Z,60.2,21.1,1.895,49.6,0,60,0,0,0,0,0,0,0,0,66
2025-09-27T02:21:25.322Z,60.3,21.1,1.895,50.4,0,60,0,0,0,0,0,0,0,0,66
2025-09-27T02:21:26.325Z,60.3,21.1,1.895,50.4,0,60,0,0,0,0,0,0,0,0,66
2025-09-27T02:21:27.325Z,60.3,21.1,1.895,49.6,0,60,0,0,0,0,0,0,0,0,66
2025-09-27T02:21:28.327Z,60.3,21.1,1.895,50.4,0,60,0,0,0,0,0,0,0,0,66
2025-09-27T02:21:29.326Z,60.3,21.1,1.895,49.6,0,60,0,0,0,0,0,0,0,0,66
2025-09-27T02:21:30.324Z,60.3,21.1,1.895,49.6,0,60,0,0,0,0,0,0,0,0,66
2025-09-27T02:21:31.326Z,60.3,21.1,1.895,49.6,0,60,0,0,0,0,0,0,0,0,66
2025-09-27T02:21:32.329Z,60.3,21.1,1.895,50.4,0,60,0,0,0,0,0,0,0,0,66
2025-09-27T02:21:33.328Z,60.3,21.1,1.895,49.6,0,60,0,0,0,0,0,0,0,0,66
2025-09-27T02:21:34.330Z,60.3,21.1,1.895,49.6,0,60,0,0,0,0,0,0,0,0,66
2025-09-27T02:21:35.335Z,60.3,21.1,1.895,50.4,0,60,0,0,0,0,0,0,0,0,66
2025-09-27T02:21:36.339Z,60.3,21.1,1.894,49.6,0,60,0,0,0,0,0,0,0,0,66
2025-09-27T02:21:37.334Z,60.3,21.1,1.895,49.6,0,60,0,0,0,0,0,0,0,0,66
2025-09-27T02:21:38.333Z,60.3,21.1,1.895,50.4,0,60,0,0,0,0,0,0,0,0,66
2025-09-27T02:21:39.337Z,60.3,21.1,1.895,49.6,0,60,0,0,0,0,0,0,0,0,66
2025-09-27T02:21:40.336Z,60.4,21.1,1.895,50.4,0,60,0,0,0,0,0,0,0,0,66
2025-09-27T02:21:41.338Z,60.4,21.1,1.895,50.4,0,60,0,0,0,0,0,0,0,0,66
2025-09-27T02:21:42.341Z,60.4,21.1,1.894,49.6,0,60,0,0,0,0,0,0,0,0,66
2025-09-27T02:21:43.341Z,60.4,21.1,1.895,50.4,0,60,0,0,0,0,0,0,0,0,66
2025-09-27T02:21:44.340Z,60.4,21.1,1.895,49.6,0,60,0,0,0,0,0,0,0,0,66
2025-09-27T02:21:45.343Z,60.4,21.1,1.895,50.4,0,60,0,0,0,0,0,0,0,0,66
2025-09-27T02:21:46.344Z,60.4,21.1,1.894,49.6,0,60,0,0,0,0,0,0,0,0,66
2025-09-27T02:21:47.338Z,60.4,21.1,1.895,50.4,0,60,0,0,0,0,0,0,0,0,66
2025-09-27T02:21:48.345Z,60.4,21.1,1.894,50.4,0,60,0,0,0,0,0,0,0,0,66
2025-09-27T02:21:49.342Z,60.4,21.1,1.895,49.6,0,60,0,0,0,0,0,0,0,0,66
2025-09-27T02:21:50.351Z,60.4,21.1,1.894,50.4,0,60,0,0,0,0,0,0,0,0,66
2025-09-27T02:21:51.342Z,60.4,21.1,1.894,49.6,0,60,0,0,0,0,0,0,0,0,66
2025-09-27T02:21:52.343Z,60.4,21.1,1.895,49.6,0,60,0,0,0,0,0,0,0,0,66
2025-09-27T02:21:53.348Z,60.4,21.1,1.895,49.6,0,60,0,0,0,0,0,0,0,0,66
2025-09-27T02:21:54.346Z,60.4,21.1,1.895,50.4,0,60,0,0,0,0,0,0,0,0,66
2025-09-27T02:21:55.350Z,60.5,21.1,1.893,50.4,0,60,0,0,0,0,0,0,0,0,66
2025-09-27T02:21:56.352Z,60.5,21.1,1.893,49.6,0,60,0,0,0,0,0,0,0,0,66
2025-09-27T02:21:57.350Z,60.5,21.1,1.894,50.4,0,60,0,0,0,0,0,0,0,0,66
2025-09-27T02:21:58.349Z,60.5,21.1,1.894,49.6,0,60,0,0,0,0,0,0,0,0,66
2025-09-27T02:21:59.353Z,60.5,21.1,1.893,50.4,0,60,0,0,0,0,0,0,0,0,66
2025-09-27T02:22:00.354Z,60.5,21.1,1.893,49.6,0,60,0,0,0,0,0,0,0,0,66
2025-09-27T02:22:01.359Z,60.5,21.1,1.893,49.6,0,60,0,0,0,0,0,0,0,0,66
2025-09-27T02:22:02.360Z,60.5,21.1,1.893,50.4,0,60,0,0,0,0,0,0,0,0,66
2025-09-27T02:22:03.364Z,60.5,21.1,1.893,49.6,0,60,0,0,0,0,0,0,0,0,66
2025-09-27T02:22:04.358Z,60.5,21.1,1.893,50.4,0,60,0,0,0,0,0,0,0,0,66
2025-09-27T02:22:05.362Z,60.5,21.1,1.893,49.6,0,60,0,0,0,0,0,0,0,0,66
2025-09-27T02:22:06.362Z,60.5,21.1,1.893,49.6,0,60,0,0,0,0,0,0,0,0,66
2025-09-27T02:22:07.371Z,60.5,21.1,1.894,50.4,0,60,0,0,0,0,0,0,0,0,66
2025-09-27T02:22:08.365Z,60.5,21.1,1.893,49.6,0,60,0,0,0,0,0,0,0,0,66
2025-09-27T02:22:09.368Z,60.5,21.1,1.893,49.6,0,60,0,0,0,0,0,0,0,0,66
2025-09-27T02:22:10.368Z,60.5,21.1,1.893,50.4,0,60,0,0,0,0,0,0,0,0,66
2025-09-27T02:22:11.370Z,60.5,21.1,1.893,49.6,0,60,0,0,0,0,0,0,0,0,66
2025-09-27T02:22:12.369Z,60.6,21.1,1.893,49.6,0,60,0,0,0,0,0,0,0,0,66
2025-09-27T02:22:13.374Z,60.6,21.1,1.893,50.4,0,60,0,0,0,0,0,0,0,0,66
2025-09-27T02:22:14.371Z,60.6,21.1,1.893,50.4,0,60,0,0,0,0,0,0,0,0,66
2025-09-27T02:22:15.374Z,60.6,21.1,1.893,49.6,0,60,0,0,0,0,0,0,0,0,66
2025-09-27T02:22:16.380Z,60.6,21.1,1.894,50.4,0,60,0,0,0,0,0,0,0,0,66
2025-09-27T02:22:17.374Z,60.6,21.1,1.893,49.6,0,60,0,0,0,0,0,0,0,0,66
2025-09-27T02:22:18.374Z,60.6,21.1,1.893,50.4,0,60,0,0,0,0,0,0,0,0,66
2025-09-27T02:22:19.374Z,60.6,21.1,1.893,49.6,0,59.9,0,0,0,0,0,0,0,0,66
2025-09-27T02:22:20.380Z,60.6,21.1,1.893,50.4,0,60,0,0,0,0,0,0,0,0,66
2025-09-27T02:22:21.376Z,60.6,21.1,1.893,49.6,0,60,0,0,0,0,0,0,0,0,66
2025-09-27T02:22:22.376Z,60.6,21.1,1.893,49.6,0,60,0,0,0,0,0,0,0,0,66
2025-09-27T02:22:23.379Z,60.6,21.1,1.893,50.4,0,60,0,0,0,0,0,0,0,0,66
2025-09-27T02:22:24.383Z,60.6,21.1,1.893,49.6,0,60,0,0,0,0,0,0,0,0,66
2025-09-27T02:22:25.383Z,60.6,21.1,1.893,49.6,0,60,0,0,0,0,0,0,0,0,66
2025-09-27T02:22:26.382Z,60.6,21.1,1.893,50.4,0,60,0,0,0,0,0,0,0,0,66
2025-09-27T02:22:27.389Z,60.6,21.1,1.894,49.6,0,60,0,0,0,0,0,0,0,0,66
2025-09-27T02:22:28.382Z,60.7,21.1,1.893,50.4,0,60,0,0,0,0,0,0,0,0,66
2025-09-27T02:22:29.386Z,60.7,21.1,1.893,50.4,0,60,0,0,0,0,0,0,0,0,66
2025-09-27T02:22:30.384Z,60.7,21.1,1.893,49.6,0,60,0,0,0,0,0,0,0,0,66
2025-09-27T02:22:31.386Z,60.7,21.1,1.893,50.4,0,59.9,0,0,0,0,0,0,0,0,66
2025-09-27T02:22:32.385Z,60.7,21.1,1.893,49.6,0,60,0,0,0,0,0,0,0,0,66
2025-09-27T02:22:33.385Z,60.7,21.1,1.893,50.4,0,60,0,0,0,0,0,0,0,0,66
2025-09-27T02:22:34.389Z,60.7,21.1,1.893,49.6,0,60,0,0,0,0,0,0,0,0,66
2025-09-27T02:22:35.391Z,60.7,21.1,1.893,50.4,0,59.9,0,0,0,0,0,0,0,0,66
2025-09-27T02:22:36.388Z,60.7,21.1,1.893,50.4,0,59.9,0,0,0,0,0,0,0,0,66
2025-09-27T02:22:37.390Z,60.7,21.1,1.893,49.6,0,59.9,0,0,0,0,0,0,0,0,66
2025-09-27T02:22:38.393Z,60.7,21.1,1.893,49.6,0,59.9,0,0,0,0,0,0,0,0,66
2025-09-27T02:22:39.393Z,60.7,21.1,1.893,49.6,0,59.9,0,0,0,0,0,0,0,0,66
2025-09-27T02:22:40.394Z,60.7,21.1,1.893,50.4,0,59.9,0,0,0,0,0,0,0,0,66
2025-09-27T02:22:41.399Z,60.7,21.1,1.893,50.4,0,59.9,0,0,0,0,0,0,0,0,66
2025-09-27T02:22:42.397Z,60.7,21.1,1.893,49.6,0,59.9,0,0,0,0,0,0,0,0,66
2025-09-27T02:22:43.398Z,60.7,21.1,1.893,50.4,0,59.9,0,0,0,0,0,0,0,0,66
2025-09-27T02:22:44.400Z,60.7,21.1,1.893,49.6,0,59.9,0,0,0,0,0,0,0,0,66
2025-09-27T02:22:45.397Z,60.7,21.1,1.893,50.4,0,59.9,0,0,0,0,0,0,0,0,66
2025-09-27T02:22:46.400Z,60.7,21.1,1.893,50.4,0,59.9,0,0,0,0,0,0,0,0,66
2025-09-27T02:22:47.406Z,60.7,21.1,1.893,49.6,0,59.9,0,0,0,0,0,0,0,0,66
2025-09-27T02:22:48.401Z,60.8,21.1,1.893,49.6,0,59.9,0,0,0,0,0,0,0,0,66
2025-09-27T02:22:49.399Z,60.8,21.1,1.893,49.6,0,60,0,0,0,0,0,0,0,0,66
2025-09-27T02:22:50.404Z,60.8,21.1,1.893,50.4,0,60,0,0,0,0,0,0,0,0,66
2025-09-27T02:22:51.409Z,60.8,21.1,1.893,49.6,0,59.9,0,0,0,0,0,0,0,0,66
2025-09-27T02:22:52.407Z,60.8,21.1,1.893,49.6,0,59.9,0,0,0,0,0,0,0,0,66
2025-09-27T02:22:53.407Z,60.8,21.1,1.893,50.4,0,59.9,0,0,0,0,0,0,0,0,66
2025-09-27T02:22:54.409Z,60.8,21.1,1.893,49.6,0,59.9,0,0,0,0,0,0,0,0,66
2025-09-27T02:22:55.409Z,60.8,21.1,1.893,50.4,0,59.9,0,0,0,0,0,0,0,0,66
2025-09-27T02:22:56.408Z,60.8,21.1,1.893,50.4,0,59.9,0,0,0,0,0,0,0,0,66
2025-09-27T02:22:57.410Z,60.8,21.1,1.893,49.6,0,59.9,0,0,0,0,0,0,0,0,66
2025-09-27T02:22:58.412Z,60.8,21.1,1.893,50.4,0,59.9,0,0,0,0,0,0,0,0,66
2025-09-27T02:22:59.413Z,60.8,21.1,1.893,49.6,0,59.9,0,0,0,0,0,0,0,0,66
2025-09-27T02:23:00.414Z,60.8,21.1,1.893,50.4,0,59.9,0,0,0,0,0,0,0,0,66
2025-09-27T02:23:01.416Z,60.8,21.1,1.893,49.6,0,59.9,0,0,0,0,0,0,0,0,66
2025-09-27T02:23:02.415Z,60.8,21.1,1.893,49.6,0,59.9,0,0,0,0,0,0,0,0,66
2025-09-27T02:23:03.416Z,60.8,21.1,1.893,50.4,0,59.9,0,0,0,0,0,0,0,0,66
2025-09-27T02:23:04.414Z,60.8,21.1,1.893,49.6,0,59.9,0,0,0,0,0,0,0,0,66
2025-09-27T02:23:05.417Z,60.8,21.1,1.893,50.4,0,59.9,0,0,0,0,0,0,0,0,66
2025-09-27T02:23:06.417Z,60.8,21.1,1.893,50.4,0,59.9,0,0,0,0,0,0,0,0,66
2025-09-27T02:23:07.420Z,60.8,21.1,1.893,49.6,0,59.9,0,0,0,0,0,0,0,0,66
2025-09-27T02:23:08.422Z,60.8,21.1,1.893,50.4,0,59.9,0,0,0,0,0,0,0,0,66
2025-09-27T02:23:09.423Z,60.8,21.1,1.893,49.6,0,59.9,0,0,0,0,0,0,0,0,66
2025-09-27T02:23:10.423Z,60.9,21.1,1.893,49.6,0,59.9,0,0,0,0,0,0,0,0,66
2025-09-27T02:23:11.424Z,60.8,21.1,1.893,49.6,0,59.9,0,0,0,0,0,0,0,0,66
2025-09-27T02:23:12.428Z,60.9,21.1,1.893,50.4,0,59.9,0,0,0,0,0,0,0,0,66
2025-09-27T02:23:13.426Z,60.9,21.1,1.893,50.4,0,59.9,0,0,0,0,0,0,0,0,66
2025-09-27T02:23:14.427Z,60.9,21.1,1.893,49.6,0,59.9,0,0,0,0,0,0,0,0,66
2025-09-27T02:23:15.426Z,60.9,21.1,1.893,49.6,0,59.9,0,0,0,0,0,0,0,0,66
2025-09-27T02:23:16.431Z,60.9,21.1,1.893,49.6,0,59.9,0,0,0,0,0,0,0,0,66
2025-09-27T02:23:17.425Z,60.9,21.1,1.893,50.4,0,59.9,0,0,0,0,0,0,0,0,66
2025-09-27T02:23:18.432Z,60.9,21.1,1.892,50.4,0,59.9,0,0,0,0,0,0,0,0,66
2025-09-27T02:23:19.427Z,60.9,21.1,1.893,49.6,0,59.9,0,0,0,0,0,0,0,0,66
2025-09-27T02:23:20.428Z,60.9,21.1,1.893,50.4,0,59.9,0,0,0,0,0,0,0,0,66
2025-09-27T02:23:21.428Z,60.9,21.1,1.893,49.6,0,59.9,0,0,0,0,0,0,0,0,66
2025-09-27T02:23:22.432Z,60.9,21.1,1.893,50.4,0,59.9,0,0,0,0,0,0,0,0,66
2025-09-27T02:23:23.437Z,60.9,21.1,1.892,49.6,0,59.9,0,0,0,0,0,0,0,0,66
2025-09-27T02:23:24.436Z,60.9,21.1,1.892,49.6,0,59.9,0,0,0,0,0,0,0,0,66
2025-09-27T02:23:25.433Z,60.9,21.1,1.893,50.4,0,59.9,0,0,0,0,0,0,0,0,66
2025-09-27T02:23:26.440Z,60.9,21.1,1.892,49.6,0,59.9,0,0,0,0,0,0,0,0,66
2025-09-27T02:23:27.438Z,60.9,21.1,1.892,49.6,0,59.9,0,0,0,0,0,0,0,0,66
2025-09-27T02:23:28.440Z,60.9,21.1,1.892,50.4,0,59.9,0,0,0,0,0,0,0,0,66
2025-09-27T02:23:29.439Z,60.9,21.1,1.892,49.6,0,59.9,0,0,0,0,0,0,0,0,66
2025-09-27T02:23:30.436Z,60.9,21.1,1.893,49.6,0,59.9,0,0,0,0,0,0,0,0,66
2025-09-27T02:23:31.439Z,60.9,21.1,1.892,50.4,0,59.9,0,0,0,0,0,0,0,0,66
2025-09-27T02:23:32.448Z,60.9,21.1,1.892,49.6,0,59.9,0,0,0,0,0,0,0,0,66
2025-09-27T02:23:33.444Z,60.9,21.1,1.892,50.4,0,59.9,0,0,0,0,0,0,0,0,66
2025-09-27T02:23:34.442Z,60.9,21.1,1.892,50.4,0,59.9,0,0,0,0,0,0,0,0,66
2025-09-27T02:23:35.451Z,60.9,21.1,1.892,49.6,0,59.9,0,0,0,0,0,0,0,0,66
2025-09-27T02:23:36.446Z,60.9,21.1,1.892,50.4,0,59.9,0,0,0,0,0,0,0,0,66
2025-09-27T02:23:37.448Z,60.9,21.1,1.892,49.6,0,59.9,0,0,0,0,0,0,0,0,66
2025-09-27T02:23:38.448Z,60.9,21.1,1.892,50.4,0,59.9,0,0,0,0,0,0,0,0,66
2025-09-27T02:23:39.454Z,60.9,21.1,1.892,49.6,0,59.9,0,0,0,0,0,0,0,0,66
2025-09-27T02:23:40.452Z,61,21.1,1.892,49.6,0,59.9,0,0,0,0,0,0,0,0,66
2025-09-27T02:23:41.450Z,61,21.1,1.892,50.4,0,59.9,0,0,0,0,0,0,0,0,66
2025-09-27T02:23:42.452Z,61,21.1,1.892,49.6,0,59.9,0,0,0,0,0,0,0,0,66
2025-09-27T02:23:43.455Z,61,21.1,1.892,50.4,0,59.9,0,0,0,0,0,0,0,0,66
2025-09-27T02:23:44.456Z,61,21.1,1.892,49.6,0,59.9,0,0,0,0,0,0,0,0,66
2025-09-27T02:23:45.455Z,61,21.1,1.892,49.6,0,59.9,0,0,0,0,0,0,0,0,66
2025-09-27T02:23:46.457Z,61,21.1,1.892,50.4,0,59.9,0,0,0,0,0,0,0,0,66
2025-09-27T02:23:47.457Z,61,21.1,1.892,49.6,0,59.9,0,0,0,0,0,0,0,0,66
2025-09-27T02:23:48.456Z,61,21.1,1.892,49.6,0,59.9,0,0,0,0,0,0,0,0,66
2025-09-27T02:23:49.461Z,61,21.1,1.892,50.4,0,59.9,0,0,0,0,0,0,0,0,66
2025-09-27T02:23:50.458Z,61,21.1,1.892,49.6,0,59.9,0,0,0,0,0,0,0,0,66
2025-09-27T02:23:51.459Z,61,21.1,1.892,49.6,0,59.9,0,0,0,0,0,0,0,0,66
2025-09-27T02:23:52.463Z,61,21.1,1.892,50.4,0,59.9,0,0,0,0,0,0,0,0,66
2025-09-27T02:23:53.457Z,61,21.1,1.892,50.4,0,59.9,0,0,0,0,0,0,0,0,66
2025-09-27T02:23:54.463Z,61,21.1,1.892,49.6,0,59.9,0,0,0,0,0,0,0,0,66
2025-09-27T02:23:55.473Z,61,21.1,1.893,49.6,0,59.9,0,0,0,0,0,0,0,0,66
2025-09-27T02:23:56.466Z,61,21.1,1.893,50.4,0,59.9,0,0,0,0,0,0,0,0,66
2025-09-27T02:23:57.466Z,61,21.1,1.892,49.6,0,59.9,0,0,0,0,0,0,0,0,66
2025-09-27T02:23:58.466Z,61,21.1,1.892,49.6,0,59.9,0,0,0,0,0,0,0,0,66
2025-09-27T02:23:59.471Z,61,21.1,1.893,50.4,0,59.9,0,0,0,0,0,0,0,0,66
2025-09-27T02:24:00.467Z,61,21.1,1.892,49.6,0,59.9,0,0,0,0,0,0,0,0,66
2025-09-27T02:24:01.467Z,61,21.1,1.892,49.6,0,59.9,0,0,0,0,0,0,0,0,66
2025-09-27T02:24:02.472Z,61,21.1,1.893,50.4,0,59.9,0,0,0,0,0,0,0,0,66
2025-09-27T02:24:03.475Z,61,21.1,1.893,50.4,0,59.9,0,0,0,0,0,0,0,0,66
2025-09-27T02:24:04.476Z,61,21.1,1.893,49.6,0,59.9,0,0,0,0,0,0,0,0,66
2025-09-27T02:24:05.473Z,61,21.1,1.893,50.4,0,59.9,0,0,0,0,0,0,0,0,66
2025-09-27T02:24:06.479Z,61,21.1,1.893,50.4,0,59.9,0,0,0,0,0,0,0,0,66
2025-09-27T02:24:07.485Z,61,21.1,1.893,49.6,0,59.9,0,0,0,0,0,0,0,0,66
2025-09-27T02:24:08.477Z,61,21.1,1.893,50.4,0,59.9,0,0,0,0,0,0,0,0,66
2025-09-27T02:24:09.478Z,61,21.1,1.893,50.4,0,59.9,0,0,0,0,0,0,0,0,66
2025-09-27T02:24:10.478Z,61,21.1,1.893,49.6,0,59.9,0,0,0,0,0,0,0,0,66
2025-09-27T02:24:11.480Z,61,21.1,1.893,50.4,0,59.9,0,0,0,0,0,0,0,0,66
2025-09-27T02:24:12.485Z,61,21.1,1.893,49.6,0,59.9,0,0,0,0,0,0,0,0,66
2025-09-27T02:24:13.477Z,61,21.1,1.892,50.4,0,59.9,0,0,0,0,0,0,0,0,66
2025-09-27T02:24:14.482Z,61,21.1,1.893,49.6,0,59.9,0,0,0,0,0,0,0,0,66
2025-09-27T02:24:15.484Z,61,21.1,1.893,50.4,0,59.9,0,0,0,0,0,0,0,0,66
2025-09-27T02:24:16.484Z,61,21.1,1.893,49.6,0,59.9,0,0,0,0,0,0,0,0,66
2025-09-27T02:24:17.483Z,61,21.1,1.893,49.6,0,59.9,0,0,0,0,0,0,0,0,66
2025-09-27T02:24:18.483Z,61,21.1,1.893,50.4,0,59.9,0,0,0,0,0,0,0,0,66
2025-09-27T02:24:19.485Z,61,21.1,1.893,49.6,0,59.9,0,0,0,0,0,0,0,0,66
2025-09-27T02:24:20.487Z,61,21.1,1.893,49.6,0,59.9,0,0,0,0,0,0,0,0,66
2025-09-27T02:24:21.487Z,61,21.1,1.893,50.4,0,59.9,0,0,0,0,0,0,0,0,66
2025-09-27T02:24:22.482Z,61,21.1,1.892,49.6,0,59.9,0,0,0,0,0,0,0,0,66
2025-09-27T02:24:23.489Z,61,21.1,1.893,49.6,0,59.9,0,0,0,0,0,0,0,0,66
2025-09-27T02:24:24.487Z,61,21.1,1.893,50.4,0,59.9,0,0,0,0,0,0,0,0,66
2025-09-27T02:24:25.492Z,61,21.1,1.893,49.6,0,59.9,0,0,0,0,0,0,0,0,66
2025-09-27T02:24:26.497Z,60.9,21.1,1.893,49.6,0,59.9,0,0,0,0,0,0,0,0,66
2025-09-27T02:24:27.492Z,61,21.1,1.893,50.4,0,59.9,0,0,0,0,0,0,0,0,66
2025-09-27T02:24:28.490Z,60.9,21.1,1.893,50.4,0,59.9,0,0,0,0,0,0,0,0,66
2025-09-27T02:24:29.494Z,60.9,21.1,1.893,49.6,0,59.9,0,0,0,0,0,0,0,0,66
2025-09-27T02:24:30.494Z,60.9,21.1,1.893,50.4,0,59.9,0,0,0,0,0,0,0,0,66
2025-09-27T02:24:31.497Z,60.9,21.1,1.893,50.4,0,59.9,0,0,0,0,0,0,0,0,66
2025-09-27T02:24:32.496Z,60.9,21.1,1.893,49.6,0,59.9,0,0,0,0,0,0,0,0,66
2025-09-27T02:24:33.498Z,60.9,21.1,1.893,50.4,0,59.9,0,0,0,0,0,0,0,0,66
2025-09-27T02:24:34.499Z,60.9,21.1,1.893,49.6,0,59.9,0,0,0,0,0,0,0,0,66
2025-09-27T02:24:35.500Z,60.9,21.1,1.893,50.4,0,59.9,0,0,0,0,0,0,0,0,66
2025-09-27T02:24:36.503Z,60.9,21.1,1.893,50.4,0,59.9,0,0,0,0,0,0,0,0,66
2025-09-27T02:24:37.500Z,60.9,21.1,1.893,49.6,0,59.9,0,0,0,0,0,0,0,0,66
2025-09-27T02:24:38.503Z,60.9,21.1,1.893,50.4,0,59.9,0,0,0,0,0,0,0,0,66
2025-09-27T02:24:39.505Z,60.9,21.1,1.893,49.6,0,59.9,0,0,0,0,0,0,0,0,66
2025-09-27T02:24:40.505Z,60.9,21.1,1.893,50.4,0,59.9,0,0,0,0,0,0,0,0,66
2025-09-27T02:24:41.504Z,60.9,21.1,1.893,49.6,0,59.9,0,0,0,0,0,0,0,0,66
2025-09-27T02:24:42.505Z,60.9,21.1,1.893,50.4,0,59.9,0,0,0,0,0,0,0,0,66
2025-09-27T02:24:43.507Z,60.9,21.1,1.893,49.6,0,59.9,0,0,0,0,0,0,0,0,66
2025-09-27T02:24:44.513Z,60.9,21.1,1.892,49.6,0,59.9,0,0,0,0,0,0,0,0,66
2025-09-27T02:24:45.509Z,60.9,21.1,1.893,50.4,0,59.9,0,0,0,0,0,0,0,0,66
2025-09-27T02:24:46.510Z,60.9,21.1,1.893,49.6,0,59.9,0,0,0,0,0,0,0,0,66
2025-09-27T02:24:47.512Z,60.9,21.1,1.893,50.4,0,59.9,0,0,0,0,0,0,0,0,66
2025-09-27T02:24:48.510Z,60.9,21.1,1.893,49.6,0,59.9,0,0,0,0,0,0,0,0,66
2025-09-27T02:24:49.511Z,60.9,21.1,1.893,49.6,0,59.9,0,0,0,0,0,0,0,0,66
2025-09-27T02:24:50.513Z,60.9,21.1,1.893,50.4,0,59.9,0,0,0,0,0,0,0,0,66
2025-09-27T02:24:51.511Z,60.9,21.1,1.893,49.6,0,59.9,0,0,0,0,0,0,0,0,66
2025-09-27T02:24:52.514Z,60.9,21.1,1.893,49.6,0,59.9,0,0,0,0,0,0,0,0,66
2025-09-27T02:24:53.512Z,60.9,21.1,1.893,50.4,0,59.9,0,0,0,0,0,0,0,0,66
2025-09-27T02:24:54.516Z,60.9,21.1,1.893,50.4,0,59.9,0,0,0,0,0,0,0,0,66
2025-09-27T02:24:55.524Z,60.9,21.1,1.892,49.6,0,59.9,0,0,0,0,0,0,0,0,66
2025-09-27T02:24:56.517Z,60.9,21.1,1.893,50.4,0,59.9,0,0,0,0,0,0,0,0,66
2025-09-27T02:24:57.518Z,60.9,21.1,1.893,49.6,0,59.9,0,0,0,0,0,0,0,0,66
2025-09-27T02:24:58.519Z,60.9,21.1,1.893,50.4,0,59.9,0,0,0,0,0,0,0,0,66
2025-09-27T02:24:59.526Z,60.9,21.1,1.892,49.6,0,59.9,0,0,0,0,0,0,0,0,66
2025-09-27T02:25:00.522Z,60.9,21.1,1.893,50.4,0,59.9,0,0,0,0,0,0,0,0,66
2025-09-27T02:25:01.523Z,60.9,21.1,1.893,49.6,0,59.9,0,0,0,0,0,0,0,0,66
2025-09-27T02:25:02.528Z,60.9,21.1,1.892,49.6,0,59.9,0,0,0,0,0,0,0,0,66
2025-09-27T02:25:03.528Z,60.9,21.1,1.892,50.4,0,59.9,0,0,0,0,0,0,0,0,66
2025-09-27T02:25:04.530Z,60.9,21.1,1.892,49.6,0,59.9,0,0,0,0,0,0,0,0,66
2025-09-27T02:25:05.534Z,60.9,21.1,1.893,49.6,0,59.9,0,0,0,0,0,0,0,0,66
2025-09-27T02:25:06.526Z,60.8,21.1,1.893,50.4,0,59.9,0,0,0,0,0,0,0,0,66
2025-09-27T02:25:07.534Z,60.8,21.1,1.893,49.6,0,59.9,0,0,0,0,0,0,0,0,66
2025-09-27T02:25:08.534Z,60.8,21.1,1.892,49.6,0,59.9,0,0,0,0,0,0,0,0,66
2025-09-27T02:25:09.533Z,60.8,21.1,1.892,50.4,0,59.9,0,0,0,0,0,0,0,0,66
2025-09-27T02:25:10.537Z,60.8,21.1,1.892,49.6,0,59.9,0,0,0,0,0,0,0,0,66
2025-09-27T02:25:11.541Z,60.8,21.1,1.893,49.6,0,59.9,0,0,0,0,0,0,0,0,66
2025-09-27T02:25:12.545Z,60.8,21.1,1.893,50.4,0,59.9,0,0,0,0,0,0,0,0,66
2025-09-27T02:25:13.537Z,60.8,21.1,1.893,50.4,0,59.9,0,0,0,0,0,0,0,0,66
2025-09-27T02:25:14.539Z,60.8,21.1,1.893,49.6,0,59.9,0,0,0,0,0,0,0,0,66
2025-09-27T02:25:15.539Z,60.8,21.1,1.893,50.4,0,59.9,0,0,0,0,0,0,0,0,66
2025-09-27T02:25:16.538Z,60.8,21.1,1.893,49.6,0,59.9,0,0,0,0,0,0,0,0,66
2025-09-27T02:25:17.540Z,60.8,21.1,1.893,49.6,0,59.9,0,0,0,0,0,0,0,0,66
2025-09-27T02:25:18.536Z,60.8,21.1,1.893,50.4,0,59.9,0,0,0,0,0,0,0,0,66
2025-09-27T02:25:19.544Z,60.8,21.1,1.893,49.6,0,59.9,0,0,0,0,0,0,0,0,66
2025-09-27T02:25:20.545Z,60.8,21.1,1.893,49.6,0,59.9,0,0,0,0,0,0,0,0,66
2025-09-27T02:25:21.542Z,60.8,21.1,1.893,50.4,0,59.9,0,0,0,0,0,0,0,0,66
2025-09-27T02:25:22.543Z,60.8,21.1,1.893,50.4,0,59.9,0,0,0,0,0,0,0,0,66
2025-09-27T02:25:23.544Z,60.8,21.1,1.893,49.6,0,59.9,0,0,0,0,0,0,0,0,66
2025-09-27T02:25:24.545Z,60.8,21.1,1.893,49.6,0,59.9,0,0,0,0,0,0,0,0,66
2025-09-27T02:25:25.545Z,60.8,21.1,1.893,50.4,0,59.9,0,0,0,0,0,0,0,0,66
2025-09-27T02:25:26.546Z,60.8,21.1,1.893,50.4,0,59.9,0,0,0,0,0,0,0,0,66
2025-09-27T02:25:27.546Z,60.7,21.1,1.893,49.6,0,59.9,0,0,0,0,0,0,0,0,66
2025-09-27T02:25:28.548Z,60.8,21.1,1.893,50.4,0,59.9,0,0,0,0,0,0,0,0,66
2025-09-27T02:25:29.553Z,60.7,21.1,1.893,49.6,0,59.9,0,0,0,0,0,0,0,0,66
2025-09-27T02:25:30.547Z,60.7,21.1,1.893,50.4,0,59.9,0,0,0,0,0,0,0,0,66
2025-09-27T02:25:31.553Z,60.7,21.1,1.893,50.4,0,59.9,0,0,0,0,0,0,0,0,66
2025-09-27T02:25:32.559Z,60.7,21.1,1.893,49.6,0,59.9,0,0,0,0,0,0,0,0,66
2025-09-27T02:25:33.557Z,60.7,21.1,1.893,50.4,0,59.9,0,0,0,0,0,0,0,0,66
2025-09-27T02:25:34.553Z,60.7,21.1,1.893,49.6,0,59.9,0,0,0,0,0,0,0,0,66
2025-09-27T02:25:35.557Z,60.7,21.1,1.893,50.4,0,59.9,0,0,0,0,0,0,0,0,66
2025-09-27T02:25:36.559Z,60.7,21.1,1.893,49.6,0,59.9,0,0,0,0,0,0,0,0,66
2025-09-27T02:25:37.556Z,60.7,21.1,1.893,49.6,0,59.9,0,0,0,0,0,0,0,0,66
2025-09-27T02:25:38.561Z,60.7,21.1,1.893,50.4,0,59.9,0,0,0,0,0,0,0,0,66
2025-09-27T02:25:39.561Z,60.7,21.1,1.893,49.6,0,59.9,0,0,0,0,0,0,0,0,66
2025-09-27T02:25:40.565Z,60.7,21.1,1.893,50.4,0,59.9,0,0,0,0,0,0,0,0,66
2025-09-27T02:25:41.564Z,60.7,21.1,1.893,49.6,0,59.9,0,0,0,0,0,0,0,0,66
2025-09-27T02:25:42.565Z,60.7,21.1,1.893,49.6,0,59.9,0,0,0,0,0,0,0,0,66
2025-09-27T02:25:43.565Z,60.7,21.1,1.893,50.4,0,59.9,0,0,0,0,0,0,0,0,66
2025-09-27T02:25:44.566Z,60.7,21.1,1.893,49.6,0,59.9,0,0,0,0,0,0,0,0,66
2025-09-27T02:25:45.565Z,60.7,21.1,1.893,50.4,0,59.9,0,0,0,0,0,0,0,0,66
2025-09-27T02:25:46.568Z,60.7,21.1,1.893,50.4,0,59.9,0,0,0,0,0,0,0,0,66
2025-09-27T02:25:47.569Z,60.7,21.1,1.893,49.6,0,59.9,0,0,0,0,0,0,0,0,66
2025-09-27T02:25:48.571Z,60.7,21.1,1.893,50.4,0,59.9,0,0,0,0,0,0,0,0,66
2025-09-27T02:25:49.567Z,60.7,21.1,1.893,49.6,0,59.9,0,0,0,0,0,0,0,0,66
2025-09-27T02:25:50.570Z,60.7,21.1,1.893,50.4,0,59.9,0,0,0,0,0,0,0,0,66
2025-09-27T02:25:51.571Z,60.6,21.1,1.893,50.4,0,59.9,0,0,0,0,0,0,0,0,66
2025-09-27T02:25:52.576Z,60.6,21.1,1.894,49.6,0,59.9,0,0,0,0,0,0,0,0,66
2025-09-27T02:25:53.572Z,60.6,21.1,1.893,50.4,0,59.9,0,0,0,0,0,0,0,0,66
2025-09-27T02:25:54.573Z,60.6,21.1,1.893,49.6,0,59.9,0,0,0,0,0,0,0,0,66
2025-09-27T02:25:55.573Z,60.6,21.1,1.893,50.4,0,59.9,0,0,0,0,0,0,0,0,66
2025-09-27T02:25:56.576Z,60.6,21.1,1.893,49.6,0,59.9,0,0,0,0,0,0,0,0,66
2025-09-27T02:25:57.578Z,60.6,21.1,1.894,49.6,0,59.9,0,0,0,0,0,0,0,0,66
2025-09-27T02:25:58.573Z,60.6,21.1,1.893,50.4,0,59.9,0,0,0,0,0,0,0,0,66
2025-09-27T02:25:59.582Z,60.6,21.1,1.894,49.6,0,60,0,0,0,0,0,0,0,0,66
2025-09-27T02:26:00.578Z,60.6,21.1,1.893,50.4,0,59.9,0,0,0,0,0,0,0,0,66
2025-09-27T02:26:01.579Z,60.6,21.1,1.893,49.6,0,59.9,0,0,0,0,0,0,0,0,66
2025-09-27T02:26:02.580Z,60.6,21.1,1.893,50.4,0,59.9,0,0,0,0,0,0,0,0,66
2025-09-27T02:26:03.584Z,60.6,21.1,1.894,50.4,0,59.9,0,0,0,0,0,0,0,0,66
2025-09-27T02:26:04.585Z,60.6,21.1,1.894,49.6,0,60,0,0,0,0,0,0,0,0,66
2025-09-27T02:26:05.581Z,60.6,21.1,1.893,50.4,0,60,0,0,0,0,0,0,0,0,66
2025-09-27T02:26:06.582Z,60.6,21.1,1.893,49.6,0,60,0,0,0,0,0,0,0,0,66
2025-09-27T02:26:07.589Z,60.6,21.1,1.894,50.4,0,60,0,0,0,0,0,0,0,0,66
2025-09-27T02:26:08.588Z,60.6,21.1,1.894,49.6,0,60,0,0,0,0,0,0,0,0,66
2025-09-27T02:26:09.592Z,60.6,21.1,1.894,50.4,0,60,0,0,0,0,0,0,0,0,66
2025-09-27T02:26:10.595Z,60.6,21.1,1.894,49.6,0,60,0,0,0,0,0,0,0,0,66
2025-09-27T02:26:11.592Z,60.6,21.1,1.894,50.4,0,60,0,0,0,0,0,0,0,0,66
2025-09-27T02:26:12.595Z,60.5,21.1,1.894,49.6,0,60,0,0,0,0,0,0,0,0,66
2025-09-27T02:26:13.596Z,60.5,21.1,1.894,49.6,0,60,0,0,0,0,0,0,0,0,66
2025-09-27T02:26:14.593Z,60.5,21.1,1.894,49.6,0,60,0,0,0,0,0,0,0,0,66
2025-09-27T02:26:15.594Z,60.5,21.1,1.894,50.4,0,60,0,0,0,0,0,0,0,0,66
2025-09-27T02:26:16.604Z,60.5,21.1,1.894,49.6,0,60,0,0,0,0,0,0,0,0,66
2025-09-27T02:26:17.600Z,60.5,21.1,1.894,50.4,0,60,0,0,0,0,0,0,0,0,66
2025-09-27T02:26:18.594Z,60.5,21.1,1.894,49.6,0,60,0,0,0,0,0,0,0,0,66
2025-09-27T02:26:19.594Z,60.5,21.1,1.894,50.4,0,60,0,0,0,0,0,0,0,0,66
2025-09-27T02:26:20.601Z,60.5,21.1,1.894,49.6,0,60,0,0,0,0,0,0,0,0,66
2025-09-27T02:26:21.598Z,60.5,21.1,1.894,49.6,0,60,0,0,0,0,0,0,0,0,66
2025-09-27T02:26:22.598Z,60.5,21.1,1.894,50.4,0,60,0,0,0,0,0,0,0,0,66
2025-09-27T02:26:23.604Z,60.5,21.1,1.895,49.6,0,60,0,0,0,0,0,0,0,0,66
2025-09-27T02:26:24.599Z,60.5,21.1,1.895,50.4,0,60,0,0,0,0,0,0,0,0,66
2025-09-27T02:26:25.602Z,60.5,21.1,1.895,49.6,0,60,0,0,0,0,0,0,0,0,66
2025-09-27T02:26:26.606Z,60.5,21.1,1.895,50.4,0,60,0,0,0,0,0,0,0,0,66
2025-09-27T02:26:27.602Z,60.5,21.1,1.895,50.4,0,60,0,0,0,0,0,0,0,0,66
2025-09-27T02:26:28.605Z,60.5,21.1,1.894,49.6,0,60,0,0,0,0,0,0,0,0,66
2025-09-27T02:26:29.605Z,60.5,21.1,1.895,50.4,0,60,0,0,0,0,0,0,0,0,66
2025-09-27T02:26:30.607Z,60.4,21.1,1.895,49.6,0,60,0,0,0,0,0,0,0,0,66
2025-09-27T02:26:31.608Z,60.4,21.1,1.895,49.6,0,60,0,0,0,0,0,0,0,0,66
2025-09-27T02:26:32.611Z,60.4,21.1,1.895,49.6,0,60,0,0,0,0,0,0,0,0,66
2025-09-27T02:26:33.609Z,60.4,21.1,1.895,50.4,0,60,0,0,0,0,0,0,0,0,66
2025-09-27T02:26:34.613Z,60.4,21.1,1.895,49.6,0,60,0,0,0,0,0,0,0,0,66
2025-09-27T02:26:35.612Z,60.4,21.1,1.895,50.4,0,60,0,0,0,0,0,0,0,0,66
2025-09-27T02:26:36.613Z,60.4,21.1,1.895,49.6,0,60,0,0,0,0,0,0,0,0,66
2025-09-27T02:26:37.612Z,60.4,21.1,1.895,49.6,0,60,0,0,0,0,0,0,0,0,66
2025-09-27T02:26:38.615Z,60.4,21.1,1.895,50.4,0,60,0,0,0,0,0,0,0,0,66
2025-09-27T02:26:39.616Z,60.4,21.1,1.895,50.4,0,60,0,0,0,0,0,0,0,0,66
2025-09-27T02:26:40.622Z,60.4,21.1,1.894,49.6,0,60,0,0,0,0,0,0,0,0,66
2025-09-27T02:26:41.622Z,60.4,21.1,1.894,49.6,0,60,0,0,0,0,0,0,0,0,66
2025-09-27T02:26:42.620Z,60.4,21.1,1.895,49.6,0,60,0,0,0,0,0,0,0,0,66
2025-09-27T02:26:43.623Z,60.4,21.1,1.895,50.4,0,60,0,0,0,0,0,0,0,0,66
2025-09-27T02:26:44.622Z,60.4,21.1,1.895,50.4,0,60,0,0,0,0,0,0,0,0,66
2025-09-27T02:26:45.618Z,60.4,21.1,1.895,49.6,0,60,0,0,0,0,0,0,0,0,66
2025-09-27T02:26:46.626Z,60.4,21.1,1.894,50.4,0,60,0,0,0,0,0,0,0,0,66
2025-09-27T02:26:47.622Z,60.4,21.1,1.895,49.6,0,60,0,0,0,0,0,0,0,0,66
2025-09-27T02:26:48.622Z,60.4,21.1,1.895,50.4,0,60,0,0,0,0,0,0,0,0,66
2025-09-27T02:26:49.623Z,60.4,21.1,1.895,50.4,0,60,0,0,0,0,0,0,0,0,66
2025-09-27T02:26:50.619Z,60.3,21.1,1.895,49.6,0,60,0,0,0,0,0,0,0,0,66
2025-09-27T02:26:51.625Z,60.3,21.1,1.895,49.6,0,60,0,0,0,0,0,0,0,0,66
2025-09-27T02:26:52.626Z,60.3,21.1,1.895,49.6,0,60,0,0,0,0,0,0,0,0,66
2025-09-27T02:26:53.627Z,60.3,21.1,1.895,50.4,0,60,0,0,0,0,0,0,0,0,66
2025-09-27T02:26:54.628Z,60.3,21.1,1.895,49.6,0,60,0,0,0,0,0,0,0,0,66
2025-09-27T02:26:55.630Z,60.3,21.1,1.895,49.6,0,60,0,0,0,0,0,0,0,0,66
2025-09-27T02:26:56.635Z,60.3,21.1,1.895,50.4,0,60,0,0,0,0,0,0,0,0,66
2025-09-27T02:26:57.627Z,60.3,21.1,1.895,49.6,0,60,0,0,0,0,0,0,0,0,66
2025-09-27T02:26:58.629Z,60.3,21.1,1.895,49.6,0,60,0,0,0,0,0,0,0,0,66
2025-09-27T02:26:59.635Z,60.3,21.1,1.895,50.4,0,60,0,0,0,0,0,0,0,0,66
2025-09-27T02:27:00.632Z,60.3,21.1,1.895,49.6,0,60,0,0,0,0,0,0,0,0,66
2025-09-27T02:27:01.633Z,60.3,21.1,1.895,49.6,0,60,0,0,0,0,0,0,0,0,66
2025-09-27T02:27:02.637Z,60.3,21.1,1.895,50.4,0,60,0,0,0,0,0,0,0,0,66
2025-09-27T02:27:03.639Z,60.3,21.1,1.895,49.6,0,60,0,0,0,0,0,0,0,0,66
2025-09-27T02:27:04.638Z,60.3,21.1,1.895,49.6,0,60,0,0,0,0,0,0,0,0,66
2025-09-27T02:27:05.639Z,60.3,21.1,1.895,50.4,0,60,0,0,0,0,0,0,0,0,66
2025-09-27T02:27:06.640Z,60.3,21.1,1.895,50.4,0,60,0,0,0,0,0,0,0,0,66
2025-09-27T02:27:07.639Z,60.3,21.1,1.895,49.6,0,60,0,0,0,0,0,0,0,0,66
2025-09-27T02:27:08.641Z,60.3,21.1,1.895,50.4,0,60,0,0,0,0,0,0,0,0,66
2025-09-27T02:27:09.645Z,60.3,21.1,1.895,49.6,0,60,0,0,0,0,0,0,0,0,66
2025-09-27T02:27:10.643Z,60.2,21.1,1.895,49.6,0,60,0,0,0,0,0,0,0,0,66
2025-09-27T02:27:11.645Z,60.3,21.1,1.895,50.4,0,60,0,0,0,0,0,0,0,0,66
2025-09-27T02:27:12.645Z,60.3,21.1,1.895,50.4,0,60,0,0,0,0,0,0,0,0,66
2025-09-27T02:27:13.646Z,60.2,21.1,1.895,49.6,0,60,0,0,0,0,0,0,0,0,66
2025-09-27T02:27:14.649Z,60.2,21.1,1.895,50.4,0,60,0,0,0,0,0,0,0,0,66
2025-09-27T02:27:15.650Z,60.2,21.1,1.895,49.6,0,60,0,0,0,0,0,0,0,0,66
2025-09-27T02:27:16.650Z,60.2,21.1,1.895,49.6,0,60,0,0,0,0,0,0,0,0,66
2025-09-27T02:27:17.647Z,60.2,21.1,1.895,50.4,0,60,0,0,0,0,0,0,0,0,66
2025-09-27T02:27:18.651Z,60.2,21.1,1.895,49.6,0,60,0,0,0,0,0,0,0,0,66
2025-09-27T02:27:19.649Z,60.2,21.1,1.895,49.6,0,60,0,0,0,0,0,0,0,0,66
2025-09-27T02:27:20.653Z,60.2,21.1,1.895,50.4,0,60,0,0,0,0,0,0,0,0,66
2025-09-27T02:27:21.651Z,60.2,21.1,1.895,50.4,0,60,0,0,0,0,0,0,0,0,66
2025-09-27T02:27:22.653Z,60.2,21.1,1.895,49.6,0,60,0,0,0,0,0,0,0,0,66
2025-09-27T02:27:23.652Z,60.2,21.1,1.895,50.4,0,60,0,0,0,0,0,0,0,0,66
2025-09-27T02:27:24.656Z,60.2,21.1,1.895,49.6,0,60,0,0,0,0,0,0,0,0,66
2025-09-27T02:27:25.655Z,60.2,21.1,1.895,49.6,0,60,0,0,0,0,0,0,0,0,66
2025-09-27T02:27:26.656Z,60.2,21.1,1.895,50.4,0,60,0,0,0,0,0,0,0,0,66
2025-09-27T02:27:27.656Z,60.2,21.1,1.895,50.4,0,60,0,0,0,0,0,0,0,0,66
2025-09-27T02:27:28.659Z,60.2,21.1,1.895,49.6,0,60,0,0,0,0,0,0,0,0,66
2025-09-27T02:27:29.661Z,60.2,21.1,1.895,50.4,0,60,0,0,0,0,0,0,0,0,66
2025-09-27T02:27:30.665Z,60.2,21.1,1.895,49.6,0,60,0,0,0,0,0,0,0,0,66
2025-09-27T02:27:31.664Z,60.2,21.1,1.895,49.6,0,60,0,0,0,0,0,0,0,0,66
2025-09-27T02:27:32.661Z,60.2,21.1,1.895,50.4,0,60,0,0,0,0,0,0,0,0,66
2025-09-27T02:27:33.662Z,60.2,21.1,1.895,50.4,0,60,0,0,0,0,0,0,0,0,66
2025-09-27T02:27:34.666Z,60.2,21.1,1.895,49.6,0,60,0,0,0,0,0,0,0,0,66
2025-09-27T02:27:35.668Z,60.1,21.1,1.896,50.4,0,60,0,0,0,0,0,0,0,0,66
2025-09-27T02:27:36.669Z,60.1,21.1,1.896,49.6,0,60,0,0,0,0,0,0,0,0,66
2025-09-27T02:27:37.666Z,60.1,21.1,1.895,50.4,0,60,0,0,0,0,0,0,0,0,66
2025-09-27T02:27:38.667Z,60.1,21.1,1.895,49.6,0,60,0,0,0,0,0,0,0,0,66
2025-09-27T02:27:39.671Z,60.1,21.1,1.896,49.6,0,60,0,0,0,0,0,0,0,0,66
2025-09-27T02:27:40.674Z,60.1,21.1,1.895,50.4,0,60,0,0,0,0,0,0,0,0,66
2025-09-27T02:27:41.672Z,60.1,21.1,1.895,50.4,0,60,0,0,0,0,0,0,0,0,66
2025-09-27T02:27:42.668Z,60.1,21.1,1.895,49.6,0,60,0,0,0,0,0,0,0,0,66
2025-09-27T02:27:43.677Z,60.1,21.1,1.896,50.4,0,60,0,0,0,0,0,0,0,0,66
2025-09-27T02:27:44.679Z,60.1,21.1,1.896,49.6,0,60,0,0,0,0,0,0,0,0,66
2025-09-27T02:27:45.674Z,60.1,21.1,1.895,50.4,0,60,0,0,0,0,0,0,0,0,66
2025-09-27T02:27:46.678Z,60.1,21.1,1.896,49.6,0,60,0,0,0,0,0,0,0,0,66
2025-09-27T02:27:47.679Z,60.1,21.1,1.896,50.4,0,60,0,0,0,0,0,0,0,0,66
2025-09-27T02:27:48.678Z,60.1,21.1,1.896,49.6,0,60,0,0,0,0,0,0,0,0,66
2025-09-27T02:27:49.679Z,60.1,21.1,1.896,49.6,0,60,0,0,0,0,0,0,0,0,66
2025-09-27T02:27:50.678Z,60.1,21.1,1.896,50.4,0,60,0,0,0,0,0,0,0,0,66
2025-09-27T02:27:51.679Z,60.1,21.1,1.896,50.4,0,60,0,0,0,0,0,0,0,0,66
2025-09-27T02:27:52.684Z,60.1,21.1,1.896,49.6,0,60,0,0,0,0,0,0,0,0,66
2025-09-27T02:27:53.680Z,60.1,21.1,1.896,50.4,0,60,0,0,0,0,0,0,0,0,66
2025-09-27T02:27:54.686Z,60.1,21.1,1.896,49.6,0,60,0,0,0,0,0,0,0,0,66
2025-09-27T02:27:55.685Z,60.1,21.1,1.896,50.4,0,60,0,0,0,0,0,0,0,0,66
2025-09-27T02:27:56.683Z,60.1,21.1,1.896,49.6,0,60,0,0,0,0,0,0,0,0,66
2025-09-27T02:27:57.684Z,60.1,21.1,1.896,50.4,0,60,0,0,0,0,0,0,0,0,66
2025-09-27T02:27:58.685Z,60,21.1,1.896,49.6,0,60,0,0,0,0,0,0,0,0,66
2025-09-27T02:27:59.692Z,60.1,21.1,1.897,50.4,0,60,0,0,0,0,0,0,0,0,66
2025-09-27T02:28:00.693Z,60,21.1,1.896,49.6,0,60,0,0,0,0,0,0,0,0,66
2025-09-27T02:28:01.689Z,60,21.1,1.896,49.6,0,60,0,0,0,0,0,0,0,0,66
2025-09-27T02:28:02.688Z,60,21.1,1.897,50.4,0,60,0,0,0,0,0,0,0,0,66
2025-09-27T02:28:03.695Z,60,21.1,1.896,49.6,0,60,0,0,0,0,0,0,0,0,66
2025-09-27T02:28:04.692Z,60,21.1,1.896,50.4,0,60,0,0,0,0,0,0,0,0,66
2025-09-27T02:28:05.694Z,60,21.1,1.897,49.6,0,60,0,0,0,0,0,0,0,0,66
2025-09-27T02:28:06.691Z,60,21.1,1.896,49.6,0,60,0,0,0,0,0,0,0,0,66
2025-09-27T02:28:07.699Z,60,21.1,1.896,50.4,0,60,0,0,0,0,0,0,0,0,66
2025-09-27T02:28:08.698Z,60,21.1,1.897,49.6,0,60,0,0,0,0,0,0,0,0,66
2025-09-27T02:28:09.700Z,60,21.1,1.897,49.6,0,60.1,0,0,0,0,0,0,0,0,66
2025-09-27T02:28:10.700Z,60,21.1,1.896,50.4,0,60,0,0,0,0,0,0,0,0,66
2025-09-27T02:28:11.707Z,60,21.1,1.895,49.6,0,60,0,0,0,0,0,0,0,0,66
2025-09-27T02:28:12.702Z,60,21.1,1.896,49.6,0,60,0,0,0,0,0,0,0,0,66
2025-09-27T02:28:13.704Z,60,21.1,1.897,50.4,0,60.1,0,0,0,0,0,0,0,0,66
2025-09-27T02:28:14.704Z,60,21.1,1.896,50.4,0,60,0,0,0,0,0,0,0,0,66
2025-09-27T02:28:15.707Z,60,21.1,1.896,49.6,0,60,0,0,0,0,0,0,0,0,66
2025-09-27T02:28:16.708Z,60,21.1,1.896,50.4,0,60,0,0,0,0,0,0,0,0,66
2025-09-27T02:28:17.707Z,59.9,21.1,1.896,49.6,0,60,0,0,0,0,0,0,0,0,66
2025-09-27T02:28:18.705Z,60,21.1,1.896,50.4,0,60,0,0,0,0,0,0,0,0,66
2025-09-27T02:28:19.710Z,59.9,21.1,1.896,49.6,0,60,0,0,0,0,0,0,0,0,66
2025-09-27T02:28:20.706Z,59.9,21.1,1.896,50.4,0,60.1,0,0,0,0,0,0,0,0,66
2025-09-27T02:28:21.713Z,59.9,21.1,1.896,50.4,0,60.1,0,0,0,0,0,0,0,0,66
2025-09-27T02:28:22.706Z,59.9,21.1,1.896,49.6,0,60.1,0,0,0,0,0,0,0,0,66
2025-09-27T02:28:23.709Z,59.9,21.1,1.896,50.4,0,60.1,0,0,0,0,0,0,0,0,66
2025-09-27T02:28:24.711Z,59.9,21.1,1.896,49.6,0,60.1,0,0,0,0,0,0,0,0,66
2025-09-27T02:28:25.713Z,59.9,21.1,1.896,50.4,0,60.1,0,0,0,0,0,0,0,0,66
2025-09-27T02:28:26.712Z,59.9,21.1,1.896,49.6,0,60.1,0,0,0,0,0,0,0,0,66
2025-09-27T02:28:27.715Z,59.9,21.1,1.896,50.4,0,60.1,0,0,0,0,0,0,0,0,66
2025-09-27T02:28:28.716Z,59.9,21.1,1.896,49.6,0,60.1,0,0,0,0,0,0,0,0,66
2025-09-27T02:28:29.718Z,59.9,21.1,1.896,49.6,0,60.1,0,0,0,0,0,0,0,0,66
2025-09-27T02:28:30.719Z,59.9,21.1,1.896,50.4,0,60.1,0,0,0,0,0,0,0,0,66
2025-09-27T02:28:31.726Z,59.9,21.1,1.896,49.6,0,60.1,0,0,0,0,0,0,0,0,66
2025-09-27T02:28:32.720Z,59.9,21.1,1.896,50.4,0,60.1,0,0,0,0,0,0,0,0,66
2025-09-27T02:28:33.719Z,59.9,21.1,1.896,49.6,0,60.1,0,0,0,0,0,0,0,0,66
2025-09-27T02:28:34.719Z,59.9,21.1,1.896,49.6,0,60.1,0,0,0,0,0,0,0,0,66
2025-09-27T02:28:35.721Z,59.9,21.1,1.896,50.4,0,60.1,0,0,0,0,0,0,0,0,66
2025-09-27T02:28:36.725Z,59.9,21.1,1.896,49.6,0,60.1,0,0,0,0,0,0,0,0,66
2025-09-27T02:28:37.725Z,59.9,21.1,1.896,49.6,0,60.1,0,0,0,0,0,0,0,0,66
2025-09-27T02:28:38.727Z,59.9,21.1,1.896,50.4,0,60.1,0,0,0,0,0,0,0,0,66
2025-09-27T02:28:39.726Z,59.9,21.1,1.896,49.6,0,60.1,0,0,0,0,0,0,0,0,66
2025-09-27T02:28:40.729Z,59.9,21.1,1.896,50.4,0,60.1,0,0,0,0,0,0,0,0,66
2025-09-27T02:28:41.730Z,59.9,21.1,1.896,49.6,0,60.1,0,0,0,0,0,0,0,0,66
2025-09-27T02:28:42.730Z,59.9,21.1,1.896,49.6,0,60.1,0,0,0,0,0,0,0,0,66
2025-09-27T02:28:43.729Z,59.9,21.1,1.896,50.4,0,60.1,0,0,0,0,0,0,0,0,66
2025-09-27T02:28:44.731Z,59.9,21.1,1.896,49.6,0,60.1,0,0,0,0,0,0,0,0,66
2025-09-27T02:28:45.737Z,59.8,21.1,1.897,49.6,0,60.1,0,0,0,0,0,0,0,0,66
2025-09-27T02:28:46.733Z,59.9,21.1,1.896,50.4,0,60.1,0,0,0,0,0,0,0,0,66
2025-09-27T02:28:47.735Z,59.8,21.1,1.896,49.6,0,60.1,0,0,0,0,0,0,0,0,66
2025-09-27T02:28:48.733Z,59.8,21.1,1.896,49.6,0,60.1,0,0,0,0,0,0,0,0,66
2025-09-27T02:28:49.734Z,59.8,21.1,1.896,50.4,0,60.1,0,0,0,0,0,0,0,0,66
2025-09-27T02:28:50.738Z,59.8,21.1,1.897,49.6,0,60.1,0,0,0,0,0,0,0,0,66
2025-09-27T02:28:51.739Z,59.8,21.1,1.898,49.6,0,60.1,0,0,0,0,0,0,0,0,66
2025-09-27T02:28:52.744Z,59.8,21.1,1.897,50.4,0,60.1,0,0,0,0,0,0,0,0,66
2025-09-27T02:28:53.736Z,59.8,21.1,1.896,50.4,0,60.1,0,0,0,0,0,0,0,0,66
2025-09-27T02:28:54.740Z,59.8,21.1,1.898,49.6,0,60.1,0,0,0,0,0,0,0,0,66
2025-09-27T02:28:55.753Z,59.8,21.1,1.897,49.6,0,60.1,0,0,0,0,0,0,0,0,66
2025-09-27T02:28:56.745Z,59.8,21.1,1.898,50.4,0,60.1,0,0,0,0,0,0,0,0,66
2025-09-27T02:28:57.743Z,59.8,21.1,1.897,50.4,0,60.1,0,0,0,0,0,0,0,0,66
2025-09-27T02:28:58.746Z,59.8,21.1,1.898,49.6,0,60.1,0,0,0,0,0,0,0,0,66
2025-09-27T02:28:59.745Z,59.8,21.1,1.898,50.4,0,60.1,0,0,0,0,0,0,0,0,66
2025-09-27T02:29:00.751Z,59.8,21.1,1.898,50.4,0,60.1,0,0,0,0,0,0,0,0,66
2025-09-27T02:29:01.745Z,59.8,21.1,1.898,49.6,0,60.1,0,0,0,0,0,0,0,0,66
2025-09-27T02:29:02.750Z,59.8,21.1,1.898,50.4,0,60.1,0,0,0,0,0,0,0,0,66
2025-09-27T02:29:03.752Z,59.8,21.1,1.898,49.6,0,60.1,0,0,0,0,0,0,0,0,66
2025-09-27T02:29:04.754Z,59.8,21.1,1.898,49.6,0,60.1,0,0,0,0,0,0,0,0,66
2025-09-27T02:29:05.756Z,59.8,21.1,1.898,50.4,0,60.1,0,0,0,0,0,0,0,0,66
2025-09-27T02:29:06.750Z,59.8,21.1,1.898,49.6,0,60.1,0,0,0,0,0,0,0,0,66
2025-09-27T02:29:07.753Z,59.8,21.1,1.898,49.6,0,60.1,0,0,0,0,0,0,0,0,66
2025-09-27T02:29:08.757Z,59.8,21.1,1.898,50.4,0,60.1,0,0,0,0,0,0,0,0,66
2025-09-27T02:29:09.756Z,59.7,21.1,1.898,50.4,0,60.1,0,0,0,0,0,0,0,0,66
2025-09-27T02:29:10.757Z,59.8,21.1,1.898,49.6,0,60.1,0,0,0,0,0,0,0,0,66
2025-09-27T02:29:11.760Z,59.7,21.1,1.898,50.4,0,60.1,0,0,0,0,0,0,0,0,66
2025-09-27T02:29:12.762Z,59.7,21.1,1.898,50.4,0,60.1,0,0,0,0,0,0,0,0,66
2025-09-27T02:29:13.760Z,59.7,21.1,1.898,49.6,0,60.1,0,0,0,0,0,0,0,0,66
2025-09-27T02:29:14.759Z,59.7,21.1,1.899,49.6,0,60.1,0,0,0,0,0,0,0,0,66
2025-09-27T02:29:15.763Z,59.7,21.1,1.898,49.6,0,60.1,0,0,0,0,0,0,0,0,66
2025-09-27T02:29:16.760Z,59.7,21.1,1.898,49.6,0,60.1,0,0,0,0,0,0,0,0,66
2025-09-27T02:29:17.765Z,59.7,21.1,1.898,50.4,0,60.1,0,0,0,0,0,0,0,0,66
2025-09-27T02:29:18.759Z,59.7,21.1,1.898,49.6,0,60.1,0,0,0,0,0,0,0,0,66
2025-09-27T02:29:19.761Z,59.7,21.1,1.898,49.6,0,60.1,0,0,0,0,0,0,0,0,66
2025-09-27T02:29:20.762Z,59.7,21.1,1.898,50.4,0,60.1,0,0,0,0,0,0,0,0,66
2025-09-27T02:29:21.763Z,59.7,21.1,1.898,50.4,0,60.1,0,0,0,0,0,0,0,0,66
2025-09-27T02:29:22.767Z,59.7,21.1,1.898,49.6,0,60.1,0,0,0,0,0,0,0,0,66
2025-09-27T02:29:23.767Z,59.7,21.1,1.898,50.4,0,60.1,0,0,0,0,0,0,0,0,66
2025-09-27T02:29:24.767Z,59.7,21.1,1.898,50.4,0,60.1,0,0,0,0,0,0,0,0,66
2025-09-27T02:29:25.765Z,59.7,21.1,1.898,49.6,0,60.1,0,0,0,0,0,0,0,0,66
2025-09-27T02:29:26.773Z,59.7,21.1,1.898,50.4,0,60.1,0,0,0,0,0,0,0,0,66
2025-09-27T02:29:27.771Z,59.7,21.1,1.898,50.4,0,60.1,0,0,0,0,0,0,0,0,66
2025-09-27T02:29:28.771Z,59.7,21.1,1.898,49.6,0,60.1,0,0,0,0,0,0,0,0,66
2025-09-27T02:29:29.774Z,59.7,21.1,1.898,50.4,0,60.1,0,0,0,0,0,0,0,0,66
2025-09-27T02:29:30.770Z,59.7,21.1,1.898,49.6,0,60.1,0,0,0,0,0,0,0,0,66
2025-09-27T02:29:31.775Z,59.7,21.1,1.898,50.4,0,60.1,0,0,0,0,0,0,0,0,66
2025-09-27T02:29:32.776Z,59.7,21.1,1.898,49.6,0,60.1,0,0,0,0,0,0,0,0,66
2025-09-27T02:29:33.775Z,59.7,21.1,1.898,49.6,0,60.1,0,0,0,0,0,0,0,0,66
2025-09-27T02:29:34.775Z,59.7,21.1,1.898,50.4,0,60.1,0,0,0,0,0,0,0,0,66
2025-09-27T02:29:35.779Z,59.7,21.1,1.898,49.6,0,60.1,0,0,0,0,0,0,0,0,66
2025-09-27T02:29:36.778Z,59.7,21.1,1.899,50.4,0,60.1,0,0,0,0,0,0,0,0,66
2025-09-27T02:29:37.779Z,59.6,21.1,1.898,50.4,0,60.1,0,0,0,0,0,0,0,0,66
2025-09-27T02:29:38.776Z,59.6,21.1,1.899,49.6,0,60.1,0,0,0,0,0,0,0,0,66
2025-09-27T02:29:39.784Z,59.6,21.1,1.898,50.4,0,60.1,0,0,0,0,0,0,0,0,66
2025-09-27T02:29:40.787Z,59.6,21.1,1.898,49.6,0,60.1,0,0,0,0,0,0,0,0,66
2025-09-27T02:29:41.780Z,59.6,21.1,1.899,49.6,0,60.1,0,0,0,0,0,0,0,0,66
2025-09-27T02:29:42.788Z,59.6,21.1,1.898,50.4,0,60.1,0,0,0,0,0,0,0,0,66
2025-09-27T02:29:43.786Z,59.6,21.1,1.898,49.6,0,60.1,0,0,0,0,0,0,0,0,66
2025-09-27T02:29:44.784Z,59.6,21.1,1.898,49.6,0,60.1,0,0,0,0,0,0,0,0,66
2025-09-27T02:29:45.788Z,59.6,21.1,1.898,50.4,0,60.1,0,0,0,0,0,0,0,0,66
2025-09-27T02:29:46.791Z,59.6,21.1,1.898,49.6,0,60.1,0,0,0,0,0,0,0,0,66
2025-09-27T02:29:47.790Z,59.6,21.1,1.898,50.4,0,60.1,0,0,0,0,0,0,0,0,66
2025-09-27T02:29:48.787Z,59.6,21.1,1.898,49.6,0,60.1,0,0,0,0,0,0,0,0,66
2025-09-27T02:29:49.789Z,59.6,21.1,1.898,49.6,0,60.1,0,0,0,0,0,0,0,0,66
2025-09-27T02:29:50.791Z,59.6,21.1,1.898,50.4,0,60.1,0,0,0,0,0,0,0,0,66
2025-09-27T02:29:51.795Z,59.6,21.1,1.898,50.4,0,60.1,0,0,0,0,0,0,0,0,66
2025-09-27T02:29:52.796Z,59.6,21.1,1.898,49.6,0,60.1,0,0,0,0,0,0,0,0,66
2025-09-27T02:29:53.793Z,59.6,21.1,1.898,50.4,0,60.1,0,0,0,0,0,0,0,0,66
2025-09-27T02:29:54.793Z,59.6,21.1,1.898,49.6,0,60,0,0,0,0,0,0,0,0,66
2025-09-27T02:29:55.795Z,59.6,21.1,1.898,50.4,0,60.1,0,0,0,0,0,0,0,0,66
2025-09-27T02:29:56.797Z,59.6,21.1,1.898,49.6,0,60.1,0,0,0,0,0,0,0,0,66
2025-09-27T02:29:57.803Z,59.6,21.1,1.899,50.4,0,60.1,0,0,0,0,0,0,0,0,66
2025-09-27T02:29:58.801Z,59.6,21.1,1.898,49.6,0,60.1,0,0,0,0,0,0,0,0,66
2025-09-27T02:29:59.801Z,59.6,21.1,1.898,49.6,0,60,0,0,0,0,0,0,0,0,66
2025-09-27T02:30:00.800Z,59.6,21.1,1.898,50.4,0,60.1,0,0,0,0,0,0,0,0,66
2025-09-27T02:30:01.797Z,59.6,21.1,1.898,50.4,0,60,0,0,0,0,0,0,0,0,66
2025-09-27T02:30:02.800Z,59.6,21.1,1.898,49.6,0,60,0,0,0,0,0,0,0,0,66
2025-09-27T02:30:03.805Z,59.6,21.1,1.899,50.4,0,60,0,0,0,0,0,0,0,0,66
2025-09-27T02:30:04.801Z,59.6,21.1,1.898,49.6,0,60.1,0,0,0,0,0,0,0,0,66
2025-09-27T02:30:05.807Z,59.6,21.1,1.899,50.4,0,60,0,0,0,0,0,0,0,0,66
2025-09-27T02:30:06.804Z,59.6,21.1,1.898,49.6,0,60,0,0,0,0,0,0,0,0,66
2025-09-27T02:30:07.811Z,59.6,21.1,1.899,50.4,0,60,0,0,0,0,0,0,0,0,66
2025-09-27T02:30:08.810Z,59.6,21.1,1.899,49.6,0,60,0,0,0,0,0,0,0,0,66
2025-09-27T02:30:09.810Z,59.6,21.1,1.899,49.6,0,60,0,0,0,0,0,0,0,0,66
2025-09-27T02:30:10.809Z,59.6,21.1,1.899,50.4,0,60.1,0,0,0,0,0,0,0,0,66
2025-09-27T02:30:11.808Z,59.6,21.1,1.898,49.6,0,60,0,0,0,0,0,0,0,0,66
2025-09-27T02:30:12.815Z,59.5,21.1,1.899,50.4,0,60.1,0,0,0,0,0,0,0,0,66
2025-09-27T02:30:13.813Z,59.5,21.1,1.899,50.4,0,60.1,0,0,0,0,0,0,0,0,66
2025-09-27T02:30:14.811Z,59.5,21.1,1.898,49.6,0,60,0,0,0,0,0,0,0,0,66
2025-09-27T02:30:15.820Z,59.5,21.1,1.899,50.4,0,60,0,0,0,0,0,0,0,0,66
2025-09-27T02:30:16.812Z,59.5,21.1,1.898,49.6,0,60,0,0,0,0,0,0,0,0,66
2025-09-27T02:30:17.817Z,59.5,21.1,1.899,50.4,0,60,0,0,0,0,0,0,0,0,66
2025-09-27T02:30:18.815Z,59.5,21.1,1.899,49.6,0,60,0,0,0,0,0,0,0,0,66
2025-09-27T02:30:19.818Z,59.5,21.1,1.899,50.4,0,60,0,0,0,0,0,0,0,0,66
2025-09-27T02:30:20.820Z,59.5,21.1,1.899,49.6,0,60,0,0,0,0,0,0,0,0,66
2025-09-27T02:30:21.818Z,59.5,21.1,1.899,49.6,0,60,0,0,0,0,0,0,0,0,66
2025-09-27T02:30:22.823Z,59.5,21.1,1.899,49.6,0,60,0,0,0,0,0,0,0,0,66
2025-09-27T02:30:23.823Z,59.5,21.1,1.899,50.4,0,60.1,0,0,0,0,0,0,0,0,66
2025-09-27T02:30:24.822Z,59.5,21.1,1.899,50.4,0,60,0,0,0,0,0,0,0,0,66
2025-09-27T02:30:25.824Z,59.5,21.1,1.899,49.6,0,60,0,0,0,0,0,0,0,0,66
2025-09-27T02:30:26.824Z,59.5,21.1,1.899,49.6,0,60.1,0,0,0,0,0,0,0,0,66
2025-09-27T02:30:27.824Z,59.5,21.1,1.9,49.6,0,60,0,0,0,0,0,0,0,0,66
2025-09-27T02:30:28.826Z,59.5,21.1,1.9,50.4,0,60,0,0,0,0,0,0,0,0,66
2025-09-27T02:30:29.826Z,59.5,21.1,1.9,50.4,0,60,0,0,0,0,0,0,0,0,66
2025-09-27T02:30:30.831Z,59.5,21.1,1.9,49.6,0,60,0,0,0,0,0,0,0,0,66
2025-09-27T02:30:31.834Z,59.5,21.1,1.9,50.4,0,60,0,0,0,0,0,0,0,0,66
2025-09-27T02:30:32.831Z,59.5,21.1,1.9,49.6,0,60,0,0,0,0,0,0,0,0,66
2025-09-27T02:30:33.837Z,59.5,21.1,1.899,49.6,0,60,0,0,0,0,0,0,0,0,66
2025-09-27T02:30:34.833Z,59.5,21.1,1.9,50.4,0,60,0,0,0,0,0,0,0,0,66
2025-09-27T02:30:35.833Z,59.5,21.1,1.9,49.6,0,60,0,0,0,0,0,0,0,0,66
2025-09-27T02:30:36.834Z,59.5,21.1,1.9,49.6,0,60,0,0,0,0,0,0,0,0,66
2025-09-27T02:30:37.832Z,59.5,21.1,1.9,50.4,0,60,0,0,0,0,0,0,0,0,66
2025-09-27T02:30:38.834Z,59.5,21.1,1.9,49.6,0,60,0,0,0,0,0,0,0,0,66
2025-09-27T02:30:39.838Z,59.5,21.1,1.9,49.6,0,60,0,0,0,0,0,0,0,0,66
2025-09-27T02:30:40.841Z,59.5,21.1,1.899,50.4,0,60,0,0,0,0,0,0,0,0,66
2025-09-27T02:30:41.836Z,59.5,21.1,1.901,49.6,0,60,0,0,0,0,0,0,0,0,66
2025-09-27T02:30:42.842Z,59.5,21.1,1.9,49.6,0,60,0,0,0,0,0,0,0,0,66
2025-09-27T02:30:43.841Z,59.5,21.1,1.901,50.4,0,60,0,0,0,0,0,0,0,0,66
2025-09-27T02:30:44.844Z,59.5,21.1,1.899,50.4,0,59.9,0,0,0,0,0,0,0,0,66
2025-09-27T02:30:45.843Z,59.5,21.1,1.9,49.6,0,59.9,0,0,0,0,0,0,0,0,66
2025-09-27T02:30:46.848Z,59.5,21.1,1.9,50.4,0,59.9,0,0,0,0,0,0,0,0,66
2025-09-27T02:30:47.845Z,59.5,21.1,1.9,49.6,0,59.9,0,0,0,0,0,0,0,0,66
2025-09-27T02:30:48.850Z,59.5,21.1,1.9,50.4,0,59.9,0,0,0,0,0,0,0,0,66
2025-09-27T02:30:49.847Z,59.5,21.1,1.9,49.6,0,59.9,0,0,0,0,0,0,0,0,66
2025-09-27T02:30:50.847Z,59.5,21.1,1.9,49.6,0,59.9,0,0,0,0,0,0,0,0,66
2025-09-27T02:30:51.854Z,59.5,21.1,1.9,50.4,0,59.9,0,0,0,0,0,0,0,0,66
2025-09-27T02:30:52.852Z,59.5,21.1,1.9,49.6,0,59.9,0,0,0,0,0,0,0,0,66
2025-09-27T02:30:53.848Z,59.5,21.1,1.901,49.6,0,59.9,0,0,0,0,0,0,0,0,66
2025-09-27T02:30:54.852Z,59.5,21.1,1.9,50.4,0,59.9,0,0,0,0,0,0,0,0,66
2025-09-27T02:30:55.856Z,59.5,21.1,1.9,50.4,0,59.9,0,0,0,0,0,0,0,0,66
2025-09-27T02:30:56.857Z,59.5,21.1,1.901,49.6,0,59.9,0,0,0,0,0,0,0,0,66
2025-09-27T02:30:57.852Z,59.5,21.1,1.901,50.4,0,59.9,0,0,0,0,0,0,0,0,66
2025-09-27T02:30:58.862Z,59.5,21.1,1.901,50.4,0,59.8,0,0,0,0,0,0,0,0,66
2025-09-27T02:30:59.854Z,59.5,21.1,1.901,49.6,0,59.8,0,0,0,0,0,0,0,0,66
2025-09-27T02:31:00.861Z,59.4,21.1,1.901,50.4,0,59.8,0,0,0,0,0,0,0,0,66
2025-09-27T02:31:01.857Z,59.5,21.1,1.901,49.6,0,59.8,0,0,0,0,0,0,0,0,66
2025-09-27T02:31:02.864Z,59.4,21.1,1.901,50.4,0,59.8,0,0,0,0,0,0,0,0,66
2025-09-27T02:31:03.864Z,59.4,21.1,1.901,49.6,0,59.8,0,0,0,0,0,0,0,0,66
2025-09-27T02:31:04.864Z,59.4,21.1,1.901,50.4,0,59.8,0,0,0,0,0,0,0,0,66
2025-09-27T02:31:05.864Z,59.4,21.1,1.901,49.6,0,59.8,0,0,0,0,0,0,0,0,66
2025-09-27T02:31:06.865Z,59.4,21.1,1.901,49.6,0,59.8,0,0,0,0,0,0,0,0,66
2025-09-27T02:31:07.863Z,59.4,21.1,1.901,50.4,0,59.8,0,0,0,0,0,0,0,0,66
2025-09-27T02:31:08.871Z,59.4,21.1,1.901,49.6,0,59.8,0,0,0,0,0,0,0,0,66
2025-09-27T02:31:09.868Z,59.4,21.1,1.901,49.6,0,59.8,0,0,0,0,0,0,0,0,66
2025-09-27T02:31:10.873Z,59.4,21.1,1.901,50.4,0,59.8,0,0,0,0,0,0,0,0,66
2025-09-27T02:31:11.869Z,59.4,21.1,1.901,49.6,0,59.8,0,0,0,0,0,0,0,0,66
2025-09-27T02:31:12.870Z,59.4,21.1,1.901,50.4,0,59.8,0,0,0,0,0,0,0,0,66
2025-09-27T02:31:13.869Z,59.4,21.1,1.901,49.6,0,59.7,0,0,0,0,0,0,0,0,66
2025-09-27T02:31:14.874Z,59.4,21.1,1.901,49.6,0,59.7,0,0,0,0,0,0,0,0,66
2025-09-27T02:31:15.875Z,59.4,21.1,1.901,50.4,0,59.7,0,0,0,0,0,0,0,0,66
2025-09-27T02:31:16.875Z,59.4,21.1,1.901,49.6,0,59.7,0,0,0,0,0,0,0,0,66
2025-09-27T02:31:17.873Z,59.4,21.1,1.901,50.4,0,59.7,0,0,0,0,0,0,0,0,66
2025-09-27T02:31:18.874Z,59.4,21.1,1.901,49.6,0,59.7,0,0,0,0,0,0,0,0,66
2025-09-27T02:31:19.872Z,59.4,21.1,1.901,50.4,0,59.7,0,0,0,0,0,0,0,0,66
2025-09-27T02:31:20.877Z,59.4,21.1,1.901,49.6,0,59.7,0,0,0,0,0,0,0,0,66
2025-09-27T02:31:21.877Z,59.4,21.1,1.901,49.6,0,59.7,0,0,0,0,0,0,0,0,66
2025-09-27T02:31:22.877Z,59.4,21.1,1.901,50.4,0,59.7,0,0,0,0,0,0,0,0,66
2025-09-27T02:31:23.879Z,59.4,21.1,1.901,50.4,0,59.7,0,0,0,0,0,0,0,0,66
2025-09-27T02:31:24.875Z,59.4,21.1,1.901,49.6,0,59.7,0,0,0,0,0,0,0,0,66
2025-09-27T02:31:25.879Z,59.4,21.1,1.901,50.4,0,59.7,0,0,0,0,0,0,0,0,66
2025-09-27T02:31:26.881Z,59.4,21.1,1.901,49.6,0,59.7,0,0,0,0,0,0,0,0,66
2025-09-27T02:31:27.885Z,59.4,21.1,1.901,50.4,0,59.7,0,0,0,0,0,0,0,0,66
2025-09-27T02:31:28.883Z,59.4,21.1,1.901,49.6,0,59.7,0,0,0,0,0,0,0,0,66
2025-09-27T02:31:29.881Z,59.4,21.1,1.902,49.6,0,59.7,0,0,0,0,0,0,0,0,66
2025-09-27T02:31:30.883Z,59.4,21.1,1.901,50.4,0,59.7,0,0,0,0,0,0,0,0,66
2025-09-27T02:31:31.885Z,59.4,21.1,1.901,49.6,0,59.7,0,0,0,0,0,0,0,0,66
2025-09-27T02:31:32.891Z,59.4,21.1,1.901,49.6,0,59.7,0,0,0,0,0,0,0,0,66
2025-09-27T02:31:33.888Z,59.4,21.1,1.901,50.4,0,59.7,0,0,0,0,0,0,0,0,66
2025-09-27T02:31:34.888Z,59.4,21.1,1.901,49.6,0,59.7,0,0,0,0,0,0,0,0,66
2025-09-27T02:31:35.892Z,59.4,21.1,1.901,50.4,0,59.7,0,0,0,0,0,0,0,0,66
2025-09-27T02:31:36.890Z,59.4,21.1,1.902,50.4,0,59.7,0,0,0,0,0,0,0,0,66
2025-09-27T02:31:37.890Z,59.4,21.1,1.902,49.6,0,59.6,0,0,0,0,0,0,0,0,66
2025-09-27T02:31:38.894Z,59.4,21.1,1.901,50.4,0,59.6,0,0,0,0,0,0,0,0,66
2025-09-27T02:31:39.899Z,59.4,21.1,1.901,49.6,0,59.6,0,0,0,0,0,0,0,0,66
2025-09-27T02:31:40.896Z,59.4,21.1,1.901,50.4,0,59.6,0,0,0,0,0,0,0,0,66
2025-09-27T02:31:41.896Z,59.4,21.1,1.901,49.6,0,59.6,0,0,0,0,0,0,0,0,66
2025-09-27T02:31:42.896Z,59.4,21.1,1.901,49.6,0,59.6,0,0,0,0,0,0,0,0,66
2025-09-27T02:31:43.896Z,59.4,21.1,1.901,50.4,0,59.6,0,0,0,0,0,0,0,0,66
2025-09-27T02:31:44.899Z,59.4,21.1,1.901,49.6,0,59.6,0,0,0,0,0,0,0,0,66
2025-09-27T02:31:45.900Z,59.4,21.1,1.901,50.4,0,59.6,0,0,0,0,0,0,0,0,66
2025-09-27T02:31:46.900Z,59.4,21.1,1.901,49.6,0,59.6,0,0,0,0,0,0,0,0,66
2025-09-27T02:31:47.903Z,59.4,21.1,1.901,49.6,0,59.6,0,0,0,0,0,0,0,0,66
