timestamp,TECell_PV,PSCurrent_PV,PSVoltage_PV,FT201_PV,HTR201_PV,TE201_PV,CT201_PV,CT210_PV,Cell1_Voltage,Cell2_Voltage,Cell3_Voltage,PT201_PV,PT302_PV,HCD220_PV,step
2025-09-27T23:32:04.518Z,60.9,21.1,1.909,49.6,0,60,0,0,0,0,0,0,0,0,66
2025-09-27T23:32:05.518Z,60.9,21.1,1.909,49.6,0,60,0,0,0,0,0,0,0,0,66
2025-09-27T23:32:06.521Z,60.9,21.1,1.909,50.4,0,60,0,0,0,0,0,0,0,0,66
2025-09-27T23:32:07.518Z,60.9,21.1,1.909,49.6,0,60,0,0,0,0,0,0,0,0,66
2025-09-27T23:32:08.519Z,60.9,21.1,1.91,50.4,0,60,0,0,0,0,0,0,0,0,66
2025-09-27T23:32:09.525Z,60.9,21.1,1.909,50.4,0,60,0,0,0,0,0,0,0,0,66
2025-09-27T23:32:10.530Z,60.9,21.1,1.909,49.6,0,60,0,0,0,0,0,0,0,0,66
2025-09-27T23:32:11.522Z,60.9,21.1,1.91,49.6,0,60,0,0,0,0,0,0,0,0,66
2025-09-27T23:32:12.520Z,60.9,21.1,1.909,49.6,0,60,0,0,0,0,0,0,0,0,66
2025-09-27T23:32:13.529Z,60.9,21.1,1.909,50.4,0,60,0,0,0,0,0,0,0,0,66
2025-09-27T23:32:14.527Z,60.9,21.1,1.909,49.6,0,60,0,0,0,0,0,0,0,0,66
2025-09-27T23:32:15.527Z,60.9,21.1,1.909,49.6,0,60,0,0,0,0,0,0,0,0,66
2025-09-27T23:32:16.531Z,60.9,21.1,1.909,50.4,0,60,0,0,0,0,0,0,0,0,66
2025-09-27T23:32:17.530Z,60.9,21.1,1.909,49.6,0,60,0,0,0,0,0,0,0,0,66
2025-09-27T23:32:18.530Z,60.9,21.1,1.909,50.4,0,60,0,0,0,0,0,0,0,0,66
2025-09-27T23:32:19.533Z,60.9,21.1,1.909,50.4,0,60,0,0,0,0,0,0,0,0,66
2025-09-27T23:32:20.531Z,60.9,21.1,1.909,49.6,0,60,0,0,0,0,0,0,0,0,66
2025-09-27T23:32:21.538Z,60.9,21.1,1.909,50.4,0,60,0,0,0,0,0,0,0,0,66
2025-09-27T23:32:22.532Z,60.9,21.1,1.909,49.6,0,60,0,0,0,0,0,0,0,0,66
2025-09-27T23:32:23.533Z,60.8,21.1,1.909,50.4,0,60,0,0,0,0,0,0,0,0,66
2025-09-27T23:32:24.532Z,60.8,21.1,1.909,49.6,0,60,0,0,0,0,0,0,0,0,66
2025-09-27T23:32:25.537Z,60.8,21.1,1.909,50.4,0,60,0,0,0,0,0,0,0,0,66
2025-09-27T23:32:26.538Z,60.8,21.1,1.909,49.6,0,60,0,0,0,0,0,0,0,0,66
2025-09-27T23:32:27.537Z,60.8,21.1,1.91,50.4,0,60,0,0,0,0,0,0,0,0,66
2025-09-27T23:32:28.537Z,60.8,21.1,1.91,50.4,0,60,0,0,0,0,0,0,0,0,66
2025-09-27T23:32:29.543Z,60.8,21.1,1.91,49.6,0,60,0,0,0,0,0,0,0,0,66
2025-09-27T23:32:30.538Z,60.8,21.1,1.91,50.4,0,60,0,0,0,0,0,0,0,0,66
2025-09-27T23:32:31.540Z,60.8,21.1,1.91,49.6,0,60,0,0,0,0,0,0,0,0,66
2025-09-27T23:32:32.547Z,60.8,21.1,1.91,50.4,0,60,0,0,0,0,0,0,0,0,66
2025-09-27T23:32:33.542Z,60.8,21.1,1.91,49.6,0,60,0,0,0,0,0,0,0,0,66
2025-09-27T23:32:34.546Z,60.8,21.1,1.91,49.6,0,60,0,0,0,0,0,0,0,0,66
2025-09-27T23:32:35.545Z,60.8,21.1,1.91,50.4,0,60,0,0,0,0,0,0,0,0,66
2025-09-27T23:32:36.542Z,60.8,21.1,1.91,49.6,0,60,0,0,0,0,0,0,0,0,66
2025-09-27T23:32:37.544Z,60.8,21.1,1.91,50.4,0,60,0,0,0,0,0,0,0,0,66
2025-09-27T23:32:38.552Z,60.8,21.1,1.91,49.6,0,60,0,0,0,0,0,0,0,0,66
2025-09-27T23:32:39.550Z,60.8,21.1,1.91,50.4,0,60,0,0,0,0,0,0,0,0,66
2025-09-27T23:32:40.550Z,60.8,21.1,1.91,49.6,0,60,0,0,0,0,0,0,0,0,66
2025-09-27T23:32:41.551Z,60.8,21.1,1.91,50.4,0,60,0,0,0,0,0,0,0,0,66
2025-09-27T23:32:42.551Z,60.8,21.1,1.91,49.6,0,60,0,0,0,0,0,0,0,0,66
2025-09-27T23:32:43.551Z,60.8,21.1,1.91,50.4,0,60,0,0,0,0,0,0,0,0,66
2025-09-27T23:32:44.554Z,60.8,21.1,1.91,49.6,0,60,0,0,0,0,0,0,0,0,66
2025-09-27T23:32:45.560Z,60.8,21.1,1.91,50.4,0,60,0,0,0,0,0,0,0,0,66
2025-09-27T23:32:46.557Z,60.8,21.1,1.91,49.6,0,60,0,0,0,0,0,0,0,0,66
2025-09-27T23:32:47.554Z,60.8,21.1,1.91,49.6,0,60,0,0,0,0,0,0,0,0,66
2025-09-27T23:32:48.557Z,60.8,21.1,1.91,49.6,0,60,0,0,0,0,0,0,0,0,66
2025-09-27T23:32:49.559Z,60.7,21.1,1.91,50.4,0,60,0,0,0,0,0,0,0,0,66
2025-09-27T23:32:50.564Z,60.7,21.1,1.91,49.6,0,60,0,0,0,0,0,0,0,0,66
2025-09-27T23:32:51.558Z,60.7,21.1,1.91,50.4,0,60,0,0,0,0,0,0,0,0,66
2025-09-27T23:32:52.557Z,60.7,21.1,1.91,49.6,0,60,0,0,0,0,0,0,0,0,66
2025-09-27T23:32:53.562Z,60.7,21.1,1.91,49.6,0,60,0,0,0,0,0,0,0,0,66
2025-09-27T23:32:54.561Z,60.7,21.1,1.91,50.4,0,60,0,0,0,0,0,0,0,0,66
2025-09-27T23:32:55.563Z,60.7,21.1,1.91,49.6,0,60,0,0,0,0,0,0,0,0,66
2025-09-27T23:32:56.562Z,60.7,21.1,1.91,50.4,0,60,0,0,0,0,0,0,0,0,66
2025-09-27T23:32:57.569Z,60.7,21.1,1.911,49.6,0,60,0,0,0,0,0,0,0,0,66
2025-09-27T23:32:58.562Z,60.7,21.1,1.91,49.6,0,60,0,0,0,0,0,0,0,0,66
2025-09-27T23:32:59.567Z,60.7,21.1,1.91,50.4,0,60,0,0,0,0,0,0,0,0,66
2025-09-27T23:33:00.567Z,60.7,21.1,1.91,49.6,0,60,0,0,0,0,0,0,0,0,66
2025-09-27T23:33:01.566Z,60.7,21.1,1.91,50.4,0,60,0,0,0,0,0,0,0,0,66
2025-09-27T23:33:02.572Z,60.7,21.1,1.911,49.6,0,60,0,0,0,0,0,0,0,0,66
2025-09-27T23:33:03.573Z,60.7,21.1,1.91,49.6,0,60,0,0,0,0,0,0,0,0,66
2025-09-27T23:33:04.575Z,60.7,21.1,1.911,50.4,0,60,0,0,0,0,0,0,0,0,66
2025-09-27T23:33:05.574Z,60.7,21.1,1.91,49.6,0,60,0,0,0,0,0,0,0,0,66
2025-09-27T23:33:06.574Z,60.7,21.1,1.91,50.4,0,60,0,0,0,0,0,0,0,0,66
2025-09-27T23:33:07.574Z,60.7,21.1,1.91,49.6,0,60,0,0,0,0,0,0,0,0,66
2025-09-27T23:33:08.573Z,60.7,21.1,1.91,49.6,0,60,0,0,0,0,0,0,0,0,66
2025-09-27T23:33:09.576Z,60.6,21.1,1.91,50.4,0,60,0,0,0,0,0,0,0,0,66
2025-09-27T23:33:10.580Z,60.6,21.1,1.911,49.6,0,60,0,0,0,0,0,0,0,0,66
2025-09-27T23:33:11.574Z,60.6,21.1,1.91,50.4,0,60,0,0,0,0,0,0,0,0,66
2025-09-27T23:33:12.574Z,60.6,21.1,1.91,50.4,0,60,0,0,0,0,0,0,0,0,66
2025-09-27T23:33:13.579Z,60.6,21.1,1.91,49.6,0,60,0,0,0,0,0,0,0,0,66
2025-09-27T23:33:14.579Z,60.6,21.1,1.91,50.4,0,60,0,0,0,0,0,0,0,0,66
2025-09-27T23:33:15.578Z,60.6,21.1,1.91,49.6,0,60,0,0,0,0,0,0,0,0,66
2025-09-27T23:33:16.579Z,60.6,21.1,1.91,50.4,0,60,0,0,0,0,0,0,0,0,66
2025-09-27T23:33:17.585Z,60.6,21.1,1.911,49.6,0,60,0,0,0,0,0,0,0,0,66
2025-09-27T23:33:18.588Z,60.6,21.1,1.911,50.4,0,60,0,0,0,0,0,0,0,0,66
2025-09-27T23:33:19.587Z,60.6,21.1,1.912,49.6,0,60,0,0,0,0,0,0,0,0,66
2025-09-27T23:33:20.585Z,60.6,21.1,1.91,49.6,0,60,0,0,0,0,0,0,0,0,66
2025-09-27T23:33:21.585Z,60.6,21.1,1.91,50.4,0,60,0,0,0,0,0,0,0,0,66
2025-09-27T23:33:22.592Z,60.6,21.1,1.911,49.6,0,60,0,0,0,0,0,0,0,0,66
2025-09-27T23:33:23.587Z,60.6,21.1,1.911,50.4,0,60,0,0,0,0,0,0,0,0,66
2025-09-27T23:33:24.593Z,60.6,21.1,1.912,49.6,0,60,0,0,0,0,0,0,0,0,66
2025-09-27T23:33:25.591Z,60.6,21.1,1.912,50.4,0,60,0,0,0,0,0,0,0,0,66
2025-09-27T23:33:26.593Z,60.5,21.1,1.912,50.4,0,60,0,0,0,0,0,0,0,0,66
2025-09-27T23:33:27.590Z,60.5,21.1,1.912,49.6,0,60,0,0,0,0,0,0,0,0,66
2025-09-27T23:33:28.593Z,60.5,21.1,1.912,50.4,0,60,0,0,0,0,0,0,0,0,66
2025-09-27T23:33:29.594Z,60.5,21.1,1.912,49.6,0,60,0,0,0,0,0,0,0,0,66
2025-09-27T23:33:30.601Z,60.5,21.1,1.912,50.4,0,60,0,0,0,0,0,0,0,0,66
2025-09-27T23:33:31.595Z,60.5,21.1,1.912,49.6,0,60,0,0,0,0,0,0,0,0,66
2025-09-27T23:33:32.597Z,60.5,21.1,1.912,50.4,0,60,0,0,0,0,0,0,0,0,66
2025-09-27T23:33:33.596Z,60.5,21.1,1.912,49.6,0,60,0,0,0,0,0,0,0,0,66
2025-09-27T23:33:34.605Z,60.5,21.1,1.912,50.4,0,60,0,0,0,0,0,0,0,0,66
2025-09-27T23:33:35.602Z,60.5,21.1,1.912,49.6,0,60,0,0,0,0,0,0,0,0,66
2025-09-27T23:33:36.598Z,60.5,21.1,1.912,50.4,0,60,0,0,0,0,0,0,0,0,66
2025-09-27T23:33:37.603Z,60.5,21.1,1.912,49.6,0,60,0,0,0,0,0,0,0,0,66
2025-09-27T23:33:38.604Z,60.5,21.1,1.912,50.4,0,60,0,0,0,0,0,0,0,0,66
2025-09-27T23:33:39.605Z,60.5,21.1,1.912,49.6,0,60,0,0,0,0,0,0,0,0,66
2025-09-27T23:33:40.602Z,60.5,21.1,1.912,50.4,0,60,0,0,0,0,0,0,0,0,66
2025-09-27T23:33:41.606Z,60.5,21.1,1.912,49.6,0,60,0,0,0,0,0,0,0,0,66
2025-09-27T23:33:42.608Z,60.5,21.1,1.912,50.4,0,60,0,0,0,0,0,0,0,0,66
2025-09-27T23:33:43.608Z,60.5,21.1,1.912,49.6,0,60,0,0,0,0,0,0,0,0,66
2025-09-27T23:33:44.607Z,60.5,21.1,1.912,50.4,0,60,0,0,0,0,0,0,0,0,66
2025-09-27T23:33:45.607Z,60.4,21.1,1.912,49.6,0,60,0,0,0,0,0,0,0,0,66
2025-09-27T23:33:46.610Z,60.5,21.1,1.912,50.4,0,60,0,0,0,0,0,0,0,0,66
2025-09-27T23:33:47.611Z,60.4,21.1,1.912,49.6,0,60,0,0,0,0,0,0,0,0,66
2025-09-27T23:33:48.613Z,60.4,21.1,1.912,50.4,0,60,0,0,0,0,0,0,0,0,66
2025-09-27T23:33:49.615Z,60.4,21.1,1.912,49.6,0,60,0,0,0,0,0,0,0,0,66
2025-09-27T23:33:50.611Z,60.4,21.1,1.912,50.4,0,60,0,0,0,0,0,0,0,0,66
2025-09-27T23:33:51.615Z,60.4,21.1,1.912,49.6,0,60,0,0,0,0,0,0,0,0,66
2025-09-27T23:33:52.612Z,60.4,21.1,1.912,50.4,0,60,0,0,0,0,0,0,0,0,66
2025-09-27T23:33:53.614Z,60.4,21.1,1.912,49.6,0,60,0,0,0,0,0,0,0,0,66
2025-09-27T23:33:54.614Z,60.4,21.1,1.912,50.4,0,60,0,0,0,0,0,0,0,0,66
2025-09-27T23:33:55.620Z,60.4,21.1,1.912,49.6,0,60,0,0,0,0,0,0,0,0,66
2025-09-27T23:33:56.619Z,60.4,21.1,1.912,50.4,0,60,0,0,0,0,0,0,0,0,66
2025-09-27T23:33:57.619Z,60.4,21.1,1.912,49.6,0,60,0,0,0,0,0,0,0,0,66
2025-09-27T23:33:58.623Z,60.4,21.1,1.912,50.4,0,60,0,0,0,0,0,0,0,0,66
2025-09-27T23:33:59.620Z,60.4,21.1,1.912,49.6,0,60,0,0,0,0,0,0,0,0,66
2025-09-27T23:34:00.621Z,60.4,21.1,1.912,50.4,0,60,0,0,0,0,0,0,0,0,66
2025-09-27T23:34:01.620Z,60.4,21.1,1.912,49.6,0,60,0,0,0,0,0,0,0,0,66
2025-09-27T23:34:02.622Z,60.4,21.1,1.912,50.4,0,60,0,0,0,0,0,0,0,0,66
2025-09-27T23:34:03.627Z,60.4,21.1,1.912,49.6,0,60,0,0,0,0,0,0,0,0,66
2025-09-27T23:34:04.631Z,60.4,21.1,1.912,50.4,0,60,0,0,0,0,0,0,0,0,66
2025-09-27T23:34:05.629Z,60.4,21.1,1.912,49.6,0,60,0,0,0,0,0,0,0,0,66
2025-09-27T23:34:06.631Z,60.4,21.1,1.912,50.4,0,60,0,0,0,0,0,0,0,0,66
2025-09-27T23:34:07.627Z,60.3,21.1,1.912,49.6,0,60,0,0,0,0,0,0,0,0,66
2025-09-27T23:34:08.632Z,60.3,21.1,1.912,49.6,0,60,0,0,0,0,0,0,0,0,66
2025-09-27T23:34:09.633Z,60.3,21.1,1.912,49.6,0,60,0,0,0,0,0,0,0,0,66
2025-09-27T23:34:10.632Z,60.3,21.1,1.912,50.4,0,60,0,0,0,0,0,0,0,0,66
2025-09-27T23:34:11.634Z,60.3,21.1,1.912,49.6,0,60,0,0,0,0,0,0,0,0,66
2025-09-27T23:34:12.636Z,60.3,21.1,1.912,50.4,0,60,0,0,0,0,0,0,0,0,66
2025-09-27T23:34:13.634Z,60.3,21.1,1.912,49.6,0,60,0,0,0,0,0,0,0,0,66
2025-09-27T23:34:14.638Z,60.3,21.1,1.912,50.4,0,60,0,0,0,0,0,0,0,0,66
2025-09-27T23:34:15.639Z,60.3,21.1,1.912,49.6,0,60,0,0,0,0,0,0,0,0,66
2025-09-27T23:34:16.640Z,60.3,21.1,1.912,50.4,0,60,0,0,0,0,0,0,0,0,66
2025-09-27T23:34:17.641Z,60.3,21.1,1.912,49.6,0,60,0,0,0,0,0,0,0,0,66
2025-09-27T23:34:18.640Z,60.3,21.1,1.912,50.4,0,60,0,0,0,0,0,0,0,0,66
2025-09-27T23:34:19.646Z,60.3,21.1,1.912,49.6,0,60,0,0,0,0,0,0,0,0,66
2025-09-27T23:34:20.643Z,60.3,21.1,1.912,49.6,0,60,0,0,0,0,0,0,0,0,66
2025-09-27T23:34:21.647Z,60.3,21.1,1.912,49.6,0,60,0,0,0,0,0,0,0,0,66
2025-09-27T23:34:22.644Z,60.3,21.1,1.912,50.4,0,60,0,0,0,0,0,0,0,0,66
2025-09-27T23:34:23.650Z,60.3,21.1,1.912,49.6,0,60,0,0,0,0,0,0,0,0,66
2025-09-27T23:34:24.645Z,60.3,21.1,1.912,50.4,0,60,0,0,0,0,0,0,0,0,66
2025-09-27T23:34:25.647Z,60.3,21.1,1.912,49.6,0,60,0,0,0,0,0,0,0,0,66
2025-09-27T23:34:26.651Z,60.3,21.1,1.912,50.4,0,60,0,0,0,0,0,0,0,0,66
2025-09-27T23:34:27.649Z,60.3,21.1,1.912,49.6,0,60,0,0,0,0,0,0,0,0,66
2025-09-27T23:34:28.648Z,60.3,21.1,1.912,49.6,0,60,0,0,0,0,0,0,0,0,66
2025-09-27T23:34:29.652Z,60.3,21.1,1.912,50.4,0,60,0,0,0,0,0,0,0,0,66
2025-09-27T23:34:30.651Z,60.3,21.1,1.912,49.6,0,60,0,0,0,0,0,0,0,0,66
2025-09-27T23:34:31.649Z,60.2,21.1,1.912,50.4,0,60,0,0,0,0,0,0,0,0,66
2025-09-27T23:34:32.651Z,60.2,21.1,1.912,49.6,0,60,0,0,0,0,0,0,0,0,66
2025-09-27T23:34:33.655Z,60.2,21.1,1.912,49.6,0,60,0,0,0,0,0,0,0,0,66
2025-09-27T23:34:34.654Z,60.2,21.1,1.912,50.4,0,60,0,0,0,0,0,0,0,0,66
2025-09-27T23:34:35.653Z,60.2,21.1,1.912,49.6,0,60,0,0,0,0,0,0,0,0,66
2025-09-27T23:34:36.655Z,60.2,21.1,1.912,50.4,0,60,0,0,0,0,0,0,0,0,66
2025-09-27T23:34:37.660Z,60.2,21.1,1.912,49.6,0,60,0,0,0,0,0,0,0,0,66
2025-09-27T23:34:38.660Z,60.2,21.1,1.912,50.4,0,60,0,0,0,0,0,0,0,0,66
2025-09-27T23:34:39.658Z,60.2,21.1,1.912,49.6,0,60,0,0,0,0,0,0,0,0,66
2025-09-27T23:34:40.659Z,60.2,21.1,1.912,49.6,0,60,0,0,0,0,0,0,0,0,66
2025-09-27T23:34:41.661Z,60.2,21.1,1.912,50.4,0,60,0,0,0,0,0,0,0,0,66
2025-09-27T23:34:42.666Z,60.2,21.1,1.913,49.6,0,60,0,0,0,0,0,0,0,0,66
2025-09-27T23:34:43.662Z,60.2,21.1,1.912,50.4,0,60,0,0,0,0,0,0,0,0,66
2025-09-27T23:34:44.663Z,60.2,21.1,1.913,49.6,0,60,0,0,0,0,0,0,0,0,66
2025-09-27T23:34:45.665Z,60.2,21.1,1.912,50.4,0,60,0,0,0,0,0,0,0,0,66
2025-09-27T23:34:46.672Z,60.2,21.1,1.914,50.4,0,60,0,0,0,0,0,0,0,0,66
2025-09-27T23:34:47.669Z,60.2,21.1,1.913,49.6,0,60,0,0,0,0,0,0,0,0,66
2025-09-27T23:34:48.665Z,60.2,21.1,1.913,50.4,0,60,0,0,0,0,0,0,0,0,66
2025-09-27T23:34:49.669Z,60.2,21.1,1.913,49.6,0,60,0,0,0,0,0,0,0,0,66
2025-09-27T23:34:50.675Z,60.2,21.1,1.914,50.4,0,60,0,0,0,0,0,0,0,0,66
2025-09-27T23:34:51.668Z,60.2,21.1,1.913,49.6,0,60,0,0,0,0,0,0,0,0,66
2025-09-27T23:34:52.672Z,60.1,21.1,1.913,50.4,0,60,0,0,0,0,0,0,0,0,66
2025-09-27T23:34:53.669Z,60.1,21.1,1.913,49.6,0,60,0,0,0,0,0,0,0,0,66
2025-09-27T23:34:54.672Z,60.1,21.1,1.913,50.4,0,60,0,0,0,0,0,0,0,0,66
2025-09-27T23:34:55.675Z,60.1,21.1,1.914,49.6,0,60,0,0,0,0,0,0,0,0,66
2025-09-27T23:34:56.669Z,60.1,21.1,1.913,50.4,0,60,0,0,0,0,0,0,0,0,66
2025-09-27T23:34:57.677Z,60.1,21.1,1.914,49.6,0,60,0,0,0,0,0,0,0,0,66
2025-09-27T23:34:58.676Z,60.1,21.1,1.914,50.4,0,60,0,0,0,0,0,0,0,0,66
2025-09-27T23:34:59.678Z,60.1,21.1,1.914,49.6,0,60,0,0,0,0,0,0,0,0,66
2025-09-27T23:35:00.679Z,60.1,21.1,1.914,50.4,0,60,0,0,0,0,0,0,0,0,66
2025-09-27T23:35:01.679Z,60.1,21.1,1.914,49.6,0,60,0,0,0,0,0,0,0,0,66
2025-09-27T23:35:02.682Z,60.1,21.1,1.914,50.4,0,60,0,0,0,0,0,0,0,0,66
2025-09-27T23:35:03.682Z,60.1,21.1,1.914,49.6,0,60,0,0,0,0,0,0,0,0,66
2025-09-27T23:35:04.687Z,60.1,21.1,1.914,50.4,0,60,0,0,0,0,0,0,0,0,66
2025-09-27T23:35:05.695Z,60.1,21.1,1.913,49.6,0,60,0,0,0,0,0,0,0,0,66
2025-09-27T23:35:06.685Z,60.1,21.1,1.914,50.4,0,60,0,0,0,0,0,0,0,0,66
2025-09-27T23:35:07.685Z,60.1,21.1,1.914,49.6,0,60,0,0,0,0,0,0,0,0,66
2025-09-27T23:35:08.685Z,60.1,21.1,1.914,50.4,0,60,0,0,0,0,0,0,0,0,66
2025-09-27T23:35:09.688Z,60.1,21.1,1.914,49.6,0,60,0,0,0,0,0,0,0,0,66
2025-09-27T23:35:10.689Z,60.1,21.1,1.914,50.4,0,60,0,0,0,0,0,0,0,0,66
2025-09-27T23:35:11.683Z,60.1,21.1,1.913,49.6,0,60,0,0,0,0,0,0,0,0,66
2025-09-27T23:35:12.688Z,60,21.1,1.914,49.6,0,60,0,0,0,0,0,0,0,0,66
2025-09-27T23:35:13.691Z,60.1,21.1,1.914,49.6,0,60,0,0,0,0,0,0,0,0,66
2025-09-27T23:35:14.691Z,60,21.1,1.914,50.4,0,60,0,0,0,0,0,0,0,0,66
2025-09-27T23:35:15.695Z,60,21.1,1.914,49.6,0,60,0,0,0,0,0,0,0,0,66
2025-09-27T23:35:16.696Z,60,21.1,1.914,50.4,0,60,0,0,0,0,0,0,0,0,66
2025-09-27T23:35:17.703Z,60,21.1,1.914,49.6,0,60.1,0,0,0,0,0,0,0,0,66
2025-09-27T23:35:18.698Z,60,21.1,1.914,50.4,0,60.1,0,0,0,0,0,0,0,0,66
2025-09-27T23:35:19.702Z,60,21.1,1.914,49.6,0,60,0,0,0,0,0,0,0,0,66
2025-09-27T23:35:20.697Z,60,21.1,1.914,50.4,0,60,0,0,0,0,0,0,0,0,66
2025-09-27T23:35:21.698Z,60,21.1,1.914,49.6,0,60,0,0,0,0,0,0,0,0,66
2025-09-27T23:35:22.695Z,60,21.1,1.914,50.4,0,60,0,0,0,0,0,0,0,0,66
2025-09-27T23:35:23.694Z,60,21.1,1.914,49.6,0,60,0,0,0,0,0,0,0,0,66
2025-09-27T23:35:24.701Z,60,21.1,1.914,50.4,0,60.1,0,0,0,0,0,0,0,0,66
2025-09-27T23:35:25.701Z,60,21.1,1.914,49.6,0,60.1,0,0,0,0,0,0,0,0,66
2025-09-27T23:35:26.700Z,60,21.1,1.914,50.4,0,60.1,0,0,0,0,0,0,0,0,66
2025-09-27T23:35:27.700Z,60,21.1,1.914,49.6,0,60,0,0,0,0,0,0,0,0,66
2025-09-27T23:35:28.704Z,60,21.1,1.914,50.4,0,60,0,0,0,0,0,0,0,0,66
2025-09-27T23:35:29.706Z,60,21.1,1.914,49.6,0,60,0,0,0,0,0,0,0,0,66
2025-09-27T23:35:30.707Z,60,21.1,1.914,50.4,0,60.1,0,0,0,0,0,0,0,0,66
2025-09-27T23:35:31.710Z,60,21.1,1.913,49.6,0,60.1,0,0,0,0,0,0,0,0,66
2025-09-27T23:35:32.708Z,60,21.1,1.914,50.4,0,60.1,0,0,0,0,0,0,0,0,66
2025-09-27T23:35:33.716Z,60,21.1,1.913,49.6,0,60.1,0,0,0,0,0,0,0,0,66
2025-09-27T23:35:34.714Z,60,21.1,1.913,50.4,0,60.1,0,0,0,0,0,0,0,0,66
2025-09-27T23:35:35.710Z,60,21.1,1.915,49.6,0,60.1,0,0,0,0,0,0,0,0,66
2025-09-27T23:35:36.709Z,60,21.1,1.914,50.4,0,60.1,0,0,0,0,0,0,0,0,66
2025-09-27T23:35:37.714Z,60,21.1,1.914,49.6,0,60.1,0,0,0,0,0,0,0,0,66
2025-09-27T23:35:38.714Z,59.9,21.1,1.913,50.4,0,60.1,0,0,0,0,0,0,0,0,66
2025-09-27T23:35:39.712Z,59.9,21.1,1.914,49.6,0,60.1,0,0,0,0,0,0,0,0,66
2025-09-27T23:35:40.716Z,59.9,21.1,1.913,50.4,0,60.1,0,0,0,0,0,0,0,0,66
2025-09-27T23:35:41.715Z,59.9,21.1,1.915,49.6,0,60.1,0,0,0,0,0,0,0,0,66
2025-09-27T23:35:42.717Z,59.9,21.1,1.915,50.4,0,60.1,0,0,0,0,0,0,0,0,66
2025-09-27T23:35:43.716Z,59.9,21.1,1.915,49.6,0,60.1,0,0,0,0,0,0,0,0,66
2025-09-27T23:35:44.716Z,59.9,21.1,1.915,50.4,0,60.1,0,0,0,0,0,0,0,0,66
2025-09-27T23:35:45.717Z,59.9,21.1,1.915,49.6,0,60.1,0,0,0,0,0,0,0,0,66
2025-09-27T23:35:46.738Z,59.9,21.1,1.915,50.4,0,60.1,0,0,0,0,0,0,0,0,66
2025-09-27T23:35:47.722Z,59.9,21.1,1.914,49.6,0,60.1,0,0,0,0,0,0,0,0,66
2025-09-27T23:35:48.722Z,59.9,21.1,1.914,50.4,0,60.1,0,0,0,0,0,0,0,0,66
2025-09-27T23:35:49.727Z,59.9,21.1,1.914,49.6,0,60.1,0,0,0,0,0,0,0,0,66
2025-09-27T23:35:50.726Z,59.9,21.1,1.914,50.4,0,60.1,0,0,0,0,0,0,0,0,66
2025-09-27T23:35:51.721Z,59.9,21.1,1.915,49.6,0,60.1,0,0,0,0,0,0,0,0,66
2025-09-27T23:35:52.726Z,59.9,21.1,1.914,50.4,0,60.1,0,0,0,0,0,0,0,0,66
2025-09-27T23:35:53.727Z,59.9,21.1,1.914,49.6,0,60.1,0,0,0,0,0,0,0,0,66
2025-09-27T23:35:54.728Z,59.9,21.1,1.914,50.4,0,60.1,0,0,0,0,0,0,0,0,66
2025-09-27T23:35:55.729Z,59.9,21.1,1.914,49.6,0,60.1,0,0,0,0,0,0,0,0,66
2025-09-27T23:35:56.726Z,59.9,21.1,1.915,50.4,0,60.1,0,0,0,0,0,0,0,0,66
2025-09-27T23:35:57.730Z,59.9,21.1,1.914,49.6,0,60.1,0,0,0,0,0,0,0,0,66
2025-09-27T23:35:58.736Z,59.9,21.1,1.915,50.4,0,60.1,0,0,0,0,0,0,0,0,66
2025-09-27T23:35:59.733Z,59.9,21.1,1.915,49.6,0,60.1,0,0,0,0,0,0,0,0,66
2025-09-27T23:36:00.740Z,59.9,21.1,1.915,50.4,0,60.1,0,0,0,0,0,0,0,0,66
2025-09-27T23:36:01.735Z,59.8,21.1,1.915,49.6,0,60.1,0,0,0,0,0,0,0,0,66
2025-09-27T23:36:02.739Z,59.8,21.1,1.915,50.4,0,60.1,0,0,0,0,0,0,0,0,66
2025-09-27T23:36:03.735Z,59.8,21.1,1.915,49.6,0,60.1,0,0,0,0,0,0,0,0,66
2025-09-27T23:36:04.735Z,59.8,21.1,1.915,49.6,0,60.1,0,0,0,0,0,0,0,0,66
2025-09-27T23:36:05.739Z,59.8,21.1,1.915,49.6,0,60.1,0,0,0,0,0,0,0,0,66
2025-09-27T23:36:06.740Z,59.8,21.1,1.915,50.4,0,60.1,0,0,0,0,0,0,0,0,66
2025-09-27T23:36:07.740Z,59.8,21.1,1.915,49.6,0,60.1,0,0,0,0,0,0,0,0,66
2025-09-27T23:36:08.743Z,59.8,21.1,1.915,50.4,0,60.1,0,0,0,0,0,0,0,0,66
2025-09-27T23:36:09.750Z,59.8,21.1,1.915,49.6,0,60.1,0,0,0,0,0,0,0,0,66
2025-09-27T23:36:10.744Z,59.8,21.1,1.915,50.4,0,60.1,0,0,0,0,0,0,0,0,66
2025-09-27T23:36:11.746Z,59.8,21.1,1.915,49.6,0,60.1,0,0,0,0,0,0,0,0,66
2025-09-27T23:36:12.739Z,59.8,21.1,1.915,50.4,0,60.1,0,0,0,0,0,0,0,0,66
2025-09-27T23:36:13.749Z,59.8,21.1,1.915,49.6,0,60.1,0,0,0,0,0,0,0,0,66
2025-09-27T23:36:14.748Z,59.8,21.1,1.915,50.4,0,60.1,0,0,0,0,0,0,0,0,66
2025-09-27T23:36:15.748Z,59.8,21.1,1.915,49.6,0,60.1,0,0,0,0,0,0,0,0,66
2025-09-27T23:36:16.749Z,59.8,21.1,1.915,50.4,0,60.1,0,0,0,0,0,0,0,0,66
2025-09-27T23:36:17.751Z,59.8,21.1,1.915,49.6,0,60.1,0,0,0,0,0,0,0,0,66
2025-09-27T23:36:18.750Z,59.8,21.1,1.915,50.4,0,60.1,0,0,0,0,0,0,0,0,66
2025-09-27T23:36:19.753Z,59.8,21.1,1.915,49.6,0,60.1,0,0,0,0,0,0,0,0,66
2025-09-27T23:36:20.753Z,59.8,21.1,1.915,50.4,0,60.1,0,0,0,0,0,0,0,0,66
2025-09-27T23:36:21.754Z,59.8,21.1,1.915,49.6,0,60.1,0,0,0,0,0,0,0,0,66
2025-09-27T23:36:22.754Z,59.8,21.1,1.915,50.4,0,60.1,0,0,0,0,0,0,0,0,66
2025-09-27T23:36:23.753Z,59.8,21.1,1.915,49.6,0,60.1,0,0,0,0,0,0,0,0,66
2025-09-27T23:36:24.752Z,59.8,21.1,1.915,50.4,0,60.1,0,0,0,0,0,0,0,0,66
2025-09-27T23:36:25.759Z,59.8,21.1,1.915,49.6,0,60.1,0,0,0,0,0,0,0,0,66
2025-09-27T23:36:26.759Z,59.8,21.1,1.915,50.4,0,60.1,0,0,0,0,0,0,0,0,66
2025-09-27T23:36:27.756Z,59.7,21.1,1.915,49.6,0,60.1,0,0,0,0,0,0,0,0,66
2025-09-27T23:36:28.762Z,59.7,21.1,1.915,50.4,0,60.1,0,0,0,0,0,0,0,0,66
2025-09-27T23:36:29.763Z,59.7,21.1,1.915,49.6,0,60.1,0,0,0,0,0,0,0,0,66
2025-09-27T23:36:30.761Z,59.7,21.1,1.915,50.4,0,60.1,0,0,0,0,0,0,0,0,66
2025-09-27T23:36:31.759Z,59.7,21.1,1.915,49.6,0,60.1,0,0,0,0,0,0,0,0,66
2025-09-27T23:36:32.759Z,59.7,21.1,1.915,50.4,0,60.1,0,0,0,0,0,0,0,0,66
2025-09-27T23:36:33.762Z,59.7,21.1,1.915,49.6,0,60.1,0,0,0,0,0,0,0,0,66
2025-09-27T23:36:34.767Z,59.7,21.1,1.915,50.4,0,60.1,0,0,0,0,0,0,0,0,66
2025-09-27T23:36:35.763Z,59.7,21.1,1.915,49.6,0,60.1,0,0,0,0,0,0,0,0,66
2025-09-27T23:36:36.768Z,59.7,21.1,1.915,50.4,0,60.1,0,0,0,0,0,0,0,0,66
2025-09-27T23:36:37.766Z,59.7,21.1,1.915,49.6,0,60.1,0,0,0,0,0,0,0,0,66
2025-09-27T23:36:38.769Z,59.7,21.1,1.915,50.4,0,60.1,0,0,0,0,0,0,0,0,66
2025-09-27T23:36:39.768Z,59.7,21.1,1.915,49.6,0,60.1,0,0,0,0,0,0,0,0,66
2025-09-27T23:36:40.771Z,59.7,21.1,1.915,49.6,0,60.1,0,0,0,0,0,0,0,0,66
2025-09-27T23:36:41.774Z,59.7,21.1,1.915,49.6,0,60.1,0,0,0,0,0,0,0,0,66
2025-09-27T23:36:42.772Z,59.7,21.1,1.915,50.4,0,60.1,0,0,0,0,0,0,0,0,66
2025-09-27T23:36:43.773Z,59.7,21.1,1.915,49.6,0,60.1,0,0,0,0,0,0,0,0,66
2025-09-27T23:36:44.777Z,59.7,21.1,1.915,50.4,0,60.1,0,0,0,0,0,0,0,0,66
2025-09-27T23:36:45.778Z,59.7,21.1,1.915,49.6,0,60.1,0,0,0,0,0,0,0,0,66
2025-09-27T23:36:46.783Z,59.7,21.1,1.915,50.4,0,60.1,0,0,0,0,0,0,0,0,66
2025-09-27T23:36:47.782Z,59.7,21.1,1.915,49.6,0,60.1,0,0,0,0,0,0,0,0,66
2025-09-27T23:36:48.779Z,59.7,21.1,1.915,50.4,0,60.1,0,0,0,0,0,0,0,0,66
2025-09-27T23:36:49.779Z,59.7,21.1,1.915,49.6,0,60.1,0,0,0,0,0,0,0,0,66
2025-09-27T23:36:50.778Z,59.7,21.1,1.915,50.4,0,60.1,0,0,0,0,0,0,0,0,66
2025-09-27T23:36:51.781Z,59.7,21.1,1.915,49.6,0,60.1,0,0,0,0,0,0,0,0,66
2025-09-27T23:36:52.780Z,59.7,21.1,1.915,49.6,0,60.1,0,0,0,0,0,0,0,0,66
2025-09-27T23:36:53.782Z,59.7,21.1,1.915,49.6,0,60.1,0,0,0,0,0,0,0,0,66
2025-09-27T23:36:54.783Z,59.7,21.1,1.915,50.4,0,60.1,0,0,0,0,0,0,0,0,66
2025-09-27T23:36:55.779Z,59.7,21.1,1.915,49.6,0,60.1,0,0,0,0,0,0,0,0,66
2025-09-27T23:36:56.784Z,59.7,21.1,1.915,49.6,0,60.1,0,0,0,0,0,0,0,0,66
2025-09-27T23:36:57.785Z,59.7,21.1,1.915,49.6,0,60.1,0,0,0,0,0,0,0,0,66
2025-09-27T23:36:58.799Z,59.6,21.1,1.915,50.4,0,60.1,0,0,0,0,0,0,0,0,66
2025-09-27T23:36:59.789Z,59.6,21.1,1.915,49.6,0,60.1,0,0,0,0,0,0,0,0,66
2025-09-27T23:37:00.786Z,59.6,21.1,1.915,50.4,0,60.1,0,0,0,0,0,0,0,0,66
2025-09-27T23:37:01.783Z,59.6,21.1,1.915,49.6,0,60.1,0,0,0,0,0,0,0,0,66
2025-09-27T23:37:02.789Z,59.6,21.1,1.915,50.4,0,60.1,0,0,0,0,0,0,0,0,66
2025-09-27T23:37:03.795Z,59.6,21.1,1.915,49.6,0,60.1,0,0,0,0,0,0,0,0,66
2025-09-27T23:37:04.788Z,59.6,21.1,1.916,49.6,0,60.1,0,0,0,0,0,0,0,0,66
2025-09-27T23:37:05.793Z,59.6,21.1,1.915,50.4,0,60.1,0,0,0,0,0,0,0,0,66
2025-09-27T23:37:06.802Z,59.6,21.1,1.915,49.6,0,60.1,0,0,0,0,0,0,0,0,66
2025-09-27T23:37:07.798Z,59.6,21.1,1.915,50.4,0,60.1,0,0,0,0,0,0,0,0,66
2025-09-27T23:37:08.792Z,59.6,21.1,1.915,49.6,0,60.1,0,0,0,0,0,0,0,0,66
2025-09-27T23:37:09.805Z,59.6,21.1,1.916,50.4,0,60.1,0,0,0,0,0,0,0,0,66
2025-09-27T23:37:10.799Z,59.6,21.1,1.915,49.6,0,60.1,0,0,0,0,0,0,0,0,66
2025-09-27T23:37:11.795Z,59.6,21.1,1.915,50.4,0,60.1,0,0,0,0,0,0,0,0,66
2025-09-27T23:37:12.803Z,59.6,21.1,1.915,49.6,0,60.1,0,0,0,0,0,0,0,0,66
2025-09-27T23:37:13.802Z,59.6,21.1,1.915,49.6,0,60.1,0,0,0,0,0,0,0,0,66
2025-09-27T23:37:14.810Z,59.6,21.1,1.916,50.4,0,60.1,0,0,0,0,0,0,0,0,66
2025-09-27T23:37:15.804Z,59.6,21.1,1.915,49.6,0,60.1,0,0,0,0,0,0,0,0,66
2025-09-27T23:37:16.804Z,59.6,21.1,1.915,50.4,0,60.1,0,0,0,0,0,0,0,0,66
2025-09-27T23:37:17.805Z,59.6,21.1,1.915,49.6,0,60.1,0,0,0,0,0,0,0,0,66
2025-09-27T23:37:18.804Z,59.6,21.1,1.915,49.6,0,60.1,0,0,0,0,0,0,0,0,66
2025-09-27T23:37:19.804Z,59.6,21.1,1.915,50.4,0,60.1,0,0,0,0,0,0,0,0,66
2025-09-27T23:37:20.810Z,59.6,21.1,1.916,49.6,0,60.1,0,0,0,0,0,0,0,0,66
2025-09-27T23:37:21.811Z,59.6,21.1,1.917,50.4,0,60.1,0,0,0,0,0,0,0,0,66
2025-09-27T23:37:22.812Z,59.6,21.1,1.916,49.6,0,60.1,0,0,0,0,0,0,0,0,66
2025-09-27T23:37:23.808Z,59.6,21.1,1.917,50.4,0,60.1,0,0,0,0,0,0,0,0,66
2025-09-27T23:37:24.807Z,59.6,21.1,1.915,49.6,0,60.1,0,0,0,0,0,0,0,0,66
2025-09-27T23:37:25.810Z,59.6,21.1,1.916,49.6,0,60.1,0,0,0,0,0,0,0,0,66
2025-09-27T23:37:26.810Z,59.6,21.1,1.916,50.4,0,60.1,0,0,0,0,0,0,0,0,66
2025-09-27T23:37:27.812Z,59.6,21.1,1.916,49.6,0,60.1,0,0,0,0,0,0,0,0,66
2025-09-27T23:37:28.815Z,59.6,21.1,1.917,49.6,0,60.1,0,0,0,0,0,0,0,0,66
2025-09-27T23:37:29.817Z,59.6,21.1,1.917,50.4,0,60.1,0,0,0,0,0,0,0,0,66
2025-09-27T23:37:30.817Z,59.6,21.1,1.917,49.6,0,60.1,0,0,0,0,0,0,0,0,66
2025-09-27T23:37:31.813Z,59.6,21.1,1.917,50.4,0,60.1,0,0,0,0,0,0,0,0,66
2025-09-27T23:37:32.816Z,59.5,21.1,1.917,50.4,0,60.1,0,0,0,0,0,0,0,0,66
2025-09-27T23:37:33.826Z,59.5,21.1,1.917,49.6,0,60.1,0,0,0,0,0,0,0,0,66
2025-09-27T23:37:34.821Z,59.5,21.1,1.917,49.6,0,60.1,0,0,0,0,0,0,0,0,66
2025-09-27T23:37:35.826Z,59.5,21.1,1.916,49.6,0,60.1,0,0,0,0,0,0,0,0,66
2025-09-27T23:37:36.823Z,59.5,21.1,1.916,50.4,0,60.1,0,0,0,0,0,0,0,0,66
2025-09-27T23:37:37.824Z,59.5,21.1,1.917,50.4,0,60.1,0,0,0,0,0,0,0,0,66
2025-09-27T23:37:38.824Z,59.5,21.1,1.917,49.6,0,60.1,0,0,0,0,0,0,0,0,66
2025-09-27T23:37:39.830Z,59.5,21.1,1.917,50.4,0,60.1,0,0,0,0,0,0,0,0,66
2025-09-27T23:37:40.821Z,59.5,21.1,1.917,49.6,0,60.1,0,0,0,0,0,0,0,0,66
2025-09-27T23:37:41.829Z,59.5,21.1,1.917,50.4,0,60.1,0,0,0,0,0,0,0,0,66
2025-09-27T23:37:42.824Z,59.5,21.1,1.917,49.6,0,60.1,0,0,0,0,0,0,0,0,66
2025-09-27T23:37:43.834Z,59.5,21.1,1.916,49.6,0,60.1,0,0,0,0,0,0,0,0,66
2025-09-27T23:37:44.830Z,59.5,21.1,1.917,50.4,0,60.1,0,0,0,0,0,0,0,0,66
2025-09-27T23:37:45.830Z,59.5,21.1,1.917,49.6,0,60.1,0,0,0,0,0,0,0,0,66
2025-09-27T23:37:46.837Z,59.5,21.1,1.916,49.6,0,60.1,0,0,0,0,0,0,0,0,66
2025-09-27T23:37:47.832Z,59.5,21.1,1.917,50.4,0,60.1,0,0,0,0,0,0,0,0,66
2025-09-27T23:37:48.834Z,59.5,21.1,1.917,49.6,0,60.1,0,0,0,0,0,0,0,0,66
2025-09-27T23:37:49.836Z,59.5,21.1,1.917,50.4,0,60.1,0,0,0,0,0,0,0,0,66
2025-09-27T23:37:50.846Z,59.5,21.1,1.916,50.4,0,60.1,0,0,0,0,0,0,0,0,66
2025-09-27T23:37:51.835Z,59.5,21.1,1.917,49.6,0,60.1,0,0,0,0,0,0,0,0,66
2025-09-27T23:37:52.836Z,59.5,21.1,1.917,50.4,0,60.1,0,0,0,0,0,0,0,0,66
2025-09-27T23:37:53.837Z,59.5,21.1,1.917,49.6,0,60.1,0,0,0,0,0,0,0,0,66
2025-09-27T23:37:54.839Z,59.5,21.1,1.916,50.4,0,60.1,0,0,0,0,0,0,0,0,66
2025-09-27T23:37:55.839Z,59.5,21.1,1.917,49.6,0,60.1,0,0,0,0,0,0,0,0,66
2025-09-27T23:37:56.844Z,59.5,21.1,1.916,49.6,0,60.1,0,0,0,0,0,0,0,0,66
2025-09-27T23:37:57.842Z,59.5,21.1,1.916,50.4,0,60.1,0,0,0,0,0,0,0,0,66
2025-09-27T23:37:58.841Z,59.5,21.1,1.917,49.6,0,60.1,0,0,0,0,0,0,0,0,66
2025-09-27T23:37:59.844Z,59.5,21.1,1.916,50.4,0,60.1,0,0,0,0,0,0,0,0,66
2025-09-27T23:38:00.843Z,59.5,21.1,1.916,49.6,0,60.1,0,0,0,0,0,0,0,0,66
2025-09-27T23:38:01.845Z,59.5,21.1,1.916,49.6,0,60.1,0,0,0,0,0,0,0,0,66
2025-09-27T23:38:02.850Z,59.5,21.1,1.916,50.4,0,60.1,0,0,0,0,0,0,0,0,66
2025-09-27T23:38:03.852Z,59.5,21.1,1.916,49.6,0,60.1,0,0,0,0,0,0,0,0,66
2025-09-27T23:38:04.848Z,59.5,21.1,1.916,50.4,0,60.1,0,0,0,0,0,0,0,0,66
2025-09-27T23:38:05.850Z,59.5,21.1,1.916,50.4,0,60.1,0,0,0,0,0,0,0,0,66
2025-09-27T23:38:06.848Z,59.5,21.1,1.916,49.6,0,60.1,0,0,0,0,0,0,0,0,66
2025-09-27T23:38:07.850Z,59.5,21.1,1.916,50.4,0,60.1,0,0,0,0,0,0,0,0,66
2025-09-27T23:38:08.851Z,59.5,21.1,1.916,49.6,0,60,0,0,0,0,0,0,0,0,66
2025-09-27T23:38:09.852Z,59.5,21.1,1.916,50.4,0,60.1,0,0,0,0,0,0,0,0,66
2025-09-27T23:38:10.862Z,59.5,21.1,1.916,49.6,0,60.1,0,0,0,0,0,0,0,0,66
2025-09-27T23:38:11.863Z,59.5,21.1,1.917,50.4,0,60.1,0,0,0,0,0,0,0,0,66
2025-09-27T23:38:12.854Z,59.5,21.1,1.916,49.6,0,60.1,0,0,0,0,0,0,0,0,66
2025-09-27T23:38:13.858Z,59.5,21.1,1.916,49.6,0,60.1,0,0,0,0,0,0,0,0,66
2025-09-27T23:38:14.863Z,59.5,21.1,1.916,50.4,0,60.1,0,0,0,0,0,0,0,0,66
2025-09-27T23:38:15.858Z,59.5,21.1,1.916,49.6,0,60.1,0,0,0,0,0,0,0,0,66
2025-09-27T23:38:16.855Z,59.5,21.1,1.916,49.6,0,60.1,0,0,0,0,0,0,0,0,66
2025-09-27T23:38:17.860Z,59.5,21.1,1.916,50.4,0,60.1,0,0,0,0,0,0,0,0,66
2025-09-27T23:38:18.862Z,59.5,21.1,1.916,49.6,0,60.1,0,0,0,0,0,0,0,0,66
2025-09-27T23:38:19.864Z,59.5,21.1,1.916,50.4,0,60.1,0,0,0,0,0,0,0,0,66
2025-09-27T23:38:20.862Z,59.5,21.1,1.916,50.4,0,60.1,0,0,0,0,0,0,0,0,66
2025-09-27T23:38:21.869Z,59.5,21.1,1.917,49.6,0,60.1,0,0,0,0,0,0,0,0,66
2025-09-27T23:38:22.862Z,59.5,21.1,1.916,50.4,0,60.1,0,0,0,0,0,0,0,0,66
2025-09-27T23:38:23.869Z,59.5,21.1,1.917,49.6,0,60.1,0,0,0,0,0,0,0,0,66
2025-09-27T23:38:24.866Z,59.5,21.1,1.916,50.4,0,60.1,0,0,0,0,0,0,0,0,66
2025-09-27T23:38:25.864Z,59.5,21.1,1.916,49.6,0,60.1,0,0,0,0,0,0,0,0,66
2025-09-27T23:38:26.871Z,59.4,21.1,1.917,50.4,0,60.1,0,0,0,0,0,0,0,0,66
2025-09-27T23:38:27.868Z,59.4,21.1,1.916,49.6,0,60.1,0,0,0,0,0,0,0,0,66
2025-09-27T23:38:28.871Z,59.4,21.1,1.917,50.4,0,60.1,0,0,0,0,0,0,0,0,66
2025-09-27T23:38:29.870Z,59.5,21.1,1.916,49.6,0,60.1,0,0,0,0,0,0,0,0,66
2025-09-27T23:38:30.870Z,59.5,21.1,1.916,49.6,0,60.1,0,0,0,0,0,0,0,0,66
2025-09-27T23:38:31.882Z,59.4,21.1,1.917,50.4,0,60.1,0,0,0,0,0,0,0,0,66
2025-09-27T23:38:32.872Z,59.4,21.1,1.916,49.6,0,60.1,0,0,0,0,0,0,0,0,66
2025-09-27T23:38:33.876Z,59.4,21.1,1.917,50.4,0,60,0,0,0,0,0,0,0,0,66
2025-09-27T23:38:34.876Z,59.5,21.1,1.917,50.4,0,60.1,0,0,0,0,0,0,0,0,66
2025-09-27T23:38:35.877Z,59.5,21.1,1.917,49.6,0,60.1,0,0,0,0,0,0,0,0,66
2025-09-27T23:38:36.877Z,59.5,21.1,1.917,50.4,0,60,0,0,0,0,0,0,0,0,66
2025-09-27T23:38:37.878Z,59.4,21.1,1.917,49.6,0,60,0,0,0,0,0,0,0,0,66
2025-09-27T23:38:38.882Z,59.4,21.1,1.917,50.4,0,60,0,0,0,0,0,0,0,0,66
2025-09-27T23:38:39.879Z,59.4,21.1,1.917,49.6,0,60,0,0,0,0,0,0,0,0,66
2025-09-27T23:38:40.882Z,59.4,21.1,1.917,50.4,0,60.1,0,0,0,0,0,0,0,0,66
2025-09-27T23:38:41.885Z,59.4,21.1,1.917,49.6,0,60.1,0,0,0,0,0,0,0,0,66
2025-09-27T23:38:42.884Z,59.4,21.1,1.917,50.4,0,60.1,0,0,0,0,0,0,0,0,66
2025-09-27T23:38:43.883Z,59.4,21.1,1.917,49.6,0,60,0,0,0,0,0,0,0,0,66
2025-09-27T23:38:44.885Z,59.4,21.1,1.917,49.6,0,60,0,0,0,0,0,0,0,0,66
2025-09-27T23:38:45.886Z,59.4,21.1,1.917,50.4,0,60.1,0,0,0,0,0,0,0,0,66
2025-09-27T23:38:46.883Z,59.4,21.1,1.917,49.6,0,60,0,0,0,0,0,0,0,0,66
2025-09-27T23:38:47.886Z,59.4,21.1,1.917,50.4,0,60,0,0,0,0,0,0,0,0,66
2025-09-27T23:38:48.888Z,59.4,21.1,1.917,49.6,0,60,0,0,0,0,0,0,0,0,66
2025-09-27T23:38:49.890Z,59.4,21.1,1.917,50.4,0,60.1,0,0,0,0,0,0,0,0,66
2025-09-27T23:38:50.892Z,59.4,21.1,1.917,49.6,0,60,0,0,0,0,0,0,0,0,66
2025-09-27T23:38:51.890Z,59.4,21.1,1.917,49.6,0,60.1,0,0,0,0,0,0,0,0,66
2025-09-27T23:38:52.895Z,59.4,21.1,1.917,50.4,0,60,0,0,0,0,0,0,0,0,66
2025-09-27T23:38:53.893Z,59.4,21.1,1.917,49.6,0,60,0,0,0,0,0,0,0,0,66
2025-09-27T23:38:54.894Z,59.4,21.1,1.917,49.6,0,60,0,0,0,0,0,0,0,0,66
2025-09-27T23:38:55.896Z,59.4,21.1,1.917,50.4,0,60,0,0,0,0,0,0,0,0,66
2025-09-27T23:38:56.892Z,59.4,21.1,1.917,49.6,0,60.1,0,0,0,0,0,0,0,0,66
2025-09-27T23:38:57.899Z,59.4,21.1,1.917,50.4,0,60.1,0,0,0,0,0,0,0,0,66
2025-09-27T23:38:58.893Z,59.4,21.1,1.917,49.6,0,60,0,0,0,0,0,0,0,0,66
2025-09-27T23:38:59.898Z,59.4,21.1,1.917,49.6,0,60,0,0,0,0,0,0,0,0,66
2025-09-27T23:39:00.898Z,59.4,21.1,1.917,50.4,0,60,0,0,0,0,0,0,0,0,66
2025-09-27T23:39:01.900Z,59.4,21.1,1.917,49.6,0,60,0,0,0,0,0,0,0,0,66
2025-09-27T23:39:02.903Z,59.4,21.1,1.917,50.4,0,60,0,0,0,0,0,0,0,0,66
2025-09-27T23:39:03.903Z,59.4,21.1,1.917,50.4,0,60,0,0,0,0,0,0,0,0,66
2025-09-27T23:39:04.910Z,59.4,21.1,1.916,49.6,0,60,0,0,0,0,0,0,0,0,66
2025-09-27T23:39:05.905Z,59.4,21.1,1.916,50.4,0,60,0,0,0,0,0,0,0,0,66
2025-09-27T23:39:06.911Z,59.4,21.1,1.916,49.6,0,60,0,0,0,0,0,0,0,0,66
2025-09-27T23:39:07.906Z,59.4,21.1,1.916,50.4,0,60,0,0,0,0,0,0,0,0,66
2025-09-27T23:39:08.907Z,59.4,21.1,1.916,49.6,0,60,0,0,0,0,0,0,0,0,66
2025-09-27T23:39:09.907Z,59.4,21.1,1.916,50.4,0,60,0,0,0,0,0,0,0,0,66
2025-09-27T23:39:10.910Z,59.4,21.1,1.916,49.6,0,60,0,0,0,0,0,0,0,0,66
2025-09-27T23:39:11.908Z,59.4,21.1,1.916,49.6,0,60,0,0,0,0,0,0,0,0,66
2025-09-27T23:39:12.908Z,59.4,21.1,1.917,50.4,0,60,0,0,0,0,0,0,0,0,66
2025-09-27T23:39:13.918Z,59.4,21.1,1.916,50.4,0,60,0,0,0,0,0,0,0,0,66
2025-09-27T23:39:14.915Z,59.4,21.1,1.916,49.6,0,60,0,0,0,0,0,0,0,0,66
2025-09-27T23:39:15.912Z,59.4,21.1,1.917,50.4,0,60,0,0,0,0,0,0,0,0,66
2025-09-27T23:39:16.915Z,59.4,21.1,1.916,49.6,0,60,0,0,0,0,0,0,0,0,66
2025-09-27T23:39:17.915Z,59.4,21.1,1.916,50.4,0,60,0,0,0,0,0,0,0,0,66
2025-09-27T23:39:18.918Z,59.4,21.1,1.916,49.6,0,60,0,0,0,0,0,0,0,0,66
2025-09-27T23:39:19.917Z,59.4,21.1,1.916,50.4,0,60,0,0,0,0,0,0,0,0,66
2025-09-27T23:39:20.916Z,59.4,21.1,1.917,49.6,0,60,0,0,0,0,0,0,0,0,66
2025-09-27T23:39:21.915Z,59.4,21.1,1.916,49.6,0,60,0,0,0,0,0,0,0,0,66
2025-09-27T23:39:22.918Z,59.4,21.1,1.916,50.4,0,60,0,0,0,0,0,0,0,0,66
2025-09-27T23:39:23.916Z,59.4,21.1,1.917,49.6,0,60,0,0,0,0,0,0,0,0,66
2025-09-27T23:39:24.918Z,59.4,21.1,1.916,50.4,0,60,0,0,0,0,0,0,0,0,66
2025-09-27T23:39:25.919Z,59.4,21.1,1.916,49.6,0,60,0,0,0,0,0,0,0,0,66
2025-09-27T23:39:26.925Z,59.5,21.1,1.916,50.4,0,60,0,0,0,0,0,0,0,0,66
2025-09-27T23:39:27.921Z,59.5,21.1,1.916,50.4,0,60,0,0,0,0,0,0,0,0,66
2025-09-27T23:39:28.921Z,59.5,21.1,1.917,49.6,0,60,0,0,0,0,0,0,0,0,66
2025-09-27T23:39:29.925Z,59.5,21.1,1.916,49.6,0,60,0,0,0,0,0,0,0,0,66
2025-09-27T23:39:30.929Z,59.5,21.1,1.916,49.6,0,60,0,0,0,0,0,0,0,0,66
2025-09-27T23:39:31.928Z,59.5,21.1,1.916,50.4,0,60,0,0,0,0,0,0,0,0,66
2025-09-27T23:39:32.925Z,59.5,21.1,1.916,49.6,0,60,0,0,0,0,0,0,0,0,66
2025-09-27T23:39:33.934Z,59.5,21.1,1.916,49.6,0,60,0,0,0,0,0,0,0,0,66
2025-09-27T23:39:34.931Z,59.5,21.1,1.916,50.4,0,60,0,0,0,0,0,0,0,0,66
2025-09-27T23:39:35.931Z,59.5,21.1,1.916,49.6,0,60,0,0,0,0,0,0,0,0,66
2025-09-27T23:39:36.936Z,59.5,21.1,1.916,50.4,0,60,0,0,0,0,0,0,0,0,66
2025-09-27T23:39:37.934Z,59.5,21.1,1.916,50.4,0,60,0,0,0,0,0,0,0,0,66
2025-09-27T23:39:38.938Z,59.5,21.1,1.916,49.6,0,60,0,0,0,0,0,0,0,0,66
2025-09-27T23:39:39.936Z,59.5,21.1,1.916,50.4,0,60,0,0,0,0,0,0,0,0,66
2025-09-27T23:39:40.937Z,59.5,21.1,1.916,49.6,0,60,0,0,0,0,0,0,0,0,66
2025-09-27T23:39:41.934Z,59.5,21.1,1.917,50.4,0,60,0,0,0,0,0,0,0,0,66
2025-09-27T23:39:42.937Z,59.5,21.1,1.916,49.6,0,60,0,0,0,0,0,0,0,0,66
2025-09-27T23:39:43.936Z,59.5,21.1,1.917,50.4,0,60,0,0,0,0,0,0,0,0,66
2025-09-27T23:39:44.942Z,59.5,21.1,1.916,50.4,0,60,0,0,0,0,0,0,0,0,66
2025-09-27T23:39:45.939Z,59.5,21.1,1.917,49.6,0,60,0,0,0,0,0,0,0,0,66
2025-09-27T23:39:46.940Z,59.5,21.1,1.917,49.6,0,60,0,0,0,0,0,0,0,0,66
2025-09-27T23:39:47.945Z,59.5,21.1,1.916,50.4,0,60,0,0,0,0,0,0,0,0,66
2025-09-27T23:39:48.941Z,59.5,21.1,1.916,50.4,0,60,0,0,0,0,0,0,0,0,66
2025-09-27T23:39:49.944Z,59.5,21.1,1.916,49.6,0,60,0,0,0,0,0,0,0,0,66
2025-09-27T23:39:50.952Z,59.5,21.1,1.916,49.6,0,60,0,0,0,0,0,0,0,0,66
2025-09-27T23:39:51.948Z,59.5,21.1,1.916,49.6,0,60,0,0,0,0,0,0,0,0,66
2025-09-27T23:39:52.944Z,59.5,21.1,1.916,50.4,0,60,0,0,0,0,0,0,0,0,66
2025-09-27T23:39:53.950Z,59.5,21.1,1.916,49.6,0,60,0,0,0,0,0,0,0,0,66
2025-09-27T23:39:54.953Z,59.5,21.1,1.916,50.4,0,60,0,0,0,0,0,0,0,0,66
2025-09-27T23:39:55.945Z,59.5,21.1,1.916,50.4,0,60,0,0,0,0,0,0,0,0,66
2025-09-27T23:39:56.950Z,59.5,21.1,1.916,49.6,0,60,0,0,0,0,0,0,0,0,66
2025-09-27T23:39:57.954Z,59.5,21.1,1.916,50.4,0,60,0,0,0,0,0,0,0,0,66
2025-09-27T23:39:58.954Z,59.5,21.1,1.916,49.6,0,60,0,0,0,0,0,0,0,0,66
2025-09-27T23:39:59.951Z,59.5,21.1,1.916,49.6,0,60,0,0,0,0,0,0,0,0,66
2025-09-27T23:40:00.949Z,59.5,21.1,1.916,50.4,0,60,0,0,0,0,0,0,0,0,66
2025-09-27T23:40:01.954Z,59.5,21.1,1.916,50.4,0,60,0,0,0,0,0,0,0,0,66
2025-09-27T23:40:02.958Z,59.5,21.1,1.916,49.6,0,60,0,0,0,0,0,0,0,0,66
2025-09-27T23:40:03.955Z,59.5,21.1,1.916,49.6,0,60,0,0,0,0,0,0,0,0,66
2025-09-27T23:40:04.959Z,59.5,21.1,1.915,50.4,0,60,0,0,0,0,0,0,0,0,66
2025-09-27T23:40:05.957Z,59.5,21.1,1.916,49.6,0,60,0,0,0,0,0,0,0,0,66
2025-09-27T23:40:06.960Z,59.5,21.1,1.916,49.6,0,60,0,0,0,0,0,0,0,0,66
2025-09-27T23:40:07.963Z,59.6,21.1,1.915,50.4,0,60,0,0,0,0,0,0,0,0,66
2025-09-27T23:40:08.965Z,59.6,21.1,1.916,49.6,0,60,0,0,0,0,0,0,0,0,66
2025-09-27T23:40:09.963Z,59.6,21.1,1.916,50.4,0,60,0,0,0,0,0,0,0,0,66
2025-09-27T23:40:10.967Z,59.6,21.1,1.915,50.4,0,60,0,0,0,0,0,0,0,0,66
2025-09-27T23:40:11.964Z,59.6,21.1,1.916,49.6,0,60,0,0,0,0,0,0,0,0,66
2025-09-27T23:40:12.967Z,59.6,21.1,1.916,49.6,0,60,0,0,0,0,0,0,0,0,66
2025-09-27T23:40:13.963Z,59.6,21.1,1.916,50.4,0,60,0,0,0,0,0,0,0,0,66
2025-09-27T23:40:14.980Z,59.6,21.1,1.916,50.4,0,60,0,0,0,0,0,0,0,0,66
2025-09-27T23:40:15.974Z,59.6,21.1,1.915,49.6,0,60,0,0,0,0,0,0,0,0,66
2025-09-27T23:40:16.971Z,59.6,21.1,1.915,49.6,0,60,0,0,0,0,0,0,0,0,66
2025-09-27T23:40:17.977Z,59.6,21.1,1.916,49.6,0,60,0,0,0,0,0,0,0,0,66
2025-09-27T23:40:18.975Z,59.6,21.1,1.915,50.4,0,60,0,0,0,0,0,0,0,0,66
2025-09-27T23:40:19.976Z,59.6,21.1,1.915,49.6,0,60,0,0,0,0,0,0,0,0,66
2025-09-27T23:40:20.976Z,59.6,21.1,1.915,50.4,0,60,0,0,0,0,0,0,0,0,66
2025-09-27T23:40:21.975Z,59.6,21.1,1.915,49.6,0,60,0,0,0,0,0,0,0,0,66
2025-09-27T23:40:22.975Z,59.6,21.1,1.915,50.4,0,60,0,0,0,0,0,0,0,0,66
2025-09-27T23:40:23.974Z,59.6,21.1,1.915,50.4,0,60,0,0,0,0,0,0,0,0,66
2025-09-27T23:40:24.976Z,59.6,21.1,1.915,49.6,0,60,0,0,0,0,0,0,0,0,66
2025-09-27T23:40:25.976Z,59.6,21.1,1.915,49.6,0,60,0,0,0,0,0,0,0,0,66
2025-09-27T23:40:26.981Z,59.6,21.1,1.916,50.4,0,60,0,0,0,0,0,0,0,0,66
2025-09-27T23:40:27.978Z,59.6,21.1,1.915,50.4,0,60,0,0,0,0,0,0,0,0,66
2025-09-27T23:40:28.980Z,59.6,21.1,1.916,49.6,0,60,0,0,0,0,0,0,0,0,66
2025-09-27T23:40:29.979Z,59.6,21.1,1.915,50.4,0,60,0,0,0,0,0,0,0,0,66
2025-09-27T23:40:30.983Z,59.6,21.1,1.915,49.6,0,60,0,0,0,0,0,0,0,0,66
2025-09-27T23:40:31.983Z,59.6,21.1,1.915,49.6,0,60,0,0,0,0,0,0,0,0,66
2025-09-27T23:40:32.983Z,59.7,21.1,1.915,49.6,0,60,0,0,0,0,0,0,0,0,66
2025-09-27T23:40:33.984Z,59.7,21.1,1.915,50.4,0,60,0,0,0,0,0,0,0,0,66
2025-09-27T23:40:34.987Z,59.7,21.1,1.915,49.6,0,60,0,0,0,0,0,0,0,0,66
2025-09-27T23:40:35.984Z,59.7,21.1,1.915,50.4,0,60,0,0,0,0,0,0,0,0,66
2025-09-27T23:40:36.986Z,59.7,21.1,1.915,49.6,0,60,0,0,0,0,0,0,0,0,66
2025-09-27T23:40:37.989Z,59.7,21.1,1.915,50.4,0,60,0,0,0,0,0,0,0,0,66
2025-09-27T23:40:38.993Z,59.7,21.1,1.915,50.4,0,60,0,0,0,0,0,0,0,0,66
2025-09-27T23:40:39.994Z,59.7,21.1,1.915,49.6,0,60,0,0,0,0,0,0,0,0,66
2025-09-27T23:40:40.989Z,59.7,21.1,1.915,49.6,0,60,0,0,0,0,0,0,0,0,66
2025-09-27T23:40:41.994Z,59.7,21.1,1.915,50.4,0,60,0,0,0,0,0,0,0,0,66
2025-09-27T23:40:42.993Z,59.7,21.1,1.915,49.6,0,60,0,0,0,0,0,0,0,0,66
2025-09-27T23:40:43.991Z,59.7,21.1,1.915,50.4,0,60,0,0,0,0,0,0,0,0,66
2025-09-27T23:40:44.996Z,59.7,21.1,1.915,49.6,0,60,0,0,0,0,0,0,0,0,66
2025-09-27T23:40:45.995Z,59.7,21.1,1.915,49.6,0,60,0,0,0,0,0,0,0,0,66
2025-09-27T23:40:46.997Z,59.7,21.1,1.915,50.4,0,60,0,0,0,0,0,0,0,0,66
2025-09-27T23:40:48.000Z,59.7,21.1,1.915,49.6,0,60,0,0,0,0,0,0,0,0,66
2025-09-27T23:40:48.998Z,59.7,21.1,1.915,50.4,0,60,0,0,0,0,0,0,0,0,66
2025-09-27T23:40:50.002Z,59.7,21.1,1.915,49.6,0,60,0,0,0,0,0,0,0,0,66
2025-09-27T23:40:51.003Z,59.7,21.1,1.915,49.6,0,60,0,0,0,0,0,0,0,0,66
2025-09-27T23:40:52.003Z,59.7,21.1,1.915,50.4,0,60,0,0,0,0,0,0,0,0,66
2025-09-27T23:40:53.000Z,59.7,21.1,1.915,49.6,0,60,0,0,0,0,0,0,0,0,66
2025-09-27T23:40:54.004Z,59.8,21.1,1.915,50.4,0,60,0,0,0,0,0,0,0,0,66
2025-09-27T23:40:55.005Z,59.7,21.1,1.915,50.4,0,60,0,0,0,0,0,0,0,0,66
2025-09-27T23:40:56.003Z,59.7,21.1,1.915,49.6,0,60,0,0,0,0,0,0,0,0,66
2025-09-27T23:40:57.003Z,59.8,21.1,1.915,50.4,0,60,0,0,0,0,0,0,0,0,66
2025-09-27T23:40:58.008Z,59.8,21.1,1.915,49.6,0,60,0,0,0,0,0,0,0,0,66
2025-09-27T23:40:59.016Z,59.8,21.1,1.915,50.4,0,60,0,0,0,0,0,0,0,0,66
2025-09-27T23:41:00.009Z,59.8,21.1,1.915,49.6,0,60,0,0,0,0,0,0,0,0,66
2025-09-27T23:41:01.007Z,59.8,21.1,1.915,50.4,0,60,0,0,0,0,0,0,0,0,66
2025-09-27T23:41:02.014Z,59.8,21.1,1.915,49.6,0,60,0,0,0,0,0,0,0,0,66
2025-09-27T23:41:03.012Z,59.8,21.1,1.915,50.4,0,60,0,0,0,0,0,0,0,0,66
2025-09-27T23:41:04.013Z,59.8,21.1,1.915,49.6,0,60,0,0,0,0,0,0,0,0,66
2025-09-27T23:41:05.017Z,59.8,21.1,1.915,50.4,0,60,0,0,0,0,0,0,0,0,66
2025-09-27T23:41:06.013Z,59.8,21.1,1.915,49.6,0,60,0,0,0,0,0,0,0,0,66
2025-09-27T23:41:07.018Z,59.8,21.1,1.915,50.4,0,60,0,0,0,0,0,0,0,0,66
2025-09-27T23:41:08.017Z,59.8,21.1,1.915,49.6,0,60,0,0,0,0,0,0,0,0,66
2025-09-27T23:41:09.018Z,59.8,21.1,1.915,50.4,0,60,0,0,0,0,0,0,0,0,66
2025-09-27T23:41:10.030Z,59.8,21.1,1.915,49.6,0,60,0,0,0,0,0,0,0,0,66
2025-09-27T23:41:11.021Z,59.8,21.1,1.915,50.4,0,60,0,0,0,0,0,0,0,0,66
2025-09-27T23:41:12.020Z,59.8,21.1,1.915,49.6,0,60,0,0,0,0,0,0,0,0,66
2025-09-27T23:41:13.021Z,59.9,21.1,1.915,50.4,0,60,0,0,0,0,0,0,0,0,66
2025-09-27T23:41:14.026Z,59.8,21.1,1.915,49.6,0,60,0,0,0,0,0,0,0,0,66
2025-09-27T23:41:15.022Z,59.9,21.1,1.915,49.6,0,60,0,0,0,0,0,0,0,0,66
2025-09-27T23:41:16.026Z,59.9,21.1,1.915,49.6,0,60,0,0,0,0,0,0,0,0,66
2025-09-27T23:41:17.030Z,59.9,21.1,1.915,50.4,0,60,0,0,0,0,0,0,0,0,66
2025-09-27T23:41:18.029Z,59.9,21.1,1.915,49.6,0,60,0,0,0,0,0,0,0,0,66
2025-09-27T23:41:19.030Z,59.9,21.1,1.915,49.6,0,60,0,0,0,0,0,0,0,0,66
2025-09-27T23:41:20.040Z,59.9,21.1,1.914,50.4,0,60,0,0,0,0,0,0,0,0,66
2025-09-27T23:41:21.030Z,59.9,21.1,1.915,49.6,0,60,0,0,0,0,0,0,0,0,66
2025-09-27T23:41:22.031Z,59.9,21.1,1.915,50.4,0,60,0,0,0,0,0,0,0,0,66
2025-09-27T23:41:23.031Z,59.9,21.1,1.915,49.6,0,60,0,0,0,0,0,0,0,0,66
2025-09-27T23:41:24.037Z,59.9,21.1,1.914,49.6,0,60,0,0,0,0,0,0,0,0,66
2025-09-27T23:41:25.036Z,59.9,21.1,1.914,50.4,0,60,0,0,0,0,0,0,0,0,66
2025-09-27T23:41:26.038Z,59.9,21.1,1.914,49.6,0,60,0,0,0,0,0,0,0,0,66
2025-09-27T23:41:27.035Z,59.9,21.1,1.915,49.6,0,60,0,0,0,0,0,0,0,0,66
2025-09-27T23:41:28.035Z,59.9,21.1,1.915,49.6,0,60,0,0,0,0,0,0,0,0,66
2025-09-27T23:41:29.039Z,59.9,21.1,1.913,49.6,0,60,0,0,0,0,0,0,0,0,66
2025-09-27T23:41:30.037Z,59.9,21.1,1.914,49.6,0,60,0,0,0,0,0,0,0,0,66
2025-09-27T23:41:31.040Z,59.9,21.1,1.914,49.6,0,60,0,0,0,0,0,0,0,0,66
2025-09-27T23:41:32.042Z,60,21.1,1.914,50.4,0,60,0,0,0,0,0,0,0,0,66
2025-09-27T23:41:33.043Z,60,21.1,1.914,49.6,0,60,0,0,0,0,0,0,0,0,66
2025-09-27T23:41:34.039Z,60,21.1,1.914,50.4,0,60,0,0,0,0,0,0,0,0,66
2025-09-27T23:41:35.044Z,60,21.1,1.913,50.4,0,60,0,0,0,0,0,0,0,0,66
2025-09-27T23:41:36.051Z,60,21.1,1.913,50.4,0,60,0,0,0,0,0,0,0,0,66
2025-09-27T23:41:37.044Z,60,21.1,1.914,50.4,0,60,0,0,0,0,0,0,0,0,66
2025-09-27T23:41:38.048Z,60,21.1,1.913,49.6,0,60,0,0,0,0,0,0,0,0,66
2025-09-27T23:41:39.049Z,60,21.1,1.913,50.4,0,60,0,0,0,0,0,0,0,0,66
2025-09-27T23:41:40.079Z,60,21.1,1.913,49.6,0,60,0,0,0,0,0,0,0,0,66
2025-09-27T23:41:41.048Z,60,21.1,1.914,49.6,0,60,0,0,0,0,0,0,0,0,66
2025-09-27T23:41:42.052Z,60,21.1,1.913,50.4,0,60,0,0,0,0,0,0,0,0,66
2025-09-27T23:41:43.052Z,60,21.1,1.913,49.6,0,60,0,0,0,0,0,0,0,0,66
2025-09-27T23:41:44.055Z,60,21.1,1.913,50.4,0,60,0,0,0,0,0,0,0,0,66
2025-09-27T23:41:45.056Z,60.1,21.1,1.913,50.4,0,60,0,0,0,0,0,0,0,0,66
2025-09-27T23:41:46.054Z,60.1,21.1,1.913,49.6,0,60,0,0,0,0,0,0,0,0,66
2025-09-27T23:41:47.056Z,60.1,21.1,1.913,49.6,0,60,0,0,0,0,0,0,0,0,66
2025-09-27T23:41:48.064Z,60.1,21.1,1.913,49.6,0,60,0,0,0,0,0,0,0,0,66
2025-09-27T23:41:49.057Z,60.1,21.1,1.913,50.4,0,60,0,0,0,0,0,0,0,0,66
2025-09-27T23:41:50.063Z,60.1,21.1,1.913,50.4,0,60,0,0,0,0,0,0,0,0,66
2025-09-27T23:41:51.060Z,60.1,21.1,1.913,49.6,0,60,0,0,0,0,0,0,0,0,66
2025-09-27T23:41:52.060Z,60.1,21.1,1.913,50.4,0,60,0,0,0,0,0,0,0,0,66
2025-09-27T23:41:53.060Z,60.1,21.1,1.913,49.6,0,60,0,0,0,0,0,0,0,0,66
2025-09-27T23:41:54.067Z,60.1,21.1,1.913,50.4,0,60,0,0,0,0,0,0,0,0,66
2025-09-27T23:41:55.064Z,60.1,21.1,1.913,50.4,0,60,0,0,0,0,0,0,0,0,66
2025-09-27T23:41:56.069Z,60.1,21.1,1.913,49.6,0,60,0,0,0,0,0,0,0,0,66
2025-09-27T23:41:57.065Z,60.1,21.1,1.913,50.4,0,60,0,0,0,0,0,0,0,0,66
2025-09-27T23:41:58.069Z,60.1,21.1,1.913,49.6,0,60,0,0,0,0,0,0,0,0,66
2025-09-27T23:41:59.066Z,60.1,21.1,1.913,50.4,0,60,0,0,0,0,0,0,0,0,66
2025-09-27T23:42:00.073Z,60.1,21.1,1.913,49.6,0,60,0,0,0,0,0,0,0,0,66
2025-09-27T23:42:01.071Z,60.1,21.1,1.913,49.6,0,59.9,0,0,0,0,0,0,0,0,66
2025-09-27T23:42:02.070Z,60.1,21.1,1.913,50.4,0,59.9,0,0,0,0,0,0,0,0,66
2025-09-27T23:42:03.069Z,60.2,21.1,1.913,49.6,0,59.9,0,0,0,0,0,0,0,0,66
2025-09-27T23:42:04.070Z,60.2,21.1,1.913,50.4,0,59.9,0,0,0,0,0,0,0,0,66
2025-09-27T23:42:05.077Z,60.2,21.1,1.912,49.6,0,60,0,0,0,0,0,0,0,0,66
2025-09-27T23:42:06.077Z,60.2,21.1,1.913,49.6,0,59.9,0,0,0,0,0,0,0,0,66
2025-09-27T23:42:07.074Z,60.2,21.1,1.912,50.4,0,59.9,0,0,0,0,0,0,0,0,66
2025-09-27T23:42:08.075Z,60.2,21.1,1.913,49.6,0,59.9,0,0,0,0,0,0,0,0,66
2025-09-27T23:42:09.076Z,60.2,21.1,1.912,50.4,0,59.9,0,0,0,0,0,0,0,0,66
2025-09-27T23:42:10.079Z,60.2,21.1,1.912,49.6,0,59.9,0,0,0,0,0,0,0,0,66
2025-09-27T23:42:11.077Z,60.2,21.1,1.912,49.6,0,60,0,0,0,0,0,0,0,0,66
2025-09-27T23:42:12.077Z,60.2,21.1,1.912,50.4,0,60,0,0,0,0,0,0,0,0,66
2025-09-27T23:42:13.076Z,60.2,21.1,1.912,49.6,0,59.9,0,0,0,0,0,0,0,0,66
2025-09-27T23:42:14.079Z,60.2,21.1,1.912,50.4,0,59.9,0,0,0,0,0,0,0,0,66
2025-09-27T23:42:15.079Z,60.2,21.1,1.912,49.6,0,59.9,0,0,0,0,0,0,0,0,66
2025-09-27T23:42:16.083Z,60.2,21.1,1.912,49.6,0,59.9,0,0,0,0,0,0,0,0,66
2025-09-27T23:42:17.083Z,60.3,21.1,1.912,50.4,0,59.9,0,0,0,0,0,0,0,0,66
2025-09-27T23:42:18.083Z,60.3,21.1,1.912,49.6,0,60,0,0,0,0,0,0,0,0,66
2025-09-27T23:42:19.084Z,60.3,21.1,1.912,50.4,0,60,0,0,0,0,0,0,0,0,66
2025-09-27T23:42:20.088Z,60.3,21.1,1.912,50.4,0,60,0,0,0,0,0,0,0,0,66
2025-09-27T23:42:21.089Z,60.3,21.1,1.912,49.6,0,59.9,0,0,0,0,0,0,0,0,66
2025-09-27T23:42:22.085Z,60.3,21.1,1.912,50.4,0,59.9,0,0,0,0,0,0,0,0,66
2025-09-27T23:42:23.086Z,60.3,21.1,1.912,49.6,0,60,0,0,0,0,0,0,0,0,66
2025-09-27T23:42:24.086Z,60.3,21.1,1.912,50.4,0,59.9,0,0,0,0,0,0,0,0,66
2025-09-27T23:42:25.090Z,60.3,21.1,1.912,49.6,0,60,0,0,0,0,0,0,0,0,66
2025-09-27T23:42:26.092Z,60.3,21.1,1.912,49.6,0,60,0,0,0,0,0,0,0,0,66
2025-09-27T23:42:27.090Z,60.3,21.1,1.912,50.4,0,59.9,0,0,0,0,0,0,0,0,66
2025-09-27T23:42:28.091Z,60.3,21.1,1.912,49.6,0,59.9,0,0,0,0,0,0,0,0,66
2025-09-27T23:42:29.098Z,60.3,21.1,1.912,50.4,0,59.9,0,0,0,0,0,0,0,0,66
2025-09-27T23:42:30.095Z,60.3,21.1,1.912,50.4,0,59.9,0,0,0,0,0,0,0,0,66
2025-09-27T23:42:31.093Z,60.4,21.1,1.912,49.6,0,59.9,0,0,0,0,0,0,0,0,66
2025-09-27T23:42:32.096Z,60.4,21.1,1.912,50.4,0,59.9,0,0,0,0,0,0,0,0,66
2025-09-27T23:42:33.095Z,60.4,21.1,1.912,49.6,0,59.9,0,0,0,0,0,0,0,0,66
2025-09-27T23:42:34.097Z,60.4,21.1,1.912,50.4,0,59.9,0,0,0,0,0,0,0,0,66
2025-09-27T23:42:35.096Z,60.4,21.1,1.912,49.6,0,59.9,0,0,0,0,0,0,0,0,66
2025-09-27T23:42:36.099Z,60.4,21.1,1.912,50.4,0,59.9,0,0,0,0,0,0,0,0,66
2025-09-27T23:42:37.099Z,60.4,21.1,1.912,50.4,0,59.9,0,0,0,0,0,0,0,0,66
2025-09-27T23:42:38.100Z,60.4,21.1,1.912,49.6,0,59.9,0,0,0,0,0,0,0,0,66
2025-09-27T23:42:39.100Z,60.4,21.1,1.912,49.6,0,59.9,0,0,0,0,0,0,0,0,66
2025-09-27T23:42:40.105Z,60.4,21.1,1.912,49.6,0,59.9,0,0,0,0,0,0,0,0,66
2025-09-27T23:42:41.105Z,60.4,21.1,1.912,50.4,0,59.9,0,0,0,0,0,0,0,0,66
2025-09-27T23:42:42.105Z,60.4,21.1,1.912,49.6,0,59.9,0,0,0,0,0,0,0,0,66
2025-09-27T23:42:43.104Z,60.4,21.1,1.912,49.6,0,59.9,0,0,0,0,0,0,0,0,66
2025-09-27T23:42:44.110Z,60.4,21.1,1.912,50.4,0,59.9,0,0,0,0,0,0,0,0,66
2025-09-27T23:42:45.108Z,60.4,21.1,1.912,49.6,0,59.9,0,0,0,0,0,0,0,0,66
2025-09-27T23:42:46.109Z,60.4,21.1,1.912,50.4,0,59.9,0,0,0,0,0,0,0,0,66
2025-09-27T23:42:47.115Z,60.4,21.1,1.912,49.6,0,59.9,0,0,0,0,0,0,0,0,66
2025-09-27T23:42:48.111Z,60.5,21.1,1.912,49.6,0,59.9,0,0,0,0,0,0,0,0,66
2025-09-27T23:42:49.110Z,60.5,21.1,1.912,50.4,0,59.9,0,0,0,0,0,0,0,0,66
2025-09-27T23:42:50.114Z,60.5,21.1,1.912,49.6,0,59.9,0,0,0,0,0,0,0,0,66
2025-09-27T23:42:51.115Z,60.5,21.1,1.912,49.6,0,59.9,0,0,0,0,0,0,0,0,66
2025-09-27T23:42:52.114Z,60.5,21.1,1.912,50.4,0,59.9,0,0,0,0,0,0,0,0,66
2025-09-27T23:42:53.114Z,60.5,21.1,1.912,49.6,0,59.9,0,0,0,0,0,0,0,0,66
2025-09-27T23:42:54.115Z,60.5,21.1,1.911,49.6,0,59.9,0,0,0,0,0,0,0,0,66
2025-09-27T23:42:55.115Z,60.5,21.1,1.911,50.4,0,59.9,0,0,0,0,0,0,0,0,66
2025-09-27T23:42:56.115Z,60.5,21.1,1.911,49.6,0,59.9,0,0,0,0,0,0,0,0,66
2025-09-27T23:42:57.118Z,60.5,21.1,1.911,49.6,0,59.9,0,0,0,0,0,0,0,0,66
2025-09-27T23:42:58.121Z,60.5,21.1,1.911,50.4,0,59.9,0,0,0,0,0,0,0,0,66
2025-09-27T23:42:59.120Z,60.5,21.1,1.911,50.4,0,59.9,0,0,0,0,0,0,0,0,66
2025-09-27T23:43:00.121Z,60.5,21.1,1.911,49.6,0,59.9,0,0,0,0,0,0,0,0,66
2025-09-27T23:43:01.123Z,60.5,21.1,1.911,50.4,0,59.9,0,0,0,0,0,0,0,0,66
2025-09-27T23:43:02.126Z,60.5,21.1,1.911,50.4,0,59.9,0,0,0,0,0,0,0,0,66
2025-09-27T23:43:03.125Z,60.5,21.1,1.911,49.6,0,59.9,0,0,0,0,0,0,0,0,66
2025-09-27T23:43:04.127Z,60.6,21.1,1.911,50.4,0,59.9,0,0,0,0,0,0,0,0,66
2025-09-27T23:43:05.126Z,60.6,21.1,1.911,49.6,0,59.9,0,0,0,0,0,0,0,0,66
2025-09-27T23:43:06.127Z,60.6,21.1,1.91,49.6,0,59.9,0,0,0,0,0,0,0,0,66
2025-09-27T23:43:07.128Z,60.6,21.1,1.91,50.4,0,59.9,0,0,0,0,0,0,0,0,66
2025-09-27T23:43:08.125Z,60.6,21.1,1.91,49.6,0,59.9,0,0,0,0,0,0,0,0,66
2025-09-27T23:43:09.134Z,60.6,21.1,1.911,49.6,0,59.9,0,0,0,0,0,0,0,0,66
2025-09-27T23:43:10.135Z,60.6,21.1,1.911,50.4,0,59.9,0,0,0,0,0,0,0,0,66
2025-09-27T23:43:11.130Z,60.6,21.1,1.91,49.6,0,59.9,0,0,0,0,0,0,0,0,66
2025-09-27T23:43:12.138Z,60.6,21.1,1.911,50.4,0,59.9,0,0,0,0,0,0,0,0,66
2025-09-27T23:43:13.133Z,60.6,21.1,1.91,50.4,0,59.9,0,0,0,0,0,0,0,0,66
2025-09-27T23:43:14.136Z,60.6,21.1,1.91,49.6,0,59.9,0,0,0,0,0,0,0,0,66
2025-09-27T23:43:15.132Z,60.6,21.1,1.91,50.4,0,59.9,0,0,0,0,0,0,0,0,66
2025-09-27T23:43:16.137Z,60.6,21.1,1.91,49.6,0,59.9,0,0,0,0,0,0,0,0,66
2025-09-27T23:43:17.142Z,60.6,21.1,1.91,50.4,0,59.9,0,0,0,0,0,0,0,0,66
2025-09-27T23:43:18.137Z,60.6,21.1,1.91,49.6,0,59.9,0,0,0,0,0,0,0,0,66
2025-09-27T23:43:19.140Z,60.6,21.1,1.91,49.6,0,59.9,0,0,0,0,0,0,0,0,66
2025-09-27T23:43:20.140Z,60.6,21.1,1.91,50.4,0,59.9,0,0,0,0,0,0,0,0,66
2025-09-27T23:43:21.144Z,60.6,21.1,1.91,49.6,0,59.9,0,0,0,0,0,0,0,0,66
2025-09-27T23:43:22.140Z,60.7,21.1,1.91,49.6,0,59.9,0,0,0,0,0,0,0,0,66
2025-09-27T23:43:23.142Z,60.7,21.1,1.91,50.4,0,59.9,0,0,0,0,0,0,0,0,66
2025-09-27T23:43:24.148Z,60.7,21.1,1.911,50.4,0,59.9,0,0,0,0,0,0,0,0,66
2025-09-27T23:43:25.143Z,60.7,21.1,1.91,49.6,0,59.9,0,0,0,0,0,0,0,0,66
2025-09-27T23:43:26.142Z,60.7,21.1,1.91,50.4,0,59.9,0,0,0,0,0,0,0,0,66
2025-09-27T23:43:27.148Z,60.7,21.1,1.911,49.6,0,59.9,0,0,0,0,0,0,0,0,66
2025-09-27T23:43:28.144Z,60.7,21.1,1.91,49.6,0,59.9,0,0,0,0,0,0,0,0,66
2025-09-27T23:43:29.149Z,60.7,21.1,1.91,50.4,0,59.9,0,0,0,0,0,0,0,0,66
2025-09-27T23:43:30.143Z,60.7,21.1,1.91,49.6,0,59.9,0,0,0,0,0,0,0,0,66
2025-09-27T23:43:31.149Z,60.7,21.1,1.91,49.6,0,59.9,0,0,0,0,0,0,0,0,66
2025-09-27T23:43:32.151Z,60.7,21.1,1.91,50.4,0,59.9,0,0,0,0,0,0,0,0,66
2025-09-27T23:43:33.151Z,60.7,21.1,1.91,49.6,0,59.9,0,0,0,0,0,0,0,0,66
2025-09-27T23:43:34.153Z,60.7,21.1,1.91,49.6,0,59.9,0,0,0,0,0,0,0,0,66
2025-09-27T23:43:35.152Z,60.7,21.1,1.91,50.4,0,59.9,0,0,0,0,0,0,0,0,66
2025-09-27T23:43:36.156Z,60.7,21.1,1.911,49.6,0,59.9,0,0,0,0,0,0,0,0,66
2025-09-27T23:43:37.153Z,60.7,21.1,1.91,50.4,0,59.9,0,0,0,0,0,0,0,0,66
2025-09-27T23:43:38.156Z,60.7,21.1,1.91,50.4,0,59.9,0,0,0,0,0,0,0,0,66
2025-09-27T23:43:39.156Z,60.7,21.1,1.91,49.6,0,59.9,0,0,0,0,0,0,0,0,66
2025-09-27T23:43:40.159Z,60.7,21.1,1.91,50.4,0,59.9,0,0,0,0,0,0,0,0,66
2025-09-27T23:43:41.159Z,60.7,21.1,1.91,50.4,0,59.9,0,0,0,0,0,0,0,0,66
2025-09-27T23:43:42.158Z,60.8,21.1,1.91,49.6,0,59.9,0,0,0,0,0,0,0,0,66
2025-09-27T23:43:43.165Z,60.8,21.1,1.911,50.4,0,59.9,0,0,0,0,0,0,0,0,66
2025-09-27T23:43:44.160Z,60.8,21.1,1.91,49.6,0,59.9,0,0,0,0,0,0,0,0,66
2025-09-27T23:43:45.163Z,60.8,21.1,1.91,50.4,0,59.9,0,0,0,0,0,0,0,0,66
2025-09-27T23:43:46.164Z,60.8,21.1,1.91,50.4,0,59.9,0,0,0,0,0,0,0,0,66
2025-09-27T23:43:47.163Z,60.8,21.1,1.91,49.6,0,59.9,0,0,0,0,0,0,0,0,66
2025-09-27T23:43:48.161Z,60.8,21.1,1.91,50.4,0,59.9,0,0,0,0,0,0,0,0,66
2025-09-27T23:43:49.173Z,60.8,21.1,1.911,49.6,0,59.9,0,0,0,0,0,0,0,0,66
2025-09-27T23:43:50.176Z,60.8,21.1,1.911,50.4,0,59.9,0,0,0,0,0,0,0,0,66
2025-09-27T23:43:51.168Z,60.8,21.1,1.91,49.6,0,59.9,0,0,0,0,0,0,0,0,66
2025-09-27T23:43:52.169Z,60.8,21.1,1.91,49.6,0,59.9,0,0,0,0,0,0,0,0,66
2025-09-27T23:43:53.170Z,60.8,21.1,1.91,50.4,0,59.9,0,0,0,0,0,0,0,0,66
2025-09-27T23:43:54.172Z,60.8,21.1,1.911,49.6,0,59.9,0,0,0,0,0,0,0,0,66
2025-09-27T23:43:55.167Z,60.8,21.1,1.91,50.4,0,59.9,0,0,0,0,0,0,0,0,66
2025-09-27T23:43:56.171Z,60.8,21.1,1.909,49.6,0,59.9,0,0,0,0,0,0,0,0,66
2025-09-27T23:43:57.174Z,60.8,21.1,1.909,49.6,0,59.9,0,0,0,0,0,0,0,0,66
2025-09-27T23:43:58.173Z,60.8,21.1,1.91,50.4,0,59.9,0,0,0,0,0,0,0,0,66
2025-09-27T23:43:59.172Z,60.8,21.1,1.91,49.6,0,59.9,0,0,0,0,0,0,0,0,66
2025-09-27T23:44:00.173Z,60.8,21.1,1.91,50.4,0,59.9,0,0,0,0,0,0,0,0,66
2025-09-27T23:44:01.178Z,60.8,21.1,1.911,49.6,0,59.9,0,0,0,0,0,0,0,0,66
2025-09-27T23:44:02.176Z,60.8,21.1,1.91,50.4,0,59.9,0,0,0,0,0,0,0,0,66
2025-09-27T23:44:03.178Z,60.8,21.1,1.909,50.4,0,59.9,0,0,0,0,0,0,0,0,66
2025-09-27T23:44:04.178Z,60.8,21.1,1.91,49.6,0,59.9,0,0,0,0,0,0,0,0,66
2025-09-27T23:44:05.181Z,60.8,21.1,1.91,50.4,0,59.9,0,0,0,0,0,0,0,0,66
2025-09-27T23:44:06.186Z,60.9,21.1,1.911,49.6,0,59.9,0,0,0,0,0,0,0,0,66
2025-09-27T23:44:07.183Z,60.9,21.1,1.911,50.4,0,59.9,0,0,0,0,0,0,0,0,66
2025-09-27T23:44:08.183Z,60.9,21.1,1.909,49.6,0,59.9,0,0,0,0,0,0,0,0,66
2025-09-27T23:44:09.186Z,60.9,21.1,1.91,50.4,0,59.9,0,0,0,0,0,0,0,0,66
2025-09-27T23:44:10.186Z,60.9,21.1,1.911,49.6,0,59.9,0,0,0,0,0,0,0,0,66
2025-09-27T23:44:11.186Z,60.9,21.1,1.909,49.6,0,59.9,0,0,0,0,0,0,0,0,66
2025-09-27T23:44:12.188Z,60.9,21.1,1.909,50.4,0,59.9,0,0,0,0,0,0,0,0,66
2025-09-27T23:44:13.188Z,60.9,21.1,1.91,49.6,0,59.9,0,0,0,0,0,0,0,0,66
2025-09-27T23:44:14.188Z,60.9,21.1,1.909,50.4,0,59.9,0,0,0,0,0,0,0,0,66
2025-09-27T23:44:15.191Z,60.9,21.1,1.91,49.6,0,59.9,0,0,0,0,0,0,0,0,66
2025-09-27T23:44:16.192Z,60.9,21.1,1.909,49.6,0,59.9,0,0,0,0,0,0,0,0,66
2025-09-27T23:44:17.191Z,60.9,21.1,1.909,50.4,0,59.9,0,0,0,0,0,0,0,0,66
2025-09-27T23:44:18.192Z,60.9,21.1,1.909,49.6,0,59.9,0,0,0,0,0,0,0,0,66
2025-09-27T23:44:19.194Z,60.9,21.1,1.91,50.4,0,59.9,0,0,0,0,0,0,0,0,66
2025-09-27T23:44:20.195Z,60.9,21.1,1.91,49.6,0,59.9,0,0,0,0,0,0,0,0,66
2025-09-27T23:44:21.195Z,60.9,21.1,1.91,49.6,0,59.9,0,0,0,0,0,0,0,0,66
2025-09-27T23:44:22.196Z,60.9,21.1,1.91,50.4,0,59.9,0,0,0,0,0,0,0,0,66
2025-09-27T23:44:23.193Z,60.9,21.1,1.909,49.6,0,59.9,0,0,0,0,0,0,0,0,66
2025-09-27T23:44:24.200Z,60.9,21.1,1.91,49.6,0,59.9,0,0,0,0,0,0,0,0,66
2025-09-27T23:44:25.197Z,60.9,21.1,1.909,50.4,0,59.9,0,0,0,0,0,0,0,0,66
2025-09-27T23:44:26.201Z,60.9,21.1,1.91,49.6,0,59.9,0,0,0,0,0,0,0,0,66
2025-09-27T23:44:27.205Z,60.9,21.1,1.91,49.6,0,59.9,0,0,0,0,0,0,0,0,66
2025-09-27T23:44:28.202Z,60.9,21.1,1.91,50.4,0,59.9,0,0,0,0,0,0,0,0,66
2025-09-27T23:44:29.203Z,60.9,21.1,1.909,50.4,0,59.9,0,0,0,0,0,0,0,0,66
2025-09-27T23:44:30.205Z,60.9,21.1,1.91,49.6,0,59.9,0,0,0,0,0,0,0,0,66
2025-09-27T23:44:31.206Z,60.9,21.1,1.91,50.4,0,59.9,0,0,0,0,0,0,0,0,66
2025-09-27T23:44:32.205Z,60.9,21.1,1.91,49.6,0,59.9,0,0,0,0,0,0,0,0,66
2025-09-27T23:44:33.207Z,60.9,21.1,1.909,50.4,0,59.9,0,0,0,0,0,0,0,0,66
2025-09-27T23:44:34.207Z,60.9,21.1,1.91,50.4,0,59.9,0,0,0,0,0,0,0,0,66
2025-09-27T23:44:35.208Z,60.9,21.1,1.91,49.6,0,59.9,0,0,0,0,0,0,0,0,66
2025-09-27T23:44:36.209Z,60.9,21.1,1.909,50.4,0,59.9,0,0,0,0,0,0,0,0,66
2025-09-27T23:44:37.211Z,60.9,21.1,1.909,49.6,0,59.9,0,0,0,0,0,0,0,0,66
2025-09-27T23:44:38.209Z,60.9,21.1,1.91,50.4,0,59.9,0,0,0,0,0,0,0,0,66
2025-09-27T23:44:39.213Z,60.9,21.1,1.91,49.6,0,59.9,0,0,0,0,0,0,0,0,66
2025-09-27T23:44:40.215Z,60.9,21.1,1.909,50.4,0,59.9,0,0,0,0,0,0,0,0,66
2025-09-27T23:44:41.221Z,60.9,21.1,1.909,50.4,0,59.9,0,0,0,0,0,0,0,0,66
2025-09-27T23:44:42.216Z,60.9,21.1,1.91,49.6,0,59.9,0,0,0,0,0,0,0,0,66
2025-09-27T23:44:43.213Z,61,21.1,1.909,50.4,0,59.9,0,0,0,0,0,0,0,0,66
2025-09-27T23:44:44.216Z,60.9,21.1,1.909,49.6,0,59.9,0,0,0,0,0,0,0,0,66
2025-09-27T23:44:45.218Z,60.9,21.1,1.909,50.4,0,59.9,0,0,0,0,0,0,0,0,66
2025-09-27T23:44:46.221Z,60.9,21.1,1.909,49.6,0,59.9,0,0,0,0,0,0,0,0,66
2025-09-27T23:44:47.222Z,60.9,21.1,1.909,50.4,0,59.9,0,0,0,0,0,0,0,0,66
2025-09-27T23:44:48.223Z,61,21.1,1.909,49.6,0,59.9,0,0,0,0,0,0,0,0,66
2025-09-27T23:44:49.223Z,61,21.1,1.909,50.4,0,59.9,0,0,0,0,0,0,0,0,66
2025-09-27T23:44:50.226Z,61,21.1,1.909,49.6,0,59.9,0,0,0,0,0,0,0,0,66
2025-09-27T23:44:51.222Z,61,21.1,1.909,50.4,0,59.9,0,0,0,0,0,0,0,0,66
2025-09-27T23:44:52.220Z,61,21.1,1.909,49.6,0,59.9,0,0,0,0,0,0,0,0,66
2025-09-27T23:44:53.225Z,61,21.1,1.909,50.4,0,59.9,0,0,0,0,0,0,0,0,66
2025-09-27T23:44:54.220Z,61,21.1,1.91,49.6,0,59.9,0,0,0,0,0,0,0,0,66
2025-09-27T23:44:55.223Z,61,21.1,1.909,50.4,0,59.9,0,0,0,0,0,0,0,0,66
2025-09-27T23:44:56.228Z,61,21.1,1.909,49.6,0,59.9,0,0,0,0,0,0,0,0,66
2025-09-27T23:44:57.229Z,61,21.1,1.909,50.4,0,59.9,0,0,0,0,0,0,0,0,66
2025-09-27T23:44:58.228Z,61,21.1,1.909,49.6,0,59.9,0,0,0,0,0,0,0,0,66
2025-09-27T23:44:59.231Z,61,21.1,1.909,49.6,0,59.9,0,0,0,0,0,0,0,0,66
2025-09-27T23:45:00.232Z,61,21.1,1.909,49.6,0,59.9,0,0,0,0,0,0,0,0,66
2025-09-27T23:45:01.230Z,61,21.1,1.91,50.4,0,59.9,0,0,0,0,0,0,0,0,66
2025-09-27T23:45:02.233Z,61,21.1,1.909,49.6,0,59.9,0,0,0,0,0,0,0,0,66
2025-09-27T23:45:03.233Z,61,21.1,1.91,50.4,0,59.9,0,0,0,0,0,0,0,0,66
2025-09-27T23:45:04.233Z,61,21.1,1.909,50.4,0,59.9,0,0,0,0,0,0,0,0,66
2025-09-27T23:45:05.235Z,61,21.1,1.909,49.6,0,59.9,0,0,0,0,0,0,0,0,66
2025-09-27T23:45:06.231Z,61,21.1,1.91,50.4,0,59.9,0,0,0,0,0,0,0,0,66
2025-09-27T23:45:07.241Z,61,21.1,1.909,49.6,0,59.9,0,0,0,0,0,0,0,0,66
2025-09-27T23:45:08.240Z,61,21.1,1.909,50.4,0,59.9,0,0,0,0,0,0,0,0,66
2025-09-27T23:45:09.240Z,61,21.1,1.909,49.6,0,59.9,0,0,0,0,0,0,0,0,66
2025-09-27T23:45:10.241Z,61,21.1,1.91,49.6,0,59.9,0,0,0,0,0,0,0,0,66
2025-09-27T23:45:11.241Z,61,21.1,1.909,49.6,0,59.9,0,0,0,0,0,0,0,0,66
2025-09-27T23:45:12.246Z,60.9,21.1,1.909,50.4,0,59.9,0,0,0,0,0,0,0,0,66
2025-09-27T23:45:13.244Z,61,21.1,1.91,49.6,0,59.9,0,0,0,0,0,0,0,0,66
2025-09-27T23:45:14.248Z,61,21.1,1.909,50.4,0,59.9,0,0,0,0,0,0,0,0,66
2025-09-27T23:45:15.247Z,61,21.1,1.909,49.6,0,59.9,0,0,0,0,0,0,0,0,66
2025-09-27T23:45:16.246Z,60.9,21.1,1.91,50.4,0,59.9,0,0,0,0,0,0,0,0,66
2025-09-27T23:45:17.250Z,60.9,21.1,1.909,50.4,0,59.9,0,0,0,0,0,0,0,0,66
2025-09-27T23:45:18.249Z,60.9,21.1,1.909,49.6,0,59.9,0,0,0,0,0,0,0,0,66
2025-09-27T23:45:19.250Z,60.9,21.1,1.91,50.4,0,59.9,0,0,0,0,0,0,0,0,66
2025-09-27T23:45:20.251Z,60.9,21.1,1.91,49.6,0,59.9,0,0,0,0,0,0,0,0,66
2025-09-27T23:45:21.253Z,60.9,21.1,1.909,49.6,0,59.9,0,0,0,0,0,0,0,0,66
2025-09-27T23:45:22.252Z,60.9,21.1,1.909,49.6,0,59.9,0,0,0,0,0,0,0,0,66
2025-09-27T23:45:23.249Z,60.9,21.1,1.91,50.4,0,59.9,0,0,0,0,0,0,0,0,66
2025-09-27T23:45:24.251Z,60.9,21.1,1.91,49.6,0,59.9,0,0,0,0,0,0,0,0,66
2025-09-27T23:45:25.255Z,60.9,21.1,1.909,50.4,0,59.9,0,0,0,0,0,0,0,0,66
2025-09-27T23:45:26.256Z,60.9,21.1,1.909,50.4,0,59.9,0,0,0,0,0,0,0,0,66
2025-09-27T23:45:27.256Z,60.9,21.1,1.909,49.6,0,59.9,0,0,0,0,0,0,0,0,66
2025-09-27T23:45:28.256Z,60.9,21.1,1.909,49.6,0,59.9,0,0,0,0,0,0,0,0,66
2025-09-27T23:45:29.256Z,60.9,21.1,1.91,49.6,0,59.9,0,0,0,0,0,0,0,0,66
2025-09-27T23:45:30.259Z,60.9,21.1,1.909,50.4,0,59.9,0,0,0,0,0,0,0,0,66
2025-09-27T23:45:31.264Z,60.9,21.1,1.909,49.6,0,59.9,0,0,0,0,0,0,0,0,66
2025-09-27T23:45:32.262Z,60.9,21.1,1.909,50.4,0,59.9,0,0,0,0,0,0,0,0,66
2025-09-27T23:45:33.261Z,60.9,21.1,1.909,49.6,0,59.9,0,0,0,0,0,0,0,0,66
2025-09-27T23:45:34.264Z,60.9,21.1,1.909,49.6,0,59.9,0,0,0,0,0,0,0,0,66
2025-09-27T23:45:35.265Z,60.9,21.1,1.909,50.4,0,59.9,0,0,0,0,0,0,0,0,66
2025-09-27T23:45:36.266Z,60.9,21.1,1.909,49.6,0,59.9,0,0,0,0,0,0,0,0,66
2025-09-27T23:45:37.264Z,60.9,21.1,1.909,50.4,0,59.9,0,0,0,0,0,0,0,0,66
2025-09-27T23:45:38.266Z,60.9,21.1,1.909,49.6,0,59.9,0,0,0,0,0,0,0,0,66
2025-09-27T23:45:39.272Z,60.9,21.1,1.909,49.6,0,59.9,0,0,0,0,0,0,0,0,66
2025-09-27T23:45:40.269Z,60.9,21.1,1.909,50.4,0,59.9,0,0,0,0,0,0,0,0,66
2025-09-27T23:45:41.268Z,60.9,21.1,1.909,50.4,0,59.9,0,0,0,0,0,0,0,0,66
2025-09-27T23:45:42.270Z,60.9,21.1,1.91,49.6,0,59.9,0,0,0,0,0,0,0,0,66
2025-09-27T23:45:43.270Z,60.9,21.1,1.91,50.4,0,59.9,0,0,0,0,0,0,0,0,66
2025-09-27T23:45:44.273Z,60.9,21.1,1.91,49.6,0,59.9,0,0,0,0,0,0,0,0,66
2025-09-27T23:45:45.276Z,60.9,21.1,1.909,50.4,0,59.9,0,0,0,0,0,0,0,0,66
2025-09-27T23:45:46.275Z,60.9,21.1,1.91,49.6,0,59.9,0,0,0,0,0,0,0,0,66
2025-09-27T23:45:47.281Z,60.9,21.1,1.909,50.4,0,59.9,0,0,0,0,0,0,0,0,66
2025-09-27T23:45:48.282Z,60.9,21.1,1.91,49.6,0,59.9,0,0,0,0,0,0,0,0,66
2025-09-27T23:45:49.282Z,60.9,21.1,1.91,50.4,0,59.9,0,0,0,0,0,0,0,0,66
2025-09-27T23:45:50.278Z,60.9,21.1,1.91,50.4,0,59.9,0,0,0,0,0,0,0,0,66
2025-09-27T23:45:51.278Z,60.9,21.1,1.91,49.6,0,59.9,0,0,0,0,0,0,0,0,66
2025-09-27T23:45:52.278Z,60.9,21.1,1.91,50.4,0,59.9,0,0,0,0,0,0,0,0,66
2025-09-27T23:45:53.277Z,60.9,21.1,1.91,49.6,0,59.9,0,0,0,0,0,0,0,0,66
2025-09-27T23:45:54.279Z,60.9,21.1,1.91,50.4,0,59.9,0,0,0,0,0,0,0,0,66
2025-09-27T23:45:55.283Z,60.8,21.1,1.91,49.6,0,59.9,0,0,0,0,0,0,0,0,66
2025-09-27T23:45:56.286Z,60.8,21.1,1.91,50.4,0,59.9,0,0,0,0,0,0,0,0,66
2025-09-27T23:45:57.280Z,60.8,21.1,1.91,49.6,0,59.9,0,0,0,0,0,0,0,0,66
2025-09-27T23:45:58.284Z,60.8,21.1,1.91,50.4,0,59.9,0,0,0,0,0,0,0,0,66
2025-09-27T23:45:59.286Z,60.8,21.1,1.91,49.6,0,59.9,0,0,0,0,0,0,0,0,66
2025-09-27T23:46:00.288Z,60.8,21.1,1.91,50.4,0,59.9,0,0,0,0,0,0,0,0,66
2025-09-27T23:46:01.286Z,60.8,21.1,1.91,49.6,0,59.9,0,0,0,0,0,0,0,0,66
2025-09-27T23:46:02.287Z,60.8,21.1,1.91,50.4,0,59.9,0,0,0,0,0,0,0,0,66
2025-09-27T23:46:03.294Z,60.8,21.1,1.91,49.6,0,59.9,0,0,0,0,0,0,0,0,66
2025-09-27T23:46:04.290Z,60.8,21.1,1.91,50.4,0,59.9,0,0,0,0,0,0,0,0,66
2025-09-27T23:46:05.291Z,60.8,21.1,1.91,49.6,0,59.9,0,0,0,0,0,0,0,0,66
2025-09-27T23:46:06.290Z,60.8,21.1,1.91,50.4,0,59.9,0,0,0,0,0,0,0,0,66
2025-09-27T23:46:07.297Z,60.8,21.1,1.91,49.6,0,59.9,0,0,0,0,0,0,0,0,66
2025-09-27T23:46:08.293Z,60.8,21.1,1.91,50.4,0,59.9,0,0,0,0,0,0,0,0,66
2025-09-27T23:46:09.293Z,60.8,21.1,1.91,49.6,0,59.9,0,0,0,0,0,0,0,0,66
2025-09-27T23:46:10.296Z,60.8,21.1,1.91,50.4,0,59.9,0,0,0,0,0,0,0,0,66
2025-09-27T23:46:11.300Z,60.8,21.1,1.91,49.6,0,59.9,0,0,0,0,0,0,0,0,66
2025-09-27T23:46:12.297Z,60.8,21.1,1.91,50.4,0,59.9,0,0,0,0,0,0,0,0,66
2025-09-27T23:46:13.300Z,60.8,21.1,1.91,49.6,0,59.9,0,0,0,0,0,0,0,0,66
2025-09-27T23:46:14.299Z,60.8,21.1,1.91,49.6,0,59.9,0,0,0,0,0,0,0,0,66
2025-09-27T23:46:15.301Z,60.8,21.1,1.91,49.6,0,59.9,0,0,0,0,0,0,0,0,66
2025-09-27T23:46:16.305Z,60.8,21.1,1.911,50.4,0,59.9,0,0,0,0,0,0,0,0,66
2025-09-27T23:46:17.302Z,60.8,21.1,1.91,49.6,0,59.9,0,0,0,0,0,0,0,0,66
2025-09-27T23:46:18.302Z,60.8,21.1,1.91,50.4,0,59.9,0,0,0,0,0,0,0,0,66
2025-09-27T23:46:19.308Z,60.8,21.1,1.911,49.6,0,59.9,0,0,0,0,0,0,0,0,66
2025-09-27T23:46:20.307Z,60.8,21.1,1.91,50.4,0,59.9,0,0,0,0,0,0,0,0,66
2025-09-27T23:46:21.308Z,60.7,21.1,1.911,49.6,0,59.9,0,0,0,0,0,0,0,0,66
2025-09-27T23:46:22.313Z,60.7,21.1,1.911,50.4,0,59.9,0,0,0,0,0,0,0,0,66
2025-09-27T23:46:23.311Z,60.7,21.1,1.911,49.6,0,59.9,0,0,0,0,0,0,0,0,66
2025-09-27T23:46:24.308Z,60.7,21.1,1.91,50.4,0,59.9,0,0,0,0,0,0,0,0,66
2025-09-27T23:46:25.309Z,60.7,21.1,1.911,49.6,0,59.9,0,0,0,0,0,0,0,0,66
2025-09-27T23:46:26.310Z,60.7,21.1,1.911,50.4,0,59.9,0,0,0,0,0,0,0,0,66
2025-09-27T23:46:27.311Z,60.7,21.1,1.911,49.6,0,59.9,0,0,0,0,0,0,0,0,66
2025-09-27T23:46:28.314Z,60.7,21.1,1.911,50.4,0,59.9,0,0,0,0,0,0,0,0,66
2025-09-27T23:46:29.315Z,60.7,21.1,1.911,49.6,0,59.9,0,0,0,0,0,0,0,0,66
2025-09-27T23:46:30.312Z,60.7,21.1,1.91,50.4,0,59.9,0,0,0,0,0,0,0,0,66
2025-09-27T23:46:31.315Z,60.7,21.1,1.91,49.6,0,59.9,0,0,0,0,0,0,0,0,66
2025-09-27T23:46:32.324Z,60.7,21.1,1.911,50.4,0,59.9,0,0,0,0,0,0,0,0,66
2025-09-27T23:46:33.318Z,60.7,21.1,1.911,49.6,0,59.9,0,0,0,0,0,0,0,0,66
2025-09-27T23:46:34.316Z,60.7,21.1,1.91,50.4,0,59.9,0,0,0,0,0,0,0,0,66
2025-09-27T23:46:35.317Z,60.7,21.1,1.911,49.6,0,59.9,0,0,0,0,0,0,0,0,66
2025-09-27T23:46:36.321Z,60.7,21.1,1.911,49.6,0,59.9,0,0,0,0,0,0,0,0,66
2025-09-27T23:46:37.323Z,60.7,21.1,1.911,49.6,0,59.9,0,0,0,0,0,0,0,0,66
2025-09-27T23:46:38.323Z,60.7,21.1,1.911,50.4,0,59.9,0,0,0,0,0,0,0,0,66
2025-09-27T23:46:39.323Z,60.7,21.1,1.911,49.6,0,59.9,0,0,0,0,0,0,0,0,66
2025-09-27T23:46:40.323Z,60.7,21.1,1.911,50.4,0,59.9,0,0,0,0,0,0,0,0,66
2025-09-27T23:46:41.322Z,60.6,21.1,1.911,49.6,0,59.9,0,0,0,0,0,0,0,0,66
2025-09-27T23:46:42.325Z,60.6,21.1,1.911,50.4,0,59.9,0,0,0,0,0,0,0,0,66
2025-09-27T23:46:43.331Z,60.6,21.1,1.911,50.4,0,59.9,0,0,0,0,0,0,0,0,66
2025-09-27T23:46:44.327Z,60.6,21.1,1.911,49.6,0,59.9,0,0,0,0,0,0,0,0,66
2025-09-27T23:46:45.326Z,60.6,21.1,1.912,49.6,0,59.9,0,0,0,0,0,0,0,0,66
2025-09-27T23:46:46.333Z,60.6,21.1,1.911,49.6,0,59.9,0,0,0,0,0,0,0,0,66
2025-09-27T23:46:47.331Z,60.6,21.1,1.911,50.4,0,59.9,0,0,0,0,0,0,0,0,66
2025-09-27T23:46:48.332Z,60.6,21.1,1.911,49.6,0,59.9,0,0,0,0,0,0,0,0,66
2025-09-27T23:46:49.328Z,60.6,21.1,1.912,50.4,0,59.9,0,0,0,0,0,0,0,0,66
2025-09-27T23:46:50.331Z,60.6,21.1,1.912,49.6,0,59.9,0,0,0,0,0,0,0,0,66
2025-09-27T23:46:51.336Z,60.6,21.1,1.912,50.4,0,59.9,0,0,0,0,0,0,0,0,66
2025-09-27T23:46:52.336Z,60.6,21.1,1.911,49.6,0,59.9,0,0,0,0,0,0,0,0,66
2025-09-27T23:46:53.334Z,60.6,21.1,1.912,49.6,0,59.9,0,0,0,0,0,0,0,0,66
2025-09-27T23:46:54.334Z,60.6,21.1,1.912,50.4,0,59.9,0,0,0,0,0,0,0,0,66
2025-09-27T23:46:55.335Z,60.6,21.1,1.912,49.6,0,59.9,0,0,0,0,0,0,0,0,66
2025-09-27T23:46:56.340Z,60.6,21.1,1.912,50.4,0,59.9,0,0,0,0,0,0,0,0,66
2025-09-27T23:46:57.335Z,60.6,21.1,1.912,49.6,0,59.9,0,0,0,0,0,0,0,0,66
2025-09-27T23:46:58.335Z,60.6,21.1,1.912,50.4,0,59.9,0,0,0,0,0,0,0,0,66
2025-09-27T23:46:59.340Z,60.6,21.1,1.912,49.6,0,59.9,0,0,0,0,0,0,0,0,66
2025-09-27T23:47:00.338Z,60.6,21.1,1.912,50.4,0,59.9,0,0,0,0,0,0,0,0,66
2025-09-27T23:47:01.337Z,60.5,21.1,1.912,49.6,0,60,0,0,0,0,0,0,0,0,66
2025-09-27T23:47:02.338Z,60.5,21.1,1.912,50.4,0,60,0,0,0,0,0,0,0,0,66
2025-09-27T23:47:03.341Z,60.5,21.1,1.912,49.6,0,60,0,0,0,0,0,0,0,0,66
2025-09-27T23:47:04.346Z,60.5,21.1,1.912,49.6,0,60,0,0,0,0,0,0,0,0,66
2025-09-27T23:47:05.343Z,60.5,21.1,1.912,50.4,0,60,0,0,0,0,0,0,0,0,66
2025-09-27T23:47:06.341Z,60.5,21.1,1.912,49.6,0,60,0,0,0,0,0,0,0,0,66
2025-09-27T23:47:07.347Z,60.5,21.1,1.912,50.4,0,60,0,0,0,0,0,0,0,0,66
2025-09-27T23:47:08.345Z,60.5,21.1,1.912,49.6,0,60,0,0,0,0,0,0,0,0,66
2025-09-27T23:47:09.346Z,60.5,21.1,1.912,49.6,0,60,0,0,0,0,0,0,0,0,66
2025-09-27T23:47:10.347Z,60.5,21.1,1.912,50.4,0,60,0,0,0,0,0,0,0,0,66
2025-09-27T23:47:11.351Z,60.5,21.1,1.912,49.6,0,60,0,0,0,0,0,0,0,0,66
2025-09-27T23:47:12.351Z,60.5,21.1,1.912,49.6,0,60,0,0,0,0,0,0,0,0,66
2025-09-27T23:47:13.353Z,60.5,21.1,1.912,50.4,0,60,0,0,0,0,0,0,0,0,66
2025-09-27T23:47:14.354Z,60.5,21.1,1.912,49.6,0,60,0,0,0,0,0,0,0,0,66
2025-09-27T23:47:15.357Z,60.5,21.1,1.912,49.6,0,60,0,0,0,0,0,0,0,0,66
2025-09-27T23:47:16.360Z,60.5,21.1,1.912,50.4,0,60,0,0,0,0,0,0,0,0,66
2025-09-27T23:47:17.354Z,60.5,21.1,1.912,49.6,0,60,0,0,0,0,0,0,0,0,66
2025-09-27T23:47:18.353Z,60.5,21.1,1.912,49.6,0,60,0,0,0,0,0,0,0,0,66
2025-09-27T23:47:19.354Z,60.5,21.1,1.912,50.4,0,60,0,0,0,0,0,0,0,0,66
2025-09-27T23:47:20.355Z,60.5,21.1,1.912,49.6,0,60,0,0,0,0,0,0,0,0,66
2025-09-27T23:47:21.354Z,60.5,21.1,1.912,49.6,0,60,0,0,0,0,0,0,0,0,66
2025-09-27T23:47:22.355Z,60.5,21.1,1.912,50.4,0,60,0,0,0,0,0,0,0,0,66
2025-09-27T23:47:23.358Z,60.4,21.1,1.912,49.6,0,60,0,0,0,0,0,0,0,0,66
2025-09-27T23:47:24.355Z,60.4,21.1,1.912,50.4,0,60,0,0,0,0,0,0,0,0,66
2025-09-27T23:47:25.357Z,60.4,21.1,1.912,50.4,0,60,0,0,0,0,0,0,0,0,66
2025-09-27T23:47:26.361Z,60.4,21.1,1.912,49.6,0,60,0,0,0,0,0,0,0,0,66
2025-09-27T23:47:27.363Z,60.4,21.1,1.912,50.4,0,60,0,0,0,0,0,0,0,0,66
2025-09-27T23:47:28.362Z,60.4,21.1,1.912,49.6,0,60,0,0,0,0,0,0,0,0,66
2025-09-27T23:47:29.360Z,60.4,21.1,1.912,49.6,0,60,0,0,0,0,0,0,0,0,66
2025-09-27T23:47:30.360Z,60.4,21.1,1.912,50.4,0,60,0,0,0,0,0,0,0,0,66
2025-09-27T23:47:31.360Z,60.4,21.1,1.912,49.6,0,60,0,0,0,0,0,0,0,0,66
2025-09-27T23:47:32.364Z,60.4,21.1,1.912,49.6,0,60,0,0,0,0,0,0,0,0,66
2025-09-27T23:47:33.366Z,60.4,21.1,1.912,50.4,0,60,0,0,0,0,0,0,0,0,66
2025-09-27T23:47:34.365Z,60.4,21.1,1.912,49.6,0,60,0,0,0,0,0,0,0,0,66
2025-09-27T23:47:35.367Z,60.4,21.1,1.912,49.6,0,60,0,0,0,0,0,0,0,0,66
2025-09-27T23:47:36.368Z,60.4,21.1,1.912,50.4,0,60,0,0,0,0,0,0,0,0,66
2025-09-27T23:47:37.370Z,60.4,21.1,1.912,49.6,0,60,0,0,0,0,0,0,0,0,66
2025-09-27T23:47:38.369Z,60.4,21.1,1.912,49.6,0,60,0,0,0,0,0,0,0,0,66
2025-09-27T23:47:39.378Z,60.4,21.1,1.912,50.4,0,60,0,0,0,0,0,0,0,0,66
2025-09-27T23:47:40.372Z,60.4,21.1,1.912,49.6,0,60,0,0,0,0,0,0,0,0,66
2025-09-27T23:47:41.375Z,60.4,21.1,1.912,49.6,0,60,0,0,0,0,0,0,0,0,66
2025-09-27T23:47:42.368Z,60.4,21.1,1.912,50.4,0,60,0,0,0,0,0,0,0,0,66
2025-09-27T23:47:43.379Z,60.3,21.1,1.912,49.6,0,60,0,0,0,0,0,0,0,0,66
2025-09-27T23:47:44.373Z,60.4,21.1,1.912,49.6,0,60,0,0,0,0,0,0,0,0,66
2025-09-27T23:47:45.378Z,60.3,21.1,1.912,50.4,0,60,0,0,0,0,0,0,0,0,66
2025-09-27T23:47:46.375Z,60.3,21.1,1.912,50.4,0,60,0,0,0,0,0,0,0,0,66
2025-09-27T23:47:47.383Z,60.3,21.1,1.912,49.6,0,60,0,0,0,0,0,0,0,0,66
2025-09-27T23:47:48.383Z,60.3,21.1,1.912,50.4,0,60,0,0,0,0,0,0,0,0,66
2025-09-27T23:47:49.382Z,60.3,21.1,1.912,49.6,0,60,0,0,0,0,0,0,0,0,66
2025-09-27T23:47:50.381Z,60.3,21.1,1.912,49.6,0,60,0,0,0,0,0,0,0,0,66
2025-09-27T23:47:51.385Z,60.3,21.1,1.912,50.4,0,60,0,0,0,0,0,0,0,0,66
2025-09-27T23:47:52.377Z,60.3,21.1,1.912,50.4,0,60,0,0,0,0,0,0,0,0,66
2025-09-27T23:47:53.381Z,60.3,21.1,1.912,49.6,0,60,0,0,0,0,0,0,0,0,66
2025-09-27T23:47:54.376Z,60.3,21.1,1.912,50.4,0,60,0,0,0,0,0,0,0,0,66
2025-09-27T23:47:55.379Z,60.3,21.1,1.913,50.4,0,60,0,0,0,0,0,0,0,0,66
2025-09-27T23:47:56.383Z,60.3,21.1,1.912,49.6,0,60,0,0,0,0,0,0,0,0,66
2025-09-27T23:47:57.379Z,60.3,21.1,1.912,50.4,0,60,0,0,0,0,0,0,0,0,66
2025-09-27T23:47:58.384Z,60.3,21.1,1.913,50.4,0,60,0,0,0,0,0,0,0,0,66
2025-09-27T23:47:59.385Z,60.3,21.1,1.913,49.6,0,60,0,0,0,0,0,0,0,0,66
2025-09-27T23:48:00.388Z,60.3,21.1,1.913,50.4,0,60,0,0,0,0,0,0,0,0,66
2025-09-27T23:48:01.382Z,60.3,21.1,1.913,49.6,0,60,0,0,0,0,0,0,0,0,66
2025-09-27T23:48:02.393Z,60.3,21.1,1.912,49.6,0,60,0,0,0,0,0,0,0,0,66
2025-09-27T23:48:03.384Z,60.3,21.1,1.913,50.4,0,60,0,0,0,0,0,0,0,0,66
2025-09-27T23:48:04.393Z,60.3,21.1,1.912,49.6,0,60,0,0,0,0,0,0,0,0,66
2025-09-27T23:48:05.388Z,60.3,21.1,1.913,50.4,0,60,0,0,0,0,0,0,0,0,66
2025-09-27T23:48:06.387Z,60.3,21.1,1.913,50.4,0,60,0,0,0,0,0,0,0,0,66
2025-09-27T23:48:07.390Z,60.2,21.1,1.913,49.6,0,60,0,0,0,0,0,0,0,0,66
2025-09-27T23:48:08.393Z,60.2,21.1,1.913,50.4,0,60,0,0,0,0,0,0,0,0,66
2025-09-27T23:48:09.391Z,60.2,21.1,1.913,49.6,0,60,0,0,0,0,0,0,0,0,66
2025-09-27T23:48:10.391Z,60.2,21.1,1.913,49.6,0,60,0,0,0,0,0,0,0,0,66
2025-09-27T23:48:11.395Z,60.2,21.1,1.914,50.4,0,60,0,0,0,0,0,0,0,0,66
2025-09-27T23:48:12.394Z,60.2,21.1,1.913,49.6,0,60,0,0,0,0,0,0,0,0,66
2025-09-27T23:48:13.396Z,60.2,21.1,1.914,49.6,0,60,0,0,0,0,0,0,0,0,66
2025-09-27T23:48:14.396Z,60.2,21.1,1.914,50.4,0,60,0,0,0,0,0,0,0,0,66
2025-09-27T23:48:15.399Z,60.2,21.1,1.914,50.4,0,60,0,0,0,0,0,0,0,0,66
2025-09-27T23:48:16.398Z,60.2,21.1,1.913,49.6,0,60,0,0,0,0,0,0,0,0,66
2025-09-27T23:48:17.397Z,60.2,21.1,1.913,49.6,0,60,0,0,0,0,0,0,0,0,66
2025-09-27T23:48:18.400Z,60.2,21.1,1.914,50.4,0,60,0,0,0,0,0,0,0,0,66
2025-09-27T23:48:19.402Z,60.2,21.1,1.913,50.4,0,60,0,0,0,0,0,0,0,0,66
2025-09-27T23:48:20.399Z,60.2,21.1,1.913,49.6,0,60,0,0,0,0,0,0,0,0,66
2025-09-27T23:48:21.401Z,60.2,21.1,1.914,50.4,0,60,0,0,0,0,0,0,0,0,66
2025-09-27T23:48:22.401Z,60.2,21.1,1.914,49.6,0,60,0,0,0,0,0,0,0,0,66
2025-09-27T23:48:23.403Z,60.2,21.1,1.914,49.6,0,60,0,0,0,0,0,0,0,0,66
2025-09-27T23:48:24.402Z,60.2,21.1,1.914,50.4,0,60,0,0,0,0,0,0,0,0,66
2025-09-27T23:48:25.401Z,60.2,21.1,1.914,49.6,0,60,0,0,0,0,0,0,0,0,66
2025-09-27T23:48:26.403Z,60.2,21.1,1.914,49.6,0,60,0,0,0,0,0,0,0,0,66
2025-09-27T23:48:27.404Z,60.2,21.1,1.914,50.4,0,60,0,0,0,0,0,0,0,0,66
2025-09-27T23:48:28.410Z,60.1,21.1,1.914,50.4,0,60,0,0,0,0,0,0,0,0,66
2025-09-27T23:48:29.409Z,60.1,21.1,1.914,49.6,0,60,0,0,0,0,0,0,0,0,66
2025-09-27T23:48:30.407Z,60.1,21.1,1.914,50.4,0,60,0,0,0,0,0,0,0,0,66
2025-09-27T23:48:31.410Z,60.1,21.1,1.914,49.6,0,60,0,0,0,0,0,0,0,0,66
2025-09-27T23:48:32.417Z,60.1,21.1,1.913,49.6,0,60,0,0,0,0,0,0,0,0,66
2025-09-27T23:48:33.412Z,60.1,21.1,1.914,50.4,0,60,0,0,0,0,0,0,0,0,66
2025-09-27T23:48:34.413Z,60.1,21.1,1.914,50.4,0,60,0,0,0,0,0,0,0,0,66
2025-09-27T23:48:35.416Z,60.1,21.1,1.913,49.6,0,60,0,0,0,0,0,0,0,0,66
2025-09-27T23:48:36.411Z,60.1,21.1,1.914,50.4,0,60,0,0,0,0,0,0,0,0,66
2025-09-27T23:48:37.419Z,60.1,21.1,1.913,49.6,0,60,0,0,0,0,0,0,0,0,66
2025-09-27T23:48:38.415Z,60.1,21.1,1.914,49.6,0,60,0,0,0,0,0,0,0,0,66
2025-09-27T23:48:39.419Z,60.1,21.1,1.913,50.4,0,60,0,0,0,0,0,0,0,0,66
2025-09-27T23:48:40.417Z,60.1,21.1,1.914,49.6,0,60,0,0,0,0,0,0,0,0,66
2025-09-27T23:48:41.423Z,60.1,21.1,1.913,49.6,0,60,0,0,0,0,0,0,0,0,66
2025-09-27T23:48:42.419Z,60.1,21.1,1.914,50.4,0,60,0,0,0,0,0,0,0,0,66
2025-09-27T23:48:43.422Z,60.1,21.1,1.913,49.6,0,60,0,0,0,0,0,0,0,0,66
2025-09-27T23:48:44.425Z,60.1,21.1,1.913,49.6,0,60,0,0,0,0,0,0,0,0,66
2025-09-27T23:48:45.426Z,60.1,21.1,1.913,50.4,0,60,0,0,0,0,0,0,0,0,66
2025-09-27T23:48:46.425Z,60.1,21.1,1.913,49.6,0,60,0,0,0,0,0,0,0,0,66
2025-09-27T23:48:47.428Z,60.1,21.1,1.913,49.6,0,60,0,0,0,0,0,0,0,0,66
2025-09-27T23:48:48.427Z,60.1,21.1,1.913,50.4,0,60,0,0,0,0,0,0,0,0,66
2025-09-27T23:48:49.427Z,60,21.1,1.913,50.4,0,60,0,0,0,0,0,0,0,0,66
2025-09-27T23:48:50.433Z,60,21.1,1.913,49.6,0,60,0,0,0,0,0,0,0,0,66
2025-09-27T23:48:51.436Z,60,21.1,1.913,50.4,0,60,0,0,0,0,0,0,0,0,66
2025-09-27T23:48:52.428Z,60,21.1,1.913,50.4,0,60,0,0,0,0,0,0,0,0,66
2025-09-27T23:48:53.427Z,60,21.1,1.913,49.6,0,60,0,0,0,0,0,0,0,0,66
2025-09-27T23:48:54.432Z,60,21.1,1.913,50.4,0,60,0,0,0,0,0,0,0,0,66
2025-09-27T23:48:55.428Z,60,21.1,1.913,49.6,0,60,0,0,0,0,0,0,0,0,66
2025-09-27T23:48:56.435Z,60,21.1,1.913,49.6,0,60,0,0,0,0,0,0,0,0,66
2025-09-27T23:48:57.433Z,60,21.1,1.913,50.4,0,60,0,0,0,0,0,0,0,0,66
2025-09-27T23:48:58.429Z,60,21.1,1.914,50.4,0,60,0,0,0,0,0,0,0,0,66
2025-09-27T23:48:59.431Z,60,21.1,1.913,49.6,0,60,0,0,0,0,0,0,0,0,66
2025-09-27T23:49:00.441Z,60,21.1,1.913,50.4,0,60,0,0,0,0,0,0,0,0,66
2025-09-27T23:49:01.438Z,60,21.1,1.913,49.6,0,60,0,0,0,0,0,0,0,0,66
2025-09-27T23:49:02.441Z,60,21.1,1.913,49.6,0,60,0,0,0,0,0,0,0,0,66
2025-09-27T23:49:03.438Z,60,21.1,1.914,50.4,0,60,0,0,0,0,0,0,0,0,66
2025-09-27T23:49:04.439Z,60,21.1,1.913,50.4,0,60,0,0,0,0,0,0,0,0,66
2025-09-27T23:49:05.438Z,60,21.1,1.913,49.6,0,60,0,0,0,0,0,0,0,0,66
2025-09-27T23:49:06.443Z,60,21.1,1.913,50.4,0,60,0,0,0,0,0,0,0,0,66
2025-09-27T23:49:07.449Z,60,21.1,1.914,49.6,0,60,0,0,0,0,0,0,0,0,66
2025-09-27T23:49:08.445Z,60,21.1,1.913,49.6,0,60,0,0,0,0,0,0,0,0,66
2025-09-27T23:49:09.441Z,60,21.1,1.915,50.4,0,60,0,0,0,0,0,0,0,0,66
2025-09-27T23:49:10.446Z,60,21.1,1.914,49.6,0,60,0,0,0,0,0,0,0,0,66
2025-09-27T23:49:11.445Z,60,21.1,1.913,49.6,0,60,0,0,0,0,0,0,0,0,66
2025-09-27T23:49:12.451Z,59.9,21.1,1.914,50.4,0,60,0,0,0,0,0,0,0,0,66
2025-09-27T23:49:13.450Z,59.9,21.1,1.914,49.6,0,60,0,0,0,0,0,0,0,0,66
2025-09-27T23:49:14.450Z,59.9,21.1,1.914,49.6,0,60,0,0,0,0,0,0,0,0,66
2025-09-27T23:49:15.450Z,59.9,21.1,1.914,50.4,0,60,0,0,0,0,0,0,0,0,66
2025-09-27T23:49:16.453Z,59.9,21.1,1.914,49.6,0,60,0,0,0,0,0,0,0,0,66
2025-09-27T23:49:17.454Z,59.9,21.1,1.914,49.6,0,60,0,0,0,0,0,0,0,0,66
2025-09-27T23:49:18.454Z,59.9,21.1,1.914,50.4,0,60,0,0,0,0,0,0,0,0,66
2025-09-27T23:49:19.454Z,59.9,21.1,1.914,49.6,0,60,0,0,0,0,0,0,0,0,66
2025-09-27T23:49:20.456Z,59.9,21.1,1.914,50.4,0,60,0,0,0,0,0,0,0,0,66
2025-09-27T23:49:21.452Z,59.9,21.1,1.914,50.4,0,60,0,0,0,0,0,0,0,0,66
2025-09-27T23:49:22.455Z,59.9,21.1,1.914,49.6,0,60,0,0,0,0,0,0,0,0,66
2025-09-27T23:49:23.461Z,59.9,21.1,1.915,50.4,0,60,0,0,0,0,0,0,0,0,66
2025-09-27T23:49:24.459Z,59.9,21.1,1.914,50.4,0,60,0,0,0,0,0,0,0,0,66
2025-09-27T23:49:25.456Z,59.9,21.1,1.915,49.6,0,60,0,0,0,0,0,0,0,0,66
2025-09-27T23:49:26.459Z,59.9,21.1,1.914,49.6,0,60,0,0,0,0,0,0,0,0,66
2025-09-27T23:49:27.462Z,59.9,21.1,1.915,50.4,0,60,0,0,0,0,0,0,0,0,66
2025-09-27T23:49:28.466Z,59.9,21.1,1.915,49.6,0,60,0,0,0,0,0,0,0,0,66
2025-09-27T23:49:29.462Z,59.9,21.1,1.915,49.6,0,60,0,0,0,0,0,0,0,0,66
2025-09-27T23:49:30.466Z,59.9,21.1,1.915,50.4,0,60,0,0,0,0,0,0,0,0,66
2025-09-27T23:49:31.466Z,59.9,21.1,1.915,50.4,0,60,0,0,0,0,0,0,0,0,66
2025-09-27T23:49:32.468Z,59.9,21.1,1.914,49.6,0,60,0,0,0,0,0,0,0,0,66
2025-09-27T23:49:33.469Z,59.8,21.1,1.914,50.4,0,60,0,0,0,0,0,0,0,0,66
2025-09-27T23:49:34.468Z,59.8,21.1,1.915,49.6,0,60,0,0,0,0,0,0,0,0,66
2025-09-27T23:49:35.471Z,59.8,21.1,1.915,50.4,0,60,0,0,0,0,0,0,0,0,66
2025-09-27T23:49:36.472Z,59.8,21.1,1.915,50.4,0,60,0,0,0,0,0,0,0,0,66
2025-09-27T23:49:37.468Z,59.8,21.1,1.915,49.6,0,60,0,0,0,0,0,0,0,0,66
2025-09-27T23:49:38.470Z,59.8,21.1,1.915,50.4,0,60,0,0,0,0,0,0,0,0,66
2025-09-27T23:49:39.476Z,59.8,21.1,1.915,49.6,0,60,0,0,0,0,0,0,0,0,66
2025-09-27T23:49:40.474Z,59.8,21.1,1.915,50.4,0,60,0,0,0,0,0,0,0,0,66
2025-09-27T23:49:41.475Z,59.8,21.1,1.915,49.6,0,60,0,0,0,0,0,0,0,0,66
2025-09-27T23:49:42.478Z,59.8,21.1,1.915,50.4,0,60,0,0,0,0,0,0,0,0,66
2025-09-27T23:49:43.475Z,59.8,21.1,1.915,49.6,0,60,0,0,0,0,0,0,0,0,66
2025-09-27T23:49:44.481Z,59.8,21.1,1.915,49.6,0,60,0,0,0,0,0,0,0,0,66
2025-09-27T23:49:45.480Z,59.8,21.1,1.915,50.4,0,60,0,0,0,0,0,0,0,0,66
2025-09-27T23:49:46.478Z,59.8,21.1,1.915,49.6,0,60,0,0,0,0,0,0,0,0,66
2025-09-27T23:49:47.484Z,59.8,21.1,1.915,49.6,0,60,0,0,0,0,0,0,0,0,66
2025-09-27T23:49:48.483Z,59.8,21.1,1.915,50.4,0,60,0,0,0,0,0,0,0,0,66
2025-09-27T23:49:49.480Z,59.8,21.1,1.915,49.6,0,60,0,0,0,0,0,0,0,0,66
2025-09-27T23:49:50.483Z,59.8,21.1,1.915,49.6,0,60,0,0,0,0,0,0,0,0,66
2025-09-27T23:49:51.485Z,59.8,21.1,1.915,50.4,0,60,0,0,0,0,0,0,0,0,66
2025-09-27T23:49:52.490Z,59.8,21.1,1.915,49.6,0,60,0,0,0,0,0,0,0,0,66
2025-09-27T23:49:53.493Z,59.8,21.1,1.915,49.6,0,60,0,0,0,0,0,0,0,0,66
2025-09-27T23:49:54.486Z,59.8,21.1,1.915,50.4,0,60,0,0,0,0,0,0,0,0,66
2025-09-27T23:49:55.489Z,59.8,21.1,1.915,49.6,0,60,0,0,0,0,0,0,0,0,66
2025-09-27T23:49:56.486Z,59.8,21.1,1.915,49.6,0,60,0,0,0,0,0,0,0,0,66
2025-09-27T23:49:57.486Z,59.8,21.1,1.915,50.4,0,60,0,0,0,0,0,0,0,0,66
2025-09-27T23:49:58.484Z,59.7,21.1,1.915,50.4,0,60,0,0,0,0,0,0,0,0,66
2025-09-27T23:49:59.489Z,59.7,21.1,1.915,49.6,0,60,0,0,0,0,0,0,0,0,66
2025-09-27T23:50:00.494Z,59.7,21.1,1.915,50.4,0,60,0,0,0,0,0,0,0,0,66
2025-09-27T23:50:01.495Z,59.7,21.1,1.915,49.6,0,60,0,0,0,0,0,0,0,0,66
2025-09-27T23:50:02.494Z,59.7,21.1,1.915,49.6,0,60,0,0,0,0,0,0,0,0,66
2025-09-27T23:50:03.494Z,59.7,21.1,1.915,50.4,0,60,0,0,0,0,0,0,0,0,66
2025-09-27T23:50:04.501Z,59.7,21.1,1.915,50.4,0,60,0,0,0,0,0,0,0,0,66
2025-09-27T23:50:05.497Z,59.7,21.1,1.915,49.6,0,60,0,0,0,0,0,0,0,0,66
2025-09-27T23:50:06.496Z,59.7,21.1,1.915,50.4,0,60,0,0,0,0,0,0,0,0,66
2025-09-27T23:50:07.499Z,59.7,21.1,1.915,49.6,0,60,0,0,0,0,0,0,0,0,66
2025-09-27T23:50:08.499Z,59.7,21.1,1.915,50.4,0,60,0,0,0,0,0,0,0,0,66
2025-09-27T23:50:09.499Z,59.7,21.1,1.915,50.4,0,60,0,0,0,0,0,0,0,0,66
2025-09-27T23:50:10.497Z,59.7,21.1,1.915,49.6,0,60,0,0,0,0,0,0,0,0,66
2025-09-27T23:50:11.502Z,59.7,21.1,1.915,50.4,0,60,0,0,0,0,0,0,0,0,66
2025-09-27T23:50:12.504Z,59.7,21.1,1.916,49.6,0,60,0,0,0,0,0,0,0,0,66
2025-09-27T23:50:13.501Z,59.7,21.1,1.915,49.6,0,60,0,0,0,0,0,0,0,0,66
2025-09-27T23:50:14.501Z,59.7,21.1,1.915,50.4,0,60,0,0,0,0,0,0,0,0,66
2025-09-27T23:50:15.504Z,59.7,21.1,1.916,49.6,0,60,0,0,0,0,0,0,0,0,66
2025-09-27T23:50:16.511Z,59.7,21.1,1.916,50.4,0,60,0,0,0,0,0,0,0,0,66
2025-09-27T23:50:17.508Z,59.7,21.1,1.916,50.4,0,60,0,0,0,0,0,0,0,0,66
2025-09-27T23:50:18.510Z,59.7,21.1,1.916,49.6,0,60,0,0,0,0,0,0,0,0,66
2025-09-27T23:50:19.512Z,59.6,21.1,1.916,50.4,0,60,0,0,0,0,0,0,0,0,66
2025-09-27T23:50:20.512Z,59.6,21.1,1.916,49.6,0,60,0,0,0,0,0,0,0,0,66
2025-09-27T23:50:21.510Z,59.6,21.1,1.916,50.4,0,60,0,0,0,0,0,0,0,0,66
2025-09-27T23:50:22.513Z,59.6,21.1,1.916,49.6,0,60,0,0,0,0,0,0,0,0,66
2025-09-27T23:50:23.509Z,59.6,21.1,1.916,50.4,0,60,0,0,0,0,0,0,0,0,66
2025-09-27T23:50:24.517Z,59.6,21.1,1.916,49.6,0,60,0,0,0,0,0,0,0,0,66
2025-09-27T23:50:25.512Z,59.6,21.1,1.915,49.6,0,60,0,0,0,0,0,0,0,0,66
2025-09-27T23:50:26.512Z,59.6,21.1,1.915,50.4,0,60,0,0,0,0,0,0,0,0,66
2025-09-27T23:50:27.518Z,59.6,21.1,1.916,49.6,0,60,0,0,0,0,0,0,0,0,66
2025-09-27T23:50:28.516Z,59.6,21.1,1.916,50.4,0,60,0,0,0,0,0,0,0,0,66
2025-09-27T23:50:29.517Z,59.6,21.1,1.917,50.4,0,60,0,0,0,0,0,0,0,0,66
2025-09-27T23:50:30.519Z,59.6,21.1,1.917,49.6,0,60,0,0,0,0,0,0,0,0,66
2025-09-27T23:50:31.522Z,59.6,21.1,1.916,50.4,0,60,0,0,0,0,0,0,0,0,66
2025-09-27T23:50:32.519Z,59.6,21.1,1.916,49.6,0,60,0,0,0,0,0,0,0,0,66
2025-09-27T23:50:33.521Z,59.6,21.1,1.917,50.4,0,60,0,0,0,0,0,0,0,0,66
2025-09-27T23:50:34.522Z,59.6,21.1,1.916,49.6,0,60,0,0,0,0,0,0,0,0,66
2025-09-27T23:50:35.525Z,59.6,21.1,1.916,49.6,0,60,0,0,0,0,0,0,0,0,66
2025-09-27T23:50:36.529Z,59.6,21.1,1.917,50.4,0,60,0,0,0,0,0,0,0,0,66
2025-09-27T23:50:37.524Z,59.6,21.1,1.917,49.6,0,60,0,0,0,0,0,0,0,0,66
2025-09-27T23:50:38.526Z,59.6,21.1,1.917,50.4,0,60,0,0,0,0,0,0,0,0,66
2025-09-27T23:50:39.526Z,59.6,21.1,1.917,49.6,0,60,0,0,0,0,0,0,0,0,66
2025-09-27T23:50:40.524Z,59.6,21.1,1.917,49.6,0,60,0,0,0,0,0,0,0,0,66
2025-09-27T23:50:41.528Z,59.6,21.1,1.917,50.4,0,60,0,0,0,0,0,0,0,0,66
2025-09-27T23:50:42.529Z,59.5,21.1,1.917,50.4,0,60,0,0,0,0,0,0,0,0,66
2025-09-27T23:50:43.529Z,59.6,21.1,1.917,49.6,0,60,0,0,0,0,0,0,0,0,66
2025-09-27T23:50:44.532Z,59.5,21.1,1.917,50.4,0,60,0,0,0,0,0,0,0,0,66
2025-09-27T23:50:45.535Z,59.5,21.1,1.917,49.6,0,60,0,0,0,0,0,0,0,0,66
2025-09-27T23:50:46.533Z,59.5,21.1,1.917,50.4,0,60,0,0,0,0,0,0,0,0,66
2025-09-27T23:50:47.537Z,59.5,21.1,1.917,49.6,0,60,0,0,0,0,0,0,0,0,66
2025-09-27T23:50:48.535Z,59.5,21.1,1.917,50.4,0,60,0,0,0,0,0,0,0,0,66
2025-09-27T23:50:49.538Z,59.5,21.1,1.917,49.6,0,60,0,0,0,0,0,0,0,0,66
2025-09-27T23:50:50.544Z,59.5,21.1,1.916,49.6,0,60,0,0,0,0,0,0,0,0,66
2025-09-27T23:50:51.539Z,59.5,21.1,1.917,50.4,0,60,0,0,0,0,0,0,0,0,66
2025-09-27T23:50:52.540Z,59.5,21.1,1.917,49.6,0,60,0,0,0,0,0,0,0,0,66
2025-09-27T23:50:53.537Z,59.5,21.1,1.917,50.4,0,60,0,0,0,0,0,0,0,0,66
2025-09-27T23:50:54.538Z,59.5,21.1,1.917,49.6,0,60,0,0,0,0,0,0,0,0,66
2025-09-27T23:50:55.539Z,59.5,21.1,1.917,49.6,0,60,0,0,0,0,0,0,0,0,66
2025-09-27T23:50:56.540Z,59.5,21.1,1.917,50.4,0,60,0,0,0,0,0,0,0,0,66
2025-09-27T23:50:57.542Z,59.5,21.1,1.917,49.6,0,60,0,0,0,0,0,0,0,0,66
2025-09-27T23:50:58.545Z,59.5,21.1,1.917,49.6,0,60,0,0,0,0,0,0,0,0,66
2025-09-27T23:50:59.546Z,59.5,21.1,1.917,50.4,0,60,0,0,0,0,0,0,0,0,66
2025-09-27T23:51:00.544Z,59.5,21.1,1.917,49.6,0,60,0,0,0,0,0,0,0,0,66
2025-09-27T23:51:01.542Z,59.5,21.1,1.917,50.4,0,60,0,0,0,0,0,0,0,0,66
2025-09-27T23:51:02.546Z,59.5,21.1,1.917,50.4,0,60,0,0,0,0,0,0,0,0,66
2025-09-27T23:51:03.552Z,59.5,21.1,1.916,49.6,0,60,0,0,0,0,0,0,0,0,66
2025-09-27T23:51:04.549Z,59.5,21.1,1.917,50.4,0,60,0,0,0,0,0,0,0,0,66
2025-09-27T23:51:05.548Z,59.5,21.1,1.917,49.6,0,60,0,0,0,0,0,0,0,0,66
2025-09-27T23:51:06.556Z,59.5,21.1,1.916,50.4,0,60,0,0,0,0,0,0,0,0,66
2025-09-27T23:51:07.552Z,59.5,21.1,1.917,49.6,0,60,0,0,0,0,0,0,0,0,66
2025-09-27T23:51:08.553Z,59.5,21.1,1.917,50.4,0,60,0,0,0,0,0,0,0,0,66
2025-09-27T23:51:09.556Z,59.5,21.1,1.916,50.4,0,60,0,0,0,0,0,0,0,0,66
2025-09-27T23:51:10.553Z,59.5,21.1,1.917,49.6,0,60,0,0,0,0,0,0,0,0,66
2025-09-27T23:51:11.556Z,59.5,21.1,1.917,49.6,0,60,0,0,0,0,0,0,0,0,66
2025-09-27T23:51:12.556Z,59.5,21.1,1.917,49.6,0,60,0,0,0,0,0,0,0,0,66
2025-09-27T23:51:13.557Z,59.5,21.1,1.917,50.4,0,60,0,0,0,0,0,0,0,0,66
2025-09-27T23:51:14.562Z,59.5,21.1,1.916,49.6,0,60,0,0,0,0,0,0,0,0,66
2025-09-27T23:51:15.559Z,59.5,21.1,1.917,49.6,0,60,0,0,0,0,0,0,0,0,66
2025-09-27T23:51:16.560Z,59.5,21.1,1.917,50.4,0,60,0,0,0,0,0,0,0,0,66
2025-09-27T23:51:17.559Z,59.5,21.1,1.917,49.6,0,60,0,0,0,0,0,0,0,0,66
2025-09-27T23:51:18.567Z,59.5,21.1,1.916,50.4,0,60,0,0,0,0,0,0,0,0,66
2025-09-27T23:51:19.564Z,59.5,21.1,1.916,50.4,0,60,0,0,0,0,0,0,0,0,66
2025-09-27T23:51:20.567Z,59.5,21.1,1.916,49.6,0,60,0,0,0,0,0,0,0,0,66
2025-09-27T23:51:21.566Z,59.5,21.1,1.917,50.4,0,60,0,0,0,0,0,0,0,0,66
2025-09-27T23:51:22.568Z,59.4,21.1,1.916,49.6,0,60,0,0,0,0,0,0,0,0,66
2025-09-27T23:51:23.567Z,59.4,21.1,1.916,50.4,0,60,0,0,0,0,0,0,0,0,66
2025-09-27T23:51:24.568Z,59.4,21.1,1.916,49.6,0,60,0,0,0,0,0,0,0,0,66
2025-09-27T23:51:25.569Z,59.4,21.1,1.916,50.4,0,60,0,0,0,0,0,0,0,0,66
2025-09-27T23:51:26.575Z,59.4,21.1,1.916,49.6,0,60,0,0,0,0,0,0,0,0,66
2025-09-27T23:51:27.570Z,59.4,21.1,1.916,49.6,0,60,0,0,0,0,0,0,0,0,66
2025-09-27T23:51:28.571Z,59.4,21.1,1.916,50.4,0,60,0,0,0,0,0,0,0,0,66
2025-09-27T23:51:29.574Z,59.4,21.1,1.916,49.6,0,60,0,0,0,0,0,0,0,0,66
2025-09-27T23:51:30.575Z,59.4,21.1,1.916,50.4,0,60,0,0,0,0,0,0,0,0,66
2025-09-27T23:51:31.579Z,59.4,21.1,1.916,49.6,0,60,0,0,0,0,0,0,0,0,66
2025-09-27T23:51:32.575Z,59.4,21.1,1.916,50.4,0,60,0,0,0,0,0,0,0,0,66
2025-09-27T23:51:33.574Z,59.4,21.1,1.916,49.6,0,60,0,0,0,0,0,0,0,0,66
2025-09-27T23:51:34.574Z,59.4,21.1,1.916,49.6,0,60,0,0,0,0,0,0,0,0,66
2025-09-27T23:51:35.580Z,59.4,21.1,1.916,50.4,0,60,0,0,0,0,0,0,0,0,66
2025-09-27T23:51:36.577Z,59.4,21.1,1.916,49.6,0,60,0,0,0,0,0,0,0,0,66
2025-09-27T23:51:37.581Z,59.4,21.1,1.916,50.4,0,60,0,0,0,0,0,0,0,0,66
2025-09-27T23:51:38.582Z,59.4,21.1,1.916,49.6,0,60,0,0,0,0,0,0,0,0,66
2025-09-27T23:51:39.585Z,59.4,21.1,1.916,49.6,0,60,0,0,0,0,0,0,0,0,66
2025-09-27T23:51:40.585Z,59.4,21.1,1.916,50.4,0,60,0,0,0,0,0,0,0,0,66
2025-09-27T23:51:41.585Z,59.4,21.1,1.916,50.4,0,60,0,0,0,0,0,0,0,0,66
2025-09-27T23:51:42.587Z,59.4,21.1,1.916,49.6,0,60,0,0,0,0,0,0,0,0,66
2025-09-27T23:51:43.590Z,59.4,21.1,1.916,50.4,0,60,0,0,0,0,0,0,0,0,66
2025-09-27T23:51:44.586Z,59.4,21.1,1.916,49.6,0,60,0,0,0,0,0,0,0,0,66
2025-09-27T23:51:45.589Z,59.4,21.1,1.916,50.4,0,60,0,0,0,0,0,0,0,0,66
2025-09-27T23:51:46.592Z,59.4,21.1,1.916,49.6,0,60,0,0,0,0,0,0,0,0,66
2025-09-27T23:51:47.599Z,59.4,21.1,1.917,50.4,0,60,0,0,0,0,0,0,0,0,66
2025-09-27T23:51:48.592Z,59.4,21.1,1.916,49.6,0,60,0,0,0,0,0,0,0,0,66
2025-09-27T23:51:49.592Z,59.4,21.1,1.916,50.4,0,60,0,0,0,0,0,0,0,0,66
2025-09-27T23:51:50.604Z,59.4,21.1,1.917,49.6,0,60,0,0,0,0,0,0,0,0,66
2025-09-27T23:51:51.592Z,59.4,21.1,1.916,49.6,0,60,0,0,0,0,0,0,0,0,66
2025-09-27T23:51:52.596Z,59.4,21.1,1.916,50.4,0,60,0,0,0,0,0,0,0,0,66
2025-09-27T23:51:53.598Z,59.4,21.1,1.916,49.6,0,60,0,0,0,0,0,0,0,0,66
2025-09-27T23:51:54.597Z,59.4,21.1,1.916,50.4,0,60,0,0,0,0,0,0,0,0,66
2025-09-27T23:51:55.604Z,59.4,21.1,1.917,49.6,0,60,0,0,0,0,0,0,0,0,66
2025-09-27T23:51:56.598Z,59.4,21.1,1.916,49.6,0,60,0,0,0,0,0,0,0,0,66
2025-09-27T23:51:57.600Z,59.4,21.1,1.916,50.4,0,60,0,0,0,0,0,0,0,0,66
2025-09-27T23:51:58.604Z,59.4,21.1,1.917,49.6,0,60,0,0,0,0,0,0,0,0,66
2025-09-27T23:51:59.606Z,59.4,21.1,1.917,49.6,0,60,0,0,0,0,0,0,0,0,66
2025-09-27T23:52:00.602Z,59.4,21.1,1.916,50.4,0,60,0,0,0,0,0,0,0,0,66
2025-09-27T23:52:01.604Z,59.4,21.1,1.916,49.6,0,60,0,0,0,0,0,0,0,0,66
2025-09-27T23:52:02.605Z,59.4,21.1,1.916,49.6,0,60,0,0,0,0,0,0,0,0,66
2025-09-27T23:52:03.607Z,59.4,21.1,1.916,50.4,0,60,0,0,0,0,0,0,0,0,66
2025-09-27T23:52:04.610Z,59.4,21.1,1.917,49.6,0,60,0,0,0,0,0,0,0,0,66
2025-09-27T23:52:05.607Z,59.4,21.1,1.916,49.6,0,60,0,0,0,0,0,0,0,0,66
2025-09-27T23:52:06.615Z,59.4,21.1,1.917,50.4,0,60,0,0,0,0,0,0,0,0,66
2025-09-27T23:52:07.616Z,59.4,21.1,1.917,49.6,0,60,0,0,0,0,0,0,0,0,66
2025-09-27T23:52:08.606Z,59.4,21.1,1.916,50.4,0,60,0,0,0,0,0,0,0,0,66
2025-09-27T23:52:09.612Z,59.4,21.1,1.917,50.4,0,60,0,0,0,0,0,0,0,0,66
2025-09-27T23:52:10.613Z,59.4,21.1,1.916,49.6,0,60,0,0,0,0,0,0,0,0,66
2025-09-27T23:52:11.615Z,59.4,21.1,1.917,50.4,0,60,0,0,0,0,0,0,0,0,66
2025-09-27T23:52:12.614Z,59.4,21.1,1.917,50.4,0,60,0,0,0,0,0,0,0,0,66
2025-09-27T23:52:13.620Z,59.4,21.1,1.917,49.6,0,60,0,0,0,0,0,0,0,0,66
2025-09-27T23:52:14.617Z,59.4,21.1,1.917,50.4,0,60,0,0,0,0,0,0,0,0,66
2025-09-27T23:52:15.613Z,59.4,21.1,1.916,49.6,0,60,0,0,0,0,0,0,0,0,66
2025-09-27T23:52:16.619Z,59.4,21.1,1.917,50.4,0,60,0,0,0,0,0,0,0,0,66
2025-09-27T23:52:17.619Z,59.4,21.1,1.917,49.6,0,60,0,0,0,0,0,0,0,0,66
2025-09-27T23:52:18.620Z,59.4,21.1,1.917,49.6,0,60,0,0,0,0,0,0,0,0,66
2025-09-27T23:52:19.623Z,59.4,21.1,1.917,50.4,0,60,0,0,0,0,0,0,0,0,66
2025-09-27T23:52:20.622Z,59.4,21.1,1.917,50.4,0,60,0,0,0,0,0,0,0,0,66
2025-09-27T23:52:21.623Z,59.4,21.1,1.917,49.6,0,60,0,0,0,0,0,0,0,0,66
2025-09-27T23:52:22.622Z,59.4,21.1,1.917,50.4,0,60,0,0,0,0,0,0,0,0,66
2025-09-27T23:52:23.623Z,59.4,21.1,1.917,49.6,0,60,0,0,0,0,0,0,0,0,66
2025-09-27T23:52:24.623Z,59.4,21.1,1.917,50.4,0,60,0,0,0,0,0,0,0,0,66
2025-09-27T23:52:25.624Z,59.4,21.1,1.917,49.6,0,60,0,0,0,0,0,0,0,0,66
2025-09-27T23:52:26.627Z,59.4,21.1,1.917,50.4,0,60,0,0,0,0,0,0,0,0,66
2025-09-27T23:52:27.629Z,59.4,21.1,1.917,49.6,0,60,0,0,0,0,0,0,0,0,66
2025-09-27T23:52:28.626Z,59.4,21.1,1.917,49.6,0,60,0,0,0,0,0,0,0,0,66
2025-09-27T23:52:29.629Z,59.4,21.1,1.917,50.4,0,60,0,0,0,0,0,0,0,0,66
2025-09-27T23:52:30.635Z,59.4,21.1,1.916,49.6,0,60,0,0,0,0,0,0,0,0,66
2025-09-27T23:52:31.630Z,59.4,21.1,1.917,50.4,0,60,0,0,0,0,0,0,0,0,66
2025-09-27T23:52:32.633Z,59.4,21.1,1.917,49.6,0,60,0,0,0,0,0,0,0,0,66
2025-09-27T23:52:33.633Z,59.4,21.1,1.917,49.6,0,60,0,0,0,0,0,0,0,0,66
2025-09-27T23:52:34.635Z,59.4,21.1,1.917,50.4,0,60,0,0,0,0,0,0,0,0,66
2025-09-27T23:52:35.632Z,59.4,21.1,1.917,49.6,0,60,0,0,0,0,0,0,0,0,66
2025-09-27T23:52:36.637Z,59.4,21.1,1.917,49.6,0,60,0,0,0,0,0,0,0,0,66
2025-09-27T23:52:37.641Z,59.4,21.1,1.917,50.4,0,60,0,0,0,0,0,0,0,0,66
2025-09-27T23:52:38.646Z,59.4,21.1,1.916,49.6,0,60,0,0,0,0,0,0,0,0,66
2025-09-27T23:52:39.639Z,59.4,21.1,1.917,50.4,0,60,0,0,0,0,0,0,0,0,66
2025-09-27T23:52:40.645Z,59.4,21.1,1.917,50.4,0,60,0,0,0,0,0,0,0,0,66
2025-09-27T23:52:41.644Z,59.4,21.1,1.917,49.6,0,60,0,0,0,0,0,0,0,0,66
2025-09-27T23:52:42.646Z,59.4,21.1,1.917,50.4,0,60,0,0,0,0,0,0,0,0,66
2025-09-27T23:52:43.645Z,59.4,21.1,1.917,49.6,0,60,0,0,0,0,0,0,0,0,66
2025-09-27T23:52:44.644Z,59.4,21.1,1.917,50.4,0,60,0,0,0,0,0,0,0,0,66
2025-09-27T23:52:45.646Z,59.4,21.1,1.917,49.6,0,60,0,0,0,0,0,0,0,0,66
2025-09-27T23:52:46.649Z,59.4,21.1,1.916,50.4,0,60,0,0,0,0,0,0,0,0,66
2025-09-27T23:52:47.650Z,59.4,21.1,1.916,49.6,0,60,0,0,0,0,0,0,0,0,66
2025-09-27T23:52:48.649Z,59.4,21.1,1.917,50.4,0,60,0,0,0,0,0,0,0,0,66
2025-09-27T23:52:49.657Z,59.4,21.1,1.916,50.4,0,60,0,0,0,0,0,0,0,0,66
2025-09-27T23:52:50.652Z,59.4,21.1,1.916,49.6,0,60,0,0,0,0,0,0,0,0,66
2025-09-27T23:52:51.654Z,59.4,21.1,1.916,50.4,0,60,0,0,0,0,0,0,0,0,66
2025-09-27T23:52:52.654Z,59.4,21.1,1.916,49.6,0,60,0,0,0,0,0,0,0,0,66
2025-09-27T23:52:53.658Z,59.4,21.1,1.916,50.4,0,60,0,0,0,0,0,0,0,0,66
2025-09-27T23:52:54.655Z,59.4,21.1,1.916,49.6,0,60,0,0,0,0,0,0,0,0,66
2025-09-27T23:52:55.665Z,59.4,21.1,1.917,49.6,0,60,0,0,0,0,0,0,0,0,66
2025-09-27T23:52:56.657Z,59.4,21.1,1.916,50.4,0,60,0,0,0,0,0,0,0,0,66
2025-09-27T23:52:57.655Z,59.4,21.1,1.916,49.6,0,60,0,0,0,0,0,0,0,0,66
2025-09-27T23:52:58.657Z,59.4,21.1,1.916,50.4,0,60,0,0,0,0,0,0,0,0,66
2025-09-27T23:52:59.659Z,59.4,21.1,1.916,49.6,0,60,0,0,0,0,0,0,0,0,66
2025-09-27T23:53:00.658Z,59.4,21.1,1.916,49.6,0,60,0,0,0,0,0,0,0,0,66
2025-09-27T23:53:01.660Z,59.4,21.1,1.916,50.4,0,60,0,0,0,0,0,0,0,0,66
2025-09-27T23:53:02.661Z,59.4,21.1,1.916,49.6,0,60,0,0,0,0,0,0,0,0,66
2025-09-27T23:53:03.661Z,59.4,21.1,1.916,50.4,0,60,0,0,0,0,0,0,0,0,66
2025-09-27T23:53:04.661Z,59.4,21.1,1.916,49.6,0,60,0,0,0,0,0,0,0,0,66
2025-09-27T23:53:05.665Z,59.4,21.1,1.916,49.6,0,60,0,0,0,0,0,0,0,0,66
2025-09-27T23:53:06.666Z,59.4,21.1,1.916,50.4,0,60,0,0,0,0,0,0,0,0,66
2025-09-27T23:53:07.671Z,59.4,21.1,1.916,49.6,0,60,0,0,0,0,0,0,0,0,66
2025-09-27T23:53:08.667Z,59.4,21.1,1.916,50.4,0,60,0,0,0,0,0,0,0,0,66
2025-09-27T23:53:09.667Z,59.4,21.1,1.916,49.6,0,60,0,0,0,0,0,0,0,0,66
2025-09-27T23:53:10.672Z,59.4,21.1,1.916,49.6,0,60,0,0,0,0,0,0,0,0,66
2025-09-27T23:53:11.670Z,59.4,21.1,1.916,50.4,0,60,0,0,0,0,0,0,0,0,66
2025-09-27T23:53:12.675Z,59.5,21.1,1.916,49.6,0,60,0,0,0,0,0,0,0,0,66
2025-09-27T23:53:13.675Z,59.5,21.1,1.916,50.4,0,60,0,0,0,0,0,0,0,0,66
2025-09-27T23:53:14.673Z,59.5,21.1,1.916,50.4,0,60,0,0,0,0,0,0,0,0,66
2025-09-27T23:53:15.678Z,59.5,21.1,1.917,49.6,0,60,0,0,0,0,0,0,0,0,66
2025-09-27T23:53:16.680Z,59.5,21.1,1.917,50.4,0,60,0,0,0,0,0,0,0,0,66
2025-09-27T23:53:17.675Z,59.5,21.1,1.916,49.6,0,60,0,0,0,0,0,0,0,0,66
2025-09-27T23:53:18.680Z,59.5,21.1,1.917,50.4,0,60,0,0,0,0,0,0,0,0,66
2025-09-27T23:53:19.681Z,59.5,21.1,1.917,49.6,0,60,0,0,0,0,0,0,0,0,66
2025-09-27T23:53:20.681Z,59.5,21.1,1.917,49.6,0,60,0,0,0,0,0,0,0,0,66
2025-09-27T23:53:21.679Z,59.5,21.1,1.916,50.4,0,60,0,0,0,0,0,0,0,0,66
2025-09-27T23:53:22.683Z,59.5,21.1,1.917,49.6,0,60,0,0,0,0,0,0,0,0,66
2025-09-27T23:53:23.680Z,59.5,21.1,1.916,50.4,0,60,0,0,0,0,0,0,0,0,66
2025-09-27T23:53:24.683Z,59.5,21.1,1.917,49.6,0,60,0,0,0,0,0,0,0,0,66
2025-09-27T23:53:25.682Z,59.5,21.1,1.917,50.4,0,60,0,0,0,0,0,0,0,0,66
2025-09-27T23:53:26.684Z,59.5,21.1,1.917,50.4,0,60,0,0,0,0,0,0,0,0,66
2025-09-27T23:53:27.687Z,59.5,21.1,1.917,49.6,0,60,0,0,0,0,0,0,0,0,66
2025-09-27T23:53:28.682Z,59.5,21.1,1.916,50.4,0,60,0,0,0,0,0,0,0,0,66
2025-09-27T23:53:29.684Z,59.5,21.1,1.915,49.6,0,60,0,0,0,0,0,0,0,0,66
2025-09-27T23:53:30.686Z,59.5,21.1,1.915,50.4,0,60,0,0,0,0,0,0,0,0,66
2025-09-27T23:53:31.688Z,59.5,21.1,1.917,49.6,0,60,0,0,0,0,0,0,0,0,66
2025-09-27T23:53:32.691Z,59.5,21.1,1.917,49.6,0,60,0,0,0,0,0,0,0,0,66
2025-09-27T23:53:33.687Z,59.5,21.1,1.916,50.4,0,60,0,0,0,0,0,0,0,0,66
2025-09-27T23:53:34.694Z,59.5,21.1,1.917,49.6,0,60,0,0,0,0,0,0,0,0,66
2025-09-27T23:53:35.694Z,59.5,21.1,1.917,49.6,0,60,0,0,0,0,0,0,0,0,66
2025-09-27T23:53:36.691Z,59.5,21.1,1.916,50.4,0,60,0,0,0,0,0,0,0,0,66
2025-09-27T23:53:37.694Z,59.5,21.1,1.916,49.6,0,60,0,0,0,0,0,0,0,0,66
2025-09-27T23:53:38.696Z,59.5,21.1,1.917,50.4,0,60,0,0,0,0,0,0,0,0,66
2025-09-27T23:53:39.695Z,59.5,21.1,1.917,49.6,0,60,0,0,0,0,0,0,0,0,66
2025-09-27T23:53:40.696Z,59.5,21.1,1.917,49.6,0,60,0,0,0,0,0,0,0,0,66
2025-09-27T23:53:41.702Z,59.5,21.1,1.917,50.4,0,60,0,0,0,0,0,0,0,0,66
2025-09-27T23:53:42.699Z,59.5,21.1,1.916,49.6,0,60,0,0,0,0,0,0,0,0,66
2025-09-27T23:53:43.703Z,59.5,21.1,1.917,50.4,0,60,0,0,0,0,0,0,0,0,66
2025-09-27T23:53:44.700Z,59.5,21.1,1.917,50.4,0,60,0,0,0,0,0,0,0,0,66
2025-09-27T23:53:45.700Z,59.6,21.1,1.916,49.6,0,60,0,0,0,0,0,0,0,0,66
2025-09-27T23:53:46.707Z,59.6,21.1,1.917,50.4,0,60,0,0,0,0,0,0,0,0,66
2025-09-27T23:53:47.711Z,59.6,21.1,1.917,49.6,0,60,0,0,0,0,0,0,0,0,66
2025-09-27T23:53:48.715Z,59.6,21.1,1.915,50.4,0,60,0,0,0,0,0,0,0,0,66
2025-09-27T23:53:49.704Z,59.6,21.1,1.916,49.6,0,60,0,0,0,0,0,0,0,0,66
2025-09-27T23:53:50.712Z,59.6,21.1,1.916,50.4,0,60,0,0,0,0,0,0,0,0,66
2025-09-27T23:53:51.705Z,59.6,21.1,1.916,49.6,0,60,0,0,0,0,0,0,0,0,66
2025-09-27T23:53:52.707Z,59.6,21.1,1.916,49.6,0,60,0,0,0,0,0,0,0,0,66
2025-09-27T23:53:53.706Z,59.6,21.1,1.916,50.4,0,60,0,0,0,0,0,0,0,0,66
2025-09-27T23:53:54.715Z,59.6,21.1,1.916,49.6,0,60,0,0,0,0,0,0,0,0,66
2025-09-27T23:53:55.708Z,59.6,21.1,1.916,49.6,0,60,0,0,0,0,0,0,0,0,66
2025-09-27T23:53:56.712Z,59.6,21.1,1.916,50.4,0,60,0,0,0,0,0,0,0,0,66
2025-09-27T23:53:57.711Z,59.6,21.1,1.916,49.6,0,60,0,0,0,0,0,0,0,0,66
2025-09-27T23:53:58.718Z,59.6,21.1,1.916,50.4,0,60,0,0,0,0,0,0,0,0,66
2025-09-27T23:53:59.717Z,59.6,21.1,1.915,49.6,0,60,0,0,0,0,0,0,0,0,66
2025-09-27T23:54:00.719Z,59.6,21.1,1.916,49.6,0,60,0,0,0,0,0,0,0,0,66
2025-09-27T23:54:01.716Z,59.6,21.1,1.916,50.4,0,60,0,0,0,0,0,0,0,0,66
2025-09-27T23:54:02.724Z,59.6,21.1,1.915,49.6,0,60,0,0,0,0,0,0,0,0,66
2025-09-27T23:54:03.718Z,59.6,21.1,1.915,50.4,0,60,0,0,0,0,0,0,0,0,66
2025-09-27T23:54:04.720Z,59.6,21.1,1.915,50.4,0,60,0,0,0,0,0,0,0,0,66
2025-09-27T23:54:05.721Z,59.6,21.1,1.915,49.6,0,60,0,0,0,0,0,0,0,0,66
2025-09-27T23:54:06.724Z,59.6,21.1,1.915,50.4,0,60,0,0,0,0,0,0,0,0,66
2025-09-27T23:54:07.720Z,59.7,21.1,1.915,49.6,0,60,0,0,0,0,0,0,0,0,66
2025-09-27T23:54:08.725Z,59.7,21.1,1.915,49.6,0,60,0,0,0,0,0,0,0,0,66
2025-09-27T23:54:09.718Z,59.7,21.1,1.915,50.4,0,60,0,0,0,0,0,0,0,0,66
2025-09-27T23:54:10.729Z,59.7,21.1,1.915,49.6,0,60,0,0,0,0,0,0,0,0,66
2025-09-27T23:54:11.722Z,59.7,21.1,1.915,49.6,0,60,0,0,0,0,0,0,0,0,66
2025-09-27T23:54:12.727Z,59.7,21.1,1.915,50.4,0,60,0,0,0,0,0,0,0,0,66
2025-09-27T23:54:13.728Z,59.7,21.1,1.915,50.4,0,60,0,0,0,0,0,0,0,0,66
2025-09-27T23:54:14.728Z,59.7,21.1,1.915,49.6,0,60,0,0,0,0,0,0,0,0,66
2025-09-27T23:54:15.729Z,59.7,21.1,1.915,50.4,0,60,0,0,0,0,0,0,0,0,66
2025-09-27T23:54:16.724Z,59.7,21.1,1.915,49.6,0,60,0,0,0,0,0,0,0,0,66
2025-09-27T23:54:17.731Z,59.7,21.1,1.915,50.4,0,60,0,0,0,0,0,0,0,0,66
2025-09-27T23:54:18.730Z,59.7,21.1,1.915,49.6,0,60,0,0,0,0,0,0,0,0,66
2025-09-27T23:54:19.732Z,59.7,21.1,1.915,49.6,0,60,0,0,0,0,0,0,0,0,66
2025-09-27T23:54:20.736Z,59.7,21.1,1.915,50.4,0,60,0,0,0,0,0,0,0,0,66
2025-09-27T23:54:21.744Z,59.7,21.1,1.915,49.6,0,60,0,0,0,0,0,0,0,0,66
2025-09-27T23:54:22.732Z,59.7,21.1,1.915,49.6,0,60,0,0,0,0,0,0,0,0,66
2025-09-27T23:54:23.731Z,59.7,21.1,1.915,50.4,0,60,0,0,0,0,0,0,0,0,66
2025-09-27T23:54:24.736Z,59.7,21.1,1.915,50.4,0,60,0,0,0,0,0,0,0,0,66
2025-09-27T23:54:25.735Z,59.7,21.1,1.915,49.6,0,60,0,0,0,0,0,0,0,0,66
2025-09-27T23:54:26.735Z,59.8,21.1,1.915,50.4,0,60,0,0,0,0,0,0,0,0,66
2025-09-27T23:54:27.744Z,59.8,21.1,1.915,49.6,0,60,0,0,0,0,0,0,0,0,66
2025-09-27T23:54:28.733Z,59.8,21.1,1.915,50.4,0,60,0,0,0,0,0,0,0,0,66
2025-09-27T23:54:29.737Z,59.8,21.1,1.915,49.6,0,60,0,0,0,0,0,0,0,0,66
2025-09-27T23:54:30.740Z,59.8,21.1,1.915,50.4,0,60,0,0,0,0,0,0,0,0,66
2025-09-27T23:54:31.741Z,59.8,21.1,1.915,49.6,0,60,0,0,0,0,0,0,0,0,66
2025-09-27T23:54:32.738Z,59.8,21.1,1.915,49.6,0,60,0,0,0,0,0,0,0,0,66
2025-09-27T23:54:33.736Z,59.8,21.1,1.915,50.4,0,60,0,0,0,0,0,0,0,0,66
2025-09-27T23:54:34.745Z,59.8,21.1,1.915,49.6,0,60,0,0,0,0,0,0,0,0,66
2025-09-27T23:54:35.741Z,59.8,21.1,1.915,49.6,0,60,0,0,0,0,0,0,0,0,66
2025-09-27T23:54:36.744Z,59.8,21.1,1.915,50.4,0,60,0,0,0,0,0,0,0,0,66
2025-09-27T23:54:37.749Z,59.8,21.1,1.915,49.6,0,60,0,0,0,0,0,0,0,0,66
2025-09-27T23:54:38.750Z,59.8,21.1,1.915,49.6,0,60,0,0,0,0,0,0,0,0,66
2025-09-27T23:54:39.748Z,59.8,21.1,1.914,50.4,0,60,0,0,0,0,0,0,0,0,66
2025-09-27T23:54:40.747Z,59.8,21.1,1.914,49.6,0,60,0,0,0,0,0,0,0,0,66
2025-09-27T23:54:41.753Z,59.8,21.1,1.914,49.6,0,60,0,0,0,0,0,0,0,0,66
2025-09-27T23:54:42.757Z,59.8,21.1,1.914,50.4,0,60,0,0,0,0,0,0,0,0,66
2025-09-27T23:54:43.755Z,59.8,21.1,1.914,50.4,0,60,0,0,0,0,0,0,0,0,66
2025-09-27T23:54:44.753Z,59.9,21.1,1.914,49.6,0,60,0,0,0,0,0,0,0,0,66
2025-09-27T23:54:45.754Z,59.9,21.1,1.914,50.4,0,60,0,0,0,0,0,0,0,0,66
2025-09-27T23:54:46.755Z,59.9,21.1,1.914,50.4,0,60,0,0,0,0,0,0,0,0,66
2025-09-27T23:54:47.753Z,59.9,21.1,1.913,49.6,0,60,0,0,0,0,0,0,0,0,66
2025-09-27T23:54:48.758Z,59.9,21.1,1.914,50.4,0,60,0,0,0,0,0,0,0,0,66
2025-09-27T23:54:49.754Z,59.9,21.1,1.913,49.6,0,60,0,0,0,0,0,0,0,0,66
2025-09-27T23:54:50.759Z,59.9,21.1,1.914,49.6,0,60,0,0,0,0,0,0,0,0,66
2025-09-27T23:54:51.761Z,59.9,21.1,1.913,50.4,0,60,0,0,0,0,0,0,0,0,66
2025-09-27T23:54:52.759Z,59.9,21.1,1.913,50.4,0,60,0,0,0,0,0,0,0,0,66
2025-09-27T23:54:53.761Z,59.9,21.1,1.913,49.6,0,60,0,0,0,0,0,0,0,0,66
2025-09-27T23:54:54.763Z,59.9,21.1,1.913,50.4,0,60,0,0,0,0,0,0,0,0,66
2025-09-27T23:54:55.763Z,59.9,21.1,1.914,49.6,0,60,0,0,0,0,0,0,0,0,66
2025-09-27T23:54:56.764Z,59.9,21.1,1.913,50.4,0,59.9,0,0,0,0,0,0,0,0,66
2025-09-27T23:54:57.767Z,59.9,21.1,1.913,49.6,0,60,0,0,0,0,0,0,0,0,66
2025-09-27T23:54:58.767Z,60,21.1,1.913,50.4,0,59.9,0,0,0,0,0,0,0,0,66
2025-09-27T23:54:59.768Z,60,21.1,1.913,50.4,0,60,0,0,0,0,0,0,0,0,66
2025-09-27T23:55:00.766Z,60,21.1,1.913,49.6,0,60,0,0,0,0,0,0,0,0,66
2025-09-27T23:55:01.772Z,60,21.1,1.914,49.6,0,60,0,0,0,0,0,0,0,0,66
2025-09-27T23:55:02.775Z,60,21.1,1.914,49.6,0,59.9,0,0,0,0,0,0,0,0,66
2025-09-27T23:55:03.775Z,60,21.1,1.914,50.4,0,60,0,0,0,0,0,0,0,0,66
2025-09-27T23:55:04.775Z,60,21.1,1.914,50.4,0,60,0,0,0,0,0,0,0,0,66
2025-09-27T23:55:05.771Z,60,21.1,1.913,49.6,0,60,0,0,0,0,0,0,0,0,66
2025-09-27T23:55:06.778Z,60,21.1,1.914,49.6,0,60,0,0,0,0,0,0,0,0,66
2025-09-27T23:55:07.776Z,60,21.1,1.914,49.6,0,60,0,0,0,0,0,0,0,0,66
2025-09-27T23:55:08.774Z,60,21.1,1.913,50.4,0,59.9,0,0,0,0,0,0,0,0,66
2025-09-27T23:55:09.782Z,60,21.1,1.914,50.4,0,59.9,0,0,0,0,0,0,0,0,66
2025-09-27T23:55:10.783Z,60.1,21.1,1.914,49.6,0,59.9,0,0,0,0,0,0,0,0,66
2025-09-27T23:55:11.788Z,60.1,21.1,1.914,50.4,0,59.9,0,0,0,0,0,0,0,0,66
2025-09-27T23:55:12.782Z,60.1,21.1,1.914,49.6,0,59.9,0,0,0,0,0,0,0,0,66
2025-09-27T23:55:13.785Z,60.1,21.1,1.914,50.4,0,59.9,0,0,0,0,0,0,0,0,66
2025-09-27T23:55:14.783Z,60.1,21.1,1.914,49.6,0,59.9,0,0,0,0,0,0,0,0,66
2025-09-27T23:55:15.786Z,60.1,21.1,1.913,49.6,0,59.9,0,0,0,0,0,0,0,0,66
2025-09-27T23:55:16.785Z,60.1,21.1,1.914,50.4,0,59.9,0,0,0,0,0,0,0,0,66
2025-09-27T23:55:17.788Z,60.1,21.1,1.914,49.6,0,59.9,0,0,0,0,0,0,0,0,66
2025-09-27T23:55:18.788Z,60.1,21.1,1.914,49.6,0,59.9,0,0,0,0,0,0,0,0,66
2025-09-27T23:55:19.787Z,60.1,21.1,1.914,50.4,0,59.9,0,0,0,0,0,0,0,0,66
2025-09-27T23:55:20.791Z,60.1,21.1,1.914,49.6,0,59.9,0,0,0,0,0,0,0,0,66
2025-09-27T23:55:21.791Z,60.1,21.1,1.914,49.6,0,59.9,0,0,0,0,0,0,0,0,66
2025-09-27T23:55:22.789Z,60.1,21.1,1.914,50.4,0,59.9,0,0,0,0,0,0,0,0,66
2025-09-27T23:55:23.792Z,60.1,21.1,1.913,50.4,0,59.9,0,0,0,0,0,0,0,0,66
2025-09-27T23:55:24.792Z,60.1,21.1,1.913,49.6,0,59.9,0,0,0,0,0,0,0,0,66
2025-09-27T23:55:25.794Z,60.2,21.1,1.913,50.4,0,60,0,0,0,0,0,0,0,0,66
2025-09-27T23:55:26.799Z,60.2,21.1,1.912,49.6,0,59.9,0,0,0,0,0,0,0,0,66
2025-09-27T23:55:27.806Z,60.2,21.1,1.912,49.6,0,59.9,0,0,0,0,0,0,0,0,66
2025-09-27T23:55:28.795Z,60.2,21.1,1.913,50.4,0,59.9,0,0,0,0,0,0,0,0,66
2025-09-27T23:55:29.797Z,60.2,21.1,1.913,50.4,0,59.9,0,0,0,0,0,0,0,0,66
2025-09-27T23:55:30.802Z,60.2,21.1,1.912,49.6,0,59.9,0,0,0,0,0,0,0,0,66
2025-09-27T23:55:31.799Z,60.2,21.1,1.912,50.4,0,59.9,0,0,0,0,0,0,0,0,66
2025-09-27T23:55:32.801Z,60.2,21.1,1.912,49.6,0,60,0,0,0,0,0,0,0,0,66
2025-09-27T23:55:33.802Z,60.2,21.1,1.912,50.4,0,60,0,0,0,0,0,0,0,0,66
2025-09-27T23:55:34.803Z,60.2,21.1,1.912,49.6,0,59.9,0,0,0,0,0,0,0,0,66
2025-09-27T23:55:35.808Z,60.2,21.1,1.912,49.6,0,59.9,0,0,0,0,0,0,0,0,66
2025-09-27T23:55:36.801Z,60.2,21.1,1.912,50.4,0,59.9,0,0,0,0,0,0,0,0,66
2025-09-27T23:55:37.804Z,60.3,21.1,1.912,50.4,0,59.9,0,0,0,0,0,0,0,0,66
2025-09-27T23:55:38.805Z,60.3,21.1,1.912,49.6,0,60,0,0,0,0,0,0,0,0,66
2025-09-27T23:55:39.808Z,60.3,21.1,1.912,49.6,0,59.9,0,0,0,0,0,0,0,0,66
2025-09-27T23:55:40.804Z,60.3,21.1,1.912,49.6,0,59.9,0,0,0,0,0,0,0,0,66
2025-09-27T23:55:41.808Z,60.3,21.1,1.912,50.4,0,59.9,0,0,0,0,0,0,0,0,66
2025-09-27T23:55:42.811Z,60.3,21.1,1.912,50.4,0,59.9,0,0,0,0,0,0,0,0,66
2025-09-27T23:55:43.812Z,60.3,21.1,1.912,49.6,0,59.9,0,0,0,0,0,0,0,0,66
2025-09-27T23:55:44.816Z,60.3,21.1,1.912,50.4,0,60,0,0,0,0,0,0,0,0,66
2025-09-27T23:55:45.816Z,60.3,21.1,1.912,49.6,0,60,0,0,0,0,0,0,0,0,66
2025-09-27T23:55:46.817Z,60.3,21.1,1.912,50.4,0,60,0,0,0,0,0,0,0,0,66
2025-09-27T23:55:47.819Z,60.3,21.1,1.912,50.4,0,60,0,0,0,0,0,0,0,0,66
2025-09-27T23:55:48.815Z,60.3,21.1,1.912,49.6,0,60,0,0,0,0,0,0,0,0,66
2025-09-27T23:55:49.818Z,60.3,21.1,1.912,50.4,0,59.9,0,0,0,0,0,0,0,0,66
2025-09-27T23:55:50.824Z,60.4,21.1,1.912,49.6,0,59.9,0,0,0,0,0,0,0,0,66
2025-09-27T23:55:51.817Z,60.4,21.1,1.912,50.4,0,59.9,0,0,0,0,0,0,0,0,66
2025-09-27T23:55:52.819Z,60.4,21.1,1.912,49.6,0,59.9,0,0,0,0,0,0,0,0,66
2025-09-27T23:55:53.821Z,60.4,21.1,1.912,50.4,0,59.9,0,0,0,0,0,0,0,0,66
2025-09-27T23:55:54.825Z,60.4,21.1,1.912,49.6,0,59.9,0,0,0,0,0,0,0,0,66
2025-09-27T23:55:55.824Z,60.4,21.1,1.912,50.4,0,59.9,0,0,0,0,0,0,0,0,66
2025-09-27T23:55:56.828Z,60.4,21.1,1.912,49.6,0,59.9,0,0,0,0,0,0,0,0,66
2025-09-27T23:55:57.825Z,60.4,21.1,1.912,49.6,0,60,0,0,0,0,0,0,0,0,66
2025-09-27T23:55:58.827Z,60.4,21.1,1.912,50.4,0,60,0,0,0,0,0,0,0,0,66
2025-09-27T23:55:59.832Z,60.4,21.1,1.912,49.6,0,60,0,0,0,0,0,0,0,0,66
2025-09-27T23:56:00.824Z,60.4,21.1,1.912,50.4,0,59.9,0,0,0,0,0,0,0,0,66
2025-09-27T23:56:01.832Z,60.4,21.1,1.912,50.4,0,60,0,0,0,0,0,0,0,0,66
2025-09-27T23:56:02.831Z,60.4,21.1,1.912,49.6,0,60,0,0,0,0,0,0,0,0,66
2025-09-27T23:56:03.831Z,60.5,21.1,1.912,49.6,0,60,0,0,0,0,0,0,0,0,66
2025-09-27T23:56:04.832Z,60.5,21.1,1.912,50.4,0,60,0,0,0,0,0,0,0,0,66
2025-09-27T23:56:05.828Z,60.5,21.1,1.912,50.4,0,60,0,0,0,0,0,0,0,0,66
2025-09-27T23:56:06.833Z,60.5,21.1,1.912,49.6,0,59.9,0,0,0,0,0,0,0,0,66
2025-09-27T23:56:07.833Z,60.5,21.1,1.912,50.4,0,60,0,0,0,0,0,0,0,0,66
2025-09-27T23:56:08.834Z,60.5,21.1,1.912,49.6,0,59.9,0,0,0,0,0,0,0,0,66
2025-09-27T23:56:09.836Z,60.5,21.1,1.912,49.6,0,59.9,0,0,0,0,0,0,0,0,66
2025-09-27T23:56:10.836Z,60.5,21.1,1.912,49.6,0,59.9,0,0,0,0,0,0,0,0,66
2025-09-27T23:56:11.843Z,60.5,21.1,1.912,50.4,0,59.9,0,0,0,0,0,0,0,0,66
2025-09-27T23:56:12.842Z,60.5,21.1,1.911,49.6,0,59.9,0,0,0,0,0,0,0,0,66
2025-09-27T23:56:13.837Z,60.5,21.1,1.911,49.6,0,59.9,0,0,0,0,0,0,0,0,66
2025-09-27T23:56:14.844Z,60.5,21.1,1.911,50.4,0,59.9,0,0,0,0,0,0,0,0,66
2025-09-27T23:56:15.841Z,60.5,21.1,1.911,49.6,0,59.9,0,0,0,0,0,0,0,0,66
2025-09-27T23:56:16.843Z,60.6,21.1,1.911,50.4,0,59.9,0,0,0,0,0,0,0,0,66
2025-09-27T23:56:17.841Z,60.6,21.1,1.911,50.4,0,59.9,0,0,0,0,0,0,0,0,66
2025-09-27T23:56:18.845Z,60.6,21.1,1.911,49.6,0,59.9,0,0,0,0,0,0,0,0,66
2025-09-27T23:56:19.845Z,60.6,21.1,1.911,49.6,0,59.9,0,0,0,0,0,0,0,0,66
2025-09-27T23:56:20.846Z,60.6,21.1,1.911,49.6,0,60,0,0,0,0,0,0,0,0,66
2025-09-27T23:56:21.846Z,60.6,21.1,1.911,50.4,0,59.9,0,0,0,0,0,0,0,0,66
2025-09-27T23:56:22.845Z,60.6,21.1,1.911,50.4,0,59.9,0,0,0,0,0,0,0,0,66
2025-09-27T23:56:23.846Z,60.6,21.1,1.911,49.6,0,59.9,0,0,0,0,0,0,0,0,66
2025-09-27T23:56:24.852Z,60.6,21.1,1.91,49.6,0,59.9,0,0,0,0,0,0,0,0,66
2025-09-27T23:56:25.845Z,60.6,21.1,1.911,49.6,0,59.9,0,0,0,0,0,0,0,0,66
2025-09-27T23:56:26.852Z,60.6,21.1,1.911,50.4,0,59.9,0,0,0,0,0,0,0,0,66
2025-09-27T23:56:27.853Z,60.6,21.1,1.911,50.4,0,59.9,0,0,0,0,0,0,0,0,66
2025-09-27T23:56:28.851Z,60.6,21.1,1.911,49.6,0,59.9,0,0,0,0,0,0,0,0,66
2025-09-27T23:56:29.851Z,60.6,21.1,1.911,50.4,0,59.9,0,0,0,0,0,0,0,0,66
2025-09-27T23:56:30.854Z,60.6,21.1,1.91,49.6,0,59.9,0,0,0,0,0,0,0,0,66
2025-09-27T23:56:31.859Z,60.7,21.1,1.91,49.6,0,59.9,0,0,0,0,0,0,0,0,66
2025-09-27T23:56:32.859Z,60.7,21.1,1.91,50.4,0,59.9,0,0,0,0,0,0,0,0,66
2025-09-27T23:56:33.861Z,60.7,21.1,1.91,49.6,0,59.9,0,0,0,0,0,0,0,0,66
2025-09-27T23:56:34.853Z,60.7,21.1,1.911,50.4,0,59.9,0,0,0,0,0,0,0,0,66
2025-09-27T23:56:35.858Z,60.7,21.1,1.911,50.4,0,59.9,0,0,0,0,0,0,0,0,66
2025-09-27T23:56:36.858Z,60.7,21.1,1.91,49.6,0,59.9,0,0,0,0,0,0,0,0,66
2025-09-27T23:56:37.865Z,60.7,21.1,1.91,50.4,0,59.9,0,0,0,0,0,0,0,0,66
2025-09-27T23:56:38.859Z,60.7,21.1,1.911,49.6,0,59.9,0,0,0,0,0,0,0,0,66
2025-09-27T23:56:39.861Z,60.7,21.1,1.911,50.4,0,59.9,0,0,0,0,0,0,0,0,66
2025-09-27T23:56:40.859Z,60.7,21.1,1.911,49.6,0,59.9,0,0,0,0,0,0,0,0,66
2025-09-27T23:56:41.862Z,60.7,21.1,1.911,49.6,0,59.9,0,0,0,0,0,0,0,0,66
2025-09-27T23:56:42.864Z,60.7,21.1,1.911,50.4,0,59.9,0,0,0,0,0,0,0,0,66
2025-09-27T23:56:43.866Z,60.7,21.1,1.91,49.6,0,59.9,0,0,0,0,0,0,0,0,66
2025-09-27T23:56:44.866Z,60.7,21.1,1.91,50.4,0,59.9,0,0,0,0,0,0,0,0,66
2025-09-27T23:56:45.867Z,60.8,21.1,1.91,49.6,0,59.9,0,0,0,0,0,0,0,0,66
2025-09-27T23:56:46.868Z,60.8,21.1,1.91,49.6,0,60,0,0,0,0,0,0,0,0,66
2025-09-27T23:56:47.869Z,60.8,21.1,1.91,50.4,0,59.9,0,0,0,0,0,0,0,0,66
2025-09-27T23:56:48.877Z,60.8,21.1,1.91,49.6,0,59.9,0,0,0,0,0,0,0,0,66
2025-09-27T23:56:49.871Z,60.8,21.1,1.91,50.4,0,59.9,0,0,0,0,0,0,0,0,66
2025-09-27T23:56:50.877Z,60.8,21.1,1.91,49.6,0,59.9,0,0,0,0,0,0,0,0,66
2025-09-27T23:56:51.872Z,60.8,21.1,1.91,50.4,0,59.9,0,0,0,0,0,0,0,0,66
2025-09-27T23:56:52.869Z,60.8,21.1,1.91,50.4,0,59.9,0,0,0,0,0,0,0,0,66
2025-09-27T23:56:53.871Z,60.8,21.1,1.91,49.6,0,59.9,0,0,0,0,0,0,0,0,66
2025-09-27T23:56:54.878Z,60.8,21.1,1.91,50.4,0,59.9,0,0,0,0,0,0,0,0,66
2025-09-27T23:56:55.875Z,60.8,21.1,1.91,49.6,0,59.9,0,0,0,0,0,0,0,0,66
2025-09-27T23:56:56.881Z,60.8,21.1,1.909,50.4,0,59.9,0,0,0,0,0,0,0,0,66
2025-09-27T23:56:57.881Z,60.8,21.1,1.91,49.6,0,59.9,0,0,0,0,0,0,0,0,66
2025-09-27T23:56:58.878Z,60.8,21.1,1.909,49.6,0,59.9,0,0,0,0,0,0,0,0,66
2025-09-27T23:56:59.886Z,60.8,21.1,1.91,50.4,0,59.9,0,0,0,0,0,0,0,0,66
2025-09-27T23:57:00.881Z,60.8,21.1,1.91,49.6,0,59.9,0,0,0,0,0,0,0,0,66
2025-09-27T23:57:01.880Z,60.8,21.1,1.909,50.4,0,59.9,0,0,0,0,0,0,0,0,66
2025-09-27T23:57:02.894Z,60.8,21.1,1.91,50.4,0,59.9,0,0,0,0,0,0,0,0,66
2025-09-27T23:57:03.880Z,60.8,21.1,1.909,49.6,0,59.9,0,0,0,0,0,0,0,0,66
2025-09-27T23:57:04.886Z,60.9,21.1,1.909,50.4,0,59.9,0,0,0,0,0,0,0,0,66
2025-09-27T23:57:05.893Z,60.9,21.1,1.91,49.6,0,59.9,0,0,0,0,0,0,0,0,66
2025-09-27T23:57:06.887Z,60.9,21.1,1.909,50.4,0,59.9,0,0,0,0,0,0,0,0,66
2025-09-27T23:57:07.891Z,60.9,21.1,1.91,49.6,0,59.9,0,0,0,0,0,0,0,0,66
2025-09-27T23:57:08.888Z,60.9,21.1,1.909,49.6,0,59.9,0,0,0,0,0,0,0,0,66
2025-09-27T23:57:09.891Z,60.9,21.1,1.909,50.4,0,59.9,0,0,0,0,0,0,0,0,66
2025-09-27T23:57:10.890Z,60.9,21.1,1.909,49.6,0,59.9,0,0,0,0,0,0,0,0,66
2025-09-27T23:57:11.892Z,60.9,21.1,1.909,49.6,0,59.9,0,0,0,0,0,0,0,0,66
2025-09-27T23:57:12.893Z,60.9,21.1,1.909,50.4,0,59.9,0,0,0,0,0,0,0,0,66
2025-09-27T23:57:13.892Z,60.9,21.1,1.909,49.6,0,59.9,0,0,0,0,0,0,0,0,66
2025-09-27T23:57:14.894Z,60.9,21.1,1.91,50.4,0,59.9,0,0,0,0,0,0,0,0,66
2025-09-27T23:57:15.892Z,60.9,21.1,1.909,50.4,0,59.9,0,0,0,0,0,0,0,0,66
2025-09-27T23:57:16.895Z,60.9,21.1,1.909,49.6,0,59.9,0,0,0,0,0,0,0,0,66
2025-09-27T23:57:17.897Z,60.9,21.1,1.909,50.4,0,59.9,0,0,0,0,0,0,0,0,66
2025-09-27T23:57:18.896Z,60.9,21.1,1.909,49.6,0,59.9,0,0,0,0,0,0,0,0,66
2025-09-27T23:57:19.896Z,60.9,21.1,1.909,50.4,0,59.9,0,0,0,0,0,0,0,0,66
2025-09-27T23:57:20.901Z,60.9,21.1,1.909,49.6,0,59.9,0,0,0,0,0,0,0,0,66
2025-09-27T23:57:21.900Z,60.9,21.1,1.909,50.4,0,59.9,0,0,0,0,0,0,0,0,66
2025-09-27T23:57:22.901Z,60.9,21.1,1.909,49.6,0,59.9,0,0,0,0,0,0,0,0,66
2025-09-27T23:57:23.900Z,61,21.1,1.909,49.6,0,59.9,0,0,0,0,0,0,0,0,66
2025-09-27T23:57:24.904Z,61,21.1,1.909,50.4,0,59.9,0,0,0,0,0,0,0,0,66
2025-09-27T23:57:25.903Z,61,21.1,1.909,49.6,0,59.9,0,0,0,0,0,0,0,0,66
2025-09-27T23:57:26.906Z,61,21.1,1.909,50.4,0,59.9,0,0,0,0,0,0,0,0,66
2025-09-27T23:57:27.903Z,61,21.1,1.909,49.6,0,59.9,0,0,0,0,0,0,0,0,66
2025-09-27T23:57:28.904Z,61,21.1,1.909,49.6,0,59.9,0,0,0,0,0,0,0,0,66
2025-09-27T23:57:29.912Z,61,21.1,1.909,50.4,0,59.9,0,0,0,0,0,0,0,0,66
2025-09-27T23:57:30.922Z,61,21.1,1.909,49.6,0,59.9,0,0,0,0,0,0,0,0,66
2025-09-27T23:57:31.917Z,61,21.1,1.909,50.4,0,59.9,0,0,0,0,0,0,0,0,66
2025-09-27T23:57:32.912Z,61,21.1,1.909,50.4,0,59.9,0,0,0,0,0,0,0,0,66
2025-09-27T23:57:33.909Z,61,21.1,1.909,49.6,0,60,0,0,0,0,0,0,0,0,66
2025-09-27T23:57:34.917Z,61,21.1,1.909,50.4,0,59.9,0,0,0,0,0,0,0,0,66
2025-09-27T23:57:35.914Z,61,21.1,1.909,49.6,0,59.9,0,0,0,0,0,0,0,0,66
2025-09-27T23:57:36.915Z,61,21.1,1.909,49.6,0,59.9,0,0,0,0,0,0,0,0,66
2025-09-27T23:57:37.915Z,61,21.1,1.909,49.6,0,60,0,0,0,0,0,0,0,0,66
2025-09-27T23:57:38.917Z,61,21.1,1.909,50.4,0,60,0,0,0,0,0,0,0,0,66
2025-09-27T23:57:39.921Z,61,21.1,1.909,50.4,0,60,0,0,0,0,0,0,0,0,66
2025-09-27T23:57:40.920Z,61,21.1,1.909,49.6,0,59.9,0,0,0,0,0,0,0,0,66
2025-09-27T23:57:41.918Z,61,21.1,1.909,50.4,0,59.9,0,0,0,0,0,0,0,0,66
2025-09-27T23:57:42.919Z,61,21.1,1.909,49.6,0,60,0,0,0,0,0,0,0,0,66
2025-09-27T23:57:43.927Z,61,21.1,1.909,50.4,0,59.9,0,0,0,0,0,0,0,0,66
2025-09-27T23:57:44.921Z,61,21.1,1.909,49.6,0,60,0,0,0,0,0,0,0,0,66
2025-09-27T23:57:45.921Z,61,21.1,1.909,49.6,0,59.9,0,0,0,0,0,0,0,0,66
2025-09-27T23:57:46.928Z,61,21.1,1.909,50.4,0,59.9,0,0,0,0,0,0,0,0,66
2025-09-27T23:57:47.926Z,61,21.1,1.909,49.6,0,59.9,0,0,0,0,0,0,0,0,66
2025-09-27T23:57:48.927Z,61,21.1,1.909,50.4,0,59.9,0,0,0,0,0,0,0,0,66
2025-09-27T23:57:49.925Z,61,21.1,1.909,49.6,0,59.9,0,0,0,0,0,0,0,0,66
2025-09-27T23:57:50.930Z,61,21.1,1.909,49.6,0,59.9,0,0,0,0,0,0,0,0,66
2025-09-27T23:57:51.928Z,61.1,21.1,1.909,50.4,0,59.9,0,0,0,0,0,0,0,0,66
2025-09-27T23:57:52.930Z,61.1,21.1,1.909,49.6,0,60,0,0,0,0,0,0,0,0,66
2025-09-27T23:57:53.927Z,61.1,21.1,1.909,50.4,0,60,0,0,0,0,0,0,0,0,66
2025-09-27T23:57:54.932Z,61.1,21.1,1.909,49.6,0,59.9,0,0,0,0,0,0,0,0,66
2025-09-27T23:57:55.930Z,61.1,21.1,1.909,49.6,0,59.9,0,0,0,0,0,0,0,0,66
2025-09-27T23:57:56.932Z,61.1,21.1,1.909,50.4,0,59.9,0,0,0,0,0,0,0,0,66
2025-09-27T23:57:57.935Z,61.1,21.1,1.909,49.6,0,59.9,0,0,0,0,0,0,0,0,66
2025-09-27T23:57:58.933Z,61.1,21.1,1.909,50.4,0,60,0,0,0,0,0,0,0,0,66
2025-09-27T23:57:59.939Z,61.1,21.1,1.909,49.6,0,60,0,0,0,0,0,0,0,0,66
2025-09-27T23:58:00.936Z,61.1,21.1,1.909,49.6,0,59.9,0,0,0,0,0,0,0,0,66
2025-09-27T23:58:01.934Z,61.1,21.1,1.909,50.4,0,59.9,0,0,0,0,0,0,0,0,66
2025-09-27T23:58:02.936Z,61.1,21.1,1.909,49.6,0,59.9,0,0,0,0,0,0,0,0,66
2025-09-27T23:58:03.946Z,61.1,21.1,1.909,49.6,0,59.9,0,0,0,0,0,0,0,0,66
2025-09-27T23:58:04.939Z,61.1,21.1,1.909,50.4,0,59.9,0,0,0,0,0,0,0,0,66
2025-09-27T23:58:05.945Z,61.1,21.1,1.909,49.6,0,60,0,0,0,0,0,0,0,0,66
2025-09-27T23:58:06.941Z,61.1,21.1,1.909,49.6,0,60,0,0,0,0,0,0,0,0,66
2025-09-27T23:58:07.942Z,61.1,21.1,1.909,50.4,0,59.9,0,0,0,0,0,0,0,0,66
2025-09-27T23:58:08.945Z,61.1,21.1,1.909,50.4,0,59.9,0,0,0,0,0,0,0,0,66
2025-09-27T23:58:09.944Z,61.1,21.1,1.909,49.6,0,59.9,0,0,0,0,0,0,0,0,66
2025-09-27T23:58:10.946Z,61.1,21.1,1.909,50.4,0,60,0,0,0,0,0,0,0,0,66
2025-09-27T23:58:11.947Z,61.1,21.1,1.909,49.6,0,60,0,0,0,0,0,0,0,0,66
2025-09-27T23:58:12.949Z,61.1,21.1,1.909,49.6,0,60,0,0,0,0,0,0,0,0,66
2025-09-27T23:58:13.949Z,61.1,21.1,1.909,50.4,0,60,0,0,0,0,0,0,0,0,66
2025-09-27T23:58:14.955Z,61.1,21.1,1.909,50.4,0,60,0,0,0,0,0,0,0,0,66
2025-09-27T23:58:15.957Z,61.1,21.1,1.909,49.6,0,59.9,0,0,0,0,0,0,0,0,66
2025-09-27T23:58:16.950Z,61.1,21.1,1.909,50.4,0,59.9,0,0,0,0,0,0,0,0,66
2025-09-27T23:58:17.953Z,61.1,21.1,1.909,49.6,0,59.9,0,0,0,0,0,0,0,0,66
2025-09-27T23:58:18.955Z,61.1,21.1,1.909,49.6,0,59.9,0,0,0,0,0,0,0,0,66
2025-09-27T23:58:19.955Z,61.1,21.1,1.909,50.4,0,60,0,0,0,0,0,0,0,0,66
2025-09-27T23:58:20.957Z,61.1,21.1,1.909,50.4,0,60,0,0,0,0,0,0,0,0,66
2025-09-27T23:58:21.956Z,61.1,21.1,1.909,49.6,0,59.9,0,0,0,0,0,0,0,0,66
2025-09-27T23:58:22.958Z,61.1,21.1,1.909,50.4,0,59.9,0,0,0,0,0,0,0,0,66
2025-09-27T23:58:23.959Z,61.1,21.1,1.909,49.6,0,59.9,0,0,0,0,0,0,0,0,66
2025-09-27T23:58:24.957Z,61.1,21.1,1.909,50.4,0,60,0,0,0,0,0,0,0,0,66
2025-09-27T23:58:25.959Z,61.1,21.1,1.909,49.6,0,60,0,0,0,0,0,0,0,0,66
2025-09-27T23:58:26.965Z,61.1,21.1,1.909,49.6,0,60,0,0,0,0,0,0,0,0,66
2025-09-27T23:58:27.961Z,61.1,21.1,1.909,50.4,0,59.9,0,0,0,0,0,0,0,0,66
2025-09-27T23:58:28.962Z,61.1,21.1,1.909,49.6,0,59.9,0,0,0,0,0,0,0,0,66
2025-09-27T23:58:29.963Z,61.1,21.1,1.909,50.4,0,59.9,0,0,0,0,0,0,0,0,66
2025-09-27T23:58:30.964Z,61.1,21.1,1.909,50.4,0,60,0,0,0,0,0,0,0,0,66
2025-09-27T23:58:31.967Z,61.1,21.1,1.909,49.6,0,60,0,0,0,0,0,0,0,0,66
2025-09-27T23:58:32.968Z,61.1,21.1,1.909,50.4,0,60,0,0,0,0,0,0,0,0,66
2025-09-27T23:58:33.963Z,61.1,21.1,1.909,49.6,0,60,0,0,0,0,0,0,0,0,66
2025-09-27T23:58:34.971Z,61.1,21.1,1.909,50.4,0,60,0,0,0,0,0,0,0,0,66
2025-09-27T23:58:35.966Z,61.1,21.1,1.909,49.6,0,60,0,0,0,0,0,0,0,0,66
2025-09-27T23:58:36.968Z,61.1,21.1,1.909,49.6,0,60,0,0,0,0,0,0,0,0,66
2025-09-27T23:58:37.972Z,61.1,21.1,1.909,50.4,0,60,0,0,0,0,0,0,0,0,66
2025-09-27T23:58:38.972Z,61.1,21.1,1.909,49.6,0,60,0,0,0,0,0,0,0,0,66
2025-09-27T23:58:39.978Z,61.1,21.1,1.909,49.6,0,60,0,0,0,0,0,0,0,0,66
2025-09-27T23:58:40.973Z,61.1,21.1,1.909,50.4,0,60,0,0,0,0,0,0,0,0,66
2025-09-27T23:58:41.973Z,61.1,21.1,1.909,50.4,0,60,0,0,0,0,0,0,0,0,66
2025-09-27T23:58:42.980Z,61.1,21.1,1.909,49.6,0,60,0,0,0,0,0,0,0,0,66
2025-09-27T23:58:43.975Z,61.1,21.1,1.909,50.4,0,60,0,0,0,0,0,0,0,0,66
2025-09-27T23:58:44.973Z,61.1,21.1,1.908,49.6,0,60,0,0,0,0,0,0,0,0,66
2025-09-27T23:58:45.979Z,61.1,21.1,1.909,50.4,0,60,0,0,0,0,0,0,0,0,66
2025-09-27T23:58:46.988Z,61.1,21.1,1.909,49.6,0,60,0,0,0,0,0,0,0,0,66
2025-09-27T23:58:47.980Z,61,21.1,1.909,49.6,0,60,0,0,0,0,0,0,0,0,66
2025-09-27T23:58:48.982Z,61,21.1,1.909,50.4,0,60,0,0,0,0,0,0,0,0,66
2025-09-27T23:58:49.982Z,61,21.1,1.909,49.6,0,60,0,0,0,0,0,0,0,0,66
2025-09-27T23:58:50.985Z,61,21.1,1.909,49.6,0,60,0,0,0,0,0,0,0,0,66
2025-09-27T23:58:51.985Z,61,21.1,1.909,50.4,0,60,0,0,0,0,0,0,0,0,66
2025-09-27T23:58:52.988Z,61,21.1,1.909,50.4,0,60,0,0,0,0,0,0,0,0,66
2025-09-27T23:58:53.986Z,61,21.1,1.909,49.6,0,60,0,0,0,0,0,0,0,0,66
2025-09-27T23:58:54.984Z,61,21.1,1.909,50.4,0,60,0,0,0,0,0,0,0,0,66
2025-09-27T23:58:55.991Z,61,21.1,1.909,49.6,0,60,0,0,0,0,0,0,0,0,66
2025-09-27T23:58:56.985Z,61,21.1,1.909,50.4,0,60,0,0,0,0,0,0,0,0,66
2025-09-27T23:58:57.987Z,61,21.1,1.909,49.6,0,60,0,0,0,0,0,0,0,0,66
2025-09-27T23:58:58.989Z,61,21.1,1.909,49.6,0,60,0,0,0,0,0,0,0,0,66
2025-09-27T23:58:59.998Z,61,21.1,1.909,50.4,0,60,0,0,0,0,0,0,0,0,66
2025-09-27T23:59:00.994Z,61,21.1,1.909,49.6,0,60,0,0,0,0,0,0,0,0,66
2025-09-27T23:59:01.993Z,61,21.1,1.909,49.6,0,60,0,0,0,0,0,0,0,0,66
2025-09-27T23:59:02.994Z,61,21.1,1.909,50.4,0,60,0,0,0,0,0,0,0,0,66
2025-09-27T23:59:03.995Z,61,21.1,1.909,50.4,0,60,0,0,0,0,0,0,0,0,66
2025-09-27T23:59:05.001Z,61,21.1,1.909,49.6,0,60,0,0,0,0,0,0,0,0,66
2025-09-27T23:59:05.995Z,61,21.1,1.909,50.4,0,60,0,0,0,0,0,0,0,0,66
2025-09-27T23:59:06.997Z,61,21.1,1.909,49.6,0,60,0,0,0,0,0,0,0,0,66
2025-09-27T23:59:07.999Z,61,21.1,1.909,50.4,0,60,0,0,0,0,0,0,0,0,66
2025-09-27T23:59:08.999Z,61,21.1,1.909,49.6,0,60,0,0,0,0,0,0,0,0,66
2025-09-27T23:59:10.002Z,61,21.1,1.909,49.6,0,60,0,0,0,0,0,0,0,0,66
2025-09-27T23:59:11.001Z,61,21.1,1.909,50.4,0,60,0,0,0,0,0,0,0,0,66
2025-09-27T23:59:12.000Z,61,21.1,1.909,49.6,0,60,0,0,0,0,0,0,0,0,66
2025-09-27T23:59:13.001Z,61,21.1,1.909,50.4,0,60,0,0,0,0,0,0,0,0,66
2025-09-27T23:59:14.008Z,61,21.1,1.909,50.4,0,60,0,0,0,0,0,0,0,0,66
2025-09-27T23:59:15.007Z,61,21.1,1.909,49.6,0,60,0,0,0,0,0,0,0,0,66
2025-09-27T23:59:16.011Z,61,21.1,1.909,50.4,0,60,0,0,0,0,0,0,0,0,66
2025-09-27T23:59:17.007Z,60.9,21.1,1.909,49.6,0,60,0,0,0,0,0,0,0,0,66
2025-09-27T23:59:18.005Z,61,21.1,1.909,50.4,0,60,0,0,0,0,0,0,0,0,66
2025-09-27T23:59:19.010Z,60.9,21.1,1.909,49.6,0,60,0,0,0,0,0,0,0,0,66
2025-09-27T23:59:20.009Z,60.9,21.1,1.909,49.6,0,60,0,0,0,0,0,0,0,0,66
2025-09-27T23:59:21.010Z,60.9,21.1,1.909,50.4,0,60,0,0,0,0,0,0,0,0,66
2025-09-27T23:59:22.008Z,60.9,21.1,1.909,49.6,0,60,0,0,0,0,0,0,0,0,66
2025-09-27T23:59:23.011Z,60.9,21.1,1.909,49.6,0,60,0,0,0,0,0,0,0,0,66
2025-09-27T23:59:24.013Z,60.9,21.1,1.909,50.4,0,60,0,0,0,0,0,0,0,0,66
2025-09-27T23:59:25.014Z,60.9,21.1,1.909,49.6,0,60,0,0,0,0,0,0,0,0,66
2025-09-27T23:59:26.015Z,60.9,21.1,1.909,50.4,0,60,0,0,0,0,0,0,0,0,66
2025-09-27T23:59:27.016Z,60.9,21.1,1.909,50.4,0,60,0,0,0,0,0,0,0,0,66
2025-09-27T23:59:28.014Z,60.9,21.1,1.909,49.6,0,60,0,0,0,0,0,0,0,0,66
2025-09-27T23:59:29.018Z,60.9,21.1,1.909,50.4,0,60,0,0,0,0,0,0,0,0,66
2025-09-27T23:59:30.016Z,60.9,21.1,1.909,49.6,0,60,0,0,0,0,0,0,0,0,66
2025-09-27T23:59:31.023Z,60.9,21.1,1.909,50.4,0,60,0,0,0,0,0,0,0,0,66
2025-09-27T23:59:32.031Z,60.9,21.1,1.909,50.4,0,60,0,0,0,0,0,0,0,0,66
2025-09-27T23:59:33.019Z,60.9,21.1,1.909,49.6,0,60,0,0,0,0,0,0,0,0,66
2025-09-27T23:59:34.022Z,60.9,21.1,1.909,50.4,0,60,0,0,0,0,0,0,0,0,66
2025-09-27T23:59:35.022Z,60.9,21.1,1.909,49.6,0,60,0,0,0,0,0,0,0,0,66
2025-09-27T23:59:36.025Z,60.9,21.1,1.909,50.4,0,60,0,0,0,0,0,0,0,0,66
2025-09-27T23:59:37.029Z,60.9,21.1,1.91,49.6,0,60,0,0,0,0,0,0,0,0,66
2025-09-27T23:59:38.030Z,60.9,21.1,1.91,50.4,0,60,0,0,0,0,0,0,0,0,66
2025-09-27T23:59:39.029Z,60.8,21.1,1.91,49.6,0,60,0,0,0,0,0,0,0,0,66
2025-09-27T23:59:40.033Z,60.9,21.1,1.91,49.6,0,60,0,0,0,0,0,0,0,0,66
2025-09-27T23:59:41.026Z,60.9,21.1,1.909,50.4,0,60,0,0,0,0,0,0,0,0,66
2025-09-27T23:59:42.039Z,60.8,21.1,1.91,49.6,0,60,0,0,0,0,0,0,0,0,66
2025-09-27T23:59:43.030Z,60.8,21.1,1.91,50.4,0,60,0,0,0,0,0,0,0,0,66
2025-09-27T23:59:44.036Z,60.8,21.1,1.91,49.6,0,60,0,0,0,0,0,0,0,0,66
2025-09-27T23:59:45.030Z,60.8,21.1,1.909,50.4,0,60,0,0,0,0,0,0,0,0,66
2025-09-27T23:59:46.036Z,60.8,21.1,1.91,49.6,0,60,0,0,0,0,0,0,0,0,66
2025-09-27T23:59:47.040Z,60.8,21.1,1.91,49.6,0,60,0,0,0,0,0,0,0,0,66
2025-09-27T23:59:48.048Z,60.8,21.1,1.91,50.4,0,60,0,0,0,0,0,0,0,0,66
2025-09-27T23:59:49.039Z,60.8,21.1,1.91,49.6,0,60,0,0,0,0,0,0,0,0,66
2025-09-27T23:59:50.040Z,60.8,21.1,1.911,49.6,0,60,0,0,0,0,0,0,0,0,66
2025-09-27T23:59:51.038Z,60.8,21.1,1.91,50.4,0,60,0,0,0,0,0,0,0,0,66
2025-09-27T23:59:52.044Z,60.8,21.1,1.911,49.6,0,60,0,0,0,0,0,0,0,0,66
2025-09-27T23:59:53.038Z,60.8,21.1,1.911,49.6,0,60,0,0,0,0,0,0,0,0,66
2025-09-27T23:59:54.044Z,60.8,21.1,1.911,50.4,0,60,0,0,0,0,0,0,0,0,66
2025-09-27T23:59:55.043Z,60.8,21.1,1.911,49.6,0,60,0,0,0,0,0,0,0,0,66
2025-09-27T23:59:56.048Z,60.8,21.1,1.911,49.6,0,60,0,0,0,0,0,0,0,0,66
2025-09-27T23:59:57.045Z,60.8,21.1,1.911,50.4,0,60,0,0,0,0,0,0,0,0,66
2025-09-27T23:59:58.046Z,60.8,21.1,1.911,49.6,0,60,0,0,0,0,0,0,0,0,66
2025-09-27T23:59:59.040Z,60.8,21.1,1.91,49.6,0,60,0,0,0,0,0,0,0,0,66
2025-09-28T00:00:00.045Z,60.7,21.1,1.911,50.4,0,60,0,0,0,0,0,0,0,0,66
2025-09-28T00:00:01.048Z,60.7,21.1,1.911,50.4,0,60,0,0,0,0,0,0,0,0,66
2025-09-28T00:00:02.048Z,60.7,21.1,1.911,49.6,0,60,0,0,0,0,0,0,0,0,66
2025-09-28T00:00:03.048Z,60.7,21.1,1.911,50.4,0,60,0,0,0,0,0,0,0,0,66
2025-09-28T00:00:04.053Z,60.7,21.1,1.911,49.6,0,60,0,0,0,0,0,0,0,0,66
2025-09-28T00:00:05.057Z,60.7,21.1,1.911,49.6,0,60,0,0,0,0,0,0,0,0,66
2025-09-28T00:00:06.054Z,60.7,21.1,1.911,50.4,0,60,0,0,0,0,0,0,0,0,66
2025-09-28T00:00:07.052Z,60.7,21.1,1.911,49.6,0,60,0,0,0,0,0,0,0,0,66
2025-09-28T00:00:08.054Z,60.7,21.1,1.911,49.6,0,60,0,0,0,0,0,0,0,0,66
2025-09-28T00:00:09.057Z,60.7,21.1,1.911,50.4,0,60,0,0,0,0,0,0,0,0,66
2025-09-28T00:00:10.061Z,60.7,21.1,1.911,49.6,0,60,0,0,0,0,0,0,0,0,66
2025-09-28T00:00:11.059Z,60.7,21.1,1.911,49.6,0,60,0,0,0,0,0,0,0,0,66
2025-09-28T00:00:12.063Z,60.7,21.1,1.911,50.4,0,60,0,0,0,0,0,0,0,0,66
2025-09-28T00:00:13.062Z,60.7,21.1,1.911,50.4,0,60,0,0,0,0,0,0,0,0,66
2025-09-28T00:00:14.060Z,60.7,21.1,1.911,49.6,0,60,0,0,0,0,0,0,0,0,66
2025-09-28T00:00:15.064Z,60.7,21.1,1.911,50.4,0,60,0,0,0,0,0,0,0,0,66
2025-09-28T00:00:16.064Z,60.7,21.1,1.911,49.6,0,60,0,0,0,0,0,0,0,0,66
2025-09-28T00:00:17.063Z,60.7,21.1,1.911,49.6,0,60,0,0,0,0,0,0,0,0,66
2025-09-28T00:00:18.061Z,60.7,21.1,1.911,50.4,0,60,0,0,0,0,0,0,0,0,66
2025-09-28T00:00:19.073Z,60.7,21.1,1.91,50.4,0,60,0,0,0,0,0,0,0,0,66
2025-09-28T00:00:20.069Z,60.7,21.1,1.911,49.6,0,60,0,0,0,0,0,0,0,0,66
2025-09-28T00:00:21.069Z,60.6,21.1,1.911,50.4,0,60,0,0,0,0,0,0,0,0,66
2025-09-28T00:00:22.068Z,60.6,21.1,1.911,50.4,0,60,0,0,0,0,0,0,0,0,66
2025-09-28T00:00:23.071Z,60.6,21.1,1.911,49.6,0,60,0,0,0,0,0,0,0,0,66
2025-09-28T00:00:24.069Z,60.6,21.1,1.911,50.4,0,60,0,0,0,0,0,0,0,0,66
2025-09-28T00:00:25.070Z,60.6,21.1,1.911,49.6,0,60,0,0,0,0,0,0,0,0,66
2025-09-28T00:00:26.073Z,60.6,21.1,1.911,50.4,0,60,0,0,0,0,0,0,0,0,66
2025-09-28T00:00:27.083Z,60.6,21.1,1.91,49.6,0,60,0,0,0,0,0,0,0,0,66
2025-09-28T00:00:28.073Z,60.6,21.1,1.911,49.6,0,60,0,0,0,0,0,0,0,0,66
2025-09-28T00:00:29.079Z,60.6,21.1,1.91,50.4,0,60,0,0,0,0,0,0,0,0,66
2025-09-28T00:00:30.074Z,60.6,21.1,1.911,49.6,0,60,0,0,0,0,0,0,0,0,66
2025-09-28T00:00:31.079Z,60.6,21.1,1.911,50.4,0,60,0,0,0,0,0,0,0,0,66
2025-09-28T00:00:32.083Z,60.6,21.1,1.91,50.4,0,60,0,0,0,0,0,0,0,0,66
2025-09-28T00:00:33.084Z,60.6,21.1,1.91,49.6,0,60,0,0,0,0,0,0,0,0,66
2025-09-28T00:00:34.079Z,60.6,21.1,1.911,50.4,0,60,0,0,0,0,0,0,0,0,66
2025-09-28T00:00:35.079Z,60.6,21.1,1.911,49.6,0,60,0,0,0,0,0,0,0,0,66
2025-09-28T00:00:36.082Z,60.6,21.1,1.911,49.6,0,60,0,0,0,0,0,0,0,0,66
2025-09-28T00:00:37.081Z,60.6,21.1,1.911,50.4,0,60,0,0,0,0,0,0,0,0,66
2025-09-28T00:00:38.083Z,60.6,21.1,1.911,49.6,0,60,0,0,0,0,0,0,0,0,66
2025-09-28T00:00:39.082Z,60.5,21.1,1.911,49.6,0,60,0,0,0,0,0,0,0,0,66
2025-09-28T00:00:40.084Z,60.5,21.1,1.911,50.4,0,60,0,0,0,0,0,0,0,0,66
2025-09-28T00:00:41.089Z,60.5,21.1,1.911,49.6,0,60,0,0,0,0,0,0,0,0,66
2025-09-28T00:00:42.088Z,60.5,21.1,1.911,50.4,0,60,0,0,0,0,0,0,0,0,66
2025-09-28T00:00:43.087Z,60.5,21.1,1.912,50.4,0,60,0,0,0,0,0,0,0,0,66
2025-09-28T00:00:44.087Z,60.5,21.1,1.911,49.6,0,60,0,0,0,0,0,0,0,0,66
2025-09-28T00:00:45.087Z,60.5,21.1,1.912,50.4,0,60,0,0,0,0,0,0,0,0,66
2025-09-28T00:00:46.087Z,60.5,21.1,1.912,49.6,0,60,0,0,0,0,0,0,0,0,66
2025-09-28T00:00:47.096Z,60.5,21.1,1.91,50.4,0,60,0,0,0,0,0,0,0,0,66
2025-09-28T00:00:48.095Z,60.5,21.1,1.911,49.6,0,60,0,0,0,0,0,0,0,0,66
2025-09-28T00:00:49.090Z,60.5,21.1,1.912,49.6,0,60,0,0,0,0,0,0,0,0,66
2025-09-28T00:00:50.091Z,60.5,21.1,1.912,50.4,0,60,0,0,0,0,0,0,0,0,66
2025-09-28T00:00:51.103Z,60.5,21.1,1.911,49.6,0,60,0,0,0,0,0,0,0,0,66
2025-09-28T00:00:52.101Z,60.5,21.1,1.911,50.4,0,60,0,0,0,0,0,0,0,0,66
2025-09-28T00:00:53.093Z,60.5,21.1,1.912,50.4,0,60,0,0,0,0,0,0,0,0,66
2025-09-28T00:00:54.100Z,60.5,21.1,1.911,49.6,0,60,0,0,0,0,0,0,0,0,66
2025-09-28T00:00:55.102Z,60.5,21.1,1.911,50.4,0,60,0,0,0,0,0,0,0,0,66
2025-09-28T00:00:56.100Z,60.5,21.1,1.911,49.6,0,60,0,0,0,0,0,0,0,0,66
2025-09-28T00:00:57.102Z,60.5,21.1,1.912,50.4,0,60,0,0,0,0,0,0,0,0,66
2025-09-28T00:00:58.105Z,60.5,21.1,1.911,49.6,0,60,0,0,0,0,0,0,0,0,66
2025-09-28T00:00:59.101Z,60.4,21.1,1.912,49.6,0,60,0,0,0,0,0,0,0,0,66
2025-09-28T00:01:00.106Z,60.4,21.1,1.911,50.4,0,60,0,0,0,0,0,0,0,0,66
2025-09-28T00:01:01.102Z,60.4,21.1,1.912,49.6,0,60,0,0,0,0,0,0,0,0,66
2025-09-28T00:01:02.108Z,60.4,21.1,1.911,50.4,0,60,0,0,0,0,0,0,0,0,66
2025-09-28T00:01:03.104Z,60.4,21.1,1.912,49.6,0,60,0,0,0,0,0,0,0,0,66
2025-09-28T00:01:04.106Z,60.4,21.1,1.912,49.6,0,60,0,0,0,0,0,0,0,0,66
2025-09-28T00:01:05.111Z,60.4,21.1,1.912,50.4,0,60,0,0,0,0,0,0,0,0,66
2025-09-28T00:01:06.106Z,60.4,21.1,1.912,49.6,0,60,0,0,0,0,0,0,0,0,66
2025-09-28T00:01:07.110Z,60.4,21.1,1.912,50.4,0,60,0,0,0,0,0,0,0,0,66
2025-09-28T00:01:08.112Z,60.4,21.1,1.911,50.4,0,60,0,0,0,0,0,0,0,0,66
2025-09-28T00:01:09.114Z,60.4,21.1,1.912,49.6,0,60,0,0,0,0,0,0,0,0,66
2025-09-28T00:01:10.118Z,60.4,21.1,1.912,50.4,0,60,0,0,0,0,0,0,0,0,66
2025-09-28T00:01:11.114Z,60.4,21.1,1.912,49.6,0,60,0,0,0,0,0,0,0,0,66
2025-09-28T00:01:12.115Z,60.4,21.1,1.912,50.4,0,60,0,0,0,0,0,0,0,0,66
2025-09-28T00:01:13.120Z,60.4,21.1,1.912,49.6,0,60,0,0,0,0,0,0,0,0,66
2025-09-28T00:01:14.110Z,60.4,21.1,1.912,50.4,0,60,0,0,0,0,0,0,0,0,66
2025-09-28T00:01:15.119Z,60.4,21.1,1.912,50.4,0,60,0,0,0,0,0,0,0,0,66
2025-09-28T00:01:16.116Z,60.4,21.1,1.912,49.6,0,60,0,0,0,0,0,0,0,0,66
2025-09-28T00:01:17.121Z,60.4,21.1,1.912,50.4,0,60,0,0,0,0,0,0,0,0,66
2025-09-28T00:01:18.119Z,60.4,21.1,1.912,49.6,0,60,0,0,0,0,0,0,0,0,66
2025-09-28T00:01:19.121Z,60.4,21.1,1.912,49.6,0,60,0,0,0,0,0,0,0,0,66
2025-09-28T00:01:20.121Z,60.4,21.1,1.912,49.6,0,60,0,0,0,0,0,0,0,0,66
2025-09-28T00:01:21.122Z,60.4,21.1,1.912,50.4,0,60,0,0,0,0,0,0,0,0,66
2025-09-28T00:01:22.118Z,60.4,21.1,1.912,49.6,0,60,0,0,0,0,0,0,0,0,66
2025-09-28T00:01:23.123Z,60.3,21.1,1.912,49.6,0,60,0,0,0,0,0,0,0,0,66
2025-09-28T00:01:24.122Z,60.3,21.1,1.912,50.4,0,60,0,0,0,0,0,0,0,0,66
2025-09-28T00:01:25.125Z,60.3,21.1,1.912,49.6,0,60,0,0,0,0,0,0,0,0,66
2025-09-28T00:01:26.122Z,60.3,21.1,1.912,50.4,0,60,0,0,0,0,0,0,0,0,66
2025-09-28T00:01:27.124Z,60.3,21.1,1.912,49.6,0,60,0,0,0,0,0,0,0,0,66
2025-09-28T00:01:28.127Z,60.3,21.1,1.912,49.6,0,60,0,0,0,0,0,0,0,0,66
2025-09-28T00:01:29.126Z,60.3,21.1,1.912,50.4,0,60,0,0,0,0,0,0,0,0,66
2025-09-28T00:01:30.132Z,60.3,21.1,1.912,49.6,0,60,0,0,0,0,0,0,0,0,66
2025-09-28T00:01:31.134Z,60.3,21.1,1.912,49.6,0,60,0,0,0,0,0,0,0,0,66
2025-09-28T00:01:32.135Z,60.3,21.1,1.912,50.4,0,60,0,0,0,0,0,0,0,0,66
2025-09-28T00:01:33.137Z,60.3,21.1,1.912,50.4,0,60,0,0,0,0,0,0,0,0,66
2025-09-28T00:01:34.137Z,60.3,21.1,1.912,49.6,0,60,0,0,0,0,0,0,0,0,66
2025-09-28T00:01:35.138Z,60.3,21.1,1.912,50.4,0,60,0,0,0,0,0,0,0,0,66
2025-09-28T00:01:36.135Z,60.3,21.1,1.912,49.6,0,60,0,0,0,0,0,0,0,0,66
2025-09-28T00:01:37.135Z,60.3,21.1,1.912,50.4,0,60,0,0,0,0,0,0,0,0,66
2025-09-28T00:01:38.144Z,60.3,21.1,1.912,50.4,0,60,0,0,0,0,0,0,0,0,66
2025-09-28T00:01:39.141Z,60.3,21.1,1.912,49.6,0,60,0,0,0,0,0,0,0,0,66
2025-09-28T00:01:40.137Z,60.3,21.1,1.912,50.4,0,60,0,0,0,0,0,0,0,0,66
2025-09-28T00:01:41.141Z,60.3,21.1,1.912,49.6,0,60,0,0,0,0,0,0,0,0,66
2025-09-28T00:01:42.148Z,60.3,21.1,1.912,50.4,0,60,0,0,0,0,0,0,0,0,66
2025-09-28T00:01:43.143Z,60.3,21.1,1.912,49.6,0,60,0,0,0,0,0,0,0,0,66
2025-09-28T00:01:44.148Z,60.2,21.1,1.912,50.4,0,60,0,0,0,0,0,0,0,0,66
2025-09-28T00:01:45.145Z,60.2,21.1,1.912,49.6,0,60,0,0,0,0,0,0,0,0,66
2025-09-28T00:01:46.144Z,60.2,21.1,1.912,49.6,0,60,0,0,0,0,0,0,0,0,66
2025-09-28T00:01:47.141Z,60.2,21.1,1.912,50.4,0,60,0,0,0,0,0,0,0,0,66
2025-09-28T00:01:48.148Z,60.2,21.1,1.912,49.6,0,60,0,0,0,0,0,0,0,0,66
2025-09-28T00:01:49.154Z,60.2,21.1,1.912,50.4,0,60,0,0,0,0,0,0,0,0,66
2025-09-28T00:01:50.148Z,60.2,21.1,1.912,49.6,0,60,0,0,0,0,0,0,0,0,66
2025-09-28T00:01:51.150Z,60.2,21.1,1.912,49.6,0,60,0,0,0,0,0,0,0,0,66
2025-09-28T00:01:52.147Z,60.2,21.1,1.912,50.4,0,60,0,0,0,0,0,0,0,0,66
2025-09-28T00:01:53.148Z,60.2,21.1,1.912,49.6,0,60,0,0,0,0,0,0,0,0,66
2025-09-28T00:01:54.147Z,60.2,21.1,1.912,50.4,0,60,0,0,0,0,0,0,0,0,66
2025-09-28T00:01:55.151Z,60.2,21.1,1.912,50.4,0,60,0,0,0,0,0,0,0,0,66
2025-09-28T00:01:56.155Z,60.2,21.1,1.912,49.6,0,60,0,0,0,0,0,0,0,0,66
2025-09-28T00:01:57.153Z,60.2,21.1,1.912,50.4,0,60,0,0,0,0,0,0,0,0,66
2025-09-28T00:01:58.157Z,60.2,21.1,1.912,49.6,0,60,0,0,0,0,0,0,0,0,66
2025-09-28T00:01:59.157Z,60.2,21.1,1.912,50.4,0,60,0,0,0,0,0,0,0,0,66
2025-09-28T00:02:00.161Z,60.2,21.1,1.913,49.6,0,60,0,0,0,0,0,0,0,0,66
2025-09-28T00:02:01.155Z,60.2,21.1,1.912,50.4,0,60,0,0,0,0,0,0,0,0,66
2025-09-28T00:02:02.159Z,60.2,21.1,1.912,49.6,0,60,0,0,0,0,0,0,0,0,66
2025-09-28T00:02:03.162Z,60.2,21.1,1.912,50.4,0,60,0,0,0,0,0,0,0,0,66
2025-09-28T00:02:04.161Z,60.2,21.1,1.913,49.6,0,60,0,0,0,0,0,0,0,0,66
2025-09-28T00:02:05.163Z,60.2,21.1,1.912,50.4,0,60,0,0,0,0,0,0,0,0,66
2025-09-28T00:02:06.163Z,60.2,21.1,1.912,49.6,0,60,0,0,0,0,0,0,0,0,66
2025-09-28T00:02:07.162Z,60.1,21.1,1.913,50.4,0,60,0,0,0,0,0,0,0,0,66
2025-09-28T00:02:08.179Z,60.1,21.1,1.914,49.6,0,60,0,0,0,0,0,0,0,0,66
2025-09-28T00:02:09.168Z,60.1,21.1,1.913,50.4,0,60,0,0,0,0,0,0,0,0,66
2025-09-28T00:02:10.171Z,60.1,21.1,1.914,49.6,0,60,0,0,0,0,0,0,0,0,66
2025-09-28T00:02:11.169Z,60.1,21.1,1.913,49.6,0,60,0,0,0,0,0,0,0,0,66
2025-09-28T00:02:12.170Z,60.1,21.1,1.913,50.4,0,60,0,0,0,0,0,0,0,0,66
2025-09-28T00:02:13.166Z,60.1,21.1,1.913,49.6,0,60,0,0,0,0,0,0,0,0,66
2025-09-28T00:02:14.175Z,60.1,21.1,1.914,50.4,0,60,0,0,0,0,0,0,0,0,66
2025-09-28T00:02:15.170Z,60.1,21.1,1.913,49.6,0,60,0,0,0,0,0,0,0,0,66
2025-09-28T00:02:16.171Z,60.1,21.1,1.913,50.4,0,60,0,0,0,0,0,0,0,0,66
2025-09-28T00:02:17.174Z,60.1,21.1,1.913,49.6,0,60,0,0,0,0,0,0,0,0,66
2025-09-28T00:02:18.171Z,60.1,21.1,1.913,50.4,0,60,0,0,0,0,0,0,0,0,66
2025-09-28T00:02:19.175Z,60.1,21.1,1.913,49.6,0,60,0,0,0,0,0,0,0,0,66
2025-09-28T00:02:20.176Z,60.1,21.1,1.913,50.4,0,60,0,0,0,0,0,0,0,0,66
2025-09-28T00:02:21.175Z,60.1,21.1,1.913,49.6,0,60,0,0,0,0,0,0,0,0,66
2025-09-28T00:02:22.173Z,60.1,21.1,1.913,50.4,0,60,0,0,0,0,0,0,0,0,66
2025-09-28T00:02:23.175Z,60.1,21.1,1.913,49.6,0,60,0,0,0,0,0,0,0,0,66
2025-09-28T00:02:24.178Z,60.1,21.1,1.913,50.4,0,60,0,0,0,0,0,0,0,0,66
2025-09-28T00:02:25.178Z,60.1,21.1,1.913,49.6,0,60,0,0,0,0,0,0,0,0,66
2025-09-28T00:02:26.177Z,60.1,21.1,1.913,50.4,0,60,0,0,0,0,0,0,0,0,66
2025-09-28T00:02:27.186Z,60.1,21.1,1.914,49.6,0,60,0,0,0,0,0,0,0,0,66
2025-09-28T00:02:28.182Z,60,21.1,1.913,50.4,0,60,0,0,0,0,0,0,0,0,66
2025-09-28T00:02:29.183Z,60,21.1,1.913,49.6,0,60,0,0,0,0,0,0,0,0,66
2025-09-28T00:02:30.185Z,60,21.1,1.913,50.4,0,60,0,0,0,0,0,0,0,0,66
2025-09-28T00:02:31.191Z,60,21.1,1.914,49.6,0,60,0,0,0,0,0,0,0,0,66
2025-09-28T00:02:32.187Z,60,21.1,1.914,50.4,0,60,0,0,0,0,0,0,0,0,66
2025-09-28T00:02:33.193Z,60,21.1,1.914,49.6,0,60,0,0,0,0,0,0,0,0,66
2025-09-28T00:02:34.187Z,60,21.1,1.913,50.4,0,60,0,0,0,0,0,0,0,0,66
2025-09-28T00:02:35.190Z,60,21.1,1.914,49.6,0,60,0,0,0,0,0,0,0,0,66
2025-09-28T00:02:36.191Z,60,21.1,1.913,50.4,0,60,0,0,0,0,0,0,0,0,66
2025-09-28T00:02:37.193Z,60,21.1,1.914,49.6,0,60,0,0,0,0,0,0,0,0,66
2025-09-28T00:02:38.190Z,60,21.1,1.913,50.4,0,60,0,0,0,0,0,0,0,0,66
2025-09-28T00:02:39.197Z,60,21.1,1.914,49.6,0,60,0,0,0,0,0,0,0,0,66
2025-09-28T00:02:40.193Z,60,21.1,1.913,50.4,0,60,0,0,0,0,0,0,0,0,66
2025-09-28T00:02:41.196Z,60,21.1,1.914,49.6,0,60,0,0,0,0,0,0,0,0,66
2025-09-28T00:02:42.195Z,60,21.1,1.914,50.4,0,60,0,0,0,0,0,0,0,0,66
2025-09-28T00:02:43.201Z,60,21.1,1.914,49.6,0,60,0,0,0,0,0,0,0,0,66
2025-09-28T00:02:44.198Z,60,21.1,1.914,50.4,0,60,0,0,0,0,0,0,0,0,66
2025-09-28T00:02:45.199Z,60,21.1,1.914,49.6,0,60,0,0,0,0,0,0,0,0,66
2025-09-28T00:02:46.200Z,60,21.1,1.914,50.4,0,60,0,0,0,0,0,0,0,0,66
2025-09-28T00:02:47.201Z,60,21.1,1.914,49.6,0,60,0,0,0,0,0,0,0,0,66
2025-09-28T00:02:48.201Z,60,21.1,1.914,50.4,0,60,0,0,0,0,0,0,0,0,66
2025-09-28T00:02:49.206Z,60,21.1,1.914,49.6,0,60,0,0,0,0,0,0,0,0,66
2025-09-28T00:02:50.205Z,60,21.1,1.914,50.4,0,60,0,0,0,0,0,0,0,0,66
2025-09-28T00:02:51.205Z,59.9,21.1,1.914,49.6,0,60,0,0,0,0,0,0,0,0,66
2025-09-28T00:02:52.207Z,59.9,21.1,1.914,49.6,0,60,0,0,0,0,0,0,0,0,66
2025-09-28T00:02:53.205Z,59.9,21.1,1.914,49.6,0,60.1,0,0,0,0,0,0,0,0,66
2025-09-28T00:02:54.203Z,59.9,21.1,1.913,50.4,0,60,0,0,0,0,0,0,0,0,66
2025-09-28T00:02:55.206Z,59.9,21.1,1.914,49.6,0,60,0,0,0,0,0,0,0,0,66
2025-09-28T00:02:56.205Z,59.9,21.1,1.913,50.4,0,60,0,0,0,0,0,0,0,0,66
2025-09-28T00:02:57.210Z,59.9,21.1,1.914,49.6,0,60,0,0,0,0,0,0,0,0,66
2025-09-28T00:02:58.209Z,59.9,21.1,1.914,50.4,0,60,0,0,0,0,0,0,0,0,66
2025-09-28T00:02:59.212Z,59.9,21.1,1.914,49.6,0,60.1,0,0,0,0,0,0,0,0,66
2025-09-28T00:03:00.213Z,59.9,21.1,1.914,50.4,0,60.1,0,0,0,0,0,0,0,0,66
2025-09-28T00:03:01.214Z,59.9,21.1,1.915,49.6,0,60,0,0,0,0,0,0,0,0,66
2025-09-28T00:03:02.218Z,59.9,21.1,1.914,50.4,0,60,0,0,0,0,0,0,0,0,66
2025-09-28T00:03:03.216Z,59.9,21.1,1.915,49.6,0,60,0,0,0,0,0,0,0,0,66
2025-09-28T00:03:04.220Z,59.9,21.1,1.915,50.4,0,60,0,0,0,0,0,0,0,0,66
2025-09-28T00:03:05.212Z,59.9,21.1,1.914,49.6,0,60,0,0,0,0,0,0,0,0,66
2025-09-28T00:03:06.218Z,59.9,21.1,1.915,50.4,0,60.1,0,0,0,0,0,0,0,0,66
2025-09-28T00:03:07.217Z,59.9,21.1,1.915,49.6,0,60,0,0,0,0,0,0,0,0,66
2025-09-28T00:03:08.214Z,59.9,21.1,1.914,49.6,0,60,0,0,0,0,0,0,0,0,66
2025-09-28T00:03:09.220Z,59.9,21.1,1.915,49.6,0,60,0,0,0,0,0,0,0,0,66
2025-09-28T00:03:10.223Z,59.9,21.1,1.915,50.4,0,60,0,0,0,0,0,0,0,0,66
2025-09-28T00:03:11.223Z,59.9,21.1,1.915,49.6,0,60.1,0,0,0,0,0,0,0,0,66
2025-09-28T00:03:12.227Z,59.9,21.1,1.915,50.4,0,60,0,0,0,0,0,0,0,0,66
2025-09-28T00:03:13.220Z,59.9,21.1,1.914,49.6,0,60.1,0,0,0,0,0,0,0,0,66
2025-09-28T00:03:14.224Z,59.8,21.1,1.915,50.4,0,60.1,0,0,0,0,0,0,0,0,66
2025-09-28T00:03:15.230Z,59.8,21.1,1.915,49.6,0,60.1,0,0,0,0,0,0,0,0,66
2025-09-28T00:03:16.229Z,59.8,21.1,1.915,49.6,0,60.1,0,0,0,0,0,0,0,0,66
2025-09-28T00:03:17.230Z,59.8,21.1,1.915,50.4,0,60.1,0,0,0,0,0,0,0,0,66
2025-09-28T00:03:18.230Z,59.8,21.1,1.915,50.4,0,60.1,0,0,0,0,0,0,0,0,66
2025-09-28T00:03:19.231Z,59.8,21.1,1.915,49.6,0,60.1,0,0,0,0,0,0,0,0,66
2025-09-28T00:03:20.231Z,59.8,21.1,1.915,50.4,0,60.1,0,0,0,0,0,0,0,0,66
2025-09-28T00:03:21.231Z,59.8,21.1,1.915,49.6,0,60.1,0,0,0,0,0,0,0,0,66
2025-09-28T00:03:22.230Z,59.8,21.1,1.915,50.4,0,60,0,0,0,0,0,0,0,0,66
2025-09-28T00:03:23.233Z,59.8,21.1,1.915,49.6,0,60.1,0,0,0,0,0,0,0,0,66
2025-09-28T00:03:24.238Z,59.8,21.1,1.915,50.4,0,60.1,0,0,0,0,0,0,0,0,66
2025-09-28T00:03:25.232Z,59.8,21.1,1.915,49.6,0,60.1,0,0,0,0,0,0,0,0,66
2025-09-28T00:03:26.236Z,59.8,21.1,1.915,50.4,0,60.1,0,0,0,0,0,0,0,0,66
2025-09-28T00:03:27.233Z,59.8,21.1,1.915,49.6,0,60.1,0,0,0,0,0,0,0,0,66
2025-09-28T00:03:28.238Z,59.8,21.1,1.915,50.4,0,60.1,0,0,0,0,0,0,0,0,66
2025-09-28T00:03:29.236Z,59.8,21.1,1.915,49.6,0,60.1,0,0,0,0,0,0,0,0,66
2025-09-28T00:03:30.236Z,59.8,21.1,1.915,50.4,0,60,0,0,0,0,0,0,0,0,66
2025-09-28T00:03:31.241Z,59.8,21.1,1.915,49.6,0,60.1,0,0,0,0,0,0,0,0,66
2025-09-28T00:03:32.243Z,59.8,21.1,1.915,50.4,0,60.1,0,0,0,0,0,0,0,0,66
2025-09-28T00:03:33.240Z,59.8,21.1,1.915,49.6,0,60,0,0,0,0,0,0,0,0,66
2025-09-28T00:03:34.240Z,59.8,21.1,1.915,50.4,0,60.1,0,0,0,0,0,0,0,0,66
2025-09-28T00:03:35.248Z,59.8,21.1,1.915,49.6,0,60.1,0,0,0,0,0,0,0,0,66
2025-09-28T00:03:36.241Z,59.8,21.1,1.915,49.6,0,60,0,0,0,0,0,0,0,0,66
2025-09-28T00:03:37.245Z,59.8,21.1,1.915,49.6,0,60,0,0,0,0,0,0,0,0,66
2025-09-28T00:03:38.245Z,59.8,21.1,1.915,50.4,0,60,0,0,0,0,0,0,0,0,66
2025-09-28T00:03:39.244Z,59.8,21.1,1.915,49.6,0,60,0,0,0,0,0,0,0,0,66
2025-09-28T00:03:40.248Z,59.8,21.1,1.915,50.4,0,60.1,0,0,0,0,0,0,0,0,66
2025-09-28T00:03:41.250Z,59.7,21.1,1.915,49.6,0,60.1,0,0,0,0,0,0,0,0,66
2025-09-28T00:03:42.249Z,59.7,21.1,1.915,50.4,0,60,0,0,0,0,0,0,0,0,66
2025-09-28T00:03:43.250Z,59.7,21.1,1.915,49.6,0,60,0,0,0,0,0,0,0,0,66
2025-09-28T00:03:44.253Z,59.7,21.1,1.915,50.4,0,60,0,0,0,0,0,0,0,0,66
2025-09-28T00:03:45.253Z,59.7,21.1,1.915,49.6,0,60,0,0,0,0,0,0,0,0,66
2025-09-28T00:03:46.256Z,59.7,21.1,1.915,50.4,0,60.1,0,0,0,0,0,0,0,0,66
2025-09-28T00:03:47.256Z,59.7,21.1,1.915,49.6,0,60.1,0,0,0,0,0,0,0,0,66
2025-09-28T00:03:48.254Z,59.7,21.1,1.915,50.4,0,60,0,0,0,0,0,0,0,0,66
2025-09-28T00:03:49.256Z,59.7,21.1,1.915,49.6,0,60,0,0,0,0,0,0,0,0,66
2025-09-28T00:03:50.255Z,59.7,21.1,1.915,50.4,0,60,0,0,0,0,0,0,0,0,66
2025-09-28T00:03:51.258Z,59.7,21.1,1.915,49.6,0,60,0,0,0,0,0,0,0,0,66
2025-09-28T00:03:52.257Z,59.7,21.1,1.915,49.6,0,60,0,0,0,0,0,0,0,0,66
2025-09-28T00:03:53.253Z,59.7,21.1,1.915,49.6,0,60,0,0,0,0,0,0,0,0,66
2025-09-28T00:03:54.257Z,59.7,21.1,1.915,50.4,0,60,0,0,0,0,0,0,0,0,66
2025-09-28T00:03:55.258Z,59.7,21.1,1.915,49.6,0,60,0,0,0,0,0,0,0,0,66
2025-09-28T00:03:56.261Z,59.7,21.1,1.915,50.4,0,60,0,0,0,0,0,0,0,0,66
2025-09-28T00:03:57.258Z,59.7,21.1,1.915,49.6,0,60,0,0,0,0,0,0,0,0,66
2025-09-28T00:03:58.261Z,59.7,21.1,1.915,49.6,0,60,0,0,0,0,0,0,0,0,66
2025-09-28T00:03:59.260Z,59.7,21.1,1.915,50.4,0,60,0,0,0,0,0,0,0,0,66
2025-09-28T00:04:00.262Z,59.7,21.1,1.915,49.6,0,60,0,0,0,0,0,0,0,0,66
2025-09-28T00:04:01.263Z,59.7,21.1,1.915,50.4,0,60,0,0,0,0,0,0,0,0,66
2025-09-28T00:04:02.264Z,59.7,21.1,1.915,49.6,0,60,0,0,0,0,0,0,0,0,66
2025-09-28T00:04:03.264Z,59.7,21.1,1.915,50.4,0,60,0,0,0,0,0,0,0,0,66
2025-09-28T00:04:04.269Z,59.7,21.1,1.915,50.4,0,60,0,0,0,0,0,0,0,0,66
2025-09-28T00:04:05.267Z,59.7,21.1,1.915,49.6,0,60,0,0,0,0,0,0,0,0,66
2025-09-28T00:04:06.270Z,59.7,21.1,1.915,50.4,0,60,0,0,0,0,0,0,0,0,66
2025-09-28T00:04:07.267Z,59.6,21.1,1.915,49.6,0,60,0,0,0,0,0,0,0,0,66
2025-09-28T00:04:08.271Z,59.6,21.1,1.915,50.4,0,60,0,0,0,0,0,0,0,0,66
2025-09-28T00:04:09.268Z,59.6,21.1,1.915,49.6,0,60,0,0,0,0,0,0,0,0,66
2025-09-28T00:04:10.274Z,59.6,21.1,1.915,50.4,0,60,0,0,0,0,0,0,0,0,66
2025-09-28T00:04:11.272Z,59.6,21.1,1.915,49.6,0,60,0,0,0,0,0,0,0,0,66
2025-09-28T00:04:12.276Z,59.6,21.1,1.915,50.4,0,60,0,0,0,0,0,0,0,0,66
2025-09-28T00:04:13.273Z,59.6,21.1,1.915,49.6,0,60.1,0,0,0,0,0,0,0,0,66
2025-09-28T00:04:14.274Z,59.6,21.1,1.916,50.4,0,60.1,0,0,0,0,0,0,0,0,66
2025-09-28T00:04:15.276Z,59.6,21.1,1.915,49.6,0,60.1,0,0,0,0,0,0,0,0,66
2025-09-28T00:04:16.277Z,59.6,21.1,1.916,50.4,0,60,0,0,0,0,0,0,0,0,66
2025-09-28T00:04:17.283Z,59.6,21.1,1.915,49.6,0,60,0,0,0,0,0,0,0,0,66
2025-09-28T00:04:18.279Z,59.6,21.1,1.915,50.4,0,60,0,0,0,0,0,0,0,0,66
2025-09-28T00:04:19.279Z,59.6,21.1,1.916,49.6,0,60,0,0,0,0,0,0,0,0,66
2025-09-28T00:04:20.281Z,59.6,21.1,1.916,50.4,0,60,0,0,0,0,0,0,0,0,66
2025-09-28T00:04:21.279Z,59.6,21.1,1.916,49.6,0,60.1,0,0,0,0,0,0,0,0,66
2025-09-28T00:04:22.279Z,59.6,21.1,1.916,50.4,0,60,0,0,0,0,0,0,0,0,66
2025-09-28T00:04:23.285Z,59.6,21.1,1.916,49.6,0,60,0,0,0,0,0,0,0,0,66
2025-09-28T00:04:24.282Z,59.6,21.1,1.916,50.4,0,60,0,0,0,0,0,0,0,0,66
2025-09-28T00:04:25.281Z,59.6,21.1,1.916,49.6,0,60,0,0,0,0,0,0,0,0,66
2025-09-28T00:04:26.286Z,59.6,21.1,1.916,50.4,0,60,0,0,0,0,0,0,0,0,66
2025-09-28T00:04:27.289Z,59.6,21.1,1.915,49.6,0,60.1,0,0,0,0,0,0,0,0,66
2025-09-28T00:04:28.287Z,59.6,21.1,1.916,49.6,0,60,0,0,0,0,0,0,0,0,66
2025-09-28T00:04:29.285Z,59.6,21.1,1.916,49.6,0,60,0,0,0,0,0,0,0,0,66
2025-09-28T00:04:30.285Z,59.6,21.1,1.916,50.4,0,60,0,0,0,0,0,0,0,0,66
2025-09-28T00:04:31.291Z,59.6,21.1,1.916,49.6,0,60,0,0,0,0,0,0,0,0,66
2025-09-28T00:04:32.290Z,59.6,21.1,1.916,50.4,0,60,0,0,0,0,0,0,0,0,66
2025-09-28T00:04:33.289Z,59.6,21.1,1.917,49.6,0,60.1,0,0,0,0,0,0,0,0,66
2025-09-28T00:04:34.288Z,59.5,21.1,1.916,50.4,0,60,0,0,0,0,0,0,0,0,66
2025-09-28T00:04:35.296Z,59.5,21.1,1.915,49.6,0,60,0,0,0,0,0,0,0,0,66
2025-09-28T00:04:36.294Z,59.5,21.1,1.915,50.4,0,60,0,0,0,0,0,0,0,0,66
2025-09-28T00:04:37.294Z,59.5,21.1,1.917,49.6,0,60,0,0,0,0,0,0,0,0,66
2025-09-28T00:04:38.295Z,59.5,21.1,1.915,50.4,0,60,0,0,0,0,0,0,0,0,66
2025-09-28T00:04:39.293Z,59.5,21.1,1.917,49.6,0,60,0,0,0,0,0,0,0,0,66
2025-09-28T00:04:40.298Z,59.5,21.1,1.917,49.6,0,60.1,0,0,0,0,0,0,0,0,66
2025-09-28T00:04:41.294Z,59.5,21.1,1.916,50.4,0,60,0,0,0,0,0,0,0,0,66
2025-09-28T00:04:42.297Z,59.5,21.1,1.917,49.6,0,60,0,0,0,0,0,0,0,0,66
2025-09-28T00:04:43.294Z,59.5,21.1,1.916,50.4,0,60,0,0,0,0,0,0,0,0,66
2025-09-28T00:04:44.303Z,59.5,21.1,1.915,49.6,0,60,0,0,0,0,0,0,0,0,66
2025-09-28T00:04:45.298Z,59.5,21.1,1.917,50.4,0,60,0,0,0,0,0,0,0,0,66
2025-09-28T00:04:46.301Z,59.5,21.1,1.917,49.6,0,60,0,0,0,0,0,0,0,0,66
2025-09-28T00:04:47.306Z,59.5,21.1,1.916,50.4,0,60,0,0,0,0,0,0,0,0,66
2025-09-28T00:04:48.298Z,59.5,21.1,1.917,49.6,0,60,0,0,0,0,0,0,0,0,66
2025-09-28T00:04:49.305Z,59.5,21.1,1.916,50.4,0,60,0,0,0,0,0,0,0,0,66
2025-09-28T00:04:50.307Z,59.5,21.1,1.915,49.6,0,60,0,0,0,0,0,0,0,0,66
2025-09-28T00:04:51.308Z,59.5,21.1,1.916,50.4,0,60,0,0,0,0,0,0,0,0,66
2025-09-28T00:04:52.307Z,59.5,21.1,1.916,49.6,0,60,0,0,0,0,0,0,0,0,66
2025-09-28T00:04:53.308Z,59.5,21.1,1.915,50.4,0,60,0,0,0,0,0,0,0,0,66
2025-09-28T00:04:54.307Z,59.5,21.1,1.916,49.6,0,60,0,0,0,0,0,0,0,0,66
2025-09-28T00:04:55.309Z,59.5,21.1,1.916,49.6,0,60,0,0,0,0,0,0,0,0,66
2025-09-28T00:04:56.310Z,59.5,21.1,1.916,49.6,0,60,0,0,0,0,0,0,0,0,66
2025-09-28T00:04:57.305Z,59.5,21.1,1.917,50.4,0,60,0,0,0,0,0,0,0,0,66
2025-09-28T00:04:58.307Z,59.5,21.1,1.917,49.6,0,60,0,0,0,0,0,0,0,0,66
2025-09-28T00:04:59.315Z,59.5,21.1,1.916,50.4,0,60,0,0,0,0,0,0,0,0,66
2025-09-28T00:05:00.317Z,59.5,21.1,1.916,49.6,0,60,0,0,0,0,0,0,0,0,66
2025-09-28T00:05:01.317Z,59.5,21.1,1.916,50.4,0,60,0,0,0,0,0,0,0,0,66
2025-09-28T00:05:02.313Z,59.5,21.1,1.916,49.6,0,60,0,0,0,0,0,0,0,0,66
2025-09-28T00:05:03.316Z,59.5,21.1,1.916,50.4,0,60,0,0,0,0,0,0,0,0,66
2025-09-28T00:05:04.313Z,59.4,21.1,1.916,49.6,0,60,0,0,0,0,0,0,0,0,66
2025-09-28T00:05:05.314Z,59.5,21.1,1.916,49.6,0,60,0,0,0,0,0,0,0,0,66
2025-09-28T00:05:06.316Z,59.4,21.1,1.916,50.4,0,60,0,0,0,0,0,0,0,0,66
2025-09-28T00:05:07.321Z,59.4,21.1,1.916,49.6,0,60,0,0,0,0,0,0,0,0,66
2025-09-28T00:05:08.315Z,59.4,21.1,1.916,50.4,0,60,0,0,0,0,0,0,0,0,66
2025-09-28T00:05:09.317Z,59.4,21.1,1.916,50.4,0,60,0,0,0,0,0,0,0,0,66
2025-09-28T00:05:10.319Z,59.4,21.1,1.916,49.6,0,60,0,0,0,0,0,0,0,0,66
2025-09-28T00:05:11.320Z,59.4,21.1,1.916,50.4,0,60,0,0,0,0,0,0,0,0,66
2025-09-28T00:05:12.320Z,59.4,21.1,1.916,49.6,0,60,0,0,0,0,0,0,0,0,66
2025-09-28T00:05:13.321Z,59.4,21.1,1.916,50.4,0,60,0,0,0,0,0,0,0,0,66
2025-09-28T00:05:14.321Z,59.4,21.1,1.916,49.6,0,60,0,0,0,0,0,0,0,0,66
2025-09-28T00:05:15.330Z,59.4,21.1,1.916,50.4,0,60,0,0,0,0,0,0,0,0,66
2025-09-28T00:05:16.324Z,59.4,21.1,1.916,49.6,0,60,0,0,0,0,0,0,0,0,66
2025-09-28T00:05:17.326Z,59.4,21.1,1.916,50.4,0,60,0,0,0,0,0,0,0,0,66
2025-09-28T00:05:18.326Z,59.4,21.1,1.916,49.6,0,60,0,0,0,0,0,0,0,0,66
2025-09-28T00:05:19.329Z,59.4,21.1,1.916,50.4,0,60,0,0,0,0,0,0,0,0,66
2025-09-28T00:05:20.326Z,59.4,21.1,1.916,49.6,0,60,0,0,0,0,0,0,0,0,66
2025-09-28T00:05:21.331Z,59.4,21.1,1.916,50.4,0,60,0,0,0,0,0,0,0,0,66
2025-09-28T00:05:22.332Z,59.4,21.1,1.916,49.6,0,60,0,0,0,0,0,0,0,0,66
2025-09-28T00:05:23.329Z,59.4,21.1,1.916,50.4,0,60,0,0,0,0,0,0,0,0,66
2025-09-28T00:05:24.331Z,59.4,21.1,1.916,49.6,0,60,0,0,0,0,0,0,0,0,66
2025-09-28T00:05:25.330Z,59.4,21.1,1.916,50.4,0,60,0,0,0,0,0,0,0,0,66
2025-09-28T00:05:26.331Z,59.4,21.1,1.916,49.6,0,60,0,0,0,0,0,0,0,0,66
2025-09-28T00:05:27.333Z,59.4,21.1,1.916,50.4,0,60,0,0,0,0,0,0,0,0,66
2025-09-28T00:05:28.331Z,59.4,21.1,1.916,49.6,0,60,0,0,0,0,0,0,0,0,66
2025-09-28T00:05:29.336Z,59.4,21.1,1.916,50.4,0,60,0,0,0,0,0,0,0,0,66
2025-09-28T00:05:30.335Z,59.4,21.1,1.916,49.6,0,60,0,0,0,0,0,0,0,0,66
2025-09-28T00:05:31.341Z,59.4,21.1,1.917,49.6,0,60,0,0,0,0,0,0,0,0,66
2025-09-28T00:05:32.336Z,59.4,21.1,1.916,49.6,0,60,0,0,0,0,0,0,0,0,66
2025-09-28T00:05:33.342Z,59.4,21.1,1.916,50.4,0,60,0,0,0,0,0,0,0,0,66
2025-09-28T00:05:34.346Z,59.4,21.1,1.917,49.6,0,60,0,0,0,0,0,0,0,0,66
2025-09-28T00:05:35.347Z,59.4,21.1,1.917,50.4,0,60,0,0,0,0,0,0,0,0,66
2025-09-28T00:05:36.341Z,59.4,21.1,1.916,49.6,0,60,0,0,0,0,0,0,0,0,66
2025-09-28T00:05:37.351Z,59.4,21.1,1.917,50.4,0,60,0,0,0,0,0,0,0,0,66
2025-09-28T00:05:38.346Z,59.4,21.1,1.917,49.6,0,60,0,0,0,0,0,0,0,0,66
2025-09-28T00:05:39.346Z,59.4,21.1,1.916,50.4,0,60,0,0,0,0,0,0,0,0,66
2025-09-28T00:05:40.345Z,59.4,21.1,1.916,49.6,0,60,0,0,0,0,0,0,0,0,66
2025-09-28T00:05:41.346Z,59.4,21.1,1.916,49.6,0,60,0,0,0,0,0,0,0,0,66
2025-09-28T00:05:42.346Z,59.4,21.1,1.916,49.6,0,60,0,0,0,0,0,0,0,0,66
2025-09-28T00:05:43.351Z,59.4,21.1,1.916,50.4,0,60,0,0,0,0,0,0,0,0,66
2025-09-28T00:05:44.352Z,59.4,21.1,1.917,50.4,0,60,0,0,0,0,0,0,0,0,66
2025-09-28T00:05:45.352Z,59.4,21.1,1.917,49.6,0,60,0,0,0,0,0,0,0,0,66
2025-09-28T00:05:46.349Z,59.4,21.1,1.916,49.6,0,60,0,0,0,0,0,0,0,0,66
2025-09-28T00:05:47.356Z,59.4,21.1,1.917,50.4,0,60,0,0,0,0,0,0,0,0,66
2025-09-28T00:05:48.353Z,59.4,21.1,1.917,49.6,0,60.1,0,0,0,0,0,0,0,0,66
2025-09-28T00:05:49.357Z,59.4,21.1,1.917,49.6,0,60.1,0,0,0,0,0,0,0,0,66
2025-09-28T00:05:50.360Z,59.4,21.1,1.917,50.4,0,60.1,0,0,0,0,0,0,0,0,66
2025-09-28T00:05:51.354Z,59.4,21.1,1.916,49.6,0,60,0,0,0,0,0,0,0,0,66
2025-09-28T00:05:52.355Z,59.4,21.1,1.917,50.4,0,60.1,0,0,0,0,0,0,0,0,66
2025-09-28T00:05:53.353Z,59.4,21.1,1.916,50.4,0,60,0,0,0,0,0,0,0,0,66
2025-09-28T00:05:54.352Z,59.4,21.1,1.916,49.6,0,60,0,0,0,0,0,0,0,0,66
2025-09-28T00:05:55.359Z,59.4,21.1,1.917,50.4,0,60,0,0,0,0,0,0,0,0,66
2025-09-28T00:05:56.356Z,59.4,21.1,1.916,49.6,0,60,0,0,0,0,0,0,0,0,66
2025-09-28T00:05:57.357Z,59.4,21.1,1.916,50.4,0,60,0,0,0,0,0,0,0,0,66
2025-09-28T00:05:58.366Z,59.4,21.1,1.917,49.6,0,60,0,0,0,0,0,0,0,0,66
2025-09-28T00:05:59.362Z,59.4,21.1,1.917,50.4,0,60,0,0,0,0,0,0,0,0,66
2025-09-28T00:06:00.369Z,59.4,21.1,1.917,49.6,0,60,0,0,0,0,0,0,0,0,66
2025-09-28T00:06:01.365Z,59.4,21.1,1.917,50.4,0,60,0,0,0,0,0,0,0,0,66
2025-09-28T00:06:02.359Z,59.4,21.1,1.916,49.6,0,60,0,0,0,0,0,0,0,0,66
2025-09-28T00:06:03.365Z,59.4,21.1,1.917,50.4,0,60,0,0,0,0,0,0,0,0,66
2025-09-28T00:06:04.365Z,59.4,21.1,1.916,49.6,0,60,0,0,0,0,0,0,0,0,66
2025-09-28T00:06:05.371Z,59.4,21.1,1.917,50.4,0,60,0,0,0,0,0,0,0,0,66
2025-09-28T00:06:06.367Z,59.4,21.1,1.916,49.6,0,60,0,0,0,0,0,0,0,0,66
2025-09-28T00:06:07.369Z,59.4,21.1,1.917,50.4,0,60,0,0,0,0,0,0,0,0,66
2025-09-28T00:06:08.376Z,59.4,21.1,1.917,49.6,0,60,0,0,0,0,0,0,0,0,66
2025-09-28T00:06:09.377Z,59.4,21.1,1.917,49.6,0,60,0,0,0,0,0,0,0,0,66
2025-09-28T00:06:10.373Z,59.4,21.1,1.917,49.6,0,60,0,0,0,0,0,0,0,0,66
2025-09-28T00:06:11.376Z,59.4,21.1,1.917,50.4,0,60,0,0,0,0,0,0,0,0,66
2025-09-28T00:06:12.378Z,59.4,21.1,1.917,49.6,0,60,0,0,0,0,0,0,0,0,66
2025-09-28T00:06:13.385Z,59.4,21.1,1.917,50.4,0,60,0,0,0,0,0,0,0,0,66
2025-09-28T00:06:14.377Z,59.4,21.1,1.917,49.6,0,60,0,0,0,0,0,0,0,0,66
2025-09-28T00:06:15.377Z,59.4,21.1,1.917,50.4,0,60,0,0,0,0,0,0,0,0,66
2025-09-28T00:06:16.377Z,59.4,21.1,1.917,49.6,0,60,0,0,0,0,0,0,0,0,66
2025-09-28T00:06:17.377Z,59.4,21.1,1.917,49.6,0,60,0,0,0,0,0,0,0,0,66
2025-09-28T00:06:18.379Z,59.4,21.1,1.917,50.4,0,60,0,0,0,0,0,0,0,0,66
2025-09-28T00:06:19.382Z,59.4,21.1,1.917,49.6,0,60,0,0,0,0,0,0,0,0,66
2025-09-28T00:06:20.389Z,59.4,21.1,1.917,50.4,0,60,0,0,0,0,0,0,0,0,66
2025-09-28T00:06:21.389Z,59.4,21.1,1.917,50.4,0,60,0,0,0,0,0,0,0,0,66
2025-09-28T00:06:22.379Z,59.4,21.1,1.917,49.6,0,60,0,0,0,0,0,0,0,0,66
2025-09-28T00:06:23.382Z,59.4,21.1,1.917,49.6,0,60,0,0,0,0,0,0,0,0,66
2025-09-28T00:06:24.385Z,59.4,21.1,1.917,49.6,0,60,0,0,0,0,0,0,0,0,66
2025-09-28T00:06:25.382Z,59.4,21.1,1.917,50.4,0,60,0,0,0,0,0,0,0,0,66
2025-09-28T00:06:26.384Z,59.4,21.1,1.917,49.6,0,60,0,0,0,0,0,0,0,0,66
2025-09-28T00:06:27.383Z,59.4,21.1,1.916,49.6,0,60,0,0,0,0,0,0,0,0,66
2025-09-28T00:06:28.387Z,59.4,21.1,1.917,50.4,0,60,0,0,0,0,0,0,0,0,66
2025-09-28T00:06:29.394Z,59.4,21.1,1.917,49.6,0,60,0,0,0,0,0,0,0,0,66
2025-09-28T00:06:30.391Z,59.4,21.1,1.917,50.4,0,60,0,0,0,0,0,0,0,0,66
2025-09-28T00:06:31.389Z,59.4,21.1,1.917,49.6,0,60,0,0,0,0,0,0,0,0,66
2025-09-28T00:06:32.397Z,59.4,21.1,1.917,50.4,0,60,0,0,0,0,0,0,0,0,66
2025-09-28T00:06:33.392Z,59.4,21.1,1.917,49.6,0,60,0,0,0,0,0,0,0,0,66
2025-09-28T00:06:34.396Z,59.4,21.1,1.917,49.6,0,60,0,0,0,0,0,0,0,0,66
2025-09-28T00:06:35.398Z,59.4,21.1,1.917,50.4,0,60,0,0,0,0,0,0,0,0,66
2025-09-28T00:06:36.392Z,59.4,21.1,1.917,50.4,0,60,0,0,0,0,0,0,0,0,66
2025-09-28T00:06:37.395Z,59.4,21.1,1.917,49.6,0,60,0,0,0,0,0,0,0,0,66
2025-09-28T00:06:38.394Z,59.4,21.1,1.917,50.4,0,60,0,0,0,0,0,0,0,0,66
2025-09-28T00:06:39.398Z,59.4,21.1,1.917,49.6,0,60,0,0,0,0,0,0,0,0,66
2025-09-28T00:06:40.397Z,59.4,21.1,1.917,50.4,0,60,0,0,0,0,0,0,0,0,66
2025-09-28T00:06:41.400Z,59.4,21.1,1.917,49.6,0,60,0,0,0,0,0,0,0,0,66
2025-09-28T00:06:42.403Z,59.4,21.1,1.917,50.4,0,60,0,0,0,0,0,0,0,0,66
2025-09-28T00:06:43.403Z,59.4,21.1,1.917,49.6,0,60,0,0,0,0,0,0,0,0,66
2025-09-28T00:06:44.402Z,59.4,21.1,1.917,49.6,0,60,0,0,0,0,0,0,0,0,66
2025-09-28T00:06:45.402Z,59.4,21.1,1.917,50.4,0,60,0,0,0,0,0,0,0,0,66
2025-09-28T00:06:46.406Z,59.4,21.1,1.917,49.6,0,60,0,0,0,0,0,0,0,0,66
2025-09-28T00:06:47.412Z,59.4,21.1,1.916,49.6,0,60,0,0,0,0,0,0,0,0,66
2025-09-28T00:06:48.407Z,59.4,21.1,1.917,50.4,0,60,0,0,0,0,0,0,0,0,66
2025-09-28T00:06:49.405Z,59.4,21.1,1.917,49.6,0,60,0,0,0,0,0,0,0,0,66
2025-09-28T00:06:50.408Z,59.4,21.1,1.917,49.6,0,60,0,0,0,0,0,0,0,0,66
2025-09-28T00:06:51.410Z,59.4,21.1,1.917,50.4,0,60,0,0,0,0,0,0,0,0,66
2025-09-28T00:06:52.406Z,59.4,21.1,1.917,49.6,0,60,0,0,0,0,0,0,0,0,66
2025-09-28T00:06:53.409Z,59.5,21.1,1.917,50.4,0,60,0,0,0,0,0,0,0,0,66
2025-09-28T00:06:54.412Z,59.5,21.1,1.917,49.6,0,60,0,0,0,0,0,0,0,0,66
2025-09-28T00:06:55.412Z,59.5,21.1,1.917,49.6,0,60,0,0,0,0,0,0,0,0,66
2025-09-28T00:06:56.412Z,59.5,21.1,1.917,50.4,0,60,0,0,0,0,0,0,0,0,66
2025-09-28T00:06:57.414Z,59.5,21.1,1.916,50.4,0,60,0,0,0,0,0,0,0,0,66
2025-09-28T00:06:58.414Z,59.5,21.1,1.917,49.6,0,60,0,0,0,0,0,0,0,0,66
2025-09-28T00:06:59.415Z,59.5,21.1,1.917,50.4,0,60,0,0,0,0,0,0,0,0,66
2025-09-28T00:07:00.415Z,59.5,21.1,1.917,49.6,0,60,0,0,0,0,0,0,0,0,66
2025-09-28T00:07:01.413Z,59.5,21.1,1.917,50.4,0,60,0,0,0,0,0,0,0,0,66
2025-09-28T00:07:02.415Z,59.5,21.1,1.917,50.4,0,60,0,0,0,0,0,0,0,0,66
2025-09-28T00:07:03.419Z,59.5,21.1,1.917,49.6,0,60,0,0,0,0,0,0,0,0,66
2025-09-28T00:07:04.422Z,59.5,21.1,1.917,50.4,0,60,0,0,0,0,0,0,0,0,66
2025-09-28T00:07:05.424Z,59.5,21.1,1.917,49.6,0,60,0,0,0,0,0,0,0,0,66
2025-09-28T00:07:06.422Z,59.5,21.1,1.917,50.4,0,60,0,0,0,0,0,0,0,0,66
2025-09-28T00:07:07.421Z,59.5,21.1,1.916,49.6,0,60,0,0,0,0,0,0,0,0,66
2025-09-28T00:07:08.427Z,59.5,21.1,1.916,50.4,0,60,0,0,0,0,0,0,0,0,66
2025-09-28T00:07:09.423Z,59.5,21.1,1.916,50.4,0,60,0,0,0,0,0,0,0,0,66
2025-09-28T00:07:10.427Z,59.5,21.1,1.916,49.6,0,60,0,0,0,0,0,0,0,0,66
2025-09-28T00:07:11.427Z,59.5,21.1,1.916,50.4,0,60,0,0,0,0,0,0,0,0,66
2025-09-28T00:07:12.426Z,59.5,21.1,1.916,49.6,0,60,0,0,0,0,0,0,0,0,66
2025-09-28T00:07:13.426Z,59.5,21.1,1.916,50.4,0,60,0,0,0,0,0,0,0,0,66
2025-09-28T00:07:14.425Z,59.5,21.1,1.916,49.6,0,60,0,0,0,0,0,0,0,0,66
2025-09-28T00:07:15.429Z,59.5,21.1,1.916,49.6,0,60,0,0,0,0,0,0,0,0,66
2025-09-28T00:07:16.434Z,59.5,21.1,1.916,49.6,0,60,0,0,0,0,0,0,0,0,66
2025-09-28T00:07:17.429Z,59.5,21.1,1.916,50.4,0,60,0,0,0,0,0,0,0,0,66
2025-09-28T00:07:18.429Z,59.5,21.1,1.916,50.4,0,60,0,0,0,0,0,0,0,0,66
2025-09-28T00:07:19.434Z,59.5,21.1,1.916,49.6,0,60,0,0,0,0,0,0,0,0,66
2025-09-28T00:07:20.433Z,59.5,21.1,1.916,50.4,0,60,0,0,0,0,0,0,0,0,66
2025-09-28T00:07:21.431Z,59.6,21.1,1.916,49.6,0,60,0,0,0,0,0,0,0,0,66
2025-09-28T00:07:22.431Z,59.6,21.1,1.916,50.4,0,60,0,0,0,0,0,0,0,0,66
2025-09-28T00:07:23.434Z,59.6,21.1,1.916,49.6,0,60,0,0,0,0,0,0,0,0,66
2025-09-28T00:07:24.430Z,59.6,21.1,1.916,50.4,0,60,0,0,0,0,0,0,0,0,66
2025-09-28T00:07:25.434Z,59.6,21.1,1.915,49.6,0,60,0,0,0,0,0,0,0,0,66
2025-09-28T00:07:26.434Z,59.6,21.1,1.916,50.4,0,60,0,0,0,0,0,0,0,0,66
2025-09-28T00:07:27.439Z,59.6,21.1,1.916,49.6,0,60,0,0,0,0,0,0,0,0,66
2025-09-28T00:07:28.439Z,59.6,21.1,1.915,50.4,0,60,0,0,0,0,0,0,0,0,66
2025-09-28T00:07:29.442Z,59.6,21.1,1.916,50.4,0,60,0,0,0,0,0,0,0,0,66
2025-09-28T00:07:30.441Z,59.6,21.1,1.916,49.6,0,60,0,0,0,0,0,0,0,0,66
2025-09-28T00:07:31.441Z,59.6,21.1,1.915,50.4,0,60,0,0,0,0,0,0,0,0,66
2025-09-28T00:07:32.443Z,59.6,21.1,1.915,49.6,0,60,0,0,0,0,0,0,0,0,66
2025-09-28T00:07:33.438Z,59.6,21.1,1.915,50.4,0,60,0,0,0,0,0,0,0,0,66
2025-09-28T00:07:34.437Z,59.6,21.1,1.915,49.6,0,60,0,0,0,0,0,0,0,0,66
2025-09-28T00:07:35.444Z,59.6,21.1,1.916,50.4,0,60,0,0,0,0,0,0,0,0,66
2025-09-28T00:07:36.443Z,59.6,21.1,1.915,49.6,0,60,0,0,0,0,0,0,0,0,66
2025-09-28T00:07:37.439Z,59.6,21.1,1.915,49.6,0,60,0,0,0,0,0,0,0,0,66
2025-09-28T00:07:38.441Z,59.6,21.1,1.915,49.6,0,60,0,0,0,0,0,0,0,0,66
2025-09-28T00:07:39.448Z,59.6,21.1,1.915,50.4,0,60,0,0,0,0,0,0,0,0,66
2025-09-28T00:07:40.445Z,59.6,21.1,1.915,49.6,0,60,0,0,0,0,0,0,0,0,66
2025-09-28T00:07:41.448Z,59.6,21.1,1.915,50.4,0,60,0,0,0,0,0,0,0,0,66
2025-09-28T00:07:42.449Z,59.7,21.1,1.915,49.6,0,60,0,0,0,0,0,0,0,0,66
2025-09-28T00:07:43.447Z,59.7,21.1,1.915,49.6,0,60,0,0,0,0,0,0,0,0,66
2025-09-28T00:07:44.448Z,59.7,21.1,1.915,50.4,0,60,0,0,0,0,0,0,0,0,66
2025-09-28T00:07:45.447Z,59.7,21.1,1.915,49.6,0,60,0,0,0,0,0,0,0,0,66
2025-09-28T00:07:46.453Z,59.7,21.1,1.915,49.6,0,60,0,0,0,0,0,0,0,0,66
2025-09-28T00:07:47.453Z,59.7,21.1,1.915,49.6,0,60,0,0,0,0,0,0,0,0,66
2025-09-28T00:07:48.453Z,59.7,21.1,1.915,49.6,0,60,0,0,0,0,0,0,0,0,66
2025-09-28T00:07:49.451Z,59.7,21.1,1.915,49.6,0,60,0,0,0,0,0,0,0,0,66
2025-09-28T00:07:50.458Z,59.7,21.1,1.915,50.4,0,60,0,0,0,0,0,0,0,0,66
2025-09-28T00:07:51.456Z,59.7,21.1,1.915,50.4,0,60,0,0,0,0,0,0,0,0,66
2025-09-28T00:07:52.455Z,59.7,21.1,1.915,49.6,0,60,0,0,0,0,0,0,0,0,66
2025-09-28T00:07:53.454Z,59.7,21.1,1.915,49.6,0,60,0,0,0,0,0,0,0,0,66
2025-09-28T00:07:54.455Z,59.7,21.1,1.915,49.6,0,60,0,0,0,0,0,0,0,0,66
2025-09-28T00:07:55.460Z,59.7,21.1,1.915,50.4,0,60,0,0,0,0,0,0,0,0,66
2025-09-28T00:07:56.465Z,59.7,21.1,1.915,49.6,0,60,0,0,0,0,0,0,0,0,66
2025-09-28T00:07:57.460Z,59.7,21.1,1.915,49.6,0,60,0,0,0,0,0,0,0,0,66
2025-09-28T00:07:58.458Z,59.7,21.1,1.915,50.4,0,60,0,0,0,0,0,0,0,0,66
2025-09-28T00:07:59.460Z,59.7,21.1,1.915,50.4,0,60,0,0,0,0,0,0,0,0,66
2025-09-28T00:08:00.464Z,59.7,21.1,1.915,49.6,0,60,0,0,0,0,0,0,0,0,66
2025-09-28T00:08:01.464Z,59.8,21.1,1.915,50.4,0,60,0,0,0,0,0,0,0,0,66
2025-09-28T00:08:02.459Z,59.8,21.1,1.915,49.6,0,60,0,0,0,0,0,0,0,0,66
2025-09-28T00:08:03.463Z,59.8,21.1,1.915,50.4,0,60,0,0,0,0,0,0,0,0,66
2025-09-28T00:08:04.470Z,59.8,21.1,1.915,49.6,0,60,0,0,0,0,0,0,0,0,66
2025-09-28T00:08:05.467Z,59.8,21.1,1.915,50.4,0,60,0,0,0,0,0,0,0,0,66
2025-09-28T00:08:06.467Z,59.8,21.1,1.915,49.6,0,60,0,0,0,0,0,0,0,0,66
2025-09-28T00:08:07.466Z,59.8,21.1,1.915,49.6,0,60,0,0,0,0,0,0,0,0,66
2025-09-28T00:08:08.467Z,59.8,21.1,1.915,50.4,0,60,0,0,0,0,0,0,0,0,66
2025-09-28T00:08:09.466Z,59.8,21.1,1.915,49.6,0,60,0,0,0,0,0,0,0,0,66
2025-09-28T00:08:10.467Z,59.8,21.1,1.915,50.4,0,60,0,0,0,0,0,0,0,0,66
2025-09-28T00:08:11.475Z,59.8,21.1,1.914,49.6,0,60,0,0,0,0,0,0,0,0,66
2025-09-28T00:08:12.473Z,59.8,21.1,1.914,49.6,0,60,0,0,0,0,0,0,0,0,66
2025-09-28T00:08:13.472Z,59.8,21.1,1.915,50.4,0,60,0,0,0,0,0,0,0,0,66
2025-09-28T00:08:14.475Z,59.8,21.1,1.914,49.6,0,60,0,0,0,0,0,0,0,0,66
2025-09-28T00:08:15.475Z,59.8,21.1,1.915,50.4,0,60,0,0,0,0,0,0,0,0,66
2025-09-28T00:08:16.473Z,59.8,21.1,1.915,49.6,0,60,0,0,0,0,0,0,0,0,66
2025-09-28T00:08:17.473Z,59.9,21.1,1.915,49.6,0,60,0,0,0,0,0,0,0,0,66
2025-09-28T00:08:18.476Z,59.9,21.1,1.915,50.4,0,60,0,0,0,0,0,0,0,0,66
2025-09-28T00:08:19.483Z,59.9,21.1,1.914,49.6,0,60,0,0,0,0,0,0,0,0,66
2025-09-28T00:08:20.481Z,59.9,21.1,1.914,49.6,0,60,0,0,0,0,0,0,0,0,66
2025-09-28T00:08:21.476Z,59.9,21.1,1.914,50.4,0,60,0,0,0,0,0,0,0,0,66
2025-09-28T00:08:22.475Z,59.9,21.1,1.914,50.4,0,60,0,0,0,0,0,0,0,0,66
2025-09-28T00:08:23.478Z,59.9,21.1,1.914,49.6,0,60,0,0,0,0,0,0,0,0,66
2025-09-28T00:08:24.480Z,59.9,21.1,1.913,50.4,0,60,0,0,0,0,0,0,0,0,66
2025-09-28T00:08:25.486Z,59.9,21.1,1.913,49.6,0,60,0,0,0,0,0,0,0,0,66
2025-09-28T00:08:26.479Z,59.9,21.1,1.914,50.4,0,60,0,0,0,0,0,0,0,0,66
2025-09-28T00:08:27.484Z,59.9,21.1,1.913,49.6,0,60,0,0,0,0,0,0,0,0,66
2025-09-28T00:08:28.482Z,59.9,21.1,1.913,50.4,0,60,0,0,0,0,0,0,0,0,66
2025-09-28T00:08:29.481Z,59.9,21.1,1.913,50.4,0,60,0,0,0,0,0,0,0,0,66
2025-09-28T00:08:30.482Z,59.9,21.1,1.913,49.6,0,60,0,0,0,0,0,0,0,0,66
2025-09-28T00:08:31.486Z,59.9,21.1,1.913,50.4,0,60,0,0,0,0,0,0,0,0,66
2025-09-28T00:08:32.487Z,59.9,21.1,1.913,49.6,0,60,0,0,0,0,0,0,0,0,66
2025-09-28T00:08:33.491Z,59.9,21.1,1.913,50.4,0,60,0,0,0,0,0,0,0,0,66
2025-09-28T00:08:34.489Z,60,21.1,1.913,49.6,0,60,0,0,0,0,0,0,0,0,66
2025-09-28T00:08:35.489Z,60,21.1,1.913,50.4,0,60,0,0,0,0,0,0,0,0,66
2025-09-28T00:08:36.490Z,60,21.1,1.913,50.4,0,60,0,0,0,0,0,0,0,0,66
2025-09-28T00:08:37.487Z,60,21.1,1.913,49.6,0,60,0,0,0,0,0,0,0,0,66
2025-09-28T00:08:38.492Z,60,21.1,1.913,50.4,0,60,0,0,0,0,0,0,0,0,66
2025-09-28T00:08:39.494Z,60,21.1,1.913,49.6,0,60,0,0,0,0,0,0,0,0,66
2025-09-28T00:08:40.493Z,60,21.1,1.913,50.4,0,60,0,0,0,0,0,0,0,0,66
2025-09-28T00:08:41.495Z,60,21.1,1.913,49.6,0,60,0,0,0,0,0,0,0,0,66
2025-09-28T00:08:42.499Z,60,21.1,1.913,49.6,0,60,0,0,0,0,0,0,0,0,66
2025-09-28T00:08:43.497Z,60,21.1,1.913,49.6,0,60,0,0,0,0,0,0,0,0,66
2025-09-28T00:08:44.499Z,60,21.1,1.913,50.4,0,60,0,0,0,0,0,0,0,0,66
2025-09-28T00:08:45.499Z,60,21.1,1.913,49.6,0,60,0,0,0,0,0,0,0,0,66
2025-09-28T00:08:46.503Z,60,21.1,1.913,50.4,0,60,0,0,0,0,0,0,0,0,66
2025-09-28T00:08:47.501Z,60,21.1,1.913,49.6,0,60,0,0,0,0,0,0,0,0,66
2025-09-28T00:08:48.500Z,60,21.1,1.913,50.4,0,60,0,0,0,0,0,0,0,0,66
2025-09-28T00:08:49.504Z,60.1,21.1,1.913,50.4,0,60,0,0,0,0,0,0,0,0,66
2025-09-28T00:08:50.504Z,60.1,21.1,1.913,49.6,0,60,0,0,0,0,0,0,0,0,66
2025-09-28T00:08:51.506Z,60.1,21.1,1.913,50.4,0,60,0,0,0,0,0,0,0,0,66
2025-09-28T00:08:52.507Z,60.1,21.1,1.913,49.6,0,60,0,0,0,0,0,0,0,0,66
2025-09-28T00:08:53.501Z,60.1,21.1,1.913,50.4,0,60,0,0,0,0,0,0,0,0,66
2025-09-28T00:08:54.502Z,60.1,21.1,1.913,49.6,0,60,0,0,0,0,0,0,0,0,66
2025-09-28T00:08:55.506Z,60.1,21.1,1.912,50.4,0,60,0,0,0,0,0,0,0,0,66
2025-09-28T00:08:56.505Z,60.1,21.1,1.912,49.6,0,60,0,0,0,0,0,0,0,0,66
2025-09-28T00:08:57.508Z,60.1,21.1,1.912,50.4,0,60,0,0,0,0,0,0,0,0,66
2025-09-28T00:08:58.509Z,60.1,21.1,1.913,49.6,0,60,0,0,0,0,0,0,0,0,66
2025-09-28T00:08:59.521Z,60.1,21.1,1.914,49.6,0,60,0,0,0,0,0,0,0,0,66
2025-09-28T00:09:00.513Z,60.1,21.1,1.912,50.4,0,60,0,0,0,0,0,0,0,0,66
2025-09-28T00:09:01.512Z,60.1,21.1,1.913,49.6,0,60,0,0,0,0,0,0,0,0,66
2025-09-28T00:09:02.514Z,60.1,21.1,1.912,49.6,0,60,0,0,0,0,0,0,0,0,66
2025-09-28T00:09:03.513Z,60.2,21.1,1.912,50.4,0,60,0,0,0,0,0,0,0,0,66
2025-09-28T00:09:04.518Z,60.2,21.1,1.912,49.6,0,60,0,0,0,0,0,0,0,0,66
2025-09-28T00:09:05.516Z,60.2,21.1,1.912,50.4,0,60,0,0,0,0,0,0,0,0,66
2025-09-28T00:09:06.520Z,60.2,21.1,1.913,49.6,0,60,0,0,0,0,0,0,0,0,66
2025-09-28T00:09:07.517Z,60.2,21.1,1.912,50.4,0,60,0,0,0,0,0,0,0,0,66
2025-09-28T00:09:08.522Z,60.2,21.1,1.913,49.6,0,60,0,0,0,0,0,0,0,0,66
2025-09-28T00:09:09.518Z,60.2,21.1,1.912,49.6,0,60,0,0,0,0,0,0,0,0,66
2025-09-28T00:09:10.518Z,60.2,21.1,1.912,50.4,0,60,0,0,0,0,0,0,0,0,66
2025-09-28T00:09:11.519Z,60.2,21.1,1.912,49.6,0,60,0,0,0,0,0,0,0,0,66
2025-09-28T00:09:12.525Z,60.2,21.1,1.912,50.4,0,60,0,0,0,0,0,0,0,0,66
2025-09-28T00:09:13.524Z,60.2,21.1,1.912,49.6,0,60,0,0,0,0,0,0,0,0,66
2025-09-28T00:09:14.525Z,60.2,21.1,1.912,49.6,0,60,0,0,0,0,0,0,0,0,66
2025-09-28T00:09:15.529Z,60.2,21.1,1.912,50.4,0,60,0,0,0,0,0,0,0,0,66
2025-09-28T00:09:16.529Z,60.3,21.1,1.912,49.6,0,60,0,0,0,0,0,0,0,0,66
2025-09-28T00:09:17.529Z,60.3,21.1,1.912,50.4,0,60,0,0,0,0,0,0,0,0,66
2025-09-28T00:09:18.533Z,60.3,21.1,1.912,49.6,0,60,0,0,0,0,0,0,0,0,66
2025-09-28T00:09:19.532Z,60.3,21.1,1.912,49.6,0,60,0,0,0,0,0,0,0,0,66
2025-09-28T00:09:20.536Z,60.3,21.1,1.912,50.4,0,60,0,0,0,0,0,0,0,0,66
2025-09-28T00:09:21.530Z,60.3,21.1,1.912,49.6,0,60,0,0,0,0,0,0,0,0,66
2025-09-28T00:09:22.529Z,60.3,21.1,1.912,50.4,0,60,0,0,0,0,0,0,0,0,66
2025-09-28T00:09:23.534Z,60.3,21.1,1.912,49.6,0,60,0,0,0,0,0,0,0,0,66
2025-09-28T00:09:24.533Z,60.3,21.1,1.912,49.6,0,60,0,0,0,0,0,0,0,0,66
2025-09-28T00:09:25.538Z,60.3,21.1,1.912,50.4,0,60,0,0,0,0,0,0,0,0,66
2025-09-28T00:09:26.534Z,60.3,21.1,1.912,49.6,0,60,0,0,0,0,0,0,0,0,66
2025-09-28T00:09:27.538Z,60.3,21.1,1.912,49.6,0,60,0,0,0,0,0,0,0,0,66
2025-09-28T00:09:28.541Z,60.3,21.1,1.912,50.4,0,60,0,0,0,0,0,0,0,0,66
2025-09-28T00:09:29.545Z,60.3,21.1,1.912,49.6,0,60,0,0,0,0,0,0,0,0,66
2025-09-28T00:09:30.544Z,60.3,21.1,1.912,49.6,0,60,0,0,0,0,0,0,0,0,66
2025-09-28T00:09:31.545Z,60.3,21.1,1.912,50.4,0,60,0,0,0,0,0,0,0,0,66
2025-09-28T00:09:32.540Z,60.4,21.1,1.912,49.6,0,60,0,0,0,0,0,0,0,0,66
2025-09-28T00:09:33.550Z,60.4,21.1,1.912,49.6,0,60,0,0,0,0,0,0,0,0,66
2025-09-28T00:09:34.546Z,60.4,21.1,1.912,50.4,0,60,0,0,0,0,0,0,0,0,66
2025-09-28T00:09:35.543Z,60.4,21.1,1.912,50.4,0,60,0,0,0,0,0,0,0,0,66
2025-09-28T00:09:36.546Z,60.4,21.1,1.912,49.6,0,60,0,0,0,0,0,0,0,0,66
2025-09-28T00:09:37.543Z,60.4,21.1,1.912,50.4,0,60,0,0,0,0,0,0,0,0,66
2025-09-28T00:09:38.546Z,60.4,21.1,1.912,49.6,0,60,0,0,0,0,0,0,0,0,66
2025-09-28T00:09:39.549Z,60.4,21.1,1.912,50.4,0,60,0,0,0,0,0,0,0,0,66
2025-09-28T00:09:40.553Z,60.4,21.1,1.912,50.4,0,60,0,0,0,0,0,0,0,0,66
2025-09-28T00:09:41.549Z,60.4,21.1,1.912,49.6,0,60,0,0,0,0,0,0,0,0,66
2025-09-28T00:09:42.553Z,60.4,21.1,1.912,50.4,0,60,0,0,0,0,0,0,0,0,66
2025-09-28T00:09:43.554Z,60.4,21.1,1.912,49.6,0,60,0,0,0,0,0,0,0,0,66
2025-09-28T00:09:44.553Z,60.5,21.1,1.912,49.6,0,60,0,0,0,0,0,0,0,0,66
2025-09-28T00:09:45.554Z,60.5,21.1,1.912,50.4,0,60,0,0,0,0,0,0,0,0,66
2025-09-28T00:09:46.554Z,60.5,21.1,1.912,49.6,0,60,0,0,0,0,0,0,0,0,66
2025-09-28T00:09:47.556Z,60.5,21.1,1.912,50.4,0,60,0,0,0,0,0,0,0,0,66
2025-09-28T00:09:48.560Z,60.5,21.1,1.912,50.4,0,60,0,0,0,0,0,0,0,0,66
2025-09-28T00:09:49.558Z,60.5,21.1,1.912,49.6,0,60,0,0,0,0,0,0,0,0,66
2025-09-28T00:09:50.560Z,60.5,21.1,1.912,50.4,0,60,0,0,0,0,0,0,0,0,66
2025-09-28T00:09:51.563Z,60.5,21.1,1.912,49.6,0,60,0,0,0,0,0,0,0,0,66
2025-09-28T00:09:52.562Z,60.5,21.1,1.911,49.6,0,60,0,0,0,0,0,0,0,0,66
2025-09-28T00:09:53.560Z,60.5,21.1,1.911,50.4,0,60,0,0,0,0,0,0,0,0,66
2025-09-28T00:09:54.561Z,60.5,21.1,1.911,49.6,0,60,0,0,0,0,0,0,0,0,66
2025-09-28T00:09:55.569Z,60.5,21.1,1.91,50.4,0,60,0,0,0,0,0,0,0,0,66
2025-09-28T00:09:56.564Z,60.5,21.1,1.912,50.4,0,60,0,0,0,0,0,0,0,0,66
2025-09-28T00:09:57.566Z,60.5,21.1,1.911,49.6,0,60,0,0,0,0,0,0,0,0,66
2025-09-28T00:09:58.568Z,60.5,21.1,1.911,50.4,0,60,0,0,0,0,0,0,0,0,66
2025-09-28T00:09:59.571Z,60.6,21.1,1.911,49.6,0,60,0,0,0,0,0,0,0,0,66
2025-09-28T00:10:00.573Z,60.6,21.1,1.911,50.4,0,60,0,0,0,0,0,0,0,0,66
2025-09-28T00:10:01.573Z,60.6,21.1,1.91,49.6,0,60,0,0,0,0,0,0,0,0,66
2025-09-28T00:10:02.566Z,60.6,21.1,1.911,50.4,0,60,0,0,0,0,0,0,0,0,66
2025-09-28T00:10:03.571Z,60.6,21.1,1.911,50.4,0,60,0,0,0,0,0,0,0,0,66
2025-09-28T00:10:04.576Z,60.6,21.1,1.911,49.6,0,60,0,0,0,0,0,0,0,0,66
2025-09-28T00:10:05.573Z,60.6,21.1,1.911,49.6,0,60,0,0,0,0,0,0,0,0,66
2025-09-28T00:10:06.574Z,60.6,21.1,1.911,49.6,0,60,0,0,0,0,0,0,0,0,66
2025-09-28T00:10:07.582Z,60.6,21.1,1.91,50.4,0,60,0,0,0,0,0,0,0,0,66
2025-09-28T00:10:08.574Z,60.6,21.1,1.911,50.4,0,60,0,0,0,0,0,0,0,0,66
2025-09-28T00:10:09.572Z,60.6,21.1,1.911,49.6,0,60,0,0,0,0,0,0,0,0,66
2025-09-28T00:10:10.579Z,60.6,21.1,1.911,50.4,0,60,0,0,0,0,0,0,0,0,66
2025-09-28T00:10:11.577Z,60.6,21.1,1.911,49.6,0,60,0,0,0,0,0,0,0,0,66
2025-09-28T00:10:12.580Z,60.6,21.1,1.911,50.4,0,60,0,0,0,0,0,0,0,0,66
2025-09-28T00:10:13.578Z,60.6,21.1,1.911,49.6,0,60,0,0,0,0,0,0,0,0,66
2025-09-28T00:10:14.580Z,60.6,21.1,1.911,50.4,0,60,0,0,0,0,0,0,0,0,66
2025-09-28T00:10:15.583Z,60.6,21.1,1.911,49.6,0,60,0,0,0,0,0,0,0,0,66
2025-09-28T00:10:16.581Z,60.7,21.1,1.911,50.4,0,60,0,0,0,0,0,0,0,0,66
2025-09-28T00:10:17.591Z,60.7,21.1,1.91,49.6,0,60,0,0,0,0,0,0,0,0,66
2025-09-28T00:10:18.587Z,60.7,21.1,1.91,50.4,0,60,0,0,0,0,0,0,0,0,66
2025-09-28T00:10:19.586Z,60.7,21.1,1.911,49.6,0,60,0,0,0,0,0,0,0,0,66
2025-09-28T00:10:20.585Z,60.7,21.1,1.911,49.6,0,60,0,0,0,0,0,0,0,0,66
2025-09-28T00:10:21.591Z,60.7,21.1,1.91,50.4,0,60,0,0,0,0,0,0,0,0,66
2025-09-28T00:10:22.586Z,60.7,21.1,1.911,49.6,0,60,0,0,0,0,0,0,0,0,66
2025-09-28T00:10:23.585Z,60.7,21.1,1.911,50.4,0,60,0,0,0,0,0,0,0,0,66
2025-09-28T00:10:24.589Z,60.7,21.1,1.911,49.6,0,60,0,0,0,0,0,0,0,0,66
2025-09-28T00:10:25.585Z,60.7,21.1,1.911,50.4,0,60,0,0,0,0,0,0,0,0,66
2025-09-28T00:10:26.588Z,60.7,21.1,1.911,50.4,0,60,0,0,0,0,0,0,0,0,66
2025-09-28T00:10:27.592Z,60.7,21.1,1.91,49.6,0,60,0,0,0,0,0,0,0,0,66
2025-09-28T00:10:28.593Z,60.7,21.1,1.91,49.6,0,60,0,0,0,0,0,0,0,0,66
2025-09-28T00:10:29.596Z,60.7,21.1,1.91,49.6,0,60,0,0,0,0,0,0,0,0,66
2025-09-28T00:10:30.595Z,60.7,21.1,1.91,50.4,0,60,0,0,0,0,0,0,0,0,66
2025-09-28T00:10:31.600Z,60.7,21.1,1.91,49.6,0,60,0,0,0,0,0,0,0,0,66
2025-09-28T00:10:32.600Z,60.7,21.1,1.91,50.4,0,60,0,0,0,0,0,0,0,0,66
2025-09-28T00:10:33.602Z,60.8,21.1,1.91,49.6,0,60,0,0,0,0,0,0,0,0,66
2025-09-28T00:10:34.597Z,60.8,21.1,1.91,50.4,0,60,0,0,0,0,0,0,0,0,66
2025-09-28T00:10:35.601Z,60.8,21.1,1.91,49.6,0,60,0,0,0,0,0,0,0,0,66
2025-09-28T00:10:36.601Z,60.8,21.1,1.91,49.6,0,59.9,0,0,0,0,0,0,0,0,66
2025-09-28T00:10:37.600Z,60.8,21.1,1.91,50.4,0,59.9,0,0,0,0,0,0,0,0,66
2025-09-28T00:10:38.607Z,60.8,21.1,1.91,49.6,0,59.9,0,0,0,0,0,0,0,0,66
2025-09-28T00:10:39.601Z,60.8,21.1,1.91,50.4,0,60,0,0,0,0,0,0,0,0,66
2025-09-28T00:10:40.606Z,60.8,21.1,1.91,49.6,0,60,0,0,0,0,0,0,0,0,66
2025-09-28T00:10:41.606Z,60.8,21.1,1.909,49.6,0,60,0,0,0,0,0,0,0,0,66
2025-09-28T00:10:42.607Z,60.8,21.1,1.91,50.4,0,60,0,0,0,0,0,0,0,0,66
2025-09-28T00:10:43.607Z,60.8,21.1,1.909,49.6,0,60,0,0,0,0,0,0,0,0,66
2025-09-28T00:10:44.608Z,60.8,21.1,1.91,50.4,0,60,0,0,0,0,0,0,0,0,66
2025-09-28T00:10:45.611Z,60.8,21.1,1.909,50.4,0,59.9,0,0,0,0,0,0,0,0,66
2025-09-28T00:10:46.613Z,60.8,21.1,1.909,49.6,0,59.9,0,0,0,0,0,0,0,0,66
2025-09-28T00:10:47.611Z,60.8,21.1,1.909,50.4,0,60,0,0,0,0,0,0,0,0,66
2025-09-28T00:10:48.616Z,60.8,21.1,1.909,49.6,0,60,0,0,0,0,0,0,0,0,66
2025-09-28T00:10:49.614Z,60.8,21.1,1.909,50.4,0,60,0,0,0,0,0,0,0,0,66
2025-09-28T00:10:50.614Z,60.8,21.1,1.909,49.6,0,60,0,0,0,0,0,0,0,0,66
2025-09-28T00:10:51.613Z,60.8,21.1,1.909,50.4,0,60,0,0,0,0,0,0,0,0,66
2025-09-28T00:10:52.616Z,60.8,21.1,1.909,49.6,0,60,0,0,0,0,0,0,0,0,66
2025-09-28T00:10:53.611Z,60.8,21.1,1.909,49.6,0,59.9,0,0,0,0,0,0,0,0,66
2025-09-28T00:10:54.617Z,60.9,21.1,1.909,50.4,0,60,0,0,0,0,0,0,0,0,66
2025-09-28T00:10:55.614Z,60.9,21.1,1.909,49.6,0,59.9,0,0,0,0,0,0,0,0,66
2025-09-28T00:10:56.620Z,60.9,21.1,1.909,50.4,0,60,0,0,0,0,0,0,0,0,66
2025-09-28T00:10:57.618Z,60.9,21.1,1.909,49.6,0,59.9,0,0,0,0,0,0,0,0,66
2025-09-28T00:10:58.620Z,60.9,21.1,1.909,49.6,0,59.9,0,0,0,0,0,0,0,0,66
2025-09-28T00:10:59.619Z,60.9,21.1,1.909,50.4,0,59.9,0,0,0,0,0,0,0,0,66
2025-09-28T00:11:00.622Z,60.9,21.1,1.909,49.6,0,60,0,0,0,0,0,0,0,0,66
2025-09-28T00:11:01.627Z,60.9,21.1,1.909,50.4,0,60,0,0,0,0,0,0,0,0,66
2025-09-28T00:11:02.627Z,60.9,21.1,1.909,49.6,0,60,0,0,0,0,0,0,0,0,66
2025-09-28T00:11:03.621Z,60.9,21.1,1.909,49.6,0,60,0,0,0,0,0,0,0,0,66
2025-09-28T00:11:04.629Z,60.9,21.1,1.909,50.4,0,60,0,0,0,0,0,0,0,0,66
2025-09-28T00:11:05.630Z,60.9,21.1,1.909,49.6,0,60,0,0,0,0,0,0,0,0,66
2025-09-28T00:11:06.629Z,60.9,21.1,1.909,50.4,0,60,0,0,0,0,0,0,0,0,66
2025-09-28T00:11:07.639Z,60.9,21.1,1.909,49.6,0,60,0,0,0,0,0,0,0,0,66
2025-09-28T00:11:08.629Z,60.9,21.1,1.909,50.4,0,60,0,0,0,0,0,0,0,0,66
2025-09-28T00:11:09.630Z,60.9,21.1,1.909,50.4,0,60,0,0,0,0,0,0,0,0,66
2025-09-28T00:11:10.631Z,60.9,21.1,1.909,49.6,0,60,0,0,0,0,0,0,0,0,66
2025-09-28T00:11:11.633Z,60.9,21.1,1.909,50.4,0,59.9,0,0,0,0,0,0,0,0,66
2025-09-28T00:11:12.635Z,60.9,21.1,1.909,49.6,0,59.9,0,0,0,0,0,0,0,0,66
2025-09-28T00:11:13.637Z,60.9,21.1,1.909,50.4,0,60,0,0,0,0,0,0,0,0,66
2025-09-28T00:11:14.642Z,60.9,21.1,1.909,49.6,0,60,0,0,0,0,0,0,0,0,66
2025-09-28T00:11:15.642Z,60.9,21.1,1.909,49.6,0,60,0,0,0,0,0,0,0,0,66
2025-09-28T00:11:16.640Z,60.9,21.1,1.909,50.4,0,60,0,0,0,0,0,0,0,0,66
2025-09-28T00:11:17.641Z,60.9,21.1,1.909,49.6,0,59.9,0,0,0,0,0,0,0,0,66
2025-09-28T00:11:18.644Z,60.9,21.1,1.909,50.4,0,59.9,0,0,0,0,0,0,0,0,66
2025-09-28T00:11:19.643Z,61,21.1,1.909,49.6,0,59.9,0,0,0,0,0,0,0,0,66
2025-09-28T00:11:20.645Z,60.9,21.1,1.909,49.6,0,59.9,0,0,0,0,0,0,0,0,66
2025-09-28T00:11:21.645Z,61,21.1,1.909,50.4,0,59.9,0,0,0,0,0,0,0,0,66
2025-09-28T00:11:22.651Z,61,21.1,1.909,49.6,0,59.9,0,0,0,0,0,0,0,0,66
2025-09-28T00:11:23.642Z,61,21.1,1.909,50.4,0,59.9,0,0,0,0,0,0,0,0,66
2025-09-28T00:11:24.645Z,61,21.1,1.909,49.6,0,60,0,0,0,0,0,0,0,0,66
2025-09-28T00:11:25.642Z,61,21.1,1.909,50.4,0,59.9,0,0,0,0,0,0,0,0,66
2025-09-28T00:11:26.652Z,61,21.1,1.909,49.6,0,59.9,0,0,0,0,0,0,0,0,66
2025-09-28T00:11:27.647Z,61,21.1,1.909,50.4,0,59.9,0,0,0,0,0,0,0,0,66
2025-09-28T00:11:28.650Z,61,21.1,1.909,50.4,0,59.9,0,0,0,0,0,0,0,0,66
2025-09-28T00:11:29.648Z,61,21.1,1.909,49.6,0,59.9,0,0,0,0,0,0,0,0,66
2025-09-28T00:11:30.650Z,61,21.1,1.909,50.4,0,59.9,0,0,0,0,0,0,0,0,66
2025-09-28T00:11:31.649Z,61,21.1,1.909,49.6,0,59.9,0,0,0,0,0,0,0,0,66
2025-09-28T00:11:32.653Z,61,21.1,1.909,50.4,0,59.9,0,0,0,0,0,0,0,0,66
2025-09-28T00:11:33.657Z,61,21.1,1.909,49.6,0,59.9,0,0,0,0,0,0,0,0,66
2025-09-28T00:11:34.651Z,61,21.1,1.909,50.4,0,59.9,0,0,0,0,0,0,0,0,66
2025-09-28T00:11:35.657Z,61,21.1,1.909,49.6,0,59.9,0,0,0,0,0,0,0,0,66
2025-09-28T00:11:36.661Z,61,21.1,1.909,50.4,0,59.9,0,0,0,0,0,0,0,0,66
2025-09-28T00:11:37.656Z,61,21.1,1.909,49.6,0,59.9,0,0,0,0,0,0,0,0,66
2025-09-28T00:11:38.655Z,61,21.1,1.909,50.4,0,59.9,0,0,0,0,0,0,0,0,66
2025-09-28T00:11:39.661Z,61,21.1,1.909,49.6,0,59.9,0,0,0,0,0,0,0,0,66
2025-09-28T00:11:40.662Z,61,21.1,1.909,49.6,0,59.9,0,0,0,0,0,0,0,0,66
2025-09-28T00:11:41.660Z,61,21.1,1.909,50.4,0,59.9,0,0,0,0,0,0,0,0,66
2025-09-28T00:11:42.665Z,61,21.1,1.909,49.6,0,59.9,0,0,0,0,0,0,0,0,66
2025-09-28T00:11:43.664Z,61,21.1,1.909,50.4,0,59.9,0,0,0,0,0,0,0,0,66
2025-09-28T00:11:44.665Z,61,21.1,1.909,49.6,0,59.9,0,0,0,0,0,0,0,0,66
2025-09-28T00:11:45.661Z,61,21.1,1.909,50.4,0,59.9,0,0,0,0,0,0,0,0,66
2025-09-28T00:11:46.666Z,61,21.1,1.909,49.6,0,59.9,0,0,0,0,0,0,0,0,66
2025-09-28T00:11:47.667Z,61,21.1,1.909,49.6,0,59.9,0,0,0,0,0,0,0,0,66
2025-09-28T00:11:48.667Z,61,21.1,1.909,50.4,0,59.9,0,0,0,0,0,0,0,0,66
2025-09-28T00:11:49.665Z,61,21.1,1.909,49.6,0,59.9,0,0,0,0,0,0,0,0,66
2025-09-28T00:11:50.668Z,61,21.1,1.909,49.6,0,59.9,0,0,0,0,0,0,0,0,66
2025-09-28T00:11:51.673Z,61,21.1,1.909,50.4,0,59.9,0,0,0,0,0,0,0,0,66
2025-09-28T00:11:52.673Z,61,21.1,1.909,49.6,0,59.9,0,0,0,0,0,0,0,0,66
2025-09-28T00:11:53.672Z,61,21.1,1.909,50.4,0,59.9,0,0,0,0,0,0,0,0,66
2025-09-28T00:11:54.671Z,61,21.1,1.909,49.6,0,59.9,0,0,0,0,0,0,0,0,66
2025-09-28T00:11:55.672Z,61,21.1,1.909,49.6,0,59.9,0,0,0,0,0,0,0,0,66
2025-09-28T00:11:56.673Z,61,21.1,1.909,50.4,0,60,0,0,0,0,0,0,0,0,66
2025-09-28T00:11:57.675Z,61,21.1,1.909,49.6,0,60,0,0,0,0,0,0,0,0,66
2025-09-28T00:11:58.675Z,61,21.1,1.909,49.6,0,59.9,0,0,0,0,0,0,0,0,66
2025-09-28T00:11:59.674Z,61,21.1,1.909,50.4,0,59.9,0,0,0,0,0,0,0,0,66
2025-09-28T00:12:00.685Z,61,21.1,1.909,49.6,0,59.9,0,0,0,0,0,0,0,0,66
2025-09-28T00:12:01.680Z,61,21.1,1.909,50.4,0,59.9,0,0,0,0,0,0,0,0,66
2025-09-28T00:12:02.683Z,61,21.1,1.909,50.4,0,59.9,0,0,0,0,0,0,0,0,66
2025-09-28T00:12:03.680Z,61,21.1,1.909,49.6,0,60,0,0,0,0,0,0,0,0,66
2025-09-28T00:12:04.682Z,61,21.1,1.909,50.4,0,60,0,0,0,0,0,0,0,0,66
2025-09-28T00:12:05.684Z,61,21.1,1.909,49.6,0,59.9,0,0,0,0,0,0,0,0,66
2025-09-28T00:12:06.684Z,61,21.1,1.909,50.4,0,60,0,0,0,0,0,0,0,0,66
2025-09-28T00:12:07.688Z,61,21.1,1.909,49.6,0,60,0,0,0,0,0,0,0,0,66
2025-09-28T00:12:08.689Z,61,21.1,1.909,50.4,0,60,0,0,0,0,0,0,0,0,66
2025-09-28T00:12:09.688Z,61,21.1,1.909,49.6,0,60,0,0,0,0,0,0,0,0,66
2025-09-28T00:12:10.689Z,61,21.1,1.909,49.6,0,60,0,0,0,0,0,0,0,0,66
2025-09-28T00:12:11.692Z,61,21.1,1.909,50.4,0,60,0,0,0,0,0,0,0,0,66
2025-09-28T00:12:12.691Z,61,21.1,1.909,49.6,0,60,0,0,0,0,0,0,0,0,66
2025-09-28T00:12:13.692Z,61,21.1,1.909,50.4,0,59.9,0,0,0,0,0,0,0,0,66
2025-09-28T00:12:14.690Z,61,21.1,1.909,49.6,0,60,0,0,0,0,0,0,0,0,66
2025-09-28T00:12:15.695Z,61,21.1,1.909,49.6,0,60,0,0,0,0,0,0,0,0,66
2025-09-28T00:12:16.696Z,61,21.1,1.909,50.4,0,60,0,0,0,0,0,0,0,0,66
2025-09-28T00:12:17.693Z,61,21.1,1.909,49.6,0,60,0,0,0,0,0,0,0,0,66
2025-09-28T00:12:18.697Z,61,21.1,1.909,49.6,0,60,0,0,0,0,0,0,0,0,66
2025-09-28T00:12:19.703Z,61,21.1,1.909,50.4,0,59.9,0,0,0,0,0,0,0,0,66
2025-09-28T00:12:20.704Z,61,21.1,1.909,49.6,0,60,0,0,0,0,0,0,0,0,66
2025-09-28T00:12:21.698Z,61,21.1,1.909,49.6,0,60,0,0,0,0,0,0,0,0,66
2025-09-28T00:12:22.698Z,61,21.1,1.909,50.4,0,60,0,0,0,0,0,0,0,0,66
2025-09-28T00:12:23.699Z,61,21.1,1.909,49.6,0,60,0,0,0,0,0,0,0,0,66
2025-09-28T00:12:24.701Z,61,21.1,1.909,49.6,0,60,0,0,0,0,0,0,0,0,66
2025-09-28T00:12:25.696Z,61,21.1,1.909,50.4,0,60,0,0,0,0,0,0,0,0,66
2025-09-28T00:12:26.705Z,61,21.1,1.909,50.4,0,60,0,0,0,0,0,0,0,0,66
2025-09-28T00:12:27.706Z,61,21.1,1.909,49.6,0,60,0,0,0,0,0,0,0,0,66
2025-09-28T00:12:28.704Z,61,21.1,1.909,50.4,0,60,0,0,0,0,0,0,0,0,66
2025-09-28T00:12:29.706Z,61,21.1,1.909,49.6,0,60,0,0,0,0,0,0,0,0,66
2025-09-28T00:12:30.706Z,61,21.1,1.909,50.4,0,60,0,0,0,0,0,0,0,0,66
2025-09-28T00:12:31.708Z,61,21.1,1.909,50.4,0,60,0,0,0,0,0,0,0,0,66
2025-09-28T00:12:32.709Z,61,21.1,1.909,49.6,0,60,0,0,0,0,0,0,0,0,66
2025-09-28T00:12:33.706Z,61,21.1,1.909,50.4,0,60,0,0,0,0,0,0,0,0,66
2025-09-28T00:12:34.709Z,61,21.1,1.909,49.6,0,60,0,0,0,0,0,0,0,0,66
2025-09-28T00:12:35.711Z,61,21.1,1.909,50.4,0,60,0,0,0,0,0,0,0,0,66
2025-09-28T00:12:36.711Z,61,21.1,1.909,49.6,0,60,0,0,0,0,0,0,0,0,66
2025-09-28T00:12:37.710Z,61,21.1,1.909,49.6,0,60,0,0,0,0,0,0,0,0,66
2025-09-28T00:12:38.716Z,61,21.1,1.909,50.4,0,60,0,0,0,0,0,0,0,0,66
2025-09-28T00:12:39.715Z,60.9,21.1,1.909,49.6,0,60,0,0,0,0,0,0,0,0,66
2025-09-28T00:12:40.718Z,60.9,21.1,1.909,49.6,0,60,0,0,0,0,0,0,0,0,66
2025-09-28T00:12:41.718Z,60.9,21.1,1.909,50.4,0,60,0,0,0,0,0,0,0,0,66
2025-09-28T00:12:42.721Z,61,21.1,1.909,49.6,0,60,0,0,0,0,0,0,0,0,66
2025-09-28T00:12:43.720Z,60.9,21.1,1.909,49.6,0,60,0,0,0,0,0,0,0,0,66
2025-09-28T00:12:44.726Z,60.9,21.1,1.909,50.4,0,60,0,0,0,0,0,0,0,0,66
2025-09-28T00:12:45.719Z,60.9,21.1,1.909,50.4,0,60,0,0,0,0,0,0,0,0,66
2025-09-28T00:12:46.722Z,60.9,21.1,1.909,49.6,0,60,0,0,0,0,0,0,0,0,66
2025-09-28T00:12:47.730Z,60.9,21.1,1.909,50.4,0,60,0,0,0,0,0,0,0,0,66
2025-09-28T00:12:48.726Z,60.9,21.1,1.909,49.6,0,60,0,0,0,0,0,0,0,0,66
2025-09-28T00:12:49.723Z,60.9,21.1,1.909,49.6,0,60,0,0,0,0,0,0,0,0,66
2025-09-28T00:12:50.729Z,60.9,21.1,1.909,50.4,0,60,0,0,0,0,0,0,0,0,66
2025-09-28T00:12:51.733Z,60.9,21.1,1.909,49.6,0,60,0,0,0,0,0,0,0,0,66
2025-09-28T00:12:52.727Z,60.9,21.1,1.909,50.4,0,60,0,0,0,0,0,0,0,0,66
2025-09-28T00:12:53.725Z,60.9,21.1,1.909,50.4,0,60,0,0,0,0,0,0,0,0,66
2025-09-28T00:12:54.728Z,60.9,21.1,1.909,49.6,0,60,0,0,0,0,0,0,0,0,66
2025-09-28T00:12:55.731Z,60.9,21.1,1.909,50.4,0,60,0,0,0,0,0,0,0,0,66
2025-09-28T00:12:56.732Z,60.9,21.1,1.909,49.6,0,60,0,0,0,0,0,0,0,0,66
2025-09-28T00:12:57.731Z,60.9,21.1,1.909,50.4,0,60,0,0,0,0,0,0,0,0,66
2025-09-28T00:12:58.732Z,60.9,21.1,1.909,50.4,0,60,0,0,0,0,0,0,0,0,66
2025-09-28T00:12:59.736Z,60.9,21.1,1.91,49.6,0,60,0,0,0,0,0,0,0,0,66
2025-09-28T00:13:00.737Z,60.9,21.1,1.91,50.4,0,60,0,0,0,0,0,0,0,0,66
2025-09-28T00:13:01.736Z,60.9,21.1,1.91,49.6,0,60,0,0,0,0,0,0,0,0,66
2025-09-28T00:13:02.735Z,60.9,21.1,1.909,50.4,0,60,0,0,0,0,0,0,0,0,66
2025-09-28T00:13:03.735Z,60.9,21.1,1.909,49.6,0,60,0,0,0,0,0,0,0,0,66
2025-09-28T00:13:04.741Z,60.9,21.1,1.91,50.4,0,60,0,0,0,0,0,0,0,0,66
2025-09-28T00:13:05.739Z,60.9,21.1,1.91,49.6,0,60,0,0,0,0,0,0,0,0,66
2025-09-28T00:13:06.743Z,60.9,21.1,1.91,50.4,0,59.9,0,0,0,0,0,0,0,0,66
2025-09-28T00:13:07.741Z,60.9,21.1,1.91,49.6,0,59.9,0,0,0,0,0,0,0,0,66
2025-09-28T00:13:08.742Z,60.8,21.1,1.91,49.6,0,59.9,0,0,0,0,0,0,0,0,66
2025-09-28T00:13:09.742Z,60.9,21.1,1.91,50.4,0,60,0,0,0,0,0,0,0,0,66
2025-09-28T00:13:10.744Z,60.9,21.1,1.91,49.6,0,60,0,0,0,0,0,0,0,0,66
2025-09-28T00:13:11.744Z,60.8,21.1,1.91,49.6,0,60,0,0,0,0,0,0,0,0,66
2025-09-28T00:13:12.748Z,60.8,21.1,1.91,50.4,0,60,0,0,0,0,0,0,0,0,66
2025-09-28T00:13:13.744Z,60.8,21.1,1.91,49.6,0,60,0,0,0,0,0,0,0,0,66
2025-09-28T00:13:14.744Z,60.8,21.1,1.91,50.4,0,60,0,0,0,0,0,0,0,0,66
2025-09-28T00:13:15.746Z,60.8,21.1,1.91,50.4,0,59.9,0,0,0,0,0,0,0,0,66
2025-09-28T00:13:16.749Z,60.8,21.1,1.911,49.6,0,60,0,0,0,0,0,0,0,0,66
2025-09-28T00:13:17.749Z,60.8,21.1,1.911,50.4,0,60,0,0,0,0,0,0,0,0,66
2025-09-28T00:13:18.749Z,60.8,21.1,1.91,49.6,0,60,0,0,0,0,0,0,0,0,66
2025-09-28T00:13:19.754Z,60.8,21.1,1.91,50.4,0,60,0,0,0,0,0,0,0,0,66
2025-09-28T00:13:20.751Z,60.8,21.1,1.91,49.6,0,60,0,0,0,0,0,0,0,0,66
2025-09-28T00:13:21.751Z,60.8,21.1,1.911,50.4,0,60,0,0,0,0,0,0,0,0,66
2025-09-28T00:13:22.751Z,60.8,21.1,1.911,49.6,0,60,0,0,0,0,0,0,0,0,66
2025-09-28T00:13:23.763Z,60.8,21.1,1.91,49.6,0,60,0,0,0,0,0,0,0,0,66
2025-09-28T00:13:24.753Z,60.8,21.1,1.911,50.4,0,60,0,0,0,0,0,0,0,0,66
2025-09-28T00:13:25.758Z,60.8,21.1,1.91,49.6,0,60,0,0,0,0,0,0,0,0,66
2025-09-28T00:13:26.758Z,60.8,21.1,1.91,50.4,0,60,0,0,0,0,0,0,0,0,66
2025-09-28T00:13:27.758Z,60.8,21.1,1.91,49.6,0,60,0,0,0,0,0,0,0,0,66
2025-09-28T00:13:28.759Z,60.8,21.1,1.91,49.6,0,60,0,0,0,0,0,0,0,0,66
2025-09-28T00:13:29.760Z,60.8,21.1,1.91,50.4,0,60,0,0,0,0,0,0,0,0,66
2025-09-28T00:13:30.761Z,60.8,21.1,1.91,49.6,0,60,0,0,0,0,0,0,0,0,66
2025-09-28T00:13:31.764Z,60.8,21.1,1.91,49.6,0,60,0,0,0,0,0,0,0,0,66
2025-09-28T00:13:32.762Z,60.7,21.1,1.91,50.4,0,60,0,0,0,0,0,0,0,0,66
2025-09-28T00:13:33.765Z,60.7,21.1,1.91,49.6,0,60,0,0,0,0,0,0,0,0,66
2025-09-28T00:13:34.764Z,60.7,21.1,1.91,50.4,0,60,0,0,0,0,0,0,0,0,66
2025-09-28T00:13:35.765Z,60.7,21.1,1.91,50.4,0,60,0,0,0,0,0,0,0,0,66
2025-09-28T00:13:36.771Z,60.7,21.1,1.91,49.6,0,60,0,0,0,0,0,0,0,0,66
2025-09-28T00:13:37.768Z,60.7,21.1,1.91,50.4,0,60,0,0,0,0,0,0,0,0,66
2025-09-28T00:13:38.771Z,60.7,21.1,1.91,49.6,0,60,0,0,0,0,0,0,0,0,66
2025-09-28T00:13:39.770Z,60.7,21.1,1.91,50.4,0,60,0,0,0,0,0,0,0,0,66
2025-09-28T00:13:40.778Z,60.7,21.1,1.91,49.6,0,60,0,0,0,0,0,0,0,0,66
2025-09-28T00:13:41.767Z,60.7,21.1,1.91,50.4,0,60,0,0,0,0,0,0,0,0,66
2025-09-28T00:13:42.768Z,60.7,21.1,1.91,49.6,0,60,0,0,0,0,0,0,0,0,66
2025-09-28T00:13:43.777Z,60.7,21.1,1.91,49.6,0,60,0,0,0,0,0,0,0,0,66
2025-09-28T00:13:44.778Z,60.7,21.1,1.91,50.4,0,60,0,0,0,0,0,0,0,0,66
2025-09-28T00:13:45.773Z,60.7,21.1,1.91,49.6,0,60,0,0,0,0,0,0,0,0,66
2025-09-28T00:13:46.778Z,60.7,21.1,1.91,50.4,0,60,0,0,0,0,0,0,0,0,66
2025-09-28T00:13:47.777Z,60.7,21.1,1.91,49.6,0,60,0,0,0,0,0,0,0,0,66
2025-09-28T00:13:48.779Z,60.7,21.1,1.91,50.4,0,60,0,0,0,0,0,0,0,0,66
2025-09-28T00:13:49.781Z,60.7,21.1,1.91,49.6,0,60,0,0,0,0,0,0,0,0,66
2025-09-28T00:13:50.777Z,60.7,21.1,1.91,49.6,0,60,0,0,0,0,0,0,0,0,66
2025-09-28T00:13:51.781Z,60.7,21.1,1.91,50.4,0,60,0,0,0,0,0,0,0,0,66
2025-09-28T00:13:52.783Z,60.7,21.1,1.91,49.6,0,60,0,0,0,0,0,0,0,0,66
2025-09-28T00:13:53.784Z,60.7,21.1,1.91,49.6,0,60,0,0,0,0,0,0,0,0,66
2025-09-28T00:13:54.778Z,60.6,21.1,1.91,50.4,0,60,0,0,0,0,0,0,0,0,66
2025-09-28T00:13:55.791Z,60.6,21.1,1.911,49.6,0,60,0,0,0,0,0,0,0,0,66
2025-09-28T00:13:56.788Z,60.6,21.1,1.91,49.6,0,60,0,0,0,0,0,0,0,0,66
2025-09-28T00:13:57.785Z,60.6,21.1,1.91,50.4,0,60,0,0,0,0,0,0,0,0,66
2025-09-28T00:13:58.790Z,60.6,21.1,1.911,49.6,0,60,0,0,0,0,0,0,0,0,66
2025-09-28T00:13:59.789Z,60.6,21.1,1.91,49.6,0,60,0,0,0,0,0,0,0,0,66
2025-09-28T00:14:00.789Z,60.6,21.1,1.91,50.4,0,60,0,0,0,0,0,0,0,0,66
2025-09-28T00:14:01.792Z,60.6,21.1,1.911,49.6,0,60,0,0,0,0,0,0,0,0,66
2025-09-28T00:14:02.793Z,60.6,21.1,1.911,49.6,0,60,0,0,0,0,0,0,0,0,66
2025-09-28T00:14:03.799Z,60.6,21.1,1.911,50.4,0,60,0,0,0,0,0,0,0,0,66
2025-09-28T00:14:04.791Z,60.6,21.1,1.91,49.6,0,60,0,0,0,0,0,0,0,0,66
2025-09-28T00:14:05.800Z,60.6,21.1,1.911,49.6,0,60,0,0,0,0,0,0,0,0,66
2025-09-28T00:14:06.797Z,60.6,21.1,1.911,50.4,0,60,0,0,0,0,0,0,0,0,66
2025-09-28T00:14:07.797Z,60.6,21.1,1.911,50.4,0,60,0,0,0,0,0,0,0,0,66
2025-09-28T00:14:08.797Z,60.6,21.1,1.911,49.6,0,60,0,0,0,0,0,0,0,0,66
2025-09-28T00:14:09.795Z,60.6,21.1,1.91,50.4,0,60,0,0,0,0,0,0,0,0,66
2025-09-28T00:14:10.798Z,60.6,21.1,1.91,49.6,0,60,0,0,0,0,0,0,0,0,66
2025-09-28T00:14:11.803Z,60.6,21.1,1.911,49.6,0,60,0,0,0,0,0,0,0,0,66
2025-09-28T00:14:12.808Z,60.6,21.1,1.911,50.4,0,60,0,0,0,0,0,0,0,0,66
2025-09-28T00:14:13.803Z,60.5,21.1,1.911,50.4,0,60,0,0,0,0,0,0,0,0,66
2025-09-28T00:14:14.802Z,60.5,21.1,1.912,49.6,0,60,0,0,0,0,0,0,0,0,66
2025-09-28T00:14:15.803Z,60.5,21.1,1.911,50.4,0,60,0,0,0,0,0,0,0,0,66
2025-09-28T00:14:16.811Z,60.5,21.1,1.911,50.4,0,60,0,0,0,0,0,0,0,0,66
2025-09-28T00:14:17.801Z,60.5,21.1,1.911,49.6,0,60,0,0,0,0,0,0,0,0,66
2025-09-28T00:14:18.807Z,60.5,21.1,1.912,50.4,0,60,0,0,0,0,0,0,0,0,66
2025-09-28T00:14:19.809Z,60.5,21.1,1.912,49.6,0,60,0,0,0,0,0,0,0,0,66
2025-09-28T00:14:20.812Z,60.5,21.1,1.912,50.4,0,60,0,0,0,0,0,0,0,0,66
2025-09-28T00:14:21.810Z,60.5,21.1,1.912,50.4,0,60,0,0,0,0,0,0,0,0,66
2025-09-28T00:14:22.809Z,60.5,21.1,1.912,49.6,0,60,0,0,0,0,0,0,0,0,66
2025-09-28T00:14:23.812Z,60.5,21.1,1.912,50.4,0,60,0,0,0,0,0,0,0,0,66
2025-09-28T00:14:24.810Z,60.5,21.1,1.912,49.6,0,60,0,0,0,0,0,0,0,0,66
2025-09-28T00:14:25.817Z,60.5,21.1,1.912,50.4,0,60,0,0,0,0,0,0,0,0,66
2025-09-28T00:14:26.815Z,60.5,21.1,1.912,49.6,0,60,0,0,0,0,0,0,0,0,66
2025-09-28T00:14:27.812Z,60.5,21.1,1.912,50.4,0,60,0,0,0,0,0,0,0,0,66
2025-09-28T00:14:28.820Z,60.5,21.1,1.912,49.6,0,60,0,0,0,0,0,0,0,0,66
2025-09-28T00:14:29.818Z,60.5,21.1,1.912,49.6,0,60,0,0,0,0,0,0,0,0,66
2025-09-28T00:14:30.820Z,60.5,21.1,1.912,50.4,0,60,0,0,0,0,0,0,0,0,66
2025-09-28T00:14:31.821Z,60.5,21.1,1.912,49.6,0,60,0,0,0,0,0,0,0,0,66
2025-09-28T00:14:32.820Z,60.5,21.1,1.912,50.4,0,60,0,0,0,0,0,0,0,0,66
2025-09-28T00:14:33.826Z,60.5,21.1,1.912,49.6,0,60,0,0,0,0,0,0,0,0,66
2025-09-28T00:14:34.822Z,60.4,21.1,1.912,49.6,0,60,0,0,0,0,0,0,0,0,66
2025-09-28T00:14:35.825Z,60.4,21.1,1.912,50.4,0,60,0,0,0,0,0,0,0,0,66
2025-09-28T00:14:36.824Z,60.4,21.1,1.912,49.6,0,60,0,0,0,0,0,0,0,0,66
2025-09-28T00:14:37.824Z,60.4,21.1,1.912,49.6,0,60,0,0,0,0,0,0,0,0,66
2025-09-28T00:14:38.826Z,60.4,21.1,1.912,50.4,0,60,0,0,0,0,0,0,0,0,66
2025-09-28T00:14:39.835Z,60.4,21.1,1.912,50.4,0,60,0,0,0,0,0,0,0,0,66
2025-09-28T00:14:40.832Z,60.4,21.1,1.912,49.6,0,60,0,0,0,0,0,0,0,0,66
2025-09-28T00:14:41.831Z,60.4,21.1,1.912,50.4,0,60,0,0,0,0,0,0,0,0,66
2025-09-28T00:14:42.829Z,60.4,21.1,1.912,49.6,0,60,0,0,0,0,0,0,0,0,66
2025-09-28T00:14:43.831Z,60.4,21.1,1.912,50.4,0,60,0,0,0,0,0,0,0,0,66
2025-09-28T00:14:44.834Z,60.4,21.1,1.912,49.6,0,60,0,0,0,0,0,0,0,0,66
2025-09-28T00:14:45.839Z,60.4,21.1,1.912,50.4,0,60,0,0,0,0,0,0,0,0,66
2025-09-28T00:14:46.831Z,60.4,21.1,1.912,49.6,0,60,0,0,0,0,0,0,0,0,66
2025-09-28T00:14:47.834Z,60.4,21.1,1.912,49.6,0,60,0,0,0,0,0,0,0,0,66
2025-09-28T00:14:48.838Z,60.4,21.1,1.912,50.4,0,60,0,0,0,0,0,0,0,0,66
2025-09-28T00:14:49.836Z,60.4,21.1,1.912,49.6,0,60,0,0,0,0,0,0,0,0,66
2025-09-28T00:14:50.835Z,60.4,21.1,1.912,50.4,0,60,0,0,0,0,0,0,0,0,66
2025-09-28T00:14:51.838Z,60.4,21.1,1.912,50.4,0,60,0,0,0,0,0,0,0,0,66
2025-09-28T00:14:52.840Z,60.4,21.1,1.912,49.6,0,60,0,0,0,0,0,0,0,0,66
2025-09-28T00:14:53.838Z,60.4,21.1,1.912,50.4,0,60,0,0,0,0,0,0,0,0,66
2025-09-28T00:14:54.839Z,60.3,21.1,1.912,49.6,0,60,0,0,0,0,0,0,0,0,66
2025-09-28T00:14:55.842Z,60.3,21.1,1.912,50.4,0,60,0,0,0,0,0,0,0,0,66
2025-09-28T00:14:56.846Z,60.3,21.1,1.912,49.6,0,60,0,0,0,0,0,0,0,0,66
2025-09-28T00:14:57.843Z,60.3,21.1,1.912,50.4,0,60,0,0,0,0,0,0,0,0,66
2025-09-28T00:14:58.849Z,60.3,21.1,1.912,49.6,0,60,0,0,0,0,0,0,0,0,66
2025-09-28T00:14:59.845Z,60.3,21.1,1.912,49.6,0,60,0,0,0,0,0,0,0,0,66
2025-09-28T00:15:00.845Z,60.3,21.1,1.912,50.4,0,60,0,0,0,0,0,0,0,0,66
2025-09-28T00:15:01.850Z,60.3,21.1,1.912,49.6,0,60,0,0,0,0,0,0,0,0,66
2025-09-28T00:15:02.847Z,60.3,21.1,1.912,50.4,0,60,0,0,0,0,0,0,0,0,66
2025-09-28T00:15:03.852Z,60.3,21.1,1.912,49.6,0,60,0,0,0,0,0,0,0,0,66
2025-09-28T00:15:04.851Z,60.3,21.1,1.912,49.6,0,60,0,0,0,0,0,0,0,0,66
2025-09-28T00:15:05.855Z,60.3,21.1,1.912,50.4,0,60,0,0,0,0,0,0,0,0,66
2025-09-28T00:15:06.849Z,60.3,21.1,1.912,49.6,0,60,0,0,0,0,0,0,0,0,66
2025-09-28T00:15:07.857Z,60.3,21.1,1.912,50.4,0,60,0,0,0,0,0,0,0,0,66
2025-09-28T00:15:08.855Z,60.3,21.1,1.912,49.6,0,60,0,0,0,0,0,0,0,0,66
2025-09-28T00:15:09.859Z,60.3,21.1,1.912,49.6,0,60,0,0,0,0,0,0,0,0,66
2025-09-28T00:15:10.855Z,60.3,21.1,1.912,50.4,0,60,0,0,0,0,0,0,0,0,66
2025-09-28T00:15:11.861Z,60.3,21.1,1.912,49.6,0,60,0,0,0,0,0,0,0,0,66
2025-09-28T00:15:12.859Z,60.3,21.1,1.912,50.4,0,60,0,0,0,0,0,0,0,0,66
2025-09-28T00:15:13.861Z,60.3,21.1,1.912,50.4,0,60,0,0,0,0,0,0,0,0,66
2025-09-28T00:15:14.855Z,60.3,21.1,1.912,49.6,0,60,0,0,0,0,0,0,0,0,66
2025-09-28T00:15:15.858Z,60.3,21.1,1.912,50.4,0,60,0,0,0,0,0,0,0,0,66
2025-09-28T00:15:16.862Z,60.2,21.1,1.912,49.6,0,60,0,0,0,0,0,0,0,0,66
2025-09-28T00:15:17.862Z,60.2,21.1,1.912,50.4,0,60,0,0,0,0,0,0,0,0,66
2025-09-28T00:15:18.863Z,60.2,21.1,1.912,49.6,0,60,0,0,0,0,0,0,0,0,66
2025-09-28T00:15:19.866Z,60.2,21.1,1.912,50.4,0,60,0,0,0,0,0,0,0,0,66
2025-09-28T00:15:20.867Z,60.2,21.1,1.912,49.6,0,60,0,0,0,0,0,0,0,0,66
2025-09-28T00:15:21.864Z,60.2,21.1,1.912,50.4,0,60,0,0,0,0,0,0,0,0,66
2025-09-28T00:15:22.864Z,60.2,21.1,1.912,49.6,0,60,0,0,0,0,0,0,0,0,66
2025-09-28T00:15:23.866Z,60.2,21.1,1.912,50.4,0,60,0,0,0,0,0,0,0,0,66
2025-09-28T00:15:24.867Z,60.2,21.1,1.912,49.6,0,60,0,0,0,0,0,0,0,0,66
2025-09-28T00:15:25.868Z,60.2,21.1,1.912,50.4,0,60,0,0,0,0,0,0,0,0,66
2025-09-28T00:15:26.871Z,60.2,21.1,1.912,49.6,0,60,0,0,0,0,0,0,0,0,66
2025-09-28T00:15:27.867Z,60.2,21.1,1.912,49.6,0,60,0,0,0,0,0,0,0,0,66
2025-09-28T00:15:28.870Z,60.2,21.1,1.912,50.4,0,60,0,0,0,0,0,0,0,0,66
2025-09-28T00:15:29.873Z,60.2,21.1,1.912,49.6,0,60,0,0,0,0,0,0,0,0,66
2025-09-28T00:15:30.877Z,60.2,21.1,1.913,50.4,0,60,0,0,0,0,0,0,0,0,66
2025-09-28T00:15:31.873Z,60.2,21.1,1.912,49.6,0,60,0,0,0,0,0,0,0,0,66
2025-09-28T00:15:32.879Z,60.2,21.1,1.913,50.4,0,60,0,0,0,0,0,0,0,0,66
2025-09-28T00:15:33.875Z,60.2,21.1,1.912,50.4,0,60,0,0,0,0,0,0,0,0,66
2025-09-28T00:15:34.876Z,60.2,21.1,1.913,49.6,0,60,0,0,0,0,0,0,0,0,66
2025-09-28T00:15:35.874Z,60.2,21.1,1.912,50.4,0,60,0,0,0,0,0,0,0,0,66
2025-09-28T00:15:36.877Z,60.2,21.1,1.912,49.6,0,60,0,0,0,0,0,0,0,0,66
2025-09-28T00:15:37.881Z,60.1,21.1,1.913,50.4,0,60,0,0,0,0,0,0,0,0,66
2025-09-28T00:15:38.884Z,60.1,21.1,1.914,49.6,0,60,0,0,0,0,0,0,0,0,66
2025-09-28T00:15:39.881Z,60.1,21.1,1.913,50.4,0,60,0,0,0,0,0,0,0,0,66
2025-09-28T00:15:40.885Z,60.1,21.1,1.914,49.6,0,60,0,0,0,0,0,0,0,0,66
2025-09-28T00:15:41.883Z,60.1,21.1,1.914,50.4,0,60,0,0,0,0,0,0,0,0,66
2025-09-28T00:15:42.883Z,60.1,21.1,1.914,49.6,0,60,0,0,0,0,0,0,0,0,66
2025-09-28T00:15:43.885Z,60.1,21.1,1.914,50.4,0,60,0,0,0,0,0,0,0,0,66
2025-09-28T00:15:44.886Z,60.1,21.1,1.914,49.6,0,60,0,0,0,0,0,0,0,0,66
2025-09-28T00:15:45.886Z,60.1,21.1,1.914,50.4,0,60,0,0,0,0,0,0,0,0,66
2025-09-28T00:15:46.888Z,60.1,21.1,1.914,49.6,0,60,0,0,0,0,0,0,0,0,66
2025-09-28T00:15:47.890Z,60.1,21.1,1.914,50.4,0,60,0,0,0,0,0,0,0,0,66
2025-09-28T00:15:48.890Z,60.1,21.1,1.914,49.6,0,60,0,0,0,0,0,0,0,0,66
2025-09-28T00:15:49.894Z,60.1,21.1,1.914,49.6,0,60,0,0,0,0,0,0,0,0,66
2025-09-28T00:15:50.893Z,60.1,21.1,1.914,49.6,0,60,0,0,0,0,0,0,0,0,66
2025-09-28T00:15:51.895Z,60.1,21.1,1.914,50.4,0,60,0,0,0,0,0,0,0,0,66
2025-09-28T00:15:52.895Z,60.1,21.1,1.914,49.6,0,60,0,0,0,0,0,0,0,0,66
2025-09-28T00:15:53.895Z,60.1,21.1,1.914,50.4,0,60,0,0,0,0,0,0,0,0,66
2025-09-28T00:15:54.894Z,60.1,21.1,1.914,49.6,0,60,0,0,0,0,0,0,0,0,66
2025-09-28T00:15:55.896Z,60.1,21.1,1.914,49.6,0,60,0,0,0,0,0,0,0,0,66
2025-09-28T00:15:56.898Z,60.1,21.1,1.914,50.4,0,60.1,0,0,0,0,0,0,0,0,66
2025-09-28T00:15:57.902Z,60.1,21.1,1.913,49.6,0,60,0,0,0,0,0,0,0,0,66
2025-09-28T00:15:58.904Z,60.1,21.1,1.913,50.4,0,60,0,0,0,0,0,0,0,0,66
2025-09-28T00:15:59.900Z,60.1,21.1,1.914,49.6,0,60,0,0,0,0,0,0,0,0,66
2025-09-28T00:16:00.905Z,60.1,21.1,1.913,49.6,0,60,0,0,0,0,0,0,0,0,66
2025-09-28T00:16:01.901Z,60.1,21.1,1.914,50.4,0,60,0,0,0,0,0,0,0,0,66
2025-09-28T00:16:02.900Z,60.1,21.1,1.914,49.6,0,60,0,0,0,0,0,0,0,0,66
2025-09-28T00:16:03.901Z,60.1,21.1,1.914,49.6,0,60.1,0,0,0,0,0,0,0,0,66
2025-09-28T00:16:04.921Z,60.1,21.1,1.914,50.4,0,60.1,0,0,0,0,0,0,0,0,66
2025-09-28T00:16:05.908Z,60,21.1,1.913,49.6,0,60,0,0,0,0,0,0,0,0,66
2025-09-28T00:16:06.908Z,60,21.1,1.913,50.4,0,60,0,0,0,0,0,0,0,0,66
2025-09-28T00:16:07.904Z,60,21.1,1.914,50.4,0,60,0,0,0,0,0,0,0,0,66
2025-09-28T00:16:08.906Z,60,21.1,1.913,49.6,0,60,0,0,0,0,0,0,0,0,66
2025-09-28T00:16:09.913Z,60,21.1,1.913,50.4,0,60,0,0,0,0,0,0,0,0,66
2025-09-28T00:16:10.908Z,60,21.1,1.913,49.6,0,60.1,0,0,0,0,0,0,0,0,66
2025-09-28T00:16:11.913Z,60,21.1,1.913,50.4,0,60,0,0,0,0,0,0,0,0,66
2025-09-28T00:16:12.912Z,60,21.1,1.913,49.6,0,60,0,0,0,0,0,0,0,0,66
2025-09-28T00:16:13.916Z,60,21.1,1.913,50.4,0,60,0,0,0,0,0,0,0,0,66
2025-09-28T00:16:14.917Z,60,21.1,1.913,49.6,0,60,0,0,0,0,0,0,0,0,66
2025-09-28T00:16:15.914Z,60,21.1,1.913,50.4,0,60,0,0,0,0,0,0,0,0,66
2025-09-28T00:16:16.921Z,60,21.1,1.913,49.6,0,60,0,0,0,0,0,0,0,0,66
2025-09-28T00:16:17.919Z,60,21.1,1.913,49.6,0,60.1,0,0,0,0,0,0,0,0,66
2025-09-28T00:16:18.917Z,60,21.1,1.913,50.4,0,60.1,0,0,0,0,0,0,0,0,66
2025-09-28T00:16:19.917Z,60,21.1,1.913,49.6,0,60.1,0,0,0,0,0,0,0,0,66
2025-09-28T00:16:20.922Z,60,21.1,1.913,49.6,0,60,0,0,0,0,0,0,0,0,66
2025-09-28T00:16:21.919Z,60,21.1,1.913,50.4,0,60,0,0,0,0,0,0,0,0,66
2025-09-28T00:16:22.922Z,60,21.1,1.913,49.6,0,60,0,0,0,0,0,0,0,0,66
2025-09-28T00:16:23.920Z,60,21.1,1.913,50.4,0,60.1,0,0,0,0,0,0,0,0,66
2025-09-28T00:16:24.922Z,60,21.1,1.913,49.6,0,60.1,0,0,0,0,0,0,0,0,66
2025-09-28T00:16:25.924Z,60,21.1,1.913,49.6,0,60,0,0,0,0,0,0,0,0,66
2025-09-28T00:16:26.924Z,60,21.1,1.913,50.4,0,60.1,0,0,0,0,0,0,0,0,66
2025-09-28T00:16:27.928Z,60,21.1,1.913,49.6,0,60,0,0,0,0,0,0,0,0,66
2025-09-28T00:16:28.932Z,60,21.1,1.914,50.4,0,60.1,0,0,0,0,0,0,0,0,66
2025-09-28T00:16:29.926Z,60,21.1,1.914,49.6,0,60.1,0,0,0,0,0,0,0,0,66
2025-09-28T00:16:30.929Z,59.9,21.1,1.913,49.6,0,60.1,0,0,0,0,0,0,0,0,66
2025-09-28T00:16:31.928Z,59.9,21.1,1.913,50.4,0,60.1,0,0,0,0,0,0,0,0,66
2025-09-28T00:16:32.928Z,59.9,21.1,1.913,50.4,0,60.1,0,0,0,0,0,0,0,0,66
2025-09-28T00:16:33.932Z,59.9,21.1,1.913,49.6,0,60.1,0,0,0,0,0,0,0,0,66
2025-09-28T00:16:34.933Z,59.9,21.1,1.913,50.4,0,60.1,0,0,0,0,0,0,0,0,66
2025-09-28T00:16:35.933Z,59.9,21.1,1.913,49.6,0,60.1,0,0,0,0,0,0,0,0,66
2025-09-28T00:16:36.940Z,59.9,21.1,1.915,50.4,0,60.1,0,0,0,0,0,0,0,0,66
2025-09-28T00:16:37.936Z,59.9,21.1,1.914,49.6,0,60.1,0,0,0,0,0,0,0,0,66
2025-09-28T00:16:38.938Z,59.9,21.1,1.914,49.6,0,60.1,0,0,0,0,0,0,0,0,66
2025-09-28T00:16:39.939Z,59.9,21.1,1.914,50.4,0,60.1,0,0,0,0,0,0,0,0,66
2025-09-28T00:16:40.939Z,59.9,21.1,1.915,49.6,0,60.1,0,0,0,0,0,0,0,0,66
2025-09-28T00:16:41.947Z,59.9,21.1,1.915,50.4,0,60.1,0,0,0,0,0,0,0,0,66
2025-09-28T00:16:42.940Z,59.9,21.1,1.914,50.4,0,60.1,0,0,0,0,0,0,0,0,66
2025-09-28T00:16:43.941Z,59.9,21.1,1.914,49.6,0,60.1,0,0,0,0,0,0,0,0,66
2025-09-28T00:16:44.945Z,59.9,21.1,1.915,50.4,0,60.1,0,0,0,0,0,0,0,0,66
2025-09-28T00:16:45.949Z,59.9,21.1,1.915,49.6,0,60.1,0,0,0,0,0,0,0,0,66
2025-09-28T00:16:46.945Z,59.9,21.1,1.914,50.4,0,60.1,0,0,0,0,0,0,0,0,66
2025-09-28T00:16:47.945Z,59.9,21.1,1.914,49.6,0,60.1,0,0,0,0,0,0,0,0,66
2025-09-28T00:16:48.947Z,59.9,21.1,1.914,49.6,0,60.1,0,0,0,0,0,0,0,0,66
2025-09-28T00:16:49.954Z,59.9,21.1,1.915,50.4,0,60.1,0,0,0,0,0,0,0,0,66
2025-09-28T00:16:50.945Z,59.8,21.1,1.914,49.6,0,60.1,0,0,0,0,0,0,0,0,66
2025-09-28T00:16:51.949Z,59.9,21.1,1.915,50.4,0,60.1,0,0,0,0,0,0,0,0,66
2025-09-28T00:16:52.946Z,59.8,21.1,1.914,49.6,0,60.1,0,0,0,0,0,0,0,0,66
2025-09-28T00:16:53.954Z,59.8,21.1,1.915,49.6,0,60.1,0,0,0,0,0,0,0,0,66
2025-09-28T00:16:54.949Z,59.8,21.1,1.914,50.4,0,60.1,0,0,0,0,0,0,0,0,66
2025-09-28T00:16:55.950Z,59.8,21.1,1.915,49.6,0,60.1,0,0,0,0,0,0,0,0,66
2025-09-28T00:16:56.958Z,59.8,21.1,1.915,50.4,0,60.1,0,0,0,0,0,0,0,0,66
2025-09-28T00:16:57.953Z,59.8,21.1,1.915,50.4,0,60.1,0,0,0,0,0,0,0,0,66
2025-09-28T00:16:58.953Z,59.8,21.1,1.915,49.6,0,60.1,0,0,0,0,0,0,0,0,66
2025-09-28T00:16:59.961Z,59.8,21.1,1.915,50.4,0,60.1,0,0,0,0,0,0,0,0,66
2025-09-28T00:17:00.963Z,59.8,21.1,1.915,49.6,0,60.1,0,0,0,0,0,0,0,0,66
2025-09-28T00:17:01.958Z,59.8,21.1,1.915,50.4,0,60.1,0,0,0,0,0,0,0,0,66
2025-09-28T00:17:02.958Z,59.8,21.1,1.915,49.6,0,60.1,0,0,0,0,0,0,0,0,66
2025-09-28T00:17:03.956Z,59.8,21.1,1.915,50.4,0,60.1,0,0,0,0,0,0,0,0,66
2025-09-28T00:17:04.962Z,59.8,21.1,1.915,50.4,0,60.1,0,0,0,0,0,0,0,0,66
2025-09-28T00:17:05.972Z,59.8,21.1,1.915,49.6,0,60.1,0,0,0,0,0,0,0,0,66
2025-09-28T00:17:06.965Z,59.8,21.1,1.915,49.6,0,60.1,0,0,0,0,0,0,0,0,66
2025-09-28T00:17:07.966Z,59.8,21.1,1.915,49.6,0,60.1,0,0,0,0,0,0,0,0,66
2025-09-28T00:17:08.962Z,59.8,21.1,1.915,50.4,0,60.1,0,0,0,0,0,0,0,0,66
2025-09-28T00:17:09.971Z,59.8,21.1,1.915,49.6,0,60.1,0,0,0,0,0,0,0,0,66
2025-09-28T00:17:10.964Z,59.8,21.1,1.915,50.4,0,60.1,0,0,0,0,0,0,0,0,66
2025-09-28T00:17:11.969Z,59.8,21.1,1.915,49.6,0,60.1,0,0,0,0,0,0,0,0,66
2025-09-28T00:17:12.970Z,59.8,21.1,1.915,49.6,0,60.1,0,0,0,0,0,0,0,0,66
2025-09-28T00:17:13.969Z,59.8,21.1,1.915,50.4,0,60.1,0,0,0,0,0,0,0,0,66
2025-09-28T00:17:14.966Z,59.8,21.1,1.915,49.6,0,60.1,0,0,0,0,0,0,0,0,66
2025-09-28T00:17:15.971Z,59.8,21.1,1.915,49.6,0,60.1,0,0,0,0,0,0,0,0,66
2025-09-28T00:17:16.974Z,59.8,21.1,1.915,50.4,0,60.1,0,0,0,0,0,0,0,0,66
2025-09-28T00:17:17.972Z,59.7,21.1,1.915,50.4,0,60.1,0,0,0,0,0,0,0,0,66
2025-09-28T00:17:18.972Z,59.7,21.1,1.915,49.6,0,60.1,0,0,0,0,0,0,0,0,66
2025-09-28T00:17:19.973Z,59.7,21.1,1.915,50.4,0,60.1,0,0,0,0,0,0,0,0,66
2025-09-28T00:17:20.977Z,59.7,21.1,1.915,49.6,0,60.1,0,0,0,0,0,0,0,0,66
2025-09-28T00:17:21.976Z,59.7,21.1,1.915,50.4,0,60.1,0,0,0,0,0,0,0,0,66
2025-09-28T00:17:22.976Z,59.7,21.1,1.915,49.6,0,60.1,0,0,0,0,0,0,0,0,66
2025-09-28T00:17:23.976Z,59.7,21.1,1.915,50.4,0,60.1,0,0,0,0,0,0,0,0,66
2025-09-28T00:17:24.977Z,59.7,21.1,1.915,49.6,0,60.1,0,0,0,0,0,0,0,0,66
2025-09-28T00:17:25.975Z,59.7,21.1,1.915,49.6,0,60.1,0,0,0,0,0,0,0,0,66
2025-09-28T00:17:26.980Z,59.7,21.1,1.915,50.4,0,60.1,0,0,0,0,0,0,0,0,66
2025-09-28T00:17:27.979Z,59.7,21.1,1.915,49.6,0,60.1,0,0,0,0,0,0,0,0,66
2025-09-28T00:17:28.980Z,59.7,21.1,1.915,50.4,0,60.1,0,0,0,0,0,0,0,0,66
2025-09-28T00:17:29.980Z,59.7,21.1,1.915,49.6,0,60.1,0,0,0,0,0,0,0,0,66
2025-09-28T00:17:30.985Z,59.7,21.1,1.915,49.6,0,60.1,0,0,0,0,0,0,0,0,66
2025-09-28T00:17:31.981Z,59.7,21.1,1.915,50.4,0,60.1,0,0,0,0,0,0,0,0,66
2025-09-28T00:17:32.984Z,59.7,21.1,1.915,49.6,0,60.1,0,0,0,0,0,0,0,0,66
2025-09-28T00:17:33.985Z,59.7,21.1,1.915,49.6,0,60.1,0,0,0,0,0,0,0,0,66
2025-09-28T00:17:34.985Z,59.7,21.1,1.915,50.4,0,60.1,0,0,0,0,0,0,0,0,66
2025-09-28T00:17:35.990Z,59.7,21.1,1.915,49.6,0,60.1,0,0,0,0,0,0,0,0,66
2025-09-28T00:17:36.987Z,59.7,21.1,1.915,49.6,0,60.1,0,0,0,0,0,0,0,0,66
2025-09-28T00:17:37.990Z,59.7,21.1,1.915,50.4,0,60.1,0,0,0,0,0,0,0,0,66
2025-09-28T00:17:38.993Z,59.7,21.1,1.915,49.6,0,60.1,0,0,0,0,0,0,0,0,66
2025-09-28T00:17:39.990Z,59.7,21.1,1.915,50.4,0,60.1,0,0,0,0,0,0,0,0,66
2025-09-28T00:17:40.994Z,59.7,21.1,1.915,50.4,0,60.1,0,0,0,0,0,0,0,0,66
2025-09-28T00:17:41.995Z,59.7,21.1,1.915,49.6,0,60.1,0,0,0,0,0,0,0,0,66
2025-09-28T00:17:42.992Z,59.7,21.1,1.915,50.4,0,60.1,0,0,0,0,0,0,0,0,66
2025-09-28T00:17:43.998Z,59.6,21.1,1.915,50.4,0,60.1,0,0,0,0,0,0,0,0,66
2025-09-28T00:17:44.995Z,59.6,21.1,1.915,49.6,0,60.1,0,0,0,0,0,0,0,0,66
2025-09-28T00:17:46.001Z,59.6,21.1,1.915,50.4,0,60.1,0,0,0,0,0,0,0,0,66
2025-09-28T00:17:46.997Z,59.6,21.1,1.915,49.6,0,60.1,0,0,0,0,0,0,0,0,66
2025-09-28T00:17:47.997Z,59.6,21.1,1.915,50.4,0,60.1,0,0,0,0,0,0,0,0,66
2025-09-28T00:17:49.001Z,59.6,21.1,1.915,49.6,0,60.1,0,0,0,0,0,0,0,0,66
2025-09-28T00:17:50.004Z,59.6,21.1,1.915,50.4,0,60.1,0,0,0,0,0,0,0,0,66
2025-09-28T00:17:51.000Z,59.6,21.1,1.916,49.6,0,60.1,0,0,0,0,0,0,0,0,66
2025-09-28T00:17:52.001Z,59.6,21.1,1.915,50.4,0,60.1,0,0,0,0,0,0,0,0,66
2025-09-28T00:17:53.006Z,59.6,21.1,1.916,49.6,0,60.1,0,0,0,0,0,0,0,0,66
2025-09-28T00:17:54.003Z,59.6,21.1,1.916,49.6,0,60.1,0,0,0,0,0,0,0,0,66
2025-09-28T00:17:55.005Z,59.6,21.1,1.916,50.4,0,60.1,0,0,0,0,0,0,0,0,66
2025-09-28T00:17:56.003Z,59.6,21.1,1.916,49.6,0,60.1,0,0,0,0,0,0,0,0,66
2025-09-28T00:17:57.010Z,59.6,21.1,1.916,50.4,0,60.1,0,0,0,0,0,0,0,0,66
2025-09-28T00:17:58.011Z,59.6,21.1,1.915,49.6,0,60.1,0,0,0,0,0,0,0,0,66
2025-09-28T00:17:59.010Z,59.6,21.1,1.916,49.6,0,60.1,0,0,0,0,0,0,0,0,66
2025-09-28T00:18:00.010Z,59.6,21.1,1.916,50.4,0,60.1,0,0,0,0,0,0,0,0,66
2025-09-28T00:18:01.015Z,59.6,21.1,1.915,49.6,0,60.1,0,0,0,0,0,0,0,0,66
2025-09-28T00:18:02.013Z,59.6,21.1,1.916,50.4,0,60.1,0,0,0,0,0,0,0,0,66
2025-09-28T00:18:03.014Z,59.6,21.1,1.916,49.6,0,60.1,0,0,0,0,0,0,0,0,66
2025-09-28T00:18:04.017Z,59.6,21.1,1.915,49.6,0,60.1,0,0,0,0,0,0,0,0,66
2025-09-28T00:18:05.017Z,59.6,21.1,1.916,50.4,0,60.1,0,0,0,0,0,0,0,0,66
2025-09-28T00:18:06.020Z,59.6,21.1,1.915,50.4,0,60.1,0,0,0,0,0,0,0,0,66
2025-09-28T00:18:07.017Z,59.6,21.1,1.916,49.6,0,60.1,0,0,0,0,0,0,0,0,66
2025-09-28T00:18:08.024Z,59.6,21.1,1.915,50.4,0,60.1,0,0,0,0,0,0,0,0,66
2025-09-28T00:18:09.022Z,59.5,21.1,1.915,49.6,0,60.1,0,0,0,0,0,0,0,0,66
2025-09-28T00:18:10.021Z,59.5,21.1,1.917,50.4,0,60.1,0,0,0,0,0,0,0,0,66
2025-09-28T00:18:11.021Z,59.5,21.1,1.916,49.6,0,60.1,0,0,0,0,0,0,0,0,66
2025-09-28T00:18:12.024Z,59.5,21.1,1.917,50.4,0,60.1,0,0,0,0,0,0,0,0,66
2025-09-28T00:18:13.024Z,59.5,21.1,1.917,50.4,0,60.1,0,0,0,0,0,0,0,0,66
2025-09-28T00:18:14.025Z,59.5,21.1,1.916,49.6,0,60.1,0,0,0,0,0,0,0,0,66
2025-09-28T00:18:15.022Z,59.5,21.1,1.917,50.4,0,60.1,0,0,0,0,0,0,0,0,66
2025-09-28T00:18:16.025Z,59.5,21.1,1.916,49.6,0,60.1,0,0,0,0,0,0,0,0,66
2025-09-28T00:18:17.027Z,59.5,21.1,1.917,50.4,0,60.1,0,0,0,0,0,0,0,0,66
2025-09-28T00:18:18.028Z,59.5,21.1,1.917,49.6,0,60.1,0,0,0,0,0,0,0,0,66
2025-09-28T00:18:19.030Z,59.5,21.1,1.917,50.4,0,60.1,0,0,0,0,0,0,0,0,66
2025-09-28T00:18:20.032Z,59.5,21.1,1.917,49.6,0,60.1,0,0,0,0,0,0,0,0,66
2025-09-28T00:18:21.035Z,59.5,21.1,1.916,50.4,0,60.1,0,0,0,0,0,0,0,0,66
2025-09-28T00:18:22.027Z,59.5,21.1,1.917,49.6,0,60.1,0,0,0,0,0,0,0,0,66
2025-09-28T00:18:23.028Z,59.5,21.1,1.917,49.6,0,60.1,0,0,0,0,0,0,0,0,66
2025-09-28T00:18:24.033Z,59.5,21.1,1.916,50.4,0,60.1,0,0,0,0,0,0,0,0,66
2025-09-28T00:18:25.032Z,59.5,21.1,1.917,49.6,0,60.1,0,0,0,0,0,0,0,0,66
2025-09-28T00:18:26.033Z,59.5,21.1,1.917,50.4,0,60.1,0,0,0,0,0,0,0,0,66
2025-09-28T00:18:27.038Z,59.5,21.1,1.916,49.6,0,60.1,0,0,0,0,0,0,0,0,66
2025-09-28T00:18:28.038Z,59.5,21.1,1.916,49.6,0,60.1,0,0,0,0,0,0,0,0,66
2025-09-28T00:18:29.039Z,59.5,21.1,1.916,50.4,0,60.1,0,0,0,0,0,0,0,0,66
2025-09-28T00:18:30.039Z,59.5,21.1,1.916,49.6,0,60.1,0,0,0,0,0,0,0,0,66
2025-09-28T00:18:31.044Z,59.5,21.1,1.916,50.4,0,60.1,0,0,0,0,0,0,0,0,66
2025-09-28T00:18:32.042Z,59.5,21.1,1.916,49.6,0,60.1,0,0,0,0,0,0,0,0,66
2025-09-28T00:18:33.047Z,59.5,21.1,1.916,49.6,0,60.1,0,0,0,0,0,0,0,0,66
2025-09-28T00:18:34.044Z,59.5,21.1,1.916,50.4,0,60.1,0,0,0,0,0,0,0,0,66
2025-09-28T00:18:35.041Z,59.5,21.1,1.917,49.6,0,60.1,0,0,0,0,0,0,0,0,66
2025-09-28T00:18:36.052Z,59.5,21.1,1.916,50.4,0,60.1,0,0,0,0,0,0,0,0,66
2025-09-28T00:18:37.048Z,59.5,21.1,1.916,49.6,0,60.1,0,0,0,0,0,0,0,0,66
2025-09-28T00:18:38.049Z,59.5,21.1,1.916,49.6,0,60.1,0,0,0,0,0,0,0,0,66
2025-09-28T00:18:39.044Z,59.5,21.1,1.917,50.4,0,60.1,0,0,0,0,0,0,0,0,66
2025-09-28T00:18:40.052Z,59.5,21.1,1.916,49.6,0,60.1,0,0,0,0,0,0,0,0,66
2025-09-28T00:18:41.050Z,59.4,21.1,1.916,49.6,0,60.1,0,0,0,0,0,0,0,0,66
2025-09-28T00:18:42.049Z,59.4,21.1,1.916,50.4,0,60.1,0,0,0,0,0,0,0,0,66
2025-09-28T00:18:43.050Z,59.5,21.1,1.917,49.6,0,60.1,0,0,0,0,0,0,0,0,66
2025-09-28T00:18:44.053Z,59.4,21.1,1.916,50.4,0,60.1,0,0,0,0,0,0,0,0,66
2025-09-28T00:18:45.053Z,59.4,21.1,1.917,50.4,0,60.1,0,0,0,0,0,0,0,0,66
2025-09-28T00:18:46.052Z,59.4,21.1,1.916,49.6,0,60.1,0,0,0,0,0,0,0,0,66
2025-09-28T00:18:47.055Z,59.4,21.1,1.917,50.4,0,60.1,0,0,0,0,0,0,0,0,66
2025-09-28T00:18:48.055Z,59.4,21.1,1.917,49.6,0,60.1,0,0,0,0,0,0,0,0,66
2025-09-28T00:18:49.058Z,59.4,21.1,1.917,50.4,0,60.1,0,0,0,0,0,0,0,0,66
2025-09-28T00:18:50.058Z,59.4,21.1,1.917,49.6,0,60.1,0,0,0,0,0,0,0,0,66
2025-09-28T00:18:51.057Z,59.4,21.1,1.917,50.4,0,60.1,0,0,0,0,0,0,0,0,66
2025-09-28T00:18:52.055Z,59.4,21.1,1.917,49.6,0,60.1,0,0,0,0,0,0,0,0,66
2025-09-28T00:18:53.059Z,59.4,21.1,1.916,49.6,0,60.1,0,0,0,0,0,0,0,0,66
2025-09-28T00:18:54.056Z,59.4,21.1,1.917,50.4,0,60.1,0,0,0,0,0,0,0,0,66
2025-09-28T00:18:55.063Z,59.4,21.1,1.916,49.6,0,60.1,0,0,0,0,0,0,0,0,66
2025-09-28T00:18:56.062Z,59.4,21.1,1.916,50.4,0,60.1,0,0,0,0,0,0,0,0,66
2025-09-28T00:18:57.066Z,59.4,21.1,1.916,50.4,0,60.1,0,0,0,0,0,0,0,0,66
2025-09-28T00:18:58.066Z,59.4,21.1,1.916,49.6,0,60.1,0,0,0,0,0,0,0,0,66
2025-09-28T00:18:59.062Z,59.4,21.1,1.917,49.6,0,60.1,0,0,0,0,0,0,0,0,66
2025-09-28T00:19:00.061Z,59.4,21.1,1.917,49.6,0,60.1,0,0,0,0,0,0,0,0,66
2025-09-28T00:19:01.064Z,59.4,21.1,1.917,50.4,0,60.1,0,0,0,0,0,0,0,0,66
2025-09-28T00:19:02.062Z,59.4,21.1,1.917,50.4,0,60.1,0,0,0,0,0,0,0,0,66
2025-09-28T00:19:03.064Z,59.4,21.1,1.917,49.6,0,60.1,0,0,0,0,0,0,0,0,66
2025-09-28T00:19:04.074Z,59.4,21.1,1.916,50.4,0,60.1,0,0,0,0,0,0,0,0,66
2025-09-28T00:19:05.068Z,59.4,21.1,1.917,49.6,0,60.1,0,0,0,0,0,0,0,0,66
2025-09-28T00:19:06.070Z,59.4,21.1,1.917,50.4,0,60.1,0,0,0,0,0,0,0,0,66
2025-09-28T00:19:07.075Z,59.4,21.1,1.916,49.6,0,60.1,0,0,0,0,0,0,0,0,66
2025-09-28T00:19:08.074Z,59.4,21.1,1.917,50.4,0,60.1,0,0,0,0,0,0,0,0,66
2025-09-28T00:19:09.076Z,59.4,21.1,1.916,49.6,0,60.1,0,0,0,0,0,0,0,0,66
2025-09-28T00:19:10.071Z,59.4,21.1,1.917,49.6,0,60.1,0,0,0,0,0,0,0,0,66
2025-09-28T00:19:11.075Z,59.4,21.1,1.917,50.4,0,60.1,0,0,0,0,0,0,0,0,66
2025-09-28T00:19:12.078Z,59.4,21.1,1.916,49.6,0,60.1,0,0,0,0,0,0,0,0,66
2025-09-28T00:19:13.081Z,59.4,21.1,1.916,49.6,0,60.1,0,0,0,0,0,0,0,0,66
2025-09-28T00:19:14.076Z,59.4,21.1,1.917,50.4,0,60.1,0,0,0,0,0,0,0,0,66
2025-09-28T00:19:15.079Z,59.4,21.1,1.917,49.6,0,60.1,0,0,0,0,0,0,0,0,66
2025-09-28T00:19:16.081Z,59.4,21.1,1.917,49.6,0,60.1,0,0,0,0,0,0,0,0,66
2025-09-28T00:19:17.079Z,59.4,21.1,1.917,50.4,0,60.1,0,0,0,0,0,0,0,0,66
2025-09-28T00:19:18.080Z,59.4,21.1,1.917,49.6,0,60.1,0,0,0,0,0,0,0,0,66
2025-09-28T00:19:19.084Z,59.4,21.1,1.917,49.6,0,60.1,0,0,0,0,0,0,0,0,66
2025-09-28T00:19:20.083Z,59.4,21.1,1.917,50.4,0,60.1,0,0,0,0,0,0,0,0,66
2025-09-28T00:19:21.086Z,59.4,21.1,1.916,50.4,0,60.1,0,0,0,0,0,0,0,0,66
2025-09-28T00:19:22.084Z,59.4,21.1,1.917,49.6,0,60.1,0,0,0,0,0,0,0,0,66
2025-09-28T00:19:23.086Z,59.4,21.1,1.916,50.4,0,60.1,0,0,0,0,0,0,0,0,66
2025-09-28T00:19:24.087Z,59.4,21.1,1.917,50.4,0,60.1,0,0,0,0,0,0,0,0,66
2025-09-28T00:19:25.089Z,59.4,21.1,1.916,49.6,0,60.1,0,0,0,0,0,0,0,0,66
2025-09-28T00:19:26.088Z,59.4,21.1,1.917,50.4,0,60.1,0,0,0,0,0,0,0,0,66
2025-09-28T00:19:27.094Z,59.4,21.1,1.916,49.6,0,60.1,0,0,0,0,0,0,0,0,66
2025-09-28T00:19:28.094Z,59.4,21.1,1.916,50.4,0,60.1,0,0,0,0,0,0,0,0,66
2025-09-28T00:19:29.091Z,59.4,21.1,1.916,49.6,0,60.1,0,0,0,0,0,0,0,0,66
2025-09-28T00:19:30.094Z,59.4,21.1,1.916,50.4,0,60.1,0,0,0,0,0,0,0,0,66
2025-09-28T00:19:31.096Z,59.4,21.1,1.916,49.6,0,60,0,0,0,0,0,0,0,0,66
2025-09-28T00:19:32.093Z,59.4,21.1,1.917,49.6,0,60,0,0,0,0,0,0,0,0,66
2025-09-28T00:19:33.095Z,59.4,21.1,1.916,50.4,0,60.1,0,0,0,0,0,0,0,0,66
2025-09-28T00:19:34.095Z,59.4,21.1,1.916,49.6,0,60.1,0,0,0,0,0,0,0,0,66
2025-09-28T00:19:35.105Z,59.4,21.1,1.916,49.6,0,60.1,0,0,0,0,0,0,0,0,66
2025-09-28T00:19:36.098Z,59.4,21.1,1.916,50.4,0,60.1,0,0,0,0,0,0,0,0,66
2025-09-28T00:19:37.099Z,59.4,21.1,1.916,49.6,0,60,0,0,0,0,0,0,0,0,66
2025-09-28T00:19:38.099Z,59.4,21.1,1.916,49.6,0,60,0,0,0,0,0,0,0,0,66
2025-09-28T00:19:39.102Z,59.4,21.1,1.916,50.4,0,60,0,0,0,0,0,0,0,0,66
2025-09-28T00:19:40.102Z,59.4,21.1,1.916,50.4,0,60,0,0,0,0,0,0,0,0,66
2025-09-28T00:19:41.103Z,59.4,21.1,1.916,49.6,0,60.1,0,0,0,0,0,0,0,0,66
2025-09-28T00:19:42.110Z,59.4,21.1,1.916,50.4,0,60.1,0,0,0,0,0,0,0,0,66
2025-09-28T00:19:43.104Z,59.4,21.1,1.916,50.4,0,60,0,0,0,0,0,0,0,0,66
2025-09-28T00:19:44.113Z,59.4,21.1,1.916,49.6,0,60.1,0,0,0,0,0,0,0,0,66
2025-09-28T00:19:45.108Z,59.4,21.1,1.916,50.4,0,60,0,0,0,0,0,0,0,0,66
2025-09-28T00:19:46.110Z,59.4,21.1,1.916,49.6,0,60,0,0,0,0,0,0,0,0,66
2025-09-28T00:19:47.110Z,59.4,21.1,1.916,50.4,0,60,0,0,0,0,0,0,0,0,66
2025-09-28T00:19:48.116Z,59.4,21.1,1.916,49.6,0,60,0,0,0,0,0,0,0,0,66
2025-09-28T00:19:49.115Z,59.4,21.1,1.916,49.6,0,60,0,0,0,0,0,0,0,0,66
2025-09-28T00:19:50.118Z,59.4,21.1,1.917,50.4,0,60,0,0,0,0,0,0,0,0,66
2025-09-28T00:19:51.115Z,59.4,21.1,1.916,49.6,0,60,0,0,0,0,0,0,0,0,66
2025-09-28T00:19:52.131Z,59.4,21.1,1.916,49.6,0,60,0,0,0,0,0,0,0,0,66
2025-09-28T00:19:53.116Z,59.4,21.1,1.916,50.4,0,60,0,0,0,0,0,0,0,0,66
2025-09-28T00:19:54.123Z,59.4,21.1,1.917,49.6,0,60,0,0,0,0,0,0,0,0,66
2025-09-28T00:19:55.118Z,59.4,21.1,1.916,49.6,0,60,0,0,0,0,0,0,0,0,66
2025-09-28T00:19:56.118Z,59.4,21.1,1.916,50.4,0,60,0,0,0,0,0,0,0,0,66
2025-09-28T00:19:57.120Z,59.4,21.1,1.916,50.4,0,60,0,0,0,0,0,0,0,0,66
2025-09-28T00:19:58.126Z,59.4,21.1,1.917,49.6,0,60,0,0,0,0,0,0,0,0,66
2025-09-28T00:19:59.120Z,59.4,21.1,1.916,50.4,0,60,0,0,0,0,0,0,0,0,66
2025-09-28T00:20:00.128Z,59.4,21.1,1.917,49.6,0,60,0,0,0,0,0,0,0,0,66
2025-09-28T00:20:01.126Z,59.4,21.1,1.917,50.4,0,60,0,0,0,0,0,0,0,0,66
2025-09-28T00:20:02.120Z,59.4,21.1,1.916,50.4,0,60,0,0,0,0,0,0,0,0,66
2025-09-28T00:20:03.126Z,59.4,21.1,1.916,49.6,0,60,0,0,0,0,0,0,0,0,66
2025-09-28T00:20:04.129Z,59.4,21.1,1.917,50.4,0,60,0,0,0,0,0,0,0,0,66
2025-09-28T00:20:05.130Z,59.4,21.1,1.917,49.6,0,60,0,0,0,0,0,0,0,0,66
2025-09-28T00:20:06.124Z,59.4,21.1,1.916,50.4,0,60,0,0,0,0,0,0,0,0,66
2025-09-28T00:20:07.133Z,59.4,21.1,1.917,49.6,0,60,0,0,0,0,0,0,0,0,66
2025-09-28T00:20:08.132Z,59.4,21.1,1.916,50.4,0,60,0,0,0,0,0,0,0,0,66
2025-09-28T00:20:09.135Z,59.4,21.1,1.917,49.6,0,60,0,0,0,0,0,0,0,0,66
2025-09-28T00:20:10.131Z,59.4,21.1,1.916,50.4,0,60,0,0,0,0,0,0,0,0,66
2025-09-28T00:20:11.133Z,59.4,21.1,1.916,49.6,0,60,0,0,0,0,0,0,0,0,66
2025-09-28T00:20:12.133Z,59.4,21.1,1.916,49.6,0,60,0,0,0,0,0,0,0,0,66
2025-09-28T00:20:13.136Z,59.4,21.1,1.917,50.4,0,60,0,0,0,0,0,0,0,0,66
2025-09-28T00:20:14.137Z,59.4,21.1,1.917,49.6,0,60,0,0,0,0,0,0,0,0,66
2025-09-28T00:20:15.138Z,59.4,21.1,1.917,49.6,0,60,0,0,0,0,0,0,0,0,66
2025-09-28T00:20:16.137Z,59.4,21.1,1.917,50.4,0,60,0,0,0,0,0,0,0,0,66
2025-09-28T00:20:17.142Z,59.4,21.1,1.917,49.6,0,60,0,0,0,0,0,0,0,0,66
2025-09-28T00:20:18.140Z,59.4,21.1,1.917,50.4,0,60,0,0,0,0,0,0,0,0,66
2025-09-28T00:20:19.140Z,59.4,21.1,1.917,49.6,0,60,0,0,0,0,0,0,0,0,66
2025-09-28T00:20:20.146Z,59.4,21.1,1.917,50.4,0,60,0,0,0,0,0,0,0,0,66
2025-09-28T00:20:21.148Z,59.4,21.1,1.917,50.4,0,60,0,0,0,0,0,0,0,0,66
2025-09-28T00:20:22.143Z,59.4,21.1,1.917,49.6,0,60,0,0,0,0,0,0,0,0,66
2025-09-28T00:20:23.147Z,59.4,21.1,1.917,50.4,0,60,0,0,0,0,0,0,0,0,66
2025-09-28T00:20:24.149Z,59.4,21.1,1.917,49.6,0,60,0,0,0,0,0,0,0,0,66
2025-09-28T00:20:25.146Z,59.5,21.1,1.917,50.4,0,60,0,0,0,0,0,0,0,0,66
2025-09-28T00:20:26.145Z,59.4,21.1,1.917,49.6,0,60,0,0,0,0,0,0,0,0,66
2025-09-28T00:20:27.144Z,59.5,21.1,1.916,50.4,0,60,0,0,0,0,0,0,0,0,66
2025-09-28T00:20:28.152Z,59.5,21.1,1.917,49.6,0,60,0,0,0,0,0,0,0,0,66
2025-09-28T00:20:29.151Z,59.5,21.1,1.917,50.4,0,60,0,0,0,0,0,0,0,0,66
2025-09-28T00:20:30.148Z,59.5,21.1,1.916,49.6,0,60,0,0,0,0,0,0,0,0,66
2025-09-28T00:20:31.152Z,59.5,21.1,1.917,49.6,0,60,0,0,0,0,0,0,0,0,66
2025-09-28T00:20:32.154Z,59.5,21.1,1.917,50.4,0,60,0,0,0,0,0,0,0,0,66
2025-09-28T00:20:33.151Z,59.5,21.1,1.916,49.6,0,60,0,0,0,0,0,0,0,0,66
2025-09-28T00:20:34.151Z,59.5,21.1,1.916,50.4,0,60,0,0,0,0,0,0,0,0,66
2025-09-28T00:20:35.152Z,59.5,21.1,1.916,50.4,0,60,0,0,0,0,0,0,0,0,66
2025-09-28T00:20:36.155Z,59.5,21.1,1.917,49.6,0,60,0,0,0,0,0,0,0,0,66
2025-09-28T00:20:37.157Z,59.5,21.1,1.917,49.6,0,60,0,0,0,0,0,0,0,0,66
2025-09-28T00:20:38.161Z,59.5,21.1,1.917,49.6,0,60,0,0,0,0,0,0,0,0,66
2025-09-28T00:20:39.163Z,59.5,21.1,1.917,50.4,0,60,0,0,0,0,0,0,0,0,66
2025-09-28T00:20:40.166Z,59.5,21.1,1.917,50.4,0,60,0,0,0,0,0,0,0,0,66
2025-09-28T00:20:41.159Z,59.5,21.1,1.917,49.6,0,60,0,0,0,0,0,0,0,0,66
2025-09-28T00:20:42.159Z,59.5,21.1,1.917,49.6,0,60,0,0,0,0,0,0,0,0,66
2025-09-28T00:20:43.160Z,59.5,21.1,1.917,49.6,0,60,0,0,0,0,0,0,0,0,66
2025-09-28T00:20:44.165Z,59.5,21.1,1.917,50.4,0,60,0,0,0,0,0,0,0,0,66
2025-09-28T00:20:45.163Z,59.5,21.1,1.916,50.4,0,60,0,0,0,0,0,0,0,0,66
2025-09-28T00:20:46.165Z,59.5,21.1,1.917,49.6,0,60,0,0,0,0,0,0,0,0,66
2025-09-28T00:20:47.180Z,59.5,21.1,1.916,50.4,0,60,0,0,0,0,0,0,0,0,66
2025-09-28T00:20:48.166Z,59.5,21.1,1.917,49.6,0,60,0,0,0,0,0,0,0,0,66
2025-09-28T00:20:49.171Z,59.5,21.1,1.917,50.4,0,60,0,0,0,0,0,0,0,0,66
2025-09-28T00:20:50.170Z,59.5,21.1,1.917,49.6,0,60,0,0,0,0,0,0,0,0,66
2025-09-28T00:20:51.171Z,59.5,21.1,1.917,49.6,0,60,0,0,0,0,0,0,0,0,66
2025-09-28T00:20:52.172Z,59.5,21.1,1.917,50.4,0,60,0,0,0,0,0,0,0,0,66
2025-09-28T00:20:53.173Z,59.5,21.1,1.917,49.6,0,60,0,0,0,0,0,0,0,0,66
2025-09-28T00:20:54.168Z,59.5,21.1,1.917,50.4,0,60,0,0,0,0,0,0,0,0,66
2025-09-28T00:20:55.168Z,59.6,21.1,1.917,50.4,0,60,0,0,0,0,0,0,0,0,66
2025-09-28T00:20:56.176Z,59.6,21.1,1.917,49.6,0,60,0,0,0,0,0,0,0,0,66
2025-09-28T00:20:57.173Z,59.6,21.1,1.917,50.4,0,60,0,0,0,0,0,0,0,0,66
2025-09-28T00:20:58.175Z,59.6,21.1,1.917,49.6,0,60,0,0,0,0,0,0,0,0,66
2025-09-28T00:20:59.175Z,59.6,21.1,1.916,50.4,0,60,0,0,0,0,0,0,0,0,66
2025-09-28T00:21:00.176Z,59.6,21.1,1.916,49.6,0,60,0,0,0,0,0,0,0,0,66
2025-09-28T00:21:01.175Z,59.6,21.1,1.916,50.4,0,60,0,0,0,0,0,0,0,0,66
2025-09-28T00:21:02.177Z,59.6,21.1,1.916,49.6,0,60,0,0,0,0,0,0,0,0,66
2025-09-28T00:21:03.181Z,59.6,21.1,1.916,50.4,0,60,0,0,0,0,0,0,0,0,66
2025-09-28T00:21:04.177Z,59.6,21.1,1.916,49.6,0,60,0,0,0,0,0,0,0,0,66
2025-09-28T00:21:05.191Z,59.6,21.1,1.915,50.4,0,60.1,0,0,0,0,0,0,0,0,66
2025-09-28T00:21:06.184Z,59.6,21.1,1.916,49.6,0,60.1,0,0,0,0,0,0,0,0,66
2025-09-28T00:21:07.188Z,59.6,21.1,1.916,50.4,0,60,0,0,0,0,0,0,0,0,66
2025-09-28T00:21:08.183Z,59.6,21.1,1.916,49.6,0,60.1,0,0,0,0,0,0,0,0,66
2025-09-28T00:21:09.191Z,59.6,21.1,1.916,50.4,0,60,0,0,0,0,0,0,0,0,66
2025-09-28T00:21:10.186Z,59.6,21.1,1.916,49.6,0,60.1,0,0,0,0,0,0,0,0,66
2025-09-28T00:21:11.187Z,59.6,21.1,1.916,50.4,0,60,0,0,0,0,0,0,0,0,66
2025-09-28T00:21:12.189Z,59.6,21.1,1.916,49.6,0,60,0,0,0,0,0,0,0,0,66
2025-09-28T00:21:13.190Z,59.6,21.1,1.916,50.4,0,60.1,0,0,0,0,0,0,0,0,66
2025-09-28T00:21:14.191Z,59.6,21.1,1.916,49.6,0,60.1,0,0,0,0,0,0,0,0,66
2025-09-28T00:21:15.191Z,59.6,21.1,1.915,50.4,0,60,0,0,0,0,0,0,0,0,66
2025-09-28T00:21:16.198Z,59.6,21.1,1.915,49.6,0,60.1,0,0,0,0,0,0,0,0,66
2025-09-28T00:21:17.193Z,59.6,21.1,1.916,49.6,0,60,0,0,0,0,0,0,0,0,66
2025-09-28T00:21:18.192Z,59.7,21.1,1.915,49.6,0,60.1,0,0,0,0,0,0,0,0,66
2025-09-28T00:21:19.196Z,59.7,21.1,1.915,50.4,0,60.1,0,0,0,0,0,0,0,0,66
2025-09-28T00:21:20.196Z,59.7,21.1,1.915,49.6,0,60.1,0,0,0,0,0,0,0,0,66
2025-09-28T00:21:21.195Z,59.7,21.1,1.915,49.6,0,60.1,0,0,0,0,0,0,0,0,66
2025-09-28T00:21:22.198Z,59.7,21.1,1.915,50.4,0,60.1,0,0,0,0,0,0,0,0,66
2025-09-28T00:21:23.199Z,59.7,21.1,1.915,49.6,0,60,0,0,0,0,0,0,0,0,66
2025-09-28T00:21:24.200Z,59.7,21.1,1.915,49.6,0,60.1,0,0,0,0,0,0,0,0,66
2025-09-28T00:21:25.199Z,59.7,21.1,1.915,50.4,0,60.1,0,0,0,0,0,0,0,0,66
2025-09-28T00:21:26.205Z,59.7,21.1,1.915,49.6,0,60.1,0,0,0,0,0,0,0,0,66
2025-09-28T00:21:27.202Z,59.7,21.1,1.915,50.4,0,60.1,0,0,0,0,0,0,0,0,66
2025-09-28T00:21:28.204Z,59.7,21.1,1.915,49.6,0,60.1,0,0,0,0,0,0,0,0,66
2025-09-28T00:21:29.205Z,59.7,21.1,1.915,49.6,0,60.1,0,0,0,0,0,0,0,0,66
2025-09-28T00:21:30.203Z,59.7,21.1,1.915,50.4,0,60.1,0,0,0,0,0,0,0,0,66
2025-09-28T00:21:31.206Z,59.7,21.1,1.915,49.6,0,60.1,0,0,0,0,0,0,0,0,66
2025-09-28T00:21:32.205Z,59.7,21.1,1.915,50.4,0,60,0,0,0,0,0,0,0,0,66
2025-09-28T00:21:33.210Z,59.7,21.1,1.915,50.4,0,60.1,0,0,0,0,0,0,0,0,66
2025-09-28T00:21:34.207Z,59.7,21.1,1.915,49.6,0,60.1,0,0,0,0,0,0,0,0,66
2025-09-28T00:21:35.208Z,59.7,21.1,1.915,50.4,0,60.1,0,0,0,0,0,0,0,0,66
2025-09-28T00:21:36.209Z,59.8,21.1,1.915,49.6,0,60.1,0,0,0,0,0,0,0,0,66
2025-09-28T00:21:37.215Z,59.8,21.1,1.915,50.4,0,60.1,0,0,0,0,0,0,0,0,66
2025-09-28T00:21:38.211Z,59.8,21.1,1.915,49.6,0,60.1,0,0,0,0,0,0,0,0,66
2025-09-28T00:21:39.219Z,59.8,21.1,1.915,50.4,0,60.1,0,0,0,0,0,0,0,0,66
2025-09-28T00:21:40.219Z,59.8,21.1,1.915,49.6,0,60.1,0,0,0,0,0,0,0,0,66
2025-09-28T00:21:41.214Z,59.8,21.1,1.915,49.6,0,60.1,0,0,0,0,0,0,0,0,66
2025-09-28T00:21:42.217Z,59.8,21.1,1.915,50.4,0,60.1,0,0,0,0,0,0,0,0,66
2025-09-28T00:21:43.213Z,59.8,21.1,1.915,49.6,0,60,0,0,0,0,0,0,0,0,66
2025-09-28T00:21:44.223Z,59.8,21.1,1.915,49.6,0,60,0,0,0,0,0,0,0,0,66
2025-09-28T00:21:45.219Z,59.8,21.1,1.915,50.4,0,60,0,0,0,0,0,0,0,0,66
2025-09-28T00:21:46.218Z,59.8,21.1,1.914,49.6,0,60.1,0,0,0,0,0,0,0,0,66
2025-09-28T00:21:47.224Z,59.8,21.1,1.915,50.4,0,60.1,0,0,0,0,0,0,0,0,66
2025-09-28T00:21:48.221Z,59.8,21.1,1.915,49.6,0,60.1,0,0,0,0,0,0,0,0,66
2025-09-28T00:21:49.226Z,59.8,21.1,1.915,50.4,0,60,0,0,0,0,0,0,0,0,66
2025-09-28T00:21:50.221Z,59.8,21.1,1.915,49.6,0,60,0,0,0,0,0,0,0,0,66
2025-09-28T00:21:51.224Z,59.9,21.1,1.914,49.6,0,60,0,0,0,0,0,0,0,0,66
2025-09-28T00:21:52.222Z,59.9,21.1,1.914,50.4,0,60,0,0,0,0,0,0,0,0,66
2025-09-28T00:21:53.223Z,59.9,21.1,1.914,49.6,0,60.1,0,0,0,0,0,0,0,0,66
2025-09-28T00:21:54.223Z,59.9,21.1,1.915,50.4,0,60.1,0,0,0,0,0,0,0,0,66
2025-09-28T00:21:55.227Z,59.9,21.1,1.914,49.6,0,60.1,0,0,0,0,0,0,0,0,66
2025-09-28T00:21:56.225Z,59.9,21.1,1.914,49.6,0,60,0,0,0,0,0,0,0,0,66
2025-09-28T00:21:57.228Z,59.9,21.1,1.914,50.4,0,60.1,0,0,0,0,0,0,0,0,66
2025-09-28T00:21:58.225Z,59.9,21.1,1.914,49.6,0,60,0,0,0,0,0,0,0,0,66
2025-09-28T00:21:59.228Z,59.9,21.1,1.914,49.6,0,60.1,0,0,0,0,0,0,0,0,66
2025-09-28T00:22:00.232Z,59.9,21.1,1.914,50.4,0,60.1,0,0,0,0,0,0,0,0,66
2025-09-28T00:22:01.234Z,59.9,21.1,1.914,49.6,0,60,0,0,0,0,0,0,0,0,66
2025-09-28T00:22:02.231Z,59.9,21.1,1.914,49.6,0,60,0,0,0,0,0,0,0,0,66
2025-09-28T00:22:03.230Z,59.9,21.1,1.914,50.4,0,60,0,0,0,0,0,0,0,0,66
2025-09-28T00:22:04.234Z,59.9,21.1,1.913,49.6,0,60,0,0,0,0,0,0,0,0,66
2025-09-28T00:22:05.236Z,59.9,21.1,1.913,49.6,0,60,0,0,0,0,0,0,0,0,66
2025-09-28T00:22:06.233Z,59.9,21.1,1.913,50.4,0,60,0,0,0,0,0,0,0,0,66
2025-09-28T00:22:07.237Z,59.9,21.1,1.913,49.6,0,60.1,0,0,0,0,0,0,0,0,66
2025-09-28T00:22:08.235Z,60,21.1,1.913,49.6,0,60.1,0,0,0,0,0,0,0,0,66
2025-09-28T00:22:09.238Z,60,21.1,1.913,50.4,0,60,0,0,0,0,0,0,0,0,66
2025-09-28T00:22:10.236Z,60,21.1,1.913,49.6,0,60,0,0,0,0,0,0,0,0,66
2025-09-28T00:22:11.242Z,60,21.1,1.913,49.6,0,60,0,0,0,0,0,0,0,0,66
2025-09-28T00:22:12.241Z,60,21.1,1.913,50.4,0,60,0,0,0,0,0,0,0,0,66
2025-09-28T00:22:13.242Z,60,21.1,1.913,50.4,0,60,0,0,0,0,0,0,0,0,66
2025-09-28T00:22:14.242Z,60,21.1,1.913,49.6,0,60,0,0,0,0,0,0,0,0,66
2025-09-28T00:22:15.242Z,60,21.1,1.913,50.4,0,60.1,0,0,0,0,0,0,0,0,66
2025-09-28T00:22:16.247Z,60,21.1,1.913,49.6,0,60,0,0,0,0,0,0,0,0,66
2025-09-28T00:22:17.248Z,60,21.1,1.913,50.4,0,60,0,0,0,0,0,0,0,0,66
2025-09-28T00:22:18.252Z,60,21.1,1.913,50.4,0,60,0,0,0,0,0,0,0,0,66
2025-09-28T00:22:19.251Z,60,21.1,1.913,49.6,0,60,0,0,0,0,0,0,0,0,66
2025-09-28T00:22:20.251Z,60,21.1,1.913,50.4,0,60.1,0,0,0,0,0,0,0,0,66
2025-09-28T00:22:21.248Z,60,21.1,1.913,50.4,0,60.1,0,0,0,0,0,0,0,0,66
2025-09-28T00:22:22.254Z,60,21.1,1.913,49.6,0,60,0,0,0,0,0,0,0,0,66
2025-09-28T00:22:23.250Z,60.1,21.1,1.913,50.4,0,60,0,0,0,0,0,0,0,0,66
2025-09-28T00:22:24.252Z,60.1,21.1,1.913,49.6,0,60,0,0,0,0,0,0,0,0,66
2025-09-28T00:22:25.255Z,60.1,21.1,1.913,50.4,0,60,0,0,0,0,0,0,0,0,66
2025-09-28T00:22:26.253Z,60.1,21.1,1.913,50.4,0,60,0,0,0,0,0,0,0,0,66
2025-09-28T00:22:27.251Z,60.1,21.1,1.913,49.6,0,60,0,0,0,0,0,0,0,0,66
2025-09-28T00:22:28.259Z,60.1,21.1,1.913,50.4,0,60,0,0,0,0,0,0,0,0,66
2025-09-28T00:22:29.259Z,60.1,21.1,1.913,49.6,0,60,0,0,0,0,0,0,0,0,66
2025-09-28T00:22:30.256Z,60.1,21.1,1.913,50.4,0,60,0,0,0,0,0,0,0,0,66
2025-09-28T00:22:31.263Z,60.1,21.1,1.914,49.6,0,60,0,0,0,0,0,0,0,0,66
2025-09-28T00:22:32.265Z,60.1,21.1,1.913,49.6,0,60,0,0,0,0,0,0,0,0,66
2025-09-28T00:22:33.265Z,60.1,21.1,1.913,50.4,0,60,0,0,0,0,0,0,0,0,66
2025-09-28T00:22:34.264Z,60.1,21.1,1.913,49.6,0,60,0,0,0,0,0,0,0,0,66
2025-09-28T00:22:35.262Z,60.1,21.1,1.913,50.4,0,60,0,0,0,0,0,0,0,0,66
2025-09-28T00:22:36.262Z,60.1,21.1,1.913,50.4,0,60,0,0,0,0,0,0,0,0,66
2025-09-28T00:22:37.263Z,60.1,21.1,1.913,49.6,0,60,0,0,0,0,0,0,0,0,66
2025-09-28T00:22:38.263Z,60.2,21.1,1.912,50.4,0,60,0,0,0,0,0,0,0,0,66
2025-09-28T00:22:39.262Z,60.2,21.1,1.912,49.6,0,60,0,0,0,0,0,0,0,0,66
2025-09-28T00:22:40.262Z,60.2,21.1,1.912,50.4,0,60,0,0,0,0,0,0,0,0,66
2025-09-28T00:22:41.261Z,60.2,21.1,1.912,49.6,0,60,0,0,0,0,0,0,0,0,66
2025-09-28T00:22:42.268Z,60.2,21.1,1.912,49.6,0,60,0,0,0,0,0,0,0,0,66
2025-09-28T00:22:43.266Z,60.2,21.1,1.912,50.4,0,60,0,0,0,0,0,0,0,0,66
2025-09-28T00:22:44.272Z,60.2,21.1,1.912,49.6,0,60,0,0,0,0,0,0,0,0,66
2025-09-28T00:22:45.270Z,60.2,21.1,1.912,49.6,0,60,0,0,0,0,0,0,0,0,66
2025-09-28T00:22:46.266Z,60.2,21.1,1.912,50.4,0,60,0,0,0,0,0,0,0,0,66
2025-09-28T00:22:47.272Z,60.2,21.1,1.912,49.6,0,60,0,0,0,0,0,0,0,0,66
2025-09-28T00:22:48.272Z,60.2,21.1,1.912,50.4,0,60,0,0,0,0,0,0,0,0,66
2025-09-28T00:22:49.275Z,60.2,21.1,1.912,49.6,0,60,0,0,0,0,0,0,0,0,66
2025-09-28T00:22:50.275Z,60.2,21.1,1.912,49.6,0,60,0,0,0,0,0,0,0,0,66
2025-09-28T00:22:51.278Z,60.2,21.1,1.912,50.4,0,60,0,0,0,0,0,0,0,0,66
2025-09-28T00:22:52.275Z,60.2,21.1,1.912,49.6,0,60,0,0,0,0,0,0,0,0,66
2025-09-28T00:22:53.279Z,60.2,21.1,1.912,49.6,0,60,0,0,0,0,0,0,0,0,66
2025-09-28T00:22:54.280Z,60.3,21.1,1.913,50.4,0,60,0,0,0,0,0,0,0,0,66
2025-09-28T00:22:55.280Z,60.3,21.1,1.912,50.4,0,60,0,0,0,0,0,0,0,0,66
2025-09-28T00:22:56.283Z,60.3,21.1,1.912,49.6,0,60,0,0,0,0,0,0,0,0,66
2025-09-28T00:22:57.281Z,60.3,21.1,1.912,50.4,0,60,0,0,0,0,0,0,0,0,66
2025-09-28T00:22:58.283Z,60.3,21.1,1.912,49.6,0,60,0,0,0,0,0,0,0,0,66
2025-09-28T00:22:59.289Z,60.3,21.1,1.912,50.4,0,60,0,0,0,0,0,0,0,0,66
2025-09-28T00:23:00.286Z,60.3,21.1,1.912,49.6,0,60,0,0,0,0,0,0,0,0,66
2025-09-28T00:23:01.286Z,60.3,21.1,1.912,49.6,0,60,0,0,0,0,0,0,0,0,66
2025-09-28T00:23:02.286Z,60.3,21.1,1.912,50.4,0,60,0,0,0,0,0,0,0,0,66
2025-09-28T00:23:03.289Z,60.3,21.1,1.912,49.6,0,60,0,0,0,0,0,0,0,0,66
2025-09-28T00:23:04.293Z,60.3,21.1,1.912,49.6,0,60,0,0,0,0,0,0,0,0,66
2025-09-28T00:23:05.295Z,60.3,21.1,1.912,50.4,0,60,0,0,0,0,0,0,0,0,66
2025-09-28T00:23:06.292Z,60.3,21.1,1.912,49.6,0,60,0,0,0,0,0,0,0,0,66
2025-09-28T00:23:07.291Z,60.3,21.1,1.912,49.6,0,60,0,0,0,0,0,0,0,0,66
2025-09-28T00:23:08.299Z,60.3,21.1,1.912,50.4,0,60,0,0,0,0,0,0,0,0,66
2025-09-28T00:23:09.294Z,60.3,21.1,1.912,49.6,0,60,0,0,0,0,0,0,0,0,66
2025-09-28T00:23:10.294Z,60.4,21.1,1.912,49.6,0,60,0,0,0,0,0,0,0,0,66
2025-09-28T00:23:11.292Z,60.4,21.1,1.912,50.4,0,60,0,0,0,0,0,0,0,0,66
2025-09-28T00:23:12.294Z,60.4,21.1,1.912,49.6,0,60,0,0,0,0,0,0,0,0,66
2025-09-28T00:23:13.301Z,60.4,21.1,1.912,49.6,0,60,0,0,0,0,0,0,0,0,66
2025-09-28T00:23:14.300Z,60.4,21.1,1.912,50.4,0,60,0,0,0,0,0,0,0,0,66
2025-09-28T00:23:15.299Z,60.4,21.1,1.912,50.4,0,60,0,0,0,0,0,0,0,0,66
2025-09-28T00:23:16.302Z,60.4,21.1,1.912,49.6,0,60,0,0,0,0,0,0,0,0,66
2025-09-28T00:23:17.302Z,60.4,21.1,1.912,50.4,0,60,0,0,0,0,0,0,0,0,66
2025-09-28T00:23:18.305Z,60.4,21.1,1.912,49.6,0,60,0,0,0,0,0,0,0,0,66
2025-09-28T00:23:19.310Z,60.4,21.1,1.912,49.6,0,60,0,0,0,0,0,0,0,0,66
2025-09-28T00:23:20.309Z,60.4,21.1,1.912,50.4,0,60,0,0,0,0,0,0,0,0,66
2025-09-28T00:23:21.314Z,60.4,21.1,1.912,49.6,0,60,0,0,0,0,0,0,0,0,66
2025-09-28T00:23:22.308Z,60.4,21.1,1.912,49.6,0,60,0,0,0,0,0,0,0,0,66
2025-09-28T00:23:23.307Z,60.4,21.1,1.912,50.4,0,60,0,0,0,0,0,0,0,0,66
2025-09-28T00:23:24.311Z,60.5,21.1,1.912,50.4,0,60,0,0,0,0,0,0,0,0,66
2025-09-28T00:23:25.310Z,60.5,21.1,1.912,49.6,0,60,0,0,0,0,0,0,0,0,66
2025-09-28T00:23:26.308Z,60.5,21.1,1.912,50.4,0,60,0,0,0,0,0,0,0,0,66
2025-09-28T00:23:27.310Z,60.5,21.1,1.912,50.4,0,60,0,0,0,0,0,0,0,0,66
2025-09-28T00:23:28.314Z,60.5,21.1,1.912,49.6,0,60,0,0,0,0,0,0,0,0,66
2025-09-28T00:23:29.318Z,60.5,21.1,1.912,50.4,0,60,0,0,0,0,0,0,0,0,66
2025-09-28T00:23:30.311Z,60.5,21.1,1.912,49.6,0,60,0,0,0,0,0,0,0,0,66
2025-09-28T00:23:31.314Z,60.5,21.1,1.912,50.4,0,60,0,0,0,0,0,0,0,0,66
2025-09-28T00:23:32.317Z,60.5,21.1,1.912,50.4,0,60,0,0,0,0,0,0,0,0,66
2025-09-28T00:23:33.316Z,60.5,21.1,1.912,49.6,0,60,0,0,0,0,0,0,0,0,66
2025-09-28T00:23:34.324Z,60.5,21.1,1.912,50.4,0,60,0,0,0,0,0,0,0,0,66
2025-09-28T00:23:35.324Z,60.5,21.1,1.912,49.6,0,60,0,0,0,0,0,0,0,0,66
2025-09-28T00:23:36.320Z,60.5,21.1,1.912,49.6,0,60,0,0,0,0,0,0,0,0,66
2025-09-28T00:23:37.322Z,60.5,21.1,1.912,50.4,0,60,0,0,0,0,0,0,0,0,66
2025-09-28T00:23:38.322Z,60.5,21.1,1.912,49.6,0,60,0,0,0,0,0,0,0,0,66
2025-09-28T00:23:39.325Z,60.6,21.1,1.912,50.4,0,60,0,0,0,0,0,0,0,0,66
2025-09-28T00:23:40.328Z,60.6,21.1,1.912,50.4,0,60,0,0,0,0,0,0,0,0,66
2025-09-28T00:23:41.326Z,60.6,21.1,1.912,49.6,0,60,0,0,0,0,0,0,0,0,66
2025-09-28T00:23:42.328Z,60.6,21.1,1.912,50.4,0,60,0,0,0,0,0,0,0,0,66
2025-09-28T00:23:43.334Z,60.6,21.1,1.912,49.6,0,60,0,0,0,0,0,0,0,0,66
2025-09-28T00:23:44.328Z,60.6,21.1,1.912,50.4,0,60,0,0,0,0,0,0,0,0,66
2025-09-28T00:23:45.331Z,60.6,21.1,1.912,49.6,0,60,0,0,0,0,0,0,0,0,66
2025-09-28T00:23:46.331Z,60.6,21.1,1.912,49.6,0,60,0,0,0,0,0,0,0,0,66
2025-09-28T00:23:47.337Z,60.6,21.1,1.912,50.4,0,60,0,0,0,0,0,0,0,0,66
2025-09-28T00:23:48.333Z,60.6,21.1,1.912,49.6,0,60,0,0,0,0,0,0,0,0,66
2025-09-28T00:23:49.332Z,60.6,21.1,1.912,49.6,0,60,0,0,0,0,0,0,0,0,66
2025-09-28T00:23:50.341Z,60.6,21.1,1.912,50.4,0,59.9,0,0,0,0,0,0,0,0,66
2025-09-28T00:23:51.337Z,60.6,21.1,1.912,50.4,0,59.9,0,0,0,0,0,0,0,0,66
2025-09-28T00:23:52.335Z,60.6,21.1,1.912,49.6,0,59.9,0,0,0,0,0,0,0,0,66
2025-09-28T00:23:53.334Z,60.6,21.1,1.912,50.4,0,59.9,0,0,0,0,0,0,0,0,66
2025-09-28T00:23:54.337Z,60.6,21.1,1.912,49.6,0,59.9,0,0,0,0,0,0,0,0,66
2025-09-28T00:23:55.336Z,60.6,21.1,1.912,49.6,0,59.9,0,0,0,0,0,0,0,0,66
2025-09-28T00:23:56.340Z,60.6,21.1,1.912,50.4,0,59.9,0,0,0,0,0,0,0,0,66
2025-09-28T00:23:57.344Z,60.6,21.1,1.912,49.6,0,59.9,0,0,0,0,0,0,0,0,66
2025-09-28T00:23:58.339Z,60.7,21.1,1.912,49.6,0,59.9,0,0,0,0,0,0,0,0,66
2025-09-28T00:23:59.340Z,60.7,21.1,1.912,50.4,0,59.9,0,0,0,0,0,0,0,0,66
2025-09-28T00:24:00.345Z,60.7,21.1,1.912,50.4,0,59.9,0,0,0,0,0,0,0,0,66
2025-09-28T00:24:01.342Z,60.7,21.1,1.912,49.6,0,59.9,0,0,0,0,0,0,0,0,66
2025-09-28T00:24:02.342Z,60.7,21.1,1.912,50.4,0,59.9,0,0,0,0,0,0,0,0,66
2025-09-28T00:24:03.347Z,60.7,21.1,1.912,49.6,0,59.8,0,0,0,0,0,0,0,0,66
2025-09-28T00:24:04.343Z,60.7,21.1,1.912,50.4,0,59.8,0,0,0,0,0,0,0,0,66
2025-09-28T00:24:05.348Z,60.7,21.1,1.912,50.4,0,59.8,0,0,0,0,0,0,0,0,66
2025-09-28T00:24:06.349Z,60.7,21.1,1.912,49.6,0,59.8,0,0,0,0,0,0,0,0,66
2025-09-28T00:24:07.352Z,60.7,21.1,1.912,50.4,0,59.8,0,0,0,0,0,0,0,0,66
2025-09-28T00:24:08.349Z,60.7,21.1,1.912,49.6,0,59.8,0,0,0,0,0,0,0,0,66
2025-09-28T00:24:09.352Z,60.7,21.1,1.912,50.4,0,59.8,0,0,0,0,0,0,0,0,66
2025-09-28T00:24:10.351Z,60.7,21.1,1.912,49.6,0,59.8,0,0,0,0,0,0,0,0,66
2025-09-28T00:24:11.355Z,60.7,21.1,1.912,50.4,0,59.8,0,0,0,0,0,0,0,0,66
2025-09-28T00:24:12.352Z,60.7,21.1,1.912,49.6,0,59.8,0,0,0,0,0,0,0,0,66
2025-09-28T00:24:13.356Z,60.7,21.1,1.912,49.6,0,59.8,0,0,0,0,0,0,0,0,66
2025-09-28T00:24:14.355Z,60.7,21.1,1.912,50.4,0,59.8,0,0,0,0,0,0,0,0,66
2025-09-28T00:24:15.359Z,60.7,21.1,1.912,49.6,0,59.8,0,0,0,0,0,0,0,0,66
2025-09-28T00:24:16.359Z,60.7,21.1,1.912,50.4,0,59.7,0,0,0,0,0,0,0,0,66
2025-09-28T00:24:17.363Z,60.7,21.1,1.912,50.4,0,59.7,0,0,0,0,0,0,0,0,66
2025-09-28T00:24:18.356Z,60.8,21.1,1.912,49.6,0,59.7,0,0,0,0,0,0,0,0,66
2025-09-28T00:24:19.365Z,60.8,21.1,1.912,50.4,0,59.7,0,0,0,0,0,0,0,0,66
2025-09-28T00:24:20.363Z,60.8,21.1,1.912,49.6,0,59.7,0,0,0,0,0,0,0,0,66
2025-09-28T00:24:21.362Z,60.8,21.1,1.912,50.4,0,59.7,0,0,0,0,0,0,0,0,66
2025-09-28T00:24:22.361Z,60.8,21.1,1.912,49.6,0,59.7,0,0,0,0,0,0,0,0,66
2025-09-28T00:24:23.364Z,60.8,21.1,1.912,50.4,0,59.7,0,0,0,0,0,0,0,0,66
2025-09-28T00:24:24.364Z,60.8,21.1,1.912,49.6,0,59.7,0,0,0,0,0,0,0,0,66
2025-09-28T00:24:25.361Z,60.8,21.1,1.912,50.4,0,59.7,0,0,0,0,0,0,0,0,66
2025-09-28T00:24:26.363Z,60.8,21.1,1.912,49.6,0,59.7,0,0,0,0,0,0,0,0,66
2025-09-28T00:24:27.369Z,60.8,21.1,1.912,50.4,0,59.7,0,0,0,0,0,0,0,0,66
2025-09-28T00:24:28.367Z,60.8,21.1,1.912,49.6,0,59.7,0,0,0,0,0,0,0,0,66
2025-09-28T00:24:29.369Z,60.8,21.1,1.912,49.6,0,59.7,0,0,0,0,0,0,0,0,66
2025-09-28T00:24:30.374Z,60.8,21.1,1.912,50.4,0,59.7,0,0,0,0,0,0,0,0,66
2025-09-28T00:24:31.370Z,60.8,21.1,1.912,49.6,0,59.7,0,0,0,0,0,0,0,0,66
2025-09-28T00:24:32.372Z,60.8,21.1,1.912,50.4,0,59.7,0,0,0,0,0,0,0,0,66
2025-09-28T00:24:33.371Z,60.8,21.1,1.912,49.6,0,59.7,0,0,0,0,0,0,0,0,66
2025-09-28T00:24:34.375Z,60.8,21.1,1.912,49.6,0,59.7,0,0,0,0,0,0,0,0,66
2025-09-28T00:24:35.376Z,60.8,21.1,1.912,50.4,0,59.7,0,0,0,0,0,0,0,0,66
2025-09-28T00:24:36.378Z,60.8,21.1,1.912,49.6,0,59.7,0,0,0,0,0,0,0,0,66
2025-09-28T00:24:37.382Z,60.8,21.1,1.912,49.6,0,59.6,0,0,0,0,0,0,0,0,66
2025-09-28T00:24:38.375Z,60.8,21.1,1.912,50.4,0,59.6,0,0,0,0,0,0,0,0,66
2025-09-28T00:24:39.386Z,60.8,21.1,1.912,49.6,0,59.6,0,0,0,0,0,0,0,0,66
2025-09-28T00:24:40.382Z,60.8,21.1,1.912,50.4,0,59.6,0,0,0,0,0,0,0,0,66
2025-09-28T00:24:41.381Z,60.8,21.1,1.912,49.6,0,59.6,0,0,0,0,0,0,0,0,66
2025-09-28T00:24:42.378Z,60.8,21.1,1.912,49.6,0,59.6,0,0,0,0,0,0,0,0,66
2025-09-28T00:24:43.388Z,60.9,21.1,1.912,50.4,0,59.6,0,0,0,0,0,0,0,0,66
2025-09-28T00:24:44.384Z,60.8,21.1,1.912,49.6,0,59.6,0,0,0,0,0,0,0,0,66
2025-09-28T00:24:45.383Z,60.9,21.1,1.912,50.4,0,59.6,0,0,0,0,0,0,0,0,66
2025-09-28T00:24:46.387Z,60.9,21.1,1.912,49.6,0,59.6,0,0,0,0,0,0,0,0,66
2025-09-28T00:24:47.386Z,60.9,21.1,1.912,49.6,0,59.6,0,0,0,0,0,0,0,0,66
2025-09-28T00:24:48.386Z,60.9,21.1,1.912,50.4,0,59.6,0,0,0,0,0,0,0,0,66
2025-09-28T00:24:49.387Z,60.9,21.1,1.912,49.6,0,59.6,0,0,0,0,0,0,0,0,66
2025-09-28T00:24:50.387Z,60.9,21.1,1.912,49.6,0,59.6,0,0,0,0,0,0,0,0,66
2025-09-28T00:24:51.390Z,60.9,21.1,1.912,50.4,0,59.6,0,0,0,0,0,0,0,0,66
2025-09-28T00:24:52.390Z,60.9,21.1,1.912,49.6,0,59.6,0,0,0,0,0,0,0,0,66
2025-09-28T00:24:53.389Z,60.9,21.1,1.912,49.6,0,59.6,0,0,0,0,0,0,0,0,66
2025-09-28T00:24:54.391Z,60.9,21.1,1.912,50.4,0,59.6,0,0,0,0,0,0,0,0,66
2025-09-28T00:24:55.394Z,60.9,21.1,1.912,50.4,0,59.6,0,0,0,0,0,0,0,0,66
2025-09-28T00:24:56.396Z,60.9,21.1,1.912,49.6,0,59.6,0,0,0,0,0,0,0,0,66
2025-09-28T00:24:57.393Z,60.9,21.1,1.912,50.4,0,59.6,0,0,0,0,0,0,0,0,66
2025-09-28T00:24:58.392Z,60.9,21.1,1.912,50.4,0,59.6,0,0,0,0,0,0,0,0,66
2025-09-28T00:24:59.402Z,60.9,21.1,1.912,49.6,0,59.6,0,0,0,0,0,0,0,0,66
2025-09-28T00:25:00.400Z,60.9,21.1,1.912,50.4,0,59.6,0,0,0,0,0,0,0,0,66
2025-09-28T00:25:01.399Z,60.9,21.1,1.912,49.6,0,59.6,0,0,0,0,0,0,0,0,66
2025-09-28T00:25:02.400Z,60.9,21.1,1.912,50.4,0,59.6,0,0,0,0,0,0,0,0,66
2025-09-28T00:25:03.403Z,60.9,21.1,1.912,50.4,0,59.6,0,0,0,0,0,0,0,0,66
2025-09-28T00:25:04.402Z,60.9,21.1,1.912,49.6,0,59.6,0,0,0,0,0,0,0,0,66
2025-09-28T00:25:05.402Z,60.9,21.1,1.912,50.4,0,59.6,0,0,0,0,0,0,0,0,66
2025-09-28T00:25:06.399Z,60.9,21.1,1.912,49.6,0,59.6,0,0,0,0,0,0,0,0,66
2025-09-28T00:25:07.407Z,60.9,21.1,1.912,50.4,0,59.6,0,0,0,0,0,0,0,0,66
2025-09-28T00:25:08.403Z,60.9,21.1,1.912,49.6,0,59.6,0,0,0,0,0,0,0,0,66
2025-09-28T00:25:09.406Z,60.9,21.1,1.912,50.4,0,59.6,0,0,0,0,0,0,0,0,66
2025-09-28T00:25:10.408Z,60.9,21.1,1.912,49.6,0,59.6,0,0,0,0,0,0,0,0,66
2025-09-28T00:25:11.417Z,60.9,21.1,1.912,50.4,0,59.6,0,0,0,0,0,0,0,0,66
2025-09-28T00:25:12.411Z,60.9,21.1,1.912,50.4,0,59.6,0,0,0,0,0,0,0,0,66
2025-09-28T00:25:13.414Z,60.9,21.1,1.912,49.6,0,59.6,0,0,0,0,0,0,0,0,66
2025-09-28T00:25:14.411Z,60.9,21.1,1.912,49.6,0,59.6,0,0,0,0,0,0,0,0,66
2025-09-28T00:25:15.425Z,60.9,21.1,1.912,49.6,0,59.6,0,0,0,0,0,0,0,0,66
2025-09-28T00:25:16.423Z,60.9,21.1,1.912,50.4,0,59.6,0,0,0,0,0,0,0,0,66
2025-09-28T00:25:17.417Z,60.9,21.1,1.912,49.6,0,59.6,0,0,0,0,0,0,0,0,66
2025-09-28T00:25:18.416Z,60.9,21.1,1.912,50.4,0,59.6,0,0,0,0,0,0,0,0,66
2025-09-28T00:25:19.417Z,60.9,21.1,1.912,50.4,0,59.6,0,0,0,0,0,0,0,0,66
2025-09-28T00:25:20.419Z,60.9,21.1,1.912,49.6,0,59.6,0,0,0,0,0,0,0,0,66
2025-09-28T00:25:21.417Z,60.9,21.1,1.912,49.6,0,59.6,0,0,0,0,0,0,0,0,66
2025-09-28T00:25:22.423Z,60.9,21.1,1.912,49.6,0,59.6,0,0,0,0,0,0,0,0,66
2025-09-28T00:25:23.414Z,60.9,21.1,1.912,50.4,0,59.6,0,0,0,0,0,0,0,0,66
2025-09-28T00:25:24.419Z,60.9,21.1,1.912,49.6,0,59.5,0,0,0,0,0,0,0,0,66
2025-09-28T00:25:25.422Z,60.9,21.1,1.912,49.6,0,59.5,0,0,0,0,0,0,0,0,66
2025-09-28T00:25:26.418Z,60.9,21.1,1.912,50.4,0,59.6,0,0,0,0,0,0,0,0,66
2025-09-28T00:25:27.419Z,60.9,21.1,1.912,49.6,0,59.6,0,0,0,0,0,0,0,0,66
2025-09-28T00:25:28.425Z,60.9,21.1,1.912,50.4,0,59.6,0,0,0,0,0,0,0,0,66
2025-09-28T00:25:29.421Z,60.9,21.1,1.912,50.4,0,59.5,0,0,0,0,0,0,0,0,66
2025-09-28T00:25:30.428Z,60.9,21.1,1.912,49.6,0,59.5,0,0,0,0,0,0,0,0,66
2025-09-28T00:25:31.427Z,60.9,21.1,1.912,50.4,0,59.5,0,0,0,0,0,0,0,0,66
2025-09-28T00:25:32.427Z,60.9,21.1,1.912,49.6,0,59.5,0,0,0,0,0,0,0,0,66
2025-09-28T00:25:33.426Z,60.9,21.1,1.912,50.4,0,59.5,0,0,0,0,0,0,0,0,66
2025-09-28T00:25:34.428Z,60.9,21.1,1.912,49.6,0,59.5,0,0,0,0,0,0,0,0,66
2025-09-28T00:25:35.431Z,60.9,21.1,1.912,49.6,0,59.5,0,0,0,0,0,0,0,0,66
2025-09-28T00:25:36.429Z,60.9,21.1,1.912,50.4,0,59.5,0,0,0,0,0,0,0,0,66
2025-09-28T00:25:37.431Z,60.9,21.1,1.912,49.6,0,59.5,0,0,0,0,0,0,0,0,66
2025-09-28T00:25:38.429Z,60.9,21.1,1.912,49.6,0,59.5,0,0,0,0,0,0,0,0,66
2025-09-28T00:25:39.435Z,60.9,21.1,1.912,50.4,0,59.5,0,0,0,0,0,0,0,0,66
2025-09-28T00:25:40.433Z,60.9,21.1,1.912,49.6,0,59.5,0,0,0,0,0,0,0,0,66
2025-09-28T00:25:41.433Z,60.9,21.1,1.912,49.6,0,59.5,0,0,0,0,0,0,0,0,66
2025-09-28T00:25:42.433Z,60.9,21.1,1.912,50.4,0,59.5,0,0,0,0,0,0,0,0,66
2025-09-28T00:25:43.436Z,60.9,21.1,1.912,49.6,0,59.5,0,0,0,0,0,0,0,0,66
2025-09-28T00:25:44.438Z,60.9,21.1,1.912,50.4,0,59.5,0,0,0,0,0,0,0,0,66
2025-09-28T00:25:45.439Z,60.9,21.1,1.912,50.4,0,59.5,0,0,0,0,0,0,0,0,66
2025-09-28T00:25:46.437Z,60.9,21.1,1.912,49.6,0,59.5,0,0,0,0,0,0,0,0,66
2025-09-28T00:25:47.438Z,60.9,21.1,1.912,50.4,0,59.5,0,0,0,0,0,0,0,0,66
2025-09-28T00:25:48.435Z,60.9,21.1,1.912,49.6,0,59.5,0,0,0,0,0,0,0,0,66
2025-09-28T00:25:49.438Z,60.9,21.1,1.912,50.4,0,59.5,0,0,0,0,0,0,0,0,66
2025-09-28T00:25:50.443Z,60.9,21.1,1.912,49.6,0,59.5,0,0,0,0,0,0,0,0,66
2025-09-28T00:25:51.439Z,60.9,21.1,1.912,49.6,0,59.5,0,0,0,0,0,0,0,0,66
2025-09-28T00:25:52.438Z,60.9,21.1,1.912,50.4,0,59.5,0,0,0,0,0,0,0,0,66
2025-09-28T00:25:53.442Z,60.9,21.1,1.912,49.6,0,59.5,0,0,0,0,0,0,0,0,66
2025-09-28T00:25:54.440Z,60.9,21.1,1.912,50.4,0,59.5,0,0,0,0,0,0,0,0,66
2025-09-28T00:25:55.444Z,60.9,21.1,1.912,50.4,0,59.5,0,0,0,0,0,0,0,0,66
2025-09-28T00:25:56.441Z,60.9,21.1,1.912,49.6,0,59.5,0,0,0,0,0,0,0,0,66
2025-09-28T00:25:57.444Z,60.9,21.1,1.912,49.6,0,59.5,0,0,0,0,0,0,0,0,66
2025-09-28T00:25:58.452Z,60.9,21.1,1.912,49.6,0,59.5,0,0,0,0,0,0,0,0,66
2025-09-28T00:25:59.446Z,60.9,21.1,1.912,50.4,0,59.5,0,0,0,0,0,0,0,0,66
2025-09-28T00:26:00.451Z,60.9,21.1,1.912,50.4,0,59.5,0,0,0,0,0,0,0,0,66
2025-09-28T00:26:01.452Z,60.9,21.1,1.912,49.6,0,59.5,0,0,0,0,0,0,0,0,66
2025-09-28T00:26:02.452Z,60.9,21.1,1.912,50.4,0,59.5,0,0,0,0,0,0,0,0,66
2025-09-28T00:26:03.452Z,60.9,21.1,1.912,49.6,0,59.5,0,0,0,0,0,0,0,0,66
2025-09-28T00:26:04.451Z,60.9,21.1,1.912,50.4,0,59.5,0,0,0,0,0,0,0,0,66
2025-09-28T00:26:05.452Z,60.9,21.1,1.912,49.6,0,59.5,0,0,0,0,0,0,0,0,66
2025-09-28T00:26:06.455Z,60.9,21.1,1.912,50.4,0,59.5,0,0,0,0,0,0,0,0,66
2025-09-28T00:26:07.456Z,60.9,21.1,1.912,49.6,0,59.5,0,0,0,0,0,0,0,0,66
2025-09-28T00:26:08.457Z,60.8,21.1,1.912,49.6,0,59.5,0,0,0,0,0,0,0,0,66
2025-09-28T00:26:09.455Z,60.8,21.1,1.912,50.4,0,59.5,0,0,0,0,0,0,0,0,66
2025-09-28T00:26:10.455Z,60.8,21.1,1.912,49.6,0,59.5,0,0,0,0,0,0,0,0,66
2025-09-28T00:26:11.458Z,60.8,21.1,1.912,50.4,0,59.5,0,0,0,0,0,0,0,0,66
2025-09-28T00:26:12.461Z,60.8,21.1,1.912,49.6,0,59.5,0,0,0,0,0,0,0,0,66
2025-09-28T00:26:13.461Z,60.8,21.1,1.912,50.4,0,59.5,0,0,0,0,0,0,0,0,66
2025-09-28T00:26:14.461Z,60.8,21.1,1.912,49.6,0,59.5,0,0,0,0,0,0,0,0,66
2025-09-28T00:26:15.460Z,60.8,21.1,1.912,49.6,0,59.5,0,0,0,0,0,0,0,0,66
2025-09-28T00:26:16.467Z,60.8,21.1,1.912,50.4,0,59.5,0,0,0,0,0,0,0,0,66
2025-09-28T00:26:17.465Z,60.8,21.1,1.913,49.6,0,59.5,0,0,0,0,0,0,0,0,66
2025-09-28T00:26:18.464Z,60.8,21.1,1.912,49.6,0,59.5,0,0,0,0,0,0,0,0,66
2025-09-28T00:26:19.465Z,60.8,21.1,1.912,50.4,0,59.5,0,0,0,0,0,0,0,0,66
2025-09-28T00:26:20.467Z,60.8,21.1,1.912,49.6,0,59.5,0,0,0,0,0,0,0,0,66
2025-09-28T00:26:21.467Z,60.8,21.1,1.912,49.6,0,59.5,0,0,0,0,0,0,0,0,66
2025-09-28T00:26:22.462Z,60.8,21.1,1.912,50.4,0,59.5,0,0,0,0,0,0,0,0,66
2025-09-28T00:26:23.470Z,60.8,21.1,1.913,49.6,0,59.5,0,0,0,0,0,0,0,0,66
2025-09-28T00:26:24.469Z,60.8,21.1,1.912,50.4,0,59.5,0,0,0,0,0,0,0,0,66
2025-09-28T00:26:25.472Z,60.8,21.1,1.913,50.4,0,59.5,0,0,0,0,0,0,0,0,66
2025-09-28T00:26:26.468Z,60.8,21.1,1.913,49.6,0,59.5,0,0,0,0,0,0,0,0,66
2025-09-28T00:26:27.473Z,60.8,21.1,1.913,50.4,0,59.5,0,0,0,0,0,0,0,0,66
2025-09-28T00:26:28.467Z,60.8,21.1,1.912,49.6,0,59.5,0,0,0,0,0,0,0,0,66
2025-09-28T00:26:29.466Z,60.8,21.1,1.912,49.6,0,59.5,0,0,0,0,0,0,0,0,66
2025-09-28T00:26:30.469Z,60.8,21.1,1.912,50.4,0,59.5,0,0,0,0,0,0,0,0,66
2025-09-28T00:26:31.471Z,60.8,21.1,1.913,50.4,0,59.5,0,0,0,0,0,0,0,0,66
2025-09-28T00:26:32.475Z,60.8,21.1,1.913,49.6,0,59.5,0,0,0,0,0,0,0,0,66
2025-09-28T00:26:33.477Z,60.8,21.1,1.913,50.4,0,59.5,0,0,0,0,0,0,0,0,66
2025-09-28T00:26:34.477Z,60.7,21.1,1.913,49.6,0,59.5,0,0,0,0,0,0,0,0,66
2025-09-28T00:26:35.481Z,60.7,21.1,1.913,49.6,0,59.5,0,0,0,0,0,0,0,0,66
2025-09-28T00:26:36.481Z,60.7,21.1,1.913,50.4,0,59.5,0,0,0,0,0,0,0,0,66
2025-09-28T00:26:37.479Z,60.7,21.1,1.914,50.4,0,59.5,0,0,0,0,0,0,0,0,66
2025-09-28T00:26:38.476Z,60.7,21.1,1.913,49.6,0,59.5,0,0,0,0,0,0,0,0,66
2025-09-28T00:26:39.481Z,60.7,21.1,1.913,50.4,0,59.5,0,0,0,0,0,0,0,0,66
2025-09-28T00:26:40.481Z,60.7,21.1,1.914,50.4,0,59.5,0,0,0,0,0,0,0,0,66
2025-09-28T00:26:41.480Z,60.7,21.1,1.914,49.6,0,59.5,0,0,0,0,0,0,0,0,66
2025-09-28T00:26:42.481Z,60.7,21.1,1.913,50.4,0,59.5,0,0,0,0,0,0,0,0,66
2025-09-28T00:26:43.481Z,60.7,21.1,1.913,49.6,0,59.5,0,0,0,0,0,0,0,0,66
2025-09-28T00:26:44.485Z,60.7,21.1,1.914,50.4,0,59.5,0,0,0,0,0,0,0,0,66
2025-09-28T00:26:45.481Z,60.7,21.1,1.913,49.6,0,59.5,0,0,0,0,0,0,0,0,66
2025-09-28T00:26:46.486Z,60.7,21.1,1.914,50.4,0,59.5,0,0,0,0,0,0,0,0,66
2025-09-28T00:26:47.487Z,60.7,21.1,1.914,49.6,0,59.5,0,0,0,0,0,0,0,0,66
2025-09-28T00:26:48.493Z,60.7,21.1,1.914,50.4,0,59.5,0,0,0,0,0,0,0,0,66
2025-09-28T00:26:49.489Z,60.7,21.1,1.914,49.6,0,59.5,0,0,0,0,0,0,0,0,66
2025-09-28T00:26:50.492Z,60.7,21.1,1.914,49.6,0,59.5,0,0,0,0,0,0,0,0,66
2025-09-28T00:26:51.490Z,60.7,21.1,1.914,50.4,0,59.5,0,0,0,0,0,0,0,0,66
2025-09-28T00:26:52.490Z,60.7,21.1,1.914,49.6,0,59.5,0,0,0,0,0,0,0,0,66
2025-09-28T00:26:53.488Z,60.7,21.1,1.914,49.6,0,59.5,0,0,0,0,0,0,0,0,66
2025-09-28T00:26:54.491Z,60.7,21.1,1.914,50.4,0,59.5,0,0,0,0,0,0,0,0,66
2025-09-28T00:26:55.494Z,60.7,21.1,1.914,50.4,0,59.5,0,0,0,0,0,0,0,0,66
2025-09-28T00:26:56.492Z,60.7,21.1,1.914,49.6,0,59.5,0,0,0,0,0,0,0,0,66
2025-09-28T00:26:57.489Z,60.6,21.1,1.914,50.4,0,59.5,0,0,0,0,0,0,0,0,66
2025-09-28T00:26:58.491Z,60.6,21.1,1.914,49.6,0,59.5,0,0,0,0,0,0,0,0,66
2025-09-28T00:26:59.494Z,60.6,21.1,1.914,50.4,0,59.5,0,0,0,0,0,0,0,0,66
2025-09-28T00:27:00.499Z,60.6,21.1,1.914,49.6,0,59.5,0,0,0,0,0,0,0,0,66
2025-09-28T00:27:01.494Z,60.6,21.1,1.914,50.4,0,59.5,0,0,0,0,0,0,0,0,66
2025-09-28T00:27:02.498Z,60.6,21.1,1.914,49.6,0,59.5,0,0,0,0,0,0,0,0,66
2025-09-28T00:27:03.504Z,60.6,21.1,1.914,50.4,0,59.5,0,0,0,0,0,0,0,0,66
2025-09-28T00:27:04.499Z,60.6,21.1,1.914,49.6,0,59.5,0,0,0,0,0,0,0,0,66
2025-09-28T00:27:05.500Z,60.6,21.1,1.914,49.6,0,59.5,0,0,0,0,0,0,0,0,66
2025-09-28T00:27:06.497Z,60.6,21.1,1.913,50.4,0,59.5,0,0,0,0,0,0,0,0,66
2025-09-28T00:27:07.502Z,60.6,21.1,1.914,49.6,0,59.5,0,0,0,0,0,0,0,0,66
2025-09-28T00:27:08.501Z,60.6,21.1,1.914,49.6,0,59.5,0,0,0,0,0,0,0,0,66
2025-09-28T00:27:09.508Z,60.6,21.1,1.914,50.4,0,59.5,0,0,0,0,0,0,0,0,66
2025-09-28T00:27:10.500Z,60.6,21.1,1.913,49.6,0,59.5,0,0,0,0,0,0,0,0,66
2025-09-28T00:27:11.506Z,60.6,21.1,1.914,49.6,0,59.5,0,0,0,0,0,0,0,0,66
2025-09-28T00:27:12.502Z,60.6,21.1,1.913,50.4,0,59.5,0,0,0,0,0,0,0,0,66
2025-09-28T00:27:13.504Z,60.6,21.1,1.914,50.4,0,59.5,0,0,0,0,0,0,0,0,66
2025-09-28T00:27:14.506Z,60.6,21.1,1.914,49.6,0,59.5,0,0,0,0,0,0,0,0,66
2025-09-28T00:27:15.507Z,60.6,21.1,1.914,50.4,0,59.5,0,0,0,0,0,0,0,0,66
2025-09-28T00:27:16.510Z,60.6,21.1,1.914,49.6,0,59.5,0,0,0,0,0,0,0,0,66
2025-09-28T00:27:17.509Z,60.5,21.1,1.914,50.4,0,59.5,0,0,0,0,0,0,0,0,66
2025-09-28T00:27:18.508Z,60.5,21.1,1.914,50.4,0,59.5,0,0,0,0,0,0,0,0,66
2025-09-28T00:27:19.510Z,60.5,21.1,1.914,49.6,0,59.5,0,0,0,0,0,0,0,0,66
2025-09-28T00:27:20.517Z,60.5,21.1,1.915,50.4,0,59.5,0,0,0,0,0,0,0,0,66
2025-09-28T00:27:21.516Z,60.5,21.1,1.915,49.6,0,59.5,0,0,0,0,0,0,0,0,66
2025-09-28T00:27:22.514Z,60.5,21.1,1.914,50.4,0,59.5,0,0,0,0,0,0,0,0,66
2025-09-28T00:27:23.517Z,60.5,21.1,1.914,49.6,0,59.5,0,0,0,0,0,0,0,0,66
2025-09-28T00:27:24.511Z,60.5,21.1,1.914,50.4,0,59.5,0,0,0,0,0,0,0,0,66
2025-09-28T00:27:25.515Z,60.5,21.1,1.915,49.6,0,59.5,0,0,0,0,0,0,0,0,66
2025-09-28T00:27:26.515Z,60.5,21.1,1.915,49.6,0,59.5,0,0,0,0,0,0,0,0,66
2025-09-28T00:27:27.517Z,60.5,21.1,1.915,50.4,0,59.5,0,0,0,0,0,0,0,0,66
2025-09-28T00:27:28.516Z,60.5,21.1,1.915,49.6,0,59.5,0,0,0,0,0,0,0,0,66
2025-09-28T00:27:29.519Z,60.5,21.1,1.915,50.4,0,59.5,0,0,0,0,0,0,0,0,66
2025-09-28T00:27:30.516Z,60.5,21.1,1.915,50.4,0,59.5,0,0,0,0,0,0,0,0,66
2025-09-28T00:27:31.518Z,60.5,21.1,1.915,49.6,0,59.5,0,0,0,0,0,0,0,0,66
2025-09-28T00:27:32.519Z,60.5,21.1,1.915,50.4,0,59.5,0,0,0,0,0,0,0,0,66
2025-09-28T00:27:33.521Z,60.5,21.1,1.915,49.6,0,59.5,0,0,0,0,0,0,0,0,66
2025-09-28T00:27:34.522Z,60.5,21.1,1.915,50.4,0,59.5,0,0,0,0,0,0,0,0,66
2025-09-28T00:27:35.523Z,60.5,21.1,1.915,49.6,0,59.5,0,0,0,0,0,0,0,0,66
2025-09-28T00:27:36.525Z,60.5,21.1,1.915,50.4,0,59.5,0,0,0,0,0,0,0,0,66
2025-09-28T00:27:37.523Z,60.4,21.1,1.915,49.6,0,59.5,0,0,0,0,0,0,0,0,66
2025-09-28T00:27:38.523Z,60.4,21.1,1.915,50.4,0,59.5,0,0,0,0,0,0,0,0,66
2025-09-28T00:27:39.528Z,60.4,21.1,1.915,49.6,0,59.5,0,0,0,0,0,0,0,0,66
2025-09-28T00:27:40.525Z,60.4,21.1,1.915,50.4,0,59.5,0,0,0,0,0,0,0,0,66
2025-09-28T00:27:41.527Z,60.4,21.1,1.915,49.6,0,59.5,0,0,0,0,0,0,0,0,66
2025-09-28T00:27:42.529Z,60.4,21.1,1.915,50.4,0,59.5,0,0,0,0,0,0,0,0,66
2025-09-28T00:27:43.529Z,60.4,21.1,1.915,49.6,0,59.5,0,0,0,0,0,0,0,0,66
2025-09-28T00:27:44.530Z,60.4,21.1,1.915,50.4,0,59.5,0,0,0,0,0,0,0,0,66
2025-09-28T00:27:45.533Z,60.4,21.1,1.914,49.6,0,59.5,0,0,0,0,0,0,0,0,66
2025-09-28T00:27:46.535Z,60.4,21.1,1.915,50.4,0,59.5,0,0,0,0,0,0,0,0,66
2025-09-28T00:27:47.536Z,60.4,21.1,1.915,49.6,0,59.5,0,0,0,0,0,0,0,0,66
2025-09-28T00:27:48.540Z,60.4,21.1,1.915,50.4,0,59.5,0,0,0,0,0,0,0,0,66
2025-09-28T00:27:49.538Z,60.4,21.1,1.915,49.6,0,59.5,0,0,0,0,0,0,0,0,66
2025-09-28T00:27:50.536Z,60.4,21.1,1.915,50.4,0,59.5,0,0,0,0,0,0,0,0,66
2025-09-28T00:27:51.546Z,60.4,21.1,1.915,49.6,0,59.5,0,0,0,0,0,0,0,0,66
2025-09-28T00:27:52.536Z,60.4,21.1,1.915,50.4,0,59.5,0,0,0,0,0,0,0,0,66
2025-09-28T00:27:53.541Z,60.4,21.1,1.915,49.6,0,59.5,0,0,0,0,0,0,0,0,66
2025-09-28T00:27:54.535Z,60.4,21.1,1.915,50.4,0,59.5,0,0,0,0,0,0,0,0,66
2025-09-28T00:27:55.539Z,60.4,21.1,1.915,49.6,0,59.5,0,0,0,0,0,0,0,0,66
2025-09-28T00:27:56.544Z,60.3,21.1,1.915,50.4,0,59.5,0,0,0,0,0,0,0,0,66
2025-09-28T00:27:57.539Z,60.3,21.1,1.915,49.6,0,59.5,0,0,0,0,0,0,0,0,66
2025-09-28T00:27:58.542Z,60.3,21.1,1.915,50.4,0,59.5,0,0,0,0,0,0,0,0,66
2025-09-28T00:27:59.545Z,60.3,21.1,1.915,49.6,0,59.5,0,0,0,0,0,0,0,0,66
2025-09-28T00:28:00.547Z,60.3,21.1,1.915,50.4,0,59.5,0,0,0,0,0,0,0,0,66
2025-09-28T00:28:01.548Z,60.3,21.1,1.915,49.6,0,59.5,0,0,0,0,0,0,0,0,66
2025-09-28T00:28:02.547Z,60.3,21.1,1.915,50.4,0,59.5,0,0,0,0,0,0,0,0,66
2025-09-28T00:28:03.547Z,60.3,21.1,1.915,49.6,0,59.5,0,0,0,0,0,0,0,0,66
2025-09-28T00:28:04.551Z,60.3,21.1,1.915,50.4,0,59.5,0,0,0,0,0,0,0,0,66
2025-09-28T00:28:05.549Z,60.3,21.1,1.915,49.6,0,59.5,0,0,0,0,0,0,0,0,66
2025-09-28T00:28:06.550Z,60.3,21.1,1.915,50.4,0,59.5,0,0,0,0,0,0,0,0,66
2025-09-28T00:28:07.555Z,60.3,21.1,1.915,49.6,0,59.5,0,0,0,0,0,0,0,0,66
2025-09-28T00:28:08.557Z,60.3,21.1,1.915,50.4,0,59.5,0,0,0,0,0,0,0,0,66
2025-09-28T00:28:09.555Z,60.3,21.1,1.915,49.6,0,59.5,0,0,0,0,0,0,0,0,66
2025-09-28T00:28:10.558Z,60.3,21.1,1.915,50.4,0,59.5,0,0,0,0,0,0,0,0,66
2025-09-28T00:28:11.555Z,60.3,21.1,1.915,49.6,0,59.5,0,0,0,0,0,0,0,0,66
2025-09-28T00:28:12.564Z,60.3,21.1,1.915,50.4,0,59.5,0,0,0,0,0,0,0,0,66
2025-09-28T00:28:13.559Z,60.3,21.1,1.915,49.6,0,59.5,0,0,0,0,0,0,0,0,66
2025-09-28T00:28:14.565Z,60.2,21.1,1.915,50.4,0,59.5,0,0,0,0,0,0,0,0,66
2025-09-28T00:28:15.564Z,60.2,21.1,1.915,49.6,0,59.5,0,0,0,0,0,0,0,0,66
2025-09-28T00:28:16.561Z,60.2,21.1,1.915,50.4,0,59.5,0,0,0,0,0,0,0,0,66
2025-09-28T00:28:17.562Z,60.2,21.1,1.915,49.6,0,59.5,0,0,0,0,0,0,0,0,66
2025-09-28T00:28:18.564Z,60.2,21.1,1.915,50.4,0,59.5,0,0,0,0,0,0,0,0,66
2025-09-28T00:28:19.567Z,60.2,21.1,1.915,49.6,0,59.5,0,0,0,0,0,0,0,0,66
2025-09-28T00:28:20.572Z,60.2,21.1,1.916,50.4,0,59.5,0,0,0,0,0,0,0,0,66
2025-09-28T00:28:21.568Z,60.2,21.1,1.915,49.6,0,59.5,0,0,0,0,0,0,0,0,66
2025-09-28T00:28:22.568Z,60.2,21.1,1.915,50.4,0,59.5,0,0,0,0,0,0,0,0,66
2025-09-28T00:28:23.569Z,60.2,21.1,1.915,49.6,0,59.5,0,0,0,0,0,0,0,0,66
2025-09-28T00:28:24.573Z,60.2,21.1,1.916,50.4,0,59.5,0,0,0,0,0,0,0,0,66
2025-09-28T00:28:25.569Z,60.2,21.1,1.915,49.6,0,59.5,0,0,0,0,0,0,0,0,66
2025-09-28T00:28:26.570Z,60.2,21.1,1.915,50.4,0,59.5,0,0,0,0,0,0,0,0,66
2025-09-28T00:28:27.572Z,60.2,21.1,1.916,49.6,0,59.5,0,0,0,0,0,0,0,0,66
2025-09-28T00:28:28.573Z,60.2,21.1,1.916,50.4,0,59.5,0,0,0,0,0,0,0,0,66
2025-09-28T00:28:29.575Z,60.2,21.1,1.916,49.6,0,59.5,0,0,0,0,0,0,0,0,66
2025-09-28T00:28:30.575Z,60.2,21.1,1.916,50.4,0,59.5,0,0,0,0,0,0,0,0,66
2025-09-28T00:28:31.577Z,60.2,21.1,1.916,49.6,0,59.5,0,0,0,0,0,0,0,0,66
2025-09-28T00:28:32.575Z,60.1,21.1,1.915,50.4,0,59.5,0,0,0,0,0,0,0,0,66
2025-09-28T00:28:33.576Z,60.1,21.1,1.917,49.6,0,59.5,0,0,0,0,0,0,0,0,66
2025-09-28T00:28:34.580Z,60.1,21.1,1.916,50.4,0,59.5,0,0,0,0,0,0,0,0,66
2025-09-28T00:28:35.582Z,60.1,21.1,1.917,49.6,0,59.6,0,0,0,0,0,0,0,0,66
2025-09-28T00:28:36.585Z,60.1,21.1,1.916,50.4,0,59.6,0,0,0,0,0,0,0,0,66
2025-09-28T00:28:37.582Z,60.1,21.1,1.917,49.6,0,59.6,0,0,0,0,0,0,0,0,66
2025-09-28T00:28:38.584Z,60.1,21.1,1.916,49.6,0,59.6,0,0,0,0,0,0,0,0,66
2025-09-28T00:28:39.586Z,60.1,21.1,1.917,49.6,0,59.6,0,0,0,0,0,0,0,0,66
2025-09-28T00:28:40.589Z,60.1,21.1,1.916,50.4,0,59.6,0,0,0,0,0,0,0,0,66
2025-09-28T00:28:41.584Z,60.1,21.1,1.917,49.6,0,59.6,0,0,0,0,0,0,0,0,66
2025-09-28T00:28:42.588Z,60.1,21.1,1.917,50.4,0,59.6,0,0,0,0,0,0,0,0,66
2025-09-28T00:28:43.585Z,60.1,21.1,1.917,49.6,0,59.6,0,0,0,0,0,0,0,0,66
2025-09-28T00:28:44.589Z,60.1,21.1,1.917,50.4,0,59.6,0,0,0,0,0,0,0,0,66
2025-09-28T00:28:45.588Z,60.1,21.1,1.917,49.6,0,59.6,0,0,0,0,0,0,0,0,66
2025-09-28T00:28:46.600Z,60.1,21.1,1.916,49.6,0,59.6,0,0,0,0,0,0,0,0,66
2025-09-28T00:28:47.592Z,60.1,21.1,1.917,49.6,0,59.6,0,0,0,0,0,0,0,0,66
2025-09-28T00:28:48.596Z,60.1,21.1,1.917,50.4,0,59.6,0,0,0,0,0,0,0,0,66
2025-09-28T00:28:49.593Z,60.1,21.1,1.917,49.6,0,59.6,0,0,0,0,0,0,0,0,66
2025-09-28T00:28:50.594Z,60.1,21.1,1.917,50.4,0,59.6,0,0,0,0,0,0,0,0,66
2025-09-28T00:28:51.596Z,60.1,21.1,1.917,49.6,0,59.6,0,0,0,0,0,0,0,0,66
2025-09-28T00:28:52.596Z,60.1,21.1,1.917,50.4,0,59.6,0,0,0,0,0,0,0,0,66
2025-09-28T00:28:53.595Z,60,21.1,1.917,49.6,0,59.6,0,0,0,0,0,0,0,0,66
2025-09-28T00:28:54.596Z,60,21.1,1.917,50.4,0,59.6,0,0,0,0,0,0,0,0,66
2025-09-28T00:28:55.602Z,60,21.1,1.916,49.6,0,59.6,0,0,0,0,0,0,0,0,66
2025-09-28T00:28:56.597Z,60,21.1,1.917,50.4,0,59.6,0,0,0,0,0,0,0,0,66
2025-09-28T00:28:57.596Z,60,21.1,1.917,49.6,0,59.6,0,0,0,0,0,0,0,0,66
2025-09-28T00:28:58.601Z,60,21.1,1.916,49.6,0,59.6,0,0,0,0,0,0,0,0,66
2025-09-28T00:28:59.600Z,60,21.1,1.916,50.4,0,59.6,0,0,0,0,0,0,0,0,66
2025-09-28T00:29:00.602Z,60,21.1,1.916,49.6,0,59.6,0,0,0,0,0,0,0,0,66
2025-09-28T00:29:01.600Z,60,21.1,1.917,50.4,0,59.6,0,0,0,0,0,0,0,0,66
2025-09-28T00:29:02.603Z,60,21.1,1.916,49.6,0,59.6,0,0,0,0,0,0,0,0,66
2025-09-28T00:29:03.605Z,60,21.1,1.916,50.4,0,59.6,0,0,0,0,0,0,0,0,66
2025-09-28T00:29:04.605Z,60,21.1,1.916,49.6,0,59.6,0,0,0,0,0,0,0,0,66
2025-09-28T00:29:05.606Z,60,21.1,1.916,50.4,0,59.6,0,0,0,0,0,0,0,0,66
2025-09-28T00:29:06.607Z,60,21.1,1.916,49.6,0,59.6,0,0,0,0,0,0,0,0,66
2025-09-28T00:29:07.608Z,60,21.1,1.916,50.4,0,59.6,0,0,0,0,0,0,0,0,66
2025-09-28T00:29:08.607Z,60,21.1,1.916,49.6,0,59.6,0,0,0,0,0,0,0,0,66
2025-09-28T00:29:09.610Z,60,21.1,1.916,50.4,0,59.6,0,0,0,0,0,0,0,0,66
2025-09-28T00:29:10.608Z,60,21.1,1.916,49.6,0,59.6,0,0,0,0,0,0,0,0,66
2025-09-28T00:29:11.617Z,60,21.1,1.916,50.4,0,59.6,0,0,0,0,0,0,0,0,66
2025-09-28T00:29:12.615Z,59.9,21.1,1.916,49.6,0,59.6,0,0,0,0,0,0,0,0,66
2025-09-28T00:29:13.615Z,59.9,21.1,1.916,50.4,0,59.6,0,0,0,0,0,0,0,0,66
2025-09-28T00:29:14.617Z,59.9,21.1,1.916,49.6,0,59.6,0,0,0,0,0,0,0,0,66
2025-09-28T00:29:15.617Z,59.9,21.1,1.916,50.4,0,59.6,0,0,0,0,0,0,0,0,66
2025-09-28T00:29:16.615Z,59.9,21.1,1.916,49.6,0,59.6,0,0,0,0,0,0,0,0,66
2025-09-28T00:29:17.618Z,59.9,21.1,1.916,49.6,0,59.6,0,0,0,0,0,0,0,0,66
2025-09-28T00:29:18.619Z,59.9,21.1,1.916,50.4,0,59.6,0,0,0,0,0,0,0,0,66
2025-09-28T00:29:19.622Z,59.9,21.1,1.916,49.6,0,59.6,0,0,0,0,0,0,0,0,66
2025-09-28T00:29:20.621Z,59.9,21.1,1.916,50.4,0,59.6,0,0,0,0,0,0,0,0,66
2025-09-28T00:29:21.622Z,59.9,21.1,1.916,49.6,0,59.6,0,0,0,0,0,0,0,0,66
2025-09-28T00:29:22.622Z,59.9,21.1,1.916,50.4,0,59.6,0,0,0,0,0,0,0,0,66
2025-09-28T00:29:23.624Z,59.9,21.1,1.916,49.6,0,59.6,0,0,0,0,0,0,0,0,66
2025-09-28T00:29:24.622Z,59.9,21.1,1.916,50.4,0,59.6,0,0,0,0,0,0,0,0,66
2025-09-28T00:29:25.629Z,59.9,21.1,1.917,49.6,0,59.6,0,0,0,0,0,0,0,0,66
2025-09-28T00:29:26.624Z,59.9,21.1,1.916,50.4,0,59.6,0,0,0,0,0,0,0,0,66
2025-09-28T00:29:27.630Z,59.9,21.1,1.917,49.6,0,59.6,0,0,0,0,0,0,0,0,66
2025-09-28T00:29:28.632Z,59.9,21.1,1.917,50.4,0,59.6,0,0,0,0,0,0,0,0,66
2025-09-28T00:29:29.628Z,59.9,21.1,1.916,49.6,0,59.6,0,0,0,0,0,0,0,0,66
2025-09-28T00:29:30.628Z,59.9,21.1,1.916,50.4,0,59.6,0,0,0,0,0,0,0,0,66
2025-09-28T00:29:31.635Z,59.9,21.1,1.917,49.6,0,59.6,0,0,0,0,0,0,0,0,66
2025-09-28T00:29:32.634Z,59.9,21.1,1.917,50.4,0,59.7,0,0,0,0,0,0,0,0,66
2025-09-28T00:29:33.630Z,59.9,21.1,1.916,49.6,0,59.6,0,0,0,0,0,0,0,0,66
2025-09-28T00:29:34.638Z,59.9,21.1,1.918,50.4,0,59.7,0,0,0,0,0,0,0,0,66
2025-09-28T00:29:35.632Z,59.9,21.1,1.917,49.6,0,59.7,0,0,0,0,0,0,0,0,66
2025-09-28T00:29:36.641Z,59.8,21.1,1.917,50.4,0,59.7,0,0,0,0,0,0,0,0,66
2025-09-28T00:29:37.634Z,59.8,21.1,1.916,49.6,0,59.7,0,0,0,0,0,0,0,0,66
2025-09-28T00:29:38.640Z,59.8,21.1,1.918,49.6,0,59.7,0,0,0,0,0,0,0,0,66
2025-09-28T00:29:39.640Z,59.8,21.1,1.918,49.6,0,59.7,0,0,0,0,0,0,0,0,66
2025-09-28T00:29:40.644Z,59.8,21.1,1.918,50.4,0,59.7,0,0,0,0,0,0,0,0,66
2025-09-28T00:29:41.641Z,59.8,21.1,1.918,49.6,0,59.7,0,0,0,0,0,0,0,0,66
2025-09-28T00:29:42.642Z,59.8,21.1,1.918,50.4,0,59.7,0,0,0,0,0,0,0,0,66
2025-09-28T00:29:43.647Z,59.8,21.1,1.918,49.6,0,59.7,0,0,0,0,0,0,0,0,66
2025-09-28T00:29:44.644Z,59.8,21.1,1.918,50.4,0,59.7,0,0,0,0,0,0,0,0,66
2025-09-28T00:29:45.646Z,59.8,21.1,1.918,49.6,0,59.7,0,0,0,0,0,0,0,0,66
2025-09-28T00:29:46.649Z,59.8,21.1,1.918,50.4,0,59.7,0,0,0,0,0,0,0,0,66
2025-09-28T00:29:47.645Z,59.8,21.1,1.918,49.6,0,59.7,0,0,0,0,0,0,0,0,66
2025-09-28T00:29:48.650Z,59.8,21.1,1.918,50.4,0,59.7,0,0,0,0,0,0,0,0,66
2025-09-28T00:29:49.649Z,59.8,21.1,1.918,49.6,0,59.7,0,0,0,0,0,0,0,0,66
2025-09-28T00:29:50.647Z,59.8,21.1,1.918,49.6,0,59.7,0,0,0,0,0,0,0,0,66
2025-09-28T00:29:51.654Z,59.8,21.1,1.918,49.6,0,59.7,0,0,0,0,0,0,0,0,66
2025-09-28T00:29:52.651Z,59.8,21.1,1.918,50.4,0,59.7,0,0,0,0,0,0,0,0,66
2025-09-28T00:29:53.658Z,59.8,21.1,1.918,49.6,0,59.7,0,0,0,0,0,0,0,0,66
2025-09-28T00:29:54.653Z,59.8,21.1,1.918,50.4,0,59.7,0,0,0,0,0,0,0,0,66
2025-09-28T00:29:55.654Z,59.8,21.1,1.917,49.6,0,59.7,0,0,0,0,0,0,0,0,66
2025-09-28T00:29:56.655Z,59.8,21.1,1.918,50.4,0,59.7,0,0,0,0,0,0,0,0,66
2025-09-28T00:29:57.657Z,59.7,21.1,1.917,49.6,0,59.7,0,0,0,0,0,0,0,0,66
2025-09-28T00:29:58.655Z,59.7,21.1,1.919,49.6,0,59.7,0,0,0,0,0,0,0,0,66
2025-09-28T00:29:59.659Z,59.7,21.1,1.918,49.6,0,59.7,0,0,0,0,0,0,0,0,66
2025-09-28T00:30:00.661Z,59.7,21.1,1.917,50.4,0,59.7,0,0,0,0,0,0,0,0,66
2025-09-28T00:30:01.660Z,59.7,21.1,1.918,49.6,0,59.7,0,0,0,0,0,0,0,0,66
2025-09-28T00:30:02.658Z,59.7,21.1,1.917,50.4,0,59.7,0,0,0,0,0,0,0,0,66
2025-09-28T00:30:03.663Z,59.7,21.1,1.917,49.6,0,59.7,0,0,0,0,0,0,0,0,66
2025-09-28T00:30:04.661Z,59.7,21.1,1.918,49.6,0,59.7,0,0,0,0,0,0,0,0,66
2025-09-28T00:30:05.662Z,59.7,21.1,1.917,50.4,0,59.7,0,0,0,0,0,0,0,0,66
2025-09-28T00:30:06.666Z,59.7,21.1,1.918,49.6,0,59.7,0,0,0,0,0,0,0,0,66
2025-09-28T00:30:07.665Z,59.7,21.1,1.918,50.4,0,59.7,0,0,0,0,0,0,0,0,66
2025-09-28T00:30:08.668Z,59.7,21.1,1.917,49.6,0,59.7,0,0,0,0,0,0,0,0,66
2025-09-28T00:30:09.665Z,59.7,21.1,1.917,49.6,0,59.7,0,0,0,0,0,0,0,0,66
2025-09-28T00:30:10.666Z,59.7,21.1,1.918,50.4,0,59.7,0,0,0,0,0,0,0,0,66
2025-09-28T00:30:11.672Z,59.7,21.1,1.917,49.6,0,59.7,0,0,0,0,0,0,0,0,66
2025-09-28T00:30:12.670Z,59.7,21.1,1.918,50.4,0,59.7,0,0,0,0,0,0,0,0,66
2025-09-28T00:30:13.669Z,59.7,21.1,1.918,49.6,0,59.7,0,0,0,0,0,0,0,0,66
2025-09-28T00:30:14.672Z,59.7,21.1,1.918,50.4,0,59.7,0,0,0,0,0,0,0,0,66
2025-09-28T00:30:15.672Z,59.7,21.1,1.918,50.4,0,59.7,0,0,0,0,0,0,0,0,66
2025-09-28T00:30:16.676Z,59.7,21.1,1.918,49.6,0,59.7,0,0,0,0,0,0,0,0,66
2025-09-28T00:30:17.675Z,59.7,21.1,1.918,50.4,0,59.7,0,0,0,0,0,0,0,0,66
2025-09-28T00:30:18.677Z,59.7,21.1,1.917,49.6,0,59.7,0,0,0,0,0,0,0,0,66
2025-09-28T00:30:19.676Z,59.7,21.1,1.918,50.4,0,59.7,0,0,0,0,0,0,0,0,66
2025-09-28T00:30:20.677Z,59.6,21.1,1.918,49.6,0,59.7,0,0,0,0,0,0,0,0,66
2025-09-28T00:30:21.676Z,59.6,21.1,1.918,49.6,0,59.7,0,0,0,0,0,0,0,0,66
2025-09-28T00:30:22.677Z,59.6,21.1,1.918,50.4,0,59.7,0,0,0,0,0,0,0,0,66
2025-09-28T00:30:23.679Z,59.6,21.1,1.918,49.6,0,59.7,0,0,0,0,0,0,0,0,66
2025-09-28T00:30:24.679Z,59.6,21.1,1.918,50.4,0,59.7,0,0,0,0,0,0,0,0,66
2025-09-28T00:30:25.680Z,59.6,21.1,1.919,50.4,0,59.8,0,0,0,0,0,0,0,0,66
2025-09-28T00:30:26.678Z,59.6,21.1,1.918,49.6,0,59.7,0,0,0,0,0,0,0,0,66
2025-09-28T00:30:27.681Z,59.6,21.1,1.918,49.6,0,59.7,0,0,0,0,0,0,0,0,66
2025-09-28T00:30:28.682Z,59.6,21.1,1.919,49.6,0,59.7,0,0,0,0,0,0,0,0,66
2025-09-28T00:30:29.685Z,59.6,21.1,1.919,50.4,0,59.7,0,0,0,0,0,0,0,0,66
2025-09-28T00:30:30.684Z,59.6,21.1,1.919,50.4,0,59.7,0,0,0,0,0,0,0,0,66
2025-09-28T00:30:31.693Z,59.6,21.1,1.919,49.6,0,59.7,0,0,0,0,0,0,0,0,66
2025-09-28T00:30:32.692Z,59.6,21.1,1.919,50.4,0,59.7,0,0,0,0,0,0,0,0,66
2025-09-28T00:30:33.688Z,59.6,21.1,1.919,49.6,0,59.8,0,0,0,0,0,0,0,0,66
2025-09-28T00:30:34.691Z,59.6,21.1,1.919,50.4,0,59.8,0,0,0,0,0,0,0,0,66
2025-09-28T00:30:35.691Z,59.6,21.1,1.919,49.6,0,59.7,0,0,0,0,0,0,0,0,66
2025-09-28T00:30:36.692Z,59.6,21.1,1.919,50.4,0,59.7,0,0,0,0,0,0,0,0,66
2025-09-28T00:30:37.694Z,59.6,21.1,1.919,49.6,0,59.7,0,0,0,0,0,0,0,0,66
2025-09-28T00:30:38.692Z,59.6,21.1,1.919,50.4,0,59.8,0,0,0,0,0,0,0,0,66
2025-09-28T00:30:39.698Z,59.6,21.1,1.919,49.6,0,59.8,0,0,0,0,0,0,0,0,66
2025-09-28T00:30:40.694Z,59.6,21.1,1.919,50.4,0,59.8,0,0,0,0,0,0,0,0,66
2025-09-28T00:30:41.698Z,59.6,21.1,1.919,49.6,0,59.8,0,0,0,0,0,0,0,0,66
2025-09-28T00:30:42.692Z,59.6,21.1,1.919,49.6,0,59.8,0,0,0,0,0,0,0,0,66
2025-09-28T00:30:43.698Z,59.6,21.1,1.919,50.4,0,59.8,0,0,0,0,0,0,0,0,66
2025-09-28T00:30:44.699Z,59.6,21.1,1.919,49.6,0,59.8,0,0,0,0,0,0,0,0,66
2025-09-28T00:30:45.699Z,59.6,21.1,1.919,50.4,0,59.8,0,0,0,0,0,0,0,0,66
2025-09-28T00:30:46.702Z,59.6,21.1,1.919,49.6,0,59.8,0,0,0,0,0,0,0,0,66
2025-09-28T00:30:47.704Z,59.6,21.1,1.919,49.6,0,59.8,0,0,0,0,0,0,0,0,66
2025-09-28T00:30:48.705Z,59.6,21.1,1.919,50.4,0,59.8,0,0,0,0,0,0,0,0,66
2025-09-28T00:30:49.706Z,59.6,21.1,1.919,49.6,0,59.8,0,0,0,0,0,0,0,0,66
2025-09-28T00:30:50.703Z,59.6,21.1,1.919,50.4,0,59.8,0,0,0,0,0,0,0,0,66
2025-09-28T00:30:51.704Z,59.6,21.1,1.919,49.6,0,59.8,0,0,0,0,0,0,0,0,66
2025-09-28T00:30:52.706Z,59.6,21.1,1.918,49.6,0,59.8,0,0,0,0,0,0,0,0,66
2025-09-28T00:30:53.706Z,59.6,21.1,1.918,50.4,0,59.8,0,0,0,0,0,0,0,0,66
2025-09-28T00:30:54.702Z,59.5,21.1,1.919,49.6,0,59.8,0,0,0,0,0,0,0,0,66
2025-09-28T00:30:55.708Z,59.5,21.1,1.918,49.6,0,59.8,0,0,0,0,0,0,0,0,66
2025-09-28T00:30:56.708Z,59.5,21.1,1.918,50.4,0,59.8,0,0,0,0,0,0,0,0,66
2025-09-28T00:30:57.713Z,59.5,21.1,1.918,49.6,0,59.8,0,0,0,0,0,0,0,0,66
2025-09-28T00:30:58.711Z,59.5,21.1,1.918,50.4,0,59.8,0,0,0,0,0,0,0,0,66
2025-09-28T00:30:59.714Z,59.5,21.1,1.918,50.4,0,59.8,0,0,0,0,0,0,0,0,66
2025-09-28T00:31:00.713Z,59.5,21.1,1.918,49.6,0,59.8,0,0,0,0,0,0,0,0,66
2025-09-28T00:31:01.711Z,59.5,21.1,1.918,50.4,0,59.8,0,0,0,0,0,0,0,0,66
2025-09-28T00:31:02.718Z,59.5,21.1,1.918,49.6,0,59.8,0,0,0,0,0,0,0,0,66
2025-09-28T00:31:03.718Z,59.5,21.1,1.919,50.4,0,59.8,0,0,0,0,0,0,0,0,66
2025-09-28T00:31:04.723Z,59.5,21.1,1.918,49.6,0,59.8,0,0,0,0,0,0,0,0,66
2025-09-28T00:31:05.714Z,59.5,21.1,1.918,50.4,0,59.8,0,0,0,0,0,0,0,0,66
2025-09-28T00:31:06.715Z,59.5,21.1,1.918,50.4,0,59.8,0,0,0,0,0,0,0,0,66
2025-09-28T00:31:07.722Z,59.5,21.1,1.918,49.6,0,59.8,0,0,0,0,0,0,0,0,66
2025-09-28T00:31:08.723Z,59.5,21.1,1.918,50.4,0,59.8,0,0,0,0,0,0,0,0,66
2025-09-28T00:31:09.722Z,59.5,21.1,1.918,49.6,0,59.8,0,0,0,0,0,0,0,0,66
2025-09-28T00:31:10.721Z,59.5,21.1,1.919,49.6,0,59.8,0,0,0,0,0,0,0,0,66
2025-09-28T00:31:11.725Z,59.5,21.1,1.918,49.6,0,59.8,0,0,0,0,0,0,0,0,66
2025-09-28T00:31:12.726Z,59.5,21.1,1.918,50.4,0,59.8,0,0,0,0,0,0,0,0,66
2025-09-28T00:31:13.732Z,59.5,21.1,1.92,49.6,0,59.8,0,0,0,0,0,0,0,0,66
2025-09-28T00:31:14.724Z,59.5,21.1,1.918,49.6,0,59.8,0,0,0,0,0,0,0,0,66
2025-09-28T00:31:15.729Z,59.5,21.1,1.919,50.4,0,59.8,0,0,0,0,0,0,0,0,66
2025-09-28T00:31:16.730Z,59.5,21.1,1.919,49.6,0,59.8,0,0,0,0,0,0,0,0,66
2025-09-28T00:31:17.731Z,59.5,21.1,1.92,49.6,0,59.8,0,0,0,0,0,0,0,0,66
2025-09-28T00:31:18.731Z,59.5,21.1,1.92,50.4,0,59.8,0,0,0,0,0,0,0,0,66
2025-09-28T00:31:19.738Z,59.5,21.1,1.919,49.6,0,59.8,0,0,0,0,0,0,0,0,66
2025-09-28T00:31:20.734Z,59.5,21.1,1.92,49.6,0,59.8,0,0,0,0,0,0,0,0,66
2025-09-28T00:31:21.735Z,59.5,21.1,1.92,50.4,0,59.8,0,0,0,0,0,0,0,0,66
2025-09-28T00:31:22.732Z,59.4,21.1,1.919,49.6,0,59.8,0,0,0,0,0,0,0,0,66
2025-09-28T00:31:23.734Z,59.4,21.1,1.92,49.6,0,59.8,0,0,0,0,0,0,0,0,66
2025-09-28T00:31:24.733Z,59.4,21.1,1.92,50.4,0,59.8,0,0,0,0,0,0,0,0,66
2025-09-28T00:31:25.735Z,59.4,21.1,1.92,49.6,0,59.8,0,0,0,0,0,0,0,0,66
2025-09-28T00:31:26.737Z,59.4,21.1,1.92,49.6,0,59.8,0,0,0,0,0,0,0,0,66
2025-09-28T00:31:27.739Z,59.4,21.1,1.92,50.4,0,59.8,0,0,0,0,0,0,0,0,66
2025-09-28T00:31:28.740Z,59.4,21.1,1.92,50.4,0,59.8,0,0,0,0,0,0,0,0,66
2025-09-28T00:31:29.741Z,59.4,21.1,1.92,49.6,0,59.8,0,0,0,0,0,0,0,0,66
2025-09-28T00:31:30.741Z,59.4,21.1,1.92,50.4,0,59.8,0,0,0,0,0,0,0,0,66
2025-09-28T00:31:31.743Z,59.4,21.1,1.92,50.4,0,59.8,0,0,0,0,0,0,0,0,66
2025-09-28T00:31:32.745Z,59.4,21.1,1.92,49.6,0,59.8,0,0,0,0,0,0,0,0,66
2025-09-28T00:31:33.742Z,59.4,21.1,1.92,50.4,0,59.8,0,0,0,0,0,0,0,0,66
2025-09-28T00:31:34.746Z,59.4,21.1,1.92,49.6,0,59.8,0,0,0,0,0,0,0,0,66
2025-09-28T00:31:35.746Z,59.4,21.1,1.92,50.4,0,59.8,0,0,0,0,0,0,0,0,66
2025-09-28T00:31:36.747Z,59.4,21.1,1.92,50.4,0,59.8,0,0,0,0,0,0,0,0,66
2025-09-28T00:31:37.748Z,59.4,21.1,1.92,49.6,0,59.8,0,0,0,0,0,0,0,0,66
2025-09-28T00:31:38.752Z,59.4,21.1,1.92,50.4,0,59.8,0,0,0,0,0,0,0,0,66
2025-09-28T00:31:39.759Z,59.4,21.1,1.919,49.6,0,59.8,0,0,0,0,0,0,0,0,66
2025-09-28T00:31:40.749Z,59.4,21.1,1.92,50.4,0,59.8,0,0,0,0,0,0,0,0,66
2025-09-28T00:31:41.749Z,59.4,21.1,1.92,49.6,0,59.8,0,0,0,0,0,0,0,0,66
2025-09-28T00:31:42.747Z,59.4,21.1,1.92,50.4,0,59.8,0,0,0,0,0,0,0,0,66
2025-09-28T00:31:43.759Z,59.4,21.1,1.919,50.4,0,59.8,0,0,0,0,0,0,0,0,66
2025-09-28T00:31:44.757Z,59.4,21.1,1.919,49.6,0,59.8,0,0,0,0,0,0,0,0,66
2025-09-28T00:31:45.756Z,59.4,21.1,1.919,50.4,0,59.8,0,0,0,0,0,0,0,0,66
2025-09-28T00:31:46.756Z,59.4,21.1,1.919,49.6,0,59.8,0,0,0,0,0,0,0,0,66
2025-09-28T00:31:47.757Z,59.4,21.1,1.919,50.4,0,59.8,0,0,0,0,0,0,0,0,66
2025-09-28T00:31:48.759Z,59.4,21.1,1.919,49.6,0,59.8,0,0,0,0,0,0,0,0,66
2025-09-28T00:31:49.758Z,59.4,21.1,1.92,50.4,0,59.8,0,0,0,0,0,0,0,0,66
2025-09-28T00:31:50.758Z,59.4,21.1,1.92,49.6,0,59.8,0,0,0,0,0,0,0,0,66
2025-09-28T00:31:51.763Z,59.4,21.1,1.92,50.4,0,59.8,0,0,0,0,0,0,0,0,66
2025-09-28T00:31:52.759Z,59.4,21.1,1.919,49.6,0,59.8,0,0,0,0,0,0,0,0,66
2025-09-28T00:31:53.761Z,59.4,21.1,1.92,50.4,0,59.8,0,0,0,0,0,0,0,0,66
2025-09-28T00:31:54.760Z,59.4,21.1,1.92,49.6,0,59.8,0,0,0,0,0,0,0,0,66
2025-09-28T00:31:55.761Z,59.4,21.1,1.919,50.4,0,59.8,0,0,0,0,0,0,0,0,66
2025-09-28T00:31:56.768Z,59.4,21.1,1.919,49.6,0,59.8,0,0,0,0,0,0,0,0,66
2025-09-28T00:31:57.764Z,59.4,21.1,1.919,50.4,0,59.8,0,0,0,0,0,0,0,0,66
2025-09-28T00:31:58.762Z,59.4,21.1,1.92,49.6,0,59.8,0,0,0,0,0,0,0,0,66
2025-09-28T00:31:59.769Z,59.4,21.1,1.919,50.4,0,59.8,0,0,0,0,0,0,0,0,66
2025-09-28T00:32:00.769Z,59.4,21.1,1.92,49.6,0,59.8,0,0,0,0,0,0,0,0,66
2025-09-28T00:32:01.768Z,59.4,21.1,1.92,50.4,0,59.8,0,0,0,0,0,0,0,0,66
2025-09-28T00:32:02.768Z,59.4,21.1,1.92,49.6,0,59.8,0,0,0,0,0,0,0,0,66
2025-09-28T00:32:03.768Z,59.4,21.1,1.92,50.4,0,59.8,0,0,0,0,0,0,0,0,66
