timestamp,TECell_PV,PSCurrent_PV,PSVoltage_PV,FT201_PV,HTR201_PV,TE201_PV,CT201_PV,CT210_PV,Cell1_Voltage,Cell2_Voltage,Cell3_Voltage,PT201_PV,PT302_PV,HCD220_PV,step
2025-09-29T12:32:34.613Z,60.7,21.1,1.923,49.6,0,60.1,0,0,0,0,0,0,0,0,66
2025-09-29T12:32:35.610Z,60.7,21.1,1.923,50.4,0,60.1,0,0,0,0,0,0,0,0,66
2025-09-29T12:32:36.620Z,60.7,21.1,1.923,50.4,0,60.1,0,0,0,0,0,0,0,0,66
2025-09-29T12:32:37.612Z,60.7,21.1,1.923,49.6,0,60.1,0,0,0,0,0,0,0,0,66
2025-09-29T12:32:38.613Z,60.7,21.1,1.923,50.4,0,60.1,0,0,0,0,0,0,0,0,66
2025-09-29T12:32:39.616Z,60.7,21.1,1.923,49.6,0,60.1,0,0,0,0,0,0,0,0,66
2025-09-29T12:32:40.613Z,60.7,21.1,1.923,50.4,0,60.1,0,0,0,0,0,0,0,0,66
2025-09-29T12:32:41.618Z,60.7,21.1,1.923,50.4,0,60.1,0,0,0,0,0,0,0,0,66
2025-09-29T12:32:42.616Z,60.7,21.1,1.923,49.6,0,60,0,0,0,0,0,0,0,0,66
2025-09-29T12:32:43.618Z,60.7,21.1,1.923,50.4,0,60.1,0,0,0,0,0,0,0,0,66
2025-09-29T12:32:44.622Z,60.7,21.1,1.923,49.6,0,60.1,0,0,0,0,0,0,0,0,66
2025-09-29T12:32:45.620Z,60.7,21.1,1.923,50.4,0,60.1,0,0,0,0,0,0,0,0,66
2025-09-29T12:32:46.621Z,60.7,21.1,1.923,49.6,0,60.1,0,0,0,0,0,0,0,0,66
2025-09-29T12:32:47.622Z,60.7,21.1,1.923,49.6,0,60.1,0,0,0,0,0,0,0,0,66
2025-09-29T12:32:48.624Z,60.7,21.1,1.923,50.4,0,60.1,0,0,0,0,0,0,0,0,66
2025-09-29T12:32:49.625Z,60.7,21.1,1.923,49.6,0,60.1,0,0,0,0,0,0,0,0,66
2025-09-29T12:32:50.624Z,60.7,21.1,1.923,49.6,0,60.1,0,0,0,0,0,0,0,0,66
2025-09-29T12:32:51.623Z,60.7,21.1,1.923,50.4,0,60.1,0,0,0,0,0,0,0,0,66
2025-09-29T12:32:52.628Z,60.7,21.1,1.924,49.6,0,60.1,0,0,0,0,0,0,0,0,66
2025-09-29T12:32:53.628Z,60.7,21.1,1.923,49.6,0,60.1,0,0,0,0,0,0,0,0,66
2025-09-29T12:32:54.628Z,60.7,21.1,1.924,50.4,0,60.1,0,0,0,0,0,0,0,0,66
2025-09-29T12:32:55.628Z,60.7,21.1,1.924,49.6,0,60.1,0,0,0,0,0,0,0,0,66
2025-09-29T12:32:56.628Z,60.7,21.1,1.924,49.6,0,60.1,0,0,0,0,0,0,0,0,66
2025-09-29T12:32:57.630Z,60.7,21.1,1.924,50.4,0,60.1,0,0,0,0,0,0,0,0,66
2025-09-29T12:32:58.632Z,60.7,21.1,1.925,50.4,0,60.1,0,0,0,0,0,0,0,0,66
2025-09-29T12:32:59.633Z,60.7,21.1,1.925,49.6,0,60.1,0,0,0,0,0,0,0,0,66
2025-09-29T12:33:00.634Z,60.7,21.1,1.924,50.4,0,60.1,0,0,0,0,0,0,0,0,66
2025-09-29T12:33:01.633Z,60.7,21.1,1.924,49.6,0,60.1,0,0,0,0,0,0,0,0,66
2025-09-29T12:33:02.633Z,60.7,21.1,1.925,49.6,0,60.1,0,0,0,0,0,0,0,0,66
2025-09-29T12:33:03.636Z,60.6,21.1,1.924,50.4,0,60.1,0,0,0,0,0,0,0,0,66
2025-09-29T12:33:04.640Z,60.6,21.1,1.924,49.6,0,60.1,0,0,0,0,0,0,0,0,66
2025-09-29T12:33:05.639Z,60.6,21.1,1.925,50.4,0,60.1,0,0,0,0,0,0,0,0,66
2025-09-29T12:33:06.639Z,60.6,21.1,1.924,50.4,0,60.1,0,0,0,0,0,0,0,0,66
2025-09-29T12:33:07.639Z,60.6,21.1,1.924,49.6,0,60.1,0,0,0,0,0,0,0,0,66
2025-09-29T12:33:08.641Z,60.6,21.1,1.925,50.4,0,60.1,0,0,0,0,0,0,0,0,66
2025-09-29T12:33:09.643Z,60.6,21.1,1.924,49.6,0,60.1,0,0,0,0,0,0,0,0,66
2025-09-29T12:33:10.641Z,60.6,21.1,1.925,50.4,0,60.1,0,0,0,0,0,0,0,0,66
2025-09-29T12:33:11.642Z,60.6,21.1,1.925,49.6,0,60.1,0,0,0,0,0,0,0,0,66
2025-09-29T12:33:12.647Z,60.6,21.1,1.925,49.6,0,60.1,0,0,0,0,0,0,0,0,66
2025-09-29T12:33:13.646Z,60.6,21.1,1.924,50.4,0,60.1,0,0,0,0,0,0,0,0,66
2025-09-29T12:33:14.648Z,60.6,21.1,1.924,50.4,0,60.1,0,0,0,0,0,0,0,0,66
2025-09-29T12:33:15.648Z,60.6,21.1,1.924,49.6,0,60.1,0,0,0,0,0,0,0,0,66
2025-09-29T12:33:16.650Z,60.6,21.1,1.924,50.4,0,60.1,0,0,0,0,0,0,0,0,66
2025-09-29T12:33:17.650Z,60.6,21.1,1.925,49.6,0,60.1,0,0,0,0,0,0,0,0,66
2025-09-29T12:33:18.650Z,60.6,21.1,1.925,50.4,0,60.1,0,0,0,0,0,0,0,0,66
2025-09-29T12:33:19.654Z,60.6,21.1,1.924,49.6,0,60.1,0,0,0,0,0,0,0,0,66
2025-09-29T12:33:20.659Z,60.6,21.1,1.924,50.4,0,60.1,0,0,0,0,0,0,0,0,66
2025-09-29T12:33:21.654Z,60.6,21.1,1.924,50.4,0,60.1,0,0,0,0,0,0,0,0,66
2025-09-29T12:33:22.657Z,60.6,21.1,1.924,49.6,0,60.1,0,0,0,0,0,0,0,0,66
2025-09-29T12:33:23.654Z,60.6,21.1,1.925,49.6,0,60.1,0,0,0,0,0,0,0,0,66
2025-09-29T12:33:24.657Z,60.6,21.1,1.924,49.6,0,60.1,0,0,0,0,0,0,0,0,66
2025-09-29T12:33:25.657Z,60.6,21.1,1.924,50.4,0,60.1,0,0,0,0,0,0,0,0,66
2025-09-29T12:33:26.658Z,60.6,21.1,1.924,50.4,0,60.1,0,0,0,0,0,0,0,0,66
2025-09-29T12:33:27.659Z,60.6,21.1,1.924,49.6,0,60.1,0,0,0,0,0,0,0,0,66
2025-09-29T12:33:28.659Z,60.6,21.1,1.924,50.4,0,60.1,0,0,0,0,0,0,0,0,66
2025-09-29T12:33:29.663Z,60.6,21.1,1.924,49.6,0,60.1,0,0,0,0,0,0,0,0,66
2025-09-29T12:33:30.663Z,60.6,21.1,1.924,50.4,0,60.1,0,0,0,0,0,0,0,0,66
2025-09-29T12:33:31.667Z,60.6,21.1,1.924,50.4,0,60.1,0,0,0,0,0,0,0,0,66
2025-09-29T12:33:32.665Z,60.5,21.1,1.924,49.6,0,60.1,0,0,0,0,0,0,0,0,66
2025-09-29T12:33:33.663Z,60.5,21.1,1.924,49.6,0,60.1,0,0,0,0,0,0,0,0,66
2025-09-29T12:33:34.663Z,60.5,21.1,1.924,49.6,0,60.1,0,0,0,0,0,0,0,0,66
2025-09-29T12:33:35.669Z,60.5,21.1,1.924,50.4,0,60.1,0,0,0,0,0,0,0,0,66
2025-09-29T12:33:35.669Z,60.5,21.1,1.924,50.4,0,60.1,0,0,0,0,0,0,0,0,66
2025-09-29T12:33:37.668Z,60.5,21.1,1.924,49.6,0,60.1,0,0,0,0,0,0,0,0,66
2025-09-29T12:33:38.672Z,60.5,21.1,1.925,50.4,0,60.1,0,0,0,0,0,0,0,0,66
2025-09-29T12:33:39.673Z,60.5,21.1,1.925,49.6,0,60.1,0,0,0,0,0,0,0,0,66
2025-09-29T12:33:40.665Z,60.5,21.1,1.924,49.6,0,60.1,0,0,0,0,0,0,0,0,66
2025-09-29T12:33:41.676Z,60.5,21.1,1.925,50.4,0,60.1,0,0,0,0,0,0,0,0,66
2025-09-29T12:33:42.673Z,60.5,21.1,1.926,50.4,0,60.1,0,0,0,0,0,0,0,0,66
2025-09-29T12:33:43.675Z,60.5,21.1,1.925,49.6,0,60.1,0,0,0,0,0,0,0,0,66
2025-09-29T12:33:44.676Z,60.5,21.1,1.925,50.4,0,60.1,0,0,0,0,0,0,0,0,66
2025-09-29T12:33:45.676Z,60.5,21.1,1.924,49.6,0,60.1,0,0,0,0,0,0,0,0,66
2025-09-29T12:33:46.678Z,60.5,21.1,1.925,50.4,0,60.1,0,0,0,0,0,0,0,0,66
2025-09-29T12:33:47.682Z,60.5,21.1,1.925,49.6,0,60.1,0,0,0,0,0,0,0,0,66
2025-09-29T12:33:48.684Z,60.5,21.1,1.926,49.6,0,60.1,0,0,0,0,0,0,0,0,66
2025-09-29T12:33:49.686Z,60.5,21.1,1.926,50.4,0,60.1,0,0,0,0,0,0,0,0,66
2025-09-29T12:33:50.687Z,60.5,21.1,1.926,49.6,0,60.1,0,0,0,0,0,0,0,0,66
2025-09-29T12:33:51.688Z,60.5,21.1,1.926,49.6,0,60.1,0,0,0,0,0,0,0,0,66
2025-09-29T12:33:52.686Z,60.5,21.1,1.926,50.4,0,60.1,0,0,0,0,0,0,0,0,66
2025-09-29T12:33:53.684Z,60.5,21.1,1.926,50.4,0,60.1,0,0,0,0,0,0,0,0,66
2025-09-29T12:33:54.691Z,60.5,21.1,1.926,49.6,0,60.1,0,0,0,0,0,0,0,0,66
2025-09-29T12:33:55.691Z,60.5,21.1,1.926,50.4,0,60.1,0,0,0,0,0,0,0,0,66
2025-09-29T12:33:56.686Z,60.5,21.1,1.926,49.6,0,60.1,0,0,0,0,0,0,0,0,66
2025-09-29T12:33:57.693Z,60.5,21.1,1.926,50.4,0,60.1,0,0,0,0,0,0,0,0,66
2025-09-29T12:33:58.693Z,60.5,21.1,1.926,49.6,0,60.1,0,0,0,0,0,0,0,0,66
2025-09-29T12:33:59.696Z,60.5,21.1,1.926,50.4,0,60.1,0,0,0,0,0,0,0,0,66
2025-09-29T12:34:00.691Z,60.5,21.1,1.926,49.6,0,60.1,0,0,0,0,0,0,0,0,66
2025-09-29T12:34:01.695Z,60.5,21.1,1.925,49.6,0,60.1,0,0,0,0,0,0,0,0,66
2025-09-29T12:34:02.695Z,60.5,21.1,1.926,50.4,0,60.1,0,0,0,0,0,0,0,0,66
2025-09-29T12:34:03.694Z,60.5,21.1,1.926,50.4,0,60.1,0,0,0,0,0,0,0,0,66
2025-09-29T12:34:04.701Z,60.5,21.1,1.925,49.6,0,60.1,0,0,0,0,0,0,0,0,66
2025-09-29T12:34:05.700Z,60.4,21.1,1.925,50.4,0,60.1,0,0,0,0,0,0,0,0,66
2025-09-29T12:34:06.704Z,60.4,21.1,1.925,49.6,0,60.1,0,0,0,0,0,0,0,0,66
2025-09-29T12:34:07.700Z,60.4,21.1,1.925,50.4,0,60.1,0,0,0,0,0,0,0,0,66
2025-09-29T12:34:08.699Z,60.4,21.1,1.925,49.6,0,60.1,0,0,0,0,0,0,0,0,66
2025-09-29T12:34:09.703Z,60.4,21.1,1.925,49.6,0,60.1,0,0,0,0,0,0,0,0,66
2025-09-29T12:34:10.705Z,60.4,21.1,1.925,50.4,0,60.1,0,0,0,0,0,0,0,0,66
2025-09-29T12:34:11.703Z,60.4,21.1,1.925,49.6,0,60.1,0,0,0,0,0,0,0,0,66
2025-09-29T12:34:12.716Z,60.4,21.1,1.926,49.6,0,60.1,0,0,0,0,0,0,0,0,66
2025-09-29T12:34:13.702Z,60.4,21.1,1.925,50.4,0,60.1,0,0,0,0,0,0,0,0,66
2025-09-29T12:34:14.703Z,60.4,21.1,1.925,49.6,0,60.1,0,0,0,0,0,0,0,0,66
2025-09-29T12:34:15.704Z,60.4,21.1,1.925,49.6,0,60.1,0,0,0,0,0,0,0,0,66
2025-09-29T12:34:16.708Z,60.4,21.1,1.925,50.4,0,60.1,0,0,0,0,0,0,0,0,66
2025-09-29T12:34:17.708Z,60.4,21.1,1.925,49.6,0,60.1,0,0,0,0,0,0,0,0,66
2025-09-29T12:34:18.710Z,60.4,21.1,1.925,49.6,0,60.1,0,0,0,0,0,0,0,0,66
2025-09-29T12:34:19.707Z,60.4,21.1,1.925,50.4,0,60.1,0,0,0,0,0,0,0,0,66
2025-09-29T12:34:20.712Z,60.4,21.1,1.925,49.6,0,60.1,0,0,0,0,0,0,0,0,66
2025-09-29T12:34:21.708Z,60.4,21.1,1.925,49.6,0,60.1,0,0,0,0,0,0,0,0,66
2025-09-29T12:34:22.713Z,60.4,21.1,1.925,50.4,0,60.1,0,0,0,0,0,0,0,0,66
2025-09-29T12:34:23.715Z,60.4,21.1,1.925,50.4,0,60.1,0,0,0,0,0,0,0,0,66
2025-09-29T12:34:24.714Z,60.4,21.1,1.925,49.6,0,60.1,0,0,0,0,0,0,0,0,66
2025-09-29T12:34:25.713Z,60.4,21.1,1.925,50.4,0,60.1,0,0,0,0,0,0,0,0,66
2025-09-29T12:34:26.715Z,60.4,21.1,1.925,50.4,0,60.1,0,0,0,0,0,0,0,0,66
2025-09-29T12:34:27.715Z,60.4,21.1,1.925,49.6,0,60.1,0,0,0,0,0,0,0,0,66
2025-09-29T12:34:28.721Z,60.4,21.1,1.926,50.4,0,60.1,0,0,0,0,0,0,0,0,66
2025-09-29T12:34:29.726Z,60.4,21.1,1.926,49.6,0,60.1,0,0,0,0,0,0,0,0,66
2025-09-29T12:34:30.717Z,60.4,21.1,1.926,49.6,0,60.1,0,0,0,0,0,0,0,0,66
2025-09-29T12:34:31.717Z,60.4,21.1,1.926,50.4,0,60.1,0,0,0,0,0,0,0,0,66
2025-09-29T12:34:32.719Z,60.4,21.1,1.926,49.6,0,60.1,0,0,0,0,0,0,0,0,66
2025-09-29T12:34:33.720Z,60.4,21.1,1.926,49.6,0,60.1,0,0,0,0,0,0,0,0,66
2025-09-29T12:34:34.721Z,60.4,21.1,1.926,50.4,0,60.1,0,0,0,0,0,0,0,0,66
2025-09-29T12:34:35.719Z,60.3,21.1,1.926,50.4,0,60.1,0,0,0,0,0,0,0,0,66
2025-09-29T12:34:36.723Z,60.4,21.1,1.926,49.6,0,60.1,0,0,0,0,0,0,0,0,66
2025-09-29T12:34:37.726Z,60.4,21.1,1.926,50.4,0,60.1,0,0,0,0,0,0,0,0,66
2025-09-29T12:34:38.725Z,60.3,21.1,1.926,49.6,0,60.1,0,0,0,0,0,0,0,0,66
2025-09-29T12:34:39.724Z,60.3,21.1,1.926,49.6,0,60.1,0,0,0,0,0,0,0,0,66
2025-09-29T12:34:40.724Z,60.3,21.1,1.926,50.4,0,60.1,0,0,0,0,0,0,0,0,66
2025-09-29T12:34:41.726Z,60.3,21.1,1.926,50.4,0,60.1,0,0,0,0,0,0,0,0,66
2025-09-29T12:34:42.727Z,60.3,21.1,1.926,49.6,0,60.1,0,0,0,0,0,0,0,0,66
2025-09-29T12:34:43.730Z,60.3,21.1,1.926,50.4,0,60.1,0,0,0,0,0,0,0,0,66
2025-09-29T12:34:44.730Z,60.3,21.1,1.926,49.6,0,60.1,0,0,0,0,0,0,0,0,66
2025-09-29T12:34:45.730Z,60.3,21.1,1.926,50.4,0,60.1,0,0,0,0,0,0,0,0,66
2025-09-29T12:34:46.732Z,60.3,21.1,1.926,49.6,0,60.1,0,0,0,0,0,0,0,0,66
2025-09-29T12:34:47.733Z,60.3,21.1,1.926,49.6,0,60.1,0,0,0,0,0,0,0,0,66
2025-09-29T12:34:48.733Z,60.3,21.1,1.926,50.4,0,60.1,0,0,0,0,0,0,0,0,66
2025-09-29T12:34:49.734Z,60.3,21.1,1.926,50.4,0,60.1,0,0,0,0,0,0,0,0,66
2025-09-29T12:34:50.734Z,60.3,21.1,1.926,49.6,0,60.1,0,0,0,0,0,0,0,0,66
2025-09-29T12:34:51.735Z,60.3,21.1,1.926,50.4,0,60.1,0,0,0,0,0,0,0,0,66
2025-09-29T12:34:52.736Z,60.3,21.1,1.926,49.6,0,60.1,0,0,0,0,0,0,0,0,66
2025-09-29T12:34:53.737Z,60.3,21.1,1.926,50.4,0,60.1,0,0,0,0,0,0,0,0,66
2025-09-29T12:34:54.737Z,60.3,21.1,1.926,49.6,0,60.1,0,0,0,0,0,0,0,0,66
2025-09-29T12:34:55.742Z,60.3,21.1,1.926,50.4,0,60.2,0,0,0,0,0,0,0,0,66
2025-09-29T12:34:56.743Z,60.3,21.1,1.926,49.6,0,60.1,0,0,0,0,0,0,0,0,66
2025-09-29T12:34:57.741Z,60.3,21.1,1.926,50.4,0,60.1,0,0,0,0,0,0,0,0,66
2025-09-29T12:34:58.741Z,60.3,21.1,1.926,50.4,0,60.1,0,0,0,0,0,0,0,0,66
2025-09-29T12:34:59.742Z,60.3,21.1,1.926,49.6,0,60.1,0,0,0,0,0,0,0,0,66
2025-09-29T12:35:00.738Z,60.3,21.1,1.926,50.4,0,60.1,0,0,0,0,0,0,0,0,66
2025-09-29T12:35:01.743Z,60.3,21.1,1.926,49.6,0,60.1,0,0,0,0,0,0,0,0,66
2025-09-29T12:35:02.742Z,60.3,21.1,1.926,50.4,0,60.1,0,0,0,0,0,0,0,0,66
2025-09-29T12:35:03.746Z,60.3,21.1,1.926,49.6,0,60.1,0,0,0,0,0,0,0,0,66
2025-09-29T12:35:04.745Z,60.3,21.1,1.926,50.4,0,60.1,0,0,0,0,0,0,0,0,66
2025-09-29T12:35:05.746Z,60.3,21.1,1.926,49.6,0,60.1,0,0,0,0,0,0,0,0,66
2025-09-29T12:35:06.746Z,60.3,21.1,1.926,50.4,0,60.1,0,0,0,0,0,0,0,0,66
2025-09-29T12:35:07.748Z,60.3,21.1,1.926,49.6,0,60.1,0,0,0,0,0,0,0,0,66
2025-09-29T12:35:08.750Z,60.3,21.1,1.926,49.6,0,60.1,0,0,0,0,0,0,0,0,66
2025-09-29T12:35:09.753Z,60.2,21.1,1.926,50.4,0,60.1,0,0,0,0,0,0,0,0,66
2025-09-29T12:35:10.752Z,60.2,21.1,1.926,49.6,0,60.1,0,0,0,0,0,0,0,0,66
2025-09-29T12:35:11.751Z,60.2,21.1,1.926,50.4,0,60.1,0,0,0,0,0,0,0,0,66
2025-09-29T12:35:12.754Z,60.2,21.1,1.926,49.6,0,60.1,0,0,0,0,0,0,0,0,66
2025-09-29T12:35:13.755Z,60.2,21.1,1.926,50.4,0,60.1,0,0,0,0,0,0,0,0,66
2025-09-29T12:35:14.755Z,60.2,21.1,1.926,49.6,0,60.1,0,0,0,0,0,0,0,0,66
2025-09-29T12:35:15.757Z,60.2,21.1,1.926,50.4,0,60.1,0,0,0,0,0,0,0,0,66
2025-09-29T12:35:16.760Z,60.2,21.1,1.926,49.6,0,60.1,0,0,0,0,0,0,0,0,66
2025-09-29T12:35:17.753Z,60.2,21.1,1.926,50.4,0,60.1,0,0,0,0,0,0,0,0,66
2025-09-29T12:35:18.759Z,60.2,21.1,1.926,49.6,0,60.1,0,0,0,0,0,0,0,0,66
2025-09-29T12:35:19.760Z,60.2,21.1,1.926,50.4,0,60.1,0,0,0,0,0,0,0,0,66
2025-09-29T12:35:20.759Z,60.2,21.1,1.926,49.6,0,60.1,0,0,0,0,0,0,0,0,66
2025-09-29T12:35:21.760Z,60.2,21.1,1.926,49.6,0,60.1,0,0,0,0,0,0,0,0,66
2025-09-29T12:35:22.764Z,60.2,21.1,1.926,50.4,0,60.1,0,0,0,0,0,0,0,0,66
2025-09-29T12:35:23.765Z,60.2,21.1,1.927,49.6,0,60.1,0,0,0,0,0,0,0,0,66
2025-09-29T12:35:24.768Z,60.2,21.1,1.927,50.4,0,60.1,0,0,0,0,0,0,0,0,66
2025-09-29T12:35:25.766Z,60.2,21.1,1.927,49.6,0,60.1,0,0,0,0,0,0,0,0,66
2025-09-29T12:35:26.769Z,60.2,21.1,1.927,50.4,0,60.1,0,0,0,0,0,0,0,0,66
2025-09-29T12:35:27.769Z,60.2,21.1,1.927,50.4,0,60.1,0,0,0,0,0,0,0,0,66
2025-09-29T12:35:28.772Z,60.2,21.1,1.927,49.6,0,60.1,0,0,0,0,0,0,0,0,66
2025-09-29T12:35:29.774Z,60.2,21.1,1.927,49.6,0,60.1,0,0,0,0,0,0,0,0,66
2025-09-29T12:35:30.771Z,60.2,21.1,1.927,49.6,0,60.1,0,0,0,0,0,0,0,0,66
2025-09-29T12:35:31.771Z,60.2,21.1,1.927,50.4,0,60.1,0,0,0,0,0,0,0,0,66
2025-09-29T12:35:32.775Z,60.2,21.1,1.927,49.6,0,60.1,0,0,0,0,0,0,0,0,66
2025-09-29T12:35:33.774Z,60.1,21.1,1.927,50.4,0,60.1,0,0,0,0,0,0,0,0,66
2025-09-29T12:35:34.775Z,60.1,21.1,1.927,50.4,0,60.1,0,0,0,0,0,0,0,0,66
2025-09-29T12:35:35.774Z,60.1,21.1,1.927,49.6,0,60.1,0,0,0,0,0,0,0,0,66
2025-09-29T12:35:36.777Z,60.1,21.1,1.927,50.4,0,60.1,0,0,0,0,0,0,0,0,66
2025-09-29T12:35:37.778Z,60.1,21.1,1.927,49.6,0,60.1,0,0,0,0,0,0,0,0,66
2025-09-29T12:35:38.775Z,60.1,21.1,1.927,50.4,0,60.1,0,0,0,0,0,0,0,0,66
2025-09-29T12:35:39.777Z,60.1,21.1,1.927,49.6,0,60.1,0,0,0,0,0,0,0,0,66
2025-09-29T12:35:40.781Z,60.1,21.1,1.927,50.4,0,60.1,0,0,0,0,0,0,0,0,66
2025-09-29T12:35:41.783Z,60.1,21.1,1.926,49.6,0,60.1,0,0,0,0,0,0,0,0,66
2025-09-29T12:35:42.782Z,60.1,21.1,1.927,50.4,0,60.1,0,0,0,0,0,0,0,0,66
2025-09-29T12:35:43.782Z,60.1,21.1,1.927,49.6,0,60.1,0,0,0,0,0,0,0,0,66
2025-09-29T12:35:44.784Z,60.1,21.1,1.927,50.4,0,60.1,0,0,0,0,0,0,0,0,66
2025-09-29T12:35:45.785Z,60.1,21.1,1.927,49.6,0,60.1,0,0,0,0,0,0,0,0,66
2025-09-29T12:35:46.786Z,60.1,21.1,1.926,50.4,0,60.1,0,0,0,0,0,0,0,0,66
2025-09-29T12:35:47.786Z,60.1,21.1,1.927,49.6,0,60.1,0,0,0,0,0,0,0,0,66
2025-09-29T12:35:48.789Z,60.1,21.1,1.926,50.4,0,60.1,0,0,0,0,0,0,0,0,66
2025-09-29T12:35:48.789Z,60.1,21.1,1.926,50.4,0,60.1,0,0,0,0,0,0,0,0,66
2025-09-29T12:35:50.792Z,60.1,21.1,1.926,50.4,0,60.1,0,0,0,0,0,0,0,0,66
2025-09-29T12:35:51.791Z,60.1,21.1,1.926,49.6,0,60.1,0,0,0,0,0,0,0,0,66
2025-09-29T12:35:52.792Z,60.1,21.1,1.926,50.4,0,60.1,0,0,0,0,0,0,0,0,66
2025-09-29T12:35:53.793Z,60.1,21.1,1.926,49.6,0,60.1,0,0,0,0,0,0,0,0,66
2025-09-29T12:35:54.796Z,60,21.1,1.926,50.4,0,60.1,0,0,0,0,0,0,0,0,66
2025-09-29T12:35:55.801Z,60,21.1,1.926,49.6,0,60.1,0,0,0,0,0,0,0,0,66
2025-09-29T12:35:56.801Z,60,21.1,1.926,50.4,0,60.1,0,0,0,0,0,0,0,0,66
2025-09-29T12:35:57.795Z,60,21.1,1.926,49.6,0,60.1,0,0,0,0,0,0,0,0,66
2025-09-29T12:35:58.804Z,60,21.1,1.926,50.4,0,60.1,0,0,0,0,0,0,0,0,66
2025-09-29T12:35:59.800Z,60,21.1,1.926,50.4,0,60.1,0,0,0,0,0,0,0,0,66
2025-09-29T12:36:00.804Z,60,21.1,1.927,49.6,0,60.1,0,0,0,0,0,0,0,0,66
2025-09-29T12:36:01.805Z,60,21.1,1.927,50.4,0,60.1,0,0,0,0,0,0,0,0,66
2025-09-29T12:36:02.807Z,60,21.1,1.927,49.6,0,60.1,0,0,0,0,0,0,0,0,66
2025-09-29T12:36:03.804Z,60,21.1,1.926,50.4,0,60.1,0,0,0,0,0,0,0,0,66
2025-09-29T12:36:04.805Z,60,21.1,1.926,49.6,0,60.1,0,0,0,0,0,0,0,0,66
2025-09-29T12:36:05.806Z,60,21.1,1.927,50.4,0,60.1,0,0,0,0,0,0,0,0,66
2025-09-29T12:36:06.809Z,60,21.1,1.927,49.6,0,60.1,0,0,0,0,0,0,0,0,66
2025-09-29T12:36:07.810Z,60,21.1,1.927,50.4,0,60.1,0,0,0,0,0,0,0,0,66
2025-09-29T12:36:08.806Z,60,21.1,1.926,49.6,0,60.1,0,0,0,0,0,0,0,0,66
2025-09-29T12:36:09.811Z,60,21.1,1.927,50.4,0,60.1,0,0,0,0,0,0,0,0,66
2025-09-29T12:36:10.815Z,60,21.1,1.927,49.6,0,60.1,0,0,0,0,0,0,0,0,66
2025-09-29T12:36:11.817Z,60,21.1,1.927,50.4,0,60.1,0,0,0,0,0,0,0,0,66
2025-09-29T12:36:12.812Z,60,21.1,1.927,49.6,0,60.1,0,0,0,0,0,0,0,0,66
2025-09-29T12:36:13.811Z,60,21.1,1.927,50.4,0,60.1,0,0,0,0,0,0,0,0,66
2025-09-29T12:36:14.811Z,60,21.1,1.926,49.6,0,60.1,0,0,0,0,0,0,0,0,66
2025-09-29T12:36:15.814Z,60,21.1,1.928,50.4,0,60.1,0,0,0,0,0,0,0,0,66
2025-09-29T12:36:16.820Z,60,21.1,1.928,49.6,0,60.1,0,0,0,0,0,0,0,0,66
2025-09-29T12:36:17.820Z,60,21.1,1.928,50.4,0,60.1,0,0,0,0,0,0,0,0,66
2025-09-29T12:36:18.818Z,60,21.1,1.927,49.6,0,60.1,0,0,0,0,0,0,0,0,66
2025-09-29T12:36:19.820Z,60,21.1,1.928,49.6,0,60.1,0,0,0,0,0,0,0,0,66
2025-09-29T12:36:20.824Z,60,21.1,1.928,50.4,0,60.1,0,0,0,0,0,0,0,0,66
2025-09-29T12:36:21.816Z,59.9,21.1,1.927,49.6,0,60.1,0,0,0,0,0,0,0,0,66
2025-09-29T12:36:22.823Z,60,21.1,1.928,50.4,0,60.1,0,0,0,0,0,0,0,0,66
2025-09-29T12:36:23.820Z,59.9,21.1,1.928,49.6,0,60.1,0,0,0,0,0,0,0,0,66
2025-09-29T12:36:24.824Z,59.9,21.1,1.928,50.4,0,60.1,0,0,0,0,0,0,0,0,66
2025-09-29T12:36:25.824Z,59.9,21.1,1.928,49.6,0,60.1,0,0,0,0,0,0,0,0,66
2025-09-29T12:36:26.826Z,59.9,21.1,1.928,49.6,0,60.1,0,0,0,0,0,0,0,0,66
2025-09-29T12:36:27.826Z,59.9,21.1,1.928,49.6,0,60.1,0,0,0,0,0,0,0,0,66
2025-09-29T12:36:28.824Z,59.9,21.1,1.928,50.4,0,60.1,0,0,0,0,0,0,0,0,66
2025-09-29T12:36:29.827Z,59.9,21.1,1.928,49.6,0,60.1,0,0,0,0,0,0,0,0,66
2025-09-29T12:36:30.825Z,59.9,21.1,1.928,50.4,0,60.1,0,0,0,0,0,0,0,0,66
2025-09-29T12:36:31.826Z,59.9,21.1,1.928,49.6,0,60.1,0,0,0,0,0,0,0,0,66
2025-09-29T12:36:32.832Z,59.9,21.1,1.928,50.4,0,60.1,0,0,0,0,0,0,0,0,66
2025-09-29T12:36:33.831Z,59.9,21.1,1.928,49.6,0,60.1,0,0,0,0,0,0,0,0,66
2025-09-29T12:36:34.832Z,59.9,21.1,1.929,50.4,0,60.1,0,0,0,0,0,0,0,0,66
2025-09-29T12:36:35.831Z,59.9,21.1,1.928,49.6,0,60.1,0,0,0,0,0,0,0,0,66
2025-09-29T12:36:36.832Z,59.9,21.1,1.929,49.6,0,60.1,0,0,0,0,0,0,0,0,66
2025-09-29T12:36:37.833Z,59.9,21.1,1.929,49.6,0,60.1,0,0,0,0,0,0,0,0,66
2025-09-29T12:36:38.834Z,59.9,21.1,1.929,50.4,0,60.1,0,0,0,0,0,0,0,0,66
2025-09-29T12:36:39.833Z,59.9,21.1,1.929,49.6,0,60.1,0,0,0,0,0,0,0,0,66
2025-09-29T12:36:40.835Z,59.9,21.1,1.929,50.4,0,60.1,0,0,0,0,0,0,0,0,66
2025-09-29T12:36:41.838Z,59.9,21.1,1.929,49.6,0,60.1,0,0,0,0,0,0,0,0,66
2025-09-29T12:36:42.837Z,59.9,21.1,1.929,50.4,0,60.1,0,0,0,0,0,0,0,0,66
2025-09-29T12:36:43.840Z,59.9,21.1,1.928,49.6,0,60.1,0,0,0,0,0,0,0,0,66
2025-09-29T12:36:44.843Z,59.8,21.1,1.928,50.4,0,60.1,0,0,0,0,0,0,0,0,66
2025-09-29T12:36:45.847Z,59.9,21.1,1.928,49.6,0,60.1,0,0,0,0,0,0,0,0,66
2025-09-29T12:36:46.841Z,59.8,21.1,1.928,50.4,0,60.1,0,0,0,0,0,0,0,0,66
2025-09-29T12:36:47.841Z,59.8,21.1,1.929,49.6,0,60.1,0,0,0,0,0,0,0,0,66
2025-09-29T12:36:48.844Z,59.8,21.1,1.928,49.6,0,60.1,0,0,0,0,0,0,0,0,66
2025-09-29T12:36:49.850Z,59.8,21.1,1.928,50.4,0,60.1,0,0,0,0,0,0,0,0,66
2025-09-29T12:36:50.848Z,59.8,21.1,1.928,49.6,0,60.1,0,0,0,0,0,0,0,0,66
2025-09-29T12:36:51.848Z,59.8,21.1,1.928,49.6,0,60.1,0,0,0,0,0,0,0,0,66
2025-09-29T12:36:52.845Z,59.8,21.1,1.928,50.4,0,60.1,0,0,0,0,0,0,0,0,66
2025-09-29T12:36:53.847Z,59.8,21.1,1.928,49.6,0,60.1,0,0,0,0,0,0,0,0,66
2025-09-29T12:36:54.848Z,59.8,21.1,1.928,50.4,0,60.1,0,0,0,0,0,0,0,0,66
2025-09-29T12:36:55.847Z,59.8,21.1,1.929,49.6,0,60.1,0,0,0,0,0,0,0,0,66
2025-09-29T12:36:56.849Z,59.8,21.1,1.928,50.4,0,60.1,0,0,0,0,0,0,0,0,66
2025-09-29T12:36:57.853Z,59.8,21.1,1.928,49.6,0,60.1,0,0,0,0,0,0,0,0,66
2025-09-29T12:36:58.851Z,59.8,21.1,1.928,50.4,0,60.1,0,0,0,0,0,0,0,0,66
2025-09-29T12:36:59.852Z,59.8,21.1,1.928,49.6,0,60.1,0,0,0,0,0,0,0,0,66
2025-09-29T12:37:00.847Z,59.8,21.1,1.929,49.6,0,60.1,0,0,0,0,0,0,0,0,66
2025-09-29T12:37:01.849Z,59.8,21.1,1.929,49.6,0,60.1,0,0,0,0,0,0,0,0,66
2025-09-29T12:37:02.853Z,59.8,21.1,1.928,50.4,0,60.1,0,0,0,0,0,0,0,0,66
2025-09-29T12:37:03.853Z,59.8,21.1,1.928,49.6,0,60.1,0,0,0,0,0,0,0,0,66
2025-09-29T12:37:04.861Z,59.8,21.1,1.928,49.6,0,60.1,0,0,0,0,0,0,0,0,66
2025-09-29T12:37:05.862Z,59.8,21.1,1.929,50.4,0,60.1,0,0,0,0,0,0,0,0,66
2025-09-29T12:37:06.860Z,59.8,21.1,1.928,49.6,0,60.1,0,0,0,0,0,0,0,0,66
2025-09-29T12:37:07.863Z,59.8,21.1,1.929,50.4,0,60.1,0,0,0,0,0,0,0,0,66
2025-09-29T12:37:08.862Z,59.8,21.1,1.928,50.4,0,60.1,0,0,0,0,0,0,0,0,66
2025-09-29T12:37:09.865Z,59.8,21.1,1.929,49.6,0,60.1,0,0,0,0,0,0,0,0,66
2025-09-29T12:37:10.864Z,59.8,21.1,1.929,50.4,0,60.1,0,0,0,0,0,0,0,0,66
2025-09-29T12:37:11.867Z,59.8,21.1,1.929,49.6,0,60.1,0,0,0,0,0,0,0,0,66
2025-09-29T12:37:12.869Z,59.7,21.1,1.929,50.4,0,60.1,0,0,0,0,0,0,0,0,66
2025-09-29T12:37:13.869Z,59.7,21.1,1.929,49.6,0,60.1,0,0,0,0,0,0,0,0,66
2025-09-29T12:37:14.871Z,59.7,21.1,1.929,49.6,0,60.1,0,0,0,0,0,0,0,0,66
2025-09-29T12:37:15.865Z,59.7,21.1,1.928,49.6,0,60.1,0,0,0,0,0,0,0,0,66
2025-09-29T12:37:16.869Z,59.7,21.1,1.929,50.4,0,60.1,0,0,0,0,0,0,0,0,66
2025-09-29T12:37:17.868Z,59.7,21.1,1.929,49.6,0,60.1,0,0,0,0,0,0,0,0,66
2025-09-29T12:37:18.867Z,59.7,21.1,1.928,49.6,0,60.1,0,0,0,0,0,0,0,0,66
2025-09-29T12:37:19.873Z,59.7,21.1,1.929,50.4,0,60.1,0,0,0,0,0,0,0,0,66
2025-09-29T12:37:20.871Z,59.7,21.1,1.929,49.6,0,60.1,0,0,0,0,0,0,0,0,66
2025-09-29T12:37:21.869Z,59.7,21.1,1.928,50.4,0,60.1,0,0,0,0,0,0,0,0,66
2025-09-29T12:37:22.877Z,59.7,21.1,1.93,50.4,0,60.1,0,0,0,0,0,0,0,0,66
2025-09-29T12:37:23.872Z,59.7,21.1,1.929,49.6,0,60.1,0,0,0,0,0,0,0,0,66
2025-09-29T12:37:24.873Z,59.7,21.1,1.928,50.4,0,60.1,0,0,0,0,0,0,0,0,66
2025-09-29T12:37:25.876Z,59.7,21.1,1.929,49.6,0,60.1,0,0,0,0,0,0,0,0,66
2025-09-29T12:37:26.877Z,59.7,21.1,1.929,50.4,0,60.1,0,0,0,0,0,0,0,0,66
2025-09-29T12:37:27.879Z,59.7,21.1,1.929,49.6,0,60.1,0,0,0,0,0,0,0,0,66
2025-09-29T12:37:28.882Z,59.7,21.1,1.93,50.4,0,60.1,0,0,0,0,0,0,0,0,66
2025-09-29T12:37:29.880Z,59.7,21.1,1.929,49.6,0,60.1,0,0,0,0,0,0,0,0,66
2025-09-29T12:37:30.879Z,59.7,21.1,1.929,49.6,0,60.1,0,0,0,0,0,0,0,0,66
2025-09-29T12:37:31.877Z,59.7,21.1,1.929,50.4,0,60.1,0,0,0,0,0,0,0,0,66
2025-09-29T12:37:32.876Z,59.7,21.1,1.93,49.6,0,60.1,0,0,0,0,0,0,0,0,66
2025-09-29T12:37:33.878Z,59.7,21.1,1.93,50.4,0,60.1,0,0,0,0,0,0,0,0,66
2025-09-29T12:37:34.882Z,59.7,21.1,1.93,49.6,0,60.1,0,0,0,0,0,0,0,0,66
2025-09-29T12:37:35.882Z,59.7,21.1,1.929,49.6,0,60.1,0,0,0,0,0,0,0,0,66
2025-09-29T12:37:36.883Z,59.7,21.1,1.93,50.4,0,60.1,0,0,0,0,0,0,0,0,66
2025-09-29T12:37:37.886Z,59.7,21.1,1.93,49.6,0,60.1,0,0,0,0,0,0,0,0,66
2025-09-29T12:37:38.883Z,59.7,21.1,1.93,50.4,0,60.1,0,0,0,0,0,0,0,0,66
2025-09-29T12:37:39.886Z,59.7,21.1,1.93,49.6,0,60.1,0,0,0,0,0,0,0,0,66
2025-09-29T12:37:40.887Z,59.7,21.1,1.93,49.6,0,60.1,0,0,0,0,0,0,0,0,66
2025-09-29T12:37:41.889Z,59.7,21.1,1.93,50.4,0,60.1,0,0,0,0,0,0,0,0,66
2025-09-29T12:37:42.891Z,59.7,21.1,1.929,50.4,0,60.1,0,0,0,0,0,0,0,0,66
2025-09-29T12:37:43.893Z,59.6,21.1,1.929,49.6,0,60.1,0,0,0,0,0,0,0,0,66
2025-09-29T12:37:44.893Z,59.6,21.1,1.929,50.4,0,60.1,0,0,0,0,0,0,0,0,66
2025-09-29T12:37:45.893Z,59.6,21.1,1.929,49.6,0,60.1,0,0,0,0,0,0,0,0,66
2025-09-29T12:37:46.894Z,59.6,21.1,1.929,50.4,0,60.1,0,0,0,0,0,0,0,0,66
2025-09-29T12:37:47.896Z,59.6,21.1,1.929,49.6,0,60.1,0,0,0,0,0,0,0,0,66
2025-09-29T12:37:48.890Z,59.6,21.1,1.93,50.4,0,60.1,0,0,0,0,0,0,0,0,66
2025-09-29T12:37:49.896Z,59.6,21.1,1.93,50.4,0,60.1,0,0,0,0,0,0,0,0,66
2025-09-29T12:37:50.895Z,59.6,21.1,1.93,49.6,0,60.1,0,0,0,0,0,0,0,0,66
2025-09-29T12:37:51.898Z,59.6,21.1,1.929,50.4,0,60.1,0,0,0,0,0,0,0,0,66
2025-09-29T12:37:52.903Z,59.6,21.1,1.93,49.6,0,60.1,0,0,0,0,0,0,0,0,66
2025-09-29T12:37:53.905Z,59.6,21.1,1.929,50.4,0,60.1,0,0,0,0,0,0,0,0,66
2025-09-29T12:37:54.898Z,59.6,21.1,1.93,49.6,0,60.1,0,0,0,0,0,0,0,0,66
2025-09-29T12:37:55.894Z,59.6,21.1,1.93,49.6,0,60.1,0,0,0,0,0,0,0,0,66
2025-09-29T12:37:56.902Z,59.6,21.1,1.93,50.4,0,60.1,0,0,0,0,0,0,0,0,66
2025-09-29T12:37:57.904Z,59.6,21.1,1.93,49.6,0,60.1,0,0,0,0,0,0,0,0,66
2025-09-29T12:37:58.899Z,59.6,21.1,1.93,50.4,0,60.1,0,0,0,0,0,0,0,0,66
2025-09-29T12:37:59.908Z,59.6,21.1,1.93,49.6,0,60.1,0,0,0,0,0,0,0,0,66
2025-09-29T12:38:00.901Z,59.6,21.1,1.93,50.4,0,60.1,0,0,0,0,0,0,0,0,66
2025-09-29T12:38:01.904Z,59.6,21.1,1.93,50.4,0,60.1,0,0,0,0,0,0,0,0,66
2025-09-29T12:38:02.905Z,59.6,21.1,1.93,49.6,0,60.1,0,0,0,0,0,0,0,0,66
2025-09-29T12:38:03.905Z,59.6,21.1,1.93,50.4,0,60.1,0,0,0,0,0,0,0,0,66
2025-09-29T12:38:04.910Z,59.6,21.1,1.93,49.6,0,60.1,0,0,0,0,0,0,0,0,66
2025-09-29T12:38:05.903Z,59.6,21.1,1.93,50.4,0,60.1,0,0,0,0,0,0,0,0,66
2025-09-29T12:38:06.909Z,59.6,21.1,1.93,49.6,0,60.1,0,0,0,0,0,0,0,0,66
2025-09-29T12:38:07.913Z,59.6,21.1,1.93,50.4,0,60.1,0,0,0,0,0,0,0,0,66
2025-09-29T12:38:08.913Z,59.6,21.1,1.93,49.6,0,60.1,0,0,0,0,0,0,0,0,66
2025-09-29T12:38:09.918Z,59.6,21.1,1.931,50.4,0,60.1,0,0,0,0,0,0,0,0,66
2025-09-29T12:38:10.918Z,59.6,21.1,1.931,49.6,0,60.1,0,0,0,0,0,0,0,0,66
2025-09-29T12:38:11.912Z,59.6,21.1,1.93,50.4,0,60.1,0,0,0,0,0,0,0,0,66
2025-09-29T12:38:12.918Z,59.6,21.1,1.93,49.6,0,60.1,0,0,0,0,0,0,0,0,66
2025-09-29T12:38:13.913Z,59.5,21.1,1.93,50.4,0,60.1,0,0,0,0,0,0,0,0,66
2025-09-29T12:38:14.919Z,59.5,21.1,1.931,49.6,0,60.1,0,0,0,0,0,0,0,0,66
2025-09-29T12:38:15.921Z,59.5,21.1,1.931,50.4,0,60.1,0,0,0,0,0,0,0,0,66
2025-09-29T12:38:16.922Z,59.5,21.1,1.931,49.6,0,60.1,0,0,0,0,0,0,0,0,66
2025-09-29T12:38:17.923Z,59.5,21.1,1.931,50.4,0,60.1,0,0,0,0,0,0,0,0,66
2025-09-29T12:38:18.922Z,59.5,21.1,1.931,49.6,0,60.1,0,0,0,0,0,0,0,0,66
2025-09-29T12:38:19.925Z,59.5,21.1,1.931,50.4,0,60.1,0,0,0,0,0,0,0,0,66
2025-09-29T12:38:20.922Z,59.5,21.1,1.931,49.6,0,60.1,0,0,0,0,0,0,0,0,66
2025-09-29T12:38:21.925Z,59.5,21.1,1.931,50.4,0,60.1,0,0,0,0,0,0,0,0,66
2025-09-29T12:38:22.921Z,59.5,21.1,1.93,49.6,0,60.1,0,0,0,0,0,0,0,0,66
2025-09-29T12:38:23.928Z,59.5,21.1,1.931,50.4,0,60.1,0,0,0,0,0,0,0,0,66
2025-09-29T12:38:24.929Z,59.5,21.1,1.931,49.6,0,60.1,0,0,0,0,0,0,0,0,66
2025-09-29T12:38:25.931Z,59.5,21.1,1.931,50.4,0,60.1,0,0,0,0,0,0,0,0,66
2025-09-29T12:38:26.930Z,59.5,21.1,1.931,49.6,0,60.1,0,0,0,0,0,0,0,0,66
2025-09-29T12:38:27.928Z,59.5,21.1,1.931,50.4,0,60.1,0,0,0,0,0,0,0,0,66
2025-09-29T12:38:28.928Z,59.5,21.1,1.931,49.6,0,60.1,0,0,0,0,0,0,0,0,66
2025-09-29T12:38:29.936Z,59.5,21.1,1.931,50.4,0,60.1,0,0,0,0,0,0,0,0,66
2025-09-29T12:38:30.930Z,59.5,21.1,1.931,49.6,0,60.1,0,0,0,0,0,0,0,0,66
2025-09-29T12:38:31.933Z,59.5,21.1,1.931,50.4,0,60,0,0,0,0,0,0,0,0,66
2025-09-29T12:38:32.934Z,59.5,21.1,1.931,49.6,0,60.1,0,0,0,0,0,0,0,0,66
2025-09-29T12:38:33.937Z,59.5,21.1,1.931,50.4,0,60.1,0,0,0,0,0,0,0,0,66
2025-09-29T12:38:34.931Z,59.5,21.1,1.931,49.6,0,60.1,0,0,0,0,0,0,0,0,66
2025-09-29T12:38:35.936Z,59.5,21.1,1.931,50.4,0,60.1,0,0,0,0,0,0,0,0,66
2025-09-29T12:38:36.937Z,59.5,21.1,1.931,49.6,0,60.1,0,0,0,0,0,0,0,0,66
2025-09-29T12:38:37.942Z,59.5,21.1,1.93,50.4,0,60.1,0,0,0,0,0,0,0,0,66
2025-09-29T12:38:38.935Z,59.5,21.1,1.931,49.6,0,60.1,0,0,0,0,0,0,0,0,66
2025-09-29T12:38:39.941Z,59.5,21.1,1.93,50.4,0,60.1,0,0,0,0,0,0,0,0,66
2025-09-29T12:38:40.935Z,59.5,21.1,1.931,49.6,0,60.1,0,0,0,0,0,0,0,0,66
2025-09-29T12:38:41.941Z,59.5,21.1,1.93,50.4,0,60.1,0,0,0,0,0,0,0,0,66
2025-09-29T12:38:42.942Z,59.5,21.1,1.93,49.6,0,60.1,0,0,0,0,0,0,0,0,66
2025-09-29T12:38:43.944Z,59.5,21.1,1.93,49.6,0,60.1,0,0,0,0,0,0,0,0,66
2025-09-29T12:38:44.945Z,59.5,21.1,1.93,49.6,0,60.1,0,0,0,0,0,0,0,0,66
2025-09-29T12:38:45.947Z,59.5,21.1,1.93,49.6,0,60.1,0,0,0,0,0,0,0,0,66
2025-09-29T12:38:46.947Z,59.5,21.1,1.93,50.4,0,60.1,0,0,0,0,0,0,0,0,66
2025-09-29T12:38:47.948Z,59.5,21.1,1.93,49.6,0,60.1,0,0,0,0,0,0,0,0,66
2025-09-29T12:38:48.956Z,59.5,21.1,1.93,50.4,0,60.1,0,0,0,0,0,0,0,0,66
2025-09-29T12:38:49.948Z,59.5,21.1,1.93,49.6,0,60.1,0,0,0,0,0,0,0,0,66
2025-09-29T12:38:50.950Z,59.4,21.1,1.93,50.4,0,60.1,0,0,0,0,0,0,0,0,66
2025-09-29T12:38:51.953Z,59.5,21.1,1.93,49.6,0,60,0,0,0,0,0,0,0,0,66
2025-09-29T12:38:52.949Z,59.4,21.1,1.93,50.4,0,60.1,0,0,0,0,0,0,0,0,66
2025-09-29T12:38:53.955Z,59.4,21.1,1.93,49.6,0,60,0,0,0,0,0,0,0,0,66
2025-09-29T12:38:54.952Z,59.5,21.1,1.93,50.4,0,60.1,0,0,0,0,0,0,0,0,66
2025-09-29T12:38:55.956Z,59.4,21.1,1.93,49.6,0,60.1,0,0,0,0,0,0,0,0,66
2025-09-29T12:38:56.961Z,59.4,21.1,1.93,50.4,0,60.1,0,0,0,0,0,0,0,0,66
2025-09-29T12:38:57.958Z,59.4,21.1,1.93,49.6,0,60,0,0,0,0,0,0,0,0,66
2025-09-29T12:38:58.954Z,59.4,21.1,1.93,50.4,0,60,0,0,0,0,0,0,0,0,66
2025-09-29T12:38:59.957Z,59.4,21.1,1.93,49.6,0,60.1,0,0,0,0,0,0,0,0,66
2025-09-29T12:39:00.962Z,59.4,21.1,1.931,50.4,0,60,0,0,0,0,0,0,0,0,66
2025-09-29T12:39:01.959Z,59.4,21.1,1.93,49.6,0,60.1,0,0,0,0,0,0,0,0,66
2025-09-29T12:39:02.957Z,59.4,21.1,1.93,50.4,0,60.1,0,0,0,0,0,0,0,0,66
2025-09-29T12:39:03.961Z,59.4,21.1,1.931,49.6,0,60,0,0,0,0,0,0,0,0,66
2025-09-29T12:39:04.958Z,59.4,21.1,1.93,50.4,0,60.1,0,0,0,0,0,0,0,0,66
2025-09-29T12:39:05.962Z,59.4,21.1,1.93,49.6,0,60.1,0,0,0,0,0,0,0,0,66
2025-09-29T12:39:06.961Z,59.4,21.1,1.93,50.4,0,60,0,0,0,0,0,0,0,0,66
2025-09-29T12:39:07.967Z,59.4,21.1,1.931,49.6,0,60.1,0,0,0,0,0,0,0,0,66
2025-09-29T12:39:08.963Z,59.4,21.1,1.93,50.4,0,60,0,0,0,0,0,0,0,0,66
2025-09-29T12:39:09.968Z,59.4,21.1,1.931,49.6,0,60.1,0,0,0,0,0,0,0,0,66
2025-09-29T12:39:10.966Z,59.4,21.1,1.93,50.4,0,60.1,0,0,0,0,0,0,0,0,66
2025-09-29T12:39:11.967Z,59.4,21.1,1.931,49.6,0,60.1,0,0,0,0,0,0,0,0,66
2025-09-29T12:39:12.972Z,59.4,21.1,1.931,50.4,0,60,0,0,0,0,0,0,0,0,66
2025-09-29T12:39:13.970Z,59.4,21.1,1.931,49.6,0,60.1,0,0,0,0,0,0,0,0,66
2025-09-29T12:39:14.969Z,59.4,21.1,1.931,50.4,0,60.1,0,0,0,0,0,0,0,0,66
2025-09-29T12:39:15.974Z,59.4,21.1,1.931,49.6,0,60.1,0,0,0,0,0,0,0,0,66
2025-09-29T12:39:16.973Z,59.4,21.1,1.931,49.6,0,60.1,0,0,0,0,0,0,0,0,66
2025-09-29T12:39:17.976Z,59.4,21.1,1.931,50.4,0,60.1,0,0,0,0,0,0,0,0,66
2025-09-29T12:39:18.976Z,59.4,21.1,1.931,49.6,0,60.1,0,0,0,0,0,0,0,0,66
2025-09-29T12:39:19.974Z,59.4,21.1,1.931,50.4,0,60,0,0,0,0,0,0,0,0,66
2025-09-29T12:39:20.979Z,59.4,21.1,1.931,49.6,0,60,0,0,0,0,0,0,0,0,66
2025-09-29T12:39:21.978Z,59.4,21.1,1.931,50.4,0,60,0,0,0,0,0,0,0,0,66
2025-09-29T12:39:22.983Z,59.4,21.1,1.931,49.6,0,60.1,0,0,0,0,0,0,0,0,66
2025-09-29T12:39:23.980Z,59.4,21.1,1.931,50.4,0,60.1,0,0,0,0,0,0,0,0,66
2025-09-29T12:39:24.980Z,59.4,21.1,1.931,49.6,0,60.1,0,0,0,0,0,0,0,0,66
2025-09-29T12:39:25.985Z,59.4,21.1,1.931,50.4,0,60.1,0,0,0,0,0,0,0,0,66
2025-09-29T12:39:26.984Z,59.4,21.1,1.931,49.6,0,60.1,0,0,0,0,0,0,0,0,66
2025-09-29T12:39:27.985Z,59.4,21.1,1.931,50.4,0,60.1,0,0,0,0,0,0,0,0,66
2025-09-29T12:39:28.981Z,59.4,21.1,1.931,49.6,0,60.1,0,0,0,0,0,0,0,0,66
2025-09-29T12:39:29.983Z,59.4,21.1,1.931,50.4,0,60.1,0,0,0,0,0,0,0,0,66
2025-09-29T12:39:30.981Z,59.4,21.1,1.931,49.6,0,60.1,0,0,0,0,0,0,0,0,66
2025-09-29T12:39:31.987Z,59.4,21.1,1.931,50.4,0,60.1,0,0,0,0,0,0,0,0,66
2025-09-29T12:39:32.984Z,59.4,21.1,1.931,49.6,0,60.1,0,0,0,0,0,0,0,0,66
2025-09-29T12:39:33.987Z,59.4,21.1,1.93,49.6,0,60,0,0,0,0,0,0,0,0,66
2025-09-29T12:39:34.984Z,59.4,21.1,1.931,49.6,0,60.1,0,0,0,0,0,0,0,0,66
2025-09-29T12:39:35.987Z,59.4,21.1,1.931,50.4,0,60.1,0,0,0,0,0,0,0,0,66
2025-09-29T12:39:36.987Z,59.4,21.1,1.931,49.6,0,60.1,0,0,0,0,0,0,0,0,66
2025-09-29T12:39:37.989Z,59.4,21.1,1.931,50.4,0,60.1,0,0,0,0,0,0,0,0,66
2025-09-29T12:39:38.990Z,59.4,21.1,1.931,49.6,0,60.1,0,0,0,0,0,0,0,0,66
2025-09-29T12:39:39.994Z,59.4,21.1,1.93,50.4,0,60.1,0,0,0,0,0,0,0,0,66
2025-09-29T12:39:40.994Z,59.4,21.1,1.93,49.6,0,60.1,0,0,0,0,0,0,0,0,66
2025-09-29T12:39:41.997Z,59.4,21.1,1.93,50.4,0,60.1,0,0,0,0,0,0,0,0,66
2025-09-29T12:39:43.000Z,59.4,21.1,1.931,49.6,0,60.1,0,0,0,0,0,0,0,0,66
2025-09-29T12:39:43.994Z,59.4,21.1,1.93,50.4,0,60.1,0,0,0,0,0,0,0,0,66
2025-09-29T12:39:45.004Z,59.4,21.1,1.93,49.6,0,60.1,0,0,0,0,0,0,0,0,66
2025-09-29T12:39:45.999Z,59.4,21.1,1.93,50.4,0,60.1,0,0,0,0,0,0,0,0,66
2025-09-29T12:39:46.997Z,59.4,21.1,1.93,49.6,0,60.1,0,0,0,0,0,0,0,0,66
2025-09-29T12:39:47.998Z,59.4,21.1,1.93,50.4,0,60.1,0,0,0,0,0,0,0,0,66
2025-09-29T12:39:49.006Z,59.4,21.1,1.93,49.6,0,60,0,0,0,0,0,0,0,0,66
2025-09-29T12:39:50.008Z,59.4,21.1,1.93,50.4,0,60,0,0,0,0,0,0,0,0,66
2025-09-29T12:39:51.003Z,59.4,21.1,1.93,49.6,0,60.1,0,0,0,0,0,0,0,0,66
2025-09-29T12:39:52.008Z,59.4,21.1,1.93,50.4,0,60.1,0,0,0,0,0,0,0,0,66
2025-09-29T12:39:53.011Z,59.4,21.1,1.931,49.6,0,60.1,0,0,0,0,0,0,0,0,66
2025-09-29T12:39:54.004Z,59.4,21.1,1.93,50.4,0,60,0,0,0,0,0,0,0,0,66
2025-09-29T12:39:55.007Z,59.4,21.1,1.93,49.6,0,60.1,0,0,0,0,0,0,0,0,66
2025-09-29T12:39:56.011Z,59.4,21.1,1.93,50.4,0,60,0,0,0,0,0,0,0,0,66
2025-09-29T12:39:57.008Z,59.4,21.1,1.93,49.6,0,60,0,0,0,0,0,0,0,0,66
2025-09-29T12:39:58.014Z,59.4,21.1,1.931,50.4,0,60,0,0,0,0,0,0,0,0,66
2025-09-29T12:39:59.009Z,59.4,21.1,1.93,49.6,0,60,0,0,0,0,0,0,0,0,66
2025-09-29T12:40:00.010Z,59.4,21.1,1.93,50.4,0,60,0,0,0,0,0,0,0,0,66
2025-09-29T12:40:01.010Z,59.4,21.1,1.93,49.6,0,60,0,0,0,0,0,0,0,0,66
2025-09-29T12:40:02.012Z,59.4,21.1,1.93,50.4,0,60,0,0,0,0,0,0,0,0,66
2025-09-29T12:40:03.012Z,59.4,21.1,1.93,49.6,0,60,0,0,0,0,0,0,0,0,66
2025-09-29T12:40:04.015Z,59.4,21.1,1.931,50.4,0,60,0,0,0,0,0,0,0,0,66
2025-09-29T12:40:05.017Z,59.4,21.1,1.931,49.6,0,60,0,0,0,0,0,0,0,0,66
2025-09-29T12:40:06.014Z,59.4,21.1,1.93,49.6,0,60,0,0,0,0,0,0,0,0,66
2025-09-29T12:40:07.023Z,59.4,21.1,1.931,50.4,0,60,0,0,0,0,0,0,0,0,66
2025-09-29T12:40:08.014Z,59.4,21.1,1.93,49.6,0,60,0,0,0,0,0,0,0,0,66
2025-09-29T12:40:09.018Z,59.4,21.1,1.931,50.4,0,60,0,0,0,0,0,0,0,0,66
2025-09-29T12:40:10.017Z,59.4,21.1,1.93,49.6,0,60,0,0,0,0,0,0,0,0,66
2025-09-29T12:40:11.018Z,59.4,21.1,1.931,50.4,0,60,0,0,0,0,0,0,0,0,66
2025-09-29T12:40:12.020Z,59.4,21.1,1.931,49.6,0,60,0,0,0,0,0,0,0,0,66
2025-09-29T12:40:13.017Z,59.4,21.1,1.93,50.4,0,60,0,0,0,0,0,0,0,0,66
2025-09-29T12:40:14.022Z,59.5,21.1,1.931,49.6,0,60,0,0,0,0,0,0,0,0,66
2025-09-29T12:40:15.022Z,59.5,21.1,1.931,50.4,0,60,0,0,0,0,0,0,0,0,66
2025-09-29T12:40:16.024Z,59.5,21.1,1.931,49.6,0,60,0,0,0,0,0,0,0,0,66
2025-09-29T12:40:17.031Z,59.5,21.1,1.931,50.4,0,60,0,0,0,0,0,0,0,0,66
2025-09-29T12:40:18.028Z,59.5,21.1,1.931,49.6,0,60,0,0,0,0,0,0,0,0,66
2025-09-29T12:40:19.027Z,59.5,21.1,1.931,50.4,0,60,0,0,0,0,0,0,0,0,66
2025-09-29T12:40:20.027Z,59.5,21.1,1.931,49.6,0,60,0,0,0,0,0,0,0,0,66
2025-09-29T12:40:21.032Z,59.5,21.1,1.931,50.4,0,60,0,0,0,0,0,0,0,0,66
2025-09-29T12:40:22.033Z,59.5,21.1,1.931,49.6,0,60,0,0,0,0,0,0,0,0,66
2025-09-29T12:40:23.032Z,59.5,21.1,1.931,49.6,0,60,0,0,0,0,0,0,0,0,66
2025-09-29T12:40:24.033Z,59.5,21.1,1.93,50.4,0,60,0,0,0,0,0,0,0,0,66
2025-09-29T12:40:25.035Z,59.5,21.1,1.93,49.6,0,60,0,0,0,0,0,0,0,0,66
2025-09-29T12:40:26.034Z,59.5,21.1,1.93,50.4,0,60,0,0,0,0,0,0,0,0,66
2025-09-29T12:40:27.035Z,59.5,21.1,1.93,49.6,0,60,0,0,0,0,0,0,0,0,66
2025-09-29T12:40:28.042Z,59.5,21.1,1.93,50.4,0,60,0,0,0,0,0,0,0,0,66
2025-09-29T12:40:29.043Z,59.5,21.1,1.93,49.6,0,60,0,0,0,0,0,0,0,0,66
2025-09-29T12:40:30.038Z,59.5,21.1,1.93,50.4,0,60,0,0,0,0,0,0,0,0,66
2025-09-29T12:40:31.035Z,59.5,21.1,1.93,49.6,0,60,0,0,0,0,0,0,0,0,66
2025-09-29T12:40:32.037Z,59.5,21.1,1.93,50.4,0,60,0,0,0,0,0,0,0,0,66
2025-09-29T12:40:33.035Z,59.5,21.1,1.93,50.4,0,60,0,0,0,0,0,0,0,0,66
2025-09-29T12:40:34.038Z,59.5,21.1,1.93,50.4,0,60,0,0,0,0,0,0,0,0,66
2025-09-29T12:40:35.041Z,59.5,21.1,1.93,49.6,0,60,0,0,0,0,0,0,0,0,66
2025-09-29T12:40:36.038Z,59.5,21.1,1.93,49.6,0,60,0,0,0,0,0,0,0,0,66
2025-09-29T12:40:37.040Z,59.5,21.1,1.93,50.4,0,60,0,0,0,0,0,0,0,0,66
2025-09-29T12:40:38.044Z,59.5,21.1,1.93,49.6,0,60,0,0,0,0,0,0,0,0,66
2025-09-29T12:40:39.045Z,59.5,21.1,1.93,50.4,0,60,0,0,0,0,0,0,0,0,66
2025-09-29T12:40:40.045Z,59.5,21.1,1.93,49.6,0,60,0,0,0,0,0,0,0,0,66
2025-09-29T12:40:41.045Z,59.5,21.1,1.93,50.4,0,60,0,0,0,0,0,0,0,0,66
2025-09-29T12:40:42.045Z,59.5,21.1,1.93,49.6,0,60,0,0,0,0,0,0,0,0,66
2025-09-29T12:40:43.046Z,59.5,21.1,1.93,49.6,0,60,0,0,0,0,0,0,0,0,66
2025-09-29T12:40:44.048Z,59.5,21.1,1.93,49.6,0,60,0,0,0,0,0,0,0,0,66
2025-09-29T12:40:45.048Z,59.5,21.1,1.93,50.4,0,60,0,0,0,0,0,0,0,0,66
2025-09-29T12:40:46.052Z,59.5,21.1,1.931,49.6,0,60,0,0,0,0,0,0,0,0,66
2025-09-29T12:40:47.052Z,59.6,21.1,1.931,50.4,0,60,0,0,0,0,0,0,0,0,66
2025-09-29T12:40:48.055Z,59.6,21.1,1.931,49.6,0,60,0,0,0,0,0,0,0,0,66
2025-09-29T12:40:49.055Z,59.6,21.1,1.931,50.4,0,60,0,0,0,0,0,0,0,0,66
2025-09-29T12:40:50.058Z,59.6,21.1,1.931,49.6,0,60,0,0,0,0,0,0,0,0,66
2025-09-29T12:40:51.057Z,59.6,21.1,1.931,50.4,0,60,0,0,0,0,0,0,0,0,66
2025-09-29T12:40:52.060Z,59.6,21.1,1.931,49.6,0,60,0,0,0,0,0,0,0,0,66
2025-09-29T12:40:53.059Z,59.6,21.1,1.931,50.4,0,60,0,0,0,0,0,0,0,0,66
2025-09-29T12:40:54.059Z,59.6,21.1,1.931,49.6,0,60,0,0,0,0,0,0,0,0,66
2025-09-29T12:40:55.062Z,59.6,21.1,1.931,50.4,0,60,0,0,0,0,0,0,0,0,66
2025-09-29T12:40:56.058Z,59.6,21.1,1.931,49.6,0,60,0,0,0,0,0,0,0,0,66
2025-09-29T12:40:57.061Z,59.6,21.1,1.931,50.4,0,60,0,0,0,0,0,0,0,0,66
2025-09-29T12:40:58.062Z,59.6,21.1,1.931,49.6,0,60,0,0,0,0,0,0,0,0,66
2025-09-29T12:40:59.067Z,59.6,21.1,1.931,50.4,0,60,0,0,0,0,0,0,0,0,66
2025-09-29T12:41:00.070Z,59.6,21.1,1.93,49.6,0,60,0,0,0,0,0,0,0,0,66
2025-09-29T12:41:01.065Z,59.6,21.1,1.93,50.4,0,60,0,0,0,0,0,0,0,0,66
2025-09-29T12:41:02.066Z,59.6,21.1,1.931,49.6,0,60,0,0,0,0,0,0,0,0,66
2025-09-29T12:41:03.071Z,59.6,21.1,1.93,50.4,0,60,0,0,0,0,0,0,0,0,66
2025-09-29T12:41:04.068Z,59.6,21.1,1.93,49.6,0,60,0,0,0,0,0,0,0,0,66
2025-09-29T12:41:05.067Z,59.6,21.1,1.93,50.4,0,60,0,0,0,0,0,0,0,0,66
2025-09-29T12:41:06.068Z,59.6,21.1,1.93,49.6,0,60,0,0,0,0,0,0,0,0,66
2025-09-29T12:41:07.066Z,59.6,21.1,1.93,50.4,0,60,0,0,0,0,0,0,0,0,66
2025-09-29T12:41:08.068Z,59.6,21.1,1.93,49.6,0,60,0,0,0,0,0,0,0,0,66
2025-09-29T12:41:09.074Z,59.6,21.1,1.929,50.4,0,60,0,0,0,0,0,0,0,0,66
2025-09-29T12:41:10.071Z,59.6,21.1,1.93,49.6,0,60,0,0,0,0,0,0,0,0,66
2025-09-29T12:41:11.076Z,59.7,21.1,1.929,50.4,0,60,0,0,0,0,0,0,0,0,66
2025-09-29T12:41:12.073Z,59.7,21.1,1.93,49.6,0,60,0,0,0,0,0,0,0,0,66
2025-09-29T12:41:13.077Z,59.7,21.1,1.929,50.4,0,60,0,0,0,0,0,0,0,0,66
2025-09-29T12:41:14.075Z,59.7,21.1,1.929,49.6,0,60,0,0,0,0,0,0,0,0,66
2025-09-29T12:41:15.081Z,59.7,21.1,1.929,50.4,0,60,0,0,0,0,0,0,0,0,66
2025-09-29T12:41:16.078Z,59.7,21.1,1.929,49.6,0,60,0,0,0,0,0,0,0,0,66
2025-09-29T12:41:17.085Z,59.7,21.1,1.929,49.6,0,60,0,0,0,0,0,0,0,0,66
2025-09-29T12:41:18.082Z,59.7,21.1,1.929,49.6,0,60,0,0,0,0,0,0,0,0,66
2025-09-29T12:41:19.085Z,59.7,21.1,1.929,49.6,0,60,0,0,0,0,0,0,0,0,66
2025-09-29T12:41:20.084Z,59.7,21.1,1.929,49.6,0,60,0,0,0,0,0,0,0,0,66
2025-09-29T12:41:21.085Z,59.7,21.1,1.929,50.4,0,60,0,0,0,0,0,0,0,0,66
2025-09-29T12:41:22.086Z,59.7,21.1,1.929,49.6,0,60,0,0,0,0,0,0,0,0,66
2025-09-29T12:41:23.087Z,59.7,21.1,1.928,50.4,0,60,0,0,0,0,0,0,0,0,66
2025-09-29T12:41:24.088Z,59.7,21.1,1.929,49.6,0,60,0,0,0,0,0,0,0,0,66
2025-09-29T12:41:25.087Z,59.7,21.1,1.929,50.4,0,60,0,0,0,0,0,0,0,0,66
2025-09-29T12:41:26.095Z,59.7,21.1,1.929,49.6,0,60,0,0,0,0,0,0,0,0,66
2025-09-29T12:41:27.087Z,59.7,21.1,1.928,50.4,0,60,0,0,0,0,0,0,0,0,66
2025-09-29T12:41:28.092Z,59.7,21.1,1.928,49.6,0,60,0,0,0,0,0,0,0,0,66
2025-09-29T12:41:29.094Z,59.7,21.1,1.929,50.4,0,60,0,0,0,0,0,0,0,0,66
2025-09-29T12:41:30.092Z,59.7,21.1,1.929,49.6,0,60,0,0,0,0,0,0,0,0,66
2025-09-29T12:41:31.094Z,59.7,21.1,1.929,50.4,0,60,0,0,0,0,0,0,0,0,66
2025-09-29T12:41:32.093Z,59.8,21.1,1.929,49.6,0,60,0,0,0,0,0,0,0,0,66
2025-09-29T12:41:33.096Z,59.8,21.1,1.929,50.4,0,60,0,0,0,0,0,0,0,0,66
2025-09-29T12:41:34.094Z,59.8,21.1,1.929,49.6,0,60,0,0,0,0,0,0,0,0,66
2025-09-29T12:41:35.095Z,59.8,21.1,1.929,50.4,0,60,0,0,0,0,0,0,0,0,66
2025-09-29T12:41:36.097Z,59.8,21.1,1.929,49.6,0,60,0,0,0,0,0,0,0,0,66
2025-09-29T12:41:37.099Z,59.8,21.1,1.929,50.4,0,60,0,0,0,0,0,0,0,0,66
2025-09-29T12:41:38.102Z,59.8,21.1,1.929,49.6,0,60,0,0,0,0,0,0,0,0,66
2025-09-29T12:41:39.101Z,59.8,21.1,1.929,50.4,0,60,0,0,0,0,0,0,0,0,66
2025-09-29T12:41:40.101Z,59.8,21.1,1.929,49.6,0,60,0,0,0,0,0,0,0,0,66
2025-09-29T12:41:41.105Z,59.8,21.1,1.929,50.4,0,60,0,0,0,0,0,0,0,0,66
2025-09-29T12:41:42.108Z,59.8,21.1,1.929,49.6,0,60,0,0,0,0,0,0,0,0,66
2025-09-29T12:41:43.104Z,59.8,21.1,1.929,50.4,0,60,0,0,0,0,0,0,0,0,66
2025-09-29T12:41:44.106Z,59.8,21.1,1.929,49.6,0,60,0,0,0,0,0,0,0,0,66
2025-09-29T12:41:45.109Z,59.8,21.1,1.929,50.4,0,60,0,0,0,0,0,0,0,0,66
2025-09-29T12:41:46.112Z,59.8,21.1,1.928,49.6,0,60,0,0,0,0,0,0,0,0,66
2025-09-29T12:41:47.109Z,59.8,21.1,1.929,50.4,0,60,0,0,0,0,0,0,0,0,66
2025-09-29T12:41:48.107Z,59.8,21.1,1.929,49.6,0,60,0,0,0,0,0,0,0,0,66
2025-09-29T12:41:49.111Z,59.8,21.1,1.929,50.4,0,60,0,0,0,0,0,0,0,0,66
2025-09-29T12:41:50.112Z,59.8,21.1,1.928,49.6,0,60,0,0,0,0,0,0,0,0,66
2025-09-29T12:41:51.109Z,59.8,21.1,1.929,50.4,0,60,0,0,0,0,0,0,0,0,66
2025-09-29T12:41:52.112Z,59.8,21.1,1.928,49.6,0,60,0,0,0,0,0,0,0,0,66
2025-09-29T12:41:53.114Z,59.9,21.1,1.928,49.6,0,60,0,0,0,0,0,0,0,0,66
2025-09-29T12:41:54.117Z,59.9,21.1,1.928,50.4,0,60,0,0,0,0,0,0,0,0,66
2025-09-29T12:41:55.116Z,59.9,21.1,1.928,49.6,0,60,0,0,0,0,0,0,0,0,66
2025-09-29T12:41:56.114Z,59.9,21.1,1.929,50.4,0,60,0,0,0,0,0,0,0,0,66
2025-09-29T12:41:57.115Z,59.9,21.1,1.928,49.6,0,60,0,0,0,0,0,0,0,0,66
2025-09-29T12:41:58.119Z,59.9,21.1,1.928,50.4,0,60,0,0,0,0,0,0,0,0,66
2025-09-29T12:41:59.118Z,59.9,21.1,1.928,49.6,0,60,0,0,0,0,0,0,0,0,66
2025-09-29T12:42:00.120Z,59.9,21.1,1.928,49.6,0,60,0,0,0,0,0,0,0,0,66
2025-09-29T12:42:01.120Z,59.9,21.1,1.928,49.6,0,60,0,0,0,0,0,0,0,0,66
2025-09-29T12:42:02.124Z,59.9,21.1,1.928,50.4,0,60,0,0,0,0,0,0,0,0,66
2025-09-29T12:42:03.121Z,59.9,21.1,1.927,49.6,0,60,0,0,0,0,0,0,0,0,66
2025-09-29T12:42:04.123Z,59.9,21.1,1.927,50.4,0,60,0,0,0,0,0,0,0,0,66
2025-09-29T12:42:05.125Z,59.9,21.1,1.927,49.6,0,60,0,0,0,0,0,0,0,0,66
2025-09-29T12:42:06.126Z,59.9,21.1,1.927,50.4,0,60,0,0,0,0,0,0,0,0,66
2025-09-29T12:42:07.123Z,59.9,21.1,1.927,49.6,0,60,0,0,0,0,0,0,0,0,66
2025-09-29T12:42:08.129Z,60,21.1,1.927,49.6,0,60,0,0,0,0,0,0,0,0,66
2025-09-29T12:42:09.129Z,59.9,21.1,1.927,50.4,0,60,0,0,0,0,0,0,0,0,66
2025-09-29T12:42:10.135Z,60,21.1,1.928,49.6,0,60,0,0,0,0,0,0,0,0,66
2025-09-29T12:42:11.129Z,60,21.1,1.927,50.4,0,60,0,0,0,0,0,0,0,0,66
2025-09-29T12:42:12.133Z,60,21.1,1.928,49.6,0,60,0,0,0,0,0,0,0,0,66
2025-09-29T12:42:13.133Z,60,21.1,1.928,50.4,0,60,0,0,0,0,0,0,0,0,66
2025-09-29T12:42:14.142Z,60,21.1,1.928,49.6,0,60,0,0,0,0,0,0,0,0,66
2025-09-29T12:42:15.133Z,60,21.1,1.928,50.4,0,60,0,0,0,0,0,0,0,0,66
2025-09-29T12:42:16.137Z,60,21.1,1.928,49.6,0,60,0,0,0,0,0,0,0,0,66
2025-09-29T12:42:17.138Z,60,21.1,1.927,49.6,0,60,0,0,0,0,0,0,0,0,66
2025-09-29T12:42:18.138Z,60,21.1,1.927,50.4,0,60,0,0,0,0,0,0,0,0,66
2025-09-29T12:42:19.139Z,60,21.1,1.928,49.6,0,60,0,0,0,0,0,0,0,0,66
2025-09-29T12:42:20.146Z,60,21.1,1.928,49.6,0,60,0,0,0,0,0,0,0,0,66
2025-09-29T12:42:21.142Z,60,21.1,1.927,50.4,0,60,0,0,0,0,0,0,0,0,66
2025-09-29T12:42:22.144Z,60,21.1,1.927,49.6,0,60,0,0,0,0,0,0,0,0,66
2025-09-29T12:42:23.143Z,60,21.1,1.928,50.4,0,60,0,0,0,0,0,0,0,0,66
2025-09-29T12:42:24.145Z,60.1,21.1,1.927,49.6,0,59.9,0,0,0,0,0,0,0,0,66
2025-09-29T12:42:25.144Z,60.1,21.1,1.927,49.6,0,60,0,0,0,0,0,0,0,0,66
2025-09-29T12:42:26.147Z,60.1,21.1,1.927,50.4,0,60,0,0,0,0,0,0,0,0,66
2025-09-29T12:42:27.148Z,60.1,21.1,1.927,49.6,0,59.9,0,0,0,0,0,0,0,0,66
2025-09-29T12:42:28.147Z,60.1,21.1,1.927,50.4,0,59.9,0,0,0,0,0,0,0,0,66
2025-09-29T12:42:29.149Z,60.1,21.1,1.927,49.6,0,60,0,0,0,0,0,0,0,0,66
2025-09-29T12:42:30.148Z,60.1,21.1,1.927,50.4,0,60,0,0,0,0,0,0,0,0,66
2025-09-29T12:42:31.147Z,60.1,21.1,1.927,49.6,0,59.9,0,0,0,0,0,0,0,0,66
2025-09-29T12:42:32.148Z,60.1,21.1,1.927,50.4,0,59.9,0,0,0,0,0,0,0,0,66
2025-09-29T12:42:33.155Z,60.1,21.1,1.926,49.6,0,59.9,0,0,0,0,0,0,0,0,66
2025-09-29T12:42:34.154Z,60.1,21.1,1.926,49.6,0,59.9,0,0,0,0,0,0,0,0,66
2025-09-29T12:42:35.151Z,60.1,21.1,1.927,50.4,0,59.9,0,0,0,0,0,0,0,0,66
2025-09-29T12:42:36.153Z,60.1,21.1,1.926,49.6,0,59.9,0,0,0,0,0,0,0,0,66
2025-09-29T12:42:37.155Z,60.1,21.1,1.926,50.4,0,59.9,0,0,0,0,0,0,0,0,66
2025-09-29T12:42:38.156Z,60.1,21.1,1.926,49.6,0,59.9,0,0,0,0,0,0,0,0,66
2025-09-29T12:42:39.161Z,60.1,21.1,1.926,49.6,0,59.9,0,0,0,0,0,0,0,0,66
2025-09-29T12:42:40.162Z,60.1,21.1,1.926,50.4,0,59.9,0,0,0,0,0,0,0,0,66
2025-09-29T12:42:41.156Z,60.2,21.1,1.926,49.6,0,59.9,0,0,0,0,0,0,0,0,66
2025-09-29T12:42:42.157Z,60.2,21.1,1.926,49.6,0,59.9,0,0,0,0,0,0,0,0,66
2025-09-29T12:42:43.168Z,60.2,21.1,1.926,50.4,0,59.9,0,0,0,0,0,0,0,0,66
2025-09-29T12:42:44.161Z,60.2,21.1,1.926,49.6,0,59.9,0,0,0,0,0,0,0,0,66
2025-09-29T12:42:45.171Z,60.2,21.1,1.926,50.4,0,59.9,0,0,0,0,0,0,0,0,66
2025-09-29T12:42:46.164Z,60.2,21.1,1.926,49.6,0,59.9,0,0,0,0,0,0,0,0,66
2025-09-29T12:42:47.166Z,60.2,21.1,1.926,49.6,0,59.9,0,0,0,0,0,0,0,0,66
2025-09-29T12:42:48.164Z,60.2,21.1,1.926,50.4,0,59.9,0,0,0,0,0,0,0,0,66
2025-09-29T12:42:49.166Z,60.2,21.1,1.926,49.6,0,59.9,0,0,0,0,0,0,0,0,66
2025-09-29T12:42:50.167Z,60.2,21.1,1.926,49.6,0,59.9,0,0,0,0,0,0,0,0,66
2025-09-29T12:42:51.172Z,60.2,21.1,1.926,50.4,0,59.9,0,0,0,0,0,0,0,0,66
2025-09-29T12:42:52.174Z,60.2,21.1,1.927,49.6,0,59.9,0,0,0,0,0,0,0,0,66
2025-09-29T12:42:53.169Z,60.2,21.1,1.926,49.6,0,59.9,0,0,0,0,0,0,0,0,66
2025-09-29T12:42:54.170Z,60.2,21.1,1.926,50.4,0,59.9,0,0,0,0,0,0,0,0,66
2025-09-29T12:42:55.176Z,60.2,21.1,1.927,50.4,0,59.9,0,0,0,0,0,0,0,0,66
2025-09-29T12:42:56.177Z,60.2,21.1,1.927,49.6,0,59.9,0,0,0,0,0,0,0,0,66
2025-09-29T12:42:57.172Z,60.3,21.1,1.926,50.4,0,59.9,0,0,0,0,0,0,0,0,66
2025-09-29T12:42:58.183Z,60.3,21.1,1.927,49.6,0,59.9,0,0,0,0,0,0,0,0,66
2025-09-29T12:42:59.176Z,60.3,21.1,1.926,50.4,0,59.9,0,0,0,0,0,0,0,0,66
2025-09-29T12:43:00.174Z,60.3,21.1,1.926,50.4,0,59.9,0,0,0,0,0,0,0,0,66
2025-09-29T12:43:01.177Z,60.3,21.1,1.926,49.6,0,59.9,0,0,0,0,0,0,0,0,66
2025-09-29T12:43:02.176Z,60.3,21.1,1.926,50.4,0,59.9,0,0,0,0,0,0,0,0,66
2025-09-29T12:43:03.179Z,60.3,21.1,1.926,49.6,0,59.9,0,0,0,0,0,0,0,0,66
2025-09-29T12:43:04.181Z,60.3,21.1,1.926,50.4,0,59.9,0,0,0,0,0,0,0,0,66
2025-09-29T12:43:05.180Z,60.3,21.1,1.926,49.6,0,59.9,0,0,0,0,0,0,0,0,66
2025-09-29T12:43:06.180Z,60.3,21.1,1.926,49.6,0,59.9,0,0,0,0,0,0,0,0,66
2025-09-29T12:43:07.182Z,60.3,21.1,1.926,50.4,0,59.9,0,0,0,0,0,0,0,0,66
2025-09-29T12:43:08.182Z,60.3,21.1,1.926,49.6,0,59.9,0,0,0,0,0,0,0,0,66
2025-09-29T12:43:09.185Z,60.3,21.1,1.926,50.4,0,59.9,0,0,0,0,0,0,0,0,66
2025-09-29T12:43:10.187Z,60.3,21.1,1.926,49.6,0,59.9,0,0,0,0,0,0,0,0,66
2025-09-29T12:43:11.185Z,60.3,21.1,1.926,49.6,0,59.9,0,0,0,0,0,0,0,0,66
2025-09-29T12:43:12.185Z,60.4,21.1,1.926,50.4,0,59.9,0,0,0,0,0,0,0,0,66
2025-09-29T12:43:13.188Z,60.4,21.1,1.926,50.4,0,59.9,0,0,0,0,0,0,0,0,66
2025-09-29T12:43:14.189Z,60.4,21.1,1.926,49.6,0,59.9,0,0,0,0,0,0,0,0,66
2025-09-29T12:43:15.194Z,60.4,21.1,1.925,50.4,0,59.9,0,0,0,0,0,0,0,0,66
2025-09-29T12:43:16.191Z,60.4,21.1,1.926,49.6,0,59.9,0,0,0,0,0,0,0,0,66
2025-09-29T12:43:17.194Z,60.4,21.1,1.926,50.4,0,59.9,0,0,0,0,0,0,0,0,66
2025-09-29T12:43:18.193Z,60.4,21.1,1.926,49.6,0,59.9,0,0,0,0,0,0,0,0,66
2025-09-29T12:43:19.193Z,60.4,21.1,1.926,50.4,0,59.9,0,0,0,0,0,0,0,0,66
2025-09-29T12:43:20.196Z,60.4,21.1,1.925,50.4,0,59.9,0,0,0,0,0,0,0,0,66
2025-09-29T12:43:21.196Z,60.4,21.1,1.926,49.6,0,59.9,0,0,0,0,0,0,0,0,66
2025-09-29T12:43:22.193Z,60.4,21.1,1.926,49.6,0,59.9,0,0,0,0,0,0,0,0,66
2025-09-29T12:43:23.197Z,60.4,21.1,1.926,49.6,0,59.9,0,0,0,0,0,0,0,0,66
2025-09-29T12:43:24.201Z,60.4,21.1,1.925,50.4,0,59.9,0,0,0,0,0,0,0,0,66
2025-09-29T12:43:25.199Z,60.4,21.1,1.925,50.4,0,59.9,0,0,0,0,0,0,0,0,66
2025-09-29T12:43:26.201Z,60.4,21.1,1.925,49.6,0,59.9,0,0,0,0,0,0,0,0,66
2025-09-29T12:43:27.200Z,60.4,21.1,1.926,50.4,0,59.9,0,0,0,0,0,0,0,0,66
2025-09-29T12:43:28.201Z,60.4,21.1,1.925,49.6,0,59.9,0,0,0,0,0,0,0,0,66
2025-09-29T12:43:29.205Z,60.4,21.1,1.925,50.4,0,59.9,0,0,0,0,0,0,0,0,66
2025-09-29T12:43:30.204Z,60.5,21.1,1.925,50.4,0,59.9,0,0,0,0,0,0,0,0,66
2025-09-29T12:43:31.205Z,60.5,21.1,1.925,49.6,0,59.9,0,0,0,0,0,0,0,0,66
2025-09-29T12:43:32.205Z,60.5,21.1,1.925,49.6,0,59.9,0,0,0,0,0,0,0,0,66
2025-09-29T12:43:33.206Z,60.5,21.1,1.925,49.6,0,59.9,0,0,0,0,0,0,0,0,66
2025-09-29T12:43:34.206Z,60.5,21.1,1.925,50.4,0,59.9,0,0,0,0,0,0,0,0,66
2025-09-29T12:43:35.211Z,60.5,21.1,1.925,49.6,0,59.9,0,0,0,0,0,0,0,0,66
2025-09-29T12:43:36.213Z,60.5,21.1,1.925,50.4,0,59.9,0,0,0,0,0,0,0,0,66
2025-09-29T12:43:37.208Z,60.5,21.1,1.925,49.6,0,59.9,0,0,0,0,0,0,0,0,66
2025-09-29T12:43:38.208Z,60.5,21.1,1.925,49.6,0,59.9,0,0,0,0,0,0,0,0,66
2025-09-29T12:43:39.211Z,60.5,21.1,1.925,50.4,0,59.9,0,0,0,0,0,0,0,0,66
2025-09-29T12:43:40.212Z,60.5,21.1,1.925,49.6,0,59.9,0,0,0,0,0,0,0,0,66
2025-09-29T12:43:41.212Z,60.5,21.1,1.925,50.4,0,59.9,0,0,0,0,0,0,0,0,66
2025-09-29T12:43:42.212Z,60.5,21.1,1.925,49.6,0,59.9,0,0,0,0,0,0,0,0,66
2025-09-29T12:43:43.220Z,60.5,21.1,1.926,49.6,0,59.9,0,0,0,0,0,0,0,0,66
2025-09-29T12:43:44.214Z,60.5,21.1,1.924,50.4,0,59.9,0,0,0,0,0,0,0,0,66
2025-09-29T12:43:45.219Z,60.5,21.1,1.926,49.6,0,59.9,0,0,0,0,0,0,0,0,66
2025-09-29T12:43:46.214Z,60.5,21.1,1.925,49.6,0,59.9,0,0,0,0,0,0,0,0,66
2025-09-29T12:43:47.219Z,60.6,21.1,1.926,50.4,0,59.9,0,0,0,0,0,0,0,0,66
2025-09-29T12:43:48.223Z,60.6,21.1,1.926,50.4,0,59.9,0,0,0,0,0,0,0,0,66
2025-09-29T12:43:49.221Z,60.6,21.1,1.926,49.6,0,59.9,0,0,0,0,0,0,0,0,66
2025-09-29T12:43:50.218Z,60.6,21.1,1.924,50.4,0,59.9,0,0,0,0,0,0,0,0,66
2025-09-29T12:43:51.223Z,60.6,21.1,1.925,49.6,0,59.9,0,0,0,0,0,0,0,0,66
2025-09-29T12:43:52.218Z,60.6,21.1,1.924,50.4,0,59.9,0,0,0,0,0,0,0,0,66
2025-09-29T12:43:53.223Z,60.6,21.1,1.925,49.6,0,59.9,0,0,0,0,0,0,0,0,66
2025-09-29T12:43:54.225Z,60.6,21.1,1.925,50.4,0,59.9,0,0,0,0,0,0,0,0,66
2025-09-29T12:43:55.227Z,60.6,21.1,1.925,49.6,0,59.9,0,0,0,0,0,0,0,0,66
2025-09-29T12:43:56.224Z,60.6,21.1,1.925,50.4,0,59.9,0,0,0,0,0,0,0,0,66
2025-09-29T12:43:57.230Z,60.6,21.1,1.925,50.4,0,59.9,0,0,0,0,0,0,0,0,66
2025-09-29T12:43:58.228Z,60.6,21.1,1.925,49.6,0,59.9,0,0,0,0,0,0,0,0,66
2025-09-29T12:43:59.230Z,60.6,21.1,1.925,50.4,0,59.9,0,0,0,0,0,0,0,0,66
2025-09-29T12:44:00.230Z,60.6,21.1,1.925,49.6,0,59.9,0,0,0,0,0,0,0,0,66
2025-09-29T12:44:01.226Z,60.6,21.1,1.925,50.4,0,59.9,0,0,0,0,0,0,0,0,66
2025-09-29T12:44:02.229Z,60.6,21.1,1.925,49.6,0,59.9,0,0,0,0,0,0,0,0,66
2025-09-29T12:44:03.230Z,60.6,21.1,1.925,50.4,0,59.9,0,0,0,0,0,0,0,0,66
2025-09-29T12:44:04.230Z,60.6,21.1,1.925,49.6,0,59.9,0,0,0,0,0,0,0,0,66
2025-09-29T12:44:05.230Z,60.6,21.1,1.925,50.4,0,59.9,0,0,0,0,0,0,0,0,66
2025-09-29T12:44:06.238Z,60.6,21.1,1.923,49.6,0,59.9,0,0,0,0,0,0,0,0,66
2025-09-29T12:44:07.234Z,60.6,21.1,1.925,50.4,0,59.9,0,0,0,0,0,0,0,0,66
2025-09-29T12:44:08.236Z,60.6,21.1,1.924,49.6,0,59.9,0,0,0,0,0,0,0,0,66
2025-09-29T12:44:09.236Z,60.7,21.1,1.924,50.4,0,59.9,0,0,0,0,0,0,0,0,66
2025-09-29T12:44:10.238Z,60.7,21.1,1.925,49.6,0,59.9,0,0,0,0,0,0,0,0,66
2025-09-29T12:44:11.240Z,60.7,21.1,1.923,50.4,0,59.9,0,0,0,0,0,0,0,0,66
2025-09-29T12:44:12.242Z,60.7,21.1,1.924,49.6,0,59.9,0,0,0,0,0,0,0,0,66
2025-09-29T12:44:13.241Z,60.7,21.1,1.925,50.4,0,59.9,0,0,0,0,0,0,0,0,66
2025-09-29T12:44:14.243Z,60.7,21.1,1.923,49.6,0,59.9,0,0,0,0,0,0,0,0,66
2025-09-29T12:44:15.242Z,60.7,21.1,1.923,50.4,0,59.9,0,0,0,0,0,0,0,0,66
2025-09-29T12:44:16.244Z,60.7,21.1,1.924,49.6,0,59.9,0,0,0,0,0,0,0,0,66
2025-09-29T12:44:17.249Z,60.7,21.1,1.924,50.4,0,59.9,0,0,0,0,0,0,0,0,66
2025-09-29T12:44:18.249Z,60.7,21.1,1.924,49.6,0,59.9,0,0,0,0,0,0,0,0,66
2025-09-29T12:44:19.247Z,60.7,21.1,1.923,49.6,0,59.9,0,0,0,0,0,0,0,0,66
2025-09-29T12:44:20.248Z,60.7,21.1,1.924,49.6,0,59.9,0,0,0,0,0,0,0,0,66
2025-09-29T12:44:21.252Z,60.7,21.1,1.924,49.6,0,59.9,0,0,0,0,0,0,0,0,66
2025-09-29T12:44:22.250Z,60.7,21.1,1.923,50.4,0,59.9,0,0,0,0,0,0,0,0,66
2025-09-29T12:44:23.253Z,60.7,21.1,1.923,50.4,0,59.9,0,0,0,0,0,0,0,0,66
2025-09-29T12:44:24.254Z,60.7,21.1,1.923,49.6,0,59.9,0,0,0,0,0,0,0,0,66
2025-09-29T12:44:25.253Z,60.7,21.1,1.923,50.4,0,59.9,0,0,0,0,0,0,0,0,66
2025-09-29T12:44:26.255Z,60.7,21.1,1.924,49.6,0,59.9,0,0,0,0,0,0,0,0,66
2025-09-29T12:44:27.255Z,60.7,21.1,1.923,49.6,0,59.9,0,0,0,0,0,0,0,0,66
2025-09-29T12:44:28.260Z,60.7,21.1,1.924,49.6,0,59.9,0,0,0,0,0,0,0,0,66
2025-09-29T12:44:29.259Z,60.7,21.1,1.924,50.4,0,59.9,0,0,0,0,0,0,0,0,66
2025-09-29T12:44:30.260Z,60.8,21.1,1.924,50.4,0,59.9,0,0,0,0,0,0,0,0,66
2025-09-29T12:44:31.260Z,60.8,21.1,1.924,49.6,0,59.9,0,0,0,0,0,0,0,0,66
2025-09-29T12:44:32.262Z,60.8,21.1,1.924,50.4,0,59.9,0,0,0,0,0,0,0,0,66
2025-09-29T12:44:33.260Z,60.8,21.1,1.924,49.6,0,59.9,0,0,0,0,0,0,0,0,66
2025-09-29T12:44:34.261Z,60.8,21.1,1.924,50.4,0,59.9,0,0,0,0,0,0,0,0,66
2025-09-29T12:44:35.264Z,60.8,21.1,1.924,49.6,0,59.9,0,0,0,0,0,0,0,0,66
2025-09-29T12:44:36.265Z,60.8,21.1,1.924,49.6,0,59.9,0,0,0,0,0,0,0,0,66
2025-09-29T12:44:37.269Z,60.8,21.1,1.924,50.4,0,59.9,0,0,0,0,0,0,0,0,66
2025-09-29T12:44:38.267Z,60.8,21.1,1.924,49.6,0,59.9,0,0,0,0,0,0,0,0,66
2025-09-29T12:44:39.268Z,60.8,21.1,1.924,50.4,0,59.9,0,0,0,0,0,0,0,0,66
2025-09-29T12:44:40.266Z,60.8,21.1,1.924,49.6,0,59.9,0,0,0,0,0,0,0,0,66
2025-09-29T12:44:41.269Z,60.8,21.1,1.924,50.4,0,59.9,0,0,0,0,0,0,0,0,66
2025-09-29T12:44:42.270Z,60.8,21.1,1.924,50.4,0,59.9,0,0,0,0,0,0,0,0,66
2025-09-29T12:44:43.272Z,60.8,21.1,1.924,49.6,0,59.9,0,0,0,0,0,0,0,0,66
2025-09-29T12:44:44.273Z,60.8,21.1,1.924,49.6,0,59.9,0,0,0,0,0,0,0,0,66
2025-09-29T12:44:45.277Z,60.8,21.1,1.923,49.6,0,59.9,0,0,0,0,0,0,0,0,66
2025-09-29T12:44:46.276Z,60.8,21.1,1.924,50.4,0,59.9,0,0,0,0,0,0,0,0,66
2025-09-29T12:44:47.277Z,60.8,21.1,1.923,49.6,0,59.9,0,0,0,0,0,0,0,0,66
2025-09-29T12:44:48.275Z,60.8,21.1,1.924,49.6,0,59.9,0,0,0,0,0,0,0,0,66
2025-09-29T12:44:49.279Z,60.8,21.1,1.923,50.4,0,59.9,0,0,0,0,0,0,0,0,66
2025-09-29T12:44:50.279Z,60.8,21.1,1.923,49.6,0,59.9,0,0,0,0,0,0,0,0,66
2025-09-29T12:44:51.281Z,60.9,21.1,1.923,49.6,0,59.9,0,0,0,0,0,0,0,0,66
2025-09-29T12:44:52.282Z,60.9,21.1,1.923,50.4,0,59.9,0,0,0,0,0,0,0,0,66
2025-09-29T12:44:53.281Z,60.9,21.1,1.923,49.6,0,59.9,0,0,0,0,0,0,0,0,66
2025-09-29T12:44:54.282Z,60.9,21.1,1.923,50.4,0,59.9,0,0,0,0,0,0,0,0,66
2025-09-29T12:44:55.284Z,60.9,21.1,1.923,50.4,0,59.9,0,0,0,0,0,0,0,0,66
2025-09-29T12:44:56.285Z,60.9,21.1,1.923,49.6,0,59.9,0,0,0,0,0,0,0,0,66
2025-09-29T12:44:57.286Z,60.9,21.1,1.923,50.4,0,59.9,0,0,0,0,0,0,0,0,66
2025-09-29T12:44:58.286Z,60.9,21.1,1.923,49.6,0,59.9,0,0,0,0,0,0,0,0,66
2025-09-29T12:44:59.294Z,60.9,21.1,1.923,50.4,0,59.9,0,0,0,0,0,0,0,0,66
2025-09-29T12:45:00.286Z,60.9,21.1,1.923,49.6,0,59.9,0,0,0,0,0,0,0,0,66
2025-09-29T12:45:01.291Z,60.9,21.1,1.923,50.4,0,59.9,0,0,0,0,0,0,0,0,66
2025-09-29T12:45:02.288Z,60.9,21.1,1.923,49.6,0,59.9,0,0,0,0,0,0,0,0,66
2025-09-29T12:45:03.296Z,60.9,21.1,1.924,49.6,0,59.9,0,0,0,0,0,0,0,0,66
2025-09-29T12:45:04.291Z,60.9,21.1,1.923,50.4,0,59.9,0,0,0,0,0,0,0,0,66
2025-09-29T12:45:05.290Z,60.9,21.1,1.923,50.4,0,59.9,0,0,0,0,0,0,0,0,66
2025-09-29T12:45:06.295Z,60.9,21.1,1.923,49.6,0,59.9,0,0,0,0,0,0,0,0,66
2025-09-29T12:45:07.295Z,60.9,21.1,1.923,50.4,0,59.9,0,0,0,0,0,0,0,0,66
2025-09-29T12:45:08.297Z,60.9,21.1,1.923,49.6,0,59.9,0,0,0,0,0,0,0,0,66
2025-09-29T12:45:09.292Z,60.9,21.1,1.923,50.4,0,59.9,0,0,0,0,0,0,0,0,66
2025-09-29T12:45:10.298Z,60.9,21.1,1.923,49.6,0,59.9,0,0,0,0,0,0,0,0,66
2025-09-29T12:45:11.295Z,60.9,21.1,1.923,49.6,0,59.9,0,0,0,0,0,0,0,0,66
2025-09-29T12:45:12.297Z,60.9,21.1,1.923,50.4,0,59.9,0,0,0,0,0,0,0,0,66
2025-09-29T12:45:13.295Z,60.9,21.1,1.923,49.6,0,59.9,0,0,0,0,0,0,0,0,66
2025-09-29T12:45:14.297Z,60.9,21.1,1.923,49.6,0,59.9,0,0,0,0,0,0,0,0,66
2025-09-29T12:45:15.306Z,60.9,21.1,1.923,50.4,0,59.9,0,0,0,0,0,0,0,0,66
2025-09-29T12:45:16.303Z,61,21.1,1.923,49.6,0,59.9,0,0,0,0,0,0,0,0,66
2025-09-29T12:45:17.302Z,60.9,21.1,1.923,50.4,0,59.9,0,0,0,0,0,0,0,0,66
2025-09-29T12:45:18.304Z,61,21.1,1.923,49.6,0,59.9,0,0,0,0,0,0,0,0,66
2025-09-29T12:45:19.302Z,61,21.1,1.923,50.4,0,59.9,0,0,0,0,0,0,0,0,66
2025-09-29T12:45:20.304Z,61,21.1,1.923,50.4,0,59.9,0,0,0,0,0,0,0,0,66
2025-09-29T12:45:21.306Z,61,21.1,1.923,49.6,0,59.9,0,0,0,0,0,0,0,0,66
2025-09-29T12:45:22.305Z,61,21.1,1.923,50.4,0,59.9,0,0,0,0,0,0,0,0,66
2025-09-29T12:45:23.310Z,61,21.1,1.923,49.6,0,59.9,0,0,0,0,0,0,0,0,66
2025-09-29T12:45:24.310Z,61,21.1,1.923,50.4,0,59.9,0,0,0,0,0,0,0,0,66
2025-09-29T12:45:25.309Z,61,21.1,1.923,49.6,0,59.9,0,0,0,0,0,0,0,0,66
2025-09-29T12:45:26.309Z,61,21.1,1.923,50.4,0,59.9,0,0,0,0,0,0,0,0,66
2025-09-29T12:45:27.309Z,61,21.1,1.923,49.6,0,59.9,0,0,0,0,0,0,0,0,66
2025-09-29T12:45:28.311Z,61,21.1,1.923,50.4,0,59.9,0,0,0,0,0,0,0,0,66
2025-09-29T12:45:29.313Z,61,21.1,1.923,49.6,0,59.9,0,0,0,0,0,0,0,0,66
2025-09-29T12:45:30.309Z,61,21.1,1.923,50.4,0,59.9,0,0,0,0,0,0,0,0,66
2025-09-29T12:45:31.310Z,61,21.1,1.923,49.6,0,59.9,0,0,0,0,0,0,0,0,66
2025-09-29T12:45:32.314Z,61,21.1,1.923,50.4,0,59.9,0,0,0,0,0,0,0,0,66
2025-09-29T12:45:33.313Z,61,21.1,1.923,50.4,0,59.9,0,0,0,0,0,0,0,0,66
2025-09-29T12:45:34.316Z,61,21.1,1.923,49.6,0,59.9,0,0,0,0,0,0,0,0,66
2025-09-29T12:45:35.316Z,61,21.1,1.923,49.6,0,59.9,0,0,0,0,0,0,0,0,66
2025-09-29T12:45:36.317Z,61,21.1,1.923,49.6,0,59.9,0,0,0,0,0,0,0,0,66
2025-09-29T12:45:37.320Z,61,21.1,1.923,50.4,0,59.9,0,0,0,0,0,0,0,0,66
2025-09-29T12:45:38.317Z,61,21.1,1.923,49.6,0,59.9,0,0,0,0,0,0,0,0,66
2025-09-29T12:45:39.326Z,61,21.1,1.923,49.6,0,59.9,0,0,0,0,0,0,0,0,66
2025-09-29T12:45:40.324Z,61,21.1,1.923,50.4,0,59.9,0,0,0,0,0,0,0,0,66
2025-09-29T12:45:41.329Z,61,21.1,1.923,49.6,0,59.9,0,0,0,0,0,0,0,0,66
2025-09-29T12:45:42.325Z,61,21.1,1.923,50.4,0,59.9,0,0,0,0,0,0,0,0,66
2025-09-29T12:45:43.327Z,61,21.1,1.923,50.4,0,59.9,0,0,0,0,0,0,0,0,66
2025-09-29T12:45:44.324Z,61,21.1,1.923,49.6,0,59.9,0,0,0,0,0,0,0,0,66
2025-09-29T12:45:45.323Z,61,21.1,1.923,50.4,0,59.9,0,0,0,0,0,0,0,0,66
2025-09-29T12:45:46.331Z,61,21.1,1.923,49.6,0,59.9,0,0,0,0,0,0,0,0,66
2025-09-29T12:45:47.334Z,61,21.1,1.923,50.4,0,59.9,0,0,0,0,0,0,0,0,66
2025-09-29T12:45:48.327Z,61,21.1,1.923,49.6,0,59.9,0,0,0,0,0,0,0,0,66
2025-09-29T12:45:49.332Z,61,21.1,1.923,50.4,0,59.9,0,0,0,0,0,0,0,0,66
2025-09-29T12:45:50.335Z,61,21.1,1.923,49.6,0,59.9,0,0,0,0,0,0,0,0,66
2025-09-29T12:45:51.333Z,61,21.1,1.923,50.4,0,59.9,0,0,0,0,0,0,0,0,66
2025-09-29T12:45:52.335Z,61,21.1,1.923,49.6,0,59.9,0,0,0,0,0,0,0,0,66
2025-09-29T12:45:53.337Z,61,21.1,1.923,50.4,0,59.9,0,0,0,0,0,0,0,0,66
2025-09-29T12:45:54.334Z,61,21.1,1.923,49.6,0,59.9,0,0,0,0,0,0,0,0,66
2025-09-29T12:45:55.334Z,61,21.1,1.923,50.4,0,59.9,0,0,0,0,0,0,0,0,66
2025-09-29T12:45:56.340Z,61,21.1,1.923,49.6,0,59.9,0,0,0,0,0,0,0,0,66
2025-09-29T12:45:57.341Z,61,21.1,1.923,50.4,0,59.9,0,0,0,0,0,0,0,0,66
2025-09-29T12:45:58.341Z,61,21.1,1.923,49.6,0,59.9,0,0,0,0,0,0,0,0,66
2025-09-29T12:45:59.342Z,61,21.1,1.923,50.4,0,59.9,0,0,0,0,0,0,0,0,66
2025-09-29T12:46:00.342Z,61,21.1,1.923,49.6,0,59.9,0,0,0,0,0,0,0,0,66
2025-09-29T12:46:01.338Z,61,21.1,1.923,50.4,0,59.9,0,0,0,0,0,0,0,0,66
2025-09-29T12:46:02.344Z,61,21.1,1.923,49.6,0,59.9,0,0,0,0,0,0,0,0,66
2025-09-29T12:46:03.340Z,61,21.1,1.923,50.4,0,59.9,0,0,0,0,0,0,0,0,66
2025-09-29T12:46:04.344Z,61,21.1,1.923,49.6,0,59.9,0,0,0,0,0,0,0,0,66
2025-09-29T12:46:05.345Z,61,21.1,1.923,50.4,0,59.9,0,0,0,0,0,0,0,0,66
2025-09-29T12:46:06.346Z,61,21.1,1.923,49.6,0,59.9,0,0,0,0,0,0,0,0,66
2025-09-29T12:46:07.350Z,61,21.1,1.923,50.4,0,59.9,0,0,0,0,0,0,0,0,66
2025-09-29T12:46:08.353Z,61,21.1,1.923,49.6,0,59.9,0,0,0,0,0,0,0,0,66
2025-09-29T12:46:09.346Z,61,21.1,1.923,50.4,0,59.9,0,0,0,0,0,0,0,0,66
2025-09-29T12:46:10.354Z,61,21.1,1.923,49.6,0,59.9,0,0,0,0,0,0,0,0,66
2025-09-29T12:46:11.352Z,61,21.1,1.923,50.4,0,59.9,0,0,0,0,0,0,0,0,66
2025-09-29T12:46:12.354Z,61,21.1,1.923,49.6,0,59.9,0,0,0,0,0,0,0,0,66
2025-09-29T12:46:13.354Z,61,21.1,1.923,50.4,0,59.9,0,0,0,0,0,0,0,0,66
2025-09-29T12:46:14.351Z,61,21.1,1.923,49.6,0,59.9,0,0,0,0,0,0,0,0,66
2025-09-29T12:46:15.360Z,61,21.1,1.923,49.6,0,59.9,0,0,0,0,0,0,0,0,66
2025-09-29T12:46:16.357Z,61,21.1,1.923,50.4,0,59.9,0,0,0,0,0,0,0,0,66
2025-09-29T12:46:17.354Z,61,21.1,1.923,49.6,0,59.9,0,0,0,0,0,0,0,0,66
2025-09-29T12:46:18.359Z,61,21.1,1.923,50.4,0,59.9,0,0,0,0,0,0,0,0,66
2025-09-29T12:46:19.358Z,61,21.1,1.923,49.6,0,59.9,0,0,0,0,0,0,0,0,66
2025-09-29T12:46:20.363Z,61,21.1,1.923,50.4,0,59.9,0,0,0,0,0,0,0,0,66
2025-09-29T12:46:21.366Z,61,21.1,1.923,49.6,0,59.9,0,0,0,0,0,0,0,0,66
2025-09-29T12:46:22.364Z,61,21.1,1.923,50.4,0,59.9,0,0,0,0,0,0,0,0,66
2025-09-29T12:46:23.364Z,61,21.1,1.923,49.6,0,59.9,0,0,0,0,0,0,0,0,66
2025-09-29T12:46:24.367Z,61,21.1,1.923,50.4,0,59.9,0,0,0,0,0,0,0,0,66
2025-09-29T12:46:25.367Z,61,21.1,1.923,49.6,0,59.9,0,0,0,0,0,0,0,0,66
2025-09-29T12:46:26.369Z,60.9,21.1,1.923,50.4,0,59.9,0,0,0,0,0,0,0,0,66
2025-09-29T12:46:27.373Z,61,21.1,1.923,49.6,0,59.9,0,0,0,0,0,0,0,0,66
2025-09-29T12:46:28.372Z,61,21.1,1.923,50.4,0,59.9,0,0,0,0,0,0,0,0,66
2025-09-29T12:46:29.374Z,61,21.1,1.923,49.6,0,59.9,0,0,0,0,0,0,0,0,66
2025-09-29T12:46:30.373Z,60.9,21.1,1.923,50.4,0,59.9,0,0,0,0,0,0,0,0,66
2025-09-29T12:46:31.375Z,61,21.1,1.923,49.6,0,60,0,0,0,0,0,0,0,0,66
2025-09-29T12:46:32.372Z,60.9,21.1,1.924,50.4,0,59.9,0,0,0,0,0,0,0,0,66
2025-09-29T12:46:33.378Z,60.9,21.1,1.923,49.6,0,59.9,0,0,0,0,0,0,0,0,66
2025-09-29T12:46:34.376Z,60.9,21.1,1.924,49.6,0,59.9,0,0,0,0,0,0,0,0,66
2025-09-29T12:46:35.377Z,60.9,21.1,1.924,49.6,0,59.9,0,0,0,0,0,0,0,0,66
2025-09-29T12:46:36.377Z,60.9,21.1,1.924,49.6,0,59.9,0,0,0,0,0,0,0,0,66
2025-09-29T12:46:37.376Z,60.9,21.1,1.923,49.6,0,59.9,0,0,0,0,0,0,0,0,66
2025-09-29T12:46:38.376Z,60.9,21.1,1.923,49.6,0,59.9,0,0,0,0,0,0,0,0,66
2025-09-29T12:46:39.383Z,60.9,21.1,1.923,50.4,0,60,0,0,0,0,0,0,0,0,66
2025-09-29T12:46:40.383Z,60.9,21.1,1.923,50.4,0,60,0,0,0,0,0,0,0,0,66
2025-09-29T12:46:41.385Z,60.9,21.1,1.923,49.6,0,60,0,0,0,0,0,0,0,0,66
2025-09-29T12:46:42.381Z,60.9,21.1,1.924,50.4,0,60,0,0,0,0,0,0,0,0,66
2025-09-29T12:46:43.382Z,60.9,21.1,1.923,49.6,0,60,0,0,0,0,0,0,0,0,66
2025-09-29T12:46:44.383Z,60.9,21.1,1.924,50.4,0,60,0,0,0,0,0,0,0,0,66
2025-09-29T12:46:45.383Z,60.9,21.1,1.924,50.4,0,60,0,0,0,0,0,0,0,0,66
2025-09-29T12:46:46.384Z,60.9,21.1,1.923,49.6,0,60,0,0,0,0,0,0,0,0,66
2025-09-29T12:46:47.384Z,60.9,21.1,1.924,50.4,0,60,0,0,0,0,0,0,0,0,66
2025-09-29T12:46:48.394Z,60.9,21.1,1.923,49.6,0,60,0,0,0,0,0,0,0,0,66
2025-09-29T12:46:49.387Z,60.9,21.1,1.923,49.6,0,60,0,0,0,0,0,0,0,0,66
2025-09-29T12:46:50.391Z,60.9,21.1,1.923,49.6,0,60,0,0,0,0,0,0,0,0,66
2025-09-29T12:46:51.388Z,60.9,21.1,1.923,50.4,0,60,0,0,0,0,0,0,0,0,66
2025-09-29T12:46:52.394Z,60.9,21.1,1.923,49.6,0,60,0,0,0,0,0,0,0,0,66
2025-09-29T12:46:53.389Z,60.9,21.1,1.923,49.6,0,60,0,0,0,0,0,0,0,0,66
2025-09-29T12:46:54.393Z,60.9,21.1,1.923,50.4,0,60,0,0,0,0,0,0,0,0,66
2025-09-29T12:46:55.395Z,60.9,21.1,1.923,49.6,0,60,0,0,0,0,0,0,0,0,66
2025-09-29T12:46:56.400Z,60.9,21.1,1.923,49.6,0,60,0,0,0,0,0,0,0,0,66
2025-09-29T12:46:57.397Z,60.9,21.1,1.923,50.4,0,60,0,0,0,0,0,0,0,0,66
2025-09-29T12:46:58.398Z,60.9,21.1,1.923,49.6,0,60,0,0,0,0,0,0,0,0,66
2025-09-29T12:46:59.396Z,60.9,21.1,1.923,50.4,0,60,0,0,0,0,0,0,0,0,66
2025-09-29T12:47:00.393Z,60.9,21.1,1.923,49.6,0,60,0,0,0,0,0,0,0,0,66
2025-09-29T12:47:01.399Z,60.9,21.1,1.924,49.6,0,60,0,0,0,0,0,0,0,0,66
2025-09-29T12:47:02.397Z,60.8,21.1,1.923,50.4,0,60,0,0,0,0,0,0,0,0,66
2025-09-29T12:47:03.401Z,60.8,21.1,1.924,50.4,0,60,0,0,0,0,0,0,0,0,66
2025-09-29T12:47:04.400Z,60.8,21.1,1.924,49.6,0,60,0,0,0,0,0,0,0,0,66
2025-09-29T12:47:05.399Z,60.8,21.1,1.923,50.4,0,60,0,0,0,0,0,0,0,0,66
2025-09-29T12:47:05.399Z,60.8,21.1,1.923,50.4,0,60,0,0,0,0,0,0,0,0,66
2025-09-29T12:47:07.403Z,60.8,21.1,1.924,50.4,0,60,0,0,0,0,0,0,0,0,66
2025-09-29T12:47:08.403Z,60.8,21.1,1.924,49.6,0,60,0,0,0,0,0,0,0,0,66
2025-09-29T12:47:09.406Z,60.8,21.1,1.924,49.6,0,60,0,0,0,0,0,0,0,0,66
2025-09-29T12:47:10.407Z,60.8,21.1,1.924,50.4,0,60,0,0,0,0,0,0,0,0,66
2025-09-29T12:47:11.411Z,60.8,21.1,1.924,49.6,0,60,0,0,0,0,0,0,0,0,66
2025-09-29T12:47:12.415Z,60.8,21.1,1.924,49.6,0,60,0,0,0,0,0,0,0,0,66
2025-09-29T12:47:13.411Z,60.8,21.1,1.924,50.4,0,60,0,0,0,0,0,0,0,0,66
2025-09-29T12:47:14.412Z,60.8,21.1,1.924,49.6,0,60,0,0,0,0,0,0,0,0,66
2025-09-29T12:47:15.413Z,60.8,21.1,1.924,49.6,0,60,0,0,0,0,0,0,0,0,66
2025-09-29T12:47:16.414Z,60.8,21.1,1.924,50.4,0,60,0,0,0,0,0,0,0,0,66
2025-09-29T12:47:17.413Z,60.8,21.1,1.924,49.6,0,60,0,0,0,0,0,0,0,0,66
2025-09-29T12:47:18.416Z,60.8,21.1,1.924,49.6,0,60,0,0,0,0,0,0,0,0,66
2025-09-29T12:47:19.415Z,60.8,21.1,1.924,50.4,0,60,0,0,0,0,0,0,0,0,66
2025-09-29T12:47:20.417Z,60.8,21.1,1.924,50.4,0,60,0,0,0,0,0,0,0,0,66
2025-09-29T12:47:21.420Z,60.8,21.1,1.923,49.6,0,60,0,0,0,0,0,0,0,0,66
2025-09-29T12:47:22.417Z,60.8,21.1,1.924,50.4,0,60,0,0,0,0,0,0,0,0,66
2025-09-29T12:47:23.420Z,60.8,21.1,1.923,50.4,0,60,0,0,0,0,0,0,0,0,66
2025-09-29T12:47:24.419Z,60.8,21.1,1.923,49.6,0,60,0,0,0,0,0,0,0,0,66
2025-09-29T12:47:25.422Z,60.8,21.1,1.923,50.4,0,60,0,0,0,0,0,0,0,0,66
2025-09-29T12:47:26.426Z,60.8,21.1,1.923,49.6,0,60,0,0,0,0,0,0,0,0,66
2025-09-29T12:47:27.426Z,60.8,21.1,1.923,50.4,0,60,0,0,0,0,0,0,0,0,66
2025-09-29T12:47:28.427Z,60.8,21.1,1.923,50.4,0,60,0,0,0,0,0,0,0,0,66
2025-09-29T12:47:29.426Z,60.8,21.1,1.923,49.6,0,60,0,0,0,0,0,0,0,0,66
2025-09-29T12:47:30.423Z,60.8,21.1,1.923,50.4,0,60,0,0,0,0,0,0,0,0,66
2025-09-29T12:47:31.426Z,60.8,21.1,1.924,49.6,0,60,0,0,0,0,0,0,0,0,66
2025-09-29T12:47:32.425Z,60.7,21.1,1.923,50.4,0,60,0,0,0,0,0,0,0,0,66
2025-09-29T12:47:33.432Z,60.7,21.1,1.924,49.6,0,60,0,0,0,0,0,0,0,0,66
2025-09-29T12:47:34.427Z,60.7,21.1,1.924,50.4,0,60,0,0,0,0,0,0,0,0,66
2025-09-29T12:47:35.425Z,60.7,21.1,1.923,49.6,0,60,0,0,0,0,0,0,0,0,66
2025-09-29T12:47:36.430Z,60.7,21.1,1.924,50.4,0,60,0,0,0,0,0,0,0,0,66
2025-09-29T12:47:37.431Z,60.7,21.1,1.923,50.4,0,60,0,0,0,0,0,0,0,0,66
2025-09-29T12:47:38.432Z,60.7,21.1,1.925,49.6,0,60,0,0,0,0,0,0,0,0,66
2025-09-29T12:47:39.432Z,60.7,21.1,1.924,50.4,0,60,0,0,0,0,0,0,0,0,66
2025-09-29T12:47:40.431Z,60.7,21.1,1.924,49.6,0,60,0,0,0,0,0,0,0,0,66
2025-09-29T12:47:41.431Z,60.7,21.1,1.924,50.4,0,60,0,0,0,0,0,0,0,0,66
2025-09-29T12:47:42.433Z,60.7,21.1,1.924,49.6,0,60,0,0,0,0,0,0,0,0,66
2025-09-29T12:47:43.441Z,60.7,21.1,1.925,50.4,0,60,0,0,0,0,0,0,0,0,66
2025-09-29T12:47:44.440Z,60.7,21.1,1.925,49.6,0,60,0,0,0,0,0,0,0,0,66
2025-09-29T12:47:45.437Z,60.7,21.1,1.925,50.4,0,60,0,0,0,0,0,0,0,0,66
2025-09-29T12:47:46.440Z,60.7,21.1,1.925,49.6,0,60,0,0,0,0,0,0,0,0,66
2025-09-29T12:47:47.438Z,60.7,21.1,1.925,50.4,0,60,0,0,0,0,0,0,0,0,66
2025-09-29T12:47:48.440Z,60.7,21.1,1.925,49.6,0,60,0,0,0,0,0,0,0,0,66
2025-09-29T12:47:49.445Z,60.7,21.1,1.924,49.6,0,60,0,0,0,0,0,0,0,0,66
2025-09-29T12:47:50.444Z,60.7,21.1,1.925,50.4,0,60,0,0,0,0,0,0,0,0,66
2025-09-29T12:47:51.449Z,60.7,21.1,1.924,49.6,0,60,0,0,0,0,0,0,0,0,66
2025-09-29T12:47:52.447Z,60.7,21.1,1.925,50.4,0,60,0,0,0,0,0,0,0,0,66
2025-09-29T12:47:53.444Z,60.7,21.1,1.925,49.6,0,60,0,0,0,0,0,0,0,0,66
2025-09-29T12:47:54.449Z,60.7,21.1,1.925,50.4,0,60,0,0,0,0,0,0,0,0,66
2025-09-29T12:47:55.445Z,60.7,21.1,1.925,49.6,0,60,0,0,0,0,0,0,0,0,66
2025-09-29T12:47:56.446Z,60.7,21.1,1.925,50.4,0,60,0,0,0,0,0,0,0,0,66
2025-09-29T12:47:57.450Z,60.6,21.1,1.924,49.6,0,60,0,0,0,0,0,0,0,0,66
2025-09-29T12:47:58.454Z,60.6,21.1,1.924,50.4,0,60,0,0,0,0,0,0,0,0,66
2025-09-29T12:47:59.455Z,60.6,21.1,1.924,49.6,0,60,0,0,0,0,0,0,0,0,66
2025-09-29T12:48:00.458Z,60.6,21.1,1.924,50.4,0,60,0,0,0,0,0,0,0,0,66
2025-09-29T12:48:01.454Z,60.6,21.1,1.924,49.6,0,60,0,0,0,0,0,0,0,0,66
2025-09-29T12:48:02.454Z,60.6,21.1,1.924,50.4,0,60,0,0,0,0,0,0,0,0,66
2025-09-29T12:48:03.452Z,60.6,21.1,1.924,49.6,0,60,0,0,0,0,0,0,0,0,66
2025-09-29T12:48:04.452Z,60.6,21.1,1.924,50.4,0,60,0,0,0,0,0,0,0,0,66
2025-09-29T12:48:05.455Z,60.6,21.1,1.924,49.6,0,60,0,0,0,0,0,0,0,0,66
2025-09-29T12:48:06.459Z,60.6,21.1,1.924,50.4,0,60,0,0,0,0,0,0,0,0,66
2025-09-29T12:48:07.459Z,60.6,21.1,1.925,49.6,0,60,0,0,0,0,0,0,0,0,66
2025-09-29T12:48:08.456Z,60.6,21.1,1.924,49.6,0,60,0,0,0,0,0,0,0,0,66
2025-09-29T12:48:09.456Z,60.6,21.1,1.924,49.6,0,60,0,0,0,0,0,0,0,0,66
2025-09-29T12:48:10.463Z,60.6,21.1,1.925,50.4,0,60,0,0,0,0,0,0,0,0,66
2025-09-29T12:48:11.458Z,60.6,21.1,1.925,49.6,0,60,0,0,0,0,0,0,0,0,66
2025-09-29T12:48:12.460Z,60.6,21.1,1.925,50.4,0,60,0,0,0,0,0,0,0,0,66
2025-09-29T12:48:13.457Z,60.6,21.1,1.925,49.6,0,60,0,0,0,0,0,0,0,0,66
2025-09-29T12:48:14.463Z,60.6,21.1,1.925,50.4,0,60,0,0,0,0,0,0,0,0,66
2025-09-29T12:48:15.460Z,60.6,21.1,1.925,49.6,0,60,0,0,0,0,0,0,0,0,66
2025-09-29T12:48:16.461Z,60.6,21.1,1.925,50.4,0,60,0,0,0,0,0,0,0,0,66
2025-09-29T12:48:17.464Z,60.6,21.1,1.925,49.6,0,60,0,0,0,0,0,0,0,0,66
2025-09-29T12:48:18.465Z,60.6,21.1,1.925,49.6,0,60,0,0,0,0,0,0,0,0,66
2025-09-29T12:48:19.464Z,60.6,21.1,1.925,49.6,0,60,0,0,0,0,0,0,0,0,66
2025-09-29T12:48:20.465Z,60.6,21.1,1.925,50.4,0,60,0,0,0,0,0,0,0,0,66
2025-09-29T12:48:21.469Z,60.6,21.1,1.926,49.6,0,60,0,0,0,0,0,0,0,0,66
2025-09-29T12:48:22.467Z,60.5,21.1,1.926,49.6,0,60,0,0,0,0,0,0,0,0,66
2025-09-29T12:48:23.470Z,60.5,21.1,1.926,50.4,0,60,0,0,0,0,0,0,0,0,66
2025-09-29T12:48:24.470Z,60.5,21.1,1.926,49.6,0,60,0,0,0,0,0,0,0,0,66
2025-09-29T12:48:25.470Z,60.5,21.1,1.926,50.4,0,60,0,0,0,0,0,0,0,0,66
2025-09-29T12:48:26.472Z,60.5,21.1,1.926,49.6,0,60,0,0,0,0,0,0,0,0,66
2025-09-29T12:48:27.472Z,60.5,21.1,1.926,49.6,0,60,0,0,0,0,0,0,0,0,66
2025-09-29T12:48:28.478Z,60.5,21.1,1.926,50.4,0,60,0,0,0,0,0,0,0,0,66
2025-09-29T12:48:29.477Z,60.5,21.1,1.926,49.6,0,60,0,0,0,0,0,0,0,0,66
2025-09-29T12:48:30.473Z,60.5,21.1,1.926,49.6,0,60,0,0,0,0,0,0,0,0,66
2025-09-29T12:48:31.471Z,60.5,21.1,1.926,50.4,0,60,0,0,0,0,0,0,0,0,66
2025-09-29T12:48:32.477Z,60.5,21.1,1.926,49.6,0,60,0,0,0,0,0,0,0,0,66
2025-09-29T12:48:33.472Z,60.5,21.1,1.926,50.4,0,60,0,0,0,0,0,0,0,0,66
2025-09-29T12:48:34.477Z,60.5,21.1,1.926,50.4,0,60.1,0,0,0,0,0,0,0,0,66
2025-09-29T12:48:35.479Z,60.5,21.1,1.926,49.6,0,60,0,0,0,0,0,0,0,0,66
2025-09-29T12:48:36.478Z,60.5,21.1,1.926,50.4,0,60,0,0,0,0,0,0,0,0,66
2025-09-29T12:48:37.480Z,60.5,21.1,1.926,49.6,0,60,0,0,0,0,0,0,0,0,66
2025-09-29T12:48:38.478Z,60.5,21.1,1.926,50.4,0,60,0,0,0,0,0,0,0,0,66
2025-09-29T12:48:39.479Z,60.5,21.1,1.926,49.6,0,60,0,0,0,0,0,0,0,0,66
2025-09-29T12:48:40.481Z,60.5,21.1,1.926,50.4,0,60,0,0,0,0,0,0,0,0,66
2025-09-29T12:48:41.485Z,60.5,21.1,1.925,49.6,0,60,0,0,0,0,0,0,0,0,66
2025-09-29T12:48:42.485Z,60.5,21.1,1.925,49.6,0,60,0,0,0,0,0,0,0,0,66
2025-09-29T12:48:43.486Z,60.5,21.1,1.925,50.4,0,60,0,0,0,0,0,0,0,0,66
2025-09-29T12:48:44.488Z,60.5,21.1,1.925,49.6,0,60,0,0,0,0,0,0,0,0,66
2025-09-29T12:48:45.491Z,60.5,21.1,1.925,49.6,0,60,0,0,0,0,0,0,0,0,66
2025-09-29T12:48:46.490Z,60.5,21.1,1.925,50.4,0,60,0,0,0,0,0,0,0,0,66
2025-09-29T12:48:47.492Z,60.5,21.1,1.925,50.4,0,60.1,0,0,0,0,0,0,0,0,66
2025-09-29T12:48:48.489Z,60.5,21.1,1.925,49.6,0,60.1,0,0,0,0,0,0,0,0,66
2025-09-29T12:48:49.491Z,60.4,21.1,1.925,50.4,0,60,0,0,0,0,0,0,0,0,66
2025-09-29T12:48:50.493Z,60.4,21.1,1.925,49.6,0,60,0,0,0,0,0,0,0,0,66
2025-09-29T12:48:51.490Z,60.4,21.1,1.925,50.4,0,60,0,0,0,0,0,0,0,0,66
2025-09-29T12:48:52.499Z,60.4,21.1,1.926,49.6,0,60,0,0,0,0,0,0,0,0,66
2025-09-29T12:48:53.496Z,60.4,21.1,1.925,50.4,0,60,0,0,0,0,0,0,0,0,66
2025-09-29T12:48:54.499Z,60.4,21.1,1.926,49.6,0,60,0,0,0,0,0,0,0,0,66
2025-09-29T12:48:55.496Z,60.4,21.1,1.925,49.6,0,60,0,0,0,0,0,0,0,0,66
2025-09-29T12:48:56.501Z,60.4,21.1,1.926,50.4,0,60,0,0,0,0,0,0,0,0,66
2025-09-29T12:48:57.498Z,60.4,21.1,1.925,49.6,0,60,0,0,0,0,0,0,0,0,66
2025-09-29T12:48:58.503Z,60.4,21.1,1.926,49.6,0,60,0,0,0,0,0,0,0,0,66
2025-09-29T12:48:59.500Z,60.4,21.1,1.925,50.4,0,60,0,0,0,0,0,0,0,0,66
2025-09-29T12:49:00.500Z,60.4,21.1,1.926,49.6,0,60,0,0,0,0,0,0,0,0,66
2025-09-29T12:49:01.497Z,60.4,21.1,1.926,50.4,0,60,0,0,0,0,0,0,0,0,66
2025-09-29T12:49:02.506Z,60.4,21.1,1.926,50.4,0,60,0,0,0,0,0,0,0,0,66
2025-09-29T12:49:03.502Z,60.4,21.1,1.926,49.6,0,60.1,0,0,0,0,0,0,0,0,66
2025-09-29T12:49:04.503Z,60.4,21.1,1.926,50.4,0,60.1,0,0,0,0,0,0,0,0,66
2025-09-29T12:49:05.503Z,60.4,21.1,1.926,49.6,0,60.1,0,0,0,0,0,0,0,0,66
2025-09-29T12:49:06.510Z,60.4,21.1,1.926,50.4,0,60,0,0,0,0,0,0,0,0,66
2025-09-29T12:49:07.510Z,60.4,21.1,1.926,49.6,0,60.1,0,0,0,0,0,0,0,0,66
2025-09-29T12:49:08.507Z,60.4,21.1,1.926,50.4,0,60.1,0,0,0,0,0,0,0,0,66
2025-09-29T12:49:09.511Z,60.4,21.1,1.926,49.6,0,60.1,0,0,0,0,0,0,0,0,66
2025-09-29T12:49:10.509Z,60.4,21.1,1.926,50.4,0,60.1,0,0,0,0,0,0,0,0,66
2025-09-29T12:49:11.512Z,60.4,21.1,1.926,49.6,0,60.1,0,0,0,0,0,0,0,0,66
2025-09-29T12:49:12.515Z,60.4,21.1,1.926,49.6,0,60.1,0,0,0,0,0,0,0,0,66
2025-09-29T12:49:13.513Z,60.4,21.1,1.926,49.6,0,60.1,0,0,0,0,0,0,0,0,66
2025-09-29T12:49:14.513Z,60.4,21.1,1.926,50.4,0,60.1,0,0,0,0,0,0,0,0,66
2025-09-29T12:49:15.519Z,60.4,21.1,1.925,49.6,0,60.1,0,0,0,0,0,0,0,0,66
2025-09-29T12:49:16.522Z,60.4,21.1,1.926,49.6,0,60.1,0,0,0,0,0,0,0,0,66
2025-09-29T12:49:17.518Z,60.3,21.1,1.926,50.4,0,60.1,0,0,0,0,0,0,0,0,66
2025-09-29T12:49:18.519Z,60.3,21.1,1.925,49.6,0,60.1,0,0,0,0,0,0,0,0,66
2025-09-29T12:49:19.518Z,60.3,21.1,1.926,49.6,0,60.1,0,0,0,0,0,0,0,0,66
2025-09-29T12:49:20.521Z,60.3,21.1,1.926,50.4,0,60.1,0,0,0,0,0,0,0,0,66
2025-09-29T12:49:21.520Z,60.3,21.1,1.926,49.6,0,60.1,0,0,0,0,0,0,0,0,66
2025-09-29T12:49:22.520Z,60.3,21.1,1.926,49.6,0,60.1,0,0,0,0,0,0,0,0,66
2025-09-29T12:49:23.521Z,60.3,21.1,1.926,50.4,0,60.1,0,0,0,0,0,0,0,0,66
2025-09-29T12:49:24.524Z,60.3,21.1,1.926,50.4,0,60.1,0,0,0,0,0,0,0,0,66
2025-09-29T12:49:25.525Z,60.3,21.1,1.926,49.6,0,60.1,0,0,0,0,0,0,0,0,66
2025-09-29T12:49:26.526Z,60.3,21.1,1.926,50.4,0,60.1,0,0,0,0,0,0,0,0,66
2025-09-29T12:49:26.526Z,60.3,21.1,1.926,50.4,0,60.1,0,0,0,0,0,0,0,0,66
2025-09-29T12:49:28.525Z,60.3,21.1,1.926,49.6,0,60.1,0,0,0,0,0,0,0,0,66
2025-09-29T12:49:29.529Z,60.3,21.1,1.926,50.4,0,60.1,0,0,0,0,0,0,0,0,66
2025-09-29T12:49:29.529Z,60.3,21.1,1.926,50.4,0,60.1,0,0,0,0,0,0,0,0,66
2025-09-29T12:49:31.529Z,60.3,21.1,1.926,50.4,0,60.1,0,0,0,0,0,0,0,0,66
2025-09-29T12:49:32.527Z,60.3,21.1,1.926,49.6,0,60.1,0,0,0,0,0,0,0,0,66
2025-09-29T12:49:33.529Z,60.3,21.1,1.926,50.4,0,60.1,0,0,0,0,0,0,0,0,66
2025-09-29T12:49:34.529Z,60.3,21.1,1.926,50.4,0,60.1,0,0,0,0,0,0,0,0,66
2025-09-29T12:49:35.534Z,60.3,21.1,1.927,49.6,0,60.1,0,0,0,0,0,0,0,0,66
2025-09-29T12:49:36.533Z,60.3,21.1,1.926,50.4,0,60.1,0,0,0,0,0,0,0,0,66
2025-09-29T12:49:37.532Z,60.3,21.1,1.926,49.6,0,60.1,0,0,0,0,0,0,0,0,66
2025-09-29T12:49:38.532Z,60.3,21.1,1.926,50.4,0,60.1,0,0,0,0,0,0,0,0,66
2025-09-29T12:49:39.532Z,60.3,21.1,1.926,49.6,0,60.1,0,0,0,0,0,0,0,0,66
2025-09-29T12:49:40.534Z,60.3,21.1,1.926,49.6,0,60.1,0,0,0,0,0,0,0,0,66
2025-09-29T12:49:41.535Z,60.3,21.1,1.927,50.4,0,60.1,0,0,0,0,0,0,0,0,66
2025-09-29T12:49:42.537Z,60.3,21.1,1.926,49.6,0,60.1,0,0,0,0,0,0,0,0,66
2025-09-29T12:49:43.535Z,60.3,21.1,1.927,50.4,0,60.1,0,0,0,0,0,0,0,0,66
2025-09-29T12:49:44.541Z,60.3,21.1,1.927,49.6,0,60.1,0,0,0,0,0,0,0,0,66
2025-09-29T12:49:45.543Z,60.3,21.1,1.927,50.4,0,60.1,0,0,0,0,0,0,0,0,66
2025-09-29T12:49:46.544Z,60.2,21.1,1.927,50.4,0,60.1,0,0,0,0,0,0,0,0,66
2025-09-29T12:49:47.543Z,60.2,21.1,1.927,49.6,0,60.1,0,0,0,0,0,0,0,0,66
2025-09-29T12:49:48.543Z,60.2,21.1,1.927,50.4,0,60.1,0,0,0,0,0,0,0,0,66
2025-09-29T12:49:49.546Z,60.2,21.1,1.927,49.6,0,60.1,0,0,0,0,0,0,0,0,66
2025-09-29T12:49:50.545Z,60.2,21.1,1.927,49.6,0,60.1,0,0,0,0,0,0,0,0,66
2025-09-29T12:49:51.549Z,60.2,21.1,1.927,49.6,0,60.1,0,0,0,0,0,0,0,0,66
2025-09-29T12:49:52.553Z,60.2,21.1,1.926,50.4,0,60.1,0,0,0,0,0,0,0,0,66
2025-09-29T12:49:53.547Z,60.2,21.1,1.927,49.6,0,60.1,0,0,0,0,0,0,0,0,66
2025-09-29T12:49:54.547Z,60.2,21.1,1.927,49.6,0,60.1,0,0,0,0,0,0,0,0,66
2025-09-29T12:49:55.549Z,60.2,21.1,1.927,50.4,0,60.1,0,0,0,0,0,0,0,0,66
2025-09-29T12:49:56.549Z,60.2,21.1,1.927,49.6,0,60.1,0,0,0,0,0,0,0,0,66
2025-09-29T12:49:57.550Z,60.2,21.1,1.927,50.4,0,60.1,0,0,0,0,0,0,0,0,66
2025-09-29T12:49:58.548Z,60.2,21.1,1.927,50.4,0,60.1,0,0,0,0,0,0,0,0,66
2025-09-29T12:49:59.552Z,60.2,21.1,1.927,49.6,0,60.1,0,0,0,0,0,0,0,0,66
2025-09-29T12:50:00.550Z,60.2,21.1,1.926,50.4,0,60.1,0,0,0,0,0,0,0,0,66
2025-09-29T12:50:01.551Z,60.2,21.1,1.926,49.6,0,60.1,0,0,0,0,0,0,0,0,66
2025-09-29T12:50:02.552Z,60.2,21.1,1.926,50.4,0,60.1,0,0,0,0,0,0,0,0,66
2025-09-29T12:50:03.548Z,60.2,21.1,1.927,49.6,0,60.1,0,0,0,0,0,0,0,0,66
2025-09-29T12:50:04.554Z,60.2,21.1,1.926,49.6,0,60.1,0,0,0,0,0,0,0,0,66
2025-09-29T12:50:05.553Z,60.2,21.1,1.926,50.4,0,60.1,0,0,0,0,0,0,0,0,66
2025-09-29T12:50:06.548Z,60.2,21.1,1.927,49.6,0,60.1,0,0,0,0,0,0,0,0,66
2025-09-29T12:50:07.564Z,60.2,21.1,1.927,50.4,0,60.1,0,0,0,0,0,0,0,0,66
2025-09-29T12:50:08.563Z,60.2,21.1,1.926,49.6,0,60.1,0,0,0,0,0,0,0,0,66
2025-09-29T12:50:09.564Z,60.2,21.1,1.926,49.6,0,60.1,0,0,0,0,0,0,0,0,66
2025-09-29T12:50:10.560Z,60.2,21.1,1.926,50.4,0,60.1,0,0,0,0,0,0,0,0,66
2025-09-29T12:50:11.562Z,60.2,21.1,1.926,49.6,0,60.1,0,0,0,0,0,0,0,0,66
2025-09-29T12:50:12.563Z,60.2,21.1,1.926,50.4,0,60.1,0,0,0,0,0,0,0,0,66
2025-09-29T12:50:13.563Z,60.2,21.1,1.926,50.4,0,60.1,0,0,0,0,0,0,0,0,66
2025-09-29T12:50:14.564Z,60.2,21.1,1.926,49.6,0,60.1,0,0,0,0,0,0,0,0,66
2025-09-29T12:50:15.561Z,60.2,21.1,1.926,50.4,0,60.1,0,0,0,0,0,0,0,0,66
2025-09-29T12:50:16.568Z,60.1,21.1,1.927,49.6,0,60.1,0,0,0,0,0,0,0,0,66
2025-09-29T12:50:17.572Z,60.1,21.1,1.927,50.4,0,60.1,0,0,0,0,0,0,0,0,66
2025-09-29T12:50:18.574Z,60.1,21.1,1.927,49.6,0,60.1,0,0,0,0,0,0,0,0,66
2025-09-29T12:50:19.577Z,60.1,21.1,1.927,49.6,0,60.1,0,0,0,0,0,0,0,0,66
2025-09-29T12:50:20.576Z,60.1,21.1,1.927,50.4,0,60.1,0,0,0,0,0,0,0,0,66
2025-09-29T12:50:21.571Z,60.1,21.1,1.927,49.6,0,60.1,0,0,0,0,0,0,0,0,66
2025-09-29T12:50:22.579Z,60.1,21.1,1.927,50.4,0,60.1,0,0,0,0,0,0,0,0,66
2025-09-29T12:50:23.568Z,60.1,21.1,1.927,50.4,0,60.1,0,0,0,0,0,0,0,0,66
2025-09-29T12:50:24.576Z,60.1,21.1,1.927,49.6,0,60.1,0,0,0,0,0,0,0,0,66
2025-09-29T12:50:25.578Z,60.1,21.1,1.927,50.4,0,60.1,0,0,0,0,0,0,0,0,66
2025-09-29T12:50:26.577Z,60.1,21.1,1.927,49.6,0,60.1,0,0,0,0,0,0,0,0,66
2025-09-29T12:50:27.582Z,60.1,21.1,1.927,50.4,0,60.1,0,0,0,0,0,0,0,0,66
2025-09-29T12:50:28.578Z,60.1,21.1,1.927,49.6,0,60.1,0,0,0,0,0,0,0,0,66
2025-09-29T12:50:29.575Z,60.1,21.1,1.927,50.4,0,60.1,0,0,0,0,0,0,0,0,66
2025-09-29T12:50:30.578Z,60.1,21.1,1.927,49.6,0,60.1,0,0,0,0,0,0,0,0,66
2025-09-29T12:50:31.580Z,60.1,21.1,1.927,50.4,0,60.1,0,0,0,0,0,0,0,0,66
2025-09-29T12:50:32.578Z,60.1,21.1,1.927,49.6,0,60.1,0,0,0,0,0,0,0,0,66
2025-09-29T12:50:33.578Z,60.1,21.1,1.927,50.4,0,60.1,0,0,0,0,0,0,0,0,66
2025-09-29T12:50:33.578Z,60.1,21.1,1.927,50.4,0,60.1,0,0,0,0,0,0,0,0,66
2025-09-29T12:50:35.582Z,60.1,21.1,1.926,50.4,0,60.1,0,0,0,0,0,0,0,0,66
2025-09-29T12:50:36.584Z,60.1,21.1,1.926,49.6,0,60.1,0,0,0,0,0,0,0,0,66
2025-09-29T12:50:37.581Z,60.1,21.1,1.927,50.4,0,60.1,0,0,0,0,0,0,0,0,66
2025-09-29T12:50:38.589Z,60.1,21.1,1.926,49.6,0,60.1,0,0,0,0,0,0,0,0,66
2025-09-29T12:50:39.587Z,60.1,21.1,1.926,50.4,0,60.1,0,0,0,0,0,0,0,0,66
2025-09-29T12:50:40.590Z,60.1,21.1,1.926,49.6,0,60.1,0,0,0,0,0,0,0,0,66
2025-09-29T12:50:41.587Z,60.1,21.1,1.926,50.4,0,60.1,0,0,0,0,0,0,0,0,66
2025-09-29T12:50:42.587Z,60.1,21.1,1.926,49.6,0,60.1,0,0,0,0,0,0,0,0,66
2025-09-29T12:50:43.587Z,60.1,21.1,1.926,50.4,0,60.1,0,0,0,0,0,0,0,0,66
2025-09-29T12:50:44.596Z,60.1,21.1,1.927,49.6,0,60.1,0,0,0,0,0,0,0,0,66
2025-09-29T12:50:45.592Z,60.1,21.1,1.926,50.4,0,60.1,0,0,0,0,0,0,0,0,66
2025-09-29T12:50:46.593Z,60.1,21.1,1.926,49.6,0,60.1,0,0,0,0,0,0,0,0,66
2025-09-29T12:50:47.594Z,60.1,21.1,1.927,50.4,0,60.1,0,0,0,0,0,0,0,0,66
2025-09-29T12:50:48.592Z,60.1,21.1,1.926,49.6,0,60.1,0,0,0,0,0,0,0,0,66
2025-09-29T12:50:49.604Z,60.1,21.1,1.927,49.6,0,60.1,0,0,0,0,0,0,0,0,66
2025-09-29T12:50:50.596Z,60,21.1,1.926,50.4,0,60.1,0,0,0,0,0,0,0,0,66
2025-09-29T12:50:51.598Z,60,21.1,1.927,49.6,0,60.1,0,0,0,0,0,0,0,0,66
2025-09-29T12:50:52.601Z,60,21.1,1.927,50.4,0,60.1,0,0,0,0,0,0,0,0,66
2025-09-29T12:50:53.602Z,60,21.1,1.927,49.6,0,60.1,0,0,0,0,0,0,0,0,66
2025-09-29T12:50:54.598Z,60,21.1,1.926,50.4,0,60.1,0,0,0,0,0,0,0,0,66
2025-09-29T12:50:55.603Z,60,21.1,1.928,49.6,0,60.1,0,0,0,0,0,0,0,0,66
2025-09-29T12:50:56.603Z,60,21.1,1.928,50.4,0,60.1,0,0,0,0,0,0,0,0,66
2025-09-29T12:50:57.604Z,60,21.1,1.927,49.6,0,60.1,0,0,0,0,0,0,0,0,66
2025-09-29T12:50:58.603Z,60,21.1,1.927,49.6,0,60.1,0,0,0,0,0,0,0,0,66
2025-09-29T12:50:59.606Z,60,21.1,1.927,49.6,0,60.1,0,0,0,0,0,0,0,0,66
2025-09-29T12:51:00.608Z,60,21.1,1.927,50.4,0,60.1,0,0,0,0,0,0,0,0,66
2025-09-29T12:51:01.611Z,60,21.1,1.928,49.6,0,60.1,0,0,0,0,0,0,0,0,66
2025-09-29T12:51:02.609Z,60,21.1,1.928,50.4,0,60.1,0,0,0,0,0,0,0,0,66
2025-09-29T12:51:03.607Z,60,21.1,1.928,49.6,0,60.1,0,0,0,0,0,0,0,0,66
2025-09-29T12:51:04.611Z,60,21.1,1.927,49.6,0,60.1,0,0,0,0,0,0,0,0,66
2025-09-29T12:51:05.612Z,60,21.1,1.928,50.4,0,60.1,0,0,0,0,0,0,0,0,66
2025-09-29T12:51:06.609Z,60,21.1,1.927,49.6,0,60.1,0,0,0,0,0,0,0,0,66
2025-09-29T12:51:07.611Z,60,21.1,1.928,50.4,0,60.1,0,0,0,0,0,0,0,0,66
2025-09-29T12:51:08.611Z,60,21.1,1.928,49.6,0,60.1,0,0,0,0,0,0,0,0,66
2025-09-29T12:51:09.612Z,60,21.1,1.927,50.4,0,60.1,0,0,0,0,0,0,0,0,66
2025-09-29T12:51:10.615Z,60,21.1,1.928,49.6,0,60.1,0,0,0,0,0,0,0,0,66
2025-09-29T12:51:11.614Z,60,21.1,1.928,50.4,0,60.1,0,0,0,0,0,0,0,0,66
2025-09-29T12:51:12.616Z,60,21.1,1.928,49.6,0,60.1,0,0,0,0,0,0,0,0,66
2025-09-29T12:51:13.615Z,60,21.1,1.928,49.6,0,60.1,0,0,0,0,0,0,0,0,66
2025-09-29T12:51:14.616Z,60,21.1,1.928,50.4,0,60.1,0,0,0,0,0,0,0,0,66
2025-09-29T12:51:15.620Z,60,21.1,1.928,49.6,0,60.1,0,0,0,0,0,0,0,0,66
2025-09-29T12:51:16.619Z,60,21.1,1.928,50.4,0,60.1,0,0,0,0,0,0,0,0,66
2025-09-29T12:51:17.620Z,60,21.1,1.928,49.6,0,60.1,0,0,0,0,0,0,0,0,66
2025-09-29T12:51:18.624Z,60,21.1,1.928,49.6,0,60.1,0,0,0,0,0,0,0,0,66
2025-09-29T12:51:19.623Z,60,21.1,1.928,50.4,0,60.1,0,0,0,0,0,0,0,0,66
2025-09-29T12:51:20.621Z,60,21.1,1.928,49.6,0,60.1,0,0,0,0,0,0,0,0,66
2025-09-29T12:51:21.624Z,60,21.1,1.928,49.6,0,60.1,0,0,0,0,0,0,0,0,66
2025-09-29T12:51:22.625Z,60,21.1,1.928,50.4,0,60.1,0,0,0,0,0,0,0,0,66
2025-09-29T12:51:23.625Z,60,21.1,1.928,49.6,0,60.1,0,0,0,0,0,0,0,0,66
2025-09-29T12:51:24.632Z,60,21.1,1.927,49.6,0,60.1,0,0,0,0,0,0,0,0,66
2025-09-29T12:51:25.624Z,60,21.1,1.928,50.4,0,60.1,0,0,0,0,0,0,0,0,66
2025-09-29T12:51:26.627Z,60,21.1,1.928,49.6,0,60.1,0,0,0,0,0,0,0,0,66
2025-09-29T12:51:27.630Z,60,21.1,1.927,49.6,0,60.1,0,0,0,0,0,0,0,0,66
2025-09-29T12:51:28.632Z,59.9,21.1,1.927,50.4,0,60.1,0,0,0,0,0,0,0,0,66
2025-09-29T12:51:29.633Z,59.9,21.1,1.927,50.4,0,60.1,0,0,0,0,0,0,0,0,66
2025-09-29T12:51:30.634Z,59.9,21.1,1.927,49.6,0,60.1,0,0,0,0,0,0,0,0,66
2025-09-29T12:51:31.628Z,59.9,21.1,1.927,50.4,0,60.1,0,0,0,0,0,0,0,0,66
2025-09-29T12:51:32.633Z,59.9,21.1,1.927,49.6,0,60.1,0,0,0,0,0,0,0,0,66
2025-09-29T12:51:33.632Z,59.9,21.1,1.927,50.4,0,60.1,0,0,0,0,0,0,0,0,66
2025-09-29T12:51:34.634Z,59.9,21.1,1.928,49.6,0,60.1,0,0,0,0,0,0,0,0,66
2025-09-29T12:51:35.634Z,59.9,21.1,1.927,49.6,0,60.1,0,0,0,0,0,0,0,0,66
2025-09-29T12:51:36.637Z,59.9,21.1,1.928,50.4,0,60.1,0,0,0,0,0,0,0,0,66
2025-09-29T12:51:37.633Z,59.9,21.1,1.928,49.6,0,60.1,0,0,0,0,0,0,0,0,66
2025-09-29T12:51:38.640Z,59.9,21.1,1.927,49.6,0,60.1,0,0,0,0,0,0,0,0,66
2025-09-29T12:51:39.638Z,59.9,21.1,1.928,50.4,0,60.1,0,0,0,0,0,0,0,0,66
2025-09-29T12:51:40.635Z,59.9,21.1,1.928,50.4,0,60.1,0,0,0,0,0,0,0,0,66
2025-09-29T12:51:41.644Z,59.9,21.1,1.928,49.6,0,60.1,0,0,0,0,0,0,0,0,66
2025-09-29T12:51:42.640Z,59.9,21.1,1.928,50.4,0,60.1,0,0,0,0,0,0,0,0,66
2025-09-29T12:51:43.642Z,59.9,21.1,1.928,49.6,0,60.1,0,0,0,0,0,0,0,0,66
2025-09-29T12:51:44.643Z,59.9,21.1,1.928,49.6,0,60.1,0,0,0,0,0,0,0,0,66
2025-09-29T12:51:45.646Z,59.9,21.1,1.928,50.4,0,60.1,0,0,0,0,0,0,0,0,66
2025-09-29T12:51:46.645Z,59.9,21.1,1.928,49.6,0,60.1,0,0,0,0,0,0,0,0,66
2025-09-29T12:51:47.649Z,59.9,21.1,1.928,50.4,0,60.1,0,0,0,0,0,0,0,0,66
2025-09-29T12:51:48.651Z,59.9,21.1,1.928,50.4,0,60.1,0,0,0,0,0,0,0,0,66
2025-09-29T12:51:49.646Z,59.9,21.1,1.928,49.6,0,60.1,0,0,0,0,0,0,0,0,66
2025-09-29T12:51:50.654Z,59.9,21.1,1.928,50.4,0,60.1,0,0,0,0,0,0,0,0,66
2025-09-29T12:51:51.650Z,59.9,21.1,1.928,49.6,0,60.1,0,0,0,0,0,0,0,0,66
2025-09-29T12:51:52.652Z,59.9,21.1,1.928,50.4,0,60.1,0,0,0,0,0,0,0,0,66
2025-09-29T12:51:53.656Z,59.9,21.1,1.929,49.6,0,60.1,0,0,0,0,0,0,0,0,66
2025-09-29T12:51:54.653Z,59.9,21.1,1.928,49.6,0,60.1,0,0,0,0,0,0,0,0,66
2025-09-29T12:51:55.656Z,59.9,21.1,1.928,50.4,0,60.1,0,0,0,0,0,0,0,0,66
2025-09-29T12:51:56.659Z,59.9,21.1,1.929,50.4,0,60.1,0,0,0,0,0,0,0,0,66
2025-09-29T12:51:57.657Z,59.9,21.1,1.929,49.6,0,60.1,0,0,0,0,0,0,0,0,66
2025-09-29T12:51:58.655Z,59.9,21.1,1.928,50.4,0,60.1,0,0,0,0,0,0,0,0,66
2025-09-29T12:51:59.660Z,59.9,21.1,1.929,49.6,0,60.1,0,0,0,0,0,0,0,0,66
2025-09-29T12:52:00.657Z,59.9,21.1,1.929,50.4,0,60.1,0,0,0,0,0,0,0,0,66
2025-09-29T12:52:01.658Z,59.9,21.1,1.929,49.6,0,60.1,0,0,0,0,0,0,0,0,66
2025-09-29T12:52:02.662Z,59.9,21.1,1.929,50.4,0,60.1,0,0,0,0,0,0,0,0,66
2025-09-29T12:52:03.659Z,59.9,21.1,1.929,49.6,0,60.1,0,0,0,0,0,0,0,0,66
2025-09-29T12:52:04.660Z,59.9,21.1,1.929,50.4,0,60.1,0,0,0,0,0,0,0,0,66
2025-09-29T12:52:05.661Z,59.9,21.1,1.929,49.6,0,60.1,0,0,0,0,0,0,0,0,66
2025-09-29T12:52:06.659Z,59.8,21.1,1.928,50.4,0,60.1,0,0,0,0,0,0,0,0,66
2025-09-29T12:52:07.662Z,59.8,21.1,1.929,49.6,0,60.1,0,0,0,0,0,0,0,0,66
2025-09-29T12:52:08.665Z,59.8,21.1,1.929,49.6,0,60.1,0,0,0,0,0,0,0,0,66
2025-09-29T12:52:09.666Z,59.8,21.1,1.929,50.4,0,60.1,0,0,0,0,0,0,0,0,66
2025-09-29T12:52:10.666Z,59.8,21.1,1.929,49.6,0,60.1,0,0,0,0,0,0,0,0,66
2025-09-29T12:52:11.672Z,59.8,21.1,1.929,49.6,0,60.1,0,0,0,0,0,0,0,0,66
2025-09-29T12:52:12.668Z,59.8,21.1,1.929,50.4,0,60.1,0,0,0,0,0,0,0,0,66
2025-09-29T12:52:13.669Z,59.8,21.1,1.929,49.6,0,60.1,0,0,0,0,0,0,0,0,66
2025-09-29T12:52:14.673Z,59.8,21.1,1.929,49.6,0,60.1,0,0,0,0,0,0,0,0,66
2025-09-29T12:52:15.674Z,59.8,21.1,1.929,50.4,0,60.1,0,0,0,0,0,0,0,0,66
2025-09-29T12:52:16.674Z,59.8,21.1,1.929,50.4,0,60.1,0,0,0,0,0,0,0,0,66
2025-09-29T12:52:17.677Z,59.8,21.1,1.929,49.6,0,60.1,0,0,0,0,0,0,0,0,66
2025-09-29T12:52:18.675Z,59.8,21.1,1.929,50.4,0,60.1,0,0,0,0,0,0,0,0,66
2025-09-29T12:52:19.682Z,59.8,21.1,1.928,49.6,0,60.1,0,0,0,0,0,0,0,0,66
2025-09-29T12:52:20.678Z,59.8,21.1,1.929,49.6,0,60.1,0,0,0,0,0,0,0,0,66
2025-09-29T12:52:21.682Z,59.8,21.1,1.928,50.4,0,60.1,0,0,0,0,0,0,0,0,66
2025-09-29T12:52:22.680Z,59.8,21.1,1.928,49.6,0,60.1,0,0,0,0,0,0,0,0,66
2025-09-29T12:52:23.680Z,59.8,21.1,1.929,50.4,0,60.1,0,0,0,0,0,0,0,0,66
2025-09-29T12:52:24.684Z,59.8,21.1,1.928,49.6,0,60.1,0,0,0,0,0,0,0,0,66
2025-09-29T12:52:25.683Z,59.8,21.1,1.928,49.6,0,60.1,0,0,0,0,0,0,0,0,66
2025-09-29T12:52:26.686Z,59.8,21.1,1.928,50.4,0,60.1,0,0,0,0,0,0,0,0,66
2025-09-29T12:52:27.684Z,59.8,21.1,1.928,49.6,0,60.1,0,0,0,0,0,0,0,0,66
2025-09-29T12:52:28.686Z,59.8,21.1,1.928,49.6,0,60.1,0,0,0,0,0,0,0,0,66
2025-09-29T12:52:29.685Z,59.8,21.1,1.928,50.4,0,60.1,0,0,0,0,0,0,0,0,66
2025-09-29T12:52:30.683Z,59.8,21.1,1.928,50.4,0,60.1,0,0,0,0,0,0,0,0,66
2025-09-29T12:52:31.687Z,59.8,21.1,1.928,49.6,0,60.1,0,0,0,0,0,0,0,0,66
2025-09-29T12:52:32.685Z,59.8,21.1,1.928,50.4,0,60.1,0,0,0,0,0,0,0,0,66
2025-09-29T12:52:33.688Z,59.8,21.1,1.928,49.6,0,60.1,0,0,0,0,0,0,0,0,66
2025-09-29T12:52:34.688Z,59.8,21.1,1.928,50.4,0,60.1,0,0,0,0,0,0,0,0,66
2025-09-29T12:52:35.694Z,59.8,21.1,1.928,49.6,0,60.1,0,0,0,0,0,0,0,0,66
2025-09-29T12:52:36.692Z,59.8,21.1,1.928,49.6,0,60.1,0,0,0,0,0,0,0,0,66
2025-09-29T12:52:37.698Z,59.8,21.1,1.928,50.4,0,60.1,0,0,0,0,0,0,0,0,66
2025-09-29T12:52:38.697Z,59.8,21.1,1.928,49.6,0,60.1,0,0,0,0,0,0,0,0,66
2025-09-29T12:52:39.698Z,59.8,21.1,1.928,49.6,0,60.1,0,0,0,0,0,0,0,0,66
2025-09-29T12:52:40.693Z,59.8,21.1,1.929,50.4,0,60.1,0,0,0,0,0,0,0,0,66
2025-09-29T12:52:41.700Z,59.8,21.1,1.928,50.4,0,60.1,0,0,0,0,0,0,0,0,66
2025-09-29T12:52:42.697Z,59.8,21.1,1.928,49.6,0,60.1,0,0,0,0,0,0,0,0,66
2025-09-29T12:52:43.698Z,59.7,21.1,1.928,50.4,0,60.1,0,0,0,0,0,0,0,0,66
2025-09-29T12:52:44.698Z,59.7,21.1,1.928,50.4,0,60.1,0,0,0,0,0,0,0,0,66
2025-09-29T12:52:45.700Z,59.7,21.1,1.929,49.6,0,60.1,0,0,0,0,0,0,0,0,66
2025-09-29T12:52:46.703Z,59.7,21.1,1.929,50.4,0,60.1,0,0,0,0,0,0,0,0,66
2025-09-29T12:52:47.699Z,59.7,21.1,1.928,49.6,0,60.1,0,0,0,0,0,0,0,0,66
2025-09-29T12:52:48.703Z,59.7,21.1,1.928,50.4,0,60.1,0,0,0,0,0,0,0,0,66
2025-09-29T12:52:49.707Z,59.7,21.1,1.93,49.6,0,60.1,0,0,0,0,0,0,0,0,66
2025-09-29T12:52:50.709Z,59.7,21.1,1.929,50.4,0,60.1,0,0,0,0,0,0,0,0,66
2025-09-29T12:52:51.703Z,59.7,21.1,1.928,49.6,0,60.1,0,0,0,0,0,0,0,0,66
2025-09-29T12:52:52.713Z,59.7,21.1,1.929,49.6,0,60.1,0,0,0,0,0,0,0,0,66
2025-09-29T12:52:53.709Z,59.7,21.1,1.929,50.4,0,60.1,0,0,0,0,0,0,0,0,66
2025-09-29T12:52:54.708Z,59.7,21.1,1.93,49.6,0,60.1,0,0,0,0,0,0,0,0,66
2025-09-29T12:52:55.713Z,59.7,21.1,1.93,49.6,0,60.1,0,0,0,0,0,0,0,0,66
2025-09-29T12:52:56.713Z,59.7,21.1,1.929,50.4,0,60.1,0,0,0,0,0,0,0,0,66
2025-09-29T12:52:57.713Z,59.7,21.1,1.929,49.6,0,60.1,0,0,0,0,0,0,0,0,66
2025-09-29T12:52:58.714Z,59.7,21.1,1.93,49.6,0,60.1,0,0,0,0,0,0,0,0,66
2025-09-29T12:52:59.713Z,59.7,21.1,1.93,50.4,0,60.1,0,0,0,0,0,0,0,0,66
2025-09-29T12:53:00.716Z,59.7,21.1,1.93,50.4,0,60.1,0,0,0,0,0,0,0,0,66
2025-09-29T12:53:01.714Z,59.7,21.1,1.929,49.6,0,60.1,0,0,0,0,0,0,0,0,66
2025-09-29T12:53:02.713Z,59.7,21.1,1.93,50.4,0,60.1,0,0,0,0,0,0,0,0,66
2025-09-29T12:53:03.714Z,59.7,21.1,1.93,49.6,0,60.1,0,0,0,0,0,0,0,0,66
2025-09-29T12:53:04.718Z,59.7,21.1,1.93,50.4,0,60.1,0,0,0,0,0,0,0,0,66
2025-09-29T12:53:05.721Z,59.7,21.1,1.93,50.4,0,60.1,0,0,0,0,0,0,0,0,66
2025-09-29T12:53:06.719Z,59.7,21.1,1.929,49.6,0,60.1,0,0,0,0,0,0,0,0,66
2025-09-29T12:53:07.717Z,59.7,21.1,1.93,50.4,0,60.1,0,0,0,0,0,0,0,0,66
2025-09-29T12:53:08.718Z,59.7,21.1,1.93,49.6,0,60.1,0,0,0,0,0,0,0,0,66
2025-09-29T12:53:09.722Z,59.7,21.1,1.93,50.4,0,60.1,0,0,0,0,0,0,0,0,66
2025-09-29T12:53:10.719Z,59.7,21.1,1.93,49.6,0,60.1,0,0,0,0,0,0,0,0,66
2025-09-29T12:53:11.724Z,59.7,21.1,1.93,49.6,0,60.1,0,0,0,0,0,0,0,0,66
2025-09-29T12:53:12.723Z,59.7,21.1,1.93,50.4,0,60.1,0,0,0,0,0,0,0,0,66
2025-09-29T12:53:13.726Z,59.7,21.1,1.929,49.6,0,60.1,0,0,0,0,0,0,0,0,66
2025-09-29T12:53:14.724Z,59.7,21.1,1.93,50.4,0,60.1,0,0,0,0,0,0,0,0,66
2025-09-29T12:53:15.725Z,59.7,21.1,1.929,49.6,0,60.1,0,0,0,0,0,0,0,0,66
2025-09-29T12:53:16.731Z,59.7,21.1,1.929,49.6,0,60.1,0,0,0,0,0,0,0,0,66
2025-09-29T12:53:17.728Z,59.7,21.1,1.929,50.4,0,60.1,0,0,0,0,0,0,0,0,66
2025-09-29T12:53:18.728Z,59.7,21.1,1.929,49.6,0,60.1,0,0,0,0,0,0,0,0,66
2025-09-29T12:53:19.735Z,59.7,21.1,1.929,49.6,0,60.1,0,0,0,0,0,0,0,0,66
2025-09-29T12:53:20.734Z,59.7,21.1,1.929,50.4,0,60.1,0,0,0,0,0,0,0,0,66
2025-09-29T12:53:21.737Z,59.7,21.1,1.929,50.4,0,60.1,0,0,0,0,0,0,0,0,66
2025-09-29T12:53:22.738Z,59.7,21.1,1.929,49.6,0,60.1,0,0,0,0,0,0,0,0,66
2025-09-29T12:53:23.736Z,59.7,21.1,1.929,50.4,0,60.1,0,0,0,0,0,0,0,0,66
2025-09-29T12:53:24.742Z,59.7,21.1,1.929,49.6,0,60.1,0,0,0,0,0,0,0,0,66
2025-09-29T12:53:25.740Z,59.7,21.1,1.929,50.4,0,60.1,0,0,0,0,0,0,0,0,66
2025-09-29T12:53:26.739Z,59.7,21.1,1.929,50.4,0,60.1,0,0,0,0,0,0,0,0,66
2025-09-29T12:53:27.743Z,59.7,21.1,1.929,49.6,0,60.1,0,0,0,0,0,0,0,0,66
2025-09-29T12:53:28.741Z,59.7,21.1,1.929,50.4,0,60.1,0,0,0,0,0,0,0,0,66
2025-09-29T12:53:29.742Z,59.7,21.1,1.929,49.6,0,60.1,0,0,0,0,0,0,0,0,66
2025-09-29T12:53:30.740Z,59.7,21.1,1.929,50.4,0,60.1,0,0,0,0,0,0,0,0,66
2025-09-29T12:53:31.741Z,59.7,21.1,1.929,49.6,0,60.1,0,0,0,0,0,0,0,0,66
2025-09-29T12:53:32.746Z,59.7,21.1,1.929,49.6,0,60.1,0,0,0,0,0,0,0,0,66
2025-09-29T12:53:33.744Z,59.7,21.1,1.93,50.4,0,60.1,0,0,0,0,0,0,0,0,66
2025-09-29T12:53:34.745Z,59.6,21.1,1.93,49.6,0,60.1,0,0,0,0,0,0,0,0,66
2025-09-29T12:53:35.745Z,59.7,21.1,1.929,49.6,0,60.1,0,0,0,0,0,0,0,0,66
2025-09-29T12:53:36.748Z,59.7,21.1,1.929,50.4,0,60.1,0,0,0,0,0,0,0,0,66
2025-09-29T12:53:37.747Z,59.7,21.1,1.93,49.6,0,60.1,0,0,0,0,0,0,0,0,66
2025-09-29T12:53:38.747Z,59.7,21.1,1.93,50.4,0,60.1,0,0,0,0,0,0,0,0,66
2025-09-29T12:53:39.751Z,59.6,21.1,1.929,49.6,0,60.1,0,0,0,0,0,0,0,0,66
2025-09-29T12:53:40.747Z,59.6,21.1,1.929,49.6,0,60.1,0,0,0,0,0,0,0,0,66
2025-09-29T12:53:41.753Z,59.6,21.1,1.931,50.4,0,60.1,0,0,0,0,0,0,0,0,66
2025-09-29T12:53:42.752Z,59.6,21.1,1.93,49.6,0,60.1,0,0,0,0,0,0,0,0,66
2025-09-29T12:53:43.753Z,59.6,21.1,1.931,49.6,0,60.1,0,0,0,0,0,0,0,0,66
2025-09-29T12:53:44.756Z,59.6,21.1,1.93,50.4,0,60.1,0,0,0,0,0,0,0,0,66
2025-09-29T12:53:45.756Z,59.6,21.1,1.931,50.4,0,60.1,0,0,0,0,0,0,0,0,66
2025-09-29T12:53:46.753Z,59.6,21.1,1.93,49.6,0,60.1,0,0,0,0,0,0,0,0,66
2025-09-29T12:53:47.758Z,59.6,21.1,1.931,50.4,0,60.1,0,0,0,0,0,0,0,0,66
2025-09-29T12:53:48.759Z,59.6,21.1,1.931,49.6,0,60.1,0,0,0,0,0,0,0,0,66
2025-09-29T12:53:49.760Z,59.6,21.1,1.931,50.4,0,60.1,0,0,0,0,0,0,0,0,66
2025-09-29T12:53:50.762Z,59.6,21.1,1.931,49.6,0,60.1,0,0,0,0,0,0,0,0,66
2025-09-29T12:53:51.763Z,59.6,21.1,1.931,50.4,0,60.1,0,0,0,0,0,0,0,0,66
2025-09-29T12:53:52.766Z,59.6,21.1,1.931,50.4,0,60.1,0,0,0,0,0,0,0,0,66
2025-09-29T12:53:53.765Z,59.6,21.1,1.931,49.6,0,60.1,0,0,0,0,0,0,0,0,66
2025-09-29T12:53:54.766Z,59.6,21.1,1.931,50.4,0,60.1,0,0,0,0,0,0,0,0,66
2025-09-29T12:53:55.766Z,59.6,21.1,1.931,49.6,0,60.1,0,0,0,0,0,0,0,0,66
2025-09-29T12:53:56.768Z,59.6,21.1,1.931,50.4,0,60.1,0,0,0,0,0,0,0,0,66
2025-09-29T12:53:57.768Z,59.6,21.1,1.931,49.6,0,60.1,0,0,0,0,0,0,0,0,66
2025-09-29T12:53:58.773Z,59.6,21.1,1.931,50.4,0,60.1,0,0,0,0,0,0,0,0,66
2025-09-29T12:53:59.770Z,59.6,21.1,1.931,49.6,0,60.1,0,0,0,0,0,0,0,0,66
2025-09-29T12:54:00.765Z,59.6,21.1,1.931,50.4,0,60.1,0,0,0,0,0,0,0,0,66
2025-09-29T12:54:01.768Z,59.6,21.1,1.931,50.4,0,60.1,0,0,0,0,0,0,0,0,66
2025-09-29T12:54:02.769Z,59.6,21.1,1.931,49.6,0,60.1,0,0,0,0,0,0,0,0,66
2025-09-29T12:54:03.771Z,59.6,21.1,1.93,50.4,0,60.1,0,0,0,0,0,0,0,0,66
2025-09-29T12:54:04.773Z,59.6,21.1,1.93,49.6,0,60.1,0,0,0,0,0,0,0,0,66
2025-09-29T12:54:05.773Z,59.6,21.1,1.93,50.4,0,60.1,0,0,0,0,0,0,0,0,66
2025-09-29T12:54:06.773Z,59.6,21.1,1.93,49.6,0,60.1,0,0,0,0,0,0,0,0,66
2025-09-29T12:54:07.774Z,59.6,21.1,1.93,50.4,0,60.1,0,0,0,0,0,0,0,0,66
2025-09-29T12:54:08.775Z,59.6,21.1,1.93,49.6,0,60.1,0,0,0,0,0,0,0,0,66
2025-09-29T12:54:09.778Z,59.6,21.1,1.93,49.6,0,60.1,0,0,0,0,0,0,0,0,66
2025-09-29T12:54:10.779Z,59.6,21.1,1.93,49.6,0,60.1,0,0,0,0,0,0,0,0,66
2025-09-29T12:54:11.779Z,59.6,21.1,1.93,50.4,0,60.1,0,0,0,0,0,0,0,0,66
2025-09-29T12:54:12.775Z,59.6,21.1,1.93,49.6,0,60.1,0,0,0,0,0,0,0,0,66
2025-09-29T12:54:13.782Z,59.6,21.1,1.93,50.4,0,60.1,0,0,0,0,0,0,0,0,66
2025-09-29T12:54:14.783Z,59.6,21.1,1.93,49.6,0,60.1,0,0,0,0,0,0,0,0,66
2025-09-29T12:54:15.782Z,59.6,21.1,1.93,50.4,0,60.1,0,0,0,0,0,0,0,0,66
2025-09-29T12:54:16.783Z,59.6,21.1,1.93,49.6,0,60.1,0,0,0,0,0,0,0,0,66
2025-09-29T12:54:17.784Z,59.6,21.1,1.93,50.4,0,60.1,0,0,0,0,0,0,0,0,66
2025-09-29T12:54:18.788Z,59.6,21.1,1.931,50.4,0,60.1,0,0,0,0,0,0,0,0,66
2025-09-29T12:54:19.787Z,59.6,21.1,1.93,49.6,0,60.1,0,0,0,0,0,0,0,0,66
2025-09-29T12:54:20.785Z,59.6,21.1,1.93,49.6,0,60.1,0,0,0,0,0,0,0,0,66
2025-09-29T12:54:21.791Z,59.6,21.1,1.931,49.6,0,60.1,0,0,0,0,0,0,0,0,66
2025-09-29T12:54:22.790Z,59.6,21.1,1.931,50.4,0,60.1,0,0,0,0,0,0,0,0,66
2025-09-29T12:54:23.789Z,59.6,21.1,1.93,49.6,0,60.1,0,0,0,0,0,0,0,0,66
2025-09-29T12:54:24.791Z,59.6,21.1,1.931,50.4,0,60.1,0,0,0,0,0,0,0,0,66
2025-09-29T12:54:25.792Z,59.6,21.1,1.93,49.6,0,60.1,0,0,0,0,0,0,0,0,66
2025-09-29T12:54:26.795Z,59.6,21.1,1.931,50.4,0,60.1,0,0,0,0,0,0,0,0,66
2025-09-29T12:54:27.793Z,59.6,21.1,1.931,50.4,0,60.1,0,0,0,0,0,0,0,0,66
2025-09-29T12:54:28.793Z,59.6,21.1,1.931,49.6,0,60.1,0,0,0,0,0,0,0,0,66
2025-09-29T12:54:29.797Z,59.6,21.1,1.931,50.4,0,60.1,0,0,0,0,0,0,0,0,66
2025-09-29T12:54:30.796Z,59.6,21.1,1.931,49.6,0,60.1,0,0,0,0,0,0,0,0,66
2025-09-29T12:54:31.802Z,59.6,21.1,1.931,50.4,0,60.1,0,0,0,0,0,0,0,0,66
2025-09-29T12:54:32.797Z,59.6,21.1,1.931,49.6,0,60.1,0,0,0,0,0,0,0,0,66
2025-09-29T12:54:33.799Z,59.6,21.1,1.931,50.4,0,60.1,0,0,0,0,0,0,0,0,66
2025-09-29T12:54:34.800Z,59.6,21.1,1.931,49.6,0,60.1,0,0,0,0,0,0,0,0,66
2025-09-29T12:54:35.799Z,59.6,21.1,1.931,50.4,0,60.1,0,0,0,0,0,0,0,0,66
2025-09-29T12:54:36.805Z,59.6,21.1,1.931,49.6,0,60.1,0,0,0,0,0,0,0,0,66
2025-09-29T12:54:37.804Z,59.6,21.1,1.931,50.4,0,60.1,0,0,0,0,0,0,0,0,66
2025-09-29T12:54:38.806Z,59.6,21.1,1.931,49.6,0,60.1,0,0,0,0,0,0,0,0,66
2025-09-29T12:54:39.801Z,59.6,21.1,1.931,50.4,0,60.1,0,0,0,0,0,0,0,0,66
2025-09-29T12:54:40.807Z,59.6,21.1,1.931,49.6,0,60.1,0,0,0,0,0,0,0,0,66
2025-09-29T12:54:41.806Z,59.6,21.1,1.931,50.4,0,60.1,0,0,0,0,0,0,0,0,66
2025-09-29T12:54:42.809Z,59.6,21.1,1.93,49.6,0,60.1,0,0,0,0,0,0,0,0,66
2025-09-29T12:54:43.808Z,59.6,21.1,1.931,49.6,0,60,0,0,0,0,0,0,0,0,66
2025-09-29T12:54:44.814Z,59.6,21.1,1.93,49.6,0,60,0,0,0,0,0,0,0,0,66
2025-09-29T12:54:45.815Z,59.6,21.1,1.93,50.4,0,60,0,0,0,0,0,0,0,0,66
2025-09-29T12:54:46.809Z,59.6,21.1,1.931,49.6,0,60,0,0,0,0,0,0,0,0,66
2025-09-29T12:54:47.821Z,59.6,21.1,1.93,50.4,0,60,0,0,0,0,0,0,0,0,66
2025-09-29T12:54:48.818Z,59.6,21.1,1.93,49.6,0,60,0,0,0,0,0,0,0,0,66
2025-09-29T12:54:49.819Z,59.6,21.1,1.93,50.4,0,60,0,0,0,0,0,0,0,0,66
2025-09-29T12:54:50.817Z,59.6,21.1,1.93,49.6,0,60,0,0,0,0,0,0,0,0,66
2025-09-29T12:54:51.817Z,59.6,21.1,1.93,50.4,0,60,0,0,0,0,0,0,0,0,66
2025-09-29T12:54:52.824Z,59.6,21.1,1.93,49.6,0,60,0,0,0,0,0,0,0,0,66
2025-09-29T12:54:53.820Z,59.6,21.1,1.93,50.4,0,60,0,0,0,0,0,0,0,0,66
2025-09-29T12:54:54.819Z,59.6,21.1,1.93,49.6,0,60,0,0,0,0,0,0,0,0,66
2025-09-29T12:54:55.825Z,59.6,21.1,1.93,50.4,0,60,0,0,0,0,0,0,0,0,66
2025-09-29T12:54:56.823Z,59.6,21.1,1.93,49.6,0,60,0,0,0,0,0,0,0,0,66
2025-09-29T12:54:57.823Z,59.6,21.1,1.93,49.6,0,60,0,0,0,0,0,0,0,0,66
2025-09-29T12:54:58.828Z,59.6,21.1,1.93,49.6,0,60,0,0,0,0,0,0,0,0,66
2025-09-29T12:54:59.829Z,59.6,21.1,1.93,50.4,0,60,0,0,0,0,0,0,0,0,66
2025-09-29T12:55:00.824Z,59.6,21.1,1.93,49.6,0,60,0,0,0,0,0,0,0,0,66
2025-09-29T12:55:01.828Z,59.6,21.1,1.931,50.4,0,60,0,0,0,0,0,0,0,0,66
2025-09-29T12:55:02.825Z,59.6,21.1,1.93,49.6,0,60,0,0,0,0,0,0,0,0,66
2025-09-29T12:55:03.823Z,59.6,21.1,1.93,49.6,0,60,0,0,0,0,0,0,0,0,66
2025-09-29T12:55:04.825Z,59.6,21.1,1.93,50.4,0,60,0,0,0,0,0,0,0,0,66
2025-09-29T12:55:05.829Z,59.6,21.1,1.93,49.6,0,60,0,0,0,0,0,0,0,0,66
2025-09-29T12:55:06.833Z,59.6,21.1,1.931,50.4,0,60,0,0,0,0,0,0,0,0,66
2025-09-29T12:55:07.832Z,59.6,21.1,1.931,49.6,0,60,0,0,0,0,0,0,0,0,66
2025-09-29T12:55:08.830Z,59.6,21.1,1.93,49.6,0,60.1,0,0,0,0,0,0,0,0,66
2025-09-29T12:55:09.831Z,59.6,21.1,1.93,50.4,0,60.1,0,0,0,0,0,0,0,0,66
2025-09-29T12:55:10.835Z,59.6,21.1,1.931,49.6,0,60,0,0,0,0,0,0,0,0,66
2025-09-29T12:55:11.833Z,59.6,21.1,1.931,50.4,0,60,0,0,0,0,0,0,0,0,66
2025-09-29T12:55:12.837Z,59.6,21.1,1.931,49.6,0,60,0,0,0,0,0,0,0,0,66
2025-09-29T12:55:13.834Z,59.6,21.1,1.931,49.6,0,60,0,0,0,0,0,0,0,0,66
2025-09-29T12:55:14.839Z,59.6,21.1,1.931,50.4,0,60,0,0,0,0,0,0,0,0,66
2025-09-29T12:55:15.839Z,59.6,21.1,1.931,50.4,0,60,0,0,0,0,0,0,0,0,66
2025-09-29T12:55:16.841Z,59.6,21.1,1.931,49.6,0,60,0,0,0,0,0,0,0,0,66
2025-09-29T12:55:17.837Z,59.6,21.1,1.931,50.4,0,60,0,0,0,0,0,0,0,0,66
2025-09-29T12:55:18.843Z,59.6,21.1,1.931,49.6,0,60,0,0,0,0,0,0,0,0,66
2025-09-29T12:55:19.840Z,59.6,21.1,1.931,50.4,0,60,0,0,0,0,0,0,0,0,66
2025-09-29T12:55:20.845Z,59.6,21.1,1.931,49.6,0,60,0,0,0,0,0,0,0,0,66
2025-09-29T12:55:21.848Z,59.6,21.1,1.931,49.6,0,60,0,0,0,0,0,0,0,0,66
2025-09-29T12:55:22.846Z,59.6,21.1,1.931,50.4,0,60,0,0,0,0,0,0,0,0,66
2025-09-29T12:55:23.847Z,59.6,21.1,1.931,49.6,0,60,0,0,0,0,0,0,0,0,66
2025-09-29T12:55:24.849Z,59.6,21.1,1.931,49.6,0,60,0,0,0,0,0,0,0,0,66
2025-09-29T12:55:25.851Z,59.6,21.1,1.931,50.4,0,60,0,0,0,0,0,0,0,0,66
2025-09-29T12:55:26.852Z,59.6,21.1,1.931,50.4,0,60,0,0,0,0,0,0,0,0,66
2025-09-29T12:55:27.854Z,59.6,21.1,1.931,49.6,0,60,0,0,0,0,0,0,0,0,66
2025-09-29T12:55:28.853Z,59.6,21.1,1.931,50.4,0,60,0,0,0,0,0,0,0,0,66
2025-09-29T12:55:29.851Z,59.6,21.1,1.931,49.6,0,60.1,0,0,0,0,0,0,0,0,66
2025-09-29T12:55:30.850Z,59.6,21.1,1.931,50.4,0,60,0,0,0,0,0,0,0,0,66
2025-09-29T12:55:31.854Z,59.6,21.1,1.931,49.6,0,60,0,0,0,0,0,0,0,0,66
2025-09-29T12:55:32.853Z,59.6,21.1,1.931,50.4,0,60,0,0,0,0,0,0,0,0,66
2025-09-29T12:55:33.855Z,59.6,21.1,1.931,49.6,0,60,0,0,0,0,0,0,0,0,66
2025-09-29T12:55:34.851Z,59.6,21.1,1.931,50.4,0,60,0,0,0,0,0,0,0,0,66
2025-09-29T12:55:35.859Z,59.6,21.1,1.93,49.6,0,60,0,0,0,0,0,0,0,0,66
2025-09-29T12:55:36.861Z,59.6,21.1,1.93,49.6,0,60,0,0,0,0,0,0,0,0,66
2025-09-29T12:55:37.855Z,59.6,21.1,1.931,50.4,0,60,0,0,0,0,0,0,0,0,66
2025-09-29T12:55:38.860Z,59.6,21.1,1.93,49.6,0,60,0,0,0,0,0,0,0,0,66
2025-09-29T12:55:39.862Z,59.6,21.1,1.93,49.6,0,60,0,0,0,0,0,0,0,0,66
2025-09-29T12:55:40.861Z,59.6,21.1,1.93,50.4,0,60,0,0,0,0,0,0,0,0,66
2025-09-29T12:55:41.864Z,59.6,21.1,1.93,49.6,0,60,0,0,0,0,0,0,0,0,66
2025-09-29T12:55:42.864Z,59.6,21.1,1.93,49.6,0,60,0,0,0,0,0,0,0,0,66
2025-09-29T12:55:43.864Z,59.6,21.1,1.93,50.4,0,60,0,0,0,0,0,0,0,0,66
2025-09-29T12:55:44.864Z,59.6,21.1,1.93,49.6,0,60,0,0,0,0,0,0,0,0,66
2025-09-29T12:55:45.872Z,59.6,21.1,1.93,50.4,0,60,0,0,0,0,0,0,0,0,66
2025-09-29T12:55:46.868Z,59.6,21.1,1.93,50.4,0,60,0,0,0,0,0,0,0,0,66
2025-09-29T12:55:47.876Z,59.6,21.1,1.93,49.6,0,60,0,0,0,0,0,0,0,0,66
2025-09-29T12:55:48.873Z,59.6,21.1,1.93,50.4,0,60,0,0,0,0,0,0,0,0,66
2025-09-29T12:55:49.872Z,59.6,21.1,1.93,49.6,0,60,0,0,0,0,0,0,0,0,66
2025-09-29T12:55:50.877Z,59.6,21.1,1.93,49.6,0,60,0,0,0,0,0,0,0,0,66
2025-09-29T12:55:51.879Z,59.6,21.1,1.931,50.4,0,60,0,0,0,0,0,0,0,0,66
2025-09-29T12:55:52.877Z,59.6,21.1,1.93,49.6,0,60,0,0,0,0,0,0,0,0,66
2025-09-29T12:55:53.874Z,59.6,21.1,1.93,49.6,0,60,0,0,0,0,0,0,0,0,66
2025-09-29T12:55:54.875Z,59.6,21.1,1.93,50.4,0,60,0,0,0,0,0,0,0,0,66
2025-09-29T12:55:55.882Z,59.6,21.1,1.931,49.6,0,60,0,0,0,0,0,0,0,0,66
2025-09-29T12:55:56.878Z,59.6,21.1,1.93,49.6,0,60,0,0,0,0,0,0,0,0,66
2025-09-29T12:55:57.879Z,59.6,21.1,1.93,50.4,0,60,0,0,0,0,0,0,0,0,66
2025-09-29T12:55:58.885Z,59.6,21.1,1.931,50.4,0,60,0,0,0,0,0,0,0,0,66
2025-09-29T12:55:59.880Z,59.6,21.1,1.93,49.6,0,60,0,0,0,0,0,0,0,0,66
2025-09-29T12:56:00.880Z,59.6,21.1,1.931,50.4,0,60,0,0,0,0,0,0,0,0,66
2025-09-29T12:56:01.883Z,59.6,21.1,1.931,50.4,0,60,0,0,0,0,0,0,0,0,66
2025-09-29T12:56:02.881Z,59.6,21.1,1.931,49.6,0,60,0,0,0,0,0,0,0,0,66
2025-09-29T12:56:03.880Z,59.6,21.1,1.931,50.4,0,60,0,0,0,0,0,0,0,0,66
2025-09-29T12:56:04.885Z,59.6,21.1,1.931,49.6,0,60,0,0,0,0,0,0,0,0,66
2025-09-29T12:56:05.884Z,59.6,21.1,1.931,50.4,0,60,0,0,0,0,0,0,0,0,66
2025-09-29T12:56:06.886Z,59.6,21.1,1.93,49.6,0,60,0,0,0,0,0,0,0,0,66
2025-09-29T12:56:07.889Z,59.6,21.1,1.931,50.4,0,60,0,0,0,0,0,0,0,0,66
2025-09-29T12:56:08.893Z,59.6,21.1,1.931,49.6,0,60,0,0,0,0,0,0,0,0,66
2025-09-29T12:56:09.896Z,59.6,21.1,1.93,49.6,0,60,0,0,0,0,0,0,0,0,66
2025-09-29T12:56:10.892Z,59.6,21.1,1.931,50.4,0,60,0,0,0,0,0,0,0,0,66
2025-09-29T12:56:11.891Z,59.6,21.1,1.931,49.6,0,60,0,0,0,0,0,0,0,0,66
2025-09-29T12:56:12.892Z,59.6,21.1,1.931,50.4,0,60,0,0,0,0,0,0,0,0,66
2025-09-29T12:56:13.897Z,59.6,21.1,1.93,49.6,0,60,0,0,0,0,0,0,0,0,66
2025-09-29T12:56:14.894Z,59.6,21.1,1.931,49.6,0,60,0,0,0,0,0,0,0,0,66
2025-09-29T12:56:15.896Z,59.6,21.1,1.929,50.4,0,60,0,0,0,0,0,0,0,0,66
2025-09-29T12:56:16.897Z,59.6,21.1,1.93,50.4,0,60,0,0,0,0,0,0,0,0,66
2025-09-29T12:56:17.897Z,59.6,21.1,1.931,49.6,0,60,0,0,0,0,0,0,0,0,66
2025-09-29T12:56:18.898Z,59.6,21.1,1.93,50.4,0,60,0,0,0,0,0,0,0,0,66
2025-09-29T12:56:19.902Z,59.6,21.1,1.929,49.6,0,60,0,0,0,0,0,0,0,0,66
2025-09-29T12:56:20.906Z,59.6,21.1,1.929,50.4,0,60,0,0,0,0,0,0,0,0,66
2025-09-29T12:56:21.906Z,59.6,21.1,1.93,49.6,0,60,0,0,0,0,0,0,0,0,66
2025-09-29T12:56:22.909Z,59.6,21.1,1.93,49.6,0,60,0,0,0,0,0,0,0,0,66
2025-09-29T12:56:23.902Z,59.6,21.1,1.929,50.4,0,60,0,0,0,0,0,0,0,0,66
2025-09-29T12:56:24.906Z,59.6,21.1,1.929,49.6,0,60,0,0,0,0,0,0,0,0,66
2025-09-29T12:56:25.912Z,59.6,21.1,1.929,50.4,0,60,0,0,0,0,0,0,0,0,66
2025-09-29T12:56:26.906Z,59.6,21.1,1.929,49.6,0,60,0,0,0,0,0,0,0,0,66
2025-09-29T12:56:27.904Z,59.7,21.1,1.929,49.6,0,60,0,0,0,0,0,0,0,0,66
2025-09-29T12:56:28.908Z,59.6,21.1,1.929,50.4,0,60,0,0,0,0,0,0,0,0,66
2025-09-29T12:56:29.915Z,59.7,21.1,1.93,49.6,0,60,0,0,0,0,0,0,0,0,66
2025-09-29T12:56:30.912Z,59.7,21.1,1.93,49.6,0,60,0,0,0,0,0,0,0,0,66
2025-09-29T12:56:31.908Z,59.7,21.1,1.929,50.4,0,60,0,0,0,0,0,0,0,0,66
2025-09-29T12:56:32.911Z,59.7,21.1,1.929,49.6,0,60,0,0,0,0,0,0,0,0,66
2025-09-29T12:56:33.911Z,59.7,21.1,1.929,49.6,0,60,0,0,0,0,0,0,0,0,66
2025-09-29T12:56:34.912Z,59.7,21.1,1.929,50.4,0,60,0,0,0,0,0,0,0,0,66
2025-09-29T12:56:35.913Z,59.7,21.1,1.928,50.4,0,60,0,0,0,0,0,0,0,0,66
2025-09-29T12:56:36.913Z,59.7,21.1,1.929,49.6,0,60,0,0,0,0,0,0,0,0,66
2025-09-29T12:56:37.916Z,59.7,21.1,1.93,50.4,0,60,0,0,0,0,0,0,0,0,66
2025-09-29T12:56:38.917Z,59.7,21.1,1.93,49.6,0,60,0,0,0,0,0,0,0,0,66
2025-09-29T12:56:39.917Z,59.7,21.1,1.93,49.6,0,60,0,0,0,0,0,0,0,0,66
2025-09-29T12:56:40.921Z,59.7,21.1,1.93,50.4,0,60,0,0,0,0,0,0,0,0,66
2025-09-29T12:56:41.921Z,59.7,21.1,1.93,50.4,0,60,0,0,0,0,0,0,0,0,66
2025-09-29T12:56:42.923Z,59.7,21.1,1.929,49.6,0,60,0,0,0,0,0,0,0,0,66
2025-09-29T12:56:43.919Z,59.7,21.1,1.929,50.4,0,60,0,0,0,0,0,0,0,0,66
2025-09-29T12:56:44.920Z,59.7,21.1,1.93,49.6,0,60,0,0,0,0,0,0,0,0,66
2025-09-29T12:56:45.924Z,59.7,21.1,1.93,49.6,0,60,0,0,0,0,0,0,0,0,66
2025-09-29T12:56:46.922Z,59.7,21.1,1.929,50.4,0,60,0,0,0,0,0,0,0,0,66
2025-09-29T12:56:47.923Z,59.7,21.1,1.93,50.4,0,60,0,0,0,0,0,0,0,0,66
2025-09-29T12:56:48.927Z,59.7,21.1,1.93,49.6,0,60,0,0,0,0,0,0,0,0,66
2025-09-29T12:56:49.925Z,59.7,21.1,1.929,50.4,0,60,0,0,0,0,0,0,0,0,66
2025-09-29T12:56:50.927Z,59.7,21.1,1.929,49.6,0,60,0,0,0,0,0,0,0,0,66
2025-09-29T12:56:51.928Z,59.7,21.1,1.929,50.4,0,60,0,0,0,0,0,0,0,0,66
2025-09-29T12:56:52.926Z,59.7,21.1,1.929,49.6,0,60,0,0,0,0,0,0,0,0,66
2025-09-29T12:56:53.933Z,59.7,21.1,1.93,50.4,0,60,0,0,0,0,0,0,0,0,66
2025-09-29T12:56:54.936Z,59.7,21.1,1.928,49.6,0,60,0,0,0,0,0,0,0,0,66
2025-09-29T12:56:55.937Z,59.7,21.1,1.928,50.4,0,59.9,0,0,0,0,0,0,0,0,66
2025-09-29T12:56:56.942Z,59.7,21.1,1.928,49.6,0,59.9,0,0,0,0,0,0,0,0,66
2025-09-29T12:56:57.935Z,59.7,21.1,1.929,50.4,0,59.9,0,0,0,0,0,0,0,0,66
2025-09-29T12:56:58.939Z,59.8,21.1,1.928,49.6,0,59.9,0,0,0,0,0,0,0,0,66
2025-09-29T12:56:59.938Z,59.8,21.1,1.928,50.4,0,59.9,0,0,0,0,0,0,0,0,66
2025-09-29T12:57:00.942Z,59.8,21.1,1.928,49.6,0,59.9,0,0,0,0,0,0,0,0,66
2025-09-29T12:57:01.940Z,59.8,21.1,1.928,50.4,0,59.9,0,0,0,0,0,0,0,0,66
2025-09-29T12:57:02.946Z,59.8,21.1,1.928,49.6,0,59.9,0,0,0,0,0,0,0,0,66
2025-09-29T12:57:03.944Z,59.8,21.1,1.928,49.6,0,59.9,0,0,0,0,0,0,0,0,66
2025-09-29T12:57:04.942Z,59.8,21.1,1.928,50.4,0,59.9,0,0,0,0,0,0,0,0,66
2025-09-29T12:57:05.944Z,59.8,21.1,1.928,49.6,0,59.9,0,0,0,0,0,0,0,0,66
2025-09-29T12:57:06.942Z,59.8,21.1,1.928,50.4,0,59.9,0,0,0,0,0,0,0,0,66
2025-09-29T12:57:07.949Z,59.8,21.1,1.928,50.4,0,59.9,0,0,0,0,0,0,0,0,66
2025-09-29T12:57:08.945Z,59.8,21.1,1.928,49.6,0,59.9,0,0,0,0,0,0,0,0,66
2025-09-29T12:57:09.945Z,59.8,21.1,1.928,50.4,0,59.9,0,0,0,0,0,0,0,0,66
2025-09-29T12:57:10.950Z,59.8,21.1,1.928,49.6,0,59.9,0,0,0,0,0,0,0,0,66
2025-09-29T12:57:11.947Z,59.8,21.1,1.928,50.4,0,59.9,0,0,0,0,0,0,0,0,66
2025-09-29T12:57:12.951Z,59.8,21.1,1.928,49.6,0,59.9,0,0,0,0,0,0,0,0,66
2025-09-29T12:57:13.953Z,59.8,21.1,1.928,50.4,0,59.9,0,0,0,0,0,0,0,0,66
2025-09-29T12:57:14.951Z,59.8,21.1,1.928,50.4,0,59.9,0,0,0,0,0,0,0,0,66
2025-09-29T12:57:15.953Z,59.8,21.1,1.928,49.6,0,59.9,0,0,0,0,0,0,0,0,66
2025-09-29T12:57:16.958Z,59.8,21.1,1.929,50.4,0,59.9,0,0,0,0,0,0,0,0,66
2025-09-29T12:57:17.958Z,59.8,21.1,1.929,49.6,0,59.9,0,0,0,0,0,0,0,0,66
2025-09-29T12:57:18.954Z,59.8,21.1,1.928,50.4,0,59.9,0,0,0,0,0,0,0,0,66
2025-09-29T12:57:19.955Z,59.8,21.1,1.928,49.6,0,59.9,0,0,0,0,0,0,0,0,66
2025-09-29T12:57:20.962Z,59.8,21.1,1.929,49.6,0,59.9,0,0,0,0,0,0,0,0,66
2025-09-29T12:57:21.962Z,59.8,21.1,1.929,49.6,0,59.9,0,0,0,0,0,0,0,0,66
2025-09-29T12:57:22.957Z,59.8,21.1,1.928,50.4,0,59.9,0,0,0,0,0,0,0,0,66
2025-09-29T12:57:23.961Z,59.9,21.1,1.929,49.6,0,59.9,0,0,0,0,0,0,0,0,66
2025-09-29T12:57:24.960Z,59.9,21.1,1.928,49.6,0,59.9,0,0,0,0,0,0,0,0,66
2025-09-29T12:57:25.956Z,59.9,21.1,1.928,50.4,0,59.9,0,0,0,0,0,0,0,0,66
2025-09-29T12:57:26.961Z,59.9,21.1,1.929,49.6,0,59.9,0,0,0,0,0,0,0,0,66
2025-09-29T12:57:27.962Z,59.9,21.1,1.929,50.4,0,59.9,0,0,0,0,0,0,0,0,66
2025-09-29T12:57:28.966Z,59.9,21.1,1.929,49.6,0,59.9,0,0,0,0,0,0,0,0,66
2025-09-29T12:57:29.963Z,59.9,21.1,1.929,50.4,0,59.9,0,0,0,0,0,0,0,0,66
2025-09-29T12:57:30.963Z,59.9,21.1,1.929,49.6,0,59.9,0,0,0,0,0,0,0,0,66
2025-09-29T12:57:31.962Z,59.9,21.1,1.928,49.6,0,59.9,0,0,0,0,0,0,0,0,66
2025-09-29T12:57:32.963Z,59.9,21.1,1.929,50.4,0,59.9,0,0,0,0,0,0,0,0,66
2025-09-29T12:57:33.967Z,59.9,21.1,1.929,49.6,0,59.9,0,0,0,0,0,0,0,0,66
2025-09-29T12:57:34.966Z,59.9,21.1,1.929,50.4,0,59.9,0,0,0,0,0,0,0,0,66
2025-09-29T12:57:35.970Z,59.9,21.1,1.929,49.6,0,59.9,0,0,0,0,0,0,0,0,66
2025-09-29T12:57:36.968Z,59.9,21.1,1.928,49.6,0,59.9,0,0,0,0,0,0,0,0,66
2025-09-29T12:57:37.968Z,59.9,21.1,1.928,50.4,0,59.9,0,0,0,0,0,0,0,0,66
2025-09-29T12:57:38.976Z,59.9,21.1,1.928,49.6,0,59.9,0,0,0,0,0,0,0,0,66
2025-09-29T12:57:39.973Z,59.9,21.1,1.928,49.6,0,59.9,0,0,0,0,0,0,0,0,66
2025-09-29T12:57:40.972Z,59.9,21.1,1.928,50.4,0,59.9,0,0,0,0,0,0,0,0,66
2025-09-29T12:57:41.971Z,59.9,21.1,1.928,49.6,0,59.9,0,0,0,0,0,0,0,0,66
2025-09-29T12:57:42.973Z,59.9,21.1,1.928,49.6,0,59.9,0,0,0,0,0,0,0,0,66
2025-09-29T12:57:43.976Z,59.9,21.1,1.928,50.4,0,59.9,0,0,0,0,0,0,0,0,66
2025-09-29T12:57:44.974Z,60,21.1,1.928,50.4,0,59.9,0,0,0,0,0,0,0,0,66
2025-09-29T12:57:45.979Z,60,21.1,1.928,49.6,0,59.9,0,0,0,0,0,0,0,0,66
2025-09-29T12:57:46.981Z,60,21.1,1.927,50.4,0,59.9,0,0,0,0,0,0,0,0,66
2025-09-29T12:57:47.979Z,60,21.1,1.927,49.6,0,59.9,0,0,0,0,0,0,0,0,66
2025-09-29T12:57:48.980Z,60,21.1,1.927,50.4,0,59.9,0,0,0,0,0,0,0,0,66
2025-09-29T12:57:49.980Z,60,21.1,1.927,50.4,0,59.9,0,0,0,0,0,0,0,0,66
2025-09-29T12:57:50.980Z,60,21.1,1.927,49.6,0,59.9,0,0,0,0,0,0,0,0,66
2025-09-29T12:57:51.984Z,60,21.1,1.926,50.4,0,59.9,0,0,0,0,0,0,0,0,66
2025-09-29T12:57:52.982Z,60,21.1,1.926,49.6,0,59.9,0,0,0,0,0,0,0,0,66
2025-09-29T12:57:53.984Z,60,21.1,1.926,50.4,0,59.9,0,0,0,0,0,0,0,0,66
2025-09-29T12:57:54.984Z,60,21.1,1.926,49.6,0,59.9,0,0,0,0,0,0,0,0,66
2025-09-29T12:57:55.986Z,60,21.1,1.926,50.4,0,59.9,0,0,0,0,0,0,0,0,66
2025-09-29T12:57:56.987Z,60,21.1,1.926,49.6,0,59.9,0,0,0,0,0,0,0,0,66
2025-09-29T12:57:57.992Z,60,21.1,1.926,49.6,0,59.9,0,0,0,0,0,0,0,0,66
2025-09-29T12:57:58.987Z,60,21.1,1.926,50.4,0,59.9,0,0,0,0,0,0,0,0,66
2025-09-29T12:57:59.991Z,60,21.1,1.926,49.6,0,59.9,0,0,0,0,0,0,0,0,66
2025-09-29T12:58:00.990Z,60,21.1,1.926,49.6,0,59.9,0,0,0,0,0,0,0,0,66
2025-09-29T12:58:01.990Z,60,21.1,1.926,50.4,0,59.9,0,0,0,0,0,0,0,0,66
2025-09-29T12:58:02.996Z,60,21.1,1.926,49.6,0,59.9,0,0,0,0,0,0,0,0,66
2025-09-29T12:58:03.993Z,60,21.1,1.926,50.4,0,59.9,0,0,0,0,0,0,0,0,66
2025-09-29T12:58:04.991Z,60.1,21.1,1.926,50.4,0,60,0,0,0,0,0,0,0,0,66
2025-09-29T12:58:05.996Z,60.1,21.1,1.926,49.6,0,59.9,0,0,0,0,0,0,0,0,66
2025-09-29T12:58:07.000Z,60.1,21.1,1.927,50.4,0,59.9,0,0,0,0,0,0,0,0,66
2025-09-29T12:58:07.997Z,60.1,21.1,1.926,49.6,0,59.9,0,0,0,0,0,0,0,0,66
2025-09-29T12:58:09.000Z,60.1,21.1,1.926,50.4,0,59.9,0,0,0,0,0,0,0,0,66
2025-09-29T12:58:10.000Z,60.1,21.1,1.926,49.6,0,59.9,0,0,0,0,0,0,0,0,66
2025-09-29T12:58:11.001Z,60.1,21.1,1.927,50.4,0,59.9,0,0,0,0,0,0,0,0,66
2025-09-29T12:58:12.001Z,60.1,21.1,1.926,50.4,0,59.9,0,0,0,0,0,0,0,0,66
2025-09-29T12:58:13.004Z,60.1,21.1,1.927,49.6,0,59.9,0,0,0,0,0,0,0,0,66
2025-09-29T12:58:14.002Z,60.1,21.1,1.927,49.6,0,59.9,0,0,0,0,0,0,0,0,66
2025-09-29T12:58:15.004Z,60.1,21.1,1.927,49.6,0,59.9,0,0,0,0,0,0,0,0,66
2025-09-29T12:58:16.005Z,60.1,21.1,1.927,50.4,0,59.9,0,0,0,0,0,0,0,0,66
2025-09-29T12:58:17.009Z,60.1,21.1,1.927,50.4,0,59.9,0,0,0,0,0,0,0,0,66
2025-09-29T12:58:18.008Z,60.1,21.1,1.927,49.6,0,59.9,0,0,0,0,0,0,0,0,66
2025-09-29T12:58:19.010Z,60.1,21.1,1.927,50.4,0,59.9,0,0,0,0,0,0,0,0,66
2025-09-29T12:58:20.012Z,60.1,21.1,1.927,49.6,0,59.9,0,0,0,0,0,0,0,0,66
2025-09-29T12:58:21.012Z,60.1,21.1,1.927,50.4,0,59.9,0,0,0,0,0,0,0,0,66
2025-09-29T12:58:22.019Z,60.1,21.1,1.926,49.6,0,59.9,0,0,0,0,0,0,0,0,66
2025-09-29T12:58:23.013Z,60.1,21.1,1.927,49.6,0,59.9,0,0,0,0,0,0,0,0,66
2025-09-29T12:58:24.012Z,60.1,21.1,1.927,50.4,0,59.9,0,0,0,0,0,0,0,0,66
2025-09-29T12:58:25.014Z,60.2,21.1,1.927,49.6,0,59.9,0,0,0,0,0,0,0,0,66
2025-09-29T12:58:26.014Z,60.2,21.1,1.927,50.4,0,59.9,0,0,0,0,0,0,0,0,66
2025-09-29T12:58:27.015Z,60.2,21.1,1.927,50.4,0,59.9,0,0,0,0,0,0,0,0,66
2025-09-29T12:58:28.022Z,60.2,21.1,1.926,49.6,0,59.9,0,0,0,0,0,0,0,0,66
2025-09-29T12:58:29.017Z,60.2,21.1,1.927,50.4,0,59.9,0,0,0,0,0,0,0,0,66
2025-09-29T12:58:30.027Z,60.2,21.1,1.926,49.6,0,59.9,0,0,0,0,0,0,0,0,66
2025-09-29T12:58:31.020Z,60.2,21.1,1.926,49.6,0,59.9,0,0,0,0,0,0,0,0,66
2025-09-29T12:58:32.019Z,60.2,21.1,1.926,49.6,0,59.9,0,0,0,0,0,0,0,0,66
2025-09-29T12:58:33.025Z,60.2,21.1,1.926,50.4,0,59.9,0,0,0,0,0,0,0,0,66
2025-09-29T12:58:33.025Z,60.2,21.1,1.926,50.4,0,59.9,0,0,0,0,0,0,0,0,66
2025-09-29T12:58:35.021Z,60.2,21.1,1.926,50.4,0,59.9,0,0,0,0,0,0,0,0,66
2025-09-29T12:58:36.023Z,60.2,21.1,1.926,50.4,0,59.9,0,0,0,0,0,0,0,0,66
2025-09-29T12:58:37.023Z,60.2,21.1,1.926,49.6,0,59.9,0,0,0,0,0,0,0,0,66
2025-09-29T12:58:38.026Z,60.2,21.1,1.926,50.4,0,59.9,0,0,0,0,0,0,0,0,66
2025-09-29T12:58:39.025Z,60.2,21.1,1.926,49.6,0,59.9,0,0,0,0,0,0,0,0,66
2025-09-29T12:58:40.026Z,60.2,21.1,1.926,50.4,0,60,0,0,0,0,0,0,0,0,66
2025-09-29T12:58:41.025Z,60.2,21.1,1.926,49.6,0,60,0,0,0,0,0,0,0,0,66
2025-09-29T12:58:42.026Z,60.2,21.1,1.926,50.4,0,59.9,0,0,0,0,0,0,0,0,66
2025-09-29T12:58:43.032Z,60.2,21.1,1.926,49.6,0,59.9,0,0,0,0,0,0,0,0,66
2025-09-29T12:58:44.027Z,60.2,21.1,1.926,50.4,0,59.9,0,0,0,0,0,0,0,0,66
2025-09-29T12:58:45.036Z,60.2,21.1,1.926,49.6,0,60,0,0,0,0,0,0,0,0,66
2025-09-29T12:58:46.032Z,60.3,21.1,1.926,50.4,0,59.9,0,0,0,0,0,0,0,0,66
2025-09-29T12:58:47.031Z,60.3,21.1,1.926,49.6,0,60,0,0,0,0,0,0,0,0,66
2025-09-29T12:58:48.036Z,60.3,21.1,1.926,50.4,0,59.9,0,0,0,0,0,0,0,0,66
2025-09-29T12:58:49.037Z,60.3,21.1,1.926,49.6,0,59.9,0,0,0,0,0,0,0,0,66
2025-09-29T12:58:50.039Z,60.3,21.1,1.926,50.4,0,60,0,0,0,0,0,0,0,0,66
2025-09-29T12:58:51.037Z,60.3,21.1,1.926,49.6,0,59.9,0,0,0,0,0,0,0,0,66
2025-09-29T12:58:52.039Z,60.3,21.1,1.926,50.4,0,60,0,0,0,0,0,0,0,0,66
2025-09-29T12:58:53.043Z,60.3,21.1,1.926,49.6,0,60,0,0,0,0,0,0,0,0,66
2025-09-29T12:58:54.039Z,60.3,21.1,1.926,50.4,0,60,0,0,0,0,0,0,0,0,66
2025-09-29T12:58:55.042Z,60.3,21.1,1.926,49.6,0,60,0,0,0,0,0,0,0,0,66
2025-09-29T12:58:56.039Z,60.3,21.1,1.926,50.4,0,60,0,0,0,0,0,0,0,0,66
2025-09-29T12:58:57.044Z,60.3,21.1,1.926,49.6,0,59.9,0,0,0,0,0,0,0,0,66
2025-09-29T12:58:58.048Z,60.3,21.1,1.926,50.4,0,60,0,0,0,0,0,0,0,0,66
2025-09-29T12:58:59.048Z,60.3,21.1,1.926,49.6,0,60,0,0,0,0,0,0,0,0,66
2025-09-29T12:59:00.046Z,60.3,21.1,1.926,49.6,0,60,0,0,0,0,0,0,0,0,66
2025-09-29T12:59:01.047Z,60.3,21.1,1.926,50.4,0,60,0,0,0,0,0,0,0,0,66
2025-09-29T12:59:02.051Z,60.3,21.1,1.926,49.6,0,60,0,0,0,0,0,0,0,0,66
2025-09-29T12:59:03.047Z,60.3,21.1,1.926,49.6,0,60,0,0,0,0,0,0,0,0,66
2025-09-29T12:59:04.046Z,60.3,21.1,1.926,49.6,0,60,0,0,0,0,0,0,0,0,66
2025-09-29T12:59:05.050Z,60.4,21.1,1.926,50.4,0,59.9,0,0,0,0,0,0,0,0,66
2025-09-29T12:59:06.051Z,60.4,21.1,1.926,49.6,0,60,0,0,0,0,0,0,0,0,66
2025-09-29T12:59:07.048Z,60.4,21.1,1.926,50.4,0,60,0,0,0,0,0,0,0,0,66
2025-09-29T12:59:08.054Z,60.4,21.1,1.925,50.4,0,60,0,0,0,0,0,0,0,0,66
2025-09-29T12:59:09.052Z,60.4,21.1,1.926,49.6,0,60,0,0,0,0,0,0,0,0,66
2025-09-29T12:59:10.053Z,60.4,21.1,1.926,49.6,0,60,0,0,0,0,0,0,0,0,66
2025-09-29T12:59:11.056Z,60.4,21.1,1.925,49.6,0,60,0,0,0,0,0,0,0,0,66
2025-09-29T12:59:12.056Z,60.4,21.1,1.926,50.4,0,60,0,0,0,0,0,0,0,0,66
2025-09-29T12:59:13.058Z,60.4,21.1,1.925,49.6,0,60,0,0,0,0,0,0,0,0,66
2025-09-29T12:59:14.058Z,60.4,21.1,1.925,49.6,0,60,0,0,0,0,0,0,0,0,66
2025-09-29T12:59:15.063Z,60.4,21.1,1.925,50.4,0,60,0,0,0,0,0,0,0,0,66
2025-09-29T12:59:16.060Z,60.4,21.1,1.925,49.6,0,60,0,0,0,0,0,0,0,0,66
2025-09-29T12:59:17.067Z,60.4,21.1,1.925,49.6,0,59.9,0,0,0,0,0,0,0,0,66
2025-09-29T12:59:18.062Z,60.4,21.1,1.925,50.4,0,60,0,0,0,0,0,0,0,0,66
2025-09-29T12:59:19.064Z,60.4,21.1,1.925,49.6,0,60,0,0,0,0,0,0,0,0,66
2025-09-29T12:59:20.061Z,60.4,21.1,1.925,50.4,0,60,0,0,0,0,0,0,0,0,66
2025-09-29T12:59:21.062Z,60.4,21.1,1.925,50.4,0,60,0,0,0,0,0,0,0,0,66
2025-09-29T12:59:22.067Z,60.4,21.1,1.925,49.6,0,60,0,0,0,0,0,0,0,0,66
2025-09-29T12:59:23.068Z,60.4,21.1,1.925,50.4,0,60,0,0,0,0,0,0,0,0,66
2025-09-29T12:59:24.067Z,60.4,21.1,1.925,49.6,0,59.9,0,0,0,0,0,0,0,0,66
2025-09-29T12:59:25.071Z,60.4,21.1,1.925,50.4,0,60,0,0,0,0,0,0,0,0,66
2025-09-29T12:59:26.070Z,60.5,21.1,1.925,49.6,0,60,0,0,0,0,0,0,0,0,66
2025-09-29T12:59:27.075Z,60.5,21.1,1.925,49.6,0,60,0,0,0,0,0,0,0,0,66
2025-09-29T12:59:28.072Z,60.5,21.1,1.925,50.4,0,60,0,0,0,0,0,0,0,0,66
2025-09-29T12:59:29.075Z,60.5,21.1,1.925,49.6,0,60,0,0,0,0,0,0,0,0,66
2025-09-29T12:59:30.080Z,60.5,21.1,1.926,50.4,0,60,0,0,0,0,0,0,0,0,66
2025-09-29T12:59:31.075Z,60.5,21.1,1.925,50.4,0,60,0,0,0,0,0,0,0,0,66
2025-09-29T12:59:32.075Z,60.5,21.1,1.925,49.6,0,60,0,0,0,0,0,0,0,0,66
2025-09-29T12:59:33.070Z,60.5,21.1,1.925,50.4,0,60,0,0,0,0,0,0,0,0,66
2025-09-29T12:59:34.073Z,60.5,21.1,1.925,49.6,0,60,0,0,0,0,0,0,0,0,66
2025-09-29T12:59:35.074Z,60.5,21.1,1.925,50.4,0,60,0,0,0,0,0,0,0,0,66
2025-09-29T12:59:35.074Z,60.5,21.1,1.925,50.4,0,60,0,0,0,0,0,0,0,0,66
2025-09-29T12:59:37.079Z,60.5,21.1,1.926,50.4,0,60,0,0,0,0,0,0,0,0,66
2025-09-29T12:59:38.078Z,60.5,21.1,1.925,49.6,0,60,0,0,0,0,0,0,0,0,66
2025-09-29T12:59:38.078Z,60.5,21.1,1.925,49.6,0,60,0,0,0,0,0,0,0,0,66
2025-09-29T12:59:40.078Z,60.5,21.1,1.925,50.4,0,60,0,0,0,0,0,0,0,0,66
2025-09-29T12:59:41.077Z,60.5,21.1,1.925,49.6,0,59.9,0,0,0,0,0,0,0,0,66
2025-09-29T12:59:42.081Z,60.5,21.1,1.926,49.6,0,60,0,0,0,0,0,0,0,0,66
2025-09-29T12:59:43.084Z,60.5,21.1,1.926,50.4,0,60,0,0,0,0,0,0,0,0,66
2025-09-29T12:59:44.085Z,60.5,21.1,1.926,49.6,0,59.9,0,0,0,0,0,0,0,0,66
2025-09-29T12:59:45.087Z,60.5,21.1,1.926,50.4,0,59.9,0,0,0,0,0,0,0,0,66
2025-09-29T12:59:46.093Z,60.5,21.1,1.925,49.6,0,59.9,0,0,0,0,0,0,0,0,66
2025-09-29T12:59:47.087Z,60.5,21.1,1.926,49.6,0,59.9,0,0,0,0,0,0,0,0,66
2025-09-29T12:59:48.087Z,60.6,21.1,1.925,50.4,0,60,0,0,0,0,0,0,0,0,66
2025-09-29T12:59:49.093Z,60.6,21.1,1.926,49.6,0,60,0,0,0,0,0,0,0,0,66
2025-09-29T12:59:50.089Z,60.6,21.1,1.926,50.4,0,60,0,0,0,0,0,0,0,0,66
2025-09-29T12:59:51.093Z,60.6,21.1,1.926,49.6,0,60,0,0,0,0,0,0,0,0,66
2025-09-29T12:59:52.090Z,60.6,21.1,1.925,49.6,0,59.9,0,0,0,0,0,0,0,0,66
2025-09-29T12:59:53.096Z,60.6,21.1,1.924,50.4,0,60,0,0,0,0,0,0,0,0,66
2025-09-29T12:59:54.094Z,60.6,21.1,1.926,49.6,0,60,0,0,0,0,0,0,0,0,66
2025-09-29T12:59:55.095Z,60.6,21.1,1.925,50.4,0,60,0,0,0,0,0,0,0,0,66
2025-09-29T12:59:56.100Z,60.6,21.1,1.924,50.4,0,60,0,0,0,0,0,0,0,0,66
2025-09-29T12:59:57.099Z,60.6,21.1,1.924,49.6,0,60,0,0,0,0,0,0,0,0,66
2025-09-29T12:59:58.096Z,60.6,21.1,1.925,50.4,0,59.9,0,0,0,0,0,0,0,0,66
2025-09-29T12:59:59.097Z,60.6,21.1,1.924,49.6,0,60,0,0,0,0,0,0,0,0,66
2025-09-29T13:00:00.097Z,60.6,21.1,1.924,49.6,0,60,0,0,0,0,0,0,0,0,66
2025-09-29T13:00:01.098Z,60.6,21.1,1.924,50.4,0,60,0,0,0,0,0,0,0,0,66
2025-09-29T13:00:02.098Z,60.6,21.1,1.924,49.6,0,60,0,0,0,0,0,0,0,0,66
2025-09-29T13:00:03.100Z,60.6,21.1,1.924,50.4,0,60,0,0,0,0,0,0,0,0,66
2025-09-29T13:00:04.105Z,60.6,21.1,1.924,49.6,0,60,0,0,0,0,0,0,0,0,66
2025-09-29T13:00:05.102Z,60.6,21.1,1.924,49.6,0,59.9,0,0,0,0,0,0,0,0,66
2025-09-29T13:00:06.101Z,60.6,21.1,1.924,50.4,0,60,0,0,0,0,0,0,0,0,66
2025-09-29T13:00:07.104Z,60.6,21.1,1.924,49.6,0,59.9,0,0,0,0,0,0,0,0,66
2025-09-29T13:00:08.105Z,60.6,21.1,1.924,49.6,0,59.9,0,0,0,0,0,0,0,0,66
2025-09-29T13:00:09.107Z,60.6,21.1,1.924,50.4,0,59.9,0,0,0,0,0,0,0,0,66
2025-09-29T13:00:10.104Z,60.6,21.1,1.924,50.4,0,60,0,0,0,0,0,0,0,0,66
2025-09-29T13:00:11.105Z,60.6,21.1,1.924,49.6,0,60,0,0,0,0,0,0,0,0,66
2025-09-29T13:00:12.106Z,60.6,21.1,1.924,50.4,0,60,0,0,0,0,0,0,0,0,66
2025-09-29T13:00:13.108Z,60.6,21.1,1.924,49.6,0,59.9,0,0,0,0,0,0,0,0,66
2025-09-29T13:00:14.108Z,60.6,21.1,1.924,49.6,0,59.9,0,0,0,0,0,0,0,0,66
2025-09-29T13:00:15.106Z,60.6,21.1,1.924,50.4,0,59.9,0,0,0,0,0,0,0,0,66
2025-09-29T13:00:16.108Z,60.7,21.1,1.924,50.4,0,59.9,0,0,0,0,0,0,0,0,66
2025-09-29T13:00:17.111Z,60.7,21.1,1.923,49.6,0,59.9,0,0,0,0,0,0,0,0,66
2025-09-29T13:00:18.112Z,60.7,21.1,1.924,50.4,0,59.9,0,0,0,0,0,0,0,0,66
2025-09-29T13:00:19.112Z,60.7,21.1,1.924,49.6,0,59.9,0,0,0,0,0,0,0,0,66
2025-09-29T13:00:20.112Z,60.7,21.1,1.924,50.4,0,59.9,0,0,0,0,0,0,0,0,66
2025-09-29T13:00:21.113Z,60.7,21.1,1.924,49.6,0,59.9,0,0,0,0,0,0,0,0,66
2025-09-29T13:00:22.112Z,60.7,21.1,1.924,50.4,0,59.9,0,0,0,0,0,0,0,0,66
2025-09-29T13:00:23.117Z,60.7,21.1,1.924,49.6,0,59.9,0,0,0,0,0,0,0,0,66
2025-09-29T13:00:24.116Z,60.7,21.1,1.924,50.4,0,59.9,0,0,0,0,0,0,0,0,66
2025-09-29T13:00:25.117Z,60.7,21.1,1.925,49.6,0,59.9,0,0,0,0,0,0,0,0,66
2025-09-29T13:00:26.118Z,60.7,21.1,1.925,49.6,0,59.9,0,0,0,0,0,0,0,0,66
2025-09-29T13:00:27.119Z,60.7,21.1,1.924,50.4,0,59.9,0,0,0,0,0,0,0,0,66
2025-09-29T13:00:28.121Z,60.7,21.1,1.924,49.6,0,59.9,0,0,0,0,0,0,0,0,66
2025-09-29T13:00:28.121Z,60.7,21.1,1.924,49.6,0,59.9,0,0,0,0,0,0,0,0,66
2025-09-29T13:00:30.122Z,60.7,21.1,1.925,50.4,0,59.9,0,0,0,0,0,0,0,0,66
2025-09-29T13:00:31.120Z,60.7,21.1,1.924,50.4,0,59.9,0,0,0,0,0,0,0,0,66
2025-09-29T13:00:32.123Z,60.7,21.1,1.925,49.6,0,59.9,0,0,0,0,0,0,0,0,66
2025-09-29T13:00:33.121Z,60.7,21.1,1.925,50.4,0,59.9,0,0,0,0,0,0,0,0,66
2025-09-29T13:00:34.120Z,60.7,21.1,1.924,49.6,0,59.9,0,0,0,0,0,0,0,0,66
2025-09-29T13:00:35.123Z,60.7,21.1,1.925,50.4,0,59.9,0,0,0,0,0,0,0,0,66
2025-09-29T13:00:36.125Z,60.7,21.1,1.925,49.6,0,59.9,0,0,0,0,0,0,0,0,66
2025-09-29T13:00:37.124Z,60.7,21.1,1.924,50.4,0,59.9,0,0,0,0,0,0,0,0,66
2025-09-29T13:00:38.126Z,60.7,21.1,1.924,49.6,0,59.9,0,0,0,0,0,0,0,0,66
2025-09-29T13:00:39.127Z,60.7,21.1,1.924,49.6,0,59.9,0,0,0,0,0,0,0,0,66
2025-09-29T13:00:40.128Z,60.7,21.1,1.925,50.4,0,59.9,0,0,0,0,0,0,0,0,66
2025-09-29T13:00:41.129Z,60.7,21.1,1.924,49.6,0,59.9,0,0,0,0,0,0,0,0,66
2025-09-29T13:00:42.129Z,60.7,21.1,1.925,50.4,0,59.9,0,0,0,0,0,0,0,0,66
2025-09-29T13:00:43.132Z,60.7,21.1,1.925,49.6,0,59.9,0,0,0,0,0,0,0,0,66
2025-09-29T13:00:44.133Z,60.7,21.1,1.924,49.6,0,59.9,0,0,0,0,0,0,0,0,66
2025-09-29T13:00:45.136Z,60.7,21.1,1.923,50.4,0,59.9,0,0,0,0,0,0,0,0,66
2025-09-29T13:00:46.135Z,60.7,21.1,1.924,49.6,0,59.9,0,0,0,0,0,0,0,0,66
2025-09-29T13:00:47.135Z,60.7,21.1,1.924,49.6,0,59.9,0,0,0,0,0,0,0,0,66
2025-09-29T13:00:48.135Z,60.7,21.1,1.924,50.4,0,59.9,0,0,0,0,0,0,0,0,66
2025-09-29T13:00:49.139Z,60.7,21.1,1.923,50.4,0,59.9,0,0,0,0,0,0,0,0,66
2025-09-29T13:00:50.138Z,60.7,21.1,1.923,49.6,0,59.9,0,0,0,0,0,0,0,0,66
2025-09-29T13:00:51.143Z,60.7,21.1,1.924,50.4,0,59.9,0,0,0,0,0,0,0,0,66
2025-09-29T13:00:52.136Z,60.7,21.1,1.924,49.6,0,59.9,0,0,0,0,0,0,0,0,66
2025-09-29T13:00:53.142Z,60.7,21.1,1.923,49.6,0,59.9,0,0,0,0,0,0,0,0,66
2025-09-29T13:00:54.143Z,60.7,21.1,1.924,50.4,0,59.9,0,0,0,0,0,0,0,0,66
2025-09-29T13:00:55.141Z,60.7,21.1,1.923,49.6,0,59.9,0,0,0,0,0,0,0,0,66
2025-09-29T13:00:56.142Z,60.7,21.1,1.924,49.6,0,59.9,0,0,0,0,0,0,0,0,66
2025-09-29T13:00:57.148Z,60.7,21.1,1.923,50.4,0,59.9,0,0,0,0,0,0,0,0,66
2025-09-29T13:00:58.149Z,60.7,21.1,1.923,49.6,0,59.9,0,0,0,0,0,0,0,0,66
2025-09-29T13:00:59.148Z,60.7,21.1,1.924,49.6,0,59.9,0,0,0,0,0,0,0,0,66
2025-09-29T13:01:00.148Z,60.7,21.1,1.923,50.4,0,59.9,0,0,0,0,0,0,0,0,66
2025-09-29T13:01:01.149Z,60.7,21.1,1.923,50.4,0,59.9,0,0,0,0,0,0,0,0,66
2025-09-29T13:01:02.148Z,60.7,21.1,1.924,49.6,0,59.9,0,0,0,0,0,0,0,0,66
2025-09-29T13:01:03.147Z,60.7,21.1,1.923,50.4,0,59.9,0,0,0,0,0,0,0,0,66
2025-09-29T13:01:04.147Z,60.7,21.1,1.923,49.6,0,59.9,0,0,0,0,0,0,0,0,66
2025-09-29T13:01:05.149Z,60.7,21.1,1.924,49.6,0,59.9,0,0,0,0,0,0,0,0,66
2025-09-29T13:01:06.148Z,60.7,21.1,1.923,50.4,0,59.9,0,0,0,0,0,0,0,0,66
2025-09-29T13:01:07.154Z,60.7,21.1,1.924,50.4,0,59.9,0,0,0,0,0,0,0,0,66
2025-09-29T13:01:08.151Z,60.7,21.1,1.923,49.6,0,59.9,0,0,0,0,0,0,0,0,66
2025-09-29T13:01:09.153Z,60.7,21.1,1.923,50.4,0,59.9,0,0,0,0,0,0,0,0,66
2025-09-29T13:01:10.153Z,60.7,21.1,1.924,50.4,0,59.9,0,0,0,0,0,0,0,0,66
2025-09-29T13:01:11.154Z,60.7,21.1,1.923,49.6,0,59.9,0,0,0,0,0,0,0,0,66
2025-09-29T13:01:12.153Z,60.7,21.1,1.923,50.4,0,59.9,0,0,0,0,0,0,0,0,66
2025-09-29T13:01:13.155Z,60.7,21.1,1.924,49.6,0,59.9,0,0,0,0,0,0,0,0,66
2025-09-29T13:01:14.163Z,60.7,21.1,1.925,50.4,0,59.9,0,0,0,0,0,0,0,0,66
2025-09-29T13:01:15.157Z,60.7,21.1,1.924,49.6,0,59.9,0,0,0,0,0,0,0,0,66
2025-09-29T13:01:16.158Z,60.7,21.1,1.923,50.4,0,59.9,0,0,0,0,0,0,0,0,66
2025-09-29T13:01:17.166Z,60.7,21.1,1.924,49.6,0,59.9,0,0,0,0,0,0,0,0,66
2025-09-29T13:01:18.162Z,60.7,21.1,1.924,49.6,0,59.9,0,0,0,0,0,0,0,0,66
2025-09-29T13:01:19.165Z,60.7,21.1,1.925,50.4,0,59.9,0,0,0,0,0,0,0,0,66
2025-09-29T13:01:20.166Z,60.7,21.1,1.925,50.4,0,59.9,0,0,0,0,0,0,0,0,66
2025-09-29T13:01:21.161Z,60.7,21.1,1.924,49.6,0,59.9,0,0,0,0,0,0,0,0,66
2025-09-29T13:01:22.167Z,60.7,21.1,1.924,50.4,0,59.9,0,0,0,0,0,0,0,0,66
2025-09-29T13:01:23.170Z,60.7,21.1,1.924,49.6,0,59.9,0,0,0,0,0,0,0,0,66
2025-09-29T13:01:24.170Z,60.7,21.1,1.924,50.4,0,59.9,0,0,0,0,0,0,0,0,66
2025-09-29T13:01:25.167Z,60.7,21.1,1.925,49.6,0,59.9,0,0,0,0,0,0,0,0,66
2025-09-29T13:01:26.175Z,60.7,21.1,1.923,49.6,0,59.9,0,0,0,0,0,0,0,0,66
2025-09-29T13:01:27.173Z,60.7,21.1,1.924,50.4,0,59.9,0,0,0,0,0,0,0,0,66
2025-09-29T13:01:28.173Z,60.7,21.1,1.925,49.6,0,59.9,0,0,0,0,0,0,0,0,66
2025-09-29T13:01:29.175Z,60.7,21.1,1.924,50.4,0,59.9,0,0,0,0,0,0,0,0,66
2025-09-29T13:01:30.177Z,60.7,21.1,1.923,49.6,0,59.9,0,0,0,0,0,0,0,0,66
2025-09-29T13:01:31.177Z,60.7,21.1,1.923,49.6,0,59.9,0,0,0,0,0,0,0,0,66
2025-09-29T13:01:32.175Z,60.7,21.1,1.924,50.4,0,59.9,0,0,0,0,0,0,0,0,66
2025-09-29T13:01:33.178Z,60.7,21.1,1.924,49.6,0,59.9,0,0,0,0,0,0,0,0,66
2025-09-29T13:01:34.179Z,60.7,21.1,1.923,49.6,0,59.9,0,0,0,0,0,0,0,0,66
2025-09-29T13:01:35.181Z,60.7,21.1,1.924,50.4,0,59.9,0,0,0,0,0,0,0,0,66
2025-09-29T13:01:36.183Z,60.7,21.1,1.923,50.4,0,59.9,0,0,0,0,0,0,0,0,66
2025-09-29T13:01:37.183Z,60.7,21.1,1.924,49.6,0,59.9,0,0,0,0,0,0,0,0,66
2025-09-29T13:01:38.183Z,60.7,21.1,1.924,50.4,0,59.9,0,0,0,0,0,0,0,0,66
2025-09-29T13:01:39.179Z,60.7,21.1,1.923,49.6,0,59.9,0,0,0,0,0,0,0,0,66
2025-09-29T13:01:40.184Z,60.7,21.1,1.923,50.4,0,59.9,0,0,0,0,0,0,0,0,66
2025-09-29T13:01:41.185Z,60.7,21.1,1.924,49.6,0,59.9,0,0,0,0,0,0,0,0,66
2025-09-29T13:01:42.189Z,60.7,21.1,1.924,49.6,0,59.9,0,0,0,0,0,0,0,0,66
2025-09-29T13:01:43.189Z,60.7,21.1,1.923,50.4,0,59.9,0,0,0,0,0,0,0,0,66
2025-09-29T13:01:44.184Z,60.7,21.1,1.924,49.6,0,59.9,0,0,0,0,0,0,0,0,66
2025-09-29T13:01:45.185Z,60.7,21.1,1.924,49.6,0,59.9,0,0,0,0,0,0,0,0,66
2025-09-29T13:01:46.191Z,60.7,21.1,1.923,50.4,0,59.9,0,0,0,0,0,0,0,0,66
2025-09-29T13:01:47.186Z,60.7,21.1,1.924,49.6,0,59.9,0,0,0,0,0,0,0,0,66
2025-09-29T13:01:48.187Z,60.7,21.1,1.924,49.6,0,59.9,0,0,0,0,0,0,0,0,66
2025-09-29T13:01:49.192Z,60.7,21.1,1.924,50.4,0,59.9,0,0,0,0,0,0,0,0,66
2025-09-29T13:01:50.190Z,60.7,21.1,1.924,49.6,0,59.9,0,0,0,0,0,0,0,0,66
2025-09-29T13:01:51.192Z,60.7,21.1,1.924,49.6,0,59.9,0,0,0,0,0,0,0,0,66
2025-09-29T13:01:52.201Z,60.7,21.1,1.925,50.4,0,59.9,0,0,0,0,0,0,0,0,66
2025-09-29T13:01:53.197Z,60.7,21.1,1.925,50.4,0,59.9,0,0,0,0,0,0,0,0,66
2025-09-29T13:01:54.199Z,60.7,21.1,1.924,49.6,0,59.9,0,0,0,0,0,0,0,0,66
2025-09-29T13:01:55.201Z,60.7,21.1,1.925,50.4,0,59.9,0,0,0,0,0,0,0,0,66
2025-09-29T13:01:56.201Z,60.6,21.1,1.925,49.6,0,59.9,0,0,0,0,0,0,0,0,66
2025-09-29T13:01:57.201Z,60.6,21.1,1.925,49.6,0,59.9,0,0,0,0,0,0,0,0,66
2025-09-29T13:01:58.199Z,60.6,21.1,1.925,50.4,0,59.9,0,0,0,0,0,0,0,0,66
2025-09-29T13:01:59.201Z,60.6,21.1,1.925,50.4,0,59.9,0,0,0,0,0,0,0,0,66
2025-09-29T13:02:00.199Z,60.6,21.1,1.925,49.6,0,59.9,0,0,0,0,0,0,0,0,66
2025-09-29T13:02:01.198Z,60.6,21.1,1.925,50.4,0,59.9,0,0,0,0,0,0,0,0,66
2025-09-29T13:02:02.200Z,60.6,21.1,1.925,49.6,0,59.9,0,0,0,0,0,0,0,0,66
2025-09-29T13:02:03.200Z,60.6,21.1,1.925,49.6,0,59.9,0,0,0,0,0,0,0,0,66
2025-09-29T13:02:04.202Z,60.6,21.1,1.925,50.4,0,59.9,0,0,0,0,0,0,0,0,66
2025-09-29T13:02:05.198Z,60.6,21.1,1.925,50.4,0,59.9,0,0,0,0,0,0,0,0,66
2025-09-29T13:02:06.200Z,60.6,21.1,1.925,49.6,0,59.9,0,0,0,0,0,0,0,0,66
2025-09-29T13:02:07.202Z,60.6,21.1,1.925,49.6,0,59.9,0,0,0,0,0,0,0,0,66
2025-09-29T13:02:08.202Z,60.6,21.1,1.925,50.4,0,59.9,0,0,0,0,0,0,0,0,66
2025-09-29T13:02:09.207Z,60.6,21.1,1.925,49.6,0,59.9,0,0,0,0,0,0,0,0,66
2025-09-29T13:02:10.204Z,60.6,21.1,1.925,49.6,0,59.9,0,0,0,0,0,0,0,0,66
2025-09-29T13:02:11.207Z,60.6,21.1,1.925,50.4,0,59.9,0,0,0,0,0,0,0,0,66
2025-09-29T13:02:12.205Z,60.6,21.1,1.925,50.4,0,59.9,0,0,0,0,0,0,0,0,66
2025-09-29T13:02:13.207Z,60.6,21.1,1.926,49.6,0,59.9,0,0,0,0,0,0,0,0,66
2025-09-29T13:02:14.209Z,60.6,21.1,1.926,50.4,0,59.9,0,0,0,0,0,0,0,0,66
2025-09-29T13:02:15.218Z,60.6,21.1,1.924,50.4,0,59.9,0,0,0,0,0,0,0,0,66
2025-09-29T13:02:16.215Z,60.6,21.1,1.925,49.6,0,59.9,0,0,0,0,0,0,0,0,66
2025-09-29T13:02:17.218Z,60.6,21.1,1.925,50.4,0,59.9,0,0,0,0,0,0,0,0,66
2025-09-29T13:02:18.217Z,60.6,21.1,1.925,49.6,0,59.9,0,0,0,0,0,0,0,0,66
2025-09-29T13:02:19.211Z,60.6,21.1,1.926,50.4,0,59.9,0,0,0,0,0,0,0,0,66
2025-09-29T13:02:20.215Z,60.6,21.1,1.926,49.6,0,59.9,0,0,0,0,0,0,0,0,66
2025-09-29T13:02:21.216Z,60.6,21.1,1.926,50.4,0,59.9,0,0,0,0,0,0,0,0,66
2025-09-29T13:02:22.219Z,60.6,21.1,1.925,50.4,0,59.9,0,0,0,0,0,0,0,0,66
2025-09-29T13:02:23.219Z,60.6,21.1,1.925,49.6,0,59.9,0,0,0,0,0,0,0,0,66
2025-09-29T13:02:24.217Z,60.6,21.1,1.926,50.4,0,59.9,0,0,0,0,0,0,0,0,66
2025-09-29T13:02:25.221Z,60.6,21.1,1.925,49.6,0,59.9,0,0,0,0,0,0,0,0,66
2025-09-29T13:02:26.225Z,60.5,21.1,1.925,50.4,0,59.9,0,0,0,0,0,0,0,0,66
2025-09-29T13:02:27.222Z,60.5,21.1,1.925,49.6,0,59.9,0,0,0,0,0,0,0,0,66
2025-09-29T13:02:28.223Z,60.5,21.1,1.925,50.4,0,59.9,0,0,0,0,0,0,0,0,66
2025-09-29T13:02:29.224Z,60.5,21.1,1.925,49.6,0,59.9,0,0,0,0,0,0,0,0,66
2025-09-29T13:02:30.223Z,60.5,21.1,1.925,50.4,0,59.9,0,0,0,0,0,0,0,0,66
2025-09-29T13:02:31.222Z,60.5,21.1,1.925,49.6,0,59.9,0,0,0,0,0,0,0,0,66
2025-09-29T13:02:32.224Z,60.5,21.1,1.925,49.6,0,59.9,0,0,0,0,0,0,0,0,66
2025-09-29T13:02:33.228Z,60.5,21.1,1.925,50.4,0,59.9,0,0,0,0,0,0,0,0,66
2025-09-29T13:02:34.231Z,60.5,21.1,1.925,49.6,0,59.9,0,0,0,0,0,0,0,0,66
2025-09-29T13:02:35.223Z,60.5,21.1,1.925,50.4,0,59.9,0,0,0,0,0,0,0,0,66
2025-09-29T13:02:36.226Z,60.5,21.1,1.925,49.6,0,59.9,0,0,0,0,0,0,0,0,66
2025-09-29T13:02:37.230Z,60.5,21.1,1.925,50.4,0,59.9,0,0,0,0,0,0,0,0,66
2025-09-29T13:02:38.231Z,60.5,21.1,1.925,49.6,0,59.9,0,0,0,0,0,0,0,0,66
2025-09-29T13:02:39.230Z,60.5,21.1,1.925,49.6,0,59.9,0,0,0,0,0,0,0,0,66
2025-09-29T13:02:40.233Z,60.5,21.1,1.925,50.4,0,59.9,0,0,0,0,0,0,0,0,66
2025-09-29T13:02:41.237Z,60.5,21.1,1.926,49.6,0,59.9,0,0,0,0,0,0,0,0,66
2025-09-29T13:02:42.235Z,60.5,21.1,1.925,50.4,0,59.9,0,0,0,0,0,0,0,0,66
2025-09-29T13:02:43.235Z,60.5,21.1,1.925,50.4,0,59.9,0,0,0,0,0,0,0,0,66
2025-09-29T13:02:44.242Z,60.5,21.1,1.926,49.6,0,59.9,0,0,0,0,0,0,0,0,66
2025-09-29T13:02:45.240Z,60.5,21.1,1.926,49.6,0,59.9,0,0,0,0,0,0,0,0,66
2025-09-29T13:02:46.239Z,60.5,21.1,1.926,49.6,0,59.9,0,0,0,0,0,0,0,0,66
2025-09-29T13:02:47.240Z,60.5,21.1,1.926,50.4,0,59.9,0,0,0,0,0,0,0,0,66
2025-09-29T13:02:48.242Z,60.5,21.1,1.926,49.6,0,59.9,0,0,0,0,0,0,0,0,66
2025-09-29T13:02:49.245Z,60.5,21.1,1.926,49.6,0,59.9,0,0,0,0,0,0,0,0,66
2025-09-29T13:02:50.242Z,60.5,21.1,1.926,50.4,0,59.9,0,0,0,0,0,0,0,0,66
2025-09-29T13:02:51.241Z,60.4,21.1,1.926,50.4,0,59.9,0,0,0,0,0,0,0,0,66
2025-09-29T13:02:52.241Z,60.5,21.1,1.926,49.6,0,59.9,0,0,0,0,0,0,0,0,66
2025-09-29T13:02:53.246Z,60.4,21.1,1.926,50.4,0,59.9,0,0,0,0,0,0,0,0,66
2025-09-29T13:02:54.250Z,60.4,21.1,1.926,49.6,0,59.9,0,0,0,0,0,0,0,0,66
2025-09-29T13:02:55.247Z,60.4,21.1,1.926,50.4,0,59.9,0,0,0,0,0,0,0,0,66
2025-09-29T13:02:56.250Z,60.4,21.1,1.926,49.6,0,59.9,0,0,0,0,0,0,0,0,66
2025-09-29T13:02:57.251Z,60.4,21.1,1.926,50.4,0,59.9,0,0,0,0,0,0,0,0,66
2025-09-29T13:02:58.248Z,60.4,21.1,1.926,50.4,0,59.9,0,0,0,0,0,0,0,0,66
2025-09-29T13:02:59.251Z,60.4,21.1,1.926,49.6,0,59.9,0,0,0,0,0,0,0,0,66
2025-09-29T13:03:00.250Z,60.4,21.1,1.926,49.6,0,59.9,0,0,0,0,0,0,0,0,66
2025-09-29T13:03:01.252Z,60.4,21.1,1.926,49.6,0,59.9,0,0,0,0,0,0,0,0,66
2025-09-29T13:03:02.248Z,60.4,21.1,1.926,50.4,0,59.9,0,0,0,0,0,0,0,0,66
2025-09-29T13:03:03.250Z,60.4,21.1,1.926,49.6,0,59.9,0,0,0,0,0,0,0,0,66
2025-09-29T13:03:04.257Z,60.4,21.1,1.925,49.6,0,59.9,0,0,0,0,0,0,0,0,66
2025-09-29T13:03:05.261Z,60.4,21.1,1.926,50.4,0,59.9,0,0,0,0,0,0,0,0,66
2025-09-29T13:03:06.254Z,60.4,21.1,1.926,49.6,0,59.9,0,0,0,0,0,0,0,0,66
2025-09-29T13:03:07.256Z,60.4,21.1,1.926,50.4,0,59.9,0,0,0,0,0,0,0,0,66
2025-09-29T13:03:08.260Z,60.4,21.1,1.926,49.6,0,59.9,0,0,0,0,0,0,0,0,66
2025-09-29T13:03:09.258Z,60.4,21.1,1.926,50.4,0,60,0,0,0,0,0,0,0,0,66
2025-09-29T13:03:10.262Z,60.4,21.1,1.926,50.4,0,60,0,0,0,0,0,0,0,0,66
2025-09-29T13:03:11.259Z,60.4,21.1,1.926,49.6,0,60,0,0,0,0,0,0,0,0,66
2025-09-29T13:03:12.260Z,60.4,21.1,1.926,50.4,0,60,0,0,0,0,0,0,0,0,66
2025-09-29T13:03:13.263Z,60.4,21.1,1.926,49.6,0,60,0,0,0,0,0,0,0,0,66
2025-09-29T13:03:14.262Z,60.4,21.1,1.926,50.4,0,60,0,0,0,0,0,0,0,0,66
2025-09-29T13:03:15.262Z,60.4,21.1,1.926,49.6,0,60,0,0,0,0,0,0,0,0,66
2025-09-29T13:03:16.265Z,60.4,21.1,1.926,49.6,0,60,0,0,0,0,0,0,0,0,66
2025-09-29T13:03:17.267Z,60.4,21.1,1.926,50.4,0,60,0,0,0,0,0,0,0,0,66
2025-09-29T13:03:18.265Z,60.4,21.1,1.926,49.6,0,60,0,0,0,0,0,0,0,0,66
2025-09-29T13:03:19.272Z,60.3,21.1,1.926,50.4,0,60,0,0,0,0,0,0,0,0,66
2025-09-29T13:03:20.275Z,60.3,21.1,1.926,49.6,0,60,0,0,0,0,0,0,0,0,66
2025-09-29T13:03:21.270Z,60.3,21.1,1.926,49.6,0,60,0,0,0,0,0,0,0,0,66
2025-09-29T13:03:22.269Z,60.3,21.1,1.926,50.4,0,60,0,0,0,0,0,0,0,0,66
2025-09-29T13:03:23.268Z,60.3,21.1,1.926,50.4,0,60,0,0,0,0,0,0,0,0,66
2025-09-29T13:03:24.276Z,60.3,21.1,1.926,49.6,0,60,0,0,0,0,0,0,0,0,66
2025-09-29T13:03:25.276Z,60.3,21.1,1.927,50.4,0,60,0,0,0,0,0,0,0,0,66
2025-09-29T13:03:26.275Z,60.3,21.1,1.926,49.6,0,60,0,0,0,0,0,0,0,0,66
2025-09-29T13:03:27.276Z,60.3,21.1,1.927,50.4,0,60,0,0,0,0,0,0,0,0,66
2025-09-29T13:03:28.276Z,60.3,21.1,1.926,49.6,0,60,0,0,0,0,0,0,0,0,66
2025-09-29T13:03:29.278Z,60.3,21.1,1.927,49.6,0,60,0,0,0,0,0,0,0,0,66
2025-09-29T13:03:30.278Z,60.3,21.1,1.927,50.4,0,60,0,0,0,0,0,0,0,0,66
2025-09-29T13:03:31.276Z,60.3,21.1,1.926,49.6,0,60,0,0,0,0,0,0,0,0,66
2025-09-29T13:03:32.278Z,60.3,21.1,1.927,50.4,0,60,0,0,0,0,0,0,0,0,66
2025-09-29T13:03:33.281Z,60.3,21.1,1.927,49.6,0,60,0,0,0,0,0,0,0,0,66
2025-09-29T13:03:34.280Z,60.3,21.1,1.927,49.6,0,60,0,0,0,0,0,0,0,0,66
2025-09-29T13:03:35.285Z,60.3,21.1,1.927,50.4,0,60,0,0,0,0,0,0,0,0,66
2025-09-29T13:03:36.281Z,60.3,21.1,1.927,49.6,0,60,0,0,0,0,0,0,0,0,66
2025-09-29T13:03:37.285Z,60.3,21.1,1.927,50.4,0,60,0,0,0,0,0,0,0,0,66
2025-09-29T13:03:38.283Z,60.3,21.1,1.927,49.6,0,60,0,0,0,0,0,0,0,0,66
2025-09-29T13:03:39.283Z,60.3,21.1,1.927,49.6,0,60,0,0,0,0,0,0,0,0,66
2025-09-29T13:03:40.286Z,60.3,21.1,1.927,50.4,0,60,0,0,0,0,0,0,0,0,66
2025-09-29T13:03:41.289Z,60.3,21.1,1.927,49.6,0,60,0,0,0,0,0,0,0,0,66
2025-09-29T13:03:42.293Z,60.3,21.1,1.926,50.4,0,60,0,0,0,0,0,0,0,0,66
2025-09-29T13:03:43.290Z,60.2,21.1,1.927,50.4,0,60,0,0,0,0,0,0,0,0,66
2025-09-29T13:03:44.292Z,60.2,21.1,1.927,49.6,0,60,0,0,0,0,0,0,0,0,66
2025-09-29T13:03:45.295Z,60.2,21.1,1.926,50.4,0,60,0,0,0,0,0,0,0,0,66
2025-09-29T13:03:46.294Z,60.2,21.1,1.927,49.6,0,60,0,0,0,0,0,0,0,0,66
2025-09-29T13:03:47.292Z,60.2,21.1,1.927,50.4,0,60,0,0,0,0,0,0,0,0,66
2025-09-29T13:03:48.297Z,60.2,21.1,1.926,49.6,0,60,0,0,0,0,0,0,0,0,66
2025-09-29T13:03:49.295Z,60.2,21.1,1.927,50.4,0,60,0,0,0,0,0,0,0,0,66
2025-09-29T13:03:50.299Z,60.2,21.1,1.926,49.6,0,60,0,0,0,0,0,0,0,0,66
2025-09-29T13:03:51.296Z,60.2,21.1,1.927,50.4,0,60,0,0,0,0,0,0,0,0,66
2025-09-29T13:03:52.302Z,60.2,21.1,1.926,49.6,0,60,0,0,0,0,0,0,0,0,66
2025-09-29T13:03:53.297Z,60.2,21.1,1.926,49.6,0,60,0,0,0,0,0,0,0,0,66
2025-09-29T13:03:54.297Z,60.2,21.1,1.926,50.4,0,60,0,0,0,0,0,0,0,0,66
2025-09-29T13:03:55.299Z,60.2,21.1,1.926,49.6,0,60,0,0,0,0,0,0,0,0,66
2025-09-29T13:03:56.304Z,60.2,21.1,1.926,49.6,0,60,0,0,0,0,0,0,0,0,66
2025-09-29T13:03:57.304Z,60.2,21.1,1.926,50.4,0,60,0,0,0,0,0,0,0,0,66
2025-09-29T13:03:58.306Z,60.2,21.1,1.926,49.6,0,60,0,0,0,0,0,0,0,0,66
2025-09-29T13:03:59.302Z,60.2,21.1,1.927,49.6,0,60,0,0,0,0,0,0,0,0,66
2025-09-29T13:04:00.302Z,60.2,21.1,1.926,50.4,0,60,0,0,0,0,0,0,0,0,66
2025-09-29T13:04:01.306Z,60.2,21.1,1.926,49.6,0,60,0,0,0,0,0,0,0,0,66
2025-09-29T13:04:02.305Z,60.1,21.1,1.926,49.6,0,60,0,0,0,0,0,0,0,0,66
2025-09-29T13:04:03.305Z,60.1,21.1,1.926,50.4,0,60,0,0,0,0,0,0,0,0,66
2025-09-29T13:04:04.306Z,60.1,21.1,1.926,50.4,0,60,0,0,0,0,0,0,0,0,66
2025-09-29T13:04:05.306Z,60.1,21.1,1.926,49.6,0,60,0,0,0,0,0,0,0,0,66
2025-09-29T13:04:06.305Z,60.1,21.1,1.926,50.4,0,60,0,0,0,0,0,0,0,0,66
2025-09-29T13:04:07.311Z,60.1,21.1,1.926,49.6,0,60,0,0,0,0,0,0,0,0,66
2025-09-29T13:04:08.310Z,60.1,21.1,1.927,50.4,0,60,0,0,0,0,0,0,0,0,66
2025-09-29T13:04:09.309Z,60.1,21.1,1.926,49.6,0,60,0,0,0,0,0,0,0,0,66
2025-09-29T13:04:10.312Z,60.1,21.1,1.926,49.6,0,60,0,0,0,0,0,0,0,0,66
2025-09-29T13:04:11.311Z,60.1,21.1,1.927,50.4,0,60,0,0,0,0,0,0,0,0,66
2025-09-29T13:04:12.312Z,60.1,21.1,1.926,49.6,0,60,0,0,0,0,0,0,0,0,66
2025-09-29T13:04:13.318Z,60.1,21.1,1.926,49.6,0,60,0,0,0,0,0,0,0,0,66
2025-09-29T13:04:14.313Z,60.1,21.1,1.927,50.4,0,60,0,0,0,0,0,0,0,0,66
2025-09-29T13:04:15.319Z,60.1,21.1,1.928,50.4,0,60,0,0,0,0,0,0,0,0,66
2025-09-29T13:04:16.320Z,60.1,21.1,1.927,49.6,0,60,0,0,0,0,0,0,0,0,66
2025-09-29T13:04:17.319Z,60.1,21.1,1.927,50.4,0,60,0,0,0,0,0,0,0,0,66
2025-09-29T13:04:18.319Z,60.1,21.1,1.927,49.6,0,60,0,0,0,0,0,0,0,0,66
2025-09-29T13:04:19.320Z,60.1,21.1,1.928,50.4,0,60,0,0,0,0,0,0,0,0,66
2025-09-29T13:04:20.322Z,60.1,21.1,1.928,49.6,0,60,0,0,0,0,0,0,0,0,66
2025-09-29T13:04:21.327Z,60.1,21.1,1.927,49.6,0,60,0,0,0,0,0,0,0,0,66
2025-09-29T13:04:22.327Z,60,21.1,1.928,50.4,0,60,0,0,0,0,0,0,0,0,66
2025-09-29T13:04:23.332Z,60,21.1,1.928,50.4,0,60,0,0,0,0,0,0,0,0,66
2025-09-29T13:04:24.331Z,60,21.1,1.928,49.6,0,60,0,0,0,0,0,0,0,0,66
2025-09-29T13:04:25.330Z,60,21.1,1.928,50.4,0,60,0,0,0,0,0,0,0,0,66
2025-09-29T13:04:26.332Z,60,21.1,1.928,49.6,0,60,0,0,0,0,0,0,0,0,66
2025-09-29T13:04:27.332Z,60,21.1,1.928,50.4,0,60,0,0,0,0,0,0,0,0,66
2025-09-29T13:04:28.340Z,60,21.1,1.927,49.6,0,60,0,0,0,0,0,0,0,0,66
2025-09-29T13:04:29.334Z,60,21.1,1.929,49.6,0,60,0,0,0,0,0,0,0,0,66
2025-09-29T13:04:30.332Z,60,21.1,1.928,50.4,0,60,0,0,0,0,0,0,0,0,66
2025-09-29T13:04:31.334Z,60,21.1,1.928,49.6,0,60,0,0,0,0,0,0,0,0,66
2025-09-29T13:04:32.331Z,60,21.1,1.929,49.6,0,60,0,0,0,0,0,0,0,0,66
2025-09-29T13:04:33.331Z,60,21.1,1.929,50.4,0,60,0,0,0,0,0,0,0,0,66
2025-09-29T13:04:34.336Z,60,21.1,1.928,50.4,0,60,0,0,0,0,0,0,0,0,66
2025-09-29T13:04:35.333Z,60,21.1,1.929,49.6,0,60,0,0,0,0,0,0,0,0,66
2025-09-29T13:04:36.340Z,60,21.1,1.928,50.4,0,60,0,0,0,0,0,0,0,0,66
2025-09-29T13:04:37.343Z,60,21.1,1.928,49.6,0,59.9,0,0,0,0,0,0,0,0,66
2025-09-29T13:04:38.337Z,60,21.1,1.929,50.4,0,59.9,0,0,0,0,0,0,0,0,66
2025-09-29T13:04:39.341Z,60,21.1,1.928,49.6,0,59.9,0,0,0,0,0,0,0,0,66
2025-09-29T13:04:40.345Z,60,21.1,1.928,49.6,0,59.9,0,0,0,0,0,0,0,0,66
2025-09-29T13:04:41.342Z,60,21.1,1.928,50.4,0,59.9,0,0,0,0,0,0,0,0,66
2025-09-29T13:04:42.346Z,60,21.1,1.928,49.6,0,60,0,0,0,0,0,0,0,0,66
2025-09-29T13:04:43.343Z,60,21.1,1.928,50.4,0,59.9,0,0,0,0,0,0,0,0,66
2025-09-29T13:04:44.347Z,60,21.1,1.928,49.6,0,60,0,0,0,0,0,0,0,0,66
2025-09-29T13:04:45.348Z,59.9,21.1,1.928,49.6,0,60,0,0,0,0,0,0,0,0,66
2025-09-29T13:04:46.348Z,59.9,21.1,1.928,50.4,0,59.9,0,0,0,0,0,0,0,0,66
2025-09-29T13:04:47.350Z,59.9,21.1,1.928,49.6,0,60,0,0,0,0,0,0,0,0,66
2025-09-29T13:04:48.347Z,59.9,21.1,1.928,49.6,0,59.9,0,0,0,0,0,0,0,0,66
2025-09-29T13:04:49.347Z,59.9,21.1,1.928,50.4,0,59.9,0,0,0,0,0,0,0,0,66
2025-09-29T13:04:50.351Z,59.9,21.1,1.928,50.4,0,59.9,0,0,0,0,0,0,0,0,66
2025-09-29T13:04:51.348Z,59.9,21.1,1.928,49.6,0,59.9,0,0,0,0,0,0,0,0,66
2025-09-29T13:04:52.354Z,59.9,21.1,1.928,50.4,0,59.9,0,0,0,0,0,0,0,0,66
2025-09-29T13:04:53.352Z,59.9,21.1,1.928,49.6,0,59.9,0,0,0,0,0,0,0,0,66
2025-09-29T13:04:54.354Z,59.9,21.1,1.928,49.6,0,59.9,0,0,0,0,0,0,0,0,66
2025-09-29T13:04:55.352Z,59.9,21.1,1.928,50.4,0,59.9,0,0,0,0,0,0,0,0,66
2025-09-29T13:04:56.356Z,59.9,21.1,1.928,50.4,0,59.9,0,0,0,0,0,0,0,0,66
2025-09-29T13:04:57.359Z,59.9,21.1,1.929,49.6,0,59.9,0,0,0,0,0,0,0,0,66
2025-09-29T13:04:58.357Z,59.9,21.1,1.928,50.4,0,59.9,0,0,0,0,0,0,0,0,66
2025-09-29T13:04:59.357Z,59.9,21.1,1.928,49.6,0,59.9,0,0,0,0,0,0,0,0,66
2025-09-29T13:05:00.357Z,59.9,21.1,1.929,50.4,0,59.9,0,0,0,0,0,0,0,0,66
2025-09-29T13:05:01.358Z,59.9,21.1,1.929,50.4,0,59.9,0,0,0,0,0,0,0,0,66
2025-09-29T13:05:02.362Z,59.9,21.1,1.929,49.6,0,59.9,0,0,0,0,0,0,0,0,66
2025-09-29T13:05:03.358Z,59.9,21.1,1.928,50.4,0,59.9,0,0,0,0,0,0,0,0,66
2025-09-29T13:05:04.360Z,59.9,21.1,1.928,49.6,0,59.9,0,0,0,0,0,0,0,0,66
2025-09-29T13:05:05.362Z,59.8,21.1,1.929,50.4,0,59.9,0,0,0,0,0,0,0,0,66
2025-09-29T13:05:06.364Z,59.8,21.1,1.929,50.4,0,59.9,0,0,0,0,0,0,0,0,66
2025-09-29T13:05:07.361Z,59.8,21.1,1.928,49.6,0,59.9,0,0,0,0,0,0,0,0,66
2025-09-29T13:05:08.367Z,59.8,21.1,1.929,50.4,0,59.9,0,0,0,0,0,0,0,0,66
2025-09-29T13:05:09.364Z,59.8,21.1,1.929,49.6,0,59.9,0,0,0,0,0,0,0,0,66
2025-09-29T13:05:10.367Z,59.8,21.1,1.929,50.4,0,59.9,0,0,0,0,0,0,0,0,66
2025-09-29T13:05:11.368Z,59.8,21.1,1.929,49.6,0,59.9,0,0,0,0,0,0,0,0,66
2025-09-29T13:05:12.370Z,59.8,21.1,1.93,50.4,0,59.9,0,0,0,0,0,0,0,0,66
2025-09-29T13:05:13.370Z,59.8,21.1,1.93,49.6,0,59.9,0,0,0,0,0,0,0,0,66
2025-09-29T13:05:14.367Z,59.8,21.1,1.93,50.4,0,59.9,0,0,0,0,0,0,0,0,66
2025-09-29T13:05:15.370Z,59.8,21.1,1.929,49.6,0,59.9,0,0,0,0,0,0,0,0,66
2025-09-29T13:05:16.370Z,59.8,21.1,1.93,49.6,0,59.9,0,0,0,0,0,0,0,0,66
2025-09-29T13:05:17.373Z,59.8,21.1,1.93,49.6,0,59.9,0,0,0,0,0,0,0,0,66
2025-09-29T13:05:18.372Z,59.8,21.1,1.93,50.4,0,59.9,0,0,0,0,0,0,0,0,66
2025-09-29T13:05:19.376Z,59.8,21.1,1.93,49.6,0,59.9,0,0,0,0,0,0,0,0,66
2025-09-29T13:05:20.378Z,59.8,21.1,1.929,50.4,0,59.9,0,0,0,0,0,0,0,0,66
2025-09-29T13:05:21.377Z,59.8,21.1,1.93,49.6,0,59.9,0,0,0,0,0,0,0,0,66
2025-09-29T13:05:22.378Z,59.8,21.1,1.929,49.6,0,59.9,0,0,0,0,0,0,0,0,66
2025-09-29T13:05:23.375Z,59.8,21.1,1.93,50.4,0,59.9,0,0,0,0,0,0,0,0,66
2025-09-29T13:05:24.381Z,59.8,21.1,1.929,49.6,0,59.9,0,0,0,0,0,0,0,0,66
2025-09-29T13:05:25.377Z,59.8,21.1,1.93,49.6,0,59.9,0,0,0,0,0,0,0,0,66
2025-09-29T13:05:26.379Z,59.8,21.1,1.93,50.4,0,59.9,0,0,0,0,0,0,0,0,66
2025-09-29T13:05:27.383Z,59.8,21.1,1.929,49.6,0,59.9,0,0,0,0,0,0,0,0,66
2025-09-29T13:05:28.384Z,59.8,21.1,1.929,50.4,0,59.9,0,0,0,0,0,0,0,0,66
2025-09-29T13:05:29.383Z,59.8,21.1,1.929,50.4,0,59.9,0,0,0,0,0,0,0,0,66
2025-09-29T13:05:30.380Z,59.8,21.1,1.93,49.6,0,59.9,0,0,0,0,0,0,0,0,66
2025-09-29T13:05:31.384Z,59.8,21.1,1.93,50.4,0,59.9,0,0,0,0,0,0,0,0,66
2025-09-29T13:05:32.383Z,59.7,21.1,1.93,49.6,0,59.9,0,0,0,0,0,0,0,0,66
2025-09-29T13:05:33.383Z,59.7,21.1,1.93,50.4,0,59.9,0,0,0,0,0,0,0,0,66
2025-09-29T13:05:34.388Z,59.7,21.1,1.93,49.6,0,59.9,0,0,0,0,0,0,0,0,66
2025-09-29T13:05:35.385Z,59.7,21.1,1.93,49.6,0,59.9,0,0,0,0,0,0,0,0,66
2025-09-29T13:05:36.391Z,59.7,21.1,1.93,50.4,0,59.9,0,0,0,0,0,0,0,0,66
2025-09-29T13:05:37.389Z,59.7,21.1,1.93,49.6,0,59.9,0,0,0,0,0,0,0,0,66
2025-09-29T13:05:38.389Z,59.7,21.1,1.93,49.6,0,59.9,0,0,0,0,0,0,0,0,66
2025-09-29T13:05:39.388Z,59.7,21.1,1.93,50.4,0,59.9,0,0,0,0,0,0,0,0,66
2025-09-29T13:05:40.392Z,59.7,21.1,1.93,49.6,0,59.9,0,0,0,0,0,0,0,0,66
2025-09-29T13:05:41.393Z,59.7,21.1,1.93,50.4,0,59.9,0,0,0,0,0,0,0,0,66
2025-09-29T13:05:42.393Z,59.7,21.1,1.93,49.6,0,59.9,0,0,0,0,0,0,0,0,66
2025-09-29T13:05:43.394Z,59.7,21.1,1.93,49.6,0,59.9,0,0,0,0,0,0,0,0,66
2025-09-29T13:05:44.396Z,59.7,21.1,1.931,50.4,0,59.9,0,0,0,0,0,0,0,0,66
2025-09-29T13:05:45.398Z,59.7,21.1,1.931,49.6,0,59.9,0,0,0,0,0,0,0,0,66
2025-09-29T13:05:46.397Z,59.7,21.1,1.931,50.4,0,59.9,0,0,0,0,0,0,0,0,66
2025-09-29T13:05:47.401Z,59.7,21.1,1.931,49.6,0,59.9,0,0,0,0,0,0,0,0,66
2025-09-29T13:05:48.398Z,59.7,21.1,1.931,49.6,0,59.9,0,0,0,0,0,0,0,0,66
2025-09-29T13:05:49.399Z,59.7,21.1,1.931,50.4,0,59.9,0,0,0,0,0,0,0,0,66
2025-09-29T13:05:50.405Z,59.7,21.1,1.931,49.6,0,59.9,0,0,0,0,0,0,0,0,66
2025-09-29T13:05:51.400Z,59.7,21.1,1.931,49.6,0,59.9,0,0,0,0,0,0,0,0,66
2025-09-29T13:05:52.405Z,59.7,21.1,1.931,50.4,0,59.9,0,0,0,0,0,0,0,0,66
2025-09-29T13:05:53.400Z,59.6,21.1,1.931,50.4,0,59.9,0,0,0,0,0,0,0,0,66
2025-09-29T13:05:54.405Z,59.6,21.1,1.931,49.6,0,59.9,0,0,0,0,0,0,0,0,66
2025-09-29T13:05:55.407Z,59.6,21.1,1.931,50.4,0,59.9,0,0,0,0,0,0,0,0,66
2025-09-29T13:05:56.410Z,59.6,21.1,1.931,49.6,0,59.9,0,0,0,0,0,0,0,0,66
2025-09-29T13:05:57.409Z,59.6,21.1,1.931,49.6,0,59.9,0,0,0,0,0,0,0,0,66
2025-09-29T13:05:58.410Z,59.6,21.1,1.931,50.4,0,59.9,0,0,0,0,0,0,0,0,66
2025-09-29T13:05:59.410Z,59.6,21.1,1.931,50.4,0,59.9,0,0,0,0,0,0,0,0,66
2025-09-29T13:06:00.406Z,59.6,21.1,1.931,49.6,0,59.9,0,0,0,0,0,0,0,0,66
2025-09-29T13:06:01.411Z,59.6,21.1,1.931,50.4,0,59.9,0,0,0,0,0,0,0,0,66
2025-09-29T13:06:02.412Z,59.6,21.1,1.931,49.6,0,59.9,0,0,0,0,0,0,0,0,66
2025-09-29T13:06:03.411Z,59.6,21.1,1.931,50.4,0,59.9,0,0,0,0,0,0,0,0,66
2025-09-29T13:06:04.412Z,59.6,21.1,1.931,50.4,0,59.9,0,0,0,0,0,0,0,0,66
2025-09-29T13:06:05.412Z,59.6,21.1,1.931,49.6,0,59.9,0,0,0,0,0,0,0,0,66
2025-09-29T13:06:06.411Z,59.6,21.1,1.931,50.4,0,59.9,0,0,0,0,0,0,0,0,66
2025-09-29T13:06:07.413Z,59.6,21.1,1.931,49.6,0,59.9,0,0,0,0,0,0,0,0,66
2025-09-29T13:06:08.413Z,59.6,21.1,1.931,50.4,0,59.9,0,0,0,0,0,0,0,0,66
2025-09-29T13:06:09.416Z,59.6,21.1,1.931,49.6,0,59.9,0,0,0,0,0,0,0,0,66
2025-09-29T13:06:10.414Z,59.6,21.1,1.931,50.4,0,59.9,0,0,0,0,0,0,0,0,66
2025-09-29T13:06:11.414Z,59.6,21.1,1.931,49.6,0,59.9,0,0,0,0,0,0,0,0,66
2025-09-29T13:06:12.415Z,59.6,21.1,1.931,49.6,0,59.9,0,0,0,0,0,0,0,0,66
2025-09-29T13:06:13.416Z,59.6,21.1,1.931,50.4,0,59.9,0,0,0,0,0,0,0,0,66
2025-09-29T13:06:14.421Z,59.6,21.1,1.93,49.6,0,59.9,0,0,0,0,0,0,0,0,66
2025-09-29T13:06:15.419Z,59.6,21.1,1.93,50.4,0,59.9,0,0,0,0,0,0,0,0,66
2025-09-29T13:06:16.420Z,59.6,21.1,1.93,49.6,0,59.9,0,0,0,0,0,0,0,0,66
2025-09-29T13:06:17.425Z,59.6,21.1,1.93,49.6,0,59.9,0,0,0,0,0,0,0,0,66
2025-09-29T13:06:18.421Z,59.6,21.1,1.93,50.4,0,59.9,0,0,0,0,0,0,0,0,66
2025-09-29T13:06:19.429Z,59.6,21.1,1.931,49.6,0,59.9,0,0,0,0,0,0,0,0,66
2025-09-29T13:06:20.427Z,59.5,21.1,1.93,50.4,0,59.9,0,0,0,0,0,0,0,0,66
2025-09-29T13:06:21.428Z,59.5,21.1,1.93,50.4,0,59.9,0,0,0,0,0,0,0,0,66
2025-09-29T13:06:22.429Z,59.5,21.1,1.931,49.6,0,59.9,0,0,0,0,0,0,0,0,66
2025-09-29T13:06:23.426Z,59.5,21.1,1.93,50.4,0,59.9,0,0,0,0,0,0,0,0,66
2025-09-29T13:06:24.431Z,59.5,21.1,1.931,49.6,0,59.9,0,0,0,0,0,0,0,0,66
2025-09-29T13:06:25.430Z,59.5,21.1,1.931,50.4,0,59.9,0,0,0,0,0,0,0,0,66
2025-09-29T13:06:26.429Z,59.5,21.1,1.93,49.6,0,59.9,0,0,0,0,0,0,0,0,66
2025-09-29T13:06:27.428Z,59.5,21.1,1.93,50.4,0,59.9,0,0,0,0,0,0,0,0,66
2025-09-29T13:06:28.431Z,59.5,21.1,1.93,49.6,0,59.9,0,0,0,0,0,0,0,0,66
2025-09-29T13:06:29.430Z,59.5,21.1,1.931,50.4,0,59.9,0,0,0,0,0,0,0,0,66
2025-09-29T13:06:30.432Z,59.5,21.1,1.931,49.6,0,59.9,0,0,0,0,0,0,0,0,66
2025-09-29T13:06:31.431Z,59.5,21.1,1.931,50.4,0,59.9,0,0,0,0,0,0,0,0,66
2025-09-29T13:06:32.436Z,59.5,21.1,1.931,49.6,0,59.9,0,0,0,0,0,0,0,0,66
2025-09-29T13:06:33.432Z,59.5,21.1,1.931,50.4,0,59.9,0,0,0,0,0,0,0,0,66
2025-09-29T13:06:34.431Z,59.5,21.1,1.931,50.4,0,59.9,0,0,0,0,0,0,0,0,66
2025-09-29T13:06:35.430Z,59.5,21.1,1.931,49.6,0,59.9,0,0,0,0,0,0,0,0,66
2025-09-29T13:06:36.439Z,59.5,21.1,1.931,50.4,0,59.9,0,0,0,0,0,0,0,0,66
2025-09-29T13:06:37.441Z,59.5,21.1,1.931,49.6,0,59.9,0,0,0,0,0,0,0,0,66
2025-09-29T13:06:38.439Z,59.5,21.1,1.931,50.4,0,59.9,0,0,0,0,0,0,0,0,66
2025-09-29T13:06:39.443Z,59.5,21.1,1.931,49.6,0,59.9,0,0,0,0,0,0,0,0,66
2025-09-29T13:06:40.439Z,59.5,21.1,1.931,50.4,0,59.9,0,0,0,0,0,0,0,0,66
2025-09-29T13:06:41.440Z,59.5,21.1,1.931,49.6,0,59.9,0,0,0,0,0,0,0,0,66
2025-09-29T13:06:42.440Z,59.5,21.1,1.931,50.4,0,59.9,0,0,0,0,0,0,0,0,66
2025-09-29T13:06:43.439Z,59.5,21.1,1.931,49.6,0,59.9,0,0,0,0,0,0,0,0,66
2025-09-29T13:06:44.441Z,59.5,21.1,1.931,50.4,0,59.9,0,0,0,0,0,0,0,0,66
2025-09-29T13:06:45.445Z,59.5,21.1,1.931,49.6,0,59.9,0,0,0,0,0,0,0,0,66
2025-09-29T13:06:46.442Z,59.5,21.1,1.931,50.4,0,59.9,0,0,0,0,0,0,0,0,66
2025-09-29T13:06:47.441Z,59.5,21.1,1.931,49.6,0,59.9,0,0,0,0,0,0,0,0,66
2025-09-29T13:06:48.447Z,59.5,21.1,1.931,50.4,0,59.9,0,0,0,0,0,0,0,0,66
2025-09-29T13:06:49.446Z,59.5,21.1,1.932,49.6,0,59.9,0,0,0,0,0,0,0,0,66
2025-09-29T13:06:50.448Z,59.4,21.1,1.931,50.4,0,59.9,0,0,0,0,0,0,0,0,66
2025-09-29T13:06:51.450Z,59.4,21.1,1.932,49.6,0,59.9,0,0,0,0,0,0,0,0,66
2025-09-29T13:06:52.452Z,59.5,21.1,1.931,49.6,0,59.9,0,0,0,0,0,0,0,0,66
2025-09-29T13:06:53.454Z,59.4,21.1,1.932,49.6,0,59.9,0,0,0,0,0,0,0,0,66
2025-09-29T13:06:54.451Z,59.4,21.1,1.932,49.6,0,59.9,0,0,0,0,0,0,0,0,66
2025-09-29T13:06:55.454Z,59.4,21.1,1.931,50.4,0,59.9,0,0,0,0,0,0,0,0,66
2025-09-29T13:06:56.455Z,59.4,21.1,1.931,49.6,0,59.9,0,0,0,0,0,0,0,0,66
2025-09-29T13:06:57.460Z,59.4,21.1,1.931,50.4,0,59.9,0,0,0,0,0,0,0,0,66
2025-09-29T13:06:58.454Z,59.4,21.1,1.932,50.4,0,59.9,0,0,0,0,0,0,0,0,66
2025-09-29T13:06:59.457Z,59.4,21.1,1.931,49.6,0,59.9,0,0,0,0,0,0,0,0,66
2025-09-29T13:06:59.457Z,59.4,21.1,1.931,49.6,0,59.9,0,0,0,0,0,0,0,0,66
2025-09-29T13:07:01.454Z,59.4,21.1,1.932,50.4,0,59.9,0,0,0,0,0,0,0,0,66
2025-09-29T13:07:02.460Z,59.4,21.1,1.931,50.4,0,59.9,0,0,0,0,0,0,0,0,66
2025-09-29T13:07:03.459Z,59.4,21.1,1.931,50.4,0,59.9,0,0,0,0,0,0,0,0,66
2025-09-29T13:07:04.458Z,59.4,21.1,1.931,49.6,0,59.9,0,0,0,0,0,0,0,0,66
2025-09-29T13:07:05.460Z,59.4,21.1,1.931,50.4,0,59.9,0,0,0,0,0,0,0,0,66
2025-09-29T13:07:06.464Z,59.4,21.1,1.931,49.6,0,59.9,0,0,0,0,0,0,0,0,66
2025-09-29T13:07:07.460Z,59.4,21.1,1.931,49.6,0,59.9,0,0,0,0,0,0,0,0,66
2025-09-29T13:07:08.460Z,59.4,21.1,1.931,50.4,0,59.9,0,0,0,0,0,0,0,0,66
2025-09-29T13:07:09.464Z,59.4,21.1,1.931,49.6,0,59.9,0,0,0,0,0,0,0,0,66
2025-09-29T13:07:10.467Z,59.4,21.1,1.931,49.6,0,59.9,0,0,0,0,0,0,0,0,66
2025-09-29T13:07:11.464Z,59.4,21.1,1.931,50.4,0,59.9,0,0,0,0,0,0,0,0,66
2025-09-29T13:07:12.464Z,59.4,21.1,1.931,50.4,0,59.9,0,0,0,0,0,0,0,0,66
2025-09-29T13:07:13.464Z,59.4,21.1,1.931,49.6,0,59.9,0,0,0,0,0,0,0,0,66
2025-09-29T13:07:14.467Z,59.4,21.1,1.931,50.4,0,59.9,0,0,0,0,0,0,0,0,66
2025-09-29T13:07:15.466Z,59.4,21.1,1.931,49.6,0,59.9,0,0,0,0,0,0,0,0,66
2025-09-29T13:07:16.471Z,59.4,21.1,1.932,50.4,0,59.9,0,0,0,0,0,0,0,0,66
2025-09-29T13:07:17.471Z,59.4,21.1,1.931,49.6,0,59.9,0,0,0,0,0,0,0,0,66
2025-09-29T13:07:18.474Z,59.4,21.1,1.932,50.4,0,59.9,0,0,0,0,0,0,0,0,66
2025-09-29T13:07:19.474Z,59.4,21.1,1.932,49.6,0,59.9,0,0,0,0,0,0,0,0,66
2025-09-29T13:07:20.480Z,59.4,21.1,1.932,49.6,0,59.9,0,0,0,0,0,0,0,0,66
2025-09-29T13:07:21.477Z,59.4,21.1,1.932,50.4,0,59.9,0,0,0,0,0,0,0,0,66
2025-09-29T13:07:22.477Z,59.4,21.1,1.932,49.6,0,59.9,0,0,0,0,0,0,0,0,66
2025-09-29T13:07:23.477Z,59.4,21.1,1.932,49.6,0,59.9,0,0,0,0,0,0,0,0,66
2025-09-29T13:07:24.477Z,59.4,21.1,1.932,50.4,0,59.9,0,0,0,0,0,0,0,0,66
2025-09-29T13:07:25.481Z,59.4,21.1,1.932,49.6,0,59.9,0,0,0,0,0,0,0,0,66
2025-09-29T13:07:26.481Z,59.4,21.1,1.932,50.4,0,59.9,0,0,0,0,0,0,0,0,66
2025-09-29T13:07:27.481Z,59.4,21.1,1.932,50.4,0,59.9,0,0,0,0,0,0,0,0,66
2025-09-29T13:07:28.484Z,59.4,21.1,1.932,49.6,0,59.9,0,0,0,0,0,0,0,0,66
2025-09-29T13:07:29.482Z,59.4,21.1,1.932,50.4,0,59.9,0,0,0,0,0,0,0,0,66
2025-09-29T13:07:30.484Z,59.4,21.1,1.932,49.6,0,59.9,0,0,0,0,0,0,0,0,66
2025-09-29T13:07:31.481Z,59.4,21.1,1.932,50.4,0,59.9,0,0,0,0,0,0,0,0,66
2025-09-29T13:07:32.488Z,59.4,21.1,1.931,49.6,0,59.9,0,0,0,0,0,0,0,0,66
2025-09-29T13:07:33.484Z,59.4,21.1,1.932,50.4,0,59.9,0,0,0,0,0,0,0,0,66
2025-09-29T13:07:34.488Z,59.4,21.1,1.931,49.6,0,59.9,0,0,0,0,0,0,0,0,66
2025-09-29T13:07:35.488Z,59.4,21.1,1.931,49.6,0,59.9,0,0,0,0,0,0,0,0,66
2025-09-29T13:07:36.488Z,59.4,21.1,1.931,50.4,0,59.9,0,0,0,0,0,0,0,0,66
2025-09-29T13:07:37.488Z,59.4,21.1,1.931,49.6,0,59.9,0,0,0,0,0,0,0,0,66
2025-09-29T13:07:38.493Z,59.4,21.1,1.931,50.4,0,60,0,0,0,0,0,0,0,0,66
2025-09-29T13:07:39.491Z,59.4,21.1,1.931,50.4,0,59.9,0,0,0,0,0,0,0,0,66
2025-09-29T13:07:40.493Z,59.4,21.1,1.931,49.6,0,59.9,0,0,0,0,0,0,0,0,66
2025-09-29T13:07:41.494Z,59.4,21.1,1.931,50.4,0,59.9,0,0,0,0,0,0,0,0,66
2025-09-29T13:07:42.494Z,59.4,21.1,1.931,49.6,0,60,0,0,0,0,0,0,0,0,66
2025-09-29T13:07:43.495Z,59.4,21.1,1.931,50.4,0,60,0,0,0,0,0,0,0,0,66
2025-09-29T13:07:44.494Z,59.4,21.1,1.931,49.6,0,60,0,0,0,0,0,0,0,0,66
2025-09-29T13:07:45.499Z,59.4,21.1,1.931,49.6,0,60,0,0,0,0,0,0,0,0,66
2025-09-29T13:07:46.498Z,59.4,21.1,1.931,49.6,0,60,0,0,0,0,0,0,0,0,66
2025-09-29T13:07:47.498Z,59.4,21.1,1.931,50.4,0,60,0,0,0,0,0,0,0,0,66
2025-09-29T13:07:48.497Z,59.4,21.1,1.931,49.6,0,59.9,0,0,0,0,0,0,0,0,66
2025-09-29T13:07:49.499Z,59.4,21.1,1.931,49.6,0,59.9,0,0,0,0,0,0,0,0,66
2025-09-29T13:07:50.502Z,59.4,21.1,1.931,50.4,0,60,0,0,0,0,0,0,0,0,66
2025-09-29T13:07:51.506Z,59.4,21.1,1.931,49.6,0,60,0,0,0,0,0,0,0,0,66
2025-09-29T13:07:52.506Z,59.4,21.1,1.931,49.6,0,60,0,0,0,0,0,0,0,0,66
2025-09-29T13:07:53.505Z,59.4,21.1,1.931,50.4,0,60,0,0,0,0,0,0,0,0,66
2025-09-29T13:07:54.507Z,59.4,21.1,1.931,49.6,0,59.9,0,0,0,0,0,0,0,0,66
2025-09-29T13:07:55.509Z,59.4,21.1,1.931,49.6,0,60,0,0,0,0,0,0,0,0,66
2025-09-29T13:07:56.512Z,59.4,21.1,1.932,50.4,0,60,0,0,0,0,0,0,0,0,66
2025-09-29T13:07:57.514Z,59.4,21.1,1.932,49.6,0,60,0,0,0,0,0,0,0,0,66
2025-09-29T13:07:58.512Z,59.4,21.1,1.932,49.6,0,60,0,0,0,0,0,0,0,0,66
2025-09-29T13:07:59.512Z,59.4,21.1,1.932,50.4,0,60,0,0,0,0,0,0,0,0,66
2025-09-29T13:08:00.511Z,59.4,21.1,1.931,49.6,0,60,0,0,0,0,0,0,0,0,66
2025-09-29T13:08:01.511Z,59.4,21.1,1.932,49.6,0,60,0,0,0,0,0,0,0,0,66
2025-09-29T13:08:02.512Z,59.4,21.1,1.932,50.4,0,60,0,0,0,0,0,0,0,0,66
2025-09-29T13:08:03.513Z,59.4,21.1,1.932,49.6,0,60,0,0,0,0,0,0,0,0,66
2025-09-29T13:08:04.510Z,59.4,21.1,1.932,49.6,0,60,0,0,0,0,0,0,0,0,66
2025-09-29T13:08:05.515Z,59.4,21.1,1.932,50.4,0,60,0,0,0,0,0,0,0,0,66
2025-09-29T13:08:06.518Z,59.4,21.1,1.931,50.4,0,59.9,0,0,0,0,0,0,0,0,66
2025-09-29T13:08:07.521Z,59.4,21.1,1.932,49.6,0,60,0,0,0,0,0,0,0,0,66
2025-09-29T13:08:08.520Z,59.4,21.1,1.932,49.6,0,59.9,0,0,0,0,0,0,0,0,66
2025-09-29T13:08:09.516Z,59.4,21.1,1.931,50.4,0,59.9,0,0,0,0,0,0,0,0,66
2025-09-29T13:08:10.524Z,59.4,21.1,1.931,49.6,0,60,0,0,0,0,0,0,0,0,66
2025-09-29T13:08:11.527Z,59.4,21.1,1.931,49.6,0,60,0,0,0,0,0,0,0,0,66
2025-09-29T13:08:12.522Z,59.4,21.1,1.931,50.4,0,60,0,0,0,0,0,0,0,0,66
2025-09-29T13:08:13.524Z,59.4,21.1,1.932,50.4,0,60,0,0,0,0,0,0,0,0,66
2025-09-29T13:08:14.522Z,59.4,21.1,1.931,49.6,0,59.9,0,0,0,0,0,0,0,0,66
2025-09-29T13:08:15.528Z,59.4,21.1,1.931,50.4,0,60,0,0,0,0,0,0,0,0,66
2025-09-29T13:08:16.528Z,59.4,21.1,1.931,49.6,0,59.9,0,0,0,0,0,0,0,0,66
2025-09-29T13:08:17.527Z,59.4,21.1,1.931,50.4,0,59.9,0,0,0,0,0,0,0,0,66
2025-09-29T13:08:18.530Z,59.4,21.1,1.931,50.4,0,59.9,0,0,0,0,0,0,0,0,66
2025-09-29T13:08:19.527Z,59.4,21.1,1.931,49.6,0,59.9,0,0,0,0,0,0,0,0,66
2025-09-29T13:08:20.530Z,59.4,21.1,1.931,50.4,0,59.9,0,0,0,0,0,0,0,0,66
2025-09-29T13:08:21.528Z,59.4,21.1,1.931,50.4,0,60,0,0,0,0,0,0,0,0,66
2025-09-29T13:08:22.532Z,59.4,21.1,1.931,49.6,0,60,0,0,0,0,0,0,0,0,66
2025-09-29T13:08:23.536Z,59.4,21.1,1.931,50.4,0,59.9,0,0,0,0,0,0,0,0,66
2025-09-29T13:08:24.534Z,59.5,21.1,1.931,49.6,0,59.9,0,0,0,0,0,0,0,0,66
2025-09-29T13:08:25.534Z,59.5,21.1,1.931,50.4,0,59.9,0,0,0,0,0,0,0,0,66
2025-09-29T13:08:26.530Z,59.5,21.1,1.931,49.6,0,59.9,0,0,0,0,0,0,0,0,66
2025-09-29T13:08:27.534Z,59.5,21.1,1.931,49.6,0,59.9,0,0,0,0,0,0,0,0,66
2025-09-29T13:08:28.538Z,59.5,21.1,1.931,50.4,0,60,0,0,0,0,0,0,0,0,66
2025-09-29T13:08:29.537Z,59.5,21.1,1.93,50.4,0,59.9,0,0,0,0,0,0,0,0,66
2025-09-29T13:08:30.536Z,59.5,21.1,1.93,49.6,0,59.9,0,0,0,0,0,0,0,0,66
2025-09-29T13:08:31.538Z,59.5,21.1,1.931,50.4,0,59.9,0,0,0,0,0,0,0,0,66
2025-09-29T13:08:32.537Z,59.5,21.1,1.931,49.6,0,59.9,0,0,0,0,0,0,0,0,66
2025-09-29T13:08:33.542Z,59.5,21.1,1.931,50.4,0,60,0,0,0,0,0,0,0,0,66
2025-09-29T13:08:34.537Z,59.5,21.1,1.93,49.6,0,59.9,0,0,0,0,0,0,0,0,66
2025-09-29T13:08:35.545Z,59.5,21.1,1.931,49.6,0,59.9,0,0,0,0,0,0,0,0,66
2025-09-29T13:08:36.544Z,59.5,21.1,1.931,50.4,0,59.9,0,0,0,0,0,0,0,0,66
2025-09-29T13:08:37.542Z,59.5,21.1,1.931,49.6,0,59.9,0,0,0,0,0,0,0,0,66
2025-09-29T13:08:38.541Z,59.5,21.1,1.93,50.4,0,59.9,0,0,0,0,0,0,0,0,66
2025-09-29T13:08:39.541Z,59.5,21.1,1.931,49.6,0,59.9,0,0,0,0,0,0,0,0,66
2025-09-29T13:08:40.542Z,59.5,21.1,1.93,49.6,0,59.9,0,0,0,0,0,0,0,0,66
2025-09-29T13:08:41.543Z,59.5,21.1,1.93,50.4,0,59.9,0,0,0,0,0,0,0,0,66
2025-09-29T13:08:42.541Z,59.5,21.1,1.93,50.4,0,59.9,0,0,0,0,0,0,0,0,66
2025-09-29T13:08:43.544Z,59.5,21.1,1.93,49.6,0,59.9,0,0,0,0,0,0,0,0,66
2025-09-29T13:08:44.547Z,59.5,21.1,1.93,50.4,0,59.9,0,0,0,0,0,0,0,0,66
2025-09-29T13:08:45.547Z,59.5,21.1,1.93,49.6,0,59.9,0,0,0,0,0,0,0,0,66
2025-09-29T13:08:46.550Z,59.5,21.1,1.93,49.6,0,59.9,0,0,0,0,0,0,0,0,66
2025-09-29T13:08:47.549Z,59.5,21.1,1.93,50.4,0,59.9,0,0,0,0,0,0,0,0,66
2025-09-29T13:08:48.550Z,59.5,21.1,1.93,49.6,0,59.9,0,0,0,0,0,0,0,0,66
2025-09-29T13:08:49.556Z,59.5,21.1,1.931,49.6,0,59.9,0,0,0,0,0,0,0,0,66
2025-09-29T13:08:50.551Z,59.5,21.1,1.93,50.4,0,59.9,0,0,0,0,0,0,0,0,66
2025-09-29T13:08:51.554Z,59.5,21.1,1.931,50.4,0,59.9,0,0,0,0,0,0,0,0,66
2025-09-29T13:08:52.555Z,59.5,21.1,1.931,49.6,0,59.9,0,0,0,0,0,0,0,0,66
2025-09-29T13:08:53.559Z,59.5,21.1,1.931,50.4,0,59.9,0,0,0,0,0,0,0,0,66
2025-09-29T13:08:54.557Z,59.6,21.1,1.931,49.6,0,59.9,0,0,0,0,0,0,0,0,66
2025-09-29T13:08:55.559Z,59.6,21.1,1.931,50.4,0,59.9,0,0,0,0,0,0,0,0,66
2025-09-29T13:08:56.561Z,59.6,21.1,1.931,49.6,0,59.9,0,0,0,0,0,0,0,0,66
2025-09-29T13:08:57.561Z,59.6,21.1,1.931,50.4,0,59.9,0,0,0,0,0,0,0,0,66
2025-09-29T13:08:58.561Z,59.6,21.1,1.931,50.4,0,59.9,0,0,0,0,0,0,0,0,66
2025-09-29T13:08:59.562Z,59.6,21.1,1.931,49.6,0,59.9,0,0,0,0,0,0,0,0,66
2025-09-29T13:09:00.563Z,59.6,21.1,1.931,50.4,0,59.9,0,0,0,0,0,0,0,0,66
2025-09-29T13:09:01.563Z,59.6,21.1,1.931,49.6,0,59.9,0,0,0,0,0,0,0,0,66
2025-09-29T13:09:02.561Z,59.6,21.1,1.931,50.4,0,59.9,0,0,0,0,0,0,0,0,66
2025-09-29T13:09:03.563Z,59.6,21.1,1.931,49.6,0,59.9,0,0,0,0,0,0,0,0,66
2025-09-29T13:09:04.562Z,59.6,21.1,1.931,49.6,0,59.9,0,0,0,0,0,0,0,0,66
2025-09-29T13:09:05.567Z,59.6,21.1,1.93,50.4,0,59.9,0,0,0,0,0,0,0,0,66
2025-09-29T13:09:06.574Z,59.6,21.1,1.93,49.6,0,59.9,0,0,0,0,0,0,0,0,66
2025-09-29T13:09:07.567Z,59.6,21.1,1.931,49.6,0,59.9,0,0,0,0,0,0,0,0,66
2025-09-29T13:09:08.571Z,59.6,21.1,1.93,50.4,0,59.9,0,0,0,0,0,0,0,0,66
2025-09-29T13:09:09.571Z,59.6,21.1,1.93,49.6,0,59.9,0,0,0,0,0,0,0,0,66
2025-09-29T13:09:10.568Z,59.6,21.1,1.93,50.4,0,59.9,0,0,0,0,0,0,0,0,66
2025-09-29T13:09:11.571Z,59.6,21.1,1.93,50.4,0,59.9,0,0,0,0,0,0,0,0,66
2025-09-29T13:09:12.573Z,59.6,21.1,1.93,49.6,0,59.9,0,0,0,0,0,0,0,0,66
2025-09-29T13:09:13.573Z,59.6,21.1,1.93,50.4,0,59.9,0,0,0,0,0,0,0,0,66
2025-09-29T13:09:14.575Z,59.6,21.1,1.93,49.6,0,59.9,0,0,0,0,0,0,0,0,66
2025-09-29T13:09:15.578Z,59.6,21.1,1.93,50.4,0,59.9,0,0,0,0,0,0,0,0,66
2025-09-29T13:09:16.575Z,59.7,21.1,1.93,49.6,0,59.9,0,0,0,0,0,0,0,0,66
2025-09-29T13:09:17.580Z,59.7,21.1,1.93,50.4,0,59.9,0,0,0,0,0,0,0,0,66
2025-09-29T13:09:18.578Z,59.7,21.1,1.93,50.4,0,59.9,0,0,0,0,0,0,0,0,66
2025-09-29T13:09:19.581Z,59.7,21.1,1.93,49.6,0,59.9,0,0,0,0,0,0,0,0,66
2025-09-29T13:09:20.583Z,59.7,21.1,1.93,50.4,0,59.9,0,0,0,0,0,0,0,0,66
2025-09-29T13:09:21.579Z,59.7,21.1,1.93,49.6,0,59.9,0,0,0,0,0,0,0,0,66
2025-09-29T13:09:22.581Z,59.7,21.1,1.93,50.4,0,59.9,0,0,0,0,0,0,0,0,66
2025-09-29T13:09:23.584Z,59.7,21.1,1.931,49.6,0,59.9,0,0,0,0,0,0,0,0,66
2025-09-29T13:09:24.584Z,59.7,21.1,1.931,49.6,0,59.9,0,0,0,0,0,0,0,0,66
2025-09-29T13:09:25.586Z,59.7,21.1,1.93,49.6,0,59.9,0,0,0,0,0,0,0,0,66
2025-09-29T13:09:26.584Z,59.7,21.1,1.93,50.4,0,59.9,0,0,0,0,0,0,0,0,66
2025-09-29T13:09:27.587Z,59.7,21.1,1.931,49.6,0,59.9,0,0,0,0,0,0,0,0,66
2025-09-29T13:09:28.589Z,59.7,21.1,1.93,50.4,0,59.9,0,0,0,0,0,0,0,0,66
2025-09-29T13:09:29.584Z,59.7,21.1,1.929,49.6,0,59.9,0,0,0,0,0,0,0,0,66
2025-09-29T13:09:30.584Z,59.7,21.1,1.93,49.6,0,59.9,0,0,0,0,0,0,0,0,66
2025-09-29T13:09:31.587Z,59.7,21.1,1.93,50.4,0,59.9,0,0,0,0,0,0,0,0,66
2025-09-29T13:09:32.589Z,59.7,21.1,1.93,49.6,0,59.9,0,0,0,0,0,0,0,0,66
2025-09-29T13:09:33.589Z,59.7,21.1,1.93,50.4,0,59.9,0,0,0,0,0,0,0,0,66
2025-09-29T13:09:34.589Z,59.7,21.1,1.93,49.6,0,59.9,0,0,0,0,0,0,0,0,66
2025-09-29T13:09:35.588Z,59.7,21.1,1.93,49.6,0,59.9,0,0,0,0,0,0,0,0,66
2025-09-29T13:09:36.590Z,59.7,21.1,1.929,50.4,0,59.9,0,0,0,0,0,0,0,0,66
2025-09-29T13:09:37.587Z,59.8,21.1,1.929,49.6,0,59.9,0,0,0,0,0,0,0,0,66
2025-09-29T13:09:38.593Z,59.8,21.1,1.93,50.4,0,59.9,0,0,0,0,0,0,0,0,66
2025-09-29T13:09:39.590Z,59.8,21.1,1.929,50.4,0,59.9,0,0,0,0,0,0,0,0,66
2025-09-29T13:09:40.596Z,59.8,21.1,1.929,49.6,0,59.9,0,0,0,0,0,0,0,0,66
2025-09-29T13:09:41.597Z,59.8,21.1,1.93,50.4,0,59.9,0,0,0,0,0,0,0,0,66
2025-09-29T13:09:42.594Z,59.8,21.1,1.929,49.6,0,59.9,0,0,0,0,0,0,0,0,66
2025-09-29T13:09:43.599Z,59.8,21.1,1.928,50.4,0,59.9,0,0,0,0,0,0,0,0,66
2025-09-29T13:09:44.600Z,59.8,21.1,1.929,49.6,0,59.9,0,0,0,0,0,0,0,0,66
2025-09-29T13:09:45.601Z,59.8,21.1,1.928,50.4,0,59.9,0,0,0,0,0,0,0,0,66
2025-09-29T13:09:46.600Z,59.8,21.1,1.929,50.4,0,59.9,0,0,0,0,0,0,0,0,66
2025-09-29T13:09:47.602Z,59.8,21.1,1.929,49.6,0,59.9,0,0,0,0,0,0,0,0,66
2025-09-29T13:09:48.606Z,59.8,21.1,1.928,50.4,0,59.9,0,0,0,0,0,0,0,0,66
2025-09-29T13:09:49.601Z,59.8,21.1,1.93,49.6,0,59.9,0,0,0,0,0,0,0,0,66
2025-09-29T13:09:50.602Z,59.8,21.1,1.929,50.4,0,59.9,0,0,0,0,0,0,0,0,66
2025-09-29T13:09:51.607Z,59.8,21.1,1.928,49.6,0,59.9,0,0,0,0,0,0,0,0,66
2025-09-29T13:09:52.610Z,59.9,21.1,1.928,50.4,0,59.9,0,0,0,0,0,0,0,0,66
2025-09-29T13:09:53.605Z,59.9,21.1,1.928,49.6,0,59.9,0,0,0,0,0,0,0,0,66
2025-09-29T13:09:54.612Z,59.9,21.1,1.928,50.4,0,59.9,0,0,0,0,0,0,0,0,66
2025-09-29T13:09:55.612Z,59.9,21.1,1.928,49.6,0,59.9,0,0,0,0,0,0,0,0,66
2025-09-29T13:09:56.615Z,59.9,21.1,1.928,50.4,0,59.9,0,0,0,0,0,0,0,0,66
2025-09-29T13:09:57.613Z,59.9,21.1,1.928,49.6,0,59.9,0,0,0,0,0,0,0,0,66
2025-09-29T13:09:58.611Z,59.9,21.1,1.928,49.6,0,59.9,0,0,0,0,0,0,0,0,66
2025-09-29T13:09:59.617Z,59.9,21.1,1.928,49.6,0,59.9,0,0,0,0,0,0,0,0,66
2025-09-29T13:10:00.615Z,59.9,21.1,1.928,50.4,0,59.9,0,0,0,0,0,0,0,0,66
2025-09-29T13:10:01.612Z,59.9,21.1,1.928,49.6,0,59.9,0,0,0,0,0,0,0,0,66
2025-09-29T13:10:02.611Z,59.9,21.1,1.928,50.4,0,59.9,0,0,0,0,0,0,0,0,66
2025-09-29T13:10:03.611Z,59.9,21.1,1.928,50.4,0,59.9,0,0,0,0,0,0,0,0,66
2025-09-29T13:10:04.616Z,59.9,21.1,1.928,49.6,0,59.9,0,0,0,0,0,0,0,0,66
2025-09-29T13:10:05.613Z,59.9,21.1,1.928,49.6,0,59.9,0,0,0,0,0,0,0,0,66
2025-09-29T13:10:06.622Z,59.9,21.1,1.928,49.6,0,59.9,0,0,0,0,0,0,0,0,66
2025-09-29T13:10:07.616Z,59.9,21.1,1.928,50.4,0,59.9,0,0,0,0,0,0,0,0,66
2025-09-29T13:10:08.619Z,60,21.1,1.928,49.6,0,59.9,0,0,0,0,0,0,0,0,66
2025-09-29T13:10:09.620Z,60,21.1,1.928,50.4,0,59.9,0,0,0,0,0,0,0,0,66
2025-09-29T13:10:10.621Z,60,21.1,1.928,50.4,0,59.9,0,0,0,0,0,0,0,0,66
2025-09-29T13:10:11.620Z,60,21.1,1.927,49.6,0,59.9,0,0,0,0,0,0,0,0,66
2025-09-29T13:10:12.625Z,60,21.1,1.927,50.4,0,59.9,0,0,0,0,0,0,0,0,66
2025-09-29T13:10:13.621Z,60,21.1,1.927,49.6,0,59.9,0,0,0,0,0,0,0,0,66
2025-09-29T13:10:14.622Z,60,21.1,1.927,50.4,0,59.9,0,0,0,0,0,0,0,0,66
2025-09-29T13:10:15.629Z,60,21.1,1.927,49.6,0,59.9,0,0,0,0,0,0,0,0,66
2025-09-29T13:10:16.626Z,60,21.1,1.927,50.4,0,59.9,0,0,0,0,0,0,0,0,66
2025-09-29T13:10:17.629Z,60,21.1,1.927,49.6,0,59.9,0,0,0,0,0,0,0,0,66
2025-09-29T13:10:18.627Z,60,21.1,1.927,50.4,0,59.9,0,0,0,0,0,0,0,0,66
2025-09-29T13:10:19.631Z,60,21.1,1.926,49.6,0,59.9,0,0,0,0,0,0,0,0,66
2025-09-29T13:10:20.633Z,60,21.1,1.927,49.6,0,59.9,0,0,0,0,0,0,0,0,66
2025-09-29T13:10:21.636Z,60,21.1,1.928,50.4,0,59.9,0,0,0,0,0,0,0,0,66
2025-09-29T13:10:22.631Z,60,21.1,1.926,49.6,0,59.9,0,0,0,0,0,0,0,0,66
2025-09-29T13:10:23.632Z,60,21.1,1.926,50.4,0,59.9,0,0,0,0,0,0,0,0,66
2025-09-29T13:10:24.636Z,60.1,21.1,1.927,49.6,0,59.9,0,0,0,0,0,0,0,0,66
2025-09-29T13:10:25.637Z,60.1,21.1,1.926,49.6,0,59.9,0,0,0,0,0,0,0,0,66
2025-09-29T13:10:26.641Z,60.1,21.1,1.928,49.6,0,59.9,0,0,0,0,0,0,0,0,66
2025-09-29T13:10:27.643Z,60.1,21.1,1.927,50.4,0,59.9,0,0,0,0,0,0,0,0,66
2025-09-29T13:10:28.642Z,60.1,21.1,1.927,50.4,0,59.9,0,0,0,0,0,0,0,0,66
2025-09-29T13:10:29.640Z,60.1,21.1,1.926,49.6,0,59.9,0,0,0,0,0,0,0,0,66
2025-09-29T13:10:30.641Z,60.1,21.1,1.927,49.6,0,59.9,0,0,0,0,0,0,0,0,66
2025-09-29T13:10:31.640Z,60.1,21.1,1.927,49.6,0,59.9,0,0,0,0,0,0,0,0,66
2025-09-29T13:10:32.642Z,60.1,21.1,1.926,50.4,0,59.9,0,0,0,0,0,0,0,0,66
2025-09-29T13:10:33.642Z,60.1,21.1,1.927,50.4,0,59.9,0,0,0,0,0,0,0,0,66
2025-09-29T13:10:34.649Z,60.1,21.1,1.927,49.6,0,59.9,0,0,0,0,0,0,0,0,66
2025-09-29T13:10:35.647Z,60.1,21.1,1.927,50.4,0,59.9,0,0,0,0,0,0,0,0,66
2025-09-29T13:10:36.649Z,60.1,21.1,1.927,49.6,0,59.9,0,0,0,0,0,0,0,0,66
2025-09-29T13:10:37.647Z,60.2,21.1,1.927,50.4,0,59.9,0,0,0,0,0,0,0,0,66
2025-09-29T13:10:38.649Z,60.2,21.1,1.927,49.6,0,60,0,0,0,0,0,0,0,0,66
2025-09-29T13:10:39.651Z,60.2,21.1,1.927,49.6,0,60,0,0,0,0,0,0,0,0,66
2025-09-29T13:10:40.651Z,60.2,21.1,1.927,50.4,0,59.9,0,0,0,0,0,0,0,0,66
2025-09-29T13:10:41.652Z,60.2,21.1,1.927,49.6,0,60,0,0,0,0,0,0,0,0,66
2025-09-29T13:10:42.651Z,60.2,21.1,1.927,49.6,0,60,0,0,0,0,0,0,0,0,66
2025-09-29T13:10:43.653Z,60.2,21.1,1.927,50.4,0,60,0,0,0,0,0,0,0,0,66
2025-09-29T13:10:44.655Z,60.2,21.1,1.927,49.6,0,59.9,0,0,0,0,0,0,0,0,66
2025-09-29T13:10:45.655Z,60.2,21.1,1.927,49.6,0,59.9,0,0,0,0,0,0,0,0,66
2025-09-29T13:10:46.658Z,60.2,21.1,1.927,50.4,0,59.9,0,0,0,0,0,0,0,0,66
2025-09-29T13:10:47.653Z,60.2,21.1,1.927,49.6,0,59.9,0,0,0,0,0,0,0,0,66
2025-09-29T13:10:48.658Z,60.2,21.1,1.927,50.4,0,60,0,0,0,0,0,0,0,0,66
2025-09-29T13:10:49.662Z,60.2,21.1,1.927,50.4,0,59.9,0,0,0,0,0,0,0,0,66
2025-09-29T13:10:50.657Z,60.3,21.1,1.927,49.6,0,59.9,0,0,0,0,0,0,0,0,66
2025-09-29T13:10:51.659Z,60.3,21.1,1.927,50.4,0,59.9,0,0,0,0,0,0,0,0,66
2025-09-29T13:10:52.664Z,60.3,21.1,1.927,49.6,0,59.9,0,0,0,0,0,0,0,0,66
2025-09-29T13:10:53.663Z,60.3,21.1,1.926,50.4,0,60,0,0,0,0,0,0,0,0,66
2025-09-29T13:10:54.664Z,60.3,21.1,1.926,49.6,0,60,0,0,0,0,0,0,0,0,66
2025-09-29T13:10:55.668Z,60.3,21.1,1.926,49.6,0,60,0,0,0,0,0,0,0,0,66
2025-09-29T13:10:56.669Z,60.3,21.1,1.926,50.4,0,60,0,0,0,0,0,0,0,0,66
2025-09-29T13:10:57.669Z,60.3,21.1,1.926,49.6,0,60,0,0,0,0,0,0,0,0,66
2025-09-29T13:10:58.668Z,60.3,21.1,1.926,50.4,0,59.9,0,0,0,0,0,0,0,0,66
2025-09-29T13:10:59.673Z,60.3,21.1,1.926,49.6,0,60,0,0,0,0,0,0,0,0,66
2025-09-29T13:11:00.668Z,60.3,21.1,1.926,49.6,0,60,0,0,0,0,0,0,0,0,66
2025-09-29T13:11:01.669Z,60.3,21.1,1.926,50.4,0,60,0,0,0,0,0,0,0,0,66
2025-09-29T13:11:02.672Z,60.3,21.1,1.926,49.6,0,59.9,0,0,0,0,0,0,0,0,66
2025-09-29T13:11:03.671Z,60.3,21.1,1.926,50.4,0,60,0,0,0,0,0,0,0,0,66
2025-09-29T13:11:04.670Z,60.3,21.1,1.926,49.6,0,60,0,0,0,0,0,0,0,0,66
2025-09-29T13:11:05.677Z,60.4,21.1,1.926,49.6,0,59.9,0,0,0,0,0,0,0,0,66
2025-09-29T13:11:06.679Z,60.4,21.1,1.926,50.4,0,60,0,0,0,0,0,0,0,0,66
2025-09-29T13:11:07.678Z,60.4,21.1,1.925,50.4,0,60,0,0,0,0,0,0,0,0,66
2025-09-29T13:11:08.673Z,60.4,21.1,1.925,49.6,0,60,0,0,0,0,0,0,0,0,66
2025-09-29T13:11:09.672Z,60.4,21.1,1.926,50.4,0,60,0,0,0,0,0,0,0,0,66
2025-09-29T13:11:10.678Z,60.4,21.1,1.925,49.6,0,60,0,0,0,0,0,0,0,0,66
2025-09-29T13:11:11.673Z,60.4,21.1,1.926,50.4,0,60,0,0,0,0,0,0,0,0,66
2025-09-29T13:11:12.678Z,60.4,21.1,1.925,49.6,0,60,0,0,0,0,0,0,0,0,66
2025-09-29T13:11:13.682Z,60.4,21.1,1.925,49.6,0,60,0,0,0,0,0,0,0,0,66
2025-09-29T13:11:14.681Z,60.4,21.1,1.925,50.4,0,60,0,0,0,0,0,0,0,0,66
2025-09-29T13:11:15.683Z,60.4,21.1,1.925,50.4,0,60,0,0,0,0,0,0,0,0,66
2025-09-29T13:11:16.686Z,60.5,21.1,1.925,49.6,0,60,0,0,0,0,0,0,0,0,66
2025-09-29T13:11:17.683Z,60.5,21.1,1.925,50.4,0,60,0,0,0,0,0,0,0,0,66
2025-09-29T13:11:18.680Z,60.5,21.1,1.925,49.6,0,60,0,0,0,0,0,0,0,0,66
2025-09-29T13:11:19.683Z,60.5,21.1,1.925,50.4,0,60,0,0,0,0,0,0,0,0,66
2025-09-29T13:11:20.687Z,60.5,21.1,1.925,49.6,0,60,0,0,0,0,0,0,0,0,66
2025-09-29T13:11:21.683Z,60.5,21.1,1.925,50.4,0,60,0,0,0,0,0,0,0,0,66
2025-09-29T13:11:22.687Z,60.5,21.1,1.925,50.4,0,60,0,0,0,0,0,0,0,0,66
2025-09-29T13:11:23.685Z,60.5,21.1,1.925,49.6,0,60,0,0,0,0,0,0,0,0,66
2025-09-29T13:11:24.690Z,60.5,21.1,1.925,50.4,0,60,0,0,0,0,0,0,0,0,66
2025-09-29T13:11:25.691Z,60.5,21.1,1.925,49.6,0,60,0,0,0,0,0,0,0,0,66
2025-09-29T13:11:26.691Z,60.5,21.1,1.925,49.6,0,60,0,0,0,0,0,0,0,0,66
2025-09-29T13:11:27.690Z,60.5,21.1,1.925,49.6,0,60,0,0,0,0,0,0,0,0,66
2025-09-29T13:11:28.691Z,60.5,21.1,1.925,50.4,0,60,0,0,0,0,0,0,0,0,66
2025-09-29T13:11:29.697Z,60.5,21.1,1.925,50.4,0,60,0,0,0,0,0,0,0,0,66
2025-09-29T13:11:30.690Z,60.5,21.1,1.924,49.6,0,60,0,0,0,0,0,0,0,0,66
2025-09-29T13:11:31.697Z,60.6,21.1,1.925,49.6,0,60,0,0,0,0,0,0,0,0,66
2025-09-29T13:11:32.694Z,60.6,21.1,1.925,49.6,0,60,0,0,0,0,0,0,0,0,66
2025-09-29T13:11:33.694Z,60.6,21.1,1.924,50.4,0,60,0,0,0,0,0,0,0,0,66
2025-09-29T13:11:34.696Z,60.6,21.1,1.924,49.6,0,60,0,0,0,0,0,0,0,0,66
2025-09-29T13:11:35.697Z,60.6,21.1,1.924,49.6,0,60,0,0,0,0,0,0,0,0,66
2025-09-29T13:11:36.696Z,60.6,21.1,1.924,50.4,0,60,0,0,0,0,0,0,0,0,66
2025-09-29T13:11:37.700Z,60.6,21.1,1.924,49.6,0,60,0,0,0,0,0,0,0,0,66
2025-09-29T13:11:38.699Z,60.6,21.1,1.923,49.6,0,60,0,0,0,0,0,0,0,0,66
2025-09-29T13:11:39.700Z,60.6,21.1,1.924,50.4,0,60,0,0,0,0,0,0,0,0,66
2025-09-29T13:11:40.700Z,60.6,21.1,1.924,49.6,0,60,0,0,0,0,0,0,0,0,66
2025-09-29T13:11:41.701Z,60.6,21.1,1.924,50.4,0,60,0,0,0,0,0,0,0,0,66
2025-09-29T13:11:42.704Z,60.6,21.1,1.924,50.4,0,60,0,0,0,0,0,0,0,0,66
2025-09-29T13:11:43.706Z,60.6,21.1,1.925,49.6,0,60,0,0,0,0,0,0,0,0,66
2025-09-29T13:11:44.703Z,60.6,21.1,1.924,50.4,0,60,0,0,0,0,0,0,0,0,66
2025-09-29T13:11:45.706Z,60.6,21.1,1.923,49.6,0,60,0,0,0,0,0,0,0,0,66
2025-09-29T13:11:46.709Z,60.7,21.1,1.924,49.6,0,60,0,0,0,0,0,0,0,0,66
2025-09-29T13:11:47.708Z,60.7,21.1,1.924,50.4,0,60,0,0,0,0,0,0,0,0,66
2025-09-29T13:11:48.706Z,60.7,21.1,1.924,49.6,0,60,0,0,0,0,0,0,0,0,66
2025-09-29T13:11:49.709Z,60.7,21.1,1.923,49.6,0,60,0,0,0,0,0,0,0,0,66
2025-09-29T13:11:50.713Z,60.7,21.1,1.925,50.4,0,60,0,0,0,0,0,0,0,0,66
2025-09-29T13:11:51.715Z,60.7,21.1,1.924,50.4,0,60,0,0,0,0,0,0,0,0,66
2025-09-29T13:11:52.712Z,60.7,21.1,1.924,49.6,0,60,0,0,0,0,0,0,0,0,66
2025-09-29T13:11:53.715Z,60.7,21.1,1.924,50.4,0,60,0,0,0,0,0,0,0,0,66
2025-09-29T13:11:54.714Z,60.7,21.1,1.924,49.6,0,60,0,0,0,0,0,0,0,0,66
2025-09-29T13:11:55.718Z,60.7,21.1,1.924,50.4,0,60,0,0,0,0,0,0,0,0,66
2025-09-29T13:11:56.716Z,60.7,21.1,1.924,49.6,0,60,0,0,0,0,0,0,0,0,66
2025-09-29T13:11:57.715Z,60.7,21.1,1.924,49.6,0,60,0,0,0,0,0,0,0,0,66
2025-09-29T13:11:58.722Z,60.7,21.1,1.924,50.4,0,60,0,0,0,0,0,0,0,0,66
2025-09-29T13:11:59.724Z,60.7,21.1,1.924,49.6,0,60,0,0,0,0,0,0,0,0,66
2025-09-29T13:12:00.716Z,60.7,21.1,1.924,50.4,0,60,0,0,0,0,0,0,0,0,66
2025-09-29T13:12:01.722Z,60.7,21.1,1.924,49.6,0,60,0,0,0,0,0,0,0,0,66
2025-09-29T13:12:02.717Z,60.8,21.1,1.924,50.4,0,60,0,0,0,0,0,0,0,0,66
2025-09-29T13:12:03.719Z,60.8,21.1,1.924,50.4,0,60,0,0,0,0,0,0,0,0,66
2025-09-29T13:12:04.719Z,60.8,21.1,1.924,49.6,0,60,0,0,0,0,0,0,0,0,66
2025-09-29T13:12:05.724Z,60.8,21.1,1.924,50.4,0,60,0,0,0,0,0,0,0,0,66
2025-09-29T13:12:06.722Z,60.8,21.1,1.924,49.6,0,60,0,0,0,0,0,0,0,0,66
2025-09-29T13:12:07.724Z,60.8,21.1,1.924,50.4,0,60,0,0,0,0,0,0,0,0,66
2025-09-29T13:12:08.725Z,60.8,21.1,1.924,49.6,0,60,0,0,0,0,0,0,0,0,66
2025-09-29T13:12:09.729Z,60.8,21.1,1.924,50.4,0,60,0,0,0,0,0,0,0,0,66
2025-09-29T13:12:10.725Z,60.8,21.1,1.924,49.6,0,60,0,0,0,0,0,0,0,0,66
2025-09-29T13:12:11.732Z,60.8,21.1,1.923,50.4,0,60,0,0,0,0,0,0,0,0,66
2025-09-29T13:12:12.735Z,60.8,21.1,1.923,49.6,0,60,0,0,0,0,0,0,0,0,66
2025-09-29T13:12:13.732Z,60.8,21.1,1.924,49.6,0,60,0,0,0,0,0,0,0,0,66
2025-09-29T13:12:14.730Z,60.8,21.1,1.924,50.4,0,60,0,0,0,0,0,0,0,0,66
2025-09-29T13:12:15.734Z,60.8,21.1,1.924,49.6,0,60,0,0,0,0,0,0,0,0,66
2025-09-29T13:12:16.734Z,60.8,21.1,1.924,50.4,0,60,0,0,0,0,0,0,0,0,66
2025-09-29T13:12:17.735Z,60.8,21.1,1.924,50.4,0,60,0,0,0,0,0,0,0,0,66
2025-09-29T13:12:18.742Z,60.8,21.1,1.923,49.6,0,60,0,0,0,0,0,0,0,0,66
2025-09-29T13:12:19.740Z,60.8,21.1,1.923,50.4,0,60,0,0,0,0,0,0,0,0,66
2025-09-29T13:12:20.740Z,60.9,21.1,1.923,49.6,0,60,0,0,0,0,0,0,0,0,66
2025-09-29T13:12:21.744Z,60.9,21.1,1.923,50.4,0,60,0,0,0,0,0,0,0,0,66
2025-09-29T13:12:22.740Z,60.9,21.1,1.923,49.6,0,60,0,0,0,0,0,0,0,0,66
2025-09-29T13:12:23.739Z,60.9,21.1,1.923,50.4,0,60,0,0,0,0,0,0,0,0,66
2025-09-29T13:12:24.740Z,60.9,21.1,1.923,49.6,0,60,0,0,0,0,0,0,0,0,66
2025-09-29T13:12:25.742Z,60.9,21.1,1.923,49.6,0,60,0,0,0,0,0,0,0,0,66
2025-09-29T13:12:26.744Z,60.9,21.1,1.923,50.4,0,60,0,0,0,0,0,0,0,0,66
2025-09-29T13:12:27.747Z,60.9,21.1,1.923,49.6,0,60,0,0,0,0,0,0,0,0,66
2025-09-29T13:12:28.748Z,60.9,21.1,1.923,50.4,0,60,0,0,0,0,0,0,0,0,66
2025-09-29T13:12:29.747Z,60.9,21.1,1.923,49.6,0,60,0,0,0,0,0,0,0,0,66
2025-09-29T13:12:30.750Z,60.9,21.1,1.923,49.6,0,60,0,0,0,0,0,0,0,0,66
2025-09-29T13:12:31.753Z,60.9,21.1,1.923,50.4,0,60,0,0,0,0,0,0,0,0,66
2025-09-29T13:12:32.753Z,60.9,21.1,1.923,49.6,0,60,0,0,0,0,0,0,0,0,66
2025-09-29T13:12:33.750Z,60.9,21.1,1.923,50.4,0,60,0,0,0,0,0,0,0,0,66
2025-09-29T13:12:34.750Z,60.9,21.1,1.923,49.6,0,60,0,0,0,0,0,0,0,0,66
2025-09-29T13:12:35.749Z,60.9,21.1,1.923,49.6,0,60,0,0,0,0,0,0,0,0,66
2025-09-29T13:12:36.750Z,60.9,21.1,1.923,50.4,0,60,0,0,0,0,0,0,0,0,66
2025-09-29T13:12:37.763Z,60.9,21.1,1.923,49.6,0,60,0,0,0,0,0,0,0,0,66
2025-09-29T13:12:38.754Z,60.9,21.1,1.923,50.4,0,60,0,0,0,0,0,0,0,0,66
2025-09-29T13:12:39.755Z,61,21.1,1.923,49.6,0,60,0,0,0,0,0,0,0,0,66
2025-09-29T13:12:40.760Z,61,21.1,1.923,50.4,0,60,0,0,0,0,0,0,0,0,66
2025-09-29T13:12:41.755Z,61,21.1,1.923,49.6,0,60,0,0,0,0,0,0,0,0,66
2025-09-29T13:12:42.757Z,61,21.1,1.923,49.6,0,60,0,0,0,0,0,0,0,0,66
2025-09-29T13:12:43.763Z,61,21.1,1.923,50.4,0,60,0,0,0,0,0,0,0,0,66
2025-09-29T13:12:44.761Z,61,21.1,1.923,49.6,0,60,0,0,0,0,0,0,0,0,66
2025-09-29T13:12:45.763Z,61,21.1,1.923,50.4,0,60,0,0,0,0,0,0,0,0,66
2025-09-29T13:12:46.762Z,61,21.1,1.923,49.6,0,60,0,0,0,0,0,0,0,0,66
2025-09-29T13:12:47.763Z,61,21.1,1.923,50.4,0,60,0,0,0,0,0,0,0,0,66
2025-09-29T13:12:48.761Z,61,21.1,1.923,49.6,0,60,0,0,0,0,0,0,0,0,66
2025-09-29T13:12:49.765Z,61,21.1,1.923,49.6,0,60,0,0,0,0,0,0,0,0,66
2025-09-29T13:12:50.762Z,61,21.1,1.923,50.4,0,60,0,0,0,0,0,0,0,0,66
2025-09-29T13:12:51.769Z,61,21.1,1.923,50.4,0,60,0,0,0,0,0,0,0,0,66
2025-09-29T13:12:52.769Z,61,21.1,1.923,49.6,0,60,0,0,0,0,0,0,0,0,66
2025-09-29T13:12:53.774Z,61,21.1,1.923,49.6,0,60,0,0,0,0,0,0,0,0,66
2025-09-29T13:12:54.767Z,61,21.1,1.923,49.6,0,60,0,0,0,0,0,0,0,0,66
2025-09-29T13:12:55.776Z,61,21.1,1.923,49.6,0,60,0,0,0,0,0,0,0,0,66
2025-09-29T13:12:56.773Z,61,21.1,1.923,50.4,0,60,0,0,0,0,0,0,0,0,66
2025-09-29T13:12:57.778Z,61,21.1,1.923,49.6,0,60,0,0,0,0,0,0,0,0,66
2025-09-29T13:12:58.774Z,61,21.1,1.923,49.6,0,60,0,0,0,0,0,0,0,0,66
2025-09-29T13:12:59.776Z,61,21.1,1.923,50.4,0,60,0,0,0,0,0,0,0,0,66
2025-09-29T13:13:00.773Z,61,21.1,1.923,49.6,0,60,0,0,0,0,0,0,0,0,66
2025-09-29T13:13:01.776Z,61,21.1,1.923,50.4,0,60,0,0,0,0,0,0,0,0,66
2025-09-29T13:13:02.779Z,61,21.1,1.923,50.4,0,60,0,0,0,0,0,0,0,0,66
2025-09-29T13:13:03.780Z,61,21.1,1.923,49.6,0,60,0,0,0,0,0,0,0,0,66
2025-09-29T13:13:04.784Z,61,21.1,1.923,50.4,0,60,0,0,0,0,0,0,0,0,66
2025-09-29T13:13:05.786Z,61,21.1,1.923,50.4,0,60,0,0,0,0,0,0,0,0,66
2025-09-29T13:13:06.778Z,61.1,21.1,1.923,49.6,0,60,0,0,0,0,0,0,0,0,66
2025-09-29T13:13:07.779Z,61,21.1,1.923,50.4,0,60,0,0,0,0,0,0,0,0,66
2025-09-29T13:13:08.785Z,61,21.1,1.923,49.6,0,60,0,0,0,0,0,0,0,0,66
2025-09-29T13:13:09.780Z,61.1,21.1,1.923,50.4,0,60,0,0,0,0,0,0,0,0,66
2025-09-29T13:13:10.788Z,61.1,21.1,1.923,49.6,0,60,0,0,0,0,0,0,0,0,66
2025-09-29T13:13:11.791Z,61.1,21.1,1.923,49.6,0,60,0,0,0,0,0,0,0,0,66
2025-09-29T13:13:12.789Z,61.1,21.1,1.923,50.4,0,60,0,0,0,0,0,0,0,0,66
2025-09-29T13:13:13.791Z,61.1,21.1,1.923,49.6,0,60,0,0,0,0,0,0,0,0,66
2025-09-29T13:13:14.784Z,61.1,21.1,1.923,49.6,0,60,0,0,0,0,0,0,0,0,66
2025-09-29T13:13:15.790Z,61.1,21.1,1.923,50.4,0,60,0,0,0,0,0,0,0,0,66
2025-09-29T13:13:16.784Z,61.1,21.1,1.923,50.4,0,60,0,0,0,0,0,0,0,0,66
2025-09-29T13:13:17.786Z,61.1,21.1,1.923,49.6,0,60,0,0,0,0,0,0,0,0,66
2025-09-29T13:13:18.791Z,61.1,21.1,1.923,50.4,0,60,0,0,0,0,0,0,0,0,66
2025-09-29T13:13:19.789Z,61.1,21.1,1.923,49.6,0,60,0,0,0,0,0,0,0,0,66
2025-09-29T13:13:20.790Z,61.1,21.1,1.923,49.6,0,60,0,0,0,0,0,0,0,0,66
2025-09-29T13:13:21.795Z,61.1,21.1,1.922,50.4,0,60,0,0,0,0,0,0,0,0,66
2025-09-29T13:13:22.797Z,61.1,21.1,1.922,50.4,0,60,0,0,0,0,0,0,0,0,66
2025-09-29T13:13:23.797Z,61.1,21.1,1.922,49.6,0,60,0,0,0,0,0,0,0,0,66
2025-09-29T13:13:24.795Z,61.1,21.1,1.923,50.4,0,60,0,0,0,0,0,0,0,0,66
2025-09-29T13:13:25.802Z,61.1,21.1,1.923,49.6,0,60,0,0,0,0,0,0,0,0,66
2025-09-29T13:13:26.796Z,61.1,21.1,1.923,49.6,0,59.9,0,0,0,0,0,0,0,0,66
2025-09-29T13:13:27.801Z,61.1,21.1,1.922,50.4,0,60,0,0,0,0,0,0,0,0,66
2025-09-29T13:13:28.802Z,61.1,21.1,1.923,49.6,0,59.9,0,0,0,0,0,0,0,0,66
2025-09-29T13:13:29.800Z,61.1,21.1,1.922,50.4,0,60,0,0,0,0,0,0,0,0,66
2025-09-29T13:13:30.802Z,61.1,21.1,1.922,50.4,0,59.9,0,0,0,0,0,0,0,0,66
2025-09-29T13:13:31.801Z,61.1,21.1,1.922,49.6,0,60,0,0,0,0,0,0,0,0,66
2025-09-29T13:13:32.806Z,61.1,21.1,1.922,50.4,0,60,0,0,0,0,0,0,0,0,66
2025-09-29T13:13:33.807Z,61.1,21.1,1.922,49.6,0,60,0,0,0,0,0,0,0,0,66
2025-09-29T13:13:34.807Z,61.1,21.1,1.922,50.4,0,60,0,0,0,0,0,0,0,0,66
2025-09-29T13:13:35.802Z,61.1,21.1,1.922,49.6,0,60,0,0,0,0,0,0,0,0,66
2025-09-29T13:13:36.808Z,61.1,21.1,1.922,49.6,0,60,0,0,0,0,0,0,0,0,66
2025-09-29T13:13:37.805Z,61.1,21.1,1.922,50.4,0,60,0,0,0,0,0,0,0,0,66
2025-09-29T13:13:38.807Z,61.1,21.1,1.922,49.6,0,60,0,0,0,0,0,0,0,0,66
2025-09-29T13:13:39.810Z,61.1,21.1,1.922,50.4,0,60,0,0,0,0,0,0,0,0,66
2025-09-29T13:13:40.812Z,61.1,21.1,1.922,50.4,0,60,0,0,0,0,0,0,0,0,66
2025-09-29T13:13:41.810Z,61.1,21.1,1.923,49.6,0,60,0,0,0,0,0,0,0,0,66
2025-09-29T13:13:42.810Z,61.1,21.1,1.923,50.4,0,60,0,0,0,0,0,0,0,0,66
2025-09-29T13:13:43.810Z,61.1,21.1,1.922,49.6,0,60,0,0,0,0,0,0,0,0,66
2025-09-29T13:13:44.818Z,61.1,21.1,1.922,50.4,0,60,0,0,0,0,0,0,0,0,66
2025-09-29T13:13:45.817Z,61.1,21.1,1.923,49.6,0,60,0,0,0,0,0,0,0,0,66
2025-09-29T13:13:46.817Z,61.1,21.1,1.922,50.4,0,60,0,0,0,0,0,0,0,0,66
2025-09-29T13:13:47.814Z,61.1,21.1,1.922,49.6,0,60,0,0,0,0,0,0,0,0,66
2025-09-29T13:13:48.818Z,61.1,21.1,1.923,49.6,0,60,0,0,0,0,0,0,0,0,66
2025-09-29T13:13:49.816Z,61.1,21.1,1.922,50.4,0,60,0,0,0,0,0,0,0,0,66
2025-09-29T13:13:50.820Z,61.1,21.1,1.923,49.6,0,60,0,0,0,0,0,0,0,0,66
2025-09-29T13:13:51.820Z,61.1,21.1,1.922,50.4,0,60,0,0,0,0,0,0,0,0,66
2025-09-29T13:13:52.820Z,61.1,21.1,1.922,50.4,0,60,0,0,0,0,0,0,0,0,66
2025-09-29T13:13:53.823Z,61.1,21.1,1.923,49.6,0,60,0,0,0,0,0,0,0,0,66
2025-09-29T13:13:54.828Z,61.1,21.1,1.923,49.6,0,60,0,0,0,0,0,0,0,0,66
2025-09-29T13:13:55.825Z,61.1,21.1,1.923,50.4,0,60,0,0,0,0,0,0,0,0,66
2025-09-29T13:13:56.826Z,61.1,21.1,1.923,50.4,0,60,0,0,0,0,0,0,0,0,66
2025-09-29T13:13:57.825Z,61.1,21.1,1.922,49.6,0,60,0,0,0,0,0,0,0,0,66
2025-09-29T13:13:58.830Z,61.1,21.1,1.923,50.4,0,60,0,0,0,0,0,0,0,0,66
2025-09-29T13:13:59.835Z,61.1,21.1,1.923,49.6,0,60,0,0,0,0,0,0,0,0,66
2025-09-29T13:14:00.826Z,61.1,21.1,1.923,50.4,0,60,0,0,0,0,0,0,0,0,66
2025-09-29T13:14:01.833Z,61.1,21.1,1.923,49.6,0,60,0,0,0,0,0,0,0,0,66
2025-09-29T13:14:02.831Z,61.1,21.1,1.923,50.4,0,60,0,0,0,0,0,0,0,0,66
2025-09-29T13:14:03.832Z,61.1,21.1,1.923,49.6,0,60,0,0,0,0,0,0,0,0,66
2025-09-29T13:14:04.834Z,61.1,21.1,1.923,50.4,0,60,0,0,0,0,0,0,0,0,66
2025-09-29T13:14:05.837Z,61.1,21.1,1.923,49.6,0,60,0,0,0,0,0,0,0,0,66
2025-09-29T13:14:06.834Z,61.1,21.1,1.923,50.4,0,60,0,0,0,0,0,0,0,0,66
2025-09-29T13:14:07.832Z,61.1,21.1,1.923,49.6,0,60,0,0,0,0,0,0,0,0,66
2025-09-29T13:14:08.835Z,61.1,21.1,1.923,50.4,0,60,0,0,0,0,0,0,0,0,66
2025-09-29T13:14:09.842Z,61.1,21.1,1.923,49.6,0,60,0,0,0,0,0,0,0,0,66
2025-09-29T13:14:10.837Z,61,21.1,1.923,49.6,0,60,0,0,0,0,0,0,0,0,66
2025-09-29T13:14:11.837Z,61,21.1,1.923,49.6,0,60,0,0,0,0,0,0,0,0,66
2025-09-29T13:14:12.841Z,61,21.1,1.923,50.4,0,60,0,0,0,0,0,0,0,0,66
2025-09-29T13:14:13.839Z,61.1,21.1,1.923,49.6,0,60,0,0,0,0,0,0,0,0,66
2025-09-29T13:14:14.842Z,61,21.1,1.923,50.4,0,60,0,0,0,0,0,0,0,0,66
2025-09-29T13:14:15.841Z,61,21.1,1.923,50.4,0,60,0,0,0,0,0,0,0,0,66
2025-09-29T13:14:16.840Z,61,21.1,1.923,49.6,0,60,0,0,0,0,0,0,0,0,66
2025-09-29T13:14:17.842Z,61,21.1,1.923,49.6,0,60,0,0,0,0,0,0,0,0,66
2025-09-29T13:14:18.842Z,61,21.1,1.923,50.4,0,60,0,0,0,0,0,0,0,0,66
2025-09-29T13:14:19.845Z,61,21.1,1.923,50.4,0,60,0,0,0,0,0,0,0,0,66
2025-09-29T13:14:20.844Z,61,21.1,1.923,49.6,0,60,0,0,0,0,0,0,0,0,66
2025-09-29T13:14:21.846Z,61,21.1,1.923,49.6,0,60,0,0,0,0,0,0,0,0,66
2025-09-29T13:14:22.847Z,61,21.1,1.923,49.6,0,60,0,0,0,0,0,0,0,0,66
2025-09-29T13:14:23.850Z,61,21.1,1.923,50.4,0,60,0,0,0,0,0,0,0,0,66
2025-09-29T13:14:24.856Z,61,21.1,1.923,49.6,0,60,0,0,0,0,0,0,0,0,66
2025-09-29T13:14:25.855Z,61,21.1,1.923,50.4,0,60,0,0,0,0,0,0,0,0,66
2025-09-29T13:14:26.855Z,61,21.1,1.922,49.6,0,60,0,0,0,0,0,0,0,0,66
2025-09-29T13:14:27.850Z,61,21.1,1.923,49.6,0,60,0,0,0,0,0,0,0,0,66
2025-09-29T13:14:28.860Z,61,21.1,1.923,50.4,0,60,0,0,0,0,0,0,0,0,66
2025-09-29T13:14:29.857Z,61,21.1,1.923,49.6,0,60,0,0,0,0,0,0,0,0,66
2025-09-29T13:14:30.855Z,61,21.1,1.923,50.4,0,60,0,0,0,0,0,0,0,0,66
2025-09-29T13:14:31.856Z,61,21.1,1.923,49.6,0,60,0,0,0,0,0,0,0,0,66
2025-09-29T13:14:32.861Z,61,21.1,1.923,49.6,0,60,0,0,0,0,0,0,0,0,66
2025-09-29T13:14:33.859Z,61,21.1,1.923,50.4,0,60,0,0,0,0,0,0,0,0,66
2025-09-29T13:14:34.860Z,61,21.1,1.923,49.6,0,60,0,0,0,0,0,0,0,0,66
2025-09-29T13:14:35.861Z,61,21.1,1.923,50.4,0,60,0,0,0,0,0,0,0,0,66
2025-09-29T13:14:36.861Z,61,21.1,1.923,50.4,0,60,0,0,0,0,0,0,0,0,66
2025-09-29T13:14:37.863Z,61,21.1,1.923,49.6,0,60,0,0,0,0,0,0,0,0,66
2025-09-29T13:14:38.863Z,61,21.1,1.923,50.4,0,60,0,0,0,0,0,0,0,0,66
2025-09-29T13:14:39.865Z,61,21.1,1.923,49.6,0,60,0,0,0,0,0,0,0,0,66
2025-09-29T13:14:40.863Z,61,21.1,1.923,50.4,0,60,0,0,0,0,0,0,0,0,66
2025-09-29T13:14:41.870Z,61,21.1,1.923,49.6,0,60,0,0,0,0,0,0,0,0,66
2025-09-29T13:14:42.865Z,61,21.1,1.923,49.6,0,60,0,0,0,0,0,0,0,0,66
2025-09-29T13:14:43.869Z,61,21.1,1.923,50.4,0,60,0,0,0,0,0,0,0,0,66
2025-09-29T13:14:44.868Z,61,21.1,1.923,49.6,0,60,0,0,0,0,0,0,0,0,66
2025-09-29T13:14:45.868Z,61,21.1,1.923,49.6,0,60,0,0,0,0,0,0,0,0,66
2025-09-29T13:14:46.872Z,61,21.1,1.923,50.4,0,60,0,0,0,0,0,0,0,0,66
2025-09-29T13:14:47.879Z,61,21.1,1.923,49.6,0,60,0,0,0,0,0,0,0,0,66
2025-09-29T13:14:48.875Z,61,21.1,1.923,50.4,0,60,0,0,0,0,0,0,0,0,66
2025-09-29T13:14:49.877Z,61,21.1,1.923,50.4,0,60,0,0,0,0,0,0,0,0,66
2025-09-29T13:14:50.874Z,61,21.1,1.923,49.6,0,60,0,0,0,0,0,0,0,0,66
2025-09-29T13:14:51.877Z,60.9,21.1,1.923,50.4,0,60,0,0,0,0,0,0,0,0,66
2025-09-29T13:14:52.877Z,60.9,21.1,1.923,49.6,0,60,0,0,0,0,0,0,0,0,66
2025-09-29T13:14:53.878Z,60.9,21.1,1.923,50.4,0,60,0,0,0,0,0,0,0,0,66
2025-09-29T13:14:54.876Z,60.9,21.1,1.923,49.6,0,60,0,0,0,0,0,0,0,0,66
2025-09-29T13:14:55.882Z,60.9,21.1,1.923,50.4,0,60,0,0,0,0,0,0,0,0,66
2025-09-29T13:14:56.879Z,60.9,21.1,1.923,49.6,0,60,0,0,0,0,0,0,0,0,66
2025-09-29T13:14:57.881Z,60.9,21.1,1.923,49.6,0,60,0,0,0,0,0,0,0,0,66
2025-09-29T13:14:58.882Z,60.9,21.1,1.923,50.4,0,60,0,0,0,0,0,0,0,0,66
2025-09-29T13:14:59.884Z,60.9,21.1,1.923,49.6,0,60,0,0,0,0,0,0,0,0,66
2025-09-29T13:15:00.886Z,60.9,21.1,1.923,50.4,0,60,0,0,0,0,0,0,0,0,66
2025-09-29T13:15:01.884Z,60.9,21.1,1.923,49.6,0,60,0,0,0,0,0,0,0,0,66
2025-09-29T13:15:02.885Z,60.9,21.1,1.923,49.6,0,60,0,0,0,0,0,0,0,0,66
2025-09-29T13:15:03.885Z,60.9,21.1,1.923,50.4,0,60,0,0,0,0,0,0,0,0,66
2025-09-29T13:15:04.887Z,60.9,21.1,1.923,49.6,0,60,0,0,0,0,0,0,0,0,66
2025-09-29T13:15:05.884Z,60.9,21.1,1.923,50.4,0,60,0,0,0,0,0,0,0,0,66
2025-09-29T13:15:06.889Z,60.9,21.1,1.923,50.4,0,60,0,0,0,0,0,0,0,0,66
2025-09-29T13:15:07.889Z,60.9,21.1,1.924,49.6,0,60,0,0,0,0,0,0,0,0,66
2025-09-29T13:15:08.886Z,60.9,21.1,1.924,50.4,0,60,0,0,0,0,0,0,0,0,66
2025-09-29T13:15:09.891Z,60.9,21.1,1.924,49.6,0,60,0,0,0,0,0,0,0,0,66
2025-09-29T13:15:10.891Z,60.9,21.1,1.923,50.4,0,60,0,0,0,0,0,0,0,0,66
2025-09-29T13:15:11.893Z,60.9,21.1,1.923,49.6,0,60,0,0,0,0,0,0,0,0,66
2025-09-29T13:15:12.896Z,60.9,21.1,1.923,50.4,0,60,0,0,0,0,0,0,0,0,66
2025-09-29T13:15:13.899Z,60.9,21.1,1.923,49.6,0,60,0,0,0,0,0,0,0,0,66
2025-09-29T13:15:14.895Z,60.9,21.1,1.923,49.6,0,60,0,0,0,0,0,0,0,0,66
2025-09-29T13:15:15.902Z,60.9,21.1,1.923,50.4,0,60,0,0,0,0,0,0,0,0,66
2025-09-29T13:15:16.899Z,60.8,21.1,1.923,49.6,0,60,0,0,0,0,0,0,0,0,66
2025-09-29T13:15:17.899Z,60.8,21.1,1.923,49.6,0,60,0,0,0,0,0,0,0,0,66
2025-09-29T13:15:18.903Z,60.8,21.1,1.923,50.4,0,60,0,0,0,0,0,0,0,0,66
2025-09-29T13:15:19.901Z,60.8,21.1,1.923,49.6,0,60,0,0,0,0,0,0,0,0,66
2025-09-29T13:15:20.900Z,60.8,21.1,1.923,50.4,0,60,0,0,0,0,0,0,0,0,66
2025-09-29T13:15:21.899Z,60.8,21.1,1.923,49.6,0,60,0,0,0,0,0,0,0,0,66
2025-09-29T13:15:22.905Z,60.8,21.1,1.923,49.6,0,60,0,0,0,0,0,0,0,0,66
2025-09-29T13:15:23.908Z,60.8,21.1,1.923,50.4,0,60,0,0,0,0,0,0,0,0,66
2025-09-29T13:15:24.912Z,60.8,21.1,1.923,49.6,0,60,0,0,0,0,0,0,0,0,66
2025-09-29T13:15:25.908Z,60.8,21.1,1.923,49.6,0,60,0,0,0,0,0,0,0,0,66
2025-09-29T13:15:26.908Z,60.8,21.1,1.923,50.4,0,60,0,0,0,0,0,0,0,0,66
2025-09-29T13:15:27.908Z,60.8,21.1,1.923,49.6,0,60,0,0,0,0,0,0,0,0,66
2025-09-29T13:15:28.905Z,60.8,21.1,1.923,50.4,0,60,0,0,0,0,0,0,0,0,66
2025-09-29T13:15:29.912Z,60.8,21.1,1.923,50.4,0,60,0,0,0,0,0,0,0,0,66
2025-09-29T13:15:30.909Z,60.8,21.1,1.923,49.6,0,60,0,0,0,0,0,0,0,0,66
2025-09-29T13:15:31.911Z,60.8,21.1,1.923,50.4,0,60,0,0,0,0,0,0,0,0,66
2025-09-29T13:15:32.912Z,60.8,21.1,1.923,49.6,0,60,0,0,0,0,0,0,0,0,66
2025-09-29T13:15:33.913Z,60.8,21.1,1.923,50.4,0,60.1,0,0,0,0,0,0,0,0,66
2025-09-29T13:15:34.910Z,60.8,21.1,1.923,49.6,0,60,0,0,0,0,0,0,0,0,66
2025-09-29T13:15:35.916Z,60.8,21.1,1.924,50.4,0,60,0,0,0,0,0,0,0,0,66
2025-09-29T13:15:36.916Z,60.8,21.1,1.924,50.4,0,60,0,0,0,0,0,0,0,0,66
2025-09-29T13:15:37.916Z,60.8,21.1,1.924,49.6,0,60,0,0,0,0,0,0,0,0,66
2025-09-29T13:15:38.920Z,60.7,21.1,1.924,49.6,0,60.1,0,0,0,0,0,0,0,0,66
2025-09-29T13:15:39.920Z,60.7,21.1,1.924,49.6,0,60.1,0,0,0,0,0,0,0,0,66
2025-09-29T13:15:40.919Z,60.7,21.1,1.924,50.4,0,60.1,0,0,0,0,0,0,0,0,66
2025-09-29T13:15:41.916Z,60.7,21.1,1.923,50.4,0,60,0,0,0,0,0,0,0,0,66
2025-09-29T13:15:42.920Z,60.7,21.1,1.924,49.6,0,60.1,0,0,0,0,0,0,0,0,66
2025-09-29T13:15:43.921Z,60.7,21.1,1.924,50.4,0,60.1,0,0,0,0,0,0,0,0,66
2025-09-29T13:15:44.926Z,60.7,21.1,1.925,49.6,0,60.1,0,0,0,0,0,0,0,0,66
2025-09-29T13:15:45.921Z,60.7,21.1,1.925,50.4,0,60.1,0,0,0,0,0,0,0,0,66
2025-09-29T13:15:46.924Z,60.7,21.1,1.925,49.6,0,60.1,0,0,0,0,0,0,0,0,66
2025-09-29T13:15:47.925Z,60.7,21.1,1.924,50.4,0,60.1,0,0,0,0,0,0,0,0,66
2025-09-29T13:15:48.928Z,60.7,21.1,1.924,49.6,0,60.1,0,0,0,0,0,0,0,0,66
2025-09-29T13:15:49.930Z,60.7,21.1,1.924,49.6,0,60.1,0,0,0,0,0,0,0,0,66
2025-09-29T13:15:50.927Z,60.7,21.1,1.925,50.4,0,60.1,0,0,0,0,0,0,0,0,66
2025-09-29T13:15:51.929Z,60.7,21.1,1.924,49.6,0,60.1,0,0,0,0,0,0,0,0,66
2025-09-29T13:15:52.934Z,60.7,21.1,1.925,50.4,0,60.1,0,0,0,0,0,0,0,0,66
2025-09-29T13:15:53.933Z,60.7,21.1,1.925,49.6,0,60.1,0,0,0,0,0,0,0,0,66
2025-09-29T13:15:54.932Z,60.7,21.1,1.925,50.4,0,60.1,0,0,0,0,0,0,0,0,66
2025-09-29T13:15:55.933Z,60.7,21.1,1.925,49.6,0,60.1,0,0,0,0,0,0,0,0,66
2025-09-29T13:15:56.934Z,60.7,21.1,1.924,49.6,0,60,0,0,0,0,0,0,0,0,66
2025-09-29T13:15:57.936Z,60.7,21.1,1.925,50.4,0,60.1,0,0,0,0,0,0,0,0,66
2025-09-29T13:15:58.940Z,60.7,21.1,1.925,49.6,0,60.1,0,0,0,0,0,0,0,0,66
2025-09-29T13:15:59.938Z,60.7,21.1,1.925,49.6,0,60.1,0,0,0,0,0,0,0,0,66
2025-09-29T13:16:00.936Z,60.7,21.1,1.925,50.4,0,60.1,0,0,0,0,0,0,0,0,66
2025-09-29T13:16:01.940Z,60.6,21.1,1.924,49.6,0,60,0,0,0,0,0,0,0,0,66
2025-09-29T13:16:02.938Z,60.6,21.1,1.925,50.4,0,60.1,0,0,0,0,0,0,0,0,66
2025-09-29T13:16:03.940Z,60.6,21.1,1.925,49.6,0,60.1,0,0,0,0,0,0,0,0,66
2025-09-29T13:16:04.941Z,60.6,21.1,1.924,49.6,0,60.1,0,0,0,0,0,0,0,0,66
2025-09-29T13:16:05.945Z,60.6,21.1,1.924,50.4,0,60.1,0,0,0,0,0,0,0,0,66
2025-09-29T13:16:06.940Z,60.6,21.1,1.925,50.4,0,60.1,0,0,0,0,0,0,0,0,66
2025-09-29T13:16:07.943Z,60.6,21.1,1.925,49.6,0,60.1,0,0,0,0,0,0,0,0,66
2025-09-29T13:16:08.942Z,60.6,21.1,1.925,50.4,0,60.1,0,0,0,0,0,0,0,0,66
2025-09-29T13:16:09.944Z,60.6,21.1,1.924,49.6,0,60.1,0,0,0,0,0,0,0,0,66
2025-09-29T13:16:10.947Z,60.6,21.1,1.924,50.4,0,60.1,0,0,0,0,0,0,0,0,66
2025-09-29T13:16:11.948Z,60.6,21.1,1.924,49.6,0,60.1,0,0,0,0,0,0,0,0,66
2025-09-29T13:16:12.948Z,60.6,21.1,1.924,49.6,0,60.1,0,0,0,0,0,0,0,0,66
2025-09-29T13:16:13.950Z,60.6,21.1,1.924,50.4,0,60.1,0,0,0,0,0,0,0,0,66
2025-09-29T13:16:14.953Z,60.6,21.1,1.924,49.6,0,60.1,0,0,0,0,0,0,0,0,66
2025-09-29T13:16:15.951Z,60.6,21.1,1.925,49.6,0,60.1,0,0,0,0,0,0,0,0,66
2025-09-29T13:16:16.954Z,60.6,21.1,1.924,50.4,0,60.1,0,0,0,0,0,0,0,0,66
2025-09-29T13:16:17.949Z,60.6,21.1,1.925,49.6,0,60.1,0,0,0,0,0,0,0,0,66
2025-09-29T13:16:18.955Z,60.6,21.1,1.925,49.6,0,60.1,0,0,0,0,0,0,0,0,66
2025-09-29T13:16:19.956Z,60.6,21.1,1.924,50.4,0,60.1,0,0,0,0,0,0,0,0,66
2025-09-29T13:16:20.953Z,60.6,21.1,1.925,50.4,0,60.1,0,0,0,0,0,0,0,0,66
2025-09-29T13:16:21.956Z,60.6,21.1,1.925,49.6,0,60.1,0,0,0,0,0,0,0,0,66
2025-09-29T13:16:22.957Z,60.5,21.1,1.925,50.4,0,60.1,0,0,0,0,0,0,0,0,66
2025-09-29T13:16:23.956Z,60.5,21.1,1.925,49.6,0,60.1,0,0,0,0,0,0,0,0,66
2025-09-29T13:16:24.961Z,60.5,21.1,1.925,49.6,0,60.1,0,0,0,0,0,0,0,0,66
2025-09-29T13:16:25.961Z,60.5,21.1,1.925,50.4,0,60.1,0,0,0,0,0,0,0,0,66
2025-09-29T13:16:26.965Z,60.5,21.1,1.925,49.6,0,60.1,0,0,0,0,0,0,0,0,66
2025-09-29T13:16:27.963Z,60.5,21.1,1.925,50.4,0,60.1,0,0,0,0,0,0,0,0,66
2025-09-29T13:16:28.966Z,60.5,21.1,1.925,50.4,0,60.1,0,0,0,0,0,0,0,0,66
2025-09-29T13:16:29.964Z,60.5,21.1,1.925,49.6,0,60.1,0,0,0,0,0,0,0,0,66
2025-09-29T13:16:30.966Z,60.5,21.1,1.926,50.4,0,60.1,0,0,0,0,0,0,0,0,66
2025-09-29T13:16:31.966Z,60.5,21.1,1.926,49.6,0,60.1,0,0,0,0,0,0,0,0,66
2025-09-29T13:16:32.968Z,60.5,21.1,1.926,49.6,0,60.1,0,0,0,0,0,0,0,0,66
2025-09-29T13:16:33.969Z,60.5,21.1,1.926,50.4,0,60.1,0,0,0,0,0,0,0,0,66
2025-09-29T13:16:34.964Z,60.5,21.1,1.925,49.6,0,60.1,0,0,0,0,0,0,0,0,66
2025-09-29T13:16:35.967Z,60.5,21.1,1.925,49.6,0,60.1,0,0,0,0,0,0,0,0,66
2025-09-29T13:16:36.966Z,60.5,21.1,1.925,50.4,0,60.1,0,0,0,0,0,0,0,0,66
2025-09-29T13:16:37.968Z,60.5,21.1,1.925,49.6,0,60.1,0,0,0,0,0,0,0,0,66
2025-09-29T13:16:38.971Z,60.5,21.1,1.926,50.4,0,60.1,0,0,0,0,0,0,0,0,66
2025-09-29T13:16:39.973Z,60.5,21.1,1.926,50.4,0,60.1,0,0,0,0,0,0,0,0,66
2025-09-29T13:16:40.969Z,60.5,21.1,1.925,49.6,0,60.1,0,0,0,0,0,0,0,0,66
2025-09-29T13:16:41.972Z,60.5,21.1,1.926,50.4,0,60.1,0,0,0,0,0,0,0,0,66
2025-09-29T13:16:42.975Z,60.4,21.1,1.926,49.6,0,60.1,0,0,0,0,0,0,0,0,66
2025-09-29T13:16:43.981Z,60.4,21.1,1.926,50.4,0,60.1,0,0,0,0,0,0,0,0,66
2025-09-29T13:16:44.981Z,60.4,21.1,1.926,50.4,0,60.1,0,0,0,0,0,0,0,0,66
2025-09-29T13:16:45.981Z,60.4,21.1,1.926,49.6,0,60.1,0,0,0,0,0,0,0,0,66
2025-09-29T13:16:46.979Z,60.4,21.1,1.926,50.4,0,60.1,0,0,0,0,0,0,0,0,66
2025-09-29T13:16:47.978Z,60.4,21.1,1.926,49.6,0,60.1,0,0,0,0,0,0,0,0,66
2025-09-29T13:16:48.981Z,60.4,21.1,1.926,50.4,0,60.1,0,0,0,0,0,0,0,0,66
2025-09-29T13:16:49.981Z,60.4,21.1,1.926,50.4,0,60.1,0,0,0,0,0,0,0,0,66
2025-09-29T13:16:50.983Z,60.4,21.1,1.926,49.6,0,60.1,0,0,0,0,0,0,0,0,66
2025-09-29T13:16:51.984Z,60.4,21.1,1.926,49.6,0,60.1,0,0,0,0,0,0,0,0,66
2025-09-29T13:16:52.985Z,60.4,21.1,1.926,49.6,0,60.1,0,0,0,0,0,0,0,0,66
2025-09-29T13:16:53.990Z,60.4,21.1,1.926,50.4,0,60.1,0,0,0,0,0,0,0,0,66
2025-09-29T13:16:54.990Z,60.4,21.1,1.926,50.4,0,60.1,0,0,0,0,0,0,0,0,66
2025-09-29T13:16:55.991Z,60.4,21.1,1.926,49.6,0,60.1,0,0,0,0,0,0,0,0,66
2025-09-29T13:16:56.992Z,60.4,21.1,1.925,49.6,0,60.1,0,0,0,0,0,0,0,0,66
2025-09-29T13:16:57.990Z,60.4,21.1,1.926,49.6,0,60.1,0,0,0,0,0,0,0,0,66
2025-09-29T13:16:58.999Z,60.4,21.1,1.925,50.4,0,60.1,0,0,0,0,0,0,0,0,66
2025-09-29T13:16:59.994Z,60.4,21.1,1.925,50.4,0,60.1,0,0,0,0,0,0,0,0,66
2025-09-29T13:17:00.996Z,60.4,21.1,1.926,49.6,0,60.1,0,0,0,0,0,0,0,0,66
2025-09-29T13:17:01.994Z,60.4,21.1,1.926,50.4,0,60.1,0,0,0,0,0,0,0,0,66
2025-09-29T13:17:02.995Z,60.4,21.1,1.926,49.6,0,60.1,0,0,0,0,0,0,0,0,66
2025-09-29T13:17:03.997Z,60.3,21.1,1.926,50.4,0,60.1,0,0,0,0,0,0,0,0,66
2025-09-29T13:17:04.998Z,60.3,21.1,1.926,49.6,0,60.1,0,0,0,0,0,0,0,0,66
2025-09-29T13:17:06.001Z,60.3,21.1,1.926,50.4,0,60.1,0,0,0,0,0,0,0,0,66
2025-09-29T13:17:06.998Z,60.3,21.1,1.926,49.6,0,60.1,0,0,0,0,0,0,0,0,66
2025-09-29T13:17:08.003Z,60.3,21.1,1.926,49.6,0,60.1,0,0,0,0,0,0,0,0,66
2025-09-29T13:17:09.003Z,60.3,21.1,1.926,50.4,0,60.1,0,0,0,0,0,0,0,0,66
2025-09-29T13:17:10.004Z,60.3,21.1,1.926,49.6,0,60.1,0,0,0,0,0,0,0,0,66
2025-09-29T13:17:11.007Z,60.3,21.1,1.925,50.4,0,60.1,0,0,0,0,0,0,0,0,66
2025-09-29T13:17:12.009Z,60.3,21.1,1.926,49.6,0,60.1,0,0,0,0,0,0,0,0,66
2025-09-29T13:17:13.002Z,60.3,21.1,1.926,49.6,0,60.1,0,0,0,0,0,0,0,0,66
2025-09-29T13:17:14.005Z,60.3,21.1,1.926,50.4,0,60.1,0,0,0,0,0,0,0,0,66
2025-09-29T13:17:15.006Z,60.3,21.1,1.926,49.6,0,60.1,0,0,0,0,0,0,0,0,66
2025-09-29T13:17:16.007Z,60.3,21.1,1.926,49.6,0,60.1,0,0,0,0,0,0,0,0,66
2025-09-29T13:17:17.009Z,60.3,21.1,1.926,50.4,0,60.1,0,0,0,0,0,0,0,0,66
2025-09-29T13:17:18.008Z,60.3,21.1,1.926,49.6,0,60.1,0,0,0,0,0,0,0,0,66
2025-09-29T13:17:19.011Z,60.3,21.1,1.926,49.6,0,60.1,0,0,0,0,0,0,0,0,66
2025-09-29T13:17:20.016Z,60.3,21.1,1.926,50.4,0,60.1,0,0,0,0,0,0,0,0,66
2025-09-29T13:17:21.015Z,60.3,21.1,1.927,49.6,0,60.1,0,0,0,0,0,0,0,0,66
2025-09-29T13:17:22.018Z,60.3,21.1,1.927,49.6,0,60.1,0,0,0,0,0,0,0,0,66
2025-09-29T13:17:23.014Z,60.3,21.1,1.927,50.4,0,60.1,0,0,0,0,0,0,0,0,66
2025-09-29T13:17:24.015Z,60.3,21.1,1.927,49.6,0,60.1,0,0,0,0,0,0,0,0,66
2025-09-29T13:17:25.017Z,60.2,21.1,1.927,49.6,0,60.1,0,0,0,0,0,0,0,0,66
2025-09-29T13:17:26.017Z,60.2,21.1,1.927,50.4,0,60.1,0,0,0,0,0,0,0,0,66
2025-09-29T13:17:27.019Z,60.2,21.1,1.927,50.4,0,60.1,0,0,0,0,0,0,0,0,66
2025-09-29T13:17:28.021Z,60.2,21.1,1.927,49.6,0,60.1,0,0,0,0,0,0,0,0,66
2025-09-29T13:17:29.022Z,60.2,21.1,1.927,50.4,0,60.1,0,0,0,0,0,0,0,0,66
2025-09-29T13:17:30.021Z,60.2,21.1,1.927,49.6,0,60.1,0,0,0,0,0,0,0,0,66
2025-09-29T13:17:31.026Z,60.2,21.1,1.927,49.6,0,60.1,0,0,0,0,0,0,0,0,66
2025-09-29T13:17:32.021Z,60.2,21.1,1.927,50.4,0,60.1,0,0,0,0,0,0,0,0,66
2025-09-29T13:17:33.025Z,60.2,21.1,1.927,50.4,0,60.1,0,0,0,0,0,0,0,0,66
2025-09-29T13:17:34.025Z,60.2,21.1,1.927,49.6,0,60.1,0,0,0,0,0,0,0,0,66
2025-09-29T13:17:35.025Z,60.2,21.1,1.927,50.4,0,60.1,0,0,0,0,0,0,0,0,66
2025-09-29T13:17:36.023Z,60.2,21.1,1.927,49.6,0,60.1,0,0,0,0,0,0,0,0,66
2025-09-29T13:17:37.026Z,60.2,21.1,1.927,49.6,0,60.1,0,0,0,0,0,0,0,0,66
2025-09-29T13:17:38.029Z,60.2,21.1,1.927,50.4,0,60.1,0,0,0,0,0,0,0,0,66
2025-09-29T13:17:39.033Z,60.2,21.1,1.926,50.4,0,60.1,0,0,0,0,0,0,0,0,66
2025-09-29T13:17:40.029Z,60.2,21.1,1.927,49.6,0,60.1,0,0,0,0,0,0,0,0,66
2025-09-29T13:17:41.032Z,60.2,21.1,1.926,50.4,0,60.1,0,0,0,0,0,0,0,0,66
2025-09-29T13:17:42.034Z,60.2,21.1,1.927,49.6,0,60,0,0,0,0,0,0,0,0,66
2025-09-29T13:17:43.034Z,60.2,21.1,1.926,50.4,0,60,0,0,0,0,0,0,0,0,66
2025-09-29T13:17:44.033Z,60.2,21.1,1.927,50.4,0,60.1,0,0,0,0,0,0,0,0,66
2025-09-29T13:17:45.032Z,60.2,21.1,1.927,49.6,0,60.1,0,0,0,0,0,0,0,0,66
2025-09-29T13:17:46.036Z,60.1,21.1,1.926,50.4,0,60.1,0,0,0,0,0,0,0,0,66
2025-09-29T13:17:47.037Z,60.1,21.1,1.926,49.6,0,60,0,0,0,0,0,0,0,0,66
2025-09-29T13:17:48.034Z,60.1,21.1,1.927,50.4,0,60,0,0,0,0,0,0,0,0,66
2025-09-29T13:17:49.037Z,60.1,21.1,1.926,49.6,0,60,0,0,0,0,0,0,0,0,66
2025-09-29T13:17:50.044Z,60.1,21.1,1.926,50.4,0,60,0,0,0,0,0,0,0,0,66
2025-09-29T13:17:51.042Z,60.1,21.1,1.926,50.4,0,60.1,0,0,0,0,0,0,0,0,66
2025-09-29T13:17:52.042Z,60.1,21.1,1.926,49.6,0,60,0,0,0,0,0,0,0,0,66
2025-09-29T13:17:53.046Z,60.1,21.1,1.926,50.4,0,60,0,0,0,0,0,0,0,0,66
2025-09-29T13:17:54.045Z,60.1,21.1,1.926,49.6,0,60.1,0,0,0,0,0,0,0,0,66
2025-09-29T13:17:55.045Z,60.1,21.1,1.926,50.4,0,60,0,0,0,0,0,0,0,0,66
2025-09-29T13:17:56.048Z,60.1,21.1,1.926,49.6,0,60,0,0,0,0,0,0,0,0,66
2025-09-29T13:17:57.047Z,60.1,21.1,1.926,50.4,0,60,0,0,0,0,0,0,0,0,66
2025-09-29T13:17:58.052Z,60.1,21.1,1.926,49.6,0,60.1,0,0,0,0,0,0,0,0,66
2025-09-29T13:17:59.048Z,60.1,21.1,1.926,49.6,0,60.1,0,0,0,0,0,0,0,0,66
2025-09-29T13:18:00.049Z,60.1,21.1,1.926,49.6,0,60.1,0,0,0,0,0,0,0,0,66
2025-09-29T13:18:01.047Z,60.1,21.1,1.926,50.4,0,60.1,0,0,0,0,0,0,0,0,66
2025-09-29T13:18:02.052Z,60.1,21.1,1.926,50.4,0,60,0,0,0,0,0,0,0,0,66
2025-09-29T13:18:03.051Z,60.1,21.1,1.926,49.6,0,60,0,0,0,0,0,0,0,0,66
2025-09-29T13:18:04.048Z,60.1,21.1,1.926,49.6,0,60,0,0,0,0,0,0,0,0,66
2025-09-29T13:18:05.053Z,60.1,21.1,1.927,50.4,0,60,0,0,0,0,0,0,0,0,66
2025-09-29T13:18:06.050Z,60.1,21.1,1.926,50.4,0,60,0,0,0,0,0,0,0,0,66
2025-09-29T13:18:07.050Z,60.1,21.1,1.926,49.6,0,60,0,0,0,0,0,0,0,0,66
2025-09-29T13:18:08.051Z,60,21.1,1.926,50.4,0,60,0,0,0,0,0,0,0,0,66
2025-09-29T13:18:09.052Z,60,21.1,1.926,49.6,0,60,0,0,0,0,0,0,0,0,66
2025-09-29T13:18:10.054Z,60,21.1,1.926,50.4,0,60.1,0,0,0,0,0,0,0,0,66
2025-09-29T13:18:11.057Z,60,21.1,1.926,49.6,0,60,0,0,0,0,0,0,0,0,66
2025-09-29T13:18:12.058Z,60,21.1,1.927,50.4,0,60,0,0,0,0,0,0,0,0,66
2025-09-29T13:18:13.066Z,60,21.1,1.928,49.6,0,60.1,0,0,0,0,0,0,0,0,66
2025-09-29T13:18:14.057Z,60,21.1,1.926,49.6,0,60.1,0,0,0,0,0,0,0,0,66
2025-09-29T13:18:15.062Z,60,21.1,1.928,49.6,0,60.1,0,0,0,0,0,0,0,0,66
2025-09-29T13:18:16.067Z,60,21.1,1.928,50.4,0,60.1,0,0,0,0,0,0,0,0,66
2025-09-29T13:18:17.065Z,60,21.1,1.928,49.6,0,60.1,0,0,0,0,0,0,0,0,66
2025-09-29T13:18:18.064Z,60,21.1,1.928,49.6,0,60.1,0,0,0,0,0,0,0,0,66
2025-09-29T13:18:19.064Z,60,21.1,1.928,50.4,0,60.1,0,0,0,0,0,0,0,0,66
2025-09-29T13:18:20.069Z,60,21.1,1.927,49.6,0,60.1,0,0,0,0,0,0,0,0,66
2025-09-29T13:18:21.067Z,60,21.1,1.928,49.6,0,60.1,0,0,0,0,0,0,0,0,66
2025-09-29T13:18:22.067Z,60,21.1,1.928,50.4,0,60.1,0,0,0,0,0,0,0,0,66
2025-09-29T13:18:23.066Z,60,21.1,1.928,49.6,0,60.1,0,0,0,0,0,0,0,0,66
2025-09-29T13:18:24.070Z,60,21.1,1.928,50.4,0,60.1,0,0,0,0,0,0,0,0,66
2025-09-29T13:18:25.072Z,60,21.1,1.928,50.4,0,60.1,0,0,0,0,0,0,0,0,66
2025-09-29T13:18:26.075Z,60,21.1,1.928,49.6,0,60.1,0,0,0,0,0,0,0,0,66
2025-09-29T13:18:27.074Z,60,21.1,1.928,50.4,0,60.1,0,0,0,0,0,0,0,0,66
2025-09-29T13:18:28.074Z,60,21.1,1.928,49.6,0,60.1,0,0,0,0,0,0,0,0,66
2025-09-29T13:18:29.076Z,59.9,21.1,1.928,50.4,0,60.1,0,0,0,0,0,0,0,0,66
2025-09-29T13:18:30.075Z,59.9,21.1,1.928,50.4,0,60.1,0,0,0,0,0,0,0,0,66
2025-09-29T13:18:31.074Z,59.9,21.1,1.928,49.6,0,60.1,0,0,0,0,0,0,0,0,66
2025-09-29T13:18:32.073Z,59.9,21.1,1.928,50.4,0,60.1,0,0,0,0,0,0,0,0,66
2025-09-29T13:18:33.079Z,59.9,21.1,1.929,49.6,0,60.1,0,0,0,0,0,0,0,0,66
2025-09-29T13:18:34.078Z,59.9,21.1,1.929,50.4,0,60.1,0,0,0,0,0,0,0,0,66
2025-09-29T13:18:35.082Z,59.9,21.1,1.928,49.6,0,60.1,0,0,0,0,0,0,0,0,66
2025-09-29T13:18:36.083Z,59.9,21.1,1.928,50.4,0,60.1,0,0,0,0,0,0,0,0,66
2025-09-29T13:18:37.085Z,59.9,21.1,1.928,49.6,0,60.1,0,0,0,0,0,0,0,0,66
2025-09-29T13:18:38.080Z,59.9,21.1,1.929,50.4,0,60.1,0,0,0,0,0,0,0,0,66
2025-09-29T13:18:39.088Z,59.9,21.1,1.928,49.6,0,60.1,0,0,0,0,0,0,0,0,66
2025-09-29T13:18:40.084Z,59.9,21.1,1.928,50.4,0,60.1,0,0,0,0,0,0,0,0,66
2025-09-29T13:18:41.089Z,59.9,21.1,1.928,49.6,0,60.1,0,0,0,0,0,0,0,0,66
2025-09-29T13:18:42.084Z,59.9,21.1,1.928,50.4,0,60.1,0,0,0,0,0,0,0,0,66
2025-09-29T13:18:43.089Z,59.9,21.1,1.928,49.6,0,60.1,0,0,0,0,0,0,0,0,66
2025-09-29T13:18:44.092Z,59.9,21.1,1.928,50.4,0,60.1,0,0,0,0,0,0,0,0,66
2025-09-29T13:18:45.089Z,59.9,21.1,1.928,49.6,0,60.1,0,0,0,0,0,0,0,0,66
2025-09-29T13:18:46.091Z,59.9,21.1,1.928,50.4,0,60.1,0,0,0,0,0,0,0,0,66
2025-09-29T13:18:47.099Z,59.9,21.1,1.929,49.6,0,60.1,0,0,0,0,0,0,0,0,66
2025-09-29T13:18:48.090Z,59.9,21.1,1.928,50.4,0,60.1,0,0,0,0,0,0,0,0,66
2025-09-29T13:18:49.092Z,59.9,21.1,1.928,49.6,0,60.1,0,0,0,0,0,0,0,0,66
2025-09-29T13:18:50.090Z,59.9,21.1,1.928,50.4,0,60.1,0,0,0,0,0,0,0,0,66
2025-09-29T13:18:51.096Z,59.8,21.1,1.928,49.6,0,60.1,0,0,0,0,0,0,0,0,66
2025-09-29T13:18:52.093Z,59.8,21.1,1.928,50.4,0,60.1,0,0,0,0,0,0,0,0,66
2025-09-29T13:18:53.092Z,59.8,21.1,1.928,49.6,0,60.1,0,0,0,0,0,0,0,0,66
2025-09-29T13:18:54.098Z,59.8,21.1,1.928,50.4,0,60.1,0,0,0,0,0,0,0,0,66
2025-09-29T13:18:55.097Z,59.8,21.1,1.928,49.6,0,60.1,0,0,0,0,0,0,0,0,66
2025-09-29T13:18:56.100Z,59.8,21.1,1.928,50.4,0,60.1,0,0,0,0,0,0,0,0,66
2025-09-29T13:18:57.106Z,59.8,21.1,1.929,49.6,0,60.1,0,0,0,0,0,0,0,0,66
2025-09-29T13:18:58.104Z,59.8,21.1,1.929,50.4,0,60.1,0,0,0,0,0,0,0,0,66
2025-09-29T13:18:59.102Z,59.8,21.1,1.928,49.6,0,60.1,0,0,0,0,0,0,0,0,66
2025-09-29T13:19:00.108Z,59.8,21.1,1.929,49.6,0,60.1,0,0,0,0,0,0,0,0,66
2025-09-29T13:19:01.103Z,59.8,21.1,1.929,49.6,0,60.1,0,0,0,0,0,0,0,0,66
2025-09-29T13:19:02.106Z,59.8,21.1,1.929,50.4,0,60.1,0,0,0,0,0,0,0,0,66
2025-09-29T13:19:03.111Z,59.8,21.1,1.929,49.6,0,60.1,0,0,0,0,0,0,0,0,66
2025-09-29T13:19:04.106Z,59.8,21.1,1.929,50.4,0,60.1,0,0,0,0,0,0,0,0,66
2025-09-29T13:19:05.103Z,59.8,21.1,1.928,49.6,0,60.1,0,0,0,0,0,0,0,0,66
2025-09-29T13:19:06.107Z,59.8,21.1,1.929,50.4,0,60.1,0,0,0,0,0,0,0,0,66
2025-09-29T13:19:07.109Z,59.8,21.1,1.929,49.6,0,60.1,0,0,0,0,0,0,0,0,66
2025-09-29T13:19:08.105Z,59.8,21.1,1.928,50.4,0,60.1,0,0,0,0,0,0,0,0,66
2025-09-29T13:19:09.110Z,59.8,21.1,1.929,49.6,0,60.1,0,0,0,0,0,0,0,0,66
2025-09-29T13:19:10.110Z,59.8,21.1,1.929,50.4,0,60.1,0,0,0,0,0,0,0,0,66
2025-09-29T13:19:11.116Z,59.8,21.1,1.929,49.6,0,60.1,0,0,0,0,0,0,0,0,66
2025-09-29T13:19:12.112Z,59.8,21.1,1.929,49.6,0,60.1,0,0,0,0,0,0,0,0,66
2025-09-29T13:19:13.113Z,59.8,21.1,1.929,50.4,0,60.1,0,0,0,0,0,0,0,0,66
2025-09-29T13:19:14.115Z,59.8,21.1,1.929,49.6,0,60.1,0,0,0,0,0,0,0,0,66
2025-09-29T13:19:15.122Z,59.8,21.1,1.928,50.4,0,60.1,0,0,0,0,0,0,0,0,66
2025-09-29T13:19:16.116Z,59.8,21.1,1.929,49.6,0,60.1,0,0,0,0,0,0,0,0,66
2025-09-29T13:19:17.119Z,59.7,21.1,1.929,50.4,0,60.1,0,0,0,0,0,0,0,0,66
2025-09-29T13:19:18.116Z,59.7,21.1,1.929,49.6,0,60.1,0,0,0,0,0,0,0,0,66
2025-09-29T13:19:19.120Z,59.7,21.1,1.929,50.4,0,60.1,0,0,0,0,0,0,0,0,66
2025-09-29T13:19:20.118Z,59.7,21.1,1.929,49.6,0,60.1,0,0,0,0,0,0,0,0,66
2025-09-29T13:19:21.123Z,59.7,21.1,1.93,50.4,0,60.1,0,0,0,0,0,0,0,0,66
2025-09-29T13:19:22.130Z,59.7,21.1,1.929,49.6,0,60.1,0,0,0,0,0,0,0,0,66
2025-09-29T13:19:23.128Z,59.7,21.1,1.928,50.4,0,60.1,0,0,0,0,0,0,0,0,66
2025-09-29T13:19:24.122Z,59.7,21.1,1.929,49.6,0,60.1,0,0,0,0,0,0,0,0,66
2025-09-29T13:19:25.129Z,59.7,21.1,1.929,50.4,0,60.1,0,0,0,0,0,0,0,0,66
2025-09-29T13:19:26.129Z,59.7,21.1,1.929,49.6,0,60.1,0,0,0,0,0,0,0,0,66
2025-09-29T13:19:27.132Z,59.7,21.1,1.928,50.4,0,60.1,0,0,0,0,0,0,0,0,66
2025-09-29T13:19:28.128Z,59.7,21.1,1.93,49.6,0,60.1,0,0,0,0,0,0,0,0,66
2025-09-29T13:19:29.133Z,59.7,21.1,1.929,50.4,0,60.1,0,0,0,0,0,0,0,0,66
2025-09-29T13:19:30.133Z,59.7,21.1,1.929,49.6,0,60.1,0,0,0,0,0,0,0,0,66
2025-09-29T13:19:31.126Z,59.7,21.1,1.93,50.4,0,60.1,0,0,0,0,0,0,0,0,66
2025-09-29T13:19:32.130Z,59.7,21.1,1.929,49.6,0,60.1,0,0,0,0,0,0,0,0,66
2025-09-29T13:19:33.128Z,59.7,21.1,1.929,50.4,0,60.1,0,0,0,0,0,0,0,0,66
2025-09-29T13:19:34.130Z,59.7,21.1,1.929,49.6,0,60.1,0,0,0,0,0,0,0,0,66
2025-09-29T13:19:35.130Z,59.7,21.1,1.929,50.4,0,60.1,0,0,0,0,0,0,0,0,66
2025-09-29T13:19:36.137Z,59.7,21.1,1.929,49.6,0,60.1,0,0,0,0,0,0,0,0,66
2025-09-29T13:19:37.135Z,59.7,21.1,1.929,50.4,0,60.1,0,0,0,0,0,0,0,0,66
2025-09-29T13:19:38.140Z,59.7,21.1,1.929,49.6,0,60.1,0,0,0,0,0,0,0,0,66
2025-09-29T13:19:39.140Z,59.7,21.1,1.929,50.4,0,60.1,0,0,0,0,0,0,0,0,66
2025-09-29T13:19:40.139Z,59.7,21.1,1.929,49.6,0,60.1,0,0,0,0,0,0,0,0,66
2025-09-29T13:19:41.145Z,59.7,21.1,1.93,50.4,0,60.1,0,0,0,0,0,0,0,0,66
2025-09-29T13:19:42.143Z,59.7,21.1,1.93,49.6,0,60.1,0,0,0,0,0,0,0,0,66
2025-09-29T13:19:43.141Z,59.6,21.1,1.929,50.4,0,60.1,0,0,0,0,0,0,0,0,66
2025-09-29T13:19:44.145Z,59.6,21.1,1.93,49.6,0,60.1,0,0,0,0,0,0,0,0,66
2025-09-29T13:19:45.145Z,59.6,21.1,1.93,50.4,0,60.1,0,0,0,0,0,0,0,0,66
2025-09-29T13:19:46.146Z,59.6,21.1,1.93,49.6,0,60.1,0,0,0,0,0,0,0,0,66
2025-09-29T13:19:47.152Z,59.6,21.1,1.93,50.4,0,60.1,0,0,0,0,0,0,0,0,66
2025-09-29T13:19:48.150Z,59.6,21.1,1.931,49.6,0,60.1,0,0,0,0,0,0,0,0,66
2025-09-29T13:19:49.148Z,59.6,21.1,1.931,50.4,0,60.1,0,0,0,0,0,0,0,0,66
2025-09-29T13:19:50.147Z,59.6,21.1,1.93,49.6,0,60.1,0,0,0,0,0,0,0,0,66
2025-09-29T13:19:51.151Z,59.6,21.1,1.93,50.4,0,60.1,0,0,0,0,0,0,0,0,66
2025-09-29T13:19:52.148Z,59.6,21.1,1.931,49.6,0,60.1,0,0,0,0,0,0,0,0,66
2025-09-29T13:19:53.154Z,59.6,21.1,1.931,50.4,0,60.1,0,0,0,0,0,0,0,0,66
2025-09-29T13:19:54.154Z,59.6,21.1,1.931,49.6,0,60.1,0,0,0,0,0,0,0,0,66
2025-09-29T13:19:55.155Z,59.6,21.1,1.93,50.4,0,60.1,0,0,0,0,0,0,0,0,66
2025-09-29T13:19:56.159Z,59.6,21.1,1.931,49.6,0,60.1,0,0,0,0,0,0,0,0,66
2025-09-29T13:19:57.158Z,59.6,21.1,1.931,50.4,0,60.1,0,0,0,0,0,0,0,0,66
2025-09-29T13:19:58.159Z,59.6,21.1,1.931,49.6,0,60.1,0,0,0,0,0,0,0,0,66
2025-09-29T13:19:59.166Z,59.6,21.1,1.93,50.4,0,60.1,0,0,0,0,0,0,0,0,66
2025-09-29T13:20:00.166Z,59.6,21.1,1.93,49.6,0,60.1,0,0,0,0,0,0,0,0,66
2025-09-29T13:20:01.157Z,59.6,21.1,1.931,50.4,0,60.1,0,0,0,0,0,0,0,0,66
2025-09-29T13:20:02.162Z,59.6,21.1,1.931,49.6,0,60.1,0,0,0,0,0,0,0,0,66
2025-09-29T13:20:03.162Z,59.6,21.1,1.931,50.4,0,60.1,0,0,0,0,0,0,0,0,66
2025-09-29T13:20:04.163Z,59.6,21.1,1.931,49.6,0,60.1,0,0,0,0,0,0,0,0,66
2025-09-29T13:20:05.168Z,59.6,21.1,1.93,50.4,0,60.1,0,0,0,0,0,0,0,0,66
2025-09-29T13:20:06.165Z,59.6,21.1,1.93,49.6,0,60.1,0,0,0,0,0,0,0,0,66
2025-09-29T13:20:07.166Z,59.5,21.1,1.93,50.4,0,60.1,0,0,0,0,0,0,0,0,66
2025-09-29T13:20:08.162Z,59.5,21.1,1.931,49.6,0,60.1,0,0,0,0,0,0,0,0,66
2025-09-29T13:20:09.165Z,59.6,21.1,1.93,50.4,0,60.1,0,0,0,0,0,0,0,0,66
2025-09-29T13:20:10.166Z,59.5,21.1,1.93,49.6,0,60.1,0,0,0,0,0,0,0,0,66
2025-09-29T13:20:11.165Z,59.5,21.1,1.931,50.4,0,60.1,0,0,0,0,0,0,0,0,66
2025-09-29T13:20:12.168Z,59.5,21.1,1.93,49.6,0,60.1,0,0,0,0,0,0,0,0,66
2025-09-29T13:20:13.166Z,59.5,21.1,1.931,50.4,0,60.1,0,0,0,0,0,0,0,0,66
2025-09-29T13:20:14.170Z,59.5,21.1,1.93,49.6,0,60.1,0,0,0,0,0,0,0,0,66
2025-09-29T13:20:15.173Z,59.5,21.1,1.93,50.4,0,60.1,0,0,0,0,0,0,0,0,66
2025-09-29T13:20:16.175Z,59.5,21.1,1.93,49.6,0,60.1,0,0,0,0,0,0,0,0,66
2025-09-29T13:20:17.177Z,59.5,21.1,1.93,50.4,0,60.1,0,0,0,0,0,0,0,0,66
2025-09-29T13:20:18.171Z,59.5,21.1,1.93,49.6,0,60.1,0,0,0,0,0,0,0,0,66
2025-09-29T13:20:19.171Z,59.5,21.1,1.93,50.4,0,60.1,0,0,0,0,0,0,0,0,66
2025-09-29T13:20:20.172Z,59.5,21.1,1.93,49.6,0,60.1,0,0,0,0,0,0,0,0,66
2025-09-29T13:20:21.177Z,59.5,21.1,1.93,50.4,0,60.1,0,0,0,0,0,0,0,0,66
2025-09-29T13:20:22.177Z,59.5,21.1,1.93,49.6,0,60.1,0,0,0,0,0,0,0,0,66
2025-09-29T13:20:23.176Z,59.5,21.1,1.93,49.6,0,60.1,0,0,0,0,0,0,0,0,66
2025-09-29T13:20:24.182Z,59.5,21.1,1.93,49.6,0,60.1,0,0,0,0,0,0,0,0,66
2025-09-29T13:20:25.179Z,59.5,21.1,1.93,50.4,0,60.1,0,0,0,0,0,0,0,0,66
2025-09-29T13:20:26.181Z,59.5,21.1,1.93,49.6,0,60.1,0,0,0,0,0,0,0,0,66
2025-09-29T13:20:27.180Z,59.5,21.1,1.93,50.4,0,60.1,0,0,0,0,0,0,0,0,66
2025-09-29T13:20:28.184Z,59.5,21.1,1.93,49.6,0,60.1,0,0,0,0,0,0,0,0,66
2025-09-29T13:20:29.178Z,59.5,21.1,1.93,50.4,0,60.1,0,0,0,0,0,0,0,0,66
2025-09-29T13:20:30.181Z,59.5,21.1,1.93,49.6,0,60.1,0,0,0,0,0,0,0,0,66
2025-09-29T13:20:31.183Z,59.5,21.1,1.93,50.4,0,60.1,0,0,0,0,0,0,0,0,66
2025-09-29T13:20:32.183Z,59.5,21.1,1.93,49.6,0,60.1,0,0,0,0,0,0,0,0,66
2025-09-29T13:20:33.185Z,59.5,21.1,1.93,50.4,0,60.1,0,0,0,0,0,0,0,0,66
2025-09-29T13:20:34.187Z,59.5,21.1,1.93,49.6,0,60.1,0,0,0,0,0,0,0,0,66
2025-09-29T13:20:35.185Z,59.5,21.1,1.93,50.4,0,60.1,0,0,0,0,0,0,0,0,66
2025-09-29T13:20:36.192Z,59.5,21.1,1.931,49.6,0,60.1,0,0,0,0,0,0,0,0,66
2025-09-29T13:20:37.187Z,59.5,21.1,1.93,50.4,0,60.1,0,0,0,0,0,0,0,0,66
2025-09-29T13:20:38.190Z,59.5,21.1,1.931,49.6,0,60.1,0,0,0,0,0,0,0,0,66
2025-09-29T13:20:39.186Z,59.5,21.1,1.93,50.4,0,60.1,0,0,0,0,0,0,0,0,66
2025-09-29T13:20:40.192Z,59.5,21.1,1.931,49.6,0,60.1,0,0,0,0,0,0,0,0,66
2025-09-29T13:20:41.192Z,59.5,21.1,1.931,50.4,0,60.1,0,0,0,0,0,0,0,0,66
2025-09-29T13:20:42.191Z,59.5,21.1,1.93,49.6,0,60.1,0,0,0,0,0,0,0,0,66
2025-09-29T13:20:43.192Z,59.5,21.1,1.93,50.4,0,60.1,0,0,0,0,0,0,0,0,66
2025-09-29T13:20:44.195Z,59.5,21.1,1.931,49.6,0,60.1,0,0,0,0,0,0,0,0,66
2025-09-29T13:20:45.194Z,59.5,21.1,1.931,50.4,0,60.1,0,0,0,0,0,0,0,0,66
2025-09-29T13:20:46.197Z,59.5,21.1,1.931,49.6,0,60.1,0,0,0,0,0,0,0,0,66
2025-09-29T13:20:47.194Z,59.5,21.1,1.93,50.4,0,60.1,0,0,0,0,0,0,0,0,66
2025-09-29T13:20:48.201Z,59.5,21.1,1.931,49.6,0,60.1,0,0,0,0,0,0,0,0,66
2025-09-29T13:20:49.198Z,59.5,21.1,1.931,49.6,0,60.1,0,0,0,0,0,0,0,0,66
2025-09-29T13:20:50.200Z,59.5,21.1,1.931,49.6,0,60.1,0,0,0,0,0,0,0,0,66
2025-09-29T13:20:51.199Z,59.5,21.1,1.931,50.4,0,60.1,0,0,0,0,0,0,0,0,66
2025-09-29T13:20:52.197Z,59.5,21.1,1.931,49.6,0,60.1,0,0,0,0,0,0,0,0,66
2025-09-29T13:20:53.204Z,59.5,21.1,1.931,50.4,0,60.1,0,0,0,0,0,0,0,0,66
2025-09-29T13:20:54.205Z,59.5,21.1,1.931,49.6,0,60.1,0,0,0,0,0,0,0,0,66
2025-09-29T13:20:55.205Z,59.5,21.1,1.931,50.4,0,60.1,0,0,0,0,0,0,0,0,66
2025-09-29T13:20:56.209Z,59.4,21.1,1.931,49.6,0,60.1,0,0,0,0,0,0,0,0,66
2025-09-29T13:20:57.204Z,59.4,21.1,1.931,50.4,0,60.1,0,0,0,0,0,0,0,0,66
2025-09-29T13:20:58.206Z,59.4,21.1,1.931,49.6,0,60.1,0,0,0,0,0,0,0,0,66
2025-09-29T13:20:59.209Z,59.4,21.1,1.931,50.4,0,60.1,0,0,0,0,0,0,0,0,66
2025-09-29T13:21:00.212Z,59.4,21.1,1.93,49.6,0,60.1,0,0,0,0,0,0,0,0,66
2025-09-29T13:21:01.210Z,59.4,21.1,1.93,50.4,0,60.1,0,0,0,0,0,0,0,0,66
2025-09-29T13:21:02.212Z,59.4,21.1,1.93,49.6,0,60.1,0,0,0,0,0,0,0,0,66
2025-09-29T13:21:03.211Z,59.4,21.1,1.93,50.4,0,60.1,0,0,0,0,0,0,0,0,66
2025-09-29T13:21:04.210Z,59.4,21.1,1.93,49.6,0,60.1,0,0,0,0,0,0,0,0,66
2025-09-29T13:21:05.212Z,59.4,21.1,1.93,50.4,0,60.1,0,0,0,0,0,0,0,0,66
2025-09-29T13:21:06.214Z,59.4,21.1,1.931,49.6,0,60.1,0,0,0,0,0,0,0,0,66
2025-09-29T13:21:07.215Z,59.4,21.1,1.93,50.4,0,60.1,0,0,0,0,0,0,0,0,66
2025-09-29T13:21:08.212Z,59.4,21.1,1.931,49.6,0,60.1,0,0,0,0,0,0,0,0,66
2025-09-29T13:21:09.214Z,59.4,21.1,1.93,50.4,0,60.1,0,0,0,0,0,0,0,0,66
2025-09-29T13:21:10.216Z,59.4,21.1,1.93,49.6,0,60.1,0,0,0,0,0,0,0,0,66
2025-09-29T13:21:11.214Z,59.4,21.1,1.93,50.4,0,60.1,0,0,0,0,0,0,0,0,66
2025-09-29T13:21:12.217Z,59.4,21.1,1.93,49.6,0,60.1,0,0,0,0,0,0,0,0,66
2025-09-29T13:21:13.218Z,59.4,21.1,1.93,50.4,0,60.1,0,0,0,0,0,0,0,0,66
2025-09-29T13:21:14.220Z,59.4,21.1,1.93,49.6,0,60.1,0,0,0,0,0,0,0,0,66
2025-09-29T13:21:14.220Z,59.4,21.1,1.93,49.6,0,60.1,0,0,0,0,0,0,0,0,66
2025-09-29T13:21:16.225Z,59.4,21.1,1.93,49.6,0,60.1,0,0,0,0,0,0,0,0,66
2025-09-29T13:21:17.223Z,59.4,21.1,1.93,50.4,0,60.1,0,0,0,0,0,0,0,0,66
2025-09-29T13:21:18.220Z,59.4,21.1,1.931,49.6,0,60.1,0,0,0,0,0,0,0,0,66
2025-09-29T13:21:19.222Z,59.4,21.1,1.93,50.4,0,60.1,0,0,0,0,0,0,0,0,66
2025-09-29T13:21:20.227Z,59.4,21.1,1.93,49.6,0,60.1,0,0,0,0,0,0,0,0,66
2025-09-29T13:21:20.227Z,59.4,21.1,1.93,49.6,0,60.1,0,0,0,0,0,0,0,0,66
2025-09-29T13:21:21.233Z,59.4,21.1,1.931,50.4,0,60.1,0,0,0,0,0,0,0,0,66
2025-09-29T13:21:23.228Z,59.4,21.1,1.93,50.4,0,60.1,0,0,0,0,0,0,0,0,66
2025-09-29T13:21:24.231Z,59.4,21.1,1.931,49.6,0,60.1,0,0,0,0,0,0,0,0,66
2025-09-29T13:21:25.229Z,59.4,21.1,1.931,50.4,0,60.1,0,0,0,0,0,0,0,0,66
2025-09-29T13:21:26.234Z,59.4,21.1,1.931,49.6,0,60.1,0,0,0,0,0,0,0,0,66
2025-09-29T13:21:27.235Z,59.4,21.1,1.931,50.4,0,60.1,0,0,0,0,0,0,0,0,66
2025-09-29T13:21:28.234Z,59.4,21.1,1.931,49.6,0,60.1,0,0,0,0,0,0,0,0,66
2025-09-29T13:21:29.234Z,59.4,21.1,1.931,50.4,0,60.1,0,0,0,0,0,0,0,0,66
2025-09-29T13:21:30.231Z,59.4,21.1,1.931,49.6,0,60.1,0,0,0,0,0,0,0,0,66
2025-09-29T13:21:31.232Z,59.4,21.1,1.931,50.4,0,60.1,0,0,0,0,0,0,0,0,66
2025-09-29T13:21:32.237Z,59.4,21.1,1.931,49.6,0,60.1,0,0,0,0,0,0,0,0,66
2025-09-29T13:21:33.238Z,59.4,21.1,1.931,50.4,0,60.1,0,0,0,0,0,0,0,0,66
2025-09-29T13:21:34.234Z,59.4,21.1,1.931,49.6,0,60.1,0,0,0,0,0,0,0,0,66
2025-09-29T13:21:35.239Z,59.4,21.1,1.931,50.4,0,60.1,0,0,0,0,0,0,0,0,66
2025-09-29T13:21:36.238Z,59.4,21.1,1.931,49.6,0,60.1,0,0,0,0,0,0,0,0,66
2025-09-29T13:21:37.240Z,59.4,21.1,1.931,49.6,0,60.1,0,0,0,0,0,0,0,0,66
2025-09-29T13:21:38.240Z,59.4,21.1,1.931,49.6,0,60.1,0,0,0,0,0,0,0,0,66
2025-09-29T13:21:39.242Z,59.4,21.1,1.931,50.4,0,60.1,0,0,0,0,0,0,0,0,66
2025-09-29T13:21:40.244Z,59.4,21.1,1.931,49.6,0,60.1,0,0,0,0,0,0,0,0,66
2025-09-29T13:21:41.241Z,59.4,21.1,1.931,50.4,0,60.1,0,0,0,0,0,0,0,0,66
2025-09-29T13:21:42.246Z,59.4,21.1,1.931,49.6,0,60.1,0,0,0,0,0,0,0,0,66
2025-09-29T13:21:43.244Z,59.4,21.1,1.931,50.4,0,60.1,0,0,0,0,0,0,0,0,66
2025-09-29T13:21:44.244Z,59.4,21.1,1.931,49.6,0,60.1,0,0,0,0,0,0,0,0,66
2025-09-29T13:21:45.247Z,59.4,21.1,1.931,50.4,0,60.1,0,0,0,0,0,0,0,0,66
2025-09-29T13:21:46.246Z,59.4,21.1,1.931,49.6,0,60.1,0,0,0,0,0,0,0,0,66
2025-09-29T13:21:47.247Z,59.4,21.1,1.931,50.4,0,60.1,0,0,0,0,0,0,0,0,66
2025-09-29T13:21:48.248Z,59.4,21.1,1.931,49.6,0,60.1,0,0,0,0,0,0,0,0,66
2025-09-29T13:21:49.251Z,59.4,21.1,1.93,50.4,0,60.1,0,0,0,0,0,0,0,0,66
2025-09-29T13:21:50.258Z,59.4,21.1,1.93,49.6,0,60.1,0,0,0,0,0,0,0,0,66
2025-09-29T13:21:51.248Z,59.4,21.1,1.931,50.4,0,60.1,0,0,0,0,0,0,0,0,66
2025-09-29T13:21:52.251Z,59.4,21.1,1.931,49.6,0,60.1,0,0,0,0,0,0,0,0,66
2025-09-29T13:21:53.254Z,59.4,21.1,1.93,49.6,0,60.1,0,0,0,0,0,0,0,0,66
2025-09-29T13:21:54.255Z,59.4,21.1,1.93,50.4,0,60.1,0,0,0,0,0,0,0,0,66
2025-09-29T13:21:55.257Z,59.4,21.1,1.93,49.6,0,60.1,0,0,0,0,0,0,0,0,66
2025-09-29T13:21:56.252Z,59.4,21.1,1.931,50.4,0,60.1,0,0,0,0,0,0,0,0,66
2025-09-29T13:21:57.256Z,59.4,21.1,1.93,49.6,0,60.1,0,0,0,0,0,0,0,0,66
2025-09-29T13:21:58.256Z,59.4,21.1,1.93,50.4,0,60.1,0,0,0,0,0,0,0,0,66
2025-09-29T13:21:59.260Z,59.4,21.1,1.93,49.6,0,60.1,0,0,0,0,0,0,0,0,66
2025-09-29T13:22:00.257Z,59.4,21.1,1.93,50.4,0,60.1,0,0,0,0,0,0,0,0,66
2025-09-29T13:22:01.257Z,59.4,21.1,1.93,49.6,0,60.1,0,0,0,0,0,0,0,0,66
2025-09-29T13:22:02.258Z,59.4,21.1,1.93,50.4,0,60.1,0,0,0,0,0,0,0,0,66
2025-09-29T13:22:03.260Z,59.4,21.1,1.93,49.6,0,60.1,0,0,0,0,0,0,0,0,66
2025-09-29T13:22:04.256Z,59.4,21.1,1.93,50.4,0,60.1,0,0,0,0,0,0,0,0,66
2025-09-29T13:22:05.260Z,59.4,21.1,1.93,49.6,0,60.1,0,0,0,0,0,0,0,0,66
2025-09-29T13:22:06.256Z,59.4,21.1,1.93,50.4,0,60.1,0,0,0,0,0,0,0,0,66
2025-09-29T13:22:07.265Z,59.4,21.1,1.93,49.6,0,60.1,0,0,0,0,0,0,0,0,66
2025-09-29T13:22:08.261Z,59.4,21.1,1.93,50.4,0,60.1,0,0,0,0,0,0,0,0,66
2025-09-29T13:22:09.264Z,59.4,21.1,1.93,49.6,0,60.1,0,0,0,0,0,0,0,0,66
2025-09-29T13:22:10.265Z,59.4,21.1,1.93,50.4,0,60.1,0,0,0,0,0,0,0,0,66
2025-09-29T13:22:11.265Z,59.4,21.1,1.93,49.6,0,60.1,0,0,0,0,0,0,0,0,66
2025-09-29T13:22:12.267Z,59.4,21.1,1.93,50.4,0,60.1,0,0,0,0,0,0,0,0,66
2025-09-29T13:22:13.266Z,59.5,21.1,1.93,49.6,0,60.1,0,0,0,0,0,0,0,0,66
2025-09-29T13:22:14.265Z,59.4,21.1,1.93,50.4,0,60.1,0,0,0,0,0,0,0,0,66
2025-09-29T13:22:15.268Z,59.5,21.1,1.93,49.6,0,60.1,0,0,0,0,0,0,0,0,66
2025-09-29T13:22:16.277Z,59.5,21.1,1.931,50.4,0,60.1,0,0,0,0,0,0,0,0,66
2025-09-29T13:22:17.273Z,59.5,21.1,1.93,49.6,0,60.1,0,0,0,0,0,0,0,0,66
2025-09-29T13:22:18.270Z,59.5,21.1,1.93,50.4,0,60.1,0,0,0,0,0,0,0,0,66
2025-09-29T13:22:19.274Z,59.5,21.1,1.93,49.6,0,60.1,0,0,0,0,0,0,0,0,66
2025-09-29T13:22:20.271Z,59.5,21.1,1.93,50.4,0,60.1,0,0,0,0,0,0,0,0,66
2025-09-29T13:22:21.277Z,59.5,21.1,1.93,49.6,0,60.1,0,0,0,0,0,0,0,0,66
2025-09-29T13:22:22.275Z,59.5,21.1,1.93,49.6,0,60.1,0,0,0,0,0,0,0,0,66
2025-09-29T13:22:23.277Z,59.5,21.1,1.93,49.6,0,60.1,0,0,0,0,0,0,0,0,66
2025-09-29T13:22:24.275Z,59.5,21.1,1.93,50.4,0,60.1,0,0,0,0,0,0,0,0,66
2025-09-29T13:22:25.278Z,59.5,21.1,1.93,49.6,0,60.1,0,0,0,0,0,0,0,0,66
2025-09-29T13:22:26.277Z,59.5,21.1,1.93,50.4,0,60.1,0,0,0,0,0,0,0,0,66
2025-09-29T13:22:27.281Z,59.5,21.1,1.931,49.6,0,60.1,0,0,0,0,0,0,0,0,66
2025-09-29T13:22:28.279Z,59.5,21.1,1.93,50.4,0,60.1,0,0,0,0,0,0,0,0,66
2025-09-29T13:22:29.283Z,59.5,21.1,1.931,49.6,0,60.1,0,0,0,0,0,0,0,0,66
2025-09-29T13:22:30.276Z,59.5,21.1,1.93,50.4,0,60.1,0,0,0,0,0,0,0,0,66
2025-09-29T13:22:31.280Z,59.5,21.1,1.93,49.6,0,60.1,0,0,0,0,0,0,0,0,66
2025-09-29T13:22:32.288Z,59.5,21.1,1.931,50.4,0,60.1,0,0,0,0,0,0,0,0,66
2025-09-29T13:22:33.284Z,59.5,21.1,1.931,49.6,0,60.1,0,0,0,0,0,0,0,0,66
2025-09-29T13:22:34.286Z,59.5,21.1,1.931,50.4,0,60,0,0,0,0,0,0,0,0,66
2025-09-29T13:22:35.287Z,59.5,21.1,1.931,49.6,0,60,0,0,0,0,0,0,0,0,66
2025-09-29T13:22:36.286Z,59.5,21.1,1.931,50.4,0,60.1,0,0,0,0,0,0,0,0,66
2025-09-29T13:22:37.296Z,59.5,21.1,1.931,49.6,0,60.1,0,0,0,0,0,0,0,0,66
2025-09-29T13:22:38.289Z,59.5,21.1,1.931,50.4,0,60.1,0,0,0,0,0,0,0,0,66
2025-09-29T13:22:39.288Z,59.5,21.1,1.931,49.6,0,60,0,0,0,0,0,0,0,0,66
2025-09-29T13:22:40.291Z,59.5,21.1,1.931,50.4,0,60,0,0,0,0,0,0,0,0,66
2025-09-29T13:22:41.292Z,59.5,21.1,1.931,49.6,0,60,0,0,0,0,0,0,0,0,66
2025-09-29T13:22:42.290Z,59.5,21.1,1.931,50.4,0,60,0,0,0,0,0,0,0,0,66
2025-09-29T13:22:43.297Z,59.5,21.1,1.931,49.6,0,60,0,0,0,0,0,0,0,0,66
2025-09-29T13:22:44.293Z,59.5,21.1,1.931,50.4,0,60.1,0,0,0,0,0,0,0,0,66
2025-09-29T13:22:45.294Z,59.5,21.1,1.931,49.6,0,60.1,0,0,0,0,0,0,0,0,66
2025-09-29T13:22:46.296Z,59.5,21.1,1.931,49.6,0,60.1,0,0,0,0,0,0,0,0,66
2025-09-29T13:22:47.302Z,59.5,21.1,1.93,49.6,0,60,0,0,0,0,0,0,0,0,66
2025-09-29T13:22:48.300Z,59.5,21.1,1.931,50.4,0,60.1,0,0,0,0,0,0,0,0,66
2025-09-29T13:22:49.299Z,59.5,21.1,1.931,49.6,0,60.1,0,0,0,0,0,0,0,0,66
2025-09-29T13:22:50.299Z,59.5,21.1,1.931,50.4,0,60.1,0,0,0,0,0,0,0,0,66
2025-09-29T13:22:51.302Z,59.6,21.1,1.931,49.6,0,60.1,0,0,0,0,0,0,0,0,66
2025-09-29T13:22:52.306Z,59.6,21.1,1.93,50.4,0,60.1,0,0,0,0,0,0,0,0,66
2025-09-29T13:22:53.306Z,59.6,21.1,1.93,49.6,0,60.1,0,0,0,0,0,0,0,0,66
2025-09-29T13:22:54.302Z,59.6,21.1,1.931,50.4,0,60.1,0,0,0,0,0,0,0,0,66
2025-09-29T13:22:55.305Z,59.6,21.1,1.931,50.4,0,60.1,0,0,0,0,0,0,0,0,66
2025-09-29T13:22:56.304Z,59.6,21.1,1.931,49.6,0,60,0,0,0,0,0,0,0,0,66
2025-09-29T13:22:57.307Z,59.6,21.1,1.93,49.6,0,60.1,0,0,0,0,0,0,0,0,66
2025-09-29T13:22:58.308Z,59.6,21.1,1.93,49.6,0,60.1,0,0,0,0,0,0,0,0,66
2025-09-29T13:22:59.311Z,59.6,21.1,1.93,50.4,0,60.1,0,0,0,0,0,0,0,0,66
2025-09-29T13:23:00.310Z,59.6,21.1,1.93,49.6,0,60.1,0,0,0,0,0,0,0,0,66
2025-09-29T13:23:01.313Z,59.6,21.1,1.93,49.6,0,60.1,0,0,0,0,0,0,0,0,66
2025-09-29T13:23:02.308Z,59.6,21.1,1.931,49.6,0,60.1,0,0,0,0,0,0,0,0,66
2025-09-29T13:23:03.312Z,59.6,21.1,1.93,50.4,0,60.1,0,0,0,0,0,0,0,0,66
2025-09-29T13:23:04.312Z,59.6,21.1,1.929,49.6,0,60.1,0,0,0,0,0,0,0,0,66
2025-09-29T13:23:05.314Z,59.6,21.1,1.93,50.4,0,60.1,0,0,0,0,0,0,0,0,66
2025-09-29T13:23:06.321Z,59.6,21.1,1.93,49.6,0,60.1,0,0,0,0,0,0,0,0,66
2025-09-29T13:23:07.316Z,59.6,21.1,1.93,50.4,0,60.1,0,0,0,0,0,0,0,0,66
2025-09-29T13:23:08.314Z,59.6,21.1,1.93,49.6,0,60.1,0,0,0,0,0,0,0,0,66
2025-09-29T13:23:09.323Z,59.6,21.1,1.929,50.4,0,60.1,0,0,0,0,0,0,0,0,66
2025-09-29T13:23:10.318Z,59.6,21.1,1.93,49.6,0,60.1,0,0,0,0,0,0,0,0,66
2025-09-29T13:23:11.321Z,59.6,21.1,1.929,50.4,0,60,0,0,0,0,0,0,0,0,66
2025-09-29T13:23:12.325Z,59.6,21.1,1.93,49.6,0,60.1,0,0,0,0,0,0,0,0,66
2025-09-29T13:23:13.326Z,59.6,21.1,1.93,50.4,0,60.1,0,0,0,0,0,0,0,0,66
2025-09-29T13:23:14.323Z,59.7,21.1,1.929,49.6,0,60.1,0,0,0,0,0,0,0,0,66
2025-09-29T13:23:15.321Z,59.7,21.1,1.929,50.4,0,60.1,0,0,0,0,0,0,0,0,66
2025-09-29T13:23:16.322Z,59.7,21.1,1.929,49.6,0,60.1,0,0,0,0,0,0,0,0,66
2025-09-29T13:23:17.324Z,59.7,21.1,1.929,49.6,0,60.1,0,0,0,0,0,0,0,0,66
2025-09-29T13:23:18.326Z,59.7,21.1,1.929,49.6,0,60.1,0,0,0,0,0,0,0,0,66
2025-09-29T13:23:19.325Z,59.7,21.1,1.929,50.4,0,60.1,0,0,0,0,0,0,0,0,66
2025-09-29T13:23:20.329Z,59.7,21.1,1.93,49.6,0,60.1,0,0,0,0,0,0,0,0,66
2025-09-29T13:23:21.327Z,59.7,21.1,1.929,50.4,0,60.1,0,0,0,0,0,0,0,0,66
2025-09-29T13:23:22.328Z,59.7,21.1,1.929,49.6,0,60.1,0,0,0,0,0,0,0,0,66
2025-09-29T13:23:23.337Z,59.7,21.1,1.93,50.4,0,60.1,0,0,0,0,0,0,0,0,66
2025-09-29T13:23:24.336Z,59.7,21.1,1.929,49.6,0,60.1,0,0,0,0,0,0,0,0,66
2025-09-29T13:23:25.333Z,59.7,21.1,1.93,50.4,0,60.1,0,0,0,0,0,0,0,0,66
2025-09-29T13:23:26.337Z,59.7,21.1,1.93,49.6,0,60.1,0,0,0,0,0,0,0,0,66
2025-09-29T13:23:27.335Z,59.7,21.1,1.929,50.4,0,60.1,0,0,0,0,0,0,0,0,66
2025-09-29T13:23:28.338Z,59.7,21.1,1.929,49.6,0,60.1,0,0,0,0,0,0,0,0,66
2025-09-29T13:23:29.338Z,59.7,21.1,1.93,50.4,0,60.1,0,0,0,0,0,0,0,0,66
2025-09-29T13:23:30.340Z,59.7,21.1,1.929,49.6,0,60.1,0,0,0,0,0,0,0,0,66
2025-09-29T13:23:31.335Z,59.7,21.1,1.929,50.4,0,60.1,0,0,0,0,0,0,0,0,66
2025-09-29T13:23:32.338Z,59.7,21.1,1.929,49.6,0,60.1,0,0,0,0,0,0,0,0,66
2025-09-29T13:23:33.337Z,59.7,21.1,1.929,50.4,0,60.1,0,0,0,0,0,0,0,0,66
2025-09-29T13:23:34.341Z,59.7,21.1,1.929,49.6,0,60.1,0,0,0,0,0,0,0,0,66
2025-09-29T13:23:35.340Z,59.8,21.1,1.929,50.4,0,60.1,0,0,0,0,0,0,0,0,66
2025-09-29T13:23:36.343Z,59.8,21.1,1.929,49.6,0,60.1,0,0,0,0,0,0,0,0,66
2025-09-29T13:23:37.343Z,59.8,21.1,1.929,50.4,0,60.1,0,0,0,0,0,0,0,0,66
2025-09-29T13:23:38.343Z,59.8,21.1,1.929,49.6,0,60.1,0,0,0,0,0,0,0,0,66
2025-09-29T13:23:39.343Z,59.8,21.1,1.929,50.4,0,60.1,0,0,0,0,0,0,0,0,66
2025-09-29T13:23:40.343Z,59.8,21.1,1.929,49.6,0,60.1,0,0,0,0,0,0,0,0,66
2025-09-29T13:23:41.347Z,59.8,21.1,1.928,50.4,0,60.1,0,0,0,0,0,0,0,0,66
2025-09-29T13:23:42.347Z,59.8,21.1,1.928,49.6,0,60.1,0,0,0,0,0,0,0,0,66
2025-09-29T13:23:43.348Z,59.8,21.1,1.928,49.6,0,60.1,0,0,0,0,0,0,0,0,66
2025-09-29T13:23:44.349Z,59.8,21.1,1.928,49.6,0,60.1,0,0,0,0,0,0,0,0,66
2025-09-29T13:23:45.350Z,59.8,21.1,1.928,50.4,0,60.1,0,0,0,0,0,0,0,0,66
2025-09-29T13:23:46.349Z,59.8,21.1,1.928,49.6,0,60.1,0,0,0,0,0,0,0,0,66
2025-09-29T13:23:47.351Z,59.8,21.1,1.928,50.4,0,60.1,0,0,0,0,0,0,0,0,66
2025-09-29T13:23:48.355Z,59.8,21.1,1.928,49.6,0,60.1,0,0,0,0,0,0,0,0,66
2025-09-29T13:23:49.356Z,59.8,21.1,1.928,49.6,0,60.1,0,0,0,0,0,0,0,0,66
2025-09-29T13:23:50.355Z,59.8,21.1,1.928,49.6,0,60.1,0,0,0,0,0,0,0,0,66
2025-09-29T13:23:51.359Z,59.8,21.1,1.928,50.4,0,60.1,0,0,0,0,0,0,0,0,66
2025-09-29T13:23:52.356Z,59.8,21.1,1.928,49.6,0,60.1,0,0,0,0,0,0,0,0,66
2025-09-29T13:23:53.355Z,59.8,21.1,1.928,50.4,0,60.1,0,0,0,0,0,0,0,0,66
2025-09-29T13:23:54.364Z,59.8,21.1,1.929,49.6,0,60.1,0,0,0,0,0,0,0,0,66
2025-09-29T13:23:55.359Z,59.9,21.1,1.928,49.6,0,60.1,0,0,0,0,0,0,0,0,66
2025-09-29T13:23:56.363Z,59.9,21.1,1.928,50.4,0,60.1,0,0,0,0,0,0,0,0,66
2025-09-29T13:23:57.361Z,59.9,21.1,1.928,49.6,0,60.1,0,0,0,0,0,0,0,0,66
2025-09-29T13:23:58.361Z,59.9,21.1,1.928,49.6,0,60,0,0,0,0,0,0,0,0,66
2025-09-29T13:23:59.365Z,59.9,21.1,1.928,50.4,0,60,0,0,0,0,0,0,0,0,66
2025-09-29T13:24:00.362Z,59.9,21.1,1.929,49.6,0,60,0,0,0,0,0,0,0,0,66
2025-09-29T13:24:01.369Z,59.9,21.1,1.929,50.4,0,60.1,0,0,0,0,0,0,0,0,66
2025-09-29T13:24:02.367Z,59.9,21.1,1.928,49.6,0,60,0,0,0,0,0,0,0,0,66
2025-09-29T13:24:03.366Z,59.9,21.1,1.928,49.6,0,60.1,0,0,0,0,0,0,0,0,66
2025-09-29T13:24:04.368Z,59.9,21.1,1.928,50.4,0,60.1,0,0,0,0,0,0,0,0,66
2025-09-29T13:24:05.370Z,59.9,21.1,1.928,49.6,0,60.1,0,0,0,0,0,0,0,0,66
2025-09-29T13:24:06.372Z,59.9,21.1,1.928,49.6,0,60,0,0,0,0,0,0,0,0,66
2025-09-29T13:24:07.370Z,59.9,21.1,1.928,50.4,0,60,0,0,0,0,0,0,0,0,66
2025-09-29T13:24:08.371Z,59.9,21.1,1.928,49.6,0,60,0,0,0,0,0,0,0,0,66
2025-09-29T13:24:09.368Z,59.9,21.1,1.928,49.6,0,60,0,0,0,0,0,0,0,0,66
2025-09-29T13:24:10.369Z,60,21.1,1.928,50.4,0,60,0,0,0,0,0,0,0,0,66
2025-09-29T13:24:11.372Z,60,21.1,1.928,50.4,0,60,0,0,0,0,0,0,0,0,66
2025-09-29T13:24:12.382Z,60,21.1,1.927,49.6,0,60,0,0,0,0,0,0,0,0,66
2025-09-29T13:24:13.381Z,60,21.1,1.927,50.4,0,60,0,0,0,0,0,0,0,0,66
2025-09-29T13:24:14.379Z,60,21.1,1.927,49.6,0,60,0,0,0,0,0,0,0,0,66
2025-09-29T13:24:15.378Z,60,21.1,1.927,49.6,0,60,0,0,0,0,0,0,0,0,66
2025-09-29T13:24:15.378Z,60,21.1,1.927,49.6,0,60,0,0,0,0,0,0,0,0,66
2025-09-29T13:24:17.389Z,60,21.1,1.926,50.4,0,60,0,0,0,0,0,0,0,0,66
2025-09-29T13:24:18.392Z,60,21.1,1.926,49.6,0,60,0,0,0,0,0,0,0,0,66
2025-09-29T13:24:19.387Z,60,21.1,1.926,50.4,0,60,0,0,0,0,0,0,0,0,66
2025-09-29T13:24:20.395Z,60,21.1,1.926,49.6,0,60,0,0,0,0,0,0,0,0,66
2025-09-29T13:24:21.382Z,60,21.1,1.928,49.6,0,60,0,0,0,0,0,0,0,0,66
2025-09-29T13:24:22.392Z,60,21.1,1.926,50.4,0,60,0,0,0,0,0,0,0,0,66
2025-09-29T13:24:23.387Z,60,21.1,1.926,49.6,0,60,0,0,0,0,0,0,0,0,66
2025-09-29T13:24:24.393Z,60,21.1,1.926,49.6,0,60,0,0,0,0,0,0,0,0,66
2025-09-29T13:24:25.387Z,60,21.1,1.926,50.4,0,60,0,0,0,0,0,0,0,0,66
2025-09-29T13:24:26.397Z,60,21.1,1.926,50.4,0,60,0,0,0,0,0,0,0,0,66
2025-09-29T13:24:27.393Z,60,21.1,1.926,49.6,0,60,0,0,0,0,0,0,0,0,66
2025-09-29T13:24:28.397Z,60,21.1,1.926,50.4,0,60,0,0,0,0,0,0,0,0,66
2025-09-29T13:24:29.392Z,60.1,21.1,1.926,49.6,0,60,0,0,0,0,0,0,0,0,66
2025-09-29T13:24:30.391Z,60.1,21.1,1.926,50.4,0,60,0,0,0,0,0,0,0,0,66
2025-09-29T13:24:31.393Z,60.1,21.1,1.926,50.4,0,60,0,0,0,0,0,0,0,0,66
2025-09-29T13:24:32.391Z,60.1,21.1,1.926,49.6,0,60,0,0,0,0,0,0,0,0,66
2025-09-29T13:24:33.392Z,60.1,21.1,1.926,50.4,0,60,0,0,0,0,0,0,0,0,66
2025-09-29T13:24:34.398Z,60.1,21.1,1.926,49.6,0,60,0,0,0,0,0,0,0,0,66
2025-09-29T13:24:35.398Z,60.1,21.1,1.927,50.4,0,60,0,0,0,0,0,0,0,0,66
2025-09-29T13:24:36.398Z,60.1,21.1,1.926,50.4,0,60,0,0,0,0,0,0,0,0,66
2025-09-29T13:24:37.399Z,60.1,21.1,1.927,49.6,0,60,0,0,0,0,0,0,0,0,66
2025-09-29T13:24:38.400Z,60.1,21.1,1.927,49.6,0,60,0,0,0,0,0,0,0,0,66
2025-09-29T13:24:39.400Z,60.1,21.1,1.927,49.6,0,60,0,0,0,0,0,0,0,0,66
2025-09-29T13:24:40.399Z,60.1,21.1,1.927,50.4,0,60,0,0,0,0,0,0,0,0,66
2025-09-29T13:24:41.404Z,60.1,21.1,1.927,49.6,0,60,0,0,0,0,0,0,0,0,66
2025-09-29T13:24:42.406Z,60.1,21.1,1.927,50.4,0,60,0,0,0,0,0,0,0,0,66
2025-09-29T13:24:43.408Z,60.1,21.1,1.927,49.6,0,60,0,0,0,0,0,0,0,0,66
2025-09-29T13:24:44.404Z,60.1,21.1,1.927,49.6,0,60,0,0,0,0,0,0,0,0,66
2025-09-29T13:24:45.406Z,60.2,21.1,1.927,50.4,0,60,0,0,0,0,0,0,0,0,66
2025-09-29T13:24:46.404Z,60.2,21.1,1.927,49.6,0,60,0,0,0,0,0,0,0,0,66
2025-09-29T13:24:47.409Z,60.2,21.1,1.927,49.6,0,60,0,0,0,0,0,0,0,0,66
2025-09-29T13:24:48.405Z,60.2,21.1,1.927,50.4,0,60,0,0,0,0,0,0,0,0,66
2025-09-29T13:24:49.409Z,60.2,21.1,1.927,49.6,0,60,0,0,0,0,0,0,0,0,66
2025-09-29T13:24:50.414Z,60.2,21.1,1.926,49.6,0,60,0,0,0,0,0,0,0,0,66
2025-09-29T13:24:51.411Z,60.2,21.1,1.927,50.4,0,60,0,0,0,0,0,0,0,0,66
2025-09-29T13:24:52.415Z,60.2,21.1,1.926,50.4,0,60,0,0,0,0,0,0,0,0,66
2025-09-29T13:24:53.414Z,60.2,21.1,1.926,49.6,0,60,0,0,0,0,0,0,0,0,66
2025-09-29T13:24:54.419Z,60.2,21.1,1.926,50.4,0,60,0,0,0,0,0,0,0,0,66
2025-09-29T13:24:55.413Z,60.2,21.1,1.927,50.4,0,60,0,0,0,0,0,0,0,0,66
2025-09-29T13:24:56.423Z,60.2,21.1,1.926,49.6,0,60,0,0,0,0,0,0,0,0,66
2025-09-29T13:24:57.424Z,60.2,21.1,1.926,50.4,0,60,0,0,0,0,0,0,0,0,66
2025-09-29T13:24:58.423Z,60.2,21.1,1.926,49.6,0,60,0,0,0,0,0,0,0,0,66
2025-09-29T13:24:59.422Z,60.3,21.1,1.926,50.4,0,60,0,0,0,0,0,0,0,0,66
2025-09-29T13:25:00.421Z,60.3,21.1,1.926,49.6,0,60,0,0,0,0,0,0,0,0,66
2025-09-29T13:25:01.420Z,60.3,21.1,1.926,50.4,0,60,0,0,0,0,0,0,0,0,66
2025-09-29T13:25:02.419Z,60.3,21.1,1.926,49.6,0,60,0,0,0,0,0,0,0,0,66
2025-09-29T13:25:03.420Z,60.3,21.1,1.925,49.6,0,60,0,0,0,0,0,0,0,0,66
2025-09-29T13:25:04.424Z,60.3,21.1,1.926,50.4,0,60,0,0,0,0,0,0,0,0,66
2025-09-29T13:25:05.424Z,60.3,21.1,1.926,50.4,0,60,0,0,0,0,0,0,0,0,66
2025-09-29T13:25:06.424Z,60.3,21.1,1.926,49.6,0,60,0,0,0,0,0,0,0,0,66
2025-09-29T13:25:07.424Z,60.3,21.1,1.925,50.4,0,60,0,0,0,0,0,0,0,0,66
2025-09-29T13:25:08.426Z,60.3,21.1,1.925,49.6,0,60,0,0,0,0,0,0,0,0,66
2025-09-29T13:25:09.426Z,60.3,21.1,1.926,50.4,0,60,0,0,0,0,0,0,0,0,66
2025-09-29T13:25:10.428Z,60.3,21.1,1.926,49.6,0,60,0,0,0,0,0,0,0,0,66
2025-09-29T13:25:11.431Z,60.3,21.1,1.926,50.4,0,60,0,0,0,0,0,0,0,0,66
2025-09-29T13:25:12.428Z,60.3,21.1,1.925,49.6,0,60,0,0,0,0,0,0,0,0,66
2025-09-29T13:25:13.434Z,60.3,21.1,1.926,49.6,0,60,0,0,0,0,0,0,0,0,66
2025-09-29T13:25:14.431Z,60.3,21.1,1.926,50.4,0,60,0,0,0,0,0,0,0,0,66
2025-09-29T13:25:15.437Z,60.3,21.1,1.926,49.6,0,60,0,0,0,0,0,0,0,0,66
2025-09-29T13:25:16.438Z,60.4,21.1,1.926,49.6,0,60,0,0,0,0,0,0,0,0,66
2025-09-29T13:25:17.437Z,60.4,21.1,1.926,50.4,0,60,0,0,0,0,0,0,0,0,66
2025-09-29T13:25:18.439Z,60.4,21.1,1.926,49.6,0,60,0,0,0,0,0,0,0,0,66
2025-09-29T13:25:19.441Z,60.4,21.1,1.926,50.4,0,60,0,0,0,0,0,0,0,0,66
2025-09-29T13:25:20.440Z,60.4,21.1,1.926,50.4,0,60,0,0,0,0,0,0,0,0,66
2025-09-29T13:25:21.440Z,60.4,21.1,1.926,49.6,0,60,0,0,0,0,0,0,0,0,66
2025-09-29T13:25:22.444Z,60.4,21.1,1.926,50.4,0,60,0,0,0,0,0,0,0,0,66
2025-09-29T13:25:23.441Z,60.4,21.1,1.926,49.6,0,60,0,0,0,0,0,0,0,0,66
2025-09-29T13:25:24.442Z,60.4,21.1,1.926,50.4,0,60,0,0,0,0,0,0,0,0,66
2025-09-29T13:25:25.444Z,60.4,21.1,1.926,49.6,0,60,0,0,0,0,0,0,0,0,66
2025-09-29T13:25:26.446Z,60.4,21.1,1.926,49.6,0,60,0,0,0,0,0,0,0,0,66
2025-09-29T13:25:27.452Z,60.4,21.1,1.925,50.4,0,60,0,0,0,0,0,0,0,0,66
2025-09-29T13:25:28.454Z,60.4,21.1,1.925,49.6,0,60,0,0,0,0,0,0,0,0,66
2025-09-29T13:25:29.447Z,60.4,21.1,1.925,49.6,0,60,0,0,0,0,0,0,0,0,66
2025-09-29T13:25:30.446Z,60.4,21.1,1.925,50.4,0,60,0,0,0,0,0,0,0,0,66
2025-09-29T13:25:31.450Z,60.5,21.1,1.925,49.6,0,60,0,0,0,0,0,0,0,0,66
2025-09-29T13:25:32.449Z,60.5,21.1,1.925,50.4,0,60,0,0,0,0,0,0,0,0,66
2025-09-29T13:25:33.448Z,60.5,21.1,1.925,49.6,0,60,0,0,0,0,0,0,0,0,66
2025-09-29T13:25:34.450Z,60.5,21.1,1.925,49.6,0,60,0,0,0,0,0,0,0,0,66
2025-09-29T13:25:35.450Z,60.5,21.1,1.925,50.4,0,60,0,0,0,0,0,0,0,0,66
2025-09-29T13:25:36.451Z,60.5,21.1,1.925,49.6,0,60,0,0,0,0,0,0,0,0,66
2025-09-29T13:25:37.453Z,60.5,21.1,1.925,49.6,0,60,0,0,0,0,0,0,0,0,66
2025-09-29T13:25:38.456Z,60.5,21.1,1.925,50.4,0,60,0,0,0,0,0,0,0,0,66
2025-09-29T13:25:39.455Z,60.5,21.1,1.925,50.4,0,60,0,0,0,0,0,0,0,0,66
2025-09-29T13:25:40.458Z,60.5,21.1,1.925,49.6,0,60,0,0,0,0,0,0,0,0,66
2025-09-29T13:25:41.462Z,60.5,21.1,1.925,50.4,0,60,0,0,0,0,0,0,0,0,66
2025-09-29T13:25:42.458Z,60.5,21.1,1.925,49.6,0,60,0,0,0,0,0,0,0,0,66
2025-09-29T13:25:43.460Z,60.5,21.1,1.924,50.4,0,60,0,0,0,0,0,0,0,0,66
2025-09-29T13:25:44.459Z,60.5,21.1,1.925,49.6,0,60,0,0,0,0,0,0,0,0,66
2025-09-29T13:25:45.462Z,60.5,21.1,1.924,49.6,0,60,0,0,0,0,0,0,0,0,66
2025-09-29T13:25:46.461Z,60.5,21.1,1.924,50.4,0,60,0,0,0,0,0,0,0,0,66
2025-09-29T13:25:47.464Z,60.5,21.1,1.924,49.6,0,60,0,0,0,0,0,0,0,0,66
2025-09-29T13:25:48.467Z,60.6,21.1,1.925,50.4,0,60,0,0,0,0,0,0,0,0,66
2025-09-29T13:25:49.466Z,60.6,21.1,1.925,50.4,0,60,0,0,0,0,0,0,0,0,66
2025-09-29T13:25:50.464Z,60.6,21.1,1.924,49.6,0,60,0,0,0,0,0,0,0,0,66
2025-09-29T13:25:51.465Z,60.6,21.1,1.924,50.4,0,60,0,0,0,0,0,0,0,0,66
2025-09-29T13:25:52.472Z,60.6,21.1,1.925,49.6,0,60,0,0,0,0,0,0,0,0,66
2025-09-29T13:25:53.470Z,60.6,21.1,1.925,50.4,0,60,0,0,0,0,0,0,0,0,66
2025-09-29T13:25:54.472Z,60.6,21.1,1.925,49.6,0,60,0,0,0,0,0,0,0,0,66
2025-09-29T13:25:55.471Z,60.6,21.1,1.924,49.6,0,60,0,0,0,0,0,0,0,0,66
2025-09-29T13:25:56.475Z,60.6,21.1,1.925,50.4,0,60,0,0,0,0,0,0,0,0,66
2025-09-29T13:25:57.475Z,60.6,21.1,1.925,49.6,0,60,0,0,0,0,0,0,0,0,66
2025-09-29T13:25:58.480Z,60.6,21.1,1.925,50.4,0,60,0,0,0,0,0,0,0,0,66
2025-09-29T13:25:59.473Z,60.6,21.1,1.925,50.4,0,60,0,0,0,0,0,0,0,0,66
2025-09-29T13:26:00.477Z,60.6,21.1,1.925,49.6,0,60,0,0,0,0,0,0,0,0,66
2025-09-29T13:26:01.475Z,60.6,21.1,1.925,50.4,0,60,0,0,0,0,0,0,0,0,66
2025-09-29T13:26:02.477Z,60.6,21.1,1.925,49.6,0,60,0,0,0,0,0,0,0,0,66
2025-09-29T13:26:03.473Z,60.6,21.1,1.924,50.4,0,60,0,0,0,0,0,0,0,0,66
2025-09-29T13:26:04.476Z,60.6,21.1,1.924,49.6,0,60,0,0,0,0,0,0,0,0,66
2025-09-29T13:26:05.478Z,60.6,21.1,1.925,50.4,0,60,0,0,0,0,0,0,0,0,66
2025-09-29T13:26:06.480Z,60.6,21.1,1.924,49.6,0,60,0,0,0,0,0,0,0,0,66
2025-09-29T13:26:07.479Z,60.7,21.1,1.925,49.6,0,60,0,0,0,0,0,0,0,0,66
2025-09-29T13:26:08.481Z,60.7,21.1,1.925,50.4,0,60,0,0,0,0,0,0,0,0,66
2025-09-29T13:26:09.479Z,60.7,21.1,1.925,49.6,0,60,0,0,0,0,0,0,0,0,66
2025-09-29T13:26:10.483Z,60.7,21.1,1.925,49.6,0,60,0,0,0,0,0,0,0,0,66
2025-09-29T13:26:11.484Z,60.7,21.1,1.923,50.4,0,60,0,0,0,0,0,0,0,0,66
2025-09-29T13:26:12.486Z,60.7,21.1,1.923,49.6,0,60,0,0,0,0,0,0,0,0,66
2025-09-29T13:26:13.488Z,60.7,21.1,1.923,50.4,0,60,0,0,0,0,0,0,0,0,66
2025-09-29T13:26:14.485Z,60.7,21.1,1.925,50.4,0,60,0,0,0,0,0,0,0,0,66
2025-09-29T13:26:15.491Z,60.7,21.1,1.923,49.6,0,60,0,0,0,0,0,0,0,0,66
2025-09-29T13:26:16.492Z,60.7,21.1,1.924,50.4,0,60,0,0,0,0,0,0,0,0,66
2025-09-29T13:26:17.490Z,60.7,21.1,1.923,49.6,0,60,0,0,0,0,0,0,0,0,66
2025-09-29T13:26:18.492Z,60.7,21.1,1.923,50.4,0,59.9,0,0,0,0,0,0,0,0,66
2025-09-29T13:26:19.496Z,60.7,21.1,1.923,49.6,0,60,0,0,0,0,0,0,0,0,66
2025-09-29T13:26:20.489Z,60.7,21.1,1.923,50.4,0,60,0,0,0,0,0,0,0,0,66
2025-09-29T13:26:21.495Z,60.7,21.1,1.923,50.4,0,60,0,0,0,0,0,0,0,0,66
2025-09-29T13:26:22.492Z,60.7,21.1,1.923,49.6,0,60,0,0,0,0,0,0,0,0,66
2025-09-29T13:26:23.493Z,60.7,21.1,1.923,50.4,0,60,0,0,0,0,0,0,0,0,66
2025-09-29T13:26:24.495Z,60.7,21.1,1.923,49.6,0,60,0,0,0,0,0,0,0,0,66
2025-09-29T13:26:25.497Z,60.7,21.1,1.923,49.6,0,60,0,0,0,0,0,0,0,0,66
2025-09-29T13:26:26.501Z,60.7,21.1,1.924,49.6,0,60,0,0,0,0,0,0,0,0,66
2025-09-29T13:26:27.501Z,60.8,21.1,1.923,50.4,0,59.9,0,0,0,0,0,0,0,0,66
2025-09-29T13:26:28.497Z,60.8,21.1,1.923,49.6,0,60,0,0,0,0,0,0,0,0,66
2025-09-29T13:26:29.502Z,60.8,21.1,1.924,49.6,0,60,0,0,0,0,0,0,0,0,66
2025-09-29T13:26:30.500Z,60.8,21.1,1.923,50.4,0,59.9,0,0,0,0,0,0,0,0,66
2025-09-29T13:26:31.501Z,60.8,21.1,1.923,49.6,0,59.9,0,0,0,0,0,0,0,0,66
2025-09-29T13:26:32.500Z,60.8,21.1,1.923,49.6,0,60,0,0,0,0,0,0,0,0,66
2025-09-29T13:26:33.502Z,60.8,21.1,1.923,50.4,0,59.9,0,0,0,0,0,0,0,0,66
2025-09-29T13:26:34.506Z,60.8,21.1,1.924,49.6,0,59.9,0,0,0,0,0,0,0,0,66
2025-09-29T13:26:35.506Z,60.8,21.1,1.924,50.4,0,59.9,0,0,0,0,0,0,0,0,66
2025-09-29T13:26:36.506Z,60.8,21.1,1.924,50.4,0,59.9,0,0,0,0,0,0,0,0,66
2025-09-29T13:26:37.510Z,60.8,21.1,1.924,49.6,0,59.9,0,0,0,0,0,0,0,0,66
2025-09-29T13:26:38.515Z,60.8,21.1,1.924,49.6,0,59.9,0,0,0,0,0,0,0,0,66
2025-09-29T13:26:39.515Z,60.8,21.1,1.924,49.6,0,59.9,0,0,0,0,0,0,0,0,66
2025-09-29T13:26:40.511Z,60.8,21.1,1.924,50.4,0,59.9,0,0,0,0,0,0,0,0,66
2025-09-29T13:26:41.512Z,60.8,21.1,1.924,50.4,0,59.9,0,0,0,0,0,0,0,0,66
2025-09-29T13:26:42.513Z,60.8,21.1,1.924,49.6,0,59.9,0,0,0,0,0,0,0,0,66
2025-09-29T13:26:43.515Z,60.8,21.1,1.924,50.4,0,59.9,0,0,0,0,0,0,0,0,66
2025-09-29T13:26:44.517Z,60.8,21.1,1.924,49.6,0,59.9,0,0,0,0,0,0,0,0,66
2025-09-29T13:26:45.516Z,60.8,21.1,1.924,49.6,0,59.9,0,0,0,0,0,0,0,0,66
2025-09-29T13:26:46.522Z,60.8,21.1,1.923,50.4,0,59.9,0,0,0,0,0,0,0,0,66
2025-09-29T13:26:47.522Z,60.8,21.1,1.923,49.6,0,59.9,0,0,0,0,0,0,0,0,66
2025-09-29T13:26:48.517Z,60.8,21.1,1.924,50.4,0,59.9,0,0,0,0,0,0,0,0,66
2025-09-29T13:26:49.527Z,60.8,21.1,1.923,50.4,0,59.9,0,0,0,0,0,0,0,0,66
2025-09-29T13:26:50.521Z,60.8,21.1,1.923,49.6,0,59.9,0,0,0,0,0,0,0,0,66
2025-09-29T13:26:51.524Z,60.8,21.1,1.923,50.4,0,59.9,0,0,0,0,0,0,0,0,66
2025-09-29T13:26:52.521Z,60.8,21.1,1.923,49.6,0,59.9,0,0,0,0,0,0,0,0,66
2025-09-29T13:26:53.522Z,60.8,21.1,1.923,50.4,0,59.9,0,0,0,0,0,0,0,0,66
2025-09-29T13:26:54.526Z,60.8,21.1,1.923,49.6,0,59.9,0,0,0,0,0,0,0,0,66
2025-09-29T13:26:55.527Z,60.8,21.1,1.923,49.6,0,59.9,0,0,0,0,0,0,0,0,66
2025-09-29T13:26:56.527Z,60.8,21.1,1.923,50.4,0,59.9,0,0,0,0,0,0,0,0,66
2025-09-29T13:26:57.527Z,60.8,21.1,1.923,49.6,0,59.9,0,0,0,0,0,0,0,0,66
2025-09-29T13:26:58.529Z,60.8,21.1,1.923,50.4,0,59.9,0,0,0,0,0,0,0,0,66
2025-09-29T13:26:59.534Z,60.8,21.1,1.923,50.4,0,59.9,0,0,0,0,0,0,0,0,66
2025-09-29T13:27:00.533Z,60.9,21.1,1.923,49.6,0,59.9,0,0,0,0,0,0,0,0,66
2025-09-29T13:27:01.528Z,60.9,21.1,1.923,50.4,0,59.9,0,0,0,0,0,0,0,0,66
2025-09-29T13:27:02.532Z,60.9,21.1,1.923,49.6,0,59.9,0,0,0,0,0,0,0,0,66
2025-09-29T13:27:03.536Z,60.9,21.1,1.923,50.4,0,59.9,0,0,0,0,0,0,0,0,66
2025-09-29T13:27:04.535Z,60.9,21.1,1.923,49.6,0,59.9,0,0,0,0,0,0,0,0,66
2025-09-29T13:27:05.532Z,60.9,21.1,1.923,50.4,0,59.9,0,0,0,0,0,0,0,0,66
2025-09-29T13:27:06.540Z,60.9,21.1,1.923,50.4,0,59.9,0,0,0,0,0,0,0,0,66
2025-09-29T13:27:07.538Z,60.9,21.1,1.923,49.6,0,59.9,0,0,0,0,0,0,0,0,66
2025-09-29T13:27:08.539Z,60.9,21.1,1.923,50.4,0,59.9,0,0,0,0,0,0,0,0,66
2025-09-29T13:27:09.536Z,60.9,21.1,1.923,49.6,0,59.9,0,0,0,0,0,0,0,0,66
2025-09-29T13:27:10.539Z,60.9,21.1,1.923,50.4,0,59.9,0,0,0,0,0,0,0,0,66
2025-09-29T13:27:11.536Z,60.9,21.1,1.923,49.6,0,59.9,0,0,0,0,0,0,0,0,66
2025-09-29T13:27:12.543Z,60.9,21.1,1.923,50.4,0,59.9,0,0,0,0,0,0,0,0,66
2025-09-29T13:27:13.543Z,60.9,21.1,1.923,49.6,0,59.9,0,0,0,0,0,0,0,0,66
2025-09-29T13:27:14.546Z,60.9,21.1,1.923,50.4,0,59.9,0,0,0,0,0,0,0,0,66
2025-09-29T13:27:15.541Z,60.9,21.1,1.923,49.6,0,59.9,0,0,0,0,0,0,0,0,66
2025-09-29T13:27:16.540Z,60.9,21.1,1.923,50.4,0,59.9,0,0,0,0,0,0,0,0,66
2025-09-29T13:27:17.543Z,60.9,21.1,1.923,49.6,0,59.9,0,0,0,0,0,0,0,0,66
2025-09-29T13:27:18.545Z,60.9,21.1,1.923,50.4,0,59.9,0,0,0,0,0,0,0,0,66
2025-09-29T13:27:19.550Z,60.9,21.1,1.923,49.6,0,59.9,0,0,0,0,0,0,0,0,66
2025-09-29T13:27:20.550Z,60.9,21.1,1.923,50.4,0,59.9,0,0,0,0,0,0,0,0,66
2025-09-29T13:27:21.549Z,60.9,21.1,1.923,49.6,0,59.9,0,0,0,0,0,0,0,0,66
2025-09-29T13:27:22.551Z,60.9,21.1,1.923,50.4,0,59.9,0,0,0,0,0,0,0,0,66
2025-09-29T13:27:23.552Z,60.9,21.1,1.923,49.6,0,59.9,0,0,0,0,0,0,0,0,66
2025-09-29T13:27:24.552Z,60.9,21.1,1.923,50.4,0,59.9,0,0,0,0,0,0,0,0,66
2025-09-29T13:27:25.555Z,60.9,21.1,1.923,49.6,0,59.9,0,0,0,0,0,0,0,0,66
2025-09-29T13:27:26.552Z,60.9,21.1,1.923,50.4,0,59.9,0,0,0,0,0,0,0,0,66
2025-09-29T13:27:27.555Z,60.9,21.1,1.923,49.6,0,59.9,0,0,0,0,0,0,0,0,66
2025-09-29T13:27:28.556Z,60.9,21.1,1.923,50.4,0,59.9,0,0,0,0,0,0,0,0,66
2025-09-29T13:27:29.559Z,60.9,21.1,1.923,49.6,0,59.9,0,0,0,0,0,0,0,0,66
2025-09-29T13:27:30.559Z,60.9,21.1,1.923,50.4,0,59.9,0,0,0,0,0,0,0,0,66
2025-09-29T13:27:31.562Z,60.9,21.1,1.923,49.6,0,59.9,0,0,0,0,0,0,0,0,66
2025-09-29T13:27:32.562Z,60.9,21.1,1.923,50.4,0,59.9,0,0,0,0,0,0,0,0,66
2025-09-29T13:27:33.561Z,60.9,21.1,1.923,49.6,0,59.9,0,0,0,0,0,0,0,0,66
2025-09-29T13:27:34.563Z,60.9,21.1,1.923,49.6,0,59.9,0,0,0,0,0,0,0,0,66
2025-09-29T13:27:35.562Z,60.9,21.1,1.923,50.4,0,59.9,0,0,0,0,0,0,0,0,66
2025-09-29T13:27:36.560Z,60.9,21.1,1.923,49.6,0,59.9,0,0,0,0,0,0,0,0,66
2025-09-29T13:27:37.566Z,60.9,21.1,1.923,49.6,0,59.9,0,0,0,0,0,0,0,0,66
2025-09-29T13:27:38.566Z,60.9,21.1,1.923,49.6,0,59.9,0,0,0,0,0,0,0,0,66
2025-09-29T13:27:39.565Z,60.9,21.1,1.923,50.4,0,59.9,0,0,0,0,0,0,0,0,66
2025-09-29T13:27:40.566Z,60.9,21.1,1.923,49.6,0,59.9,0,0,0,0,0,0,0,0,66
2025-09-29T13:27:41.568Z,60.9,21.1,1.923,50.4,0,59.9,0,0,0,0,0,0,0,0,66
2025-09-29T13:27:42.573Z,60.9,21.1,1.923,49.6,0,59.9,0,0,0,0,0,0,0,0,66
2025-09-29T13:27:43.571Z,60.9,21.1,1.923,50.4,0,59.9,0,0,0,0,0,0,0,0,66
2025-09-29T13:27:44.571Z,60.9,21.1,1.923,49.6,0,59.9,0,0,0,0,0,0,0,0,66
2025-09-29T13:27:45.572Z,60.9,21.1,1.923,50.4,0,59.9,0,0,0,0,0,0,0,0,66
2025-09-29T13:27:46.578Z,60.9,21.1,1.923,49.6,0,59.9,0,0,0,0,0,0,0,0,66
2025-09-29T13:27:47.573Z,60.9,21.1,1.923,50.4,0,59.9,0,0,0,0,0,0,0,0,66
2025-09-29T13:27:48.576Z,60.9,21.1,1.923,49.6,0,59.9,0,0,0,0,0,0,0,0,66
2025-09-29T13:27:49.575Z,60.9,21.1,1.923,50.4,0,59.9,0,0,0,0,0,0,0,0,66
2025-09-29T13:27:50.581Z,60.9,21.1,1.923,49.6,0,59.9,0,0,0,0,0,0,0,0,66
2025-09-29T13:27:51.581Z,60.9,21.1,1.923,50.4,0,59.9,0,0,0,0,0,0,0,0,66
2025-09-29T13:27:52.582Z,60.9,21.1,1.923,49.6,0,59.9,0,0,0,0,0,0,0,0,66
2025-09-29T13:27:53.581Z,60.9,21.1,1.923,50.4,0,59.9,0,0,0,0,0,0,0,0,66
2025-09-29T13:27:54.582Z,60.9,21.1,1.923,49.6,0,59.9,0,0,0,0,0,0,0,0,66
2025-09-29T13:27:55.581Z,60.9,21.1,1.923,50.4,0,59.9,0,0,0,0,0,0,0,0,66
2025-09-29T13:27:56.584Z,60.9,21.1,1.923,49.6,0,59.9,0,0,0,0,0,0,0,0,66
2025-09-29T13:27:57.585Z,60.9,21.1,1.924,50.4,0,59.9,0,0,0,0,0,0,0,0,66
2025-09-29T13:27:58.586Z,60.9,21.1,1.923,49.6,0,59.9,0,0,0,0,0,0,0,0,66
2025-09-29T13:27:59.586Z,60.9,21.1,1.923,50.4,0,59.9,0,0,0,0,0,0,0,0,66
2025-09-29T13:28:00.588Z,60.9,21.1,1.923,49.6,0,59.9,0,0,0,0,0,0,0,0,66
2025-09-29T13:28:01.586Z,60.9,21.1,1.923,50.4,0,59.9,0,0,0,0,0,0,0,0,66
2025-09-29T13:28:02.589Z,60.9,21.1,1.924,49.6,0,59.9,0,0,0,0,0,0,0,0,66
2025-09-29T13:28:03.585Z,60.9,21.1,1.924,50.4,0,59.9,0,0,0,0,0,0,0,0,66
2025-09-29T13:28:04.589Z,60.9,21.1,1.923,49.6,0,59.9,0,0,0,0,0,0,0,0,66
2025-09-29T13:28:05.590Z,60.9,21.1,1.924,49.6,0,59.9,0,0,0,0,0,0,0,0,66
2025-09-29T13:28:06.593Z,60.9,21.1,1.923,50.4,0,59.9,0,0,0,0,0,0,0,0,66
2025-09-29T13:28:07.596Z,60.9,21.1,1.923,49.6,0,59.9,0,0,0,0,0,0,0,0,66
2025-09-29T13:28:08.594Z,60.9,21.1,1.923,49.6,0,59.9,0,0,0,0,0,0,0,0,66
2025-09-29T13:28:09.597Z,60.9,21.1,1.923,49.6,0,59.9,0,0,0,0,0,0,0,0,66
2025-09-29T13:28:10.592Z,60.9,21.1,1.924,50.4,0,59.9,0,0,0,0,0,0,0,0,66
2025-09-29T13:28:11.601Z,60.9,21.1,1.923,49.6,0,59.9,0,0,0,0,0,0,0,0,66
2025-09-29T13:28:12.602Z,60.9,21.1,1.923,49.6,0,59.9,0,0,0,0,0,0,0,0,66
2025-09-29T13:28:13.604Z,60.9,21.1,1.923,50.4,0,59.9,0,0,0,0,0,0,0,0,66
2025-09-29T13:28:14.601Z,60.9,21.1,1.923,49.6,0,59.9,0,0,0,0,0,0,0,0,66
2025-09-29T13:28:15.601Z,60.9,21.1,1.923,50.4,0,59.9,0,0,0,0,0,0,0,0,66
2025-09-29T13:28:16.603Z,60.9,21.1,1.923,50.4,0,59.9,0,0,0,0,0,0,0,0,66
2025-09-29T13:28:17.602Z,60.9,21.1,1.923,49.6,0,59.9,0,0,0,0,0,0,0,0,66
2025-09-29T13:28:18.603Z,60.9,21.1,1.923,49.6,0,59.9,0,0,0,0,0,0,0,0,66
2025-09-29T13:28:19.608Z,60.9,21.1,1.923,49.6,0,59.9,0,0,0,0,0,0,0,0,66
2025-09-29T13:28:20.604Z,60.9,21.1,1.923,50.4,0,59.9,0,0,0,0,0,0,0,0,66
2025-09-29T13:28:21.610Z,60.9,21.1,1.923,50.4,0,59.9,0,0,0,0,0,0,0,0,66
2025-09-29T13:28:22.609Z,60.9,21.1,1.923,49.6,0,59.9,0,0,0,0,0,0,0,0,66
2025-09-29T13:28:23.612Z,60.9,21.1,1.923,49.6,0,59.9,0,0,0,0,0,0,0,0,66
2025-09-29T13:28:24.611Z,60.8,21.1,1.923,50.4,0,59.9,0,0,0,0,0,0,0,0,66
2025-09-29T13:28:25.612Z,60.8,21.1,1.923,50.4,0,59.9,0,0,0,0,0,0,0,0,66
2025-09-29T13:28:26.611Z,60.8,21.1,1.923,49.6,0,59.9,0,0,0,0,0,0,0,0,66
2025-09-29T13:28:27.615Z,60.8,21.1,1.923,50.4,0,59.9,0,0,0,0,0,0,0,0,66
2025-09-29T13:28:28.615Z,60.8,21.1,1.923,49.6,0,59.9,0,0,0,0,0,0,0,0,66
2025-09-29T13:28:29.614Z,60.8,21.1,1.923,50.4,0,59.9,0,0,0,0,0,0,0,0,66
2025-09-29T13:28:30.614Z,60.8,21.1,1.923,49.6,0,59.9,0,0,0,0,0,0,0,0,66
2025-09-29T13:28:31.616Z,60.8,21.1,1.923,50.4,0,59.9,0,0,0,0,0,0,0,0,66
2025-09-29T13:28:32.616Z,60.8,21.1,1.923,49.6,0,59.9,0,0,0,0,0,0,0,0,66
2025-09-29T13:28:33.619Z,60.8,21.1,1.923,50.4,0,59.9,0,0,0,0,0,0,0,0,66
2025-09-29T13:28:34.622Z,60.8,21.1,1.924,49.6,0,59.9,0,0,0,0,0,0,0,0,66
2025-09-29T13:28:35.621Z,60.8,21.1,1.924,50.4,0,59.9,0,0,0,0,0,0,0,0,66
2025-09-29T13:28:36.622Z,60.8,21.1,1.924,49.6,0,59.9,0,0,0,0,0,0,0,0,66
2025-09-29T13:28:37.618Z,60.8,21.1,1.923,49.6,0,59.9,0,0,0,0,0,0,0,0,66
2025-09-29T13:28:38.622Z,60.8,21.1,1.924,50.4,0,59.9,0,0,0,0,0,0,0,0,66
2025-09-29T13:28:39.627Z,60.8,21.1,1.924,49.6,0,59.9,0,0,0,0,0,0,0,0,66
2025-09-29T13:28:40.624Z,60.8,21.1,1.924,50.4,0,59.9,0,0,0,0,0,0,0,0,66
2025-09-29T13:28:41.630Z,60.8,21.1,1.924,49.6,0,59.9,0,0,0,0,0,0,0,0,66
2025-09-29T13:28:42.626Z,60.8,21.1,1.924,49.6,0,59.9,0,0,0,0,0,0,0,0,66
2025-09-29T13:28:43.628Z,60.8,21.1,1.924,49.6,0,59.9,0,0,0,0,0,0,0,0,66
2025-09-29T13:28:44.625Z,60.8,21.1,1.923,50.4,0,59.9,0,0,0,0,0,0,0,0,66
2025-09-29T13:28:45.632Z,60.8,21.1,1.924,50.4,0,59.9,0,0,0,0,0,0,0,0,66
2025-09-29T13:28:46.629Z,60.8,21.1,1.924,49.6,0,59.9,0,0,0,0,0,0,0,0,66
2025-09-29T13:28:47.629Z,60.8,21.1,1.924,49.6,0,59.9,0,0,0,0,0,0,0,0,66
2025-09-29T13:28:48.629Z,60.8,21.1,1.924,49.6,0,59.9,0,0,0,0,0,0,0,0,66
2025-09-29T13:28:49.633Z,60.8,21.1,1.924,50.4,0,59.9,0,0,0,0,0,0,0,0,66
2025-09-29T13:28:50.637Z,60.8,21.1,1.925,50.4,0,59.9,0,0,0,0,0,0,0,0,66
2025-09-29T13:28:51.633Z,60.8,21.1,1.924,49.6,0,59.9,0,0,0,0,0,0,0,0,66
2025-09-29T13:28:52.635Z,60.8,21.1,1.924,50.4,0,59.9,0,0,0,0,0,0,0,0,66
2025-09-29T13:28:53.637Z,60.8,21.1,1.924,49.6,0,59.9,0,0,0,0,0,0,0,0,66
2025-09-29T13:28:54.638Z,60.7,21.1,1.924,50.4,0,59.9,0,0,0,0,0,0,0,0,66
2025-09-29T13:28:55.640Z,60.7,21.1,1.924,49.6,0,59.9,0,0,0,0,0,0,0,0,66
2025-09-29T13:28:56.639Z,60.7,21.1,1.924,50.4,0,59.9,0,0,0,0,0,0,0,0,66
2025-09-29T13:28:57.638Z,60.7,21.1,1.924,49.6,0,59.9,0,0,0,0,0,0,0,0,66
2025-09-29T13:28:58.639Z,60.7,21.1,1.925,49.6,0,59.9,0,0,0,0,0,0,0,0,66
2025-09-29T13:28:59.643Z,60.7,21.1,1.924,50.4,0,59.9,0,0,0,0,0,0,0,0,66
2025-09-29T13:29:00.639Z,60.7,21.1,1.925,49.6,0,59.9,0,0,0,0,0,0,0,0,66
2025-09-29T13:29:01.641Z,60.7,21.1,1.925,49.6,0,59.9,0,0,0,0,0,0,0,0,66
2025-09-29T13:29:02.641Z,60.7,21.1,1.924,50.4,0,59.9,0,0,0,0,0,0,0,0,66
2025-09-29T13:29:03.642Z,60.7,21.1,1.925,49.6,0,59.9,0,0,0,0,0,0,0,0,66
2025-09-29T13:29:04.650Z,60.7,21.1,1.924,49.6,0,59.9,0,0,0,0,0,0,0,0,66
2025-09-29T13:29:05.645Z,60.7,21.1,1.925,50.4,0,59.9,0,0,0,0,0,0,0,0,66
2025-09-29T13:29:06.649Z,60.7,21.1,1.925,50.4,0,59.9,0,0,0,0,0,0,0,0,66
2025-09-29T13:29:07.648Z,60.7,21.1,1.925,49.6,0,59.9,0,0,0,0,0,0,0,0,66
2025-09-29T13:29:08.650Z,60.7,21.1,1.925,50.4,0,59.9,0,0,0,0,0,0,0,0,66
2025-09-29T13:29:09.656Z,60.7,21.1,1.924,49.6,0,59.9,0,0,0,0,0,0,0,0,66
2025-09-29T13:29:10.653Z,60.7,21.1,1.925,50.4,0,59.9,0,0,0,0,0,0,0,0,66
2025-09-29T13:29:11.651Z,60.7,21.1,1.925,49.6,0,59.9,0,0,0,0,0,0,0,0,66
2025-09-29T13:29:12.656Z,60.7,21.1,1.925,49.6,0,59.9,0,0,0,0,0,0,0,0,66
2025-09-29T13:29:13.655Z,60.7,21.1,1.925,50.4,0,59.9,0,0,0,0,0,0,0,0,66
2025-09-29T13:29:14.654Z,60.7,21.1,1.925,49.6,0,59.9,0,0,0,0,0,0,0,0,66
2025-09-29T13:29:15.654Z,60.7,21.1,1.925,50.4,0,59.9,0,0,0,0,0,0,0,0,66
2025-09-29T13:29:16.660Z,60.7,21.1,1.925,50.4,0,59.9,0,0,0,0,0,0,0,0,66
2025-09-29T13:29:17.658Z,60.7,21.1,1.925,49.6,0,59.9,0,0,0,0,0,0,0,0,66
2025-09-29T13:29:18.661Z,60.7,21.1,1.925,50.4,0,59.9,0,0,0,0,0,0,0,0,66
2025-09-29T13:29:19.661Z,60.6,21.1,1.925,49.6,0,59.9,0,0,0,0,0,0,0,0,66
2025-09-29T13:29:20.659Z,60.6,21.1,1.925,50.4,0,59.9,0,0,0,0,0,0,0,0,66
2025-09-29T13:29:21.662Z,60.6,21.1,1.925,50.4,0,59.9,0,0,0,0,0,0,0,0,66
2025-09-29T13:29:22.662Z,60.6,21.1,1.925,49.6,0,59.9,0,0,0,0,0,0,0,0,66
2025-09-29T13:29:23.667Z,60.6,21.1,1.925,49.6,0,59.9,0,0,0,0,0,0,0,0,66
2025-09-29T13:29:24.668Z,60.6,21.1,1.924,49.6,0,59.9,0,0,0,0,0,0,0,0,66
2025-09-29T13:29:25.670Z,60.6,21.1,1.924,50.4,0,59.9,0,0,0,0,0,0,0,0,66
2025-09-29T13:29:26.670Z,60.6,21.1,1.925,49.6,0,59.9,0,0,0,0,0,0,0,0,66
2025-09-29T13:29:27.672Z,60.6,21.1,1.925,49.6,0,59.9,0,0,0,0,0,0,0,0,66
2025-09-29T13:29:28.666Z,60.6,21.1,1.926,50.4,0,59.9,0,0,0,0,0,0,0,0,66
2025-09-29T13:29:29.671Z,60.6,21.1,1.925,50.4,0,59.9,0,0,0,0,0,0,0,0,66
2025-09-29T13:29:30.669Z,60.6,21.1,1.925,49.6,0,59.9,0,0,0,0,0,0,0,0,66
2025-09-29T13:29:31.669Z,60.6,21.1,1.925,50.4,0,59.9,0,0,0,0,0,0,0,0,66
2025-09-29T13:29:32.674Z,60.6,21.1,1.925,49.6,0,59.9,0,0,0,0,0,0,0,0,66
2025-09-29T13:29:33.669Z,60.6,21.1,1.926,50.4,0,59.9,0,0,0,0,0,0,0,0,66
2025-09-29T13:29:34.674Z,60.6,21.1,1.925,49.6,0,59.9,0,0,0,0,0,0,0,0,66
2025-09-29T13:29:35.676Z,60.6,21.1,1.925,50.4,0,59.9,0,0,0,0,0,0,0,0,66
2025-09-29T13:29:36.675Z,60.6,21.1,1.925,50.4,0,59.9,0,0,0,0,0,0,0,0,66
2025-09-29T13:29:37.676Z,60.6,21.1,1.925,49.6,0,59.9,0,0,0,0,0,0,0,0,66
2025-09-29T13:29:38.680Z,60.6,21.1,1.925,49.6,0,59.9,0,0,0,0,0,0,0,0,66
2025-09-29T13:29:39.679Z,60.6,21.1,1.925,50.4,0,59.9,0,0,0,0,0,0,0,0,66
2025-09-29T13:29:40.680Z,60.5,21.1,1.925,49.6,0,59.9,0,0,0,0,0,0,0,0,66
2025-09-29T13:29:41.683Z,60.5,21.1,1.925,49.6,0,59.9,0,0,0,0,0,0,0,0,66
2025-09-29T13:29:42.679Z,60.5,21.1,1.925,50.4,0,59.9,0,0,0,0,0,0,0,0,66
2025-09-29T13:29:43.680Z,60.5,21.1,1.925,49.6,0,59.9,0,0,0,0,0,0,0,0,66
2025-09-29T13:29:44.682Z,60.5,21.1,1.925,49.6,0,59.9,0,0,0,0,0,0,0,0,66
2025-09-29T13:29:45.684Z,60.5,21.1,1.925,50.4,0,59.9,0,0,0,0,0,0,0,0,66
2025-09-29T13:29:46.683Z,60.5,21.1,1.925,49.6,0,59.9,0,0,0,0,0,0,0,0,66
2025-09-29T13:29:47.687Z,60.5,21.1,1.925,49.6,0,59.9,0,0,0,0,0,0,0,0,66
2025-09-29T13:29:48.691Z,60.5,21.1,1.925,50.4,0,59.9,0,0,0,0,0,0,0,0,66
2025-09-29T13:29:49.687Z,60.5,21.1,1.925,49.6,0,59.9,0,0,0,0,0,0,0,0,66
2025-09-29T13:29:50.687Z,60.5,21.1,1.925,49.6,0,59.9,0,0,0,0,0,0,0,0,66
2025-09-29T13:29:51.688Z,60.5,21.1,1.925,50.4,0,59.9,0,0,0,0,0,0,0,0,66
2025-09-29T13:29:52.692Z,60.5,21.1,1.925,49.6,0,60,0,0,0,0,0,0,0,0,66
2025-09-29T13:29:53.691Z,60.5,21.1,1.925,50.4,0,59.9,0,0,0,0,0,0,0,0,66
2025-09-29T13:29:54.689Z,60.5,21.1,1.925,50.4,0,60,0,0,0,0,0,0,0,0,66
2025-09-29T13:29:55.692Z,60.5,21.1,1.925,49.6,0,60,0,0,0,0,0,0,0,0,66
2025-09-29T13:29:56.699Z,60.5,21.1,1.926,50.4,0,59.9,0,0,0,0,0,0,0,0,66
2025-09-29T13:29:57.695Z,60.5,21.1,1.925,49.6,0,60,0,0,0,0,0,0,0,0,66
2025-09-29T13:29:58.696Z,60.5,21.1,1.925,50.4,0,60,0,0,0,0,0,0,0,0,66
2025-09-29T13:29:59.697Z,60.5,21.1,1.925,49.6,0,59.9,0,0,0,0,0,0,0,0,66
2025-09-29T13:30:00.698Z,60.5,21.1,1.926,50.4,0,59.9,0,0,0,0,0,0,0,0,66
2025-09-29T13:30:01.698Z,60.5,21.1,1.926,49.6,0,59.9,0,0,0,0,0,0,0,0,66
2025-09-29T13:30:02.697Z,60.5,21.1,1.926,49.6,0,59.9,0,0,0,0,0,0,0,0,66
2025-09-29T13:30:03.699Z,60.5,21.1,1.926,50.4,0,60,0,0,0,0,0,0,0,0,66
2025-09-29T13:30:04.703Z,60.5,21.1,1.926,49.6,0,59.9,0,0,0,0,0,0,0,0,66
2025-09-29T13:30:05.701Z,60.4,21.1,1.926,49.6,0,60,0,0,0,0,0,0,0,0,66
2025-09-29T13:30:05.701Z,60.4,21.1,1.926,49.6,0,60,0,0,0,0,0,0,0,0,66
2025-09-29T13:30:07.705Z,60.4,21.1,1.926,49.6,0,60,0,0,0,0,0,0,0,0,66
2025-09-29T13:30:08.704Z,60.4,21.1,1.926,50.4,0,60,0,0,0,0,0,0,0,0,66
2025-09-29T13:30:09.703Z,60.4,21.1,1.926,50.4,0,60,0,0,0,0,0,0,0,0,66
2025-09-29T13:30:10.709Z,60.4,21.1,1.926,49.6,0,60,0,0,0,0,0,0,0,0,66
2025-09-29T13:30:11.704Z,60.4,21.1,1.926,50.4,0,60,0,0,0,0,0,0,0,0,66
2025-09-29T13:30:12.706Z,60.4,21.1,1.926,49.6,0,60,0,0,0,0,0,0,0,0,66
2025-09-29T13:30:13.716Z,60.4,21.1,1.926,50.4,0,60,0,0,0,0,0,0,0,0,66
2025-09-29T13:30:14.711Z,60.4,21.1,1.926,49.6,0,60,0,0,0,0,0,0,0,0,66
2025-09-29T13:30:15.710Z,60.4,21.1,1.926,49.6,0,60,0,0,0,0,0,0,0,0,66
2025-09-29T13:30:16.714Z,60.4,21.1,1.926,50.4,0,60,0,0,0,0,0,0,0,0,66
2025-09-29T13:30:17.709Z,60.4,21.1,1.926,49.6,0,60,0,0,0,0,0,0,0,0,66
2025-09-29T13:30:18.713Z,60.4,21.1,1.926,50.4,0,60,0,0,0,0,0,0,0,0,66
2025-09-29T13:30:19.716Z,60.4,21.1,1.926,50.4,0,60,0,0,0,0,0,0,0,0,66
2025-09-29T13:30:20.717Z,60.4,21.1,1.926,49.6,0,60,0,0,0,0,0,0,0,0,66
2025-09-29T13:30:21.716Z,60.4,21.1,1.926,50.4,0,60,0,0,0,0,0,0,0,0,66
2025-09-29T13:30:22.722Z,60.4,21.1,1.926,49.6,0,60,0,0,0,0,0,0,0,0,66
2025-09-29T13:30:23.718Z,60.4,21.1,1.926,50.4,0,60,0,0,0,0,0,0,0,0,66
2025-09-29T13:30:24.727Z,60.4,21.1,1.926,49.6,0,60,0,0,0,0,0,0,0,0,66
2025-09-29T13:30:25.725Z,60.4,21.1,1.926,50.4,0,60,0,0,0,0,0,0,0,0,66
2025-09-29T13:30:26.723Z,60.4,21.1,1.926,50.4,0,60,0,0,0,0,0,0,0,0,66
2025-09-29T13:30:27.725Z,60.4,21.1,1.926,49.6,0,60,0,0,0,0,0,0,0,0,66
2025-09-29T13:30:28.722Z,60.4,21.1,1.926,49.6,0,60,0,0,0,0,0,0,0,0,66
2025-09-29T13:30:29.729Z,60.4,21.1,1.926,49.6,0,60,0,0,0,0,0,0,0,0,66
2025-09-29T13:30:30.722Z,60.4,21.1,1.926,50.4,0,60,0,0,0,0,0,0,0,0,66
2025-09-29T13:30:31.725Z,60.4,21.1,1.927,50.4,0,60,0,0,0,0,0,0,0,0,66
2025-09-29T13:30:32.727Z,60.4,21.1,1.926,49.6,0,60,0,0,0,0,0,0,0,0,66
2025-09-29T13:30:33.728Z,60.4,21.1,1.927,49.6,0,60,0,0,0,0,0,0,0,0,66
2025-09-29T13:30:34.728Z,60.3,21.1,1.927,50.4,0,60,0,0,0,0,0,0,0,0,66
2025-09-29T13:30:35.726Z,60.3,21.1,1.927,50.4,0,60,0,0,0,0,0,0,0,0,66
2025-09-29T13:30:36.734Z,60.3,21.1,1.926,49.6,0,60,0,0,0,0,0,0,0,0,66
2025-09-29T13:30:37.733Z,60.3,21.1,1.926,50.4,0,60,0,0,0,0,0,0,0,0,66
2025-09-29T13:30:38.731Z,60.3,21.1,1.926,49.6,0,60,0,0,0,0,0,0,0,0,66
2025-09-29T13:30:39.735Z,60.3,21.1,1.926,50.4,0,60,0,0,0,0,0,0,0,0,66
2025-09-29T13:30:40.735Z,60.3,21.1,1.926,49.6,0,60,0,0,0,0,0,0,0,0,66
2025-09-29T13:30:41.735Z,60.3,21.1,1.926,49.6,0,60,0,0,0,0,0,0,0,0,66
2025-09-29T13:30:42.732Z,60.3,21.1,1.927,49.6,0,60,0,0,0,0,0,0,0,0,66
2025-09-29T13:30:43.737Z,60.3,21.1,1.926,50.4,0,60,0,0,0,0,0,0,0,0,66
2025-09-29T13:30:44.736Z,60.3,21.1,1.926,49.6,0,60,0,0,0,0,0,0,0,0,66
2025-09-29T13:30:45.739Z,60.3,21.1,1.926,50.4,0,60,0,0,0,0,0,0,0,0,66
2025-09-29T13:30:46.740Z,60.3,21.1,1.926,50.4,0,60,0,0,0,0,0,0,0,0,66
2025-09-29T13:30:47.739Z,60.3,21.1,1.926,49.6,0,60,0,0,0,0,0,0,0,0,66
2025-09-29T13:30:48.743Z,60.3,21.1,1.926,50.4,0,60,0,0,0,0,0,0,0,0,66
2025-09-29T13:30:49.741Z,60.3,21.1,1.926,49.6,0,60,0,0,0,0,0,0,0,0,66
2025-09-29T13:30:50.743Z,60.3,21.1,1.926,50.4,0,60,0,0,0,0,0,0,0,0,66
2025-09-29T13:30:51.745Z,60.3,21.1,1.926,49.6,0,60,0,0,0,0,0,0,0,0,66
2025-09-29T13:30:52.747Z,60.3,21.1,1.926,50.4,0,60,0,0,0,0,0,0,0,0,66
2025-09-29T13:30:53.750Z,60.3,21.1,1.926,49.6,0,60,0,0,0,0,0,0,0,0,66
2025-09-29T13:30:54.749Z,60.3,21.1,1.926,50.4,0,60,0,0,0,0,0,0,0,0,66
2025-09-29T13:30:55.749Z,60.3,21.1,1.926,49.6,0,60,0,0,0,0,0,0,0,0,66
2025-09-29T13:30:56.750Z,60.3,21.1,1.926,50.4,0,60,0,0,0,0,0,0,0,0,66
2025-09-29T13:30:57.751Z,60.3,21.1,1.926,49.6,0,60,0,0,0,0,0,0,0,0,66
2025-09-29T13:30:58.756Z,60.3,21.1,1.927,50.4,0,60,0,0,0,0,0,0,0,0,66
2025-09-29T13:30:59.755Z,60.3,21.1,1.927,49.6,0,60,0,0,0,0,0,0,0,0,66
2025-09-29T13:31:00.751Z,60.2,21.1,1.926,50.4,0,60,0,0,0,0,0,0,0,0,66
2025-09-29T13:31:01.753Z,60.2,21.1,1.926,49.6,0,60,0,0,0,0,0,0,0,0,66
2025-09-29T13:31:02.753Z,60.2,21.1,1.926,50.4,0,60,0,0,0,0,0,0,0,0,66
2025-09-29T13:31:03.754Z,60.2,21.1,1.926,49.6,0,60,0,0,0,0,0,0,0,0,66
2025-09-29T13:31:04.756Z,60.2,21.1,1.927,50.4,0,60,0,0,0,0,0,0,0,0,66
2025-09-29T13:31:05.758Z,60.2,21.1,1.927,49.6,0,60,0,0,0,0,0,0,0,0,66
2025-09-29T13:31:05.758Z,60.2,21.1,1.927,49.6,0,60,0,0,0,0,0,0,0,0,66
2025-09-29T13:31:07.760Z,60.2,21.1,1.927,49.6,0,60,0,0,0,0,0,0,0,0,66
2025-09-29T13:31:08.763Z,60.2,21.1,1.927,49.6,0,60,0,0,0,0,0,0,0,0,66
2025-09-29T13:31:09.761Z,60.2,21.1,1.927,50.4,0,60,0,0,0,0,0,0,0,0,66
2025-09-29T13:31:10.758Z,60.2,21.1,1.926,49.6,0,60,0,0,0,0,0,0,0,0,66
2025-09-29T13:31:11.761Z,60.2,21.1,1.927,49.6,0,60,0,0,0,0,0,0,0,0,66
2025-09-29T13:31:12.764Z,60.2,21.1,1.927,50.4,0,60,0,0,0,0,0,0,0,0,66
2025-09-29T13:31:13.763Z,60.2,21.1,1.927,49.6,0,60,0,0,0,0,0,0,0,0,66
2025-09-29T13:31:14.767Z,60.2,21.1,1.927,49.6,0,60,0,0,0,0,0,0,0,0,66
2025-09-29T13:31:15.767Z,60.2,21.1,1.927,50.4,0,60,0,0,0,0,0,0,0,0,66
2025-09-29T13:31:16.766Z,60.2,21.1,1.927,49.6,0,60,0,0,0,0,0,0,0,0,66
2025-09-29T13:31:17.767Z,60.2,21.1,1.927,50.4,0,60,0,0,0,0,0,0,0,0,66
2025-09-29T13:31:18.768Z,60.2,21.1,1.927,50.4,0,60,0,0,0,0,0,0,0,0,66
2025-09-29T13:31:19.771Z,60.2,21.1,1.927,49.6,0,60,0,0,0,0,0,0,0,0,66
2025-09-29T13:31:20.772Z,60.2,21.1,1.927,50.4,0,60,0,0,0,0,0,0,0,0,66
2025-09-29T13:31:21.772Z,60.2,21.1,1.927,49.6,0,60,0,0,0,0,0,0,0,0,66
2025-09-29T13:31:22.779Z,60.2,21.1,1.926,50.4,0,60,0,0,0,0,0,0,0,0,66
2025-09-29T13:31:23.773Z,60.2,21.1,1.927,49.6,0,60,0,0,0,0,0,0,0,0,66
2025-09-29T13:31:24.776Z,60.2,21.1,1.927,50.4,0,60,0,0,0,0,0,0,0,0,66
2025-09-29T13:31:25.775Z,60.2,21.1,1.927,50.4,0,60,0,0,0,0,0,0,0,0,66
2025-09-29T13:31:26.780Z,60.2,21.1,1.927,49.6,0,60,0,0,0,0,0,0,0,0,66
2025-09-29T13:31:27.778Z,60.1,21.1,1.927,50.4,0,60,0,0,0,0,0,0,0,0,66
2025-09-29T13:31:28.779Z,60.1,21.1,1.927,49.6,0,60,0,0,0,0,0,0,0,0,66
2025-09-29T13:31:29.778Z,60.1,21.1,1.927,50.4,0,60,0,0,0,0,0,0,0,0,66
2025-09-29T13:31:30.779Z,60.1,21.1,1.927,49.6,0,60,0,0,0,0,0,0,0,0,66
2025-09-29T13:31:31.782Z,60.1,21.1,1.927,50.4,0,60,0,0,0,0,0,0,0,0,66
2025-09-29T13:31:32.782Z,60.1,21.1,1.928,49.6,0,60,0,0,0,0,0,0,0,0,66
2025-09-29T13:31:33.783Z,60.1,21.1,1.927,50.4,0,60,0,0,0,0,0,0,0,0,66
2025-09-29T13:31:34.782Z,60.1,21.1,1.927,49.6,0,60,0,0,0,0,0,0,0,0,66
2025-09-29T13:31:35.782Z,60.1,21.1,1.928,50.4,0,60,0,0,0,0,0,0,0,0,66
2025-09-29T13:31:36.784Z,60.1,21.1,1.927,49.6,0,60,0,0,0,0,0,0,0,0,66
2025-09-29T13:31:37.786Z,60.1,21.1,1.928,50.4,0,60,0,0,0,0,0,0,0,0,66
2025-09-29T13:31:38.786Z,60.1,21.1,1.928,49.6,0,60,0,0,0,0,0,0,0,0,66
2025-09-29T13:31:39.786Z,60.1,21.1,1.928,50.4,0,60,0,0,0,0,0,0,0,0,66
2025-09-29T13:31:40.791Z,60.1,21.1,1.927,49.6,0,60,0,0,0,0,0,0,0,0,66
2025-09-29T13:31:41.791Z,60.1,21.1,1.927,50.4,0,60,0,0,0,0,0,0,0,0,66
2025-09-29T13:31:42.791Z,60.1,21.1,1.926,49.6,0,60,0,0,0,0,0,0,0,0,66
2025-09-29T13:31:43.793Z,60.1,21.1,1.927,50.4,0,60,0,0,0,0,0,0,0,0,66
2025-09-29T13:31:44.792Z,60.1,21.1,1.927,49.6,0,60,0,0,0,0,0,0,0,0,66
2025-09-29T13:31:45.794Z,60.1,21.1,1.927,50.4,0,60,0,0,0,0,0,0,0,0,66
2025-09-29T13:31:46.799Z,60.1,21.1,1.927,49.6,0,60,0,0,0,0,0,0,0,0,66
2025-09-29T13:31:47.795Z,60.1,21.1,1.926,50.4,0,60,0,0,0,0,0,0,0,0,66
2025-09-29T13:31:48.805Z,60.1,21.1,1.927,49.6,0,60,0,0,0,0,0,0,0,0,66
2025-09-29T13:31:49.796Z,60.1,21.1,1.927,50.4,0,60,0,0,0,0,0,0,0,0,66
2025-09-29T13:31:50.802Z,60.1,21.1,1.927,49.6,0,60,0,0,0,0,0,0,0,0,66
2025-09-29T13:31:51.801Z,60.1,21.1,1.927,50.4,0,60,0,0,0,0,0,0,0,0,66
2025-09-29T13:31:52.806Z,60.1,21.1,1.927,49.6,0,60,0,0,0,0,0,0,0,0,66
2025-09-29T13:31:53.803Z,60.1,21.1,1.927,50.4,0,60,0,0,0,0,0,0,0,0,66
2025-09-29T13:31:54.802Z,60.1,21.1,1.927,49.6,0,60,0,0,0,0,0,0,0,0,66
2025-09-29T13:31:55.804Z,60.1,21.1,1.927,50.4,0,60,0,0,0,0,0,0,0,0,66
2025-09-29T13:31:56.806Z,60,21.1,1.927,49.6,0,60,0,0,0,0,0,0,0,0,66
2025-09-29T13:31:57.806Z,60,21.1,1.927,49.6,0,60,0,0,0,0,0,0,0,0,66
2025-09-29T13:31:58.807Z,60,21.1,1.927,49.6,0,60,0,0,0,0,0,0,0,0,66
2025-09-29T13:31:59.806Z,60,21.1,1.927,49.6,0,60,0,0,0,0,0,0,0,0,66
2025-09-29T13:32:00.808Z,60,21.1,1.927,50.4,0,60,0,0,0,0,0,0,0,0,66
2025-09-29T13:32:01.811Z,60,21.1,1.927,49.6,0,60,0,0,0,0,0,0,0,0,66
2025-09-29T13:32:02.808Z,60,21.1,1.927,50.4,0,60,0,0,0,0,0,0,0,0,66
2025-09-29T13:32:03.811Z,60,21.1,1.927,49.6,0,60,0,0,0,0,0,0,0,0,66
2025-09-29T13:32:04.809Z,60,21.1,1.927,49.6,0,60,0,0,0,0,0,0,0,0,66
2025-09-29T13:32:05.815Z,60,21.1,1.928,50.4,0,60,0,0,0,0,0,0,0,0,66
2025-09-29T13:32:06.813Z,60,21.1,1.928,49.6,0,60,0,0,0,0,0,0,0,0,66
2025-09-29T13:32:07.814Z,60,21.1,1.928,49.6,0,60,0,0,0,0,0,0,0,0,66
2025-09-29T13:32:08.817Z,60,21.1,1.929,50.4,0,60,0,0,0,0,0,0,0,0,66
2025-09-29T13:32:09.822Z,60,21.1,1.929,49.6,0,60,0,0,0,0,0,0,0,0,66
2025-09-29T13:32:10.820Z,60,21.1,1.929,50.4,0,60,0,0,0,0,0,0,0,0,66
2025-09-29T13:32:11.819Z,60,21.1,1.929,49.6,0,60,0,0,0,0,0,0,0,0,66
2025-09-29T13:32:12.822Z,60,21.1,1.929,49.6,0,60,0,0,0,0,0,0,0,0,66
2025-09-29T13:32:13.825Z,60,21.1,1.929,50.4,0,60,0,0,0,0,0,0,0,0,66
2025-09-29T13:32:14.822Z,60,21.1,1.929,50.4,0,60,0,0,0,0,0,0,0,0,66
2025-09-29T13:32:15.826Z,60,21.1,1.929,49.6,0,60,0,0,0,0,0,0,0,0,66
2025-09-29T13:32:16.825Z,60,21.1,1.929,50.4,0,60,0,0,0,0,0,0,0,0,66
2025-09-29T13:32:17.826Z,60,21.1,1.929,49.6,0,60,0,0,0,0,0,0,0,0,66
2025-09-29T13:32:18.825Z,60,21.1,1.929,50.4,0,60,0,0,0,0,0,0,0,0,66
2025-09-29T13:32:19.828Z,60,21.1,1.929,49.6,0,60,0,0,0,0,0,0,0,0,66
2025-09-29T13:32:20.831Z,60,21.1,1.929,50.4,0,60,0,0,0,0,0,0,0,0,66
2025-09-29T13:32:21.831Z,60,21.1,1.929,49.6,0,60,0,0,0,0,0,0,0,0,66
2025-09-29T13:32:22.833Z,60,21.1,1.929,49.6,0,60,0,0,0,0,0,0,0,0,66
2025-09-29T13:32:23.831Z,60,21.1,1.929,50.4,0,60,0,0,0,0,0,0,0,0,66
2025-09-29T13:32:24.831Z,60,21.1,1.929,49.6,0,60,0,0,0,0,0,0,0,0,66
2025-09-29T13:32:25.838Z,60,21.1,1.929,50.4,0,60,0,0,0,0,0,0,0,0,66
2025-09-29T13:32:26.830Z,60,21.1,1.929,49.6,0,60,0,0,0,0,0,0,0,0,66
2025-09-29T13:32:27.832Z,59.9,21.1,1.929,49.6,0,60,0,0,0,0,0,0,0,0,66
2025-09-29T13:32:28.840Z,59.9,21.1,1.929,50.4,0,60,0,0,0,0,0,0,0,0,66
2025-09-29T13:32:29.835Z,59.9,21.1,1.929,49.6,0,60,0,0,0,0,0,0,0,0,66
2025-09-29T13:32:30.835Z,59.9,21.1,1.929,49.6,0,60,0,0,0,0,0,0,0,0,66
2025-09-29T13:32:31.837Z,59.9,21.1,1.929,50.4,0,60,0,0,0,0,0,0,0,0,66
2025-09-29T13:32:32.840Z,59.9,21.1,1.928,49.6,0,60,0,0,0,0,0,0,0,0,66
2025-09-29T13:32:33.845Z,59.9,21.1,1.928,49.6,0,60,0,0,0,0,0,0,0,0,66
