timestamp,TECell_PV,PSCurrent_PV,PSVoltage_PV,FT201_PV,HTR201_PV,TE201_PV,CT201_PV,CT210_PV,Cell1_Voltage,Cell2_Voltage,Cell3_Voltage,PT201_PV,PT302_PV,HCD220_PV,step
2025-09-29T03:32:27.555Z,59.6,21.1,1.927,50.4,0,60.2,0,0,0,0,0,0,0,0,66
2025-09-29T03:32:28.559Z,59.6,21.1,1.927,49.6,0,60.2,0,0,0,0,0,0,0,0,66
2025-09-29T03:32:29.558Z,59.6,21.1,1.927,49.6,0,60.2,0,0,0,0,0,0,0,0,66
2025-09-29T03:32:30.560Z,59.6,21.1,1.927,50.4,0,60.2,0,0,0,0,0,0,0,0,66
2025-09-29T03:32:31.553Z,59.6,21.1,1.927,49.6,0,60.2,0,0,0,0,0,0,0,0,66
2025-09-29T03:32:32.559Z,59.6,21.1,1.927,50.4,0,60.2,0,0,0,0,0,0,0,0,66
2025-09-29T03:32:33.559Z,59.5,21.1,1.927,50.4,0,60.2,0,0,0,0,0,0,0,0,66
2025-09-29T03:32:34.560Z,59.5,21.1,1.927,49.6,0,60.2,0,0,0,0,0,0,0,0,66
2025-09-29T03:32:35.561Z,59.5,21.1,1.927,50.4,0,60.2,0,0,0,0,0,0,0,0,66
2025-09-29T03:32:36.559Z,59.5,21.1,1.927,49.6,0,60.2,0,0,0,0,0,0,0,0,66
2025-09-29T03:32:37.561Z,59.5,21.1,1.927,50.4,0,60.2,0,0,0,0,0,0,0,0,66
2025-09-29T03:32:38.564Z,59.5,21.1,1.927,49.6,0,60.2,0,0,0,0,0,0,0,0,66
2025-09-29T03:32:39.562Z,59.5,21.1,1.927,50.4,0,60.2,0,0,0,0,0,0,0,0,66
2025-09-29T03:32:40.564Z,59.5,21.1,1.927,49.6,0,60.2,0,0,0,0,0,0,0,0,66
2025-09-29T03:32:41.569Z,59.5,21.1,1.927,49.6,0,60.2,0,0,0,0,0,0,0,0,66
2025-09-29T03:32:42.564Z,59.5,21.1,1.927,50.4,0,60.2,0,0,0,0,0,0,0,0,66
2025-09-29T03:32:43.567Z,59.5,21.1,1.927,49.6,0,60.2,0,0,0,0,0,0,0,0,66
2025-09-29T03:32:44.569Z,59.5,21.1,1.927,50.4,0,60.2,0,0,0,0,0,0,0,0,66
2025-09-29T03:32:45.570Z,59.5,21.1,1.927,49.6,0,60.2,0,0,0,0,0,0,0,0,66
2025-09-29T03:32:46.570Z,59.5,21.1,1.927,50.4,0,60.2,0,0,0,0,0,0,0,0,66
2025-09-29T03:32:47.568Z,59.5,21.1,1.927,50.4,0,60.2,0,0,0,0,0,0,0,0,66
2025-09-29T03:32:48.572Z,59.5,21.1,1.927,49.6,0,60.2,0,0,0,0,0,0,0,0,66
2025-09-29T03:32:49.574Z,59.5,21.1,1.927,49.6,0,60.2,0,0,0,0,0,0,0,0,66
2025-09-29T03:32:50.573Z,59.5,21.1,1.927,49.6,0,60.2,0,0,0,0,0,0,0,0,66
2025-09-29T03:32:51.574Z,59.5,21.1,1.927,50.4,0,60.2,0,0,0,0,0,0,0,0,66
2025-09-29T03:32:52.578Z,59.5,21.1,1.926,49.6,0,60.2,0,0,0,0,0,0,0,0,66
2025-09-29T03:32:53.576Z,59.5,21.1,1.927,49.6,0,60.2,0,0,0,0,0,0,0,0,66
2025-09-29T03:32:54.577Z,59.5,21.1,1.926,50.4,0,60.2,0,0,0,0,0,0,0,0,66
2025-09-29T03:32:55.580Z,59.5,21.1,1.926,49.6,0,60.2,0,0,0,0,0,0,0,0,66
2025-09-29T03:32:56.576Z,59.5,21.1,1.927,49.6,0,60.2,0,0,0,0,0,0,0,0,66
2025-09-29T03:32:57.580Z,59.5,21.1,1.926,50.4,0,60.2,0,0,0,0,0,0,0,0,66
2025-09-29T03:32:58.576Z,59.5,21.1,1.927,50.4,0,60.2,0,0,0,0,0,0,0,0,66
2025-09-29T03:32:59.583Z,59.5,21.1,1.926,49.6,0,60.2,0,0,0,0,0,0,0,0,66
2025-09-29T03:33:00.581Z,59.5,21.1,1.926,50.4,0,60.2,0,0,0,0,0,0,0,0,66
2025-09-29T03:33:01.579Z,59.5,21.1,1.927,49.6,0,60.2,0,0,0,0,0,0,0,0,66
2025-09-29T03:33:02.583Z,59.5,21.1,1.927,50.4,0,60.2,0,0,0,0,0,0,0,0,66
2025-09-29T03:33:03.585Z,59.5,21.1,1.926,49.6,0,60.2,0,0,0,0,0,0,0,0,66
2025-09-29T03:33:04.583Z,59.5,21.1,1.927,50.4,0,60.2,0,0,0,0,0,0,0,0,66
2025-09-29T03:33:05.590Z,59.5,21.1,1.926,49.6,0,60.2,0,0,0,0,0,0,0,0,66
2025-09-29T03:33:06.582Z,59.5,21.1,1.927,49.6,0,60.2,0,0,0,0,0,0,0,0,66
2025-09-29T03:33:07.590Z,59.5,21.1,1.927,50.4,0,60.2,0,0,0,0,0,0,0,0,66
2025-09-29T03:33:08.588Z,59.5,21.1,1.926,49.6,0,60.2,0,0,0,0,0,0,0,0,66
2025-09-29T03:33:09.592Z,59.5,21.1,1.926,50.4,0,60.2,0,0,0,0,0,0,0,0,66
2025-09-29T03:33:10.587Z,59.5,21.1,1.927,49.6,0,60.2,0,0,0,0,0,0,0,0,66
2025-09-29T03:33:11.588Z,59.5,21.1,1.927,49.6,0,60.1,0,0,0,0,0,0,0,0,66
2025-09-29T03:33:12.590Z,59.5,21.1,1.926,50.4,0,60.2,0,0,0,0,0,0,0,0,66
2025-09-29T03:33:13.591Z,59.5,21.1,1.926,49.6,0,60.2,0,0,0,0,0,0,0,0,66
2025-09-29T03:33:14.593Z,59.5,21.1,1.926,50.4,0,60.2,0,0,0,0,0,0,0,0,66
2025-09-29T03:33:15.595Z,59.5,21.1,1.927,50.4,0,60.2,0,0,0,0,0,0,0,0,66
2025-09-29T03:33:16.600Z,59.5,21.1,1.927,49.6,0,60.2,0,0,0,0,0,0,0,0,66
2025-09-29T03:33:17.598Z,59.4,21.1,1.927,50.4,0,60.1,0,0,0,0,0,0,0,0,66
2025-09-29T03:33:18.594Z,59.4,21.1,1.927,49.6,0,60.1,0,0,0,0,0,0,0,0,66
2025-09-29T03:33:19.605Z,59.5,21.1,1.927,50.4,0,60.1,0,0,0,0,0,0,0,0,66
2025-09-29T03:33:20.600Z,59.4,21.1,1.927,49.6,0,60.1,0,0,0,0,0,0,0,0,66
2025-09-29T03:33:21.601Z,59.4,21.1,1.926,50.4,0,60.2,0,0,0,0,0,0,0,0,66
2025-09-29T03:33:22.599Z,59.4,21.1,1.926,49.6,0,60.1,0,0,0,0,0,0,0,0,66
2025-09-29T03:33:23.599Z,59.4,21.1,1.927,49.6,0,60.1,0,0,0,0,0,0,0,0,66
2025-09-29T03:33:24.599Z,59.4,21.1,1.927,50.4,0,60.1,0,0,0,0,0,0,0,0,66
2025-09-29T03:33:25.603Z,59.4,21.1,1.927,49.6,0,60.1,0,0,0,0,0,0,0,0,66
2025-09-29T03:33:26.600Z,59.4,21.1,1.927,50.4,0,60.1,0,0,0,0,0,0,0,0,66
2025-09-29T03:33:27.605Z,59.4,21.1,1.927,49.6,0,60.1,0,0,0,0,0,0,0,0,66
2025-09-29T03:33:28.601Z,59.4,21.1,1.927,49.6,0,60.1,0,0,0,0,0,0,0,0,66
2025-09-29T03:33:29.607Z,59.4,21.1,1.927,50.4,0,60.1,0,0,0,0,0,0,0,0,66
2025-09-29T03:33:30.611Z,59.4,21.1,1.928,49.6,0,60.1,0,0,0,0,0,0,0,0,66
2025-09-29T03:33:31.610Z,59.4,21.1,1.927,50.4,0,60.1,0,0,0,0,0,0,0,0,66
2025-09-29T03:33:32.611Z,59.4,21.1,1.928,50.4,0,60.1,0,0,0,0,0,0,0,0,66
2025-09-29T03:33:33.611Z,59.4,21.1,1.927,49.6,0,60.1,0,0,0,0,0,0,0,0,66
2025-09-29T03:33:34.614Z,59.4,21.1,1.928,50.4,0,60.1,0,0,0,0,0,0,0,0,66
2025-09-29T03:33:35.605Z,59.4,21.1,1.927,49.6,0,60.1,0,0,0,0,0,0,0,0,66
2025-09-29T03:33:36.617Z,59.4,21.1,1.928,50.4,0,60.1,0,0,0,0,0,0,0,0,66
2025-09-29T03:33:37.607Z,59.4,21.1,1.927,49.6,0,60.1,0,0,0,0,0,0,0,0,66
2025-09-29T03:33:38.611Z,59.4,21.1,1.927,50.4,0,60.1,0,0,0,0,0,0,0,0,66
2025-09-29T03:33:39.615Z,59.4,21.1,1.927,49.6,0,60.1,0,0,0,0,0,0,0,0,66
2025-09-29T03:33:40.615Z,59.4,21.1,1.927,49.6,0,60.1,0,0,0,0,0,0,0,0,66
2025-09-29T03:33:41.614Z,59.4,21.1,1.927,50.4,0,60.1,0,0,0,0,0,0,0,0,66
2025-09-29T03:33:42.616Z,59.4,21.1,1.927,49.6,0,60.1,0,0,0,0,0,0,0,0,66
2025-09-29T03:33:43.618Z,59.4,21.1,1.927,50.4,0,60.1,0,0,0,0,0,0,0,0,66
2025-09-29T03:33:44.621Z,59.4,21.1,1.927,50.4,0,60.1,0,0,0,0,0,0,0,0,66
2025-09-29T03:33:45.625Z,59.4,21.1,1.928,49.6,0,60.1,0,0,0,0,0,0,0,0,66
2025-09-29T03:33:46.623Z,59.4,21.1,1.927,50.4,0,60.1,0,0,0,0,0,0,0,0,66
2025-09-29T03:33:47.621Z,59.4,21.1,1.927,49.6,0,60.1,0,0,0,0,0,0,0,0,66
2025-09-29T03:33:48.623Z,59.4,21.1,1.927,50.4,0,60.1,0,0,0,0,0,0,0,0,66
2025-09-29T03:33:49.630Z,59.4,21.1,1.928,49.6,0,60.1,0,0,0,0,0,0,0,0,66
2025-09-29T03:33:50.633Z,59.4,21.1,1.928,50.4,0,60.1,0,0,0,0,0,0,0,0,66
2025-09-29T03:33:51.626Z,59.4,21.1,1.927,49.6,0,60.1,0,0,0,0,0,0,0,0,66
2025-09-29T03:33:52.629Z,59.4,21.1,1.927,50.4,0,60.1,0,0,0,0,0,0,0,0,66
2025-09-29T03:33:53.630Z,59.4,21.1,1.927,49.6,0,60.1,0,0,0,0,0,0,0,0,66
2025-09-29T03:33:54.625Z,59.4,21.1,1.927,50.4,0,60.1,0,0,0,0,0,0,0,0,66
2025-09-29T03:33:55.627Z,59.4,21.1,1.927,49.6,0,60.1,0,0,0,0,0,0,0,0,66
2025-09-29T03:33:56.632Z,59.4,21.1,1.927,50.4,0,60.1,0,0,0,0,0,0,0,0,66
2025-09-29T03:33:57.636Z,59.4,21.1,1.928,49.6,0,60.1,0,0,0,0,0,0,0,0,66
2025-09-29T03:33:58.637Z,59.4,21.1,1.928,50.4,0,60.1,0,0,0,0,0,0,0,0,66
2025-09-29T03:33:59.637Z,59.4,21.1,1.928,49.6,0,60.1,0,0,0,0,0,0,0,0,66
2025-09-29T03:34:00.632Z,59.4,21.1,1.927,50.4,0,60.1,0,0,0,0,0,0,0,0,66
2025-09-29T03:34:01.633Z,59.4,21.1,1.927,49.6,0,60.1,0,0,0,0,0,0,0,0,66
2025-09-29T03:34:02.633Z,59.4,21.1,1.927,50.4,0,60.1,0,0,0,0,0,0,0,0,66
2025-09-29T03:34:03.634Z,59.4,21.1,1.927,49.6,0,60.1,0,0,0,0,0,0,0,0,66
2025-09-29T03:34:04.634Z,59.4,21.1,1.927,50.4,0,60.1,0,0,0,0,0,0,0,0,66
2025-09-29T03:34:05.640Z,59.4,21.1,1.928,49.6,0,60.1,0,0,0,0,0,0,0,0,66
2025-09-29T03:34:06.638Z,59.4,21.1,1.927,50.4,0,60.1,0,0,0,0,0,0,0,0,66
2025-09-29T03:34:07.637Z,59.4,21.1,1.927,49.6,0,60.1,0,0,0,0,0,0,0,0,66
2025-09-29T03:34:08.643Z,59.4,21.1,1.928,50.4,0,60.1,0,0,0,0,0,0,0,0,66
2025-09-29T03:34:09.641Z,59.4,21.1,1.927,49.6,0,60.1,0,0,0,0,0,0,0,0,66
2025-09-29T03:34:10.639Z,59.4,21.1,1.927,50.4,0,60.1,0,0,0,0,0,0,0,0,66
2025-09-29T03:34:11.641Z,59.4,21.1,1.927,49.6,0,60.1,0,0,0,0,0,0,0,0,66
2025-09-29T03:34:11.641Z,59.4,21.1,1.927,49.6,0,60.1,0,0,0,0,0,0,0,0,66
2025-09-29T03:34:13.644Z,59.4,21.1,1.927,49.6,0,60.1,0,0,0,0,0,0,0,0,66
2025-09-29T03:34:14.643Z,59.4,21.1,1.927,50.4,0,60.1,0,0,0,0,0,0,0,0,66
2025-09-29T03:34:15.643Z,59.4,21.1,1.927,49.6,0,60.1,0,0,0,0,0,0,0,0,66
2025-09-29T03:34:16.647Z,59.4,21.1,1.927,50.4,0,60.1,0,0,0,0,0,0,0,0,66
2025-09-29T03:34:17.649Z,59.4,21.1,1.927,49.6,0,60.1,0,0,0,0,0,0,0,0,66
2025-09-29T03:34:18.648Z,59.4,21.1,1.927,50.4,0,60.1,0,0,0,0,0,0,0,0,66
2025-09-29T03:34:19.649Z,59.4,21.1,1.927,49.6,0,60.1,0,0,0,0,0,0,0,0,66
2025-09-29T03:34:20.652Z,59.4,21.1,1.926,50.4,0,60.1,0,0,0,0,0,0,0,0,66
2025-09-29T03:34:21.657Z,59.4,21.1,1.928,49.6,0,60.1,0,0,0,0,0,0,0,0,66
2025-09-29T03:34:22.650Z,59.4,21.1,1.927,50.4,0,60.1,0,0,0,0,0,0,0,0,66
2025-09-29T03:34:23.656Z,59.4,21.1,1.928,49.6,0,60.1,0,0,0,0,0,0,0,0,66
2025-09-29T03:34:24.653Z,59.4,21.1,1.927,50.4,0,60.1,0,0,0,0,0,0,0,0,66
2025-09-29T03:34:25.655Z,59.4,21.1,1.927,49.6,0,60.1,0,0,0,0,0,0,0,0,66
2025-09-29T03:34:26.659Z,59.5,21.1,1.928,49.6,0,60.1,0,0,0,0,0,0,0,0,66
2025-09-29T03:34:27.656Z,59.5,21.1,1.927,49.6,0,60.1,0,0,0,0,0,0,0,0,66
2025-09-29T03:34:28.659Z,59.5,21.1,1.928,50.4,0,60.1,0,0,0,0,0,0,0,0,66
2025-09-29T03:34:29.660Z,59.5,21.1,1.928,50.4,0,60.1,0,0,0,0,0,0,0,0,66
2025-09-29T03:34:30.663Z,59.5,21.1,1.928,49.6,0,60.1,0,0,0,0,0,0,0,0,66
2025-09-29T03:34:31.660Z,59.5,21.1,1.928,49.6,0,60.1,0,0,0,0,0,0,0,0,66
2025-09-29T03:34:32.660Z,59.5,21.1,1.926,49.6,0,60.1,0,0,0,0,0,0,0,0,66
2025-09-29T03:34:33.659Z,59.5,21.1,1.927,50.4,0,60.1,0,0,0,0,0,0,0,0,66
2025-09-29T03:34:34.662Z,59.5,21.1,1.928,50.4,0,60.1,0,0,0,0,0,0,0,0,66
2025-09-29T03:34:35.664Z,59.5,21.1,1.928,49.6,0,60.1,0,0,0,0,0,0,0,0,66
2025-09-29T03:34:36.665Z,59.5,21.1,1.928,50.4,0,60.1,0,0,0,0,0,0,0,0,66
2025-09-29T03:34:37.668Z,59.5,21.1,1.927,49.6,0,60.1,0,0,0,0,0,0,0,0,66
2025-09-29T03:34:38.667Z,59.5,21.1,1.928,50.4,0,60.1,0,0,0,0,0,0,0,0,66
2025-09-29T03:34:39.670Z,59.5,21.1,1.927,49.6,0,60.1,0,0,0,0,0,0,0,0,66
2025-09-29T03:34:40.668Z,59.5,21.1,1.927,50.4,0,60.1,0,0,0,0,0,0,0,0,66
2025-09-29T03:34:41.669Z,59.5,21.1,1.927,49.6,0,60.1,0,0,0,0,0,0,0,0,66
2025-09-29T03:34:42.670Z,59.5,21.1,1.927,50.4,0,60.1,0,0,0,0,0,0,0,0,66
2025-09-29T03:34:43.671Z,59.5,21.1,1.926,49.6,0,60.1,0,0,0,0,0,0,0,0,66
2025-09-29T03:34:44.671Z,59.5,21.1,1.926,50.4,0,60.1,0,0,0,0,0,0,0,0,66
2025-09-29T03:34:45.675Z,59.5,21.1,1.927,49.6,0,60.1,0,0,0,0,0,0,0,0,66
2025-09-29T03:34:46.674Z,59.5,21.1,1.927,50.4,0,60.1,0,0,0,0,0,0,0,0,66
2025-09-29T03:34:47.675Z,59.5,21.1,1.927,49.6,0,60.1,0,0,0,0,0,0,0,0,66
2025-09-29T03:34:48.676Z,59.5,21.1,1.927,49.6,0,60.1,0,0,0,0,0,0,0,0,66
2025-09-29T03:34:49.676Z,59.5,21.1,1.927,50.4,0,60.1,0,0,0,0,0,0,0,0,66
2025-09-29T03:34:50.680Z,59.5,21.1,1.927,49.6,0,60.1,0,0,0,0,0,0,0,0,66
2025-09-29T03:34:51.678Z,59.5,21.1,1.928,50.4,0,60.1,0,0,0,0,0,0,0,0,66
2025-09-29T03:34:52.687Z,59.5,21.1,1.927,49.6,0,60.1,0,0,0,0,0,0,0,0,66
2025-09-29T03:34:53.687Z,59.5,21.1,1.927,50.4,0,60.1,0,0,0,0,0,0,0,0,66
2025-09-29T03:34:54.679Z,59.5,21.1,1.926,49.6,0,60.1,0,0,0,0,0,0,0,0,66
2025-09-29T03:34:55.681Z,59.5,21.1,1.926,49.6,0,60.1,0,0,0,0,0,0,0,0,66
2025-09-29T03:34:56.683Z,59.5,21.1,1.927,50.4,0,60.1,0,0,0,0,0,0,0,0,66
2025-09-29T03:34:57.690Z,59.5,21.1,1.927,49.6,0,60.1,0,0,0,0,0,0,0,0,66
2025-09-29T03:34:58.683Z,59.5,21.1,1.927,50.4,0,60.1,0,0,0,0,0,0,0,0,66
2025-09-29T03:34:59.683Z,59.5,21.1,1.927,49.6,0,60.1,0,0,0,0,0,0,0,0,66
2025-09-29T03:35:00.687Z,59.5,21.1,1.927,50.4,0,60.1,0,0,0,0,0,0,0,0,66
2025-09-29T03:35:01.689Z,59.5,21.1,1.927,49.6,0,60.1,0,0,0,0,0,0,0,0,66
2025-09-29T03:35:02.688Z,59.5,21.1,1.927,49.6,0,60.1,0,0,0,0,0,0,0,0,66
2025-09-29T03:35:03.689Z,59.5,21.1,1.927,50.4,0,60.1,0,0,0,0,0,0,0,0,66
2025-09-29T03:35:04.688Z,59.5,21.1,1.927,50.4,0,60.1,0,0,0,0,0,0,0,0,66
2025-09-29T03:35:05.698Z,59.6,21.1,1.927,49.6,0,60,0,0,0,0,0,0,0,0,66
2025-09-29T03:35:06.690Z,59.6,21.1,1.927,49.6,0,60.1,0,0,0,0,0,0,0,0,66
2025-09-29T03:35:07.691Z,59.6,21.1,1.927,49.6,0,60,0,0,0,0,0,0,0,0,66
2025-09-29T03:35:08.696Z,59.6,21.1,1.927,50.4,0,60.1,0,0,0,0,0,0,0,0,66
2025-09-29T03:35:09.698Z,59.6,21.1,1.927,49.6,0,60.1,0,0,0,0,0,0,0,0,66
2025-09-29T03:35:10.698Z,59.6,21.1,1.927,50.4,0,60.1,0,0,0,0,0,0,0,0,66
2025-09-29T03:35:11.699Z,59.6,21.1,1.927,49.6,0,60,0,0,0,0,0,0,0,0,66
2025-09-29T03:35:12.697Z,59.6,21.1,1.927,49.6,0,60,0,0,0,0,0,0,0,0,66
2025-09-29T03:35:13.702Z,59.6,21.1,1.927,50.4,0,60,0,0,0,0,0,0,0,0,66
2025-09-29T03:35:14.698Z,59.6,21.1,1.927,49.6,0,60,0,0,0,0,0,0,0,0,66
2025-09-29T03:35:15.699Z,59.6,21.1,1.927,50.4,0,60,0,0,0,0,0,0,0,0,66
2025-09-29T03:35:16.705Z,59.6,21.1,1.927,50.4,0,60.1,0,0,0,0,0,0,0,0,66
2025-09-29T03:35:17.700Z,59.6,21.1,1.927,49.6,0,60.1,0,0,0,0,0,0,0,0,66
2025-09-29T03:35:18.707Z,59.6,21.1,1.927,50.4,0,60,0,0,0,0,0,0,0,0,66
2025-09-29T03:35:19.707Z,59.6,21.1,1.927,49.6,0,60,0,0,0,0,0,0,0,0,66
2025-09-29T03:35:20.708Z,59.6,21.1,1.927,50.4,0,60,0,0,0,0,0,0,0,0,66
2025-09-29T03:35:21.705Z,59.6,21.1,1.927,49.6,0,60,0,0,0,0,0,0,0,0,66
2025-09-29T03:35:22.708Z,59.6,21.1,1.927,50.4,0,60,0,0,0,0,0,0,0,0,66
2025-09-29T03:35:23.716Z,59.6,21.1,1.926,49.6,0,60,0,0,0,0,0,0,0,0,66
2025-09-29T03:35:24.710Z,59.6,21.1,1.927,49.6,0,60,0,0,0,0,0,0,0,0,66
2025-09-29T03:35:25.716Z,59.6,21.1,1.926,50.4,0,60,0,0,0,0,0,0,0,0,66
2025-09-29T03:35:26.712Z,59.6,21.1,1.927,49.6,0,60,0,0,0,0,0,0,0,0,66
2025-09-29T03:35:27.714Z,59.6,21.1,1.927,49.6,0,60,0,0,0,0,0,0,0,0,66
2025-09-29T03:35:28.712Z,59.6,21.1,1.927,50.4,0,60,0,0,0,0,0,0,0,0,66
2025-09-29T03:35:29.711Z,59.6,21.1,1.927,49.6,0,60,0,0,0,0,0,0,0,0,66
2025-09-29T03:35:30.715Z,59.6,21.1,1.927,50.4,0,60,0,0,0,0,0,0,0,0,66
2025-09-29T03:35:31.717Z,59.7,21.1,1.927,49.6,0,60,0,0,0,0,0,0,0,0,66
2025-09-29T03:35:32.718Z,59.7,21.1,1.927,49.6,0,60,0,0,0,0,0,0,0,0,66
2025-09-29T03:35:33.720Z,59.7,21.1,1.927,50.4,0,60,0,0,0,0,0,0,0,0,66
2025-09-29T03:35:34.720Z,59.7,21.1,1.927,49.6,0,60,0,0,0,0,0,0,0,0,66
2025-09-29T03:35:35.718Z,59.7,21.1,1.927,49.6,0,60,0,0,0,0,0,0,0,0,66
2025-09-29T03:35:36.720Z,59.7,21.1,1.927,50.4,0,60,0,0,0,0,0,0,0,0,66
2025-09-29T03:35:37.724Z,59.7,21.1,1.927,50.4,0,60,0,0,0,0,0,0,0,0,66
2025-09-29T03:35:38.724Z,59.7,21.1,1.927,49.6,0,60,0,0,0,0,0,0,0,0,66
2025-09-29T03:35:39.723Z,59.7,21.1,1.927,50.4,0,60,0,0,0,0,0,0,0,0,66
2025-09-29T03:35:40.725Z,59.7,21.1,1.927,49.6,0,60,0,0,0,0,0,0,0,0,66
2025-09-29T03:35:41.727Z,59.7,21.1,1.927,50.4,0,60,0,0,0,0,0,0,0,0,66
2025-09-29T03:35:42.724Z,59.7,21.1,1.926,50.4,0,60,0,0,0,0,0,0,0,0,66
2025-09-29T03:35:43.728Z,59.7,21.1,1.926,49.6,0,60,0,0,0,0,0,0,0,0,66
2025-09-29T03:35:44.731Z,59.7,21.1,1.926,50.4,0,60,0,0,0,0,0,0,0,0,66
2025-09-29T03:35:45.736Z,59.7,21.1,1.926,49.6,0,60,0,0,0,0,0,0,0,0,66
2025-09-29T03:35:46.729Z,59.7,21.1,1.926,50.4,0,60,0,0,0,0,0,0,0,0,66
2025-09-29T03:35:47.729Z,59.7,21.1,1.926,49.6,0,60,0,0,0,0,0,0,0,0,66
2025-09-29T03:35:48.731Z,59.7,21.1,1.926,49.6,0,60,0,0,0,0,0,0,0,0,66
2025-09-29T03:35:49.737Z,59.7,21.1,1.926,50.4,0,60,0,0,0,0,0,0,0,0,66
2025-09-29T03:35:50.739Z,59.8,21.1,1.926,49.6,0,60,0,0,0,0,0,0,0,0,66
2025-09-29T03:35:51.733Z,59.8,21.1,1.926,50.4,0,60,0,0,0,0,0,0,0,0,66
2025-09-29T03:35:52.736Z,59.8,21.1,1.926,50.4,0,60,0,0,0,0,0,0,0,0,66
2025-09-29T03:35:53.740Z,59.8,21.1,1.926,49.6,0,60,0,0,0,0,0,0,0,0,66
2025-09-29T03:35:54.743Z,59.8,21.1,1.926,50.4,0,60,0,0,0,0,0,0,0,0,66
2025-09-29T03:35:55.741Z,59.8,21.1,1.926,49.6,0,60,0,0,0,0,0,0,0,0,66
2025-09-29T03:35:56.740Z,59.8,21.1,1.926,50.4,0,60,0,0,0,0,0,0,0,0,66
2025-09-29T03:35:57.739Z,59.8,21.1,1.926,49.6,0,60,0,0,0,0,0,0,0,0,66
2025-09-29T03:35:58.738Z,59.8,21.1,1.926,50.4,0,60,0,0,0,0,0,0,0,0,66
2025-09-29T03:35:59.741Z,59.8,21.1,1.926,49.6,0,60,0,0,0,0,0,0,0,0,66
2025-09-29T03:36:00.743Z,59.8,21.1,1.926,49.6,0,60,0,0,0,0,0,0,0,0,66
2025-09-29T03:36:01.748Z,59.8,21.1,1.926,50.4,0,60,0,0,0,0,0,0,0,0,66
2025-09-29T03:36:02.743Z,59.8,21.1,1.925,49.6,0,60,0,0,0,0,0,0,0,0,66
2025-09-29T03:36:03.743Z,59.8,21.1,1.925,50.4,0,60,0,0,0,0,0,0,0,0,66
2025-09-29T03:36:04.745Z,59.8,21.1,1.925,50.4,0,60,0,0,0,0,0,0,0,0,66
2025-09-29T03:36:05.750Z,59.8,21.1,1.925,49.6,0,60,0,0,0,0,0,0,0,0,66
2025-09-29T03:36:06.747Z,59.8,21.1,1.925,50.4,0,60,0,0,0,0,0,0,0,0,66
2025-09-29T03:36:07.745Z,59.8,21.1,1.926,49.6,0,60,0,0,0,0,0,0,0,0,66
2025-09-29T03:36:08.749Z,59.8,21.1,1.925,50.4,0,60,0,0,0,0,0,0,0,0,66
2025-09-29T03:36:09.751Z,59.8,21.1,1.925,49.6,0,60,0,0,0,0,0,0,0,0,66
2025-09-29T03:36:10.746Z,59.8,21.1,1.926,50.4,0,60,0,0,0,0,0,0,0,0,66
2025-09-29T03:36:11.752Z,59.8,21.1,1.925,49.6,0,60,0,0,0,0,0,0,0,0,66
2025-09-29T03:36:12.755Z,59.9,21.1,1.925,50.4,0,60,0,0,0,0,0,0,0,0,66
2025-09-29T03:36:13.755Z,59.9,21.1,1.925,49.6,0,60,0,0,0,0,0,0,0,0,66
2025-09-29T03:36:14.752Z,59.9,21.1,1.926,50.4,0,60,0,0,0,0,0,0,0,0,66
2025-09-29T03:36:15.755Z,59.9,21.1,1.925,49.6,0,60,0,0,0,0,0,0,0,0,66
2025-09-29T03:36:16.758Z,59.9,21.1,1.925,50.4,0,60,0,0,0,0,0,0,0,0,66
2025-09-29T03:36:17.760Z,59.9,21.1,1.925,49.6,0,60,0,0,0,0,0,0,0,0,66
2025-09-29T03:36:18.758Z,59.9,21.1,1.925,50.4,0,60,0,0,0,0,0,0,0,0,66
2025-09-29T03:36:19.758Z,59.9,21.1,1.925,49.6,0,60,0,0,0,0,0,0,0,0,66
2025-09-29T03:36:20.762Z,59.9,21.1,1.925,50.4,0,60,0,0,0,0,0,0,0,0,66
2025-09-29T03:36:21.766Z,59.9,21.1,1.925,49.6,0,60,0,0,0,0,0,0,0,0,66
2025-09-29T03:36:22.762Z,59.9,21.1,1.925,50.4,0,60,0,0,0,0,0,0,0,0,66
2025-09-29T03:36:23.766Z,59.9,21.1,1.925,49.6,0,60,0,0,0,0,0,0,0,0,66
2025-09-29T03:36:24.766Z,59.9,21.1,1.925,50.4,0,60,0,0,0,0,0,0,0,0,66
2025-09-29T03:36:25.771Z,59.9,21.1,1.925,49.6,0,60,0,0,0,0,0,0,0,0,66
2025-09-29T03:36:26.768Z,59.9,21.1,1.925,50.4,0,60,0,0,0,0,0,0,0,0,66
2025-09-29T03:36:27.770Z,59.9,21.1,1.925,49.6,0,60,0,0,0,0,0,0,0,0,66
2025-09-29T03:36:28.768Z,60,21.1,1.925,50.4,0,60,0,0,0,0,0,0,0,0,66
2025-09-29T03:36:29.764Z,60,21.1,1.925,49.6,0,60,0,0,0,0,0,0,0,0,66
2025-09-29T03:36:30.765Z,60,21.1,1.925,50.4,0,60,0,0,0,0,0,0,0,0,66
2025-09-29T03:36:31.768Z,60,21.1,1.925,49.6,0,60,0,0,0,0,0,0,0,0,66
2025-09-29T03:36:32.770Z,60,21.1,1.925,49.6,0,60,0,0,0,0,0,0,0,0,66
2025-09-29T03:36:33.774Z,60,21.1,1.925,50.4,0,60,0,0,0,0,0,0,0,0,66
2025-09-29T03:36:34.772Z,60,21.1,1.925,49.6,0,60,0,0,0,0,0,0,0,0,66
2025-09-29T03:36:35.772Z,60,21.1,1.925,50.4,0,60,0,0,0,0,0,0,0,0,66
2025-09-29T03:36:36.774Z,60,21.1,1.925,49.6,0,60,0,0,0,0,0,0,0,0,66
2025-09-29T03:36:37.775Z,60,21.1,1.924,50.4,0,60,0,0,0,0,0,0,0,0,66
2025-09-29T03:36:38.777Z,60,21.1,1.924,49.6,0,60,0,0,0,0,0,0,0,0,66
2025-09-29T03:36:39.775Z,60,21.1,1.924,50.4,0,60,0,0,0,0,0,0,0,0,66
2025-09-29T03:36:40.784Z,60,21.1,1.924,49.6,0,60,0,0,0,0,0,0,0,0,66
2025-09-29T03:36:41.780Z,60,21.1,1.924,50.4,0,60,0,0,0,0,0,0,0,0,66
2025-09-29T03:36:42.780Z,60,21.1,1.924,49.6,0,60,0,0,0,0,0,0,0,0,66
2025-09-29T03:36:43.781Z,60,21.1,1.924,50.4,0,60,0,0,0,0,0,0,0,0,66
2025-09-29T03:36:44.787Z,60.1,21.1,1.924,49.6,0,60,0,0,0,0,0,0,0,0,66
2025-09-29T03:36:45.783Z,60.1,21.1,1.924,50.4,0,60,0,0,0,0,0,0,0,0,66
2025-09-29T03:36:46.780Z,60.1,21.1,1.923,49.6,0,60,0,0,0,0,0,0,0,0,66
2025-09-29T03:36:47.786Z,60.1,21.1,1.924,50.4,0,60,0,0,0,0,0,0,0,0,66
2025-09-29T03:36:48.787Z,60.1,21.1,1.924,49.6,0,60,0,0,0,0,0,0,0,0,66
2025-09-29T03:36:49.789Z,60.1,21.1,1.924,50.4,0,60,0,0,0,0,0,0,0,0,66
2025-09-29T03:36:50.786Z,60.1,21.1,1.924,49.6,0,60,0,0,0,0,0,0,0,0,66
2025-09-29T03:36:51.788Z,60.1,21.1,1.924,50.4,0,60,0,0,0,0,0,0,0,0,66
2025-09-29T03:36:52.789Z,60.1,21.1,1.924,49.6,0,60,0,0,0,0,0,0,0,0,66
2025-09-29T03:36:53.793Z,60.1,21.1,1.923,50.4,0,60,0,0,0,0,0,0,0,0,66
2025-09-29T03:36:54.790Z,60.1,21.1,1.923,49.6,0,60,0,0,0,0,0,0,0,0,66
2025-09-29T03:36:55.797Z,60.1,21.1,1.924,50.4,0,60,0,0,0,0,0,0,0,0,66
2025-09-29T03:36:56.799Z,60.1,21.1,1.924,49.6,0,60,0,0,0,0,0,0,0,0,66
2025-09-29T03:36:57.797Z,60.1,21.1,1.923,50.4,0,60,0,0,0,0,0,0,0,0,66
2025-09-29T03:36:58.790Z,60.2,21.1,1.923,49.6,0,60,0,0,0,0,0,0,0,0,66
2025-09-29T03:36:59.794Z,60.2,21.1,1.923,50.4,0,60,0,0,0,0,0,0,0,0,66
2025-09-29T03:37:00.799Z,60.2,21.1,1.923,49.6,0,60,0,0,0,0,0,0,0,0,66
2025-09-29T03:37:01.805Z,60.2,21.1,1.924,50.4,0,60,0,0,0,0,0,0,0,0,66
2025-09-29T03:37:02.805Z,60.2,21.1,1.924,49.6,0,60,0,0,0,0,0,0,0,0,66
2025-09-29T03:37:03.801Z,60.2,21.1,1.923,50.4,0,60,0,0,0,0,0,0,0,0,66
2025-09-29T03:37:04.800Z,60.2,21.1,1.923,49.6,0,60,0,0,0,0,0,0,0,0,66
2025-09-29T03:37:05.805Z,60.2,21.1,1.924,50.4,0,60,0,0,0,0,0,0,0,0,66
2025-09-29T03:37:06.800Z,60.2,21.1,1.923,49.6,0,60,0,0,0,0,0,0,0,0,66
2025-09-29T03:37:07.798Z,60.2,21.1,1.923,50.4,0,60,0,0,0,0,0,0,0,0,66
2025-09-29T03:37:08.801Z,60.2,21.1,1.923,49.6,0,60,0,0,0,0,0,0,0,0,66
2025-09-29T03:37:09.805Z,60.2,21.1,1.923,50.4,0,60,0,0,0,0,0,0,0,0,66
2025-09-29T03:37:10.803Z,60.2,21.1,1.923,49.6,0,60,0,0,0,0,0,0,0,0,66
2025-09-29T03:37:11.806Z,60.2,21.1,1.923,50.4,0,60,0,0,0,0,0,0,0,0,66
2025-09-29T03:37:12.804Z,60.2,21.1,1.923,49.6,0,60,0,0,0,0,0,0,0,0,66
2025-09-29T03:37:13.806Z,60.3,21.1,1.923,50.4,0,60,0,0,0,0,0,0,0,0,66
2025-09-29T03:37:14.804Z,60.3,21.1,1.923,49.6,0,60,0,0,0,0,0,0,0,0,66
2025-09-29T03:37:15.807Z,60.3,21.1,1.923,50.4,0,60,0,0,0,0,0,0,0,0,66
2025-09-29T03:37:16.812Z,60.3,21.1,1.924,49.6,0,60,0,0,0,0,0,0,0,0,66
2025-09-29T03:37:17.812Z,60.3,21.1,1.924,50.4,0,60,0,0,0,0,0,0,0,0,66
2025-09-29T03:37:18.813Z,60.3,21.1,1.924,49.6,0,60,0,0,0,0,0,0,0,0,66
2025-09-29T03:37:19.816Z,60.3,21.1,1.924,50.4,0,60,0,0,0,0,0,0,0,0,66
2025-09-29T03:37:20.814Z,60.3,21.1,1.923,49.6,0,60,0,0,0,0,0,0,0,0,66
2025-09-29T03:37:21.816Z,60.3,21.1,1.924,49.6,0,60,0,0,0,0,0,0,0,0,66
2025-09-29T03:37:22.813Z,60.3,21.1,1.923,49.6,0,60,0,0,0,0,0,0,0,0,66
2025-09-29T03:37:23.817Z,60.3,21.1,1.923,50.4,0,60,0,0,0,0,0,0,0,0,66
2025-09-29T03:37:24.819Z,60.3,21.1,1.924,49.6,0,60,0,0,0,0,0,0,0,0,66
2025-09-29T03:37:25.823Z,60.3,21.1,1.923,50.4,0,60,0,0,0,0,0,0,0,0,66
2025-09-29T03:37:26.818Z,60.3,21.1,1.923,49.6,0,60,0,0,0,0,0,0,0,0,66
2025-09-29T03:37:27.828Z,60.3,21.1,1.923,50.4,0,60,0,0,0,0,0,0,0,0,66
2025-09-29T03:37:28.821Z,60.4,21.1,1.923,49.6,0,60,0,0,0,0,0,0,0,0,66
2025-09-29T03:37:29.821Z,60.4,21.1,1.923,50.4,0,60,0,0,0,0,0,0,0,0,66
2025-09-29T03:37:30.821Z,60.4,21.1,1.923,49.6,0,60,0,0,0,0,0,0,0,0,66
2025-09-29T03:37:31.825Z,60.4,21.1,1.923,50.4,0,60,0,0,0,0,0,0,0,0,66
2025-09-29T03:37:32.823Z,60.4,21.1,1.923,49.6,0,59.9,0,0,0,0,0,0,0,0,66
2025-09-29T03:37:33.824Z,60.4,21.1,1.923,50.4,0,60,0,0,0,0,0,0,0,0,66
2025-09-29T03:37:34.822Z,60.4,21.1,1.923,49.6,0,60,0,0,0,0,0,0,0,0,66
2025-09-29T03:37:35.825Z,60.4,21.1,1.923,50.4,0,59.9,0,0,0,0,0,0,0,0,66
2025-09-29T03:37:36.824Z,60.4,21.1,1.923,49.6,0,59.9,0,0,0,0,0,0,0,0,66
2025-09-29T03:37:37.825Z,60.4,21.1,1.923,50.4,0,60,0,0,0,0,0,0,0,0,66
2025-09-29T03:37:38.825Z,60.4,21.1,1.923,49.6,0,59.9,0,0,0,0,0,0,0,0,66
2025-09-29T03:37:39.828Z,60.4,21.1,1.923,50.4,0,60,0,0,0,0,0,0,0,0,66
2025-09-29T03:37:40.832Z,60.4,21.1,1.923,49.6,0,59.9,0,0,0,0,0,0,0,0,66
2025-09-29T03:37:41.829Z,60.4,21.1,1.923,49.6,0,59.9,0,0,0,0,0,0,0,0,66
2025-09-29T03:37:42.829Z,60.4,21.1,1.923,49.6,0,60,0,0,0,0,0,0,0,0,66
2025-09-29T03:37:43.829Z,60.4,21.1,1.923,50.4,0,59.9,0,0,0,0,0,0,0,0,66
2025-09-29T03:37:44.835Z,60.5,21.1,1.923,49.6,0,59.9,0,0,0,0,0,0,0,0,66
2025-09-29T03:37:45.833Z,60.5,21.1,1.923,50.4,0,59.9,0,0,0,0,0,0,0,0,66
2025-09-29T03:37:46.831Z,60.5,21.1,1.922,49.6,0,59.9,0,0,0,0,0,0,0,0,66
2025-09-29T03:37:47.835Z,60.5,21.1,1.923,50.4,0,59.9,0,0,0,0,0,0,0,0,66
2025-09-29T03:37:48.837Z,60.5,21.1,1.923,49.6,0,60,0,0,0,0,0,0,0,0,66
2025-09-29T03:37:49.834Z,60.5,21.1,1.922,50.4,0,59.9,0,0,0,0,0,0,0,0,66
2025-09-29T03:37:50.836Z,60.5,21.1,1.923,49.6,0,59.9,0,0,0,0,0,0,0,0,66
2025-09-29T03:37:51.835Z,60.5,21.1,1.923,50.4,0,59.9,0,0,0,0,0,0,0,0,66
2025-09-29T03:37:52.842Z,60.5,21.1,1.923,49.6,0,59.9,0,0,0,0,0,0,0,0,66
2025-09-29T03:37:53.841Z,60.5,21.1,1.923,50.4,0,59.9,0,0,0,0,0,0,0,0,66
2025-09-29T03:37:54.843Z,60.5,21.1,1.923,49.6,0,59.9,0,0,0,0,0,0,0,0,66
2025-09-29T03:37:55.839Z,60.5,21.1,1.922,50.4,0,59.9,0,0,0,0,0,0,0,0,66
2025-09-29T03:37:56.845Z,60.5,21.1,1.923,49.6,0,59.9,0,0,0,0,0,0,0,0,66
2025-09-29T03:37:57.844Z,60.5,21.1,1.923,50.4,0,59.9,0,0,0,0,0,0,0,0,66
2025-09-29T03:37:58.842Z,60.5,21.1,1.923,49.6,0,59.9,0,0,0,0,0,0,0,0,66
2025-09-29T03:37:59.845Z,60.6,21.1,1.923,50.4,0,59.9,0,0,0,0,0,0,0,0,66
2025-09-29T03:38:00.847Z,60.6,21.1,1.923,49.6,0,59.9,0,0,0,0,0,0,0,0,66
2025-09-29T03:38:01.845Z,60.6,21.1,1.923,50.4,0,59.9,0,0,0,0,0,0,0,0,66
2025-09-29T03:38:02.847Z,60.6,21.1,1.923,49.6,0,59.9,0,0,0,0,0,0,0,0,66
2025-09-29T03:38:03.849Z,60.6,21.1,1.923,50.4,0,59.9,0,0,0,0,0,0,0,0,66
2025-09-29T03:38:04.853Z,60.6,21.1,1.923,49.6,0,59.9,0,0,0,0,0,0,0,0,66
2025-09-29T03:38:05.850Z,60.6,21.1,1.923,50.4,0,59.9,0,0,0,0,0,0,0,0,66
2025-09-29T03:38:06.852Z,60.6,21.1,1.923,49.6,0,59.9,0,0,0,0,0,0,0,0,66
2025-09-29T03:38:07.852Z,60.6,21.1,1.923,50.4,0,59.9,0,0,0,0,0,0,0,0,66
2025-09-29T03:38:08.854Z,60.6,21.1,1.923,49.6,0,59.9,0,0,0,0,0,0,0,0,66
2025-09-29T03:38:09.859Z,60.6,21.1,1.922,50.4,0,59.9,0,0,0,0,0,0,0,0,66
2025-09-29T03:38:10.856Z,60.6,21.1,1.922,49.6,0,59.9,0,0,0,0,0,0,0,0,66
2025-09-29T03:38:11.853Z,60.6,21.1,1.923,49.6,0,59.9,0,0,0,0,0,0,0,0,66
2025-09-29T03:38:12.857Z,60.6,21.1,1.922,49.6,0,59.9,0,0,0,0,0,0,0,0,66
2025-09-29T03:38:13.858Z,60.6,21.1,1.922,49.6,0,59.9,0,0,0,0,0,0,0,0,66
2025-09-29T03:38:14.859Z,60.6,21.1,1.922,50.4,0,59.9,0,0,0,0,0,0,0,0,66
2025-09-29T03:38:15.861Z,60.7,21.1,1.922,49.6,0,59.9,0,0,0,0,0,0,0,0,66
2025-09-29T03:38:16.862Z,60.7,21.1,1.922,49.6,0,59.9,0,0,0,0,0,0,0,0,66
2025-09-29T03:38:17.863Z,60.7,21.1,1.922,49.6,0,59.9,0,0,0,0,0,0,0,0,66
2025-09-29T03:38:18.862Z,60.7,21.1,1.922,49.6,0,59.9,0,0,0,0,0,0,0,0,66
2025-09-29T03:38:19.862Z,60.7,21.1,1.922,50.4,0,59.9,0,0,0,0,0,0,0,0,66
2025-09-29T03:38:20.865Z,60.7,21.1,1.922,49.6,0,59.9,0,0,0,0,0,0,0,0,66
2025-09-29T03:38:21.867Z,60.7,21.1,1.922,50.4,0,59.9,0,0,0,0,0,0,0,0,66
2025-09-29T03:38:22.868Z,60.7,21.1,1.922,49.6,0,59.9,0,0,0,0,0,0,0,0,66
2025-09-29T03:38:23.871Z,60.7,21.1,1.922,50.4,0,59.9,0,0,0,0,0,0,0,0,66
2025-09-29T03:38:24.870Z,60.7,21.1,1.922,49.6,0,59.9,0,0,0,0,0,0,0,0,66
2025-09-29T03:38:25.873Z,60.7,21.1,1.922,50.4,0,59.9,0,0,0,0,0,0,0,0,66
2025-09-29T03:38:26.870Z,60.7,21.1,1.922,49.6,0,59.9,0,0,0,0,0,0,0,0,66
2025-09-29T03:38:27.872Z,60.7,21.1,1.922,50.4,0,59.9,0,0,0,0,0,0,0,0,66
2025-09-29T03:38:28.870Z,60.7,21.1,1.922,49.6,0,59.9,0,0,0,0,0,0,0,0,66
2025-09-29T03:38:29.870Z,60.7,21.1,1.922,50.4,0,59.9,0,0,0,0,0,0,0,0,66
2025-09-29T03:38:30.871Z,60.7,21.1,1.922,49.6,0,59.9,0,0,0,0,0,0,0,0,66
2025-09-29T03:38:31.871Z,60.7,21.1,1.922,50.4,0,59.9,0,0,0,0,0,0,0,0,66
2025-09-29T03:38:32.874Z,60.7,21.1,1.922,49.6,0,59.9,0,0,0,0,0,0,0,0,66
2025-09-29T03:38:33.877Z,60.7,21.1,1.921,50.4,0,59.9,0,0,0,0,0,0,0,0,66
2025-09-29T03:38:34.873Z,60.7,21.1,1.922,49.6,0,59.9,0,0,0,0,0,0,0,0,66
2025-09-29T03:38:35.875Z,60.8,21.1,1.922,50.4,0,59.9,0,0,0,0,0,0,0,0,66
2025-09-29T03:38:36.880Z,60.8,21.1,1.921,49.6,0,59.9,0,0,0,0,0,0,0,0,66
2025-09-29T03:38:37.880Z,60.8,21.1,1.921,50.4,0,59.9,0,0,0,0,0,0,0,0,66
2025-09-29T03:38:38.883Z,60.8,21.1,1.921,49.6,0,59.9,0,0,0,0,0,0,0,0,66
2025-09-29T03:38:39.881Z,60.8,21.1,1.921,49.6,0,59.9,0,0,0,0,0,0,0,0,66
2025-09-29T03:38:40.882Z,60.8,21.1,1.921,49.6,0,59.9,0,0,0,0,0,0,0,0,66
2025-09-29T03:38:41.884Z,60.8,21.1,1.921,49.6,0,59.9,0,0,0,0,0,0,0,0,66
2025-09-29T03:38:42.882Z,60.8,21.1,1.922,50.4,0,59.9,0,0,0,0,0,0,0,0,66
2025-09-29T03:38:43.887Z,60.8,21.1,1.921,50.4,0,59.9,0,0,0,0,0,0,0,0,66
2025-09-29T03:38:44.885Z,60.8,21.1,1.921,49.6,0,59.9,0,0,0,0,0,0,0,0,66
2025-09-29T03:38:45.889Z,60.8,21.1,1.921,50.4,0,59.9,0,0,0,0,0,0,0,0,66
2025-09-29T03:38:46.891Z,60.8,21.1,1.921,49.6,0,59.9,0,0,0,0,0,0,0,0,66
2025-09-29T03:38:47.888Z,60.8,21.1,1.921,50.4,0,59.9,0,0,0,0,0,0,0,0,66
2025-09-29T03:38:48.896Z,60.8,21.1,1.921,49.6,0,59.9,0,0,0,0,0,0,0,0,66
2025-09-29T03:38:49.893Z,60.8,21.1,1.921,50.4,0,59.9,0,0,0,0,0,0,0,0,66
2025-09-29T03:38:50.893Z,60.8,21.1,1.921,49.6,0,59.9,0,0,0,0,0,0,0,0,66
2025-09-29T03:38:51.894Z,60.8,21.1,1.921,49.6,0,59.9,0,0,0,0,0,0,0,0,66
2025-09-29T03:38:52.894Z,60.8,21.1,1.921,50.4,0,59.9,0,0,0,0,0,0,0,0,66
2025-09-29T03:38:53.900Z,60.8,21.1,1.921,49.6,0,59.9,0,0,0,0,0,0,0,0,66
2025-09-29T03:38:54.900Z,60.9,21.1,1.921,50.4,0,59.9,0,0,0,0,0,0,0,0,66
2025-09-29T03:38:55.897Z,60.9,21.1,1.92,49.6,0,59.9,0,0,0,0,0,0,0,0,66
2025-09-29T03:38:56.902Z,60.9,21.1,1.921,50.4,0,59.9,0,0,0,0,0,0,0,0,66
2025-09-29T03:38:57.903Z,60.9,21.1,1.921,50.4,0,59.9,0,0,0,0,0,0,0,0,66
2025-09-29T03:38:58.900Z,60.9,21.1,1.921,49.6,0,59.9,0,0,0,0,0,0,0,0,66
2025-09-29T03:38:59.905Z,60.9,21.1,1.92,50.4,0,59.9,0,0,0,0,0,0,0,0,66
2025-09-29T03:39:00.903Z,60.9,21.1,1.921,49.6,0,59.9,0,0,0,0,0,0,0,0,66
2025-09-29T03:39:01.902Z,60.9,21.1,1.921,50.4,0,59.9,0,0,0,0,0,0,0,0,66
2025-09-29T03:39:02.903Z,60.9,21.1,1.921,49.6,0,59.9,0,0,0,0,0,0,0,0,66
2025-09-29T03:39:03.905Z,60.9,21.1,1.92,50.4,0,59.9,0,0,0,0,0,0,0,0,66
2025-09-29T03:39:04.904Z,60.9,21.1,1.921,49.6,0,59.9,0,0,0,0,0,0,0,0,66
2025-09-29T03:39:05.906Z,60.9,21.1,1.92,50.4,0,59.9,0,0,0,0,0,0,0,0,66
2025-09-29T03:39:06.907Z,60.9,21.1,1.92,49.6,0,59.9,0,0,0,0,0,0,0,0,66
2025-09-29T03:39:07.909Z,60.9,21.1,1.92,50.4,0,59.9,0,0,0,0,0,0,0,0,66
2025-09-29T03:39:08.910Z,60.9,21.1,1.921,49.6,0,59.9,0,0,0,0,0,0,0,0,66
2025-09-29T03:39:09.913Z,60.9,21.1,1.921,49.6,0,59.9,0,0,0,0,0,0,0,0,66
2025-09-29T03:39:10.912Z,60.9,21.1,1.92,49.6,0,59.9,0,0,0,0,0,0,0,0,66
2025-09-29T03:39:11.914Z,60.9,21.1,1.921,50.4,0,59.9,0,0,0,0,0,0,0,0,66
2025-09-29T03:39:12.919Z,60.9,21.1,1.921,49.6,0,59.9,0,0,0,0,0,0,0,0,66
2025-09-29T03:39:13.913Z,60.9,21.1,1.921,50.4,0,59.9,0,0,0,0,0,0,0,0,66
2025-09-29T03:39:14.912Z,60.9,21.1,1.92,50.4,0,59.9,0,0,0,0,0,0,0,0,66
2025-09-29T03:39:15.916Z,60.9,21.1,1.92,49.6,0,59.9,0,0,0,0,0,0,0,0,66
2025-09-29T03:39:16.919Z,60.9,21.1,1.921,49.6,0,59.9,0,0,0,0,0,0,0,0,66
2025-09-29T03:39:17.918Z,60.9,21.1,1.92,49.6,0,59.9,0,0,0,0,0,0,0,0,66
2025-09-29T03:39:18.919Z,60.9,21.1,1.92,50.4,0,59.9,0,0,0,0,0,0,0,0,66
2025-09-29T03:39:19.917Z,60.9,21.1,1.921,49.6,0,59.9,0,0,0,0,0,0,0,0,66
2025-09-29T03:39:20.920Z,60.9,21.1,1.92,50.4,0,59.9,0,0,0,0,0,0,0,0,66
2025-09-29T03:39:21.921Z,60.9,21.1,1.92,49.6,0,59.9,0,0,0,0,0,0,0,0,66
2025-09-29T03:39:22.924Z,60.9,21.1,1.92,49.6,0,59.9,0,0,0,0,0,0,0,0,66
2025-09-29T03:39:23.926Z,60.9,21.1,1.92,50.4,0,59.9,0,0,0,0,0,0,0,0,66
2025-09-29T03:39:24.926Z,60.9,21.1,1.92,49.6,0,59.9,0,0,0,0,0,0,0,0,66
2025-09-29T03:39:25.927Z,60.9,21.1,1.92,49.6,0,59.9,0,0,0,0,0,0,0,0,66
2025-09-29T03:39:26.928Z,60.9,21.1,1.92,50.4,0,59.9,0,0,0,0,0,0,0,0,66
2025-09-29T03:39:27.930Z,60.9,21.1,1.92,49.6,0,59.9,0,0,0,0,0,0,0,0,66
2025-09-29T03:39:28.928Z,60.9,21.1,1.92,49.6,0,59.9,0,0,0,0,0,0,0,0,66
2025-09-29T03:39:29.927Z,60.9,21.1,1.92,50.4,0,59.9,0,0,0,0,0,0,0,0,66
2025-09-29T03:39:30.926Z,60.9,21.1,1.92,50.4,0,59.9,0,0,0,0,0,0,0,0,66
2025-09-29T03:39:31.933Z,61,21.1,1.921,49.6,0,59.9,0,0,0,0,0,0,0,0,66
2025-09-29T03:39:32.929Z,61,21.1,1.92,50.4,0,59.9,0,0,0,0,0,0,0,0,66
2025-09-29T03:39:33.932Z,60.9,21.1,1.922,49.6,0,59.9,0,0,0,0,0,0,0,0,66
2025-09-29T03:39:34.930Z,60.9,21.1,1.92,50.4,0,59.9,0,0,0,0,0,0,0,0,66
2025-09-29T03:39:35.935Z,60.9,21.1,1.921,49.6,0,59.9,0,0,0,0,0,0,0,0,66
2025-09-29T03:39:36.935Z,61,21.1,1.922,49.6,0,59.9,0,0,0,0,0,0,0,0,66
2025-09-29T03:39:37.933Z,61,21.1,1.921,50.4,0,59.9,0,0,0,0,0,0,0,0,66
2025-09-29T03:39:38.937Z,61,21.1,1.922,49.6,0,59.9,0,0,0,0,0,0,0,0,66
2025-09-29T03:39:39.936Z,61,21.1,1.92,49.6,0,59.9,0,0,0,0,0,0,0,0,66
2025-09-29T03:39:40.940Z,61,21.1,1.921,50.4,0,59.9,0,0,0,0,0,0,0,0,66
2025-09-29T03:39:41.939Z,60.9,21.1,1.921,50.4,0,59.9,0,0,0,0,0,0,0,0,66
2025-09-29T03:39:42.942Z,60.9,21.1,1.921,49.6,0,59.9,0,0,0,0,0,0,0,0,66
2025-09-29T03:39:43.941Z,61,21.1,1.921,50.4,0,59.9,0,0,0,0,0,0,0,0,66
2025-09-29T03:39:44.941Z,61,21.1,1.92,49.6,0,59.9,0,0,0,0,0,0,0,0,66
2025-09-29T03:39:45.940Z,61,21.1,1.92,50.4,0,59.9,0,0,0,0,0,0,0,0,66
2025-09-29T03:39:46.944Z,61,21.1,1.922,49.6,0,59.9,0,0,0,0,0,0,0,0,66
2025-09-29T03:39:47.946Z,61,21.1,1.921,50.4,0,59.9,0,0,0,0,0,0,0,0,66
2025-09-29T03:39:48.945Z,61,21.1,1.921,49.6,0,59.9,0,0,0,0,0,0,0,0,66
2025-09-29T03:39:49.944Z,61,21.1,1.92,49.6,0,59.9,0,0,0,0,0,0,0,0,66
2025-09-29T03:39:50.948Z,61,21.1,1.921,50.4,0,59.9,0,0,0,0,0,0,0,0,66
2025-09-29T03:39:51.950Z,61,21.1,1.921,49.6,0,59.9,0,0,0,0,0,0,0,0,66
2025-09-29T03:39:52.951Z,61,21.1,1.921,49.6,0,59.9,0,0,0,0,0,0,0,0,66
2025-09-29T03:39:53.952Z,60.9,21.1,1.921,50.4,0,59.9,0,0,0,0,0,0,0,0,66
2025-09-29T03:39:54.955Z,60.9,21.1,1.921,49.6,0,59.9,0,0,0,0,0,0,0,0,66
2025-09-29T03:39:55.950Z,60.9,21.1,1.922,49.6,0,59.9,0,0,0,0,0,0,0,0,66
2025-09-29T03:39:56.952Z,60.9,21.1,1.922,50.4,0,59.8,0,0,0,0,0,0,0,0,66
2025-09-29T03:39:57.953Z,60.9,21.1,1.921,50.4,0,59.8,0,0,0,0,0,0,0,0,66
2025-09-29T03:39:58.951Z,60.9,21.1,1.921,49.6,0,59.9,0,0,0,0,0,0,0,0,66
2025-09-29T03:39:59.955Z,60.9,21.1,1.922,50.4,0,59.8,0,0,0,0,0,0,0,0,66
2025-09-29T03:40:00.955Z,60.9,21.1,1.921,49.6,0,59.9,0,0,0,0,0,0,0,0,66
2025-09-29T03:40:01.952Z,60.9,21.1,1.921,49.6,0,59.8,0,0,0,0,0,0,0,0,66
2025-09-29T03:40:02.956Z,60.9,21.1,1.922,50.4,0,59.8,0,0,0,0,0,0,0,0,66
2025-09-29T03:40:03.953Z,60.9,21.1,1.921,49.6,0,59.8,0,0,0,0,0,0,0,0,66
2025-09-29T03:40:04.955Z,60.9,21.1,1.921,49.6,0,59.8,0,0,0,0,0,0,0,0,66
2025-09-29T03:40:05.959Z,60.9,21.1,1.922,50.4,0,59.9,0,0,0,0,0,0,0,0,66
2025-09-29T03:40:06.959Z,60.9,21.1,1.921,50.4,0,59.8,0,0,0,0,0,0,0,0,66
2025-09-29T03:40:07.959Z,60.9,21.1,1.921,49.6,0,59.9,0,0,0,0,0,0,0,0,66
2025-09-29T03:40:08.963Z,60.9,21.1,1.921,50.4,0,59.8,0,0,0,0,0,0,0,0,66
2025-09-29T03:40:09.968Z,60.9,21.1,1.922,49.6,0,59.8,0,0,0,0,0,0,0,0,66
2025-09-29T03:40:10.963Z,60.9,21.1,1.922,49.6,0,59.8,0,0,0,0,0,0,0,0,66
2025-09-29T03:40:11.967Z,60.9,21.1,1.922,50.4,0,59.8,0,0,0,0,0,0,0,0,66
2025-09-29T03:40:12.968Z,60.9,21.1,1.922,50.4,0,59.8,0,0,0,0,0,0,0,0,66
2025-09-29T03:40:13.968Z,60.9,21.1,1.922,49.6,0,59.8,0,0,0,0,0,0,0,0,66
2025-09-29T03:40:14.965Z,60.9,21.1,1.921,50.4,0,59.8,0,0,0,0,0,0,0,0,66
2025-09-29T03:40:15.967Z,60.9,21.1,1.922,49.6,0,59.8,0,0,0,0,0,0,0,0,66
2025-09-29T03:40:16.971Z,60.9,21.1,1.922,50.4,0,59.8,0,0,0,0,0,0,0,0,66
2025-09-29T03:40:17.969Z,60.9,21.1,1.921,50.4,0,59.8,0,0,0,0,0,0,0,0,66
2025-09-29T03:40:18.970Z,60.9,21.1,1.922,49.6,0,59.8,0,0,0,0,0,0,0,0,66
2025-09-29T03:40:19.972Z,60.9,21.1,1.922,50.4,0,59.8,0,0,0,0,0,0,0,0,66
2025-09-29T03:40:19.972Z,60.9,21.1,1.922,50.4,0,59.8,0,0,0,0,0,0,0,0,66
2025-09-29T03:40:21.971Z,60.9,21.1,1.922,50.4,0,59.8,0,0,0,0,0,0,0,0,66
2025-09-29T03:40:22.974Z,60.9,21.1,1.922,49.6,0,59.8,0,0,0,0,0,0,0,0,66
2025-09-29T03:40:23.975Z,60.9,21.1,1.922,49.6,0,59.8,0,0,0,0,0,0,0,0,66
2025-09-29T03:40:24.981Z,60.9,21.1,1.922,50.4,0,59.8,0,0,0,0,0,0,0,0,66
2025-09-29T03:40:25.974Z,60.9,21.1,1.921,49.6,0,59.8,0,0,0,0,0,0,0,0,66
2025-09-29T03:40:26.976Z,60.9,21.1,1.922,50.4,0,59.8,0,0,0,0,0,0,0,0,66
2025-09-29T03:40:27.979Z,60.9,21.1,1.922,49.6,0,59.8,0,0,0,0,0,0,0,0,66
2025-09-29T03:40:28.979Z,60.9,21.1,1.922,50.4,0,59.8,0,0,0,0,0,0,0,0,66
2025-09-29T03:40:29.976Z,60.9,21.1,1.922,50.4,0,59.8,0,0,0,0,0,0,0,0,66
2025-09-29T03:40:30.980Z,60.9,21.1,1.922,49.6,0,59.8,0,0,0,0,0,0,0,0,66
2025-09-29T03:40:31.983Z,60.9,21.1,1.922,50.4,0,59.8,0,0,0,0,0,0,0,0,66
2025-09-29T03:40:32.988Z,60.9,21.1,1.922,49.6,0,59.8,0,0,0,0,0,0,0,0,66
2025-09-29T03:40:33.978Z,60.9,21.1,1.922,50.4,0,59.8,0,0,0,0,0,0,0,0,66
2025-09-29T03:40:34.990Z,60.9,21.1,1.921,49.6,0,59.8,0,0,0,0,0,0,0,0,66
2025-09-29T03:40:35.986Z,60.9,21.1,1.922,50.4,0,59.8,0,0,0,0,0,0,0,0,66
2025-09-29T03:40:36.992Z,60.9,21.1,1.921,49.6,0,59.8,0,0,0,0,0,0,0,0,66
2025-09-29T03:40:37.987Z,60.9,21.1,1.922,50.4,0,59.8,0,0,0,0,0,0,0,0,66
2025-09-29T03:40:38.986Z,60.9,21.1,1.922,49.6,0,59.8,0,0,0,0,0,0,0,0,66
2025-09-29T03:40:39.989Z,60.9,21.1,1.922,49.6,0,59.8,0,0,0,0,0,0,0,0,66
2025-09-29T03:40:40.991Z,60.9,21.1,1.922,50.4,0,59.8,0,0,0,0,0,0,0,0,66
2025-09-29T03:40:41.985Z,60.9,21.1,1.922,49.6,0,59.8,0,0,0,0,0,0,0,0,66
2025-09-29T03:40:42.983Z,60.9,21.1,1.922,50.4,0,59.8,0,0,0,0,0,0,0,0,66
2025-09-29T03:40:43.989Z,60.8,21.1,1.922,49.6,0,59.8,0,0,0,0,0,0,0,0,66
2025-09-29T03:40:44.987Z,60.8,21.1,1.922,49.6,0,59.8,0,0,0,0,0,0,0,0,66
2025-09-29T03:40:45.993Z,60.9,21.1,1.922,50.4,0,59.8,0,0,0,0,0,0,0,0,66
2025-09-29T03:40:46.994Z,60.8,21.1,1.922,49.6,0,59.9,0,0,0,0,0,0,0,0,66
2025-09-29T03:40:47.993Z,60.8,21.1,1.922,50.4,0,59.9,0,0,0,0,0,0,0,0,66
2025-09-29T03:40:48.996Z,60.8,21.1,1.922,50.4,0,59.9,0,0,0,0,0,0,0,0,66
2025-09-29T03:40:49.995Z,60.8,21.1,1.922,49.6,0,59.8,0,0,0,0,0,0,0,0,66
2025-09-29T03:40:50.995Z,60.8,21.1,1.922,49.6,0,59.8,0,0,0,0,0,0,0,0,66
2025-09-29T03:40:51.997Z,60.8,21.1,1.922,49.6,0,59.8,0,0,0,0,0,0,0,0,66
2025-09-29T03:40:53.001Z,60.8,21.1,1.922,50.4,0,59.8,0,0,0,0,0,0,0,0,66
2025-09-29T03:40:53.997Z,60.8,21.1,1.922,49.6,0,59.9,0,0,0,0,0,0,0,0,66
2025-09-29T03:40:54.999Z,60.8,21.1,1.922,49.6,0,59.9,0,0,0,0,0,0,0,0,66
2025-09-29T03:40:55.999Z,60.8,21.1,1.922,50.4,0,59.8,0,0,0,0,0,0,0,0,66
2025-09-29T03:40:57.009Z,60.8,21.1,1.921,50.4,0,59.8,0,0,0,0,0,0,0,0,66
2025-09-29T03:40:58.004Z,60.8,21.1,1.922,49.6,0,59.8,0,0,0,0,0,0,0,0,66
2025-09-29T03:40:59.003Z,60.8,21.1,1.922,50.4,0,59.8,0,0,0,0,0,0,0,0,66
2025-09-29T03:40:59.999Z,60.8,21.1,1.922,49.6,0,59.8,0,0,0,0,0,0,0,0,66
2025-09-29T03:41:01.006Z,60.8,21.1,1.922,50.4,0,59.8,0,0,0,0,0,0,0,0,66
2025-09-29T03:41:02.006Z,60.8,21.1,1.922,49.6,0,59.8,0,0,0,0,0,0,0,0,66
2025-09-29T03:41:03.008Z,60.8,21.1,1.922,50.4,0,59.9,0,0,0,0,0,0,0,0,66
2025-09-29T03:41:03.008Z,60.8,21.1,1.922,50.4,0,59.9,0,0,0,0,0,0,0,0,66
2025-09-29T03:41:05.013Z,60.8,21.1,1.921,49.6,0,59.8,0,0,0,0,0,0,0,0,66
2025-09-29T03:41:06.007Z,60.8,21.1,1.922,50.4,0,59.8,0,0,0,0,0,0,0,0,66
2025-09-29T03:41:07.008Z,60.8,21.1,1.922,49.6,0,59.8,0,0,0,0,0,0,0,0,66
2025-09-29T03:41:08.008Z,60.7,21.1,1.922,50.4,0,59.9,0,0,0,0,0,0,0,0,66
2025-09-29T03:41:09.015Z,60.7,21.1,1.921,49.6,0,59.9,0,0,0,0,0,0,0,0,66
2025-09-29T03:41:10.011Z,60.7,21.1,1.922,50.4,0,59.8,0,0,0,0,0,0,0,0,66
2025-09-29T03:41:11.014Z,60.7,21.1,1.922,49.6,0,59.8,0,0,0,0,0,0,0,0,66
2025-09-29T03:41:12.015Z,60.7,21.1,1.923,49.6,0,59.8,0,0,0,0,0,0,0,0,66
2025-09-29T03:41:13.023Z,60.7,21.1,1.921,49.6,0,59.8,0,0,0,0,0,0,0,0,66
2025-09-29T03:41:14.017Z,60.7,21.1,1.922,50.4,0,59.8,0,0,0,0,0,0,0,0,66
2025-09-29T03:41:15.013Z,60.7,21.1,1.922,49.6,0,59.9,0,0,0,0,0,0,0,0,66
2025-09-29T03:41:16.018Z,60.7,21.1,1.922,49.6,0,59.8,0,0,0,0,0,0,0,0,66
2025-09-29T03:41:17.020Z,60.7,21.1,1.922,50.4,0,59.8,0,0,0,0,0,0,0,0,66
2025-09-29T03:41:18.017Z,60.7,21.1,1.923,49.6,0,59.8,0,0,0,0,0,0,0,0,66
2025-09-29T03:41:19.017Z,60.7,21.1,1.923,49.6,0,59.8,0,0,0,0,0,0,0,0,66
2025-09-29T03:41:20.023Z,60.7,21.1,1.923,50.4,0,59.8,0,0,0,0,0,0,0,0,66
2025-09-29T03:41:21.028Z,60.7,21.1,1.922,50.4,0,59.8,0,0,0,0,0,0,0,0,66
2025-09-29T03:41:22.025Z,60.7,21.1,1.922,49.6,0,59.8,0,0,0,0,0,0,0,0,66
2025-09-29T03:41:23.025Z,60.7,21.1,1.922,50.4,0,59.8,0,0,0,0,0,0,0,0,66
2025-09-29T03:41:24.025Z,60.7,21.1,1.923,49.6,0,59.8,0,0,0,0,0,0,0,0,66
2025-09-29T03:41:25.028Z,60.7,21.1,1.922,50.4,0,59.8,0,0,0,0,0,0,0,0,66
2025-09-29T03:41:26.029Z,60.7,21.1,1.922,49.6,0,59.8,0,0,0,0,0,0,0,0,66
2025-09-29T03:41:27.029Z,60.7,21.1,1.922,49.6,0,59.8,0,0,0,0,0,0,0,0,66
2025-09-29T03:41:28.028Z,60.7,21.1,1.923,50.4,0,59.8,0,0,0,0,0,0,0,0,66
2025-09-29T03:41:29.030Z,60.7,21.1,1.922,49.6,0,59.8,0,0,0,0,0,0,0,0,66
2025-09-29T03:41:30.029Z,60.7,21.1,1.922,50.4,0,59.8,0,0,0,0,0,0,0,0,66
2025-09-29T03:41:31.026Z,60.6,21.1,1.923,50.4,0,59.8,0,0,0,0,0,0,0,0,66
2025-09-29T03:41:32.034Z,60.6,21.1,1.922,49.6,0,59.8,0,0,0,0,0,0,0,0,66
2025-09-29T03:41:33.037Z,60.6,21.1,1.922,50.4,0,59.8,0,0,0,0,0,0,0,0,66
2025-09-29T03:41:34.032Z,60.6,21.1,1.922,49.6,0,59.8,0,0,0,0,0,0,0,0,66
2025-09-29T03:41:35.037Z,60.6,21.1,1.922,50.4,0,59.8,0,0,0,0,0,0,0,0,66
2025-09-29T03:41:36.032Z,60.6,21.1,1.923,49.6,0,59.8,0,0,0,0,0,0,0,0,66
2025-09-29T03:41:37.036Z,60.6,21.1,1.922,50.4,0,59.8,0,0,0,0,0,0,0,0,66
2025-09-29T03:41:38.039Z,60.6,21.1,1.923,50.4,0,59.8,0,0,0,0,0,0,0,0,66
2025-09-29T03:41:39.039Z,60.6,21.1,1.922,49.6,0,59.8,0,0,0,0,0,0,0,0,66
2025-09-29T03:41:40.040Z,60.6,21.1,1.923,49.6,0,59.8,0,0,0,0,0,0,0,0,66
2025-09-29T03:41:41.039Z,60.6,21.1,1.923,49.6,0,59.8,0,0,0,0,0,0,0,0,66
2025-09-29T03:41:42.044Z,60.6,21.1,1.923,50.4,0,59.8,0,0,0,0,0,0,0,0,66
2025-09-29T03:41:43.039Z,60.6,21.1,1.922,49.6,0,59.8,0,0,0,0,0,0,0,0,66
2025-09-29T03:41:44.044Z,60.6,21.1,1.923,50.4,0,59.8,0,0,0,0,0,0,0,0,66
2025-09-29T03:41:45.045Z,60.6,21.1,1.922,49.6,0,59.8,0,0,0,0,0,0,0,0,66
2025-09-29T03:41:46.047Z,60.6,21.1,1.923,49.6,0,59.8,0,0,0,0,0,0,0,0,66
2025-09-29T03:41:47.047Z,60.6,21.1,1.923,50.4,0,59.8,0,0,0,0,0,0,0,0,66
2025-09-29T03:41:48.046Z,60.6,21.1,1.923,49.6,0,59.8,0,0,0,0,0,0,0,0,66
2025-09-29T03:41:49.052Z,60.6,21.1,1.923,50.4,0,59.8,0,0,0,0,0,0,0,0,66
2025-09-29T03:41:50.049Z,60.5,21.1,1.923,49.6,0,59.8,0,0,0,0,0,0,0,0,66
2025-09-29T03:41:51.051Z,60.5,21.1,1.923,49.6,0,59.8,0,0,0,0,0,0,0,0,66
2025-09-29T03:41:52.051Z,60.5,21.1,1.923,50.4,0,59.8,0,0,0,0,0,0,0,0,66
2025-09-29T03:41:53.051Z,60.5,21.1,1.923,49.6,0,59.8,0,0,0,0,0,0,0,0,66
2025-09-29T03:41:54.055Z,60.5,21.1,1.923,49.6,0,59.8,0,0,0,0,0,0,0,0,66
2025-09-29T03:41:55.054Z,60.5,21.1,1.923,50.4,0,59.8,0,0,0,0,0,0,0,0,66
2025-09-29T03:41:56.058Z,60.5,21.1,1.923,50.4,0,59.8,0,0,0,0,0,0,0,0,66
2025-09-29T03:41:57.056Z,60.5,21.1,1.923,49.6,0,59.8,0,0,0,0,0,0,0,0,66
2025-09-29T03:41:58.054Z,60.5,21.1,1.923,50.4,0,59.8,0,0,0,0,0,0,0,0,66
2025-09-29T03:41:59.054Z,60.5,21.1,1.923,49.6,0,59.8,0,0,0,0,0,0,0,0,66
2025-09-29T03:42:00.057Z,60.5,21.1,1.923,50.4,0,59.8,0,0,0,0,0,0,0,0,66
2025-09-29T03:42:01.062Z,60.5,21.1,1.923,49.6,0,59.8,0,0,0,0,0,0,0,0,66
2025-09-29T03:42:02.055Z,60.5,21.1,1.923,49.6,0,59.8,0,0,0,0,0,0,0,0,66
2025-09-29T03:42:03.066Z,60.5,21.1,1.923,50.4,0,59.8,0,0,0,0,0,0,0,0,66
2025-09-29T03:42:04.064Z,60.5,21.1,1.923,50.4,0,59.8,0,0,0,0,0,0,0,0,66
2025-09-29T03:42:05.062Z,60.5,21.1,1.923,49.6,0,59.8,0,0,0,0,0,0,0,0,66
2025-09-29T03:42:06.066Z,60.5,21.1,1.923,50.4,0,59.8,0,0,0,0,0,0,0,0,66
2025-09-29T03:42:07.059Z,60.4,21.1,1.923,49.6,0,59.8,0,0,0,0,0,0,0,0,66
2025-09-29T03:42:08.068Z,60.4,21.1,1.923,50.4,0,59.8,0,0,0,0,0,0,0,0,66
2025-09-29T03:42:09.067Z,60.4,21.1,1.923,49.6,0,59.8,0,0,0,0,0,0,0,0,66
2025-09-29T03:42:10.066Z,60.4,21.1,1.923,49.6,0,59.8,0,0,0,0,0,0,0,0,66
2025-09-29T03:42:11.067Z,60.4,21.1,1.923,50.4,0,59.8,0,0,0,0,0,0,0,0,66
2025-09-29T03:42:12.069Z,60.4,21.1,1.923,49.6,0,59.8,0,0,0,0,0,0,0,0,66
2025-09-29T03:42:13.070Z,60.4,21.1,1.923,50.4,0,59.8,0,0,0,0,0,0,0,0,66
2025-09-29T03:42:14.071Z,60.4,21.1,1.923,50.4,0,59.8,0,0,0,0,0,0,0,0,66
2025-09-29T03:42:15.070Z,60.4,21.1,1.923,49.6,0,59.8,0,0,0,0,0,0,0,0,66
2025-09-29T03:42:16.072Z,60.4,21.1,1.923,50.4,0,59.8,0,0,0,0,0,0,0,0,66
2025-09-29T03:42:17.074Z,60.4,21.1,1.923,49.6,0,59.8,0,0,0,0,0,0,0,0,66
2025-09-29T03:42:18.081Z,60.4,21.1,1.924,50.4,0,59.8,0,0,0,0,0,0,0,0,66
2025-09-29T03:42:19.075Z,60.4,21.1,1.923,49.6,0,59.8,0,0,0,0,0,0,0,0,66
2025-09-29T03:42:20.077Z,60.4,21.1,1.923,49.6,0,59.8,0,0,0,0,0,0,0,0,66
2025-09-29T03:42:21.079Z,60.4,21.1,1.924,50.4,0,59.8,0,0,0,0,0,0,0,0,66
2025-09-29T03:42:22.079Z,60.4,21.1,1.924,49.6,0,59.8,0,0,0,0,0,0,0,0,66
2025-09-29T03:42:23.079Z,60.4,21.1,1.924,50.4,0,59.8,0,0,0,0,0,0,0,0,66
2025-09-29T03:42:24.079Z,60.4,21.1,1.923,49.6,0,59.8,0,0,0,0,0,0,0,0,66
2025-09-29T03:42:25.080Z,60.4,21.1,1.923,50.4,0,59.8,0,0,0,0,0,0,0,0,66
2025-09-29T03:42:26.082Z,60.4,21.1,1.924,50.4,0,59.8,0,0,0,0,0,0,0,0,66
2025-09-29T03:42:27.081Z,60.4,21.1,1.923,49.6,0,59.8,0,0,0,0,0,0,0,0,66
2025-09-29T03:42:28.089Z,60.4,21.1,1.924,49.6,0,59.8,0,0,0,0,0,0,0,0,66
2025-09-29T03:42:29.086Z,60.4,21.1,1.924,49.6,0,59.8,0,0,0,0,0,0,0,0,66
2025-09-29T03:42:30.084Z,60.3,21.1,1.924,50.4,0,59.8,0,0,0,0,0,0,0,0,66
2025-09-29T03:42:31.088Z,60.3,21.1,1.924,50.4,0,59.8,0,0,0,0,0,0,0,0,66
2025-09-29T03:42:32.086Z,60.3,21.1,1.924,50.4,0,59.8,0,0,0,0,0,0,0,0,66
2025-09-29T03:42:33.086Z,60.3,21.1,1.924,49.6,0,59.8,0,0,0,0,0,0,0,0,66
2025-09-29T03:42:34.086Z,60.3,21.1,1.925,50.4,0,59.8,0,0,0,0,0,0,0,0,66
2025-09-29T03:42:35.089Z,60.3,21.1,1.924,49.6,0,59.8,0,0,0,0,0,0,0,0,66
2025-09-29T03:42:36.092Z,60.3,21.1,1.924,50.4,0,59.9,0,0,0,0,0,0,0,0,66
2025-09-29T03:42:37.091Z,60.3,21.1,1.925,49.6,0,59.9,0,0,0,0,0,0,0,0,66
2025-09-29T03:42:38.090Z,60.3,21.1,1.925,50.4,0,59.9,0,0,0,0,0,0,0,0,66
2025-09-29T03:42:39.091Z,60.3,21.1,1.924,49.6,0,59.9,0,0,0,0,0,0,0,0,66
2025-09-29T03:42:40.092Z,60.3,21.1,1.924,50.4,0,59.9,0,0,0,0,0,0,0,0,66
2025-09-29T03:42:41.093Z,60.3,21.1,1.924,49.6,0,59.8,0,0,0,0,0,0,0,0,66
2025-09-29T03:42:42.094Z,60.3,21.1,1.924,50.4,0,59.9,0,0,0,0,0,0,0,0,66
2025-09-29T03:42:43.099Z,60.3,21.1,1.924,49.6,0,59.9,0,0,0,0,0,0,0,0,66
2025-09-29T03:42:44.096Z,60.3,21.1,1.924,49.6,0,59.9,0,0,0,0,0,0,0,0,66
2025-09-29T03:42:45.101Z,60.3,21.1,1.925,50.4,0,59.9,0,0,0,0,0,0,0,0,66
2025-09-29T03:42:46.097Z,60.3,21.1,1.925,49.6,0,59.9,0,0,0,0,0,0,0,0,66
2025-09-29T03:42:47.101Z,60.2,21.1,1.924,50.4,0,59.8,0,0,0,0,0,0,0,0,66
2025-09-29T03:42:48.106Z,60.2,21.1,1.925,49.6,0,59.9,0,0,0,0,0,0,0,0,66
2025-09-29T03:42:49.105Z,60.2,21.1,1.925,49.6,0,59.9,0,0,0,0,0,0,0,0,66
2025-09-29T03:42:50.110Z,60.2,21.1,1.924,50.4,0,59.9,0,0,0,0,0,0,0,0,66
2025-09-29T03:42:51.107Z,60.2,21.1,1.925,49.6,0,59.9,0,0,0,0,0,0,0,0,66
2025-09-29T03:42:52.111Z,60.2,21.1,1.925,50.4,0,59.9,0,0,0,0,0,0,0,0,66
2025-09-29T03:42:53.107Z,60.2,21.1,1.924,49.6,0,59.8,0,0,0,0,0,0,0,0,66
2025-09-29T03:42:54.106Z,60.2,21.1,1.925,50.4,0,59.9,0,0,0,0,0,0,0,0,66
2025-09-29T03:42:55.108Z,60.2,21.1,1.925,50.4,0,59.9,0,0,0,0,0,0,0,0,66
2025-09-29T03:42:56.111Z,60.2,21.1,1.924,49.6,0,59.8,0,0,0,0,0,0,0,0,66
2025-09-29T03:42:57.112Z,60.2,21.1,1.925,50.4,0,59.9,0,0,0,0,0,0,0,0,66
2025-09-29T03:42:58.113Z,60.2,21.1,1.925,49.6,0,59.9,0,0,0,0,0,0,0,0,66
2025-09-29T03:42:59.108Z,60.2,21.1,1.925,50.4,0,59.9,0,0,0,0,0,0,0,0,66
2025-09-29T03:43:00.117Z,60.2,21.1,1.925,49.6,0,59.9,0,0,0,0,0,0,0,0,66
2025-09-29T03:43:01.116Z,60.2,21.1,1.925,49.6,0,59.9,0,0,0,0,0,0,0,0,66
2025-09-29T03:43:02.122Z,60.2,21.1,1.924,49.6,0,59.9,0,0,0,0,0,0,0,0,66
2025-09-29T03:43:03.113Z,60.2,21.1,1.925,50.4,0,59.9,0,0,0,0,0,0,0,0,66
2025-09-29T03:43:04.119Z,60.2,21.1,1.925,49.6,0,59.9,0,0,0,0,0,0,0,0,66
2025-09-29T03:43:05.116Z,60.2,21.1,1.925,49.6,0,59.9,0,0,0,0,0,0,0,0,66
2025-09-29T03:43:06.117Z,60.2,21.1,1.925,50.4,0,59.9,0,0,0,0,0,0,0,0,66
2025-09-29T03:43:07.116Z,60.2,21.1,1.925,49.6,0,59.9,0,0,0,0,0,0,0,0,66
2025-09-29T03:43:08.126Z,60.1,21.1,1.924,49.6,0,59.9,0,0,0,0,0,0,0,0,66
2025-09-29T03:43:09.122Z,60.1,21.1,1.926,50.4,0,59.9,0,0,0,0,0,0,0,0,66
2025-09-29T03:43:10.125Z,60.1,21.1,1.926,50.4,0,59.9,0,0,0,0,0,0,0,0,66
2025-09-29T03:43:11.120Z,60.1,21.1,1.926,49.6,0,59.9,0,0,0,0,0,0,0,0,66
2025-09-29T03:43:12.123Z,60.1,21.1,1.926,50.4,0,59.9,0,0,0,0,0,0,0,0,66
2025-09-29T03:43:13.125Z,60.1,21.1,1.926,49.6,0,59.9,0,0,0,0,0,0,0,0,66
2025-09-29T03:43:14.127Z,60.1,21.1,1.926,50.4,0,59.9,0,0,0,0,0,0,0,0,66
2025-09-29T03:43:15.129Z,60.1,21.1,1.926,49.6,0,59.9,0,0,0,0,0,0,0,0,66
2025-09-29T03:43:16.130Z,60.1,21.1,1.926,50.4,0,59.9,0,0,0,0,0,0,0,0,66
2025-09-29T03:43:17.132Z,60.1,21.1,1.926,50.4,0,59.9,0,0,0,0,0,0,0,0,66
2025-09-29T03:43:18.128Z,60.1,21.1,1.926,49.6,0,59.9,0,0,0,0,0,0,0,0,66
2025-09-29T03:43:19.129Z,60.1,21.1,1.926,49.6,0,59.9,0,0,0,0,0,0,0,0,66
2025-09-29T03:43:20.135Z,60.1,21.1,1.926,49.6,0,59.9,0,0,0,0,0,0,0,0,66
2025-09-29T03:43:21.135Z,60.1,21.1,1.926,50.4,0,59.9,0,0,0,0,0,0,0,0,66
2025-09-29T03:43:22.133Z,60.1,21.1,1.926,50.4,0,59.9,0,0,0,0,0,0,0,0,66
2025-09-29T03:43:23.134Z,60.1,21.1,1.926,49.6,0,59.9,0,0,0,0,0,0,0,0,66
2025-09-29T03:43:24.137Z,60.1,21.1,1.926,50.4,0,59.9,0,0,0,0,0,0,0,0,66
2025-09-29T03:43:25.137Z,60.1,21.1,1.926,49.6,0,59.9,0,0,0,0,0,0,0,0,66
2025-09-29T03:43:26.136Z,60.1,21.1,1.926,50.4,0,59.9,0,0,0,0,0,0,0,0,66
2025-09-29T03:43:27.139Z,60.1,21.1,1.926,49.6,0,59.9,0,0,0,0,0,0,0,0,66
2025-09-29T03:43:28.139Z,60,21.1,1.926,49.6,0,59.9,0,0,0,0,0,0,0,0,66
2025-09-29T03:43:29.137Z,60,21.1,1.926,50.4,0,59.9,0,0,0,0,0,0,0,0,66
2025-09-29T03:43:30.139Z,60,21.1,1.926,49.6,0,59.9,0,0,0,0,0,0,0,0,66
2025-09-29T03:43:31.142Z,60,21.1,1.925,50.4,0,59.9,0,0,0,0,0,0,0,0,66
2025-09-29T03:43:32.141Z,60,21.1,1.926,50.4,0,59.9,0,0,0,0,0,0,0,0,66
2025-09-29T03:43:33.142Z,60,21.1,1.926,49.6,0,59.9,0,0,0,0,0,0,0,0,66
2025-09-29T03:43:34.143Z,60,21.1,1.926,49.6,0,59.9,0,0,0,0,0,0,0,0,66
2025-09-29T03:43:35.147Z,60,21.1,1.925,50.4,0,59.9,0,0,0,0,0,0,0,0,66
2025-09-29T03:43:36.143Z,60,21.1,1.926,50.4,0,59.9,0,0,0,0,0,0,0,0,66
2025-09-29T03:43:37.147Z,60,21.1,1.925,49.6,0,59.9,0,0,0,0,0,0,0,0,66
2025-09-29T03:43:38.148Z,60,21.1,1.926,50.4,0,59.9,0,0,0,0,0,0,0,0,66
2025-09-29T03:43:39.150Z,60,21.1,1.925,49.6,0,59.9,0,0,0,0,0,0,0,0,66
2025-09-29T03:43:40.148Z,60,21.1,1.926,50.4,0,59.9,0,0,0,0,0,0,0,0,66
2025-09-29T03:43:41.149Z,60,21.1,1.926,49.6,0,59.9,0,0,0,0,0,0,0,0,66
2025-09-29T03:43:42.152Z,60,21.1,1.925,50.4,0,59.9,0,0,0,0,0,0,0,0,66
2025-09-29T03:43:43.151Z,60,21.1,1.925,49.6,0,59.9,0,0,0,0,0,0,0,0,66
2025-09-29T03:43:44.152Z,60,21.1,1.925,50.4,0,59.9,0,0,0,0,0,0,0,0,66
2025-09-29T03:43:45.152Z,60,21.1,1.926,49.6,0,59.9,0,0,0,0,0,0,0,0,66
2025-09-29T03:43:46.156Z,60,21.1,1.925,50.4,0,59.9,0,0,0,0,0,0,0,0,66
2025-09-29T03:43:47.160Z,60,21.1,1.925,49.6,0,59.9,0,0,0,0,0,0,0,0,66
2025-09-29T03:43:48.161Z,59.9,21.1,1.925,50.4,0,59.9,0,0,0,0,0,0,0,0,66
2025-09-29T03:43:49.158Z,59.9,21.1,1.926,49.6,0,59.9,0,0,0,0,0,0,0,0,66
2025-09-29T03:43:50.160Z,59.9,21.1,1.926,50.4,0,59.9,0,0,0,0,0,0,0,0,66
2025-09-29T03:43:51.161Z,59.9,21.1,1.926,49.6,0,59.9,0,0,0,0,0,0,0,0,66
2025-09-29T03:43:52.166Z,59.9,21.1,1.925,49.6,0,59.9,0,0,0,0,0,0,0,0,66
2025-09-29T03:43:53.166Z,59.9,21.1,1.926,49.6,0,59.9,0,0,0,0,0,0,0,0,66
2025-09-29T03:43:54.169Z,59.9,21.1,1.926,50.4,0,59.9,0,0,0,0,0,0,0,0,66
2025-09-29T03:43:55.170Z,59.9,21.1,1.925,49.6,0,59.9,0,0,0,0,0,0,0,0,66
2025-09-29T03:43:56.172Z,59.9,21.1,1.926,50.4,0,59.9,0,0,0,0,0,0,0,0,66
2025-09-29T03:43:57.166Z,59.9,21.1,1.926,49.6,0,59.9,0,0,0,0,0,0,0,0,66
2025-09-29T03:43:58.171Z,59.9,21.1,1.926,50.4,0,59.9,0,0,0,0,0,0,0,0,66
2025-09-29T03:43:59.169Z,59.9,21.1,1.926,49.6,0,59.9,0,0,0,0,0,0,0,0,66
2025-09-29T03:44:00.168Z,59.9,21.1,1.926,50.4,0,59.9,0,0,0,0,0,0,0,0,66
2025-09-29T03:44:01.170Z,59.9,21.1,1.926,49.6,0,59.9,0,0,0,0,0,0,0,0,66
2025-09-29T03:44:02.181Z,59.9,21.1,1.926,49.6,0,59.9,0,0,0,0,0,0,0,0,66
2025-09-29T03:44:03.172Z,59.9,21.1,1.926,50.4,0,59.9,0,0,0,0,0,0,0,0,66
2025-09-29T03:44:04.174Z,59.9,21.1,1.926,49.6,0,59.9,0,0,0,0,0,0,0,0,66
2025-09-29T03:44:05.174Z,59.9,21.1,1.926,50.4,0,59.9,0,0,0,0,0,0,0,0,66
2025-09-29T03:44:06.174Z,59.9,21.1,1.926,49.6,0,59.9,0,0,0,0,0,0,0,0,66
2025-09-29T03:44:07.173Z,59.9,21.1,1.926,50.4,0,59.9,0,0,0,0,0,0,0,0,66
2025-09-29T03:44:08.176Z,59.9,21.1,1.926,49.6,0,59.9,0,0,0,0,0,0,0,0,66
2025-09-29T03:44:09.176Z,59.9,21.1,1.926,50.4,0,59.9,0,0,0,0,0,0,0,0,66
2025-09-29T03:44:10.177Z,59.8,21.1,1.926,49.6,0,59.9,0,0,0,0,0,0,0,0,66
2025-09-29T03:44:11.176Z,59.8,21.1,1.926,50.4,0,59.9,0,0,0,0,0,0,0,0,66
2025-09-29T03:44:12.182Z,59.8,21.1,1.926,49.6,0,59.9,0,0,0,0,0,0,0,0,66
2025-09-29T03:44:13.181Z,59.8,21.1,1.926,49.6,0,59.9,0,0,0,0,0,0,0,0,66
2025-09-29T03:44:14.182Z,59.8,21.1,1.926,50.4,0,59.9,0,0,0,0,0,0,0,0,66
2025-09-29T03:44:15.187Z,59.8,21.1,1.926,49.6,0,59.9,0,0,0,0,0,0,0,0,66
2025-09-29T03:44:16.184Z,59.8,21.1,1.926,50.4,0,59.9,0,0,0,0,0,0,0,0,66
2025-09-29T03:44:17.186Z,59.8,21.1,1.926,49.6,0,59.9,0,0,0,0,0,0,0,0,66
2025-09-29T03:44:18.184Z,59.8,21.1,1.926,49.6,0,59.9,0,0,0,0,0,0,0,0,66
2025-09-29T03:44:19.187Z,59.8,21.1,1.926,50.4,0,59.9,0,0,0,0,0,0,0,0,66
2025-09-29T03:44:20.187Z,59.8,21.1,1.926,50.4,0,59.9,0,0,0,0,0,0,0,0,66
2025-09-29T03:44:21.190Z,59.8,21.1,1.926,49.6,0,59.9,0,0,0,0,0,0,0,0,66
2025-09-29T03:44:22.186Z,59.8,21.1,1.926,49.6,0,59.9,0,0,0,0,0,0,0,0,66
2025-09-29T03:44:23.191Z,59.8,21.1,1.926,49.6,0,59.9,0,0,0,0,0,0,0,0,66
2025-09-29T03:44:24.192Z,59.8,21.1,1.926,50.4,0,59.9,0,0,0,0,0,0,0,0,66
2025-09-29T03:44:25.195Z,59.8,21.1,1.926,50.4,0,59.9,0,0,0,0,0,0,0,0,66
2025-09-29T03:44:26.193Z,59.8,21.1,1.926,49.6,0,59.9,0,0,0,0,0,0,0,0,66
2025-09-29T03:44:27.193Z,59.8,21.1,1.926,50.4,0,59.9,0,0,0,0,0,0,0,0,66
2025-09-29T03:44:28.195Z,59.8,21.1,1.926,49.6,0,59.9,0,0,0,0,0,0,0,0,66
2025-09-29T03:44:29.195Z,59.8,21.1,1.926,50.4,0,59.9,0,0,0,0,0,0,0,0,66
2025-09-29T03:44:30.195Z,59.7,21.1,1.926,49.6,0,59.9,0,0,0,0,0,0,0,0,66
2025-09-29T03:44:31.195Z,59.8,21.1,1.926,49.6,0,59.9,0,0,0,0,0,0,0,0,66
2025-09-29T03:44:32.195Z,59.7,21.1,1.926,50.4,0,59.9,0,0,0,0,0,0,0,0,66
2025-09-29T03:44:33.208Z,59.7,21.1,1.927,49.6,0,59.9,0,0,0,0,0,0,0,0,66
2025-09-29T03:44:34.197Z,59.7,21.1,1.926,50.4,0,59.9,0,0,0,0,0,0,0,0,66
2025-09-29T03:44:35.200Z,59.7,21.1,1.926,49.6,0,59.9,0,0,0,0,0,0,0,0,66
2025-09-29T03:44:36.207Z,59.7,21.1,1.927,49.6,0,59.9,0,0,0,0,0,0,0,0,66
2025-09-29T03:44:37.203Z,59.7,21.1,1.926,50.4,0,59.9,0,0,0,0,0,0,0,0,66
2025-09-29T03:44:38.203Z,59.7,21.1,1.926,49.6,0,59.9,0,0,0,0,0,0,0,0,66
2025-09-29T03:44:39.202Z,59.7,21.1,1.926,50.4,0,59.9,0,0,0,0,0,0,0,0,66
2025-09-29T03:44:40.205Z,59.7,21.1,1.926,50.4,0,59.9,0,0,0,0,0,0,0,0,66
2025-09-29T03:44:41.208Z,59.7,21.1,1.926,49.6,0,59.9,0,0,0,0,0,0,0,0,66
2025-09-29T03:44:42.203Z,59.7,21.1,1.926,50.4,0,59.9,0,0,0,0,0,0,0,0,66
2025-09-29T03:44:43.209Z,59.7,21.1,1.927,49.6,0,59.9,0,0,0,0,0,0,0,0,66
2025-09-29T03:44:44.211Z,59.7,21.1,1.927,50.4,0,59.9,0,0,0,0,0,0,0,0,66
2025-09-29T03:44:45.209Z,59.7,21.1,1.926,49.6,0,59.9,0,0,0,0,0,0,0,0,66
2025-09-29T03:44:46.209Z,59.7,21.1,1.926,50.4,0,59.9,0,0,0,0,0,0,0,0,66
2025-09-29T03:44:47.213Z,59.7,21.1,1.926,49.6,0,59.9,0,0,0,0,0,0,0,0,66
2025-09-29T03:44:48.213Z,59.7,21.1,1.928,50.4,0,59.9,0,0,0,0,0,0,0,0,66
2025-09-29T03:44:49.211Z,59.7,21.1,1.926,49.6,0,59.9,0,0,0,0,0,0,0,0,66
2025-09-29T03:44:50.218Z,59.7,21.1,1.927,50.4,0,59.9,0,0,0,0,0,0,0,0,66
2025-09-29T03:44:51.215Z,59.7,21.1,1.927,49.6,0,59.9,0,0,0,0,0,0,0,0,66
2025-09-29T03:44:52.217Z,59.7,21.1,1.927,50.4,0,59.9,0,0,0,0,0,0,0,0,66
2025-09-29T03:44:53.218Z,59.7,21.1,1.927,49.6,0,59.9,0,0,0,0,0,0,0,0,66
2025-09-29T03:44:54.217Z,59.6,21.1,1.926,50.4,0,59.9,0,0,0,0,0,0,0,0,66
2025-09-29T03:44:55.223Z,59.6,21.1,1.927,49.6,0,59.9,0,0,0,0,0,0,0,0,66
2025-09-29T03:44:56.220Z,59.6,21.1,1.927,50.4,0,59.9,0,0,0,0,0,0,0,0,66
2025-09-29T03:44:57.220Z,59.6,21.1,1.928,49.6,0,59.9,0,0,0,0,0,0,0,0,66
2025-09-29T03:44:58.223Z,59.6,21.1,1.928,50.4,0,59.9,0,0,0,0,0,0,0,0,66
2025-09-29T03:44:59.221Z,59.6,21.1,1.927,49.6,0,59.9,0,0,0,0,0,0,0,0,66
2025-09-29T03:45:00.227Z,59.6,21.1,1.928,50.4,0,59.9,0,0,0,0,0,0,0,0,66
2025-09-29T03:45:01.230Z,59.6,21.1,1.928,49.6,0,59.9,0,0,0,0,0,0,0,0,66
2025-09-29T03:45:02.235Z,59.6,21.1,1.927,50.4,0,59.9,0,0,0,0,0,0,0,0,66
2025-09-29T03:45:03.224Z,59.6,21.1,1.928,49.6,0,59.9,0,0,0,0,0,0,0,0,66
2025-09-29T03:45:04.227Z,59.6,21.1,1.927,50.4,0,59.9,0,0,0,0,0,0,0,0,66
2025-09-29T03:45:05.227Z,59.6,21.1,1.928,49.6,0,59.9,0,0,0,0,0,0,0,0,66
2025-09-29T03:45:06.228Z,59.6,21.1,1.928,50.4,0,59.9,0,0,0,0,0,0,0,0,66
2025-09-29T03:45:07.229Z,59.6,21.1,1.928,49.6,0,59.9,0,0,0,0,0,0,0,0,66
2025-09-29T03:45:08.228Z,59.6,21.1,1.928,50.4,0,59.9,0,0,0,0,0,0,0,0,66
2025-09-29T03:45:09.230Z,59.6,21.1,1.928,49.6,0,59.9,0,0,0,0,0,0,0,0,66
2025-09-29T03:45:10.233Z,59.6,21.1,1.928,50.4,0,59.9,0,0,0,0,0,0,0,0,66
2025-09-29T03:45:11.231Z,59.6,21.1,1.928,49.6,0,59.9,0,0,0,0,0,0,0,0,66
2025-09-29T03:45:12.240Z,59.6,21.1,1.927,50.4,0,59.9,0,0,0,0,0,0,0,0,66
2025-09-29T03:45:13.238Z,59.6,21.1,1.928,49.6,0,59.9,0,0,0,0,0,0,0,0,66
2025-09-29T03:45:14.237Z,59.6,21.1,1.928,50.4,0,59.9,0,0,0,0,0,0,0,0,66
2025-09-29T03:45:15.232Z,59.6,21.1,1.928,49.6,0,59.9,0,0,0,0,0,0,0,0,66
2025-09-29T03:45:16.237Z,59.5,21.1,1.928,50.4,0,59.9,0,0,0,0,0,0,0,0,66
2025-09-29T03:45:17.240Z,59.5,21.1,1.928,49.6,0,59.9,0,0,0,0,0,0,0,0,66
2025-09-29T03:45:18.238Z,59.5,21.1,1.928,50.4,0,59.9,0,0,0,0,0,0,0,0,66
2025-09-29T03:45:19.241Z,59.5,21.1,1.928,49.6,0,59.9,0,0,0,0,0,0,0,0,66
2025-09-29T03:45:20.249Z,59.5,21.1,1.927,50.4,0,59.9,0,0,0,0,0,0,0,0,66
2025-09-29T03:45:21.244Z,59.5,21.1,1.927,49.6,0,59.9,0,0,0,0,0,0,0,0,66
2025-09-29T03:45:22.243Z,59.5,21.1,1.929,50.4,0,59.9,0,0,0,0,0,0,0,0,66
2025-09-29T03:45:23.243Z,59.5,21.1,1.929,49.6,0,59.9,0,0,0,0,0,0,0,0,66
2025-09-29T03:45:24.247Z,59.5,21.1,1.928,50.4,0,59.9,0,0,0,0,0,0,0,0,66
2025-09-29T03:45:25.247Z,59.5,21.1,1.928,49.6,0,59.9,0,0,0,0,0,0,0,0,66
2025-09-29T03:45:26.248Z,59.5,21.1,1.928,50.4,0,59.9,0,0,0,0,0,0,0,0,66
2025-09-29T03:45:27.248Z,59.5,21.1,1.928,49.6,0,59.9,0,0,0,0,0,0,0,0,66
2025-09-29T03:45:28.251Z,59.5,21.1,1.928,50.4,0,59.9,0,0,0,0,0,0,0,0,66
2025-09-29T03:45:29.247Z,59.5,21.1,1.929,49.6,0,59.9,0,0,0,0,0,0,0,0,66
2025-09-29T03:45:30.247Z,59.5,21.1,1.929,50.4,0,59.9,0,0,0,0,0,0,0,0,66
2025-09-29T03:45:31.253Z,59.5,21.1,1.928,49.6,0,59.9,0,0,0,0,0,0,0,0,66
2025-09-29T03:45:32.251Z,59.5,21.1,1.929,50.4,0,59.9,0,0,0,0,0,0,0,0,66
2025-09-29T03:45:33.258Z,59.5,21.1,1.928,49.6,0,59.9,0,0,0,0,0,0,0,0,66
2025-09-29T03:45:34.261Z,59.5,21.1,1.928,50.4,0,59.9,0,0,0,0,0,0,0,0,66
2025-09-29T03:45:35.255Z,59.5,21.1,1.928,49.6,0,59.9,0,0,0,0,0,0,0,0,66
2025-09-29T03:45:36.258Z,59.5,21.1,1.928,50.4,0,59.9,0,0,0,0,0,0,0,0,66
2025-09-29T03:45:37.254Z,59.5,21.1,1.928,49.6,0,59.9,0,0,0,0,0,0,0,0,66
2025-09-29T03:45:38.256Z,59.5,21.1,1.928,50.4,0,59.9,0,0,0,0,0,0,0,0,66
2025-09-29T03:45:39.257Z,59.5,21.1,1.928,49.6,0,59.9,0,0,0,0,0,0,0,0,66
2025-09-29T03:45:40.257Z,59.5,21.1,1.928,50.4,0,59.9,0,0,0,0,0,0,0,0,66
2025-09-29T03:45:41.258Z,59.5,21.1,1.928,49.6,0,59.9,0,0,0,0,0,0,0,0,66
2025-09-29T03:45:42.261Z,59.5,21.1,1.928,50.4,0,59.9,0,0,0,0,0,0,0,0,66
2025-09-29T03:45:43.266Z,59.5,21.1,1.928,49.6,0,59.9,0,0,0,0,0,0,0,0,66
2025-09-29T03:45:44.259Z,59.5,21.1,1.928,50.4,0,59.9,0,0,0,0,0,0,0,0,66
2025-09-29T03:45:45.262Z,59.5,21.1,1.928,49.6,0,59.9,0,0,0,0,0,0,0,0,66
2025-09-29T03:45:46.259Z,59.5,21.1,1.929,50.4,0,59.9,0,0,0,0,0,0,0,0,66
2025-09-29T03:45:47.265Z,59.5,21.1,1.928,49.6,0,59.9,0,0,0,0,0,0,0,0,66
2025-09-29T03:45:48.264Z,59.5,21.1,1.928,50.4,0,59.9,0,0,0,0,0,0,0,0,66
2025-09-29T03:45:49.267Z,59.5,21.1,1.928,49.6,0,59.9,0,0,0,0,0,0,0,0,66
2025-09-29T03:45:50.269Z,59.5,21.1,1.928,50.4,0,59.9,0,0,0,0,0,0,0,0,66
2025-09-29T03:45:51.267Z,59.4,21.1,1.928,49.6,0,59.9,0,0,0,0,0,0,0,0,66
2025-09-29T03:45:52.271Z,59.4,21.1,1.928,50.4,0,59.9,0,0,0,0,0,0,0,0,66
2025-09-29T03:45:53.274Z,59.4,21.1,1.928,49.6,0,59.9,0,0,0,0,0,0,0,0,66
2025-09-29T03:45:54.274Z,59.4,21.1,1.928,49.6,0,59.9,0,0,0,0,0,0,0,0,66
2025-09-29T03:45:55.272Z,59.4,21.1,1.928,50.4,0,59.9,0,0,0,0,0,0,0,0,66
2025-09-29T03:45:56.279Z,59.4,21.1,1.928,50.4,0,59.9,0,0,0,0,0,0,0,0,66
2025-09-29T03:45:57.277Z,59.4,21.1,1.928,49.6,0,59.9,0,0,0,0,0,0,0,0,66
2025-09-29T03:45:58.277Z,59.4,21.1,1.928,49.6,0,59.9,0,0,0,0,0,0,0,0,66
2025-09-29T03:45:59.278Z,59.4,21.1,1.928,49.6,0,59.9,0,0,0,0,0,0,0,0,66
2025-09-29T03:46:00.277Z,59.4,21.1,1.928,50.4,0,59.9,0,0,0,0,0,0,0,0,66
2025-09-29T03:46:01.279Z,59.4,21.1,1.928,49.6,0,59.9,0,0,0,0,0,0,0,0,66
2025-09-29T03:46:02.275Z,59.4,21.1,1.928,50.4,0,59.9,0,0,0,0,0,0,0,0,66
2025-09-29T03:46:03.281Z,59.4,21.1,1.928,49.6,0,59.9,0,0,0,0,0,0,0,0,66
2025-09-29T03:46:04.282Z,59.4,21.1,1.928,49.6,0,59.9,0,0,0,0,0,0,0,0,66
2025-09-29T03:46:05.281Z,59.4,21.1,1.928,49.6,0,59.9,0,0,0,0,0,0,0,0,66
2025-09-29T03:46:06.281Z,59.4,21.1,1.928,50.4,0,59.9,0,0,0,0,0,0,0,0,66
2025-09-29T03:46:07.285Z,59.4,21.1,1.928,49.6,0,59.9,0,0,0,0,0,0,0,0,66
2025-09-29T03:46:08.289Z,59.4,21.1,1.929,50.4,0,59.9,0,0,0,0,0,0,0,0,66
2025-09-29T03:46:09.293Z,59.4,21.1,1.929,49.6,0,59.9,0,0,0,0,0,0,0,0,66
2025-09-29T03:46:10.293Z,59.4,21.1,1.929,50.4,0,59.9,0,0,0,0,0,0,0,0,66
2025-09-29T03:46:11.285Z,59.4,21.1,1.928,49.6,0,59.9,0,0,0,0,0,0,0,0,66
2025-09-29T03:46:12.291Z,59.4,21.1,1.929,50.4,0,59.9,0,0,0,0,0,0,0,0,66
2025-09-29T03:46:13.292Z,59.4,21.1,1.929,49.6,0,59.9,0,0,0,0,0,0,0,0,66
2025-09-29T03:46:14.292Z,59.4,21.1,1.929,50.4,0,59.9,0,0,0,0,0,0,0,0,66
2025-09-29T03:46:15.291Z,59.4,21.1,1.929,49.6,0,59.9,0,0,0,0,0,0,0,0,66
2025-09-29T03:46:16.292Z,59.4,21.1,1.929,50.4,0,59.9,0,0,0,0,0,0,0,0,66
2025-09-29T03:46:17.296Z,59.4,21.1,1.929,49.6,0,59.9,0,0,0,0,0,0,0,0,66
2025-09-29T03:46:18.308Z,59.4,21.1,1.928,50.4,0,59.9,0,0,0,0,0,0,0,0,66
2025-09-29T03:46:19.297Z,59.4,21.1,1.929,49.6,0,59.9,0,0,0,0,0,0,0,0,66
2025-09-29T03:46:20.303Z,59.4,21.1,1.929,50.4,0,59.9,0,0,0,0,0,0,0,0,66
2025-09-29T03:46:21.300Z,59.4,21.1,1.929,49.6,0,59.9,0,0,0,0,0,0,0,0,66
2025-09-29T03:46:22.300Z,59.4,21.1,1.929,50.4,0,59.9,0,0,0,0,0,0,0,0,66
2025-09-29T03:46:23.298Z,59.4,21.1,1.929,49.6,0,59.9,0,0,0,0,0,0,0,0,66
2025-09-29T03:46:24.306Z,59.4,21.1,1.929,50.4,0,59.9,0,0,0,0,0,0,0,0,66
2025-09-29T03:46:25.303Z,59.4,21.1,1.929,49.6,0,59.9,0,0,0,0,0,0,0,0,66
2025-09-29T03:46:26.304Z,59.4,21.1,1.929,50.4,0,59.9,0,0,0,0,0,0,0,0,66
2025-09-29T03:46:27.300Z,59.4,21.1,1.929,49.6,0,59.9,0,0,0,0,0,0,0,0,66
2025-09-29T03:46:28.307Z,59.4,21.1,1.929,50.4,0,59.9,0,0,0,0,0,0,0,0,66
2025-09-29T03:46:29.308Z,59.4,21.1,1.929,49.6,0,59.9,0,0,0,0,0,0,0,0,66
2025-09-29T03:46:30.310Z,59.4,21.1,1.929,50.4,0,59.9,0,0,0,0,0,0,0,0,66
2025-09-29T03:46:31.307Z,59.4,21.1,1.929,49.6,0,59.9,0,0,0,0,0,0,0,0,66
2025-09-29T03:46:32.310Z,59.4,21.1,1.929,50.4,0,59.9,0,0,0,0,0,0,0,0,66
2025-09-29T03:46:33.306Z,59.4,21.1,1.929,49.6,0,59.9,0,0,0,0,0,0,0,0,66
2025-09-29T03:46:34.311Z,59.4,21.1,1.929,50.4,0,59.9,0,0,0,0,0,0,0,0,66
2025-09-29T03:46:35.309Z,59.4,21.1,1.929,49.6,0,59.9,0,0,0,0,0,0,0,0,66
2025-09-29T03:46:36.317Z,59.4,21.1,1.928,50.4,0,59.9,0,0,0,0,0,0,0,0,66
2025-09-29T03:46:37.317Z,59.4,21.1,1.929,49.6,0,59.9,0,0,0,0,0,0,0,0,66
2025-09-29T03:46:38.313Z,59.4,21.1,1.929,50.4,0,59.9,0,0,0,0,0,0,0,0,66
2025-09-29T03:46:39.316Z,59.4,21.1,1.929,49.6,0,59.9,0,0,0,0,0,0,0,0,66
2025-09-29T03:46:40.322Z,59.4,21.1,1.929,49.6,0,59.9,0,0,0,0,0,0,0,0,66
2025-09-29T03:46:41.319Z,59.4,21.1,1.93,50.4,0,59.9,0,0,0,0,0,0,0,0,66
2025-09-29T03:46:42.316Z,59.4,21.1,1.929,49.6,0,59.9,0,0,0,0,0,0,0,0,66
2025-09-29T03:46:43.320Z,59.4,21.1,1.93,50.4,0,59.9,0,0,0,0,0,0,0,0,66
2025-09-29T03:46:44.318Z,59.4,21.1,1.93,49.6,0,59.9,0,0,0,0,0,0,0,0,66
2025-09-29T03:46:45.325Z,59.4,21.1,1.929,50.4,0,59.9,0,0,0,0,0,0,0,0,66
2025-09-29T03:46:46.320Z,59.4,21.1,1.929,49.6,0,59.9,0,0,0,0,0,0,0,0,66
2025-09-29T03:46:47.321Z,59.4,21.1,1.929,50.4,0,59.9,0,0,0,0,0,0,0,0,66
2025-09-29T03:46:48.322Z,59.4,21.1,1.929,49.6,0,59.9,0,0,0,0,0,0,0,0,66
2025-09-29T03:46:49.324Z,59.3,21.1,1.93,50.4,0,59.9,0,0,0,0,0,0,0,0,66
2025-09-29T03:46:50.324Z,59.4,21.1,1.929,49.6,0,59.9,0,0,0,0,0,0,0,0,66
2025-09-29T03:46:51.323Z,59.4,21.1,1.929,50.4,0,59.9,0,0,0,0,0,0,0,0,66
2025-09-29T03:46:52.327Z,59.4,21.1,1.93,49.6,0,59.9,0,0,0,0,0,0,0,0,66
2025-09-29T03:46:53.328Z,59.4,21.1,1.929,50.4,0,59.9,0,0,0,0,0,0,0,0,66
2025-09-29T03:46:54.327Z,59.3,21.1,1.929,49.6,0,59.9,0,0,0,0,0,0,0,0,66
2025-09-29T03:46:55.330Z,59.4,21.1,1.93,50.4,0,59.9,0,0,0,0,0,0,0,0,66
2025-09-29T03:46:56.331Z,59.4,21.1,1.929,49.6,0,59.9,0,0,0,0,0,0,0,0,66
2025-09-29T03:46:57.337Z,59.4,21.1,1.928,50.4,0,59.9,0,0,0,0,0,0,0,0,66
2025-09-29T03:46:58.330Z,59.4,21.1,1.93,49.6,0,59.9,0,0,0,0,0,0,0,0,66
2025-09-29T03:46:59.331Z,59.4,21.1,1.929,49.6,0,59.9,0,0,0,0,0,0,0,0,66
2025-09-29T03:47:00.333Z,59.4,21.1,1.928,49.6,0,59.9,0,0,0,0,0,0,0,0,66
2025-09-29T03:47:01.332Z,59.4,21.1,1.929,50.4,0,59.9,0,0,0,0,0,0,0,0,66
2025-09-29T03:47:02.335Z,59.4,21.1,1.928,49.6,0,59.9,0,0,0,0,0,0,0,0,66
2025-09-29T03:47:03.337Z,59.4,21.1,1.928,50.4,0,59.8,0,0,0,0,0,0,0,0,66
2025-09-29T03:47:04.340Z,59.4,21.1,1.928,49.6,0,59.9,0,0,0,0,0,0,0,0,66
2025-09-29T03:47:05.343Z,59.4,21.1,1.928,50.4,0,59.9,0,0,0,0,0,0,0,0,66
2025-09-29T03:47:06.346Z,59.4,21.1,1.929,49.6,0,59.9,0,0,0,0,0,0,0,0,66
2025-09-29T03:47:07.340Z,59.4,21.1,1.928,50.4,0,59.9,0,0,0,0,0,0,0,0,66
2025-09-29T03:47:08.343Z,59.4,21.1,1.928,49.6,0,59.9,0,0,0,0,0,0,0,0,66
2025-09-29T03:47:09.346Z,59.4,21.1,1.928,50.4,0,59.9,0,0,0,0,0,0,0,0,66
2025-09-29T03:47:10.341Z,59.4,21.1,1.929,49.6,0,59.9,0,0,0,0,0,0,0,0,66
2025-09-29T03:47:11.350Z,59.4,21.1,1.928,49.6,0,59.9,0,0,0,0,0,0,0,0,66
2025-09-29T03:47:12.351Z,59.4,21.1,1.928,49.6,0,59.9,0,0,0,0,0,0,0,0,66
2025-09-29T03:47:13.347Z,59.4,21.1,1.928,50.4,0,59.9,0,0,0,0,0,0,0,0,66
2025-09-29T03:47:14.349Z,59.4,21.1,1.928,49.6,0,59.9,0,0,0,0,0,0,0,0,66
2025-09-29T03:47:15.348Z,59.4,21.1,1.928,50.4,0,59.9,0,0,0,0,0,0,0,0,66
2025-09-29T03:47:16.351Z,59.4,21.1,1.928,49.6,0,59.9,0,0,0,0,0,0,0,0,66
2025-09-29T03:47:17.356Z,59.4,21.1,1.928,50.4,0,59.9,0,0,0,0,0,0,0,0,66
2025-09-29T03:47:18.354Z,59.4,21.1,1.928,49.6,0,59.9,0,0,0,0,0,0,0,0,66
2025-09-29T03:47:19.361Z,59.4,21.1,1.928,50.4,0,59.9,0,0,0,0,0,0,0,0,66
2025-09-29T03:47:20.361Z,59.4,21.1,1.928,49.6,0,59.9,0,0,0,0,0,0,0,0,66
2025-09-29T03:47:21.356Z,59.4,21.1,1.928,49.6,0,59.9,0,0,0,0,0,0,0,0,66
2025-09-29T03:47:22.357Z,59.4,21.1,1.928,50.4,0,59.9,0,0,0,0,0,0,0,0,66
2025-09-29T03:47:23.359Z,59.4,21.1,1.928,49.6,0,59.8,0,0,0,0,0,0,0,0,66
2025-09-29T03:47:24.363Z,59.4,21.1,1.928,49.6,0,59.8,0,0,0,0,0,0,0,0,66
2025-09-29T03:47:25.363Z,59.4,21.1,1.928,49.6,0,59.9,0,0,0,0,0,0,0,0,66
2025-09-29T03:47:26.362Z,59.4,21.1,1.928,50.4,0,59.9,0,0,0,0,0,0,0,0,66
2025-09-29T03:47:27.361Z,59.4,21.1,1.928,49.6,0,59.9,0,0,0,0,0,0,0,0,66
2025-09-29T03:47:28.361Z,59.4,21.1,1.929,50.4,0,59.9,0,0,0,0,0,0,0,0,66
2025-09-29T03:47:29.359Z,59.4,21.1,1.928,49.6,0,59.8,0,0,0,0,0,0,0,0,66
2025-09-29T03:47:30.363Z,59.4,21.1,1.928,50.4,0,59.8,0,0,0,0,0,0,0,0,66
2025-09-29T03:47:31.362Z,59.4,21.1,1.928,49.6,0,59.9,0,0,0,0,0,0,0,0,66
2025-09-29T03:47:32.363Z,59.4,21.1,1.929,50.4,0,59.9,0,0,0,0,0,0,0,0,66
2025-09-29T03:47:33.361Z,59.4,21.1,1.928,49.6,0,59.9,0,0,0,0,0,0,0,0,66
2025-09-29T03:47:34.363Z,59.4,21.1,1.928,50.4,0,59.9,0,0,0,0,0,0,0,0,66
2025-09-29T03:47:35.364Z,59.4,21.1,1.928,49.6,0,59.9,0,0,0,0,0,0,0,0,66
2025-09-29T03:47:36.366Z,59.4,21.1,1.928,50.4,0,59.9,0,0,0,0,0,0,0,0,66
2025-09-29T03:47:37.366Z,59.4,21.1,1.928,49.6,0,59.9,0,0,0,0,0,0,0,0,66
2025-09-29T03:47:38.366Z,59.4,21.1,1.928,50.4,0,59.9,0,0,0,0,0,0,0,0,66
2025-09-29T03:47:39.374Z,59.4,21.1,1.929,49.6,0,59.9,0,0,0,0,0,0,0,0,66
2025-09-29T03:47:40.370Z,59.4,21.1,1.928,50.4,0,59.9,0,0,0,0,0,0,0,0,66
2025-09-29T03:47:41.373Z,59.4,21.1,1.929,49.6,0,59.9,0,0,0,0,0,0,0,0,66
2025-09-29T03:47:42.373Z,59.4,21.1,1.928,50.4,0,59.9,0,0,0,0,0,0,0,0,66
2025-09-29T03:47:43.371Z,59.4,21.1,1.928,49.6,0,59.9,0,0,0,0,0,0,0,0,66
2025-09-29T03:47:44.376Z,59.4,21.1,1.928,50.4,0,59.9,0,0,0,0,0,0,0,0,66
2025-09-29T03:47:45.383Z,59.4,21.1,1.929,49.6,0,59.9,0,0,0,0,0,0,0,0,66
2025-09-29T03:47:46.376Z,59.4,21.1,1.928,50.4,0,59.9,0,0,0,0,0,0,0,0,66
2025-09-29T03:47:47.383Z,59.5,21.1,1.929,49.6,0,59.9,0,0,0,0,0,0,0,0,66
2025-09-29T03:47:48.380Z,59.4,21.1,1.929,50.4,0,59.9,0,0,0,0,0,0,0,0,66
2025-09-29T03:47:49.380Z,59.5,21.1,1.929,49.6,0,59.9,0,0,0,0,0,0,0,0,66
2025-09-29T03:47:50.380Z,59.5,21.1,1.929,50.4,0,59.9,0,0,0,0,0,0,0,0,66
2025-09-29T03:47:51.380Z,59.5,21.1,1.929,49.6,0,59.9,0,0,0,0,0,0,0,0,66
2025-09-29T03:47:52.384Z,59.5,21.1,1.929,50.4,0,59.9,0,0,0,0,0,0,0,0,66
2025-09-29T03:47:53.383Z,59.5,21.1,1.929,49.6,0,59.9,0,0,0,0,0,0,0,0,66
2025-09-29T03:47:54.380Z,59.5,21.1,1.928,49.6,0,59.9,0,0,0,0,0,0,0,0,66
2025-09-29T03:47:55.384Z,59.5,21.1,1.929,49.6,0,59.9,0,0,0,0,0,0,0,0,66
2025-09-29T03:47:56.386Z,59.5,21.1,1.929,50.4,0,59.9,0,0,0,0,0,0,0,0,66
2025-09-29T03:47:57.391Z,59.5,21.1,1.929,49.6,0,59.8,0,0,0,0,0,0,0,0,66
2025-09-29T03:47:58.386Z,59.5,21.1,1.929,50.4,0,59.8,0,0,0,0,0,0,0,0,66
2025-09-29T03:47:59.384Z,59.5,21.1,1.929,49.6,0,59.9,0,0,0,0,0,0,0,0,66
2025-09-29T03:48:00.383Z,59.5,21.1,1.929,50.4,0,59.9,0,0,0,0,0,0,0,0,66
2025-09-29T03:48:01.388Z,59.5,21.1,1.929,49.6,0,59.9,0,0,0,0,0,0,0,0,66
2025-09-29T03:48:02.388Z,59.5,21.1,1.929,50.4,0,59.9,0,0,0,0,0,0,0,0,66
2025-09-29T03:48:03.389Z,59.5,21.1,1.929,49.6,0,59.9,0,0,0,0,0,0,0,0,66
2025-09-29T03:48:04.395Z,59.5,21.1,1.929,50.4,0,59.8,0,0,0,0,0,0,0,0,66
2025-09-29T03:48:05.397Z,59.5,21.1,1.929,49.6,0,59.8,0,0,0,0,0,0,0,0,66
2025-09-29T03:48:06.389Z,59.5,21.1,1.929,50.4,0,59.8,0,0,0,0,0,0,0,0,66
2025-09-29T03:48:07.394Z,59.5,21.1,1.929,49.6,0,59.8,0,0,0,0,0,0,0,0,66
2025-09-29T03:48:08.395Z,59.5,21.1,1.928,49.6,0,59.9,0,0,0,0,0,0,0,0,66
2025-09-29T03:48:09.394Z,59.5,21.1,1.929,49.6,0,59.8,0,0,0,0,0,0,0,0,66
2025-09-29T03:48:10.399Z,59.5,21.1,1.929,50.4,0,59.8,0,0,0,0,0,0,0,0,66
2025-09-29T03:48:11.396Z,59.5,21.1,1.928,49.6,0,59.8,0,0,0,0,0,0,0,0,66
2025-09-29T03:48:12.397Z,59.5,21.1,1.928,50.4,0,59.8,0,0,0,0,0,0,0,0,66
2025-09-29T03:48:13.399Z,59.5,21.1,1.928,49.6,0,59.9,0,0,0,0,0,0,0,0,66
2025-09-29T03:48:14.400Z,59.6,21.1,1.928,49.6,0,59.9,0,0,0,0,0,0,0,0,66
2025-09-29T03:48:15.405Z,59.6,21.1,1.929,50.4,0,59.9,0,0,0,0,0,0,0,0,66
2025-09-29T03:48:16.402Z,59.6,21.1,1.928,49.6,0,59.9,0,0,0,0,0,0,0,0,66
2025-09-29T03:48:17.401Z,59.6,21.1,1.928,50.4,0,59.8,0,0,0,0,0,0,0,0,66
2025-09-29T03:48:18.408Z,59.6,21.1,1.928,49.6,0,59.8,0,0,0,0,0,0,0,0,66
2025-09-29T03:48:19.404Z,59.6,21.1,1.928,49.6,0,59.8,0,0,0,0,0,0,0,0,66
2025-09-29T03:48:20.408Z,59.6,21.1,1.927,50.4,0,59.8,0,0,0,0,0,0,0,0,66
2025-09-29T03:48:21.406Z,59.6,21.1,1.928,49.6,0,59.9,0,0,0,0,0,0,0,0,66
2025-09-29T03:48:22.411Z,59.6,21.1,1.927,50.4,0,59.9,0,0,0,0,0,0,0,0,66
2025-09-29T03:48:23.406Z,59.6,21.1,1.928,50.4,0,59.9,0,0,0,0,0,0,0,0,66
2025-09-29T03:48:24.410Z,59.6,21.1,1.926,49.6,0,59.9,0,0,0,0,0,0,0,0,66
2025-09-29T03:48:25.416Z,59.6,21.1,1.927,50.4,0,59.8,0,0,0,0,0,0,0,0,66
2025-09-29T03:48:26.411Z,59.6,21.1,1.927,49.6,0,59.8,0,0,0,0,0,0,0,0,66
2025-09-29T03:48:27.416Z,59.6,21.1,1.927,50.4,0,59.8,0,0,0,0,0,0,0,0,66
2025-09-29T03:48:28.418Z,59.6,21.1,1.927,49.6,0,59.8,0,0,0,0,0,0,0,0,66
2025-09-29T03:48:29.416Z,59.6,21.1,1.926,50.4,0,59.8,0,0,0,0,0,0,0,0,66
2025-09-29T03:48:30.415Z,59.6,21.1,1.926,49.6,0,59.9,0,0,0,0,0,0,0,0,66
2025-09-29T03:48:31.422Z,59.6,21.1,1.926,49.6,0,59.8,0,0,0,0,0,0,0,0,66
2025-09-29T03:48:32.420Z,59.6,21.1,1.926,50.4,0,59.8,0,0,0,0,0,0,0,0,66
2025-09-29T03:48:33.419Z,59.6,21.1,1.926,49.6,0,59.8,0,0,0,0,0,0,0,0,66
2025-09-29T03:48:34.420Z,59.7,21.1,1.926,50.4,0,59.8,0,0,0,0,0,0,0,0,66
2025-09-29T03:48:35.420Z,59.7,21.1,1.926,49.6,0,59.8,0,0,0,0,0,0,0,0,66
2025-09-29T03:48:36.427Z,59.7,21.1,1.926,49.6,0,59.9,0,0,0,0,0,0,0,0,66
2025-09-29T03:48:37.422Z,59.7,21.1,1.926,50.4,0,59.9,0,0,0,0,0,0,0,0,66
2025-09-29T03:48:38.421Z,59.7,21.1,1.926,49.6,0,59.9,0,0,0,0,0,0,0,0,66
2025-09-29T03:48:39.425Z,59.7,21.1,1.926,50.4,0,59.9,0,0,0,0,0,0,0,0,66
2025-09-29T03:48:40.426Z,59.7,21.1,1.926,50.4,0,59.9,0,0,0,0,0,0,0,0,66
2025-09-29T03:48:41.429Z,59.7,21.1,1.926,49.6,0,59.9,0,0,0,0,0,0,0,0,66
2025-09-29T03:48:42.433Z,59.7,21.1,1.926,49.6,0,59.9,0,0,0,0,0,0,0,0,66
2025-09-29T03:48:43.428Z,59.7,21.1,1.926,49.6,0,59.9,0,0,0,0,0,0,0,0,66
2025-09-29T03:48:44.435Z,59.7,21.1,1.926,50.4,0,59.9,0,0,0,0,0,0,0,0,66
2025-09-29T03:48:45.433Z,59.7,21.1,1.926,49.6,0,59.8,0,0,0,0,0,0,0,0,66
2025-09-29T03:48:46.438Z,59.7,21.1,1.927,50.4,0,59.8,0,0,0,0,0,0,0,0,66
2025-09-29T03:48:47.434Z,59.7,21.1,1.926,50.4,0,59.9,0,0,0,0,0,0,0,0,66
2025-09-29T03:48:48.437Z,59.7,21.1,1.926,49.6,0,59.9,0,0,0,0,0,0,0,0,66
2025-09-29T03:48:49.436Z,59.7,21.1,1.926,50.4,0,59.9,0,0,0,0,0,0,0,0,66
2025-09-29T03:48:50.438Z,59.8,21.1,1.926,49.6,0,59.9,0,0,0,0,0,0,0,0,66
2025-09-29T03:48:51.438Z,59.8,21.1,1.926,50.4,0,59.9,0,0,0,0,0,0,0,0,66
2025-09-29T03:48:52.435Z,59.8,21.1,1.926,49.6,0,59.9,0,0,0,0,0,0,0,0,66
2025-09-29T03:48:53.440Z,59.8,21.1,1.926,49.6,0,59.9,0,0,0,0,0,0,0,0,66
2025-09-29T03:48:54.447Z,59.8,21.1,1.927,50.4,0,59.9,0,0,0,0,0,0,0,0,66
2025-09-29T03:48:55.439Z,59.8,21.1,1.926,49.6,0,59.9,0,0,0,0,0,0,0,0,66
2025-09-29T03:48:56.448Z,59.8,21.1,1.927,50.4,0,59.9,0,0,0,0,0,0,0,0,66
2025-09-29T03:48:57.446Z,59.8,21.1,1.927,50.4,0,59.9,0,0,0,0,0,0,0,0,66
2025-09-29T03:48:58.447Z,59.8,21.1,1.927,49.6,0,59.9,0,0,0,0,0,0,0,0,66
2025-09-29T03:48:59.442Z,59.8,21.1,1.926,50.4,0,59.9,0,0,0,0,0,0,0,0,66
2025-09-29T03:49:00.444Z,59.8,21.1,1.927,49.6,0,59.8,0,0,0,0,0,0,0,0,66
2025-09-29T03:49:01.445Z,59.8,21.1,1.926,50.4,0,59.9,0,0,0,0,0,0,0,0,66
2025-09-29T03:49:02.446Z,59.8,21.1,1.927,49.6,0,59.9,0,0,0,0,0,0,0,0,66
2025-09-29T03:49:03.448Z,59.8,21.1,1.927,50.4,0,59.8,0,0,0,0,0,0,0,0,66
2025-09-29T03:49:04.449Z,59.8,21.1,1.927,49.6,0,59.9,0,0,0,0,0,0,0,0,66
2025-09-29T03:49:05.450Z,59.8,21.1,1.926,50.4,0,59.9,0,0,0,0,0,0,0,0,66
2025-09-29T03:49:06.448Z,59.8,21.1,1.926,49.6,0,59.9,0,0,0,0,0,0,0,0,66
2025-09-29T03:49:07.453Z,59.8,21.1,1.927,50.4,0,59.9,0,0,0,0,0,0,0,0,66
2025-09-29T03:49:08.457Z,59.9,21.1,1.926,49.6,0,59.9,0,0,0,0,0,0,0,0,66
2025-09-29T03:49:09.464Z,59.9,21.1,1.926,50.4,0,59.9,0,0,0,0,0,0,0,0,66
2025-09-29T03:49:10.456Z,59.9,21.1,1.926,49.6,0,59.8,0,0,0,0,0,0,0,0,66
2025-09-29T03:49:11.458Z,59.9,21.1,1.926,50.4,0,59.9,0,0,0,0,0,0,0,0,66
2025-09-29T03:49:12.458Z,59.9,21.1,1.926,49.6,0,59.9,0,0,0,0,0,0,0,0,66
2025-09-29T03:49:13.459Z,59.9,21.1,1.926,50.4,0,59.9,0,0,0,0,0,0,0,0,66
2025-09-29T03:49:14.457Z,59.9,21.1,1.926,49.6,0,59.9,0,0,0,0,0,0,0,0,66
2025-09-29T03:49:15.461Z,59.9,21.1,1.926,50.4,0,59.9,0,0,0,0,0,0,0,0,66
2025-09-29T03:49:16.461Z,59.9,21.1,1.926,49.6,0,59.9,0,0,0,0,0,0,0,0,66
2025-09-29T03:49:17.467Z,59.9,21.1,1.926,50.4,0,59.9,0,0,0,0,0,0,0,0,66
2025-09-29T03:49:18.462Z,59.9,21.1,1.926,49.6,0,59.9,0,0,0,0,0,0,0,0,66
2025-09-29T03:49:19.464Z,59.9,21.1,1.926,50.4,0,59.9,0,0,0,0,0,0,0,0,66
2025-09-29T03:49:20.471Z,59.9,21.1,1.926,49.6,0,59.9,0,0,0,0,0,0,0,0,66
2025-09-29T03:49:21.467Z,59.9,21.1,1.926,50.4,0,59.9,0,0,0,0,0,0,0,0,66
2025-09-29T03:49:22.468Z,60,21.1,1.926,49.6,0,59.9,0,0,0,0,0,0,0,0,66
2025-09-29T03:49:23.468Z,60,21.1,1.926,49.6,0,59.9,0,0,0,0,0,0,0,0,66
2025-09-29T03:49:24.472Z,60,21.1,1.926,49.6,0,59.9,0,0,0,0,0,0,0,0,66
2025-09-29T03:49:25.470Z,60,21.1,1.926,50.4,0,59.9,0,0,0,0,0,0,0,0,66
2025-09-29T03:49:26.474Z,60,21.1,1.925,49.6,0,59.9,0,0,0,0,0,0,0,0,66
2025-09-29T03:49:27.470Z,60,21.1,1.926,49.6,0,59.9,0,0,0,0,0,0,0,0,66
2025-09-29T03:49:28.477Z,60,21.1,1.925,49.6,0,59.9,0,0,0,0,0,0,0,0,66
2025-09-29T03:49:29.479Z,60,21.1,1.925,50.4,0,59.9,0,0,0,0,0,0,0,0,66
2025-09-29T03:49:30.472Z,60,21.1,1.926,49.6,0,59.9,0,0,0,0,0,0,0,0,66
2025-09-29T03:49:31.475Z,60,21.1,1.925,50.4,0,59.9,0,0,0,0,0,0,0,0,66
2025-09-29T03:49:32.477Z,60,21.1,1.925,49.6,0,59.9,0,0,0,0,0,0,0,0,66
2025-09-29T03:49:33.480Z,60,21.1,1.925,49.6,0,59.9,0,0,0,0,0,0,0,0,66
2025-09-29T03:49:34.476Z,60,21.1,1.925,50.4,0,59.9,0,0,0,0,0,0,0,0,66
2025-09-29T03:49:35.480Z,60,21.1,1.925,49.6,0,59.9,0,0,0,0,0,0,0,0,66
2025-09-29T03:49:36.475Z,60.1,21.1,1.925,50.4,0,59.9,0,0,0,0,0,0,0,0,66
2025-09-29T03:49:37.478Z,60.1,21.1,1.925,49.6,0,59.9,0,0,0,0,0,0,0,0,66
2025-09-29T03:49:38.481Z,60.1,21.1,1.925,49.6,0,59.9,0,0,0,0,0,0,0,0,66
2025-09-29T03:49:39.480Z,60.1,21.1,1.925,50.4,0,59.9,0,0,0,0,0,0,0,0,66
2025-09-29T03:49:40.484Z,60.1,21.1,1.925,50.4,0,59.9,0,0,0,0,0,0,0,0,66
2025-09-29T03:49:41.483Z,60.1,21.1,1.925,49.6,0,59.9,0,0,0,0,0,0,0,0,66
2025-09-29T03:49:42.487Z,60.1,21.1,1.925,50.4,0,59.9,0,0,0,0,0,0,0,0,66
2025-09-29T03:49:43.485Z,60.1,21.1,1.925,49.6,0,59.9,0,0,0,0,0,0,0,0,66
2025-09-29T03:49:44.487Z,60.1,21.1,1.924,50.4,0,59.9,0,0,0,0,0,0,0,0,66
2025-09-29T03:49:45.487Z,60.1,21.1,1.924,49.6,0,59.9,0,0,0,0,0,0,0,0,66
2025-09-29T03:49:46.488Z,60.1,21.1,1.924,50.4,0,59.9,0,0,0,0,0,0,0,0,66
2025-09-29T03:49:47.487Z,60.1,21.1,1.924,49.6,0,59.9,0,0,0,0,0,0,0,0,66
2025-09-29T03:49:48.493Z,60.1,21.1,1.924,49.6,0,59.9,0,0,0,0,0,0,0,0,66
2025-09-29T03:49:49.495Z,60.2,21.1,1.924,50.4,0,59.9,0,0,0,0,0,0,0,0,66
2025-09-29T03:49:50.489Z,60.2,21.1,1.924,49.6,0,59.8,0,0,0,0,0,0,0,0,66
2025-09-29T03:49:51.501Z,60.2,21.1,1.925,50.4,0,59.9,0,0,0,0,0,0,0,0,66
2025-09-29T03:49:52.494Z,60.2,21.1,1.924,49.6,0,59.9,0,0,0,0,0,0,0,0,66
2025-09-29T03:49:53.497Z,60.2,21.1,1.924,49.6,0,59.9,0,0,0,0,0,0,0,0,66
2025-09-29T03:49:54.499Z,60.2,21.1,1.923,50.4,0,59.9,0,0,0,0,0,0,0,0,66
2025-09-29T03:49:55.497Z,60.2,21.1,1.924,49.6,0,59.9,0,0,0,0,0,0,0,0,66
2025-09-29T03:49:56.501Z,60.2,21.1,1.925,49.6,0,59.9,0,0,0,0,0,0,0,0,66
2025-09-29T03:49:57.503Z,60.2,21.1,1.925,50.4,0,59.9,0,0,0,0,0,0,0,0,66
2025-09-29T03:49:58.499Z,60.2,21.1,1.924,50.4,0,59.9,0,0,0,0,0,0,0,0,66
2025-09-29T03:49:59.496Z,60.2,21.1,1.924,49.6,0,59.9,0,0,0,0,0,0,0,0,66
2025-09-29T03:50:00.499Z,60.2,21.1,1.923,50.4,0,59.9,0,0,0,0,0,0,0,0,66
2025-09-29T03:50:01.500Z,60.2,21.1,1.923,49.6,0,59.9,0,0,0,0,0,0,0,0,66
2025-09-29T03:50:02.500Z,60.3,21.1,1.923,50.4,0,59.9,0,0,0,0,0,0,0,0,66
2025-09-29T03:50:03.507Z,60.3,21.1,1.925,49.6,0,59.9,0,0,0,0,0,0,0,0,66
2025-09-29T03:50:04.504Z,60.3,21.1,1.924,50.4,0,59.9,0,0,0,0,0,0,0,0,66
2025-09-29T03:50:05.504Z,60.3,21.1,1.924,49.6,0,59.9,0,0,0,0,0,0,0,0,66
2025-09-29T03:50:06.503Z,60.3,21.1,1.924,49.6,0,59.9,0,0,0,0,0,0,0,0,66
2025-09-29T03:50:07.509Z,60.3,21.1,1.924,50.4,0,59.9,0,0,0,0,0,0,0,0,66
2025-09-29T03:50:08.508Z,60.3,21.1,1.924,49.6,0,59.9,0,0,0,0,0,0,0,0,66
2025-09-29T03:50:09.509Z,60.3,21.1,1.924,50.4,0,59.9,0,0,0,0,0,0,0,0,66
2025-09-29T03:50:10.507Z,60.3,21.1,1.924,49.6,0,59.9,0,0,0,0,0,0,0,0,66
2025-09-29T03:50:11.512Z,60.3,21.1,1.924,49.6,0,59.9,0,0,0,0,0,0,0,0,66
2025-09-29T03:50:12.513Z,60.3,21.1,1.924,50.4,0,59.9,0,0,0,0,0,0,0,0,66
2025-09-29T03:50:13.517Z,60.3,21.1,1.924,49.6,0,59.9,0,0,0,0,0,0,0,0,66
2025-09-29T03:50:14.511Z,60.4,21.1,1.924,49.6,0,59.9,0,0,0,0,0,0,0,0,66
2025-09-29T03:50:15.513Z,60.4,21.1,1.924,50.4,0,59.9,0,0,0,0,0,0,0,0,66
2025-09-29T03:50:16.515Z,60.4,21.1,1.924,49.6,0,59.9,0,0,0,0,0,0,0,0,66
2025-09-29T03:50:17.516Z,60.4,21.1,1.924,49.6,0,59.9,0,0,0,0,0,0,0,0,66
2025-09-29T03:50:18.517Z,60.4,21.1,1.924,50.4,0,59.9,0,0,0,0,0,0,0,0,66
2025-09-29T03:50:19.517Z,60.4,21.1,1.924,50.4,0,59.9,0,0,0,0,0,0,0,0,66
2025-09-29T03:50:20.519Z,60.4,21.1,1.924,49.6,0,59.9,0,0,0,0,0,0,0,0,66
2025-09-29T03:50:21.522Z,60.4,21.1,1.924,50.4,0,59.9,0,0,0,0,0,0,0,0,66
2025-09-29T03:50:22.522Z,60.4,21.1,1.924,50.4,0,59.9,0,0,0,0,0,0,0,0,66
2025-09-29T03:50:23.521Z,60.4,21.1,1.924,49.6,0,59.9,0,0,0,0,0,0,0,0,66
2025-09-29T03:50:24.526Z,60.4,21.1,1.924,50.4,0,59.9,0,0,0,0,0,0,0,0,66
2025-09-29T03:50:25.529Z,60.4,21.1,1.923,49.6,0,59.9,0,0,0,0,0,0,0,0,66
2025-09-29T03:50:26.530Z,60.4,21.1,1.923,50.4,0,59.9,0,0,0,0,0,0,0,0,66
2025-09-29T03:50:27.527Z,60.5,21.1,1.923,49.6,0,59.9,0,0,0,0,0,0,0,0,66
2025-09-29T03:50:28.526Z,60.5,21.1,1.923,50.4,0,59.9,0,0,0,0,0,0,0,0,66
2025-09-29T03:50:29.529Z,60.5,21.1,1.923,49.6,0,59.9,0,0,0,0,0,0,0,0,66
2025-09-29T03:50:30.526Z,60.5,21.1,1.923,49.6,0,59.9,0,0,0,0,0,0,0,0,66
2025-09-29T03:50:31.530Z,60.5,21.1,1.923,50.4,0,59.8,0,0,0,0,0,0,0,0,66
2025-09-29T03:50:32.531Z,60.5,21.1,1.923,49.6,0,59.9,0,0,0,0,0,0,0,0,66
2025-09-29T03:50:33.534Z,60.5,21.1,1.923,50.4,0,59.9,0,0,0,0,0,0,0,0,66
2025-09-29T03:50:34.530Z,60.5,21.1,1.923,49.6,0,59.9,0,0,0,0,0,0,0,0,66
2025-09-29T03:50:35.530Z,60.5,21.1,1.923,49.6,0,59.9,0,0,0,0,0,0,0,0,66
2025-09-29T03:50:36.535Z,60.5,21.1,1.923,50.4,0,59.9,0,0,0,0,0,0,0,0,66
2025-09-29T03:50:37.535Z,60.5,21.1,1.923,49.6,0,59.9,0,0,0,0,0,0,0,0,66
2025-09-29T03:50:38.537Z,60.5,21.1,1.923,49.6,0,59.9,0,0,0,0,0,0,0,0,66
2025-09-29T03:50:39.536Z,60.6,21.1,1.923,50.4,0,59.9,0,0,0,0,0,0,0,0,66
2025-09-29T03:50:40.539Z,60.6,21.1,1.923,50.4,0,59.8,0,0,0,0,0,0,0,0,66
2025-09-29T03:50:41.546Z,60.6,21.1,1.922,49.6,0,59.8,0,0,0,0,0,0,0,0,66
2025-09-29T03:50:42.538Z,60.6,21.1,1.922,50.4,0,59.9,0,0,0,0,0,0,0,0,66
2025-09-29T03:50:43.544Z,60.6,21.1,1.922,49.6,0,59.9,0,0,0,0,0,0,0,0,66
2025-09-29T03:50:44.542Z,60.6,21.1,1.922,49.6,0,59.9,0,0,0,0,0,0,0,0,66
2025-09-29T03:50:45.543Z,60.6,21.1,1.923,50.4,0,59.9,0,0,0,0,0,0,0,0,66
2025-09-29T03:50:46.544Z,60.6,21.1,1.922,50.4,0,59.9,0,0,0,0,0,0,0,0,66
2025-09-29T03:50:47.549Z,60.6,21.1,1.923,49.6,0,59.9,0,0,0,0,0,0,0,0,66
2025-09-29T03:50:48.547Z,60.6,21.1,1.922,50.4,0,59.9,0,0,0,0,0,0,0,0,66
2025-09-29T03:50:49.546Z,60.6,21.1,1.922,49.6,0,59.9,0,0,0,0,0,0,0,0,66
2025-09-29T03:50:50.555Z,60.6,21.1,1.922,49.6,0,59.9,0,0,0,0,0,0,0,0,66
2025-09-29T03:50:51.550Z,60.7,21.1,1.922,50.4,0,59.9,0,0,0,0,0,0,0,0,66
2025-09-29T03:50:52.555Z,60.7,21.1,1.922,49.6,0,59.9,0,0,0,0,0,0,0,0,66
2025-09-29T03:50:53.557Z,60.7,21.1,1.922,49.6,0,59.9,0,0,0,0,0,0,0,0,66
2025-09-29T03:50:54.550Z,60.7,21.1,1.922,50.4,0,59.9,0,0,0,0,0,0,0,0,66
2025-09-29T03:50:55.552Z,60.7,21.1,1.922,49.6,0,59.8,0,0,0,0,0,0,0,0,66
2025-09-29T03:50:56.554Z,60.7,21.1,1.922,49.6,0,59.9,0,0,0,0,0,0,0,0,66
2025-09-29T03:50:57.557Z,60.7,21.1,1.921,50.4,0,59.9,0,0,0,0,0,0,0,0,66
2025-09-29T03:50:58.553Z,60.7,21.1,1.921,49.6,0,59.9,0,0,0,0,0,0,0,0,66
2025-09-29T03:50:59.553Z,60.7,21.1,1.921,49.6,0,59.9,0,0,0,0,0,0,0,0,66
2025-09-29T03:51:00.554Z,60.7,21.1,1.922,50.4,0,59.9,0,0,0,0,0,0,0,0,66
2025-09-29T03:51:01.556Z,60.7,21.1,1.921,50.4,0,59.9,0,0,0,0,0,0,0,0,66
2025-09-29T03:51:02.556Z,60.8,21.1,1.921,49.6,0,59.9,0,0,0,0,0,0,0,0,66
2025-09-29T03:51:03.557Z,60.8,21.1,1.921,50.4,0,59.9,0,0,0,0,0,0,0,0,66
2025-09-29T03:51:04.558Z,60.8,21.1,1.921,49.6,0,59.9,0,0,0,0,0,0,0,0,66
2025-09-29T03:51:05.564Z,60.8,21.1,1.922,50.4,0,59.9,0,0,0,0,0,0,0,0,66
2025-09-29T03:51:06.566Z,60.8,21.1,1.922,50.4,0,59.9,0,0,0,0,0,0,0,0,66
2025-09-29T03:51:07.562Z,60.8,21.1,1.921,49.6,0,59.9,0,0,0,0,0,0,0,0,66
2025-09-29T03:51:08.568Z,60.8,21.1,1.922,50.4,0,59.9,0,0,0,0,0,0,0,0,66
2025-09-29T03:51:09.562Z,60.8,21.1,1.921,49.6,0,59.9,0,0,0,0,0,0,0,0,66
2025-09-29T03:51:10.564Z,60.8,21.1,1.921,50.4,0,59.9,0,0,0,0,0,0,0,0,66
2025-09-29T03:51:11.564Z,60.8,21.1,1.921,49.6,0,59.9,0,0,0,0,0,0,0,0,66
2025-09-29T03:51:12.569Z,60.8,21.1,1.922,49.6,0,59.9,0,0,0,0,0,0,0,0,66
2025-09-29T03:51:13.571Z,60.8,21.1,1.922,50.4,0,59.9,0,0,0,0,0,0,0,0,66
2025-09-29T03:51:14.571Z,60.8,21.1,1.922,49.6,0,59.9,0,0,0,0,0,0,0,0,66
2025-09-29T03:51:15.570Z,60.8,21.1,1.922,49.6,0,59.9,0,0,0,0,0,0,0,0,66
2025-09-29T03:51:16.571Z,60.9,21.1,1.922,50.4,0,59.9,0,0,0,0,0,0,0,0,66
2025-09-29T03:51:17.578Z,60.9,21.1,1.922,49.6,0,59.9,0,0,0,0,0,0,0,0,66
2025-09-29T03:51:18.575Z,60.9,21.1,1.922,49.6,0,59.9,0,0,0,0,0,0,0,0,66
2025-09-29T03:51:19.574Z,60.9,21.1,1.922,50.4,0,59.9,0,0,0,0,0,0,0,0,66
2025-09-29T03:51:20.580Z,60.9,21.1,1.922,50.4,0,59.9,0,0,0,0,0,0,0,0,66
2025-09-29T03:51:21.574Z,60.9,21.1,1.922,49.6,0,59.9,0,0,0,0,0,0,0,0,66
2025-09-29T03:51:22.578Z,60.9,21.1,1.922,50.4,0,59.9,0,0,0,0,0,0,0,0,66
2025-09-29T03:51:23.584Z,60.9,21.1,1.922,49.6,0,59.9,0,0,0,0,0,0,0,0,66
2025-09-29T03:51:24.583Z,60.9,21.1,1.922,49.6,0,59.9,0,0,0,0,0,0,0,0,66
2025-09-29T03:51:25.580Z,60.9,21.1,1.921,50.4,0,59.9,0,0,0,0,0,0,0,0,66
2025-09-29T03:51:26.580Z,60.9,21.1,1.922,49.6,0,59.9,0,0,0,0,0,0,0,0,66
2025-09-29T03:51:27.580Z,60.9,21.1,1.922,49.6,0,59.9,0,0,0,0,0,0,0,0,66
2025-09-29T03:51:28.580Z,60.9,21.1,1.922,50.4,0,59.9,0,0,0,0,0,0,0,0,66
2025-09-29T03:51:29.580Z,60.9,21.1,1.922,49.6,0,59.9,0,0,0,0,0,0,0,0,66
2025-09-29T03:51:30.583Z,60.9,21.1,1.922,50.4,0,59.9,0,0,0,0,0,0,0,0,66
2025-09-29T03:51:31.585Z,61,21.1,1.922,50.4,0,59.9,0,0,0,0,0,0,0,0,66
2025-09-29T03:51:32.586Z,61,21.1,1.922,49.6,0,59.9,0,0,0,0,0,0,0,0,66
2025-09-29T03:51:33.594Z,61,21.1,1.921,50.4,0,59.9,0,0,0,0,0,0,0,0,66
2025-09-29T03:51:34.586Z,61,21.1,1.922,50.4,0,59.9,0,0,0,0,0,0,0,0,66
2025-09-29T03:51:35.586Z,61,21.1,1.922,49.6,0,59.9,0,0,0,0,0,0,0,0,66
2025-09-29T03:51:36.594Z,61,21.1,1.921,50.4,0,59.9,0,0,0,0,0,0,0,0,66
2025-09-29T03:51:37.588Z,61,21.1,1.922,49.6,0,59.9,0,0,0,0,0,0,0,0,66
2025-09-29T03:51:38.592Z,61,21.1,1.921,50.4,0,59.9,0,0,0,0,0,0,0,0,66
2025-09-29T03:51:39.593Z,61,21.1,1.921,49.6,0,59.9,0,0,0,0,0,0,0,0,66
2025-09-29T03:51:40.592Z,61,21.1,1.922,49.6,0,59.9,0,0,0,0,0,0,0,0,66
2025-09-29T03:51:41.592Z,61,21.1,1.922,50.4,0,59.9,0,0,0,0,0,0,0,0,66
2025-09-29T03:51:42.595Z,61,21.1,1.921,49.6,0,59.9,0,0,0,0,0,0,0,0,66
2025-09-29T03:51:43.596Z,61,21.1,1.921,49.6,0,59.9,0,0,0,0,0,0,0,0,66
2025-09-29T03:51:44.594Z,61,21.1,1.921,50.4,0,59.9,0,0,0,0,0,0,0,0,66
2025-09-29T03:51:45.601Z,61,21.1,1.92,49.6,0,59.9,0,0,0,0,0,0,0,0,66
2025-09-29T03:51:46.598Z,61,21.1,1.92,49.6,0,59.9,0,0,0,0,0,0,0,0,66
2025-09-29T03:51:47.596Z,61,21.1,1.92,50.4,0,59.9,0,0,0,0,0,0,0,0,66
2025-09-29T03:51:48.606Z,61,21.1,1.92,50.4,0,59.9,0,0,0,0,0,0,0,0,66
2025-09-29T03:51:49.607Z,61,21.1,1.92,49.6,0,59.9,0,0,0,0,0,0,0,0,66
2025-09-29T03:51:50.600Z,61.1,21.1,1.92,50.4,0,59.9,0,0,0,0,0,0,0,0,66
2025-09-29T03:51:51.600Z,61.1,21.1,1.92,49.6,0,59.9,0,0,0,0,0,0,0,0,66
2025-09-29T03:51:52.608Z,61.1,21.1,1.92,49.6,0,59.9,0,0,0,0,0,0,0,0,66
2025-09-29T03:51:53.607Z,61.1,21.1,1.92,50.4,0,59.9,0,0,0,0,0,0,0,0,66
2025-09-29T03:51:54.603Z,61.1,21.1,1.92,50.4,0,59.9,0,0,0,0,0,0,0,0,66
2025-09-29T03:51:55.611Z,61.1,21.1,1.92,49.6,0,59.9,0,0,0,0,0,0,0,0,66
2025-09-29T03:51:56.608Z,61.1,21.1,1.92,50.4,0,59.9,0,0,0,0,0,0,0,0,66
2025-09-29T03:51:57.610Z,61.1,21.1,1.92,49.6,0,59.9,0,0,0,0,0,0,0,0,66
2025-09-29T03:51:58.608Z,61.1,21.1,1.92,49.6,0,59.9,0,0,0,0,0,0,0,0,66
2025-09-29T03:51:59.609Z,61.1,21.1,1.92,50.4,0,59.9,0,0,0,0,0,0,0,0,66
2025-09-29T03:52:00.613Z,61.1,21.1,1.921,49.6,0,59.9,0,0,0,0,0,0,0,0,66
2025-09-29T03:52:01.611Z,61.1,21.1,1.92,49.6,0,59.9,0,0,0,0,0,0,0,0,66
2025-09-29T03:52:02.608Z,61.1,21.1,1.92,50.4,0,59.9,0,0,0,0,0,0,0,0,66
2025-09-29T03:52:03.614Z,61.1,21.1,1.92,50.4,0,59.9,0,0,0,0,0,0,0,0,66
2025-09-29T03:52:04.616Z,61.1,21.1,1.92,49.6,0,59.9,0,0,0,0,0,0,0,0,66
2025-09-29T03:52:05.617Z,61.1,21.1,1.92,50.4,0,59.9,0,0,0,0,0,0,0,0,66
2025-09-29T03:52:06.615Z,61.1,21.1,1.92,50.4,0,59.9,0,0,0,0,0,0,0,0,66
2025-09-29T03:52:07.615Z,61.1,21.1,1.92,49.6,0,59.9,0,0,0,0,0,0,0,0,66
2025-09-29T03:52:08.619Z,61.1,21.1,1.92,50.4,0,59.9,0,0,0,0,0,0,0,0,66
2025-09-29T03:52:09.621Z,61.1,21.1,1.92,49.6,0,59.9,0,0,0,0,0,0,0,0,66
2025-09-29T03:52:10.622Z,61.1,21.1,1.92,50.4,0,59.9,0,0,0,0,0,0,0,0,66
2025-09-29T03:52:11.625Z,61.2,21.1,1.92,49.6,0,59.9,0,0,0,0,0,0,0,0,66
2025-09-29T03:52:12.621Z,61.2,21.1,1.92,50.4,0,59.9,0,0,0,0,0,0,0,0,66
2025-09-29T03:52:13.622Z,61.2,21.1,1.92,49.6,0,59.9,0,0,0,0,0,0,0,0,66
2025-09-29T03:52:14.623Z,61.2,21.1,1.92,50.4,0,59.9,0,0,0,0,0,0,0,0,66
2025-09-29T03:52:15.627Z,61.2,21.1,1.92,50.4,0,59.9,0,0,0,0,0,0,0,0,66
2025-09-29T03:52:16.629Z,61.2,21.1,1.92,49.6,0,59.9,0,0,0,0,0,0,0,0,66
2025-09-29T03:52:17.630Z,61.2,21.1,1.92,49.6,0,59.9,0,0,0,0,0,0,0,0,66
2025-09-29T03:52:18.630Z,61.2,21.1,1.92,49.6,0,59.9,0,0,0,0,0,0,0,0,66
2025-09-29T03:52:19.626Z,61.2,21.1,1.92,50.4,0,59.9,0,0,0,0,0,0,0,0,66
2025-09-29T03:52:20.631Z,61.2,21.1,1.92,49.6,0,59.9,0,0,0,0,0,0,0,0,66
2025-09-29T03:52:21.632Z,61.2,21.1,1.92,50.4,0,59.9,0,0,0,0,0,0,0,0,66
2025-09-29T03:52:22.630Z,61.2,21.1,1.92,49.6,0,59.9,0,0,0,0,0,0,0,0,66
2025-09-29T03:52:23.634Z,61.2,21.1,1.92,49.6,0,59.9,0,0,0,0,0,0,0,0,66
2025-09-29T03:52:24.636Z,61.2,21.1,1.92,50.4,0,59.9,0,0,0,0,0,0,0,0,66
2025-09-29T03:52:25.636Z,61.2,21.1,1.92,50.4,0,59.9,0,0,0,0,0,0,0,0,66
2025-09-29T03:52:26.641Z,61.2,21.1,1.92,49.6,0,59.9,0,0,0,0,0,0,0,0,66
2025-09-29T03:52:27.641Z,61.2,21.1,1.92,50.4,0,59.9,0,0,0,0,0,0,0,0,66
2025-09-29T03:52:28.637Z,61.2,21.1,1.92,49.6,0,59.9,0,0,0,0,0,0,0,0,66
2025-09-29T03:52:29.638Z,61.2,21.1,1.92,50.4,0,59.9,0,0,0,0,0,0,0,0,66
2025-09-29T03:52:30.642Z,61.2,21.1,1.92,49.6,0,59.9,0,0,0,0,0,0,0,0,66
2025-09-29T03:52:31.642Z,61.2,21.1,1.92,50.4,0,59.9,0,0,0,0,0,0,0,0,66
2025-09-29T03:52:32.643Z,61.2,21.1,1.92,49.6,0,59.9,0,0,0,0,0,0,0,0,66
2025-09-29T03:52:33.644Z,61.2,21.1,1.92,49.6,0,59.9,0,0,0,0,0,0,0,0,66
2025-09-29T03:52:34.642Z,61.2,21.1,1.92,50.4,0,59.9,0,0,0,0,0,0,0,0,66
2025-09-29T03:52:35.645Z,61.2,21.1,1.92,49.6,0,59.9,0,0,0,0,0,0,0,0,66
2025-09-29T03:52:36.646Z,61.2,21.1,1.92,49.6,0,59.9,0,0,0,0,0,0,0,0,66
2025-09-29T03:52:37.647Z,61.2,21.1,1.92,50.4,0,59.9,0,0,0,0,0,0,0,0,66
2025-09-29T03:52:38.647Z,61.2,21.1,1.92,49.6,0,59.9,0,0,0,0,0,0,0,0,66
2025-09-29T03:52:39.645Z,61.2,21.1,1.92,49.6,0,59.9,0,0,0,0,0,0,0,0,66
2025-09-29T03:52:40.648Z,61.2,21.1,1.92,50.4,0,59.9,0,0,0,0,0,0,0,0,66
2025-09-29T03:52:41.648Z,61.2,21.1,1.92,49.6,0,59.9,0,0,0,0,0,0,0,0,66
2025-09-29T03:52:42.650Z,61.2,21.1,1.92,49.6,0,59.9,0,0,0,0,0,0,0,0,66
2025-09-29T03:52:43.650Z,61.2,21.1,1.92,50.4,0,59.9,0,0,0,0,0,0,0,0,66
2025-09-29T03:52:44.653Z,61.2,21.1,1.92,50.4,0,59.9,0,0,0,0,0,0,0,0,66
2025-09-29T03:52:45.658Z,61.2,21.1,1.92,49.6,0,59.9,0,0,0,0,0,0,0,0,66
2025-09-29T03:52:46.655Z,61.2,21.1,1.92,50.4,0,59.9,0,0,0,0,0,0,0,0,66
2025-09-29T03:52:47.661Z,61.2,21.1,1.92,49.6,0,59.9,0,0,0,0,0,0,0,0,66
2025-09-29T03:52:48.654Z,61.2,21.1,1.92,50.4,0,59.9,0,0,0,0,0,0,0,0,66
2025-09-29T03:52:49.662Z,61.2,21.1,1.92,50.4,0,59.9,0,0,0,0,0,0,0,0,66
2025-09-29T03:52:50.661Z,61.2,21.1,1.92,49.6,0,59.9,0,0,0,0,0,0,0,0,66
2025-09-29T03:52:51.660Z,61.2,21.1,1.92,50.4,0,59.9,0,0,0,0,0,0,0,0,66
2025-09-29T03:52:52.660Z,61.2,21.1,1.92,49.6,0,59.9,0,0,0,0,0,0,0,0,66
2025-09-29T03:52:53.662Z,61.2,21.1,1.92,50.4,0,59.9,0,0,0,0,0,0,0,0,66
2025-09-29T03:52:54.664Z,61.2,21.1,1.92,49.6,0,59.9,0,0,0,0,0,0,0,0,66
2025-09-29T03:52:55.662Z,61.2,21.1,1.92,50.4,0,60,0,0,0,0,0,0,0,0,66
2025-09-29T03:52:56.665Z,61.2,21.1,1.92,49.6,0,60,0,0,0,0,0,0,0,0,66
2025-09-29T03:52:57.669Z,61.2,21.1,1.92,49.6,0,60,0,0,0,0,0,0,0,0,66
2025-09-29T03:52:58.665Z,61.2,21.1,1.92,50.4,0,59.9,0,0,0,0,0,0,0,0,66
2025-09-29T03:52:59.662Z,61.2,21.1,1.92,49.6,0,59.9,0,0,0,0,0,0,0,0,66
2025-09-29T03:53:00.664Z,61.2,21.1,1.92,50.4,0,60,0,0,0,0,0,0,0,0,66
2025-09-29T03:53:01.673Z,61.2,21.1,1.92,49.6,0,60,0,0,0,0,0,0,0,0,66
2025-09-29T03:53:02.666Z,61.2,21.1,1.92,49.6,0,60,0,0,0,0,0,0,0,0,66
2025-09-29T03:53:03.672Z,61.2,21.1,1.92,50.4,0,60,0,0,0,0,0,0,0,0,66
2025-09-29T03:53:04.669Z,61.2,21.1,1.92,49.6,0,60,0,0,0,0,0,0,0,0,66
2025-09-29T03:53:05.673Z,61.2,21.1,1.92,50.4,0,60,0,0,0,0,0,0,0,0,66
2025-09-29T03:53:06.673Z,61.2,21.1,1.92,50.4,0,60,0,0,0,0,0,0,0,0,66
2025-09-29T03:53:07.676Z,61.2,21.1,1.92,49.6,0,60,0,0,0,0,0,0,0,0,66
2025-09-29T03:53:08.674Z,61.2,21.1,1.92,50.4,0,60,0,0,0,0,0,0,0,0,66
2025-09-29T03:53:09.674Z,61.2,21.1,1.92,49.6,0,60,0,0,0,0,0,0,0,0,66
2025-09-29T03:53:10.677Z,61.2,21.1,1.92,50.4,0,60,0,0,0,0,0,0,0,0,66
2025-09-29T03:53:11.679Z,61.2,21.1,1.92,49.6,0,60,0,0,0,0,0,0,0,0,66
2025-09-29T03:53:12.677Z,61.2,21.1,1.92,49.6,0,60,0,0,0,0,0,0,0,0,66
2025-09-29T03:53:13.680Z,61.2,21.1,1.92,50.4,0,60,0,0,0,0,0,0,0,0,66
2025-09-29T03:53:14.681Z,61.2,21.1,1.92,49.6,0,60,0,0,0,0,0,0,0,0,66
2025-09-29T03:53:15.682Z,61.2,21.1,1.92,50.4,0,60,0,0,0,0,0,0,0,0,66
2025-09-29T03:53:16.682Z,61.2,21.1,1.92,50.4,0,60,0,0,0,0,0,0,0,0,66
2025-09-29T03:53:17.683Z,61.2,21.1,1.92,49.6,0,60,0,0,0,0,0,0,0,0,66
2025-09-29T03:53:18.683Z,61.2,21.1,1.92,50.4,0,60,0,0,0,0,0,0,0,0,66
2025-09-29T03:53:19.685Z,61.2,21.1,1.92,49.6,0,60,0,0,0,0,0,0,0,0,66
2025-09-29T03:53:20.687Z,61.2,21.1,1.92,50.4,0,60,0,0,0,0,0,0,0,0,66
2025-09-29T03:53:21.682Z,61.2,21.1,1.92,49.6,0,60,0,0,0,0,0,0,0,0,66
2025-09-29T03:53:22.687Z,61.2,21.1,1.92,50.4,0,60,0,0,0,0,0,0,0,0,66
2025-09-29T03:53:23.695Z,61.2,21.1,1.92,49.6,0,60,0,0,0,0,0,0,0,0,66
2025-09-29T03:53:24.694Z,61.2,21.1,1.92,50.4,0,60,0,0,0,0,0,0,0,0,66
2025-09-29T03:53:25.694Z,61.2,21.1,1.92,49.6,0,60,0,0,0,0,0,0,0,0,66
2025-09-29T03:53:26.697Z,61.2,21.1,1.92,50.4,0,60,0,0,0,0,0,0,0,0,66
2025-09-29T03:53:27.692Z,61.2,21.1,1.92,49.6,0,60,0,0,0,0,0,0,0,0,66
2025-09-29T03:53:28.698Z,61.2,21.1,1.92,50.4,0,60,0,0,0,0,0,0,0,0,66
2025-09-29T03:53:29.692Z,61.2,21.1,1.92,49.6,0,60,0,0,0,0,0,0,0,0,66
2025-09-29T03:53:30.694Z,61.2,21.1,1.92,50.4,0,60,0,0,0,0,0,0,0,0,66
2025-09-29T03:53:31.695Z,61.2,21.1,1.92,49.6,0,60,0,0,0,0,0,0,0,0,66
2025-09-29T03:53:32.697Z,61.2,21.1,1.92,50.4,0,60,0,0,0,0,0,0,0,0,66
2025-09-29T03:53:33.694Z,61.2,21.1,1.92,49.6,0,60,0,0,0,0,0,0,0,0,66
2025-09-29T03:53:34.698Z,61.2,21.1,1.92,50.4,0,60,0,0,0,0,0,0,0,0,66
2025-09-29T03:53:35.703Z,61.2,21.1,1.92,49.6,0,60,0,0,0,0,0,0,0,0,66
2025-09-29T03:53:36.697Z,61.2,21.1,1.92,50.4,0,60,0,0,0,0,0,0,0,0,66
2025-09-29T03:53:37.699Z,61.2,21.1,1.92,49.6,0,60,0,0,0,0,0,0,0,0,66
2025-09-29T03:53:38.698Z,61.2,21.1,1.92,50.4,0,60,0,0,0,0,0,0,0,0,66
2025-09-29T03:53:39.706Z,61.2,21.1,1.92,49.6,0,60,0,0,0,0,0,0,0,0,66
2025-09-29T03:53:40.705Z,61.2,21.1,1.92,50.4,0,60,0,0,0,0,0,0,0,0,66
2025-09-29T03:53:41.706Z,61.2,21.1,1.92,49.6,0,60,0,0,0,0,0,0,0,0,66
2025-09-29T03:53:42.705Z,61.2,21.1,1.92,50.4,0,60,0,0,0,0,0,0,0,0,66
2025-09-29T03:53:43.706Z,61.2,21.1,1.92,49.6,0,60,0,0,0,0,0,0,0,0,66
2025-09-29T03:53:44.703Z,61.2,21.1,1.92,49.6,0,60,0,0,0,0,0,0,0,0,66
2025-09-29T03:53:45.707Z,61.1,21.1,1.92,49.6,0,60,0,0,0,0,0,0,0,0,66
2025-09-29T03:53:46.712Z,61.1,21.1,1.92,50.4,0,60,0,0,0,0,0,0,0,0,66
2025-09-29T03:53:47.710Z,61.1,21.1,1.92,49.6,0,60,0,0,0,0,0,0,0,0,66
2025-09-29T03:53:48.712Z,61.1,21.1,1.92,50.4,0,60,0,0,0,0,0,0,0,0,66
2025-09-29T03:53:49.714Z,61.1,21.1,1.92,49.6,0,60,0,0,0,0,0,0,0,0,66
2025-09-29T03:53:50.714Z,61.1,21.1,1.92,50.4,0,60,0,0,0,0,0,0,0,0,66
2025-09-29T03:53:51.713Z,61.1,21.1,1.92,49.6,0,60,0,0,0,0,0,0,0,0,66
2025-09-29T03:53:52.714Z,61.1,21.1,1.92,50.4,0,60,0,0,0,0,0,0,0,0,66
2025-09-29T03:53:53.718Z,61.1,21.1,1.92,49.6,0,60,0,0,0,0,0,0,0,0,66
2025-09-29T03:53:54.715Z,61.1,21.1,1.92,50.4,0,60,0,0,0,0,0,0,0,0,66
2025-09-29T03:53:55.718Z,61.1,21.1,1.92,49.6,0,60,0,0,0,0,0,0,0,0,66
2025-09-29T03:53:56.718Z,61.1,21.1,1.92,50.4,0,60,0,0,0,0,0,0,0,0,66
2025-09-29T03:53:57.720Z,61.1,21.1,1.92,49.6,0,60,0,0,0,0,0,0,0,0,66
2025-09-29T03:53:58.721Z,61.1,21.1,1.92,50.4,0,60,0,0,0,0,0,0,0,0,66
2025-09-29T03:53:59.726Z,61.1,21.1,1.92,49.6,0,60,0,0,0,0,0,0,0,0,66
2025-09-29T03:54:00.721Z,61.1,21.1,1.921,50.4,0,60,0,0,0,0,0,0,0,0,66
2025-09-29T03:54:01.725Z,61.1,21.1,1.92,49.6,0,60,0,0,0,0,0,0,0,0,66
2025-09-29T03:54:02.727Z,61.1,21.1,1.92,50.4,0,60,0,0,0,0,0,0,0,0,66
2025-09-29T03:54:03.723Z,61.1,21.1,1.921,49.6,0,60,0,0,0,0,0,0,0,0,66
2025-09-29T03:54:04.725Z,61.1,21.1,1.92,50.4,0,60,0,0,0,0,0,0,0,0,66
2025-09-29T03:54:05.723Z,61.1,21.1,1.921,49.6,0,60,0,0,0,0,0,0,0,0,66
2025-09-29T03:54:06.730Z,61.1,21.1,1.92,50.4,0,60,0,0,0,0,0,0,0,0,66
2025-09-29T03:54:07.731Z,61.1,21.1,1.92,49.6,0,60,0,0,0,0,0,0,0,0,66
2025-09-29T03:54:08.732Z,61.1,21.1,1.92,49.6,0,60,0,0,0,0,0,0,0,0,66
2025-09-29T03:54:09.728Z,61.1,21.1,1.921,50.4,0,60,0,0,0,0,0,0,0,0,66
2025-09-29T03:54:10.731Z,61.1,21.1,1.921,49.6,0,60,0,0,0,0,0,0,0,0,66
2025-09-29T03:54:11.731Z,61.1,21.1,1.921,49.6,0,60,0,0,0,0,0,0,0,0,66
2025-09-29T03:54:12.734Z,61.1,21.1,1.92,49.6,0,60,0,0,0,0,0,0,0,0,66
2025-09-29T03:54:13.734Z,61.1,21.1,1.921,50.4,0,60,0,0,0,0,0,0,0,0,66
2025-09-29T03:54:14.735Z,61,21.1,1.921,49.6,0,60,0,0,0,0,0,0,0,0,66
2025-09-29T03:54:15.739Z,61,21.1,1.92,49.6,0,60,0,0,0,0,0,0,0,0,66
2025-09-29T03:54:16.738Z,61,21.1,1.92,50.4,0,60,0,0,0,0,0,0,0,0,66
2025-09-29T03:54:17.735Z,61,21.1,1.921,49.6,0,60,0,0,0,0,0,0,0,0,66
2025-09-29T03:54:18.740Z,61,21.1,1.92,50.4,0,60,0,0,0,0,0,0,0,0,66
2025-09-29T03:54:19.739Z,61,21.1,1.921,49.6,0,60,0,0,0,0,0,0,0,0,66
2025-09-29T03:54:20.742Z,61,21.1,1.92,49.6,0,60,0,0,0,0,0,0,0,0,66
2025-09-29T03:54:21.742Z,61,21.1,1.92,50.4,0,60,0,0,0,0,0,0,0,0,66
2025-09-29T03:54:22.741Z,61,21.1,1.921,49.6,0,60,0,0,0,0,0,0,0,0,66
2025-09-29T03:54:23.743Z,61,21.1,1.921,49.6,0,60,0,0,0,0,0,0,0,0,66
2025-09-29T03:54:24.745Z,61,21.1,1.921,50.4,0,60,0,0,0,0,0,0,0,0,66
2025-09-29T03:54:25.746Z,61,21.1,1.921,50.4,0,60,0,0,0,0,0,0,0,0,66
2025-09-29T03:54:26.746Z,61,21.1,1.921,49.6,0,60,0,0,0,0,0,0,0,0,66
2025-09-29T03:54:27.753Z,61,21.1,1.92,50.4,0,60,0,0,0,0,0,0,0,0,66
2025-09-29T03:54:28.747Z,61,21.1,1.92,49.6,0,60,0,0,0,0,0,0,0,0,66
2025-09-29T03:54:29.742Z,61,21.1,1.921,50.4,0,60,0,0,0,0,0,0,0,0,66
2025-09-29T03:54:30.759Z,61,21.1,1.92,49.6,0,60,0,0,0,0,0,0,0,0,66
2025-09-29T03:54:31.749Z,61,21.1,1.92,50.4,0,60,0,0,0,0,0,0,0,0,66
2025-09-29T03:54:32.749Z,61,21.1,1.92,49.6,0,60,0,0,0,0,0,0,0,0,66
2025-09-29T03:54:33.751Z,61,21.1,1.92,50.4,0,60,0,0,0,0,0,0,0,0,66
2025-09-29T03:54:34.753Z,61,21.1,1.92,50.4,0,60,0,0,0,0,0,0,0,0,66
2025-09-29T03:54:35.754Z,61,21.1,1.92,49.6,0,60,0,0,0,0,0,0,0,0,66
2025-09-29T03:54:36.755Z,61,21.1,1.92,50.4,0,60,0,0,0,0,0,0,0,0,66
2025-09-29T03:54:37.755Z,61,21.1,1.921,49.6,0,60,0,0,0,0,0,0,0,0,66
2025-09-29T03:54:38.757Z,61,21.1,1.921,50.4,0,60,0,0,0,0,0,0,0,0,66
2025-09-29T03:54:39.761Z,61,21.1,1.92,49.6,0,60,0,0,0,0,0,0,0,0,66
2025-09-29T03:54:40.760Z,61,21.1,1.921,50.4,0,60,0,0,0,0,0,0,0,0,66
2025-09-29T03:54:41.759Z,61,21.1,1.921,49.6,0,60,0,0,0,0,0,0,0,0,66
2025-09-29T03:54:42.759Z,60.9,21.1,1.921,50.4,0,60,0,0,0,0,0,0,0,0,66
2025-09-29T03:54:43.766Z,60.9,21.1,1.921,49.6,0,60,0,0,0,0,0,0,0,0,66
2025-09-29T03:54:44.772Z,60.9,21.1,1.922,49.6,0,60,0,0,0,0,0,0,0,0,66
2025-09-29T03:54:45.767Z,60.9,21.1,1.92,50.4,0,60,0,0,0,0,0,0,0,0,66
2025-09-29T03:54:46.766Z,60.9,21.1,1.921,49.6,0,60,0,0,0,0,0,0,0,0,66
2025-09-29T03:54:47.766Z,60.9,21.1,1.921,50.4,0,60,0,0,0,0,0,0,0,0,66
2025-09-29T03:54:48.767Z,60.9,21.1,1.921,49.6,0,60,0,0,0,0,0,0,0,0,66
2025-09-29T03:54:49.773Z,60.9,21.1,1.921,49.6,0,60,0,0,0,0,0,0,0,0,66
2025-09-29T03:54:50.769Z,60.9,21.1,1.921,50.4,0,60,0,0,0,0,0,0,0,0,66
2025-09-29T03:54:51.767Z,60.9,21.1,1.921,49.6,0,60,0,0,0,0,0,0,0,0,66
2025-09-29T03:54:52.771Z,60.9,21.1,1.921,49.6,0,60,0,0,0,0,0,0,0,0,66
2025-09-29T03:54:53.770Z,60.9,21.1,1.921,50.4,0,60,0,0,0,0,0,0,0,0,66
2025-09-29T03:54:54.774Z,60.9,21.1,1.921,49.6,0,60,0,0,0,0,0,0,0,0,66
2025-09-29T03:54:55.778Z,60.9,21.1,1.921,50.4,0,60,0,0,0,0,0,0,0,0,66
2025-09-29T03:54:56.775Z,60.9,21.1,1.921,49.6,0,60,0,0,0,0,0,0,0,0,66
2025-09-29T03:54:57.774Z,60.9,21.1,1.921,49.6,0,60,0,0,0,0,0,0,0,0,66
2025-09-29T03:54:58.774Z,60.9,21.1,1.921,50.4,0,60,0,0,0,0,0,0,0,0,66
2025-09-29T03:54:59.773Z,60.9,21.1,1.921,49.6,0,60,0,0,0,0,0,0,0,0,66
2025-09-29T03:55:00.787Z,60.9,21.1,1.922,50.4,0,60.1,0,0,0,0,0,0,0,0,66
2025-09-29T03:55:01.784Z,60.9,21.1,1.922,49.6,0,60,0,0,0,0,0,0,0,0,66
2025-09-29T03:55:02.780Z,60.9,21.1,1.921,50.4,0,60,0,0,0,0,0,0,0,0,66
2025-09-29T03:55:03.784Z,60.9,21.1,1.922,50.4,0,60,0,0,0,0,0,0,0,0,66
2025-09-29T03:55:04.786Z,60.9,21.1,1.922,49.6,0,60,0,0,0,0,0,0,0,0,66
2025-09-29T03:55:05.784Z,60.9,21.1,1.921,50.4,0,60,0,0,0,0,0,0,0,0,66
2025-09-29T03:55:06.784Z,60.9,21.1,1.921,49.6,0,60,0,0,0,0,0,0,0,0,66
2025-09-29T03:55:07.783Z,60.9,21.1,1.921,50.4,0,60,0,0,0,0,0,0,0,0,66
2025-09-29T03:55:08.783Z,60.9,21.1,1.921,49.6,0,60,0,0,0,0,0,0,0,0,66
2025-09-29T03:55:09.789Z,60.8,21.1,1.922,50.4,0,60.1,0,0,0,0,0,0,0,0,66
2025-09-29T03:55:10.785Z,60.8,21.1,1.921,49.6,0,60,0,0,0,0,0,0,0,0,66
2025-09-29T03:55:11.792Z,60.8,21.1,1.922,50.4,0,60,0,0,0,0,0,0,0,0,66
2025-09-29T03:55:12.791Z,60.8,21.1,1.921,49.6,0,60.1,0,0,0,0,0,0,0,0,66
2025-09-29T03:55:13.790Z,60.8,21.1,1.921,49.6,0,60.1,0,0,0,0,0,0,0,0,66
2025-09-29T03:55:14.790Z,60.8,21.1,1.921,50.4,0,60.1,0,0,0,0,0,0,0,0,66
2025-09-29T03:55:15.794Z,60.8,21.1,1.921,49.6,0,60.1,0,0,0,0,0,0,0,0,66
2025-09-29T03:55:16.799Z,60.8,21.1,1.922,50.4,0,60.1,0,0,0,0,0,0,0,0,66
2025-09-29T03:55:17.795Z,60.8,21.1,1.921,49.6,0,60.1,0,0,0,0,0,0,0,0,66
2025-09-29T03:55:18.796Z,60.8,21.1,1.921,49.6,0,60.1,0,0,0,0,0,0,0,0,66
2025-09-29T03:55:19.796Z,60.8,21.1,1.921,50.4,0,60.1,0,0,0,0,0,0,0,0,66
2025-09-29T03:55:20.800Z,60.8,21.1,1.922,50.4,0,60.1,0,0,0,0,0,0,0,0,66
2025-09-29T03:55:21.801Z,60.8,21.1,1.921,49.6,0,60.1,0,0,0,0,0,0,0,0,66
2025-09-29T03:55:22.804Z,60.8,21.1,1.922,50.4,0,60.1,0,0,0,0,0,0,0,0,66
2025-09-29T03:55:23.798Z,60.8,21.1,1.921,49.6,0,60.1,0,0,0,0,0,0,0,0,66
2025-09-29T03:55:24.804Z,60.8,21.1,1.922,50.4,0,60.1,0,0,0,0,0,0,0,0,66
2025-09-29T03:55:25.804Z,60.8,21.1,1.921,49.6,0,60.1,0,0,0,0,0,0,0,0,66
2025-09-29T03:55:26.804Z,60.8,21.1,1.921,50.4,0,60.1,0,0,0,0,0,0,0,0,66
2025-09-29T03:55:27.807Z,60.8,21.1,1.922,49.6,0,60.1,0,0,0,0,0,0,0,0,66
2025-09-29T03:55:28.808Z,60.8,21.1,1.922,50.4,0,60.1,0,0,0,0,0,0,0,0,66
2025-09-29T03:55:29.806Z,60.8,21.1,1.922,49.6,0,60.1,0,0,0,0,0,0,0,0,66
2025-09-29T03:55:30.805Z,60.8,21.1,1.921,50.4,0,60.1,0,0,0,0,0,0,0,0,66
2025-09-29T03:55:31.807Z,60.8,21.1,1.922,49.6,0,60.1,0,0,0,0,0,0,0,0,66
2025-09-29T03:55:32.813Z,60.8,21.1,1.922,50.4,0,60.1,0,0,0,0,0,0,0,0,66
2025-09-29T03:55:33.808Z,60.8,21.1,1.922,50.4,0,60.1,0,0,0,0,0,0,0,0,66
2025-09-29T03:55:34.806Z,60.8,21.1,1.921,49.6,0,60.1,0,0,0,0,0,0,0,0,66
2025-09-29T03:55:35.809Z,60.8,21.1,1.921,50.4,0,60.1,0,0,0,0,0,0,0,0,66
2025-09-29T03:55:36.810Z,60.7,21.1,1.921,49.6,0,60.1,0,0,0,0,0,0,0,0,66
2025-09-29T03:55:37.813Z,60.7,21.1,1.922,50.4,0,60.1,0,0,0,0,0,0,0,0,66
2025-09-29T03:55:38.809Z,60.7,21.1,1.921,49.6,0,60.1,0,0,0,0,0,0,0,0,66
2025-09-29T03:55:39.817Z,60.7,21.1,1.922,49.6,0,60.1,0,0,0,0,0,0,0,0,66
2025-09-29T03:55:40.813Z,60.7,21.1,1.921,49.6,0,60.1,0,0,0,0,0,0,0,0,66
2025-09-29T03:55:41.815Z,60.7,21.1,1.921,50.4,0,60.1,0,0,0,0,0,0,0,0,66
2025-09-29T03:55:42.818Z,60.7,21.1,1.922,49.6,0,60.1,0,0,0,0,0,0,0,0,66
2025-09-29T03:55:43.822Z,60.7,21.1,1.922,50.4,0,60.1,0,0,0,0,0,0,0,0,66
2025-09-29T03:55:44.827Z,60.7,21.1,1.922,49.6,0,60.1,0,0,0,0,0,0,0,0,66
2025-09-29T03:55:45.821Z,60.7,21.1,1.922,50.4,0,60.1,0,0,0,0,0,0,0,0,66
2025-09-29T03:55:46.820Z,60.7,21.1,1.922,49.6,0,60.1,0,0,0,0,0,0,0,0,66
2025-09-29T03:55:47.823Z,60.7,21.1,1.922,49.6,0,60.1,0,0,0,0,0,0,0,0,66
2025-09-29T03:55:48.826Z,60.7,21.1,1.922,50.4,0,60.1,0,0,0,0,0,0,0,0,66
2025-09-29T03:55:49.823Z,60.7,21.1,1.922,49.6,0,60.1,0,0,0,0,0,0,0,0,66
2025-09-29T03:55:50.823Z,60.7,21.1,1.922,50.4,0,60.1,0,0,0,0,0,0,0,0,66
2025-09-29T03:55:51.828Z,60.7,21.1,1.922,49.6,0,60.1,0,0,0,0,0,0,0,0,66
2025-09-29T03:55:52.831Z,60.7,21.1,1.922,50.4,0,60.1,0,0,0,0,0,0,0,0,66
2025-09-29T03:55:53.828Z,60.7,21.1,1.922,49.6,0,60.1,0,0,0,0,0,0,0,0,66
2025-09-29T03:55:54.831Z,60.7,21.1,1.922,49.6,0,60.1,0,0,0,0,0,0,0,0,66
2025-09-29T03:55:55.828Z,60.7,21.1,1.922,50.4,0,60.1,0,0,0,0,0,0,0,0,66
2025-09-29T03:55:56.832Z,60.7,21.1,1.922,49.6,0,60.1,0,0,0,0,0,0,0,0,66
2025-09-29T03:55:57.833Z,60.7,21.1,1.922,50.4,0,60.1,0,0,0,0,0,0,0,0,66
2025-09-29T03:55:58.835Z,60.7,21.1,1.922,50.4,0,60.1,0,0,0,0,0,0,0,0,66
2025-09-29T03:55:59.829Z,60.7,21.1,1.922,49.6,0,60.1,0,0,0,0,0,0,0,0,66
2025-09-29T03:56:00.833Z,60.7,21.1,1.922,49.6,0,60.1,0,0,0,0,0,0,0,0,66
2025-09-29T03:56:01.833Z,60.7,21.1,1.922,49.6,0,60.1,0,0,0,0,0,0,0,0,66
2025-09-29T03:56:02.834Z,60.7,21.1,1.923,50.4,0,60.1,0,0,0,0,0,0,0,0,66
2025-09-29T03:56:03.838Z,60.6,21.1,1.922,50.4,0,60.1,0,0,0,0,0,0,0,0,66
2025-09-29T03:56:04.838Z,60.6,21.1,1.922,49.6,0,60.1,0,0,0,0,0,0,0,0,66
2025-09-29T03:56:05.837Z,60.6,21.1,1.923,50.4,0,60.1,0,0,0,0,0,0,0,0,66
2025-09-29T03:56:06.841Z,60.6,21.1,1.923,49.6,0,60.1,0,0,0,0,0,0,0,0,66
2025-09-29T03:56:07.839Z,60.6,21.1,1.923,50.4,0,60.1,0,0,0,0,0,0,0,0,66
2025-09-29T03:56:08.843Z,60.6,21.1,1.923,49.6,0,60.1,0,0,0,0,0,0,0,0,66
2025-09-29T03:56:09.839Z,60.6,21.1,1.923,50.4,0,60.1,0,0,0,0,0,0,0,0,66
2025-09-29T03:56:10.844Z,60.6,21.1,1.923,49.6,0,60.1,0,0,0,0,0,0,0,0,66
2025-09-29T03:56:11.843Z,60.6,21.1,1.923,49.6,0,60.1,0,0,0,0,0,0,0,0,66
2025-09-29T03:56:12.847Z,60.6,21.1,1.923,50.4,0,60.1,0,0,0,0,0,0,0,0,66
2025-09-29T03:56:13.843Z,60.6,21.1,1.923,49.6,0,60.1,0,0,0,0,0,0,0,0,66
2025-09-29T03:56:14.847Z,60.6,21.1,1.923,50.4,0,60.1,0,0,0,0,0,0,0,0,66
2025-09-29T03:56:15.849Z,60.6,21.1,1.923,49.6,0,60.2,0,0,0,0,0,0,0,0,66
2025-09-29T03:56:16.859Z,60.6,21.1,1.922,49.6,0,60.2,0,0,0,0,0,0,0,0,66
2025-09-29T03:56:17.853Z,60.6,21.1,1.923,50.4,0,60.1,0,0,0,0,0,0,0,0,66
2025-09-29T03:56:18.852Z,60.6,21.1,1.923,49.6,0,60.2,0,0,0,0,0,0,0,0,66
2025-09-29T03:56:19.856Z,60.6,21.1,1.923,50.4,0,60.2,0,0,0,0,0,0,0,0,66
2025-09-29T03:56:20.855Z,60.6,21.1,1.923,50.4,0,60.1,0,0,0,0,0,0,0,0,66
2025-09-29T03:56:21.854Z,60.6,21.1,1.923,49.6,0,60.2,0,0,0,0,0,0,0,0,66
2025-09-29T03:56:22.853Z,60.6,21.1,1.923,50.4,0,60.2,0,0,0,0,0,0,0,0,66
2025-09-29T03:56:23.858Z,60.6,21.1,1.923,49.6,0,60.2,0,0,0,0,0,0,0,0,66
2025-09-29T03:56:24.856Z,60.6,21.1,1.923,50.4,0,60.2,0,0,0,0,0,0,0,0,66
2025-09-29T03:56:25.856Z,60.6,21.1,1.923,49.6,0,60.2,0,0,0,0,0,0,0,0,66
2025-09-29T03:56:26.858Z,60.6,21.1,1.923,50.4,0,60.2,0,0,0,0,0,0,0,0,66
2025-09-29T03:56:27.860Z,60.6,21.1,1.923,49.6,0,60.2,0,0,0,0,0,0,0,0,66
2025-09-29T03:56:28.856Z,60.6,21.1,1.923,50.4,0,60.2,0,0,0,0,0,0,0,0,66
2025-09-29T03:56:29.856Z,60.6,21.1,1.923,49.6,0,60.2,0,0,0,0,0,0,0,0,66
2025-09-29T03:56:30.862Z,60.6,21.1,1.923,50.4,0,60.2,0,0,0,0,0,0,0,0,66
2025-09-29T03:56:31.862Z,60.6,21.1,1.923,49.6,0,60.2,0,0,0,0,0,0,0,0,66
2025-09-29T03:56:32.863Z,60.6,21.1,1.923,49.6,0,60.2,0,0,0,0,0,0,0,0,66
2025-09-29T03:56:33.863Z,60.5,21.1,1.923,49.6,0,60.2,0,0,0,0,0,0,0,0,66
2025-09-29T03:56:33.863Z,60.5,21.1,1.923,49.6,0,60.2,0,0,0,0,0,0,0,0,66
2025-09-29T03:56:35.867Z,60.5,21.1,1.923,49.6,0,60.2,0,0,0,0,0,0,0,0,66
2025-09-29T03:56:36.866Z,60.5,21.1,1.923,50.4,0,60.2,0,0,0,0,0,0,0,0,66
2025-09-29T03:56:37.864Z,60.5,21.1,1.923,49.6,0,60.2,0,0,0,0,0,0,0,0,66
2025-09-29T03:56:38.869Z,60.5,21.1,1.923,49.6,0,60.2,0,0,0,0,0,0,0,0,66
2025-09-29T03:56:39.870Z,60.5,21.1,1.923,50.4,0,60.2,0,0,0,0,0,0,0,0,66
2025-09-29T03:56:40.872Z,60.5,21.1,1.923,49.6,0,60.2,0,0,0,0,0,0,0,0,66
2025-09-29T03:56:41.873Z,60.5,21.1,1.923,49.6,0,60.2,0,0,0,0,0,0,0,0,66
2025-09-29T03:56:42.870Z,60.5,21.1,1.923,50.4,0,60.2,0,0,0,0,0,0,0,0,66
2025-09-29T03:56:43.871Z,60.5,21.1,1.923,49.6,0,60.2,0,0,0,0,0,0,0,0,66
2025-09-29T03:56:44.874Z,60.5,21.1,1.923,50.4,0,60.2,0,0,0,0,0,0,0,0,66
2025-09-29T03:56:45.872Z,60.5,21.1,1.923,49.6,0,60.2,0,0,0,0,0,0,0,0,66
2025-09-29T03:56:46.874Z,60.5,21.1,1.923,49.6,0,60.2,0,0,0,0,0,0,0,0,66
2025-09-29T03:56:47.875Z,60.5,21.1,1.923,50.4,0,60.2,0,0,0,0,0,0,0,0,66
2025-09-29T03:56:48.874Z,60.5,21.1,1.923,50.4,0,60.2,0,0,0,0,0,0,0,0,66
2025-09-29T03:56:49.877Z,60.5,21.1,1.923,49.6,0,60.2,0,0,0,0,0,0,0,0,66
2025-09-29T03:56:50.881Z,60.5,21.1,1.923,50.4,0,60.2,0,0,0,0,0,0,0,0,66
2025-09-29T03:56:51.885Z,60.5,21.1,1.923,49.6,0,60.2,0,0,0,0,0,0,0,0,66
2025-09-29T03:56:52.886Z,60.5,21.1,1.923,50.4,0,60.2,0,0,0,0,0,0,0,0,66
2025-09-29T03:56:53.878Z,60.5,21.1,1.923,49.6,0,60.2,0,0,0,0,0,0,0,0,66
2025-09-29T03:56:54.884Z,60.5,21.1,1.923,50.4,0,60.2,0,0,0,0,0,0,0,0,66
2025-09-29T03:56:55.886Z,60.5,21.1,1.923,49.6,0,60.2,0,0,0,0,0,0,0,0,66
2025-09-29T03:56:56.885Z,60.5,21.1,1.923,49.6,0,60.2,0,0,0,0,0,0,0,0,66
2025-09-29T03:56:57.885Z,60.5,21.1,1.923,50.4,0,60.2,0,0,0,0,0,0,0,0,66
2025-09-29T03:56:58.886Z,60.5,21.1,1.923,49.6,0,60.2,0,0,0,0,0,0,0,0,66
2025-09-29T03:56:59.890Z,60.5,21.1,1.923,50.4,0,60.2,0,0,0,0,0,0,0,0,66
2025-09-29T03:57:00.885Z,60.5,21.1,1.923,49.6,0,60.2,0,0,0,0,0,0,0,0,66
2025-09-29T03:57:01.891Z,60.5,21.1,1.923,49.6,0,60.2,0,0,0,0,0,0,0,0,66
2025-09-29T03:57:02.888Z,60.5,21.1,1.923,50.4,0,60.2,0,0,0,0,0,0,0,0,66
2025-09-29T03:57:03.896Z,60.4,21.1,1.923,50.4,0,60.2,0,0,0,0,0,0,0,0,66
2025-09-29T03:57:04.892Z,60.4,21.1,1.923,49.6,0,60.2,0,0,0,0,0,0,0,0,66
2025-09-29T03:57:05.895Z,60.4,21.1,1.923,50.4,0,60.2,0,0,0,0,0,0,0,0,66
2025-09-29T03:57:06.894Z,60.4,21.1,1.923,49.6,0,60.2,0,0,0,0,0,0,0,0,66
2025-09-29T03:57:07.893Z,60.4,21.1,1.923,50.4,0,60.2,0,0,0,0,0,0,0,0,66
2025-09-29T03:57:08.896Z,60.4,21.1,1.923,49.6,0,60.2,0,0,0,0,0,0,0,0,66
2025-09-29T03:57:09.900Z,60.4,21.1,1.923,49.6,0,60.2,0,0,0,0,0,0,0,0,66
2025-09-29T03:57:10.898Z,60.4,21.1,1.923,50.4,0,60.2,0,0,0,0,0,0,0,0,66
2025-09-29T03:57:11.897Z,60.4,21.1,1.923,49.6,0,60.2,0,0,0,0,0,0,0,0,66
2025-09-29T03:57:12.901Z,60.4,21.1,1.923,50.4,0,60.2,0,0,0,0,0,0,0,0,66
2025-09-29T03:57:13.906Z,60.4,21.1,1.923,50.4,0,60.2,0,0,0,0,0,0,0,0,66
2025-09-29T03:57:14.903Z,60.4,21.1,1.923,49.6,0,60.2,0,0,0,0,0,0,0,0,66
2025-09-29T03:57:15.905Z,60.4,21.1,1.923,50.4,0,60.2,0,0,0,0,0,0,0,0,66
2025-09-29T03:57:16.908Z,60.4,21.1,1.923,49.6,0,60.2,0,0,0,0,0,0,0,0,66
2025-09-29T03:57:17.906Z,60.4,21.1,1.923,50.4,0,60.2,0,0,0,0,0,0,0,0,66
2025-09-29T03:57:18.907Z,60.4,21.1,1.923,49.6,0,60.2,0,0,0,0,0,0,0,0,66
2025-09-29T03:57:19.909Z,60.4,21.1,1.923,50.4,0,60.2,0,0,0,0,0,0,0,0,66
2025-09-29T03:57:20.913Z,60.4,21.1,1.923,49.6,0,60.2,0,0,0,0,0,0,0,0,66
2025-09-29T03:57:21.911Z,60.4,21.1,1.923,49.6,0,60.2,0,0,0,0,0,0,0,0,66
2025-09-29T03:57:22.905Z,60.4,21.1,1.923,50.4,0,60.2,0,0,0,0,0,0,0,0,66
2025-09-29T03:57:23.908Z,60.4,21.1,1.923,49.6,0,60.2,0,0,0,0,0,0,0,0,66
2025-09-29T03:57:24.912Z,60.4,21.1,1.923,50.4,0,60.2,0,0,0,0,0,0,0,0,66
2025-09-29T03:57:25.910Z,60.4,21.1,1.923,49.6,0,60.2,0,0,0,0,0,0,0,0,66
2025-09-29T03:57:26.912Z,60.4,21.1,1.923,50.4,0,60.2,0,0,0,0,0,0,0,0,66
2025-09-29T03:57:27.916Z,60.4,21.1,1.923,49.6,0,60.2,0,0,0,0,0,0,0,0,66
2025-09-29T03:57:28.910Z,60.4,21.1,1.923,49.6,0,60.2,0,0,0,0,0,0,0,0,66
2025-09-29T03:57:29.918Z,60.4,21.1,1.923,50.4,0,60.2,0,0,0,0,0,0,0,0,66
2025-09-29T03:57:30.915Z,60.4,21.1,1.923,49.6,0,60.2,0,0,0,0,0,0,0,0,66
2025-09-29T03:57:31.916Z,60.4,21.1,1.923,49.6,0,60.2,0,0,0,0,0,0,0,0,66
2025-09-29T03:57:32.919Z,60.4,21.1,1.923,50.4,0,60.2,0,0,0,0,0,0,0,0,66
2025-09-29T03:57:33.918Z,60.4,21.1,1.923,50.4,0,60.2,0,0,0,0,0,0,0,0,66
2025-09-29T03:57:34.919Z,60.4,21.1,1.923,49.6,0,60.2,0,0,0,0,0,0,0,0,66
2025-09-29T03:57:35.920Z,60.4,21.1,1.923,50.4,0,60.2,0,0,0,0,0,0,0,0,66
2025-09-29T03:57:36.923Z,60.3,21.1,1.923,49.6,0,60.2,0,0,0,0,0,0,0,0,66
2025-09-29T03:57:37.923Z,60.4,21.1,1.923,50.4,0,60.2,0,0,0,0,0,0,0,0,66
2025-09-29T03:57:38.924Z,60.3,21.1,1.923,49.6,0,60.2,0,0,0,0,0,0,0,0,66
2025-09-29T03:57:39.925Z,60.4,21.1,1.923,50.4,0,60.2,0,0,0,0,0,0,0,0,66
2025-09-29T03:57:40.930Z,60.3,21.1,1.923,49.6,0,60.2,0,0,0,0,0,0,0,0,66
2025-09-29T03:57:41.924Z,60.3,21.1,1.923,50.4,0,60.2,0,0,0,0,0,0,0,0,66
2025-09-29T03:57:42.924Z,60.3,21.1,1.923,49.6,0,60.2,0,0,0,0,0,0,0,0,66
2025-09-29T03:57:43.932Z,60.3,21.1,1.923,50.4,0,60.3,0,0,0,0,0,0,0,0,66
2025-09-29T03:57:44.929Z,60.3,21.1,1.923,50.4,0,60.3,0,0,0,0,0,0,0,0,66
2025-09-29T03:57:45.932Z,60.3,21.1,1.923,49.6,0,60.3,0,0,0,0,0,0,0,0,66
2025-09-29T03:57:46.929Z,60.3,21.1,1.923,49.6,0,60.3,0,0,0,0,0,0,0,0,66
2025-09-29T03:57:47.933Z,60.3,21.1,1.923,49.6,0,60.3,0,0,0,0,0,0,0,0,66
2025-09-29T03:57:48.934Z,60.3,21.1,1.923,49.6,0,60.3,0,0,0,0,0,0,0,0,66
2025-09-29T03:57:49.933Z,60.3,21.1,1.923,50.4,0,60.3,0,0,0,0,0,0,0,0,66
2025-09-29T03:57:50.941Z,60.3,21.1,1.924,49.6,0,60.3,0,0,0,0,0,0,0,0,66
2025-09-29T03:57:51.939Z,60.3,21.1,1.923,49.6,0,60.3,0,0,0,0,0,0,0,0,66
2025-09-29T03:57:52.941Z,60.3,21.1,1.923,50.4,0,60.3,0,0,0,0,0,0,0,0,66
2025-09-29T03:57:53.942Z,60.3,21.1,1.923,50.4,0,60.3,0,0,0,0,0,0,0,0,66
2025-09-29T03:57:54.938Z,60.3,21.1,1.923,49.6,0,60.3,0,0,0,0,0,0,0,0,66
2025-09-29T03:57:55.938Z,60.3,21.1,1.923,50.4,0,60.3,0,0,0,0,0,0,0,0,66
2025-09-29T03:57:56.942Z,60.3,21.1,1.923,49.6,0,60.3,0,0,0,0,0,0,0,0,66
2025-09-29T03:57:57.942Z,60.3,21.1,1.923,50.4,0,60.3,0,0,0,0,0,0,0,0,66
2025-09-29T03:57:58.940Z,60.3,21.1,1.923,49.6,0,60.3,0,0,0,0,0,0,0,0,66
2025-09-29T03:57:59.949Z,60.3,21.1,1.924,50.4,0,60.3,0,0,0,0,0,0,0,0,66
2025-09-29T03:58:00.943Z,60.3,21.1,1.923,49.6,0,60.3,0,0,0,0,0,0,0,0,66
2025-09-29T03:58:01.942Z,60.3,21.1,1.923,49.6,0,60.3,0,0,0,0,0,0,0,0,66
2025-09-29T03:58:02.944Z,60.3,21.1,1.923,50.4,0,60.3,0,0,0,0,0,0,0,0,66
2025-09-29T03:58:03.945Z,60.3,21.1,1.923,49.6,0,60.3,0,0,0,0,0,0,0,0,66
2025-09-29T03:58:04.945Z,60.3,21.1,1.923,50.4,0,60.3,0,0,0,0,0,0,0,0,66
2025-09-29T03:58:05.951Z,60.3,21.1,1.924,49.6,0,60.3,0,0,0,0,0,0,0,0,66
2025-09-29T03:58:06.944Z,60.3,21.1,1.923,49.6,0,60.3,0,0,0,0,0,0,0,0,66
2025-09-29T03:58:07.957Z,60.3,21.1,1.924,50.4,0,60.3,0,0,0,0,0,0,0,0,66
2025-09-29T03:58:08.950Z,60.3,21.1,1.923,50.4,0,60.3,0,0,0,0,0,0,0,0,66
2025-09-29T03:58:09.952Z,60.3,21.1,1.924,49.6,0,60.3,0,0,0,0,0,0,0,0,66
2025-09-29T03:58:10.954Z,60.3,21.1,1.924,50.4,0,60.3,0,0,0,0,0,0,0,0,66
2025-09-29T03:58:11.958Z,60.3,21.1,1.924,49.6,0,60.3,0,0,0,0,0,0,0,0,66
2025-09-29T03:58:12.956Z,60.3,21.1,1.924,50.4,0,60.3,0,0,0,0,0,0,0,0,66
2025-09-29T03:58:13.956Z,60.3,21.1,1.924,49.6,0,60.3,0,0,0,0,0,0,0,0,66
2025-09-29T03:58:14.962Z,60.2,21.1,1.924,50.4,0,60.3,0,0,0,0,0,0,0,0,66
2025-09-29T03:58:15.959Z,60.2,21.1,1.924,50.4,0,60.3,0,0,0,0,0,0,0,0,66
2025-09-29T03:58:16.955Z,60.2,21.1,1.923,49.6,0,60.3,0,0,0,0,0,0,0,0,66
2025-09-29T03:58:17.961Z,60.2,21.1,1.924,50.4,0,60.3,0,0,0,0,0,0,0,0,66
2025-09-29T03:58:18.968Z,60.2,21.1,1.924,49.6,0,60.3,0,0,0,0,0,0,0,0,66
2025-09-29T03:58:19.959Z,60.2,21.1,1.923,50.4,0,60.3,0,0,0,0,0,0,0,0,66
2025-09-29T03:58:20.962Z,60.2,21.1,1.924,49.6,0,60.3,0,0,0,0,0,0,0,0,66
2025-09-29T03:58:21.964Z,60.2,21.1,1.924,49.6,0,60.3,0,0,0,0,0,0,0,0,66
2025-09-29T03:58:22.967Z,60.2,21.1,1.924,49.6,0,60.3,0,0,0,0,0,0,0,0,66
2025-09-29T03:58:23.966Z,60.2,21.1,1.924,50.4,0,60.3,0,0,0,0,0,0,0,0,66
2025-09-29T03:58:24.969Z,60.2,21.1,1.924,49.6,0,60.3,0,0,0,0,0,0,0,0,66
2025-09-29T03:58:25.968Z,60.2,21.1,1.924,49.6,0,60.3,0,0,0,0,0,0,0,0,66
2025-09-29T03:58:26.967Z,60.2,21.1,1.924,50.4,0,60.3,0,0,0,0,0,0,0,0,66
2025-09-29T03:58:27.971Z,60.2,21.1,1.924,50.4,0,60.3,0,0,0,0,0,0,0,0,66
2025-09-29T03:58:28.969Z,60.2,21.1,1.924,49.6,0,60.3,0,0,0,0,0,0,0,0,66
2025-09-29T03:58:29.969Z,60.2,21.1,1.924,50.4,0,60.3,0,0,0,0,0,0,0,0,66
2025-09-29T03:58:29.969Z,60.2,21.1,1.924,50.4,0,60.3,0,0,0,0,0,0,0,0,66
2025-09-29T03:58:31.973Z,60.2,21.1,1.924,50.4,0,60.3,0,0,0,0,0,0,0,0,66
2025-09-29T03:58:32.972Z,60.2,21.1,1.924,49.6,0,60.3,0,0,0,0,0,0,0,0,66
2025-09-29T03:58:33.971Z,60.2,21.1,1.924,49.6,0,60.3,0,0,0,0,0,0,0,0,66
2025-09-29T03:58:34.971Z,60.2,21.1,1.924,50.4,0,60.3,0,0,0,0,0,0,0,0,66
2025-09-29T03:58:35.978Z,60.2,21.1,1.924,49.6,0,60.3,0,0,0,0,0,0,0,0,66
2025-09-29T03:58:36.984Z,60.2,21.1,1.924,50.4,0,60.3,0,0,0,0,0,0,0,0,66
2025-09-29T03:58:37.973Z,60.2,21.1,1.924,50.4,0,60.3,0,0,0,0,0,0,0,0,66
2025-09-29T03:58:38.978Z,60.2,21.1,1.924,49.6,0,60.3,0,0,0,0,0,0,0,0,66
2025-09-29T03:58:39.985Z,60.2,21.1,1.924,50.4,0,60.3,0,0,0,0,0,0,0,0,66
2025-09-29T03:58:40.987Z,60.2,21.1,1.923,49.6,0,60.3,0,0,0,0,0,0,0,0,66
2025-09-29T03:58:41.981Z,60.2,21.1,1.924,50.4,0,60.3,0,0,0,0,0,0,0,0,66
2025-09-29T03:58:42.984Z,60.2,21.1,1.924,49.6,0,60.3,0,0,0,0,0,0,0,0,66
2025-09-29T03:58:43.983Z,60.2,21.1,1.924,50.4,0,60.3,0,0,0,0,0,0,0,0,66
2025-09-29T03:58:44.988Z,60.2,21.1,1.924,49.6,0,60.3,0,0,0,0,0,0,0,0,66
2025-09-29T03:58:45.985Z,60.2,21.1,1.924,50.4,0,60.3,0,0,0,0,0,0,0,0,66
2025-09-29T03:58:46.985Z,60.2,21.1,1.925,49.6,0,60.3,0,0,0,0,0,0,0,0,66
2025-09-29T03:58:47.988Z,60.2,21.1,1.925,50.4,0,60.3,0,0,0,0,0,0,0,0,66
2025-09-29T03:58:48.992Z,60.2,21.1,1.924,49.6,0,60.3,0,0,0,0,0,0,0,0,66
2025-09-29T03:58:49.988Z,60.2,21.1,1.924,50.4,0,60.3,0,0,0,0,0,0,0,0,66
2025-09-29T03:58:50.992Z,60.1,21.1,1.924,49.6,0,60.3,0,0,0,0,0,0,0,0,66
2025-09-29T03:58:51.992Z,60.2,21.1,1.925,49.6,0,60.3,0,0,0,0,0,0,0,0,66
2025-09-29T03:58:52.994Z,60.1,21.1,1.925,50.4,0,60.3,0,0,0,0,0,0,0,0,66
2025-09-29T03:58:53.994Z,60.1,21.1,1.925,49.6,0,60.3,0,0,0,0,0,0,0,0,66
2025-09-29T03:58:54.996Z,60.1,21.1,1.925,50.4,0,60.3,0,0,0,0,0,0,0,0,66
2025-09-29T03:58:55.993Z,60.1,21.1,1.925,49.6,0,60.3,0,0,0,0,0,0,0,0,66
2025-09-29T03:58:56.999Z,60.1,21.1,1.924,50.4,0,60.3,0,0,0,0,0,0,0,0,66
2025-09-29T03:58:57.997Z,60.1,21.1,1.924,49.6,0,60.3,0,0,0,0,0,0,0,0,66
2025-09-29T03:58:58.997Z,60.1,21.1,1.925,49.6,0,60.3,0,0,0,0,0,0,0,0,66
2025-09-29T03:58:59.997Z,60.1,21.1,1.924,50.4,0,60.3,0,0,0,0,0,0,0,0,66
2025-09-29T03:59:00.998Z,60.1,21.1,1.925,49.6,0,60.3,0,0,0,0,0,0,0,0,66
2025-09-29T03:59:01.998Z,60.1,21.1,1.925,50.4,0,60.3,0,0,0,0,0,0,0,0,66
2025-09-29T03:59:03.001Z,60.1,21.1,1.924,49.6,0,60.3,0,0,0,0,0,0,0,0,66
2025-09-29T03:59:04.001Z,60.1,21.1,1.925,50.4,0,60.3,0,0,0,0,0,0,0,0,66
2025-09-29T03:59:05.005Z,60.1,21.1,1.924,50.4,0,60.3,0,0,0,0,0,0,0,0,66
2025-09-29T03:59:06.003Z,60.1,21.1,1.925,49.6,0,60.3,0,0,0,0,0,0,0,0,66
2025-09-29T03:59:07.004Z,60.1,21.1,1.924,49.6,0,60.3,0,0,0,0,0,0,0,0,66
2025-09-29T03:59:08.008Z,60.1,21.1,1.924,49.6,0,60.3,0,0,0,0,0,0,0,0,66
2025-09-29T03:59:09.008Z,60.1,21.1,1.924,50.4,0,60.3,0,0,0,0,0,0,0,0,66
2025-09-29T03:59:10.013Z,60.1,21.1,1.924,49.6,0,60.3,0,0,0,0,0,0,0,0,66
2025-09-29T03:59:11.007Z,60.1,21.1,1.925,49.6,0,60.3,0,0,0,0,0,0,0,0,66
2025-09-29T03:59:12.008Z,60.1,21.1,1.925,50.4,0,60.3,0,0,0,0,0,0,0,0,66
2025-09-29T03:59:13.011Z,60.1,21.1,1.923,49.6,0,60.3,0,0,0,0,0,0,0,0,66
2025-09-29T03:59:14.011Z,60.1,21.1,1.924,50.4,0,60.3,0,0,0,0,0,0,0,0,66
2025-09-29T03:59:15.013Z,60.1,21.1,1.924,49.6,0,60.3,0,0,0,0,0,0,0,0,66
2025-09-29T03:59:16.016Z,60.1,21.1,1.924,50.4,0,60.3,0,0,0,0,0,0,0,0,66
2025-09-29T03:59:17.014Z,60.1,21.1,1.924,49.6,0,60.3,0,0,0,0,0,0,0,0,66
2025-09-29T03:59:18.013Z,60.1,21.1,1.924,49.6,0,60.3,0,0,0,0,0,0,0,0,66
2025-09-29T03:59:19.022Z,60.1,21.1,1.924,50.4,0,60.3,0,0,0,0,0,0,0,0,66
2025-09-29T03:59:20.020Z,60.1,21.1,1.924,49.6,0,60.3,0,0,0,0,0,0,0,0,66
2025-09-29T03:59:21.023Z,60.1,21.1,1.924,49.6,0,60.3,0,0,0,0,0,0,0,0,66
2025-09-29T03:59:22.018Z,60.1,21.1,1.924,50.4,0,60.3,0,0,0,0,0,0,0,0,66
2025-09-29T03:59:23.019Z,60,21.1,1.924,50.4,0,60.3,0,0,0,0,0,0,0,0,66
2025-09-29T03:59:24.019Z,60,21.1,1.924,49.6,0,60.3,0,0,0,0,0,0,0,0,66
2025-09-29T03:59:25.023Z,60,21.1,1.924,50.4,0,60.3,0,0,0,0,0,0,0,0,66
2025-09-29T03:59:26.023Z,60,21.1,1.924,49.6,0,60.3,0,0,0,0,0,0,0,0,66
2025-09-29T03:59:27.028Z,60,21.1,1.924,50.4,0,60.3,0,0,0,0,0,0,0,0,66
2025-09-29T03:59:28.029Z,60,21.1,1.924,49.6,0,60.3,0,0,0,0,0,0,0,0,66
2025-09-29T03:59:29.023Z,60,21.1,1.924,50.4,0,60.3,0,0,0,0,0,0,0,0,66
2025-09-29T03:59:29.023Z,60,21.1,1.924,50.4,0,60.3,0,0,0,0,0,0,0,0,66
2025-09-29T03:59:31.024Z,60,21.1,1.924,50.4,0,60.3,0,0,0,0,0,0,0,0,66
2025-09-29T03:59:32.028Z,60,21.1,1.924,49.6,0,60.3,0,0,0,0,0,0,0,0,66
2025-09-29T03:59:33.028Z,60,21.1,1.924,50.4,0,60.3,0,0,0,0,0,0,0,0,66
2025-09-29T03:59:34.026Z,60,21.1,1.924,49.6,0,60.3,0,0,0,0,0,0,0,0,66
2025-09-29T03:59:35.031Z,60,21.1,1.924,50.4,0,60.3,0,0,0,0,0,0,0,0,66
2025-09-29T03:59:36.033Z,60,21.1,1.924,50.4,0,60.3,0,0,0,0,0,0,0,0,66
2025-09-29T03:59:37.032Z,60,21.1,1.924,49.6,0,60.3,0,0,0,0,0,0,0,0,66
2025-09-29T03:59:38.034Z,60,21.1,1.924,50.4,0,60.3,0,0,0,0,0,0,0,0,66
2025-09-29T03:59:39.040Z,60,21.1,1.926,49.6,0,60.3,0,0,0,0,0,0,0,0,66
2025-09-29T03:59:40.036Z,60,21.1,1.925,50.4,0,60.3,0,0,0,0,0,0,0,0,66
2025-09-29T03:59:41.042Z,60,21.1,1.926,49.6,0,60.3,0,0,0,0,0,0,0,0,66
2025-09-29T03:59:42.039Z,60,21.1,1.925,50.4,0,60.3,0,0,0,0,0,0,0,0,66
2025-09-29T03:59:43.037Z,60,21.1,1.925,49.6,0,60.3,0,0,0,0,0,0,0,0,66
2025-09-29T03:59:44.040Z,60,21.1,1.925,50.4,0,60.3,0,0,0,0,0,0,0,0,66
2025-09-29T03:59:45.043Z,60,21.1,1.926,49.6,0,60.3,0,0,0,0,0,0,0,0,66
2025-09-29T03:59:46.046Z,60,21.1,1.926,50.4,0,60.3,0,0,0,0,0,0,0,0,66
2025-09-29T03:59:47.039Z,60,21.1,1.925,49.6,0,60.3,0,0,0,0,0,0,0,0,66
2025-09-29T03:59:48.044Z,60,21.1,1.925,50.4,0,60.3,0,0,0,0,0,0,0,0,66
2025-09-29T03:59:49.045Z,60,21.1,1.925,49.6,0,60.3,0,0,0,0,0,0,0,0,66
2025-09-29T03:59:50.046Z,60,21.1,1.926,50.4,0,60.3,0,0,0,0,0,0,0,0,66
2025-09-29T03:59:51.048Z,60,21.1,1.926,49.6,0,60.3,0,0,0,0,0,0,0,0,66
2025-09-29T03:59:52.049Z,59.9,21.1,1.926,50.4,0,60.3,0,0,0,0,0,0,0,0,66
2025-09-29T03:59:53.052Z,59.9,21.1,1.926,49.6,0,60.3,0,0,0,0,0,0,0,0,66
2025-09-29T03:59:54.049Z,59.9,21.1,1.926,50.4,0,60.3,0,0,0,0,0,0,0,0,66
2025-09-29T03:59:55.051Z,59.9,21.1,1.926,49.6,0,60.3,0,0,0,0,0,0,0,0,66
2025-09-29T03:59:56.052Z,59.9,21.1,1.926,50.4,0,60.3,0,0,0,0,0,0,0,0,66
2025-09-29T03:59:57.053Z,59.9,21.1,1.926,49.6,0,60.3,0,0,0,0,0,0,0,0,66
2025-09-29T03:59:58.052Z,59.9,21.1,1.926,50.4,0,60.3,0,0,0,0,0,0,0,0,66
2025-09-29T03:59:59.055Z,59.9,21.1,1.926,49.6,0,60.3,0,0,0,0,0,0,0,0,66
2025-09-29T04:00:00.054Z,59.9,21.1,1.926,49.6,0,60.3,0,0,0,0,0,0,0,0,66
2025-09-29T04:00:01.059Z,59.9,21.1,1.926,49.6,0,60.3,0,0,0,0,0,0,0,0,66
2025-09-29T04:00:02.055Z,59.9,21.1,1.926,50.4,0,60.3,0,0,0,0,0,0,0,0,66
2025-09-29T04:00:03.057Z,59.9,21.1,1.926,49.6,0,60.3,0,0,0,0,0,0,0,0,66
2025-09-29T04:00:04.062Z,59.9,21.1,1.926,50.4,0,60.3,0,0,0,0,0,0,0,0,66
2025-09-29T04:00:05.055Z,59.9,21.1,1.926,49.6,0,60.3,0,0,0,0,0,0,0,0,66
2025-09-29T04:00:06.057Z,59.9,21.1,1.926,50.4,0,60.3,0,0,0,0,0,0,0,0,66
2025-09-29T04:00:07.058Z,59.9,21.1,1.926,49.6,0,60.3,0,0,0,0,0,0,0,0,66
2025-09-29T04:00:08.059Z,59.9,21.1,1.926,50.4,0,60.3,0,0,0,0,0,0,0,0,66
2025-09-29T04:00:09.062Z,59.9,21.1,1.926,49.6,0,60.3,0,0,0,0,0,0,0,0,66
2025-09-29T04:00:10.063Z,59.9,21.1,1.926,50.4,0,60.3,0,0,0,0,0,0,0,0,66
2025-09-29T04:00:11.063Z,59.9,21.1,1.926,49.6,0,60.3,0,0,0,0,0,0,0,0,66
2025-09-29T04:00:12.067Z,59.9,21.1,1.926,50.4,0,60.3,0,0,0,0,0,0,0,0,66
2025-09-29T04:00:13.066Z,59.9,21.1,1.926,49.6,0,60.3,0,0,0,0,0,0,0,0,66
2025-09-29T04:00:14.067Z,59.9,21.1,1.926,50.4,0,60.3,0,0,0,0,0,0,0,0,66
2025-09-29T04:00:15.066Z,59.9,21.1,1.926,49.6,0,60.3,0,0,0,0,0,0,0,0,66
2025-09-29T04:00:16.070Z,59.9,21.1,1.926,50.4,0,60.3,0,0,0,0,0,0,0,0,66
2025-09-29T04:00:17.069Z,59.8,21.1,1.926,49.6,0,60.3,0,0,0,0,0,0,0,0,66
2025-09-29T04:00:18.071Z,59.8,21.1,1.926,50.4,0,60.3,0,0,0,0,0,0,0,0,66
2025-09-29T04:00:19.071Z,59.8,21.1,1.926,49.6,0,60.3,0,0,0,0,0,0,0,0,66
2025-09-29T04:00:20.072Z,59.8,21.1,1.926,50.4,0,60.3,0,0,0,0,0,0,0,0,66
2025-09-29T04:00:21.075Z,59.8,21.1,1.926,49.6,0,60.3,0,0,0,0,0,0,0,0,66
2025-09-29T04:00:22.076Z,59.8,21.1,1.926,50.4,0,60.3,0,0,0,0,0,0,0,0,66
2025-09-29T04:00:23.078Z,59.8,21.1,1.926,49.6,0,60.3,0,0,0,0,0,0,0,0,66
2025-09-29T04:00:24.080Z,59.8,21.1,1.925,50.4,0,60.3,0,0,0,0,0,0,0,0,66
2025-09-29T04:00:25.078Z,59.8,21.1,1.926,49.6,0,60.2,0,0,0,0,0,0,0,0,66
2025-09-29T04:00:26.077Z,59.8,21.1,1.926,50.4,0,60.3,0,0,0,0,0,0,0,0,66
2025-09-29T04:00:27.078Z,59.8,21.1,1.926,49.6,0,60.3,0,0,0,0,0,0,0,0,66
2025-09-29T04:00:28.085Z,59.8,21.1,1.926,50.4,0,60.3,0,0,0,0,0,0,0,0,66
2025-09-29T04:00:29.077Z,59.8,21.1,1.926,49.6,0,60.3,0,0,0,0,0,0,0,0,66
2025-09-29T04:00:30.081Z,59.8,21.1,1.925,50.4,0,60.3,0,0,0,0,0,0,0,0,66
2025-09-29T04:00:31.086Z,59.8,21.1,1.926,49.6,0,60.2,0,0,0,0,0,0,0,0,66
2025-09-29T04:00:32.083Z,59.8,21.1,1.925,50.4,0,60.2,0,0,0,0,0,0,0,0,66
2025-09-29T04:00:33.087Z,59.8,21.1,1.926,49.6,0,60.3,0,0,0,0,0,0,0,0,66
2025-09-29T04:00:34.083Z,59.8,21.1,1.926,50.4,0,60.3,0,0,0,0,0,0,0,0,66
2025-09-29T04:00:35.082Z,59.8,21.1,1.926,49.6,0,60.3,0,0,0,0,0,0,0,0,66
2025-09-29T04:00:36.084Z,59.8,21.1,1.926,50.4,0,60.3,0,0,0,0,0,0,0,0,66
2025-09-29T04:00:37.087Z,59.8,21.1,1.926,49.6,0,60.3,0,0,0,0,0,0,0,0,66
2025-09-29T04:00:38.088Z,59.8,21.1,1.926,50.4,0,60.3,0,0,0,0,0,0,0,0,66
2025-09-29T04:00:39.090Z,59.8,21.1,1.926,49.6,0,60.3,0,0,0,0,0,0,0,0,66
2025-09-29T04:00:40.089Z,59.8,21.1,1.926,50.4,0,60.2,0,0,0,0,0,0,0,0,66
2025-09-29T04:00:41.092Z,59.8,21.1,1.926,49.6,0,60.3,0,0,0,0,0,0,0,0,66
2025-09-29T04:00:42.095Z,59.8,21.1,1.926,50.4,0,60.3,0,0,0,0,0,0,0,0,66
2025-09-29T04:00:43.093Z,59.7,21.1,1.926,49.6,0,60.3,0,0,0,0,0,0,0,0,66
2025-09-29T04:00:44.094Z,59.7,21.1,1.926,50.4,0,60.3,0,0,0,0,0,0,0,0,66
2025-09-29T04:00:45.096Z,59.7,21.1,1.926,49.6,0,60.3,0,0,0,0,0,0,0,0,66
2025-09-29T04:00:46.092Z,59.7,21.1,1.926,49.6,0,60.2,0,0,0,0,0,0,0,0,66
2025-09-29T04:00:47.095Z,59.7,21.1,1.926,49.6,0,60.3,0,0,0,0,0,0,0,0,66
2025-09-29T04:00:48.099Z,59.7,21.1,1.926,50.4,0,60.3,0,0,0,0,0,0,0,0,66
2025-09-29T04:00:49.098Z,59.7,21.1,1.926,49.6,0,60.3,0,0,0,0,0,0,0,0,66
2025-09-29T04:00:50.098Z,59.7,21.1,1.926,50.4,0,60.3,0,0,0,0,0,0,0,0,66
2025-09-29T04:00:51.099Z,59.7,21.1,1.926,49.6,0,60.2,0,0,0,0,0,0,0,0,66
2025-09-29T04:00:52.102Z,59.7,21.1,1.926,50.4,0,60.3,0,0,0,0,0,0,0,0,66
2025-09-29T04:00:53.102Z,59.7,21.1,1.926,49.6,0,60.3,0,0,0,0,0,0,0,0,66
2025-09-29T04:00:54.103Z,59.7,21.1,1.926,50.4,0,60.3,0,0,0,0,0,0,0,0,66
2025-09-29T04:00:55.107Z,59.7,21.1,1.926,49.6,0,60.3,0,0,0,0,0,0,0,0,66
2025-09-29T04:00:56.107Z,59.7,21.1,1.926,49.6,0,60.3,0,0,0,0,0,0,0,0,66
2025-09-29T04:00:57.112Z,59.7,21.1,1.926,49.6,0,60.2,0,0,0,0,0,0,0,0,66
2025-09-29T04:00:58.109Z,59.7,21.1,1.926,50.4,0,60.2,0,0,0,0,0,0,0,0,66
2025-09-29T04:00:59.108Z,59.7,21.1,1.926,49.6,0,60.2,0,0,0,0,0,0,0,0,66
2025-09-29T04:01:00.110Z,59.7,21.1,1.926,50.4,0,60.2,0,0,0,0,0,0,0,0,66
2025-09-29T04:01:01.115Z,59.7,21.1,1.927,49.6,0,60.2,0,0,0,0,0,0,0,0,66
2025-09-29T04:01:02.109Z,59.7,21.1,1.926,50.4,0,60.2,0,0,0,0,0,0,0,0,66
2025-09-29T04:01:03.112Z,59.7,21.1,1.926,49.6,0,60.2,0,0,0,0,0,0,0,0,66
2025-09-29T04:01:04.115Z,59.7,21.1,1.926,50.4,0,60.2,0,0,0,0,0,0,0,0,66
2025-09-29T04:01:05.117Z,59.7,21.1,1.926,49.6,0,60.3,0,0,0,0,0,0,0,0,66
2025-09-29T04:01:06.113Z,59.7,21.1,1.926,50.4,0,60.2,0,0,0,0,0,0,0,0,66
2025-09-29T04:01:07.111Z,59.7,21.1,1.926,49.6,0,60.2,0,0,0,0,0,0,0,0,66
2025-09-29T04:01:08.118Z,59.7,21.1,1.926,50.4,0,60.2,0,0,0,0,0,0,0,0,66
2025-09-29T04:01:09.116Z,59.7,21.1,1.926,49.6,0,60.2,0,0,0,0,0,0,0,0,66
2025-09-29T04:01:10.118Z,59.7,21.1,1.926,50.4,0,60.2,0,0,0,0,0,0,0,0,66
2025-09-29T04:01:11.124Z,59.7,21.1,1.927,49.6,0,60.2,0,0,0,0,0,0,0,0,66
2025-09-29T04:01:12.123Z,59.7,21.1,1.926,50.4,0,60.2,0,0,0,0,0,0,0,0,66
2025-09-29T04:01:13.121Z,59.7,21.1,1.926,49.6,0,60.2,0,0,0,0,0,0,0,0,66
2025-09-29T04:01:14.126Z,59.6,21.1,1.927,50.4,0,60.2,0,0,0,0,0,0,0,0,66
2025-09-29T04:01:15.119Z,59.6,21.1,1.926,49.6,0,60.2,0,0,0,0,0,0,0,0,66
2025-09-29T04:01:16.123Z,59.6,21.1,1.926,50.4,0,60.2,0,0,0,0,0,0,0,0,66
2025-09-29T04:01:17.125Z,59.6,21.1,1.926,49.6,0,60.2,0,0,0,0,0,0,0,0,66
2025-09-29T04:01:18.127Z,59.6,21.1,1.927,50.4,0,60.2,0,0,0,0,0,0,0,0,66
2025-09-29T04:01:19.127Z,59.6,21.1,1.927,49.6,0,60.2,0,0,0,0,0,0,0,0,66
2025-09-29T04:01:20.131Z,59.6,21.1,1.927,50.4,0,60.2,0,0,0,0,0,0,0,0,66
2025-09-29T04:01:21.131Z,59.6,21.1,1.927,49.6,0,60.2,0,0,0,0,0,0,0,0,66
2025-09-29T04:01:22.126Z,59.6,21.1,1.926,49.6,0,60.2,0,0,0,0,0,0,0,0,66
2025-09-29T04:01:23.132Z,59.6,21.1,1.927,49.6,0,60.2,0,0,0,0,0,0,0,0,66
2025-09-29T04:01:24.131Z,59.6,21.1,1.927,50.4,0,60.2,0,0,0,0,0,0,0,0,66
2025-09-29T04:01:25.132Z,59.6,21.1,1.927,49.6,0,60.2,0,0,0,0,0,0,0,0,66
2025-09-29T04:01:26.132Z,59.6,21.1,1.926,50.4,0,60.2,0,0,0,0,0,0,0,0,66
2025-09-29T04:01:27.132Z,59.6,21.1,1.926,49.6,0,60.2,0,0,0,0,0,0,0,0,66
2025-09-29T04:01:28.136Z,59.6,21.1,1.927,50.4,0,60.2,0,0,0,0,0,0,0,0,66
2025-09-29T04:01:29.133Z,59.6,21.1,1.927,49.6,0,60.2,0,0,0,0,0,0,0,0,66
2025-09-29T04:01:30.133Z,59.6,21.1,1.927,50.4,0,60.2,0,0,0,0,0,0,0,0,66
2025-09-29T04:01:31.136Z,59.6,21.1,1.927,49.6,0,60.2,0,0,0,0,0,0,0,0,66
2025-09-29T04:01:32.135Z,59.6,21.1,1.927,50.4,0,60.2,0,0,0,0,0,0,0,0,66
2025-09-29T04:01:33.137Z,59.6,21.1,1.927,49.6,0,60.2,0,0,0,0,0,0,0,0,66
2025-09-29T04:01:34.137Z,59.6,21.1,1.927,50.4,0,60.2,0,0,0,0,0,0,0,0,66
2025-09-29T04:01:35.139Z,59.6,21.1,1.927,49.6,0,60.2,0,0,0,0,0,0,0,0,66
2025-09-29T04:01:36.137Z,59.6,21.1,1.926,50.4,0,60.2,0,0,0,0,0,0,0,0,66
2025-09-29T04:01:37.140Z,59.6,21.1,1.927,49.6,0,60.2,0,0,0,0,0,0,0,0,66
2025-09-29T04:01:38.138Z,59.6,21.1,1.926,49.6,0,60.2,0,0,0,0,0,0,0,0,66
2025-09-29T04:01:39.140Z,59.6,21.1,1.926,49.6,0,60.2,0,0,0,0,0,0,0,0,66
2025-09-29T04:01:40.141Z,59.6,21.1,1.926,50.4,0,60.2,0,0,0,0,0,0,0,0,66
2025-09-29T04:01:41.147Z,59.6,21.1,1.927,49.6,0,60.2,0,0,0,0,0,0,0,0,66
2025-09-29T04:01:42.146Z,59.6,21.1,1.927,50.4,0,60.2,0,0,0,0,0,0,0,0,66
2025-09-29T04:01:43.143Z,59.6,21.1,1.926,49.6,0,60.2,0,0,0,0,0,0,0,0,66
2025-09-29T04:01:43.143Z,59.6,21.1,1.926,49.6,0,60.2,0,0,0,0,0,0,0,0,66
2025-09-29T04:01:45.150Z,59.5,21.1,1.927,50.4,0,60.2,0,0,0,0,0,0,0,0,66
2025-09-29T04:01:46.151Z,59.5,21.1,1.927,49.6,0,60.2,0,0,0,0,0,0,0,0,66
2025-09-29T04:01:47.152Z,59.5,21.1,1.927,50.4,0,60.2,0,0,0,0,0,0,0,0,66
2025-09-29T04:01:48.152Z,59.5,21.1,1.927,49.6,0,60.2,0,0,0,0,0,0,0,0,66
2025-09-29T04:01:49.154Z,59.5,21.1,1.927,49.6,0,60.2,0,0,0,0,0,0,0,0,66
2025-09-29T04:01:50.154Z,59.5,21.1,1.927,50.4,0,60.2,0,0,0,0,0,0,0,0,66
2025-09-29T04:01:51.153Z,59.5,21.1,1.927,49.6,0,60.2,0,0,0,0,0,0,0,0,66
2025-09-29T04:01:52.150Z,59.5,21.1,1.927,50.4,0,60.2,0,0,0,0,0,0,0,0,66
2025-09-29T04:01:53.154Z,59.5,21.1,1.927,50.4,0,60.2,0,0,0,0,0,0,0,0,66
2025-09-29T04:01:54.154Z,59.5,21.1,1.928,49.6,0,60.2,0,0,0,0,0,0,0,0,66
2025-09-29T04:01:55.154Z,59.5,21.1,1.927,50.4,0,60.2,0,0,0,0,0,0,0,0,66
2025-09-29T04:01:56.163Z,59.5,21.1,1.928,49.6,0,60.2,0,0,0,0,0,0,0,0,66
2025-09-29T04:01:57.158Z,59.5,21.1,1.927,50.4,0,60.2,0,0,0,0,0,0,0,0,66
2025-09-29T04:01:58.158Z,59.5,21.1,1.927,49.6,0,60.2,0,0,0,0,0,0,0,0,66
2025-09-29T04:01:59.156Z,59.5,21.1,1.927,50.4,0,60.2,0,0,0,0,0,0,0,0,66
2025-09-29T04:02:00.158Z,59.5,21.1,1.927,49.6,0,60.2,0,0,0,0,0,0,0,0,66
2025-09-29T04:02:01.160Z,59.5,21.1,1.928,50.4,0,60.2,0,0,0,0,0,0,0,0,66
2025-09-29T04:02:02.164Z,59.5,21.1,1.928,49.6,0,60.2,0,0,0,0,0,0,0,0,66
2025-09-29T04:02:03.161Z,59.5,21.1,1.927,50.4,0,60.2,0,0,0,0,0,0,0,0,66
2025-09-29T04:02:04.164Z,59.5,21.1,1.928,49.6,0,60.2,0,0,0,0,0,0,0,0,66
2025-09-29T04:02:05.164Z,59.5,21.1,1.928,49.6,0,60.2,0,0,0,0,0,0,0,0,66
2025-09-29T04:02:06.163Z,59.5,21.1,1.927,50.4,0,60.2,0,0,0,0,0,0,0,0,66
2025-09-29T04:02:07.165Z,59.5,21.1,1.928,49.6,0,60.2,0,0,0,0,0,0,0,0,66
2025-09-29T04:02:08.164Z,59.5,21.1,1.928,50.4,0,60.2,0,0,0,0,0,0,0,0,66
2025-09-29T04:02:09.168Z,59.5,21.1,1.928,49.6,0,60.2,0,0,0,0,0,0,0,0,66
2025-09-29T04:02:10.164Z,59.5,21.1,1.928,49.6,0,60.2,0,0,0,0,0,0,0,0,66
2025-09-29T04:02:11.170Z,59.5,21.1,1.928,50.4,0,60.2,0,0,0,0,0,0,0,0,66
2025-09-29T04:02:12.171Z,59.5,21.1,1.928,49.6,0,60.2,0,0,0,0,0,0,0,0,66
2025-09-29T04:02:13.172Z,59.5,21.1,1.927,50.4,0,60.2,0,0,0,0,0,0,0,0,66
2025-09-29T04:02:14.171Z,59.5,21.1,1.928,49.6,0,60.2,0,0,0,0,0,0,0,0,66
2025-09-29T04:02:15.169Z,59.5,21.1,1.928,50.4,0,60.2,0,0,0,0,0,0,0,0,66
2025-09-29T04:02:16.173Z,59.5,21.1,1.928,49.6,0,60.2,0,0,0,0,0,0,0,0,66
2025-09-29T04:02:17.169Z,59.5,21.1,1.928,49.6,0,60.2,0,0,0,0,0,0,0,0,66
2025-09-29T04:02:18.175Z,59.5,21.1,1.927,50.4,0,60.2,0,0,0,0,0,0,0,0,66
2025-09-29T04:02:19.173Z,59.5,21.1,1.928,49.6,0,60.2,0,0,0,0,0,0,0,0,66
2025-09-29T04:02:20.176Z,59.5,21.1,1.928,50.4,0,60.2,0,0,0,0,0,0,0,0,66
2025-09-29T04:02:21.175Z,59.5,21.1,1.928,50.4,0,60.2,0,0,0,0,0,0,0,0,66
2025-09-29T04:02:22.177Z,59.5,21.1,1.928,49.6,0,60.2,0,0,0,0,0,0,0,0,66
2025-09-29T04:02:23.180Z,59.5,21.1,1.927,50.4,0,60.2,0,0,0,0,0,0,0,0,66
2025-09-29T04:02:24.181Z,59.5,21.1,1.928,49.6,0,60.2,0,0,0,0,0,0,0,0,66
2025-09-29T04:02:25.178Z,59.5,21.1,1.928,50.4,0,60.2,0,0,0,0,0,0,0,0,66
2025-09-29T04:02:26.181Z,59.5,21.1,1.928,49.6,0,60.2,0,0,0,0,0,0,0,0,66
2025-09-29T04:02:27.182Z,59.5,21.1,1.928,50.4,0,60.2,0,0,0,0,0,0,0,0,66
2025-09-29T04:02:28.183Z,59.5,21.1,1.928,49.6,0,60.2,0,0,0,0,0,0,0,0,66
2025-09-29T04:02:29.183Z,59.5,21.1,1.927,50.4,0,60.2,0,0,0,0,0,0,0,0,66
2025-09-29T04:02:30.180Z,59.5,21.1,1.928,49.6,0,60.2,0,0,0,0,0,0,0,0,66
2025-09-29T04:02:31.186Z,59.4,21.1,1.927,50.4,0,60.2,0,0,0,0,0,0,0,0,66
2025-09-29T04:02:32.182Z,59.5,21.1,1.928,49.6,0,60.2,0,0,0,0,0,0,0,0,66
2025-09-29T04:02:33.181Z,59.4,21.1,1.928,50.4,0,60.2,0,0,0,0,0,0,0,0,66
2025-09-29T04:02:34.182Z,59.4,21.1,1.928,49.6,0,60.2,0,0,0,0,0,0,0,0,66
2025-09-29T04:02:35.186Z,59.4,21.1,1.928,49.6,0,60.2,0,0,0,0,0,0,0,0,66
2025-09-29T04:02:36.193Z,59.4,21.1,1.928,50.4,0,60.2,0,0,0,0,0,0,0,0,66
2025-09-29T04:02:37.189Z,59.4,21.1,1.927,49.6,0,60.2,0,0,0,0,0,0,0,0,66
2025-09-29T04:02:38.191Z,59.4,21.1,1.927,50.4,0,60.2,0,0,0,0,0,0,0,0,66
2025-09-29T04:02:39.194Z,59.4,21.1,1.927,49.6,0,60.2,0,0,0,0,0,0,0,0,66
2025-09-29T04:02:40.192Z,59.4,21.1,1.927,50.4,0,60.2,0,0,0,0,0,0,0,0,66
2025-09-29T04:02:41.192Z,59.4,21.1,1.927,49.6,0,60.2,0,0,0,0,0,0,0,0,66
2025-09-29T04:02:42.193Z,59.4,21.1,1.928,50.4,0,60.2,0,0,0,0,0,0,0,0,66
2025-09-29T04:02:43.194Z,59.4,21.1,1.927,49.6,0,60.2,0,0,0,0,0,0,0,0,66
2025-09-29T04:02:44.196Z,59.4,21.1,1.927,49.6,0,60.2,0,0,0,0,0,0,0,0,66
2025-09-29T04:02:45.198Z,59.4,21.1,1.927,50.4,0,60.2,0,0,0,0,0,0,0,0,66
2025-09-29T04:02:46.200Z,59.4,21.1,1.928,49.6,0,60.2,0,0,0,0,0,0,0,0,66
2025-09-29T04:02:47.204Z,59.4,21.1,1.927,50.4,0,60.2,0,0,0,0,0,0,0,0,66
2025-09-29T04:02:48.200Z,59.4,21.1,1.928,49.6,0,60.2,0,0,0,0,0,0,0,0,66
2025-09-29T04:02:49.201Z,59.4,21.1,1.927,50.4,0,60.2,0,0,0,0,0,0,0,0,66
2025-09-29T04:02:50.205Z,59.4,21.1,1.927,49.6,0,60.2,0,0,0,0,0,0,0,0,66
2025-09-29T04:02:51.203Z,59.4,21.1,1.927,49.6,0,60.2,0,0,0,0,0,0,0,0,66
2025-09-29T04:02:52.207Z,59.4,21.1,1.928,50.4,0,60.2,0,0,0,0,0,0,0,0,66
2025-09-29T04:02:53.209Z,59.4,21.1,1.927,49.6,0,60.2,0,0,0,0,0,0,0,0,66
2025-09-29T04:02:54.203Z,59.4,21.1,1.928,50.4,0,60.2,0,0,0,0,0,0,0,0,66
2025-09-29T04:02:55.206Z,59.4,21.1,1.927,50.4,0,60.2,0,0,0,0,0,0,0,0,66
2025-09-29T04:02:56.211Z,59.4,21.1,1.928,49.6,0,60.1,0,0,0,0,0,0,0,0,66
2025-09-29T04:02:57.210Z,59.4,21.1,1.928,50.4,0,60.1,0,0,0,0,0,0,0,0,66
2025-09-29T04:02:58.213Z,59.4,21.1,1.927,49.6,0,60.2,0,0,0,0,0,0,0,0,66
2025-09-29T04:02:59.212Z,59.4,21.1,1.928,50.4,0,60.2,0,0,0,0,0,0,0,0,66
2025-09-29T04:03:00.211Z,59.4,21.1,1.928,49.6,0,60.2,0,0,0,0,0,0,0,0,66
2025-09-29T04:03:01.209Z,59.4,21.1,1.928,50.4,0,60.1,0,0,0,0,0,0,0,0,66
2025-09-29T04:03:02.211Z,59.4,21.1,1.928,49.6,0,60.1,0,0,0,0,0,0,0,0,66
2025-09-29T04:03:03.211Z,59.4,21.1,1.928,49.6,0,60.1,0,0,0,0,0,0,0,0,66
2025-09-29T04:03:04.213Z,59.4,21.1,1.928,49.6,0,60.1,0,0,0,0,0,0,0,0,66
2025-09-29T04:03:05.211Z,59.4,21.1,1.928,50.4,0,60.1,0,0,0,0,0,0,0,0,66
2025-09-29T04:03:06.211Z,59.4,21.1,1.928,50.4,0,60.1,0,0,0,0,0,0,0,0,66
2025-09-29T04:03:07.209Z,59.4,21.1,1.927,49.6,0,60.1,0,0,0,0,0,0,0,0,66
2025-09-29T04:03:08.216Z,59.4,21.1,1.928,49.6,0,60.1,0,0,0,0,0,0,0,0,66
2025-09-29T04:03:09.215Z,59.4,21.1,1.927,50.4,0,60.1,0,0,0,0,0,0,0,0,66
2025-09-29T04:03:10.212Z,59.4,21.1,1.927,50.4,0,60.1,0,0,0,0,0,0,0,0,66
2025-09-29T04:03:11.219Z,59.4,21.1,1.929,49.6,0,60.1,0,0,0,0,0,0,0,0,66
2025-09-29T04:03:12.220Z,59.4,21.1,1.928,50.4,0,60.1,0,0,0,0,0,0,0,0,66
2025-09-29T04:03:13.221Z,59.4,21.1,1.928,49.6,0,60.1,0,0,0,0,0,0,0,0,66
2025-09-29T04:03:14.218Z,59.4,21.1,1.928,50.4,0,60.1,0,0,0,0,0,0,0,0,66
2025-09-29T04:03:15.225Z,59.4,21.1,1.929,49.6,0,60.1,0,0,0,0,0,0,0,0,66
2025-09-29T04:03:16.226Z,59.4,21.1,1.928,50.4,0,60.1,0,0,0,0,0,0,0,0,66
2025-09-29T04:03:17.226Z,59.4,21.1,1.928,49.6,0,60.1,0,0,0,0,0,0,0,0,66
2025-09-29T04:03:18.224Z,59.4,21.1,1.928,49.6,0,60.1,0,0,0,0,0,0,0,0,66
2025-09-29T04:03:19.220Z,59.4,21.1,1.927,49.6,0,60.1,0,0,0,0,0,0,0,0,66
2025-09-29T04:03:20.228Z,59.4,21.1,1.928,50.4,0,60.1,0,0,0,0,0,0,0,0,66
2025-09-29T04:03:21.223Z,59.4,21.1,1.927,49.6,0,60.1,0,0,0,0,0,0,0,0,66
2025-09-29T04:03:22.224Z,59.4,21.1,1.927,49.6,0,60.1,0,0,0,0,0,0,0,0,66
2025-09-29T04:03:23.223Z,59.4,21.1,1.927,50.4,0,60.1,0,0,0,0,0,0,0,0,66
2025-09-29T04:03:24.227Z,59.4,21.1,1.928,49.6,0,60.1,0,0,0,0,0,0,0,0,66
2025-09-29T04:03:25.227Z,59.4,21.1,1.928,50.4,0,60.1,0,0,0,0,0,0,0,0,66
2025-09-29T04:03:26.226Z,59.4,21.1,1.927,49.6,0,60.1,0,0,0,0,0,0,0,0,66
2025-09-29T04:03:27.228Z,59.4,21.1,1.929,50.4,0,60.1,0,0,0,0,0,0,0,0,66
2025-09-29T04:03:28.231Z,59.4,21.1,1.928,50.4,0,60.1,0,0,0,0,0,0,0,0,66
2025-09-29T04:03:29.229Z,59.4,21.1,1.928,49.6,0,60.1,0,0,0,0,0,0,0,0,66
2025-09-29T04:03:30.232Z,59.4,21.1,1.928,49.6,0,60.1,0,0,0,0,0,0,0,0,66
2025-09-29T04:03:31.233Z,59.4,21.1,1.928,49.6,0,60.1,0,0,0,0,0,0,0,0,66
2025-09-29T04:03:32.236Z,59.4,21.1,1.928,50.4,0,60.1,0,0,0,0,0,0,0,0,66
2025-09-29T04:03:33.235Z,59.4,21.1,1.928,50.4,0,60.1,0,0,0,0,0,0,0,0,66
2025-09-29T04:03:34.231Z,59.4,21.1,1.928,49.6,0,60.1,0,0,0,0,0,0,0,0,66
2025-09-29T04:03:35.242Z,59.5,21.1,1.927,50.4,0,60.1,0,0,0,0,0,0,0,0,66
2025-09-29T04:03:36.239Z,59.4,21.1,1.928,49.6,0,60.1,0,0,0,0,0,0,0,0,66
2025-09-29T04:03:37.239Z,59.5,21.1,1.928,50.4,0,60.1,0,0,0,0,0,0,0,0,66
2025-09-29T04:03:38.238Z,59.4,21.1,1.928,49.6,0,60.1,0,0,0,0,0,0,0,0,66
2025-09-29T04:03:39.240Z,59.5,21.1,1.928,50.4,0,60.1,0,0,0,0,0,0,0,0,66
2025-09-29T04:03:40.242Z,59.5,21.1,1.928,49.6,0,60.1,0,0,0,0,0,0,0,0,66
2025-09-29T04:03:41.239Z,59.5,21.1,1.928,50.4,0,60.1,0,0,0,0,0,0,0,0,66
2025-09-29T04:03:42.243Z,59.5,21.1,1.928,49.6,0,60.1,0,0,0,0,0,0,0,0,66
2025-09-29T04:03:43.242Z,59.5,21.1,1.928,49.6,0,60.1,0,0,0,0,0,0,0,0,66
2025-09-29T04:03:44.245Z,59.5,21.1,1.928,50.4,0,60.1,0,0,0,0,0,0,0,0,66
2025-09-29T04:03:45.248Z,59.5,21.1,1.926,49.6,0,60.1,0,0,0,0,0,0,0,0,66
2025-09-29T04:03:46.246Z,59.5,21.1,1.928,49.6,0,60.1,0,0,0,0,0,0,0,0,66
2025-09-29T04:03:47.246Z,59.5,21.1,1.928,50.4,0,60.1,0,0,0,0,0,0,0,0,66
2025-09-29T04:03:48.251Z,59.5,21.1,1.927,49.6,0,60.1,0,0,0,0,0,0,0,0,66
2025-09-29T04:03:49.249Z,59.5,21.1,1.928,50.4,0,60.1,0,0,0,0,0,0,0,0,66
2025-09-29T04:03:50.251Z,59.5,21.1,1.927,49.6,0,60.1,0,0,0,0,0,0,0,0,66
2025-09-29T04:03:51.251Z,59.5,21.1,1.928,49.6,0,60.1,0,0,0,0,0,0,0,0,66
2025-09-29T04:03:52.254Z,59.5,21.1,1.927,50.4,0,60.1,0,0,0,0,0,0,0,0,66
2025-09-29T04:03:53.252Z,59.5,21.1,1.927,49.6,0,60.1,0,0,0,0,0,0,0,0,66
2025-09-29T04:03:54.252Z,59.5,21.1,1.927,50.4,0,60.1,0,0,0,0,0,0,0,0,66
2025-09-29T04:03:55.266Z,59.5,21.1,1.927,49.6,0,60.1,0,0,0,0,0,0,0,0,66
2025-09-29T04:03:56.262Z,59.5,21.1,1.927,49.6,0,60.1,0,0,0,0,0,0,0,0,66
2025-09-29T04:03:57.258Z,59.5,21.1,1.926,50.4,0,60.1,0,0,0,0,0,0,0,0,66
2025-09-29T04:03:58.259Z,59.5,21.1,1.927,50.4,0,60.1,0,0,0,0,0,0,0,0,66
2025-09-29T04:03:59.256Z,59.5,21.1,1.926,49.6,0,60.1,0,0,0,0,0,0,0,0,66
2025-09-29T04:04:00.257Z,59.5,21.1,1.927,50.4,0,60.1,0,0,0,0,0,0,0,0,66
2025-09-29T04:04:01.254Z,59.5,21.1,1.927,49.6,0,60.1,0,0,0,0,0,0,0,0,66
2025-09-29T04:04:01.254Z,59.5,21.1,1.927,49.6,0,60.1,0,0,0,0,0,0,0,0,66
2025-09-29T04:04:03.262Z,59.5,21.1,1.926,49.6,0,60.1,0,0,0,0,0,0,0,0,66
2025-09-29T04:04:04.259Z,59.5,21.1,1.926,50.4,0,60.1,0,0,0,0,0,0,0,0,66
2025-09-29T04:04:05.263Z,59.5,21.1,1.926,49.6,0,60.1,0,0,0,0,0,0,0,0,66
2025-09-29T04:04:06.261Z,59.5,21.1,1.926,49.6,0,60.1,0,0,0,0,0,0,0,0,66
2025-09-29T04:04:07.262Z,59.5,21.1,1.927,50.4,0,60.1,0,0,0,0,0,0,0,0,66
2025-09-29T04:04:08.268Z,59.5,21.1,1.926,50.4,0,60.1,0,0,0,0,0,0,0,0,66
2025-09-29T04:04:09.268Z,59.5,21.1,1.926,49.6,0,60.1,0,0,0,0,0,0,0,0,66
2025-09-29T04:04:10.277Z,59.5,21.1,1.927,49.6,0,60.1,0,0,0,0,0,0,0,0,66
2025-09-29T04:04:11.267Z,59.5,21.1,1.926,49.6,0,60.1,0,0,0,0,0,0,0,0,66
2025-09-29T04:04:12.275Z,59.5,21.1,1.926,50.4,0,60.1,0,0,0,0,0,0,0,0,66
2025-09-29T04:04:13.269Z,59.5,21.1,1.926,50.4,0,60.1,0,0,0,0,0,0,0,0,66
2025-09-29T04:04:14.268Z,59.5,21.1,1.926,49.6,0,60.1,0,0,0,0,0,0,0,0,66
2025-09-29T04:04:15.268Z,59.6,21.1,1.926,50.4,0,60.1,0,0,0,0,0,0,0,0,66
2025-09-29T04:04:16.272Z,59.6,21.1,1.926,49.6,0,60.1,0,0,0,0,0,0,0,0,66
2025-09-29T04:04:17.272Z,59.6,21.1,1.926,50.4,0,60.1,0,0,0,0,0,0,0,0,66
2025-09-29T04:04:18.276Z,59.6,21.1,1.927,49.6,0,60.1,0,0,0,0,0,0,0,0,66
2025-09-29T04:04:19.278Z,59.6,21.1,1.926,50.4,0,60.1,0,0,0,0,0,0,0,0,66
2025-09-29T04:04:20.277Z,59.6,21.1,1.926,50.4,0,60.1,0,0,0,0,0,0,0,0,66
2025-09-29T04:04:21.274Z,59.6,21.1,1.926,49.6,0,60.1,0,0,0,0,0,0,0,0,66
2025-09-29T04:04:22.273Z,59.6,21.1,1.926,50.4,0,60.1,0,0,0,0,0,0,0,0,66
2025-09-29T04:04:23.273Z,59.6,21.1,1.926,49.6,0,60.1,0,0,0,0,0,0,0,0,66
2025-09-29T04:04:24.277Z,59.6,21.1,1.926,49.6,0,60.1,0,0,0,0,0,0,0,0,66
2025-09-29T04:04:25.279Z,59.6,21.1,1.926,49.6,0,60.1,0,0,0,0,0,0,0,0,66
2025-09-29T04:04:26.277Z,59.6,21.1,1.926,50.4,0,60.1,0,0,0,0,0,0,0,0,66
2025-09-29T04:04:27.278Z,59.6,21.1,1.926,50.4,0,60.1,0,0,0,0,0,0,0,0,66
2025-09-29T04:04:28.278Z,59.6,21.1,1.926,49.6,0,60.1,0,0,0,0,0,0,0,0,66
2025-09-29T04:04:29.281Z,59.6,21.1,1.926,50.4,0,60.1,0,0,0,0,0,0,0,0,66
2025-09-29T04:04:30.277Z,59.6,21.1,1.926,49.6,0,60.1,0,0,0,0,0,0,0,0,66
2025-09-29T04:04:31.278Z,59.6,21.1,1.926,50.4,0,60.1,0,0,0,0,0,0,0,0,66
2025-09-29T04:04:32.286Z,59.6,21.1,1.927,49.6,0,60.1,0,0,0,0,0,0,0,0,66
2025-09-29T04:04:33.283Z,59.6,21.1,1.926,50.4,0,60.1,0,0,0,0,0,0,0,0,66
2025-09-29T04:04:34.284Z,59.6,21.1,1.926,49.6,0,60.1,0,0,0,0,0,0,0,0,66
2025-09-29T04:04:35.285Z,59.6,21.1,1.926,49.6,0,60.1,0,0,0,0,0,0,0,0,66
2025-09-29T04:04:36.283Z,59.6,21.1,1.926,50.4,0,60.1,0,0,0,0,0,0,0,0,66
2025-09-29T04:04:37.286Z,59.6,21.1,1.926,49.6,0,60.1,0,0,0,0,0,0,0,0,66
2025-09-29T04:04:38.285Z,59.6,21.1,1.926,50.4,0,60.1,0,0,0,0,0,0,0,0,66
2025-09-29T04:04:39.289Z,59.6,21.1,1.927,49.6,0,60.1,0,0,0,0,0,0,0,0,66
2025-09-29T04:04:40.290Z,59.7,21.1,1.926,49.6,0,60.1,0,0,0,0,0,0,0,0,66
2025-09-29T04:04:41.289Z,59.7,21.1,1.926,50.4,0,60.1,0,0,0,0,0,0,0,0,66
2025-09-29T04:04:42.292Z,59.7,21.1,1.926,49.6,0,60.1,0,0,0,0,0,0,0,0,66
2025-09-29T04:04:43.293Z,59.7,21.1,1.927,50.4,0,60.1,0,0,0,0,0,0,0,0,66
2025-09-29T04:04:44.296Z,59.7,21.1,1.927,50.4,0,60.1,0,0,0,0,0,0,0,0,66
2025-09-29T04:04:45.296Z,59.7,21.1,1.927,49.6,0,60.1,0,0,0,0,0,0,0,0,66
2025-09-29T04:04:46.293Z,59.7,21.1,1.926,50.4,0,60,0,0,0,0,0,0,0,0,66
2025-09-29T04:04:47.296Z,59.7,21.1,1.927,49.6,0,60,0,0,0,0,0,0,0,0,66
2025-09-29T04:04:48.300Z,59.7,21.1,1.927,50.4,0,60,0,0,0,0,0,0,0,0,66
2025-09-29T04:04:49.298Z,59.7,21.1,1.927,49.6,0,60,0,0,0,0,0,0,0,0,66
2025-09-29T04:04:50.299Z,59.7,21.1,1.927,49.6,0,60,0,0,0,0,0,0,0,0,66
2025-09-29T04:04:51.299Z,59.7,21.1,1.927,50.4,0,60,0,0,0,0,0,0,0,0,66
2025-09-29T04:04:52.303Z,59.7,21.1,1.927,49.6,0,60,0,0,0,0,0,0,0,0,66
2025-09-29T04:04:53.305Z,59.7,21.1,1.927,50.4,0,60,0,0,0,0,0,0,0,0,66
2025-09-29T04:04:54.303Z,59.7,21.1,1.927,49.6,0,60,0,0,0,0,0,0,0,0,66
2025-09-29T04:04:55.302Z,59.7,21.1,1.927,50.4,0,60,0,0,0,0,0,0,0,0,66
2025-09-29T04:04:56.307Z,59.7,21.1,1.927,50.4,0,60,0,0,0,0,0,0,0,0,66
2025-09-29T04:04:57.309Z,59.7,21.1,1.927,49.6,0,60,0,0,0,0,0,0,0,0,66
2025-09-29T04:04:58.308Z,59.7,21.1,1.927,49.6,0,60,0,0,0,0,0,0,0,0,66
2025-09-29T04:04:59.307Z,59.7,21.1,1.927,49.6,0,60,0,0,0,0,0,0,0,0,66
2025-09-29T04:05:00.309Z,59.7,21.1,1.927,50.4,0,60,0,0,0,0,0,0,0,0,66
2025-09-29T04:05:01.309Z,59.8,21.1,1.927,49.6,0,60,0,0,0,0,0,0,0,0,66
2025-09-29T04:05:01.309Z,59.8,21.1,1.927,49.6,0,60,0,0,0,0,0,0,0,0,66
2025-09-29T04:05:03.310Z,59.8,21.1,1.926,49.6,0,60,0,0,0,0,0,0,0,0,66
2025-09-29T04:05:04.312Z,59.8,21.1,1.926,50.4,0,60,0,0,0,0,0,0,0,0,66
2025-09-29T04:05:05.313Z,59.8,21.1,1.926,49.6,0,60,0,0,0,0,0,0,0,0,66
2025-09-29T04:05:06.310Z,59.8,21.1,1.926,49.6,0,60,0,0,0,0,0,0,0,0,66
2025-09-29T04:05:07.308Z,59.8,21.1,1.926,50.4,0,60,0,0,0,0,0,0,0,0,66
2025-09-29T04:05:08.316Z,59.8,21.1,1.926,49.6,0,60,0,0,0,0,0,0,0,0,66
2025-09-29T04:05:09.318Z,59.8,21.1,1.926,50.4,0,60,0,0,0,0,0,0,0,0,66
2025-09-29T04:05:10.317Z,59.8,21.1,1.926,49.6,0,60,0,0,0,0,0,0,0,0,66
2025-09-29T04:05:11.317Z,59.8,21.1,1.926,49.6,0,60,0,0,0,0,0,0,0,0,66
2025-09-29T04:05:12.317Z,59.8,21.1,1.926,50.4,0,60,0,0,0,0,0,0,0,0,66
2025-09-29T04:05:13.321Z,59.8,21.1,1.926,49.6,0,60,0,0,0,0,0,0,0,0,66
2025-09-29T04:05:14.318Z,59.8,21.1,1.926,50.4,0,60,0,0,0,0,0,0,0,0,66
2025-09-29T04:05:15.324Z,59.8,21.1,1.926,49.6,0,60,0,0,0,0,0,0,0,0,66
2025-09-29T04:05:16.320Z,59.8,21.1,1.926,49.6,0,60,0,0,0,0,0,0,0,0,66
2025-09-29T04:05:17.322Z,59.9,21.1,1.926,50.4,0,60,0,0,0,0,0,0,0,0,66
2025-09-29T04:05:18.326Z,59.9,21.1,1.926,49.6,0,60,0,0,0,0,0,0,0,0,66
2025-09-29T04:05:19.324Z,59.9,21.1,1.926,49.6,0,60,0,0,0,0,0,0,0,0,66
2025-09-29T04:05:20.323Z,59.9,21.1,1.926,50.4,0,60,0,0,0,0,0,0,0,0,66
2025-09-29T04:05:21.329Z,59.9,21.1,1.926,49.6,0,60,0,0,0,0,0,0,0,0,66
2025-09-29T04:05:22.320Z,59.9,21.1,1.926,49.6,0,60,0,0,0,0,0,0,0,0,66
2025-09-29T04:05:23.329Z,59.9,21.1,1.926,50.4,0,60,0,0,0,0,0,0,0,0,66
2025-09-29T04:05:24.326Z,59.9,21.1,1.926,49.6,0,60,0,0,0,0,0,0,0,0,66
2025-09-29T04:05:25.329Z,59.9,21.1,1.926,49.6,0,60,0,0,0,0,0,0,0,0,66
2025-09-29T04:05:26.327Z,59.9,21.1,1.926,50.4,0,60,0,0,0,0,0,0,0,0,66
2025-09-29T04:05:27.329Z,59.9,21.1,1.926,50.4,0,60,0,0,0,0,0,0,0,0,66
2025-09-29T04:05:28.331Z,59.9,21.1,1.926,49.6,0,60,0,0,0,0,0,0,0,0,66
2025-09-29T04:05:29.329Z,59.9,21.1,1.926,50.4,0,60,0,0,0,0,0,0,0,0,66
2025-09-29T04:05:30.328Z,59.9,21.1,1.926,49.6,0,60,0,0,0,0,0,0,0,0,66
2025-09-29T04:05:31.334Z,59.9,21.1,1.925,49.6,0,60,0,0,0,0,0,0,0,0,66
2025-09-29T04:05:32.334Z,59.9,21.1,1.925,50.4,0,60,0,0,0,0,0,0,0,0,66
2025-09-29T04:05:33.332Z,59.9,21.1,1.926,50.4,0,60,0,0,0,0,0,0,0,0,66
2025-09-29T04:05:34.330Z,59.9,21.1,1.926,49.6,0,60,0,0,0,0,0,0,0,0,66
2025-09-29T04:05:35.340Z,60,21.1,1.925,50.4,0,60,0,0,0,0,0,0,0,0,66
2025-09-29T04:05:36.332Z,60,21.1,1.926,50.4,0,60,0,0,0,0,0,0,0,0,66
2025-09-29T04:05:37.330Z,60,21.1,1.926,49.6,0,60,0,0,0,0,0,0,0,0,66
2025-09-29T04:05:38.337Z,60,21.1,1.926,50.4,0,60,0,0,0,0,0,0,0,0,66
2025-09-29T04:05:39.335Z,60,21.1,1.926,49.6,0,60,0,0,0,0,0,0,0,0,66
2025-09-29T04:05:40.340Z,60,21.1,1.926,50.4,0,60,0,0,0,0,0,0,0,0,66
2025-09-29T04:05:41.338Z,60,21.1,1.926,49.6,0,60,0,0,0,0,0,0,0,0,66
2025-09-29T04:05:42.342Z,60,21.1,1.925,49.6,0,60,0,0,0,0,0,0,0,0,66
2025-09-29T04:05:43.343Z,60,21.1,1.926,50.4,0,60,0,0,0,0,0,0,0,0,66
2025-09-29T04:05:44.343Z,60,21.1,1.925,50.4,0,60,0,0,0,0,0,0,0,0,66
2025-09-29T04:05:45.343Z,60,21.1,1.926,49.6,0,60,0,0,0,0,0,0,0,0,66
2025-09-29T04:05:46.346Z,60,21.1,1.925,50.4,0,60,0,0,0,0,0,0,0,0,66
2025-09-29T04:05:47.346Z,60,21.1,1.925,49.6,0,60,0,0,0,0,0,0,0,0,66
2025-09-29T04:05:48.347Z,60,21.1,1.925,50.4,0,60,0,0,0,0,0,0,0,0,66
2025-09-29T04:05:49.349Z,60,21.1,1.925,49.6,0,60,0,0,0,0,0,0,0,0,66
2025-09-29T04:05:50.348Z,60,21.1,1.924,50.4,0,60,0,0,0,0,0,0,0,0,66
2025-09-29T04:05:51.356Z,60,21.1,1.924,49.6,0,60,0,0,0,0,0,0,0,0,66
2025-09-29T04:05:52.351Z,60.1,21.1,1.924,50.4,0,60,0,0,0,0,0,0,0,0,66
2025-09-29T04:05:53.353Z,60.1,21.1,1.924,50.4,0,60,0,0,0,0,0,0,0,0,66
2025-09-29T04:05:54.352Z,60.1,21.1,1.924,49.6,0,60,0,0,0,0,0,0,0,0,66
2025-09-29T04:05:55.352Z,60.1,21.1,1.924,49.6,0,60,0,0,0,0,0,0,0,0,66
2025-09-29T04:05:56.358Z,60.1,21.1,1.924,50.4,0,60,0,0,0,0,0,0,0,0,66
2025-09-29T04:05:57.354Z,60.1,21.1,1.924,49.6,0,60,0,0,0,0,0,0,0,0,66
2025-09-29T04:05:58.358Z,60.1,21.1,1.924,49.6,0,60,0,0,0,0,0,0,0,0,66
2025-09-29T04:05:59.353Z,60.1,21.1,1.924,50.4,0,60,0,0,0,0,0,0,0,0,66
2025-09-29T04:06:00.357Z,60.1,21.1,1.923,49.6,0,60,0,0,0,0,0,0,0,0,66
2025-09-29T04:06:01.352Z,60.1,21.1,1.924,50.4,0,60,0,0,0,0,0,0,0,0,66
2025-09-29T04:06:02.366Z,60.1,21.1,1.925,49.6,0,60,0,0,0,0,0,0,0,0,66
2025-09-29T04:06:03.362Z,60.1,21.1,1.924,49.6,0,60,0,0,0,0,0,0,0,0,66
2025-09-29T04:06:04.363Z,60.1,21.1,1.923,50.4,0,60,0,0,0,0,0,0,0,0,66
2025-09-29T04:06:05.360Z,60.1,21.1,1.923,50.4,0,60,0,0,0,0,0,0,0,0,66
2025-09-29T04:06:06.362Z,60.1,21.1,1.923,49.6,0,60,0,0,0,0,0,0,0,0,66
2025-09-29T04:06:07.363Z,60.1,21.1,1.924,49.6,0,60,0,0,0,0,0,0,0,0,66
2025-09-29T04:06:08.362Z,60.1,21.1,1.924,49.6,0,60,0,0,0,0,0,0,0,0,66
2025-09-29T04:06:09.361Z,60.2,21.1,1.924,50.4,0,60,0,0,0,0,0,0,0,0,66
2025-09-29T04:06:10.361Z,60.2,21.1,1.923,50.4,0,60,0,0,0,0,0,0,0,0,66
2025-09-29T04:06:11.366Z,60.2,21.1,1.924,49.6,0,60,0,0,0,0,0,0,0,0,66
2025-09-29T04:06:12.368Z,60.2,21.1,1.923,49.6,0,60,0,0,0,0,0,0,0,0,66
2025-09-29T04:06:13.367Z,60.2,21.1,1.923,49.6,0,60,0,0,0,0,0,0,0,0,66
2025-09-29T04:06:14.369Z,60.2,21.1,1.923,50.4,0,60,0,0,0,0,0,0,0,0,66
2025-09-29T04:06:15.368Z,60.2,21.1,1.923,50.4,0,60,0,0,0,0,0,0,0,0,66
2025-09-29T04:06:16.372Z,60.2,21.1,1.923,49.6,0,60,0,0,0,0,0,0,0,0,66
2025-09-29T04:06:17.372Z,60.2,21.1,1.923,50.4,0,60,0,0,0,0,0,0,0,0,66
2025-09-29T04:06:18.374Z,60.2,21.1,1.923,49.6,0,60,0,0,0,0,0,0,0,0,66
2025-09-29T04:06:19.372Z,60.2,21.1,1.923,49.6,0,60,0,0,0,0,0,0,0,0,66
2025-09-29T04:06:20.374Z,60.2,21.1,1.923,50.4,0,60,0,0,0,0,0,0,0,0,66
2025-09-29T04:06:21.373Z,60.2,21.1,1.923,49.6,0,60,0,0,0,0,0,0,0,0,66
2025-09-29T04:06:21.373Z,60.2,21.1,1.923,49.6,0,60,0,0,0,0,0,0,0,0,66
2025-09-29T04:06:23.376Z,60.2,21.1,1.923,49.6,0,59.9,0,0,0,0,0,0,0,0,66
2025-09-29T04:06:24.378Z,60.3,21.1,1.923,49.6,0,60,0,0,0,0,0,0,0,0,66
2025-09-29T04:06:25.376Z,60.3,21.1,1.923,50.4,0,60,0,0,0,0,0,0,0,0,66
2025-09-29T04:06:26.381Z,60.3,21.1,1.923,49.6,0,60,0,0,0,0,0,0,0,0,66
2025-09-29T04:06:27.381Z,60.3,21.1,1.923,49.6,0,60,0,0,0,0,0,0,0,0,66
2025-09-29T04:06:28.386Z,60.3,21.1,1.924,50.4,0,60,0,0,0,0,0,0,0,0,66
2025-09-29T04:06:29.379Z,60.3,21.1,1.923,50.4,0,60,0,0,0,0,0,0,0,0,66
2025-09-29T04:06:30.381Z,60.3,21.1,1.923,49.6,0,60,0,0,0,0,0,0,0,0,66
2025-09-29T04:06:31.382Z,60.3,21.1,1.923,50.4,0,60,0,0,0,0,0,0,0,0,66
2025-09-29T04:06:32.382Z,60.3,21.1,1.923,49.6,0,60,0,0,0,0,0,0,0,0,66
2025-09-29T04:06:33.382Z,60.3,21.1,1.923,50.4,0,60,0,0,0,0,0,0,0,0,66
2025-09-29T04:06:34.385Z,60.3,21.1,1.924,50.4,0,60,0,0,0,0,0,0,0,0,66
2025-09-29T04:06:35.383Z,60.3,21.1,1.923,49.6,0,59.9,0,0,0,0,0,0,0,0,66
2025-09-29T04:06:36.385Z,60.3,21.1,1.923,50.4,0,60,0,0,0,0,0,0,0,0,66
2025-09-29T04:06:37.387Z,60.3,21.1,1.924,49.6,0,59.9,0,0,0,0,0,0,0,0,66
2025-09-29T04:06:38.381Z,60.3,21.1,1.923,50.4,0,59.9,0,0,0,0,0,0,0,0,66
2025-09-29T04:06:39.387Z,60.3,21.1,1.923,49.6,0,59.9,0,0,0,0,0,0,0,0,66
2025-09-29T04:06:40.387Z,60.3,21.1,1.923,50.4,0,59.9,0,0,0,0,0,0,0,0,66
2025-09-29T04:06:41.392Z,60.4,21.1,1.924,49.6,0,59.9,0,0,0,0,0,0,0,0,66
2025-09-29T04:06:42.389Z,60.4,21.1,1.923,50.4,0,59.9,0,0,0,0,0,0,0,0,66
2025-09-29T04:06:43.392Z,60.4,21.1,1.923,49.6,0,59.9,0,0,0,0,0,0,0,0,66
2025-09-29T04:06:44.392Z,60.4,21.1,1.923,50.4,0,59.9,0,0,0,0,0,0,0,0,66
2025-09-29T04:06:45.393Z,60.4,21.1,1.923,49.6,0,59.9,0,0,0,0,0,0,0,0,66
2025-09-29T04:06:46.397Z,60.4,21.1,1.923,49.6,0,59.9,0,0,0,0,0,0,0,0,66
2025-09-29T04:06:47.395Z,60.4,21.1,1.923,50.4,0,59.9,0,0,0,0,0,0,0,0,66
2025-09-29T04:06:48.393Z,60.4,21.1,1.923,49.6,0,59.9,0,0,0,0,0,0,0,0,66
2025-09-29T04:06:49.395Z,60.4,21.1,1.923,50.4,0,59.9,0,0,0,0,0,0,0,0,66
2025-09-29T04:06:50.398Z,60.4,21.1,1.923,49.6,0,59.9,0,0,0,0,0,0,0,0,66
2025-09-29T04:06:51.398Z,60.4,21.1,1.923,49.6,0,59.9,0,0,0,0,0,0,0,0,66
2025-09-29T04:06:52.396Z,60.4,21.1,1.923,50.4,0,59.9,0,0,0,0,0,0,0,0,66
2025-09-29T04:06:53.399Z,60.4,21.1,1.923,49.6,0,59.9,0,0,0,0,0,0,0,0,66
2025-09-29T04:06:54.400Z,60.4,21.1,1.923,49.6,0,59.9,0,0,0,0,0,0,0,0,66
2025-09-29T04:06:55.401Z,60.4,21.1,1.923,50.4,0,59.9,0,0,0,0,0,0,0,0,66
2025-09-29T04:06:56.400Z,60.4,21.1,1.923,49.6,0,59.9,0,0,0,0,0,0,0,0,66
2025-09-29T04:06:57.401Z,60.5,21.1,1.923,49.6,0,59.9,0,0,0,0,0,0,0,0,66
2025-09-29T04:06:58.400Z,60.5,21.1,1.923,50.4,0,59.9,0,0,0,0,0,0,0,0,66
2025-09-29T04:06:59.401Z,60.5,21.1,1.923,50.4,0,59.9,0,0,0,0,0,0,0,0,66
2025-09-29T04:07:00.399Z,60.5,21.1,1.923,49.6,0,59.9,0,0,0,0,0,0,0,0,66
2025-09-29T04:07:01.399Z,60.5,21.1,1.922,50.4,0,59.9,0,0,0,0,0,0,0,0,66
2025-09-29T04:07:02.402Z,60.5,21.1,1.923,49.6,0,59.9,0,0,0,0,0,0,0,0,66
2025-09-29T04:07:03.406Z,60.5,21.1,1.923,49.6,0,59.9,0,0,0,0,0,0,0,0,66
2025-09-29T04:07:04.403Z,60.5,21.1,1.923,50.4,0,59.9,0,0,0,0,0,0,0,0,66
2025-09-29T04:07:05.403Z,60.5,21.1,1.923,49.6,0,59.9,0,0,0,0,0,0,0,0,66
2025-09-29T04:07:06.404Z,60.5,21.1,1.923,49.6,0,59.9,0,0,0,0,0,0,0,0,66
2025-09-29T04:07:07.408Z,60.5,21.1,1.923,50.4,0,59.9,0,0,0,0,0,0,0,0,66
2025-09-29T04:07:08.410Z,60.5,21.1,1.923,50.4,0,59.9,0,0,0,0,0,0,0,0,66
2025-09-29T04:07:09.408Z,60.5,21.1,1.923,49.6,0,59.9,0,0,0,0,0,0,0,0,66
2025-09-29T04:07:10.411Z,60.5,21.1,1.923,50.4,0,59.9,0,0,0,0,0,0,0,0,66
2025-09-29T04:07:11.414Z,60.5,21.1,1.923,50.4,0,59.9,0,0,0,0,0,0,0,0,66
2025-09-29T04:07:12.416Z,60.6,21.1,1.923,49.6,0,59.9,0,0,0,0,0,0,0,0,66
2025-09-29T04:07:13.412Z,60.6,21.1,1.923,50.4,0,59.9,0,0,0,0,0,0,0,0,66
2025-09-29T04:07:14.417Z,60.6,21.1,1.923,49.6,0,59.9,0,0,0,0,0,0,0,0,66
2025-09-29T04:07:15.417Z,60.6,21.1,1.923,50.4,0,59.9,0,0,0,0,0,0,0,0,66
2025-09-29T04:07:16.419Z,60.6,21.1,1.923,49.6,0,59.9,0,0,0,0,0,0,0,0,66
2025-09-29T04:07:17.416Z,60.6,21.1,1.923,49.6,0,59.9,0,0,0,0,0,0,0,0,66
2025-09-29T04:07:18.417Z,60.6,21.1,1.923,50.4,0,59.9,0,0,0,0,0,0,0,0,66
2025-09-29T04:07:19.421Z,60.6,21.1,1.923,49.6,0,59.9,0,0,0,0,0,0,0,0,66
2025-09-29T04:07:20.421Z,60.6,21.1,1.923,49.6,0,59.9,0,0,0,0,0,0,0,0,66
2025-09-29T04:07:21.422Z,60.6,21.1,1.923,50.4,0,59.9,0,0,0,0,0,0,0,0,66
2025-09-29T04:07:22.423Z,60.6,21.1,1.923,49.6,0,59.9,0,0,0,0,0,0,0,0,66
2025-09-29T04:07:23.419Z,60.6,21.1,1.923,49.6,0,59.9,0,0,0,0,0,0,0,0,66
2025-09-29T04:07:24.423Z,60.6,21.1,1.923,50.4,0,59.9,0,0,0,0,0,0,0,0,66
2025-09-29T04:07:25.424Z,60.6,21.1,1.923,49.6,0,59.9,0,0,0,0,0,0,0,0,66
2025-09-29T04:07:26.426Z,60.6,21.1,1.922,49.6,0,59.9,0,0,0,0,0,0,0,0,66
2025-09-29T04:07:27.425Z,60.7,21.1,1.922,50.4,0,59.9,0,0,0,0,0,0,0,0,66
2025-09-29T04:07:28.428Z,60.7,21.1,1.922,50.4,0,59.9,0,0,0,0,0,0,0,0,66
2025-09-29T04:07:29.422Z,60.7,21.1,1.922,49.6,0,59.9,0,0,0,0,0,0,0,0,66
2025-09-29T04:07:30.425Z,60.7,21.1,1.922,50.4,0,59.9,0,0,0,0,0,0,0,0,66
2025-09-29T04:07:31.426Z,60.7,21.1,1.922,50.4,0,59.9,0,0,0,0,0,0,0,0,66
2025-09-29T04:07:32.425Z,60.7,21.1,1.922,49.6,0,59.9,0,0,0,0,0,0,0,0,66
2025-09-29T04:07:33.430Z,60.7,21.1,1.921,49.6,0,59.9,0,0,0,0,0,0,0,0,66
2025-09-29T04:07:34.428Z,60.7,21.1,1.923,49.6,0,59.9,0,0,0,0,0,0,0,0,66
2025-09-29T04:07:35.428Z,60.7,21.1,1.922,50.4,0,59.9,0,0,0,0,0,0,0,0,66
2025-09-29T04:07:36.435Z,60.7,21.1,1.921,50.4,0,59.9,0,0,0,0,0,0,0,0,66
2025-09-29T04:07:37.429Z,60.7,21.1,1.921,49.6,0,59.9,0,0,0,0,0,0,0,0,66
2025-09-29T04:07:38.432Z,60.7,21.1,1.921,50.4,0,59.9,0,0,0,0,0,0,0,0,66
2025-09-29T04:07:39.434Z,60.7,21.1,1.921,50.4,0,59.9,0,0,0,0,0,0,0,0,66
2025-09-29T04:07:40.437Z,60.7,21.1,1.921,49.6,0,59.9,0,0,0,0,0,0,0,0,66
2025-09-29T04:07:41.434Z,60.7,21.1,1.922,50.4,0,59.9,0,0,0,0,0,0,0,0,66
2025-09-29T04:07:42.434Z,60.7,21.1,1.922,49.6,0,59.9,0,0,0,0,0,0,0,0,66
2025-09-29T04:07:43.435Z,60.7,21.1,1.922,50.4,0,59.9,0,0,0,0,0,0,0,0,66
2025-09-29T04:07:44.439Z,60.7,21.1,1.921,49.6,0,59.9,0,0,0,0,0,0,0,0,66
2025-09-29T04:07:45.436Z,60.7,21.1,1.922,50.4,0,59.9,0,0,0,0,0,0,0,0,66
2025-09-29T04:07:46.436Z,60.8,21.1,1.922,49.6,0,59.9,0,0,0,0,0,0,0,0,66
2025-09-29T04:07:47.440Z,60.8,21.1,1.921,49.6,0,59.9,0,0,0,0,0,0,0,0,66
2025-09-29T04:07:48.437Z,60.8,21.1,1.922,50.4,0,59.9,0,0,0,0,0,0,0,0,66
2025-09-29T04:07:49.439Z,60.8,21.1,1.922,49.6,0,59.9,0,0,0,0,0,0,0,0,66
2025-09-29T04:07:50.440Z,60.8,21.1,1.921,49.6,0,59.9,0,0,0,0,0,0,0,0,66
2025-09-29T04:07:51.442Z,60.8,21.1,1.921,50.4,0,59.9,0,0,0,0,0,0,0,0,66
2025-09-29T04:07:52.440Z,60.8,21.1,1.922,49.6,0,59.9,0,0,0,0,0,0,0,0,66
2025-09-29T04:07:53.443Z,60.8,21.1,1.921,49.6,0,59.9,0,0,0,0,0,0,0,0,66
2025-09-29T04:07:54.446Z,60.8,21.1,1.921,50.4,0,59.9,0,0,0,0,0,0,0,0,66
2025-09-29T04:07:55.447Z,60.8,21.1,1.921,49.6,0,59.9,0,0,0,0,0,0,0,0,66
2025-09-29T04:07:56.449Z,60.8,21.1,1.921,50.4,0,59.9,0,0,0,0,0,0,0,0,66
2025-09-29T04:07:57.448Z,60.8,21.1,1.921,50.4,0,59.9,0,0,0,0,0,0,0,0,66
2025-09-29T04:07:58.449Z,60.8,21.1,1.921,49.6,0,59.9,0,0,0,0,0,0,0,0,66
2025-09-29T04:07:59.454Z,60.8,21.1,1.921,50.4,0,59.9,0,0,0,0,0,0,0,0,66
2025-09-29T04:08:00.452Z,60.8,21.1,1.921,50.4,0,59.9,0,0,0,0,0,0,0,0,66
2025-09-29T04:08:01.448Z,60.8,21.1,1.921,49.6,0,59.9,0,0,0,0,0,0,0,0,66
2025-09-29T04:08:02.452Z,60.8,21.1,1.921,50.4,0,59.9,0,0,0,0,0,0,0,0,66
2025-09-29T04:08:03.453Z,60.8,21.1,1.921,49.6,0,59.9,0,0,0,0,0,0,0,0,66
2025-09-29T04:08:04.458Z,60.8,21.1,1.921,50.4,0,59.9,0,0,0,0,0,0,0,0,66
2025-09-29T04:08:05.451Z,60.8,21.1,1.921,49.6,0,59.9,0,0,0,0,0,0,0,0,66
2025-09-29T04:08:06.454Z,60.8,21.1,1.921,50.4,0,59.9,0,0,0,0,0,0,0,0,66
2025-09-29T04:08:07.453Z,60.8,21.1,1.921,49.6,0,59.9,0,0,0,0,0,0,0,0,66
2025-09-29T04:08:08.455Z,60.8,21.1,1.921,50.4,0,59.9,0,0,0,0,0,0,0,0,66
2025-09-29T04:08:09.455Z,60.8,21.1,1.921,49.6,0,59.9,0,0,0,0,0,0,0,0,66
2025-09-29T04:08:10.458Z,60.8,21.1,1.921,49.6,0,59.9,0,0,0,0,0,0,0,0,66
2025-09-29T04:08:11.460Z,60.9,21.1,1.921,50.4,0,59.9,0,0,0,0,0,0,0,0,66
2025-09-29T04:08:12.459Z,60.9,21.1,1.921,49.6,0,59.9,0,0,0,0,0,0,0,0,66
2025-09-29T04:08:13.461Z,60.9,21.1,1.92,49.6,0,59.9,0,0,0,0,0,0,0,0,66
2025-09-29T04:08:14.460Z,60.9,21.1,1.921,50.4,0,59.9,0,0,0,0,0,0,0,0,66
2025-09-29T04:08:15.460Z,60.9,21.1,1.921,50.4,0,59.9,0,0,0,0,0,0,0,0,66
2025-09-29T04:08:16.473Z,60.9,21.1,1.922,49.6,0,59.9,0,0,0,0,0,0,0,0,66
2025-09-29T04:08:17.462Z,60.9,21.1,1.921,50.4,0,59.9,0,0,0,0,0,0,0,0,66
2025-09-29T04:08:18.465Z,60.9,21.1,1.921,49.6,0,59.9,0,0,0,0,0,0,0,0,66
2025-09-29T04:08:19.465Z,60.9,21.1,1.921,50.4,0,59.9,0,0,0,0,0,0,0,0,66
2025-09-29T04:08:20.473Z,60.9,21.1,1.922,49.6,0,59.9,0,0,0,0,0,0,0,0,66
2025-09-29T04:08:21.470Z,60.9,21.1,1.921,50.4,0,59.9,0,0,0,0,0,0,0,0,66
2025-09-29T04:08:22.469Z,60.9,21.1,1.921,49.6,0,59.9,0,0,0,0,0,0,0,0,66
2025-09-29T04:08:23.473Z,60.9,21.1,1.921,50.4,0,59.9,0,0,0,0,0,0,0,0,66
2025-09-29T04:08:24.470Z,60.9,21.1,1.921,49.6,0,59.9,0,0,0,0,0,0,0,0,66
2025-09-29T04:08:25.478Z,60.9,21.1,1.922,49.6,0,59.9,0,0,0,0,0,0,0,0,66
2025-09-29T04:08:26.473Z,60.9,21.1,1.921,50.4,0,59.9,0,0,0,0,0,0,0,0,66
2025-09-29T04:08:27.478Z,60.9,21.1,1.922,49.6,0,59.9,0,0,0,0,0,0,0,0,66
2025-09-29T04:08:28.473Z,60.9,21.1,1.921,50.4,0,59.9,0,0,0,0,0,0,0,0,66
2025-09-29T04:08:29.476Z,60.9,21.1,1.922,49.6,0,59.9,0,0,0,0,0,0,0,0,66
2025-09-29T04:08:30.477Z,60.9,21.1,1.922,49.6,0,59.9,0,0,0,0,0,0,0,0,66
2025-09-29T04:08:31.474Z,60.9,21.1,1.922,50.4,0,59.9,0,0,0,0,0,0,0,0,66
2025-09-29T04:08:32.478Z,60.9,21.1,1.922,49.6,0,59.9,0,0,0,0,0,0,0,0,66
2025-09-29T04:08:33.477Z,60.9,21.1,1.922,49.6,0,59.9,0,0,0,0,0,0,0,0,66
2025-09-29T04:08:34.479Z,60.9,21.1,1.922,50.4,0,59.9,0,0,0,0,0,0,0,0,66
2025-09-29T04:08:35.480Z,60.9,21.1,1.922,49.6,0,59.9,0,0,0,0,0,0,0,0,66
2025-09-29T04:08:36.484Z,60.9,21.1,1.922,49.6,0,59.9,0,0,0,0,0,0,0,0,66
2025-09-29T04:08:37.480Z,60.9,21.1,1.922,49.6,0,59.9,0,0,0,0,0,0,0,0,66
2025-09-29T04:08:38.487Z,60.9,21.1,1.922,49.6,0,59.9,0,0,0,0,0,0,0,0,66
2025-09-29T04:08:39.484Z,60.9,21.1,1.921,49.6,0,59.9,0,0,0,0,0,0,0,0,66
2025-09-29T04:08:40.487Z,60.9,21.1,1.922,50.4,0,59.9,0,0,0,0,0,0,0,0,66
2025-09-29T04:08:41.485Z,60.9,21.1,1.922,50.4,0,59.9,0,0,0,0,0,0,0,0,66
2025-09-29T04:08:42.487Z,60.9,21.1,1.922,50.4,0,59.9,0,0,0,0,0,0,0,0,66
2025-09-29T04:08:43.492Z,60.9,21.1,1.922,50.4,0,59.9,0,0,0,0,0,0,0,0,66
2025-09-29T04:08:44.492Z,60.9,21.1,1.922,50.4,0,59.9,0,0,0,0,0,0,0,0,66
2025-09-29T04:08:45.493Z,60.9,21.1,1.921,50.4,0,59.9,0,0,0,0,0,0,0,0,66
2025-09-29T04:08:46.490Z,60.9,21.1,1.922,49.6,0,59.9,0,0,0,0,0,0,0,0,66
2025-09-29T04:08:47.492Z,60.9,21.1,1.922,50.4,0,59.8,0,0,0,0,0,0,0,0,66
2025-09-29T04:08:48.498Z,61,21.1,1.922,49.6,0,59.9,0,0,0,0,0,0,0,0,66
2025-09-29T04:08:49.493Z,61,21.1,1.922,50.4,0,59.8,0,0,0,0,0,0,0,0,66
2025-09-29T04:08:50.497Z,61,21.1,1.922,49.6,0,59.9,0,0,0,0,0,0,0,0,66
2025-09-29T04:08:51.499Z,61,21.1,1.922,50.4,0,59.9,0,0,0,0,0,0,0,0,66
2025-09-29T04:08:52.495Z,61,21.1,1.921,49.6,0,59.9,0,0,0,0,0,0,0,0,66
2025-09-29T04:08:53.499Z,61,21.1,1.921,49.6,0,59.8,0,0,0,0,0,0,0,0,66
2025-09-29T04:08:54.497Z,61,21.1,1.922,50.4,0,59.8,0,0,0,0,0,0,0,0,66
2025-09-29T04:08:55.500Z,61,21.1,1.922,49.6,0,59.8,0,0,0,0,0,0,0,0,66
2025-09-29T04:08:56.507Z,61,21.1,1.921,49.6,0,59.8,0,0,0,0,0,0,0,0,66
2025-09-29T04:08:57.505Z,61,21.1,1.921,50.4,0,59.8,0,0,0,0,0,0,0,0,66
2025-09-29T04:08:58.503Z,61,21.1,1.922,49.6,0,59.9,0,0,0,0,0,0,0,0,66
2025-09-29T04:08:59.504Z,61,21.1,1.921,49.6,0,59.9,0,0,0,0,0,0,0,0,66
2025-09-29T04:09:00.504Z,61,21.1,1.921,50.4,0,59.8,0,0,0,0,0,0,0,0,66
2025-09-29T04:09:01.502Z,61,21.1,1.921,49.6,0,59.8,0,0,0,0,0,0,0,0,66
2025-09-29T04:09:02.505Z,61,21.1,1.921,49.6,0,59.8,0,0,0,0,0,0,0,0,66
2025-09-29T04:09:03.505Z,61,21.1,1.92,50.4,0,59.8,0,0,0,0,0,0,0,0,66
2025-09-29T04:09:04.505Z,61,21.1,1.92,50.4,0,59.9,0,0,0,0,0,0,0,0,66
2025-09-29T04:09:05.508Z,61,21.1,1.921,49.6,0,59.8,0,0,0,0,0,0,0,0,66
2025-09-29T04:09:06.505Z,61,21.1,1.922,50.4,0,59.9,0,0,0,0,0,0,0,0,66
2025-09-29T04:09:07.508Z,61,21.1,1.92,50.4,0,59.9,0,0,0,0,0,0,0,0,66
2025-09-29T04:09:08.510Z,61,21.1,1.92,49.6,0,59.8,0,0,0,0,0,0,0,0,66
2025-09-29T04:09:09.512Z,61,21.1,1.921,50.4,0,59.9,0,0,0,0,0,0,0,0,66
2025-09-29T04:09:10.514Z,61,21.1,1.92,49.6,0,59.9,0,0,0,0,0,0,0,0,66
2025-09-29T04:09:11.515Z,61,21.1,1.92,50.4,0,59.9,0,0,0,0,0,0,0,0,66
2025-09-29T04:09:12.515Z,61,21.1,1.921,50.4,0,59.9,0,0,0,0,0,0,0,0,66
2025-09-29T04:09:13.520Z,61,21.1,1.921,49.6,0,59.8,0,0,0,0,0,0,0,0,66
2025-09-29T04:09:14.516Z,61,21.1,1.921,50.4,0,59.9,0,0,0,0,0,0,0,0,66
2025-09-29T04:09:15.518Z,60.9,21.1,1.921,49.6,0,59.8,0,0,0,0,0,0,0,0,66
2025-09-29T04:09:16.519Z,61,21.1,1.921,50.4,0,59.9,0,0,0,0,0,0,0,0,66
2025-09-29T04:09:17.521Z,61,21.1,1.921,49.6,0,59.9,0,0,0,0,0,0,0,0,66
2025-09-29T04:09:18.519Z,61,21.1,1.921,50.4,0,59.8,0,0,0,0,0,0,0,0,66
2025-09-29T04:09:19.527Z,61,21.1,1.922,49.6,0,59.9,0,0,0,0,0,0,0,0,66
2025-09-29T04:09:20.531Z,60.9,21.1,1.922,50.4,0,59.9,0,0,0,0,0,0,0,0,66
2025-09-29T04:09:21.522Z,60.9,21.1,1.921,49.6,0,59.9,0,0,0,0,0,0,0,0,66
2025-09-29T04:09:22.529Z,60.9,21.1,1.922,49.6,0,59.8,0,0,0,0,0,0,0,0,66
2025-09-29T04:09:23.528Z,60.9,21.1,1.922,50.4,0,59.8,0,0,0,0,0,0,0,0,66
2025-09-29T04:09:24.529Z,60.9,21.1,1.922,49.6,0,59.8,0,0,0,0,0,0,0,0,66
2025-09-29T04:09:25.526Z,60.9,21.1,1.921,49.6,0,59.8,0,0,0,0,0,0,0,0,66
2025-09-29T04:09:26.531Z,60.9,21.1,1.922,50.4,0,59.9,0,0,0,0,0,0,0,0,66
2025-09-29T04:09:27.531Z,60.9,21.1,1.922,49.6,0,59.9,0,0,0,0,0,0,0,0,66
2025-09-29T04:09:28.528Z,60.9,21.1,1.921,50.4,0,59.9,0,0,0,0,0,0,0,0,66
2025-09-29T04:09:29.532Z,60.9,21.1,1.922,49.6,0,59.8,0,0,0,0,0,0,0,0,66
2025-09-29T04:09:30.530Z,60.9,21.1,1.922,49.6,0,59.9,0,0,0,0,0,0,0,0,66
2025-09-29T04:09:31.528Z,60.9,21.1,1.921,50.4,0,59.8,0,0,0,0,0,0,0,0,66
2025-09-29T04:09:32.530Z,60.9,21.1,1.921,49.6,0,59.9,0,0,0,0,0,0,0,0,66
2025-09-29T04:09:33.537Z,60.9,21.1,1.922,49.6,0,59.9,0,0,0,0,0,0,0,0,66
2025-09-29T04:09:34.532Z,60.9,21.1,1.922,50.4,0,59.9,0,0,0,0,0,0,0,0,66
2025-09-29T04:09:35.532Z,60.9,21.1,1.921,49.6,0,59.9,0,0,0,0,0,0,0,0,66
2025-09-29T04:09:36.535Z,60.9,21.1,1.922,50.4,0,59.9,0,0,0,0,0,0,0,0,66
2025-09-29T04:09:37.534Z,60.9,21.1,1.922,49.6,0,59.8,0,0,0,0,0,0,0,0,66
2025-09-29T04:09:38.537Z,60.9,21.1,1.922,49.6,0,59.8,0,0,0,0,0,0,0,0,66
2025-09-29T04:09:39.542Z,60.9,21.1,1.922,50.4,0,59.9,0,0,0,0,0,0,0,0,66
2025-09-29T04:09:40.542Z,60.9,21.1,1.922,50.4,0,59.9,0,0,0,0,0,0,0,0,66
2025-09-29T04:09:41.540Z,60.9,21.1,1.922,49.6,0,59.9,0,0,0,0,0,0,0,0,66
2025-09-29T04:09:42.542Z,60.9,21.1,1.922,50.4,0,59.9,0,0,0,0,0,0,0,0,66
2025-09-29T04:09:43.544Z,60.9,21.1,1.922,50.4,0,59.8,0,0,0,0,0,0,0,0,66
2025-09-29T04:09:44.543Z,60.9,21.1,1.922,49.6,0,59.9,0,0,0,0,0,0,0,0,66
2025-09-29T04:09:45.546Z,60.9,21.1,1.922,50.4,0,59.9,0,0,0,0,0,0,0,0,66
2025-09-29T04:09:46.546Z,60.9,21.1,1.922,49.6,0,59.8,0,0,0,0,0,0,0,0,66
2025-09-29T04:09:47.547Z,60.9,21.1,1.922,50.4,0,59.9,0,0,0,0,0,0,0,0,66
2025-09-29T04:09:48.549Z,60.9,21.1,1.922,49.6,0,59.9,0,0,0,0,0,0,0,0,66
2025-09-29T04:09:49.547Z,60.9,21.1,1.922,50.4,0,59.8,0,0,0,0,0,0,0,0,66
2025-09-29T04:09:50.550Z,60.9,21.1,1.922,50.4,0,59.8,0,0,0,0,0,0,0,0,66
2025-09-29T04:09:51.553Z,60.9,21.1,1.921,49.6,0,59.8,0,0,0,0,0,0,0,0,66
2025-09-29T04:09:52.553Z,60.9,21.1,1.921,50.4,0,59.8,0,0,0,0,0,0,0,0,66
2025-09-29T04:09:53.557Z,60.8,21.1,1.921,49.6,0,59.9,0,0,0,0,0,0,0,0,66
2025-09-29T04:09:54.553Z,60.8,21.1,1.922,50.4,0,59.9,0,0,0,0,0,0,0,0,66
2025-09-29T04:09:55.555Z,60.8,21.1,1.922,49.6,0,59.8,0,0,0,0,0,0,0,0,66
2025-09-29T04:09:56.557Z,60.8,21.1,1.921,50.4,0,59.8,0,0,0,0,0,0,0,0,66
2025-09-29T04:09:57.556Z,60.8,21.1,1.922,49.6,0,59.8,0,0,0,0,0,0,0,0,66
2025-09-29T04:09:58.560Z,60.8,21.1,1.921,50.4,0,59.8,0,0,0,0,0,0,0,0,66
2025-09-29T04:09:59.557Z,60.8,21.1,1.921,49.6,0,59.8,0,0,0,0,0,0,0,0,66
2025-09-29T04:10:00.556Z,60.8,21.1,1.921,50.4,0,59.8,0,0,0,0,0,0,0,0,66
2025-09-29T04:10:01.555Z,60.8,21.1,1.922,49.6,0,59.8,0,0,0,0,0,0,0,0,66
2025-09-29T04:10:02.564Z,60.8,21.1,1.921,50.4,0,59.9,0,0,0,0,0,0,0,0,66
2025-09-29T04:10:03.563Z,60.8,21.1,1.921,49.6,0,59.8,0,0,0,0,0,0,0,0,66
2025-09-29T04:10:04.563Z,60.8,21.1,1.921,50.4,0,59.8,0,0,0,0,0,0,0,0,66
2025-09-29T04:10:05.564Z,60.8,21.1,1.921,49.6,0,59.8,0,0,0,0,0,0,0,0,66
2025-09-29T04:10:06.561Z,60.8,21.1,1.921,50.4,0,59.8,0,0,0,0,0,0,0,0,66
2025-09-29T04:10:07.570Z,60.8,21.1,1.921,49.6,0,59.9,0,0,0,0,0,0,0,0,66
2025-09-29T04:10:08.567Z,60.8,21.1,1.921,50.4,0,59.9,0,0,0,0,0,0,0,0,66
2025-09-29T04:10:09.567Z,60.8,21.1,1.921,49.6,0,59.8,0,0,0,0,0,0,0,0,66
2025-09-29T04:10:10.565Z,60.8,21.1,1.921,50.4,0,59.9,0,0,0,0,0,0,0,0,66
2025-09-29T04:10:11.570Z,60.8,21.1,1.921,49.6,0,59.8,0,0,0,0,0,0,0,0,66
2025-09-29T04:10:12.568Z,60.8,21.1,1.921,50.4,0,59.9,0,0,0,0,0,0,0,0,66
2025-09-29T04:10:13.568Z,60.8,21.1,1.921,49.6,0,59.9,0,0,0,0,0,0,0,0,66
2025-09-29T04:10:14.572Z,60.8,21.1,1.921,50.4,0,59.9,0,0,0,0,0,0,0,0,66
2025-09-29T04:10:15.573Z,60.8,21.1,1.921,49.6,0,59.9,0,0,0,0,0,0,0,0,66
2025-09-29T04:10:16.575Z,60.8,21.1,1.921,50.4,0,59.9,0,0,0,0,0,0,0,0,66
2025-09-29T04:10:17.574Z,60.8,21.1,1.921,49.6,0,59.9,0,0,0,0,0,0,0,0,66
2025-09-29T04:10:18.571Z,60.8,21.1,1.922,50.4,0,59.9,0,0,0,0,0,0,0,0,66
2025-09-29T04:10:19.581Z,60.8,21.1,1.922,49.6,0,59.8,0,0,0,0,0,0,0,0,66
2025-09-29T04:10:20.579Z,60.7,21.1,1.921,50.4,0,59.9,0,0,0,0,0,0,0,0,66
2025-09-29T04:10:21.578Z,60.7,21.1,1.921,49.6,0,59.9,0,0,0,0,0,0,0,0,66
2025-09-29T04:10:22.580Z,60.7,21.1,1.922,50.4,0,59.9,0,0,0,0,0,0,0,0,66
2025-09-29T04:10:23.588Z,60.7,21.1,1.923,49.6,0,59.9,0,0,0,0,0,0,0,0,66
2025-09-29T04:10:24.583Z,60.7,21.1,1.922,50.4,0,59.8,0,0,0,0,0,0,0,0,66
2025-09-29T04:10:25.589Z,60.7,21.1,1.923,49.6,0,59.8,0,0,0,0,0,0,0,0,66
2025-09-29T04:10:26.583Z,60.7,21.1,1.922,49.6,0,59.8,0,0,0,0,0,0,0,0,66
2025-09-29T04:10:27.589Z,60.7,21.1,1.923,49.6,0,59.9,0,0,0,0,0,0,0,0,66
2025-09-29T04:10:28.581Z,60.7,21.1,1.922,50.4,0,59.9,0,0,0,0,0,0,0,0,66
2025-09-29T04:10:29.591Z,60.7,21.1,1.923,49.6,0,59.8,0,0,0,0,0,0,0,0,66
2025-09-29T04:10:30.583Z,60.7,21.1,1.922,50.4,0,59.9,0,0,0,0,0,0,0,0,66
2025-09-29T04:10:31.591Z,60.7,21.1,1.923,49.6,0,59.9,0,0,0,0,0,0,0,0,66
2025-09-29T04:10:32.589Z,60.7,21.1,1.923,50.4,0,59.9,0,0,0,0,0,0,0,0,66
2025-09-29T04:10:33.592Z,60.7,21.1,1.923,49.6,0,59.8,0,0,0,0,0,0,0,0,66
2025-09-29T04:10:34.590Z,60.7,21.1,1.923,50.4,0,59.9,0,0,0,0,0,0,0,0,66
2025-09-29T04:10:35.592Z,60.7,21.1,1.923,49.6,0,59.9,0,0,0,0,0,0,0,0,66
2025-09-29T04:10:36.590Z,60.7,21.1,1.922,50.4,0,59.9,0,0,0,0,0,0,0,0,66
2025-09-29T04:10:37.594Z,60.7,21.1,1.923,49.6,0,59.9,0,0,0,0,0,0,0,0,66
2025-09-29T04:10:38.594Z,60.7,21.1,1.923,49.6,0,59.9,0,0,0,0,0,0,0,0,66
2025-09-29T04:10:39.595Z,60.7,21.1,1.923,49.6,0,59.9,0,0,0,0,0,0,0,0,66
2025-09-29T04:10:40.595Z,60.7,21.1,1.923,50.4,0,59.9,0,0,0,0,0,0,0,0,66
2025-09-29T04:10:41.591Z,60.7,21.1,1.922,49.6,0,59.9,0,0,0,0,0,0,0,0,66
2025-09-29T04:10:42.597Z,60.6,21.1,1.923,50.4,0,59.9,0,0,0,0,0,0,0,0,66
2025-09-29T04:10:43.598Z,60.6,21.1,1.923,49.6,0,59.9,0,0,0,0,0,0,0,0,66
2025-09-29T04:10:44.601Z,60.6,21.1,1.923,49.6,0,59.9,0,0,0,0,0,0,0,0,66
2025-09-29T04:10:45.599Z,60.6,21.1,1.923,50.4,0,59.9,0,0,0,0,0,0,0,0,66
2025-09-29T04:10:46.596Z,60.6,21.1,1.922,49.6,0,59.9,0,0,0,0,0,0,0,0,66
2025-09-29T04:10:47.600Z,60.6,21.1,1.923,50.4,0,59.9,0,0,0,0,0,0,0,0,66
2025-09-29T04:10:48.604Z,60.6,21.1,1.923,49.6,0,59.9,0,0,0,0,0,0,0,0,66
2025-09-29T04:10:49.602Z,60.6,21.1,1.923,50.4,0,59.9,0,0,0,0,0,0,0,0,66
2025-09-29T04:10:50.605Z,60.6,21.1,1.923,50.4,0,59.9,0,0,0,0,0,0,0,0,66
2025-09-29T04:10:51.609Z,60.6,21.1,1.923,49.6,0,59.9,0,0,0,0,0,0,0,0,66
2025-09-29T04:10:52.610Z,60.6,21.1,1.923,50.4,0,59.9,0,0,0,0,0,0,0,0,66
2025-09-29T04:10:53.607Z,60.6,21.1,1.923,49.6,0,59.9,0,0,0,0,0,0,0,0,66
2025-09-29T04:10:54.609Z,60.6,21.1,1.923,50.4,0,59.9,0,0,0,0,0,0,0,0,66
2025-09-29T04:10:55.610Z,60.6,21.1,1.923,49.6,0,59.9,0,0,0,0,0,0,0,0,66
2025-09-29T04:10:56.616Z,60.6,21.1,1.923,50.4,0,59.9,0,0,0,0,0,0,0,0,66
2025-09-29T04:10:57.612Z,60.6,21.1,1.923,49.6,0,59.9,0,0,0,0,0,0,0,0,66
2025-09-29T04:10:58.614Z,60.6,21.1,1.923,50.4,0,59.9,0,0,0,0,0,0,0,0,66
2025-09-29T04:10:59.609Z,60.6,21.1,1.923,49.6,0,59.9,0,0,0,0,0,0,0,0,66
2025-09-29T04:11:00.619Z,60.6,21.1,1.923,50.4,0,59.9,0,0,0,0,0,0,0,0,66
2025-09-29T04:11:01.613Z,60.6,21.1,1.923,49.6,0,59.9,0,0,0,0,0,0,0,0,66
2025-09-29T04:11:02.614Z,60.5,21.1,1.923,50.4,0,59.9,0,0,0,0,0,0,0,0,66
2025-09-29T04:11:03.615Z,60.5,21.1,1.923,49.6,0,59.9,0,0,0,0,0,0,0,0,66
2025-09-29T04:11:04.619Z,60.5,21.1,1.923,49.6,0,59.9,0,0,0,0,0,0,0,0,66
2025-09-29T04:11:05.619Z,60.5,21.1,1.923,49.6,0,59.9,0,0,0,0,0,0,0,0,66
2025-09-29T04:11:06.619Z,60.5,21.1,1.923,50.4,0,59.9,0,0,0,0,0,0,0,0,66
2025-09-29T04:11:07.621Z,60.5,21.1,1.923,49.6,0,59.9,0,0,0,0,0,0,0,0,66
2025-09-29T04:11:08.618Z,60.5,21.1,1.923,50.4,0,59.9,0,0,0,0,0,0,0,0,66
2025-09-29T04:11:09.620Z,60.5,21.1,1.923,49.6,0,59.9,0,0,0,0,0,0,0,0,66
2025-09-29T04:11:10.622Z,60.5,21.1,1.923,49.6,0,59.9,0,0,0,0,0,0,0,0,66
2025-09-29T04:11:11.622Z,60.5,21.1,1.923,50.4,0,59.9,0,0,0,0,0,0,0,0,66
2025-09-29T04:11:12.621Z,60.5,21.1,1.923,49.6,0,59.9,0,0,0,0,0,0,0,0,66
2025-09-29T04:11:13.624Z,60.5,21.1,1.923,50.4,0,59.9,0,0,0,0,0,0,0,0,66
2025-09-29T04:11:14.621Z,60.5,21.1,1.923,50.4,0,59.9,0,0,0,0,0,0,0,0,66
2025-09-29T04:11:15.623Z,60.5,21.1,1.923,49.6,0,59.9,0,0,0,0,0,0,0,0,66
2025-09-29T04:11:16.631Z,60.5,21.1,1.924,50.4,0,59.9,0,0,0,0,0,0,0,0,66
2025-09-29T04:11:17.628Z,60.5,21.1,1.923,49.6,0,59.9,0,0,0,0,0,0,0,0,66
2025-09-29T04:11:18.627Z,60.5,21.1,1.924,50.4,0,59.9,0,0,0,0,0,0,0,0,66
2025-09-29T04:11:19.627Z,60.5,21.1,1.924,49.6,0,59.9,0,0,0,0,0,0,0,0,66
2025-09-29T04:11:20.627Z,60.4,21.1,1.923,49.6,0,59.9,0,0,0,0,0,0,0,0,66
2025-09-29T04:11:21.633Z,60.4,21.1,1.924,49.6,0,59.9,0,0,0,0,0,0,0,0,66
2025-09-29T04:11:22.628Z,60.4,21.1,1.923,50.4,0,59.9,0,0,0,0,0,0,0,0,66
2025-09-29T04:11:23.630Z,60.4,21.1,1.923,49.6,0,59.9,0,0,0,0,0,0,0,0,66
2025-09-29T04:11:24.631Z,60.4,21.1,1.923,49.6,0,59.9,0,0,0,0,0,0,0,0,66
2025-09-29T04:11:25.634Z,60.4,21.1,1.924,50.4,0,59.9,0,0,0,0,0,0,0,0,66
2025-09-29T04:11:26.633Z,60.4,21.1,1.923,49.6,0,59.9,0,0,0,0,0,0,0,0,66
2025-09-29T04:11:27.640Z,60.4,21.1,1.924,49.6,0,59.9,0,0,0,0,0,0,0,0,66
2025-09-29T04:11:28.637Z,60.4,21.1,1.924,50.4,0,59.9,0,0,0,0,0,0,0,0,66
2025-09-29T04:11:29.633Z,60.4,21.1,1.924,49.6,0,59.9,0,0,0,0,0,0,0,0,66
2025-09-29T04:11:30.634Z,60.4,21.1,1.923,49.6,0,59.9,0,0,0,0,0,0,0,0,66
2025-09-29T04:11:31.638Z,60.4,21.1,1.924,50.4,0,59.9,0,0,0,0,0,0,0,0,66
2025-09-29T04:11:32.640Z,60.4,21.1,1.924,49.6,0,59.9,0,0,0,0,0,0,0,0,66
2025-09-29T04:11:33.638Z,60.4,21.1,1.924,49.6,0,59.9,0,0,0,0,0,0,0,0,66
2025-09-29T04:11:34.638Z,60.4,21.1,1.924,50.4,0,59.9,0,0,0,0,0,0,0,0,66
2025-09-29T04:11:35.641Z,60.4,21.1,1.924,50.4,0,59.9,0,0,0,0,0,0,0,0,66
2025-09-29T04:11:36.642Z,60.4,21.1,1.924,49.6,0,59.9,0,0,0,0,0,0,0,0,66
2025-09-29T04:11:37.641Z,60.4,21.1,1.924,50.4,0,59.9,0,0,0,0,0,0,0,0,66
2025-09-29T04:11:38.642Z,60.4,21.1,1.924,49.6,0,59.9,0,0,0,0,0,0,0,0,66
2025-09-29T04:11:39.644Z,60.3,21.1,1.924,49.6,0,59.9,0,0,0,0,0,0,0,0,66
2025-09-29T04:11:40.646Z,60.3,21.1,1.924,50.4,0,59.9,0,0,0,0,0,0,0,0,66
2025-09-29T04:11:41.648Z,60.3,21.1,1.924,49.6,0,59.9,0,0,0,0,0,0,0,0,66
2025-09-29T04:11:42.648Z,60.3,21.1,1.924,49.6,0,59.9,0,0,0,0,0,0,0,0,66
2025-09-29T04:11:43.653Z,60.3,21.1,1.924,50.4,0,59.9,0,0,0,0,0,0,0,0,66
2025-09-29T04:11:44.650Z,60.3,21.1,1.924,50.4,0,59.9,0,0,0,0,0,0,0,0,66
2025-09-29T04:11:45.654Z,60.3,21.1,1.924,49.6,0,59.9,0,0,0,0,0,0,0,0,66
2025-09-29T04:11:46.652Z,60.3,21.1,1.924,50.4,0,59.9,0,0,0,0,0,0,0,0,66
2025-09-29T04:11:47.653Z,60.3,21.1,1.924,49.6,0,59.9,0,0,0,0,0,0,0,0,66
2025-09-29T04:11:48.660Z,60.3,21.1,1.924,49.6,0,59.9,0,0,0,0,0,0,0,0,66
2025-09-29T04:11:49.656Z,60.3,21.1,1.924,50.4,0,59.9,0,0,0,0,0,0,0,0,66
2025-09-29T04:11:50.654Z,60.3,21.1,1.924,49.6,0,59.9,0,0,0,0,0,0,0,0,66
2025-09-29T04:11:51.659Z,60.3,21.1,1.925,49.6,0,59.9,0,0,0,0,0,0,0,0,66
2025-09-29T04:11:52.656Z,60.3,21.1,1.924,50.4,0,59.9,0,0,0,0,0,0,0,0,66
2025-09-29T04:11:53.655Z,60.3,21.1,1.923,50.4,0,59.9,0,0,0,0,0,0,0,0,66
2025-09-29T04:11:54.658Z,60.3,21.1,1.924,49.6,0,59.9,0,0,0,0,0,0,0,0,66
2025-09-29T04:11:55.660Z,60.3,21.1,1.924,50.4,0,59.9,0,0,0,0,0,0,0,0,66
2025-09-29T04:11:56.658Z,60.3,21.1,1.925,49.6,0,59.9,0,0,0,0,0,0,0,0,66
2025-09-29T04:11:57.661Z,60.3,21.1,1.924,49.6,0,59.9,0,0,0,0,0,0,0,0,66
2025-09-29T04:11:58.658Z,60.3,21.1,1.924,50.4,0,59.9,0,0,0,0,0,0,0,0,66
2025-09-29T04:11:59.659Z,60.2,21.1,1.925,49.6,0,59.9,0,0,0,0,0,0,0,0,66
2025-09-29T04:12:00.663Z,60.2,21.1,1.924,49.6,0,59.9,0,0,0,0,0,0,0,0,66
2025-09-29T04:12:01.664Z,60.2,21.1,1.925,50.4,0,59.9,0,0,0,0,0,0,0,0,66
2025-09-29T04:12:02.664Z,60.2,21.1,1.925,49.6,0,59.9,0,0,0,0,0,0,0,0,66
2025-09-29T04:12:03.665Z,60.2,21.1,1.925,49.6,0,59.9,0,0,0,0,0,0,0,0,66
2025-09-29T04:12:04.669Z,60.2,21.1,1.924,50.4,0,59.9,0,0,0,0,0,0,0,0,66
2025-09-29T04:12:05.670Z,60.2,21.1,1.925,50.4,0,59.9,0,0,0,0,0,0,0,0,66
2025-09-29T04:12:06.672Z,60.2,21.1,1.925,49.6,0,59.9,0,0,0,0,0,0,0,0,66
2025-09-29T04:12:07.671Z,60.2,21.1,1.925,50.4,0,59.9,0,0,0,0,0,0,0,0,66
2025-09-29T04:12:08.673Z,60.2,21.1,1.925,49.6,0,59.9,0,0,0,0,0,0,0,0,66
2025-09-29T04:12:09.673Z,60.2,21.1,1.925,49.6,0,59.9,0,0,0,0,0,0,0,0,66
2025-09-29T04:12:10.672Z,60.2,21.1,1.925,50.4,0,59.9,0,0,0,0,0,0,0,0,66
2025-09-29T04:12:11.672Z,60.2,21.1,1.925,50.4,0,59.9,0,0,0,0,0,0,0,0,66
2025-09-29T04:12:12.675Z,60.2,21.1,1.925,49.6,0,59.9,0,0,0,0,0,0,0,0,66
2025-09-29T04:12:13.673Z,60.2,21.1,1.925,50.4,0,59.9,0,0,0,0,0,0,0,0,66
2025-09-29T04:12:14.674Z,60.2,21.1,1.925,50.4,0,59.9,0,0,0,0,0,0,0,0,66
2025-09-29T04:12:15.680Z,60.2,21.1,1.925,49.6,0,59.9,0,0,0,0,0,0,0,0,66
2025-09-29T04:12:16.682Z,60.2,21.1,1.926,50.4,0,59.9,0,0,0,0,0,0,0,0,66
2025-09-29T04:12:17.678Z,60.2,21.1,1.926,49.6,0,59.9,0,0,0,0,0,0,0,0,66
2025-09-29T04:12:18.679Z,60.1,21.1,1.926,49.6,0,59.9,0,0,0,0,0,0,0,0,66
2025-09-29T04:12:19.684Z,60.1,21.1,1.926,50.4,0,59.9,0,0,0,0,0,0,0,0,66
2025-09-29T04:12:20.681Z,60.1,21.1,1.926,49.6,0,59.9,0,0,0,0,0,0,0,0,66
2025-09-29T04:12:20.681Z,60.1,21.1,1.926,49.6,0,59.9,0,0,0,0,0,0,0,0,66
2025-09-29T04:12:22.683Z,60.1,21.1,1.926,50.4,0,59.9,0,0,0,0,0,0,0,0,66
2025-09-29T04:12:23.683Z,60.1,21.1,1.926,50.4,0,59.9,0,0,0,0,0,0,0,0,66
2025-09-29T04:12:24.684Z,60.1,21.1,1.926,49.6,0,59.9,0,0,0,0,0,0,0,0,66
2025-09-29T04:12:25.685Z,60.1,21.1,1.926,50.4,0,59.9,0,0,0,0,0,0,0,0,66
2025-09-29T04:12:26.685Z,60.1,21.1,1.926,49.6,0,59.9,0,0,0,0,0,0,0,0,66
2025-09-29T04:12:27.687Z,60.1,21.1,1.926,49.6,0,59.9,0,0,0,0,0,0,0,0,66
2025-09-29T04:12:28.684Z,60.1,21.1,1.926,50.4,0,59.9,0,0,0,0,0,0,0,0,66
2025-09-29T04:12:29.684Z,60.1,21.1,1.926,50.4,0,59.9,0,0,0,0,0,0,0,0,66
2025-09-29T04:12:30.686Z,60.1,21.1,1.926,49.6,0,59.9,0,0,0,0,0,0,0,0,66
2025-09-29T04:12:31.692Z,60.1,21.1,1.926,50.4,0,59.9,0,0,0,0,0,0,0,0,66
2025-09-29T04:12:32.690Z,60.1,21.1,1.926,50.4,0,59.9,0,0,0,0,0,0,0,0,66
2025-09-29T04:12:33.691Z,60.1,21.1,1.926,49.6,0,59.9,0,0,0,0,0,0,0,0,66
2025-09-29T04:12:34.691Z,60.1,21.1,1.926,50.4,0,59.9,0,0,0,0,0,0,0,0,66
2025-09-29T04:12:35.694Z,60.1,21.1,1.926,49.6,0,59.9,0,0,0,0,0,0,0,0,66
2025-09-29T04:12:36.695Z,60.1,21.1,1.926,50.4,0,59.9,0,0,0,0,0,0,0,0,66
2025-09-29T04:12:37.695Z,60.1,21.1,1.926,49.6,0,59.9,0,0,0,0,0,0,0,0,66
2025-09-29T04:12:38.696Z,60,21.1,1.926,50.4,0,59.9,0,0,0,0,0,0,0,0,66
2025-09-29T04:12:39.694Z,60,21.1,1.926,49.6,0,59.9,0,0,0,0,0,0,0,0,66
2025-09-29T04:12:40.699Z,60,21.1,1.926,49.6,0,59.9,0,0,0,0,0,0,0,0,66
2025-09-29T04:12:41.702Z,60,21.1,1.926,50.4,0,59.9,0,0,0,0,0,0,0,0,66
2025-09-29T04:12:42.698Z,60,21.1,1.926,49.6,0,59.9,0,0,0,0,0,0,0,0,66
2025-09-29T04:12:43.704Z,60,21.1,1.926,50.4,0,59.9,0,0,0,0,0,0,0,0,66
2025-09-29T04:12:44.702Z,60,21.1,1.926,50.4,0,59.9,0,0,0,0,0,0,0,0,66
2025-09-29T04:12:45.702Z,60,21.1,1.926,49.6,0,59.9,0,0,0,0,0,0,0,0,66
2025-09-29T04:12:46.702Z,60,21.1,1.926,50.4,0,59.9,0,0,0,0,0,0,0,0,66
2025-09-29T04:12:47.703Z,60,21.1,1.926,49.6,0,59.9,0,0,0,0,0,0,0,0,66
2025-09-29T04:12:48.712Z,60,21.1,1.925,50.4,0,59.9,0,0,0,0,0,0,0,0,66
2025-09-29T04:12:49.708Z,60,21.1,1.926,49.6,0,59.9,0,0,0,0,0,0,0,0,66
2025-09-29T04:12:50.706Z,60,21.1,1.926,50.4,0,59.9,0,0,0,0,0,0,0,0,66
2025-09-29T04:12:51.712Z,60,21.1,1.926,49.6,0,59.9,0,0,0,0,0,0,0,0,66
2025-09-29T04:12:52.712Z,60,21.1,1.926,50.4,0,59.9,0,0,0,0,0,0,0,0,66
2025-09-29T04:12:53.710Z,60,21.1,1.926,50.4,0,59.9,0,0,0,0,0,0,0,0,66
2025-09-29T04:12:54.711Z,60,21.1,1.926,49.6,0,59.9,0,0,0,0,0,0,0,0,66
2025-09-29T04:12:55.712Z,60,21.1,1.926,50.4,0,59.9,0,0,0,0,0,0,0,0,66
2025-09-29T04:12:56.714Z,60,21.1,1.926,49.6,0,59.9,0,0,0,0,0,0,0,0,66
2025-09-29T04:12:57.712Z,59.9,21.1,1.926,50.4,0,59.9,0,0,0,0,0,0,0,0,66
2025-09-29T04:12:58.712Z,59.9,21.1,1.926,49.6,0,59.9,0,0,0,0,0,0,0,0,66
2025-09-29T04:12:59.713Z,59.9,21.1,1.926,50.4,0,59.9,0,0,0,0,0,0,0,0,66
2025-09-29T04:13:00.715Z,59.9,21.1,1.926,49.6,0,59.9,0,0,0,0,0,0,0,0,66
2025-09-29T04:13:01.713Z,59.9,21.1,1.926,49.6,0,59.9,0,0,0,0,0,0,0,0,66
2025-09-29T04:13:02.716Z,59.9,21.1,1.926,50.4,0,59.9,0,0,0,0,0,0,0,0,66
2025-09-29T04:13:03.716Z,59.9,21.1,1.926,49.6,0,59.9,0,0,0,0,0,0,0,0,66
2025-09-29T04:13:04.723Z,59.9,21.1,1.926,49.6,0,59.9,0,0,0,0,0,0,0,0,66
2025-09-29T04:13:05.719Z,59.9,21.1,1.926,50.4,0,59.9,0,0,0,0,0,0,0,0,66
2025-09-29T04:13:06.720Z,59.9,21.1,1.926,49.6,0,59.9,0,0,0,0,0,0,0,0,66
2025-09-29T04:13:07.720Z,59.9,21.1,1.926,50.4,0,59.9,0,0,0,0,0,0,0,0,66
2025-09-29T04:13:08.725Z,59.9,21.1,1.926,50.4,0,59.9,0,0,0,0,0,0,0,0,66
2025-09-29T04:13:09.719Z,59.9,21.1,1.926,49.6,0,59.9,0,0,0,0,0,0,0,0,66
2025-09-29T04:13:10.726Z,59.9,21.1,1.926,50.4,0,59.9,0,0,0,0,0,0,0,0,66
2025-09-29T04:13:11.724Z,59.9,21.1,1.926,49.6,0,59.9,0,0,0,0,0,0,0,0,66
2025-09-29T04:13:12.724Z,59.9,21.1,1.926,49.6,0,59.9,0,0,0,0,0,0,0,0,66
2025-09-29T04:13:13.722Z,59.9,21.1,1.926,49.6,0,59.9,0,0,0,0,0,0,0,0,66
2025-09-29T04:13:14.728Z,59.9,21.1,1.926,50.4,0,59.9,0,0,0,0,0,0,0,0,66
2025-09-29T04:13:15.729Z,59.9,21.1,1.926,49.6,0,59.9,0,0,0,0,0,0,0,0,66
2025-09-29T04:13:16.728Z,59.9,21.1,1.926,49.6,0,59.9,0,0,0,0,0,0,0,0,66
2025-09-29T04:13:17.731Z,59.9,21.1,1.927,50.4,0,59.9,0,0,0,0,0,0,0,0,66
2025-09-29T04:13:18.728Z,59.8,21.1,1.926,49.6,0,59.9,0,0,0,0,0,0,0,0,66
2025-09-29T04:13:19.733Z,59.8,21.1,1.927,50.4,0,59.9,0,0,0,0,0,0,0,0,66
2025-09-29T04:13:20.731Z,59.8,21.1,1.927,50.4,0,59.9,0,0,0,0,0,0,0,0,66
2025-09-29T04:13:21.736Z,59.8,21.1,1.927,49.6,0,59.9,0,0,0,0,0,0,0,0,66
2025-09-29T04:13:22.734Z,59.8,21.1,1.927,50.4,0,59.9,0,0,0,0,0,0,0,0,66
2025-09-29T04:13:23.733Z,59.8,21.1,1.927,49.6,0,59.9,0,0,0,0,0,0,0,0,66
2025-09-29T04:13:24.733Z,59.8,21.1,1.927,50.4,0,59.9,0,0,0,0,0,0,0,0,66
2025-09-29T04:13:25.732Z,59.8,21.1,1.927,49.6,0,59.9,0,0,0,0,0,0,0,0,66
2025-09-29T04:13:26.733Z,59.8,21.1,1.927,49.6,0,59.9,0,0,0,0,0,0,0,0,66
2025-09-29T04:13:27.736Z,59.8,21.1,1.927,50.4,0,59.9,0,0,0,0,0,0,0,0,66
2025-09-29T04:13:28.735Z,59.8,21.1,1.927,49.6,0,59.9,0,0,0,0,0,0,0,0,66
2025-09-29T04:13:29.734Z,59.8,21.1,1.927,50.4,0,59.9,0,0,0,0,0,0,0,0,66
2025-09-29T04:13:30.733Z,59.8,21.1,1.927,49.6,0,59.9,0,0,0,0,0,0,0,0,66
2025-09-29T04:13:31.736Z,59.8,21.1,1.927,49.6,0,59.9,0,0,0,0,0,0,0,0,66
2025-09-29T04:13:32.742Z,59.8,21.1,1.927,50.4,0,59.9,0,0,0,0,0,0,0,0,66
2025-09-29T04:13:33.739Z,59.8,21.1,1.927,49.6,0,59.9,0,0,0,0,0,0,0,0,66
2025-09-29T04:13:34.738Z,59.8,21.1,1.927,50.4,0,59.9,0,0,0,0,0,0,0,0,66
2025-09-29T04:13:35.741Z,59.8,21.1,1.927,49.6,0,59.9,0,0,0,0,0,0,0,0,66
2025-09-29T04:13:36.744Z,59.8,21.1,1.927,49.6,0,59.9,0,0,0,0,0,0,0,0,66
2025-09-29T04:13:37.741Z,59.8,21.1,1.927,50.4,0,59.9,0,0,0,0,0,0,0,0,66
2025-09-29T04:13:38.741Z,59.8,21.1,1.927,49.6,0,59.9,0,0,0,0,0,0,0,0,66
2025-09-29T04:13:39.749Z,59.8,21.1,1.927,50.4,0,59.9,0,0,0,0,0,0,0,0,66
2025-09-29T04:13:40.748Z,59.8,21.1,1.927,50.4,0,59.9,0,0,0,0,0,0,0,0,66
2025-09-29T04:13:41.744Z,59.8,21.1,1.927,49.6,0,59.9,0,0,0,0,0,0,0,0,66
2025-09-29T04:13:42.751Z,59.8,21.1,1.927,50.4,0,59.9,0,0,0,0,0,0,0,0,66
2025-09-29T04:13:43.751Z,59.8,21.1,1.927,49.6,0,59.9,0,0,0,0,0,0,0,0,66
2025-09-29T04:13:44.754Z,59.7,21.1,1.927,50.4,0,59.9,0,0,0,0,0,0,0,0,66
2025-09-29T04:13:45.754Z,59.7,21.1,1.927,49.6,0,59.9,0,0,0,0,0,0,0,0,66
2025-09-29T04:13:46.756Z,59.7,21.1,1.927,49.6,0,59.9,0,0,0,0,0,0,0,0,66
2025-09-29T04:13:47.750Z,59.7,21.1,1.927,50.4,0,59.9,0,0,0,0,0,0,0,0,66
2025-09-29T04:13:48.754Z,59.7,21.1,1.927,49.6,0,59.9,0,0,0,0,0,0,0,0,66
2025-09-29T04:13:49.757Z,59.7,21.1,1.927,50.4,0,59.9,0,0,0,0,0,0,0,0,66
2025-09-29T04:13:50.755Z,59.7,21.1,1.927,49.6,0,59.9,0,0,0,0,0,0,0,0,66
2025-09-29T04:13:51.759Z,59.7,21.1,1.926,50.4,0,59.9,0,0,0,0,0,0,0,0,66
2025-09-29T04:13:52.758Z,59.7,21.1,1.927,50.4,0,59.9,0,0,0,0,0,0,0,0,66
2025-09-29T04:13:53.756Z,59.7,21.1,1.927,49.6,0,59.9,0,0,0,0,0,0,0,0,66
2025-09-29T04:13:54.758Z,59.7,21.1,1.927,50.4,0,59.9,0,0,0,0,0,0,0,0,66
2025-09-29T04:13:55.758Z,59.7,21.1,1.927,49.6,0,59.9,0,0,0,0,0,0,0,0,66
2025-09-29T04:13:56.776Z,59.7,21.1,1.926,50.4,0,59.9,0,0,0,0,0,0,0,0,66
2025-09-29T04:13:57.760Z,59.7,21.1,1.927,49.6,0,59.9,0,0,0,0,0,0,0,0,66
2025-09-29T04:13:58.761Z,59.7,21.1,1.927,49.6,0,59.9,0,0,0,0,0,0,0,0,66
2025-09-29T04:13:59.764Z,59.7,21.1,1.927,49.6,0,59.9,0,0,0,0,0,0,0,0,66
2025-09-29T04:14:00.762Z,59.7,21.1,1.927,50.4,0,59.9,0,0,0,0,0,0,0,0,66
2025-09-29T04:14:01.762Z,59.7,21.1,1.927,50.4,0,59.9,0,0,0,0,0,0,0,0,66
2025-09-29T04:14:02.764Z,59.7,21.1,1.927,49.6,0,59.9,0,0,0,0,0,0,0,0,66
2025-09-29T04:14:03.767Z,59.7,21.1,1.927,49.6,0,59.9,0,0,0,0,0,0,0,0,66
2025-09-29T04:14:04.767Z,59.7,21.1,1.927,50.4,0,59.9,0,0,0,0,0,0,0,0,66
2025-09-29T04:14:05.768Z,59.7,21.1,1.927,50.4,0,59.9,0,0,0,0,0,0,0,0,66
2025-09-29T04:14:06.771Z,59.7,21.1,1.927,49.6,0,59.9,0,0,0,0,0,0,0,0,66
2025-09-29T04:14:07.774Z,59.6,21.1,1.927,50.4,0,59.9,0,0,0,0,0,0,0,0,66
2025-09-29T04:14:08.772Z,59.7,21.1,1.927,49.6,0,59.9,0,0,0,0,0,0,0,0,66
2025-09-29T04:14:09.773Z,59.6,21.1,1.927,50.4,0,59.9,0,0,0,0,0,0,0,0,66
2025-09-29T04:14:10.771Z,59.6,21.1,1.927,49.6,0,59.9,0,0,0,0,0,0,0,0,66
2025-09-29T04:14:11.774Z,59.6,21.1,1.927,49.6,0,59.9,0,0,0,0,0,0,0,0,66
2025-09-29T04:14:12.782Z,59.6,21.1,1.927,49.6,0,59.9,0,0,0,0,0,0,0,0,66
2025-09-29T04:14:13.775Z,59.6,21.1,1.927,50.4,0,59.9,0,0,0,0,0,0,0,0,66
2025-09-29T04:14:14.777Z,59.6,21.1,1.927,49.6,0,59.9,0,0,0,0,0,0,0,0,66
2025-09-29T04:14:15.779Z,59.6,21.1,1.927,50.4,0,59.9,0,0,0,0,0,0,0,0,66
2025-09-29T04:14:16.780Z,59.6,21.1,1.926,50.4,0,59.9,0,0,0,0,0,0,0,0,66
2025-09-29T04:14:17.780Z,59.6,21.1,1.927,49.6,0,59.9,0,0,0,0,0,0,0,0,66
2025-09-29T04:14:18.779Z,59.6,21.1,1.928,50.4,0,59.9,0,0,0,0,0,0,0,0,66
2025-09-29T04:14:19.792Z,59.6,21.1,1.927,49.6,0,59.9,0,0,0,0,0,0,0,0,66
2025-09-29T04:14:20.783Z,59.6,21.1,1.928,50.4,0,59.9,0,0,0,0,0,0,0,0,66
2025-09-29T04:14:21.783Z,59.6,21.1,1.926,49.6,0,59.9,0,0,0,0,0,0,0,0,66
2025-09-29T04:14:22.788Z,59.6,21.1,1.927,50.4,0,59.9,0,0,0,0,0,0,0,0,66
2025-09-29T04:14:23.790Z,59.6,21.1,1.927,49.6,0,59.9,0,0,0,0,0,0,0,0,66
2025-09-29T04:14:24.790Z,59.6,21.1,1.927,50.4,0,59.9,0,0,0,0,0,0,0,0,66
2025-09-29T04:14:25.788Z,59.6,21.1,1.927,49.6,0,59.9,0,0,0,0,0,0,0,0,66
2025-09-29T04:14:26.794Z,59.6,21.1,1.927,50.4,0,59.9,0,0,0,0,0,0,0,0,66
2025-09-29T04:14:27.790Z,59.6,21.1,1.927,49.6,0,59.9,0,0,0,0,0,0,0,0,66
2025-09-29T04:14:28.790Z,59.6,21.1,1.927,50.4,0,59.9,0,0,0,0,0,0,0,0,66
2025-09-29T04:14:29.787Z,59.6,21.1,1.928,49.6,0,59.9,0,0,0,0,0,0,0,0,66
2025-09-29T04:14:30.788Z,59.6,21.1,1.928,50.4,0,59.9,0,0,0,0,0,0,0,0,66
2025-09-29T04:14:31.795Z,59.5,21.1,1.927,49.6,0,59.9,0,0,0,0,0,0,0,0,66
2025-09-29T04:14:32.795Z,59.5,21.1,1.927,50.4,0,59.9,0,0,0,0,0,0,0,0,66
2025-09-29T04:14:33.793Z,59.6,21.1,1.928,49.6,0,59.9,0,0,0,0,0,0,0,0,66
2025-09-29T04:14:34.795Z,59.5,21.1,1.928,50.4,0,59.9,0,0,0,0,0,0,0,0,66
2025-09-29T04:14:35.795Z,59.5,21.1,1.927,49.6,0,59.9,0,0,0,0,0,0,0,0,66
2025-09-29T04:14:36.800Z,59.5,21.1,1.928,50.4,0,59.9,0,0,0,0,0,0,0,0,66
2025-09-29T04:14:37.804Z,59.5,21.1,1.928,49.6,0,59.9,0,0,0,0,0,0,0,0,66
2025-09-29T04:14:38.803Z,59.5,21.1,1.928,50.4,0,59.9,0,0,0,0,0,0,0,0,66
2025-09-29T04:14:39.803Z,59.5,21.1,1.928,49.6,0,59.9,0,0,0,0,0,0,0,0,66
2025-09-29T04:14:40.799Z,59.5,21.1,1.928,50.4,0,59.9,0,0,0,0,0,0,0,0,66
2025-09-29T04:14:41.802Z,59.5,21.1,1.928,49.6,0,59.9,0,0,0,0,0,0,0,0,66
2025-09-29T04:14:42.806Z,59.5,21.1,1.928,50.4,0,59.9,0,0,0,0,0,0,0,0,66
2025-09-29T04:14:43.807Z,59.5,21.1,1.928,49.6,0,59.9,0,0,0,0,0,0,0,0,66
2025-09-29T04:14:44.806Z,59.5,21.1,1.928,50.4,0,59.9,0,0,0,0,0,0,0,0,66
2025-09-29T04:14:45.803Z,59.5,21.1,1.928,49.6,0,59.9,0,0,0,0,0,0,0,0,66
2025-09-29T04:14:46.805Z,59.5,21.1,1.928,50.4,0,59.9,0,0,0,0,0,0,0,0,66
2025-09-29T04:14:47.807Z,59.5,21.1,1.928,49.6,0,59.9,0,0,0,0,0,0,0,0,66
2025-09-29T04:14:48.810Z,59.5,21.1,1.928,50.4,0,59.9,0,0,0,0,0,0,0,0,66
2025-09-29T04:14:49.807Z,59.5,21.1,1.928,49.6,0,59.9,0,0,0,0,0,0,0,0,66
2025-09-29T04:14:50.807Z,59.5,21.1,1.928,49.6,0,59.9,0,0,0,0,0,0,0,0,66
2025-09-29T04:14:51.811Z,59.5,21.1,1.928,49.6,0,59.9,0,0,0,0,0,0,0,0,66
2025-09-29T04:14:52.818Z,59.5,21.1,1.928,50.4,0,59.9,0,0,0,0,0,0,0,0,66
2025-09-29T04:14:53.812Z,59.5,21.1,1.928,49.6,0,59.9,0,0,0,0,0,0,0,0,66
2025-09-29T04:14:54.814Z,59.5,21.1,1.928,50.4,0,59.9,0,0,0,0,0,0,0,0,66
2025-09-29T04:14:55.813Z,59.5,21.1,1.928,49.6,0,59.9,0,0,0,0,0,0,0,0,66
2025-09-29T04:14:56.817Z,59.5,21.1,1.928,50.4,0,59.9,0,0,0,0,0,0,0,0,66
2025-09-29T04:14:57.822Z,59.5,21.1,1.928,49.6,0,59.9,0,0,0,0,0,0,0,0,66
2025-09-29T04:14:58.815Z,59.5,21.1,1.928,49.6,0,59.9,0,0,0,0,0,0,0,0,66
2025-09-29T04:14:59.816Z,59.5,21.1,1.928,49.6,0,59.9,0,0,0,0,0,0,0,0,66
2025-09-29T04:15:00.820Z,59.5,21.1,1.928,50.4,0,59.9,0,0,0,0,0,0,0,0,66
2025-09-29T04:15:01.820Z,59.5,21.1,1.928,49.6,0,59.9,0,0,0,0,0,0,0,0,66
2025-09-29T04:15:02.820Z,59.5,21.1,1.928,50.4,0,59.9,0,0,0,0,0,0,0,0,66
2025-09-29T04:15:03.821Z,59.5,21.1,1.928,49.6,0,59.9,0,0,0,0,0,0,0,0,66
2025-09-29T04:15:04.824Z,59.5,21.1,1.928,49.6,0,59.9,0,0,0,0,0,0,0,0,66
2025-09-29T04:15:05.827Z,59.5,21.1,1.928,50.4,0,59.9,0,0,0,0,0,0,0,0,66
2025-09-29T04:15:06.823Z,59.5,21.1,1.928,49.6,0,59.9,0,0,0,0,0,0,0,0,66
2025-09-29T04:15:07.824Z,59.4,21.1,1.928,50.4,0,59.9,0,0,0,0,0,0,0,0,66
2025-09-29T04:15:08.829Z,59.4,21.1,1.928,50.4,0,59.9,0,0,0,0,0,0,0,0,66
2025-09-29T04:15:09.828Z,59.4,21.1,1.928,49.6,0,59.9,0,0,0,0,0,0,0,0,66
2025-09-29T04:15:10.827Z,59.4,21.1,1.928,50.4,0,59.9,0,0,0,0,0,0,0,0,66
2025-09-29T04:15:11.832Z,59.4,21.1,1.929,49.6,0,59.9,0,0,0,0,0,0,0,0,66
2025-09-29T04:15:12.830Z,59.4,21.1,1.928,50.4,0,59.9,0,0,0,0,0,0,0,0,66
2025-09-29T04:15:13.831Z,59.4,21.1,1.928,49.6,0,59.9,0,0,0,0,0,0,0,0,66
2025-09-29T04:15:14.831Z,59.4,21.1,1.928,50.4,0,59.9,0,0,0,0,0,0,0,0,66
2025-09-29T04:15:15.834Z,59.4,21.1,1.928,49.6,0,59.9,0,0,0,0,0,0,0,0,66
2025-09-29T04:15:16.832Z,59.4,21.1,1.928,50.4,0,59.9,0,0,0,0,0,0,0,0,66
2025-09-29T04:15:17.836Z,59.4,21.1,1.929,49.6,0,59.9,0,0,0,0,0,0,0,0,66
2025-09-29T04:15:18.832Z,59.4,21.1,1.928,50.4,0,59.9,0,0,0,0,0,0,0,0,66
2025-09-29T04:15:19.836Z,59.4,21.1,1.928,49.6,0,59.9,0,0,0,0,0,0,0,0,66
2025-09-29T04:15:20.836Z,59.4,21.1,1.928,50.4,0,59.9,0,0,0,0,0,0,0,0,66
2025-09-29T04:15:21.839Z,59.4,21.1,1.928,49.6,0,59.9,0,0,0,0,0,0,0,0,66
2025-09-29T04:15:22.839Z,59.4,21.1,1.928,50.4,0,59.9,0,0,0,0,0,0,0,0,66
2025-09-29T04:15:23.846Z,59.4,21.1,1.929,49.6,0,59.9,0,0,0,0,0,0,0,0,66
2025-09-29T04:15:24.843Z,59.4,21.1,1.928,50.4,0,59.9,0,0,0,0,0,0,0,0,66
2025-09-29T04:15:25.844Z,59.4,21.1,1.929,49.6,0,59.9,0,0,0,0,0,0,0,0,66
2025-09-29T04:15:26.843Z,59.4,21.1,1.928,50.4,0,59.9,0,0,0,0,0,0,0,0,66
2025-09-29T04:15:27.845Z,59.4,21.1,1.929,49.6,0,59.9,0,0,0,0,0,0,0,0,66
2025-09-29T04:15:28.843Z,59.4,21.1,1.928,49.6,0,59.9,0,0,0,0,0,0,0,0,66
2025-09-29T04:15:29.846Z,59.4,21.1,1.929,50.4,0,59.9,0,0,0,0,0,0,0,0,66
2025-09-29T04:15:30.849Z,59.4,21.1,1.929,49.6,0,59.9,0,0,0,0,0,0,0,0,66
2025-09-29T04:15:31.849Z,59.4,21.1,1.929,50.4,0,59.9,0,0,0,0,0,0,0,0,66
2025-09-29T04:15:32.849Z,59.4,21.1,1.929,49.6,0,59.9,0,0,0,0,0,0,0,0,66
2025-09-29T04:15:33.847Z,59.4,21.1,1.928,50.4,0,59.9,0,0,0,0,0,0,0,0,66
2025-09-29T04:15:34.846Z,59.4,21.1,1.928,49.6,0,59.9,0,0,0,0,0,0,0,0,66
2025-09-29T04:15:35.849Z,59.4,21.1,1.928,49.6,0,59.9,0,0,0,0,0,0,0,0,66
2025-09-29T04:15:36.851Z,59.4,21.1,1.929,49.6,0,59.9,0,0,0,0,0,0,0,0,66
2025-09-29T04:15:37.853Z,59.4,21.1,1.929,50.4,0,59.9,0,0,0,0,0,0,0,0,66
2025-09-29T04:15:38.854Z,59.4,21.1,1.929,49.6,0,59.9,0,0,0,0,0,0,0,0,66
2025-09-29T04:15:39.863Z,59.4,21.1,1.929,50.4,0,59.9,0,0,0,0,0,0,0,0,66
2025-09-29T04:15:40.858Z,59.4,21.1,1.929,49.6,0,59.9,0,0,0,0,0,0,0,0,66
2025-09-29T04:15:41.860Z,59.4,21.1,1.929,49.6,0,59.9,0,0,0,0,0,0,0,0,66
2025-09-29T04:15:42.856Z,59.4,21.1,1.928,50.4,0,59.9,0,0,0,0,0,0,0,0,66
2025-09-29T04:15:43.861Z,59.4,21.1,1.929,49.6,0,59.9,0,0,0,0,0,0,0,0,66
2025-09-29T04:15:44.858Z,59.4,21.1,1.929,50.4,0,59.9,0,0,0,0,0,0,0,0,66
2025-09-29T04:15:45.864Z,59.4,21.1,1.929,49.6,0,59.9,0,0,0,0,0,0,0,0,66
2025-09-29T04:15:46.865Z,59.4,21.1,1.929,49.6,0,59.9,0,0,0,0,0,0,0,0,66
2025-09-29T04:15:47.863Z,59.4,21.1,1.929,50.4,0,59.9,0,0,0,0,0,0,0,0,66
2025-09-29T04:15:48.864Z,59.4,21.1,1.929,49.6,0,59.9,0,0,0,0,0,0,0,0,66
2025-09-29T04:15:49.871Z,59.4,21.1,1.929,49.6,0,59.9,0,0,0,0,0,0,0,0,66
2025-09-29T04:15:50.873Z,59.4,21.1,1.929,50.4,0,59.9,0,0,0,0,0,0,0,0,66
2025-09-29T04:15:51.870Z,59.4,21.1,1.929,49.6,0,59.9,0,0,0,0,0,0,0,0,66
2025-09-29T04:15:52.869Z,59.4,21.1,1.929,49.6,0,59.9,0,0,0,0,0,0,0,0,66
2025-09-29T04:15:53.867Z,59.4,21.1,1.929,50.4,0,59.9,0,0,0,0,0,0,0,0,66
2025-09-29T04:15:54.868Z,59.4,21.1,1.929,50.4,0,59.9,0,0,0,0,0,0,0,0,66
2025-09-29T04:15:55.869Z,59.4,21.1,1.929,49.6,0,59.9,0,0,0,0,0,0,0,0,66
2025-09-29T04:15:56.877Z,59.4,21.1,1.929,50.4,0,59.9,0,0,0,0,0,0,0,0,66
2025-09-29T04:15:57.876Z,59.4,21.1,1.929,49.6,0,59.9,0,0,0,0,0,0,0,0,66
2025-09-29T04:15:58.872Z,59.4,21.1,1.929,50.4,0,59.9,0,0,0,0,0,0,0,0,66
2025-09-29T04:15:59.871Z,59.4,21.1,1.929,49.6,0,59.9,0,0,0,0,0,0,0,0,66
2025-09-29T04:16:00.878Z,59.4,21.1,1.929,50.4,0,59.9,0,0,0,0,0,0,0,0,66
2025-09-29T04:16:01.871Z,59.4,21.1,1.929,49.6,0,59.9,0,0,0,0,0,0,0,0,66
2025-09-29T04:16:02.879Z,59.4,21.1,1.929,49.6,0,59.9,0,0,0,0,0,0,0,0,66
2025-09-29T04:16:03.882Z,59.4,21.1,1.929,50.4,0,59.9,0,0,0,0,0,0,0,0,66
2025-09-29T04:16:04.877Z,59.4,21.1,1.929,50.4,0,59.9,0,0,0,0,0,0,0,0,66
2025-09-29T04:16:05.882Z,59.4,21.1,1.929,49.6,0,59.9,0,0,0,0,0,0,0,0,66
2025-09-29T04:16:06.877Z,59.4,21.1,1.929,50.4,0,59.9,0,0,0,0,0,0,0,0,66
2025-09-29T04:16:07.878Z,59.4,21.1,1.929,49.6,0,59.9,0,0,0,0,0,0,0,0,66
2025-09-29T04:16:08.880Z,59.4,21.1,1.929,50.4,0,59.9,0,0,0,0,0,0,0,0,66
2025-09-29T04:16:09.885Z,59.4,21.1,1.929,49.6,0,59.9,0,0,0,0,0,0,0,0,66
2025-09-29T04:16:10.883Z,59.4,21.1,1.929,50.4,0,59.9,0,0,0,0,0,0,0,0,66
2025-09-29T04:16:11.886Z,59.4,21.1,1.929,49.6,0,59.9,0,0,0,0,0,0,0,0,66
2025-09-29T04:16:12.888Z,59.4,21.1,1.929,50.4,0,59.9,0,0,0,0,0,0,0,0,66
2025-09-29T04:16:13.885Z,59.4,21.1,1.929,50.4,0,59.9,0,0,0,0,0,0,0,0,66
2025-09-29T04:16:14.888Z,59.4,21.1,1.929,49.6,0,59.9,0,0,0,0,0,0,0,0,66
2025-09-29T04:16:15.888Z,59.4,21.1,1.929,49.6,0,59.9,0,0,0,0,0,0,0,0,66
2025-09-29T04:16:16.890Z,59.4,21.1,1.929,49.6,0,59.9,0,0,0,0,0,0,0,0,66
2025-09-29T04:16:17.890Z,59.4,21.1,1.929,50.4,0,59.9,0,0,0,0,0,0,0,0,66
2025-09-29T04:16:18.893Z,59.4,21.1,1.929,49.6,0,59.9,0,0,0,0,0,0,0,0,66
2025-09-29T04:16:19.899Z,59.4,21.1,1.928,49.6,0,59.9,0,0,0,0,0,0,0,0,66
2025-09-29T04:16:20.896Z,59.4,21.1,1.929,50.4,0,59.9,0,0,0,0,0,0,0,0,66
2025-09-29T04:16:21.893Z,59.4,21.1,1.929,49.6,0,59.9,0,0,0,0,0,0,0,0,66
2025-09-29T04:16:22.900Z,59.4,21.1,1.929,49.6,0,59.9,0,0,0,0,0,0,0,0,66
2025-09-29T04:16:23.896Z,59.4,21.1,1.929,50.4,0,59.9,0,0,0,0,0,0,0,0,66
2025-09-29T04:16:24.898Z,59.4,21.1,1.929,49.6,0,59.9,0,0,0,0,0,0,0,0,66
2025-09-29T04:16:25.897Z,59.4,21.1,1.929,49.6,0,59.9,0,0,0,0,0,0,0,0,66
2025-09-29T04:16:26.901Z,59.4,21.1,1.929,50.4,0,59.9,0,0,0,0,0,0,0,0,66
2025-09-29T04:16:27.900Z,59.4,21.1,1.929,50.4,0,59.9,0,0,0,0,0,0,0,0,66
2025-09-29T04:16:28.903Z,59.4,21.1,1.928,49.6,0,59.9,0,0,0,0,0,0,0,0,66
2025-09-29T04:16:29.903Z,59.4,21.1,1.928,50.4,0,59.9,0,0,0,0,0,0,0,0,66
2025-09-29T04:16:30.903Z,59.4,21.1,1.929,49.6,0,59.9,0,0,0,0,0,0,0,0,66
2025-09-29T04:16:31.904Z,59.4,21.1,1.929,50.4,0,59.9,0,0,0,0,0,0,0,0,66
2025-09-29T04:16:32.913Z,59.4,21.1,1.928,50.4,0,59.9,0,0,0,0,0,0,0,0,66
2025-09-29T04:16:33.905Z,59.4,21.1,1.929,49.6,0,59.9,0,0,0,0,0,0,0,0,66
2025-09-29T04:16:34.904Z,59.4,21.1,1.929,50.4,0,59.9,0,0,0,0,0,0,0,0,66
2025-09-29T04:16:35.910Z,59.4,21.1,1.928,49.6,0,59.9,0,0,0,0,0,0,0,0,66
2025-09-29T04:16:36.908Z,59.4,21.1,1.929,50.4,0,59.9,0,0,0,0,0,0,0,0,66
2025-09-29T04:16:37.908Z,59.4,21.1,1.929,49.6,0,59.9,0,0,0,0,0,0,0,0,66
2025-09-29T04:16:38.908Z,59.4,21.1,1.929,50.4,0,59.9,0,0,0,0,0,0,0,0,66
2025-09-29T04:16:39.913Z,59.4,21.1,1.929,49.6,0,59.9,0,0,0,0,0,0,0,0,66
2025-09-29T04:16:40.914Z,59.4,21.1,1.929,49.6,0,59.9,0,0,0,0,0,0,0,0,66
2025-09-29T04:16:41.912Z,59.4,21.1,1.929,50.4,0,59.9,0,0,0,0,0,0,0,0,66
2025-09-29T04:16:42.914Z,59.4,21.1,1.929,49.6,0,59.9,0,0,0,0,0,0,0,0,66
2025-09-29T04:16:43.913Z,59.4,21.1,1.929,50.4,0,59.9,0,0,0,0,0,0,0,0,66
2025-09-29T04:16:44.918Z,59.4,21.1,1.929,49.6,0,59.9,0,0,0,0,0,0,0,0,66
2025-09-29T04:16:45.918Z,59.4,21.1,1.929,49.6,0,59.9,0,0,0,0,0,0,0,0,66
2025-09-29T04:16:46.920Z,59.4,21.1,1.929,50.4,0,59.9,0,0,0,0,0,0,0,0,66
2025-09-29T04:16:47.919Z,59.4,21.1,1.929,50.4,0,59.9,0,0,0,0,0,0,0,0,66
2025-09-29T04:16:48.918Z,59.4,21.1,1.929,49.6,0,59.9,0,0,0,0,0,0,0,0,66
2025-09-29T04:16:49.921Z,59.4,21.1,1.929,50.4,0,59.9,0,0,0,0,0,0,0,0,66
2025-09-29T04:16:50.920Z,59.4,21.1,1.929,49.6,0,59.9,0,0,0,0,0,0,0,0,66
2025-09-29T04:16:51.921Z,59.4,21.1,1.929,50.4,0,59.9,0,0,0,0,0,0,0,0,66
2025-09-29T04:16:52.927Z,59.4,21.1,1.928,49.6,0,59.9,0,0,0,0,0,0,0,0,66
2025-09-29T04:16:53.925Z,59.4,21.1,1.929,49.6,0,59.9,0,0,0,0,0,0,0,0,66
2025-09-29T04:16:54.925Z,59.4,21.1,1.929,50.4,0,59.9,0,0,0,0,0,0,0,0,66
2025-09-29T04:16:55.925Z,59.4,21.1,1.929,49.6,0,59.9,0,0,0,0,0,0,0,0,66
2025-09-29T04:16:56.929Z,59.4,21.1,1.928,50.4,0,59.9,0,0,0,0,0,0,0,0,66
2025-09-29T04:16:57.927Z,59.4,21.1,1.929,49.6,0,59.9,0,0,0,0,0,0,0,0,66
2025-09-29T04:16:58.926Z,59.4,21.1,1.929,49.6,0,59.9,0,0,0,0,0,0,0,0,66
2025-09-29T04:16:59.927Z,59.4,21.1,1.928,50.4,0,59.9,0,0,0,0,0,0,0,0,66
2025-09-29T04:17:00.931Z,59.5,21.1,1.928,50.4,0,59.9,0,0,0,0,0,0,0,0,66
2025-09-29T04:17:01.930Z,59.5,21.1,1.928,49.6,0,59.9,0,0,0,0,0,0,0,0,66
2025-09-29T04:17:02.932Z,59.5,21.1,1.928,50.4,0,59.9,0,0,0,0,0,0,0,0,66
2025-09-29T04:17:03.931Z,59.5,21.1,1.928,49.6,0,59.9,0,0,0,0,0,0,0,0,66
2025-09-29T04:17:04.934Z,59.5,21.1,1.928,50.4,0,59.9,0,0,0,0,0,0,0,0,66
2025-09-29T04:17:05.935Z,59.5,21.1,1.928,49.6,0,59.9,0,0,0,0,0,0,0,0,66
2025-09-29T04:17:06.934Z,59.5,21.1,1.928,50.4,0,59.9,0,0,0,0,0,0,0,0,66
2025-09-29T04:17:07.935Z,59.5,21.1,1.928,49.6,0,59.9,0,0,0,0,0,0,0,0,66
2025-09-29T04:17:08.936Z,59.5,21.1,1.928,49.6,0,59.9,0,0,0,0,0,0,0,0,66
2025-09-29T04:17:09.936Z,59.5,21.1,1.928,50.4,0,59.9,0,0,0,0,0,0,0,0,66
2025-09-29T04:17:10.937Z,59.5,21.1,1.929,49.6,0,59.9,0,0,0,0,0,0,0,0,66
2025-09-29T04:17:11.941Z,59.5,21.1,1.928,50.4,0,59.9,0,0,0,0,0,0,0,0,66
2025-09-29T04:17:12.942Z,59.5,21.1,1.928,50.4,0,59.9,0,0,0,0,0,0,0,0,66
2025-09-29T04:17:13.942Z,59.5,21.1,1.928,49.6,0,59.9,0,0,0,0,0,0,0,0,66
2025-09-29T04:17:14.943Z,59.5,21.1,1.928,50.4,0,59.9,0,0,0,0,0,0,0,0,66
2025-09-29T04:17:15.943Z,59.5,21.1,1.928,49.6,0,59.9,0,0,0,0,0,0,0,0,66
2025-09-29T04:17:16.944Z,59.5,21.1,1.927,50.4,0,59.9,0,0,0,0,0,0,0,0,66
2025-09-29T04:17:17.943Z,59.5,21.1,1.928,49.6,0,59.9,0,0,0,0,0,0,0,0,66
2025-09-29T04:17:18.949Z,59.5,21.1,1.928,50.4,0,59.9,0,0,0,0,0,0,0,0,66
2025-09-29T04:17:19.946Z,59.5,21.1,1.927,49.6,0,59.9,0,0,0,0,0,0,0,0,66
2025-09-29T04:17:20.948Z,59.6,21.1,1.927,50.4,0,59.9,0,0,0,0,0,0,0,0,66
2025-09-29T04:17:21.950Z,59.6,21.1,1.927,49.6,0,59.9,0,0,0,0,0,0,0,0,66
2025-09-29T04:17:22.952Z,59.6,21.1,1.927,50.4,0,59.9,0,0,0,0,0,0,0,0,66
2025-09-29T04:17:23.955Z,59.6,21.1,1.927,49.6,0,59.9,0,0,0,0,0,0,0,0,66
2025-09-29T04:17:24.955Z,59.6,21.1,1.927,50.4,0,59.9,0,0,0,0,0,0,0,0,66
2025-09-29T04:17:25.954Z,59.6,21.1,1.927,49.6,0,59.9,0,0,0,0,0,0,0,0,66
2025-09-29T04:17:26.954Z,59.6,21.1,1.926,50.4,0,59.9,0,0,0,0,0,0,0,0,66
2025-09-29T04:17:27.965Z,59.6,21.1,1.927,49.6,0,59.9,0,0,0,0,0,0,0,0,66
2025-09-29T04:17:28.955Z,59.6,21.1,1.926,50.4,0,59.9,0,0,0,0,0,0,0,0,66
2025-09-29T04:17:29.956Z,59.6,21.1,1.927,49.6,0,59.9,0,0,0,0,0,0,0,0,66
2025-09-29T04:17:30.958Z,59.6,21.1,1.926,50.4,0,59.9,0,0,0,0,0,0,0,0,66
2025-09-29T04:17:31.958Z,59.6,21.1,1.927,49.6,0,59.9,0,0,0,0,0,0,0,0,66
2025-09-29T04:17:32.961Z,59.6,21.1,1.926,50.4,0,59.9,0,0,0,0,0,0,0,0,66
2025-09-29T04:17:33.960Z,59.6,21.1,1.926,49.6,0,59.9,0,0,0,0,0,0,0,0,66
2025-09-29T04:17:34.963Z,59.6,21.1,1.926,50.4,0,59.9,0,0,0,0,0,0,0,0,66
2025-09-29T04:17:35.960Z,59.6,21.1,1.926,49.6,0,59.9,0,0,0,0,0,0,0,0,66
2025-09-29T04:17:36.972Z,59.6,21.1,1.928,50.4,0,59.9,0,0,0,0,0,0,0,0,66
2025-09-29T04:17:37.967Z,59.7,21.1,1.927,49.6,0,59.9,0,0,0,0,0,0,0,0,66
2025-09-29T04:17:38.969Z,59.7,21.1,1.926,50.4,0,59.9,0,0,0,0,0,0,0,0,66
2025-09-29T04:17:39.966Z,59.7,21.1,1.926,49.6,0,59.9,0,0,0,0,0,0,0,0,66
2025-09-29T04:17:40.967Z,59.7,21.1,1.926,50.4,0,59.9,0,0,0,0,0,0,0,0,66
2025-09-29T04:17:41.969Z,59.7,21.1,1.926,49.6,0,59.8,0,0,0,0,0,0,0,0,66
2025-09-29T04:17:42.968Z,59.7,21.1,1.926,50.4,0,59.9,0,0,0,0,0,0,0,0,66
2025-09-29T04:17:43.972Z,59.7,21.1,1.926,49.6,0,59.9,0,0,0,0,0,0,0,0,66
2025-09-29T04:17:44.972Z,59.7,21.1,1.926,50.4,0,59.9,0,0,0,0,0,0,0,0,66
2025-09-29T04:17:45.972Z,59.7,21.1,1.926,49.6,0,59.9,0,0,0,0,0,0,0,0,66
2025-09-29T04:17:46.975Z,59.7,21.1,1.926,49.6,0,59.9,0,0,0,0,0,0,0,0,66
2025-09-29T04:17:47.977Z,59.7,21.1,1.926,49.6,0,59.9,0,0,0,0,0,0,0,0,66
2025-09-29T04:17:48.978Z,59.7,21.1,1.926,50.4,0,59.9,0,0,0,0,0,0,0,0,66
2025-09-29T04:17:49.981Z,59.7,21.1,1.927,49.6,0,59.9,0,0,0,0,0,0,0,0,66
2025-09-29T04:17:50.979Z,59.7,21.1,1.926,50.4,0,59.9,0,0,0,0,0,0,0,0,66
2025-09-29T04:17:51.981Z,59.7,21.1,1.926,49.6,0,59.9,0,0,0,0,0,0,0,0,66
2025-09-29T04:17:52.979Z,59.7,21.1,1.926,50.4,0,59.9,0,0,0,0,0,0,0,0,66
2025-09-29T04:17:53.982Z,59.7,21.1,1.926,49.6,0,59.9,0,0,0,0,0,0,0,0,66
2025-09-29T04:17:54.977Z,59.8,21.1,1.926,50.4,0,59.9,0,0,0,0,0,0,0,0,66
2025-09-29T04:17:55.980Z,59.8,21.1,1.926,49.6,0,59.9,0,0,0,0,0,0,0,0,66
2025-09-29T04:17:56.989Z,59.8,21.1,1.927,50.4,0,59.9,0,0,0,0,0,0,0,0,66
2025-09-29T04:17:57.981Z,59.8,21.1,1.926,49.6,0,59.9,0,0,0,0,0,0,0,0,66
2025-09-29T04:17:58.984Z,59.8,21.1,1.926,50.4,0,59.9,0,0,0,0,0,0,0,0,66
2025-09-29T04:17:59.986Z,59.8,21.1,1.926,49.6,0,59.9,0,0,0,0,0,0,0,0,66
2025-09-29T04:18:00.986Z,59.8,21.1,1.926,50.4,0,59.9,0,0,0,0,0,0,0,0,66
2025-09-29T04:18:01.985Z,59.8,21.1,1.926,49.6,0,59.9,0,0,0,0,0,0,0,0,66
2025-09-29T04:18:02.986Z,59.8,21.1,1.926,50.4,0,59.9,0,0,0,0,0,0,0,0,66
2025-09-29T04:18:03.988Z,59.8,21.1,1.926,49.6,0,59.9,0,0,0,0,0,0,0,0,66
2025-09-29T04:18:04.989Z,59.8,21.1,1.926,50.4,0,59.9,0,0,0,0,0,0,0,0,66
2025-09-29T04:18:05.987Z,59.8,21.1,1.926,49.6,0,59.9,0,0,0,0,0,0,0,0,66
2025-09-29T04:18:06.993Z,59.8,21.1,1.927,50.4,0,59.9,0,0,0,0,0,0,0,0,66
2025-09-29T04:18:07.991Z,59.8,21.1,1.926,49.6,0,59.9,0,0,0,0,0,0,0,0,66
2025-09-29T04:18:08.996Z,59.8,21.1,1.927,50.4,0,59.9,0,0,0,0,0,0,0,0,66
2025-09-29T04:18:09.995Z,59.8,21.1,1.926,49.6,0,59.9,0,0,0,0,0,0,0,0,66
2025-09-29T04:18:10.993Z,59.9,21.1,1.926,49.6,0,59.9,0,0,0,0,0,0,0,0,66
2025-09-29T04:18:11.994Z,59.9,21.1,1.926,49.6,0,59.9,0,0,0,0,0,0,0,0,66
2025-09-29T04:18:12.995Z,59.9,21.1,1.926,50.4,0,59.9,0,0,0,0,0,0,0,0,66
2025-09-29T04:18:13.999Z,59.9,21.1,1.926,49.6,0,59.9,0,0,0,0,0,0,0,0,66
2025-09-29T04:18:15.000Z,59.9,21.1,1.926,50.4,0,59.9,0,0,0,0,0,0,0,0,66
2025-09-29T04:18:16.003Z,59.9,21.1,1.926,49.6,0,59.9,0,0,0,0,0,0,0,0,66
2025-09-29T04:18:17.000Z,59.9,21.1,1.926,50.4,0,59.9,0,0,0,0,0,0,0,0,66
2025-09-29T04:18:18.006Z,59.9,21.1,1.926,49.6,0,59.9,0,0,0,0,0,0,0,0,66
2025-09-29T04:18:19.002Z,59.9,21.1,1.926,50.4,0,59.9,0,0,0,0,0,0,0,0,66
2025-09-29T04:18:20.009Z,59.9,21.1,1.926,49.6,0,59.9,0,0,0,0,0,0,0,0,66
2025-09-29T04:18:21.008Z,59.9,21.1,1.926,49.6,0,59.9,0,0,0,0,0,0,0,0,66
2025-09-29T04:18:22.003Z,59.9,21.1,1.926,49.6,0,59.9,0,0,0,0,0,0,0,0,66
2025-09-29T04:18:23.007Z,59.9,21.1,1.926,50.4,0,59.9,0,0,0,0,0,0,0,0,66
2025-09-29T04:18:24.008Z,60,21.1,1.926,49.6,0,59.9,0,0,0,0,0,0,0,0,66
2025-09-29T04:18:25.008Z,60,21.1,1.926,49.6,0,59.9,0,0,0,0,0,0,0,0,66
2025-09-29T04:18:26.006Z,60,21.1,1.926,50.4,0,59.9,0,0,0,0,0,0,0,0,66
2025-09-29T04:18:27.011Z,60,21.1,1.926,49.6,0,59.9,0,0,0,0,0,0,0,0,66
2025-09-29T04:18:28.012Z,60,21.1,1.926,49.6,0,59.9,0,0,0,0,0,0,0,0,66
2025-09-29T04:18:29.009Z,60,21.1,1.926,50.4,0,59.9,0,0,0,0,0,0,0,0,66
2025-09-29T04:18:30.010Z,60,21.1,1.926,49.6,0,59.9,0,0,0,0,0,0,0,0,66
2025-09-29T04:18:31.012Z,60,21.1,1.926,49.6,0,59.9,0,0,0,0,0,0,0,0,66
2025-09-29T04:18:32.016Z,60,21.1,1.926,50.4,0,59.9,0,0,0,0,0,0,0,0,66
2025-09-29T04:18:33.018Z,60,21.1,1.926,49.6,0,59.9,0,0,0,0,0,0,0,0,66
2025-09-29T04:18:34.014Z,60,21.1,1.926,50.4,0,59.9,0,0,0,0,0,0,0,0,66
2025-09-29T04:18:35.021Z,60,21.1,1.926,50.4,0,59.9,0,0,0,0,0,0,0,0,66
2025-09-29T04:18:36.020Z,60,21.1,1.926,49.6,0,59.9,0,0,0,0,0,0,0,0,66
2025-09-29T04:18:37.018Z,60.1,21.1,1.926,50.4,0,59.9,0,0,0,0,0,0,0,0,66
2025-09-29T04:18:38.020Z,60.1,21.1,1.926,49.6,0,59.9,0,0,0,0,0,0,0,0,66
2025-09-29T04:18:39.021Z,60.1,21.1,1.925,50.4,0,59.9,0,0,0,0,0,0,0,0,66
2025-09-29T04:18:40.021Z,60.1,21.1,1.926,49.6,0,59.9,0,0,0,0,0,0,0,0,66
2025-09-29T04:18:41.020Z,60.1,21.1,1.926,50.4,0,59.9,0,0,0,0,0,0,0,0,66
2025-09-29T04:18:42.024Z,60.1,21.1,1.925,49.6,0,59.9,0,0,0,0,0,0,0,0,66
2025-09-29T04:18:43.025Z,60.1,21.1,1.925,50.4,0,59.9,0,0,0,0,0,0,0,0,66
2025-09-29T04:18:44.027Z,60.1,21.1,1.925,49.6,0,59.9,0,0,0,0,0,0,0,0,66
2025-09-29T04:18:45.029Z,60.1,21.1,1.925,50.4,0,59.9,0,0,0,0,0,0,0,0,66
2025-09-29T04:18:46.033Z,60.1,21.1,1.924,49.6,0,59.9,0,0,0,0,0,0,0,0,66
2025-09-29T04:18:47.027Z,60.1,21.1,1.925,49.6,0,59.9,0,0,0,0,0,0,0,0,66
2025-09-29T04:18:48.028Z,60.1,21.1,1.924,50.4,0,59.9,0,0,0,0,0,0,0,0,66
2025-09-29T04:18:49.033Z,60.1,21.1,1.924,49.6,0,59.9,0,0,0,0,0,0,0,0,66
2025-09-29T04:18:50.029Z,60.2,21.1,1.924,50.4,0,59.9,0,0,0,0,0,0,0,0,66
2025-09-29T04:18:51.032Z,60.2,21.1,1.923,49.6,0,59.9,0,0,0,0,0,0,0,0,66
2025-09-29T04:18:52.033Z,60.2,21.1,1.924,49.6,0,59.9,0,0,0,0,0,0,0,0,66
2025-09-29T04:18:53.037Z,60.2,21.1,1.924,50.4,0,59.9,0,0,0,0,0,0,0,0,66
2025-09-29T04:18:54.034Z,60.2,21.1,1.924,49.6,0,59.9,0,0,0,0,0,0,0,0,66
2025-09-29T04:18:55.037Z,60.2,21.1,1.923,49.6,0,59.9,0,0,0,0,0,0,0,0,66
2025-09-29T04:18:56.041Z,60.2,21.1,1.924,50.4,0,59.9,0,0,0,0,0,0,0,0,66
2025-09-29T04:18:57.038Z,60.2,21.1,1.923,50.4,0,59.9,0,0,0,0,0,0,0,0,66
2025-09-29T04:18:58.042Z,60.2,21.1,1.924,49.6,0,59.9,0,0,0,0,0,0,0,0,66
2025-09-29T04:18:59.035Z,60.2,21.1,1.923,50.4,0,59.9,0,0,0,0,0,0,0,0,66
2025-09-29T04:19:00.036Z,60.2,21.1,1.924,49.6,0,59.9,0,0,0,0,0,0,0,0,66
2025-09-29T04:19:01.041Z,60.2,21.1,1.924,50.4,0,59.9,0,0,0,0,0,0,0,0,66
2025-09-29T04:19:02.042Z,60.3,21.1,1.923,49.6,0,59.9,0,0,0,0,0,0,0,0,66
2025-09-29T04:19:03.040Z,60.3,21.1,1.923,49.6,0,59.9,0,0,0,0,0,0,0,0,66
2025-09-29T04:19:04.042Z,60.3,21.1,1.923,50.4,0,59.9,0,0,0,0,0,0,0,0,66
2025-09-29T04:19:05.041Z,60.3,21.1,1.923,49.6,0,59.9,0,0,0,0,0,0,0,0,66
2025-09-29T04:19:06.041Z,60.3,21.1,1.923,50.4,0,59.9,0,0,0,0,0,0,0,0,66
2025-09-29T04:19:07.045Z,60.3,21.1,1.923,50.4,0,59.9,0,0,0,0,0,0,0,0,66
2025-09-29T04:19:08.047Z,60.3,21.1,1.923,49.6,0,59.9,0,0,0,0,0,0,0,0,66
2025-09-29T04:19:09.053Z,60.3,21.1,1.924,50.4,0,59.9,0,0,0,0,0,0,0,0,66
2025-09-29T04:19:10.048Z,60.3,21.1,1.923,49.6,0,59.9,0,0,0,0,0,0,0,0,66
2025-09-29T04:19:11.045Z,60.3,21.1,1.923,50.4,0,59.9,0,0,0,0,0,0,0,0,66
2025-09-29T04:19:12.053Z,60.3,21.1,1.924,49.6,0,59.9,0,0,0,0,0,0,0,0,66
2025-09-29T04:19:13.053Z,60.4,21.1,1.923,50.4,0,59.9,0,0,0,0,0,0,0,0,66
2025-09-29T04:19:14.053Z,60.4,21.1,1.923,49.6,0,59.9,0,0,0,0,0,0,0,0,66
2025-09-29T04:19:15.055Z,60.4,21.1,1.923,50.4,0,59.9,0,0,0,0,0,0,0,0,66
2025-09-29T04:19:16.057Z,60.4,21.1,1.924,50.4,0,59.9,0,0,0,0,0,0,0,0,66
2025-09-29T04:19:17.061Z,60.4,21.1,1.924,49.6,0,59.9,0,0,0,0,0,0,0,0,66
2025-09-29T04:19:18.058Z,60.4,21.1,1.924,49.6,0,59.9,0,0,0,0,0,0,0,0,66
2025-09-29T04:19:19.057Z,60.4,21.1,1.923,49.6,0,59.9,0,0,0,0,0,0,0,0,66
2025-09-29T04:19:20.063Z,60.4,21.1,1.924,50.4,0,59.9,0,0,0,0,0,0,0,0,66
2025-09-29T04:19:21.063Z,60.4,21.1,1.924,49.6,0,59.9,0,0,0,0,0,0,0,0,66
2025-09-29T04:19:22.061Z,60.4,21.1,1.924,49.6,0,59.9,0,0,0,0,0,0,0,0,66
2025-09-29T04:19:23.063Z,60.4,21.1,1.923,50.4,0,59.9,0,0,0,0,0,0,0,0,66
2025-09-29T04:19:24.062Z,60.4,21.1,1.923,50.4,0,59.9,0,0,0,0,0,0,0,0,66
2025-09-29T04:19:25.072Z,60.5,21.1,1.923,49.6,0,59.9,0,0,0,0,0,0,0,0,66
2025-09-29T04:19:26.064Z,60.5,21.1,1.923,49.6,0,59.9,0,0,0,0,0,0,0,0,66
2025-09-29T04:19:27.065Z,60.5,21.1,1.923,49.6,0,59.9,0,0,0,0,0,0,0,0,66
2025-09-29T04:19:28.067Z,60.5,21.1,1.923,50.4,0,59.9,0,0,0,0,0,0,0,0,66
2025-09-29T04:19:29.066Z,60.5,21.1,1.923,50.4,0,59.9,0,0,0,0,0,0,0,0,66
2025-09-29T04:19:30.065Z,60.5,21.1,1.923,49.6,0,59.9,0,0,0,0,0,0,0,0,66
2025-09-29T04:19:31.068Z,60.5,21.1,1.923,50.4,0,59.9,0,0,0,0,0,0,0,0,66
2025-09-29T04:19:32.073Z,60.5,21.1,1.923,49.6,0,59.9,0,0,0,0,0,0,0,0,66
2025-09-29T04:19:33.070Z,60.5,21.1,1.923,49.6,0,59.9,0,0,0,0,0,0,0,0,66
2025-09-29T04:19:34.073Z,60.5,21.1,1.923,50.4,0,59.9,0,0,0,0,0,0,0,0,66
2025-09-29T04:19:35.079Z,60.5,21.1,1.923,49.6,0,59.9,0,0,0,0,0,0,0,0,66
2025-09-29T04:19:36.076Z,60.5,21.1,1.923,50.4,0,59.9,0,0,0,0,0,0,0,0,66
2025-09-29T04:19:37.076Z,60.5,21.1,1.923,49.6,0,59.9,0,0,0,0,0,0,0,0,66
2025-09-29T04:19:38.077Z,60.5,21.1,1.923,49.6,0,59.9,0,0,0,0,0,0,0,0,66
2025-09-29T04:19:39.079Z,60.6,21.1,1.923,50.4,0,59.9,0,0,0,0,0,0,0,0,66
2025-09-29T04:19:40.078Z,60.6,21.1,1.923,49.6,0,59.9,0,0,0,0,0,0,0,0,66
2025-09-29T04:19:41.079Z,60.6,21.1,1.923,49.6,0,59.9,0,0,0,0,0,0,0,0,66
2025-09-29T04:19:42.078Z,60.6,21.1,1.923,50.4,0,59.9,0,0,0,0,0,0,0,0,66
2025-09-29T04:19:43.081Z,60.6,21.1,1.923,50.4,0,59.9,0,0,0,0,0,0,0,0,66
2025-09-29T04:19:44.087Z,60.6,21.1,1.922,49.6,0,59.9,0,0,0,0,0,0,0,0,66
2025-09-29T04:19:45.083Z,60.6,21.1,1.923,50.4,0,59.9,0,0,0,0,0,0,0,0,66
2025-09-29T04:19:46.084Z,60.6,21.1,1.923,49.6,0,59.9,0,0,0,0,0,0,0,0,66
2025-09-29T04:19:47.082Z,60.6,21.1,1.923,49.6,0,59.9,0,0,0,0,0,0,0,0,66
2025-09-29T04:19:48.091Z,60.6,21.1,1.922,50.4,0,59.9,0,0,0,0,0,0,0,0,66
2025-09-29T04:19:49.090Z,60.6,21.1,1.922,49.6,0,59.9,0,0,0,0,0,0,0,0,66
2025-09-29T04:19:50.086Z,60.6,21.1,1.923,49.6,0,59.9,0,0,0,0,0,0,0,0,66
2025-09-29T04:19:51.089Z,60.7,21.1,1.923,50.4,0,59.9,0,0,0,0,0,0,0,0,66
2025-09-29T04:19:52.092Z,60.7,21.1,1.922,50.4,0,59.9,0,0,0,0,0,0,0,0,66
2025-09-29T04:19:53.088Z,60.7,21.1,1.923,49.6,0,59.9,0,0,0,0,0,0,0,0,66
2025-09-29T04:19:54.094Z,60.7,21.1,1.922,50.4,0,59.9,0,0,0,0,0,0,0,0,66
2025-09-29T04:19:55.095Z,60.7,21.1,1.922,49.6,0,59.9,0,0,0,0,0,0,0,0,66
2025-09-29T04:19:56.098Z,60.7,21.1,1.921,49.6,0,59.9,0,0,0,0,0,0,0,0,66
2025-09-29T04:19:57.094Z,60.7,21.1,1.922,50.4,0,59.9,0,0,0,0,0,0,0,0,66
2025-09-29T04:19:58.096Z,60.7,21.1,1.921,50.4,0,59.9,0,0,0,0,0,0,0,0,66
2025-09-29T04:19:59.091Z,60.7,21.1,1.921,49.6,0,59.9,0,0,0,0,0,0,0,0,66
2025-09-29T04:20:00.102Z,60.7,21.1,1.921,50.4,0,59.9,0,0,0,0,0,0,0,0,66
2025-09-29T04:20:01.102Z,60.7,21.1,1.921,49.6,0,59.9,0,0,0,0,0,0,0,0,66
2025-09-29T04:20:02.100Z,60.7,21.1,1.921,49.6,0,59.9,0,0,0,0,0,0,0,0,66
2025-09-29T04:20:03.097Z,60.7,21.1,1.921,50.4,0,59.9,0,0,0,0,0,0,0,0,66
2025-09-29T04:20:04.103Z,60.8,21.1,1.921,50.4,0,59.9,0,0,0,0,0,0,0,0,66
2025-09-29T04:20:05.105Z,60.8,21.1,1.921,49.6,0,59.9,0,0,0,0,0,0,0,0,66
2025-09-29T04:20:06.105Z,60.8,21.1,1.921,50.4,0,59.9,0,0,0,0,0,0,0,0,66
2025-09-29T04:20:07.106Z,60.8,21.1,1.921,49.6,0,59.9,0,0,0,0,0,0,0,0,66
2025-09-29T04:20:08.106Z,60.8,21.1,1.921,50.4,0,59.9,0,0,0,0,0,0,0,0,66
2025-09-29T04:20:09.108Z,60.8,21.1,1.921,49.6,0,59.9,0,0,0,0,0,0,0,0,66
2025-09-29T04:20:10.104Z,60.8,21.1,1.921,50.4,0,59.9,0,0,0,0,0,0,0,0,66
2025-09-29T04:20:11.110Z,60.8,21.1,1.921,50.4,0,59.9,0,0,0,0,0,0,0,0,66
2025-09-29T04:20:12.110Z,60.8,21.1,1.921,49.6,0,59.9,0,0,0,0,0,0,0,0,66
2025-09-29T04:20:13.107Z,60.8,21.1,1.921,50.4,0,59.9,0,0,0,0,0,0,0,0,66
2025-09-29T04:20:14.107Z,60.8,21.1,1.921,49.6,0,59.9,0,0,0,0,0,0,0,0,66
2025-09-29T04:20:15.109Z,60.8,21.1,1.921,50.4,0,59.9,0,0,0,0,0,0,0,0,66
2025-09-29T04:20:16.110Z,60.8,21.1,1.921,49.6,0,59.9,0,0,0,0,0,0,0,0,66
2025-09-29T04:20:17.110Z,60.8,21.1,1.921,49.6,0,59.9,0,0,0,0,0,0,0,0,66
2025-09-29T04:20:18.113Z,60.9,21.1,1.921,50.4,0,59.9,0,0,0,0,0,0,0,0,66
2025-09-29T04:20:19.111Z,60.9,21.1,1.921,49.6,0,59.9,0,0,0,0,0,0,0,0,66
2025-09-29T04:20:20.119Z,60.9,21.1,1.921,50.4,0,59.9,0,0,0,0,0,0,0,0,66
2025-09-29T04:20:21.115Z,60.9,21.1,1.921,50.4,0,59.9,0,0,0,0,0,0,0,0,66
2025-09-29T04:20:22.125Z,60.9,21.1,1.922,49.6,0,59.9,0,0,0,0,0,0,0,0,66
2025-09-29T04:20:23.121Z,60.9,21.1,1.922,49.6,0,59.9,0,0,0,0,0,0,0,0,66
2025-09-29T04:20:24.123Z,60.9,21.1,1.922,49.6,0,59.9,0,0,0,0,0,0,0,0,66
2025-09-29T04:20:25.120Z,60.9,21.1,1.921,50.4,0,59.9,0,0,0,0,0,0,0,0,66
2025-09-29T04:20:26.120Z,60.9,21.1,1.921,49.6,0,59.9,0,0,0,0,0,0,0,0,66
2025-09-29T04:20:27.123Z,60.9,21.1,1.921,49.6,0,59.9,0,0,0,0,0,0,0,0,66
2025-09-29T04:20:28.132Z,60.9,21.1,1.922,50.4,0,59.9,0,0,0,0,0,0,0,0,66
2025-09-29T04:20:29.123Z,60.9,21.1,1.922,49.6,0,59.9,0,0,0,0,0,0,0,0,66
2025-09-29T04:20:30.126Z,60.9,21.1,1.922,49.6,0,59.9,0,0,0,0,0,0,0,0,66
2025-09-29T04:20:31.125Z,60.9,21.1,1.921,50.4,0,59.9,0,0,0,0,0,0,0,0,66
2025-09-29T04:20:32.128Z,60.9,21.1,1.921,49.6,0,59.9,0,0,0,0,0,0,0,0,66
2025-09-29T04:20:33.128Z,61,21.1,1.922,49.6,0,59.9,0,0,0,0,0,0,0,0,66
2025-09-29T04:20:34.126Z,61,21.1,1.922,50.4,0,59.9,0,0,0,0,0,0,0,0,66
2025-09-29T04:20:35.128Z,61,21.1,1.922,50.4,0,59.9,0,0,0,0,0,0,0,0,66
2025-09-29T04:20:36.129Z,61,21.1,1.921,49.6,0,59.9,0,0,0,0,0,0,0,0,66
2025-09-29T04:20:37.128Z,61,21.1,1.922,50.4,0,59.9,0,0,0,0,0,0,0,0,66
2025-09-29T04:20:38.133Z,61,21.1,1.921,50.4,0,59.9,0,0,0,0,0,0,0,0,66
2025-09-29T04:20:39.130Z,61,21.1,1.922,49.6,0,59.9,0,0,0,0,0,0,0,0,66
2025-09-29T04:20:40.132Z,61,21.1,1.921,50.4,0,59.9,0,0,0,0,0,0,0,0,66
2025-09-29T04:20:41.133Z,61,21.1,1.922,49.6,0,59.9,0,0,0,0,0,0,0,0,66
2025-09-29T04:20:42.136Z,61,21.1,1.921,50.4,0,59.9,0,0,0,0,0,0,0,0,66
2025-09-29T04:20:43.139Z,61,21.1,1.921,50.4,0,59.9,0,0,0,0,0,0,0,0,66
2025-09-29T04:20:44.138Z,61,21.1,1.922,49.6,0,59.9,0,0,0,0,0,0,0,0,66
2025-09-29T04:20:45.139Z,61,21.1,1.921,50.4,0,59.9,0,0,0,0,0,0,0,0,66
2025-09-29T04:20:46.139Z,61,21.1,1.921,49.6,0,59.9,0,0,0,0,0,0,0,0,66
2025-09-29T04:20:47.136Z,61,21.1,1.921,50.4,0,59.9,0,0,0,0,0,0,0,0,66
2025-09-29T04:20:48.145Z,61,21.1,1.921,49.6,0,59.9,0,0,0,0,0,0,0,0,66
2025-09-29T04:20:49.147Z,61,21.1,1.921,50.4,0,59.9,0,0,0,0,0,0,0,0,66
2025-09-29T04:20:50.148Z,61,21.1,1.921,49.6,0,59.9,0,0,0,0,0,0,0,0,66
2025-09-29T04:20:51.143Z,61.1,21.1,1.921,50.4,0,59.9,0,0,0,0,0,0,0,0,66
2025-09-29T04:20:52.145Z,61.1,21.1,1.921,49.6,0,59.9,0,0,0,0,0,0,0,0,66
2025-09-29T04:20:53.146Z,61.1,21.1,1.921,50.4,0,59.9,0,0,0,0,0,0,0,0,66
2025-09-29T04:20:54.146Z,61.1,21.1,1.921,49.6,0,59.9,0,0,0,0,0,0,0,0,66
2025-09-29T04:20:55.152Z,61.1,21.1,1.92,50.4,0,59.9,0,0,0,0,0,0,0,0,66
2025-09-29T04:20:56.152Z,61.1,21.1,1.921,49.6,0,59.9,0,0,0,0,0,0,0,0,66
2025-09-29T04:20:57.152Z,61.1,21.1,1.92,49.6,0,59.9,0,0,0,0,0,0,0,0,66
2025-09-29T04:20:58.152Z,61.1,21.1,1.921,49.6,0,59.9,0,0,0,0,0,0,0,0,66
2025-09-29T04:20:59.153Z,61.1,21.1,1.92,49.6,0,59.9,0,0,0,0,0,0,0,0,66
2025-09-29T04:21:00.157Z,61.1,21.1,1.92,50.4,0,59.9,0,0,0,0,0,0,0,0,66
2025-09-29T04:21:01.161Z,61.1,21.1,1.92,49.6,0,59.9,0,0,0,0,0,0,0,0,66
2025-09-29T04:21:02.159Z,61.1,21.1,1.92,49.6,0,59.9,0,0,0,0,0,0,0,0,66
2025-09-29T04:21:03.152Z,61.1,21.1,1.92,50.4,0,59.9,0,0,0,0,0,0,0,0,66
2025-09-29T04:21:04.157Z,61.1,21.1,1.92,49.6,0,59.9,0,0,0,0,0,0,0,0,66
2025-09-29T04:21:05.159Z,61.1,21.1,1.92,50.4,0,59.9,0,0,0,0,0,0,0,0,66
2025-09-29T04:21:06.156Z,61.1,21.1,1.92,49.6,0,59.9,0,0,0,0,0,0,0,0,66
2025-09-29T04:21:07.161Z,61.1,21.1,1.92,49.6,0,59.9,0,0,0,0,0,0,0,0,66
2025-09-29T04:21:08.161Z,61.1,21.1,1.92,50.4,0,59.9,0,0,0,0,0,0,0,0,66
2025-09-29T04:21:09.161Z,61.1,21.1,1.92,49.6,0,59.9,0,0,0,0,0,0,0,0,66
2025-09-29T04:21:10.160Z,61.1,21.1,1.92,49.6,0,59.9,0,0,0,0,0,0,0,0,66
2025-09-29T04:21:11.160Z,61.1,21.1,1.92,50.4,0,59.9,0,0,0,0,0,0,0,0,66
2025-09-29T04:21:12.161Z,61.1,21.1,1.92,49.6,0,59.9,0,0,0,0,0,0,0,0,66
2025-09-29T04:21:13.163Z,61.1,21.1,1.92,49.6,0,59.9,0,0,0,0,0,0,0,0,66
2025-09-29T04:21:14.164Z,61.2,21.1,1.92,50.4,0,59.9,0,0,0,0,0,0,0,0,66
2025-09-29T04:21:15.174Z,61.2,21.1,1.92,50.4,0,59.9,0,0,0,0,0,0,0,0,66
2025-09-29T04:21:16.169Z,61.2,21.1,1.92,49.6,0,59.9,0,0,0,0,0,0,0,0,66
2025-09-29T04:21:17.168Z,61.2,21.1,1.92,50.4,0,59.9,0,0,0,0,0,0,0,0,66
2025-09-29T04:21:18.171Z,61.2,21.1,1.92,50.4,0,59.9,0,0,0,0,0,0,0,0,66
2025-09-29T04:21:19.173Z,61.2,21.1,1.92,49.6,0,59.9,0,0,0,0,0,0,0,0,66
2025-09-29T04:21:20.169Z,61.2,21.1,1.92,50.4,0,60,0,0,0,0,0,0,0,0,66
2025-09-29T04:21:21.179Z,61.2,21.1,1.92,49.6,0,59.9,0,0,0,0,0,0,0,0,66
2025-09-29T04:21:22.171Z,61.2,21.1,1.92,49.6,0,59.9,0,0,0,0,0,0,0,0,66
2025-09-29T04:21:23.169Z,61.2,21.1,1.92,50.4,0,59.9,0,0,0,0,0,0,0,0,66
2025-09-29T04:21:24.174Z,61.2,21.1,1.92,49.6,0,60,0,0,0,0,0,0,0,0,66
2025-09-29T04:21:25.178Z,61.2,21.1,1.92,50.4,0,59.9,0,0,0,0,0,0,0,0,66
2025-09-29T04:21:26.175Z,61.2,21.1,1.92,49.6,0,59.9,0,0,0,0,0,0,0,0,66
2025-09-29T04:21:27.178Z,61.2,21.1,1.92,49.6,0,59.9,0,0,0,0,0,0,0,0,66
2025-09-29T04:21:28.178Z,61.2,21.1,1.92,50.4,0,59.9,0,0,0,0,0,0,0,0,66
2025-09-29T04:21:29.180Z,61.2,21.1,1.92,50.4,0,59.9,0,0,0,0,0,0,0,0,66
2025-09-29T04:21:30.177Z,61.2,21.1,1.92,49.6,0,60,0,0,0,0,0,0,0,0,66
2025-09-29T04:21:31.181Z,61.2,21.1,1.92,50.4,0,59.9,0,0,0,0,0,0,0,0,66
2025-09-29T04:21:32.178Z,61.2,21.1,1.92,49.6,0,59.9,0,0,0,0,0,0,0,0,66
2025-09-29T04:21:33.181Z,61.2,21.1,1.92,50.4,0,59.9,0,0,0,0,0,0,0,0,66
2025-09-29T04:21:34.182Z,61.2,21.1,1.92,49.6,0,60,0,0,0,0,0,0,0,0,66
2025-09-29T04:21:35.182Z,61.2,21.1,1.92,50.4,0,60,0,0,0,0,0,0,0,0,66
2025-09-29T04:21:36.182Z,61.2,21.1,1.92,49.6,0,60,0,0,0,0,0,0,0,0,66
2025-09-29T04:21:37.183Z,61.2,21.1,1.92,49.6,0,60,0,0,0,0,0,0,0,0,66
2025-09-29T04:21:38.189Z,61.2,21.1,1.92,50.4,0,60,0,0,0,0,0,0,0,0,66
2025-09-29T04:21:39.186Z,61.2,21.1,1.92,49.6,0,60,0,0,0,0,0,0,0,0,66
2025-09-29T04:21:40.189Z,61.2,21.1,1.92,50.4,0,60,0,0,0,0,0,0,0,0,66
2025-09-29T04:21:41.190Z,61.2,21.1,1.92,50.4,0,60,0,0,0,0,0,0,0,0,66
2025-09-29T04:21:42.185Z,61.2,21.1,1.92,49.6,0,60,0,0,0,0,0,0,0,0,66
2025-09-29T04:21:43.193Z,61.2,21.1,1.92,50.4,0,60,0,0,0,0,0,0,0,0,66
2025-09-29T04:21:44.195Z,61.2,21.1,1.92,49.6,0,60,0,0,0,0,0,0,0,0,66
2025-09-29T04:21:45.192Z,61.2,21.1,1.92,50.4,0,60,0,0,0,0,0,0,0,0,66
2025-09-29T04:21:46.193Z,61.2,21.1,1.92,49.6,0,60,0,0,0,0,0,0,0,0,66
2025-09-29T04:21:47.192Z,61.2,21.1,1.92,49.6,0,60,0,0,0,0,0,0,0,0,66
2025-09-29T04:21:48.195Z,61.2,21.1,1.92,50.4,0,60,0,0,0,0,0,0,0,0,66
2025-09-29T04:21:49.195Z,61.2,21.1,1.92,49.6,0,60,0,0,0,0,0,0,0,0,66
2025-09-29T04:21:50.200Z,61.2,21.1,1.92,50.4,0,60,0,0,0,0,0,0,0,0,66
2025-09-29T04:21:51.203Z,61.2,21.1,1.92,49.6,0,60,0,0,0,0,0,0,0,0,66
2025-09-29T04:21:52.205Z,61.2,21.1,1.92,49.6,0,60,0,0,0,0,0,0,0,0,66
2025-09-29T04:21:53.202Z,61.2,21.1,1.92,50.4,0,60,0,0,0,0,0,0,0,0,66
2025-09-29T04:21:54.202Z,61.2,21.1,1.92,49.6,0,60,0,0,0,0,0,0,0,0,66
2025-09-29T04:21:55.204Z,61.2,21.1,1.92,49.6,0,60,0,0,0,0,0,0,0,0,66
2025-09-29T04:21:56.205Z,61.2,21.1,1.92,50.4,0,60,0,0,0,0,0,0,0,0,66
2025-09-29T04:21:57.203Z,61.2,21.1,1.92,49.6,0,60,0,0,0,0,0,0,0,0,66
2025-09-29T04:21:58.206Z,61.2,21.1,1.92,50.4,0,60,0,0,0,0,0,0,0,0,66
2025-09-29T04:21:59.203Z,61.2,21.1,1.92,50.4,0,60,0,0,0,0,0,0,0,0,66
2025-09-29T04:22:00.210Z,61.2,21.1,1.92,49.6,0,60,0,0,0,0,0,0,0,0,66
2025-09-29T04:22:01.209Z,61.2,21.1,1.92,50.4,0,60,0,0,0,0,0,0,0,0,66
2025-09-29T04:22:02.211Z,61.2,21.1,1.92,49.6,0,60,0,0,0,0,0,0,0,0,66
2025-09-29T04:22:03.207Z,61.2,21.1,1.92,50.4,0,60,0,0,0,0,0,0,0,0,66
2025-09-29T04:22:04.211Z,61.2,21.1,1.92,50.4,0,60,0,0,0,0,0,0,0,0,66
2025-09-29T04:22:05.211Z,61.2,21.1,1.92,49.6,0,60,0,0,0,0,0,0,0,0,66
2025-09-29T04:22:06.207Z,61.2,21.1,1.92,50.4,0,60,0,0,0,0,0,0,0,0,66
2025-09-29T04:22:07.209Z,61.2,21.1,1.92,49.6,0,60,0,0,0,0,0,0,0,0,66
2025-09-29T04:22:08.216Z,61.2,21.1,1.92,50.4,0,60,0,0,0,0,0,0,0,0,66
2025-09-29T04:22:09.214Z,61.2,21.1,1.92,49.6,0,60,0,0,0,0,0,0,0,0,66
2025-09-29T04:22:10.212Z,61.2,21.1,1.92,50.4,0,60,0,0,0,0,0,0,0,0,66
2025-09-29T04:22:11.215Z,61.2,21.1,1.92,49.6,0,60,0,0,0,0,0,0,0,0,66
2025-09-29T04:22:12.221Z,61.2,21.1,1.92,49.6,0,60,0,0,0,0,0,0,0,0,66
2025-09-29T04:22:13.217Z,61.2,21.1,1.92,50.4,0,60,0,0,0,0,0,0,0,0,66
2025-09-29T04:22:14.218Z,61.2,21.1,1.92,49.6,0,60,0,0,0,0,0,0,0,0,66
2025-09-29T04:22:15.222Z,61.2,21.1,1.92,49.6,0,60,0,0,0,0,0,0,0,0,66
2025-09-29T04:22:16.227Z,61.2,21.1,1.92,50.4,0,60,0,0,0,0,0,0,0,0,66
2025-09-29T04:22:17.221Z,61.2,21.1,1.92,49.6,0,60,0,0,0,0,0,0,0,0,66
2025-09-29T04:22:18.226Z,61.2,21.1,1.92,50.4,0,60,0,0,0,0,0,0,0,0,66
2025-09-29T04:22:19.223Z,61.2,21.1,1.92,49.6,0,60,0,0,0,0,0,0,0,0,66
2025-09-29T04:22:20.229Z,61.2,21.1,1.92,49.6,0,60,0,0,0,0,0,0,0,0,66
2025-09-29T04:22:21.227Z,61.2,21.1,1.92,50.4,0,60,0,0,0,0,0,0,0,0,66
2025-09-29T04:22:22.224Z,61.2,21.1,1.92,49.6,0,60,0,0,0,0,0,0,0,0,66
2025-09-29T04:22:23.230Z,61.2,21.1,1.92,50.4,0,60,0,0,0,0,0,0,0,0,66
2025-09-29T04:22:24.229Z,61.2,21.1,1.92,50.4,0,60,0,0,0,0,0,0,0,0,66
2025-09-29T04:22:25.227Z,61.2,21.1,1.92,49.6,0,60,0,0,0,0,0,0,0,0,66
2025-09-29T04:22:26.228Z,61.2,21.1,1.92,50.4,0,60,0,0,0,0,0,0,0,0,66
2025-09-29T04:22:27.226Z,61.2,21.1,1.92,49.6,0,60,0,0,0,0,0,0,0,0,66
2025-09-29T04:22:28.232Z,61.2,21.1,1.92,50.4,0,60,0,0,0,0,0,0,0,0,66
2025-09-29T04:22:29.228Z,61.2,21.1,1.92,49.6,0,60,0,0,0,0,0,0,0,0,66
2025-09-29T04:22:30.234Z,61.2,21.1,1.92,49.6,0,60,0,0,0,0,0,0,0,0,66
2025-09-29T04:22:31.227Z,61.2,21.1,1.92,50.4,0,60,0,0,0,0,0,0,0,0,66
2025-09-29T04:22:32.234Z,61.2,21.1,1.92,49.6,0,60,0,0,0,0,0,0,0,0,66
2025-09-29T04:22:33.233Z,61.2,21.1,1.92,50.4,0,60,0,0,0,0,0,0,0,0,66
2025-09-29T04:22:34.230Z,61.2,21.1,1.92,49.6,0,60,0,0,0,0,0,0,0,0,66
2025-09-29T04:22:35.232Z,61.1,21.1,1.92,49.6,0,60,0,0,0,0,0,0,0,0,66
2025-09-29T04:22:36.232Z,61.1,21.1,1.92,50.4,0,60,0,0,0,0,0,0,0,0,66
2025-09-29T04:22:37.232Z,61.1,21.1,1.92,49.6,0,60,0,0,0,0,0,0,0,0,66
2025-09-29T04:22:38.231Z,61.1,21.1,1.92,50.4,0,60,0,0,0,0,0,0,0,0,66
2025-09-29T04:22:39.236Z,61.1,21.1,1.92,49.6,0,60,0,0,0,0,0,0,0,0,66
2025-09-29T04:22:40.237Z,61.1,21.1,1.92,49.6,0,60,0,0,0,0,0,0,0,0,66
2025-09-29T04:22:41.239Z,61.1,21.1,1.92,50.4,0,60,0,0,0,0,0,0,0,0,66
2025-09-29T04:22:42.237Z,61.1,21.1,1.92,49.6,0,60,0,0,0,0,0,0,0,0,66
2025-09-29T04:22:43.237Z,61.1,21.1,1.92,49.6,0,60,0,0,0,0,0,0,0,0,66
2025-09-29T04:22:44.241Z,61.1,21.1,1.92,50.4,0,60,0,0,0,0,0,0,0,0,66
2025-09-29T04:22:45.239Z,61.1,21.1,1.92,49.6,0,60,0,0,0,0,0,0,0,0,66
2025-09-29T04:22:46.240Z,61.1,21.1,1.92,50.4,0,60.1,0,0,0,0,0,0,0,0,66
2025-09-29T04:22:47.240Z,61.1,21.1,1.92,50.4,0,60.1,0,0,0,0,0,0,0,0,66
2025-09-29T04:22:48.243Z,61.1,21.1,1.92,49.6,0,60.1,0,0,0,0,0,0,0,0,66
2025-09-29T04:22:49.247Z,61.1,21.1,1.92,50.4,0,60.1,0,0,0,0,0,0,0,0,66
2025-09-29T04:22:50.245Z,61.1,21.1,1.92,49.6,0,60.1,0,0,0,0,0,0,0,0,66
2025-09-29T04:22:51.244Z,61.1,21.1,1.92,50.4,0,60.1,0,0,0,0,0,0,0,0,66
2025-09-29T04:22:52.246Z,61.1,21.1,1.92,49.6,0,60.1,0,0,0,0,0,0,0,0,66
2025-09-29T04:22:53.250Z,61.1,21.1,1.92,50.4,0,60.1,0,0,0,0,0,0,0,0,66
2025-09-29T04:22:54.251Z,61.1,21.1,1.92,49.6,0,60.1,0,0,0,0,0,0,0,0,66
2025-09-29T04:22:55.249Z,61.1,21.1,1.92,49.6,0,60.1,0,0,0,0,0,0,0,0,66
2025-09-29T04:22:56.255Z,61.1,21.1,1.92,50.4,0,60.1,0,0,0,0,0,0,0,0,66
2025-09-29T04:22:57.248Z,61.1,21.1,1.92,49.6,0,60.1,0,0,0,0,0,0,0,0,66
2025-09-29T04:22:58.251Z,61.1,21.1,1.92,49.6,0,60.1,0,0,0,0,0,0,0,0,66
2025-09-29T04:22:59.246Z,61.1,21.1,1.921,50.4,0,60.1,0,0,0,0,0,0,0,0,66
2025-09-29T04:23:00.251Z,61.1,21.1,1.92,49.6,0,60.1,0,0,0,0,0,0,0,0,66
2025-09-29T04:23:01.253Z,61.1,21.1,1.92,49.6,0,60.1,0,0,0,0,0,0,0,0,66
2025-09-29T04:23:02.249Z,61.1,21.1,1.92,50.4,0,60.1,0,0,0,0,0,0,0,0,66
2025-09-29T04:23:03.248Z,61.1,21.1,1.921,49.6,0,60.1,0,0,0,0,0,0,0,0,66
2025-09-29T04:23:04.254Z,61.1,21.1,1.921,49.6,0,60.1,0,0,0,0,0,0,0,0,66
2025-09-29T04:23:05.261Z,61.1,21.1,1.92,50.4,0,60.1,0,0,0,0,0,0,0,0,66
2025-09-29T04:23:06.255Z,61.1,21.1,1.921,49.6,0,60.1,0,0,0,0,0,0,0,0,66
2025-09-29T04:23:07.254Z,61.1,21.1,1.921,49.6,0,60.1,0,0,0,0,0,0,0,0,66
2025-09-29T04:23:08.257Z,61.1,21.1,1.921,50.4,0,60.1,0,0,0,0,0,0,0,0,66
2025-09-29T04:23:09.257Z,61.1,21.1,1.921,49.6,0,60.1,0,0,0,0,0,0,0,0,66
2025-09-29T04:23:10.260Z,61.1,21.1,1.921,49.6,0,60.1,0,0,0,0,0,0,0,0,66
2025-09-29T04:23:11.261Z,61.1,21.1,1.921,50.4,0,60.1,0,0,0,0,0,0,0,0,66
2025-09-29T04:23:12.266Z,61,21.1,1.92,50.4,0,60.1,0,0,0,0,0,0,0,0,66
2025-09-29T04:23:13.261Z,61,21.1,1.92,49.6,0,60.1,0,0,0,0,0,0,0,0,66
2025-09-29T04:23:14.268Z,61,21.1,1.92,50.4,0,60.1,0,0,0,0,0,0,0,0,66
2025-09-29T04:23:15.270Z,61,21.1,1.92,49.6,0,60.1,0,0,0,0,0,0,0,0,66
2025-09-29T04:23:16.265Z,61,21.1,1.92,50.4,0,60.1,0,0,0,0,0,0,0,0,66
2025-09-29T04:23:17.271Z,61,21.1,1.92,50.4,0,60.1,0,0,0,0,0,0,0,0,66
2025-09-29T04:23:18.267Z,61,21.1,1.92,49.6,0,60.1,0,0,0,0,0,0,0,0,66
2025-09-29T04:23:19.261Z,61,21.1,1.921,50.4,0,60.1,0,0,0,0,0,0,0,0,66
2025-09-29T04:23:20.269Z,61,21.1,1.92,50.4,0,60.1,0,0,0,0,0,0,0,0,66
2025-09-29T04:23:21.269Z,61,21.1,1.92,49.6,0,60.1,0,0,0,0,0,0,0,0,66
2025-09-29T04:23:22.267Z,61,21.1,1.921,50.4,0,60.1,0,0,0,0,0,0,0,0,66
2025-09-29T04:23:23.267Z,61,21.1,1.921,49.6,0,60.1,0,0,0,0,0,0,0,0,66
2025-09-29T04:23:24.269Z,61,21.1,1.92,50.4,0,60.1,0,0,0,0,0,0,0,0,66
2025-09-29T04:23:25.274Z,61,21.1,1.92,50.4,0,60.1,0,0,0,0,0,0,0,0,66
2025-09-29T04:23:26.268Z,61,21.1,1.922,49.6,0,60.1,0,0,0,0,0,0,0,0,66
2025-09-29T04:23:27.273Z,61,21.1,1.92,50.4,0,60.1,0,0,0,0,0,0,0,0,66
2025-09-29T04:23:28.273Z,61,21.1,1.92,49.6,0,60.1,0,0,0,0,0,0,0,0,66
2025-09-29T04:23:29.272Z,61,21.1,1.921,50.4,0,60.1,0,0,0,0,0,0,0,0,66
2025-09-29T04:23:30.275Z,61,21.1,1.92,49.6,0,60.1,0,0,0,0,0,0,0,0,66
2025-09-29T04:23:31.273Z,61,21.1,1.92,50.4,0,60.1,0,0,0,0,0,0,0,0,66
2025-09-29T04:23:32.272Z,61,21.1,1.921,49.6,0,60.1,0,0,0,0,0,0,0,0,66
2025-09-29T04:23:33.278Z,61,21.1,1.92,50.4,0,60.1,0,0,0,0,0,0,0,0,66
2025-09-29T04:23:34.275Z,61,21.1,1.921,50.4,0,60.1,0,0,0,0,0,0,0,0,66
2025-09-29T04:23:35.276Z,61,21.1,1.92,49.6,0,60.1,0,0,0,0,0,0,0,0,66
2025-09-29T04:23:36.276Z,61,21.1,1.921,50.4,0,60.1,0,0,0,0,0,0,0,0,66
2025-09-29T04:23:37.279Z,61,21.1,1.92,49.6,0,60.1,0,0,0,0,0,0,0,0,66
2025-09-29T04:23:38.278Z,60.9,21.1,1.92,49.6,0,60.1,0,0,0,0,0,0,0,0,66
2025-09-29T04:23:39.284Z,60.9,21.1,1.92,49.6,0,60.1,0,0,0,0,0,0,0,0,66
2025-09-29T04:23:40.282Z,60.9,21.1,1.921,50.4,0,60.1,0,0,0,0,0,0,0,0,66
2025-09-29T04:23:41.281Z,60.9,21.1,1.92,49.6,0,60.1,0,0,0,0,0,0,0,0,66
2025-09-29T04:23:42.283Z,60.9,21.1,1.921,49.6,0,60.1,0,0,0,0,0,0,0,0,66
2025-09-29T04:23:43.285Z,60.9,21.1,1.921,50.4,0,60.1,0,0,0,0,0,0,0,0,66
2025-09-29T04:23:44.286Z,60.9,21.1,1.92,49.6,0,60.1,0,0,0,0,0,0,0,0,66
2025-09-29T04:23:45.291Z,60.9,21.1,1.921,50.4,0,60.1,0,0,0,0,0,0,0,0,66
2025-09-29T04:23:46.286Z,60.9,21.1,1.92,50.4,0,60.1,0,0,0,0,0,0,0,0,66
2025-09-29T04:23:47.290Z,60.9,21.1,1.921,49.6,0,60.1,0,0,0,0,0,0,0,0,66
2025-09-29T04:23:48.289Z,60.9,21.1,1.921,50.4,0,60.1,0,0,0,0,0,0,0,0,66
2025-09-29T04:23:49.289Z,60.9,21.1,1.921,49.6,0,60.1,0,0,0,0,0,0,0,0,66
2025-09-29T04:23:50.289Z,60.9,21.1,1.92,50.4,0,60.1,0,0,0,0,0,0,0,0,66
2025-09-29T04:23:51.291Z,60.9,21.1,1.921,49.6,0,60.1,0,0,0,0,0,0,0,0,66
2025-09-29T04:23:52.292Z,60.9,21.1,1.921,50.4,0,60.1,0,0,0,0,0,0,0,0,66
2025-09-29T04:23:53.298Z,60.9,21.1,1.921,49.6,0,60.1,0,0,0,0,0,0,0,0,66
2025-09-29T04:23:54.291Z,60.9,21.1,1.921,50.4,0,60.1,0,0,0,0,0,0,0,0,66
2025-09-29T04:23:55.296Z,60.9,21.1,1.921,49.6,0,60.1,0,0,0,0,0,0,0,0,66
2025-09-29T04:23:56.301Z,60.9,21.1,1.921,50.4,0,60.1,0,0,0,0,0,0,0,0,66
2025-09-29T04:23:57.300Z,60.9,21.1,1.921,49.6,0,60.1,0,0,0,0,0,0,0,0,66
2025-09-29T04:23:58.299Z,60.9,21.1,1.921,49.6,0,60.1,0,0,0,0,0,0,0,0,66
2025-09-29T04:23:59.296Z,60.9,21.1,1.921,50.4,0,60.1,0,0,0,0,0,0,0,0,66
2025-09-29T04:24:00.301Z,60.9,21.1,1.922,49.6,0,60.1,0,0,0,0,0,0,0,0,66
2025-09-29T04:24:01.299Z,60.9,21.1,1.921,50.4,0,60.1,0,0,0,0,0,0,0,0,66
2025-09-29T04:24:02.300Z,60.9,21.1,1.921,49.6,0,60.1,0,0,0,0,0,0,0,0,66
2025-09-29T04:24:03.300Z,60.9,21.1,1.921,49.6,0,60.1,0,0,0,0,0,0,0,0,66
2025-09-29T04:24:04.300Z,60.9,21.1,1.921,50.4,0,60.1,0,0,0,0,0,0,0,0,66
2025-09-29T04:24:05.305Z,60.9,21.1,1.922,49.6,0,60.1,0,0,0,0,0,0,0,0,66
2025-09-29T04:24:06.301Z,60.9,21.1,1.921,49.6,0,60.1,0,0,0,0,0,0,0,0,66
2025-09-29T04:24:07.306Z,60.9,21.1,1.922,50.4,0,60.1,0,0,0,0,0,0,0,0,66
2025-09-29T04:24:08.308Z,60.8,21.1,1.922,49.6,0,60.1,0,0,0,0,0,0,0,0,66
2025-09-29T04:24:09.308Z,60.9,21.1,1.922,49.6,0,60.1,0,0,0,0,0,0,0,0,66
2025-09-29T04:24:10.310Z,60.8,21.1,1.922,50.4,0,60.1,0,0,0,0,0,0,0,0,66
2025-09-29T04:24:11.309Z,60.8,21.1,1.922,49.6,0,60.1,0,0,0,0,0,0,0,0,66
2025-09-29T04:24:12.308Z,60.8,21.1,1.922,49.6,0,60.1,0,0,0,0,0,0,0,0,66
2025-09-29T04:24:13.312Z,60.8,21.1,1.922,50.4,0,60.1,0,0,0,0,0,0,0,0,66
2025-09-29T04:24:14.313Z,60.8,21.1,1.922,49.6,0,60.1,0,0,0,0,0,0,0,0,66
2025-09-29T04:24:15.323Z,60.8,21.1,1.921,49.6,0,60.1,0,0,0,0,0,0,0,0,66
2025-09-29T04:24:16.322Z,60.8,21.1,1.922,50.4,0,60.1,0,0,0,0,0,0,0,0,66
2025-09-29T04:24:17.318Z,60.8,21.1,1.922,49.6,0,60.1,0,0,0,0,0,0,0,0,66
2025-09-29T04:24:18.319Z,60.8,21.1,1.922,50.4,0,60.1,0,0,0,0,0,0,0,0,66
2025-09-29T04:24:19.318Z,60.8,21.1,1.922,50.4,0,60.1,0,0,0,0,0,0,0,0,66
2025-09-29T04:24:20.322Z,60.8,21.1,1.922,49.6,0,60.1,0,0,0,0,0,0,0,0,66
2025-09-29T04:24:21.321Z,60.8,21.1,1.922,50.4,0,60.1,0,0,0,0,0,0,0,0,66
2025-09-29T04:24:22.322Z,60.8,21.1,1.922,50.4,0,60.1,0,0,0,0,0,0,0,0,66
2025-09-29T04:24:23.323Z,60.8,21.1,1.922,49.6,0,60.1,0,0,0,0,0,0,0,0,66
2025-09-29T04:24:24.324Z,60.8,21.1,1.922,50.4,0,60.1,0,0,0,0,0,0,0,0,66
2025-09-29T04:24:25.324Z,60.8,21.1,1.922,49.6,0,60.1,0,0,0,0,0,0,0,0,66
2025-09-29T04:24:26.324Z,60.8,21.1,1.922,50.4,0,60.1,0,0,0,0,0,0,0,0,66
2025-09-29T04:24:26.324Z,60.8,21.1,1.922,50.4,0,60.1,0,0,0,0,0,0,0,0,66
2025-09-29T04:24:28.328Z,60.8,21.1,1.922,50.4,0,60.1,0,0,0,0,0,0,0,0,66
2025-09-29T04:24:29.326Z,60.8,21.1,1.922,50.4,0,60.1,0,0,0,0,0,0,0,0,66
2025-09-29T04:24:30.326Z,60.8,21.1,1.922,49.6,0,60.1,0,0,0,0,0,0,0,0,66
2025-09-29T04:24:31.326Z,60.8,21.1,1.922,50.4,0,60.1,0,0,0,0,0,0,0,0,66
2025-09-29T04:24:32.330Z,60.8,21.1,1.921,49.6,0,60.1,0,0,0,0,0,0,0,0,66
2025-09-29T04:24:33.329Z,60.8,21.1,1.922,50.4,0,60.1,0,0,0,0,0,0,0,0,66
2025-09-29T04:24:34.328Z,60.8,21.1,1.922,49.6,0,60.1,0,0,0,0,0,0,0,0,66
2025-09-29T04:24:35.332Z,60.8,21.1,1.921,50.4,0,60.2,0,0,0,0,0,0,0,0,66
2025-09-29T04:24:36.333Z,60.8,21.1,1.922,49.6,0,60.2,0,0,0,0,0,0,0,0,66
2025-09-29T04:24:37.334Z,60.8,21.1,1.921,49.6,0,60.2,0,0,0,0,0,0,0,0,66
2025-09-29T04:24:38.334Z,60.7,21.1,1.921,50.4,0,60.2,0,0,0,0,0,0,0,0,66
2025-09-29T04:24:39.337Z,60.7,21.1,1.921,49.6,0,60.1,0,0,0,0,0,0,0,0,66
2025-09-29T04:24:40.336Z,60.7,21.1,1.921,50.4,0,60.1,0,0,0,0,0,0,0,0,66
2025-09-29T04:24:41.336Z,60.7,21.1,1.921,49.6,0,60.2,0,0,0,0,0,0,0,0,66
2025-09-29T04:24:42.339Z,60.7,21.1,1.921,50.4,0,60.2,0,0,0,0,0,0,0,0,66
2025-09-29T04:24:43.342Z,60.7,21.1,1.921,49.6,0,60.2,0,0,0,0,0,0,0,0,66
2025-09-29T04:24:44.340Z,60.7,21.1,1.921,49.6,0,60.2,0,0,0,0,0,0,0,0,66
2025-09-29T04:24:45.341Z,60.7,21.1,1.921,50.4,0,60.2,0,0,0,0,0,0,0,0,66
2025-09-29T04:24:46.341Z,60.7,21.1,1.921,49.6,0,60.2,0,0,0,0,0,0,0,0,66
2025-09-29T04:24:47.343Z,60.7,21.1,1.921,50.4,0,60.2,0,0,0,0,0,0,0,0,66
2025-09-29T04:24:48.344Z,60.7,21.1,1.921,49.6,0,60.2,0,0,0,0,0,0,0,0,66
2025-09-29T04:24:49.345Z,60.7,21.1,1.921,50.4,0,60.2,0,0,0,0,0,0,0,0,66
2025-09-29T04:24:50.345Z,60.7,21.1,1.921,49.6,0,60.2,0,0,0,0,0,0,0,0,66
2025-09-29T04:24:51.347Z,60.7,21.1,1.921,49.6,0,60.2,0,0,0,0,0,0,0,0,66
2025-09-29T04:24:52.347Z,60.7,21.1,1.921,50.4,0,60.2,0,0,0,0,0,0,0,0,66
2025-09-29T04:24:53.356Z,60.7,21.1,1.921,49.6,0,60.2,0,0,0,0,0,0,0,0,66
2025-09-29T04:24:54.352Z,60.7,21.1,1.921,50.4,0,60.2,0,0,0,0,0,0,0,0,66
2025-09-29T04:24:55.350Z,60.7,21.1,1.921,49.6,0,60.2,0,0,0,0,0,0,0,0,66
2025-09-29T04:24:56.355Z,60.7,21.1,1.921,49.6,0,60.2,0,0,0,0,0,0,0,0,66
2025-09-29T04:24:57.354Z,60.7,21.1,1.921,50.4,0,60.2,0,0,0,0,0,0,0,0,66
2025-09-29T04:24:58.358Z,60.7,21.1,1.921,49.6,0,60.2,0,0,0,0,0,0,0,0,66
2025-09-29T04:24:59.351Z,60.7,21.1,1.921,50.4,0,60.2,0,0,0,0,0,0,0,0,66
2025-09-29T04:25:00.354Z,60.7,21.1,1.921,50.4,0,60.2,0,0,0,0,0,0,0,0,66
2025-09-29T04:25:01.357Z,60.7,21.1,1.921,49.6,0,60.2,0,0,0,0,0,0,0,0,66
2025-09-29T04:25:02.355Z,60.7,21.1,1.921,50.4,0,60.2,0,0,0,0,0,0,0,0,66
2025-09-29T04:25:03.359Z,60.7,21.1,1.921,49.6,0,60.2,0,0,0,0,0,0,0,0,66
2025-09-29T04:25:04.359Z,60.7,21.1,1.921,50.4,0,60.2,0,0,0,0,0,0,0,0,66
2025-09-29T04:25:05.359Z,60.7,21.1,1.921,49.6,0,60.2,0,0,0,0,0,0,0,0,66
2025-09-29T04:25:06.361Z,60.6,21.1,1.921,50.4,0,60.2,0,0,0,0,0,0,0,0,66
2025-09-29T04:25:07.357Z,60.6,21.1,1.922,49.6,0,60.2,0,0,0,0,0,0,0,0,66
2025-09-29T04:25:08.363Z,60.6,21.1,1.921,49.6,0,60.2,0,0,0,0,0,0,0,0,66
2025-09-29T04:25:09.362Z,60.7,21.1,1.921,50.4,0,60.2,0,0,0,0,0,0,0,0,66
2025-09-29T04:25:10.365Z,60.6,21.1,1.921,49.6,0,60.2,0,0,0,0,0,0,0,0,66
2025-09-29T04:25:11.362Z,60.6,21.1,1.921,49.6,0,60.2,0,0,0,0,0,0,0,0,66
2025-09-29T04:25:12.365Z,60.6,21.1,1.922,50.4,0,60.2,0,0,0,0,0,0,0,0,66
2025-09-29T04:25:13.368Z,60.6,21.1,1.921,49.6,0,60.2,0,0,0,0,0,0,0,0,66
2025-09-29T04:25:14.364Z,60.6,21.1,1.922,50.4,0,60.2,0,0,0,0,0,0,0,0,66
2025-09-29T04:25:15.364Z,60.6,21.1,1.922,49.6,0,60.2,0,0,0,0,0,0,0,0,66
2025-09-29T04:25:16.373Z,60.6,21.1,1.922,49.6,0,60.2,0,0,0,0,0,0,0,0,66
2025-09-29T04:25:17.369Z,60.6,21.1,1.922,50.4,0,60.2,0,0,0,0,0,0,0,0,66
2025-09-29T04:25:18.372Z,60.6,21.1,1.922,49.6,0,60.2,0,0,0,0,0,0,0,0,66
2025-09-29T04:25:19.366Z,60.6,21.1,1.922,50.4,0,60.2,0,0,0,0,0,0,0,0,66
2025-09-29T04:25:20.374Z,60.6,21.1,1.922,49.6,0,60.2,0,0,0,0,0,0,0,0,66
2025-09-29T04:25:21.375Z,60.6,21.1,1.922,49.6,0,60.2,0,0,0,0,0,0,0,0,66
2025-09-29T04:25:22.380Z,60.6,21.1,1.923,50.4,0,60.2,0,0,0,0,0,0,0,0,66
2025-09-29T04:25:23.374Z,60.6,21.1,1.922,50.4,0,60.2,0,0,0,0,0,0,0,0,66
2025-09-29T04:25:24.377Z,60.6,21.1,1.922,49.6,0,60.2,0,0,0,0,0,0,0,0,66
2025-09-29T04:25:25.381Z,60.6,21.1,1.923,50.4,0,60.2,0,0,0,0,0,0,0,0,66
2025-09-29T04:25:26.378Z,60.6,21.1,1.922,49.6,0,60.2,0,0,0,0,0,0,0,0,66
2025-09-29T04:25:27.382Z,60.6,21.1,1.923,50.4,0,60.2,0,0,0,0,0,0,0,0,66
2025-09-29T04:25:28.383Z,60.6,21.1,1.923,49.6,0,60.2,0,0,0,0,0,0,0,0,66
2025-09-29T04:25:29.381Z,60.6,21.1,1.923,50.4,0,60.2,0,0,0,0,0,0,0,0,66
2025-09-29T04:25:30.384Z,60.6,21.1,1.923,49.6,0,60.2,0,0,0,0,0,0,0,0,66
2025-09-29T04:25:31.382Z,60.6,21.1,1.923,50.4,0,60.2,0,0,0,0,0,0,0,0,66
2025-09-29T04:25:32.385Z,60.6,21.1,1.923,49.6,0,60.2,0,0,0,0,0,0,0,0,66
2025-09-29T04:25:33.384Z,60.6,21.1,1.923,49.6,0,60.2,0,0,0,0,0,0,0,0,66
2025-09-29T04:25:34.386Z,60.6,21.1,1.923,50.4,0,60.2,0,0,0,0,0,0,0,0,66
2025-09-29T04:25:35.387Z,60.6,21.1,1.923,49.6,0,60.2,0,0,0,0,0,0,0,0,66
2025-09-29T04:25:36.386Z,60.6,21.1,1.923,50.4,0,60.2,0,0,0,0,0,0,0,0,66
2025-09-29T04:25:37.387Z,60.6,21.1,1.923,50.4,0,60.2,0,0,0,0,0,0,0,0,66
2025-09-29T04:25:38.391Z,60.5,21.1,1.923,49.6,0,60.2,0,0,0,0,0,0,0,0,66
2025-09-29T04:25:39.389Z,60.5,21.1,1.923,50.4,0,60.2,0,0,0,0,0,0,0,0,66
2025-09-29T04:25:40.388Z,60.5,21.1,1.923,49.6,0,60.2,0,0,0,0,0,0,0,0,66
2025-09-29T04:25:41.387Z,60.5,21.1,1.922,50.4,0,60.2,0,0,0,0,0,0,0,0,66
2025-09-29T04:25:42.387Z,60.5,21.1,1.922,49.6,0,60.2,0,0,0,0,0,0,0,0,66
2025-09-29T04:25:43.395Z,60.5,21.1,1.923,50.4,0,60.2,0,0,0,0,0,0,0,0,66
2025-09-29T04:25:44.395Z,60.5,21.1,1.923,49.6,0,60.2,0,0,0,0,0,0,0,0,66
2025-09-29T04:25:45.399Z,60.5,21.1,1.923,49.6,0,60.2,0,0,0,0,0,0,0,0,66
2025-09-29T04:25:46.396Z,60.5,21.1,1.923,50.4,0,60.2,0,0,0,0,0,0,0,0,66
2025-09-29T04:25:47.401Z,60.5,21.1,1.923,49.6,0,60.2,0,0,0,0,0,0,0,0,66
2025-09-29T04:25:48.401Z,60.5,21.1,1.923,50.4,0,60.2,0,0,0,0,0,0,0,0,66
2025-09-29T04:25:49.403Z,60.5,21.1,1.923,49.6,0,60.2,0,0,0,0,0,0,0,0,66
2025-09-29T04:25:50.406Z,60.5,21.1,1.922,49.6,0,60.2,0,0,0,0,0,0,0,0,66
2025-09-29T04:25:51.403Z,60.5,21.1,1.923,50.4,0,60.2,0,0,0,0,0,0,0,0,66
2025-09-29T04:25:52.404Z,60.5,21.1,1.923,49.6,0,60.2,0,0,0,0,0,0,0,0,66
2025-09-29T04:25:53.407Z,60.5,21.1,1.923,50.4,0,60.2,0,0,0,0,0,0,0,0,66
2025-09-29T04:25:54.406Z,60.5,21.1,1.923,49.6,0,60.2,0,0,0,0,0,0,0,0,66
2025-09-29T04:25:55.408Z,60.5,21.1,1.923,49.6,0,60.2,0,0,0,0,0,0,0,0,66
2025-09-29T04:25:56.412Z,60.5,21.1,1.922,50.4,0,60.2,0,0,0,0,0,0,0,0,66
2025-09-29T04:25:57.411Z,60.5,21.1,1.922,49.6,0,60.2,0,0,0,0,0,0,0,0,66
2025-09-29T04:25:58.413Z,60.5,21.1,1.922,50.4,0,60.2,0,0,0,0,0,0,0,0,66
2025-09-29T04:25:59.408Z,60.5,21.1,1.923,50.4,0,60.2,0,0,0,0,0,0,0,0,66
2025-09-29T04:26:00.411Z,60.5,21.1,1.922,49.6,0,60.2,0,0,0,0,0,0,0,0,66
2025-09-29T04:26:01.412Z,60.5,21.1,1.923,50.4,0,60.2,0,0,0,0,0,0,0,0,66
2025-09-29T04:26:02.410Z,60.5,21.1,1.923,49.6,0,60.2,0,0,0,0,0,0,0,0,66
2025-09-29T04:26:03.416Z,60.5,21.1,1.923,50.4,0,60.2,0,0,0,0,0,0,0,0,66
2025-09-29T04:26:04.414Z,60.5,21.1,1.923,49.6,0,60.2,0,0,0,0,0,0,0,0,66
2025-09-29T04:26:05.416Z,60.4,21.1,1.923,49.6,0,60.2,0,0,0,0,0,0,0,0,66
2025-09-29T04:26:06.414Z,60.4,21.1,1.923,50.4,0,60.2,0,0,0,0,0,0,0,0,66
2025-09-29T04:26:07.419Z,60.4,21.1,1.922,49.6,0,60.2,0,0,0,0,0,0,0,0,66
2025-09-29T04:26:08.418Z,60.4,21.1,1.923,50.4,0,60.2,0,0,0,0,0,0,0,0,66
2025-09-29T04:26:09.418Z,60.4,21.1,1.923,49.6,0,60.2,0,0,0,0,0,0,0,0,66
2025-09-29T04:26:10.423Z,60.4,21.1,1.923,49.6,0,60.2,0,0,0,0,0,0,0,0,66
2025-09-29T04:26:11.419Z,60.4,21.1,1.923,50.4,0,60.2,0,0,0,0,0,0,0,0,66
2025-09-29T04:26:12.422Z,60.4,21.1,1.923,49.6,0,60.2,0,0,0,0,0,0,0,0,66
2025-09-29T04:26:13.422Z,60.4,21.1,1.923,49.6,0,60.2,0,0,0,0,0,0,0,0,66
2025-09-29T04:26:14.426Z,60.4,21.1,1.923,50.4,0,60.2,0,0,0,0,0,0,0,0,66
2025-09-29T04:26:15.425Z,60.4,21.1,1.923,49.6,0,60.2,0,0,0,0,0,0,0,0,66
2025-09-29T04:26:16.425Z,60.4,21.1,1.923,49.6,0,60.2,0,0,0,0,0,0,0,0,66
2025-09-29T04:26:17.431Z,60.4,21.1,1.923,50.4,0,60.2,0,0,0,0,0,0,0,0,66
2025-09-29T04:26:18.428Z,60.4,21.1,1.923,50.4,0,60.2,0,0,0,0,0,0,0,0,66
2025-09-29T04:26:19.431Z,60.4,21.1,1.923,49.6,0,60.2,0,0,0,0,0,0,0,0,66
2025-09-29T04:26:20.433Z,60.4,21.1,1.923,50.4,0,60.2,0,0,0,0,0,0,0,0,66
2025-09-29T04:26:21.431Z,60.4,21.1,1.923,50.4,0,60.2,0,0,0,0,0,0,0,0,66
2025-09-29T04:26:22.432Z,60.4,21.1,1.923,49.6,0,60.2,0,0,0,0,0,0,0,0,66
2025-09-29T04:26:23.442Z,60.4,21.1,1.923,50.4,0,60.2,0,0,0,0,0,0,0,0,66
2025-09-29T04:26:24.436Z,60.4,21.1,1.923,49.6,0,60.2,0,0,0,0,0,0,0,0,66
2025-09-29T04:26:25.437Z,60.4,21.1,1.923,50.4,0,60.2,0,0,0,0,0,0,0,0,66
2025-09-29T04:26:26.433Z,60.4,21.1,1.923,49.6,0,60.3,0,0,0,0,0,0,0,0,66
2025-09-29T04:26:27.443Z,60.4,21.1,1.923,49.6,0,60.2,0,0,0,0,0,0,0,0,66
2025-09-29T04:26:28.447Z,60.4,21.1,1.923,50.4,0,60.2,0,0,0,0,0,0,0,0,66
2025-09-29T04:26:29.438Z,60.4,21.1,1.923,49.6,0,60.2,0,0,0,0,0,0,0,0,66
2025-09-29T04:26:30.439Z,60.4,21.1,1.923,49.6,0,60.2,0,0,0,0,0,0,0,0,66
2025-09-29T04:26:31.446Z,60.4,21.1,1.923,50.4,0,60.2,0,0,0,0,0,0,0,0,66
2025-09-29T04:26:32.439Z,60.4,21.1,1.923,49.6,0,60.2,0,0,0,0,0,0,0,0,66
2025-09-29T04:26:33.447Z,60.4,21.1,1.923,49.6,0,60.2,0,0,0,0,0,0,0,0,66
2025-09-29T04:26:34.441Z,60.3,21.1,1.923,50.4,0,60.2,0,0,0,0,0,0,0,0,66
2025-09-29T04:26:35.445Z,60.3,21.1,1.923,49.6,0,60.2,0,0,0,0,0,0,0,0,66
2025-09-29T04:26:36.448Z,60.3,21.1,1.923,50.4,0,60.2,0,0,0,0,0,0,0,0,66
2025-09-29T04:26:37.448Z,60.3,21.1,1.923,50.4,0,60.2,0,0,0,0,0,0,0,0,66
2025-09-29T04:26:38.447Z,60.3,21.1,1.923,49.6,0,60.2,0,0,0,0,0,0,0,0,66
2025-09-29T04:26:39.450Z,60.3,21.1,1.923,50.4,0,60.2,0,0,0,0,0,0,0,0,66
2025-09-29T04:26:40.446Z,60.3,21.1,1.923,49.6,0,60.2,0,0,0,0,0,0,0,0,66
2025-09-29T04:26:41.451Z,60.3,21.1,1.923,49.6,0,60.2,0,0,0,0,0,0,0,0,66
2025-09-29T04:26:42.450Z,60.3,21.1,1.924,50.4,0,60.2,0,0,0,0,0,0,0,0,66
2025-09-29T04:26:43.460Z,60.3,21.1,1.923,50.4,0,60.2,0,0,0,0,0,0,0,0,66
2025-09-29T04:26:44.450Z,60.3,21.1,1.924,49.6,0,60.2,0,0,0,0,0,0,0,0,66
2025-09-29T04:26:45.452Z,60.3,21.1,1.924,50.4,0,60.2,0,0,0,0,0,0,0,0,66
2025-09-29T04:26:46.456Z,60.3,21.1,1.924,49.6,0,60.2,0,0,0,0,0,0,0,0,66
2025-09-29T04:26:47.465Z,60.3,21.1,1.923,50.4,0,60.2,0,0,0,0,0,0,0,0,66
2025-09-29T04:26:48.454Z,60.3,21.1,1.924,49.6,0,60.2,0,0,0,0,0,0,0,0,66
2025-09-29T04:26:49.453Z,60.3,21.1,1.924,50.4,0,60.2,0,0,0,0,0,0,0,0,66
2025-09-29T04:26:50.462Z,60.3,21.1,1.923,50.4,0,60.2,0,0,0,0,0,0,0,0,66
2025-09-29T04:26:51.459Z,60.3,21.1,1.924,49.6,0,60.2,0,0,0,0,0,0,0,0,66
2025-09-29T04:26:52.458Z,60.3,21.1,1.924,50.4,0,60.2,0,0,0,0,0,0,0,0,66
2025-09-29T04:26:53.462Z,60.3,21.1,1.923,49.6,0,60.2,0,0,0,0,0,0,0,0,66
2025-09-29T04:26:54.462Z,60.3,21.1,1.924,50.4,0,60.2,0,0,0,0,0,0,0,0,66
2025-09-29T04:26:55.464Z,60.3,21.1,1.923,49.6,0,60.2,0,0,0,0,0,0,0,0,66
2025-09-29T04:26:56.462Z,60.3,21.1,1.924,49.6,0,60.2,0,0,0,0,0,0,0,0,66
2025-09-29T04:26:57.463Z,60.3,21.1,1.923,50.4,0,60.2,0,0,0,0,0,0,0,0,66
2025-09-29T04:26:58.470Z,60.3,21.1,1.923,49.6,0,60.2,0,0,0,0,0,0,0,0,66
2025-09-29T04:26:59.462Z,60.3,21.1,1.924,50.4,0,60.2,0,0,0,0,0,0,0,0,66
2025-09-29T04:27:00.462Z,60.2,21.1,1.924,50.4,0,60.2,0,0,0,0,0,0,0,0,66
2025-09-29T04:27:01.466Z,60.2,21.1,1.923,49.6,0,60.2,0,0,0,0,0,0,0,0,66
2025-09-29T04:27:01.466Z,60.2,21.1,1.923,49.6,0,60.2,0,0,0,0,0,0,0,0,66
2025-09-29T04:27:03.464Z,60.2,21.1,1.924,49.6,0,60.1,0,0,0,0,0,0,0,0,66
2025-09-29T04:27:04.468Z,60.2,21.1,1.923,50.4,0,60.1,0,0,0,0,0,0,0,0,66
2025-09-29T04:27:05.464Z,60.2,21.1,1.924,49.6,0,60.2,0,0,0,0,0,0,0,0,66
2025-09-29T04:27:06.466Z,60.2,21.1,1.924,50.4,0,60.1,0,0,0,0,0,0,0,0,66
2025-09-29T04:27:07.464Z,60.2,21.1,1.924,49.6,0,60.1,0,0,0,0,0,0,0,0,66
2025-09-29T04:27:08.468Z,60.2,21.1,1.924,50.4,0,60.1,0,0,0,0,0,0,0,0,66
2025-09-29T04:27:09.466Z,60.2,21.1,1.924,49.6,0,60.1,0,0,0,0,0,0,0,0,66
2025-09-29T04:27:10.470Z,60.2,21.1,1.923,49.6,0,60.1,0,0,0,0,0,0,0,0,66
2025-09-29T04:27:11.471Z,60.2,21.1,1.923,49.6,0,60.2,0,0,0,0,0,0,0,0,66
2025-09-29T04:27:12.472Z,60.2,21.1,1.923,50.4,0,60.2,0,0,0,0,0,0,0,0,66
2025-09-29T04:27:13.475Z,60.2,21.1,1.923,49.6,0,60.2,0,0,0,0,0,0,0,0,66
2025-09-29T04:27:14.474Z,60.2,21.1,1.923,49.6,0,60.2,0,0,0,0,0,0,0,0,66
2025-09-29T04:27:15.473Z,60.2,21.1,1.923,50.4,0,60.2,0,0,0,0,0,0,0,0,66
2025-09-29T04:27:16.475Z,60.2,21.1,1.923,49.6,0,60.2,0,0,0,0,0,0,0,0,66
2025-09-29T04:27:17.476Z,60.2,21.1,1.923,49.6,0,60.2,0,0,0,0,0,0,0,0,66
2025-09-29T04:27:18.479Z,60.2,21.1,1.923,50.4,0,60.2,0,0,0,0,0,0,0,0,66
2025-09-29T04:27:19.477Z,60.2,21.1,1.923,49.6,0,60.2,0,0,0,0,0,0,0,0,66
2025-09-29T04:27:20.480Z,60.2,21.1,1.923,49.6,0,60.2,0,0,0,0,0,0,0,0,66
2025-09-29T04:27:21.482Z,60.2,21.1,1.923,50.4,0,60.2,0,0,0,0,0,0,0,0,66
2025-09-29T04:27:22.481Z,60.2,21.1,1.923,49.6,0,60.2,0,0,0,0,0,0,0,0,66
2025-09-29T04:27:23.479Z,60.2,21.1,1.923,49.6,0,60.2,0,0,0,0,0,0,0,0,66
2025-09-29T04:27:24.479Z,60.2,21.1,1.924,50.4,0,60.2,0,0,0,0,0,0,0,0,66
2025-09-29T04:27:25.479Z,60.1,21.1,1.924,50.4,0,60.2,0,0,0,0,0,0,0,0,66
2025-09-29T04:27:26.477Z,60.1,21.1,1.923,49.6,0,60.1,0,0,0,0,0,0,0,0,66
2025-09-29T04:27:27.483Z,60.1,21.1,1.924,50.4,0,60.2,0,0,0,0,0,0,0,0,66
2025-09-29T04:27:28.483Z,60.1,21.1,1.924,49.6,0,60.2,0,0,0,0,0,0,0,0,66
2025-09-29T04:27:29.478Z,60.1,21.1,1.923,50.4,0,60.1,0,0,0,0,0,0,0,0,66
2025-09-29T04:27:30.482Z,60.1,21.1,1.924,49.6,0,60.1,0,0,0,0,0,0,0,0,66
2025-09-29T04:27:31.480Z,60.1,21.1,1.924,49.6,0,60.2,0,0,0,0,0,0,0,0,66
2025-09-29T04:27:32.479Z,60.1,21.1,1.924,50.4,0,60.2,0,0,0,0,0,0,0,0,66
2025-09-29T04:27:33.485Z,60.1,21.1,1.924,49.6,0,60.2,0,0,0,0,0,0,0,0,66
2025-09-29T04:27:34.483Z,60.1,21.1,1.924,49.6,0,60.2,0,0,0,0,0,0,0,0,66
2025-09-29T04:27:35.482Z,60.1,21.1,1.924,50.4,0,60.1,0,0,0,0,0,0,0,0,66
2025-09-29T04:27:36.486Z,60.1,21.1,1.924,49.6,0,60.2,0,0,0,0,0,0,0,0,66
2025-09-29T04:27:37.487Z,60.1,21.1,1.924,49.6,0,60.1,0,0,0,0,0,0,0,0,66
2025-09-29T04:27:38.491Z,60.1,21.1,1.924,50.4,0,60.2,0,0,0,0,0,0,0,0,66
2025-09-29T04:27:39.489Z,60.1,21.1,1.924,50.4,0,60.2,0,0,0,0,0,0,0,0,66
2025-09-29T04:27:40.491Z,60.1,21.1,1.924,49.6,0,60.2,0,0,0,0,0,0,0,0,66
2025-09-29T04:27:41.488Z,60.1,21.1,1.924,50.4,0,60.2,0,0,0,0,0,0,0,0,66
2025-09-29T04:27:42.491Z,60.1,21.1,1.924,50.4,0,60.1,0,0,0,0,0,0,0,0,66
2025-09-29T04:27:43.495Z,60.1,21.1,1.924,49.6,0,60.2,0,0,0,0,0,0,0,0,66
2025-09-29T04:27:44.495Z,60.1,21.1,1.924,50.4,0,60.1,0,0,0,0,0,0,0,0,66
2025-09-29T04:27:45.496Z,60.1,21.1,1.924,49.6,0,60.2,0,0,0,0,0,0,0,0,66
2025-09-29T04:27:46.494Z,60,21.1,1.924,50.4,0,60.2,0,0,0,0,0,0,0,0,66
2025-09-29T04:27:47.495Z,60,21.1,1.924,50.4,0,60.2,0,0,0,0,0,0,0,0,66
2025-09-29T04:27:48.498Z,60,21.1,1.924,49.6,0,60.2,0,0,0,0,0,0,0,0,66
2025-09-29T04:27:49.502Z,60,21.1,1.925,49.6,0,60.1,0,0,0,0,0,0,0,0,66
2025-09-29T04:27:50.499Z,60,21.1,1.924,49.6,0,60.1,0,0,0,0,0,0,0,0,66
2025-09-29T04:27:51.502Z,60,21.1,1.924,50.4,0,60.1,0,0,0,0,0,0,0,0,66
2025-09-29T04:27:52.499Z,60,21.1,1.924,50.4,0,60.1,0,0,0,0,0,0,0,0,66
2025-09-29T04:27:53.499Z,60,21.1,1.925,49.6,0,60.1,0,0,0,0,0,0,0,0,66
2025-09-29T04:27:54.503Z,60,21.1,1.925,50.4,0,60.1,0,0,0,0,0,0,0,0,66
2025-09-29T04:27:55.502Z,60,21.1,1.925,49.6,0,60.1,0,0,0,0,0,0,0,0,66
2025-09-29T04:27:56.508Z,60,21.1,1.925,50.4,0,60.1,0,0,0,0,0,0,0,0,66
2025-09-29T04:27:57.505Z,60,21.1,1.924,49.6,0,60.1,0,0,0,0,0,0,0,0,66
2025-09-29T04:27:58.504Z,60,21.1,1.925,49.6,0,60.1,0,0,0,0,0,0,0,0,66
2025-09-29T04:27:59.502Z,60,21.1,1.925,50.4,0,60.1,0,0,0,0,0,0,0,0,66
2025-09-29T04:28:00.502Z,60,21.1,1.925,49.6,0,60.1,0,0,0,0,0,0,0,0,66
2025-09-29T04:28:01.504Z,60,21.1,1.926,49.6,0,60.1,0,0,0,0,0,0,0,0,66
2025-09-29T04:28:02.516Z,60,21.1,1.926,50.4,0,60.1,0,0,0,0,0,0,0,0,66
2025-09-29T04:28:03.511Z,60,21.1,1.926,49.6,0,60.1,0,0,0,0,0,0,0,0,66
2025-09-29T04:28:04.511Z,60,21.1,1.926,49.6,0,60.1,0,0,0,0,0,0,0,0,66
2025-09-29T04:28:05.508Z,60,21.1,1.926,50.4,0,60.1,0,0,0,0,0,0,0,0,66
2025-09-29T04:28:06.513Z,60,21.1,1.926,50.4,0,60.1,0,0,0,0,0,0,0,0,66
2025-09-29T04:28:07.513Z,60,21.1,1.926,49.6,0,60.1,0,0,0,0,0,0,0,0,66
2025-09-29T04:28:08.509Z,59.9,21.1,1.926,50.4,0,60.1,0,0,0,0,0,0,0,0,66
2025-09-29T04:28:09.511Z,59.9,21.1,1.926,49.6,0,60.1,0,0,0,0,0,0,0,0,66
2025-09-29T04:28:10.518Z,59.9,21.1,1.926,49.6,0,60.1,0,0,0,0,0,0,0,0,66
2025-09-29T04:28:11.517Z,59.9,21.1,1.926,50.4,0,60.1,0,0,0,0,0,0,0,0,66
2025-09-29T04:28:12.514Z,59.9,21.1,1.926,49.6,0,60.1,0,0,0,0,0,0,0,0,66
2025-09-29T04:28:13.514Z,59.9,21.1,1.926,49.6,0,60.1,0,0,0,0,0,0,0,0,66
2025-09-29T04:28:14.519Z,59.9,21.1,1.926,50.4,0,60.1,0,0,0,0,0,0,0,0,66
2025-09-29T04:28:15.521Z,59.9,21.1,1.926,50.4,0,60.1,0,0,0,0,0,0,0,0,66
2025-09-29T04:28:16.524Z,59.9,21.1,1.926,49.6,0,60.1,0,0,0,0,0,0,0,0,66
2025-09-29T04:28:17.522Z,59.9,21.1,1.926,50.4,0,60.1,0,0,0,0,0,0,0,0,66
2025-09-29T04:28:18.522Z,59.9,21.1,1.926,49.6,0,60.1,0,0,0,0,0,0,0,0,66
2025-09-29T04:28:19.524Z,59.9,21.1,1.926,49.6,0,60.1,0,0,0,0,0,0,0,0,66
2025-09-29T04:28:20.529Z,59.9,21.1,1.926,50.4,0,60.1,0,0,0,0,0,0,0,0,66
2025-09-29T04:28:21.527Z,59.9,21.1,1.926,49.6,0,60.1,0,0,0,0,0,0,0,0,66
2025-09-29T04:28:22.525Z,59.9,21.1,1.926,49.6,0,60.1,0,0,0,0,0,0,0,0,66
2025-09-29T04:28:23.526Z,59.9,21.1,1.926,50.4,0,60.1,0,0,0,0,0,0,0,0,66
2025-09-29T04:28:24.530Z,59.9,21.1,1.926,50.4,0,60.1,0,0,0,0,0,0,0,0,66
2025-09-29T04:28:25.527Z,59.9,21.1,1.926,49.6,0,60.1,0,0,0,0,0,0,0,0,66
2025-09-29T04:28:26.534Z,59.9,21.1,1.926,50.4,0,60.1,0,0,0,0,0,0,0,0,66
2025-09-29T04:28:27.529Z,59.9,21.1,1.926,50.4,0,60.1,0,0,0,0,0,0,0,0,66
2025-09-29T04:28:28.531Z,59.8,21.1,1.926,49.6,0,60.1,0,0,0,0,0,0,0,0,66
2025-09-29T04:28:29.536Z,59.8,21.1,1.925,50.4,0,60.1,0,0,0,0,0,0,0,0,66
2025-09-29T04:28:30.532Z,59.8,21.1,1.926,49.6,0,60.1,0,0,0,0,0,0,0,0,66
2025-09-29T04:28:31.536Z,59.8,21.1,1.926,50.4,0,60.1,0,0,0,0,0,0,0,0,66
2025-09-29T04:28:32.534Z,59.8,21.1,1.926,49.6,0,60.1,0,0,0,0,0,0,0,0,66
2025-09-29T04:28:33.534Z,59.8,21.1,1.926,50.4,0,60.1,0,0,0,0,0,0,0,0,66
2025-09-29T04:28:34.536Z,59.8,21.1,1.926,49.6,0,60.1,0,0,0,0,0,0,0,0,66
2025-09-29T04:28:35.545Z,59.8,21.1,1.925,49.6,0,60.1,0,0,0,0,0,0,0,0,66
2025-09-29T04:28:36.539Z,59.8,21.1,1.926,50.4,0,60.1,0,0,0,0,0,0,0,0,66
2025-09-29T04:28:37.542Z,59.8,21.1,1.925,49.6,0,60.1,0,0,0,0,0,0,0,0,66
2025-09-29T04:28:38.541Z,59.8,21.1,1.925,49.6,0,60.1,0,0,0,0,0,0,0,0,66
2025-09-29T04:28:39.547Z,59.8,21.1,1.926,50.4,0,60.1,0,0,0,0,0,0,0,0,66
2025-09-29T04:28:40.549Z,59.8,21.1,1.926,49.6,0,60.1,0,0,0,0,0,0,0,0,66
2025-09-29T04:28:41.549Z,59.8,21.1,1.925,49.6,0,60.1,0,0,0,0,0,0,0,0,66
2025-09-29T04:28:42.545Z,59.8,21.1,1.925,50.4,0,60.1,0,0,0,0,0,0,0,0,66
2025-09-29T04:28:43.549Z,59.8,21.1,1.926,50.4,0,60.1,0,0,0,0,0,0,0,0,66
2025-09-29T04:28:44.548Z,59.8,21.1,1.926,49.6,0,60.1,0,0,0,0,0,0,0,0,66
2025-09-29T04:28:45.548Z,59.8,21.1,1.926,50.4,0,60.1,0,0,0,0,0,0,0,0,66
2025-09-29T04:28:46.549Z,59.8,21.1,1.926,50.4,0,60.1,0,0,0,0,0,0,0,0,66
2025-09-29T04:28:47.551Z,59.8,21.1,1.926,49.6,0,60.1,0,0,0,0,0,0,0,0,66
2025-09-29T04:28:48.550Z,59.8,21.1,1.926,50.4,0,60.1,0,0,0,0,0,0,0,0,66
2025-09-29T04:28:49.556Z,59.8,21.1,1.926,49.6,0,60.1,0,0,0,0,0,0,0,0,66
2025-09-29T04:28:50.556Z,59.8,21.1,1.925,50.4,0,60.1,0,0,0,0,0,0,0,0,66
2025-09-29T04:28:51.559Z,59.8,21.1,1.926,49.6,0,60.1,0,0,0,0,0,0,0,0,66
2025-09-29T04:28:52.562Z,59.8,21.1,1.926,50.4,0,60.1,0,0,0,0,0,0,0,0,66
2025-09-29T04:28:53.559Z,59.8,21.1,1.925,49.6,0,60.1,0,0,0,0,0,0,0,0,66
2025-09-29T04:28:54.562Z,59.8,21.1,1.926,49.6,0,60.1,0,0,0,0,0,0,0,0,66
2025-09-29T04:28:55.566Z,59.7,21.1,1.926,50.4,0,60.1,0,0,0,0,0,0,0,0,66
2025-09-29T04:28:56.563Z,59.7,21.1,1.926,49.6,0,60.1,0,0,0,0,0,0,0,0,66
2025-09-29T04:28:57.562Z,59.7,21.1,1.926,49.6,0,60.1,0,0,0,0,0,0,0,0,66
2025-09-29T04:28:58.564Z,59.7,21.1,1.926,50.4,0,60.1,0,0,0,0,0,0,0,0,66
2025-09-29T04:28:59.564Z,59.7,21.1,1.926,49.6,0,60.1,0,0,0,0,0,0,0,0,66
2025-09-29T04:29:00.559Z,59.7,21.1,1.926,49.6,0,60.1,0,0,0,0,0,0,0,0,66
2025-09-29T04:29:01.565Z,59.7,21.1,1.926,50.4,0,60.1,0,0,0,0,0,0,0,0,66
2025-09-29T04:29:02.570Z,59.7,21.1,1.927,49.6,0,60.1,0,0,0,0,0,0,0,0,66
2025-09-29T04:29:03.566Z,59.7,21.1,1.926,49.6,0,60.1,0,0,0,0,0,0,0,0,66
2025-09-29T04:29:04.563Z,59.7,21.1,1.926,50.4,0,60.1,0,0,0,0,0,0,0,0,66
2025-09-29T04:29:05.565Z,59.7,21.1,1.926,49.6,0,60.1,0,0,0,0,0,0,0,0,66
2025-09-29T04:29:06.567Z,59.7,21.1,1.926,50.4,0,60.1,0,0,0,0,0,0,0,0,66
2025-09-29T04:29:07.570Z,59.7,21.1,1.926,50.4,0,60.1,0,0,0,0,0,0,0,0,66
2025-09-29T04:29:08.565Z,59.7,21.1,1.926,49.6,0,60.1,0,0,0,0,0,0,0,0,66
2025-09-29T04:29:09.569Z,59.7,21.1,1.926,50.4,0,60.1,0,0,0,0,0,0,0,0,66
2025-09-29T04:29:10.570Z,59.7,21.1,1.926,50.4,0,60.1,0,0,0,0,0,0,0,0,66
2025-09-29T04:29:11.577Z,59.7,21.1,1.927,49.6,0,60.1,0,0,0,0,0,0,0,0,66
2025-09-29T04:29:12.572Z,59.7,21.1,1.926,50.4,0,60.1,0,0,0,0,0,0,0,0,66
2025-09-29T04:29:13.580Z,59.7,21.1,1.927,49.6,0,60.1,0,0,0,0,0,0,0,0,66
2025-09-29T04:29:14.576Z,59.7,21.1,1.927,50.4,0,60.1,0,0,0,0,0,0,0,0,66
2025-09-29T04:29:15.575Z,59.7,21.1,1.926,49.6,0,60.1,0,0,0,0,0,0,0,0,66
2025-09-29T04:29:16.576Z,59.7,21.1,1.926,50.4,0,60.1,0,0,0,0,0,0,0,0,66
2025-09-29T04:29:17.577Z,59.7,21.1,1.926,49.6,0,60.1,0,0,0,0,0,0,0,0,66
2025-09-29T04:29:18.579Z,59.7,21.1,1.927,49.6,0,60.1,0,0,0,0,0,0,0,0,66
2025-09-29T04:29:19.579Z,59.7,21.1,1.927,50.4,0,60.1,0,0,0,0,0,0,0,0,66
2025-09-29T04:29:20.583Z,59.7,21.1,1.927,49.6,0,60.1,0,0,0,0,0,0,0,0,66
2025-09-29T04:29:21.581Z,59.7,21.1,1.927,50.4,0,60.1,0,0,0,0,0,0,0,0,66
2025-09-29T04:29:22.582Z,59.6,21.1,1.927,49.6,0,60.1,0,0,0,0,0,0,0,0,66
2025-09-29T04:29:23.585Z,59.6,21.1,1.927,50.4,0,60.1,0,0,0,0,0,0,0,0,66
2025-09-29T04:29:24.584Z,59.6,21.1,1.927,49.6,0,60.1,0,0,0,0,0,0,0,0,66
2025-09-29T04:29:25.589Z,59.6,21.1,1.927,49.6,0,60.1,0,0,0,0,0,0,0,0,66
2025-09-29T04:29:26.590Z,59.6,21.1,1.927,50.4,0,60.1,0,0,0,0,0,0,0,0,66
2025-09-29T04:29:27.587Z,59.6,21.1,1.927,49.6,0,60.1,0,0,0,0,0,0,0,0,66
2025-09-29T04:29:28.591Z,59.6,21.1,1.927,50.4,0,60.1,0,0,0,0,0,0,0,0,66
2025-09-29T04:29:29.587Z,59.6,21.1,1.927,50.4,0,60.1,0,0,0,0,0,0,0,0,66
2025-09-29T04:29:30.587Z,59.6,21.1,1.927,49.6,0,60.1,0,0,0,0,0,0,0,0,66
2025-09-29T04:29:31.597Z,59.6,21.1,1.926,50.4,0,60.1,0,0,0,0,0,0,0,0,66
2025-09-29T04:29:32.588Z,59.6,21.1,1.927,49.6,0,60.1,0,0,0,0,0,0,0,0,66
2025-09-29T04:29:33.595Z,59.6,21.1,1.927,49.6,0,60.1,0,0,0,0,0,0,0,0,66
2025-09-29T04:29:34.591Z,59.6,21.1,1.927,50.4,0,60.1,0,0,0,0,0,0,0,0,66
2025-09-29T04:29:35.594Z,59.6,21.1,1.927,49.6,0,60.1,0,0,0,0,0,0,0,0,66
2025-09-29T04:29:36.594Z,59.6,21.1,1.927,50.4,0,60.1,0,0,0,0,0,0,0,0,66
2025-09-29T04:29:37.596Z,59.6,21.1,1.927,49.6,0,60.1,0,0,0,0,0,0,0,0,66
2025-09-29T04:29:38.600Z,59.6,21.1,1.927,49.6,0,60.1,0,0,0,0,0,0,0,0,66
2025-09-29T04:29:39.595Z,59.6,21.1,1.927,50.4,0,60.1,0,0,0,0,0,0,0,0,66
2025-09-29T04:29:40.602Z,59.6,21.1,1.927,49.6,0,60.1,0,0,0,0,0,0,0,0,66
2025-09-29T04:29:41.601Z,59.6,21.1,1.927,49.6,0,60.1,0,0,0,0,0,0,0,0,66
2025-09-29T04:29:42.601Z,59.6,21.1,1.927,50.4,0,60.1,0,0,0,0,0,0,0,0,66
2025-09-29T04:29:43.604Z,59.5,21.1,1.927,49.6,0,60.1,0,0,0,0,0,0,0,0,66
2025-09-29T04:29:44.603Z,59.6,21.1,1.927,49.6,0,60.1,0,0,0,0,0,0,0,0,66
2025-09-29T04:29:45.606Z,59.5,21.1,1.927,50.4,0,60.1,0,0,0,0,0,0,0,0,66
2025-09-29T04:29:46.605Z,59.5,21.1,1.927,50.4,0,60.1,0,0,0,0,0,0,0,0,66
2025-09-29T04:29:47.605Z,59.5,21.1,1.927,49.6,0,60.1,0,0,0,0,0,0,0,0,66
2025-09-29T04:29:48.606Z,59.5,21.1,1.927,50.4,0,60.1,0,0,0,0,0,0,0,0,66
2025-09-29T04:29:49.607Z,59.5,21.1,1.927,50.4,0,60.1,0,0,0,0,0,0,0,0,66
2025-09-29T04:29:50.612Z,59.5,21.1,1.927,49.6,0,60.1,0,0,0,0,0,0,0,0,66
2025-09-29T04:29:51.615Z,59.5,21.1,1.926,50.4,0,60.1,0,0,0,0,0,0,0,0,66
2025-09-29T04:29:52.608Z,59.5,21.1,1.927,49.6,0,60.1,0,0,0,0,0,0,0,0,66
2025-09-29T04:29:53.613Z,59.5,21.1,1.927,50.4,0,60.1,0,0,0,0,0,0,0,0,66
2025-09-29T04:29:54.616Z,59.5,21.1,1.926,49.6,0,60.1,0,0,0,0,0,0,0,0,66
2025-09-29T04:29:55.613Z,59.5,21.1,1.927,49.6,0,60.1,0,0,0,0,0,0,0,0,66
2025-09-29T04:29:56.614Z,59.5,21.1,1.927,50.4,0,60.1,0,0,0,0,0,0,0,0,66
2025-09-29T04:29:57.613Z,59.5,21.1,1.927,49.6,0,60.1,0,0,0,0,0,0,0,0,66
2025-09-29T04:29:58.611Z,59.5,21.1,1.927,50.4,0,60.1,0,0,0,0,0,0,0,0,66
2025-09-29T04:29:59.618Z,59.5,21.1,1.926,49.6,0,60.1,0,0,0,0,0,0,0,0,66
2025-09-29T04:30:00.615Z,59.5,21.1,1.928,49.6,0,60.1,0,0,0,0,0,0,0,0,66
2025-09-29T04:30:01.615Z,59.5,21.1,1.927,50.4,0,60.1,0,0,0,0,0,0,0,0,66
2025-09-29T04:30:02.626Z,59.5,21.1,1.926,49.6,0,60.1,0,0,0,0,0,0,0,0,66
2025-09-29T04:30:03.617Z,59.5,21.1,1.927,49.6,0,60.1,0,0,0,0,0,0,0,0,66
2025-09-29T04:30:04.624Z,59.5,21.1,1.926,50.4,0,60.1,0,0,0,0,0,0,0,0,66
2025-09-29T04:30:05.618Z,59.5,21.1,1.927,49.6,0,60.1,0,0,0,0,0,0,0,0,66
2025-09-29T04:30:06.622Z,59.5,21.1,1.927,49.6,0,60.1,0,0,0,0,0,0,0,0,66
2025-09-29T04:30:07.624Z,59.5,21.1,1.927,50.4,0,60.1,0,0,0,0,0,0,0,0,66
2025-09-29T04:30:08.626Z,59.5,21.1,1.927,50.4,0,60.1,0,0,0,0,0,0,0,0,66
2025-09-29T04:30:09.621Z,59.5,21.1,1.927,49.6,0,60.1,0,0,0,0,0,0,0,0,66
2025-09-29T04:30:10.628Z,59.5,21.1,1.928,50.4,0,60.1,0,0,0,0,0,0,0,0,66
2025-09-29T04:30:11.625Z,59.5,21.1,1.928,49.6,0,60.1,0,0,0,0,0,0,0,0,66
2025-09-29T04:30:12.628Z,59.5,21.1,1.928,49.6,0,60.1,0,0,0,0,0,0,0,0,66
2025-09-29T04:30:13.628Z,59.5,21.1,1.927,50.4,0,60.1,0,0,0,0,0,0,0,0,66
2025-09-29T04:30:14.634Z,59.5,21.1,1.927,50.4,0,60.1,0,0,0,0,0,0,0,0,66
2025-09-29T04:30:15.630Z,59.5,21.1,1.927,49.6,0,60.1,0,0,0,0,0,0,0,0,66
2025-09-29T04:30:16.633Z,59.5,21.1,1.927,50.4,0,60.1,0,0,0,0,0,0,0,0,66
2025-09-29T04:30:17.633Z,59.5,21.1,1.928,49.6,0,60.1,0,0,0,0,0,0,0,0,66
2025-09-29T04:30:18.635Z,59.5,21.1,1.928,49.6,0,60.1,0,0,0,0,0,0,0,0,66
2025-09-29T04:30:19.635Z,59.5,21.1,1.928,50.4,0,60.1,0,0,0,0,0,0,0,0,66
2025-09-29T04:30:20.641Z,59.5,21.1,1.927,49.6,0,60.1,0,0,0,0,0,0,0,0,66
2025-09-29T04:30:21.636Z,59.5,21.1,1.928,50.4,0,60.1,0,0,0,0,0,0,0,0,66
2025-09-29T04:30:22.642Z,59.5,21.1,1.927,50.4,0,60.1,0,0,0,0,0,0,0,0,66
2025-09-29T04:30:23.639Z,59.4,21.1,1.928,49.6,0,60.1,0,0,0,0,0,0,0,0,66
2025-09-29T04:30:24.640Z,59.4,21.1,1.928,50.4,0,60.1,0,0,0,0,0,0,0,0,66
2025-09-29T04:30:25.642Z,59.4,21.1,1.928,49.6,0,60.1,0,0,0,0,0,0,0,0,66
2025-09-29T04:30:26.646Z,59.4,21.1,1.927,50.4,0,60.1,0,0,0,0,0,0,0,0,66
2025-09-29T04:30:27.646Z,59.4,21.1,1.926,50.4,0,60.1,0,0,0,0,0,0,0,0,66
2025-09-29T04:30:28.643Z,59.4,21.1,1.928,49.6,0,60.1,0,0,0,0,0,0,0,0,66
2025-09-29T04:30:29.640Z,59.4,21.1,1.928,50.4,0,60.1,0,0,0,0,0,0,0,0,66
2025-09-29T04:30:30.647Z,59.4,21.1,1.927,49.6,0,60.1,0,0,0,0,0,0,0,0,66
2025-09-29T04:30:31.650Z,59.4,21.1,1.927,50.4,0,60.1,0,0,0,0,0,0,0,0,66
2025-09-29T04:30:32.642Z,59.4,21.1,1.928,49.6,0,60.1,0,0,0,0,0,0,0,0,66
2025-09-29T04:30:33.645Z,59.4,21.1,1.928,50.4,0,60.1,0,0,0,0,0,0,0,0,66
2025-09-29T04:30:34.646Z,59.4,21.1,1.928,49.6,0,60.1,0,0,0,0,0,0,0,0,66
2025-09-29T04:30:35.647Z,59.4,21.1,1.928,50.4,0,60.1,0,0,0,0,0,0,0,0,66
2025-09-29T04:30:36.644Z,59.4,21.1,1.928,49.6,0,60.1,0,0,0,0,0,0,0,0,66
2025-09-29T04:30:37.648Z,59.4,21.1,1.928,49.6,0,60.1,0,0,0,0,0,0,0,0,66
2025-09-29T04:30:38.652Z,59.4,21.1,1.928,50.4,0,60.1,0,0,0,0,0,0,0,0,66
2025-09-29T04:30:39.652Z,59.4,21.1,1.928,49.6,0,60.1,0,0,0,0,0,0,0,0,66
2025-09-29T04:30:40.650Z,59.4,21.1,1.928,49.6,0,60.1,0,0,0,0,0,0,0,0,66
2025-09-29T04:30:41.650Z,59.4,21.1,1.928,50.4,0,60.1,0,0,0,0,0,0,0,0,66
2025-09-29T04:30:42.656Z,59.4,21.1,1.928,49.6,0,60.1,0,0,0,0,0,0,0,0,66
2025-09-29T04:30:43.658Z,59.4,21.1,1.927,50.4,0,60.1,0,0,0,0,0,0,0,0,66
2025-09-29T04:30:44.657Z,59.4,21.1,1.928,49.6,0,60.1,0,0,0,0,0,0,0,0,66
2025-09-29T04:30:45.655Z,59.4,21.1,1.928,49.6,0,60.1,0,0,0,0,0,0,0,0,66
2025-09-29T04:30:46.658Z,59.4,21.1,1.928,50.4,0,60.1,0,0,0,0,0,0,0,0,66
2025-09-29T04:30:47.660Z,59.4,21.1,1.928,49.6,0,60.1,0,0,0,0,0,0,0,0,66
2025-09-29T04:30:48.657Z,59.4,21.1,1.928,49.6,0,60.1,0,0,0,0,0,0,0,0,66
2025-09-29T04:30:49.659Z,59.4,21.1,1.928,50.4,0,60.1,0,0,0,0,0,0,0,0,66
2025-09-29T04:30:50.661Z,59.4,21.1,1.928,49.6,0,60.1,0,0,0,0,0,0,0,0,66
2025-09-29T04:30:51.662Z,59.4,21.1,1.929,50.4,0,60.1,0,0,0,0,0,0,0,0,66
2025-09-29T04:30:52.665Z,59.4,21.1,1.928,50.4,0,60.1,0,0,0,0,0,0,0,0,66
2025-09-29T04:30:53.664Z,59.4,21.1,1.928,49.6,0,60.1,0,0,0,0,0,0,0,0,66
2025-09-29T04:30:54.667Z,59.4,21.1,1.928,50.4,0,60.1,0,0,0,0,0,0,0,0,66
2025-09-29T04:30:55.665Z,59.4,21.1,1.928,49.6,0,60.1,0,0,0,0,0,0,0,0,66
2025-09-29T04:30:56.669Z,59.4,21.1,1.928,50.4,0,60.1,0,0,0,0,0,0,0,0,66
2025-09-29T04:30:57.668Z,59.4,21.1,1.928,49.6,0,60.1,0,0,0,0,0,0,0,0,66
2025-09-29T04:30:58.673Z,59.4,21.1,1.927,50.4,0,60.1,0,0,0,0,0,0,0,0,66
2025-09-29T04:30:59.672Z,59.4,21.1,1.928,49.6,0,60.1,0,0,0,0,0,0,0,0,66
2025-09-29T04:31:00.671Z,59.4,21.1,1.928,50.4,0,60.1,0,0,0,0,0,0,0,0,66
2025-09-29T04:31:01.671Z,59.4,21.1,1.928,50.4,0,60.1,0,0,0,0,0,0,0,0,66
2025-09-29T04:31:02.670Z,59.4,21.1,1.928,49.6,0,60.1,0,0,0,0,0,0,0,0,66
2025-09-29T04:31:03.674Z,59.4,21.1,1.928,50.4,0,60.1,0,0,0,0,0,0,0,0,66
2025-09-29T04:31:04.671Z,59.4,21.1,1.929,49.6,0,60.1,0,0,0,0,0,0,0,0,66
2025-09-29T04:31:05.675Z,59.4,21.1,1.928,50.4,0,60.1,0,0,0,0,0,0,0,0,66
2025-09-29T04:31:06.676Z,59.4,21.1,1.928,49.6,0,60.1,0,0,0,0,0,0,0,0,66
2025-09-29T04:31:07.675Z,59.4,21.1,1.928,50.4,0,60.1,0,0,0,0,0,0,0,0,66
2025-09-29T04:31:08.677Z,59.4,21.1,1.929,49.6,0,60.1,0,0,0,0,0,0,0,0,66
2025-09-29T04:31:09.674Z,59.4,21.1,1.928,50.4,0,60.1,0,0,0,0,0,0,0,0,66
2025-09-29T04:31:10.682Z,59.4,21.1,1.927,49.6,0,60.1,0,0,0,0,0,0,0,0,66
2025-09-29T04:31:11.681Z,59.4,21.1,1.928,50.4,0,60.1,0,0,0,0,0,0,0,0,66
2025-09-29T04:31:12.679Z,59.4,21.1,1.929,49.6,0,60.1,0,0,0,0,0,0,0,0,66
2025-09-29T04:31:13.679Z,59.4,21.1,1.928,50.4,0,60.1,0,0,0,0,0,0,0,0,66
2025-09-29T04:31:14.681Z,59.4,21.1,1.928,50.4,0,60.1,0,0,0,0,0,0,0,0,66
2025-09-29T04:31:15.682Z,59.4,21.1,1.928,49.6,0,60.1,0,0,0,0,0,0,0,0,66
2025-09-29T04:31:16.683Z,59.4,21.1,1.928,49.6,0,60.1,0,0,0,0,0,0,0,0,66
2025-09-29T04:31:17.685Z,59.4,21.1,1.928,50.4,0,60.1,0,0,0,0,0,0,0,0,66
2025-09-29T04:31:18.690Z,59.4,21.1,1.928,49.6,0,60.1,0,0,0,0,0,0,0,0,66
2025-09-29T04:31:19.686Z,59.4,21.1,1.928,50.4,0,60.1,0,0,0,0,0,0,0,0,66
2025-09-29T04:31:20.690Z,59.4,21.1,1.929,49.6,0,60.1,0,0,0,0,0,0,0,0,66
2025-09-29T04:31:21.691Z,59.4,21.1,1.928,50.4,0,60.1,0,0,0,0,0,0,0,0,66
2025-09-29T04:31:22.693Z,59.4,21.1,1.928,49.6,0,60.1,0,0,0,0,0,0,0,0,66
2025-09-29T04:31:23.692Z,59.4,21.1,1.928,50.4,0,60.1,0,0,0,0,0,0,0,0,66
2025-09-29T04:31:24.695Z,59.4,21.1,1.929,49.6,0,60,0,0,0,0,0,0,0,0,66
2025-09-29T04:31:25.696Z,59.4,21.1,1.928,49.6,0,60.1,0,0,0,0,0,0,0,0,66
2025-09-29T04:31:26.700Z,59.4,21.1,1.927,50.4,0,60.1,0,0,0,0,0,0,0,0,66
2025-09-29T04:31:27.695Z,59.4,21.1,1.928,49.6,0,60.1,0,0,0,0,0,0,0,0,66
2025-09-29T04:31:28.694Z,59.4,21.1,1.928,49.6,0,60,0,0,0,0,0,0,0,0,66
2025-09-29T04:31:29.694Z,59.4,21.1,1.928,49.6,0,60.1,0,0,0,0,0,0,0,0,66
2025-09-29T04:31:30.701Z,59.4,21.1,1.927,50.4,0,60,0,0,0,0,0,0,0,0,66
2025-09-29T04:31:31.702Z,59.4,21.1,1.927,50.4,0,60,0,0,0,0,0,0,0,0,66
2025-09-29T04:31:32.700Z,59.4,21.1,1.928,49.6,0,60,0,0,0,0,0,0,0,0,66
2025-09-29T04:31:33.700Z,59.4,21.1,1.928,50.4,0,60,0,0,0,0,0,0,0,0,66
2025-09-29T04:31:34.707Z,59.4,21.1,1.927,49.6,0,60.1,0,0,0,0,0,0,0,0,66
2025-09-29T04:31:35.703Z,59.4,21.1,1.927,50.4,0,60,0,0,0,0,0,0,0,0,66
2025-09-29T04:31:36.702Z,59.4,21.1,1.928,49.6,0,60,0,0,0,0,0,0,0,0,66
2025-09-29T04:31:37.702Z,59.4,21.1,1.928,50.4,0,60,0,0,0,0,0,0,0,0,66
2025-09-29T04:31:38.702Z,59.4,21.1,1.928,49.6,0,60,0,0,0,0,0,0,0,0,66
2025-09-29T04:31:39.705Z,59.4,21.1,1.928,49.6,0,60,0,0,0,0,0,0,0,0,66
2025-09-29T04:31:40.708Z,59.4,21.1,1.927,49.6,0,60,0,0,0,0,0,0,0,0,66
2025-09-29T04:31:41.715Z,59.4,21.1,1.927,50.4,0,60,0,0,0,0,0,0,0,0,66
2025-09-29T04:31:42.708Z,59.4,21.1,1.928,49.6,0,60.1,0,0,0,0,0,0,0,0,66
2025-09-29T04:31:43.710Z,59.4,21.1,1.928,49.6,0,60,0,0,0,0,0,0,0,0,66
2025-09-29T04:31:44.713Z,59.4,21.1,1.927,50.4,0,60,0,0,0,0,0,0,0,0,66
2025-09-29T04:31:45.713Z,59.4,21.1,1.928,49.6,0,60,0,0,0,0,0,0,0,0,66
2025-09-29T04:31:46.713Z,59.4,21.1,1.928,49.6,0,60,0,0,0,0,0,0,0,0,66
2025-09-29T04:31:47.718Z,59.4,21.1,1.927,50.4,0,60,0,0,0,0,0,0,0,0,66
2025-09-29T04:31:48.719Z,59.5,21.1,1.926,49.6,0,60,0,0,0,0,0,0,0,0,66
2025-09-29T04:31:49.721Z,59.5,21.1,1.927,49.6,0,60,0,0,0,0,0,0,0,0,66
2025-09-29T04:31:50.720Z,59.5,21.1,1.927,50.4,0,60,0,0,0,0,0,0,0,0,66
2025-09-29T04:31:51.719Z,59.5,21.1,1.928,49.6,0,60,0,0,0,0,0,0,0,0,66
2025-09-29T04:31:52.721Z,59.5,21.1,1.928,49.6,0,60,0,0,0,0,0,0,0,0,66
2025-09-29T04:31:53.729Z,59.5,21.1,1.927,50.4,0,60,0,0,0,0,0,0,0,0,66
2025-09-29T04:31:54.726Z,59.5,21.1,1.927,49.6,0,60,0,0,0,0,0,0,0,0,66
2025-09-29T04:31:55.726Z,59.5,21.1,1.927,50.4,0,60,0,0,0,0,0,0,0,0,66
2025-09-29T04:31:56.727Z,59.5,21.1,1.927,50.4,0,60,0,0,0,0,0,0,0,0,66
2025-09-29T04:31:57.722Z,59.5,21.1,1.928,49.6,0,60,0,0,0,0,0,0,0,0,66
2025-09-29T04:31:58.722Z,59.5,21.1,1.928,50.4,0,60,0,0,0,0,0,0,0,0,66
2025-09-29T04:31:59.725Z,59.5,21.1,1.928,50.4,0,60,0,0,0,0,0,0,0,0,66
2025-09-29T04:32:00.725Z,59.5,21.1,1.927,49.6,0,60,0,0,0,0,0,0,0,0,66
2025-09-29T04:32:01.727Z,59.5,21.1,1.928,50.4,0,60,0,0,0,0,0,0,0,0,66
2025-09-29T04:32:02.729Z,59.5,21.1,1.926,49.6,0,60,0,0,0,0,0,0,0,0,66
2025-09-29T04:32:03.728Z,59.5,21.1,1.927,50.4,0,60,0,0,0,0,0,0,0,0,66
2025-09-29T04:32:04.732Z,59.5,21.1,1.927,49.6,0,60,0,0,0,0,0,0,0,0,66
2025-09-29T04:32:05.728Z,59.5,21.1,1.927,50.4,0,60,0,0,0,0,0,0,0,0,66
2025-09-29T04:32:06.738Z,59.5,21.1,1.926,49.6,0,60,0,0,0,0,0,0,0,0,66
2025-09-29T04:32:07.734Z,59.5,21.1,1.927,49.6,0,60,0,0,0,0,0,0,0,0,66
2025-09-29T04:32:08.734Z,59.5,21.1,1.926,50.4,0,60,0,0,0,0,0,0,0,0,66
2025-09-29T04:32:09.738Z,59.5,21.1,1.927,49.6,0,60,0,0,0,0,0,0,0,0,66
2025-09-29T04:32:10.734Z,59.5,21.1,1.927,50.4,0,60,0,0,0,0,0,0,0,0,66
2025-09-29T04:32:11.740Z,59.5,21.1,1.926,49.6,0,60,0,0,0,0,0,0,0,0,66
2025-09-29T04:32:12.741Z,59.5,21.1,1.926,49.6,0,60,0,0,0,0,0,0,0,0,66
2025-09-29T04:32:13.742Z,59.5,21.1,1.926,50.4,0,60,0,0,0,0,0,0,0,0,66
2025-09-29T04:32:14.738Z,59.5,21.1,1.928,49.6,0,60,0,0,0,0,0,0,0,0,66
2025-09-29T04:32:15.737Z,59.5,21.1,1.927,50.4,0,60,0,0,0,0,0,0,0,0,66
2025-09-29T04:32:16.742Z,59.5,21.1,1.926,50.4,0,60,0,0,0,0,0,0,0,0,66
2025-09-29T04:32:17.757Z,59.5,21.1,1.926,49.6,0,60,0,0,0,0,0,0,0,0,66
2025-09-29T04:32:18.749Z,59.5,21.1,1.926,50.4,0,60,0,0,0,0,0,0,0,0,66
2025-09-29T04:32:19.742Z,59.5,21.1,1.927,49.6,0,60,0,0,0,0,0,0,0,0,66
2025-09-29T04:32:20.744Z,59.5,21.1,1.927,50.4,0,60,0,0,0,0,0,0,0,0,66
2025-09-29T04:32:21.745Z,59.5,21.1,1.927,49.6,0,60,0,0,0,0,0,0,0,0,66
2025-09-29T04:32:22.747Z,59.5,21.1,1.927,50.4,0,60,0,0,0,0,0,0,0,0,66
2025-09-29T04:32:23.745Z,59.5,21.1,1.927,49.6,0,60,0,0,0,0,0,0,0,0,66
2025-09-29T04:32:24.750Z,59.5,21.1,1.926,49.6,0,60,0,0,0,0,0,0,0,0,66
2025-09-29T04:32:25.746Z,59.5,21.1,1.927,50.4,0,60,0,0,0,0,0,0,0,0,66
2025-09-29T04:32:26.751Z,59.5,21.1,1.927,49.6,0,60,0,0,0,0,0,0,0,0,66
2025-09-29T04:32:27.754Z,59.5,21.1,1.926,50.4,0,60,0,0,0,0,0,0,0,0,66
