timestamp,TECell_PV,PSCurrent_PV,PSVoltage_PV,FT201_PV,HTR201_PV,TE201_PV,CT201_PV,CT210_PV,Cell1_Voltage,Cell2_Voltage,Cell3_Voltage,PT201_PV,PT302_PV,HCD220_PV,step
2025-09-28T07:32:10.430Z,60.6,21.1,1.915,50.4,0,59.9,0,0,0,0,0,0,0,0,66
2025-09-28T07:32:11.431Z,60.6,21.1,1.915,49.6,0,59.9,0,0,0,0,0,0,0,0,66
2025-09-28T07:32:12.436Z,60.6,21.1,1.915,49.6,0,59.9,0,0,0,0,0,0,0,0,66
2025-09-28T07:32:13.434Z,60.6,21.1,1.915,50.4,0,59.9,0,0,0,0,0,0,0,0,66
2025-09-28T07:32:14.434Z,60.6,21.1,1.914,49.6,0,59.9,0,0,0,0,0,0,0,0,66
2025-09-28T07:32:15.434Z,60.6,21.1,1.914,50.4,0,59.9,0,0,0,0,0,0,0,0,66
2025-09-28T07:32:16.435Z,60.6,21.1,1.914,49.6,0,59.9,0,0,0,0,0,0,0,0,66
2025-09-28T07:32:17.436Z,60.6,21.1,1.914,50.4,0,59.9,0,0,0,0,0,0,0,0,66
2025-09-28T07:32:18.437Z,60.6,21.1,1.914,49.6,0,59.9,0,0,0,0,0,0,0,0,66
2025-09-28T07:32:19.439Z,60.6,21.1,1.915,50.4,0,59.9,0,0,0,0,0,0,0,0,66
2025-09-28T07:32:20.438Z,60.6,21.1,1.914,49.6,0,59.9,0,0,0,0,0,0,0,0,66
2025-09-28T07:32:21.445Z,60.7,21.1,1.915,50.4,0,59.9,0,0,0,0,0,0,0,0,66
2025-09-28T07:32:22.444Z,60.7,21.1,1.915,49.6,0,59.8,0,0,0,0,0,0,0,0,66
2025-09-28T07:32:23.441Z,60.7,21.1,1.915,50.4,0,59.9,0,0,0,0,0,0,0,0,66
2025-09-28T07:32:24.444Z,60.7,21.1,1.914,49.6,0,59.9,0,0,0,0,0,0,0,0,66
2025-09-28T07:32:25.444Z,60.7,21.1,1.915,50.4,0,59.9,0,0,0,0,0,0,0,0,66
2025-09-28T07:32:26.443Z,60.7,21.1,1.914,49.6,0,59.9,0,0,0,0,0,0,0,0,66
2025-09-28T07:32:27.445Z,60.7,21.1,1.914,49.6,0,59.9,0,0,0,0,0,0,0,0,66
2025-09-28T07:32:28.450Z,60.7,21.1,1.914,50.4,0,59.9,0,0,0,0,0,0,0,0,66
2025-09-28T07:32:29.449Z,60.7,21.1,1.914,49.6,0,59.9,0,0,0,0,0,0,0,0,66
2025-09-28T07:32:30.447Z,60.7,21.1,1.914,50.4,0,59.9,0,0,0,0,0,0,0,0,66
2025-09-28T07:32:31.447Z,60.7,21.1,1.914,49.6,0,59.9,0,0,0,0,0,0,0,0,66
2025-09-28T07:32:32.447Z,60.8,21.1,1.914,50.4,0,59.9,0,0,0,0,0,0,0,0,66
2025-09-28T07:32:33.448Z,60.8,21.1,1.914,49.6,0,59.9,0,0,0,0,0,0,0,0,66
2025-09-28T07:32:34.457Z,60.8,21.1,1.914,50.4,0,59.9,0,0,0,0,0,0,0,0,66
2025-09-28T07:32:35.449Z,60.8,21.1,1.914,49.6,0,59.9,0,0,0,0,0,0,0,0,66
2025-09-28T07:32:36.458Z,60.8,21.1,1.913,50.4,0,59.9,0,0,0,0,0,0,0,0,66
2025-09-28T07:32:37.457Z,60.8,21.1,1.914,49.6,0,59.9,0,0,0,0,0,0,0,0,66
2025-09-28T07:32:38.468Z,60.8,21.1,1.913,50.4,0,59.9,0,0,0,0,0,0,0,0,66
2025-09-28T07:32:39.462Z,60.8,21.1,1.913,49.6,0,59.9,0,0,0,0,0,0,0,0,66
2025-09-28T07:32:40.464Z,60.8,21.1,1.913,50.4,0,59.9,0,0,0,0,0,0,0,0,66
2025-09-28T07:32:41.459Z,60.8,21.1,1.914,49.6,0,59.9,0,0,0,0,0,0,0,0,66
2025-09-28T07:32:42.460Z,60.8,21.1,1.914,50.4,0,59.9,0,0,0,0,0,0,0,0,66
2025-09-28T07:32:43.464Z,60.8,21.1,1.913,49.6,0,59.9,0,0,0,0,0,0,0,0,66
2025-09-28T07:32:44.461Z,60.8,21.1,1.914,50.4,0,59.9,0,0,0,0,0,0,0,0,66
2025-09-28T07:32:45.466Z,60.8,21.1,1.913,49.6,0,59.9,0,0,0,0,0,0,0,0,66
2025-09-28T07:32:46.469Z,60.8,21.1,1.913,50.4,0,59.9,0,0,0,0,0,0,0,0,66
2025-09-28T07:32:47.461Z,60.9,21.1,1.914,49.6,0,59.9,0,0,0,0,0,0,0,0,66
2025-09-28T07:32:48.469Z,60.9,21.1,1.913,50.4,0,59.9,0,0,0,0,0,0,0,0,66
2025-09-28T07:32:49.467Z,60.9,21.1,1.913,49.6,0,59.9,0,0,0,0,0,0,0,0,66
2025-09-28T07:32:50.462Z,60.9,21.1,1.914,49.6,0,59.9,0,0,0,0,0,0,0,0,66
2025-09-28T07:32:51.467Z,60.9,21.1,1.914,50.4,0,59.9,0,0,0,0,0,0,0,0,66
2025-09-28T07:32:52.468Z,60.9,21.1,1.913,49.6,0,59.9,0,0,0,0,0,0,0,0,66
2025-09-28T07:32:53.470Z,60.9,21.1,1.913,50.4,0,59.9,0,0,0,0,0,0,0,0,66
2025-09-28T07:32:54.467Z,60.9,21.1,1.913,49.6,0,59.9,0,0,0,0,0,0,0,0,66
2025-09-28T07:32:55.468Z,60.9,21.1,1.913,50.4,0,59.9,0,0,0,0,0,0,0,0,66
2025-09-28T07:32:56.470Z,60.9,21.1,1.912,49.6,0,59.9,0,0,0,0,0,0,0,0,66
2025-09-28T07:32:57.475Z,60.9,21.1,1.912,50.4,0,59.9,0,0,0,0,0,0,0,0,66
2025-09-28T07:32:58.476Z,60.9,21.1,1.913,49.6,0,59.9,0,0,0,0,0,0,0,0,66
2025-09-28T07:32:59.476Z,60.9,21.1,1.913,50.4,0,59.9,0,0,0,0,0,0,0,0,66
2025-09-28T07:33:00.478Z,60.9,21.1,1.912,49.6,0,59.9,0,0,0,0,0,0,0,0,66
2025-09-28T07:33:01.476Z,60.9,21.1,1.912,50.4,0,59.9,0,0,0,0,0,0,0,0,66
2025-09-28T07:33:02.479Z,60.9,21.1,1.912,49.6,0,59.9,0,0,0,0,0,0,0,0,66
2025-09-28T07:33:03.479Z,60.9,21.1,1.912,50.4,0,59.9,0,0,0,0,0,0,0,0,66
2025-09-28T07:33:04.476Z,60.9,21.1,1.912,49.6,0,59.9,0,0,0,0,0,0,0,0,66
2025-09-28T07:33:05.481Z,60.9,21.1,1.912,50.4,0,59.9,0,0,0,0,0,0,0,0,66
2025-09-28T07:33:06.483Z,61,21.1,1.912,49.6,0,59.9,0,0,0,0,0,0,0,0,66
2025-09-28T07:33:07.483Z,61,21.1,1.912,50.4,0,59.9,0,0,0,0,0,0,0,0,66
2025-09-28T07:33:08.485Z,61,21.1,1.912,49.6,0,59.9,0,0,0,0,0,0,0,0,66
2025-09-28T07:33:09.490Z,61,21.1,1.912,50.4,0,59.9,0,0,0,0,0,0,0,0,66
2025-09-28T07:33:10.485Z,61,21.1,1.912,49.6,0,59.9,0,0,0,0,0,0,0,0,66
2025-09-28T07:33:11.485Z,61,21.1,1.912,50.4,0,59.9,0,0,0,0,0,0,0,0,66
2025-09-28T07:33:12.485Z,61,21.1,1.912,49.6,0,59.9,0,0,0,0,0,0,0,0,66
2025-09-28T07:33:13.493Z,61,21.1,1.912,50.4,0,59.9,0,0,0,0,0,0,0,0,66
2025-09-28T07:33:14.495Z,61,21.1,1.913,49.6,0,59.9,0,0,0,0,0,0,0,0,66
2025-09-28T07:33:15.497Z,61,21.1,1.912,50.4,0,59.9,0,0,0,0,0,0,0,0,66
2025-09-28T07:33:16.493Z,61,21.1,1.912,49.6,0,59.9,0,0,0,0,0,0,0,0,66
2025-09-28T07:33:17.494Z,61,21.1,1.912,49.6,0,59.9,0,0,0,0,0,0,0,0,66
2025-09-28T07:33:18.496Z,61,21.1,1.912,50.4,0,59.9,0,0,0,0,0,0,0,0,66
2025-09-28T07:33:19.492Z,61,21.1,1.912,49.6,0,59.9,0,0,0,0,0,0,0,0,66
2025-09-28T07:33:20.497Z,61,21.1,1.912,49.6,0,59.9,0,0,0,0,0,0,0,0,66
2025-09-28T07:33:21.500Z,61,21.1,1.912,49.6,0,59.9,0,0,0,0,0,0,0,0,66
2025-09-28T07:33:22.497Z,61,21.1,1.912,50.4,0,59.9,0,0,0,0,0,0,0,0,66
2025-09-28T07:33:23.499Z,61,21.1,1.912,49.6,0,59.9,0,0,0,0,0,0,0,0,66
2025-09-28T07:33:24.494Z,61,21.1,1.912,50.4,0,59.9,0,0,0,0,0,0,0,0,66
2025-09-28T07:33:25.497Z,61,21.1,1.912,49.6,0,59.9,0,0,0,0,0,0,0,0,66
2025-09-28T07:33:26.497Z,61,21.1,1.912,50.4,0,59.9,0,0,0,0,0,0,0,0,66
2025-09-28T07:33:27.494Z,61,21.1,1.912,49.6,0,59.9,0,0,0,0,0,0,0,0,66
2025-09-28T07:33:28.502Z,61.1,21.1,1.912,50.4,0,59.9,0,0,0,0,0,0,0,0,66
2025-09-28T07:33:29.503Z,61.1,21.1,1.912,49.6,0,59.9,0,0,0,0,0,0,0,0,66
2025-09-28T07:33:30.503Z,61.1,21.1,1.912,50.4,0,59.9,0,0,0,0,0,0,0,0,66
2025-09-28T07:33:31.501Z,61.1,21.1,1.912,49.6,0,59.9,0,0,0,0,0,0,0,0,66
2025-09-28T07:33:32.503Z,61.1,21.1,1.912,49.6,0,59.9,0,0,0,0,0,0,0,0,66
2025-09-28T07:33:33.505Z,61.1,21.1,1.912,49.6,0,59.9,0,0,0,0,0,0,0,0,66
2025-09-28T07:33:34.505Z,61.1,21.1,1.912,50.4,0,59.9,0,0,0,0,0,0,0,0,66
2025-09-28T07:33:35.506Z,61.1,21.1,1.912,49.6,0,59.9,0,0,0,0,0,0,0,0,66
2025-09-28T07:33:36.506Z,61.1,21.1,1.912,49.6,0,59.9,0,0,0,0,0,0,0,0,66
2025-09-28T07:33:37.506Z,61.1,21.1,1.912,50.4,0,59.9,0,0,0,0,0,0,0,0,66
2025-09-28T07:33:38.505Z,61.1,21.1,1.912,49.6,0,59.9,0,0,0,0,0,0,0,0,66
2025-09-28T07:33:39.515Z,61.1,21.1,1.912,50.4,0,59.9,0,0,0,0,0,0,0,0,66
2025-09-28T07:33:40.520Z,61.1,21.1,1.912,49.6,0,59.9,0,0,0,0,0,0,0,0,66
2025-09-28T07:33:41.521Z,61.1,21.1,1.912,49.6,0,59.9,0,0,0,0,0,0,0,0,66
2025-09-28T07:33:42.514Z,61.1,21.1,1.912,50.4,0,59.9,0,0,0,0,0,0,0,0,66
2025-09-28T07:33:43.516Z,61.1,21.1,1.912,49.6,0,59.9,0,0,0,0,0,0,0,0,66
2025-09-28T07:33:44.515Z,61.1,21.1,1.912,50.4,0,59.9,0,0,0,0,0,0,0,0,66
2025-09-28T07:33:45.519Z,61.1,21.1,1.912,50.4,0,59.9,0,0,0,0,0,0,0,0,66
2025-09-28T07:33:46.520Z,61.1,21.1,1.912,49.6,0,59.9,0,0,0,0,0,0,0,0,66
2025-09-28T07:33:47.519Z,61.1,21.1,1.912,50.4,0,59.9,0,0,0,0,0,0,0,0,66
2025-09-28T07:33:48.519Z,61.1,21.1,1.912,49.6,0,59.9,0,0,0,0,0,0,0,0,66
2025-09-28T07:33:49.517Z,61.1,21.1,1.912,50.4,0,59.9,0,0,0,0,0,0,0,0,66
2025-09-28T07:33:50.520Z,61.1,21.1,1.912,49.6,0,59.9,0,0,0,0,0,0,0,0,66
2025-09-28T07:33:51.521Z,61.1,21.1,1.912,50.4,0,59.9,0,0,0,0,0,0,0,0,66
2025-09-28T07:33:52.525Z,61.1,21.1,1.912,49.6,0,59.9,0,0,0,0,0,0,0,0,66
2025-09-28T07:33:53.523Z,61.1,21.1,1.912,50.4,0,59.9,0,0,0,0,0,0,0,0,66
2025-09-28T07:33:54.527Z,61.1,21.1,1.912,49.6,0,59.9,0,0,0,0,0,0,0,0,66
2025-09-28T07:33:55.524Z,61.1,21.1,1.912,50.4,0,59.9,0,0,0,0,0,0,0,0,66
2025-09-28T07:33:56.528Z,61.1,21.1,1.912,49.6,0,59.9,0,0,0,0,0,0,0,0,66
2025-09-28T07:33:57.532Z,61.1,21.1,1.912,50.4,0,59.9,0,0,0,0,0,0,0,0,66
2025-09-28T07:33:58.530Z,61.1,21.1,1.912,49.6,0,59.9,0,0,0,0,0,0,0,0,66
2025-09-28T07:33:59.534Z,61.1,21.1,1.912,50.4,0,59.9,0,0,0,0,0,0,0,0,66
2025-09-28T07:34:00.536Z,61.1,21.1,1.912,49.6,0,59.9,0,0,0,0,0,0,0,0,66
2025-09-28T07:34:01.537Z,61.1,21.1,1.912,50.4,0,59.9,0,0,0,0,0,0,0,0,66
2025-09-28T07:34:02.539Z,61.1,21.1,1.912,49.6,0,59.9,0,0,0,0,0,0,0,0,66
2025-09-28T07:34:03.534Z,61.1,21.1,1.912,50.4,0,59.9,0,0,0,0,0,0,0,0,66
2025-09-28T07:34:04.533Z,61.1,21.1,1.912,49.6,0,59.9,0,0,0,0,0,0,0,0,66
2025-09-28T07:34:05.541Z,61.1,21.1,1.912,50.4,0,59.9,0,0,0,0,0,0,0,0,66
2025-09-28T07:34:06.533Z,61.1,21.1,1.912,49.6,0,59.9,0,0,0,0,0,0,0,0,66
2025-09-28T07:34:07.536Z,61.1,21.1,1.912,50.4,0,59.9,0,0,0,0,0,0,0,0,66
2025-09-28T07:34:08.542Z,61.1,21.1,1.912,49.6,0,59.9,0,0,0,0,0,0,0,0,66
2025-09-28T07:34:09.543Z,61.1,21.1,1.912,50.4,0,59.9,0,0,0,0,0,0,0,0,66
2025-09-28T07:34:10.537Z,61.1,21.1,1.912,50.4,0,59.9,0,0,0,0,0,0,0,0,66
2025-09-28T07:34:11.544Z,61.1,21.1,1.912,49.6,0,59.9,0,0,0,0,0,0,0,0,66
2025-09-28T07:34:12.544Z,61.1,21.1,1.912,50.4,0,59.9,0,0,0,0,0,0,0,0,66
2025-09-28T07:34:13.547Z,61.1,21.1,1.912,49.6,0,59.9,0,0,0,0,0,0,0,0,66
2025-09-28T07:34:14.540Z,61.1,21.1,1.912,49.6,0,59.9,0,0,0,0,0,0,0,0,66
2025-09-28T07:34:15.545Z,61.1,21.1,1.912,49.6,0,59.9,0,0,0,0,0,0,0,0,66
2025-09-28T07:34:16.546Z,61.1,21.1,1.912,50.4,0,59.9,0,0,0,0,0,0,0,0,66
2025-09-28T07:34:17.551Z,61.1,21.1,1.912,49.6,0,59.9,0,0,0,0,0,0,0,0,66
2025-09-28T07:34:18.548Z,61.1,21.1,1.912,50.4,0,59.9,0,0,0,0,0,0,0,0,66
2025-09-28T07:34:19.548Z,61.1,21.1,1.912,49.6,0,59.9,0,0,0,0,0,0,0,0,66
2025-09-28T07:34:20.551Z,61.1,21.1,1.912,50.4,0,59.9,0,0,0,0,0,0,0,0,66
2025-09-28T07:34:21.549Z,61.1,21.1,1.912,49.6,0,59.9,0,0,0,0,0,0,0,0,66
2025-09-28T07:34:22.552Z,61.1,21.1,1.912,50.4,0,59.9,0,0,0,0,0,0,0,0,66
2025-09-28T07:34:23.550Z,61.1,21.1,1.912,49.6,0,59.9,0,0,0,0,0,0,0,0,66
2025-09-28T07:34:24.555Z,61.1,21.1,1.912,50.4,0,59.9,0,0,0,0,0,0,0,0,66
2025-09-28T07:34:25.552Z,61.1,21.1,1.912,49.6,0,59.9,0,0,0,0,0,0,0,0,66
2025-09-28T07:34:26.553Z,61.1,21.1,1.912,50.4,0,59.9,0,0,0,0,0,0,0,0,66
2025-09-28T07:34:27.556Z,61.1,21.1,1.912,49.6,0,59.9,0,0,0,0,0,0,0,0,66
2025-09-28T07:34:28.554Z,61.1,21.1,1.912,50.4,0,59.9,0,0,0,0,0,0,0,0,66
2025-09-28T07:34:29.562Z,61.1,21.1,1.912,49.6,0,59.9,0,0,0,0,0,0,0,0,66
2025-09-28T07:34:30.554Z,61.1,21.1,1.912,50.4,0,59.9,0,0,0,0,0,0,0,0,66
2025-09-28T07:34:31.560Z,61.1,21.1,1.912,49.6,0,59.9,0,0,0,0,0,0,0,0,66
2025-09-28T07:34:32.559Z,61.1,21.1,1.912,50.4,0,59.9,0,0,0,0,0,0,0,0,66
2025-09-28T07:34:33.564Z,61.1,21.1,1.912,49.6,0,59.9,0,0,0,0,0,0,0,0,66
2025-09-28T07:34:34.561Z,61.1,21.1,1.912,50.4,0,59.9,0,0,0,0,0,0,0,0,66
2025-09-28T07:34:35.562Z,61.1,21.1,1.912,49.6,0,59.9,0,0,0,0,0,0,0,0,66
2025-09-28T07:34:36.567Z,61.1,21.1,1.912,50.4,0,59.9,0,0,0,0,0,0,0,0,66
2025-09-28T07:34:37.564Z,61.1,21.1,1.912,49.6,0,59.9,0,0,0,0,0,0,0,0,66
2025-09-28T07:34:38.571Z,61.1,21.1,1.912,50.4,0,59.9,0,0,0,0,0,0,0,0,66
2025-09-28T07:34:39.568Z,61.1,21.1,1.912,49.6,0,59.9,0,0,0,0,0,0,0,0,66
2025-09-28T07:34:40.575Z,61.1,21.1,1.912,50.4,0,59.9,0,0,0,0,0,0,0,0,66
2025-09-28T07:34:41.574Z,61.1,21.1,1.912,49.6,0,59.9,0,0,0,0,0,0,0,0,66
2025-09-28T07:34:42.574Z,61.1,21.1,1.912,50.4,0,59.9,0,0,0,0,0,0,0,0,66
2025-09-28T07:34:43.570Z,61.1,21.1,1.912,49.6,0,59.9,0,0,0,0,0,0,0,0,66
2025-09-28T07:34:44.572Z,61.1,21.1,1.912,49.6,0,59.9,0,0,0,0,0,0,0,0,66
2025-09-28T07:34:45.577Z,61.1,21.1,1.912,49.6,0,59.9,0,0,0,0,0,0,0,0,66
2025-09-28T07:34:46.575Z,61.1,21.1,1.912,49.6,0,59.9,0,0,0,0,0,0,0,0,66
2025-09-28T07:34:47.574Z,61.1,21.1,1.912,50.4,0,59.9,0,0,0,0,0,0,0,0,66
2025-09-28T07:34:48.579Z,61.1,21.1,1.912,49.6,0,59.9,0,0,0,0,0,0,0,0,66
2025-09-28T07:34:49.584Z,61,21.1,1.912,50.4,0,59.9,0,0,0,0,0,0,0,0,66
2025-09-28T07:34:50.578Z,61,21.1,1.912,49.6,0,59.9,0,0,0,0,0,0,0,0,66
2025-09-28T07:34:51.582Z,61,21.1,1.912,50.4,0,59.9,0,0,0,0,0,0,0,0,66
2025-09-28T07:34:52.580Z,61,21.1,1.912,49.6,0,59.9,0,0,0,0,0,0,0,0,66
2025-09-28T07:34:53.583Z,61,21.1,1.912,50.4,0,59.9,0,0,0,0,0,0,0,0,66
2025-09-28T07:34:54.581Z,61,21.1,1.912,49.6,0,59.9,0,0,0,0,0,0,0,0,66
2025-09-28T07:34:55.583Z,61,21.1,1.912,49.6,0,59.9,0,0,0,0,0,0,0,0,66
2025-09-28T07:34:56.581Z,61,21.1,1.912,49.6,0,59.9,0,0,0,0,0,0,0,0,66
2025-09-28T07:34:57.591Z,61,21.1,1.912,50.4,0,59.9,0,0,0,0,0,0,0,0,66
2025-09-28T07:34:58.586Z,61,21.1,1.912,49.6,0,59.9,0,0,0,0,0,0,0,0,66
2025-09-28T07:34:59.584Z,61,21.1,1.912,49.6,0,59.9,0,0,0,0,0,0,0,0,66
2025-09-28T07:35:00.598Z,61,21.1,1.912,50.4,0,59.9,0,0,0,0,0,0,0,0,66
2025-09-28T07:35:01.593Z,61,21.1,1.912,50.4,0,59.9,0,0,0,0,0,0,0,0,66
2025-09-28T07:35:02.590Z,61,21.1,1.912,49.6,0,59.9,0,0,0,0,0,0,0,0,66
2025-09-28T07:35:03.588Z,61,21.1,1.912,50.4,0,59.9,0,0,0,0,0,0,0,0,66
2025-09-28T07:35:04.596Z,61,21.1,1.912,49.6,0,59.9,0,0,0,0,0,0,0,0,66
2025-09-28T07:35:05.591Z,61,21.1,1.912,50.4,0,59.9,0,0,0,0,0,0,0,0,66
2025-09-28T07:35:06.598Z,61,21.1,1.912,49.6,0,59.9,0,0,0,0,0,0,0,0,66
2025-09-28T07:35:07.591Z,61,21.1,1.912,50.4,0,59.9,0,0,0,0,0,0,0,0,66
2025-09-28T07:35:08.595Z,61,21.1,1.912,49.6,0,59.9,0,0,0,0,0,0,0,0,66
2025-09-28T07:35:09.595Z,61,21.1,1.912,50.4,0,59.9,0,0,0,0,0,0,0,0,66
2025-09-28T07:35:10.598Z,61,21.1,1.912,49.6,0,59.9,0,0,0,0,0,0,0,0,66
2025-09-28T07:35:11.597Z,61,21.1,1.912,50.4,0,59.9,0,0,0,0,0,0,0,0,66
2025-09-28T07:35:12.603Z,61,21.1,1.912,49.6,0,59.9,0,0,0,0,0,0,0,0,66
2025-09-28T07:35:13.599Z,61,21.1,1.912,50.4,0,59.9,0,0,0,0,0,0,0,0,66
2025-09-28T07:35:14.606Z,61,21.1,1.912,49.6,0,59.9,0,0,0,0,0,0,0,0,66
2025-09-28T07:35:15.601Z,61,21.1,1.912,50.4,0,59.9,0,0,0,0,0,0,0,0,66
2025-09-28T07:35:16.604Z,61,21.1,1.912,49.6,0,59.9,0,0,0,0,0,0,0,0,66
2025-09-28T07:35:17.603Z,61,21.1,1.912,50.4,0,59.9,0,0,0,0,0,0,0,0,66
2025-09-28T07:35:18.598Z,60.9,21.1,1.913,49.6,0,59.9,0,0,0,0,0,0,0,0,66
2025-09-28T07:35:19.604Z,60.9,21.1,1.913,50.4,0,59.9,0,0,0,0,0,0,0,0,66
2025-09-28T07:35:20.605Z,60.9,21.1,1.912,49.6,0,59.9,0,0,0,0,0,0,0,0,66
2025-09-28T07:35:21.612Z,60.9,21.1,1.913,50.4,0,59.9,0,0,0,0,0,0,0,0,66
2025-09-28T07:35:22.609Z,60.9,21.1,1.912,49.6,0,59.9,0,0,0,0,0,0,0,0,66
2025-09-28T07:35:23.605Z,60.9,21.1,1.912,50.4,0,59.9,0,0,0,0,0,0,0,0,66
2025-09-28T07:35:24.608Z,60.9,21.1,1.912,49.6,0,59.9,0,0,0,0,0,0,0,0,66
2025-09-28T07:35:25.613Z,60.9,21.1,1.913,50.4,0,59.9,0,0,0,0,0,0,0,0,66
2025-09-28T07:35:26.608Z,60.9,21.1,1.912,49.6,0,59.9,0,0,0,0,0,0,0,0,66
2025-09-28T07:35:27.611Z,60.9,21.1,1.912,50.4,0,59.9,0,0,0,0,0,0,0,0,66
2025-09-28T07:35:28.616Z,60.9,21.1,1.913,49.6,0,59.9,0,0,0,0,0,0,0,0,66
2025-09-28T07:35:29.620Z,60.9,21.1,1.914,50.4,0,59.9,0,0,0,0,0,0,0,0,66
2025-09-28T07:35:30.613Z,60.9,21.1,1.913,49.6,0,59.9,0,0,0,0,0,0,0,0,66
2025-09-28T07:35:31.612Z,60.9,21.1,1.913,49.6,0,59.9,0,0,0,0,0,0,0,0,66
2025-09-28T07:35:32.616Z,60.9,21.1,1.913,50.4,0,59.9,0,0,0,0,0,0,0,0,66
2025-09-28T07:35:33.616Z,60.9,21.1,1.913,49.6,0,59.9,0,0,0,0,0,0,0,0,66
2025-09-28T07:35:34.618Z,60.9,21.1,1.914,49.6,0,59.9,0,0,0,0,0,0,0,0,66
2025-09-28T07:35:35.617Z,60.9,21.1,1.913,49.6,0,59.9,0,0,0,0,0,0,0,0,66
2025-09-28T07:35:36.617Z,60.9,21.1,1.912,50.4,0,59.9,0,0,0,0,0,0,0,0,66
2025-09-28T07:35:37.620Z,60.8,21.1,1.913,49.6,0,59.9,0,0,0,0,0,0,0,0,66
2025-09-28T07:35:38.621Z,60.9,21.1,1.914,49.6,0,59.9,0,0,0,0,0,0,0,0,66
2025-09-28T07:35:39.623Z,60.8,21.1,1.914,50.4,0,59.9,0,0,0,0,0,0,0,0,66
2025-09-28T07:35:40.622Z,60.8,21.1,1.913,49.6,0,60,0,0,0,0,0,0,0,0,66
2025-09-28T07:35:41.635Z,60.8,21.1,1.913,49.6,0,59.9,0,0,0,0,0,0,0,0,66
2025-09-28T07:35:42.631Z,60.8,21.1,1.914,50.4,0,60,0,0,0,0,0,0,0,0,66
2025-09-28T07:35:43.635Z,60.8,21.1,1.914,50.4,0,60,0,0,0,0,0,0,0,0,66
2025-09-28T07:35:44.635Z,60.8,21.1,1.914,49.6,0,60,0,0,0,0,0,0,0,0,66
2025-09-28T07:35:45.629Z,60.8,21.1,1.914,50.4,0,60,0,0,0,0,0,0,0,0,66
2025-09-28T07:35:46.632Z,60.8,21.1,1.914,49.6,0,60,0,0,0,0,0,0,0,0,66
2025-09-28T07:35:47.633Z,60.8,21.1,1.914,50.4,0,60,0,0,0,0,0,0,0,0,66
2025-09-28T07:35:48.636Z,60.8,21.1,1.914,49.6,0,60,0,0,0,0,0,0,0,0,66
2025-09-28T07:35:49.638Z,60.8,21.1,1.914,49.6,0,60,0,0,0,0,0,0,0,0,66
2025-09-28T07:35:50.641Z,60.8,21.1,1.914,50.4,0,60,0,0,0,0,0,0,0,0,66
2025-09-28T07:35:51.634Z,60.8,21.1,1.914,49.6,0,60,0,0,0,0,0,0,0,0,66
2025-09-28T07:35:52.636Z,60.8,21.1,1.914,50.4,0,60,0,0,0,0,0,0,0,0,66
2025-09-28T07:35:53.639Z,60.8,21.1,1.914,50.4,0,60,0,0,0,0,0,0,0,0,66
2025-09-28T07:35:54.640Z,60.8,21.1,1.914,49.6,0,60,0,0,0,0,0,0,0,0,66
2025-09-28T07:35:55.640Z,60.8,21.1,1.914,50.4,0,60,0,0,0,0,0,0,0,0,66
2025-09-28T07:35:56.642Z,60.8,21.1,1.914,49.6,0,60,0,0,0,0,0,0,0,0,66
2025-09-28T07:35:57.642Z,60.8,21.1,1.914,50.4,0,60,0,0,0,0,0,0,0,0,66
2025-09-28T07:35:58.639Z,60.7,21.1,1.914,49.6,0,60,0,0,0,0,0,0,0,0,66
2025-09-28T07:35:59.636Z,60.7,21.1,1.914,50.4,0,60,0,0,0,0,0,0,0,0,66
2025-09-28T07:36:00.642Z,60.7,21.1,1.914,49.6,0,60,0,0,0,0,0,0,0,0,66
2025-09-28T07:36:01.643Z,60.7,21.1,1.914,50.4,0,60,0,0,0,0,0,0,0,0,66
2025-09-28T07:36:02.637Z,60.7,21.1,1.914,49.6,0,60,0,0,0,0,0,0,0,0,66
2025-09-28T07:36:03.640Z,60.7,21.1,1.914,50.4,0,60,0,0,0,0,0,0,0,0,66
2025-09-28T07:36:04.648Z,60.7,21.1,1.913,49.6,0,60,0,0,0,0,0,0,0,0,66
2025-09-28T07:36:05.646Z,60.7,21.1,1.914,49.6,0,60,0,0,0,0,0,0,0,0,66
2025-09-28T07:36:06.648Z,60.7,21.1,1.914,49.6,0,60,0,0,0,0,0,0,0,0,66
2025-09-28T07:36:07.646Z,60.7,21.1,1.914,49.6,0,60,0,0,0,0,0,0,0,0,66
2025-09-28T07:36:08.654Z,60.7,21.1,1.913,50.4,0,60,0,0,0,0,0,0,0,0,66
2025-09-28T07:36:09.652Z,60.7,21.1,1.913,50.4,0,60,0,0,0,0,0,0,0,0,66
2025-09-28T07:36:10.649Z,60.7,21.1,1.915,49.6,0,60,0,0,0,0,0,0,0,0,66
2025-09-28T07:36:11.653Z,60.7,21.1,1.913,50.4,0,60,0,0,0,0,0,0,0,0,66
2025-09-28T07:36:12.653Z,60.7,21.1,1.913,49.6,0,60,0,0,0,0,0,0,0,0,66
2025-09-28T07:36:13.656Z,60.7,21.1,1.913,50.4,0,60,0,0,0,0,0,0,0,0,66
2025-09-28T07:36:14.655Z,60.7,21.1,1.913,49.6,0,60,0,0,0,0,0,0,0,0,66
2025-09-28T07:36:15.662Z,60.7,21.1,1.914,49.6,0,60,0,0,0,0,0,0,0,0,66
2025-09-28T07:36:16.657Z,60.7,21.1,1.914,50.4,0,60,0,0,0,0,0,0,0,0,66
2025-09-28T07:36:17.660Z,60.6,21.1,1.913,49.6,0,60,0,0,0,0,0,0,0,0,66
2025-09-28T07:36:18.662Z,60.6,21.1,1.914,49.6,0,60,0,0,0,0,0,0,0,0,66
2025-09-28T07:36:19.659Z,60.6,21.1,1.914,50.4,0,60,0,0,0,0,0,0,0,0,66
2025-09-28T07:36:20.662Z,60.6,21.1,1.914,49.6,0,60,0,0,0,0,0,0,0,0,66
2025-09-28T07:36:21.663Z,60.6,21.1,1.914,49.6,0,60,0,0,0,0,0,0,0,0,66
2025-09-28T07:36:22.661Z,60.6,21.1,1.914,50.4,0,60,0,0,0,0,0,0,0,0,66
2025-09-28T07:36:23.659Z,60.6,21.1,1.914,49.6,0,60,0,0,0,0,0,0,0,0,66
2025-09-28T07:36:24.662Z,60.6,21.1,1.914,50.4,0,60,0,0,0,0,0,0,0,0,66
2025-09-28T07:36:25.669Z,60.6,21.1,1.914,50.4,0,60,0,0,0,0,0,0,0,0,66
2025-09-28T07:36:26.665Z,60.6,21.1,1.915,49.6,0,60,0,0,0,0,0,0,0,0,66
2025-09-28T07:36:27.667Z,60.6,21.1,1.914,50.4,0,60,0,0,0,0,0,0,0,0,66
2025-09-28T07:36:28.666Z,60.6,21.1,1.914,49.6,0,60,0,0,0,0,0,0,0,0,66
2025-09-28T07:36:29.673Z,60.6,21.1,1.914,50.4,0,60,0,0,0,0,0,0,0,0,66
2025-09-28T07:36:30.667Z,60.6,21.1,1.914,50.4,0,60,0,0,0,0,0,0,0,0,66
2025-09-28T07:36:31.668Z,60.6,21.1,1.914,49.6,0,60,0,0,0,0,0,0,0,0,66
2025-09-28T07:36:32.672Z,60.6,21.1,1.915,49.6,0,60,0,0,0,0,0,0,0,0,66
2025-09-28T07:36:33.673Z,60.6,21.1,1.915,49.6,0,60,0,0,0,0,0,0,0,0,66
2025-09-28T07:36:34.677Z,60.6,21.1,1.915,50.4,0,60,0,0,0,0,0,0,0,0,66
2025-09-28T07:36:35.676Z,60.6,21.1,1.915,50.4,0,60,0,0,0,0,0,0,0,0,66
2025-09-28T07:36:36.676Z,60.6,21.1,1.915,49.6,0,60,0,0,0,0,0,0,0,0,66
2025-09-28T07:36:37.680Z,60.5,21.1,1.915,50.4,0,60,0,0,0,0,0,0,0,0,66
2025-09-28T07:36:38.680Z,60.5,21.1,1.915,49.6,0,60,0,0,0,0,0,0,0,0,66
2025-09-28T07:36:39.684Z,60.5,21.1,1.915,50.4,0,60,0,0,0,0,0,0,0,0,66
2025-09-28T07:36:40.680Z,60.5,21.1,1.915,49.6,0,60,0,0,0,0,0,0,0,0,66
2025-09-28T07:36:41.679Z,60.5,21.1,1.915,49.6,0,60,0,0,0,0,0,0,0,0,66
2025-09-28T07:36:42.686Z,60.5,21.1,1.915,50.4,0,60,0,0,0,0,0,0,0,0,66
2025-09-28T07:36:43.690Z,60.5,21.1,1.915,49.6,0,60,0,0,0,0,0,0,0,0,66
2025-09-28T07:36:44.687Z,60.5,21.1,1.915,50.4,0,60,0,0,0,0,0,0,0,0,66
2025-09-28T07:36:45.685Z,60.5,21.1,1.915,50.4,0,60,0,0,0,0,0,0,0,0,66
2025-09-28T07:36:46.690Z,60.5,21.1,1.915,49.6,0,60,0,0,0,0,0,0,0,0,66
2025-09-28T07:36:47.688Z,60.5,21.1,1.915,50.4,0,60,0,0,0,0,0,0,0,0,66
2025-09-28T07:36:48.691Z,60.5,21.1,1.915,49.6,0,60,0,0,0,0,0,0,0,0,66
2025-09-28T07:36:49.688Z,60.5,21.1,1.915,50.4,0,60,0,0,0,0,0,0,0,0,66
2025-09-28T07:36:50.694Z,60.5,21.1,1.915,49.6,0,60,0,0,0,0,0,0,0,0,66
2025-09-28T07:36:51.689Z,60.5,21.1,1.915,50.4,0,60,0,0,0,0,0,0,0,0,66
2025-09-28T07:36:52.694Z,60.5,21.1,1.915,49.6,0,60,0,0,0,0,0,0,0,0,66
2025-09-28T07:36:53.691Z,60.5,21.1,1.915,50.4,0,60,0,0,0,0,0,0,0,0,66
2025-09-28T07:36:54.696Z,60.5,21.1,1.915,49.6,0,60,0,0,0,0,0,0,0,0,66
2025-09-28T07:36:55.690Z,60.5,21.1,1.915,50.4,0,60,0,0,0,0,0,0,0,0,66
2025-09-28T07:36:56.692Z,60.5,21.1,1.915,49.6,0,60,0,0,0,0,0,0,0,0,66
2025-09-28T07:36:57.698Z,60.5,21.1,1.915,50.4,0,60,0,0,0,0,0,0,0,0,66
2025-09-28T07:36:58.693Z,60.4,21.1,1.915,49.6,0,60,0,0,0,0,0,0,0,0,66
2025-09-28T07:36:59.696Z,60.4,21.1,1.915,50.4,0,60,0,0,0,0,0,0,0,0,66
2025-09-28T07:37:00.702Z,60.4,21.1,1.915,49.6,0,60,0,0,0,0,0,0,0,0,66
2025-09-28T07:37:01.698Z,60.4,21.1,1.915,50.4,0,60,0,0,0,0,0,0,0,0,66
2025-09-28T07:37:02.703Z,60.4,21.1,1.915,49.6,0,60,0,0,0,0,0,0,0,0,66
2025-09-28T07:37:03.702Z,60.4,21.1,1.915,50.4,0,60,0,0,0,0,0,0,0,0,66
2025-09-28T07:37:04.704Z,60.4,21.1,1.915,49.6,0,60,0,0,0,0,0,0,0,0,66
2025-09-28T07:37:05.699Z,60.4,21.1,1.915,50.4,0,60,0,0,0,0,0,0,0,0,66
2025-09-28T07:37:06.701Z,60.4,21.1,1.915,49.6,0,60,0,0,0,0,0,0,0,0,66
2025-09-28T07:37:07.704Z,60.4,21.1,1.915,50.4,0,60,0,0,0,0,0,0,0,0,66
2025-09-28T07:37:08.718Z,60.4,21.1,1.915,49.6,0,60,0,0,0,0,0,0,0,0,66
2025-09-28T07:37:09.704Z,60.4,21.1,1.915,50.4,0,60,0,0,0,0,0,0,0,0,66
2025-09-28T07:37:10.706Z,60.4,21.1,1.915,49.6,0,60,0,0,0,0,0,0,0,0,66
2025-09-28T07:37:11.706Z,60.4,21.1,1.915,49.6,0,60,0,0,0,0,0,0,0,0,66
2025-09-28T07:37:12.707Z,60.4,21.1,1.915,50.4,0,60,0,0,0,0,0,0,0,0,66
2025-09-28T07:37:13.714Z,60.4,21.1,1.915,49.6,0,60,0,0,0,0,0,0,0,0,66
2025-09-28T07:37:14.710Z,60.4,21.1,1.915,50.4,0,60,0,0,0,0,0,0,0,0,66
2025-09-28T07:37:15.713Z,60.4,21.1,1.915,49.6,0,60,0,0,0,0,0,0,0,0,66
2025-09-28T07:37:16.715Z,60.4,21.1,1.915,50.4,0,60,0,0,0,0,0,0,0,0,66
2025-09-28T07:37:17.719Z,60.3,21.1,1.915,49.6,0,60,0,0,0,0,0,0,0,0,66
2025-09-28T07:37:18.719Z,60.3,21.1,1.915,50.4,0,60,0,0,0,0,0,0,0,0,66
2025-09-28T07:37:19.716Z,60.3,21.1,1.915,49.6,0,60,0,0,0,0,0,0,0,0,66
2025-09-28T07:37:20.723Z,60.3,21.1,1.915,50.4,0,60,0,0,0,0,0,0,0,0,66
2025-09-28T07:37:21.717Z,60.3,21.1,1.915,49.6,0,60,0,0,0,0,0,0,0,0,66
2025-09-28T07:37:22.722Z,60.3,21.1,1.915,50.4,0,60,0,0,0,0,0,0,0,0,66
2025-09-28T07:37:23.720Z,60.3,21.1,1.915,49.6,0,60,0,0,0,0,0,0,0,0,66
2025-09-28T07:37:24.720Z,60.3,21.1,1.915,50.4,0,60.1,0,0,0,0,0,0,0,0,66
2025-09-28T07:37:25.718Z,60.3,21.1,1.916,49.6,0,60,0,0,0,0,0,0,0,0,66
2025-09-28T07:37:26.721Z,60.3,21.1,1.915,50.4,0,60,0,0,0,0,0,0,0,0,66
2025-09-28T07:37:27.721Z,60.3,21.1,1.915,49.6,0,60,0,0,0,0,0,0,0,0,66
2025-09-28T07:37:28.726Z,60.3,21.1,1.915,50.4,0,60,0,0,0,0,0,0,0,0,66
2025-09-28T07:37:29.727Z,60.3,21.1,1.915,49.6,0,60,0,0,0,0,0,0,0,0,66
2025-09-28T07:37:30.724Z,60.3,21.1,1.916,49.6,0,60,0,0,0,0,0,0,0,0,66
2025-09-28T07:37:31.725Z,60.3,21.1,1.915,49.6,0,60,0,0,0,0,0,0,0,0,66
2025-09-28T07:37:32.728Z,60.3,21.1,1.916,50.4,0,60,0,0,0,0,0,0,0,0,66
2025-09-28T07:37:33.728Z,60.3,21.1,1.916,49.6,0,60,0,0,0,0,0,0,0,0,66
2025-09-28T07:37:34.729Z,60.3,21.1,1.916,50.4,0,60,0,0,0,0,0,0,0,0,66
2025-09-28T07:37:35.729Z,60.3,21.1,1.916,49.6,0,60,0,0,0,0,0,0,0,0,66
2025-09-28T07:37:36.732Z,60.3,21.1,1.916,50.4,0,60,0,0,0,0,0,0,0,0,66
2025-09-28T07:37:37.728Z,60.2,21.1,1.916,49.6,0,60,0,0,0,0,0,0,0,0,66
2025-09-28T07:37:38.732Z,60.2,21.1,1.915,50.4,0,60,0,0,0,0,0,0,0,0,66
2025-09-28T07:37:39.731Z,60.2,21.1,1.916,49.6,0,60,0,0,0,0,0,0,0,0,66
2025-09-28T07:37:40.733Z,60.2,21.1,1.916,50.4,0,60,0,0,0,0,0,0,0,0,66
2025-09-28T07:37:41.734Z,60.2,21.1,1.916,49.6,0,60,0,0,0,0,0,0,0,0,66
2025-09-28T07:37:42.738Z,60.2,21.1,1.916,50.4,0,60,0,0,0,0,0,0,0,0,66
2025-09-28T07:37:43.738Z,60.2,21.1,1.916,49.6,0,60,0,0,0,0,0,0,0,0,66
2025-09-28T07:37:44.739Z,60.2,21.1,1.916,49.6,0,60,0,0,0,0,0,0,0,0,66
2025-09-28T07:37:45.744Z,60.2,21.1,1.917,49.6,0,60,0,0,0,0,0,0,0,0,66
2025-09-28T07:37:46.740Z,60.2,21.1,1.916,49.6,0,60.1,0,0,0,0,0,0,0,0,66
2025-09-28T07:37:47.744Z,60.2,21.1,1.917,50.4,0,60.1,0,0,0,0,0,0,0,0,66
2025-09-28T07:37:48.746Z,60.2,21.1,1.917,49.6,0,60.1,0,0,0,0,0,0,0,0,66
2025-09-28T07:37:49.742Z,60.2,21.1,1.917,49.6,0,60.1,0,0,0,0,0,0,0,0,66
2025-09-28T07:37:50.755Z,60.2,21.1,1.917,50.4,0,60.1,0,0,0,0,0,0,0,0,66
2025-09-28T07:37:51.745Z,60.2,21.1,1.917,49.6,0,60,0,0,0,0,0,0,0,0,66
2025-09-28T07:37:52.744Z,60.2,21.1,1.916,50.4,0,60.1,0,0,0,0,0,0,0,0,66
2025-09-28T07:37:53.751Z,60.2,21.1,1.917,50.4,0,60.1,0,0,0,0,0,0,0,0,66
2025-09-28T07:37:54.746Z,60.2,21.1,1.917,49.6,0,60.1,0,0,0,0,0,0,0,0,66
2025-09-28T07:37:55.745Z,60.2,21.1,1.917,50.4,0,60.1,0,0,0,0,0,0,0,0,66
2025-09-28T07:37:56.748Z,60.2,21.1,1.917,49.6,0,60,0,0,0,0,0,0,0,0,66
2025-09-28T07:37:57.750Z,60.1,21.1,1.917,50.4,0,60,0,0,0,0,0,0,0,0,66
2025-09-28T07:37:58.749Z,60.1,21.1,1.917,49.6,0,60,0,0,0,0,0,0,0,0,66
2025-09-28T07:37:59.749Z,60.1,21.1,1.917,49.6,0,60,0,0,0,0,0,0,0,0,66
2025-09-28T07:38:00.756Z,60.1,21.1,1.917,50.4,0,60,0,0,0,0,0,0,0,0,66
2025-09-28T07:38:01.753Z,60.1,21.1,1.917,49.6,0,60,0,0,0,0,0,0,0,0,66
2025-09-28T07:38:02.758Z,60.1,21.1,1.917,49.6,0,60,0,0,0,0,0,0,0,0,66
2025-09-28T07:38:03.755Z,60.1,21.1,1.917,50.4,0,60,0,0,0,0,0,0,0,0,66
2025-09-28T07:38:04.755Z,60.1,21.1,1.917,49.6,0,60,0,0,0,0,0,0,0,0,66
2025-09-28T07:38:05.758Z,60.1,21.1,1.917,50.4,0,60,0,0,0,0,0,0,0,0,66
2025-09-28T07:38:06.763Z,60.1,21.1,1.916,50.4,0,60,0,0,0,0,0,0,0,0,66
2025-09-28T07:38:07.758Z,60.1,21.1,1.917,49.6,0,60.1,0,0,0,0,0,0,0,0,66
2025-09-28T07:38:08.767Z,60.1,21.1,1.916,50.4,0,60.1,0,0,0,0,0,0,0,0,66
2025-09-28T07:38:09.766Z,60.1,21.1,1.916,49.6,0,60.1,0,0,0,0,0,0,0,0,66
2025-09-28T07:38:10.768Z,60.1,21.1,1.916,50.4,0,60.1,0,0,0,0,0,0,0,0,66
2025-09-28T07:38:11.760Z,60.1,21.1,1.917,50.4,0,60,0,0,0,0,0,0,0,0,66
2025-09-28T07:38:12.763Z,60.1,21.1,1.917,49.6,0,60,0,0,0,0,0,0,0,0,66
2025-09-28T07:38:13.765Z,60.1,21.1,1.917,50.4,0,60,0,0,0,0,0,0,0,0,66
2025-09-28T07:38:14.772Z,60.1,21.1,1.916,49.6,0,60,0,0,0,0,0,0,0,0,66
2025-09-28T07:38:15.767Z,60.1,21.1,1.916,50.4,0,60.1,0,0,0,0,0,0,0,0,66
2025-09-28T07:38:16.767Z,60.1,21.1,1.917,49.6,0,60,0,0,0,0,0,0,0,0,66
2025-09-28T07:38:17.773Z,60.1,21.1,1.916,49.6,0,60,0,0,0,0,0,0,0,0,66
2025-09-28T07:38:18.767Z,60,21.1,1.917,49.6,0,60,0,0,0,0,0,0,0,0,66
2025-09-28T07:38:19.776Z,60,21.1,1.916,50.4,0,60,0,0,0,0,0,0,0,0,66
2025-09-28T07:38:20.771Z,60,21.1,1.917,50.4,0,60,0,0,0,0,0,0,0,0,66
2025-09-28T07:38:21.777Z,60,21.1,1.916,49.6,0,60,0,0,0,0,0,0,0,0,66
2025-09-28T07:38:22.775Z,60,21.1,1.916,50.4,0,60,0,0,0,0,0,0,0,0,66
2025-09-28T07:38:23.775Z,60,21.1,1.916,49.6,0,60,0,0,0,0,0,0,0,0,66
2025-09-28T07:38:24.775Z,60,21.1,1.917,50.4,0,60,0,0,0,0,0,0,0,0,66
2025-09-28T07:38:25.775Z,60,21.1,1.917,49.6,0,60,0,0,0,0,0,0,0,0,66
2025-09-28T07:38:26.781Z,60,21.1,1.917,50.4,0,60,0,0,0,0,0,0,0,0,66
2025-09-28T07:38:27.775Z,60,21.1,1.917,49.6,0,60,0,0,0,0,0,0,0,0,66
2025-09-28T07:38:28.783Z,60,21.1,1.917,50.4,0,60,0,0,0,0,0,0,0,0,66
2025-09-28T07:38:29.785Z,60,21.1,1.918,49.6,0,60,0,0,0,0,0,0,0,0,66
2025-09-28T07:38:30.782Z,60,21.1,1.917,50.4,0,60,0,0,0,0,0,0,0,0,66
2025-09-28T07:38:31.779Z,60,21.1,1.917,49.6,0,60,0,0,0,0,0,0,0,0,66
2025-09-28T07:38:32.780Z,60,21.1,1.917,50.4,0,60,0,0,0,0,0,0,0,0,66
2025-09-28T07:38:33.788Z,60,21.1,1.918,49.6,0,60,0,0,0,0,0,0,0,0,66
2025-09-28T07:38:34.783Z,60,21.1,1.917,50.4,0,60,0,0,0,0,0,0,0,0,66
2025-09-28T07:38:35.785Z,60,21.1,1.917,49.6,0,60,0,0,0,0,0,0,0,0,66
2025-09-28T07:38:36.784Z,60,21.1,1.918,50.4,0,60.1,0,0,0,0,0,0,0,0,66
2025-09-28T07:38:37.795Z,60,21.1,1.918,49.6,0,60.1,0,0,0,0,0,0,0,0,66
2025-09-28T07:38:38.793Z,59.9,21.1,1.919,50.4,0,60,0,0,0,0,0,0,0,0,66
2025-09-28T07:38:39.787Z,59.9,21.1,1.917,49.6,0,60,0,0,0,0,0,0,0,0,66
2025-09-28T07:38:40.792Z,59.9,21.1,1.918,50.4,0,60.1,0,0,0,0,0,0,0,0,66
2025-09-28T07:38:41.799Z,59.9,21.1,1.918,49.6,0,60.1,0,0,0,0,0,0,0,0,66
2025-09-28T07:38:42.796Z,59.9,21.1,1.919,50.4,0,60.1,0,0,0,0,0,0,0,0,66
2025-09-28T07:38:43.796Z,59.9,21.1,1.918,49.6,0,60.1,0,0,0,0,0,0,0,0,66
2025-09-28T07:38:44.794Z,59.9,21.1,1.919,50.4,0,60.1,0,0,0,0,0,0,0,0,66
2025-09-28T07:38:45.793Z,59.9,21.1,1.919,49.6,0,60.1,0,0,0,0,0,0,0,0,66
2025-09-28T07:38:46.799Z,59.9,21.1,1.918,49.6,0,60.1,0,0,0,0,0,0,0,0,66
2025-09-28T07:38:47.796Z,59.9,21.1,1.919,49.6,0,60.1,0,0,0,0,0,0,0,0,66
2025-09-28T07:38:48.805Z,59.9,21.1,1.919,49.6,0,60.1,0,0,0,0,0,0,0,0,66
2025-09-28T07:38:49.802Z,59.9,21.1,1.919,50.4,0,60.1,0,0,0,0,0,0,0,0,66
2025-09-28T07:38:50.801Z,59.9,21.1,1.919,49.6,0,60.1,0,0,0,0,0,0,0,0,66
2025-09-28T07:38:51.802Z,59.9,21.1,1.919,50.4,0,60.1,0,0,0,0,0,0,0,0,66
2025-09-28T07:38:52.806Z,59.9,21.1,1.919,49.6,0,60.1,0,0,0,0,0,0,0,0,66
2025-09-28T07:38:53.803Z,59.9,21.1,1.919,49.6,0,60.1,0,0,0,0,0,0,0,0,66
2025-09-28T07:38:54.805Z,59.9,21.1,1.919,50.4,0,60.1,0,0,0,0,0,0,0,0,66
2025-09-28T07:38:55.801Z,59.9,21.1,1.919,50.4,0,60.1,0,0,0,0,0,0,0,0,66
2025-09-28T07:38:56.802Z,59.9,21.1,1.919,49.6,0,60.1,0,0,0,0,0,0,0,0,66
2025-09-28T07:38:57.810Z,59.8,21.1,1.918,50.4,0,60.1,0,0,0,0,0,0,0,0,66
2025-09-28T07:38:58.804Z,59.8,21.1,1.919,49.6,0,60.1,0,0,0,0,0,0,0,0,66
2025-09-28T07:38:59.807Z,59.8,21.1,1.919,50.4,0,60.1,0,0,0,0,0,0,0,0,66
2025-09-28T07:39:00.812Z,59.8,21.1,1.918,49.6,0,60.1,0,0,0,0,0,0,0,0,66
2025-09-28T07:39:01.809Z,59.8,21.1,1.918,50.4,0,60.1,0,0,0,0,0,0,0,0,66
2025-09-28T07:39:02.814Z,59.8,21.1,1.918,49.6,0,60.1,0,0,0,0,0,0,0,0,66
2025-09-28T07:39:03.810Z,59.8,21.1,1.918,50.4,0,60.1,0,0,0,0,0,0,0,0,66
2025-09-28T07:39:04.811Z,59.8,21.1,1.918,49.6,0,60.1,0,0,0,0,0,0,0,0,66
2025-09-28T07:39:05.813Z,59.8,21.1,1.918,50.4,0,60.1,0,0,0,0,0,0,0,0,66
2025-09-28T07:39:06.813Z,59.8,21.1,1.918,49.6,0,60.1,0,0,0,0,0,0,0,0,66
2025-09-28T07:39:07.820Z,59.8,21.1,1.918,50.4,0,60.1,0,0,0,0,0,0,0,0,66
2025-09-28T07:39:08.820Z,59.8,21.1,1.918,49.6,0,60.1,0,0,0,0,0,0,0,0,66
2025-09-28T07:39:09.822Z,59.8,21.1,1.918,50.4,0,60.1,0,0,0,0,0,0,0,0,66
2025-09-28T07:39:10.824Z,59.8,21.1,1.918,49.6,0,60.1,0,0,0,0,0,0,0,0,66
2025-09-28T07:39:11.818Z,59.8,21.1,1.918,50.4,0,60.1,0,0,0,0,0,0,0,0,66
2025-09-28T07:39:12.823Z,59.8,21.1,1.918,49.6,0,60.1,0,0,0,0,0,0,0,0,66
2025-09-28T07:39:13.824Z,59.8,21.1,1.918,50.4,0,60.1,0,0,0,0,0,0,0,0,66
2025-09-28T07:39:14.830Z,59.8,21.1,1.919,49.6,0,60.1,0,0,0,0,0,0,0,0,66
2025-09-28T07:39:15.825Z,59.8,21.1,1.918,50.4,0,60.1,0,0,0,0,0,0,0,0,66
2025-09-28T07:39:16.829Z,59.8,21.1,1.919,49.6,0,60.1,0,0,0,0,0,0,0,0,66
2025-09-28T07:39:17.832Z,59.8,21.1,1.919,50.4,0,60.1,0,0,0,0,0,0,0,0,66
2025-09-28T07:39:18.830Z,59.8,21.1,1.919,49.6,0,60.1,0,0,0,0,0,0,0,0,66
2025-09-28T07:39:19.830Z,59.8,21.1,1.918,50.4,0,60.1,0,0,0,0,0,0,0,0,66
2025-09-28T07:39:20.830Z,59.7,21.1,1.918,49.6,0,60.1,0,0,0,0,0,0,0,0,66
2025-09-28T07:39:21.837Z,59.7,21.1,1.919,50.4,0,60.1,0,0,0,0,0,0,0,0,66
2025-09-28T07:39:22.832Z,59.7,21.1,1.919,49.6,0,60.1,0,0,0,0,0,0,0,0,66
2025-09-28T07:39:23.834Z,59.7,21.1,1.919,50.4,0,60.1,0,0,0,0,0,0,0,0,66
2025-09-28T07:39:24.831Z,59.7,21.1,1.918,49.6,0,60.1,0,0,0,0,0,0,0,0,66
2025-09-28T07:39:25.833Z,59.7,21.1,1.919,49.6,0,60.1,0,0,0,0,0,0,0,0,66
2025-09-28T07:39:26.832Z,59.7,21.1,1.918,50.4,0,60.1,0,0,0,0,0,0,0,0,66
2025-09-28T07:39:27.839Z,59.7,21.1,1.92,49.6,0,60.1,0,0,0,0,0,0,0,0,66
2025-09-28T07:39:28.836Z,59.7,21.1,1.919,50.4,0,60.1,0,0,0,0,0,0,0,0,66
2025-09-28T07:39:29.841Z,59.7,21.1,1.919,49.6,0,60.1,0,0,0,0,0,0,0,0,66
2025-09-28T07:39:30.836Z,59.7,21.1,1.92,50.4,0,60.1,0,0,0,0,0,0,0,0,66
2025-09-28T07:39:31.838Z,59.7,21.1,1.92,49.6,0,60.1,0,0,0,0,0,0,0,0,66
2025-09-28T07:39:32.839Z,59.7,21.1,1.92,49.6,0,60.1,0,0,0,0,0,0,0,0,66
2025-09-28T07:39:33.838Z,59.7,21.1,1.919,49.6,0,60.1,0,0,0,0,0,0,0,0,66
2025-09-28T07:39:34.846Z,59.7,21.1,1.92,50.4,0,60.1,0,0,0,0,0,0,0,0,66
2025-09-28T07:39:35.842Z,59.7,21.1,1.92,49.6,0,60.1,0,0,0,0,0,0,0,0,66
2025-09-28T07:39:36.847Z,59.7,21.1,1.92,50.4,0,60.1,0,0,0,0,0,0,0,0,66
2025-09-28T07:39:37.850Z,59.7,21.1,1.92,49.6,0,60.1,0,0,0,0,0,0,0,0,66
2025-09-28T07:39:38.844Z,59.7,21.1,1.92,49.6,0,60.1,0,0,0,0,0,0,0,0,66
2025-09-28T07:39:39.846Z,59.7,21.1,1.92,50.4,0,60.1,0,0,0,0,0,0,0,0,66
2025-09-28T07:39:40.850Z,59.7,21.1,1.92,49.6,0,60.1,0,0,0,0,0,0,0,0,66
2025-09-28T07:39:41.846Z,59.6,21.1,1.92,50.4,0,60.1,0,0,0,0,0,0,0,0,66
2025-09-28T07:39:42.854Z,59.7,21.1,1.92,49.6,0,60.1,0,0,0,0,0,0,0,0,66
2025-09-28T07:39:43.848Z,59.6,21.1,1.92,49.6,0,60.1,0,0,0,0,0,0,0,0,66
2025-09-28T07:39:44.851Z,59.6,21.1,1.92,50.4,0,60.1,0,0,0,0,0,0,0,0,66
2025-09-28T07:39:45.859Z,59.6,21.1,1.919,49.6,0,60.1,0,0,0,0,0,0,0,0,66
2025-09-28T07:39:46.859Z,59.6,21.1,1.92,49.6,0,60.1,0,0,0,0,0,0,0,0,66
2025-09-28T07:39:47.859Z,59.6,21.1,1.919,50.4,0,60.1,0,0,0,0,0,0,0,0,66
2025-09-28T07:39:48.855Z,59.6,21.1,1.92,50.4,0,60.1,0,0,0,0,0,0,0,0,66
2025-09-28T07:39:49.855Z,59.6,21.1,1.92,49.6,0,60.1,0,0,0,0,0,0,0,0,66
2025-09-28T07:39:50.855Z,59.6,21.1,1.92,50.4,0,60.1,0,0,0,0,0,0,0,0,66
2025-09-28T07:39:51.856Z,59.6,21.1,1.92,49.6,0,60.1,0,0,0,0,0,0,0,0,66
2025-09-28T07:39:52.863Z,59.6,21.1,1.919,50.4,0,60.1,0,0,0,0,0,0,0,0,66
2025-09-28T07:39:53.856Z,59.6,21.1,1.92,49.6,0,60.1,0,0,0,0,0,0,0,0,66
2025-09-28T07:39:54.861Z,59.6,21.1,1.919,49.6,0,60.1,0,0,0,0,0,0,0,0,66
2025-09-28T07:39:55.859Z,59.6,21.1,1.92,50.4,0,60.1,0,0,0,0,0,0,0,0,66
2025-09-28T07:39:56.858Z,59.6,21.1,1.92,49.6,0,60.1,0,0,0,0,0,0,0,0,66
2025-09-28T07:39:57.864Z,59.6,21.1,1.919,49.6,0,60.1,0,0,0,0,0,0,0,0,66
2025-09-28T07:39:58.858Z,59.6,21.1,1.92,50.4,0,60.1,0,0,0,0,0,0,0,0,66
2025-09-28T07:39:59.861Z,59.6,21.1,1.92,49.6,0,60.1,0,0,0,0,0,0,0,0,66
2025-09-28T07:40:00.860Z,59.6,21.1,1.92,49.6,0,60.1,0,0,0,0,0,0,0,0,66
2025-09-28T07:40:01.864Z,59.6,21.1,1.92,50.4,0,60.1,0,0,0,0,0,0,0,0,66
2025-09-28T07:40:02.865Z,59.6,21.1,1.92,49.6,0,60.1,0,0,0,0,0,0,0,0,66
2025-09-28T07:40:03.866Z,59.6,21.1,1.92,50.4,0,60.1,0,0,0,0,0,0,0,0,66
2025-09-28T07:40:04.865Z,59.6,21.1,1.92,50.4,0,60.1,0,0,0,0,0,0,0,0,66
2025-09-28T07:40:05.869Z,59.6,21.1,1.92,49.6,0,60.1,0,0,0,0,0,0,0,0,66
2025-09-28T07:40:06.868Z,59.6,21.1,1.92,50.4,0,60.1,0,0,0,0,0,0,0,0,66
2025-09-28T07:40:07.872Z,59.6,21.1,1.92,49.6,0,60.1,0,0,0,0,0,0,0,0,66
2025-09-28T07:40:08.871Z,59.6,21.1,1.92,50.4,0,60.1,0,0,0,0,0,0,0,0,66
2025-09-28T07:40:09.873Z,59.5,21.1,1.92,49.6,0,60.1,0,0,0,0,0,0,0,0,66
2025-09-28T07:40:10.874Z,59.5,21.1,1.92,49.6,0,60.1,0,0,0,0,0,0,0,0,66
2025-09-28T07:40:11.875Z,59.5,21.1,1.92,50.4,0,60.1,0,0,0,0,0,0,0,0,66
2025-09-28T07:40:12.879Z,59.5,21.1,1.92,49.6,0,60.1,0,0,0,0,0,0,0,0,66
2025-09-28T07:40:13.875Z,59.5,21.1,1.92,50.4,0,60.1,0,0,0,0,0,0,0,0,66
2025-09-28T07:40:14.875Z,59.5,21.1,1.92,50.4,0,60.1,0,0,0,0,0,0,0,0,66
2025-09-28T07:40:15.877Z,59.5,21.1,1.92,49.6,0,60.1,0,0,0,0,0,0,0,0,66
2025-09-28T07:40:16.884Z,59.5,21.1,1.92,50.4,0,60.1,0,0,0,0,0,0,0,0,66
2025-09-28T07:40:17.882Z,59.5,21.1,1.92,49.6,0,60.1,0,0,0,0,0,0,0,0,66
2025-09-28T07:40:18.885Z,59.5,21.1,1.92,50.4,0,60.1,0,0,0,0,0,0,0,0,66
2025-09-28T07:40:19.881Z,59.5,21.1,1.92,49.6,0,60.1,0,0,0,0,0,0,0,0,66
2025-09-28T07:40:20.884Z,59.5,21.1,1.92,49.6,0,60.1,0,0,0,0,0,0,0,0,66
2025-09-28T07:40:21.883Z,59.5,21.1,1.92,50.4,0,60.1,0,0,0,0,0,0,0,0,66
2025-09-28T07:40:22.890Z,59.5,21.1,1.92,49.6,0,60.1,0,0,0,0,0,0,0,0,66
2025-09-28T07:40:23.886Z,59.5,21.1,1.92,50.4,0,60.1,0,0,0,0,0,0,0,0,66
2025-09-28T07:40:24.889Z,59.5,21.1,1.92,50.4,0,60.1,0,0,0,0,0,0,0,0,66
2025-09-28T07:40:25.885Z,59.5,21.1,1.92,49.6,0,60.1,0,0,0,0,0,0,0,0,66
2025-09-28T07:40:26.885Z,59.5,21.1,1.92,50.4,0,60.1,0,0,0,0,0,0,0,0,66
2025-09-28T07:40:27.887Z,59.5,21.1,1.92,49.6,0,60.1,0,0,0,0,0,0,0,0,66
2025-09-28T07:40:28.888Z,59.5,21.1,1.92,50.4,0,60.1,0,0,0,0,0,0,0,0,66
2025-09-28T07:40:29.886Z,59.5,21.1,1.92,49.6,0,60.1,0,0,0,0,0,0,0,0,66
2025-09-28T07:40:30.896Z,59.5,21.1,1.92,50.4,0,60.1,0,0,0,0,0,0,0,0,66
2025-09-28T07:40:31.892Z,59.5,21.1,1.92,49.6,0,60.1,0,0,0,0,0,0,0,0,66
2025-09-28T07:40:32.891Z,59.5,21.1,1.92,49.6,0,60.1,0,0,0,0,0,0,0,0,66
2025-09-28T07:40:33.898Z,59.5,21.1,1.92,50.4,0,60.1,0,0,0,0,0,0,0,0,66
2025-09-28T07:40:34.895Z,59.5,21.1,1.92,49.6,0,60.1,0,0,0,0,0,0,0,0,66
2025-09-28T07:40:35.894Z,59.5,21.1,1.92,50.4,0,60.1,0,0,0,0,0,0,0,0,66
2025-09-28T07:40:36.899Z,59.5,21.1,1.92,50.4,0,60.1,0,0,0,0,0,0,0,0,66
2025-09-28T07:40:37.900Z,59.4,21.1,1.92,49.6,0,60.1,0,0,0,0,0,0,0,0,66
2025-09-28T07:40:38.896Z,59.4,21.1,1.92,49.6,0,60.1,0,0,0,0,0,0,0,0,66
2025-09-28T07:40:39.898Z,59.4,21.1,1.92,49.6,0,60.1,0,0,0,0,0,0,0,0,66
2025-09-28T07:40:40.905Z,59.5,21.1,1.92,50.4,0,60.1,0,0,0,0,0,0,0,0,66
2025-09-28T07:40:41.902Z,59.5,21.1,1.92,49.6,0,60.1,0,0,0,0,0,0,0,0,66
2025-09-28T07:40:42.910Z,59.4,21.1,1.92,50.4,0,60.1,0,0,0,0,0,0,0,0,66
2025-09-28T07:40:43.904Z,59.4,21.1,1.92,49.6,0,60.1,0,0,0,0,0,0,0,0,66
2025-09-28T07:40:44.907Z,59.4,21.1,1.92,49.6,0,60.1,0,0,0,0,0,0,0,0,66
2025-09-28T07:40:45.907Z,59.4,21.1,1.92,50.4,0,60.1,0,0,0,0,0,0,0,0,66
2025-09-28T07:40:46.909Z,59.4,21.1,1.92,49.6,0,60.1,0,0,0,0,0,0,0,0,66
2025-09-28T07:40:47.913Z,59.4,21.1,1.92,49.6,0,60.1,0,0,0,0,0,0,0,0,66
2025-09-28T07:40:48.915Z,59.4,21.1,1.92,50.4,0,60.1,0,0,0,0,0,0,0,0,66
2025-09-28T07:40:49.913Z,59.4,21.1,1.92,49.6,0,60.1,0,0,0,0,0,0,0,0,66
2025-09-28T07:40:50.914Z,59.4,21.1,1.92,50.4,0,60.1,0,0,0,0,0,0,0,0,66
2025-09-28T07:40:51.912Z,59.4,21.1,1.92,49.6,0,60.1,0,0,0,0,0,0,0,0,66
2025-09-28T07:40:52.918Z,59.4,21.1,1.92,49.6,0,60.1,0,0,0,0,0,0,0,0,66
2025-09-28T07:40:53.911Z,59.4,21.1,1.92,50.4,0,60.1,0,0,0,0,0,0,0,0,66
2025-09-28T07:40:54.919Z,59.4,21.1,1.92,49.6,0,60.1,0,0,0,0,0,0,0,0,66
2025-09-28T07:40:55.914Z,59.4,21.1,1.92,49.6,0,60.1,0,0,0,0,0,0,0,0,66
2025-09-28T07:40:56.919Z,59.4,21.1,1.92,50.4,0,60.1,0,0,0,0,0,0,0,0,66
2025-09-28T07:40:57.918Z,59.4,21.1,1.92,49.6,0,60.1,0,0,0,0,0,0,0,0,66
2025-09-28T07:40:58.914Z,59.4,21.1,1.92,49.6,0,60.1,0,0,0,0,0,0,0,0,66
2025-09-28T07:40:59.922Z,59.4,21.1,1.92,50.4,0,60.1,0,0,0,0,0,0,0,0,66
2025-09-28T07:41:00.922Z,59.4,21.1,1.92,50.4,0,60.1,0,0,0,0,0,0,0,0,66
2025-09-28T07:41:01.919Z,59.4,21.1,1.92,49.6,0,60.1,0,0,0,0,0,0,0,0,66
2025-09-28T07:41:02.919Z,59.4,21.1,1.92,49.6,0,60.1,0,0,0,0,0,0,0,0,66
2025-09-28T07:41:03.921Z,59.4,21.1,1.92,50.4,0,60.1,0,0,0,0,0,0,0,0,66
2025-09-28T07:41:04.924Z,59.4,21.1,1.92,50.4,0,60.1,0,0,0,0,0,0,0,0,66
2025-09-28T07:41:05.927Z,59.4,21.1,1.92,49.6,0,60.1,0,0,0,0,0,0,0,0,66
2025-09-28T07:41:06.924Z,59.4,21.1,1.92,50.4,0,60.1,0,0,0,0,0,0,0,0,66
2025-09-28T07:41:07.929Z,59.4,21.1,1.92,49.6,0,60.1,0,0,0,0,0,0,0,0,66
2025-09-28T07:41:08.930Z,59.4,21.1,1.92,49.6,0,60.1,0,0,0,0,0,0,0,0,66
2025-09-28T07:41:09.933Z,59.4,21.1,1.92,50.4,0,60.1,0,0,0,0,0,0,0,0,66
2025-09-28T07:41:10.933Z,59.4,21.1,1.92,50.4,0,60.1,0,0,0,0,0,0,0,0,66
2025-09-28T07:41:11.934Z,59.4,21.1,1.921,49.6,0,60.1,0,0,0,0,0,0,0,0,66
2025-09-28T07:41:12.935Z,59.4,21.1,1.92,50.4,0,60.1,0,0,0,0,0,0,0,0,66
2025-09-28T07:41:13.934Z,59.4,21.1,1.921,49.6,0,60.1,0,0,0,0,0,0,0,0,66
2025-09-28T07:41:14.933Z,59.4,21.1,1.92,49.6,0,60.1,0,0,0,0,0,0,0,0,66
2025-09-28T07:41:15.939Z,59.4,21.1,1.921,50.4,0,60.1,0,0,0,0,0,0,0,0,66
2025-09-28T07:41:16.937Z,59.4,21.1,1.92,49.6,0,60.1,0,0,0,0,0,0,0,0,66
2025-09-28T07:41:17.936Z,59.4,21.1,1.92,49.6,0,60.1,0,0,0,0,0,0,0,0,66
2025-09-28T07:41:18.937Z,59.4,21.1,1.921,50.4,0,60.1,0,0,0,0,0,0,0,0,66
2025-09-28T07:41:19.939Z,59.4,21.1,1.921,50.4,0,60.1,0,0,0,0,0,0,0,0,66
2025-09-28T07:41:20.941Z,59.4,21.1,1.921,49.6,0,60.1,0,0,0,0,0,0,0,0,66
2025-09-28T07:41:21.938Z,59.4,21.1,1.921,50.4,0,60.1,0,0,0,0,0,0,0,0,66
2025-09-28T07:41:22.940Z,59.4,21.1,1.921,49.6,0,60.1,0,0,0,0,0,0,0,0,66
2025-09-28T07:41:23.938Z,59.4,21.1,1.921,49.6,0,60.1,0,0,0,0,0,0,0,0,66
2025-09-28T07:41:24.945Z,59.4,21.1,1.921,50.4,0,60.1,0,0,0,0,0,0,0,0,66
2025-09-28T07:41:25.950Z,59.4,21.1,1.921,49.6,0,60.1,0,0,0,0,0,0,0,0,66
2025-09-28T07:41:26.947Z,59.4,21.1,1.921,49.6,0,60.1,0,0,0,0,0,0,0,0,66
2025-09-28T07:41:27.942Z,59.4,21.1,1.921,50.4,0,60.1,0,0,0,0,0,0,0,0,66
2025-09-28T07:41:28.949Z,59.4,21.1,1.921,49.6,0,60.1,0,0,0,0,0,0,0,0,66
2025-09-28T07:41:29.949Z,59.4,21.1,1.921,50.4,0,60.1,0,0,0,0,0,0,0,0,66
2025-09-28T07:41:30.949Z,59.4,21.1,1.921,50.4,0,60.1,0,0,0,0,0,0,0,0,66
2025-09-28T07:41:31.950Z,59.4,21.1,1.92,49.6,0,60.1,0,0,0,0,0,0,0,0,66
2025-09-28T07:41:32.949Z,59.4,21.1,1.921,50.4,0,60.1,0,0,0,0,0,0,0,0,66
2025-09-28T07:41:33.953Z,59.4,21.1,1.921,50.4,0,60.1,0,0,0,0,0,0,0,0,66
2025-09-28T07:41:34.947Z,59.4,21.1,1.921,49.6,0,60.1,0,0,0,0,0,0,0,0,66
2025-09-28T07:41:35.949Z,59.4,21.1,1.921,50.4,0,60.1,0,0,0,0,0,0,0,0,66
2025-09-28T07:41:36.954Z,59.4,21.1,1.921,49.6,0,60.1,0,0,0,0,0,0,0,0,66
2025-09-28T07:41:37.953Z,59.4,21.1,1.921,50.4,0,60.1,0,0,0,0,0,0,0,0,66
2025-09-28T07:41:38.956Z,59.4,21.1,1.92,50.4,0,60.1,0,0,0,0,0,0,0,0,66
2025-09-28T07:41:39.984Z,59.4,21.1,1.92,49.6,0,60.1,0,0,0,0,0,0,0,0,66
2025-09-28T07:41:40.956Z,59.4,21.1,1.921,50.4,0,60.1,0,0,0,0,0,0,0,0,66
2025-09-28T07:41:41.964Z,59.4,21.1,1.92,49.6,0,60.1,0,0,0,0,0,0,0,0,66
2025-09-28T07:41:42.958Z,59.4,21.1,1.92,50.4,0,60.1,0,0,0,0,0,0,0,0,66
2025-09-28T07:41:43.960Z,59.4,21.1,1.921,49.6,0,60.1,0,0,0,0,0,0,0,0,66
2025-09-28T07:41:44.961Z,59.4,21.1,1.921,49.6,0,60.1,0,0,0,0,0,0,0,0,66
2025-09-28T07:41:45.964Z,59.4,21.1,1.921,50.4,0,60.1,0,0,0,0,0,0,0,0,66
2025-09-28T07:41:46.962Z,59.4,21.1,1.921,49.6,0,60.1,0,0,0,0,0,0,0,0,66
2025-09-28T07:41:47.966Z,59.4,21.1,1.921,50.4,0,60.1,0,0,0,0,0,0,0,0,66
2025-09-28T07:41:48.962Z,59.4,21.1,1.921,50.4,0,60.1,0,0,0,0,0,0,0,0,66
2025-09-28T07:41:49.964Z,59.4,21.1,1.921,49.6,0,60.1,0,0,0,0,0,0,0,0,66
2025-09-28T07:41:50.972Z,59.4,21.1,1.92,50.4,0,60.1,0,0,0,0,0,0,0,0,66
2025-09-28T07:41:51.965Z,59.4,21.1,1.921,49.6,0,60.1,0,0,0,0,0,0,0,0,66
2025-09-28T07:41:52.971Z,59.4,21.1,1.921,49.6,0,60.1,0,0,0,0,0,0,0,0,66
2025-09-28T07:41:53.973Z,59.4,21.1,1.92,49.6,0,60.1,0,0,0,0,0,0,0,0,66
2025-09-28T07:41:54.966Z,59.4,21.1,1.921,50.4,0,60.1,0,0,0,0,0,0,0,0,66
2025-09-28T07:41:55.967Z,59.4,21.1,1.921,49.6,0,60.1,0,0,0,0,0,0,0,0,66
2025-09-28T07:41:56.969Z,59.4,21.1,1.92,49.6,0,60.1,0,0,0,0,0,0,0,0,66
2025-09-28T07:41:57.972Z,59.4,21.1,1.92,50.4,0,60.1,0,0,0,0,0,0,0,0,66
2025-09-28T07:41:58.970Z,59.4,21.1,1.92,49.6,0,60.1,0,0,0,0,0,0,0,0,66
2025-09-28T07:41:59.977Z,59.4,21.1,1.92,49.6,0,60.1,0,0,0,0,0,0,0,0,66
2025-09-28T07:42:00.979Z,59.4,21.1,1.92,50.4,0,60.1,0,0,0,0,0,0,0,0,66
2025-09-28T07:42:01.978Z,59.4,21.1,1.92,49.6,0,60.1,0,0,0,0,0,0,0,0,66
2025-09-28T07:42:02.979Z,59.4,21.1,1.92,50.4,0,60.1,0,0,0,0,0,0,0,0,66
2025-09-28T07:42:03.977Z,59.4,21.1,1.921,50.4,0,60.1,0,0,0,0,0,0,0,0,66
2025-09-28T07:42:04.987Z,59.4,21.1,1.92,49.6,0,60.1,0,0,0,0,0,0,0,0,66
2025-09-28T07:42:05.982Z,59.4,21.1,1.92,50.4,0,60.1,0,0,0,0,0,0,0,0,66
2025-09-28T07:42:06.982Z,59.4,21.1,1.92,49.6,0,60.1,0,0,0,0,0,0,0,0,66
2025-09-28T07:42:07.980Z,59.4,21.1,1.92,50.4,0,60.1,0,0,0,0,0,0,0,0,66
2025-09-28T07:42:08.985Z,59.4,21.1,1.92,49.6,0,60.1,0,0,0,0,0,0,0,0,66
2025-09-28T07:42:09.981Z,59.4,21.1,1.921,50.4,0,60.1,0,0,0,0,0,0,0,0,66
2025-09-28T07:42:10.984Z,59.4,21.1,1.92,49.6,0,60.1,0,0,0,0,0,0,0,0,66
2025-09-28T07:42:11.986Z,59.4,21.1,1.92,49.6,0,60.1,0,0,0,0,0,0,0,0,66
2025-09-28T07:42:12.990Z,59.4,21.1,1.92,50.4,0,60.1,0,0,0,0,0,0,0,0,66
2025-09-28T07:42:13.994Z,59.4,21.1,1.92,50.4,0,60.1,0,0,0,0,0,0,0,0,66
2025-09-28T07:42:14.991Z,59.4,21.1,1.92,49.6,0,60.1,0,0,0,0,0,0,0,0,66
2025-09-28T07:42:15.989Z,59.4,21.1,1.92,50.4,0,60.1,0,0,0,0,0,0,0,0,66
2025-09-28T07:42:16.995Z,59.4,21.1,1.92,49.6,0,60.1,0,0,0,0,0,0,0,0,66
2025-09-28T07:42:17.991Z,59.4,21.1,1.92,50.4,0,60.1,0,0,0,0,0,0,0,0,66
2025-09-28T07:42:18.990Z,59.4,21.1,1.92,49.6,0,60.1,0,0,0,0,0,0,0,0,66
2025-09-28T07:42:19.995Z,59.4,21.1,1.92,50.4,0,60.1,0,0,0,0,0,0,0,0,66
2025-09-28T07:42:20.996Z,59.4,21.1,1.92,49.6,0,60.1,0,0,0,0,0,0,0,0,66
2025-09-28T07:42:21.994Z,59.4,21.1,1.92,49.6,0,60.1,0,0,0,0,0,0,0,0,66
2025-09-28T07:42:22.994Z,59.4,21.1,1.92,50.4,0,60.1,0,0,0,0,0,0,0,0,66
2025-09-28T07:42:23.998Z,59.4,21.1,1.92,49.6,0,60.1,0,0,0,0,0,0,0,0,66
2025-09-28T07:42:25.002Z,59.4,21.1,1.92,49.6,0,60.1,0,0,0,0,0,0,0,0,66
2025-09-28T07:42:26.002Z,59.4,21.1,1.92,50.4,0,60.1,0,0,0,0,0,0,0,0,66
2025-09-28T07:42:27.003Z,59.4,21.1,1.92,49.6,0,60.1,0,0,0,0,0,0,0,0,66
2025-09-28T07:42:28.005Z,59.4,21.1,1.92,50.4,0,60.1,0,0,0,0,0,0,0,0,66
2025-09-28T07:42:29.002Z,59.4,21.1,1.92,49.6,0,60.1,0,0,0,0,0,0,0,0,66
2025-09-28T07:42:30.008Z,59.4,21.1,1.92,49.6,0,60.1,0,0,0,0,0,0,0,0,66
2025-09-28T07:42:31.002Z,59.4,21.1,1.92,50.4,0,60.1,0,0,0,0,0,0,0,0,66
2025-09-28T07:42:32.001Z,59.4,21.1,1.92,49.6,0,60.1,0,0,0,0,0,0,0,0,66
2025-09-28T07:42:33.009Z,59.4,21.1,1.92,49.6,0,60.1,0,0,0,0,0,0,0,0,66
2025-09-28T07:42:34.013Z,59.5,21.1,1.92,50.4,0,60.1,0,0,0,0,0,0,0,0,66
2025-09-28T07:42:35.008Z,59.5,21.1,1.92,50.4,0,60.1,0,0,0,0,0,0,0,0,66
2025-09-28T07:42:36.006Z,59.5,21.1,1.92,49.6,0,60.1,0,0,0,0,0,0,0,0,66
2025-09-28T07:42:37.008Z,59.5,21.1,1.92,50.4,0,60.1,0,0,0,0,0,0,0,0,66
2025-09-28T07:42:38.009Z,59.5,21.1,1.92,49.6,0,60.1,0,0,0,0,0,0,0,0,66
2025-09-28T07:42:39.009Z,59.5,21.1,1.92,49.6,0,60.1,0,0,0,0,0,0,0,0,66
2025-09-28T07:42:40.018Z,59.5,21.1,1.92,50.4,0,60.1,0,0,0,0,0,0,0,0,66
2025-09-28T07:42:41.016Z,59.5,21.1,1.92,49.6,0,60.1,0,0,0,0,0,0,0,0,66
2025-09-28T07:42:42.018Z,59.5,21.1,1.92,50.4,0,60.1,0,0,0,0,0,0,0,0,66
2025-09-28T07:42:43.016Z,59.5,21.1,1.92,50.4,0,60.1,0,0,0,0,0,0,0,0,66
2025-09-28T07:42:44.012Z,59.5,21.1,1.92,49.6,0,60.1,0,0,0,0,0,0,0,0,66
2025-09-28T07:42:45.022Z,59.5,21.1,1.92,50.4,0,60.1,0,0,0,0,0,0,0,0,66
2025-09-28T07:42:46.017Z,59.5,21.1,1.92,49.6,0,60.1,0,0,0,0,0,0,0,0,66
2025-09-28T07:42:47.020Z,59.5,21.1,1.92,50.4,0,60.1,0,0,0,0,0,0,0,0,66
2025-09-28T07:42:48.017Z,59.5,21.1,1.92,49.6,0,60.1,0,0,0,0,0,0,0,0,66
2025-09-28T07:42:49.018Z,59.5,21.1,1.92,49.6,0,60.1,0,0,0,0,0,0,0,0,66
2025-09-28T07:42:50.019Z,59.5,21.1,1.92,50.4,0,60.1,0,0,0,0,0,0,0,0,66
2025-09-28T07:42:51.023Z,59.5,21.1,1.92,49.6,0,60,0,0,0,0,0,0,0,0,66
2025-09-28T07:42:52.024Z,59.5,21.1,1.92,49.6,0,60.1,0,0,0,0,0,0,0,0,66
2025-09-28T07:42:53.026Z,59.5,21.1,1.92,50.4,0,60,0,0,0,0,0,0,0,0,66
2025-09-28T07:42:54.023Z,59.5,21.1,1.92,50.4,0,60.1,0,0,0,0,0,0,0,0,66
2025-09-28T07:42:55.024Z,59.5,21.1,1.92,49.6,0,60.1,0,0,0,0,0,0,0,0,66
2025-09-28T07:42:56.022Z,59.5,21.1,1.92,50.4,0,60.1,0,0,0,0,0,0,0,0,66
2025-09-28T07:42:57.030Z,59.5,21.1,1.92,49.6,0,60,0,0,0,0,0,0,0,0,66
2025-09-28T07:42:58.025Z,59.5,21.1,1.919,50.4,0,60,0,0,0,0,0,0,0,0,66
2025-09-28T07:42:59.034Z,59.5,21.1,1.92,49.6,0,60,0,0,0,0,0,0,0,0,66
2025-09-28T07:43:00.030Z,59.5,21.1,1.92,50.4,0,60,0,0,0,0,0,0,0,0,66
2025-09-28T07:43:01.034Z,59.6,21.1,1.92,50.4,0,60,0,0,0,0,0,0,0,0,66
2025-09-28T07:43:02.031Z,59.6,21.1,1.92,49.6,0,60,0,0,0,0,0,0,0,0,66
2025-09-28T07:43:03.036Z,59.6,21.1,1.92,50.4,0,60,0,0,0,0,0,0,0,0,66
2025-09-28T07:43:04.033Z,59.6,21.1,1.92,49.6,0,60,0,0,0,0,0,0,0,0,66
2025-09-28T07:43:05.038Z,59.6,21.1,1.92,50.4,0,60,0,0,0,0,0,0,0,0,66
2025-09-28T07:43:06.038Z,59.6,21.1,1.92,49.6,0,60,0,0,0,0,0,0,0,0,66
2025-09-28T07:43:07.034Z,59.6,21.1,1.919,50.4,0,60,0,0,0,0,0,0,0,0,66
2025-09-28T07:43:08.034Z,59.6,21.1,1.92,49.6,0,60,0,0,0,0,0,0,0,0,66
2025-09-28T07:43:09.041Z,59.6,21.1,1.92,50.4,0,60,0,0,0,0,0,0,0,0,66
2025-09-28T07:43:10.047Z,59.6,21.1,1.92,49.6,0,60.1,0,0,0,0,0,0,0,0,66
2025-09-28T07:43:11.038Z,59.6,21.1,1.92,50.4,0,60,0,0,0,0,0,0,0,0,66
2025-09-28T07:43:12.047Z,59.6,21.1,1.92,49.6,0,60,0,0,0,0,0,0,0,0,66
2025-09-28T07:43:13.051Z,59.6,21.1,1.92,50.4,0,60,0,0,0,0,0,0,0,0,66
2025-09-28T07:43:14.044Z,59.6,21.1,1.92,49.6,0,60,0,0,0,0,0,0,0,0,66
2025-09-28T07:43:15.049Z,59.6,21.1,1.92,49.6,0,60,0,0,0,0,0,0,0,0,66
2025-09-28T07:43:16.049Z,59.6,21.1,1.92,50.4,0,60,0,0,0,0,0,0,0,0,66
2025-09-28T07:43:17.047Z,59.6,21.1,1.92,49.6,0,60,0,0,0,0,0,0,0,0,66
2025-09-28T07:43:18.048Z,59.6,21.1,1.92,50.4,0,60,0,0,0,0,0,0,0,0,66
2025-09-28T07:43:19.050Z,59.6,21.1,1.92,49.6,0,60,0,0,0,0,0,0,0,0,66
2025-09-28T07:43:20.054Z,59.6,21.1,1.92,50.4,0,60,0,0,0,0,0,0,0,0,66
2025-09-28T07:43:21.052Z,59.7,21.1,1.92,49.6,0,60,0,0,0,0,0,0,0,0,66
2025-09-28T07:43:22.050Z,59.7,21.1,1.92,49.6,0,60,0,0,0,0,0,0,0,0,66
2025-09-28T07:43:23.062Z,59.7,21.1,1.919,50.4,0,60,0,0,0,0,0,0,0,0,66
2025-09-28T07:43:24.053Z,59.7,21.1,1.92,49.6,0,60,0,0,0,0,0,0,0,0,66
2025-09-28T07:43:25.055Z,59.7,21.1,1.92,50.4,0,60,0,0,0,0,0,0,0,0,66
2025-09-28T07:43:26.056Z,59.7,21.1,1.92,49.6,0,60,0,0,0,0,0,0,0,0,66
2025-09-28T07:43:27.056Z,59.7,21.1,1.92,50.4,0,60,0,0,0,0,0,0,0,0,66
2025-09-28T07:43:28.058Z,59.7,21.1,1.92,50.4,0,60,0,0,0,0,0,0,0,0,66
2025-09-28T07:43:29.058Z,59.7,21.1,1.92,49.6,0,60,0,0,0,0,0,0,0,0,66
2025-09-28T07:43:30.070Z,59.7,21.1,1.918,50.4,0,60,0,0,0,0,0,0,0,0,66
2025-09-28T07:43:31.057Z,59.7,21.1,1.919,49.6,0,60,0,0,0,0,0,0,0,0,66
2025-09-28T07:43:32.061Z,59.7,21.1,1.919,50.4,0,60,0,0,0,0,0,0,0,0,66
2025-09-28T07:43:33.065Z,59.7,21.1,1.919,49.6,0,60,0,0,0,0,0,0,0,0,66
2025-09-28T07:43:34.063Z,59.7,21.1,1.919,50.4,0,60,0,0,0,0,0,0,0,0,66
2025-09-28T07:43:35.064Z,59.7,21.1,1.919,49.6,0,60,0,0,0,0,0,0,0,0,66
2025-09-28T07:43:36.067Z,59.7,21.1,1.919,50.4,0,60,0,0,0,0,0,0,0,0,66
2025-09-28T07:43:37.067Z,59.7,21.1,1.918,49.6,0,60,0,0,0,0,0,0,0,0,66
2025-09-28T07:43:38.071Z,59.7,21.1,1.918,50.4,0,60,0,0,0,0,0,0,0,0,66
2025-09-28T07:43:39.069Z,59.7,21.1,1.918,49.6,0,60,0,0,0,0,0,0,0,0,66
2025-09-28T07:43:40.072Z,59.7,21.1,1.918,50.4,0,60,0,0,0,0,0,0,0,0,66
2025-09-28T07:43:41.069Z,59.8,21.1,1.919,49.6,0,60,0,0,0,0,0,0,0,0,66
2025-09-28T07:43:42.070Z,59.8,21.1,1.919,50.4,0,60,0,0,0,0,0,0,0,0,66
2025-09-28T07:43:43.073Z,59.8,21.1,1.918,49.6,0,60,0,0,0,0,0,0,0,0,66
2025-09-28T07:43:44.078Z,59.8,21.1,1.918,50.4,0,60,0,0,0,0,0,0,0,0,66
2025-09-28T07:43:45.077Z,59.8,21.1,1.918,49.6,0,60,0,0,0,0,0,0,0,0,66
2025-09-28T07:43:46.074Z,59.8,21.1,1.918,50.4,0,60,0,0,0,0,0,0,0,0,66
2025-09-28T07:43:47.073Z,59.8,21.1,1.919,49.6,0,60,0,0,0,0,0,0,0,0,66
2025-09-28T07:43:48.073Z,59.8,21.1,1.919,49.6,0,60,0,0,0,0,0,0,0,0,66
2025-09-28T07:43:49.077Z,59.8,21.1,1.918,49.6,0,60,0,0,0,0,0,0,0,0,66
2025-09-28T07:43:50.074Z,59.8,21.1,1.919,49.6,0,60,0,0,0,0,0,0,0,0,66
2025-09-28T07:43:51.077Z,59.8,21.1,1.918,50.4,0,60,0,0,0,0,0,0,0,0,66
2025-09-28T07:43:52.078Z,59.8,21.1,1.918,49.6,0,60,0,0,0,0,0,0,0,0,66
2025-09-28T07:43:53.082Z,59.8,21.1,1.918,50.4,0,60,0,0,0,0,0,0,0,0,66
2025-09-28T07:43:54.076Z,59.8,21.1,1.918,49.6,0,60,0,0,0,0,0,0,0,0,66
2025-09-28T07:43:55.079Z,59.8,21.1,1.918,49.6,0,60,0,0,0,0,0,0,0,0,66
2025-09-28T07:43:56.079Z,59.9,21.1,1.919,50.4,0,60,0,0,0,0,0,0,0,0,66
2025-09-28T07:43:57.082Z,59.9,21.1,1.918,49.6,0,60,0,0,0,0,0,0,0,0,66
2025-09-28T07:43:58.081Z,59.9,21.1,1.918,50.4,0,60,0,0,0,0,0,0,0,0,66
2025-09-28T07:43:59.079Z,59.9,21.1,1.919,49.6,0,60,0,0,0,0,0,0,0,0,66
2025-09-28T07:44:00.084Z,59.9,21.1,1.918,49.6,0,60,0,0,0,0,0,0,0,0,66
2025-09-28T07:44:01.091Z,59.9,21.1,1.918,50.4,0,60,0,0,0,0,0,0,0,0,66
2025-09-28T07:44:02.092Z,59.9,21.1,1.917,49.6,0,60,0,0,0,0,0,0,0,0,66
2025-09-28T07:44:03.087Z,59.9,21.1,1.917,49.6,0,60,0,0,0,0,0,0,0,0,66
2025-09-28T07:44:04.087Z,59.9,21.1,1.918,50.4,0,60,0,0,0,0,0,0,0,0,66
2025-09-28T07:44:05.093Z,59.9,21.1,1.917,50.4,0,60,0,0,0,0,0,0,0,0,66
2025-09-28T07:44:06.088Z,59.9,21.1,1.917,49.6,0,60,0,0,0,0,0,0,0,0,66
2025-09-28T07:44:07.089Z,59.9,21.1,1.918,50.4,0,60,0,0,0,0,0,0,0,0,66
2025-09-28T07:44:08.092Z,59.9,21.1,1.917,49.6,0,60,0,0,0,0,0,0,0,0,66
2025-09-28T07:44:09.094Z,59.9,21.1,1.917,50.4,0,60,0,0,0,0,0,0,0,0,66
2025-09-28T07:44:10.093Z,59.9,21.1,1.917,49.6,0,60,0,0,0,0,0,0,0,0,66
2025-09-28T07:44:11.094Z,59.9,21.1,1.917,49.6,0,60,0,0,0,0,0,0,0,0,66
2025-09-28T07:44:12.100Z,60,21.1,1.917,50.4,0,60,0,0,0,0,0,0,0,0,66
2025-09-28T07:44:13.099Z,60,21.1,1.917,49.6,0,60,0,0,0,0,0,0,0,0,66
2025-09-28T07:44:14.096Z,60,21.1,1.917,50.4,0,60,0,0,0,0,0,0,0,0,66
2025-09-28T07:44:15.099Z,60,21.1,1.917,50.4,0,60,0,0,0,0,0,0,0,0,66
2025-09-28T07:44:16.103Z,60,21.1,1.917,49.6,0,60,0,0,0,0,0,0,0,0,66
2025-09-28T07:44:17.097Z,60,21.1,1.916,50.4,0,60,0,0,0,0,0,0,0,0,66
2025-09-28T07:44:18.100Z,60,21.1,1.916,49.6,0,60,0,0,0,0,0,0,0,0,66
2025-09-28T07:44:19.102Z,60,21.1,1.916,50.4,0,60,0,0,0,0,0,0,0,0,66
2025-09-28T07:44:20.104Z,60,21.1,1.916,49.6,0,60,0,0,0,0,0,0,0,0,66
2025-09-28T07:44:21.107Z,60,21.1,1.916,49.6,0,60,0,0,0,0,0,0,0,0,66
2025-09-28T07:44:22.110Z,60,21.1,1.916,50.4,0,60,0,0,0,0,0,0,0,0,66
2025-09-28T07:44:23.105Z,60,21.1,1.916,49.6,0,60,0,0,0,0,0,0,0,0,66
2025-09-28T07:44:24.106Z,60,21.1,1.916,50.4,0,60,0,0,0,0,0,0,0,0,66
2025-09-28T07:44:25.109Z,60,21.1,1.916,49.6,0,60,0,0,0,0,0,0,0,0,66
2025-09-28T07:44:26.108Z,60,21.1,1.916,50.4,0,60,0,0,0,0,0,0,0,0,66
2025-09-28T07:44:27.109Z,60,21.1,1.916,49.6,0,60,0,0,0,0,0,0,0,0,66
2025-09-28T07:44:28.108Z,60.1,21.1,1.916,49.6,0,60,0,0,0,0,0,0,0,0,66
2025-09-28T07:44:29.111Z,60.1,21.1,1.916,50.4,0,60,0,0,0,0,0,0,0,0,66
2025-09-28T07:44:30.112Z,60.1,21.1,1.916,50.4,0,60,0,0,0,0,0,0,0,0,66
2025-09-28T07:44:31.111Z,60.1,21.1,1.916,49.6,0,60,0,0,0,0,0,0,0,0,66
2025-09-28T07:44:32.125Z,60.1,21.1,1.917,50.4,0,60,0,0,0,0,0,0,0,0,66
2025-09-28T07:44:33.117Z,60.1,21.1,1.917,49.6,0,60,0,0,0,0,0,0,0,0,66
2025-09-28T07:44:34.116Z,60.1,21.1,1.917,50.4,0,60,0,0,0,0,0,0,0,0,66
2025-09-28T07:44:35.121Z,60.1,21.1,1.917,49.6,0,60,0,0,0,0,0,0,0,0,66
2025-09-28T07:44:36.122Z,60.1,21.1,1.917,49.6,0,60,0,0,0,0,0,0,0,0,66
2025-09-28T07:44:37.121Z,60.1,21.1,1.917,50.4,0,60,0,0,0,0,0,0,0,0,66
2025-09-28T07:44:38.119Z,60.1,21.1,1.917,49.6,0,60,0,0,0,0,0,0,0,0,66
2025-09-28T07:44:39.127Z,60.1,21.1,1.917,50.4,0,60,0,0,0,0,0,0,0,0,66
2025-09-28T07:44:40.126Z,60.1,21.1,1.916,49.6,0,60,0,0,0,0,0,0,0,0,66
2025-09-28T07:44:41.125Z,60.1,21.1,1.917,49.6,0,60,0,0,0,0,0,0,0,0,66
2025-09-28T07:44:42.125Z,60.2,21.1,1.917,50.4,0,60,0,0,0,0,0,0,0,0,66
2025-09-28T07:44:43.124Z,60.2,21.1,1.917,49.6,0,60,0,0,0,0,0,0,0,0,66
2025-09-28T07:44:44.127Z,60.2,21.1,1.917,49.6,0,60,0,0,0,0,0,0,0,0,66
2025-09-28T07:44:45.132Z,60.2,21.1,1.916,50.4,0,60,0,0,0,0,0,0,0,0,66
2025-09-28T07:44:46.130Z,60.2,21.1,1.917,49.6,0,60,0,0,0,0,0,0,0,0,66
2025-09-28T07:44:47.128Z,60.2,21.1,1.917,50.4,0,60,0,0,0,0,0,0,0,0,66
2025-09-28T07:44:48.129Z,60.2,21.1,1.917,50.4,0,60,0,0,0,0,0,0,0,0,66
2025-09-28T07:44:49.133Z,60.2,21.1,1.917,49.6,0,60,0,0,0,0,0,0,0,0,66
2025-09-28T07:44:50.129Z,60.2,21.1,1.917,50.4,0,60,0,0,0,0,0,0,0,0,66
2025-09-28T07:44:51.140Z,60.2,21.1,1.916,49.6,0,60,0,0,0,0,0,0,0,0,66
2025-09-28T07:44:52.136Z,60.2,21.1,1.916,50.4,0,60,0,0,0,0,0,0,0,0,66
2025-09-28T07:44:53.135Z,60.2,21.1,1.916,49.6,0,60,0,0,0,0,0,0,0,0,66
2025-09-28T07:44:54.136Z,60.3,21.1,1.916,50.4,0,60,0,0,0,0,0,0,0,0,66
2025-09-28T07:44:55.135Z,60.3,21.1,1.916,49.6,0,60,0,0,0,0,0,0,0,0,66
2025-09-28T07:44:56.137Z,60.3,21.1,1.916,49.6,0,60,0,0,0,0,0,0,0,0,66
2025-09-28T07:44:57.139Z,60.3,21.1,1.915,50.4,0,60,0,0,0,0,0,0,0,0,66
2025-09-28T07:44:58.137Z,60.3,21.1,1.916,49.6,0,60,0,0,0,0,0,0,0,0,66
2025-09-28T07:44:59.142Z,60.3,21.1,1.915,49.6,0,60,0,0,0,0,0,0,0,0,66
2025-09-28T07:45:00.139Z,60.3,21.1,1.915,49.6,0,60,0,0,0,0,0,0,0,0,66
2025-09-28T07:45:01.142Z,60.3,21.1,1.916,50.4,0,60,0,0,0,0,0,0,0,0,66
2025-09-28T07:45:02.142Z,60.3,21.1,1.915,49.6,0,60,0,0,0,0,0,0,0,0,66
2025-09-28T07:45:03.146Z,60.3,21.1,1.915,50.4,0,60,0,0,0,0,0,0,0,0,66
2025-09-28T07:45:04.150Z,60.3,21.1,1.915,49.6,0,60,0,0,0,0,0,0,0,0,66
2025-09-28T07:45:05.142Z,60.3,21.1,1.915,49.6,0,60,0,0,0,0,0,0,0,0,66
2025-09-28T07:45:06.142Z,60.3,21.1,1.915,50.4,0,60,0,0,0,0,0,0,0,0,66
2025-09-28T07:45:07.143Z,60.3,21.1,1.915,49.6,0,60,0,0,0,0,0,0,0,0,66
2025-09-28T07:45:08.147Z,60.3,21.1,1.915,50.4,0,60,0,0,0,0,0,0,0,0,66
2025-09-28T07:45:09.147Z,60.4,21.1,1.915,49.6,0,60,0,0,0,0,0,0,0,0,66
2025-09-28T07:45:10.149Z,60.4,21.1,1.915,50.4,0,60,0,0,0,0,0,0,0,0,66
2025-09-28T07:45:11.145Z,60.4,21.1,1.915,50.4,0,60,0,0,0,0,0,0,0,0,66
2025-09-28T07:45:12.149Z,60.4,21.1,1.915,49.6,0,60,0,0,0,0,0,0,0,0,66
2025-09-28T07:45:13.151Z,60.4,21.1,1.915,50.4,0,60,0,0,0,0,0,0,0,0,66
2025-09-28T07:45:14.152Z,60.4,21.1,1.915,49.6,0,60,0,0,0,0,0,0,0,0,66
2025-09-28T07:45:15.150Z,60.4,21.1,1.915,50.4,0,60,0,0,0,0,0,0,0,0,66
2025-09-28T07:45:16.155Z,60.4,21.1,1.915,49.6,0,60,0,0,0,0,0,0,0,0,66
2025-09-28T07:45:17.156Z,60.4,21.1,1.915,50.4,0,60,0,0,0,0,0,0,0,0,66
2025-09-28T07:45:18.158Z,60.4,21.1,1.915,49.6,0,60,0,0,0,0,0,0,0,0,66
2025-09-28T07:45:19.155Z,60.4,21.1,1.915,50.4,0,60,0,0,0,0,0,0,0,0,66
2025-09-28T07:45:20.163Z,60.4,21.1,1.915,49.6,0,60,0,0,0,0,0,0,0,0,66
2025-09-28T07:45:21.163Z,60.4,21.1,1.915,50.4,0,60,0,0,0,0,0,0,0,0,66
2025-09-28T07:45:22.158Z,60.5,21.1,1.915,49.6,0,60,0,0,0,0,0,0,0,0,66
2025-09-28T07:45:23.162Z,60.5,21.1,1.915,50.4,0,60,0,0,0,0,0,0,0,0,66
2025-09-28T07:45:24.160Z,60.5,21.1,1.915,49.6,0,60,0,0,0,0,0,0,0,0,66
2025-09-28T07:45:25.161Z,60.5,21.1,1.915,50.4,0,60,0,0,0,0,0,0,0,0,66
2025-09-28T07:45:26.159Z,60.5,21.1,1.915,49.6,0,60,0,0,0,0,0,0,0,0,66
2025-09-28T07:45:27.162Z,60.5,21.1,1.915,50.4,0,60,0,0,0,0,0,0,0,0,66
2025-09-28T07:45:28.163Z,60.5,21.1,1.915,49.6,0,60,0,0,0,0,0,0,0,0,66
2025-09-28T07:45:29.169Z,60.5,21.1,1.915,49.6,0,60,0,0,0,0,0,0,0,0,66
2025-09-28T07:45:30.166Z,60.5,21.1,1.915,49.6,0,60,0,0,0,0,0,0,0,0,66
2025-09-28T07:45:31.167Z,60.5,21.1,1.914,49.6,0,60,0,0,0,0,0,0,0,0,66
2025-09-28T07:45:32.168Z,60.5,21.1,1.915,50.4,0,60,0,0,0,0,0,0,0,0,66
2025-09-28T07:45:33.171Z,60.5,21.1,1.914,49.6,0,60,0,0,0,0,0,0,0,0,66
2025-09-28T07:45:34.177Z,60.5,21.1,1.915,50.4,0,60,0,0,0,0,0,0,0,0,66
2025-09-28T07:45:35.170Z,60.5,21.1,1.915,50.4,0,60,0,0,0,0,0,0,0,0,66
2025-09-28T07:45:36.171Z,60.6,21.1,1.915,49.6,0,60,0,0,0,0,0,0,0,0,66
2025-09-28T07:45:37.177Z,60.6,21.1,1.915,49.6,0,60,0,0,0,0,0,0,0,0,66
2025-09-28T07:45:38.175Z,60.6,21.1,1.914,50.4,0,60,0,0,0,0,0,0,0,0,66
2025-09-28T07:45:39.182Z,60.6,21.1,1.915,49.6,0,60,0,0,0,0,0,0,0,0,66
2025-09-28T07:45:40.178Z,60.6,21.1,1.914,49.6,0,60,0,0,0,0,0,0,0,0,66
2025-09-28T07:45:41.179Z,60.6,21.1,1.915,50.4,0,60,0,0,0,0,0,0,0,0,66
2025-09-28T07:45:42.182Z,60.6,21.1,1.915,49.6,0,60,0,0,0,0,0,0,0,0,66
2025-09-28T07:45:43.185Z,60.6,21.1,1.915,50.4,0,60,0,0,0,0,0,0,0,0,66
2025-09-28T07:45:44.187Z,60.6,21.1,1.915,49.6,0,60,0,0,0,0,0,0,0,0,66
2025-09-28T07:45:45.180Z,60.6,21.1,1.914,50.4,0,60,0,0,0,0,0,0,0,0,66
2025-09-28T07:45:46.188Z,60.6,21.1,1.914,50.4,0,60,0,0,0,0,0,0,0,0,66
2025-09-28T07:45:47.187Z,60.6,21.1,1.915,49.6,0,60,0,0,0,0,0,0,0,0,66
2025-09-28T07:45:48.185Z,60.6,21.1,1.914,49.6,0,60,0,0,0,0,0,0,0,0,66
2025-09-28T07:45:49.187Z,60.6,21.1,1.915,49.6,0,60,0,0,0,0,0,0,0,0,66
2025-09-28T07:45:50.186Z,60.6,21.1,1.914,50.4,0,60,0,0,0,0,0,0,0,0,66
2025-09-28T07:45:51.186Z,60.6,21.1,1.915,49.6,0,60,0,0,0,0,0,0,0,0,66
2025-09-28T07:45:52.191Z,60.6,21.1,1.914,49.6,0,60,0,0,0,0,0,0,0,0,66
2025-09-28T07:45:53.192Z,60.7,21.1,1.914,50.4,0,60,0,0,0,0,0,0,0,0,66
2025-09-28T07:45:54.188Z,60.7,21.1,1.914,49.6,0,60,0,0,0,0,0,0,0,0,66
2025-09-28T07:45:55.190Z,60.7,21.1,1.914,49.6,0,60,0,0,0,0,0,0,0,0,66
2025-09-28T07:45:56.190Z,60.7,21.1,1.914,50.4,0,60,0,0,0,0,0,0,0,0,66
2025-09-28T07:45:57.196Z,60.7,21.1,1.913,49.6,0,60,0,0,0,0,0,0,0,0,66
2025-09-28T07:45:58.197Z,60.7,21.1,1.914,50.4,0,60,0,0,0,0,0,0,0,0,66
2025-09-28T07:45:59.192Z,60.7,21.1,1.914,50.4,0,60,0,0,0,0,0,0,0,0,66
2025-09-28T07:46:00.200Z,60.7,21.1,1.913,49.6,0,60,0,0,0,0,0,0,0,0,66
2025-09-28T07:46:01.195Z,60.7,21.1,1.914,50.4,0,60,0,0,0,0,0,0,0,0,66
2025-09-28T07:46:02.198Z,60.7,21.1,1.914,49.6,0,60,0,0,0,0,0,0,0,0,66
2025-09-28T07:46:03.196Z,60.7,21.1,1.914,50.4,0,60,0,0,0,0,0,0,0,0,66
2025-09-28T07:46:04.204Z,60.7,21.1,1.913,49.6,0,60,0,0,0,0,0,0,0,0,66
2025-09-28T07:46:05.208Z,60.7,21.1,1.913,49.6,0,60,0,0,0,0,0,0,0,0,66
2025-09-28T07:46:06.201Z,60.7,21.1,1.914,50.4,0,60,0,0,0,0,0,0,0,0,66
2025-09-28T07:46:07.201Z,60.7,21.1,1.914,49.6,0,60,0,0,0,0,0,0,0,0,66
2025-09-28T07:46:08.203Z,60.7,21.1,1.914,50.4,0,60,0,0,0,0,0,0,0,0,66
2025-09-28T07:46:09.208Z,60.7,21.1,1.913,50.4,0,60,0,0,0,0,0,0,0,0,66
2025-09-28T07:46:10.205Z,60.7,21.1,1.914,49.6,0,60,0,0,0,0,0,0,0,0,66
2025-09-28T07:46:11.210Z,60.8,21.1,1.913,50.4,0,60,0,0,0,0,0,0,0,0,66
2025-09-28T07:46:12.210Z,60.8,21.1,1.913,49.6,0,59.9,0,0,0,0,0,0,0,0,66
2025-09-28T07:46:13.212Z,60.8,21.1,1.913,50.4,0,60,0,0,0,0,0,0,0,0,66
2025-09-28T07:46:14.208Z,60.8,21.1,1.913,49.6,0,60,0,0,0,0,0,0,0,0,66
2025-09-28T07:46:15.208Z,60.8,21.1,1.914,50.4,0,60,0,0,0,0,0,0,0,0,66
2025-09-28T07:46:16.210Z,60.8,21.1,1.913,49.6,0,59.9,0,0,0,0,0,0,0,0,66
2025-09-28T07:46:17.218Z,60.8,21.1,1.913,50.4,0,60,0,0,0,0,0,0,0,0,66
2025-09-28T07:46:18.215Z,60.8,21.1,1.913,49.6,0,59.9,0,0,0,0,0,0,0,0,66
2025-09-28T07:46:19.211Z,60.8,21.1,1.913,49.6,0,59.9,0,0,0,0,0,0,0,0,66
2025-09-28T07:46:20.214Z,60.8,21.1,1.913,50.4,0,60,0,0,0,0,0,0,0,0,66
2025-09-28T07:46:21.215Z,60.8,21.1,1.913,49.6,0,60,0,0,0,0,0,0,0,0,66
2025-09-28T07:46:22.218Z,60.8,21.1,1.913,50.4,0,59.9,0,0,0,0,0,0,0,0,66
2025-09-28T07:46:23.215Z,60.8,21.1,1.913,49.6,0,60,0,0,0,0,0,0,0,0,66
2025-09-28T07:46:24.216Z,60.8,21.1,1.913,49.6,0,59.9,0,0,0,0,0,0,0,0,66
2025-09-28T07:46:25.217Z,60.8,21.1,1.913,50.4,0,59.9,0,0,0,0,0,0,0,0,66
2025-09-28T07:46:26.217Z,60.8,21.1,1.913,49.6,0,59.9,0,0,0,0,0,0,0,0,66
2025-09-28T07:46:27.217Z,60.8,21.1,1.913,50.4,0,59.9,0,0,0,0,0,0,0,0,66
2025-09-28T07:46:28.227Z,60.8,21.1,1.913,50.4,0,60,0,0,0,0,0,0,0,0,66
2025-09-28T07:46:29.223Z,60.8,21.1,1.913,49.6,0,60,0,0,0,0,0,0,0,0,66
2025-09-28T07:46:30.219Z,60.8,21.1,1.913,50.4,0,59.9,0,0,0,0,0,0,0,0,66
2025-09-28T07:46:31.223Z,60.8,21.1,1.912,49.6,0,59.9,0,0,0,0,0,0,0,0,66
2025-09-28T07:46:32.226Z,60.8,21.1,1.913,50.4,0,59.9,0,0,0,0,0,0,0,0,66
2025-09-28T07:46:33.224Z,60.9,21.1,1.913,49.6,0,59.9,0,0,0,0,0,0,0,0,66
2025-09-28T07:46:34.231Z,60.9,21.1,1.913,50.4,0,59.9,0,0,0,0,0,0,0,0,66
2025-09-28T07:46:35.226Z,60.9,21.1,1.913,49.6,0,59.9,0,0,0,0,0,0,0,0,66
2025-09-28T07:46:36.235Z,60.9,21.1,1.913,50.4,0,60,0,0,0,0,0,0,0,0,66
2025-09-28T07:46:37.229Z,60.9,21.1,1.913,49.6,0,59.9,0,0,0,0,0,0,0,0,66
2025-09-28T07:46:38.230Z,60.9,21.1,1.912,50.4,0,59.9,0,0,0,0,0,0,0,0,66
2025-09-28T07:46:39.231Z,60.9,21.1,1.912,49.6,0,60,0,0,0,0,0,0,0,0,66
2025-09-28T07:46:40.234Z,60.9,21.1,1.913,50.4,0,59.9,0,0,0,0,0,0,0,0,66
2025-09-28T07:46:41.233Z,60.9,21.1,1.912,49.6,0,60,0,0,0,0,0,0,0,0,66
2025-09-28T07:46:42.233Z,60.9,21.1,1.912,50.4,0,60,0,0,0,0,0,0,0,0,66
2025-09-28T07:46:43.233Z,60.9,21.1,1.912,49.6,0,60,0,0,0,0,0,0,0,0,66
2025-09-28T07:46:44.242Z,60.9,21.1,1.913,50.4,0,60,0,0,0,0,0,0,0,0,66
2025-09-28T07:46:45.237Z,60.9,21.1,1.912,49.6,0,60,0,0,0,0,0,0,0,0,66
2025-09-28T07:46:46.237Z,60.9,21.1,1.912,50.4,0,59.9,0,0,0,0,0,0,0,0,66
2025-09-28T07:46:47.237Z,60.9,21.1,1.912,49.6,0,60,0,0,0,0,0,0,0,0,66
2025-09-28T07:46:48.243Z,60.9,21.1,1.913,50.4,0,59.9,0,0,0,0,0,0,0,0,66
2025-09-28T07:46:49.242Z,60.9,21.1,1.913,49.6,0,60,0,0,0,0,0,0,0,0,66
2025-09-28T07:46:50.241Z,60.9,21.1,1.912,50.4,0,60,0,0,0,0,0,0,0,0,66
2025-09-28T07:46:51.244Z,60.9,21.1,1.913,49.6,0,60,0,0,0,0,0,0,0,0,66
2025-09-28T07:46:52.253Z,60.9,21.1,1.912,50.4,0,59.9,0,0,0,0,0,0,0,0,66
2025-09-28T07:46:53.246Z,60.9,21.1,1.913,49.6,0,59.9,0,0,0,0,0,0,0,0,66
2025-09-28T07:46:54.244Z,60.9,21.1,1.913,50.4,0,59.9,0,0,0,0,0,0,0,0,66
2025-09-28T07:46:55.245Z,60.9,21.1,1.912,49.6,0,60,0,0,0,0,0,0,0,0,66
2025-09-28T07:46:56.248Z,60.9,21.1,1.913,50.4,0,60,0,0,0,0,0,0,0,0,66
2025-09-28T07:46:57.247Z,60.9,21.1,1.913,49.6,0,60,0,0,0,0,0,0,0,0,66
2025-09-28T07:46:58.248Z,61,21.1,1.913,50.4,0,60,0,0,0,0,0,0,0,0,66
2025-09-28T07:46:59.246Z,61,21.1,1.912,49.6,0,60,0,0,0,0,0,0,0,0,66
2025-09-28T07:47:00.250Z,61,21.1,1.912,50.4,0,60,0,0,0,0,0,0,0,0,66
2025-09-28T07:47:01.249Z,61,21.1,1.912,49.6,0,60,0,0,0,0,0,0,0,0,66
2025-09-28T07:47:02.251Z,61,21.1,1.912,50.4,0,60,0,0,0,0,0,0,0,0,66
2025-09-28T07:47:03.252Z,61,21.1,1.913,49.6,0,60,0,0,0,0,0,0,0,0,66
2025-09-28T07:47:04.261Z,61,21.1,1.912,50.4,0,60,0,0,0,0,0,0,0,0,66
2025-09-28T07:47:05.264Z,61,21.1,1.912,49.6,0,60,0,0,0,0,0,0,0,0,66
2025-09-28T07:47:06.256Z,61,21.1,1.912,50.4,0,60,0,0,0,0,0,0,0,0,66
2025-09-28T07:47:07.268Z,61,21.1,1.912,49.6,0,60,0,0,0,0,0,0,0,0,66
2025-09-28T07:47:08.257Z,61,21.1,1.912,50.4,0,60,0,0,0,0,0,0,0,0,66
2025-09-28T07:47:09.261Z,61,21.1,1.912,49.6,0,60,0,0,0,0,0,0,0,0,66
2025-09-28T07:47:10.259Z,61,21.1,1.912,49.6,0,60,0,0,0,0,0,0,0,0,66
2025-09-28T07:47:11.259Z,61,21.1,1.912,50.4,0,60,0,0,0,0,0,0,0,0,66
2025-09-28T07:47:12.263Z,61,21.1,1.912,49.6,0,60,0,0,0,0,0,0,0,0,66
2025-09-28T07:47:13.267Z,61,21.1,1.912,50.4,0,60,0,0,0,0,0,0,0,0,66
2025-09-28T07:47:14.271Z,61,21.1,1.912,49.6,0,60,0,0,0,0,0,0,0,0,66
2025-09-28T07:47:15.266Z,61,21.1,1.912,49.6,0,60,0,0,0,0,0,0,0,0,66
2025-09-28T07:47:16.268Z,61,21.1,1.912,49.6,0,60,0,0,0,0,0,0,0,0,66
2025-09-28T07:47:17.267Z,61,21.1,1.912,50.4,0,60,0,0,0,0,0,0,0,0,66
2025-09-28T07:47:18.269Z,61,21.1,1.912,49.6,0,60,0,0,0,0,0,0,0,0,66
2025-09-28T07:47:19.266Z,61,21.1,1.912,50.4,0,60,0,0,0,0,0,0,0,0,66
2025-09-28T07:47:20.272Z,61,21.1,1.912,49.6,0,60,0,0,0,0,0,0,0,0,66
2025-09-28T07:47:21.270Z,61,21.1,1.912,50.4,0,60,0,0,0,0,0,0,0,0,66
2025-09-28T07:47:22.269Z,61,21.1,1.912,49.6,0,60,0,0,0,0,0,0,0,0,66
2025-09-28T07:47:23.269Z,61,21.1,1.912,50.4,0,60,0,0,0,0,0,0,0,0,66
2025-09-28T07:47:24.271Z,61,21.1,1.912,49.6,0,60,0,0,0,0,0,0,0,0,66
2025-09-28T07:47:25.274Z,61,21.1,1.912,50.4,0,60,0,0,0,0,0,0,0,0,66
2025-09-28T07:47:26.275Z,61,21.1,1.912,49.6,0,60,0,0,0,0,0,0,0,0,66
2025-09-28T07:47:27.272Z,61,21.1,1.912,50.4,0,60,0,0,0,0,0,0,0,0,66
2025-09-28T07:47:28.277Z,61,21.1,1.912,49.6,0,60,0,0,0,0,0,0,0,0,66
2025-09-28T07:47:29.275Z,61,21.1,1.912,50.4,0,60,0,0,0,0,0,0,0,0,66
2025-09-28T07:47:30.275Z,61,21.1,1.912,49.6,0,60,0,0,0,0,0,0,0,0,66
2025-09-28T07:47:31.277Z,61,21.1,1.912,50.4,0,60,0,0,0,0,0,0,0,0,66
2025-09-28T07:47:32.278Z,61,21.1,1.912,49.6,0,60,0,0,0,0,0,0,0,0,66
2025-09-28T07:47:33.278Z,61,21.1,1.912,50.4,0,60,0,0,0,0,0,0,0,0,66
2025-09-28T07:47:34.278Z,61,21.1,1.912,49.6,0,60,0,0,0,0,0,0,0,0,66
2025-09-28T07:47:35.281Z,61,21.1,1.912,50.4,0,60,0,0,0,0,0,0,0,0,66
2025-09-28T07:47:36.283Z,61,21.1,1.912,49.6,0,60,0,0,0,0,0,0,0,0,66
2025-09-28T07:47:37.283Z,61,21.1,1.912,50.4,0,60,0,0,0,0,0,0,0,0,66
2025-09-28T07:47:38.294Z,61,21.1,1.912,49.6,0,60,0,0,0,0,0,0,0,0,66
2025-09-28T07:47:39.286Z,61,21.1,1.912,50.4,0,60,0,0,0,0,0,0,0,0,66
2025-09-28T07:47:40.288Z,61,21.1,1.912,49.6,0,60,0,0,0,0,0,0,0,0,66
2025-09-28T07:47:41.288Z,61,21.1,1.912,49.6,0,60,0,0,0,0,0,0,0,0,66
2025-09-28T07:47:42.293Z,61,21.1,1.912,50.4,0,60,0,0,0,0,0,0,0,0,66
2025-09-28T07:47:43.294Z,61,21.1,1.912,49.6,0,60,0,0,0,0,0,0,0,0,66
2025-09-28T07:47:44.294Z,61,21.1,1.912,50.4,0,60,0,0,0,0,0,0,0,0,66
2025-09-28T07:47:45.294Z,61,21.1,1.912,49.6,0,60,0,0,0,0,0,0,0,0,66
2025-09-28T07:47:46.292Z,61,21.1,1.912,50.4,0,60,0,0,0,0,0,0,0,0,66
2025-09-28T07:47:47.294Z,61,21.1,1.912,49.6,0,60,0,0,0,0,0,0,0,0,66
2025-09-28T07:47:48.296Z,61,21.1,1.912,50.4,0,60,0,0,0,0,0,0,0,0,66
2025-09-28T07:47:49.296Z,61,21.1,1.912,49.6,0,60,0,0,0,0,0,0,0,0,66
2025-09-28T07:47:50.297Z,61,21.1,1.912,50.4,0,60,0,0,0,0,0,0,0,0,66
2025-09-28T07:47:51.296Z,61,21.1,1.912,49.6,0,60,0,0,0,0,0,0,0,0,66
2025-09-28T07:47:52.298Z,61,21.1,1.912,50.4,0,60,0,0,0,0,0,0,0,0,66
2025-09-28T07:47:53.296Z,61,21.1,1.912,49.6,0,60,0,0,0,0,0,0,0,0,66
2025-09-28T07:47:54.295Z,61,21.1,1.912,50.4,0,60,0,0,0,0,0,0,0,0,66
2025-09-28T07:47:55.295Z,61,21.1,1.912,50.4,0,60,0,0,0,0,0,0,0,0,66
2025-09-28T07:47:56.305Z,61,21.1,1.912,49.6,0,60,0,0,0,0,0,0,0,0,66
2025-09-28T07:47:57.302Z,61,21.1,1.912,50.4,0,60,0,0,0,0,0,0,0,0,66
2025-09-28T07:47:58.300Z,61,21.1,1.912,49.6,0,60,0,0,0,0,0,0,0,0,66
2025-09-28T07:47:59.300Z,61,21.1,1.912,50.4,0,60,0,0,0,0,0,0,0,0,66
2025-09-28T07:48:00.305Z,61,21.1,1.912,49.6,0,60,0,0,0,0,0,0,0,0,66
2025-09-28T07:48:01.307Z,61,21.1,1.912,50.4,0,60,0,0,0,0,0,0,0,0,66
2025-09-28T07:48:02.305Z,61,21.1,1.912,49.6,0,60,0,0,0,0,0,0,0,0,66
2025-09-28T07:48:03.307Z,61,21.1,1.912,50.4,0,60,0,0,0,0,0,0,0,0,66
2025-09-28T07:48:04.309Z,61,21.1,1.912,49.6,0,60,0,0,0,0,0,0,0,0,66
2025-09-28T07:48:05.310Z,61,21.1,1.912,50.4,0,60,0,0,0,0,0,0,0,0,66
2025-09-28T07:48:06.310Z,61,21.1,1.912,49.6,0,60,0,0,0,0,0,0,0,0,66
2025-09-28T07:48:07.309Z,61,21.1,1.912,50.4,0,60,0,0,0,0,0,0,0,0,66
2025-09-28T07:48:08.315Z,61,21.1,1.912,49.6,0,60,0,0,0,0,0,0,0,0,66
2025-09-28T07:48:09.318Z,61,21.1,1.912,50.4,0,60,0,0,0,0,0,0,0,0,66
2025-09-28T07:48:10.315Z,61,21.1,1.912,49.6,0,60,0,0,0,0,0,0,0,0,66
2025-09-28T07:48:11.316Z,61,21.1,1.912,50.4,0,60,0,0,0,0,0,0,0,0,66
2025-09-28T07:48:12.319Z,61,21.1,1.912,49.6,0,60,0,0,0,0,0,0,0,0,66
2025-09-28T07:48:13.316Z,61,21.1,1.912,49.6,0,60,0,0,0,0,0,0,0,0,66
2025-09-28T07:48:14.318Z,61,21.1,1.912,49.6,0,60,0,0,0,0,0,0,0,0,66
2025-09-28T07:48:15.316Z,61,21.1,1.912,50.4,0,60,0,0,0,0,0,0,0,0,66
2025-09-28T07:48:16.318Z,61,21.1,1.912,49.6,0,60,0,0,0,0,0,0,0,0,66
2025-09-28T07:48:17.324Z,61,21.1,1.913,50.4,0,60,0,0,0,0,0,0,0,0,66
2025-09-28T07:48:18.325Z,61,21.1,1.912,49.6,0,60,0,0,0,0,0,0,0,0,66
2025-09-28T07:48:19.325Z,61,21.1,1.912,50.4,0,60,0,0,0,0,0,0,0,0,66
2025-09-28T07:48:20.326Z,61,21.1,1.912,49.6,0,60,0,0,0,0,0,0,0,0,66
2025-09-28T07:48:21.326Z,61,21.1,1.912,50.4,0,60,0,0,0,0,0,0,0,0,66
2025-09-28T07:48:22.326Z,61,21.1,1.912,49.6,0,60,0,0,0,0,0,0,0,0,66
2025-09-28T07:48:23.325Z,61,21.1,1.912,50.4,0,60,0,0,0,0,0,0,0,0,66
2025-09-28T07:48:24.328Z,61,21.1,1.912,49.6,0,60,0,0,0,0,0,0,0,0,66
2025-09-28T07:48:25.331Z,61,21.1,1.912,49.6,0,60,0,0,0,0,0,0,0,0,66
2025-09-28T07:48:26.327Z,61,21.1,1.912,49.6,0,60,0,0,0,0,0,0,0,0,66
2025-09-28T07:48:27.329Z,61,21.1,1.912,49.6,0,60,0,0,0,0,0,0,0,0,66
2025-09-28T07:48:28.332Z,61,21.1,1.912,50.4,0,60,0,0,0,0,0,0,0,0,66
2025-09-28T07:48:29.334Z,61,21.1,1.912,49.6,0,60,0,0,0,0,0,0,0,0,66
2025-09-28T07:48:30.333Z,61,21.1,1.913,50.4,0,60,0,0,0,0,0,0,0,0,66
2025-09-28T07:48:31.332Z,61,21.1,1.912,49.6,0,60,0,0,0,0,0,0,0,0,66
2025-09-28T07:48:32.335Z,61,21.1,1.912,50.4,0,60,0,0,0,0,0,0,0,0,66
2025-09-28T07:48:33.337Z,61,21.1,1.912,49.6,0,60,0,0,0,0,0,0,0,0,66
2025-09-28T07:48:34.341Z,61,21.1,1.912,50.4,0,60,0,0,0,0,0,0,0,0,66
2025-09-28T07:48:35.342Z,61,21.1,1.912,49.6,0,60,0,0,0,0,0,0,0,0,66
2025-09-28T07:48:36.340Z,61,21.1,1.912,50.4,0,60,0,0,0,0,0,0,0,0,66
2025-09-28T07:48:37.341Z,61,21.1,1.912,49.6,0,60,0,0,0,0,0,0,0,0,66
2025-09-28T07:48:38.349Z,61,21.1,1.912,50.4,0,60,0,0,0,0,0,0,0,0,66
2025-09-28T07:48:39.350Z,61,21.1,1.912,49.6,0,60,0,0,0,0,0,0,0,0,66
2025-09-28T07:48:40.346Z,61,21.1,1.912,50.4,0,60,0,0,0,0,0,0,0,0,66
2025-09-28T07:48:41.348Z,60.9,21.1,1.912,49.6,0,60,0,0,0,0,0,0,0,0,66
2025-09-28T07:48:42.343Z,60.9,21.1,1.912,50.4,0,60,0,0,0,0,0,0,0,0,66
2025-09-28T07:48:43.346Z,60.9,21.1,1.912,49.6,0,60,0,0,0,0,0,0,0,0,66
2025-09-28T07:48:44.347Z,60.9,21.1,1.912,50.4,0,60,0,0,0,0,0,0,0,0,66
2025-09-28T07:48:45.348Z,60.9,21.1,1.912,49.6,0,60,0,0,0,0,0,0,0,0,66
2025-09-28T07:48:46.348Z,60.9,21.1,1.912,50.4,0,60,0,0,0,0,0,0,0,0,66
2025-09-28T07:48:47.351Z,60.9,21.1,1.912,49.6,0,60,0,0,0,0,0,0,0,0,66
2025-09-28T07:48:48.353Z,60.9,21.1,1.912,50.4,0,60,0,0,0,0,0,0,0,0,66
2025-09-28T07:48:49.352Z,60.9,21.1,1.913,49.6,0,60,0,0,0,0,0,0,0,0,66
2025-09-28T07:48:50.349Z,60.9,21.1,1.913,50.4,0,60,0,0,0,0,0,0,0,0,66
2025-09-28T07:48:51.353Z,60.9,21.1,1.913,49.6,0,60,0,0,0,0,0,0,0,0,66
2025-09-28T07:48:52.356Z,60.9,21.1,1.913,49.6,0,60,0,0,0,0,0,0,0,0,66
2025-09-28T07:48:53.353Z,60.9,21.1,1.912,50.4,0,60,0,0,0,0,0,0,0,0,66
2025-09-28T07:48:54.354Z,60.9,21.1,1.913,49.6,0,60,0,0,0,0,0,0,0,0,66
2025-09-28T07:48:55.359Z,60.9,21.1,1.913,50.4,0,60,0,0,0,0,0,0,0,0,66
2025-09-28T07:48:56.358Z,60.9,21.1,1.913,49.6,0,60,0,0,0,0,0,0,0,0,66
2025-09-28T07:48:57.363Z,60.9,21.1,1.913,50.4,0,60,0,0,0,0,0,0,0,0,66
2025-09-28T07:48:58.362Z,60.9,21.1,1.913,49.6,0,60,0,0,0,0,0,0,0,0,66
2025-09-28T07:48:59.361Z,60.9,21.1,1.913,50.4,0,60,0,0,0,0,0,0,0,0,66
2025-09-28T07:49:00.363Z,60.9,21.1,1.913,49.6,0,60,0,0,0,0,0,0,0,0,66
2025-09-28T07:49:01.363Z,60.9,21.1,1.913,50.4,0,60,0,0,0,0,0,0,0,0,66
2025-09-28T07:49:02.370Z,60.9,21.1,1.914,49.6,0,60,0,0,0,0,0,0,0,0,66
2025-09-28T07:49:03.363Z,60.9,21.1,1.913,50.4,0,60,0,0,0,0,0,0,0,0,66
2025-09-28T07:49:04.365Z,60.9,21.1,1.912,49.6,0,60,0,0,0,0,0,0,0,0,66
2025-09-28T07:49:05.366Z,60.9,21.1,1.913,50.4,0,60,0,0,0,0,0,0,0,0,66
2025-09-28T07:49:06.366Z,60.9,21.1,1.913,49.6,0,60,0,0,0,0,0,0,0,0,66
2025-09-28T07:49:07.368Z,60.9,21.1,1.913,50.4,0,60,0,0,0,0,0,0,0,0,66
2025-09-28T07:49:08.374Z,60.9,21.1,1.914,49.6,0,60,0,0,0,0,0,0,0,0,66
2025-09-28T07:49:09.375Z,60.9,21.1,1.914,49.6,0,60,0,0,0,0,0,0,0,0,66
2025-09-28T07:49:10.375Z,60.8,21.1,1.914,49.6,0,60,0,0,0,0,0,0,0,0,66
2025-09-28T07:49:11.377Z,60.8,21.1,1.913,50.4,0,60,0,0,0,0,0,0,0,0,66
2025-09-28T07:49:12.373Z,60.8,21.1,1.913,49.6,0,60,0,0,0,0,0,0,0,0,66
2025-09-28T07:49:13.375Z,60.8,21.1,1.914,50.4,0,60,0,0,0,0,0,0,0,0,66
2025-09-28T07:49:14.381Z,60.8,21.1,1.914,49.6,0,60,0,0,0,0,0,0,0,0,66
2025-09-28T07:49:15.376Z,60.8,21.1,1.914,50.4,0,60,0,0,0,0,0,0,0,0,66
2025-09-28T07:49:16.379Z,60.8,21.1,1.914,49.6,0,60,0,0,0,0,0,0,0,0,66
2025-09-28T07:49:17.381Z,60.8,21.1,1.914,50.4,0,60,0,0,0,0,0,0,0,0,66
2025-09-28T07:49:18.384Z,60.8,21.1,1.914,49.6,0,60,0,0,0,0,0,0,0,0,66
2025-09-28T07:49:19.379Z,60.8,21.1,1.914,50.4,0,60,0,0,0,0,0,0,0,0,66
2025-09-28T07:49:20.381Z,60.8,21.1,1.914,49.6,0,60,0,0,0,0,0,0,0,0,66
2025-09-28T07:49:21.382Z,60.8,21.1,1.914,50.4,0,60,0,0,0,0,0,0,0,0,66
2025-09-28T07:49:22.381Z,60.8,21.1,1.914,49.6,0,60,0,0,0,0,0,0,0,0,66
2025-09-28T07:49:23.378Z,60.8,21.1,1.914,50.4,0,60,0,0,0,0,0,0,0,0,66
2025-09-28T07:49:24.382Z,60.8,21.1,1.914,49.6,0,60,0,0,0,0,0,0,0,0,66
2025-09-28T07:49:25.389Z,60.8,21.1,1.914,50.4,0,60,0,0,0,0,0,0,0,0,66
2025-09-28T07:49:26.384Z,60.8,21.1,1.914,49.6,0,60,0,0,0,0,0,0,0,0,66
2025-09-28T07:49:27.386Z,60.8,21.1,1.914,50.4,0,60,0,0,0,0,0,0,0,0,66
2025-09-28T07:49:28.390Z,60.8,21.1,1.914,49.6,0,60,0,0,0,0,0,0,0,0,66
2025-09-28T07:49:29.391Z,60.8,21.1,1.914,50.4,0,60,0,0,0,0,0,0,0,0,66
2025-09-28T07:49:30.390Z,60.8,21.1,1.914,49.6,0,60,0,0,0,0,0,0,0,0,66
2025-09-28T07:49:31.390Z,60.8,21.1,1.914,50.4,0,60,0,0,0,0,0,0,0,0,66
2025-09-28T07:49:32.390Z,60.7,21.1,1.914,49.6,0,60,0,0,0,0,0,0,0,0,66
2025-09-28T07:49:33.401Z,60.8,21.1,1.913,50.4,0,60,0,0,0,0,0,0,0,0,66
2025-09-28T07:49:34.393Z,60.7,21.1,1.914,49.6,0,60,0,0,0,0,0,0,0,0,66
2025-09-28T07:49:35.396Z,60.7,21.1,1.914,49.6,0,60,0,0,0,0,0,0,0,0,66
2025-09-28T07:49:36.394Z,60.7,21.1,1.914,50.4,0,60,0,0,0,0,0,0,0,0,66
2025-09-28T07:49:37.400Z,60.7,21.1,1.913,49.6,0,60,0,0,0,0,0,0,0,0,66
2025-09-28T07:49:38.393Z,60.7,21.1,1.914,50.4,0,60,0,0,0,0,0,0,0,0,66
2025-09-28T07:49:39.401Z,60.7,21.1,1.913,49.6,0,60,0,0,0,0,0,0,0,0,66
2025-09-28T07:49:40.398Z,60.7,21.1,1.914,49.6,0,60,0,0,0,0,0,0,0,0,66
2025-09-28T07:49:41.405Z,60.7,21.1,1.913,49.6,0,60,0,0,0,0,0,0,0,0,66
2025-09-28T07:49:42.404Z,60.7,21.1,1.913,50.4,0,60,0,0,0,0,0,0,0,0,66
2025-09-28T07:49:43.401Z,60.7,21.1,1.914,49.6,0,60,0,0,0,0,0,0,0,0,66
2025-09-28T07:49:44.408Z,60.7,21.1,1.913,50.4,0,60,0,0,0,0,0,0,0,0,66
2025-09-28T07:49:45.408Z,60.7,21.1,1.913,49.6,0,60,0,0,0,0,0,0,0,0,66
2025-09-28T07:49:46.402Z,60.7,21.1,1.914,49.6,0,60,0,0,0,0,0,0,0,0,66
2025-09-28T07:49:47.408Z,60.7,21.1,1.913,50.4,0,60,0,0,0,0,0,0,0,0,66
2025-09-28T07:49:48.409Z,60.7,21.1,1.913,49.6,0,60,0,0,0,0,0,0,0,0,66
2025-09-28T07:49:49.414Z,60.7,21.1,1.913,50.4,0,60,0,0,0,0,0,0,0,0,66
2025-09-28T07:49:50.410Z,60.7,21.1,1.913,49.6,0,60,0,0,0,0,0,0,0,0,66
2025-09-28T07:49:51.414Z,60.7,21.1,1.913,50.4,0,60,0,0,0,0,0,0,0,0,66
2025-09-28T07:49:52.410Z,60.7,21.1,1.913,49.6,0,60,0,0,0,0,0,0,0,0,66
2025-09-28T07:49:53.415Z,60.7,21.1,1.914,50.4,0,60,0,0,0,0,0,0,0,0,66
2025-09-28T07:49:54.411Z,60.7,21.1,1.913,49.6,0,60,0,0,0,0,0,0,0,0,66
2025-09-28T07:49:55.414Z,60.7,21.1,1.914,50.4,0,60,0,0,0,0,0,0,0,0,66
2025-09-28T07:49:56.413Z,60.7,21.1,1.914,49.6,0,60,0,0,0,0,0,0,0,0,66
2025-09-28T07:49:57.416Z,60.7,21.1,1.914,50.4,0,60,0,0,0,0,0,0,0,0,66
2025-09-28T07:49:58.414Z,60.7,21.1,1.914,49.6,0,60,0,0,0,0,0,0,0,0,66
2025-09-28T07:49:59.418Z,60.6,21.1,1.914,50.4,0,60,0,0,0,0,0,0,0,0,66
2025-09-28T07:50:00.419Z,60.6,21.1,1.914,49.6,0,60,0,0,0,0,0,0,0,0,66
2025-09-28T07:50:01.424Z,60.6,21.1,1.915,49.6,0,60,0,0,0,0,0,0,0,0,66
2025-09-28T07:50:02.416Z,60.6,21.1,1.914,49.6,0,60,0,0,0,0,0,0,0,0,66
2025-09-28T07:50:03.420Z,60.6,21.1,1.914,50.4,0,60,0,0,0,0,0,0,0,0,66
2025-09-28T07:50:04.420Z,60.6,21.1,1.914,49.6,0,60,0,0,0,0,0,0,0,0,66
2025-09-28T07:50:05.425Z,60.6,21.1,1.914,49.6,0,60,0,0,0,0,0,0,0,0,66
2025-09-28T07:50:06.423Z,60.6,21.1,1.914,50.4,0,60,0,0,0,0,0,0,0,0,66
2025-09-28T07:50:07.429Z,60.6,21.1,1.915,50.4,0,60,0,0,0,0,0,0,0,0,66
2025-09-28T07:50:08.427Z,60.6,21.1,1.915,49.6,0,60,0,0,0,0,0,0,0,0,66
2025-09-28T07:50:09.427Z,60.6,21.1,1.915,49.6,0,60,0,0,0,0,0,0,0,0,66
2025-09-28T07:50:10.436Z,60.6,21.1,1.915,49.6,0,60,0,0,0,0,0,0,0,0,66
2025-09-28T07:50:11.438Z,60.6,21.1,1.915,49.6,0,60,0,0,0,0,0,0,0,0,66
2025-09-28T07:50:12.433Z,60.6,21.1,1.915,50.4,0,60.1,0,0,0,0,0,0,0,0,66
2025-09-28T07:50:13.435Z,60.6,21.1,1.915,50.4,0,60.1,0,0,0,0,0,0,0,0,66
2025-09-28T07:50:14.432Z,60.6,21.1,1.915,49.6,0,60,0,0,0,0,0,0,0,0,66
2025-09-28T07:50:15.432Z,60.6,21.1,1.915,50.4,0,60.1,0,0,0,0,0,0,0,0,66
2025-09-28T07:50:16.433Z,60.6,21.1,1.915,49.6,0,60.1,0,0,0,0,0,0,0,0,66
2025-09-28T07:50:17.432Z,60.6,21.1,1.915,50.4,0,60,0,0,0,0,0,0,0,0,66
2025-09-28T07:50:18.436Z,60.6,21.1,1.915,49.6,0,60.1,0,0,0,0,0,0,0,0,66
2025-09-28T07:50:19.435Z,60.6,21.1,1.915,50.4,0,60.1,0,0,0,0,0,0,0,0,66
2025-09-28T07:50:20.441Z,60.6,21.1,1.915,50.4,0,60.1,0,0,0,0,0,0,0,0,66
2025-09-28T07:50:21.437Z,60.6,21.1,1.915,49.6,0,60.1,0,0,0,0,0,0,0,0,66
2025-09-28T07:50:22.440Z,60.6,21.1,1.915,49.6,0,60.1,0,0,0,0,0,0,0,0,66
2025-09-28T07:50:23.437Z,60.6,21.1,1.915,49.6,0,60.1,0,0,0,0,0,0,0,0,66
2025-09-28T07:50:24.442Z,60.6,21.1,1.915,50.4,0,60.1,0,0,0,0,0,0,0,0,66
2025-09-28T07:50:25.439Z,60.6,21.1,1.915,49.6,0,60.1,0,0,0,0,0,0,0,0,66
2025-09-28T07:50:26.441Z,60.5,21.1,1.915,49.6,0,60.1,0,0,0,0,0,0,0,0,66
2025-09-28T07:50:27.440Z,60.5,21.1,1.915,50.4,0,60.1,0,0,0,0,0,0,0,0,66
2025-09-28T07:50:28.444Z,60.5,21.1,1.915,50.4,0,60.1,0,0,0,0,0,0,0,0,66
2025-09-28T07:50:29.442Z,60.5,21.1,1.915,49.6,0,60.1,0,0,0,0,0,0,0,0,66
2025-09-28T07:50:30.445Z,60.5,21.1,1.915,50.4,0,60.1,0,0,0,0,0,0,0,0,66
2025-09-28T07:50:31.442Z,60.5,21.1,1.915,49.6,0,60.1,0,0,0,0,0,0,0,0,66
2025-09-28T07:50:32.447Z,60.5,21.1,1.915,50.4,0,60.1,0,0,0,0,0,0,0,0,66
2025-09-28T07:50:33.452Z,60.5,21.1,1.915,49.6,0,60.1,0,0,0,0,0,0,0,0,66
2025-09-28T07:50:34.451Z,60.5,21.1,1.915,50.4,0,60.1,0,0,0,0,0,0,0,0,66
2025-09-28T07:50:35.448Z,60.5,21.1,1.915,49.6,0,60.1,0,0,0,0,0,0,0,0,66
2025-09-28T07:50:36.452Z,60.5,21.1,1.915,49.6,0,60.1,0,0,0,0,0,0,0,0,66
2025-09-28T07:50:37.453Z,60.5,21.1,1.915,50.4,0,60.1,0,0,0,0,0,0,0,0,66
2025-09-28T07:50:38.455Z,60.5,21.1,1.915,50.4,0,60.1,0,0,0,0,0,0,0,0,66
2025-09-28T07:50:39.452Z,60.5,21.1,1.915,49.6,0,60.1,0,0,0,0,0,0,0,0,66
2025-09-28T07:50:40.455Z,60.5,21.1,1.915,50.4,0,60.1,0,0,0,0,0,0,0,0,66
2025-09-28T07:50:41.459Z,60.5,21.1,1.915,49.6,0,60.1,0,0,0,0,0,0,0,0,66
2025-09-28T07:50:42.457Z,60.5,21.1,1.915,50.4,0,60.1,0,0,0,0,0,0,0,0,66
2025-09-28T07:50:43.467Z,60.5,21.1,1.915,49.6,0,60.1,0,0,0,0,0,0,0,0,66
2025-09-28T07:50:44.464Z,60.5,21.1,1.915,50.4,0,60.1,0,0,0,0,0,0,0,0,66
2025-09-28T07:50:45.459Z,60.5,21.1,1.915,49.6,0,60.1,0,0,0,0,0,0,0,0,66
2025-09-28T07:50:46.457Z,60.5,21.1,1.915,49.6,0,60.1,0,0,0,0,0,0,0,0,66
2025-09-28T07:50:47.460Z,60.5,21.1,1.915,50.4,0,60.1,0,0,0,0,0,0,0,0,66
2025-09-28T07:50:48.459Z,60.5,21.1,1.915,49.6,0,60.1,0,0,0,0,0,0,0,0,66
2025-09-28T07:50:49.460Z,60.5,21.1,1.915,49.6,0,60.1,0,0,0,0,0,0,0,0,66
2025-09-28T07:50:50.461Z,60.5,21.1,1.915,50.4,0,60.1,0,0,0,0,0,0,0,0,66
2025-09-28T07:50:51.464Z,60.5,21.1,1.915,49.6,0,60.1,0,0,0,0,0,0,0,0,66
2025-09-28T07:50:52.471Z,60.4,21.1,1.915,50.4,0,60.1,0,0,0,0,0,0,0,0,66
2025-09-28T07:50:53.465Z,60.4,21.1,1.915,49.6,0,60.1,0,0,0,0,0,0,0,0,66
2025-09-28T07:50:54.463Z,60.4,21.1,1.915,49.6,0,60.1,0,0,0,0,0,0,0,0,66
2025-09-28T07:50:55.470Z,60.4,21.1,1.915,50.4,0,60.1,0,0,0,0,0,0,0,0,66
2025-09-28T07:50:56.467Z,60.4,21.1,1.915,49.6,0,60.1,0,0,0,0,0,0,0,0,66
2025-09-28T07:50:57.470Z,60.4,21.1,1.915,50.4,0,60.1,0,0,0,0,0,0,0,0,66
2025-09-28T07:50:58.470Z,60.4,21.1,1.915,50.4,0,60.1,0,0,0,0,0,0,0,0,66
2025-09-28T07:50:59.469Z,60.4,21.1,1.915,49.6,0,60.1,0,0,0,0,0,0,0,0,66
2025-09-28T07:51:00.472Z,60.4,21.1,1.915,50.4,0,60.1,0,0,0,0,0,0,0,0,66
2025-09-28T07:51:01.475Z,60.4,21.1,1.915,49.6,0,60.1,0,0,0,0,0,0,0,0,66
2025-09-28T07:51:02.470Z,60.4,21.1,1.915,50.4,0,60.1,0,0,0,0,0,0,0,0,66
2025-09-28T07:51:03.474Z,60.4,21.1,1.915,49.6,0,60.1,0,0,0,0,0,0,0,0,66
2025-09-28T07:51:04.472Z,60.4,21.1,1.915,49.6,0,60.1,0,0,0,0,0,0,0,0,66
2025-09-28T07:51:05.477Z,60.4,21.1,1.915,50.4,0,60.1,0,0,0,0,0,0,0,0,66
2025-09-28T07:51:06.479Z,60.4,21.1,1.915,49.6,0,60.1,0,0,0,0,0,0,0,0,66
2025-09-28T07:51:07.480Z,60.4,21.1,1.915,50.4,0,60.1,0,0,0,0,0,0,0,0,66
2025-09-28T07:51:08.480Z,60.4,21.1,1.915,50.4,0,60.1,0,0,0,0,0,0,0,0,66
2025-09-28T07:51:09.489Z,60.4,21.1,1.915,49.6,0,60.1,0,0,0,0,0,0,0,0,66
2025-09-28T07:51:10.482Z,60.4,21.1,1.915,50.4,0,60.1,0,0,0,0,0,0,0,0,66
2025-09-28T07:51:11.480Z,60.4,21.1,1.915,49.6,0,60.1,0,0,0,0,0,0,0,0,66
2025-09-28T07:51:12.487Z,60.4,21.1,1.915,50.4,0,60.1,0,0,0,0,0,0,0,0,66
2025-09-28T07:51:13.493Z,60.4,21.1,1.915,49.6,0,60.1,0,0,0,0,0,0,0,0,66
2025-09-28T07:51:14.484Z,60.4,21.1,1.915,50.4,0,60.1,0,0,0,0,0,0,0,0,66
2025-09-28T07:51:15.484Z,60.4,21.1,1.915,49.6,0,60.1,0,0,0,0,0,0,0,0,66
2025-09-28T07:51:16.493Z,60.4,21.1,1.915,49.6,0,60.1,0,0,0,0,0,0,0,0,66
2025-09-28T07:51:17.490Z,60.4,21.1,1.915,50.4,0,60.1,0,0,0,0,0,0,0,0,66
2025-09-28T07:51:18.485Z,60.4,21.1,1.915,49.6,0,60.1,0,0,0,0,0,0,0,0,66
2025-09-28T07:51:19.492Z,60.4,21.1,1.915,50.4,0,60.1,0,0,0,0,0,0,0,0,66
2025-09-28T07:51:20.492Z,60.4,21.1,1.916,49.6,0,60.1,0,0,0,0,0,0,0,0,66
2025-09-28T07:51:21.496Z,60.4,21.1,1.915,50.4,0,60.1,0,0,0,0,0,0,0,0,66
2025-09-28T07:51:22.492Z,60.3,21.1,1.915,49.6,0,60.1,0,0,0,0,0,0,0,0,66
2025-09-28T07:51:23.493Z,60.3,21.1,1.916,49.6,0,60.1,0,0,0,0,0,0,0,0,66
2025-09-28T07:51:24.494Z,60.3,21.1,1.916,50.4,0,60.1,0,0,0,0,0,0,0,0,66
2025-09-28T07:51:25.493Z,60.3,21.1,1.915,49.6,0,60.1,0,0,0,0,0,0,0,0,66
2025-09-28T07:51:26.492Z,60.3,21.1,1.915,50.4,0,60.1,0,0,0,0,0,0,0,0,66
2025-09-28T07:51:27.494Z,60.3,21.1,1.916,50.4,0,60.1,0,0,0,0,0,0,0,0,66
2025-09-28T07:51:28.499Z,60.3,21.1,1.916,49.6,0,60.1,0,0,0,0,0,0,0,0,66
2025-09-28T07:51:29.502Z,60.3,21.1,1.916,50.4,0,60.2,0,0,0,0,0,0,0,0,66
2025-09-28T07:51:30.499Z,60.3,21.1,1.916,49.6,0,60.1,0,0,0,0,0,0,0,0,66
2025-09-28T07:51:31.500Z,60.3,21.1,1.916,50.4,0,60.1,0,0,0,0,0,0,0,0,66
2025-09-28T07:51:32.505Z,60.3,21.1,1.916,49.6,0,60.1,0,0,0,0,0,0,0,0,66
2025-09-28T07:51:33.505Z,60.3,21.1,1.916,50.4,0,60.2,0,0,0,0,0,0,0,0,66
2025-09-28T07:51:34.503Z,60.3,21.1,1.916,49.6,0,60.2,0,0,0,0,0,0,0,0,66
2025-09-28T07:51:35.503Z,60.3,21.1,1.916,50.4,0,60.2,0,0,0,0,0,0,0,0,66
2025-09-28T07:51:36.505Z,60.3,21.1,1.916,49.6,0,60.2,0,0,0,0,0,0,0,0,66
2025-09-28T07:51:37.509Z,60.3,21.1,1.916,50.4,0,60.2,0,0,0,0,0,0,0,0,66
2025-09-28T07:51:38.509Z,60.3,21.1,1.916,49.6,0,60.2,0,0,0,0,0,0,0,0,66
2025-09-28T07:51:39.507Z,60.3,21.1,1.916,50.4,0,60.2,0,0,0,0,0,0,0,0,66
2025-09-28T07:51:40.509Z,60.3,21.1,1.916,49.6,0,60.2,0,0,0,0,0,0,0,0,66
2025-09-28T07:51:41.513Z,60.3,21.1,1.916,50.4,0,60.2,0,0,0,0,0,0,0,0,66
2025-09-28T07:51:42.513Z,60.3,21.1,1.916,49.6,0,60.2,0,0,0,0,0,0,0,0,66
2025-09-28T07:51:43.514Z,60.3,21.1,1.916,50.4,0,60.2,0,0,0,0,0,0,0,0,66
2025-09-28T07:51:44.516Z,60.3,21.1,1.916,49.6,0,60.2,0,0,0,0,0,0,0,0,66
2025-09-28T07:51:45.523Z,60.3,21.1,1.915,50.4,0,60.2,0,0,0,0,0,0,0,0,66
2025-09-28T07:51:46.515Z,60.3,21.1,1.917,49.6,0,60.2,0,0,0,0,0,0,0,0,66
2025-09-28T07:51:47.517Z,60.2,21.1,1.917,50.4,0,60.2,0,0,0,0,0,0,0,0,66
2025-09-28T07:51:48.516Z,60.3,21.1,1.916,49.6,0,60.2,0,0,0,0,0,0,0,0,66
2025-09-28T07:51:49.517Z,60.3,21.1,1.917,50.4,0,60.2,0,0,0,0,0,0,0,0,66
2025-09-28T07:51:50.522Z,60.2,21.1,1.916,49.6,0,60.2,0,0,0,0,0,0,0,0,66
2025-09-28T07:51:51.520Z,60.2,21.1,1.917,50.4,0,60.2,0,0,0,0,0,0,0,0,66
2025-09-28T07:51:52.527Z,60.2,21.1,1.915,49.6,0,60.2,0,0,0,0,0,0,0,0,66
2025-09-28T07:51:53.526Z,60.2,21.1,1.916,49.6,0,60.2,0,0,0,0,0,0,0,0,66
2025-09-28T07:51:54.521Z,60.2,21.1,1.917,49.6,0,60.2,0,0,0,0,0,0,0,0,66
2025-09-28T07:51:55.522Z,60.2,21.1,1.917,50.4,0,60.2,0,0,0,0,0,0,0,0,66
2025-09-28T07:51:56.524Z,60.2,21.1,1.917,49.6,0,60.2,0,0,0,0,0,0,0,0,66
2025-09-28T07:51:57.527Z,60.2,21.1,1.916,50.4,0,60.2,0,0,0,0,0,0,0,0,66
2025-09-28T07:51:58.528Z,60.2,21.1,1.916,49.6,0,60.2,0,0,0,0,0,0,0,0,66
2025-09-28T07:51:59.524Z,60.2,21.1,1.917,50.4,0,60.2,0,0,0,0,0,0,0,0,66
2025-09-28T07:52:00.529Z,60.2,21.1,1.916,49.6,0,60.2,0,0,0,0,0,0,0,0,66
2025-09-28T07:52:01.528Z,60.2,21.1,1.916,50.4,0,60.2,0,0,0,0,0,0,0,0,66
2025-09-28T07:52:02.529Z,60.2,21.1,1.916,49.6,0,60.2,0,0,0,0,0,0,0,0,66
2025-09-28T07:52:03.530Z,60.2,21.1,1.916,50.4,0,60.2,0,0,0,0,0,0,0,0,66
2025-09-28T07:52:04.536Z,60.2,21.1,1.915,50.4,0,60.2,0,0,0,0,0,0,0,0,66
2025-09-28T07:52:05.533Z,60.2,21.1,1.916,49.6,0,60.2,0,0,0,0,0,0,0,0,66
2025-09-28T07:52:06.533Z,60.2,21.1,1.916,50.4,0,60.2,0,0,0,0,0,0,0,0,66
2025-09-28T07:52:07.533Z,60.2,21.1,1.916,49.6,0,60.2,0,0,0,0,0,0,0,0,66
2025-09-28T07:52:08.539Z,60.2,21.1,1.916,49.6,0,60.2,0,0,0,0,0,0,0,0,66
2025-09-28T07:52:09.536Z,60.2,21.1,1.916,49.6,0,60.2,0,0,0,0,0,0,0,0,66
2025-09-28T07:52:10.534Z,60.2,21.1,1.916,50.4,0,60.2,0,0,0,0,0,0,0,0,66
2025-09-28T07:52:11.535Z,60.2,21.1,1.916,49.6,0,60.2,0,0,0,0,0,0,0,0,66
2025-09-28T07:52:12.544Z,60.2,21.1,1.916,50.4,0,60.2,0,0,0,0,0,0,0,0,66
2025-09-28T07:52:13.541Z,60.2,21.1,1.915,49.6,0,60.2,0,0,0,0,0,0,0,0,66
2025-09-28T07:52:14.542Z,60.2,21.1,1.916,50.4,0,60.2,0,0,0,0,0,0,0,0,66
2025-09-28T07:52:15.547Z,60.2,21.1,1.916,49.6,0,60.2,0,0,0,0,0,0,0,0,66
2025-09-28T07:52:16.546Z,60.2,21.1,1.916,50.4,0,60.2,0,0,0,0,0,0,0,0,66
2025-09-28T07:52:17.546Z,60.2,21.1,1.916,49.6,0,60.2,0,0,0,0,0,0,0,0,66
2025-09-28T07:52:18.544Z,60.2,21.1,1.916,50.4,0,60.2,0,0,0,0,0,0,0,0,66
2025-09-28T07:52:19.543Z,60.1,21.1,1.916,49.6,0,60.2,0,0,0,0,0,0,0,0,66
2025-09-28T07:52:20.548Z,60.2,21.1,1.916,50.4,0,60.2,0,0,0,0,0,0,0,0,66
2025-09-28T07:52:21.551Z,60.2,21.1,1.916,49.6,0,60.2,0,0,0,0,0,0,0,0,66
2025-09-28T07:52:22.550Z,60.1,21.1,1.916,49.6,0,60.2,0,0,0,0,0,0,0,0,66
2025-09-28T07:52:23.550Z,60.1,21.1,1.916,49.6,0,60.2,0,0,0,0,0,0,0,0,66
2025-09-28T07:52:24.551Z,60.1,21.1,1.916,50.4,0,60.2,0,0,0,0,0,0,0,0,66
2025-09-28T07:52:25.555Z,60.1,21.1,1.917,49.6,0,60.2,0,0,0,0,0,0,0,0,66
2025-09-28T07:52:26.554Z,60.1,21.1,1.916,50.4,0,60.2,0,0,0,0,0,0,0,0,66
2025-09-28T07:52:27.560Z,60.1,21.1,1.917,50.4,0,60.2,0,0,0,0,0,0,0,0,66
2025-09-28T07:52:28.552Z,60.1,21.1,1.916,49.6,0,60.2,0,0,0,0,0,0,0,0,66
2025-09-28T07:52:29.555Z,60.1,21.1,1.917,50.4,0,60.2,0,0,0,0,0,0,0,0,66
2025-09-28T07:52:30.557Z,60.1,21.1,1.917,49.6,0,60.2,0,0,0,0,0,0,0,0,66
2025-09-28T07:52:31.558Z,60.1,21.1,1.917,50.4,0,60.2,0,0,0,0,0,0,0,0,66
2025-09-28T07:52:32.560Z,60.1,21.1,1.917,49.6,0,60.2,0,0,0,0,0,0,0,0,66
2025-09-28T07:52:33.566Z,60.1,21.1,1.917,50.4,0,60.2,0,0,0,0,0,0,0,0,66
2025-09-28T07:52:34.557Z,60.1,21.1,1.916,49.6,0,60.2,0,0,0,0,0,0,0,0,66
2025-09-28T07:52:35.558Z,60.1,21.1,1.916,50.4,0,60.2,0,0,0,0,0,0,0,0,66
2025-09-28T07:52:36.566Z,60.1,21.1,1.917,49.6,0,60.2,0,0,0,0,0,0,0,0,66
2025-09-28T07:52:37.561Z,60.1,21.1,1.917,50.4,0,60.2,0,0,0,0,0,0,0,0,66
2025-09-28T07:52:38.564Z,60.1,21.1,1.917,49.6,0,60.2,0,0,0,0,0,0,0,0,66
2025-09-28T07:52:39.562Z,60.1,21.1,1.917,50.4,0,60.2,0,0,0,0,0,0,0,0,66
2025-09-28T07:52:40.565Z,60.1,21.1,1.917,49.6,0,60.2,0,0,0,0,0,0,0,0,66
2025-09-28T07:52:41.564Z,60.1,21.1,1.917,50.4,0,60.2,0,0,0,0,0,0,0,0,66
2025-09-28T07:52:42.564Z,60.1,21.1,1.917,49.6,0,60.2,0,0,0,0,0,0,0,0,66
2025-09-28T07:52:43.566Z,60.1,21.1,1.917,49.6,0,60.2,0,0,0,0,0,0,0,0,66
2025-09-28T07:52:44.572Z,60.1,21.1,1.917,50.4,0,60.2,0,0,0,0,0,0,0,0,66
2025-09-28T07:52:45.572Z,60.1,21.1,1.917,49.6,0,60.2,0,0,0,0,0,0,0,0,66
2025-09-28T07:52:46.572Z,60.1,21.1,1.917,50.4,0,60.2,0,0,0,0,0,0,0,0,66
2025-09-28T07:52:47.572Z,60.1,21.1,1.917,49.6,0,60.2,0,0,0,0,0,0,0,0,66
2025-09-28T07:52:48.578Z,60.1,21.1,1.917,50.4,0,60.2,0,0,0,0,0,0,0,0,66
2025-09-28T07:52:49.579Z,60.1,21.1,1.917,49.6,0,60.2,0,0,0,0,0,0,0,0,66
2025-09-28T07:52:50.574Z,60.1,21.1,1.917,50.4,0,60.2,0,0,0,0,0,0,0,0,66
2025-09-28T07:52:51.574Z,60.1,21.1,1.917,49.6,0,60.2,0,0,0,0,0,0,0,0,66
2025-09-28T07:52:52.580Z,60.1,21.1,1.917,50.4,0,60.2,0,0,0,0,0,0,0,0,66
2025-09-28T07:52:53.575Z,60.1,21.1,1.917,49.6,0,60.2,0,0,0,0,0,0,0,0,66
2025-09-28T07:52:54.578Z,60,21.1,1.917,50.4,0,60.2,0,0,0,0,0,0,0,0,66
2025-09-28T07:52:55.577Z,60,21.1,1.917,49.6,0,60.2,0,0,0,0,0,0,0,0,66
2025-09-28T07:52:56.586Z,60,21.1,1.917,50.4,0,60.2,0,0,0,0,0,0,0,0,66
2025-09-28T07:52:57.578Z,60,21.1,1.917,49.6,0,60.2,0,0,0,0,0,0,0,0,66
2025-09-28T07:52:58.581Z,60,21.1,1.917,50.4,0,60.2,0,0,0,0,0,0,0,0,66
2025-09-28T07:52:59.582Z,60,21.1,1.917,49.6,0,60.2,0,0,0,0,0,0,0,0,66
2025-09-28T07:53:00.582Z,60,21.1,1.917,50.4,0,60.2,0,0,0,0,0,0,0,0,66
2025-09-28T07:53:01.588Z,60,21.1,1.917,49.6,0,60.2,0,0,0,0,0,0,0,0,66
2025-09-28T07:53:02.585Z,60,21.1,1.917,50.4,0,60.2,0,0,0,0,0,0,0,0,66
2025-09-28T07:53:03.583Z,60,21.1,1.917,49.6,0,60.2,0,0,0,0,0,0,0,0,66
2025-09-28T07:53:04.590Z,60,21.1,1.917,50.4,0,60.2,0,0,0,0,0,0,0,0,66
2025-09-28T07:53:05.589Z,60,21.1,1.917,49.6,0,60.2,0,0,0,0,0,0,0,0,66
2025-09-28T07:53:06.591Z,60,21.1,1.917,50.4,0,60.2,0,0,0,0,0,0,0,0,66
2025-09-28T07:53:07.590Z,60,21.1,1.917,49.6,0,60.2,0,0,0,0,0,0,0,0,66
2025-09-28T07:53:08.589Z,60,21.1,1.917,49.6,0,60.2,0,0,0,0,0,0,0,0,66
2025-09-28T07:53:09.593Z,60,21.1,1.917,50.4,0,60.2,0,0,0,0,0,0,0,0,66
2025-09-28T07:53:10.591Z,60,21.1,1.918,49.6,0,60.2,0,0,0,0,0,0,0,0,66
2025-09-28T07:53:11.595Z,60,21.1,1.917,50.4,0,60.2,0,0,0,0,0,0,0,0,66
2025-09-28T07:53:12.593Z,60,21.1,1.917,49.6,0,60.2,0,0,0,0,0,0,0,0,66
2025-09-28T07:53:13.606Z,60,21.1,1.916,50.4,0,60.2,0,0,0,0,0,0,0,0,66
2025-09-28T07:53:14.596Z,60,21.1,1.917,49.6,0,60.2,0,0,0,0,0,0,0,0,66
2025-09-28T07:53:15.601Z,60,21.1,1.916,49.6,0,60.2,0,0,0,0,0,0,0,0,66
2025-09-28T07:53:16.602Z,60,21.1,1.916,49.6,0,60.2,0,0,0,0,0,0,0,0,66
2025-09-28T07:53:17.603Z,60,21.1,1.916,50.4,0,60.2,0,0,0,0,0,0,0,0,66
2025-09-28T07:53:18.604Z,60,21.1,1.916,49.6,0,60.2,0,0,0,0,0,0,0,0,66
2025-09-28T07:53:19.603Z,60,21.1,1.916,50.4,0,60.2,0,0,0,0,0,0,0,0,66
2025-09-28T07:53:20.604Z,60,21.1,1.916,49.6,0,60.2,0,0,0,0,0,0,0,0,66
2025-09-28T07:53:21.605Z,60,21.1,1.917,50.4,0,60.2,0,0,0,0,0,0,0,0,66
2025-09-28T07:53:22.602Z,60,21.1,1.918,49.6,0,60.2,0,0,0,0,0,0,0,0,66
2025-09-28T07:53:23.609Z,60,21.1,1.917,50.4,0,60.2,0,0,0,0,0,0,0,0,66
2025-09-28T07:53:24.609Z,60,21.1,1.916,49.6,0,60.2,0,0,0,0,0,0,0,0,66
2025-09-28T07:53:25.602Z,60,21.1,1.917,50.4,0,60.2,0,0,0,0,0,0,0,0,66
2025-09-28T07:53:26.608Z,60,21.1,1.917,49.6,0,60.2,0,0,0,0,0,0,0,0,66
2025-09-28T07:53:27.609Z,60,21.1,1.917,50.4,0,60.2,0,0,0,0,0,0,0,0,66
2025-09-28T07:53:28.612Z,60,21.1,1.917,49.6,0,60.2,0,0,0,0,0,0,0,0,66
2025-09-28T07:53:29.608Z,59.9,21.1,1.917,50.4,0,60.2,0,0,0,0,0,0,0,0,66
2025-09-28T07:53:30.611Z,59.9,21.1,1.917,49.6,0,60.2,0,0,0,0,0,0,0,0,66
2025-09-28T07:53:31.612Z,59.9,21.1,1.917,50.4,0,60.2,0,0,0,0,0,0,0,0,66
2025-09-28T07:53:32.610Z,59.9,21.1,1.917,49.6,0,60.2,0,0,0,0,0,0,0,0,66
2025-09-28T07:53:33.614Z,59.9,21.1,1.917,50.4,0,60.2,0,0,0,0,0,0,0,0,66
2025-09-28T07:53:34.617Z,59.9,21.1,1.917,49.6,0,60.2,0,0,0,0,0,0,0,0,66
2025-09-28T07:53:35.614Z,59.9,21.1,1.917,50.4,0,60.2,0,0,0,0,0,0,0,0,66
2025-09-28T07:53:36.621Z,59.9,21.1,1.917,49.6,0,60.2,0,0,0,0,0,0,0,0,66
2025-09-28T07:53:37.622Z,59.9,21.1,1.917,50.4,0,60.2,0,0,0,0,0,0,0,0,66
2025-09-28T07:53:38.617Z,59.9,21.1,1.917,49.6,0,60.2,0,0,0,0,0,0,0,0,66
2025-09-28T07:53:39.622Z,59.9,21.1,1.917,50.4,0,60.2,0,0,0,0,0,0,0,0,66
2025-09-28T07:53:40.620Z,59.9,21.1,1.917,49.6,0,60.2,0,0,0,0,0,0,0,0,66
2025-09-28T07:53:41.624Z,59.9,21.1,1.917,50.4,0,60.2,0,0,0,0,0,0,0,0,66
2025-09-28T07:53:42.622Z,59.9,21.1,1.917,49.6,0,60.2,0,0,0,0,0,0,0,0,66
2025-09-28T07:53:43.628Z,59.9,21.1,1.918,50.4,0,60.2,0,0,0,0,0,0,0,0,66
2025-09-28T07:53:44.629Z,59.9,21.1,1.918,49.6,0,60.2,0,0,0,0,0,0,0,0,66
2025-09-28T07:53:45.626Z,59.9,21.1,1.917,50.4,0,60.2,0,0,0,0,0,0,0,0,66
2025-09-28T07:53:46.627Z,59.9,21.1,1.918,49.6,0,60.2,0,0,0,0,0,0,0,0,66
2025-09-28T07:53:47.625Z,59.9,21.1,1.918,49.6,0,60.2,0,0,0,0,0,0,0,0,66
2025-09-28T07:53:48.638Z,59.9,21.1,1.918,50.4,0,60.2,0,0,0,0,0,0,0,0,66
2025-09-28T07:53:49.634Z,59.9,21.1,1.918,49.6,0,60.2,0,0,0,0,0,0,0,0,66
2025-09-28T07:53:50.632Z,59.9,21.1,1.918,50.4,0,60.2,0,0,0,0,0,0,0,0,66
2025-09-28T07:53:51.636Z,59.9,21.1,1.919,49.6,0,60.2,0,0,0,0,0,0,0,0,66
2025-09-28T07:53:52.640Z,59.9,21.1,1.919,49.6,0,60.2,0,0,0,0,0,0,0,0,66
2025-09-28T07:53:53.629Z,59.9,21.1,1.917,49.6,0,60.2,0,0,0,0,0,0,0,0,66
2025-09-28T07:53:54.635Z,59.9,21.1,1.918,50.4,0,60.2,0,0,0,0,0,0,0,0,66
2025-09-28T07:53:55.632Z,59.9,21.1,1.919,49.6,0,60.2,0,0,0,0,0,0,0,0,66
2025-09-28T07:53:56.634Z,59.9,21.1,1.919,50.4,0,60.2,0,0,0,0,0,0,0,0,66
2025-09-28T07:53:57.639Z,59.9,21.1,1.919,49.6,0,60.2,0,0,0,0,0,0,0,0,66
2025-09-28T07:53:58.637Z,59.9,21.1,1.919,50.4,0,60.2,0,0,0,0,0,0,0,0,66
2025-09-28T07:53:59.636Z,59.9,21.1,1.919,49.6,0,60.2,0,0,0,0,0,0,0,0,66
2025-09-28T07:54:00.644Z,59.9,21.1,1.918,50.4,0,60.2,0,0,0,0,0,0,0,0,66
2025-09-28T07:54:01.639Z,59.9,21.1,1.919,49.6,0,60.3,0,0,0,0,0,0,0,0,66
2025-09-28T07:54:02.639Z,59.9,21.1,1.919,50.4,0,60.3,0,0,0,0,0,0,0,0,66
2025-09-28T07:54:03.640Z,59.9,21.1,1.919,49.6,0,60.2,0,0,0,0,0,0,0,0,66
2025-09-28T07:54:04.642Z,59.9,21.1,1.918,50.4,0,60.2,0,0,0,0,0,0,0,0,66
2025-09-28T07:54:05.643Z,59.8,21.1,1.919,49.6,0,60.2,0,0,0,0,0,0,0,0,66
2025-09-28T07:54:06.648Z,59.9,21.1,1.919,50.4,0,60.2,0,0,0,0,0,0,0,0,66
2025-09-28T07:54:07.647Z,59.8,21.1,1.919,49.6,0,60.2,0,0,0,0,0,0,0,0,66
2025-09-28T07:54:08.651Z,59.8,21.1,1.919,50.4,0,60.3,0,0,0,0,0,0,0,0,66
2025-09-28T07:54:09.647Z,59.8,21.1,1.919,49.6,0,60.3,0,0,0,0,0,0,0,0,66
2025-09-28T07:54:10.650Z,59.8,21.1,1.919,50.4,0,60.3,0,0,0,0,0,0,0,0,66
2025-09-28T07:54:11.650Z,59.8,21.1,1.919,49.6,0,60.3,0,0,0,0,0,0,0,0,66
2025-09-28T07:54:12.654Z,59.8,21.1,1.919,50.4,0,60.2,0,0,0,0,0,0,0,0,66
2025-09-28T07:54:13.649Z,59.8,21.1,1.919,49.6,0,60.3,0,0,0,0,0,0,0,0,66
2025-09-28T07:54:14.650Z,59.8,21.1,1.919,50.4,0,60.2,0,0,0,0,0,0,0,0,66
2025-09-28T07:54:15.653Z,59.8,21.1,1.919,49.6,0,60.3,0,0,0,0,0,0,0,0,66
2025-09-28T07:54:16.654Z,59.8,21.1,1.919,50.4,0,60.3,0,0,0,0,0,0,0,0,66
2025-09-28T07:54:17.659Z,59.8,21.1,1.918,49.6,0,60.3,0,0,0,0,0,0,0,0,66
2025-09-28T07:54:18.665Z,59.8,21.1,1.918,50.4,0,60.3,0,0,0,0,0,0,0,0,66
2025-09-28T07:54:19.662Z,59.8,21.1,1.918,49.6,0,60.3,0,0,0,0,0,0,0,0,66
2025-09-28T07:54:20.662Z,59.8,21.1,1.918,50.4,0,60.3,0,0,0,0,0,0,0,0,66
2025-09-28T07:54:21.667Z,59.8,21.1,1.918,49.6,0,60.3,0,0,0,0,0,0,0,0,66
2025-09-28T07:54:22.661Z,59.8,21.1,1.918,50.4,0,60.3,0,0,0,0,0,0,0,0,66
2025-09-28T07:54:23.663Z,59.8,21.1,1.918,49.6,0,60.3,0,0,0,0,0,0,0,0,66
2025-09-28T07:54:24.662Z,59.8,21.1,1.918,50.4,0,60.3,0,0,0,0,0,0,0,0,66
2025-09-28T07:54:25.662Z,59.8,21.1,1.918,49.6,0,60.3,0,0,0,0,0,0,0,0,66
2025-09-28T07:54:26.659Z,59.8,21.1,1.918,50.4,0,60.3,0,0,0,0,0,0,0,0,66
2025-09-28T07:54:27.669Z,59.8,21.1,1.918,49.6,0,60.3,0,0,0,0,0,0,0,0,66
2025-09-28T07:54:28.668Z,59.8,21.1,1.918,50.4,0,60.3,0,0,0,0,0,0,0,0,66
2025-09-28T07:54:29.667Z,59.8,21.1,1.918,49.6,0,60.3,0,0,0,0,0,0,0,0,66
2025-09-28T07:54:30.672Z,59.8,21.1,1.918,50.4,0,60.3,0,0,0,0,0,0,0,0,66
2025-09-28T07:54:31.671Z,59.8,21.1,1.918,49.6,0,60.3,0,0,0,0,0,0,0,0,66
2025-09-28T07:54:32.668Z,59.8,21.1,1.918,50.4,0,60.3,0,0,0,0,0,0,0,0,66
2025-09-28T07:54:33.670Z,59.8,21.1,1.918,49.6,0,60.3,0,0,0,0,0,0,0,0,66
2025-09-28T07:54:34.673Z,59.8,21.1,1.918,50.4,0,60.3,0,0,0,0,0,0,0,0,66
2025-09-28T07:54:35.679Z,59.8,21.1,1.919,49.6,0,60.3,0,0,0,0,0,0,0,0,66
2025-09-28T07:54:36.675Z,59.8,21.1,1.918,50.4,0,60.3,0,0,0,0,0,0,0,0,66
2025-09-28T07:54:37.676Z,59.8,21.1,1.918,49.6,0,60.3,0,0,0,0,0,0,0,0,66
2025-09-28T07:54:38.672Z,59.8,21.1,1.918,50.4,0,60.3,0,0,0,0,0,0,0,0,66
2025-09-28T07:54:39.676Z,59.8,21.1,1.918,49.6,0,60.3,0,0,0,0,0,0,0,0,66
2025-09-28T07:54:40.683Z,59.8,21.1,1.919,50.4,0,60.3,0,0,0,0,0,0,0,0,66
2025-09-28T07:54:41.677Z,59.8,21.1,1.918,49.6,0,60.3,0,0,0,0,0,0,0,0,66
2025-09-28T07:54:42.681Z,59.8,21.1,1.918,50.4,0,60.3,0,0,0,0,0,0,0,0,66
2025-09-28T07:54:43.681Z,59.8,21.1,1.918,49.6,0,60.3,0,0,0,0,0,0,0,0,66
2025-09-28T07:54:44.685Z,59.8,21.1,1.919,50.4,0,60.3,0,0,0,0,0,0,0,0,66
2025-09-28T07:54:45.683Z,59.8,21.1,1.918,49.6,0,60.3,0,0,0,0,0,0,0,0,66
2025-09-28T07:54:46.682Z,59.8,21.1,1.918,50.4,0,60.3,0,0,0,0,0,0,0,0,66
2025-09-28T07:54:47.684Z,59.8,21.1,1.918,49.6,0,60.3,0,0,0,0,0,0,0,0,66
2025-09-28T07:54:48.684Z,59.8,21.1,1.918,50.4,0,60.3,0,0,0,0,0,0,0,0,66
2025-09-28T07:54:49.688Z,59.8,21.1,1.919,49.6,0,60.3,0,0,0,0,0,0,0,0,66
2025-09-28T07:54:50.685Z,59.7,21.1,1.918,50.4,0,60.3,0,0,0,0,0,0,0,0,66
2025-09-28T07:54:51.687Z,59.8,21.1,1.919,49.6,0,60.3,0,0,0,0,0,0,0,0,66
2025-09-28T07:54:52.695Z,59.7,21.1,1.919,50.4,0,60.3,0,0,0,0,0,0,0,0,66
2025-09-28T07:54:53.685Z,59.7,21.1,1.919,49.6,0,60.3,0,0,0,0,0,0,0,0,66
2025-09-28T07:54:54.683Z,59.7,21.1,1.918,49.6,0,60.3,0,0,0,0,0,0,0,0,66
2025-09-28T07:54:55.690Z,59.7,21.1,1.919,49.6,0,60.3,0,0,0,0,0,0,0,0,66
2025-09-28T07:54:56.690Z,59.7,21.1,1.919,50.4,0,60.3,0,0,0,0,0,0,0,0,66
2025-09-28T07:54:57.687Z,59.7,21.1,1.918,49.6,0,60.3,0,0,0,0,0,0,0,0,66
2025-09-28T07:54:58.690Z,59.7,21.1,1.919,50.4,0,60.3,0,0,0,0,0,0,0,0,66
2025-09-28T07:54:59.692Z,59.7,21.1,1.919,49.6,0,60.3,0,0,0,0,0,0,0,0,66
2025-09-28T07:55:00.695Z,59.7,21.1,1.919,50.4,0,60.3,0,0,0,0,0,0,0,0,66
2025-09-28T07:55:01.698Z,59.7,21.1,1.919,49.6,0,60.3,0,0,0,0,0,0,0,0,66
2025-09-28T07:55:02.694Z,59.7,21.1,1.919,50.4,0,60.3,0,0,0,0,0,0,0,0,66
2025-09-28T07:55:03.701Z,59.7,21.1,1.919,49.6,0,60.3,0,0,0,0,0,0,0,0,66
2025-09-28T07:55:04.700Z,59.7,21.1,1.919,50.4,0,60.3,0,0,0,0,0,0,0,0,66
2025-09-28T07:55:05.698Z,59.7,21.1,1.919,49.6,0,60.3,0,0,0,0,0,0,0,0,66
2025-09-28T07:55:06.696Z,59.7,21.1,1.919,50.4,0,60.3,0,0,0,0,0,0,0,0,66
2025-09-28T07:55:07.706Z,59.7,21.1,1.919,49.6,0,60.3,0,0,0,0,0,0,0,0,66
2025-09-28T07:55:08.704Z,59.7,21.1,1.919,50.4,0,60.3,0,0,0,0,0,0,0,0,66
2025-09-28T07:55:09.705Z,59.7,21.1,1.919,49.6,0,60.3,0,0,0,0,0,0,0,0,66
2025-09-28T07:55:10.704Z,59.7,21.1,1.919,50.4,0,60.3,0,0,0,0,0,0,0,0,66
2025-09-28T07:55:11.703Z,59.7,21.1,1.919,49.6,0,60.3,0,0,0,0,0,0,0,0,66
2025-09-28T07:55:12.706Z,59.7,21.1,1.919,50.4,0,60.3,0,0,0,0,0,0,0,0,66
2025-09-28T07:55:13.706Z,59.7,21.1,1.919,49.6,0,60.3,0,0,0,0,0,0,0,0,66
2025-09-28T07:55:14.706Z,59.7,21.1,1.919,50.4,0,60.3,0,0,0,0,0,0,0,0,66
2025-09-28T07:55:15.709Z,59.7,21.1,1.919,49.6,0,60.3,0,0,0,0,0,0,0,0,66
2025-09-28T07:55:16.706Z,59.7,21.1,1.919,50.4,0,60.3,0,0,0,0,0,0,0,0,66
2025-09-28T07:55:17.710Z,59.7,21.1,1.919,49.6,0,60.3,0,0,0,0,0,0,0,0,66
2025-09-28T07:55:18.711Z,59.7,21.1,1.918,50.4,0,60.3,0,0,0,0,0,0,0,0,66
2025-09-28T07:55:19.714Z,59.7,21.1,1.918,49.6,0,60.3,0,0,0,0,0,0,0,0,66
2025-09-28T07:55:20.712Z,59.7,21.1,1.918,50.4,0,60.3,0,0,0,0,0,0,0,0,66
2025-09-28T07:55:21.715Z,59.7,21.1,1.918,49.6,0,60.3,0,0,0,0,0,0,0,0,66
2025-09-28T07:55:22.712Z,59.7,21.1,1.918,50.4,0,60.3,0,0,0,0,0,0,0,0,66
2025-09-28T07:55:23.713Z,59.7,21.1,1.918,49.6,0,60.3,0,0,0,0,0,0,0,0,66
2025-09-28T07:55:24.712Z,59.7,21.1,1.918,50.4,0,60.3,0,0,0,0,0,0,0,0,66
2025-09-28T07:55:25.713Z,59.7,21.1,1.918,49.6,0,60.3,0,0,0,0,0,0,0,0,66
2025-09-28T07:55:26.713Z,59.7,21.1,1.918,49.6,0,60.3,0,0,0,0,0,0,0,0,66
2025-09-28T07:55:27.718Z,59.7,21.1,1.918,49.6,0,60.3,0,0,0,0,0,0,0,0,66
2025-09-28T07:55:28.715Z,59.7,21.1,1.918,50.4,0,60.3,0,0,0,0,0,0,0,0,66
2025-09-28T07:55:29.713Z,59.7,21.1,1.919,49.6,0,60.3,0,0,0,0,0,0,0,0,66
2025-09-28T07:55:30.714Z,59.7,21.1,1.919,50.4,0,60.3,0,0,0,0,0,0,0,0,66
2025-09-28T07:55:31.719Z,59.7,21.1,1.918,49.6,0,60.3,0,0,0,0,0,0,0,0,66
2025-09-28T07:55:32.715Z,59.7,21.1,1.919,49.6,0,60.3,0,0,0,0,0,0,0,0,66
2025-09-28T07:55:33.720Z,59.7,21.1,1.918,49.6,0,60.3,0,0,0,0,0,0,0,0,66
2025-09-28T07:55:34.718Z,59.7,21.1,1.919,50.4,0,60.3,0,0,0,0,0,0,0,0,66
2025-09-28T07:55:35.720Z,59.7,21.1,1.919,49.6,0,60.3,0,0,0,0,0,0,0,0,66
2025-09-28T07:55:36.722Z,59.7,21.1,1.919,50.4,0,60.3,0,0,0,0,0,0,0,0,66
2025-09-28T07:55:37.723Z,59.7,21.1,1.919,49.6,0,60.3,0,0,0,0,0,0,0,0,66
2025-09-28T07:55:38.724Z,59.7,21.1,1.918,50.4,0,60.3,0,0,0,0,0,0,0,0,66
2025-09-28T07:55:39.724Z,59.7,21.1,1.919,49.6,0,60.3,0,0,0,0,0,0,0,0,66
2025-09-28T07:55:40.724Z,59.7,21.1,1.919,50.4,0,60.3,0,0,0,0,0,0,0,0,66
2025-09-28T07:55:41.726Z,59.7,21.1,1.918,49.6,0,60.3,0,0,0,0,0,0,0,0,66
2025-09-28T07:55:42.726Z,59.7,21.1,1.918,50.4,0,60.3,0,0,0,0,0,0,0,0,66
2025-09-28T07:55:43.729Z,59.7,21.1,1.918,49.6,0,60.3,0,0,0,0,0,0,0,0,66
2025-09-28T07:55:44.730Z,59.7,21.1,1.919,50.4,0,60.3,0,0,0,0,0,0,0,0,66
2025-09-28T07:55:45.729Z,59.7,21.1,1.919,49.6,0,60.3,0,0,0,0,0,0,0,0,66
2025-09-28T07:55:46.730Z,59.7,21.1,1.919,50.4,0,60.3,0,0,0,0,0,0,0,0,66
2025-09-28T07:55:47.733Z,59.7,21.1,1.919,49.6,0,60.3,0,0,0,0,0,0,0,0,66
2025-09-28T07:55:48.733Z,59.6,21.1,1.919,50.4,0,60.3,0,0,0,0,0,0,0,0,66
2025-09-28T07:55:49.736Z,59.6,21.1,1.919,49.6,0,60.3,0,0,0,0,0,0,0,0,66
2025-09-28T07:55:50.738Z,59.6,21.1,1.919,50.4,0,60.3,0,0,0,0,0,0,0,0,66
2025-09-28T07:55:51.736Z,59.6,21.1,1.919,49.6,0,60.3,0,0,0,0,0,0,0,0,66
2025-09-28T07:55:52.744Z,59.6,21.1,1.92,50.4,0,60.3,0,0,0,0,0,0,0,0,66
2025-09-28T07:55:53.742Z,59.6,21.1,1.92,49.6,0,60.3,0,0,0,0,0,0,0,0,66
2025-09-28T07:55:54.739Z,59.6,21.1,1.919,50.4,0,60.3,0,0,0,0,0,0,0,0,66
2025-09-28T07:55:55.739Z,59.6,21.1,1.919,49.6,0,60.3,0,0,0,0,0,0,0,0,66
2025-09-28T07:55:56.742Z,59.6,21.1,1.92,50.4,0,60.3,0,0,0,0,0,0,0,0,66
2025-09-28T07:55:57.738Z,59.6,21.1,1.919,49.6,0,60.3,0,0,0,0,0,0,0,0,66
2025-09-28T07:55:58.746Z,59.6,21.1,1.92,50.4,0,60.3,0,0,0,0,0,0,0,0,66
2025-09-28T07:55:59.746Z,59.6,21.1,1.92,49.6,0,60.3,0,0,0,0,0,0,0,0,66
2025-09-28T07:56:00.743Z,59.6,21.1,1.92,50.4,0,60.3,0,0,0,0,0,0,0,0,66
2025-09-28T07:56:01.744Z,59.6,21.1,1.92,49.6,0,60.3,0,0,0,0,0,0,0,0,66
2025-09-28T07:56:02.756Z,59.6,21.1,1.92,50.4,0,60.3,0,0,0,0,0,0,0,0,66
2025-09-28T07:56:03.744Z,59.6,21.1,1.92,50.4,0,60.2,0,0,0,0,0,0,0,0,66
2025-09-28T07:56:04.753Z,59.6,21.1,1.92,49.6,0,60.2,0,0,0,0,0,0,0,0,66
2025-09-28T07:56:05.750Z,59.6,21.1,1.92,49.6,0,60.2,0,0,0,0,0,0,0,0,66
2025-09-28T07:56:06.748Z,59.6,21.1,1.92,50.4,0,60.2,0,0,0,0,0,0,0,0,66
2025-09-28T07:56:07.751Z,59.6,21.1,1.92,49.6,0,60.3,0,0,0,0,0,0,0,0,66
2025-09-28T07:56:08.760Z,59.6,21.1,1.919,50.4,0,60.2,0,0,0,0,0,0,0,0,66
2025-09-28T07:56:09.756Z,59.6,21.1,1.92,49.6,0,60.2,0,0,0,0,0,0,0,0,66
2025-09-28T07:56:10.754Z,59.6,21.1,1.92,50.4,0,60.2,0,0,0,0,0,0,0,0,66
2025-09-28T07:56:11.763Z,59.6,21.1,1.919,49.6,0,60.2,0,0,0,0,0,0,0,0,66
2025-09-28T07:56:12.763Z,59.6,21.1,1.919,50.4,0,60.2,0,0,0,0,0,0,0,0,66
2025-09-28T07:56:13.751Z,59.6,21.1,1.92,49.6,0,60.2,0,0,0,0,0,0,0,0,66
2025-09-28T07:56:14.761Z,59.6,21.1,1.92,50.4,0,60.2,0,0,0,0,0,0,0,0,66
2025-09-28T07:56:15.755Z,59.6,21.1,1.92,49.6,0,60.2,0,0,0,0,0,0,0,0,66
2025-09-28T07:56:16.757Z,59.6,21.1,1.92,50.4,0,60.2,0,0,0,0,0,0,0,0,66
2025-09-28T07:56:17.766Z,59.6,21.1,1.919,49.6,0,60.2,0,0,0,0,0,0,0,0,66
2025-09-28T07:56:18.761Z,59.6,21.1,1.92,49.6,0,60.2,0,0,0,0,0,0,0,0,66
2025-09-28T07:56:19.766Z,59.6,21.1,1.92,50.4,0,60.2,0,0,0,0,0,0,0,0,66
2025-09-28T07:56:20.772Z,59.6,21.1,1.92,49.6,0,60.2,0,0,0,0,0,0,0,0,66
2025-09-28T07:56:21.765Z,59.6,21.1,1.92,49.6,0,60.2,0,0,0,0,0,0,0,0,66
2025-09-28T07:56:22.765Z,59.6,21.1,1.92,50.4,0,60.2,0,0,0,0,0,0,0,0,66
2025-09-28T07:56:23.766Z,59.6,21.1,1.92,49.6,0,60.2,0,0,0,0,0,0,0,0,66
2025-09-28T07:56:24.763Z,59.6,21.1,1.92,50.4,0,60.2,0,0,0,0,0,0,0,0,66
2025-09-28T07:56:25.770Z,59.6,21.1,1.92,49.6,0,60.2,0,0,0,0,0,0,0,0,66
2025-09-28T07:56:26.767Z,59.6,21.1,1.919,50.4,0,60.2,0,0,0,0,0,0,0,0,66
2025-09-28T07:56:27.768Z,59.6,21.1,1.919,49.6,0,60.2,0,0,0,0,0,0,0,0,66
2025-09-28T07:56:28.771Z,59.6,21.1,1.92,49.6,0,60.2,0,0,0,0,0,0,0,0,66
2025-09-28T07:56:29.769Z,59.6,21.1,1.919,49.6,0,60.2,0,0,0,0,0,0,0,0,66
2025-09-28T07:56:30.769Z,59.6,21.1,1.92,50.4,0,60.2,0,0,0,0,0,0,0,0,66
2025-09-28T07:56:31.770Z,59.6,21.1,1.92,49.6,0,60.2,0,0,0,0,0,0,0,0,66
2025-09-28T07:56:32.776Z,59.6,21.1,1.919,50.4,0,60.2,0,0,0,0,0,0,0,0,66
2025-09-28T07:56:33.777Z,59.6,21.1,1.92,49.6,0,60.2,0,0,0,0,0,0,0,0,66
2025-09-28T07:56:34.779Z,59.6,21.1,1.92,50.4,0,60.2,0,0,0,0,0,0,0,0,66
2025-09-28T07:56:35.780Z,59.6,21.1,1.92,49.6,0,60.2,0,0,0,0,0,0,0,0,66
2025-09-28T07:56:36.781Z,59.6,21.1,1.919,50.4,0,60.2,0,0,0,0,0,0,0,0,66
2025-09-28T07:56:37.775Z,59.6,21.1,1.92,49.6,0,60.2,0,0,0,0,0,0,0,0,66
2025-09-28T07:56:38.775Z,59.6,21.1,1.92,50.4,0,60.2,0,0,0,0,0,0,0,0,66
2025-09-28T07:56:39.783Z,59.6,21.1,1.919,49.6,0,60.2,0,0,0,0,0,0,0,0,66
2025-09-28T07:56:40.782Z,59.6,21.1,1.92,50.4,0,60.2,0,0,0,0,0,0,0,0,66
2025-09-28T07:56:41.785Z,59.6,21.1,1.92,49.6,0,60.2,0,0,0,0,0,0,0,0,66
2025-09-28T07:56:42.780Z,59.6,21.1,1.92,50.4,0,60.2,0,0,0,0,0,0,0,0,66
2025-09-28T07:56:43.780Z,59.6,21.1,1.92,49.6,0,60.2,0,0,0,0,0,0,0,0,66
2025-09-28T07:56:44.783Z,59.6,21.1,1.92,50.4,0,60.2,0,0,0,0,0,0,0,0,66
2025-09-28T07:56:45.781Z,59.6,21.1,1.92,49.6,0,60.2,0,0,0,0,0,0,0,0,66
2025-09-28T07:56:46.787Z,59.6,21.1,1.92,50.4,0,60.2,0,0,0,0,0,0,0,0,66
2025-09-28T07:56:47.785Z,59.6,21.1,1.92,49.6,0,60.2,0,0,0,0,0,0,0,0,66
2025-09-28T07:56:48.785Z,59.6,21.1,1.92,50.4,0,60.2,0,0,0,0,0,0,0,0,66
2025-09-28T07:56:49.795Z,59.6,21.1,1.92,49.6,0,60.2,0,0,0,0,0,0,0,0,66
2025-09-28T07:56:50.793Z,59.6,21.1,1.92,50.4,0,60.2,0,0,0,0,0,0,0,0,66
2025-09-28T07:56:51.789Z,59.6,21.1,1.92,49.6,0,60.2,0,0,0,0,0,0,0,0,66
2025-09-28T07:56:52.791Z,59.6,21.1,1.92,50.4,0,60.2,0,0,0,0,0,0,0,0,66
2025-09-28T07:56:53.788Z,59.6,21.1,1.92,49.6,0,60.2,0,0,0,0,0,0,0,0,66
2025-09-28T07:56:54.790Z,59.6,21.1,1.92,50.4,0,60.2,0,0,0,0,0,0,0,0,66
2025-09-28T07:56:55.792Z,59.6,21.1,1.92,49.6,0,60.2,0,0,0,0,0,0,0,0,66
2025-09-28T07:56:56.797Z,59.6,21.1,1.92,50.4,0,60.2,0,0,0,0,0,0,0,0,66
2025-09-28T07:56:57.794Z,59.6,21.1,1.92,49.6,0,60.2,0,0,0,0,0,0,0,0,66
2025-09-28T07:56:58.793Z,59.5,21.1,1.92,50.4,0,60.2,0,0,0,0,0,0,0,0,66
2025-09-28T07:56:59.798Z,59.6,21.1,1.92,49.6,0,60.2,0,0,0,0,0,0,0,0,66
2025-09-28T07:57:00.797Z,59.6,21.1,1.92,50.4,0,60.2,0,0,0,0,0,0,0,0,66
2025-09-28T07:57:01.800Z,59.6,21.1,1.92,49.6,0,60.2,0,0,0,0,0,0,0,0,66
2025-09-28T07:57:02.798Z,59.6,21.1,1.92,50.4,0,60.2,0,0,0,0,0,0,0,0,66
2025-09-28T07:57:03.801Z,59.6,21.1,1.92,49.6,0,60.2,0,0,0,0,0,0,0,0,66
2025-09-28T07:57:04.809Z,59.5,21.1,1.92,49.6,0,60.2,0,0,0,0,0,0,0,0,66
2025-09-28T07:57:05.802Z,59.6,21.1,1.92,49.6,0,60.1,0,0,0,0,0,0,0,0,66
2025-09-28T07:57:06.801Z,59.5,21.1,1.92,50.4,0,60.1,0,0,0,0,0,0,0,0,66
2025-09-28T07:57:07.800Z,59.6,21.1,1.92,49.6,0,60.1,0,0,0,0,0,0,0,0,66
2025-09-28T07:57:08.808Z,59.5,21.1,1.92,50.4,0,60.1,0,0,0,0,0,0,0,0,66
2025-09-28T07:57:09.800Z,59.5,21.1,1.92,49.6,0,60.1,0,0,0,0,0,0,0,0,66
2025-09-28T07:57:10.803Z,59.5,21.1,1.92,50.4,0,60.1,0,0,0,0,0,0,0,0,66
2025-09-28T07:57:11.807Z,59.5,21.1,1.92,49.6,0,60.1,0,0,0,0,0,0,0,0,66
2025-09-28T07:57:12.807Z,59.5,21.1,1.92,50.4,0,60.1,0,0,0,0,0,0,0,0,66
2025-09-28T07:57:13.809Z,59.5,21.1,1.92,49.6,0,60.1,0,0,0,0,0,0,0,0,66
2025-09-28T07:57:14.813Z,59.5,21.1,1.92,50.4,0,60.1,0,0,0,0,0,0,0,0,66
2025-09-28T07:57:15.811Z,59.5,21.1,1.92,49.6,0,60.1,0,0,0,0,0,0,0,0,66
2025-09-28T07:57:16.812Z,59.5,21.1,1.92,50.4,0,60.2,0,0,0,0,0,0,0,0,66
2025-09-28T07:57:17.813Z,59.5,21.1,1.92,49.6,0,60.1,0,0,0,0,0,0,0,0,66
2025-09-28T07:57:18.814Z,59.5,21.1,1.92,50.4,0,60.1,0,0,0,0,0,0,0,0,66
2025-09-28T07:57:19.817Z,59.5,21.1,1.92,49.6,0,60.1,0,0,0,0,0,0,0,0,66
2025-09-28T07:57:20.813Z,59.5,21.1,1.92,50.4,0,60.1,0,0,0,0,0,0,0,0,66
2025-09-28T07:57:21.814Z,59.5,21.1,1.92,49.6,0,60.1,0,0,0,0,0,0,0,0,66
2025-09-28T07:57:22.816Z,59.5,21.1,1.92,50.4,0,60.1,0,0,0,0,0,0,0,0,66
2025-09-28T07:57:23.818Z,59.6,21.1,1.92,49.6,0,60.1,0,0,0,0,0,0,0,0,66
2025-09-28T07:57:24.818Z,59.5,21.1,1.92,50.4,0,60.1,0,0,0,0,0,0,0,0,66
2025-09-28T07:57:25.817Z,59.5,21.1,1.92,49.6,0,60.1,0,0,0,0,0,0,0,0,66
2025-09-28T07:57:26.819Z,59.5,21.1,1.92,50.4,0,60.1,0,0,0,0,0,0,0,0,66
2025-09-28T07:57:27.829Z,59.5,21.1,1.92,49.6,0,60.1,0,0,0,0,0,0,0,0,66
2025-09-28T07:57:28.821Z,59.5,21.1,1.92,50.4,0,60.1,0,0,0,0,0,0,0,0,66
2025-09-28T07:57:29.819Z,59.5,21.1,1.92,49.6,0,60.1,0,0,0,0,0,0,0,0,66
2025-09-28T07:57:30.826Z,59.5,21.1,1.92,50.4,0,60.1,0,0,0,0,0,0,0,0,66
2025-09-28T07:57:31.825Z,59.5,21.1,1.92,49.6,0,60.1,0,0,0,0,0,0,0,0,66
2025-09-28T07:57:32.824Z,59.5,21.1,1.92,49.6,0,60.1,0,0,0,0,0,0,0,0,66
2025-09-28T07:57:33.825Z,59.5,21.1,1.92,49.6,0,60.1,0,0,0,0,0,0,0,0,66
2025-09-28T07:57:34.824Z,59.5,21.1,1.92,50.4,0,60.1,0,0,0,0,0,0,0,0,66
2025-09-28T07:57:35.830Z,59.5,21.1,1.92,49.6,0,60.1,0,0,0,0,0,0,0,0,66
2025-09-28T07:57:36.831Z,59.5,21.1,1.92,49.6,0,60.1,0,0,0,0,0,0,0,0,66
2025-09-28T07:57:37.828Z,59.5,21.1,1.92,49.6,0,60.1,0,0,0,0,0,0,0,0,66
2025-09-28T07:57:38.827Z,59.5,21.1,1.92,50.4,0,60.1,0,0,0,0,0,0,0,0,66
2025-09-28T07:57:39.828Z,59.5,21.1,1.92,49.6,0,60.1,0,0,0,0,0,0,0,0,66
2025-09-28T07:57:40.835Z,59.5,21.1,1.92,50.4,0,60.1,0,0,0,0,0,0,0,0,66
2025-09-28T07:57:41.835Z,59.5,21.1,1.92,49.6,0,60.1,0,0,0,0,0,0,0,0,66
2025-09-28T07:57:42.832Z,59.5,21.1,1.92,50.4,0,60.1,0,0,0,0,0,0,0,0,66
2025-09-28T07:57:43.837Z,59.5,21.1,1.92,49.6,0,60.1,0,0,0,0,0,0,0,0,66
2025-09-28T07:57:44.832Z,59.5,21.1,1.92,50.4,0,60.1,0,0,0,0,0,0,0,0,66
2025-09-28T07:57:45.839Z,59.5,21.1,1.92,49.6,0,60.1,0,0,0,0,0,0,0,0,66
2025-09-28T07:57:46.835Z,59.6,21.1,1.92,50.4,0,60.1,0,0,0,0,0,0,0,0,66
2025-09-28T07:57:47.837Z,59.5,21.1,1.92,49.6,0,60.1,0,0,0,0,0,0,0,0,66
2025-09-28T07:57:48.839Z,59.5,21.1,1.92,50.4,0,60.1,0,0,0,0,0,0,0,0,66
2025-09-28T07:57:49.839Z,59.5,21.1,1.92,49.6,0,60.1,0,0,0,0,0,0,0,0,66
2025-09-28T07:57:50.844Z,59.5,21.1,1.919,50.4,0,60.1,0,0,0,0,0,0,0,0,66
2025-09-28T07:57:51.842Z,59.5,21.1,1.92,49.6,0,60.1,0,0,0,0,0,0,0,0,66
2025-09-28T07:57:52.840Z,59.5,21.1,1.92,49.6,0,60.1,0,0,0,0,0,0,0,0,66
2025-09-28T07:57:53.837Z,59.5,21.1,1.92,49.6,0,60.1,0,0,0,0,0,0,0,0,66
2025-09-28T07:57:54.839Z,59.5,21.1,1.92,50.4,0,60.1,0,0,0,0,0,0,0,0,66
2025-09-28T07:57:55.839Z,59.5,21.1,1.919,50.4,0,60.1,0,0,0,0,0,0,0,0,66
2025-09-28T07:57:56.845Z,59.5,21.1,1.92,49.6,0,60.1,0,0,0,0,0,0,0,0,66
2025-09-28T07:57:57.839Z,59.6,21.1,1.92,49.6,0,60.1,0,0,0,0,0,0,0,0,66
2025-09-28T07:57:58.850Z,59.5,21.1,1.92,49.6,0,60.1,0,0,0,0,0,0,0,0,66
2025-09-28T07:57:59.843Z,59.5,21.1,1.92,50.4,0,60.1,0,0,0,0,0,0,0,0,66
2025-09-28T07:58:00.845Z,59.5,21.1,1.919,49.6,0,60.1,0,0,0,0,0,0,0,0,66
2025-09-28T07:58:01.846Z,59.5,21.1,1.92,50.4,0,60.1,0,0,0,0,0,0,0,0,66
2025-09-28T07:58:02.851Z,59.5,21.1,1.92,49.6,0,60.1,0,0,0,0,0,0,0,0,66
2025-09-28T07:58:03.850Z,59.5,21.1,1.92,50.4,0,60.1,0,0,0,0,0,0,0,0,66
2025-09-28T07:58:04.850Z,59.6,21.1,1.92,49.6,0,60.1,0,0,0,0,0,0,0,0,66
2025-09-28T07:58:05.853Z,59.5,21.1,1.92,50.4,0,60.1,0,0,0,0,0,0,0,0,66
2025-09-28T07:58:06.849Z,59.6,21.1,1.92,49.6,0,60.1,0,0,0,0,0,0,0,0,66
2025-09-28T07:58:07.854Z,59.5,21.1,1.92,50.4,0,60.1,0,0,0,0,0,0,0,0,66
2025-09-28T07:58:08.853Z,59.5,21.1,1.92,49.6,0,60.1,0,0,0,0,0,0,0,0,66
2025-09-28T07:58:09.851Z,59.6,21.1,1.92,50.4,0,60.1,0,0,0,0,0,0,0,0,66
2025-09-28T07:58:10.853Z,59.6,21.1,1.92,49.6,0,60.1,0,0,0,0,0,0,0,0,66
2025-09-28T07:58:11.854Z,59.6,21.1,1.919,49.6,0,60.1,0,0,0,0,0,0,0,0,66
2025-09-28T07:58:12.862Z,59.6,21.1,1.92,49.6,0,60.1,0,0,0,0,0,0,0,0,66
2025-09-28T07:58:13.861Z,59.6,21.1,1.92,50.4,0,60.1,0,0,0,0,0,0,0,0,66
2025-09-28T07:58:14.858Z,59.6,21.1,1.92,49.6,0,60.1,0,0,0,0,0,0,0,0,66
2025-09-28T07:58:15.862Z,59.6,21.1,1.92,49.6,0,60.1,0,0,0,0,0,0,0,0,66
2025-09-28T07:58:16.863Z,59.6,21.1,1.92,50.4,0,60.1,0,0,0,0,0,0,0,0,66
2025-09-28T07:58:17.862Z,59.6,21.1,1.92,50.4,0,60.1,0,0,0,0,0,0,0,0,66
2025-09-28T07:58:18.862Z,59.6,21.1,1.92,49.6,0,60.1,0,0,0,0,0,0,0,0,66
2025-09-28T07:58:19.866Z,59.6,21.1,1.92,50.4,0,60.1,0,0,0,0,0,0,0,0,66
2025-09-28T07:58:20.867Z,59.6,21.1,1.92,49.6,0,60.1,0,0,0,0,0,0,0,0,66
2025-09-28T07:58:21.869Z,59.6,21.1,1.92,50.4,0,60,0,0,0,0,0,0,0,0,66
2025-09-28T07:58:22.868Z,59.6,21.1,1.92,49.6,0,60,0,0,0,0,0,0,0,0,66
2025-09-28T07:58:23.868Z,59.6,21.1,1.92,50.4,0,60,0,0,0,0,0,0,0,0,66
2025-09-28T07:58:24.875Z,59.6,21.1,1.92,49.6,0,60,0,0,0,0,0,0,0,0,66
2025-09-28T07:58:25.870Z,59.6,21.1,1.92,50.4,0,60,0,0,0,0,0,0,0,0,66
2025-09-28T07:58:26.866Z,59.6,21.1,1.92,49.6,0,60,0,0,0,0,0,0,0,0,66
2025-09-28T07:58:27.875Z,59.6,21.1,1.92,50.4,0,60,0,0,0,0,0,0,0,0,66
2025-09-28T07:58:28.882Z,59.6,21.1,1.919,49.6,0,60,0,0,0,0,0,0,0,0,66
2025-09-28T07:58:29.872Z,59.6,21.1,1.92,50.4,0,60,0,0,0,0,0,0,0,0,66
2025-09-28T07:58:30.876Z,59.6,21.1,1.92,49.6,0,60,0,0,0,0,0,0,0,0,66
2025-09-28T07:58:31.874Z,59.6,21.1,1.92,49.6,0,60,0,0,0,0,0,0,0,0,66
2025-09-28T07:58:32.880Z,59.6,21.1,1.92,50.4,0,60,0,0,0,0,0,0,0,0,66
2025-09-28T07:58:33.880Z,59.6,21.1,1.92,49.6,0,60,0,0,0,0,0,0,0,0,66
2025-09-28T07:58:34.880Z,59.6,21.1,1.92,50.4,0,60,0,0,0,0,0,0,0,0,66
2025-09-28T07:58:35.880Z,59.6,21.1,1.92,49.6,0,60,0,0,0,0,0,0,0,0,66
2025-09-28T07:58:36.880Z,59.6,21.1,1.92,50.4,0,60,0,0,0,0,0,0,0,0,66
2025-09-28T07:58:37.881Z,59.6,21.1,1.92,49.6,0,60,0,0,0,0,0,0,0,0,66
2025-09-28T07:58:38.882Z,59.6,21.1,1.92,49.6,0,60,0,0,0,0,0,0,0,0,66
2025-09-28T07:58:39.888Z,59.6,21.1,1.919,50.4,0,60,0,0,0,0,0,0,0,0,66
2025-09-28T07:58:40.892Z,59.6,21.1,1.919,49.6,0,60,0,0,0,0,0,0,0,0,66
2025-09-28T07:58:41.890Z,59.6,21.1,1.919,50.4,0,60,0,0,0,0,0,0,0,0,66
2025-09-28T07:58:42.886Z,59.6,21.1,1.92,50.4,0,60,0,0,0,0,0,0,0,0,66
2025-09-28T07:58:43.890Z,59.6,21.1,1.919,49.6,0,60,0,0,0,0,0,0,0,0,66
2025-09-28T07:58:44.888Z,59.6,21.1,1.92,49.6,0,60,0,0,0,0,0,0,0,0,66
2025-09-28T07:58:45.888Z,59.6,21.1,1.919,49.6,0,60,0,0,0,0,0,0,0,0,66
2025-09-28T07:58:46.890Z,59.6,21.1,1.919,50.4,0,60,0,0,0,0,0,0,0,0,66
2025-09-28T07:58:47.896Z,59.6,21.1,1.919,49.6,0,60,0,0,0,0,0,0,0,0,66
2025-09-28T07:58:48.895Z,59.6,21.1,1.919,49.6,0,60,0,0,0,0,0,0,0,0,66
2025-09-28T07:58:49.895Z,59.6,21.1,1.919,50.4,0,60,0,0,0,0,0,0,0,0,66
2025-09-28T07:58:50.905Z,59.6,21.1,1.92,49.6,0,60,0,0,0,0,0,0,0,0,66
2025-09-28T07:58:51.892Z,59.7,21.1,1.918,49.6,0,60,0,0,0,0,0,0,0,0,66
2025-09-28T07:58:52.900Z,59.7,21.1,1.918,50.4,0,60,0,0,0,0,0,0,0,0,66
2025-09-28T07:58:53.900Z,59.7,21.1,1.919,49.6,0,60,0,0,0,0,0,0,0,0,66
2025-09-28T07:58:54.893Z,59.7,21.1,1.918,49.6,0,60,0,0,0,0,0,0,0,0,66
2025-09-28T07:58:55.894Z,59.7,21.1,1.918,50.4,0,60,0,0,0,0,0,0,0,0,66
2025-09-28T07:58:56.899Z,59.7,21.1,1.918,49.6,0,60,0,0,0,0,0,0,0,0,66
2025-09-28T07:58:57.901Z,59.7,21.1,1.918,49.6,0,60,0,0,0,0,0,0,0,0,66
2025-09-28T07:58:58.900Z,59.7,21.1,1.918,50.4,0,60,0,0,0,0,0,0,0,0,66
2025-09-28T07:58:59.907Z,59.7,21.1,1.919,50.4,0,60,0,0,0,0,0,0,0,0,66
2025-09-28T07:59:00.901Z,59.7,21.1,1.918,49.6,0,60,0,0,0,0,0,0,0,0,66
2025-09-28T07:59:01.900Z,59.7,21.1,1.918,50.4,0,60,0,0,0,0,0,0,0,0,66
2025-09-28T07:59:02.899Z,59.7,21.1,1.918,50.4,0,60,0,0,0,0,0,0,0,0,66
2025-09-28T07:59:03.903Z,59.7,21.1,1.918,49.6,0,60,0,0,0,0,0,0,0,0,66
2025-09-28T07:59:04.901Z,59.7,21.1,1.918,50.4,0,60,0,0,0,0,0,0,0,0,66
2025-09-28T07:59:05.907Z,59.7,21.1,1.918,49.6,0,60,0,0,0,0,0,0,0,0,66
2025-09-28T07:59:06.901Z,59.7,21.1,1.918,50.4,0,60,0,0,0,0,0,0,0,0,66
2025-09-28T07:59:07.905Z,59.7,21.1,1.918,49.6,0,60,0,0,0,0,0,0,0,0,66
2025-09-28T07:59:08.909Z,59.7,21.1,1.918,50.4,0,60,0,0,0,0,0,0,0,0,66
2025-09-28T07:59:09.913Z,59.7,21.1,1.919,49.6,0,60,0,0,0,0,0,0,0,0,66
2025-09-28T07:59:10.907Z,59.7,21.1,1.918,49.6,0,60,0,0,0,0,0,0,0,0,66
2025-09-28T07:59:11.913Z,59.8,21.1,1.919,50.4,0,60,0,0,0,0,0,0,0,0,66
2025-09-28T07:59:12.915Z,59.8,21.1,1.919,49.6,0,60,0,0,0,0,0,0,0,0,66
2025-09-28T07:59:13.910Z,59.8,21.1,1.918,49.6,0,60,0,0,0,0,0,0,0,0,66
2025-09-28T07:59:14.911Z,59.8,21.1,1.918,50.4,0,60,0,0,0,0,0,0,0,0,66
2025-09-28T07:59:15.917Z,59.8,21.1,1.919,50.4,0,60,0,0,0,0,0,0,0,0,66
2025-09-28T07:59:16.920Z,59.8,21.1,1.919,49.6,0,60,0,0,0,0,0,0,0,0,66
2025-09-28T07:59:17.915Z,59.8,21.1,1.919,50.4,0,60,0,0,0,0,0,0,0,0,66
2025-09-28T07:59:18.914Z,59.8,21.1,1.918,49.6,0,60,0,0,0,0,0,0,0,0,66
2025-09-28T07:59:19.916Z,59.8,21.1,1.919,50.4,0,60,0,0,0,0,0,0,0,0,66
2025-09-28T07:59:20.925Z,59.8,21.1,1.919,49.6,0,60,0,0,0,0,0,0,0,0,66
2025-09-28T07:59:21.936Z,59.8,21.1,1.918,49.6,0,60,0,0,0,0,0,0,0,0,66
2025-09-28T07:59:22.923Z,59.8,21.1,1.919,50.4,0,60,0,0,0,0,0,0,0,0,66
2025-09-28T07:59:23.925Z,59.8,21.1,1.919,49.6,0,60,0,0,0,0,0,0,0,0,66
2025-09-28T07:59:24.923Z,59.8,21.1,1.919,50.4,0,60,0,0,0,0,0,0,0,0,66
2025-09-28T07:59:25.927Z,59.8,21.1,1.919,50.4,0,60,0,0,0,0,0,0,0,0,66
2025-09-28T07:59:26.927Z,59.8,21.1,1.919,49.6,0,60,0,0,0,0,0,0,0,0,66
2025-09-28T07:59:27.930Z,59.8,21.1,1.919,49.6,0,60,0,0,0,0,0,0,0,0,66
2025-09-28T07:59:28.926Z,59.8,21.1,1.919,49.6,0,60,0,0,0,0,0,0,0,0,66
2025-09-28T07:59:29.930Z,59.8,21.1,1.919,50.4,0,60,0,0,0,0,0,0,0,0,66
2025-09-28T07:59:30.942Z,59.8,21.1,1.918,50.4,0,60,0,0,0,0,0,0,0,0,66
2025-09-28T07:59:31.932Z,59.8,21.1,1.919,49.6,0,60,0,0,0,0,0,0,0,0,66
2025-09-28T07:59:32.931Z,59.8,21.1,1.919,50.4,0,60,0,0,0,0,0,0,0,0,66
2025-09-28T07:59:33.934Z,59.8,21.1,1.919,49.6,0,60,0,0,0,0,0,0,0,0,66
2025-09-28T07:59:34.936Z,59.8,21.1,1.919,50.4,0,60,0,0,0,0,0,0,0,0,66
2025-09-28T07:59:35.936Z,59.8,21.1,1.919,49.6,0,60,0,0,0,0,0,0,0,0,66
2025-09-28T07:59:36.938Z,59.8,21.1,1.919,49.6,0,60,0,0,0,0,0,0,0,0,66
2025-09-28T07:59:37.939Z,59.9,21.1,1.919,50.4,0,60,0,0,0,0,0,0,0,0,66
2025-09-28T07:59:38.936Z,59.9,21.1,1.918,49.6,0,60,0,0,0,0,0,0,0,0,66
2025-09-28T07:59:39.937Z,59.9,21.1,1.919,50.4,0,60,0,0,0,0,0,0,0,0,66
2025-09-28T07:59:40.939Z,59.9,21.1,1.918,50.4,0,60,0,0,0,0,0,0,0,0,66
2025-09-28T07:59:41.940Z,59.9,21.1,1.918,49.6,0,60,0,0,0,0,0,0,0,0,66
2025-09-28T07:59:42.941Z,59.9,21.1,1.918,50.4,0,60,0,0,0,0,0,0,0,0,66
2025-09-28T07:59:43.946Z,59.9,21.1,1.918,49.6,0,60,0,0,0,0,0,0,0,0,66
2025-09-28T07:59:44.942Z,59.9,21.1,1.918,50.4,0,60,0,0,0,0,0,0,0,0,66
2025-09-28T07:59:45.945Z,59.9,21.1,1.918,49.6,0,59.9,0,0,0,0,0,0,0,0,66
2025-09-28T07:59:46.945Z,59.9,21.1,1.918,50.4,0,59.9,0,0,0,0,0,0,0,0,66
2025-09-28T07:59:47.947Z,59.9,21.1,1.918,50.4,0,59.9,0,0,0,0,0,0,0,0,66
2025-09-28T07:59:48.947Z,59.9,21.1,1.918,49.6,0,59.9,0,0,0,0,0,0,0,0,66
2025-09-28T07:59:49.947Z,59.9,21.1,1.918,49.6,0,59.9,0,0,0,0,0,0,0,0,66
2025-09-28T07:59:50.951Z,59.9,21.1,1.918,50.4,0,59.9,0,0,0,0,0,0,0,0,66
2025-09-28T07:59:51.948Z,59.9,21.1,1.918,50.4,0,59.9,0,0,0,0,0,0,0,0,66
2025-09-28T07:59:52.953Z,59.9,21.1,1.918,49.6,0,59.9,0,0,0,0,0,0,0,0,66
2025-09-28T07:59:53.949Z,59.9,21.1,1.918,49.6,0,59.9,0,0,0,0,0,0,0,0,66
2025-09-28T07:59:54.948Z,59.9,21.1,1.918,50.4,0,59.9,0,0,0,0,0,0,0,0,66
2025-09-28T07:59:55.951Z,59.9,21.1,1.918,50.4,0,59.9,0,0,0,0,0,0,0,0,66
2025-09-28T07:59:56.955Z,59.9,21.1,1.918,49.6,0,59.9,0,0,0,0,0,0,0,0,66
2025-09-28T07:59:57.952Z,60,21.1,1.918,50.4,0,59.9,0,0,0,0,0,0,0,0,66
2025-09-28T07:59:58.954Z,60,21.1,1.918,49.6,0,59.9,0,0,0,0,0,0,0,0,66
2025-09-28T07:59:59.959Z,60,21.1,1.918,49.6,0,59.9,0,0,0,0,0,0,0,0,66
2025-09-28T08:00:00.956Z,60,21.1,1.918,49.6,0,59.9,0,0,0,0,0,0,0,0,66
2025-09-28T08:00:01.960Z,60,21.1,1.917,50.4,0,59.9,0,0,0,0,0,0,0,0,66
2025-09-28T08:00:02.957Z,60,21.1,1.918,50.4,0,59.9,0,0,0,0,0,0,0,0,66
2025-09-28T08:00:03.961Z,60,21.1,1.917,49.6,0,59.9,0,0,0,0,0,0,0,0,66
2025-09-28T08:00:04.959Z,60,21.1,1.918,49.6,0,59.9,0,0,0,0,0,0,0,0,66
2025-09-28T08:00:05.964Z,60,21.1,1.917,50.4,0,59.9,0,0,0,0,0,0,0,0,66
2025-09-28T08:00:06.963Z,60,21.1,1.917,50.4,0,59.9,0,0,0,0,0,0,0,0,66
2025-09-28T08:00:07.965Z,60,21.1,1.917,49.6,0,59.9,0,0,0,0,0,0,0,0,66
2025-09-28T08:00:08.963Z,60,21.1,1.917,49.6,0,59.9,0,0,0,0,0,0,0,0,66
2025-09-28T08:00:09.962Z,60,21.1,1.917,49.6,0,59.9,0,0,0,0,0,0,0,0,66
2025-09-28T08:00:10.966Z,60,21.1,1.917,50.4,0,59.9,0,0,0,0,0,0,0,0,66
2025-09-28T08:00:11.967Z,60,21.1,1.917,50.4,0,59.9,0,0,0,0,0,0,0,0,66
2025-09-28T08:00:12.966Z,60,21.1,1.917,49.6,0,59.9,0,0,0,0,0,0,0,0,66
2025-09-28T08:00:13.973Z,60,21.1,1.916,49.6,0,59.9,0,0,0,0,0,0,0,0,66
2025-09-28T08:00:14.975Z,60,21.1,1.916,49.6,0,59.9,0,0,0,0,0,0,0,0,66
2025-09-28T08:00:15.974Z,60,21.1,1.916,50.4,0,59.9,0,0,0,0,0,0,0,0,66
2025-09-28T08:00:16.974Z,60,21.1,1.917,49.6,0,59.9,0,0,0,0,0,0,0,0,66
2025-09-28T08:00:17.969Z,60,21.1,1.917,49.6,0,59.9,0,0,0,0,0,0,0,0,66
2025-09-28T08:00:18.974Z,60,21.1,1.917,50.4,0,59.9,0,0,0,0,0,0,0,0,66
2025-09-28T08:00:19.972Z,60.1,21.1,1.917,50.4,0,59.9,0,0,0,0,0,0,0,0,66
2025-09-28T08:00:20.977Z,60.1,21.1,1.917,49.6,0,59.9,0,0,0,0,0,0,0,0,66
2025-09-28T08:00:21.974Z,60.1,21.1,1.917,50.4,0,59.9,0,0,0,0,0,0,0,0,66
2025-09-28T08:00:22.978Z,60.1,21.1,1.917,49.6,0,59.9,0,0,0,0,0,0,0,0,66
2025-09-28T08:00:23.975Z,60.1,21.1,1.917,50.4,0,59.9,0,0,0,0,0,0,0,0,66
2025-09-28T08:00:24.980Z,60.1,21.1,1.916,49.6,0,59.9,0,0,0,0,0,0,0,0,66
2025-09-28T08:00:25.979Z,60.1,21.1,1.917,50.4,0,59.9,0,0,0,0,0,0,0,0,66
2025-09-28T08:00:26.984Z,60.1,21.1,1.916,49.6,0,59.9,0,0,0,0,0,0,0,0,66
2025-09-28T08:00:27.985Z,60.1,21.1,1.916,49.6,0,59.9,0,0,0,0,0,0,0,0,66
2025-09-28T08:00:28.982Z,60.1,21.1,1.917,50.4,0,59.9,0,0,0,0,0,0,0,0,66
2025-09-28T08:00:29.985Z,60.1,21.1,1.916,49.6,0,59.9,0,0,0,0,0,0,0,0,66
2025-09-28T08:00:30.982Z,60.1,21.1,1.917,50.4,0,59.9,0,0,0,0,0,0,0,0,66
2025-09-28T08:00:31.986Z,60.1,21.1,1.917,50.4,0,59.9,0,0,0,0,0,0,0,0,66
2025-09-28T08:00:32.988Z,60.1,21.1,1.916,49.6,0,59.9,0,0,0,0,0,0,0,0,66
2025-09-28T08:00:33.988Z,60.1,21.1,1.916,50.4,0,59.9,0,0,0,0,0,0,0,0,66
2025-09-28T08:00:34.984Z,60.1,21.1,1.917,49.6,0,59.9,0,0,0,0,0,0,0,0,66
2025-09-28T08:00:35.993Z,60.2,21.1,1.916,50.4,0,59.9,0,0,0,0,0,0,0,0,66
2025-09-28T08:00:36.991Z,60.2,21.1,1.917,49.6,0,59.9,0,0,0,0,0,0,0,0,66
2025-09-28T08:00:37.989Z,60.2,21.1,1.917,50.4,0,59.9,0,0,0,0,0,0,0,0,66
2025-09-28T08:00:38.990Z,60.2,21.1,1.917,49.6,0,59.9,0,0,0,0,0,0,0,0,66
2025-09-28T08:00:39.996Z,60.2,21.1,1.916,49.6,0,59.9,0,0,0,0,0,0,0,0,66
2025-09-28T08:00:40.993Z,60.2,21.1,1.917,50.4,0,59.9,0,0,0,0,0,0,0,0,66
2025-09-28T08:00:41.991Z,60.2,21.1,1.917,49.6,0,59.9,0,0,0,0,0,0,0,0,66
2025-09-28T08:00:42.998Z,60.2,21.1,1.916,50.4,0,59.9,0,0,0,0,0,0,0,0,66
2025-09-28T08:00:43.997Z,60.2,21.1,1.916,49.6,0,59.9,0,0,0,0,0,0,0,0,66
2025-09-28T08:00:45.000Z,60.2,21.1,1.916,49.6,0,59.9,0,0,0,0,0,0,0,0,66
2025-09-28T08:00:46.001Z,60.2,21.1,1.916,50.4,0,59.9,0,0,0,0,0,0,0,0,66
2025-09-28T08:00:46.996Z,60.2,21.1,1.917,49.6,0,59.9,0,0,0,0,0,0,0,0,66
2025-09-28T08:00:48.001Z,60.2,21.1,1.916,49.6,0,59.9,0,0,0,0,0,0,0,0,66
2025-09-28T08:00:49.001Z,60.2,21.1,1.915,50.4,0,59.9,0,0,0,0,0,0,0,0,66
2025-09-28T08:00:50.000Z,60.2,21.1,1.917,49.6,0,59.9,0,0,0,0,0,0,0,0,66
2025-09-28T08:00:51.002Z,60.2,21.1,1.917,49.6,0,59.9,0,0,0,0,0,0,0,0,66
2025-09-28T08:00:52.007Z,60.2,21.1,1.916,50.4,0,59.9,0,0,0,0,0,0,0,0,66
2025-09-28T08:00:53.006Z,60.3,21.1,1.916,49.6,0,59.9,0,0,0,0,0,0,0,0,66
2025-09-28T08:00:54.002Z,60.3,21.1,1.916,49.6,0,59.9,0,0,0,0,0,0,0,0,66
2025-09-28T08:00:55.004Z,60.3,21.1,1.917,50.4,0,59.9,0,0,0,0,0,0,0,0,66
2025-09-28T08:00:56.007Z,60.3,21.1,1.916,50.4,0,59.9,0,0,0,0,0,0,0,0,66
2025-09-28T08:00:57.005Z,60.3,21.1,1.916,49.6,0,59.9,0,0,0,0,0,0,0,0,66
2025-09-28T08:00:58.005Z,60.3,21.1,1.916,50.4,0,59.9,0,0,0,0,0,0,0,0,66
2025-09-28T08:00:59.006Z,60.3,21.1,1.916,49.6,0,59.9,0,0,0,0,0,0,0,0,66
2025-09-28T08:01:00.011Z,60.3,21.1,1.915,50.4,0,59.9,0,0,0,0,0,0,0,0,66
2025-09-28T08:01:01.012Z,60.3,21.1,1.915,50.4,0,59.9,0,0,0,0,0,0,0,0,66
2025-09-28T08:01:02.015Z,60.3,21.1,1.915,49.6,0,59.9,0,0,0,0,0,0,0,0,66
2025-09-28T08:01:03.015Z,60.3,21.1,1.915,50.4,0,59.9,0,0,0,0,0,0,0,0,66
2025-09-28T08:01:04.023Z,60.3,21.1,1.915,49.6,0,59.9,0,0,0,0,0,0,0,0,66
2025-09-28T08:01:05.012Z,60.3,21.1,1.916,50.4,0,59.9,0,0,0,0,0,0,0,0,66
2025-09-28T08:01:06.017Z,60.3,21.1,1.915,49.6,0,59.9,0,0,0,0,0,0,0,0,66
2025-09-28T08:01:07.018Z,60.3,21.1,1.915,50.4,0,59.9,0,0,0,0,0,0,0,0,66
2025-09-28T08:01:08.017Z,60.3,21.1,1.915,50.4,0,59.9,0,0,0,0,0,0,0,0,66
2025-09-28T08:01:09.017Z,60.3,21.1,1.915,49.6,0,59.9,0,0,0,0,0,0,0,0,66
2025-09-28T08:01:10.017Z,60.3,21.1,1.915,50.4,0,59.9,0,0,0,0,0,0,0,0,66
2025-09-28T08:01:11.019Z,60.3,21.1,1.915,49.6,0,59.9,0,0,0,0,0,0,0,0,66
2025-09-28T08:01:12.018Z,60.4,21.1,1.915,50.4,0,59.9,0,0,0,0,0,0,0,0,66
2025-09-28T08:01:13.020Z,60.4,21.1,1.915,49.6,0,59.9,0,0,0,0,0,0,0,0,66
2025-09-28T08:01:14.022Z,60.4,21.1,1.915,50.4,0,59.9,0,0,0,0,0,0,0,0,66
2025-09-28T08:01:15.024Z,60.4,21.1,1.915,49.6,0,59.9,0,0,0,0,0,0,0,0,66
2025-09-28T08:01:16.025Z,60.4,21.1,1.915,50.4,0,59.9,0,0,0,0,0,0,0,0,66
2025-09-28T08:01:17.034Z,60.4,21.1,1.915,49.6,0,59.9,0,0,0,0,0,0,0,0,66
2025-09-28T08:01:18.032Z,60.4,21.1,1.915,50.4,0,59.9,0,0,0,0,0,0,0,0,66
2025-09-28T08:01:19.029Z,60.4,21.1,1.915,49.6,0,59.9,0,0,0,0,0,0,0,0,66
2025-09-28T08:01:20.031Z,60.4,21.1,1.915,50.4,0,59.9,0,0,0,0,0,0,0,0,66
2025-09-28T08:01:21.033Z,60.4,21.1,1.915,49.6,0,59.9,0,0,0,0,0,0,0,0,66
2025-09-28T08:01:22.031Z,60.4,21.1,1.915,50.4,0,59.9,0,0,0,0,0,0,0,0,66
2025-09-28T08:01:23.031Z,60.4,21.1,1.915,49.6,0,59.9,0,0,0,0,0,0,0,0,66
2025-09-28T08:01:24.030Z,60.4,21.1,1.915,49.6,0,59.9,0,0,0,0,0,0,0,0,66
2025-09-28T08:01:25.033Z,60.4,21.1,1.915,50.4,0,59.9,0,0,0,0,0,0,0,0,66
2025-09-28T08:01:26.032Z,60.4,21.1,1.915,49.6,0,59.9,0,0,0,0,0,0,0,0,66
2025-09-28T08:01:27.036Z,60.4,21.1,1.915,50.4,0,59.9,0,0,0,0,0,0,0,0,66
2025-09-28T08:01:28.037Z,60.4,21.1,1.915,49.6,0,59.9,0,0,0,0,0,0,0,0,66
2025-09-28T08:01:29.032Z,60.4,21.1,1.915,50.4,0,59.9,0,0,0,0,0,0,0,0,66
2025-09-28T08:01:30.037Z,60.4,21.1,1.915,49.6,0,59.9,0,0,0,0,0,0,0,0,66
2025-09-28T08:01:31.036Z,60.4,21.1,1.915,50.4,0,59.9,0,0,0,0,0,0,0,0,66
2025-09-28T08:01:32.041Z,60.5,21.1,1.915,49.6,0,59.8,0,0,0,0,0,0,0,0,66
2025-09-28T08:01:33.038Z,60.5,21.1,1.915,50.4,0,59.9,0,0,0,0,0,0,0,0,66
2025-09-28T08:01:34.039Z,60.5,21.1,1.915,49.6,0,59.9,0,0,0,0,0,0,0,0,66
2025-09-28T08:01:35.047Z,60.5,21.1,1.915,50.4,0,59.9,0,0,0,0,0,0,0,0,66
2025-09-28T08:01:36.042Z,60.5,21.1,1.915,49.6,0,59.8,0,0,0,0,0,0,0,0,66
2025-09-28T08:01:37.044Z,60.5,21.1,1.915,50.4,0,59.9,0,0,0,0,0,0,0,0,66
2025-09-28T08:01:38.047Z,60.5,21.1,1.915,49.6,0,59.9,0,0,0,0,0,0,0,0,66
2025-09-28T08:01:39.045Z,60.5,21.1,1.915,50.4,0,59.9,0,0,0,0,0,0,0,0,66
2025-09-28T08:01:40.045Z,60.5,21.1,1.915,49.6,0,59.9,0,0,0,0,0,0,0,0,66
2025-09-28T08:01:41.050Z,60.5,21.1,1.915,49.6,0,59.9,0,0,0,0,0,0,0,0,66
2025-09-28T08:01:42.048Z,60.5,21.1,1.915,50.4,0,59.8,0,0,0,0,0,0,0,0,66
2025-09-28T08:01:43.049Z,60.5,21.1,1.915,49.6,0,59.9,0,0,0,0,0,0,0,0,66
2025-09-28T08:01:44.056Z,60.5,21.1,1.915,50.4,0,59.8,0,0,0,0,0,0,0,0,66
2025-09-28T08:01:45.053Z,60.5,21.1,1.915,49.6,0,59.9,0,0,0,0,0,0,0,0,66
2025-09-28T08:01:46.051Z,60.5,21.1,1.915,50.4,0,59.8,0,0,0,0,0,0,0,0,66
2025-09-28T08:01:47.057Z,60.5,21.1,1.915,50.4,0,59.8,0,0,0,0,0,0,0,0,66
2025-09-28T08:01:48.057Z,60.5,21.1,1.915,49.6,0,59.9,0,0,0,0,0,0,0,0,66
2025-09-28T08:01:49.056Z,60.5,21.1,1.915,50.4,0,59.8,0,0,0,0,0,0,0,0,66
2025-09-28T08:01:50.059Z,60.5,21.1,1.915,49.6,0,59.9,0,0,0,0,0,0,0,0,66
2025-09-28T08:01:51.056Z,60.5,21.1,1.914,50.4,0,59.8,0,0,0,0,0,0,0,0,66
2025-09-28T08:01:52.059Z,60.5,21.1,1.915,49.6,0,59.8,0,0,0,0,0,0,0,0,66
2025-09-28T08:01:53.065Z,60.6,21.1,1.915,49.6,0,59.8,0,0,0,0,0,0,0,0,66
2025-09-28T08:01:54.056Z,60.6,21.1,1.914,49.6,0,59.8,0,0,0,0,0,0,0,0,66
2025-09-28T08:01:55.060Z,60.6,21.1,1.915,50.4,0,59.8,0,0,0,0,0,0,0,0,66
2025-09-28T08:01:56.064Z,60.6,21.1,1.915,49.6,0,59.9,0,0,0,0,0,0,0,0,66
2025-09-28T08:01:57.065Z,60.6,21.1,1.915,50.4,0,59.8,0,0,0,0,0,0,0,0,66
2025-09-28T08:01:58.063Z,60.6,21.1,1.915,49.6,0,59.8,0,0,0,0,0,0,0,0,66
2025-09-28T08:01:59.066Z,60.6,21.1,1.915,50.4,0,59.8,0,0,0,0,0,0,0,0,66
2025-09-28T08:02:00.068Z,60.6,21.1,1.915,49.6,0,59.8,0,0,0,0,0,0,0,0,66
2025-09-28T08:02:01.067Z,60.6,21.1,1.915,50.4,0,59.9,0,0,0,0,0,0,0,0,66
2025-09-28T08:02:02.069Z,60.6,21.1,1.915,49.6,0,59.9,0,0,0,0,0,0,0,0,66
2025-09-28T08:02:03.066Z,60.6,21.1,1.915,50.4,0,59.9,0,0,0,0,0,0,0,0,66
2025-09-28T08:02:04.073Z,60.6,21.1,1.915,49.6,0,59.9,0,0,0,0,0,0,0,0,66
2025-09-28T08:02:05.073Z,60.6,21.1,1.915,50.4,0,59.8,0,0,0,0,0,0,0,0,66
2025-09-28T08:02:06.078Z,60.6,21.1,1.915,49.6,0,59.9,0,0,0,0,0,0,0,0,66
2025-09-28T08:02:07.070Z,60.6,21.1,1.915,50.4,0,59.8,0,0,0,0,0,0,0,0,66
2025-09-28T08:02:08.075Z,60.6,21.1,1.915,49.6,0,59.8,0,0,0,0,0,0,0,0,66
2025-09-28T08:02:09.076Z,60.6,21.1,1.915,50.4,0,59.8,0,0,0,0,0,0,0,0,66
2025-09-28T08:02:10.079Z,60.6,21.1,1.914,49.6,0,59.8,0,0,0,0,0,0,0,0,66
2025-09-28T08:02:11.084Z,60.6,21.1,1.914,50.4,0,59.8,0,0,0,0,0,0,0,0,66
2025-09-28T08:02:12.079Z,60.6,21.1,1.915,49.6,0,59.8,0,0,0,0,0,0,0,0,66
2025-09-28T08:02:13.081Z,60.6,21.1,1.915,50.4,0,59.8,0,0,0,0,0,0,0,0,66
2025-09-28T08:02:14.086Z,60.6,21.1,1.914,49.6,0,59.8,0,0,0,0,0,0,0,0,66
2025-09-28T08:02:15.080Z,60.6,21.1,1.915,50.4,0,59.9,0,0,0,0,0,0,0,0,66
2025-09-28T08:02:16.085Z,60.7,21.1,1.914,49.6,0,59.8,0,0,0,0,0,0,0,0,66
2025-09-28T08:02:17.081Z,60.7,21.1,1.914,50.4,0,59.8,0,0,0,0,0,0,0,0,66
2025-09-28T08:02:18.085Z,60.7,21.1,1.914,49.6,0,59.8,0,0,0,0,0,0,0,0,66
2025-09-28T08:02:19.087Z,60.7,21.1,1.915,50.4,0,59.8,0,0,0,0,0,0,0,0,66
2025-09-28T08:02:20.091Z,60.7,21.1,1.913,49.6,0,59.8,0,0,0,0,0,0,0,0,66
2025-09-28T08:02:21.086Z,60.7,21.1,1.914,50.4,0,59.9,0,0,0,0,0,0,0,0,66
2025-09-28T08:02:22.088Z,60.7,21.1,1.914,49.6,0,59.8,0,0,0,0,0,0,0,0,66
2025-09-28T08:02:23.091Z,60.7,21.1,1.914,50.4,0,59.8,0,0,0,0,0,0,0,0,66
2025-09-28T08:02:24.086Z,60.7,21.1,1.914,49.6,0,59.8,0,0,0,0,0,0,0,0,66
2025-09-28T08:02:25.088Z,60.7,21.1,1.914,49.6,0,59.8,0,0,0,0,0,0,0,0,66
2025-09-28T08:02:26.086Z,60.7,21.1,1.914,50.4,0,59.8,0,0,0,0,0,0,0,0,66
2025-09-28T08:02:27.091Z,60.7,21.1,1.914,49.6,0,59.8,0,0,0,0,0,0,0,0,66
2025-09-28T08:02:28.096Z,60.7,21.1,1.913,50.4,0,59.8,0,0,0,0,0,0,0,0,66
2025-09-28T08:02:29.091Z,60.7,21.1,1.914,49.6,0,59.8,0,0,0,0,0,0,0,0,66
2025-09-28T08:02:30.097Z,60.7,21.1,1.913,50.4,0,59.8,0,0,0,0,0,0,0,0,66
2025-09-28T08:02:31.098Z,60.7,21.1,1.913,49.6,0,59.8,0,0,0,0,0,0,0,0,66
2025-09-28T08:02:32.094Z,60.7,21.1,1.914,50.4,0,59.8,0,0,0,0,0,0,0,0,66
2025-09-28T08:02:33.101Z,60.7,21.1,1.913,49.6,0,59.8,0,0,0,0,0,0,0,0,66
2025-09-28T08:02:34.099Z,60.7,21.1,1.913,50.4,0,59.8,0,0,0,0,0,0,0,0,66
2025-09-28T08:02:35.099Z,60.7,21.1,1.913,49.6,0,59.8,0,0,0,0,0,0,0,0,66
2025-09-28T08:02:36.100Z,60.7,21.1,1.913,49.6,0,59.8,0,0,0,0,0,0,0,0,66
2025-09-28T08:02:37.108Z,60.7,21.1,1.913,49.6,0,59.8,0,0,0,0,0,0,0,0,66
2025-09-28T08:02:38.098Z,60.7,21.1,1.914,50.4,0,59.8,0,0,0,0,0,0,0,0,66
2025-09-28T08:02:39.102Z,60.7,21.1,1.914,49.6,0,59.8,0,0,0,0,0,0,0,0,66
2025-09-28T08:02:40.103Z,60.7,21.1,1.914,50.4,0,59.8,0,0,0,0,0,0,0,0,66
2025-09-28T08:02:41.104Z,60.7,21.1,1.914,49.6,0,59.8,0,0,0,0,0,0,0,0,66
2025-09-28T08:02:42.102Z,60.7,21.1,1.914,50.4,0,59.8,0,0,0,0,0,0,0,0,66
2025-09-28T08:02:43.110Z,60.7,21.1,1.913,49.6,0,59.8,0,0,0,0,0,0,0,0,66
2025-09-28T08:02:44.111Z,60.7,21.1,1.913,50.4,0,59.8,0,0,0,0,0,0,0,0,66
2025-09-28T08:02:45.111Z,60.7,21.1,1.913,49.6,0,59.8,0,0,0,0,0,0,0,0,66
2025-09-28T08:02:46.106Z,60.7,21.1,1.914,50.4,0,59.8,0,0,0,0,0,0,0,0,66
2025-09-28T08:02:47.109Z,60.8,21.1,1.913,49.6,0,59.8,0,0,0,0,0,0,0,0,66
2025-09-28T08:02:48.114Z,60.8,21.1,1.913,50.4,0,59.8,0,0,0,0,0,0,0,0,66
2025-09-28T08:02:49.119Z,60.8,21.1,1.913,49.6,0,59.8,0,0,0,0,0,0,0,0,66
2025-09-28T08:02:50.112Z,60.8,21.1,1.913,50.4,0,59.8,0,0,0,0,0,0,0,0,66
2025-09-28T08:02:51.117Z,60.8,21.1,1.913,49.6,0,59.8,0,0,0,0,0,0,0,0,66
2025-09-28T08:02:52.115Z,60.8,21.1,1.913,50.4,0,59.8,0,0,0,0,0,0,0,0,66
2025-09-28T08:02:53.120Z,60.8,21.1,1.913,49.6,0,59.8,0,0,0,0,0,0,0,0,66
2025-09-28T08:02:54.112Z,60.8,21.1,1.913,50.4,0,59.8,0,0,0,0,0,0,0,0,66
2025-09-28T08:02:55.113Z,60.8,21.1,1.913,49.6,0,59.8,0,0,0,0,0,0,0,0,66
2025-09-28T08:02:56.114Z,60.8,21.1,1.913,50.4,0,59.8,0,0,0,0,0,0,0,0,66
2025-09-28T08:02:57.116Z,60.8,21.1,1.913,49.6,0,59.8,0,0,0,0,0,0,0,0,66
2025-09-28T08:02:58.116Z,60.8,21.1,1.913,50.4,0,59.8,0,0,0,0,0,0,0,0,66
2025-09-28T08:02:59.123Z,60.8,21.1,1.913,49.6,0,59.8,0,0,0,0,0,0,0,0,66
2025-09-28T08:03:00.122Z,60.8,21.1,1.913,50.4,0,59.8,0,0,0,0,0,0,0,0,66
2025-09-28T08:03:01.125Z,60.8,21.1,1.913,49.6,0,59.8,0,0,0,0,0,0,0,0,66
2025-09-28T08:03:02.125Z,60.8,21.1,1.913,50.4,0,59.8,0,0,0,0,0,0,0,0,66
2025-09-28T08:03:03.123Z,60.8,21.1,1.913,49.6,0,59.8,0,0,0,0,0,0,0,0,66
2025-09-28T08:03:04.126Z,60.8,21.1,1.913,50.4,0,59.8,0,0,0,0,0,0,0,0,66
2025-09-28T08:03:05.124Z,60.8,21.1,1.913,49.6,0,59.8,0,0,0,0,0,0,0,0,66
2025-09-28T08:03:06.125Z,60.8,21.1,1.913,50.4,0,59.8,0,0,0,0,0,0,0,0,66
2025-09-28T08:03:07.129Z,60.8,21.1,1.913,49.6,0,59.8,0,0,0,0,0,0,0,0,66
2025-09-28T08:03:08.136Z,60.8,21.1,1.913,50.4,0,59.8,0,0,0,0,0,0,0,0,66
2025-09-28T08:03:09.129Z,60.8,21.1,1.913,49.6,0,59.8,0,0,0,0,0,0,0,0,66
2025-09-28T08:03:10.129Z,60.8,21.1,1.913,49.6,0,59.8,0,0,0,0,0,0,0,0,66
2025-09-28T08:03:11.136Z,60.8,21.1,1.913,49.6,0,59.8,0,0,0,0,0,0,0,0,66
2025-09-28T08:03:12.132Z,60.8,21.1,1.913,49.6,0,59.8,0,0,0,0,0,0,0,0,66
2025-09-28T08:03:13.133Z,60.8,21.1,1.913,50.4,0,59.8,0,0,0,0,0,0,0,0,66
2025-09-28T08:03:14.133Z,60.8,21.1,1.913,49.6,0,59.8,0,0,0,0,0,0,0,0,66
2025-09-28T08:03:15.133Z,60.8,21.1,1.913,50.4,0,59.8,0,0,0,0,0,0,0,0,66
2025-09-28T08:03:16.138Z,60.8,21.1,1.913,49.6,0,59.8,0,0,0,0,0,0,0,0,66
2025-09-28T08:03:17.142Z,60.8,21.1,1.913,50.4,0,59.8,0,0,0,0,0,0,0,0,66
2025-09-28T08:03:18.136Z,60.8,21.1,1.913,49.6,0,59.8,0,0,0,0,0,0,0,0,66
2025-09-28T08:03:19.142Z,60.8,21.1,1.913,50.4,0,59.8,0,0,0,0,0,0,0,0,66
2025-09-28T08:03:20.141Z,60.8,21.1,1.913,49.6,0,59.8,0,0,0,0,0,0,0,0,66
2025-09-28T08:03:21.146Z,60.8,21.1,1.914,50.4,0,59.8,0,0,0,0,0,0,0,0,66
2025-09-28T08:03:22.147Z,60.8,21.1,1.914,49.6,0,59.8,0,0,0,0,0,0,0,0,66
2025-09-28T08:03:23.147Z,60.8,21.1,1.914,50.4,0,59.8,0,0,0,0,0,0,0,0,66
2025-09-28T08:03:24.145Z,60.8,21.1,1.914,49.6,0,59.8,0,0,0,0,0,0,0,0,66
2025-09-28T08:03:25.142Z,60.8,21.1,1.913,50.4,0,59.8,0,0,0,0,0,0,0,0,66
2025-09-28T08:03:26.144Z,60.8,21.1,1.914,49.6,0,59.8,0,0,0,0,0,0,0,0,66
2025-09-28T08:03:27.151Z,60.8,21.1,1.914,50.4,0,59.8,0,0,0,0,0,0,0,0,66
2025-09-28T08:03:28.145Z,60.8,21.1,1.913,49.6,0,59.8,0,0,0,0,0,0,0,0,66
2025-09-28T08:03:29.146Z,60.8,21.1,1.913,50.4,0,59.8,0,0,0,0,0,0,0,0,66
2025-09-28T08:03:30.146Z,60.8,21.1,1.914,49.6,0,59.8,0,0,0,0,0,0,0,0,66
2025-09-28T08:03:31.147Z,60.8,21.1,1.913,50.4,0,59.8,0,0,0,0,0,0,0,0,66
2025-09-28T08:03:32.149Z,60.8,21.1,1.914,49.6,0,59.8,0,0,0,0,0,0,0,0,66
2025-09-28T08:03:33.153Z,60.8,21.1,1.914,50.4,0,59.8,0,0,0,0,0,0,0,0,66
2025-09-28T08:03:34.149Z,60.8,21.1,1.914,49.6,0,59.8,0,0,0,0,0,0,0,0,66
2025-09-28T08:03:35.152Z,60.8,21.1,1.914,50.4,0,59.8,0,0,0,0,0,0,0,0,66
2025-09-28T08:03:36.154Z,60.8,21.1,1.914,49.6,0,59.8,0,0,0,0,0,0,0,0,66
2025-09-28T08:03:37.154Z,60.8,21.1,1.914,50.4,0,59.8,0,0,0,0,0,0,0,0,66
2025-09-28T08:03:38.155Z,60.8,21.1,1.914,49.6,0,59.8,0,0,0,0,0,0,0,0,66
2025-09-28T08:03:39.161Z,60.8,21.1,1.914,50.4,0,59.8,0,0,0,0,0,0,0,0,66
2025-09-28T08:03:40.159Z,60.8,21.1,1.914,49.6,0,59.8,0,0,0,0,0,0,0,0,66
2025-09-28T08:03:41.154Z,60.8,21.1,1.913,50.4,0,59.8,0,0,0,0,0,0,0,0,66
2025-09-28T08:03:42.157Z,60.8,21.1,1.914,49.6,0,59.8,0,0,0,0,0,0,0,0,66
2025-09-28T08:03:43.160Z,60.8,21.1,1.914,50.4,0,59.8,0,0,0,0,0,0,0,0,66
2025-09-28T08:03:44.163Z,60.8,21.1,1.914,49.6,0,59.8,0,0,0,0,0,0,0,0,66
2025-09-28T08:03:45.163Z,60.8,21.1,1.914,50.4,0,59.8,0,0,0,0,0,0,0,0,66
2025-09-28T08:03:46.163Z,60.8,21.1,1.914,49.6,0,59.8,0,0,0,0,0,0,0,0,66
2025-09-28T08:03:47.164Z,60.8,21.1,1.914,50.4,0,59.8,0,0,0,0,0,0,0,0,66
2025-09-28T08:03:48.169Z,60.8,21.1,1.914,49.6,0,59.8,0,0,0,0,0,0,0,0,66
2025-09-28T08:03:49.169Z,60.8,21.1,1.914,50.4,0,59.8,0,0,0,0,0,0,0,0,66
2025-09-28T08:03:50.165Z,60.8,21.1,1.914,49.6,0,59.8,0,0,0,0,0,0,0,0,66
2025-09-28T08:03:51.171Z,60.8,21.1,1.914,50.4,0,59.8,0,0,0,0,0,0,0,0,66
2025-09-28T08:03:52.169Z,60.8,21.1,1.914,49.6,0,59.8,0,0,0,0,0,0,0,0,66
2025-09-28T08:03:53.168Z,60.8,21.1,1.914,49.6,0,59.8,0,0,0,0,0,0,0,0,66
2025-09-28T08:03:54.168Z,60.8,21.1,1.914,49.6,0,59.8,0,0,0,0,0,0,0,0,66
2025-09-28T08:03:55.170Z,60.8,21.1,1.914,49.6,0,59.8,0,0,0,0,0,0,0,0,66
2025-09-28T08:03:56.175Z,60.8,21.1,1.914,50.4,0,59.8,0,0,0,0,0,0,0,0,66
2025-09-28T08:03:57.171Z,60.8,21.1,1.914,49.6,0,59.8,0,0,0,0,0,0,0,0,66
2025-09-28T08:03:58.171Z,60.8,21.1,1.914,50.4,0,59.8,0,0,0,0,0,0,0,0,66
2025-09-28T08:03:59.175Z,60.8,21.1,1.914,49.6,0,59.8,0,0,0,0,0,0,0,0,66
2025-09-28T08:04:00.177Z,60.7,21.1,1.914,50.4,0,59.8,0,0,0,0,0,0,0,0,66
2025-09-28T08:04:01.182Z,60.7,21.1,1.913,49.6,0,59.8,0,0,0,0,0,0,0,0,66
2025-09-28T08:04:02.180Z,60.7,21.1,1.914,50.4,0,59.8,0,0,0,0,0,0,0,0,66
2025-09-28T08:04:03.180Z,60.7,21.1,1.914,49.6,0,59.8,0,0,0,0,0,0,0,0,66
2025-09-28T08:04:04.180Z,60.7,21.1,1.914,50.4,0,59.8,0,0,0,0,0,0,0,0,66
2025-09-28T08:04:05.181Z,60.7,21.1,1.914,49.6,0,59.8,0,0,0,0,0,0,0,0,66
2025-09-28T08:04:06.179Z,60.7,21.1,1.914,50.4,0,59.8,0,0,0,0,0,0,0,0,66
2025-09-28T08:04:07.183Z,60.7,21.1,1.913,49.6,0,59.8,0,0,0,0,0,0,0,0,66
2025-09-28T08:04:08.184Z,60.7,21.1,1.913,50.4,0,59.8,0,0,0,0,0,0,0,0,66
2025-09-28T08:04:09.181Z,60.7,21.1,1.914,49.6,0,59.8,0,0,0,0,0,0,0,0,66
2025-09-28T08:04:10.203Z,60.7,21.1,1.914,49.6,0,59.8,0,0,0,0,0,0,0,0,66
2025-09-28T08:04:11.187Z,60.7,21.1,1.913,49.6,0,59.8,0,0,0,0,0,0,0,0,66
2025-09-28T08:04:12.183Z,60.7,21.1,1.914,50.4,0,59.8,0,0,0,0,0,0,0,0,66
2025-09-28T08:04:13.185Z,60.7,21.1,1.914,49.6,0,59.8,0,0,0,0,0,0,0,0,66
2025-09-28T08:04:14.189Z,60.7,21.1,1.913,50.4,0,59.8,0,0,0,0,0,0,0,0,66
2025-09-28T08:04:15.186Z,60.7,21.1,1.914,49.6,0,59.8,0,0,0,0,0,0,0,0,66
2025-09-28T08:04:16.186Z,60.7,21.1,1.914,50.4,0,59.8,0,0,0,0,0,0,0,0,66
2025-09-28T08:04:17.191Z,60.7,21.1,1.913,49.6,0,59.8,0,0,0,0,0,0,0,0,66
2025-09-28T08:04:18.189Z,60.7,21.1,1.913,50.4,0,59.8,0,0,0,0,0,0,0,0,66
2025-09-28T08:04:19.193Z,60.7,21.1,1.913,49.6,0,59.8,0,0,0,0,0,0,0,0,66
2025-09-28T08:04:20.189Z,60.7,21.1,1.914,49.6,0,59.8,0,0,0,0,0,0,0,0,66
2025-09-28T08:04:21.190Z,60.7,21.1,1.914,49.6,0,59.8,0,0,0,0,0,0,0,0,66
2025-09-28T08:04:22.191Z,60.7,21.1,1.914,49.6,0,59.8,0,0,0,0,0,0,0,0,66
2025-09-28T08:04:23.207Z,60.7,21.1,1.913,50.4,0,59.8,0,0,0,0,0,0,0,0,66
2025-09-28T08:04:24.190Z,60.7,21.1,1.915,50.4,0,59.8,0,0,0,0,0,0,0,0,66
2025-09-28T08:04:25.192Z,60.7,21.1,1.914,49.6,0,59.8,0,0,0,0,0,0,0,0,66
2025-09-28T08:04:26.191Z,60.7,21.1,1.914,50.4,0,59.8,0,0,0,0,0,0,0,0,66
2025-09-28T08:04:27.194Z,60.7,21.1,1.915,49.6,0,59.8,0,0,0,0,0,0,0,0,66
2025-09-28T08:04:28.194Z,60.7,21.1,1.914,50.4,0,59.8,0,0,0,0,0,0,0,0,66
2025-09-28T08:04:29.194Z,60.7,21.1,1.914,50.4,0,59.8,0,0,0,0,0,0,0,0,66
2025-09-28T08:04:30.196Z,60.7,21.1,1.914,49.6,0,59.8,0,0,0,0,0,0,0,0,66
2025-09-28T08:04:31.196Z,60.6,21.1,1.915,50.4,0,59.8,0,0,0,0,0,0,0,0,66
2025-09-28T08:04:32.198Z,60.6,21.1,1.914,49.6,0,59.8,0,0,0,0,0,0,0,0,66
2025-09-28T08:04:33.198Z,60.6,21.1,1.915,49.6,0,59.8,0,0,0,0,0,0,0,0,66
2025-09-28T08:04:34.198Z,60.6,21.1,1.915,49.6,0,59.8,0,0,0,0,0,0,0,0,66
2025-09-28T08:04:35.201Z,60.6,21.1,1.914,50.4,0,59.8,0,0,0,0,0,0,0,0,66
2025-09-28T08:04:36.202Z,60.6,21.1,1.914,49.6,0,59.8,0,0,0,0,0,0,0,0,66
2025-09-28T08:04:37.203Z,60.6,21.1,1.914,49.6,0,59.8,0,0,0,0,0,0,0,0,66
2025-09-28T08:04:38.203Z,60.6,21.1,1.915,50.4,0,59.8,0,0,0,0,0,0,0,0,66
2025-09-28T08:04:39.205Z,60.6,21.1,1.914,49.6,0,59.8,0,0,0,0,0,0,0,0,66
2025-09-28T08:04:40.204Z,60.6,21.1,1.915,49.6,0,59.8,0,0,0,0,0,0,0,0,66
2025-09-28T08:04:41.213Z,60.6,21.1,1.915,50.4,0,59.8,0,0,0,0,0,0,0,0,66
2025-09-28T08:04:42.211Z,60.6,21.1,1.915,49.6,0,59.8,0,0,0,0,0,0,0,0,66
2025-09-28T08:04:43.209Z,60.6,21.1,1.915,49.6,0,59.8,0,0,0,0,0,0,0,0,66
2025-09-28T08:04:44.213Z,60.6,21.1,1.915,50.4,0,59.8,0,0,0,0,0,0,0,0,66
2025-09-28T08:04:45.211Z,60.6,21.1,1.915,50.4,0,59.8,0,0,0,0,0,0,0,0,66
2025-09-28T08:04:46.213Z,60.6,21.1,1.915,49.6,0,59.8,0,0,0,0,0,0,0,0,66
2025-09-28T08:04:47.218Z,60.6,21.1,1.915,50.4,0,59.8,0,0,0,0,0,0,0,0,66
2025-09-28T08:04:48.221Z,60.6,21.1,1.915,49.6,0,59.8,0,0,0,0,0,0,0,0,66
2025-09-28T08:04:49.220Z,60.6,21.1,1.915,50.4,0,59.8,0,0,0,0,0,0,0,0,66
2025-09-28T08:04:50.215Z,60.6,21.1,1.915,49.6,0,59.8,0,0,0,0,0,0,0,0,66
2025-09-28T08:04:51.222Z,60.6,21.1,1.915,50.4,0,59.8,0,0,0,0,0,0,0,0,66
2025-09-28T08:04:52.213Z,60.6,21.1,1.915,49.6,0,59.8,0,0,0,0,0,0,0,0,66
2025-09-28T08:04:53.222Z,60.6,21.1,1.915,49.6,0,59.8,0,0,0,0,0,0,0,0,66
2025-09-28T08:04:54.218Z,60.5,21.1,1.915,50.4,0,59.8,0,0,0,0,0,0,0,0,66
2025-09-28T08:04:55.217Z,60.5,21.1,1.915,49.6,0,59.8,0,0,0,0,0,0,0,0,66
2025-09-28T08:04:56.220Z,60.5,21.1,1.915,49.6,0,59.8,0,0,0,0,0,0,0,0,66
2025-09-28T08:04:57.225Z,60.5,21.1,1.915,50.4,0,59.8,0,0,0,0,0,0,0,0,66
2025-09-28T08:04:58.228Z,60.5,21.1,1.915,49.6,0,59.8,0,0,0,0,0,0,0,0,66
2025-09-28T08:04:59.223Z,60.5,21.1,1.915,49.6,0,59.8,0,0,0,0,0,0,0,0,66
2025-09-28T08:05:00.223Z,60.5,21.1,1.915,50.4,0,59.8,0,0,0,0,0,0,0,0,66
2025-09-28T08:05:01.227Z,60.5,21.1,1.915,50.4,0,59.8,0,0,0,0,0,0,0,0,66
2025-09-28T08:05:02.223Z,60.5,21.1,1.915,49.6,0,59.8,0,0,0,0,0,0,0,0,66
2025-09-28T08:05:03.227Z,60.5,21.1,1.915,50.4,0,59.8,0,0,0,0,0,0,0,0,66
2025-09-28T08:05:04.227Z,60.5,21.1,1.915,49.6,0,59.8,0,0,0,0,0,0,0,0,66
2025-09-28T08:05:05.228Z,60.5,21.1,1.915,50.4,0,59.8,0,0,0,0,0,0,0,0,66
2025-09-28T08:05:06.228Z,60.5,21.1,1.915,50.4,0,59.8,0,0,0,0,0,0,0,0,66
2025-09-28T08:05:07.230Z,60.5,21.1,1.915,49.6,0,59.8,0,0,0,0,0,0,0,0,66
2025-09-28T08:05:08.231Z,60.5,21.1,1.915,50.4,0,59.8,0,0,0,0,0,0,0,0,66
2025-09-28T08:05:09.234Z,60.5,21.1,1.915,49.6,0,59.8,0,0,0,0,0,0,0,0,66
2025-09-28T08:05:10.228Z,60.5,21.1,1.915,50.4,0,59.8,0,0,0,0,0,0,0,0,66
2025-09-28T08:05:11.228Z,60.5,21.1,1.915,49.6,0,59.8,0,0,0,0,0,0,0,0,66
2025-09-28T08:05:12.236Z,60.5,21.1,1.915,49.6,0,59.8,0,0,0,0,0,0,0,0,66
2025-09-28T08:05:13.236Z,60.4,21.1,1.915,50.4,0,59.8,0,0,0,0,0,0,0,0,66
2025-09-28T08:05:14.235Z,60.4,21.1,1.915,50.4,0,59.8,0,0,0,0,0,0,0,0,66
2025-09-28T08:05:15.237Z,60.4,21.1,1.915,49.6,0,59.8,0,0,0,0,0,0,0,0,66
2025-09-28T08:05:16.238Z,60.4,21.1,1.915,50.4,0,59.8,0,0,0,0,0,0,0,0,66
2025-09-28T08:05:17.238Z,60.4,21.1,1.915,49.6,0,59.8,0,0,0,0,0,0,0,0,66
2025-09-28T08:05:18.236Z,60.4,21.1,1.915,50.4,0,59.8,0,0,0,0,0,0,0,0,66
2025-09-28T08:05:19.242Z,60.4,21.1,1.915,49.6,0,59.8,0,0,0,0,0,0,0,0,66
2025-09-28T08:05:20.242Z,60.4,21.1,1.915,49.6,0,59.8,0,0,0,0,0,0,0,0,66
2025-09-28T08:05:21.244Z,60.4,21.1,1.915,50.4,0,59.8,0,0,0,0,0,0,0,0,66
2025-09-28T08:05:22.244Z,60.4,21.1,1.915,49.6,0,59.8,0,0,0,0,0,0,0,0,66
2025-09-28T08:05:23.248Z,60.4,21.1,1.915,50.4,0,59.8,0,0,0,0,0,0,0,0,66
2025-09-28T08:05:24.247Z,60.4,21.1,1.915,50.4,0,59.8,0,0,0,0,0,0,0,0,66
2025-09-28T08:05:25.246Z,60.4,21.1,1.915,49.6,0,59.8,0,0,0,0,0,0,0,0,66
2025-09-28T08:05:26.244Z,60.4,21.1,1.915,50.4,0,59.8,0,0,0,0,0,0,0,0,66
2025-09-28T08:05:27.249Z,60.4,21.1,1.915,49.6,0,59.8,0,0,0,0,0,0,0,0,66
2025-09-28T08:05:28.250Z,60.4,21.1,1.916,50.4,0,59.8,0,0,0,0,0,0,0,0,66
2025-09-28T08:05:29.246Z,60.4,21.1,1.915,49.6,0,59.8,0,0,0,0,0,0,0,0,66
2025-09-28T08:05:30.250Z,60.4,21.1,1.915,50.4,0,59.8,0,0,0,0,0,0,0,0,66
2025-09-28T08:05:31.253Z,60.4,21.1,1.916,49.6,0,59.8,0,0,0,0,0,0,0,0,66
2025-09-28T08:05:32.251Z,60.4,21.1,1.916,50.4,0,59.8,0,0,0,0,0,0,0,0,66
2025-09-28T08:05:33.252Z,60.4,21.1,1.916,49.6,0,59.8,0,0,0,0,0,0,0,0,66
2025-09-28T08:05:34.248Z,60.4,21.1,1.915,50.4,0,59.8,0,0,0,0,0,0,0,0,66
2025-09-28T08:05:35.252Z,60.4,21.1,1.916,49.6,0,59.8,0,0,0,0,0,0,0,0,66
2025-09-28T08:05:36.259Z,60.3,21.1,1.916,50.4,0,59.8,0,0,0,0,0,0,0,0,66
2025-09-28T08:05:37.261Z,60.4,21.1,1.916,49.6,0,59.8,0,0,0,0,0,0,0,0,66
2025-09-28T08:05:38.256Z,60.3,21.1,1.916,50.4,0,59.8,0,0,0,0,0,0,0,0,66
2025-09-28T08:05:39.256Z,60.3,21.1,1.916,49.6,0,59.8,0,0,0,0,0,0,0,0,66
2025-09-28T08:05:40.255Z,60.3,21.1,1.916,50.4,0,59.8,0,0,0,0,0,0,0,0,66
2025-09-28T08:05:41.264Z,60.3,21.1,1.916,49.6,0,59.8,0,0,0,0,0,0,0,0,66
2025-09-28T08:05:42.262Z,60.3,21.1,1.916,50.4,0,59.8,0,0,0,0,0,0,0,0,66
2025-09-28T08:05:43.266Z,60.3,21.1,1.915,49.6,0,59.8,0,0,0,0,0,0,0,0,66
2025-09-28T08:05:44.263Z,60.3,21.1,1.916,50.4,0,59.8,0,0,0,0,0,0,0,0,66
2025-09-28T08:05:45.263Z,60.3,21.1,1.917,49.6,0,59.8,0,0,0,0,0,0,0,0,66
2025-09-28T08:05:46.267Z,60.3,21.1,1.917,50.4,0,59.8,0,0,0,0,0,0,0,0,66
2025-09-28T08:05:47.271Z,60.3,21.1,1.916,49.6,0,59.8,0,0,0,0,0,0,0,0,66
2025-09-28T08:05:48.271Z,60.3,21.1,1.915,50.4,0,59.8,0,0,0,0,0,0,0,0,66
2025-09-28T08:05:49.268Z,60.3,21.1,1.917,49.6,0,59.8,0,0,0,0,0,0,0,0,66
2025-09-28T08:05:50.268Z,60.3,21.1,1.917,50.4,0,59.8,0,0,0,0,0,0,0,0,66
2025-09-28T08:05:51.270Z,60.3,21.1,1.917,50.4,0,59.8,0,0,0,0,0,0,0,0,66
2025-09-28T08:05:52.270Z,60.3,21.1,1.917,49.6,0,59.8,0,0,0,0,0,0,0,0,66
2025-09-28T08:05:53.273Z,60.3,21.1,1.917,50.4,0,59.8,0,0,0,0,0,0,0,0,66
2025-09-28T08:05:54.271Z,60.3,21.1,1.917,49.6,0,59.8,0,0,0,0,0,0,0,0,66
2025-09-28T08:05:55.272Z,60.2,21.1,1.917,50.4,0,59.8,0,0,0,0,0,0,0,0,66
2025-09-28T08:05:56.275Z,60.2,21.1,1.916,49.6,0,59.8,0,0,0,0,0,0,0,0,66
2025-09-28T08:05:57.274Z,60.2,21.1,1.917,50.4,0,59.8,0,0,0,0,0,0,0,0,66
2025-09-28T08:05:58.279Z,60.2,21.1,1.916,49.6,0,59.8,0,0,0,0,0,0,0,0,66
2025-09-28T08:05:59.276Z,60.2,21.1,1.916,49.6,0,59.8,0,0,0,0,0,0,0,0,66
2025-09-28T08:06:00.276Z,60.2,21.1,1.917,49.6,0,59.8,0,0,0,0,0,0,0,0,66
2025-09-28T08:06:01.278Z,60.2,21.1,1.916,50.4,0,59.8,0,0,0,0,0,0,0,0,66
2025-09-28T08:06:02.279Z,60.2,21.1,1.916,49.6,0,59.8,0,0,0,0,0,0,0,0,66
2025-09-28T08:06:03.278Z,60.2,21.1,1.916,50.4,0,59.8,0,0,0,0,0,0,0,0,66
2025-09-28T08:06:04.280Z,60.2,21.1,1.916,49.6,0,59.8,0,0,0,0,0,0,0,0,66
2025-09-28T08:06:05.280Z,60.2,21.1,1.916,50.4,0,59.8,0,0,0,0,0,0,0,0,66
2025-09-28T08:06:06.281Z,60.2,21.1,1.916,49.6,0,59.8,0,0,0,0,0,0,0,0,66
2025-09-28T08:06:07.281Z,60.2,21.1,1.916,50.4,0,59.8,0,0,0,0,0,0,0,0,66
2025-09-28T08:06:08.286Z,60.2,21.1,1.916,49.6,0,59.8,0,0,0,0,0,0,0,0,66
2025-09-28T08:06:09.285Z,60.2,21.1,1.916,50.4,0,59.8,0,0,0,0,0,0,0,0,66
2025-09-28T08:06:10.284Z,60.2,21.1,1.916,49.6,0,59.8,0,0,0,0,0,0,0,0,66
2025-09-28T08:06:11.280Z,60.2,21.1,1.917,50.4,0,59.8,0,0,0,0,0,0,0,0,66
2025-09-28T08:06:12.287Z,60.2,21.1,1.916,49.6,0,59.8,0,0,0,0,0,0,0,0,66
2025-09-28T08:06:13.282Z,60.2,21.1,1.917,50.4,0,59.8,0,0,0,0,0,0,0,0,66
2025-09-28T08:06:14.286Z,60.1,21.1,1.917,49.6,0,59.8,0,0,0,0,0,0,0,0,66
2025-09-28T08:06:15.287Z,60.1,21.1,1.917,50.4,0,59.8,0,0,0,0,0,0,0,0,66
2025-09-28T08:06:16.287Z,60.1,21.1,1.917,49.6,0,59.8,0,0,0,0,0,0,0,0,66
2025-09-28T08:06:17.293Z,60.1,21.1,1.916,50.4,0,59.8,0,0,0,0,0,0,0,0,66
2025-09-28T08:06:18.291Z,60.1,21.1,1.916,49.6,0,59.8,0,0,0,0,0,0,0,0,66
2025-09-28T08:06:19.293Z,60.1,21.1,1.916,50.4,0,59.8,0,0,0,0,0,0,0,0,66
2025-09-28T08:06:20.292Z,60.1,21.1,1.916,49.6,0,59.8,0,0,0,0,0,0,0,0,66
2025-09-28T08:06:21.294Z,60.1,21.1,1.916,50.4,0,59.8,0,0,0,0,0,0,0,0,66
2025-09-28T08:06:22.291Z,60.1,21.1,1.917,49.6,0,59.8,0,0,0,0,0,0,0,0,66
2025-09-28T08:06:23.294Z,60.1,21.1,1.916,50.4,0,59.8,0,0,0,0,0,0,0,0,66
2025-09-28T08:06:24.298Z,60.1,21.1,1.916,49.6,0,59.8,0,0,0,0,0,0,0,0,66
2025-09-28T08:06:25.296Z,60.1,21.1,1.916,50.4,0,59.8,0,0,0,0,0,0,0,0,66
2025-09-28T08:06:26.301Z,60.1,21.1,1.916,49.6,0,59.8,0,0,0,0,0,0,0,0,66
2025-09-28T08:06:27.290Z,60.1,21.1,1.917,50.4,0,59.8,0,0,0,0,0,0,0,0,66
2025-09-28T08:06:28.296Z,60.1,21.1,1.916,49.6,0,59.8,0,0,0,0,0,0,0,0,66
2025-09-28T08:06:29.304Z,60.1,21.1,1.916,50.4,0,59.8,0,0,0,0,0,0,0,0,66
2025-09-28T08:06:30.304Z,60.1,21.1,1.917,49.6,0,59.8,0,0,0,0,0,0,0,0,66
2025-09-28T08:06:31.298Z,60.1,21.1,1.917,50.4,0,59.8,0,0,0,0,0,0,0,0,66
2025-09-28T08:06:32.308Z,60.1,21.1,1.917,49.6,0,59.8,0,0,0,0,0,0,0,0,66
2025-09-28T08:06:33.302Z,60.1,21.1,1.917,50.4,0,59.8,0,0,0,0,0,0,0,0,66
2025-09-28T08:06:34.304Z,60.1,21.1,1.917,49.6,0,59.8,0,0,0,0,0,0,0,0,66
2025-09-28T08:06:35.300Z,60.1,21.1,1.917,50.4,0,59.8,0,0,0,0,0,0,0,0,66
2025-09-28T08:06:36.307Z,60.1,21.1,1.917,49.6,0,59.8,0,0,0,0,0,0,0,0,66
2025-09-28T08:06:37.306Z,60,21.1,1.917,50.4,0,59.8,0,0,0,0,0,0,0,0,66
2025-09-28T08:06:38.305Z,60,21.1,1.917,49.6,0,59.8,0,0,0,0,0,0,0,0,66
2025-09-28T08:06:39.305Z,60,21.1,1.917,50.4,0,59.8,0,0,0,0,0,0,0,0,66
2025-09-28T08:06:40.312Z,60,21.1,1.917,49.6,0,59.8,0,0,0,0,0,0,0,0,66
2025-09-28T08:06:41.306Z,60,21.1,1.917,50.4,0,59.9,0,0,0,0,0,0,0,0,66
2025-09-28T08:06:42.307Z,60,21.1,1.917,49.6,0,59.9,0,0,0,0,0,0,0,0,66
2025-09-28T08:06:43.315Z,60,21.1,1.917,50.4,0,59.9,0,0,0,0,0,0,0,0,66
2025-09-28T08:06:44.310Z,60,21.1,1.917,49.6,0,59.8,0,0,0,0,0,0,0,0,66
2025-09-28T08:06:45.314Z,60,21.1,1.917,50.4,0,59.9,0,0,0,0,0,0,0,0,66
2025-09-28T08:06:46.313Z,60,21.1,1.917,49.6,0,59.8,0,0,0,0,0,0,0,0,66
2025-09-28T08:06:47.314Z,60,21.1,1.917,49.6,0,59.8,0,0,0,0,0,0,0,0,66
2025-09-28T08:06:48.320Z,60,21.1,1.918,49.6,0,59.8,0,0,0,0,0,0,0,0,66
2025-09-28T08:06:49.313Z,60,21.1,1.917,50.4,0,59.8,0,0,0,0,0,0,0,0,66
2025-09-28T08:06:50.322Z,60,21.1,1.918,49.6,0,59.8,0,0,0,0,0,0,0,0,66
2025-09-28T08:06:51.321Z,60,21.1,1.917,50.4,0,59.8,0,0,0,0,0,0,0,0,66
2025-09-28T08:06:52.319Z,60,21.1,1.918,49.6,0,59.8,0,0,0,0,0,0,0,0,66
2025-09-28T08:06:53.320Z,60,21.1,1.918,50.4,0,59.8,0,0,0,0,0,0,0,0,66
2025-09-28T08:06:54.319Z,60,21.1,1.918,49.6,0,59.8,0,0,0,0,0,0,0,0,66
2025-09-28T08:06:55.318Z,60,21.1,1.918,50.4,0,59.8,0,0,0,0,0,0,0,0,66
2025-09-28T08:06:56.326Z,60,21.1,1.918,49.6,0,59.9,0,0,0,0,0,0,0,0,66
2025-09-28T08:06:57.321Z,59.9,21.1,1.918,50.4,0,59.8,0,0,0,0,0,0,0,0,66
2025-09-28T08:06:58.325Z,59.9,21.1,1.919,49.6,0,59.9,0,0,0,0,0,0,0,0,66
2025-09-28T08:06:59.321Z,59.9,21.1,1.918,50.4,0,59.8,0,0,0,0,0,0,0,0,66
2025-09-28T08:07:00.324Z,59.9,21.1,1.918,49.6,0,59.9,0,0,0,0,0,0,0,0,66
2025-09-28T08:07:01.327Z,59.9,21.1,1.919,50.4,0,59.9,0,0,0,0,0,0,0,0,66
2025-09-28T08:07:02.329Z,59.9,21.1,1.919,49.6,0,59.9,0,0,0,0,0,0,0,0,66
2025-09-28T08:07:03.325Z,59.9,21.1,1.918,50.4,0,59.9,0,0,0,0,0,0,0,0,66
2025-09-28T08:07:04.327Z,59.9,21.1,1.918,49.6,0,59.9,0,0,0,0,0,0,0,0,66
2025-09-28T08:07:05.328Z,59.9,21.1,1.919,50.4,0,59.9,0,0,0,0,0,0,0,0,66
2025-09-28T08:07:06.332Z,59.9,21.1,1.919,49.6,0,59.9,0,0,0,0,0,0,0,0,66
2025-09-28T08:07:07.333Z,59.9,21.1,1.919,50.4,0,59.9,0,0,0,0,0,0,0,0,66
2025-09-28T08:07:08.332Z,59.9,21.1,1.919,49.6,0,59.9,0,0,0,0,0,0,0,0,66
2025-09-28T08:07:09.330Z,59.9,21.1,1.918,50.4,0,59.9,0,0,0,0,0,0,0,0,66
2025-09-28T08:07:10.336Z,59.9,21.1,1.919,49.6,0,59.9,0,0,0,0,0,0,0,0,66
2025-09-28T08:07:11.334Z,59.9,21.1,1.919,50.4,0,59.8,0,0,0,0,0,0,0,0,66
2025-09-28T08:07:12.339Z,59.9,21.1,1.919,49.6,0,59.8,0,0,0,0,0,0,0,0,66
2025-09-28T08:07:13.339Z,59.9,21.1,1.919,49.6,0,59.9,0,0,0,0,0,0,0,0,66
2025-09-28T08:07:14.336Z,59.9,21.1,1.919,49.6,0,59.9,0,0,0,0,0,0,0,0,66
2025-09-28T08:07:15.339Z,59.9,21.1,1.919,50.4,0,59.9,0,0,0,0,0,0,0,0,66
2025-09-28T08:07:16.347Z,59.9,21.1,1.919,49.6,0,59.9,0,0,0,0,0,0,0,0,66
2025-09-28T08:07:17.340Z,59.9,21.1,1.919,50.4,0,59.9,0,0,0,0,0,0,0,0,66
2025-09-28T08:07:18.341Z,59.9,21.1,1.919,49.6,0,59.9,0,0,0,0,0,0,0,0,66
2025-09-28T08:07:19.343Z,59.9,21.1,1.919,50.4,0,59.9,0,0,0,0,0,0,0,0,66
2025-09-28T08:07:20.348Z,59.9,21.1,1.919,49.6,0,59.9,0,0,0,0,0,0,0,0,66
2025-09-28T08:07:21.346Z,59.9,21.1,1.919,50.4,0,59.8,0,0,0,0,0,0,0,0,66
2025-09-28T08:07:22.350Z,59.8,21.1,1.919,49.6,0,59.9,0,0,0,0,0,0,0,0,66
2025-09-28T08:07:23.355Z,59.8,21.1,1.918,49.6,0,59.9,0,0,0,0,0,0,0,0,66
2025-09-28T08:07:24.344Z,59.8,21.1,1.919,50.4,0,59.9,0,0,0,0,0,0,0,0,66
2025-09-28T08:07:25.343Z,59.8,21.1,1.919,49.6,0,59.8,0,0,0,0,0,0,0,0,66
2025-09-28T08:07:26.347Z,59.8,21.1,1.919,50.4,0,59.9,0,0,0,0,0,0,0,0,66
2025-09-28T08:07:27.347Z,59.8,21.1,1.919,49.6,0,59.8,0,0,0,0,0,0,0,0,66
2025-09-28T08:07:28.349Z,59.8,21.1,1.919,49.6,0,59.9,0,0,0,0,0,0,0,0,66
2025-09-28T08:07:29.353Z,59.8,21.1,1.919,49.6,0,59.9,0,0,0,0,0,0,0,0,66
2025-09-28T08:07:30.351Z,59.8,21.1,1.919,50.4,0,59.9,0,0,0,0,0,0,0,0,66
2025-09-28T08:07:31.355Z,59.8,21.1,1.919,49.6,0,59.9,0,0,0,0,0,0,0,0,66
2025-09-28T08:07:32.356Z,59.8,21.1,1.918,50.4,0,59.9,0,0,0,0,0,0,0,0,66
2025-09-28T08:07:33.356Z,59.8,21.1,1.918,49.6,0,59.9,0,0,0,0,0,0,0,0,66
2025-09-28T08:07:34.357Z,59.8,21.1,1.918,50.4,0,59.9,0,0,0,0,0,0,0,0,66
2025-09-28T08:07:35.360Z,59.8,21.1,1.918,49.6,0,59.9,0,0,0,0,0,0,0,0,66
2025-09-28T08:07:36.357Z,59.8,21.1,1.918,50.4,0,59.9,0,0,0,0,0,0,0,0,66
2025-09-28T08:07:37.364Z,59.8,21.1,1.918,49.6,0,59.9,0,0,0,0,0,0,0,0,66
2025-09-28T08:07:38.359Z,59.8,21.1,1.918,50.4,0,59.9,0,0,0,0,0,0,0,0,66
2025-09-28T08:07:39.361Z,59.8,21.1,1.919,49.6,0,59.9,0,0,0,0,0,0,0,0,66
2025-09-28T08:07:40.365Z,59.8,21.1,1.919,50.4,0,59.8,0,0,0,0,0,0,0,0,66
2025-09-28T08:07:41.368Z,59.8,21.1,1.919,49.6,0,59.9,0,0,0,0,0,0,0,0,66
2025-09-28T08:07:42.362Z,59.7,21.1,1.919,50.4,0,59.9,0,0,0,0,0,0,0,0,66
2025-09-28T08:07:43.369Z,59.7,21.1,1.919,49.6,0,59.9,0,0,0,0,0,0,0,0,66
2025-09-28T08:07:44.363Z,59.7,21.1,1.92,50.4,0,59.9,0,0,0,0,0,0,0,0,66
2025-09-28T08:07:45.372Z,59.7,21.1,1.919,49.6,0,59.9,0,0,0,0,0,0,0,0,66
2025-09-28T08:07:46.367Z,59.7,21.1,1.919,50.4,0,59.9,0,0,0,0,0,0,0,0,66
2025-09-28T08:07:47.377Z,59.7,21.1,1.919,49.6,0,59.9,0,0,0,0,0,0,0,0,66
2025-09-28T08:07:48.371Z,59.7,21.1,1.92,50.4,0,59.9,0,0,0,0,0,0,0,0,66
2025-09-28T08:07:49.369Z,59.7,21.1,1.919,49.6,0,59.8,0,0,0,0,0,0,0,0,66
2025-09-28T08:07:50.371Z,59.7,21.1,1.919,50.4,0,59.9,0,0,0,0,0,0,0,0,66
2025-09-28T08:07:51.375Z,59.7,21.1,1.919,49.6,0,59.9,0,0,0,0,0,0,0,0,66
2025-09-28T08:07:52.375Z,59.7,21.1,1.919,50.4,0,59.9,0,0,0,0,0,0,0,0,66
2025-09-28T08:07:53.376Z,59.7,21.1,1.919,49.6,0,59.9,0,0,0,0,0,0,0,0,66
2025-09-28T08:07:54.375Z,59.7,21.1,1.919,50.4,0,59.9,0,0,0,0,0,0,0,0,66
2025-09-28T08:07:55.375Z,59.7,21.1,1.92,49.6,0,59.9,0,0,0,0,0,0,0,0,66
2025-09-28T08:07:56.381Z,59.7,21.1,1.92,50.4,0,59.9,0,0,0,0,0,0,0,0,66
2025-09-28T08:07:57.379Z,59.7,21.1,1.92,49.6,0,59.9,0,0,0,0,0,0,0,0,66
2025-09-28T08:07:58.378Z,59.7,21.1,1.92,50.4,0,59.9,0,0,0,0,0,0,0,0,66
2025-09-28T08:07:59.376Z,59.7,21.1,1.919,49.6,0,59.9,0,0,0,0,0,0,0,0,66
2025-09-28T08:08:00.381Z,59.7,21.1,1.919,50.4,0,59.9,0,0,0,0,0,0,0,0,66
2025-09-28T08:08:01.382Z,59.7,21.1,1.92,49.6,0,59.9,0,0,0,0,0,0,0,0,66
2025-09-28T08:08:02.382Z,59.7,21.1,1.92,49.6,0,59.9,0,0,0,0,0,0,0,0,66
2025-09-28T08:08:03.387Z,59.7,21.1,1.92,50.4,0,59.9,0,0,0,0,0,0,0,0,66
2025-09-28T08:08:04.387Z,59.7,21.1,1.92,49.6,0,59.9,0,0,0,0,0,0,0,0,66
2025-09-28T08:08:05.387Z,59.6,21.1,1.92,49.6,0,59.9,0,0,0,0,0,0,0,0,66
2025-09-28T08:08:06.388Z,59.6,21.1,1.919,49.6,0,59.9,0,0,0,0,0,0,0,0,66
2025-09-28T08:08:07.390Z,59.6,21.1,1.92,50.4,0,59.9,0,0,0,0,0,0,0,0,66
2025-09-28T08:08:08.387Z,59.6,21.1,1.92,49.6,0,59.9,0,0,0,0,0,0,0,0,66
2025-09-28T08:08:09.391Z,59.6,21.1,1.92,50.4,0,59.9,0,0,0,0,0,0,0,0,66
2025-09-28T08:08:10.395Z,59.6,21.1,1.92,49.6,0,59.9,0,0,0,0,0,0,0,0,66
2025-09-28T08:08:11.402Z,59.6,21.1,1.92,50.4,0,59.9,0,0,0,0,0,0,0,0,66
2025-09-28T08:08:12.392Z,59.6,21.1,1.92,49.6,0,59.9,0,0,0,0,0,0,0,0,66
2025-09-28T08:08:13.398Z,59.6,21.1,1.92,50.4,0,59.9,0,0,0,0,0,0,0,0,66
2025-09-28T08:08:14.398Z,59.6,21.1,1.92,49.6,0,59.9,0,0,0,0,0,0,0,0,66
2025-09-28T08:08:15.394Z,59.6,21.1,1.92,50.4,0,59.9,0,0,0,0,0,0,0,0,66
2025-09-28T08:08:16.397Z,59.6,21.1,1.92,49.6,0,59.9,0,0,0,0,0,0,0,0,66
2025-09-28T08:08:17.405Z,59.6,21.1,1.92,50.4,0,59.9,0,0,0,0,0,0,0,0,66
2025-09-28T08:08:18.396Z,59.6,21.1,1.92,49.6,0,59.9,0,0,0,0,0,0,0,0,66
2025-09-28T08:08:19.403Z,59.6,21.1,1.92,50.4,0,59.9,0,0,0,0,0,0,0,0,66
2025-09-28T08:08:20.400Z,59.6,21.1,1.92,49.6,0,59.9,0,0,0,0,0,0,0,0,66
2025-09-28T08:08:21.398Z,59.6,21.1,1.92,50.4,0,59.9,0,0,0,0,0,0,0,0,66
2025-09-28T08:08:22.397Z,59.6,21.1,1.92,49.6,0,59.9,0,0,0,0,0,0,0,0,66
2025-09-28T08:08:23.397Z,59.6,21.1,1.92,50.4,0,59.9,0,0,0,0,0,0,0,0,66
2025-09-28T08:08:24.403Z,59.6,21.1,1.92,49.6,0,59.9,0,0,0,0,0,0,0,0,66
2025-09-28T08:08:25.401Z,59.6,21.1,1.92,50.4,0,59.9,0,0,0,0,0,0,0,0,66
2025-09-28T08:08:26.401Z,59.6,21.1,1.92,49.6,0,59.9,0,0,0,0,0,0,0,0,66
2025-09-28T08:08:27.401Z,59.6,21.1,1.92,50.4,0,59.9,0,0,0,0,0,0,0,0,66
2025-09-28T08:08:28.403Z,59.6,21.1,1.92,49.6,0,59.9,0,0,0,0,0,0,0,0,66
2025-09-28T08:08:29.405Z,59.6,21.1,1.92,50.4,0,59.9,0,0,0,0,0,0,0,0,66
2025-09-28T08:08:30.406Z,59.6,21.1,1.92,49.6,0,59.9,0,0,0,0,0,0,0,0,66
2025-09-28T08:08:31.409Z,59.6,21.1,1.92,50.4,0,59.9,0,0,0,0,0,0,0,0,66
2025-09-28T08:08:32.408Z,59.5,21.1,1.92,49.6,0,59.9,0,0,0,0,0,0,0,0,66
2025-09-28T08:08:33.405Z,59.5,21.1,1.92,50.4,0,59.9,0,0,0,0,0,0,0,0,66
2025-09-28T08:08:34.407Z,59.5,21.1,1.92,49.6,0,59.9,0,0,0,0,0,0,0,0,66
2025-09-28T08:08:35.405Z,59.5,21.1,1.92,50.4,0,59.9,0,0,0,0,0,0,0,0,66
2025-09-28T08:08:36.408Z,59.5,21.1,1.92,49.6,0,59.9,0,0,0,0,0,0,0,0,66
2025-09-28T08:08:37.412Z,59.5,21.1,1.92,50.4,0,59.9,0,0,0,0,0,0,0,0,66
2025-09-28T08:08:38.409Z,59.5,21.1,1.92,49.6,0,59.9,0,0,0,0,0,0,0,0,66
2025-09-28T08:08:39.413Z,59.5,21.1,1.92,50.4,0,59.9,0,0,0,0,0,0,0,0,66
2025-09-28T08:08:40.411Z,59.5,21.1,1.92,49.6,0,59.9,0,0,0,0,0,0,0,0,66
2025-09-28T08:08:41.415Z,59.5,21.1,1.92,50.4,0,59.9,0,0,0,0,0,0,0,0,66
2025-09-28T08:08:42.419Z,59.5,21.1,1.92,49.6,0,59.9,0,0,0,0,0,0,0,0,66
2025-09-28T08:08:43.414Z,59.5,21.1,1.92,50.4,0,59.9,0,0,0,0,0,0,0,0,66
2025-09-28T08:08:44.419Z,59.5,21.1,1.92,49.6,0,59.9,0,0,0,0,0,0,0,0,66
2025-09-28T08:08:45.420Z,59.5,21.1,1.92,50.4,0,59.9,0,0,0,0,0,0,0,0,66
2025-09-28T08:08:46.420Z,59.5,21.1,1.92,49.6,0,59.9,0,0,0,0,0,0,0,0,66
2025-09-28T08:08:47.422Z,59.5,21.1,1.92,50.4,0,59.9,0,0,0,0,0,0,0,0,66
2025-09-28T08:08:48.423Z,59.5,21.1,1.92,49.6,0,59.9,0,0,0,0,0,0,0,0,66
2025-09-28T08:08:49.428Z,59.5,21.1,1.92,50.4,0,59.9,0,0,0,0,0,0,0,0,66
2025-09-28T08:08:50.422Z,59.5,21.1,1.92,49.6,0,59.9,0,0,0,0,0,0,0,0,66
2025-09-28T08:08:51.425Z,59.5,21.1,1.92,50.4,0,59.9,0,0,0,0,0,0,0,0,66
2025-09-28T08:08:52.426Z,59.5,21.1,1.92,49.6,0,59.9,0,0,0,0,0,0,0,0,66
2025-09-28T08:08:53.423Z,59.5,21.1,1.92,50.4,0,59.9,0,0,0,0,0,0,0,0,66
2025-09-28T08:08:54.427Z,59.5,21.1,1.92,49.6,0,59.9,0,0,0,0,0,0,0,0,66
2025-09-28T08:08:55.427Z,59.5,21.1,1.92,50.4,0,59.9,0,0,0,0,0,0,0,0,66
2025-09-28T08:08:56.425Z,59.5,21.1,1.92,49.6,0,59.9,0,0,0,0,0,0,0,0,66
2025-09-28T08:08:57.429Z,59.5,21.1,1.92,50.4,0,59.9,0,0,0,0,0,0,0,0,66
2025-09-28T08:08:58.429Z,59.5,21.1,1.921,49.6,0,59.9,0,0,0,0,0,0,0,0,66
2025-09-28T08:08:59.430Z,59.5,21.1,1.921,50.4,0,59.9,0,0,0,0,0,0,0,0,66
2025-09-28T08:09:00.431Z,59.5,21.1,1.921,49.6,0,59.9,0,0,0,0,0,0,0,0,66
2025-09-28T08:09:01.428Z,59.5,21.1,1.921,50.4,0,59.9,0,0,0,0,0,0,0,0,66
2025-09-28T08:09:02.432Z,59.5,21.1,1.921,49.6,0,59.9,0,0,0,0,0,0,0,0,66
2025-09-28T08:09:03.434Z,59.4,21.1,1.92,50.4,0,59.9,0,0,0,0,0,0,0,0,66
2025-09-28T08:09:04.434Z,59.4,21.1,1.921,49.6,0,59.9,0,0,0,0,0,0,0,0,66
2025-09-28T08:09:05.433Z,59.5,21.1,1.921,49.6,0,59.9,0,0,0,0,0,0,0,0,66
2025-09-28T08:09:06.437Z,59.4,21.1,1.92,49.6,0,59.9,0,0,0,0,0,0,0,0,66
2025-09-28T08:09:07.433Z,59.4,21.1,1.921,49.6,0,59.9,0,0,0,0,0,0,0,0,66
2025-09-28T08:09:08.437Z,59.4,21.1,1.92,49.6,0,59.9,0,0,0,0,0,0,0,0,66
2025-09-28T08:09:09.442Z,59.4,21.1,1.92,50.4,0,59.9,0,0,0,0,0,0,0,0,66
2025-09-28T08:09:10.437Z,59.4,21.1,1.921,49.6,0,59.9,0,0,0,0,0,0,0,0,66
2025-09-28T08:09:11.436Z,59.4,21.1,1.921,50.4,0,59.9,0,0,0,0,0,0,0,0,66
2025-09-28T08:09:12.440Z,59.4,21.1,1.92,49.6,0,59.9,0,0,0,0,0,0,0,0,66
2025-09-28T08:09:13.440Z,59.4,21.1,1.92,50.4,0,59.9,0,0,0,0,0,0,0,0,66
2025-09-28T08:09:14.441Z,59.4,21.1,1.92,49.6,0,59.9,0,0,0,0,0,0,0,0,66
2025-09-28T08:09:15.447Z,59.4,21.1,1.92,50.4,0,59.9,0,0,0,0,0,0,0,0,66
2025-09-28T08:09:16.454Z,59.4,21.1,1.921,49.6,0,59.9,0,0,0,0,0,0,0,0,66
2025-09-28T08:09:17.448Z,59.4,21.1,1.92,50.4,0,59.9,0,0,0,0,0,0,0,0,66
2025-09-28T08:09:18.446Z,59.4,21.1,1.92,49.6,0,59.9,0,0,0,0,0,0,0,0,66
2025-09-28T08:09:19.443Z,59.4,21.1,1.921,50.4,0,59.9,0,0,0,0,0,0,0,0,66
2025-09-28T08:09:20.450Z,59.4,21.1,1.92,49.6,0,59.9,0,0,0,0,0,0,0,0,66
2025-09-28T08:09:21.449Z,59.4,21.1,1.92,50.4,0,59.9,0,0,0,0,0,0,0,0,66
2025-09-28T08:09:22.446Z,59.4,21.1,1.92,49.6,0,59.9,0,0,0,0,0,0,0,0,66
2025-09-28T08:09:23.444Z,59.4,21.1,1.921,50.4,0,59.9,0,0,0,0,0,0,0,0,66
2025-09-28T08:09:24.445Z,59.4,21.1,1.92,49.6,0,59.9,0,0,0,0,0,0,0,0,66
2025-09-28T08:09:25.446Z,59.4,21.1,1.92,50.4,0,59.9,0,0,0,0,0,0,0,0,66
2025-09-28T08:09:26.448Z,59.4,21.1,1.92,49.6,0,59.9,0,0,0,0,0,0,0,0,66
2025-09-28T08:09:27.453Z,59.4,21.1,1.92,50.4,0,59.9,0,0,0,0,0,0,0,0,66
2025-09-28T08:09:28.449Z,59.4,21.1,1.92,49.6,0,59.9,0,0,0,0,0,0,0,0,66
2025-09-28T08:09:29.450Z,59.4,21.1,1.92,50.4,0,59.9,0,0,0,0,0,0,0,0,66
2025-09-28T08:09:30.453Z,59.4,21.1,1.92,49.6,0,59.9,0,0,0,0,0,0,0,0,66
2025-09-28T08:09:31.450Z,59.4,21.1,1.92,50.4,0,59.9,0,0,0,0,0,0,0,0,66
2025-09-28T08:09:32.451Z,59.4,21.1,1.92,49.6,0,59.9,0,0,0,0,0,0,0,0,66
2025-09-28T08:09:33.455Z,59.4,21.1,1.92,50.4,0,59.9,0,0,0,0,0,0,0,0,66
2025-09-28T08:09:34.451Z,59.4,21.1,1.921,49.6,0,59.9,0,0,0,0,0,0,0,0,66
2025-09-28T08:09:35.457Z,59.4,21.1,1.92,50.4,0,59.9,0,0,0,0,0,0,0,0,66
2025-09-28T08:09:36.458Z,59.4,21.1,1.92,49.6,0,59.9,0,0,0,0,0,0,0,0,66
2025-09-28T08:09:37.458Z,59.4,21.1,1.921,50.4,0,59.9,0,0,0,0,0,0,0,0,66
2025-09-28T08:09:38.458Z,59.4,21.1,1.92,49.6,0,59.9,0,0,0,0,0,0,0,0,66
2025-09-28T08:09:39.455Z,59.4,21.1,1.921,50.4,0,59.9,0,0,0,0,0,0,0,0,66
2025-09-28T08:09:40.464Z,59.4,21.1,1.92,49.6,0,59.9,0,0,0,0,0,0,0,0,66
2025-09-28T08:09:41.464Z,59.4,21.1,1.92,50.4,0,59.9,0,0,0,0,0,0,0,0,66
2025-09-28T08:09:42.464Z,59.4,21.1,1.921,49.6,0,59.9,0,0,0,0,0,0,0,0,66
2025-09-28T08:09:43.462Z,59.4,21.1,1.92,50.4,0,59.9,0,0,0,0,0,0,0,0,66
2025-09-28T08:09:44.464Z,59.4,21.1,1.921,49.6,0,59.9,0,0,0,0,0,0,0,0,66
2025-09-28T08:09:45.467Z,59.4,21.1,1.92,50.4,0,59.9,0,0,0,0,0,0,0,0,66
2025-09-28T08:09:46.469Z,59.4,21.1,1.921,49.6,0,59.9,0,0,0,0,0,0,0,0,66
2025-09-28T08:09:47.465Z,59.4,21.1,1.921,50.4,0,59.9,0,0,0,0,0,0,0,0,66
2025-09-28T08:09:48.468Z,59.4,21.1,1.92,49.6,0,59.9,0,0,0,0,0,0,0,0,66
2025-09-28T08:09:49.472Z,59.4,21.1,1.92,50.4,0,59.9,0,0,0,0,0,0,0,0,66
2025-09-28T08:09:50.468Z,59.4,21.1,1.92,49.6,0,59.9,0,0,0,0,0,0,0,0,66
2025-09-28T08:09:51.477Z,59.3,21.1,1.922,50.4,0,59.9,0,0,0,0,0,0,0,0,66
2025-09-28T08:09:52.476Z,59.4,21.1,1.922,49.6,0,59.9,0,0,0,0,0,0,0,0,66
2025-09-28T08:09:53.470Z,59.3,21.1,1.92,49.6,0,59.9,0,0,0,0,0,0,0,0,66
2025-09-28T08:09:54.474Z,59.4,21.1,1.921,49.6,0,59.9,0,0,0,0,0,0,0,0,66
2025-09-28T08:09:55.471Z,59.3,21.1,1.92,50.4,0,59.9,0,0,0,0,0,0,0,0,66
2025-09-28T08:09:56.475Z,59.3,21.1,1.92,49.6,0,59.9,0,0,0,0,0,0,0,0,66
2025-09-28T08:09:57.472Z,59.3,21.1,1.92,50.4,0,59.9,0,0,0,0,0,0,0,0,66
2025-09-28T08:09:58.474Z,59.3,21.1,1.92,49.6,0,59.9,0,0,0,0,0,0,0,0,66
2025-09-28T08:09:59.477Z,59.3,21.1,1.921,50.4,0,59.9,0,0,0,0,0,0,0,0,66
2025-09-28T08:10:00.475Z,59.3,21.1,1.92,49.6,0,59.9,0,0,0,0,0,0,0,0,66
2025-09-28T08:10:01.475Z,59.3,21.1,1.921,50.4,0,59.9,0,0,0,0,0,0,0,0,66
2025-09-28T08:10:02.476Z,59.3,21.1,1.92,49.6,0,59.9,0,0,0,0,0,0,0,0,66
2025-09-28T08:10:03.481Z,59.3,21.1,1.921,50.4,0,59.9,0,0,0,0,0,0,0,0,66
2025-09-28T08:10:04.479Z,59.3,21.1,1.922,49.6,0,59.9,0,0,0,0,0,0,0,0,66
2025-09-28T08:10:05.482Z,59.3,21.1,1.922,50.4,0,59.9,0,0,0,0,0,0,0,0,66
2025-09-28T08:10:06.482Z,59.3,21.1,1.922,49.6,0,59.9,0,0,0,0,0,0,0,0,66
2025-09-28T08:10:07.481Z,59.3,21.1,1.922,50.4,0,59.9,0,0,0,0,0,0,0,0,66
2025-09-28T08:10:08.488Z,59.3,21.1,1.921,49.6,0,59.9,0,0,0,0,0,0,0,0,66
2025-09-28T08:10:09.484Z,59.3,21.1,1.921,50.4,0,59.9,0,0,0,0,0,0,0,0,66
2025-09-28T08:10:10.483Z,59.3,21.1,1.921,49.6,0,59.9,0,0,0,0,0,0,0,0,66
2025-09-28T08:10:11.493Z,59.3,21.1,1.921,50.4,0,59.9,0,0,0,0,0,0,0,0,66
2025-09-28T08:10:12.487Z,59.3,21.1,1.921,49.6,0,59.9,0,0,0,0,0,0,0,0,66
2025-09-28T08:10:13.493Z,59.3,21.1,1.922,50.4,0,59.9,0,0,0,0,0,0,0,0,66
2025-09-28T08:10:14.487Z,59.3,21.1,1.922,49.6,0,59.9,0,0,0,0,0,0,0,0,66
2025-09-28T08:10:15.488Z,59.3,21.1,1.92,50.4,0,59.9,0,0,0,0,0,0,0,0,66
2025-09-28T08:10:16.491Z,59.3,21.1,1.921,49.6,0,59.9,0,0,0,0,0,0,0,0,66
2025-09-28T08:10:17.491Z,59.3,21.1,1.921,50.4,0,59.9,0,0,0,0,0,0,0,0,66
2025-09-28T08:10:18.491Z,59.3,21.1,1.921,49.6,0,59.9,0,0,0,0,0,0,0,0,66
2025-09-28T08:10:19.493Z,59.3,21.1,1.921,49.6,0,59.9,0,0,0,0,0,0,0,0,66
2025-09-28T08:10:20.495Z,59.4,21.1,1.922,50.4,0,59.9,0,0,0,0,0,0,0,0,66
2025-09-28T08:10:21.497Z,59.4,21.1,1.921,49.6,0,59.9,0,0,0,0,0,0,0,0,66
2025-09-28T08:10:22.503Z,59.4,21.1,1.921,49.6,0,59.9,0,0,0,0,0,0,0,0,66
2025-09-28T08:10:23.495Z,59.4,21.1,1.921,50.4,0,59.9,0,0,0,0,0,0,0,0,66
2025-09-28T08:10:24.495Z,59.4,21.1,1.921,49.6,0,59.9,0,0,0,0,0,0,0,0,66
2025-09-28T08:10:25.500Z,59.4,21.1,1.921,50.4,0,59.9,0,0,0,0,0,0,0,0,66
2025-09-28T08:10:26.501Z,59.4,21.1,1.921,49.6,0,59.9,0,0,0,0,0,0,0,0,66
2025-09-28T08:10:27.503Z,59.4,21.1,1.922,50.4,0,59.9,0,0,0,0,0,0,0,0,66
2025-09-28T08:10:28.504Z,59.4,21.1,1.921,49.6,0,59.9,0,0,0,0,0,0,0,0,66
2025-09-28T08:10:29.501Z,59.4,21.1,1.921,50.4,0,59.9,0,0,0,0,0,0,0,0,66
2025-09-28T08:10:30.501Z,59.4,21.1,1.921,49.6,0,59.9,0,0,0,0,0,0,0,0,66
2025-09-28T08:10:31.504Z,59.4,21.1,1.921,50.4,0,59.9,0,0,0,0,0,0,0,0,66
2025-09-28T08:10:32.505Z,59.4,21.1,1.921,49.6,0,59.9,0,0,0,0,0,0,0,0,66
2025-09-28T08:10:33.503Z,59.4,21.1,1.922,50.4,0,59.9,0,0,0,0,0,0,0,0,66
2025-09-28T08:10:34.510Z,59.4,21.1,1.921,49.6,0,59.9,0,0,0,0,0,0,0,0,66
2025-09-28T08:10:35.510Z,59.4,21.1,1.922,49.6,0,59.9,0,0,0,0,0,0,0,0,66
2025-09-28T08:10:36.513Z,59.4,21.1,1.92,49.6,0,59.9,0,0,0,0,0,0,0,0,66
2025-09-28T08:10:37.514Z,59.4,21.1,1.92,50.4,0,59.9,0,0,0,0,0,0,0,0,66
2025-09-28T08:10:38.513Z,59.4,21.1,1.921,49.6,0,59.9,0,0,0,0,0,0,0,0,66
2025-09-28T08:10:39.509Z,59.4,21.1,1.921,50.4,0,59.9,0,0,0,0,0,0,0,0,66
2025-09-28T08:10:40.518Z,59.4,21.1,1.92,49.6,0,59.9,0,0,0,0,0,0,0,0,66
2025-09-28T08:10:41.513Z,59.4,21.1,1.921,50.4,0,59.9,0,0,0,0,0,0,0,0,66
2025-09-28T08:10:42.515Z,59.4,21.1,1.921,49.6,0,59.9,0,0,0,0,0,0,0,0,66
2025-09-28T08:10:43.515Z,59.4,21.1,1.921,50.4,0,59.9,0,0,0,0,0,0,0,0,66
2025-09-28T08:10:44.520Z,59.4,21.1,1.92,49.6,0,59.9,0,0,0,0,0,0,0,0,66
2025-09-28T08:10:45.525Z,59.4,21.1,1.92,50.4,0,59.9,0,0,0,0,0,0,0,0,66
2025-09-28T08:10:46.518Z,59.4,21.1,1.921,49.6,0,59.9,0,0,0,0,0,0,0,0,66
2025-09-28T08:10:47.520Z,59.4,21.1,1.921,50.4,0,59.9,0,0,0,0,0,0,0,0,66
2025-09-28T08:10:48.522Z,59.4,21.1,1.921,49.6,0,59.9,0,0,0,0,0,0,0,0,66
2025-09-28T08:10:49.526Z,59.4,21.1,1.92,50.4,0,59.9,0,0,0,0,0,0,0,0,66
2025-09-28T08:10:50.520Z,59.4,21.1,1.921,49.6,0,59.9,0,0,0,0,0,0,0,0,66
2025-09-28T08:10:51.522Z,59.4,21.1,1.921,50.4,0,59.9,0,0,0,0,0,0,0,0,66
2025-09-28T08:10:52.526Z,59.4,21.1,1.92,49.6,0,59.9,0,0,0,0,0,0,0,0,66
2025-09-28T08:10:53.538Z,59.4,21.1,1.921,50.4,0,59.9,0,0,0,0,0,0,0,0,66
2025-09-28T08:10:54.524Z,59.4,21.1,1.92,49.6,0,59.9,0,0,0,0,0,0,0,0,66
2025-09-28T08:10:55.528Z,59.4,21.1,1.92,50.4,0,59.9,0,0,0,0,0,0,0,0,66
2025-09-28T08:10:56.526Z,59.4,21.1,1.92,49.6,0,59.9,0,0,0,0,0,0,0,0,66
2025-09-28T08:10:57.527Z,59.4,21.1,1.92,49.6,0,59.9,0,0,0,0,0,0,0,0,66
2025-09-28T08:10:58.527Z,59.4,21.1,1.92,50.4,0,59.9,0,0,0,0,0,0,0,0,66
2025-09-28T08:10:59.527Z,59.4,21.1,1.92,50.4,0,59.9,0,0,0,0,0,0,0,0,66
2025-09-28T08:11:00.532Z,59.4,21.1,1.92,49.6,0,59.9,0,0,0,0,0,0,0,0,66
2025-09-28T08:11:01.532Z,59.4,21.1,1.92,50.4,0,59.9,0,0,0,0,0,0,0,0,66
2025-09-28T08:11:02.535Z,59.4,21.1,1.92,49.6,0,59.9,0,0,0,0,0,0,0,0,66
2025-09-28T08:11:03.532Z,59.4,21.1,1.92,49.6,0,59.9,0,0,0,0,0,0,0,0,66
2025-09-28T08:11:04.537Z,59.4,21.1,1.92,49.6,0,59.9,0,0,0,0,0,0,0,0,66
2025-09-28T08:11:05.537Z,59.4,21.1,1.92,49.6,0,59.9,0,0,0,0,0,0,0,0,66
2025-09-28T08:11:06.535Z,59.5,21.1,1.92,49.6,0,59.9,0,0,0,0,0,0,0,0,66
2025-09-28T08:11:07.534Z,59.4,21.1,1.92,50.4,0,59.9,0,0,0,0,0,0,0,0,66
2025-09-28T08:11:08.539Z,59.4,21.1,1.92,49.6,0,59.9,0,0,0,0,0,0,0,0,66
2025-09-28T08:11:09.542Z,59.4,21.1,1.92,50.4,0,59.9,0,0,0,0,0,0,0,0,66
2025-09-28T08:11:10.539Z,59.5,21.1,1.92,49.6,0,59.9,0,0,0,0,0,0,0,0,66
2025-09-28T08:11:11.539Z,59.5,21.1,1.92,49.6,0,59.9,0,0,0,0,0,0,0,0,66
2025-09-28T08:11:12.542Z,59.5,21.1,1.92,49.6,0,59.9,0,0,0,0,0,0,0,0,66
2025-09-28T08:11:13.543Z,59.5,21.1,1.92,50.4,0,59.9,0,0,0,0,0,0,0,0,66
2025-09-28T08:11:14.541Z,59.5,21.1,1.92,49.6,0,59.9,0,0,0,0,0,0,0,0,66
2025-09-28T08:11:15.548Z,59.5,21.1,1.92,50.4,0,59.9,0,0,0,0,0,0,0,0,66
2025-09-28T08:11:16.548Z,59.5,21.1,1.92,49.6,0,59.9,0,0,0,0,0,0,0,0,66
2025-09-28T08:11:17.548Z,59.5,21.1,1.92,49.6,0,59.9,0,0,0,0,0,0,0,0,66
2025-09-28T08:11:18.546Z,59.5,21.1,1.92,50.4,0,59.9,0,0,0,0,0,0,0,0,66
2025-09-28T08:11:19.547Z,59.5,21.1,1.92,49.6,0,59.9,0,0,0,0,0,0,0,0,66
2025-09-28T08:11:20.551Z,59.5,21.1,1.92,50.4,0,59.9,0,0,0,0,0,0,0,0,66
2025-09-28T08:11:21.551Z,59.5,21.1,1.92,49.6,0,59.9,0,0,0,0,0,0,0,0,66
2025-09-28T08:11:22.552Z,59.5,21.1,1.92,49.6,0,59.9,0,0,0,0,0,0,0,0,66
2025-09-28T08:11:23.550Z,59.5,21.1,1.92,50.4,0,59.9,0,0,0,0,0,0,0,0,66
2025-09-28T08:11:24.555Z,59.5,21.1,1.92,49.6,0,59.9,0,0,0,0,0,0,0,0,66
2025-09-28T08:11:25.552Z,59.5,21.1,1.92,49.6,0,59.9,0,0,0,0,0,0,0,0,66
2025-09-28T08:11:26.553Z,59.5,21.1,1.92,50.4,0,59.9,0,0,0,0,0,0,0,0,66
2025-09-28T08:11:27.550Z,59.5,21.1,1.92,49.6,0,59.9,0,0,0,0,0,0,0,0,66
2025-09-28T08:11:28.553Z,59.5,21.1,1.92,49.6,0,59.9,0,0,0,0,0,0,0,0,66
2025-09-28T08:11:29.554Z,59.5,21.1,1.92,50.4,0,59.9,0,0,0,0,0,0,0,0,66
2025-09-28T08:11:30.555Z,59.5,21.1,1.92,49.6,0,59.9,0,0,0,0,0,0,0,0,66
2025-09-28T08:11:31.553Z,59.6,21.1,1.92,49.6,0,59.9,0,0,0,0,0,0,0,0,66
2025-09-28T08:11:32.553Z,59.6,21.1,1.92,50.4,0,59.9,0,0,0,0,0,0,0,0,66
2025-09-28T08:11:33.558Z,59.6,21.1,1.92,50.4,0,59.9,0,0,0,0,0,0,0,0,66
2025-09-28T08:11:34.559Z,59.6,21.1,1.92,49.6,0,59.9,0,0,0,0,0,0,0,0,66
2025-09-28T08:11:35.557Z,59.6,21.1,1.92,50.4,0,59.9,0,0,0,0,0,0,0,0,66
2025-09-28T08:11:36.560Z,59.6,21.1,1.92,49.6,0,59.9,0,0,0,0,0,0,0,0,66
2025-09-28T08:11:37.566Z,59.6,21.1,1.92,49.6,0,59.9,0,0,0,0,0,0,0,0,66
2025-09-28T08:11:38.560Z,59.6,21.1,1.92,50.4,0,59.9,0,0,0,0,0,0,0,0,66
2025-09-28T08:11:39.562Z,59.6,21.1,1.92,49.6,0,59.9,0,0,0,0,0,0,0,0,66
2025-09-28T08:11:40.565Z,59.6,21.1,1.92,49.6,0,59.9,0,0,0,0,0,0,0,0,66
2025-09-28T08:11:41.564Z,59.6,21.1,1.92,50.4,0,59.9,0,0,0,0,0,0,0,0,66
2025-09-28T08:11:42.573Z,59.6,21.1,1.92,50.4,0,59.9,0,0,0,0,0,0,0,0,66
2025-09-28T08:11:43.565Z,59.6,21.1,1.92,49.6,0,59.9,0,0,0,0,0,0,0,0,66
2025-09-28T08:11:44.566Z,59.6,21.1,1.919,50.4,0,59.9,0,0,0,0,0,0,0,0,66
2025-09-28T08:11:45.566Z,59.6,21.1,1.92,50.4,0,59.9,0,0,0,0,0,0,0,0,66
2025-09-28T08:11:46.569Z,59.6,21.1,1.92,49.6,0,59.9,0,0,0,0,0,0,0,0,66
2025-09-28T08:11:47.567Z,59.6,21.1,1.92,50.4,0,59.9,0,0,0,0,0,0,0,0,66
2025-09-28T08:11:48.570Z,59.6,21.1,1.92,49.6,0,59.9,0,0,0,0,0,0,0,0,66
2025-09-28T08:11:49.574Z,59.6,21.1,1.92,50.4,0,59.9,0,0,0,0,0,0,0,0,66
2025-09-28T08:11:50.573Z,59.7,21.1,1.92,49.6,0,59.9,0,0,0,0,0,0,0,0,66
2025-09-28T08:11:51.572Z,59.7,21.1,1.92,50.4,0,59.9,0,0,0,0,0,0,0,0,66
2025-09-28T08:11:52.574Z,59.7,21.1,1.92,50.4,0,59.9,0,0,0,0,0,0,0,0,66
2025-09-28T08:11:53.572Z,59.7,21.1,1.92,49.6,0,59.9,0,0,0,0,0,0,0,0,66
2025-09-28T08:11:54.573Z,59.7,21.1,1.92,49.6,0,59.9,0,0,0,0,0,0,0,0,66
2025-09-28T08:11:55.576Z,59.7,21.1,1.92,49.6,0,59.9,0,0,0,0,0,0,0,0,66
2025-09-28T08:11:56.576Z,59.7,21.1,1.92,50.4,0,59.9,0,0,0,0,0,0,0,0,66
2025-09-28T08:11:57.574Z,59.7,21.1,1.92,50.4,0,59.9,0,0,0,0,0,0,0,0,66
2025-09-28T08:11:58.575Z,59.7,21.1,1.92,49.6,0,59.9,0,0,0,0,0,0,0,0,66
2025-09-28T08:11:59.577Z,59.7,21.1,1.92,49.6,0,59.9,0,0,0,0,0,0,0,0,66
2025-09-28T08:12:00.578Z,59.7,21.1,1.92,50.4,0,59.9,0,0,0,0,0,0,0,0,66
2025-09-28T08:12:01.579Z,59.7,21.1,1.919,50.4,0,59.9,0,0,0,0,0,0,0,0,66
2025-09-28T08:12:02.578Z,59.7,21.1,1.919,49.6,0,59.9,0,0,0,0,0,0,0,0,66
2025-09-28T08:12:03.577Z,59.7,21.1,1.92,50.4,0,59.9,0,0,0,0,0,0,0,0,66
2025-09-28T08:12:04.579Z,59.7,21.1,1.919,49.6,0,59.9,0,0,0,0,0,0,0,0,66
2025-09-28T08:12:05.580Z,59.7,21.1,1.919,50.4,0,59.9,0,0,0,0,0,0,0,0,66
2025-09-28T08:12:06.582Z,59.8,21.1,1.919,49.6,0,59.9,0,0,0,0,0,0,0,0,66
2025-09-28T08:12:07.577Z,59.7,21.1,1.918,49.6,0,59.9,0,0,0,0,0,0,0,0,66
2025-09-28T08:12:08.584Z,59.8,21.1,1.919,50.4,0,59.9,0,0,0,0,0,0,0,0,66
2025-09-28T08:12:09.579Z,59.8,21.1,1.918,49.6,0,59.9,0,0,0,0,0,0,0,0,66
2025-09-28T08:12:10.582Z,59.8,21.1,1.919,50.4,0,59.9,0,0,0,0,0,0,0,0,66
2025-09-28T08:12:11.583Z,59.8,21.1,1.919,50.4,0,59.9,0,0,0,0,0,0,0,0,66
2025-09-28T08:12:12.588Z,59.8,21.1,1.919,49.6,0,59.9,0,0,0,0,0,0,0,0,66
2025-09-28T08:12:13.594Z,59.8,21.1,1.919,49.6,0,59.9,0,0,0,0,0,0,0,0,66
2025-09-28T08:12:14.592Z,59.8,21.1,1.919,49.6,0,59.9,0,0,0,0,0,0,0,0,66
2025-09-28T08:12:15.585Z,59.8,21.1,1.918,50.4,0,59.9,0,0,0,0,0,0,0,0,66
2025-09-28T08:12:16.591Z,59.8,21.1,1.919,50.4,0,59.9,0,0,0,0,0,0,0,0,66
2025-09-28T08:12:17.590Z,59.8,21.1,1.919,49.6,0,59.9,0,0,0,0,0,0,0,0,66
2025-09-28T08:12:18.588Z,59.8,21.1,1.919,50.4,0,59.9,0,0,0,0,0,0,0,0,66
2025-09-28T08:12:19.590Z,59.8,21.1,1.919,49.6,0,59.9,0,0,0,0,0,0,0,0,66
2025-09-28T08:12:20.589Z,59.8,21.1,1.919,50.4,0,59.9,0,0,0,0,0,0,0,0,66
2025-09-28T08:12:21.591Z,59.9,21.1,1.919,49.6,0,59.9,0,0,0,0,0,0,0,0,66
2025-09-28T08:12:22.593Z,59.9,21.1,1.919,50.4,0,59.9,0,0,0,0,0,0,0,0,66
2025-09-28T08:12:23.595Z,59.9,21.1,1.919,50.4,0,59.9,0,0,0,0,0,0,0,0,66
2025-09-28T08:12:24.595Z,59.9,21.1,1.919,49.6,0,59.9,0,0,0,0,0,0,0,0,66
2025-09-28T08:12:25.598Z,59.9,21.1,1.919,50.4,0,59.9,0,0,0,0,0,0,0,0,66
2025-09-28T08:12:26.601Z,59.9,21.1,1.919,49.6,0,59.9,0,0,0,0,0,0,0,0,66
2025-09-28T08:12:27.599Z,59.9,21.1,1.919,50.4,0,59.9,0,0,0,0,0,0,0,0,66
2025-09-28T08:12:28.602Z,59.9,21.1,1.919,49.6,0,59.9,0,0,0,0,0,0,0,0,66
2025-09-28T08:12:29.603Z,59.9,21.1,1.919,50.4,0,59.9,0,0,0,0,0,0,0,0,66
2025-09-28T08:12:30.599Z,59.9,21.1,1.919,49.6,0,59.9,0,0,0,0,0,0,0,0,66
2025-09-28T08:12:31.602Z,59.9,21.1,1.919,50.4,0,59.9,0,0,0,0,0,0,0,0,66
2025-09-28T08:12:32.604Z,59.9,21.1,1.919,49.6,0,59.9,0,0,0,0,0,0,0,0,66
2025-09-28T08:12:33.604Z,59.9,21.1,1.919,50.4,0,59.9,0,0,0,0,0,0,0,0,66
2025-09-28T08:12:34.603Z,59.9,21.1,1.919,49.6,0,59.9,0,0,0,0,0,0,0,0,66
2025-09-28T08:12:35.603Z,60,21.1,1.918,49.6,0,59.9,0,0,0,0,0,0,0,0,66
2025-09-28T08:12:36.607Z,60,21.1,1.918,49.6,0,59.9,0,0,0,0,0,0,0,0,66
2025-09-28T08:12:37.610Z,60,21.1,1.917,50.4,0,59.9,0,0,0,0,0,0,0,0,66
2025-09-28T08:12:38.603Z,60,21.1,1.918,49.6,0,59.9,0,0,0,0,0,0,0,0,66
2025-09-28T08:12:39.611Z,60,21.1,1.917,49.6,0,59.9,0,0,0,0,0,0,0,0,66
2025-09-28T08:12:40.613Z,60,21.1,1.917,50.4,0,59.9,0,0,0,0,0,0,0,0,66
2025-09-28T08:12:41.612Z,60,21.1,1.917,49.6,0,59.9,0,0,0,0,0,0,0,0,66
2025-09-28T08:12:42.611Z,60,21.1,1.918,49.6,0,59.9,0,0,0,0,0,0,0,0,66
2025-09-28T08:12:43.611Z,60,21.1,1.918,50.4,0,59.9,0,0,0,0,0,0,0,0,66
2025-09-28T08:12:44.617Z,60,21.1,1.917,49.6,0,59.9,0,0,0,0,0,0,0,0,66
2025-09-28T08:12:45.615Z,60,21.1,1.917,49.6,0,59.9,0,0,0,0,0,0,0,0,66
2025-09-28T08:12:46.617Z,60,21.1,1.917,50.4,0,59.9,0,0,0,0,0,0,0,0,66
2025-09-28T08:12:47.621Z,60,21.1,1.917,49.6,0,59.9,0,0,0,0,0,0,0,0,66
2025-09-28T08:12:48.621Z,60,21.1,1.916,49.6,0,59.9,0,0,0,0,0,0,0,0,66
2025-09-28T08:12:49.621Z,60,21.1,1.916,50.4,0,59.9,0,0,0,0,0,0,0,0,66
2025-09-28T08:12:50.621Z,60,21.1,1.916,50.4,0,59.9,0,0,0,0,0,0,0,0,66
2025-09-28T08:12:51.630Z,60.1,21.1,1.918,49.6,0,59.9,0,0,0,0,0,0,0,0,66
2025-09-28T08:12:52.628Z,60.1,21.1,1.916,50.4,0,59.9,0,0,0,0,0,0,0,0,66
2025-09-28T08:12:53.622Z,60.1,21.1,1.916,50.4,0,59.9,0,0,0,0,0,0,0,0,66
2025-09-28T08:12:54.622Z,60.1,21.1,1.916,49.6,0,59.9,0,0,0,0,0,0,0,0,66
2025-09-28T08:12:55.631Z,60.1,21.1,1.917,50.4,0,59.9,0,0,0,0,0,0,0,0,66
2025-09-28T08:12:56.627Z,60.1,21.1,1.916,49.6,0,59.9,0,0,0,0,0,0,0,0,66
2025-09-28T08:12:57.631Z,60.1,21.1,1.917,50.4,0,59.9,0,0,0,0,0,0,0,0,66
2025-09-28T08:12:58.628Z,60.1,21.1,1.916,49.6,0,59.9,0,0,0,0,0,0,0,0,66
2025-09-28T08:12:59.630Z,60.1,21.1,1.916,50.4,0,59.9,0,0,0,0,0,0,0,0,66
2025-09-28T08:13:00.632Z,60.1,21.1,1.917,49.6,0,59.9,0,0,0,0,0,0,0,0,66
2025-09-28T08:13:01.632Z,60.1,21.1,1.917,49.6,0,59.9,0,0,0,0,0,0,0,0,66
2025-09-28T08:13:02.632Z,60.1,21.1,1.917,50.4,0,59.9,0,0,0,0,0,0,0,0,66
2025-09-28T08:13:03.630Z,60.1,21.1,1.916,49.6,0,59.9,0,0,0,0,0,0,0,0,66
2025-09-28T08:13:04.634Z,60.1,21.1,1.917,50.4,0,59.9,0,0,0,0,0,0,0,0,66
2025-09-28T08:13:05.633Z,60.2,21.1,1.917,50.4,0,59.9,0,0,0,0,0,0,0,0,66
2025-09-28T08:13:06.637Z,60.2,21.1,1.917,49.6,0,59.9,0,0,0,0,0,0,0,0,66
2025-09-28T08:13:07.632Z,60.2,21.1,1.916,50.4,0,59.9,0,0,0,0,0,0,0,0,66
2025-09-28T08:13:08.638Z,60.2,21.1,1.917,49.6,0,59.9,0,0,0,0,0,0,0,0,66
2025-09-28T08:13:09.640Z,60.2,21.1,1.917,50.4,0,59.9,0,0,0,0,0,0,0,0,66
2025-09-28T08:13:10.644Z,60.2,21.1,1.917,49.6,0,59.9,0,0,0,0,0,0,0,0,66
2025-09-28T08:13:11.639Z,60.2,21.1,1.917,50.4,0,59.9,0,0,0,0,0,0,0,0,66
2025-09-28T08:13:12.640Z,60.2,21.1,1.917,50.4,0,59.9,0,0,0,0,0,0,0,0,66
2025-09-28T08:13:13.643Z,60.2,21.1,1.917,49.6,0,59.9,0,0,0,0,0,0,0,0,66
2025-09-28T08:13:14.641Z,60.2,21.1,1.917,50.4,0,59.9,0,0,0,0,0,0,0,0,66
2025-09-28T08:13:15.640Z,60.2,21.1,1.917,49.6,0,59.9,0,0,0,0,0,0,0,0,66
2025-09-28T08:13:16.643Z,60.2,21.1,1.917,50.4,0,59.9,0,0,0,0,0,0,0,0,66
2025-09-28T08:13:17.645Z,60.2,21.1,1.916,49.6,0,59.9,0,0,0,0,0,0,0,0,66
2025-09-28T08:13:18.644Z,60.3,21.1,1.916,50.4,0,59.9,0,0,0,0,0,0,0,0,66
2025-09-28T08:13:19.652Z,60.3,21.1,1.917,49.6,0,59.9,0,0,0,0,0,0,0,0,66
2025-09-28T08:13:20.645Z,60.3,21.1,1.916,50.4,0,59.9,0,0,0,0,0,0,0,0,66
2025-09-28T08:13:21.650Z,60.3,21.1,1.916,49.6,0,59.9,0,0,0,0,0,0,0,0,66
2025-09-28T08:13:22.649Z,60.3,21.1,1.916,49.6,0,59.9,0,0,0,0,0,0,0,0,66
2025-09-28T08:13:23.647Z,60.3,21.1,1.916,49.6,0,59.9,0,0,0,0,0,0,0,0,66
2025-09-28T08:13:24.647Z,60.3,21.1,1.916,50.4,0,59.9,0,0,0,0,0,0,0,0,66
2025-09-28T08:13:25.651Z,60.3,21.1,1.916,49.6,0,59.9,0,0,0,0,0,0,0,0,66
2025-09-28T08:13:26.650Z,60.3,21.1,1.916,50.4,0,59.9,0,0,0,0,0,0,0,0,66
2025-09-28T08:13:27.647Z,60.3,21.1,1.916,50.4,0,59.9,0,0,0,0,0,0,0,0,66
2025-09-28T08:13:28.655Z,60.3,21.1,1.916,49.6,0,59.9,0,0,0,0,0,0,0,0,66
2025-09-28T08:13:29.651Z,60.3,21.1,1.915,50.4,0,59.9,0,0,0,0,0,0,0,0,66
2025-09-28T08:13:30.651Z,60.4,21.1,1.915,49.6,0,59.9,0,0,0,0,0,0,0,0,66
2025-09-28T08:13:31.652Z,60.4,21.1,1.916,50.4,0,59.9,0,0,0,0,0,0,0,0,66
2025-09-28T08:13:32.657Z,60.4,21.1,1.915,49.6,0,59.9,0,0,0,0,0,0,0,0,66
2025-09-28T08:13:33.657Z,60.4,21.1,1.915,50.4,0,59.9,0,0,0,0,0,0,0,0,66
2025-09-28T08:13:34.659Z,60.4,21.1,1.915,49.6,0,59.9,0,0,0,0,0,0,0,0,66
2025-09-28T08:13:35.657Z,60.4,21.1,1.915,50.4,0,59.9,0,0,0,0,0,0,0,0,66
2025-09-28T08:13:36.661Z,60.4,21.1,1.915,50.4,0,59.9,0,0,0,0,0,0,0,0,66
2025-09-28T08:13:37.662Z,60.4,21.1,1.915,49.6,0,59.9,0,0,0,0,0,0,0,0,66
2025-09-28T08:13:38.662Z,60.4,21.1,1.915,49.6,0,59.9,0,0,0,0,0,0,0,0,66
2025-09-28T08:13:39.659Z,60.4,21.1,1.915,49.6,0,59.9,0,0,0,0,0,0,0,0,66
2025-09-28T08:13:40.671Z,60.4,21.1,1.915,50.4,0,59.9,0,0,0,0,0,0,0,0,66
2025-09-28T08:13:41.665Z,60.4,21.1,1.915,49.6,0,59.9,0,0,0,0,0,0,0,0,66
2025-09-28T08:13:42.669Z,60.4,21.1,1.915,50.4,0,59.9,0,0,0,0,0,0,0,0,66
2025-09-28T08:13:43.669Z,60.4,21.1,1.915,49.6,0,59.9,0,0,0,0,0,0,0,0,66
2025-09-28T08:13:44.674Z,60.5,21.1,1.915,50.4,0,59.9,0,0,0,0,0,0,0,0,66
2025-09-28T08:13:45.670Z,60.5,21.1,1.915,49.6,0,59.9,0,0,0,0,0,0,0,0,66
2025-09-28T08:13:46.672Z,60.5,21.1,1.915,50.4,0,59.9,0,0,0,0,0,0,0,0,66
2025-09-28T08:13:47.676Z,60.5,21.1,1.915,49.6,0,59.9,0,0,0,0,0,0,0,0,66
2025-09-28T08:13:48.677Z,60.5,21.1,1.915,50.4,0,59.9,0,0,0,0,0,0,0,0,66
2025-09-28T08:13:49.673Z,60.5,21.1,1.915,49.6,0,59.9,0,0,0,0,0,0,0,0,66
2025-09-28T08:13:50.674Z,60.5,21.1,1.915,50.4,0,59.9,0,0,0,0,0,0,0,0,66
2025-09-28T08:13:51.677Z,60.5,21.1,1.915,49.6,0,59.9,0,0,0,0,0,0,0,0,66
2025-09-28T08:13:52.682Z,60.5,21.1,1.915,50.4,0,59.9,0,0,0,0,0,0,0,0,66
2025-09-28T08:13:53.681Z,60.5,21.1,1.915,49.6,0,59.9,0,0,0,0,0,0,0,0,66
2025-09-28T08:13:54.683Z,60.5,21.1,1.915,49.6,0,59.9,0,0,0,0,0,0,0,0,66
2025-09-28T08:13:55.677Z,60.5,21.1,1.915,49.6,0,59.9,0,0,0,0,0,0,0,0,66
2025-09-28T08:13:56.683Z,60.5,21.1,1.915,49.6,0,59.9,0,0,0,0,0,0,0,0,66
2025-09-28T08:13:57.683Z,60.6,21.1,1.915,50.4,0,59.9,0,0,0,0,0,0,0,0,66
2025-09-28T08:13:58.678Z,60.6,21.1,1.914,49.6,0,59.9,0,0,0,0,0,0,0,0,66
2025-09-28T08:13:59.695Z,60.6,21.1,1.914,50.4,0,59.9,0,0,0,0,0,0,0,0,66
2025-09-28T08:14:00.685Z,60.6,21.1,1.915,50.4,0,59.9,0,0,0,0,0,0,0,0,66
2025-09-28T08:14:01.683Z,60.6,21.1,1.915,49.6,0,59.9,0,0,0,0,0,0,0,0,66
2025-09-28T08:14:02.682Z,60.6,21.1,1.915,49.6,0,59.9,0,0,0,0,0,0,0,0,66
2025-09-28T08:14:03.687Z,60.6,21.1,1.915,49.6,0,59.9,0,0,0,0,0,0,0,0,66
2025-09-28T08:14:04.690Z,60.6,21.1,1.915,50.4,0,59.9,0,0,0,0,0,0,0,0,66
2025-09-28T08:14:05.693Z,60.6,21.1,1.915,50.4,0,59.9,0,0,0,0,0,0,0,0,66
2025-09-28T08:14:06.689Z,60.6,21.1,1.915,49.6,0,59.9,0,0,0,0,0,0,0,0,66
2025-09-28T08:14:07.688Z,60.6,21.1,1.915,49.6,0,59.9,0,0,0,0,0,0,0,0,66
2025-09-28T08:14:08.691Z,60.6,21.1,1.914,49.6,0,59.9,0,0,0,0,0,0,0,0,66
2025-09-28T08:14:09.688Z,60.6,21.1,1.914,50.4,0,59.9,0,0,0,0,0,0,0,0,66
2025-09-28T08:14:10.694Z,60.6,21.1,1.915,50.4,0,59.9,0,0,0,0,0,0,0,0,66
2025-09-28T08:14:11.696Z,60.7,21.1,1.914,49.6,0,59.9,0,0,0,0,0,0,0,0,66
2025-09-28T08:14:12.694Z,60.7,21.1,1.914,50.4,0,59.9,0,0,0,0,0,0,0,0,66
2025-09-28T08:14:13.697Z,60.7,21.1,1.914,49.6,0,59.9,0,0,0,0,0,0,0,0,66
2025-09-28T08:14:14.697Z,60.7,21.1,1.914,50.4,0,59.9,0,0,0,0,0,0,0,0,66
2025-09-28T08:14:15.694Z,60.7,21.1,1.914,49.6,0,59.9,0,0,0,0,0,0,0,0,66
2025-09-28T08:14:16.706Z,60.7,21.1,1.913,50.4,0,59.9,0,0,0,0,0,0,0,0,66
2025-09-28T08:14:17.701Z,60.7,21.1,1.913,49.6,0,59.9,0,0,0,0,0,0,0,0,66
2025-09-28T08:14:18.699Z,60.7,21.1,1.914,49.6,0,59.9,0,0,0,0,0,0,0,0,66
2025-09-28T08:14:19.702Z,60.7,21.1,1.913,50.4,0,59.9,0,0,0,0,0,0,0,0,66
2025-09-28T08:14:20.705Z,60.7,21.1,1.913,49.6,0,59.9,0,0,0,0,0,0,0,0,66
2025-09-28T08:14:21.699Z,60.7,21.1,1.914,49.6,0,59.9,0,0,0,0,0,0,0,0,66
2025-09-28T08:14:22.706Z,60.7,21.1,1.913,50.4,0,59.9,0,0,0,0,0,0,0,0,66
2025-09-28T08:14:23.702Z,60.7,21.1,1.913,49.6,0,59.9,0,0,0,0,0,0,0,0,66
2025-09-28T08:14:24.701Z,60.7,21.1,1.913,50.4,0,59.9,0,0,0,0,0,0,0,0,66
2025-09-28T08:14:25.703Z,60.7,21.1,1.913,50.4,0,59.9,0,0,0,0,0,0,0,0,66
2025-09-28T08:14:26.701Z,60.7,21.1,1.913,49.6,0,59.9,0,0,0,0,0,0,0,0,66
2025-09-28T08:14:27.705Z,60.8,21.1,1.913,49.6,0,59.9,0,0,0,0,0,0,0,0,66
2025-09-28T08:14:28.705Z,60.8,21.1,1.913,49.6,0,59.9,0,0,0,0,0,0,0,0,66
2025-09-28T08:14:29.707Z,60.8,21.1,1.913,50.4,0,59.9,0,0,0,0,0,0,0,0,66
2025-09-28T08:14:30.711Z,60.8,21.1,1.913,50.4,0,59.9,0,0,0,0,0,0,0,0,66
2025-09-28T08:14:31.707Z,60.8,21.1,1.913,49.6,0,59.9,0,0,0,0,0,0,0,0,66
2025-09-28T08:14:32.709Z,60.8,21.1,1.913,50.4,0,59.9,0,0,0,0,0,0,0,0,66
2025-09-28T08:14:33.709Z,60.8,21.1,1.913,49.6,0,59.9,0,0,0,0,0,0,0,0,66
2025-09-28T08:14:34.716Z,60.8,21.1,1.913,50.4,0,59.9,0,0,0,0,0,0,0,0,66
2025-09-28T08:14:35.712Z,60.8,21.1,1.913,50.4,0,59.9,0,0,0,0,0,0,0,0,66
2025-09-28T08:14:36.717Z,60.8,21.1,1.914,49.6,0,59.9,0,0,0,0,0,0,0,0,66
2025-09-28T08:14:37.714Z,60.8,21.1,1.913,49.6,0,59.9,0,0,0,0,0,0,0,0,66
2025-09-28T08:14:38.718Z,60.8,21.1,1.913,50.4,0,59.9,0,0,0,0,0,0,0,0,66
2025-09-28T08:14:39.719Z,60.8,21.1,1.914,50.4,0,59.9,0,0,0,0,0,0,0,0,66
2025-09-28T08:14:40.723Z,60.8,21.1,1.914,49.6,0,59.9,0,0,0,0,0,0,0,0,66
2025-09-28T08:14:41.715Z,60.8,21.1,1.913,50.4,0,59.9,0,0,0,0,0,0,0,0,66
2025-09-28T08:14:42.721Z,60.8,21.1,1.914,49.6,0,59.9,0,0,0,0,0,0,0,0,66
2025-09-28T08:14:43.724Z,60.9,21.1,1.914,50.4,0,59.9,0,0,0,0,0,0,0,0,66
2025-09-28T08:14:44.725Z,60.8,21.1,1.914,49.6,0,59.9,0,0,0,0,0,0,0,0,66
2025-09-28T08:14:45.726Z,60.9,21.1,1.914,50.4,0,59.9,0,0,0,0,0,0,0,0,66
2025-09-28T08:14:46.722Z,60.9,21.1,1.912,49.6,0,59.9,0,0,0,0,0,0,0,0,66
2025-09-28T08:14:47.723Z,60.9,21.1,1.913,50.4,0,59.9,0,0,0,0,0,0,0,0,66
2025-09-28T08:14:48.723Z,60.9,21.1,1.913,49.6,0,59.9,0,0,0,0,0,0,0,0,66
2025-09-28T08:14:49.726Z,60.9,21.1,1.913,50.4,0,59.9,0,0,0,0,0,0,0,0,66
2025-09-28T08:14:50.730Z,60.9,21.1,1.913,49.6,0,59.9,0,0,0,0,0,0,0,0,66
2025-09-28T08:14:51.726Z,60.9,21.1,1.913,50.4,0,59.9,0,0,0,0,0,0,0,0,66
2025-09-28T08:14:52.735Z,60.9,21.1,1.913,49.6,0,59.9,0,0,0,0,0,0,0,0,66
2025-09-28T08:14:53.727Z,60.9,21.1,1.913,50.4,0,59.9,0,0,0,0,0,0,0,0,66
2025-09-28T08:14:54.728Z,60.9,21.1,1.913,49.6,0,59.9,0,0,0,0,0,0,0,0,66
2025-09-28T08:14:55.728Z,60.9,21.1,1.913,50.4,0,59.9,0,0,0,0,0,0,0,0,66
2025-09-28T08:14:56.732Z,60.9,21.1,1.913,49.6,0,59.9,0,0,0,0,0,0,0,0,66
2025-09-28T08:14:57.732Z,60.9,21.1,1.912,50.4,0,59.9,0,0,0,0,0,0,0,0,66
2025-09-28T08:14:58.733Z,60.9,21.1,1.913,49.6,0,59.9,0,0,0,0,0,0,0,0,66
2025-09-28T08:14:59.733Z,60.9,21.1,1.913,50.4,0,59.9,0,0,0,0,0,0,0,0,66
2025-09-28T08:15:00.731Z,60.9,21.1,1.913,49.6,0,59.9,0,0,0,0,0,0,0,0,66
2025-09-28T08:15:01.741Z,60.9,21.1,1.912,50.4,0,59.9,0,0,0,0,0,0,0,0,66
2025-09-28T08:15:02.738Z,60.9,21.1,1.912,49.6,0,59.9,0,0,0,0,0,0,0,0,66
2025-09-28T08:15:03.743Z,60.9,21.1,1.912,50.4,0,59.9,0,0,0,0,0,0,0,0,66
2025-09-28T08:15:04.738Z,61,21.1,1.912,49.6,0,59.9,0,0,0,0,0,0,0,0,66
2025-09-28T08:15:05.743Z,61,21.1,1.912,50.4,0,59.9,0,0,0,0,0,0,0,0,66
2025-09-28T08:15:06.741Z,61,21.1,1.912,49.6,0,59.9,0,0,0,0,0,0,0,0,66
2025-09-28T08:15:07.740Z,61,21.1,1.912,50.4,0,59.9,0,0,0,0,0,0,0,0,66
2025-09-28T08:15:08.742Z,61,21.1,1.912,49.6,0,59.9,0,0,0,0,0,0,0,0,66
2025-09-28T08:15:09.740Z,61,21.1,1.912,50.4,0,59.9,0,0,0,0,0,0,0,0,66
2025-09-28T08:15:10.744Z,61,21.1,1.912,49.6,0,59.9,0,0,0,0,0,0,0,0,66
2025-09-28T08:15:11.742Z,61,21.1,1.912,50.4,0,59.9,0,0,0,0,0,0,0,0,66
2025-09-28T08:15:12.749Z,61,21.1,1.912,49.6,0,59.9,0,0,0,0,0,0,0,0,66
2025-09-28T08:15:13.749Z,61,21.1,1.912,49.6,0,59.9,0,0,0,0,0,0,0,0,66
2025-09-28T08:15:14.747Z,61,21.1,1.912,50.4,0,59.9,0,0,0,0,0,0,0,0,66
2025-09-28T08:15:15.748Z,61,21.1,1.912,49.6,0,59.9,0,0,0,0,0,0,0,0,66
2025-09-28T08:15:16.748Z,61,21.1,1.912,50.4,0,59.9,0,0,0,0,0,0,0,0,66
2025-09-28T08:15:17.750Z,61,21.1,1.912,49.6,0,59.9,0,0,0,0,0,0,0,0,66
2025-09-28T08:15:18.752Z,61,21.1,1.912,50.4,0,59.9,0,0,0,0,0,0,0,0,66
2025-09-28T08:15:19.752Z,61,21.1,1.912,49.6,0,59.9,0,0,0,0,0,0,0,0,66
2025-09-28T08:15:20.755Z,61,21.1,1.912,50.4,0,59.9,0,0,0,0,0,0,0,0,66
2025-09-28T08:15:21.761Z,61,21.1,1.912,49.6,0,59.9,0,0,0,0,0,0,0,0,66
2025-09-28T08:15:22.765Z,61,21.1,1.912,50.4,0,59.9,0,0,0,0,0,0,0,0,66
2025-09-28T08:15:23.754Z,61,21.1,1.912,49.6,0,59.9,0,0,0,0,0,0,0,0,66
2025-09-28T08:15:24.758Z,61,21.1,1.912,50.4,0,59.9,0,0,0,0,0,0,0,0,66
2025-09-28T08:15:25.760Z,61,21.1,1.912,49.6,0,59.9,0,0,0,0,0,0,0,0,66
2025-09-28T08:15:26.759Z,61,21.1,1.912,50.4,0,59.9,0,0,0,0,0,0,0,0,66
2025-09-28T08:15:27.754Z,61,21.1,1.912,49.6,0,59.9,0,0,0,0,0,0,0,0,66
2025-09-28T08:15:28.764Z,61,21.1,1.912,50.4,0,59.9,0,0,0,0,0,0,0,0,66
2025-09-28T08:15:29.760Z,61,21.1,1.912,49.6,0,59.9,0,0,0,0,0,0,0,0,66
2025-09-28T08:15:30.762Z,61,21.1,1.912,50.4,0,59.9,0,0,0,0,0,0,0,0,66
2025-09-28T08:15:31.760Z,61,21.1,1.912,49.6,0,59.9,0,0,0,0,0,0,0,0,66
2025-09-28T08:15:32.779Z,61,21.1,1.912,49.6,0,59.9,0,0,0,0,0,0,0,0,66
2025-09-28T08:15:33.768Z,61.1,21.1,1.912,49.6,0,59.9,0,0,0,0,0,0,0,0,66
2025-09-28T08:15:34.769Z,61.1,21.1,1.912,49.6,0,59.9,0,0,0,0,0,0,0,0,66
2025-09-28T08:15:35.766Z,61.1,21.1,1.912,50.4,0,59.9,0,0,0,0,0,0,0,0,66
2025-09-28T08:15:36.769Z,61.1,21.1,1.912,49.6,0,59.9,0,0,0,0,0,0,0,0,66
2025-09-28T08:15:37.769Z,61.1,21.1,1.912,50.4,0,59.9,0,0,0,0,0,0,0,0,66
2025-09-28T08:15:38.769Z,61.1,21.1,1.912,49.6,0,59.9,0,0,0,0,0,0,0,0,66
2025-09-28T08:15:39.778Z,61.1,21.1,1.912,50.4,0,59.9,0,0,0,0,0,0,0,0,66
2025-09-28T08:15:40.771Z,61.1,21.1,1.912,49.6,0,59.9,0,0,0,0,0,0,0,0,66
2025-09-28T08:15:41.777Z,61.1,21.1,1.912,50.4,0,59.9,0,0,0,0,0,0,0,0,66
2025-09-28T08:15:42.774Z,61.1,21.1,1.912,49.6,0,59.9,0,0,0,0,0,0,0,0,66
2025-09-28T08:15:43.773Z,61.1,21.1,1.912,49.6,0,59.9,0,0,0,0,0,0,0,0,66
2025-09-28T08:15:44.776Z,61.1,21.1,1.912,50.4,0,59.9,0,0,0,0,0,0,0,0,66
2025-09-28T08:15:45.781Z,61.1,21.1,1.912,49.6,0,59.9,0,0,0,0,0,0,0,0,66
2025-09-28T08:15:46.781Z,61.1,21.1,1.912,50.4,0,59.9,0,0,0,0,0,0,0,0,66
2025-09-28T08:15:47.780Z,61.1,21.1,1.912,49.6,0,59.9,0,0,0,0,0,0,0,0,66
2025-09-28T08:15:48.784Z,61.1,21.1,1.912,50.4,0,59.9,0,0,0,0,0,0,0,0,66
2025-09-28T08:15:49.782Z,61.1,21.1,1.912,49.6,0,59.9,0,0,0,0,0,0,0,0,66
2025-09-28T08:15:50.785Z,61.1,21.1,1.912,49.6,0,59.9,0,0,0,0,0,0,0,0,66
2025-09-28T08:15:51.783Z,61.1,21.1,1.912,49.6,0,59.9,0,0,0,0,0,0,0,0,66
2025-09-28T08:15:52.789Z,61.1,21.1,1.912,50.4,0,59.9,0,0,0,0,0,0,0,0,66
2025-09-28T08:15:53.786Z,61.1,21.1,1.912,49.6,0,59.9,0,0,0,0,0,0,0,0,66
2025-09-28T08:15:54.784Z,61.1,21.1,1.912,49.6,0,59.9,0,0,0,0,0,0,0,0,66
2025-09-28T08:15:55.785Z,61.1,21.1,1.912,50.4,0,59.9,0,0,0,0,0,0,0,0,66
2025-09-28T08:15:56.784Z,61.1,21.1,1.912,49.6,0,59.9,0,0,0,0,0,0,0,0,66
2025-09-28T08:15:57.790Z,61.1,21.1,1.912,50.4,0,59.9,0,0,0,0,0,0,0,0,66
2025-09-28T08:15:58.785Z,61.1,21.1,1.912,50.4,0,59.9,0,0,0,0,0,0,0,0,66
2025-09-28T08:15:59.787Z,61.1,21.1,1.912,49.6,0,59.9,0,0,0,0,0,0,0,0,66
2025-09-28T08:16:00.790Z,61.1,21.1,1.912,50.4,0,59.9,0,0,0,0,0,0,0,0,66
2025-09-28T08:16:01.791Z,61.1,21.1,1.912,49.6,0,59.9,0,0,0,0,0,0,0,0,66
2025-09-28T08:16:02.799Z,61.1,21.1,1.912,50.4,0,59.9,0,0,0,0,0,0,0,0,66
2025-09-28T08:16:03.794Z,61.1,21.1,1.912,49.6,0,59.9,0,0,0,0,0,0,0,0,66
2025-09-28T08:16:04.794Z,61.1,21.1,1.912,50.4,0,59.9,0,0,0,0,0,0,0,0,66
2025-09-28T08:16:05.798Z,61.1,21.1,1.912,49.6,0,59.9,0,0,0,0,0,0,0,0,66
2025-09-28T08:16:06.795Z,61.1,21.1,1.912,50.4,0,59.9,0,0,0,0,0,0,0,0,66
2025-09-28T08:16:07.797Z,61.1,21.1,1.912,49.6,0,59.9,0,0,0,0,0,0,0,0,66
2025-09-28T08:16:08.804Z,61.1,21.1,1.912,50.4,0,59.9,0,0,0,0,0,0,0,0,66
2025-09-28T08:16:09.800Z,61.1,21.1,1.912,49.6,0,59.9,0,0,0,0,0,0,0,0,66
2025-09-28T08:16:10.801Z,61.1,21.1,1.912,50.4,0,59.9,0,0,0,0,0,0,0,0,66
2025-09-28T08:16:11.801Z,61.1,21.1,1.912,49.6,0,59.9,0,0,0,0,0,0,0,0,66
2025-09-28T08:16:12.802Z,61.1,21.1,1.912,50.4,0,59.9,0,0,0,0,0,0,0,0,66
2025-09-28T08:16:13.807Z,61.1,21.1,1.912,49.6,0,59.9,0,0,0,0,0,0,0,0,66
2025-09-28T08:16:14.805Z,61.1,21.1,1.912,50.4,0,59.9,0,0,0,0,0,0,0,0,66
2025-09-28T08:16:15.812Z,61.1,21.1,1.912,49.6,0,59.9,0,0,0,0,0,0,0,0,66
2025-09-28T08:16:16.813Z,61.1,21.1,1.912,50.4,0,59.9,0,0,0,0,0,0,0,0,66
2025-09-28T08:16:17.814Z,61.1,21.1,1.912,49.6,0,59.9,0,0,0,0,0,0,0,0,66
2025-09-28T08:16:18.811Z,61.1,21.1,1.912,50.4,0,59.9,0,0,0,0,0,0,0,0,66
2025-09-28T08:16:19.810Z,61.1,21.1,1.912,49.6,0,59.9,0,0,0,0,0,0,0,0,66
2025-09-28T08:16:20.809Z,61.1,21.1,1.912,50.4,0,59.9,0,0,0,0,0,0,0,0,66
2025-09-28T08:16:21.809Z,61.1,21.1,1.912,49.6,0,59.9,0,0,0,0,0,0,0,0,66
2025-09-28T08:16:22.814Z,61.1,21.1,1.912,50.4,0,59.9,0,0,0,0,0,0,0,0,66
2025-09-28T08:16:23.816Z,61.1,21.1,1.912,49.6,0,59.9,0,0,0,0,0,0,0,0,66
2025-09-28T08:16:24.809Z,61.1,21.1,1.912,50.4,0,59.9,0,0,0,0,0,0,0,0,66
2025-09-28T08:16:25.811Z,61.1,21.1,1.912,49.6,0,59.9,0,0,0,0,0,0,0,0,66
2025-09-28T08:16:26.819Z,61.1,21.1,1.912,50.4,0,59.9,0,0,0,0,0,0,0,0,66
2025-09-28T08:16:27.820Z,61.1,21.1,1.912,49.6,0,59.9,0,0,0,0,0,0,0,0,66
2025-09-28T08:16:28.813Z,61.1,21.1,1.912,50.4,0,59.9,0,0,0,0,0,0,0,0,66
2025-09-28T08:16:29.819Z,61.1,21.1,1.912,49.6,0,59.9,0,0,0,0,0,0,0,0,66
2025-09-28T08:16:30.819Z,61,21.1,1.912,50.4,0,59.9,0,0,0,0,0,0,0,0,66
2025-09-28T08:16:31.819Z,61,21.1,1.912,49.6,0,59.9,0,0,0,0,0,0,0,0,66
2025-09-28T08:16:32.820Z,61,21.1,1.912,50.4,0,59.9,0,0,0,0,0,0,0,0,66
2025-09-28T08:16:33.829Z,61,21.1,1.912,49.6,0,59.9,0,0,0,0,0,0,0,0,66
2025-09-28T08:16:34.823Z,61,21.1,1.912,50.4,0,59.9,0,0,0,0,0,0,0,0,66
2025-09-28T08:16:35.826Z,61,21.1,1.912,49.6,0,59.9,0,0,0,0,0,0,0,0,66
2025-09-28T08:16:36.826Z,61,21.1,1.912,50.4,0,59.9,0,0,0,0,0,0,0,0,66
2025-09-28T08:16:37.828Z,61,21.1,1.912,49.6,0,59.9,0,0,0,0,0,0,0,0,66
2025-09-28T08:16:38.833Z,61,21.1,1.912,50.4,0,59.9,0,0,0,0,0,0,0,0,66
2025-09-28T08:16:39.832Z,61,21.1,1.912,49.6,0,59.9,0,0,0,0,0,0,0,0,66
2025-09-28T08:16:40.827Z,61,21.1,1.912,50.4,0,59.9,0,0,0,0,0,0,0,0,66
2025-09-28T08:16:41.834Z,61,21.1,1.912,49.6,0,59.9,0,0,0,0,0,0,0,0,66
2025-09-28T08:16:42.831Z,61,21.1,1.912,50.4,0,59.9,0,0,0,0,0,0,0,0,66
2025-09-28T08:16:43.833Z,61,21.1,1.912,49.6,0,59.9,0,0,0,0,0,0,0,0,66
2025-09-28T08:16:44.839Z,61,21.1,1.912,50.4,0,59.9,0,0,0,0,0,0,0,0,66
2025-09-28T08:16:45.834Z,61,21.1,1.912,49.6,0,59.9,0,0,0,0,0,0,0,0,66
2025-09-28T08:16:46.837Z,61,21.1,1.912,50.4,0,59.9,0,0,0,0,0,0,0,0,66
2025-09-28T08:16:47.838Z,61,21.1,1.912,49.6,0,59.9,0,0,0,0,0,0,0,0,66
2025-09-28T08:16:48.840Z,61,21.1,1.912,50.4,0,59.9,0,0,0,0,0,0,0,0,66
2025-09-28T08:16:49.841Z,61,21.1,1.912,49.6,0,59.9,0,0,0,0,0,0,0,0,66
2025-09-28T08:16:50.838Z,61,21.1,1.912,50.4,0,59.9,0,0,0,0,0,0,0,0,66
2025-09-28T08:16:51.843Z,61,21.1,1.912,49.6,0,59.9,0,0,0,0,0,0,0,0,66
2025-09-28T08:16:52.844Z,61,21.1,1.912,50.4,0,59.9,0,0,0,0,0,0,0,0,66
2025-09-28T08:16:53.841Z,61,21.1,1.912,49.6,0,59.9,0,0,0,0,0,0,0,0,66
2025-09-28T08:16:54.842Z,61,21.1,1.912,50.4,0,59.9,0,0,0,0,0,0,0,0,66
2025-09-28T08:16:55.843Z,61,21.1,1.912,49.6,0,59.9,0,0,0,0,0,0,0,0,66
2025-09-28T08:16:56.845Z,61,21.1,1.912,50.4,0,59.9,0,0,0,0,0,0,0,0,66
2025-09-28T08:16:57.845Z,61,21.1,1.912,49.6,0,59.9,0,0,0,0,0,0,0,0,66
2025-09-28T08:16:58.844Z,61,21.1,1.912,50.4,0,59.9,0,0,0,0,0,0,0,0,66
2025-09-28T08:16:59.846Z,61,21.1,1.912,49.6,0,59.9,0,0,0,0,0,0,0,0,66
2025-09-28T08:17:00.848Z,60.9,21.1,1.912,50.4,0,59.9,0,0,0,0,0,0,0,0,66
2025-09-28T08:17:01.847Z,60.9,21.1,1.912,49.6,0,59.9,0,0,0,0,0,0,0,0,66
2025-09-28T08:17:02.848Z,60.9,21.1,1.912,50.4,0,59.9,0,0,0,0,0,0,0,0,66
2025-09-28T08:17:03.850Z,60.9,21.1,1.912,49.6,0,59.9,0,0,0,0,0,0,0,0,66
2025-09-28T08:17:04.863Z,60.9,21.1,1.912,49.6,0,59.9,0,0,0,0,0,0,0,0,66
2025-09-28T08:17:05.858Z,60.9,21.1,1.912,49.6,0,59.9,0,0,0,0,0,0,0,0,66
2025-09-28T08:17:06.854Z,60.9,21.1,1.912,50.4,0,59.9,0,0,0,0,0,0,0,0,66
2025-09-28T08:17:07.851Z,60.9,21.1,1.912,49.6,0,59.9,0,0,0,0,0,0,0,0,66
2025-09-28T08:17:08.854Z,60.9,21.1,1.912,50.4,0,60,0,0,0,0,0,0,0,0,66
2025-09-28T08:17:09.864Z,60.9,21.1,1.913,49.6,0,60,0,0,0,0,0,0,0,0,66
2025-09-28T08:17:10.856Z,60.9,21.1,1.912,50.4,0,60,0,0,0,0,0,0,0,0,66
2025-09-28T08:17:11.860Z,60.9,21.1,1.913,49.6,0,60,0,0,0,0,0,0,0,0,66
2025-09-28T08:17:12.857Z,60.9,21.1,1.912,49.6,0,60,0,0,0,0,0,0,0,0,66
2025-09-28T08:17:13.859Z,60.9,21.1,1.913,49.6,0,60,0,0,0,0,0,0,0,0,66
2025-09-28T08:17:14.861Z,60.9,21.1,1.913,50.4,0,60,0,0,0,0,0,0,0,0,66
2025-09-28T08:17:15.863Z,60.9,21.1,1.913,49.6,0,60,0,0,0,0,0,0,0,0,66
2025-09-28T08:17:16.863Z,60.9,21.1,1.913,50.4,0,60,0,0,0,0,0,0,0,0,66
2025-09-28T08:17:17.865Z,60.9,21.1,1.913,49.6,0,60,0,0,0,0,0,0,0,0,66
2025-09-28T08:17:18.862Z,60.9,21.1,1.913,50.4,0,60,0,0,0,0,0,0,0,0,66
2025-09-28T08:17:19.868Z,60.9,21.1,1.913,49.6,0,60,0,0,0,0,0,0,0,0,66
2025-09-28T08:17:20.866Z,60.9,21.1,1.913,50.4,0,60,0,0,0,0,0,0,0,0,66
2025-09-28T08:17:21.865Z,60.9,21.1,1.913,49.6,0,60,0,0,0,0,0,0,0,0,66
2025-09-28T08:17:22.869Z,60.9,21.1,1.913,50.4,0,60,0,0,0,0,0,0,0,0,66
2025-09-28T08:17:23.867Z,60.9,21.1,1.913,49.6,0,60,0,0,0,0,0,0,0,0,66
2025-09-28T08:17:24.865Z,60.8,21.1,1.913,50.4,0,60,0,0,0,0,0,0,0,0,66
2025-09-28T08:17:25.868Z,60.8,21.1,1.913,49.6,0,60,0,0,0,0,0,0,0,0,66
2025-09-28T08:17:26.870Z,60.8,21.1,1.913,50.4,0,60,0,0,0,0,0,0,0,0,66
2025-09-28T08:17:27.877Z,60.8,21.1,1.912,49.6,0,60,0,0,0,0,0,0,0,0,66
2025-09-28T08:17:28.873Z,60.8,21.1,1.914,49.6,0,60,0,0,0,0,0,0,0,0,66
2025-09-28T08:17:29.876Z,60.8,21.1,1.914,50.4,0,60,0,0,0,0,0,0,0,0,66
2025-09-28T08:17:30.875Z,60.8,21.1,1.914,49.6,0,60,0,0,0,0,0,0,0,0,66
2025-09-28T08:17:31.876Z,60.8,21.1,1.914,49.6,0,60,0,0,0,0,0,0,0,0,66
2025-09-28T08:17:32.876Z,60.8,21.1,1.914,49.6,0,60,0,0,0,0,0,0,0,0,66
2025-09-28T08:17:33.877Z,60.8,21.1,1.914,50.4,0,60,0,0,0,0,0,0,0,0,66
2025-09-28T08:17:34.883Z,60.8,21.1,1.912,49.6,0,60,0,0,0,0,0,0,0,0,66
2025-09-28T08:17:35.887Z,60.8,21.1,1.912,50.4,0,60,0,0,0,0,0,0,0,0,66
2025-09-28T08:17:36.878Z,60.8,21.1,1.913,49.6,0,60,0,0,0,0,0,0,0,0,66
2025-09-28T08:17:37.881Z,60.8,21.1,1.913,50.4,0,60,0,0,0,0,0,0,0,0,66
2025-09-28T08:17:38.889Z,60.8,21.1,1.912,49.6,0,60,0,0,0,0,0,0,0,0,66
2025-09-28T08:17:39.883Z,60.8,21.1,1.913,50.4,0,60,0,0,0,0,0,0,0,0,66
2025-09-28T08:17:40.882Z,60.8,21.1,1.913,49.6,0,60,0,0,0,0,0,0,0,0,66
2025-09-28T08:17:41.885Z,60.8,21.1,1.913,50.4,0,60,0,0,0,0,0,0,0,0,66
2025-09-28T08:17:42.885Z,60.8,21.1,1.913,49.6,0,60,0,0,0,0,0,0,0,0,66
2025-09-28T08:17:43.886Z,60.8,21.1,1.913,49.6,0,60,0,0,0,0,0,0,0,0,66
2025-09-28T08:17:44.890Z,60.8,21.1,1.913,50.4,0,60,0,0,0,0,0,0,0,0,66
2025-09-28T08:17:45.890Z,60.8,21.1,1.913,49.6,0,60,0,0,0,0,0,0,0,0,66
2025-09-28T08:17:46.895Z,60.8,21.1,1.913,50.4,0,60,0,0,0,0,0,0,0,0,66
2025-09-28T08:17:47.890Z,60.7,21.1,1.913,49.6,0,60,0,0,0,0,0,0,0,0,66
2025-09-28T08:17:48.900Z,60.7,21.1,1.914,49.6,0,60,0,0,0,0,0,0,0,0,66
2025-09-28T08:17:49.890Z,60.7,21.1,1.913,50.4,0,60,0,0,0,0,0,0,0,0,66
2025-09-28T08:17:50.905Z,60.7,21.1,1.914,49.6,0,60,0,0,0,0,0,0,0,0,66
2025-09-28T08:17:51.892Z,60.7,21.1,1.913,50.4,0,60,0,0,0,0,0,0,0,0,66
2025-09-28T08:17:52.898Z,60.7,21.1,1.913,49.6,0,60,0,0,0,0,0,0,0,0,66
2025-09-28T08:17:53.900Z,60.7,21.1,1.914,49.6,0,60,0,0,0,0,0,0,0,0,66
2025-09-28T08:17:54.897Z,60.7,21.1,1.913,50.4,0,60,0,0,0,0,0,0,0,0,66
2025-09-28T08:17:55.901Z,60.7,21.1,1.914,49.6,0,60,0,0,0,0,0,0,0,0,66
2025-09-28T08:17:56.894Z,60.7,21.1,1.913,50.4,0,60,0,0,0,0,0,0,0,0,66
2025-09-28T08:17:57.902Z,60.7,21.1,1.914,49.6,0,60,0,0,0,0,0,0,0,0,66
2025-09-28T08:17:58.900Z,60.7,21.1,1.913,49.6,0,60,0,0,0,0,0,0,0,0,66
2025-09-28T08:17:59.905Z,60.7,21.1,1.914,50.4,0,60,0,0,0,0,0,0,0,0,66
2025-09-28T08:18:00.901Z,60.7,21.1,1.913,49.6,0,60,0,0,0,0,0,0,0,0,66
2025-09-28T08:18:01.903Z,60.7,21.1,1.913,50.4,0,60,0,0,0,0,0,0,0,0,66
2025-09-28T08:18:02.903Z,60.7,21.1,1.913,50.4,0,60,0,0,0,0,0,0,0,0,66
2025-09-28T08:18:03.908Z,60.7,21.1,1.914,49.6,0,60,0,0,0,0,0,0,0,0,66
2025-09-28T08:18:04.907Z,60.7,21.1,1.914,50.4,0,60,0,0,0,0,0,0,0,0,66
2025-09-28T08:18:05.910Z,60.7,21.1,1.914,49.6,0,60,0,0,0,0,0,0,0,0,66
2025-09-28T08:18:06.913Z,60.6,21.1,1.914,50.4,0,60,0,0,0,0,0,0,0,0,66
2025-09-28T08:18:07.911Z,60.6,21.1,1.914,50.4,0,60,0,0,0,0,0,0,0,0,66
2025-09-28T08:18:08.910Z,60.6,21.1,1.914,49.6,0,60,0,0,0,0,0,0,0,0,66
2025-09-28T08:18:09.920Z,60.6,21.1,1.914,50.4,0,60,0,0,0,0,0,0,0,0,66
2025-09-28T08:18:10.916Z,60.6,21.1,1.914,49.6,0,60,0,0,0,0,0,0,0,0,66
2025-09-28T08:18:11.914Z,60.6,21.1,1.914,50.4,0,60,0,0,0,0,0,0,0,0,66
2025-09-28T08:18:12.913Z,60.6,21.1,1.914,49.6,0,60,0,0,0,0,0,0,0,0,66
2025-09-28T08:18:13.915Z,60.6,21.1,1.914,50.4,0,60,0,0,0,0,0,0,0,0,66
2025-09-28T08:18:14.914Z,60.6,21.1,1.915,49.6,0,60,0,0,0,0,0,0,0,0,66
2025-09-28T08:18:15.917Z,60.6,21.1,1.915,50.4,0,60,0,0,0,0,0,0,0,0,66
2025-09-28T08:18:16.914Z,60.6,21.1,1.914,49.6,0,60,0,0,0,0,0,0,0,0,66
2025-09-28T08:18:17.919Z,60.6,21.1,1.915,50.4,0,60,0,0,0,0,0,0,0,0,66
2025-09-28T08:18:18.917Z,60.6,21.1,1.914,49.6,0,60,0,0,0,0,0,0,0,0,66
2025-09-28T08:18:19.923Z,60.6,21.1,1.915,50.4,0,60,0,0,0,0,0,0,0,0,66
2025-09-28T08:18:20.929Z,60.6,21.1,1.915,49.6,0,60,0,0,0,0,0,0,0,0,66
2025-09-28T08:18:21.929Z,60.6,21.1,1.915,50.4,0,60,0,0,0,0,0,0,0,0,66
2025-09-28T08:18:22.940Z,60.6,21.1,1.914,49.6,0,60,0,0,0,0,0,0,0,0,66
2025-09-28T08:18:23.923Z,60.6,21.1,1.915,50.4,0,60,0,0,0,0,0,0,0,0,66
2025-09-28T08:18:24.922Z,60.6,21.1,1.915,49.6,0,60,0,0,0,0,0,0,0,0,66
2025-09-28T08:18:25.922Z,60.6,21.1,1.915,50.4,0,60,0,0,0,0,0,0,0,0,66
2025-09-28T08:18:26.924Z,60.6,21.1,1.915,49.6,0,60,0,0,0,0,0,0,0,0,66
2025-09-28T08:18:27.926Z,60.5,21.1,1.915,50.4,0,60,0,0,0,0,0,0,0,0,66
2025-09-28T08:18:28.924Z,60.5,21.1,1.915,49.6,0,60,0,0,0,0,0,0,0,0,66
2025-09-28T08:18:29.925Z,60.5,21.1,1.915,50.4,0,60,0,0,0,0,0,0,0,0,66
2025-09-28T08:18:30.922Z,60.5,21.1,1.915,49.6,0,60,0,0,0,0,0,0,0,0,66
2025-09-28T08:18:31.932Z,60.5,21.1,1.915,50.4,0,60,0,0,0,0,0,0,0,0,66
2025-09-28T08:18:32.931Z,60.5,21.1,1.915,49.6,0,60,0,0,0,0,0,0,0,0,66
2025-09-28T08:18:33.929Z,60.5,21.1,1.915,50.4,0,60,0,0,0,0,0,0,0,0,66
2025-09-28T08:18:34.934Z,60.5,21.1,1.915,49.6,0,60,0,0,0,0,0,0,0,0,66
2025-09-28T08:18:35.936Z,60.5,21.1,1.915,50.4,0,60,0,0,0,0,0,0,0,0,66
2025-09-28T08:18:36.936Z,60.5,21.1,1.915,49.6,0,60,0,0,0,0,0,0,0,0,66
2025-09-28T08:18:37.943Z,60.5,21.1,1.914,50.4,0,60,0,0,0,0,0,0,0,0,66
2025-09-28T08:18:38.936Z,60.5,21.1,1.915,49.6,0,60,0,0,0,0,0,0,0,0,66
2025-09-28T08:18:39.937Z,60.5,21.1,1.915,50.4,0,60.1,0,0,0,0,0,0,0,0,66
2025-09-28T08:18:40.939Z,60.5,21.1,1.915,49.6,0,60.1,0,0,0,0,0,0,0,0,66
2025-09-28T08:18:41.945Z,60.5,21.1,1.915,50.4,0,60,0,0,0,0,0,0,0,0,66
2025-09-28T08:18:42.944Z,60.5,21.1,1.915,49.6,0,60,0,0,0,0,0,0,0,0,66
2025-09-28T08:18:43.942Z,60.5,21.1,1.915,50.4,0,60,0,0,0,0,0,0,0,0,66
2025-09-28T08:18:44.951Z,60.5,21.1,1.915,49.6,0,60.1,0,0,0,0,0,0,0,0,66
2025-09-28T08:18:45.943Z,60.5,21.1,1.915,50.4,0,60.1,0,0,0,0,0,0,0,0,66
2025-09-28T08:18:46.949Z,60.5,21.1,1.915,49.6,0,60,0,0,0,0,0,0,0,0,66
2025-09-28T08:18:47.950Z,60.5,21.1,1.915,50.4,0,60.1,0,0,0,0,0,0,0,0,66
2025-09-28T08:18:48.944Z,60.5,21.1,1.915,49.6,0,60.1,0,0,0,0,0,0,0,0,66
2025-09-28T08:18:49.948Z,60.5,21.1,1.915,50.4,0,60,0,0,0,0,0,0,0,0,66
2025-09-28T08:18:50.951Z,60.4,21.1,1.915,49.6,0,60.1,0,0,0,0,0,0,0,0,66
2025-09-28T08:18:51.948Z,60.4,21.1,1.915,50.4,0,60.1,0,0,0,0,0,0,0,0,66
2025-09-28T08:18:52.949Z,60.4,21.1,1.915,49.6,0,60.1,0,0,0,0,0,0,0,0,66
2025-09-28T08:18:53.951Z,60.4,21.1,1.915,50.4,0,60.1,0,0,0,0,0,0,0,0,66
2025-09-28T08:18:54.954Z,60.4,21.1,1.915,49.6,0,60.1,0,0,0,0,0,0,0,0,66
2025-09-28T08:18:55.952Z,60.4,21.1,1.915,50.4,0,60.1,0,0,0,0,0,0,0,0,66
2025-09-28T08:18:56.955Z,60.4,21.1,1.915,49.6,0,60.1,0,0,0,0,0,0,0,0,66
2025-09-28T08:18:57.957Z,60.4,21.1,1.915,49.6,0,60.1,0,0,0,0,0,0,0,0,66
2025-09-28T08:18:58.956Z,60.4,21.1,1.915,50.4,0,60.1,0,0,0,0,0,0,0,0,66
2025-09-28T08:18:59.955Z,60.4,21.1,1.915,49.6,0,60.1,0,0,0,0,0,0,0,0,66
2025-09-28T08:19:00.962Z,60.4,21.1,1.915,50.4,0,60.1,0,0,0,0,0,0,0,0,66
2025-09-28T08:19:01.960Z,60.4,21.1,1.915,49.6,0,60.1,0,0,0,0,0,0,0,0,66
2025-09-28T08:19:02.959Z,60.4,21.1,1.915,50.4,0,60.1,0,0,0,0,0,0,0,0,66
2025-09-28T08:19:03.962Z,60.4,21.1,1.915,49.6,0,60.1,0,0,0,0,0,0,0,0,66
2025-09-28T08:19:04.957Z,60.4,21.1,1.915,49.6,0,60.1,0,0,0,0,0,0,0,0,66
2025-09-28T08:19:05.962Z,60.4,21.1,1.915,49.6,0,60.1,0,0,0,0,0,0,0,0,66
2025-09-28T08:19:06.968Z,60.4,21.1,1.915,50.4,0,60.1,0,0,0,0,0,0,0,0,66
2025-09-28T08:19:07.970Z,60.4,21.1,1.915,49.6,0,60.1,0,0,0,0,0,0,0,0,66
2025-09-28T08:19:08.969Z,60.4,21.1,1.915,50.4,0,60.1,0,0,0,0,0,0,0,0,66
2025-09-28T08:19:09.969Z,60.4,21.1,1.915,49.6,0,60.1,0,0,0,0,0,0,0,0,66
2025-09-28T08:19:10.965Z,60.3,21.1,1.915,50.4,0,60.1,0,0,0,0,0,0,0,0,66
2025-09-28T08:19:11.972Z,60.3,21.1,1.915,49.6,0,60.1,0,0,0,0,0,0,0,0,66
2025-09-28T08:19:12.968Z,60.3,21.1,1.915,50.4,0,60.1,0,0,0,0,0,0,0,0,66
2025-09-28T08:19:13.975Z,60.3,21.1,1.915,49.6,0,60.1,0,0,0,0,0,0,0,0,66
2025-09-28T08:19:14.971Z,60.3,21.1,1.915,50.4,0,60.1,0,0,0,0,0,0,0,0,66
2025-09-28T08:19:15.969Z,60.3,21.1,1.915,49.6,0,60.1,0,0,0,0,0,0,0,0,66
2025-09-28T08:19:16.972Z,60.3,21.1,1.915,50.4,0,60.1,0,0,0,0,0,0,0,0,66
2025-09-28T08:19:17.972Z,60.3,21.1,1.915,49.6,0,60.1,0,0,0,0,0,0,0,0,66
2025-09-28T08:19:18.974Z,60.3,21.1,1.915,50.4,0,60.1,0,0,0,0,0,0,0,0,66
2025-09-28T08:19:19.975Z,60.3,21.1,1.915,49.6,0,60.1,0,0,0,0,0,0,0,0,66
2025-09-28T08:19:20.974Z,60.3,21.1,1.915,50.4,0,60.1,0,0,0,0,0,0,0,0,66
2025-09-28T08:19:21.980Z,60.3,21.1,1.915,49.6,0,60.1,0,0,0,0,0,0,0,0,66
2025-09-28T08:19:22.980Z,60.3,21.1,1.915,50.4,0,60.1,0,0,0,0,0,0,0,0,66
2025-09-28T08:19:23.979Z,60.3,21.1,1.915,49.6,0,60.1,0,0,0,0,0,0,0,0,66
2025-09-28T08:19:24.976Z,60.3,21.1,1.915,50.4,0,60.1,0,0,0,0,0,0,0,0,66
2025-09-28T08:19:25.976Z,60.3,21.1,1.915,49.6,0,60.1,0,0,0,0,0,0,0,0,66
2025-09-28T08:19:26.979Z,60.3,21.1,1.915,50.4,0,60.1,0,0,0,0,0,0,0,0,66
2025-09-28T08:19:27.981Z,60.3,21.1,1.915,49.6,0,60.1,0,0,0,0,0,0,0,0,66
2025-09-28T08:19:28.981Z,60.3,21.1,1.915,50.4,0,60.1,0,0,0,0,0,0,0,0,66
2025-09-28T08:19:29.982Z,60.2,21.1,1.915,49.6,0,60.1,0,0,0,0,0,0,0,0,66
2025-09-28T08:19:30.980Z,60.2,21.1,1.915,49.6,0,60.1,0,0,0,0,0,0,0,0,66
2025-09-28T08:19:31.983Z,60.2,21.1,1.915,50.4,0,60.1,0,0,0,0,0,0,0,0,66
2025-09-28T08:19:32.984Z,60.2,21.1,1.915,49.6,0,60.1,0,0,0,0,0,0,0,0,66
2025-09-28T08:19:33.984Z,60.2,21.1,1.916,50.4,0,60.1,0,0,0,0,0,0,0,0,66
2025-09-28T08:19:34.984Z,60.2,21.1,1.915,49.6,0,60.1,0,0,0,0,0,0,0,0,66
2025-09-28T08:19:35.995Z,60.2,21.1,1.916,50.4,0,60.1,0,0,0,0,0,0,0,0,66
2025-09-28T08:19:36.992Z,60.2,21.1,1.915,49.6,0,60.1,0,0,0,0,0,0,0,0,66
2025-09-28T08:19:37.987Z,60.2,21.1,1.915,50.4,0,60.1,0,0,0,0,0,0,0,0,66
2025-09-28T08:19:38.993Z,60.2,21.1,1.916,49.6,0,60.1,0,0,0,0,0,0,0,0,66
2025-09-28T08:19:39.998Z,60.2,21.1,1.916,50.4,0,60.1,0,0,0,0,0,0,0,0,66
2025-09-28T08:19:40.992Z,60.2,21.1,1.915,49.6,0,60.1,0,0,0,0,0,0,0,0,66
2025-09-28T08:19:41.999Z,60.2,21.1,1.916,50.4,0,60.1,0,0,0,0,0,0,0,0,66
2025-09-28T08:19:42.996Z,60.2,21.1,1.916,49.6,0,60.1,0,0,0,0,0,0,0,0,66
2025-09-28T08:19:44.004Z,60.2,21.1,1.916,50.4,0,60.1,0,0,0,0,0,0,0,0,66
2025-09-28T08:19:44.998Z,60.2,21.1,1.916,49.6,0,60.1,0,0,0,0,0,0,0,0,66
2025-09-28T08:19:46.000Z,60.2,21.1,1.916,50.4,0,60.1,0,0,0,0,0,0,0,0,66
2025-09-28T08:19:46.999Z,60.2,21.1,1.916,49.6,0,60.1,0,0,0,0,0,0,0,0,66
2025-09-28T08:19:48.000Z,60.2,21.1,1.916,50.4,0,60.1,0,0,0,0,0,0,0,0,66
2025-09-28T08:19:49.005Z,60.2,21.1,1.916,49.6,0,60.1,0,0,0,0,0,0,0,0,66
2025-09-28T08:19:50.001Z,60.2,21.1,1.916,50.4,0,60.1,0,0,0,0,0,0,0,0,66
2025-09-28T08:19:51.015Z,60.1,21.1,1.917,49.6,0,60.1,0,0,0,0,0,0,0,0,66
2025-09-28T08:19:52.008Z,60.1,21.1,1.916,49.6,0,60.1,0,0,0,0,0,0,0,0,66
2025-09-28T08:19:53.008Z,60.1,21.1,1.916,49.6,0,60.1,0,0,0,0,0,0,0,0,66
2025-09-28T08:19:54.008Z,60.1,21.1,1.916,50.4,0,60.1,0,0,0,0,0,0,0,0,66
2025-09-28T08:19:55.005Z,60.1,21.1,1.916,49.6,0,60.1,0,0,0,0,0,0,0,0,66
2025-09-28T08:19:56.008Z,60.1,21.1,1.916,50.4,0,60.1,0,0,0,0,0,0,0,0,66
2025-09-28T08:19:57.010Z,60.1,21.1,1.916,49.6,0,60.1,0,0,0,0,0,0,0,0,66
2025-09-28T08:19:58.014Z,60.1,21.1,1.917,50.4,0,60.1,0,0,0,0,0,0,0,0,66
2025-09-28T08:19:59.012Z,60.1,21.1,1.916,49.6,0,60.1,0,0,0,0,0,0,0,0,66
2025-09-28T08:20:00.012Z,60.1,21.1,1.916,50.4,0,60.1,0,0,0,0,0,0,0,0,66
2025-09-28T08:20:01.012Z,60.1,21.1,1.916,49.6,0,60.1,0,0,0,0,0,0,0,0,66
2025-09-28T08:20:02.012Z,60.1,21.1,1.916,50.4,0,60.1,0,0,0,0,0,0,0,0,66
2025-09-28T08:20:03.015Z,60.1,21.1,1.916,49.6,0,60.1,0,0,0,0,0,0,0,0,66
2025-09-28T08:20:04.014Z,60.1,21.1,1.916,49.6,0,60.1,0,0,0,0,0,0,0,0,66
2025-09-28T08:20:05.019Z,60.1,21.1,1.916,50.4,0,60.1,0,0,0,0,0,0,0,0,66
2025-09-28T08:20:06.020Z,60.1,21.1,1.916,49.6,0,60.1,0,0,0,0,0,0,0,0,66
2025-09-28T08:20:07.015Z,60.1,21.1,1.916,50.4,0,60.1,0,0,0,0,0,0,0,0,66
2025-09-28T08:20:08.022Z,60.1,21.1,1.916,49.6,0,60.1,0,0,0,0,0,0,0,0,66
2025-09-28T08:20:09.024Z,60.1,21.1,1.917,50.4,0,60.1,0,0,0,0,0,0,0,0,66
2025-09-28T08:20:10.018Z,60.1,21.1,1.916,49.6,0,60.1,0,0,0,0,0,0,0,0,66
2025-09-28T08:20:11.020Z,60.1,21.1,1.916,50.4,0,60.1,0,0,0,0,0,0,0,0,66
2025-09-28T08:20:12.021Z,60.1,21.1,1.916,49.6,0,60.1,0,0,0,0,0,0,0,0,66
2025-09-28T08:20:13.023Z,60.1,21.1,1.916,50.4,0,60.1,0,0,0,0,0,0,0,0,66
2025-09-28T08:20:14.027Z,60,21.1,1.917,49.6,0,60.1,0,0,0,0,0,0,0,0,66
2025-09-28T08:20:15.030Z,60,21.1,1.917,50.4,0,60.1,0,0,0,0,0,0,0,0,66
2025-09-28T08:20:16.030Z,60,21.1,1.917,49.6,0,60.1,0,0,0,0,0,0,0,0,66
2025-09-28T08:20:17.028Z,60,21.1,1.916,50.4,0,60.1,0,0,0,0,0,0,0,0,66
2025-09-28T08:20:18.029Z,60,21.1,1.916,49.6,0,60.1,0,0,0,0,0,0,0,0,66
2025-09-28T08:20:19.028Z,60,21.1,1.916,49.6,0,60.1,0,0,0,0,0,0,0,0,66
2025-09-28T08:20:20.034Z,60,21.1,1.917,50.4,0,60.1,0,0,0,0,0,0,0,0,66
2025-09-28T08:20:21.030Z,60,21.1,1.916,49.6,0,60.1,0,0,0,0,0,0,0,0,66
2025-09-28T08:20:22.034Z,60,21.1,1.917,50.4,0,60.1,0,0,0,0,0,0,0,0,66
2025-09-28T08:20:23.035Z,60,21.1,1.917,49.6,0,60.1,0,0,0,0,0,0,0,0,66
2025-09-28T08:20:24.039Z,60,21.1,1.917,50.4,0,60.1,0,0,0,0,0,0,0,0,66
2025-09-28T08:20:25.034Z,60,21.1,1.917,49.6,0,60.1,0,0,0,0,0,0,0,0,66
2025-09-28T08:20:26.036Z,60,21.1,1.917,50.4,0,60.1,0,0,0,0,0,0,0,0,66
2025-09-28T08:20:27.036Z,60,21.1,1.917,49.6,0,60.1,0,0,0,0,0,0,0,0,66
2025-09-28T08:20:28.038Z,60,21.1,1.917,50.4,0,60.1,0,0,0,0,0,0,0,0,66
2025-09-28T08:20:29.045Z,60,21.1,1.918,49.6,0,60.1,0,0,0,0,0,0,0,0,66
2025-09-28T08:20:30.042Z,60,21.1,1.918,50.4,0,60.1,0,0,0,0,0,0,0,0,66
2025-09-28T08:20:31.042Z,60,21.1,1.918,49.6,0,60.1,0,0,0,0,0,0,0,0,66
2025-09-28T08:20:32.039Z,60,21.1,1.918,50.4,0,60.1,0,0,0,0,0,0,0,0,66
2025-09-28T08:20:33.045Z,60,21.1,1.918,49.6,0,60.1,0,0,0,0,0,0,0,0,66
2025-09-28T08:20:34.043Z,60,21.1,1.917,50.4,0,60.1,0,0,0,0,0,0,0,0,66
2025-09-28T08:20:35.044Z,60,21.1,1.918,49.6,0,60.1,0,0,0,0,0,0,0,0,66
2025-09-28T08:20:36.044Z,60,21.1,1.918,50.4,0,60.1,0,0,0,0,0,0,0,0,66
2025-09-28T08:20:37.046Z,60,21.1,1.918,49.6,0,60.1,0,0,0,0,0,0,0,0,66
2025-09-28T08:20:38.053Z,59.9,21.1,1.918,50.4,0,60.1,0,0,0,0,0,0,0,0,66
2025-09-28T08:20:39.052Z,59.9,21.1,1.918,49.6,0,60.1,0,0,0,0,0,0,0,0,66
2025-09-28T08:20:40.051Z,59.9,21.1,1.918,50.4,0,60.1,0,0,0,0,0,0,0,0,66
2025-09-28T08:20:41.053Z,59.9,21.1,1.918,49.6,0,60.1,0,0,0,0,0,0,0,0,66
2025-09-28T08:20:42.055Z,59.9,21.1,1.918,50.4,0,60.1,0,0,0,0,0,0,0,0,66
2025-09-28T08:20:43.054Z,59.9,21.1,1.918,49.6,0,60.1,0,0,0,0,0,0,0,0,66
2025-09-28T08:20:44.053Z,59.9,21.1,1.918,50.4,0,60.1,0,0,0,0,0,0,0,0,66
2025-09-28T08:20:45.057Z,59.9,21.1,1.919,49.6,0,60.1,0,0,0,0,0,0,0,0,66
2025-09-28T08:20:46.063Z,59.9,21.1,1.918,50.4,0,60.1,0,0,0,0,0,0,0,0,66
2025-09-28T08:20:47.056Z,59.9,21.1,1.918,49.6,0,60.1,0,0,0,0,0,0,0,0,66
2025-09-28T08:20:48.056Z,59.9,21.1,1.918,50.4,0,60.1,0,0,0,0,0,0,0,0,66
2025-09-28T08:20:49.062Z,59.9,21.1,1.919,49.6,0,60.1,0,0,0,0,0,0,0,0,66
2025-09-28T08:20:50.060Z,59.9,21.1,1.918,50.4,0,60.1,0,0,0,0,0,0,0,0,66
2025-09-28T08:20:51.067Z,59.9,21.1,1.917,49.6,0,60.1,0,0,0,0,0,0,0,0,66
2025-09-28T08:20:52.063Z,59.9,21.1,1.919,50.4,0,60.1,0,0,0,0,0,0,0,0,66
2025-09-28T08:20:53.064Z,59.9,21.1,1.918,49.6,0,60.1,0,0,0,0,0,0,0,0,66
2025-09-28T08:20:54.068Z,59.9,21.1,1.918,49.6,0,60.1,0,0,0,0,0,0,0,0,66
2025-09-28T08:20:55.064Z,59.9,21.1,1.918,50.4,0,60.1,0,0,0,0,0,0,0,0,66
2025-09-28T08:20:56.061Z,59.9,21.1,1.919,49.6,0,60.1,0,0,0,0,0,0,0,0,66
2025-09-28T08:20:57.063Z,59.9,21.1,1.919,50.4,0,60.1,0,0,0,0,0,0,0,0,66
2025-09-28T08:20:58.065Z,59.9,21.1,1.919,49.6,0,60.1,0,0,0,0,0,0,0,0,66
2025-09-28T08:20:59.066Z,59.9,21.1,1.919,50.4,0,60.1,0,0,0,0,0,0,0,0,66
2025-09-28T08:21:00.068Z,59.9,21.1,1.919,49.6,0,60.1,0,0,0,0,0,0,0,0,66
2025-09-28T08:21:01.070Z,59.9,21.1,1.919,50.4,0,60.1,0,0,0,0,0,0,0,0,66
2025-09-28T08:21:02.071Z,59.9,21.1,1.919,49.6,0,60.1,0,0,0,0,0,0,0,0,66
2025-09-28T08:21:03.074Z,59.9,21.1,1.918,50.4,0,60.1,0,0,0,0,0,0,0,0,66
2025-09-28T08:21:04.070Z,59.9,21.1,1.919,49.6,0,60.1,0,0,0,0,0,0,0,0,66
2025-09-28T08:21:05.076Z,59.9,21.1,1.918,49.6,0,60.1,0,0,0,0,0,0,0,0,66
2025-09-28T08:21:06.074Z,59.9,21.1,1.919,50.4,0,60.1,0,0,0,0,0,0,0,0,66
2025-09-28T08:21:07.075Z,59.9,21.1,1.919,49.6,0,60.1,0,0,0,0,0,0,0,0,66
2025-09-28T08:21:08.078Z,59.8,21.1,1.918,50.4,0,60.1,0,0,0,0,0,0,0,0,66
2025-09-28T08:21:09.081Z,59.8,21.1,1.918,49.6,0,60.1,0,0,0,0,0,0,0,0,66
2025-09-28T08:21:10.081Z,59.8,21.1,1.918,50.4,0,60.1,0,0,0,0,0,0,0,0,66
2025-09-28T08:21:11.082Z,59.8,21.1,1.918,49.6,0,60.1,0,0,0,0,0,0,0,0,66
2025-09-28T08:21:12.077Z,59.8,21.1,1.919,49.6,0,60.1,0,0,0,0,0,0,0,0,66
2025-09-28T08:21:13.089Z,59.8,21.1,1.918,50.4,0,60.1,0,0,0,0,0,0,0,0,66
2025-09-28T08:21:14.082Z,59.8,21.1,1.918,49.6,0,60.1,0,0,0,0,0,0,0,0,66
2025-09-28T08:21:15.084Z,59.8,21.1,1.918,50.4,0,60.1,0,0,0,0,0,0,0,0,66
2025-09-28T08:21:16.088Z,59.8,21.1,1.918,49.6,0,60.1,0,0,0,0,0,0,0,0,66
2025-09-28T08:21:17.086Z,59.8,21.1,1.918,50.4,0,60.1,0,0,0,0,0,0,0,0,66
2025-09-28T08:21:18.082Z,59.8,21.1,1.919,49.6,0,60.1,0,0,0,0,0,0,0,0,66
2025-09-28T08:21:19.087Z,59.8,21.1,1.918,50.4,0,60.1,0,0,0,0,0,0,0,0,66
2025-09-28T08:21:20.087Z,59.8,21.1,1.918,49.6,0,60.1,0,0,0,0,0,0,0,0,66
2025-09-28T08:21:21.092Z,59.8,21.1,1.918,50.4,0,60.1,0,0,0,0,0,0,0,0,66
2025-09-28T08:21:22.087Z,59.8,21.1,1.918,49.6,0,60.1,0,0,0,0,0,0,0,0,66
2025-09-28T08:21:23.092Z,59.8,21.1,1.918,50.4,0,60.1,0,0,0,0,0,0,0,0,66
2025-09-28T08:21:24.090Z,59.8,21.1,1.918,49.6,0,60.1,0,0,0,0,0,0,0,0,66
2025-09-28T08:21:25.093Z,59.8,21.1,1.918,50.4,0,60.1,0,0,0,0,0,0,0,0,66
2025-09-28T08:21:26.098Z,59.8,21.1,1.918,49.6,0,60.1,0,0,0,0,0,0,0,0,66
2025-09-28T08:21:27.092Z,59.8,21.1,1.918,49.6,0,60.1,0,0,0,0,0,0,0,0,66
2025-09-28T08:21:28.096Z,59.8,21.1,1.918,49.6,0,60.1,0,0,0,0,0,0,0,0,66
2025-09-28T08:21:29.098Z,59.8,21.1,1.918,50.4,0,60.1,0,0,0,0,0,0,0,0,66
2025-09-28T08:21:30.098Z,59.8,21.1,1.918,49.6,0,60.1,0,0,0,0,0,0,0,0,66
2025-09-28T08:21:31.099Z,59.8,21.1,1.918,49.6,0,60.1,0,0,0,0,0,0,0,0,66
2025-09-28T08:21:32.100Z,59.8,21.1,1.918,49.6,0,60.1,0,0,0,0,0,0,0,0,66
2025-09-28T08:21:33.100Z,59.8,21.1,1.918,50.4,0,60.1,0,0,0,0,0,0,0,0,66
2025-09-28T08:21:34.102Z,59.8,21.1,1.918,49.6,0,60.1,0,0,0,0,0,0,0,0,66
2025-09-28T08:21:35.102Z,59.8,21.1,1.918,50.4,0,60.1,0,0,0,0,0,0,0,0,66
2025-09-28T08:21:36.105Z,59.8,21.1,1.918,49.6,0,60.1,0,0,0,0,0,0,0,0,66
2025-09-28T08:21:37.103Z,59.8,21.1,1.918,50.4,0,60.1,0,0,0,0,0,0,0,0,66
2025-09-28T08:21:38.104Z,59.8,21.1,1.918,49.6,0,60.1,0,0,0,0,0,0,0,0,66
2025-09-28T08:21:39.103Z,59.8,21.1,1.918,50.4,0,60.1,0,0,0,0,0,0,0,0,66
2025-09-28T08:21:40.108Z,59.8,21.1,1.918,49.6,0,60.1,0,0,0,0,0,0,0,0,66
2025-09-28T08:21:41.106Z,59.7,21.1,1.918,50.4,0,60.1,0,0,0,0,0,0,0,0,66
2025-09-28T08:21:42.107Z,59.7,21.1,1.918,49.6,0,60.1,0,0,0,0,0,0,0,0,66
2025-09-28T08:21:43.110Z,59.7,21.1,1.918,50.4,0,60.1,0,0,0,0,0,0,0,0,66
2025-09-28T08:21:44.120Z,59.7,21.1,1.919,49.6,0,60.1,0,0,0,0,0,0,0,0,66
2025-09-28T08:21:45.110Z,59.7,21.1,1.918,50.4,0,60.1,0,0,0,0,0,0,0,0,66
2025-09-28T08:21:46.112Z,59.7,21.1,1.918,49.6,0,60.1,0,0,0,0,0,0,0,0,66
2025-09-28T08:21:47.111Z,59.7,21.1,1.919,50.4,0,60.1,0,0,0,0,0,0,0,0,66
2025-09-28T08:21:48.111Z,59.7,21.1,1.918,49.6,0,60.1,0,0,0,0,0,0,0,0,66
2025-09-28T08:21:49.118Z,59.7,21.1,1.918,50.4,0,60.1,0,0,0,0,0,0,0,0,66
2025-09-28T08:21:50.111Z,59.7,21.1,1.918,49.6,0,60.1,0,0,0,0,0,0,0,0,66
2025-09-28T08:21:51.115Z,59.7,21.1,1.918,49.6,0,60.1,0,0,0,0,0,0,0,0,66
2025-09-28T08:21:52.116Z,59.7,21.1,1.918,50.4,0,60.1,0,0,0,0,0,0,0,0,66
2025-09-28T08:21:53.118Z,59.7,21.1,1.918,49.6,0,60.1,0,0,0,0,0,0,0,0,66
2025-09-28T08:21:54.121Z,59.7,21.1,1.918,50.4,0,60.1,0,0,0,0,0,0,0,0,66
2025-09-28T08:21:55.116Z,59.7,21.1,1.918,49.6,0,60.1,0,0,0,0,0,0,0,0,66
2025-09-28T08:21:56.119Z,59.7,21.1,1.918,50.4,0,60.1,0,0,0,0,0,0,0,0,66
2025-09-28T08:21:57.119Z,59.7,21.1,1.918,49.6,0,60.1,0,0,0,0,0,0,0,0,66
2025-09-28T08:21:58.120Z,59.7,21.1,1.918,50.4,0,60.1,0,0,0,0,0,0,0,0,66
2025-09-28T08:21:59.133Z,59.7,21.1,1.92,49.6,0,60.1,0,0,0,0,0,0,0,0,66
2025-09-28T08:22:00.124Z,59.7,21.1,1.919,49.6,0,60.1,0,0,0,0,0,0,0,0,66
2025-09-28T08:22:01.123Z,59.7,21.1,1.919,49.6,0,60.1,0,0,0,0,0,0,0,0,66
2025-09-28T08:22:02.121Z,59.7,21.1,1.918,50.4,0,60.1,0,0,0,0,0,0,0,0,66
2025-09-28T08:22:03.125Z,59.7,21.1,1.919,49.6,0,60.1,0,0,0,0,0,0,0,0,66
2025-09-28T08:22:04.124Z,59.7,21.1,1.919,50.4,0,60.1,0,0,0,0,0,0,0,0,66
2025-09-28T08:22:05.128Z,59.7,21.1,1.919,49.6,0,60.1,0,0,0,0,0,0,0,0,66
2025-09-28T08:22:06.127Z,59.7,21.1,1.919,50.4,0,60.1,0,0,0,0,0,0,0,0,66
2025-09-28T08:22:07.127Z,59.7,21.1,1.919,49.6,0,60.1,0,0,0,0,0,0,0,0,66
2025-09-28T08:22:08.128Z,59.7,21.1,1.919,50.4,0,60.1,0,0,0,0,0,0,0,0,66
2025-09-28T08:22:09.128Z,59.7,21.1,1.919,50.4,0,60.1,0,0,0,0,0,0,0,0,66
2025-09-28T08:22:10.138Z,59.7,21.1,1.92,49.6,0,60.1,0,0,0,0,0,0,0,0,66
2025-09-28T08:22:11.131Z,59.7,21.1,1.919,49.6,0,60.1,0,0,0,0,0,0,0,0,66
2025-09-28T08:22:12.132Z,59.7,21.1,1.919,49.6,0,60.1,0,0,0,0,0,0,0,0,66
2025-09-28T08:22:13.134Z,59.7,21.1,1.919,50.4,0,60.1,0,0,0,0,0,0,0,0,66
2025-09-28T08:22:14.136Z,59.7,21.1,1.919,49.6,0,60.1,0,0,0,0,0,0,0,0,66
2025-09-28T08:22:15.140Z,59.7,21.1,1.92,50.4,0,60.1,0,0,0,0,0,0,0,0,66
2025-09-28T08:22:16.135Z,59.7,21.1,1.919,49.6,0,60.1,0,0,0,0,0,0,0,0,66
2025-09-28T08:22:17.138Z,59.6,21.1,1.919,50.4,0,60.1,0,0,0,0,0,0,0,0,66
2025-09-28T08:22:18.139Z,59.6,21.1,1.919,49.6,0,60.1,0,0,0,0,0,0,0,0,66
2025-09-28T08:22:19.139Z,59.6,21.1,1.919,50.4,0,60.1,0,0,0,0,0,0,0,0,66
2025-09-28T08:22:20.147Z,59.6,21.1,1.92,49.6,0,60.1,0,0,0,0,0,0,0,0,66
2025-09-28T08:22:21.139Z,59.6,21.1,1.919,50.4,0,60.1,0,0,0,0,0,0,0,0,66
2025-09-28T08:22:22.140Z,59.6,21.1,1.919,49.6,0,60.1,0,0,0,0,0,0,0,0,66
2025-09-28T08:22:23.140Z,59.6,21.1,1.919,50.4,0,60.1,0,0,0,0,0,0,0,0,66
2025-09-28T08:22:24.145Z,59.6,21.1,1.92,49.6,0,60.1,0,0,0,0,0,0,0,0,66
2025-09-28T08:22:25.147Z,59.6,21.1,1.92,50.4,0,60.1,0,0,0,0,0,0,0,0,66
2025-09-28T08:22:26.146Z,59.6,21.1,1.92,49.6,0,60.1,0,0,0,0,0,0,0,0,66
2025-09-28T08:22:27.145Z,59.6,21.1,1.92,50.4,0,60.1,0,0,0,0,0,0,0,0,66
2025-09-28T08:22:28.145Z,59.6,21.1,1.92,49.6,0,60.1,0,0,0,0,0,0,0,0,66
2025-09-28T08:22:29.149Z,59.6,21.1,1.92,49.6,0,60.1,0,0,0,0,0,0,0,0,66
2025-09-28T08:22:30.147Z,59.6,21.1,1.92,50.4,0,60.1,0,0,0,0,0,0,0,0,66
2025-09-28T08:22:31.151Z,59.6,21.1,1.92,49.6,0,60.1,0,0,0,0,0,0,0,0,66
2025-09-28T08:22:32.155Z,59.6,21.1,1.92,50.4,0,60.1,0,0,0,0,0,0,0,0,66
2025-09-28T08:22:33.152Z,59.6,21.1,1.92,49.6,0,60.1,0,0,0,0,0,0,0,0,66
2025-09-28T08:22:34.154Z,59.6,21.1,1.92,50.4,0,60.1,0,0,0,0,0,0,0,0,66
2025-09-28T08:22:35.155Z,59.6,21.1,1.92,49.6,0,60.1,0,0,0,0,0,0,0,0,66
2025-09-28T08:22:36.157Z,59.6,21.1,1.92,50.4,0,60.1,0,0,0,0,0,0,0,0,66
2025-09-28T08:22:37.154Z,59.6,21.1,1.92,49.6,0,60.1,0,0,0,0,0,0,0,0,66
2025-09-28T08:22:38.159Z,59.6,21.1,1.92,50.4,0,60.1,0,0,0,0,0,0,0,0,66
2025-09-28T08:22:39.160Z,59.6,21.1,1.92,49.6,0,60.1,0,0,0,0,0,0,0,0,66
2025-09-28T08:22:40.156Z,59.6,21.1,1.92,50.4,0,60.1,0,0,0,0,0,0,0,0,66
2025-09-28T08:22:41.158Z,59.6,21.1,1.92,49.6,0,60.1,0,0,0,0,0,0,0,0,66
2025-09-28T08:22:42.158Z,59.6,21.1,1.92,50.4,0,60.1,0,0,0,0,0,0,0,0,66
2025-09-28T08:22:43.161Z,59.6,21.1,1.92,49.6,0,60.1,0,0,0,0,0,0,0,0,66
2025-09-28T08:22:44.162Z,59.6,21.1,1.92,50.4,0,60.1,0,0,0,0,0,0,0,0,66
2025-09-28T08:22:45.166Z,59.6,21.1,1.92,49.6,0,60.1,0,0,0,0,0,0,0,0,66
2025-09-28T08:22:46.167Z,59.6,21.1,1.92,50.4,0,60.1,0,0,0,0,0,0,0,0,66
2025-09-28T08:22:47.168Z,59.6,21.1,1.92,49.6,0,60.1,0,0,0,0,0,0,0,0,66
2025-09-28T08:22:48.164Z,59.6,21.1,1.92,50.4,0,60.1,0,0,0,0,0,0,0,0,66
2025-09-28T08:22:49.167Z,59.6,21.1,1.92,49.6,0,60.1,0,0,0,0,0,0,0,0,66
2025-09-28T08:22:50.167Z,59.6,21.1,1.92,50.4,0,60.1,0,0,0,0,0,0,0,0,66
2025-09-28T08:22:51.173Z,59.6,21.1,1.92,49.6,0,60.1,0,0,0,0,0,0,0,0,66
2025-09-28T08:22:52.172Z,59.6,21.1,1.92,50.4,0,60.1,0,0,0,0,0,0,0,0,66
2025-09-28T08:22:53.177Z,59.6,21.1,1.92,49.6,0,60.1,0,0,0,0,0,0,0,0,66
2025-09-28T08:22:54.170Z,59.6,21.1,1.92,50.4,0,60.1,0,0,0,0,0,0,0,0,66
2025-09-28T08:22:55.171Z,59.6,21.1,1.92,49.6,0,60.1,0,0,0,0,0,0,0,0,66
2025-09-28T08:22:56.173Z,59.6,21.1,1.92,50.4,0,60.1,0,0,0,0,0,0,0,0,66
2025-09-28T08:22:57.174Z,59.6,21.1,1.92,49.6,0,60.1,0,0,0,0,0,0,0,0,66
2025-09-28T08:22:58.172Z,59.6,21.1,1.92,49.6,0,60.1,0,0,0,0,0,0,0,0,66
2025-09-28T08:22:59.179Z,59.6,21.1,1.92,50.4,0,60.1,0,0,0,0,0,0,0,0,66
2025-09-28T08:23:00.177Z,59.6,21.1,1.92,49.6,0,60.1,0,0,0,0,0,0,0,0,66
2025-09-28T08:23:01.176Z,59.6,21.1,1.92,50.4,0,60.1,0,0,0,0,0,0,0,0,66
2025-09-28T08:23:02.191Z,59.6,21.1,1.92,49.6,0,60.1,0,0,0,0,0,0,0,0,66
2025-09-28T08:23:03.180Z,59.6,21.1,1.919,50.4,0,60.2,0,0,0,0,0,0,0,0,66
2025-09-28T08:23:04.178Z,59.6,21.1,1.92,49.6,0,60.2,0,0,0,0,0,0,0,0,66
2025-09-28T08:23:05.181Z,59.6,21.1,1.92,50.4,0,60.2,0,0,0,0,0,0,0,0,66
2025-09-28T08:23:06.183Z,59.6,21.1,1.92,49.6,0,60.1,0,0,0,0,0,0,0,0,66
2025-09-28T08:23:07.179Z,59.6,21.1,1.92,50.4,0,60.2,0,0,0,0,0,0,0,0,66
2025-09-28T08:23:08.182Z,59.6,21.1,1.92,49.6,0,60.2,0,0,0,0,0,0,0,0,66
2025-09-28T08:23:09.183Z,59.6,21.1,1.92,50.4,0,60.2,0,0,0,0,0,0,0,0,66
2025-09-28T08:23:10.184Z,59.6,21.1,1.92,49.6,0,60.2,0,0,0,0,0,0,0,0,66
2025-09-28T08:23:11.183Z,59.6,21.1,1.92,50.4,0,60.2,0,0,0,0,0,0,0,0,66
2025-09-28T08:23:12.187Z,59.6,21.1,1.92,49.6,0,60.2,0,0,0,0,0,0,0,0,66
2025-09-28T08:23:13.189Z,59.5,21.1,1.92,50.4,0,60.2,0,0,0,0,0,0,0,0,66
2025-09-28T08:23:14.184Z,59.6,21.1,1.92,49.6,0,60.1,0,0,0,0,0,0,0,0,66
2025-09-28T08:23:15.186Z,59.6,21.1,1.92,50.4,0,60.2,0,0,0,0,0,0,0,0,66
2025-09-28T08:23:16.189Z,59.6,21.1,1.92,49.6,0,60.2,0,0,0,0,0,0,0,0,66
2025-09-28T08:23:17.194Z,59.5,21.1,1.92,50.4,0,60.2,0,0,0,0,0,0,0,0,66
2025-09-28T08:23:18.189Z,59.6,21.1,1.92,49.6,0,60.2,0,0,0,0,0,0,0,0,66
2025-09-28T08:23:19.196Z,59.6,21.1,1.92,50.4,0,60.2,0,0,0,0,0,0,0,0,66
2025-09-28T08:23:20.195Z,59.6,21.1,1.92,49.6,0,60.2,0,0,0,0,0,0,0,0,66
2025-09-28T08:23:21.195Z,59.5,21.1,1.92,50.4,0,60.2,0,0,0,0,0,0,0,0,66
2025-09-28T08:23:22.195Z,59.6,21.1,1.92,49.6,0,60.2,0,0,0,0,0,0,0,0,66
2025-09-28T08:23:23.195Z,59.6,21.1,1.92,50.4,0,60.2,0,0,0,0,0,0,0,0,66
2025-09-28T08:23:24.193Z,59.6,21.1,1.92,49.6,0,60.2,0,0,0,0,0,0,0,0,66
2025-09-28T08:23:25.197Z,59.5,21.1,1.92,50.4,0,60.2,0,0,0,0,0,0,0,0,66
2025-09-28T08:23:26.193Z,59.5,21.1,1.92,49.6,0,60.2,0,0,0,0,0,0,0,0,66
2025-09-28T08:23:27.195Z,59.5,21.1,1.92,49.6,0,60.2,0,0,0,0,0,0,0,0,66
2025-09-28T08:23:28.197Z,59.6,21.1,1.92,49.6,0,60.2,0,0,0,0,0,0,0,0,66
2025-09-28T08:23:29.196Z,59.6,21.1,1.92,50.4,0,60.2,0,0,0,0,0,0,0,0,66
2025-09-28T08:23:30.197Z,59.6,21.1,1.92,49.6,0,60.2,0,0,0,0,0,0,0,0,66
2025-09-28T08:23:31.201Z,59.6,21.1,1.92,50.4,0,60.2,0,0,0,0,0,0,0,0,66
2025-09-28T08:23:32.198Z,59.5,21.1,1.92,49.6,0,60.2,0,0,0,0,0,0,0,0,66
2025-09-28T08:23:33.209Z,59.5,21.1,1.92,50.4,0,60.2,0,0,0,0,0,0,0,0,66
2025-09-28T08:23:34.202Z,59.6,21.1,1.92,49.6,0,60.2,0,0,0,0,0,0,0,0,66
2025-09-28T08:23:35.203Z,59.6,21.1,1.92,50.4,0,60.2,0,0,0,0,0,0,0,0,66
2025-09-28T08:23:36.205Z,59.6,21.1,1.92,49.6,0,60.2,0,0,0,0,0,0,0,0,66
2025-09-28T08:23:37.205Z,59.6,21.1,1.92,50.4,0,60.2,0,0,0,0,0,0,0,0,66
2025-09-28T08:23:38.206Z,59.5,21.1,1.92,49.6,0,60.2,0,0,0,0,0,0,0,0,66
2025-09-28T08:23:39.207Z,59.5,21.1,1.92,50.4,0,60.2,0,0,0,0,0,0,0,0,66
2025-09-28T08:23:40.212Z,59.5,21.1,1.92,49.6,0,60.2,0,0,0,0,0,0,0,0,66
2025-09-28T08:23:41.208Z,59.5,21.1,1.92,50.4,0,60.2,0,0,0,0,0,0,0,0,66
2025-09-28T08:23:42.211Z,59.5,21.1,1.919,49.6,0,60.2,0,0,0,0,0,0,0,0,66
2025-09-28T08:23:43.214Z,59.5,21.1,1.92,50.4,0,60.2,0,0,0,0,0,0,0,0,66
2025-09-28T08:23:44.213Z,59.5,21.1,1.92,49.6,0,60.2,0,0,0,0,0,0,0,0,66
2025-09-28T08:23:45.214Z,59.5,21.1,1.92,50.4,0,60.2,0,0,0,0,0,0,0,0,66
2025-09-28T08:23:46.216Z,59.5,21.1,1.92,49.6,0,60.2,0,0,0,0,0,0,0,0,66
2025-09-28T08:23:47.216Z,59.5,21.1,1.92,50.4,0,60.2,0,0,0,0,0,0,0,0,66
2025-09-28T08:23:48.222Z,59.5,21.1,1.92,49.6,0,60.2,0,0,0,0,0,0,0,0,66
2025-09-28T08:23:49.221Z,59.5,21.1,1.92,49.6,0,60.2,0,0,0,0,0,0,0,0,66
2025-09-28T08:23:50.222Z,59.6,21.1,1.92,50.4,0,60.2,0,0,0,0,0,0,0,0,66
2025-09-28T08:23:51.221Z,59.6,21.1,1.92,49.6,0,60.2,0,0,0,0,0,0,0,0,66
2025-09-28T08:23:52.225Z,59.6,21.1,1.919,50.4,0,60.2,0,0,0,0,0,0,0,0,66
2025-09-28T08:23:53.229Z,59.6,21.1,1.919,49.6,0,60.2,0,0,0,0,0,0,0,0,66
2025-09-28T08:23:54.225Z,59.6,21.1,1.919,49.6,0,60.2,0,0,0,0,0,0,0,0,66
2025-09-28T08:23:55.227Z,59.6,21.1,1.919,49.6,0,60.2,0,0,0,0,0,0,0,0,66
2025-09-28T08:23:56.225Z,59.6,21.1,1.92,50.4,0,60.2,0,0,0,0,0,0,0,0,66
2025-09-28T08:23:57.227Z,59.6,21.1,1.92,49.6,0,60.2,0,0,0,0,0,0,0,0,66
2025-09-28T08:23:58.229Z,59.6,21.1,1.92,50.4,0,60.2,0,0,0,0,0,0,0,0,66
2025-09-28T08:23:59.231Z,59.6,21.1,1.919,49.6,0,60.2,0,0,0,0,0,0,0,0,66
2025-09-28T08:24:00.233Z,59.6,21.1,1.92,50.4,0,60.2,0,0,0,0,0,0,0,0,66
2025-09-28T08:24:01.232Z,59.6,21.1,1.919,49.6,0,60.2,0,0,0,0,0,0,0,0,66
2025-09-28T08:24:02.234Z,59.6,21.1,1.919,50.4,0,60.2,0,0,0,0,0,0,0,0,66
2025-09-28T08:24:03.235Z,59.6,21.1,1.92,49.6,0,60.2,0,0,0,0,0,0,0,0,66
2025-09-28T08:24:04.234Z,59.6,21.1,1.919,50.4,0,60.2,0,0,0,0,0,0,0,0,66
2025-09-28T08:24:05.235Z,59.6,21.1,1.92,49.6,0,60.2,0,0,0,0,0,0,0,0,66
2025-09-28T08:24:06.240Z,59.6,21.1,1.92,50.4,0,60.2,0,0,0,0,0,0,0,0,66
2025-09-28T08:24:07.237Z,59.6,21.1,1.92,49.6,0,60.2,0,0,0,0,0,0,0,0,66
2025-09-28T08:24:08.238Z,59.6,21.1,1.919,50.4,0,60.2,0,0,0,0,0,0,0,0,66
2025-09-28T08:24:09.239Z,59.6,21.1,1.92,49.6,0,60.2,0,0,0,0,0,0,0,0,66
2025-09-28T08:24:10.242Z,59.6,21.1,1.92,50.4,0,60.2,0,0,0,0,0,0,0,0,66
2025-09-28T08:24:11.244Z,59.6,21.1,1.92,49.6,0,60.2,0,0,0,0,0,0,0,0,66
2025-09-28T08:24:12.245Z,59.6,21.1,1.919,50.4,0,60.2,0,0,0,0,0,0,0,0,66
2025-09-28T08:24:13.243Z,59.6,21.1,1.919,49.6,0,60.2,0,0,0,0,0,0,0,0,66
2025-09-28T08:24:14.243Z,59.6,21.1,1.92,50.4,0,60.2,0,0,0,0,0,0,0,0,66
2025-09-28T08:24:15.244Z,59.6,21.1,1.919,49.6,0,60.2,0,0,0,0,0,0,0,0,66
2025-09-28T08:24:16.250Z,59.6,21.1,1.92,50.4,0,60.2,0,0,0,0,0,0,0,0,66
2025-09-28T08:24:17.250Z,59.6,21.1,1.92,49.6,0,60.2,0,0,0,0,0,0,0,0,66
2025-09-28T08:24:18.249Z,59.6,21.1,1.92,50.4,0,60.2,0,0,0,0,0,0,0,0,66
2025-09-28T08:24:19.250Z,59.6,21.1,1.92,49.6,0,60.2,0,0,0,0,0,0,0,0,66
2025-09-28T08:24:20.253Z,59.6,21.1,1.92,50.4,0,60.2,0,0,0,0,0,0,0,0,66
2025-09-28T08:24:21.255Z,59.6,21.1,1.92,49.6,0,60.2,0,0,0,0,0,0,0,0,66
2025-09-28T08:24:22.250Z,59.6,21.1,1.92,50.4,0,60.2,0,0,0,0,0,0,0,0,66
2025-09-28T08:24:23.258Z,59.6,21.1,1.92,49.6,0,60.2,0,0,0,0,0,0,0,0,66
2025-09-28T08:24:24.255Z,59.6,21.1,1.92,50.4,0,60.2,0,0,0,0,0,0,0,0,66
2025-09-28T08:24:25.254Z,59.6,21.1,1.92,49.6,0,60.2,0,0,0,0,0,0,0,0,66
2025-09-28T08:24:26.256Z,59.6,21.1,1.92,50.4,0,60.2,0,0,0,0,0,0,0,0,66
2025-09-28T08:24:27.257Z,59.6,21.1,1.92,49.6,0,60.2,0,0,0,0,0,0,0,0,66
2025-09-28T08:24:28.263Z,59.6,21.1,1.92,50.4,0,60.2,0,0,0,0,0,0,0,0,66
2025-09-28T08:24:29.262Z,59.6,21.1,1.92,49.6,0,60.2,0,0,0,0,0,0,0,0,66
2025-09-28T08:24:30.255Z,59.6,21.1,1.919,50.4,0,60.2,0,0,0,0,0,0,0,0,66
2025-09-28T08:24:31.261Z,59.6,21.1,1.92,49.6,0,60.2,0,0,0,0,0,0,0,0,66
2025-09-28T08:24:32.261Z,59.6,21.1,1.92,50.4,0,60.2,0,0,0,0,0,0,0,0,66
2025-09-28T08:24:33.262Z,59.6,21.1,1.92,49.6,0,60.2,0,0,0,0,0,0,0,0,66
2025-09-28T08:24:34.268Z,59.6,21.1,1.92,50.4,0,60.2,0,0,0,0,0,0,0,0,66
2025-09-28T08:24:35.271Z,59.6,21.1,1.92,49.6,0,60.2,0,0,0,0,0,0,0,0,66
2025-09-28T08:24:36.269Z,59.6,21.1,1.92,50.4,0,60.2,0,0,0,0,0,0,0,0,66
2025-09-28T08:24:37.274Z,59.6,21.1,1.92,49.6,0,60.2,0,0,0,0,0,0,0,0,66
2025-09-28T08:24:38.272Z,59.6,21.1,1.92,50.4,0,60.2,0,0,0,0,0,0,0,0,66
2025-09-28T08:24:39.273Z,59.6,21.1,1.92,49.6,0,60.2,0,0,0,0,0,0,0,0,66
2025-09-28T08:24:40.267Z,59.6,21.1,1.92,50.4,0,60.2,0,0,0,0,0,0,0,0,66
2025-09-28T08:24:41.270Z,59.6,21.1,1.92,49.6,0,60.2,0,0,0,0,0,0,0,0,66
2025-09-28T08:24:42.270Z,59.6,21.1,1.92,49.6,0,60.2,0,0,0,0,0,0,0,0,66
2025-09-28T08:24:43.280Z,59.7,21.1,1.918,49.6,0,60.2,0,0,0,0,0,0,0,0,66
2025-09-28T08:24:44.275Z,59.7,21.1,1.919,50.4,0,60.2,0,0,0,0,0,0,0,0,66
2025-09-28T08:24:45.275Z,59.7,21.1,1.92,49.6,0,60.2,0,0,0,0,0,0,0,0,66
2025-09-28T08:24:46.276Z,59.7,21.1,1.919,50.4,0,60.2,0,0,0,0,0,0,0,0,66
2025-09-28T08:24:47.276Z,59.7,21.1,1.919,49.6,0,60.2,0,0,0,0,0,0,0,0,66
2025-09-28T08:24:48.277Z,59.7,21.1,1.919,50.4,0,60.2,0,0,0,0,0,0,0,0,66
2025-09-28T08:24:49.282Z,59.7,21.1,1.918,49.6,0,60.2,0,0,0,0,0,0,0,0,66
2025-09-28T08:24:50.281Z,59.7,21.1,1.919,50.4,0,60.2,0,0,0,0,0,0,0,0,66
2025-09-28T08:24:51.290Z,59.7,21.1,1.918,49.6,0,60.2,0,0,0,0,0,0,0,0,66
2025-09-28T08:24:52.282Z,59.7,21.1,1.919,50.4,0,60.2,0,0,0,0,0,0,0,0,66
2025-09-28T08:24:53.287Z,59.7,21.1,1.919,49.6,0,60.2,0,0,0,0,0,0,0,0,66
2025-09-28T08:24:54.279Z,59.7,21.1,1.919,50.4,0,60.2,0,0,0,0,0,0,0,0,66
2025-09-28T08:24:55.282Z,59.7,21.1,1.919,49.6,0,60.2,0,0,0,0,0,0,0,0,66
2025-09-28T08:24:56.286Z,59.7,21.1,1.918,49.6,0,60.2,0,0,0,0,0,0,0,0,66
2025-09-28T08:24:57.283Z,59.7,21.1,1.919,49.6,0,60.2,0,0,0,0,0,0,0,0,66
2025-09-28T08:24:58.290Z,59.7,21.1,1.918,49.6,0,60.2,0,0,0,0,0,0,0,0,66
2025-09-28T08:24:59.288Z,59.7,21.1,1.918,50.4,0,60.2,0,0,0,0,0,0,0,0,66
2025-09-28T08:25:00.286Z,59.7,21.1,1.919,49.6,0,60.2,0,0,0,0,0,0,0,0,66
2025-09-28T08:25:01.286Z,59.7,21.1,1.919,50.4,0,60.2,0,0,0,0,0,0,0,0,66
2025-09-28T08:25:02.286Z,59.7,21.1,1.919,49.6,0,60.2,0,0,0,0,0,0,0,0,66
2025-09-28T08:25:03.288Z,59.7,21.1,1.919,50.4,0,60.2,0,0,0,0,0,0,0,0,66
2025-09-28T08:25:04.294Z,59.7,21.1,1.918,49.6,0,60.2,0,0,0,0,0,0,0,0,66
2025-09-28T08:25:05.291Z,59.7,21.1,1.919,50.4,0,60.2,0,0,0,0,0,0,0,0,66
2025-09-28T08:25:06.293Z,59.7,21.1,1.919,49.6,0,60.2,0,0,0,0,0,0,0,0,66
2025-09-28T08:25:07.287Z,59.7,21.1,1.919,50.4,0,60.2,0,0,0,0,0,0,0,0,66
2025-09-28T08:25:08.292Z,59.7,21.1,1.919,49.6,0,60.2,0,0,0,0,0,0,0,0,66
2025-09-28T08:25:09.291Z,59.7,21.1,1.919,50.4,0,60.2,0,0,0,0,0,0,0,0,66
2025-09-28T08:25:10.293Z,59.7,21.1,1.919,49.6,0,60.2,0,0,0,0,0,0,0,0,66
2025-09-28T08:25:11.295Z,59.7,21.1,1.919,50.4,0,60.2,0,0,0,0,0,0,0,0,66
2025-09-28T08:25:12.296Z,59.7,21.1,1.919,49.6,0,60.2,0,0,0,0,0,0,0,0,66
2025-09-28T08:25:13.300Z,59.7,21.1,1.918,50.4,0,60.2,0,0,0,0,0,0,0,0,66
2025-09-28T08:25:14.295Z,59.8,21.1,1.919,49.6,0,60.2,0,0,0,0,0,0,0,0,66
2025-09-28T08:25:15.303Z,59.7,21.1,1.918,50.4,0,60.2,0,0,0,0,0,0,0,0,66
2025-09-28T08:25:16.299Z,59.8,21.1,1.919,49.6,0,60.2,0,0,0,0,0,0,0,0,66
2025-09-28T08:25:17.300Z,59.8,21.1,1.918,50.4,0,60.2,0,0,0,0,0,0,0,0,66
2025-09-28T08:25:18.301Z,59.8,21.1,1.918,49.6,0,60.2,0,0,0,0,0,0,0,0,66
2025-09-28T08:25:19.299Z,59.8,21.1,1.919,50.4,0,60.2,0,0,0,0,0,0,0,0,66
2025-09-28T08:25:20.301Z,59.8,21.1,1.918,49.6,0,60.2,0,0,0,0,0,0,0,0,66
2025-09-28T08:25:21.309Z,59.8,21.1,1.918,50.4,0,60.2,0,0,0,0,0,0,0,0,66
2025-09-28T08:25:22.305Z,59.8,21.1,1.918,49.6,0,60.2,0,0,0,0,0,0,0,0,66
2025-09-28T08:25:23.305Z,59.8,21.1,1.918,50.4,0,60.2,0,0,0,0,0,0,0,0,66
2025-09-28T08:25:24.305Z,59.8,21.1,1.918,49.6,0,60.2,0,0,0,0,0,0,0,0,66
2025-09-28T08:25:25.303Z,59.8,21.1,1.919,50.4,0,60.2,0,0,0,0,0,0,0,0,66
2025-09-28T08:25:26.305Z,59.8,21.1,1.918,49.6,0,60.2,0,0,0,0,0,0,0,0,66
2025-09-28T08:25:27.312Z,59.8,21.1,1.918,50.4,0,60.2,0,0,0,0,0,0,0,0,66
2025-09-28T08:25:28.311Z,59.8,21.1,1.918,49.6,0,60.2,0,0,0,0,0,0,0,0,66
2025-09-28T08:25:29.312Z,59.8,21.1,1.917,50.4,0,60.2,0,0,0,0,0,0,0,0,66
2025-09-28T08:25:30.310Z,59.8,21.1,1.918,49.6,0,60.2,0,0,0,0,0,0,0,0,66
2025-09-28T08:25:31.312Z,59.8,21.1,1.918,50.4,0,60.2,0,0,0,0,0,0,0,0,66
2025-09-28T08:25:32.313Z,59.8,21.1,1.918,49.6,0,60.2,0,0,0,0,0,0,0,0,66
2025-09-28T08:25:33.313Z,59.8,21.1,1.918,50.4,0,60.2,0,0,0,0,0,0,0,0,66
2025-09-28T08:25:34.315Z,59.8,21.1,1.918,49.6,0,60.2,0,0,0,0,0,0,0,0,66
2025-09-28T08:25:35.315Z,59.8,21.1,1.918,50.4,0,60.2,0,0,0,0,0,0,0,0,66
2025-09-28T08:25:36.316Z,59.8,21.1,1.917,49.6,0,60.2,0,0,0,0,0,0,0,0,66
2025-09-28T08:25:37.316Z,59.9,21.1,1.917,50.4,0,60.2,0,0,0,0,0,0,0,0,66
2025-09-28T08:25:38.322Z,59.9,21.1,1.918,49.6,0,60.2,0,0,0,0,0,0,0,0,66
2025-09-28T08:25:39.317Z,59.9,21.1,1.918,50.4,0,60.2,0,0,0,0,0,0,0,0,66
2025-09-28T08:25:40.319Z,59.9,21.1,1.917,49.6,0,60.2,0,0,0,0,0,0,0,0,66
2025-09-28T08:25:41.321Z,59.9,21.1,1.917,50.4,0,60.2,0,0,0,0,0,0,0,0,66
2025-09-28T08:25:42.322Z,59.9,21.1,1.917,49.6,0,60.2,0,0,0,0,0,0,0,0,66
2025-09-28T08:25:43.321Z,59.9,21.1,1.917,50.4,0,60.2,0,0,0,0,0,0,0,0,66
2025-09-28T08:25:44.322Z,59.9,21.1,1.917,49.6,0,60.2,0,0,0,0,0,0,0,0,66
2025-09-28T08:25:45.325Z,59.9,21.1,1.917,49.6,0,60.2,0,0,0,0,0,0,0,0,66
2025-09-28T08:25:46.322Z,59.9,21.1,1.917,50.4,0,60.2,0,0,0,0,0,0,0,0,66
2025-09-28T08:25:47.325Z,59.9,21.1,1.917,49.6,0,60.2,0,0,0,0,0,0,0,0,66
2025-09-28T08:25:48.328Z,59.9,21.1,1.917,50.4,0,60.2,0,0,0,0,0,0,0,0,66
2025-09-28T08:25:49.330Z,59.9,21.1,1.917,49.6,0,60.2,0,0,0,0,0,0,0,0,66
2025-09-28T08:25:50.328Z,59.9,21.1,1.917,50.4,0,60.2,0,0,0,0,0,0,0,0,66
2025-09-28T08:25:51.329Z,59.9,21.1,1.917,49.6,0,60.2,0,0,0,0,0,0,0,0,66
2025-09-28T08:25:52.334Z,59.9,21.1,1.916,50.4,0,60.2,0,0,0,0,0,0,0,0,66
2025-09-28T08:25:53.330Z,59.9,21.1,1.916,49.6,0,60.2,0,0,0,0,0,0,0,0,66
2025-09-28T08:25:54.332Z,59.9,21.1,1.917,49.6,0,60.2,0,0,0,0,0,0,0,0,66
2025-09-28T08:25:55.331Z,59.9,21.1,1.916,50.4,0,60.2,0,0,0,0,0,0,0,0,66
2025-09-28T08:25:56.336Z,60,21.1,1.917,49.6,0,60.2,0,0,0,0,0,0,0,0,66
2025-09-28T08:25:57.335Z,60,21.1,1.916,50.4,0,60.2,0,0,0,0,0,0,0,0,66
2025-09-28T08:25:58.337Z,60,21.1,1.917,49.6,0,60.2,0,0,0,0,0,0,0,0,66
2025-09-28T08:25:59.336Z,60,21.1,1.916,50.4,0,60.2,0,0,0,0,0,0,0,0,66
2025-09-28T08:26:00.335Z,60,21.1,1.916,49.6,0,60.2,0,0,0,0,0,0,0,0,66
2025-09-28T08:26:01.340Z,60,21.1,1.917,50.4,0,60.2,0,0,0,0,0,0,0,0,66
2025-09-28T08:26:02.339Z,60,21.1,1.916,49.6,0,60.2,0,0,0,0,0,0,0,0,66
2025-09-28T08:26:03.337Z,60,21.1,1.916,50.4,0,60.2,0,0,0,0,0,0,0,0,66
2025-09-28T08:26:04.339Z,60,21.1,1.916,49.6,0,60.2,0,0,0,0,0,0,0,0,66
2025-09-28T08:26:05.337Z,60,21.1,1.916,50.4,0,60.2,0,0,0,0,0,0,0,0,66
2025-09-28T08:26:06.343Z,60,21.1,1.917,49.6,0,60.2,0,0,0,0,0,0,0,0,66
2025-09-28T08:26:07.345Z,60,21.1,1.917,49.6,0,60.2,0,0,0,0,0,0,0,0,66
2025-09-28T08:26:08.347Z,60,21.1,1.917,50.4,0,60.2,0,0,0,0,0,0,0,0,66
2025-09-28T08:26:09.346Z,60,21.1,1.917,49.6,0,60.2,0,0,0,0,0,0,0,0,66
2025-09-28T08:26:10.346Z,60,21.1,1.917,50.4,0,60.2,0,0,0,0,0,0,0,0,66
2025-09-28T08:26:11.342Z,60,21.1,1.916,49.6,0,60.2,0,0,0,0,0,0,0,0,66
2025-09-28T08:26:12.346Z,60,21.1,1.917,50.4,0,60.2,0,0,0,0,0,0,0,0,66
2025-09-28T08:26:13.348Z,60,21.1,1.917,49.6,0,60.2,0,0,0,0,0,0,0,0,66
2025-09-28T08:26:14.347Z,60,21.1,1.917,50.4,0,60.2,0,0,0,0,0,0,0,0,66
2025-09-28T08:26:15.349Z,60,21.1,1.917,49.6,0,60.2,0,0,0,0,0,0,0,0,66
2025-09-28T08:26:16.346Z,60.1,21.1,1.916,50.4,0,60.2,0,0,0,0,0,0,0,0,66
2025-09-28T08:26:17.354Z,60.1,21.1,1.917,49.6,0,60.2,0,0,0,0,0,0,0,0,66
2025-09-28T08:26:18.353Z,60.1,21.1,1.917,49.6,0,60.2,0,0,0,0,0,0,0,0,66
2025-09-28T08:26:19.356Z,60.1,21.1,1.917,49.6,0,60.2,0,0,0,0,0,0,0,0,66
2025-09-28T08:26:20.354Z,60.1,21.1,1.917,50.4,0,60.2,0,0,0,0,0,0,0,0,66
2025-09-28T08:26:21.361Z,60.1,21.1,1.917,49.6,0,60.2,0,0,0,0,0,0,0,0,66
2025-09-28T08:26:22.357Z,60.1,21.1,1.917,50.4,0,60.2,0,0,0,0,0,0,0,0,66
2025-09-28T08:26:23.360Z,60.1,21.1,1.917,49.6,0,60.2,0,0,0,0,0,0,0,0,66
2025-09-28T08:26:24.356Z,60.1,21.1,1.917,50.4,0,60.2,0,0,0,0,0,0,0,0,66
2025-09-28T08:26:25.357Z,60.1,21.1,1.917,49.6,0,60.2,0,0,0,0,0,0,0,0,66
2025-09-28T08:26:26.362Z,60.1,21.1,1.917,50.4,0,60.2,0,0,0,0,0,0,0,0,66
2025-09-28T08:26:27.360Z,60.1,21.1,1.917,49.6,0,60.2,0,0,0,0,0,0,0,0,66
2025-09-28T08:26:28.363Z,60.1,21.1,1.917,50.4,0,60.2,0,0,0,0,0,0,0,0,66
2025-09-28T08:26:29.363Z,60.1,21.1,1.917,49.6,0,60.2,0,0,0,0,0,0,0,0,66
2025-09-28T08:26:30.363Z,60.1,21.1,1.917,50.4,0,60.2,0,0,0,0,0,0,0,0,66
2025-09-28T08:26:31.366Z,60.1,21.1,1.917,49.6,0,60.2,0,0,0,0,0,0,0,0,66
2025-09-28T08:26:32.364Z,60.1,21.1,1.917,50.4,0,60.2,0,0,0,0,0,0,0,0,66
2025-09-28T08:26:33.365Z,60.1,21.1,1.917,49.6,0,60.2,0,0,0,0,0,0,0,0,66
2025-09-28T08:26:34.361Z,60.2,21.1,1.917,50.4,0,60.2,0,0,0,0,0,0,0,0,66
2025-09-28T08:26:35.362Z,60.2,21.1,1.917,49.6,0,60.2,0,0,0,0,0,0,0,0,66
2025-09-28T08:26:36.366Z,60.2,21.1,1.917,50.4,0,60.2,0,0,0,0,0,0,0,0,66
2025-09-28T08:26:37.368Z,60.2,21.1,1.917,49.6,0,60.2,0,0,0,0,0,0,0,0,66
2025-09-28T08:26:38.370Z,60.2,21.1,1.917,50.4,0,60.2,0,0,0,0,0,0,0,0,66
2025-09-28T08:26:39.370Z,60.2,21.1,1.917,49.6,0,60.2,0,0,0,0,0,0,0,0,66
2025-09-28T08:26:40.372Z,60.2,21.1,1.916,49.6,0,60.2,0,0,0,0,0,0,0,0,66
2025-09-28T08:26:41.371Z,60.2,21.1,1.916,49.6,0,60.2,0,0,0,0,0,0,0,0,66
2025-09-28T08:26:42.374Z,60.2,21.1,1.917,50.4,0,60.2,0,0,0,0,0,0,0,0,66
2025-09-28T08:26:43.375Z,60.2,21.1,1.916,49.6,0,60.2,0,0,0,0,0,0,0,0,66
2025-09-28T08:26:44.375Z,60.2,21.1,1.916,50.4,0,60.2,0,0,0,0,0,0,0,0,66
2025-09-28T08:26:45.371Z,60.2,21.1,1.916,49.6,0,60.2,0,0,0,0,0,0,0,0,66
2025-09-28T08:26:46.382Z,60.2,21.1,1.915,50.4,0,60.2,0,0,0,0,0,0,0,0,66
2025-09-28T08:26:47.380Z,60.2,21.1,1.916,49.6,0,60.2,0,0,0,0,0,0,0,0,66
2025-09-28T08:26:48.380Z,60.2,21.1,1.916,50.4,0,60.2,0,0,0,0,0,0,0,0,66
2025-09-28T08:26:49.376Z,60.2,21.1,1.916,49.6,0,60.2,0,0,0,0,0,0,0,0,66
2025-09-28T08:26:50.382Z,60.2,21.1,1.916,50.4,0,60.2,0,0,0,0,0,0,0,0,66
2025-09-28T08:26:51.382Z,60.2,21.1,1.916,49.6,0,60.2,0,0,0,0,0,0,0,0,66
2025-09-28T08:26:52.383Z,60.2,21.1,1.915,50.4,0,60.2,0,0,0,0,0,0,0,0,66
2025-09-28T08:26:53.386Z,60.3,21.1,1.915,49.6,0,60.2,0,0,0,0,0,0,0,0,66
2025-09-28T08:26:54.385Z,60.3,21.1,1.915,50.4,0,60.2,0,0,0,0,0,0,0,0,66
2025-09-28T08:26:55.383Z,60.3,21.1,1.915,49.6,0,60.2,0,0,0,0,0,0,0,0,66
2025-09-28T08:26:56.384Z,60.3,21.1,1.916,50.4,0,60.2,0,0,0,0,0,0,0,0,66
2025-09-28T08:26:57.384Z,60.3,21.1,1.915,49.6,0,60.2,0,0,0,0,0,0,0,0,66
2025-09-28T08:26:58.388Z,60.3,21.1,1.915,50.4,0,60.2,0,0,0,0,0,0,0,0,66
2025-09-28T08:26:59.386Z,60.3,21.1,1.915,49.6,0,60.2,0,0,0,0,0,0,0,0,66
2025-09-28T08:27:00.387Z,60.3,21.1,1.915,50.4,0,60.2,0,0,0,0,0,0,0,0,66
2025-09-28T08:27:01.388Z,60.3,21.1,1.915,49.6,0,60.2,0,0,0,0,0,0,0,0,66
2025-09-28T08:27:02.390Z,60.3,21.1,1.915,50.4,0,60.2,0,0,0,0,0,0,0,0,66
2025-09-28T08:27:03.388Z,60.3,21.1,1.915,49.6,0,60.2,0,0,0,0,0,0,0,0,66
2025-09-28T08:27:04.393Z,60.3,21.1,1.915,50.4,0,60.2,0,0,0,0,0,0,0,0,66
2025-09-28T08:27:05.389Z,60.3,21.1,1.915,49.6,0,60.2,0,0,0,0,0,0,0,0,66
2025-09-28T08:27:06.393Z,60.3,21.1,1.915,49.6,0,60.2,0,0,0,0,0,0,0,0,66
2025-09-28T08:27:07.389Z,60.3,21.1,1.915,49.6,0,60.2,0,0,0,0,0,0,0,0,66
2025-09-28T08:27:08.395Z,60.3,21.1,1.915,50.4,0,60.2,0,0,0,0,0,0,0,0,66
2025-09-28T08:27:09.394Z,60.3,21.1,1.915,49.6,0,60.2,0,0,0,0,0,0,0,0,66
2025-09-28T08:27:10.394Z,60.4,21.1,1.915,50.4,0,60.2,0,0,0,0,0,0,0,0,66
2025-09-28T08:27:11.394Z,60.4,21.1,1.915,49.6,0,60.2,0,0,0,0,0,0,0,0,66
2025-09-28T08:27:12.395Z,60.4,21.1,1.915,50.4,0,60.2,0,0,0,0,0,0,0,0,66
2025-09-28T08:27:13.395Z,60.4,21.1,1.915,49.6,0,60.2,0,0,0,0,0,0,0,0,66
2025-09-28T08:27:14.401Z,60.4,21.1,1.915,50.4,0,60.2,0,0,0,0,0,0,0,0,66
2025-09-28T08:27:15.404Z,60.4,21.1,1.915,49.6,0,60.2,0,0,0,0,0,0,0,0,66
2025-09-28T08:27:16.404Z,60.4,21.1,1.915,50.4,0,60.2,0,0,0,0,0,0,0,0,66
2025-09-28T08:27:17.401Z,60.4,21.1,1.915,49.6,0,60.2,0,0,0,0,0,0,0,0,66
2025-09-28T08:27:18.402Z,60.4,21.1,1.915,50.4,0,60.2,0,0,0,0,0,0,0,0,66
2025-09-28T08:27:19.404Z,60.4,21.1,1.915,49.6,0,60.2,0,0,0,0,0,0,0,0,66
2025-09-28T08:27:20.401Z,60.4,21.1,1.915,50.4,0,60.2,0,0,0,0,0,0,0,0,66
2025-09-28T08:27:21.406Z,60.4,21.1,1.915,49.6,0,60.2,0,0,0,0,0,0,0,0,66
2025-09-28T08:27:22.412Z,60.4,21.1,1.915,50.4,0,60.2,0,0,0,0,0,0,0,0,66
2025-09-28T08:27:23.407Z,60.4,21.1,1.915,49.6,0,60.2,0,0,0,0,0,0,0,0,66
2025-09-28T08:27:24.404Z,60.4,21.1,1.915,50.4,0,60.2,0,0,0,0,0,0,0,0,66
2025-09-28T08:27:25.406Z,60.4,21.1,1.915,49.6,0,60.2,0,0,0,0,0,0,0,0,66
2025-09-28T08:27:26.414Z,60.4,21.1,1.915,50.4,0,60.2,0,0,0,0,0,0,0,0,66
2025-09-28T08:27:27.406Z,60.4,21.1,1.915,49.6,0,60.2,0,0,0,0,0,0,0,0,66
2025-09-28T08:27:28.412Z,60.4,21.1,1.915,49.6,0,60.2,0,0,0,0,0,0,0,0,66
2025-09-28T08:27:29.408Z,60.4,21.1,1.915,49.6,0,60.2,0,0,0,0,0,0,0,0,66
2025-09-28T08:27:30.411Z,60.5,21.1,1.915,49.6,0,60.2,0,0,0,0,0,0,0,0,66
2025-09-28T08:27:31.408Z,60.5,21.1,1.914,50.4,0,60.2,0,0,0,0,0,0,0,0,66
2025-09-28T08:27:32.414Z,60.5,21.1,1.915,49.6,0,60.2,0,0,0,0,0,0,0,0,66
2025-09-28T08:27:33.416Z,60.5,21.1,1.915,50.4,0,60.2,0,0,0,0,0,0,0,0,66
2025-09-28T08:27:34.415Z,60.5,21.1,1.915,49.6,0,60.2,0,0,0,0,0,0,0,0,66
2025-09-28T08:27:35.418Z,60.5,21.1,1.914,50.4,0,60.2,0,0,0,0,0,0,0,0,66
2025-09-28T08:27:36.425Z,60.5,21.1,1.915,49.6,0,60.2,0,0,0,0,0,0,0,0,66
2025-09-28T08:27:37.419Z,60.5,21.1,1.915,50.4,0,60.2,0,0,0,0,0,0,0,0,66
2025-09-28T08:27:38.417Z,60.5,21.1,1.915,49.6,0,60.2,0,0,0,0,0,0,0,0,66
2025-09-28T08:27:39.420Z,60.5,21.1,1.914,50.4,0,60.2,0,0,0,0,0,0,0,0,66
2025-09-28T08:27:40.420Z,60.5,21.1,1.914,49.6,0,60.2,0,0,0,0,0,0,0,0,66
2025-09-28T08:27:41.425Z,60.5,21.1,1.914,50.4,0,60.2,0,0,0,0,0,0,0,0,66
2025-09-28T08:27:42.424Z,60.5,21.1,1.914,49.6,0,60.2,0,0,0,0,0,0,0,0,66
2025-09-28T08:27:43.422Z,60.5,21.1,1.914,50.4,0,60.2,0,0,0,0,0,0,0,0,66
2025-09-28T08:27:44.424Z,60.5,21.1,1.914,49.6,0,60.2,0,0,0,0,0,0,0,0,66
2025-09-28T08:27:45.423Z,60.5,21.1,1.914,50.4,0,60.2,0,0,0,0,0,0,0,0,66
2025-09-28T08:27:46.425Z,60.5,21.1,1.914,49.6,0,60.2,0,0,0,0,0,0,0,0,66
2025-09-28T08:27:47.425Z,60.5,21.1,1.914,49.6,0,60.2,0,0,0,0,0,0,0,0,66
2025-09-28T08:27:48.427Z,60.5,21.1,1.914,49.6,0,60.2,0,0,0,0,0,0,0,0,66
2025-09-28T08:27:49.427Z,60.6,21.1,1.914,50.4,0,60.2,0,0,0,0,0,0,0,0,66
2025-09-28T08:27:50.429Z,60.6,21.1,1.914,49.6,0,60.2,0,0,0,0,0,0,0,0,66
2025-09-28T08:27:51.433Z,60.6,21.1,1.915,50.4,0,60.2,0,0,0,0,0,0,0,0,66
2025-09-28T08:27:52.431Z,60.6,21.1,1.914,49.6,0,60.2,0,0,0,0,0,0,0,0,66
2025-09-28T08:27:53.432Z,60.6,21.1,1.914,50.4,0,60.2,0,0,0,0,0,0,0,0,66
2025-09-28T08:27:54.432Z,60.6,21.1,1.914,49.6,0,60.2,0,0,0,0,0,0,0,0,66
2025-09-28T08:27:55.432Z,60.6,21.1,1.914,50.4,0,60.2,0,0,0,0,0,0,0,0,66
2025-09-28T08:27:56.438Z,60.6,21.1,1.914,49.6,0,60.2,0,0,0,0,0,0,0,0,66
2025-09-28T08:27:57.432Z,60.6,21.1,1.914,49.6,0,60.2,0,0,0,0,0,0,0,0,66
2025-09-28T08:27:58.433Z,60.6,21.1,1.915,49.6,0,60.2,0,0,0,0,0,0,0,0,66
2025-09-28T08:27:59.435Z,60.6,21.1,1.914,50.4,0,60.2,0,0,0,0,0,0,0,0,66
2025-09-28T08:28:00.438Z,60.6,21.1,1.914,49.6,0,60.2,0,0,0,0,0,0,0,0,66
2025-09-28T08:28:01.439Z,60.6,21.1,1.914,49.6,0,60.2,0,0,0,0,0,0,0,0,66
2025-09-28T08:28:02.441Z,60.6,21.1,1.914,50.4,0,60.2,0,0,0,0,0,0,0,0,66
2025-09-28T08:28:03.439Z,60.6,21.1,1.914,49.6,0,60.2,0,0,0,0,0,0,0,0,66
2025-09-28T08:28:04.441Z,60.6,21.1,1.914,49.6,0,60.2,0,0,0,0,0,0,0,0,66
2025-09-28T08:28:05.445Z,60.6,21.1,1.914,50.4,0,60.2,0,0,0,0,0,0,0,0,66
2025-09-28T08:28:06.439Z,60.6,21.1,1.913,49.6,0,60.2,0,0,0,0,0,0,0,0,66
2025-09-28T08:28:07.440Z,60.6,21.1,1.913,50.4,0,60.2,0,0,0,0,0,0,0,0,66
2025-09-28T08:28:08.443Z,60.6,21.1,1.914,49.6,0,60.2,0,0,0,0,0,0,0,0,66
2025-09-28T08:28:09.441Z,60.6,21.1,1.913,49.6,0,60.2,0,0,0,0,0,0,0,0,66
2025-09-28T08:28:10.444Z,60.6,21.1,1.914,50.4,0,60.2,0,0,0,0,0,0,0,0,66
2025-09-28T08:28:11.445Z,60.6,21.1,1.914,49.6,0,60.2,0,0,0,0,0,0,0,0,66
2025-09-28T08:28:12.447Z,60.6,21.1,1.914,50.4,0,60.2,0,0,0,0,0,0,0,0,66
2025-09-28T08:28:13.449Z,60.6,21.1,1.914,50.4,0,60.2,0,0,0,0,0,0,0,0,66
2025-09-28T08:28:14.448Z,60.6,21.1,1.914,49.6,0,60.2,0,0,0,0,0,0,0,0,66
2025-09-28T08:28:15.449Z,60.6,21.1,1.914,50.4,0,60.2,0,0,0,0,0,0,0,0,66
2025-09-28T08:28:16.449Z,60.6,21.1,1.914,49.6,0,60.2,0,0,0,0,0,0,0,0,66
2025-09-28T08:28:17.452Z,60.6,21.1,1.914,50.4,0,60.2,0,0,0,0,0,0,0,0,66
2025-09-28T08:28:18.455Z,60.6,21.1,1.914,49.6,0,60.2,0,0,0,0,0,0,0,0,66
2025-09-28T08:28:19.452Z,60.6,21.1,1.914,50.4,0,60.2,0,0,0,0,0,0,0,0,66
2025-09-28T08:28:20.452Z,60.6,21.1,1.914,49.6,0,60.2,0,0,0,0,0,0,0,0,66
2025-09-28T08:28:21.456Z,60.6,21.1,1.914,49.6,0,60.2,0,0,0,0,0,0,0,0,66
2025-09-28T08:28:22.456Z,60.6,21.1,1.914,50.4,0,60.2,0,0,0,0,0,0,0,0,66
2025-09-28T08:28:23.456Z,60.6,21.1,1.914,49.6,0,60.2,0,0,0,0,0,0,0,0,66
2025-09-28T08:28:24.461Z,60.7,21.1,1.913,49.6,0,60.2,0,0,0,0,0,0,0,0,66
2025-09-28T08:28:25.457Z,60.7,21.1,1.914,50.4,0,60.2,0,0,0,0,0,0,0,0,66
2025-09-28T08:28:26.460Z,60.7,21.1,1.914,49.6,0,60.2,0,0,0,0,0,0,0,0,66
2025-09-28T08:28:27.461Z,60.7,21.1,1.914,50.4,0,60.2,0,0,0,0,0,0,0,0,66
2025-09-28T08:28:28.460Z,60.7,21.1,1.914,50.4,0,60.2,0,0,0,0,0,0,0,0,66
2025-09-28T08:28:29.464Z,60.7,21.1,1.914,49.6,0,60.2,0,0,0,0,0,0,0,0,66
2025-09-28T08:28:30.465Z,60.7,21.1,1.914,49.6,0,60.2,0,0,0,0,0,0,0,0,66
2025-09-28T08:28:31.465Z,60.7,21.1,1.914,49.6,0,60.2,0,0,0,0,0,0,0,0,66
2025-09-28T08:28:32.463Z,60.7,21.1,1.914,50.4,0,60.2,0,0,0,0,0,0,0,0,66
2025-09-28T08:28:33.466Z,60.7,21.1,1.914,50.4,0,60.2,0,0,0,0,0,0,0,0,66
2025-09-28T08:28:34.466Z,60.7,21.1,1.914,49.6,0,60.2,0,0,0,0,0,0,0,0,66
2025-09-28T08:28:35.471Z,60.7,21.1,1.913,50.4,0,60.2,0,0,0,0,0,0,0,0,66
2025-09-28T08:28:36.471Z,60.7,21.1,1.913,49.6,0,60.2,0,0,0,0,0,0,0,0,66
2025-09-28T08:28:37.475Z,60.7,21.1,1.913,50.4,0,60.2,0,0,0,0,0,0,0,0,66
2025-09-28T08:28:38.472Z,60.7,21.1,1.913,49.6,0,60.2,0,0,0,0,0,0,0,0,66
2025-09-28T08:28:39.482Z,60.7,21.1,1.913,49.6,0,60.2,0,0,0,0,0,0,0,0,66
2025-09-28T08:28:40.474Z,60.7,21.1,1.913,50.4,0,60.2,0,0,0,0,0,0,0,0,66
2025-09-28T08:28:41.474Z,60.7,21.1,1.914,49.6,0,60.2,0,0,0,0,0,0,0,0,66
2025-09-28T08:28:42.482Z,60.7,21.1,1.913,49.6,0,60.2,0,0,0,0,0,0,0,0,66
2025-09-28T08:28:43.478Z,60.7,21.1,1.913,50.4,0,60.2,0,0,0,0,0,0,0,0,66
2025-09-28T08:28:44.483Z,60.7,21.1,1.913,49.6,0,60.2,0,0,0,0,0,0,0,0,66
2025-09-28T08:28:45.479Z,60.7,21.1,1.913,49.6,0,60.2,0,0,0,0,0,0,0,0,66
2025-09-28T08:28:46.481Z,60.7,21.1,1.913,50.4,0,60.2,0,0,0,0,0,0,0,0,66
2025-09-28T08:28:47.487Z,60.7,21.1,1.913,49.6,0,60.2,0,0,0,0,0,0,0,0,66
2025-09-28T08:28:48.483Z,60.7,21.1,1.913,50.4,0,60.2,0,0,0,0,0,0,0,0,66
2025-09-28T08:28:49.487Z,60.7,21.1,1.913,50.4,0,60.2,0,0,0,0,0,0,0,0,66
2025-09-28T08:28:50.484Z,60.7,21.1,1.913,49.6,0,60.2,0,0,0,0,0,0,0,0,66
2025-09-28T08:28:51.492Z,60.7,21.1,1.913,50.4,0,60.2,0,0,0,0,0,0,0,0,66
2025-09-28T08:28:52.487Z,60.7,21.1,1.913,49.6,0,60.2,0,0,0,0,0,0,0,0,66
2025-09-28T08:28:53.484Z,60.7,21.1,1.913,50.4,0,60.2,0,0,0,0,0,0,0,0,66
2025-09-28T08:28:54.489Z,60.7,21.1,1.913,49.6,0,60.2,0,0,0,0,0,0,0,0,66
2025-09-28T08:28:55.488Z,60.7,21.1,1.913,50.4,0,60.2,0,0,0,0,0,0,0,0,66
2025-09-28T08:28:56.490Z,60.7,21.1,1.913,50.4,0,60.1,0,0,0,0,0,0,0,0,66
2025-09-28T08:28:57.491Z,60.7,21.1,1.913,49.6,0,60.2,0,0,0,0,0,0,0,0,66
2025-09-28T08:28:58.489Z,60.7,21.1,1.913,50.4,0,60.1,0,0,0,0,0,0,0,0,66
2025-09-28T08:28:59.493Z,60.7,21.1,1.913,49.6,0,60.2,0,0,0,0,0,0,0,0,66
2025-09-28T08:29:00.491Z,60.7,21.1,1.913,50.4,0,60.1,0,0,0,0,0,0,0,0,66
2025-09-28T08:29:01.495Z,60.7,21.1,1.913,49.6,0,60.1,0,0,0,0,0,0,0,0,66
2025-09-28T08:29:02.496Z,60.7,21.1,1.913,50.4,0,60.2,0,0,0,0,0,0,0,0,66
2025-09-28T08:29:03.493Z,60.7,21.1,1.913,49.6,0,60.2,0,0,0,0,0,0,0,0,66
2025-09-28T08:29:04.497Z,60.7,21.1,1.913,49.6,0,60.1,0,0,0,0,0,0,0,0,66
2025-09-28T08:29:05.496Z,60.7,21.1,1.913,50.4,0,60.1,0,0,0,0,0,0,0,0,66
2025-09-28T08:29:06.500Z,60.7,21.1,1.913,49.6,0,60.1,0,0,0,0,0,0,0,0,66
2025-09-28T08:29:07.497Z,60.7,21.1,1.913,50.4,0,60.1,0,0,0,0,0,0,0,0,66
2025-09-28T08:29:08.504Z,60.7,21.1,1.913,49.6,0,60.1,0,0,0,0,0,0,0,0,66
2025-09-28T08:29:09.499Z,60.7,21.1,1.913,50.4,0,60.1,0,0,0,0,0,0,0,0,66
2025-09-28T08:29:10.500Z,60.7,21.1,1.913,50.4,0,60.1,0,0,0,0,0,0,0,0,66
2025-09-28T08:29:11.502Z,60.7,21.1,1.913,49.6,0,60.1,0,0,0,0,0,0,0,0,66
2025-09-28T08:29:12.509Z,60.7,21.1,1.914,49.6,0,60.1,0,0,0,0,0,0,0,0,66
2025-09-28T08:29:13.504Z,60.7,21.1,1.913,49.6,0,60.1,0,0,0,0,0,0,0,0,66
2025-09-28T08:29:14.505Z,60.7,21.1,1.913,50.4,0,60.1,0,0,0,0,0,0,0,0,66
2025-09-28T08:29:15.509Z,60.7,21.1,1.913,49.6,0,60.1,0,0,0,0,0,0,0,0,66
2025-09-28T08:29:16.509Z,60.7,21.1,1.913,49.6,0,60.1,0,0,0,0,0,0,0,0,66
2025-09-28T08:29:17.510Z,60.7,21.1,1.913,50.4,0,60.1,0,0,0,0,0,0,0,0,66
2025-09-28T08:29:18.512Z,60.7,21.1,1.913,49.6,0,60.1,0,0,0,0,0,0,0,0,66
2025-09-28T08:29:19.510Z,60.7,21.1,1.913,49.6,0,60.1,0,0,0,0,0,0,0,0,66
2025-09-28T08:29:20.510Z,60.7,21.1,1.913,50.4,0,60.1,0,0,0,0,0,0,0,0,66
2025-09-28T08:29:21.511Z,60.7,21.1,1.913,49.6,0,60.1,0,0,0,0,0,0,0,0,66
2025-09-28T08:29:22.519Z,60.7,21.1,1.914,49.6,0,60.1,0,0,0,0,0,0,0,0,66
2025-09-28T08:29:23.513Z,60.7,21.1,1.913,50.4,0,60.1,0,0,0,0,0,0,0,0,66
2025-09-28T08:29:24.514Z,60.7,21.1,1.913,50.4,0,60.1,0,0,0,0,0,0,0,0,66
2025-09-28T08:29:25.513Z,60.7,21.1,1.913,49.6,0,60.1,0,0,0,0,0,0,0,0,66
2025-09-28T08:29:26.514Z,60.7,21.1,1.913,50.4,0,60.1,0,0,0,0,0,0,0,0,66
2025-09-28T08:29:27.518Z,60.7,21.1,1.914,49.6,0,60.1,0,0,0,0,0,0,0,0,66
2025-09-28T08:29:28.519Z,60.7,21.1,1.914,50.4,0,60.1,0,0,0,0,0,0,0,0,66
2025-09-28T08:29:29.521Z,60.7,21.1,1.914,50.4,0,60.1,0,0,0,0,0,0,0,0,66
2025-09-28T08:29:30.518Z,60.7,21.1,1.913,49.6,0,60.1,0,0,0,0,0,0,0,0,66
2025-09-28T08:29:31.523Z,60.7,21.1,1.914,50.4,0,60.1,0,0,0,0,0,0,0,0,66
2025-09-28T08:29:32.525Z,60.7,21.1,1.914,49.6,0,60.1,0,0,0,0,0,0,0,0,66
2025-09-28T08:29:33.524Z,60.7,21.1,1.914,50.4,0,60.1,0,0,0,0,0,0,0,0,66
2025-09-28T08:29:34.524Z,60.7,21.1,1.914,49.6,0,60.1,0,0,0,0,0,0,0,0,66
2025-09-28T08:29:35.523Z,60.7,21.1,1.914,49.6,0,60.1,0,0,0,0,0,0,0,0,66
2025-09-28T08:29:36.531Z,60.7,21.1,1.914,50.4,0,60.1,0,0,0,0,0,0,0,0,66
2025-09-28T08:29:37.529Z,60.7,21.1,1.914,49.6,0,60.1,0,0,0,0,0,0,0,0,66
2025-09-28T08:29:38.527Z,60.7,21.1,1.914,50.4,0,60.1,0,0,0,0,0,0,0,0,66
2025-09-28T08:29:39.527Z,60.7,21.1,1.914,50.4,0,60.1,0,0,0,0,0,0,0,0,66
2025-09-28T08:29:40.533Z,60.7,21.1,1.914,49.6,0,60.1,0,0,0,0,0,0,0,0,66
2025-09-28T08:29:41.530Z,60.7,21.1,1.914,50.4,0,60.1,0,0,0,0,0,0,0,0,66
2025-09-28T08:29:42.530Z,60.7,21.1,1.914,49.6,0,60.1,0,0,0,0,0,0,0,0,66
2025-09-28T08:29:43.535Z,60.7,21.1,1.914,50.4,0,60.1,0,0,0,0,0,0,0,0,66
2025-09-28T08:29:44.535Z,60.7,21.1,1.914,49.6,0,60.1,0,0,0,0,0,0,0,0,66
2025-09-28T08:29:45.534Z,60.7,21.1,1.914,50.4,0,60.1,0,0,0,0,0,0,0,0,66
2025-09-28T08:29:46.536Z,60.7,21.1,1.914,49.6,0,60.1,0,0,0,0,0,0,0,0,66
2025-09-28T08:29:47.541Z,60.7,21.1,1.914,50.4,0,60.1,0,0,0,0,0,0,0,0,66
2025-09-28T08:29:48.538Z,60.7,21.1,1.914,49.6,0,60.1,0,0,0,0,0,0,0,0,66
2025-09-28T08:29:49.536Z,60.7,21.1,1.914,50.4,0,60.1,0,0,0,0,0,0,0,0,66
2025-09-28T08:29:50.542Z,60.7,21.1,1.914,49.6,0,60.1,0,0,0,0,0,0,0,0,66
2025-09-28T08:29:51.543Z,60.7,21.1,1.914,50.4,0,60.1,0,0,0,0,0,0,0,0,66
2025-09-28T08:29:52.543Z,60.7,21.1,1.914,49.6,0,60.1,0,0,0,0,0,0,0,0,66
2025-09-28T08:29:53.538Z,60.7,21.1,1.914,50.4,0,60.1,0,0,0,0,0,0,0,0,66
2025-09-28T08:29:54.543Z,60.7,21.1,1.914,49.6,0,60.1,0,0,0,0,0,0,0,0,66
2025-09-28T08:29:55.544Z,60.7,21.1,1.914,50.4,0,60.1,0,0,0,0,0,0,0,0,66
2025-09-28T08:29:56.544Z,60.7,21.1,1.914,49.6,0,60.1,0,0,0,0,0,0,0,0,66
2025-09-28T08:29:57.546Z,60.6,21.1,1.914,50.4,0,60.1,0,0,0,0,0,0,0,0,66
2025-09-28T08:29:58.556Z,60.6,21.1,1.913,49.6,0,60.1,0,0,0,0,0,0,0,0,66
2025-09-28T08:29:59.551Z,60.6,21.1,1.913,49.6,0,60.1,0,0,0,0,0,0,0,0,66
2025-09-28T08:30:00.561Z,60.6,21.1,1.913,50.4,0,60.1,0,0,0,0,0,0,0,0,66
2025-09-28T08:30:01.548Z,60.6,21.1,1.914,49.6,0,60.1,0,0,0,0,0,0,0,0,66
2025-09-28T08:30:02.552Z,60.6,21.1,1.914,50.4,0,60.1,0,0,0,0,0,0,0,0,66
2025-09-28T08:30:03.551Z,60.6,21.1,1.913,49.6,0,60.1,0,0,0,0,0,0,0,0,66
2025-09-28T08:30:04.552Z,60.6,21.1,1.914,50.4,0,60.1,0,0,0,0,0,0,0,0,66
2025-09-28T08:30:05.548Z,60.6,21.1,1.914,49.6,0,60.1,0,0,0,0,0,0,0,0,66
2025-09-28T08:30:06.553Z,60.6,21.1,1.914,50.4,0,60.1,0,0,0,0,0,0,0,0,66
2025-09-28T08:30:07.554Z,60.6,21.1,1.913,49.6,0,60.1,0,0,0,0,0,0,0,0,66
2025-09-28T08:30:08.563Z,60.6,21.1,1.913,50.4,0,60.1,0,0,0,0,0,0,0,0,66
2025-09-28T08:30:09.558Z,60.6,21.1,1.914,49.6,0,60.1,0,0,0,0,0,0,0,0,66
2025-09-28T08:30:10.560Z,60.6,21.1,1.914,50.4,0,60.1,0,0,0,0,0,0,0,0,66
2025-09-28T08:30:11.559Z,60.6,21.1,1.913,49.6,0,60.1,0,0,0,0,0,0,0,0,66
2025-09-28T08:30:12.559Z,60.6,21.1,1.913,50.4,0,60.1,0,0,0,0,0,0,0,0,66
2025-09-28T08:30:13.563Z,60.6,21.1,1.914,49.6,0,60.1,0,0,0,0,0,0,0,0,66
2025-09-28T08:30:14.559Z,60.6,21.1,1.914,50.4,0,60.1,0,0,0,0,0,0,0,0,66
2025-09-28T08:30:15.567Z,60.6,21.1,1.914,49.6,0,60.1,0,0,0,0,0,0,0,0,66
2025-09-28T08:30:16.568Z,60.6,21.1,1.914,49.6,0,60.1,0,0,0,0,0,0,0,0,66
2025-09-28T08:30:17.565Z,60.6,21.1,1.914,50.4,0,60.1,0,0,0,0,0,0,0,0,66
2025-09-28T08:30:18.566Z,60.6,21.1,1.914,49.6,0,60.1,0,0,0,0,0,0,0,0,66
2025-09-28T08:30:19.570Z,60.6,21.1,1.914,49.6,0,60.1,0,0,0,0,0,0,0,0,66
2025-09-28T08:30:20.571Z,60.6,21.1,1.914,49.6,0,60.1,0,0,0,0,0,0,0,0,66
2025-09-28T08:30:21.570Z,60.6,21.1,1.914,50.4,0,60.1,0,0,0,0,0,0,0,0,66
2025-09-28T08:30:22.568Z,60.5,21.1,1.914,50.4,0,60.1,0,0,0,0,0,0,0,0,66
2025-09-28T08:30:23.568Z,60.5,21.1,1.914,49.6,0,60.1,0,0,0,0,0,0,0,0,66
2025-09-28T08:30:24.570Z,60.5,21.1,1.914,50.4,0,60.1,0,0,0,0,0,0,0,0,66
2025-09-28T08:30:25.575Z,60.5,21.1,1.914,49.6,0,60.1,0,0,0,0,0,0,0,0,66
2025-09-28T08:30:26.571Z,60.5,21.1,1.915,50.4,0,60.1,0,0,0,0,0,0,0,0,66
2025-09-28T08:30:27.574Z,60.5,21.1,1.914,49.6,0,60.1,0,0,0,0,0,0,0,0,66
2025-09-28T08:30:28.573Z,60.5,21.1,1.915,50.4,0,60.1,0,0,0,0,0,0,0,0,66
2025-09-28T08:30:29.579Z,60.5,21.1,1.915,49.6,0,60.1,0,0,0,0,0,0,0,0,66
2025-09-28T08:30:30.578Z,60.5,21.1,1.915,50.4,0,60.1,0,0,0,0,0,0,0,0,66
2025-09-28T08:30:31.584Z,60.5,21.1,1.915,49.6,0,60.1,0,0,0,0,0,0,0,0,66
2025-09-28T08:30:32.580Z,60.5,21.1,1.914,50.4,0,60.1,0,0,0,0,0,0,0,0,66
2025-09-28T08:30:33.579Z,60.5,21.1,1.915,49.6,0,60.1,0,0,0,0,0,0,0,0,66
2025-09-28T08:30:34.583Z,60.5,21.1,1.915,50.4,0,60.1,0,0,0,0,0,0,0,0,66
2025-09-28T08:30:35.582Z,60.5,21.1,1.915,49.6,0,60.1,0,0,0,0,0,0,0,0,66
2025-09-28T08:30:36.583Z,60.5,21.1,1.915,49.6,0,60.1,0,0,0,0,0,0,0,0,66
2025-09-28T08:30:37.583Z,60.5,21.1,1.915,50.4,0,60.1,0,0,0,0,0,0,0,0,66
2025-09-28T08:30:38.587Z,60.5,21.1,1.915,49.6,0,60.1,0,0,0,0,0,0,0,0,66
2025-09-28T08:30:39.586Z,60.5,21.1,1.915,50.4,0,60.1,0,0,0,0,0,0,0,0,66
2025-09-28T08:30:40.588Z,60.5,21.1,1.915,49.6,0,60.1,0,0,0,0,0,0,0,0,66
2025-09-28T08:30:41.588Z,60.5,21.1,1.915,50.4,0,60.1,0,0,0,0,0,0,0,0,66
2025-09-28T08:30:42.589Z,60.5,21.1,1.915,49.6,0,60.1,0,0,0,0,0,0,0,0,66
2025-09-28T08:30:43.590Z,60.5,21.1,1.915,49.6,0,60.1,0,0,0,0,0,0,0,0,66
2025-09-28T08:30:44.592Z,60.5,21.1,1.915,50.4,0,60.1,0,0,0,0,0,0,0,0,66
2025-09-28T08:30:45.594Z,60.5,21.1,1.915,49.6,0,60.1,0,0,0,0,0,0,0,0,66
2025-09-28T08:30:46.596Z,60.4,21.1,1.915,50.4,0,60.1,0,0,0,0,0,0,0,0,66
2025-09-28T08:30:47.594Z,60.4,21.1,1.915,49.6,0,60.1,0,0,0,0,0,0,0,0,66
2025-09-28T08:30:48.598Z,60.4,21.1,1.915,50.4,0,60.1,0,0,0,0,0,0,0,0,66
2025-09-28T08:30:49.600Z,60.4,21.1,1.915,50.4,0,60.1,0,0,0,0,0,0,0,0,66
2025-09-28T08:30:50.594Z,60.4,21.1,1.915,49.6,0,60.1,0,0,0,0,0,0,0,0,66
2025-09-28T08:30:51.595Z,60.4,21.1,1.915,49.6,0,60.1,0,0,0,0,0,0,0,0,66
2025-09-28T08:30:52.596Z,60.4,21.1,1.915,49.6,0,60.1,0,0,0,0,0,0,0,0,66
2025-09-28T08:30:53.594Z,60.4,21.1,1.915,50.4,0,60.1,0,0,0,0,0,0,0,0,66
2025-09-28T08:30:54.599Z,60.4,21.1,1.915,49.6,0,60.1,0,0,0,0,0,0,0,0,66
2025-09-28T08:30:55.600Z,60.4,21.1,1.915,50.4,0,60.1,0,0,0,0,0,0,0,0,66
2025-09-28T08:30:56.599Z,60.4,21.1,1.915,49.6,0,60.1,0,0,0,0,0,0,0,0,66
2025-09-28T08:30:57.601Z,60.4,21.1,1.915,49.6,0,60.1,0,0,0,0,0,0,0,0,66
2025-09-28T08:30:58.605Z,60.4,21.1,1.915,50.4,0,60.1,0,0,0,0,0,0,0,0,66
2025-09-28T08:30:59.608Z,60.4,21.1,1.915,49.6,0,60.1,0,0,0,0,0,0,0,0,66
2025-09-28T08:31:00.604Z,60.4,21.1,1.915,49.6,0,60.1,0,0,0,0,0,0,0,0,66
2025-09-28T08:31:01.608Z,60.4,21.1,1.915,50.4,0,60.1,0,0,0,0,0,0,0,0,66
2025-09-28T08:31:02.608Z,60.4,21.1,1.915,49.6,0,60.1,0,0,0,0,0,0,0,0,66
2025-09-28T08:31:03.607Z,60.4,21.1,1.915,49.6,0,60.1,0,0,0,0,0,0,0,0,66
2025-09-28T08:31:04.606Z,60.4,21.1,1.915,50.4,0,60.1,0,0,0,0,0,0,0,0,66
2025-09-28T08:31:05.607Z,60.4,21.1,1.915,49.6,0,60.1,0,0,0,0,0,0,0,0,66
2025-09-28T08:31:06.614Z,60.4,21.1,1.915,50.4,0,60.1,0,0,0,0,0,0,0,0,66
2025-09-28T08:31:07.611Z,60.4,21.1,1.915,50.4,0,60.1,0,0,0,0,0,0,0,0,66
2025-09-28T08:31:08.614Z,60.4,21.1,1.915,49.6,0,60.1,0,0,0,0,0,0,0,0,66
2025-09-28T08:31:09.615Z,60.4,21.1,1.915,50.4,0,60.1,0,0,0,0,0,0,0,0,66
2025-09-28T08:31:10.612Z,60.4,21.1,1.915,49.6,0,60.1,0,0,0,0,0,0,0,0,66
2025-09-28T08:31:11.614Z,60.4,21.1,1.915,50.4,0,60.1,0,0,0,0,0,0,0,0,66
2025-09-28T08:31:12.615Z,60.3,21.1,1.915,49.6,0,60.1,0,0,0,0,0,0,0,0,66
2025-09-28T08:31:13.621Z,60.3,21.1,1.915,50.4,0,60.1,0,0,0,0,0,0,0,0,66
2025-09-28T08:31:14.618Z,60.3,21.1,1.915,49.6,0,60.1,0,0,0,0,0,0,0,0,66
2025-09-28T08:31:15.620Z,60.3,21.1,1.915,49.6,0,60.1,0,0,0,0,0,0,0,0,66
2025-09-28T08:31:16.621Z,60.3,21.1,1.915,50.4,0,60.1,0,0,0,0,0,0,0,0,66
2025-09-28T08:31:17.620Z,60.3,21.1,1.915,49.6,0,60.1,0,0,0,0,0,0,0,0,66
2025-09-28T08:31:18.622Z,60.3,21.1,1.916,50.4,0,60.1,0,0,0,0,0,0,0,0,66
2025-09-28T08:31:19.624Z,60.3,21.1,1.915,50.4,0,60.1,0,0,0,0,0,0,0,0,66
2025-09-28T08:31:20.620Z,60.3,21.1,1.915,49.6,0,60.1,0,0,0,0,0,0,0,0,66
2025-09-28T08:31:21.629Z,60.3,21.1,1.915,50.4,0,60.1,0,0,0,0,0,0,0,0,66
2025-09-28T08:31:22.628Z,60.3,21.1,1.915,49.6,0,60.1,0,0,0,0,0,0,0,0,66
2025-09-28T08:31:23.622Z,60.3,21.1,1.916,50.4,0,60.1,0,0,0,0,0,0,0,0,66
2025-09-28T08:31:24.634Z,60.3,21.1,1.915,49.6,0,60.1,0,0,0,0,0,0,0,0,66
2025-09-28T08:31:25.630Z,60.3,21.1,1.915,49.6,0,60.1,0,0,0,0,0,0,0,0,66
2025-09-28T08:31:26.629Z,60.3,21.1,1.915,50.4,0,60.1,0,0,0,0,0,0,0,0,66
2025-09-28T08:31:27.631Z,60.3,21.1,1.915,49.6,0,60.1,0,0,0,0,0,0,0,0,66
2025-09-28T08:31:28.628Z,60.3,21.1,1.915,50.4,0,60.1,0,0,0,0,0,0,0,0,66
2025-09-28T08:31:29.636Z,60.3,21.1,1.915,49.6,0,60.1,0,0,0,0,0,0,0,0,66
2025-09-28T08:31:30.630Z,60.3,21.1,1.916,49.6,0,60.1,0,0,0,0,0,0,0,0,66
2025-09-28T08:31:31.632Z,60.3,21.1,1.915,50.4,0,60.1,0,0,0,0,0,0,0,0,66
2025-09-28T08:31:32.634Z,60.2,21.1,1.915,49.6,0,60.1,0,0,0,0,0,0,0,0,66
2025-09-28T08:31:33.635Z,60.2,21.1,1.916,50.4,0,60.1,0,0,0,0,0,0,0,0,66
2025-09-28T08:31:34.636Z,60.2,21.1,1.916,50.4,0,60.1,0,0,0,0,0,0,0,0,66
2025-09-28T08:31:35.638Z,60.2,21.1,1.916,49.6,0,60.1,0,0,0,0,0,0,0,0,66
2025-09-28T08:31:36.637Z,60.2,21.1,1.915,50.4,0,60.1,0,0,0,0,0,0,0,0,66
2025-09-28T08:31:37.643Z,60.2,21.1,1.916,49.6,0,60.1,0,0,0,0,0,0,0,0,66
2025-09-28T08:31:38.640Z,60.2,21.1,1.916,50.4,0,60.1,0,0,0,0,0,0,0,0,66
2025-09-28T08:31:39.643Z,60.2,21.1,1.916,49.6,0,60.1,0,0,0,0,0,0,0,0,66
2025-09-28T08:31:40.642Z,60.2,21.1,1.915,50.4,0,60.1,0,0,0,0,0,0,0,0,66
2025-09-28T08:31:41.641Z,60.2,21.1,1.916,49.6,0,60.1,0,0,0,0,0,0,0,0,66
2025-09-28T08:31:42.640Z,60.2,21.1,1.916,49.6,0,60.1,0,0,0,0,0,0,0,0,66
2025-09-28T08:31:43.644Z,60.2,21.1,1.915,50.4,0,60.1,0,0,0,0,0,0,0,0,66
2025-09-28T08:31:44.644Z,60.2,21.1,1.916,49.6,0,60.1,0,0,0,0,0,0,0,0,66
2025-09-28T08:31:45.643Z,60.2,21.1,1.916,50.4,0,60.1,0,0,0,0,0,0,0,0,66
2025-09-28T08:31:46.643Z,60.2,21.1,1.916,49.6,0,60.1,0,0,0,0,0,0,0,0,66
2025-09-28T08:31:47.647Z,60.2,21.1,1.916,49.6,0,60.1,0,0,0,0,0,0,0,0,66
2025-09-28T08:31:48.647Z,60.2,21.1,1.916,50.4,0,60.1,0,0,0,0,0,0,0,0,66
2025-09-28T08:31:49.647Z,60.2,21.1,1.916,49.6,0,60.1,0,0,0,0,0,0,0,0,66
2025-09-28T08:31:50.652Z,60.2,21.1,1.917,50.4,0,60.1,0,0,0,0,0,0,0,0,66
2025-09-28T08:31:51.650Z,60.2,21.1,1.916,49.6,0,60.1,0,0,0,0,0,0,0,0,66
2025-09-28T08:31:52.649Z,60.2,21.1,1.916,49.6,0,60.1,0,0,0,0,0,0,0,0,66
2025-09-28T08:31:53.651Z,60.2,21.1,1.917,50.4,0,60.1,0,0,0,0,0,0,0,0,66
2025-09-28T08:31:54.651Z,60.1,21.1,1.917,49.6,0,60.1,0,0,0,0,0,0,0,0,66
2025-09-28T08:31:55.657Z,60.1,21.1,1.917,50.4,0,60.1,0,0,0,0,0,0,0,0,66
2025-09-28T08:31:56.659Z,60.1,21.1,1.917,49.6,0,60.1,0,0,0,0,0,0,0,0,66
2025-09-28T08:31:57.655Z,60.1,21.1,1.917,50.4,0,60.1,0,0,0,0,0,0,0,0,66
2025-09-28T08:31:58.658Z,60.1,21.1,1.917,50.4,0,60.1,0,0,0,0,0,0,0,0,66
2025-09-28T08:31:59.658Z,60.1,21.1,1.917,49.6,0,60.1,0,0,0,0,0,0,0,0,66
2025-09-28T08:32:00.657Z,60.1,21.1,1.917,50.4,0,60.1,0,0,0,0,0,0,0,0,66
2025-09-28T08:32:01.669Z,60.1,21.1,1.916,49.6,0,60.1,0,0,0,0,0,0,0,0,66
2025-09-28T08:32:02.657Z,60.1,21.1,1.917,50.4,0,60.1,0,0,0,0,0,0,0,0,66
2025-09-28T08:32:03.661Z,60.1,21.1,1.917,49.6,0,60.1,0,0,0,0,0,0,0,0,66
2025-09-28T08:32:04.666Z,60.1,21.1,1.917,49.6,0,60.1,0,0,0,0,0,0,0,0,66
2025-09-28T08:32:05.663Z,60.1,21.1,1.917,50.4,0,60.1,0,0,0,0,0,0,0,0,66
2025-09-28T08:32:06.663Z,60.1,21.1,1.917,49.6,0,60.1,0,0,0,0,0,0,0,0,66
2025-09-28T08:32:07.670Z,60.1,21.1,1.917,50.4,0,60.1,0,0,0,0,0,0,0,0,66
2025-09-28T08:32:08.667Z,60.1,21.1,1.917,49.6,0,60.1,0,0,0,0,0,0,0,0,66
2025-09-28T08:32:09.669Z,60.1,21.1,1.917,50.4,0,60.1,0,0,0,0,0,0,0,0,66
