timestamp,TECell_PV,PSCurrent_PV,PSVoltage_PV,FT201_PV,HTR201_PV,TE201_PV,CT201_PV,CT210_PV,Cell1_Voltage,Cell2_Voltage,Cell3_Voltage,PT201_PV,PT302_PV,HCD220_PV,step
2025-09-27T17:32:00.147Z,59.8,21.1,1.912,49.6,0,60.3,0,0,0,0,0,0,0,0,66
2025-09-27T17:32:01.146Z,59.8,21.1,1.912,50.4,0,60.3,0,0,0,0,0,0,0,0,66
2025-09-27T17:32:02.144Z,59.8,21.1,1.912,49.6,0,60.3,0,0,0,0,0,0,0,0,66
2025-09-27T17:32:03.145Z,59.8,21.1,1.912,50.4,0,60.3,0,0,0,0,0,0,0,0,66
2025-09-27T17:32:04.144Z,59.8,21.1,1.912,49.6,0,60.3,0,0,0,0,0,0,0,0,66
2025-09-27T17:32:05.153Z,59.8,21.1,1.912,50.4,0,60.3,0,0,0,0,0,0,0,0,66
2025-09-27T17:32:06.150Z,59.8,21.1,1.912,49.6,0,60.3,0,0,0,0,0,0,0,0,66
2025-09-27T17:32:07.150Z,59.8,21.1,1.912,49.6,0,60.3,0,0,0,0,0,0,0,0,66
2025-09-27T17:32:08.150Z,59.8,21.1,1.912,50.4,0,60.3,0,0,0,0,0,0,0,0,66
2025-09-27T17:32:09.152Z,59.8,21.1,1.912,49.6,0,60.3,0,0,0,0,0,0,0,0,66
2025-09-27T17:32:10.154Z,59.8,21.1,1.912,50.4,0,60.3,0,0,0,0,0,0,0,0,66
2025-09-27T17:32:11.150Z,59.8,21.1,1.912,50.4,0,60.3,0,0,0,0,0,0,0,0,66
2025-09-27T17:32:12.156Z,59.8,21.1,1.912,49.6,0,60.3,0,0,0,0,0,0,0,0,66
2025-09-27T17:32:13.155Z,59.8,21.1,1.912,50.4,0,60.3,0,0,0,0,0,0,0,0,66
2025-09-27T17:32:14.157Z,59.8,21.1,1.912,49.6,0,60.3,0,0,0,0,0,0,0,0,66
2025-09-27T17:32:15.162Z,59.8,21.1,1.912,50.4,0,60.3,0,0,0,0,0,0,0,0,66
2025-09-27T17:32:16.157Z,59.8,21.1,1.912,49.6,0,60.3,0,0,0,0,0,0,0,0,66
2025-09-27T17:32:17.160Z,59.8,21.1,1.912,50.4,0,60.3,0,0,0,0,0,0,0,0,66
2025-09-27T17:32:18.162Z,59.8,21.1,1.911,49.6,0,60.3,0,0,0,0,0,0,0,0,66
2025-09-27T17:32:19.166Z,59.8,21.1,1.911,50.4,0,60.3,0,0,0,0,0,0,0,0,66
2025-09-27T17:32:20.166Z,59.8,21.1,1.911,49.6,0,60.3,0,0,0,0,0,0,0,0,66
2025-09-27T17:32:21.164Z,59.9,21.1,1.911,50.4,0,60.3,0,0,0,0,0,0,0,0,66
2025-09-27T17:32:22.165Z,59.9,21.1,1.911,49.6,0,60.2,0,0,0,0,0,0,0,0,66
2025-09-27T17:32:23.166Z,59.9,21.1,1.911,50.4,0,60.2,0,0,0,0,0,0,0,0,66
2025-09-27T17:32:24.164Z,59.9,21.1,1.911,49.6,0,60.2,0,0,0,0,0,0,0,0,66
2025-09-27T17:32:25.167Z,59.9,21.1,1.91,50.4,0,60.3,0,0,0,0,0,0,0,0,66
2025-09-27T17:32:26.171Z,59.9,21.1,1.91,49.6,0,60.3,0,0,0,0,0,0,0,0,66
2025-09-27T17:32:27.166Z,59.9,21.1,1.911,50.4,0,60.2,0,0,0,0,0,0,0,0,66
2025-09-27T17:32:28.171Z,59.9,21.1,1.911,49.6,0,60.2,0,0,0,0,0,0,0,0,66
2025-09-27T17:32:29.172Z,59.9,21.1,1.91,50.4,0,60.2,0,0,0,0,0,0,0,0,66
2025-09-27T17:32:30.171Z,59.9,21.1,1.91,49.6,0,60.2,0,0,0,0,0,0,0,0,66
2025-09-27T17:32:31.170Z,59.9,21.1,1.91,50.4,0,60.2,0,0,0,0,0,0,0,0,66
2025-09-27T17:32:32.176Z,59.9,21.1,1.91,49.6,0,60.2,0,0,0,0,0,0,0,0,66
2025-09-27T17:32:33.172Z,59.9,21.1,1.91,50.4,0,60.2,0,0,0,0,0,0,0,0,66
2025-09-27T17:32:34.172Z,59.9,21.1,1.91,49.6,0,60.2,0,0,0,0,0,0,0,0,66
2025-09-27T17:32:35.175Z,59.9,21.1,1.91,50.4,0,60.2,0,0,0,0,0,0,0,0,66
2025-09-27T17:32:36.175Z,59.9,21.1,1.91,49.6,0,60.2,0,0,0,0,0,0,0,0,66
2025-09-27T17:32:37.176Z,59.9,21.1,1.91,50.4,0,60.2,0,0,0,0,0,0,0,0,66
2025-09-27T17:32:38.180Z,59.9,21.1,1.91,49.6,0,60.2,0,0,0,0,0,0,0,0,66
2025-09-27T17:32:39.179Z,60,21.1,1.91,50.4,0,60.2,0,0,0,0,0,0,0,0,66
2025-09-27T17:32:40.179Z,59.9,21.1,1.91,49.6,0,60.2,0,0,0,0,0,0,0,0,66
2025-09-27T17:32:41.181Z,60,21.1,1.91,50.4,0,60.2,0,0,0,0,0,0,0,0,66
2025-09-27T17:32:42.184Z,60,21.1,1.91,49.6,0,60.2,0,0,0,0,0,0,0,0,66
2025-09-27T17:32:43.185Z,60,21.1,1.91,50.4,0,60.2,0,0,0,0,0,0,0,0,66
2025-09-27T17:32:44.182Z,60,21.1,1.91,49.6,0,60.2,0,0,0,0,0,0,0,0,66
2025-09-27T17:32:45.184Z,60,21.1,1.91,50.4,0,60.2,0,0,0,0,0,0,0,0,66
2025-09-27T17:32:46.185Z,60,21.1,1.91,49.6,0,60.2,0,0,0,0,0,0,0,0,66
2025-09-27T17:32:47.188Z,60,21.1,1.91,50.4,0,60.2,0,0,0,0,0,0,0,0,66
2025-09-27T17:32:48.188Z,60,21.1,1.91,49.6,0,60.2,0,0,0,0,0,0,0,0,66
2025-09-27T17:32:49.187Z,60,21.1,1.91,50.4,0,60.2,0,0,0,0,0,0,0,0,66
2025-09-27T17:32:50.188Z,60,21.1,1.91,49.6,0,60.2,0,0,0,0,0,0,0,0,66
2025-09-27T17:32:51.189Z,60,21.1,1.91,50.4,0,60.2,0,0,0,0,0,0,0,0,66
2025-09-27T17:32:52.189Z,60,21.1,1.91,49.6,0,60.2,0,0,0,0,0,0,0,0,66
2025-09-27T17:32:53.191Z,60,21.1,1.91,50.4,0,60.2,0,0,0,0,0,0,0,0,66
2025-09-27T17:32:54.192Z,60,21.1,1.91,49.6,0,60.2,0,0,0,0,0,0,0,0,66
2025-09-27T17:32:55.192Z,60,21.1,1.91,50.4,0,60.2,0,0,0,0,0,0,0,0,66
2025-09-27T17:32:56.192Z,60,21.1,1.91,49.6,0,60.2,0,0,0,0,0,0,0,0,66
2025-09-27T17:32:57.194Z,60,21.1,1.911,49.6,0,60.2,0,0,0,0,0,0,0,0,66
2025-09-27T17:32:58.193Z,60.1,21.1,1.91,49.6,0,60.2,0,0,0,0,0,0,0,0,66
2025-09-27T17:32:59.193Z,60.1,21.1,1.91,50.4,0,60.2,0,0,0,0,0,0,0,0,66
2025-09-27T17:33:00.198Z,60.1,21.1,1.911,49.6,0,60.2,0,0,0,0,0,0,0,0,66
2025-09-27T17:33:01.193Z,60.1,21.1,1.91,50.4,0,60.2,0,0,0,0,0,0,0,0,66
2025-09-27T17:33:02.200Z,60.1,21.1,1.911,49.6,0,60.2,0,0,0,0,0,0,0,0,66
2025-09-27T17:33:03.199Z,60.1,21.1,1.91,50.4,0,60.2,0,0,0,0,0,0,0,0,66
2025-09-27T17:33:04.199Z,60.1,21.1,1.911,49.6,0,60.2,0,0,0,0,0,0,0,0,66
2025-09-27T17:33:05.203Z,60.1,21.1,1.911,50.4,0,60.2,0,0,0,0,0,0,0,0,66
2025-09-27T17:33:06.202Z,60.1,21.1,1.911,49.6,0,60.2,0,0,0,0,0,0,0,0,66
2025-09-27T17:33:07.202Z,60.1,21.1,1.911,50.4,0,60.2,0,0,0,0,0,0,0,0,66
2025-09-27T17:33:08.206Z,60.1,21.1,1.911,49.6,0,60.2,0,0,0,0,0,0,0,0,66
2025-09-27T17:33:09.208Z,60.1,21.1,1.911,50.4,0,60.2,0,0,0,0,0,0,0,0,66
2025-09-27T17:33:10.207Z,60.1,21.1,1.911,49.6,0,60.2,0,0,0,0,0,0,0,0,66
2025-09-27T17:33:11.210Z,60.1,21.1,1.911,50.4,0,60.2,0,0,0,0,0,0,0,0,66
2025-09-27T17:33:12.209Z,60.1,21.1,1.911,49.6,0,60.2,0,0,0,0,0,0,0,0,66
2025-09-27T17:33:13.211Z,60.1,21.1,1.911,50.4,0,60.2,0,0,0,0,0,0,0,0,66
2025-09-27T17:33:14.211Z,60.1,21.1,1.911,49.6,0,60.2,0,0,0,0,0,0,0,0,66
2025-09-27T17:33:15.211Z,60.1,21.1,1.911,50.4,0,60.2,0,0,0,0,0,0,0,0,66
2025-09-27T17:33:16.214Z,60.2,21.1,1.911,49.6,0,60.2,0,0,0,0,0,0,0,0,66
2025-09-27T17:33:17.214Z,60.2,21.1,1.911,49.6,0,60.2,0,0,0,0,0,0,0,0,66
2025-09-27T17:33:18.216Z,60.2,21.1,1.911,49.6,0,60.2,0,0,0,0,0,0,0,0,66
2025-09-27T17:33:19.217Z,60.2,21.1,1.911,50.4,0,60.2,0,0,0,0,0,0,0,0,66
2025-09-27T17:33:20.218Z,60.2,21.1,1.911,49.6,0,60.2,0,0,0,0,0,0,0,0,66
2025-09-27T17:33:21.218Z,60.2,21.1,1.909,50.4,0,60.2,0,0,0,0,0,0,0,0,66
2025-09-27T17:33:22.217Z,60.2,21.1,1.91,49.6,0,60.2,0,0,0,0,0,0,0,0,66
2025-09-27T17:33:23.217Z,60.2,21.1,1.91,50.4,0,60.2,0,0,0,0,0,0,0,0,66
2025-09-27T17:33:24.216Z,60.2,21.1,1.91,49.6,0,60.2,0,0,0,0,0,0,0,0,66
2025-09-27T17:33:25.220Z,60.2,21.1,1.91,50.4,0,60.2,0,0,0,0,0,0,0,0,66
2025-09-27T17:33:26.221Z,60.2,21.1,1.909,49.6,0,60.2,0,0,0,0,0,0,0,0,66
2025-09-27T17:33:27.219Z,60.2,21.1,1.91,49.6,0,60.2,0,0,0,0,0,0,0,0,66
2025-09-27T17:33:28.221Z,60.2,21.1,1.91,49.6,0,60.2,0,0,0,0,0,0,0,0,66
2025-09-27T17:33:29.222Z,60.2,21.1,1.91,50.4,0,60.2,0,0,0,0,0,0,0,0,66
2025-09-27T17:33:30.224Z,60.2,21.1,1.909,49.6,0,60.2,0,0,0,0,0,0,0,0,66
2025-09-27T17:33:31.220Z,60.2,21.1,1.91,50.4,0,60.2,0,0,0,0,0,0,0,0,66
2025-09-27T17:33:32.228Z,60.3,21.1,1.909,49.6,0,60.2,0,0,0,0,0,0,0,0,66
2025-09-27T17:33:33.228Z,60.3,21.1,1.909,50.4,0,60.2,0,0,0,0,0,0,0,0,66
2025-09-27T17:33:34.255Z,60.3,21.1,1.909,49.6,0,60.2,0,0,0,0,0,0,0,0,66
2025-09-27T17:33:35.224Z,60.3,21.1,1.909,50.4,0,60.2,0,0,0,0,0,0,0,0,66
2025-09-27T17:33:36.232Z,60.3,21.1,1.909,49.6,0,60.2,0,0,0,0,0,0,0,0,66
2025-09-27T17:33:37.229Z,60.3,21.1,1.91,50.4,0,60.2,0,0,0,0,0,0,0,0,66
2025-09-27T17:33:38.229Z,60.3,21.1,1.909,49.6,0,60.2,0,0,0,0,0,0,0,0,66
2025-09-27T17:33:39.235Z,60.3,21.1,1.909,50.4,0,60.2,0,0,0,0,0,0,0,0,66
2025-09-27T17:33:40.231Z,60.3,21.1,1.909,49.6,0,60.2,0,0,0,0,0,0,0,0,66
2025-09-27T17:33:41.235Z,60.3,21.1,1.909,50.4,0,60.2,0,0,0,0,0,0,0,0,66
2025-09-27T17:33:42.233Z,60.3,21.1,1.909,49.6,0,60.2,0,0,0,0,0,0,0,0,66
2025-09-27T17:33:43.236Z,60.3,21.1,1.909,50.4,0,60.2,0,0,0,0,0,0,0,0,66
2025-09-27T17:33:44.240Z,60.3,21.1,1.909,49.6,0,60.2,0,0,0,0,0,0,0,0,66
2025-09-27T17:33:45.243Z,60.3,21.1,1.909,50.4,0,60.2,0,0,0,0,0,0,0,0,66
2025-09-27T17:33:46.238Z,60.4,21.1,1.909,49.6,0,60.2,0,0,0,0,0,0,0,0,66
2025-09-27T17:33:47.244Z,60.4,21.1,1.909,50.4,0,60.2,0,0,0,0,0,0,0,0,66
2025-09-27T17:33:48.240Z,60.4,21.1,1.909,49.6,0,60.2,0,0,0,0,0,0,0,0,66
2025-09-27T17:33:49.239Z,60.4,21.1,1.909,50.4,0,60.2,0,0,0,0,0,0,0,0,66
2025-09-27T17:33:50.240Z,60.4,21.1,1.909,49.6,0,60.2,0,0,0,0,0,0,0,0,66
2025-09-27T17:33:51.238Z,60.4,21.1,1.909,50.4,0,60.2,0,0,0,0,0,0,0,0,66
2025-09-27T17:33:52.246Z,60.4,21.1,1.909,49.6,0,60.2,0,0,0,0,0,0,0,0,66
2025-09-27T17:33:53.244Z,60.4,21.1,1.909,50.4,0,60.2,0,0,0,0,0,0,0,0,66
2025-09-27T17:33:54.245Z,60.4,21.1,1.909,49.6,0,60.2,0,0,0,0,0,0,0,0,66
2025-09-27T17:33:55.245Z,60.4,21.1,1.909,50.4,0,60.2,0,0,0,0,0,0,0,0,66
2025-09-27T17:33:56.243Z,60.4,21.1,1.909,49.6,0,60.1,0,0,0,0,0,0,0,0,66
2025-09-27T17:33:57.250Z,60.4,21.1,1.909,49.6,0,60.2,0,0,0,0,0,0,0,0,66
2025-09-27T17:33:58.246Z,60.4,21.1,1.909,49.6,0,60.1,0,0,0,0,0,0,0,0,66
2025-09-27T17:33:59.245Z,60.4,21.1,1.909,50.4,0,60.1,0,0,0,0,0,0,0,0,66
2025-09-27T17:34:00.249Z,60.4,21.1,1.909,49.6,0,60.2,0,0,0,0,0,0,0,0,66
2025-09-27T17:34:01.245Z,60.4,21.1,1.909,50.4,0,60.2,0,0,0,0,0,0,0,0,66
2025-09-27T17:34:02.247Z,60.4,21.1,1.909,49.6,0,60.1,0,0,0,0,0,0,0,0,66
2025-09-27T17:34:03.248Z,60.4,21.1,1.909,49.6,0,60.1,0,0,0,0,0,0,0,0,66
2025-09-27T17:34:04.250Z,60.4,21.1,1.909,49.6,0,60.1,0,0,0,0,0,0,0,0,66
2025-09-27T17:34:05.251Z,60.5,21.1,1.909,50.4,0,60.1,0,0,0,0,0,0,0,0,66
2025-09-27T17:34:06.251Z,60.5,21.1,1.909,50.4,0,60.1,0,0,0,0,0,0,0,0,66
2025-09-27T17:34:07.252Z,60.5,21.1,1.909,49.6,0,60.1,0,0,0,0,0,0,0,0,66
2025-09-27T17:34:08.262Z,60.5,21.1,1.909,50.4,0,60.1,0,0,0,0,0,0,0,0,66
2025-09-27T17:34:09.253Z,60.5,21.1,1.909,49.6,0,60.1,0,0,0,0,0,0,0,0,66
2025-09-27T17:34:10.257Z,60.5,21.1,1.909,49.6,0,60.1,0,0,0,0,0,0,0,0,66
2025-09-27T17:34:11.257Z,60.5,21.1,1.909,49.6,0,60.1,0,0,0,0,0,0,0,0,66
2025-09-27T17:34:12.264Z,60.5,21.1,1.909,50.4,0,60.1,0,0,0,0,0,0,0,0,66
2025-09-27T17:34:13.259Z,60.5,21.1,1.909,49.6,0,60.1,0,0,0,0,0,0,0,0,66
2025-09-27T17:34:14.260Z,60.5,21.1,1.909,49.6,0,60.1,0,0,0,0,0,0,0,0,66
2025-09-27T17:34:15.267Z,60.5,21.1,1.909,50.4,0,60.1,0,0,0,0,0,0,0,0,66
2025-09-27T17:34:16.261Z,60.5,21.1,1.909,50.4,0,60.1,0,0,0,0,0,0,0,0,66
2025-09-27T17:34:17.262Z,60.5,21.1,1.909,49.6,0,60.1,0,0,0,0,0,0,0,0,66
2025-09-27T17:34:18.265Z,60.5,21.1,1.908,50.4,0,60.1,0,0,0,0,0,0,0,0,66
2025-09-27T17:34:19.265Z,60.5,21.1,1.908,49.6,0,60.1,0,0,0,0,0,0,0,0,66
2025-09-27T17:34:20.268Z,60.5,21.1,1.908,50.4,0,60.1,0,0,0,0,0,0,0,0,66
2025-09-27T17:34:21.264Z,60.5,21.1,1.908,49.6,0,60.2,0,0,0,0,0,0,0,0,66
2025-09-27T17:34:22.266Z,60.5,21.1,1.908,49.6,0,60.2,0,0,0,0,0,0,0,0,66
2025-09-27T17:34:23.264Z,60.5,21.1,1.908,50.4,0,60.1,0,0,0,0,0,0,0,0,66
2025-09-27T17:34:24.267Z,60.6,21.1,1.908,49.6,0,60.1,0,0,0,0,0,0,0,0,66
2025-09-27T17:34:25.268Z,60.6,21.1,1.908,49.6,0,60.1,0,0,0,0,0,0,0,0,66
2025-09-27T17:34:26.270Z,60.6,21.1,1.908,50.4,0,60.1,0,0,0,0,0,0,0,0,66
2025-09-27T17:34:27.273Z,60.6,21.1,1.908,49.6,0,60.1,0,0,0,0,0,0,0,0,66
2025-09-27T17:34:28.272Z,60.6,21.1,1.906,50.4,0,60.1,0,0,0,0,0,0,0,0,66
2025-09-27T17:34:29.273Z,60.6,21.1,1.908,49.6,0,60.1,0,0,0,0,0,0,0,0,66
2025-09-27T17:34:30.276Z,60.6,21.1,1.909,49.6,0,60.1,0,0,0,0,0,0,0,0,66
2025-09-27T17:34:31.269Z,60.6,21.1,1.908,50.4,0,60.1,0,0,0,0,0,0,0,0,66
2025-09-27T17:34:32.266Z,60.6,21.1,1.906,49.6,0,60.1,0,0,0,0,0,0,0,0,66
2025-09-27T17:34:33.270Z,60.6,21.1,1.906,50.4,0,60.1,0,0,0,0,0,0,0,0,66
2025-09-27T17:34:34.274Z,60.6,21.1,1.906,50.4,0,60.1,0,0,0,0,0,0,0,0,66
2025-09-27T17:34:35.277Z,60.6,21.1,1.908,49.6,0,60.1,0,0,0,0,0,0,0,0,66
2025-09-27T17:34:36.277Z,60.6,21.1,1.908,50.4,0,60.1,0,0,0,0,0,0,0,0,66
2025-09-27T17:34:37.282Z,60.6,21.1,1.908,49.6,0,60.1,0,0,0,0,0,0,0,0,66
2025-09-27T17:34:38.279Z,60.6,21.1,1.906,50.4,0,60.1,0,0,0,0,0,0,0,0,66
2025-09-27T17:34:39.281Z,60.6,21.1,1.906,49.6,0,60.1,0,0,0,0,0,0,0,0,66
2025-09-27T17:34:40.283Z,60.6,21.1,1.906,49.6,0,60.1,0,0,0,0,0,0,0,0,66
2025-09-27T17:34:41.280Z,60.6,21.1,1.906,50.4,0,60.1,0,0,0,0,0,0,0,0,66
2025-09-27T17:34:42.282Z,60.6,21.1,1.906,49.6,0,60.1,0,0,0,0,0,0,0,0,66
2025-09-27T17:34:43.288Z,60.6,21.1,1.907,49.6,0,60.1,0,0,0,0,0,0,0,0,66
2025-09-27T17:34:44.287Z,60.7,21.1,1.907,50.4,0,60.1,0,0,0,0,0,0,0,0,66
2025-09-27T17:34:45.286Z,60.7,21.1,1.906,50.4,0,60.1,0,0,0,0,0,0,0,0,66
2025-09-27T17:34:46.288Z,60.7,21.1,1.907,49.6,0,60.1,0,0,0,0,0,0,0,0,66
2025-09-27T17:34:47.291Z,60.7,21.1,1.907,50.4,0,60.1,0,0,0,0,0,0,0,0,66
2025-09-27T17:34:48.294Z,60.7,21.1,1.907,49.6,0,60.1,0,0,0,0,0,0,0,0,66
2025-09-27T17:34:49.296Z,60.7,21.1,1.907,50.4,0,60.1,0,0,0,0,0,0,0,0,66
2025-09-27T17:34:50.296Z,60.7,21.1,1.907,49.6,0,60.1,0,0,0,0,0,0,0,0,66
2025-09-27T17:34:51.290Z,60.7,21.1,1.906,50.4,0,60.1,0,0,0,0,0,0,0,0,66
2025-09-27T17:34:52.291Z,60.7,21.1,1.907,50.4,0,60.1,0,0,0,0,0,0,0,0,66
2025-09-27T17:34:53.294Z,60.7,21.1,1.907,49.6,0,60.1,0,0,0,0,0,0,0,0,66
2025-09-27T17:34:54.298Z,60.7,21.1,1.907,50.4,0,60.1,0,0,0,0,0,0,0,0,66
2025-09-27T17:34:55.296Z,60.7,21.1,1.907,49.6,0,60.1,0,0,0,0,0,0,0,0,66
2025-09-27T17:34:56.297Z,60.7,21.1,1.907,50.4,0,60.1,0,0,0,0,0,0,0,0,66
2025-09-27T17:34:57.296Z,60.7,21.1,1.907,49.6,0,60.1,0,0,0,0,0,0,0,0,66
2025-09-27T17:34:58.295Z,60.7,21.1,1.907,49.6,0,60.1,0,0,0,0,0,0,0,0,66
2025-09-27T17:34:59.295Z,60.7,21.1,1.907,50.4,0,60.1,0,0,0,0,0,0,0,0,66
2025-09-27T17:35:00.296Z,60.7,21.1,1.907,49.6,0,60.1,0,0,0,0,0,0,0,0,66
2025-09-27T17:35:01.301Z,60.7,21.1,1.907,50.4,0,60.1,0,0,0,0,0,0,0,0,66
2025-09-27T17:35:02.304Z,60.7,21.1,1.907,49.6,0,60.1,0,0,0,0,0,0,0,0,66
2025-09-27T17:35:03.304Z,60.7,21.1,1.907,50.4,0,60.1,0,0,0,0,0,0,0,0,66
2025-09-27T17:35:04.303Z,60.7,21.1,1.907,50.4,0,60.1,0,0,0,0,0,0,0,0,66
2025-09-27T17:35:05.302Z,60.7,21.1,1.907,49.6,0,60.1,0,0,0,0,0,0,0,0,66
2025-09-27T17:35:06.304Z,60.7,21.1,1.907,50.4,0,60.1,0,0,0,0,0,0,0,0,66
2025-09-27T17:35:07.308Z,60.7,21.1,1.907,49.6,0,60.1,0,0,0,0,0,0,0,0,66
2025-09-27T17:35:08.308Z,60.7,21.1,1.907,49.6,0,60.1,0,0,0,0,0,0,0,0,66
2025-09-27T17:35:09.312Z,60.8,21.1,1.906,49.6,0,60.1,0,0,0,0,0,0,0,0,66
2025-09-27T17:35:10.308Z,60.8,21.1,1.907,50.4,0,60.1,0,0,0,0,0,0,0,0,66
2025-09-27T17:35:11.308Z,60.8,21.1,1.907,49.6,0,60.1,0,0,0,0,0,0,0,0,66
2025-09-27T17:35:12.310Z,60.8,21.1,1.907,50.4,0,60.1,0,0,0,0,0,0,0,0,66
2025-09-27T17:35:13.316Z,60.8,21.1,1.907,49.6,0,60.1,0,0,0,0,0,0,0,0,66
2025-09-27T17:35:14.314Z,60.8,21.1,1.907,49.6,0,60.1,0,0,0,0,0,0,0,0,66
2025-09-27T17:35:15.313Z,60.8,21.1,1.907,50.4,0,60.1,0,0,0,0,0,0,0,0,66
2025-09-27T17:35:16.323Z,60.8,21.1,1.906,49.6,0,60.1,0,0,0,0,0,0,0,0,66
2025-09-27T17:35:17.317Z,60.8,21.1,1.907,50.4,0,60.1,0,0,0,0,0,0,0,0,66
2025-09-27T17:35:18.316Z,60.8,21.1,1.907,49.6,0,60.1,0,0,0,0,0,0,0,0,66
2025-09-27T17:35:19.317Z,60.8,21.1,1.907,49.6,0,60.1,0,0,0,0,0,0,0,0,66
2025-09-27T17:35:20.322Z,60.8,21.1,1.906,50.4,0,60.1,0,0,0,0,0,0,0,0,66
2025-09-27T17:35:21.321Z,60.8,21.1,1.906,49.6,0,60.1,0,0,0,0,0,0,0,0,66
2025-09-27T17:35:22.316Z,60.8,21.1,1.907,49.6,0,60.1,0,0,0,0,0,0,0,0,66
2025-09-27T17:35:23.318Z,60.8,21.1,1.907,50.4,0,60.1,0,0,0,0,0,0,0,0,66
2025-09-27T17:35:24.317Z,60.8,21.1,1.907,49.6,0,60.1,0,0,0,0,0,0,0,0,66
2025-09-27T17:35:25.325Z,60.8,21.1,1.906,50.4,0,60.1,0,0,0,0,0,0,0,0,66
2025-09-27T17:35:26.324Z,60.8,21.1,1.906,50.4,0,60.1,0,0,0,0,0,0,0,0,66
2025-09-27T17:35:27.319Z,60.8,21.1,1.907,49.6,0,60.1,0,0,0,0,0,0,0,0,66
2025-09-27T17:35:28.323Z,60.8,21.1,1.907,50.4,0,60.1,0,0,0,0,0,0,0,0,66
2025-09-27T17:35:29.325Z,60.8,21.1,1.906,49.6,0,60.1,0,0,0,0,0,0,0,0,66
2025-09-27T17:35:30.328Z,60.8,21.1,1.906,49.6,0,60.1,0,0,0,0,0,0,0,0,66
2025-09-27T17:35:31.326Z,60.8,21.1,1.907,50.4,0,60.1,0,0,0,0,0,0,0,0,66
2025-09-27T17:35:32.331Z,60.8,21.1,1.906,49.6,0,60.1,0,0,0,0,0,0,0,0,66
2025-09-27T17:35:33.336Z,60.8,21.1,1.906,49.6,0,60.1,0,0,0,0,0,0,0,0,66
2025-09-27T17:35:34.332Z,60.8,21.1,1.906,50.4,0,60.1,0,0,0,0,0,0,0,0,66
2025-09-27T17:35:35.335Z,60.8,21.1,1.906,49.6,0,60.1,0,0,0,0,0,0,0,0,66
2025-09-27T17:35:36.331Z,60.8,21.1,1.906,50.4,0,60.1,0,0,0,0,0,0,0,0,66
2025-09-27T17:35:37.336Z,60.8,21.1,1.906,50.4,0,60.1,0,0,0,0,0,0,0,0,66
2025-09-27T17:35:38.336Z,60.8,21.1,1.906,49.6,0,60.1,0,0,0,0,0,0,0,0,66
2025-09-27T17:35:39.335Z,60.8,21.1,1.906,50.4,0,60.1,0,0,0,0,0,0,0,0,66
2025-09-27T17:35:40.340Z,60.8,21.1,1.906,49.6,0,60.1,0,0,0,0,0,0,0,0,66
2025-09-27T17:35:41.335Z,60.8,21.1,1.906,50.4,0,60.1,0,0,0,0,0,0,0,0,66
2025-09-27T17:35:42.338Z,60.8,21.1,1.906,49.6,0,60.1,0,0,0,0,0,0,0,0,66
2025-09-27T17:35:43.341Z,60.8,21.1,1.906,49.6,0,60.1,0,0,0,0,0,0,0,0,66
2025-09-27T17:35:44.340Z,60.8,21.1,1.906,50.4,0,60.1,0,0,0,0,0,0,0,0,66
2025-09-27T17:35:45.338Z,60.8,21.1,1.906,49.6,0,60.1,0,0,0,0,0,0,0,0,66
2025-09-27T17:35:46.336Z,60.8,21.1,1.907,49.6,0,60.1,0,0,0,0,0,0,0,0,66
2025-09-27T17:35:47.341Z,60.8,21.1,1.906,50.4,0,60.1,0,0,0,0,0,0,0,0,66
2025-09-27T17:35:48.346Z,60.8,21.1,1.906,50.4,0,60.1,0,0,0,0,0,0,0,0,66
2025-09-27T17:35:49.346Z,60.9,21.1,1.906,49.6,0,60.1,0,0,0,0,0,0,0,0,66
2025-09-27T17:35:50.348Z,60.9,21.1,1.906,50.4,0,60.1,0,0,0,0,0,0,0,0,66
2025-09-27T17:35:51.348Z,60.8,21.1,1.906,49.6,0,60.1,0,0,0,0,0,0,0,0,66
2025-09-27T17:35:52.345Z,60.8,21.1,1.906,49.6,0,60.1,0,0,0,0,0,0,0,0,66
2025-09-27T17:35:53.345Z,60.8,21.1,1.906,50.4,0,60.1,0,0,0,0,0,0,0,0,66
2025-09-27T17:35:54.345Z,60.8,21.1,1.906,50.4,0,60,0,0,0,0,0,0,0,0,66
2025-09-27T17:35:55.350Z,60.9,21.1,1.906,49.6,0,60,0,0,0,0,0,0,0,0,66
2025-09-27T17:35:56.346Z,60.8,21.1,1.906,50.4,0,60.1,0,0,0,0,0,0,0,0,66
2025-09-27T17:35:57.352Z,60.9,21.1,1.906,49.6,0,60.1,0,0,0,0,0,0,0,0,66
2025-09-27T17:35:58.351Z,60.9,21.1,1.906,50.4,0,60.1,0,0,0,0,0,0,0,0,66
2025-09-27T17:35:59.351Z,60.8,21.1,1.906,49.6,0,60.1,0,0,0,0,0,0,0,0,66
2025-09-27T17:36:00.359Z,60.9,21.1,1.907,49.6,0,60.1,0,0,0,0,0,0,0,0,66
2025-09-27T17:36:01.357Z,60.8,21.1,1.906,50.4,0,60.1,0,0,0,0,0,0,0,0,66
2025-09-27T17:36:02.357Z,60.8,21.1,1.906,49.6,0,60.1,0,0,0,0,0,0,0,0,66
2025-09-27T17:36:03.358Z,60.9,21.1,1.906,50.4,0,60,0,0,0,0,0,0,0,0,66
2025-09-27T17:36:04.359Z,60.9,21.1,1.906,49.6,0,60.1,0,0,0,0,0,0,0,0,66
2025-09-27T17:36:05.361Z,60.9,21.1,1.906,49.6,0,60.1,0,0,0,0,0,0,0,0,66
2025-09-27T17:36:06.364Z,60.9,21.1,1.907,50.4,0,60,0,0,0,0,0,0,0,0,66
2025-09-27T17:36:07.365Z,60.9,21.1,1.907,50.4,0,60,0,0,0,0,0,0,0,0,66
2025-09-27T17:36:08.362Z,60.9,21.1,1.906,49.6,0,60,0,0,0,0,0,0,0,0,66
2025-09-27T17:36:09.366Z,60.9,21.1,1.907,50.4,0,60,0,0,0,0,0,0,0,0,66
2025-09-27T17:36:10.367Z,60.9,21.1,1.907,49.6,0,60,0,0,0,0,0,0,0,0,66
2025-09-27T17:36:11.364Z,60.8,21.1,1.906,50.4,0,60,0,0,0,0,0,0,0,0,66
2025-09-27T17:36:12.369Z,60.9,21.1,1.906,49.6,0,60,0,0,0,0,0,0,0,0,66
2025-09-27T17:36:13.370Z,60.8,21.1,1.907,50.4,0,60,0,0,0,0,0,0,0,0,66
2025-09-27T17:36:14.370Z,60.8,21.1,1.906,49.6,0,60,0,0,0,0,0,0,0,0,66
2025-09-27T17:36:15.370Z,60.9,21.1,1.907,50.4,0,60,0,0,0,0,0,0,0,0,66
2025-09-27T17:36:16.376Z,60.8,21.1,1.907,49.6,0,60,0,0,0,0,0,0,0,0,66
2025-09-27T17:36:17.368Z,60.8,21.1,1.906,50.4,0,60,0,0,0,0,0,0,0,0,66
2025-09-27T17:36:18.376Z,60.8,21.1,1.907,49.6,0,60.1,0,0,0,0,0,0,0,0,66
2025-09-27T17:36:19.374Z,60.8,21.1,1.907,49.6,0,60.1,0,0,0,0,0,0,0,0,66
2025-09-27T17:36:20.373Z,60.8,21.1,1.906,50.4,0,60,0,0,0,0,0,0,0,0,66
2025-09-27T17:36:21.373Z,60.8,21.1,1.907,49.6,0,60,0,0,0,0,0,0,0,0,66
2025-09-27T17:36:22.374Z,60.8,21.1,1.907,50.4,0,60,0,0,0,0,0,0,0,0,66
2025-09-27T17:36:23.376Z,60.8,21.1,1.907,49.6,0,60.1,0,0,0,0,0,0,0,0,66
2025-09-27T17:36:24.376Z,60.8,21.1,1.907,49.6,0,60.1,0,0,0,0,0,0,0,0,66
2025-09-27T17:36:25.375Z,60.8,21.1,1.907,50.4,0,60.1,0,0,0,0,0,0,0,0,66
2025-09-27T17:36:26.376Z,60.8,21.1,1.907,49.6,0,60.1,0,0,0,0,0,0,0,0,66
2025-09-27T17:36:27.380Z,60.8,21.1,1.907,49.6,0,60.1,0,0,0,0,0,0,0,0,66
2025-09-27T17:36:28.384Z,60.8,21.1,1.907,50.4,0,60,0,0,0,0,0,0,0,0,66
2025-09-27T17:36:29.381Z,60.8,21.1,1.907,50.4,0,60.1,0,0,0,0,0,0,0,0,66
2025-09-27T17:36:30.380Z,60.8,21.1,1.907,49.6,0,60,0,0,0,0,0,0,0,0,66
2025-09-27T17:36:31.377Z,60.8,21.1,1.906,49.6,0,60.1,0,0,0,0,0,0,0,0,66
2025-09-27T17:36:32.384Z,60.8,21.1,1.907,49.6,0,60,0,0,0,0,0,0,0,0,66
2025-09-27T17:36:33.386Z,60.8,21.1,1.907,50.4,0,60.1,0,0,0,0,0,0,0,0,66
2025-09-27T17:36:34.385Z,60.8,21.1,1.907,50.4,0,60.1,0,0,0,0,0,0,0,0,66
2025-09-27T17:36:35.388Z,60.8,21.1,1.907,49.6,0,60,0,0,0,0,0,0,0,0,66
2025-09-27T17:36:36.385Z,60.8,21.1,1.907,50.4,0,60,0,0,0,0,0,0,0,0,66
2025-09-27T17:36:37.392Z,60.8,21.1,1.907,50.4,0,60,0,0,0,0,0,0,0,0,66
2025-09-27T17:36:38.388Z,60.8,21.1,1.907,49.6,0,60,0,0,0,0,0,0,0,0,66
2025-09-27T17:36:39.389Z,60.8,21.1,1.907,50.4,0,60,0,0,0,0,0,0,0,0,66
2025-09-27T17:36:40.390Z,60.8,21.1,1.907,49.6,0,60.1,0,0,0,0,0,0,0,0,66
2025-09-27T17:36:41.394Z,60.8,21.1,1.907,50.4,0,60,0,0,0,0,0,0,0,0,66
2025-09-27T17:36:42.391Z,60.8,21.1,1.907,49.6,0,60,0,0,0,0,0,0,0,0,66
2025-09-27T17:36:43.395Z,60.8,21.1,1.907,50.4,0,60,0,0,0,0,0,0,0,0,66
2025-09-27T17:36:44.392Z,60.8,21.1,1.907,49.6,0,60.1,0,0,0,0,0,0,0,0,66
2025-09-27T17:36:45.400Z,60.8,21.1,1.907,49.6,0,60.1,0,0,0,0,0,0,0,0,66
2025-09-27T17:36:46.401Z,60.8,21.1,1.907,50.4,0,60.1,0,0,0,0,0,0,0,0,66
2025-09-27T17:36:47.401Z,60.8,21.1,1.907,49.6,0,60.1,0,0,0,0,0,0,0,0,66
2025-09-27T17:36:48.402Z,60.8,21.1,1.907,50.4,0,60.1,0,0,0,0,0,0,0,0,66
2025-09-27T17:36:49.399Z,60.8,21.1,1.907,49.6,0,60.1,0,0,0,0,0,0,0,0,66
2025-09-27T17:36:50.405Z,60.8,21.1,1.907,49.6,0,60.1,0,0,0,0,0,0,0,0,66
2025-09-27T17:36:51.402Z,60.8,21.1,1.907,50.4,0,60,0,0,0,0,0,0,0,0,66
2025-09-27T17:36:52.402Z,60.8,21.1,1.907,49.6,0,60,0,0,0,0,0,0,0,0,66
2025-09-27T17:36:53.402Z,60.8,21.1,1.907,49.6,0,60.1,0,0,0,0,0,0,0,0,66
2025-09-27T17:36:54.410Z,60.8,21.1,1.906,50.4,0,60.1,0,0,0,0,0,0,0,0,66
2025-09-27T17:36:55.407Z,60.8,21.1,1.907,49.6,0,60.1,0,0,0,0,0,0,0,0,66
2025-09-27T17:36:56.410Z,60.8,21.1,1.906,49.6,0,60.1,0,0,0,0,0,0,0,0,66
2025-09-27T17:36:57.408Z,60.8,21.1,1.907,50.4,0,60.1,0,0,0,0,0,0,0,0,66
2025-09-27T17:36:58.409Z,60.8,21.1,1.907,49.6,0,60.1,0,0,0,0,0,0,0,0,66
2025-09-27T17:36:59.409Z,60.8,21.1,1.907,50.4,0,60.1,0,0,0,0,0,0,0,0,66
2025-09-27T17:37:00.412Z,60.8,21.1,1.907,50.4,0,60.1,0,0,0,0,0,0,0,0,66
2025-09-27T17:37:01.412Z,60.8,21.1,1.907,49.6,0,60,0,0,0,0,0,0,0,0,66
2025-09-27T17:37:02.411Z,60.8,21.1,1.907,50.4,0,60.1,0,0,0,0,0,0,0,0,66
2025-09-27T17:37:03.412Z,60.8,21.1,1.907,49.6,0,60,0,0,0,0,0,0,0,0,66
2025-09-27T17:37:04.413Z,60.8,21.1,1.907,49.6,0,60,0,0,0,0,0,0,0,0,66
2025-09-27T17:37:05.420Z,60.7,21.1,1.906,50.4,0,60.1,0,0,0,0,0,0,0,0,66
2025-09-27T17:37:06.414Z,60.8,21.1,1.907,49.6,0,60.1,0,0,0,0,0,0,0,0,66
2025-09-27T17:37:07.419Z,60.7,21.1,1.907,49.6,0,60.1,0,0,0,0,0,0,0,0,66
2025-09-27T17:37:08.424Z,60.7,21.1,1.906,50.4,0,60.1,0,0,0,0,0,0,0,0,66
2025-09-27T17:37:09.421Z,60.7,21.1,1.906,50.4,0,60.1,0,0,0,0,0,0,0,0,66
2025-09-27T17:37:10.423Z,60.7,21.1,1.906,49.6,0,60,0,0,0,0,0,0,0,0,66
2025-09-27T17:37:11.423Z,60.7,21.1,1.906,50.4,0,60.1,0,0,0,0,0,0,0,0,66
2025-09-27T17:37:12.423Z,60.7,21.1,1.906,50.4,0,60.1,0,0,0,0,0,0,0,0,66
2025-09-27T17:37:13.425Z,60.7,21.1,1.906,49.6,0,60.1,0,0,0,0,0,0,0,0,66
2025-09-27T17:37:14.422Z,60.7,21.1,1.909,50.4,0,60.1,0,0,0,0,0,0,0,0,66
2025-09-27T17:37:15.427Z,60.7,21.1,1.906,49.6,0,60.1,0,0,0,0,0,0,0,0,66
2025-09-27T17:37:16.427Z,60.7,21.1,1.906,50.4,0,60.1,0,0,0,0,0,0,0,0,66
2025-09-27T17:37:17.433Z,60.7,21.1,1.906,49.6,0,60.1,0,0,0,0,0,0,0,0,66
2025-09-27T17:37:18.430Z,60.7,21.1,1.906,50.4,0,60,0,0,0,0,0,0,0,0,66
2025-09-27T17:37:19.429Z,60.7,21.1,1.906,49.6,0,60.1,0,0,0,0,0,0,0,0,66
2025-09-27T17:37:20.432Z,60.7,21.1,1.908,49.6,0,60.1,0,0,0,0,0,0,0,0,66
2025-09-27T17:37:21.427Z,60.7,21.1,1.908,50.4,0,60.1,0,0,0,0,0,0,0,0,66
2025-09-27T17:37:22.434Z,60.7,21.1,1.908,49.6,0,60.1,0,0,0,0,0,0,0,0,66
2025-09-27T17:37:23.430Z,60.7,21.1,1.908,50.4,0,60.1,0,0,0,0,0,0,0,0,66
2025-09-27T17:37:24.430Z,60.7,21.1,1.908,49.6,0,60.1,0,0,0,0,0,0,0,0,66
2025-09-27T17:37:25.430Z,60.7,21.1,1.908,49.6,0,60.1,0,0,0,0,0,0,0,0,66
2025-09-27T17:37:26.436Z,60.7,21.1,1.908,50.4,0,60.1,0,0,0,0,0,0,0,0,66
2025-09-27T17:37:27.430Z,60.7,21.1,1.908,49.6,0,60.1,0,0,0,0,0,0,0,0,66
2025-09-27T17:37:28.436Z,60.7,21.1,1.908,49.6,0,60.1,0,0,0,0,0,0,0,0,66
2025-09-27T17:37:29.430Z,60.7,21.1,1.909,50.4,0,60.1,0,0,0,0,0,0,0,0,66
2025-09-27T17:37:30.433Z,60.7,21.1,1.908,49.6,0,60.1,0,0,0,0,0,0,0,0,66
2025-09-27T17:37:31.434Z,60.7,21.1,1.908,50.4,0,60.1,0,0,0,0,0,0,0,0,66
2025-09-27T17:37:32.435Z,60.7,21.1,1.908,50.4,0,60.1,0,0,0,0,0,0,0,0,66
2025-09-27T17:37:33.438Z,60.7,21.1,1.908,49.6,0,60.1,0,0,0,0,0,0,0,0,66
2025-09-27T17:37:34.440Z,60.7,21.1,1.908,50.4,0,60.1,0,0,0,0,0,0,0,0,66
2025-09-27T17:37:35.443Z,60.6,21.1,1.908,49.6,0,60.1,0,0,0,0,0,0,0,0,66
2025-09-27T17:37:36.449Z,60.6,21.1,1.909,50.4,0,60.1,0,0,0,0,0,0,0,0,66
2025-09-27T17:37:37.448Z,60.6,21.1,1.909,50.4,0,60.1,0,0,0,0,0,0,0,0,66
2025-09-27T17:37:38.442Z,60.6,21.1,1.909,49.6,0,60.1,0,0,0,0,0,0,0,0,66
2025-09-27T17:37:39.448Z,60.6,21.1,1.908,50.4,0,60.1,0,0,0,0,0,0,0,0,66
2025-09-27T17:37:40.445Z,60.6,21.1,1.909,49.6,0,60.1,0,0,0,0,0,0,0,0,66
2025-09-27T17:37:41.449Z,60.6,21.1,1.909,50.4,0,60.1,0,0,0,0,0,0,0,0,66
2025-09-27T17:37:42.446Z,60.6,21.1,1.908,49.6,0,60.1,0,0,0,0,0,0,0,0,66
2025-09-27T17:37:43.448Z,60.6,21.1,1.909,49.6,0,60.1,0,0,0,0,0,0,0,0,66
2025-09-27T17:37:44.441Z,60.6,21.1,1.909,50.4,0,60.1,0,0,0,0,0,0,0,0,66
2025-09-27T17:37:45.454Z,60.6,21.1,1.909,49.6,0,60.1,0,0,0,0,0,0,0,0,66
2025-09-27T17:37:46.447Z,60.6,21.1,1.909,50.4,0,60.1,0,0,0,0,0,0,0,0,66
2025-09-27T17:37:47.454Z,60.6,21.1,1.909,49.6,0,60.1,0,0,0,0,0,0,0,0,66
2025-09-27T17:37:48.454Z,60.6,21.1,1.909,49.6,0,60.1,0,0,0,0,0,0,0,0,66
2025-09-27T17:37:49.454Z,60.6,21.1,1.909,50.4,0,60.1,0,0,0,0,0,0,0,0,66
2025-09-27T17:37:50.461Z,60.6,21.1,1.909,49.6,0,60.1,0,0,0,0,0,0,0,0,66
2025-09-27T17:37:51.452Z,60.6,21.1,1.909,50.4,0,60.1,0,0,0,0,0,0,0,0,66
2025-09-27T17:37:52.457Z,60.6,21.1,1.909,49.6,0,60.1,0,0,0,0,0,0,0,0,66
2025-09-27T17:37:53.456Z,60.6,21.1,1.909,49.6,0,60.1,0,0,0,0,0,0,0,0,66
2025-09-27T17:37:54.456Z,60.6,21.1,1.909,50.4,0,60.1,0,0,0,0,0,0,0,0,66
2025-09-27T17:37:55.462Z,60.6,21.1,1.909,49.6,0,60.1,0,0,0,0,0,0,0,0,66
2025-09-27T17:37:56.462Z,60.6,21.1,1.909,49.6,0,60.1,0,0,0,0,0,0,0,0,66
2025-09-27T17:37:57.456Z,60.5,21.1,1.909,50.4,0,60.1,0,0,0,0,0,0,0,0,66
2025-09-27T17:37:58.462Z,60.5,21.1,1.909,49.6,0,60.1,0,0,0,0,0,0,0,0,66
2025-09-27T17:37:59.458Z,60.5,21.1,1.909,50.4,0,60.1,0,0,0,0,0,0,0,0,66
2025-09-27T17:38:00.460Z,60.5,21.1,1.909,50.4,0,60.1,0,0,0,0,0,0,0,0,66
2025-09-27T17:38:01.462Z,60.5,21.1,1.909,49.6,0,60.1,0,0,0,0,0,0,0,0,66
2025-09-27T17:38:02.463Z,60.5,21.1,1.909,50.4,0,60.1,0,0,0,0,0,0,0,0,66
2025-09-27T17:38:03.463Z,60.5,21.1,1.909,49.6,0,60.1,0,0,0,0,0,0,0,0,66
2025-09-27T17:38:04.461Z,60.5,21.1,1.909,50.4,0,60.1,0,0,0,0,0,0,0,0,66
2025-09-27T17:38:05.480Z,60.5,21.1,1.909,50.4,0,60.1,0,0,0,0,0,0,0,0,66
2025-09-27T17:38:06.474Z,60.5,21.1,1.909,49.6,0,60.1,0,0,0,0,0,0,0,0,66
2025-09-27T17:38:07.466Z,60.5,21.1,1.909,50.4,0,60.1,0,0,0,0,0,0,0,0,66
2025-09-27T17:38:08.472Z,60.5,21.1,1.909,49.6,0,60.1,0,0,0,0,0,0,0,0,66
2025-09-27T17:38:09.470Z,60.5,21.1,1.909,50.4,0,60.1,0,0,0,0,0,0,0,0,66
2025-09-27T17:38:10.469Z,60.5,21.1,1.909,49.6,0,60.1,0,0,0,0,0,0,0,0,66
2025-09-27T17:38:11.472Z,60.5,21.1,1.909,50.4,0,60.1,0,0,0,0,0,0,0,0,66
2025-09-27T17:38:12.471Z,60.5,21.1,1.909,49.6,0,60.1,0,0,0,0,0,0,0,0,66
2025-09-27T17:38:13.474Z,60.5,21.1,1.909,49.6,0,60.1,0,0,0,0,0,0,0,0,66
2025-09-27T17:38:14.474Z,60.5,21.1,1.909,50.4,0,60.1,0,0,0,0,0,0,0,0,66
2025-09-27T17:38:15.474Z,60.5,21.1,1.909,49.6,0,60.1,0,0,0,0,0,0,0,0,66
2025-09-27T17:38:16.475Z,60.5,21.1,1.909,50.4,0,60.1,0,0,0,0,0,0,0,0,66
2025-09-27T17:38:17.475Z,60.5,21.1,1.909,49.6,0,60.1,0,0,0,0,0,0,0,0,66
2025-09-27T17:38:18.477Z,60.5,21.1,1.909,50.4,0,60.1,0,0,0,0,0,0,0,0,66
2025-09-27T17:38:19.479Z,60.5,21.1,1.909,50.4,0,60.1,0,0,0,0,0,0,0,0,66
2025-09-27T17:38:20.479Z,60.5,21.1,1.909,49.6,0,60.1,0,0,0,0,0,0,0,0,66
2025-09-27T17:38:21.485Z,60.5,21.1,1.909,49.6,0,60.1,0,0,0,0,0,0,0,0,66
2025-09-27T17:38:22.478Z,60.4,21.1,1.91,50.4,0,60.1,0,0,0,0,0,0,0,0,66
2025-09-27T17:38:23.487Z,60.4,21.1,1.909,50.4,0,60.1,0,0,0,0,0,0,0,0,66
2025-09-27T17:38:24.484Z,60.4,21.1,1.909,49.6,0,60.1,0,0,0,0,0,0,0,0,66
2025-09-27T17:38:25.478Z,60.4,21.1,1.91,49.6,0,60.1,0,0,0,0,0,0,0,0,66
2025-09-27T17:38:26.482Z,60.4,21.1,1.909,49.6,0,60.1,0,0,0,0,0,0,0,0,66
2025-09-27T17:38:27.479Z,60.4,21.1,1.91,50.4,0,60.1,0,0,0,0,0,0,0,0,66
2025-09-27T17:38:28.487Z,60.4,21.1,1.909,49.6,0,60.1,0,0,0,0,0,0,0,0,66
2025-09-27T17:38:29.486Z,60.4,21.1,1.91,49.6,0,60.1,0,0,0,0,0,0,0,0,66
2025-09-27T17:38:30.488Z,60.4,21.1,1.91,50.4,0,60.1,0,0,0,0,0,0,0,0,66
2025-09-27T17:38:31.490Z,60.4,21.1,1.91,49.6,0,60.1,0,0,0,0,0,0,0,0,66
2025-09-27T17:38:32.491Z,60.4,21.1,1.91,50.4,0,60.1,0,0,0,0,0,0,0,0,66
2025-09-27T17:38:33.486Z,60.4,21.1,1.91,49.6,0,60.1,0,0,0,0,0,0,0,0,66
2025-09-27T17:38:34.492Z,60.4,21.1,1.91,50.4,0,60.1,0,0,0,0,0,0,0,0,66
2025-09-27T17:38:35.492Z,60.4,21.1,1.91,49.6,0,60.1,0,0,0,0,0,0,0,0,66
2025-09-27T17:38:36.492Z,60.4,21.1,1.91,49.6,0,60.1,0,0,0,0,0,0,0,0,66
2025-09-27T17:38:37.495Z,60.4,21.1,1.909,50.4,0,60.1,0,0,0,0,0,0,0,0,66
2025-09-27T17:38:38.495Z,60.4,21.1,1.909,49.6,0,60.1,0,0,0,0,0,0,0,0,66
2025-09-27T17:38:39.499Z,60.4,21.1,1.909,50.4,0,60.1,0,0,0,0,0,0,0,0,66
2025-09-27T17:38:40.499Z,60.4,21.1,1.909,49.6,0,60.1,0,0,0,0,0,0,0,0,66
2025-09-27T17:38:41.498Z,60.4,21.1,1.91,49.6,0,60.1,0,0,0,0,0,0,0,0,66
2025-09-27T17:38:42.499Z,60.4,21.1,1.909,50.4,0,60.1,0,0,0,0,0,0,0,0,66
2025-09-27T17:38:43.502Z,60.4,21.1,1.909,49.6,0,60.1,0,0,0,0,0,0,0,0,66
2025-09-27T17:38:44.504Z,60.3,21.1,1.909,49.6,0,60.1,0,0,0,0,0,0,0,0,66
2025-09-27T17:38:45.502Z,60.3,21.1,1.91,50.4,0,60.1,0,0,0,0,0,0,0,0,66
2025-09-27T17:38:46.509Z,60.3,21.1,1.909,50.4,0,60.1,0,0,0,0,0,0,0,0,66
2025-09-27T17:38:47.503Z,60.3,21.1,1.91,49.6,0,60.1,0,0,0,0,0,0,0,0,66
2025-09-27T17:38:48.503Z,60.3,21.1,1.91,50.4,0,60.1,0,0,0,0,0,0,0,0,66
2025-09-27T17:38:49.502Z,60.3,21.1,1.911,49.6,0,60.1,0,0,0,0,0,0,0,0,66
2025-09-27T17:38:50.508Z,60.3,21.1,1.91,50.4,0,60.1,0,0,0,0,0,0,0,0,66
2025-09-27T17:38:51.510Z,60.3,21.1,1.91,50.4,0,60.1,0,0,0,0,0,0,0,0,66
2025-09-27T17:38:52.507Z,60.3,21.1,1.91,49.6,0,60.1,0,0,0,0,0,0,0,0,66
2025-09-27T17:38:53.511Z,60.3,21.1,1.91,49.6,0,60.1,0,0,0,0,0,0,0,0,66
2025-09-27T17:38:54.507Z,60.3,21.1,1.91,49.6,0,60.1,0,0,0,0,0,0,0,0,66
2025-09-27T17:38:55.510Z,60.3,21.1,1.91,49.6,0,60.1,0,0,0,0,0,0,0,0,66
2025-09-27T17:38:56.505Z,60.3,21.1,1.909,50.4,0,60.1,0,0,0,0,0,0,0,0,66
2025-09-27T17:38:57.510Z,60.3,21.1,1.91,50.4,0,60.1,0,0,0,0,0,0,0,0,66
2025-09-27T17:38:58.513Z,60.3,21.1,1.91,49.6,0,60.1,0,0,0,0,0,0,0,0,66
2025-09-27T17:38:59.510Z,60.3,21.1,1.91,50.4,0,60.1,0,0,0,0,0,0,0,0,66
2025-09-27T17:39:00.514Z,60.3,21.1,1.91,50.4,0,60.1,0,0,0,0,0,0,0,0,66
2025-09-27T17:39:01.510Z,60.3,21.1,1.91,49.6,0,60.1,0,0,0,0,0,0,0,0,66
2025-09-27T17:39:02.516Z,60.3,21.1,1.91,50.4,0,60.1,0,0,0,0,0,0,0,0,66
2025-09-27T17:39:03.521Z,60.3,21.1,1.911,49.6,0,60.1,0,0,0,0,0,0,0,0,66
2025-09-27T17:39:04.519Z,60.3,21.1,1.91,50.4,0,60.1,0,0,0,0,0,0,0,0,66
2025-09-27T17:39:05.518Z,60.3,21.1,1.91,49.6,0,60.1,0,0,0,0,0,0,0,0,66
2025-09-27T17:39:06.520Z,60.2,21.1,1.91,50.4,0,60.1,0,0,0,0,0,0,0,0,66
2025-09-27T17:39:07.520Z,60.2,21.1,1.91,49.6,0,60.1,0,0,0,0,0,0,0,0,66
2025-09-27T17:39:08.521Z,60.2,21.1,1.91,49.6,0,60.1,0,0,0,0,0,0,0,0,66
2025-09-27T17:39:09.526Z,60.2,21.1,1.911,50.4,0,60.1,0,0,0,0,0,0,0,0,66
2025-09-27T17:39:10.523Z,60.2,21.1,1.91,49.6,0,60.1,0,0,0,0,0,0,0,0,66
2025-09-27T17:39:11.525Z,60.2,21.1,1.91,49.6,0,60.1,0,0,0,0,0,0,0,0,66
2025-09-27T17:39:12.525Z,60.2,21.1,1.911,50.4,0,60.1,0,0,0,0,0,0,0,0,66
2025-09-27T17:39:13.528Z,60.2,21.1,1.911,49.6,0,60.1,0,0,0,0,0,0,0,0,66
2025-09-27T17:39:14.524Z,60.2,21.1,1.91,50.4,0,60.1,0,0,0,0,0,0,0,0,66
2025-09-27T17:39:15.532Z,60.2,21.1,1.911,50.4,0,60.1,0,0,0,0,0,0,0,0,66
2025-09-27T17:39:16.532Z,60.2,21.1,1.911,49.6,0,60.1,0,0,0,0,0,0,0,0,66
2025-09-27T17:39:17.534Z,60.2,21.1,1.911,50.4,0,60.1,0,0,0,0,0,0,0,0,66
2025-09-27T17:39:18.531Z,60.2,21.1,1.911,49.6,0,60.1,0,0,0,0,0,0,0,0,66
2025-09-27T17:39:19.531Z,60.2,21.1,1.911,50.4,0,60.1,0,0,0,0,0,0,0,0,66
2025-09-27T17:39:20.538Z,60.2,21.1,1.911,49.6,0,60.1,0,0,0,0,0,0,0,0,66
2025-09-27T17:39:21.533Z,60.2,21.1,1.911,50.4,0,60.1,0,0,0,0,0,0,0,0,66
2025-09-27T17:39:22.539Z,60.2,21.1,1.911,49.6,0,60.1,0,0,0,0,0,0,0,0,66
2025-09-27T17:39:23.536Z,60.2,21.1,1.911,49.6,0,60.1,0,0,0,0,0,0,0,0,66
2025-09-27T17:39:24.536Z,60.2,21.1,1.911,50.4,0,60.1,0,0,0,0,0,0,0,0,66
2025-09-27T17:39:25.537Z,60.2,21.1,1.911,49.6,0,60.1,0,0,0,0,0,0,0,0,66
2025-09-27T17:39:26.536Z,60.2,21.1,1.911,50.4,0,60.1,0,0,0,0,0,0,0,0,66
2025-09-27T17:39:27.536Z,60.2,21.1,1.911,49.6,0,60.1,0,0,0,0,0,0,0,0,66
2025-09-27T17:39:28.539Z,60.1,21.1,1.911,49.6,0,60.1,0,0,0,0,0,0,0,0,66
2025-09-27T17:39:29.538Z,60.1,21.1,1.911,50.4,0,60.1,0,0,0,0,0,0,0,0,66
2025-09-27T17:39:30.544Z,60.1,21.1,1.911,49.6,0,60.1,0,0,0,0,0,0,0,0,66
2025-09-27T17:39:31.541Z,60.1,21.1,1.911,50.4,0,60.1,0,0,0,0,0,0,0,0,66
2025-09-27T17:39:32.543Z,60.1,21.1,1.911,50.4,0,60.1,0,0,0,0,0,0,0,0,66
2025-09-27T17:39:33.540Z,60.1,21.1,1.911,49.6,0,60.1,0,0,0,0,0,0,0,0,66
2025-09-27T17:39:34.546Z,60.1,21.1,1.911,50.4,0,60.1,0,0,0,0,0,0,0,0,66
2025-09-27T17:39:35.542Z,60.1,21.1,1.911,49.6,0,60.1,0,0,0,0,0,0,0,0,66
2025-09-27T17:39:36.546Z,60.1,21.1,1.911,50.4,0,60.1,0,0,0,0,0,0,0,0,66
2025-09-27T17:39:37.549Z,60.1,21.1,1.911,49.6,0,60.1,0,0,0,0,0,0,0,0,66
2025-09-27T17:39:38.542Z,60.1,21.1,1.911,50.4,0,60.1,0,0,0,0,0,0,0,0,66
2025-09-27T17:39:39.550Z,60.1,21.1,1.911,49.6,0,60.1,0,0,0,0,0,0,0,0,66
2025-09-27T17:39:40.557Z,60.1,21.1,1.911,49.6,0,60.1,0,0,0,0,0,0,0,0,66
2025-09-27T17:39:41.551Z,60.1,21.1,1.911,50.4,0,60.1,0,0,0,0,0,0,0,0,66
2025-09-27T17:39:42.551Z,60.1,21.1,1.911,49.6,0,60.1,0,0,0,0,0,0,0,0,66
2025-09-27T17:39:43.551Z,60.1,21.1,1.912,50.4,0,60.1,0,0,0,0,0,0,0,0,66
2025-09-27T17:39:44.548Z,60.1,21.1,1.911,49.6,0,60.1,0,0,0,0,0,0,0,0,66
2025-09-27T17:39:45.553Z,60.1,21.1,1.912,50.4,0,60.1,0,0,0,0,0,0,0,0,66
2025-09-27T17:39:46.555Z,60.1,21.1,1.912,49.6,0,60.1,0,0,0,0,0,0,0,0,66
2025-09-27T17:39:47.557Z,60.1,21.1,1.912,49.6,0,60.1,0,0,0,0,0,0,0,0,66
2025-09-27T17:39:48.557Z,60.1,21.1,1.912,50.4,0,60.1,0,0,0,0,0,0,0,0,66
2025-09-27T17:39:49.554Z,60.1,21.1,1.912,49.6,0,60.1,0,0,0,0,0,0,0,0,66
2025-09-27T17:39:50.561Z,60.1,21.1,1.911,49.6,0,60.1,0,0,0,0,0,0,0,0,66
2025-09-27T17:39:51.554Z,60.1,21.1,1.912,50.4,0,60.1,0,0,0,0,0,0,0,0,66
2025-09-27T17:39:52.556Z,60,21.1,1.912,49.6,0,60.1,0,0,0,0,0,0,0,0,66
2025-09-27T17:39:53.558Z,60,21.1,1.912,49.6,0,60.1,0,0,0,0,0,0,0,0,66
2025-09-27T17:39:54.559Z,60,21.1,1.912,50.4,0,60.1,0,0,0,0,0,0,0,0,66
2025-09-27T17:39:55.562Z,60,21.1,1.911,49.6,0,60.1,0,0,0,0,0,0,0,0,66
2025-09-27T17:39:56.564Z,60,21.1,1.911,49.6,0,60.1,0,0,0,0,0,0,0,0,66
2025-09-27T17:39:57.561Z,60,21.1,1.911,50.4,0,60.1,0,0,0,0,0,0,0,0,66
2025-09-27T17:39:58.561Z,60,21.1,1.911,50.4,0,60.1,0,0,0,0,0,0,0,0,66
2025-09-27T17:39:59.567Z,60,21.1,1.911,49.6,0,60.1,0,0,0,0,0,0,0,0,66
2025-09-27T17:40:00.568Z,60,21.1,1.912,50.4,0,60.1,0,0,0,0,0,0,0,0,66
2025-09-27T17:40:01.563Z,60,21.1,1.911,49.6,0,60.1,0,0,0,0,0,0,0,0,66
2025-09-27T17:40:02.568Z,60,21.1,1.912,50.4,0,60.1,0,0,0,0,0,0,0,0,66
2025-09-27T17:40:03.570Z,60,21.1,1.912,49.6,0,60.1,0,0,0,0,0,0,0,0,66
2025-09-27T17:40:04.571Z,60,21.1,1.912,50.4,0,60.1,0,0,0,0,0,0,0,0,66
2025-09-27T17:40:05.574Z,60,21.1,1.911,50.4,0,60.1,0,0,0,0,0,0,0,0,66
2025-09-27T17:40:06.575Z,60,21.1,1.912,49.6,0,60.1,0,0,0,0,0,0,0,0,66
2025-09-27T17:40:07.574Z,60,21.1,1.912,50.4,0,60.1,0,0,0,0,0,0,0,0,66
2025-09-27T17:40:08.578Z,60,21.1,1.912,49.6,0,60.1,0,0,0,0,0,0,0,0,66
2025-09-27T17:40:09.574Z,60,21.1,1.912,50.4,0,60.1,0,0,0,0,0,0,0,0,66
2025-09-27T17:40:10.578Z,60,21.1,1.912,49.6,0,60.1,0,0,0,0,0,0,0,0,66
2025-09-27T17:40:11.574Z,60,21.1,1.912,50.4,0,60.1,0,0,0,0,0,0,0,0,66
2025-09-27T17:40:12.573Z,60,21.1,1.912,49.6,0,60.1,0,0,0,0,0,0,0,0,66
2025-09-27T17:40:13.575Z,60,21.1,1.912,50.4,0,60.1,0,0,0,0,0,0,0,0,66
2025-09-27T17:40:14.576Z,60,21.1,1.912,49.6,0,60.1,0,0,0,0,0,0,0,0,66
2025-09-27T17:40:15.578Z,60,21.1,1.912,50.4,0,60.1,0,0,0,0,0,0,0,0,66
2025-09-27T17:40:16.583Z,60,21.1,1.912,49.6,0,60.1,0,0,0,0,0,0,0,0,66
2025-09-27T17:40:17.578Z,60,21.1,1.912,49.6,0,60.1,0,0,0,0,0,0,0,0,66
2025-09-27T17:40:18.580Z,59.9,21.1,1.912,50.4,0,60.1,0,0,0,0,0,0,0,0,66
2025-09-27T17:40:19.578Z,59.9,21.1,1.912,49.6,0,60.1,0,0,0,0,0,0,0,0,66
2025-09-27T17:40:20.583Z,59.9,21.1,1.912,50.4,0,60,0,0,0,0,0,0,0,0,66
2025-09-27T17:40:21.585Z,59.9,21.1,1.912,50.4,0,60.1,0,0,0,0,0,0,0,0,66
2025-09-27T17:40:22.579Z,59.9,21.1,1.912,49.6,0,60.1,0,0,0,0,0,0,0,0,66
2025-09-27T17:40:23.582Z,59.9,21.1,1.912,50.4,0,60.1,0,0,0,0,0,0,0,0,66
2025-09-27T17:40:24.582Z,59.9,21.1,1.912,49.6,0,60,0,0,0,0,0,0,0,0,66
2025-09-27T17:40:25.590Z,59.9,21.1,1.912,50.4,0,60.1,0,0,0,0,0,0,0,0,66
2025-09-27T17:40:26.583Z,59.9,21.1,1.912,49.6,0,60,0,0,0,0,0,0,0,0,66
2025-09-27T17:40:27.582Z,59.9,21.1,1.912,50.4,0,60,0,0,0,0,0,0,0,0,66
2025-09-27T17:40:28.587Z,59.9,21.1,1.912,49.6,0,60,0,0,0,0,0,0,0,0,66
2025-09-27T17:40:29.588Z,59.9,21.1,1.912,50.4,0,60,0,0,0,0,0,0,0,0,66
2025-09-27T17:40:30.589Z,59.9,21.1,1.912,49.6,0,60,0,0,0,0,0,0,0,0,66
2025-09-27T17:40:31.590Z,59.9,21.1,1.912,50.4,0,60,0,0,0,0,0,0,0,0,66
2025-09-27T17:40:32.591Z,59.9,21.1,1.912,49.6,0,60,0,0,0,0,0,0,0,0,66
2025-09-27T17:40:33.588Z,59.9,21.1,1.912,50.4,0,60,0,0,0,0,0,0,0,0,66
2025-09-27T17:40:34.594Z,59.9,21.1,1.912,49.6,0,60,0,0,0,0,0,0,0,0,66
2025-09-27T17:40:35.589Z,59.9,21.1,1.912,49.6,0,60,0,0,0,0,0,0,0,0,66
2025-09-27T17:40:36.595Z,59.9,21.1,1.912,49.6,0,60,0,0,0,0,0,0,0,0,66
2025-09-27T17:40:37.595Z,59.9,21.1,1.912,50.4,0,60,0,0,0,0,0,0,0,0,66
2025-09-27T17:40:38.602Z,59.9,21.1,1.912,49.6,0,60,0,0,0,0,0,0,0,0,66
2025-09-27T17:40:39.596Z,59.9,21.1,1.912,50.4,0,60,0,0,0,0,0,0,0,0,66
2025-09-27T17:40:40.596Z,59.9,21.1,1.912,49.6,0,60,0,0,0,0,0,0,0,0,66
2025-09-27T17:40:41.603Z,59.9,21.1,1.913,50.4,0,60,0,0,0,0,0,0,0,0,66
2025-09-27T17:40:42.602Z,59.9,21.1,1.912,49.6,0,60,0,0,0,0,0,0,0,0,66
2025-09-27T17:40:43.602Z,59.9,21.1,1.912,49.6,0,60,0,0,0,0,0,0,0,0,66
2025-09-27T17:40:44.603Z,59.8,21.1,1.912,50.4,0,60,0,0,0,0,0,0,0,0,66
2025-09-27T17:40:45.605Z,59.8,21.1,1.912,49.6,0,60,0,0,0,0,0,0,0,0,66
2025-09-27T17:40:46.606Z,59.8,21.1,1.912,50.4,0,60,0,0,0,0,0,0,0,0,66
2025-09-27T17:40:47.607Z,59.8,21.1,1.913,50.4,0,60,0,0,0,0,0,0,0,0,66
2025-09-27T17:40:48.604Z,59.8,21.1,1.912,49.6,0,60,0,0,0,0,0,0,0,0,66
2025-09-27T17:40:49.606Z,59.8,21.1,1.912,50.4,0,60,0,0,0,0,0,0,0,0,66
2025-09-27T17:40:50.609Z,59.8,21.1,1.913,49.6,0,60,0,0,0,0,0,0,0,0,66
2025-09-27T17:40:51.612Z,59.8,21.1,1.912,50.4,0,60,0,0,0,0,0,0,0,0,66
2025-09-27T17:40:52.609Z,59.8,21.1,1.913,49.6,0,60,0,0,0,0,0,0,0,0,66
2025-09-27T17:40:53.607Z,59.8,21.1,1.912,50.4,0,60,0,0,0,0,0,0,0,0,66
2025-09-27T17:40:54.613Z,59.8,21.1,1.913,49.6,0,60,0,0,0,0,0,0,0,0,66
2025-09-27T17:40:55.610Z,59.8,21.1,1.912,50.4,0,60,0,0,0,0,0,0,0,0,66
2025-09-27T17:40:56.610Z,59.8,21.1,1.913,49.6,0,60,0,0,0,0,0,0,0,0,66
2025-09-27T17:40:57.614Z,59.8,21.1,1.913,50.4,0,60,0,0,0,0,0,0,0,0,66
2025-09-27T17:40:58.611Z,59.8,21.1,1.913,49.6,0,60,0,0,0,0,0,0,0,0,66
2025-09-27T17:40:59.619Z,59.8,21.1,1.913,50.4,0,60,0,0,0,0,0,0,0,0,66
2025-09-27T17:41:00.614Z,59.8,21.1,1.913,49.6,0,60,0,0,0,0,0,0,0,0,66
2025-09-27T17:41:01.619Z,59.8,21.1,1.913,50.4,0,60,0,0,0,0,0,0,0,0,66
2025-09-27T17:41:02.624Z,59.8,21.1,1.913,49.6,0,60,0,0,0,0,0,0,0,0,66
2025-09-27T17:41:03.621Z,59.8,21.1,1.913,50.4,0,60,0,0,0,0,0,0,0,0,66
2025-09-27T17:41:04.622Z,59.8,21.1,1.913,49.6,0,60,0,0,0,0,0,0,0,0,66
2025-09-27T17:41:05.622Z,59.8,21.1,1.913,50.4,0,60,0,0,0,0,0,0,0,0,66
2025-09-27T17:41:06.627Z,59.8,21.1,1.913,49.6,0,60,0,0,0,0,0,0,0,0,66
2025-09-27T17:41:07.626Z,59.8,21.1,1.913,50.4,0,60,0,0,0,0,0,0,0,0,66
2025-09-27T17:41:08.625Z,59.8,21.1,1.913,49.6,0,60,0,0,0,0,0,0,0,0,66
2025-09-27T17:41:09.623Z,59.7,21.1,1.913,50.4,0,60,0,0,0,0,0,0,0,0,66
2025-09-27T17:41:10.626Z,59.7,21.1,1.914,49.6,0,60,0,0,0,0,0,0,0,0,66
2025-09-27T17:41:11.634Z,59.7,21.1,1.912,50.4,0,60,0,0,0,0,0,0,0,0,66
2025-09-27T17:41:12.628Z,59.7,21.1,1.914,49.6,0,60,0,0,0,0,0,0,0,0,66
2025-09-27T17:41:13.633Z,59.7,21.1,1.913,50.4,0,60,0,0,0,0,0,0,0,0,66
2025-09-27T17:41:14.632Z,59.7,21.1,1.914,49.6,0,60,0,0,0,0,0,0,0,0,66
2025-09-27T17:41:15.635Z,59.7,21.1,1.912,50.4,0,60,0,0,0,0,0,0,0,0,66
2025-09-27T17:41:16.631Z,59.7,21.1,1.914,49.6,0,60,0,0,0,0,0,0,0,0,66
2025-09-27T17:41:17.632Z,59.7,21.1,1.914,50.4,0,60,0,0,0,0,0,0,0,0,66
2025-09-27T17:41:18.638Z,59.7,21.1,1.913,49.6,0,60,0,0,0,0,0,0,0,0,66
2025-09-27T17:41:19.642Z,59.7,21.1,1.913,50.4,0,60,0,0,0,0,0,0,0,0,66
2025-09-27T17:41:20.638Z,59.7,21.1,1.913,49.6,0,60,0,0,0,0,0,0,0,0,66
2025-09-27T17:41:21.634Z,59.7,21.1,1.914,49.6,0,60,0,0,0,0,0,0,0,0,66
2025-09-27T17:41:22.644Z,59.7,21.1,1.913,49.6,0,60,0,0,0,0,0,0,0,0,66
2025-09-27T17:41:23.639Z,59.7,21.1,1.913,50.4,0,60,0,0,0,0,0,0,0,0,66
2025-09-27T17:41:24.638Z,59.7,21.1,1.914,49.6,0,60,0,0,0,0,0,0,0,0,66
2025-09-27T17:41:25.637Z,59.7,21.1,1.914,50.4,0,60,0,0,0,0,0,0,0,0,66
2025-09-27T17:41:26.642Z,59.7,21.1,1.913,49.6,0,60,0,0,0,0,0,0,0,0,66
2025-09-27T17:41:27.639Z,59.7,21.1,1.913,50.4,0,60,0,0,0,0,0,0,0,0,66
2025-09-27T17:41:28.644Z,59.7,21.1,1.913,49.6,0,60,0,0,0,0,0,0,0,0,66
2025-09-27T17:41:29.645Z,59.7,21.1,1.913,50.4,0,60,0,0,0,0,0,0,0,0,66
2025-09-27T17:41:30.642Z,59.7,21.1,1.914,49.6,0,60,0,0,0,0,0,0,0,0,66
2025-09-27T17:41:31.647Z,59.7,21.1,1.913,50.4,0,60,0,0,0,0,0,0,0,0,66
2025-09-27T17:41:32.644Z,59.7,21.1,1.913,49.6,0,60,0,0,0,0,0,0,0,0,66
2025-09-27T17:41:33.651Z,59.7,21.1,1.913,50.4,0,60,0,0,0,0,0,0,0,0,66
2025-09-27T17:41:34.646Z,59.7,21.1,1.914,49.6,0,60,0,0,0,0,0,0,0,0,66
2025-09-27T17:41:35.648Z,59.6,21.1,1.913,50.4,0,60,0,0,0,0,0,0,0,0,66
2025-09-27T17:41:36.649Z,59.6,21.1,1.913,49.6,0,60,0,0,0,0,0,0,0,0,66
2025-09-27T17:41:37.652Z,59.6,21.1,1.913,50.4,0,60,0,0,0,0,0,0,0,0,66
2025-09-27T17:41:38.654Z,59.6,21.1,1.913,49.6,0,60,0,0,0,0,0,0,0,0,66
2025-09-27T17:41:39.653Z,59.6,21.1,1.913,50.4,0,60,0,0,0,0,0,0,0,0,66
2025-09-27T17:41:40.663Z,59.6,21.1,1.913,49.6,0,60,0,0,0,0,0,0,0,0,66
2025-09-27T17:41:41.659Z,59.6,21.1,1.913,50.4,0,60,0,0,0,0,0,0,0,0,66
2025-09-27T17:41:42.654Z,59.6,21.1,1.913,49.6,0,60,0,0,0,0,0,0,0,0,66
2025-09-27T17:41:43.663Z,59.6,21.1,1.913,50.4,0,60,0,0,0,0,0,0,0,0,66
2025-09-27T17:41:44.658Z,59.6,21.1,1.913,49.6,0,60,0,0,0,0,0,0,0,0,66
2025-09-27T17:41:45.663Z,59.6,21.1,1.913,50.4,0,60,0,0,0,0,0,0,0,0,66
2025-09-27T17:41:46.661Z,59.6,21.1,1.913,49.6,0,60,0,0,0,0,0,0,0,0,66
2025-09-27T17:41:47.663Z,59.6,21.1,1.913,50.4,0,60,0,0,0,0,0,0,0,0,66
2025-09-27T17:41:48.667Z,59.6,21.1,1.914,49.6,0,60,0,0,0,0,0,0,0,0,66
2025-09-27T17:41:49.660Z,59.6,21.1,1.913,50.4,0,60,0,0,0,0,0,0,0,0,66
2025-09-27T17:41:50.663Z,59.6,21.1,1.913,49.6,0,60,0,0,0,0,0,0,0,0,66
2025-09-27T17:41:51.663Z,59.6,21.1,1.913,50.4,0,60,0,0,0,0,0,0,0,0,66
2025-09-27T17:41:52.665Z,59.6,21.1,1.913,49.6,0,60,0,0,0,0,0,0,0,0,66
2025-09-27T17:41:53.666Z,59.6,21.1,1.913,50.4,0,60,0,0,0,0,0,0,0,0,66
2025-09-27T17:41:54.665Z,59.6,21.1,1.913,49.6,0,60,0,0,0,0,0,0,0,0,66
2025-09-27T17:41:55.666Z,59.6,21.1,1.913,49.6,0,60,0,0,0,0,0,0,0,0,66
2025-09-27T17:41:56.670Z,59.6,21.1,1.913,49.6,0,60,0,0,0,0,0,0,0,0,66
2025-09-27T17:41:57.669Z,59.6,21.1,1.913,50.4,0,60,0,0,0,0,0,0,0,0,66
2025-09-27T17:41:58.668Z,59.6,21.1,1.913,49.6,0,60,0,0,0,0,0,0,0,0,66
2025-09-27T17:41:59.669Z,59.6,21.1,1.913,50.4,0,60,0,0,0,0,0,0,0,0,66
2025-09-27T17:42:00.670Z,59.6,21.1,1.913,49.6,0,60,0,0,0,0,0,0,0,0,66
2025-09-27T17:42:01.672Z,59.6,21.1,1.913,50.4,0,60,0,0,0,0,0,0,0,0,66
2025-09-27T17:42:02.677Z,59.6,21.1,1.913,49.6,0,60,0,0,0,0,0,0,0,0,66
2025-09-27T17:42:03.677Z,59.6,21.1,1.914,50.4,0,60,0,0,0,0,0,0,0,0,66
2025-09-27T17:42:04.675Z,59.6,21.1,1.913,49.6,0,60,0,0,0,0,0,0,0,0,66
2025-09-27T17:42:05.679Z,59.6,21.1,1.914,49.6,0,60,0,0,0,0,0,0,0,0,66
2025-09-27T17:42:06.679Z,59.6,21.1,1.914,49.6,0,60,0,0,0,0,0,0,0,0,66
2025-09-27T17:42:07.679Z,59.6,21.1,1.914,50.4,0,60,0,0,0,0,0,0,0,0,66
2025-09-27T17:42:08.681Z,59.5,21.1,1.915,49.6,0,60,0,0,0,0,0,0,0,0,66
2025-09-27T17:42:09.677Z,59.5,21.1,1.913,50.4,0,60,0,0,0,0,0,0,0,0,66
2025-09-27T17:42:10.681Z,59.5,21.1,1.913,49.6,0,60,0,0,0,0,0,0,0,0,66
2025-09-27T17:42:11.678Z,59.5,21.1,1.913,50.4,0,60,0,0,0,0,0,0,0,0,66
2025-09-27T17:42:12.685Z,59.5,21.1,1.915,49.6,0,60,0,0,0,0,0,0,0,0,66
2025-09-27T17:42:13.682Z,59.5,21.1,1.913,50.4,0,60,0,0,0,0,0,0,0,0,66
2025-09-27T17:42:14.689Z,59.5,21.1,1.915,49.6,0,60,0,0,0,0,0,0,0,0,66
2025-09-27T17:42:15.693Z,59.5,21.1,1.915,50.4,0,60,0,0,0,0,0,0,0,0,66
2025-09-27T17:42:16.690Z,59.5,21.1,1.914,49.6,0,60,0,0,0,0,0,0,0,0,66
2025-09-27T17:42:17.691Z,59.5,21.1,1.914,50.4,0,60,0,0,0,0,0,0,0,0,66
2025-09-27T17:42:18.693Z,59.5,21.1,1.915,49.6,0,60,0,0,0,0,0,0,0,0,66
2025-09-27T17:42:19.692Z,59.5,21.1,1.914,50.4,0,60,0,0,0,0,0,0,0,0,66
2025-09-27T17:42:20.688Z,59.5,21.1,1.915,49.6,0,60,0,0,0,0,0,0,0,0,66
2025-09-27T17:42:21.691Z,59.5,21.1,1.914,50.4,0,60,0,0,0,0,0,0,0,0,66
2025-09-27T17:42:22.698Z,59.5,21.1,1.914,49.6,0,60,0,0,0,0,0,0,0,0,66
2025-09-27T17:42:23.692Z,59.5,21.1,1.914,50.4,0,60,0,0,0,0,0,0,0,0,66
2025-09-27T17:42:24.692Z,59.5,21.1,1.915,49.6,0,60,0,0,0,0,0,0,0,0,66
2025-09-27T17:42:25.699Z,59.5,21.1,1.914,50.4,0,60,0,0,0,0,0,0,0,0,66
2025-09-27T17:42:26.693Z,59.5,21.1,1.915,49.6,0,60,0,0,0,0,0,0,0,0,66
2025-09-27T17:42:27.696Z,59.5,21.1,1.915,50.4,0,60,0,0,0,0,0,0,0,0,66
2025-09-27T17:42:28.699Z,59.5,21.1,1.915,49.6,0,60,0,0,0,0,0,0,0,0,66
2025-09-27T17:42:29.703Z,59.5,21.1,1.914,50.4,0,60,0,0,0,0,0,0,0,0,66
2025-09-27T17:42:30.704Z,59.5,21.1,1.914,49.6,0,60,0,0,0,0,0,0,0,0,66
2025-09-27T17:42:31.703Z,59.5,21.1,1.914,50.4,0,60,0,0,0,0,0,0,0,0,66
2025-09-27T17:42:32.702Z,59.5,21.1,1.914,49.6,0,60,0,0,0,0,0,0,0,0,66
2025-09-27T17:42:33.703Z,59.5,21.1,1.914,50.4,0,60,0,0,0,0,0,0,0,0,66
2025-09-27T17:42:34.700Z,59.5,21.1,1.915,49.6,0,60,0,0,0,0,0,0,0,0,66
2025-09-27T17:42:35.705Z,59.5,21.1,1.914,49.6,0,60,0,0,0,0,0,0,0,0,66
2025-09-27T17:42:36.705Z,59.5,21.1,1.914,49.6,0,60,0,0,0,0,0,0,0,0,66
2025-09-27T17:42:37.706Z,59.5,21.1,1.914,50.4,0,60,0,0,0,0,0,0,0,0,66
2025-09-27T17:42:38.716Z,59.5,21.1,1.914,49.6,0,60,0,0,0,0,0,0,0,0,66
2025-09-27T17:42:39.708Z,59.4,21.1,1.914,50.4,0,60,0,0,0,0,0,0,0,0,66
2025-09-27T17:42:40.711Z,59.4,21.1,1.914,49.6,0,60,0,0,0,0,0,0,0,0,66
2025-09-27T17:42:41.711Z,59.4,21.1,1.915,50.4,0,60,0,0,0,0,0,0,0,0,66
2025-09-27T17:42:42.712Z,59.5,21.1,1.915,49.6,0,60,0,0,0,0,0,0,0,0,66
2025-09-27T17:42:43.707Z,59.5,21.1,1.915,50.4,0,60,0,0,0,0,0,0,0,0,66
2025-09-27T17:42:44.711Z,59.4,21.1,1.914,49.6,0,60,0,0,0,0,0,0,0,0,66
2025-09-27T17:42:45.714Z,59.4,21.1,1.915,50.4,0,60,0,0,0,0,0,0,0,0,66
2025-09-27T17:42:46.712Z,59.4,21.1,1.914,49.6,0,60,0,0,0,0,0,0,0,0,66
2025-09-27T17:42:47.716Z,59.4,21.1,1.914,50.4,0,60,0,0,0,0,0,0,0,0,66
2025-09-27T17:42:48.717Z,59.4,21.1,1.914,49.6,0,60,0,0,0,0,0,0,0,0,66
2025-09-27T17:42:49.718Z,59.4,21.1,1.914,50.4,0,60,0,0,0,0,0,0,0,0,66
2025-09-27T17:42:50.717Z,59.4,21.1,1.915,49.6,0,60,0,0,0,0,0,0,0,0,66
2025-09-27T17:42:51.717Z,59.4,21.1,1.914,50.4,0,60,0,0,0,0,0,0,0,0,66
2025-09-27T17:42:52.719Z,59.4,21.1,1.915,49.6,0,60,0,0,0,0,0,0,0,0,66
2025-09-27T17:42:53.728Z,59.4,21.1,1.915,50.4,0,60,0,0,0,0,0,0,0,0,66
2025-09-27T17:42:54.718Z,59.4,21.1,1.915,49.6,0,60,0,0,0,0,0,0,0,0,66
2025-09-27T17:42:55.719Z,59.4,21.1,1.914,50.4,0,60,0,0,0,0,0,0,0,0,66
2025-09-27T17:42:56.726Z,59.4,21.1,1.915,49.6,0,60,0,0,0,0,0,0,0,0,66
2025-09-27T17:42:57.725Z,59.4,21.1,1.915,50.4,0,60,0,0,0,0,0,0,0,0,66
2025-09-27T17:42:58.721Z,59.4,21.1,1.915,49.6,0,60,0,0,0,0,0,0,0,0,66
2025-09-27T17:42:59.726Z,59.4,21.1,1.915,50.4,0,60,0,0,0,0,0,0,0,0,66
2025-09-27T17:43:00.726Z,59.4,21.1,1.914,49.6,0,60,0,0,0,0,0,0,0,0,66
2025-09-27T17:43:01.731Z,59.4,21.1,1.915,50.4,0,60,0,0,0,0,0,0,0,0,66
2025-09-27T17:43:02.729Z,59.4,21.1,1.915,49.6,0,60,0,0,0,0,0,0,0,0,66
2025-09-27T17:43:03.730Z,59.4,21.1,1.915,50.4,0,60,0,0,0,0,0,0,0,0,66
2025-09-27T17:43:04.731Z,59.4,21.1,1.915,49.6,0,60,0,0,0,0,0,0,0,0,66
2025-09-27T17:43:05.734Z,59.4,21.1,1.915,50.4,0,60,0,0,0,0,0,0,0,0,66
2025-09-27T17:43:06.729Z,59.4,21.1,1.915,49.6,0,60,0,0,0,0,0,0,0,0,66
2025-09-27T17:43:07.729Z,59.4,21.1,1.915,50.4,0,60,0,0,0,0,0,0,0,0,66
2025-09-27T17:43:08.734Z,59.4,21.1,1.915,49.6,0,60,0,0,0,0,0,0,0,0,66
2025-09-27T17:43:09.730Z,59.4,21.1,1.915,50.4,0,60,0,0,0,0,0,0,0,0,66
2025-09-27T17:43:10.738Z,59.4,21.1,1.915,49.6,0,60,0,0,0,0,0,0,0,0,66
2025-09-27T17:43:11.740Z,59.4,21.1,1.915,50.4,0,60,0,0,0,0,0,0,0,0,66
2025-09-27T17:43:12.744Z,59.4,21.1,1.915,49.6,0,60,0,0,0,0,0,0,0,0,66
2025-09-27T17:43:13.740Z,59.4,21.1,1.915,50.4,0,60,0,0,0,0,0,0,0,0,66
2025-09-27T17:43:14.741Z,59.4,21.1,1.915,49.6,0,60,0,0,0,0,0,0,0,0,66
2025-09-27T17:43:15.742Z,59.4,21.1,1.915,50.4,0,60,0,0,0,0,0,0,0,0,66
2025-09-27T17:43:16.741Z,59.4,21.1,1.915,49.6,0,60,0,0,0,0,0,0,0,0,66
2025-09-27T17:43:17.746Z,59.4,21.1,1.915,50.4,0,60,0,0,0,0,0,0,0,0,66
2025-09-27T17:43:18.742Z,59.4,21.1,1.915,49.6,0,60,0,0,0,0,0,0,0,0,66
2025-09-27T17:43:19.749Z,59.4,21.1,1.915,50.4,0,60,0,0,0,0,0,0,0,0,66
2025-09-27T17:43:20.748Z,59.4,21.1,1.915,49.6,0,60,0,0,0,0,0,0,0,0,66
2025-09-27T17:43:21.752Z,59.4,21.1,1.915,50.4,0,60,0,0,0,0,0,0,0,0,66
2025-09-27T17:43:22.747Z,59.4,21.1,1.915,49.6,0,60,0,0,0,0,0,0,0,0,66
2025-09-27T17:43:23.749Z,59.4,21.1,1.914,50.4,0,60,0,0,0,0,0,0,0,0,66
2025-09-27T17:43:24.748Z,59.4,21.1,1.915,49.6,0,60,0,0,0,0,0,0,0,0,66
2025-09-27T17:43:25.749Z,59.4,21.1,1.915,50.4,0,60,0,0,0,0,0,0,0,0,66
2025-09-27T17:43:26.751Z,59.4,21.1,1.915,49.6,0,60,0,0,0,0,0,0,0,0,66
2025-09-27T17:43:27.749Z,59.4,21.1,1.915,50.4,0,60,0,0,0,0,0,0,0,0,66
2025-09-27T17:43:28.749Z,59.4,21.1,1.915,49.6,0,60,0,0,0,0,0,0,0,0,66
2025-09-27T17:43:29.755Z,59.4,21.1,1.915,50.4,0,60,0,0,0,0,0,0,0,0,66
2025-09-27T17:43:30.757Z,59.4,21.1,1.915,49.6,0,60,0,0,0,0,0,0,0,0,66
2025-09-27T17:43:31.758Z,59.4,21.1,1.915,49.6,0,60,0,0,0,0,0,0,0,0,66
2025-09-27T17:43:32.755Z,59.4,21.1,1.915,49.6,0,60,0,0,0,0,0,0,0,0,66
2025-09-27T17:43:33.756Z,59.4,21.1,1.915,49.6,0,60,0,0,0,0,0,0,0,0,66
2025-09-27T17:43:34.764Z,59.4,21.1,1.915,49.6,0,60,0,0,0,0,0,0,0,0,66
2025-09-27T17:43:35.760Z,59.4,21.1,1.915,50.4,0,60,0,0,0,0,0,0,0,0,66
2025-09-27T17:43:36.764Z,59.4,21.1,1.915,49.6,0,60,0,0,0,0,0,0,0,0,66
2025-09-27T17:43:37.762Z,59.4,21.1,1.915,50.4,0,60,0,0,0,0,0,0,0,0,66
2025-09-27T17:43:38.763Z,59.4,21.1,1.915,49.6,0,60,0,0,0,0,0,0,0,0,66
2025-09-27T17:43:39.767Z,59.4,21.1,1.915,49.6,0,60,0,0,0,0,0,0,0,0,66
2025-09-27T17:43:40.761Z,59.4,21.1,1.915,49.6,0,60,0,0,0,0,0,0,0,0,66
2025-09-27T17:43:41.770Z,59.4,21.1,1.915,50.4,0,60,0,0,0,0,0,0,0,0,66
2025-09-27T17:43:42.769Z,59.4,21.1,1.915,49.6,0,60,0,0,0,0,0,0,0,0,66
2025-09-27T17:43:43.769Z,59.4,21.1,1.915,50.4,0,59.9,0,0,0,0,0,0,0,0,66
2025-09-27T17:43:44.772Z,59.4,21.1,1.915,49.6,0,60,0,0,0,0,0,0,0,0,66
2025-09-27T17:43:45.774Z,59.4,21.1,1.915,50.4,0,60,0,0,0,0,0,0,0,0,66
2025-09-27T17:43:46.775Z,59.4,21.1,1.915,49.6,0,60,0,0,0,0,0,0,0,0,66
2025-09-27T17:43:47.771Z,59.4,21.1,1.915,50.4,0,60,0,0,0,0,0,0,0,0,66
2025-09-27T17:43:48.772Z,59.4,21.1,1.915,49.6,0,60,0,0,0,0,0,0,0,0,66
2025-09-27T17:43:49.774Z,59.4,21.1,1.915,49.6,0,59.9,0,0,0,0,0,0,0,0,66
2025-09-27T17:43:50.773Z,59.4,21.1,1.915,50.4,0,59.9,0,0,0,0,0,0,0,0,66
2025-09-27T17:43:51.773Z,59.4,21.1,1.915,49.6,0,59.9,0,0,0,0,0,0,0,0,66
2025-09-27T17:43:52.774Z,59.4,21.1,1.915,49.6,0,59.9,0,0,0,0,0,0,0,0,66
2025-09-27T17:43:53.776Z,59.4,21.1,1.915,50.4,0,59.9,0,0,0,0,0,0,0,0,66
2025-09-27T17:43:54.776Z,59.4,21.1,1.915,49.6,0,60,0,0,0,0,0,0,0,0,66
2025-09-27T17:43:55.777Z,59.4,21.1,1.915,50.4,0,59.9,0,0,0,0,0,0,0,0,66
2025-09-27T17:43:56.773Z,59.4,21.1,1.914,50.4,0,59.9,0,0,0,0,0,0,0,0,66
2025-09-27T17:43:57.780Z,59.4,21.1,1.915,49.6,0,59.9,0,0,0,0,0,0,0,0,66
2025-09-27T17:43:58.782Z,59.4,21.1,1.915,50.4,0,59.9,0,0,0,0,0,0,0,0,66
2025-09-27T17:43:59.781Z,59.4,21.1,1.915,49.6,0,59.9,0,0,0,0,0,0,0,0,66
2025-09-27T17:44:00.785Z,59.4,21.1,1.915,49.6,0,59.9,0,0,0,0,0,0,0,0,66
2025-09-27T17:44:01.779Z,59.4,21.1,1.915,49.6,0,59.9,0,0,0,0,0,0,0,0,66
2025-09-27T17:44:02.790Z,59.4,21.1,1.915,50.4,0,60,0,0,0,0,0,0,0,0,66
2025-09-27T17:44:03.785Z,59.4,21.1,1.915,49.6,0,59.9,0,0,0,0,0,0,0,0,66
2025-09-27T17:44:04.787Z,59.4,21.1,1.915,49.6,0,59.9,0,0,0,0,0,0,0,0,66
2025-09-27T17:44:05.784Z,59.4,21.1,1.915,50.4,0,59.9,0,0,0,0,0,0,0,0,66
2025-09-27T17:44:06.789Z,59.4,21.1,1.915,49.6,0,59.9,0,0,0,0,0,0,0,0,66
2025-09-27T17:44:07.789Z,59.4,21.1,1.915,49.6,0,59.9,0,0,0,0,0,0,0,0,66
2025-09-27T17:44:08.789Z,59.4,21.1,1.915,50.4,0,59.9,0,0,0,0,0,0,0,0,66
2025-09-27T17:44:09.791Z,59.4,21.1,1.915,50.4,0,59.9,0,0,0,0,0,0,0,0,66
2025-09-27T17:44:10.793Z,59.4,21.1,1.915,49.6,0,59.9,0,0,0,0,0,0,0,0,66
2025-09-27T17:44:11.796Z,59.4,21.1,1.915,50.4,0,59.9,0,0,0,0,0,0,0,0,66
2025-09-27T17:44:12.795Z,59.4,21.1,1.915,49.6,0,59.9,0,0,0,0,0,0,0,0,66
2025-09-27T17:44:13.795Z,59.4,21.1,1.915,50.4,0,59.9,0,0,0,0,0,0,0,0,66
2025-09-27T17:44:14.794Z,59.4,21.1,1.915,49.6,0,59.9,0,0,0,0,0,0,0,0,66
2025-09-27T17:44:15.796Z,59.4,21.1,1.915,50.4,0,59.9,0,0,0,0,0,0,0,0,66
2025-09-27T17:44:16.796Z,59.4,21.1,1.915,49.6,0,59.9,0,0,0,0,0,0,0,0,66
2025-09-27T17:44:17.799Z,59.4,21.1,1.914,49.6,0,59.9,0,0,0,0,0,0,0,0,66
2025-09-27T17:44:18.801Z,59.5,21.1,1.914,50.4,0,59.9,0,0,0,0,0,0,0,0,66
2025-09-27T17:44:19.801Z,59.5,21.1,1.914,49.6,0,59.9,0,0,0,0,0,0,0,0,66
2025-09-27T17:44:20.798Z,59.5,21.1,1.914,50.4,0,59.9,0,0,0,0,0,0,0,0,66
2025-09-27T17:44:21.798Z,59.5,21.1,1.914,49.6,0,59.9,0,0,0,0,0,0,0,0,66
2025-09-27T17:44:22.800Z,59.5,21.1,1.914,49.6,0,59.9,0,0,0,0,0,0,0,0,66
2025-09-27T17:44:23.803Z,59.5,21.1,1.914,50.4,0,59.9,0,0,0,0,0,0,0,0,66
2025-09-27T17:44:24.809Z,59.5,21.1,1.914,50.4,0,59.9,0,0,0,0,0,0,0,0,66
2025-09-27T17:44:25.806Z,59.5,21.1,1.914,49.6,0,59.9,0,0,0,0,0,0,0,0,66
2025-09-27T17:44:26.806Z,59.5,21.1,1.914,50.4,0,59.9,0,0,0,0,0,0,0,0,66
2025-09-27T17:44:27.807Z,59.5,21.1,1.914,49.6,0,59.9,0,0,0,0,0,0,0,0,66
2025-09-27T17:44:28.805Z,59.5,21.1,1.914,50.4,0,59.9,0,0,0,0,0,0,0,0,66
2025-09-27T17:44:29.808Z,59.5,21.1,1.914,49.6,0,59.9,0,0,0,0,0,0,0,0,66
2025-09-27T17:44:30.809Z,59.5,21.1,1.914,49.6,0,59.9,0,0,0,0,0,0,0,0,66
2025-09-27T17:44:31.807Z,59.5,21.1,1.914,50.4,0,59.9,0,0,0,0,0,0,0,0,66
2025-09-27T17:44:32.813Z,59.5,21.1,1.914,49.6,0,59.9,0,0,0,0,0,0,0,0,66
2025-09-27T17:44:33.816Z,59.5,21.1,1.915,50.4,0,59.9,0,0,0,0,0,0,0,0,66
2025-09-27T17:44:34.814Z,59.5,21.1,1.914,50.4,0,59.9,0,0,0,0,0,0,0,0,66
2025-09-27T17:44:35.813Z,59.5,21.1,1.914,49.6,0,59.9,0,0,0,0,0,0,0,0,66
2025-09-27T17:44:36.812Z,59.5,21.1,1.914,50.4,0,59.9,0,0,0,0,0,0,0,0,66
2025-09-27T17:44:37.813Z,59.5,21.1,1.914,49.6,0,59.9,0,0,0,0,0,0,0,0,66
2025-09-27T17:44:38.815Z,59.5,21.1,1.913,50.4,0,59.9,0,0,0,0,0,0,0,0,66
2025-09-27T17:44:39.820Z,59.5,21.1,1.914,49.6,0,59.9,0,0,0,0,0,0,0,0,66
2025-09-27T17:44:40.816Z,59.5,21.1,1.913,50.4,0,59.9,0,0,0,0,0,0,0,0,66
2025-09-27T17:44:41.819Z,59.5,21.1,1.915,49.6,0,59.9,0,0,0,0,0,0,0,0,66
2025-09-27T17:44:42.816Z,59.5,21.1,1.913,50.4,0,59.9,0,0,0,0,0,0,0,0,66
2025-09-27T17:44:43.831Z,59.5,21.1,1.914,49.6,0,59.9,0,0,0,0,0,0,0,0,66
2025-09-27T17:44:44.821Z,59.6,21.1,1.915,50.4,0,59.9,0,0,0,0,0,0,0,0,66
2025-09-27T17:44:45.826Z,59.5,21.1,1.914,49.6,0,59.9,0,0,0,0,0,0,0,0,66
2025-09-27T17:44:46.824Z,59.5,21.1,1.915,49.6,0,59.9,0,0,0,0,0,0,0,0,66
2025-09-27T17:44:47.826Z,59.6,21.1,1.914,50.4,0,59.9,0,0,0,0,0,0,0,0,66
2025-09-27T17:44:48.828Z,59.6,21.1,1.914,49.6,0,59.9,0,0,0,0,0,0,0,0,66
2025-09-27T17:44:49.825Z,59.6,21.1,1.914,50.4,0,59.9,0,0,0,0,0,0,0,0,66
2025-09-27T17:44:50.828Z,59.6,21.1,1.914,49.6,0,59.9,0,0,0,0,0,0,0,0,66
2025-09-27T17:44:51.834Z,59.6,21.1,1.914,50.4,0,59.9,0,0,0,0,0,0,0,0,66
2025-09-27T17:44:52.826Z,59.6,21.1,1.914,49.6,0,59.9,0,0,0,0,0,0,0,0,66
2025-09-27T17:44:53.828Z,59.6,21.1,1.914,49.6,0,59.9,0,0,0,0,0,0,0,0,66
2025-09-27T17:44:54.828Z,59.6,21.1,1.914,50.4,0,59.9,0,0,0,0,0,0,0,0,66
2025-09-27T17:44:55.828Z,59.6,21.1,1.914,49.6,0,59.9,0,0,0,0,0,0,0,0,66
2025-09-27T17:44:56.833Z,59.6,21.1,1.914,49.6,0,59.9,0,0,0,0,0,0,0,0,66
2025-09-27T17:44:57.831Z,59.6,21.1,1.914,50.4,0,59.9,0,0,0,0,0,0,0,0,66
2025-09-27T17:44:58.838Z,59.6,21.1,1.914,49.6,0,59.9,0,0,0,0,0,0,0,0,66
2025-09-27T17:44:59.836Z,59.6,21.1,1.914,49.6,0,59.9,0,0,0,0,0,0,0,0,66
2025-09-27T17:45:00.836Z,59.6,21.1,1.914,50.4,0,59.9,0,0,0,0,0,0,0,0,66
2025-09-27T17:45:01.841Z,59.6,21.1,1.913,50.4,0,59.9,0,0,0,0,0,0,0,0,66
2025-09-27T17:45:02.839Z,59.6,21.1,1.914,49.6,0,59.9,0,0,0,0,0,0,0,0,66
2025-09-27T17:45:03.842Z,59.6,21.1,1.913,50.4,0,59.9,0,0,0,0,0,0,0,0,66
2025-09-27T17:45:04.839Z,59.6,21.1,1.914,49.6,0,59.9,0,0,0,0,0,0,0,0,66
2025-09-27T17:45:05.846Z,59.6,21.1,1.913,50.4,0,59.9,0,0,0,0,0,0,0,0,66
2025-09-27T17:45:06.843Z,59.6,21.1,1.913,49.6,0,59.9,0,0,0,0,0,0,0,0,66
2025-09-27T17:45:07.846Z,59.6,21.1,1.913,50.4,0,59.9,0,0,0,0,0,0,0,0,66
2025-09-27T17:45:08.845Z,59.6,21.1,1.913,49.6,0,59.9,0,0,0,0,0,0,0,0,66
2025-09-27T17:45:09.850Z,59.7,21.1,1.913,49.6,0,59.9,0,0,0,0,0,0,0,0,66
2025-09-27T17:45:10.848Z,59.7,21.1,1.913,50.4,0,59.9,0,0,0,0,0,0,0,0,66
2025-09-27T17:45:11.848Z,59.7,21.1,1.913,49.6,0,59.9,0,0,0,0,0,0,0,0,66
2025-09-27T17:45:12.852Z,59.7,21.1,1.913,49.6,0,59.9,0,0,0,0,0,0,0,0,66
2025-09-27T17:45:13.852Z,59.7,21.1,1.913,50.4,0,59.9,0,0,0,0,0,0,0,0,66
2025-09-27T17:45:14.848Z,59.7,21.1,1.913,49.6,0,59.8,0,0,0,0,0,0,0,0,66
2025-09-27T17:45:15.852Z,59.7,21.1,1.913,49.6,0,59.9,0,0,0,0,0,0,0,0,66
2025-09-27T17:45:16.857Z,59.7,21.1,1.913,50.4,0,59.8,0,0,0,0,0,0,0,0,66
2025-09-27T17:45:17.851Z,59.7,21.1,1.913,49.6,0,59.9,0,0,0,0,0,0,0,0,66
2025-09-27T17:45:18.855Z,59.7,21.1,1.913,49.6,0,59.9,0,0,0,0,0,0,0,0,66
2025-09-27T17:45:19.852Z,59.7,21.1,1.913,50.4,0,59.9,0,0,0,0,0,0,0,0,66
2025-09-27T17:45:20.853Z,59.7,21.1,1.913,50.4,0,59.8,0,0,0,0,0,0,0,0,66
2025-09-27T17:45:21.858Z,59.7,21.1,1.913,49.6,0,59.8,0,0,0,0,0,0,0,0,66
2025-09-27T17:45:22.854Z,59.7,21.1,1.913,50.4,0,59.9,0,0,0,0,0,0,0,0,66
2025-09-27T17:45:23.856Z,59.7,21.1,1.913,49.6,0,59.8,0,0,0,0,0,0,0,0,66
2025-09-27T17:45:24.859Z,59.7,21.1,1.913,50.4,0,59.8,0,0,0,0,0,0,0,0,66
2025-09-27T17:45:25.859Z,59.7,21.1,1.913,50.4,0,59.8,0,0,0,0,0,0,0,0,66
2025-09-27T17:45:26.865Z,59.7,21.1,1.913,49.6,0,59.8,0,0,0,0,0,0,0,0,66
2025-09-27T17:45:27.859Z,59.7,21.1,1.913,50.4,0,59.8,0,0,0,0,0,0,0,0,66
2025-09-27T17:45:28.862Z,59.7,21.1,1.913,49.6,0,59.8,0,0,0,0,0,0,0,0,66
2025-09-27T17:45:29.866Z,59.7,21.1,1.913,50.4,0,59.8,0,0,0,0,0,0,0,0,66
2025-09-27T17:45:30.865Z,59.7,21.1,1.913,49.6,0,59.8,0,0,0,0,0,0,0,0,66
2025-09-27T17:45:31.861Z,59.8,21.1,1.913,49.6,0,59.8,0,0,0,0,0,0,0,0,66
2025-09-27T17:45:32.869Z,59.8,21.1,1.914,50.4,0,59.8,0,0,0,0,0,0,0,0,66
2025-09-27T17:45:33.864Z,59.8,21.1,1.913,49.6,0,59.8,0,0,0,0,0,0,0,0,66
2025-09-27T17:45:34.866Z,59.8,21.1,1.912,49.6,0,59.8,0,0,0,0,0,0,0,0,66
2025-09-27T17:45:35.870Z,59.8,21.1,1.913,50.4,0,59.8,0,0,0,0,0,0,0,0,66
2025-09-27T17:45:36.869Z,59.8,21.1,1.912,50.4,0,59.8,0,0,0,0,0,0,0,0,66
2025-09-27T17:45:37.868Z,59.8,21.1,1.912,49.6,0,59.8,0,0,0,0,0,0,0,0,66
2025-09-27T17:45:38.875Z,59.8,21.1,1.913,50.4,0,59.8,0,0,0,0,0,0,0,0,66
2025-09-27T17:45:39.873Z,59.8,21.1,1.913,49.6,0,59.8,0,0,0,0,0,0,0,0,66
2025-09-27T17:45:40.871Z,59.8,21.1,1.912,49.6,0,59.8,0,0,0,0,0,0,0,0,66
2025-09-27T17:45:41.877Z,59.8,21.1,1.913,50.4,0,59.8,0,0,0,0,0,0,0,0,66
2025-09-27T17:45:42.876Z,59.8,21.1,1.913,50.4,0,59.8,0,0,0,0,0,0,0,0,66
2025-09-27T17:45:43.884Z,59.8,21.1,1.913,49.6,0,59.8,0,0,0,0,0,0,0,0,66
2025-09-27T17:45:44.881Z,59.8,21.1,1.912,50.4,0,59.8,0,0,0,0,0,0,0,0,66
2025-09-27T17:45:45.880Z,59.8,21.1,1.913,49.6,0,59.8,0,0,0,0,0,0,0,0,66
2025-09-27T17:45:46.882Z,59.8,21.1,1.912,50.4,0,59.8,0,0,0,0,0,0,0,0,66
2025-09-27T17:45:47.889Z,59.8,21.1,1.912,49.6,0,59.8,0,0,0,0,0,0,0,0,66
2025-09-27T17:45:48.884Z,59.8,21.1,1.912,49.6,0,59.8,0,0,0,0,0,0,0,0,66
2025-09-27T17:45:49.881Z,59.8,21.1,1.913,50.4,0,59.8,0,0,0,0,0,0,0,0,66
2025-09-27T17:45:50.886Z,59.9,21.1,1.913,50.4,0,59.8,0,0,0,0,0,0,0,0,66
2025-09-27T17:45:51.885Z,59.9,21.1,1.912,49.6,0,59.8,0,0,0,0,0,0,0,0,66
2025-09-27T17:45:52.885Z,59.9,21.1,1.912,50.4,0,59.8,0,0,0,0,0,0,0,0,66
2025-09-27T17:45:53.885Z,59.9,21.1,1.912,49.6,0,59.8,0,0,0,0,0,0,0,0,66
2025-09-27T17:45:54.887Z,59.9,21.1,1.912,50.4,0,59.8,0,0,0,0,0,0,0,0,66
2025-09-27T17:45:55.891Z,59.9,21.1,1.912,49.6,0,59.8,0,0,0,0,0,0,0,0,66
2025-09-27T17:45:56.892Z,59.9,21.1,1.912,50.4,0,59.8,0,0,0,0,0,0,0,0,66
2025-09-27T17:45:57.889Z,59.9,21.1,1.912,49.6,0,59.8,0,0,0,0,0,0,0,0,66
2025-09-27T17:45:58.889Z,59.9,21.1,1.912,50.4,0,59.8,0,0,0,0,0,0,0,0,66
2025-09-27T17:45:59.892Z,59.9,21.1,1.912,49.6,0,59.8,0,0,0,0,0,0,0,0,66
2025-09-27T17:46:00.892Z,59.9,21.1,1.912,50.4,0,59.8,0,0,0,0,0,0,0,0,66
2025-09-27T17:46:01.892Z,59.9,21.1,1.912,49.6,0,59.8,0,0,0,0,0,0,0,0,66
2025-09-27T17:46:02.899Z,59.9,21.1,1.912,49.6,0,59.8,0,0,0,0,0,0,0,0,66
2025-09-27T17:46:03.894Z,59.9,21.1,1.912,50.4,0,59.8,0,0,0,0,0,0,0,0,66
2025-09-27T17:46:04.899Z,59.9,21.1,1.912,49.6,0,59.8,0,0,0,0,0,0,0,0,66
2025-09-27T17:46:05.900Z,60,21.1,1.912,50.4,0,59.8,0,0,0,0,0,0,0,0,66
2025-09-27T17:46:06.897Z,60,21.1,1.912,50.4,0,59.8,0,0,0,0,0,0,0,0,66
2025-09-27T17:46:07.905Z,60,21.1,1.912,49.6,0,59.8,0,0,0,0,0,0,0,0,66
2025-09-27T17:46:08.903Z,60,21.1,1.912,50.4,0,59.8,0,0,0,0,0,0,0,0,66
2025-09-27T17:46:09.905Z,60,21.1,1.912,49.6,0,59.8,0,0,0,0,0,0,0,0,66
2025-09-27T17:46:10.903Z,60,21.1,1.912,50.4,0,59.8,0,0,0,0,0,0,0,0,66
2025-09-27T17:46:11.906Z,60,21.1,1.912,49.6,0,59.8,0,0,0,0,0,0,0,0,66
2025-09-27T17:46:12.906Z,60,21.1,1.912,50.4,0,59.8,0,0,0,0,0,0,0,0,66
2025-09-27T17:46:13.903Z,60,21.1,1.912,49.6,0,59.8,0,0,0,0,0,0,0,0,66
2025-09-27T17:46:14.909Z,60,21.1,1.912,50.4,0,59.8,0,0,0,0,0,0,0,0,66
2025-09-27T17:46:15.908Z,60,21.1,1.912,49.6,0,59.8,0,0,0,0,0,0,0,0,66
2025-09-27T17:46:16.909Z,60,21.1,1.912,50.4,0,59.8,0,0,0,0,0,0,0,0,66
2025-09-27T17:46:17.907Z,60,21.1,1.912,49.6,0,59.8,0,0,0,0,0,0,0,0,66
2025-09-27T17:46:18.908Z,60,21.1,1.912,49.6,0,59.8,0,0,0,0,0,0,0,0,66
2025-09-27T17:46:19.910Z,60,21.1,1.912,50.4,0,59.8,0,0,0,0,0,0,0,0,66
2025-09-27T17:46:20.907Z,60.1,21.1,1.912,49.6,0,59.8,0,0,0,0,0,0,0,0,66
2025-09-27T17:46:21.909Z,60.1,21.1,1.912,50.4,0,59.8,0,0,0,0,0,0,0,0,66
2025-09-27T17:46:22.913Z,60.1,21.1,1.912,49.6,0,59.8,0,0,0,0,0,0,0,0,66
2025-09-27T17:46:23.912Z,60.1,21.1,1.911,50.4,0,59.8,0,0,0,0,0,0,0,0,66
2025-09-27T17:46:24.919Z,60.1,21.1,1.912,49.6,0,59.8,0,0,0,0,0,0,0,0,66
2025-09-27T17:46:25.917Z,60.1,21.1,1.912,50.4,0,59.8,0,0,0,0,0,0,0,0,66
2025-09-27T17:46:26.914Z,60.1,21.1,1.911,49.6,0,59.8,0,0,0,0,0,0,0,0,66
2025-09-27T17:46:27.918Z,60.1,21.1,1.911,49.6,0,59.8,0,0,0,0,0,0,0,0,66
2025-09-27T17:46:28.920Z,60.1,21.1,1.912,50.4,0,59.8,0,0,0,0,0,0,0,0,66
2025-09-27T17:46:29.920Z,60.1,21.1,1.912,49.6,0,59.8,0,0,0,0,0,0,0,0,66
2025-09-27T17:46:30.918Z,60.1,21.1,1.911,50.4,0,59.8,0,0,0,0,0,0,0,0,66
2025-09-27T17:46:31.922Z,60.1,21.1,1.912,49.6,0,59.8,0,0,0,0,0,0,0,0,66
2025-09-27T17:46:32.924Z,60.1,21.1,1.911,50.4,0,59.8,0,0,0,0,0,0,0,0,66
2025-09-27T17:46:33.925Z,60.1,21.1,1.912,49.6,0,59.8,0,0,0,0,0,0,0,0,66
2025-09-27T17:46:34.924Z,60.1,21.1,1.911,49.6,0,59.8,0,0,0,0,0,0,0,0,66
2025-09-27T17:46:35.924Z,60.1,21.1,1.912,50.4,0,59.8,0,0,0,0,0,0,0,0,66
2025-09-27T17:46:36.928Z,60.2,21.1,1.911,49.6,0,59.8,0,0,0,0,0,0,0,0,66
2025-09-27T17:46:37.932Z,60.2,21.1,1.911,50.4,0,59.8,0,0,0,0,0,0,0,0,66
2025-09-27T17:46:38.926Z,60.2,21.1,1.911,49.6,0,59.8,0,0,0,0,0,0,0,0,66
2025-09-27T17:46:39.932Z,60.2,21.1,1.911,50.4,0,59.8,0,0,0,0,0,0,0,0,66
2025-09-27T17:46:40.932Z,60.2,21.1,1.911,49.6,0,59.8,0,0,0,0,0,0,0,0,66
2025-09-27T17:46:41.933Z,60.2,21.1,1.911,49.6,0,59.8,0,0,0,0,0,0,0,0,66
2025-09-27T17:46:42.934Z,60.2,21.1,1.911,50.4,0,59.8,0,0,0,0,0,0,0,0,66
2025-09-27T17:46:43.938Z,60.2,21.1,1.911,49.6,0,59.8,0,0,0,0,0,0,0,0,66
2025-09-27T17:46:44.936Z,60.2,21.1,1.911,49.6,0,59.8,0,0,0,0,0,0,0,0,66
2025-09-27T17:46:45.936Z,60.2,21.1,1.911,50.4,0,59.8,0,0,0,0,0,0,0,0,66
2025-09-27T17:46:46.937Z,60.2,21.1,1.911,49.6,0,59.8,0,0,0,0,0,0,0,0,66
2025-09-27T17:46:47.935Z,60.2,21.1,1.911,50.4,0,59.8,0,0,0,0,0,0,0,0,66
2025-09-27T17:46:48.940Z,60.2,21.1,1.911,49.6,0,59.8,0,0,0,0,0,0,0,0,66
2025-09-27T17:46:49.941Z,60.2,21.1,1.911,49.6,0,59.8,0,0,0,0,0,0,0,0,66
2025-09-27T17:46:50.939Z,60.2,21.1,1.911,50.4,0,59.8,0,0,0,0,0,0,0,0,66
2025-09-27T17:46:51.936Z,60.2,21.1,1.911,49.6,0,59.8,0,0,0,0,0,0,0,0,66
2025-09-27T17:46:52.941Z,60.3,21.1,1.911,49.6,0,59.8,0,0,0,0,0,0,0,0,66
2025-09-27T17:46:53.943Z,60.3,21.1,1.911,50.4,0,59.8,0,0,0,0,0,0,0,0,66
2025-09-27T17:46:54.946Z,60.3,21.1,1.911,49.6,0,59.8,0,0,0,0,0,0,0,0,66
2025-09-27T17:46:55.943Z,60.3,21.1,1.911,49.6,0,59.8,0,0,0,0,0,0,0,0,66
2025-09-27T17:46:56.943Z,60.3,21.1,1.911,50.4,0,59.8,0,0,0,0,0,0,0,0,66
2025-09-27T17:46:57.946Z,60.3,21.1,1.911,50.4,0,59.8,0,0,0,0,0,0,0,0,66
2025-09-27T17:46:58.947Z,60.3,21.1,1.911,49.6,0,59.8,0,0,0,0,0,0,0,0,66
2025-09-27T17:46:59.949Z,60.3,21.1,1.911,50.4,0,59.8,0,0,0,0,0,0,0,0,66
2025-09-27T17:47:00.951Z,60.3,21.1,1.911,49.6,0,59.8,0,0,0,0,0,0,0,0,66
2025-09-27T17:47:01.949Z,60.3,21.1,1.911,49.6,0,59.8,0,0,0,0,0,0,0,0,66
2025-09-27T17:47:02.953Z,60.3,21.1,1.911,50.4,0,59.8,0,0,0,0,0,0,0,0,66
2025-09-27T17:47:03.951Z,60.3,21.1,1.911,49.6,0,59.8,0,0,0,0,0,0,0,0,66
2025-09-27T17:47:04.955Z,60.3,21.1,1.911,49.6,0,59.8,0,0,0,0,0,0,0,0,66
2025-09-27T17:47:05.959Z,60.3,21.1,1.91,50.4,0,59.8,0,0,0,0,0,0,0,0,66
2025-09-27T17:47:06.957Z,60.4,21.1,1.911,49.6,0,59.8,0,0,0,0,0,0,0,0,66
2025-09-27T17:47:07.958Z,60.4,21.1,1.91,49.6,0,59.8,0,0,0,0,0,0,0,0,66
2025-09-27T17:47:08.960Z,60.4,21.1,1.91,50.4,0,59.8,0,0,0,0,0,0,0,0,66
2025-09-27T17:47:09.960Z,60.4,21.1,1.91,49.6,0,59.8,0,0,0,0,0,0,0,0,66
2025-09-27T17:47:10.959Z,60.4,21.1,1.911,50.4,0,59.8,0,0,0,0,0,0,0,0,66
2025-09-27T17:47:11.962Z,60.4,21.1,1.91,50.4,0,59.8,0,0,0,0,0,0,0,0,66
2025-09-27T17:47:12.964Z,60.4,21.1,1.91,49.6,0,59.8,0,0,0,0,0,0,0,0,66
2025-09-27T17:47:13.971Z,60.4,21.1,1.91,50.4,0,59.7,0,0,0,0,0,0,0,0,66
2025-09-27T17:47:14.963Z,60.4,21.1,1.911,50.4,0,59.8,0,0,0,0,0,0,0,0,66
2025-09-27T17:47:15.963Z,60.4,21.1,1.911,49.6,0,59.8,0,0,0,0,0,0,0,0,66
2025-09-27T17:47:16.966Z,60.4,21.1,1.91,50.4,0,59.8,0,0,0,0,0,0,0,0,66
2025-09-27T17:47:17.968Z,60.4,21.1,1.909,50.4,0,59.8,0,0,0,0,0,0,0,0,66
2025-09-27T17:47:18.968Z,60.4,21.1,1.91,49.6,0,59.7,0,0,0,0,0,0,0,0,66
2025-09-27T17:47:19.970Z,60.4,21.1,1.909,50.4,0,59.7,0,0,0,0,0,0,0,0,66
2025-09-27T17:47:20.968Z,60.4,21.1,1.91,49.6,0,59.7,0,0,0,0,0,0,0,0,66
2025-09-27T17:47:21.966Z,60.5,21.1,1.91,50.4,0,59.7,0,0,0,0,0,0,0,0,66
2025-09-27T17:47:22.970Z,60.5,21.1,1.909,49.6,0,59.7,0,0,0,0,0,0,0,0,66
2025-09-27T17:47:23.971Z,60.5,21.1,1.909,50.4,0,59.7,0,0,0,0,0,0,0,0,66
2025-09-27T17:47:24.972Z,60.5,21.1,1.909,50.4,0,59.7,0,0,0,0,0,0,0,0,66
2025-09-27T17:47:25.971Z,60.5,21.1,1.91,49.6,0,59.7,0,0,0,0,0,0,0,0,66
2025-09-27T17:47:26.969Z,60.5,21.1,1.91,49.6,0,59.7,0,0,0,0,0,0,0,0,66
2025-09-27T17:47:27.978Z,60.5,21.1,1.909,49.6,0,59.7,0,0,0,0,0,0,0,0,66
2025-09-27T17:47:28.975Z,60.5,21.1,1.909,50.4,0,59.7,0,0,0,0,0,0,0,0,66
2025-09-27T17:47:29.978Z,60.5,21.1,1.909,49.6,0,59.7,0,0,0,0,0,0,0,0,66
2025-09-27T17:47:30.976Z,60.5,21.1,1.909,49.6,0,59.7,0,0,0,0,0,0,0,0,66
2025-09-27T17:47:31.983Z,60.5,21.1,1.909,50.4,0,59.7,0,0,0,0,0,0,0,0,66
2025-09-27T17:47:32.979Z,60.5,21.1,1.909,49.6,0,59.7,0,0,0,0,0,0,0,0,66
2025-09-27T17:47:33.978Z,60.5,21.1,1.909,49.6,0,59.7,0,0,0,0,0,0,0,0,66
2025-09-27T17:47:34.980Z,60.5,21.1,1.909,50.4,0,59.7,0,0,0,0,0,0,0,0,66
2025-09-27T17:47:35.979Z,60.6,21.1,1.909,49.6,0,59.7,0,0,0,0,0,0,0,0,66
2025-09-27T17:47:36.988Z,60.6,21.1,1.909,49.6,0,59.7,0,0,0,0,0,0,0,0,66
2025-09-27T17:47:37.983Z,60.6,21.1,1.909,50.4,0,59.7,0,0,0,0,0,0,0,0,66
2025-09-27T17:47:38.983Z,60.6,21.1,1.909,50.4,0,59.7,0,0,0,0,0,0,0,0,66
2025-09-27T17:47:39.982Z,60.6,21.1,1.909,49.6,0,59.7,0,0,0,0,0,0,0,0,66
2025-09-27T17:47:40.987Z,60.6,21.1,1.909,50.4,0,59.7,0,0,0,0,0,0,0,0,66
2025-09-27T17:47:41.985Z,60.6,21.1,1.909,49.6,0,59.7,0,0,0,0,0,0,0,0,66
2025-09-27T17:47:42.990Z,60.6,21.1,1.909,49.6,0,59.7,0,0,0,0,0,0,0,0,66
2025-09-27T17:47:43.982Z,60.6,21.1,1.909,50.4,0,59.7,0,0,0,0,0,0,0,0,66
2025-09-27T17:47:44.990Z,60.6,21.1,1.909,50.4,0,59.7,0,0,0,0,0,0,0,0,66
2025-09-27T17:47:45.995Z,60.6,21.1,1.909,49.6,0,59.7,0,0,0,0,0,0,0,0,66
2025-09-27T17:47:46.991Z,60.6,21.1,1.909,50.4,0,59.7,0,0,0,0,0,0,0,0,66
2025-09-27T17:47:47.995Z,60.6,21.1,1.909,50.4,0,59.7,0,0,0,0,0,0,0,0,66
2025-09-27T17:47:48.995Z,60.6,21.1,1.909,49.6,0,59.7,0,0,0,0,0,0,0,0,66
2025-09-27T17:47:49.995Z,60.6,21.1,1.909,50.4,0,59.7,0,0,0,0,0,0,0,0,66
2025-09-27T17:47:50.998Z,60.6,21.1,1.909,49.6,0,59.7,0,0,0,0,0,0,0,0,66
2025-09-27T17:47:51.993Z,60.6,21.1,1.909,50.4,0,59.7,0,0,0,0,0,0,0,0,66
2025-09-27T17:47:52.996Z,60.6,21.1,1.909,49.6,0,59.7,0,0,0,0,0,0,0,0,66
2025-09-27T17:47:53.993Z,60.7,21.1,1.909,50.4,0,59.7,0,0,0,0,0,0,0,0,66
2025-09-27T17:47:54.998Z,60.7,21.1,1.909,49.6,0,59.7,0,0,0,0,0,0,0,0,66
2025-09-27T17:47:56.003Z,60.7,21.1,1.909,49.6,0,59.7,0,0,0,0,0,0,0,0,66
2025-09-27T17:47:56.998Z,60.7,21.1,1.909,50.4,0,59.7,0,0,0,0,0,0,0,0,66
2025-09-27T17:47:58.001Z,60.7,21.1,1.909,49.6,0,59.7,0,0,0,0,0,0,0,0,66
2025-09-27T17:47:59.001Z,60.7,21.1,1.909,50.4,0,59.7,0,0,0,0,0,0,0,0,66
2025-09-27T17:48:00.002Z,60.7,21.1,1.909,49.6,0,59.7,0,0,0,0,0,0,0,0,66
2025-09-27T17:48:01.005Z,60.7,21.1,1.909,50.4,0,59.7,0,0,0,0,0,0,0,0,66
2025-09-27T17:48:02.002Z,60.7,21.1,1.909,49.6,0,59.7,0,0,0,0,0,0,0,0,66
2025-09-27T17:48:03.008Z,60.7,21.1,1.909,49.6,0,59.7,0,0,0,0,0,0,0,0,66
2025-09-27T17:48:04.013Z,60.7,21.1,1.909,50.4,0,59.7,0,0,0,0,0,0,0,0,66
2025-09-27T17:48:05.007Z,60.7,21.1,1.909,49.6,0,59.7,0,0,0,0,0,0,0,0,66
2025-09-27T17:48:06.009Z,60.7,21.1,1.909,49.6,0,59.7,0,0,0,0,0,0,0,0,66
2025-09-27T17:48:07.009Z,60.7,21.1,1.909,50.4,0,59.7,0,0,0,0,0,0,0,0,66
2025-09-27T17:48:08.013Z,60.7,21.1,1.909,50.4,0,59.7,0,0,0,0,0,0,0,0,66
2025-09-27T17:48:09.011Z,60.8,21.1,1.908,49.6,0,59.7,0,0,0,0,0,0,0,0,66
2025-09-27T17:48:10.020Z,60.8,21.1,1.909,50.4,0,59.8,0,0,0,0,0,0,0,0,66
2025-09-27T17:48:11.014Z,60.8,21.1,1.908,49.6,0,59.8,0,0,0,0,0,0,0,0,66
2025-09-27T17:48:12.015Z,60.8,21.1,1.908,50.4,0,59.7,0,0,0,0,0,0,0,0,66
2025-09-27T17:48:13.014Z,60.8,21.1,1.908,49.6,0,59.7,0,0,0,0,0,0,0,0,66
2025-09-27T17:48:14.016Z,60.8,21.1,1.908,50.4,0,59.7,0,0,0,0,0,0,0,0,66
2025-09-27T17:48:15.015Z,60.8,21.1,1.908,49.6,0,59.7,0,0,0,0,0,0,0,0,66
2025-09-27T17:48:16.021Z,60.8,21.1,1.909,50.4,0,59.7,0,0,0,0,0,0,0,0,66
2025-09-27T17:48:17.022Z,60.8,21.1,1.909,50.4,0,59.7,0,0,0,0,0,0,0,0,66
2025-09-27T17:48:18.022Z,60.8,21.1,1.908,49.6,0,59.7,0,0,0,0,0,0,0,0,66
2025-09-27T17:48:19.025Z,60.8,21.1,1.909,50.4,0,59.7,0,0,0,0,0,0,0,0,66
2025-09-27T17:48:20.023Z,60.8,21.1,1.908,49.6,0,59.7,0,0,0,0,0,0,0,0,66
2025-09-27T17:48:21.024Z,60.8,21.1,1.909,50.4,0,59.7,0,0,0,0,0,0,0,0,66
2025-09-27T17:48:22.025Z,60.8,21.1,1.907,49.6,0,59.7,0,0,0,0,0,0,0,0,66
2025-09-27T17:48:23.022Z,60.8,21.1,1.908,50.4,0,59.7,0,0,0,0,0,0,0,0,66
2025-09-27T17:48:24.026Z,60.8,21.1,1.907,49.6,0,59.7,0,0,0,0,0,0,0,0,66
2025-09-27T17:48:25.029Z,60.8,21.1,1.909,50.4,0,59.7,0,0,0,0,0,0,0,0,66
2025-09-27T17:48:26.035Z,60.8,21.1,1.907,49.6,0,59.7,0,0,0,0,0,0,0,0,66
2025-09-27T17:48:27.026Z,60.8,21.1,1.906,49.6,0,59.7,0,0,0,0,0,0,0,0,66
2025-09-27T17:48:28.030Z,60.8,21.1,1.907,50.4,0,59.7,0,0,0,0,0,0,0,0,66
2025-09-27T17:48:29.026Z,60.9,21.1,1.908,49.6,0,59.7,0,0,0,0,0,0,0,0,66
2025-09-27T17:48:30.031Z,60.9,21.1,1.906,50.4,0,59.8,0,0,0,0,0,0,0,0,66
2025-09-27T17:48:31.031Z,60.9,21.1,1.908,49.6,0,59.8,0,0,0,0,0,0,0,0,66
2025-09-27T17:48:32.030Z,60.9,21.1,1.906,49.6,0,59.7,0,0,0,0,0,0,0,0,66
2025-09-27T17:48:33.039Z,60.9,21.1,1.907,50.4,0,59.8,0,0,0,0,0,0,0,0,66
2025-09-27T17:48:34.033Z,60.9,21.1,1.906,49.6,0,59.7,0,0,0,0,0,0,0,0,66
2025-09-27T17:48:35.039Z,60.9,21.1,1.907,50.4,0,59.7,0,0,0,0,0,0,0,0,66
2025-09-27T17:48:36.034Z,60.9,21.1,1.906,50.4,0,59.7,0,0,0,0,0,0,0,0,66
2025-09-27T17:48:37.038Z,60.9,21.1,1.907,49.6,0,59.7,0,0,0,0,0,0,0,0,66
2025-09-27T17:48:38.038Z,60.9,21.1,1.906,50.4,0,59.8,0,0,0,0,0,0,0,0,66
2025-09-27T17:48:39.040Z,60.9,21.1,1.907,49.6,0,59.8,0,0,0,0,0,0,0,0,66
2025-09-27T17:48:40.041Z,60.9,21.1,1.907,50.4,0,59.8,0,0,0,0,0,0,0,0,66
2025-09-27T17:48:41.039Z,60.9,21.1,1.906,49.6,0,59.7,0,0,0,0,0,0,0,0,66
2025-09-27T17:48:42.044Z,60.9,21.1,1.907,50.4,0,59.7,0,0,0,0,0,0,0,0,66
2025-09-27T17:48:43.044Z,60.9,21.1,1.907,49.6,0,59.7,0,0,0,0,0,0,0,0,66
2025-09-27T17:48:44.046Z,60.9,21.1,1.907,50.4,0,59.7,0,0,0,0,0,0,0,0,66
2025-09-27T17:48:45.044Z,60.9,21.1,1.907,49.6,0,59.8,0,0,0,0,0,0,0,0,66
2025-09-27T17:48:46.050Z,60.9,21.1,1.907,50.4,0,59.8,0,0,0,0,0,0,0,0,66
2025-09-27T17:48:47.044Z,60.9,21.1,1.906,49.6,0,59.7,0,0,0,0,0,0,0,0,66
2025-09-27T17:48:48.046Z,60.9,21.1,1.906,50.4,0,59.8,0,0,0,0,0,0,0,0,66
2025-09-27T17:48:49.052Z,60.9,21.1,1.907,49.6,0,59.7,0,0,0,0,0,0,0,0,66
2025-09-27T17:48:50.054Z,60.9,21.1,1.907,50.4,0,59.7,0,0,0,0,0,0,0,0,66
2025-09-27T17:48:51.046Z,60.9,21.1,1.906,49.6,0,59.7,0,0,0,0,0,0,0,0,66
2025-09-27T17:48:52.052Z,60.9,21.1,1.907,50.4,0,59.8,0,0,0,0,0,0,0,0,66
2025-09-27T17:48:53.046Z,60.9,21.1,1.906,49.6,0,59.7,0,0,0,0,0,0,0,0,66
2025-09-27T17:48:54.053Z,60.9,21.1,1.907,49.6,0,59.7,0,0,0,0,0,0,0,0,66
2025-09-27T17:48:55.053Z,60.9,21.1,1.907,49.6,0,59.7,0,0,0,0,0,0,0,0,66
2025-09-27T17:48:56.052Z,60.9,21.1,1.907,50.4,0,59.7,0,0,0,0,0,0,0,0,66
2025-09-27T17:48:57.052Z,60.9,21.1,1.907,49.6,0,59.7,0,0,0,0,0,0,0,0,66
2025-09-27T17:48:58.054Z,60.9,21.1,1.907,50.4,0,59.7,0,0,0,0,0,0,0,0,66
2025-09-27T17:48:59.060Z,60.9,21.1,1.907,49.6,0,59.8,0,0,0,0,0,0,0,0,66
2025-09-27T17:49:00.066Z,61,21.1,1.906,49.6,0,59.7,0,0,0,0,0,0,0,0,66
2025-09-27T17:49:01.055Z,61,21.1,1.907,50.4,0,59.7,0,0,0,0,0,0,0,0,66
2025-09-27T17:49:02.064Z,61,21.1,1.907,49.6,0,59.7,0,0,0,0,0,0,0,0,66
2025-09-27T17:49:03.060Z,61,21.1,1.907,50.4,0,59.8,0,0,0,0,0,0,0,0,66
2025-09-27T17:49:04.067Z,61,21.1,1.907,49.6,0,59.8,0,0,0,0,0,0,0,0,66
2025-09-27T17:49:05.064Z,61,21.1,1.907,50.4,0,59.8,0,0,0,0,0,0,0,0,66
2025-09-27T17:49:06.065Z,61,21.1,1.907,50.4,0,59.8,0,0,0,0,0,0,0,0,66
2025-09-27T17:49:07.061Z,61,21.1,1.907,49.6,0,59.7,0,0,0,0,0,0,0,0,66
2025-09-27T17:49:08.068Z,61,21.1,1.907,50.4,0,59.8,0,0,0,0,0,0,0,0,66
2025-09-27T17:49:09.068Z,61,21.1,1.907,49.6,0,59.8,0,0,0,0,0,0,0,0,66
2025-09-27T17:49:10.067Z,61,21.1,1.907,50.4,0,59.7,0,0,0,0,0,0,0,0,66
2025-09-27T17:49:11.071Z,61,21.1,1.907,49.6,0,59.8,0,0,0,0,0,0,0,0,66
2025-09-27T17:49:12.068Z,61,21.1,1.907,50.4,0,59.8,0,0,0,0,0,0,0,0,66
2025-09-27T17:49:13.070Z,61,21.1,1.907,49.6,0,59.8,0,0,0,0,0,0,0,0,66
2025-09-27T17:49:14.075Z,61,21.1,1.907,49.6,0,59.8,0,0,0,0,0,0,0,0,66
2025-09-27T17:49:15.071Z,61,21.1,1.907,49.6,0,59.8,0,0,0,0,0,0,0,0,66
2025-09-27T17:49:16.073Z,61,21.1,1.907,50.4,0,59.8,0,0,0,0,0,0,0,0,66
2025-09-27T17:49:17.074Z,61,21.1,1.907,49.6,0,59.8,0,0,0,0,0,0,0,0,66
2025-09-27T17:49:18.080Z,61,21.1,1.907,49.6,0,59.8,0,0,0,0,0,0,0,0,66
2025-09-27T17:49:19.077Z,61,21.1,1.907,50.4,0,59.8,0,0,0,0,0,0,0,0,66
2025-09-27T17:49:20.078Z,61,21.1,1.907,49.6,0,59.8,0,0,0,0,0,0,0,0,66
2025-09-27T17:49:21.076Z,61,21.1,1.907,50.4,0,59.8,0,0,0,0,0,0,0,0,66
2025-09-27T17:49:22.077Z,61,21.1,1.907,49.6,0,59.7,0,0,0,0,0,0,0,0,66
2025-09-27T17:49:23.075Z,61,21.1,1.907,50.4,0,59.7,0,0,0,0,0,0,0,0,66
2025-09-27T17:49:24.079Z,61,21.1,1.907,50.4,0,59.8,0,0,0,0,0,0,0,0,66
2025-09-27T17:49:25.078Z,61,21.1,1.907,49.6,0,59.8,0,0,0,0,0,0,0,0,66
2025-09-27T17:49:26.084Z,61,21.1,1.907,49.6,0,59.8,0,0,0,0,0,0,0,0,66
2025-09-27T17:49:27.080Z,61,21.1,1.907,50.4,0,59.8,0,0,0,0,0,0,0,0,66
2025-09-27T17:49:28.082Z,61,21.1,1.907,50.4,0,59.7,0,0,0,0,0,0,0,0,66
2025-09-27T17:49:29.081Z,61,21.1,1.907,49.6,0,59.7,0,0,0,0,0,0,0,0,66
2025-09-27T17:49:30.086Z,61,21.1,1.907,50.4,0,59.7,0,0,0,0,0,0,0,0,66
2025-09-27T17:49:31.093Z,61,21.1,1.906,49.6,0,59.7,0,0,0,0,0,0,0,0,66
2025-09-27T17:49:32.087Z,61,21.1,1.907,50.4,0,59.7,0,0,0,0,0,0,0,0,66
2025-09-27T17:49:33.089Z,61,21.1,1.907,49.6,0,59.7,0,0,0,0,0,0,0,0,66
2025-09-27T17:49:34.090Z,61,21.1,1.907,50.4,0,59.7,0,0,0,0,0,0,0,0,66
2025-09-27T17:49:35.093Z,61,21.1,1.907,49.6,0,59.7,0,0,0,0,0,0,0,0,66
2025-09-27T17:49:36.094Z,61,21.1,1.907,50.4,0,59.7,0,0,0,0,0,0,0,0,66
2025-09-27T17:49:37.095Z,61,21.1,1.907,49.6,0,59.7,0,0,0,0,0,0,0,0,66
2025-09-27T17:49:38.093Z,61,21.1,1.907,50.4,0,59.7,0,0,0,0,0,0,0,0,66
2025-09-27T17:49:39.094Z,61,21.1,1.907,49.6,0,59.7,0,0,0,0,0,0,0,0,66
2025-09-27T17:49:40.097Z,61,21.1,1.906,50.4,0,59.7,0,0,0,0,0,0,0,0,66
2025-09-27T17:49:41.098Z,61,21.1,1.907,49.6,0,59.7,0,0,0,0,0,0,0,0,66
2025-09-27T17:49:42.100Z,61,21.1,1.906,50.4,0,59.7,0,0,0,0,0,0,0,0,66
2025-09-27T17:49:43.101Z,61,21.1,1.906,49.6,0,59.8,0,0,0,0,0,0,0,0,66
2025-09-27T17:49:44.096Z,61,21.1,1.907,50.4,0,59.7,0,0,0,0,0,0,0,0,66
2025-09-27T17:49:45.100Z,61,21.1,1.907,49.6,0,59.7,0,0,0,0,0,0,0,0,66
2025-09-27T17:49:46.102Z,61,21.1,1.906,50.4,0,59.8,0,0,0,0,0,0,0,0,66
2025-09-27T17:49:47.104Z,61,21.1,1.906,49.6,0,59.8,0,0,0,0,0,0,0,0,66
2025-09-27T17:49:48.103Z,61,21.1,1.906,50.4,0,59.7,0,0,0,0,0,0,0,0,66
2025-09-27T17:49:49.107Z,61,21.1,1.906,49.6,0,59.7,0,0,0,0,0,0,0,0,66
2025-09-27T17:49:50.102Z,61,21.1,1.907,50.4,0,59.7,0,0,0,0,0,0,0,0,66
2025-09-27T17:49:51.107Z,61,21.1,1.906,49.6,0,59.7,0,0,0,0,0,0,0,0,66
2025-09-27T17:49:52.105Z,61,21.1,1.906,50.4,0,59.8,0,0,0,0,0,0,0,0,66
2025-09-27T17:49:53.107Z,61,21.1,1.906,49.6,0,59.7,0,0,0,0,0,0,0,0,66
2025-09-27T17:49:54.111Z,61,21.1,1.906,50.4,0,59.7,0,0,0,0,0,0,0,0,66
2025-09-27T17:49:55.109Z,61,21.1,1.906,49.6,0,59.7,0,0,0,0,0,0,0,0,66
2025-09-27T17:49:56.118Z,61,21.1,1.906,50.4,0,59.7,0,0,0,0,0,0,0,0,66
2025-09-27T17:49:57.109Z,61,21.1,1.906,49.6,0,59.7,0,0,0,0,0,0,0,0,66
2025-09-27T17:49:58.119Z,61,21.1,1.906,50.4,0,59.7,0,0,0,0,0,0,0,0,66
2025-09-27T17:49:59.113Z,61,21.1,1.906,49.6,0,59.7,0,0,0,0,0,0,0,0,66
2025-09-27T17:50:00.111Z,61,21.1,1.906,49.6,0,59.8,0,0,0,0,0,0,0,0,66
2025-09-27T17:50:01.113Z,61,21.1,1.906,49.6,0,59.8,0,0,0,0,0,0,0,0,66
2025-09-27T17:50:02.116Z,61,21.1,1.906,50.4,0,59.8,0,0,0,0,0,0,0,0,66
2025-09-27T17:50:03.112Z,61,21.1,1.907,49.6,0,59.7,0,0,0,0,0,0,0,0,66
2025-09-27T17:50:04.120Z,61,21.1,1.906,50.4,0,59.7,0,0,0,0,0,0,0,0,66
2025-09-27T17:50:05.121Z,61,21.1,1.906,49.6,0,59.8,0,0,0,0,0,0,0,0,66
2025-09-27T17:50:06.118Z,61,21.1,1.906,50.4,0,59.8,0,0,0,0,0,0,0,0,66
2025-09-27T17:50:07.121Z,61,21.1,1.906,49.6,0,59.8,0,0,0,0,0,0,0,0,66
2025-09-27T17:50:08.119Z,61,21.1,1.906,50.4,0,59.8,0,0,0,0,0,0,0,0,66
2025-09-27T17:50:09.128Z,60.9,21.1,1.906,49.6,0,59.8,0,0,0,0,0,0,0,0,66
2025-09-27T17:50:10.124Z,60.9,21.1,1.906,50.4,0,59.8,0,0,0,0,0,0,0,0,66
2025-09-27T17:50:11.125Z,60.9,21.1,1.906,49.6,0,59.8,0,0,0,0,0,0,0,0,66
2025-09-27T17:50:12.127Z,60.9,21.1,1.906,50.4,0,59.8,0,0,0,0,0,0,0,0,66
2025-09-27T17:50:13.126Z,60.9,21.1,1.906,49.6,0,59.8,0,0,0,0,0,0,0,0,66
2025-09-27T17:50:14.128Z,60.9,21.1,1.906,50.4,0,59.8,0,0,0,0,0,0,0,0,66
2025-09-27T17:50:15.130Z,60.9,21.1,1.906,49.6,0,59.8,0,0,0,0,0,0,0,0,66
2025-09-27T17:50:16.134Z,60.9,21.1,1.907,49.6,0,59.8,0,0,0,0,0,0,0,0,66
2025-09-27T17:50:17.131Z,60.9,21.1,1.906,49.6,0,59.8,0,0,0,0,0,0,0,0,66
2025-09-27T17:50:18.137Z,60.9,21.1,1.907,50.4,0,59.8,0,0,0,0,0,0,0,0,66
2025-09-27T17:50:19.134Z,60.9,21.1,1.907,49.6,0,59.8,0,0,0,0,0,0,0,0,66
2025-09-27T17:50:20.132Z,60.9,21.1,1.906,50.4,0,59.8,0,0,0,0,0,0,0,0,66
2025-09-27T17:50:21.130Z,60.9,21.1,1.906,49.6,0,59.8,0,0,0,0,0,0,0,0,66
2025-09-27T17:50:22.134Z,60.9,21.1,1.907,49.6,0,59.8,0,0,0,0,0,0,0,0,66
2025-09-27T17:50:23.134Z,60.9,21.1,1.907,50.4,0,59.8,0,0,0,0,0,0,0,0,66
2025-09-27T17:50:24.136Z,60.9,21.1,1.906,49.6,0,59.8,0,0,0,0,0,0,0,0,66
2025-09-27T17:50:25.133Z,60.9,21.1,1.906,50.4,0,59.8,0,0,0,0,0,0,0,0,66
2025-09-27T17:50:26.138Z,60.9,21.1,1.907,49.6,0,59.8,0,0,0,0,0,0,0,0,66
2025-09-27T17:50:27.137Z,60.9,21.1,1.906,50.4,0,59.8,0,0,0,0,0,0,0,0,66
2025-09-27T17:50:28.134Z,60.9,21.1,1.906,49.6,0,59.8,0,0,0,0,0,0,0,0,66
2025-09-27T17:50:29.141Z,60.9,21.1,1.907,50.4,0,59.8,0,0,0,0,0,0,0,0,66
2025-09-27T17:50:30.139Z,60.9,21.1,1.906,50.4,0,59.8,0,0,0,0,0,0,0,0,66
2025-09-27T17:50:31.146Z,60.9,21.1,1.907,49.6,0,59.8,0,0,0,0,0,0,0,0,66
2025-09-27T17:50:32.148Z,60.9,21.1,1.907,49.6,0,59.8,0,0,0,0,0,0,0,0,66
2025-09-27T17:50:33.148Z,60.9,21.1,1.907,49.6,0,59.8,0,0,0,0,0,0,0,0,66
2025-09-27T17:50:34.142Z,60.9,21.1,1.906,50.4,0,59.8,0,0,0,0,0,0,0,0,66
2025-09-27T17:50:35.146Z,60.9,21.1,1.906,49.6,0,59.8,0,0,0,0,0,0,0,0,66
2025-09-27T17:50:36.144Z,60.9,21.1,1.906,50.4,0,59.8,0,0,0,0,0,0,0,0,66
2025-09-27T17:50:37.146Z,60.9,21.1,1.907,49.6,0,59.8,0,0,0,0,0,0,0,0,66
2025-09-27T17:50:38.150Z,60.9,21.1,1.907,49.6,0,59.8,0,0,0,0,0,0,0,0,66
2025-09-27T17:50:39.154Z,60.9,21.1,1.907,50.4,0,59.8,0,0,0,0,0,0,0,0,66
2025-09-27T17:50:40.150Z,60.9,21.1,1.907,49.6,0,59.8,0,0,0,0,0,0,0,0,66
2025-09-27T17:50:41.149Z,60.9,21.1,1.906,50.4,0,59.8,0,0,0,0,0,0,0,0,66
2025-09-27T17:50:42.154Z,60.9,21.1,1.907,50.4,0,59.8,0,0,0,0,0,0,0,0,66
2025-09-27T17:50:43.162Z,60.8,21.1,1.907,49.6,0,59.8,0,0,0,0,0,0,0,0,66
2025-09-27T17:50:44.158Z,60.8,21.1,1.907,49.6,0,59.8,0,0,0,0,0,0,0,0,66
2025-09-27T17:50:45.154Z,60.8,21.1,1.907,49.6,0,59.8,0,0,0,0,0,0,0,0,66
2025-09-27T17:50:46.156Z,60.8,21.1,1.907,50.4,0,59.8,0,0,0,0,0,0,0,0,66
2025-09-27T17:50:47.159Z,60.8,21.1,1.907,50.4,0,59.8,0,0,0,0,0,0,0,0,66
2025-09-27T17:50:48.166Z,60.8,21.1,1.907,49.6,0,59.8,0,0,0,0,0,0,0,0,66
2025-09-27T17:50:49.158Z,60.8,21.1,1.907,50.4,0,59.8,0,0,0,0,0,0,0,0,66
2025-09-27T17:50:50.161Z,60.8,21.1,1.909,49.6,0,59.8,0,0,0,0,0,0,0,0,66
2025-09-27T17:50:51.160Z,60.8,21.1,1.907,50.4,0,59.8,0,0,0,0,0,0,0,0,66
2025-09-27T17:50:52.157Z,60.8,21.1,1.907,49.6,0,59.8,0,0,0,0,0,0,0,0,66
2025-09-27T17:50:53.159Z,60.8,21.1,1.907,50.4,0,59.8,0,0,0,0,0,0,0,0,66
2025-09-27T17:50:54.163Z,60.8,21.1,1.909,49.6,0,59.8,0,0,0,0,0,0,0,0,66
2025-09-27T17:50:55.166Z,60.8,21.1,1.907,49.6,0,59.8,0,0,0,0,0,0,0,0,66
2025-09-27T17:50:56.169Z,60.8,21.1,1.909,50.4,0,59.8,0,0,0,0,0,0,0,0,66
2025-09-27T17:50:57.171Z,60.8,21.1,1.907,49.6,0,59.8,0,0,0,0,0,0,0,0,66
2025-09-27T17:50:58.169Z,60.8,21.1,1.909,50.4,0,59.8,0,0,0,0,0,0,0,0,66
2025-09-27T17:50:59.167Z,60.8,21.1,1.909,49.6,0,59.8,0,0,0,0,0,0,0,0,66
2025-09-27T17:51:00.170Z,60.8,21.1,1.909,50.4,0,59.8,0,0,0,0,0,0,0,0,66
2025-09-27T17:51:01.176Z,60.8,21.1,1.908,49.6,0,59.8,0,0,0,0,0,0,0,0,66
2025-09-27T17:51:02.173Z,60.8,21.1,1.909,50.4,0,59.8,0,0,0,0,0,0,0,0,66
2025-09-27T17:51:03.175Z,60.8,21.1,1.909,49.6,0,59.8,0,0,0,0,0,0,0,0,66
2025-09-27T17:51:04.174Z,60.8,21.1,1.909,49.6,0,59.8,0,0,0,0,0,0,0,0,66
2025-09-27T17:51:05.172Z,60.8,21.1,1.909,50.4,0,59.8,0,0,0,0,0,0,0,0,66
2025-09-27T17:51:06.174Z,60.8,21.1,1.909,49.6,0,59.8,0,0,0,0,0,0,0,0,66
2025-09-27T17:51:07.175Z,60.8,21.1,1.909,49.6,0,59.8,0,0,0,0,0,0,0,0,66
2025-09-27T17:51:08.177Z,60.8,21.1,1.909,50.4,0,59.8,0,0,0,0,0,0,0,0,66
2025-09-27T17:51:09.175Z,60.7,21.1,1.909,49.6,0,59.8,0,0,0,0,0,0,0,0,66
2025-09-27T17:51:10.180Z,60.7,21.1,1.909,50.4,0,59.8,0,0,0,0,0,0,0,0,66
2025-09-27T17:51:11.177Z,60.7,21.1,1.909,49.6,0,59.8,0,0,0,0,0,0,0,0,66
2025-09-27T17:51:12.180Z,60.7,21.1,1.909,50.4,0,59.8,0,0,0,0,0,0,0,0,66
2025-09-27T17:51:13.195Z,60.7,21.1,1.909,49.6,0,59.8,0,0,0,0,0,0,0,0,66
2025-09-27T17:51:14.207Z,60.7,21.1,1.909,49.6,0,59.8,0,0,0,0,0,0,0,0,66
2025-09-27T17:51:15.193Z,60.7,21.1,1.908,50.4,0,59.9,0,0,0,0,0,0,0,0,66
2025-09-27T17:51:16.189Z,60.7,21.1,1.909,49.6,0,59.9,0,0,0,0,0,0,0,0,66
2025-09-27T17:51:17.188Z,60.7,21.1,1.909,49.6,0,59.8,0,0,0,0,0,0,0,0,66
2025-09-27T17:51:18.185Z,60.7,21.1,1.909,50.4,0,59.9,0,0,0,0,0,0,0,0,66
2025-09-27T17:51:19.187Z,60.7,21.1,1.909,49.6,0,59.9,0,0,0,0,0,0,0,0,66
2025-09-27T17:51:20.189Z,60.7,21.1,1.909,49.6,0,59.9,0,0,0,0,0,0,0,0,66
2025-09-27T17:51:21.187Z,60.7,21.1,1.909,50.4,0,59.9,0,0,0,0,0,0,0,0,66
2025-09-27T17:51:22.187Z,60.7,21.1,1.909,50.4,0,59.9,0,0,0,0,0,0,0,0,66
2025-09-27T17:51:23.190Z,60.7,21.1,1.909,49.6,0,59.9,0,0,0,0,0,0,0,0,66
2025-09-27T17:51:24.201Z,60.7,21.1,1.909,50.4,0,59.9,0,0,0,0,0,0,0,0,66
2025-09-27T17:51:25.193Z,60.7,21.1,1.909,49.6,0,59.9,0,0,0,0,0,0,0,0,66
2025-09-27T17:51:26.195Z,60.7,21.1,1.909,49.6,0,59.9,0,0,0,0,0,0,0,0,66
2025-09-27T17:51:27.195Z,60.7,21.1,1.909,50.4,0,59.9,0,0,0,0,0,0,0,0,66
2025-09-27T17:51:28.195Z,60.7,21.1,1.909,49.6,0,59.9,0,0,0,0,0,0,0,0,66
2025-09-27T17:51:29.195Z,60.7,21.1,1.909,50.4,0,59.9,0,0,0,0,0,0,0,0,66
2025-09-27T17:51:30.199Z,60.6,21.1,1.909,50.4,0,59.9,0,0,0,0,0,0,0,0,66
2025-09-27T17:51:31.198Z,60.6,21.1,1.909,49.6,0,59.9,0,0,0,0,0,0,0,0,66
2025-09-27T17:51:32.199Z,60.6,21.1,1.909,50.4,0,59.9,0,0,0,0,0,0,0,0,66
2025-09-27T17:51:33.200Z,60.6,21.1,1.909,49.6,0,59.9,0,0,0,0,0,0,0,0,66
2025-09-27T17:51:34.201Z,60.6,21.1,1.909,49.6,0,59.9,0,0,0,0,0,0,0,0,66
2025-09-27T17:51:35.199Z,60.6,21.1,1.909,50.4,0,59.9,0,0,0,0,0,0,0,0,66
2025-09-27T17:51:36.202Z,60.6,21.1,1.909,49.6,0,59.9,0,0,0,0,0,0,0,0,66
2025-09-27T17:51:37.203Z,60.6,21.1,1.909,50.4,0,59.9,0,0,0,0,0,0,0,0,66
2025-09-27T17:51:38.204Z,60.6,21.1,1.909,50.4,0,59.9,0,0,0,0,0,0,0,0,66
2025-09-27T17:51:39.203Z,60.6,21.1,1.909,49.6,0,59.9,0,0,0,0,0,0,0,0,66
2025-09-27T17:51:40.207Z,60.6,21.1,1.909,50.4,0,59.9,0,0,0,0,0,0,0,0,66
2025-09-27T17:51:41.208Z,60.6,21.1,1.909,49.6,0,59.9,0,0,0,0,0,0,0,0,66
2025-09-27T17:51:42.208Z,60.6,21.1,1.909,50.4,0,59.9,0,0,0,0,0,0,0,0,66
2025-09-27T17:51:43.209Z,60.6,21.1,1.909,49.6,0,59.9,0,0,0,0,0,0,0,0,66
2025-09-27T17:51:44.207Z,60.6,21.1,1.909,49.6,0,59.9,0,0,0,0,0,0,0,0,66
2025-09-27T17:51:45.210Z,60.6,21.1,1.909,50.4,0,59.9,0,0,0,0,0,0,0,0,66
2025-09-27T17:51:46.208Z,60.6,21.1,1.909,49.6,0,59.9,0,0,0,0,0,0,0,0,66
2025-09-27T17:51:47.209Z,60.6,21.1,1.909,50.4,0,59.9,0,0,0,0,0,0,0,0,66
2025-09-27T17:51:48.215Z,60.6,21.1,1.909,49.6,0,59.9,0,0,0,0,0,0,0,0,66
2025-09-27T17:51:49.215Z,60.6,21.1,1.909,50.4,0,59.9,0,0,0,0,0,0,0,0,66
2025-09-27T17:51:50.218Z,60.6,21.1,1.909,50.4,0,59.9,0,0,0,0,0,0,0,0,66
2025-09-27T17:51:51.214Z,60.5,21.1,1.909,49.6,0,59.9,0,0,0,0,0,0,0,0,66
2025-09-27T17:51:52.213Z,60.5,21.1,1.909,50.4,0,59.9,0,0,0,0,0,0,0,0,66
2025-09-27T17:51:53.218Z,60.5,21.1,1.909,49.6,0,59.9,0,0,0,0,0,0,0,0,66
2025-09-27T17:51:54.218Z,60.5,21.1,1.909,50.4,0,59.9,0,0,0,0,0,0,0,0,66
2025-09-27T17:51:55.225Z,60.5,21.1,1.909,49.6,0,59.9,0,0,0,0,0,0,0,0,66
2025-09-27T17:51:56.220Z,60.5,21.1,1.909,49.6,0,59.9,0,0,0,0,0,0,0,0,66
2025-09-27T17:51:57.223Z,60.5,21.1,1.909,50.4,0,59.9,0,0,0,0,0,0,0,0,66
2025-09-27T17:51:58.229Z,60.5,21.1,1.909,49.6,0,59.9,0,0,0,0,0,0,0,0,66
2025-09-27T17:51:59.227Z,60.5,21.1,1.909,49.6,0,59.9,0,0,0,0,0,0,0,0,66
2025-09-27T17:52:00.221Z,60.5,21.1,1.909,50.4,0,59.9,0,0,0,0,0,0,0,0,66
2025-09-27T17:52:01.225Z,60.5,21.1,1.909,49.6,0,59.9,0,0,0,0,0,0,0,0,66
2025-09-27T17:52:02.226Z,60.5,21.1,1.909,50.4,0,59.9,0,0,0,0,0,0,0,0,66
2025-09-27T17:52:03.230Z,60.5,21.1,1.909,49.6,0,59.9,0,0,0,0,0,0,0,0,66
2025-09-27T17:52:04.230Z,60.5,21.1,1.909,49.6,0,59.9,0,0,0,0,0,0,0,0,66
2025-09-27T17:52:05.233Z,60.5,21.1,1.91,50.4,0,59.9,0,0,0,0,0,0,0,0,66
2025-09-27T17:52:06.233Z,60.5,21.1,1.91,49.6,0,59.9,0,0,0,0,0,0,0,0,66
2025-09-27T17:52:07.229Z,60.5,21.1,1.909,49.6,0,59.9,0,0,0,0,0,0,0,0,66
2025-09-27T17:52:08.235Z,60.5,21.1,1.909,50.4,0,59.9,0,0,0,0,0,0,0,0,66
2025-09-27T17:52:09.239Z,60.5,21.1,1.91,50.4,0,59.9,0,0,0,0,0,0,0,0,66
2025-09-27T17:52:10.235Z,60.5,21.1,1.909,49.6,0,59.9,0,0,0,0,0,0,0,0,66
2025-09-27T17:52:11.241Z,60.5,21.1,1.91,50.4,0,59.9,0,0,0,0,0,0,0,0,66
2025-09-27T17:52:12.238Z,60.5,21.1,1.909,49.6,0,59.9,0,0,0,0,0,0,0,0,66
2025-09-27T17:52:13.241Z,60.5,21.1,1.91,49.6,0,59.9,0,0,0,0,0,0,0,0,66
2025-09-27T17:52:14.241Z,60.5,21.1,1.91,50.4,0,59.9,0,0,0,0,0,0,0,0,66
2025-09-27T17:52:15.241Z,60.5,21.1,1.909,49.6,0,59.9,0,0,0,0,0,0,0,0,66
2025-09-27T17:52:16.241Z,60.5,21.1,1.91,49.6,0,59.9,0,0,0,0,0,0,0,0,66
2025-09-27T17:52:17.243Z,60.4,21.1,1.909,50.4,0,59.9,0,0,0,0,0,0,0,0,66
2025-09-27T17:52:18.245Z,60.4,21.1,1.91,49.6,0,59.9,0,0,0,0,0,0,0,0,66
2025-09-27T17:52:19.246Z,60.4,21.1,1.911,49.6,0,59.9,0,0,0,0,0,0,0,0,66
2025-09-27T17:52:20.244Z,60.4,21.1,1.909,50.4,0,59.9,0,0,0,0,0,0,0,0,66
2025-09-27T17:52:21.246Z,60.4,21.1,1.91,49.6,0,59.9,0,0,0,0,0,0,0,0,66
2025-09-27T17:52:22.241Z,60.4,21.1,1.91,49.6,0,59.9,0,0,0,0,0,0,0,0,66
2025-09-27T17:52:23.244Z,60.4,21.1,1.91,50.4,0,59.9,0,0,0,0,0,0,0,0,66
2025-09-27T17:52:24.248Z,60.4,21.1,1.911,49.6,0,59.9,0,0,0,0,0,0,0,0,66
2025-09-27T17:52:25.246Z,60.4,21.1,1.91,49.6,0,59.9,0,0,0,0,0,0,0,0,66
2025-09-27T17:52:26.250Z,60.4,21.1,1.911,50.4,0,59.9,0,0,0,0,0,0,0,0,66
2025-09-27T17:52:27.253Z,60.4,21.1,1.911,50.4,0,59.9,0,0,0,0,0,0,0,0,66
2025-09-27T17:52:28.252Z,60.4,21.1,1.911,49.6,0,59.9,0,0,0,0,0,0,0,0,66
2025-09-27T17:52:29.250Z,60.4,21.1,1.911,50.4,0,59.9,0,0,0,0,0,0,0,0,66
2025-09-27T17:52:30.251Z,60.4,21.1,1.911,50.4,0,59.9,0,0,0,0,0,0,0,0,66
2025-09-27T17:52:31.255Z,60.4,21.1,1.911,49.6,0,60,0,0,0,0,0,0,0,0,66
2025-09-27T17:52:32.251Z,60.4,21.1,1.911,49.6,0,59.9,0,0,0,0,0,0,0,0,66
2025-09-27T17:52:33.257Z,60.4,21.1,1.911,50.4,0,59.9,0,0,0,0,0,0,0,0,66
2025-09-27T17:52:34.258Z,60.4,21.1,1.911,49.6,0,59.9,0,0,0,0,0,0,0,0,66
2025-09-27T17:52:35.259Z,60.4,21.1,1.911,50.4,0,59.9,0,0,0,0,0,0,0,0,66
2025-09-27T17:52:36.261Z,60.4,21.1,1.911,49.6,0,59.9,0,0,0,0,0,0,0,0,66
2025-09-27T17:52:37.262Z,60.4,21.1,1.911,50.4,0,59.9,0,0,0,0,0,0,0,0,66
2025-09-27T17:52:38.268Z,60.4,21.1,1.911,50.4,0,60,0,0,0,0,0,0,0,0,66
2025-09-27T17:52:39.263Z,60.4,21.1,1.911,50.4,0,59.9,0,0,0,0,0,0,0,0,66
2025-09-27T17:52:40.262Z,60.4,21.1,1.911,49.6,0,59.9,0,0,0,0,0,0,0,0,66
2025-09-27T17:52:41.265Z,60.4,21.1,1.911,49.6,0,59.9,0,0,0,0,0,0,0,0,66
2025-09-27T17:52:42.265Z,60.3,21.1,1.911,49.6,0,60,0,0,0,0,0,0,0,0,66
2025-09-27T17:52:43.268Z,60.3,21.1,1.911,50.4,0,60,0,0,0,0,0,0,0,0,66
2025-09-27T17:52:44.273Z,60.3,21.1,1.911,49.6,0,60,0,0,0,0,0,0,0,0,66
2025-09-27T17:52:45.270Z,60.3,21.1,1.911,49.6,0,59.9,0,0,0,0,0,0,0,0,66
2025-09-27T17:52:46.274Z,60.3,21.1,1.911,49.6,0,60,0,0,0,0,0,0,0,0,66
2025-09-27T17:52:47.266Z,60.3,21.1,1.911,49.6,0,59.9,0,0,0,0,0,0,0,0,66
2025-09-27T17:52:48.270Z,60.3,21.1,1.911,50.4,0,59.9,0,0,0,0,0,0,0,0,66
2025-09-27T17:52:49.280Z,60.3,21.1,1.91,50.4,0,60,0,0,0,0,0,0,0,0,66
2025-09-27T17:52:50.272Z,60.3,21.1,1.911,50.4,0,60,0,0,0,0,0,0,0,0,66
2025-09-27T17:52:51.273Z,60.3,21.1,1.911,49.6,0,60,0,0,0,0,0,0,0,0,66
2025-09-27T17:52:52.268Z,60.3,21.1,1.911,49.6,0,60,0,0,0,0,0,0,0,0,66
2025-09-27T17:52:53.273Z,60.3,21.1,1.911,50.4,0,60,0,0,0,0,0,0,0,0,66
2025-09-27T17:52:54.268Z,60.3,21.1,1.911,49.6,0,60,0,0,0,0,0,0,0,0,66
2025-09-27T17:52:55.275Z,60.3,21.1,1.911,50.4,0,60,0,0,0,0,0,0,0,0,66
2025-09-27T17:52:56.275Z,60.3,21.1,1.911,50.4,0,60,0,0,0,0,0,0,0,0,66
2025-09-27T17:52:57.275Z,60.3,21.1,1.911,49.6,0,60,0,0,0,0,0,0,0,0,66
2025-09-27T17:52:58.279Z,60.3,21.1,1.911,50.4,0,60,0,0,0,0,0,0,0,0,66
2025-09-27T17:52:59.278Z,60.3,21.1,1.91,49.6,0,60,0,0,0,0,0,0,0,0,66
2025-09-27T17:53:00.280Z,60.3,21.1,1.91,50.4,0,60,0,0,0,0,0,0,0,0,66
2025-09-27T17:53:01.282Z,60.3,21.1,1.91,49.6,0,60,0,0,0,0,0,0,0,0,66
2025-09-27T17:53:02.282Z,60.3,21.1,1.911,50.4,0,60,0,0,0,0,0,0,0,0,66
2025-09-27T17:53:03.285Z,60.3,21.1,1.91,49.6,0,60,0,0,0,0,0,0,0,0,66
2025-09-27T17:53:04.288Z,60.3,21.1,1.91,49.6,0,60,0,0,0,0,0,0,0,0,66
2025-09-27T17:53:05.284Z,60.2,21.1,1.911,50.4,0,60,0,0,0,0,0,0,0,0,66
2025-09-27T17:53:06.286Z,60.3,21.1,1.911,49.6,0,60,0,0,0,0,0,0,0,0,66
2025-09-27T17:53:07.287Z,60.2,21.1,1.911,49.6,0,60,0,0,0,0,0,0,0,0,66
2025-09-27T17:53:08.289Z,60.2,21.1,1.91,50.4,0,60,0,0,0,0,0,0,0,0,66
2025-09-27T17:53:09.295Z,60.2,21.1,1.91,49.6,0,60,0,0,0,0,0,0,0,0,66
2025-09-27T17:53:10.296Z,60.2,21.1,1.91,49.6,0,60,0,0,0,0,0,0,0,0,66
2025-09-27T17:53:11.292Z,60.2,21.1,1.91,50.4,0,60,0,0,0,0,0,0,0,0,66
2025-09-27T17:53:12.294Z,60.2,21.1,1.91,49.6,0,60,0,0,0,0,0,0,0,0,66
2025-09-27T17:53:13.294Z,60.2,21.1,1.91,50.4,0,60,0,0,0,0,0,0,0,0,66
2025-09-27T17:53:14.296Z,60.2,21.1,1.91,50.4,0,60,0,0,0,0,0,0,0,0,66
2025-09-27T17:53:15.297Z,60.2,21.1,1.91,49.6,0,60,0,0,0,0,0,0,0,0,66
2025-09-27T17:53:16.303Z,60.2,21.1,1.91,50.4,0,60,0,0,0,0,0,0,0,0,66
2025-09-27T17:53:17.298Z,60.2,21.1,1.91,49.6,0,60,0,0,0,0,0,0,0,0,66
2025-09-27T17:53:18.301Z,60.2,21.1,1.91,50.4,0,60,0,0,0,0,0,0,0,0,66
2025-09-27T17:53:19.301Z,60.2,21.1,1.91,49.6,0,60,0,0,0,0,0,0,0,0,66
2025-09-27T17:53:20.302Z,60.2,21.1,1.91,50.4,0,60,0,0,0,0,0,0,0,0,66
2025-09-27T17:53:21.296Z,60.2,21.1,1.91,49.6,0,60,0,0,0,0,0,0,0,0,66
2025-09-27T17:53:22.304Z,60.2,21.1,1.91,49.6,0,60,0,0,0,0,0,0,0,0,66
2025-09-27T17:53:23.305Z,60.2,21.1,1.911,50.4,0,60,0,0,0,0,0,0,0,0,66
2025-09-27T17:53:24.302Z,60.2,21.1,1.91,49.6,0,60,0,0,0,0,0,0,0,0,66
2025-09-27T17:53:25.307Z,60.2,21.1,1.911,50.4,0,60,0,0,0,0,0,0,0,0,66
2025-09-27T17:53:26.303Z,60.2,21.1,1.91,49.6,0,60,0,0,0,0,0,0,0,0,66
2025-09-27T17:53:27.304Z,60.2,21.1,1.91,49.6,0,60,0,0,0,0,0,0,0,0,66
2025-09-27T17:53:28.311Z,60.2,21.1,1.911,50.4,0,60,0,0,0,0,0,0,0,0,66
2025-09-27T17:53:29.308Z,60.1,21.1,1.91,49.6,0,60,0,0,0,0,0,0,0,0,66
2025-09-27T17:53:30.308Z,60.1,21.1,1.91,49.6,0,60,0,0,0,0,0,0,0,0,66
2025-09-27T17:53:31.311Z,60.1,21.1,1.91,50.4,0,60,0,0,0,0,0,0,0,0,66
2025-09-27T17:53:32.309Z,60.1,21.1,1.91,49.6,0,60,0,0,0,0,0,0,0,0,66
2025-09-27T17:53:33.310Z,60.1,21.1,1.91,49.6,0,60,0,0,0,0,0,0,0,0,66
2025-09-27T17:53:34.310Z,60.1,21.1,1.911,50.4,0,60,0,0,0,0,0,0,0,0,66
2025-09-27T17:53:35.309Z,60.1,21.1,1.911,49.6,0,60,0,0,0,0,0,0,0,0,66
2025-09-27T17:53:36.313Z,60.1,21.1,1.911,50.4,0,60,0,0,0,0,0,0,0,0,66
2025-09-27T17:53:37.314Z,60.1,21.1,1.911,50.4,0,60,0,0,0,0,0,0,0,0,66
2025-09-27T17:53:38.315Z,60.1,21.1,1.911,49.6,0,60,0,0,0,0,0,0,0,0,66
2025-09-27T17:53:39.316Z,60.1,21.1,1.911,50.4,0,60,0,0,0,0,0,0,0,0,66
2025-09-27T17:53:40.320Z,60.1,21.1,1.911,49.6,0,60,0,0,0,0,0,0,0,0,66
2025-09-27T17:53:41.320Z,60.1,21.1,1.911,49.6,0,60,0,0,0,0,0,0,0,0,66
2025-09-27T17:53:42.321Z,60.1,21.1,1.911,50.4,0,60,0,0,0,0,0,0,0,0,66
2025-09-27T17:53:43.324Z,60.1,21.1,1.912,49.6,0,60,0,0,0,0,0,0,0,0,66
2025-09-27T17:53:44.322Z,60.1,21.1,1.911,50.4,0,60,0,0,0,0,0,0,0,0,66
2025-09-27T17:53:45.321Z,60.1,21.1,1.911,50.4,0,60,0,0,0,0,0,0,0,0,66
2025-09-27T17:53:46.324Z,60.1,21.1,1.911,49.6,0,60,0,0,0,0,0,0,0,0,66
2025-09-27T17:53:47.323Z,60.1,21.1,1.911,50.4,0,60,0,0,0,0,0,0,0,0,66
2025-09-27T17:53:48.326Z,60.1,21.1,1.911,49.6,0,60,0,0,0,0,0,0,0,0,66
2025-09-27T17:53:49.326Z,60.1,21.1,1.912,50.4,0,60,0,0,0,0,0,0,0,0,66
2025-09-27T17:53:50.326Z,60.1,21.1,1.912,50.4,0,60,0,0,0,0,0,0,0,0,66
2025-09-27T17:53:51.327Z,60.1,21.1,1.912,49.6,0,60,0,0,0,0,0,0,0,0,66
2025-09-27T17:53:52.325Z,60.1,21.1,1.912,50.4,0,60,0,0,0,0,0,0,0,0,66
2025-09-27T17:53:53.332Z,60,21.1,1.912,49.6,0,60,0,0,0,0,0,0,0,0,66
2025-09-27T17:53:54.340Z,60.1,21.1,1.912,50.4,0,60,0,0,0,0,0,0,0,0,66
2025-09-27T17:53:55.336Z,60,21.1,1.912,49.6,0,60,0,0,0,0,0,0,0,0,66
2025-09-27T17:53:56.333Z,60,21.1,1.912,50.4,0,60,0,0,0,0,0,0,0,0,66
2025-09-27T17:53:57.336Z,60,21.1,1.912,49.6,0,60,0,0,0,0,0,0,0,0,66
2025-09-27T17:53:58.341Z,60,21.1,1.912,50.4,0,60,0,0,0,0,0,0,0,0,66
2025-09-27T17:53:59.338Z,60,21.1,1.912,50.4,0,60,0,0,0,0,0,0,0,0,66
2025-09-27T17:54:00.333Z,60,21.1,1.912,49.6,0,60,0,0,0,0,0,0,0,0,66
2025-09-27T17:54:01.339Z,60,21.1,1.912,49.6,0,60,0,0,0,0,0,0,0,0,66
2025-09-27T17:54:02.343Z,60,21.1,1.912,50.4,0,60,0,0,0,0,0,0,0,0,66
2025-09-27T17:54:03.336Z,60,21.1,1.912,49.6,0,60,0,0,0,0,0,0,0,0,66
2025-09-27T17:54:04.341Z,60,21.1,1.912,49.6,0,60,0,0,0,0,0,0,0,0,66
2025-09-27T17:54:05.341Z,60,21.1,1.912,50.4,0,60,0,0,0,0,0,0,0,0,66
2025-09-27T17:54:06.343Z,60,21.1,1.912,49.6,0,60,0,0,0,0,0,0,0,0,66
2025-09-27T17:54:07.349Z,60,21.1,1.912,50.4,0,60,0,0,0,0,0,0,0,0,66
2025-09-27T17:54:08.343Z,60,21.1,1.912,49.6,0,60,0,0,0,0,0,0,0,0,66
2025-09-27T17:54:09.351Z,60,21.1,1.912,49.6,0,60,0,0,0,0,0,0,0,0,66
2025-09-27T17:54:10.346Z,60,21.1,1.912,50.4,0,60,0,0,0,0,0,0,0,0,66
2025-09-27T17:54:11.354Z,60,21.1,1.912,49.6,0,60,0,0,0,0,0,0,0,0,66
2025-09-27T17:54:12.347Z,60,21.1,1.912,50.4,0,60,0,0,0,0,0,0,0,0,66
2025-09-27T17:54:13.348Z,60,21.1,1.912,49.6,0,60,0,0,0,0,0,0,0,0,66
2025-09-27T17:54:14.355Z,60,21.1,1.912,49.6,0,60,0,0,0,0,0,0,0,0,66
2025-09-27T17:54:15.358Z,60,21.1,1.912,50.4,0,60,0,0,0,0,0,0,0,0,66
2025-09-27T17:54:16.352Z,59.9,21.1,1.912,49.6,0,60,0,0,0,0,0,0,0,0,66
2025-09-27T17:54:17.358Z,59.9,21.1,1.912,49.6,0,60,0,0,0,0,0,0,0,0,66
2025-09-27T17:54:18.354Z,59.9,21.1,1.912,50.4,0,60,0,0,0,0,0,0,0,0,66
2025-09-27T17:54:19.354Z,59.9,21.1,1.912,49.6,0,60,0,0,0,0,0,0,0,0,66
2025-09-27T17:54:20.354Z,59.9,21.1,1.912,49.6,0,60,0,0,0,0,0,0,0,0,66
2025-09-27T17:54:21.361Z,59.9,21.1,1.912,50.4,0,60,0,0,0,0,0,0,0,0,66
2025-09-27T17:54:22.360Z,59.9,21.1,1.912,50.4,0,60,0,0,0,0,0,0,0,0,66
2025-09-27T17:54:23.361Z,59.9,21.1,1.912,49.6,0,60,0,0,0,0,0,0,0,0,66
2025-09-27T17:54:24.361Z,59.9,21.1,1.912,50.4,0,60,0,0,0,0,0,0,0,0,66
2025-09-27T17:54:25.361Z,59.9,21.1,1.912,49.6,0,60,0,0,0,0,0,0,0,0,66
2025-09-27T17:54:26.363Z,59.9,21.1,1.912,50.4,0,60,0,0,0,0,0,0,0,0,66
2025-09-27T17:54:27.363Z,59.9,21.1,1.912,49.6,0,60,0,0,0,0,0,0,0,0,66
2025-09-27T17:54:28.363Z,59.9,21.1,1.912,49.6,0,60,0,0,0,0,0,0,0,0,66
2025-09-27T17:54:29.365Z,59.9,21.1,1.912,50.4,0,60,0,0,0,0,0,0,0,0,66
2025-09-27T17:54:30.365Z,59.9,21.1,1.912,49.6,0,60,0,0,0,0,0,0,0,0,66
2025-09-27T17:54:31.364Z,59.9,21.1,1.912,50.4,0,60,0,0,0,0,0,0,0,0,66
2025-09-27T17:54:32.362Z,59.9,21.1,1.912,50.4,0,60,0,0,0,0,0,0,0,0,66
2025-09-27T17:54:33.370Z,59.9,21.1,1.912,49.6,0,60,0,0,0,0,0,0,0,0,66
2025-09-27T17:54:34.370Z,59.9,21.1,1.912,50.4,0,60,0,0,0,0,0,0,0,0,66
2025-09-27T17:54:35.371Z,59.9,21.1,1.912,49.6,0,60,0,0,0,0,0,0,0,0,66
2025-09-27T17:54:36.370Z,59.9,21.1,1.912,50.4,0,60,0,0,0,0,0,0,0,0,66
2025-09-27T17:54:37.370Z,59.9,21.1,1.912,49.6,0,60,0,0,0,0,0,0,0,0,66
2025-09-27T17:54:38.375Z,59.9,21.1,1.912,49.6,0,60,0,0,0,0,0,0,0,0,66
2025-09-27T17:54:39.372Z,59.9,21.1,1.912,50.4,0,60,0,0,0,0,0,0,0,0,66
2025-09-27T17:54:40.373Z,59.9,21.1,1.912,49.6,0,60,0,0,0,0,0,0,0,0,66
2025-09-27T17:54:41.371Z,59.9,21.1,1.912,50.4,0,60,0,0,0,0,0,0,0,0,66
2025-09-27T17:54:42.376Z,59.8,21.1,1.912,50.4,0,60,0,0,0,0,0,0,0,0,66
2025-09-27T17:54:43.373Z,59.8,21.1,1.912,49.6,0,60,0,0,0,0,0,0,0,0,66
2025-09-27T17:54:44.378Z,59.8,21.1,1.912,50.4,0,60,0,0,0,0,0,0,0,0,66
2025-09-27T17:54:45.377Z,59.8,21.1,1.912,49.6,0,60,0,0,0,0,0,0,0,0,66
2025-09-27T17:54:46.378Z,59.8,21.1,1.912,50.4,0,60,0,0,0,0,0,0,0,0,66
2025-09-27T17:54:47.380Z,59.8,21.1,1.912,49.6,0,60,0,0,0,0,0,0,0,0,66
2025-09-27T17:54:48.379Z,59.8,21.1,1.912,50.4,0,60,0,0,0,0,0,0,0,0,66
2025-09-27T17:54:49.384Z,59.8,21.1,1.912,49.6,0,60,0,0,0,0,0,0,0,0,66
2025-09-27T17:54:50.384Z,59.8,21.1,1.912,49.6,0,60,0,0,0,0,0,0,0,0,66
2025-09-27T17:54:51.382Z,59.8,21.1,1.913,50.4,0,60,0,0,0,0,0,0,0,0,66
2025-09-27T17:54:52.382Z,59.8,21.1,1.912,49.6,0,60,0,0,0,0,0,0,0,0,66
2025-09-27T17:54:53.383Z,59.8,21.1,1.913,49.6,0,60,0,0,0,0,0,0,0,0,66
2025-09-27T17:54:54.382Z,59.8,21.1,1.913,50.4,0,60,0,0,0,0,0,0,0,0,66
2025-09-27T17:54:55.387Z,59.8,21.1,1.912,49.6,0,60,0,0,0,0,0,0,0,0,66
2025-09-27T17:54:56.386Z,59.8,21.1,1.913,49.6,0,60,0,0,0,0,0,0,0,0,66
2025-09-27T17:54:57.386Z,59.8,21.1,1.913,50.4,0,60,0,0,0,0,0,0,0,0,66
2025-09-27T17:54:58.390Z,59.8,21.1,1.913,49.6,0,60,0,0,0,0,0,0,0,0,66
2025-09-27T17:54:59.388Z,59.8,21.1,1.913,49.6,0,60,0,0,0,0,0,0,0,0,66
2025-09-27T17:55:00.390Z,59.8,21.1,1.913,50.4,0,60,0,0,0,0,0,0,0,0,66
2025-09-27T17:55:01.392Z,59.8,21.1,1.913,50.4,0,60,0,0,0,0,0,0,0,0,66
2025-09-27T17:55:02.394Z,59.8,21.1,1.913,49.6,0,60,0,0,0,0,0,0,0,0,66
2025-09-27T17:55:03.392Z,59.8,21.1,1.913,50.4,0,60,0,0,0,0,0,0,0,0,66
2025-09-27T17:55:04.397Z,59.8,21.1,1.913,49.6,0,60,0,0,0,0,0,0,0,0,66
2025-09-27T17:55:05.399Z,59.7,21.1,1.912,49.6,0,60,0,0,0,0,0,0,0,0,66
2025-09-27T17:55:06.398Z,59.7,21.1,1.913,50.4,0,60,0,0,0,0,0,0,0,0,66
2025-09-27T17:55:07.396Z,59.7,21.1,1.914,49.6,0,60,0,0,0,0,0,0,0,0,66
2025-09-27T17:55:08.399Z,59.7,21.1,1.913,49.6,0,60,0,0,0,0,0,0,0,0,66
2025-09-27T17:55:09.400Z,59.7,21.1,1.912,50.4,0,60,0,0,0,0,0,0,0,0,66
2025-09-27T17:55:10.401Z,59.7,21.1,1.912,49.6,0,60,0,0,0,0,0,0,0,0,66
2025-09-27T17:55:11.400Z,59.7,21.1,1.913,49.6,0,60,0,0,0,0,0,0,0,0,66
2025-09-27T17:55:12.404Z,59.7,21.1,1.913,50.4,0,60,0,0,0,0,0,0,0,0,66
2025-09-27T17:55:13.402Z,59.7,21.1,1.913,49.6,0,60,0,0,0,0,0,0,0,0,66
2025-09-27T17:55:14.402Z,59.7,21.1,1.913,50.4,0,60,0,0,0,0,0,0,0,0,66
2025-09-27T17:55:15.405Z,59.7,21.1,1.912,50.4,0,60,0,0,0,0,0,0,0,0,66
2025-09-27T17:55:16.405Z,59.7,21.1,1.912,49.6,0,60,0,0,0,0,0,0,0,0,66
2025-09-27T17:55:17.408Z,59.7,21.1,1.912,50.4,0,60,0,0,0,0,0,0,0,0,66
2025-09-27T17:55:18.410Z,59.7,21.1,1.913,50.4,0,60,0,0,0,0,0,0,0,0,66
2025-09-27T17:55:19.408Z,59.7,21.1,1.913,49.6,0,60,0,0,0,0,0,0,0,0,66
2025-09-27T17:55:20.412Z,59.7,21.1,1.913,50.4,0,60,0,0,0,0,0,0,0,0,66
2025-09-27T17:55:21.407Z,59.7,21.1,1.913,49.6,0,60,0,0,0,0,0,0,0,0,66
2025-09-27T17:55:22.408Z,59.7,21.1,1.913,50.4,0,60,0,0,0,0,0,0,0,0,66
2025-09-27T17:55:23.413Z,59.7,21.1,1.913,49.6,0,60,0,0,0,0,0,0,0,0,66
2025-09-27T17:55:24.412Z,59.7,21.1,1.913,49.6,0,60,0,0,0,0,0,0,0,0,66
2025-09-27T17:55:25.413Z,59.7,21.1,1.913,50.4,0,60,0,0,0,0,0,0,0,0,66
2025-09-27T17:55:26.414Z,59.7,21.1,1.913,50.4,0,60,0,0,0,0,0,0,0,0,66
2025-09-27T17:55:27.415Z,59.7,21.1,1.913,49.6,0,60,0,0,0,0,0,0,0,0,66
2025-09-27T17:55:28.421Z,59.7,21.1,1.913,50.4,0,60,0,0,0,0,0,0,0,0,66
2025-09-27T17:55:29.417Z,59.7,21.1,1.913,49.6,0,60,0,0,0,0,0,0,0,0,66
2025-09-27T17:55:30.422Z,59.7,21.1,1.913,50.4,0,60,0,0,0,0,0,0,0,0,66
2025-09-27T17:55:31.423Z,59.7,21.1,1.913,49.6,0,60,0,0,0,0,0,0,0,0,66
2025-09-27T17:55:32.420Z,59.6,21.1,1.913,50.4,0,60,0,0,0,0,0,0,0,0,66
2025-09-27T17:55:33.424Z,59.6,21.1,1.913,49.6,0,60,0,0,0,0,0,0,0,0,66
2025-09-27T17:55:34.425Z,59.6,21.1,1.913,49.6,0,60,0,0,0,0,0,0,0,0,66
2025-09-27T17:55:35.424Z,59.6,21.1,1.913,50.4,0,60,0,0,0,0,0,0,0,0,66
2025-09-27T17:55:36.423Z,59.6,21.1,1.913,49.6,0,60,0,0,0,0,0,0,0,0,66
2025-09-27T17:55:37.432Z,59.6,21.1,1.914,50.4,0,60,0,0,0,0,0,0,0,0,66
2025-09-27T17:55:38.425Z,59.6,21.1,1.913,49.6,0,60,0,0,0,0,0,0,0,0,66
2025-09-27T17:55:39.434Z,59.6,21.1,1.914,49.6,0,60,0,0,0,0,0,0,0,0,66
2025-09-27T17:55:40.429Z,59.6,21.1,1.913,50.4,0,60,0,0,0,0,0,0,0,0,66
2025-09-27T17:55:41.430Z,59.6,21.1,1.913,49.6,0,60,0,0,0,0,0,0,0,0,66
2025-09-27T17:55:42.429Z,59.6,21.1,1.913,49.6,0,60,0,0,0,0,0,0,0,0,66
2025-09-27T17:55:43.430Z,59.6,21.1,1.913,50.4,0,60,0,0,0,0,0,0,0,0,66
2025-09-27T17:55:44.433Z,59.6,21.1,1.913,49.6,0,60,0,0,0,0,0,0,0,0,66
2025-09-27T17:55:45.433Z,59.6,21.1,1.913,50.4,0,60,0,0,0,0,0,0,0,0,66
2025-09-27T17:55:46.436Z,59.6,21.1,1.913,50.4,0,60,0,0,0,0,0,0,0,0,66
2025-09-27T17:55:47.436Z,59.6,21.1,1.913,49.6,0,60,0,0,0,0,0,0,0,0,66
2025-09-27T17:55:48.436Z,59.6,21.1,1.913,50.4,0,60,0,0,0,0,0,0,0,0,66
2025-09-27T17:55:49.438Z,59.6,21.1,1.913,49.6,0,60,0,0,0,0,0,0,0,0,66
2025-09-27T17:55:50.440Z,59.6,21.1,1.913,50.4,0,60,0,0,0,0,0,0,0,0,66
2025-09-27T17:55:51.438Z,59.6,21.1,1.913,49.6,0,60,0,0,0,0,0,0,0,0,66
2025-09-27T17:55:52.435Z,59.6,21.1,1.913,50.4,0,60,0,0,0,0,0,0,0,0,66
2025-09-27T17:55:53.441Z,59.6,21.1,1.914,49.6,0,60,0,0,0,0,0,0,0,0,66
2025-09-27T17:55:54.443Z,59.6,21.1,1.914,49.6,0,60,0,0,0,0,0,0,0,0,66
2025-09-27T17:55:55.441Z,59.6,21.1,1.914,50.4,0,60,0,0,0,0,0,0,0,0,66
2025-09-27T17:55:56.440Z,59.6,21.1,1.913,49.6,0,60,0,0,0,0,0,0,0,0,66
2025-09-27T17:55:57.443Z,59.6,21.1,1.913,49.6,0,60,0,0,0,0,0,0,0,0,66
2025-09-27T17:55:58.448Z,59.6,21.1,1.914,50.4,0,60,0,0,0,0,0,0,0,0,66
2025-09-27T17:55:59.448Z,59.6,21.1,1.914,50.4,0,60,0,0,0,0,0,0,0,0,66
2025-09-27T17:56:00.447Z,59.6,21.1,1.914,49.6,0,60,0,0,0,0,0,0,0,0,66
2025-09-27T17:56:01.450Z,59.5,21.1,1.914,50.4,0,60,0,0,0,0,0,0,0,0,66
2025-09-27T17:56:02.449Z,59.5,21.1,1.914,49.6,0,60,0,0,0,0,0,0,0,0,66
2025-09-27T17:56:03.459Z,59.5,21.1,1.914,50.4,0,60,0,0,0,0,0,0,0,0,66
2025-09-27T17:56:04.454Z,59.5,21.1,1.914,49.6,0,60,0,0,0,0,0,0,0,0,66
2025-09-27T17:56:05.453Z,59.5,21.1,1.914,49.6,0,60,0,0,0,0,0,0,0,0,66
2025-09-27T17:56:06.454Z,59.5,21.1,1.914,50.4,0,60,0,0,0,0,0,0,0,0,66
2025-09-27T17:56:07.454Z,59.5,21.1,1.914,49.6,0,60,0,0,0,0,0,0,0,0,66
2025-09-27T17:56:08.458Z,59.5,21.1,1.914,50.4,0,60,0,0,0,0,0,0,0,0,66
2025-09-27T17:56:09.461Z,59.5,21.1,1.914,50.4,0,60,0,0,0,0,0,0,0,0,66
2025-09-27T17:56:10.458Z,59.5,21.1,1.914,49.6,0,60,0,0,0,0,0,0,0,0,66
2025-09-27T17:56:11.457Z,59.5,21.1,1.914,50.4,0,60,0,0,0,0,0,0,0,0,66
2025-09-27T17:56:12.457Z,59.5,21.1,1.914,49.6,0,60,0,0,0,0,0,0,0,0,66
2025-09-27T17:56:13.463Z,59.5,21.1,1.914,50.4,0,60,0,0,0,0,0,0,0,0,66
2025-09-27T17:56:14.460Z,59.5,21.1,1.914,49.6,0,60,0,0,0,0,0,0,0,0,66
2025-09-27T17:56:15.462Z,59.5,21.1,1.914,50.4,0,60,0,0,0,0,0,0,0,0,66
2025-09-27T17:56:16.463Z,59.5,21.1,1.914,49.6,0,60,0,0,0,0,0,0,0,0,66
2025-09-27T17:56:17.466Z,59.5,21.1,1.914,49.6,0,60,0,0,0,0,0,0,0,0,66
2025-09-27T17:56:18.466Z,59.5,21.1,1.914,50.4,0,60,0,0,0,0,0,0,0,0,66
2025-09-27T17:56:19.467Z,59.5,21.1,1.914,49.6,0,60,0,0,0,0,0,0,0,0,66
2025-09-27T17:56:20.469Z,59.5,21.1,1.914,49.6,0,60,0,0,0,0,0,0,0,0,66
2025-09-27T17:56:21.469Z,59.5,21.1,1.914,50.4,0,60,0,0,0,0,0,0,0,0,66
2025-09-27T17:56:22.462Z,59.5,21.1,1.914,49.6,0,60,0,0,0,0,0,0,0,0,66
2025-09-27T17:56:23.468Z,59.5,21.1,1.914,50.4,0,60,0,0,0,0,0,0,0,0,66
2025-09-27T17:56:24.472Z,59.5,21.1,1.914,50.4,0,60,0,0,0,0,0,0,0,0,66
2025-09-27T17:56:25.472Z,59.5,21.1,1.914,49.6,0,60,0,0,0,0,0,0,0,0,66
2025-09-27T17:56:26.473Z,59.5,21.1,1.914,50.4,0,60,0,0,0,0,0,0,0,0,66
2025-09-27T17:56:27.470Z,59.5,21.1,1.914,49.6,0,60,0,0,0,0,0,0,0,0,66
2025-09-27T17:56:28.474Z,59.5,21.1,1.914,50.4,0,60,0,0,0,0,0,0,0,0,66
2025-09-27T17:56:29.474Z,59.5,21.1,1.914,49.6,0,60,0,0,0,0,0,0,0,0,66
2025-09-27T17:56:30.473Z,59.5,21.1,1.914,50.4,0,60,0,0,0,0,0,0,0,0,66
2025-09-27T17:56:31.478Z,59.5,21.1,1.913,49.6,0,60,0,0,0,0,0,0,0,0,66
2025-09-27T17:56:32.477Z,59.5,21.1,1.914,50.4,0,60,0,0,0,0,0,0,0,0,66
2025-09-27T17:56:33.479Z,59.5,21.1,1.914,50.4,0,60,0,0,0,0,0,0,0,0,66
2025-09-27T17:56:34.479Z,59.5,21.1,1.913,49.6,0,60,0,0,0,0,0,0,0,0,66
2025-09-27T17:56:35.479Z,59.5,21.1,1.915,50.4,0,60,0,0,0,0,0,0,0,0,66
2025-09-27T17:56:36.478Z,59.5,21.1,1.914,49.6,0,60,0,0,0,0,0,0,0,0,66
2025-09-27T17:56:37.481Z,59.5,21.1,1.913,50.4,0,60,0,0,0,0,0,0,0,0,66
2025-09-27T17:56:38.484Z,59.5,21.1,1.914,49.6,0,60,0,0,0,0,0,0,0,0,66
2025-09-27T17:56:39.485Z,59.5,21.1,1.914,50.4,0,60,0,0,0,0,0,0,0,0,66
2025-09-27T17:56:40.483Z,59.5,21.1,1.915,49.6,0,60,0,0,0,0,0,0,0,0,66
2025-09-27T17:56:41.487Z,59.5,21.1,1.914,50.4,0,60,0,0,0,0,0,0,0,0,66
2025-09-27T17:56:42.491Z,59.5,21.1,1.914,49.6,0,60,0,0,0,0,0,0,0,0,66
2025-09-27T17:56:43.493Z,59.5,21.1,1.914,50.4,0,60,0,0,0,0,0,0,0,0,66
2025-09-27T17:56:44.490Z,59.5,21.1,1.914,49.6,0,60,0,0,0,0,0,0,0,0,66
2025-09-27T17:56:45.492Z,59.5,21.1,1.914,49.6,0,60,0,0,0,0,0,0,0,0,66
2025-09-27T17:56:46.492Z,59.5,21.1,1.914,49.6,0,60,0,0,0,0,0,0,0,0,66
2025-09-27T17:56:47.492Z,59.5,21.1,1.914,49.6,0,60,0,0,0,0,0,0,0,0,66
2025-09-27T17:56:48.493Z,59.5,21.1,1.914,50.4,0,60,0,0,0,0,0,0,0,0,66
2025-09-27T17:56:49.493Z,59.5,21.1,1.914,50.4,0,60,0,0,0,0,0,0,0,0,66
2025-09-27T17:56:50.501Z,59.5,21.1,1.914,49.6,0,60,0,0,0,0,0,0,0,0,66
2025-09-27T17:56:51.491Z,59.4,21.1,1.915,50.4,0,60,0,0,0,0,0,0,0,0,66
2025-09-27T17:56:52.495Z,59.5,21.1,1.914,49.6,0,60,0,0,0,0,0,0,0,0,66
2025-09-27T17:56:53.496Z,59.4,21.1,1.914,50.4,0,60,0,0,0,0,0,0,0,0,66
2025-09-27T17:56:54.500Z,59.4,21.1,1.914,49.6,0,60,0,0,0,0,0,0,0,0,66
2025-09-27T17:56:55.501Z,59.4,21.1,1.914,50.4,0,60,0,0,0,0,0,0,0,0,66
2025-09-27T17:56:56.497Z,59.4,21.1,1.914,49.6,0,60,0,0,0,0,0,0,0,0,66
2025-09-27T17:56:57.498Z,59.4,21.1,1.914,50.4,0,60,0,0,0,0,0,0,0,0,66
2025-09-27T17:56:58.501Z,59.4,21.1,1.914,49.6,0,60,0,0,0,0,0,0,0,0,66
2025-09-27T17:56:59.499Z,59.4,21.1,1.914,50.4,0,60,0,0,0,0,0,0,0,0,66
2025-09-27T17:57:00.503Z,59.4,21.1,1.914,49.6,0,60,0,0,0,0,0,0,0,0,66
2025-09-27T17:57:01.506Z,59.4,21.1,1.914,50.4,0,60,0,0,0,0,0,0,0,0,66
2025-09-27T17:57:02.504Z,59.4,21.1,1.914,49.6,0,60,0,0,0,0,0,0,0,0,66
2025-09-27T17:57:03.505Z,59.4,21.1,1.914,49.6,0,60,0,0,0,0,0,0,0,0,66
2025-09-27T17:57:04.503Z,59.4,21.1,1.914,50.4,0,60,0,0,0,0,0,0,0,0,66
2025-09-27T17:57:05.509Z,59.4,21.1,1.914,49.6,0,60,0,0,0,0,0,0,0,0,66
2025-09-27T17:57:06.511Z,59.4,21.1,1.914,50.4,0,60,0,0,0,0,0,0,0,0,66
2025-09-27T17:57:07.510Z,59.4,21.1,1.914,49.6,0,60,0,0,0,0,0,0,0,0,66
2025-09-27T17:57:08.507Z,59.4,21.1,1.914,50.4,0,60,0,0,0,0,0,0,0,0,66
2025-09-27T17:57:09.507Z,59.4,21.1,1.914,49.6,0,60,0,0,0,0,0,0,0,0,66
2025-09-27T17:57:10.513Z,59.4,21.1,1.914,50.4,0,60,0,0,0,0,0,0,0,0,66
2025-09-27T17:57:11.513Z,59.4,21.1,1.914,49.6,0,60,0,0,0,0,0,0,0,0,66
2025-09-27T17:57:12.519Z,59.4,21.1,1.915,50.4,0,60,0,0,0,0,0,0,0,0,66
2025-09-27T17:57:13.517Z,59.4,21.1,1.914,49.6,0,60,0,0,0,0,0,0,0,0,66
2025-09-27T17:57:14.520Z,59.4,21.1,1.914,49.6,0,60,0,0,0,0,0,0,0,0,66
2025-09-27T17:57:15.517Z,59.4,21.1,1.914,50.4,0,60,0,0,0,0,0,0,0,0,66
2025-09-27T17:57:16.517Z,59.4,21.1,1.915,49.6,0,60,0,0,0,0,0,0,0,0,66
2025-09-27T17:57:17.515Z,59.4,21.1,1.914,50.4,0,60,0,0,0,0,0,0,0,0,66
2025-09-27T17:57:18.518Z,59.4,21.1,1.914,49.6,0,60,0,0,0,0,0,0,0,0,66
2025-09-27T17:57:19.522Z,59.4,21.1,1.914,50.4,0,60,0,0,0,0,0,0,0,0,66
2025-09-27T17:57:20.521Z,59.4,21.1,1.914,49.6,0,60,0,0,0,0,0,0,0,0,66
2025-09-27T17:57:21.522Z,59.4,21.1,1.914,50.4,0,60,0,0,0,0,0,0,0,0,66
2025-09-27T17:57:22.523Z,59.4,21.1,1.915,49.6,0,60,0,0,0,0,0,0,0,0,66
2025-09-27T17:57:23.522Z,59.4,21.1,1.914,49.6,0,60,0,0,0,0,0,0,0,0,66
2025-09-27T17:57:24.524Z,59.4,21.1,1.914,50.4,0,60,0,0,0,0,0,0,0,0,66
2025-09-27T17:57:25.527Z,59.4,21.1,1.915,49.6,0,60,0,0,0,0,0,0,0,0,66
2025-09-27T17:57:26.528Z,59.4,21.1,1.915,50.4,0,60,0,0,0,0,0,0,0,0,66
2025-09-27T17:57:27.527Z,59.4,21.1,1.914,50.4,0,60,0,0,0,0,0,0,0,0,66
2025-09-27T17:57:28.523Z,59.4,21.1,1.914,49.6,0,60,0,0,0,0,0,0,0,0,66
2025-09-27T17:57:29.527Z,59.4,21.1,1.914,50.4,0,60,0,0,0,0,0,0,0,0,66
2025-09-27T17:57:30.529Z,59.4,21.1,1.914,49.6,0,60,0,0,0,0,0,0,0,0,66
2025-09-27T17:57:31.530Z,59.4,21.1,1.914,49.6,0,60,0,0,0,0,0,0,0,0,66
2025-09-27T17:57:32.530Z,59.4,21.1,1.914,49.6,0,60,0,0,0,0,0,0,0,0,66
2025-09-27T17:57:33.531Z,59.4,21.1,1.914,50.4,0,60,0,0,0,0,0,0,0,0,66
2025-09-27T17:57:34.535Z,59.4,21.1,1.915,49.6,0,60,0,0,0,0,0,0,0,0,66
2025-09-27T17:57:35.533Z,59.4,21.1,1.914,50.4,0,60,0,0,0,0,0,0,0,0,66
2025-09-27T17:57:36.532Z,59.4,21.1,1.914,50.4,0,60,0,0,0,0,0,0,0,0,66
2025-09-27T17:57:37.536Z,59.4,21.1,1.915,49.6,0,60,0,0,0,0,0,0,0,0,66
2025-09-27T17:57:38.537Z,59.4,21.1,1.915,50.4,0,60,0,0,0,0,0,0,0,0,66
2025-09-27T17:57:39.540Z,59.4,21.1,1.915,49.6,0,60,0,0,0,0,0,0,0,0,66
2025-09-27T17:57:40.542Z,59.4,21.1,1.915,50.4,0,60,0,0,0,0,0,0,0,0,66
2025-09-27T17:57:41.541Z,59.4,21.1,1.915,49.6,0,60,0,0,0,0,0,0,0,0,66
2025-09-27T17:57:42.544Z,59.4,21.1,1.915,50.4,0,60,0,0,0,0,0,0,0,0,66
2025-09-27T17:57:43.538Z,59.4,21.1,1.914,49.6,0,60,0,0,0,0,0,0,0,0,66
2025-09-27T17:57:44.541Z,59.4,21.1,1.915,50.4,0,60,0,0,0,0,0,0,0,0,66
2025-09-27T17:57:45.545Z,59.4,21.1,1.915,49.6,0,60,0,0,0,0,0,0,0,0,66
2025-09-27T17:57:46.550Z,59.4,21.1,1.915,50.4,0,60,0,0,0,0,0,0,0,0,66
2025-09-27T17:57:47.547Z,59.4,21.1,1.915,49.6,0,60,0,0,0,0,0,0,0,0,66
2025-09-27T17:57:48.549Z,59.4,21.1,1.915,50.4,0,60,0,0,0,0,0,0,0,0,66
2025-09-27T17:57:49.549Z,59.4,21.1,1.915,49.6,0,60,0,0,0,0,0,0,0,0,66
2025-09-27T17:57:50.545Z,59.5,21.1,1.914,50.4,0,60,0,0,0,0,0,0,0,0,66
2025-09-27T17:57:51.546Z,59.5,21.1,1.915,49.6,0,60,0,0,0,0,0,0,0,0,66
2025-09-27T17:57:52.554Z,59.5,21.1,1.915,50.4,0,60,0,0,0,0,0,0,0,0,66
2025-09-27T17:57:53.546Z,59.5,21.1,1.915,49.6,0,60,0,0,0,0,0,0,0,0,66
2025-09-27T17:57:54.552Z,59.5,21.1,1.915,49.6,0,60,0,0,0,0,0,0,0,0,66
2025-09-27T17:57:55.551Z,59.4,21.1,1.915,49.6,0,60,0,0,0,0,0,0,0,0,66
2025-09-27T17:57:56.553Z,59.5,21.1,1.915,50.4,0,60,0,0,0,0,0,0,0,0,66
2025-09-27T17:57:57.551Z,59.5,21.1,1.915,49.6,0,60,0,0,0,0,0,0,0,0,66
2025-09-27T17:57:58.554Z,59.5,21.1,1.915,50.4,0,60,0,0,0,0,0,0,0,0,66
2025-09-27T17:57:59.551Z,59.5,21.1,1.915,49.6,0,60,0,0,0,0,0,0,0,0,66
2025-09-27T17:58:00.557Z,59.5,21.1,1.914,50.4,0,60,0,0,0,0,0,0,0,0,66
2025-09-27T17:58:01.555Z,59.5,21.1,1.914,50.4,0,60,0,0,0,0,0,0,0,0,66
2025-09-27T17:58:02.555Z,59.5,21.1,1.915,49.6,0,60,0,0,0,0,0,0,0,0,66
2025-09-27T17:58:03.554Z,59.5,21.1,1.915,50.4,0,60,0,0,0,0,0,0,0,0,66
2025-09-27T17:58:04.557Z,59.5,21.1,1.915,49.6,0,60,0,0,0,0,0,0,0,0,66
2025-09-27T17:58:05.555Z,59.5,21.1,1.913,50.4,0,60,0,0,0,0,0,0,0,0,66
2025-09-27T17:58:06.555Z,59.5,21.1,1.913,49.6,0,60,0,0,0,0,0,0,0,0,66
2025-09-27T17:58:07.557Z,59.5,21.1,1.915,50.4,0,60,0,0,0,0,0,0,0,0,66
2025-09-27T17:58:08.563Z,59.5,21.1,1.915,49.6,0,60,0,0,0,0,0,0,0,0,66
2025-09-27T17:58:09.555Z,59.5,21.1,1.913,50.4,0,60,0,0,0,0,0,0,0,0,66
2025-09-27T17:58:10.562Z,59.5,21.1,1.914,49.6,0,60,0,0,0,0,0,0,0,0,66
2025-09-27T17:58:11.566Z,59.5,21.1,1.914,49.6,0,60,0,0,0,0,0,0,0,0,66
2025-09-27T17:58:12.569Z,59.5,21.1,1.914,49.6,0,60,0,0,0,0,0,0,0,0,66
2025-09-27T17:58:13.562Z,59.5,21.1,1.914,50.4,0,60,0,0,0,0,0,0,0,0,66
2025-09-27T17:58:14.565Z,59.5,21.1,1.914,49.6,0,60,0,0,0,0,0,0,0,0,66
2025-09-27T17:58:15.567Z,59.5,21.1,1.915,50.4,0,60,0,0,0,0,0,0,0,0,66
2025-09-27T17:58:16.565Z,59.5,21.1,1.914,50.4,0,60,0,0,0,0,0,0,0,0,66
2025-09-27T17:58:17.566Z,59.5,21.1,1.914,49.6,0,60,0,0,0,0,0,0,0,0,66
2025-09-27T17:58:18.568Z,59.5,21.1,1.914,49.6,0,60,0,0,0,0,0,0,0,0,66
2025-09-27T17:58:19.573Z,59.5,21.1,1.914,49.6,0,60,0,0,0,0,0,0,0,0,66
2025-09-27T17:58:20.574Z,59.5,21.1,1.914,50.4,0,60,0,0,0,0,0,0,0,0,66
2025-09-27T17:58:21.570Z,59.5,21.1,1.914,49.6,0,60,0,0,0,0,0,0,0,0,66
2025-09-27T17:58:22.569Z,59.5,21.1,1.914,50.4,0,60,0,0,0,0,0,0,0,0,66
2025-09-27T17:58:23.576Z,59.5,21.1,1.913,49.6,0,60,0,0,0,0,0,0,0,0,66
2025-09-27T17:58:24.573Z,59.5,21.1,1.914,49.6,0,60,0,0,0,0,0,0,0,0,66
2025-09-27T17:58:25.573Z,59.5,21.1,1.915,50.4,0,60,0,0,0,0,0,0,0,0,66
2025-09-27T17:58:26.576Z,59.5,21.1,1.914,49.6,0,60,0,0,0,0,0,0,0,0,66
2025-09-27T17:58:27.581Z,59.5,21.1,1.913,50.4,0,60,0,0,0,0,0,0,0,0,66
2025-09-27T17:58:28.577Z,59.5,21.1,1.914,49.6,0,60,0,0,0,0,0,0,0,0,66
2025-09-27T17:58:29.577Z,59.5,21.1,1.914,49.6,0,60,0,0,0,0,0,0,0,0,66
2025-09-27T17:58:30.580Z,59.5,21.1,1.914,50.4,0,60,0,0,0,0,0,0,0,0,66
2025-09-27T17:58:31.578Z,59.5,21.1,1.914,49.6,0,60,0,0,0,0,0,0,0,0,66
2025-09-27T17:58:32.583Z,59.5,21.1,1.914,50.4,0,60,0,0,0,0,0,0,0,0,66
2025-09-27T17:58:33.581Z,59.5,21.1,1.914,49.6,0,60,0,0,0,0,0,0,0,0,66
2025-09-27T17:58:34.579Z,59.6,21.1,1.914,50.4,0,60,0,0,0,0,0,0,0,0,66
2025-09-27T17:58:35.583Z,59.5,21.1,1.914,50.4,0,60,0,0,0,0,0,0,0,0,66
2025-09-27T17:58:36.586Z,59.6,21.1,1.913,49.6,0,60,0,0,0,0,0,0,0,0,66
2025-09-27T17:58:37.582Z,59.6,21.1,1.914,50.4,0,60,0,0,0,0,0,0,0,0,66
2025-09-27T17:58:38.586Z,59.6,21.1,1.914,49.6,0,60,0,0,0,0,0,0,0,0,66
2025-09-27T17:58:39.588Z,59.6,21.1,1.913,50.4,0,60,0,0,0,0,0,0,0,0,66
2025-09-27T17:58:40.587Z,59.6,21.1,1.914,49.6,0,60,0,0,0,0,0,0,0,0,66
2025-09-27T17:58:41.588Z,59.6,21.1,1.914,49.6,0,60,0,0,0,0,0,0,0,0,66
2025-09-27T17:58:42.592Z,59.6,21.1,1.913,50.4,0,60,0,0,0,0,0,0,0,0,66
2025-09-27T17:58:43.592Z,59.6,21.1,1.913,49.6,0,60,0,0,0,0,0,0,0,0,66
2025-09-27T17:58:44.591Z,59.6,21.1,1.913,50.4,0,60,0,0,0,0,0,0,0,0,66
2025-09-27T17:58:45.591Z,59.6,21.1,1.913,49.6,0,60,0,0,0,0,0,0,0,0,66
2025-09-27T17:58:46.597Z,59.6,21.1,1.913,50.4,0,60,0,0,0,0,0,0,0,0,66
2025-09-27T17:58:47.594Z,59.6,21.1,1.913,50.4,0,60,0,0,0,0,0,0,0,0,66
2025-09-27T17:58:48.598Z,59.6,21.1,1.913,49.6,0,60,0,0,0,0,0,0,0,0,66
2025-09-27T17:58:49.600Z,59.6,21.1,1.913,50.4,0,60,0,0,0,0,0,0,0,0,66
2025-09-27T17:58:50.595Z,59.6,21.1,1.913,49.6,0,60,0,0,0,0,0,0,0,0,66
2025-09-27T17:58:51.598Z,59.6,21.1,1.913,50.4,0,60,0,0,0,0,0,0,0,0,66
2025-09-27T17:58:52.595Z,59.6,21.1,1.913,49.6,0,60,0,0,0,0,0,0,0,0,66
2025-09-27T17:58:53.598Z,59.6,21.1,1.913,49.6,0,60,0,0,0,0,0,0,0,0,66
2025-09-27T17:58:54.601Z,59.6,21.1,1.913,49.6,0,60,0,0,0,0,0,0,0,0,66
2025-09-27T17:58:55.601Z,59.6,21.1,1.913,50.4,0,60,0,0,0,0,0,0,0,0,66
2025-09-27T17:58:56.600Z,59.6,21.1,1.913,49.6,0,60,0,0,0,0,0,0,0,0,66
2025-09-27T17:58:57.604Z,59.6,21.1,1.913,50.4,0,60,0,0,0,0,0,0,0,0,66
2025-09-27T17:58:58.600Z,59.7,21.1,1.913,49.6,0,60,0,0,0,0,0,0,0,0,66
2025-09-27T17:58:59.601Z,59.7,21.1,1.913,50.4,0,60,0,0,0,0,0,0,0,0,66
2025-09-27T17:59:00.606Z,59.7,21.1,1.913,49.6,0,60,0,0,0,0,0,0,0,0,66
2025-09-27T17:59:01.609Z,59.7,21.1,1.913,49.6,0,60,0,0,0,0,0,0,0,0,66
2025-09-27T17:59:02.609Z,59.7,21.1,1.913,50.4,0,60,0,0,0,0,0,0,0,0,66
2025-09-27T17:59:03.610Z,59.7,21.1,1.914,49.6,0,60,0,0,0,0,0,0,0,0,66
2025-09-27T17:59:04.607Z,59.7,21.1,1.913,50.4,0,60,0,0,0,0,0,0,0,0,66
2025-09-27T17:59:05.611Z,59.7,21.1,1.913,50.4,0,60,0,0,0,0,0,0,0,0,66
2025-09-27T17:59:06.609Z,59.7,21.1,1.913,49.6,0,60,0,0,0,0,0,0,0,0,66
2025-09-27T17:59:07.614Z,59.7,21.1,1.912,50.4,0,60,0,0,0,0,0,0,0,0,66
2025-09-27T17:59:08.617Z,59.7,21.1,1.913,49.6,0,60,0,0,0,0,0,0,0,0,66
2025-09-27T17:59:09.616Z,59.7,21.1,1.914,50.4,0,60,0,0,0,0,0,0,0,0,66
2025-09-27T17:59:10.614Z,59.7,21.1,1.913,49.6,0,60,0,0,0,0,0,0,0,0,66
2025-09-27T17:59:11.618Z,59.7,21.1,1.913,50.4,0,60,0,0,0,0,0,0,0,0,66
2025-09-27T17:59:12.617Z,59.7,21.1,1.913,49.6,0,60,0,0,0,0,0,0,0,0,66
2025-09-27T17:59:13.619Z,59.7,21.1,1.913,50.4,0,60,0,0,0,0,0,0,0,0,66
2025-09-27T17:59:14.621Z,59.7,21.1,1.913,49.6,0,60,0,0,0,0,0,0,0,0,66
2025-09-27T17:59:15.621Z,59.7,21.1,1.913,49.6,0,60,0,0,0,0,0,0,0,0,66
2025-09-27T17:59:16.622Z,59.7,21.1,1.913,49.6,0,60,0,0,0,0,0,0,0,0,66
2025-09-27T17:59:17.624Z,59.7,21.1,1.913,50.4,0,60,0,0,0,0,0,0,0,0,66
2025-09-27T17:59:18.626Z,59.7,21.1,1.913,49.6,0,60,0,0,0,0,0,0,0,0,66
2025-09-27T17:59:19.627Z,59.7,21.1,1.913,50.4,0,60,0,0,0,0,0,0,0,0,66
2025-09-27T17:59:20.625Z,59.7,21.1,1.913,49.6,0,60,0,0,0,0,0,0,0,0,66
2025-09-27T17:59:21.622Z,59.7,21.1,1.912,50.4,0,60,0,0,0,0,0,0,0,0,66
2025-09-27T17:59:22.626Z,59.8,21.1,1.913,50.4,0,60,0,0,0,0,0,0,0,0,66
2025-09-27T17:59:23.631Z,59.8,21.1,1.912,49.6,0,60,0,0,0,0,0,0,0,0,66
2025-09-27T17:59:24.628Z,59.8,21.1,1.913,49.6,0,60,0,0,0,0,0,0,0,0,66
2025-09-27T17:59:25.627Z,59.8,21.1,1.912,49.6,0,60,0,0,0,0,0,0,0,0,66
2025-09-27T17:59:26.629Z,59.8,21.1,1.912,50.4,0,60,0,0,0,0,0,0,0,0,66
2025-09-27T17:59:27.633Z,59.8,21.1,1.912,49.6,0,60,0,0,0,0,0,0,0,0,66
2025-09-27T17:59:28.632Z,59.8,21.1,1.912,49.6,0,60,0,0,0,0,0,0,0,0,66
2025-09-27T17:59:29.634Z,59.8,21.1,1.912,50.4,0,60,0,0,0,0,0,0,0,0,66
2025-09-27T17:59:30.630Z,59.8,21.1,1.912,49.6,0,60,0,0,0,0,0,0,0,0,66
2025-09-27T17:59:31.629Z,59.8,21.1,1.912,50.4,0,60,0,0,0,0,0,0,0,0,66
2025-09-27T17:59:32.633Z,59.8,21.1,1.912,49.6,0,60,0,0,0,0,0,0,0,0,66
2025-09-27T17:59:33.633Z,59.8,21.1,1.912,49.6,0,60,0,0,0,0,0,0,0,0,66
2025-09-27T17:59:34.635Z,59.8,21.1,1.912,50.4,0,60,0,0,0,0,0,0,0,0,66
2025-09-27T17:59:35.640Z,59.8,21.1,1.912,50.4,0,60,0,0,0,0,0,0,0,0,66
2025-09-27T17:59:36.639Z,59.8,21.1,1.912,49.6,0,60,0,0,0,0,0,0,0,0,66
2025-09-27T17:59:37.641Z,59.8,21.1,1.912,50.4,0,60,0,0,0,0,0,0,0,0,66
2025-09-27T17:59:38.642Z,59.9,21.1,1.912,49.6,0,60,0,0,0,0,0,0,0,0,66
2025-09-27T17:59:39.637Z,59.9,21.1,1.912,50.4,0,60,0,0,0,0,0,0,0,0,66
2025-09-27T17:59:40.646Z,59.9,21.1,1.912,49.6,0,60,0,0,0,0,0,0,0,0,66
2025-09-27T17:59:41.639Z,59.9,21.1,1.912,50.4,0,60,0,0,0,0,0,0,0,0,66
2025-09-27T17:59:42.648Z,59.9,21.1,1.912,49.6,0,60,0,0,0,0,0,0,0,0,66
2025-09-27T17:59:43.647Z,59.9,21.1,1.912,50.4,0,60,0,0,0,0,0,0,0,0,66
2025-09-27T17:59:44.651Z,59.9,21.1,1.912,49.6,0,60,0,0,0,0,0,0,0,0,66
2025-09-27T17:59:45.647Z,59.9,21.1,1.912,49.6,0,60,0,0,0,0,0,0,0,0,66
2025-09-27T17:59:46.644Z,59.9,21.1,1.912,50.4,0,60,0,0,0,0,0,0,0,0,66
2025-09-27T17:59:47.649Z,59.9,21.1,1.912,49.6,0,60,0,0,0,0,0,0,0,0,66
2025-09-27T17:59:48.653Z,59.9,21.1,1.912,50.4,0,60,0,0,0,0,0,0,0,0,66
2025-09-27T17:59:49.651Z,59.9,21.1,1.912,50.4,0,60,0,0,0,0,0,0,0,0,66
2025-09-27T17:59:50.653Z,59.9,21.1,1.912,49.6,0,60,0,0,0,0,0,0,0,0,66
2025-09-27T17:59:51.652Z,59.9,21.1,1.912,50.4,0,60,0,0,0,0,0,0,0,0,66
2025-09-27T17:59:52.654Z,59.9,21.1,1.912,49.6,0,60,0,0,0,0,0,0,0,0,66
2025-09-27T17:59:53.650Z,59.9,21.1,1.912,50.4,0,60,0,0,0,0,0,0,0,0,66
2025-09-27T17:59:54.651Z,59.9,21.1,1.912,49.6,0,60,0,0,0,0,0,0,0,0,66
2025-09-27T17:59:55.655Z,59.9,21.1,1.912,50.4,0,60,0,0,0,0,0,0,0,0,66
2025-09-27T17:59:56.653Z,59.9,21.1,1.912,49.6,0,60,0,0,0,0,0,0,0,0,66
2025-09-27T17:59:57.659Z,59.9,21.1,1.912,49.6,0,60,0,0,0,0,0,0,0,0,66
2025-09-27T17:59:58.656Z,60,21.1,1.912,50.4,0,60,0,0,0,0,0,0,0,0,66
2025-09-27T17:59:59.661Z,60,21.1,1.912,49.6,0,60,0,0,0,0,0,0,0,0,66
2025-09-27T18:00:00.663Z,60,21.1,1.911,50.4,0,60,0,0,0,0,0,0,0,0,66
2025-09-27T18:00:01.662Z,60,21.1,1.911,49.6,0,60,0,0,0,0,0,0,0,0,66
2025-09-27T18:00:02.665Z,60,21.1,1.912,50.4,0,60,0,0,0,0,0,0,0,0,66
2025-09-27T18:00:03.664Z,60,21.1,1.912,49.6,0,60,0,0,0,0,0,0,0,0,66
2025-09-27T18:00:04.665Z,60,21.1,1.911,49.6,0,60,0,0,0,0,0,0,0,0,66
2025-09-27T18:00:05.665Z,60,21.1,1.911,50.4,0,60,0,0,0,0,0,0,0,0,66
2025-09-27T18:00:06.668Z,60,21.1,1.912,49.6,0,60,0,0,0,0,0,0,0,0,66
2025-09-27T18:00:07.668Z,60,21.1,1.912,49.6,0,60,0,0,0,0,0,0,0,0,66
2025-09-27T18:00:08.669Z,60,21.1,1.912,50.4,0,60,0,0,0,0,0,0,0,0,66
2025-09-27T18:00:09.670Z,60,21.1,1.912,49.6,0,60,0,0,0,0,0,0,0,0,66
2025-09-27T18:00:10.672Z,60,21.1,1.912,50.4,0,60,0,0,0,0,0,0,0,0,66
2025-09-27T18:00:11.672Z,60,21.1,1.912,49.6,0,60,0,0,0,0,0,0,0,0,66
2025-09-27T18:00:12.679Z,60,21.1,1.912,50.4,0,60,0,0,0,0,0,0,0,0,66
2025-09-27T18:00:13.672Z,60,21.1,1.912,49.6,0,60,0,0,0,0,0,0,0,0,66
2025-09-27T18:00:14.671Z,60.1,21.1,1.911,49.6,0,60,0,0,0,0,0,0,0,0,66
2025-09-27T18:00:15.671Z,60.1,21.1,1.91,50.4,0,60,0,0,0,0,0,0,0,0,66
2025-09-27T18:00:16.674Z,60.1,21.1,1.911,50.4,0,60,0,0,0,0,0,0,0,0,66
2025-09-27T18:00:17.674Z,60.1,21.1,1.911,49.6,0,60,0,0,0,0,0,0,0,0,66
2025-09-27T18:00:18.681Z,60.1,21.1,1.911,50.4,0,60,0,0,0,0,0,0,0,0,66
2025-09-27T18:00:19.679Z,60.1,21.1,1.911,49.6,0,60,0,0,0,0,0,0,0,0,66
2025-09-27T18:00:20.680Z,60.1,21.1,1.911,50.4,0,60,0,0,0,0,0,0,0,0,66
2025-09-27T18:00:21.679Z,60.1,21.1,1.911,49.6,0,60,0,0,0,0,0,0,0,0,66
2025-09-27T18:00:22.678Z,60.1,21.1,1.911,50.4,0,60,0,0,0,0,0,0,0,0,66
2025-09-27T18:00:23.678Z,60.1,21.1,1.911,49.6,0,60,0,0,0,0,0,0,0,0,66
2025-09-27T18:00:24.680Z,60.1,21.1,1.911,50.4,0,60,0,0,0,0,0,0,0,0,66
2025-09-27T18:00:25.682Z,60.1,21.1,1.911,49.6,0,60,0,0,0,0,0,0,0,0,66
2025-09-27T18:00:26.682Z,60.1,21.1,1.911,50.4,0,60,0,0,0,0,0,0,0,0,66
2025-09-27T18:00:27.685Z,60.1,21.1,1.911,49.6,0,60,0,0,0,0,0,0,0,0,66
2025-09-27T18:00:28.685Z,60.1,21.1,1.911,50.4,0,60,0,0,0,0,0,0,0,0,66
2025-09-27T18:00:29.681Z,60.1,21.1,1.911,49.6,0,60,0,0,0,0,0,0,0,0,66
2025-09-27T18:00:30.685Z,60.2,21.1,1.911,49.6,0,60,0,0,0,0,0,0,0,0,66
2025-09-27T18:00:31.688Z,60.2,21.1,1.911,50.4,0,60,0,0,0,0,0,0,0,0,66
2025-09-27T18:00:32.692Z,60.2,21.1,1.91,49.6,0,60,0,0,0,0,0,0,0,0,66
2025-09-27T18:00:33.692Z,60.2,21.1,1.91,50.4,0,60,0,0,0,0,0,0,0,0,66
2025-09-27T18:00:34.692Z,60.2,21.1,1.91,49.6,0,60,0,0,0,0,0,0,0,0,66
2025-09-27T18:00:35.690Z,60.2,21.1,1.911,49.6,0,60,0,0,0,0,0,0,0,0,66
2025-09-27T18:00:36.689Z,60.2,21.1,1.911,50.4,0,60,0,0,0,0,0,0,0,0,66
2025-09-27T18:00:37.690Z,60.2,21.1,1.911,49.6,0,60,0,0,0,0,0,0,0,0,66
2025-09-27T18:00:38.691Z,60.2,21.1,1.911,50.4,0,60,0,0,0,0,0,0,0,0,66
2025-09-27T18:00:39.694Z,60.2,21.1,1.911,49.6,0,60,0,0,0,0,0,0,0,0,66
2025-09-27T18:00:40.695Z,60.2,21.1,1.911,50.4,0,60,0,0,0,0,0,0,0,0,66
2025-09-27T18:00:41.696Z,60.2,21.1,1.911,50.4,0,60,0,0,0,0,0,0,0,0,66
2025-09-27T18:00:42.698Z,60.2,21.1,1.91,49.6,0,60,0,0,0,0,0,0,0,0,66
2025-09-27T18:00:43.697Z,60.2,21.1,1.911,50.4,0,60,0,0,0,0,0,0,0,0,66
2025-09-27T18:00:44.698Z,60.2,21.1,1.91,49.6,0,60,0,0,0,0,0,0,0,0,66
2025-09-27T18:00:45.702Z,60.3,21.1,1.91,50.4,0,60,0,0,0,0,0,0,0,0,66
2025-09-27T18:00:46.701Z,60.3,21.1,1.91,49.6,0,60,0,0,0,0,0,0,0,0,66
2025-09-27T18:00:47.702Z,60.3,21.1,1.91,50.4,0,60,0,0,0,0,0,0,0,0,66
2025-09-27T18:00:48.699Z,60.3,21.1,1.91,50.4,0,60,0,0,0,0,0,0,0,0,66
2025-09-27T18:00:49.714Z,60.3,21.1,1.911,49.6,0,60,0,0,0,0,0,0,0,0,66
2025-09-27T18:00:50.705Z,60.3,21.1,1.91,49.6,0,60,0,0,0,0,0,0,0,0,66
2025-09-27T18:00:51.699Z,60.3,21.1,1.91,50.4,0,60,0,0,0,0,0,0,0,0,66
2025-09-27T18:00:52.701Z,60.3,21.1,1.91,49.6,0,60,0,0,0,0,0,0,0,0,66
2025-09-27T18:00:53.706Z,60.3,21.1,1.91,49.6,0,60,0,0,0,0,0,0,0,0,66
2025-09-27T18:00:54.706Z,60.3,21.1,1.91,50.4,0,60,0,0,0,0,0,0,0,0,66
2025-09-27T18:00:55.705Z,60.3,21.1,1.91,49.6,0,60,0,0,0,0,0,0,0,0,66
2025-09-27T18:00:56.708Z,60.3,21.1,1.909,50.4,0,60,0,0,0,0,0,0,0,0,66
2025-09-27T18:00:57.706Z,60.3,21.1,1.909,49.6,0,60,0,0,0,0,0,0,0,0,66
2025-09-27T18:00:58.709Z,60.3,21.1,1.909,50.4,0,60,0,0,0,0,0,0,0,0,66
2025-09-27T18:00:59.709Z,60.4,21.1,1.909,49.6,0,60,0,0,0,0,0,0,0,0,66
2025-09-27T18:01:00.715Z,60.4,21.1,1.909,50.4,0,60,0,0,0,0,0,0,0,0,66
2025-09-27T18:01:01.710Z,60.4,21.1,1.909,50.4,0,60,0,0,0,0,0,0,0,0,66
2025-09-27T18:01:02.710Z,60.4,21.1,1.909,49.6,0,60,0,0,0,0,0,0,0,0,66
2025-09-27T18:01:03.715Z,60.4,21.1,1.909,49.6,0,60,0,0,0,0,0,0,0,0,66
2025-09-27T18:01:04.714Z,60.4,21.1,1.909,49.6,0,60,0,0,0,0,0,0,0,0,66
2025-09-27T18:01:05.718Z,60.4,21.1,1.909,50.4,0,60,0,0,0,0,0,0,0,0,66
2025-09-27T18:01:06.718Z,60.4,21.1,1.909,49.6,0,60,0,0,0,0,0,0,0,0,66
2025-09-27T18:01:07.718Z,60.4,21.1,1.909,50.4,0,60,0,0,0,0,0,0,0,0,66
2025-09-27T18:01:08.723Z,60.4,21.1,1.909,49.6,0,60,0,0,0,0,0,0,0,0,66
2025-09-27T18:01:09.721Z,60.4,21.1,1.909,49.6,0,60,0,0,0,0,0,0,0,0,66
2025-09-27T18:01:10.720Z,60.4,21.1,1.909,50.4,0,60,0,0,0,0,0,0,0,0,66
2025-09-27T18:01:11.724Z,60.4,21.1,1.909,49.6,0,60,0,0,0,0,0,0,0,0,66
2025-09-27T18:01:12.722Z,60.4,21.1,1.909,50.4,0,60,0,0,0,0,0,0,0,0,66
2025-09-27T18:01:13.726Z,60.4,21.1,1.909,50.4,0,60,0,0,0,0,0,0,0,0,66
2025-09-27T18:01:14.729Z,60.4,21.1,1.909,49.6,0,60,0,0,0,0,0,0,0,0,66
2025-09-27T18:01:15.724Z,60.5,21.1,1.909,50.4,0,60,0,0,0,0,0,0,0,0,66
2025-09-27T18:01:16.730Z,60.5,21.1,1.909,49.6,0,60,0,0,0,0,0,0,0,0,66
2025-09-27T18:01:17.728Z,60.5,21.1,1.909,50.4,0,60,0,0,0,0,0,0,0,0,66
2025-09-27T18:01:18.729Z,60.5,21.1,1.909,49.6,0,60,0,0,0,0,0,0,0,0,66
2025-09-27T18:01:19.731Z,60.5,21.1,1.909,50.4,0,60,0,0,0,0,0,0,0,0,66
2025-09-27T18:01:20.735Z,60.5,21.1,1.909,49.6,0,60,0,0,0,0,0,0,0,0,66
2025-09-27T18:01:21.732Z,60.5,21.1,1.909,50.4,0,60,0,0,0,0,0,0,0,0,66
2025-09-27T18:01:22.729Z,60.5,21.1,1.909,49.6,0,60,0,0,0,0,0,0,0,0,66
2025-09-27T18:01:23.730Z,60.5,21.1,1.909,50.4,0,60,0,0,0,0,0,0,0,0,66
2025-09-27T18:01:24.733Z,60.5,21.1,1.909,49.6,0,60,0,0,0,0,0,0,0,0,66
2025-09-27T18:01:25.736Z,60.5,21.1,1.909,50.4,0,60,0,0,0,0,0,0,0,0,66
2025-09-27T18:01:26.735Z,60.5,21.1,1.909,49.6,0,60,0,0,0,0,0,0,0,0,66
2025-09-27T18:01:27.739Z,60.5,21.1,1.909,50.4,0,60,0,0,0,0,0,0,0,0,66
2025-09-27T18:01:28.745Z,60.5,21.1,1.909,49.6,0,60,0,0,0,0,0,0,0,0,66
2025-09-27T18:01:29.748Z,60.5,21.1,1.909,50.4,0,60,0,0,0,0,0,0,0,0,66
2025-09-27T18:01:30.734Z,60.6,21.1,1.909,49.6,0,60,0,0,0,0,0,0,0,0,66
2025-09-27T18:01:31.742Z,60.6,21.1,1.909,50.4,0,60,0,0,0,0,0,0,0,0,66
2025-09-27T18:01:32.743Z,60.6,21.1,1.909,49.6,0,60,0,0,0,0,0,0,0,0,66
2025-09-27T18:01:33.740Z,60.6,21.1,1.909,50.4,0,60,0,0,0,0,0,0,0,0,66
2025-09-27T18:01:34.745Z,60.6,21.1,1.909,49.6,0,60,0,0,0,0,0,0,0,0,66
2025-09-27T18:01:35.745Z,60.6,21.1,1.909,50.4,0,60,0,0,0,0,0,0,0,0,66
2025-09-27T18:01:36.745Z,60.6,21.1,1.909,49.6,0,60,0,0,0,0,0,0,0,0,66
2025-09-27T18:01:37.747Z,60.6,21.1,1.909,50.4,0,60,0,0,0,0,0,0,0,0,66
2025-09-27T18:01:38.752Z,60.6,21.1,1.909,49.6,0,60,0,0,0,0,0,0,0,0,66
2025-09-27T18:01:39.749Z,60.6,21.1,1.909,49.6,0,60,0,0,0,0,0,0,0,0,66
2025-09-27T18:01:40.754Z,60.6,21.1,1.908,49.6,0,60,0,0,0,0,0,0,0,0,66
2025-09-27T18:01:41.752Z,60.6,21.1,1.908,50.4,0,60,0,0,0,0,0,0,0,0,66
2025-09-27T18:01:42.751Z,60.6,21.1,1.908,49.6,0,60,0,0,0,0,0,0,0,0,66
2025-09-27T18:01:43.750Z,60.6,21.1,1.909,50.4,0,60,0,0,0,0,0,0,0,0,66
2025-09-27T18:01:44.755Z,60.6,21.1,1.908,49.6,0,60,0,0,0,0,0,0,0,0,66
2025-09-27T18:01:45.755Z,60.6,21.1,1.908,50.4,0,60,0,0,0,0,0,0,0,0,66
2025-09-27T18:01:46.758Z,60.6,21.1,1.908,49.6,0,60,0,0,0,0,0,0,0,0,66
2025-09-27T18:01:47.759Z,60.6,21.1,1.908,49.6,0,60,0,0,0,0,0,0,0,0,66
2025-09-27T18:01:48.758Z,60.6,21.1,1.908,50.4,0,60,0,0,0,0,0,0,0,0,66
2025-09-27T18:01:49.762Z,60.7,21.1,1.908,49.6,0,60,0,0,0,0,0,0,0,0,66
2025-09-27T18:01:50.762Z,60.7,21.1,1.908,50.4,0,60,0,0,0,0,0,0,0,0,66
2025-09-27T18:01:51.759Z,60.7,21.1,1.908,49.6,0,60,0,0,0,0,0,0,0,0,66
2025-09-27T18:01:52.761Z,60.7,21.1,1.906,50.4,0,60,0,0,0,0,0,0,0,0,66
2025-09-27T18:01:53.763Z,60.7,21.1,1.906,49.6,0,60,0,0,0,0,0,0,0,0,66
2025-09-27T18:01:54.763Z,60.7,21.1,1.906,49.6,0,60,0,0,0,0,0,0,0,0,66
2025-09-27T18:01:55.760Z,60.7,21.1,1.906,50.4,0,60,0,0,0,0,0,0,0,0,66
2025-09-27T18:01:56.758Z,60.7,21.1,1.906,50.4,0,60,0,0,0,0,0,0,0,0,66
2025-09-27T18:01:57.762Z,60.7,21.1,1.906,49.6,0,60,0,0,0,0,0,0,0,0,66
2025-09-27T18:01:58.770Z,60.7,21.1,1.907,49.6,0,60,0,0,0,0,0,0,0,0,66
2025-09-27T18:01:59.770Z,60.7,21.1,1.907,49.6,0,60,0,0,0,0,0,0,0,0,66
2025-09-27T18:02:00.763Z,60.7,21.1,1.906,49.6,0,60,0,0,0,0,0,0,0,0,66
2025-09-27T18:02:01.766Z,60.7,21.1,1.906,50.4,0,60,0,0,0,0,0,0,0,0,66
2025-09-27T18:02:02.771Z,60.7,21.1,1.907,49.6,0,60,0,0,0,0,0,0,0,0,66
2025-09-27T18:02:03.765Z,60.7,21.1,1.906,50.4,0,60,0,0,0,0,0,0,0,0,66
2025-09-27T18:02:04.774Z,60.7,21.1,1.907,50.4,0,60,0,0,0,0,0,0,0,0,66
2025-09-27T18:02:05.767Z,60.7,21.1,1.906,49.6,0,60,0,0,0,0,0,0,0,0,66
2025-09-27T18:02:06.769Z,60.7,21.1,1.906,49.6,0,60,0,0,0,0,0,0,0,0,66
2025-09-27T18:02:07.776Z,60.7,21.1,1.907,49.6,0,60,0,0,0,0,0,0,0,0,66
2025-09-27T18:02:08.775Z,60.7,21.1,1.907,50.4,0,60,0,0,0,0,0,0,0,0,66
2025-09-27T18:02:09.778Z,60.7,21.1,1.907,50.4,0,60,0,0,0,0,0,0,0,0,66
2025-09-27T18:02:10.775Z,60.7,21.1,1.906,49.6,0,60,0,0,0,0,0,0,0,0,66
2025-09-27T18:02:11.781Z,60.7,21.1,1.907,50.4,0,60,0,0,0,0,0,0,0,0,66
2025-09-27T18:02:12.781Z,60.8,21.1,1.907,49.6,0,60,0,0,0,0,0,0,0,0,66
2025-09-27T18:02:13.783Z,60.8,21.1,1.907,50.4,0,60,0,0,0,0,0,0,0,0,66
2025-09-27T18:02:14.779Z,60.8,21.1,1.907,49.6,0,60,0,0,0,0,0,0,0,0,66
2025-09-27T18:02:15.782Z,60.8,21.1,1.907,50.4,0,60,0,0,0,0,0,0,0,0,66
2025-09-27T18:02:16.784Z,60.8,21.1,1.907,49.6,0,60,0,0,0,0,0,0,0,0,66
2025-09-27T18:02:17.786Z,60.8,21.1,1.907,49.6,0,60,0,0,0,0,0,0,0,0,66
2025-09-27T18:02:18.783Z,60.8,21.1,1.907,50.4,0,60,0,0,0,0,0,0,0,0,66
2025-09-27T18:02:19.785Z,60.8,21.1,1.907,49.6,0,60,0,0,0,0,0,0,0,0,66
2025-09-27T18:02:20.789Z,60.8,21.1,1.907,49.6,0,60,0,0,0,0,0,0,0,0,66
2025-09-27T18:02:21.791Z,60.8,21.1,1.907,50.4,0,60,0,0,0,0,0,0,0,0,66
2025-09-27T18:02:22.785Z,60.8,21.1,1.907,49.6,0,60,0,0,0,0,0,0,0,0,66
2025-09-27T18:02:23.788Z,60.8,21.1,1.907,49.6,0,60,0,0,0,0,0,0,0,0,66
2025-09-27T18:02:24.786Z,60.8,21.1,1.907,50.4,0,60,0,0,0,0,0,0,0,0,66
2025-09-27T18:02:25.791Z,60.8,21.1,1.907,49.6,0,60,0,0,0,0,0,0,0,0,66
2025-09-27T18:02:26.793Z,60.8,21.1,1.907,49.6,0,60,0,0,0,0,0,0,0,0,66
2025-09-27T18:02:27.792Z,60.8,21.1,1.907,50.4,0,60,0,0,0,0,0,0,0,0,66
2025-09-27T18:02:28.795Z,60.8,21.1,1.907,49.6,0,60,0,0,0,0,0,0,0,0,66
2025-09-27T18:02:29.795Z,60.8,21.1,1.907,49.6,0,60,0,0,0,0,0,0,0,0,66
2025-09-27T18:02:30.799Z,60.8,21.1,1.906,50.4,0,60,0,0,0,0,0,0,0,0,66
2025-09-27T18:02:31.800Z,60.8,21.1,1.906,50.4,0,60,0,0,0,0,0,0,0,0,66
2025-09-27T18:02:32.797Z,60.8,21.1,1.907,49.6,0,60,0,0,0,0,0,0,0,0,66
2025-09-27T18:02:33.797Z,60.8,21.1,1.907,50.4,0,60,0,0,0,0,0,0,0,0,66
2025-09-27T18:02:34.803Z,60.8,21.1,1.906,49.6,0,60,0,0,0,0,0,0,0,0,66
2025-09-27T18:02:35.802Z,60.8,21.1,1.906,49.6,0,60,0,0,0,0,0,0,0,0,66
2025-09-27T18:02:36.803Z,60.9,21.1,1.906,50.4,0,60,0,0,0,0,0,0,0,0,66
2025-09-27T18:02:37.804Z,60.9,21.1,1.906,50.4,0,60,0,0,0,0,0,0,0,0,66
2025-09-27T18:02:38.803Z,60.9,21.1,1.906,49.6,0,60,0,0,0,0,0,0,0,0,66
2025-09-27T18:02:39.808Z,60.9,21.1,1.906,50.4,0,60,0,0,0,0,0,0,0,0,66
2025-09-27T18:02:40.804Z,60.9,21.1,1.906,50.4,0,60,0,0,0,0,0,0,0,0,66
2025-09-27T18:02:41.809Z,60.9,21.1,1.906,49.6,0,60,0,0,0,0,0,0,0,0,66
2025-09-27T18:02:42.810Z,60.9,21.1,1.906,50.4,0,60,0,0,0,0,0,0,0,0,66
2025-09-27T18:02:43.810Z,60.9,21.1,1.906,49.6,0,60,0,0,0,0,0,0,0,0,66
2025-09-27T18:02:44.810Z,60.9,21.1,1.906,50.4,0,60,0,0,0,0,0,0,0,0,66
2025-09-27T18:02:45.812Z,60.9,21.1,1.906,50.4,0,60,0,0,0,0,0,0,0,0,66
2025-09-27T18:02:46.813Z,60.9,21.1,1.906,49.6,0,60,0,0,0,0,0,0,0,0,66
2025-09-27T18:02:47.810Z,60.9,21.1,1.906,50.4,0,60,0,0,0,0,0,0,0,0,66
2025-09-27T18:02:48.818Z,60.9,21.1,1.906,49.6,0,60,0,0,0,0,0,0,0,0,66
2025-09-27T18:02:49.820Z,60.9,21.1,1.906,50.4,0,60,0,0,0,0,0,0,0,0,66
2025-09-27T18:02:50.812Z,60.9,21.1,1.906,49.6,0,60,0,0,0,0,0,0,0,0,66
2025-09-27T18:02:51.811Z,60.9,21.1,1.906,50.4,0,60,0,0,0,0,0,0,0,0,66
2025-09-27T18:02:52.812Z,60.9,21.1,1.906,49.6,0,60,0,0,0,0,0,0,0,0,66
2025-09-27T18:02:53.812Z,60.9,21.1,1.906,50.4,0,60,0,0,0,0,0,0,0,0,66
2025-09-27T18:02:54.820Z,60.9,21.1,1.906,49.6,0,60,0,0,0,0,0,0,0,0,66
2025-09-27T18:02:55.815Z,60.9,21.1,1.906,49.6,0,60,0,0,0,0,0,0,0,0,66
2025-09-27T18:02:56.815Z,60.9,21.1,1.906,50.4,0,60,0,0,0,0,0,0,0,0,66
2025-09-27T18:02:57.818Z,60.9,21.1,1.906,49.6,0,60,0,0,0,0,0,0,0,0,66
2025-09-27T18:02:58.823Z,60.9,21.1,1.906,49.6,0,60,0,0,0,0,0,0,0,0,66
2025-09-27T18:02:59.825Z,60.9,21.1,1.906,50.4,0,60,0,0,0,0,0,0,0,0,66
2025-09-27T18:03:00.820Z,60.9,21.1,1.906,49.6,0,60,0,0,0,0,0,0,0,0,66
2025-09-27T18:03:01.825Z,60.9,21.1,1.906,50.4,0,60,0,0,0,0,0,0,0,0,66
2025-09-27T18:03:02.821Z,60.9,21.1,1.906,49.6,0,60,0,0,0,0,0,0,0,0,66
2025-09-27T18:03:03.826Z,60.9,21.1,1.906,49.6,0,60,0,0,0,0,0,0,0,0,66
2025-09-27T18:03:04.831Z,60.9,21.1,1.906,50.4,0,60,0,0,0,0,0,0,0,0,66
2025-09-27T18:03:05.823Z,60.9,21.1,1.906,49.6,0,60,0,0,0,0,0,0,0,0,66
2025-09-27T18:03:06.829Z,60.9,21.1,1.906,50.4,0,60,0,0,0,0,0,0,0,0,66
2025-09-27T18:03:07.824Z,60.9,21.1,1.906,50.4,0,60,0,0,0,0,0,0,0,0,66
2025-09-27T18:03:08.829Z,60.9,21.1,1.906,49.6,0,60,0,0,0,0,0,0,0,0,66
2025-09-27T18:03:09.829Z,60.9,21.1,1.906,50.4,0,60,0,0,0,0,0,0,0,0,66
2025-09-27T18:03:10.831Z,60.9,21.1,1.906,49.6,0,60,0,0,0,0,0,0,0,0,66
2025-09-27T18:03:11.831Z,60.9,21.1,1.906,50.4,0,60,0,0,0,0,0,0,0,0,66
2025-09-27T18:03:12.831Z,60.9,21.1,1.906,49.6,0,60,0,0,0,0,0,0,0,0,66
2025-09-27T18:03:13.835Z,60.9,21.1,1.906,50.4,0,60,0,0,0,0,0,0,0,0,66
2025-09-27T18:03:14.836Z,60.9,21.1,1.906,50.4,0,60,0,0,0,0,0,0,0,0,66
2025-09-27T18:03:15.835Z,60.9,21.1,1.906,49.6,0,60,0,0,0,0,0,0,0,0,66
2025-09-27T18:03:16.836Z,60.9,21.1,1.906,49.6,0,60,0,0,0,0,0,0,0,0,66
2025-09-27T18:03:17.844Z,60.9,21.1,1.906,49.6,0,60,0,0,0,0,0,0,0,0,66
2025-09-27T18:03:18.835Z,60.9,21.1,1.906,50.4,0,60,0,0,0,0,0,0,0,0,66
2025-09-27T18:03:19.838Z,60.9,21.1,1.906,50.4,0,60,0,0,0,0,0,0,0,0,66
2025-09-27T18:03:20.836Z,60.9,21.1,1.906,49.6,0,60,0,0,0,0,0,0,0,0,66
2025-09-27T18:03:21.846Z,60.9,21.1,1.906,50.4,0,60,0,0,0,0,0,0,0,0,66
2025-09-27T18:03:22.840Z,60.9,21.1,1.906,49.6,0,60,0,0,0,0,0,0,0,0,66
2025-09-27T18:03:23.846Z,60.9,21.1,1.906,50.4,0,60,0,0,0,0,0,0,0,0,66
2025-09-27T18:03:24.844Z,60.9,21.1,1.906,49.6,0,60,0,0,0,0,0,0,0,0,66
2025-09-27T18:03:25.839Z,60.9,21.1,1.906,50.4,0,60,0,0,0,0,0,0,0,0,66
2025-09-27T18:03:26.852Z,60.9,21.1,1.906,49.6,0,60,0,0,0,0,0,0,0,0,66
2025-09-27T18:03:27.843Z,60.9,21.1,1.906,50.4,0,60,0,0,0,0,0,0,0,0,66
2025-09-27T18:03:28.846Z,60.9,21.1,1.906,49.6,0,60,0,0,0,0,0,0,0,0,66
2025-09-27T18:03:29.853Z,60.9,21.1,1.906,49.6,0,60,0,0,0,0,0,0,0,0,66
2025-09-27T18:03:30.847Z,60.9,21.1,1.906,50.4,0,60,0,0,0,0,0,0,0,0,66
2025-09-27T18:03:31.850Z,60.9,21.1,1.906,49.6,0,60,0,0,0,0,0,0,0,0,66
2025-09-27T18:03:32.848Z,60.9,21.1,1.906,50.4,0,60,0,0,0,0,0,0,0,0,66
2025-09-27T18:03:33.856Z,60.9,21.1,1.906,49.6,0,60,0,0,0,0,0,0,0,0,66
2025-09-27T18:03:34.852Z,60.9,21.1,1.906,50.4,0,60,0,0,0,0,0,0,0,0,66
2025-09-27T18:03:35.852Z,60.9,21.1,1.906,49.6,0,60,0,0,0,0,0,0,0,0,66
2025-09-27T18:03:36.855Z,60.9,21.1,1.906,49.6,0,60,0,0,0,0,0,0,0,0,66
2025-09-27T18:03:37.853Z,60.9,21.1,1.906,50.4,0,60,0,0,0,0,0,0,0,0,66
2025-09-27T18:03:38.856Z,60.9,21.1,1.906,49.6,0,60,0,0,0,0,0,0,0,0,66
2025-09-27T18:03:39.856Z,60.9,21.1,1.906,50.4,0,60,0,0,0,0,0,0,0,0,66
2025-09-27T18:03:40.855Z,60.9,21.1,1.906,50.4,0,60,0,0,0,0,0,0,0,0,66
2025-09-27T18:03:41.859Z,60.9,21.1,1.906,49.6,0,60,0,0,0,0,0,0,0,0,66
2025-09-27T18:03:42.858Z,60.9,21.1,1.906,49.6,0,60,0,0,0,0,0,0,0,0,66
2025-09-27T18:03:43.865Z,60.9,21.1,1.906,49.6,0,60,0,0,0,0,0,0,0,0,66
2025-09-27T18:03:44.860Z,60.9,21.1,1.906,50.4,0,60,0,0,0,0,0,0,0,0,66
2025-09-27T18:03:45.863Z,60.9,21.1,1.906,49.6,0,60,0,0,0,0,0,0,0,0,66
2025-09-27T18:03:46.864Z,60.9,21.1,1.906,49.6,0,60,0,0,0,0,0,0,0,0,66
2025-09-27T18:03:47.864Z,60.9,21.1,1.906,50.4,0,60,0,0,0,0,0,0,0,0,66
2025-09-27T18:03:48.866Z,60.9,21.1,1.906,49.6,0,60,0,0,0,0,0,0,0,0,66
2025-09-27T18:03:49.866Z,60.9,21.1,1.906,50.4,0,60,0,0,0,0,0,0,0,0,66
2025-09-27T18:03:50.869Z,60.9,21.1,1.906,50.4,0,60,0,0,0,0,0,0,0,0,66
2025-09-27T18:03:51.870Z,60.9,21.1,1.906,49.6,0,60,0,0,0,0,0,0,0,0,66
2025-09-27T18:03:52.871Z,60.9,21.1,1.906,50.4,0,60,0,0,0,0,0,0,0,0,66
2025-09-27T18:03:53.872Z,60.9,21.1,1.906,49.6,0,60,0,0,0,0,0,0,0,0,66
2025-09-27T18:03:54.869Z,60.9,21.1,1.906,50.4,0,60,0,0,0,0,0,0,0,0,66
2025-09-27T18:03:55.869Z,60.9,21.1,1.906,49.6,0,60,0,0,0,0,0,0,0,0,66
2025-09-27T18:03:56.873Z,60.9,21.1,1.906,50.4,0,60,0,0,0,0,0,0,0,0,66
2025-09-27T18:03:57.875Z,60.9,21.1,1.906,49.6,0,60,0,0,0,0,0,0,0,0,66
2025-09-27T18:03:58.875Z,60.9,21.1,1.906,49.6,0,60,0,0,0,0,0,0,0,0,66
2025-09-27T18:03:59.876Z,60.9,21.1,1.907,50.4,0,60,0,0,0,0,0,0,0,0,66
2025-09-27T18:04:00.880Z,60.9,21.1,1.906,49.6,0,60,0,0,0,0,0,0,0,0,66
2025-09-27T18:04:01.883Z,60.9,21.1,1.907,50.4,0,60,0,0,0,0,0,0,0,0,66
2025-09-27T18:04:02.879Z,60.9,21.1,1.907,50.4,0,60,0,0,0,0,0,0,0,0,66
2025-09-27T18:04:03.875Z,60.9,21.1,1.906,49.6,0,60,0,0,0,0,0,0,0,0,66
2025-09-27T18:04:04.884Z,60.9,21.1,1.906,50.4,0,60,0,0,0,0,0,0,0,0,66
2025-09-27T18:04:05.883Z,60.9,21.1,1.907,49.6,0,60,0,0,0,0,0,0,0,0,66
2025-09-27T18:04:06.882Z,60.9,21.1,1.907,50.4,0,60,0,0,0,0,0,0,0,0,66
2025-09-27T18:04:07.881Z,60.9,21.1,1.907,49.6,0,60,0,0,0,0,0,0,0,0,66
2025-09-27T18:04:08.886Z,60.9,21.1,1.907,50.4,0,60,0,0,0,0,0,0,0,0,66
2025-09-27T18:04:09.885Z,60.9,21.1,1.907,49.6,0,60,0,0,0,0,0,0,0,0,66
2025-09-27T18:04:10.885Z,60.9,21.1,1.907,50.4,0,60,0,0,0,0,0,0,0,0,66
2025-09-27T18:04:11.887Z,60.9,21.1,1.907,49.6,0,60,0,0,0,0,0,0,0,0,66
2025-09-27T18:04:12.887Z,60.9,21.1,1.907,50.4,0,60,0,0,0,0,0,0,0,0,66
2025-09-27T18:04:13.891Z,60.9,21.1,1.907,49.6,0,60,0,0,0,0,0,0,0,0,66
2025-09-27T18:04:14.889Z,60.9,21.1,1.907,50.4,0,60,0,0,0,0,0,0,0,0,66
2025-09-27T18:04:15.893Z,60.9,21.1,1.907,49.6,0,60,0,0,0,0,0,0,0,0,66
2025-09-27T18:04:16.890Z,60.9,21.1,1.907,50.4,0,60,0,0,0,0,0,0,0,0,66
2025-09-27T18:04:17.896Z,60.9,21.1,1.907,49.6,0,60,0,0,0,0,0,0,0,0,66
2025-09-27T18:04:18.893Z,60.9,21.1,1.907,50.4,0,60,0,0,0,0,0,0,0,0,66
2025-09-27T18:04:19.896Z,60.8,21.1,1.907,49.6,0,60,0,0,0,0,0,0,0,0,66
2025-09-27T18:04:20.898Z,60.9,21.1,1.907,50.4,0,60,0,0,0,0,0,0,0,0,66
2025-09-27T18:04:21.899Z,60.8,21.1,1.906,49.6,0,60,0,0,0,0,0,0,0,0,66
2025-09-27T18:04:22.894Z,60.8,21.1,1.907,50.4,0,60,0,0,0,0,0,0,0,0,66
2025-09-27T18:04:23.897Z,60.8,21.1,1.907,49.6,0,60,0,0,0,0,0,0,0,0,66
2025-09-27T18:04:24.901Z,60.8,21.1,1.906,50.4,0,60,0,0,0,0,0,0,0,0,66
2025-09-27T18:04:25.899Z,60.8,21.1,1.906,49.6,0,60,0,0,0,0,0,0,0,0,66
2025-09-27T18:04:26.898Z,60.8,21.1,1.906,49.6,0,60,0,0,0,0,0,0,0,0,66
2025-09-27T18:04:27.899Z,60.8,21.1,1.907,50.4,0,60,0,0,0,0,0,0,0,0,66
2025-09-27T18:04:28.902Z,60.8,21.1,1.906,49.6,0,60,0,0,0,0,0,0,0,0,66
2025-09-27T18:04:29.900Z,60.8,21.1,1.906,49.6,0,60,0,0,0,0,0,0,0,0,66
2025-09-27T18:04:30.901Z,60.8,21.1,1.906,50.4,0,60,0,0,0,0,0,0,0,0,66
2025-09-27T18:04:31.905Z,60.8,21.1,1.906,49.6,0,60,0,0,0,0,0,0,0,0,66
2025-09-27T18:04:32.905Z,60.8,21.1,1.906,50.4,0,60,0,0,0,0,0,0,0,0,66
2025-09-27T18:04:33.907Z,60.8,21.1,1.906,49.6,0,60,0,0,0,0,0,0,0,0,66
2025-09-27T18:04:34.913Z,60.8,21.1,1.907,50.4,0,60,0,0,0,0,0,0,0,0,66
2025-09-27T18:04:35.910Z,60.8,21.1,1.906,49.6,0,60,0,0,0,0,0,0,0,0,66
2025-09-27T18:04:36.914Z,60.8,21.1,1.906,50.4,0,60,0,0,0,0,0,0,0,0,66
2025-09-27T18:04:37.912Z,60.8,21.1,1.906,49.6,0,60,0,0,0,0,0,0,0,0,66
2025-09-27T18:04:38.917Z,60.8,21.1,1.907,50.4,0,60,0,0,0,0,0,0,0,0,66
2025-09-27T18:04:39.912Z,60.8,21.1,1.906,49.6,0,60,0,0,0,0,0,0,0,0,66
2025-09-27T18:04:40.915Z,60.8,21.1,1.906,50.4,0,60,0,0,0,0,0,0,0,0,66
2025-09-27T18:04:41.914Z,60.8,21.1,1.906,49.6,0,60,0,0,0,0,0,0,0,0,66
2025-09-27T18:04:42.922Z,60.8,21.1,1.907,50.4,0,60,0,0,0,0,0,0,0,0,66
2025-09-27T18:04:43.917Z,60.8,21.1,1.906,49.6,0,60,0,0,0,0,0,0,0,0,66
2025-09-27T18:04:44.918Z,60.7,21.1,1.906,50.4,0,60,0,0,0,0,0,0,0,0,66
2025-09-27T18:04:45.918Z,60.7,21.1,1.906,49.6,0,60,0,0,0,0,0,0,0,0,66
2025-09-27T18:04:46.922Z,60.7,21.1,1.907,50.4,0,60,0,0,0,0,0,0,0,0,66
2025-09-27T18:04:47.918Z,60.7,21.1,1.906,49.6,0,60,0,0,0,0,0,0,0,0,66
2025-09-27T18:04:48.921Z,60.7,21.1,1.906,50.4,0,60,0,0,0,0,0,0,0,0,66
2025-09-27T18:04:49.928Z,60.7,21.1,1.907,49.6,0,60,0,0,0,0,0,0,0,0,66
2025-09-27T18:04:50.924Z,60.7,21.1,1.907,50.4,0,60,0,0,0,0,0,0,0,0,66
2025-09-27T18:04:51.922Z,60.7,21.1,1.907,49.6,0,60,0,0,0,0,0,0,0,0,66
2025-09-27T18:04:52.923Z,60.7,21.1,1.907,50.4,0,60,0,0,0,0,0,0,0,0,66
2025-09-27T18:04:53.926Z,60.7,21.1,1.907,49.6,0,60,0,0,0,0,0,0,0,0,66
2025-09-27T18:04:54.928Z,60.7,21.1,1.907,50.4,0,60,0,0,0,0,0,0,0,0,66
2025-09-27T18:04:55.933Z,60.7,21.1,1.907,49.6,0,60,0,0,0,0,0,0,0,0,66
2025-09-27T18:04:56.927Z,60.7,21.1,1.907,50.4,0,60,0,0,0,0,0,0,0,0,66
2025-09-27T18:04:57.929Z,60.7,21.1,1.907,49.6,0,60,0,0,0,0,0,0,0,0,66
2025-09-27T18:04:58.927Z,60.7,21.1,1.909,50.4,0,60,0,0,0,0,0,0,0,0,66
2025-09-27T18:04:59.931Z,60.7,21.1,1.909,49.6,0,60,0,0,0,0,0,0,0,0,66
2025-09-27T18:05:00.932Z,60.7,21.1,1.909,50.4,0,60,0,0,0,0,0,0,0,0,66
2025-09-27T18:05:01.931Z,60.7,21.1,1.907,49.6,0,60,0,0,0,0,0,0,0,0,66
2025-09-27T18:05:02.935Z,60.7,21.1,1.909,50.4,0,60,0,0,0,0,0,0,0,0,66
2025-09-27T18:05:03.935Z,60.7,21.1,1.909,49.6,0,60,0,0,0,0,0,0,0,0,66
2025-09-27T18:05:04.936Z,60.7,21.1,1.907,49.6,0,60,0,0,0,0,0,0,0,0,66
2025-09-27T18:05:05.934Z,60.7,21.1,1.909,49.6,0,60,0,0,0,0,0,0,0,0,66
2025-09-27T18:05:06.936Z,60.7,21.1,1.909,50.4,0,60,0,0,0,0,0,0,0,0,66
2025-09-27T18:05:07.937Z,60.6,21.1,1.909,49.6,0,60,0,0,0,0,0,0,0,0,66
2025-09-27T18:05:08.935Z,60.7,21.1,1.909,49.6,0,60,0,0,0,0,0,0,0,0,66
2025-09-27T18:05:09.938Z,60.6,21.1,1.909,49.6,0,60,0,0,0,0,0,0,0,0,66
2025-09-27T18:05:10.939Z,60.6,21.1,1.909,50.4,0,60,0,0,0,0,0,0,0,0,66
2025-09-27T18:05:11.939Z,60.6,21.1,1.909,49.6,0,60,0,0,0,0,0,0,0,0,66
2025-09-27T18:05:12.941Z,60.6,21.1,1.909,49.6,0,60.1,0,0,0,0,0,0,0,0,66
2025-09-27T18:05:13.943Z,60.6,21.1,1.909,50.4,0,60,0,0,0,0,0,0,0,0,66
2025-09-27T18:05:14.944Z,60.6,21.1,1.909,49.6,0,60,0,0,0,0,0,0,0,0,66
2025-09-27T18:05:15.948Z,60.6,21.1,1.909,50.4,0,60,0,0,0,0,0,0,0,0,66
2025-09-27T18:05:16.946Z,60.6,21.1,1.909,49.6,0,60,0,0,0,0,0,0,0,0,66
2025-09-27T18:05:17.952Z,60.6,21.1,1.908,49.6,0,60,0,0,0,0,0,0,0,0,66
2025-09-27T18:05:18.949Z,60.6,21.1,1.909,50.4,0,60,0,0,0,0,0,0,0,0,66
2025-09-27T18:05:19.965Z,60.6,21.1,1.909,49.6,0,60,0,0,0,0,0,0,0,0,66
2025-09-27T18:05:20.949Z,60.6,21.1,1.909,49.6,0,60,0,0,0,0,0,0,0,0,66
2025-09-27T18:05:21.948Z,60.6,21.1,1.909,50.4,0,60,0,0,0,0,0,0,0,0,66
2025-09-27T18:05:22.949Z,60.6,21.1,1.909,49.6,0,60,0,0,0,0,0,0,0,0,66
2025-09-27T18:05:23.953Z,60.6,21.1,1.909,49.6,0,60,0,0,0,0,0,0,0,0,66
2025-09-27T18:05:24.950Z,60.6,21.1,1.909,50.4,0,60,0,0,0,0,0,0,0,0,66
2025-09-27T18:05:25.954Z,60.6,21.1,1.909,49.6,0,60.1,0,0,0,0,0,0,0,0,66
2025-09-27T18:05:26.955Z,60.6,21.1,1.909,49.6,0,60,0,0,0,0,0,0,0,0,66
2025-09-27T18:05:27.953Z,60.6,21.1,1.909,50.4,0,60.1,0,0,0,0,0,0,0,0,66
2025-09-27T18:05:28.958Z,60.6,21.1,1.909,49.6,0,60,0,0,0,0,0,0,0,0,66
2025-09-27T18:05:29.955Z,60.6,21.1,1.909,49.6,0,60.1,0,0,0,0,0,0,0,0,66
2025-09-27T18:05:30.959Z,60.6,21.1,1.909,50.4,0,60.1,0,0,0,0,0,0,0,0,66
2025-09-27T18:05:31.957Z,60.6,21.1,1.909,50.4,0,60.1,0,0,0,0,0,0,0,0,66
2025-09-27T18:05:32.962Z,60.5,21.1,1.909,49.6,0,60.1,0,0,0,0,0,0,0,0,66
2025-09-27T18:05:33.961Z,60.5,21.1,1.909,50.4,0,60.1,0,0,0,0,0,0,0,0,66
2025-09-27T18:05:34.962Z,60.5,21.1,1.909,49.6,0,60.1,0,0,0,0,0,0,0,0,66
2025-09-27T18:05:35.962Z,60.5,21.1,1.909,49.6,0,60,0,0,0,0,0,0,0,0,66
2025-09-27T18:05:36.969Z,60.5,21.1,1.909,50.4,0,60,0,0,0,0,0,0,0,0,66
2025-09-27T18:05:37.965Z,60.5,21.1,1.909,50.4,0,60.1,0,0,0,0,0,0,0,0,66
2025-09-27T18:05:38.962Z,60.5,21.1,1.909,49.6,0,60.1,0,0,0,0,0,0,0,0,66
2025-09-27T18:05:39.969Z,60.5,21.1,1.909,50.4,0,60,0,0,0,0,0,0,0,0,66
2025-09-27T18:05:40.969Z,60.5,21.1,1.909,49.6,0,60.1,0,0,0,0,0,0,0,0,66
2025-09-27T18:05:41.972Z,60.5,21.1,1.909,50.4,0,60.1,0,0,0,0,0,0,0,0,66
2025-09-27T18:05:42.971Z,60.5,21.1,1.909,50.4,0,60.1,0,0,0,0,0,0,0,0,66
2025-09-27T18:05:43.969Z,60.5,21.1,1.909,49.6,0,60.1,0,0,0,0,0,0,0,0,66
2025-09-27T18:05:44.970Z,60.5,21.1,1.909,50.4,0,60.1,0,0,0,0,0,0,0,0,66
2025-09-27T18:05:45.973Z,60.5,21.1,1.909,49.6,0,60.1,0,0,0,0,0,0,0,0,66
2025-09-27T18:05:46.974Z,60.5,21.1,1.909,49.6,0,60.1,0,0,0,0,0,0,0,0,66
2025-09-27T18:05:47.970Z,60.5,21.1,1.909,50.4,0,60.1,0,0,0,0,0,0,0,0,66
2025-09-27T18:05:48.981Z,60.5,21.1,1.909,49.6,0,60.1,0,0,0,0,0,0,0,0,66
2025-09-27T18:05:49.977Z,60.5,21.1,1.909,50.4,0,60.1,0,0,0,0,0,0,0,0,66
2025-09-27T18:05:50.972Z,60.5,21.1,1.909,50.4,0,60.1,0,0,0,0,0,0,0,0,66
2025-09-27T18:05:51.975Z,60.5,21.1,1.909,49.6,0,60.1,0,0,0,0,0,0,0,0,66
2025-09-27T18:05:52.977Z,60.5,21.1,1.909,50.4,0,60.1,0,0,0,0,0,0,0,0,66
2025-09-27T18:05:53.975Z,60.5,21.1,1.909,49.6,0,60.1,0,0,0,0,0,0,0,0,66
2025-09-27T18:05:54.979Z,60.5,21.1,1.909,50.4,0,60.1,0,0,0,0,0,0,0,0,66
2025-09-27T18:05:55.977Z,60.5,21.1,1.909,50.4,0,60.1,0,0,0,0,0,0,0,0,66
2025-09-27T18:05:56.979Z,60.5,21.1,1.909,49.6,0,60.1,0,0,0,0,0,0,0,0,66
2025-09-27T18:05:57.985Z,60.4,21.1,1.909,50.4,0,60.1,0,0,0,0,0,0,0,0,66
2025-09-27T18:05:58.979Z,60.4,21.1,1.909,49.6,0,60.1,0,0,0,0,0,0,0,0,66
2025-09-27T18:05:59.980Z,60.4,21.1,1.909,50.4,0,60.1,0,0,0,0,0,0,0,0,66
2025-09-27T18:06:00.986Z,60.4,21.1,1.909,49.6,0,60.1,0,0,0,0,0,0,0,0,66
2025-09-27T18:06:01.988Z,60.4,21.1,1.909,50.4,0,60.1,0,0,0,0,0,0,0,0,66
2025-09-27T18:06:02.989Z,60.4,21.1,1.909,49.6,0,60.1,0,0,0,0,0,0,0,0,66
2025-09-27T18:06:03.988Z,60.4,21.1,1.909,49.6,0,60.1,0,0,0,0,0,0,0,0,66
2025-09-27T18:06:04.986Z,60.4,21.1,1.909,50.4,0,60.1,0,0,0,0,0,0,0,0,66
2025-09-27T18:06:05.989Z,60.4,21.1,1.909,49.6,0,60.1,0,0,0,0,0,0,0,0,66
2025-09-27T18:06:06.989Z,60.4,21.1,1.909,50.4,0,60.1,0,0,0,0,0,0,0,0,66
2025-09-27T18:06:07.993Z,60.4,21.1,1.909,49.6,0,60.1,0,0,0,0,0,0,0,0,66
2025-09-27T18:06:08.995Z,60.4,21.1,1.909,49.6,0,60.1,0,0,0,0,0,0,0,0,66
2025-09-27T18:06:09.994Z,60.4,21.1,1.909,50.4,0,60.1,0,0,0,0,0,0,0,0,66
2025-09-27T18:06:10.994Z,60.4,21.1,1.909,49.6,0,60.1,0,0,0,0,0,0,0,0,66
2025-09-27T18:06:11.999Z,60.4,21.1,1.909,50.4,0,60.1,0,0,0,0,0,0,0,0,66
2025-09-27T18:06:12.999Z,60.4,21.1,1.909,49.6,0,60.1,0,0,0,0,0,0,0,0,66
2025-09-27T18:06:13.997Z,60.4,21.1,1.909,49.6,0,60.1,0,0,0,0,0,0,0,0,66
2025-09-27T18:06:14.999Z,60.4,21.1,1.909,50.4,0,60.1,0,0,0,0,0,0,0,0,66
2025-09-27T18:06:16.001Z,60.4,21.1,1.909,49.6,0,60.1,0,0,0,0,0,0,0,0,66
2025-09-27T18:06:16.999Z,60.4,21.1,1.909,49.6,0,60.1,0,0,0,0,0,0,0,0,66
2025-09-27T18:06:17.998Z,60.4,21.1,1.909,50.4,0,60.1,0,0,0,0,0,0,0,0,66
2025-09-27T18:06:19.004Z,60.4,21.1,1.909,49.6,0,60.1,0,0,0,0,0,0,0,0,66
2025-09-27T18:06:20.001Z,60.4,21.1,1.909,50.4,0,60.1,0,0,0,0,0,0,0,0,66
2025-09-27T18:06:21.003Z,60.4,21.1,1.909,50.4,0,60.1,0,0,0,0,0,0,0,0,66
2025-09-27T18:06:22.000Z,60.3,21.1,1.909,49.6,0,60.1,0,0,0,0,0,0,0,0,66
2025-09-27T18:06:23.001Z,60.3,21.1,1.909,50.4,0,60.1,0,0,0,0,0,0,0,0,66
2025-09-27T18:06:24.006Z,60.3,21.1,1.91,49.6,0,60.1,0,0,0,0,0,0,0,0,66
2025-09-27T18:06:25.002Z,60.3,21.1,1.909,50.4,0,60.1,0,0,0,0,0,0,0,0,66
2025-09-27T18:06:26.005Z,60.3,21.1,1.909,49.6,0,60.1,0,0,0,0,0,0,0,0,66
2025-09-27T18:06:27.018Z,60.3,21.1,1.91,50.4,0,60.1,0,0,0,0,0,0,0,0,66
2025-09-27T18:06:28.010Z,60.3,21.1,1.909,49.6,0,60.1,0,0,0,0,0,0,0,0,66
2025-09-27T18:06:29.018Z,60.3,21.1,1.911,49.6,0,60.1,0,0,0,0,0,0,0,0,66
2025-09-27T18:06:30.014Z,60.3,21.1,1.91,50.4,0,60.1,0,0,0,0,0,0,0,0,66
2025-09-27T18:06:31.009Z,60.3,21.1,1.909,49.6,0,60.1,0,0,0,0,0,0,0,0,66
2025-09-27T18:06:32.015Z,60.3,21.1,1.911,50.4,0,60.1,0,0,0,0,0,0,0,0,66
2025-09-27T18:06:33.010Z,60.3,21.1,1.909,49.6,0,60.1,0,0,0,0,0,0,0,0,66
2025-09-27T18:06:34.015Z,60.3,21.1,1.91,49.6,0,60.1,0,0,0,0,0,0,0,0,66
2025-09-27T18:06:35.017Z,60.3,21.1,1.911,50.4,0,60.1,0,0,0,0,0,0,0,0,66
2025-09-27T18:06:36.015Z,60.3,21.1,1.91,49.6,0,60.1,0,0,0,0,0,0,0,0,66
2025-09-27T18:06:37.014Z,60.3,21.1,1.91,49.6,0,60.1,0,0,0,0,0,0,0,0,66
2025-09-27T18:06:38.019Z,60.3,21.1,1.911,50.4,0,60.1,0,0,0,0,0,0,0,0,66
2025-09-27T18:06:39.020Z,60.3,21.1,1.911,49.6,0,60.1,0,0,0,0,0,0,0,0,66
2025-09-27T18:06:40.023Z,60.3,21.1,1.911,49.6,0,60.1,0,0,0,0,0,0,0,0,66
2025-09-27T18:06:41.021Z,60.3,21.1,1.911,50.4,0,60.1,0,0,0,0,0,0,0,0,66
2025-09-27T18:06:42.024Z,60.3,21.1,1.911,49.6,0,60.1,0,0,0,0,0,0,0,0,66
2025-09-27T18:06:43.026Z,60.2,21.1,1.911,49.6,0,60.1,0,0,0,0,0,0,0,0,66
2025-09-27T18:06:44.034Z,60.2,21.1,1.911,50.4,0,60.1,0,0,0,0,0,0,0,0,66
2025-09-27T18:06:45.025Z,60.2,21.1,1.911,50.4,0,60.1,0,0,0,0,0,0,0,0,66
2025-09-27T18:06:46.029Z,60.2,21.1,1.911,49.6,0,60.1,0,0,0,0,0,0,0,0,66
2025-09-27T18:06:47.028Z,60.2,21.1,1.911,50.4,0,60.1,0,0,0,0,0,0,0,0,66
2025-09-27T18:06:48.025Z,60.2,21.1,1.911,50.4,0,60.1,0,0,0,0,0,0,0,0,66
2025-09-27T18:06:49.029Z,60.2,21.1,1.911,49.6,0,60.1,0,0,0,0,0,0,0,0,66
2025-09-27T18:06:50.034Z,60.2,21.1,1.911,50.4,0,60.1,0,0,0,0,0,0,0,0,66
2025-09-27T18:06:51.033Z,60.2,21.1,1.911,49.6,0,60.1,0,0,0,0,0,0,0,0,66
2025-09-27T18:06:52.028Z,60.2,21.1,1.911,50.4,0,60.1,0,0,0,0,0,0,0,0,66
2025-09-27T18:06:53.035Z,60.2,21.1,1.911,49.6,0,60.1,0,0,0,0,0,0,0,0,66
2025-09-27T18:06:54.029Z,60.2,21.1,1.911,50.4,0,60.1,0,0,0,0,0,0,0,0,66
2025-09-27T18:06:55.042Z,60.2,21.1,1.91,49.6,0,60.1,0,0,0,0,0,0,0,0,66
2025-09-27T18:06:56.035Z,60.2,21.1,1.911,49.6,0,60.1,0,0,0,0,0,0,0,0,66
2025-09-27T18:06:57.032Z,60.2,21.1,1.911,50.4,0,60.1,0,0,0,0,0,0,0,0,66
2025-09-27T18:06:58.041Z,60.2,21.1,1.91,50.4,0,60.1,0,0,0,0,0,0,0,0,66
2025-09-27T18:06:59.043Z,60.2,21.1,1.91,49.6,0,60.1,0,0,0,0,0,0,0,0,66
2025-09-27T18:07:00.036Z,60.2,21.1,1.911,49.6,0,60.1,0,0,0,0,0,0,0,0,66
2025-09-27T18:07:01.037Z,60.2,21.1,1.911,49.6,0,60.1,0,0,0,0,0,0,0,0,66
2025-09-27T18:07:02.042Z,60.2,21.1,1.911,50.4,0,60.1,0,0,0,0,0,0,0,0,66
2025-09-27T18:07:03.041Z,60.2,21.1,1.911,50.4,0,60.1,0,0,0,0,0,0,0,0,66
2025-09-27T18:07:04.041Z,60.2,21.1,1.911,49.6,0,60.1,0,0,0,0,0,0,0,0,66
2025-09-27T18:07:05.043Z,60.2,21.1,1.911,50.4,0,60.1,0,0,0,0,0,0,0,0,66
2025-09-27T18:07:06.047Z,60.2,21.1,1.91,49.6,0,60.1,0,0,0,0,0,0,0,0,66
2025-09-27T18:07:07.051Z,60.2,21.1,1.91,50.4,0,60.1,0,0,0,0,0,0,0,0,66
2025-09-27T18:07:08.047Z,60.2,21.1,1.911,49.6,0,60.1,0,0,0,0,0,0,0,0,66
2025-09-27T18:07:09.047Z,60.1,21.1,1.911,50.4,0,60.1,0,0,0,0,0,0,0,0,66
2025-09-27T18:07:10.048Z,60.1,21.1,1.911,49.6,0,60.1,0,0,0,0,0,0,0,0,66
2025-09-27T18:07:11.053Z,60.1,21.1,1.91,49.6,0,60.1,0,0,0,0,0,0,0,0,66
2025-09-27T18:07:12.049Z,60.1,21.1,1.911,50.4,0,60.1,0,0,0,0,0,0,0,0,66
2025-09-27T18:07:13.050Z,60.1,21.1,1.911,49.6,0,60.1,0,0,0,0,0,0,0,0,66
2025-09-27T18:07:14.053Z,60.1,21.1,1.911,49.6,0,60.1,0,0,0,0,0,0,0,0,66
2025-09-27T18:07:15.055Z,60.1,21.1,1.91,50.4,0,60.1,0,0,0,0,0,0,0,0,66
2025-09-27T18:07:16.056Z,60.1,21.1,1.91,49.6,0,60.1,0,0,0,0,0,0,0,0,66
2025-09-27T18:07:17.056Z,60.1,21.1,1.91,49.6,0,60.1,0,0,0,0,0,0,0,0,66
2025-09-27T18:07:18.054Z,60.1,21.1,1.911,50.4,0,60.1,0,0,0,0,0,0,0,0,66
2025-09-27T18:07:19.058Z,60.1,21.1,1.911,50.4,0,60.1,0,0,0,0,0,0,0,0,66
2025-09-27T18:07:20.057Z,60.1,21.1,1.911,49.6,0,60.1,0,0,0,0,0,0,0,0,66
2025-09-27T18:07:21.059Z,60.1,21.1,1.91,50.4,0,60.1,0,0,0,0,0,0,0,0,66
2025-09-27T18:07:22.058Z,60.1,21.1,1.91,49.6,0,60.1,0,0,0,0,0,0,0,0,66
2025-09-27T18:07:23.059Z,60.1,21.1,1.91,49.6,0,60.1,0,0,0,0,0,0,0,0,66
2025-09-27T18:07:24.063Z,60.1,21.1,1.911,50.4,0,60.1,0,0,0,0,0,0,0,0,66
2025-09-27T18:07:25.065Z,60.1,21.1,1.91,49.6,0,60.1,0,0,0,0,0,0,0,0,66
2025-09-27T18:07:26.069Z,60.1,21.1,1.91,49.6,0,60.1,0,0,0,0,0,0,0,0,66
2025-09-27T18:07:27.063Z,60.1,21.1,1.911,50.4,0,60.1,0,0,0,0,0,0,0,0,66
2025-09-27T18:07:28.070Z,60.1,21.1,1.91,49.6,0,60.1,0,0,0,0,0,0,0,0,66
2025-09-27T18:07:29.063Z,60.1,21.1,1.911,49.6,0,60.1,0,0,0,0,0,0,0,0,66
2025-09-27T18:07:30.064Z,60,21.1,1.911,50.4,0,60.1,0,0,0,0,0,0,0,0,66
2025-09-27T18:07:31.067Z,60,21.1,1.911,50.4,0,60.1,0,0,0,0,0,0,0,0,66
2025-09-27T18:07:32.069Z,60,21.1,1.91,49.6,0,60.1,0,0,0,0,0,0,0,0,66
2025-09-27T18:07:33.069Z,60,21.1,1.91,50.4,0,60.1,0,0,0,0,0,0,0,0,66
2025-09-27T18:07:34.068Z,60,21.1,1.911,50.4,0,60.1,0,0,0,0,0,0,0,0,66
2025-09-27T18:07:35.070Z,60,21.1,1.91,49.6,0,60.1,0,0,0,0,0,0,0,0,66
2025-09-27T18:07:36.076Z,60,21.1,1.91,50.4,0,60.1,0,0,0,0,0,0,0,0,66
2025-09-27T18:07:37.070Z,60,21.1,1.912,50.4,0,60.1,0,0,0,0,0,0,0,0,66
2025-09-27T18:07:38.073Z,60,21.1,1.911,49.6,0,60.1,0,0,0,0,0,0,0,0,66
2025-09-27T18:07:39.075Z,60,21.1,1.911,49.6,0,60.1,0,0,0,0,0,0,0,0,66
2025-09-27T18:07:40.074Z,60,21.1,1.912,49.6,0,60.1,0,0,0,0,0,0,0,0,66
2025-09-27T18:07:41.080Z,60,21.1,1.911,50.4,0,60.1,0,0,0,0,0,0,0,0,66
2025-09-27T18:07:42.078Z,60,21.1,1.911,49.6,0,60.1,0,0,0,0,0,0,0,0,66
2025-09-27T18:07:43.080Z,60,21.1,1.911,49.6,0,60.1,0,0,0,0,0,0,0,0,66
2025-09-27T18:07:44.089Z,60,21.1,1.911,50.4,0,60.1,0,0,0,0,0,0,0,0,66
2025-09-27T18:07:45.080Z,60,21.1,1.911,49.6,0,60.1,0,0,0,0,0,0,0,0,66
2025-09-27T18:07:46.083Z,60,21.1,1.91,50.4,0,60.1,0,0,0,0,0,0,0,0,66
2025-09-27T18:07:47.083Z,60,21.1,1.911,50.4,0,60.1,0,0,0,0,0,0,0,0,66
2025-09-27T18:07:48.085Z,60,21.1,1.911,49.6,0,60.1,0,0,0,0,0,0,0,0,66
2025-09-27T18:07:49.085Z,60,21.1,1.911,50.4,0,60.1,0,0,0,0,0,0,0,0,66
2025-09-27T18:07:50.089Z,60,21.1,1.911,49.6,0,60.1,0,0,0,0,0,0,0,0,66
2025-09-27T18:07:51.088Z,60,21.1,1.911,50.4,0,60.1,0,0,0,0,0,0,0,0,66
2025-09-27T18:07:52.088Z,60,21.1,1.911,50.4,0,60.1,0,0,0,0,0,0,0,0,66
2025-09-27T18:07:53.085Z,60,21.1,1.911,49.6,0,60.1,0,0,0,0,0,0,0,0,66
2025-09-27T18:07:54.089Z,60,21.1,1.911,50.4,0,60.1,0,0,0,0,0,0,0,0,66
2025-09-27T18:07:55.091Z,60,21.1,1.912,49.6,0,60.1,0,0,0,0,0,0,0,0,66
2025-09-27T18:07:56.090Z,59.9,21.1,1.912,50.4,0,60.1,0,0,0,0,0,0,0,0,66
2025-09-27T18:07:57.090Z,59.9,21.1,1.911,49.6,0,60.1,0,0,0,0,0,0,0,0,66
2025-09-27T18:07:58.090Z,59.9,21.1,1.911,49.6,0,60.1,0,0,0,0,0,0,0,0,66
2025-09-27T18:07:59.091Z,59.9,21.1,1.912,50.4,0,60.1,0,0,0,0,0,0,0,0,66
2025-09-27T18:08:00.095Z,59.9,21.1,1.911,49.6,0,60.1,0,0,0,0,0,0,0,0,66
2025-09-27T18:08:01.095Z,59.9,21.1,1.911,50.4,0,60.1,0,0,0,0,0,0,0,0,66
2025-09-27T18:08:02.098Z,59.9,21.1,1.912,49.6,0,60.1,0,0,0,0,0,0,0,0,66
2025-09-27T18:08:03.095Z,59.9,21.1,1.912,49.6,0,60.1,0,0,0,0,0,0,0,0,66
2025-09-27T18:08:04.099Z,59.9,21.1,1.912,50.4,0,60.1,0,0,0,0,0,0,0,0,66
2025-09-27T18:08:05.099Z,59.9,21.1,1.911,49.6,0,60.1,0,0,0,0,0,0,0,0,66
2025-09-27T18:08:06.104Z,59.9,21.1,1.912,49.6,0,60.1,0,0,0,0,0,0,0,0,66
2025-09-27T18:08:07.112Z,59.9,21.1,1.912,50.4,0,60.1,0,0,0,0,0,0,0,0,66
2025-09-27T18:08:08.102Z,59.9,21.1,1.912,49.6,0,60.1,0,0,0,0,0,0,0,0,66
2025-09-27T18:08:09.105Z,59.9,21.1,1.912,49.6,0,60.1,0,0,0,0,0,0,0,0,66
2025-09-27T18:08:10.105Z,59.9,21.1,1.912,50.4,0,60.1,0,0,0,0,0,0,0,0,66
2025-09-27T18:08:11.106Z,59.9,21.1,1.912,50.4,0,60.1,0,0,0,0,0,0,0,0,66
2025-09-27T18:08:12.108Z,59.9,21.1,1.912,49.6,0,60.1,0,0,0,0,0,0,0,0,66
2025-09-27T18:08:13.109Z,59.9,21.1,1.912,50.4,0,60.1,0,0,0,0,0,0,0,0,66
2025-09-27T18:08:14.111Z,59.9,21.1,1.912,50.4,0,60.1,0,0,0,0,0,0,0,0,66
2025-09-27T18:08:15.109Z,59.9,21.1,1.912,49.6,0,60.1,0,0,0,0,0,0,0,0,66
2025-09-27T18:08:16.114Z,59.9,21.1,1.912,50.4,0,60.1,0,0,0,0,0,0,0,0,66
2025-09-27T18:08:17.112Z,59.9,21.1,1.912,49.6,0,60.1,0,0,0,0,0,0,0,0,66
2025-09-27T18:08:18.115Z,59.9,21.1,1.912,50.4,0,60.1,0,0,0,0,0,0,0,0,66
2025-09-27T18:08:19.116Z,59.9,21.1,1.912,49.6,0,60.1,0,0,0,0,0,0,0,0,66
2025-09-27T18:08:20.115Z,59.9,21.1,1.912,50.4,0,60.1,0,0,0,0,0,0,0,0,66
2025-09-27T18:08:21.111Z,59.8,21.1,1.912,50.4,0,60.1,0,0,0,0,0,0,0,0,66
2025-09-27T18:08:22.113Z,59.9,21.1,1.912,49.6,0,60.1,0,0,0,0,0,0,0,0,66
2025-09-27T18:08:23.118Z,59.8,21.1,1.912,49.6,0,60.1,0,0,0,0,0,0,0,0,66
2025-09-27T18:08:24.119Z,59.8,21.1,1.912,49.6,0,60.1,0,0,0,0,0,0,0,0,66
2025-09-27T18:08:25.117Z,59.8,21.1,1.912,50.4,0,60.1,0,0,0,0,0,0,0,0,66
2025-09-27T18:08:26.118Z,59.8,21.1,1.912,50.4,0,60.1,0,0,0,0,0,0,0,0,66
2025-09-27T18:08:27.121Z,59.8,21.1,1.912,49.6,0,60.1,0,0,0,0,0,0,0,0,66
2025-09-27T18:08:28.120Z,59.8,21.1,1.912,50.4,0,60.1,0,0,0,0,0,0,0,0,66
2025-09-27T18:08:29.122Z,59.8,21.1,1.912,49.6,0,60.1,0,0,0,0,0,0,0,0,66
2025-09-27T18:08:30.122Z,59.8,21.1,1.912,50.4,0,60.1,0,0,0,0,0,0,0,0,66
2025-09-27T18:08:31.121Z,59.8,21.1,1.912,49.6,0,60.1,0,0,0,0,0,0,0,0,66
2025-09-27T18:08:32.131Z,59.8,21.1,1.912,50.4,0,60.1,0,0,0,0,0,0,0,0,66
2025-09-27T18:08:33.124Z,59.8,21.1,1.912,49.6,0,60.1,0,0,0,0,0,0,0,0,66
2025-09-27T18:08:34.127Z,59.8,21.1,1.912,49.6,0,60.1,0,0,0,0,0,0,0,0,66
2025-09-27T18:08:35.127Z,59.8,21.1,1.912,50.4,0,60.1,0,0,0,0,0,0,0,0,66
2025-09-27T18:08:36.131Z,59.8,21.1,1.912,49.6,0,60.1,0,0,0,0,0,0,0,0,66
2025-09-27T18:08:37.128Z,59.8,21.1,1.912,50.4,0,60.1,0,0,0,0,0,0,0,0,66
2025-09-27T18:08:38.131Z,59.8,21.1,1.912,49.6,0,60.1,0,0,0,0,0,0,0,0,66
2025-09-27T18:08:39.132Z,59.8,21.1,1.912,49.6,0,60.1,0,0,0,0,0,0,0,0,66
2025-09-27T18:08:40.128Z,59.8,21.1,1.912,50.4,0,60.1,0,0,0,0,0,0,0,0,66
2025-09-27T18:08:41.134Z,59.8,21.1,1.912,49.6,0,60.1,0,0,0,0,0,0,0,0,66
2025-09-27T18:08:42.134Z,59.8,21.1,1.912,49.6,0,60.1,0,0,0,0,0,0,0,0,66
2025-09-27T18:08:43.134Z,59.8,21.1,1.912,50.4,0,60.1,0,0,0,0,0,0,0,0,66
2025-09-27T18:08:44.148Z,59.8,21.1,1.912,49.6,0,60.1,0,0,0,0,0,0,0,0,66
2025-09-27T18:08:45.138Z,59.8,21.1,1.912,49.6,0,60.1,0,0,0,0,0,0,0,0,66
2025-09-27T18:08:46.139Z,59.8,21.1,1.912,50.4,0,60.1,0,0,0,0,0,0,0,0,66
2025-09-27T18:08:47.141Z,59.8,21.1,1.912,50.4,0,60.1,0,0,0,0,0,0,0,0,66
2025-09-27T18:08:48.137Z,59.8,21.1,1.912,49.6,0,60.1,0,0,0,0,0,0,0,0,66
2025-09-27T18:08:49.142Z,59.7,21.1,1.912,49.6,0,60.1,0,0,0,0,0,0,0,0,66
2025-09-27T18:08:50.150Z,59.8,21.1,1.912,49.6,0,60.1,0,0,0,0,0,0,0,0,66
2025-09-27T18:08:51.141Z,59.7,21.1,1.912,50.4,0,60.1,0,0,0,0,0,0,0,0,66
2025-09-27T18:08:52.140Z,59.7,21.1,1.912,50.4,0,60.1,0,0,0,0,0,0,0,0,66
2025-09-27T18:08:53.145Z,59.7,21.1,1.912,49.6,0,60.1,0,0,0,0,0,0,0,0,66
2025-09-27T18:08:54.141Z,59.7,21.1,1.912,50.4,0,60.1,0,0,0,0,0,0,0,0,66
2025-09-27T18:08:55.153Z,59.7,21.1,1.912,49.6,0,60.1,0,0,0,0,0,0,0,0,66
2025-09-27T18:08:56.145Z,59.7,21.1,1.912,50.4,0,60.1,0,0,0,0,0,0,0,0,66
2025-09-27T18:08:57.144Z,59.7,21.1,1.912,50.4,0,60.1,0,0,0,0,0,0,0,0,66
2025-09-27T18:08:58.149Z,59.7,21.1,1.912,49.6,0,60.1,0,0,0,0,0,0,0,0,66
2025-09-27T18:08:59.151Z,59.7,21.1,1.913,50.4,0,60.1,0,0,0,0,0,0,0,0,66
2025-09-27T18:09:00.149Z,59.7,21.1,1.912,49.6,0,60.1,0,0,0,0,0,0,0,0,66
2025-09-27T18:09:01.149Z,59.7,21.1,1.912,50.4,0,60.1,0,0,0,0,0,0,0,0,66
2025-09-27T18:09:02.157Z,59.7,21.1,1.912,49.6,0,60.1,0,0,0,0,0,0,0,0,66
2025-09-27T18:09:03.153Z,59.7,21.1,1.913,50.4,0,60.1,0,0,0,0,0,0,0,0,66
2025-09-27T18:09:04.156Z,59.7,21.1,1.912,49.6,0,60.1,0,0,0,0,0,0,0,0,66
2025-09-27T18:09:05.155Z,59.7,21.1,1.912,50.4,0,60.1,0,0,0,0,0,0,0,0,66
2025-09-27T18:09:06.156Z,59.7,21.1,1.912,49.6,0,60.1,0,0,0,0,0,0,0,0,66
2025-09-27T18:09:07.155Z,59.7,21.1,1.913,49.6,0,60.1,0,0,0,0,0,0,0,0,66
2025-09-27T18:09:08.159Z,59.7,21.1,1.913,50.4,0,60.1,0,0,0,0,0,0,0,0,66
2025-09-27T18:09:09.154Z,59.7,21.1,1.913,49.6,0,60.1,0,0,0,0,0,0,0,0,66
2025-09-27T18:09:10.164Z,59.7,21.1,1.913,49.6,0,60.1,0,0,0,0,0,0,0,0,66
2025-09-27T18:09:11.163Z,59.7,21.1,1.913,50.4,0,60.1,0,0,0,0,0,0,0,0,66
2025-09-27T18:09:12.163Z,59.7,21.1,1.913,49.6,0,60.1,0,0,0,0,0,0,0,0,66
2025-09-27T18:09:13.164Z,59.7,21.1,1.913,49.6,0,60.1,0,0,0,0,0,0,0,0,66
2025-09-27T18:09:14.164Z,59.7,21.1,1.913,50.4,0,60.1,0,0,0,0,0,0,0,0,66
2025-09-27T18:09:15.166Z,59.7,21.1,1.913,50.4,0,60.1,0,0,0,0,0,0,0,0,66
2025-09-27T18:09:16.166Z,59.7,21.1,1.913,49.6,0,60.1,0,0,0,0,0,0,0,0,66
2025-09-27T18:09:17.167Z,59.7,21.1,1.913,50.4,0,60.1,0,0,0,0,0,0,0,0,66
2025-09-27T18:09:18.174Z,59.7,21.1,1.913,49.6,0,60.1,0,0,0,0,0,0,0,0,66
2025-09-27T18:09:19.171Z,59.7,21.1,1.913,50.4,0,60.1,0,0,0,0,0,0,0,0,66
2025-09-27T18:09:20.169Z,59.7,21.1,1.914,49.6,0,60.1,0,0,0,0,0,0,0,0,66
2025-09-27T18:09:21.168Z,59.6,21.1,1.913,49.6,0,60.1,0,0,0,0,0,0,0,0,66
2025-09-27T18:09:22.169Z,59.6,21.1,1.913,50.4,0,60.1,0,0,0,0,0,0,0,0,66
2025-09-27T18:09:23.173Z,59.6,21.1,1.913,49.6,0,60.1,0,0,0,0,0,0,0,0,66
2025-09-27T18:09:24.170Z,59.6,21.1,1.913,50.4,0,60.1,0,0,0,0,0,0,0,0,66
2025-09-27T18:09:25.173Z,59.6,21.1,1.913,49.6,0,60.1,0,0,0,0,0,0,0,0,66
2025-09-27T18:09:26.174Z,59.6,21.1,1.914,50.4,0,60.1,0,0,0,0,0,0,0,0,66
2025-09-27T18:09:27.176Z,59.6,21.1,1.913,49.6,0,60.1,0,0,0,0,0,0,0,0,66
2025-09-27T18:09:28.173Z,59.6,21.1,1.914,49.6,0,60.1,0,0,0,0,0,0,0,0,66
2025-09-27T18:09:29.173Z,59.6,21.1,1.913,50.4,0,60.1,0,0,0,0,0,0,0,0,66
2025-09-27T18:09:30.179Z,59.6,21.1,1.912,49.6,0,60.1,0,0,0,0,0,0,0,0,66
2025-09-27T18:09:31.181Z,59.6,21.1,1.913,49.6,0,60.1,0,0,0,0,0,0,0,0,66
2025-09-27T18:09:32.181Z,59.6,21.1,1.913,50.4,0,60.1,0,0,0,0,0,0,0,0,66
2025-09-27T18:09:33.182Z,59.6,21.1,1.913,49.6,0,60.1,0,0,0,0,0,0,0,0,66
2025-09-27T18:09:34.184Z,59.6,21.1,1.913,50.4,0,60.1,0,0,0,0,0,0,0,0,66
2025-09-27T18:09:35.185Z,59.6,21.1,1.912,50.4,0,60.1,0,0,0,0,0,0,0,0,66
2025-09-27T18:09:36.198Z,59.6,21.1,1.913,49.6,0,60.1,0,0,0,0,0,0,0,0,66
2025-09-27T18:09:37.191Z,59.6,21.1,1.913,50.4,0,60.1,0,0,0,0,0,0,0,0,66
2025-09-27T18:09:38.183Z,59.6,21.1,1.914,49.6,0,60.1,0,0,0,0,0,0,0,0,66
2025-09-27T18:09:39.188Z,59.6,21.1,1.913,50.4,0,60.1,0,0,0,0,0,0,0,0,66
2025-09-27T18:09:40.187Z,59.6,21.1,1.914,49.6,0,60.1,0,0,0,0,0,0,0,0,66
2025-09-27T18:09:41.190Z,59.6,21.1,1.913,49.6,0,60.1,0,0,0,0,0,0,0,0,66
2025-09-27T18:09:42.193Z,59.6,21.1,1.913,50.4,0,60.1,0,0,0,0,0,0,0,0,66
2025-09-27T18:09:43.192Z,59.6,21.1,1.913,49.6,0,60.1,0,0,0,0,0,0,0,0,66
2025-09-27T18:09:44.195Z,59.6,21.1,1.913,49.6,0,60.1,0,0,0,0,0,0,0,0,66
2025-09-27T18:09:45.198Z,59.6,21.1,1.913,50.4,0,60.1,0,0,0,0,0,0,0,0,66
2025-09-27T18:09:46.195Z,59.6,21.1,1.913,49.6,0,60.1,0,0,0,0,0,0,0,0,66
2025-09-27T18:09:47.194Z,59.6,21.1,1.914,49.6,0,60.1,0,0,0,0,0,0,0,0,66
2025-09-27T18:09:48.197Z,59.6,21.1,1.913,50.4,0,60.1,0,0,0,0,0,0,0,0,66
2025-09-27T18:09:49.200Z,59.6,21.1,1.913,50.4,0,60.1,0,0,0,0,0,0,0,0,66
2025-09-27T18:09:50.197Z,59.6,21.1,1.913,49.6,0,60.1,0,0,0,0,0,0,0,0,66
2025-09-27T18:09:51.197Z,59.6,21.1,1.913,50.4,0,60.1,0,0,0,0,0,0,0,0,66
2025-09-27T18:09:52.199Z,59.6,21.1,1.913,50.4,0,60.1,0,0,0,0,0,0,0,0,66
2025-09-27T18:09:53.200Z,59.6,21.1,1.913,49.6,0,60.1,0,0,0,0,0,0,0,0,66
2025-09-27T18:09:54.207Z,59.6,21.1,1.913,50.4,0,60.1,0,0,0,0,0,0,0,0,66
2025-09-27T18:09:55.196Z,59.6,21.1,1.914,49.6,0,60.1,0,0,0,0,0,0,0,0,66
2025-09-27T18:09:56.201Z,59.5,21.1,1.913,50.4,0,60.1,0,0,0,0,0,0,0,0,66
2025-09-27T18:09:57.199Z,59.5,21.1,1.913,49.6,0,60.1,0,0,0,0,0,0,0,0,66
2025-09-27T18:09:58.200Z,59.5,21.1,1.913,50.4,0,60.1,0,0,0,0,0,0,0,0,66
2025-09-27T18:09:59.202Z,59.5,21.1,1.913,49.6,0,60.1,0,0,0,0,0,0,0,0,66
2025-09-27T18:10:00.205Z,59.5,21.1,1.913,49.6,0,60.1,0,0,0,0,0,0,0,0,66
2025-09-27T18:10:01.208Z,59.5,21.1,1.913,50.4,0,60.1,0,0,0,0,0,0,0,0,66
2025-09-27T18:10:02.207Z,59.5,21.1,1.913,49.6,0,60.1,0,0,0,0,0,0,0,0,66
2025-09-27T18:10:03.214Z,59.5,21.1,1.913,49.6,0,60.1,0,0,0,0,0,0,0,0,66
2025-09-27T18:10:04.209Z,59.5,21.1,1.913,50.4,0,60.1,0,0,0,0,0,0,0,0,66
2025-09-27T18:10:05.210Z,59.5,21.1,1.913,50.4,0,60.1,0,0,0,0,0,0,0,0,66
2025-09-27T18:10:06.212Z,59.5,21.1,1.913,49.6,0,60.1,0,0,0,0,0,0,0,0,66
2025-09-27T18:10:07.209Z,59.5,21.1,1.913,50.4,0,60.1,0,0,0,0,0,0,0,0,66
2025-09-27T18:10:08.216Z,59.5,21.1,1.913,49.6,0,60.1,0,0,0,0,0,0,0,0,66
2025-09-27T18:10:09.215Z,59.5,21.1,1.913,50.4,0,60.1,0,0,0,0,0,0,0,0,66
2025-09-27T18:10:10.216Z,59.5,21.1,1.913,49.6,0,60.1,0,0,0,0,0,0,0,0,66
2025-09-27T18:10:11.218Z,59.5,21.1,1.913,50.4,0,60.1,0,0,0,0,0,0,0,0,66
2025-09-27T18:10:12.213Z,59.5,21.1,1.913,49.6,0,60.1,0,0,0,0,0,0,0,0,66
2025-09-27T18:10:13.215Z,59.5,21.1,1.913,49.6,0,60.1,0,0,0,0,0,0,0,0,66
2025-09-27T18:10:14.217Z,59.5,21.1,1.913,50.4,0,60.1,0,0,0,0,0,0,0,0,66
2025-09-27T18:10:15.219Z,59.5,21.1,1.913,49.6,0,60.1,0,0,0,0,0,0,0,0,66
2025-09-27T18:10:16.218Z,59.5,21.1,1.913,50.4,0,60.1,0,0,0,0,0,0,0,0,66
2025-09-27T18:10:17.220Z,59.5,21.1,1.913,49.6,0,60.1,0,0,0,0,0,0,0,0,66
2025-09-27T18:10:18.225Z,59.5,21.1,1.913,49.6,0,60.1,0,0,0,0,0,0,0,0,66
2025-09-27T18:10:19.223Z,59.5,21.1,1.913,50.4,0,60.1,0,0,0,0,0,0,0,0,66
2025-09-27T18:10:20.222Z,59.5,21.1,1.913,50.4,0,60.1,0,0,0,0,0,0,0,0,66
2025-09-27T18:10:21.223Z,59.5,21.1,1.913,49.6,0,60.1,0,0,0,0,0,0,0,0,66
2025-09-27T18:10:22.221Z,59.5,21.1,1.913,50.4,0,60.1,0,0,0,0,0,0,0,0,66
2025-09-27T18:10:23.223Z,59.5,21.1,1.913,49.6,0,60.1,0,0,0,0,0,0,0,0,66
2025-09-27T18:10:24.224Z,59.5,21.1,1.913,50.4,0,60.1,0,0,0,0,0,0,0,0,66
2025-09-27T18:10:25.223Z,59.5,21.1,1.913,49.6,0,60.1,0,0,0,0,0,0,0,0,66
2025-09-27T18:10:26.226Z,59.5,21.1,1.913,50.4,0,60.1,0,0,0,0,0,0,0,0,66
2025-09-27T18:10:27.227Z,59.5,21.1,1.913,49.6,0,60.1,0,0,0,0,0,0,0,0,66
2025-09-27T18:10:28.225Z,59.5,21.1,1.913,49.6,0,60.1,0,0,0,0,0,0,0,0,66
2025-09-27T18:10:29.228Z,59.5,21.1,1.913,50.4,0,60.1,0,0,0,0,0,0,0,0,66
2025-09-27T18:10:30.231Z,59.5,21.1,1.913,49.6,0,60.1,0,0,0,0,0,0,0,0,66
2025-09-27T18:10:31.233Z,59.5,21.1,1.913,50.4,0,60.1,0,0,0,0,0,0,0,0,66
2025-09-27T18:10:32.234Z,59.5,21.1,1.913,49.6,0,60.1,0,0,0,0,0,0,0,0,66
2025-09-27T18:10:33.232Z,59.5,21.1,1.913,49.6,0,60.1,0,0,0,0,0,0,0,0,66
2025-09-27T18:10:34.233Z,59.5,21.1,1.913,50.4,0,60.1,0,0,0,0,0,0,0,0,66
2025-09-27T18:10:35.234Z,59.5,21.1,1.913,49.6,0,60.1,0,0,0,0,0,0,0,0,66
2025-09-27T18:10:36.241Z,59.5,21.1,1.913,49.6,0,60.1,0,0,0,0,0,0,0,0,66
2025-09-27T18:10:37.242Z,59.5,21.1,1.913,50.4,0,60.1,0,0,0,0,0,0,0,0,66
2025-09-27T18:10:38.242Z,59.5,21.1,1.913,50.4,0,60.1,0,0,0,0,0,0,0,0,66
2025-09-27T18:10:39.243Z,59.5,21.1,1.913,49.6,0,60.1,0,0,0,0,0,0,0,0,66
2025-09-27T18:10:40.247Z,59.5,21.1,1.914,50.4,0,60.1,0,0,0,0,0,0,0,0,66
2025-09-27T18:10:41.242Z,59.5,21.1,1.913,49.6,0,60.1,0,0,0,0,0,0,0,0,66
2025-09-27T18:10:42.241Z,59.5,21.1,1.913,50.4,0,60.1,0,0,0,0,0,0,0,0,66
2025-09-27T18:10:43.247Z,59.5,21.1,1.914,49.6,0,60.1,0,0,0,0,0,0,0,0,66
2025-09-27T18:10:44.246Z,59.5,21.1,1.913,50.4,0,60.1,0,0,0,0,0,0,0,0,66
2025-09-27T18:10:45.249Z,59.5,21.1,1.914,49.6,0,60.1,0,0,0,0,0,0,0,0,66
2025-09-27T18:10:46.250Z,59.5,21.1,1.914,50.4,0,60.1,0,0,0,0,0,0,0,0,66
2025-09-27T18:10:47.248Z,59.5,21.1,1.913,49.6,0,60.1,0,0,0,0,0,0,0,0,66
2025-09-27T18:10:48.248Z,59.5,21.1,1.913,50.4,0,60.1,0,0,0,0,0,0,0,0,66
2025-09-27T18:10:49.253Z,59.5,21.1,1.914,50.4,0,60.1,0,0,0,0,0,0,0,0,66
2025-09-27T18:10:50.253Z,59.5,21.1,1.914,49.6,0,60.1,0,0,0,0,0,0,0,0,66
2025-09-27T18:10:51.254Z,59.5,21.1,1.914,50.4,0,60.1,0,0,0,0,0,0,0,0,66
2025-09-27T18:10:52.252Z,59.5,21.1,1.914,49.6,0,60.1,0,0,0,0,0,0,0,0,66
2025-09-27T18:10:53.259Z,59.5,21.1,1.914,50.4,0,60.1,0,0,0,0,0,0,0,0,66
2025-09-27T18:10:54.254Z,59.5,21.1,1.914,49.6,0,60.1,0,0,0,0,0,0,0,0,66
2025-09-27T18:10:55.264Z,59.5,21.1,1.914,50.4,0,60.1,0,0,0,0,0,0,0,0,66
2025-09-27T18:10:56.255Z,59.5,21.1,1.913,49.6,0,60.1,0,0,0,0,0,0,0,0,66
2025-09-27T18:10:57.261Z,59.5,21.1,1.914,50.4,0,60.1,0,0,0,0,0,0,0,0,66
2025-09-27T18:10:58.265Z,59.5,21.1,1.914,49.6,0,60.1,0,0,0,0,0,0,0,0,66
2025-09-27T18:10:59.265Z,59.5,21.1,1.914,49.6,0,60.1,0,0,0,0,0,0,0,0,66
2025-09-27T18:11:00.262Z,59.5,21.1,1.914,50.4,0,60.1,0,0,0,0,0,0,0,0,66
2025-09-27T18:11:01.262Z,59.5,21.1,1.914,49.6,0,60.1,0,0,0,0,0,0,0,0,66
2025-09-27T18:11:02.274Z,59.5,21.1,1.914,50.4,0,60.1,0,0,0,0,0,0,0,0,66
2025-09-27T18:11:03.264Z,59.5,21.1,1.914,49.6,0,60.1,0,0,0,0,0,0,0,0,66
2025-09-27T18:11:04.264Z,59.5,21.1,1.914,50.4,0,60.1,0,0,0,0,0,0,0,0,66
2025-09-27T18:11:05.272Z,59.5,21.1,1.914,50.4,0,60.1,0,0,0,0,0,0,0,0,66
2025-09-27T18:11:06.268Z,59.5,21.1,1.914,49.6,0,60.1,0,0,0,0,0,0,0,0,66
2025-09-27T18:11:07.266Z,59.5,21.1,1.914,50.4,0,60.1,0,0,0,0,0,0,0,0,66
2025-09-27T18:11:08.267Z,59.5,21.1,1.914,49.6,0,60.1,0,0,0,0,0,0,0,0,66
2025-09-27T18:11:09.272Z,59.5,21.1,1.914,49.6,0,60.1,0,0,0,0,0,0,0,0,66
2025-09-27T18:11:10.276Z,59.5,21.1,1.914,49.6,0,60.1,0,0,0,0,0,0,0,0,66
2025-09-27T18:11:11.271Z,59.5,21.1,1.914,50.4,0,60.1,0,0,0,0,0,0,0,0,66
2025-09-27T18:11:12.270Z,59.5,21.1,1.914,49.6,0,60.1,0,0,0,0,0,0,0,0,66
2025-09-27T18:11:13.275Z,59.5,21.1,1.914,50.4,0,60.1,0,0,0,0,0,0,0,0,66
2025-09-27T18:11:14.273Z,59.5,21.1,1.914,50.4,0,60.1,0,0,0,0,0,0,0,0,66
2025-09-27T18:11:15.276Z,59.5,21.1,1.914,49.6,0,60.1,0,0,0,0,0,0,0,0,66
2025-09-27T18:11:16.276Z,59.5,21.1,1.914,49.6,0,60.1,0,0,0,0,0,0,0,0,66
2025-09-27T18:11:17.276Z,59.5,21.1,1.914,49.6,0,60.1,0,0,0,0,0,0,0,0,66
2025-09-27T18:11:18.278Z,59.5,21.1,1.914,50.4,0,60.1,0,0,0,0,0,0,0,0,66
2025-09-27T18:11:19.281Z,59.5,21.1,1.914,49.6,0,60.1,0,0,0,0,0,0,0,0,66
2025-09-27T18:11:20.281Z,59.5,21.1,1.914,49.6,0,60.1,0,0,0,0,0,0,0,0,66
2025-09-27T18:11:21.279Z,59.5,21.1,1.914,50.4,0,60.1,0,0,0,0,0,0,0,0,66
2025-09-27T18:11:22.279Z,59.5,21.1,1.914,49.6,0,60.1,0,0,0,0,0,0,0,0,66
2025-09-27T18:11:23.283Z,59.5,21.1,1.914,50.4,0,60.1,0,0,0,0,0,0,0,0,66
2025-09-27T18:11:24.285Z,59.5,21.1,1.914,49.6,0,60.1,0,0,0,0,0,0,0,0,66
2025-09-27T18:11:25.283Z,59.5,21.1,1.914,49.6,0,60.1,0,0,0,0,0,0,0,0,66
2025-09-27T18:11:26.287Z,59.5,21.1,1.914,50.4,0,60.1,0,0,0,0,0,0,0,0,66
2025-09-27T18:11:27.285Z,59.5,21.1,1.914,49.6,0,60.1,0,0,0,0,0,0,0,0,66
2025-09-27T18:11:28.283Z,59.5,21.1,1.914,49.6,0,60.1,0,0,0,0,0,0,0,0,66
2025-09-27T18:11:29.286Z,59.5,21.1,1.914,50.4,0,60.1,0,0,0,0,0,0,0,0,66
2025-09-27T18:11:30.290Z,59.5,21.1,1.914,50.4,0,60.1,0,0,0,0,0,0,0,0,66
2025-09-27T18:11:31.292Z,59.5,21.1,1.914,49.6,0,60.1,0,0,0,0,0,0,0,0,66
2025-09-27T18:11:32.290Z,59.5,21.1,1.914,50.4,0,60.1,0,0,0,0,0,0,0,0,66
2025-09-27T18:11:33.293Z,59.5,21.1,1.913,49.6,0,60.1,0,0,0,0,0,0,0,0,66
2025-09-27T18:11:34.292Z,59.5,21.1,1.914,50.4,0,60.1,0,0,0,0,0,0,0,0,66
2025-09-27T18:11:35.291Z,59.5,21.1,1.914,49.6,0,60.1,0,0,0,0,0,0,0,0,66
2025-09-27T18:11:36.293Z,59.5,21.1,1.914,50.4,0,60.1,0,0,0,0,0,0,0,0,66
2025-09-27T18:11:37.293Z,59.5,21.1,1.914,50.4,0,60.1,0,0,0,0,0,0,0,0,66
2025-09-27T18:11:38.297Z,59.5,21.1,1.913,49.6,0,60.1,0,0,0,0,0,0,0,0,66
2025-09-27T18:11:39.296Z,59.5,21.1,1.914,50.4,0,60.1,0,0,0,0,0,0,0,0,66
2025-09-27T18:11:40.299Z,59.5,21.1,1.913,49.6,0,60.1,0,0,0,0,0,0,0,0,66
2025-09-27T18:11:41.300Z,59.5,21.1,1.913,50.4,0,60.1,0,0,0,0,0,0,0,0,66
2025-09-27T18:11:42.301Z,59.5,21.1,1.913,49.6,0,60.1,0,0,0,0,0,0,0,0,66
2025-09-27T18:11:43.300Z,59.5,21.1,1.913,50.4,0,60.1,0,0,0,0,0,0,0,0,66
2025-09-27T18:11:44.301Z,59.5,21.1,1.913,49.6,0,60,0,0,0,0,0,0,0,0,66
2025-09-27T18:11:45.304Z,59.5,21.1,1.913,50.4,0,60.1,0,0,0,0,0,0,0,0,66
2025-09-27T18:11:46.303Z,59.5,21.1,1.913,50.4,0,60,0,0,0,0,0,0,0,0,66
2025-09-27T18:11:47.305Z,59.5,21.1,1.913,49.6,0,60,0,0,0,0,0,0,0,0,66
2025-09-27T18:11:48.310Z,59.5,21.1,1.913,50.4,0,60,0,0,0,0,0,0,0,0,66
2025-09-27T18:11:49.306Z,59.5,21.1,1.913,49.6,0,60,0,0,0,0,0,0,0,0,66
2025-09-27T18:11:50.311Z,59.5,21.1,1.913,49.6,0,60,0,0,0,0,0,0,0,0,66
2025-09-27T18:11:51.308Z,59.5,21.1,1.913,49.6,0,60,0,0,0,0,0,0,0,0,66
2025-09-27T18:11:52.306Z,59.5,21.1,1.913,50.4,0,60,0,0,0,0,0,0,0,0,66
2025-09-27T18:11:53.307Z,59.5,21.1,1.913,49.6,0,60,0,0,0,0,0,0,0,0,66
2025-09-27T18:11:54.312Z,59.5,21.1,1.913,50.4,0,60,0,0,0,0,0,0,0,0,66
2025-09-27T18:11:55.313Z,59.5,21.1,1.913,49.6,0,60,0,0,0,0,0,0,0,0,66
2025-09-27T18:11:56.311Z,59.5,21.1,1.913,49.6,0,60,0,0,0,0,0,0,0,0,66
2025-09-27T18:11:57.309Z,59.5,21.1,1.914,50.4,0,60,0,0,0,0,0,0,0,0,66
2025-09-27T18:11:58.313Z,59.5,21.1,1.913,49.6,0,60.1,0,0,0,0,0,0,0,0,66
2025-09-27T18:11:59.312Z,59.5,21.1,1.914,50.4,0,60,0,0,0,0,0,0,0,0,66
2025-09-27T18:12:00.318Z,59.5,21.1,1.913,50.4,0,60,0,0,0,0,0,0,0,0,66
2025-09-27T18:12:01.318Z,59.5,21.1,1.913,49.6,0,60,0,0,0,0,0,0,0,0,66
2025-09-27T18:12:02.325Z,59.5,21.1,1.913,50.4,0,60,0,0,0,0,0,0,0,0,66
2025-09-27T18:12:03.319Z,59.5,21.1,1.913,49.6,0,60,0,0,0,0,0,0,0,0,66
2025-09-27T18:12:04.323Z,59.6,21.1,1.913,50.4,0,60,0,0,0,0,0,0,0,0,66
2025-09-27T18:12:05.321Z,59.6,21.1,1.913,49.6,0,60,0,0,0,0,0,0,0,0,66
2025-09-27T18:12:06.322Z,59.6,21.1,1.913,50.4,0,60,0,0,0,0,0,0,0,0,66
2025-09-27T18:12:07.322Z,59.6,21.1,1.913,49.6,0,60,0,0,0,0,0,0,0,0,66
2025-09-27T18:12:08.321Z,59.6,21.1,1.913,50.4,0,60,0,0,0,0,0,0,0,0,66
2025-09-27T18:12:09.331Z,59.6,21.1,1.913,49.6,0,60,0,0,0,0,0,0,0,0,66
2025-09-27T18:12:10.326Z,59.6,21.1,1.913,50.4,0,60,0,0,0,0,0,0,0,0,66
2025-09-27T18:12:11.329Z,59.6,21.1,1.913,49.6,0,60,0,0,0,0,0,0,0,0,66
2025-09-27T18:12:12.328Z,59.6,21.1,1.913,50.4,0,60,0,0,0,0,0,0,0,0,66
2025-09-27T18:12:13.333Z,59.6,21.1,1.913,49.6,0,60,0,0,0,0,0,0,0,0,66
2025-09-27T18:12:14.329Z,59.6,21.1,1.913,50.4,0,60,0,0,0,0,0,0,0,0,66
2025-09-27T18:12:15.329Z,59.6,21.1,1.913,49.6,0,60,0,0,0,0,0,0,0,0,66
2025-09-27T18:12:16.333Z,59.6,21.1,1.913,50.4,0,60,0,0,0,0,0,0,0,0,66
2025-09-27T18:12:17.334Z,59.6,21.1,1.913,49.6,0,60,0,0,0,0,0,0,0,0,66
2025-09-27T18:12:18.334Z,59.6,21.1,1.913,50.4,0,60,0,0,0,0,0,0,0,0,66
2025-09-27T18:12:19.333Z,59.6,21.1,1.913,49.6,0,60,0,0,0,0,0,0,0,0,66
2025-09-27T18:12:20.340Z,59.6,21.1,1.913,50.4,0,60,0,0,0,0,0,0,0,0,66
2025-09-27T18:12:21.334Z,59.6,21.1,1.913,49.6,0,60,0,0,0,0,0,0,0,0,66
2025-09-27T18:12:22.333Z,59.6,21.1,1.913,50.4,0,60,0,0,0,0,0,0,0,0,66
2025-09-27T18:12:23.338Z,59.6,21.1,1.913,49.6,0,60.1,0,0,0,0,0,0,0,0,66
2025-09-27T18:12:24.337Z,59.6,21.1,1.913,50.4,0,60,0,0,0,0,0,0,0,0,66
2025-09-27T18:12:25.339Z,59.6,21.1,1.913,49.6,0,60,0,0,0,0,0,0,0,0,66
2025-09-27T18:12:26.344Z,59.6,21.1,1.913,50.4,0,60,0,0,0,0,0,0,0,0,66
2025-09-27T18:12:27.340Z,59.6,21.1,1.913,49.6,0,60,0,0,0,0,0,0,0,0,66
2025-09-27T18:12:28.344Z,59.6,21.1,1.913,50.4,0,60,0,0,0,0,0,0,0,0,66
2025-09-27T18:12:29.344Z,59.6,21.1,1.913,49.6,0,60,0,0,0,0,0,0,0,0,66
2025-09-27T18:12:30.345Z,59.6,21.1,1.913,50.4,0,60,0,0,0,0,0,0,0,0,66
2025-09-27T18:12:31.348Z,59.7,21.1,1.912,49.6,0,60,0,0,0,0,0,0,0,0,66
2025-09-27T18:12:32.347Z,59.7,21.1,1.912,50.4,0,60,0,0,0,0,0,0,0,0,66
2025-09-27T18:12:33.348Z,59.7,21.1,1.913,49.6,0,60,0,0,0,0,0,0,0,0,66
2025-09-27T18:12:34.349Z,59.7,21.1,1.913,49.6,0,60,0,0,0,0,0,0,0,0,66
2025-09-27T18:12:35.346Z,59.7,21.1,1.912,49.6,0,60,0,0,0,0,0,0,0,0,66
2025-09-27T18:12:36.348Z,59.7,21.1,1.912,50.4,0,60,0,0,0,0,0,0,0,0,66
2025-09-27T18:12:37.346Z,59.7,21.1,1.913,49.6,0,60,0,0,0,0,0,0,0,0,66
2025-09-27T18:12:38.352Z,59.7,21.1,1.913,50.4,0,60,0,0,0,0,0,0,0,0,66
2025-09-27T18:12:39.357Z,59.7,21.1,1.913,49.6,0,60,0,0,0,0,0,0,0,0,66
2025-09-27T18:12:40.354Z,59.7,21.1,1.913,50.4,0,60,0,0,0,0,0,0,0,0,66
2025-09-27T18:12:41.357Z,59.7,21.1,1.913,49.6,0,60,0,0,0,0,0,0,0,0,66
2025-09-27T18:12:42.354Z,59.7,21.1,1.913,50.4,0,60,0,0,0,0,0,0,0,0,66
2025-09-27T18:12:43.355Z,59.7,21.1,1.912,49.6,0,60,0,0,0,0,0,0,0,0,66
2025-09-27T18:12:44.360Z,59.7,21.1,1.913,50.4,0,60,0,0,0,0,0,0,0,0,66
2025-09-27T18:12:45.358Z,59.7,21.1,1.913,49.6,0,60,0,0,0,0,0,0,0,0,66
2025-09-27T18:12:46.360Z,59.7,21.1,1.913,50.4,0,60,0,0,0,0,0,0,0,0,66
2025-09-27T18:12:47.361Z,59.7,21.1,1.912,49.6,0,60,0,0,0,0,0,0,0,0,66
2025-09-27T18:12:48.362Z,59.7,21.1,1.913,50.4,0,60,0,0,0,0,0,0,0,0,66
2025-09-27T18:12:49.365Z,59.7,21.1,1.913,49.6,0,60,0,0,0,0,0,0,0,0,66
2025-09-27T18:12:50.364Z,59.7,21.1,1.913,50.4,0,60,0,0,0,0,0,0,0,0,66
2025-09-27T18:12:51.366Z,59.7,21.1,1.912,49.6,0,60,0,0,0,0,0,0,0,0,66
2025-09-27T18:12:52.361Z,59.7,21.1,1.913,50.4,0,60,0,0,0,0,0,0,0,0,66
2025-09-27T18:12:53.366Z,59.7,21.1,1.913,49.6,0,60,0,0,0,0,0,0,0,0,66
2025-09-27T18:12:54.366Z,59.7,21.1,1.913,49.6,0,60,0,0,0,0,0,0,0,0,66
2025-09-27T18:12:55.367Z,59.7,21.1,1.912,49.6,0,60,0,0,0,0,0,0,0,0,66
2025-09-27T18:12:56.366Z,59.7,21.1,1.912,50.4,0,60,0,0,0,0,0,0,0,0,66
2025-09-27T18:12:57.371Z,59.7,21.1,1.912,49.6,0,60,0,0,0,0,0,0,0,0,66
2025-09-27T18:12:58.369Z,59.8,21.1,1.912,50.4,0,60,0,0,0,0,0,0,0,0,66
2025-09-27T18:12:59.375Z,59.8,21.1,1.912,49.6,0,60,0,0,0,0,0,0,0,0,66
2025-09-27T18:13:00.372Z,59.8,21.1,1.912,50.4,0,60,0,0,0,0,0,0,0,0,66
2025-09-27T18:13:01.374Z,59.8,21.1,1.912,49.6,0,60,0,0,0,0,0,0,0,0,66
2025-09-27T18:13:02.371Z,59.8,21.1,1.912,50.4,0,60,0,0,0,0,0,0,0,0,66
2025-09-27T18:13:03.376Z,59.8,21.1,1.912,49.6,0,60,0,0,0,0,0,0,0,0,66
2025-09-27T18:13:04.377Z,59.8,21.1,1.912,50.4,0,60,0,0,0,0,0,0,0,0,66
2025-09-27T18:13:05.374Z,59.8,21.1,1.912,49.6,0,60,0,0,0,0,0,0,0,0,66
2025-09-27T18:13:06.382Z,59.8,21.1,1.912,50.4,0,60,0,0,0,0,0,0,0,0,66
2025-09-27T18:13:07.378Z,59.8,21.1,1.912,49.6,0,60,0,0,0,0,0,0,0,0,66
2025-09-27T18:13:08.380Z,59.8,21.1,1.912,50.4,0,60,0,0,0,0,0,0,0,0,66
2025-09-27T18:13:09.378Z,59.8,21.1,1.912,49.6,0,60,0,0,0,0,0,0,0,0,66
2025-09-27T18:13:10.382Z,59.8,21.1,1.912,50.4,0,60,0,0,0,0,0,0,0,0,66
2025-09-27T18:13:11.380Z,59.8,21.1,1.912,49.6,0,60,0,0,0,0,0,0,0,0,66
2025-09-27T18:13:12.381Z,59.8,21.1,1.912,50.4,0,60,0,0,0,0,0,0,0,0,66
2025-09-27T18:13:13.387Z,59.8,21.1,1.912,49.6,0,60,0,0,0,0,0,0,0,0,66
2025-09-27T18:13:14.383Z,59.8,21.1,1.912,50.4,0,60,0,0,0,0,0,0,0,0,66
2025-09-27T18:13:15.385Z,59.8,21.1,1.912,49.6,0,60,0,0,0,0,0,0,0,0,66
2025-09-27T18:13:16.389Z,59.8,21.1,1.912,50.4,0,60,0,0,0,0,0,0,0,0,66
2025-09-27T18:13:17.387Z,59.8,21.1,1.912,49.6,0,60,0,0,0,0,0,0,0,0,66
2025-09-27T18:13:18.391Z,59.8,21.1,1.912,50.4,0,60,0,0,0,0,0,0,0,0,66
2025-09-27T18:13:19.393Z,59.8,21.1,1.912,49.6,0,60,0,0,0,0,0,0,0,0,66
2025-09-27T18:13:20.394Z,59.8,21.1,1.912,49.6,0,60,0,0,0,0,0,0,0,0,66
2025-09-27T18:13:21.397Z,59.9,21.1,1.912,49.6,0,60,0,0,0,0,0,0,0,0,66
2025-09-27T18:13:22.395Z,59.8,21.1,1.912,50.4,0,60,0,0,0,0,0,0,0,0,66
2025-09-27T18:13:23.397Z,59.9,21.1,1.912,49.6,0,60,0,0,0,0,0,0,0,0,66
2025-09-27T18:13:24.394Z,59.9,21.1,1.912,50.4,0,60,0,0,0,0,0,0,0,0,66
2025-09-27T18:13:25.392Z,59.9,21.1,1.912,49.6,0,60,0,0,0,0,0,0,0,0,66
2025-09-27T18:13:26.398Z,59.9,21.1,1.912,49.6,0,60,0,0,0,0,0,0,0,0,66
2025-09-27T18:13:27.399Z,59.9,21.1,1.912,50.4,0,60,0,0,0,0,0,0,0,0,66
2025-09-27T18:13:28.397Z,59.9,21.1,1.912,49.6,0,60,0,0,0,0,0,0,0,0,66
2025-09-27T18:13:29.402Z,59.9,21.1,1.912,50.4,0,60,0,0,0,0,0,0,0,0,66
2025-09-27T18:13:30.404Z,59.9,21.1,1.912,49.6,0,60,0,0,0,0,0,0,0,0,66
2025-09-27T18:13:31.400Z,59.9,21.1,1.912,50.4,0,60,0,0,0,0,0,0,0,0,66
2025-09-27T18:13:32.403Z,59.9,21.1,1.911,49.6,0,60,0,0,0,0,0,0,0,0,66
2025-09-27T18:13:33.404Z,59.9,21.1,1.912,49.6,0,60,0,0,0,0,0,0,0,0,66
2025-09-27T18:13:34.404Z,59.9,21.1,1.912,50.4,0,60,0,0,0,0,0,0,0,0,66
2025-09-27T18:13:35.402Z,59.9,21.1,1.912,49.6,0,60,0,0,0,0,0,0,0,0,66
2025-09-27T18:13:36.414Z,59.9,21.1,1.911,50.4,0,60,0,0,0,0,0,0,0,0,66
2025-09-27T18:13:37.406Z,59.9,21.1,1.912,49.6,0,60,0,0,0,0,0,0,0,0,66
2025-09-27T18:13:38.407Z,59.9,21.1,1.911,50.4,0,60,0,0,0,0,0,0,0,0,66
2025-09-27T18:13:39.410Z,59.9,21.1,1.911,49.6,0,60,0,0,0,0,0,0,0,0,66
2025-09-27T18:13:40.406Z,60,21.1,1.912,50.4,0,60,0,0,0,0,0,0,0,0,66
2025-09-27T18:13:41.411Z,60,21.1,1.911,50.4,0,60,0,0,0,0,0,0,0,0,66
2025-09-27T18:13:42.410Z,60,21.1,1.911,49.6,0,60,0,0,0,0,0,0,0,0,66
2025-09-27T18:13:43.411Z,60,21.1,1.911,49.6,0,60,0,0,0,0,0,0,0,0,66
2025-09-27T18:13:44.413Z,60,21.1,1.911,50.4,0,60,0,0,0,0,0,0,0,0,66
2025-09-27T18:13:45.412Z,60,21.1,1.911,50.4,0,60,0,0,0,0,0,0,0,0,66
2025-09-27T18:13:46.414Z,60,21.1,1.911,49.6,0,60,0,0,0,0,0,0,0,0,66
2025-09-27T18:13:47.418Z,60,21.1,1.911,49.6,0,60,0,0,0,0,0,0,0,0,66
2025-09-27T18:13:48.415Z,60,21.1,1.912,49.6,0,60,0,0,0,0,0,0,0,0,66
2025-09-27T18:13:49.419Z,60,21.1,1.911,50.4,0,60,0,0,0,0,0,0,0,0,66
2025-09-27T18:13:50.422Z,60,21.1,1.911,49.6,0,60,0,0,0,0,0,0,0,0,66
2025-09-27T18:13:51.414Z,60,21.1,1.911,50.4,0,60,0,0,0,0,0,0,0,0,66
2025-09-27T18:13:52.418Z,60,21.1,1.91,49.6,0,60,0,0,0,0,0,0,0,0,66
2025-09-27T18:13:53.420Z,60,21.1,1.91,49.6,0,60,0,0,0,0,0,0,0,0,66
2025-09-27T18:13:54.418Z,60,21.1,1.911,50.4,0,60,0,0,0,0,0,0,0,0,66
2025-09-27T18:13:55.425Z,60,21.1,1.91,49.6,0,60,0,0,0,0,0,0,0,0,66
2025-09-27T18:13:56.421Z,60,21.1,1.91,50.4,0,60,0,0,0,0,0,0,0,0,66
2025-09-27T18:13:57.423Z,60,21.1,1.91,49.6,0,60,0,0,0,0,0,0,0,0,66
2025-09-27T18:13:58.427Z,60,21.1,1.91,49.6,0,60,0,0,0,0,0,0,0,0,66
2025-09-27T18:13:59.423Z,60.1,21.1,1.91,50.4,0,60,0,0,0,0,0,0,0,0,66
2025-09-27T18:14:00.423Z,60.1,21.1,1.91,49.6,0,60,0,0,0,0,0,0,0,0,66
2025-09-27T18:14:01.430Z,60.1,21.1,1.91,49.6,0,60,0,0,0,0,0,0,0,0,66
2025-09-27T18:14:02.430Z,60.1,21.1,1.91,50.4,0,60,0,0,0,0,0,0,0,0,66
2025-09-27T18:14:03.430Z,60.1,21.1,1.91,50.4,0,60,0,0,0,0,0,0,0,0,66
2025-09-27T18:14:04.431Z,60.1,21.1,1.91,49.6,0,60,0,0,0,0,0,0,0,0,66
2025-09-27T18:14:05.435Z,60.1,21.1,1.91,50.4,0,60,0,0,0,0,0,0,0,0,66
2025-09-27T18:14:06.433Z,60.1,21.1,1.91,49.6,0,60,0,0,0,0,0,0,0,0,66
2025-09-27T18:14:07.433Z,60.1,21.1,1.91,50.4,0,60,0,0,0,0,0,0,0,0,66
2025-09-27T18:14:08.438Z,60.1,21.1,1.91,49.6,0,60,0,0,0,0,0,0,0,0,66
2025-09-27T18:14:09.438Z,60.1,21.1,1.91,50.4,0,60,0,0,0,0,0,0,0,0,66
2025-09-27T18:14:10.440Z,60.1,21.1,1.91,49.6,0,60,0,0,0,0,0,0,0,0,66
2025-09-27T18:14:11.439Z,60.1,21.1,1.91,50.4,0,60,0,0,0,0,0,0,0,0,66
2025-09-27T18:14:12.439Z,60.1,21.1,1.91,49.6,0,60,0,0,0,0,0,0,0,0,66
2025-09-27T18:14:13.440Z,60.1,21.1,1.91,49.6,0,60,0,0,0,0,0,0,0,0,66
2025-09-27T18:14:14.442Z,60.1,21.1,1.91,50.4,0,60,0,0,0,0,0,0,0,0,66
2025-09-27T18:14:15.443Z,60.2,21.1,1.91,49.6,0,60,0,0,0,0,0,0,0,0,66
2025-09-27T18:14:16.440Z,60.2,21.1,1.91,49.6,0,60,0,0,0,0,0,0,0,0,66
2025-09-27T18:14:17.442Z,60.2,21.1,1.91,50.4,0,60,0,0,0,0,0,0,0,0,66
2025-09-27T18:14:18.447Z,60.2,21.1,1.91,49.6,0,60,0,0,0,0,0,0,0,0,66
2025-09-27T18:14:19.447Z,60.2,21.1,1.91,49.6,0,60,0,0,0,0,0,0,0,0,66
2025-09-27T18:14:20.451Z,60.2,21.1,1.911,50.4,0,60,0,0,0,0,0,0,0,0,66
2025-09-27T18:14:21.446Z,60.2,21.1,1.91,49.6,0,60,0,0,0,0,0,0,0,0,66
2025-09-27T18:14:22.451Z,60.2,21.1,1.911,49.6,0,60,0,0,0,0,0,0,0,0,66
2025-09-27T18:14:23.450Z,60.2,21.1,1.911,50.4,0,60,0,0,0,0,0,0,0,0,66
2025-09-27T18:14:24.445Z,60.2,21.1,1.91,49.6,0,60,0,0,0,0,0,0,0,0,66
2025-09-27T18:14:25.449Z,60.2,21.1,1.91,49.6,0,60,0,0,0,0,0,0,0,0,66
2025-09-27T18:14:26.449Z,60.2,21.1,1.91,50.4,0,60,0,0,0,0,0,0,0,0,66
2025-09-27T18:14:27.452Z,60.2,21.1,1.91,49.6,0,60,0,0,0,0,0,0,0,0,66
2025-09-27T18:14:28.457Z,60.2,21.1,1.911,49.6,0,60,0,0,0,0,0,0,0,0,66
2025-09-27T18:14:29.453Z,60.2,21.1,1.91,50.4,0,60,0,0,0,0,0,0,0,0,66
2025-09-27T18:14:30.457Z,60.2,21.1,1.91,49.6,0,60,0,0,0,0,0,0,0,0,66
2025-09-27T18:14:31.458Z,60.3,21.1,1.911,49.6,0,60,0,0,0,0,0,0,0,0,66
2025-09-27T18:14:32.457Z,60.3,21.1,1.91,50.4,0,60,0,0,0,0,0,0,0,0,66
2025-09-27T18:14:33.458Z,60.3,21.1,1.91,50.4,0,60,0,0,0,0,0,0,0,0,66
2025-09-27T18:14:34.461Z,60.3,21.1,1.91,49.6,0,60,0,0,0,0,0,0,0,0,66
2025-09-27T18:14:35.458Z,60.3,21.1,1.909,50.4,0,60,0,0,0,0,0,0,0,0,66
2025-09-27T18:14:36.464Z,60.3,21.1,1.91,49.6,0,60,0,0,0,0,0,0,0,0,66
2025-09-27T18:14:37.460Z,60.3,21.1,1.909,50.4,0,60,0,0,0,0,0,0,0,0,66
2025-09-27T18:14:38.465Z,60.3,21.1,1.91,50.4,0,60,0,0,0,0,0,0,0,0,66
2025-09-27T18:14:39.464Z,60.3,21.1,1.91,49.6,0,60,0,0,0,0,0,0,0,0,66
2025-09-27T18:14:40.466Z,60.3,21.1,1.91,50.4,0,60,0,0,0,0,0,0,0,0,66
2025-09-27T18:14:41.469Z,60.3,21.1,1.91,49.6,0,60,0,0,0,0,0,0,0,0,66
2025-09-27T18:14:42.468Z,60.3,21.1,1.91,49.6,0,60,0,0,0,0,0,0,0,0,66
2025-09-27T18:14:43.469Z,60.3,21.1,1.91,50.4,0,60,0,0,0,0,0,0,0,0,66
2025-09-27T18:14:44.470Z,60.3,21.1,1.909,49.6,0,60,0,0,0,0,0,0,0,0,66
2025-09-27T18:14:45.474Z,60.3,21.1,1.91,50.4,0,60,0,0,0,0,0,0,0,0,66
2025-09-27T18:14:46.481Z,60.4,21.1,1.909,50.4,0,60,0,0,0,0,0,0,0,0,66
2025-09-27T18:14:47.497Z,60.4,21.1,1.909,49.6,0,60,0,0,0,0,0,0,0,0,66
2025-09-27T18:14:48.472Z,60.4,21.1,1.909,50.4,0,60,0,0,0,0,0,0,0,0,66
2025-09-27T18:14:49.470Z,60.4,21.1,1.909,49.6,0,60,0,0,0,0,0,0,0,0,66
2025-09-27T18:14:50.478Z,60.4,21.1,1.909,50.4,0,60,0,0,0,0,0,0,0,0,66
2025-09-27T18:14:51.477Z,60.4,21.1,1.909,50.4,0,60,0,0,0,0,0,0,0,0,66
2025-09-27T18:14:52.478Z,60.4,21.1,1.909,49.6,0,60,0,0,0,0,0,0,0,0,66
2025-09-27T18:14:53.478Z,60.4,21.1,1.909,50.4,0,60,0,0,0,0,0,0,0,0,66
2025-09-27T18:14:54.479Z,60.4,21.1,1.909,49.6,0,60,0,0,0,0,0,0,0,0,66
2025-09-27T18:14:55.478Z,60.4,21.1,1.909,50.4,0,60,0,0,0,0,0,0,0,0,66
2025-09-27T18:14:56.478Z,60.4,21.1,1.909,50.4,0,60,0,0,0,0,0,0,0,0,66
2025-09-27T18:14:57.475Z,60.4,21.1,1.909,49.6,0,60,0,0,0,0,0,0,0,0,66
2025-09-27T18:14:58.482Z,60.4,21.1,1.909,50.4,0,60,0,0,0,0,0,0,0,0,66
2025-09-27T18:14:59.482Z,60.4,21.1,1.909,49.6,0,60,0,0,0,0,0,0,0,0,66
2025-09-27T18:15:00.488Z,60.4,21.1,1.909,50.4,0,60,0,0,0,0,0,0,0,0,66
2025-09-27T18:15:01.484Z,60.5,21.1,1.909,49.6,0,60,0,0,0,0,0,0,0,0,66
2025-09-27T18:15:02.485Z,60.4,21.1,1.909,50.4,0,60,0,0,0,0,0,0,0,0,66
2025-09-27T18:15:03.493Z,60.5,21.1,1.909,50.4,0,60,0,0,0,0,0,0,0,0,66
2025-09-27T18:15:04.487Z,60.5,21.1,1.909,49.6,0,60,0,0,0,0,0,0,0,0,66
2025-09-27T18:15:05.497Z,60.5,21.1,1.909,49.6,0,60,0,0,0,0,0,0,0,0,66
2025-09-27T18:15:06.490Z,60.5,21.1,1.909,50.4,0,60,0,0,0,0,0,0,0,0,66
2025-09-27T18:15:07.498Z,60.5,21.1,1.909,49.6,0,60,0,0,0,0,0,0,0,0,66
2025-09-27T18:15:08.494Z,60.5,21.1,1.909,49.6,0,60,0,0,0,0,0,0,0,0,66
2025-09-27T18:15:09.498Z,60.5,21.1,1.909,50.4,0,60,0,0,0,0,0,0,0,0,66
2025-09-27T18:15:10.495Z,60.5,21.1,1.909,49.6,0,60,0,0,0,0,0,0,0,0,66
2025-09-27T18:15:11.494Z,60.5,21.1,1.909,50.4,0,60,0,0,0,0,0,0,0,0,66
2025-09-27T18:15:12.491Z,60.5,21.1,1.909,49.6,0,60,0,0,0,0,0,0,0,0,66
2025-09-27T18:15:13.495Z,60.5,21.1,1.909,50.4,0,60,0,0,0,0,0,0,0,0,66
2025-09-27T18:15:14.497Z,60.5,21.1,1.909,49.6,0,60,0,0,0,0,0,0,0,0,66
2025-09-27T18:15:15.497Z,60.5,21.1,1.909,49.6,0,60,0,0,0,0,0,0,0,0,66
2025-09-27T18:15:16.499Z,60.5,21.1,1.909,50.4,0,60,0,0,0,0,0,0,0,0,66
2025-09-27T18:15:17.497Z,60.5,21.1,1.909,49.6,0,60,0,0,0,0,0,0,0,0,66
2025-09-27T18:15:18.499Z,60.5,21.1,1.909,50.4,0,60,0,0,0,0,0,0,0,0,66
2025-09-27T18:15:19.498Z,60.5,21.1,1.909,49.6,0,60,0,0,0,0,0,0,0,0,66
2025-09-27T18:15:20.500Z,60.6,21.1,1.909,50.4,0,60,0,0,0,0,0,0,0,0,66
2025-09-27T18:15:21.499Z,60.6,21.1,1.909,50.4,0,60,0,0,0,0,0,0,0,0,66
2025-09-27T18:15:22.500Z,60.6,21.1,1.909,49.6,0,60,0,0,0,0,0,0,0,0,66
2025-09-27T18:15:23.503Z,60.6,21.1,1.909,50.4,0,60,0,0,0,0,0,0,0,0,66
2025-09-27T18:15:24.504Z,60.6,21.1,1.909,49.6,0,60,0,0,0,0,0,0,0,0,66
2025-09-27T18:15:25.507Z,60.6,21.1,1.909,50.4,0,60,0,0,0,0,0,0,0,0,66
2025-09-27T18:15:26.506Z,60.6,21.1,1.909,49.6,0,60,0,0,0,0,0,0,0,0,66
2025-09-27T18:15:27.508Z,60.6,21.1,1.909,50.4,0,60,0,0,0,0,0,0,0,0,66
2025-09-27T18:15:28.509Z,60.6,21.1,1.908,49.6,0,60,0,0,0,0,0,0,0,0,66
2025-09-27T18:15:29.506Z,60.6,21.1,1.908,50.4,0,60,0,0,0,0,0,0,0,0,66
2025-09-27T18:15:30.506Z,60.6,21.1,1.908,49.6,0,60,0,0,0,0,0,0,0,0,66
2025-09-27T18:15:31.512Z,60.6,21.1,1.909,50.4,0,60,0,0,0,0,0,0,0,0,66
2025-09-27T18:15:32.509Z,60.6,21.1,1.908,49.6,0,60,0,0,0,0,0,0,0,0,66
2025-09-27T18:15:33.512Z,60.6,21.1,1.908,49.6,0,60,0,0,0,0,0,0,0,0,66
2025-09-27T18:15:34.511Z,60.6,21.1,1.908,49.6,0,60,0,0,0,0,0,0,0,0,66
2025-09-27T18:15:35.511Z,60.6,21.1,1.908,50.4,0,60,0,0,0,0,0,0,0,0,66
2025-09-27T18:15:36.522Z,60.6,21.1,1.908,49.6,0,60,0,0,0,0,0,0,0,0,66
2025-09-27T18:15:37.516Z,60.6,21.1,1.908,50.4,0,60,0,0,0,0,0,0,0,0,66
2025-09-27T18:15:38.515Z,60.6,21.1,1.908,49.6,0,60,0,0,0,0,0,0,0,0,66
2025-09-27T18:15:39.520Z,60.6,21.1,1.908,50.4,0,60,0,0,0,0,0,0,0,0,66
2025-09-27T18:15:40.517Z,60.6,21.1,1.908,49.6,0,60,0,0,0,0,0,0,0,0,66
2025-09-27T18:15:41.521Z,60.7,21.1,1.908,49.6,0,60,0,0,0,0,0,0,0,0,66
2025-09-27T18:15:42.518Z,60.7,21.1,1.908,50.4,0,60,0,0,0,0,0,0,0,0,66
2025-09-27T18:15:43.521Z,60.7,21.1,1.906,49.6,0,60,0,0,0,0,0,0,0,0,66
2025-09-27T18:15:44.520Z,60.7,21.1,1.906,50.4,0,60,0,0,0,0,0,0,0,0,66
2025-09-27T18:15:45.520Z,60.7,21.1,1.906,49.6,0,60,0,0,0,0,0,0,0,0,66
2025-09-27T18:15:46.522Z,60.7,21.1,1.906,50.4,0,60,0,0,0,0,0,0,0,0,66
2025-09-27T18:15:47.524Z,60.7,21.1,1.908,49.6,0,60,0,0,0,0,0,0,0,0,66
2025-09-27T18:15:48.527Z,60.7,21.1,1.906,50.4,0,60,0,0,0,0,0,0,0,0,66
2025-09-27T18:15:49.530Z,60.7,21.1,1.906,49.6,0,60,0,0,0,0,0,0,0,0,66
2025-09-27T18:15:50.527Z,60.7,21.1,1.906,49.6,0,60,0,0,0,0,0,0,0,0,66
2025-09-27T18:15:51.528Z,60.7,21.1,1.906,50.4,0,60,0,0,0,0,0,0,0,0,66
2025-09-27T18:15:52.523Z,60.7,21.1,1.906,49.6,0,60,0,0,0,0,0,0,0,0,66
2025-09-27T18:15:53.525Z,60.7,21.1,1.906,50.4,0,60,0,0,0,0,0,0,0,0,66
2025-09-27T18:15:54.526Z,60.7,21.1,1.906,49.6,0,60,0,0,0,0,0,0,0,0,66
2025-09-27T18:15:55.525Z,60.7,21.1,1.906,50.4,0,60,0,0,0,0,0,0,0,0,66
2025-09-27T18:15:56.531Z,60.7,21.1,1.906,49.6,0,60,0,0,0,0,0,0,0,0,66
2025-09-27T18:15:57.529Z,60.7,21.1,1.906,49.6,0,60,0,0,0,0,0,0,0,0,66
2025-09-27T18:15:58.531Z,60.7,21.1,1.906,50.4,0,60,0,0,0,0,0,0,0,0,66
2025-09-27T18:15:59.535Z,60.7,21.1,1.906,49.6,0,60,0,0,0,0,0,0,0,0,66
2025-09-27T18:16:00.532Z,60.7,21.1,1.906,50.4,0,60,0,0,0,0,0,0,0,0,66
2025-09-27T18:16:01.535Z,60.7,21.1,1.906,49.6,0,60,0,0,0,0,0,0,0,0,66
2025-09-27T18:16:02.537Z,60.7,21.1,1.906,49.6,0,60,0,0,0,0,0,0,0,0,66
2025-09-27T18:16:03.539Z,60.7,21.1,1.907,50.4,0,60,0,0,0,0,0,0,0,0,66
2025-09-27T18:16:04.538Z,60.8,21.1,1.906,50.4,0,60,0,0,0,0,0,0,0,0,66
2025-09-27T18:16:05.542Z,60.8,21.1,1.907,49.6,0,60,0,0,0,0,0,0,0,0,66
2025-09-27T18:16:06.540Z,60.8,21.1,1.906,50.4,0,60,0,0,0,0,0,0,0,0,66
2025-09-27T18:16:07.548Z,60.8,21.1,1.907,49.6,0,60,0,0,0,0,0,0,0,0,66
2025-09-27T18:16:08.544Z,60.8,21.1,1.907,50.4,0,60,0,0,0,0,0,0,0,0,66
2025-09-27T18:16:09.547Z,60.8,21.1,1.907,49.6,0,60,0,0,0,0,0,0,0,0,66
2025-09-27T18:16:10.546Z,60.8,21.1,1.907,50.4,0,60,0,0,0,0,0,0,0,0,66
2025-09-27T18:16:11.547Z,60.8,21.1,1.907,49.6,0,60,0,0,0,0,0,0,0,0,66
2025-09-27T18:16:12.548Z,60.8,21.1,1.907,50.4,0,60,0,0,0,0,0,0,0,0,66
2025-09-27T18:16:13.552Z,60.8,21.1,1.907,50.4,0,60,0,0,0,0,0,0,0,0,66
2025-09-27T18:16:14.553Z,60.8,21.1,1.907,49.6,0,60,0,0,0,0,0,0,0,0,66
2025-09-27T18:16:15.551Z,60.8,21.1,1.907,50.4,0,60,0,0,0,0,0,0,0,0,66
2025-09-27T18:16:16.555Z,60.8,21.1,1.907,49.6,0,60,0,0,0,0,0,0,0,0,66
2025-09-27T18:16:17.555Z,60.8,21.1,1.907,50.4,0,60,0,0,0,0,0,0,0,0,66
2025-09-27T18:16:18.557Z,60.8,21.1,1.907,49.6,0,60,0,0,0,0,0,0,0,0,66
2025-09-27T18:16:19.561Z,60.8,21.1,1.907,50.4,0,60,0,0,0,0,0,0,0,0,66
2025-09-27T18:16:20.556Z,60.8,21.1,1.907,49.6,0,60,0,0,0,0,0,0,0,0,66
2025-09-27T18:16:21.555Z,60.8,21.1,1.907,50.4,0,60,0,0,0,0,0,0,0,0,66
2025-09-27T18:16:22.556Z,60.8,21.1,1.907,49.6,0,60,0,0,0,0,0,0,0,0,66
2025-09-27T18:16:23.560Z,60.8,21.1,1.907,49.6,0,60,0,0,0,0,0,0,0,0,66
2025-09-27T18:16:24.560Z,60.8,21.1,1.907,49.6,0,60,0,0,0,0,0,0,0,0,66
2025-09-27T18:16:25.564Z,60.8,21.1,1.907,50.4,0,60,0,0,0,0,0,0,0,0,66
2025-09-27T18:16:26.562Z,60.8,21.1,1.907,49.6,0,60,0,0,0,0,0,0,0,0,66
2025-09-27T18:16:27.565Z,60.8,21.1,1.907,50.4,0,60,0,0,0,0,0,0,0,0,66
2025-09-27T18:16:28.564Z,60.8,21.1,1.907,49.6,0,60,0,0,0,0,0,0,0,0,66
2025-09-27T18:16:29.564Z,60.8,21.1,1.907,50.4,0,60,0,0,0,0,0,0,0,0,66
2025-09-27T18:16:30.566Z,60.8,21.1,1.907,49.6,0,60,0,0,0,0,0,0,0,0,66
2025-09-27T18:16:31.567Z,60.8,21.1,1.907,49.6,0,60,0,0,0,0,0,0,0,0,66
2025-09-27T18:16:32.570Z,60.8,21.1,1.907,50.4,0,60,0,0,0,0,0,0,0,0,66
2025-09-27T18:16:33.568Z,60.8,21.1,1.907,49.6,0,60,0,0,0,0,0,0,0,0,66
2025-09-27T18:16:34.571Z,60.8,21.1,1.907,49.6,0,60,0,0,0,0,0,0,0,0,66
2025-09-27T18:16:35.570Z,60.8,21.1,1.907,50.4,0,60,0,0,0,0,0,0,0,0,66
2025-09-27T18:16:36.569Z,60.8,21.1,1.907,49.6,0,60,0,0,0,0,0,0,0,0,66
2025-09-27T18:16:37.574Z,60.8,21.1,1.907,50.4,0,60,0,0,0,0,0,0,0,0,66
2025-09-27T18:16:38.575Z,60.8,21.1,1.906,49.6,0,60,0,0,0,0,0,0,0,0,66
2025-09-27T18:16:39.577Z,60.8,21.1,1.906,50.4,0,60,0,0,0,0,0,0,0,0,66
2025-09-27T18:16:40.575Z,60.9,21.1,1.907,50.4,0,60,0,0,0,0,0,0,0,0,66
2025-09-27T18:16:41.578Z,60.8,21.1,1.906,49.6,0,60,0,0,0,0,0,0,0,0,66
2025-09-27T18:16:42.577Z,60.8,21.1,1.907,50.4,0,60,0,0,0,0,0,0,0,0,66
2025-09-27T18:16:43.579Z,60.9,21.1,1.906,49.6,0,60,0,0,0,0,0,0,0,0,66
2025-09-27T18:16:44.580Z,60.9,21.1,1.906,50.4,0,60,0,0,0,0,0,0,0,0,66
2025-09-27T18:16:45.579Z,60.9,21.1,1.907,49.6,0,60,0,0,0,0,0,0,0,0,66
2025-09-27T18:16:46.585Z,60.9,21.1,1.906,49.6,0,60,0,0,0,0,0,0,0,0,66
2025-09-27T18:16:47.588Z,60.9,21.1,1.906,50.4,0,60,0,0,0,0,0,0,0,0,66
2025-09-27T18:16:48.587Z,60.9,21.1,1.906,49.6,0,60,0,0,0,0,0,0,0,0,66
2025-09-27T18:16:49.585Z,60.9,21.1,1.906,50.4,0,60,0,0,0,0,0,0,0,0,66
2025-09-27T18:16:50.593Z,60.9,21.1,1.906,49.6,0,60,0,0,0,0,0,0,0,0,66
2025-09-27T18:16:51.590Z,60.9,21.1,1.906,49.6,0,60,0,0,0,0,0,0,0,0,66
2025-09-27T18:16:52.584Z,60.9,21.1,1.906,50.4,0,60,0,0,0,0,0,0,0,0,66
2025-09-27T18:16:53.586Z,60.9,21.1,1.906,49.6,0,60,0,0,0,0,0,0,0,0,66
2025-09-27T18:16:54.589Z,60.9,21.1,1.906,50.4,0,60,0,0,0,0,0,0,0,0,66
2025-09-27T18:16:55.588Z,60.9,21.1,1.906,50.4,0,60,0,0,0,0,0,0,0,0,66
2025-09-27T18:16:56.591Z,60.9,21.1,1.906,49.6,0,60,0,0,0,0,0,0,0,0,66
2025-09-27T18:16:57.589Z,60.9,21.1,1.906,50.4,0,60,0,0,0,0,0,0,0,0,66
2025-09-27T18:16:58.592Z,60.9,21.1,1.906,49.6,0,60,0,0,0,0,0,0,0,0,66
2025-09-27T18:16:59.594Z,60.9,21.1,1.906,50.4,0,60,0,0,0,0,0,0,0,0,66
2025-09-27T18:17:00.596Z,60.9,21.1,1.906,49.6,0,60,0,0,0,0,0,0,0,0,66
2025-09-27T18:17:01.596Z,60.9,21.1,1.906,50.4,0,60,0,0,0,0,0,0,0,0,66
2025-09-27T18:17:02.596Z,60.9,21.1,1.906,49.6,0,60,0,0,0,0,0,0,0,0,66
2025-09-27T18:17:03.596Z,60.9,21.1,1.906,50.4,0,60,0,0,0,0,0,0,0,0,66
2025-09-27T18:17:04.598Z,60.9,21.1,1.906,49.6,0,60,0,0,0,0,0,0,0,0,66
2025-09-27T18:17:05.600Z,60.9,21.1,1.906,50.4,0,60,0,0,0,0,0,0,0,0,66
2025-09-27T18:17:06.599Z,60.9,21.1,1.906,49.6,0,60,0,0,0,0,0,0,0,0,66
2025-09-27T18:17:07.602Z,60.9,21.1,1.906,50.4,0,60,0,0,0,0,0,0,0,0,66
2025-09-27T18:17:08.598Z,60.9,21.1,1.906,49.6,0,60,0,0,0,0,0,0,0,0,66
2025-09-27T18:17:09.601Z,60.9,21.1,1.906,50.4,0,60,0,0,0,0,0,0,0,0,66
2025-09-27T18:17:10.602Z,60.9,21.1,1.906,49.6,0,60,0,0,0,0,0,0,0,0,66
2025-09-27T18:17:11.607Z,60.9,21.1,1.907,50.4,0,60,0,0,0,0,0,0,0,0,66
2025-09-27T18:17:12.608Z,60.9,21.1,1.907,49.6,0,60,0,0,0,0,0,0,0,0,66
2025-09-27T18:17:13.605Z,60.9,21.1,1.906,50.4,0,60,0,0,0,0,0,0,0,0,66
2025-09-27T18:17:14.613Z,60.9,21.1,1.907,49.6,0,60,0,0,0,0,0,0,0,0,66
2025-09-27T18:17:15.610Z,60.9,21.1,1.907,50.4,0,60,0,0,0,0,0,0,0,0,66
2025-09-27T18:17:16.609Z,60.9,21.1,1.906,49.6,0,60,0,0,0,0,0,0,0,0,66
2025-09-27T18:17:17.613Z,60.9,21.1,1.907,50.4,0,60,0,0,0,0,0,0,0,0,66
2025-09-27T18:17:18.611Z,60.9,21.1,1.907,49.6,0,60,0,0,0,0,0,0,0,0,66
2025-09-27T18:17:19.612Z,60.9,21.1,1.906,50.4,0,60,0,0,0,0,0,0,0,0,66
2025-09-27T18:17:20.615Z,60.9,21.1,1.907,49.6,0,60,0,0,0,0,0,0,0,0,66
2025-09-27T18:17:21.613Z,60.9,21.1,1.907,50.4,0,60,0,0,0,0,0,0,0,0,66
2025-09-27T18:17:22.618Z,60.9,21.1,1.907,49.6,0,60,0,0,0,0,0,0,0,0,66
2025-09-27T18:17:23.615Z,60.9,21.1,1.907,50.4,0,60,0,0,0,0,0,0,0,0,66
2025-09-27T18:17:24.613Z,60.9,21.1,1.906,49.6,0,60,0,0,0,0,0,0,0,0,66
2025-09-27T18:17:25.616Z,60.9,21.1,1.907,50.4,0,60,0,0,0,0,0,0,0,0,66
2025-09-27T18:17:26.613Z,60.9,21.1,1.906,49.6,0,60,0,0,0,0,0,0,0,0,66
2025-09-27T18:17:27.618Z,60.9,21.1,1.907,50.4,0,60,0,0,0,0,0,0,0,0,66
2025-09-27T18:17:28.622Z,60.9,21.1,1.907,49.6,0,60,0,0,0,0,0,0,0,0,66
2025-09-27T18:17:29.617Z,60.9,21.1,1.906,49.6,0,60,0,0,0,0,0,0,0,0,66
2025-09-27T18:17:30.623Z,60.9,21.1,1.907,49.6,0,60,0,0,0,0,0,0,0,0,66
2025-09-27T18:17:31.621Z,60.9,21.1,1.907,49.6,0,60,0,0,0,0,0,0,0,0,66
2025-09-27T18:17:32.625Z,60.9,21.1,1.907,49.6,0,60,0,0,0,0,0,0,0,0,66
2025-09-27T18:17:33.631Z,60.9,21.1,1.907,50.4,0,60,0,0,0,0,0,0,0,0,66
2025-09-27T18:17:34.626Z,60.9,21.1,1.907,49.6,0,60,0,0,0,0,0,0,0,0,66
2025-09-27T18:17:35.631Z,60.9,21.1,1.907,49.6,0,60,0,0,0,0,0,0,0,0,66
2025-09-27T18:17:36.627Z,60.9,21.1,1.907,50.4,0,60,0,0,0,0,0,0,0,0,66
2025-09-27T18:17:37.628Z,60.8,21.1,1.907,49.6,0,60,0,0,0,0,0,0,0,0,66
2025-09-27T18:17:38.629Z,60.8,21.1,1.907,49.6,0,60,0,0,0,0,0,0,0,0,66
2025-09-27T18:17:39.632Z,60.8,21.1,1.907,50.4,0,60,0,0,0,0,0,0,0,0,66
2025-09-27T18:17:40.629Z,60.8,21.1,1.907,49.6,0,60,0,0,0,0,0,0,0,0,66
2025-09-27T18:17:41.631Z,60.8,21.1,1.907,49.6,0,60,0,0,0,0,0,0,0,0,66
2025-09-27T18:17:42.634Z,60.8,21.1,1.907,50.4,0,60,0,0,0,0,0,0,0,0,66
2025-09-27T18:17:43.631Z,60.8,21.1,1.907,49.6,0,60,0,0,0,0,0,0,0,0,66
2025-09-27T18:17:44.638Z,60.8,21.1,1.907,49.6,0,60,0,0,0,0,0,0,0,0,66
2025-09-27T18:17:45.636Z,60.8,21.1,1.907,50.4,0,60,0,0,0,0,0,0,0,0,66
2025-09-27T18:17:46.637Z,60.8,21.1,1.907,49.6,0,60,0,0,0,0,0,0,0,0,66
2025-09-27T18:17:47.640Z,60.8,21.1,1.907,49.6,0,60,0,0,0,0,0,0,0,0,66
2025-09-27T18:17:48.640Z,60.8,21.1,1.907,50.4,0,60,0,0,0,0,0,0,0,0,66
2025-09-27T18:17:49.643Z,60.8,21.1,1.907,50.4,0,60,0,0,0,0,0,0,0,0,66
2025-09-27T18:17:50.639Z,60.8,21.1,1.907,49.6,0,60,0,0,0,0,0,0,0,0,66
2025-09-27T18:17:51.640Z,60.8,21.1,1.907,50.4,0,60,0,0,0,0,0,0,0,0,66
2025-09-27T18:17:52.639Z,60.8,21.1,1.907,49.6,0,60,0,0,0,0,0,0,0,0,66
2025-09-27T18:17:53.639Z,60.8,21.1,1.907,50.4,0,60,0,0,0,0,0,0,0,0,66
2025-09-27T18:17:54.639Z,60.8,21.1,1.907,50.4,0,60,0,0,0,0,0,0,0,0,66
2025-09-27T18:17:55.641Z,60.8,21.1,1.907,49.6,0,60,0,0,0,0,0,0,0,0,66
2025-09-27T18:17:56.641Z,60.8,21.1,1.907,50.4,0,60,0,0,0,0,0,0,0,0,66
2025-09-27T18:17:57.644Z,60.8,21.1,1.907,49.6,0,60,0,0,0,0,0,0,0,0,66
2025-09-27T18:17:58.644Z,60.8,21.1,1.907,49.6,0,60,0,0,0,0,0,0,0,0,66
2025-09-27T18:17:59.646Z,60.8,21.1,1.907,50.4,0,60,0,0,0,0,0,0,0,0,66
2025-09-27T18:18:00.647Z,60.8,21.1,1.907,49.6,0,60,0,0,0,0,0,0,0,0,66
2025-09-27T18:18:01.649Z,60.8,21.1,1.906,49.6,0,60,0,0,0,0,0,0,0,0,66
2025-09-27T18:18:02.652Z,60.8,21.1,1.906,50.4,0,60,0,0,0,0,0,0,0,0,66
2025-09-27T18:18:03.648Z,60.8,21.1,1.907,50.4,0,60,0,0,0,0,0,0,0,0,66
2025-09-27T18:18:04.652Z,60.8,21.1,1.906,49.6,0,60,0,0,0,0,0,0,0,0,66
2025-09-27T18:18:05.654Z,60.8,21.1,1.906,50.4,0,60,0,0,0,0,0,0,0,0,66
2025-09-27T18:18:06.652Z,60.8,21.1,1.907,50.4,0,60,0,0,0,0,0,0,0,0,66
2025-09-27T18:18:07.654Z,60.8,21.1,1.906,49.6,0,60,0,0,0,0,0,0,0,0,66
2025-09-27T18:18:08.653Z,60.8,21.1,1.907,50.4,0,60,0,0,0,0,0,0,0,0,66
2025-09-27T18:18:09.659Z,60.8,21.1,1.906,49.6,0,60,0,0,0,0,0,0,0,0,66
2025-09-27T18:18:10.661Z,60.8,21.1,1.906,50.4,0,60,0,0,0,0,0,0,0,0,66
2025-09-27T18:18:11.660Z,60.8,21.1,1.906,49.6,0,60,0,0,0,0,0,0,0,0,66
2025-09-27T18:18:12.657Z,60.8,21.1,1.906,49.6,0,60,0,0,0,0,0,0,0,0,66
2025-09-27T18:18:13.663Z,60.7,21.1,1.906,50.4,0,60,0,0,0,0,0,0,0,0,66
2025-09-27T18:18:14.660Z,60.7,21.1,1.906,49.6,0,60,0,0,0,0,0,0,0,0,66
2025-09-27T18:18:15.663Z,60.7,21.1,1.906,50.4,0,60,0,0,0,0,0,0,0,0,66
2025-09-27T18:18:16.662Z,60.7,21.1,1.906,49.6,0,60,0,0,0,0,0,0,0,0,66
2025-09-27T18:18:17.662Z,60.7,21.1,1.906,49.6,0,60,0,0,0,0,0,0,0,0,66
2025-09-27T18:18:18.669Z,60.7,21.1,1.906,50.4,0,60,0,0,0,0,0,0,0,0,66
2025-09-27T18:18:19.667Z,60.7,21.1,1.908,50.4,0,60,0,0,0,0,0,0,0,0,66
2025-09-27T18:18:20.668Z,60.7,21.1,1.906,49.6,0,60,0,0,0,0,0,0,0,0,66
2025-09-27T18:18:21.668Z,60.7,21.1,1.906,50.4,0,60,0,0,0,0,0,0,0,0,66
2025-09-27T18:18:22.667Z,60.7,21.1,1.906,49.6,0,60,0,0,0,0,0,0,0,0,66
2025-09-27T18:18:23.662Z,60.7,21.1,1.906,50.4,0,60,0,0,0,0,0,0,0,0,66
2025-09-27T18:18:24.667Z,60.7,21.1,1.906,49.6,0,60,0,0,0,0,0,0,0,0,66
2025-09-27T18:18:25.670Z,60.7,21.1,1.906,50.4,0,60,0,0,0,0,0,0,0,0,66
2025-09-27T18:18:26.668Z,60.7,21.1,1.906,49.6,0,60,0,0,0,0,0,0,0,0,66
2025-09-27T18:18:27.673Z,60.7,21.1,1.906,50.4,0,60,0,0,0,0,0,0,0,0,66
2025-09-27T18:18:28.676Z,60.7,21.1,1.907,50.4,0,60,0,0,0,0,0,0,0,0,66
2025-09-27T18:18:29.675Z,60.7,21.1,1.908,49.6,0,60,0,0,0,0,0,0,0,0,66
2025-09-27T18:18:30.675Z,60.7,21.1,1.908,50.4,0,60,0,0,0,0,0,0,0,0,66
2025-09-27T18:18:31.678Z,60.7,21.1,1.906,49.6,0,60,0,0,0,0,0,0,0,0,66
2025-09-27T18:18:32.676Z,60.7,21.1,1.906,50.4,0,60,0,0,0,0,0,0,0,0,66
2025-09-27T18:18:33.681Z,60.7,21.1,1.909,49.6,0,60,0,0,0,0,0,0,0,0,66
2025-09-27T18:18:34.678Z,60.6,21.1,1.906,50.4,0,60,0,0,0,0,0,0,0,0,66
2025-09-27T18:18:35.681Z,60.6,21.1,1.907,49.6,0,60,0,0,0,0,0,0,0,0,66
2025-09-27T18:18:36.681Z,60.6,21.1,1.908,50.4,0,60,0,0,0,0,0,0,0,0,66
2025-09-27T18:18:37.681Z,60.6,21.1,1.908,49.6,0,60,0,0,0,0,0,0,0,0,66
2025-09-27T18:18:38.685Z,60.6,21.1,1.909,50.4,0,60,0,0,0,0,0,0,0,0,66
2025-09-27T18:18:39.687Z,60.6,21.1,1.909,49.6,0,60,0,0,0,0,0,0,0,0,66
2025-09-27T18:18:40.686Z,60.6,21.1,1.909,50.4,0,60,0,0,0,0,0,0,0,0,66
2025-09-27T18:18:41.693Z,60.6,21.1,1.909,49.6,0,60,0,0,0,0,0,0,0,0,66
2025-09-27T18:18:42.689Z,60.6,21.1,1.909,50.4,0,60,0,0,0,0,0,0,0,0,66
2025-09-27T18:18:43.692Z,60.6,21.1,1.909,49.6,0,60,0,0,0,0,0,0,0,0,66
2025-09-27T18:18:44.690Z,60.6,21.1,1.909,50.4,0,60,0,0,0,0,0,0,0,0,66
2025-09-27T18:18:45.691Z,60.6,21.1,1.909,49.6,0,60,0,0,0,0,0,0,0,0,66
2025-09-27T18:18:46.691Z,60.6,21.1,1.909,49.6,0,60,0,0,0,0,0,0,0,0,66
2025-09-27T18:18:47.692Z,60.6,21.1,1.909,50.4,0,60,0,0,0,0,0,0,0,0,66
2025-09-27T18:18:48.695Z,60.6,21.1,1.909,49.6,0,60,0,0,0,0,0,0,0,0,66
2025-09-27T18:18:49.694Z,60.6,21.1,1.909,50.4,0,60,0,0,0,0,0,0,0,0,66
2025-09-27T18:18:50.699Z,60.6,21.1,1.909,49.6,0,60,0,0,0,0,0,0,0,0,66
2025-09-27T18:18:51.696Z,60.6,21.1,1.909,50.4,0,60,0,0,0,0,0,0,0,0,66
2025-09-27T18:18:52.701Z,60.6,21.1,1.909,49.6,0,60,0,0,0,0,0,0,0,0,66
2025-09-27T18:18:53.701Z,60.6,21.1,1.909,50.4,0,60,0,0,0,0,0,0,0,0,66
2025-09-27T18:18:54.701Z,60.6,21.1,1.909,49.6,0,60,0,0,0,0,0,0,0,0,66
2025-09-27T18:18:55.700Z,60.6,21.1,1.909,50.4,0,60,0,0,0,0,0,0,0,0,66
2025-09-27T18:18:56.702Z,60.6,21.1,1.909,49.6,0,60,0,0,0,0,0,0,0,0,66
2025-09-27T18:18:57.701Z,60.6,21.1,1.909,50.4,0,60,0,0,0,0,0,0,0,0,66
2025-09-27T18:18:58.710Z,60.5,21.1,1.909,49.6,0,60,0,0,0,0,0,0,0,0,66
2025-09-27T18:18:59.705Z,60.5,21.1,1.909,50.4,0,60,0,0,0,0,0,0,0,0,66
2025-09-27T18:19:00.703Z,60.5,21.1,1.909,49.6,0,60,0,0,0,0,0,0,0,0,66
2025-09-27T18:19:01.707Z,60.5,21.1,1.909,50.4,0,60,0,0,0,0,0,0,0,0,66
2025-09-27T18:19:02.707Z,60.5,21.1,1.909,49.6,0,60,0,0,0,0,0,0,0,0,66
2025-09-27T18:19:03.705Z,60.5,21.1,1.909,50.4,0,60,0,0,0,0,0,0,0,0,66
2025-09-27T18:19:04.708Z,60.5,21.1,1.909,49.6,0,60,0,0,0,0,0,0,0,0,66
2025-09-27T18:19:05.709Z,60.5,21.1,1.909,50.4,0,60,0,0,0,0,0,0,0,0,66
2025-09-27T18:19:06.716Z,60.5,21.1,1.909,49.6,0,60,0,0,0,0,0,0,0,0,66
2025-09-27T18:19:07.714Z,60.5,21.1,1.909,50.4,0,60,0,0,0,0,0,0,0,0,66
2025-09-27T18:19:08.714Z,60.5,21.1,1.909,49.6,0,60,0,0,0,0,0,0,0,0,66
2025-09-27T18:19:09.716Z,60.5,21.1,1.909,49.6,0,60,0,0,0,0,0,0,0,0,66
2025-09-27T18:19:10.715Z,60.5,21.1,1.909,49.6,0,60,0,0,0,0,0,0,0,0,66
2025-09-27T18:19:11.719Z,60.5,21.1,1.909,50.4,0,60,0,0,0,0,0,0,0,0,66
2025-09-27T18:19:12.716Z,60.5,21.1,1.909,49.6,0,60,0,0,0,0,0,0,0,0,66
2025-09-27T18:19:13.721Z,60.5,21.1,1.909,50.4,0,60,0,0,0,0,0,0,0,0,66
2025-09-27T18:19:14.719Z,60.5,21.1,1.909,49.6,0,60,0,0,0,0,0,0,0,0,66
2025-09-27T18:19:15.723Z,60.5,21.1,1.909,49.6,0,60,0,0,0,0,0,0,0,0,66
2025-09-27T18:19:16.720Z,60.5,21.1,1.909,50.4,0,60,0,0,0,0,0,0,0,0,66
2025-09-27T18:19:17.719Z,60.5,21.1,1.909,49.6,0,60,0,0,0,0,0,0,0,0,66
2025-09-27T18:19:18.725Z,60.5,21.1,1.909,49.6,0,60,0,0,0,0,0,0,0,0,66
2025-09-27T18:19:19.726Z,60.5,21.1,1.909,50.4,0,60,0,0,0,0,0,0,0,0,66
2025-09-27T18:19:20.727Z,60.5,21.1,1.909,49.6,0,60,0,0,0,0,0,0,0,0,66
2025-09-27T18:19:21.722Z,60.4,21.1,1.909,50.4,0,60,0,0,0,0,0,0,0,0,66
2025-09-27T18:19:22.724Z,60.4,21.1,1.909,49.6,0,60,0,0,0,0,0,0,0,0,66
2025-09-27T18:19:23.726Z,60.4,21.1,1.909,49.6,0,60,0,0,0,0,0,0,0,0,66
2025-09-27T18:19:24.726Z,60.4,21.1,1.909,50.4,0,60,0,0,0,0,0,0,0,0,66
2025-09-27T18:19:25.727Z,60.4,21.1,1.909,49.6,0,60,0,0,0,0,0,0,0,0,66
2025-09-27T18:19:26.728Z,60.4,21.1,1.909,50.4,0,60,0,0,0,0,0,0,0,0,66
2025-09-27T18:19:27.725Z,60.4,21.1,1.909,49.6,0,60,0,0,0,0,0,0,0,0,66
2025-09-27T18:19:28.727Z,60.4,21.1,1.909,49.6,0,60,0,0,0,0,0,0,0,0,66
2025-09-27T18:19:29.732Z,60.4,21.1,1.909,50.4,0,60,0,0,0,0,0,0,0,0,66
2025-09-27T18:19:30.733Z,60.4,21.1,1.909,49.6,0,60,0,0,0,0,0,0,0,0,66
2025-09-27T18:19:31.734Z,60.4,21.1,1.909,49.6,0,60,0,0,0,0,0,0,0,0,66
2025-09-27T18:19:32.733Z,60.4,21.1,1.909,50.4,0,60,0,0,0,0,0,0,0,0,66
2025-09-27T18:19:33.735Z,60.4,21.1,1.909,49.6,0,60,0,0,0,0,0,0,0,0,66
2025-09-27T18:19:34.741Z,60.4,21.1,1.909,50.4,0,60,0,0,0,0,0,0,0,0,66
2025-09-27T18:19:35.741Z,60.4,21.1,1.909,50.4,0,60,0,0,0,0,0,0,0,0,66
2025-09-27T18:19:36.740Z,60.4,21.1,1.909,49.6,0,60,0,0,0,0,0,0,0,0,66
2025-09-27T18:19:37.742Z,60.4,21.1,1.909,50.4,0,60,0,0,0,0,0,0,0,0,66
2025-09-27T18:19:38.736Z,60.4,21.1,1.909,50.4,0,60,0,0,0,0,0,0,0,0,66
2025-09-27T18:19:39.740Z,60.4,21.1,1.91,49.6,0,60,0,0,0,0,0,0,0,0,66
2025-09-27T18:19:40.744Z,60.4,21.1,1.91,49.6,0,60,0,0,0,0,0,0,0,0,66
2025-09-27T18:19:41.751Z,60.4,21.1,1.909,50.4,0,60,0,0,0,0,0,0,0,0,66
2025-09-27T18:19:42.749Z,60.4,21.1,1.909,50.4,0,60,0,0,0,0,0,0,0,0,66
2025-09-27T18:19:43.750Z,60.4,21.1,1.909,49.6,0,60,0,0,0,0,0,0,0,0,66
2025-09-27T18:19:44.744Z,60.4,21.1,1.91,49.6,0,60,0,0,0,0,0,0,0,0,66
2025-09-27T18:19:45.749Z,60.4,21.1,1.91,50.4,0,60,0,0,0,0,0,0,0,0,66
2025-09-27T18:19:46.747Z,60.4,21.1,1.91,49.6,0,60,0,0,0,0,0,0,0,0,66
2025-09-27T18:19:47.749Z,60.3,21.1,1.91,50.4,0,60,0,0,0,0,0,0,0,0,66
2025-09-27T18:19:48.751Z,60.3,21.1,1.91,49.6,0,60.1,0,0,0,0,0,0,0,0,66
2025-09-27T18:19:49.752Z,60.3,21.1,1.91,50.4,0,60,0,0,0,0,0,0,0,0,66
2025-09-27T18:19:50.751Z,60.3,21.1,1.91,49.6,0,60.1,0,0,0,0,0,0,0,0,66
2025-09-27T18:19:51.754Z,60.3,21.1,1.909,49.6,0,60,0,0,0,0,0,0,0,0,66
2025-09-27T18:19:52.753Z,60.3,21.1,1.91,49.6,0,60,0,0,0,0,0,0,0,0,66
2025-09-27T18:19:53.759Z,60.3,21.1,1.909,49.6,0,60,0,0,0,0,0,0,0,0,66
2025-09-27T18:19:54.753Z,60.3,21.1,1.91,49.6,0,60,0,0,0,0,0,0,0,0,66
2025-09-27T18:19:55.761Z,60.3,21.1,1.909,50.4,0,60,0,0,0,0,0,0,0,0,66
2025-09-27T18:19:56.758Z,60.3,21.1,1.909,49.6,0,60,0,0,0,0,0,0,0,0,66
2025-09-27T18:19:57.764Z,60.3,21.1,1.909,50.4,0,60,0,0,0,0,0,0,0,0,66
2025-09-27T18:19:58.760Z,60.3,21.1,1.909,49.6,0,60,0,0,0,0,0,0,0,0,66
2025-09-27T18:19:59.762Z,60.3,21.1,1.91,49.6,0,60,0,0,0,0,0,0,0,0,66
2025-09-27T18:20:00.761Z,60.3,21.1,1.909,50.4,0,60,0,0,0,0,0,0,0,0,66
2025-09-27T18:20:01.764Z,60.3,21.1,1.909,49.6,0,60,0,0,0,0,0,0,0,0,66
2025-09-27T18:20:02.764Z,60.3,21.1,1.909,50.4,0,60,0,0,0,0,0,0,0,0,66
2025-09-27T18:20:03.764Z,60.3,21.1,1.909,49.6,0,60,0,0,0,0,0,0,0,0,66
2025-09-27T18:20:04.766Z,60.3,21.1,1.91,49.6,0,60,0,0,0,0,0,0,0,0,66
2025-09-27T18:20:05.769Z,60.3,21.1,1.91,50.4,0,60,0,0,0,0,0,0,0,0,66
2025-09-27T18:20:06.765Z,60.3,21.1,1.909,49.6,0,60,0,0,0,0,0,0,0,0,66
2025-09-27T18:20:07.774Z,60.3,21.1,1.909,50.4,0,60,0,0,0,0,0,0,0,0,66
2025-09-27T18:20:08.775Z,60.3,21.1,1.91,49.6,0,60,0,0,0,0,0,0,0,0,66
2025-09-27T18:20:09.772Z,60.3,21.1,1.91,50.4,0,60,0,0,0,0,0,0,0,0,66
2025-09-27T18:20:10.777Z,60.3,21.1,1.91,50.4,0,60,0,0,0,0,0,0,0,0,66
2025-09-27T18:20:11.773Z,60.2,21.1,1.91,49.6,0,60,0,0,0,0,0,0,0,0,66
2025-09-27T18:20:12.781Z,60.2,21.1,1.911,49.6,0,60,0,0,0,0,0,0,0,0,66
2025-09-27T18:20:13.774Z,60.2,21.1,1.91,49.6,0,60,0,0,0,0,0,0,0,0,66
2025-09-27T18:20:14.776Z,60.2,21.1,1.91,50.4,0,60,0,0,0,0,0,0,0,0,66
2025-09-27T18:20:15.777Z,60.2,21.1,1.91,50.4,0,60,0,0,0,0,0,0,0,0,66
2025-09-27T18:20:16.776Z,60.2,21.1,1.91,49.6,0,60,0,0,0,0,0,0,0,0,66
2025-09-27T18:20:17.778Z,60.2,21.1,1.91,49.6,0,60,0,0,0,0,0,0,0,0,66
2025-09-27T18:20:18.778Z,60.2,21.1,1.91,49.6,0,60,0,0,0,0,0,0,0,0,66
2025-09-27T18:20:19.781Z,60.2,21.1,1.91,50.4,0,60,0,0,0,0,0,0,0,0,66
2025-09-27T18:20:20.781Z,60.2,21.1,1.91,50.4,0,60,0,0,0,0,0,0,0,0,66
2025-09-27T18:20:21.779Z,60.2,21.1,1.91,49.6,0,60,0,0,0,0,0,0,0,0,66
2025-09-27T18:20:22.784Z,60.2,21.1,1.911,50.4,0,60,0,0,0,0,0,0,0,0,66
2025-09-27T18:20:23.780Z,60.2,21.1,1.91,49.6,0,60,0,0,0,0,0,0,0,0,66
2025-09-27T18:20:24.781Z,60.2,21.1,1.91,50.4,0,60,0,0,0,0,0,0,0,0,66
2025-09-27T18:20:25.781Z,60.2,21.1,1.91,49.6,0,60,0,0,0,0,0,0,0,0,66
2025-09-27T18:20:26.785Z,60.2,21.1,1.91,50.4,0,60,0,0,0,0,0,0,0,0,66
2025-09-27T18:20:27.787Z,60.2,21.1,1.91,49.6,0,60,0,0,0,0,0,0,0,0,66
2025-09-27T18:20:28.785Z,60.2,21.1,1.91,50.4,0,60,0,0,0,0,0,0,0,0,66
2025-09-27T18:20:29.787Z,60.2,21.1,1.91,49.6,0,60,0,0,0,0,0,0,0,0,66
2025-09-27T18:20:30.792Z,60.2,21.1,1.911,50.4,0,60,0,0,0,0,0,0,0,0,66
2025-09-27T18:20:31.790Z,60.2,21.1,1.91,49.6,0,60,0,0,0,0,0,0,0,0,66
2025-09-27T18:20:32.788Z,60.2,21.1,1.91,49.6,0,60,0,0,0,0,0,0,0,0,66
2025-09-27T18:20:33.789Z,60.2,21.1,1.91,50.4,0,60,0,0,0,0,0,0,0,0,66
2025-09-27T18:20:34.793Z,60.1,21.1,1.911,49.6,0,60,0,0,0,0,0,0,0,0,66
2025-09-27T18:20:35.791Z,60.2,21.1,1.91,50.4,0,60,0,0,0,0,0,0,0,0,66
2025-09-27T18:20:36.792Z,60.1,21.1,1.91,50.4,0,60,0,0,0,0,0,0,0,0,66
2025-09-27T18:20:37.801Z,60.1,21.1,1.911,49.6,0,60,0,0,0,0,0,0,0,0,66
2025-09-27T18:20:38.795Z,60.1,21.1,1.911,49.6,0,60,0,0,0,0,0,0,0,0,66
2025-09-27T18:20:39.798Z,60.1,21.1,1.911,49.6,0,60,0,0,0,0,0,0,0,0,66
2025-09-27T18:20:40.798Z,60.1,21.1,1.911,50.4,0,60,0,0,0,0,0,0,0,0,66
2025-09-27T18:20:41.799Z,60.1,21.1,1.911,49.6,0,60,0,0,0,0,0,0,0,0,66
2025-09-27T18:20:42.795Z,60.1,21.1,1.911,50.4,0,60,0,0,0,0,0,0,0,0,66
2025-09-27T18:20:43.801Z,60.1,21.1,1.911,50.4,0,60,0,0,0,0,0,0,0,0,66
2025-09-27T18:20:44.802Z,60.1,21.1,1.911,49.6,0,60,0,0,0,0,0,0,0,0,66
2025-09-27T18:20:45.800Z,60.1,21.1,1.911,50.4,0,60,0,0,0,0,0,0,0,0,66
2025-09-27T18:20:46.804Z,60.1,21.1,1.911,49.6,0,60,0,0,0,0,0,0,0,0,66
2025-09-27T18:20:47.802Z,60.1,21.1,1.911,50.4,0,60,0,0,0,0,0,0,0,0,66
2025-09-27T18:20:48.809Z,60.1,21.1,1.911,49.6,0,60,0,0,0,0,0,0,0,0,66
2025-09-27T18:20:49.803Z,60.1,21.1,1.911,50.4,0,60,0,0,0,0,0,0,0,0,66
2025-09-27T18:20:50.810Z,60.1,21.1,1.911,49.6,0,60,0,0,0,0,0,0,0,0,66
2025-09-27T18:20:51.806Z,60.1,21.1,1.911,50.4,0,60,0,0,0,0,0,0,0,0,66
2025-09-27T18:20:52.807Z,60.1,21.1,1.911,49.6,0,60,0,0,0,0,0,0,0,0,66
2025-09-27T18:20:53.808Z,60.1,21.1,1.911,50.4,0,60,0,0,0,0,0,0,0,0,66
2025-09-27T18:20:54.805Z,60.1,21.1,1.912,49.6,0,60,0,0,0,0,0,0,0,0,66
2025-09-27T18:20:55.811Z,60.1,21.1,1.911,50.4,0,60,0,0,0,0,0,0,0,0,66
2025-09-27T18:20:56.812Z,60,21.1,1.911,49.6,0,60,0,0,0,0,0,0,0,0,66
2025-09-27T18:20:57.809Z,60,21.1,1.911,50.4,0,60,0,0,0,0,0,0,0,0,66
2025-09-27T18:20:58.813Z,60,21.1,1.911,49.6,0,60,0,0,0,0,0,0,0,0,66
2025-09-27T18:20:59.814Z,60,21.1,1.912,49.6,0,60,0,0,0,0,0,0,0,0,66
2025-09-27T18:21:00.815Z,60,21.1,1.912,49.6,0,60,0,0,0,0,0,0,0,0,66
2025-09-27T18:21:01.819Z,60,21.1,1.911,50.4,0,60,0,0,0,0,0,0,0,0,66
2025-09-27T18:21:02.815Z,60,21.1,1.911,49.6,0,60,0,0,0,0,0,0,0,0,66
2025-09-27T18:21:03.820Z,60,21.1,1.912,50.4,0,60,0,0,0,0,0,0,0,0,66
2025-09-27T18:21:04.822Z,60,21.1,1.911,49.6,0,60,0,0,0,0,0,0,0,0,66
2025-09-27T18:21:05.819Z,60,21.1,1.912,50.4,0,60,0,0,0,0,0,0,0,0,66
2025-09-27T18:21:06.821Z,60,21.1,1.912,50.4,0,60,0,0,0,0,0,0,0,0,66
2025-09-27T18:21:07.818Z,60,21.1,1.912,49.6,0,60,0,0,0,0,0,0,0,0,66
2025-09-27T18:21:08.823Z,60,21.1,1.912,49.6,0,60,0,0,0,0,0,0,0,0,66
2025-09-27T18:21:09.826Z,60,21.1,1.911,49.6,0,60,0,0,0,0,0,0,0,0,66
2025-09-27T18:21:10.830Z,60,21.1,1.912,50.4,0,60,0,0,0,0,0,0,0,0,66
2025-09-27T18:21:11.823Z,60,21.1,1.912,49.6,0,60,0,0,0,0,0,0,0,0,66
2025-09-27T18:21:12.830Z,60,21.1,1.912,50.4,0,60,0,0,0,0,0,0,0,0,66
2025-09-27T18:21:13.833Z,60,21.1,1.912,49.6,0,60,0,0,0,0,0,0,0,0,66
2025-09-27T18:21:14.830Z,60,21.1,1.911,49.6,0,60,0,0,0,0,0,0,0,0,66
2025-09-27T18:21:15.835Z,60,21.1,1.912,50.4,0,60,0,0,0,0,0,0,0,0,66
2025-09-27T18:21:16.829Z,60,21.1,1.912,49.6,0,60,0,0,0,0,0,0,0,0,66
2025-09-27T18:21:17.832Z,59.9,21.1,1.911,50.4,0,60,0,0,0,0,0,0,0,0,66
2025-09-27T18:21:18.834Z,59.9,21.1,1.912,49.6,0,60,0,0,0,0,0,0,0,0,66
2025-09-27T18:21:19.832Z,59.9,21.1,1.912,49.6,0,60,0,0,0,0,0,0,0,0,66
2025-09-27T18:21:20.835Z,59.9,21.1,1.912,50.4,0,60,0,0,0,0,0,0,0,0,66
2025-09-27T18:21:21.835Z,59.9,21.1,1.912,49.6,0,60,0,0,0,0,0,0,0,0,66
2025-09-27T18:21:22.837Z,59.9,21.1,1.912,49.6,0,60,0,0,0,0,0,0,0,0,66
2025-09-27T18:21:23.833Z,59.9,21.1,1.912,50.4,0,60,0,0,0,0,0,0,0,0,66
2025-09-27T18:21:24.837Z,59.9,21.1,1.912,49.6,0,60,0,0,0,0,0,0,0,0,66
2025-09-27T18:21:25.836Z,59.9,21.1,1.912,50.4,0,60,0,0,0,0,0,0,0,0,66
2025-09-27T18:21:26.838Z,59.9,21.1,1.912,49.6,0,60,0,0,0,0,0,0,0,0,66
2025-09-27T18:21:27.841Z,59.9,21.1,1.912,49.6,0,60,0,0,0,0,0,0,0,0,66
2025-09-27T18:21:28.838Z,59.9,21.1,1.912,50.4,0,60,0,0,0,0,0,0,0,0,66
2025-09-27T18:21:29.840Z,59.9,21.1,1.912,49.6,0,60,0,0,0,0,0,0,0,0,66
2025-09-27T18:21:30.844Z,59.9,21.1,1.912,49.6,0,60,0,0,0,0,0,0,0,0,66
2025-09-27T18:21:31.845Z,59.9,21.1,1.912,50.4,0,60,0,0,0,0,0,0,0,0,66
2025-09-27T18:21:32.844Z,59.9,21.1,1.912,49.6,0,60,0,0,0,0,0,0,0,0,66
2025-09-27T18:21:33.848Z,59.9,21.1,1.912,49.6,0,60,0,0,0,0,0,0,0,0,66
2025-09-27T18:21:34.848Z,59.9,21.1,1.912,50.4,0,60,0,0,0,0,0,0,0,0,66
2025-09-27T18:21:35.850Z,59.9,21.1,1.912,50.4,0,60,0,0,0,0,0,0,0,0,66
2025-09-27T18:21:36.845Z,59.9,21.1,1.912,49.6,0,60,0,0,0,0,0,0,0,0,66
2025-09-27T18:21:37.850Z,59.9,21.1,1.912,50.4,0,60,0,0,0,0,0,0,0,0,66
2025-09-27T18:21:38.849Z,59.9,21.1,1.912,49.6,0,60,0,0,0,0,0,0,0,0,66
2025-09-27T18:21:39.853Z,59.9,21.1,1.912,49.6,0,60,0,0,0,0,0,0,0,0,66
2025-09-27T18:21:40.851Z,59.8,21.1,1.912,50.4,0,60,0,0,0,0,0,0,0,0,66
2025-09-27T18:21:41.854Z,59.9,21.1,1.912,50.4,0,60,0,0,0,0,0,0,0,0,66
2025-09-27T18:21:42.856Z,59.8,21.1,1.912,49.6,0,60,0,0,0,0,0,0,0,0,66
2025-09-27T18:21:43.857Z,59.9,21.1,1.912,50.4,0,60,0,0,0,0,0,0,0,0,66
2025-09-27T18:21:44.865Z,59.8,21.1,1.912,50.4,0,60,0,0,0,0,0,0,0,0,66
2025-09-27T18:21:45.858Z,59.8,21.1,1.912,49.6,0,60,0,0,0,0,0,0,0,0,66
2025-09-27T18:21:46.860Z,59.8,21.1,1.912,50.4,0,60,0,0,0,0,0,0,0,0,66
2025-09-27T18:21:47.861Z,59.8,21.1,1.912,49.6,0,60,0,0,0,0,0,0,0,0,66
2025-09-27T18:21:48.862Z,59.8,21.1,1.912,50.4,0,60,0,0,0,0,0,0,0,0,66
2025-09-27T18:21:49.863Z,59.8,21.1,1.912,50.4,0,60,0,0,0,0,0,0,0,0,66
2025-09-27T18:21:50.862Z,59.8,21.1,1.912,49.6,0,60,0,0,0,0,0,0,0,0,66
2025-09-27T18:21:51.857Z,59.8,21.1,1.912,49.6,0,60,0,0,0,0,0,0,0,0,66
2025-09-27T18:21:52.863Z,59.8,21.1,1.912,49.6,0,60,0,0,0,0,0,0,0,0,66
2025-09-27T18:21:53.860Z,59.8,21.1,1.912,50.4,0,60,0,0,0,0,0,0,0,0,66
2025-09-27T18:21:54.864Z,59.8,21.1,1.912,50.4,0,60,0,0,0,0,0,0,0,0,66
2025-09-27T18:21:55.867Z,59.8,21.1,1.912,49.6,0,60,0,0,0,0,0,0,0,0,66
2025-09-27T18:21:56.869Z,59.8,21.1,1.912,50.4,0,60,0,0,0,0,0,0,0,0,66
2025-09-27T18:21:57.871Z,59.8,21.1,1.912,49.6,0,60,0,0,0,0,0,0,0,0,66
2025-09-27T18:21:58.867Z,59.8,21.1,1.913,50.4,0,60,0,0,0,0,0,0,0,0,66
2025-09-27T18:21:59.867Z,59.8,21.1,1.912,49.6,0,60,0,0,0,0,0,0,0,0,66
2025-09-27T18:22:00.870Z,59.8,21.1,1.912,50.4,0,60,0,0,0,0,0,0,0,0,66
2025-09-27T18:22:01.872Z,59.8,21.1,1.912,49.6,0,60,0,0,0,0,0,0,0,0,66
2025-09-27T18:22:02.873Z,59.8,21.1,1.912,50.4,0,60,0,0,0,0,0,0,0,0,66
2025-09-27T18:22:03.878Z,59.8,21.1,1.912,49.6,0,60,0,0,0,0,0,0,0,0,66
2025-09-27T18:22:04.874Z,59.8,21.1,1.913,50.4,0,60,0,0,0,0,0,0,0,0,66
2025-09-27T18:22:05.877Z,59.8,21.1,1.912,49.6,0,60,0,0,0,0,0,0,0,0,66
2025-09-27T18:22:06.874Z,59.8,21.1,1.912,49.6,0,60,0,0,0,0,0,0,0,0,66
2025-09-27T18:22:07.878Z,59.7,21.1,1.912,50.4,0,60,0,0,0,0,0,0,0,0,66
2025-09-27T18:22:08.879Z,59.7,21.1,1.912,49.6,0,60,0,0,0,0,0,0,0,0,66
2025-09-27T18:22:09.878Z,59.7,21.1,1.913,50.4,0,60,0,0,0,0,0,0,0,0,66
2025-09-27T18:22:10.876Z,59.8,21.1,1.912,49.6,0,60,0,0,0,0,0,0,0,0,66
2025-09-27T18:22:11.881Z,59.7,21.1,1.913,50.4,0,60,0,0,0,0,0,0,0,0,66
2025-09-27T18:22:12.880Z,59.7,21.1,1.913,50.4,0,60,0,0,0,0,0,0,0,0,66
2025-09-27T18:22:13.884Z,59.7,21.1,1.912,49.6,0,60,0,0,0,0,0,0,0,0,66
2025-09-27T18:22:14.883Z,59.7,21.1,1.912,50.4,0,60,0,0,0,0,0,0,0,0,66
2025-09-27T18:22:15.889Z,59.7,21.1,1.912,49.6,0,60,0,0,0,0,0,0,0,0,66
2025-09-27T18:22:16.889Z,59.7,21.1,1.912,50.4,0,60,0,0,0,0,0,0,0,0,66
2025-09-27T18:22:17.888Z,59.7,21.1,1.913,49.6,0,60,0,0,0,0,0,0,0,0,66
2025-09-27T18:22:18.885Z,59.7,21.1,1.913,49.6,0,60,0,0,0,0,0,0,0,0,66
2025-09-27T18:22:19.889Z,59.7,21.1,1.913,49.6,0,60,0,0,0,0,0,0,0,0,66
2025-09-27T18:22:20.892Z,59.7,21.1,1.912,50.4,0,60,0,0,0,0,0,0,0,0,66
2025-09-27T18:22:21.887Z,59.7,21.1,1.913,50.4,0,60,0,0,0,0,0,0,0,0,66
2025-09-27T18:22:22.886Z,59.7,21.1,1.913,49.6,0,60,0,0,0,0,0,0,0,0,66
2025-09-27T18:22:23.887Z,59.7,21.1,1.914,50.4,0,60,0,0,0,0,0,0,0,0,66
2025-09-27T18:22:24.890Z,59.7,21.1,1.913,49.6,0,60,0,0,0,0,0,0,0,0,66
2025-09-27T18:22:25.894Z,59.7,21.1,1.912,50.4,0,60,0,0,0,0,0,0,0,0,66
2025-09-27T18:22:26.895Z,59.7,21.1,1.912,49.6,0,60,0,0,0,0,0,0,0,0,66
2025-09-27T18:22:27.895Z,59.7,21.1,1.913,49.6,0,60,0,0,0,0,0,0,0,0,66
2025-09-27T18:22:28.897Z,59.7,21.1,1.913,50.4,0,60,0,0,0,0,0,0,0,0,66
2025-09-27T18:22:29.897Z,59.7,21.1,1.913,49.6,0,60,0,0,0,0,0,0,0,0,66
2025-09-27T18:22:30.900Z,59.7,21.1,1.913,50.4,0,60,0,0,0,0,0,0,0,0,66
2025-09-27T18:22:31.908Z,59.7,21.1,1.913,49.6,0,60,0,0,0,0,0,0,0,0,66
2025-09-27T18:22:32.902Z,59.7,21.1,1.913,49.6,0,60,0,0,0,0,0,0,0,0,66
2025-09-27T18:22:33.900Z,59.6,21.1,1.913,50.4,0,60,0,0,0,0,0,0,0,0,66
2025-09-27T18:22:34.908Z,59.6,21.1,1.913,49.6,0,60,0,0,0,0,0,0,0,0,66
2025-09-27T18:22:35.904Z,59.6,21.1,1.913,50.4,0,60,0,0,0,0,0,0,0,0,66
2025-09-27T18:22:36.903Z,59.6,21.1,1.913,49.6,0,60,0,0,0,0,0,0,0,0,66
2025-09-27T18:22:37.907Z,59.6,21.1,1.913,50.4,0,60,0,0,0,0,0,0,0,0,66
2025-09-27T18:22:38.906Z,59.6,21.1,1.913,49.6,0,60,0,0,0,0,0,0,0,0,66
2025-09-27T18:22:39.907Z,59.6,21.1,1.913,50.4,0,60,0,0,0,0,0,0,0,0,66
2025-09-27T18:22:40.911Z,59.6,21.1,1.913,49.6,0,60,0,0,0,0,0,0,0,0,66
2025-09-27T18:22:41.907Z,59.6,21.1,1.913,50.4,0,60,0,0,0,0,0,0,0,0,66
2025-09-27T18:22:42.917Z,59.6,21.1,1.914,50.4,0,60,0,0,0,0,0,0,0,0,66
2025-09-27T18:22:43.906Z,59.6,21.1,1.913,49.6,0,60,0,0,0,0,0,0,0,0,66
2025-09-27T18:22:44.911Z,59.6,21.1,1.913,50.4,0,60,0,0,0,0,0,0,0,0,66
2025-09-27T18:22:45.918Z,59.6,21.1,1.914,49.6,0,60,0,0,0,0,0,0,0,0,66
2025-09-27T18:22:46.916Z,59.6,21.1,1.913,50.4,0,60,0,0,0,0,0,0,0,0,66
2025-09-27T18:22:47.915Z,59.6,21.1,1.913,49.6,0,60,0,0,0,0,0,0,0,0,66
2025-09-27T18:22:48.921Z,59.6,21.1,1.914,50.4,0,60,0,0,0,0,0,0,0,0,66
2025-09-27T18:22:49.915Z,59.6,21.1,1.913,49.6,0,60,0,0,0,0,0,0,0,0,66
2025-09-27T18:22:50.912Z,59.6,21.1,1.913,50.4,0,60,0,0,0,0,0,0,0,0,66
2025-09-27T18:22:51.918Z,59.6,21.1,1.914,49.6,0,60,0,0,0,0,0,0,0,0,66
2025-09-27T18:22:52.920Z,59.6,21.1,1.914,50.4,0,60,0,0,0,0,0,0,0,0,66
2025-09-27T18:22:53.919Z,59.6,21.1,1.913,49.6,0,60,0,0,0,0,0,0,0,0,66
2025-09-27T18:22:54.919Z,59.6,21.1,1.913,49.6,0,60,0,0,0,0,0,0,0,0,66
2025-09-27T18:22:55.923Z,59.6,21.1,1.914,49.6,0,60,0,0,0,0,0,0,0,0,66
2025-09-27T18:22:56.922Z,59.6,21.1,1.914,50.4,0,60,0,0,0,0,0,0,0,0,66
2025-09-27T18:22:57.924Z,59.6,21.1,1.914,49.6,0,60,0,0,0,0,0,0,0,0,66
2025-09-27T18:22:58.921Z,59.6,21.1,1.913,50.4,0,60,0,0,0,0,0,0,0,0,66
2025-09-27T18:22:59.926Z,59.6,21.1,1.914,50.4,0,60,0,0,0,0,0,0,0,0,66
2025-09-27T18:23:00.929Z,59.6,21.1,1.914,49.6,0,60,0,0,0,0,0,0,0,0,66
2025-09-27T18:23:01.926Z,59.6,21.1,1.913,49.6,0,60,0,0,0,0,0,0,0,0,66
2025-09-27T18:23:02.929Z,59.6,21.1,1.914,49.6,0,60,0,0,0,0,0,0,0,0,66
2025-09-27T18:23:03.929Z,59.6,21.1,1.913,50.4,0,60,0,0,0,0,0,0,0,0,66
2025-09-27T18:23:04.931Z,59.5,21.1,1.914,49.6,0,60,0,0,0,0,0,0,0,0,66
2025-09-27T18:23:05.929Z,59.6,21.1,1.913,49.6,0,60,0,0,0,0,0,0,0,0,66
2025-09-27T18:23:06.933Z,59.5,21.1,1.914,50.4,0,60,0,0,0,0,0,0,0,0,66
2025-09-27T18:23:07.934Z,59.5,21.1,1.914,49.6,0,60,0,0,0,0,0,0,0,0,66
2025-09-27T18:23:08.935Z,59.5,21.1,1.914,50.4,0,60,0,0,0,0,0,0,0,0,66
2025-09-27T18:23:09.936Z,59.5,21.1,1.914,50.4,0,60,0,0,0,0,0,0,0,0,66
2025-09-27T18:23:10.938Z,59.5,21.1,1.914,49.6,0,60,0,0,0,0,0,0,0,0,66
2025-09-27T18:23:11.938Z,59.5,21.1,1.914,50.4,0,60,0,0,0,0,0,0,0,0,66
2025-09-27T18:23:12.940Z,59.5,21.1,1.914,49.6,0,60,0,0,0,0,0,0,0,0,66
2025-09-27T18:23:13.939Z,59.5,21.1,1.914,50.4,0,60,0,0,0,0,0,0,0,0,66
2025-09-27T18:23:14.941Z,59.5,21.1,1.914,49.6,0,60,0,0,0,0,0,0,0,0,66
2025-09-27T18:23:15.942Z,59.5,21.1,1.914,50.4,0,60,0,0,0,0,0,0,0,0,66
2025-09-27T18:23:16.943Z,59.5,21.1,1.914,49.6,0,60,0,0,0,0,0,0,0,0,66
2025-09-27T18:23:17.943Z,59.5,21.1,1.914,49.6,0,60,0,0,0,0,0,0,0,0,66
2025-09-27T18:23:18.943Z,59.5,21.1,1.914,50.4,0,60,0,0,0,0,0,0,0,0,66
2025-09-27T18:23:19.947Z,59.5,21.1,1.914,49.6,0,60,0,0,0,0,0,0,0,0,66
2025-09-27T18:23:20.944Z,59.5,21.1,1.914,49.6,0,60,0,0,0,0,0,0,0,0,66
2025-09-27T18:23:21.944Z,59.5,21.1,1.914,50.4,0,60,0,0,0,0,0,0,0,0,66
2025-09-27T18:23:22.948Z,59.5,21.1,1.914,49.6,0,60,0,0,0,0,0,0,0,0,66
2025-09-27T18:23:23.948Z,59.5,21.1,1.914,50.4,0,60,0,0,0,0,0,0,0,0,66
2025-09-27T18:23:24.946Z,59.5,21.1,1.914,49.6,0,60,0,0,0,0,0,0,0,0,66
2025-09-27T18:23:25.950Z,59.5,21.1,1.914,50.4,0,60,0,0,0,0,0,0,0,0,66
2025-09-27T18:23:26.952Z,59.5,21.1,1.914,50.4,0,60,0,0,0,0,0,0,0,0,66
2025-09-27T18:23:27.951Z,59.5,21.1,1.914,49.6,0,60,0,0,0,0,0,0,0,0,66
2025-09-27T18:23:28.955Z,59.5,21.1,1.914,50.4,0,60,0,0,0,0,0,0,0,0,66
2025-09-27T18:23:29.952Z,59.5,21.1,1.914,49.6,0,60,0,0,0,0,0,0,0,0,66
2025-09-27T18:23:30.952Z,59.5,21.1,1.913,50.4,0,60,0,0,0,0,0,0,0,0,66
2025-09-27T18:23:31.957Z,59.5,21.1,1.914,50.4,0,60,0,0,0,0,0,0,0,0,66
2025-09-27T18:23:32.958Z,59.5,21.1,1.914,49.6,0,60,0,0,0,0,0,0,0,0,66
2025-09-27T18:23:33.959Z,59.5,21.1,1.914,49.6,0,60,0,0,0,0,0,0,0,0,66
2025-09-27T18:23:34.959Z,59.5,21.1,1.914,49.6,0,60,0,0,0,0,0,0,0,0,66
2025-09-27T18:23:35.961Z,59.5,21.1,1.914,50.4,0,60,0,0,0,0,0,0,0,0,66
2025-09-27T18:23:36.961Z,59.5,21.1,1.914,49.6,0,60,0,0,0,0,0,0,0,0,66
2025-09-27T18:23:37.964Z,59.5,21.1,1.915,50.4,0,60,0,0,0,0,0,0,0,0,66
2025-09-27T18:23:38.964Z,59.5,21.1,1.915,49.6,0,60,0,0,0,0,0,0,0,0,66
2025-09-27T18:23:39.962Z,59.5,21.1,1.914,49.6,0,60,0,0,0,0,0,0,0,0,66
2025-09-27T18:23:40.965Z,59.5,21.1,1.914,50.4,0,60,0,0,0,0,0,0,0,0,66
2025-09-27T18:23:41.965Z,59.5,21.1,1.915,49.6,0,60,0,0,0,0,0,0,0,0,66
2025-09-27T18:23:42.967Z,59.5,21.1,1.914,50.4,0,60,0,0,0,0,0,0,0,0,66
2025-09-27T18:23:43.970Z,59.5,21.1,1.915,50.4,0,60,0,0,0,0,0,0,0,0,66
2025-09-27T18:23:44.965Z,59.5,21.1,1.915,49.6,0,60,0,0,0,0,0,0,0,0,66
2025-09-27T18:23:45.971Z,59.4,21.1,1.914,49.6,0,60,0,0,0,0,0,0,0,0,66
2025-09-27T18:23:46.973Z,59.5,21.1,1.915,49.6,0,60,0,0,0,0,0,0,0,0,66
2025-09-27T18:23:47.971Z,59.5,21.1,1.914,50.4,0,60,0,0,0,0,0,0,0,0,66
2025-09-27T18:23:48.974Z,59.5,21.1,1.915,49.6,0,60,0,0,0,0,0,0,0,0,66
2025-09-27T18:23:49.977Z,59.5,21.1,1.915,49.6,0,60,0,0,0,0,0,0,0,0,66
2025-09-27T18:23:50.973Z,59.5,21.1,1.915,50.4,0,60,0,0,0,0,0,0,0,0,66
2025-09-27T18:23:51.973Z,59.4,21.1,1.915,50.4,0,60,0,0,0,0,0,0,0,0,66
2025-09-27T18:23:52.977Z,59.4,21.1,1.915,49.6,0,60,0,0,0,0,0,0,0,0,66
2025-09-27T18:23:53.974Z,59.4,21.1,1.915,50.4,0,60,0,0,0,0,0,0,0,0,66
2025-09-27T18:23:54.976Z,59.4,21.1,1.915,49.6,0,60,0,0,0,0,0,0,0,0,66
2025-09-27T18:23:55.978Z,59.4,21.1,1.915,50.4,0,60,0,0,0,0,0,0,0,0,66
2025-09-27T18:23:56.978Z,59.4,21.1,1.915,49.6,0,60,0,0,0,0,0,0,0,0,66
2025-09-27T18:23:57.980Z,59.4,21.1,1.915,50.4,0,60,0,0,0,0,0,0,0,0,66
2025-09-27T18:23:58.977Z,59.4,21.1,1.915,49.6,0,60,0,0,0,0,0,0,0,0,66
2025-09-27T18:23:59.982Z,59.4,21.1,1.915,49.6,0,60,0,0,0,0,0,0,0,0,66
2025-09-27T18:24:00.984Z,59.4,21.1,1.915,50.4,0,60,0,0,0,0,0,0,0,0,66
2025-09-27T18:24:01.985Z,59.4,21.1,1.915,49.6,0,60,0,0,0,0,0,0,0,0,66
2025-09-27T18:24:02.986Z,59.4,21.1,1.915,50.4,0,60,0,0,0,0,0,0,0,0,66
2025-09-27T18:24:03.991Z,59.4,21.1,1.915,50.4,0,60,0,0,0,0,0,0,0,0,66
2025-09-27T18:24:04.985Z,59.4,21.1,1.915,49.6,0,60,0,0,0,0,0,0,0,0,66
2025-09-27T18:24:05.985Z,59.4,21.1,1.915,49.6,0,60,0,0,0,0,0,0,0,0,66
2025-09-27T18:24:06.988Z,59.4,21.1,1.915,49.6,0,60,0,0,0,0,0,0,0,0,66
2025-09-27T18:24:07.989Z,59.4,21.1,1.915,50.4,0,60,0,0,0,0,0,0,0,0,66
2025-09-27T18:24:08.989Z,59.4,21.1,1.915,50.4,0,60,0,0,0,0,0,0,0,0,66
2025-09-27T18:24:09.993Z,59.4,21.1,1.915,49.6,0,60,0,0,0,0,0,0,0,0,66
2025-09-27T18:24:10.994Z,59.4,21.1,1.915,50.4,0,60,0,0,0,0,0,0,0,0,66
2025-09-27T18:24:11.996Z,59.4,21.1,1.915,49.6,0,60,0,0,0,0,0,0,0,0,66
2025-09-27T18:24:12.993Z,59.4,21.1,1.915,50.4,0,60,0,0,0,0,0,0,0,0,66
2025-09-27T18:24:13.995Z,59.4,21.1,1.915,49.6,0,60,0,0,0,0,0,0,0,0,66
2025-09-27T18:24:14.998Z,59.4,21.1,1.915,50.4,0,60,0,0,0,0,0,0,0,0,66
2025-09-27T18:24:15.999Z,59.4,21.1,1.915,49.6,0,60,0,0,0,0,0,0,0,0,66
2025-09-27T18:24:16.993Z,59.4,21.1,1.915,49.6,0,60,0,0,0,0,0,0,0,0,66
2025-09-27T18:24:17.998Z,59.4,21.1,1.915,50.4,0,60,0,0,0,0,0,0,0,0,66
2025-09-27T18:24:18.997Z,59.4,21.1,1.915,49.6,0,60,0,0,0,0,0,0,0,0,66
2025-09-27T18:24:20.001Z,59.4,21.1,1.915,50.4,0,60,0,0,0,0,0,0,0,0,66
2025-09-27T18:24:20.998Z,59.4,21.1,1.915,49.6,0,60,0,0,0,0,0,0,0,0,66
2025-09-27T18:24:22.000Z,59.4,21.1,1.915,49.6,0,60,0,0,0,0,0,0,0,0,66
2025-09-27T18:24:23.004Z,59.4,21.1,1.915,50.4,0,60,0,0,0,0,0,0,0,0,66
2025-09-27T18:24:24.002Z,59.4,21.1,1.915,49.6,0,60,0,0,0,0,0,0,0,0,66
2025-09-27T18:24:25.000Z,59.4,21.1,1.915,50.4,0,60,0,0,0,0,0,0,0,0,66
2025-09-27T18:24:26.005Z,59.4,21.1,1.915,49.6,0,60,0,0,0,0,0,0,0,0,66
2025-09-27T18:24:27.005Z,59.4,21.1,1.915,50.4,0,60,0,0,0,0,0,0,0,0,66
2025-09-27T18:24:28.005Z,59.4,21.1,1.915,49.6,0,60,0,0,0,0,0,0,0,0,66
2025-09-27T18:24:29.004Z,59.4,21.1,1.915,49.6,0,60,0,0,0,0,0,0,0,0,66
2025-09-27T18:24:30.007Z,59.4,21.1,1.915,50.4,0,60,0,0,0,0,0,0,0,0,66
2025-09-27T18:24:31.010Z,59.4,21.1,1.915,50.4,0,60,0,0,0,0,0,0,0,0,66
2025-09-27T18:24:32.009Z,59.4,21.1,1.915,49.6,0,60,0,0,0,0,0,0,0,0,66
2025-09-27T18:24:33.008Z,59.4,21.1,1.915,50.4,0,60,0,0,0,0,0,0,0,0,66
2025-09-27T18:24:34.012Z,59.4,21.1,1.915,49.6,0,60,0,0,0,0,0,0,0,0,66
2025-09-27T18:24:35.015Z,59.4,21.1,1.915,50.4,0,60,0,0,0,0,0,0,0,0,66
2025-09-27T18:24:36.009Z,59.4,21.1,1.915,50.4,0,60,0,0,0,0,0,0,0,0,66
2025-09-27T18:24:37.014Z,59.4,21.1,1.915,49.6,0,60,0,0,0,0,0,0,0,0,66
2025-09-27T18:24:38.012Z,59.4,21.1,1.915,49.6,0,60,0,0,0,0,0,0,0,0,66
2025-09-27T18:24:39.014Z,59.4,21.1,1.914,49.6,0,60,0,0,0,0,0,0,0,0,66
2025-09-27T18:24:40.015Z,59.4,21.1,1.915,50.4,0,60,0,0,0,0,0,0,0,0,66
2025-09-27T18:24:41.017Z,59.4,21.1,1.915,49.6,0,60,0,0,0,0,0,0,0,0,66
2025-09-27T18:24:42.018Z,59.4,21.1,1.915,49.6,0,60,0,0,0,0,0,0,0,0,66
2025-09-27T18:24:43.019Z,59.4,21.1,1.915,50.4,0,60,0,0,0,0,0,0,0,0,66
2025-09-27T18:24:44.019Z,59.4,21.1,1.915,50.4,0,60,0,0,0,0,0,0,0,0,66
2025-09-27T18:24:45.019Z,59.4,21.1,1.915,49.6,0,60,0,0,0,0,0,0,0,0,66
2025-09-27T18:24:46.023Z,59.4,21.1,1.915,50.4,0,60,0,0,0,0,0,0,0,0,66
2025-09-27T18:24:47.023Z,59.4,21.1,1.915,49.6,0,60,0,0,0,0,0,0,0,0,66
2025-09-27T18:24:48.025Z,59.4,21.1,1.915,50.4,0,60,0,0,0,0,0,0,0,0,66
2025-09-27T18:24:49.032Z,59.4,21.1,1.914,49.6,0,60,0,0,0,0,0,0,0,0,66
2025-09-27T18:24:50.028Z,59.4,21.1,1.915,50.4,0,60,0,0,0,0,0,0,0,0,66
2025-09-27T18:24:51.027Z,59.4,21.1,1.915,49.6,0,60,0,0,0,0,0,0,0,0,66
2025-09-27T18:24:52.022Z,59.4,21.1,1.915,50.4,0,60,0,0,0,0,0,0,0,0,66
2025-09-27T18:24:53.027Z,59.4,21.1,1.915,50.4,0,60,0,0,0,0,0,0,0,0,66
2025-09-27T18:24:54.028Z,59.4,21.1,1.915,49.6,0,60,0,0,0,0,0,0,0,0,66
2025-09-27T18:24:55.028Z,59.4,21.1,1.915,50.4,0,60,0,0,0,0,0,0,0,0,66
2025-09-27T18:24:56.031Z,59.4,21.1,1.915,49.6,0,60,0,0,0,0,0,0,0,0,66
2025-09-27T18:24:57.028Z,59.4,21.1,1.915,50.4,0,60,0,0,0,0,0,0,0,0,66
2025-09-27T18:24:58.033Z,59.4,21.1,1.914,49.6,0,60,0,0,0,0,0,0,0,0,66
2025-09-27T18:24:59.035Z,59.5,21.1,1.914,50.4,0,60,0,0,0,0,0,0,0,0,66
2025-09-27T18:25:00.034Z,59.4,21.1,1.914,49.6,0,60,0,0,0,0,0,0,0,0,66
2025-09-27T18:25:01.035Z,59.4,21.1,1.915,50.4,0,60,0,0,0,0,0,0,0,0,66
2025-09-27T18:25:02.038Z,59.5,21.1,1.913,49.6,0,60,0,0,0,0,0,0,0,0,66
2025-09-27T18:25:03.040Z,59.5,21.1,1.914,50.4,0,60,0,0,0,0,0,0,0,0,66
2025-09-27T18:25:04.043Z,59.5,21.1,1.913,49.6,0,60,0,0,0,0,0,0,0,0,66
2025-09-27T18:25:05.041Z,59.5,21.1,1.914,50.4,0,60,0,0,0,0,0,0,0,0,66
2025-09-27T18:25:06.041Z,59.5,21.1,1.913,49.6,0,60,0,0,0,0,0,0,0,0,66
2025-09-27T18:25:07.039Z,59.5,21.1,1.914,50.4,0,60,0,0,0,0,0,0,0,0,66
2025-09-27T18:25:08.043Z,59.5,21.1,1.914,49.6,0,60,0,0,0,0,0,0,0,0,66
2025-09-27T18:25:09.047Z,59.5,21.1,1.913,50.4,0,60,0,0,0,0,0,0,0,0,66
2025-09-27T18:25:10.045Z,59.5,21.1,1.913,49.6,0,60,0,0,0,0,0,0,0,0,66
2025-09-27T18:25:11.044Z,59.5,21.1,1.914,50.4,0,60,0,0,0,0,0,0,0,0,66
2025-09-27T18:25:12.045Z,59.5,21.1,1.914,49.6,0,60,0,0,0,0,0,0,0,0,66
2025-09-27T18:25:13.048Z,59.5,21.1,1.914,50.4,0,60,0,0,0,0,0,0,0,0,66
2025-09-27T18:25:14.047Z,59.5,21.1,1.914,49.6,0,60,0,0,0,0,0,0,0,0,66
2025-09-27T18:25:15.052Z,59.5,21.1,1.913,50.4,0,60,0,0,0,0,0,0,0,0,66
2025-09-27T18:25:16.048Z,59.5,21.1,1.914,49.6,0,60,0,0,0,0,0,0,0,0,66
2025-09-27T18:25:17.047Z,59.5,21.1,1.914,50.4,0,60,0,0,0,0,0,0,0,0,66
2025-09-27T18:25:18.053Z,59.5,21.1,1.914,49.6,0,59.9,0,0,0,0,0,0,0,0,66
2025-09-27T18:25:19.054Z,59.5,21.1,1.914,50.4,0,59.9,0,0,0,0,0,0,0,0,66
2025-09-27T18:25:20.052Z,59.5,21.1,1.914,49.6,0,60,0,0,0,0,0,0,0,0,66
2025-09-27T18:25:21.052Z,59.5,21.1,1.914,50.4,0,59.9,0,0,0,0,0,0,0,0,66
2025-09-27T18:25:22.049Z,59.5,21.1,1.914,49.6,0,60,0,0,0,0,0,0,0,0,66
2025-09-27T18:25:23.058Z,59.5,21.1,1.913,50.4,0,60,0,0,0,0,0,0,0,0,66
2025-09-27T18:25:24.051Z,59.5,21.1,1.914,49.6,0,60,0,0,0,0,0,0,0,0,66
2025-09-27T18:25:25.056Z,59.5,21.1,1.913,50.4,0,60,0,0,0,0,0,0,0,0,66
2025-09-27T18:25:26.060Z,59.5,21.1,1.913,49.6,0,60,0,0,0,0,0,0,0,0,66
2025-09-27T18:25:27.056Z,59.5,21.1,1.914,50.4,0,59.9,0,0,0,0,0,0,0,0,66
2025-09-27T18:25:28.061Z,59.5,21.1,1.913,49.6,0,59.9,0,0,0,0,0,0,0,0,66
2025-09-27T18:25:29.059Z,59.5,21.1,1.914,49.6,0,59.9,0,0,0,0,0,0,0,0,66
2025-09-27T18:25:30.064Z,59.5,21.1,1.913,49.6,0,60,0,0,0,0,0,0,0,0,66
2025-09-27T18:25:31.063Z,59.5,21.1,1.913,50.4,0,60,0,0,0,0,0,0,0,0,66
2025-09-27T18:25:32.060Z,59.5,21.1,1.914,49.6,0,60,0,0,0,0,0,0,0,0,66
2025-09-27T18:25:33.062Z,59.5,21.1,1.914,50.4,0,59.9,0,0,0,0,0,0,0,0,66
2025-09-27T18:25:34.062Z,59.5,21.1,1.914,49.6,0,60,0,0,0,0,0,0,0,0,66
2025-09-27T18:25:35.068Z,59.5,21.1,1.913,50.4,0,60,0,0,0,0,0,0,0,0,66
2025-09-27T18:25:36.066Z,59.5,21.1,1.913,49.6,0,60,0,0,0,0,0,0,0,0,66
2025-09-27T18:25:37.070Z,59.5,21.1,1.913,50.4,0,60,0,0,0,0,0,0,0,0,66
2025-09-27T18:25:38.067Z,59.5,21.1,1.914,49.6,0,60,0,0,0,0,0,0,0,0,66
2025-09-27T18:25:39.069Z,59.6,21.1,1.914,50.4,0,60,0,0,0,0,0,0,0,0,66
2025-09-27T18:25:40.066Z,59.6,21.1,1.914,49.6,0,60,0,0,0,0,0,0,0,0,66
2025-09-27T18:25:41.068Z,59.6,21.1,1.914,49.6,0,60,0,0,0,0,0,0,0,0,66
2025-09-27T18:25:42.068Z,59.6,21.1,1.914,50.4,0,60,0,0,0,0,0,0,0,0,66
2025-09-27T18:25:43.073Z,59.6,21.1,1.914,49.6,0,60,0,0,0,0,0,0,0,0,66
2025-09-27T18:25:44.070Z,59.6,21.1,1.914,49.6,0,60,0,0,0,0,0,0,0,0,66
2025-09-27T18:25:45.072Z,59.6,21.1,1.914,50.4,0,60,0,0,0,0,0,0,0,0,66
2025-09-27T18:25:46.080Z,59.6,21.1,1.913,49.6,0,60,0,0,0,0,0,0,0,0,66
2025-09-27T18:25:47.081Z,59.6,21.1,1.913,50.4,0,60,0,0,0,0,0,0,0,0,66
2025-09-27T18:25:48.081Z,59.6,21.1,1.913,49.6,0,60,0,0,0,0,0,0,0,0,66
2025-09-27T18:25:49.079Z,59.6,21.1,1.913,50.4,0,60,0,0,0,0,0,0,0,0,66
2025-09-27T18:25:50.075Z,59.6,21.1,1.914,49.6,0,60,0,0,0,0,0,0,0,0,66
2025-09-27T18:25:51.080Z,59.6,21.1,1.913,50.4,0,60,0,0,0,0,0,0,0,0,66
2025-09-27T18:25:52.075Z,59.6,21.1,1.914,49.6,0,60,0,0,0,0,0,0,0,0,66
2025-09-27T18:25:53.074Z,59.6,21.1,1.914,49.6,0,60,0,0,0,0,0,0,0,0,66
2025-09-27T18:25:54.078Z,59.6,21.1,1.914,50.4,0,60,0,0,0,0,0,0,0,0,66
2025-09-27T18:25:55.082Z,59.6,21.1,1.913,49.6,0,60,0,0,0,0,0,0,0,0,66
2025-09-27T18:25:56.082Z,59.6,21.1,1.914,50.4,0,60,0,0,0,0,0,0,0,0,66
2025-09-27T18:25:57.083Z,59.6,21.1,1.913,49.6,0,60,0,0,0,0,0,0,0,0,66
2025-09-27T18:25:58.083Z,59.6,21.1,1.914,50.4,0,60,0,0,0,0,0,0,0,0,66
2025-09-27T18:25:59.087Z,59.6,21.1,1.913,49.6,0,60,0,0,0,0,0,0,0,0,66
2025-09-27T18:26:00.090Z,59.6,21.1,1.913,49.6,0,60,0,0,0,0,0,0,0,0,66
2025-09-27T18:26:01.089Z,59.6,21.1,1.913,50.4,0,60,0,0,0,0,0,0,0,0,66
2025-09-27T18:26:02.085Z,59.6,21.1,1.914,49.6,0,60,0,0,0,0,0,0,0,0,66
2025-09-27T18:26:03.085Z,59.7,21.1,1.913,50.4,0,60,0,0,0,0,0,0,0,0,66
2025-09-27T18:26:04.091Z,59.7,21.1,1.913,49.6,0,60,0,0,0,0,0,0,0,0,66
2025-09-27T18:26:05.091Z,59.6,21.1,1.913,49.6,0,60,0,0,0,0,0,0,0,0,66
2025-09-27T18:26:06.092Z,59.7,21.1,1.912,50.4,0,60,0,0,0,0,0,0,0,0,66
2025-09-27T18:26:07.092Z,59.7,21.1,1.913,49.6,0,60,0,0,0,0,0,0,0,0,66
2025-09-27T18:26:08.095Z,59.7,21.1,1.913,50.4,0,60,0,0,0,0,0,0,0,0,66
2025-09-27T18:26:09.096Z,59.7,21.1,1.912,49.6,0,60,0,0,0,0,0,0,0,0,66
2025-09-27T18:26:10.092Z,59.7,21.1,1.914,49.6,0,60,0,0,0,0,0,0,0,0,66
2025-09-27T18:26:11.098Z,59.7,21.1,1.913,50.4,0,60,0,0,0,0,0,0,0,0,66
2025-09-27T18:26:12.092Z,59.7,21.1,1.914,49.6,0,60,0,0,0,0,0,0,0,0,66
2025-09-27T18:26:13.098Z,59.7,21.1,1.912,50.4,0,60,0,0,0,0,0,0,0,0,66
2025-09-27T18:26:14.098Z,59.7,21.1,1.912,50.4,0,59.9,0,0,0,0,0,0,0,0,66
2025-09-27T18:26:15.098Z,59.7,21.1,1.912,49.6,0,60,0,0,0,0,0,0,0,0,66
2025-09-27T18:26:16.097Z,59.7,21.1,1.913,50.4,0,60,0,0,0,0,0,0,0,0,66
2025-09-27T18:26:17.100Z,59.7,21.1,1.912,49.6,0,60,0,0,0,0,0,0,0,0,66
2025-09-27T18:26:18.102Z,59.7,21.1,1.912,50.4,0,60,0,0,0,0,0,0,0,0,66
2025-09-27T18:26:19.101Z,59.7,21.1,1.913,49.6,0,60,0,0,0,0,0,0,0,0,66
2025-09-27T18:26:20.100Z,59.7,21.1,1.913,50.4,0,59.9,0,0,0,0,0,0,0,0,66
2025-09-27T18:26:21.100Z,59.7,21.1,1.912,49.6,0,60,0,0,0,0,0,0,0,0,66
2025-09-27T18:26:22.099Z,59.7,21.1,1.913,49.6,0,60,0,0,0,0,0,0,0,0,66
2025-09-27T18:26:23.101Z,59.7,21.1,1.913,50.4,0,60,0,0,0,0,0,0,0,0,66
2025-09-27T18:26:24.102Z,59.7,21.1,1.913,49.6,0,60,0,0,0,0,0,0,0,0,66
2025-09-27T18:26:25.105Z,59.8,21.1,1.912,50.4,0,60,0,0,0,0,0,0,0,0,66
2025-09-27T18:26:26.101Z,59.8,21.1,1.913,49.6,0,59.9,0,0,0,0,0,0,0,0,66
2025-09-27T18:26:27.108Z,59.8,21.1,1.912,49.6,0,59.9,0,0,0,0,0,0,0,0,66
2025-09-27T18:26:28.109Z,59.8,21.1,1.912,50.4,0,60,0,0,0,0,0,0,0,0,66
2025-09-27T18:26:29.108Z,59.8,21.1,1.912,49.6,0,60,0,0,0,0,0,0,0,0,66
2025-09-27T18:26:30.112Z,59.8,21.1,1.912,50.4,0,59.9,0,0,0,0,0,0,0,0,66
2025-09-27T18:26:31.112Z,59.8,21.1,1.912,49.6,0,60,0,0,0,0,0,0,0,0,66
2025-09-27T18:26:32.111Z,59.8,21.1,1.912,50.4,0,60,0,0,0,0,0,0,0,0,66
2025-09-27T18:26:33.110Z,59.8,21.1,1.912,49.6,0,60,0,0,0,0,0,0,0,0,66
2025-09-27T18:26:34.111Z,59.8,21.1,1.912,49.6,0,60,0,0,0,0,0,0,0,0,66
2025-09-27T18:26:35.111Z,59.8,21.1,1.912,50.4,0,59.9,0,0,0,0,0,0,0,0,66
2025-09-27T18:26:36.115Z,59.8,21.1,1.912,49.6,0,60,0,0,0,0,0,0,0,0,66
2025-09-27T18:26:37.116Z,59.8,21.1,1.912,49.6,0,59.9,0,0,0,0,0,0,0,0,66
2025-09-27T18:26:38.117Z,59.8,21.1,1.912,50.4,0,59.9,0,0,0,0,0,0,0,0,66
2025-09-27T18:26:39.112Z,59.8,21.1,1.912,50.4,0,59.9,0,0,0,0,0,0,0,0,66
2025-09-27T18:26:40.118Z,59.8,21.1,1.912,49.6,0,60,0,0,0,0,0,0,0,0,66
2025-09-27T18:26:41.122Z,59.8,21.1,1.912,50.4,0,59.9,0,0,0,0,0,0,0,0,66
2025-09-27T18:26:42.122Z,59.8,21.1,1.912,49.6,0,59.9,0,0,0,0,0,0,0,0,66
2025-09-27T18:26:43.124Z,59.8,21.1,1.912,50.4,0,59.9,0,0,0,0,0,0,0,0,66
2025-09-27T18:26:44.117Z,59.9,21.1,1.912,49.6,0,60,0,0,0,0,0,0,0,0,66
2025-09-27T18:26:45.125Z,59.9,21.1,1.912,50.4,0,60,0,0,0,0,0,0,0,0,66
2025-09-27T18:26:46.121Z,59.9,21.1,1.912,49.6,0,60,0,0,0,0,0,0,0,0,66
2025-09-27T18:26:47.123Z,59.9,21.1,1.912,50.4,0,59.9,0,0,0,0,0,0,0,0,66
2025-09-27T18:26:48.124Z,59.9,21.1,1.912,50.4,0,59.9,0,0,0,0,0,0,0,0,66
2025-09-27T18:26:49.130Z,59.9,21.1,1.912,49.6,0,59.9,0,0,0,0,0,0,0,0,66
2025-09-27T18:26:50.129Z,59.9,21.1,1.912,50.4,0,59.9,0,0,0,0,0,0,0,0,66
2025-09-27T18:26:51.127Z,59.9,21.1,1.912,49.6,0,59.9,0,0,0,0,0,0,0,0,66
2025-09-27T18:26:52.130Z,59.9,21.1,1.912,50.4,0,59.9,0,0,0,0,0,0,0,0,66
2025-09-27T18:26:53.127Z,59.9,21.1,1.912,49.6,0,59.9,0,0,0,0,0,0,0,0,66
2025-09-27T18:26:54.133Z,59.9,21.1,1.912,50.4,0,59.9,0,0,0,0,0,0,0,0,66
2025-09-27T18:26:55.135Z,59.9,21.1,1.912,49.6,0,59.9,0,0,0,0,0,0,0,0,66
2025-09-27T18:26:56.137Z,59.9,21.1,1.912,49.6,0,59.9,0,0,0,0,0,0,0,0,66
2025-09-27T18:26:57.133Z,59.9,21.1,1.912,50.4,0,59.9,0,0,0,0,0,0,0,0,66
2025-09-27T18:26:58.137Z,59.9,21.1,1.912,49.6,0,59.9,0,0,0,0,0,0,0,0,66
2025-09-27T18:26:59.135Z,59.9,21.1,1.912,50.4,0,59.9,0,0,0,0,0,0,0,0,66
2025-09-27T18:27:00.138Z,59.9,21.1,1.912,49.6,0,59.9,0,0,0,0,0,0,0,0,66
2025-09-27T18:27:01.140Z,59.9,21.1,1.912,49.6,0,59.9,0,0,0,0,0,0,0,0,66
2025-09-27T18:27:02.139Z,59.9,21.1,1.912,50.4,0,59.9,0,0,0,0,0,0,0,0,66
2025-09-27T18:27:03.145Z,60,21.1,1.912,49.6,0,59.9,0,0,0,0,0,0,0,0,66
2025-09-27T18:27:04.142Z,60,21.1,1.912,49.6,0,59.9,0,0,0,0,0,0,0,0,66
2025-09-27T18:27:05.142Z,60,21.1,1.912,50.4,0,59.9,0,0,0,0,0,0,0,0,66
2025-09-27T18:27:06.142Z,60,21.1,1.912,49.6,0,59.9,0,0,0,0,0,0,0,0,66
2025-09-27T18:27:07.145Z,60,21.1,1.912,49.6,0,59.9,0,0,0,0,0,0,0,0,66
2025-09-27T18:27:08.144Z,60,21.1,1.911,50.4,0,59.9,0,0,0,0,0,0,0,0,66
2025-09-27T18:27:09.151Z,60,21.1,1.912,49.6,0,59.9,0,0,0,0,0,0,0,0,66
2025-09-27T18:27:10.141Z,60,21.1,1.911,49.6,0,59.9,0,0,0,0,0,0,0,0,66
2025-09-27T18:27:11.150Z,60,21.1,1.912,50.4,0,59.9,0,0,0,0,0,0,0,0,66
2025-09-27T18:27:12.145Z,60,21.1,1.911,49.6,0,59.9,0,0,0,0,0,0,0,0,66
2025-09-27T18:27:13.146Z,60,21.1,1.911,50.4,0,59.9,0,0,0,0,0,0,0,0,66
2025-09-27T18:27:14.148Z,60,21.1,1.911,50.4,0,59.9,0,0,0,0,0,0,0,0,66
2025-09-27T18:27:15.153Z,60,21.1,1.912,49.6,0,59.9,0,0,0,0,0,0,0,0,66
2025-09-27T18:27:16.149Z,60,21.1,1.911,50.4,0,59.9,0,0,0,0,0,0,0,0,66
2025-09-27T18:27:17.154Z,60,21.1,1.912,49.6,0,59.9,0,0,0,0,0,0,0,0,66
2025-09-27T18:27:18.151Z,60,21.1,1.91,49.6,0,59.9,0,0,0,0,0,0,0,0,66
2025-09-27T18:27:19.156Z,60.1,21.1,1.912,50.4,0,59.9,0,0,0,0,0,0,0,0,66
2025-09-27T18:27:20.154Z,60.1,21.1,1.912,49.6,0,59.9,0,0,0,0,0,0,0,0,66
2025-09-27T18:27:21.151Z,60.1,21.1,1.91,49.6,0,59.9,0,0,0,0,0,0,0,0,66
2025-09-27T18:27:22.158Z,60.1,21.1,1.911,50.4,0,59.9,0,0,0,0,0,0,0,0,66
2025-09-27T18:27:23.153Z,60.1,21.1,1.911,50.4,0,59.9,0,0,0,0,0,0,0,0,66
2025-09-27T18:27:24.154Z,60.1,21.1,1.91,49.6,0,59.9,0,0,0,0,0,0,0,0,66
2025-09-27T18:27:25.156Z,60.1,21.1,1.911,50.4,0,59.9,0,0,0,0,0,0,0,0,66
2025-09-27T18:27:26.159Z,60.1,21.1,1.911,50.4,0,59.9,0,0,0,0,0,0,0,0,66
2025-09-27T18:27:27.156Z,60.1,21.1,1.91,49.6,0,59.9,0,0,0,0,0,0,0,0,66
2025-09-27T18:27:28.166Z,60.1,21.1,1.911,50.4,0,59.9,0,0,0,0,0,0,0,0,66
2025-09-27T18:27:29.158Z,60.1,21.1,1.911,49.6,0,59.9,0,0,0,0,0,0,0,0,66
2025-09-27T18:27:30.157Z,60.1,21.1,1.91,50.4,0,59.9,0,0,0,0,0,0,0,0,66
2025-09-27T18:27:31.161Z,60.1,21.1,1.911,49.6,0,59.9,0,0,0,0,0,0,0,0,66
2025-09-27T18:27:32.157Z,60.1,21.1,1.91,50.4,0,59.9,0,0,0,0,0,0,0,0,66
2025-09-27T18:27:33.166Z,60.1,21.1,1.911,49.6,0,59.9,0,0,0,0,0,0,0,0,66
2025-09-27T18:27:34.165Z,60.1,21.1,1.911,49.6,0,59.9,0,0,0,0,0,0,0,0,66
2025-09-27T18:27:35.167Z,60.1,21.1,1.911,50.4,0,59.9,0,0,0,0,0,0,0,0,66
2025-09-27T18:27:36.168Z,60.2,21.1,1.911,49.6,0,59.9,0,0,0,0,0,0,0,0,66
2025-09-27T18:27:37.168Z,60.2,21.1,1.911,49.6,0,59.9,0,0,0,0,0,0,0,0,66
2025-09-27T18:27:38.172Z,60.2,21.1,1.911,50.4,0,59.9,0,0,0,0,0,0,0,0,66
2025-09-27T18:27:39.168Z,60.2,21.1,1.911,49.6,0,59.9,0,0,0,0,0,0,0,0,66
2025-09-27T18:27:40.177Z,60.2,21.1,1.911,49.6,0,59.9,0,0,0,0,0,0,0,0,66
2025-09-27T18:27:41.171Z,60.2,21.1,1.911,50.4,0,59.9,0,0,0,0,0,0,0,0,66
2025-09-27T18:27:42.174Z,60.2,21.1,1.911,50.4,0,59.9,0,0,0,0,0,0,0,0,66
2025-09-27T18:27:43.174Z,60.2,21.1,1.911,49.6,0,59.9,0,0,0,0,0,0,0,0,66
2025-09-27T18:27:44.176Z,60.2,21.1,1.911,50.4,0,59.9,0,0,0,0,0,0,0,0,66
2025-09-27T18:27:45.173Z,60.2,21.1,1.911,49.6,0,59.9,0,0,0,0,0,0,0,0,66
2025-09-27T18:27:46.172Z,60.2,21.1,1.911,50.4,0,59.9,0,0,0,0,0,0,0,0,66
2025-09-27T18:27:47.176Z,60.2,21.1,1.911,49.6,0,59.9,0,0,0,0,0,0,0,0,66
2025-09-27T18:27:48.174Z,60.2,21.1,1.911,50.4,0,59.9,0,0,0,0,0,0,0,0,66
2025-09-27T18:27:49.178Z,60.2,21.1,1.911,50.4,0,59.9,0,0,0,0,0,0,0,0,66
2025-09-27T18:27:50.174Z,60.3,21.1,1.911,49.6,0,59.9,0,0,0,0,0,0,0,0,66
2025-09-27T18:27:51.180Z,60.3,21.1,1.91,50.4,0,59.9,0,0,0,0,0,0,0,0,66
2025-09-27T18:27:52.176Z,60.3,21.1,1.911,49.6,0,59.9,0,0,0,0,0,0,0,0,66
2025-09-27T18:27:53.181Z,60.3,21.1,1.911,50.4,0,59.9,0,0,0,0,0,0,0,0,66
2025-09-27T18:27:54.180Z,60.3,21.1,1.911,49.6,0,59.9,0,0,0,0,0,0,0,0,66
2025-09-27T18:27:55.175Z,60.3,21.1,1.91,50.4,0,59.9,0,0,0,0,0,0,0,0,66
2025-09-27T18:27:56.178Z,60.3,21.1,1.911,49.6,0,59.9,0,0,0,0,0,0,0,0,66
2025-09-27T18:27:57.183Z,60.3,21.1,1.911,50.4,0,59.9,0,0,0,0,0,0,0,0,66
2025-09-27T18:27:58.179Z,60.3,21.1,1.91,50.4,0,59.9,0,0,0,0,0,0,0,0,66
2025-09-27T18:27:59.186Z,60.3,21.1,1.911,49.6,0,59.9,0,0,0,0,0,0,0,0,66
2025-09-27T18:28:00.194Z,60.3,21.1,1.911,50.4,0,59.9,0,0,0,0,0,0,0,0,66
2025-09-27T18:28:01.187Z,60.3,21.1,1.911,49.6,0,59.9,0,0,0,0,0,0,0,0,66
2025-09-27T18:28:02.187Z,60.3,21.1,1.911,49.6,0,59.9,0,0,0,0,0,0,0,0,66
2025-09-27T18:28:03.188Z,60.3,21.1,1.91,49.6,0,59.9,0,0,0,0,0,0,0,0,66
2025-09-27T18:28:04.191Z,60.4,21.1,1.91,50.4,0,59.9,0,0,0,0,0,0,0,0,66
2025-09-27T18:28:05.192Z,60.4,21.1,1.91,49.6,0,59.9,0,0,0,0,0,0,0,0,66
2025-09-27T18:28:06.191Z,60.4,21.1,1.91,50.4,0,59.9,0,0,0,0,0,0,0,0,66
2025-09-27T18:28:07.191Z,60.4,21.1,1.91,49.6,0,59.9,0,0,0,0,0,0,0,0,66
2025-09-27T18:28:08.193Z,60.4,21.1,1.91,49.6,0,59.9,0,0,0,0,0,0,0,0,66
2025-09-27T18:28:09.193Z,60.4,21.1,1.91,50.4,0,59.9,0,0,0,0,0,0,0,0,66
2025-09-27T18:28:10.200Z,60.4,21.1,1.909,49.6,0,59.9,0,0,0,0,0,0,0,0,66
2025-09-27T18:28:11.199Z,60.4,21.1,1.91,50.4,0,59.9,0,0,0,0,0,0,0,0,66
2025-09-27T18:28:12.196Z,60.4,21.1,1.909,50.4,0,59.9,0,0,0,0,0,0,0,0,66
2025-09-27T18:28:13.199Z,60.4,21.1,1.909,49.6,0,59.9,0,0,0,0,0,0,0,0,66
2025-09-27T18:28:14.197Z,60.4,21.1,1.909,50.4,0,59.9,0,0,0,0,0,0,0,0,66
2025-09-27T18:28:15.200Z,60.4,21.1,1.909,49.6,0,59.9,0,0,0,0,0,0,0,0,66
2025-09-27T18:28:16.198Z,60.4,21.1,1.909,50.4,0,59.9,0,0,0,0,0,0,0,0,66
2025-09-27T18:28:17.200Z,60.4,21.1,1.909,49.6,0,59.9,0,0,0,0,0,0,0,0,66
2025-09-27T18:28:18.201Z,60.5,21.1,1.909,49.6,0,59.9,0,0,0,0,0,0,0,0,66
2025-09-27T18:28:19.206Z,60.5,21.1,1.909,49.6,0,59.9,0,0,0,0,0,0,0,0,66
2025-09-27T18:28:20.205Z,60.5,21.1,1.909,50.4,0,59.9,0,0,0,0,0,0,0,0,66
2025-09-27T18:28:21.203Z,60.5,21.1,1.909,49.6,0,59.9,0,0,0,0,0,0,0,0,66
2025-09-27T18:28:22.207Z,60.5,21.1,1.909,50.4,0,59.9,0,0,0,0,0,0,0,0,66
2025-09-27T18:28:23.211Z,60.5,21.1,1.909,49.6,0,59.9,0,0,0,0,0,0,0,0,66
2025-09-27T18:28:24.209Z,60.5,21.1,1.909,49.6,0,59.9,0,0,0,0,0,0,0,0,66
2025-09-27T18:28:25.207Z,60.5,21.1,1.909,50.4,0,59.9,0,0,0,0,0,0,0,0,66
2025-09-27T18:28:26.205Z,60.5,21.1,1.909,49.6,0,59.9,0,0,0,0,0,0,0,0,66
2025-09-27T18:28:27.208Z,60.5,21.1,1.909,50.4,0,59.9,0,0,0,0,0,0,0,0,66
2025-09-27T18:28:28.208Z,60.5,21.1,1.909,50.4,0,59.9,0,0,0,0,0,0,0,0,66
2025-09-27T18:28:29.210Z,60.5,21.1,1.909,49.6,0,59.9,0,0,0,0,0,0,0,0,66
2025-09-27T18:28:30.209Z,60.5,21.1,1.909,50.4,0,59.9,0,0,0,0,0,0,0,0,66
2025-09-27T18:28:31.214Z,60.5,21.1,1.909,49.6,0,59.9,0,0,0,0,0,0,0,0,66
2025-09-27T18:28:32.208Z,60.5,21.1,1.909,50.4,0,59.9,0,0,0,0,0,0,0,0,66
2025-09-27T18:28:33.210Z,60.5,21.1,1.909,49.6,0,59.9,0,0,0,0,0,0,0,0,66
2025-09-27T18:28:34.210Z,60.6,21.1,1.909,50.4,0,59.9,0,0,0,0,0,0,0,0,66
2025-09-27T18:28:35.213Z,60.5,21.1,1.909,49.6,0,59.9,0,0,0,0,0,0,0,0,66
2025-09-27T18:28:36.212Z,60.6,21.1,1.909,50.4,0,59.9,0,0,0,0,0,0,0,0,66
2025-09-27T18:28:37.214Z,60.6,21.1,1.909,49.6,0,59.9,0,0,0,0,0,0,0,0,66
2025-09-27T18:28:38.217Z,60.6,21.1,1.909,50.4,0,59.9,0,0,0,0,0,0,0,0,66
2025-09-27T18:28:39.218Z,60.6,21.1,1.909,49.6,0,59.9,0,0,0,0,0,0,0,0,66
2025-09-27T18:28:40.216Z,60.6,21.1,1.909,49.6,0,59.9,0,0,0,0,0,0,0,0,66
2025-09-27T18:28:41.222Z,60.6,21.1,1.909,50.4,0,59.9,0,0,0,0,0,0,0,0,66
2025-09-27T18:28:42.220Z,60.6,21.1,1.909,49.6,0,59.9,0,0,0,0,0,0,0,0,66
2025-09-27T18:28:43.218Z,60.6,21.1,1.909,50.4,0,59.9,0,0,0,0,0,0,0,0,66
2025-09-27T18:28:44.229Z,60.6,21.1,1.909,49.6,0,59.9,0,0,0,0,0,0,0,0,66
2025-09-27T18:28:45.220Z,60.6,21.1,1.909,49.6,0,59.9,0,0,0,0,0,0,0,0,66
2025-09-27T18:28:46.220Z,60.6,21.1,1.909,50.4,0,59.9,0,0,0,0,0,0,0,0,66
2025-09-27T18:28:47.221Z,60.6,21.1,1.909,49.6,0,59.9,0,0,0,0,0,0,0,0,66
2025-09-27T18:28:48.225Z,60.6,21.1,1.909,50.4,0,59.9,0,0,0,0,0,0,0,0,66
2025-09-27T18:28:49.224Z,60.6,21.1,1.909,49.6,0,59.9,0,0,0,0,0,0,0,0,66
2025-09-27T18:28:50.226Z,60.6,21.1,1.909,49.6,0,59.9,0,0,0,0,0,0,0,0,66
2025-09-27T18:28:51.229Z,60.6,21.1,1.908,50.4,0,59.9,0,0,0,0,0,0,0,0,66
2025-09-27T18:28:52.228Z,60.6,21.1,1.908,49.6,0,59.9,0,0,0,0,0,0,0,0,66
2025-09-27T18:28:53.230Z,60.7,21.1,1.908,50.4,0,59.9,0,0,0,0,0,0,0,0,66
2025-09-27T18:28:54.229Z,60.7,21.1,1.908,49.6,0,59.9,0,0,0,0,0,0,0,0,66
2025-09-27T18:28:55.232Z,60.7,21.1,1.908,50.4,0,59.9,0,0,0,0,0,0,0,0,66
2025-09-27T18:28:56.232Z,60.7,21.1,1.908,49.6,0,59.9,0,0,0,0,0,0,0,0,66
2025-09-27T18:28:57.232Z,60.7,21.1,1.908,49.6,0,59.9,0,0,0,0,0,0,0,0,66
2025-09-27T18:28:58.231Z,60.7,21.1,1.908,50.4,0,59.9,0,0,0,0,0,0,0,0,66
2025-09-27T18:28:59.236Z,60.7,21.1,1.908,49.6,0,59.9,0,0,0,0,0,0,0,0,66
2025-09-27T18:29:00.237Z,60.7,21.1,1.908,49.6,0,59.9,0,0,0,0,0,0,0,0,66
2025-09-27T18:29:01.233Z,60.7,21.1,1.906,50.4,0,59.9,0,0,0,0,0,0,0,0,66
2025-09-27T18:29:02.243Z,60.7,21.1,1.908,49.6,0,59.9,0,0,0,0,0,0,0,0,66
2025-09-27T18:29:03.241Z,60.7,21.1,1.908,50.4,0,59.9,0,0,0,0,0,0,0,0,66
2025-09-27T18:29:04.236Z,60.7,21.1,1.906,50.4,0,59.9,0,0,0,0,0,0,0,0,66
2025-09-27T18:29:05.240Z,60.7,21.1,1.906,49.6,0,59.9,0,0,0,0,0,0,0,0,66
2025-09-27T18:29:06.238Z,60.7,21.1,1.908,50.4,0,59.9,0,0,0,0,0,0,0,0,66
2025-09-27T18:29:07.241Z,60.7,21.1,1.906,49.6,0,59.9,0,0,0,0,0,0,0,0,66
2025-09-27T18:29:08.240Z,60.7,21.1,1.906,49.6,0,59.9,0,0,0,0,0,0,0,0,66
2025-09-27T18:29:09.242Z,60.7,21.1,1.906,50.4,0,59.9,0,0,0,0,0,0,0,0,66
2025-09-27T18:29:10.243Z,60.7,21.1,1.906,49.6,0,59.9,0,0,0,0,0,0,0,0,66
2025-09-27T18:29:11.239Z,60.7,21.1,1.906,49.6,0,59.9,0,0,0,0,0,0,0,0,66
2025-09-27T18:29:12.241Z,60.8,21.1,1.906,50.4,0,59.9,0,0,0,0,0,0,0,0,66
2025-09-27T18:29:13.245Z,60.8,21.1,1.906,49.6,0,59.9,0,0,0,0,0,0,0,0,66
2025-09-27T18:29:14.251Z,60.8,21.1,1.906,49.6,0,59.9,0,0,0,0,0,0,0,0,66
2025-09-27T18:29:15.248Z,60.8,21.1,1.906,50.4,0,59.9,0,0,0,0,0,0,0,0,66
2025-09-27T18:29:16.248Z,60.8,21.1,1.908,50.4,0,59.9,0,0,0,0,0,0,0,0,66
2025-09-27T18:29:17.253Z,60.8,21.1,1.906,49.6,0,59.9,0,0,0,0,0,0,0,0,66
2025-09-27T18:29:18.251Z,60.8,21.1,1.906,50.4,0,59.9,0,0,0,0,0,0,0,0,66
2025-09-27T18:29:19.252Z,60.8,21.1,1.906,49.6,0,59.9,0,0,0,0,0,0,0,0,66
2025-09-27T18:29:20.253Z,60.8,21.1,1.906,50.4,0,59.9,0,0,0,0,0,0,0,0,66
2025-09-27T18:29:21.252Z,60.8,21.1,1.906,50.4,0,59.9,0,0,0,0,0,0,0,0,66
2025-09-27T18:29:22.254Z,60.8,21.1,1.906,49.6,0,59.9,0,0,0,0,0,0,0,0,66
2025-09-27T18:29:23.253Z,60.8,21.1,1.906,49.6,0,59.9,0,0,0,0,0,0,0,0,66
2025-09-27T18:29:24.253Z,60.8,21.1,1.906,49.6,0,59.9,0,0,0,0,0,0,0,0,66
2025-09-27T18:29:25.259Z,60.8,21.1,1.907,50.4,0,59.9,0,0,0,0,0,0,0,0,66
2025-09-27T18:29:26.255Z,60.8,21.1,1.906,49.6,0,59.9,0,0,0,0,0,0,0,0,66
2025-09-27T18:29:27.263Z,60.8,21.1,1.907,49.6,0,59.9,0,0,0,0,0,0,0,0,66
2025-09-27T18:29:28.260Z,60.8,21.1,1.907,50.4,0,59.9,0,0,0,0,0,0,0,0,66
2025-09-27T18:29:29.259Z,60.8,21.1,1.907,49.6,0,59.9,0,0,0,0,0,0,0,0,66
2025-09-27T18:29:30.258Z,60.8,21.1,1.906,49.6,0,59.9,0,0,0,0,0,0,0,0,66
2025-09-27T18:29:31.257Z,60.8,21.1,1.906,50.4,0,59.9,0,0,0,0,0,0,0,0,66
2025-09-27T18:29:32.262Z,60.8,21.1,1.907,50.4,0,59.9,0,0,0,0,0,0,0,0,66
2025-09-27T18:29:33.260Z,60.8,21.1,1.906,49.6,0,59.9,0,0,0,0,0,0,0,0,66
2025-09-27T18:29:34.258Z,60.8,21.1,1.906,50.4,0,59.9,0,0,0,0,0,0,0,0,66
2025-09-27T18:29:35.261Z,60.9,21.1,1.906,50.4,0,59.9,0,0,0,0,0,0,0,0,66
2025-09-27T18:29:36.269Z,60.8,21.1,1.907,49.6,0,59.9,0,0,0,0,0,0,0,0,66
2025-09-27T18:29:37.261Z,60.9,21.1,1.906,50.4,0,59.9,0,0,0,0,0,0,0,0,66
2025-09-27T18:29:38.269Z,60.9,21.1,1.907,49.6,0,59.9,0,0,0,0,0,0,0,0,66
2025-09-27T18:29:39.266Z,60.9,21.1,1.907,50.4,0,59.9,0,0,0,0,0,0,0,0,66
2025-09-27T18:29:40.267Z,60.9,21.1,1.907,50.4,0,59.9,0,0,0,0,0,0,0,0,66
2025-09-27T18:29:41.268Z,60.9,21.1,1.907,49.6,0,59.9,0,0,0,0,0,0,0,0,66
2025-09-27T18:29:42.266Z,60.9,21.1,1.907,50.4,0,59.9,0,0,0,0,0,0,0,0,66
2025-09-27T18:29:43.270Z,60.9,21.1,1.907,49.6,0,59.9,0,0,0,0,0,0,0,0,66
2025-09-27T18:29:44.277Z,60.9,21.1,1.907,50.4,0,59.9,0,0,0,0,0,0,0,0,66
2025-09-27T18:29:45.274Z,60.9,21.1,1.907,49.6,0,59.9,0,0,0,0,0,0,0,0,66
2025-09-27T18:29:46.270Z,60.9,21.1,1.907,49.6,0,59.9,0,0,0,0,0,0,0,0,66
2025-09-27T18:29:47.272Z,60.9,21.1,1.907,50.4,0,59.9,0,0,0,0,0,0,0,0,66
2025-09-27T18:29:48.272Z,60.9,21.1,1.907,49.6,0,59.9,0,0,0,0,0,0,0,0,66
2025-09-27T18:29:49.277Z,60.9,21.1,1.907,50.4,0,59.9,0,0,0,0,0,0,0,0,66
2025-09-27T18:29:50.278Z,60.9,21.1,1.907,50.4,0,59.9,0,0,0,0,0,0,0,0,66
2025-09-27T18:29:51.273Z,60.9,21.1,1.907,49.6,0,59.9,0,0,0,0,0,0,0,0,66
2025-09-27T18:29:52.272Z,60.9,21.1,1.907,50.4,0,59.9,0,0,0,0,0,0,0,0,66
2025-09-27T18:29:53.280Z,60.9,21.1,1.907,49.6,0,59.9,0,0,0,0,0,0,0,0,66
2025-09-27T18:29:54.277Z,60.9,21.1,1.907,50.4,0,59.9,0,0,0,0,0,0,0,0,66
2025-09-27T18:29:55.280Z,60.9,21.1,1.907,49.6,0,59.9,0,0,0,0,0,0,0,0,66
2025-09-27T18:29:56.277Z,60.9,21.1,1.907,50.4,0,59.9,0,0,0,0,0,0,0,0,66
2025-09-27T18:29:57.278Z,60.9,21.1,1.907,49.6,0,59.9,0,0,0,0,0,0,0,0,66
2025-09-27T18:29:58.281Z,60.9,21.1,1.907,49.6,0,59.9,0,0,0,0,0,0,0,0,66
2025-09-27T18:29:59.282Z,60.9,21.1,1.907,50.4,0,59.9,0,0,0,0,0,0,0,0,66
2025-09-27T18:30:00.283Z,60.9,21.1,1.907,49.6,0,59.9,0,0,0,0,0,0,0,0,66
2025-09-27T18:30:01.289Z,60.9,21.1,1.907,50.4,0,59.9,0,0,0,0,0,0,0,0,66
2025-09-27T18:30:02.289Z,60.9,21.1,1.907,49.6,0,59.9,0,0,0,0,0,0,0,0,66
2025-09-27T18:30:03.285Z,60.9,21.1,1.907,50.4,0,59.9,0,0,0,0,0,0,0,0,66
2025-09-27T18:30:04.294Z,60.9,21.1,1.906,49.6,0,59.9,0,0,0,0,0,0,0,0,66
2025-09-27T18:30:05.287Z,60.9,21.1,1.907,49.6,0,59.9,0,0,0,0,0,0,0,0,66
2025-09-27T18:30:06.293Z,60.9,21.1,1.906,50.4,0,59.9,0,0,0,0,0,0,0,0,66
2025-09-27T18:30:07.292Z,60.9,21.1,1.907,49.6,0,59.9,0,0,0,0,0,0,0,0,66
2025-09-27T18:30:08.292Z,60.9,21.1,1.907,50.4,0,59.9,0,0,0,0,0,0,0,0,66
2025-09-27T18:30:09.292Z,60.9,21.1,1.907,50.4,0,59.9,0,0,0,0,0,0,0,0,66
2025-09-27T18:30:10.291Z,60.9,21.1,1.907,49.6,0,59.9,0,0,0,0,0,0,0,0,66
2025-09-27T18:30:11.293Z,60.9,21.1,1.907,50.4,0,59.9,0,0,0,0,0,0,0,0,66
2025-09-27T18:30:12.296Z,60.9,21.1,1.907,49.6,0,59.9,0,0,0,0,0,0,0,0,66
2025-09-27T18:30:13.295Z,60.9,21.1,1.907,50.4,0,59.9,0,0,0,0,0,0,0,0,66
2025-09-27T18:30:14.294Z,60.9,21.1,1.907,49.6,0,59.9,0,0,0,0,0,0,0,0,66
2025-09-27T18:30:15.295Z,60.9,21.1,1.907,49.6,0,59.9,0,0,0,0,0,0,0,0,66
2025-09-27T18:30:16.295Z,60.9,21.1,1.907,49.6,0,59.9,0,0,0,0,0,0,0,0,66
2025-09-27T18:30:17.298Z,60.9,21.1,1.907,50.4,0,59.9,0,0,0,0,0,0,0,0,66
2025-09-27T18:30:18.300Z,60.9,21.1,1.907,50.4,0,59.9,0,0,0,0,0,0,0,0,66
2025-09-27T18:30:19.301Z,60.9,21.1,1.907,49.6,0,59.9,0,0,0,0,0,0,0,0,66
2025-09-27T18:30:20.302Z,60.9,21.1,1.906,50.4,0,59.9,0,0,0,0,0,0,0,0,66
2025-09-27T18:30:21.298Z,60.9,21.1,1.907,49.6,0,59.9,0,0,0,0,0,0,0,0,66
2025-09-27T18:30:22.305Z,60.9,21.1,1.906,50.4,0,59.9,0,0,0,0,0,0,0,0,66
2025-09-27T18:30:23.301Z,60.9,21.1,1.906,49.6,0,59.9,0,0,0,0,0,0,0,0,66
2025-09-27T18:30:24.303Z,60.9,21.1,1.906,50.4,0,59.9,0,0,0,0,0,0,0,0,66
2025-09-27T18:30:25.304Z,60.9,21.1,1.906,49.6,0,59.9,0,0,0,0,0,0,0,0,66
2025-09-27T18:30:26.308Z,60.9,21.1,1.906,50.4,0,59.9,0,0,0,0,0,0,0,0,66
2025-09-27T18:30:27.305Z,60.9,21.1,1.906,49.6,0,59.9,0,0,0,0,0,0,0,0,66
2025-09-27T18:30:28.313Z,60.9,21.1,1.906,50.4,0,59.9,0,0,0,0,0,0,0,0,66
2025-09-27T18:30:29.306Z,60.9,21.1,1.906,49.6,0,59.9,0,0,0,0,0,0,0,0,66
2025-09-27T18:30:30.312Z,60.9,21.1,1.906,50.4,0,59.9,0,0,0,0,0,0,0,0,66
2025-09-27T18:30:31.309Z,60.9,21.1,1.906,49.6,0,59.9,0,0,0,0,0,0,0,0,66
2025-09-27T18:30:32.309Z,60.9,21.1,1.906,50.4,0,59.9,0,0,0,0,0,0,0,0,66
2025-09-27T18:30:33.310Z,60.9,21.1,1.906,49.6,0,59.9,0,0,0,0,0,0,0,0,66
2025-09-27T18:30:34.313Z,60.9,21.1,1.906,49.6,0,59.9,0,0,0,0,0,0,0,0,66
2025-09-27T18:30:35.316Z,60.9,21.1,1.906,49.6,0,59.9,0,0,0,0,0,0,0,0,66
2025-09-27T18:30:36.322Z,60.9,21.1,1.906,50.4,0,59.9,0,0,0,0,0,0,0,0,66
2025-09-27T18:30:37.315Z,60.9,21.1,1.906,49.6,0,59.9,0,0,0,0,0,0,0,0,66
2025-09-27T18:30:38.315Z,60.9,21.1,1.906,50.4,0,59.9,0,0,0,0,0,0,0,0,66
2025-09-27T18:30:39.318Z,60.9,21.1,1.906,49.6,0,59.9,0,0,0,0,0,0,0,0,66
2025-09-27T18:30:40.320Z,60.9,21.1,1.906,50.4,0,59.9,0,0,0,0,0,0,0,0,66
2025-09-27T18:30:41.327Z,60.9,21.1,1.907,50.4,0,59.9,0,0,0,0,0,0,0,0,66
2025-09-27T18:30:42.321Z,60.9,21.1,1.906,49.6,0,59.9,0,0,0,0,0,0,0,0,66
2025-09-27T18:30:43.322Z,60.9,21.1,1.906,49.6,0,59.9,0,0,0,0,0,0,0,0,66
2025-09-27T18:30:44.331Z,60.9,21.1,1.907,50.4,0,59.9,0,0,0,0,0,0,0,0,66
2025-09-27T18:30:45.323Z,60.9,21.1,1.906,49.6,0,59.9,0,0,0,0,0,0,0,0,66
2025-09-27T18:30:46.326Z,60.9,21.1,1.906,49.6,0,59.9,0,0,0,0,0,0,0,0,66
2025-09-27T18:30:47.325Z,60.9,21.1,1.906,50.4,0,59.9,0,0,0,0,0,0,0,0,66
2025-09-27T18:30:48.330Z,60.9,21.1,1.906,49.6,0,59.9,0,0,0,0,0,0,0,0,66
2025-09-27T18:30:49.329Z,60.9,21.1,1.906,49.6,0,59.9,0,0,0,0,0,0,0,0,66
2025-09-27T18:30:50.331Z,60.9,21.1,1.906,50.4,0,59.9,0,0,0,0,0,0,0,0,66
2025-09-27T18:30:51.337Z,60.9,21.1,1.907,49.6,0,59.9,0,0,0,0,0,0,0,0,66
2025-09-27T18:30:52.327Z,60.9,21.1,1.906,50.4,0,59.9,0,0,0,0,0,0,0,0,66
2025-09-27T18:30:53.331Z,60.9,21.1,1.906,49.6,0,59.9,0,0,0,0,0,0,0,0,66
2025-09-27T18:30:54.329Z,60.9,21.1,1.906,50.4,0,59.9,0,0,0,0,0,0,0,0,66
2025-09-27T18:30:55.333Z,60.9,21.1,1.907,49.6,0,59.9,0,0,0,0,0,0,0,0,66
2025-09-27T18:30:56.334Z,60.9,21.1,1.907,49.6,0,59.9,0,0,0,0,0,0,0,0,66
2025-09-27T18:30:57.333Z,60.9,21.1,1.907,50.4,0,59.9,0,0,0,0,0,0,0,0,66
2025-09-27T18:30:58.337Z,60.9,21.1,1.907,49.6,0,59.9,0,0,0,0,0,0,0,0,66
2025-09-27T18:30:59.337Z,60.9,21.1,1.907,50.4,0,59.9,0,0,0,0,0,0,0,0,66
2025-09-27T18:31:00.336Z,60.9,21.1,1.907,49.6,0,59.9,0,0,0,0,0,0,0,0,66
2025-09-27T18:31:01.343Z,60.9,21.1,1.907,49.6,0,59.9,0,0,0,0,0,0,0,0,66
2025-09-27T18:31:02.341Z,60.9,21.1,1.907,50.4,0,59.9,0,0,0,0,0,0,0,0,66
2025-09-27T18:31:03.347Z,60.9,21.1,1.907,49.6,0,59.9,0,0,0,0,0,0,0,0,66
2025-09-27T18:31:04.342Z,60.9,21.1,1.907,50.4,0,59.9,0,0,0,0,0,0,0,0,66
2025-09-27T18:31:05.343Z,60.9,21.1,1.907,50.4,0,59.9,0,0,0,0,0,0,0,0,66
2025-09-27T18:31:06.338Z,60.9,21.1,1.906,49.6,0,59.9,0,0,0,0,0,0,0,0,66
2025-09-27T18:31:07.342Z,60.9,21.1,1.906,49.6,0,59.9,0,0,0,0,0,0,0,0,66
2025-09-27T18:31:08.348Z,60.9,21.1,1.907,49.6,0,59.9,0,0,0,0,0,0,0,0,66
2025-09-27T18:31:09.349Z,60.9,21.1,1.907,50.4,0,59.9,0,0,0,0,0,0,0,0,66
2025-09-27T18:31:10.346Z,60.9,21.1,1.907,50.4,0,59.9,0,0,0,0,0,0,0,0,66
2025-09-27T18:31:11.349Z,60.9,21.1,1.907,49.6,0,59.9,0,0,0,0,0,0,0,0,66
2025-09-27T18:31:12.348Z,60.9,21.1,1.907,50.4,0,59.9,0,0,0,0,0,0,0,0,66
2025-09-27T18:31:13.350Z,60.9,21.1,1.907,49.6,0,59.9,0,0,0,0,0,0,0,0,66
2025-09-27T18:31:14.355Z,60.9,21.1,1.907,50.4,0,59.9,0,0,0,0,0,0,0,0,66
2025-09-27T18:31:15.350Z,60.9,21.1,1.907,49.6,0,59.9,0,0,0,0,0,0,0,0,66
2025-09-27T18:31:16.354Z,60.9,21.1,1.907,50.4,0,59.9,0,0,0,0,0,0,0,0,66
2025-09-27T18:31:17.354Z,60.9,21.1,1.907,50.4,0,59.9,0,0,0,0,0,0,0,0,66
2025-09-27T18:31:18.363Z,60.9,21.1,1.907,49.6,0,59.9,0,0,0,0,0,0,0,0,66
2025-09-27T18:31:19.363Z,60.9,21.1,1.906,50.4,0,59.9,0,0,0,0,0,0,0,0,66
2025-09-27T18:31:20.360Z,60.9,21.1,1.907,49.6,0,59.9,0,0,0,0,0,0,0,0,66
2025-09-27T18:31:21.355Z,60.9,21.1,1.907,50.4,0,59.9,0,0,0,0,0,0,0,0,66
2025-09-27T18:31:22.357Z,60.9,21.1,1.907,49.6,0,59.9,0,0,0,0,0,0,0,0,66
2025-09-27T18:31:23.357Z,60.9,21.1,1.907,50.4,0,59.9,0,0,0,0,0,0,0,0,66
2025-09-27T18:31:24.357Z,60.8,21.1,1.907,49.6,0,59.9,0,0,0,0,0,0,0,0,66
2025-09-27T18:31:25.357Z,60.8,21.1,1.907,50.4,0,59.9,0,0,0,0,0,0,0,0,66
2025-09-27T18:31:26.363Z,60.8,21.1,1.906,49.6,0,59.9,0,0,0,0,0,0,0,0,66
2025-09-27T18:31:27.361Z,60.8,21.1,1.907,50.4,0,59.9,0,0,0,0,0,0,0,0,66
2025-09-27T18:31:28.364Z,60.8,21.1,1.906,49.6,0,59.9,0,0,0,0,0,0,0,0,66
2025-09-27T18:31:29.369Z,60.8,21.1,1.906,49.6,0,59.9,0,0,0,0,0,0,0,0,66
2025-09-27T18:31:30.369Z,60.8,21.1,1.906,50.4,0,59.9,0,0,0,0,0,0,0,0,66
2025-09-27T18:31:31.364Z,60.8,21.1,1.907,49.6,0,59.9,0,0,0,0,0,0,0,0,66
2025-09-27T18:31:32.371Z,60.8,21.1,1.906,50.4,0,59.9,0,0,0,0,0,0,0,0,66
2025-09-27T18:31:33.367Z,60.8,21.1,1.906,49.6,0,59.9,0,0,0,0,0,0,0,0,66
2025-09-27T18:31:34.368Z,60.8,21.1,1.906,50.4,0,59.9,0,0,0,0,0,0,0,0,66
2025-09-27T18:31:35.369Z,60.8,21.1,1.906,49.6,0,59.9,0,0,0,0,0,0,0,0,66
2025-09-27T18:31:36.371Z,60.8,21.1,1.906,49.6,0,59.9,0,0,0,0,0,0,0,0,66
2025-09-27T18:31:37.372Z,60.8,21.1,1.906,50.4,0,59.9,0,0,0,0,0,0,0,0,66
2025-09-27T18:31:38.380Z,60.8,21.1,1.906,49.6,0,59.9,0,0,0,0,0,0,0,0,66
2025-09-27T18:31:39.374Z,60.8,21.1,1.906,50.4,0,59.9,0,0,0,0,0,0,0,0,66
2025-09-27T18:31:40.376Z,60.8,21.1,1.906,49.6,0,59.9,0,0,0,0,0,0,0,0,66
2025-09-27T18:31:41.376Z,60.8,21.1,1.906,49.6,0,59.9,0,0,0,0,0,0,0,0,66
2025-09-27T18:31:42.377Z,60.8,21.1,1.906,50.4,0,59.9,0,0,0,0,0,0,0,0,66
2025-09-27T18:31:43.376Z,60.8,21.1,1.906,49.6,0,59.9,0,0,0,0,0,0,0,0,66
2025-09-27T18:31:44.379Z,60.8,21.1,1.906,49.6,0,59.9,0,0,0,0,0,0,0,0,66
2025-09-27T18:31:45.376Z,60.8,21.1,1.906,50.4,0,59.9,0,0,0,0,0,0,0,0,66
2025-09-27T18:31:46.376Z,60.8,21.1,1.906,49.6,0,59.9,0,0,0,0,0,0,0,0,66
2025-09-27T18:31:47.378Z,60.8,21.1,1.906,50.4,0,59.9,0,0,0,0,0,0,0,0,66
2025-09-27T18:31:48.383Z,60.8,21.1,1.906,50.4,0,59.9,0,0,0,0,0,0,0,0,66
2025-09-27T18:31:49.386Z,60.8,21.1,1.906,49.6,0,59.9,0,0,0,0,0,0,0,0,66
2025-09-27T18:31:50.385Z,60.8,21.1,1.908,50.4,0,60,0,0,0,0,0,0,0,0,66
2025-09-27T18:31:51.386Z,60.8,21.1,1.906,49.6,0,60,0,0,0,0,0,0,0,0,66
2025-09-27T18:31:52.386Z,60.7,21.1,1.908,50.4,0,59.9,0,0,0,0,0,0,0,0,66
2025-09-27T18:31:53.387Z,60.7,21.1,1.906,49.6,0,59.9,0,0,0,0,0,0,0,0,66
2025-09-27T18:31:54.388Z,60.7,21.1,1.906,49.6,0,59.9,0,0,0,0,0,0,0,0,66
2025-09-27T18:31:55.385Z,60.7,21.1,1.906,50.4,0,59.9,0,0,0,0,0,0,0,0,66
2025-09-27T18:31:56.386Z,60.7,21.1,1.906,49.6,0,60,0,0,0,0,0,0,0,0,66
2025-09-27T18:31:57.385Z,60.7,21.1,1.906,50.4,0,60,0,0,0,0,0,0,0,0,66
2025-09-27T18:31:58.390Z,60.7,21.1,1.906,49.6,0,60,0,0,0,0,0,0,0,0,66
2025-09-27T18:31:59.389Z,60.7,21.1,1.908,49.6,0,59.9,0,0,0,0,0,0,0,0,66
