timestamp,TECell_PV,PSCurrent_PV,PSVoltage_PV,FT201_PV,HTR201_PV,TE201_PV,CT201_PV,CT210_PV,Cell1_Voltage,Cell2_Voltage,Cell3_Voltage,PT201_PV,PT302_PV,HCD220_PV,step
2025-09-28T06:32:09.206Z,59.8,21.1,1.917,49.6,0,60.2,0,0,0,0,0,0,0,0,66
2025-09-28T06:32:10.205Z,59.8,21.1,1.917,49.6,0,60.2,0,0,0,0,0,0,0,0,66
2025-09-28T06:32:11.203Z,59.8,21.1,1.917,50.4,0,60.2,0,0,0,0,0,0,0,0,66
2025-09-28T06:32:12.211Z,59.8,21.1,1.917,49.6,0,60.2,0,0,0,0,0,0,0,0,66
2025-09-28T06:32:13.207Z,59.8,21.1,1.918,49.6,0,60.2,0,0,0,0,0,0,0,0,66
2025-09-28T06:32:14.205Z,59.8,21.1,1.918,50.4,0,60.2,0,0,0,0,0,0,0,0,66
2025-09-28T06:32:15.212Z,59.8,21.1,1.918,49.6,0,60.2,0,0,0,0,0,0,0,0,66
2025-09-28T06:32:16.211Z,59.8,21.1,1.918,49.6,0,60.2,0,0,0,0,0,0,0,0,66
2025-09-28T06:32:17.212Z,59.8,21.1,1.918,50.4,0,60.2,0,0,0,0,0,0,0,0,66
2025-09-28T06:32:18.212Z,59.8,21.1,1.918,49.6,0,60.2,0,0,0,0,0,0,0,0,66
2025-09-28T06:32:19.214Z,59.8,21.1,1.918,49.6,0,60.2,0,0,0,0,0,0,0,0,66
2025-09-28T06:32:20.215Z,59.8,21.1,1.918,50.4,0,60.2,0,0,0,0,0,0,0,0,66
2025-09-28T06:32:21.215Z,59.8,21.1,1.918,50.4,0,60.2,0,0,0,0,0,0,0,0,66
2025-09-28T06:32:22.216Z,59.8,21.1,1.918,49.6,0,60.2,0,0,0,0,0,0,0,0,66
2025-09-28T06:32:23.221Z,59.8,21.1,1.918,50.4,0,60.2,0,0,0,0,0,0,0,0,66
2025-09-28T06:32:24.217Z,59.8,21.1,1.918,49.6,0,60.2,0,0,0,0,0,0,0,0,66
2025-09-28T06:32:25.222Z,59.8,21.1,1.918,49.6,0,60.2,0,0,0,0,0,0,0,0,66
2025-09-28T06:32:26.216Z,59.8,21.1,1.918,50.4,0,60.2,0,0,0,0,0,0,0,0,66
2025-09-28T06:32:27.222Z,59.8,21.1,1.918,49.6,0,60.2,0,0,0,0,0,0,0,0,66
2025-09-28T06:32:28.222Z,59.8,21.1,1.918,49.6,0,60.2,0,0,0,0,0,0,0,0,66
2025-09-28T06:32:29.220Z,59.8,21.1,1.917,50.4,0,60.2,0,0,0,0,0,0,0,0,66
2025-09-28T06:32:30.228Z,59.7,21.1,1.918,50.4,0,60.2,0,0,0,0,0,0,0,0,66
2025-09-28T06:32:31.226Z,59.7,21.1,1.918,49.6,0,60.2,0,0,0,0,0,0,0,0,66
2025-09-28T06:32:32.228Z,59.7,21.1,1.918,50.4,0,60.2,0,0,0,0,0,0,0,0,66
2025-09-28T06:32:33.228Z,59.7,21.1,1.918,49.6,0,60.2,0,0,0,0,0,0,0,0,66
2025-09-28T06:32:34.228Z,59.7,21.1,1.918,49.6,0,60.2,0,0,0,0,0,0,0,0,66
2025-09-28T06:32:35.227Z,59.7,21.1,1.918,50.4,0,60.2,0,0,0,0,0,0,0,0,66
2025-09-28T06:32:36.241Z,59.7,21.1,1.919,50.4,0,60.2,0,0,0,0,0,0,0,0,66
2025-09-28T06:32:37.230Z,59.7,21.1,1.918,49.6,0,60.2,0,0,0,0,0,0,0,0,66
2025-09-28T06:32:38.233Z,59.7,21.1,1.918,50.4,0,60.2,0,0,0,0,0,0,0,0,66
2025-09-28T06:32:39.233Z,59.7,21.1,1.918,49.6,0,60.2,0,0,0,0,0,0,0,0,66
2025-09-28T06:32:40.241Z,59.7,21.1,1.919,50.4,0,60.2,0,0,0,0,0,0,0,0,66
2025-09-28T06:32:41.238Z,59.7,21.1,1.919,50.4,0,60.2,0,0,0,0,0,0,0,0,66
2025-09-28T06:32:42.241Z,59.7,21.1,1.919,49.6,0,60.2,0,0,0,0,0,0,0,0,66
2025-09-28T06:32:43.240Z,59.7,21.1,1.918,50.4,0,60.2,0,0,0,0,0,0,0,0,66
2025-09-28T06:32:44.240Z,59.7,21.1,1.919,49.6,0,60.2,0,0,0,0,0,0,0,0,66
2025-09-28T06:32:45.242Z,59.7,21.1,1.919,50.4,0,60.2,0,0,0,0,0,0,0,0,66
2025-09-28T06:32:46.249Z,59.7,21.1,1.919,49.6,0,60.2,0,0,0,0,0,0,0,0,66
2025-09-28T06:32:47.241Z,59.7,21.1,1.918,50.4,0,60.2,0,0,0,0,0,0,0,0,66
2025-09-28T06:32:48.244Z,59.7,21.1,1.918,49.6,0,60.2,0,0,0,0,0,0,0,0,66
2025-09-28T06:32:49.241Z,59.7,21.1,1.918,49.6,0,60.2,0,0,0,0,0,0,0,0,66
2025-09-28T06:32:50.256Z,59.7,21.1,1.919,50.4,0,60.2,0,0,0,0,0,0,0,0,66
2025-09-28T06:32:51.244Z,59.7,21.1,1.918,49.6,0,60.2,0,0,0,0,0,0,0,0,66
2025-09-28T06:32:52.246Z,59.7,21.1,1.918,50.4,0,60.2,0,0,0,0,0,0,0,0,66
2025-09-28T06:32:53.243Z,59.7,21.1,1.918,49.6,0,60.2,0,0,0,0,0,0,0,0,66
2025-09-28T06:32:54.242Z,59.7,21.1,1.918,49.6,0,60.2,0,0,0,0,0,0,0,0,66
2025-09-28T06:32:55.245Z,59.7,21.1,1.918,50.4,0,60.2,0,0,0,0,0,0,0,0,66
2025-09-28T06:32:56.250Z,59.7,21.1,1.919,50.4,0,60.2,0,0,0,0,0,0,0,0,66
2025-09-28T06:32:57.250Z,59.6,21.1,1.919,49.6,0,60.2,0,0,0,0,0,0,0,0,66
2025-09-28T06:32:58.246Z,59.6,21.1,1.918,50.4,0,60.2,0,0,0,0,0,0,0,0,66
2025-09-28T06:32:59.253Z,59.6,21.1,1.919,49.6,0,60.2,0,0,0,0,0,0,0,0,66
2025-09-28T06:33:00.257Z,59.6,21.1,1.919,50.4,0,60.2,0,0,0,0,0,0,0,0,66
2025-09-28T06:33:01.253Z,59.6,21.1,1.919,49.6,0,60.2,0,0,0,0,0,0,0,0,66
2025-09-28T06:33:02.252Z,59.6,21.1,1.918,50.4,0,60.2,0,0,0,0,0,0,0,0,66
2025-09-28T06:33:03.253Z,59.6,21.1,1.918,49.6,0,60.2,0,0,0,0,0,0,0,0,66
2025-09-28T06:33:04.252Z,59.6,21.1,1.918,49.6,0,60.2,0,0,0,0,0,0,0,0,66
2025-09-28T06:33:05.254Z,59.6,21.1,1.919,50.4,0,60.2,0,0,0,0,0,0,0,0,66
2025-09-28T06:33:06.256Z,59.6,21.1,1.918,49.6,0,60.2,0,0,0,0,0,0,0,0,66
2025-09-28T06:33:07.258Z,59.6,21.1,1.919,49.6,0,60.2,0,0,0,0,0,0,0,0,66
2025-09-28T06:33:08.258Z,59.6,21.1,1.92,50.4,0,60.2,0,0,0,0,0,0,0,0,66
2025-09-28T06:33:09.259Z,59.6,21.1,1.92,49.6,0,60.2,0,0,0,0,0,0,0,0,66
2025-09-28T06:33:10.259Z,59.6,21.1,1.918,49.6,0,60.2,0,0,0,0,0,0,0,0,66
2025-09-28T06:33:11.265Z,59.6,21.1,1.92,50.4,0,60.2,0,0,0,0,0,0,0,0,66
2025-09-28T06:33:12.265Z,59.6,21.1,1.92,49.6,0,60.2,0,0,0,0,0,0,0,0,66
2025-09-28T06:33:13.262Z,59.6,21.1,1.92,49.6,0,60.2,0,0,0,0,0,0,0,0,66
2025-09-28T06:33:14.265Z,59.6,21.1,1.919,50.4,0,60.2,0,0,0,0,0,0,0,0,66
2025-09-28T06:33:15.271Z,59.6,21.1,1.92,49.6,0,60.2,0,0,0,0,0,0,0,0,66
2025-09-28T06:33:16.266Z,59.6,21.1,1.92,49.6,0,60.2,0,0,0,0,0,0,0,0,66
2025-09-28T06:33:17.270Z,59.6,21.1,1.92,50.4,0,60.2,0,0,0,0,0,0,0,0,66
2025-09-28T06:33:18.273Z,59.6,21.1,1.92,49.6,0,60.2,0,0,0,0,0,0,0,0,66
2025-09-28T06:33:19.269Z,59.6,21.1,1.92,49.6,0,60.2,0,0,0,0,0,0,0,0,66
2025-09-28T06:33:20.272Z,59.6,21.1,1.92,50.4,0,60.2,0,0,0,0,0,0,0,0,66
2025-09-28T06:33:21.274Z,59.6,21.1,1.92,50.4,0,60.2,0,0,0,0,0,0,0,0,66
2025-09-28T06:33:22.271Z,59.6,21.1,1.92,49.6,0,60.2,0,0,0,0,0,0,0,0,66
2025-09-28T06:33:23.273Z,59.6,21.1,1.92,50.4,0,60.2,0,0,0,0,0,0,0,0,66
2025-09-28T06:33:24.272Z,59.6,21.1,1.92,50.4,0,60.2,0,0,0,0,0,0,0,0,66
2025-09-28T06:33:25.274Z,59.6,21.1,1.92,49.6,0,60.2,0,0,0,0,0,0,0,0,66
2025-09-28T06:33:26.275Z,59.6,21.1,1.92,50.4,0,60.2,0,0,0,0,0,0,0,0,66
2025-09-28T06:33:27.277Z,59.6,21.1,1.92,50.4,0,60.2,0,0,0,0,0,0,0,0,66
2025-09-28T06:33:28.282Z,59.6,21.1,1.92,49.6,0,60.2,0,0,0,0,0,0,0,0,66
2025-09-28T06:33:29.277Z,59.6,21.1,1.92,50.4,0,60.2,0,0,0,0,0,0,0,0,66
2025-09-28T06:33:30.280Z,59.6,21.1,1.92,49.6,0,60.2,0,0,0,0,0,0,0,0,66
2025-09-28T06:33:31.280Z,59.5,21.1,1.92,50.4,0,60.1,0,0,0,0,0,0,0,0,66
2025-09-28T06:33:32.280Z,59.5,21.1,1.92,49.6,0,60.1,0,0,0,0,0,0,0,0,66
2025-09-28T06:33:33.282Z,59.5,21.1,1.92,49.6,0,60.1,0,0,0,0,0,0,0,0,66
2025-09-28T06:33:34.285Z,59.5,21.1,1.92,50.4,0,60.1,0,0,0,0,0,0,0,0,66
2025-09-28T06:33:35.283Z,59.5,21.1,1.92,49.6,0,60.1,0,0,0,0,0,0,0,0,66
2025-09-28T06:33:36.285Z,59.5,21.1,1.92,49.6,0,60.1,0,0,0,0,0,0,0,0,66
2025-09-28T06:33:37.282Z,59.5,21.1,1.92,50.4,0,60.1,0,0,0,0,0,0,0,0,66
2025-09-28T06:33:38.285Z,59.5,21.1,1.92,50.4,0,60.1,0,0,0,0,0,0,0,0,66
2025-09-28T06:33:39.288Z,59.5,21.1,1.92,49.6,0,60.1,0,0,0,0,0,0,0,0,66
2025-09-28T06:33:40.287Z,59.5,21.1,1.92,50.4,0,60.1,0,0,0,0,0,0,0,0,66
2025-09-28T06:33:41.287Z,59.5,21.1,1.92,49.6,0,60.1,0,0,0,0,0,0,0,0,66
2025-09-28T06:33:42.291Z,59.5,21.1,1.92,50.4,0,60.1,0,0,0,0,0,0,0,0,66
2025-09-28T06:33:43.290Z,59.5,21.1,1.92,49.6,0,60.1,0,0,0,0,0,0,0,0,66
2025-09-28T06:33:44.291Z,59.5,21.1,1.92,50.4,0,60.1,0,0,0,0,0,0,0,0,66
2025-09-28T06:33:45.299Z,59.5,21.1,1.92,49.6,0,60.1,0,0,0,0,0,0,0,0,66
2025-09-28T06:33:46.293Z,59.5,21.1,1.92,49.6,0,60.1,0,0,0,0,0,0,0,0,66
2025-09-28T06:33:47.296Z,59.5,21.1,1.92,50.4,0,60.1,0,0,0,0,0,0,0,0,66
2025-09-28T06:33:48.299Z,59.5,21.1,1.92,50.4,0,60.1,0,0,0,0,0,0,0,0,66
2025-09-28T06:33:49.300Z,59.5,21.1,1.92,49.6,0,60.1,0,0,0,0,0,0,0,0,66
2025-09-28T06:33:50.306Z,59.5,21.1,1.92,50.4,0,60.1,0,0,0,0,0,0,0,0,66
2025-09-28T06:33:51.300Z,59.5,21.1,1.92,49.6,0,60.1,0,0,0,0,0,0,0,0,66
2025-09-28T06:33:52.301Z,59.5,21.1,1.92,50.4,0,60.1,0,0,0,0,0,0,0,0,66
2025-09-28T06:33:53.298Z,59.5,21.1,1.92,49.6,0,60.1,0,0,0,0,0,0,0,0,66
2025-09-28T06:33:54.299Z,59.5,21.1,1.92,50.4,0,60.1,0,0,0,0,0,0,0,0,66
2025-09-28T06:33:55.302Z,59.5,21.1,1.92,49.6,0,60.1,0,0,0,0,0,0,0,0,66
2025-09-28T06:33:56.300Z,59.5,21.1,1.92,49.6,0,60.1,0,0,0,0,0,0,0,0,66
2025-09-28T06:33:57.303Z,59.5,21.1,1.92,50.4,0,60.1,0,0,0,0,0,0,0,0,66
2025-09-28T06:33:58.303Z,59.5,21.1,1.92,49.6,0,60.1,0,0,0,0,0,0,0,0,66
2025-09-28T06:33:59.310Z,59.5,21.1,1.92,50.4,0,60.1,0,0,0,0,0,0,0,0,66
2025-09-28T06:34:00.311Z,59.5,21.1,1.92,49.6,0,60.1,0,0,0,0,0,0,0,0,66
2025-09-28T06:34:01.311Z,59.5,21.1,1.92,49.6,0,60.1,0,0,0,0,0,0,0,0,66
2025-09-28T06:34:02.307Z,59.5,21.1,1.92,50.4,0,60.1,0,0,0,0,0,0,0,0,66
2025-09-28T06:34:03.309Z,59.5,21.1,1.92,49.6,0,60.1,0,0,0,0,0,0,0,0,66
2025-09-28T06:34:04.317Z,59.5,21.1,1.92,50.4,0,60.1,0,0,0,0,0,0,0,0,66
2025-09-28T06:34:05.316Z,59.5,21.1,1.92,50.4,0,60.1,0,0,0,0,0,0,0,0,66
2025-09-28T06:34:06.309Z,59.5,21.1,1.92,49.6,0,60.1,0,0,0,0,0,0,0,0,66
2025-09-28T06:34:07.315Z,59.5,21.1,1.92,50.4,0,60.1,0,0,0,0,0,0,0,0,66
2025-09-28T06:34:08.320Z,59.5,21.1,1.92,49.6,0,60.1,0,0,0,0,0,0,0,0,66
2025-09-28T06:34:09.323Z,59.5,21.1,1.92,50.4,0,60.1,0,0,0,0,0,0,0,0,66
2025-09-28T06:34:10.314Z,59.5,21.1,1.92,49.6,0,60.1,0,0,0,0,0,0,0,0,66
2025-09-28T06:34:11.318Z,59.5,21.1,1.92,49.6,0,60.1,0,0,0,0,0,0,0,0,66
2025-09-28T06:34:12.325Z,59.5,21.1,1.92,50.4,0,60.1,0,0,0,0,0,0,0,0,66
2025-09-28T06:34:13.317Z,59.5,21.1,1.92,49.6,0,60.1,0,0,0,0,0,0,0,0,66
2025-09-28T06:34:14.320Z,59.5,21.1,1.92,49.6,0,60.1,0,0,0,0,0,0,0,0,66
2025-09-28T06:34:15.323Z,59.5,21.1,1.92,50.4,0,60.1,0,0,0,0,0,0,0,0,66
2025-09-28T06:34:16.326Z,59.5,21.1,1.92,49.6,0,60.1,0,0,0,0,0,0,0,0,66
2025-09-28T06:34:17.321Z,59.5,21.1,1.92,50.4,0,60.1,0,0,0,0,0,0,0,0,66
2025-09-28T06:34:18.325Z,59.4,21.1,1.92,50.4,0,60.1,0,0,0,0,0,0,0,0,66
2025-09-28T06:34:19.325Z,59.4,21.1,1.92,49.6,0,60.1,0,0,0,0,0,0,0,0,66
2025-09-28T06:34:20.330Z,59.4,21.1,1.92,50.4,0,60.1,0,0,0,0,0,0,0,0,66
2025-09-28T06:34:21.329Z,59.4,21.1,1.92,49.6,0,60.1,0,0,0,0,0,0,0,0,66
2025-09-28T06:34:22.330Z,59.4,21.1,1.92,50.4,0,60.1,0,0,0,0,0,0,0,0,66
2025-09-28T06:34:23.325Z,59.4,21.1,1.92,49.6,0,60.1,0,0,0,0,0,0,0,0,66
2025-09-28T06:34:24.327Z,59.4,21.1,1.92,50.4,0,60.1,0,0,0,0,0,0,0,0,66
2025-09-28T06:34:25.327Z,59.4,21.1,1.92,50.4,0,60.1,0,0,0,0,0,0,0,0,66
2025-09-28T06:34:26.326Z,59.4,21.1,1.92,49.6,0,60.1,0,0,0,0,0,0,0,0,66
2025-09-28T06:34:27.331Z,59.4,21.1,1.92,50.4,0,60.1,0,0,0,0,0,0,0,0,66
2025-09-28T06:34:28.335Z,59.4,21.1,1.92,49.6,0,60.1,0,0,0,0,0,0,0,0,66
2025-09-28T06:34:29.332Z,59.4,21.1,1.92,50.4,0,60.1,0,0,0,0,0,0,0,0,66
2025-09-28T06:34:30.338Z,59.4,21.1,1.92,49.6,0,60.1,0,0,0,0,0,0,0,0,66
2025-09-28T06:34:31.339Z,59.4,21.1,1.92,50.4,0,60.1,0,0,0,0,0,0,0,0,66
2025-09-28T06:34:32.343Z,59.4,21.1,1.92,49.6,0,60.1,0,0,0,0,0,0,0,0,66
2025-09-28T06:34:33.337Z,59.4,21.1,1.92,50.4,0,60.1,0,0,0,0,0,0,0,0,66
2025-09-28T06:34:34.339Z,59.4,21.1,1.92,49.6,0,60.1,0,0,0,0,0,0,0,0,66
2025-09-28T06:34:35.340Z,59.4,21.1,1.92,50.4,0,60.1,0,0,0,0,0,0,0,0,66
2025-09-28T06:34:36.340Z,59.4,21.1,1.92,49.6,0,60.1,0,0,0,0,0,0,0,0,66
2025-09-28T06:34:37.342Z,59.4,21.1,1.92,50.4,0,60.1,0,0,0,0,0,0,0,0,66
2025-09-28T06:34:38.340Z,59.4,21.1,1.919,49.6,0,60.1,0,0,0,0,0,0,0,0,66
2025-09-28T06:34:39.341Z,59.4,21.1,1.92,50.4,0,60.1,0,0,0,0,0,0,0,0,66
2025-09-28T06:34:40.345Z,59.4,21.1,1.92,49.6,0,60.1,0,0,0,0,0,0,0,0,66
2025-09-28T06:34:41.343Z,59.4,21.1,1.92,50.4,0,60.1,0,0,0,0,0,0,0,0,66
2025-09-28T06:34:42.346Z,59.4,21.1,1.92,49.6,0,60.1,0,0,0,0,0,0,0,0,66
2025-09-28T06:34:43.352Z,59.4,21.1,1.92,50.4,0,60.1,0,0,0,0,0,0,0,0,66
2025-09-28T06:34:44.348Z,59.4,21.1,1.92,49.6,0,60.1,0,0,0,0,0,0,0,0,66
2025-09-28T06:34:45.355Z,59.4,21.1,1.92,50.4,0,60.1,0,0,0,0,0,0,0,0,66
2025-09-28T06:34:46.346Z,59.4,21.1,1.92,49.6,0,60.1,0,0,0,0,0,0,0,0,66
2025-09-28T06:34:47.350Z,59.4,21.1,1.92,50.4,0,60.1,0,0,0,0,0,0,0,0,66
2025-09-28T06:34:48.353Z,59.4,21.1,1.92,49.6,0,60.1,0,0,0,0,0,0,0,0,66
2025-09-28T06:34:49.350Z,59.4,21.1,1.92,50.4,0,60.1,0,0,0,0,0,0,0,0,66
2025-09-28T06:34:50.358Z,59.4,21.1,1.92,49.6,0,60.1,0,0,0,0,0,0,0,0,66
2025-09-28T06:34:51.351Z,59.4,21.1,1.92,50.4,0,60.1,0,0,0,0,0,0,0,0,66
2025-09-28T06:34:52.353Z,59.4,21.1,1.92,49.6,0,60.1,0,0,0,0,0,0,0,0,66
2025-09-28T06:34:53.351Z,59.4,21.1,1.92,50.4,0,60.1,0,0,0,0,0,0,0,0,66
2025-09-28T06:34:54.350Z,59.4,21.1,1.92,49.6,0,60.1,0,0,0,0,0,0,0,0,66
2025-09-28T06:34:55.354Z,59.4,21.1,1.92,50.4,0,60.1,0,0,0,0,0,0,0,0,66
2025-09-28T06:34:56.352Z,59.4,21.1,1.92,49.6,0,60.1,0,0,0,0,0,0,0,0,66
2025-09-28T06:34:57.354Z,59.4,21.1,1.92,50.4,0,60.1,0,0,0,0,0,0,0,0,66
2025-09-28T06:34:58.355Z,59.4,21.1,1.92,49.6,0,60.1,0,0,0,0,0,0,0,0,66
2025-09-28T06:34:59.354Z,59.4,21.1,1.92,49.6,0,60.1,0,0,0,0,0,0,0,0,66
2025-09-28T06:35:00.359Z,59.4,21.1,1.92,49.6,0,60.1,0,0,0,0,0,0,0,0,66
2025-09-28T06:35:01.356Z,59.4,21.1,1.92,50.4,0,60.1,0,0,0,0,0,0,0,0,66
2025-09-28T06:35:02.363Z,59.4,21.1,1.92,49.6,0,60.1,0,0,0,0,0,0,0,0,66
2025-09-28T06:35:03.361Z,59.4,21.1,1.92,50.4,0,60.1,0,0,0,0,0,0,0,0,66
2025-09-28T06:35:04.360Z,59.4,21.1,1.92,49.6,0,60.1,0,0,0,0,0,0,0,0,66
2025-09-28T06:35:05.357Z,59.4,21.1,1.92,50.4,0,60.1,0,0,0,0,0,0,0,0,66
2025-09-28T06:35:06.360Z,59.4,21.1,1.92,49.6,0,60.1,0,0,0,0,0,0,0,0,66
2025-09-28T06:35:07.363Z,59.4,21.1,1.92,50.4,0,60.1,0,0,0,0,0,0,0,0,66
2025-09-28T06:35:08.364Z,59.4,21.1,1.92,49.6,0,60.1,0,0,0,0,0,0,0,0,66
2025-09-28T06:35:09.363Z,59.4,21.1,1.92,50.4,0,60.1,0,0,0,0,0,0,0,0,66
2025-09-28T06:35:10.367Z,59.4,21.1,1.92,49.6,0,60.1,0,0,0,0,0,0,0,0,66
2025-09-28T06:35:11.370Z,59.4,21.1,1.92,50.4,0,60.1,0,0,0,0,0,0,0,0,66
2025-09-28T06:35:12.368Z,59.4,21.1,1.92,49.6,0,60.1,0,0,0,0,0,0,0,0,66
2025-09-28T06:35:13.368Z,59.4,21.1,1.92,50.4,0,60.1,0,0,0,0,0,0,0,0,66
2025-09-28T06:35:14.370Z,59.4,21.1,1.92,49.6,0,60.1,0,0,0,0,0,0,0,0,66
2025-09-28T06:35:15.370Z,59.4,21.1,1.92,50.4,0,60.1,0,0,0,0,0,0,0,0,66
2025-09-28T06:35:16.377Z,59.4,21.1,1.92,49.6,0,60.1,0,0,0,0,0,0,0,0,66
2025-09-28T06:35:17.376Z,59.4,21.1,1.92,50.4,0,60.1,0,0,0,0,0,0,0,0,66
2025-09-28T06:35:18.381Z,59.4,21.1,1.92,49.6,0,60.1,0,0,0,0,0,0,0,0,66
2025-09-28T06:35:19.378Z,59.4,21.1,1.92,50.4,0,60,0,0,0,0,0,0,0,0,66
2025-09-28T06:35:20.382Z,59.4,21.1,1.92,49.6,0,60,0,0,0,0,0,0,0,0,66
2025-09-28T06:35:21.383Z,59.4,21.1,1.92,50.4,0,60.1,0,0,0,0,0,0,0,0,66
2025-09-28T06:35:22.375Z,59.4,21.1,1.92,49.6,0,60.1,0,0,0,0,0,0,0,0,66
2025-09-28T06:35:23.381Z,59.4,21.1,1.92,50.4,0,60.1,0,0,0,0,0,0,0,0,66
2025-09-28T06:35:24.376Z,59.4,21.1,1.92,49.6,0,60.1,0,0,0,0,0,0,0,0,66
2025-09-28T06:35:25.382Z,59.4,21.1,1.92,50.4,0,60,0,0,0,0,0,0,0,0,66
2025-09-28T06:35:26.379Z,59.4,21.1,1.92,49.6,0,60,0,0,0,0,0,0,0,0,66
2025-09-28T06:35:27.383Z,59.4,21.1,1.92,50.4,0,60,0,0,0,0,0,0,0,0,66
2025-09-28T06:35:28.383Z,59.4,21.1,1.92,49.6,0,60,0,0,0,0,0,0,0,0,66
2025-09-28T06:35:29.380Z,59.4,21.1,1.92,50.4,0,60.1,0,0,0,0,0,0,0,0,66
2025-09-28T06:35:30.381Z,59.4,21.1,1.92,49.6,0,60,0,0,0,0,0,0,0,0,66
2025-09-28T06:35:31.382Z,59.4,21.1,1.92,50.4,0,60,0,0,0,0,0,0,0,0,66
2025-09-28T06:35:32.386Z,59.4,21.1,1.92,49.6,0,60.1,0,0,0,0,0,0,0,0,66
2025-09-28T06:35:33.385Z,59.5,21.1,1.92,50.4,0,60,0,0,0,0,0,0,0,0,66
2025-09-28T06:35:34.386Z,59.5,21.1,1.92,49.6,0,60,0,0,0,0,0,0,0,0,66
2025-09-28T06:35:35.387Z,59.5,21.1,1.92,50.4,0,60,0,0,0,0,0,0,0,0,66
2025-09-28T06:35:36.388Z,59.5,21.1,1.92,49.6,0,60,0,0,0,0,0,0,0,0,66
2025-09-28T06:35:37.389Z,59.5,21.1,1.92,50.4,0,60,0,0,0,0,0,0,0,0,66
2025-09-28T06:35:38.388Z,59.5,21.1,1.92,49.6,0,60,0,0,0,0,0,0,0,0,66
2025-09-28T06:35:39.395Z,59.5,21.1,1.92,50.4,0,60,0,0,0,0,0,0,0,0,66
2025-09-28T06:35:40.392Z,59.5,21.1,1.92,49.6,0,60,0,0,0,0,0,0,0,0,66
2025-09-28T06:35:41.392Z,59.5,21.1,1.92,50.4,0,60,0,0,0,0,0,0,0,0,66
2025-09-28T06:35:42.393Z,59.5,21.1,1.92,49.6,0,60,0,0,0,0,0,0,0,0,66
2025-09-28T06:35:43.397Z,59.5,21.1,1.92,50.4,0,60,0,0,0,0,0,0,0,0,66
2025-09-28T06:35:44.396Z,59.5,21.1,1.92,49.6,0,60,0,0,0,0,0,0,0,0,66
2025-09-28T06:35:45.392Z,59.5,21.1,1.92,50.4,0,60,0,0,0,0,0,0,0,0,66
2025-09-28T06:35:46.399Z,59.5,21.1,1.92,49.6,0,60,0,0,0,0,0,0,0,0,66
2025-09-28T06:35:47.402Z,59.5,21.1,1.92,50.4,0,60,0,0,0,0,0,0,0,0,66
2025-09-28T06:35:48.400Z,59.5,21.1,1.92,49.6,0,60,0,0,0,0,0,0,0,0,66
2025-09-28T06:35:49.408Z,59.5,21.1,1.92,50.4,0,60,0,0,0,0,0,0,0,0,66
2025-09-28T06:35:50.397Z,59.5,21.1,1.92,49.6,0,60,0,0,0,0,0,0,0,0,66
2025-09-28T06:35:51.402Z,59.5,21.1,1.92,50.4,0,60,0,0,0,0,0,0,0,0,66
2025-09-28T06:35:52.401Z,59.5,21.1,1.92,49.6,0,60,0,0,0,0,0,0,0,0,66
2025-09-28T06:35:53.402Z,59.5,21.1,1.92,50.4,0,60,0,0,0,0,0,0,0,0,66
2025-09-28T06:35:54.400Z,59.5,21.1,1.92,49.6,0,60,0,0,0,0,0,0,0,0,66
2025-09-28T06:35:55.402Z,59.5,21.1,1.92,50.4,0,60,0,0,0,0,0,0,0,0,66
2025-09-28T06:35:56.403Z,59.5,21.1,1.92,49.6,0,60,0,0,0,0,0,0,0,0,66
2025-09-28T06:35:57.407Z,59.5,21.1,1.92,50.4,0,60,0,0,0,0,0,0,0,0,66
2025-09-28T06:35:58.403Z,59.5,21.1,1.92,49.6,0,60,0,0,0,0,0,0,0,0,66
2025-09-28T06:35:59.409Z,59.5,21.1,1.92,50.4,0,60,0,0,0,0,0,0,0,0,66
2025-09-28T06:36:00.408Z,59.5,21.1,1.92,49.6,0,60,0,0,0,0,0,0,0,0,66
2025-09-28T06:36:01.411Z,59.5,21.1,1.92,49.6,0,60,0,0,0,0,0,0,0,0,66
2025-09-28T06:36:02.413Z,59.5,21.1,1.92,49.6,0,60,0,0,0,0,0,0,0,0,66
2025-09-28T06:36:03.408Z,59.5,21.1,1.92,49.6,0,60,0,0,0,0,0,0,0,0,66
2025-09-28T06:36:04.415Z,59.5,21.1,1.92,49.6,0,60,0,0,0,0,0,0,0,0,66
2025-09-28T06:36:05.413Z,59.5,21.1,1.92,50.4,0,60,0,0,0,0,0,0,0,0,66
2025-09-28T06:36:06.412Z,59.5,21.1,1.92,49.6,0,60,0,0,0,0,0,0,0,0,66
2025-09-28T06:36:07.416Z,59.5,21.1,1.92,50.4,0,60,0,0,0,0,0,0,0,0,66
2025-09-28T06:36:08.415Z,59.6,21.1,1.92,49.6,0,60,0,0,0,0,0,0,0,0,66
2025-09-28T06:36:09.416Z,59.6,21.1,1.92,50.4,0,60,0,0,0,0,0,0,0,0,66
2025-09-28T06:36:10.418Z,59.6,21.1,1.92,49.6,0,60,0,0,0,0,0,0,0,0,66
2025-09-28T06:36:11.418Z,59.6,21.1,1.92,49.6,0,60,0,0,0,0,0,0,0,0,66
2025-09-28T06:36:12.420Z,59.6,21.1,1.92,49.6,0,60,0,0,0,0,0,0,0,0,66
2025-09-28T06:36:13.427Z,59.6,21.1,1.919,50.4,0,60,0,0,0,0,0,0,0,0,66
2025-09-28T06:36:14.420Z,59.6,21.1,1.92,49.6,0,60,0,0,0,0,0,0,0,0,66
2025-09-28T06:36:15.426Z,59.6,21.1,1.92,50.4,0,60,0,0,0,0,0,0,0,0,66
2025-09-28T06:36:16.423Z,59.6,21.1,1.92,49.6,0,60,0,0,0,0,0,0,0,0,66
2025-09-28T06:36:17.424Z,59.6,21.1,1.92,50.4,0,60,0,0,0,0,0,0,0,0,66
2025-09-28T06:36:18.426Z,59.6,21.1,1.92,49.6,0,60,0,0,0,0,0,0,0,0,66
2025-09-28T06:36:19.427Z,59.6,21.1,1.92,50.4,0,60,0,0,0,0,0,0,0,0,66
2025-09-28T06:36:20.430Z,59.6,21.1,1.92,49.6,0,60,0,0,0,0,0,0,0,0,66
2025-09-28T06:36:21.434Z,59.6,21.1,1.919,49.6,0,60,0,0,0,0,0,0,0,0,66
2025-09-28T06:36:22.426Z,59.6,21.1,1.92,50.4,0,60,0,0,0,0,0,0,0,0,66
2025-09-28T06:36:23.424Z,59.6,21.1,1.92,49.6,0,60,0,0,0,0,0,0,0,0,66
2025-09-28T06:36:24.431Z,59.6,21.1,1.92,50.4,0,60,0,0,0,0,0,0,0,0,66
2025-09-28T06:36:25.427Z,59.6,21.1,1.92,49.6,0,60,0,0,0,0,0,0,0,0,66
2025-09-28T06:36:26.428Z,59.6,21.1,1.92,50.4,0,60,0,0,0,0,0,0,0,0,66
2025-09-28T06:36:27.432Z,59.6,21.1,1.92,49.6,0,60,0,0,0,0,0,0,0,0,66
2025-09-28T06:36:28.432Z,59.6,21.1,1.919,50.4,0,60,0,0,0,0,0,0,0,0,66
2025-09-28T06:36:29.434Z,59.6,21.1,1.92,49.6,0,60,0,0,0,0,0,0,0,0,66
2025-09-28T06:36:30.433Z,59.6,21.1,1.92,50.4,0,60,0,0,0,0,0,0,0,0,66
2025-09-28T06:36:31.432Z,59.6,21.1,1.919,49.6,0,60,0,0,0,0,0,0,0,0,66
2025-09-28T06:36:32.433Z,59.6,21.1,1.919,50.4,0,60,0,0,0,0,0,0,0,0,66
2025-09-28T06:36:33.432Z,59.6,21.1,1.919,49.6,0,60,0,0,0,0,0,0,0,0,66
2025-09-28T06:36:34.436Z,59.6,21.1,1.919,50.4,0,60,0,0,0,0,0,0,0,0,66
2025-09-28T06:36:35.438Z,59.6,21.1,1.919,49.6,0,60,0,0,0,0,0,0,0,0,66
2025-09-28T06:36:36.447Z,59.7,21.1,1.918,50.4,0,60,0,0,0,0,0,0,0,0,66
2025-09-28T06:36:37.435Z,59.7,21.1,1.919,49.6,0,60,0,0,0,0,0,0,0,0,66
2025-09-28T06:36:38.440Z,59.7,21.1,1.919,50.4,0,60,0,0,0,0,0,0,0,0,66
2025-09-28T06:36:39.438Z,59.7,21.1,1.919,49.6,0,60,0,0,0,0,0,0,0,0,66
2025-09-28T06:36:40.440Z,59.7,21.1,1.919,50.4,0,60,0,0,0,0,0,0,0,0,66
2025-09-28T06:36:41.439Z,59.7,21.1,1.919,49.6,0,60,0,0,0,0,0,0,0,0,66
2025-09-28T06:36:42.444Z,59.7,21.1,1.919,50.4,0,60,0,0,0,0,0,0,0,0,66
2025-09-28T06:36:43.444Z,59.7,21.1,1.919,49.6,0,60,0,0,0,0,0,0,0,0,66
2025-09-28T06:36:44.443Z,59.7,21.1,1.919,50.4,0,60,0,0,0,0,0,0,0,0,66
2025-09-28T06:36:45.447Z,59.7,21.1,1.919,49.6,0,60,0,0,0,0,0,0,0,0,66
2025-09-28T06:36:46.446Z,59.7,21.1,1.919,50.4,0,60,0,0,0,0,0,0,0,0,66
2025-09-28T06:36:47.473Z,59.7,21.1,1.919,49.6,0,60,0,0,0,0,0,0,0,0,66
2025-09-28T06:36:48.445Z,59.7,21.1,1.919,50.4,0,60,0,0,0,0,0,0,0,0,66
2025-09-28T06:36:49.450Z,59.7,21.1,1.919,49.6,0,60,0,0,0,0,0,0,0,0,66
2025-09-28T06:36:50.445Z,59.7,21.1,1.919,50.4,0,60,0,0,0,0,0,0,0,0,66
2025-09-28T06:36:51.462Z,59.7,21.1,1.918,49.6,0,60,0,0,0,0,0,0,0,0,66
2025-09-28T06:36:52.451Z,59.7,21.1,1.919,49.6,0,60,0,0,0,0,0,0,0,0,66
2025-09-28T06:36:53.448Z,59.7,21.1,1.919,50.4,0,60,0,0,0,0,0,0,0,0,66
2025-09-28T06:36:54.448Z,59.8,21.1,1.919,49.6,0,60,0,0,0,0,0,0,0,0,66
2025-09-28T06:36:55.449Z,59.8,21.1,1.919,50.4,0,60,0,0,0,0,0,0,0,0,66
2025-09-28T06:36:56.453Z,59.8,21.1,1.919,49.6,0,60,0,0,0,0,0,0,0,0,66
2025-09-28T06:36:57.454Z,59.8,21.1,1.919,49.6,0,60,0,0,0,0,0,0,0,0,66
2025-09-28T06:36:58.454Z,59.8,21.1,1.919,49.6,0,60,0,0,0,0,0,0,0,0,66
2025-09-28T06:36:59.460Z,59.8,21.1,1.918,50.4,0,60,0,0,0,0,0,0,0,0,66
2025-09-28T06:37:00.453Z,59.8,21.1,1.919,49.6,0,60,0,0,0,0,0,0,0,0,66
2025-09-28T06:37:01.454Z,59.8,21.1,1.919,50.4,0,60,0,0,0,0,0,0,0,0,66
2025-09-28T06:37:02.456Z,59.8,21.1,1.919,49.6,0,60,0,0,0,0,0,0,0,0,66
2025-09-28T06:37:03.462Z,59.8,21.1,1.919,49.6,0,60,0,0,0,0,0,0,0,0,66
2025-09-28T06:37:04.465Z,59.8,21.1,1.918,50.4,0,60,0,0,0,0,0,0,0,0,66
2025-09-28T06:37:05.460Z,59.8,21.1,1.919,49.6,0,60,0,0,0,0,0,0,0,0,66
2025-09-28T06:37:06.461Z,59.8,21.1,1.919,50.4,0,60,0,0,0,0,0,0,0,0,66
2025-09-28T06:37:07.463Z,59.8,21.1,1.919,49.6,0,60,0,0,0,0,0,0,0,0,66
2025-09-28T06:37:08.464Z,59.8,21.1,1.919,49.6,0,59.9,0,0,0,0,0,0,0,0,66
2025-09-28T06:37:09.463Z,59.8,21.1,1.918,50.4,0,60,0,0,0,0,0,0,0,0,66
2025-09-28T06:37:10.466Z,59.8,21.1,1.918,50.4,0,60,0,0,0,0,0,0,0,0,66
2025-09-28T06:37:11.466Z,59.9,21.1,1.918,49.6,0,60,0,0,0,0,0,0,0,0,66
2025-09-28T06:37:12.472Z,59.9,21.1,1.917,49.6,0,60,0,0,0,0,0,0,0,0,66
2025-09-28T06:37:13.467Z,59.9,21.1,1.918,49.6,0,60,0,0,0,0,0,0,0,0,66
2025-09-28T06:37:14.471Z,59.9,21.1,1.917,49.6,0,59.9,0,0,0,0,0,0,0,0,66
2025-09-28T06:37:15.474Z,59.9,21.1,1.917,50.4,0,60,0,0,0,0,0,0,0,0,66
2025-09-28T06:37:16.474Z,59.9,21.1,1.917,49.6,0,60,0,0,0,0,0,0,0,0,66
2025-09-28T06:37:17.476Z,59.9,21.1,1.917,49.6,0,60,0,0,0,0,0,0,0,0,66
2025-09-28T06:37:18.471Z,59.9,21.1,1.918,50.4,0,59.9,0,0,0,0,0,0,0,0,66
2025-09-28T06:37:19.475Z,59.9,21.1,1.917,49.6,0,59.9,0,0,0,0,0,0,0,0,66
2025-09-28T06:37:20.473Z,59.9,21.1,1.918,49.6,0,59.9,0,0,0,0,0,0,0,0,66
2025-09-28T06:37:21.481Z,59.9,21.1,1.917,50.4,0,59.9,0,0,0,0,0,0,0,0,66
2025-09-28T06:37:22.481Z,59.9,21.1,1.917,50.4,0,59.9,0,0,0,0,0,0,0,0,66
2025-09-28T06:37:23.476Z,59.9,21.1,1.917,49.6,0,59.9,0,0,0,0,0,0,0,0,66
2025-09-28T06:37:24.478Z,59.9,21.1,1.917,50.4,0,59.9,0,0,0,0,0,0,0,0,66
2025-09-28T06:37:25.481Z,59.9,21.1,1.917,50.4,0,59.9,0,0,0,0,0,0,0,0,66
2025-09-28T06:37:26.478Z,59.9,21.1,1.916,49.6,0,59.9,0,0,0,0,0,0,0,0,66
2025-09-28T06:37:27.483Z,59.9,21.1,1.916,50.4,0,59.9,0,0,0,0,0,0,0,0,66
2025-09-28T06:37:28.486Z,60,21.1,1.917,49.6,0,59.9,0,0,0,0,0,0,0,0,66
2025-09-28T06:37:29.486Z,60,21.1,1.916,50.4,0,59.9,0,0,0,0,0,0,0,0,66
2025-09-28T06:37:30.487Z,60,21.1,1.916,49.6,0,59.9,0,0,0,0,0,0,0,0,66
2025-09-28T06:37:31.488Z,60,21.1,1.916,50.4,0,59.9,0,0,0,0,0,0,0,0,66
2025-09-28T06:37:32.486Z,60,21.1,1.916,50.4,0,59.9,0,0,0,0,0,0,0,0,66
2025-09-28T06:37:33.487Z,60,21.1,1.916,49.6,0,59.9,0,0,0,0,0,0,0,0,66
2025-09-28T06:37:34.492Z,60,21.1,1.916,50.4,0,59.9,0,0,0,0,0,0,0,0,66
2025-09-28T06:37:35.490Z,60,21.1,1.916,49.6,0,59.9,0,0,0,0,0,0,0,0,66
2025-09-28T06:37:36.493Z,60,21.1,1.916,50.4,0,59.9,0,0,0,0,0,0,0,0,66
2025-09-28T06:37:37.492Z,60,21.1,1.916,49.6,0,59.9,0,0,0,0,0,0,0,0,66
2025-09-28T06:37:38.492Z,60,21.1,1.916,50.4,0,59.9,0,0,0,0,0,0,0,0,66
2025-09-28T06:37:39.491Z,60,21.1,1.916,49.6,0,59.9,0,0,0,0,0,0,0,0,66
2025-09-28T06:37:40.493Z,60,21.1,1.916,50.4,0,59.9,0,0,0,0,0,0,0,0,66
2025-09-28T06:37:41.493Z,60,21.1,1.916,49.6,0,59.9,0,0,0,0,0,0,0,0,66
2025-09-28T06:37:42.498Z,60,21.1,1.917,49.6,0,59.9,0,0,0,0,0,0,0,0,66
2025-09-28T06:37:43.506Z,60,21.1,1.917,50.4,0,59.9,0,0,0,0,0,0,0,0,66
2025-09-28T06:37:44.503Z,60,21.1,1.917,49.6,0,59.9,0,0,0,0,0,0,0,0,66
2025-09-28T06:37:45.502Z,60.1,21.1,1.916,50.4,0,59.9,0,0,0,0,0,0,0,0,66
2025-09-28T06:37:46.502Z,60.1,21.1,1.916,49.6,0,59.9,0,0,0,0,0,0,0,0,66
2025-09-28T06:37:47.511Z,60.1,21.1,1.917,49.6,0,59.9,0,0,0,0,0,0,0,0,66
2025-09-28T06:37:48.503Z,60.1,21.1,1.916,50.4,0,59.9,0,0,0,0,0,0,0,0,66
2025-09-28T06:37:49.508Z,60.1,21.1,1.917,49.6,0,59.9,0,0,0,0,0,0,0,0,66
2025-09-28T06:37:50.507Z,60.1,21.1,1.916,50.4,0,59.9,0,0,0,0,0,0,0,0,66
2025-09-28T06:37:51.507Z,60.1,21.1,1.916,49.6,0,59.9,0,0,0,0,0,0,0,0,66
2025-09-28T06:37:52.507Z,60.1,21.1,1.916,49.6,0,59.9,0,0,0,0,0,0,0,0,66
2025-09-28T06:37:53.508Z,60.1,21.1,1.917,50.4,0,59.9,0,0,0,0,0,0,0,0,66
2025-09-28T06:37:54.503Z,60.1,21.1,1.916,49.6,0,59.9,0,0,0,0,0,0,0,0,66
2025-09-28T06:37:55.511Z,60.1,21.1,1.917,50.4,0,59.9,0,0,0,0,0,0,0,0,66
2025-09-28T06:37:56.511Z,60.1,21.1,1.916,50.4,0,59.9,0,0,0,0,0,0,0,0,66
2025-09-28T06:37:57.507Z,60.1,21.1,1.916,49.6,0,59.9,0,0,0,0,0,0,0,0,66
2025-09-28T06:37:58.508Z,60.1,21.1,1.916,50.4,0,59.9,0,0,0,0,0,0,0,0,66
2025-09-28T06:37:59.510Z,60.2,21.1,1.917,49.6,0,59.9,0,0,0,0,0,0,0,0,66
2025-09-28T06:38:00.517Z,60.2,21.1,1.917,50.4,0,59.9,0,0,0,0,0,0,0,0,66
2025-09-28T06:38:01.510Z,60.2,21.1,1.916,49.6,0,59.9,0,0,0,0,0,0,0,0,66
2025-09-28T06:38:02.514Z,60.2,21.1,1.917,50.4,0,59.9,0,0,0,0,0,0,0,0,66
2025-09-28T06:38:03.517Z,60.2,21.1,1.917,49.6,0,59.9,0,0,0,0,0,0,0,0,66
2025-09-28T06:38:04.517Z,60.2,21.1,1.917,50.4,0,59.9,0,0,0,0,0,0,0,0,66
2025-09-28T06:38:05.515Z,60.2,21.1,1.917,50.4,0,59.9,0,0,0,0,0,0,0,0,66
2025-09-28T06:38:06.517Z,60.2,21.1,1.917,49.6,0,59.9,0,0,0,0,0,0,0,0,66
2025-09-28T06:38:07.517Z,60.2,21.1,1.916,49.6,0,59.9,0,0,0,0,0,0,0,0,66
2025-09-28T06:38:08.521Z,60.2,21.1,1.917,49.6,0,59.9,0,0,0,0,0,0,0,0,66
2025-09-28T06:38:09.517Z,60.2,21.1,1.916,50.4,0,59.9,0,0,0,0,0,0,0,0,66
2025-09-28T06:38:10.524Z,60.2,21.1,1.916,49.6,0,59.9,0,0,0,0,0,0,0,0,66
2025-09-28T06:38:11.520Z,60.2,21.1,1.916,50.4,0,59.9,0,0,0,0,0,0,0,0,66
2025-09-28T06:38:12.525Z,60.3,21.1,1.916,49.6,0,59.9,0,0,0,0,0,0,0,0,66
2025-09-28T06:38:13.524Z,60.2,21.1,1.916,49.6,0,59.9,0,0,0,0,0,0,0,0,66
2025-09-28T06:38:14.522Z,60.3,21.1,1.916,50.4,0,59.9,0,0,0,0,0,0,0,0,66
2025-09-28T06:38:15.529Z,60.3,21.1,1.916,49.6,0,59.9,0,0,0,0,0,0,0,0,66
2025-09-28T06:38:16.530Z,60.3,21.1,1.916,50.4,0,59.9,0,0,0,0,0,0,0,0,66
2025-09-28T06:38:17.527Z,60.3,21.1,1.916,49.6,0,59.9,0,0,0,0,0,0,0,0,66
2025-09-28T06:38:18.530Z,60.3,21.1,1.916,49.6,0,59.9,0,0,0,0,0,0,0,0,66
2025-09-28T06:38:19.527Z,60.3,21.1,1.916,50.4,0,59.9,0,0,0,0,0,0,0,0,66
2025-09-28T06:38:20.532Z,60.3,21.1,1.915,49.6,0,59.9,0,0,0,0,0,0,0,0,66
2025-09-28T06:38:21.538Z,60.3,21.1,1.916,49.6,0,59.9,0,0,0,0,0,0,0,0,66
2025-09-28T06:38:22.533Z,60.3,21.1,1.915,50.4,0,59.9,0,0,0,0,0,0,0,0,66
2025-09-28T06:38:23.535Z,60.3,21.1,1.915,50.4,0,59.9,0,0,0,0,0,0,0,0,66
2025-09-28T06:38:24.543Z,60.3,21.1,1.915,49.6,0,59.9,0,0,0,0,0,0,0,0,66
2025-09-28T06:38:25.533Z,60.3,21.1,1.915,50.4,0,59.9,0,0,0,0,0,0,0,0,66
2025-09-28T06:38:26.538Z,60.3,21.1,1.915,49.6,0,59.9,0,0,0,0,0,0,0,0,66
2025-09-28T06:38:27.533Z,60.4,21.1,1.915,50.4,0,59.9,0,0,0,0,0,0,0,0,66
2025-09-28T06:38:28.539Z,60.4,21.1,1.915,49.6,0,59.9,0,0,0,0,0,0,0,0,66
2025-09-28T06:38:29.538Z,60.4,21.1,1.915,50.4,0,59.9,0,0,0,0,0,0,0,0,66
2025-09-28T06:38:30.535Z,60.4,21.1,1.915,49.6,0,59.9,0,0,0,0,0,0,0,0,66
2025-09-28T06:38:31.540Z,60.4,21.1,1.915,49.6,0,59.9,0,0,0,0,0,0,0,0,66
2025-09-28T06:38:32.540Z,60.4,21.1,1.915,50.4,0,59.9,0,0,0,0,0,0,0,0,66
2025-09-28T06:38:33.544Z,60.4,21.1,1.915,49.6,0,59.9,0,0,0,0,0,0,0,0,66
2025-09-28T06:38:34.540Z,60.4,21.1,1.915,50.4,0,59.9,0,0,0,0,0,0,0,0,66
2025-09-28T06:38:35.548Z,60.4,21.1,1.915,49.6,0,59.9,0,0,0,0,0,0,0,0,66
2025-09-28T06:38:36.549Z,60.4,21.1,1.915,49.6,0,59.9,0,0,0,0,0,0,0,0,66
2025-09-28T06:38:37.549Z,60.4,21.1,1.915,50.4,0,59.9,0,0,0,0,0,0,0,0,66
2025-09-28T06:38:38.546Z,60.4,21.1,1.915,49.6,0,59.9,0,0,0,0,0,0,0,0,66
2025-09-28T06:38:39.549Z,60.4,21.1,1.915,49.6,0,59.9,0,0,0,0,0,0,0,0,66
2025-09-28T06:38:40.546Z,60.4,21.1,1.915,50.4,0,59.9,0,0,0,0,0,0,0,0,66
2025-09-28T06:38:41.553Z,60.5,21.1,1.915,50.4,0,59.9,0,0,0,0,0,0,0,0,66
2025-09-28T06:38:42.550Z,60.5,21.1,1.915,49.6,0,59.9,0,0,0,0,0,0,0,0,66
2025-09-28T06:38:43.553Z,60.5,21.1,1.915,50.4,0,59.9,0,0,0,0,0,0,0,0,66
2025-09-28T06:38:44.553Z,60.5,21.1,1.915,49.6,0,59.9,0,0,0,0,0,0,0,0,66
2025-09-28T06:38:45.551Z,60.5,21.1,1.915,50.4,0,59.9,0,0,0,0,0,0,0,0,66
2025-09-28T06:38:46.555Z,60.5,21.1,1.915,49.6,0,59.9,0,0,0,0,0,0,0,0,66
2025-09-28T06:38:47.558Z,60.5,21.1,1.915,50.4,0,59.9,0,0,0,0,0,0,0,0,66
2025-09-28T06:38:48.557Z,60.5,21.1,1.915,49.6,0,59.9,0,0,0,0,0,0,0,0,66
2025-09-28T06:38:49.558Z,60.5,21.1,1.915,50.4,0,59.9,0,0,0,0,0,0,0,0,66
2025-09-28T06:38:50.558Z,60.5,21.1,1.915,49.6,0,59.9,0,0,0,0,0,0,0,0,66
2025-09-28T06:38:51.558Z,60.5,21.1,1.915,49.6,0,59.9,0,0,0,0,0,0,0,0,66
2025-09-28T06:38:52.561Z,60.5,21.1,1.915,50.4,0,59.9,0,0,0,0,0,0,0,0,66
2025-09-28T06:38:53.555Z,60.5,21.1,1.915,49.6,0,59.9,0,0,0,0,0,0,0,0,66
2025-09-28T06:38:54.559Z,60.5,21.1,1.915,50.4,0,59.9,0,0,0,0,0,0,0,0,66
2025-09-28T06:38:55.569Z,60.6,21.1,1.914,49.6,0,59.9,0,0,0,0,0,0,0,0,66
2025-09-28T06:38:56.565Z,60.6,21.1,1.914,49.6,0,59.8,0,0,0,0,0,0,0,0,66
2025-09-28T06:38:57.562Z,60.6,21.1,1.914,50.4,0,59.8,0,0,0,0,0,0,0,0,66
2025-09-28T06:38:58.563Z,60.6,21.1,1.914,49.6,0,59.9,0,0,0,0,0,0,0,0,66
2025-09-28T06:38:59.571Z,60.6,21.1,1.914,49.6,0,59.9,0,0,0,0,0,0,0,0,66
2025-09-28T06:39:00.567Z,60.6,21.1,1.914,50.4,0,59.9,0,0,0,0,0,0,0,0,66
2025-09-28T06:39:01.576Z,60.6,21.1,1.915,50.4,0,59.9,0,0,0,0,0,0,0,0,66
2025-09-28T06:39:02.567Z,60.6,21.1,1.914,49.6,0,59.8,0,0,0,0,0,0,0,0,66
2025-09-28T06:39:03.568Z,60.6,21.1,1.914,50.4,0,59.8,0,0,0,0,0,0,0,0,66
2025-09-28T06:39:04.568Z,60.6,21.1,1.914,49.6,0,59.9,0,0,0,0,0,0,0,0,66
2025-09-28T06:39:05.572Z,60.6,21.1,1.913,49.6,0,59.9,0,0,0,0,0,0,0,0,66
2025-09-28T06:39:06.570Z,60.6,21.1,1.914,50.4,0,59.9,0,0,0,0,0,0,0,0,66
2025-09-28T06:39:07.573Z,60.6,21.1,1.914,49.6,0,59.9,0,0,0,0,0,0,0,0,66
2025-09-28T06:39:08.572Z,60.6,21.1,1.914,50.4,0,59.8,0,0,0,0,0,0,0,0,66
2025-09-28T06:39:09.581Z,60.6,21.1,1.914,50.4,0,59.9,0,0,0,0,0,0,0,0,66
2025-09-28T06:39:10.574Z,60.6,21.1,1.913,49.6,0,59.9,0,0,0,0,0,0,0,0,66
2025-09-28T06:39:11.581Z,60.6,21.1,1.914,50.4,0,59.9,0,0,0,0,0,0,0,0,66
2025-09-28T06:39:12.574Z,60.6,21.1,1.913,49.6,0,59.9,0,0,0,0,0,0,0,0,66
2025-09-28T06:39:13.575Z,60.6,21.1,1.913,50.4,0,59.9,0,0,0,0,0,0,0,0,66
2025-09-28T06:39:14.578Z,60.6,21.1,1.913,49.6,0,59.9,0,0,0,0,0,0,0,0,66
2025-09-28T06:39:15.581Z,60.7,21.1,1.913,49.6,0,59.9,0,0,0,0,0,0,0,0,66
2025-09-28T06:39:16.580Z,60.7,21.1,1.913,50.4,0,59.8,0,0,0,0,0,0,0,0,66
2025-09-28T06:39:17.575Z,60.7,21.1,1.913,49.6,0,59.8,0,0,0,0,0,0,0,0,66
2025-09-28T06:39:18.579Z,60.7,21.1,1.913,50.4,0,59.8,0,0,0,0,0,0,0,0,66
2025-09-28T06:39:19.583Z,60.7,21.1,1.913,50.4,0,59.8,0,0,0,0,0,0,0,0,66
2025-09-28T06:39:20.583Z,60.7,21.1,1.913,49.6,0,59.8,0,0,0,0,0,0,0,0,66
2025-09-28T06:39:21.582Z,60.7,21.1,1.913,50.4,0,59.8,0,0,0,0,0,0,0,0,66
2025-09-28T06:39:22.583Z,60.7,21.1,1.913,49.6,0,59.8,0,0,0,0,0,0,0,0,66
2025-09-28T06:39:23.582Z,60.7,21.1,1.913,50.4,0,59.8,0,0,0,0,0,0,0,0,66
2025-09-28T06:39:24.582Z,60.7,21.1,1.913,49.6,0,59.8,0,0,0,0,0,0,0,0,66
2025-09-28T06:39:25.580Z,60.7,21.1,1.913,50.4,0,59.8,0,0,0,0,0,0,0,0,66
2025-09-28T06:39:26.590Z,60.7,21.1,1.914,50.4,0,59.8,0,0,0,0,0,0,0,0,66
2025-09-28T06:39:27.591Z,60.7,21.1,1.914,49.6,0,59.9,0,0,0,0,0,0,0,0,66
2025-09-28T06:39:28.592Z,60.7,21.1,1.914,49.6,0,59.8,0,0,0,0,0,0,0,0,66
2025-09-28T06:39:29.588Z,60.7,21.1,1.913,49.6,0,59.8,0,0,0,0,0,0,0,0,66
2025-09-28T06:39:30.593Z,60.7,21.1,1.914,50.4,0,59.8,0,0,0,0,0,0,0,0,66
2025-09-28T06:39:31.592Z,60.7,21.1,1.914,49.6,0,59.8,0,0,0,0,0,0,0,0,66
2025-09-28T06:39:32.590Z,60.7,21.1,1.913,49.6,0,59.8,0,0,0,0,0,0,0,0,66
2025-09-28T06:39:33.590Z,60.8,21.1,1.913,50.4,0,59.8,0,0,0,0,0,0,0,0,66
2025-09-28T06:39:34.594Z,60.8,21.1,1.914,49.6,0,59.8,0,0,0,0,0,0,0,0,66
2025-09-28T06:39:35.593Z,60.8,21.1,1.913,49.6,0,59.8,0,0,0,0,0,0,0,0,66
2025-09-28T06:39:36.595Z,60.8,21.1,1.913,50.4,0,59.8,0,0,0,0,0,0,0,0,66
2025-09-28T06:39:37.595Z,60.8,21.1,1.913,49.6,0,59.8,0,0,0,0,0,0,0,0,66
2025-09-28T06:39:38.597Z,60.8,21.1,1.914,50.4,0,59.8,0,0,0,0,0,0,0,0,66
2025-09-28T06:39:39.598Z,60.8,21.1,1.914,50.4,0,59.8,0,0,0,0,0,0,0,0,66
2025-09-28T06:39:40.597Z,60.8,21.1,1.913,49.6,0,59.8,0,0,0,0,0,0,0,0,66
2025-09-28T06:39:41.598Z,60.8,21.1,1.913,50.4,0,59.8,0,0,0,0,0,0,0,0,66
2025-09-28T06:39:42.602Z,60.8,21.1,1.914,49.6,0,59.8,0,0,0,0,0,0,0,0,66
2025-09-28T06:39:43.604Z,60.8,21.1,1.914,50.4,0,59.8,0,0,0,0,0,0,0,0,66
2025-09-28T06:39:44.605Z,60.8,21.1,1.914,49.6,0,59.8,0,0,0,0,0,0,0,0,66
2025-09-28T06:39:45.604Z,60.8,21.1,1.914,49.6,0,59.8,0,0,0,0,0,0,0,0,66
2025-09-28T06:39:46.607Z,60.8,21.1,1.914,50.4,0,59.8,0,0,0,0,0,0,0,0,66
2025-09-28T06:39:47.608Z,60.8,21.1,1.914,49.6,0,59.8,0,0,0,0,0,0,0,0,66
2025-09-28T06:39:48.609Z,60.8,21.1,1.914,50.4,0,59.8,0,0,0,0,0,0,0,0,66
2025-09-28T06:39:49.606Z,60.8,21.1,1.914,49.6,0,59.8,0,0,0,0,0,0,0,0,66
2025-09-28T06:39:50.605Z,60.8,21.1,1.914,50.4,0,59.8,0,0,0,0,0,0,0,0,66
2025-09-28T06:39:51.604Z,60.8,21.1,1.913,49.6,0,59.8,0,0,0,0,0,0,0,0,66
2025-09-28T06:39:52.604Z,60.8,21.1,1.913,49.6,0,59.8,0,0,0,0,0,0,0,0,66
2025-09-28T06:39:53.607Z,60.8,21.1,1.914,50.4,0,59.8,0,0,0,0,0,0,0,0,66
2025-09-28T06:39:54.604Z,60.8,21.1,1.913,49.6,0,59.8,0,0,0,0,0,0,0,0,66
2025-09-28T06:39:55.612Z,60.8,21.1,1.914,50.4,0,59.8,0,0,0,0,0,0,0,0,66
2025-09-28T06:39:56.608Z,60.8,21.1,1.914,50.4,0,59.8,0,0,0,0,0,0,0,0,66
2025-09-28T06:39:57.614Z,60.9,21.1,1.914,49.6,0,59.8,0,0,0,0,0,0,0,0,66
2025-09-28T06:39:58.613Z,60.9,21.1,1.914,50.4,0,59.8,0,0,0,0,0,0,0,0,66
2025-09-28T06:39:59.613Z,60.9,21.1,1.914,49.6,0,59.8,0,0,0,0,0,0,0,0,66
2025-09-28T06:40:00.615Z,60.9,21.1,1.914,50.4,0,59.8,0,0,0,0,0,0,0,0,66
2025-09-28T06:40:01.614Z,60.9,21.1,1.914,49.6,0,59.8,0,0,0,0,0,0,0,0,66
2025-09-28T06:40:02.613Z,60.9,21.1,1.913,50.4,0,59.8,0,0,0,0,0,0,0,0,66
2025-09-28T06:40:03.618Z,60.9,21.1,1.914,49.6,0,59.8,0,0,0,0,0,0,0,0,66
2025-09-28T06:40:04.619Z,60.9,21.1,1.913,50.4,0,59.8,0,0,0,0,0,0,0,0,66
2025-09-28T06:40:05.617Z,60.9,21.1,1.914,49.6,0,59.8,0,0,0,0,0,0,0,0,66
2025-09-28T06:40:06.620Z,60.9,21.1,1.913,49.6,0,59.8,0,0,0,0,0,0,0,0,66
2025-09-28T06:40:07.620Z,60.9,21.1,1.913,50.4,0,59.8,0,0,0,0,0,0,0,0,66
2025-09-28T06:40:08.624Z,60.9,21.1,1.913,49.6,0,59.8,0,0,0,0,0,0,0,0,66
2025-09-28T06:40:09.624Z,60.9,21.1,1.914,50.4,0,59.8,0,0,0,0,0,0,0,0,66
2025-09-28T06:40:10.624Z,60.9,21.1,1.913,49.6,0,59.8,0,0,0,0,0,0,0,0,66
2025-09-28T06:40:11.625Z,60.9,21.1,1.913,50.4,0,59.8,0,0,0,0,0,0,0,0,66
2025-09-28T06:40:12.626Z,60.9,21.1,1.913,49.6,0,59.8,0,0,0,0,0,0,0,0,66
2025-09-28T06:40:13.622Z,60.9,21.1,1.913,49.6,0,59.8,0,0,0,0,0,0,0,0,66
2025-09-28T06:40:14.627Z,60.9,21.1,1.913,50.4,0,59.8,0,0,0,0,0,0,0,0,66
2025-09-28T06:40:15.627Z,60.9,21.1,1.913,49.6,0,59.8,0,0,0,0,0,0,0,0,66
2025-09-28T06:40:16.630Z,60.9,21.1,1.913,49.6,0,59.8,0,0,0,0,0,0,0,0,66
2025-09-28T06:40:17.628Z,60.9,21.1,1.913,50.4,0,59.8,0,0,0,0,0,0,0,0,66
2025-09-28T06:40:18.625Z,60.9,21.1,1.913,49.6,0,59.8,0,0,0,0,0,0,0,0,66
2025-09-28T06:40:19.632Z,60.9,21.1,1.912,49.6,0,59.8,0,0,0,0,0,0,0,0,66
2025-09-28T06:40:20.628Z,60.9,21.1,1.913,50.4,0,59.8,0,0,0,0,0,0,0,0,66
2025-09-28T06:40:21.631Z,60.9,21.1,1.913,49.6,0,59.8,0,0,0,0,0,0,0,0,66
2025-09-28T06:40:22.636Z,60.9,21.1,1.912,50.4,0,59.8,0,0,0,0,0,0,0,0,66
2025-09-28T06:40:23.635Z,60.9,21.1,1.912,50.4,0,59.8,0,0,0,0,0,0,0,0,66
2025-09-28T06:40:24.633Z,60.9,21.1,1.912,49.6,0,59.8,0,0,0,0,0,0,0,0,66
2025-09-28T06:40:25.630Z,60.9,21.1,1.913,50.4,0,59.8,0,0,0,0,0,0,0,0,66
2025-09-28T06:40:26.635Z,61,21.1,1.912,49.6,0,59.8,0,0,0,0,0,0,0,0,66
2025-09-28T06:40:27.637Z,61,21.1,1.912,50.4,0,59.8,0,0,0,0,0,0,0,0,66
2025-09-28T06:40:28.639Z,60.9,21.1,1.912,49.6,0,59.8,0,0,0,0,0,0,0,0,66
2025-09-28T06:40:29.638Z,61,21.1,1.912,50.4,0,59.8,0,0,0,0,0,0,0,0,66
2025-09-28T06:40:30.641Z,60.9,21.1,1.912,49.6,0,59.8,0,0,0,0,0,0,0,0,66
2025-09-28T06:40:31.642Z,61,21.1,1.912,49.6,0,59.8,0,0,0,0,0,0,0,0,66
2025-09-28T06:40:32.645Z,61,21.1,1.912,50.4,0,59.8,0,0,0,0,0,0,0,0,66
2025-09-28T06:40:33.640Z,61,21.1,1.912,49.6,0,59.8,0,0,0,0,0,0,0,0,66
2025-09-28T06:40:34.642Z,61,21.1,1.912,50.4,0,59.8,0,0,0,0,0,0,0,0,66
2025-09-28T06:40:35.644Z,61,21.1,1.912,50.4,0,59.8,0,0,0,0,0,0,0,0,66
2025-09-28T06:40:36.644Z,61,21.1,1.912,49.6,0,59.8,0,0,0,0,0,0,0,0,66
2025-09-28T06:40:37.639Z,61,21.1,1.912,50.4,0,59.8,0,0,0,0,0,0,0,0,66
2025-09-28T06:40:38.644Z,61,21.1,1.912,49.6,0,59.8,0,0,0,0,0,0,0,0,66
2025-09-28T06:40:39.647Z,61,21.1,1.912,50.4,0,59.8,0,0,0,0,0,0,0,0,66
2025-09-28T06:40:40.646Z,61,21.1,1.912,49.6,0,59.8,0,0,0,0,0,0,0,0,66
2025-09-28T06:40:41.646Z,61,21.1,1.912,50.4,0,59.8,0,0,0,0,0,0,0,0,66
2025-09-28T06:40:42.646Z,61,21.1,1.912,49.6,0,59.8,0,0,0,0,0,0,0,0,66
2025-09-28T06:40:43.651Z,61,21.1,1.912,49.6,0,59.8,0,0,0,0,0,0,0,0,66
2025-09-28T06:40:44.648Z,61,21.1,1.912,50.4,0,59.8,0,0,0,0,0,0,0,0,66
2025-09-28T06:40:45.652Z,61,21.1,1.912,49.6,0,59.8,0,0,0,0,0,0,0,0,66
2025-09-28T06:40:46.650Z,61,21.1,1.912,50.4,0,59.8,0,0,0,0,0,0,0,0,66
2025-09-28T06:40:47.657Z,61,21.1,1.912,49.6,0,59.8,0,0,0,0,0,0,0,0,66
2025-09-28T06:40:48.659Z,61,21.1,1.913,49.6,0,59.8,0,0,0,0,0,0,0,0,66
2025-09-28T06:40:49.651Z,61,21.1,1.912,50.4,0,59.8,0,0,0,0,0,0,0,0,66
2025-09-28T06:40:50.652Z,61,21.1,1.912,49.6,0,59.8,0,0,0,0,0,0,0,0,66
2025-09-28T06:40:51.662Z,61,21.1,1.913,49.6,0,59.8,0,0,0,0,0,0,0,0,66
2025-09-28T06:40:52.656Z,61,21.1,1.912,50.4,0,59.8,0,0,0,0,0,0,0,0,66
2025-09-28T06:40:53.658Z,61,21.1,1.912,49.6,0,59.8,0,0,0,0,0,0,0,0,66
2025-09-28T06:40:54.657Z,61,21.1,1.912,49.6,0,59.8,0,0,0,0,0,0,0,0,66
2025-09-28T06:40:55.660Z,61,21.1,1.912,50.4,0,59.8,0,0,0,0,0,0,0,0,66
2025-09-28T06:40:56.661Z,61,21.1,1.912,50.4,0,59.8,0,0,0,0,0,0,0,0,66
2025-09-28T06:40:57.660Z,61,21.1,1.912,49.6,0,59.8,0,0,0,0,0,0,0,0,66
2025-09-28T06:40:58.664Z,61,21.1,1.912,50.4,0,59.8,0,0,0,0,0,0,0,0,66
2025-09-28T06:40:59.659Z,61,21.1,1.912,49.6,0,59.8,0,0,0,0,0,0,0,0,66
2025-09-28T06:41:00.667Z,61,21.1,1.912,49.6,0,59.8,0,0,0,0,0,0,0,0,66
2025-09-28T06:41:01.666Z,61,21.1,1.912,50.4,0,59.8,0,0,0,0,0,0,0,0,66
2025-09-28T06:41:02.669Z,61,21.1,1.913,49.6,0,59.8,0,0,0,0,0,0,0,0,66
2025-09-28T06:41:03.667Z,61,21.1,1.913,50.4,0,59.8,0,0,0,0,0,0,0,0,66
2025-09-28T06:41:04.669Z,61,21.1,1.913,50.4,0,59.8,0,0,0,0,0,0,0,0,66
2025-09-28T06:41:05.667Z,61,21.1,1.912,49.6,0,59.8,0,0,0,0,0,0,0,0,66
2025-09-28T06:41:06.669Z,61,21.1,1.912,50.4,0,59.8,0,0,0,0,0,0,0,0,66
2025-09-28T06:41:07.671Z,61,21.1,1.913,49.6,0,59.8,0,0,0,0,0,0,0,0,66
2025-09-28T06:41:08.670Z,61,21.1,1.912,50.4,0,59.8,0,0,0,0,0,0,0,0,66
2025-09-28T06:41:09.671Z,61,21.1,1.913,49.6,0,59.8,0,0,0,0,0,0,0,0,66
2025-09-28T06:41:10.675Z,61,21.1,1.913,50.4,0,59.8,0,0,0,0,0,0,0,0,66
2025-09-28T06:41:11.677Z,60.9,21.1,1.913,50.4,0,59.8,0,0,0,0,0,0,0,0,66
2025-09-28T06:41:12.679Z,61,21.1,1.913,49.6,0,59.8,0,0,0,0,0,0,0,0,66
2025-09-28T06:41:13.677Z,61,21.1,1.913,50.4,0,59.8,0,0,0,0,0,0,0,0,66
2025-09-28T06:41:14.675Z,60.9,21.1,1.912,49.6,0,59.8,0,0,0,0,0,0,0,0,66
2025-09-28T06:41:15.676Z,60.9,21.1,1.913,49.6,0,59.8,0,0,0,0,0,0,0,0,66
2025-09-28T06:41:16.675Z,60.9,21.1,1.912,49.6,0,59.8,0,0,0,0,0,0,0,0,66
2025-09-28T06:41:17.683Z,60.9,21.1,1.913,50.4,0,59.8,0,0,0,0,0,0,0,0,66
2025-09-28T06:41:18.680Z,60.9,21.1,1.913,50.4,0,59.8,0,0,0,0,0,0,0,0,66
2025-09-28T06:41:19.682Z,60.9,21.1,1.913,49.6,0,59.8,0,0,0,0,0,0,0,0,66
2025-09-28T06:41:20.682Z,60.9,21.1,1.913,50.4,0,59.8,0,0,0,0,0,0,0,0,66
2025-09-28T06:41:21.685Z,60.9,21.1,1.913,49.6,0,59.8,0,0,0,0,0,0,0,0,66
2025-09-28T06:41:22.683Z,60.9,21.1,1.913,50.4,0,59.8,0,0,0,0,0,0,0,0,66
2025-09-28T06:41:23.686Z,60.9,21.1,1.914,49.6,0,59.8,0,0,0,0,0,0,0,0,66
2025-09-28T06:41:24.683Z,60.9,21.1,1.914,50.4,0,59.8,0,0,0,0,0,0,0,0,66
2025-09-28T06:41:25.688Z,60.9,21.1,1.913,49.6,0,59.8,0,0,0,0,0,0,0,0,66
2025-09-28T06:41:26.686Z,60.9,21.1,1.914,50.4,0,59.8,0,0,0,0,0,0,0,0,66
2025-09-28T06:41:27.686Z,60.9,21.1,1.914,49.6,0,59.8,0,0,0,0,0,0,0,0,66
2025-09-28T06:41:28.686Z,60.9,21.1,1.913,49.6,0,59.8,0,0,0,0,0,0,0,0,66
2025-09-28T06:41:29.693Z,60.9,21.1,1.914,50.4,0,59.8,0,0,0,0,0,0,0,0,66
2025-09-28T06:41:30.690Z,60.9,21.1,1.914,49.6,0,59.8,0,0,0,0,0,0,0,0,66
2025-09-28T06:41:31.690Z,60.9,21.1,1.914,50.4,0,59.8,0,0,0,0,0,0,0,0,66
2025-09-28T06:41:32.696Z,60.9,21.1,1.914,49.6,0,59.8,0,0,0,0,0,0,0,0,66
2025-09-28T06:41:33.693Z,60.9,21.1,1.914,50.4,0,59.8,0,0,0,0,0,0,0,0,66
2025-09-28T06:41:34.695Z,60.9,21.1,1.914,50.4,0,59.8,0,0,0,0,0,0,0,0,66
2025-09-28T06:41:35.695Z,60.9,21.1,1.914,49.6,0,59.8,0,0,0,0,0,0,0,0,66
2025-09-28T06:41:36.693Z,60.9,21.1,1.914,50.4,0,59.8,0,0,0,0,0,0,0,0,66
2025-09-28T06:41:37.695Z,60.9,21.1,1.914,49.6,0,59.8,0,0,0,0,0,0,0,0,66
2025-09-28T06:41:38.700Z,60.9,21.1,1.914,50.4,0,59.8,0,0,0,0,0,0,0,0,66
2025-09-28T06:41:39.695Z,60.9,21.1,1.914,49.6,0,59.8,0,0,0,0,0,0,0,0,66
2025-09-28T06:41:40.699Z,60.9,21.1,1.914,50.4,0,59.8,0,0,0,0,0,0,0,0,66
2025-09-28T06:41:41.702Z,60.9,21.1,1.914,49.6,0,59.8,0,0,0,0,0,0,0,0,66
2025-09-28T06:41:42.700Z,60.9,21.1,1.914,50.4,0,59.8,0,0,0,0,0,0,0,0,66
2025-09-28T06:41:43.703Z,60.9,21.1,1.914,49.6,0,59.8,0,0,0,0,0,0,0,0,66
2025-09-28T06:41:44.706Z,60.9,21.1,1.914,50.4,0,59.8,0,0,0,0,0,0,0,0,66
2025-09-28T06:41:45.707Z,60.9,21.1,1.914,49.6,0,59.8,0,0,0,0,0,0,0,0,66
2025-09-28T06:41:46.709Z,60.8,21.1,1.914,50.4,0,59.8,0,0,0,0,0,0,0,0,66
2025-09-28T06:41:47.709Z,60.8,21.1,1.914,49.6,0,59.8,0,0,0,0,0,0,0,0,66
2025-09-28T06:41:48.703Z,60.8,21.1,1.914,50.4,0,59.8,0,0,0,0,0,0,0,0,66
2025-09-28T06:41:49.706Z,60.8,21.1,1.914,49.6,0,59.8,0,0,0,0,0,0,0,0,66
2025-09-28T06:41:50.715Z,60.8,21.1,1.913,50.4,0,59.8,0,0,0,0,0,0,0,0,66
2025-09-28T06:41:51.715Z,60.8,21.1,1.913,49.6,0,59.8,0,0,0,0,0,0,0,0,66
2025-09-28T06:41:52.716Z,60.8,21.1,1.913,50.4,0,59.8,0,0,0,0,0,0,0,0,66
2025-09-28T06:41:53.709Z,60.8,21.1,1.914,49.6,0,59.8,0,0,0,0,0,0,0,0,66
2025-09-28T06:41:54.715Z,60.8,21.1,1.913,50.4,0,59.8,0,0,0,0,0,0,0,0,66
2025-09-28T06:41:55.711Z,60.8,21.1,1.914,49.6,0,59.8,0,0,0,0,0,0,0,0,66
2025-09-28T06:41:56.711Z,60.8,21.1,1.914,50.4,0,59.8,0,0,0,0,0,0,0,0,66
2025-09-28T06:41:57.713Z,60.8,21.1,1.914,49.6,0,59.8,0,0,0,0,0,0,0,0,66
2025-09-28T06:41:58.726Z,60.8,21.1,1.913,50.4,0,59.8,0,0,0,0,0,0,0,0,66
2025-09-28T06:41:59.719Z,60.8,21.1,1.913,49.6,0,59.8,0,0,0,0,0,0,0,0,66
2025-09-28T06:42:00.727Z,60.8,21.1,1.913,50.4,0,59.8,0,0,0,0,0,0,0,0,66
2025-09-28T06:42:01.719Z,60.8,21.1,1.913,49.6,0,59.8,0,0,0,0,0,0,0,0,66
2025-09-28T06:42:02.722Z,60.8,21.1,1.913,50.4,0,59.9,0,0,0,0,0,0,0,0,66
2025-09-28T06:42:03.726Z,60.8,21.1,1.913,49.6,0,59.8,0,0,0,0,0,0,0,0,66
2025-09-28T06:42:04.719Z,60.8,21.1,1.914,50.4,0,59.8,0,0,0,0,0,0,0,0,66
2025-09-28T06:42:05.727Z,60.8,21.1,1.913,49.6,0,59.8,0,0,0,0,0,0,0,0,66
2025-09-28T06:42:06.727Z,60.8,21.1,1.913,50.4,0,59.8,0,0,0,0,0,0,0,0,66
2025-09-28T06:42:07.726Z,60.8,21.1,1.913,49.6,0,59.8,0,0,0,0,0,0,0,0,66
2025-09-28T06:42:08.732Z,60.7,21.1,1.913,50.4,0,59.8,0,0,0,0,0,0,0,0,66
2025-09-28T06:42:09.731Z,60.7,21.1,1.913,49.6,0,59.8,0,0,0,0,0,0,0,0,66
2025-09-28T06:42:10.731Z,60.7,21.1,1.913,50.4,0,59.8,0,0,0,0,0,0,0,0,66
2025-09-28T06:42:11.729Z,60.7,21.1,1.913,49.6,0,59.8,0,0,0,0,0,0,0,0,66
2025-09-28T06:42:12.729Z,60.7,21.1,1.913,50.4,0,59.8,0,0,0,0,0,0,0,0,66
2025-09-28T06:42:13.730Z,60.7,21.1,1.913,49.6,0,59.8,0,0,0,0,0,0,0,0,66
2025-09-28T06:42:14.735Z,60.7,21.1,1.913,50.4,0,59.8,0,0,0,0,0,0,0,0,66
2025-09-28T06:42:15.730Z,60.7,21.1,1.913,49.6,0,59.9,0,0,0,0,0,0,0,0,66
2025-09-28T06:42:16.734Z,60.7,21.1,1.913,50.4,0,59.9,0,0,0,0,0,0,0,0,66
2025-09-28T06:42:17.736Z,60.7,21.1,1.913,49.6,0,59.8,0,0,0,0,0,0,0,0,66
2025-09-28T06:42:18.735Z,60.7,21.1,1.913,50.4,0,59.9,0,0,0,0,0,0,0,0,66
2025-09-28T06:42:19.735Z,60.7,21.1,1.913,49.6,0,59.8,0,0,0,0,0,0,0,0,66
2025-09-28T06:42:20.737Z,60.7,21.1,1.913,50.4,0,59.9,0,0,0,0,0,0,0,0,66
2025-09-28T06:42:21.740Z,60.7,21.1,1.913,49.6,0,59.8,0,0,0,0,0,0,0,0,66
2025-09-28T06:42:22.743Z,60.7,21.1,1.913,50.4,0,59.8,0,0,0,0,0,0,0,0,66
2025-09-28T06:42:23.741Z,60.7,21.1,1.913,49.6,0,59.9,0,0,0,0,0,0,0,0,66
2025-09-28T06:42:24.743Z,60.7,21.1,1.913,50.4,0,59.9,0,0,0,0,0,0,0,0,66
2025-09-28T06:42:25.743Z,60.7,21.1,1.913,49.6,0,59.8,0,0,0,0,0,0,0,0,66
2025-09-28T06:42:26.747Z,60.7,21.1,1.913,50.4,0,59.9,0,0,0,0,0,0,0,0,66
2025-09-28T06:42:27.742Z,60.7,21.1,1.914,49.6,0,59.8,0,0,0,0,0,0,0,0,66
2025-09-28T06:42:28.742Z,60.7,21.1,1.914,50.4,0,59.9,0,0,0,0,0,0,0,0,66
2025-09-28T06:42:29.747Z,60.7,21.1,1.914,49.6,0,59.9,0,0,0,0,0,0,0,0,66
2025-09-28T06:42:30.750Z,60.7,21.1,1.914,50.4,0,59.9,0,0,0,0,0,0,0,0,66
2025-09-28T06:42:31.752Z,60.6,21.1,1.915,49.6,0,59.9,0,0,0,0,0,0,0,0,66
2025-09-28T06:42:32.745Z,60.6,21.1,1.914,50.4,0,59.9,0,0,0,0,0,0,0,0,66
2025-09-28T06:42:33.752Z,60.6,21.1,1.914,49.6,0,59.9,0,0,0,0,0,0,0,0,66
2025-09-28T06:42:34.747Z,60.6,21.1,1.914,50.4,0,59.9,0,0,0,0,0,0,0,0,66
2025-09-28T06:42:35.756Z,60.6,21.1,1.915,49.6,0,59.9,0,0,0,0,0,0,0,0,66
2025-09-28T06:42:36.756Z,60.6,21.1,1.915,50.4,0,59.9,0,0,0,0,0,0,0,0,66
2025-09-28T06:42:37.752Z,60.6,21.1,1.914,49.6,0,59.9,0,0,0,0,0,0,0,0,66
2025-09-28T06:42:38.752Z,60.6,21.1,1.914,50.4,0,59.9,0,0,0,0,0,0,0,0,66
2025-09-28T06:42:39.754Z,60.6,21.1,1.914,49.6,0,59.9,0,0,0,0,0,0,0,0,66
2025-09-28T06:42:40.758Z,60.6,21.1,1.914,50.4,0,59.9,0,0,0,0,0,0,0,0,66
2025-09-28T06:42:41.757Z,60.6,21.1,1.914,49.6,0,59.9,0,0,0,0,0,0,0,0,66
2025-09-28T06:42:42.754Z,60.6,21.1,1.914,49.6,0,59.9,0,0,0,0,0,0,0,0,66
2025-09-28T06:42:43.758Z,60.6,21.1,1.915,49.6,0,59.9,0,0,0,0,0,0,0,0,66
2025-09-28T06:42:44.761Z,60.6,21.1,1.915,50.4,0,59.9,0,0,0,0,0,0,0,0,66
2025-09-28T06:42:45.759Z,60.6,21.1,1.914,49.6,0,59.9,0,0,0,0,0,0,0,0,66
2025-09-28T06:42:46.761Z,60.6,21.1,1.915,50.4,0,59.9,0,0,0,0,0,0,0,0,66
2025-09-28T06:42:47.761Z,60.6,21.1,1.914,49.6,0,59.9,0,0,0,0,0,0,0,0,66
2025-09-28T06:42:48.764Z,60.6,21.1,1.915,50.4,0,59.9,0,0,0,0,0,0,0,0,66
2025-09-28T06:42:49.762Z,60.6,21.1,1.915,49.6,0,59.9,0,0,0,0,0,0,0,0,66
2025-09-28T06:42:50.765Z,60.6,21.1,1.915,50.4,0,59.9,0,0,0,0,0,0,0,0,66
2025-09-28T06:42:51.765Z,60.6,21.1,1.915,49.6,0,59.9,0,0,0,0,0,0,0,0,66
2025-09-28T06:42:52.774Z,60.6,21.1,1.915,50.4,0,59.9,0,0,0,0,0,0,0,0,66
2025-09-28T06:42:53.766Z,60.5,21.1,1.915,49.6,0,59.9,0,0,0,0,0,0,0,0,66
2025-09-28T06:42:54.769Z,60.5,21.1,1.915,49.6,0,59.9,0,0,0,0,0,0,0,0,66
2025-09-28T06:42:55.762Z,60.5,21.1,1.915,49.6,0,59.9,0,0,0,0,0,0,0,0,66
2025-09-28T06:42:56.768Z,60.5,21.1,1.915,50.4,0,59.9,0,0,0,0,0,0,0,0,66
2025-09-28T06:42:57.767Z,60.5,21.1,1.915,49.6,0,59.9,0,0,0,0,0,0,0,0,66
2025-09-28T06:42:58.771Z,60.5,21.1,1.915,50.4,0,59.9,0,0,0,0,0,0,0,0,66
2025-09-28T06:42:59.769Z,60.5,21.1,1.915,49.6,0,59.9,0,0,0,0,0,0,0,0,66
2025-09-28T06:43:00.770Z,60.5,21.1,1.915,50.4,0,59.9,0,0,0,0,0,0,0,0,66
2025-09-28T06:43:01.775Z,60.5,21.1,1.915,49.6,0,59.9,0,0,0,0,0,0,0,0,66
2025-09-28T06:43:02.780Z,60.5,21.1,1.915,50.4,0,59.9,0,0,0,0,0,0,0,0,66
2025-09-28T06:43:03.774Z,60.5,21.1,1.915,49.6,0,59.9,0,0,0,0,0,0,0,0,66
2025-09-28T06:43:04.776Z,60.5,21.1,1.915,50.4,0,59.9,0,0,0,0,0,0,0,0,66
2025-09-28T06:43:05.776Z,60.5,21.1,1.915,49.6,0,59.9,0,0,0,0,0,0,0,0,66
2025-09-28T06:43:06.781Z,60.5,21.1,1.915,50.4,0,59.9,0,0,0,0,0,0,0,0,66
2025-09-28T06:43:07.778Z,60.5,21.1,1.915,49.6,0,59.9,0,0,0,0,0,0,0,0,66
2025-09-28T06:43:08.784Z,60.5,21.1,1.915,49.6,0,59.9,0,0,0,0,0,0,0,0,66
2025-09-28T06:43:09.780Z,60.5,21.1,1.915,49.6,0,59.9,0,0,0,0,0,0,0,0,66
2025-09-28T06:43:10.781Z,60.5,21.1,1.915,49.6,0,59.9,0,0,0,0,0,0,0,0,66
2025-09-28T06:43:11.780Z,60.5,21.1,1.915,50.4,0,59.9,0,0,0,0,0,0,0,0,66
2025-09-28T06:43:12.785Z,60.5,21.1,1.915,49.6,0,59.9,0,0,0,0,0,0,0,0,66
2025-09-28T06:43:13.786Z,60.4,21.1,1.915,49.6,0,59.9,0,0,0,0,0,0,0,0,66
2025-09-28T06:43:14.784Z,60.4,21.1,1.915,49.6,0,59.9,0,0,0,0,0,0,0,0,66
2025-09-28T06:43:15.788Z,60.4,21.1,1.915,50.4,0,59.9,0,0,0,0,0,0,0,0,66
2025-09-28T06:43:16.788Z,60.4,21.1,1.915,50.4,0,59.9,0,0,0,0,0,0,0,0,66
2025-09-28T06:43:17.787Z,60.4,21.1,1.915,49.6,0,59.9,0,0,0,0,0,0,0,0,66
2025-09-28T06:43:18.789Z,60.4,21.1,1.915,50.4,0,59.9,0,0,0,0,0,0,0,0,66
2025-09-28T06:43:19.790Z,60.4,21.1,1.915,49.6,0,59.9,0,0,0,0,0,0,0,0,66
2025-09-28T06:43:20.791Z,60.4,21.1,1.915,50.4,0,59.9,0,0,0,0,0,0,0,0,66
2025-09-28T06:43:21.794Z,60.4,21.1,1.915,49.6,0,59.9,0,0,0,0,0,0,0,0,66
2025-09-28T06:43:22.792Z,60.4,21.1,1.915,50.4,0,59.9,0,0,0,0,0,0,0,0,66
2025-09-28T06:43:23.792Z,60.4,21.1,1.915,49.6,0,59.9,0,0,0,0,0,0,0,0,66
2025-09-28T06:43:24.795Z,60.4,21.1,1.915,50.4,0,59.9,0,0,0,0,0,0,0,0,66
2025-09-28T06:43:25.793Z,60.4,21.1,1.916,49.6,0,59.9,0,0,0,0,0,0,0,0,66
2025-09-28T06:43:26.795Z,60.4,21.1,1.916,50.4,0,59.9,0,0,0,0,0,0,0,0,66
2025-09-28T06:43:27.794Z,60.4,21.1,1.915,49.6,0,59.9,0,0,0,0,0,0,0,0,66
2025-09-28T06:43:28.796Z,60.4,21.1,1.916,49.6,0,59.9,0,0,0,0,0,0,0,0,66
2025-09-28T06:43:29.799Z,60.4,21.1,1.916,50.4,0,59.9,0,0,0,0,0,0,0,0,66
2025-09-28T06:43:30.797Z,60.4,21.1,1.916,49.6,0,59.9,0,0,0,0,0,0,0,0,66
2025-09-28T06:43:31.798Z,60.4,21.1,1.916,50.4,0,59.9,0,0,0,0,0,0,0,0,66
2025-09-28T06:43:32.800Z,60.4,21.1,1.916,49.6,0,59.9,0,0,0,0,0,0,0,0,66
2025-09-28T06:43:33.807Z,60.3,21.1,1.915,50.4,0,59.9,0,0,0,0,0,0,0,0,66
2025-09-28T06:43:34.806Z,60.3,21.1,1.915,50.4,0,59.9,0,0,0,0,0,0,0,0,66
2025-09-28T06:43:35.803Z,60.3,21.1,1.916,49.6,0,59.9,0,0,0,0,0,0,0,0,66
2025-09-28T06:43:36.804Z,60.3,21.1,1.916,49.6,0,59.9,0,0,0,0,0,0,0,0,66
2025-09-28T06:43:37.807Z,60.3,21.1,1.916,50.4,0,59.9,0,0,0,0,0,0,0,0,66
2025-09-28T06:43:38.811Z,60.3,21.1,1.916,50.4,0,59.9,0,0,0,0,0,0,0,0,66
2025-09-28T06:43:39.806Z,60.3,21.1,1.916,49.6,0,59.9,0,0,0,0,0,0,0,0,66
2025-09-28T06:43:40.808Z,60.3,21.1,1.916,49.6,0,59.9,0,0,0,0,0,0,0,0,66
2025-09-28T06:43:41.814Z,60.3,21.1,1.916,49.6,0,59.9,0,0,0,0,0,0,0,0,66
2025-09-28T06:43:42.813Z,60.3,21.1,1.915,50.4,0,59.9,0,0,0,0,0,0,0,0,66
2025-09-28T06:43:43.812Z,60.3,21.1,1.916,49.6,0,59.9,0,0,0,0,0,0,0,0,66
2025-09-28T06:43:44.814Z,60.3,21.1,1.916,50.4,0,59.9,0,0,0,0,0,0,0,0,66
2025-09-28T06:43:45.813Z,60.3,21.1,1.917,49.6,0,59.9,0,0,0,0,0,0,0,0,66
2025-09-28T06:43:46.817Z,60.3,21.1,1.916,50.4,0,59.9,0,0,0,0,0,0,0,0,66
2025-09-28T06:43:47.817Z,60.3,21.1,1.917,50.4,0,59.9,0,0,0,0,0,0,0,0,66
2025-09-28T06:43:48.817Z,60.3,21.1,1.916,49.6,0,59.9,0,0,0,0,0,0,0,0,66
2025-09-28T06:43:49.821Z,60.3,21.1,1.916,50.4,0,59.9,0,0,0,0,0,0,0,0,66
2025-09-28T06:43:50.816Z,60.3,21.1,1.917,49.6,0,59.9,0,0,0,0,0,0,0,0,66
2025-09-28T06:43:51.823Z,60.3,21.1,1.916,50.4,0,59.9,0,0,0,0,0,0,0,0,66
2025-09-28T06:43:52.822Z,60.3,21.1,1.916,49.6,0,59.9,0,0,0,0,0,0,0,0,66
2025-09-28T06:43:53.824Z,60.3,21.1,1.916,50.4,0,59.9,0,0,0,0,0,0,0,0,66
2025-09-28T06:43:54.826Z,60.3,21.1,1.916,49.6,0,59.9,0,0,0,0,0,0,0,0,66
2025-09-28T06:43:55.821Z,60.2,21.1,1.916,50.4,0,59.9,0,0,0,0,0,0,0,0,66
2025-09-28T06:43:56.821Z,60.2,21.1,1.916,49.6,0,59.9,0,0,0,0,0,0,0,0,66
2025-09-28T06:43:57.826Z,60.2,21.1,1.916,49.6,0,59.9,0,0,0,0,0,0,0,0,66
2025-09-28T06:43:58.829Z,60.2,21.1,1.916,49.6,0,59.9,0,0,0,0,0,0,0,0,66
2025-09-28T06:43:59.823Z,60.2,21.1,1.916,50.4,0,59.9,0,0,0,0,0,0,0,0,66
2025-09-28T06:44:00.831Z,60.2,21.1,1.916,49.6,0,59.9,0,0,0,0,0,0,0,0,66
2025-09-28T06:44:01.828Z,60.2,21.1,1.916,50.4,0,59.9,0,0,0,0,0,0,0,0,66
2025-09-28T06:44:02.831Z,60.2,21.1,1.916,49.6,0,59.9,0,0,0,0,0,0,0,0,66
2025-09-28T06:44:03.829Z,60.2,21.1,1.916,50.4,0,59.9,0,0,0,0,0,0,0,0,66
2025-09-28T06:44:04.842Z,60.2,21.1,1.917,49.6,0,59.9,0,0,0,0,0,0,0,0,66
2025-09-28T06:44:05.837Z,60.2,21.1,1.916,50.4,0,59.9,0,0,0,0,0,0,0,0,66
2025-09-28T06:44:06.844Z,60.2,21.1,1.917,49.6,0,59.9,0,0,0,0,0,0,0,0,66
2025-09-28T06:44:07.834Z,60.2,21.1,1.916,50.4,0,59.9,0,0,0,0,0,0,0,0,66
2025-09-28T06:44:08.838Z,60.2,21.1,1.916,49.6,0,59.9,0,0,0,0,0,0,0,0,66
2025-09-28T06:44:09.837Z,60.2,21.1,1.916,50.4,0,59.9,0,0,0,0,0,0,0,0,66
2025-09-28T06:44:10.841Z,60.2,21.1,1.916,49.6,0,59.9,0,0,0,0,0,0,0,0,66
2025-09-28T06:44:11.837Z,60.2,21.1,1.916,49.6,0,59.9,0,0,0,0,0,0,0,0,66
2025-09-28T06:44:12.849Z,60.2,21.1,1.917,49.6,0,59.9,0,0,0,0,0,0,0,0,66
2025-09-28T06:44:13.841Z,60.2,21.1,1.916,50.4,0,59.9,0,0,0,0,0,0,0,0,66
2025-09-28T06:44:14.846Z,60.2,21.1,1.917,49.6,0,59.9,0,0,0,0,0,0,0,0,66
2025-09-28T06:44:15.846Z,60.2,21.1,1.917,49.6,0,59.9,0,0,0,0,0,0,0,0,66
2025-09-28T06:44:16.848Z,60.1,21.1,1.917,50.4,0,59.9,0,0,0,0,0,0,0,0,66
2025-09-28T06:44:17.844Z,60.1,21.1,1.916,49.6,0,59.9,0,0,0,0,0,0,0,0,66
2025-09-28T06:44:18.850Z,60.1,21.1,1.917,49.6,0,59.9,0,0,0,0,0,0,0,0,66
2025-09-28T06:44:19.847Z,60.1,21.1,1.916,50.4,0,59.9,0,0,0,0,0,0,0,0,66
2025-09-28T06:44:20.853Z,60.1,21.1,1.917,49.6,0,59.9,0,0,0,0,0,0,0,0,66
2025-09-28T06:44:21.854Z,60.1,21.1,1.917,49.6,0,59.9,0,0,0,0,0,0,0,0,66
2025-09-28T06:44:22.849Z,60.1,21.1,1.916,50.4,0,59.9,0,0,0,0,0,0,0,0,66
2025-09-28T06:44:23.848Z,60.1,21.1,1.917,49.6,0,59.9,0,0,0,0,0,0,0,0,66
2025-09-28T06:44:24.854Z,60.1,21.1,1.917,50.4,0,59.9,0,0,0,0,0,0,0,0,66
2025-09-28T06:44:25.852Z,60.1,21.1,1.917,50.4,0,59.9,0,0,0,0,0,0,0,0,66
2025-09-28T06:44:26.856Z,60.1,21.1,1.917,49.6,0,59.9,0,0,0,0,0,0,0,0,66
2025-09-28T06:44:27.853Z,60.1,21.1,1.917,50.4,0,59.9,0,0,0,0,0,0,0,0,66
2025-09-28T06:44:28.855Z,60.1,21.1,1.918,49.6,0,59.9,0,0,0,0,0,0,0,0,66
2025-09-28T06:44:29.853Z,60.1,21.1,1.917,50.4,0,59.9,0,0,0,0,0,0,0,0,66
2025-09-28T06:44:30.853Z,60.1,21.1,1.917,49.6,0,59.9,0,0,0,0,0,0,0,0,66
2025-09-28T06:44:31.854Z,60.1,21.1,1.916,50.4,0,59.9,0,0,0,0,0,0,0,0,66
2025-09-28T06:44:32.857Z,60.1,21.1,1.917,49.6,0,59.9,0,0,0,0,0,0,0,0,66
2025-09-28T06:44:33.859Z,60.1,21.1,1.918,49.6,0,59.9,0,0,0,0,0,0,0,0,66
2025-09-28T06:44:34.857Z,60.1,21.1,1.918,50.4,0,59.9,0,0,0,0,0,0,0,0,66
2025-09-28T06:44:35.860Z,60.1,21.1,1.918,49.6,0,59.9,0,0,0,0,0,0,0,0,66
2025-09-28T06:44:36.863Z,60.1,21.1,1.918,50.4,0,59.9,0,0,0,0,0,0,0,0,66
2025-09-28T06:44:37.861Z,60.1,21.1,1.918,50.4,0,59.9,0,0,0,0,0,0,0,0,66
2025-09-28T06:44:38.862Z,60,21.1,1.918,49.6,0,59.9,0,0,0,0,0,0,0,0,66
2025-09-28T06:44:39.860Z,60,21.1,1.917,50.4,0,59.9,0,0,0,0,0,0,0,0,66
2025-09-28T06:44:40.865Z,60,21.1,1.918,49.6,0,59.9,0,0,0,0,0,0,0,0,66
2025-09-28T06:44:41.868Z,60,21.1,1.918,49.6,0,59.9,0,0,0,0,0,0,0,0,66
2025-09-28T06:44:42.866Z,60,21.1,1.918,50.4,0,59.9,0,0,0,0,0,0,0,0,66
2025-09-28T06:44:43.867Z,60,21.1,1.918,49.6,0,59.9,0,0,0,0,0,0,0,0,66
2025-09-28T06:44:44.868Z,60,21.1,1.918,50.4,0,59.9,0,0,0,0,0,0,0,0,66
2025-09-28T06:44:45.873Z,60,21.1,1.918,49.6,0,59.9,0,0,0,0,0,0,0,0,66
2025-09-28T06:44:46.870Z,60,21.1,1.918,49.6,0,59.9,0,0,0,0,0,0,0,0,66
2025-09-28T06:44:47.872Z,60,21.1,1.918,50.4,0,59.9,0,0,0,0,0,0,0,0,66
2025-09-28T06:44:48.875Z,60,21.1,1.918,49.6,0,59.9,0,0,0,0,0,0,0,0,66
2025-09-28T06:44:49.875Z,60,21.1,1.919,49.6,0,59.9,0,0,0,0,0,0,0,0,66
2025-09-28T06:44:50.878Z,60,21.1,1.918,50.4,0,59.9,0,0,0,0,0,0,0,0,66
2025-09-28T06:44:51.874Z,60,21.1,1.919,49.6,0,59.9,0,0,0,0,0,0,0,0,66
2025-09-28T06:44:52.880Z,60,21.1,1.918,50.4,0,59.9,0,0,0,0,0,0,0,0,66
2025-09-28T06:44:53.873Z,60,21.1,1.919,50.4,0,59.9,0,0,0,0,0,0,0,0,66
2025-09-28T06:44:54.882Z,60,21.1,1.918,49.6,0,59.9,0,0,0,0,0,0,0,0,66
2025-09-28T06:44:55.873Z,60,21.1,1.918,50.4,0,59.9,0,0,0,0,0,0,0,0,66
2025-09-28T06:44:56.880Z,60,21.1,1.919,49.6,0,59.9,0,0,0,0,0,0,0,0,66
2025-09-28T06:44:57.879Z,60,21.1,1.919,49.6,0,59.9,0,0,0,0,0,0,0,0,66
2025-09-28T06:44:58.881Z,60,21.1,1.918,50.4,0,59.9,0,0,0,0,0,0,0,0,66
2025-09-28T06:44:59.879Z,60,21.1,1.918,49.6,0,59.9,0,0,0,0,0,0,0,0,66
2025-09-28T06:45:00.886Z,60,21.1,1.919,49.6,0,59.9,0,0,0,0,0,0,0,0,66
2025-09-28T06:45:01.887Z,59.9,21.1,1.919,50.4,0,59.9,0,0,0,0,0,0,0,0,66
2025-09-28T06:45:02.883Z,60,21.1,1.919,49.6,0,59.9,0,0,0,0,0,0,0,0,66
2025-09-28T06:45:03.883Z,59.9,21.1,1.919,49.6,0,59.9,0,0,0,0,0,0,0,0,66
2025-09-28T06:45:04.887Z,59.9,21.1,1.919,50.4,0,60,0,0,0,0,0,0,0,0,66
2025-09-28T06:45:05.893Z,59.9,21.1,1.918,50.4,0,60,0,0,0,0,0,0,0,0,66
2025-09-28T06:45:06.893Z,59.9,21.1,1.918,49.6,0,59.9,0,0,0,0,0,0,0,0,66
2025-09-28T06:45:07.889Z,59.9,21.1,1.919,50.4,0,60,0,0,0,0,0,0,0,0,66
2025-09-28T06:45:08.891Z,59.9,21.1,1.919,49.6,0,60,0,0,0,0,0,0,0,0,66
2025-09-28T06:45:09.895Z,59.9,21.1,1.918,50.4,0,60,0,0,0,0,0,0,0,0,66
2025-09-28T06:45:10.892Z,59.9,21.1,1.919,49.6,0,60,0,0,0,0,0,0,0,0,66
2025-09-28T06:45:11.893Z,59.9,21.1,1.918,49.6,0,60,0,0,0,0,0,0,0,0,66
2025-09-28T06:45:12.893Z,59.9,21.1,1.919,50.4,0,59.9,0,0,0,0,0,0,0,0,66
2025-09-28T06:45:13.900Z,59.9,21.1,1.918,49.6,0,60,0,0,0,0,0,0,0,0,66
2025-09-28T06:45:14.897Z,59.9,21.1,1.918,49.6,0,60,0,0,0,0,0,0,0,0,66
2025-09-28T06:45:15.895Z,59.9,21.1,1.918,50.4,0,60,0,0,0,0,0,0,0,0,66
2025-09-28T06:45:16.899Z,59.9,21.1,1.918,50.4,0,60,0,0,0,0,0,0,0,0,66
2025-09-28T06:45:17.897Z,59.9,21.1,1.918,49.6,0,60,0,0,0,0,0,0,0,0,66
2025-09-28T06:45:18.904Z,59.9,21.1,1.918,50.4,0,60,0,0,0,0,0,0,0,0,66
2025-09-28T06:45:19.901Z,59.9,21.1,1.918,50.4,0,60,0,0,0,0,0,0,0,0,66
2025-09-28T06:45:20.906Z,59.9,21.1,1.918,49.6,0,60,0,0,0,0,0,0,0,0,66
2025-09-28T06:45:21.906Z,59.9,21.1,1.918,50.4,0,60,0,0,0,0,0,0,0,0,66
2025-09-28T06:45:22.905Z,59.9,21.1,1.918,49.6,0,60,0,0,0,0,0,0,0,0,66
2025-09-28T06:45:23.907Z,59.9,21.1,1.918,50.4,0,60,0,0,0,0,0,0,0,0,66
2025-09-28T06:45:24.910Z,59.9,21.1,1.918,49.6,0,60,0,0,0,0,0,0,0,0,66
2025-09-28T06:45:25.906Z,59.8,21.1,1.918,50.4,0,60,0,0,0,0,0,0,0,0,66
2025-09-28T06:45:26.909Z,59.8,21.1,1.918,50.4,0,60,0,0,0,0,0,0,0,0,66
2025-09-28T06:45:27.907Z,59.8,21.1,1.918,49.6,0,59.9,0,0,0,0,0,0,0,0,66
2025-09-28T06:45:28.907Z,59.8,21.1,1.918,49.6,0,60,0,0,0,0,0,0,0,0,66
2025-09-28T06:45:29.906Z,59.8,21.1,1.918,49.6,0,59.9,0,0,0,0,0,0,0,0,66
2025-09-28T06:45:30.912Z,59.8,21.1,1.918,50.4,0,60,0,0,0,0,0,0,0,0,66
2025-09-28T06:45:31.912Z,59.8,21.1,1.918,50.4,0,60,0,0,0,0,0,0,0,0,66
2025-09-28T06:45:32.910Z,59.8,21.1,1.918,49.6,0,60,0,0,0,0,0,0,0,0,66
2025-09-28T06:45:33.916Z,59.8,21.1,1.918,49.6,0,59.9,0,0,0,0,0,0,0,0,66
2025-09-28T06:45:34.911Z,59.8,21.1,1.918,49.6,0,60,0,0,0,0,0,0,0,0,66
2025-09-28T06:45:35.917Z,59.8,21.1,1.918,50.4,0,59.9,0,0,0,0,0,0,0,0,66
2025-09-28T06:45:36.917Z,59.8,21.1,1.918,49.6,0,60,0,0,0,0,0,0,0,0,66
2025-09-28T06:45:37.921Z,59.8,21.1,1.919,49.6,0,60,0,0,0,0,0,0,0,0,66
2025-09-28T06:45:38.921Z,59.8,21.1,1.919,50.4,0,60,0,0,0,0,0,0,0,0,66
2025-09-28T06:45:39.920Z,59.8,21.1,1.918,50.4,0,60,0,0,0,0,0,0,0,0,66
2025-09-28T06:45:40.923Z,59.8,21.1,1.92,49.6,0,60,0,0,0,0,0,0,0,0,66
2025-09-28T06:45:41.925Z,59.8,21.1,1.92,50.4,0,60,0,0,0,0,0,0,0,0,66
2025-09-28T06:45:42.920Z,59.8,21.1,1.918,49.6,0,60,0,0,0,0,0,0,0,0,66
2025-09-28T06:45:43.922Z,59.8,21.1,1.918,50.4,0,60,0,0,0,0,0,0,0,0,66
2025-09-28T06:45:44.923Z,59.8,21.1,1.919,49.6,0,60,0,0,0,0,0,0,0,0,66
2025-09-28T06:45:45.925Z,59.8,21.1,1.919,49.6,0,60,0,0,0,0,0,0,0,0,66
2025-09-28T06:45:46.929Z,59.8,21.1,1.92,50.4,0,59.9,0,0,0,0,0,0,0,0,66
2025-09-28T06:45:47.925Z,59.8,21.1,1.919,49.6,0,59.9,0,0,0,0,0,0,0,0,66
2025-09-28T06:45:48.930Z,59.8,21.1,1.92,49.6,0,60,0,0,0,0,0,0,0,0,66
2025-09-28T06:45:49.937Z,59.7,21.1,1.92,50.4,0,60,0,0,0,0,0,0,0,0,66
2025-09-28T06:45:50.932Z,59.7,21.1,1.92,49.6,0,60,0,0,0,0,0,0,0,0,66
2025-09-28T06:45:51.932Z,59.7,21.1,1.919,50.4,0,60,0,0,0,0,0,0,0,0,66
2025-09-28T06:45:52.938Z,59.7,21.1,1.92,50.4,0,60,0,0,0,0,0,0,0,0,66
2025-09-28T06:45:53.931Z,59.7,21.1,1.919,49.6,0,59.9,0,0,0,0,0,0,0,0,66
2025-09-28T06:45:54.931Z,59.7,21.1,1.919,50.4,0,59.9,0,0,0,0,0,0,0,0,66
2025-09-28T06:45:55.936Z,59.7,21.1,1.92,49.6,0,60,0,0,0,0,0,0,0,0,66
2025-09-28T06:45:56.933Z,59.7,21.1,1.919,50.4,0,60,0,0,0,0,0,0,0,0,66
2025-09-28T06:45:57.935Z,59.7,21.1,1.92,50.4,0,60,0,0,0,0,0,0,0,0,66
2025-09-28T06:45:58.937Z,59.7,21.1,1.92,49.6,0,60,0,0,0,0,0,0,0,0,66
2025-09-28T06:45:59.936Z,59.7,21.1,1.92,50.4,0,60,0,0,0,0,0,0,0,0,66
2025-09-28T06:46:00.941Z,59.7,21.1,1.92,49.6,0,60,0,0,0,0,0,0,0,0,66
2025-09-28T06:46:01.943Z,59.7,21.1,1.92,50.4,0,60,0,0,0,0,0,0,0,0,66
2025-09-28T06:46:02.940Z,59.7,21.1,1.92,49.6,0,60,0,0,0,0,0,0,0,0,66
2025-09-28T06:46:03.942Z,59.7,21.1,1.92,50.4,0,60,0,0,0,0,0,0,0,0,66
2025-09-28T06:46:04.943Z,59.7,21.1,1.92,49.6,0,60,0,0,0,0,0,0,0,0,66
2025-09-28T06:46:05.945Z,59.7,21.1,1.92,49.6,0,60,0,0,0,0,0,0,0,0,66
2025-09-28T06:46:06.943Z,59.7,21.1,1.92,50.4,0,60,0,0,0,0,0,0,0,0,66
2025-09-28T06:46:07.941Z,59.7,21.1,1.92,49.6,0,60,0,0,0,0,0,0,0,0,66
2025-09-28T06:46:08.956Z,59.7,21.1,1.92,50.4,0,60,0,0,0,0,0,0,0,0,66
2025-09-28T06:46:09.949Z,59.7,21.1,1.92,49.6,0,60,0,0,0,0,0,0,0,0,66
2025-09-28T06:46:10.951Z,59.7,21.1,1.92,49.6,0,60,0,0,0,0,0,0,0,0,66
2025-09-28T06:46:11.950Z,59.7,21.1,1.92,50.4,0,60,0,0,0,0,0,0,0,0,66
2025-09-28T06:46:12.956Z,59.6,21.1,1.92,49.6,0,60,0,0,0,0,0,0,0,0,66
2025-09-28T06:46:13.948Z,59.6,21.1,1.92,50.4,0,60,0,0,0,0,0,0,0,0,66
2025-09-28T06:46:14.955Z,59.6,21.1,1.92,49.6,0,59.9,0,0,0,0,0,0,0,0,66
2025-09-28T06:46:15.951Z,59.6,21.1,1.92,49.6,0,60,0,0,0,0,0,0,0,0,66
2025-09-28T06:46:16.958Z,59.6,21.1,1.92,50.4,0,60,0,0,0,0,0,0,0,0,66
2025-09-28T06:46:17.958Z,59.6,21.1,1.92,49.6,0,60,0,0,0,0,0,0,0,0,66
2025-09-28T06:46:18.954Z,59.6,21.1,1.92,50.4,0,60,0,0,0,0,0,0,0,0,66
2025-09-28T06:46:19.960Z,59.6,21.1,1.92,49.6,0,60,0,0,0,0,0,0,0,0,66
2025-09-28T06:46:20.963Z,59.6,21.1,1.92,49.6,0,60,0,0,0,0,0,0,0,0,66
2025-09-28T06:46:21.960Z,59.6,21.1,1.92,50.4,0,60,0,0,0,0,0,0,0,0,66
2025-09-28T06:46:22.958Z,59.6,21.1,1.92,49.6,0,60,0,0,0,0,0,0,0,0,66
2025-09-28T06:46:23.964Z,59.6,21.1,1.92,49.6,0,60,0,0,0,0,0,0,0,0,66
2025-09-28T06:46:24.960Z,59.6,21.1,1.92,50.4,0,60,0,0,0,0,0,0,0,0,66
2025-09-28T06:46:25.959Z,59.6,21.1,1.92,49.6,0,60,0,0,0,0,0,0,0,0,66
2025-09-28T06:46:26.961Z,59.6,21.1,1.92,49.6,0,60,0,0,0,0,0,0,0,0,66
2025-09-28T06:46:27.962Z,59.6,21.1,1.92,50.4,0,60,0,0,0,0,0,0,0,0,66
2025-09-28T06:46:28.971Z,59.6,21.1,1.92,50.4,0,60,0,0,0,0,0,0,0,0,66
2025-09-28T06:46:29.967Z,59.6,21.1,1.92,49.6,0,60,0,0,0,0,0,0,0,0,66
2025-09-28T06:46:30.964Z,59.6,21.1,1.92,50.4,0,60,0,0,0,0,0,0,0,0,66
2025-09-28T06:46:31.963Z,59.6,21.1,1.92,50.4,0,60,0,0,0,0,0,0,0,0,66
2025-09-28T06:46:32.967Z,59.6,21.1,1.92,49.6,0,60,0,0,0,0,0,0,0,0,66
2025-09-28T06:46:33.968Z,59.6,21.1,1.92,50.4,0,60,0,0,0,0,0,0,0,0,66
2025-09-28T06:46:34.967Z,59.6,21.1,1.92,49.6,0,60,0,0,0,0,0,0,0,0,66
2025-09-28T06:46:35.965Z,59.6,21.1,1.92,49.6,0,60,0,0,0,0,0,0,0,0,66
2025-09-28T06:46:36.975Z,59.6,21.1,1.92,50.4,0,60,0,0,0,0,0,0,0,0,66
2025-09-28T06:46:37.978Z,59.6,21.1,1.92,49.6,0,60,0,0,0,0,0,0,0,0,66
2025-09-28T06:46:38.971Z,59.6,21.1,1.92,49.6,0,60,0,0,0,0,0,0,0,0,66
2025-09-28T06:46:39.979Z,59.6,21.1,1.92,50.4,0,60,0,0,0,0,0,0,0,0,66
2025-09-28T06:46:40.977Z,59.6,21.1,1.92,49.6,0,60,0,0,0,0,0,0,0,0,66
2025-09-28T06:46:41.975Z,59.6,21.1,1.92,49.6,0,60,0,0,0,0,0,0,0,0,66
2025-09-28T06:46:42.976Z,59.6,21.1,1.92,50.4,0,60,0,0,0,0,0,0,0,0,66
2025-09-28T06:46:43.977Z,59.6,21.1,1.92,50.4,0,60,0,0,0,0,0,0,0,0,66
2025-09-28T06:46:44.983Z,59.6,21.1,1.92,49.6,0,60,0,0,0,0,0,0,0,0,66
2025-09-28T06:46:45.981Z,59.5,21.1,1.92,50.4,0,60,0,0,0,0,0,0,0,0,66
2025-09-28T06:46:46.980Z,59.5,21.1,1.92,49.6,0,60,0,0,0,0,0,0,0,0,66
2025-09-28T06:46:47.983Z,59.5,21.1,1.92,49.6,0,60,0,0,0,0,0,0,0,0,66
2025-09-28T06:46:48.980Z,59.5,21.1,1.92,50.4,0,60,0,0,0,0,0,0,0,0,66
2025-09-28T06:46:49.986Z,59.5,21.1,1.92,50.4,0,60,0,0,0,0,0,0,0,0,66
2025-09-28T06:46:50.984Z,59.5,21.1,1.92,49.6,0,60,0,0,0,0,0,0,0,0,66
2025-09-28T06:46:51.986Z,59.5,21.1,1.92,50.4,0,60,0,0,0,0,0,0,0,0,66
2025-09-28T06:46:52.990Z,59.5,21.1,1.92,50.4,0,60,0,0,0,0,0,0,0,0,66
2025-09-28T06:46:53.984Z,59.5,21.1,1.92,49.6,0,60,0,0,0,0,0,0,0,0,66
2025-09-28T06:46:54.988Z,59.5,21.1,1.92,50.4,0,60,0,0,0,0,0,0,0,0,66
2025-09-28T06:46:55.987Z,59.5,21.1,1.92,49.6,0,60,0,0,0,0,0,0,0,0,66
2025-09-28T06:46:56.988Z,59.5,21.1,1.92,50.4,0,60,0,0,0,0,0,0,0,0,66
2025-09-28T06:46:57.990Z,59.5,21.1,1.92,49.6,0,60,0,0,0,0,0,0,0,0,66
2025-09-28T06:46:58.991Z,59.5,21.1,1.92,49.6,0,60,0,0,0,0,0,0,0,0,66
2025-09-28T06:46:59.991Z,59.5,21.1,1.92,50.4,0,60,0,0,0,0,0,0,0,0,66
2025-09-28T06:47:00.992Z,59.5,21.1,1.92,49.6,0,60,0,0,0,0,0,0,0,0,66
2025-09-28T06:47:01.998Z,59.5,21.1,1.92,50.4,0,60,0,0,0,0,0,0,0,0,66
2025-09-28T06:47:02.995Z,59.5,21.1,1.92,49.6,0,60,0,0,0,0,0,0,0,0,66
2025-09-28T06:47:03.997Z,59.5,21.1,1.92,49.6,0,60,0,0,0,0,0,0,0,0,66
2025-09-28T06:47:04.998Z,59.5,21.1,1.92,50.4,0,60,0,0,0,0,0,0,0,0,66
2025-09-28T06:47:06.000Z,59.5,21.1,1.921,49.6,0,60,0,0,0,0,0,0,0,0,66
2025-09-28T06:47:07.000Z,59.5,21.1,1.92,49.6,0,60,0,0,0,0,0,0,0,0,66
2025-09-28T06:47:07.999Z,59.5,21.1,1.92,50.4,0,60,0,0,0,0,0,0,0,0,66
2025-09-28T06:47:09.005Z,59.5,21.1,1.921,49.6,0,60,0,0,0,0,0,0,0,0,66
2025-09-28T06:47:10.001Z,59.5,21.1,1.92,49.6,0,60,0,0,0,0,0,0,0,0,66
2025-09-28T06:47:11.009Z,59.5,21.1,1.921,50.4,0,60,0,0,0,0,0,0,0,0,66
2025-09-28T06:47:12.004Z,59.5,21.1,1.921,49.6,0,60,0,0,0,0,0,0,0,0,66
2025-09-28T06:47:13.004Z,59.5,21.1,1.92,49.6,0,60,0,0,0,0,0,0,0,0,66
2025-09-28T06:47:14.010Z,59.4,21.1,1.92,50.4,0,60,0,0,0,0,0,0,0,0,66
2025-09-28T06:47:15.006Z,59.4,21.1,1.92,50.4,0,60,0,0,0,0,0,0,0,0,66
2025-09-28T06:47:16.009Z,59.4,21.1,1.921,49.6,0,60,0,0,0,0,0,0,0,0,66
2025-09-28T06:47:17.009Z,59.4,21.1,1.92,50.4,0,60,0,0,0,0,0,0,0,0,66
2025-09-28T06:47:18.009Z,59.4,21.1,1.92,49.6,0,60,0,0,0,0,0,0,0,0,66
2025-09-28T06:47:19.008Z,59.4,21.1,1.92,49.6,0,60,0,0,0,0,0,0,0,0,66
2025-09-28T06:47:20.011Z,59.4,21.1,1.92,50.4,0,60,0,0,0,0,0,0,0,0,66
2025-09-28T06:47:21.013Z,59.4,21.1,1.921,50.4,0,60,0,0,0,0,0,0,0,0,66
2025-09-28T06:47:22.017Z,59.4,21.1,1.921,49.6,0,60,0,0,0,0,0,0,0,0,66
2025-09-28T06:47:23.014Z,59.4,21.1,1.921,50.4,0,60,0,0,0,0,0,0,0,0,66
2025-09-28T06:47:24.015Z,59.4,21.1,1.921,49.6,0,60,0,0,0,0,0,0,0,0,66
2025-09-28T06:47:25.017Z,59.4,21.1,1.921,50.4,0,60,0,0,0,0,0,0,0,0,66
2025-09-28T06:47:26.021Z,59.4,21.1,1.921,50.4,0,60,0,0,0,0,0,0,0,0,66
2025-09-28T06:47:27.018Z,59.4,21.1,1.921,49.6,0,60,0,0,0,0,0,0,0,0,66
2025-09-28T06:47:28.016Z,59.4,21.1,1.921,50.4,0,59.9,0,0,0,0,0,0,0,0,66
2025-09-28T06:47:29.022Z,59.4,21.1,1.921,49.6,0,60,0,0,0,0,0,0,0,0,66
2025-09-28T06:47:30.023Z,59.4,21.1,1.921,49.6,0,59.9,0,0,0,0,0,0,0,0,66
2025-09-28T06:47:31.018Z,59.4,21.1,1.92,50.4,0,60,0,0,0,0,0,0,0,0,66
2025-09-28T06:47:32.020Z,59.4,21.1,1.921,49.6,0,60,0,0,0,0,0,0,0,0,66
2025-09-28T06:47:33.022Z,59.4,21.1,1.921,50.4,0,60,0,0,0,0,0,0,0,0,66
2025-09-28T06:47:34.022Z,59.4,21.1,1.92,50.4,0,60,0,0,0,0,0,0,0,0,66
2025-09-28T06:47:35.024Z,59.4,21.1,1.921,49.6,0,60,0,0,0,0,0,0,0,0,66
2025-09-28T06:47:36.027Z,59.4,21.1,1.921,50.4,0,60,0,0,0,0,0,0,0,0,66
2025-09-28T06:47:37.026Z,59.4,21.1,1.921,49.6,0,60,0,0,0,0,0,0,0,0,66
2025-09-28T06:47:38.029Z,59.4,21.1,1.921,50.4,0,60,0,0,0,0,0,0,0,0,66
2025-09-28T06:47:39.029Z,59.4,21.1,1.921,50.4,0,60,0,0,0,0,0,0,0,0,66
2025-09-28T06:47:40.029Z,59.4,21.1,1.922,49.6,0,60,0,0,0,0,0,0,0,0,66
2025-09-28T06:47:41.032Z,59.4,21.1,1.921,50.4,0,60,0,0,0,0,0,0,0,0,66
2025-09-28T06:47:42.041Z,59.4,21.1,1.921,49.6,0,60,0,0,0,0,0,0,0,0,66
2025-09-28T06:47:43.033Z,59.4,21.1,1.922,50.4,0,60,0,0,0,0,0,0,0,0,66
2025-09-28T06:47:44.034Z,59.4,21.1,1.921,49.6,0,60,0,0,0,0,0,0,0,0,66
2025-09-28T06:47:45.038Z,59.4,21.1,1.921,50.4,0,60,0,0,0,0,0,0,0,0,66
2025-09-28T06:47:46.041Z,59.4,21.1,1.922,49.6,0,60,0,0,0,0,0,0,0,0,66
2025-09-28T06:47:47.038Z,59.4,21.1,1.921,49.6,0,60,0,0,0,0,0,0,0,0,66
2025-09-28T06:47:48.039Z,59.4,21.1,1.921,50.4,0,60,0,0,0,0,0,0,0,0,66
2025-09-28T06:47:49.037Z,59.4,21.1,1.921,49.6,0,60,0,0,0,0,0,0,0,0,66
2025-09-28T06:47:50.043Z,59.4,21.1,1.922,50.4,0,60,0,0,0,0,0,0,0,0,66
2025-09-28T06:47:51.042Z,59.4,21.1,1.921,49.6,0,60,0,0,0,0,0,0,0,0,66
2025-09-28T06:47:52.039Z,59.4,21.1,1.922,50.4,0,60,0,0,0,0,0,0,0,0,66
2025-09-28T06:47:53.042Z,59.4,21.1,1.921,49.6,0,60,0,0,0,0,0,0,0,0,66
2025-09-28T06:47:54.041Z,59.4,21.1,1.921,50.4,0,60,0,0,0,0,0,0,0,0,66
2025-09-28T06:47:55.044Z,59.4,21.1,1.921,50.4,0,60,0,0,0,0,0,0,0,0,66
2025-09-28T06:47:56.048Z,59.4,21.1,1.921,49.6,0,60,0,0,0,0,0,0,0,0,66
2025-09-28T06:47:57.048Z,59.4,21.1,1.921,49.6,0,60,0,0,0,0,0,0,0,0,66
2025-09-28T06:47:58.048Z,59.4,21.1,1.921,49.6,0,60,0,0,0,0,0,0,0,0,66
2025-09-28T06:47:59.048Z,59.4,21.1,1.921,50.4,0,60,0,0,0,0,0,0,0,0,66
2025-09-28T06:48:00.043Z,59.4,21.1,1.921,49.6,0,60,0,0,0,0,0,0,0,0,66
2025-09-28T06:48:01.049Z,59.4,21.1,1.921,50.4,0,60,0,0,0,0,0,0,0,0,66
2025-09-28T06:48:02.057Z,59.4,21.1,1.921,49.6,0,60,0,0,0,0,0,0,0,0,66
2025-09-28T06:48:03.050Z,59.4,21.1,1.922,49.6,0,60,0,0,0,0,0,0,0,0,66
2025-09-28T06:48:04.053Z,59.4,21.1,1.921,50.4,0,60,0,0,0,0,0,0,0,0,66
2025-09-28T06:48:05.052Z,59.4,21.1,1.922,49.6,0,60,0,0,0,0,0,0,0,0,66
2025-09-28T06:48:06.056Z,59.4,21.1,1.922,49.6,0,60,0,0,0,0,0,0,0,0,66
2025-09-28T06:48:07.053Z,59.4,21.1,1.922,50.4,0,60,0,0,0,0,0,0,0,0,66
2025-09-28T06:48:08.054Z,59.4,21.1,1.922,49.6,0,60,0,0,0,0,0,0,0,0,66
2025-09-28T06:48:09.063Z,59.4,21.1,1.921,50.4,0,60,0,0,0,0,0,0,0,0,66
2025-09-28T06:48:10.059Z,59.4,21.1,1.921,49.6,0,60,0,0,0,0,0,0,0,0,66
2025-09-28T06:48:11.064Z,59.4,21.1,1.921,49.6,0,60,0,0,0,0,0,0,0,0,66
2025-09-28T06:48:12.065Z,59.4,21.1,1.921,50.4,0,60,0,0,0,0,0,0,0,0,66
2025-09-28T06:48:13.063Z,59.4,21.1,1.921,50.4,0,60,0,0,0,0,0,0,0,0,66
2025-09-28T06:48:14.064Z,59.4,21.1,1.921,49.6,0,60,0,0,0,0,0,0,0,0,66
2025-09-28T06:48:15.069Z,59.4,21.1,1.921,50.4,0,60,0,0,0,0,0,0,0,0,66
2025-09-28T06:48:16.062Z,59.4,21.1,1.921,49.6,0,60,0,0,0,0,0,0,0,0,66
2025-09-28T06:48:17.073Z,59.4,21.1,1.921,50.4,0,60,0,0,0,0,0,0,0,0,66
2025-09-28T06:48:18.071Z,59.4,21.1,1.921,49.6,0,60,0,0,0,0,0,0,0,0,66
2025-09-28T06:48:19.070Z,59.4,21.1,1.922,50.4,0,60,0,0,0,0,0,0,0,0,66
2025-09-28T06:48:20.067Z,59.4,21.1,1.922,50.4,0,60,0,0,0,0,0,0,0,0,66
2025-09-28T06:48:21.068Z,59.4,21.1,1.921,49.6,0,60,0,0,0,0,0,0,0,0,66
2025-09-28T06:48:22.073Z,59.4,21.1,1.922,50.4,0,60,0,0,0,0,0,0,0,0,66
2025-09-28T06:48:23.069Z,59.4,21.1,1.921,49.6,0,60,0,0,0,0,0,0,0,0,66
2025-09-28T06:48:24.069Z,59.4,21.1,1.921,50.4,0,60,0,0,0,0,0,0,0,0,66
2025-09-28T06:48:25.074Z,59.4,21.1,1.921,49.6,0,60,0,0,0,0,0,0,0,0,66
2025-09-28T06:48:26.076Z,59.4,21.1,1.922,50.4,0,60,0,0,0,0,0,0,0,0,66
2025-09-28T06:48:27.069Z,59.4,21.1,1.921,49.6,0,60,0,0,0,0,0,0,0,0,66
2025-09-28T06:48:28.075Z,59.4,21.1,1.921,50.4,0,60,0,0,0,0,0,0,0,0,66
2025-09-28T06:48:29.075Z,59.4,21.1,1.921,49.6,0,60,0,0,0,0,0,0,0,0,66
2025-09-28T06:48:30.076Z,59.4,21.1,1.921,50.4,0,60,0,0,0,0,0,0,0,0,66
2025-09-28T06:48:31.078Z,59.4,21.1,1.921,49.6,0,60,0,0,0,0,0,0,0,0,66
2025-09-28T06:48:32.075Z,59.4,21.1,1.921,50.4,0,60,0,0,0,0,0,0,0,0,66
2025-09-28T06:48:33.078Z,59.4,21.1,1.921,49.6,0,60,0,0,0,0,0,0,0,0,66
2025-09-28T06:48:34.080Z,59.4,21.1,1.922,49.6,0,60,0,0,0,0,0,0,0,0,66
2025-09-28T06:48:35.083Z,59.4,21.1,1.921,50.4,0,60,0,0,0,0,0,0,0,0,66
2025-09-28T06:48:36.079Z,59.4,21.1,1.921,49.6,0,60,0,0,0,0,0,0,0,0,66
2025-09-28T06:48:37.083Z,59.4,21.1,1.921,50.4,0,60,0,0,0,0,0,0,0,0,66
2025-09-28T06:48:38.087Z,59.4,21.1,1.921,49.6,0,60,0,0,0,0,0,0,0,0,66
2025-09-28T06:48:39.086Z,59.4,21.1,1.921,50.4,0,60,0,0,0,0,0,0,0,0,66
2025-09-28T06:48:40.085Z,59.4,21.1,1.921,49.6,0,60,0,0,0,0,0,0,0,0,66
2025-09-28T06:48:41.090Z,59.4,21.1,1.921,49.6,0,60,0,0,0,0,0,0,0,0,66
2025-09-28T06:48:42.087Z,59.4,21.1,1.921,50.4,0,60,0,0,0,0,0,0,0,0,66
2025-09-28T06:48:43.093Z,59.4,21.1,1.921,49.6,0,60,0,0,0,0,0,0,0,0,66
2025-09-28T06:48:44.101Z,59.4,21.1,1.92,50.4,0,60,0,0,0,0,0,0,0,0,66
2025-09-28T06:48:45.097Z,59.4,21.1,1.921,49.6,0,60,0,0,0,0,0,0,0,0,66
2025-09-28T06:48:46.092Z,59.4,21.1,1.921,50.4,0,60,0,0,0,0,0,0,0,0,66
2025-09-28T06:48:47.098Z,59.4,21.1,1.921,49.6,0,60,0,0,0,0,0,0,0,0,66
2025-09-28T06:48:48.094Z,59.4,21.1,1.921,50.4,0,60,0,0,0,0,0,0,0,0,66
2025-09-28T06:48:49.105Z,59.4,21.1,1.92,49.6,0,60,0,0,0,0,0,0,0,0,66
2025-09-28T06:48:50.099Z,59.4,21.1,1.921,49.6,0,60,0,0,0,0,0,0,0,0,66
2025-09-28T06:48:51.099Z,59.4,21.1,1.921,50.4,0,60,0,0,0,0,0,0,0,0,66
2025-09-28T06:48:52.097Z,59.4,21.1,1.921,49.6,0,60,0,0,0,0,0,0,0,0,66
2025-09-28T06:48:53.101Z,59.4,21.1,1.921,49.6,0,60,0,0,0,0,0,0,0,0,66
2025-09-28T06:48:54.101Z,59.4,21.1,1.921,50.4,0,60,0,0,0,0,0,0,0,0,66
2025-09-28T06:48:55.098Z,59.4,21.1,1.921,49.6,0,60,0,0,0,0,0,0,0,0,66
2025-09-28T06:48:56.104Z,59.4,21.1,1.921,49.6,0,60,0,0,0,0,0,0,0,0,66
2025-09-28T06:48:57.101Z,59.4,21.1,1.921,50.4,0,60,0,0,0,0,0,0,0,0,66
2025-09-28T06:48:58.104Z,59.4,21.1,1.92,49.6,0,60,0,0,0,0,0,0,0,0,66
2025-09-28T06:48:59.105Z,59.4,21.1,1.921,50.4,0,60,0,0,0,0,0,0,0,0,66
2025-09-28T06:49:00.111Z,59.4,21.1,1.92,50.4,0,60,0,0,0,0,0,0,0,0,66
2025-09-28T06:49:01.113Z,59.4,21.1,1.92,49.6,0,60,0,0,0,0,0,0,0,0,66
2025-09-28T06:49:02.109Z,59.4,21.1,1.92,50.4,0,60,0,0,0,0,0,0,0,0,66
2025-09-28T06:49:03.113Z,59.4,21.1,1.92,49.6,0,60,0,0,0,0,0,0,0,0,66
2025-09-28T06:49:04.108Z,59.4,21.1,1.92,50.4,0,60,0,0,0,0,0,0,0,0,66
2025-09-28T06:49:05.111Z,59.4,21.1,1.92,49.6,0,60,0,0,0,0,0,0,0,0,66
2025-09-28T06:49:06.114Z,59.4,21.1,1.921,50.4,0,60,0,0,0,0,0,0,0,0,66
2025-09-28T06:49:07.114Z,59.4,21.1,1.92,49.6,0,60,0,0,0,0,0,0,0,0,66
2025-09-28T06:49:08.114Z,59.4,21.1,1.92,49.6,0,60,0,0,0,0,0,0,0,0,66
2025-09-28T06:49:09.115Z,59.5,21.1,1.92,50.4,0,60,0,0,0,0,0,0,0,0,66
2025-09-28T06:49:10.114Z,59.5,21.1,1.92,50.4,0,60,0,0,0,0,0,0,0,0,66
2025-09-28T06:49:11.113Z,59.5,21.1,1.92,49.6,0,60,0,0,0,0,0,0,0,0,66
2025-09-28T06:49:12.120Z,59.5,21.1,1.92,50.4,0,60,0,0,0,0,0,0,0,0,66
2025-09-28T06:49:13.122Z,59.5,21.1,1.92,49.6,0,60,0,0,0,0,0,0,0,0,66
2025-09-28T06:49:14.123Z,59.5,21.1,1.92,50.4,0,60,0,0,0,0,0,0,0,0,66
2025-09-28T06:49:15.122Z,59.5,21.1,1.92,49.6,0,60,0,0,0,0,0,0,0,0,66
2025-09-28T06:49:16.123Z,59.5,21.1,1.92,49.6,0,60,0,0,0,0,0,0,0,0,66
2025-09-28T06:49:17.127Z,59.5,21.1,1.92,50.4,0,59.9,0,0,0,0,0,0,0,0,66
2025-09-28T06:49:18.126Z,59.5,21.1,1.92,49.6,0,60,0,0,0,0,0,0,0,0,66
2025-09-28T06:49:19.125Z,59.5,21.1,1.92,49.6,0,59.9,0,0,0,0,0,0,0,0,66
2025-09-28T06:49:20.122Z,59.5,21.1,1.92,50.4,0,59.9,0,0,0,0,0,0,0,0,66
2025-09-28T06:49:21.124Z,59.5,21.1,1.92,49.6,0,59.9,0,0,0,0,0,0,0,0,66
2025-09-28T06:49:22.130Z,59.5,21.1,1.92,50.4,0,60,0,0,0,0,0,0,0,0,66
2025-09-28T06:49:23.123Z,59.5,21.1,1.92,49.6,0,60,0,0,0,0,0,0,0,0,66
2025-09-28T06:49:24.124Z,59.5,21.1,1.92,50.4,0,59.9,0,0,0,0,0,0,0,0,66
2025-09-28T06:49:25.126Z,59.5,21.1,1.92,50.4,0,59.9,0,0,0,0,0,0,0,0,66
2025-09-28T06:49:26.127Z,59.5,21.1,1.92,49.6,0,59.9,0,0,0,0,0,0,0,0,66
2025-09-28T06:49:27.125Z,59.5,21.1,1.92,50.4,0,59.9,0,0,0,0,0,0,0,0,66
2025-09-28T06:49:28.130Z,59.5,21.1,1.92,49.6,0,59.9,0,0,0,0,0,0,0,0,66
2025-09-28T06:49:29.129Z,59.5,21.1,1.92,50.4,0,59.9,0,0,0,0,0,0,0,0,66
2025-09-28T06:49:30.135Z,59.5,21.1,1.92,49.6,0,59.9,0,0,0,0,0,0,0,0,66
2025-09-28T06:49:31.131Z,59.5,21.1,1.92,49.6,0,59.9,0,0,0,0,0,0,0,0,66
2025-09-28T06:49:32.137Z,59.5,21.1,1.92,50.4,0,59.9,0,0,0,0,0,0,0,0,66
2025-09-28T06:49:33.137Z,59.6,21.1,1.92,49.6,0,59.9,0,0,0,0,0,0,0,0,66
2025-09-28T06:49:34.133Z,59.6,21.1,1.92,50.4,0,59.9,0,0,0,0,0,0,0,0,66
2025-09-28T06:49:35.136Z,59.6,21.1,1.92,49.6,0,59.9,0,0,0,0,0,0,0,0,66
2025-09-28T06:49:36.136Z,59.6,21.1,1.92,50.4,0,59.9,0,0,0,0,0,0,0,0,66
2025-09-28T06:49:37.137Z,59.6,21.1,1.92,49.6,0,59.9,0,0,0,0,0,0,0,0,66
2025-09-28T06:49:38.145Z,59.6,21.1,1.92,49.6,0,59.9,0,0,0,0,0,0,0,0,66
2025-09-28T06:49:39.138Z,59.6,21.1,1.92,50.4,0,59.9,0,0,0,0,0,0,0,0,66
2025-09-28T06:49:40.144Z,59.6,21.1,1.92,49.6,0,59.9,0,0,0,0,0,0,0,0,66
2025-09-28T06:49:41.150Z,59.6,21.1,1.92,50.4,0,59.9,0,0,0,0,0,0,0,0,66
2025-09-28T06:49:42.146Z,59.6,21.1,1.92,49.6,0,59.9,0,0,0,0,0,0,0,0,66
2025-09-28T06:49:43.151Z,59.6,21.1,1.92,49.6,0,59.9,0,0,0,0,0,0,0,0,66
2025-09-28T06:49:44.147Z,59.6,21.1,1.92,50.4,0,59.9,0,0,0,0,0,0,0,0,66
2025-09-28T06:49:45.152Z,59.6,21.1,1.919,49.6,0,59.9,0,0,0,0,0,0,0,0,66
2025-09-28T06:49:46.153Z,59.6,21.1,1.92,49.6,0,59.9,0,0,0,0,0,0,0,0,66
2025-09-28T06:49:47.145Z,59.6,21.1,1.92,50.4,0,59.9,0,0,0,0,0,0,0,0,66
2025-09-28T06:49:48.152Z,59.6,21.1,1.92,49.6,0,59.9,0,0,0,0,0,0,0,0,66
2025-09-28T06:49:49.155Z,59.6,21.1,1.919,49.6,0,59.9,0,0,0,0,0,0,0,0,66
2025-09-28T06:49:50.151Z,59.6,21.1,1.919,50.4,0,59.9,0,0,0,0,0,0,0,0,66
2025-09-28T06:49:51.152Z,59.6,21.1,1.92,49.6,0,59.9,0,0,0,0,0,0,0,0,66
2025-09-28T06:49:52.155Z,59.6,21.1,1.919,49.6,0,59.9,0,0,0,0,0,0,0,0,66
2025-09-28T06:49:53.153Z,59.7,21.1,1.92,50.4,0,59.9,0,0,0,0,0,0,0,0,66
2025-09-28T06:49:54.152Z,59.6,21.1,1.919,49.6,0,59.9,0,0,0,0,0,0,0,0,66
2025-09-28T06:49:55.154Z,59.7,21.1,1.919,49.6,0,59.9,0,0,0,0,0,0,0,0,66
2025-09-28T06:49:56.151Z,59.7,21.1,1.92,50.4,0,59.9,0,0,0,0,0,0,0,0,66
2025-09-28T06:49:57.154Z,59.7,21.1,1.919,50.4,0,59.9,0,0,0,0,0,0,0,0,66
2025-09-28T06:49:58.154Z,59.7,21.1,1.92,49.6,0,59.9,0,0,0,0,0,0,0,0,66
2025-09-28T06:49:59.162Z,59.7,21.1,1.919,50.4,0,59.9,0,0,0,0,0,0,0,0,66
2025-09-28T06:50:00.158Z,59.7,21.1,1.919,49.6,0,59.9,0,0,0,0,0,0,0,0,66
2025-09-28T06:50:01.160Z,59.7,21.1,1.919,49.6,0,59.9,0,0,0,0,0,0,0,0,66
2025-09-28T06:50:02.165Z,59.7,21.1,1.919,50.4,0,59.9,0,0,0,0,0,0,0,0,66
2025-09-28T06:50:03.162Z,59.7,21.1,1.919,49.6,0,59.9,0,0,0,0,0,0,0,0,66
2025-09-28T06:50:04.162Z,59.7,21.1,1.919,49.6,0,59.9,0,0,0,0,0,0,0,0,66
2025-09-28T06:50:05.164Z,59.7,21.1,1.919,50.4,0,59.9,0,0,0,0,0,0,0,0,66
2025-09-28T06:50:06.164Z,59.7,21.1,1.919,50.4,0,59.9,0,0,0,0,0,0,0,0,66
2025-09-28T06:50:07.166Z,59.7,21.1,1.919,49.6,0,59.9,0,0,0,0,0,0,0,0,66
2025-09-28T06:50:08.165Z,59.7,21.1,1.919,50.4,0,59.9,0,0,0,0,0,0,0,0,66
2025-09-28T06:50:09.171Z,59.7,21.1,1.918,49.6,0,59.9,0,0,0,0,0,0,0,0,66
2025-09-28T06:50:10.169Z,59.7,21.1,1.918,49.6,0,59.9,0,0,0,0,0,0,0,0,66
2025-09-28T06:50:11.171Z,59.7,21.1,1.918,50.4,0,59.9,0,0,0,0,0,0,0,0,66
2025-09-28T06:50:12.172Z,59.7,21.1,1.918,50.4,0,59.9,0,0,0,0,0,0,0,0,66
2025-09-28T06:50:13.174Z,59.8,21.1,1.918,49.6,0,59.9,0,0,0,0,0,0,0,0,66
2025-09-28T06:50:14.175Z,59.8,21.1,1.918,50.4,0,59.9,0,0,0,0,0,0,0,0,66
2025-09-28T06:50:15.173Z,59.8,21.1,1.918,49.6,0,59.9,0,0,0,0,0,0,0,0,66
2025-09-28T06:50:16.174Z,59.8,21.1,1.918,49.6,0,59.9,0,0,0,0,0,0,0,0,66
2025-09-28T06:50:17.183Z,59.8,21.1,1.918,50.4,0,59.9,0,0,0,0,0,0,0,0,66
2025-09-28T06:50:18.177Z,59.8,21.1,1.918,50.4,0,59.9,0,0,0,0,0,0,0,0,66
2025-09-28T06:50:19.182Z,59.8,21.1,1.918,49.6,0,59.9,0,0,0,0,0,0,0,0,66
2025-09-28T06:50:20.177Z,59.8,21.1,1.918,50.4,0,59.9,0,0,0,0,0,0,0,0,66
2025-09-28T06:50:21.187Z,59.8,21.1,1.919,50.4,0,59.9,0,0,0,0,0,0,0,0,66
2025-09-28T06:50:22.180Z,59.8,21.1,1.918,49.6,0,59.9,0,0,0,0,0,0,0,0,66
2025-09-28T06:50:23.178Z,59.8,21.1,1.918,50.4,0,59.9,0,0,0,0,0,0,0,0,66
2025-09-28T06:50:24.180Z,59.8,21.1,1.918,49.6,0,59.9,0,0,0,0,0,0,0,0,66
2025-09-28T06:50:25.183Z,59.8,21.1,1.918,50.4,0,59.9,0,0,0,0,0,0,0,0,66
2025-09-28T06:50:26.184Z,59.8,21.1,1.918,49.6,0,59.9,0,0,0,0,0,0,0,0,66
2025-09-28T06:50:27.189Z,59.8,21.1,1.918,50.4,0,59.9,0,0,0,0,0,0,0,0,66
2025-09-28T06:50:28.187Z,59.8,21.1,1.918,49.6,0,59.9,0,0,0,0,0,0,0,0,66
2025-09-28T06:50:29.190Z,59.9,21.1,1.918,49.6,0,59.9,0,0,0,0,0,0,0,0,66
2025-09-28T06:50:30.191Z,59.9,21.1,1.918,50.4,0,59.9,0,0,0,0,0,0,0,0,66
2025-09-28T06:50:31.187Z,59.9,21.1,1.918,50.4,0,59.9,0,0,0,0,0,0,0,0,66
2025-09-28T06:50:32.195Z,59.9,21.1,1.919,49.6,0,59.9,0,0,0,0,0,0,0,0,66
2025-09-28T06:50:33.197Z,59.9,21.1,1.919,50.4,0,59.9,0,0,0,0,0,0,0,0,66
2025-09-28T06:50:34.198Z,59.9,21.1,1.919,49.6,0,59.9,0,0,0,0,0,0,0,0,66
2025-09-28T06:50:35.197Z,59.9,21.1,1.918,50.4,0,59.9,0,0,0,0,0,0,0,0,66
2025-09-28T06:50:36.197Z,59.9,21.1,1.918,49.6,0,59.9,0,0,0,0,0,0,0,0,66
2025-09-28T06:50:37.199Z,59.9,21.1,1.917,49.6,0,59.9,0,0,0,0,0,0,0,0,66
2025-09-28T06:50:38.205Z,59.9,21.1,1.919,50.4,0,59.9,0,0,0,0,0,0,0,0,66
2025-09-28T06:50:39.195Z,59.9,21.1,1.917,49.6,0,59.9,0,0,0,0,0,0,0,0,66
2025-09-28T06:50:40.199Z,59.9,21.1,1.918,49.6,0,59.9,0,0,0,0,0,0,0,0,66
2025-09-28T06:50:41.204Z,59.9,21.1,1.919,50.4,0,59.9,0,0,0,0,0,0,0,0,66
2025-09-28T06:50:42.202Z,59.9,21.1,1.917,49.6,0,59.9,0,0,0,0,0,0,0,0,66
2025-09-28T06:50:43.199Z,59.9,21.1,1.918,50.4,0,59.9,0,0,0,0,0,0,0,0,66
2025-09-28T06:50:44.204Z,60,21.1,1.917,50.4,0,59.9,0,0,0,0,0,0,0,0,66
2025-09-28T06:50:45.209Z,60,21.1,1.918,49.6,0,59.9,0,0,0,0,0,0,0,0,66
2025-09-28T06:50:46.202Z,60,21.1,1.917,50.4,0,59.9,0,0,0,0,0,0,0,0,66
2025-09-28T06:50:47.204Z,60,21.1,1.917,49.6,0,59.9,0,0,0,0,0,0,0,0,66
2025-09-28T06:50:48.213Z,60,21.1,1.918,50.4,0,59.9,0,0,0,0,0,0,0,0,66
2025-09-28T06:50:49.211Z,60,21.1,1.918,49.6,0,59.9,0,0,0,0,0,0,0,0,66
2025-09-28T06:50:50.211Z,60,21.1,1.917,50.4,0,59.9,0,0,0,0,0,0,0,0,66
2025-09-28T06:50:51.206Z,60,21.1,1.917,49.6,0,59.9,0,0,0,0,0,0,0,0,66
2025-09-28T06:50:52.213Z,60,21.1,1.917,50.4,0,59.9,0,0,0,0,0,0,0,0,66
2025-09-28T06:50:53.209Z,60,21.1,1.917,50.4,0,59.9,0,0,0,0,0,0,0,0,66
2025-09-28T06:50:54.209Z,60,21.1,1.917,49.6,0,59.9,0,0,0,0,0,0,0,0,66
2025-09-28T06:50:55.210Z,60,21.1,1.917,50.4,0,59.9,0,0,0,0,0,0,0,0,66
2025-09-28T06:50:56.212Z,60,21.1,1.917,49.6,0,59.9,0,0,0,0,0,0,0,0,66
2025-09-28T06:50:57.212Z,60.1,21.1,1.917,50.4,0,59.9,0,0,0,0,0,0,0,0,66
2025-09-28T06:50:58.216Z,60.1,21.1,1.917,49.6,0,59.9,0,0,0,0,0,0,0,0,66
2025-09-28T06:50:59.215Z,60.1,21.1,1.917,50.4,0,59.9,0,0,0,0,0,0,0,0,66
2025-09-28T06:51:00.221Z,60.1,21.1,1.917,49.6,0,59.9,0,0,0,0,0,0,0,0,66
2025-09-28T06:51:01.217Z,60.1,21.1,1.916,50.4,0,59.9,0,0,0,0,0,0,0,0,66
2025-09-28T06:51:02.215Z,60.1,21.1,1.916,49.6,0,59.9,0,0,0,0,0,0,0,0,66
2025-09-28T06:51:03.214Z,60.1,21.1,1.916,50.4,0,59.9,0,0,0,0,0,0,0,0,66
2025-09-28T06:51:04.217Z,60.1,21.1,1.916,49.6,0,59.9,0,0,0,0,0,0,0,0,66
2025-09-28T06:51:05.222Z,60.1,21.1,1.917,50.4,0,59.9,0,0,0,0,0,0,0,0,66
2025-09-28T06:51:06.224Z,60.1,21.1,1.917,49.6,0,59.9,0,0,0,0,0,0,0,0,66
2025-09-28T06:51:07.223Z,60.1,21.1,1.917,50.4,0,59.9,0,0,0,0,0,0,0,0,66
2025-09-28T06:51:08.223Z,60.1,21.1,1.917,49.6,0,59.9,0,0,0,0,0,0,0,0,66
2025-09-28T06:51:09.226Z,60.1,21.1,1.917,50.4,0,59.9,0,0,0,0,0,0,0,0,66
2025-09-28T06:51:10.228Z,60.1,21.1,1.917,49.6,0,59.9,0,0,0,0,0,0,0,0,66
2025-09-28T06:51:11.224Z,60.1,21.1,1.916,50.4,0,59.9,0,0,0,0,0,0,0,0,66
2025-09-28T06:51:12.226Z,60.2,21.1,1.916,49.6,0,59.9,0,0,0,0,0,0,0,0,66
2025-09-28T06:51:13.230Z,60.2,21.1,1.917,50.4,0,59.9,0,0,0,0,0,0,0,0,66
2025-09-28T06:51:14.231Z,60.2,21.1,1.917,49.6,0,59.9,0,0,0,0,0,0,0,0,66
2025-09-28T06:51:15.228Z,60.2,21.1,1.916,50.4,0,59.9,0,0,0,0,0,0,0,0,66
2025-09-28T06:51:16.228Z,60.2,21.1,1.916,49.6,0,59.9,0,0,0,0,0,0,0,0,66
2025-09-28T06:51:17.234Z,60.2,21.1,1.917,50.4,0,59.9,0,0,0,0,0,0,0,0,66
2025-09-28T06:51:18.232Z,60.2,21.1,1.916,49.6,0,59.9,0,0,0,0,0,0,0,0,66
2025-09-28T06:51:19.241Z,60.2,21.1,1.917,50.4,0,59.9,0,0,0,0,0,0,0,0,66
2025-09-28T06:51:20.234Z,60.2,21.1,1.916,49.6,0,59.9,0,0,0,0,0,0,0,0,66
2025-09-28T06:51:21.239Z,60.2,21.1,1.917,49.6,0,59.9,0,0,0,0,0,0,0,0,66
2025-09-28T06:51:22.238Z,60.2,21.1,1.917,50.4,0,59.9,0,0,0,0,0,0,0,0,66
2025-09-28T06:51:23.239Z,60.2,21.1,1.916,49.6,0,59.9,0,0,0,0,0,0,0,0,66
2025-09-28T06:51:24.239Z,60.2,21.1,1.917,49.6,0,59.9,0,0,0,0,0,0,0,0,66
2025-09-28T06:51:25.236Z,60.3,21.1,1.916,49.6,0,59.9,0,0,0,0,0,0,0,0,66
2025-09-28T06:51:26.241Z,60.3,21.1,1.917,50.4,0,59.9,0,0,0,0,0,0,0,0,66
2025-09-28T06:51:27.237Z,60.3,21.1,1.917,49.6,0,59.9,0,0,0,0,0,0,0,0,66
2025-09-28T06:51:28.243Z,60.3,21.1,1.917,50.4,0,59.9,0,0,0,0,0,0,0,0,66
2025-09-28T06:51:29.243Z,60.3,21.1,1.916,49.6,0,59.9,0,0,0,0,0,0,0,0,66
2025-09-28T06:51:30.240Z,60.3,21.1,1.915,49.6,0,59.9,0,0,0,0,0,0,0,0,66
2025-09-28T06:51:31.242Z,60.3,21.1,1.916,50.4,0,59.9,0,0,0,0,0,0,0,0,66
2025-09-28T06:51:32.245Z,60.3,21.1,1.916,49.6,0,59.9,0,0,0,0,0,0,0,0,66
2025-09-28T06:51:33.248Z,60.3,21.1,1.916,50.4,0,59.9,0,0,0,0,0,0,0,0,66
2025-09-28T06:51:34.246Z,60.3,21.1,1.916,49.6,0,59.9,0,0,0,0,0,0,0,0,66
2025-09-28T06:51:35.246Z,60.3,21.1,1.916,49.6,0,59.9,0,0,0,0,0,0,0,0,66
2025-09-28T06:51:36.247Z,60.3,21.1,1.916,49.6,0,59.9,0,0,0,0,0,0,0,0,66
2025-09-28T06:51:37.249Z,60.3,21.1,1.915,50.4,0,59.9,0,0,0,0,0,0,0,0,66
2025-09-28T06:51:38.254Z,60.3,21.1,1.916,49.6,0,59.9,0,0,0,0,0,0,0,0,66
2025-09-28T06:51:39.248Z,60.4,21.1,1.915,49.6,0,59.9,0,0,0,0,0,0,0,0,66
2025-09-28T06:51:40.253Z,60.4,21.1,1.915,50.4,0,59.9,0,0,0,0,0,0,0,0,66
2025-09-28T06:51:41.255Z,60.4,21.1,1.915,49.6,0,59.9,0,0,0,0,0,0,0,0,66
2025-09-28T06:51:42.253Z,60.4,21.1,1.915,49.6,0,59.9,0,0,0,0,0,0,0,0,66
2025-09-28T06:51:43.252Z,60.4,21.1,1.915,50.4,0,59.9,0,0,0,0,0,0,0,0,66
2025-09-28T06:51:44.256Z,60.4,21.1,1.915,49.6,0,59.9,0,0,0,0,0,0,0,0,66
2025-09-28T06:51:45.256Z,60.4,21.1,1.915,49.6,0,59.9,0,0,0,0,0,0,0,0,66
2025-09-28T06:51:46.258Z,60.4,21.1,1.915,50.4,0,59.9,0,0,0,0,0,0,0,0,66
2025-09-28T06:51:47.258Z,60.4,21.1,1.915,50.4,0,59.9,0,0,0,0,0,0,0,0,66
2025-09-28T06:51:48.258Z,60.4,21.1,1.915,49.6,0,59.9,0,0,0,0,0,0,0,0,66
2025-09-28T06:51:49.259Z,60.4,21.1,1.915,50.4,0,59.9,0,0,0,0,0,0,0,0,66
2025-09-28T06:51:50.270Z,60.4,21.1,1.915,49.6,0,59.9,0,0,0,0,0,0,0,0,66
2025-09-28T06:51:51.264Z,60.4,21.1,1.915,49.6,0,59.9,0,0,0,0,0,0,0,0,66
2025-09-28T06:51:52.263Z,60.5,21.1,1.915,50.4,0,59.9,0,0,0,0,0,0,0,0,66
2025-09-28T06:51:53.271Z,60.5,21.1,1.915,50.4,0,59.9,0,0,0,0,0,0,0,0,66
2025-09-28T06:51:54.264Z,60.5,21.1,1.915,49.6,0,59.9,0,0,0,0,0,0,0,0,66
2025-09-28T06:51:55.265Z,60.5,21.1,1.915,50.4,0,59.9,0,0,0,0,0,0,0,0,66
2025-09-28T06:51:56.266Z,60.5,21.1,1.915,49.6,0,59.9,0,0,0,0,0,0,0,0,66
2025-09-28T06:51:57.266Z,60.5,21.1,1.915,50.4,0,59.9,0,0,0,0,0,0,0,0,66
2025-09-28T06:51:58.271Z,60.5,21.1,1.915,49.6,0,59.9,0,0,0,0,0,0,0,0,66
2025-09-28T06:51:59.269Z,60.5,21.1,1.915,50.4,0,59.9,0,0,0,0,0,0,0,0,66
2025-09-28T06:52:00.268Z,60.5,21.1,1.915,49.6,0,59.9,0,0,0,0,0,0,0,0,66
2025-09-28T06:52:01.275Z,60.5,21.1,1.915,49.6,0,59.9,0,0,0,0,0,0,0,0,66
2025-09-28T06:52:02.273Z,60.5,21.1,1.915,50.4,0,59.9,0,0,0,0,0,0,0,0,66
2025-09-28T06:52:03.270Z,60.5,21.1,1.915,49.6,0,59.9,0,0,0,0,0,0,0,0,66
2025-09-28T06:52:04.270Z,60.5,21.1,1.915,49.6,0,59.9,0,0,0,0,0,0,0,0,66
2025-09-28T06:52:05.274Z,60.5,21.1,1.915,50.4,0,59.9,0,0,0,0,0,0,0,0,66
2025-09-28T06:52:06.275Z,60.6,21.1,1.915,50.4,0,59.9,0,0,0,0,0,0,0,0,66
2025-09-28T06:52:07.280Z,60.6,21.1,1.915,49.6,0,59.9,0,0,0,0,0,0,0,0,66
2025-09-28T06:52:08.276Z,60.6,21.1,1.915,50.4,0,59.9,0,0,0,0,0,0,0,0,66
2025-09-28T06:52:09.280Z,60.6,21.1,1.915,49.6,0,59.9,0,0,0,0,0,0,0,0,66
2025-09-28T06:52:10.286Z,60.6,21.1,1.915,50.4,0,59.9,0,0,0,0,0,0,0,0,66
2025-09-28T06:52:11.289Z,60.6,21.1,1.915,49.6,0,59.9,0,0,0,0,0,0,0,0,66
2025-09-28T06:52:12.282Z,60.6,21.1,1.915,50.4,0,59.9,0,0,0,0,0,0,0,0,66
2025-09-28T06:52:13.286Z,60.6,21.1,1.915,50.4,0,59.9,0,0,0,0,0,0,0,0,66
2025-09-28T06:52:14.288Z,60.6,21.1,1.915,49.6,0,59.9,0,0,0,0,0,0,0,0,66
2025-09-28T06:52:15.292Z,60.6,21.1,1.914,50.4,0,59.9,0,0,0,0,0,0,0,0,66
2025-09-28T06:52:16.283Z,60.6,21.1,1.915,49.6,0,59.9,0,0,0,0,0,0,0,0,66
2025-09-28T06:52:17.285Z,60.6,21.1,1.915,50.4,0,59.9,0,0,0,0,0,0,0,0,66
2025-09-28T06:52:18.286Z,60.6,21.1,1.915,49.6,0,59.9,0,0,0,0,0,0,0,0,66
2025-09-28T06:52:19.291Z,60.6,21.1,1.914,50.4,0,59.9,0,0,0,0,0,0,0,0,66
2025-09-28T06:52:20.289Z,60.6,21.1,1.915,49.6,0,59.9,0,0,0,0,0,0,0,0,66
2025-09-28T06:52:21.292Z,60.7,21.1,1.914,50.4,0,59.9,0,0,0,0,0,0,0,0,66
2025-09-28T06:52:22.293Z,60.7,21.1,1.914,50.4,0,59.9,0,0,0,0,0,0,0,0,66
2025-09-28T06:52:23.292Z,60.7,21.1,1.914,49.6,0,59.9,0,0,0,0,0,0,0,0,66
2025-09-28T06:52:24.295Z,60.7,21.1,1.914,49.6,0,59.9,0,0,0,0,0,0,0,0,66
2025-09-28T06:52:25.292Z,60.7,21.1,1.914,49.6,0,59.9,0,0,0,0,0,0,0,0,66
2025-09-28T06:52:26.295Z,60.7,21.1,1.914,50.4,0,59.9,0,0,0,0,0,0,0,0,66
2025-09-28T06:52:27.292Z,60.7,21.1,1.914,49.6,0,59.9,0,0,0,0,0,0,0,0,66
2025-09-28T06:52:28.295Z,60.7,21.1,1.914,50.4,0,59.9,0,0,0,0,0,0,0,0,66
2025-09-28T06:52:29.295Z,60.7,21.1,1.914,49.6,0,59.9,0,0,0,0,0,0,0,0,66
2025-09-28T06:52:30.299Z,60.7,21.1,1.914,49.6,0,59.9,0,0,0,0,0,0,0,0,66
2025-09-28T06:52:31.296Z,60.7,21.1,1.914,50.4,0,59.9,0,0,0,0,0,0,0,0,66
2025-09-28T06:52:32.300Z,60.7,21.1,1.914,49.6,0,59.9,0,0,0,0,0,0,0,0,66
2025-09-28T06:52:33.307Z,60.7,21.1,1.914,49.6,0,59.9,0,0,0,0,0,0,0,0,66
2025-09-28T06:52:34.304Z,60.7,21.1,1.914,50.4,0,59.9,0,0,0,0,0,0,0,0,66
2025-09-28T06:52:35.302Z,60.8,21.1,1.914,49.6,0,59.9,0,0,0,0,0,0,0,0,66
2025-09-28T06:52:36.302Z,60.8,21.1,1.914,50.4,0,59.9,0,0,0,0,0,0,0,0,66
2025-09-28T06:52:37.309Z,60.8,21.1,1.914,49.6,0,59.9,0,0,0,0,0,0,0,0,66
2025-09-28T06:52:38.306Z,60.8,21.1,1.914,49.6,0,59.9,0,0,0,0,0,0,0,0,66
2025-09-28T06:52:39.310Z,60.8,21.1,1.914,50.4,0,59.9,0,0,0,0,0,0,0,0,66
2025-09-28T06:52:40.305Z,60.8,21.1,1.914,49.6,0,59.9,0,0,0,0,0,0,0,0,66
2025-09-28T06:52:41.307Z,60.8,21.1,1.914,49.6,0,59.9,0,0,0,0,0,0,0,0,66
2025-09-28T06:52:42.310Z,60.8,21.1,1.914,50.4,0,59.9,0,0,0,0,0,0,0,0,66
2025-09-28T06:52:43.308Z,60.8,21.1,1.914,49.6,0,59.9,0,0,0,0,0,0,0,0,66
2025-09-28T06:52:44.313Z,60.8,21.1,1.914,49.6,0,59.9,0,0,0,0,0,0,0,0,66
2025-09-28T06:52:45.316Z,60.8,21.1,1.914,50.4,0,59.9,0,0,0,0,0,0,0,0,66
2025-09-28T06:52:46.310Z,60.8,21.1,1.914,49.6,0,59.9,0,0,0,0,0,0,0,0,66
2025-09-28T06:52:47.315Z,60.8,21.1,1.914,49.6,0,59.9,0,0,0,0,0,0,0,0,66
2025-09-28T06:52:48.319Z,60.8,21.1,1.913,50.4,0,59.9,0,0,0,0,0,0,0,0,66
2025-09-28T06:52:49.319Z,60.8,21.1,1.914,50.4,0,59.9,0,0,0,0,0,0,0,0,66
2025-09-28T06:52:50.319Z,60.8,21.1,1.914,49.6,0,59.9,0,0,0,0,0,0,0,0,66
2025-09-28T06:52:51.317Z,60.8,21.1,1.914,50.4,0,59.9,0,0,0,0,0,0,0,0,66
2025-09-28T06:52:52.324Z,60.8,21.1,1.913,50.4,0,59.9,0,0,0,0,0,0,0,0,66
2025-09-28T06:52:53.320Z,60.8,21.1,1.914,49.6,0,59.9,0,0,0,0,0,0,0,0,66
2025-09-28T06:52:54.319Z,60.8,21.1,1.914,50.4,0,59.9,0,0,0,0,0,0,0,0,66
2025-09-28T06:52:55.317Z,60.9,21.1,1.914,49.6,0,59.9,0,0,0,0,0,0,0,0,66
2025-09-28T06:52:56.316Z,60.9,21.1,1.913,49.6,0,59.9,0,0,0,0,0,0,0,0,66
2025-09-28T06:52:57.320Z,60.9,21.1,1.914,50.4,0,59.9,0,0,0,0,0,0,0,0,66
2025-09-28T06:52:58.322Z,60.9,21.1,1.914,49.6,0,59.9,0,0,0,0,0,0,0,0,66
2025-09-28T06:52:59.325Z,60.9,21.1,1.914,49.6,0,59.9,0,0,0,0,0,0,0,0,66
2025-09-28T06:53:00.320Z,60.9,21.1,1.913,50.4,0,59.9,0,0,0,0,0,0,0,0,66
2025-09-28T06:53:01.327Z,60.9,21.1,1.914,50.4,0,59.9,0,0,0,0,0,0,0,0,66
2025-09-28T06:53:02.328Z,60.9,21.1,1.913,49.6,0,59.9,0,0,0,0,0,0,0,0,66
2025-09-28T06:53:03.325Z,60.9,21.1,1.914,50.4,0,59.9,0,0,0,0,0,0,0,0,66
2025-09-28T06:53:04.328Z,60.9,21.1,1.913,49.6,0,59.9,0,0,0,0,0,0,0,0,66
2025-09-28T06:53:05.331Z,60.9,21.1,1.912,49.6,0,59.9,0,0,0,0,0,0,0,0,66
2025-09-28T06:53:06.328Z,60.9,21.1,1.913,50.4,0,59.9,0,0,0,0,0,0,0,0,66
2025-09-28T06:53:07.331Z,60.9,21.1,1.913,49.6,0,59.9,0,0,0,0,0,0,0,0,66
2025-09-28T06:53:08.336Z,60.9,21.1,1.913,49.6,0,59.9,0,0,0,0,0,0,0,0,66
2025-09-28T06:53:09.337Z,60.9,21.1,1.912,50.4,0,59.9,0,0,0,0,0,0,0,0,66
2025-09-28T06:53:10.333Z,60.9,21.1,1.913,49.6,0,59.9,0,0,0,0,0,0,0,0,66
2025-09-28T06:53:11.332Z,60.9,21.1,1.913,49.6,0,59.9,0,0,0,0,0,0,0,0,66
2025-09-28T06:53:12.331Z,60.9,21.1,1.913,50.4,0,59.9,0,0,0,0,0,0,0,0,66
2025-09-28T06:53:13.334Z,60.9,21.1,1.913,49.6,0,59.9,0,0,0,0,0,0,0,0,66
2025-09-28T06:53:14.336Z,60.9,21.1,1.913,50.4,0,59.9,0,0,0,0,0,0,0,0,66
2025-09-28T06:53:15.332Z,60.9,21.1,1.913,50.4,0,59.9,0,0,0,0,0,0,0,0,66
2025-09-28T06:53:16.339Z,60.9,21.1,1.913,49.6,0,59.9,0,0,0,0,0,0,0,0,66
2025-09-28T06:53:17.337Z,60.9,21.1,1.913,50.4,0,59.9,0,0,0,0,0,0,0,0,66
2025-09-28T06:53:18.336Z,60.9,21.1,1.913,49.6,0,59.8,0,0,0,0,0,0,0,0,66
2025-09-28T06:53:19.339Z,60.9,21.1,1.912,49.6,0,59.9,0,0,0,0,0,0,0,0,66
2025-09-28T06:53:20.340Z,60.9,21.1,1.913,50.4,0,59.8,0,0,0,0,0,0,0,0,66
2025-09-28T06:53:21.342Z,61,21.1,1.913,49.6,0,59.9,0,0,0,0,0,0,0,0,66
2025-09-28T06:53:22.347Z,60.9,21.1,1.912,50.4,0,59.8,0,0,0,0,0,0,0,0,66
2025-09-28T06:53:23.346Z,61,21.1,1.912,50.4,0,59.8,0,0,0,0,0,0,0,0,66
2025-09-28T06:53:24.341Z,61,21.1,1.913,49.6,0,59.8,0,0,0,0,0,0,0,0,66
2025-09-28T06:53:25.344Z,61,21.1,1.913,50.4,0,59.8,0,0,0,0,0,0,0,0,66
2025-09-28T06:53:26.343Z,61,21.1,1.913,49.6,0,59.8,0,0,0,0,0,0,0,0,66
2025-09-28T06:53:27.344Z,61,21.1,1.913,50.4,0,59.8,0,0,0,0,0,0,0,0,66
2025-09-28T06:53:28.342Z,61,21.1,1.912,50.4,0,59.8,0,0,0,0,0,0,0,0,66
2025-09-28T06:53:29.347Z,61,21.1,1.912,49.6,0,59.8,0,0,0,0,0,0,0,0,66
2025-09-28T06:53:30.348Z,61,21.1,1.912,50.4,0,59.8,0,0,0,0,0,0,0,0,66
2025-09-28T06:53:31.346Z,61,21.1,1.912,49.6,0,59.8,0,0,0,0,0,0,0,0,66
2025-09-28T06:53:32.348Z,61,21.1,1.912,50.4,0,59.8,0,0,0,0,0,0,0,0,66
2025-09-28T06:53:33.346Z,61,21.1,1.912,49.6,0,59.8,0,0,0,0,0,0,0,0,66
2025-09-28T06:53:34.353Z,61,21.1,1.912,49.6,0,59.8,0,0,0,0,0,0,0,0,66
2025-09-28T06:53:35.349Z,61,21.1,1.912,50.4,0,59.8,0,0,0,0,0,0,0,0,66
2025-09-28T06:53:36.351Z,61,21.1,1.912,49.6,0,59.8,0,0,0,0,0,0,0,0,66
2025-09-28T06:53:37.352Z,61,21.1,1.912,50.4,0,59.8,0,0,0,0,0,0,0,0,66
2025-09-28T06:53:38.352Z,61,21.1,1.912,49.6,0,59.8,0,0,0,0,0,0,0,0,66
2025-09-28T06:53:39.353Z,61,21.1,1.912,49.6,0,59.8,0,0,0,0,0,0,0,0,66
2025-09-28T06:53:40.356Z,61,21.1,1.912,50.4,0,59.8,0,0,0,0,0,0,0,0,66
2025-09-28T06:53:41.355Z,61,21.1,1.912,49.6,0,59.8,0,0,0,0,0,0,0,0,66
2025-09-28T06:53:42.358Z,61,21.1,1.912,49.6,0,59.8,0,0,0,0,0,0,0,0,66
2025-09-28T06:53:43.357Z,61,21.1,1.912,50.4,0,59.8,0,0,0,0,0,0,0,0,66
2025-09-28T06:53:44.361Z,61,21.1,1.912,50.4,0,59.8,0,0,0,0,0,0,0,0,66
2025-09-28T06:53:45.360Z,61,21.1,1.912,49.6,0,59.8,0,0,0,0,0,0,0,0,66
2025-09-28T06:53:46.360Z,61,21.1,1.912,50.4,0,59.8,0,0,0,0,0,0,0,0,66
2025-09-28T06:53:47.362Z,61,21.1,1.912,49.6,0,59.8,0,0,0,0,0,0,0,0,66
2025-09-28T06:53:48.360Z,61,21.1,1.912,50.4,0,59.8,0,0,0,0,0,0,0,0,66
2025-09-28T06:53:49.363Z,61,21.1,1.912,49.6,0,59.8,0,0,0,0,0,0,0,0,66
2025-09-28T06:53:50.368Z,61,21.1,1.912,50.4,0,59.8,0,0,0,0,0,0,0,0,66
2025-09-28T06:53:51.371Z,61,21.1,1.912,50.4,0,59.8,0,0,0,0,0,0,0,0,66
2025-09-28T06:53:52.366Z,61,21.1,1.912,49.6,0,59.8,0,0,0,0,0,0,0,0,66
2025-09-28T06:53:53.364Z,61,21.1,1.912,50.4,0,59.8,0,0,0,0,0,0,0,0,66
2025-09-28T06:53:54.372Z,61,21.1,1.912,49.6,0,59.8,0,0,0,0,0,0,0,0,66
2025-09-28T06:53:55.367Z,61,21.1,1.912,50.4,0,59.8,0,0,0,0,0,0,0,0,66
2025-09-28T06:53:56.365Z,61,21.1,1.912,50.4,0,59.8,0,0,0,0,0,0,0,0,66
2025-09-28T06:53:57.371Z,61,21.1,1.912,49.6,0,59.8,0,0,0,0,0,0,0,0,66
2025-09-28T06:53:58.370Z,61,21.1,1.912,49.6,0,59.8,0,0,0,0,0,0,0,0,66
2025-09-28T06:53:59.372Z,61,21.1,1.912,49.6,0,59.8,0,0,0,0,0,0,0,0,66
2025-09-28T06:54:00.374Z,61,21.1,1.912,50.4,0,59.8,0,0,0,0,0,0,0,0,66
2025-09-28T06:54:01.375Z,61,21.1,1.912,49.6,0,59.8,0,0,0,0,0,0,0,0,66
2025-09-28T06:54:02.377Z,61,21.1,1.912,49.6,0,59.8,0,0,0,0,0,0,0,0,66
2025-09-28T06:54:03.372Z,61,21.1,1.912,50.4,0,59.8,0,0,0,0,0,0,0,0,66
2025-09-28T06:54:04.374Z,61,21.1,1.912,49.6,0,59.8,0,0,0,0,0,0,0,0,66
2025-09-28T06:54:05.376Z,61,21.1,1.912,50.4,0,59.8,0,0,0,0,0,0,0,0,66
2025-09-28T06:54:06.378Z,61,21.1,1.912,50.4,0,59.8,0,0,0,0,0,0,0,0,66
2025-09-28T06:54:07.376Z,61,21.1,1.912,49.6,0,59.8,0,0,0,0,0,0,0,0,66
2025-09-28T06:54:08.389Z,61,21.1,1.912,50.4,0,59.8,0,0,0,0,0,0,0,0,66
2025-09-28T06:54:09.381Z,61,21.1,1.912,49.6,0,59.8,0,0,0,0,0,0,0,0,66
2025-09-28T06:54:10.381Z,61,21.1,1.912,50.4,0,59.8,0,0,0,0,0,0,0,0,66
2025-09-28T06:54:11.384Z,61,21.1,1.912,49.6,0,59.8,0,0,0,0,0,0,0,0,66
2025-09-28T06:54:12.385Z,61,21.1,1.912,50.4,0,59.8,0,0,0,0,0,0,0,0,66
2025-09-28T06:54:13.389Z,61,21.1,1.912,49.6,0,59.8,0,0,0,0,0,0,0,0,66
2025-09-28T06:54:14.387Z,61,21.1,1.912,49.6,0,59.8,0,0,0,0,0,0,0,0,66
2025-09-28T06:54:15.391Z,61,21.1,1.912,50.4,0,59.8,0,0,0,0,0,0,0,0,66
2025-09-28T06:54:16.388Z,61,21.1,1.912,49.6,0,59.8,0,0,0,0,0,0,0,0,66
2025-09-28T06:54:17.392Z,61,21.1,1.912,49.6,0,59.8,0,0,0,0,0,0,0,0,66
2025-09-28T06:54:18.389Z,61,21.1,1.912,50.4,0,59.8,0,0,0,0,0,0,0,0,66
2025-09-28T06:54:19.391Z,61,21.1,1.912,49.6,0,59.8,0,0,0,0,0,0,0,0,66
2025-09-28T06:54:20.389Z,61,21.1,1.912,50.4,0,59.8,0,0,0,0,0,0,0,0,66
2025-09-28T06:54:21.390Z,61,21.1,1.912,49.6,0,59.9,0,0,0,0,0,0,0,0,66
2025-09-28T06:54:22.396Z,61,21.1,1.912,49.6,0,59.8,0,0,0,0,0,0,0,0,66
2025-09-28T06:54:23.391Z,61,21.1,1.912,50.4,0,59.8,0,0,0,0,0,0,0,0,66
2025-09-28T06:54:24.394Z,61,21.1,1.912,49.6,0,59.8,0,0,0,0,0,0,0,0,66
2025-09-28T06:54:25.394Z,61,21.1,1.912,50.4,0,59.8,0,0,0,0,0,0,0,0,66
2025-09-28T06:54:26.400Z,61,21.1,1.912,50.4,0,59.8,0,0,0,0,0,0,0,0,66
2025-09-28T06:54:27.397Z,61,21.1,1.912,49.6,0,59.8,0,0,0,0,0,0,0,0,66
2025-09-28T06:54:28.399Z,61,21.1,1.912,50.4,0,59.8,0,0,0,0,0,0,0,0,66
2025-09-28T06:54:29.400Z,61,21.1,1.912,49.6,0,59.8,0,0,0,0,0,0,0,0,66
2025-09-28T06:54:30.398Z,61,21.1,1.912,50.4,0,59.8,0,0,0,0,0,0,0,0,66
2025-09-28T06:54:31.402Z,61,21.1,1.912,49.6,0,59.8,0,0,0,0,0,0,0,0,66
2025-09-28T06:54:32.401Z,61,21.1,1.912,50.4,0,59.8,0,0,0,0,0,0,0,0,66
2025-09-28T06:54:33.402Z,61,21.1,1.912,50.4,0,59.8,0,0,0,0,0,0,0,0,66
2025-09-28T06:54:34.405Z,61,21.1,1.912,49.6,0,59.8,0,0,0,0,0,0,0,0,66
2025-09-28T06:54:35.399Z,61,21.1,1.912,49.6,0,59.9,0,0,0,0,0,0,0,0,66
2025-09-28T06:54:36.401Z,61,21.1,1.912,49.6,0,59.8,0,0,0,0,0,0,0,0,66
2025-09-28T06:54:37.405Z,61,21.1,1.912,50.4,0,59.8,0,0,0,0,0,0,0,0,66
2025-09-28T06:54:38.405Z,61,21.1,1.912,50.4,0,59.8,0,0,0,0,0,0,0,0,66
2025-09-28T06:54:39.403Z,61,21.1,1.912,49.6,0,59.8,0,0,0,0,0,0,0,0,66
2025-09-28T06:54:40.402Z,61,21.1,1.912,50.4,0,59.8,0,0,0,0,0,0,0,0,66
2025-09-28T06:54:41.412Z,61,21.1,1.912,49.6,0,59.8,0,0,0,0,0,0,0,0,66
2025-09-28T06:54:42.413Z,61,21.1,1.912,50.4,0,59.8,0,0,0,0,0,0,0,0,66
2025-09-28T06:54:43.411Z,61,21.1,1.912,49.6,0,59.9,0,0,0,0,0,0,0,0,66
2025-09-28T06:54:44.410Z,61,21.1,1.912,49.6,0,59.8,0,0,0,0,0,0,0,0,66
2025-09-28T06:54:45.416Z,61,21.1,1.912,50.4,0,59.8,0,0,0,0,0,0,0,0,66
2025-09-28T06:54:46.412Z,61,21.1,1.912,49.6,0,59.9,0,0,0,0,0,0,0,0,66
2025-09-28T06:54:47.412Z,61,21.1,1.912,50.4,0,59.9,0,0,0,0,0,0,0,0,66
2025-09-28T06:54:48.415Z,60.9,21.1,1.912,50.4,0,59.8,0,0,0,0,0,0,0,0,66
2025-09-28T06:54:49.417Z,60.9,21.1,1.912,49.6,0,59.8,0,0,0,0,0,0,0,0,66
2025-09-28T06:54:50.423Z,60.9,21.1,1.912,49.6,0,59.8,0,0,0,0,0,0,0,0,66
2025-09-28T06:54:51.414Z,60.9,21.1,1.912,49.6,0,59.8,0,0,0,0,0,0,0,0,66
2025-09-28T06:54:52.422Z,60.9,21.1,1.913,50.4,0,59.9,0,0,0,0,0,0,0,0,66
2025-09-28T06:54:53.415Z,60.9,21.1,1.912,49.6,0,59.9,0,0,0,0,0,0,0,0,66
2025-09-28T06:54:54.416Z,60.9,21.1,1.912,50.4,0,59.9,0,0,0,0,0,0,0,0,66
2025-09-28T06:54:55.416Z,60.9,21.1,1.912,50.4,0,59.9,0,0,0,0,0,0,0,0,66
2025-09-28T06:54:56.420Z,60.9,21.1,1.912,49.6,0,59.9,0,0,0,0,0,0,0,0,66
2025-09-28T06:54:57.421Z,60.9,21.1,1.912,49.6,0,59.8,0,0,0,0,0,0,0,0,66
2025-09-28T06:54:58.423Z,60.9,21.1,1.912,49.6,0,59.9,0,0,0,0,0,0,0,0,66
2025-09-28T06:54:59.419Z,60.9,21.1,1.912,50.4,0,59.9,0,0,0,0,0,0,0,0,66
2025-09-28T06:55:00.422Z,60.9,21.1,1.912,50.4,0,59.9,0,0,0,0,0,0,0,0,66
2025-09-28T06:55:01.425Z,60.9,21.1,1.913,49.6,0,59.9,0,0,0,0,0,0,0,0,66
2025-09-28T06:55:02.428Z,60.9,21.1,1.913,50.4,0,59.9,0,0,0,0,0,0,0,0,66
2025-09-28T06:55:03.424Z,60.9,21.1,1.912,49.6,0,59.9,0,0,0,0,0,0,0,0,66
2025-09-28T06:55:04.427Z,60.9,21.1,1.914,50.4,0,59.9,0,0,0,0,0,0,0,0,66
2025-09-28T06:55:05.426Z,60.9,21.1,1.913,49.6,0,59.9,0,0,0,0,0,0,0,0,66
2025-09-28T06:55:06.429Z,60.9,21.1,1.914,49.6,0,59.9,0,0,0,0,0,0,0,0,66
2025-09-28T06:55:07.430Z,60.9,21.1,1.914,50.4,0,59.9,0,0,0,0,0,0,0,0,66
2025-09-28T06:55:08.432Z,60.9,21.1,1.914,49.6,0,59.9,0,0,0,0,0,0,0,0,66
2025-09-28T06:55:09.432Z,60.9,21.1,1.913,50.4,0,59.9,0,0,0,0,0,0,0,0,66
2025-09-28T06:55:10.438Z,60.9,21.1,1.913,50.4,0,59.9,0,0,0,0,0,0,0,0,66
2025-09-28T06:55:11.434Z,60.9,21.1,1.914,49.6,0,59.9,0,0,0,0,0,0,0,0,66
2025-09-28T06:55:12.438Z,60.9,21.1,1.913,50.4,0,59.9,0,0,0,0,0,0,0,0,66
2025-09-28T06:55:13.439Z,60.9,21.1,1.914,49.6,0,59.9,0,0,0,0,0,0,0,0,66
2025-09-28T06:55:14.439Z,60.9,21.1,1.914,50.4,0,59.9,0,0,0,0,0,0,0,0,66
2025-09-28T06:55:15.434Z,60.8,21.1,1.913,49.6,0,59.9,0,0,0,0,0,0,0,0,66
2025-09-28T06:55:16.438Z,60.9,21.1,1.913,50.4,0,59.9,0,0,0,0,0,0,0,0,66
2025-09-28T06:55:17.439Z,60.8,21.1,1.914,49.6,0,59.9,0,0,0,0,0,0,0,0,66
2025-09-28T06:55:18.441Z,60.8,21.1,1.914,50.4,0,59.9,0,0,0,0,0,0,0,0,66
2025-09-28T06:55:19.437Z,60.8,21.1,1.913,49.6,0,59.9,0,0,0,0,0,0,0,0,66
2025-09-28T06:55:20.442Z,60.8,21.1,1.914,50.4,0,59.9,0,0,0,0,0,0,0,0,66
2025-09-28T06:55:21.442Z,60.8,21.1,1.914,49.6,0,59.9,0,0,0,0,0,0,0,0,66
2025-09-28T06:55:22.446Z,60.8,21.1,1.914,50.4,0,59.9,0,0,0,0,0,0,0,0,66
2025-09-28T06:55:23.445Z,60.8,21.1,1.914,49.6,0,59.9,0,0,0,0,0,0,0,0,66
2025-09-28T06:55:24.439Z,60.8,21.1,1.913,50.4,0,59.9,0,0,0,0,0,0,0,0,66
2025-09-28T06:55:25.446Z,60.8,21.1,1.914,49.6,0,59.9,0,0,0,0,0,0,0,0,66
2025-09-28T06:55:26.447Z,60.8,21.1,1.914,50.4,0,59.9,0,0,0,0,0,0,0,0,66
2025-09-28T06:55:27.449Z,60.8,21.1,1.914,49.6,0,59.9,0,0,0,0,0,0,0,0,66
2025-09-28T06:55:28.452Z,60.8,21.1,1.914,49.6,0,59.9,0,0,0,0,0,0,0,0,66
2025-09-28T06:55:29.448Z,60.8,21.1,1.914,49.6,0,59.9,0,0,0,0,0,0,0,0,66
2025-09-28T06:55:30.448Z,60.8,21.1,1.914,49.6,0,59.9,0,0,0,0,0,0,0,0,66
2025-09-28T06:55:31.449Z,60.8,21.1,1.914,50.4,0,59.9,0,0,0,0,0,0,0,0,66
2025-09-28T06:55:32.457Z,60.8,21.1,1.914,50.4,0,59.9,0,0,0,0,0,0,0,0,66
2025-09-28T06:55:33.453Z,60.8,21.1,1.914,49.6,0,59.9,0,0,0,0,0,0,0,0,66
2025-09-28T06:55:34.459Z,60.8,21.1,1.913,50.4,0,59.9,0,0,0,0,0,0,0,0,66
2025-09-28T06:55:35.449Z,60.8,21.1,1.914,49.6,0,59.9,0,0,0,0,0,0,0,0,66
2025-09-28T06:55:36.452Z,60.8,21.1,1.914,50.4,0,59.9,0,0,0,0,0,0,0,0,66
2025-09-28T06:55:37.455Z,60.8,21.1,1.914,49.6,0,59.9,0,0,0,0,0,0,0,0,66
2025-09-28T06:55:38.455Z,60.7,21.1,1.914,50.4,0,59.9,0,0,0,0,0,0,0,0,66
2025-09-28T06:55:39.454Z,60.7,21.1,1.914,49.6,0,59.9,0,0,0,0,0,0,0,0,66
2025-09-28T06:55:40.456Z,60.7,21.1,1.914,50.4,0,59.9,0,0,0,0,0,0,0,0,66
2025-09-28T06:55:41.462Z,60.7,21.1,1.914,49.6,0,59.9,0,0,0,0,0,0,0,0,66
2025-09-28T06:55:42.457Z,60.7,21.1,1.914,50.4,0,59.9,0,0,0,0,0,0,0,0,66
2025-09-28T06:55:43.465Z,60.7,21.1,1.914,49.6,0,59.9,0,0,0,0,0,0,0,0,66
2025-09-28T06:55:44.461Z,60.7,21.1,1.914,50.4,0,59.9,0,0,0,0,0,0,0,0,66
2025-09-28T06:55:45.461Z,60.7,21.1,1.914,49.6,0,59.9,0,0,0,0,0,0,0,0,66
2025-09-28T06:55:46.466Z,60.7,21.1,1.914,50.4,0,59.9,0,0,0,0,0,0,0,0,66
2025-09-28T06:55:47.461Z,60.7,21.1,1.914,49.6,0,59.9,0,0,0,0,0,0,0,0,66
2025-09-28T06:55:48.465Z,60.7,21.1,1.914,49.6,0,59.9,0,0,0,0,0,0,0,0,66
2025-09-28T06:55:49.465Z,60.7,21.1,1.914,50.4,0,59.9,0,0,0,0,0,0,0,0,66
2025-09-28T06:55:50.477Z,60.7,21.1,1.913,49.6,0,59.9,0,0,0,0,0,0,0,0,66
2025-09-28T06:55:51.467Z,60.7,21.1,1.914,50.4,0,60,0,0,0,0,0,0,0,0,66
2025-09-28T06:55:52.469Z,60.7,21.1,1.914,49.6,0,60,0,0,0,0,0,0,0,0,66
2025-09-28T06:55:53.469Z,60.7,21.1,1.914,50.4,0,60,0,0,0,0,0,0,0,0,66
2025-09-28T06:55:54.472Z,60.7,21.1,1.913,49.6,0,60,0,0,0,0,0,0,0,0,66
2025-09-28T06:55:55.467Z,60.7,21.1,1.914,50.4,0,60,0,0,0,0,0,0,0,0,66
2025-09-28T06:55:56.471Z,60.7,21.1,1.914,49.6,0,60,0,0,0,0,0,0,0,0,66
2025-09-28T06:55:57.472Z,60.7,21.1,1.914,50.4,0,60,0,0,0,0,0,0,0,0,66
2025-09-28T06:55:58.476Z,60.7,21.1,1.913,49.6,0,60,0,0,0,0,0,0,0,0,66
2025-09-28T06:55:59.473Z,60.7,21.1,1.914,50.4,0,60,0,0,0,0,0,0,0,0,66
2025-09-28T06:56:00.473Z,60.7,21.1,1.914,49.6,0,60,0,0,0,0,0,0,0,0,66
2025-09-28T06:56:01.478Z,60.6,21.1,1.914,50.4,0,60,0,0,0,0,0,0,0,0,66
2025-09-28T06:56:02.477Z,60.6,21.1,1.913,49.6,0,60,0,0,0,0,0,0,0,0,66
2025-09-28T06:56:03.477Z,60.6,21.1,1.915,50.4,0,60,0,0,0,0,0,0,0,0,66
2025-09-28T06:56:04.479Z,60.6,21.1,1.913,49.6,0,60,0,0,0,0,0,0,0,0,66
2025-09-28T06:56:05.477Z,60.6,21.1,1.915,49.6,0,60,0,0,0,0,0,0,0,0,66
2025-09-28T06:56:06.477Z,60.6,21.1,1.915,50.4,0,60,0,0,0,0,0,0,0,0,66
2025-09-28T06:56:07.480Z,60.6,21.1,1.915,49.6,0,60,0,0,0,0,0,0,0,0,66
2025-09-28T06:56:08.481Z,60.6,21.1,1.915,50.4,0,60,0,0,0,0,0,0,0,0,66
2025-09-28T06:56:09.485Z,60.6,21.1,1.914,49.6,0,60,0,0,0,0,0,0,0,0,66
2025-09-28T06:56:10.481Z,60.6,21.1,1.915,49.6,0,60,0,0,0,0,0,0,0,0,66
2025-09-28T06:56:11.484Z,60.6,21.1,1.914,49.6,0,60,0,0,0,0,0,0,0,0,66
2025-09-28T06:56:12.486Z,60.6,21.1,1.914,50.4,0,60,0,0,0,0,0,0,0,0,66
2025-09-28T06:56:13.490Z,60.6,21.1,1.914,49.6,0,60,0,0,0,0,0,0,0,0,66
2025-09-28T06:56:14.490Z,60.6,21.1,1.914,50.4,0,60,0,0,0,0,0,0,0,0,66
2025-09-28T06:56:15.489Z,60.6,21.1,1.914,49.6,0,60,0,0,0,0,0,0,0,0,66
2025-09-28T06:56:16.489Z,60.6,21.1,1.914,49.6,0,60,0,0,0,0,0,0,0,0,66
2025-09-28T06:56:17.491Z,60.6,21.1,1.914,50.4,0,60,0,0,0,0,0,0,0,0,66
2025-09-28T06:56:18.491Z,60.6,21.1,1.914,50.4,0,60,0,0,0,0,0,0,0,0,66
2025-09-28T06:56:19.494Z,60.6,21.1,1.914,49.6,0,60,0,0,0,0,0,0,0,0,66
2025-09-28T06:56:20.492Z,60.6,21.1,1.915,50.4,0,60,0,0,0,0,0,0,0,0,66
2025-09-28T06:56:21.503Z,60.6,21.1,1.914,49.6,0,60,0,0,0,0,0,0,0,0,66
2025-09-28T06:56:22.495Z,60.6,21.1,1.915,50.4,0,60,0,0,0,0,0,0,0,0,66
2025-09-28T06:56:23.506Z,60.6,21.1,1.915,49.6,0,60,0,0,0,0,0,0,0,0,66
2025-09-28T06:56:24.497Z,60.5,21.1,1.915,49.6,0,60,0,0,0,0,0,0,0,0,66
2025-09-28T06:56:25.499Z,60.5,21.1,1.915,50.4,0,60,0,0,0,0,0,0,0,0,66
2025-09-28T06:56:26.496Z,60.5,21.1,1.914,49.6,0,60,0,0,0,0,0,0,0,0,66
2025-09-28T06:56:27.503Z,60.5,21.1,1.915,49.6,0,60,0,0,0,0,0,0,0,0,66
2025-09-28T06:56:28.505Z,60.5,21.1,1.915,50.4,0,60,0,0,0,0,0,0,0,0,66
2025-09-28T06:56:29.505Z,60.5,21.1,1.915,49.6,0,60,0,0,0,0,0,0,0,0,66
2025-09-28T06:56:30.503Z,60.5,21.1,1.915,49.6,0,60,0,0,0,0,0,0,0,0,66
2025-09-28T06:56:31.503Z,60.5,21.1,1.915,50.4,0,60,0,0,0,0,0,0,0,0,66
2025-09-28T06:56:32.500Z,60.5,21.1,1.915,50.4,0,60,0,0,0,0,0,0,0,0,66
2025-09-28T06:56:33.504Z,60.5,21.1,1.914,49.6,0,60,0,0,0,0,0,0,0,0,66
2025-09-28T06:56:34.506Z,60.5,21.1,1.915,50.4,0,60,0,0,0,0,0,0,0,0,66
2025-09-28T06:56:35.504Z,60.5,21.1,1.915,49.6,0,60,0,0,0,0,0,0,0,0,66
2025-09-28T06:56:36.507Z,60.5,21.1,1.915,50.4,0,60,0,0,0,0,0,0,0,0,66
2025-09-28T06:56:37.506Z,60.5,21.1,1.915,49.6,0,60,0,0,0,0,0,0,0,0,66
2025-09-28T06:56:38.511Z,60.5,21.1,1.915,49.6,0,60,0,0,0,0,0,0,0,0,66
2025-09-28T06:56:39.523Z,60.5,21.1,1.915,50.4,0,60,0,0,0,0,0,0,0,0,66
2025-09-28T06:56:40.509Z,60.5,21.1,1.915,49.6,0,60,0,0,0,0,0,0,0,0,66
2025-09-28T06:56:41.513Z,60.5,21.1,1.915,49.6,0,60,0,0,0,0,0,0,0,0,66
2025-09-28T06:56:42.510Z,60.5,21.1,1.915,50.4,0,60,0,0,0,0,0,0,0,0,66
2025-09-28T06:56:43.514Z,60.5,21.1,1.915,50.4,0,60,0,0,0,0,0,0,0,0,66
2025-09-28T06:56:44.512Z,60.5,21.1,1.915,49.6,0,60,0,0,0,0,0,0,0,0,66
2025-09-28T06:56:45.515Z,60.5,21.1,1.915,50.4,0,60,0,0,0,0,0,0,0,0,66
2025-09-28T06:56:46.521Z,60.5,21.1,1.915,49.6,0,60,0,0,0,0,0,0,0,0,66
2025-09-28T06:56:47.522Z,60.4,21.1,1.915,50.4,0,60,0,0,0,0,0,0,0,0,66
2025-09-28T06:56:48.521Z,60.4,21.1,1.915,49.6,0,60,0,0,0,0,0,0,0,0,66
2025-09-28T06:56:49.525Z,60.4,21.1,1.915,50.4,0,60,0,0,0,0,0,0,0,0,66
2025-09-28T06:56:50.519Z,60.4,21.1,1.915,49.6,0,60,0,0,0,0,0,0,0,0,66
2025-09-28T06:56:51.519Z,60.4,21.1,1.915,49.6,0,60,0,0,0,0,0,0,0,0,66
2025-09-28T06:56:52.523Z,60.4,21.1,1.915,50.4,0,60,0,0,0,0,0,0,0,0,66
2025-09-28T06:56:53.523Z,60.4,21.1,1.915,49.6,0,60,0,0,0,0,0,0,0,0,66
2025-09-28T06:56:54.531Z,60.4,21.1,1.915,49.6,0,60,0,0,0,0,0,0,0,0,66
2025-09-28T06:56:55.527Z,60.4,21.1,1.915,50.4,0,60,0,0,0,0,0,0,0,0,66
2025-09-28T06:56:56.530Z,60.4,21.1,1.915,50.4,0,60,0,0,0,0,0,0,0,0,66
2025-09-28T06:56:57.526Z,60.4,21.1,1.915,49.6,0,60,0,0,0,0,0,0,0,0,66
2025-09-28T06:56:58.527Z,60.4,21.1,1.915,50.4,0,60,0,0,0,0,0,0,0,0,66
2025-09-28T06:56:59.536Z,60.4,21.1,1.916,49.6,0,60,0,0,0,0,0,0,0,0,66
2025-09-28T06:57:00.532Z,60.4,21.1,1.915,50.4,0,60,0,0,0,0,0,0,0,0,66
2025-09-28T06:57:01.531Z,60.4,21.1,1.915,49.6,0,60,0,0,0,0,0,0,0,0,66
2025-09-28T06:57:02.533Z,60.4,21.1,1.915,49.6,0,60,0,0,0,0,0,0,0,0,66
2025-09-28T06:57:03.529Z,60.4,21.1,1.915,50.4,0,60.1,0,0,0,0,0,0,0,0,66
2025-09-28T06:57:04.534Z,60.4,21.1,1.915,50.4,0,60,0,0,0,0,0,0,0,0,66
2025-09-28T06:57:05.538Z,60.4,21.1,1.915,49.6,0,60,0,0,0,0,0,0,0,0,66
2025-09-28T06:57:06.538Z,60.3,21.1,1.915,50.4,0,60,0,0,0,0,0,0,0,0,66
2025-09-28T06:57:07.532Z,60.3,21.1,1.915,49.6,0,60,0,0,0,0,0,0,0,0,66
2025-09-28T06:57:08.540Z,60.3,21.1,1.915,50.4,0,60,0,0,0,0,0,0,0,0,66
2025-09-28T06:57:09.541Z,60.3,21.1,1.915,49.6,0,60,0,0,0,0,0,0,0,0,66
2025-09-28T06:57:10.538Z,60.3,21.1,1.915,49.6,0,60,0,0,0,0,0,0,0,0,66
2025-09-28T06:57:11.542Z,60.3,21.1,1.915,50.4,0,60.1,0,0,0,0,0,0,0,0,66
2025-09-28T06:57:12.551Z,60.3,21.1,1.915,49.6,0,60.1,0,0,0,0,0,0,0,0,66
2025-09-28T06:57:13.543Z,60.3,21.1,1.915,49.6,0,60.1,0,0,0,0,0,0,0,0,66
2025-09-28T06:57:14.544Z,60.3,21.1,1.916,50.4,0,60.1,0,0,0,0,0,0,0,0,66
2025-09-28T06:57:15.542Z,60.3,21.1,1.915,49.6,0,60,0,0,0,0,0,0,0,0,66
2025-09-28T06:57:16.543Z,60.3,21.1,1.915,49.6,0,60,0,0,0,0,0,0,0,0,66
2025-09-28T06:57:17.546Z,60.3,21.1,1.915,50.4,0,60,0,0,0,0,0,0,0,0,66
2025-09-28T06:57:18.552Z,60.3,21.1,1.916,49.6,0,60.1,0,0,0,0,0,0,0,0,66
2025-09-28T06:57:19.546Z,60.3,21.1,1.915,49.6,0,60.1,0,0,0,0,0,0,0,0,66
2025-09-28T06:57:20.550Z,60.3,21.1,1.916,50.4,0,60.1,0,0,0,0,0,0,0,0,66
2025-09-28T06:57:21.547Z,60.3,21.1,1.915,50.4,0,60.1,0,0,0,0,0,0,0,0,66
2025-09-28T06:57:22.552Z,60.3,21.1,1.916,49.6,0,60.1,0,0,0,0,0,0,0,0,66
2025-09-28T06:57:23.552Z,60.3,21.1,1.916,50.4,0,60.1,0,0,0,0,0,0,0,0,66
2025-09-28T06:57:24.553Z,60.3,21.1,1.916,50.4,0,60,0,0,0,0,0,0,0,0,66
2025-09-28T06:57:25.553Z,60.3,21.1,1.916,49.6,0,60.1,0,0,0,0,0,0,0,0,66
2025-09-28T06:57:26.554Z,60.3,21.1,1.917,50.4,0,60.1,0,0,0,0,0,0,0,0,66
2025-09-28T06:57:27.559Z,60.3,21.1,1.916,49.6,0,60.1,0,0,0,0,0,0,0,0,66
2025-09-28T06:57:28.553Z,60.2,21.1,1.917,50.4,0,60.1,0,0,0,0,0,0,0,0,66
2025-09-28T06:57:29.561Z,60.2,21.1,1.917,49.6,0,60.1,0,0,0,0,0,0,0,0,66
2025-09-28T06:57:30.561Z,60.2,21.1,1.916,50.4,0,60,0,0,0,0,0,0,0,0,66
2025-09-28T06:57:31.555Z,60.2,21.1,1.916,50.4,0,60,0,0,0,0,0,0,0,0,66
2025-09-28T06:57:32.565Z,60.2,21.1,1.917,49.6,0,60,0,0,0,0,0,0,0,0,66
2025-09-28T06:57:33.566Z,60.2,21.1,1.917,49.6,0,60.1,0,0,0,0,0,0,0,0,66
2025-09-28T06:57:34.565Z,60.2,21.1,1.917,49.6,0,60,0,0,0,0,0,0,0,0,66
2025-09-28T06:57:35.560Z,60.2,21.1,1.917,50.4,0,60,0,0,0,0,0,0,0,0,66
2025-09-28T06:57:36.564Z,60.2,21.1,1.917,50.4,0,60,0,0,0,0,0,0,0,0,66
2025-09-28T06:57:37.565Z,60.2,21.1,1.917,49.6,0,60.1,0,0,0,0,0,0,0,0,66
2025-09-28T06:57:38.567Z,60.2,21.1,1.917,50.4,0,60.1,0,0,0,0,0,0,0,0,66
2025-09-28T06:57:39.567Z,60.2,21.1,1.917,49.6,0,60,0,0,0,0,0,0,0,0,66
2025-09-28T06:57:40.569Z,60.2,21.1,1.917,50.4,0,60,0,0,0,0,0,0,0,0,66
2025-09-28T06:57:41.567Z,60.2,21.1,1.917,49.6,0,60,0,0,0,0,0,0,0,0,66
2025-09-28T06:57:42.568Z,60.2,21.1,1.917,50.4,0,60,0,0,0,0,0,0,0,0,66
2025-09-28T06:57:43.567Z,60.2,21.1,1.917,50.4,0,60,0,0,0,0,0,0,0,0,66
2025-09-28T06:57:44.571Z,60.2,21.1,1.917,49.6,0,60,0,0,0,0,0,0,0,0,66
2025-09-28T06:57:45.572Z,60.2,21.1,1.917,50.4,0,60,0,0,0,0,0,0,0,0,66
2025-09-28T06:57:46.570Z,60.2,21.1,1.917,49.6,0,60.1,0,0,0,0,0,0,0,0,66
2025-09-28T06:57:47.575Z,60.2,21.1,1.917,50.4,0,60.1,0,0,0,0,0,0,0,0,66
2025-09-28T06:57:48.575Z,60.1,21.1,1.917,49.6,0,60,0,0,0,0,0,0,0,0,66
2025-09-28T06:57:49.576Z,60.1,21.1,1.917,50.4,0,60,0,0,0,0,0,0,0,0,66
2025-09-28T06:57:50.574Z,60.1,21.1,1.917,49.6,0,60.1,0,0,0,0,0,0,0,0,66
2025-09-28T06:57:51.576Z,60.1,21.1,1.917,50.4,0,60,0,0,0,0,0,0,0,0,66
2025-09-28T06:57:52.579Z,60.1,21.1,1.917,49.6,0,60.1,0,0,0,0,0,0,0,0,66
2025-09-28T06:57:53.579Z,60.1,21.1,1.916,50.4,0,60,0,0,0,0,0,0,0,0,66
2025-09-28T06:57:54.581Z,60.1,21.1,1.917,49.6,0,60,0,0,0,0,0,0,0,0,66
2025-09-28T06:57:55.579Z,60.1,21.1,1.917,50.4,0,60,0,0,0,0,0,0,0,0,66
2025-09-28T06:57:56.581Z,60.1,21.1,1.917,49.6,0,60,0,0,0,0,0,0,0,0,66
2025-09-28T06:57:57.580Z,60.1,21.1,1.917,50.4,0,60.1,0,0,0,0,0,0,0,0,66
2025-09-28T06:57:58.577Z,60.1,21.1,1.917,49.6,0,60.1,0,0,0,0,0,0,0,0,66
2025-09-28T06:57:59.582Z,60.1,21.1,1.917,50.4,0,60.1,0,0,0,0,0,0,0,0,66
2025-09-28T06:58:00.584Z,60.1,21.1,1.917,49.6,0,60.1,0,0,0,0,0,0,0,0,66
2025-09-28T06:58:01.589Z,60.1,21.1,1.916,50.4,0,60.1,0,0,0,0,0,0,0,0,66
2025-09-28T06:58:02.587Z,60.1,21.1,1.916,49.6,0,60.1,0,0,0,0,0,0,0,0,66
2025-09-28T06:58:03.584Z,60.1,21.1,1.917,50.4,0,60.1,0,0,0,0,0,0,0,0,66
2025-09-28T06:58:04.594Z,60.1,21.1,1.916,49.6,0,60.1,0,0,0,0,0,0,0,0,66
2025-09-28T06:58:05.595Z,60.1,21.1,1.916,50.4,0,60.1,0,0,0,0,0,0,0,0,66
2025-09-28T06:58:06.593Z,60.1,21.1,1.916,49.6,0,60.1,0,0,0,0,0,0,0,0,66
2025-09-28T06:58:07.591Z,60.1,21.1,1.916,50.4,0,60.1,0,0,0,0,0,0,0,0,66
2025-09-28T06:58:08.597Z,60.1,21.1,1.916,49.6,0,60.1,0,0,0,0,0,0,0,0,66
2025-09-28T06:58:09.593Z,60.1,21.1,1.916,50.4,0,60.1,0,0,0,0,0,0,0,0,66
2025-09-28T06:58:10.595Z,60.1,21.1,1.916,49.6,0,60.1,0,0,0,0,0,0,0,0,66
2025-09-28T06:58:11.598Z,60.1,21.1,1.916,50.4,0,60.1,0,0,0,0,0,0,0,0,66
2025-09-28T06:58:12.594Z,60.1,21.1,1.916,49.6,0,60.1,0,0,0,0,0,0,0,0,66
2025-09-28T06:58:13.598Z,60,21.1,1.916,50.4,0,60.1,0,0,0,0,0,0,0,0,66
2025-09-28T06:58:14.599Z,60,21.1,1.916,49.6,0,60.1,0,0,0,0,0,0,0,0,66
2025-09-28T06:58:15.596Z,60,21.1,1.917,50.4,0,60.1,0,0,0,0,0,0,0,0,66
2025-09-28T06:58:16.601Z,60,21.1,1.916,49.6,0,60.1,0,0,0,0,0,0,0,0,66
2025-09-28T06:58:17.602Z,60,21.1,1.916,50.4,0,60.1,0,0,0,0,0,0,0,0,66
2025-09-28T06:58:18.605Z,60,21.1,1.916,49.6,0,60.1,0,0,0,0,0,0,0,0,66
2025-09-28T06:58:19.607Z,60,21.1,1.917,50.4,0,60.1,0,0,0,0,0,0,0,0,66
2025-09-28T06:58:20.601Z,60,21.1,1.917,49.6,0,60.1,0,0,0,0,0,0,0,0,66
2025-09-28T06:58:21.612Z,60,21.1,1.917,50.4,0,60.1,0,0,0,0,0,0,0,0,66
2025-09-28T06:58:22.611Z,60,21.1,1.917,49.6,0,60.1,0,0,0,0,0,0,0,0,66
2025-09-28T06:58:23.604Z,60,21.1,1.917,50.4,0,60.1,0,0,0,0,0,0,0,0,66
2025-09-28T06:58:24.616Z,60,21.1,1.918,49.6,0,60.1,0,0,0,0,0,0,0,0,66
2025-09-28T06:58:25.619Z,60,21.1,1.918,50.4,0,60.1,0,0,0,0,0,0,0,0,66
2025-09-28T06:58:26.612Z,60,21.1,1.917,49.6,0,60.1,0,0,0,0,0,0,0,0,66
2025-09-28T06:58:27.613Z,60,21.1,1.917,50.4,0,60.1,0,0,0,0,0,0,0,0,66
2025-09-28T06:58:28.618Z,60,21.1,1.917,49.6,0,60.1,0,0,0,0,0,0,0,0,66
2025-09-28T06:58:29.611Z,60,21.1,1.917,50.4,0,60.1,0,0,0,0,0,0,0,0,66
2025-09-28T06:58:30.615Z,60,21.1,1.917,49.6,0,60.1,0,0,0,0,0,0,0,0,66
2025-09-28T06:58:31.616Z,60,21.1,1.917,50.4,0,60.1,0,0,0,0,0,0,0,0,66
2025-09-28T06:58:32.621Z,60,21.1,1.917,49.6,0,60.1,0,0,0,0,0,0,0,0,66
2025-09-28T06:58:33.619Z,60,21.1,1.917,50.4,0,60.1,0,0,0,0,0,0,0,0,66
2025-09-28T06:58:34.626Z,59.9,21.1,1.918,49.6,0,60.1,0,0,0,0,0,0,0,0,66
2025-09-28T06:58:35.617Z,59.9,21.1,1.917,50.4,0,60.1,0,0,0,0,0,0,0,0,66
2025-09-28T06:58:36.625Z,59.9,21.1,1.918,49.6,0,60.1,0,0,0,0,0,0,0,0,66
2025-09-28T06:58:37.620Z,59.9,21.1,1.918,50.4,0,60.1,0,0,0,0,0,0,0,0,66
2025-09-28T06:58:38.623Z,59.9,21.1,1.917,49.6,0,60.1,0,0,0,0,0,0,0,0,66
2025-09-28T06:58:39.633Z,59.9,21.1,1.918,50.4,0,60.1,0,0,0,0,0,0,0,0,66
2025-09-28T06:58:40.626Z,59.9,21.1,1.917,49.6,0,60.1,0,0,0,0,0,0,0,0,66
2025-09-28T06:58:41.623Z,59.9,21.1,1.918,49.6,0,60.1,0,0,0,0,0,0,0,0,66
2025-09-28T06:58:42.629Z,59.9,21.1,1.918,50.4,0,60.1,0,0,0,0,0,0,0,0,66
2025-09-28T06:58:43.629Z,59.9,21.1,1.919,49.6,0,60.1,0,0,0,0,0,0,0,0,66
2025-09-28T06:58:44.634Z,59.9,21.1,1.919,49.6,0,60.1,0,0,0,0,0,0,0,0,66
2025-09-28T06:58:45.635Z,59.9,21.1,1.919,50.4,0,60.1,0,0,0,0,0,0,0,0,66
2025-09-28T06:58:46.633Z,59.9,21.1,1.919,49.6,0,60.1,0,0,0,0,0,0,0,0,66
2025-09-28T06:58:47.636Z,59.9,21.1,1.919,50.4,0,60.1,0,0,0,0,0,0,0,0,66
2025-09-28T06:58:48.629Z,59.9,21.1,1.918,49.6,0,60.1,0,0,0,0,0,0,0,0,66
2025-09-28T06:58:49.633Z,59.9,21.1,1.919,50.4,0,60.1,0,0,0,0,0,0,0,0,66
2025-09-28T06:58:50.632Z,59.9,21.1,1.918,49.6,0,60.1,0,0,0,0,0,0,0,0,66
2025-09-28T06:58:51.637Z,59.9,21.1,1.919,50.4,0,60.1,0,0,0,0,0,0,0,0,66
2025-09-28T06:58:52.638Z,59.9,21.1,1.919,49.6,0,60.1,0,0,0,0,0,0,0,0,66
2025-09-28T06:58:53.636Z,59.9,21.1,1.919,50.4,0,60.1,0,0,0,0,0,0,0,0,66
2025-09-28T06:58:54.641Z,59.9,21.1,1.919,49.6,0,60.1,0,0,0,0,0,0,0,0,66
2025-09-28T06:58:55.642Z,59.9,21.1,1.919,49.6,0,60.1,0,0,0,0,0,0,0,0,66
2025-09-28T06:58:56.639Z,59.9,21.1,1.919,49.6,0,60.1,0,0,0,0,0,0,0,0,66
2025-09-28T06:58:57.643Z,59.9,21.1,1.919,49.6,0,60.1,0,0,0,0,0,0,0,0,66
2025-09-28T06:58:58.643Z,59.9,21.1,1.919,50.4,0,60.1,0,0,0,0,0,0,0,0,66
2025-09-28T06:58:59.645Z,59.8,21.1,1.919,49.6,0,60.1,0,0,0,0,0,0,0,0,66
2025-09-28T06:59:00.642Z,59.8,21.1,1.919,50.4,0,60.1,0,0,0,0,0,0,0,0,66
2025-09-28T06:59:01.648Z,59.8,21.1,1.919,49.6,0,60.1,0,0,0,0,0,0,0,0,66
2025-09-28T06:59:02.650Z,59.8,21.1,1.919,50.4,0,60.1,0,0,0,0,0,0,0,0,66
2025-09-28T06:59:03.658Z,59.8,21.1,1.918,49.6,0,60.1,0,0,0,0,0,0,0,0,66
2025-09-28T06:59:04.646Z,59.8,21.1,1.919,50.4,0,60.1,0,0,0,0,0,0,0,0,66
2025-09-28T06:59:05.651Z,59.8,21.1,1.919,49.6,0,60.1,0,0,0,0,0,0,0,0,66
2025-09-28T06:59:06.649Z,59.8,21.1,1.919,50.4,0,60.1,0,0,0,0,0,0,0,0,66
2025-09-28T06:59:07.649Z,59.8,21.1,1.919,49.6,0,60.1,0,0,0,0,0,0,0,0,66
2025-09-28T06:59:08.653Z,59.8,21.1,1.919,50.4,0,60.1,0,0,0,0,0,0,0,0,66
2025-09-28T06:59:09.656Z,59.8,21.1,1.919,49.6,0,60.1,0,0,0,0,0,0,0,0,66
2025-09-28T06:59:10.654Z,59.8,21.1,1.919,50.4,0,60.1,0,0,0,0,0,0,0,0,66
2025-09-28T06:59:11.652Z,59.8,21.1,1.919,49.6,0,60.1,0,0,0,0,0,0,0,0,66
2025-09-28T06:59:12.660Z,59.8,21.1,1.918,50.4,0,60.1,0,0,0,0,0,0,0,0,66
2025-09-28T06:59:13.657Z,59.8,21.1,1.919,49.6,0,60.1,0,0,0,0,0,0,0,0,66
2025-09-28T06:59:14.655Z,59.8,21.1,1.919,50.4,0,60.1,0,0,0,0,0,0,0,0,66
2025-09-28T06:59:15.657Z,59.8,21.1,1.919,49.6,0,60.1,0,0,0,0,0,0,0,0,66
2025-09-28T06:59:16.658Z,59.8,21.1,1.919,50.4,0,60.1,0,0,0,0,0,0,0,0,66
2025-09-28T06:59:17.664Z,59.8,21.1,1.918,49.6,0,60.1,0,0,0,0,0,0,0,0,66
2025-09-28T06:59:18.661Z,59.8,21.1,1.919,50.4,0,60.1,0,0,0,0,0,0,0,0,66
2025-09-28T06:59:19.665Z,59.7,21.1,1.919,49.6,0,60.1,0,0,0,0,0,0,0,0,66
2025-09-28T06:59:20.668Z,59.7,21.1,1.918,50.4,0,60.1,0,0,0,0,0,0,0,0,66
2025-09-28T06:59:21.663Z,59.7,21.1,1.919,49.6,0,60.1,0,0,0,0,0,0,0,0,66
2025-09-28T06:59:22.667Z,59.7,21.1,1.918,50.4,0,60.1,0,0,0,0,0,0,0,0,66
2025-09-28T06:59:23.666Z,59.7,21.1,1.918,49.6,0,60.1,0,0,0,0,0,0,0,0,66
2025-09-28T06:59:24.675Z,59.7,21.1,1.918,50.4,0,60.1,0,0,0,0,0,0,0,0,66
2025-09-28T06:59:25.661Z,59.7,21.1,1.919,49.6,0,60.1,0,0,0,0,0,0,0,0,66
2025-09-28T06:59:26.665Z,59.7,21.1,1.919,50.4,0,60.1,0,0,0,0,0,0,0,0,66
2025-09-28T06:59:27.666Z,59.7,21.1,1.918,49.6,0,60.1,0,0,0,0,0,0,0,0,66
2025-09-28T06:59:28.670Z,59.7,21.1,1.918,50.4,0,60.1,0,0,0,0,0,0,0,0,66
2025-09-28T06:59:29.672Z,59.7,21.1,1.918,49.6,0,60.1,0,0,0,0,0,0,0,0,66
2025-09-28T06:59:30.671Z,59.7,21.1,1.918,50.4,0,60.1,0,0,0,0,0,0,0,0,66
2025-09-28T06:59:31.670Z,59.7,21.1,1.918,49.6,0,60.1,0,0,0,0,0,0,0,0,66
2025-09-28T06:59:32.670Z,59.7,21.1,1.92,50.4,0,60.1,0,0,0,0,0,0,0,0,66
2025-09-28T06:59:33.674Z,59.7,21.1,1.918,49.6,0,60.1,0,0,0,0,0,0,0,0,66
2025-09-28T06:59:34.678Z,59.7,21.1,1.919,50.4,0,60.1,0,0,0,0,0,0,0,0,66
2025-09-28T06:59:35.674Z,59.7,21.1,1.918,49.6,0,60.1,0,0,0,0,0,0,0,0,66
2025-09-28T06:59:36.678Z,59.7,21.1,1.919,50.4,0,60.1,0,0,0,0,0,0,0,0,66
2025-09-28T06:59:37.675Z,59.7,21.1,1.919,49.6,0,60.1,0,0,0,0,0,0,0,0,66
2025-09-28T06:59:38.679Z,59.7,21.1,1.919,50.4,0,60.1,0,0,0,0,0,0,0,0,66
2025-09-28T06:59:39.677Z,59.7,21.1,1.919,49.6,0,60.1,0,0,0,0,0,0,0,0,66
2025-09-28T06:59:40.679Z,59.7,21.1,1.919,50.4,0,60.1,0,0,0,0,0,0,0,0,66
2025-09-28T06:59:41.683Z,59.7,21.1,1.919,49.6,0,60.1,0,0,0,0,0,0,0,0,66
2025-09-28T06:59:42.683Z,59.7,21.1,1.919,50.4,0,60.1,0,0,0,0,0,0,0,0,66
2025-09-28T06:59:43.680Z,59.7,21.1,1.919,49.6,0,60.1,0,0,0,0,0,0,0,0,66
2025-09-28T06:59:44.682Z,59.7,21.1,1.919,50.4,0,60.1,0,0,0,0,0,0,0,0,66
2025-09-28T06:59:45.684Z,59.6,21.1,1.919,49.6,0,60.1,0,0,0,0,0,0,0,0,66
2025-09-28T06:59:46.687Z,59.6,21.1,1.919,50.4,0,60.1,0,0,0,0,0,0,0,0,66
2025-09-28T06:59:47.688Z,59.6,21.1,1.919,49.6,0,60.1,0,0,0,0,0,0,0,0,66
2025-09-28T06:59:48.696Z,59.6,21.1,1.919,49.6,0,60.1,0,0,0,0,0,0,0,0,66
2025-09-28T06:59:49.690Z,59.6,21.1,1.919,49.6,0,60.1,0,0,0,0,0,0,0,0,66
2025-09-28T06:59:50.688Z,59.6,21.1,1.919,50.4,0,60.1,0,0,0,0,0,0,0,0,66
2025-09-28T06:59:51.691Z,59.6,21.1,1.919,49.6,0,60.1,0,0,0,0,0,0,0,0,66
2025-09-28T06:59:52.692Z,59.6,21.1,1.919,50.4,0,60.1,0,0,0,0,0,0,0,0,66
2025-09-28T06:59:53.694Z,59.6,21.1,1.919,49.6,0,60.1,0,0,0,0,0,0,0,0,66
2025-09-28T06:59:54.697Z,59.6,21.1,1.919,50.4,0,60.1,0,0,0,0,0,0,0,0,66
2025-09-28T06:59:55.691Z,59.6,21.1,1.919,49.6,0,60.1,0,0,0,0,0,0,0,0,66
2025-09-28T06:59:56.694Z,59.6,21.1,1.919,50.4,0,60.1,0,0,0,0,0,0,0,0,66
2025-09-28T06:59:57.696Z,59.6,21.1,1.919,49.6,0,60.1,0,0,0,0,0,0,0,0,66
2025-09-28T06:59:58.695Z,59.6,21.1,1.919,49.6,0,60.1,0,0,0,0,0,0,0,0,66
2025-09-28T06:59:59.700Z,59.6,21.1,1.92,50.4,0,60.1,0,0,0,0,0,0,0,0,66
2025-09-28T07:00:00.699Z,59.6,21.1,1.92,49.6,0,60.1,0,0,0,0,0,0,0,0,66
2025-09-28T07:00:01.699Z,59.6,21.1,1.919,50.4,0,60.1,0,0,0,0,0,0,0,0,66
2025-09-28T07:00:02.700Z,59.6,21.1,1.92,49.6,0,60.1,0,0,0,0,0,0,0,0,66
2025-09-28T07:00:03.702Z,59.6,21.1,1.919,50.4,0,60.1,0,0,0,0,0,0,0,0,66
2025-09-28T07:00:04.703Z,59.6,21.1,1.92,49.6,0,60.1,0,0,0,0,0,0,0,0,66
2025-09-28T07:00:05.708Z,59.6,21.1,1.92,50.4,0,60.1,0,0,0,0,0,0,0,0,66
2025-09-28T07:00:06.706Z,59.6,21.1,1.919,49.6,0,60.1,0,0,0,0,0,0,0,0,66
2025-09-28T07:00:07.704Z,59.6,21.1,1.919,50.4,0,60.1,0,0,0,0,0,0,0,0,66
2025-09-28T07:00:08.705Z,59.6,21.1,1.92,49.6,0,60.1,0,0,0,0,0,0,0,0,66
2025-09-28T07:00:09.707Z,59.6,21.1,1.92,50.4,0,60.1,0,0,0,0,0,0,0,0,66
2025-09-28T07:00:10.706Z,59.6,21.1,1.92,49.6,0,60.1,0,0,0,0,0,0,0,0,66
2025-09-28T07:00:11.708Z,59.6,21.1,1.92,50.4,0,60.1,0,0,0,0,0,0,0,0,66
2025-09-28T07:00:12.712Z,59.5,21.1,1.92,49.6,0,60.1,0,0,0,0,0,0,0,0,66
2025-09-28T07:00:13.712Z,59.5,21.1,1.92,50.4,0,60.1,0,0,0,0,0,0,0,0,66
2025-09-28T07:00:14.710Z,59.5,21.1,1.92,49.6,0,60.1,0,0,0,0,0,0,0,0,66
2025-09-28T07:00:15.713Z,59.5,21.1,1.92,50.4,0,60.1,0,0,0,0,0,0,0,0,66
2025-09-28T07:00:16.716Z,59.5,21.1,1.92,49.6,0,60.1,0,0,0,0,0,0,0,0,66
2025-09-28T07:00:17.714Z,59.5,21.1,1.92,50.4,0,60.1,0,0,0,0,0,0,0,0,66
2025-09-28T07:00:18.717Z,59.5,21.1,1.92,49.6,0,60.1,0,0,0,0,0,0,0,0,66
2025-09-28T07:00:19.716Z,59.5,21.1,1.92,49.6,0,60.1,0,0,0,0,0,0,0,0,66
2025-09-28T07:00:20.717Z,59.5,21.1,1.92,49.6,0,60.1,0,0,0,0,0,0,0,0,66
2025-09-28T07:00:21.719Z,59.5,21.1,1.92,49.6,0,60.1,0,0,0,0,0,0,0,0,66
2025-09-28T07:00:22.717Z,59.5,21.1,1.92,50.4,0,60.1,0,0,0,0,0,0,0,0,66
2025-09-28T07:00:23.718Z,59.5,21.1,1.92,49.6,0,60.1,0,0,0,0,0,0,0,0,66
2025-09-28T07:00:24.722Z,59.5,21.1,1.92,50.4,0,60.1,0,0,0,0,0,0,0,0,66
2025-09-28T07:00:25.720Z,59.5,21.1,1.92,49.6,0,60.1,0,0,0,0,0,0,0,0,66
2025-09-28T07:00:26.722Z,59.5,21.1,1.92,50.4,0,60.1,0,0,0,0,0,0,0,0,66
2025-09-28T07:00:27.719Z,59.5,21.1,1.92,49.6,0,60.1,0,0,0,0,0,0,0,0,66
2025-09-28T07:00:28.723Z,59.5,21.1,1.92,50.4,0,60.1,0,0,0,0,0,0,0,0,66
2025-09-28T07:00:29.724Z,59.5,21.1,1.92,49.6,0,60.1,0,0,0,0,0,0,0,0,66
2025-09-28T07:00:30.725Z,59.5,21.1,1.92,50.4,0,60.1,0,0,0,0,0,0,0,0,66
2025-09-28T07:00:31.726Z,59.5,21.1,1.92,49.6,0,60.1,0,0,0,0,0,0,0,0,66
2025-09-28T07:00:32.728Z,59.5,21.1,1.92,50.4,0,60.1,0,0,0,0,0,0,0,0,66
2025-09-28T07:00:33.732Z,59.5,21.1,1.92,49.6,0,60.1,0,0,0,0,0,0,0,0,66
2025-09-28T07:00:34.727Z,59.5,21.1,1.92,50.4,0,60.1,0,0,0,0,0,0,0,0,66
2025-09-28T07:00:35.730Z,59.5,21.1,1.92,49.6,0,60.1,0,0,0,0,0,0,0,0,66
2025-09-28T07:00:36.735Z,59.5,21.1,1.92,50.4,0,60.1,0,0,0,0,0,0,0,0,66
2025-09-28T07:00:37.732Z,59.5,21.1,1.92,49.6,0,60.1,0,0,0,0,0,0,0,0,66
2025-09-28T07:00:38.735Z,59.5,21.1,1.92,50.4,0,60.1,0,0,0,0,0,0,0,0,66
2025-09-28T07:00:39.733Z,59.5,21.1,1.92,49.6,0,60.1,0,0,0,0,0,0,0,0,66
2025-09-28T07:00:40.733Z,59.5,21.1,1.92,50.4,0,60.1,0,0,0,0,0,0,0,0,66
2025-09-28T07:00:41.736Z,59.5,21.1,1.92,49.6,0,60.1,0,0,0,0,0,0,0,0,66
2025-09-28T07:00:42.740Z,59.5,21.1,1.92,50.4,0,60.1,0,0,0,0,0,0,0,0,66
2025-09-28T07:00:43.735Z,59.5,21.1,1.92,49.6,0,60.1,0,0,0,0,0,0,0,0,66
2025-09-28T07:00:44.738Z,59.5,21.1,1.92,50.4,0,60.1,0,0,0,0,0,0,0,0,66
2025-09-28T07:00:45.742Z,59.5,21.1,1.92,49.6,0,60.2,0,0,0,0,0,0,0,0,66
2025-09-28T07:00:46.740Z,59.5,21.1,1.92,50.4,0,60.2,0,0,0,0,0,0,0,0,66
2025-09-28T07:00:47.744Z,59.5,21.1,1.92,49.6,0,60.1,0,0,0,0,0,0,0,0,66
2025-09-28T07:00:48.743Z,59.5,21.1,1.92,50.4,0,60.1,0,0,0,0,0,0,0,0,66
2025-09-28T07:00:49.743Z,59.5,21.1,1.92,49.6,0,60.1,0,0,0,0,0,0,0,0,66
2025-09-28T07:00:50.746Z,59.4,21.1,1.92,50.4,0,60.1,0,0,0,0,0,0,0,0,66
2025-09-28T07:00:51.751Z,59.4,21.1,1.92,49.6,0,60.2,0,0,0,0,0,0,0,0,66
2025-09-28T07:00:52.744Z,59.4,21.1,1.92,50.4,0,60.1,0,0,0,0,0,0,0,0,66
2025-09-28T07:00:53.747Z,59.4,21.1,1.92,49.6,0,60.1,0,0,0,0,0,0,0,0,66
2025-09-28T07:00:54.746Z,59.4,21.1,1.92,50.4,0,60.1,0,0,0,0,0,0,0,0,66
2025-09-28T07:00:55.744Z,59.4,21.1,1.92,49.6,0,60.1,0,0,0,0,0,0,0,0,66
2025-09-28T07:00:56.751Z,59.4,21.1,1.92,50.4,0,60.1,0,0,0,0,0,0,0,0,66
2025-09-28T07:00:57.753Z,59.4,21.1,1.92,49.6,0,60.1,0,0,0,0,0,0,0,0,66
2025-09-28T07:00:58.747Z,59.4,21.1,1.92,50.4,0,60.1,0,0,0,0,0,0,0,0,66
2025-09-28T07:00:59.754Z,59.4,21.1,1.92,49.6,0,60.1,0,0,0,0,0,0,0,0,66
2025-09-28T07:01:00.752Z,59.4,21.1,1.92,50.4,0,60.1,0,0,0,0,0,0,0,0,66
2025-09-28T07:01:01.751Z,59.4,21.1,1.92,49.6,0,60.1,0,0,0,0,0,0,0,0,66
2025-09-28T07:01:02.762Z,59.4,21.1,1.92,50.4,0,60.1,0,0,0,0,0,0,0,0,66
2025-09-28T07:01:03.756Z,59.4,21.1,1.92,49.6,0,60.1,0,0,0,0,0,0,0,0,66
2025-09-28T07:01:04.763Z,59.4,21.1,1.92,50.4,0,60.1,0,0,0,0,0,0,0,0,66
2025-09-28T07:01:05.756Z,59.4,21.1,1.92,49.6,0,60.1,0,0,0,0,0,0,0,0,66
2025-09-28T07:01:06.763Z,59.4,21.1,1.92,49.6,0,60.1,0,0,0,0,0,0,0,0,66
2025-09-28T07:01:07.760Z,59.4,21.1,1.92,49.6,0,60.1,0,0,0,0,0,0,0,0,66
2025-09-28T07:01:08.768Z,59.4,21.1,1.92,49.6,0,60.1,0,0,0,0,0,0,0,0,66
2025-09-28T07:01:09.760Z,59.4,21.1,1.92,49.6,0,60.1,0,0,0,0,0,0,0,0,66
2025-09-28T07:01:10.773Z,59.4,21.1,1.92,50.4,0,60.1,0,0,0,0,0,0,0,0,66
2025-09-28T07:01:11.762Z,59.4,21.1,1.92,49.6,0,60.1,0,0,0,0,0,0,0,0,66
2025-09-28T07:01:12.762Z,59.4,21.1,1.92,50.4,0,60.1,0,0,0,0,0,0,0,0,66
2025-09-28T07:01:13.769Z,59.4,21.1,1.92,49.6,0,60.1,0,0,0,0,0,0,0,0,66
2025-09-28T07:01:14.765Z,59.4,21.1,1.92,50.4,0,60.1,0,0,0,0,0,0,0,0,66
2025-09-28T07:01:15.767Z,59.4,21.1,1.92,49.6,0,60.1,0,0,0,0,0,0,0,0,66
2025-09-28T07:01:16.768Z,59.4,21.1,1.92,50.4,0,60.1,0,0,0,0,0,0,0,0,66
2025-09-28T07:01:17.770Z,59.4,21.1,1.92,49.6,0,60.1,0,0,0,0,0,0,0,0,66
2025-09-28T07:01:18.769Z,59.4,21.1,1.92,50.4,0,60.1,0,0,0,0,0,0,0,0,66
2025-09-28T07:01:19.775Z,59.4,21.1,1.92,49.6,0,60.1,0,0,0,0,0,0,0,0,66
2025-09-28T07:01:20.772Z,59.4,21.1,1.92,49.6,0,60.1,0,0,0,0,0,0,0,0,66
2025-09-28T07:01:21.775Z,59.4,21.1,1.92,50.4,0,60.1,0,0,0,0,0,0,0,0,66
2025-09-28T07:01:22.774Z,59.4,21.1,1.92,49.6,0,60.1,0,0,0,0,0,0,0,0,66
2025-09-28T07:01:23.773Z,59.4,21.1,1.92,49.6,0,60.1,0,0,0,0,0,0,0,0,66
2025-09-28T07:01:24.776Z,59.4,21.1,1.92,49.6,0,60.1,0,0,0,0,0,0,0,0,66
2025-09-28T07:01:25.775Z,59.4,21.1,1.92,50.4,0,60.1,0,0,0,0,0,0,0,0,66
2025-09-28T07:01:26.773Z,59.4,21.1,1.92,49.6,0,60.1,0,0,0,0,0,0,0,0,66
2025-09-28T07:01:27.777Z,59.4,21.1,1.92,49.6,0,60.1,0,0,0,0,0,0,0,0,66
2025-09-28T07:01:28.775Z,59.4,21.1,1.92,49.6,0,60.1,0,0,0,0,0,0,0,0,66
2025-09-28T07:01:29.784Z,59.4,21.1,1.92,49.6,0,60.1,0,0,0,0,0,0,0,0,66
2025-09-28T07:01:30.782Z,59.4,21.1,1.92,50.4,0,60.1,0,0,0,0,0,0,0,0,66
2025-09-28T07:01:31.783Z,59.4,21.1,1.92,50.4,0,60.1,0,0,0,0,0,0,0,0,66
2025-09-28T07:01:32.778Z,59.4,21.1,1.92,49.6,0,60.1,0,0,0,0,0,0,0,0,66
2025-09-28T07:01:33.783Z,59.4,21.1,1.92,50.4,0,60.1,0,0,0,0,0,0,0,0,66
2025-09-28T07:01:34.784Z,59.4,21.1,1.92,49.6,0,60.1,0,0,0,0,0,0,0,0,66
2025-09-28T07:01:35.787Z,59.4,21.1,1.92,50.4,0,60.1,0,0,0,0,0,0,0,0,66
2025-09-28T07:01:36.791Z,59.4,21.1,1.92,49.6,0,60.1,0,0,0,0,0,0,0,0,66
2025-09-28T07:01:37.788Z,59.4,21.1,1.92,50.4,0,60.1,0,0,0,0,0,0,0,0,66
2025-09-28T07:01:38.792Z,59.4,21.1,1.92,49.6,0,60.1,0,0,0,0,0,0,0,0,66
2025-09-28T07:01:39.791Z,59.4,21.1,1.92,50.4,0,60.1,0,0,0,0,0,0,0,0,66
2025-09-28T07:01:40.789Z,59.4,21.1,1.92,49.6,0,60.1,0,0,0,0,0,0,0,0,66
2025-09-28T07:01:41.794Z,59.4,21.1,1.92,49.6,0,60.1,0,0,0,0,0,0,0,0,66
2025-09-28T07:01:42.789Z,59.4,21.1,1.92,50.4,0,60.1,0,0,0,0,0,0,0,0,66
2025-09-28T07:01:43.792Z,59.4,21.1,1.92,49.6,0,60.1,0,0,0,0,0,0,0,0,66
2025-09-28T07:01:44.795Z,59.4,21.1,1.92,49.6,0,60.1,0,0,0,0,0,0,0,0,66
2025-09-28T07:01:45.796Z,59.4,21.1,1.921,50.4,0,60.1,0,0,0,0,0,0,0,0,66
2025-09-28T07:01:46.796Z,59.4,21.1,1.92,49.6,0,60.1,0,0,0,0,0,0,0,0,66
2025-09-28T07:01:47.793Z,59.4,21.1,1.92,49.6,0,60.1,0,0,0,0,0,0,0,0,66
2025-09-28T07:01:48.795Z,59.4,21.1,1.92,50.4,0,60.1,0,0,0,0,0,0,0,0,66
2025-09-28T07:01:49.801Z,59.4,21.1,1.92,49.6,0,60.1,0,0,0,0,0,0,0,0,66
2025-09-28T07:01:50.800Z,59.4,21.1,1.92,49.6,0,60.1,0,0,0,0,0,0,0,0,66
2025-09-28T07:01:51.803Z,59.4,21.1,1.92,50.4,0,60.1,0,0,0,0,0,0,0,0,66
2025-09-28T07:01:52.800Z,59.4,21.1,1.92,50.4,0,60.1,0,0,0,0,0,0,0,0,66
2025-09-28T07:01:53.799Z,59.4,21.1,1.92,49.6,0,60.1,0,0,0,0,0,0,0,0,66
2025-09-28T07:01:54.798Z,59.4,21.1,1.92,50.4,0,60.1,0,0,0,0,0,0,0,0,66
2025-09-28T07:01:55.804Z,59.4,21.1,1.92,50.4,0,60.1,0,0,0,0,0,0,0,0,66
2025-09-28T07:01:56.804Z,59.4,21.1,1.92,49.6,0,60.1,0,0,0,0,0,0,0,0,66
2025-09-28T07:01:57.805Z,59.4,21.1,1.92,50.4,0,60.1,0,0,0,0,0,0,0,0,66
2025-09-28T07:01:58.801Z,59.4,21.1,1.92,49.6,0,60.1,0,0,0,0,0,0,0,0,66
2025-09-28T07:01:59.805Z,59.4,21.1,1.92,50.4,0,60.1,0,0,0,0,0,0,0,0,66
2025-09-28T07:02:00.807Z,59.4,21.1,1.92,49.6,0,60.1,0,0,0,0,0,0,0,0,66
2025-09-28T07:02:01.808Z,59.4,21.1,1.92,50.4,0,60.1,0,0,0,0,0,0,0,0,66
2025-09-28T07:02:02.807Z,59.4,21.1,1.92,49.6,0,60.1,0,0,0,0,0,0,0,0,66
2025-09-28T07:02:03.807Z,59.4,21.1,1.92,49.6,0,60.1,0,0,0,0,0,0,0,0,66
2025-09-28T07:02:04.827Z,59.4,21.1,1.92,49.6,0,60.1,0,0,0,0,0,0,0,0,66
2025-09-28T07:02:05.811Z,59.4,21.1,1.92,50.4,0,60.1,0,0,0,0,0,0,0,0,66
2025-09-28T07:02:06.810Z,59.4,21.1,1.92,49.6,0,60.1,0,0,0,0,0,0,0,0,66
2025-09-28T07:02:07.809Z,59.4,21.1,1.92,49.6,0,60.1,0,0,0,0,0,0,0,0,66
2025-09-28T07:02:08.817Z,59.4,21.1,1.92,50.4,0,60.1,0,0,0,0,0,0,0,0,66
2025-09-28T07:02:09.819Z,59.4,21.1,1.92,50.4,0,60.1,0,0,0,0,0,0,0,0,66
2025-09-28T07:02:10.815Z,59.4,21.1,1.92,49.6,0,60.1,0,0,0,0,0,0,0,0,66
2025-09-28T07:02:11.820Z,59.4,21.1,1.92,50.4,0,60.1,0,0,0,0,0,0,0,0,66
2025-09-28T07:02:12.824Z,59.4,21.1,1.92,49.6,0,60.1,0,0,0,0,0,0,0,0,66
2025-09-28T07:02:13.821Z,59.4,21.1,1.92,50.4,0,60.1,0,0,0,0,0,0,0,0,66
2025-09-28T07:02:14.825Z,59.4,21.1,1.92,49.6,0,60.1,0,0,0,0,0,0,0,0,66
2025-09-28T07:02:15.822Z,59.4,21.1,1.92,50.4,0,60.1,0,0,0,0,0,0,0,0,66
2025-09-28T07:02:16.821Z,59.4,21.1,1.92,49.6,0,60.1,0,0,0,0,0,0,0,0,66
2025-09-28T07:02:17.827Z,59.4,21.1,1.92,50.4,0,60.1,0,0,0,0,0,0,0,0,66
2025-09-28T07:02:18.828Z,59.4,21.1,1.92,50.4,0,60.1,0,0,0,0,0,0,0,0,66
2025-09-28T07:02:19.824Z,59.4,21.1,1.92,49.6,0,60.1,0,0,0,0,0,0,0,0,66
2025-09-28T07:02:20.822Z,59.4,21.1,1.92,50.4,0,60.1,0,0,0,0,0,0,0,0,66
2025-09-28T07:02:21.828Z,59.4,21.1,1.92,49.6,0,60.1,0,0,0,0,0,0,0,0,66
2025-09-28T07:02:22.829Z,59.4,21.1,1.92,50.4,0,60.1,0,0,0,0,0,0,0,0,66
2025-09-28T07:02:23.830Z,59.4,21.1,1.92,49.6,0,60.1,0,0,0,0,0,0,0,0,66
2025-09-28T07:02:24.830Z,59.4,21.1,1.92,49.6,0,60.1,0,0,0,0,0,0,0,0,66
2025-09-28T07:02:25.828Z,59.4,21.1,1.92,50.4,0,60.1,0,0,0,0,0,0,0,0,66
2025-09-28T07:02:26.829Z,59.4,21.1,1.92,49.6,0,60,0,0,0,0,0,0,0,0,66
2025-09-28T07:02:27.831Z,59.4,21.1,1.92,50.4,0,60.1,0,0,0,0,0,0,0,0,66
2025-09-28T07:02:28.833Z,59.4,21.1,1.92,50.4,0,60.1,0,0,0,0,0,0,0,0,66
2025-09-28T07:02:29.839Z,59.4,21.1,1.92,49.6,0,60.1,0,0,0,0,0,0,0,0,66
2025-09-28T07:02:30.834Z,59.4,21.1,1.92,50.4,0,60.1,0,0,0,0,0,0,0,0,66
2025-09-28T07:02:31.835Z,59.4,21.1,1.92,49.6,0,60.1,0,0,0,0,0,0,0,0,66
2025-09-28T07:02:32.836Z,59.4,21.1,1.92,50.4,0,60.1,0,0,0,0,0,0,0,0,66
2025-09-28T07:02:33.838Z,59.4,21.1,1.92,49.6,0,60.1,0,0,0,0,0,0,0,0,66
2025-09-28T07:02:34.839Z,59.4,21.1,1.92,50.4,0,60,0,0,0,0,0,0,0,0,66
2025-09-28T07:02:35.840Z,59.4,21.1,1.92,49.6,0,60,0,0,0,0,0,0,0,0,66
2025-09-28T07:02:36.844Z,59.5,21.1,1.92,50.4,0,60,0,0,0,0,0,0,0,0,66
2025-09-28T07:02:37.842Z,59.5,21.1,1.92,49.6,0,60.1,0,0,0,0,0,0,0,0,66
2025-09-28T07:02:38.844Z,59.5,21.1,1.92,50.4,0,60,0,0,0,0,0,0,0,0,66
2025-09-28T07:02:39.843Z,59.5,21.1,1.92,49.6,0,60.1,0,0,0,0,0,0,0,0,66
2025-09-28T07:02:40.845Z,59.5,21.1,1.92,50.4,0,60.1,0,0,0,0,0,0,0,0,66
2025-09-28T07:02:41.850Z,59.5,21.1,1.92,49.6,0,60,0,0,0,0,0,0,0,0,66
2025-09-28T07:02:42.848Z,59.5,21.1,1.92,50.4,0,60.1,0,0,0,0,0,0,0,0,66
2025-09-28T07:02:43.847Z,59.5,21.1,1.92,49.6,0,60,0,0,0,0,0,0,0,0,66
2025-09-28T07:02:44.853Z,59.5,21.1,1.92,50.4,0,60,0,0,0,0,0,0,0,0,66
2025-09-28T07:02:45.848Z,59.5,21.1,1.92,49.6,0,60.1,0,0,0,0,0,0,0,0,66
2025-09-28T07:02:46.849Z,59.5,21.1,1.92,50.4,0,60.1,0,0,0,0,0,0,0,0,66
2025-09-28T07:02:47.849Z,59.5,21.1,1.92,49.6,0,60,0,0,0,0,0,0,0,0,66
2025-09-28T07:02:48.853Z,59.5,21.1,1.92,50.4,0,60,0,0,0,0,0,0,0,0,66
2025-09-28T07:02:49.857Z,59.5,21.1,1.92,49.6,0,60,0,0,0,0,0,0,0,0,66
2025-09-28T07:02:50.855Z,59.5,21.1,1.92,50.4,0,60,0,0,0,0,0,0,0,0,66
2025-09-28T07:02:51.856Z,59.5,21.1,1.92,49.6,0,60,0,0,0,0,0,0,0,0,66
2025-09-28T07:02:52.857Z,59.5,21.1,1.92,50.4,0,60,0,0,0,0,0,0,0,0,66
2025-09-28T07:02:53.858Z,59.5,21.1,1.92,49.6,0,60,0,0,0,0,0,0,0,0,66
2025-09-28T07:02:54.860Z,59.5,21.1,1.92,50.4,0,60,0,0,0,0,0,0,0,0,66
2025-09-28T07:02:55.859Z,59.5,21.1,1.92,49.6,0,60,0,0,0,0,0,0,0,0,66
2025-09-28T07:02:56.858Z,59.5,21.1,1.92,50.4,0,60,0,0,0,0,0,0,0,0,66
2025-09-28T07:02:57.861Z,59.5,21.1,1.92,49.6,0,60,0,0,0,0,0,0,0,0,66
2025-09-28T07:02:58.857Z,59.5,21.1,1.92,50.4,0,60,0,0,0,0,0,0,0,0,66
2025-09-28T07:02:59.862Z,59.5,21.1,1.92,49.6,0,60,0,0,0,0,0,0,0,0,66
2025-09-28T07:03:00.862Z,59.5,21.1,1.92,50.4,0,60,0,0,0,0,0,0,0,0,66
2025-09-28T07:03:01.864Z,59.5,21.1,1.92,49.6,0,60,0,0,0,0,0,0,0,0,66
2025-09-28T07:03:02.868Z,59.5,21.1,1.92,50.4,0,60,0,0,0,0,0,0,0,0,66
2025-09-28T07:03:03.877Z,59.5,21.1,1.92,49.6,0,60,0,0,0,0,0,0,0,0,66
2025-09-28T07:03:04.864Z,59.5,21.1,1.92,50.4,0,60,0,0,0,0,0,0,0,0,66
2025-09-28T07:03:05.866Z,59.5,21.1,1.919,49.6,0,60,0,0,0,0,0,0,0,0,66
2025-09-28T07:03:06.870Z,59.5,21.1,1.92,50.4,0,60,0,0,0,0,0,0,0,0,66
2025-09-28T07:03:07.869Z,59.5,21.1,1.92,49.6,0,60,0,0,0,0,0,0,0,0,66
2025-09-28T07:03:08.875Z,59.5,21.1,1.92,50.4,0,60,0,0,0,0,0,0,0,0,66
2025-09-28T07:03:09.873Z,59.6,21.1,1.92,49.6,0,60,0,0,0,0,0,0,0,0,66
2025-09-28T07:03:10.873Z,59.6,21.1,1.92,50.4,0,60,0,0,0,0,0,0,0,0,66
2025-09-28T07:03:11.874Z,59.6,21.1,1.92,49.6,0,60,0,0,0,0,0,0,0,0,66
2025-09-28T07:03:12.879Z,59.6,21.1,1.92,50.4,0,60,0,0,0,0,0,0,0,0,66
2025-09-28T07:03:13.882Z,59.6,21.1,1.92,49.6,0,60,0,0,0,0,0,0,0,0,66
2025-09-28T07:03:14.876Z,59.6,21.1,1.92,50.4,0,60,0,0,0,0,0,0,0,0,66
2025-09-28T07:03:15.875Z,59.6,21.1,1.92,49.6,0,60,0,0,0,0,0,0,0,0,66
2025-09-28T07:03:16.880Z,59.6,21.1,1.92,50.4,0,60,0,0,0,0,0,0,0,0,66
2025-09-28T07:03:17.879Z,59.6,21.1,1.92,49.6,0,60,0,0,0,0,0,0,0,0,66
2025-09-28T07:03:18.880Z,59.6,21.1,1.92,49.6,0,60,0,0,0,0,0,0,0,0,66
2025-09-28T07:03:19.880Z,59.6,21.1,1.92,49.6,0,60,0,0,0,0,0,0,0,0,66
2025-09-28T07:03:20.889Z,59.6,21.1,1.92,50.4,0,60,0,0,0,0,0,0,0,0,66
2025-09-28T07:03:21.887Z,59.6,21.1,1.92,49.6,0,60,0,0,0,0,0,0,0,0,66
2025-09-28T07:03:22.885Z,59.6,21.1,1.92,50.4,0,60,0,0,0,0,0,0,0,0,66
2025-09-28T07:03:23.887Z,59.6,21.1,1.92,49.6,0,60,0,0,0,0,0,0,0,0,66
2025-09-28T07:03:24.886Z,59.6,21.1,1.92,50.4,0,60,0,0,0,0,0,0,0,0,66
2025-09-28T07:03:25.891Z,59.6,21.1,1.92,49.6,0,60,0,0,0,0,0,0,0,0,66
2025-09-28T07:03:26.889Z,59.6,21.1,1.92,50.4,0,60,0,0,0,0,0,0,0,0,66
2025-09-28T07:03:27.887Z,59.6,21.1,1.92,49.6,0,60,0,0,0,0,0,0,0,0,66
2025-09-28T07:03:28.891Z,59.6,21.1,1.92,50.4,0,60,0,0,0,0,0,0,0,0,66
2025-09-28T07:03:29.889Z,59.6,21.1,1.92,49.6,0,60,0,0,0,0,0,0,0,0,66
2025-09-28T07:03:30.889Z,59.7,21.1,1.919,50.4,0,60,0,0,0,0,0,0,0,0,66
2025-09-28T07:03:31.897Z,59.7,21.1,1.92,49.6,0,60,0,0,0,0,0,0,0,0,66
2025-09-28T07:03:32.895Z,59.7,21.1,1.919,50.4,0,60,0,0,0,0,0,0,0,0,66
2025-09-28T07:03:33.895Z,59.7,21.1,1.919,49.6,0,60,0,0,0,0,0,0,0,0,66
2025-09-28T07:03:34.899Z,59.7,21.1,1.918,50.4,0,60,0,0,0,0,0,0,0,0,66
2025-09-28T07:03:35.896Z,59.7,21.1,1.919,49.6,0,60,0,0,0,0,0,0,0,0,66
2025-09-28T07:03:36.902Z,59.7,21.1,1.918,50.4,0,60,0,0,0,0,0,0,0,0,66
2025-09-28T07:03:37.898Z,59.7,21.1,1.919,49.6,0,60,0,0,0,0,0,0,0,0,66
2025-09-28T07:03:38.904Z,59.7,21.1,1.918,50.4,0,60,0,0,0,0,0,0,0,0,66
2025-09-28T07:03:39.904Z,59.7,21.1,1.918,49.6,0,60,0,0,0,0,0,0,0,0,66
2025-09-28T07:03:40.898Z,59.7,21.1,1.919,50.4,0,60,0,0,0,0,0,0,0,0,66
2025-09-28T07:03:41.905Z,59.7,21.1,1.918,49.6,0,60,0,0,0,0,0,0,0,0,66
2025-09-28T07:03:42.909Z,59.7,21.1,1.918,50.4,0,60,0,0,0,0,0,0,0,0,66
2025-09-28T07:03:43.915Z,59.7,21.1,1.918,49.6,0,60,0,0,0,0,0,0,0,0,66
2025-09-28T07:03:44.909Z,59.7,21.1,1.918,50.4,0,60,0,0,0,0,0,0,0,0,66
2025-09-28T07:03:45.911Z,59.7,21.1,1.918,49.6,0,60,0,0,0,0,0,0,0,0,66
2025-09-28T07:03:46.907Z,59.7,21.1,1.918,50.4,0,60,0,0,0,0,0,0,0,0,66
2025-09-28T07:03:47.908Z,59.8,21.1,1.918,49.6,0,60,0,0,0,0,0,0,0,0,66
2025-09-28T07:03:48.915Z,59.8,21.1,1.918,50.4,0,60,0,0,0,0,0,0,0,0,66
2025-09-28T07:03:49.918Z,59.8,21.1,1.918,49.6,0,60,0,0,0,0,0,0,0,0,66
2025-09-28T07:03:50.913Z,59.8,21.1,1.918,50.4,0,60,0,0,0,0,0,0,0,0,66
2025-09-28T07:03:51.910Z,59.8,21.1,1.919,49.6,0,60,0,0,0,0,0,0,0,0,66
2025-09-28T07:03:52.919Z,59.8,21.1,1.918,50.4,0,60,0,0,0,0,0,0,0,0,66
2025-09-28T07:03:53.912Z,59.8,21.1,1.918,49.6,0,60,0,0,0,0,0,0,0,0,66
2025-09-28T07:03:54.915Z,59.8,21.1,1.918,50.4,0,60,0,0,0,0,0,0,0,0,66
2025-09-28T07:03:55.912Z,59.8,21.1,1.918,49.6,0,60,0,0,0,0,0,0,0,0,66
2025-09-28T07:03:56.923Z,59.8,21.1,1.918,50.4,0,60,0,0,0,0,0,0,0,0,66
2025-09-28T07:03:57.917Z,59.8,21.1,1.918,49.6,0,60,0,0,0,0,0,0,0,0,66
2025-09-28T07:03:58.913Z,59.8,21.1,1.918,50.4,0,60,0,0,0,0,0,0,0,0,66
2025-09-28T07:03:59.915Z,59.8,21.1,1.918,49.6,0,60,0,0,0,0,0,0,0,0,66
2025-09-28T07:04:00.918Z,59.8,21.1,1.918,50.4,0,60,0,0,0,0,0,0,0,0,66
2025-09-28T07:04:01.922Z,59.8,21.1,1.918,49.6,0,60,0,0,0,0,0,0,0,0,66
2025-09-28T07:04:02.920Z,59.8,21.1,1.917,50.4,0,60,0,0,0,0,0,0,0,0,66
2025-09-28T07:04:03.920Z,59.8,21.1,1.918,49.6,0,60,0,0,0,0,0,0,0,0,66
2025-09-28T07:04:04.927Z,59.9,21.1,1.918,49.6,0,60,0,0,0,0,0,0,0,0,66
2025-09-28T07:04:05.924Z,59.9,21.1,1.918,50.4,0,60,0,0,0,0,0,0,0,0,66
2025-09-28T07:04:06.924Z,59.9,21.1,1.918,49.6,0,60,0,0,0,0,0,0,0,0,66
2025-09-28T07:04:07.927Z,59.9,21.1,1.917,50.4,0,60,0,0,0,0,0,0,0,0,66
2025-09-28T07:04:08.928Z,59.9,21.1,1.917,49.6,0,60,0,0,0,0,0,0,0,0,66
2025-09-28T07:04:09.928Z,59.9,21.1,1.918,50.4,0,60,0,0,0,0,0,0,0,0,66
2025-09-28T07:04:10.925Z,59.9,21.1,1.918,49.6,0,60,0,0,0,0,0,0,0,0,66
2025-09-28T07:04:11.927Z,59.9,21.1,1.917,50.4,0,60,0,0,0,0,0,0,0,0,66
2025-09-28T07:04:12.928Z,59.9,21.1,1.917,49.6,0,60,0,0,0,0,0,0,0,0,66
2025-09-28T07:04:13.938Z,59.9,21.1,1.917,50.4,0,60,0,0,0,0,0,0,0,0,66
2025-09-28T07:04:14.935Z,59.9,21.1,1.917,49.6,0,60,0,0,0,0,0,0,0,0,66
2025-09-28T07:04:15.933Z,59.9,21.1,1.917,50.4,0,60,0,0,0,0,0,0,0,0,66
2025-09-28T07:04:16.937Z,59.9,21.1,1.917,49.6,0,60,0,0,0,0,0,0,0,0,66
2025-09-28T07:04:17.937Z,59.9,21.1,1.917,50.4,0,60,0,0,0,0,0,0,0,0,66
2025-09-28T07:04:18.937Z,59.9,21.1,1.917,49.6,0,60,0,0,0,0,0,0,0,0,66
2025-09-28T07:04:19.941Z,60,21.1,1.916,49.6,0,60,0,0,0,0,0,0,0,0,66
2025-09-28T07:04:20.939Z,60,21.1,1.916,50.4,0,60,0,0,0,0,0,0,0,0,66
2025-09-28T07:04:21.939Z,60,21.1,1.916,49.6,0,60,0,0,0,0,0,0,0,0,66
2025-09-28T07:04:22.938Z,60,21.1,1.916,50.4,0,60,0,0,0,0,0,0,0,0,66
2025-09-28T07:04:23.939Z,60,21.1,1.917,49.6,0,60,0,0,0,0,0,0,0,0,66
2025-09-28T07:04:24.939Z,60,21.1,1.917,50.4,0,60,0,0,0,0,0,0,0,0,66
2025-09-28T07:04:25.942Z,60,21.1,1.916,49.6,0,60,0,0,0,0,0,0,0,0,66
2025-09-28T07:04:26.944Z,60,21.1,1.916,50.4,0,60,0,0,0,0,0,0,0,0,66
2025-09-28T07:04:27.941Z,60,21.1,1.916,49.6,0,60,0,0,0,0,0,0,0,0,66
2025-09-28T07:04:28.947Z,60,21.1,1.916,49.6,0,60,0,0,0,0,0,0,0,0,66
2025-09-28T07:04:29.950Z,60,21.1,1.916,49.6,0,60,0,0,0,0,0,0,0,0,66
2025-09-28T07:04:30.954Z,60,21.1,1.916,50.4,0,60,0,0,0,0,0,0,0,0,66
2025-09-28T07:04:31.947Z,60,21.1,1.916,49.6,0,60,0,0,0,0,0,0,0,0,66
2025-09-28T07:04:32.949Z,60,21.1,1.916,50.4,0,60,0,0,0,0,0,0,0,0,66
2025-09-28T07:04:33.956Z,60.1,21.1,1.916,49.6,0,60,0,0,0,0,0,0,0,0,66
2025-09-28T07:04:34.951Z,60.1,21.1,1.916,49.6,0,60,0,0,0,0,0,0,0,0,66
2025-09-28T07:04:35.951Z,60.1,21.1,1.916,49.6,0,60,0,0,0,0,0,0,0,0,66
2025-09-28T07:04:36.952Z,60.1,21.1,1.916,50.4,0,60,0,0,0,0,0,0,0,0,66
2025-09-28T07:04:37.956Z,60.1,21.1,1.916,49.6,0,60,0,0,0,0,0,0,0,0,66
2025-09-28T07:04:38.953Z,60.1,21.1,1.916,50.4,0,60,0,0,0,0,0,0,0,0,66
2025-09-28T07:04:39.955Z,60.1,21.1,1.916,49.6,0,60,0,0,0,0,0,0,0,0,66
2025-09-28T07:04:40.964Z,60.1,21.1,1.916,50.4,0,60,0,0,0,0,0,0,0,0,66
2025-09-28T07:04:41.960Z,60.1,21.1,1.916,49.6,0,60,0,0,0,0,0,0,0,0,66
2025-09-28T07:04:42.959Z,60.1,21.1,1.916,50.4,0,60,0,0,0,0,0,0,0,0,66
2025-09-28T07:04:43.959Z,60.1,21.1,1.916,49.6,0,60,0,0,0,0,0,0,0,0,66
2025-09-28T07:04:44.963Z,60.1,21.1,1.916,50.4,0,60,0,0,0,0,0,0,0,0,66
2025-09-28T07:04:45.965Z,60.1,21.1,1.916,49.6,0,60,0,0,0,0,0,0,0,0,66
2025-09-28T07:04:46.966Z,60.2,21.1,1.916,49.6,0,60,0,0,0,0,0,0,0,0,66
2025-09-28T07:04:47.962Z,60.2,21.1,1.916,49.6,0,60,0,0,0,0,0,0,0,0,66
2025-09-28T07:04:48.965Z,60.2,21.1,1.916,50.4,0,60,0,0,0,0,0,0,0,0,66
2025-09-28T07:04:49.971Z,60.2,21.1,1.916,49.6,0,60,0,0,0,0,0,0,0,0,66
2025-09-28T07:04:50.964Z,60.2,21.1,1.916,50.4,0,60,0,0,0,0,0,0,0,0,66
2025-09-28T07:04:51.970Z,60.2,21.1,1.916,49.6,0,60,0,0,0,0,0,0,0,0,66
2025-09-28T07:04:52.972Z,60.2,21.1,1.915,50.4,0,60,0,0,0,0,0,0,0,0,66
2025-09-28T07:04:53.973Z,60.2,21.1,1.916,49.6,0,60,0,0,0,0,0,0,0,0,66
2025-09-28T07:04:54.963Z,60.2,21.1,1.916,50.4,0,60,0,0,0,0,0,0,0,0,66
2025-09-28T07:04:55.971Z,60.2,21.1,1.915,49.6,0,60,0,0,0,0,0,0,0,0,66
2025-09-28T07:04:56.979Z,60.2,21.1,1.916,50.4,0,60,0,0,0,0,0,0,0,0,66
2025-09-28T07:04:57.976Z,60.2,21.1,1.915,49.6,0,60,0,0,0,0,0,0,0,0,66
2025-09-28T07:04:58.972Z,60.3,21.1,1.915,50.4,0,60,0,0,0,0,0,0,0,0,66
2025-09-28T07:04:59.972Z,60.3,21.1,1.915,49.6,0,60,0,0,0,0,0,0,0,0,66
2025-09-28T07:05:00.980Z,60.3,21.1,1.915,50.4,0,60,0,0,0,0,0,0,0,0,66
2025-09-28T07:05:01.980Z,60.3,21.1,1.915,49.6,0,60,0,0,0,0,0,0,0,0,66
2025-09-28T07:05:02.982Z,60.3,21.1,1.915,50.4,0,60,0,0,0,0,0,0,0,0,66
2025-09-28T07:05:03.983Z,60.3,21.1,1.915,49.6,0,60,0,0,0,0,0,0,0,0,66
2025-09-28T07:05:04.984Z,60.3,21.1,1.915,49.6,0,60,0,0,0,0,0,0,0,0,66
2025-09-28T07:05:05.981Z,60.3,21.1,1.915,50.4,0,60,0,0,0,0,0,0,0,0,66
2025-09-28T07:05:06.980Z,60.3,21.1,1.915,49.6,0,60,0,0,0,0,0,0,0,0,66
2025-09-28T07:05:07.983Z,60.3,21.1,1.915,50.4,0,60,0,0,0,0,0,0,0,0,66
2025-09-28T07:05:08.993Z,60.3,21.1,1.915,49.6,0,59.9,0,0,0,0,0,0,0,0,66
2025-09-28T07:05:09.987Z,60.3,21.1,1.915,49.6,0,60,0,0,0,0,0,0,0,0,66
2025-09-28T07:05:10.991Z,60.3,21.1,1.915,49.6,0,60,0,0,0,0,0,0,0,0,66
2025-09-28T07:05:11.983Z,60.3,21.1,1.915,50.4,0,60,0,0,0,0,0,0,0,0,66
2025-09-28T07:05:12.984Z,60.3,21.1,1.915,49.6,0,60,0,0,0,0,0,0,0,0,66
2025-09-28T07:05:13.990Z,60.4,21.1,1.915,50.4,0,60,0,0,0,0,0,0,0,0,66
2025-09-28T07:05:14.989Z,60.4,21.1,1.915,49.6,0,59.9,0,0,0,0,0,0,0,0,66
2025-09-28T07:05:15.993Z,60.4,21.1,1.915,49.6,0,59.9,0,0,0,0,0,0,0,0,66
2025-09-28T07:05:16.994Z,60.4,21.1,1.915,50.4,0,59.9,0,0,0,0,0,0,0,0,66
2025-09-28T07:05:17.991Z,60.4,21.1,1.915,49.6,0,60,0,0,0,0,0,0,0,0,66
2025-09-28T07:05:18.993Z,60.4,21.1,1.915,50.4,0,59.9,0,0,0,0,0,0,0,0,66
2025-09-28T07:05:19.992Z,60.4,21.1,1.915,49.6,0,59.9,0,0,0,0,0,0,0,0,66
2025-09-28T07:05:20.995Z,60.4,21.1,1.915,49.6,0,59.9,0,0,0,0,0,0,0,0,66
2025-09-28T07:05:21.994Z,60.4,21.1,1.915,50.4,0,59.9,0,0,0,0,0,0,0,0,66
2025-09-28T07:05:22.999Z,60.4,21.1,1.915,49.6,0,59.9,0,0,0,0,0,0,0,0,66
2025-09-28T07:05:23.993Z,60.4,21.1,1.915,50.4,0,59.9,0,0,0,0,0,0,0,0,66
2025-09-28T07:05:24.996Z,60.4,21.1,1.915,49.6,0,59.9,0,0,0,0,0,0,0,0,66
2025-09-28T07:05:25.997Z,60.4,21.1,1.915,49.6,0,59.9,0,0,0,0,0,0,0,0,66
2025-09-28T07:05:26.997Z,60.4,21.1,1.915,50.4,0,59.9,0,0,0,0,0,0,0,0,66
2025-09-28T07:05:27.998Z,60.4,21.1,1.915,49.6,0,59.9,0,0,0,0,0,0,0,0,66
2025-09-28T07:05:29.000Z,60.5,21.1,1.915,49.6,0,59.9,0,0,0,0,0,0,0,0,66
2025-09-28T07:05:30.001Z,60.5,21.1,1.915,50.4,0,59.9,0,0,0,0,0,0,0,0,66
2025-09-28T07:05:31.005Z,60.5,21.1,1.915,50.4,0,59.9,0,0,0,0,0,0,0,0,66
2025-09-28T07:05:32.000Z,60.5,21.1,1.915,49.6,0,59.9,0,0,0,0,0,0,0,0,66
2025-09-28T07:05:33.007Z,60.5,21.1,1.914,50.4,0,59.9,0,0,0,0,0,0,0,0,66
2025-09-28T07:05:34.013Z,60.5,21.1,1.915,49.6,0,59.9,0,0,0,0,0,0,0,0,66
2025-09-28T07:05:35.006Z,60.5,21.1,1.914,50.4,0,59.9,0,0,0,0,0,0,0,0,66
2025-09-28T07:05:36.011Z,60.5,21.1,1.915,49.6,0,59.9,0,0,0,0,0,0,0,0,66
2025-09-28T07:05:37.006Z,60.5,21.1,1.915,50.4,0,59.9,0,0,0,0,0,0,0,0,66
2025-09-28T07:05:38.012Z,60.5,21.1,1.915,49.6,0,59.9,0,0,0,0,0,0,0,0,66
2025-09-28T07:05:39.011Z,60.5,21.1,1.914,49.6,0,59.9,0,0,0,0,0,0,0,0,66
2025-09-28T07:05:40.015Z,60.5,21.1,1.915,50.4,0,59.9,0,0,0,0,0,0,0,0,66
2025-09-28T07:05:41.017Z,60.5,21.1,1.915,49.6,0,59.9,0,0,0,0,0,0,0,0,66
2025-09-28T07:05:42.013Z,60.5,21.1,1.915,50.4,0,59.9,0,0,0,0,0,0,0,0,66
2025-09-28T07:05:43.013Z,60.6,21.1,1.915,50.4,0,59.9,0,0,0,0,0,0,0,0,66
2025-09-28T07:05:44.014Z,60.6,21.1,1.913,49.6,0,59.9,0,0,0,0,0,0,0,0,66
2025-09-28T07:05:45.017Z,60.6,21.1,1.914,50.4,0,59.9,0,0,0,0,0,0,0,0,66
2025-09-28T07:05:46.018Z,60.6,21.1,1.914,49.6,0,59.9,0,0,0,0,0,0,0,0,66
2025-09-28T07:05:47.022Z,60.6,21.1,1.914,50.4,0,59.9,0,0,0,0,0,0,0,0,66
2025-09-28T07:05:48.017Z,60.6,21.1,1.913,49.6,0,59.9,0,0,0,0,0,0,0,0,66
2025-09-28T07:05:49.019Z,60.6,21.1,1.914,50.4,0,59.9,0,0,0,0,0,0,0,0,66
2025-09-28T07:05:50.021Z,60.6,21.1,1.914,49.6,0,59.9,0,0,0,0,0,0,0,0,66
2025-09-28T07:05:51.024Z,60.6,21.1,1.914,49.6,0,59.9,0,0,0,0,0,0,0,0,66
2025-09-28T07:05:52.021Z,60.6,21.1,1.913,50.4,0,59.9,0,0,0,0,0,0,0,0,66
2025-09-28T07:05:53.028Z,60.6,21.1,1.914,49.6,0,59.9,0,0,0,0,0,0,0,0,66
2025-09-28T07:05:54.025Z,60.6,21.1,1.914,49.6,0,59.9,0,0,0,0,0,0,0,0,66
2025-09-28T07:05:55.025Z,60.6,21.1,1.914,50.4,0,59.9,0,0,0,0,0,0,0,0,66
2025-09-28T07:05:56.028Z,60.6,21.1,1.914,49.6,0,59.9,0,0,0,0,0,0,0,0,66
2025-09-28T07:05:57.028Z,60.6,21.1,1.914,49.6,0,59.9,0,0,0,0,0,0,0,0,66
2025-09-28T07:05:58.026Z,60.7,21.1,1.913,50.4,0,59.9,0,0,0,0,0,0,0,0,66
2025-09-28T07:05:59.030Z,60.7,21.1,1.914,49.6,0,59.9,0,0,0,0,0,0,0,0,66
2025-09-28T07:06:00.026Z,60.7,21.1,1.913,50.4,0,59.9,0,0,0,0,0,0,0,0,66
2025-09-28T07:06:01.036Z,60.7,21.1,1.914,50.4,0,59.9,0,0,0,0,0,0,0,0,66
2025-09-28T07:06:02.037Z,60.7,21.1,1.914,49.6,0,59.9,0,0,0,0,0,0,0,0,66
2025-09-28T07:06:03.029Z,60.7,21.1,1.913,50.4,0,59.9,0,0,0,0,0,0,0,0,66
2025-09-28T07:06:04.033Z,60.7,21.1,1.914,49.6,0,59.9,0,0,0,0,0,0,0,0,66
2025-09-28T07:06:05.034Z,60.7,21.1,1.914,50.4,0,59.9,0,0,0,0,0,0,0,0,66
2025-09-28T07:06:06.038Z,60.7,21.1,1.914,49.6,0,59.9,0,0,0,0,0,0,0,0,66
2025-09-28T07:06:07.034Z,60.7,21.1,1.914,50.4,0,59.9,0,0,0,0,0,0,0,0,66
2025-09-28T07:06:08.035Z,60.7,21.1,1.914,49.6,0,59.9,0,0,0,0,0,0,0,0,66
2025-09-28T07:06:09.042Z,60.7,21.1,1.914,49.6,0,59.9,0,0,0,0,0,0,0,0,66
2025-09-28T07:06:10.039Z,60.7,21.1,1.914,50.4,0,59.9,0,0,0,0,0,0,0,0,66
2025-09-28T07:06:11.040Z,60.7,21.1,1.914,49.6,0,59.9,0,0,0,0,0,0,0,0,66
2025-09-28T07:06:12.040Z,60.7,21.1,1.914,49.6,0,59.9,0,0,0,0,0,0,0,0,66
2025-09-28T07:06:13.041Z,60.7,21.1,1.914,50.4,0,59.9,0,0,0,0,0,0,0,0,66
2025-09-28T07:06:14.042Z,60.7,21.1,1.914,49.6,0,59.9,0,0,0,0,0,0,0,0,66
2025-09-28T07:06:15.043Z,60.8,21.1,1.914,49.6,0,59.9,0,0,0,0,0,0,0,0,66
2025-09-28T07:06:16.051Z,60.8,21.1,1.913,50.4,0,59.9,0,0,0,0,0,0,0,0,66
2025-09-28T07:06:17.047Z,60.8,21.1,1.914,49.6,0,59.9,0,0,0,0,0,0,0,0,66
2025-09-28T07:06:18.053Z,60.8,21.1,1.913,49.6,0,59.9,0,0,0,0,0,0,0,0,66
2025-09-28T07:06:19.045Z,60.8,21.1,1.914,50.4,0,59.9,0,0,0,0,0,0,0,0,66
2025-09-28T07:06:20.050Z,60.8,21.1,1.914,50.4,0,59.9,0,0,0,0,0,0,0,0,66
2025-09-28T07:06:21.053Z,60.8,21.1,1.914,49.6,0,59.9,0,0,0,0,0,0,0,0,66
2025-09-28T07:06:22.051Z,60.8,21.1,1.914,50.4,0,59.9,0,0,0,0,0,0,0,0,66
2025-09-28T07:06:23.053Z,60.8,21.1,1.913,50.4,0,59.9,0,0,0,0,0,0,0,0,66
2025-09-28T07:06:24.056Z,60.8,21.1,1.914,49.6,0,59.9,0,0,0,0,0,0,0,0,66
2025-09-28T07:06:25.051Z,60.8,21.1,1.914,50.4,0,59.9,0,0,0,0,0,0,0,0,66
2025-09-28T07:06:26.057Z,60.8,21.1,1.914,49.6,0,59.9,0,0,0,0,0,0,0,0,66
2025-09-28T07:06:27.053Z,60.8,21.1,1.914,50.4,0,59.9,0,0,0,0,0,0,0,0,66
2025-09-28T07:06:28.059Z,60.8,21.1,1.914,49.6,0,59.9,0,0,0,0,0,0,0,0,66
2025-09-28T07:06:29.061Z,60.8,21.1,1.914,50.4,0,59.9,0,0,0,0,0,0,0,0,66
2025-09-28T07:06:30.064Z,60.8,21.1,1.913,49.6,0,59.9,0,0,0,0,0,0,0,0,66
2025-09-28T07:06:31.059Z,60.8,21.1,1.913,49.6,0,59.9,0,0,0,0,0,0,0,0,66
2025-09-28T07:06:32.055Z,60.8,21.1,1.913,50.4,0,59.9,0,0,0,0,0,0,0,0,66
2025-09-28T07:06:33.060Z,60.9,21.1,1.914,49.6,0,59.9,0,0,0,0,0,0,0,0,66
2025-09-28T07:06:34.057Z,60.8,21.1,1.913,49.6,0,59.9,0,0,0,0,0,0,0,0,66
2025-09-28T07:06:35.063Z,60.8,21.1,1.913,50.4,0,59.9,0,0,0,0,0,0,0,0,66
2025-09-28T07:06:36.062Z,60.9,21.1,1.913,49.6,0,59.9,0,0,0,0,0,0,0,0,66
2025-09-28T07:06:37.066Z,60.9,21.1,1.913,49.6,0,59.9,0,0,0,0,0,0,0,0,66
2025-09-28T07:06:38.059Z,60.9,21.1,1.913,50.4,0,59.9,0,0,0,0,0,0,0,0,66
2025-09-28T07:06:39.065Z,60.9,21.1,1.913,49.6,0,59.9,0,0,0,0,0,0,0,0,66
2025-09-28T07:06:40.068Z,60.9,21.1,1.912,49.6,0,59.9,0,0,0,0,0,0,0,0,66
2025-09-28T07:06:41.067Z,60.9,21.1,1.913,50.4,0,59.9,0,0,0,0,0,0,0,0,66
2025-09-28T07:06:42.070Z,60.9,21.1,1.913,50.4,0,59.9,0,0,0,0,0,0,0,0,66
2025-09-28T07:06:43.066Z,60.9,21.1,1.913,49.6,0,59.9,0,0,0,0,0,0,0,0,66
2025-09-28T07:06:44.073Z,60.9,21.1,1.912,50.4,0,59.9,0,0,0,0,0,0,0,0,66
2025-09-28T07:06:45.071Z,60.9,21.1,1.912,49.6,0,59.9,0,0,0,0,0,0,0,0,66
2025-09-28T07:06:46.073Z,60.9,21.1,1.912,49.6,0,59.9,0,0,0,0,0,0,0,0,66
2025-09-28T07:06:47.071Z,60.9,21.1,1.913,50.4,0,59.9,0,0,0,0,0,0,0,0,66
2025-09-28T07:06:48.071Z,60.9,21.1,1.912,50.4,0,59.9,0,0,0,0,0,0,0,0,66
2025-09-28T07:06:49.084Z,60.9,21.1,1.912,49.6,0,59.9,0,0,0,0,0,0,0,0,66
2025-09-28T07:06:50.079Z,60.9,21.1,1.912,50.4,0,59.9,0,0,0,0,0,0,0,0,66
2025-09-28T07:06:51.081Z,60.9,21.1,1.912,49.6,0,59.9,0,0,0,0,0,0,0,0,66
2025-09-28T07:06:52.080Z,60.9,21.1,1.912,50.4,0,59.9,0,0,0,0,0,0,0,0,66
2025-09-28T07:06:53.082Z,60.9,21.1,1.912,50.4,0,59.9,0,0,0,0,0,0,0,0,66
2025-09-28T07:06:54.079Z,60.9,21.1,1.913,49.6,0,59.9,0,0,0,0,0,0,0,0,66
2025-09-28T07:06:55.082Z,60.9,21.1,1.912,50.4,0,59.9,0,0,0,0,0,0,0,0,66
2025-09-28T07:06:56.082Z,60.9,21.1,1.912,49.6,0,59.9,0,0,0,0,0,0,0,0,66
2025-09-28T07:06:57.081Z,60.9,21.1,1.912,50.4,0,59.9,0,0,0,0,0,0,0,0,66
2025-09-28T07:06:58.087Z,60.9,21.1,1.912,50.4,0,59.9,0,0,0,0,0,0,0,0,66
2025-09-28T07:06:59.084Z,61,21.1,1.912,49.6,0,59.9,0,0,0,0,0,0,0,0,66
2025-09-28T07:07:00.085Z,61,21.1,1.912,50.4,0,59.9,0,0,0,0,0,0,0,0,66
2025-09-28T07:07:01.088Z,60.9,21.1,1.912,49.6,0,59.9,0,0,0,0,0,0,0,0,66
2025-09-28T07:07:02.086Z,61,21.1,1.912,50.4,0,59.9,0,0,0,0,0,0,0,0,66
2025-09-28T07:07:03.083Z,61,21.1,1.912,49.6,0,59.9,0,0,0,0,0,0,0,0,66
2025-09-28T07:07:04.088Z,61,21.1,1.912,50.4,0,59.9,0,0,0,0,0,0,0,0,66
2025-09-28T07:07:05.092Z,61,21.1,1.912,49.6,0,59.9,0,0,0,0,0,0,0,0,66
2025-09-28T07:07:06.091Z,61,21.1,1.912,50.4,0,59.9,0,0,0,0,0,0,0,0,66
2025-09-28T07:07:07.094Z,61,21.1,1.912,49.6,0,59.9,0,0,0,0,0,0,0,0,66
2025-09-28T07:07:08.093Z,61,21.1,1.912,49.6,0,59.9,0,0,0,0,0,0,0,0,66
2025-09-28T07:07:09.092Z,61,21.1,1.912,50.4,0,59.9,0,0,0,0,0,0,0,0,66
2025-09-28T07:07:10.092Z,61,21.1,1.912,49.6,0,59.9,0,0,0,0,0,0,0,0,66
2025-09-28T07:07:11.090Z,61,21.1,1.912,50.4,0,59.9,0,0,0,0,0,0,0,0,66
2025-09-28T07:07:12.095Z,61,21.1,1.912,49.6,0,59.9,0,0,0,0,0,0,0,0,66
2025-09-28T07:07:13.098Z,61,21.1,1.912,49.6,0,59.9,0,0,0,0,0,0,0,0,66
2025-09-28T07:07:14.099Z,61,21.1,1.912,50.4,0,59.9,0,0,0,0,0,0,0,0,66
2025-09-28T07:07:15.096Z,61,21.1,1.912,49.6,0,59.9,0,0,0,0,0,0,0,0,66
2025-09-28T07:07:16.097Z,61,21.1,1.912,50.4,0,59.9,0,0,0,0,0,0,0,0,66
2025-09-28T07:07:17.105Z,61,21.1,1.912,49.6,0,59.9,0,0,0,0,0,0,0,0,66
2025-09-28T07:07:18.105Z,61,21.1,1.912,50.4,0,59.9,0,0,0,0,0,0,0,0,66
2025-09-28T07:07:19.100Z,61,21.1,1.912,49.6,0,59.9,0,0,0,0,0,0,0,0,66
2025-09-28T07:07:20.109Z,61,21.1,1.912,49.6,0,59.9,0,0,0,0,0,0,0,0,66
2025-09-28T07:07:21.105Z,61,21.1,1.912,50.4,0,59.9,0,0,0,0,0,0,0,0,66
2025-09-28T07:07:22.109Z,61,21.1,1.912,49.6,0,59.9,0,0,0,0,0,0,0,0,66
2025-09-28T07:07:23.106Z,61,21.1,1.912,50.4,0,59.9,0,0,0,0,0,0,0,0,66
2025-09-28T07:07:24.104Z,61,21.1,1.912,49.6,0,59.9,0,0,0,0,0,0,0,0,66
2025-09-28T07:07:25.111Z,61,21.1,1.912,49.6,0,59.9,0,0,0,0,0,0,0,0,66
2025-09-28T07:07:26.113Z,61,21.1,1.912,50.4,0,59.9,0,0,0,0,0,0,0,0,66
2025-09-28T07:07:27.111Z,61,21.1,1.912,49.6,0,59.9,0,0,0,0,0,0,0,0,66
2025-09-28T07:07:28.114Z,61,21.1,1.912,50.4,0,59.9,0,0,0,0,0,0,0,0,66
2025-09-28T07:07:29.115Z,61,21.1,1.912,50.4,0,59.9,0,0,0,0,0,0,0,0,66
2025-09-28T07:07:30.120Z,61,21.1,1.912,49.6,0,59.9,0,0,0,0,0,0,0,0,66
2025-09-28T07:07:31.114Z,61,21.1,1.912,50.4,0,59.9,0,0,0,0,0,0,0,0,66
2025-09-28T07:07:32.118Z,61,21.1,1.912,49.6,0,59.9,0,0,0,0,0,0,0,0,66
2025-09-28T07:07:33.116Z,61,21.1,1.912,50.4,0,59.9,0,0,0,0,0,0,0,0,66
2025-09-28T07:07:34.122Z,61,21.1,1.912,49.6,0,59.9,0,0,0,0,0,0,0,0,66
2025-09-28T07:07:35.116Z,61,21.1,1.912,50.4,0,59.9,0,0,0,0,0,0,0,0,66
2025-09-28T07:07:36.124Z,61.1,21.1,1.912,49.6,0,59.9,0,0,0,0,0,0,0,0,66
2025-09-28T07:07:37.122Z,61.1,21.1,1.912,49.6,0,59.9,0,0,0,0,0,0,0,0,66
2025-09-28T07:07:38.122Z,61,21.1,1.912,50.4,0,59.9,0,0,0,0,0,0,0,0,66
2025-09-28T07:07:39.122Z,61,21.1,1.912,50.4,0,59.9,0,0,0,0,0,0,0,0,66
2025-09-28T07:07:40.125Z,61,21.1,1.912,49.6,0,59.9,0,0,0,0,0,0,0,0,66
2025-09-28T07:07:41.128Z,61,21.1,1.912,50.4,0,59.9,0,0,0,0,0,0,0,0,66
2025-09-28T07:07:42.129Z,61,21.1,1.912,49.6,0,59.9,0,0,0,0,0,0,0,0,66
2025-09-28T07:07:43.125Z,61,21.1,1.912,50.4,0,59.9,0,0,0,0,0,0,0,0,66
2025-09-28T07:07:44.131Z,61,21.1,1.912,49.6,0,59.9,0,0,0,0,0,0,0,0,66
2025-09-28T07:07:45.128Z,61,21.1,1.912,50.4,0,59.9,0,0,0,0,0,0,0,0,66
2025-09-28T07:07:46.138Z,61,21.1,1.912,49.6,0,59.9,0,0,0,0,0,0,0,0,66
2025-09-28T07:07:47.129Z,61,21.1,1.912,50.4,0,59.9,0,0,0,0,0,0,0,0,66
2025-09-28T07:07:48.143Z,61,21.1,1.912,49.6,0,59.9,0,0,0,0,0,0,0,0,66
2025-09-28T07:07:49.133Z,61,21.1,1.912,50.4,0,59.9,0,0,0,0,0,0,0,0,66
2025-09-28T07:07:50.140Z,61,21.1,1.912,49.6,0,59.9,0,0,0,0,0,0,0,0,66
2025-09-28T07:07:51.138Z,61,21.1,1.912,50.4,0,59.9,0,0,0,0,0,0,0,0,66
2025-09-28T07:07:52.141Z,61,21.1,1.912,49.6,0,59.9,0,0,0,0,0,0,0,0,66
2025-09-28T07:07:53.139Z,61,21.1,1.912,50.4,0,59.9,0,0,0,0,0,0,0,0,66
2025-09-28T07:07:54.138Z,61,21.1,1.912,49.6,0,59.9,0,0,0,0,0,0,0,0,66
2025-09-28T07:07:55.136Z,61,21.1,1.912,50.4,0,59.9,0,0,0,0,0,0,0,0,66
2025-09-28T07:07:56.134Z,61,21.1,1.912,49.6,0,59.9,0,0,0,0,0,0,0,0,66
2025-09-28T07:07:57.141Z,61,21.1,1.912,50.4,0,59.9,0,0,0,0,0,0,0,0,66
2025-09-28T07:07:58.141Z,61,21.1,1.912,49.6,0,59.9,0,0,0,0,0,0,0,0,66
2025-09-28T07:07:59.143Z,61,21.1,1.912,50.4,0,59.9,0,0,0,0,0,0,0,0,66
2025-09-28T07:08:00.139Z,61,21.1,1.912,49.6,0,59.9,0,0,0,0,0,0,0,0,66
2025-09-28T07:08:01.144Z,61,21.1,1.912,50.4,0,59.9,0,0,0,0,0,0,0,0,66
2025-09-28T07:08:02.139Z,61,21.1,1.912,49.6,0,59.9,0,0,0,0,0,0,0,0,66
2025-09-28T07:08:03.142Z,61,21.1,1.912,50.4,0,59.9,0,0,0,0,0,0,0,0,66
2025-09-28T07:08:04.146Z,61,21.1,1.912,49.6,0,59.9,0,0,0,0,0,0,0,0,66
2025-09-28T07:08:05.146Z,61,21.1,1.912,50.4,0,59.9,0,0,0,0,0,0,0,0,66
2025-09-28T07:08:06.149Z,61,21.1,1.912,49.6,0,59.9,0,0,0,0,0,0,0,0,66
2025-09-28T07:08:07.147Z,61,21.1,1.912,50.4,0,59.9,0,0,0,0,0,0,0,0,66
2025-09-28T07:08:08.152Z,61,21.1,1.912,49.6,0,59.9,0,0,0,0,0,0,0,0,66
2025-09-28T07:08:09.154Z,61,21.1,1.912,50.4,0,59.9,0,0,0,0,0,0,0,0,66
2025-09-28T07:08:10.156Z,61,21.1,1.912,49.6,0,59.9,0,0,0,0,0,0,0,0,66
2025-09-28T07:08:11.155Z,61,21.1,1.912,50.4,0,59.9,0,0,0,0,0,0,0,0,66
2025-09-28T07:08:12.149Z,61,21.1,1.912,49.6,0,59.9,0,0,0,0,0,0,0,0,66
2025-09-28T07:08:13.155Z,61,21.1,1.912,50.4,0,59.9,0,0,0,0,0,0,0,0,66
2025-09-28T07:08:14.154Z,61,21.1,1.912,49.6,0,59.9,0,0,0,0,0,0,0,0,66
2025-09-28T07:08:15.156Z,61,21.1,1.912,50.4,0,59.9,0,0,0,0,0,0,0,0,66
2025-09-28T07:08:16.158Z,61,21.1,1.912,49.6,0,59.9,0,0,0,0,0,0,0,0,66
2025-09-28T07:08:17.161Z,61,21.1,1.912,50.4,0,59.9,0,0,0,0,0,0,0,0,66
2025-09-28T07:08:18.164Z,61,21.1,1.912,49.6,0,59.9,0,0,0,0,0,0,0,0,66
2025-09-28T07:08:19.159Z,61,21.1,1.912,50.4,0,59.9,0,0,0,0,0,0,0,0,66
2025-09-28T07:08:20.160Z,61,21.1,1.912,49.6,0,59.9,0,0,0,0,0,0,0,0,66
2025-09-28T07:08:21.166Z,61,21.1,1.912,49.6,0,59.9,0,0,0,0,0,0,0,0,66
2025-09-28T07:08:22.168Z,61,21.1,1.912,50.4,0,59.9,0,0,0,0,0,0,0,0,66
2025-09-28T07:08:23.163Z,61,21.1,1.912,49.6,0,59.9,0,0,0,0,0,0,0,0,66
2025-09-28T07:08:24.162Z,61,21.1,1.912,50.4,0,59.9,0,0,0,0,0,0,0,0,66
2025-09-28T07:08:25.166Z,61,21.1,1.912,49.6,0,59.9,0,0,0,0,0,0,0,0,66
2025-09-28T07:08:26.164Z,61,21.1,1.912,50.4,0,59.9,0,0,0,0,0,0,0,0,66
2025-09-28T07:08:27.165Z,61,21.1,1.912,49.6,0,59.9,0,0,0,0,0,0,0,0,66
2025-09-28T07:08:28.165Z,61,21.1,1.912,50.4,0,59.9,0,0,0,0,0,0,0,0,66
2025-09-28T07:08:29.173Z,61,21.1,1.912,49.6,0,59.9,0,0,0,0,0,0,0,0,66
2025-09-28T07:08:30.167Z,61,21.1,1.912,50.4,0,59.9,0,0,0,0,0,0,0,0,66
2025-09-28T07:08:31.168Z,61,21.1,1.912,49.6,0,60,0,0,0,0,0,0,0,0,66
2025-09-28T07:08:32.168Z,61,21.1,1.912,50.4,0,60,0,0,0,0,0,0,0,0,66
2025-09-28T07:08:33.174Z,60.9,21.1,1.912,49.6,0,60,0,0,0,0,0,0,0,0,66
2025-09-28T07:08:34.176Z,60.9,21.1,1.912,50.4,0,59.9,0,0,0,0,0,0,0,0,66
2025-09-28T07:08:35.178Z,60.9,21.1,1.912,49.6,0,60,0,0,0,0,0,0,0,0,66
2025-09-28T07:08:36.176Z,60.9,21.1,1.912,50.4,0,60,0,0,0,0,0,0,0,0,66
2025-09-28T07:08:37.176Z,60.9,21.1,1.912,49.6,0,60,0,0,0,0,0,0,0,0,66
2025-09-28T07:08:38.176Z,60.9,21.1,1.913,49.6,0,60,0,0,0,0,0,0,0,0,66
2025-09-28T07:08:39.175Z,60.9,21.1,1.912,50.4,0,60,0,0,0,0,0,0,0,0,66
2025-09-28T07:08:40.179Z,60.9,21.1,1.913,49.6,0,60,0,0,0,0,0,0,0,0,66
2025-09-28T07:08:41.176Z,60.9,21.1,1.912,50.4,0,60,0,0,0,0,0,0,0,0,66
2025-09-28T07:08:42.182Z,60.9,21.1,1.912,49.6,0,60,0,0,0,0,0,0,0,0,66
2025-09-28T07:08:43.180Z,60.9,21.1,1.912,49.6,0,60,0,0,0,0,0,0,0,0,66
2025-09-28T07:08:44.179Z,60.9,21.1,1.912,50.4,0,60,0,0,0,0,0,0,0,0,66
2025-09-28T07:08:45.181Z,60.9,21.1,1.913,49.6,0,60,0,0,0,0,0,0,0,0,66
2025-09-28T07:08:46.190Z,60.9,21.1,1.913,49.6,0,60,0,0,0,0,0,0,0,0,66
2025-09-28T07:08:47.184Z,60.9,21.1,1.913,50.4,0,60,0,0,0,0,0,0,0,0,66
2025-09-28T07:08:48.184Z,60.9,21.1,1.913,49.6,0,60,0,0,0,0,0,0,0,0,66
2025-09-28T07:08:49.183Z,60.9,21.1,1.913,50.4,0,59.9,0,0,0,0,0,0,0,0,66
2025-09-28T07:08:50.188Z,60.9,21.1,1.913,49.6,0,60,0,0,0,0,0,0,0,0,66
2025-09-28T07:08:51.187Z,60.9,21.1,1.913,50.4,0,59.9,0,0,0,0,0,0,0,0,66
2025-09-28T07:08:52.191Z,60.9,21.1,1.913,49.6,0,59.9,0,0,0,0,0,0,0,0,66
2025-09-28T07:08:53.197Z,60.9,21.1,1.912,50.4,0,60,0,0,0,0,0,0,0,0,66
2025-09-28T07:08:54.191Z,60.9,21.1,1.913,49.6,0,60,0,0,0,0,0,0,0,0,66
2025-09-28T07:08:55.191Z,60.9,21.1,1.913,50.4,0,59.9,0,0,0,0,0,0,0,0,66
2025-09-28T07:08:56.193Z,60.9,21.1,1.913,49.6,0,59.9,0,0,0,0,0,0,0,0,66
2025-09-28T07:08:57.198Z,60.9,21.1,1.912,50.4,0,59.9,0,0,0,0,0,0,0,0,66
2025-09-28T07:08:58.194Z,60.9,21.1,1.913,49.6,0,59.9,0,0,0,0,0,0,0,0,66
2025-09-28T07:08:59.199Z,60.9,21.1,1.913,50.4,0,59.9,0,0,0,0,0,0,0,0,66
2025-09-28T07:09:00.195Z,60.9,21.1,1.913,49.6,0,59.9,0,0,0,0,0,0,0,0,66
2025-09-28T07:09:01.197Z,60.8,21.1,1.914,50.4,0,59.9,0,0,0,0,0,0,0,0,66
2025-09-28T07:09:02.198Z,60.8,21.1,1.914,49.6,0,59.9,0,0,0,0,0,0,0,0,66
2025-09-28T07:09:03.198Z,60.8,21.1,1.914,50.4,0,59.9,0,0,0,0,0,0,0,0,66
2025-09-28T07:09:04.198Z,60.8,21.1,1.914,49.6,0,59.9,0,0,0,0,0,0,0,0,66
2025-09-28T07:09:05.200Z,60.8,21.1,1.914,50.4,0,60,0,0,0,0,0,0,0,0,66
2025-09-28T07:09:06.200Z,60.8,21.1,1.914,49.6,0,60,0,0,0,0,0,0,0,0,66
2025-09-28T07:09:07.202Z,60.8,21.1,1.914,50.4,0,60,0,0,0,0,0,0,0,0,66
2025-09-28T07:09:08.204Z,60.8,21.1,1.914,49.6,0,60,0,0,0,0,0,0,0,0,66
2025-09-28T07:09:09.205Z,60.8,21.1,1.914,50.4,0,59.9,0,0,0,0,0,0,0,0,66
2025-09-28T07:09:10.204Z,60.8,21.1,1.914,49.6,0,59.9,0,0,0,0,0,0,0,0,66
2025-09-28T07:09:11.209Z,60.8,21.1,1.913,50.4,0,59.9,0,0,0,0,0,0,0,0,66
2025-09-28T07:09:12.207Z,60.8,21.1,1.914,49.6,0,60,0,0,0,0,0,0,0,0,66
2025-09-28T07:09:13.208Z,60.8,21.1,1.914,50.4,0,60,0,0,0,0,0,0,0,0,66
2025-09-28T07:09:14.209Z,60.8,21.1,1.914,49.6,0,60,0,0,0,0,0,0,0,0,66
2025-09-28T07:09:15.209Z,60.8,21.1,1.914,50.4,0,59.9,0,0,0,0,0,0,0,0,66
2025-09-28T07:09:16.213Z,60.8,21.1,1.914,49.6,0,60,0,0,0,0,0,0,0,0,66
2025-09-28T07:09:17.216Z,60.8,21.1,1.913,50.4,0,60,0,0,0,0,0,0,0,0,66
2025-09-28T07:09:18.217Z,60.8,21.1,1.913,49.6,0,59.9,0,0,0,0,0,0,0,0,66
2025-09-28T07:09:19.212Z,60.8,21.1,1.914,50.4,0,60,0,0,0,0,0,0,0,0,66
2025-09-28T07:09:20.213Z,60.8,21.1,1.914,49.6,0,60,0,0,0,0,0,0,0,0,66
2025-09-28T07:09:21.216Z,60.7,21.1,1.914,49.6,0,60,0,0,0,0,0,0,0,0,66
2025-09-28T07:09:22.217Z,60.8,21.1,1.914,49.6,0,60,0,0,0,0,0,0,0,0,66
2025-09-28T07:09:23.217Z,60.7,21.1,1.914,50.4,0,60,0,0,0,0,0,0,0,0,66
2025-09-28T07:09:24.219Z,60.7,21.1,1.913,49.6,0,60,0,0,0,0,0,0,0,0,66
2025-09-28T07:09:25.220Z,60.7,21.1,1.914,50.4,0,60,0,0,0,0,0,0,0,0,66
2025-09-28T07:09:26.221Z,60.7,21.1,1.914,49.6,0,60,0,0,0,0,0,0,0,0,66
2025-09-28T07:09:27.223Z,60.7,21.1,1.913,50.4,0,60,0,0,0,0,0,0,0,0,66
2025-09-28T07:09:28.219Z,60.7,21.1,1.914,49.6,0,60,0,0,0,0,0,0,0,0,66
2025-09-28T07:09:29.222Z,60.7,21.1,1.914,50.4,0,60,0,0,0,0,0,0,0,0,66
2025-09-28T07:09:30.228Z,60.7,21.1,1.913,49.6,0,60,0,0,0,0,0,0,0,0,66
2025-09-28T07:09:31.223Z,60.7,21.1,1.914,50.4,0,60,0,0,0,0,0,0,0,0,66
2025-09-28T07:09:32.231Z,60.7,21.1,1.913,49.6,0,60,0,0,0,0,0,0,0,0,66
2025-09-28T07:09:33.225Z,60.7,21.1,1.914,49.6,0,60,0,0,0,0,0,0,0,0,66
2025-09-28T07:09:34.232Z,60.7,21.1,1.913,50.4,0,60,0,0,0,0,0,0,0,0,66
2025-09-28T07:09:35.225Z,60.7,21.1,1.914,49.6,0,60,0,0,0,0,0,0,0,0,66
2025-09-28T07:09:36.230Z,60.7,21.1,1.914,49.6,0,60,0,0,0,0,0,0,0,0,66
2025-09-28T07:09:37.233Z,60.7,21.1,1.913,49.6,0,60,0,0,0,0,0,0,0,0,66
2025-09-28T07:09:38.232Z,60.7,21.1,1.913,50.4,0,60,0,0,0,0,0,0,0,0,66
2025-09-28T07:09:39.229Z,60.7,21.1,1.914,49.6,0,60,0,0,0,0,0,0,0,0,66
2025-09-28T07:09:40.231Z,60.7,21.1,1.914,49.6,0,60,0,0,0,0,0,0,0,0,66
2025-09-28T07:09:41.237Z,60.7,21.1,1.913,50.4,0,60,0,0,0,0,0,0,0,0,66
2025-09-28T07:09:42.236Z,60.7,21.1,1.913,49.6,0,60,0,0,0,0,0,0,0,0,66
2025-09-28T07:09:43.237Z,60.6,21.1,1.913,49.6,0,60,0,0,0,0,0,0,0,0,66
2025-09-28T07:09:44.234Z,60.6,21.1,1.914,50.4,0,60,0,0,0,0,0,0,0,0,66
2025-09-28T07:09:45.235Z,60.6,21.1,1.914,50.4,0,60,0,0,0,0,0,0,0,0,66
2025-09-28T07:09:46.236Z,60.6,21.1,1.914,49.6,0,60,0,0,0,0,0,0,0,0,66
2025-09-28T07:09:47.239Z,60.6,21.1,1.914,50.4,0,60,0,0,0,0,0,0,0,0,66
2025-09-28T07:09:48.243Z,60.6,21.1,1.913,49.6,0,60,0,0,0,0,0,0,0,0,66
2025-09-28T07:09:49.249Z,60.6,21.1,1.914,50.4,0,60,0,0,0,0,0,0,0,0,66
2025-09-28T07:09:50.246Z,60.6,21.1,1.914,49.6,0,60,0,0,0,0,0,0,0,0,66
2025-09-28T07:09:51.252Z,60.6,21.1,1.914,50.4,0,60,0,0,0,0,0,0,0,0,66
2025-09-28T07:09:52.245Z,60.6,21.1,1.913,49.6,0,60,0,0,0,0,0,0,0,0,66
2025-09-28T07:09:53.245Z,60.6,21.1,1.914,50.4,0,60,0,0,0,0,0,0,0,0,66
2025-09-28T07:09:54.248Z,60.6,21.1,1.914,49.6,0,60,0,0,0,0,0,0,0,0,66
2025-09-28T07:09:55.250Z,60.6,21.1,1.914,50.4,0,60,0,0,0,0,0,0,0,0,66
2025-09-28T07:09:56.247Z,60.6,21.1,1.914,49.6,0,60,0,0,0,0,0,0,0,0,66
2025-09-28T07:09:57.249Z,60.6,21.1,1.914,50.4,0,60,0,0,0,0,0,0,0,0,66
2025-09-28T07:09:58.256Z,60.6,21.1,1.914,49.6,0,60,0,0,0,0,0,0,0,0,66
2025-09-28T07:09:59.248Z,60.6,21.1,1.914,50.4,0,60,0,0,0,0,0,0,0,0,66
2025-09-28T07:10:00.249Z,60.6,21.1,1.914,49.6,0,60,0,0,0,0,0,0,0,0,66
2025-09-28T07:10:01.253Z,60.5,21.1,1.914,50.4,0,60,0,0,0,0,0,0,0,0,66
2025-09-28T07:10:02.260Z,60.6,21.1,1.914,49.6,0,60,0,0,0,0,0,0,0,0,66
2025-09-28T07:10:03.249Z,60.5,21.1,1.915,50.4,0,60,0,0,0,0,0,0,0,0,66
2025-09-28T07:10:04.255Z,60.5,21.1,1.914,49.6,0,60,0,0,0,0,0,0,0,0,66
2025-09-28T07:10:05.257Z,60.5,21.1,1.915,50.4,0,60,0,0,0,0,0,0,0,0,66
2025-09-28T07:10:06.260Z,60.5,21.1,1.914,49.6,0,60,0,0,0,0,0,0,0,0,66
2025-09-28T07:10:07.258Z,60.5,21.1,1.915,49.6,0,60,0,0,0,0,0,0,0,0,66
2025-09-28T07:10:08.260Z,60.5,21.1,1.915,50.4,0,60,0,0,0,0,0,0,0,0,66
2025-09-28T07:10:09.266Z,60.5,21.1,1.915,49.6,0,60,0,0,0,0,0,0,0,0,66
2025-09-28T07:10:10.264Z,60.5,21.1,1.915,50.4,0,60,0,0,0,0,0,0,0,0,66
2025-09-28T07:10:11.262Z,60.5,21.1,1.915,49.6,0,60,0,0,0,0,0,0,0,0,66
2025-09-28T07:10:12.259Z,60.5,21.1,1.915,50.4,0,60,0,0,0,0,0,0,0,0,66
2025-09-28T07:10:13.260Z,60.5,21.1,1.915,49.6,0,60,0,0,0,0,0,0,0,0,66
2025-09-28T07:10:14.265Z,60.5,21.1,1.915,50.4,0,60,0,0,0,0,0,0,0,0,66
2025-09-28T07:10:15.268Z,60.5,21.1,1.915,49.6,0,60,0,0,0,0,0,0,0,0,66
2025-09-28T07:10:16.267Z,60.5,21.1,1.915,50.4,0,60,0,0,0,0,0,0,0,0,66
2025-09-28T07:10:17.267Z,60.5,21.1,1.915,49.6,0,60,0,0,0,0,0,0,0,0,66
2025-09-28T07:10:18.268Z,60.5,21.1,1.915,50.4,0,60,0,0,0,0,0,0,0,0,66
2025-09-28T07:10:19.271Z,60.5,21.1,1.915,49.6,0,60,0,0,0,0,0,0,0,0,66
2025-09-28T07:10:20.270Z,60.5,21.1,1.915,50.4,0,60,0,0,0,0,0,0,0,0,66
2025-09-28T07:10:21.270Z,60.5,21.1,1.915,49.6,0,60,0,0,0,0,0,0,0,0,66
2025-09-28T07:10:22.273Z,60.4,21.1,1.915,50.4,0,60,0,0,0,0,0,0,0,0,66
2025-09-28T07:10:23.273Z,60.4,21.1,1.915,49.6,0,60,0,0,0,0,0,0,0,0,66
2025-09-28T07:10:24.272Z,60.4,21.1,1.915,50.4,0,60,0,0,0,0,0,0,0,0,66
2025-09-28T07:10:25.271Z,60.4,21.1,1.915,49.6,0,60,0,0,0,0,0,0,0,0,66
2025-09-28T07:10:26.274Z,60.4,21.1,1.915,50.4,0,60,0,0,0,0,0,0,0,0,66
2025-09-28T07:10:27.276Z,60.4,21.1,1.915,49.6,0,60,0,0,0,0,0,0,0,0,66
2025-09-28T07:10:28.275Z,60.4,21.1,1.915,50.4,0,60,0,0,0,0,0,0,0,0,66
2025-09-28T07:10:29.279Z,60.4,21.1,1.915,49.6,0,60,0,0,0,0,0,0,0,0,66
2025-09-28T07:10:30.277Z,60.4,21.1,1.915,50.4,0,60,0,0,0,0,0,0,0,0,66
2025-09-28T07:10:31.278Z,60.4,21.1,1.915,49.6,0,60,0,0,0,0,0,0,0,0,66
2025-09-28T07:10:32.278Z,60.4,21.1,1.915,50.4,0,60,0,0,0,0,0,0,0,0,66
2025-09-28T07:10:33.288Z,60.4,21.1,1.915,49.6,0,60,0,0,0,0,0,0,0,0,66
2025-09-28T07:10:34.278Z,60.4,21.1,1.915,50.4,0,60,0,0,0,0,0,0,0,0,66
2025-09-28T07:10:35.282Z,60.4,21.1,1.915,49.6,0,60,0,0,0,0,0,0,0,0,66
2025-09-28T07:10:36.279Z,60.4,21.1,1.915,50.4,0,60,0,0,0,0,0,0,0,0,66
2025-09-28T07:10:37.283Z,60.4,21.1,1.915,49.6,0,60,0,0,0,0,0,0,0,0,66
2025-09-28T07:10:38.284Z,60.4,21.1,1.915,50.4,0,60,0,0,0,0,0,0,0,0,66
2025-09-28T07:10:39.287Z,60.4,21.1,1.915,49.6,0,60,0,0,0,0,0,0,0,0,66
2025-09-28T07:10:40.285Z,60.4,21.1,1.915,50.4,0,60,0,0,0,0,0,0,0,0,66
2025-09-28T07:10:41.287Z,60.4,21.1,1.915,49.6,0,60,0,0,0,0,0,0,0,0,66
2025-09-28T07:10:42.288Z,60.4,21.1,1.915,50.4,0,60,0,0,0,0,0,0,0,0,66
2025-09-28T07:10:43.291Z,60.3,21.1,1.915,49.6,0,60,0,0,0,0,0,0,0,0,66
2025-09-28T07:10:44.291Z,60.3,21.1,1.915,50.4,0,60,0,0,0,0,0,0,0,0,66
2025-09-28T07:10:45.298Z,60.3,21.1,1.915,49.6,0,60,0,0,0,0,0,0,0,0,66
2025-09-28T07:10:46.291Z,60.3,21.1,1.915,50.4,0,60,0,0,0,0,0,0,0,0,66
2025-09-28T07:10:47.293Z,60.3,21.1,1.915,49.6,0,60,0,0,0,0,0,0,0,0,66
2025-09-28T07:10:48.300Z,60.3,21.1,1.916,50.4,0,60,0,0,0,0,0,0,0,0,66
2025-09-28T07:10:49.297Z,60.3,21.1,1.915,49.6,0,60,0,0,0,0,0,0,0,0,66
2025-09-28T07:10:50.297Z,60.3,21.1,1.915,50.4,0,60,0,0,0,0,0,0,0,0,66
2025-09-28T07:10:51.298Z,60.3,21.1,1.915,49.6,0,60,0,0,0,0,0,0,0,0,66
2025-09-28T07:10:52.297Z,60.3,21.1,1.915,50.4,0,60,0,0,0,0,0,0,0,0,66
2025-09-28T07:10:53.295Z,60.3,21.1,1.915,49.6,0,60,0,0,0,0,0,0,0,0,66
2025-09-28T07:10:54.294Z,60.3,21.1,1.915,50.4,0,60,0,0,0,0,0,0,0,0,66
2025-09-28T07:10:55.298Z,60.3,21.1,1.915,49.6,0,60,0,0,0,0,0,0,0,0,66
2025-09-28T07:10:56.302Z,60.3,21.1,1.915,50.4,0,60,0,0,0,0,0,0,0,0,66
2025-09-28T07:10:57.308Z,60.3,21.1,1.916,49.6,0,60,0,0,0,0,0,0,0,0,66
2025-09-28T07:10:58.299Z,60.3,21.1,1.915,50.4,0,60,0,0,0,0,0,0,0,0,66
2025-09-28T07:10:59.301Z,60.3,21.1,1.915,49.6,0,60,0,0,0,0,0,0,0,0,66
2025-09-28T07:11:00.300Z,60.3,21.1,1.915,50.4,0,60,0,0,0,0,0,0,0,0,66
2025-09-28T07:11:01.302Z,60.2,21.1,1.915,49.6,0,60,0,0,0,0,0,0,0,0,66
2025-09-28T07:11:02.301Z,60.2,21.1,1.915,50.4,0,60,0,0,0,0,0,0,0,0,66
2025-09-28T07:11:03.298Z,60.2,21.1,1.916,49.6,0,60,0,0,0,0,0,0,0,0,66
2025-09-28T07:11:04.306Z,60.2,21.1,1.916,50.4,0,60,0,0,0,0,0,0,0,0,66
2025-09-28T07:11:05.302Z,60.2,21.1,1.915,49.6,0,60,0,0,0,0,0,0,0,0,66
2025-09-28T07:11:06.304Z,60.2,21.1,1.916,50.4,0,60,0,0,0,0,0,0,0,0,66
2025-09-28T07:11:07.309Z,60.2,21.1,1.916,49.6,0,60,0,0,0,0,0,0,0,0,66
2025-09-28T07:11:08.307Z,60.2,21.1,1.916,49.6,0,60,0,0,0,0,0,0,0,0,66
2025-09-28T07:11:09.310Z,60.2,21.1,1.915,49.6,0,60,0,0,0,0,0,0,0,0,66
2025-09-28T07:11:10.309Z,60.2,21.1,1.916,49.6,0,60,0,0,0,0,0,0,0,0,66
2025-09-28T07:11:11.306Z,60.2,21.1,1.916,50.4,0,60,0,0,0,0,0,0,0,0,66
2025-09-28T07:11:12.312Z,60.2,21.1,1.916,49.6,0,60,0,0,0,0,0,0,0,0,66
2025-09-28T07:11:13.316Z,60.2,21.1,1.916,50.4,0,60,0,0,0,0,0,0,0,0,66
2025-09-28T07:11:14.314Z,60.2,21.1,1.915,49.6,0,60,0,0,0,0,0,0,0,0,66
2025-09-28T07:11:15.314Z,60.2,21.1,1.916,50.4,0,60,0,0,0,0,0,0,0,0,66
2025-09-28T07:11:16.316Z,60.2,21.1,1.916,49.6,0,60,0,0,0,0,0,0,0,0,66
2025-09-28T07:11:17.314Z,60.2,21.1,1.916,50.4,0,60,0,0,0,0,0,0,0,0,66
2025-09-28T07:11:18.316Z,60.2,21.1,1.916,49.6,0,60,0,0,0,0,0,0,0,0,66
2025-09-28T07:11:19.318Z,60.2,21.1,1.916,50.4,0,60,0,0,0,0,0,0,0,0,66
2025-09-28T07:11:20.316Z,60.1,21.1,1.916,49.6,0,60,0,0,0,0,0,0,0,0,66
2025-09-28T07:11:21.320Z,60.1,21.1,1.916,50.4,0,60,0,0,0,0,0,0,0,0,66
2025-09-28T07:11:22.318Z,60.1,21.1,1.916,49.6,0,60,0,0,0,0,0,0,0,0,66
2025-09-28T07:11:23.319Z,60.1,21.1,1.916,49.6,0,60,0,0,0,0,0,0,0,0,66
2025-09-28T07:11:24.320Z,60.1,21.1,1.916,50.4,0,60,0,0,0,0,0,0,0,0,66
2025-09-28T07:11:25.321Z,60.1,21.1,1.916,49.6,0,60,0,0,0,0,0,0,0,0,66
2025-09-28T07:11:26.333Z,60.1,21.1,1.917,50.4,0,60,0,0,0,0,0,0,0,0,66
2025-09-28T07:11:27.326Z,60.1,21.1,1.916,49.6,0,60,0,0,0,0,0,0,0,0,66
2025-09-28T07:11:28.332Z,60.1,21.1,1.917,50.4,0,60,0,0,0,0,0,0,0,0,66
2025-09-28T07:11:29.327Z,60.1,21.1,1.916,49.6,0,60,0,0,0,0,0,0,0,0,66
2025-09-28T07:11:30.324Z,60.1,21.1,1.916,50.4,0,60,0,0,0,0,0,0,0,0,66
2025-09-28T07:11:31.329Z,60.1,21.1,1.917,49.6,0,60,0,0,0,0,0,0,0,0,66
2025-09-28T07:11:32.330Z,60.1,21.1,1.917,50.4,0,60,0,0,0,0,0,0,0,0,66
2025-09-28T07:11:33.329Z,60.1,21.1,1.916,49.6,0,60,0,0,0,0,0,0,0,0,66
2025-09-28T07:11:34.328Z,60.1,21.1,1.916,50.4,0,60,0,0,0,0,0,0,0,0,66
2025-09-28T07:11:35.324Z,60.1,21.1,1.916,49.6,0,60,0,0,0,0,0,0,0,0,66
2025-09-28T07:11:36.331Z,60.1,21.1,1.916,50.4,0,60,0,0,0,0,0,0,0,0,66
2025-09-28T07:11:37.329Z,60.1,21.1,1.916,49.6,0,60,0,0,0,0,0,0,0,0,66
2025-09-28T07:11:38.328Z,60.1,21.1,1.916,50.4,0,60,0,0,0,0,0,0,0,0,66
2025-09-28T07:11:39.330Z,60.1,21.1,1.916,49.6,0,60,0,0,0,0,0,0,0,0,66
2025-09-28T07:11:40.335Z,60.1,21.1,1.916,50.4,0,60,0,0,0,0,0,0,0,0,66
2025-09-28T07:11:41.333Z,60,21.1,1.916,49.6,0,60,0,0,0,0,0,0,0,0,66
2025-09-28T07:11:42.333Z,60,21.1,1.916,50.4,0,60,0,0,0,0,0,0,0,0,66
2025-09-28T07:11:43.335Z,60,21.1,1.916,49.6,0,60,0,0,0,0,0,0,0,0,66
2025-09-28T07:11:44.332Z,60,21.1,1.916,49.6,0,60,0,0,0,0,0,0,0,0,66
2025-09-28T07:11:45.336Z,60,21.1,1.916,49.6,0,60,0,0,0,0,0,0,0,0,66
2025-09-28T07:11:46.339Z,60,21.1,1.916,50.4,0,60,0,0,0,0,0,0,0,0,66
2025-09-28T07:11:47.342Z,60,21.1,1.916,49.6,0,60,0,0,0,0,0,0,0,0,66
2025-09-28T07:11:48.342Z,60,21.1,1.916,50.4,0,60,0,0,0,0,0,0,0,0,66
2025-09-28T07:11:49.341Z,60,21.1,1.916,49.6,0,60,0,0,0,0,0,0,0,0,66
2025-09-28T07:11:50.340Z,60,21.1,1.916,50.4,0,60,0,0,0,0,0,0,0,0,66
2025-09-28T07:11:51.341Z,60,21.1,1.916,49.6,0,60,0,0,0,0,0,0,0,0,66
2025-09-28T07:11:52.345Z,60,21.1,1.916,50.4,0,60,0,0,0,0,0,0,0,0,66
2025-09-28T07:11:53.338Z,60,21.1,1.916,49.6,0,60,0,0,0,0,0,0,0,0,66
2025-09-28T07:11:54.347Z,60,21.1,1.917,50.4,0,60,0,0,0,0,0,0,0,0,66
2025-09-28T07:11:55.344Z,60,21.1,1.916,49.6,0,60,0,0,0,0,0,0,0,0,66
2025-09-28T07:11:56.347Z,60,21.1,1.916,50.4,0,60,0,0,0,0,0,0,0,0,66
2025-09-28T07:11:57.347Z,60,21.1,1.917,49.6,0,60,0,0,0,0,0,0,0,0,66
2025-09-28T07:11:58.343Z,60,21.1,1.917,50.4,0,60,0,0,0,0,0,0,0,0,66
2025-09-28T07:11:59.353Z,60,21.1,1.918,49.6,0,60,0,0,0,0,0,0,0,0,66
2025-09-28T07:12:00.351Z,60,21.1,1.918,50.4,0,60,0,0,0,0,0,0,0,0,66
2025-09-28T07:12:01.347Z,59.9,21.1,1.917,49.6,0,60,0,0,0,0,0,0,0,0,66
2025-09-28T07:12:02.352Z,60,21.1,1.918,50.4,0,60,0,0,0,0,0,0,0,0,66
2025-09-28T07:12:03.350Z,59.9,21.1,1.917,49.6,0,60,0,0,0,0,0,0,0,0,66
2025-09-28T07:12:04.349Z,59.9,21.1,1.917,50.4,0,60.1,0,0,0,0,0,0,0,0,66
2025-09-28T07:12:05.349Z,59.9,21.1,1.917,49.6,0,60.1,0,0,0,0,0,0,0,0,66
2025-09-28T07:12:06.351Z,59.9,21.1,1.917,50.4,0,60,0,0,0,0,0,0,0,0,66
2025-09-28T07:12:07.351Z,59.9,21.1,1.917,49.6,0,60,0,0,0,0,0,0,0,0,66
2025-09-28T07:12:08.356Z,59.9,21.1,1.918,50.4,0,60,0,0,0,0,0,0,0,0,66
2025-09-28T07:12:09.359Z,59.9,21.1,1.918,49.6,0,60.1,0,0,0,0,0,0,0,0,66
2025-09-28T07:12:10.352Z,59.9,21.1,1.917,50.4,0,60.1,0,0,0,0,0,0,0,0,66
2025-09-28T07:12:11.355Z,59.9,21.1,1.917,49.6,0,60.1,0,0,0,0,0,0,0,0,66
2025-09-28T07:12:12.358Z,59.9,21.1,1.917,50.4,0,60.1,0,0,0,0,0,0,0,0,66
2025-09-28T07:12:13.359Z,59.9,21.1,1.917,49.6,0,60.1,0,0,0,0,0,0,0,0,66
2025-09-28T07:12:14.366Z,59.9,21.1,1.918,50.4,0,60.1,0,0,0,0,0,0,0,0,66
2025-09-28T07:12:15.366Z,59.9,21.1,1.918,49.6,0,60.1,0,0,0,0,0,0,0,0,66
2025-09-28T07:12:16.360Z,59.9,21.1,1.917,50.4,0,60.1,0,0,0,0,0,0,0,0,66
2025-09-28T07:12:17.362Z,59.9,21.1,1.917,49.6,0,60.1,0,0,0,0,0,0,0,0,66
2025-09-28T07:12:18.365Z,59.9,21.1,1.917,50.4,0,60.1,0,0,0,0,0,0,0,0,66
2025-09-28T07:12:19.364Z,59.9,21.1,1.917,49.6,0,60.1,0,0,0,0,0,0,0,0,66
2025-09-28T07:12:20.368Z,59.9,21.1,1.919,50.4,0,60.1,0,0,0,0,0,0,0,0,66
2025-09-28T07:12:21.365Z,59.9,21.1,1.917,49.6,0,60.1,0,0,0,0,0,0,0,0,66
2025-09-28T07:12:22.363Z,59.9,21.1,1.918,50.4,0,60.1,0,0,0,0,0,0,0,0,66
2025-09-28T07:12:23.362Z,59.8,21.1,1.917,49.6,0,60.1,0,0,0,0,0,0,0,0,66
2025-09-28T07:12:24.365Z,59.9,21.1,1.918,50.4,0,60.1,0,0,0,0,0,0,0,0,66
2025-09-28T07:12:25.368Z,59.8,21.1,1.919,49.6,0,60.1,0,0,0,0,0,0,0,0,66
2025-09-28T07:12:26.366Z,59.8,21.1,1.918,50.4,0,60.1,0,0,0,0,0,0,0,0,66
2025-09-28T07:12:27.368Z,59.8,21.1,1.918,49.6,0,60.1,0,0,0,0,0,0,0,0,66
2025-09-28T07:12:28.369Z,59.8,21.1,1.918,50.4,0,60.1,0,0,0,0,0,0,0,0,66
2025-09-28T07:12:29.372Z,59.8,21.1,1.919,49.6,0,60.1,0,0,0,0,0,0,0,0,66
2025-09-28T07:12:30.377Z,59.8,21.1,1.919,50.4,0,60.1,0,0,0,0,0,0,0,0,66
2025-09-28T07:12:31.373Z,59.8,21.1,1.919,49.6,0,60.1,0,0,0,0,0,0,0,0,66
2025-09-28T07:12:32.374Z,59.8,21.1,1.919,49.6,0,60.1,0,0,0,0,0,0,0,0,66
2025-09-28T07:12:33.373Z,59.8,21.1,1.918,50.4,0,60.1,0,0,0,0,0,0,0,0,66
2025-09-28T07:12:34.379Z,59.8,21.1,1.919,49.6,0,60.1,0,0,0,0,0,0,0,0,66
2025-09-28T07:12:35.375Z,59.8,21.1,1.919,49.6,0,60.1,0,0,0,0,0,0,0,0,66
2025-09-28T07:12:36.384Z,59.8,21.1,1.919,50.4,0,60.1,0,0,0,0,0,0,0,0,66
2025-09-28T07:12:37.379Z,59.8,21.1,1.919,49.6,0,60.1,0,0,0,0,0,0,0,0,66
2025-09-28T07:12:38.378Z,59.8,21.1,1.918,50.4,0,60.1,0,0,0,0,0,0,0,0,66
2025-09-28T07:12:39.380Z,59.8,21.1,1.919,49.6,0,60.1,0,0,0,0,0,0,0,0,66
2025-09-28T07:12:40.381Z,59.8,21.1,1.919,49.6,0,60.1,0,0,0,0,0,0,0,0,66
2025-09-28T07:12:41.388Z,59.8,21.1,1.919,49.6,0,60.1,0,0,0,0,0,0,0,0,66
2025-09-28T07:12:42.384Z,59.8,21.1,1.919,50.4,0,60.1,0,0,0,0,0,0,0,0,66
2025-09-28T07:12:43.384Z,59.8,21.1,1.919,49.6,0,60.1,0,0,0,0,0,0,0,0,66
2025-09-28T07:12:44.383Z,59.8,21.1,1.919,50.4,0,60.1,0,0,0,0,0,0,0,0,66
2025-09-28T07:12:45.392Z,59.8,21.1,1.919,49.6,0,60.1,0,0,0,0,0,0,0,0,66
2025-09-28T07:12:46.386Z,59.8,21.1,1.919,50.4,0,60.1,0,0,0,0,0,0,0,0,66
2025-09-28T07:12:47.388Z,59.7,21.1,1.919,49.6,0,60.1,0,0,0,0,0,0,0,0,66
2025-09-28T07:12:48.391Z,59.7,21.1,1.919,50.4,0,60.1,0,0,0,0,0,0,0,0,66
2025-09-28T07:12:49.394Z,59.7,21.1,1.919,49.6,0,60.1,0,0,0,0,0,0,0,0,66
2025-09-28T07:12:50.393Z,59.7,21.1,1.919,50.4,0,60.1,0,0,0,0,0,0,0,0,66
2025-09-28T07:12:51.395Z,59.7,21.1,1.919,49.6,0,60.1,0,0,0,0,0,0,0,0,66
2025-09-28T07:12:52.401Z,59.7,21.1,1.918,50.4,0,60.1,0,0,0,0,0,0,0,0,66
2025-09-28T07:12:53.399Z,59.7,21.1,1.918,49.6,0,60.1,0,0,0,0,0,0,0,0,66
2025-09-28T07:12:54.392Z,59.7,21.1,1.919,50.4,0,60.1,0,0,0,0,0,0,0,0,66
2025-09-28T07:12:55.394Z,59.7,21.1,1.919,49.6,0,60.1,0,0,0,0,0,0,0,0,66
2025-09-28T07:12:56.394Z,59.7,21.1,1.919,50.4,0,60.1,0,0,0,0,0,0,0,0,66
2025-09-28T07:12:57.396Z,59.7,21.1,1.919,49.6,0,60.1,0,0,0,0,0,0,0,0,66
2025-09-28T07:12:58.398Z,59.7,21.1,1.919,50.4,0,60.1,0,0,0,0,0,0,0,0,66
2025-09-28T07:12:59.398Z,59.7,21.1,1.919,49.6,0,60.1,0,0,0,0,0,0,0,0,66
2025-09-28T07:13:00.403Z,59.7,21.1,1.918,49.6,0,60.1,0,0,0,0,0,0,0,0,66
2025-09-28T07:13:01.409Z,59.7,21.1,1.918,50.4,0,60.1,0,0,0,0,0,0,0,0,66
2025-09-28T07:13:02.399Z,59.7,21.1,1.919,49.6,0,60.1,0,0,0,0,0,0,0,0,66
2025-09-28T07:13:03.400Z,59.7,21.1,1.919,50.4,0,60.1,0,0,0,0,0,0,0,0,66
2025-09-28T07:13:04.402Z,59.7,21.1,1.919,49.6,0,60.1,0,0,0,0,0,0,0,0,66
2025-09-28T07:13:05.410Z,59.7,21.1,1.918,50.4,0,60.1,0,0,0,0,0,0,0,0,66
2025-09-28T07:13:06.412Z,59.7,21.1,1.918,49.6,0,60.1,0,0,0,0,0,0,0,0,66
2025-09-28T07:13:07.404Z,59.7,21.1,1.919,50.4,0,60.1,0,0,0,0,0,0,0,0,66
2025-09-28T07:13:08.408Z,59.7,21.1,1.919,49.6,0,60.1,0,0,0,0,0,0,0,0,66
2025-09-28T07:13:09.412Z,59.7,21.1,1.918,50.4,0,60.1,0,0,0,0,0,0,0,0,66
2025-09-28T07:13:10.409Z,59.7,21.1,1.919,49.6,0,60.1,0,0,0,0,0,0,0,0,66
2025-09-28T07:13:11.410Z,59.7,21.1,1.918,50.4,0,60.1,0,0,0,0,0,0,0,0,66
2025-09-28T07:13:12.414Z,59.7,21.1,1.919,49.6,0,60.1,0,0,0,0,0,0,0,0,66
2025-09-28T07:13:13.416Z,59.6,21.1,1.919,50.4,0,60.1,0,0,0,0,0,0,0,0,66
2025-09-28T07:13:14.417Z,59.6,21.1,1.919,49.6,0,60.1,0,0,0,0,0,0,0,0,66
2025-09-28T07:13:15.416Z,59.6,21.1,1.919,50.4,0,60.1,0,0,0,0,0,0,0,0,66
2025-09-28T07:13:16.414Z,59.6,21.1,1.92,49.6,0,60.1,0,0,0,0,0,0,0,0,66
2025-09-28T07:13:17.422Z,59.6,21.1,1.919,50.4,0,60.1,0,0,0,0,0,0,0,0,66
2025-09-28T07:13:18.418Z,59.6,21.1,1.919,49.6,0,60.1,0,0,0,0,0,0,0,0,66
2025-09-28T07:13:19.418Z,59.6,21.1,1.919,50.4,0,60.1,0,0,0,0,0,0,0,0,66
2025-09-28T07:13:20.422Z,59.6,21.1,1.919,49.6,0,60.1,0,0,0,0,0,0,0,0,66
2025-09-28T07:13:21.423Z,59.6,21.1,1.919,50.4,0,60.1,0,0,0,0,0,0,0,0,66
2025-09-28T07:13:22.420Z,59.6,21.1,1.919,49.6,0,60.1,0,0,0,0,0,0,0,0,66
2025-09-28T07:13:23.420Z,59.6,21.1,1.919,50.4,0,60.1,0,0,0,0,0,0,0,0,66
2025-09-28T07:13:24.421Z,59.6,21.1,1.919,49.6,0,60.1,0,0,0,0,0,0,0,0,66
2025-09-28T07:13:25.422Z,59.6,21.1,1.919,49.6,0,60.1,0,0,0,0,0,0,0,0,66
2025-09-28T07:13:26.424Z,59.6,21.1,1.919,49.6,0,60.1,0,0,0,0,0,0,0,0,66
2025-09-28T07:13:27.428Z,59.6,21.1,1.919,49.6,0,60.1,0,0,0,0,0,0,0,0,66
2025-09-28T07:13:28.424Z,59.6,21.1,1.919,50.4,0,60.1,0,0,0,0,0,0,0,0,66
2025-09-28T07:13:29.430Z,59.6,21.1,1.919,49.6,0,60.1,0,0,0,0,0,0,0,0,66
2025-09-28T07:13:30.434Z,59.6,21.1,1.92,50.4,0,60.1,0,0,0,0,0,0,0,0,66
2025-09-28T07:13:31.433Z,59.6,21.1,1.92,49.6,0,60.1,0,0,0,0,0,0,0,0,66
2025-09-28T07:13:32.428Z,59.6,21.1,1.919,49.6,0,60.1,0,0,0,0,0,0,0,0,66
2025-09-28T07:13:33.427Z,59.6,21.1,1.919,50.4,0,60.1,0,0,0,0,0,0,0,0,66
2025-09-28T07:13:34.430Z,59.6,21.1,1.919,49.6,0,60.1,0,0,0,0,0,0,0,0,66
2025-09-28T07:13:35.432Z,59.6,21.1,1.919,50.4,0,60.1,0,0,0,0,0,0,0,0,66
2025-09-28T07:13:36.431Z,59.6,21.1,1.919,49.6,0,60.1,0,0,0,0,0,0,0,0,66
2025-09-28T07:13:37.436Z,59.5,21.1,1.919,50.4,0,60.1,0,0,0,0,0,0,0,0,66
2025-09-28T07:13:38.434Z,59.5,21.1,1.92,49.6,0,60.1,0,0,0,0,0,0,0,0,66
2025-09-28T07:13:39.435Z,59.5,21.1,1.919,50.4,0,60.1,0,0,0,0,0,0,0,0,66
2025-09-28T07:13:40.439Z,59.5,21.1,1.92,49.6,0,60.1,0,0,0,0,0,0,0,0,66
2025-09-28T07:13:41.442Z,59.5,21.1,1.92,50.4,0,60.1,0,0,0,0,0,0,0,0,66
2025-09-28T07:13:42.438Z,59.5,21.1,1.92,49.6,0,60.1,0,0,0,0,0,0,0,0,66
2025-09-28T07:13:43.450Z,59.5,21.1,1.92,50.4,0,60.1,0,0,0,0,0,0,0,0,66
2025-09-28T07:13:44.443Z,59.5,21.1,1.92,49.6,0,60.1,0,0,0,0,0,0,0,0,66
2025-09-28T07:13:45.456Z,59.5,21.1,1.92,50.4,0,60,0,0,0,0,0,0,0,0,66
2025-09-28T07:13:46.440Z,59.5,21.1,1.919,49.6,0,60.1,0,0,0,0,0,0,0,0,66
2025-09-28T07:13:47.457Z,59.5,21.1,1.92,50.4,0,60.1,0,0,0,0,0,0,0,0,66
2025-09-28T07:13:48.445Z,59.5,21.1,1.92,49.6,0,60.1,0,0,0,0,0,0,0,0,66
2025-09-28T07:13:49.455Z,59.5,21.1,1.92,49.6,0,60.1,0,0,0,0,0,0,0,0,66
2025-09-28T07:13:50.451Z,59.5,21.1,1.92,49.6,0,60.1,0,0,0,0,0,0,0,0,66
2025-09-28T07:13:51.452Z,59.5,21.1,1.92,49.6,0,60.1,0,0,0,0,0,0,0,0,66
2025-09-28T07:13:52.449Z,59.5,21.1,1.92,49.6,0,60.1,0,0,0,0,0,0,0,0,66
2025-09-28T07:13:53.452Z,59.5,21.1,1.92,49.6,0,60.1,0,0,0,0,0,0,0,0,66
2025-09-28T07:13:54.454Z,59.5,21.1,1.92,49.6,0,60.1,0,0,0,0,0,0,0,0,66
2025-09-28T07:13:55.451Z,59.5,21.1,1.92,50.4,0,60.1,0,0,0,0,0,0,0,0,66
2025-09-28T07:13:56.449Z,59.5,21.1,1.92,50.4,0,60.1,0,0,0,0,0,0,0,0,66
2025-09-28T07:13:57.449Z,59.5,21.1,1.92,49.6,0,60.1,0,0,0,0,0,0,0,0,66
2025-09-28T07:13:58.454Z,59.5,21.1,1.92,50.4,0,60.1,0,0,0,0,0,0,0,0,66
2025-09-28T07:13:59.458Z,59.5,21.1,1.92,49.6,0,60.1,0,0,0,0,0,0,0,0,66
2025-09-28T07:14:00.455Z,59.5,21.1,1.92,50.4,0,60.1,0,0,0,0,0,0,0,0,66
2025-09-28T07:14:01.456Z,59.5,21.1,1.92,49.6,0,60.1,0,0,0,0,0,0,0,0,66
2025-09-28T07:14:02.458Z,59.5,21.1,1.92,49.6,0,60.1,0,0,0,0,0,0,0,0,66
2025-09-28T07:14:03.465Z,59.5,21.1,1.92,50.4,0,60.1,0,0,0,0,0,0,0,0,66
2025-09-28T07:14:04.464Z,59.5,21.1,1.92,50.4,0,60.1,0,0,0,0,0,0,0,0,66
2025-09-28T07:14:05.465Z,59.5,21.1,1.92,49.6,0,60.1,0,0,0,0,0,0,0,0,66
2025-09-28T07:14:06.464Z,59.5,21.1,1.92,50.4,0,60.1,0,0,0,0,0,0,0,0,66
2025-09-28T07:14:07.467Z,59.5,21.1,1.92,49.6,0,60.1,0,0,0,0,0,0,0,0,66
2025-09-28T07:14:08.463Z,59.5,21.1,1.92,50.4,0,60.1,0,0,0,0,0,0,0,0,66
2025-09-28T07:14:09.463Z,59.5,21.1,1.92,49.6,0,60.1,0,0,0,0,0,0,0,0,66
2025-09-28T07:14:10.460Z,59.5,21.1,1.92,50.4,0,60.1,0,0,0,0,0,0,0,0,66
2025-09-28T07:14:11.464Z,59.5,21.1,1.92,49.6,0,60.1,0,0,0,0,0,0,0,0,66
2025-09-28T07:14:12.464Z,59.5,21.1,1.92,49.6,0,60.1,0,0,0,0,0,0,0,0,66
2025-09-28T07:14:13.472Z,59.4,21.1,1.92,50.4,0,60.1,0,0,0,0,0,0,0,0,66
2025-09-28T07:14:14.468Z,59.5,21.1,1.92,49.6,0,60.1,0,0,0,0,0,0,0,0,66
2025-09-28T07:14:15.468Z,59.4,21.1,1.92,49.6,0,60.1,0,0,0,0,0,0,0,0,66
2025-09-28T07:14:16.472Z,59.4,21.1,1.92,50.4,0,60.1,0,0,0,0,0,0,0,0,66
2025-09-28T07:14:17.472Z,59.4,21.1,1.92,49.6,0,60.1,0,0,0,0,0,0,0,0,66
2025-09-28T07:14:18.473Z,59.4,21.1,1.92,50.4,0,60.1,0,0,0,0,0,0,0,0,66
2025-09-28T07:14:19.473Z,59.4,21.1,1.92,50.4,0,60.1,0,0,0,0,0,0,0,0,66
2025-09-28T07:14:20.474Z,59.4,21.1,1.92,49.6,0,60.1,0,0,0,0,0,0,0,0,66
2025-09-28T07:14:21.481Z,59.4,21.1,1.92,50.4,0,60.1,0,0,0,0,0,0,0,0,66
2025-09-28T07:14:22.472Z,59.4,21.1,1.92,49.6,0,60.1,0,0,0,0,0,0,0,0,66
2025-09-28T07:14:23.472Z,59.4,21.1,1.92,50.4,0,60.1,0,0,0,0,0,0,0,0,66
2025-09-28T07:14:24.477Z,59.4,21.1,1.92,49.6,0,60.1,0,0,0,0,0,0,0,0,66
2025-09-28T07:14:25.476Z,59.4,21.1,1.92,49.6,0,60.1,0,0,0,0,0,0,0,0,66
2025-09-28T07:14:26.475Z,59.4,21.1,1.92,50.4,0,60.1,0,0,0,0,0,0,0,0,66
2025-09-28T07:14:27.478Z,59.4,21.1,1.92,49.6,0,60.1,0,0,0,0,0,0,0,0,66
2025-09-28T07:14:28.484Z,59.4,21.1,1.92,50.4,0,60.1,0,0,0,0,0,0,0,0,66
2025-09-28T07:14:29.481Z,59.4,21.1,1.92,50.4,0,60.1,0,0,0,0,0,0,0,0,66
2025-09-28T07:14:30.480Z,59.4,21.1,1.92,49.6,0,60.1,0,0,0,0,0,0,0,0,66
2025-09-28T07:14:31.483Z,59.4,21.1,1.92,49.6,0,60.1,0,0,0,0,0,0,0,0,66
2025-09-28T07:14:32.485Z,59.4,21.1,1.92,49.6,0,60.1,0,0,0,0,0,0,0,0,66
2025-09-28T07:14:33.484Z,59.4,21.1,1.92,50.4,0,60.1,0,0,0,0,0,0,0,0,66
2025-09-28T07:14:34.491Z,59.4,21.1,1.92,50.4,0,60.1,0,0,0,0,0,0,0,0,66
2025-09-28T07:14:35.485Z,59.4,21.1,1.92,49.6,0,60.1,0,0,0,0,0,0,0,0,66
2025-09-28T07:14:36.488Z,59.4,21.1,1.92,50.4,0,60.1,0,0,0,0,0,0,0,0,66
2025-09-28T07:14:37.487Z,59.4,21.1,1.92,49.6,0,60.1,0,0,0,0,0,0,0,0,66
2025-09-28T07:14:38.488Z,59.4,21.1,1.92,50.4,0,60.1,0,0,0,0,0,0,0,0,66
2025-09-28T07:14:39.490Z,59.4,21.1,1.92,50.4,0,60.1,0,0,0,0,0,0,0,0,66
2025-09-28T07:14:40.488Z,59.4,21.1,1.92,49.6,0,60.1,0,0,0,0,0,0,0,0,66
2025-09-28T07:14:41.490Z,59.4,21.1,1.92,50.4,0,60.1,0,0,0,0,0,0,0,0,66
2025-09-28T07:14:42.489Z,59.4,21.1,1.92,49.6,0,60.1,0,0,0,0,0,0,0,0,66
2025-09-28T07:14:43.491Z,59.4,21.1,1.92,50.4,0,60.1,0,0,0,0,0,0,0,0,66
2025-09-28T07:14:44.491Z,59.4,21.1,1.92,49.6,0,60.1,0,0,0,0,0,0,0,0,66
2025-09-28T07:14:45.494Z,59.4,21.1,1.92,50.4,0,60.1,0,0,0,0,0,0,0,0,66
2025-09-28T07:14:46.493Z,59.4,21.1,1.92,49.6,0,60.1,0,0,0,0,0,0,0,0,66
2025-09-28T07:14:47.493Z,59.4,21.1,1.92,50.4,0,60.1,0,0,0,0,0,0,0,0,66
2025-09-28T07:14:48.495Z,59.4,21.1,1.92,49.6,0,60.1,0,0,0,0,0,0,0,0,66
2025-09-28T07:14:49.501Z,59.4,21.1,1.92,50.4,0,60.1,0,0,0,0,0,0,0,0,66
2025-09-28T07:14:50.504Z,59.4,21.1,1.92,49.6,0,60.1,0,0,0,0,0,0,0,0,66
2025-09-28T07:14:51.495Z,59.4,21.1,1.92,50.4,0,60.1,0,0,0,0,0,0,0,0,66
2025-09-28T07:14:52.500Z,59.4,21.1,1.92,49.6,0,60.1,0,0,0,0,0,0,0,0,66
2025-09-28T07:14:53.503Z,59.4,21.1,1.92,50.4,0,60.1,0,0,0,0,0,0,0,0,66
2025-09-28T07:14:54.500Z,59.4,21.1,1.92,49.6,0,60.1,0,0,0,0,0,0,0,0,66
2025-09-28T07:14:55.497Z,59.4,21.1,1.92,50.4,0,60.1,0,0,0,0,0,0,0,0,66
2025-09-28T07:14:56.506Z,59.4,21.1,1.92,49.6,0,60.1,0,0,0,0,0,0,0,0,66
2025-09-28T07:14:57.500Z,59.4,21.1,1.92,50.4,0,60.1,0,0,0,0,0,0,0,0,66
2025-09-28T07:14:58.506Z,59.4,21.1,1.92,49.6,0,60.1,0,0,0,0,0,0,0,0,66
2025-09-28T07:14:59.504Z,59.4,21.1,1.92,50.4,0,60.1,0,0,0,0,0,0,0,0,66
2025-09-28T07:15:00.506Z,59.4,21.1,1.92,49.6,0,60.1,0,0,0,0,0,0,0,0,66
2025-09-28T07:15:01.507Z,59.4,21.1,1.92,50.4,0,60.1,0,0,0,0,0,0,0,0,66
2025-09-28T07:15:02.504Z,59.4,21.1,1.92,49.6,0,60.1,0,0,0,0,0,0,0,0,66
2025-09-28T07:15:03.506Z,59.4,21.1,1.92,50.4,0,60.1,0,0,0,0,0,0,0,0,66
2025-09-28T07:15:04.511Z,59.4,21.1,1.92,49.6,0,60.1,0,0,0,0,0,0,0,0,66
2025-09-28T07:15:05.513Z,59.4,21.1,1.92,50.4,0,60.1,0,0,0,0,0,0,0,0,66
2025-09-28T07:15:06.515Z,59.4,21.1,1.92,49.6,0,60.1,0,0,0,0,0,0,0,0,66
2025-09-28T07:15:07.511Z,59.4,21.1,1.92,50.4,0,60.1,0,0,0,0,0,0,0,0,66
2025-09-28T07:15:08.510Z,59.4,21.1,1.92,49.6,0,60.1,0,0,0,0,0,0,0,0,66
2025-09-28T07:15:09.515Z,59.4,21.1,1.92,50.4,0,60.1,0,0,0,0,0,0,0,0,66
2025-09-28T07:15:10.515Z,59.4,21.1,1.92,49.6,0,60.1,0,0,0,0,0,0,0,0,66
2025-09-28T07:15:11.517Z,59.4,21.1,1.92,49.6,0,60.1,0,0,0,0,0,0,0,0,66
2025-09-28T07:15:12.518Z,59.4,21.1,1.92,50.4,0,60.1,0,0,0,0,0,0,0,0,66
2025-09-28T07:15:13.514Z,59.4,21.1,1.92,49.6,0,60.1,0,0,0,0,0,0,0,0,66
2025-09-28T07:15:14.516Z,59.4,21.1,1.92,50.4,0,60.1,0,0,0,0,0,0,0,0,66
2025-09-28T07:15:15.520Z,59.4,21.1,1.92,49.6,0,60.1,0,0,0,0,0,0,0,0,66
2025-09-28T07:15:16.521Z,59.4,21.1,1.92,50.4,0,60.1,0,0,0,0,0,0,0,0,66
2025-09-28T07:15:17.522Z,59.4,21.1,1.92,49.6,0,60.1,0,0,0,0,0,0,0,0,66
2025-09-28T07:15:18.523Z,59.4,21.1,1.92,50.4,0,60.1,0,0,0,0,0,0,0,0,66
2025-09-28T07:15:19.518Z,59.4,21.1,1.92,49.6,0,60.1,0,0,0,0,0,0,0,0,66
2025-09-28T07:15:20.525Z,59.4,21.1,1.92,50.4,0,60.1,0,0,0,0,0,0,0,0,66
2025-09-28T07:15:21.525Z,59.4,21.1,1.92,49.6,0,60.1,0,0,0,0,0,0,0,0,66
2025-09-28T07:15:22.525Z,59.4,21.1,1.92,50.4,0,60.1,0,0,0,0,0,0,0,0,66
2025-09-28T07:15:23.522Z,59.4,21.1,1.92,49.6,0,60.1,0,0,0,0,0,0,0,0,66
2025-09-28T07:15:24.524Z,59.4,21.1,1.92,50.4,0,60.1,0,0,0,0,0,0,0,0,66
2025-09-28T07:15:25.526Z,59.4,21.1,1.92,49.6,0,60.1,0,0,0,0,0,0,0,0,66
2025-09-28T07:15:26.526Z,59.4,21.1,1.92,50.4,0,60.1,0,0,0,0,0,0,0,0,66
2025-09-28T07:15:27.530Z,59.4,21.1,1.92,49.6,0,60.1,0,0,0,0,0,0,0,0,66
2025-09-28T07:15:28.529Z,59.4,21.1,1.92,50.4,0,60,0,0,0,0,0,0,0,0,66
2025-09-28T07:15:29.536Z,59.4,21.1,1.92,49.6,0,60.1,0,0,0,0,0,0,0,0,66
2025-09-28T07:15:30.535Z,59.4,21.1,1.92,50.4,0,60.1,0,0,0,0,0,0,0,0,66
2025-09-28T07:15:31.536Z,59.4,21.1,1.92,49.6,0,60.1,0,0,0,0,0,0,0,0,66
2025-09-28T07:15:32.533Z,59.4,21.1,1.92,49.6,0,60.1,0,0,0,0,0,0,0,0,66
2025-09-28T07:15:33.535Z,59.4,21.1,1.92,50.4,0,60.1,0,0,0,0,0,0,0,0,66
2025-09-28T07:15:34.532Z,59.4,21.1,1.92,49.6,0,60.1,0,0,0,0,0,0,0,0,66
2025-09-28T07:15:35.536Z,59.4,21.1,1.92,50.4,0,60.1,0,0,0,0,0,0,0,0,66
2025-09-28T07:15:36.537Z,59.4,21.1,1.92,49.6,0,60.1,0,0,0,0,0,0,0,0,66
2025-09-28T07:15:37.537Z,59.4,21.1,1.92,50.4,0,60.1,0,0,0,0,0,0,0,0,66
2025-09-28T07:15:38.540Z,59.4,21.1,1.92,49.6,0,60.1,0,0,0,0,0,0,0,0,66
2025-09-28T07:15:39.537Z,59.4,21.1,1.92,50.4,0,60.1,0,0,0,0,0,0,0,0,66
2025-09-28T07:15:40.536Z,59.4,21.1,1.92,49.6,0,60.1,0,0,0,0,0,0,0,0,66
2025-09-28T07:15:41.540Z,59.4,21.1,1.92,50.4,0,60.1,0,0,0,0,0,0,0,0,66
2025-09-28T07:15:42.543Z,59.4,21.1,1.92,49.6,0,60.1,0,0,0,0,0,0,0,0,66
2025-09-28T07:15:43.537Z,59.4,21.1,1.92,50.4,0,60.1,0,0,0,0,0,0,0,0,66
2025-09-28T07:15:44.541Z,59.4,21.1,1.92,49.6,0,60.1,0,0,0,0,0,0,0,0,66
2025-09-28T07:15:45.542Z,59.4,21.1,1.92,49.6,0,60.1,0,0,0,0,0,0,0,0,66
2025-09-28T07:15:46.539Z,59.4,21.1,1.92,49.6,0,60.1,0,0,0,0,0,0,0,0,66
2025-09-28T07:15:47.545Z,59.4,21.1,1.92,49.6,0,60.1,0,0,0,0,0,0,0,0,66
2025-09-28T07:15:48.545Z,59.4,21.1,1.92,50.4,0,60.1,0,0,0,0,0,0,0,0,66
2025-09-28T07:15:49.544Z,59.4,21.1,1.92,49.6,0,60.1,0,0,0,0,0,0,0,0,66
2025-09-28T07:15:50.554Z,59.5,21.1,1.92,50.4,0,60.1,0,0,0,0,0,0,0,0,66
2025-09-28T07:15:51.549Z,59.5,21.1,1.92,49.6,0,60.1,0,0,0,0,0,0,0,0,66
2025-09-28T07:15:52.549Z,59.5,21.1,1.92,50.4,0,60.1,0,0,0,0,0,0,0,0,66
2025-09-28T07:15:53.546Z,59.5,21.1,1.92,49.6,0,60.1,0,0,0,0,0,0,0,0,66
2025-09-28T07:15:54.552Z,59.5,21.1,1.92,50.4,0,60.1,0,0,0,0,0,0,0,0,66
2025-09-28T07:15:55.548Z,59.5,21.1,1.92,49.6,0,60.1,0,0,0,0,0,0,0,0,66
2025-09-28T07:15:56.551Z,59.5,21.1,1.92,50.4,0,60.1,0,0,0,0,0,0,0,0,66
2025-09-28T07:15:57.551Z,59.5,21.1,1.92,49.6,0,60.1,0,0,0,0,0,0,0,0,66
2025-09-28T07:15:58.552Z,59.5,21.1,1.92,50.4,0,60.1,0,0,0,0,0,0,0,0,66
2025-09-28T07:15:59.553Z,59.5,21.1,1.92,49.6,0,60.1,0,0,0,0,0,0,0,0,66
2025-09-28T07:16:00.549Z,59.5,21.1,1.92,50.4,0,60.1,0,0,0,0,0,0,0,0,66
2025-09-28T07:16:01.555Z,59.5,21.1,1.92,49.6,0,60.1,0,0,0,0,0,0,0,0,66
2025-09-28T07:16:02.552Z,59.5,21.1,1.92,50.4,0,60.1,0,0,0,0,0,0,0,0,66
2025-09-28T07:16:03.557Z,59.5,21.1,1.92,49.6,0,60.1,0,0,0,0,0,0,0,0,66
2025-09-28T07:16:04.557Z,59.5,21.1,1.92,50.4,0,60.1,0,0,0,0,0,0,0,0,66
2025-09-28T07:16:05.557Z,59.5,21.1,1.92,49.6,0,60.1,0,0,0,0,0,0,0,0,66
2025-09-28T07:16:06.566Z,59.5,21.1,1.92,50.4,0,60.1,0,0,0,0,0,0,0,0,66
2025-09-28T07:16:07.556Z,59.5,21.1,1.92,49.6,0,60.1,0,0,0,0,0,0,0,0,66
2025-09-28T07:16:08.563Z,59.5,21.1,1.92,49.6,0,60.1,0,0,0,0,0,0,0,0,66
2025-09-28T07:16:09.563Z,59.5,21.1,1.92,49.6,0,60.1,0,0,0,0,0,0,0,0,66
2025-09-28T07:16:10.560Z,59.5,21.1,1.92,49.6,0,60.1,0,0,0,0,0,0,0,0,66
2025-09-28T07:16:11.561Z,59.5,21.1,1.92,50.4,0,60.1,0,0,0,0,0,0,0,0,66
2025-09-28T07:16:12.569Z,59.5,21.1,1.92,49.6,0,60.1,0,0,0,0,0,0,0,0,66
2025-09-28T07:16:13.562Z,59.5,21.1,1.92,50.4,0,60.1,0,0,0,0,0,0,0,0,66
2025-09-28T07:16:14.571Z,59.5,21.1,1.919,49.6,0,60.1,0,0,0,0,0,0,0,0,66
2025-09-28T07:16:15.565Z,59.5,21.1,1.92,49.6,0,60.1,0,0,0,0,0,0,0,0,66
2025-09-28T07:16:16.564Z,59.5,21.1,1.919,50.4,0,60.1,0,0,0,0,0,0,0,0,66
2025-09-28T07:16:17.567Z,59.5,21.1,1.92,49.6,0,60.1,0,0,0,0,0,0,0,0,66
2025-09-28T07:16:18.566Z,59.5,21.1,1.92,49.6,0,60,0,0,0,0,0,0,0,0,66
2025-09-28T07:16:19.567Z,59.5,21.1,1.92,50.4,0,60,0,0,0,0,0,0,0,0,66
2025-09-28T07:16:20.574Z,59.5,21.1,1.92,49.6,0,60.1,0,0,0,0,0,0,0,0,66
2025-09-28T07:16:21.577Z,59.6,21.1,1.92,50.4,0,60.1,0,0,0,0,0,0,0,0,66
2025-09-28T07:16:22.575Z,59.6,21.1,1.92,50.4,0,60.1,0,0,0,0,0,0,0,0,66
2025-09-28T07:16:23.568Z,59.6,21.1,1.92,49.6,0,60.1,0,0,0,0,0,0,0,0,66
2025-09-28T07:16:24.574Z,59.6,21.1,1.92,50.4,0,60,0,0,0,0,0,0,0,0,66
2025-09-28T07:16:25.573Z,59.6,21.1,1.919,49.6,0,60,0,0,0,0,0,0,0,0,66
2025-09-28T07:16:26.579Z,59.6,21.1,1.92,50.4,0,60,0,0,0,0,0,0,0,0,66
2025-09-28T07:16:27.579Z,59.6,21.1,1.92,49.6,0,60,0,0,0,0,0,0,0,0,66
2025-09-28T07:16:28.577Z,59.6,21.1,1.92,50.4,0,60,0,0,0,0,0,0,0,0,66
2025-09-28T07:16:29.579Z,59.6,21.1,1.92,49.6,0,60,0,0,0,0,0,0,0,0,66
2025-09-28T07:16:30.579Z,59.6,21.1,1.92,49.6,0,60,0,0,0,0,0,0,0,0,66
2025-09-28T07:16:31.579Z,59.6,21.1,1.92,50.4,0,60,0,0,0,0,0,0,0,0,66
2025-09-28T07:16:32.579Z,59.6,21.1,1.92,49.6,0,60,0,0,0,0,0,0,0,0,66
2025-09-28T07:16:33.583Z,59.6,21.1,1.92,49.6,0,60,0,0,0,0,0,0,0,0,66
2025-09-28T07:16:34.580Z,59.6,21.1,1.92,50.4,0,60,0,0,0,0,0,0,0,0,66
2025-09-28T07:16:35.584Z,59.6,21.1,1.92,49.6,0,60,0,0,0,0,0,0,0,0,66
2025-09-28T07:16:36.586Z,59.6,21.1,1.92,50.4,0,60,0,0,0,0,0,0,0,0,66
2025-09-28T07:16:37.590Z,59.6,21.1,1.92,50.4,0,60,0,0,0,0,0,0,0,0,66
2025-09-28T07:16:38.586Z,59.6,21.1,1.92,49.6,0,60,0,0,0,0,0,0,0,0,66
2025-09-28T07:16:39.586Z,59.6,21.1,1.92,49.6,0,60,0,0,0,0,0,0,0,0,66
2025-09-28T07:16:40.595Z,59.6,21.1,1.92,49.6,0,60,0,0,0,0,0,0,0,0,66
2025-09-28T07:16:41.589Z,59.6,21.1,1.92,50.4,0,60,0,0,0,0,0,0,0,0,66
2025-09-28T07:16:42.586Z,59.6,21.1,1.919,50.4,0,60,0,0,0,0,0,0,0,0,66
2025-09-28T07:16:43.588Z,59.6,21.1,1.92,49.6,0,60,0,0,0,0,0,0,0,0,66
2025-09-28T07:16:44.593Z,59.6,21.1,1.92,50.4,0,60,0,0,0,0,0,0,0,0,66
2025-09-28T07:16:45.591Z,59.6,21.1,1.92,49.6,0,60,0,0,0,0,0,0,0,0,66
2025-09-28T07:16:46.589Z,59.7,21.1,1.919,50.4,0,60,0,0,0,0,0,0,0,0,66
2025-09-28T07:16:47.598Z,59.7,21.1,1.92,50.4,0,60,0,0,0,0,0,0,0,0,66
2025-09-28T07:16:48.596Z,59.7,21.1,1.92,49.6,0,60,0,0,0,0,0,0,0,0,66
2025-09-28T07:16:49.595Z,59.7,21.1,1.919,49.6,0,60,0,0,0,0,0,0,0,0,66
2025-09-28T07:16:50.603Z,59.7,21.1,1.919,49.6,0,60,0,0,0,0,0,0,0,0,66
2025-09-28T07:16:51.599Z,59.7,21.1,1.92,50.4,0,60,0,0,0,0,0,0,0,0,66
2025-09-28T07:16:52.598Z,59.7,21.1,1.919,50.4,0,60,0,0,0,0,0,0,0,0,66
2025-09-28T07:16:53.602Z,59.7,21.1,1.919,49.6,0,60,0,0,0,0,0,0,0,0,66
2025-09-28T07:16:54.607Z,59.7,21.1,1.919,50.4,0,60,0,0,0,0,0,0,0,0,66
2025-09-28T07:16:55.605Z,59.7,21.1,1.919,49.6,0,60,0,0,0,0,0,0,0,0,66
2025-09-28T07:16:56.600Z,59.7,21.1,1.919,50.4,0,60,0,0,0,0,0,0,0,0,66
2025-09-28T07:16:57.611Z,59.7,21.1,1.918,49.6,0,60,0,0,0,0,0,0,0,0,66
2025-09-28T07:16:58.602Z,59.7,21.1,1.919,50.4,0,60,0,0,0,0,0,0,0,0,66
2025-09-28T07:16:59.605Z,59.7,21.1,1.919,50.4,0,60,0,0,0,0,0,0,0,0,66
2025-09-28T07:17:00.606Z,59.7,21.1,1.919,49.6,0,60,0,0,0,0,0,0,0,0,66
2025-09-28T07:17:01.607Z,59.7,21.1,1.919,50.4,0,60,0,0,0,0,0,0,0,0,66
2025-09-28T07:17:02.613Z,59.7,21.1,1.918,49.6,0,60,0,0,0,0,0,0,0,0,66
2025-09-28T07:17:03.609Z,59.7,21.1,1.919,50.4,0,60,0,0,0,0,0,0,0,0,66
2025-09-28T07:17:04.610Z,59.7,21.1,1.919,49.6,0,60,0,0,0,0,0,0,0,0,66
2025-09-28T07:17:05.612Z,59.7,21.1,1.919,50.4,0,60,0,0,0,0,0,0,0,0,66
2025-09-28T07:17:06.614Z,59.7,21.1,1.919,49.6,0,60,0,0,0,0,0,0,0,0,66
2025-09-28T07:17:07.609Z,59.7,21.1,1.919,50.4,0,60,0,0,0,0,0,0,0,0,66
2025-09-28T07:17:08.618Z,59.7,21.1,1.918,49.6,0,60,0,0,0,0,0,0,0,0,66
2025-09-28T07:17:09.612Z,59.8,21.1,1.919,50.4,0,60,0,0,0,0,0,0,0,0,66
2025-09-28T07:17:10.610Z,59.8,21.1,1.919,49.6,0,60,0,0,0,0,0,0,0,0,66
2025-09-28T07:17:11.620Z,59.8,21.1,1.918,50.4,0,60,0,0,0,0,0,0,0,0,66
2025-09-28T07:17:12.624Z,59.8,21.1,1.918,49.6,0,60,0,0,0,0,0,0,0,0,66
2025-09-28T07:17:13.618Z,59.8,21.1,1.919,50.4,0,60,0,0,0,0,0,0,0,0,66
2025-09-28T07:17:14.624Z,59.8,21.1,1.918,49.6,0,60,0,0,0,0,0,0,0,0,66
2025-09-28T07:17:15.621Z,59.8,21.1,1.919,50.4,0,60,0,0,0,0,0,0,0,0,66
2025-09-28T07:17:16.620Z,59.8,21.1,1.919,49.6,0,60,0,0,0,0,0,0,0,0,66
2025-09-28T07:17:17.622Z,59.8,21.1,1.919,50.4,0,60,0,0,0,0,0,0,0,0,66
2025-09-28T07:17:18.621Z,59.8,21.1,1.919,49.6,0,60,0,0,0,0,0,0,0,0,66
2025-09-28T07:17:19.622Z,59.8,21.1,1.919,50.4,0,60,0,0,0,0,0,0,0,0,66
2025-09-28T07:17:20.629Z,59.8,21.1,1.918,49.6,0,60,0,0,0,0,0,0,0,0,66
2025-09-28T07:17:21.628Z,59.8,21.1,1.918,49.6,0,60,0,0,0,0,0,0,0,0,66
2025-09-28T07:17:22.626Z,59.8,21.1,1.918,49.6,0,60,0,0,0,0,0,0,0,0,66
2025-09-28T07:17:23.624Z,59.8,21.1,1.918,49.6,0,60,0,0,0,0,0,0,0,0,66
2025-09-28T07:17:24.628Z,59.8,21.1,1.918,50.4,0,60,0,0,0,0,0,0,0,0,66
2025-09-28T07:17:25.628Z,59.8,21.1,1.918,49.6,0,60,0,0,0,0,0,0,0,0,66
2025-09-28T07:17:26.627Z,59.8,21.1,1.917,50.4,0,60,0,0,0,0,0,0,0,0,66
2025-09-28T07:17:27.627Z,59.9,21.1,1.918,50.4,0,60,0,0,0,0,0,0,0,0,66
2025-09-28T07:17:28.632Z,59.9,21.1,1.918,49.6,0,60,0,0,0,0,0,0,0,0,66
2025-09-28T07:17:29.629Z,59.9,21.1,1.917,50.4,0,60,0,0,0,0,0,0,0,0,66
2025-09-28T07:17:30.635Z,59.9,21.1,1.918,49.6,0,60,0,0,0,0,0,0,0,0,66
2025-09-28T07:17:31.637Z,59.9,21.1,1.918,50.4,0,60,0,0,0,0,0,0,0,0,66
2025-09-28T07:17:32.633Z,59.9,21.1,1.918,49.6,0,60,0,0,0,0,0,0,0,0,66
2025-09-28T07:17:33.640Z,59.9,21.1,1.917,50.4,0,60,0,0,0,0,0,0,0,0,66
2025-09-28T07:17:34.639Z,59.9,21.1,1.917,49.6,0,60,0,0,0,0,0,0,0,0,66
2025-09-28T07:17:35.639Z,59.9,21.1,1.918,50.4,0,60,0,0,0,0,0,0,0,0,66
2025-09-28T07:17:36.640Z,59.9,21.1,1.917,49.6,0,60,0,0,0,0,0,0,0,0,66
2025-09-28T07:17:37.640Z,59.9,21.1,1.917,50.4,0,60,0,0,0,0,0,0,0,0,66
2025-09-28T07:17:38.640Z,59.9,21.1,1.917,49.6,0,60,0,0,0,0,0,0,0,0,66
2025-09-28T07:17:39.644Z,59.9,21.1,1.917,50.4,0,60,0,0,0,0,0,0,0,0,66
2025-09-28T07:17:40.639Z,59.9,21.1,1.917,50.4,0,60,0,0,0,0,0,0,0,0,66
2025-09-28T07:17:41.643Z,59.9,21.1,1.917,50.4,0,60,0,0,0,0,0,0,0,0,66
2025-09-28T07:17:42.639Z,59.9,21.1,1.917,50.4,0,60,0,0,0,0,0,0,0,0,66
2025-09-28T07:17:43.639Z,60,21.1,1.916,49.6,0,60,0,0,0,0,0,0,0,0,66
2025-09-28T07:17:44.647Z,60,21.1,1.917,50.4,0,60,0,0,0,0,0,0,0,0,66
2025-09-28T07:17:45.653Z,60,21.1,1.918,50.4,0,60,0,0,0,0,0,0,0,0,66
2025-09-28T07:17:46.648Z,60,21.1,1.916,50.4,0,60,0,0,0,0,0,0,0,0,66
2025-09-28T07:17:47.648Z,60,21.1,1.917,49.6,0,60,0,0,0,0,0,0,0,0,66
2025-09-28T07:17:48.651Z,60,21.1,1.916,50.4,0,60,0,0,0,0,0,0,0,0,66
2025-09-28T07:17:49.653Z,60,21.1,1.916,49.6,0,60,0,0,0,0,0,0,0,0,66
2025-09-28T07:17:50.652Z,60,21.1,1.916,50.4,0,60,0,0,0,0,0,0,0,0,66
2025-09-28T07:17:51.653Z,60,21.1,1.916,49.6,0,60,0,0,0,0,0,0,0,0,66
2025-09-28T07:17:52.660Z,60,21.1,1.917,50.4,0,60,0,0,0,0,0,0,0,0,66
2025-09-28T07:17:53.654Z,60,21.1,1.917,49.6,0,60,0,0,0,0,0,0,0,0,66
2025-09-28T07:17:54.658Z,60,21.1,1.917,50.4,0,60,0,0,0,0,0,0,0,0,66
2025-09-28T07:17:55.658Z,60,21.1,1.917,49.6,0,60,0,0,0,0,0,0,0,0,66
2025-09-28T07:17:56.658Z,60,21.1,1.917,49.6,0,60,0,0,0,0,0,0,0,0,66
2025-09-28T07:17:57.657Z,60,21.1,1.917,49.6,0,60,0,0,0,0,0,0,0,0,66
2025-09-28T07:17:58.659Z,60.1,21.1,1.917,49.6,0,60,0,0,0,0,0,0,0,0,66
2025-09-28T07:17:59.658Z,60.1,21.1,1.917,50.4,0,60,0,0,0,0,0,0,0,0,66
2025-09-28T07:18:00.663Z,60.1,21.1,1.917,49.6,0,60,0,0,0,0,0,0,0,0,66
2025-09-28T07:18:01.661Z,60.1,21.1,1.917,50.4,0,60,0,0,0,0,0,0,0,0,66
2025-09-28T07:18:02.663Z,60.1,21.1,1.917,49.6,0,60,0,0,0,0,0,0,0,0,66
2025-09-28T07:18:03.661Z,60.1,21.1,1.917,50.4,0,60,0,0,0,0,0,0,0,0,66
2025-09-28T07:18:04.677Z,60.1,21.1,1.916,49.6,0,60,0,0,0,0,0,0,0,0,66
2025-09-28T07:18:05.669Z,60.1,21.1,1.917,50.4,0,60,0,0,0,0,0,0,0,0,66
2025-09-28T07:18:06.664Z,60.1,21.1,1.917,49.6,0,60,0,0,0,0,0,0,0,0,66
2025-09-28T07:18:07.663Z,60.1,21.1,1.916,50.4,0,60,0,0,0,0,0,0,0,0,66
2025-09-28T07:18:08.668Z,60.1,21.1,1.917,49.6,0,60,0,0,0,0,0,0,0,0,66
2025-09-28T07:18:09.669Z,60.1,21.1,1.917,50.4,0,60,0,0,0,0,0,0,0,0,66
2025-09-28T07:18:10.671Z,60.1,21.1,1.917,49.6,0,60,0,0,0,0,0,0,0,0,66
2025-09-28T07:18:11.671Z,60.1,21.1,1.916,50.4,0,60,0,0,0,0,0,0,0,0,66
2025-09-28T07:18:12.677Z,60.1,21.1,1.917,49.6,0,60,0,0,0,0,0,0,0,0,66
2025-09-28T07:18:13.671Z,60.2,21.1,1.917,50.4,0,60,0,0,0,0,0,0,0,0,66
2025-09-28T07:18:14.672Z,60.2,21.1,1.917,49.6,0,60,0,0,0,0,0,0,0,0,66
2025-09-28T07:18:15.676Z,60.2,21.1,1.917,49.6,0,60,0,0,0,0,0,0,0,0,66
2025-09-28T07:18:16.677Z,60.2,21.1,1.917,50.4,0,60,0,0,0,0,0,0,0,0,66
2025-09-28T07:18:17.680Z,60.2,21.1,1.917,49.6,0,60,0,0,0,0,0,0,0,0,66
2025-09-28T07:18:18.679Z,60.2,21.1,1.917,50.4,0,60,0,0,0,0,0,0,0,0,66
2025-09-28T07:18:19.679Z,60.2,21.1,1.916,49.6,0,60,0,0,0,0,0,0,0,0,66
2025-09-28T07:18:20.681Z,60.2,21.1,1.916,50.4,0,60,0,0,0,0,0,0,0,0,66
2025-09-28T07:18:21.686Z,60.2,21.1,1.915,49.6,0,60,0,0,0,0,0,0,0,0,66
2025-09-28T07:18:22.681Z,60.2,21.1,1.916,50.4,0,60,0,0,0,0,0,0,0,0,66
2025-09-28T07:18:23.680Z,60.2,21.1,1.916,49.6,0,60,0,0,0,0,0,0,0,0,66
2025-09-28T07:18:24.680Z,60.2,21.1,1.916,50.4,0,60,0,0,0,0,0,0,0,0,66
2025-09-28T07:18:25.682Z,60.2,21.1,1.916,49.6,0,60,0,0,0,0,0,0,0,0,66
2025-09-28T07:18:26.682Z,60.2,21.1,1.916,50.4,0,60,0,0,0,0,0,0,0,0,66
2025-09-28T07:18:27.686Z,60.3,21.1,1.916,49.6,0,60,0,0,0,0,0,0,0,0,66
2025-09-28T07:18:28.687Z,60.3,21.1,1.916,50.4,0,60,0,0,0,0,0,0,0,0,66
2025-09-28T07:18:29.694Z,60.3,21.1,1.915,49.6,0,60,0,0,0,0,0,0,0,0,66
2025-09-28T07:18:30.687Z,60.3,21.1,1.916,50.4,0,60,0,0,0,0,0,0,0,0,66
2025-09-28T07:18:31.687Z,60.3,21.1,1.916,49.6,0,60,0,0,0,0,0,0,0,0,66
2025-09-28T07:18:32.689Z,60.3,21.1,1.915,50.4,0,60,0,0,0,0,0,0,0,0,66
2025-09-28T07:18:33.695Z,60.3,21.1,1.915,49.6,0,60,0,0,0,0,0,0,0,0,66
2025-09-28T07:18:34.702Z,60.3,21.1,1.915,50.4,0,60,0,0,0,0,0,0,0,0,66
2025-09-28T07:18:35.696Z,60.3,21.1,1.915,49.6,0,60,0,0,0,0,0,0,0,0,66
2025-09-28T07:18:36.699Z,60.3,21.1,1.915,50.4,0,60,0,0,0,0,0,0,0,0,66
2025-09-28T07:18:37.698Z,60.3,21.1,1.915,49.6,0,60,0,0,0,0,0,0,0,0,66
2025-09-28T07:18:38.701Z,60.3,21.1,1.915,50.4,0,60,0,0,0,0,0,0,0,0,66
2025-09-28T07:18:39.697Z,60.3,21.1,1.915,49.6,0,60,0,0,0,0,0,0,0,0,66
2025-09-28T07:18:40.701Z,60.3,21.1,1.915,50.4,0,60,0,0,0,0,0,0,0,0,66
2025-09-28T07:18:41.708Z,60.4,21.1,1.915,49.6,0,60,0,0,0,0,0,0,0,0,66
2025-09-28T07:18:42.708Z,60.4,21.1,1.915,50.4,0,60,0,0,0,0,0,0,0,0,66
2025-09-28T07:18:43.701Z,60.4,21.1,1.915,49.6,0,60,0,0,0,0,0,0,0,0,66
2025-09-28T07:18:44.701Z,60.4,21.1,1.915,49.6,0,60,0,0,0,0,0,0,0,0,66
2025-09-28T07:18:45.706Z,60.4,21.1,1.915,49.6,0,60,0,0,0,0,0,0,0,0,66
2025-09-28T07:18:46.707Z,60.4,21.1,1.915,49.6,0,60,0,0,0,0,0,0,0,0,66
2025-09-28T07:18:47.705Z,60.4,21.1,1.915,50.4,0,60,0,0,0,0,0,0,0,0,66
2025-09-28T07:18:48.712Z,60.4,21.1,1.915,49.6,0,60,0,0,0,0,0,0,0,0,66
2025-09-28T07:18:49.708Z,60.4,21.1,1.915,50.4,0,60,0,0,0,0,0,0,0,0,66
2025-09-28T07:18:50.708Z,60.4,21.1,1.915,49.6,0,60,0,0,0,0,0,0,0,0,66
2025-09-28T07:18:51.709Z,60.4,21.1,1.915,49.6,0,60,0,0,0,0,0,0,0,0,66
2025-09-28T07:18:52.713Z,60.4,21.1,1.915,50.4,0,60,0,0,0,0,0,0,0,0,66
2025-09-28T07:18:53.706Z,60.4,21.1,1.915,49.6,0,60,0,0,0,0,0,0,0,0,66
2025-09-28T07:18:54.712Z,60.4,21.1,1.915,50.4,0,60,0,0,0,0,0,0,0,0,66
2025-09-28T07:18:55.713Z,60.5,21.1,1.915,49.6,0,60,0,0,0,0,0,0,0,0,66
2025-09-28T07:18:56.713Z,60.5,21.1,1.915,49.6,0,60,0,0,0,0,0,0,0,0,66
2025-09-28T07:18:57.715Z,60.5,21.1,1.915,50.4,0,60,0,0,0,0,0,0,0,0,66
2025-09-28T07:18:58.713Z,60.5,21.1,1.915,49.6,0,60,0,0,0,0,0,0,0,0,66
2025-09-28T07:18:59.712Z,60.5,21.1,1.914,49.6,0,60,0,0,0,0,0,0,0,0,66
2025-09-28T07:19:00.715Z,60.5,21.1,1.914,50.4,0,60,0,0,0,0,0,0,0,0,66
2025-09-28T07:19:01.715Z,60.5,21.1,1.915,49.6,0,60,0,0,0,0,0,0,0,0,66
2025-09-28T07:19:02.722Z,60.5,21.1,1.915,49.6,0,60,0,0,0,0,0,0,0,0,66
2025-09-28T07:19:03.719Z,60.5,21.1,1.914,50.4,0,60,0,0,0,0,0,0,0,0,66
2025-09-28T07:19:04.722Z,60.5,21.1,1.915,50.4,0,60,0,0,0,0,0,0,0,0,66
2025-09-28T07:19:05.723Z,60.5,21.1,1.915,49.6,0,60,0,0,0,0,0,0,0,0,66
2025-09-28T07:19:06.720Z,60.5,21.1,1.914,50.4,0,60,0,0,0,0,0,0,0,0,66
2025-09-28T07:19:07.719Z,60.5,21.1,1.914,49.6,0,60,0,0,0,0,0,0,0,0,66
2025-09-28T07:19:08.723Z,60.5,21.1,1.914,50.4,0,60,0,0,0,0,0,0,0,0,66
2025-09-28T07:19:09.743Z,60.5,21.1,1.914,49.6,0,60,0,0,0,0,0,0,0,0,66
2025-09-28T07:19:10.722Z,60.6,21.1,1.914,50.4,0,60,0,0,0,0,0,0,0,0,66
2025-09-28T07:19:11.724Z,60.6,21.1,1.914,49.6,0,60,0,0,0,0,0,0,0,0,66
2025-09-28T07:19:12.733Z,60.6,21.1,1.915,49.6,0,60,0,0,0,0,0,0,0,0,66
2025-09-28T07:19:13.732Z,60.6,21.1,1.915,50.4,0,60,0,0,0,0,0,0,0,0,66
2025-09-28T07:19:14.730Z,60.6,21.1,1.914,49.6,0,60,0,0,0,0,0,0,0,0,66
2025-09-28T07:19:15.730Z,60.6,21.1,1.914,49.6,0,60,0,0,0,0,0,0,0,0,66
2025-09-28T07:19:16.735Z,60.6,21.1,1.915,50.4,0,60,0,0,0,0,0,0,0,0,66
2025-09-28T07:19:17.734Z,60.6,21.1,1.915,49.6,0,60,0,0,0,0,0,0,0,0,66
2025-09-28T07:19:18.731Z,60.6,21.1,1.913,49.6,0,60,0,0,0,0,0,0,0,0,66
2025-09-28T07:19:19.734Z,60.6,21.1,1.914,50.4,0,60,0,0,0,0,0,0,0,0,66
2025-09-28T07:19:20.742Z,60.6,21.1,1.914,50.4,0,60,0,0,0,0,0,0,0,0,66
2025-09-28T07:19:21.742Z,60.6,21.1,1.914,49.6,0,60,0,0,0,0,0,0,0,0,66
2025-09-28T07:19:22.740Z,60.6,21.1,1.914,50.4,0,60,0,0,0,0,0,0,0,0,66
2025-09-28T07:19:23.734Z,60.6,21.1,1.914,50.4,0,60,0,0,0,0,0,0,0,0,66
2025-09-28T07:19:24.739Z,60.6,21.1,1.914,49.6,0,60,0,0,0,0,0,0,0,0,66
2025-09-28T07:19:25.735Z,60.6,21.1,1.914,50.4,0,60,0,0,0,0,0,0,0,0,66
2025-09-28T07:19:26.751Z,60.6,21.1,1.913,49.6,0,60,0,0,0,0,0,0,0,0,66
2025-09-28T07:19:27.745Z,60.7,21.1,1.914,50.4,0,60,0,0,0,0,0,0,0,0,66
2025-09-28T07:19:28.748Z,60.7,21.1,1.914,49.6,0,60,0,0,0,0,0,0,0,0,66
2025-09-28T07:19:29.749Z,60.7,21.1,1.914,49.6,0,60,0,0,0,0,0,0,0,0,66
2025-09-28T07:19:30.748Z,60.7,21.1,1.914,50.4,0,60,0,0,0,0,0,0,0,0,66
2025-09-28T07:19:31.745Z,60.7,21.1,1.914,50.4,0,60,0,0,0,0,0,0,0,0,66
2025-09-28T07:19:32.749Z,60.7,21.1,1.914,49.6,0,59.9,0,0,0,0,0,0,0,0,66
2025-09-28T07:19:33.750Z,60.7,21.1,1.914,50.4,0,59.9,0,0,0,0,0,0,0,0,66
2025-09-28T07:19:34.755Z,60.7,21.1,1.913,49.6,0,59.9,0,0,0,0,0,0,0,0,66
2025-09-28T07:19:35.751Z,60.7,21.1,1.914,50.4,0,59.9,0,0,0,0,0,0,0,0,66
2025-09-28T07:19:36.757Z,60.7,21.1,1.913,49.6,0,59.9,0,0,0,0,0,0,0,0,66
2025-09-28T07:19:37.751Z,60.7,21.1,1.914,50.4,0,59.9,0,0,0,0,0,0,0,0,66
2025-09-28T07:19:38.757Z,60.7,21.1,1.913,49.6,0,59.9,0,0,0,0,0,0,0,0,66
2025-09-28T07:19:39.762Z,60.7,21.1,1.913,49.6,0,59.9,0,0,0,0,0,0,0,0,66
2025-09-28T07:19:40.758Z,60.7,21.1,1.913,50.4,0,59.9,0,0,0,0,0,0,0,0,66
2025-09-28T07:19:41.760Z,60.7,21.1,1.913,49.6,0,59.9,0,0,0,0,0,0,0,0,66
2025-09-28T07:19:42.757Z,60.7,21.1,1.914,50.4,0,59.9,0,0,0,0,0,0,0,0,66
2025-09-28T07:19:43.770Z,60.7,21.1,1.913,50.4,0,59.9,0,0,0,0,0,0,0,0,66
2025-09-28T07:19:44.765Z,60.7,21.1,1.913,49.6,0,59.9,0,0,0,0,0,0,0,0,66
2025-09-28T07:19:45.768Z,60.7,21.1,1.913,50.4,0,59.9,0,0,0,0,0,0,0,0,66
2025-09-28T07:19:46.760Z,60.8,21.1,1.914,49.6,0,59.9,0,0,0,0,0,0,0,0,66
2025-09-28T07:19:47.765Z,60.8,21.1,1.913,50.4,0,59.9,0,0,0,0,0,0,0,0,66
2025-09-28T07:19:48.767Z,60.8,21.1,1.913,49.6,0,59.9,0,0,0,0,0,0,0,0,66
2025-09-28T07:19:49.762Z,60.8,21.1,1.913,50.4,0,59.9,0,0,0,0,0,0,0,0,66
2025-09-28T07:19:50.763Z,60.8,21.1,1.914,49.6,0,59.9,0,0,0,0,0,0,0,0,66
2025-09-28T07:19:51.767Z,60.8,21.1,1.913,50.4,0,59.9,0,0,0,0,0,0,0,0,66
2025-09-28T07:19:52.762Z,60.8,21.1,1.914,49.6,0,59.9,0,0,0,0,0,0,0,0,66
2025-09-28T07:19:53.766Z,60.8,21.1,1.913,50.4,0,59.9,0,0,0,0,0,0,0,0,66
2025-09-28T07:19:54.766Z,60.8,21.1,1.913,49.6,0,59.9,0,0,0,0,0,0,0,0,66
2025-09-28T07:19:55.775Z,60.8,21.1,1.913,50.4,0,59.9,0,0,0,0,0,0,0,0,66
2025-09-28T07:19:56.768Z,60.8,21.1,1.913,49.6,0,59.9,0,0,0,0,0,0,0,0,66
2025-09-28T07:19:57.771Z,60.8,21.1,1.913,50.4,0,59.9,0,0,0,0,0,0,0,0,66
2025-09-28T07:19:58.768Z,60.8,21.1,1.913,49.6,0,59.9,0,0,0,0,0,0,0,0,66
2025-09-28T07:19:59.769Z,60.8,21.1,1.913,50.4,0,59.9,0,0,0,0,0,0,0,0,66
2025-09-28T07:20:00.777Z,60.8,21.1,1.913,49.6,0,59.9,0,0,0,0,0,0,0,0,66
2025-09-28T07:20:01.771Z,60.8,21.1,1.913,50.4,0,59.9,0,0,0,0,0,0,0,0,66
2025-09-28T07:20:02.772Z,60.8,21.1,1.913,49.6,0,59.9,0,0,0,0,0,0,0,0,66
2025-09-28T07:20:03.774Z,60.8,21.1,1.913,50.4,0,59.9,0,0,0,0,0,0,0,0,66
2025-09-28T07:20:04.774Z,60.8,21.1,1.913,49.6,0,59.9,0,0,0,0,0,0,0,0,66
2025-09-28T07:20:05.779Z,60.8,21.1,1.913,50.4,0,59.9,0,0,0,0,0,0,0,0,66
2025-09-28T07:20:06.777Z,60.8,21.1,1.912,49.6,0,59.9,0,0,0,0,0,0,0,0,66
2025-09-28T07:20:07.776Z,60.9,21.1,1.912,50.4,0,59.9,0,0,0,0,0,0,0,0,66
2025-09-28T07:20:08.780Z,60.9,21.1,1.912,49.6,0,59.9,0,0,0,0,0,0,0,0,66
2025-09-28T07:20:09.778Z,60.9,21.1,1.913,50.4,0,59.9,0,0,0,0,0,0,0,0,66
2025-09-28T07:20:10.778Z,60.9,21.1,1.913,49.6,0,59.9,0,0,0,0,0,0,0,0,66
2025-09-28T07:20:11.782Z,60.9,21.1,1.912,50.4,0,59.9,0,0,0,0,0,0,0,0,66
2025-09-28T07:20:12.783Z,60.9,21.1,1.912,49.6,0,59.9,0,0,0,0,0,0,0,0,66
2025-09-28T07:20:13.781Z,60.9,21.1,1.912,50.4,0,59.9,0,0,0,0,0,0,0,0,66
2025-09-28T07:20:14.786Z,60.9,21.1,1.912,49.6,0,59.9,0,0,0,0,0,0,0,0,66
2025-09-28T07:20:15.785Z,60.9,21.1,1.913,50.4,0,59.9,0,0,0,0,0,0,0,0,66
2025-09-28T07:20:16.786Z,60.9,21.1,1.912,49.6,0,59.9,0,0,0,0,0,0,0,0,66
2025-09-28T07:20:17.789Z,60.9,21.1,1.913,50.4,0,59.9,0,0,0,0,0,0,0,0,66
2025-09-28T07:20:18.790Z,60.9,21.1,1.913,49.6,0,59.9,0,0,0,0,0,0,0,0,66
2025-09-28T07:20:19.793Z,60.9,21.1,1.913,50.4,0,59.9,0,0,0,0,0,0,0,0,66
2025-09-28T07:20:20.791Z,60.9,21.1,1.913,49.6,0,59.9,0,0,0,0,0,0,0,0,66
2025-09-28T07:20:21.794Z,60.9,21.1,1.913,50.4,0,59.9,0,0,0,0,0,0,0,0,66
2025-09-28T07:20:22.791Z,60.9,21.1,1.912,49.6,0,59.9,0,0,0,0,0,0,0,0,66
2025-09-28T07:20:23.793Z,60.9,21.1,1.913,49.6,0,59.9,0,0,0,0,0,0,0,0,66
2025-09-28T07:20:24.793Z,60.9,21.1,1.913,49.6,0,59.9,0,0,0,0,0,0,0,0,66
2025-09-28T07:20:25.793Z,60.9,21.1,1.913,50.4,0,59.9,0,0,0,0,0,0,0,0,66
2025-09-28T07:20:26.795Z,60.9,21.1,1.913,49.6,0,59.9,0,0,0,0,0,0,0,0,66
2025-09-28T07:20:27.796Z,60.9,21.1,1.913,50.4,0,59.9,0,0,0,0,0,0,0,0,66
2025-09-28T07:20:28.796Z,60.9,21.1,1.913,49.6,0,59.9,0,0,0,0,0,0,0,0,66
2025-09-28T07:20:29.801Z,60.9,21.1,1.912,50.4,0,59.9,0,0,0,0,0,0,0,0,66
2025-09-28T07:20:30.800Z,60.9,21.1,1.912,49.6,0,60,0,0,0,0,0,0,0,0,66
2025-09-28T07:20:31.798Z,60.9,21.1,1.912,50.4,0,60,0,0,0,0,0,0,0,0,66
2025-09-28T07:20:32.805Z,60.9,21.1,1.913,49.6,0,60,0,0,0,0,0,0,0,0,66
2025-09-28T07:20:33.809Z,60.9,21.1,1.913,50.4,0,60,0,0,0,0,0,0,0,0,66
2025-09-28T07:20:34.805Z,60.9,21.1,1.913,49.6,0,60,0,0,0,0,0,0,0,0,66
2025-09-28T07:20:35.807Z,60.9,21.1,1.912,49.6,0,60,0,0,0,0,0,0,0,0,66
2025-09-28T07:20:36.809Z,60.9,21.1,1.912,50.4,0,60,0,0,0,0,0,0,0,0,66
2025-09-28T07:20:37.808Z,60.9,21.1,1.912,49.6,0,60,0,0,0,0,0,0,0,0,66
2025-09-28T07:20:38.807Z,60.9,21.1,1.912,50.4,0,60,0,0,0,0,0,0,0,0,66
2025-09-28T07:20:39.808Z,60.9,21.1,1.912,49.6,0,60,0,0,0,0,0,0,0,0,66
2025-09-28T07:20:40.811Z,60.9,21.1,1.912,50.4,0,60,0,0,0,0,0,0,0,0,66
2025-09-28T07:20:41.814Z,60.9,21.1,1.912,49.6,0,60,0,0,0,0,0,0,0,0,66
2025-09-28T07:20:42.810Z,61,21.1,1.912,50.4,0,59.9,0,0,0,0,0,0,0,0,66
2025-09-28T07:20:43.812Z,61,21.1,1.913,49.6,0,60,0,0,0,0,0,0,0,0,66
2025-09-28T07:20:44.814Z,61,21.1,1.912,50.4,0,60,0,0,0,0,0,0,0,0,66
2025-09-28T07:20:45.819Z,61,21.1,1.912,49.6,0,60,0,0,0,0,0,0,0,0,66
2025-09-28T07:20:46.815Z,61,21.1,1.912,50.4,0,60,0,0,0,0,0,0,0,0,66
2025-09-28T07:20:47.817Z,61,21.1,1.912,49.6,0,60,0,0,0,0,0,0,0,0,66
2025-09-28T07:20:48.818Z,61,21.1,1.912,50.4,0,60,0,0,0,0,0,0,0,0,66
2025-09-28T07:20:49.824Z,61,21.1,1.912,49.6,0,60,0,0,0,0,0,0,0,0,66
2025-09-28T07:20:50.825Z,61,21.1,1.912,50.4,0,60,0,0,0,0,0,0,0,0,66
2025-09-28T07:20:51.820Z,61,21.1,1.912,49.6,0,60,0,0,0,0,0,0,0,0,66
2025-09-28T07:20:52.822Z,61,21.1,1.912,50.4,0,60,0,0,0,0,0,0,0,0,66
2025-09-28T07:20:53.825Z,61,21.1,1.912,49.6,0,60,0,0,0,0,0,0,0,0,66
2025-09-28T07:20:54.827Z,61,21.1,1.912,50.4,0,60,0,0,0,0,0,0,0,0,66
2025-09-28T07:20:55.823Z,61,21.1,1.912,49.6,0,60,0,0,0,0,0,0,0,0,66
2025-09-28T07:20:56.824Z,61,21.1,1.912,50.4,0,60,0,0,0,0,0,0,0,0,66
2025-09-28T07:20:57.826Z,61,21.1,1.912,49.6,0,60,0,0,0,0,0,0,0,0,66
2025-09-28T07:20:58.825Z,61,21.1,1.912,50.4,0,60,0,0,0,0,0,0,0,0,66
2025-09-28T07:20:59.825Z,61,21.1,1.912,49.6,0,60,0,0,0,0,0,0,0,0,66
2025-09-28T07:21:00.827Z,61,21.1,1.912,50.4,0,60,0,0,0,0,0,0,0,0,66
2025-09-28T07:21:01.833Z,61,21.1,1.912,49.6,0,59.9,0,0,0,0,0,0,0,0,66
2025-09-28T07:21:02.829Z,61,21.1,1.912,50.4,0,60,0,0,0,0,0,0,0,0,66
2025-09-28T07:21:03.830Z,61,21.1,1.912,49.6,0,59.9,0,0,0,0,0,0,0,0,66
2025-09-28T07:21:04.829Z,61,21.1,1.912,50.4,0,60,0,0,0,0,0,0,0,0,66
2025-09-28T07:21:05.830Z,61,21.1,1.912,49.6,0,60,0,0,0,0,0,0,0,0,66
2025-09-28T07:21:06.830Z,61,21.1,1.912,50.4,0,60,0,0,0,0,0,0,0,0,66
2025-09-28T07:21:07.834Z,61,21.1,1.912,49.6,0,60,0,0,0,0,0,0,0,0,66
2025-09-28T07:21:08.838Z,61,21.1,1.912,50.4,0,60,0,0,0,0,0,0,0,0,66
2025-09-28T07:21:09.838Z,61,21.1,1.912,49.6,0,59.9,0,0,0,0,0,0,0,0,66
2025-09-28T07:21:10.836Z,61,21.1,1.912,50.4,0,60,0,0,0,0,0,0,0,0,66
2025-09-28T07:21:11.840Z,61,21.1,1.912,49.6,0,60,0,0,0,0,0,0,0,0,66
2025-09-28T07:21:12.838Z,61,21.1,1.912,50.4,0,60,0,0,0,0,0,0,0,0,66
2025-09-28T07:21:13.837Z,61,21.1,1.912,49.6,0,60,0,0,0,0,0,0,0,0,66
2025-09-28T07:21:14.845Z,61,21.1,1.912,50.4,0,60,0,0,0,0,0,0,0,0,66
2025-09-28T07:21:15.841Z,61,21.1,1.912,49.6,0,60,0,0,0,0,0,0,0,0,66
2025-09-28T07:21:16.847Z,61,21.1,1.912,50.4,0,60,0,0,0,0,0,0,0,0,66
2025-09-28T07:21:17.848Z,61,21.1,1.913,49.6,0,60,0,0,0,0,0,0,0,0,66
2025-09-28T07:21:18.848Z,61,21.1,1.912,50.4,0,60,0,0,0,0,0,0,0,0,66
2025-09-28T07:21:19.847Z,61,21.1,1.912,49.6,0,60,0,0,0,0,0,0,0,0,66
2025-09-28T07:21:20.846Z,61,21.1,1.912,50.4,0,60,0,0,0,0,0,0,0,0,66
2025-09-28T07:21:21.853Z,61,21.1,1.912,49.6,0,60,0,0,0,0,0,0,0,0,66
2025-09-28T07:21:22.857Z,61,21.1,1.912,50.4,0,60,0,0,0,0,0,0,0,0,66
2025-09-28T07:21:23.846Z,61,21.1,1.912,49.6,0,60,0,0,0,0,0,0,0,0,66
2025-09-28T07:21:24.850Z,61,21.1,1.912,50.4,0,60,0,0,0,0,0,0,0,0,66
2025-09-28T07:21:25.851Z,61,21.1,1.912,49.6,0,60,0,0,0,0,0,0,0,0,66
2025-09-28T07:21:26.856Z,61,21.1,1.912,50.4,0,60,0,0,0,0,0,0,0,0,66
2025-09-28T07:21:27.858Z,61,21.1,1.913,49.6,0,60,0,0,0,0,0,0,0,0,66
2025-09-28T07:21:28.853Z,61,21.1,1.912,50.4,0,60,0,0,0,0,0,0,0,0,66
2025-09-28T07:21:29.858Z,60.9,21.1,1.912,49.6,0,60,0,0,0,0,0,0,0,0,66
2025-09-28T07:21:30.854Z,60.9,21.1,1.912,50.4,0,60,0,0,0,0,0,0,0,0,66
2025-09-28T07:21:31.858Z,61,21.1,1.912,49.6,0,60,0,0,0,0,0,0,0,0,66
2025-09-28T07:21:32.856Z,60.9,21.1,1.912,50.4,0,60,0,0,0,0,0,0,0,0,66
2025-09-28T07:21:33.857Z,60.9,21.1,1.912,49.6,0,60,0,0,0,0,0,0,0,0,66
2025-09-28T07:21:34.858Z,60.9,21.1,1.912,50.4,0,60,0,0,0,0,0,0,0,0,66
2025-09-28T07:21:35.858Z,60.9,21.1,1.912,49.6,0,60,0,0,0,0,0,0,0,0,66
2025-09-28T07:21:36.860Z,60.9,21.1,1.912,50.4,0,60,0,0,0,0,0,0,0,0,66
2025-09-28T07:21:37.863Z,60.9,21.1,1.912,49.6,0,60,0,0,0,0,0,0,0,0,66
2025-09-28T07:21:38.866Z,60.9,21.1,1.912,49.6,0,60,0,0,0,0,0,0,0,0,66
2025-09-28T07:21:39.866Z,60.9,21.1,1.913,49.6,0,60,0,0,0,0,0,0,0,0,66
2025-09-28T07:21:40.865Z,60.9,21.1,1.913,50.4,0,60,0,0,0,0,0,0,0,0,66
2025-09-28T07:21:41.866Z,60.9,21.1,1.912,49.6,0,60,0,0,0,0,0,0,0,0,66
2025-09-28T07:21:42.867Z,60.9,21.1,1.913,50.4,0,60,0,0,0,0,0,0,0,0,66
2025-09-28T07:21:43.867Z,60.9,21.1,1.913,49.6,0,60,0,0,0,0,0,0,0,0,66
2025-09-28T07:21:44.874Z,60.9,21.1,1.912,50.4,0,60,0,0,0,0,0,0,0,0,66
2025-09-28T07:21:45.875Z,60.9,21.1,1.912,49.6,0,60,0,0,0,0,0,0,0,0,66
2025-09-28T07:21:46.872Z,60.9,21.1,1.912,50.4,0,60,0,0,0,0,0,0,0,0,66
2025-09-28T07:21:47.876Z,60.9,21.1,1.912,49.6,0,60,0,0,0,0,0,0,0,0,66
2025-09-28T07:21:48.875Z,60.9,21.1,1.912,50.4,0,60,0,0,0,0,0,0,0,0,66
2025-09-28T07:21:49.882Z,60.9,21.1,1.912,49.6,0,60,0,0,0,0,0,0,0,0,66
2025-09-28T07:21:50.877Z,60.9,21.1,1.912,50.4,0,60,0,0,0,0,0,0,0,0,66
2025-09-28T07:21:51.875Z,60.9,21.1,1.912,49.6,0,60,0,0,0,0,0,0,0,0,66
2025-09-28T07:21:52.876Z,60.9,21.1,1.912,50.4,0,60,0,0,0,0,0,0,0,0,66
2025-09-28T07:21:53.878Z,60.9,21.1,1.912,49.6,0,60,0,0,0,0,0,0,0,0,66
2025-09-28T07:21:54.875Z,60.9,21.1,1.912,50.4,0,60,0,0,0,0,0,0,0,0,66
2025-09-28T07:21:55.882Z,60.9,21.1,1.912,49.6,0,60,0,0,0,0,0,0,0,0,66
2025-09-28T07:21:56.877Z,60.9,21.1,1.912,50.4,0,60,0,0,0,0,0,0,0,0,66
2025-09-28T07:21:57.881Z,60.9,21.1,1.912,49.6,0,60,0,0,0,0,0,0,0,0,66
2025-09-28T07:21:58.881Z,60.9,21.1,1.912,50.4,0,60,0,0,0,0,0,0,0,0,66
2025-09-28T07:21:59.882Z,60.9,21.1,1.912,49.6,0,60,0,0,0,0,0,0,0,0,66
2025-09-28T07:22:00.889Z,60.9,21.1,1.912,49.6,0,60,0,0,0,0,0,0,0,0,66
2025-09-28T07:22:01.885Z,60.9,21.1,1.912,49.6,0,60,0,0,0,0,0,0,0,0,66
2025-09-28T07:22:02.887Z,60.9,21.1,1.913,49.6,0,60,0,0,0,0,0,0,0,0,66
2025-09-28T07:22:03.882Z,60.9,21.1,1.912,49.6,0,60,0,0,0,0,0,0,0,0,66
2025-09-28T07:22:04.888Z,60.8,21.1,1.913,50.4,0,60,0,0,0,0,0,0,0,0,66
2025-09-28T07:22:05.891Z,60.8,21.1,1.912,49.6,0,60,0,0,0,0,0,0,0,0,66
2025-09-28T07:22:06.891Z,60.8,21.1,1.913,50.4,0,60,0,0,0,0,0,0,0,0,66
2025-09-28T07:22:07.892Z,60.8,21.1,1.913,49.6,0,60,0,0,0,0,0,0,0,0,66
2025-09-28T07:22:08.892Z,60.8,21.1,1.913,50.4,0,60,0,0,0,0,0,0,0,0,66
2025-09-28T07:22:09.893Z,60.8,21.1,1.913,49.6,0,60,0,0,0,0,0,0,0,0,66
2025-09-28T07:22:10.895Z,60.8,21.1,1.914,50.4,0,60,0,0,0,0,0,0,0,0,66
2025-09-28T07:22:11.896Z,60.8,21.1,1.914,49.6,0,60,0,0,0,0,0,0,0,0,66
2025-09-28T07:22:12.898Z,60.8,21.1,1.914,50.4,0,60,0,0,0,0,0,0,0,0,66
2025-09-28T07:22:13.895Z,60.8,21.1,1.912,49.6,0,60,0,0,0,0,0,0,0,0,66
2025-09-28T07:22:14.902Z,60.8,21.1,1.914,50.4,0,60,0,0,0,0,0,0,0,0,66
2025-09-28T07:22:15.899Z,60.8,21.1,1.914,49.6,0,60,0,0,0,0,0,0,0,0,66
2025-09-28T07:22:16.902Z,60.8,21.1,1.914,50.4,0,60,0,0,0,0,0,0,0,0,66
2025-09-28T07:22:17.905Z,60.8,21.1,1.914,49.6,0,60,0,0,0,0,0,0,0,0,66
2025-09-28T07:22:18.907Z,60.8,21.1,1.914,50.4,0,60,0,0,0,0,0,0,0,0,66
2025-09-28T07:22:19.902Z,60.8,21.1,1.914,49.6,0,60,0,0,0,0,0,0,0,0,66
2025-09-28T07:22:20.907Z,60.8,21.1,1.914,50.4,0,60,0,0,0,0,0,0,0,0,66
2025-09-28T07:22:21.910Z,60.8,21.1,1.914,49.6,0,60,0,0,0,0,0,0,0,0,66
2025-09-28T07:22:22.904Z,60.8,21.1,1.914,50.4,0,60,0,0,0,0,0,0,0,0,66
2025-09-28T07:22:23.902Z,60.8,21.1,1.914,49.6,0,60,0,0,0,0,0,0,0,0,66
2025-09-28T07:22:24.909Z,60.8,21.1,1.914,50.4,0,60,0,0,0,0,0,0,0,0,66
2025-09-28T07:22:25.906Z,60.8,21.1,1.914,49.6,0,60,0,0,0,0,0,0,0,0,66
2025-09-28T07:22:26.907Z,60.8,21.1,1.914,50.4,0,60,0,0,0,0,0,0,0,0,66
2025-09-28T07:22:27.907Z,60.8,21.1,1.914,49.6,0,60,0,0,0,0,0,0,0,0,66
2025-09-28T07:22:28.911Z,60.8,21.1,1.914,50.4,0,60,0,0,0,0,0,0,0,0,66
2025-09-28T07:22:29.915Z,60.7,21.1,1.914,49.6,0,60,0,0,0,0,0,0,0,0,66
2025-09-28T07:22:30.915Z,60.7,21.1,1.914,50.4,0,60,0,0,0,0,0,0,0,0,66
2025-09-28T07:22:31.917Z,60.7,21.1,1.914,49.6,0,60,0,0,0,0,0,0,0,0,66
2025-09-28T07:22:32.912Z,60.7,21.1,1.914,50.4,0,60,0,0,0,0,0,0,0,0,66
2025-09-28T07:22:33.919Z,60.7,21.1,1.914,49.6,0,60,0,0,0,0,0,0,0,0,66
2025-09-28T07:22:34.913Z,60.7,21.1,1.914,50.4,0,60,0,0,0,0,0,0,0,0,66
2025-09-28T07:22:35.914Z,60.7,21.1,1.914,49.6,0,60,0,0,0,0,0,0,0,0,66
2025-09-28T07:22:36.919Z,60.7,21.1,1.914,50.4,0,60,0,0,0,0,0,0,0,0,66
2025-09-28T07:22:37.917Z,60.7,21.1,1.914,49.6,0,60,0,0,0,0,0,0,0,0,66
2025-09-28T07:22:38.923Z,60.7,21.1,1.914,50.4,0,60,0,0,0,0,0,0,0,0,66
2025-09-28T07:22:39.920Z,60.7,21.1,1.914,49.6,0,60,0,0,0,0,0,0,0,0,66
2025-09-28T07:22:40.925Z,60.7,21.1,1.914,50.4,0,60,0,0,0,0,0,0,0,0,66
2025-09-28T07:22:41.922Z,60.7,21.1,1.914,49.6,0,60,0,0,0,0,0,0,0,0,66
2025-09-28T07:22:42.926Z,60.7,21.1,1.914,50.4,0,60,0,0,0,0,0,0,0,0,66
2025-09-28T07:22:43.927Z,60.7,21.1,1.913,49.6,0,60,0,0,0,0,0,0,0,0,66
2025-09-28T07:22:44.926Z,60.7,21.1,1.914,50.4,0,60,0,0,0,0,0,0,0,0,66
2025-09-28T07:22:45.925Z,60.7,21.1,1.914,49.6,0,60,0,0,0,0,0,0,0,0,66
2025-09-28T07:22:46.931Z,60.6,21.1,1.913,50.4,0,60,0,0,0,0,0,0,0,0,66
2025-09-28T07:22:47.926Z,60.6,21.1,1.914,49.6,0,60,0,0,0,0,0,0,0,0,66
2025-09-28T07:22:48.929Z,60.6,21.1,1.914,50.4,0,60,0,0,0,0,0,0,0,0,66
2025-09-28T07:22:49.938Z,60.6,21.1,1.913,49.6,0,60,0,0,0,0,0,0,0,0,66
2025-09-28T07:22:50.932Z,60.6,21.1,1.914,50.4,0,60,0,0,0,0,0,0,0,0,66
2025-09-28T07:22:51.935Z,60.6,21.1,1.913,49.6,0,60,0,0,0,0,0,0,0,0,66
2025-09-28T07:22:52.941Z,60.6,21.1,1.914,49.6,0,60,0,0,0,0,0,0,0,0,66
2025-09-28T07:22:53.939Z,60.6,21.1,1.914,49.6,0,60,0,0,0,0,0,0,0,0,66
2025-09-28T07:22:54.936Z,60.6,21.1,1.913,50.4,0,60,0,0,0,0,0,0,0,0,66
2025-09-28T07:22:55.940Z,60.6,21.1,1.913,49.6,0,60,0,0,0,0,0,0,0,0,66
2025-09-28T07:22:56.939Z,60.6,21.1,1.914,50.4,0,60,0,0,0,0,0,0,0,0,66
2025-09-28T07:22:57.939Z,60.6,21.1,1.914,49.6,0,60,0,0,0,0,0,0,0,0,66
2025-09-28T07:22:58.941Z,60.6,21.1,1.914,50.4,0,60,0,0,0,0,0,0,0,0,66
2025-09-28T07:22:59.937Z,60.6,21.1,1.915,49.6,0,60,0,0,0,0,0,0,0,0,66
2025-09-28T07:23:00.945Z,60.6,21.1,1.914,49.6,0,60,0,0,0,0,0,0,0,0,66
2025-09-28T07:23:01.945Z,60.6,21.1,1.914,49.6,0,60,0,0,0,0,0,0,0,0,66
2025-09-28T07:23:02.945Z,60.6,21.1,1.914,49.6,0,60,0,0,0,0,0,0,0,0,66
2025-09-28T07:23:03.938Z,60.6,21.1,1.915,50.4,0,60,0,0,0,0,0,0,0,0,66
2025-09-28T07:23:04.946Z,60.6,21.1,1.914,49.6,0,60,0,0,0,0,0,0,0,0,66
2025-09-28T07:23:05.946Z,60.6,21.1,1.914,50.4,0,60,0,0,0,0,0,0,0,0,66
2025-09-28T07:23:06.944Z,60.6,21.1,1.914,49.6,0,60,0,0,0,0,0,0,0,0,66
2025-09-28T07:23:07.943Z,60.6,21.1,1.915,50.4,0,60,0,0,0,0,0,0,0,0,66
2025-09-28T07:23:08.952Z,60.5,21.1,1.914,49.6,0,60,0,0,0,0,0,0,0,0,66
2025-09-28T07:23:09.953Z,60.5,21.1,1.915,50.4,0,60,0,0,0,0,0,0,0,0,66
2025-09-28T07:23:10.943Z,60.5,21.1,1.915,49.6,0,60,0,0,0,0,0,0,0,0,66
2025-09-28T07:23:11.947Z,60.5,21.1,1.915,50.4,0,60,0,0,0,0,0,0,0,0,66
2025-09-28T07:23:12.954Z,60.5,21.1,1.914,49.6,0,60,0,0,0,0,0,0,0,0,66
2025-09-28T07:23:13.949Z,60.5,21.1,1.915,50.4,0,60,0,0,0,0,0,0,0,0,66
2025-09-28T07:23:14.954Z,60.5,21.1,1.915,49.6,0,60,0,0,0,0,0,0,0,0,66
2025-09-28T07:23:15.952Z,60.5,21.1,1.915,50.4,0,60,0,0,0,0,0,0,0,0,66
2025-09-28T07:23:16.959Z,60.5,21.1,1.914,49.6,0,60,0,0,0,0,0,0,0,0,66
2025-09-28T07:23:17.952Z,60.5,21.1,1.915,50.4,0,60,0,0,0,0,0,0,0,0,66
2025-09-28T07:23:18.955Z,60.5,21.1,1.915,49.6,0,60,0,0,0,0,0,0,0,0,66
2025-09-28T07:23:19.953Z,60.5,21.1,1.915,49.6,0,60,0,0,0,0,0,0,0,0,66
2025-09-28T07:23:20.960Z,60.5,21.1,1.914,49.6,0,60,0,0,0,0,0,0,0,0,66
2025-09-28T07:23:21.961Z,60.5,21.1,1.915,49.6,0,60,0,0,0,0,0,0,0,0,66
2025-09-28T07:23:22.958Z,60.5,21.1,1.915,50.4,0,60,0,0,0,0,0,0,0,0,66
2025-09-28T07:23:23.956Z,60.5,21.1,1.915,49.6,0,60,0,0,0,0,0,0,0,0,66
2025-09-28T07:23:24.968Z,60.5,21.1,1.915,50.4,0,60,0,0,0,0,0,0,0,0,66
2025-09-28T07:23:25.959Z,60.5,21.1,1.915,50.4,0,60,0,0,0,0,0,0,0,0,66
2025-09-28T07:23:26.960Z,60.5,21.1,1.915,49.6,0,60,0,0,0,0,0,0,0,0,66
2025-09-28T07:23:27.960Z,60.5,21.1,1.915,49.6,0,60,0,0,0,0,0,0,0,0,66
2025-09-28T07:23:28.967Z,60.4,21.1,1.915,49.6,0,60,0,0,0,0,0,0,0,0,66
2025-09-28T07:23:29.969Z,60.4,21.1,1.915,50.4,0,60,0,0,0,0,0,0,0,0,66
2025-09-28T07:23:30.968Z,60.4,21.1,1.915,49.6,0,60,0,0,0,0,0,0,0,0,66
2025-09-28T07:23:31.969Z,60.4,21.1,1.915,50.4,0,60,0,0,0,0,0,0,0,0,66
2025-09-28T07:23:32.966Z,60.4,21.1,1.915,49.6,0,60,0,0,0,0,0,0,0,0,66
2025-09-28T07:23:33.969Z,60.4,21.1,1.915,49.6,0,60,0,0,0,0,0,0,0,0,66
2025-09-28T07:23:34.970Z,60.4,21.1,1.915,50.4,0,60,0,0,0,0,0,0,0,0,66
2025-09-28T07:23:35.967Z,60.4,21.1,1.915,49.6,0,60,0,0,0,0,0,0,0,0,66
2025-09-28T07:23:36.975Z,60.4,21.1,1.915,49.6,0,60,0,0,0,0,0,0,0,0,66
2025-09-28T07:23:37.973Z,60.4,21.1,1.915,50.4,0,60,0,0,0,0,0,0,0,0,66
2025-09-28T07:23:38.974Z,60.4,21.1,1.915,49.6,0,60,0,0,0,0,0,0,0,0,66
2025-09-28T07:23:39.973Z,60.4,21.1,1.915,49.6,0,60,0,0,0,0,0,0,0,0,66
2025-09-28T07:23:40.975Z,60.4,21.1,1.915,50.4,0,60,0,0,0,0,0,0,0,0,66
2025-09-28T07:23:41.977Z,60.4,21.1,1.915,49.6,0,60,0,0,0,0,0,0,0,0,66
2025-09-28T07:23:42.980Z,60.4,21.1,1.915,50.4,0,60,0,0,0,0,0,0,0,0,66
2025-09-28T07:23:43.977Z,60.4,21.1,1.915,50.4,0,60,0,0,0,0,0,0,0,0,66
2025-09-28T07:23:44.981Z,60.4,21.1,1.915,49.6,0,60,0,0,0,0,0,0,0,0,66
2025-09-28T07:23:45.980Z,60.4,21.1,1.915,50.4,0,60,0,0,0,0,0,0,0,0,66
2025-09-28T07:23:46.985Z,60.4,21.1,1.915,49.6,0,60,0,0,0,0,0,0,0,0,66
2025-09-28T07:23:47.987Z,60.4,21.1,1.915,50.4,0,60,0,0,0,0,0,0,0,0,66
2025-09-28T07:23:48.981Z,60.3,21.1,1.915,49.6,0,60,0,0,0,0,0,0,0,0,66
2025-09-28T07:23:49.984Z,60.3,21.1,1.915,49.6,0,60,0,0,0,0,0,0,0,0,66
2025-09-28T07:23:50.984Z,60.3,21.1,1.915,50.4,0,60,0,0,0,0,0,0,0,0,66
2025-09-28T07:23:51.985Z,60.3,21.1,1.915,49.6,0,60,0,0,0,0,0,0,0,0,66
2025-09-28T07:23:52.991Z,60.3,21.1,1.915,49.6,0,60,0,0,0,0,0,0,0,0,66
2025-09-28T07:23:53.989Z,60.3,21.1,1.915,50.4,0,60,0,0,0,0,0,0,0,0,66
2025-09-28T07:23:54.988Z,60.3,21.1,1.915,49.6,0,60,0,0,0,0,0,0,0,0,66
2025-09-28T07:23:55.991Z,60.3,21.1,1.915,50.4,0,60,0,0,0,0,0,0,0,0,66
2025-09-28T07:23:56.990Z,60.3,21.1,1.915,50.4,0,60,0,0,0,0,0,0,0,0,66
2025-09-28T07:23:57.990Z,60.3,21.1,1.915,49.6,0,60,0,0,0,0,0,0,0,0,66
2025-09-28T07:23:58.995Z,60.3,21.1,1.915,50.4,0,60,0,0,0,0,0,0,0,0,66
2025-09-28T07:23:59.997Z,60.3,21.1,1.915,49.6,0,60,0,0,0,0,0,0,0,0,66
2025-09-28T07:24:00.999Z,60.3,21.1,1.915,50.4,0,60,0,0,0,0,0,0,0,0,66
2025-09-28T07:24:02.000Z,60.3,21.1,1.915,49.6,0,60,0,0,0,0,0,0,0,0,66
2025-09-28T07:24:02.995Z,60.3,21.1,1.915,50.4,0,60,0,0,0,0,0,0,0,0,66
2025-09-28T07:24:03.999Z,60.3,21.1,1.915,49.6,0,60,0,0,0,0,0,0,0,0,66
2025-09-28T07:24:04.998Z,60.3,21.1,1.915,49.6,0,60,0,0,0,0,0,0,0,0,66
2025-09-28T07:24:06.005Z,60.3,21.1,1.915,50.4,0,60,0,0,0,0,0,0,0,0,66
2025-09-28T07:24:06.998Z,60.3,21.1,1.916,49.6,0,60,0,0,0,0,0,0,0,0,66
2025-09-28T07:24:08.001Z,60.3,21.1,1.916,50.4,0,60,0,0,0,0,0,0,0,0,66
2025-09-28T07:24:09.004Z,60.2,21.1,1.915,50.4,0,60,0,0,0,0,0,0,0,0,66
2025-09-28T07:24:10.005Z,60.2,21.1,1.916,49.6,0,60,0,0,0,0,0,0,0,0,66
2025-09-28T07:24:11.004Z,60.2,21.1,1.916,50.4,0,60,0,0,0,0,0,0,0,0,66
2025-09-28T07:24:12.007Z,60.2,21.1,1.916,49.6,0,60,0,0,0,0,0,0,0,0,66
2025-09-28T07:24:13.012Z,60.2,21.1,1.916,50.4,0,60,0,0,0,0,0,0,0,0,66
2025-09-28T07:24:14.006Z,60.2,21.1,1.916,49.6,0,60,0,0,0,0,0,0,0,0,66
2025-09-28T07:24:15.010Z,60.2,21.1,1.916,49.6,0,60,0,0,0,0,0,0,0,0,66
2025-09-28T07:24:16.006Z,60.2,21.1,1.916,50.4,0,60,0,0,0,0,0,0,0,0,66
2025-09-28T07:24:17.009Z,60.2,21.1,1.916,49.6,0,60,0,0,0,0,0,0,0,0,66
2025-09-28T07:24:18.016Z,60.2,21.1,1.916,50.4,0,60,0,0,0,0,0,0,0,0,66
2025-09-28T07:24:19.017Z,60.2,21.1,1.916,50.4,0,60,0,0,0,0,0,0,0,0,66
2025-09-28T07:24:20.013Z,60.2,21.1,1.916,49.6,0,60,0,0,0,0,0,0,0,0,66
2025-09-28T07:24:21.018Z,60.2,21.1,1.917,50.4,0,60.1,0,0,0,0,0,0,0,0,66
2025-09-28T07:24:22.015Z,60.2,21.1,1.916,49.6,0,60,0,0,0,0,0,0,0,0,66
2025-09-28T07:24:23.025Z,60.2,21.1,1.917,50.4,0,60,0,0,0,0,0,0,0,0,66
2025-09-28T07:24:24.018Z,60.2,21.1,1.917,49.6,0,60,0,0,0,0,0,0,0,0,66
2025-09-28T07:24:25.019Z,60.2,21.1,1.917,50.4,0,60,0,0,0,0,0,0,0,0,66
2025-09-28T07:24:26.018Z,60.1,21.1,1.917,49.6,0,60,0,0,0,0,0,0,0,0,66
2025-09-28T07:24:27.019Z,60.2,21.1,1.917,50.4,0,60,0,0,0,0,0,0,0,0,66
2025-09-28T07:24:28.022Z,60.2,21.1,1.917,49.6,0,60,0,0,0,0,0,0,0,0,66
2025-09-28T07:24:29.023Z,60.1,21.1,1.917,50.4,0,60,0,0,0,0,0,0,0,0,66
2025-09-28T07:24:30.023Z,60.1,21.1,1.917,49.6,0,60,0,0,0,0,0,0,0,0,66
2025-09-28T07:24:31.026Z,60.1,21.1,1.917,50.4,0,60,0,0,0,0,0,0,0,0,66
2025-09-28T07:24:32.023Z,60.1,21.1,1.917,49.6,0,60,0,0,0,0,0,0,0,0,66
2025-09-28T07:24:33.031Z,60.1,21.1,1.917,50.4,0,60,0,0,0,0,0,0,0,0,66
2025-09-28T07:24:34.026Z,60.1,21.1,1.917,49.6,0,60,0,0,0,0,0,0,0,0,66
2025-09-28T07:24:35.030Z,60.1,21.1,1.917,49.6,0,60,0,0,0,0,0,0,0,0,66
2025-09-28T07:24:36.025Z,60.1,21.1,1.917,49.6,0,60,0,0,0,0,0,0,0,0,66
2025-09-28T07:24:37.032Z,60.1,21.1,1.917,49.6,0,60,0,0,0,0,0,0,0,0,66
2025-09-28T07:24:38.029Z,60.1,21.1,1.917,50.4,0,60,0,0,0,0,0,0,0,0,66
2025-09-28T07:24:39.029Z,60.1,21.1,1.917,49.6,0,60,0,0,0,0,0,0,0,0,66
2025-09-28T07:24:40.034Z,60.1,21.1,1.917,49.6,0,60,0,0,0,0,0,0,0,0,66
2025-09-28T07:24:41.030Z,60.1,21.1,1.917,50.4,0,60,0,0,0,0,0,0,0,0,66
2025-09-28T07:24:42.030Z,60.1,21.1,1.916,49.6,0,60,0,0,0,0,0,0,0,0,66
2025-09-28T07:24:43.033Z,60.1,21.1,1.917,50.4,0,60,0,0,0,0,0,0,0,0,66
2025-09-28T07:24:44.033Z,60.1,21.1,1.916,50.4,0,60,0,0,0,0,0,0,0,0,66
2025-09-28T07:24:45.036Z,60.1,21.1,1.917,49.6,0,60,0,0,0,0,0,0,0,0,66
2025-09-28T07:24:46.036Z,60.1,21.1,1.917,49.6,0,60,0,0,0,0,0,0,0,0,66
2025-09-28T07:24:47.035Z,60.1,21.1,1.916,49.6,0,60,0,0,0,0,0,0,0,0,66
2025-09-28T07:24:48.042Z,60.1,21.1,1.917,50.4,0,60,0,0,0,0,0,0,0,0,66
2025-09-28T07:24:49.045Z,60.1,21.1,1.917,50.4,0,60,0,0,0,0,0,0,0,0,66
2025-09-28T07:24:50.040Z,60,21.1,1.917,49.6,0,60,0,0,0,0,0,0,0,0,66
2025-09-28T07:24:51.048Z,60,21.1,1.917,50.4,0,60,0,0,0,0,0,0,0,0,66
2025-09-28T07:24:52.045Z,60,21.1,1.917,49.6,0,60,0,0,0,0,0,0,0,0,66
2025-09-28T07:24:53.053Z,60,21.1,1.917,50.4,0,60,0,0,0,0,0,0,0,0,66
2025-09-28T07:24:54.044Z,60,21.1,1.918,49.6,0,60,0,0,0,0,0,0,0,0,66
2025-09-28T07:24:55.046Z,60,21.1,1.917,50.4,0,60,0,0,0,0,0,0,0,0,66
2025-09-28T07:24:56.051Z,60,21.1,1.917,50.4,0,60,0,0,0,0,0,0,0,0,66
2025-09-28T07:24:57.051Z,60,21.1,1.918,49.6,0,60,0,0,0,0,0,0,0,0,66
2025-09-28T07:24:58.055Z,60,21.1,1.918,50.4,0,60,0,0,0,0,0,0,0,0,66
2025-09-28T07:24:59.046Z,60,21.1,1.917,49.6,0,60,0,0,0,0,0,0,0,0,66
2025-09-28T07:25:00.055Z,60,21.1,1.918,50.4,0,60,0,0,0,0,0,0,0,0,66
2025-09-28T07:25:01.054Z,60,21.1,1.918,49.6,0,60,0,0,0,0,0,0,0,0,66
2025-09-28T07:25:02.057Z,60,21.1,1.918,50.4,0,60,0,0,0,0,0,0,0,0,66
2025-09-28T07:25:03.053Z,60,21.1,1.918,49.6,0,60,0,0,0,0,0,0,0,0,66
2025-09-28T07:25:04.061Z,60,21.1,1.918,50.4,0,60,0,0,0,0,0,0,0,0,66
2025-09-28T07:25:05.059Z,60,21.1,1.918,49.6,0,60,0,0,0,0,0,0,0,0,66
2025-09-28T07:25:06.055Z,59.9,21.1,1.918,50.4,0,60,0,0,0,0,0,0,0,0,66
2025-09-28T07:25:07.055Z,59.9,21.1,1.918,49.6,0,60,0,0,0,0,0,0,0,0,66
2025-09-28T07:25:08.057Z,59.9,21.1,1.918,50.4,0,60,0,0,0,0,0,0,0,0,66
2025-09-28T07:25:09.059Z,59.9,21.1,1.918,49.6,0,60,0,0,0,0,0,0,0,0,66
2025-09-28T07:25:10.064Z,59.9,21.1,1.918,49.6,0,60,0,0,0,0,0,0,0,0,66
2025-09-28T07:25:11.061Z,59.9,21.1,1.918,50.4,0,60,0,0,0,0,0,0,0,0,66
2025-09-28T07:25:12.058Z,59.9,21.1,1.919,49.6,0,60,0,0,0,0,0,0,0,0,66
2025-09-28T07:25:13.065Z,59.9,21.1,1.918,50.4,0,60,0,0,0,0,0,0,0,0,66
2025-09-28T07:25:14.059Z,59.9,21.1,1.918,49.6,0,60,0,0,0,0,0,0,0,0,66
2025-09-28T07:25:15.064Z,59.9,21.1,1.918,50.4,0,60,0,0,0,0,0,0,0,0,66
2025-09-28T07:25:16.066Z,59.9,21.1,1.919,49.6,0,60,0,0,0,0,0,0,0,0,66
2025-09-28T07:25:17.067Z,59.9,21.1,1.919,49.6,0,60.1,0,0,0,0,0,0,0,0,66
2025-09-28T07:25:18.074Z,59.9,21.1,1.918,49.6,0,60.1,0,0,0,0,0,0,0,0,66
2025-09-28T07:25:19.074Z,59.9,21.1,1.918,50.4,0,60,0,0,0,0,0,0,0,0,66
2025-09-28T07:25:20.069Z,59.9,21.1,1.919,49.6,0,60,0,0,0,0,0,0,0,0,66
2025-09-28T07:25:21.073Z,59.9,21.1,1.919,49.6,0,60,0,0,0,0,0,0,0,0,66
2025-09-28T07:25:22.074Z,59.9,21.1,1.918,50.4,0,60.1,0,0,0,0,0,0,0,0,66
2025-09-28T07:25:23.069Z,59.9,21.1,1.919,49.6,0,60.1,0,0,0,0,0,0,0,0,66
2025-09-28T07:25:24.072Z,59.9,21.1,1.918,49.6,0,60.1,0,0,0,0,0,0,0,0,66
2025-09-28T07:25:25.082Z,59.9,21.1,1.918,50.4,0,60.1,0,0,0,0,0,0,0,0,66
2025-09-28T07:25:26.078Z,59.9,21.1,1.918,49.6,0,60,0,0,0,0,0,0,0,0,66
2025-09-28T07:25:27.078Z,59.8,21.1,1.918,49.6,0,60.1,0,0,0,0,0,0,0,0,66
2025-09-28T07:25:28.076Z,59.9,21.1,1.918,50.4,0,60.1,0,0,0,0,0,0,0,0,66
2025-09-28T07:25:29.076Z,59.9,21.1,1.919,49.6,0,60,0,0,0,0,0,0,0,0,66
2025-09-28T07:25:30.077Z,59.8,21.1,1.918,49.6,0,60.1,0,0,0,0,0,0,0,0,66
2025-09-28T07:25:31.077Z,59.8,21.1,1.919,50.4,0,60.1,0,0,0,0,0,0,0,0,66
2025-09-28T07:25:32.081Z,59.8,21.1,1.918,50.4,0,60.1,0,0,0,0,0,0,0,0,66
2025-09-28T07:25:33.083Z,59.8,21.1,1.918,49.6,0,60.1,0,0,0,0,0,0,0,0,66
2025-09-28T07:25:34.080Z,59.8,21.1,1.919,50.4,0,60.1,0,0,0,0,0,0,0,0,66
2025-09-28T07:25:35.080Z,59.8,21.1,1.918,49.6,0,60.1,0,0,0,0,0,0,0,0,66
2025-09-28T07:25:36.085Z,59.8,21.1,1.918,49.6,0,60.1,0,0,0,0,0,0,0,0,66
2025-09-28T07:25:37.093Z,59.8,21.1,1.918,50.4,0,60.1,0,0,0,0,0,0,0,0,66
2025-09-28T07:25:38.092Z,59.8,21.1,1.918,49.6,0,60.1,0,0,0,0,0,0,0,0,66
2025-09-28T07:25:39.092Z,59.8,21.1,1.918,49.6,0,60.1,0,0,0,0,0,0,0,0,66
2025-09-28T07:25:40.096Z,59.8,21.1,1.918,50.4,0,60,0,0,0,0,0,0,0,0,66
2025-09-28T07:25:41.093Z,59.8,21.1,1.918,50.4,0,60,0,0,0,0,0,0,0,0,66
2025-09-28T07:25:42.097Z,59.8,21.1,1.918,49.6,0,60,0,0,0,0,0,0,0,0,66
2025-09-28T07:25:43.095Z,59.8,21.1,1.918,50.4,0,60.1,0,0,0,0,0,0,0,0,66
2025-09-28T07:25:44.098Z,59.8,21.1,1.918,50.4,0,60.1,0,0,0,0,0,0,0,0,66
2025-09-28T07:25:45.093Z,59.8,21.1,1.918,49.6,0,60.1,0,0,0,0,0,0,0,0,66
2025-09-28T07:25:46.095Z,59.8,21.1,1.918,50.4,0,60,0,0,0,0,0,0,0,0,66
2025-09-28T07:25:47.089Z,59.8,21.1,1.919,49.6,0,60,0,0,0,0,0,0,0,0,66
2025-09-28T07:25:48.093Z,59.8,21.1,1.918,50.4,0,60,0,0,0,0,0,0,0,0,66
2025-09-28T07:25:49.098Z,59.8,21.1,1.918,49.6,0,60,0,0,0,0,0,0,0,0,66
2025-09-28T07:25:50.101Z,59.8,21.1,1.918,50.4,0,60,0,0,0,0,0,0,0,0,66
2025-09-28T07:25:51.097Z,59.8,21.1,1.918,49.6,0,60,0,0,0,0,0,0,0,0,66
2025-09-28T07:25:52.100Z,59.7,21.1,1.918,49.6,0,60,0,0,0,0,0,0,0,0,66
2025-09-28T07:25:53.102Z,59.7,21.1,1.918,50.4,0,60,0,0,0,0,0,0,0,0,66
2025-09-28T07:25:54.102Z,59.7,21.1,1.918,50.4,0,60,0,0,0,0,0,0,0,0,66
2025-09-28T07:25:55.106Z,59.7,21.1,1.918,49.6,0,60,0,0,0,0,0,0,0,0,66
2025-09-28T07:25:56.100Z,59.7,21.1,1.918,50.4,0,60,0,0,0,0,0,0,0,0,66
2025-09-28T07:25:57.105Z,59.7,21.1,1.918,49.6,0,60,0,0,0,0,0,0,0,0,66
2025-09-28T07:25:58.103Z,59.7,21.1,1.918,50.4,0,60,0,0,0,0,0,0,0,0,66
2025-09-28T07:25:59.106Z,59.7,21.1,1.918,49.6,0,60,0,0,0,0,0,0,0,0,66
2025-09-28T07:26:00.109Z,59.7,21.1,1.918,50.4,0,60,0,0,0,0,0,0,0,0,66
2025-09-28T07:26:01.106Z,59.7,21.1,1.919,49.6,0,60,0,0,0,0,0,0,0,0,66
2025-09-28T07:26:02.110Z,59.7,21.1,1.919,49.6,0,60,0,0,0,0,0,0,0,0,66
2025-09-28T07:26:03.108Z,59.7,21.1,1.919,50.4,0,60,0,0,0,0,0,0,0,0,66
2025-09-28T07:26:04.112Z,59.7,21.1,1.919,49.6,0,60,0,0,0,0,0,0,0,0,66
2025-09-28T07:26:05.117Z,59.7,21.1,1.92,50.4,0,60,0,0,0,0,0,0,0,0,66
2025-09-28T07:26:06.119Z,59.7,21.1,1.92,49.6,0,60,0,0,0,0,0,0,0,0,66
2025-09-28T07:26:07.116Z,59.7,21.1,1.919,49.6,0,60,0,0,0,0,0,0,0,0,66
2025-09-28T07:26:08.118Z,59.7,21.1,1.92,50.4,0,60,0,0,0,0,0,0,0,0,66
2025-09-28T07:26:09.113Z,59.7,21.1,1.919,50.4,0,60,0,0,0,0,0,0,0,0,66
2025-09-28T07:26:10.118Z,59.7,21.1,1.919,49.6,0,60,0,0,0,0,0,0,0,0,66
2025-09-28T07:26:11.114Z,59.7,21.1,1.919,50.4,0,60,0,0,0,0,0,0,0,0,66
2025-09-28T07:26:12.119Z,59.7,21.1,1.919,49.6,0,60,0,0,0,0,0,0,0,0,66
2025-09-28T07:26:13.116Z,59.7,21.1,1.919,50.4,0,60,0,0,0,0,0,0,0,0,66
2025-09-28T07:26:14.117Z,59.7,21.1,1.919,49.6,0,60,0,0,0,0,0,0,0,0,66
2025-09-28T07:26:15.121Z,59.6,21.1,1.919,49.6,0,60,0,0,0,0,0,0,0,0,66
2025-09-28T07:26:16.122Z,59.7,21.1,1.919,50.4,0,60,0,0,0,0,0,0,0,0,66
2025-09-28T07:26:17.120Z,59.7,21.1,1.919,49.6,0,60,0,0,0,0,0,0,0,0,66
2025-09-28T07:26:18.124Z,59.6,21.1,1.92,50.4,0,60,0,0,0,0,0,0,0,0,66
2025-09-28T07:26:19.122Z,59.7,21.1,1.92,50.4,0,60,0,0,0,0,0,0,0,0,66
2025-09-28T07:26:20.128Z,59.6,21.1,1.92,49.6,0,60,0,0,0,0,0,0,0,0,66
2025-09-28T07:26:21.125Z,59.6,21.1,1.92,50.4,0,60,0,0,0,0,0,0,0,0,66
2025-09-28T07:26:22.126Z,59.6,21.1,1.92,49.6,0,60,0,0,0,0,0,0,0,0,66
2025-09-28T07:26:23.127Z,59.6,21.1,1.92,50.4,0,60,0,0,0,0,0,0,0,0,66
2025-09-28T07:26:24.128Z,59.6,21.1,1.92,49.6,0,60,0,0,0,0,0,0,0,0,66
2025-09-28T07:26:25.129Z,59.6,21.1,1.92,50.4,0,60,0,0,0,0,0,0,0,0,66
2025-09-28T07:26:26.138Z,59.6,21.1,1.92,49.6,0,60,0,0,0,0,0,0,0,0,66
2025-09-28T07:26:27.129Z,59.6,21.1,1.92,49.6,0,60,0,0,0,0,0,0,0,0,66
2025-09-28T07:26:28.132Z,59.6,21.1,1.92,50.4,0,60,0,0,0,0,0,0,0,0,66
2025-09-28T07:26:29.131Z,59.6,21.1,1.92,49.6,0,60,0,0,0,0,0,0,0,0,66
2025-09-28T07:26:30.132Z,59.6,21.1,1.92,50.4,0,60,0,0,0,0,0,0,0,0,66
2025-09-28T07:26:31.133Z,59.6,21.1,1.92,50.4,0,60,0,0,0,0,0,0,0,0,66
2025-09-28T07:26:32.136Z,59.6,21.1,1.92,49.6,0,60,0,0,0,0,0,0,0,0,66
2025-09-28T07:26:33.135Z,59.6,21.1,1.92,49.6,0,60,0,0,0,0,0,0,0,0,66
2025-09-28T07:26:34.136Z,59.6,21.1,1.92,49.6,0,60,0,0,0,0,0,0,0,0,66
2025-09-28T07:26:35.133Z,59.6,21.1,1.92,50.4,0,60,0,0,0,0,0,0,0,0,66
2025-09-28T07:26:36.144Z,59.6,21.1,1.92,49.6,0,60,0,0,0,0,0,0,0,0,66
2025-09-28T07:26:37.136Z,59.6,21.1,1.92,49.6,0,60,0,0,0,0,0,0,0,0,66
2025-09-28T07:26:38.139Z,59.6,21.1,1.92,50.4,0,60,0,0,0,0,0,0,0,0,66
2025-09-28T07:26:39.139Z,59.6,21.1,1.92,49.6,0,60,0,0,0,0,0,0,0,0,66
2025-09-28T07:26:40.147Z,59.6,21.1,1.92,49.6,0,60,0,0,0,0,0,0,0,0,66
2025-09-28T07:26:41.140Z,59.6,21.1,1.92,50.4,0,60,0,0,0,0,0,0,0,0,66
2025-09-28T07:26:42.148Z,59.5,21.1,1.92,49.6,0,60,0,0,0,0,0,0,0,0,66
2025-09-28T07:26:43.150Z,59.5,21.1,1.92,49.6,0,60,0,0,0,0,0,0,0,0,66
2025-09-28T07:26:44.151Z,59.5,21.1,1.92,50.4,0,60,0,0,0,0,0,0,0,0,66
2025-09-28T07:26:45.143Z,59.5,21.1,1.92,49.6,0,60,0,0,0,0,0,0,0,0,66
2025-09-28T07:26:46.145Z,59.5,21.1,1.92,49.6,0,60,0,0,0,0,0,0,0,0,66
2025-09-28T07:26:47.146Z,59.5,21.1,1.92,50.4,0,60,0,0,0,0,0,0,0,0,66
2025-09-28T07:26:48.147Z,59.5,21.1,1.92,50.4,0,60,0,0,0,0,0,0,0,0,66
2025-09-28T07:26:49.149Z,59.5,21.1,1.92,49.6,0,60,0,0,0,0,0,0,0,0,66
2025-09-28T07:26:50.150Z,59.5,21.1,1.92,50.4,0,60,0,0,0,0,0,0,0,0,66
2025-09-28T07:26:51.152Z,59.5,21.1,1.92,50.4,0,60,0,0,0,0,0,0,0,0,66
2025-09-28T07:26:52.155Z,59.5,21.1,1.92,49.6,0,60,0,0,0,0,0,0,0,0,66
2025-09-28T07:26:53.154Z,59.5,21.1,1.92,50.4,0,60,0,0,0,0,0,0,0,0,66
2025-09-28T07:26:54.157Z,59.5,21.1,1.92,50.4,0,60,0,0,0,0,0,0,0,0,66
2025-09-28T07:26:55.153Z,59.5,21.1,1.92,49.6,0,60,0,0,0,0,0,0,0,0,66
2025-09-28T07:26:56.160Z,59.5,21.1,1.92,50.4,0,60,0,0,0,0,0,0,0,0,66
2025-09-28T07:26:57.158Z,59.5,21.1,1.92,49.6,0,60,0,0,0,0,0,0,0,0,66
2025-09-28T07:26:58.154Z,59.5,21.1,1.92,50.4,0,60,0,0,0,0,0,0,0,0,66
2025-09-28T07:26:59.155Z,59.5,21.1,1.92,49.6,0,60,0,0,0,0,0,0,0,0,66
2025-09-28T07:27:00.160Z,59.5,21.1,1.92,50.4,0,60,0,0,0,0,0,0,0,0,66
2025-09-28T07:27:01.158Z,59.5,21.1,1.92,49.6,0,60,0,0,0,0,0,0,0,0,66
2025-09-28T07:27:02.159Z,59.5,21.1,1.92,49.6,0,60,0,0,0,0,0,0,0,0,66
2025-09-28T07:27:03.165Z,59.5,21.1,1.92,50.4,0,60,0,0,0,0,0,0,0,0,66
2025-09-28T07:27:04.162Z,59.5,21.1,1.92,49.6,0,60,0,0,0,0,0,0,0,0,66
2025-09-28T07:27:05.163Z,59.5,21.1,1.92,49.6,0,60,0,0,0,0,0,0,0,0,66
2025-09-28T07:27:06.169Z,59.5,21.1,1.92,50.4,0,60,0,0,0,0,0,0,0,0,66
2025-09-28T07:27:07.165Z,59.5,21.1,1.92,49.6,0,60,0,0,0,0,0,0,0,0,66
2025-09-28T07:27:08.170Z,59.5,21.1,1.921,50.4,0,60,0,0,0,0,0,0,0,0,66
2025-09-28T07:27:09.166Z,59.5,21.1,1.92,49.6,0,60,0,0,0,0,0,0,0,0,66
2025-09-28T07:27:10.167Z,59.5,21.1,1.92,49.6,0,60,0,0,0,0,0,0,0,0,66
2025-09-28T07:27:11.168Z,59.5,21.1,1.92,50.4,0,60,0,0,0,0,0,0,0,0,66
2025-09-28T07:27:12.171Z,59.4,21.1,1.92,49.6,0,60,0,0,0,0,0,0,0,0,66
2025-09-28T07:27:13.171Z,59.4,21.1,1.92,49.6,0,60,0,0,0,0,0,0,0,0,66
2025-09-28T07:27:14.171Z,59.4,21.1,1.92,50.4,0,60,0,0,0,0,0,0,0,0,66
2025-09-28T07:27:15.172Z,59.4,21.1,1.92,49.6,0,60,0,0,0,0,0,0,0,0,66
2025-09-28T07:27:16.177Z,59.4,21.1,1.92,49.6,0,60,0,0,0,0,0,0,0,0,66
2025-09-28T07:27:17.176Z,59.4,21.1,1.921,50.4,0,60,0,0,0,0,0,0,0,0,66
2025-09-28T07:27:18.179Z,59.4,21.1,1.92,50.4,0,60,0,0,0,0,0,0,0,0,66
2025-09-28T07:27:19.177Z,59.4,21.1,1.92,49.6,0,60,0,0,0,0,0,0,0,0,66
2025-09-28T07:27:20.178Z,59.4,21.1,1.92,50.4,0,60,0,0,0,0,0,0,0,0,66
2025-09-28T07:27:21.179Z,59.4,21.1,1.921,50.4,0,60,0,0,0,0,0,0,0,0,66
2025-09-28T07:27:22.180Z,59.4,21.1,1.92,49.6,0,60,0,0,0,0,0,0,0,0,66
2025-09-28T07:27:23.180Z,59.4,21.1,1.921,50.4,0,60,0,0,0,0,0,0,0,0,66
2025-09-28T07:27:24.185Z,59.4,21.1,1.92,49.6,0,60,0,0,0,0,0,0,0,0,66
2025-09-28T07:27:25.183Z,59.4,21.1,1.921,50.4,0,60,0,0,0,0,0,0,0,0,66
2025-09-28T07:27:26.184Z,59.4,21.1,1.921,49.6,0,60,0,0,0,0,0,0,0,0,66
2025-09-28T07:27:27.180Z,59.4,21.1,1.921,49.6,0,60,0,0,0,0,0,0,0,0,66
2025-09-28T07:27:28.190Z,59.4,21.1,1.92,50.4,0,60,0,0,0,0,0,0,0,0,66
2025-09-28T07:27:29.184Z,59.4,21.1,1.92,49.6,0,60,0,0,0,0,0,0,0,0,66
2025-09-28T07:27:30.191Z,59.4,21.1,1.92,50.4,0,60,0,0,0,0,0,0,0,0,66
2025-09-28T07:27:31.196Z,59.4,21.1,1.92,50.4,0,60,0,0,0,0,0,0,0,0,66
2025-09-28T07:27:32.190Z,59.4,21.1,1.92,49.6,0,60,0,0,0,0,0,0,0,0,66
2025-09-28T07:27:33.190Z,59.4,21.1,1.921,50.4,0,60,0,0,0,0,0,0,0,0,66
2025-09-28T07:27:34.194Z,59.4,21.1,1.92,49.6,0,60,0,0,0,0,0,0,0,0,66
2025-09-28T07:27:35.194Z,59.4,21.1,1.92,50.4,0,60,0,0,0,0,0,0,0,0,66
2025-09-28T07:27:36.193Z,59.4,21.1,1.92,49.6,0,60,0,0,0,0,0,0,0,0,66
2025-09-28T07:27:37.199Z,59.4,21.1,1.921,50.4,0,60,0,0,0,0,0,0,0,0,66
2025-09-28T07:27:38.198Z,59.4,21.1,1.92,49.6,0,60,0,0,0,0,0,0,0,0,66
2025-09-28T07:27:39.201Z,59.4,21.1,1.92,50.4,0,60,0,0,0,0,0,0,0,0,66
2025-09-28T07:27:40.202Z,59.4,21.1,1.92,50.4,0,60,0,0,0,0,0,0,0,0,66
2025-09-28T07:27:41.204Z,59.4,21.1,1.92,49.6,0,60,0,0,0,0,0,0,0,0,66
2025-09-28T07:27:42.203Z,59.4,21.1,1.92,50.4,0,60,0,0,0,0,0,0,0,0,66
2025-09-28T07:27:43.203Z,59.4,21.1,1.92,49.6,0,60,0,0,0,0,0,0,0,0,66
2025-09-28T07:27:44.206Z,59.4,21.1,1.92,50.4,0,60,0,0,0,0,0,0,0,0,66
2025-09-28T07:27:45.202Z,59.4,21.1,1.92,49.6,0,60,0,0,0,0,0,0,0,0,66
2025-09-28T07:27:46.201Z,59.4,21.1,1.921,50.4,0,60,0,0,0,0,0,0,0,0,66
2025-09-28T07:27:47.201Z,59.4,21.1,1.92,49.6,0,60,0,0,0,0,0,0,0,0,66
2025-09-28T07:27:48.208Z,59.4,21.1,1.92,50.4,0,60,0,0,0,0,0,0,0,0,66
2025-09-28T07:27:49.205Z,59.4,21.1,1.92,49.6,0,60,0,0,0,0,0,0,0,0,66
2025-09-28T07:27:50.205Z,59.4,21.1,1.92,49.6,0,60,0,0,0,0,0,0,0,0,66
2025-09-28T07:27:51.205Z,59.4,21.1,1.92,49.6,0,60,0,0,0,0,0,0,0,0,66
2025-09-28T07:27:52.209Z,59.4,21.1,1.92,50.4,0,60,0,0,0,0,0,0,0,0,66
2025-09-28T07:27:53.209Z,59.4,21.1,1.92,50.4,0,60,0,0,0,0,0,0,0,0,66
2025-09-28T07:27:54.206Z,59.4,21.1,1.921,49.6,0,60,0,0,0,0,0,0,0,0,66
2025-09-28T07:27:55.208Z,59.4,21.1,1.921,49.6,0,60,0,0,0,0,0,0,0,0,66
2025-09-28T07:27:56.209Z,59.4,21.1,1.92,49.6,0,60,0,0,0,0,0,0,0,0,66
2025-09-28T07:27:57.211Z,59.4,21.1,1.92,50.4,0,60,0,0,0,0,0,0,0,0,66
2025-09-28T07:27:58.211Z,59.4,21.1,1.92,50.4,0,60,0,0,0,0,0,0,0,0,66
2025-09-28T07:27:59.216Z,59.4,21.1,1.92,49.6,0,60,0,0,0,0,0,0,0,0,66
2025-09-28T07:28:00.214Z,59.4,21.1,1.92,50.4,0,60,0,0,0,0,0,0,0,0,66
2025-09-28T07:28:01.214Z,59.4,21.1,1.921,49.6,0,60,0,0,0,0,0,0,0,0,66
2025-09-28T07:28:02.216Z,59.4,21.1,1.92,50.4,0,60,0,0,0,0,0,0,0,0,66
2025-09-28T07:28:03.214Z,59.4,21.1,1.92,49.6,0,60,0,0,0,0,0,0,0,0,66
2025-09-28T07:28:04.218Z,59.4,21.1,1.92,50.4,0,60,0,0,0,0,0,0,0,0,66
2025-09-28T07:28:05.217Z,59.4,21.1,1.92,49.6,0,60,0,0,0,0,0,0,0,0,66
2025-09-28T07:28:06.221Z,59.4,21.1,1.921,50.4,0,60,0,0,0,0,0,0,0,0,66
2025-09-28T07:28:07.221Z,59.4,21.1,1.922,49.6,0,60,0,0,0,0,0,0,0,0,66
2025-09-28T07:28:08.220Z,59.4,21.1,1.92,50.4,0,60,0,0,0,0,0,0,0,0,66
2025-09-28T07:28:09.229Z,59.4,21.1,1.922,49.6,0,60,0,0,0,0,0,0,0,0,66
2025-09-28T07:28:10.227Z,59.4,21.1,1.921,50.4,0,60,0,0,0,0,0,0,0,0,66
2025-09-28T07:28:11.222Z,59.4,21.1,1.921,49.6,0,60,0,0,0,0,0,0,0,0,66
2025-09-28T07:28:12.231Z,59.4,21.1,1.921,50.4,0,60,0,0,0,0,0,0,0,0,66
2025-09-28T07:28:13.228Z,59.4,21.1,1.922,49.6,0,60,0,0,0,0,0,0,0,0,66
2025-09-28T07:28:14.225Z,59.4,21.1,1.92,50.4,0,60,0,0,0,0,0,0,0,0,66
2025-09-28T07:28:15.237Z,59.4,21.1,1.921,49.6,0,60,0,0,0,0,0,0,0,0,66
2025-09-28T07:28:16.235Z,59.4,21.1,1.921,50.4,0,60,0,0,0,0,0,0,0,0,66
2025-09-28T07:28:17.227Z,59.4,21.1,1.92,49.6,0,60,0,0,0,0,0,0,0,0,66
2025-09-28T07:28:18.230Z,59.4,21.1,1.92,50.4,0,60,0,0,0,0,0,0,0,0,66
2025-09-28T07:28:19.231Z,59.4,21.1,1.921,49.6,0,60,0,0,0,0,0,0,0,0,66
2025-09-28T07:28:20.233Z,59.4,21.1,1.922,50.4,0,60,0,0,0,0,0,0,0,0,66
2025-09-28T07:28:21.236Z,59.4,21.1,1.921,50.4,0,60,0,0,0,0,0,0,0,0,66
2025-09-28T07:28:22.236Z,59.4,21.1,1.921,49.6,0,60,0,0,0,0,0,0,0,0,66
2025-09-28T07:28:23.235Z,59.4,21.1,1.921,49.6,0,60,0,0,0,0,0,0,0,0,66
2025-09-28T07:28:24.241Z,59.4,21.1,1.921,49.6,0,60,0,0,0,0,0,0,0,0,66
2025-09-28T07:28:25.237Z,59.4,21.1,1.921,50.4,0,60,0,0,0,0,0,0,0,0,66
2025-09-28T07:28:26.239Z,59.3,21.1,1.921,49.6,0,60,0,0,0,0,0,0,0,0,66
2025-09-28T07:28:27.240Z,59.4,21.1,1.921,50.4,0,59.9,0,0,0,0,0,0,0,0,66
2025-09-28T07:28:28.243Z,59.4,21.1,1.921,49.6,0,60,0,0,0,0,0,0,0,0,66
2025-09-28T07:28:29.249Z,59.4,21.1,1.92,50.4,0,60,0,0,0,0,0,0,0,0,66
2025-09-28T07:28:30.242Z,59.4,21.1,1.921,49.6,0,60,0,0,0,0,0,0,0,0,66
2025-09-28T07:28:31.244Z,59.4,21.1,1.921,50.4,0,60,0,0,0,0,0,0,0,0,66
2025-09-28T07:28:32.243Z,59.4,21.1,1.921,49.6,0,60,0,0,0,0,0,0,0,0,66
2025-09-28T07:28:33.246Z,59.4,21.1,1.921,50.4,0,59.9,0,0,0,0,0,0,0,0,66
2025-09-28T07:28:34.245Z,59.4,21.1,1.921,49.6,0,60,0,0,0,0,0,0,0,0,66
2025-09-28T07:28:35.250Z,59.4,21.1,1.921,50.4,0,60,0,0,0,0,0,0,0,0,66
2025-09-28T07:28:36.253Z,59.4,21.1,1.92,49.6,0,60,0,0,0,0,0,0,0,0,66
2025-09-28T07:28:37.251Z,59.4,21.1,1.922,50.4,0,60,0,0,0,0,0,0,0,0,66
2025-09-28T07:28:38.250Z,59.4,21.1,1.921,49.6,0,60,0,0,0,0,0,0,0,0,66
2025-09-28T07:28:39.249Z,59.4,21.1,1.921,50.4,0,59.9,0,0,0,0,0,0,0,0,66
2025-09-28T07:28:40.251Z,59.4,21.1,1.922,49.6,0,59.9,0,0,0,0,0,0,0,0,66
2025-09-28T07:28:41.251Z,59.4,21.1,1.921,50.4,0,60,0,0,0,0,0,0,0,0,66
2025-09-28T07:28:42.250Z,59.4,21.1,1.921,49.6,0,60,0,0,0,0,0,0,0,0,66
2025-09-28T07:28:43.252Z,59.4,21.1,1.922,50.4,0,60,0,0,0,0,0,0,0,0,66
2025-09-28T07:28:44.254Z,59.4,21.1,1.922,49.6,0,60,0,0,0,0,0,0,0,0,66
2025-09-28T07:28:45.255Z,59.4,21.1,1.921,50.4,0,60,0,0,0,0,0,0,0,0,66
2025-09-28T07:28:46.258Z,59.4,21.1,1.922,49.6,0,60,0,0,0,0,0,0,0,0,66
2025-09-28T07:28:47.259Z,59.4,21.1,1.921,50.4,0,60,0,0,0,0,0,0,0,0,66
2025-09-28T07:28:48.258Z,59.4,21.1,1.921,49.6,0,60,0,0,0,0,0,0,0,0,66
2025-09-28T07:28:49.259Z,59.4,21.1,1.921,50.4,0,60,0,0,0,0,0,0,0,0,66
2025-09-28T07:28:50.262Z,59.4,21.1,1.92,49.6,0,60,0,0,0,0,0,0,0,0,66
2025-09-28T07:28:51.261Z,59.4,21.1,1.921,50.4,0,60,0,0,0,0,0,0,0,0,66
2025-09-28T07:28:52.262Z,59.4,21.1,1.921,49.6,0,60,0,0,0,0,0,0,0,0,66
2025-09-28T07:28:53.259Z,59.4,21.1,1.921,50.4,0,60,0,0,0,0,0,0,0,0,66
2025-09-28T07:28:54.262Z,59.4,21.1,1.921,49.6,0,60,0,0,0,0,0,0,0,0,66
2025-09-28T07:28:55.265Z,59.4,21.1,1.92,50.4,0,60,0,0,0,0,0,0,0,0,66
2025-09-28T07:28:56.266Z,59.4,21.1,1.92,49.6,0,60,0,0,0,0,0,0,0,0,66
2025-09-28T07:28:57.264Z,59.4,21.1,1.92,50.4,0,60,0,0,0,0,0,0,0,0,66
2025-09-28T07:28:58.267Z,59.4,21.1,1.92,49.6,0,60,0,0,0,0,0,0,0,0,66
2025-09-28T07:28:59.267Z,59.4,21.1,1.92,50.4,0,60,0,0,0,0,0,0,0,0,66
2025-09-28T07:29:00.270Z,59.4,21.1,1.92,49.6,0,60,0,0,0,0,0,0,0,0,66
2025-09-28T07:29:01.275Z,59.4,21.1,1.92,50.4,0,60,0,0,0,0,0,0,0,0,66
2025-09-28T07:29:02.280Z,59.4,21.1,1.92,49.6,0,60,0,0,0,0,0,0,0,0,66
2025-09-28T07:29:03.273Z,59.4,21.1,1.92,49.6,0,60,0,0,0,0,0,0,0,0,66
2025-09-28T07:29:04.272Z,59.4,21.1,1.92,50.4,0,60,0,0,0,0,0,0,0,0,66
2025-09-28T07:29:05.274Z,59.4,21.1,1.92,49.6,0,60,0,0,0,0,0,0,0,0,66
2025-09-28T07:29:06.276Z,59.4,21.1,1.92,50.4,0,60,0,0,0,0,0,0,0,0,66
2025-09-28T07:29:07.274Z,59.4,21.1,1.92,49.6,0,60,0,0,0,0,0,0,0,0,66
2025-09-28T07:29:08.278Z,59.4,21.1,1.92,50.4,0,60,0,0,0,0,0,0,0,0,66
2025-09-28T07:29:09.275Z,59.4,21.1,1.92,49.6,0,60,0,0,0,0,0,0,0,0,66
2025-09-28T07:29:10.277Z,59.4,21.1,1.92,49.6,0,60,0,0,0,0,0,0,0,0,66
2025-09-28T07:29:11.280Z,59.4,21.1,1.92,49.6,0,60,0,0,0,0,0,0,0,0,66
2025-09-28T07:29:12.278Z,59.4,21.1,1.92,49.6,0,60,0,0,0,0,0,0,0,0,66
2025-09-28T07:29:13.280Z,59.4,21.1,1.92,49.6,0,60,0,0,0,0,0,0,0,0,66
2025-09-28T07:29:14.280Z,59.4,21.1,1.92,49.6,0,60,0,0,0,0,0,0,0,0,66
2025-09-28T07:29:15.279Z,59.4,21.1,1.92,50.4,0,60,0,0,0,0,0,0,0,0,66
2025-09-28T07:29:16.281Z,59.4,21.1,1.92,50.4,0,60,0,0,0,0,0,0,0,0,66
2025-09-28T07:29:17.284Z,59.4,21.1,1.92,49.6,0,60,0,0,0,0,0,0,0,0,66
2025-09-28T07:29:18.288Z,59.5,21.1,1.92,50.4,0,60,0,0,0,0,0,0,0,0,66
2025-09-28T07:29:19.286Z,59.5,21.1,1.92,49.6,0,60,0,0,0,0,0,0,0,0,66
2025-09-28T07:29:20.285Z,59.5,21.1,1.92,50.4,0,60,0,0,0,0,0,0,0,0,66
2025-09-28T07:29:21.289Z,59.5,21.1,1.92,49.6,0,60,0,0,0,0,0,0,0,0,66
2025-09-28T07:29:22.289Z,59.5,21.1,1.92,50.4,0,60,0,0,0,0,0,0,0,0,66
2025-09-28T07:29:23.286Z,59.5,21.1,1.92,49.6,0,60,0,0,0,0,0,0,0,0,66
2025-09-28T07:29:24.291Z,59.5,21.1,1.92,50.4,0,60,0,0,0,0,0,0,0,0,66
2025-09-28T07:29:25.290Z,59.5,21.1,1.92,49.6,0,60,0,0,0,0,0,0,0,0,66
2025-09-28T07:29:26.290Z,59.5,21.1,1.92,50.4,0,60,0,0,0,0,0,0,0,0,66
2025-09-28T07:29:27.291Z,59.5,21.1,1.92,49.6,0,60,0,0,0,0,0,0,0,0,66
2025-09-28T07:29:28.296Z,59.5,21.1,1.92,50.4,0,60,0,0,0,0,0,0,0,0,66
2025-09-28T07:29:29.299Z,59.5,21.1,1.92,49.6,0,60,0,0,0,0,0,0,0,0,66
2025-09-28T07:29:30.297Z,59.5,21.1,1.92,50.4,0,60,0,0,0,0,0,0,0,0,66
2025-09-28T07:29:31.301Z,59.5,21.1,1.92,49.6,0,60,0,0,0,0,0,0,0,0,66
2025-09-28T07:29:32.305Z,59.5,21.1,1.92,49.6,0,60,0,0,0,0,0,0,0,0,66
2025-09-28T07:29:33.301Z,59.5,21.1,1.92,50.4,0,60,0,0,0,0,0,0,0,0,66
2025-09-28T07:29:34.299Z,59.5,21.1,1.92,49.6,0,60,0,0,0,0,0,0,0,0,66
2025-09-28T07:29:35.303Z,59.5,21.1,1.92,50.4,0,60,0,0,0,0,0,0,0,0,66
2025-09-28T07:29:36.308Z,59.5,21.1,1.92,49.6,0,60,0,0,0,0,0,0,0,0,66
2025-09-28T07:29:37.305Z,59.5,21.1,1.92,50.4,0,60,0,0,0,0,0,0,0,0,66
2025-09-28T07:29:38.303Z,59.5,21.1,1.92,49.6,0,60,0,0,0,0,0,0,0,0,66
2025-09-28T07:29:39.303Z,59.5,21.1,1.92,50.4,0,60,0,0,0,0,0,0,0,0,66
2025-09-28T07:29:40.307Z,59.5,21.1,1.92,49.6,0,59.9,0,0,0,0,0,0,0,0,66
2025-09-28T07:29:41.309Z,59.5,21.1,1.92,50.4,0,59.9,0,0,0,0,0,0,0,0,66
2025-09-28T07:29:42.307Z,59.5,21.1,1.92,49.6,0,60,0,0,0,0,0,0,0,0,66
2025-09-28T07:29:43.309Z,59.5,21.1,1.92,50.4,0,59.9,0,0,0,0,0,0,0,0,66
2025-09-28T07:29:44.315Z,59.5,21.1,1.92,49.6,0,60,0,0,0,0,0,0,0,0,66
2025-09-28T07:29:45.308Z,59.6,21.1,1.92,50.4,0,60,0,0,0,0,0,0,0,0,66
2025-09-28T07:29:46.310Z,59.6,21.1,1.92,49.6,0,60,0,0,0,0,0,0,0,0,66
2025-09-28T07:29:47.309Z,59.6,21.1,1.92,50.4,0,60,0,0,0,0,0,0,0,0,66
2025-09-28T07:29:48.313Z,59.6,21.1,1.92,49.6,0,59.9,0,0,0,0,0,0,0,0,66
2025-09-28T07:29:49.312Z,59.6,21.1,1.92,49.6,0,59.9,0,0,0,0,0,0,0,0,66
2025-09-28T07:29:50.311Z,59.6,21.1,1.92,49.6,0,59.9,0,0,0,0,0,0,0,0,66
2025-09-28T07:29:51.316Z,59.6,21.1,1.92,49.6,0,59.9,0,0,0,0,0,0,0,0,66
2025-09-28T07:29:52.317Z,59.6,21.1,1.92,50.4,0,59.9,0,0,0,0,0,0,0,0,66
2025-09-28T07:29:53.317Z,59.6,21.1,1.92,49.6,0,59.9,0,0,0,0,0,0,0,0,66
2025-09-28T07:29:54.312Z,59.6,21.1,1.92,49.6,0,59.9,0,0,0,0,0,0,0,0,66
2025-09-28T07:29:55.315Z,59.6,21.1,1.92,50.4,0,59.9,0,0,0,0,0,0,0,0,66
2025-09-28T07:29:56.319Z,59.6,21.1,1.92,50.4,0,59.9,0,0,0,0,0,0,0,0,66
2025-09-28T07:29:57.318Z,59.6,21.1,1.92,49.6,0,59.9,0,0,0,0,0,0,0,0,66
2025-09-28T07:29:58.318Z,59.6,21.1,1.92,50.4,0,59.9,0,0,0,0,0,0,0,0,66
2025-09-28T07:29:59.315Z,59.6,21.1,1.92,49.6,0,59.9,0,0,0,0,0,0,0,0,66
2025-09-28T07:30:00.322Z,59.6,21.1,1.92,50.4,0,59.9,0,0,0,0,0,0,0,0,66
2025-09-28T07:30:01.322Z,59.6,21.1,1.92,49.6,0,59.9,0,0,0,0,0,0,0,0,66
2025-09-28T07:30:02.320Z,59.6,21.1,1.92,50.4,0,59.9,0,0,0,0,0,0,0,0,66
2025-09-28T07:30:03.326Z,59.6,21.1,1.92,49.6,0,59.9,0,0,0,0,0,0,0,0,66
2025-09-28T07:30:04.326Z,59.6,21.1,1.92,49.6,0,59.9,0,0,0,0,0,0,0,0,66
2025-09-28T07:30:05.323Z,59.7,21.1,1.92,50.4,0,59.9,0,0,0,0,0,0,0,0,66
2025-09-28T07:30:06.327Z,59.7,21.1,1.92,49.6,0,59.9,0,0,0,0,0,0,0,0,66
2025-09-28T07:30:07.330Z,59.7,21.1,1.92,50.4,0,59.9,0,0,0,0,0,0,0,0,66
2025-09-28T07:30:08.328Z,59.7,21.1,1.92,50.4,0,59.9,0,0,0,0,0,0,0,0,66
2025-09-28T07:30:09.326Z,59.7,21.1,1.92,49.6,0,59.9,0,0,0,0,0,0,0,0,66
2025-09-28T07:30:10.328Z,59.7,21.1,1.92,49.6,0,59.9,0,0,0,0,0,0,0,0,66
2025-09-28T07:30:11.330Z,59.7,21.1,1.92,49.6,0,59.9,0,0,0,0,0,0,0,0,66
2025-09-28T07:30:12.333Z,59.7,21.1,1.92,50.4,0,59.9,0,0,0,0,0,0,0,0,66
2025-09-28T07:30:13.335Z,59.7,21.1,1.919,49.6,0,59.9,0,0,0,0,0,0,0,0,66
2025-09-28T07:30:14.332Z,59.7,21.1,1.92,49.6,0,59.9,0,0,0,0,0,0,0,0,66
2025-09-28T07:30:15.332Z,59.7,21.1,1.92,50.4,0,59.9,0,0,0,0,0,0,0,0,66
2025-09-28T07:30:16.338Z,59.7,21.1,1.918,50.4,0,59.9,0,0,0,0,0,0,0,0,66
2025-09-28T07:30:17.342Z,59.7,21.1,1.918,49.6,0,59.9,0,0,0,0,0,0,0,0,66
2025-09-28T07:30:18.342Z,59.7,21.1,1.918,50.4,0,59.9,0,0,0,0,0,0,0,0,66
2025-09-28T07:30:19.338Z,59.7,21.1,1.919,49.6,0,59.9,0,0,0,0,0,0,0,0,66
2025-09-28T07:30:20.340Z,59.7,21.1,1.918,50.4,0,59.9,0,0,0,0,0,0,0,0,66
2025-09-28T07:30:21.340Z,59.8,21.1,1.918,49.6,0,59.9,0,0,0,0,0,0,0,0,66
2025-09-28T07:30:22.341Z,59.8,21.1,1.918,49.6,0,59.9,0,0,0,0,0,0,0,0,66
2025-09-28T07:30:23.339Z,59.8,21.1,1.919,50.4,0,59.9,0,0,0,0,0,0,0,0,66
2025-09-28T07:30:24.341Z,59.8,21.1,1.918,49.6,0,59.9,0,0,0,0,0,0,0,0,66
2025-09-28T07:30:25.344Z,59.8,21.1,1.918,49.6,0,59.9,0,0,0,0,0,0,0,0,66
2025-09-28T07:30:26.342Z,59.8,21.1,1.918,50.4,0,59.9,0,0,0,0,0,0,0,0,66
2025-09-28T07:30:27.345Z,59.8,21.1,1.918,49.6,0,59.9,0,0,0,0,0,0,0,0,66
2025-09-28T07:30:28.345Z,59.8,21.1,1.918,49.6,0,59.9,0,0,0,0,0,0,0,0,66
2025-09-28T07:30:29.347Z,59.8,21.1,1.918,50.4,0,59.9,0,0,0,0,0,0,0,0,66
2025-09-28T07:30:30.347Z,59.8,21.1,1.918,49.6,0,59.9,0,0,0,0,0,0,0,0,66
2025-09-28T07:30:31.350Z,59.8,21.1,1.918,49.6,0,59.9,0,0,0,0,0,0,0,0,66
2025-09-28T07:30:32.349Z,59.8,21.1,1.918,50.4,0,59.9,0,0,0,0,0,0,0,0,66
2025-09-28T07:30:33.357Z,59.8,21.1,1.918,50.4,0,59.9,0,0,0,0,0,0,0,0,66
2025-09-28T07:30:34.357Z,59.8,21.1,1.918,49.6,0,59.9,0,0,0,0,0,0,0,0,66
2025-09-28T07:30:35.355Z,59.9,21.1,1.918,50.4,0,59.9,0,0,0,0,0,0,0,0,66
2025-09-28T07:30:36.354Z,59.9,21.1,1.918,50.4,0,59.9,0,0,0,0,0,0,0,0,66
2025-09-28T07:30:37.358Z,59.9,21.1,1.918,49.6,0,59.9,0,0,0,0,0,0,0,0,66
2025-09-28T07:30:38.359Z,59.9,21.1,1.918,50.4,0,59.9,0,0,0,0,0,0,0,0,66
2025-09-28T07:30:39.352Z,59.9,21.1,1.918,49.6,0,59.9,0,0,0,0,0,0,0,0,66
2025-09-28T07:30:40.356Z,59.9,21.1,1.918,50.4,0,59.9,0,0,0,0,0,0,0,0,66
2025-09-28T07:30:41.359Z,59.9,21.1,1.918,49.6,0,59.9,0,0,0,0,0,0,0,0,66
2025-09-28T07:30:42.361Z,59.9,21.1,1.918,49.6,0,59.9,0,0,0,0,0,0,0,0,66
2025-09-28T07:30:43.355Z,59.9,21.1,1.918,50.4,0,59.9,0,0,0,0,0,0,0,0,66
2025-09-28T07:30:44.358Z,59.9,21.1,1.918,49.6,0,59.9,0,0,0,0,0,0,0,0,66
2025-09-28T07:30:45.357Z,59.9,21.1,1.918,49.6,0,59.9,0,0,0,0,0,0,0,0,66
2025-09-28T07:30:46.362Z,59.9,21.1,1.918,50.4,0,59.9,0,0,0,0,0,0,0,0,66
2025-09-28T07:30:47.359Z,59.9,21.1,1.917,49.6,0,59.9,0,0,0,0,0,0,0,0,66
2025-09-28T07:30:48.363Z,59.9,21.1,1.918,49.6,0,59.9,0,0,0,0,0,0,0,0,66
2025-09-28T07:30:49.363Z,60,21.1,1.917,50.4,0,59.9,0,0,0,0,0,0,0,0,66
2025-09-28T07:30:50.361Z,60,21.1,1.917,50.4,0,59.9,0,0,0,0,0,0,0,0,66
2025-09-28T07:30:51.364Z,60,21.1,1.917,49.6,0,59.9,0,0,0,0,0,0,0,0,66
2025-09-28T07:30:52.365Z,60,21.1,1.917,50.4,0,59.9,0,0,0,0,0,0,0,0,66
2025-09-28T07:30:53.362Z,60,21.1,1.917,50.4,0,59.9,0,0,0,0,0,0,0,0,66
2025-09-28T07:30:54.366Z,60,21.1,1.917,49.6,0,59.9,0,0,0,0,0,0,0,0,66
2025-09-28T07:30:55.363Z,60,21.1,1.917,49.6,0,59.9,0,0,0,0,0,0,0,0,66
2025-09-28T07:30:56.370Z,60,21.1,1.917,49.6,0,59.9,0,0,0,0,0,0,0,0,66
2025-09-28T07:30:57.363Z,60,21.1,1.917,50.4,0,59.9,0,0,0,0,0,0,0,0,66
2025-09-28T07:30:58.365Z,60,21.1,1.917,50.4,0,59.9,0,0,0,0,0,0,0,0,66
2025-09-28T07:30:59.364Z,60,21.1,1.916,49.6,0,59.9,0,0,0,0,0,0,0,0,66
2025-09-28T07:31:00.367Z,60,21.1,1.916,50.4,0,59.9,0,0,0,0,0,0,0,0,66
2025-09-28T07:31:01.374Z,60,21.1,1.918,49.6,0,59.9,0,0,0,0,0,0,0,0,66
2025-09-28T07:31:02.372Z,60,21.1,1.916,50.4,0,59.9,0,0,0,0,0,0,0,0,66
2025-09-28T07:31:03.367Z,60.1,21.1,1.916,49.6,0,59.9,0,0,0,0,0,0,0,0,66
2025-09-28T07:31:04.374Z,60.1,21.1,1.916,49.6,0,59.9,0,0,0,0,0,0,0,0,66
2025-09-28T07:31:05.373Z,60.1,21.1,1.916,50.4,0,59.9,0,0,0,0,0,0,0,0,66
2025-09-28T07:31:06.375Z,60.1,21.1,1.916,49.6,0,59.9,0,0,0,0,0,0,0,0,66
2025-09-28T07:31:07.376Z,60.1,21.1,1.916,50.4,0,59.9,0,0,0,0,0,0,0,0,66
2025-09-28T07:31:08.379Z,60.1,21.1,1.917,49.6,0,59.9,0,0,0,0,0,0,0,0,66
2025-09-28T07:31:09.377Z,60.1,21.1,1.916,50.4,0,59.9,0,0,0,0,0,0,0,0,66
2025-09-28T07:31:10.376Z,60.1,21.1,1.916,49.6,0,59.9,0,0,0,0,0,0,0,0,66
2025-09-28T07:31:11.377Z,60.1,21.1,1.916,49.6,0,59.9,0,0,0,0,0,0,0,0,66
2025-09-28T07:31:12.382Z,60.1,21.1,1.917,50.4,0,59.9,0,0,0,0,0,0,0,0,66
2025-09-28T07:31:13.390Z,60.1,21.1,1.917,49.6,0,59.9,0,0,0,0,0,0,0,0,66
2025-09-28T07:31:14.378Z,60.1,21.1,1.917,49.6,0,59.9,0,0,0,0,0,0,0,0,66
2025-09-28T07:31:15.382Z,60.1,21.1,1.917,50.4,0,59.9,0,0,0,0,0,0,0,0,66
2025-09-28T07:31:16.385Z,60.2,21.1,1.917,50.4,0,59.9,0,0,0,0,0,0,0,0,66
2025-09-28T07:31:17.390Z,60.2,21.1,1.917,49.6,0,59.9,0,0,0,0,0,0,0,0,66
2025-09-28T07:31:18.383Z,60.2,21.1,1.917,50.4,0,59.9,0,0,0,0,0,0,0,0,66
2025-09-28T07:31:19.387Z,60.2,21.1,1.917,49.6,0,59.9,0,0,0,0,0,0,0,0,66
2025-09-28T07:31:20.388Z,60.2,21.1,1.917,49.6,0,59.9,0,0,0,0,0,0,0,0,66
2025-09-28T07:31:21.390Z,60.2,21.1,1.917,50.4,0,59.9,0,0,0,0,0,0,0,0,66
2025-09-28T07:31:22.388Z,60.2,21.1,1.917,50.4,0,59.9,0,0,0,0,0,0,0,0,66
2025-09-28T07:31:23.391Z,60.2,21.1,1.917,49.6,0,59.9,0,0,0,0,0,0,0,0,66
2025-09-28T07:31:24.394Z,60.2,21.1,1.917,50.4,0,59.9,0,0,0,0,0,0,0,0,66
2025-09-28T07:31:25.396Z,60.2,21.1,1.917,49.6,0,59.9,0,0,0,0,0,0,0,0,66
2025-09-28T07:31:26.391Z,60.2,21.1,1.917,50.4,0,59.9,0,0,0,0,0,0,0,0,66
2025-09-28T07:31:27.392Z,60.2,21.1,1.916,49.6,0,59.9,0,0,0,0,0,0,0,0,66
2025-09-28T07:31:28.394Z,60.2,21.1,1.917,50.4,0,59.9,0,0,0,0,0,0,0,0,66
2025-09-28T07:31:29.393Z,60.3,21.1,1.916,49.6,0,59.9,0,0,0,0,0,0,0,0,66
2025-09-28T07:31:30.392Z,60.3,21.1,1.916,49.6,0,59.9,0,0,0,0,0,0,0,0,66
2025-09-28T07:31:31.393Z,60.3,21.1,1.917,50.4,0,59.9,0,0,0,0,0,0,0,0,66
2025-09-28T07:31:32.398Z,60.3,21.1,1.917,49.6,0,59.9,0,0,0,0,0,0,0,0,66
2025-09-28T07:31:33.403Z,60.3,21.1,1.916,49.6,0,59.9,0,0,0,0,0,0,0,0,66
2025-09-28T07:31:34.403Z,60.3,21.1,1.915,50.4,0,59.9,0,0,0,0,0,0,0,0,66
2025-09-28T07:31:35.403Z,60.3,21.1,1.916,49.6,0,59.9,0,0,0,0,0,0,0,0,66
2025-09-28T07:31:36.403Z,60.3,21.1,1.916,49.6,0,59.9,0,0,0,0,0,0,0,0,66
2025-09-28T07:31:37.415Z,60.3,21.1,1.915,50.4,0,59.9,0,0,0,0,0,0,0,0,66
2025-09-28T07:31:38.404Z,60.3,21.1,1.916,50.4,0,59.9,0,0,0,0,0,0,0,0,66
2025-09-28T07:31:39.403Z,60.3,21.1,1.916,49.6,0,59.9,0,0,0,0,0,0,0,0,66
2025-09-28T07:31:40.403Z,60.3,21.1,1.915,50.4,0,59.9,0,0,0,0,0,0,0,0,66
2025-09-28T07:31:41.406Z,60.3,21.1,1.916,49.6,0,59.9,0,0,0,0,0,0,0,0,66
2025-09-28T07:31:42.414Z,60.4,21.1,1.915,50.4,0,59.9,0,0,0,0,0,0,0,0,66
2025-09-28T07:31:43.402Z,60.4,21.1,1.915,50.4,0,59.9,0,0,0,0,0,0,0,0,66
2025-09-28T07:31:44.408Z,60.4,21.1,1.915,49.6,0,59.9,0,0,0,0,0,0,0,0,66
2025-09-28T07:31:45.410Z,60.4,21.1,1.915,50.4,0,59.9,0,0,0,0,0,0,0,0,66
2025-09-28T07:31:46.407Z,60.4,21.1,1.915,49.6,0,59.9,0,0,0,0,0,0,0,0,66
2025-09-28T07:31:47.415Z,60.4,21.1,1.915,50.4,0,59.9,0,0,0,0,0,0,0,0,66
2025-09-28T07:31:48.410Z,60.4,21.1,1.915,49.6,0,59.9,0,0,0,0,0,0,0,0,66
2025-09-28T07:31:49.416Z,60.4,21.1,1.915,50.4,0,59.9,0,0,0,0,0,0,0,0,66
2025-09-28T07:31:50.410Z,60.4,21.1,1.915,50.4,0,59.9,0,0,0,0,0,0,0,0,66
2025-09-28T07:31:51.414Z,60.4,21.1,1.915,49.6,0,59.9,0,0,0,0,0,0,0,0,66
2025-09-28T07:31:52.414Z,60.4,21.1,1.915,50.4,0,59.9,0,0,0,0,0,0,0,0,66
2025-09-28T07:31:53.418Z,60.4,21.1,1.915,49.6,0,59.9,0,0,0,0,0,0,0,0,66
2025-09-28T07:31:54.417Z,60.4,21.1,1.915,50.4,0,59.9,0,0,0,0,0,0,0,0,66
2025-09-28T07:31:55.418Z,60.5,21.1,1.915,49.6,0,59.9,0,0,0,0,0,0,0,0,66
2025-09-28T07:31:56.420Z,60.5,21.1,1.915,50.4,0,59.9,0,0,0,0,0,0,0,0,66
2025-09-28T07:31:57.424Z,60.5,21.1,1.915,49.6,0,59.9,0,0,0,0,0,0,0,0,66
2025-09-28T07:31:58.415Z,60.5,21.1,1.915,50.4,0,59.9,0,0,0,0,0,0,0,0,66
2025-09-28T07:31:59.416Z,60.5,21.1,1.915,49.6,0,59.9,0,0,0,0,0,0,0,0,66
2025-09-28T07:32:00.419Z,60.5,21.1,1.915,50.4,0,59.9,0,0,0,0,0,0,0,0,66
2025-09-28T07:32:01.424Z,60.5,21.1,1.915,49.6,0,59.9,0,0,0,0,0,0,0,0,66
2025-09-28T07:32:02.424Z,60.5,21.1,1.915,50.4,0,59.9,0,0,0,0,0,0,0,0,66
2025-09-28T07:32:03.425Z,60.5,21.1,1.915,49.6,0,59.9,0,0,0,0,0,0,0,0,66
2025-09-28T07:32:04.422Z,60.5,21.1,1.915,50.4,0,59.9,0,0,0,0,0,0,0,0,66
2025-09-28T07:32:05.427Z,60.5,21.1,1.915,49.6,0,59.9,0,0,0,0,0,0,0,0,66
2025-09-28T07:32:06.431Z,60.6,21.1,1.915,50.4,0,59.9,0,0,0,0,0,0,0,0,66
2025-09-28T07:32:07.433Z,60.6,21.1,1.915,49.6,0,59.9,0,0,0,0,0,0,0,0,66
2025-09-28T07:32:08.432Z,60.6,21.1,1.915,50.4,0,59.9,0,0,0,0,0,0,0,0,66
2025-09-28T07:32:09.428Z,60.6,21.1,1.914,49.6,0,59.9,0,0,0,0,0,0,0,0,66
