timestamp,TECell_PV,PSCurrent_PV,PSVoltage_PV,FT201_PV,HTR201_PV,TE201_PV,CT201_PV,CT210_PV,Cell1_Voltage,Cell2_Voltage,Cell3_Voltage,PT201_PV,PT302_PV,HCD220_PV,step
2025-09-29T02:32:27.308Z,60.6,21.1,1.924,49.6,0,59.6,0,0,0,0,0,0,0,0,66
2025-09-29T02:32:28.308Z,60.6,21.1,1.924,49.6,0,59.6,0,0,0,0,0,0,0,0,66
2025-09-29T02:32:29.308Z,60.6,21.1,1.924,50.4,0,59.7,0,0,0,0,0,0,0,0,66
2025-09-29T02:32:30.305Z,60.6,21.1,1.924,49.6,0,59.7,0,0,0,0,0,0,0,0,66
2025-09-29T02:32:31.306Z,60.6,21.1,1.924,49.6,0,59.6,0,0,0,0,0,0,0,0,66
2025-09-29T02:32:32.309Z,60.6,21.1,1.924,50.4,0,59.7,0,0,0,0,0,0,0,0,66
2025-09-29T02:32:33.309Z,60.6,21.1,1.924,49.6,0,59.7,0,0,0,0,0,0,0,0,66
2025-09-29T02:32:34.313Z,60.6,21.1,1.924,49.6,0,59.7,0,0,0,0,0,0,0,0,66
2025-09-29T02:32:35.310Z,60.6,21.1,1.924,50.4,0,59.7,0,0,0,0,0,0,0,0,66
2025-09-29T02:32:36.313Z,60.6,21.1,1.924,49.6,0,59.7,0,0,0,0,0,0,0,0,66
2025-09-29T02:32:37.313Z,60.6,21.1,1.924,49.6,0,59.7,0,0,0,0,0,0,0,0,66
2025-09-29T02:32:38.314Z,60.5,21.1,1.924,50.4,0,59.7,0,0,0,0,0,0,0,0,66
2025-09-29T02:32:39.310Z,60.5,21.1,1.924,49.6,0,59.7,0,0,0,0,0,0,0,0,66
2025-09-29T02:32:40.317Z,60.5,21.1,1.924,49.6,0,59.7,0,0,0,0,0,0,0,0,66
2025-09-29T02:32:41.321Z,60.5,21.1,1.924,50.4,0,59.7,0,0,0,0,0,0,0,0,66
2025-09-29T02:32:42.315Z,60.5,21.1,1.924,50.4,0,59.7,0,0,0,0,0,0,0,0,66
2025-09-29T02:32:43.321Z,60.5,21.1,1.924,49.6,0,59.7,0,0,0,0,0,0,0,0,66
2025-09-29T02:32:44.319Z,60.5,21.1,1.924,50.4,0,59.7,0,0,0,0,0,0,0,0,66
2025-09-29T02:32:45.319Z,60.5,21.1,1.924,50.4,0,59.7,0,0,0,0,0,0,0,0,66
2025-09-29T02:32:46.321Z,60.5,21.1,1.924,49.6,0,59.7,0,0,0,0,0,0,0,0,66
2025-09-29T02:32:47.321Z,60.5,21.1,1.924,50.4,0,59.7,0,0,0,0,0,0,0,0,66
2025-09-29T02:32:48.325Z,60.5,21.1,1.924,50.4,0,59.7,0,0,0,0,0,0,0,0,66
2025-09-29T02:32:49.324Z,60.5,21.1,1.924,49.6,0,59.7,0,0,0,0,0,0,0,0,66
2025-09-29T02:32:50.326Z,60.5,21.1,1.924,50.4,0,59.7,0,0,0,0,0,0,0,0,66
2025-09-29T02:32:51.331Z,60.5,21.1,1.923,49.6,0,59.7,0,0,0,0,0,0,0,0,66
2025-09-29T02:32:52.328Z,60.5,21.1,1.924,49.6,0,59.7,0,0,0,0,0,0,0,0,66
2025-09-29T02:32:53.332Z,60.5,21.1,1.923,50.4,0,59.7,0,0,0,0,0,0,0,0,66
2025-09-29T02:32:54.329Z,60.5,21.1,1.924,49.6,0,59.7,0,0,0,0,0,0,0,0,66
2025-09-29T02:32:55.334Z,60.5,21.1,1.923,49.6,0,59.7,0,0,0,0,0,0,0,0,66
2025-09-29T02:32:56.335Z,60.5,21.1,1.923,50.4,0,59.7,0,0,0,0,0,0,0,0,66
2025-09-29T02:32:57.332Z,60.5,21.1,1.924,50.4,0,59.7,0,0,0,0,0,0,0,0,66
2025-09-29T02:32:58.329Z,60.5,21.1,1.924,49.6,0,59.7,0,0,0,0,0,0,0,0,66
2025-09-29T02:32:59.336Z,60.4,21.1,1.923,50.4,0,59.7,0,0,0,0,0,0,0,0,66
2025-09-29T02:33:00.334Z,60.4,21.1,1.923,49.6,0,59.7,0,0,0,0,0,0,0,0,66
2025-09-29T02:33:01.334Z,60.4,21.1,1.924,49.6,0,59.7,0,0,0,0,0,0,0,0,66
2025-09-29T02:33:02.336Z,60.4,21.1,1.923,50.4,0,59.7,0,0,0,0,0,0,0,0,66
2025-09-29T02:33:03.344Z,60.4,21.1,1.923,50.4,0,59.7,0,0,0,0,0,0,0,0,66
2025-09-29T02:33:04.338Z,60.4,21.1,1.925,49.6,0,59.7,0,0,0,0,0,0,0,0,66
2025-09-29T02:33:05.340Z,60.4,21.1,1.923,50.4,0,59.7,0,0,0,0,0,0,0,0,66
2025-09-29T02:33:06.343Z,60.4,21.1,1.923,49.6,0,59.7,0,0,0,0,0,0,0,0,66
2025-09-29T02:33:07.342Z,60.4,21.1,1.923,49.6,0,59.7,0,0,0,0,0,0,0,0,66
2025-09-29T02:33:08.343Z,60.4,21.1,1.923,50.4,0,59.7,0,0,0,0,0,0,0,0,66
2025-09-29T02:33:09.343Z,60.4,21.1,1.923,49.6,0,59.7,0,0,0,0,0,0,0,0,66
2025-09-29T02:33:10.345Z,60.4,21.1,1.923,49.6,0,59.7,0,0,0,0,0,0,0,0,66
2025-09-29T02:33:11.346Z,60.4,21.1,1.923,50.4,0,59.7,0,0,0,0,0,0,0,0,66
2025-09-29T02:33:12.346Z,60.4,21.1,1.923,49.6,0,59.7,0,0,0,0,0,0,0,0,66
2025-09-29T02:33:13.345Z,60.4,21.1,1.923,49.6,0,59.7,0,0,0,0,0,0,0,0,66
2025-09-29T02:33:14.346Z,60.4,21.1,1.924,50.4,0,59.7,0,0,0,0,0,0,0,0,66
2025-09-29T02:33:15.353Z,60.4,21.1,1.924,49.6,0,59.7,0,0,0,0,0,0,0,0,66
2025-09-29T02:33:16.350Z,60.4,21.1,1.923,50.4,0,59.7,0,0,0,0,0,0,0,0,66
2025-09-29T02:33:17.351Z,60.4,21.1,1.923,50.4,0,59.7,0,0,0,0,0,0,0,0,66
2025-09-29T02:33:18.352Z,60.4,21.1,1.924,49.6,0,59.7,0,0,0,0,0,0,0,0,66
2025-09-29T02:33:19.353Z,60.3,21.1,1.924,50.4,0,59.7,0,0,0,0,0,0,0,0,66
2025-09-29T02:33:20.355Z,60.3,21.1,1.924,50.4,0,59.7,0,0,0,0,0,0,0,0,66
2025-09-29T02:33:21.356Z,60.3,21.1,1.924,49.6,0,59.7,0,0,0,0,0,0,0,0,66
2025-09-29T02:33:22.359Z,60.3,21.1,1.924,50.4,0,59.7,0,0,0,0,0,0,0,0,66
2025-09-29T02:33:23.361Z,60.3,21.1,1.924,49.6,0,59.7,0,0,0,0,0,0,0,0,66
2025-09-29T02:33:24.359Z,60.3,21.1,1.924,49.6,0,59.7,0,0,0,0,0,0,0,0,66
2025-09-29T02:33:25.359Z,60.3,21.1,1.924,50.4,0,59.7,0,0,0,0,0,0,0,0,66
2025-09-29T02:33:26.365Z,60.3,21.1,1.925,50.4,0,59.7,0,0,0,0,0,0,0,0,66
2025-09-29T02:33:27.364Z,60.3,21.1,1.925,49.6,0,59.7,0,0,0,0,0,0,0,0,66
2025-09-29T02:33:28.360Z,60.3,21.1,1.924,50.4,0,59.7,0,0,0,0,0,0,0,0,66
2025-09-29T02:33:29.363Z,60.3,21.1,1.924,50.4,0,59.7,0,0,0,0,0,0,0,0,66
2025-09-29T02:33:30.362Z,60.3,21.1,1.924,49.6,0,59.7,0,0,0,0,0,0,0,0,66
2025-09-29T02:33:31.361Z,60.3,21.1,1.924,50.4,0,59.8,0,0,0,0,0,0,0,0,66
2025-09-29T02:33:32.364Z,60.3,21.1,1.924,49.6,0,59.8,0,0,0,0,0,0,0,0,66
2025-09-29T02:33:33.366Z,60.3,21.1,1.924,50.4,0,59.7,0,0,0,0,0,0,0,0,66
2025-09-29T02:33:34.365Z,60.3,21.1,1.924,49.6,0,59.8,0,0,0,0,0,0,0,0,66
2025-09-29T02:33:35.372Z,60.3,21.1,1.925,49.6,0,59.8,0,0,0,0,0,0,0,0,66
2025-09-29T02:33:36.366Z,60.3,21.1,1.924,50.4,0,59.8,0,0,0,0,0,0,0,0,66
2025-09-29T02:33:37.364Z,60.3,21.1,1.924,49.6,0,59.8,0,0,0,0,0,0,0,0,66
2025-09-29T02:33:38.369Z,60.3,21.1,1.924,50.4,0,59.8,0,0,0,0,0,0,0,0,66
2025-09-29T02:33:39.370Z,60.3,21.1,1.924,49.6,0,59.8,0,0,0,0,0,0,0,0,66
2025-09-29T02:33:40.374Z,60.2,21.1,1.926,49.6,0,59.8,0,0,0,0,0,0,0,0,66
2025-09-29T02:33:41.375Z,60.2,21.1,1.926,50.4,0,59.8,0,0,0,0,0,0,0,0,66
2025-09-29T02:33:42.374Z,60.2,21.1,1.926,49.6,0,59.8,0,0,0,0,0,0,0,0,66
2025-09-29T02:33:43.383Z,60.2,21.1,1.926,49.6,0,59.8,0,0,0,0,0,0,0,0,66
2025-09-29T02:33:44.375Z,60.2,21.1,1.926,50.4,0,59.8,0,0,0,0,0,0,0,0,66
2025-09-29T02:33:45.375Z,60.2,21.1,1.926,49.6,0,59.8,0,0,0,0,0,0,0,0,66
2025-09-29T02:33:46.379Z,60.2,21.1,1.926,49.6,0,59.8,0,0,0,0,0,0,0,0,66
2025-09-29T02:33:47.377Z,60.2,21.1,1.926,50.4,0,59.8,0,0,0,0,0,0,0,0,66
2025-09-29T02:33:48.383Z,60.2,21.1,1.926,49.6,0,59.8,0,0,0,0,0,0,0,0,66
2025-09-29T02:33:49.378Z,60.2,21.1,1.926,49.6,0,59.8,0,0,0,0,0,0,0,0,66
2025-09-29T02:33:50.379Z,60.2,21.1,1.926,50.4,0,59.8,0,0,0,0,0,0,0,0,66
2025-09-29T02:33:51.383Z,60.2,21.1,1.926,49.6,0,59.8,0,0,0,0,0,0,0,0,66
2025-09-29T02:33:52.383Z,60.2,21.1,1.926,49.6,0,59.8,0,0,0,0,0,0,0,0,66
2025-09-29T02:33:53.389Z,60.2,21.1,1.926,50.4,0,59.8,0,0,0,0,0,0,0,0,66
2025-09-29T02:33:54.386Z,60.2,21.1,1.926,49.6,0,59.8,0,0,0,0,0,0,0,0,66
2025-09-29T02:33:55.388Z,60.2,21.1,1.926,49.6,0,59.8,0,0,0,0,0,0,0,0,66
2025-09-29T02:33:56.385Z,60.2,21.1,1.926,50.4,0,59.8,0,0,0,0,0,0,0,0,66
2025-09-29T02:33:57.388Z,60.2,21.1,1.926,50.4,0,59.8,0,0,0,0,0,0,0,0,66
2025-09-29T02:33:58.388Z,60.2,21.1,1.926,49.6,0,59.8,0,0,0,0,0,0,0,0,66
2025-09-29T02:33:59.388Z,60.2,21.1,1.926,50.4,0,59.8,0,0,0,0,0,0,0,0,66
2025-09-29T02:34:00.387Z,60.2,21.1,1.926,50.4,0,59.8,0,0,0,0,0,0,0,0,66
2025-09-29T02:34:01.388Z,60.2,21.1,1.926,49.6,0,59.8,0,0,0,0,0,0,0,0,66
2025-09-29T02:34:02.391Z,60.1,21.1,1.926,50.4,0,59.8,0,0,0,0,0,0,0,0,66
2025-09-29T02:34:03.395Z,60.1,21.1,1.926,50.4,0,59.8,0,0,0,0,0,0,0,0,66
2025-09-29T02:34:04.392Z,60.1,21.1,1.926,49.6,0,59.8,0,0,0,0,0,0,0,0,66
2025-09-29T02:34:05.403Z,60.1,21.1,1.925,50.4,0,59.8,0,0,0,0,0,0,0,0,66
2025-09-29T02:34:06.393Z,60.1,21.1,1.926,50.4,0,59.8,0,0,0,0,0,0,0,0,66
2025-09-29T02:34:07.398Z,60.1,21.1,1.926,49.6,0,59.8,0,0,0,0,0,0,0,0,66
2025-09-29T02:34:08.401Z,60.1,21.1,1.926,50.4,0,59.8,0,0,0,0,0,0,0,0,66
2025-09-29T02:34:09.399Z,60.1,21.1,1.926,49.6,0,59.8,0,0,0,0,0,0,0,0,66
2025-09-29T02:34:10.398Z,60.1,21.1,1.926,50.4,0,59.8,0,0,0,0,0,0,0,0,66
2025-09-29T02:34:11.403Z,60.1,21.1,1.926,49.6,0,59.8,0,0,0,0,0,0,0,0,66
2025-09-29T02:34:12.401Z,60.1,21.1,1.926,50.4,0,59.8,0,0,0,0,0,0,0,0,66
2025-09-29T02:34:13.404Z,60.1,21.1,1.925,49.6,0,59.8,0,0,0,0,0,0,0,0,66
2025-09-29T02:34:14.411Z,60.1,21.1,1.925,50.4,0,59.8,0,0,0,0,0,0,0,0,66
2025-09-29T02:34:15.404Z,60.1,21.1,1.926,50.4,0,59.8,0,0,0,0,0,0,0,0,66
2025-09-29T02:34:16.406Z,60.1,21.1,1.925,49.6,0,59.8,0,0,0,0,0,0,0,0,66
2025-09-29T02:34:17.408Z,60.1,21.1,1.925,50.4,0,59.8,0,0,0,0,0,0,0,0,66
2025-09-29T02:34:18.412Z,60.1,21.1,1.925,49.6,0,59.8,0,0,0,0,0,0,0,0,66
2025-09-29T02:34:19.408Z,60.1,21.1,1.925,50.4,0,59.8,0,0,0,0,0,0,0,0,66
2025-09-29T02:34:20.409Z,60.1,21.1,1.925,49.6,0,59.8,0,0,0,0,0,0,0,0,66
2025-09-29T02:34:21.409Z,60.1,21.1,1.926,50.4,0,59.8,0,0,0,0,0,0,0,0,66
2025-09-29T02:34:22.412Z,60.1,21.1,1.925,49.6,0,59.8,0,0,0,0,0,0,0,0,66
2025-09-29T02:34:23.413Z,60.1,21.1,1.925,50.4,0,59.8,0,0,0,0,0,0,0,0,66
2025-09-29T02:34:24.418Z,60.1,21.1,1.925,49.6,0,59.8,0,0,0,0,0,0,0,0,66
2025-09-29T02:34:25.414Z,60,21.1,1.926,49.6,0,59.8,0,0,0,0,0,0,0,0,66
2025-09-29T02:34:26.416Z,60,21.1,1.925,49.6,0,59.8,0,0,0,0,0,0,0,0,66
2025-09-29T02:34:27.416Z,60,21.1,1.926,50.4,0,59.8,0,0,0,0,0,0,0,0,66
2025-09-29T02:34:28.419Z,60,21.1,1.926,49.6,0,59.8,0,0,0,0,0,0,0,0,66
2025-09-29T02:34:29.418Z,60,21.1,1.926,49.6,0,59.8,0,0,0,0,0,0,0,0,66
2025-09-29T02:34:30.419Z,60,21.1,1.926,50.4,0,59.8,0,0,0,0,0,0,0,0,66
2025-09-29T02:34:31.421Z,60,21.1,1.925,49.6,0,59.8,0,0,0,0,0,0,0,0,66
2025-09-29T02:34:32.418Z,60,21.1,1.925,49.6,0,59.8,0,0,0,0,0,0,0,0,66
2025-09-29T02:34:33.421Z,60,21.1,1.926,50.4,0,59.8,0,0,0,0,0,0,0,0,66
2025-09-29T02:34:34.424Z,60,21.1,1.926,49.6,0,59.8,0,0,0,0,0,0,0,0,66
2025-09-29T02:34:35.429Z,60,21.1,1.926,49.6,0,59.9,0,0,0,0,0,0,0,0,66
2025-09-29T02:34:36.418Z,60,21.1,1.926,50.4,0,59.9,0,0,0,0,0,0,0,0,66
2025-09-29T02:34:37.422Z,60,21.1,1.926,50.4,0,59.9,0,0,0,0,0,0,0,0,66
2025-09-29T02:34:38.427Z,60,21.1,1.925,49.6,0,59.9,0,0,0,0,0,0,0,0,66
2025-09-29T02:34:39.430Z,60,21.1,1.926,50.4,0,59.9,0,0,0,0,0,0,0,0,66
2025-09-29T02:34:40.430Z,60,21.1,1.926,49.6,0,59.9,0,0,0,0,0,0,0,0,66
2025-09-29T02:34:41.430Z,60,21.1,1.926,50.4,0,59.9,0,0,0,0,0,0,0,0,66
2025-09-29T02:34:42.434Z,60,21.1,1.926,49.6,0,59.9,0,0,0,0,0,0,0,0,66
2025-09-29T02:34:43.432Z,60,21.1,1.926,50.4,0,59.9,0,0,0,0,0,0,0,0,66
2025-09-29T02:34:44.430Z,60,21.1,1.926,49.6,0,59.9,0,0,0,0,0,0,0,0,66
2025-09-29T02:34:45.429Z,60,21.1,1.926,49.6,0,59.9,0,0,0,0,0,0,0,0,66
2025-09-29T02:34:46.435Z,59.9,21.1,1.926,50.4,0,59.9,0,0,0,0,0,0,0,0,66
2025-09-29T02:34:47.433Z,59.9,21.1,1.926,49.6,0,59.9,0,0,0,0,0,0,0,0,66
2025-09-29T02:34:48.439Z,59.9,21.1,1.926,49.6,0,59.9,0,0,0,0,0,0,0,0,66
2025-09-29T02:34:49.435Z,59.9,21.1,1.926,50.4,0,59.9,0,0,0,0,0,0,0,0,66
2025-09-29T02:34:50.442Z,59.9,21.1,1.926,49.6,0,59.9,0,0,0,0,0,0,0,0,66
2025-09-29T02:34:51.436Z,59.9,21.1,1.926,50.4,0,59.9,0,0,0,0,0,0,0,0,66
2025-09-29T02:34:52.440Z,59.9,21.1,1.926,50.4,0,59.9,0,0,0,0,0,0,0,0,66
2025-09-29T02:34:53.439Z,59.9,21.1,1.926,49.6,0,59.9,0,0,0,0,0,0,0,0,66
2025-09-29T02:34:54.440Z,59.9,21.1,1.926,50.4,0,59.9,0,0,0,0,0,0,0,0,66
2025-09-29T02:34:55.443Z,59.9,21.1,1.927,49.6,0,59.9,0,0,0,0,0,0,0,0,66
2025-09-29T02:34:56.443Z,59.9,21.1,1.927,50.4,0,59.9,0,0,0,0,0,0,0,0,66
2025-09-29T02:34:57.450Z,59.9,21.1,1.926,49.6,0,59.9,0,0,0,0,0,0,0,0,66
2025-09-29T02:34:58.451Z,59.9,21.1,1.927,49.6,0,59.9,0,0,0,0,0,0,0,0,66
2025-09-29T02:34:59.451Z,59.9,21.1,1.926,50.4,0,59.9,0,0,0,0,0,0,0,0,66
2025-09-29T02:35:00.447Z,59.9,21.1,1.927,49.6,0,59.9,0,0,0,0,0,0,0,0,66
2025-09-29T02:35:01.445Z,59.9,21.1,1.927,49.6,0,59.9,0,0,0,0,0,0,0,0,66
2025-09-29T02:35:02.446Z,59.9,21.1,1.927,50.4,0,59.9,0,0,0,0,0,0,0,0,66
2025-09-29T02:35:03.447Z,59.9,21.1,1.927,49.6,0,59.9,0,0,0,0,0,0,0,0,66
2025-09-29T02:35:04.452Z,59.9,21.1,1.927,50.4,0,59.9,0,0,0,0,0,0,0,0,66
2025-09-29T02:35:05.449Z,59.9,21.1,1.927,50.4,0,59.9,0,0,0,0,0,0,0,0,66
2025-09-29T02:35:06.453Z,59.9,21.1,1.927,49.6,0,59.9,0,0,0,0,0,0,0,0,66
2025-09-29T02:35:07.457Z,59.9,21.1,1.927,50.4,0,59.9,0,0,0,0,0,0,0,0,66
2025-09-29T02:35:08.453Z,59.9,21.1,1.927,49.6,0,59.9,0,0,0,0,0,0,0,0,66
2025-09-29T02:35:09.455Z,59.8,21.1,1.927,50.4,0,59.9,0,0,0,0,0,0,0,0,66
2025-09-29T02:35:10.454Z,59.9,21.1,1.927,50.4,0,59.9,0,0,0,0,0,0,0,0,66
2025-09-29T02:35:11.456Z,59.8,21.1,1.927,49.6,0,59.9,0,0,0,0,0,0,0,0,66
2025-09-29T02:35:12.454Z,59.8,21.1,1.927,50.4,0,59.9,0,0,0,0,0,0,0,0,66
2025-09-29T02:35:13.459Z,59.8,21.1,1.927,49.6,0,59.9,0,0,0,0,0,0,0,0,66
2025-09-29T02:35:14.455Z,59.8,21.1,1.927,50.4,0,59.9,0,0,0,0,0,0,0,0,66
2025-09-29T02:35:15.463Z,59.8,21.1,1.927,49.6,0,59.9,0,0,0,0,0,0,0,0,66
2025-09-29T02:35:16.461Z,59.8,21.1,1.927,50.4,0,59.9,0,0,0,0,0,0,0,0,66
2025-09-29T02:35:17.468Z,59.8,21.1,1.926,49.6,0,59.9,0,0,0,0,0,0,0,0,66
2025-09-29T02:35:18.464Z,59.8,21.1,1.927,50.4,0,59.9,0,0,0,0,0,0,0,0,66
2025-09-29T02:35:19.464Z,59.8,21.1,1.927,50.4,0,59.9,0,0,0,0,0,0,0,0,66
2025-09-29T02:35:20.466Z,59.8,21.1,1.927,49.6,0,59.9,0,0,0,0,0,0,0,0,66
2025-09-29T02:35:21.466Z,59.8,21.1,1.927,49.6,0,59.9,0,0,0,0,0,0,0,0,66
2025-09-29T02:35:22.469Z,59.8,21.1,1.926,49.6,0,59.9,0,0,0,0,0,0,0,0,66
2025-09-29T02:35:23.469Z,59.8,21.1,1.927,50.4,0,59.9,0,0,0,0,0,0,0,0,66
2025-09-29T02:35:24.464Z,59.8,21.1,1.927,49.6,0,59.9,0,0,0,0,0,0,0,0,66
2025-09-29T02:35:25.468Z,59.8,21.1,1.927,50.4,0,59.9,0,0,0,0,0,0,0,0,66
2025-09-29T02:35:26.472Z,59.8,21.1,1.926,49.6,0,59.9,0,0,0,0,0,0,0,0,66
2025-09-29T02:35:27.473Z,59.8,21.1,1.926,49.6,0,59.9,0,0,0,0,0,0,0,0,66
2025-09-29T02:35:28.474Z,59.8,21.1,1.926,50.4,0,59.9,0,0,0,0,0,0,0,0,66
2025-09-29T02:35:29.469Z,59.8,21.1,1.927,49.6,0,59.9,0,0,0,0,0,0,0,0,66
2025-09-29T02:35:30.475Z,59.8,21.1,1.926,50.4,0,59.9,0,0,0,0,0,0,0,0,66
2025-09-29T02:35:31.474Z,59.8,21.1,1.926,49.6,0,59.9,0,0,0,0,0,0,0,0,66
2025-09-29T02:35:32.477Z,59.8,21.1,1.926,49.6,0,59.9,0,0,0,0,0,0,0,0,66
2025-09-29T02:35:33.475Z,59.8,21.1,1.926,50.4,0,59.9,0,0,0,0,0,0,0,0,66
2025-09-29T02:35:34.480Z,59.7,21.1,1.926,49.6,0,59.9,0,0,0,0,0,0,0,0,66
2025-09-29T02:35:35.482Z,59.7,21.1,1.926,50.4,0,59.9,0,0,0,0,0,0,0,0,66
2025-09-29T02:35:36.480Z,59.7,21.1,1.926,49.6,0,59.9,0,0,0,0,0,0,0,0,66
2025-09-29T02:35:37.480Z,59.7,21.1,1.926,49.6,0,59.9,0,0,0,0,0,0,0,0,66
2025-09-29T02:35:38.483Z,59.7,21.1,1.926,50.4,0,59.9,0,0,0,0,0,0,0,0,66
2025-09-29T02:35:39.481Z,59.7,21.1,1.926,50.4,0,59.9,0,0,0,0,0,0,0,0,66
2025-09-29T02:35:40.480Z,59.7,21.1,1.926,49.6,0,59.9,0,0,0,0,0,0,0,0,66
2025-09-29T02:35:41.488Z,59.7,21.1,1.926,50.4,0,59.9,0,0,0,0,0,0,0,0,66
2025-09-29T02:35:42.489Z,59.7,21.1,1.926,49.6,0,59.9,0,0,0,0,0,0,0,0,66
2025-09-29T02:35:43.484Z,59.7,21.1,1.926,50.4,0,59.9,0,0,0,0,0,0,0,0,66
2025-09-29T02:35:44.487Z,59.7,21.1,1.926,49.6,0,59.9,0,0,0,0,0,0,0,0,66
2025-09-29T02:35:45.486Z,59.7,21.1,1.926,50.4,0,59.9,0,0,0,0,0,0,0,0,66
2025-09-29T02:35:46.491Z,59.7,21.1,1.926,49.6,0,59.9,0,0,0,0,0,0,0,0,66
2025-09-29T02:35:47.493Z,59.7,21.1,1.926,50.4,0,60,0,0,0,0,0,0,0,0,66
2025-09-29T02:35:48.492Z,59.7,21.1,1.926,49.6,0,59.9,0,0,0,0,0,0,0,0,66
2025-09-29T02:35:49.490Z,59.7,21.1,1.926,49.6,0,59.9,0,0,0,0,0,0,0,0,66
2025-09-29T02:35:50.495Z,59.7,21.1,1.926,50.4,0,59.9,0,0,0,0,0,0,0,0,66
2025-09-29T02:35:51.497Z,59.7,21.1,1.926,49.6,0,60,0,0,0,0,0,0,0,0,66
2025-09-29T02:35:52.497Z,59.7,21.1,1.927,50.4,0,60,0,0,0,0,0,0,0,0,66
2025-09-29T02:35:53.495Z,59.7,21.1,1.926,49.6,0,60,0,0,0,0,0,0,0,0,66
2025-09-29T02:35:54.502Z,59.7,21.1,1.927,50.4,0,60,0,0,0,0,0,0,0,0,66
2025-09-29T02:35:55.502Z,59.7,21.1,1.927,50.4,0,60,0,0,0,0,0,0,0,0,66
2025-09-29T02:35:56.499Z,59.7,21.1,1.928,49.6,0,60,0,0,0,0,0,0,0,0,66
2025-09-29T02:35:57.503Z,59.7,21.1,1.927,50.4,0,60,0,0,0,0,0,0,0,0,66
2025-09-29T02:35:58.500Z,59.7,21.1,1.927,49.6,0,60,0,0,0,0,0,0,0,0,66
2025-09-29T02:35:59.502Z,59.7,21.1,1.927,50.4,0,60,0,0,0,0,0,0,0,0,66
2025-09-29T02:36:00.502Z,59.6,21.1,1.928,49.6,0,60,0,0,0,0,0,0,0,0,66
2025-09-29T02:36:01.506Z,59.6,21.1,1.928,50.4,0,60,0,0,0,0,0,0,0,0,66
2025-09-29T02:36:02.509Z,59.6,21.1,1.927,49.6,0,60,0,0,0,0,0,0,0,0,66
2025-09-29T02:36:03.500Z,59.6,21.1,1.928,50.4,0,60,0,0,0,0,0,0,0,0,66
2025-09-29T02:36:04.505Z,59.6,21.1,1.927,49.6,0,60,0,0,0,0,0,0,0,0,66
2025-09-29T02:36:05.503Z,59.6,21.1,1.927,49.6,0,60,0,0,0,0,0,0,0,0,66
2025-09-29T02:36:06.511Z,59.6,21.1,1.928,50.4,0,60,0,0,0,0,0,0,0,0,66
2025-09-29T02:36:07.515Z,59.6,21.1,1.927,49.6,0,60,0,0,0,0,0,0,0,0,66
2025-09-29T02:36:08.510Z,59.6,21.1,1.928,50.4,0,60,0,0,0,0,0,0,0,0,66
2025-09-29T02:36:09.510Z,59.6,21.1,1.927,49.6,0,60,0,0,0,0,0,0,0,0,66
2025-09-29T02:36:10.510Z,59.6,21.1,1.927,50.4,0,60,0,0,0,0,0,0,0,0,66
2025-09-29T02:36:11.515Z,59.6,21.1,1.928,49.6,0,60,0,0,0,0,0,0,0,0,66
2025-09-29T02:36:12.517Z,59.6,21.1,1.927,50.4,0,60,0,0,0,0,0,0,0,0,66
2025-09-29T02:36:13.510Z,59.6,21.1,1.928,49.6,0,60,0,0,0,0,0,0,0,0,66
2025-09-29T02:36:14.514Z,59.6,21.1,1.928,49.6,0,60,0,0,0,0,0,0,0,0,66
2025-09-29T02:36:15.520Z,59.6,21.1,1.928,50.4,0,60,0,0,0,0,0,0,0,0,66
2025-09-29T02:36:16.516Z,59.6,21.1,1.928,49.6,0,60,0,0,0,0,0,0,0,0,66
2025-09-29T02:36:17.517Z,59.6,21.1,1.928,50.4,0,60,0,0,0,0,0,0,0,0,66
2025-09-29T02:36:18.521Z,59.6,21.1,1.928,49.6,0,60,0,0,0,0,0,0,0,0,66
2025-09-29T02:36:19.516Z,59.6,21.1,1.928,49.6,0,60,0,0,0,0,0,0,0,0,66
2025-09-29T02:36:20.524Z,59.6,21.1,1.927,50.4,0,60,0,0,0,0,0,0,0,0,66
2025-09-29T02:36:21.524Z,59.6,21.1,1.928,49.6,0,60,0,0,0,0,0,0,0,0,66
2025-09-29T02:36:22.522Z,59.6,21.1,1.927,50.4,0,60,0,0,0,0,0,0,0,0,66
2025-09-29T02:36:23.522Z,59.6,21.1,1.928,49.6,0,60,0,0,0,0,0,0,0,0,66
2025-09-29T02:36:24.523Z,59.6,21.1,1.928,49.6,0,60,0,0,0,0,0,0,0,0,66
2025-09-29T02:36:25.524Z,59.6,21.1,1.928,50.4,0,60,0,0,0,0,0,0,0,0,66
2025-09-29T02:36:26.529Z,59.6,21.1,1.927,49.6,0,60,0,0,0,0,0,0,0,0,66
2025-09-29T02:36:27.531Z,59.6,21.1,1.927,50.4,0,60,0,0,0,0,0,0,0,0,66
2025-09-29T02:36:28.525Z,59.5,21.1,1.927,49.6,0,60,0,0,0,0,0,0,0,0,66
2025-09-29T02:36:29.527Z,59.5,21.1,1.927,50.4,0,60,0,0,0,0,0,0,0,0,66
2025-09-29T02:36:30.531Z,59.5,21.1,1.927,49.6,0,60,0,0,0,0,0,0,0,0,66
2025-09-29T02:36:31.528Z,59.5,21.1,1.927,49.6,0,60,0,0,0,0,0,0,0,0,66
2025-09-29T02:36:32.532Z,59.5,21.1,1.927,50.4,0,60,0,0,0,0,0,0,0,0,66
2025-09-29T02:36:33.528Z,59.5,21.1,1.927,49.6,0,60,0,0,0,0,0,0,0,0,66
2025-09-29T02:36:34.535Z,59.5,21.1,1.927,49.6,0,60,0,0,0,0,0,0,0,0,66
2025-09-29T02:36:35.536Z,59.5,21.1,1.927,50.4,0,60,0,0,0,0,0,0,0,0,66
2025-09-29T02:36:36.534Z,59.5,21.1,1.927,50.4,0,60,0,0,0,0,0,0,0,0,66
2025-09-29T02:36:37.538Z,59.5,21.1,1.927,49.6,0,60,0,0,0,0,0,0,0,0,66
2025-09-29T02:36:38.536Z,59.5,21.1,1.927,49.6,0,60,0,0,0,0,0,0,0,0,66
2025-09-29T02:36:39.541Z,59.5,21.1,1.928,49.6,0,60,0,0,0,0,0,0,0,0,66
2025-09-29T02:36:40.538Z,59.5,21.1,1.928,50.4,0,60,0,0,0,0,0,0,0,0,66
2025-09-29T02:36:41.540Z,59.5,21.1,1.928,50.4,0,60,0,0,0,0,0,0,0,0,66
2025-09-29T02:36:42.541Z,59.5,21.1,1.927,49.6,0,60,0,0,0,0,0,0,0,0,66
2025-09-29T02:36:43.540Z,59.5,21.1,1.928,50.4,0,60,0,0,0,0,0,0,0,0,66
2025-09-29T02:36:44.545Z,59.5,21.1,1.927,49.6,0,60,0,0,0,0,0,0,0,0,66
2025-09-29T02:36:45.543Z,59.5,21.1,1.928,49.6,0,60,0,0,0,0,0,0,0,0,66
2025-09-29T02:36:46.544Z,59.5,21.1,1.928,50.4,0,60,0,0,0,0,0,0,0,0,66
2025-09-29T02:36:47.546Z,59.5,21.1,1.928,49.6,0,60,0,0,0,0,0,0,0,0,66
2025-09-29T02:36:48.545Z,59.5,21.1,1.928,49.6,0,60,0,0,0,0,0,0,0,0,66
2025-09-29T02:36:49.548Z,59.5,21.1,1.929,50.4,0,60,0,0,0,0,0,0,0,0,66
2025-09-29T02:36:50.554Z,59.5,21.1,1.929,49.6,0,60,0,0,0,0,0,0,0,0,66
2025-09-29T02:36:51.554Z,59.5,21.1,1.929,50.4,0,60,0,0,0,0,0,0,0,0,66
2025-09-29T02:36:52.549Z,59.5,21.1,1.928,50.4,0,60,0,0,0,0,0,0,0,0,66
2025-09-29T02:36:53.551Z,59.5,21.1,1.929,49.6,0,60,0,0,0,0,0,0,0,0,66
2025-09-29T02:36:54.556Z,59.5,21.1,1.929,50.4,0,60,0,0,0,0,0,0,0,0,66
2025-09-29T02:36:55.552Z,59.5,21.1,1.929,50.4,0,60,0,0,0,0,0,0,0,0,66
2025-09-29T02:36:56.553Z,59.5,21.1,1.929,49.6,0,60,0,0,0,0,0,0,0,0,66
2025-09-29T02:36:57.555Z,59.4,21.1,1.929,50.4,0,60,0,0,0,0,0,0,0,0,66
2025-09-29T02:36:58.555Z,59.4,21.1,1.929,49.6,0,60,0,0,0,0,0,0,0,0,66
2025-09-29T02:36:59.552Z,59.4,21.1,1.929,50.4,0,60,0,0,0,0,0,0,0,0,66
2025-09-29T02:37:00.555Z,59.5,21.1,1.929,49.6,0,60,0,0,0,0,0,0,0,0,66
2025-09-29T02:37:01.557Z,59.5,21.1,1.929,50.4,0,60,0,0,0,0,0,0,0,0,66
2025-09-29T02:37:02.555Z,59.5,21.1,1.929,49.6,0,60,0,0,0,0,0,0,0,0,66
2025-09-29T02:37:03.562Z,59.4,21.1,1.929,49.6,0,60,0,0,0,0,0,0,0,0,66
2025-09-29T02:37:04.561Z,59.4,21.1,1.929,50.4,0,60,0,0,0,0,0,0,0,0,66
2025-09-29T02:37:05.558Z,59.4,21.1,1.929,49.6,0,60,0,0,0,0,0,0,0,0,66
2025-09-29T02:37:06.562Z,59.4,21.1,1.929,50.4,0,60,0,0,0,0,0,0,0,0,66
2025-09-29T02:37:07.562Z,59.4,21.1,1.929,50.4,0,60,0,0,0,0,0,0,0,0,66
2025-09-29T02:37:08.562Z,59.4,21.1,1.929,49.6,0,60,0,0,0,0,0,0,0,0,66
2025-09-29T02:37:09.562Z,59.4,21.1,1.929,50.4,0,60,0,0,0,0,0,0,0,0,66
2025-09-29T02:37:10.565Z,59.4,21.1,1.929,49.6,0,60,0,0,0,0,0,0,0,0,66
2025-09-29T02:37:11.567Z,59.4,21.1,1.929,50.4,0,60,0,0,0,0,0,0,0,0,66
2025-09-29T02:37:12.569Z,59.4,21.1,1.929,49.6,0,60,0,0,0,0,0,0,0,0,66
2025-09-29T02:37:13.568Z,59.4,21.1,1.929,50.4,0,60,0,0,0,0,0,0,0,0,66
2025-09-29T02:37:14.571Z,59.4,21.1,1.929,49.6,0,60,0,0,0,0,0,0,0,0,66
2025-09-29T02:37:15.571Z,59.4,21.1,1.929,49.6,0,60,0,0,0,0,0,0,0,0,66
2025-09-29T02:37:16.567Z,59.4,21.1,1.929,50.4,0,60,0,0,0,0,0,0,0,0,66
2025-09-29T02:37:17.570Z,59.4,21.1,1.929,49.6,0,60,0,0,0,0,0,0,0,0,66
2025-09-29T02:37:18.572Z,59.4,21.1,1.929,50.4,0,60,0,0,0,0,0,0,0,0,66
2025-09-29T02:37:19.573Z,59.4,21.1,1.928,49.6,0,60,0,0,0,0,0,0,0,0,66
2025-09-29T02:37:20.573Z,59.4,21.1,1.929,50.4,0,60,0,0,0,0,0,0,0,0,66
2025-09-29T02:37:21.576Z,59.4,21.1,1.928,49.6,0,60.1,0,0,0,0,0,0,0,0,66
2025-09-29T02:37:22.576Z,59.4,21.1,1.928,50.4,0,60.1,0,0,0,0,0,0,0,0,66
2025-09-29T02:37:23.577Z,59.4,21.1,1.928,49.6,0,60.1,0,0,0,0,0,0,0,0,66
2025-09-29T02:37:24.585Z,59.4,21.1,1.928,49.6,0,60.1,0,0,0,0,0,0,0,0,66
2025-09-29T02:37:25.581Z,59.4,21.1,1.928,50.4,0,60.1,0,0,0,0,0,0,0,0,66
2025-09-29T02:37:26.582Z,59.4,21.1,1.928,49.6,0,60.1,0,0,0,0,0,0,0,0,66
2025-09-29T02:37:27.585Z,59.4,21.1,1.928,50.4,0,60.1,0,0,0,0,0,0,0,0,66
2025-09-29T02:37:28.578Z,59.4,21.1,1.928,49.6,0,60.1,0,0,0,0,0,0,0,0,66
2025-09-29T02:37:29.578Z,59.4,21.1,1.928,50.4,0,60.1,0,0,0,0,0,0,0,0,66
2025-09-29T02:37:30.580Z,59.4,21.1,1.928,49.6,0,60.1,0,0,0,0,0,0,0,0,66
2025-09-29T02:37:31.585Z,59.4,21.1,1.928,49.6,0,60.1,0,0,0,0,0,0,0,0,66
2025-09-29T02:37:32.588Z,59.4,21.1,1.928,50.4,0,60.1,0,0,0,0,0,0,0,0,66
2025-09-29T02:37:33.585Z,59.4,21.1,1.928,49.6,0,60.1,0,0,0,0,0,0,0,0,66
2025-09-29T02:37:34.588Z,59.4,21.1,1.928,49.6,0,60.1,0,0,0,0,0,0,0,0,66
2025-09-29T02:37:35.588Z,59.4,21.1,1.928,50.4,0,60.1,0,0,0,0,0,0,0,0,66
2025-09-29T02:37:36.588Z,59.4,21.1,1.928,50.4,0,60.1,0,0,0,0,0,0,0,0,66
2025-09-29T02:37:37.587Z,59.4,21.1,1.928,49.6,0,60.1,0,0,0,0,0,0,0,0,66
2025-09-29T02:37:38.590Z,59.4,21.1,1.928,49.6,0,60.1,0,0,0,0,0,0,0,0,66
2025-09-29T02:37:39.592Z,59.4,21.1,1.928,49.6,0,60.1,0,0,0,0,0,0,0,0,66
2025-09-29T02:37:40.594Z,59.4,21.1,1.928,50.4,0,60.1,0,0,0,0,0,0,0,0,66
2025-09-29T02:37:41.597Z,59.4,21.1,1.928,50.4,0,60.1,0,0,0,0,0,0,0,0,66
2025-09-29T02:37:42.595Z,59.4,21.1,1.928,49.6,0,60.1,0,0,0,0,0,0,0,0,66
2025-09-29T02:37:43.599Z,59.4,21.1,1.928,50.4,0,60.1,0,0,0,0,0,0,0,0,66
2025-09-29T02:37:44.597Z,59.4,21.1,1.928,49.6,0,60.1,0,0,0,0,0,0,0,0,66
2025-09-29T02:37:45.593Z,59.4,21.1,1.928,50.4,0,60.1,0,0,0,0,0,0,0,0,66
2025-09-29T02:37:46.600Z,59.4,21.1,1.928,49.6,0,60.1,0,0,0,0,0,0,0,0,66
2025-09-29T02:37:47.601Z,59.4,21.1,1.928,49.6,0,60.1,0,0,0,0,0,0,0,0,66
2025-09-29T02:37:48.603Z,59.4,21.1,1.929,50.4,0,60.1,0,0,0,0,0,0,0,0,66
2025-09-29T02:37:49.605Z,59.4,21.1,1.929,50.4,0,60.1,0,0,0,0,0,0,0,0,66
2025-09-29T02:37:50.600Z,59.4,21.1,1.928,49.6,0,60.1,0,0,0,0,0,0,0,0,66
2025-09-29T02:37:51.606Z,59.4,21.1,1.929,49.6,0,60.1,0,0,0,0,0,0,0,0,66
2025-09-29T02:37:52.600Z,59.4,21.1,1.928,50.4,0,60.1,0,0,0,0,0,0,0,0,66
2025-09-29T02:37:53.605Z,59.4,21.1,1.928,50.4,0,60.1,0,0,0,0,0,0,0,0,66
2025-09-29T02:37:54.606Z,59.4,21.1,1.928,49.6,0,60.1,0,0,0,0,0,0,0,0,66
2025-09-29T02:37:55.606Z,59.4,21.1,1.928,50.4,0,60.1,0,0,0,0,0,0,0,0,66
2025-09-29T02:37:56.609Z,59.4,21.1,1.929,49.6,0,60.1,0,0,0,0,0,0,0,0,66
2025-09-29T02:37:57.606Z,59.4,21.1,1.928,50.4,0,60.1,0,0,0,0,0,0,0,0,66
2025-09-29T02:37:58.607Z,59.4,21.1,1.928,49.6,0,60.1,0,0,0,0,0,0,0,0,66
2025-09-29T02:37:59.610Z,59.4,21.1,1.929,49.6,0,60.1,0,0,0,0,0,0,0,0,66
2025-09-29T02:38:00.611Z,59.4,21.1,1.929,50.4,0,60.1,0,0,0,0,0,0,0,0,66
2025-09-29T02:38:01.611Z,59.4,21.1,1.928,49.6,0,60.1,0,0,0,0,0,0,0,0,66
2025-09-29T02:38:02.611Z,59.4,21.1,1.928,50.4,0,60.1,0,0,0,0,0,0,0,0,66
2025-09-29T02:38:03.614Z,59.4,21.1,1.928,49.6,0,60.1,0,0,0,0,0,0,0,0,66
2025-09-29T02:38:04.614Z,59.4,21.1,1.928,49.6,0,60.1,0,0,0,0,0,0,0,0,66
2025-09-29T02:38:05.619Z,59.4,21.1,1.929,50.4,0,60.1,0,0,0,0,0,0,0,0,66
2025-09-29T02:38:06.615Z,59.4,21.1,1.928,49.6,0,60.1,0,0,0,0,0,0,0,0,66
2025-09-29T02:38:07.618Z,59.4,21.1,1.929,49.6,0,60.1,0,0,0,0,0,0,0,0,66
2025-09-29T02:38:08.618Z,59.4,21.1,1.929,50.4,0,60.1,0,0,0,0,0,0,0,0,66
2025-09-29T02:38:09.615Z,59.4,21.1,1.928,49.6,0,60.1,0,0,0,0,0,0,0,0,66
2025-09-29T02:38:10.622Z,59.4,21.1,1.929,49.6,0,60.1,0,0,0,0,0,0,0,0,66
2025-09-29T02:38:11.618Z,59.4,21.1,1.928,50.4,0,60.1,0,0,0,0,0,0,0,0,66
2025-09-29T02:38:12.621Z,59.4,21.1,1.928,49.6,0,60.1,0,0,0,0,0,0,0,0,66
2025-09-29T02:38:13.623Z,59.4,21.1,1.929,50.4,0,60.1,0,0,0,0,0,0,0,0,66
2025-09-29T02:38:14.625Z,59.4,21.1,1.929,50.4,0,60.1,0,0,0,0,0,0,0,0,66
2025-09-29T02:38:15.624Z,59.4,21.1,1.928,49.6,0,60.1,0,0,0,0,0,0,0,0,66
2025-09-29T02:38:16.626Z,59.4,21.1,1.929,50.4,0,60.1,0,0,0,0,0,0,0,0,66
2025-09-29T02:38:17.629Z,59.4,21.1,1.929,50.4,0,60.1,0,0,0,0,0,0,0,0,66
2025-09-29T02:38:18.629Z,59.4,21.1,1.929,49.6,0,60.1,0,0,0,0,0,0,0,0,66
2025-09-29T02:38:19.631Z,59.4,21.1,1.929,50.4,0,60.1,0,0,0,0,0,0,0,0,66
2025-09-29T02:38:20.626Z,59.4,21.1,1.928,49.6,0,60.1,0,0,0,0,0,0,0,0,66
2025-09-29T02:38:21.627Z,59.4,21.1,1.928,50.4,0,60.1,0,0,0,0,0,0,0,0,66
2025-09-29T02:38:22.630Z,59.4,21.1,1.929,49.6,0,60.1,0,0,0,0,0,0,0,0,66
2025-09-29T02:38:23.633Z,59.4,21.1,1.929,49.6,0,60.1,0,0,0,0,0,0,0,0,66
2025-09-29T02:38:24.633Z,59.4,21.1,1.928,50.4,0,60.1,0,0,0,0,0,0,0,0,66
2025-09-29T02:38:25.637Z,59.4,21.1,1.928,49.6,0,60.1,0,0,0,0,0,0,0,0,66
2025-09-29T02:38:26.638Z,59.4,21.1,1.929,50.4,0,60.1,0,0,0,0,0,0,0,0,66
2025-09-29T02:38:27.637Z,59.4,21.1,1.929,49.6,0,60.1,0,0,0,0,0,0,0,0,66
2025-09-29T02:38:28.634Z,59.4,21.1,1.928,50.4,0,60.1,0,0,0,0,0,0,0,0,66
2025-09-29T02:38:29.641Z,59.4,21.1,1.928,49.6,0,60.1,0,0,0,0,0,0,0,0,66
2025-09-29T02:38:30.642Z,59.4,21.1,1.928,49.6,0,60.1,0,0,0,0,0,0,0,0,66
2025-09-29T02:38:31.643Z,59.4,21.1,1.928,50.4,0,60.1,0,0,0,0,0,0,0,0,66
2025-09-29T02:38:32.641Z,59.4,21.1,1.928,49.6,0,60.1,0,0,0,0,0,0,0,0,66
2025-09-29T02:38:33.641Z,59.4,21.1,1.928,50.4,0,60.1,0,0,0,0,0,0,0,0,66
2025-09-29T02:38:34.640Z,59.4,21.1,1.928,50.4,0,60.1,0,0,0,0,0,0,0,0,66
2025-09-29T02:38:35.648Z,59.4,21.1,1.928,49.6,0,60.1,0,0,0,0,0,0,0,0,66
2025-09-29T02:38:36.641Z,59.4,21.1,1.927,49.6,0,60.1,0,0,0,0,0,0,0,0,66
2025-09-29T02:38:37.641Z,59.4,21.1,1.928,49.6,0,60.1,0,0,0,0,0,0,0,0,66
2025-09-29T02:38:38.641Z,59.4,21.1,1.927,50.4,0,60.1,0,0,0,0,0,0,0,0,66
2025-09-29T02:38:39.642Z,59.4,21.1,1.927,50.4,0,60.1,0,0,0,0,0,0,0,0,66
2025-09-29T02:38:40.644Z,59.5,21.1,1.928,49.6,0,60.1,0,0,0,0,0,0,0,0,66
2025-09-29T02:38:41.649Z,59.5,21.1,1.928,50.4,0,60.1,0,0,0,0,0,0,0,0,66
2025-09-29T02:38:42.645Z,59.5,21.1,1.927,49.6,0,60.1,0,0,0,0,0,0,0,0,66
2025-09-29T02:38:43.649Z,59.5,21.1,1.928,50.4,0,60.1,0,0,0,0,0,0,0,0,66
2025-09-29T02:38:44.651Z,59.5,21.1,1.928,49.6,0,60.1,0,0,0,0,0,0,0,0,66
2025-09-29T02:38:45.651Z,59.5,21.1,1.928,50.4,0,60.1,0,0,0,0,0,0,0,0,66
2025-09-29T02:38:46.653Z,59.5,21.1,1.928,50.4,0,60.1,0,0,0,0,0,0,0,0,66
2025-09-29T02:38:47.649Z,59.5,21.1,1.927,49.6,0,60.1,0,0,0,0,0,0,0,0,66
2025-09-29T02:38:48.649Z,59.5,21.1,1.926,50.4,0,60.1,0,0,0,0,0,0,0,0,66
2025-09-29T02:38:49.651Z,59.5,21.1,1.927,49.6,0,60.1,0,0,0,0,0,0,0,0,66
2025-09-29T02:38:50.652Z,59.5,21.1,1.927,50.4,0,60.1,0,0,0,0,0,0,0,0,66
2025-09-29T02:38:51.656Z,59.5,21.1,1.928,49.6,0,60.1,0,0,0,0,0,0,0,0,66
2025-09-29T02:38:52.656Z,59.5,21.1,1.927,50.4,0,60.1,0,0,0,0,0,0,0,0,66
2025-09-29T02:38:53.657Z,59.5,21.1,1.928,49.6,0,60.1,0,0,0,0,0,0,0,0,66
2025-09-29T02:38:54.659Z,59.5,21.1,1.927,50.4,0,60.1,0,0,0,0,0,0,0,0,66
2025-09-29T02:38:55.658Z,59.5,21.1,1.928,49.6,0,60.1,0,0,0,0,0,0,0,0,66
2025-09-29T02:38:56.664Z,59.5,21.1,1.928,50.4,0,60.1,0,0,0,0,0,0,0,0,66
2025-09-29T02:38:57.667Z,59.5,21.1,1.927,49.6,0,60.1,0,0,0,0,0,0,0,0,66
2025-09-29T02:38:58.661Z,59.5,21.1,1.927,50.4,0,60.1,0,0,0,0,0,0,0,0,66
2025-09-29T02:38:59.662Z,59.5,21.1,1.927,49.6,0,60.1,0,0,0,0,0,0,0,0,66
2025-09-29T02:39:00.663Z,59.5,21.1,1.927,50.4,0,60.1,0,0,0,0,0,0,0,0,66
2025-09-29T02:39:00.663Z,59.5,21.1,1.927,50.4,0,60.1,0,0,0,0,0,0,0,0,66
2025-09-29T02:39:02.669Z,59.5,21.1,1.927,50.4,0,60.1,0,0,0,0,0,0,0,0,66
2025-09-29T02:39:03.672Z,59.5,21.1,1.927,49.6,0,60.1,0,0,0,0,0,0,0,0,66
2025-09-29T02:39:04.671Z,59.5,21.1,1.927,50.4,0,60.1,0,0,0,0,0,0,0,0,66
2025-09-29T02:39:05.669Z,59.5,21.1,1.927,49.6,0,60.1,0,0,0,0,0,0,0,0,66
2025-09-29T02:39:06.663Z,59.5,21.1,1.926,50.4,0,60.1,0,0,0,0,0,0,0,0,66
2025-09-29T02:39:07.676Z,59.6,21.1,1.927,49.6,0,60.1,0,0,0,0,0,0,0,0,66
2025-09-29T02:39:08.675Z,59.6,21.1,1.927,49.6,0,60.1,0,0,0,0,0,0,0,0,66
2025-09-29T02:39:09.674Z,59.6,21.1,1.927,49.6,0,60.1,0,0,0,0,0,0,0,0,66
2025-09-29T02:39:10.677Z,59.6,21.1,1.927,50.4,0,60.1,0,0,0,0,0,0,0,0,66
2025-09-29T02:39:11.679Z,59.6,21.1,1.926,49.6,0,60.1,0,0,0,0,0,0,0,0,66
2025-09-29T02:39:12.676Z,59.6,21.1,1.927,50.4,0,60.1,0,0,0,0,0,0,0,0,66
2025-09-29T02:39:13.678Z,59.6,21.1,1.926,49.6,0,60.1,0,0,0,0,0,0,0,0,66
2025-09-29T02:39:14.684Z,59.6,21.1,1.926,50.4,0,60.1,0,0,0,0,0,0,0,0,66
2025-09-29T02:39:15.678Z,59.6,21.1,1.927,49.6,0,60.1,0,0,0,0,0,0,0,0,66
2025-09-29T02:39:16.682Z,59.6,21.1,1.926,49.6,0,60.1,0,0,0,0,0,0,0,0,66
2025-09-29T02:39:17.681Z,59.6,21.1,1.927,50.4,0,60.1,0,0,0,0,0,0,0,0,66
2025-09-29T02:39:18.682Z,59.6,21.1,1.927,49.6,0,60.1,0,0,0,0,0,0,0,0,66
2025-09-29T02:39:19.686Z,59.6,21.1,1.926,50.4,0,60.1,0,0,0,0,0,0,0,0,66
2025-09-29T02:39:20.687Z,59.6,21.1,1.926,49.6,0,60.1,0,0,0,0,0,0,0,0,66
2025-09-29T02:39:21.682Z,59.6,21.1,1.927,49.6,0,60.1,0,0,0,0,0,0,0,0,66
2025-09-29T02:39:22.687Z,59.6,21.1,1.927,50.4,0,60.1,0,0,0,0,0,0,0,0,66
2025-09-29T02:39:23.686Z,59.6,21.1,1.927,49.6,0,60.1,0,0,0,0,0,0,0,0,66
2025-09-29T02:39:24.688Z,59.6,21.1,1.927,49.6,0,60.1,0,0,0,0,0,0,0,0,66
2025-09-29T02:39:25.687Z,59.6,21.1,1.927,50.4,0,60.1,0,0,0,0,0,0,0,0,66
2025-09-29T02:39:26.692Z,59.6,21.1,1.926,49.6,0,60.1,0,0,0,0,0,0,0,0,66
2025-09-29T02:39:27.690Z,59.6,21.1,1.927,50.4,0,60.1,0,0,0,0,0,0,0,0,66
2025-09-29T02:39:28.687Z,59.6,21.1,1.927,50.4,0,60.1,0,0,0,0,0,0,0,0,66
2025-09-29T02:39:29.690Z,59.6,21.1,1.927,49.6,0,60.1,0,0,0,0,0,0,0,0,66
2025-09-29T02:39:30.693Z,59.6,21.1,1.927,50.4,0,60.1,0,0,0,0,0,0,0,0,66
2025-09-29T02:39:31.698Z,59.6,21.1,1.926,49.6,0,60.1,0,0,0,0,0,0,0,0,66
2025-09-29T02:39:32.692Z,59.6,21.1,1.927,50.4,0,60.1,0,0,0,0,0,0,0,0,66
2025-09-29T02:39:33.694Z,59.7,21.1,1.927,49.6,0,60.1,0,0,0,0,0,0,0,0,66
2025-09-29T02:39:34.699Z,59.7,21.1,1.926,50.4,0,60.1,0,0,0,0,0,0,0,0,66
2025-09-29T02:39:35.696Z,59.7,21.1,1.927,49.6,0,60.1,0,0,0,0,0,0,0,0,66
2025-09-29T02:39:36.698Z,59.7,21.1,1.926,50.4,0,60.1,0,0,0,0,0,0,0,0,66
2025-09-29T02:39:37.701Z,59.7,21.1,1.926,49.6,0,60.1,0,0,0,0,0,0,0,0,66
2025-09-29T02:39:38.707Z,59.7,21.1,1.926,50.4,0,60.1,0,0,0,0,0,0,0,0,66
2025-09-29T02:39:39.701Z,59.7,21.1,1.926,49.6,0,60.1,0,0,0,0,0,0,0,0,66
2025-09-29T02:39:40.700Z,59.7,21.1,1.927,50.4,0,60.1,0,0,0,0,0,0,0,0,66
2025-09-29T02:39:41.701Z,59.7,21.1,1.927,49.6,0,60.1,0,0,0,0,0,0,0,0,66
2025-09-29T02:39:42.700Z,59.7,21.1,1.926,50.4,0,60.1,0,0,0,0,0,0,0,0,66
2025-09-29T02:39:43.703Z,59.7,21.1,1.926,49.6,0,60.1,0,0,0,0,0,0,0,0,66
2025-09-29T02:39:44.709Z,59.7,21.1,1.926,50.4,0,60.1,0,0,0,0,0,0,0,0,66
2025-09-29T02:39:45.711Z,59.7,21.1,1.926,49.6,0,60.1,0,0,0,0,0,0,0,0,66
2025-09-29T02:39:46.711Z,59.7,21.1,1.926,50.4,0,60.1,0,0,0,0,0,0,0,0,66
2025-09-29T02:39:47.709Z,59.7,21.1,1.926,49.6,0,60.1,0,0,0,0,0,0,0,0,66
2025-09-29T02:39:48.708Z,59.7,21.1,1.926,50.4,0,60.1,0,0,0,0,0,0,0,0,66
2025-09-29T02:39:49.709Z,59.7,21.1,1.926,49.6,0,60.1,0,0,0,0,0,0,0,0,66
2025-09-29T02:39:50.713Z,59.7,21.1,1.926,50.4,0,60.1,0,0,0,0,0,0,0,0,66
2025-09-29T02:39:51.712Z,59.7,21.1,1.926,49.6,0,60.1,0,0,0,0,0,0,0,0,66
2025-09-29T02:39:52.714Z,59.8,21.1,1.926,50.4,0,60.1,0,0,0,0,0,0,0,0,66
2025-09-29T02:39:53.715Z,59.8,21.1,1.925,49.6,0,60.1,0,0,0,0,0,0,0,0,66
2025-09-29T02:39:54.715Z,59.8,21.1,1.926,50.4,0,60.1,0,0,0,0,0,0,0,0,66
2025-09-29T02:39:55.715Z,59.8,21.1,1.926,49.6,0,60.1,0,0,0,0,0,0,0,0,66
2025-09-29T02:39:56.719Z,59.8,21.1,1.926,50.4,0,60.1,0,0,0,0,0,0,0,0,66
2025-09-29T02:39:57.715Z,59.8,21.1,1.926,49.6,0,60.1,0,0,0,0,0,0,0,0,66
2025-09-29T02:39:58.714Z,59.8,21.1,1.926,50.4,0,60.1,0,0,0,0,0,0,0,0,66
2025-09-29T02:39:59.712Z,59.8,21.1,1.926,49.6,0,60.1,0,0,0,0,0,0,0,0,66
2025-09-29T02:40:00.717Z,59.8,21.1,1.925,50.4,0,60.1,0,0,0,0,0,0,0,0,66
2025-09-29T02:40:01.719Z,59.8,21.1,1.925,49.6,0,60.1,0,0,0,0,0,0,0,0,66
2025-09-29T02:40:02.720Z,59.8,21.1,1.925,50.4,0,60.1,0,0,0,0,0,0,0,0,66
2025-09-29T02:40:03.721Z,59.8,21.1,1.925,49.6,0,60.1,0,0,0,0,0,0,0,0,66
2025-09-29T02:40:04.719Z,59.8,21.1,1.925,50.4,0,60.1,0,0,0,0,0,0,0,0,66
2025-09-29T02:40:05.723Z,59.8,21.1,1.925,49.6,0,60.1,0,0,0,0,0,0,0,0,66
2025-09-29T02:40:05.723Z,59.8,21.1,1.925,49.6,0,60.1,0,0,0,0,0,0,0,0,66
2025-09-29T02:40:07.722Z,59.9,21.1,1.925,49.6,0,60.1,0,0,0,0,0,0,0,0,66
2025-09-29T02:40:08.722Z,59.9,21.1,1.925,49.6,0,60.1,0,0,0,0,0,0,0,0,66
2025-09-29T02:40:09.727Z,59.9,21.1,1.925,49.6,0,60.1,0,0,0,0,0,0,0,0,66
2025-09-29T02:40:10.723Z,59.9,21.1,1.926,50.4,0,60.1,0,0,0,0,0,0,0,0,66
2025-09-29T02:40:11.727Z,59.9,21.1,1.925,49.6,0,60.1,0,0,0,0,0,0,0,0,66
2025-09-29T02:40:12.732Z,59.9,21.1,1.925,50.4,0,60.1,0,0,0,0,0,0,0,0,66
2025-09-29T02:40:13.728Z,59.9,21.1,1.925,49.6,0,60.1,0,0,0,0,0,0,0,0,66
2025-09-29T02:40:14.732Z,59.9,21.1,1.925,50.4,0,60.1,0,0,0,0,0,0,0,0,66
2025-09-29T02:40:15.731Z,59.9,21.1,1.925,49.6,0,60.1,0,0,0,0,0,0,0,0,66
2025-09-29T02:40:16.733Z,59.9,21.1,1.925,50.4,0,60.1,0,0,0,0,0,0,0,0,66
2025-09-29T02:40:17.733Z,59.9,21.1,1.925,49.6,0,60.2,0,0,0,0,0,0,0,0,66
2025-09-29T02:40:18.731Z,59.9,21.1,1.926,50.4,0,60.1,0,0,0,0,0,0,0,0,66
2025-09-29T02:40:19.728Z,59.9,21.1,1.926,49.6,0,60.1,0,0,0,0,0,0,0,0,66
2025-09-29T02:40:20.733Z,59.9,21.1,1.925,49.6,0,60.1,0,0,0,0,0,0,0,0,66
2025-09-29T02:40:21.731Z,59.9,21.1,1.926,49.6,0,60.1,0,0,0,0,0,0,0,0,66
2025-09-29T02:40:22.731Z,59.9,21.1,1.926,50.4,0,60.1,0,0,0,0,0,0,0,0,66
2025-09-29T02:40:23.736Z,60,21.1,1.924,49.6,0,60.2,0,0,0,0,0,0,0,0,66
2025-09-29T02:40:24.738Z,60,21.1,1.925,50.4,0,60.1,0,0,0,0,0,0,0,0,66
2025-09-29T02:40:25.736Z,60,21.1,1.924,49.6,0,60.1,0,0,0,0,0,0,0,0,66
2025-09-29T02:40:26.740Z,60,21.1,1.924,49.6,0,60.2,0,0,0,0,0,0,0,0,66
2025-09-29T02:40:27.744Z,60,21.1,1.924,50.4,0,60.2,0,0,0,0,0,0,0,0,66
2025-09-29T02:40:28.736Z,60,21.1,1.924,49.6,0,60.2,0,0,0,0,0,0,0,0,66
2025-09-29T02:40:29.735Z,60,21.1,1.924,50.4,0,60.2,0,0,0,0,0,0,0,0,66
2025-09-29T02:40:30.743Z,60,21.1,1.924,49.6,0,60.2,0,0,0,0,0,0,0,0,66
2025-09-29T02:40:31.744Z,60,21.1,1.924,49.6,0,60.2,0,0,0,0,0,0,0,0,66
2025-09-29T02:40:32.747Z,60,21.1,1.924,50.4,0,60.2,0,0,0,0,0,0,0,0,66
2025-09-29T02:40:33.747Z,60,21.1,1.924,49.6,0,60.2,0,0,0,0,0,0,0,0,66
2025-09-29T02:40:34.746Z,60,21.1,1.923,50.4,0,60.2,0,0,0,0,0,0,0,0,66
2025-09-29T02:40:35.749Z,60,21.1,1.924,49.6,0,60.2,0,0,0,0,0,0,0,0,66
2025-09-29T02:40:36.747Z,60,21.1,1.924,49.6,0,60.2,0,0,0,0,0,0,0,0,66
2025-09-29T02:40:37.746Z,60.1,21.1,1.924,50.4,0,60.2,0,0,0,0,0,0,0,0,66
2025-09-29T02:40:38.746Z,60.1,21.1,1.924,49.6,0,60.2,0,0,0,0,0,0,0,0,66
2025-09-29T02:40:39.750Z,60.1,21.1,1.924,49.6,0,60.2,0,0,0,0,0,0,0,0,66
2025-09-29T02:40:40.751Z,60.1,21.1,1.924,50.4,0,60.2,0,0,0,0,0,0,0,0,66
2025-09-29T02:40:41.748Z,60.1,21.1,1.923,50.4,0,60.2,0,0,0,0,0,0,0,0,66
2025-09-29T02:40:42.748Z,60.1,21.1,1.923,49.6,0,60.2,0,0,0,0,0,0,0,0,66
2025-09-29T02:40:43.753Z,60.1,21.1,1.923,50.4,0,60.2,0,0,0,0,0,0,0,0,66
2025-09-29T02:40:44.751Z,60.1,21.1,1.923,49.6,0,60.2,0,0,0,0,0,0,0,0,66
2025-09-29T02:40:45.755Z,60.1,21.1,1.923,50.4,0,60.2,0,0,0,0,0,0,0,0,66
2025-09-29T02:40:46.761Z,60.1,21.1,1.924,49.6,0,60.2,0,0,0,0,0,0,0,0,66
2025-09-29T02:40:47.755Z,60.1,21.1,1.923,50.4,0,60.2,0,0,0,0,0,0,0,0,66
2025-09-29T02:40:48.760Z,60.1,21.1,1.923,49.6,0,60.2,0,0,0,0,0,0,0,0,66
2025-09-29T02:40:49.759Z,60.1,21.1,1.923,49.6,0,60.2,0,0,0,0,0,0,0,0,66
2025-09-29T02:40:50.757Z,60.1,21.1,1.923,50.4,0,60.2,0,0,0,0,0,0,0,0,66
2025-09-29T02:40:51.763Z,60.1,21.1,1.923,49.6,0,60.2,0,0,0,0,0,0,0,0,66
2025-09-29T02:40:52.760Z,60.2,21.1,1.923,50.4,0,60.2,0,0,0,0,0,0,0,0,66
2025-09-29T02:40:53.761Z,60.2,21.1,1.923,49.6,0,60.2,0,0,0,0,0,0,0,0,66
2025-09-29T02:40:54.763Z,60.2,21.1,1.923,50.4,0,60.2,0,0,0,0,0,0,0,0,66
2025-09-29T02:40:55.763Z,60.2,21.1,1.923,49.6,0,60.2,0,0,0,0,0,0,0,0,66
2025-09-29T02:40:56.767Z,60.2,21.1,1.923,49.6,0,60.2,0,0,0,0,0,0,0,0,66
2025-09-29T02:40:57.763Z,60.2,21.1,1.923,50.4,0,60.2,0,0,0,0,0,0,0,0,66
2025-09-29T02:40:58.764Z,60.2,21.1,1.923,49.6,0,60.2,0,0,0,0,0,0,0,0,66
2025-09-29T02:40:59.767Z,60.2,21.1,1.923,49.6,0,60.2,0,0,0,0,0,0,0,0,66
2025-09-29T02:41:00.764Z,60.2,21.1,1.923,50.4,0,60.2,0,0,0,0,0,0,0,0,66
2025-09-29T02:41:01.770Z,60.2,21.1,1.923,50.4,0,60.2,0,0,0,0,0,0,0,0,66
2025-09-29T02:41:02.767Z,60.2,21.1,1.923,49.6,0,60.2,0,0,0,0,0,0,0,0,66
2025-09-29T02:41:03.771Z,60.2,21.1,1.923,50.4,0,60.2,0,0,0,0,0,0,0,0,66
2025-09-29T02:41:04.767Z,60.2,21.1,1.923,49.6,0,60.2,0,0,0,0,0,0,0,0,66
2025-09-29T02:41:05.769Z,60.3,21.1,1.923,50.4,0,60.2,0,0,0,0,0,0,0,0,66
2025-09-29T02:41:06.772Z,60.3,21.1,1.923,49.6,0,60.2,0,0,0,0,0,0,0,0,66
2025-09-29T02:41:07.768Z,60.3,21.1,1.923,50.4,0,60.2,0,0,0,0,0,0,0,0,66
2025-09-29T02:41:08.777Z,60.3,21.1,1.923,49.6,0,60.2,0,0,0,0,0,0,0,0,66
2025-09-29T02:41:09.776Z,60.3,21.1,1.923,50.4,0,60.2,0,0,0,0,0,0,0,0,66
2025-09-29T02:41:10.774Z,60.3,21.1,1.923,49.6,0,60.2,0,0,0,0,0,0,0,0,66
2025-09-29T02:41:11.776Z,60.3,21.1,1.923,49.6,0,60.2,0,0,0,0,0,0,0,0,66
2025-09-29T02:41:12.774Z,60.3,21.1,1.923,50.4,0,60.2,0,0,0,0,0,0,0,0,66
2025-09-29T02:41:13.777Z,60.3,21.1,1.923,49.6,0,60.2,0,0,0,0,0,0,0,0,66
2025-09-29T02:41:14.776Z,60.3,21.1,1.923,49.6,0,60.2,0,0,0,0,0,0,0,0,66
2025-09-29T02:41:15.780Z,60.3,21.1,1.923,50.4,0,60.2,0,0,0,0,0,0,0,0,66
2025-09-29T02:41:16.780Z,60.3,21.1,1.923,49.6,0,60.2,0,0,0,0,0,0,0,0,66
2025-09-29T02:41:17.781Z,60.3,21.1,1.923,49.6,0,60.2,0,0,0,0,0,0,0,0,66
2025-09-29T02:41:18.782Z,60.4,21.1,1.923,50.4,0,60.2,0,0,0,0,0,0,0,0,66
2025-09-29T02:41:19.784Z,60.4,21.1,1.923,50.4,0,60.2,0,0,0,0,0,0,0,0,66
2025-09-29T02:41:20.783Z,60.4,21.1,1.922,49.6,0,60.2,0,0,0,0,0,0,0,0,66
2025-09-29T02:41:21.783Z,60.4,21.1,1.923,50.4,0,60.2,0,0,0,0,0,0,0,0,66
2025-09-29T02:41:22.790Z,60.4,21.1,1.923,49.6,0,60.2,0,0,0,0,0,0,0,0,66
2025-09-29T02:41:23.788Z,60.4,21.1,1.923,50.4,0,60.2,0,0,0,0,0,0,0,0,66
2025-09-29T02:41:24.786Z,60.4,21.1,1.922,50.4,0,60.2,0,0,0,0,0,0,0,0,66
2025-09-29T02:41:25.785Z,60.4,21.1,1.922,49.6,0,60.2,0,0,0,0,0,0,0,0,66
2025-09-29T02:41:26.785Z,60.4,21.1,1.922,50.4,0,60.2,0,0,0,0,0,0,0,0,66
2025-09-29T02:41:27.788Z,60.4,21.1,1.922,49.6,0,60.2,0,0,0,0,0,0,0,0,66
2025-09-29T02:41:28.787Z,60.4,21.1,1.923,50.4,0,60.2,0,0,0,0,0,0,0,0,66
2025-09-29T02:41:29.791Z,60.4,21.1,1.922,49.6,0,60.2,0,0,0,0,0,0,0,0,66
2025-09-29T02:41:30.791Z,60.4,21.1,1.922,50.4,0,60.2,0,0,0,0,0,0,0,0,66
2025-09-29T02:41:31.791Z,60.4,21.1,1.922,49.6,0,60.2,0,0,0,0,0,0,0,0,66
2025-09-29T02:41:32.790Z,60.4,21.1,1.922,50.4,0,60.2,0,0,0,0,0,0,0,0,66
2025-09-29T02:41:33.792Z,60.5,21.1,1.922,49.6,0,60.2,0,0,0,0,0,0,0,0,66
2025-09-29T02:41:34.794Z,60.5,21.1,1.922,49.6,0,60.2,0,0,0,0,0,0,0,0,66
2025-09-29T02:41:35.796Z,60.5,21.1,1.923,50.4,0,60.2,0,0,0,0,0,0,0,0,66
2025-09-29T02:41:36.796Z,60.5,21.1,1.922,49.6,0,60.2,0,0,0,0,0,0,0,0,66
2025-09-29T02:41:37.799Z,60.5,21.1,1.922,50.4,0,60.2,0,0,0,0,0,0,0,0,66
2025-09-29T02:41:37.799Z,60.5,21.1,1.922,50.4,0,60.2,0,0,0,0,0,0,0,0,66
2025-09-29T02:41:39.799Z,60.5,21.1,1.922,49.6,0,60.2,0,0,0,0,0,0,0,0,66
2025-09-29T02:41:40.799Z,60.5,21.1,1.922,50.4,0,60.2,0,0,0,0,0,0,0,0,66
2025-09-29T02:41:41.802Z,60.5,21.1,1.922,49.6,0,60.2,0,0,0,0,0,0,0,0,66
2025-09-29T02:41:42.804Z,60.5,21.1,1.922,49.6,0,60.2,0,0,0,0,0,0,0,0,66
2025-09-29T02:41:43.806Z,60.5,21.1,1.922,50.4,0,60.2,0,0,0,0,0,0,0,0,66
2025-09-29T02:41:44.805Z,60.5,21.1,1.922,50.4,0,60.2,0,0,0,0,0,0,0,0,66
2025-09-29T02:41:45.801Z,60.5,21.1,1.921,49.6,0,60.2,0,0,0,0,0,0,0,0,66
2025-09-29T02:41:46.802Z,60.5,21.1,1.921,50.4,0,60.2,0,0,0,0,0,0,0,0,66
2025-09-29T02:41:47.809Z,60.5,21.1,1.922,49.6,0,60.2,0,0,0,0,0,0,0,0,66
2025-09-29T02:41:48.809Z,60.6,21.1,1.922,50.4,0,60.2,0,0,0,0,0,0,0,0,66
2025-09-29T02:41:49.806Z,60.6,21.1,1.922,49.6,0,60.2,0,0,0,0,0,0,0,0,66
2025-09-29T02:41:50.816Z,60.6,21.1,1.922,50.4,0,60.2,0,0,0,0,0,0,0,0,66
2025-09-29T02:41:51.812Z,60.6,21.1,1.922,50.4,0,60.2,0,0,0,0,0,0,0,0,66
2025-09-29T02:41:52.813Z,60.6,21.1,1.922,49.6,0,60.2,0,0,0,0,0,0,0,0,66
2025-09-29T02:41:53.811Z,60.6,21.1,1.922,50.4,0,60.2,0,0,0,0,0,0,0,0,66
2025-09-29T02:41:54.816Z,60.6,21.1,1.922,49.6,0,60.2,0,0,0,0,0,0,0,0,66
2025-09-29T02:41:55.817Z,60.6,21.1,1.922,50.4,0,60.2,0,0,0,0,0,0,0,0,66
2025-09-29T02:41:56.814Z,60.6,21.1,1.922,49.6,0,60.2,0,0,0,0,0,0,0,0,66
2025-09-29T02:41:57.818Z,60.6,21.1,1.922,50.4,0,60.2,0,0,0,0,0,0,0,0,66
2025-09-29T02:41:58.822Z,60.6,21.1,1.922,49.6,0,60.2,0,0,0,0,0,0,0,0,66
2025-09-29T02:41:59.816Z,60.6,21.1,1.922,50.4,0,60.2,0,0,0,0,0,0,0,0,66
2025-09-29T02:42:00.820Z,60.6,21.1,1.922,49.6,0,60.2,0,0,0,0,0,0,0,0,66
2025-09-29T02:42:01.821Z,60.6,21.1,1.922,50.4,0,60.2,0,0,0,0,0,0,0,0,66
2025-09-29T02:42:02.819Z,60.7,21.1,1.922,49.6,0,60.2,0,0,0,0,0,0,0,0,66
2025-09-29T02:42:03.826Z,60.7,21.1,1.922,50.4,0,60.2,0,0,0,0,0,0,0,0,66
2025-09-29T02:42:04.820Z,60.7,21.1,1.922,49.6,0,60.2,0,0,0,0,0,0,0,0,66
2025-09-29T02:42:05.824Z,60.7,21.1,1.922,50.4,0,60.2,0,0,0,0,0,0,0,0,66
2025-09-29T02:42:06.821Z,60.7,21.1,1.922,49.6,0,60.2,0,0,0,0,0,0,0,0,66
2025-09-29T02:42:07.833Z,60.7,21.1,1.921,50.4,0,60.2,0,0,0,0,0,0,0,0,66
2025-09-29T02:42:08.825Z,60.7,21.1,1.922,49.6,0,60.2,0,0,0,0,0,0,0,0,66
2025-09-29T02:42:09.827Z,60.7,21.1,1.922,50.4,0,60.2,0,0,0,0,0,0,0,0,66
2025-09-29T02:42:10.827Z,60.7,21.1,1.922,49.6,0,60.2,0,0,0,0,0,0,0,0,66
2025-09-29T02:42:11.829Z,60.7,21.1,1.922,50.4,0,60.2,0,0,0,0,0,0,0,0,66
2025-09-29T02:42:12.833Z,60.7,21.1,1.922,49.6,0,60.2,0,0,0,0,0,0,0,0,66
2025-09-29T02:42:13.829Z,60.7,21.1,1.922,50.4,0,60.2,0,0,0,0,0,0,0,0,66
2025-09-29T02:42:14.835Z,60.7,21.1,1.921,49.6,0,60.2,0,0,0,0,0,0,0,0,66
2025-09-29T02:42:15.831Z,60.7,21.1,1.922,50.4,0,60.2,0,0,0,0,0,0,0,0,66
2025-09-29T02:42:16.827Z,60.7,21.1,1.922,49.6,0,60.2,0,0,0,0,0,0,0,0,66
2025-09-29T02:42:17.838Z,60.7,21.1,1.92,50.4,0,60.2,0,0,0,0,0,0,0,0,66
2025-09-29T02:42:18.840Z,60.7,21.1,1.92,49.6,0,60.2,0,0,0,0,0,0,0,0,66
2025-09-29T02:42:19.840Z,60.8,21.1,1.92,49.6,0,60.2,0,0,0,0,0,0,0,0,66
2025-09-29T02:42:20.840Z,60.7,21.1,1.92,49.6,0,60.2,0,0,0,0,0,0,0,0,66
2025-09-29T02:42:21.837Z,60.8,21.1,1.921,50.4,0,60.2,0,0,0,0,0,0,0,0,66
2025-09-29T02:42:22.836Z,60.8,21.1,1.922,49.6,0,60.2,0,0,0,0,0,0,0,0,66
2025-09-29T02:42:23.839Z,60.8,21.1,1.921,50.4,0,60.2,0,0,0,0,0,0,0,0,66
2025-09-29T02:42:24.839Z,60.8,21.1,1.921,49.6,0,60.2,0,0,0,0,0,0,0,0,66
2025-09-29T02:42:25.840Z,60.8,21.1,1.921,49.6,0,60.2,0,0,0,0,0,0,0,0,66
2025-09-29T02:42:26.842Z,60.8,21.1,1.92,50.4,0,60.2,0,0,0,0,0,0,0,0,66
2025-09-29T02:42:27.843Z,60.8,21.1,1.921,49.6,0,60.2,0,0,0,0,0,0,0,0,66
2025-09-29T02:42:28.842Z,60.8,21.1,1.921,50.4,0,60.2,0,0,0,0,0,0,0,0,66
2025-09-29T02:42:29.843Z,60.8,21.1,1.92,49.6,0,60.2,0,0,0,0,0,0,0,0,66
2025-09-29T02:42:30.850Z,60.8,21.1,1.92,50.4,0,60.2,0,0,0,0,0,0,0,0,66
2025-09-29T02:42:31.848Z,60.8,21.1,1.92,49.6,0,60.2,0,0,0,0,0,0,0,0,66
2025-09-29T02:42:32.853Z,60.8,21.1,1.92,49.6,0,60.2,0,0,0,0,0,0,0,0,66
2025-09-29T02:42:33.849Z,60.8,21.1,1.92,50.4,0,60.2,0,0,0,0,0,0,0,0,66
2025-09-29T02:42:34.851Z,60.8,21.1,1.92,49.6,0,60.2,0,0,0,0,0,0,0,0,66
2025-09-29T02:42:35.851Z,60.8,21.1,1.92,50.4,0,60.2,0,0,0,0,0,0,0,0,66
2025-09-29T02:42:36.852Z,60.8,21.1,1.92,49.6,0,60.2,0,0,0,0,0,0,0,0,66
2025-09-29T02:42:37.850Z,60.8,21.1,1.92,50.4,0,60.2,0,0,0,0,0,0,0,0,66
2025-09-29T02:42:38.856Z,60.8,21.1,1.92,50.4,0,60.2,0,0,0,0,0,0,0,0,66
2025-09-29T02:42:39.854Z,60.9,21.1,1.92,49.6,0,60.2,0,0,0,0,0,0,0,0,66
2025-09-29T02:42:40.859Z,60.9,21.1,1.92,50.4,0,60.2,0,0,0,0,0,0,0,0,66
2025-09-29T02:42:41.852Z,60.9,21.1,1.92,49.6,0,60.2,0,0,0,0,0,0,0,0,66
2025-09-29T02:42:42.853Z,60.9,21.1,1.92,50.4,0,60.2,0,0,0,0,0,0,0,0,66
2025-09-29T02:42:43.862Z,60.9,21.1,1.92,49.6,0,60.2,0,0,0,0,0,0,0,0,66
2025-09-29T02:42:44.856Z,60.9,21.1,1.92,50.4,0,60.2,0,0,0,0,0,0,0,0,66
2025-09-29T02:42:45.859Z,60.9,21.1,1.92,49.6,0,60.2,0,0,0,0,0,0,0,0,66
2025-09-29T02:42:46.864Z,60.9,21.1,1.92,50.4,0,60.2,0,0,0,0,0,0,0,0,66
2025-09-29T02:42:47.861Z,60.9,21.1,1.92,49.6,0,60.2,0,0,0,0,0,0,0,0,66
2025-09-29T02:42:48.862Z,60.9,21.1,1.92,50.4,0,60.2,0,0,0,0,0,0,0,0,66
2025-09-29T02:42:49.860Z,60.9,21.1,1.92,49.6,0,60.2,0,0,0,0,0,0,0,0,66
2025-09-29T02:42:50.870Z,60.9,21.1,1.92,50.4,0,60.2,0,0,0,0,0,0,0,0,66
2025-09-29T02:42:51.864Z,60.9,21.1,1.92,49.6,0,60.2,0,0,0,0,0,0,0,0,66
2025-09-29T02:42:52.866Z,60.9,21.1,1.92,49.6,0,60.2,0,0,0,0,0,0,0,0,66
2025-09-29T02:42:53.868Z,60.9,21.1,1.92,49.6,0,60.2,0,0,0,0,0,0,0,0,66
2025-09-29T02:42:54.869Z,60.9,21.1,1.92,50.4,0,60.2,0,0,0,0,0,0,0,0,66
2025-09-29T02:42:55.866Z,60.9,21.1,1.92,49.6,0,60.2,0,0,0,0,0,0,0,0,66
2025-09-29T02:42:56.872Z,60.9,21.1,1.92,49.6,0,60.2,0,0,0,0,0,0,0,0,66
2025-09-29T02:42:57.870Z,60.9,21.1,1.92,50.4,0,60.2,0,0,0,0,0,0,0,0,66
2025-09-29T02:42:58.870Z,60.9,21.1,1.92,49.6,0,60.2,0,0,0,0,0,0,0,0,66
2025-09-29T02:42:59.870Z,60.9,21.1,1.92,50.4,0,60.2,0,0,0,0,0,0,0,0,66
2025-09-29T02:43:00.869Z,61,21.1,1.92,49.6,0,60.2,0,0,0,0,0,0,0,0,66
2025-09-29T02:43:01.872Z,61,21.1,1.92,50.4,0,60.2,0,0,0,0,0,0,0,0,66
2025-09-29T02:43:02.878Z,61,21.1,1.92,50.4,0,60.2,0,0,0,0,0,0,0,0,66
2025-09-29T02:43:03.877Z,61,21.1,1.92,49.6,0,60.2,0,0,0,0,0,0,0,0,66
2025-09-29T02:43:04.882Z,61,21.1,1.92,50.4,0,60.2,0,0,0,0,0,0,0,0,66
2025-09-29T02:43:05.874Z,61,21.1,1.92,49.6,0,60.2,0,0,0,0,0,0,0,0,66
2025-09-29T02:43:06.880Z,61,21.1,1.92,50.4,0,60.2,0,0,0,0,0,0,0,0,66
2025-09-29T02:43:07.876Z,61,21.1,1.92,49.6,0,60.2,0,0,0,0,0,0,0,0,66
2025-09-29T02:43:08.883Z,61,21.1,1.92,50.4,0,60.2,0,0,0,0,0,0,0,0,66
2025-09-29T02:43:09.881Z,61,21.1,1.92,49.6,0,60.2,0,0,0,0,0,0,0,0,66
2025-09-29T02:43:10.882Z,61,21.1,1.92,50.4,0,60.2,0,0,0,0,0,0,0,0,66
2025-09-29T02:43:11.883Z,61,21.1,1.92,49.6,0,60.2,0,0,0,0,0,0,0,0,66
2025-09-29T02:43:12.883Z,61,21.1,1.92,50.4,0,60.2,0,0,0,0,0,0,0,0,66
2025-09-29T02:43:13.888Z,61,21.1,1.92,49.6,0,60.2,0,0,0,0,0,0,0,0,66
2025-09-29T02:43:14.888Z,61,21.1,1.92,50.4,0,60.2,0,0,0,0,0,0,0,0,66
2025-09-29T02:43:15.888Z,61,21.1,1.92,49.6,0,60.2,0,0,0,0,0,0,0,0,66
2025-09-29T02:43:16.887Z,61,21.1,1.92,50.4,0,60.2,0,0,0,0,0,0,0,0,66
2025-09-29T02:43:17.894Z,61,21.1,1.92,49.6,0,60.2,0,0,0,0,0,0,0,0,66
2025-09-29T02:43:18.891Z,61,21.1,1.92,50.4,0,60.2,0,0,0,0,0,0,0,0,66
2025-09-29T02:43:19.886Z,61,21.1,1.92,49.6,0,60.2,0,0,0,0,0,0,0,0,66
2025-09-29T02:43:20.894Z,61,21.1,1.92,50.4,0,60.2,0,0,0,0,0,0,0,0,66
2025-09-29T02:43:21.893Z,61,21.1,1.92,49.6,0,60.2,0,0,0,0,0,0,0,0,66
2025-09-29T02:43:22.894Z,61,21.1,1.92,50.4,0,60.2,0,0,0,0,0,0,0,0,66
2025-09-29T02:43:23.897Z,61,21.1,1.92,49.6,0,60.2,0,0,0,0,0,0,0,0,66
2025-09-29T02:43:24.899Z,61,21.1,1.92,50.4,0,60.2,0,0,0,0,0,0,0,0,66
2025-09-29T02:43:25.904Z,61,21.1,1.92,49.6,0,60.2,0,0,0,0,0,0,0,0,66
2025-09-29T02:43:26.898Z,61,21.1,1.92,50.4,0,60.2,0,0,0,0,0,0,0,0,66
2025-09-29T02:43:27.897Z,61,21.1,1.92,49.6,0,60.2,0,0,0,0,0,0,0,0,66
2025-09-29T02:43:28.896Z,61,21.1,1.92,50.4,0,60.2,0,0,0,0,0,0,0,0,66
2025-09-29T02:43:29.900Z,61,21.1,1.92,49.6,0,60.2,0,0,0,0,0,0,0,0,66
2025-09-29T02:43:30.898Z,61,21.1,1.92,50.4,0,60.2,0,0,0,0,0,0,0,0,66
2025-09-29T02:43:31.900Z,61,21.1,1.92,49.6,0,60.2,0,0,0,0,0,0,0,0,66
2025-09-29T02:43:32.907Z,61,21.1,1.92,50.4,0,60.2,0,0,0,0,0,0,0,0,66
2025-09-29T02:43:33.903Z,61,21.1,1.92,49.6,0,60.2,0,0,0,0,0,0,0,0,66
2025-09-29T02:43:34.903Z,61,21.1,1.92,50.4,0,60.2,0,0,0,0,0,0,0,0,66
2025-09-29T02:43:35.906Z,61,21.1,1.92,49.6,0,60.2,0,0,0,0,0,0,0,0,66
2025-09-29T02:43:36.904Z,61,21.1,1.92,50.4,0,60.2,0,0,0,0,0,0,0,0,66
2025-09-29T02:43:37.913Z,61,21.1,1.92,49.6,0,60.2,0,0,0,0,0,0,0,0,66
2025-09-29T02:43:38.906Z,61,21.1,1.92,50.4,0,60.2,0,0,0,0,0,0,0,0,66
2025-09-29T02:43:39.908Z,61,21.1,1.92,49.6,0,60.2,0,0,0,0,0,0,0,0,66
2025-09-29T02:43:40.912Z,61,21.1,1.92,50.4,0,60.2,0,0,0,0,0,0,0,0,66
2025-09-29T02:43:41.913Z,61,21.1,1.92,49.6,0,60.2,0,0,0,0,0,0,0,0,66
2025-09-29T02:43:42.909Z,61,21.1,1.92,50.4,0,60.2,0,0,0,0,0,0,0,0,66
2025-09-29T02:43:43.911Z,61,21.1,1.92,49.6,0,60.2,0,0,0,0,0,0,0,0,66
2025-09-29T02:43:44.913Z,61,21.1,1.92,50.4,0,60.2,0,0,0,0,0,0,0,0,66
2025-09-29T02:43:45.921Z,61,21.1,1.92,49.6,0,60.2,0,0,0,0,0,0,0,0,66
2025-09-29T02:43:46.919Z,61,21.1,1.92,50.4,0,60.2,0,0,0,0,0,0,0,0,66
2025-09-29T02:43:47.912Z,61,21.1,1.92,49.6,0,60.2,0,0,0,0,0,0,0,0,66
2025-09-29T02:43:48.918Z,61,21.1,1.92,50.4,0,60.2,0,0,0,0,0,0,0,0,66
2025-09-29T02:43:49.919Z,61,21.1,1.92,49.6,0,60.2,0,0,0,0,0,0,0,0,66
2025-09-29T02:43:50.916Z,61,21.1,1.92,50.4,0,60.2,0,0,0,0,0,0,0,0,66
2025-09-29T02:43:51.919Z,61,21.1,1.92,49.6,0,60.2,0,0,0,0,0,0,0,0,66
2025-09-29T02:43:52.920Z,61,21.1,1.92,50.4,0,60.2,0,0,0,0,0,0,0,0,66
2025-09-29T02:43:53.925Z,61,21.1,1.92,49.6,0,60.2,0,0,0,0,0,0,0,0,66
2025-09-29T02:43:54.922Z,61,21.1,1.92,50.4,0,60.2,0,0,0,0,0,0,0,0,66
2025-09-29T02:43:55.927Z,61,21.1,1.92,49.6,0,60.2,0,0,0,0,0,0,0,0,66
2025-09-29T02:43:56.924Z,61,21.1,1.92,50.4,0,60.2,0,0,0,0,0,0,0,0,66
2025-09-29T02:43:57.927Z,61,21.1,1.92,49.6,0,60.2,0,0,0,0,0,0,0,0,66
2025-09-29T02:43:58.923Z,61,21.1,1.92,50.4,0,60.2,0,0,0,0,0,0,0,0,66
2025-09-29T02:43:59.925Z,61,21.1,1.92,49.6,0,60.2,0,0,0,0,0,0,0,0,66
2025-09-29T02:44:00.928Z,61,21.1,1.92,50.4,0,60.2,0,0,0,0,0,0,0,0,66
2025-09-29T02:44:01.930Z,61,21.1,1.92,49.6,0,60.2,0,0,0,0,0,0,0,0,66
2025-09-29T02:44:02.928Z,61,21.1,1.92,50.4,0,60.2,0,0,0,0,0,0,0,0,66
2025-09-29T02:44:03.927Z,61,21.1,1.92,49.6,0,60.2,0,0,0,0,0,0,0,0,66
2025-09-29T02:44:04.930Z,61,21.1,1.92,50.4,0,60.2,0,0,0,0,0,0,0,0,66
2025-09-29T02:44:05.933Z,61,21.1,1.92,49.6,0,60.2,0,0,0,0,0,0,0,0,66
2025-09-29T02:44:06.932Z,61,21.1,1.92,50.4,0,60.2,0,0,0,0,0,0,0,0,66
2025-09-29T02:44:07.936Z,61,21.1,1.92,49.6,0,60.2,0,0,0,0,0,0,0,0,66
2025-09-29T02:44:08.934Z,61,21.1,1.92,50.4,0,60.2,0,0,0,0,0,0,0,0,66
2025-09-29T02:44:09.938Z,61,21.1,1.92,49.6,0,60.2,0,0,0,0,0,0,0,0,66
2025-09-29T02:44:10.939Z,61,21.1,1.92,49.6,0,60.2,0,0,0,0,0,0,0,0,66
2025-09-29T02:44:11.934Z,61,21.1,1.92,49.6,0,60.2,0,0,0,0,0,0,0,0,66
2025-09-29T02:44:12.937Z,61,21.1,1.92,50.4,0,60.2,0,0,0,0,0,0,0,0,66
2025-09-29T02:44:13.941Z,61,21.1,1.92,49.6,0,60.2,0,0,0,0,0,0,0,0,66
2025-09-29T02:44:14.946Z,61,21.1,1.92,50.4,0,60.2,0,0,0,0,0,0,0,0,66
2025-09-29T02:44:15.941Z,61,21.1,1.92,49.6,0,60.2,0,0,0,0,0,0,0,0,66
2025-09-29T02:44:16.948Z,61,21.1,1.92,50.4,0,60.2,0,0,0,0,0,0,0,0,66
2025-09-29T02:44:17.946Z,61,21.1,1.92,49.6,0,60.2,0,0,0,0,0,0,0,0,66
2025-09-29T02:44:18.949Z,61,21.1,1.92,50.4,0,60.2,0,0,0,0,0,0,0,0,66
2025-09-29T02:44:19.947Z,61,21.1,1.92,49.6,0,60.2,0,0,0,0,0,0,0,0,66
2025-09-29T02:44:20.945Z,61,21.1,1.92,50.4,0,60.2,0,0,0,0,0,0,0,0,66
2025-09-29T02:44:21.948Z,61,21.1,1.92,49.6,0,60.2,0,0,0,0,0,0,0,0,66
2025-09-29T02:44:22.953Z,61,21.1,1.92,50.4,0,60.2,0,0,0,0,0,0,0,0,66
2025-09-29T02:44:23.949Z,61,21.1,1.92,49.6,0,60.2,0,0,0,0,0,0,0,0,66
2025-09-29T02:44:24.953Z,61,21.1,1.92,49.6,0,60.2,0,0,0,0,0,0,0,0,66
2025-09-29T02:44:25.952Z,61,21.1,1.92,49.6,0,60.2,0,0,0,0,0,0,0,0,66
2025-09-29T02:44:26.956Z,61,21.1,1.92,50.4,0,60.2,0,0,0,0,0,0,0,0,66
2025-09-29T02:44:27.962Z,61,21.1,1.92,49.6,0,60.2,0,0,0,0,0,0,0,0,66
2025-09-29T02:44:28.962Z,61,21.1,1.92,50.4,0,60.2,0,0,0,0,0,0,0,0,66
2025-09-29T02:44:29.959Z,61,21.1,1.92,49.6,0,60.2,0,0,0,0,0,0,0,0,66
2025-09-29T02:44:30.954Z,61,21.1,1.92,50.4,0,60.2,0,0,0,0,0,0,0,0,66
2025-09-29T02:44:31.955Z,60.9,21.1,1.92,49.6,0,60.2,0,0,0,0,0,0,0,0,66
2025-09-29T02:44:32.958Z,60.9,21.1,1.92,49.6,0,60.2,0,0,0,0,0,0,0,0,66
2025-09-29T02:44:33.959Z,60.9,21.1,1.92,49.6,0,60.2,0,0,0,0,0,0,0,0,66
2025-09-29T02:44:34.956Z,60.9,21.1,1.92,49.6,0,60.2,0,0,0,0,0,0,0,0,66
2025-09-29T02:44:35.956Z,60.9,21.1,1.92,49.6,0,60.2,0,0,0,0,0,0,0,0,66
2025-09-29T02:44:36.958Z,60.9,21.1,1.92,50.4,0,60.2,0,0,0,0,0,0,0,0,66
2025-09-29T02:44:37.968Z,60.9,21.1,1.92,49.6,0,60.2,0,0,0,0,0,0,0,0,66
2025-09-29T02:44:38.966Z,60.9,21.1,1.92,50.4,0,60.2,0,0,0,0,0,0,0,0,66
2025-09-29T02:44:39.964Z,60.9,21.1,1.92,49.6,0,60.2,0,0,0,0,0,0,0,0,66
2025-09-29T02:44:40.963Z,60.9,21.1,1.92,49.6,0,60.2,0,0,0,0,0,0,0,0,66
2025-09-29T02:44:41.967Z,60.9,21.1,1.92,50.4,0,60.2,0,0,0,0,0,0,0,0,66
2025-09-29T02:44:42.968Z,60.9,21.1,1.92,49.6,0,60.2,0,0,0,0,0,0,0,0,66
2025-09-29T02:44:43.972Z,60.9,21.1,1.92,49.6,0,60.2,0,0,0,0,0,0,0,0,66
2025-09-29T02:44:44.967Z,60.9,21.1,1.92,50.4,0,60.2,0,0,0,0,0,0,0,0,66
2025-09-29T02:44:45.971Z,60.9,21.1,1.92,49.6,0,60.2,0,0,0,0,0,0,0,0,66
2025-09-29T02:44:46.971Z,60.9,21.1,1.92,50.4,0,60.2,0,0,0,0,0,0,0,0,66
2025-09-29T02:44:46.971Z,60.9,21.1,1.92,50.4,0,60.2,0,0,0,0,0,0,0,0,66
2025-09-29T02:44:48.977Z,60.9,21.1,1.92,50.4,0,60.2,0,0,0,0,0,0,0,0,66
2025-09-29T02:44:49.975Z,60.9,21.1,1.92,49.6,0,60.2,0,0,0,0,0,0,0,0,66
2025-09-29T02:44:50.981Z,60.9,21.1,1.92,49.6,0,60.2,0,0,0,0,0,0,0,0,66
2025-09-29T02:44:51.981Z,60.9,21.1,1.92,50.4,0,60.2,0,0,0,0,0,0,0,0,66
2025-09-29T02:44:52.980Z,60.9,21.1,1.92,50.4,0,60.2,0,0,0,0,0,0,0,0,66
2025-09-29T02:44:53.980Z,60.9,21.1,1.92,49.6,0,60.2,0,0,0,0,0,0,0,0,66
2025-09-29T02:44:54.982Z,60.9,21.1,1.92,50.4,0,60.2,0,0,0,0,0,0,0,0,66
2025-09-29T02:44:55.986Z,60.9,21.1,1.92,49.6,0,60.2,0,0,0,0,0,0,0,0,66
2025-09-29T02:44:56.982Z,60.9,21.1,1.92,50.4,0,60.2,0,0,0,0,0,0,0,0,66
2025-09-29T02:44:57.981Z,60.8,21.1,1.92,49.6,0,60.2,0,0,0,0,0,0,0,0,66
2025-09-29T02:44:58.985Z,60.8,21.1,1.92,50.4,0,60.2,0,0,0,0,0,0,0,0,66
2025-09-29T02:44:59.982Z,60.8,21.1,1.92,49.6,0,60.2,0,0,0,0,0,0,0,0,66
2025-09-29T02:45:00.984Z,60.8,21.1,1.92,50.4,0,60.2,0,0,0,0,0,0,0,0,66
2025-09-29T02:45:01.987Z,60.8,21.1,1.92,49.6,0,60.2,0,0,0,0,0,0,0,0,66
2025-09-29T02:45:02.988Z,60.8,21.1,1.92,49.6,0,60.2,0,0,0,0,0,0,0,0,66
2025-09-29T02:45:03.990Z,60.8,21.1,1.921,50.4,0,60.2,0,0,0,0,0,0,0,0,66
2025-09-29T02:45:04.988Z,60.8,21.1,1.92,49.6,0,60.2,0,0,0,0,0,0,0,0,66
2025-09-29T02:45:05.991Z,60.8,21.1,1.92,50.4,0,60.2,0,0,0,0,0,0,0,0,66
2025-09-29T02:45:06.994Z,60.8,21.1,1.921,49.6,0,60.2,0,0,0,0,0,0,0,0,66
2025-09-29T02:45:07.993Z,60.8,21.1,1.921,49.6,0,60.2,0,0,0,0,0,0,0,0,66
2025-09-29T02:45:08.994Z,60.8,21.1,1.921,50.4,0,60.2,0,0,0,0,0,0,0,0,66
2025-09-29T02:45:10.003Z,60.8,21.1,1.921,49.6,0,60.2,0,0,0,0,0,0,0,0,66
2025-09-29T02:45:10.993Z,60.8,21.1,1.92,50.4,0,60.2,0,0,0,0,0,0,0,0,66
2025-09-29T02:45:11.995Z,60.8,21.1,1.92,50.4,0,60.2,0,0,0,0,0,0,0,0,66
2025-09-29T02:45:12.994Z,60.8,21.1,1.92,49.6,0,60.2,0,0,0,0,0,0,0,0,66
2025-09-29T02:45:13.999Z,60.8,21.1,1.921,50.4,0,60.2,0,0,0,0,0,0,0,0,66
2025-09-29T02:45:14.998Z,60.8,21.1,1.921,49.6,0,60.2,0,0,0,0,0,0,0,0,66
2025-09-29T02:45:15.997Z,60.8,21.1,1.921,50.4,0,60.2,0,0,0,0,0,0,0,0,66
2025-09-29T02:45:17.000Z,60.8,21.1,1.921,49.6,0,60.2,0,0,0,0,0,0,0,0,66
2025-09-29T02:45:18.000Z,60.8,21.1,1.92,50.4,0,60.2,0,0,0,0,0,0,0,0,66
2025-09-29T02:45:19.006Z,60.8,21.1,1.921,50.4,0,60.2,0,0,0,0,0,0,0,0,66
2025-09-29T02:45:20.002Z,60.8,21.1,1.922,49.6,0,60.2,0,0,0,0,0,0,0,0,66
2025-09-29T02:45:21.004Z,60.8,21.1,1.921,49.6,0,60.2,0,0,0,0,0,0,0,0,66
2025-09-29T02:45:22.002Z,60.8,21.1,1.92,50.4,0,60.2,0,0,0,0,0,0,0,0,66
2025-09-29T02:45:23.006Z,60.8,21.1,1.921,49.6,0,60.2,0,0,0,0,0,0,0,0,66
2025-09-29T02:45:24.004Z,60.8,21.1,1.922,49.6,0,60.2,0,0,0,0,0,0,0,0,66
2025-09-29T02:45:25.006Z,60.8,21.1,1.922,50.4,0,60.2,0,0,0,0,0,0,0,0,66
2025-09-29T02:45:26.009Z,60.8,21.1,1.922,49.6,0,60.2,0,0,0,0,0,0,0,0,66
2025-09-29T02:45:27.007Z,60.8,21.1,1.921,50.4,0,60.2,0,0,0,0,0,0,0,0,66
2025-09-29T02:45:28.010Z,60.8,21.1,1.922,49.6,0,60.2,0,0,0,0,0,0,0,0,66
2025-09-29T02:45:29.011Z,60.8,21.1,1.922,49.6,0,60.2,0,0,0,0,0,0,0,0,66
2025-09-29T02:45:30.010Z,60.7,21.1,1.922,50.4,0,60.2,0,0,0,0,0,0,0,0,66
2025-09-29T02:45:31.009Z,60.7,21.1,1.921,49.6,0,60.2,0,0,0,0,0,0,0,0,66
2025-09-29T02:45:32.008Z,60.7,21.1,1.922,50.4,0,60.2,0,0,0,0,0,0,0,0,66
2025-09-29T02:45:33.013Z,60.7,21.1,1.922,49.6,0,60.2,0,0,0,0,0,0,0,0,66
2025-09-29T02:45:34.013Z,60.7,21.1,1.922,49.6,0,60.2,0,0,0,0,0,0,0,0,66
2025-09-29T02:45:35.015Z,60.7,21.1,1.922,50.4,0,60.2,0,0,0,0,0,0,0,0,66
2025-09-29T02:45:36.017Z,60.7,21.1,1.922,49.6,0,60.2,0,0,0,0,0,0,0,0,66
2025-09-29T02:45:37.015Z,60.7,21.1,1.922,49.6,0,60.2,0,0,0,0,0,0,0,0,66
2025-09-29T02:45:38.017Z,60.7,21.1,1.922,50.4,0,60.2,0,0,0,0,0,0,0,0,66
2025-09-29T02:45:39.018Z,60.7,21.1,1.922,49.6,0,60.2,0,0,0,0,0,0,0,0,66
2025-09-29T02:45:40.019Z,60.7,21.1,1.922,49.6,0,60.2,0,0,0,0,0,0,0,0,66
2025-09-29T02:45:41.020Z,60.7,21.1,1.922,50.4,0,60.2,0,0,0,0,0,0,0,0,66
2025-09-29T02:45:42.022Z,60.7,21.1,1.922,50.4,0,60.2,0,0,0,0,0,0,0,0,66
2025-09-29T02:45:43.026Z,60.7,21.1,1.922,49.6,0,60.2,0,0,0,0,0,0,0,0,66
2025-09-29T02:45:44.024Z,60.7,21.1,1.922,50.4,0,60.2,0,0,0,0,0,0,0,0,66
2025-09-29T02:45:45.025Z,60.7,21.1,1.922,49.6,0,60.2,0,0,0,0,0,0,0,0,66
2025-09-29T02:45:46.025Z,60.7,21.1,1.922,49.6,0,60.2,0,0,0,0,0,0,0,0,66
2025-09-29T02:45:47.031Z,60.7,21.1,1.922,50.4,0,60.2,0,0,0,0,0,0,0,0,66
2025-09-29T02:45:48.036Z,60.7,21.1,1.921,50.4,0,60.2,0,0,0,0,0,0,0,0,66
2025-09-29T02:45:49.030Z,60.7,21.1,1.922,49.6,0,60.2,0,0,0,0,0,0,0,0,66
2025-09-29T02:45:50.038Z,60.7,21.1,1.921,50.4,0,60.2,0,0,0,0,0,0,0,0,66
2025-09-29T02:45:51.033Z,60.7,21.1,1.922,49.6,0,60.2,0,0,0,0,0,0,0,0,66
2025-09-29T02:45:52.034Z,60.7,21.1,1.921,50.4,0,60.2,0,0,0,0,0,0,0,0,66
2025-09-29T02:45:53.037Z,60.7,21.1,1.921,49.6,0,60.2,0,0,0,0,0,0,0,0,66
2025-09-29T02:45:54.033Z,60.7,21.1,1.922,49.6,0,60.2,0,0,0,0,0,0,0,0,66
2025-09-29T02:45:55.032Z,60.7,21.1,1.922,50.4,0,60.2,0,0,0,0,0,0,0,0,66
2025-09-29T02:45:56.033Z,60.6,21.1,1.922,49.6,0,60.2,0,0,0,0,0,0,0,0,66
2025-09-29T02:45:57.033Z,60.6,21.1,1.922,49.6,0,60.2,0,0,0,0,0,0,0,0,66
2025-09-29T02:45:58.041Z,60.6,21.1,1.921,50.4,0,60.2,0,0,0,0,0,0,0,0,66
2025-09-29T02:45:59.038Z,60.6,21.1,1.922,49.6,0,60.2,0,0,0,0,0,0,0,0,66
2025-09-29T02:46:00.040Z,60.6,21.1,1.921,50.4,0,60.2,0,0,0,0,0,0,0,0,66
2025-09-29T02:46:01.035Z,60.6,21.1,1.922,50.4,0,60.2,0,0,0,0,0,0,0,0,66
2025-09-29T02:46:02.040Z,60.6,21.1,1.921,49.6,0,60.2,0,0,0,0,0,0,0,0,66
2025-09-29T02:46:03.039Z,60.6,21.1,1.922,50.4,0,60.2,0,0,0,0,0,0,0,0,66
2025-09-29T02:46:04.044Z,60.6,21.1,1.921,49.6,0,60.2,0,0,0,0,0,0,0,0,66
2025-09-29T02:46:05.042Z,60.6,21.1,1.922,49.6,0,60.2,0,0,0,0,0,0,0,0,66
2025-09-29T02:46:06.047Z,60.6,21.1,1.921,50.4,0,60.2,0,0,0,0,0,0,0,0,66
2025-09-29T02:46:07.042Z,60.6,21.1,1.922,49.6,0,60.2,0,0,0,0,0,0,0,0,66
2025-09-29T02:46:08.047Z,60.6,21.1,1.921,50.4,0,60.2,0,0,0,0,0,0,0,0,66
2025-09-29T02:46:09.047Z,60.6,21.1,1.921,50.4,0,60.2,0,0,0,0,0,0,0,0,66
2025-09-29T02:46:10.053Z,60.6,21.1,1.921,49.6,0,60.2,0,0,0,0,0,0,0,0,66
2025-09-29T02:46:11.055Z,60.6,21.1,1.921,50.4,0,60.2,0,0,0,0,0,0,0,0,66
2025-09-29T02:46:12.052Z,60.6,21.1,1.921,49.6,0,60.2,0,0,0,0,0,0,0,0,66
2025-09-29T02:46:13.052Z,60.6,21.1,1.921,50.4,0,60.2,0,0,0,0,0,0,0,0,66
2025-09-29T02:46:14.050Z,60.6,21.1,1.921,49.6,0,60.3,0,0,0,0,0,0,0,0,66
2025-09-29T02:46:15.050Z,60.6,21.1,1.922,50.4,0,60.3,0,0,0,0,0,0,0,0,66
2025-09-29T02:46:16.051Z,60.6,21.1,1.921,50.4,0,60.3,0,0,0,0,0,0,0,0,66
2025-09-29T02:46:17.052Z,60.6,21.1,1.921,49.6,0,60.2,0,0,0,0,0,0,0,0,66
2025-09-29T02:46:18.058Z,60.6,21.1,1.921,49.6,0,60.2,0,0,0,0,0,0,0,0,66
2025-09-29T02:46:19.068Z,60.6,21.1,1.922,49.6,0,60.2,0,0,0,0,0,0,0,0,66
2025-09-29T02:46:20.065Z,60.6,21.1,1.921,50.4,0,60.2,0,0,0,0,0,0,0,0,66
2025-09-29T02:46:21.054Z,60.6,21.1,1.921,50.4,0,60.3,0,0,0,0,0,0,0,0,66
2025-09-29T02:46:22.057Z,60.6,21.1,1.921,49.6,0,60.3,0,0,0,0,0,0,0,0,66
2025-09-29T02:46:23.063Z,60.5,21.1,1.921,50.4,0,60.2,0,0,0,0,0,0,0,0,66
2025-09-29T02:46:24.061Z,60.5,21.1,1.921,49.6,0,60.2,0,0,0,0,0,0,0,0,66
2025-09-29T02:46:25.061Z,60.5,21.1,1.921,50.4,0,60.2,0,0,0,0,0,0,0,0,66
2025-09-29T02:46:26.068Z,60.5,21.1,1.921,49.6,0,60.3,0,0,0,0,0,0,0,0,66
2025-09-29T02:46:27.066Z,60.5,21.1,1.921,50.4,0,60.3,0,0,0,0,0,0,0,0,66
2025-09-29T02:46:28.069Z,60.5,21.1,1.921,49.6,0,60.3,0,0,0,0,0,0,0,0,66
2025-09-29T02:46:29.066Z,60.5,21.1,1.921,49.6,0,60.3,0,0,0,0,0,0,0,0,66
2025-09-29T02:46:30.064Z,60.5,21.1,1.921,50.4,0,60.3,0,0,0,0,0,0,0,0,66
2025-09-29T02:46:31.067Z,60.5,21.1,1.921,49.6,0,60.3,0,0,0,0,0,0,0,0,66
2025-09-29T02:46:32.063Z,60.5,21.1,1.921,50.4,0,60.3,0,0,0,0,0,0,0,0,66
2025-09-29T02:46:33.067Z,60.5,21.1,1.922,49.6,0,60.3,0,0,0,0,0,0,0,0,66
2025-09-29T02:46:34.071Z,60.5,21.1,1.921,50.4,0,60.3,0,0,0,0,0,0,0,0,66
2025-09-29T02:46:35.076Z,60.5,21.1,1.923,49.6,0,60.3,0,0,0,0,0,0,0,0,66
2025-09-29T02:46:36.068Z,60.5,21.1,1.922,49.6,0,60.3,0,0,0,0,0,0,0,0,66
2025-09-29T02:46:37.074Z,60.5,21.1,1.921,50.4,0,60.3,0,0,0,0,0,0,0,0,66
2025-09-29T02:46:38.074Z,60.5,21.1,1.922,49.6,0,60.3,0,0,0,0,0,0,0,0,66
2025-09-29T02:46:39.077Z,60.5,21.1,1.922,49.6,0,60.3,0,0,0,0,0,0,0,0,66
2025-09-29T02:46:40.072Z,60.5,21.1,1.922,50.4,0,60.3,0,0,0,0,0,0,0,0,66
2025-09-29T02:46:41.077Z,60.5,21.1,1.922,49.6,0,60.3,0,0,0,0,0,0,0,0,66
2025-09-29T02:46:42.076Z,60.5,21.1,1.922,49.6,0,60.3,0,0,0,0,0,0,0,0,66
2025-09-29T02:46:43.080Z,60.5,21.1,1.922,50.4,0,60.3,0,0,0,0,0,0,0,0,66
2025-09-29T02:46:44.079Z,60.5,21.1,1.922,49.6,0,60.3,0,0,0,0,0,0,0,0,66
2025-09-29T02:46:45.080Z,60.5,21.1,1.922,50.4,0,60.3,0,0,0,0,0,0,0,0,66
2025-09-29T02:46:46.082Z,60.5,21.1,1.923,50.4,0,60.3,0,0,0,0,0,0,0,0,66
2025-09-29T02:46:47.088Z,60.5,21.1,1.923,49.6,0,60.3,0,0,0,0,0,0,0,0,66
2025-09-29T02:46:48.084Z,60.5,21.1,1.923,50.4,0,60.3,0,0,0,0,0,0,0,0,66
2025-09-29T02:46:49.084Z,60.5,21.1,1.922,49.6,0,60.3,0,0,0,0,0,0,0,0,66
2025-09-29T02:46:50.086Z,60.4,21.1,1.923,50.4,0,60.3,0,0,0,0,0,0,0,0,66
2025-09-29T02:46:51.086Z,60.4,21.1,1.922,49.6,0,60.3,0,0,0,0,0,0,0,0,66
2025-09-29T02:46:52.085Z,60.4,21.1,1.922,50.4,0,60.3,0,0,0,0,0,0,0,0,66
2025-09-29T02:46:53.087Z,60.4,21.1,1.922,49.6,0,60.3,0,0,0,0,0,0,0,0,66
2025-09-29T02:46:54.092Z,60.4,21.1,1.923,50.4,0,60.3,0,0,0,0,0,0,0,0,66
2025-09-29T02:46:55.091Z,60.4,21.1,1.922,50.4,0,60.3,0,0,0,0,0,0,0,0,66
2025-09-29T02:46:56.093Z,60.4,21.1,1.923,49.6,0,60.3,0,0,0,0,0,0,0,0,66
2025-09-29T02:46:57.091Z,60.4,21.1,1.922,50.4,0,60.3,0,0,0,0,0,0,0,0,66
2025-09-29T02:46:58.093Z,60.4,21.1,1.923,49.6,0,60.3,0,0,0,0,0,0,0,0,66
2025-09-29T02:46:59.090Z,60.4,21.1,1.922,50.4,0,60.3,0,0,0,0,0,0,0,0,66
2025-09-29T02:47:00.097Z,60.4,21.1,1.923,49.6,0,60.3,0,0,0,0,0,0,0,0,66
2025-09-29T02:47:01.097Z,60.4,21.1,1.923,50.4,0,60.3,0,0,0,0,0,0,0,0,66
2025-09-29T02:47:02.094Z,60.4,21.1,1.922,49.6,0,60.3,0,0,0,0,0,0,0,0,66
2025-09-29T02:47:03.099Z,60.4,21.1,1.923,50.4,0,60.3,0,0,0,0,0,0,0,0,66
2025-09-29T02:47:04.097Z,60.4,21.1,1.923,49.6,0,60.3,0,0,0,0,0,0,0,0,66
2025-09-29T02:47:05.098Z,60.4,21.1,1.922,50.4,0,60.3,0,0,0,0,0,0,0,0,66
2025-09-29T02:47:06.103Z,60.4,21.1,1.923,49.6,0,60.3,0,0,0,0,0,0,0,0,66
2025-09-29T02:47:07.104Z,60.4,21.1,1.923,50.4,0,60.3,0,0,0,0,0,0,0,0,66
2025-09-29T02:47:08.104Z,60.4,21.1,1.923,49.6,0,60.3,0,0,0,0,0,0,0,0,66
2025-09-29T02:47:09.099Z,60.4,21.1,1.922,50.4,0,60.3,0,0,0,0,0,0,0,0,66
2025-09-29T02:47:10.116Z,60.4,21.1,1.922,49.6,0,60.3,0,0,0,0,0,0,0,0,66
2025-09-29T02:47:11.104Z,60.4,21.1,1.923,50.4,0,60.3,0,0,0,0,0,0,0,0,66
2025-09-29T02:47:12.108Z,60.4,21.1,1.923,49.6,0,60.3,0,0,0,0,0,0,0,0,66
2025-09-29T02:47:13.107Z,60.4,21.1,1.923,49.6,0,60.3,0,0,0,0,0,0,0,0,66
2025-09-29T02:47:14.112Z,60.4,21.1,1.923,49.6,0,60.3,0,0,0,0,0,0,0,0,66
2025-09-29T02:47:15.109Z,60.4,21.1,1.923,50.4,0,60.3,0,0,0,0,0,0,0,0,66
2025-09-29T02:47:16.108Z,60.4,21.1,1.923,49.6,0,60.3,0,0,0,0,0,0,0,0,66
2025-09-29T02:47:17.107Z,60.4,21.1,1.923,49.6,0,60.3,0,0,0,0,0,0,0,0,66
2025-09-29T02:47:18.114Z,60.4,21.1,1.923,50.4,0,60.3,0,0,0,0,0,0,0,0,66
2025-09-29T02:47:19.116Z,60.4,21.1,1.923,49.6,0,60.3,0,0,0,0,0,0,0,0,66
2025-09-29T02:47:20.114Z,60.4,21.1,1.923,50.4,0,60.3,0,0,0,0,0,0,0,0,66
2025-09-29T02:47:21.112Z,60.4,21.1,1.923,49.6,0,60.3,0,0,0,0,0,0,0,0,66
2025-09-29T02:47:22.120Z,60.3,21.1,1.923,49.6,0,60.3,0,0,0,0,0,0,0,0,66
2025-09-29T02:47:23.116Z,60.3,21.1,1.923,50.4,0,60.3,0,0,0,0,0,0,0,0,66
2025-09-29T02:47:24.115Z,60.3,21.1,1.923,49.6,0,60.3,0,0,0,0,0,0,0,0,66
2025-09-29T02:47:25.119Z,60.3,21.1,1.923,50.4,0,60.3,0,0,0,0,0,0,0,0,66
2025-09-29T02:47:26.124Z,60.3,21.1,1.923,50.4,0,60.3,0,0,0,0,0,0,0,0,66
2025-09-29T02:47:27.121Z,60.3,21.1,1.923,49.6,0,60.3,0,0,0,0,0,0,0,0,66
2025-09-29T02:47:28.123Z,60.3,21.1,1.923,50.4,0,60.3,0,0,0,0,0,0,0,0,66
2025-09-29T02:47:29.117Z,60.3,21.1,1.923,49.6,0,60.3,0,0,0,0,0,0,0,0,66
2025-09-29T02:47:30.123Z,60.3,21.1,1.923,50.4,0,60.3,0,0,0,0,0,0,0,0,66
2025-09-29T02:47:31.122Z,60.3,21.1,1.923,49.6,0,60.3,0,0,0,0,0,0,0,0,66
2025-09-29T02:47:32.122Z,60.3,21.1,1.923,50.4,0,60.3,0,0,0,0,0,0,0,0,66
2025-09-29T02:47:33.125Z,60.3,21.1,1.923,49.6,0,60.3,0,0,0,0,0,0,0,0,66
2025-09-29T02:47:34.128Z,60.3,21.1,1.923,50.4,0,60.3,0,0,0,0,0,0,0,0,66
2025-09-29T02:47:35.133Z,60.3,21.1,1.923,49.6,0,60.3,0,0,0,0,0,0,0,0,66
2025-09-29T02:47:36.131Z,60.3,21.1,1.923,50.4,0,60.3,0,0,0,0,0,0,0,0,66
2025-09-29T02:47:37.129Z,60.3,21.1,1.923,50.4,0,60.3,0,0,0,0,0,0,0,0,66
2025-09-29T02:47:38.130Z,60.3,21.1,1.923,49.6,0,60.3,0,0,0,0,0,0,0,0,66
2025-09-29T02:47:39.130Z,60.3,21.1,1.923,49.6,0,60.3,0,0,0,0,0,0,0,0,66
2025-09-29T02:47:40.132Z,60.3,21.1,1.923,49.6,0,60.3,0,0,0,0,0,0,0,0,66
2025-09-29T02:47:41.133Z,60.3,21.1,1.923,50.4,0,60.3,0,0,0,0,0,0,0,0,66
2025-09-29T02:47:42.132Z,60.3,21.1,1.923,49.6,0,60.3,0,0,0,0,0,0,0,0,66
2025-09-29T02:47:42.132Z,60.3,21.1,1.923,49.6,0,60.3,0,0,0,0,0,0,0,0,66
2025-09-29T02:47:44.134Z,60.3,21.1,1.923,50.4,0,60.3,0,0,0,0,0,0,0,0,66
2025-09-29T02:47:45.138Z,60.3,21.1,1.923,49.6,0,60.3,0,0,0,0,0,0,0,0,66
2025-09-29T02:47:46.139Z,60.3,21.1,1.923,50.4,0,60.3,0,0,0,0,0,0,0,0,66
2025-09-29T02:47:47.138Z,60.3,21.1,1.923,49.6,0,60.3,0,0,0,0,0,0,0,0,66
2025-09-29T02:47:48.135Z,60.3,21.1,1.923,49.6,0,60.3,0,0,0,0,0,0,0,0,66
2025-09-29T02:47:49.143Z,60.3,21.1,1.923,50.4,0,60.3,0,0,0,0,0,0,0,0,66
2025-09-29T02:47:50.144Z,60.3,21.1,1.923,49.6,0,60.3,0,0,0,0,0,0,0,0,66
2025-09-29T02:47:51.151Z,60.3,21.1,1.923,49.6,0,60.3,0,0,0,0,0,0,0,0,66
2025-09-29T02:47:52.142Z,60.3,21.1,1.923,50.4,0,60.3,0,0,0,0,0,0,0,0,66
2025-09-29T02:47:53.148Z,60.3,21.1,1.923,49.6,0,60.3,0,0,0,0,0,0,0,0,66
2025-09-29T02:47:54.144Z,60.3,21.1,1.923,49.6,0,60.4,0,0,0,0,0,0,0,0,66
2025-09-29T02:47:55.148Z,60.3,21.1,1.923,50.4,0,60.4,0,0,0,0,0,0,0,0,66
2025-09-29T02:47:56.142Z,60.2,21.1,1.923,49.6,0,60.4,0,0,0,0,0,0,0,0,66
2025-09-29T02:47:57.150Z,60.2,21.1,1.923,49.6,0,60.4,0,0,0,0,0,0,0,0,66
2025-09-29T02:47:58.147Z,60.2,21.1,1.923,50.4,0,60.4,0,0,0,0,0,0,0,0,66
2025-09-29T02:47:59.148Z,60.2,21.1,1.923,49.6,0,60.4,0,0,0,0,0,0,0,0,66
2025-09-29T02:48:00.147Z,60.2,21.1,1.923,49.6,0,60.4,0,0,0,0,0,0,0,0,66
2025-09-29T02:48:01.152Z,60.2,21.1,1.923,50.4,0,60.4,0,0,0,0,0,0,0,0,66
2025-09-29T02:48:02.151Z,60.2,21.1,1.923,50.4,0,60.4,0,0,0,0,0,0,0,0,66
2025-09-29T02:48:03.154Z,60.2,21.1,1.923,49.6,0,60.4,0,0,0,0,0,0,0,0,66
2025-09-29T02:48:04.156Z,60.2,21.1,1.923,50.4,0,60.4,0,0,0,0,0,0,0,0,66
2025-09-29T02:48:05.154Z,60.2,21.1,1.923,49.6,0,60.4,0,0,0,0,0,0,0,0,66
2025-09-29T02:48:06.154Z,60.2,21.1,1.923,49.6,0,60.4,0,0,0,0,0,0,0,0,66
2025-09-29T02:48:07.159Z,60.2,21.1,1.923,50.4,0,60.4,0,0,0,0,0,0,0,0,66
2025-09-29T02:48:08.159Z,60.2,21.1,1.923,50.4,0,60.4,0,0,0,0,0,0,0,0,66
2025-09-29T02:48:09.163Z,60.2,21.1,1.923,49.6,0,60.4,0,0,0,0,0,0,0,0,66
2025-09-29T02:48:10.161Z,60.2,21.1,1.923,50.4,0,60.4,0,0,0,0,0,0,0,0,66
2025-09-29T02:48:11.163Z,60.2,21.1,1.923,50.4,0,60.4,0,0,0,0,0,0,0,0,66
2025-09-29T02:48:12.164Z,60.2,21.1,1.923,49.6,0,60.4,0,0,0,0,0,0,0,0,66
2025-09-29T02:48:13.162Z,60.2,21.1,1.923,50.4,0,60.4,0,0,0,0,0,0,0,0,66
2025-09-29T02:48:14.163Z,60.2,21.1,1.923,49.6,0,60.4,0,0,0,0,0,0,0,0,66
2025-09-29T02:48:15.164Z,60.2,21.1,1.923,50.4,0,60.4,0,0,0,0,0,0,0,0,66
2025-09-29T02:48:16.170Z,60.2,21.1,1.923,49.6,0,60.4,0,0,0,0,0,0,0,0,66
2025-09-29T02:48:17.165Z,60.2,21.1,1.923,49.6,0,60.4,0,0,0,0,0,0,0,0,66
2025-09-29T02:48:18.166Z,60.2,21.1,1.923,50.4,0,60.4,0,0,0,0,0,0,0,0,66
2025-09-29T02:48:19.171Z,60.2,21.1,1.923,49.6,0,60.4,0,0,0,0,0,0,0,0,66
2025-09-29T02:48:20.169Z,60.2,21.1,1.923,49.6,0,60.4,0,0,0,0,0,0,0,0,66
2025-09-29T02:48:21.169Z,60.2,21.1,1.923,50.4,0,60.4,0,0,0,0,0,0,0,0,66
2025-09-29T02:48:22.173Z,60.2,21.1,1.923,49.6,0,60.4,0,0,0,0,0,0,0,0,66
2025-09-29T02:48:23.176Z,60.2,21.1,1.924,49.6,0,60.4,0,0,0,0,0,0,0,0,66
2025-09-29T02:48:24.177Z,60.2,21.1,1.924,50.4,0,60.4,0,0,0,0,0,0,0,0,66
2025-09-29T02:48:25.172Z,60.2,21.1,1.923,50.4,0,60.4,0,0,0,0,0,0,0,0,66
2025-09-29T02:48:26.175Z,60.2,21.1,1.923,49.6,0,60.4,0,0,0,0,0,0,0,0,66
2025-09-29T02:48:27.181Z,60.2,21.1,1.924,50.4,0,60.4,0,0,0,0,0,0,0,0,66
2025-09-29T02:48:28.180Z,60.2,21.1,1.924,49.6,0,60.4,0,0,0,0,0,0,0,0,66
2025-09-29T02:48:29.173Z,60.2,21.1,1.923,49.6,0,60.4,0,0,0,0,0,0,0,0,66
2025-09-29T02:48:30.181Z,60.2,21.1,1.924,50.4,0,60.4,0,0,0,0,0,0,0,0,66
2025-09-29T02:48:31.178Z,60.2,21.1,1.924,50.4,0,60.4,0,0,0,0,0,0,0,0,66
2025-09-29T02:48:32.176Z,60.1,21.1,1.924,50.4,0,60.4,0,0,0,0,0,0,0,0,66
2025-09-29T02:48:33.179Z,60.1,21.1,1.924,49.6,0,60.4,0,0,0,0,0,0,0,0,66
2025-09-29T02:48:34.181Z,60.1,21.1,1.924,50.4,0,60.4,0,0,0,0,0,0,0,0,66
2025-09-29T02:48:35.184Z,60.1,21.1,1.924,49.6,0,60.4,0,0,0,0,0,0,0,0,66
2025-09-29T02:48:36.182Z,60.1,21.1,1.924,49.6,0,60.4,0,0,0,0,0,0,0,0,66
2025-09-29T02:48:37.184Z,60.1,21.1,1.924,50.4,0,60.4,0,0,0,0,0,0,0,0,66
2025-09-29T02:48:38.187Z,60.1,21.1,1.924,49.6,0,60.4,0,0,0,0,0,0,0,0,66
2025-09-29T02:48:39.189Z,60.1,21.1,1.924,49.6,0,60.4,0,0,0,0,0,0,0,0,66
2025-09-29T02:48:40.186Z,60.1,21.1,1.924,50.4,0,60.4,0,0,0,0,0,0,0,0,66
2025-09-29T02:48:41.186Z,60.1,21.1,1.924,49.6,0,60.4,0,0,0,0,0,0,0,0,66
2025-09-29T02:48:42.192Z,60.1,21.1,1.924,50.4,0,60.4,0,0,0,0,0,0,0,0,66
2025-09-29T02:48:43.185Z,60.1,21.1,1.923,50.4,0,60.4,0,0,0,0,0,0,0,0,66
2025-09-29T02:48:44.190Z,60.1,21.1,1.924,49.6,0,60.4,0,0,0,0,0,0,0,0,66
2025-09-29T02:48:45.188Z,60.1,21.1,1.923,49.6,0,60.4,0,0,0,0,0,0,0,0,66
2025-09-29T02:48:46.196Z,60.1,21.1,1.924,50.4,0,60.4,0,0,0,0,0,0,0,0,66
2025-09-29T02:48:47.190Z,60.1,21.1,1.924,49.6,0,60.4,0,0,0,0,0,0,0,0,66
2025-09-29T02:48:48.193Z,60.1,21.1,1.924,49.6,0,60.4,0,0,0,0,0,0,0,0,66
2025-09-29T02:48:49.193Z,60.1,21.1,1.924,50.4,0,60.4,0,0,0,0,0,0,0,0,66
2025-09-29T02:48:50.201Z,60.1,21.1,1.924,50.4,0,60.4,0,0,0,0,0,0,0,0,66
2025-09-29T02:48:51.200Z,60.1,21.1,1.924,49.6,0,60.4,0,0,0,0,0,0,0,0,66
2025-09-29T02:48:52.196Z,60.1,21.1,1.924,50.4,0,60.4,0,0,0,0,0,0,0,0,66
2025-09-29T02:48:53.202Z,60.1,21.1,1.924,50.4,0,60.4,0,0,0,0,0,0,0,0,66
2025-09-29T02:48:54.206Z,60.1,21.1,1.924,49.6,0,60.4,0,0,0,0,0,0,0,0,66
2025-09-29T02:48:55.208Z,60.1,21.1,1.923,50.4,0,60.4,0,0,0,0,0,0,0,0,66
2025-09-29T02:48:56.201Z,60.1,21.1,1.925,49.6,0,60.4,0,0,0,0,0,0,0,0,66
2025-09-29T02:48:57.202Z,60.1,21.1,1.924,50.4,0,60.4,0,0,0,0,0,0,0,0,66
2025-09-29T02:48:58.206Z,60.1,21.1,1.924,49.6,0,60.4,0,0,0,0,0,0,0,0,66
2025-09-29T02:48:59.208Z,60.1,21.1,1.924,50.4,0,60.4,0,0,0,0,0,0,0,0,66
2025-09-29T02:49:00.206Z,60.1,21.1,1.924,49.6,0,60.4,0,0,0,0,0,0,0,0,66
2025-09-29T02:49:01.216Z,60.1,21.1,1.923,49.6,0,60.4,0,0,0,0,0,0,0,0,66
2025-09-29T02:49:02.208Z,60.1,21.1,1.924,50.4,0,60.4,0,0,0,0,0,0,0,0,66
2025-09-29T02:49:03.208Z,60.1,21.1,1.924,49.6,0,60.4,0,0,0,0,0,0,0,0,66
2025-09-29T02:49:04.210Z,60.1,21.1,1.924,49.6,0,60.4,0,0,0,0,0,0,0,0,66
2025-09-29T02:49:05.206Z,60.1,21.1,1.924,50.4,0,60.4,0,0,0,0,0,0,0,0,66
2025-09-29T02:49:06.213Z,60.1,21.1,1.924,49.6,0,60.4,0,0,0,0,0,0,0,0,66
2025-09-29T02:49:07.214Z,60.1,21.1,1.924,50.4,0,60.4,0,0,0,0,0,0,0,0,66
2025-09-29T02:49:08.212Z,60.1,21.1,1.924,50.4,0,60.4,0,0,0,0,0,0,0,0,66
2025-09-29T02:49:09.219Z,60.1,21.1,1.923,49.6,0,60.4,0,0,0,0,0,0,0,0,66
2025-09-29T02:49:10.216Z,60.1,21.1,1.924,50.4,0,60.4,0,0,0,0,0,0,0,0,66
2025-09-29T02:49:11.224Z,60.1,21.1,1.923,49.6,0,60.4,0,0,0,0,0,0,0,0,66
2025-09-29T02:49:12.216Z,60.1,21.1,1.924,49.6,0,60.4,0,0,0,0,0,0,0,0,66
2025-09-29T02:49:12.216Z,60.1,21.1,1.924,49.6,0,60.4,0,0,0,0,0,0,0,0,66
2025-09-29T02:49:14.219Z,60.1,21.1,1.924,49.6,0,60.4,0,0,0,0,0,0,0,0,66
2025-09-29T02:49:15.219Z,60.1,21.1,1.924,49.6,0,60.4,0,0,0,0,0,0,0,0,66
2025-09-29T02:49:16.220Z,60,21.1,1.924,50.4,0,60.4,0,0,0,0,0,0,0,0,66
2025-09-29T02:49:17.221Z,60,21.1,1.925,49.6,0,60.4,0,0,0,0,0,0,0,0,66
2025-09-29T02:49:18.223Z,60,21.1,1.924,49.6,0,60.4,0,0,0,0,0,0,0,0,66
2025-09-29T02:49:19.226Z,60,21.1,1.924,50.4,0,60.4,0,0,0,0,0,0,0,0,66
2025-09-29T02:49:20.224Z,60,21.1,1.924,50.4,0,60.4,0,0,0,0,0,0,0,0,66
2025-09-29T02:49:21.224Z,60,21.1,1.924,49.6,0,60.4,0,0,0,0,0,0,0,0,66
2025-09-29T02:49:22.226Z,60,21.1,1.925,50.4,0,60.4,0,0,0,0,0,0,0,0,66
2025-09-29T02:49:23.224Z,60,21.1,1.924,49.6,0,60.4,0,0,0,0,0,0,0,0,66
2025-09-29T02:49:24.230Z,60,21.1,1.923,49.6,0,60.4,0,0,0,0,0,0,0,0,66
2025-09-29T02:49:25.232Z,60,21.1,1.923,50.4,0,60.4,0,0,0,0,0,0,0,0,66
2025-09-29T02:49:26.233Z,60,21.1,1.923,50.4,0,60.4,0,0,0,0,0,0,0,0,66
2025-09-29T02:49:27.230Z,60,21.1,1.925,49.6,0,60.4,0,0,0,0,0,0,0,0,66
2025-09-29T02:49:28.231Z,60,21.1,1.923,50.4,0,60.4,0,0,0,0,0,0,0,0,66
2025-09-29T02:49:29.229Z,60,21.1,1.924,49.6,0,60.4,0,0,0,0,0,0,0,0,66
2025-09-29T02:49:30.234Z,60,21.1,1.923,50.4,0,60.4,0,0,0,0,0,0,0,0,66
2025-09-29T02:49:31.235Z,60,21.1,1.924,50.4,0,60.4,0,0,0,0,0,0,0,0,66
2025-09-29T02:49:32.233Z,60,21.1,1.923,49.6,0,60.4,0,0,0,0,0,0,0,0,66
2025-09-29T02:49:33.231Z,60,21.1,1.925,50.4,0,60.4,0,0,0,0,0,0,0,0,66
2025-09-29T02:49:34.235Z,60,21.1,1.924,49.6,0,60.4,0,0,0,0,0,0,0,0,66
2025-09-29T02:49:35.236Z,60,21.1,1.924,50.4,0,60.4,0,0,0,0,0,0,0,0,66
2025-09-29T02:49:36.237Z,60,21.1,1.924,49.6,0,60.4,0,0,0,0,0,0,0,0,66
2025-09-29T02:49:37.237Z,60,21.1,1.925,50.4,0,60.4,0,0,0,0,0,0,0,0,66
2025-09-29T02:49:38.242Z,60,21.1,1.923,50.4,0,60.4,0,0,0,0,0,0,0,0,66
2025-09-29T02:49:39.247Z,60,21.1,1.924,49.6,0,60.4,0,0,0,0,0,0,0,0,66
2025-09-29T02:49:40.238Z,60,21.1,1.925,49.6,0,60.4,0,0,0,0,0,0,0,0,66
2025-09-29T02:49:41.254Z,60,21.1,1.924,49.6,0,60.4,0,0,0,0,0,0,0,0,66
2025-09-29T02:49:42.245Z,60,21.1,1.924,50.4,0,60.4,0,0,0,0,0,0,0,0,66
2025-09-29T02:49:43.243Z,60,21.1,1.924,49.6,0,60.4,0,0,0,0,0,0,0,0,66
2025-09-29T02:49:44.245Z,60,21.1,1.925,49.6,0,60.4,0,0,0,0,0,0,0,0,66
2025-09-29T02:49:45.244Z,60,21.1,1.925,50.4,0,60.4,0,0,0,0,0,0,0,0,66
2025-09-29T02:49:46.248Z,60,21.1,1.924,49.6,0,60.4,0,0,0,0,0,0,0,0,66
2025-09-29T02:49:47.252Z,60,21.1,1.924,49.6,0,60.4,0,0,0,0,0,0,0,0,66
2025-09-29T02:49:48.248Z,60,21.1,1.924,50.4,0,60.4,0,0,0,0,0,0,0,0,66
2025-09-29T02:49:49.253Z,60,21.1,1.924,49.6,0,60.4,0,0,0,0,0,0,0,0,66
2025-09-29T02:49:50.254Z,60,21.1,1.924,50.4,0,60.4,0,0,0,0,0,0,0,0,66
2025-09-29T02:49:51.253Z,60,21.1,1.924,50.4,0,60.4,0,0,0,0,0,0,0,0,66
2025-09-29T02:49:52.254Z,60,21.1,1.924,49.6,0,60.4,0,0,0,0,0,0,0,0,66
2025-09-29T02:49:53.256Z,60,21.1,1.924,50.4,0,60.4,0,0,0,0,0,0,0,0,66
2025-09-29T02:49:54.259Z,60,21.1,1.924,49.6,0,60.4,0,0,0,0,0,0,0,0,66
2025-09-29T02:49:55.258Z,60,21.1,1.924,50.4,0,60.4,0,0,0,0,0,0,0,0,66
2025-09-29T02:49:56.256Z,59.9,21.1,1.924,50.4,0,60.4,0,0,0,0,0,0,0,0,66
2025-09-29T02:49:57.258Z,59.9,21.1,1.924,49.6,0,60.4,0,0,0,0,0,0,0,0,66
2025-09-29T02:49:58.259Z,59.9,21.1,1.924,50.4,0,60.4,0,0,0,0,0,0,0,0,66
2025-09-29T02:49:59.258Z,59.9,21.1,1.924,49.6,0,60.4,0,0,0,0,0,0,0,0,66
2025-09-29T02:50:00.259Z,59.9,21.1,1.924,50.4,0,60.4,0,0,0,0,0,0,0,0,66
2025-09-29T02:50:01.262Z,59.9,21.1,1.924,49.6,0,60.4,0,0,0,0,0,0,0,0,66
2025-09-29T02:50:02.263Z,59.9,21.1,1.924,50.4,0,60.4,0,0,0,0,0,0,0,0,66
2025-09-29T02:50:03.264Z,59.9,21.1,1.924,49.6,0,60.4,0,0,0,0,0,0,0,0,66
2025-09-29T02:50:04.263Z,59.9,21.1,1.924,50.4,0,60.4,0,0,0,0,0,0,0,0,66
2025-09-29T02:50:05.265Z,59.9,21.1,1.924,49.6,0,60.4,0,0,0,0,0,0,0,0,66
2025-09-29T02:50:06.266Z,59.9,21.1,1.925,50.4,0,60.4,0,0,0,0,0,0,0,0,66
2025-09-29T02:50:07.266Z,59.9,21.1,1.925,49.6,0,60.4,0,0,0,0,0,0,0,0,66
2025-09-29T02:50:08.264Z,59.9,21.1,1.925,49.6,0,60.4,0,0,0,0,0,0,0,0,66
2025-09-29T02:50:09.266Z,59.9,21.1,1.925,49.6,0,60.4,0,0,0,0,0,0,0,0,66
2025-09-29T02:50:10.270Z,59.9,21.1,1.924,49.6,0,60.4,0,0,0,0,0,0,0,0,66
2025-09-29T02:50:11.275Z,59.9,21.1,1.926,50.4,0,60.4,0,0,0,0,0,0,0,0,66
2025-09-29T02:50:12.270Z,59.9,21.1,1.925,50.4,0,60.4,0,0,0,0,0,0,0,0,66
2025-09-29T02:50:13.274Z,59.9,21.1,1.926,49.6,0,60.4,0,0,0,0,0,0,0,0,66
2025-09-29T02:50:14.274Z,59.9,21.1,1.925,50.4,0,60.4,0,0,0,0,0,0,0,0,66
2025-09-29T02:50:15.280Z,59.9,21.1,1.926,49.6,0,60.4,0,0,0,0,0,0,0,0,66
2025-09-29T02:50:16.273Z,59.9,21.1,1.925,50.4,0,60.4,0,0,0,0,0,0,0,0,66
2025-09-29T02:50:17.271Z,59.9,21.1,1.925,49.6,0,60.4,0,0,0,0,0,0,0,0,66
2025-09-29T02:50:18.277Z,59.9,21.1,1.926,50.4,0,60.4,0,0,0,0,0,0,0,0,66
2025-09-29T02:50:19.277Z,59.9,21.1,1.926,49.6,0,60.4,0,0,0,0,0,0,0,0,66
2025-09-29T02:50:20.282Z,59.9,21.1,1.926,49.6,0,60.4,0,0,0,0,0,0,0,0,66
2025-09-29T02:50:21.278Z,59.9,21.1,1.926,50.4,0,60.4,0,0,0,0,0,0,0,0,66
2025-09-29T02:50:22.289Z,59.9,21.1,1.926,49.6,0,60.4,0,0,0,0,0,0,0,0,66
2025-09-29T02:50:23.285Z,59.9,21.1,1.926,50.4,0,60.4,0,0,0,0,0,0,0,0,66
2025-09-29T02:50:24.283Z,59.9,21.1,1.926,49.6,0,60.4,0,0,0,0,0,0,0,0,66
2025-09-29T02:50:25.282Z,59.9,21.1,1.926,49.6,0,60.4,0,0,0,0,0,0,0,0,66
2025-09-29T02:50:26.284Z,59.9,21.1,1.926,50.4,0,60.4,0,0,0,0,0,0,0,0,66
2025-09-29T02:50:27.288Z,59.9,21.1,1.926,49.6,0,60.4,0,0,0,0,0,0,0,0,66
2025-09-29T02:50:28.287Z,59.9,21.1,1.926,50.4,0,60.4,0,0,0,0,0,0,0,0,66
2025-09-29T02:50:29.286Z,59.9,21.1,1.926,50.4,0,60.4,0,0,0,0,0,0,0,0,66
2025-09-29T02:50:30.285Z,59.9,21.1,1.926,49.6,0,60.4,0,0,0,0,0,0,0,0,66
2025-09-29T02:50:31.292Z,59.9,21.1,1.926,50.4,0,60.4,0,0,0,0,0,0,0,0,66
2025-09-29T02:50:32.287Z,59.9,21.1,1.926,49.6,0,60.4,0,0,0,0,0,0,0,0,66
2025-09-29T02:50:33.288Z,59.9,21.1,1.926,50.4,0,60.4,0,0,0,0,0,0,0,0,66
2025-09-29T02:50:34.291Z,59.9,21.1,1.926,49.6,0,60.4,0,0,0,0,0,0,0,0,66
2025-09-29T02:50:35.296Z,59.8,21.1,1.926,50.4,0,60.4,0,0,0,0,0,0,0,0,66
2025-09-29T02:50:36.291Z,59.8,21.1,1.926,49.6,0,60.4,0,0,0,0,0,0,0,0,66
2025-09-29T02:50:37.291Z,59.9,21.1,1.926,49.6,0,60.4,0,0,0,0,0,0,0,0,66
2025-09-29T02:50:38.294Z,59.8,21.1,1.926,50.4,0,60.4,0,0,0,0,0,0,0,0,66
2025-09-29T02:50:39.296Z,59.8,21.1,1.926,49.6,0,60.4,0,0,0,0,0,0,0,0,66
2025-09-29T02:50:40.302Z,59.8,21.1,1.925,50.4,0,60.4,0,0,0,0,0,0,0,0,66
2025-09-29T02:50:41.296Z,59.8,21.1,1.926,49.6,0,60.4,0,0,0,0,0,0,0,0,66
2025-09-29T02:50:42.299Z,59.8,21.1,1.926,49.6,0,60.4,0,0,0,0,0,0,0,0,66
2025-09-29T02:50:43.301Z,59.8,21.1,1.926,50.4,0,60.4,0,0,0,0,0,0,0,0,66
2025-09-29T02:50:44.304Z,59.8,21.1,1.925,49.6,0,60.4,0,0,0,0,0,0,0,0,66
2025-09-29T02:50:45.302Z,59.8,21.1,1.926,50.4,0,60.4,0,0,0,0,0,0,0,0,66
2025-09-29T02:50:46.304Z,59.8,21.1,1.925,49.6,0,60.4,0,0,0,0,0,0,0,0,66
2025-09-29T02:50:47.306Z,59.8,21.1,1.925,49.6,0,60.4,0,0,0,0,0,0,0,0,66
2025-09-29T02:50:48.303Z,59.8,21.1,1.926,50.4,0,60.4,0,0,0,0,0,0,0,0,66
2025-09-29T02:50:49.305Z,59.8,21.1,1.925,49.6,0,60.4,0,0,0,0,0,0,0,0,66
2025-09-29T02:50:50.312Z,59.8,21.1,1.925,50.4,0,60.4,0,0,0,0,0,0,0,0,66
2025-09-29T02:50:51.307Z,59.8,21.1,1.926,49.6,0,60.4,0,0,0,0,0,0,0,0,66
2025-09-29T02:50:52.308Z,59.8,21.1,1.925,49.6,0,60.4,0,0,0,0,0,0,0,0,66
2025-09-29T02:50:53.309Z,59.8,21.1,1.926,50.4,0,60.4,0,0,0,0,0,0,0,0,66
2025-09-29T02:50:54.313Z,59.8,21.1,1.925,49.6,0,60.4,0,0,0,0,0,0,0,0,66
2025-09-29T02:50:55.315Z,59.8,21.1,1.925,49.6,0,60.4,0,0,0,0,0,0,0,0,66
2025-09-29T02:50:56.313Z,59.8,21.1,1.925,50.4,0,60.4,0,0,0,0,0,0,0,0,66
2025-09-29T02:50:57.312Z,59.8,21.1,1.925,49.6,0,60.4,0,0,0,0,0,0,0,0,66
2025-09-29T02:50:58.313Z,59.8,21.1,1.925,49.6,0,60.4,0,0,0,0,0,0,0,0,66
2025-09-29T02:50:58.313Z,59.8,21.1,1.925,49.6,0,60.4,0,0,0,0,0,0,0,0,66
2025-09-29T02:51:00.314Z,59.8,21.1,1.925,49.6,0,60.4,0,0,0,0,0,0,0,0,66
2025-09-29T02:51:01.319Z,59.8,21.1,1.925,49.6,0,60.4,0,0,0,0,0,0,0,0,66
2025-09-29T02:51:02.315Z,59.8,21.1,1.925,50.4,0,60.4,0,0,0,0,0,0,0,0,66
2025-09-29T02:51:03.317Z,59.8,21.1,1.925,50.4,0,60.4,0,0,0,0,0,0,0,0,66
2025-09-29T02:51:04.317Z,59.8,21.1,1.925,49.6,0,60.4,0,0,0,0,0,0,0,0,66
2025-09-29T02:51:05.318Z,59.8,21.1,1.925,50.4,0,60.4,0,0,0,0,0,0,0,0,66
2025-09-29T02:51:06.319Z,59.8,21.1,1.925,49.6,0,60.4,0,0,0,0,0,0,0,0,66
2025-09-29T02:51:07.320Z,59.8,21.1,1.925,50.4,0,60.4,0,0,0,0,0,0,0,0,66
2025-09-29T02:51:08.325Z,59.8,21.1,1.925,50.4,0,60.4,0,0,0,0,0,0,0,0,66
2025-09-29T02:51:09.321Z,59.8,21.1,1.925,49.6,0,60.4,0,0,0,0,0,0,0,0,66
2025-09-29T02:51:10.322Z,59.8,21.1,1.926,50.4,0,60.4,0,0,0,0,0,0,0,0,66
2025-09-29T02:51:11.332Z,59.8,21.1,1.926,50.4,0,60.4,0,0,0,0,0,0,0,0,66
2025-09-29T02:51:12.325Z,59.8,21.1,1.925,49.6,0,60.4,0,0,0,0,0,0,0,0,66
2025-09-29T02:51:13.323Z,59.8,21.1,1.925,49.6,0,60.4,0,0,0,0,0,0,0,0,66
2025-09-29T02:51:14.326Z,59.8,21.1,1.925,49.6,0,60.4,0,0,0,0,0,0,0,0,66
2025-09-29T02:51:15.336Z,59.8,21.1,1.926,50.4,0,60.4,0,0,0,0,0,0,0,0,66
2025-09-29T02:51:16.327Z,59.8,21.1,1.925,50.4,0,60.4,0,0,0,0,0,0,0,0,66
2025-09-29T02:51:17.333Z,59.8,21.1,1.926,49.6,0,60.4,0,0,0,0,0,0,0,0,66
2025-09-29T02:51:18.333Z,59.8,21.1,1.925,50.4,0,60.4,0,0,0,0,0,0,0,0,66
2025-09-29T02:51:19.335Z,59.8,21.1,1.925,49.6,0,60.4,0,0,0,0,0,0,0,0,66
2025-09-29T02:51:20.333Z,59.8,21.1,1.925,50.4,0,60.4,0,0,0,0,0,0,0,0,66
2025-09-29T02:51:21.335Z,59.8,21.1,1.925,49.6,0,60.4,0,0,0,0,0,0,0,0,66
2025-09-29T02:51:22.338Z,59.8,21.1,1.925,50.4,0,60.4,0,0,0,0,0,0,0,0,66
2025-09-29T02:51:23.338Z,59.8,21.1,1.925,50.4,0,60.4,0,0,0,0,0,0,0,0,66
2025-09-29T02:51:24.341Z,59.8,21.1,1.926,49.6,0,60.4,0,0,0,0,0,0,0,0,66
2025-09-29T02:51:25.339Z,59.7,21.1,1.925,49.6,0,60.4,0,0,0,0,0,0,0,0,66
2025-09-29T02:51:26.342Z,59.7,21.1,1.925,49.6,0,60.4,0,0,0,0,0,0,0,0,66
2025-09-29T02:51:27.346Z,59.7,21.1,1.926,50.4,0,60.4,0,0,0,0,0,0,0,0,66
2025-09-29T02:51:28.338Z,59.7,21.1,1.926,50.4,0,60.4,0,0,0,0,0,0,0,0,66
2025-09-29T02:51:29.341Z,59.7,21.1,1.925,49.6,0,60.4,0,0,0,0,0,0,0,0,66
2025-09-29T02:51:30.348Z,59.7,21.1,1.926,50.4,0,60.4,0,0,0,0,0,0,0,0,66
2025-09-29T02:51:31.346Z,59.7,21.1,1.926,49.6,0,60.4,0,0,0,0,0,0,0,0,66
2025-09-29T02:51:32.342Z,59.7,21.1,1.926,50.4,0,60.4,0,0,0,0,0,0,0,0,66
2025-09-29T02:51:33.345Z,59.7,21.1,1.926,49.6,0,60.4,0,0,0,0,0,0,0,0,66
2025-09-29T02:51:34.350Z,59.7,21.1,1.926,49.6,0,60.4,0,0,0,0,0,0,0,0,66
2025-09-29T02:51:35.346Z,59.7,21.1,1.926,50.4,0,60.4,0,0,0,0,0,0,0,0,66
2025-09-29T02:51:36.349Z,59.7,21.1,1.926,49.6,0,60.4,0,0,0,0,0,0,0,0,66
2025-09-29T02:51:37.352Z,59.7,21.1,1.926,50.4,0,60.4,0,0,0,0,0,0,0,0,66
2025-09-29T02:51:38.352Z,59.7,21.1,1.926,49.6,0,60.4,0,0,0,0,0,0,0,0,66
2025-09-29T02:51:39.354Z,59.7,21.1,1.926,49.6,0,60.4,0,0,0,0,0,0,0,0,66
2025-09-29T02:51:40.353Z,59.7,21.1,1.926,50.4,0,60.4,0,0,0,0,0,0,0,0,66
2025-09-29T02:51:41.353Z,59.7,21.1,1.926,49.6,0,60.4,0,0,0,0,0,0,0,0,66
2025-09-29T02:51:42.353Z,59.7,21.1,1.926,49.6,0,60.4,0,0,0,0,0,0,0,0,66
2025-09-29T02:51:43.362Z,59.7,21.1,1.926,50.4,0,60.4,0,0,0,0,0,0,0,0,66
2025-09-29T02:51:44.356Z,59.7,21.1,1.926,50.4,0,60.4,0,0,0,0,0,0,0,0,66
2025-09-29T02:51:45.357Z,59.7,21.1,1.926,49.6,0,60.4,0,0,0,0,0,0,0,0,66
2025-09-29T02:51:46.356Z,59.7,21.1,1.926,50.4,0,60.4,0,0,0,0,0,0,0,0,66
2025-09-29T02:51:47.356Z,59.7,21.1,1.926,49.6,0,60.4,0,0,0,0,0,0,0,0,66
2025-09-29T02:51:48.358Z,59.7,21.1,1.926,50.4,0,60.4,0,0,0,0,0,0,0,0,66
2025-09-29T02:51:49.361Z,59.7,21.1,1.926,49.6,0,60.4,0,0,0,0,0,0,0,0,66
2025-09-29T02:51:50.361Z,59.7,21.1,1.926,50.4,0,60.4,0,0,0,0,0,0,0,0,66
2025-09-29T02:51:51.364Z,59.7,21.1,1.926,49.6,0,60.4,0,0,0,0,0,0,0,0,66
2025-09-29T02:51:52.365Z,59.7,21.1,1.926,49.6,0,60.4,0,0,0,0,0,0,0,0,66
2025-09-29T02:51:53.363Z,59.7,21.1,1.926,50.4,0,60.4,0,0,0,0,0,0,0,0,66
2025-09-29T02:51:54.370Z,59.7,21.1,1.926,49.6,0,60.4,0,0,0,0,0,0,0,0,66
2025-09-29T02:51:55.370Z,59.7,21.1,1.926,49.6,0,60.4,0,0,0,0,0,0,0,0,66
2025-09-29T02:51:56.367Z,59.7,21.1,1.926,50.4,0,60.4,0,0,0,0,0,0,0,0,66
2025-09-29T02:51:57.370Z,59.7,21.1,1.926,49.6,0,60.4,0,0,0,0,0,0,0,0,66
2025-09-29T02:51:58.370Z,59.7,21.1,1.926,49.6,0,60.4,0,0,0,0,0,0,0,0,66
2025-09-29T02:51:59.369Z,59.7,21.1,1.926,50.4,0,60.4,0,0,0,0,0,0,0,0,66
2025-09-29T02:52:00.368Z,59.7,21.1,1.926,50.4,0,60.4,0,0,0,0,0,0,0,0,66
2025-09-29T02:52:01.377Z,59.7,21.1,1.926,49.6,0,60.4,0,0,0,0,0,0,0,0,66
2025-09-29T02:52:02.377Z,59.7,21.1,1.926,50.4,0,60.4,0,0,0,0,0,0,0,0,66
2025-09-29T02:52:03.374Z,59.7,21.1,1.926,49.6,0,60.4,0,0,0,0,0,0,0,0,66
2025-09-29T02:52:04.372Z,59.7,21.1,1.926,50.4,0,60.4,0,0,0,0,0,0,0,0,66
2025-09-29T02:52:05.376Z,59.7,21.1,1.926,50.4,0,60.4,0,0,0,0,0,0,0,0,66
2025-09-29T02:52:06.373Z,59.7,21.1,1.926,49.6,0,60.4,0,0,0,0,0,0,0,0,66
2025-09-29T02:52:07.376Z,59.7,21.1,1.926,50.4,0,60.4,0,0,0,0,0,0,0,0,66
2025-09-29T02:52:08.376Z,59.7,21.1,1.926,49.6,0,60.4,0,0,0,0,0,0,0,0,66
2025-09-29T02:52:09.373Z,59.7,21.1,1.926,50.4,0,60.4,0,0,0,0,0,0,0,0,66
2025-09-29T02:52:10.380Z,59.7,21.1,1.926,49.6,0,60.4,0,0,0,0,0,0,0,0,66
2025-09-29T02:52:11.381Z,59.7,21.1,1.926,50.4,0,60.4,0,0,0,0,0,0,0,0,66
2025-09-29T02:52:12.384Z,59.7,21.1,1.926,49.6,0,60.4,0,0,0,0,0,0,0,0,66
2025-09-29T02:52:13.383Z,59.7,21.1,1.926,49.6,0,60.4,0,0,0,0,0,0,0,0,66
2025-09-29T02:52:14.381Z,59.7,21.1,1.926,50.4,0,60.4,0,0,0,0,0,0,0,0,66
2025-09-29T02:52:15.384Z,59.7,21.1,1.926,49.6,0,60.4,0,0,0,0,0,0,0,0,66
2025-09-29T02:52:16.382Z,59.7,21.1,1.926,50.4,0,60.4,0,0,0,0,0,0,0,0,66
2025-09-29T02:52:17.385Z,59.7,21.1,1.926,49.6,0,60.4,0,0,0,0,0,0,0,0,66
2025-09-29T02:52:18.395Z,59.7,21.1,1.926,50.4,0,60.4,0,0,0,0,0,0,0,0,66
2025-09-29T02:52:19.391Z,59.7,21.1,1.926,50.4,0,60.4,0,0,0,0,0,0,0,0,66
2025-09-29T02:52:20.386Z,59.7,21.1,1.926,49.6,0,60.4,0,0,0,0,0,0,0,0,66
2025-09-29T02:52:21.399Z,59.7,21.1,1.926,50.4,0,60.4,0,0,0,0,0,0,0,0,66
2025-09-29T02:52:22.396Z,59.7,21.1,1.926,49.6,0,60.4,0,0,0,0,0,0,0,0,66
2025-09-29T02:52:23.401Z,59.7,21.1,1.926,50.4,0,60.4,0,0,0,0,0,0,0,0,66
2025-09-29T02:52:24.392Z,59.7,21.1,1.926,49.6,0,60.4,0,0,0,0,0,0,0,0,66
2025-09-29T02:52:25.394Z,59.7,21.1,1.926,50.4,0,60.4,0,0,0,0,0,0,0,0,66
2025-09-29T02:52:26.395Z,59.7,21.1,1.926,49.6,0,60.4,0,0,0,0,0,0,0,0,66
2025-09-29T02:52:27.398Z,59.7,21.1,1.926,50.4,0,60.4,0,0,0,0,0,0,0,0,66
2025-09-29T02:52:28.398Z,59.7,21.1,1.926,49.6,0,60.4,0,0,0,0,0,0,0,0,66
2025-09-29T02:52:29.396Z,59.7,21.1,1.926,50.4,0,60.4,0,0,0,0,0,0,0,0,66
2025-09-29T02:52:30.398Z,59.7,21.1,1.926,49.6,0,60.4,0,0,0,0,0,0,0,0,66
2025-09-29T02:52:31.398Z,59.7,21.1,1.926,50.4,0,60.4,0,0,0,0,0,0,0,0,66
2025-09-29T02:52:32.402Z,59.7,21.1,1.926,49.6,0,60.4,0,0,0,0,0,0,0,0,66
2025-09-29T02:52:33.401Z,59.7,21.1,1.926,50.4,0,60.4,0,0,0,0,0,0,0,0,66
2025-09-29T02:52:34.401Z,59.7,21.1,1.926,49.6,0,60.4,0,0,0,0,0,0,0,0,66
2025-09-29T02:52:35.402Z,59.7,21.1,1.926,50.4,0,60.4,0,0,0,0,0,0,0,0,66
2025-09-29T02:52:36.401Z,59.7,21.1,1.926,49.6,0,60.4,0,0,0,0,0,0,0,0,66
2025-09-29T02:52:37.402Z,59.7,21.1,1.926,50.4,0,60.4,0,0,0,0,0,0,0,0,66
2025-09-29T02:52:38.410Z,59.7,21.1,1.926,49.6,0,60.4,0,0,0,0,0,0,0,0,66
2025-09-29T02:52:39.407Z,59.7,21.1,1.926,50.4,0,60.4,0,0,0,0,0,0,0,0,66
2025-09-29T02:52:40.411Z,59.7,21.1,1.926,49.6,0,60.4,0,0,0,0,0,0,0,0,66
2025-09-29T02:52:41.409Z,59.7,21.1,1.926,50.4,0,60.4,0,0,0,0,0,0,0,0,66
2025-09-29T02:52:42.407Z,59.7,21.1,1.926,49.6,0,60.4,0,0,0,0,0,0,0,0,66
2025-09-29T02:52:43.408Z,59.7,21.1,1.926,50.4,0,60.4,0,0,0,0,0,0,0,0,66
2025-09-29T02:52:44.412Z,59.7,21.1,1.926,49.6,0,60.4,0,0,0,0,0,0,0,0,66
2025-09-29T02:52:45.418Z,59.6,21.1,1.927,50.4,0,60.4,0,0,0,0,0,0,0,0,66
2025-09-29T02:52:46.411Z,59.6,21.1,1.926,49.6,0,60.4,0,0,0,0,0,0,0,0,66
2025-09-29T02:52:47.414Z,59.7,21.1,1.926,50.4,0,60.4,0,0,0,0,0,0,0,0,66
2025-09-29T02:52:48.416Z,59.7,21.1,1.927,49.6,0,60.4,0,0,0,0,0,0,0,0,66
2025-09-29T02:52:49.414Z,59.6,21.1,1.926,50.4,0,60.4,0,0,0,0,0,0,0,0,66
2025-09-29T02:52:50.421Z,59.6,21.1,1.926,49.6,0,60.4,0,0,0,0,0,0,0,0,66
2025-09-29T02:52:51.423Z,59.6,21.1,1.926,50.4,0,60.4,0,0,0,0,0,0,0,0,66
2025-09-29T02:52:52.419Z,59.7,21.1,1.927,49.6,0,60.4,0,0,0,0,0,0,0,0,66
2025-09-29T02:52:53.420Z,59.7,21.1,1.926,50.4,0,60.4,0,0,0,0,0,0,0,0,66
2025-09-29T02:52:54.421Z,59.6,21.1,1.926,49.6,0,60.4,0,0,0,0,0,0,0,0,66
2025-09-29T02:52:55.426Z,59.6,21.1,1.926,50.4,0,60.4,0,0,0,0,0,0,0,0,66
2025-09-29T02:52:56.424Z,59.6,21.1,1.926,49.6,0,60.4,0,0,0,0,0,0,0,0,66
2025-09-29T02:52:57.424Z,59.6,21.1,1.926,50.4,0,60.4,0,0,0,0,0,0,0,0,66
2025-09-29T02:52:58.426Z,59.6,21.1,1.927,49.6,0,60.4,0,0,0,0,0,0,0,0,66
2025-09-29T02:52:59.423Z,59.6,21.1,1.926,49.6,0,60.4,0,0,0,0,0,0,0,0,66
2025-09-29T02:53:00.428Z,59.6,21.1,1.926,49.6,0,60.4,0,0,0,0,0,0,0,0,66
2025-09-29T02:53:01.427Z,59.6,21.1,1.927,49.6,0,60.4,0,0,0,0,0,0,0,0,66
2025-09-29T02:53:02.426Z,59.6,21.1,1.926,49.6,0,60.4,0,0,0,0,0,0,0,0,66
2025-09-29T02:53:03.433Z,59.6,21.1,1.927,50.4,0,60.4,0,0,0,0,0,0,0,0,66
2025-09-29T02:53:04.428Z,59.6,21.1,1.927,49.6,0,60.4,0,0,0,0,0,0,0,0,66
2025-09-29T02:53:05.429Z,59.6,21.1,1.927,49.6,0,60.4,0,0,0,0,0,0,0,0,66
2025-09-29T02:53:06.430Z,59.6,21.1,1.926,50.4,0,60.4,0,0,0,0,0,0,0,0,66
2025-09-29T02:53:07.430Z,59.6,21.1,1.926,49.6,0,60.4,0,0,0,0,0,0,0,0,66
2025-09-29T02:53:08.436Z,59.6,21.1,1.927,50.4,0,60.4,0,0,0,0,0,0,0,0,66
2025-09-29T02:53:09.435Z,59.6,21.1,1.927,49.6,0,60.4,0,0,0,0,0,0,0,0,66
2025-09-29T02:53:10.438Z,59.6,21.1,1.926,49.6,0,60.4,0,0,0,0,0,0,0,0,66
2025-09-29T02:53:11.439Z,59.6,21.1,1.927,50.4,0,60.4,0,0,0,0,0,0,0,0,66
2025-09-29T02:53:12.437Z,59.6,21.1,1.927,49.6,0,60.4,0,0,0,0,0,0,0,0,66
2025-09-29T02:53:13.442Z,59.6,21.1,1.926,49.6,0,60.4,0,0,0,0,0,0,0,0,66
2025-09-29T02:53:14.439Z,59.6,21.1,1.927,50.4,0,60.4,0,0,0,0,0,0,0,0,66
2025-09-29T02:53:15.441Z,59.6,21.1,1.926,49.6,0,60.4,0,0,0,0,0,0,0,0,66
2025-09-29T02:53:16.440Z,59.6,21.1,1.927,49.6,0,60.4,0,0,0,0,0,0,0,0,66
2025-09-29T02:53:17.444Z,59.6,21.1,1.926,50.4,0,60.4,0,0,0,0,0,0,0,0,66
2025-09-29T02:53:18.443Z,59.6,21.1,1.926,49.6,0,60.4,0,0,0,0,0,0,0,0,66
2025-09-29T02:53:19.445Z,59.6,21.1,1.926,50.4,0,60.3,0,0,0,0,0,0,0,0,66
2025-09-29T02:53:20.447Z,59.6,21.1,1.926,50.4,0,60.4,0,0,0,0,0,0,0,0,66
2025-09-29T02:53:21.447Z,59.6,21.1,1.926,49.6,0,60.3,0,0,0,0,0,0,0,0,66
2025-09-29T02:53:22.446Z,59.6,21.1,1.926,50.4,0,60.3,0,0,0,0,0,0,0,0,66
2025-09-29T02:53:23.449Z,59.6,21.1,1.926,49.6,0,60.3,0,0,0,0,0,0,0,0,66
2025-09-29T02:53:24.449Z,59.6,21.1,1.926,50.4,0,60.3,0,0,0,0,0,0,0,0,66
2025-09-29T02:53:25.449Z,59.6,21.1,1.926,50.4,0,60.3,0,0,0,0,0,0,0,0,66
2025-09-29T02:53:26.451Z,59.6,21.1,1.926,49.6,0,60.3,0,0,0,0,0,0,0,0,66
2025-09-29T02:53:27.454Z,59.6,21.1,1.926,50.4,0,60.3,0,0,0,0,0,0,0,0,66
2025-09-29T02:53:28.452Z,59.6,21.1,1.926,49.6,0,60.3,0,0,0,0,0,0,0,0,66
2025-09-29T02:53:28.452Z,59.6,21.1,1.926,49.6,0,60.3,0,0,0,0,0,0,0,0,66
2025-09-29T02:53:30.454Z,59.6,21.1,1.926,49.6,0,60.3,0,0,0,0,0,0,0,0,66
2025-09-29T02:53:31.453Z,59.6,21.1,1.926,50.4,0,60.3,0,0,0,0,0,0,0,0,66
2025-09-29T02:53:32.461Z,59.6,21.1,1.926,49.6,0,60.3,0,0,0,0,0,0,0,0,66
2025-09-29T02:53:33.457Z,59.6,21.1,1.926,49.6,0,60.3,0,0,0,0,0,0,0,0,66
2025-09-29T02:53:34.464Z,59.6,21.1,1.926,50.4,0,60.3,0,0,0,0,0,0,0,0,66
2025-09-29T02:53:35.459Z,59.6,21.1,1.926,49.6,0,60.3,0,0,0,0,0,0,0,0,66
2025-09-29T02:53:36.461Z,59.6,21.1,1.926,50.4,0,60.3,0,0,0,0,0,0,0,0,66
2025-09-29T02:53:37.463Z,59.6,21.1,1.926,49.6,0,60.3,0,0,0,0,0,0,0,0,66
2025-09-29T02:53:38.465Z,59.6,21.1,1.927,49.6,0,60.3,0,0,0,0,0,0,0,0,66
2025-09-29T02:53:39.464Z,59.6,21.1,1.926,50.4,0,60.3,0,0,0,0,0,0,0,0,66
2025-09-29T02:53:40.472Z,59.6,21.1,1.927,49.6,0,60.3,0,0,0,0,0,0,0,0,66
2025-09-29T02:53:41.469Z,59.6,21.1,1.927,50.4,0,60.3,0,0,0,0,0,0,0,0,66
2025-09-29T02:53:41.469Z,59.6,21.1,1.927,50.4,0,60.3,0,0,0,0,0,0,0,0,66
2025-09-29T02:53:43.472Z,59.6,21.1,1.927,49.6,0,60.3,0,0,0,0,0,0,0,0,66
2025-09-29T02:53:44.467Z,59.7,21.1,1.926,50.4,0,60.3,0,0,0,0,0,0,0,0,66
2025-09-29T02:53:45.472Z,59.6,21.1,1.927,49.6,0,60.3,0,0,0,0,0,0,0,0,66
2025-09-29T02:53:46.475Z,59.7,21.1,1.927,50.4,0,60.3,0,0,0,0,0,0,0,0,66
2025-09-29T02:53:47.473Z,59.7,21.1,1.926,49.6,0,60.3,0,0,0,0,0,0,0,0,66
2025-09-29T02:53:48.477Z,59.7,21.1,1.927,50.4,0,60.3,0,0,0,0,0,0,0,0,66
2025-09-29T02:53:49.478Z,59.7,21.1,1.926,49.6,0,60.3,0,0,0,0,0,0,0,0,66
2025-09-29T02:53:50.477Z,59.7,21.1,1.926,49.6,0,60.3,0,0,0,0,0,0,0,0,66
2025-09-29T02:53:51.477Z,59.7,21.1,1.926,50.4,0,60.3,0,0,0,0,0,0,0,0,66
2025-09-29T02:53:52.480Z,59.7,21.1,1.926,49.6,0,60.3,0,0,0,0,0,0,0,0,66
2025-09-29T02:53:53.483Z,59.7,21.1,1.926,50.4,0,60.3,0,0,0,0,0,0,0,0,66
2025-09-29T02:53:54.482Z,59.7,21.1,1.926,49.6,0,60.3,0,0,0,0,0,0,0,0,66
2025-09-29T02:53:55.479Z,59.7,21.1,1.927,49.6,0,60.3,0,0,0,0,0,0,0,0,66
2025-09-29T02:53:56.481Z,59.7,21.1,1.926,50.4,0,60.3,0,0,0,0,0,0,0,0,66
2025-09-29T02:53:57.484Z,59.7,21.1,1.926,49.6,0,60.3,0,0,0,0,0,0,0,0,66
2025-09-29T02:53:58.482Z,59.7,21.1,1.926,49.6,0,60.3,0,0,0,0,0,0,0,0,66
2025-09-29T02:53:59.481Z,59.7,21.1,1.927,50.4,0,60.3,0,0,0,0,0,0,0,0,66
2025-09-29T02:54:00.480Z,59.7,21.1,1.926,50.4,0,60.3,0,0,0,0,0,0,0,0,66
2025-09-29T02:54:01.485Z,59.7,21.1,1.926,49.6,0,60.3,0,0,0,0,0,0,0,0,66
2025-09-29T02:54:02.484Z,59.7,21.1,1.927,50.4,0,60.3,0,0,0,0,0,0,0,0,66
2025-09-29T02:54:03.485Z,59.7,21.1,1.926,49.6,0,60.3,0,0,0,0,0,0,0,0,66
2025-09-29T02:54:04.485Z,59.7,21.1,1.926,50.4,0,60.3,0,0,0,0,0,0,0,0,66
2025-09-29T02:54:05.491Z,59.7,21.1,1.926,49.6,0,60.3,0,0,0,0,0,0,0,0,66
2025-09-29T02:54:06.492Z,59.7,21.1,1.926,50.4,0,60.3,0,0,0,0,0,0,0,0,66
2025-09-29T02:54:07.490Z,59.7,21.1,1.926,49.6,0,60.3,0,0,0,0,0,0,0,0,66
2025-09-29T02:54:08.492Z,59.7,21.1,1.926,49.6,0,60.3,0,0,0,0,0,0,0,0,66
2025-09-29T02:54:09.489Z,59.7,21.1,1.926,50.4,0,60.3,0,0,0,0,0,0,0,0,66
2025-09-29T02:54:10.491Z,59.7,21.1,1.926,49.6,0,60.3,0,0,0,0,0,0,0,0,66
2025-09-29T02:54:11.495Z,59.7,21.1,1.926,49.6,0,60.3,0,0,0,0,0,0,0,0,66
2025-09-29T02:54:12.497Z,59.7,21.1,1.926,50.4,0,60.3,0,0,0,0,0,0,0,0,66
2025-09-29T02:54:13.498Z,59.7,21.1,1.926,49.6,0,60.3,0,0,0,0,0,0,0,0,66
2025-09-29T02:54:14.492Z,59.7,21.1,1.926,49.6,0,60.3,0,0,0,0,0,0,0,0,66
2025-09-29T02:54:15.498Z,59.7,21.1,1.926,50.4,0,60.2,0,0,0,0,0,0,0,0,66
2025-09-29T02:54:16.496Z,59.7,21.1,1.926,50.4,0,60.3,0,0,0,0,0,0,0,0,66
2025-09-29T02:54:17.499Z,59.7,21.1,1.926,49.6,0,60.3,0,0,0,0,0,0,0,0,66
2025-09-29T02:54:18.500Z,59.7,21.1,1.926,50.4,0,60.2,0,0,0,0,0,0,0,0,66
2025-09-29T02:54:19.505Z,59.7,21.1,1.926,50.4,0,60.3,0,0,0,0,0,0,0,0,66
2025-09-29T02:54:20.500Z,59.7,21.1,1.926,49.6,0,60.2,0,0,0,0,0,0,0,0,66
2025-09-29T02:54:21.505Z,59.7,21.1,1.926,50.4,0,60.2,0,0,0,0,0,0,0,0,66
2025-09-29T02:54:22.504Z,59.7,21.1,1.926,49.6,0,60.2,0,0,0,0,0,0,0,0,66
2025-09-29T02:54:23.501Z,59.7,21.1,1.926,50.4,0,60.2,0,0,0,0,0,0,0,0,66
2025-09-29T02:54:24.509Z,59.7,21.1,1.926,49.6,0,60.2,0,0,0,0,0,0,0,0,66
2025-09-29T02:54:25.507Z,59.7,21.1,1.926,50.4,0,60.2,0,0,0,0,0,0,0,0,66
2025-09-29T02:54:26.508Z,59.7,21.1,1.926,49.6,0,60.2,0,0,0,0,0,0,0,0,66
2025-09-29T02:54:27.508Z,59.7,21.1,1.926,50.4,0,60.2,0,0,0,0,0,0,0,0,66
2025-09-29T02:54:28.509Z,59.7,21.1,1.926,50.4,0,60.2,0,0,0,0,0,0,0,0,66
2025-09-29T02:54:29.507Z,59.7,21.1,1.926,49.6,0,60.2,0,0,0,0,0,0,0,0,66
2025-09-29T02:54:30.507Z,59.7,21.1,1.926,50.4,0,60.2,0,0,0,0,0,0,0,0,66
2025-09-29T02:54:31.514Z,59.7,21.1,1.926,49.6,0,60.2,0,0,0,0,0,0,0,0,66
2025-09-29T02:54:32.512Z,59.7,21.1,1.926,50.4,0,60.2,0,0,0,0,0,0,0,0,66
2025-09-29T02:54:33.514Z,59.7,21.1,1.926,49.6,0,60.2,0,0,0,0,0,0,0,0,66
2025-09-29T02:54:34.515Z,59.7,21.1,1.926,50.4,0,60.2,0,0,0,0,0,0,0,0,66
2025-09-29T02:54:35.513Z,59.7,21.1,1.926,49.6,0,60.2,0,0,0,0,0,0,0,0,66
2025-09-29T02:54:36.520Z,59.7,21.1,1.926,50.4,0,60.2,0,0,0,0,0,0,0,0,66
2025-09-29T02:54:37.521Z,59.7,21.1,1.926,49.6,0,60.2,0,0,0,0,0,0,0,0,66
2025-09-29T02:54:38.517Z,59.7,21.1,1.926,50.4,0,60.2,0,0,0,0,0,0,0,0,66
2025-09-29T02:54:39.517Z,59.7,21.1,1.926,49.6,0,60.2,0,0,0,0,0,0,0,0,66
2025-09-29T02:54:40.516Z,59.7,21.1,1.926,50.4,0,60.2,0,0,0,0,0,0,0,0,66
2025-09-29T02:54:41.519Z,59.7,21.1,1.926,49.6,0,60.2,0,0,0,0,0,0,0,0,66
2025-09-29T02:54:42.521Z,59.7,21.1,1.926,50.4,0,60.2,0,0,0,0,0,0,0,0,66
2025-09-29T02:54:43.522Z,59.7,21.1,1.926,49.6,0,60.2,0,0,0,0,0,0,0,0,66
2025-09-29T02:54:44.525Z,59.7,21.1,1.926,50.4,0,60.2,0,0,0,0,0,0,0,0,66
2025-09-29T02:54:45.524Z,59.7,21.1,1.926,49.6,0,60.2,0,0,0,0,0,0,0,0,66
2025-09-29T02:54:46.527Z,59.7,21.1,1.926,50.4,0,60.2,0,0,0,0,0,0,0,0,66
2025-09-29T02:54:47.526Z,59.7,21.1,1.926,49.6,0,60.2,0,0,0,0,0,0,0,0,66
2025-09-29T02:54:48.527Z,59.7,21.1,1.926,50.4,0,60.2,0,0,0,0,0,0,0,0,66
2025-09-29T02:54:49.530Z,59.7,21.1,1.926,49.6,0,60.2,0,0,0,0,0,0,0,0,66
2025-09-29T02:54:50.529Z,59.7,21.1,1.926,50.4,0,60.2,0,0,0,0,0,0,0,0,66
2025-09-29T02:54:51.529Z,59.7,21.1,1.926,49.6,0,60.2,0,0,0,0,0,0,0,0,66
2025-09-29T02:54:52.533Z,59.7,21.1,1.926,50.4,0,60.2,0,0,0,0,0,0,0,0,66
2025-09-29T02:54:53.538Z,59.7,21.1,1.926,49.6,0,60.2,0,0,0,0,0,0,0,0,66
2025-09-29T02:54:54.531Z,59.7,21.1,1.926,50.4,0,60.2,0,0,0,0,0,0,0,0,66
2025-09-29T02:54:55.534Z,59.7,21.1,1.926,49.6,0,60.2,0,0,0,0,0,0,0,0,66
2025-09-29T02:54:56.537Z,59.7,21.1,1.926,50.4,0,60.2,0,0,0,0,0,0,0,0,66
2025-09-29T02:54:57.539Z,59.7,21.1,1.926,49.6,0,60.2,0,0,0,0,0,0,0,0,66
2025-09-29T02:54:58.534Z,59.7,21.1,1.926,50.4,0,60.2,0,0,0,0,0,0,0,0,66
2025-09-29T02:54:59.530Z,59.7,21.1,1.926,49.6,0,60.2,0,0,0,0,0,0,0,0,66
2025-09-29T02:55:00.536Z,59.7,21.1,1.926,50.4,0,60.2,0,0,0,0,0,0,0,0,66
2025-09-29T02:55:01.542Z,59.7,21.1,1.925,49.6,0,60.2,0,0,0,0,0,0,0,0,66
2025-09-29T02:55:02.541Z,59.7,21.1,1.925,49.6,0,60.2,0,0,0,0,0,0,0,0,66
2025-09-29T02:55:03.544Z,59.7,21.1,1.926,49.6,0,60.2,0,0,0,0,0,0,0,0,66
2025-09-29T02:55:04.541Z,59.7,21.1,1.925,50.4,0,60.2,0,0,0,0,0,0,0,0,66
2025-09-29T02:55:05.542Z,59.7,21.1,1.925,49.6,0,60.2,0,0,0,0,0,0,0,0,66
2025-09-29T02:55:06.542Z,59.7,21.1,1.926,50.4,0,60.2,0,0,0,0,0,0,0,0,66
2025-09-29T02:55:07.548Z,59.7,21.1,1.926,49.6,0,60.2,0,0,0,0,0,0,0,0,66
2025-09-29T02:55:08.545Z,59.7,21.1,1.926,50.4,0,60.2,0,0,0,0,0,0,0,0,66
2025-09-29T02:55:09.541Z,59.7,21.1,1.926,49.6,0,60.2,0,0,0,0,0,0,0,0,66
2025-09-29T02:55:10.552Z,59.7,21.1,1.926,50.4,0,60.2,0,0,0,0,0,0,0,0,66
2025-09-29T02:55:11.545Z,59.8,21.1,1.925,49.6,0,60.2,0,0,0,0,0,0,0,0,66
2025-09-29T02:55:12.546Z,59.8,21.1,1.926,50.4,0,60.2,0,0,0,0,0,0,0,0,66
2025-09-29T02:55:13.555Z,59.8,21.1,1.926,49.6,0,60.2,0,0,0,0,0,0,0,0,66
2025-09-29T02:55:14.557Z,59.8,21.1,1.926,49.6,0,60.2,0,0,0,0,0,0,0,0,66
2025-09-29T02:55:15.551Z,59.8,21.1,1.925,49.6,0,60.2,0,0,0,0,0,0,0,0,66
2025-09-29T02:55:16.550Z,59.8,21.1,1.926,50.4,0,60.2,0,0,0,0,0,0,0,0,66
2025-09-29T02:55:17.551Z,59.8,21.1,1.925,49.6,0,60.2,0,0,0,0,0,0,0,0,66
2025-09-29T02:55:18.555Z,59.8,21.1,1.925,50.4,0,60.2,0,0,0,0,0,0,0,0,66
2025-09-29T02:55:19.552Z,59.8,21.1,1.925,49.6,0,60.2,0,0,0,0,0,0,0,0,66
2025-09-29T02:55:20.554Z,59.8,21.1,1.925,50.4,0,60.2,0,0,0,0,0,0,0,0,66
2025-09-29T02:55:21.560Z,59.8,21.1,1.926,49.6,0,60.2,0,0,0,0,0,0,0,0,66
2025-09-29T02:55:22.559Z,59.8,21.1,1.925,49.6,0,60.2,0,0,0,0,0,0,0,0,66
2025-09-29T02:55:23.558Z,59.8,21.1,1.925,50.4,0,60.2,0,0,0,0,0,0,0,0,66
2025-09-29T02:55:24.560Z,59.8,21.1,1.925,49.6,0,60.2,0,0,0,0,0,0,0,0,66
2025-09-29T02:55:25.565Z,59.8,21.1,1.926,50.4,0,60.2,0,0,0,0,0,0,0,0,66
2025-09-29T02:55:26.563Z,59.8,21.1,1.926,49.6,0,60.2,0,0,0,0,0,0,0,0,66
2025-09-29T02:55:27.566Z,59.8,21.1,1.926,49.6,0,60.2,0,0,0,0,0,0,0,0,66
2025-09-29T02:55:28.560Z,59.8,21.1,1.925,50.4,0,60.2,0,0,0,0,0,0,0,0,66
2025-09-29T02:55:29.566Z,59.8,21.1,1.926,49.6,0,60.2,0,0,0,0,0,0,0,0,66
2025-09-29T02:55:30.567Z,59.8,21.1,1.926,49.6,0,60.2,0,0,0,0,0,0,0,0,66
2025-09-29T02:55:31.562Z,59.8,21.1,1.925,50.4,0,60.2,0,0,0,0,0,0,0,0,66
2025-09-29T02:55:32.565Z,59.8,21.1,1.926,49.6,0,60.1,0,0,0,0,0,0,0,0,66
2025-09-29T02:55:33.571Z,59.8,21.1,1.926,50.4,0,60.2,0,0,0,0,0,0,0,0,66
2025-09-29T02:55:34.571Z,59.8,21.1,1.926,49.6,0,60.2,0,0,0,0,0,0,0,0,66
2025-09-29T02:55:35.567Z,59.8,21.1,1.926,50.4,0,60.2,0,0,0,0,0,0,0,0,66
2025-09-29T02:55:36.569Z,59.8,21.1,1.926,49.6,0,60.2,0,0,0,0,0,0,0,0,66
2025-09-29T02:55:37.571Z,59.8,21.1,1.926,50.4,0,60.2,0,0,0,0,0,0,0,0,66
2025-09-29T02:55:38.578Z,59.8,21.1,1.926,50.4,0,60.1,0,0,0,0,0,0,0,0,66
2025-09-29T02:55:39.569Z,59.8,21.1,1.926,49.6,0,60.1,0,0,0,0,0,0,0,0,66
2025-09-29T02:55:40.573Z,59.8,21.1,1.926,50.4,0,60.1,0,0,0,0,0,0,0,0,66
2025-09-29T02:55:41.577Z,59.8,21.1,1.926,49.6,0,60.2,0,0,0,0,0,0,0,0,66
2025-09-29T02:55:42.574Z,59.9,21.1,1.926,50.4,0,60.1,0,0,0,0,0,0,0,0,66
2025-09-29T02:55:43.574Z,59.9,21.1,1.926,49.6,0,60.1,0,0,0,0,0,0,0,0,66
2025-09-29T02:55:44.572Z,59.9,21.1,1.926,50.4,0,60.1,0,0,0,0,0,0,0,0,66
2025-09-29T02:55:45.577Z,59.9,21.1,1.926,50.4,0,60.1,0,0,0,0,0,0,0,0,66
2025-09-29T02:55:46.576Z,59.9,21.1,1.926,49.6,0,60.1,0,0,0,0,0,0,0,0,66
2025-09-29T02:55:47.578Z,59.9,21.1,1.926,50.4,0,60.1,0,0,0,0,0,0,0,0,66
2025-09-29T02:55:48.580Z,59.9,21.1,1.926,49.6,0,60.1,0,0,0,0,0,0,0,0,66
2025-09-29T02:55:49.577Z,59.9,21.1,1.926,49.6,0,60.1,0,0,0,0,0,0,0,0,66
2025-09-29T02:55:50.579Z,59.9,21.1,1.926,49.6,0,60.1,0,0,0,0,0,0,0,0,66
2025-09-29T02:55:51.585Z,59.9,21.1,1.926,50.4,0,60.1,0,0,0,0,0,0,0,0,66
2025-09-29T02:55:52.579Z,59.9,21.1,1.926,49.6,0,60.1,0,0,0,0,0,0,0,0,66
2025-09-29T02:55:53.582Z,59.9,21.1,1.926,50.4,0,60.1,0,0,0,0,0,0,0,0,66
2025-09-29T02:55:54.587Z,59.9,21.1,1.926,49.6,0,60.1,0,0,0,0,0,0,0,0,66
2025-09-29T02:55:55.584Z,59.9,21.1,1.926,49.6,0,60.1,0,0,0,0,0,0,0,0,66
2025-09-29T02:55:56.584Z,59.9,21.1,1.926,50.4,0,60.1,0,0,0,0,0,0,0,0,66
2025-09-29T02:55:57.587Z,59.9,21.1,1.926,49.6,0,60.1,0,0,0,0,0,0,0,0,66
2025-09-29T02:55:58.583Z,59.9,21.1,1.926,50.4,0,60.1,0,0,0,0,0,0,0,0,66
2025-09-29T02:55:59.588Z,59.9,21.1,1.926,50.4,0,60.1,0,0,0,0,0,0,0,0,66
2025-09-29T02:56:00.584Z,59.9,21.1,1.926,49.6,0,60.1,0,0,0,0,0,0,0,0,66
2025-09-29T02:56:01.587Z,59.9,21.1,1.926,49.6,0,60.1,0,0,0,0,0,0,0,0,66
2025-09-29T02:56:02.585Z,59.9,21.1,1.926,49.6,0,60.1,0,0,0,0,0,0,0,0,66
2025-09-29T02:56:03.588Z,59.9,21.1,1.926,50.4,0,60.1,0,0,0,0,0,0,0,0,66
2025-09-29T02:56:04.588Z,59.9,21.1,1.926,49.6,0,60.1,0,0,0,0,0,0,0,0,66
2025-09-29T02:56:05.591Z,59.9,21.1,1.926,50.4,0,60.1,0,0,0,0,0,0,0,0,66
2025-09-29T02:56:06.594Z,59.9,21.1,1.925,49.6,0,60.1,0,0,0,0,0,0,0,0,66
2025-09-29T02:56:07.594Z,59.9,21.1,1.925,49.6,0,60.1,0,0,0,0,0,0,0,0,66
2025-09-29T02:56:08.590Z,60,21.1,1.926,50.4,0,60.1,0,0,0,0,0,0,0,0,66
2025-09-29T02:56:09.593Z,60,21.1,1.926,49.6,0,60.1,0,0,0,0,0,0,0,0,66
2025-09-29T02:56:10.594Z,60,21.1,1.926,49.6,0,60.1,0,0,0,0,0,0,0,0,66
2025-09-29T02:56:11.594Z,60,21.1,1.926,50.4,0,60.1,0,0,0,0,0,0,0,0,66
2025-09-29T02:56:12.598Z,60,21.1,1.924,49.6,0,60.1,0,0,0,0,0,0,0,0,66
2025-09-29T02:56:13.600Z,60,21.1,1.924,49.6,0,60.1,0,0,0,0,0,0,0,0,66
2025-09-29T02:56:14.597Z,60,21.1,1.925,50.4,0,60.1,0,0,0,0,0,0,0,0,66
2025-09-29T02:56:15.602Z,60,21.1,1.924,50.4,0,60.1,0,0,0,0,0,0,0,0,66
2025-09-29T02:56:16.604Z,60,21.1,1.924,49.6,0,60.1,0,0,0,0,0,0,0,0,66
2025-09-29T02:56:17.604Z,60,21.1,1.924,50.4,0,60.1,0,0,0,0,0,0,0,0,66
2025-09-29T02:56:18.603Z,60,21.1,1.924,49.6,0,60.1,0,0,0,0,0,0,0,0,66
2025-09-29T02:56:19.605Z,60,21.1,1.924,50.4,0,60.1,0,0,0,0,0,0,0,0,66
2025-09-29T02:56:20.606Z,60,21.1,1.924,49.6,0,60.1,0,0,0,0,0,0,0,0,66
2025-09-29T02:56:21.606Z,60,21.1,1.924,49.6,0,60.1,0,0,0,0,0,0,0,0,66
2025-09-29T02:56:22.610Z,60,21.1,1.924,50.4,0,60.1,0,0,0,0,0,0,0,0,66
2025-09-29T02:56:23.606Z,60,21.1,1.924,50.4,0,60.1,0,0,0,0,0,0,0,0,66
2025-09-29T02:56:24.608Z,60,21.1,1.924,49.6,0,60.1,0,0,0,0,0,0,0,0,66
2025-09-29T02:56:25.613Z,60,21.1,1.924,50.4,0,60.1,0,0,0,0,0,0,0,0,66
2025-09-29T02:56:26.614Z,60,21.1,1.924,49.6,0,60.1,0,0,0,0,0,0,0,0,66
2025-09-29T02:56:27.613Z,60,21.1,1.923,50.4,0,60.1,0,0,0,0,0,0,0,0,66
2025-09-29T02:56:28.610Z,60,21.1,1.924,49.6,0,60.1,0,0,0,0,0,0,0,0,66
2025-09-29T02:56:29.612Z,60,21.1,1.924,50.4,0,60.1,0,0,0,0,0,0,0,0,66
2025-09-29T02:56:30.613Z,60,21.1,1.924,49.6,0,60.1,0,0,0,0,0,0,0,0,66
2025-09-29T02:56:31.616Z,60,21.1,1.924,49.6,0,60.1,0,0,0,0,0,0,0,0,66
2025-09-29T02:56:32.616Z,60,21.1,1.924,50.4,0,60.1,0,0,0,0,0,0,0,0,66
2025-09-29T02:56:33.618Z,60,21.1,1.924,49.6,0,60.1,0,0,0,0,0,0,0,0,66
2025-09-29T02:56:34.616Z,60.1,21.1,1.924,50.4,0,60.1,0,0,0,0,0,0,0,0,66
2025-09-29T02:56:35.617Z,60.1,21.1,1.924,49.6,0,60.1,0,0,0,0,0,0,0,0,66
2025-09-29T02:56:36.615Z,60.1,21.1,1.924,49.6,0,60.1,0,0,0,0,0,0,0,0,66
2025-09-29T02:56:37.621Z,60.1,21.1,1.924,50.4,0,60.1,0,0,0,0,0,0,0,0,66
2025-09-29T02:56:38.625Z,60.1,21.1,1.924,49.6,0,60.1,0,0,0,0,0,0,0,0,66
2025-09-29T02:56:39.625Z,60.1,21.1,1.923,49.6,0,60.1,0,0,0,0,0,0,0,0,66
2025-09-29T02:56:40.626Z,60.1,21.1,1.923,50.4,0,60.1,0,0,0,0,0,0,0,0,66
2025-09-29T02:56:41.629Z,60.1,21.1,1.924,49.6,0,60.1,0,0,0,0,0,0,0,0,66
2025-09-29T02:56:42.625Z,60.1,21.1,1.923,50.4,0,60.1,0,0,0,0,0,0,0,0,66
2025-09-29T02:56:43.628Z,60.1,21.1,1.924,50.4,0,60.1,0,0,0,0,0,0,0,0,66
2025-09-29T02:56:44.625Z,60.1,21.1,1.923,49.6,0,60.1,0,0,0,0,0,0,0,0,66
2025-09-29T02:56:45.629Z,60.1,21.1,1.924,50.4,0,60.1,0,0,0,0,0,0,0,0,66
2025-09-29T02:56:46.626Z,60.1,21.1,1.924,49.6,0,60.1,0,0,0,0,0,0,0,0,66
2025-09-29T02:56:47.628Z,60.1,21.1,1.923,50.4,0,60.1,0,0,0,0,0,0,0,0,66
2025-09-29T02:56:48.631Z,60.1,21.1,1.923,49.6,0,60.1,0,0,0,0,0,0,0,0,66
2025-09-29T02:56:49.632Z,60.1,21.1,1.923,49.6,0,60.1,0,0,0,0,0,0,0,0,66
2025-09-29T02:56:50.634Z,60.1,21.1,1.924,50.4,0,60.1,0,0,0,0,0,0,0,0,66
2025-09-29T02:56:51.634Z,60.1,21.1,1.923,49.6,0,60.1,0,0,0,0,0,0,0,0,66
2025-09-29T02:56:52.630Z,60.1,21.1,1.923,49.6,0,60.1,0,0,0,0,0,0,0,0,66
2025-09-29T02:56:53.636Z,60.1,21.1,1.923,50.4,0,60.1,0,0,0,0,0,0,0,0,66
2025-09-29T02:56:54.635Z,60.1,21.1,1.923,49.6,0,60.1,0,0,0,0,0,0,0,0,66
2025-09-29T02:56:55.635Z,60.1,21.1,1.923,50.4,0,60.1,0,0,0,0,0,0,0,0,66
2025-09-29T02:56:56.641Z,60.1,21.1,1.923,50.4,0,60.1,0,0,0,0,0,0,0,0,66
2025-09-29T02:56:57.637Z,60.2,21.1,1.923,49.6,0,60.1,0,0,0,0,0,0,0,0,66
2025-09-29T02:56:58.639Z,60.2,21.1,1.923,50.4,0,60.1,0,0,0,0,0,0,0,0,66
2025-09-29T02:56:59.636Z,60.2,21.1,1.923,49.6,0,60.1,0,0,0,0,0,0,0,0,66
2025-09-29T02:57:00.638Z,60.2,21.1,1.923,50.4,0,60.1,0,0,0,0,0,0,0,0,66
2025-09-29T02:57:01.641Z,60.2,21.1,1.923,49.6,0,60.1,0,0,0,0,0,0,0,0,66
2025-09-29T02:57:02.643Z,60.2,21.1,1.923,49.6,0,60.1,0,0,0,0,0,0,0,0,66
2025-09-29T02:57:03.643Z,60.2,21.1,1.923,50.4,0,60.1,0,0,0,0,0,0,0,0,66
2025-09-29T02:57:04.641Z,60.2,21.1,1.923,50.4,0,60.1,0,0,0,0,0,0,0,0,66
2025-09-29T02:57:05.642Z,60.2,21.1,1.923,49.6,0,60.1,0,0,0,0,0,0,0,0,66
2025-09-29T02:57:06.647Z,60.2,21.1,1.923,50.4,0,60.1,0,0,0,0,0,0,0,0,66
2025-09-29T02:57:07.646Z,60.2,21.1,1.923,49.6,0,60.1,0,0,0,0,0,0,0,0,66
2025-09-29T02:57:08.646Z,60.2,21.1,1.923,50.4,0,60.1,0,0,0,0,0,0,0,0,66
2025-09-29T02:57:09.647Z,60.2,21.1,1.923,49.6,0,60.1,0,0,0,0,0,0,0,0,66
2025-09-29T02:57:10.649Z,60.2,21.1,1.923,50.4,0,60.1,0,0,0,0,0,0,0,0,66
2025-09-29T02:57:11.651Z,60.2,21.1,1.923,49.6,0,60.1,0,0,0,0,0,0,0,0,66
2025-09-29T02:57:12.649Z,60.2,21.1,1.923,50.4,0,60.1,0,0,0,0,0,0,0,0,66
2025-09-29T02:57:13.653Z,60.2,21.1,1.923,49.6,0,60.1,0,0,0,0,0,0,0,0,66
2025-09-29T02:57:14.651Z,60.2,21.1,1.923,49.6,0,60.1,0,0,0,0,0,0,0,0,66
2025-09-29T02:57:15.648Z,60.2,21.1,1.923,50.4,0,60.1,0,0,0,0,0,0,0,0,66
2025-09-29T02:57:16.648Z,60.2,21.1,1.923,49.6,0,60.1,0,0,0,0,0,0,0,0,66
2025-09-29T02:57:17.655Z,60.2,21.1,1.923,50.4,0,60.1,0,0,0,0,0,0,0,0,66
2025-09-29T02:57:18.653Z,60.3,21.1,1.923,49.6,0,60.1,0,0,0,0,0,0,0,0,66
2025-09-29T02:57:19.648Z,60.3,21.1,1.923,50.4,0,60.1,0,0,0,0,0,0,0,0,66
2025-09-29T02:57:20.654Z,60.3,21.1,1.923,50.4,0,60.1,0,0,0,0,0,0,0,0,66
2025-09-29T02:57:21.654Z,60.3,21.1,1.923,49.6,0,60.1,0,0,0,0,0,0,0,0,66
2025-09-29T02:57:22.658Z,60.3,21.1,1.923,49.6,0,60.1,0,0,0,0,0,0,0,0,66
2025-09-29T02:57:23.656Z,60.3,21.1,1.923,49.6,0,60.1,0,0,0,0,0,0,0,0,66
2025-09-29T02:57:24.655Z,60.3,21.1,1.923,50.4,0,60.1,0,0,0,0,0,0,0,0,66
2025-09-29T02:57:25.657Z,60.3,21.1,1.923,50.4,0,60.1,0,0,0,0,0,0,0,0,66
2025-09-29T02:57:26.659Z,60.3,21.1,1.923,49.6,0,60.1,0,0,0,0,0,0,0,0,66
2025-09-29T02:57:27.664Z,60.3,21.1,1.923,50.4,0,60.1,0,0,0,0,0,0,0,0,66
2025-09-29T02:57:28.660Z,60.3,21.1,1.923,49.6,0,60.1,0,0,0,0,0,0,0,0,66
2025-09-29T02:57:29.662Z,60.3,21.1,1.923,50.4,0,60.1,0,0,0,0,0,0,0,0,66
2025-09-29T02:57:30.663Z,60.3,21.1,1.923,49.6,0,60.1,0,0,0,0,0,0,0,0,66
2025-09-29T02:57:31.665Z,60.3,21.1,1.923,50.4,0,60.1,0,0,0,0,0,0,0,0,66
2025-09-29T02:57:32.660Z,60.3,21.1,1.923,50.4,0,60.1,0,0,0,0,0,0,0,0,66
2025-09-29T02:57:33.665Z,60.3,21.1,1.923,49.6,0,60.1,0,0,0,0,0,0,0,0,66
2025-09-29T02:57:34.667Z,60.3,21.1,1.923,49.6,0,60.1,0,0,0,0,0,0,0,0,66
2025-09-29T02:57:35.670Z,60.3,21.1,1.923,49.6,0,60.1,0,0,0,0,0,0,0,0,66
2025-09-29T02:57:36.666Z,60.3,21.1,1.923,50.4,0,60.1,0,0,0,0,0,0,0,0,66
2025-09-29T02:57:37.666Z,60.3,21.1,1.923,49.6,0,60.1,0,0,0,0,0,0,0,0,66
2025-09-29T02:57:38.668Z,60.3,21.1,1.923,49.6,0,60.1,0,0,0,0,0,0,0,0,66
2025-09-29T02:57:39.671Z,60.3,21.1,1.923,50.4,0,60.1,0,0,0,0,0,0,0,0,66
2025-09-29T02:57:40.674Z,60.3,21.1,1.923,49.6,0,60.1,0,0,0,0,0,0,0,0,66
2025-09-29T02:57:41.678Z,60.3,21.1,1.923,49.6,0,60.1,0,0,0,0,0,0,0,0,66
2025-09-29T02:57:42.677Z,60.3,21.1,1.923,50.4,0,60.1,0,0,0,0,0,0,0,0,66
2025-09-29T02:57:43.676Z,60.3,21.1,1.923,50.4,0,60.1,0,0,0,0,0,0,0,0,66
2025-09-29T02:57:44.674Z,60.4,21.1,1.923,49.6,0,60,0,0,0,0,0,0,0,0,66
2025-09-29T02:57:45.679Z,60.4,21.1,1.923,50.4,0,60,0,0,0,0,0,0,0,0,66
2025-09-29T02:57:46.678Z,60.4,21.1,1.923,49.6,0,60.1,0,0,0,0,0,0,0,0,66
2025-09-29T02:57:47.676Z,60.4,21.1,1.923,50.4,0,60,0,0,0,0,0,0,0,0,66
2025-09-29T02:57:48.680Z,60.4,21.1,1.923,49.6,0,60,0,0,0,0,0,0,0,0,66
2025-09-29T02:57:49.683Z,60.4,21.1,1.923,50.4,0,60,0,0,0,0,0,0,0,0,66
2025-09-29T02:57:50.678Z,60.4,21.1,1.923,49.6,0,60,0,0,0,0,0,0,0,0,66
2025-09-29T02:57:51.687Z,60.4,21.1,1.923,50.4,0,60,0,0,0,0,0,0,0,0,66
2025-09-29T02:57:52.686Z,60.4,21.1,1.923,49.6,0,60,0,0,0,0,0,0,0,0,66
2025-09-29T02:57:53.685Z,60.4,21.1,1.923,49.6,0,60,0,0,0,0,0,0,0,0,66
2025-09-29T02:57:54.689Z,60.4,21.1,1.923,50.4,0,60,0,0,0,0,0,0,0,0,66
2025-09-29T02:57:55.687Z,60.4,21.1,1.923,49.6,0,60,0,0,0,0,0,0,0,0,66
2025-09-29T02:57:56.691Z,60.4,21.1,1.923,50.4,0,60,0,0,0,0,0,0,0,0,66
2025-09-29T02:57:57.692Z,60.4,21.1,1.923,49.6,0,60,0,0,0,0,0,0,0,0,66
2025-09-29T02:57:58.693Z,60.4,21.1,1.923,49.6,0,60,0,0,0,0,0,0,0,0,66
2025-09-29T02:57:59.690Z,60.4,21.1,1.923,50.4,0,60,0,0,0,0,0,0,0,0,66
2025-09-29T02:58:00.687Z,60.4,21.1,1.923,50.4,0,60,0,0,0,0,0,0,0,0,66
2025-09-29T02:58:01.694Z,60.4,21.1,1.923,49.6,0,60,0,0,0,0,0,0,0,0,66
2025-09-29T02:58:02.696Z,60.4,21.1,1.923,50.4,0,60,0,0,0,0,0,0,0,0,66
2025-09-29T02:58:03.693Z,60.4,21.1,1.923,49.6,0,60,0,0,0,0,0,0,0,0,66
2025-09-29T02:58:04.696Z,60.4,21.1,1.923,50.4,0,60,0,0,0,0,0,0,0,0,66
2025-09-29T02:58:05.697Z,60.4,21.1,1.923,49.6,0,60,0,0,0,0,0,0,0,0,66
2025-09-29T02:58:06.698Z,60.4,21.1,1.923,50.4,0,60,0,0,0,0,0,0,0,0,66
2025-09-29T02:58:07.701Z,60.4,21.1,1.923,49.6,0,60,0,0,0,0,0,0,0,0,66
2025-09-29T02:58:08.700Z,60.4,21.1,1.923,49.6,0,60,0,0,0,0,0,0,0,0,66
2025-09-29T02:58:09.703Z,60.4,21.1,1.923,50.4,0,60,0,0,0,0,0,0,0,0,66
2025-09-29T02:58:10.699Z,60.4,21.1,1.923,49.6,0,60,0,0,0,0,0,0,0,0,66
2025-09-29T02:58:11.707Z,60.5,21.1,1.923,49.6,0,60,0,0,0,0,0,0,0,0,66
2025-09-29T02:58:12.701Z,60.5,21.1,1.923,50.4,0,60,0,0,0,0,0,0,0,0,66
2025-09-29T02:58:13.709Z,60.5,21.1,1.923,49.6,0,60,0,0,0,0,0,0,0,0,66
2025-09-29T02:58:14.705Z,60.5,21.1,1.923,50.4,0,60,0,0,0,0,0,0,0,0,66
2025-09-29T02:58:15.699Z,60.5,21.1,1.922,50.4,0,60,0,0,0,0,0,0,0,0,66
2025-09-29T02:58:16.705Z,60.5,21.1,1.923,49.6,0,60,0,0,0,0,0,0,0,0,66
2025-09-29T02:58:17.706Z,60.5,21.1,1.923,50.4,0,60,0,0,0,0,0,0,0,0,66
2025-09-29T02:58:18.709Z,60.5,21.1,1.923,49.6,0,60,0,0,0,0,0,0,0,0,66
2025-09-29T02:58:19.715Z,60.5,21.1,1.923,50.4,0,60,0,0,0,0,0,0,0,0,66
2025-09-29T02:58:20.711Z,60.5,21.1,1.923,49.6,0,60,0,0,0,0,0,0,0,0,66
2025-09-29T02:58:21.710Z,60.5,21.1,1.923,49.6,0,60,0,0,0,0,0,0,0,0,66
2025-09-29T02:58:22.710Z,60.5,21.1,1.923,50.4,0,60,0,0,0,0,0,0,0,0,66
2025-09-29T02:58:23.709Z,60.5,21.1,1.923,49.6,0,60,0,0,0,0,0,0,0,0,66
2025-09-29T02:58:24.713Z,60.5,21.1,1.923,50.4,0,60,0,0,0,0,0,0,0,0,66
2025-09-29T02:58:25.715Z,60.5,21.1,1.923,49.6,0,60,0,0,0,0,0,0,0,0,66
2025-09-29T02:58:26.715Z,60.5,21.1,1.923,50.4,0,60,0,0,0,0,0,0,0,0,66
2025-09-29T02:58:27.711Z,60.5,21.1,1.922,49.6,0,60,0,0,0,0,0,0,0,0,66
2025-09-29T02:58:28.718Z,60.5,21.1,1.923,50.4,0,60,0,0,0,0,0,0,0,0,66
2025-09-29T02:58:29.717Z,60.5,21.1,1.923,49.6,0,60,0,0,0,0,0,0,0,0,66
2025-09-29T02:58:30.715Z,60.5,21.1,1.923,50.4,0,60,0,0,0,0,0,0,0,0,66
2025-09-29T02:58:31.717Z,60.5,21.1,1.923,50.4,0,60,0,0,0,0,0,0,0,0,66
2025-09-29T02:58:32.720Z,60.5,21.1,1.923,49.6,0,60,0,0,0,0,0,0,0,0,66
2025-09-29T02:58:33.719Z,60.5,21.1,1.923,50.4,0,60,0,0,0,0,0,0,0,0,66
2025-09-29T02:58:34.720Z,60.5,21.1,1.923,49.6,0,60,0,0,0,0,0,0,0,0,66
2025-09-29T02:58:35.722Z,60.5,21.1,1.923,50.4,0,60,0,0,0,0,0,0,0,0,66
2025-09-29T02:58:36.720Z,60.5,21.1,1.923,49.6,0,60,0,0,0,0,0,0,0,0,66
2025-09-29T02:58:37.720Z,60.5,21.1,1.923,50.4,0,60,0,0,0,0,0,0,0,0,66
2025-09-29T02:58:38.723Z,60.5,21.1,1.923,49.6,0,60,0,0,0,0,0,0,0,0,66
2025-09-29T02:58:39.721Z,60.5,21.1,1.923,50.4,0,60,0,0,0,0,0,0,0,0,66
2025-09-29T02:58:40.721Z,60.5,21.1,1.923,49.6,0,60,0,0,0,0,0,0,0,0,66
2025-09-29T02:58:41.724Z,60.5,21.1,1.923,50.4,0,60,0,0,0,0,0,0,0,0,66
2025-09-29T02:58:42.729Z,60.5,21.1,1.923,49.6,0,60,0,0,0,0,0,0,0,0,66
2025-09-29T02:58:43.722Z,60.5,21.1,1.923,50.4,0,60,0,0,0,0,0,0,0,0,66
2025-09-29T02:58:44.724Z,60.5,21.1,1.923,49.6,0,60,0,0,0,0,0,0,0,0,66
2025-09-29T02:58:45.726Z,60.5,21.1,1.923,50.4,0,60,0,0,0,0,0,0,0,0,66
2025-09-29T02:58:46.732Z,60.5,21.1,1.923,49.6,0,60,0,0,0,0,0,0,0,0,66
2025-09-29T02:58:47.730Z,60.5,21.1,1.923,50.4,0,60,0,0,0,0,0,0,0,0,66
2025-09-29T02:58:48.729Z,60.6,21.1,1.923,49.6,0,60,0,0,0,0,0,0,0,0,66
2025-09-29T02:58:49.736Z,60.6,21.1,1.923,50.4,0,60,0,0,0,0,0,0,0,0,66
2025-09-29T02:58:50.736Z,60.6,21.1,1.923,49.6,0,60,0,0,0,0,0,0,0,0,66
2025-09-29T02:58:51.738Z,60.6,21.1,1.923,50.4,0,60,0,0,0,0,0,0,0,0,66
2025-09-29T02:58:52.737Z,60.6,21.1,1.923,49.6,0,60,0,0,0,0,0,0,0,0,66
2025-09-29T02:58:53.744Z,60.6,21.1,1.922,50.4,0,60,0,0,0,0,0,0,0,0,66
2025-09-29T02:58:54.741Z,60.6,21.1,1.923,49.6,0,60,0,0,0,0,0,0,0,0,66
2025-09-29T02:58:55.735Z,60.6,21.1,1.923,50.4,0,60,0,0,0,0,0,0,0,0,66
2025-09-29T02:58:56.740Z,60.6,21.1,1.923,49.6,0,60,0,0,0,0,0,0,0,0,66
2025-09-29T02:58:57.739Z,60.6,21.1,1.923,50.4,0,60,0,0,0,0,0,0,0,0,66
2025-09-29T02:58:58.743Z,60.6,21.1,1.922,49.6,0,60,0,0,0,0,0,0,0,0,66
2025-09-29T02:58:59.743Z,60.6,21.1,1.923,50.4,0,60,0,0,0,0,0,0,0,0,66
2025-09-29T02:59:00.741Z,60.6,21.1,1.923,49.6,0,60,0,0,0,0,0,0,0,0,66
2025-09-29T02:59:01.744Z,60.6,21.1,1.923,50.4,0,60,0,0,0,0,0,0,0,0,66
2025-09-29T02:59:02.747Z,60.6,21.1,1.922,49.6,0,60,0,0,0,0,0,0,0,0,66
2025-09-29T02:59:03.743Z,60.6,21.1,1.923,50.4,0,60,0,0,0,0,0,0,0,0,66
2025-09-29T02:59:04.746Z,60.6,21.1,1.923,49.6,0,60,0,0,0,0,0,0,0,0,66
2025-09-29T02:59:05.747Z,60.6,21.1,1.922,49.6,0,60,0,0,0,0,0,0,0,0,66
2025-09-29T02:59:06.748Z,60.6,21.1,1.923,50.4,0,60,0,0,0,0,0,0,0,0,66
2025-09-29T02:59:07.750Z,60.6,21.1,1.922,49.6,0,60,0,0,0,0,0,0,0,0,66
2025-09-29T02:59:08.753Z,60.6,21.1,1.922,50.4,0,60,0,0,0,0,0,0,0,0,66
2025-09-29T02:59:09.751Z,60.6,21.1,1.922,49.6,0,59.9,0,0,0,0,0,0,0,0,66
2025-09-29T02:59:10.752Z,60.6,21.1,1.922,50.4,0,60,0,0,0,0,0,0,0,0,66
2025-09-29T02:59:11.754Z,60.6,21.1,1.922,49.6,0,60,0,0,0,0,0,0,0,0,66
2025-09-29T02:59:12.751Z,60.6,21.1,1.923,50.4,0,60,0,0,0,0,0,0,0,0,66
2025-09-29T02:59:13.757Z,60.6,21.1,1.922,49.6,0,60,0,0,0,0,0,0,0,0,66
2025-09-29T02:59:14.756Z,60.6,21.1,1.922,49.6,0,60,0,0,0,0,0,0,0,0,66
2025-09-29T02:59:15.756Z,60.6,21.1,1.922,49.6,0,59.9,0,0,0,0,0,0,0,0,66
2025-09-29T02:59:16.758Z,60.6,21.1,1.922,49.6,0,59.9,0,0,0,0,0,0,0,0,66
2025-09-29T02:59:17.757Z,60.6,21.1,1.922,50.4,0,60,0,0,0,0,0,0,0,0,66
2025-09-29T02:59:18.763Z,60.6,21.1,1.922,49.6,0,59.9,0,0,0,0,0,0,0,0,66
2025-09-29T02:59:19.757Z,60.6,21.1,1.923,50.4,0,60,0,0,0,0,0,0,0,0,66
2025-09-29T02:59:20.764Z,60.6,21.1,1.922,50.4,0,60,0,0,0,0,0,0,0,0,66
2025-09-29T02:59:21.767Z,60.6,21.1,1.922,49.6,0,59.9,0,0,0,0,0,0,0,0,66
2025-09-29T02:59:22.764Z,60.6,21.1,1.922,49.6,0,60,0,0,0,0,0,0,0,0,66
2025-09-29T02:59:23.759Z,60.6,21.1,1.923,49.6,0,59.9,0,0,0,0,0,0,0,0,66
2025-09-29T02:59:24.761Z,60.6,21.1,1.923,50.4,0,59.9,0,0,0,0,0,0,0,0,66
2025-09-29T02:59:25.766Z,60.6,21.1,1.922,49.6,0,59.9,0,0,0,0,0,0,0,0,66
2025-09-29T02:59:26.765Z,60.6,21.1,1.923,50.4,0,59.9,0,0,0,0,0,0,0,0,66
2025-09-29T02:59:27.769Z,60.6,21.1,1.922,49.6,0,60,0,0,0,0,0,0,0,0,66
2025-09-29T02:59:28.766Z,60.6,21.1,1.922,49.6,0,60,0,0,0,0,0,0,0,0,66
2025-09-29T02:59:29.767Z,60.6,21.1,1.922,50.4,0,60,0,0,0,0,0,0,0,0,66
2025-09-29T02:59:30.770Z,60.6,21.1,1.922,49.6,0,59.9,0,0,0,0,0,0,0,0,66
2025-09-29T02:59:31.767Z,60.6,21.1,1.922,50.4,0,59.9,0,0,0,0,0,0,0,0,66
2025-09-29T02:59:32.771Z,60.6,21.1,1.922,50.4,0,60,0,0,0,0,0,0,0,0,66
2025-09-29T02:59:33.776Z,60.6,21.1,1.922,49.6,0,60,0,0,0,0,0,0,0,0,66
2025-09-29T02:59:34.773Z,60.6,21.1,1.922,50.4,0,60,0,0,0,0,0,0,0,0,66
2025-09-29T02:59:35.778Z,60.6,21.1,1.922,49.6,0,59.9,0,0,0,0,0,0,0,0,66
2025-09-29T02:59:36.774Z,60.6,21.1,1.922,50.4,0,59.9,0,0,0,0,0,0,0,0,66
2025-09-29T02:59:37.778Z,60.6,21.1,1.922,49.6,0,59.9,0,0,0,0,0,0,0,0,66
2025-09-29T02:59:38.779Z,60.6,21.1,1.922,50.4,0,60,0,0,0,0,0,0,0,0,66
2025-09-29T02:59:39.776Z,60.6,21.1,1.922,49.6,0,60,0,0,0,0,0,0,0,0,66
2025-09-29T02:59:40.780Z,60.6,21.1,1.922,50.4,0,59.9,0,0,0,0,0,0,0,0,66
2025-09-29T02:59:41.783Z,60.6,21.1,1.922,49.6,0,59.9,0,0,0,0,0,0,0,0,66
2025-09-29T02:59:42.784Z,60.6,21.1,1.922,50.4,0,59.9,0,0,0,0,0,0,0,0,66
2025-09-29T02:59:43.783Z,60.6,21.1,1.922,49.6,0,59.9,0,0,0,0,0,0,0,0,66
2025-09-29T02:59:44.790Z,60.6,21.1,1.922,49.6,0,59.9,0,0,0,0,0,0,0,0,66
2025-09-29T02:59:45.789Z,60.6,21.1,1.922,50.4,0,59.9,0,0,0,0,0,0,0,0,66
2025-09-29T02:59:46.786Z,60.6,21.1,1.923,49.6,0,59.9,0,0,0,0,0,0,0,0,66
2025-09-29T02:59:47.786Z,60.6,21.1,1.922,50.4,0,59.9,0,0,0,0,0,0,0,0,66
2025-09-29T02:59:48.788Z,60.6,21.1,1.922,50.4,0,59.9,0,0,0,0,0,0,0,0,66
2025-09-29T02:59:49.789Z,60.6,21.1,1.922,49.6,0,60,0,0,0,0,0,0,0,0,66
2025-09-29T02:59:50.793Z,60.6,21.1,1.922,49.6,0,59.9,0,0,0,0,0,0,0,0,66
2025-09-29T02:59:51.787Z,60.6,21.1,1.922,49.6,0,59.9,0,0,0,0,0,0,0,0,66
2025-09-29T02:59:52.791Z,60.6,21.1,1.922,50.4,0,60,0,0,0,0,0,0,0,0,66
2025-09-29T02:59:53.795Z,60.6,21.1,1.922,49.6,0,60,0,0,0,0,0,0,0,0,66
2025-09-29T02:59:54.791Z,60.6,21.1,1.922,49.6,0,60,0,0,0,0,0,0,0,0,66
2025-09-29T02:59:55.797Z,60.6,21.1,1.922,50.4,0,60,0,0,0,0,0,0,0,0,66
2025-09-29T02:59:56.794Z,60.6,21.1,1.922,49.6,0,59.9,0,0,0,0,0,0,0,0,66
2025-09-29T02:59:57.800Z,60.6,21.1,1.922,50.4,0,60,0,0,0,0,0,0,0,0,66
2025-09-29T02:59:58.803Z,60.6,21.1,1.923,49.6,0,59.9,0,0,0,0,0,0,0,0,66
2025-09-29T02:59:59.796Z,60.6,21.1,1.922,50.4,0,60,0,0,0,0,0,0,0,0,66
2025-09-29T03:00:00.799Z,60.6,21.1,1.922,50.4,0,60,0,0,0,0,0,0,0,0,66
2025-09-29T03:00:01.807Z,60.6,21.1,1.923,49.6,0,60,0,0,0,0,0,0,0,0,66
2025-09-29T03:00:02.802Z,60.6,21.1,1.922,50.4,0,60,0,0,0,0,0,0,0,0,66
2025-09-29T03:00:03.802Z,60.6,21.1,1.922,49.6,0,60,0,0,0,0,0,0,0,0,66
2025-09-29T03:00:04.801Z,60.6,21.1,1.922,50.4,0,59.9,0,0,0,0,0,0,0,0,66
2025-09-29T03:00:05.805Z,60.6,21.1,1.922,49.6,0,59.9,0,0,0,0,0,0,0,0,66
2025-09-29T03:00:06.801Z,60.6,21.1,1.923,50.4,0,59.9,0,0,0,0,0,0,0,0,66
2025-09-29T03:00:07.808Z,60.6,21.1,1.923,49.6,0,60,0,0,0,0,0,0,0,0,66
2025-09-29T03:00:08.802Z,60.6,21.1,1.922,50.4,0,59.9,0,0,0,0,0,0,0,0,66
2025-09-29T03:00:09.806Z,60.6,21.1,1.922,49.6,0,59.9,0,0,0,0,0,0,0,0,66
2025-09-29T03:00:10.806Z,60.6,21.1,1.922,50.4,0,59.9,0,0,0,0,0,0,0,0,66
2025-09-29T03:00:11.807Z,60.6,21.1,1.922,49.6,0,59.9,0,0,0,0,0,0,0,0,66
2025-09-29T03:00:12.809Z,60.6,21.1,1.922,49.6,0,59.9,0,0,0,0,0,0,0,0,66
2025-09-29T03:00:13.810Z,60.6,21.1,1.923,50.4,0,59.9,0,0,0,0,0,0,0,0,66
2025-09-29T03:00:14.810Z,60.5,21.1,1.923,49.6,0,59.9,0,0,0,0,0,0,0,0,66
2025-09-29T03:00:15.812Z,60.5,21.1,1.923,50.4,0,59.9,0,0,0,0,0,0,0,0,66
2025-09-29T03:00:16.811Z,60.5,21.1,1.923,49.6,0,59.9,0,0,0,0,0,0,0,0,66
2025-09-29T03:00:17.812Z,60.5,21.1,1.923,50.4,0,59.9,0,0,0,0,0,0,0,0,66
2025-09-29T03:00:17.812Z,60.5,21.1,1.923,50.4,0,59.9,0,0,0,0,0,0,0,0,66
2025-09-29T03:00:19.815Z,60.5,21.1,1.923,50.4,0,59.9,0,0,0,0,0,0,0,0,66
2025-09-29T03:00:20.814Z,60.5,21.1,1.923,49.6,0,59.9,0,0,0,0,0,0,0,0,66
2025-09-29T03:00:21.818Z,60.5,21.1,1.923,49.6,0,59.9,0,0,0,0,0,0,0,0,66
2025-09-29T03:00:22.826Z,60.5,21.1,1.923,50.4,0,59.9,0,0,0,0,0,0,0,0,66
2025-09-29T03:00:23.820Z,60.5,21.1,1.923,49.6,0,59.9,0,0,0,0,0,0,0,0,66
2025-09-29T03:00:24.821Z,60.5,21.1,1.923,50.4,0,59.9,0,0,0,0,0,0,0,0,66
2025-09-29T03:00:25.819Z,60.5,21.1,1.923,49.6,0,59.9,0,0,0,0,0,0,0,0,66
2025-09-29T03:00:26.821Z,60.5,21.1,1.922,49.6,0,59.9,0,0,0,0,0,0,0,0,66
2025-09-29T03:00:27.823Z,60.5,21.1,1.923,50.4,0,59.9,0,0,0,0,0,0,0,0,66
2025-09-29T03:00:28.823Z,60.5,21.1,1.923,49.6,0,59.9,0,0,0,0,0,0,0,0,66
2025-09-29T03:00:29.822Z,60.5,21.1,1.923,50.4,0,59.9,0,0,0,0,0,0,0,0,66
2025-09-29T03:00:30.825Z,60.5,21.1,1.923,49.6,0,59.9,0,0,0,0,0,0,0,0,66
2025-09-29T03:00:31.825Z,60.5,21.1,1.923,50.4,0,59.9,0,0,0,0,0,0,0,0,66
2025-09-29T03:00:32.831Z,60.5,21.1,1.923,49.6,0,59.9,0,0,0,0,0,0,0,0,66
2025-09-29T03:00:33.830Z,60.5,21.1,1.923,49.6,0,59.9,0,0,0,0,0,0,0,0,66
2025-09-29T03:00:34.828Z,60.5,21.1,1.923,50.4,0,59.9,0,0,0,0,0,0,0,0,66
2025-09-29T03:00:35.827Z,60.5,21.1,1.923,49.6,0,59.9,0,0,0,0,0,0,0,0,66
2025-09-29T03:00:36.831Z,60.5,21.1,1.923,49.6,0,59.9,0,0,0,0,0,0,0,0,66
2025-09-29T03:00:37.828Z,60.5,21.1,1.923,50.4,0,59.9,0,0,0,0,0,0,0,0,66
2025-09-29T03:00:38.835Z,60.5,21.1,1.923,49.6,0,59.9,0,0,0,0,0,0,0,0,66
2025-09-29T03:00:39.840Z,60.5,21.1,1.923,50.4,0,59.9,0,0,0,0,0,0,0,0,66
2025-09-29T03:00:40.841Z,60.5,21.1,1.923,50.4,0,59.9,0,0,0,0,0,0,0,0,66
2025-09-29T03:00:41.834Z,60.5,21.1,1.923,49.6,0,59.9,0,0,0,0,0,0,0,0,66
2025-09-29T03:00:42.843Z,60.5,21.1,1.923,50.4,0,59.9,0,0,0,0,0,0,0,0,66
2025-09-29T03:00:43.839Z,60.4,21.1,1.923,49.6,0,59.9,0,0,0,0,0,0,0,0,66
2025-09-29T03:00:44.843Z,60.4,21.1,1.923,50.4,0,59.9,0,0,0,0,0,0,0,0,66
2025-09-29T03:00:45.838Z,60.4,21.1,1.923,49.6,0,59.9,0,0,0,0,0,0,0,0,66
2025-09-29T03:00:46.849Z,60.4,21.1,1.923,50.4,0,59.9,0,0,0,0,0,0,0,0,66
2025-09-29T03:00:47.840Z,60.4,21.1,1.923,49.6,0,59.9,0,0,0,0,0,0,0,0,66
2025-09-29T03:00:48.842Z,60.4,21.1,1.923,50.4,0,59.9,0,0,0,0,0,0,0,0,66
2025-09-29T03:00:49.844Z,60.4,21.1,1.923,50.4,0,59.9,0,0,0,0,0,0,0,0,66
2025-09-29T03:00:50.847Z,60.4,21.1,1.923,49.6,0,59.9,0,0,0,0,0,0,0,0,66
2025-09-29T03:00:51.844Z,60.4,21.1,1.924,50.4,0,59.9,0,0,0,0,0,0,0,0,66
2025-09-29T03:00:52.845Z,60.4,21.1,1.923,49.6,0,59.9,0,0,0,0,0,0,0,0,66
2025-09-29T03:00:53.847Z,60.4,21.1,1.924,50.4,0,59.9,0,0,0,0,0,0,0,0,66
2025-09-29T03:00:54.847Z,60.4,21.1,1.924,49.6,0,59.9,0,0,0,0,0,0,0,0,66
2025-09-29T03:00:55.848Z,60.4,21.1,1.924,49.6,0,59.9,0,0,0,0,0,0,0,0,66
2025-09-29T03:00:56.848Z,60.4,21.1,1.924,49.6,0,59.9,0,0,0,0,0,0,0,0,66
2025-09-29T03:00:57.857Z,60.4,21.1,1.924,50.4,0,59.9,0,0,0,0,0,0,0,0,66
2025-09-29T03:00:58.849Z,60.4,21.1,1.924,49.6,0,59.9,0,0,0,0,0,0,0,0,66
2025-09-29T03:00:59.851Z,60.4,21.1,1.924,50.4,0,59.9,0,0,0,0,0,0,0,0,66
2025-09-29T03:01:00.856Z,60.4,21.1,1.924,49.6,0,59.9,0,0,0,0,0,0,0,0,66
2025-09-29T03:01:01.868Z,60.4,21.1,1.923,49.6,0,59.9,0,0,0,0,0,0,0,0,66
2025-09-29T03:01:02.859Z,60.4,21.1,1.924,50.4,0,59.9,0,0,0,0,0,0,0,0,66
2025-09-29T03:01:03.854Z,60.4,21.1,1.924,49.6,0,59.9,0,0,0,0,0,0,0,0,66
2025-09-29T03:01:04.855Z,60.4,21.1,1.924,50.4,0,59.9,0,0,0,0,0,0,0,0,66
2025-09-29T03:01:05.857Z,60.4,21.1,1.924,49.6,0,59.9,0,0,0,0,0,0,0,0,66
2025-09-29T03:01:06.859Z,60.4,21.1,1.924,49.6,0,59.9,0,0,0,0,0,0,0,0,66
2025-09-29T03:01:07.859Z,60.4,21.1,1.924,50.4,0,59.9,0,0,0,0,0,0,0,0,66
2025-09-29T03:01:08.861Z,60.4,21.1,1.924,49.6,0,59.9,0,0,0,0,0,0,0,0,66
2025-09-29T03:01:09.864Z,60.3,21.1,1.924,50.4,0,59.9,0,0,0,0,0,0,0,0,66
2025-09-29T03:01:10.861Z,60.3,21.1,1.924,49.6,0,59.9,0,0,0,0,0,0,0,0,66
2025-09-29T03:01:11.862Z,60.3,21.1,1.924,49.6,0,59.9,0,0,0,0,0,0,0,0,66
2025-09-29T03:01:12.862Z,60.3,21.1,1.924,50.4,0,59.9,0,0,0,0,0,0,0,0,66
2025-09-29T03:01:13.869Z,60.3,21.1,1.924,49.6,0,59.9,0,0,0,0,0,0,0,0,66
2025-09-29T03:01:14.869Z,60.3,21.1,1.924,50.4,0,59.9,0,0,0,0,0,0,0,0,66
2025-09-29T03:01:15.868Z,60.3,21.1,1.924,50.4,0,59.9,0,0,0,0,0,0,0,0,66
2025-09-29T03:01:16.867Z,60.3,21.1,1.924,49.6,0,59.9,0,0,0,0,0,0,0,0,66
2025-09-29T03:01:16.867Z,60.3,21.1,1.924,49.6,0,59.9,0,0,0,0,0,0,0,0,66
2025-09-29T03:01:18.869Z,60.3,21.1,1.924,49.6,0,59.9,0,0,0,0,0,0,0,0,66
2025-09-29T03:01:19.870Z,60.3,21.1,1.924,50.4,0,59.9,0,0,0,0,0,0,0,0,66
2025-09-29T03:01:20.874Z,60.3,21.1,1.924,49.6,0,59.9,0,0,0,0,0,0,0,0,66
2025-09-29T03:01:21.873Z,60.3,21.1,1.924,49.6,0,59.9,0,0,0,0,0,0,0,0,66
2025-09-29T03:01:22.880Z,60.3,21.1,1.923,50.4,0,59.9,0,0,0,0,0,0,0,0,66
2025-09-29T03:01:23.874Z,60.3,21.1,1.924,49.6,0,59.9,0,0,0,0,0,0,0,0,66
2025-09-29T03:01:24.876Z,60.3,21.1,1.924,50.4,0,59.9,0,0,0,0,0,0,0,0,66
2025-09-29T03:01:25.878Z,60.3,21.1,1.923,50.4,0,59.9,0,0,0,0,0,0,0,0,66
2025-09-29T03:01:26.879Z,60.3,21.1,1.923,49.6,0,59.9,0,0,0,0,0,0,0,0,66
2025-09-29T03:01:27.881Z,60.3,21.1,1.923,50.4,0,59.9,0,0,0,0,0,0,0,0,66
2025-09-29T03:01:28.883Z,60.3,21.1,1.923,49.6,0,59.9,0,0,0,0,0,0,0,0,66
2025-09-29T03:01:29.880Z,60.3,21.1,1.923,50.4,0,59.9,0,0,0,0,0,0,0,0,66
2025-09-29T03:01:30.884Z,60.3,21.1,1.923,49.6,0,59.9,0,0,0,0,0,0,0,0,66
2025-09-29T03:01:31.878Z,60.2,21.1,1.925,50.4,0,59.9,0,0,0,0,0,0,0,0,66
2025-09-29T03:01:32.882Z,60.2,21.1,1.923,50.4,0,59.9,0,0,0,0,0,0,0,0,66
2025-09-29T03:01:33.886Z,60.2,21.1,1.923,49.6,0,59.9,0,0,0,0,0,0,0,0,66
2025-09-29T03:01:34.884Z,60.2,21.1,1.924,49.6,0,59.9,0,0,0,0,0,0,0,0,66
2025-09-29T03:01:35.886Z,60.2,21.1,1.924,49.6,0,59.9,0,0,0,0,0,0,0,0,66
2025-09-29T03:01:36.887Z,60.2,21.1,1.924,50.4,0,59.9,0,0,0,0,0,0,0,0,66
2025-09-29T03:01:37.886Z,60.2,21.1,1.923,49.6,0,59.9,0,0,0,0,0,0,0,0,66
2025-09-29T03:01:38.890Z,60.2,21.1,1.924,50.4,0,59.9,0,0,0,0,0,0,0,0,66
2025-09-29T03:01:39.894Z,60.2,21.1,1.924,50.4,0,59.9,0,0,0,0,0,0,0,0,66
2025-09-29T03:01:40.890Z,60.2,21.1,1.924,49.6,0,59.9,0,0,0,0,0,0,0,0,66
2025-09-29T03:01:41.897Z,60.2,21.1,1.924,50.4,0,59.9,0,0,0,0,0,0,0,0,66
2025-09-29T03:01:42.896Z,60.2,21.1,1.924,49.6,0,59.9,0,0,0,0,0,0,0,0,66
2025-09-29T03:01:43.892Z,60.2,21.1,1.924,49.6,0,59.9,0,0,0,0,0,0,0,0,66
2025-09-29T03:01:44.895Z,60.2,21.1,1.924,49.6,0,59.9,0,0,0,0,0,0,0,0,66
2025-09-29T03:01:45.900Z,60.2,21.1,1.924,50.4,0,59.9,0,0,0,0,0,0,0,0,66
2025-09-29T03:01:46.895Z,60.2,21.1,1.924,50.4,0,59.9,0,0,0,0,0,0,0,0,66
2025-09-29T03:01:47.900Z,60.2,21.1,1.924,49.6,0,59.9,0,0,0,0,0,0,0,0,66
2025-09-29T03:01:48.902Z,60.2,21.1,1.924,49.6,0,59.9,0,0,0,0,0,0,0,0,66
2025-09-29T03:01:49.901Z,60.2,21.1,1.924,49.6,0,59.9,0,0,0,0,0,0,0,0,66
2025-09-29T03:01:50.903Z,60.2,21.1,1.924,50.4,0,59.9,0,0,0,0,0,0,0,0,66
2025-09-29T03:01:51.903Z,60.1,21.1,1.924,49.6,0,59.9,0,0,0,0,0,0,0,0,66
2025-09-29T03:01:52.901Z,60.1,21.1,1.924,49.6,0,59.9,0,0,0,0,0,0,0,0,66
2025-09-29T03:01:53.904Z,60.1,21.1,1.924,50.4,0,59.9,0,0,0,0,0,0,0,0,66
2025-09-29T03:01:54.903Z,60.1,21.1,1.924,49.6,0,59.9,0,0,0,0,0,0,0,0,66
2025-09-29T03:01:55.903Z,60.1,21.1,1.924,50.4,0,59.9,0,0,0,0,0,0,0,0,66
2025-09-29T03:01:56.901Z,60.1,21.1,1.926,49.6,0,59.9,0,0,0,0,0,0,0,0,66
2025-09-29T03:01:57.904Z,60.1,21.1,1.924,49.6,0,59.9,0,0,0,0,0,0,0,0,66
2025-09-29T03:01:58.911Z,60.1,21.1,1.925,50.4,0,59.9,0,0,0,0,0,0,0,0,66
2025-09-29T03:01:59.907Z,60.1,21.1,1.925,49.6,0,59.9,0,0,0,0,0,0,0,0,66
2025-09-29T03:02:00.905Z,60.1,21.1,1.925,49.6,0,59.9,0,0,0,0,0,0,0,0,66
2025-09-29T03:02:01.910Z,60.1,21.1,1.925,50.4,0,59.9,0,0,0,0,0,0,0,0,66
2025-09-29T03:02:02.912Z,60.1,21.1,1.925,50.4,0,59.9,0,0,0,0,0,0,0,0,66
2025-09-29T03:02:03.912Z,60.1,21.1,1.925,49.6,0,59.9,0,0,0,0,0,0,0,0,66
2025-09-29T03:02:04.912Z,60.1,21.1,1.925,50.4,0,59.9,0,0,0,0,0,0,0,0,66
2025-09-29T03:02:05.912Z,60.1,21.1,1.925,49.6,0,59.9,0,0,0,0,0,0,0,0,66
2025-09-29T03:02:06.916Z,60.1,21.1,1.925,49.6,0,59.9,0,0,0,0,0,0,0,0,66
2025-09-29T03:02:07.915Z,60.1,21.1,1.925,50.4,0,59.9,0,0,0,0,0,0,0,0,66
2025-09-29T03:02:08.914Z,60.1,21.1,1.925,49.6,0,59.9,0,0,0,0,0,0,0,0,66
2025-09-29T03:02:09.918Z,60.1,21.1,1.925,49.6,0,59.9,0,0,0,0,0,0,0,0,66
2025-09-29T03:02:10.921Z,60.1,21.1,1.925,50.4,0,59.9,0,0,0,0,0,0,0,0,66
2025-09-29T03:02:11.918Z,60.1,21.1,1.925,49.6,0,59.9,0,0,0,0,0,0,0,0,66
2025-09-29T03:02:12.921Z,60.1,21.1,1.925,49.6,0,59.9,0,0,0,0,0,0,0,0,66
2025-09-29T03:02:13.921Z,60.1,21.1,1.925,50.4,0,59.9,0,0,0,0,0,0,0,0,66
2025-09-29T03:02:14.923Z,60.1,21.1,1.925,50.4,0,59.9,0,0,0,0,0,0,0,0,66
2025-09-29T03:02:15.925Z,60.1,21.1,1.925,49.6,0,59.9,0,0,0,0,0,0,0,0,66
2025-09-29T03:02:16.926Z,60.1,21.1,1.925,50.4,0,59.9,0,0,0,0,0,0,0,0,66
2025-09-29T03:02:17.929Z,60,21.1,1.926,49.6,0,59.9,0,0,0,0,0,0,0,0,66
2025-09-29T03:02:18.927Z,60,21.1,1.925,49.6,0,59.9,0,0,0,0,0,0,0,0,66
2025-09-29T03:02:19.931Z,60,21.1,1.926,50.4,0,59.9,0,0,0,0,0,0,0,0,66
2025-09-29T03:02:20.933Z,60,21.1,1.926,49.6,0,59.9,0,0,0,0,0,0,0,0,66
2025-09-29T03:02:21.933Z,60,21.1,1.926,49.6,0,59.9,0,0,0,0,0,0,0,0,66
2025-09-29T03:02:22.932Z,60,21.1,1.926,50.4,0,59.9,0,0,0,0,0,0,0,0,66
2025-09-29T03:02:23.933Z,60,21.1,1.926,49.6,0,59.9,0,0,0,0,0,0,0,0,66
2025-09-29T03:02:24.935Z,60,21.1,1.926,49.6,0,59.9,0,0,0,0,0,0,0,0,66
2025-09-29T03:02:25.931Z,60,21.1,1.926,50.4,0,59.9,0,0,0,0,0,0,0,0,66
2025-09-29T03:02:26.937Z,60,21.1,1.926,50.4,0,59.9,0,0,0,0,0,0,0,0,66
2025-09-29T03:02:27.935Z,60,21.1,1.926,49.6,0,59.9,0,0,0,0,0,0,0,0,66
2025-09-29T03:02:28.931Z,60,21.1,1.925,50.4,0,59.9,0,0,0,0,0,0,0,0,66
2025-09-29T03:02:29.938Z,60,21.1,1.926,50.4,0,59.9,0,0,0,0,0,0,0,0,66
2025-09-29T03:02:30.936Z,60,21.1,1.926,49.6,0,59.9,0,0,0,0,0,0,0,0,66
2025-09-29T03:02:31.936Z,60,21.1,1.926,50.4,0,59.9,0,0,0,0,0,0,0,0,66
2025-09-29T03:02:32.941Z,60,21.1,1.926,49.6,0,59.9,0,0,0,0,0,0,0,0,66
2025-09-29T03:02:33.942Z,60,21.1,1.926,50.4,0,59.9,0,0,0,0,0,0,0,0,66
2025-09-29T03:02:34.944Z,60,21.1,1.926,50.4,0,59.9,0,0,0,0,0,0,0,0,66
2025-09-29T03:02:35.942Z,60,21.1,1.926,49.6,0,59.9,0,0,0,0,0,0,0,0,66
2025-09-29T03:02:36.939Z,60,21.1,1.926,50.4,0,59.9,0,0,0,0,0,0,0,0,66
2025-09-29T03:02:37.949Z,59.9,21.1,1.926,49.6,0,59.9,0,0,0,0,0,0,0,0,66
2025-09-29T03:02:38.947Z,59.9,21.1,1.926,49.6,0,59.9,0,0,0,0,0,0,0,0,66
2025-09-29T03:02:39.946Z,59.9,21.1,1.926,50.4,0,59.9,0,0,0,0,0,0,0,0,66
2025-09-29T03:02:40.944Z,59.9,21.1,1.926,49.6,0,59.9,0,0,0,0,0,0,0,0,66
2025-09-29T03:02:41.949Z,59.9,21.1,1.926,49.6,0,59.9,0,0,0,0,0,0,0,0,66
2025-09-29T03:02:42.945Z,59.9,21.1,1.926,50.4,0,59.9,0,0,0,0,0,0,0,0,66
2025-09-29T03:02:43.947Z,59.9,21.1,1.926,49.6,0,59.9,0,0,0,0,0,0,0,0,66
2025-09-29T03:02:44.949Z,59.9,21.1,1.926,49.6,0,59.9,0,0,0,0,0,0,0,0,66
2025-09-29T03:02:45.952Z,59.9,21.1,1.926,50.4,0,59.9,0,0,0,0,0,0,0,0,66
2025-09-29T03:02:46.950Z,59.9,21.1,1.926,49.6,0,59.9,0,0,0,0,0,0,0,0,66
2025-09-29T03:02:47.953Z,59.9,21.1,1.926,49.6,0,59.9,0,0,0,0,0,0,0,0,66
2025-09-29T03:02:48.953Z,59.9,21.1,1.926,50.4,0,59.9,0,0,0,0,0,0,0,0,66
2025-09-29T03:02:49.957Z,59.9,21.1,1.926,49.6,0,59.9,0,0,0,0,0,0,0,0,66
2025-09-29T03:02:50.959Z,59.9,21.1,1.926,50.4,0,59.9,0,0,0,0,0,0,0,0,66
2025-09-29T03:02:51.959Z,59.9,21.1,1.926,50.4,0,59.9,0,0,0,0,0,0,0,0,66
2025-09-29T03:02:52.958Z,59.9,21.1,1.926,49.6,0,59.9,0,0,0,0,0,0,0,0,66
2025-09-29T03:02:53.959Z,59.9,21.1,1.927,50.4,0,59.9,0,0,0,0,0,0,0,0,66
2025-09-29T03:02:54.960Z,59.9,21.1,1.927,49.6,0,59.9,0,0,0,0,0,0,0,0,66
2025-09-29T03:02:55.959Z,59.9,21.1,1.927,50.4,0,59.9,0,0,0,0,0,0,0,0,66
2025-09-29T03:02:56.964Z,59.9,21.1,1.927,50.4,0,59.9,0,0,0,0,0,0,0,0,66
2025-09-29T03:02:57.963Z,59.9,21.1,1.927,49.6,0,59.9,0,0,0,0,0,0,0,0,66
2025-09-29T03:02:58.962Z,59.9,21.1,1.927,50.4,0,59.9,0,0,0,0,0,0,0,0,66
2025-09-29T03:02:59.962Z,59.8,21.1,1.927,49.6,0,59.9,0,0,0,0,0,0,0,0,66
2025-09-29T03:03:00.961Z,59.8,21.1,1.927,49.6,0,59.9,0,0,0,0,0,0,0,0,66
2025-09-29T03:03:01.968Z,59.8,21.1,1.926,50.4,0,59.9,0,0,0,0,0,0,0,0,66
2025-09-29T03:03:02.966Z,59.8,21.1,1.927,49.6,0,59.9,0,0,0,0,0,0,0,0,66
2025-09-29T03:03:03.967Z,59.8,21.1,1.927,49.6,0,59.9,0,0,0,0,0,0,0,0,66
2025-09-29T03:03:04.966Z,59.8,21.1,1.927,50.4,0,59.9,0,0,0,0,0,0,0,0,66
2025-09-29T03:03:05.970Z,59.8,21.1,1.926,49.6,0,59.9,0,0,0,0,0,0,0,0,66
2025-09-29T03:03:06.974Z,59.8,21.1,1.926,49.6,0,59.9,0,0,0,0,0,0,0,0,66
2025-09-29T03:03:07.970Z,59.8,21.1,1.926,50.4,0,59.9,0,0,0,0,0,0,0,0,66
2025-09-29T03:03:08.968Z,59.8,21.1,1.927,50.4,0,59.9,0,0,0,0,0,0,0,0,66
2025-09-29T03:03:09.974Z,59.8,21.1,1.926,49.6,0,59.9,0,0,0,0,0,0,0,0,66
2025-09-29T03:03:10.974Z,59.8,21.1,1.926,50.4,0,59.9,0,0,0,0,0,0,0,0,66
2025-09-29T03:03:11.978Z,59.8,21.1,1.926,50.4,0,59.9,0,0,0,0,0,0,0,0,66
2025-09-29T03:03:12.971Z,59.8,21.1,1.927,49.6,0,59.9,0,0,0,0,0,0,0,0,66
2025-09-29T03:03:13.977Z,59.8,21.1,1.926,50.4,0,59.9,0,0,0,0,0,0,0,0,66
2025-09-29T03:03:14.974Z,59.8,21.1,1.927,49.6,0,59.9,0,0,0,0,0,0,0,0,66
2025-09-29T03:03:15.973Z,59.8,21.1,1.927,49.6,0,59.9,0,0,0,0,0,0,0,0,66
2025-09-29T03:03:16.980Z,59.8,21.1,1.926,50.4,0,59.9,0,0,0,0,0,0,0,0,66
2025-09-29T03:03:17.980Z,59.8,21.1,1.926,49.6,0,59.9,0,0,0,0,0,0,0,0,66
2025-09-29T03:03:18.983Z,59.8,21.1,1.926,50.4,0,59.9,0,0,0,0,0,0,0,0,66
2025-09-29T03:03:19.981Z,59.8,21.1,1.926,50.4,0,59.9,0,0,0,0,0,0,0,0,66
2025-09-29T03:03:20.983Z,59.8,21.1,1.926,49.6,0,59.9,0,0,0,0,0,0,0,0,66
2025-09-29T03:03:21.985Z,59.7,21.1,1.926,50.4,0,59.9,0,0,0,0,0,0,0,0,66
2025-09-29T03:03:22.987Z,59.7,21.1,1.926,49.6,0,59.9,0,0,0,0,0,0,0,0,66
2025-09-29T03:03:23.984Z,59.7,21.1,1.926,50.4,0,59.9,0,0,0,0,0,0,0,0,66
2025-09-29T03:03:24.986Z,59.7,21.1,1.926,49.6,0,59.9,0,0,0,0,0,0,0,0,66
2025-09-29T03:03:25.987Z,59.7,21.1,1.926,49.6,0,59.9,0,0,0,0,0,0,0,0,66
2025-09-29T03:03:26.987Z,59.7,21.1,1.926,50.4,0,59.9,0,0,0,0,0,0,0,0,66
2025-09-29T03:03:27.989Z,59.7,21.1,1.926,49.6,0,59.9,0,0,0,0,0,0,0,0,66
2025-09-29T03:03:28.989Z,59.7,21.1,1.926,49.6,0,59.9,0,0,0,0,0,0,0,0,66
2025-09-29T03:03:29.989Z,59.7,21.1,1.926,50.4,0,59.9,0,0,0,0,0,0,0,0,66
2025-09-29T03:03:30.994Z,59.7,21.1,1.926,49.6,0,59.9,0,0,0,0,0,0,0,0,66
2025-09-29T03:03:31.991Z,59.7,21.1,1.926,50.4,0,59.9,0,0,0,0,0,0,0,0,66
2025-09-29T03:03:32.996Z,59.7,21.1,1.926,50.4,0,59.9,0,0,0,0,0,0,0,0,66
2025-09-29T03:03:33.992Z,59.7,21.1,1.926,49.6,0,59.9,0,0,0,0,0,0,0,0,66
2025-09-29T03:03:34.996Z,59.7,21.1,1.926,50.4,0,59.9,0,0,0,0,0,0,0,0,66
2025-09-29T03:03:35.996Z,59.7,21.1,1.927,49.6,0,59.9,0,0,0,0,0,0,0,0,66
2025-09-29T03:03:36.995Z,59.7,21.1,1.926,50.4,0,59.9,0,0,0,0,0,0,0,0,66
2025-09-29T03:03:38.001Z,59.7,21.1,1.927,49.6,0,59.9,0,0,0,0,0,0,0,0,66
2025-09-29T03:03:38.999Z,59.7,21.1,1.926,49.6,0,59.9,0,0,0,0,0,0,0,0,66
2025-09-29T03:03:40.005Z,59.7,21.1,1.926,50.4,0,59.9,0,0,0,0,0,0,0,0,66
2025-09-29T03:03:41.001Z,59.7,21.1,1.926,50.4,0,59.9,0,0,0,0,0,0,0,0,66
2025-09-29T03:03:42.003Z,59.7,21.1,1.926,49.6,0,59.9,0,0,0,0,0,0,0,0,66
2025-09-29T03:03:43.001Z,59.7,21.1,1.927,50.4,0,59.9,0,0,0,0,0,0,0,0,66
2025-09-29T03:03:44.012Z,59.7,21.1,1.928,49.6,0,59.9,0,0,0,0,0,0,0,0,66
2025-09-29T03:03:45.005Z,59.7,21.1,1.927,50.4,0,59.9,0,0,0,0,0,0,0,0,66
2025-09-29T03:03:46.012Z,59.7,21.1,1.928,49.6,0,59.9,0,0,0,0,0,0,0,0,66
2025-09-29T03:03:47.007Z,59.6,21.1,1.927,50.4,0,59.9,0,0,0,0,0,0,0,0,66
2025-09-29T03:03:48.004Z,59.6,21.1,1.927,49.6,0,59.9,0,0,0,0,0,0,0,0,66
2025-09-29T03:03:49.010Z,59.6,21.1,1.927,50.4,0,59.9,0,0,0,0,0,0,0,0,66
2025-09-29T03:03:50.007Z,59.6,21.1,1.927,49.6,0,59.9,0,0,0,0,0,0,0,0,66
2025-09-29T03:03:51.011Z,59.6,21.1,1.927,49.6,0,59.9,0,0,0,0,0,0,0,0,66
2025-09-29T03:03:52.012Z,59.6,21.1,1.927,50.4,0,59.8,0,0,0,0,0,0,0,0,66
2025-09-29T03:03:53.018Z,59.6,21.1,1.928,49.6,0,59.8,0,0,0,0,0,0,0,0,66
2025-09-29T03:03:54.015Z,59.6,21.1,1.927,49.6,0,59.9,0,0,0,0,0,0,0,0,66
2025-09-29T03:03:55.013Z,59.6,21.1,1.927,50.4,0,59.8,0,0,0,0,0,0,0,0,66
2025-09-29T03:03:56.013Z,59.6,21.1,1.927,49.6,0,59.9,0,0,0,0,0,0,0,0,66
2025-09-29T03:03:57.017Z,59.6,21.1,1.927,49.6,0,59.9,0,0,0,0,0,0,0,0,66
2025-09-29T03:03:58.019Z,59.6,21.1,1.927,50.4,0,59.8,0,0,0,0,0,0,0,0,66
2025-09-29T03:03:59.016Z,59.6,21.1,1.927,50.4,0,59.8,0,0,0,0,0,0,0,0,66
2025-09-29T03:04:00.016Z,59.6,21.1,1.928,49.6,0,59.8,0,0,0,0,0,0,0,0,66
2025-09-29T03:04:01.019Z,59.6,21.1,1.928,50.4,0,59.9,0,0,0,0,0,0,0,0,66
2025-09-29T03:04:02.021Z,59.6,21.1,1.928,49.6,0,59.9,0,0,0,0,0,0,0,0,66
2025-09-29T03:04:03.020Z,59.6,21.1,1.927,50.4,0,59.9,0,0,0,0,0,0,0,0,66
2025-09-29T03:04:04.025Z,59.6,21.1,1.928,49.6,0,59.9,0,0,0,0,0,0,0,0,66
2025-09-29T03:04:05.023Z,59.6,21.1,1.928,50.4,0,59.9,0,0,0,0,0,0,0,0,66
2025-09-29T03:04:06.026Z,59.6,21.1,1.929,49.6,0,59.8,0,0,0,0,0,0,0,0,66
2025-09-29T03:04:07.024Z,59.6,21.1,1.929,50.4,0,59.9,0,0,0,0,0,0,0,0,66
2025-09-29T03:04:08.026Z,59.6,21.1,1.929,49.6,0,59.9,0,0,0,0,0,0,0,0,66
2025-09-29T03:04:09.028Z,59.6,21.1,1.928,49.6,0,59.9,0,0,0,0,0,0,0,0,66
2025-09-29T03:04:10.029Z,59.5,21.1,1.929,50.4,0,59.9,0,0,0,0,0,0,0,0,66
2025-09-29T03:04:11.036Z,59.5,21.1,1.929,50.4,0,59.9,0,0,0,0,0,0,0,0,66
2025-09-29T03:04:12.035Z,59.5,21.1,1.929,49.6,0,59.9,0,0,0,0,0,0,0,0,66
2025-09-29T03:04:13.028Z,59.5,21.1,1.928,49.6,0,59.9,0,0,0,0,0,0,0,0,66
2025-09-29T03:04:14.035Z,59.5,21.1,1.929,49.6,0,59.9,0,0,0,0,0,0,0,0,66
2025-09-29T03:04:15.037Z,59.5,21.1,1.929,50.4,0,59.9,0,0,0,0,0,0,0,0,66
2025-09-29T03:04:16.036Z,59.5,21.1,1.929,50.4,0,59.9,0,0,0,0,0,0,0,0,66
2025-09-29T03:04:17.032Z,59.5,21.1,1.928,49.6,0,59.9,0,0,0,0,0,0,0,0,66
2025-09-29T03:04:18.038Z,59.5,21.1,1.929,50.4,0,59.9,0,0,0,0,0,0,0,0,66
2025-09-29T03:04:19.038Z,59.5,21.1,1.929,49.6,0,59.9,0,0,0,0,0,0,0,0,66
2025-09-29T03:04:20.037Z,59.5,21.1,1.929,49.6,0,59.9,0,0,0,0,0,0,0,0,66
2025-09-29T03:04:21.043Z,59.5,21.1,1.929,50.4,0,59.9,0,0,0,0,0,0,0,0,66
2025-09-29T03:04:22.041Z,59.5,21.1,1.929,50.4,0,59.9,0,0,0,0,0,0,0,0,66
2025-09-29T03:04:23.043Z,59.5,21.1,1.929,49.6,0,59.9,0,0,0,0,0,0,0,0,66
2025-09-29T03:04:24.045Z,59.5,21.1,1.929,49.6,0,59.9,0,0,0,0,0,0,0,0,66
2025-09-29T03:04:25.043Z,59.5,21.1,1.929,49.6,0,59.9,0,0,0,0,0,0,0,0,66
2025-09-29T03:04:26.048Z,59.5,21.1,1.929,50.4,0,59.9,0,0,0,0,0,0,0,0,66
2025-09-29T03:04:27.045Z,59.5,21.1,1.929,50.4,0,59.9,0,0,0,0,0,0,0,0,66
2025-09-29T03:04:28.046Z,59.5,21.1,1.929,49.6,0,59.9,0,0,0,0,0,0,0,0,66
2025-09-29T03:04:29.048Z,59.5,21.1,1.929,50.4,0,59.9,0,0,0,0,0,0,0,0,66
2025-09-29T03:04:30.047Z,59.5,21.1,1.929,49.6,0,59.9,0,0,0,0,0,0,0,0,66
2025-09-29T03:04:31.049Z,59.5,21.1,1.929,49.6,0,59.9,0,0,0,0,0,0,0,0,66
2025-09-29T03:04:32.047Z,59.5,21.1,1.929,50.4,0,59.9,0,0,0,0,0,0,0,0,66
2025-09-29T03:04:33.048Z,59.5,21.1,1.929,49.6,0,59.9,0,0,0,0,0,0,0,0,66
2025-09-29T03:04:34.047Z,59.5,21.1,1.929,49.6,0,59.9,0,0,0,0,0,0,0,0,66
2025-09-29T03:04:35.051Z,59.5,21.1,1.929,50.4,0,59.9,0,0,0,0,0,0,0,0,66
2025-09-29T03:04:36.052Z,59.5,21.1,1.929,49.6,0,59.9,0,0,0,0,0,0,0,0,66
2025-09-29T03:04:37.052Z,59.5,21.1,1.929,49.6,0,59.9,0,0,0,0,0,0,0,0,66
2025-09-29T03:04:38.056Z,59.5,21.1,1.929,50.4,0,59.9,0,0,0,0,0,0,0,0,66
2025-09-29T03:04:39.054Z,59.4,21.1,1.929,49.6,0,59.9,0,0,0,0,0,0,0,0,66
2025-09-29T03:04:40.054Z,59.4,21.1,1.929,49.6,0,59.9,0,0,0,0,0,0,0,0,66
2025-09-29T03:04:41.059Z,59.4,21.1,1.929,50.4,0,59.9,0,0,0,0,0,0,0,0,66
2025-09-29T03:04:42.057Z,59.4,21.1,1.929,50.4,0,59.9,0,0,0,0,0,0,0,0,66
2025-09-29T03:04:43.058Z,59.4,21.1,1.929,49.6,0,59.9,0,0,0,0,0,0,0,0,66
2025-09-29T03:04:44.059Z,59.4,21.1,1.929,50.4,0,59.9,0,0,0,0,0,0,0,0,66
2025-09-29T03:04:45.060Z,59.4,21.1,1.929,50.4,0,59.9,0,0,0,0,0,0,0,0,66
2025-09-29T03:04:46.063Z,59.4,21.1,1.929,49.6,0,59.9,0,0,0,0,0,0,0,0,66
2025-09-29T03:04:47.061Z,59.4,21.1,1.929,50.4,0,59.9,0,0,0,0,0,0,0,0,66
2025-09-29T03:04:48.066Z,59.4,21.1,1.929,49.6,0,59.9,0,0,0,0,0,0,0,0,66
2025-09-29T03:04:49.067Z,59.4,21.1,1.928,50.4,0,59.9,0,0,0,0,0,0,0,0,66
2025-09-29T03:04:50.067Z,59.4,21.1,1.929,50.4,0,59.9,0,0,0,0,0,0,0,0,66
2025-09-29T03:04:51.065Z,59.4,21.1,1.929,49.6,0,59.9,0,0,0,0,0,0,0,0,66
2025-09-29T03:04:52.065Z,59.4,21.1,1.929,50.4,0,59.9,0,0,0,0,0,0,0,0,66
2025-09-29T03:04:53.070Z,59.4,21.1,1.929,49.6,0,59.9,0,0,0,0,0,0,0,0,66
2025-09-29T03:04:54.070Z,59.4,21.1,1.929,50.4,0,59.9,0,0,0,0,0,0,0,0,66
2025-09-29T03:04:55.074Z,59.4,21.1,1.928,49.6,0,59.9,0,0,0,0,0,0,0,0,66
2025-09-29T03:04:56.071Z,59.4,21.1,1.929,50.4,0,59.9,0,0,0,0,0,0,0,0,66
2025-09-29T03:04:57.078Z,59.4,21.1,1.928,49.6,0,59.9,0,0,0,0,0,0,0,0,66
2025-09-29T03:04:58.074Z,59.4,21.1,1.929,50.4,0,59.9,0,0,0,0,0,0,0,0,66
2025-09-29T03:04:59.072Z,59.4,21.1,1.928,49.6,0,59.9,0,0,0,0,0,0,0,0,66
2025-09-29T03:04:59.072Z,59.4,21.1,1.928,49.6,0,59.9,0,0,0,0,0,0,0,0,66
2025-09-29T03:05:01.073Z,59.4,21.1,1.928,49.6,0,59.9,0,0,0,0,0,0,0,0,66
2025-09-29T03:05:02.074Z,59.4,21.1,1.928,49.6,0,59.9,0,0,0,0,0,0,0,0,66
2025-09-29T03:05:03.075Z,59.4,21.1,1.928,50.4,0,59.9,0,0,0,0,0,0,0,0,66
2025-09-29T03:05:04.076Z,59.4,21.1,1.928,49.6,0,59.9,0,0,0,0,0,0,0,0,66
2025-09-29T03:05:05.077Z,59.4,21.1,1.928,50.4,0,59.9,0,0,0,0,0,0,0,0,66
2025-09-29T03:05:06.080Z,59.4,21.1,1.928,49.6,0,59.9,0,0,0,0,0,0,0,0,66
2025-09-29T03:05:07.081Z,59.4,21.1,1.928,49.6,0,59.9,0,0,0,0,0,0,0,0,66
2025-09-29T03:05:08.078Z,59.4,21.1,1.928,50.4,0,59.8,0,0,0,0,0,0,0,0,66
2025-09-29T03:05:09.085Z,59.4,21.1,1.928,49.6,0,59.8,0,0,0,0,0,0,0,0,66
2025-09-29T03:05:10.083Z,59.4,21.1,1.929,49.6,0,59.8,0,0,0,0,0,0,0,0,66
2025-09-29T03:05:11.082Z,59.4,21.1,1.928,50.4,0,59.8,0,0,0,0,0,0,0,0,66
2025-09-29T03:05:12.084Z,59.4,21.1,1.928,49.6,0,59.9,0,0,0,0,0,0,0,0,66
2025-09-29T03:05:13.084Z,59.4,21.1,1.928,49.6,0,59.8,0,0,0,0,0,0,0,0,66
2025-09-29T03:05:14.086Z,59.4,21.1,1.928,50.4,0,59.8,0,0,0,0,0,0,0,0,66
2025-09-29T03:05:15.084Z,59.4,21.1,1.93,49.6,0,59.8,0,0,0,0,0,0,0,0,66
2025-09-29T03:05:16.088Z,59.4,21.1,1.928,50.4,0,59.8,0,0,0,0,0,0,0,0,66
2025-09-29T03:05:17.090Z,59.4,21.1,1.928,49.6,0,59.8,0,0,0,0,0,0,0,0,66
2025-09-29T03:05:18.092Z,59.4,21.1,1.928,49.6,0,59.9,0,0,0,0,0,0,0,0,66
2025-09-29T03:05:19.095Z,59.4,21.1,1.928,50.4,0,59.9,0,0,0,0,0,0,0,0,66
2025-09-29T03:05:20.095Z,59.4,21.1,1.928,50.4,0,59.8,0,0,0,0,0,0,0,0,66
2025-09-29T03:05:21.095Z,59.4,21.1,1.928,49.6,0,59.8,0,0,0,0,0,0,0,0,66
2025-09-29T03:05:22.100Z,59.4,21.1,1.928,50.4,0,59.8,0,0,0,0,0,0,0,0,66
2025-09-29T03:05:23.107Z,59.4,21.1,1.929,49.6,0,59.8,0,0,0,0,0,0,0,0,66
2025-09-29T03:05:24.098Z,59.4,21.1,1.929,49.6,0,59.8,0,0,0,0,0,0,0,0,66
2025-09-29T03:05:25.099Z,59.4,21.1,1.929,50.4,0,59.8,0,0,0,0,0,0,0,0,66
2025-09-29T03:05:26.098Z,59.4,21.1,1.929,49.6,0,59.8,0,0,0,0,0,0,0,0,66
2025-09-29T03:05:27.103Z,59.4,21.1,1.928,49.6,0,59.9,0,0,0,0,0,0,0,0,66
2025-09-29T03:05:28.104Z,59.4,21.1,1.929,50.4,0,59.9,0,0,0,0,0,0,0,0,66
2025-09-29T03:05:29.105Z,59.4,21.1,1.929,49.6,0,59.8,0,0,0,0,0,0,0,0,66
2025-09-29T03:05:30.103Z,59.4,21.1,1.929,49.6,0,59.8,0,0,0,0,0,0,0,0,66
2025-09-29T03:05:31.104Z,59.4,21.1,1.929,50.4,0,59.8,0,0,0,0,0,0,0,0,66
2025-09-29T03:05:32.102Z,59.4,21.1,1.928,50.4,0,59.8,0,0,0,0,0,0,0,0,66
2025-09-29T03:05:33.106Z,59.4,21.1,1.93,49.6,0,59.8,0,0,0,0,0,0,0,0,66
2025-09-29T03:05:34.103Z,59.4,21.1,1.928,50.4,0,59.8,0,0,0,0,0,0,0,0,66
2025-09-29T03:05:35.107Z,59.4,21.1,1.929,50.4,0,59.8,0,0,0,0,0,0,0,0,66
2025-09-29T03:05:36.105Z,59.4,21.1,1.928,49.6,0,59.8,0,0,0,0,0,0,0,0,66
2025-09-29T03:05:37.113Z,59.4,21.1,1.929,50.4,0,59.8,0,0,0,0,0,0,0,0,66
2025-09-29T03:05:38.111Z,59.4,21.1,1.93,49.6,0,59.8,0,0,0,0,0,0,0,0,66
2025-09-29T03:05:39.106Z,59.4,21.1,1.928,50.4,0,59.8,0,0,0,0,0,0,0,0,66
2025-09-29T03:05:40.111Z,59.4,21.1,1.929,50.4,0,59.8,0,0,0,0,0,0,0,0,66
2025-09-29T03:05:41.109Z,59.4,21.1,1.928,49.6,0,59.8,0,0,0,0,0,0,0,0,66
2025-09-29T03:05:42.115Z,59.4,21.1,1.93,50.4,0,59.8,0,0,0,0,0,0,0,0,66
2025-09-29T03:05:43.117Z,59.4,21.1,1.93,49.6,0,59.8,0,0,0,0,0,0,0,0,66
2025-09-29T03:05:44.113Z,59.4,21.1,1.928,50.4,0,59.8,0,0,0,0,0,0,0,0,66
2025-09-29T03:05:45.114Z,59.4,21.1,1.928,49.6,0,59.8,0,0,0,0,0,0,0,0,66
2025-09-29T03:05:46.112Z,59.4,21.1,1.929,50.4,0,59.8,0,0,0,0,0,0,0,0,66
2025-09-29T03:05:47.116Z,59.4,21.1,1.929,49.6,0,59.8,0,0,0,0,0,0,0,0,66
2025-09-29T03:05:48.122Z,59.4,21.1,1.93,50.4,0,59.8,0,0,0,0,0,0,0,0,66
2025-09-29T03:05:49.122Z,59.4,21.1,1.929,49.6,0,59.8,0,0,0,0,0,0,0,0,66
2025-09-29T03:05:50.120Z,59.4,21.1,1.929,49.6,0,59.8,0,0,0,0,0,0,0,0,66
2025-09-29T03:05:51.120Z,59.4,21.1,1.93,50.4,0,59.8,0,0,0,0,0,0,0,0,66
2025-09-29T03:05:52.123Z,59.4,21.1,1.93,49.6,0,59.8,0,0,0,0,0,0,0,0,66
2025-09-29T03:05:53.124Z,59.4,21.1,1.929,50.4,0,59.8,0,0,0,0,0,0,0,0,66
2025-09-29T03:05:54.125Z,59.4,21.1,1.929,49.6,0,59.8,0,0,0,0,0,0,0,0,66
2025-09-29T03:05:55.126Z,59.4,21.1,1.929,50.4,0,59.8,0,0,0,0,0,0,0,0,66
2025-09-29T03:05:56.123Z,59.4,21.1,1.929,50.4,0,59.8,0,0,0,0,0,0,0,0,66
2025-09-29T03:05:57.131Z,59.4,21.1,1.929,49.6,0,59.8,0,0,0,0,0,0,0,0,66
2025-09-29T03:05:58.128Z,59.4,21.1,1.929,49.6,0,59.8,0,0,0,0,0,0,0,0,66
2025-09-29T03:05:59.124Z,59.4,21.1,1.929,50.4,0,59.8,0,0,0,0,0,0,0,0,66
2025-09-29T03:06:00.129Z,59.4,21.1,1.93,50.4,0,59.8,0,0,0,0,0,0,0,0,66
2025-09-29T03:06:01.130Z,59.4,21.1,1.929,49.6,0,59.8,0,0,0,0,0,0,0,0,66
2025-09-29T03:06:02.127Z,59.4,21.1,1.93,50.4,0,59.8,0,0,0,0,0,0,0,0,66
2025-09-29T03:06:03.130Z,59.4,21.1,1.929,49.6,0,59.8,0,0,0,0,0,0,0,0,66
2025-09-29T03:06:04.132Z,59.4,21.1,1.929,50.4,0,59.8,0,0,0,0,0,0,0,0,66
2025-09-29T03:06:05.136Z,59.4,21.1,1.929,49.6,0,59.8,0,0,0,0,0,0,0,0,66
2025-09-29T03:06:06.137Z,59.4,21.1,1.929,50.4,0,59.8,0,0,0,0,0,0,0,0,66
2025-09-29T03:06:07.134Z,59.4,21.1,1.929,49.6,0,59.8,0,0,0,0,0,0,0,0,66
2025-09-29T03:06:08.136Z,59.4,21.1,1.93,50.4,0,59.8,0,0,0,0,0,0,0,0,66
2025-09-29T03:06:09.138Z,59.4,21.1,1.929,49.6,0,59.8,0,0,0,0,0,0,0,0,66
2025-09-29T03:06:10.138Z,59.4,21.1,1.929,50.4,0,59.8,0,0,0,0,0,0,0,0,66
2025-09-29T03:06:11.143Z,59.4,21.1,1.929,49.6,0,59.8,0,0,0,0,0,0,0,0,66
2025-09-29T03:06:12.139Z,59.4,21.1,1.929,50.4,0,59.8,0,0,0,0,0,0,0,0,66
2025-09-29T03:06:13.142Z,59.4,21.1,1.929,49.6,0,59.8,0,0,0,0,0,0,0,0,66
2025-09-29T03:06:14.142Z,59.4,21.1,1.929,50.4,0,59.8,0,0,0,0,0,0,0,0,66
2025-09-29T03:06:15.146Z,59.4,21.1,1.929,49.6,0,59.8,0,0,0,0,0,0,0,0,66
2025-09-29T03:06:16.142Z,59.4,21.1,1.929,50.4,0,59.8,0,0,0,0,0,0,0,0,66
2025-09-29T03:06:17.148Z,59.4,21.1,1.929,49.6,0,59.8,0,0,0,0,0,0,0,0,66
2025-09-29T03:06:18.145Z,59.4,21.1,1.929,49.6,0,59.8,0,0,0,0,0,0,0,0,66
2025-09-29T03:06:19.149Z,59.4,21.1,1.929,49.6,0,59.8,0,0,0,0,0,0,0,0,66
2025-09-29T03:06:20.151Z,59.4,21.1,1.929,50.4,0,59.8,0,0,0,0,0,0,0,0,66
2025-09-29T03:06:21.149Z,59.4,21.1,1.93,49.6,0,59.8,0,0,0,0,0,0,0,0,66
2025-09-29T03:06:22.152Z,59.4,21.1,1.929,50.4,0,59.8,0,0,0,0,0,0,0,0,66
2025-09-29T03:06:23.151Z,59.4,21.1,1.929,49.6,0,59.8,0,0,0,0,0,0,0,0,66
2025-09-29T03:06:24.152Z,59.4,21.1,1.929,49.6,0,59.8,0,0,0,0,0,0,0,0,66
2025-09-29T03:06:25.158Z,59.4,21.1,1.928,50.4,0,59.8,0,0,0,0,0,0,0,0,66
2025-09-29T03:06:26.153Z,59.4,21.1,1.929,49.6,0,59.8,0,0,0,0,0,0,0,0,66
2025-09-29T03:06:27.153Z,59.4,21.1,1.929,50.4,0,59.8,0,0,0,0,0,0,0,0,66
2025-09-29T03:06:28.160Z,59.4,21.1,1.928,49.6,0,59.8,0,0,0,0,0,0,0,0,66
2025-09-29T03:06:29.153Z,59.4,21.1,1.929,50.4,0,59.8,0,0,0,0,0,0,0,0,66
2025-09-29T03:06:30.155Z,59.4,21.1,1.929,49.6,0,59.8,0,0,0,0,0,0,0,0,66
2025-09-29T03:06:31.157Z,59.4,21.1,1.929,49.6,0,59.8,0,0,0,0,0,0,0,0,66
2025-09-29T03:06:32.155Z,59.4,21.1,1.929,50.4,0,59.8,0,0,0,0,0,0,0,0,66
2025-09-29T03:06:33.159Z,59.4,21.1,1.929,49.6,0,59.8,0,0,0,0,0,0,0,0,66
2025-09-29T03:06:34.162Z,59.4,21.1,1.928,49.6,0,59.8,0,0,0,0,0,0,0,0,66
2025-09-29T03:06:35.163Z,59.4,21.1,1.928,50.4,0,59.8,0,0,0,0,0,0,0,0,66
2025-09-29T03:06:36.159Z,59.4,21.1,1.929,49.6,0,59.8,0,0,0,0,0,0,0,0,66
2025-09-29T03:06:37.164Z,59.4,21.1,1.928,50.4,0,59.8,0,0,0,0,0,0,0,0,66
2025-09-29T03:06:38.164Z,59.5,21.1,1.928,49.6,0,59.8,0,0,0,0,0,0,0,0,66
2025-09-29T03:06:39.168Z,59.5,21.1,1.928,49.6,0,59.8,0,0,0,0,0,0,0,0,66
2025-09-29T03:06:40.163Z,59.5,21.1,1.929,50.4,0,59.8,0,0,0,0,0,0,0,0,66
2025-09-29T03:06:41.166Z,59.5,21.1,1.928,50.4,0,59.8,0,0,0,0,0,0,0,0,66
2025-09-29T03:06:42.167Z,59.5,21.1,1.928,49.6,0,59.8,0,0,0,0,0,0,0,0,66
2025-09-29T03:06:43.167Z,59.5,21.1,1.928,50.4,0,59.8,0,0,0,0,0,0,0,0,66
2025-09-29T03:06:44.171Z,59.5,21.1,1.928,49.6,0,59.8,0,0,0,0,0,0,0,0,66
2025-09-29T03:06:45.174Z,59.5,21.1,1.928,50.4,0,59.8,0,0,0,0,0,0,0,0,66
2025-09-29T03:06:46.175Z,59.5,21.1,1.928,49.6,0,59.8,0,0,0,0,0,0,0,0,66
2025-09-29T03:06:47.176Z,59.5,21.1,1.928,50.4,0,59.8,0,0,0,0,0,0,0,0,66
2025-09-29T03:06:48.175Z,59.5,21.1,1.928,49.6,0,59.8,0,0,0,0,0,0,0,0,66
2025-09-29T03:06:49.179Z,59.5,21.1,1.928,50.4,0,59.8,0,0,0,0,0,0,0,0,66
2025-09-29T03:06:50.182Z,59.5,21.1,1.928,49.6,0,59.8,0,0,0,0,0,0,0,0,66
2025-09-29T03:06:51.184Z,59.5,21.1,1.928,49.6,0,59.8,0,0,0,0,0,0,0,0,66
2025-09-29T03:06:52.177Z,59.5,21.1,1.928,50.4,0,59.8,0,0,0,0,0,0,0,0,66
2025-09-29T03:06:53.183Z,59.5,21.1,1.928,49.6,0,59.8,0,0,0,0,0,0,0,0,66
2025-09-29T03:06:54.182Z,59.5,21.1,1.928,50.4,0,59.8,0,0,0,0,0,0,0,0,66
2025-09-29T03:06:55.181Z,59.5,21.1,1.928,49.6,0,59.8,0,0,0,0,0,0,0,0,66
2025-09-29T03:06:56.181Z,59.5,21.1,1.928,49.6,0,59.8,0,0,0,0,0,0,0,0,66
2025-09-29T03:06:57.182Z,59.5,21.1,1.928,50.4,0,59.8,0,0,0,0,0,0,0,0,66
2025-09-29T03:06:58.183Z,59.5,21.1,1.928,49.6,0,59.8,0,0,0,0,0,0,0,0,66
2025-09-29T03:06:59.184Z,59.5,21.1,1.928,49.6,0,59.8,0,0,0,0,0,0,0,0,66
2025-09-29T03:07:00.185Z,59.5,21.1,1.928,50.4,0,59.8,0,0,0,0,0,0,0,0,66
2025-09-29T03:07:01.184Z,59.5,21.1,1.928,49.6,0,59.8,0,0,0,0,0,0,0,0,66
2025-09-29T03:07:02.185Z,59.5,21.1,1.928,49.6,0,59.8,0,0,0,0,0,0,0,0,66
2025-09-29T03:07:03.186Z,59.5,21.1,1.927,50.4,0,59.8,0,0,0,0,0,0,0,0,66
2025-09-29T03:07:04.187Z,59.5,21.1,1.927,50.4,0,59.8,0,0,0,0,0,0,0,0,66
2025-09-29T03:07:05.187Z,59.5,21.1,1.927,49.6,0,59.8,0,0,0,0,0,0,0,0,66
2025-09-29T03:07:06.195Z,59.6,21.1,1.928,50.4,0,59.8,0,0,0,0,0,0,0,0,66
2025-09-29T03:07:07.189Z,59.6,21.1,1.927,49.6,0,59.8,0,0,0,0,0,0,0,0,66
2025-09-29T03:07:08.193Z,59.6,21.1,1.927,49.6,0,59.8,0,0,0,0,0,0,0,0,66
2025-09-29T03:07:09.193Z,59.6,21.1,1.927,50.4,0,59.8,0,0,0,0,0,0,0,0,66
2025-09-29T03:07:10.192Z,59.6,21.1,1.927,49.6,0,59.8,0,0,0,0,0,0,0,0,66
2025-09-29T03:07:11.194Z,59.6,21.1,1.927,50.4,0,59.8,0,0,0,0,0,0,0,0,66
2025-09-29T03:07:12.199Z,59.6,21.1,1.927,50.4,0,59.8,0,0,0,0,0,0,0,0,66
2025-09-29T03:07:13.195Z,59.6,21.1,1.927,49.6,0,59.8,0,0,0,0,0,0,0,0,66
2025-09-29T03:07:14.197Z,59.6,21.1,1.927,50.4,0,59.8,0,0,0,0,0,0,0,0,66
2025-09-29T03:07:15.204Z,59.6,21.1,1.928,49.6,0,59.8,0,0,0,0,0,0,0,0,66
2025-09-29T03:07:16.199Z,59.6,21.1,1.927,50.4,0,59.8,0,0,0,0,0,0,0,0,66
2025-09-29T03:07:17.201Z,59.6,21.1,1.927,49.6,0,59.8,0,0,0,0,0,0,0,0,66
2025-09-29T03:07:18.202Z,59.6,21.1,1.927,49.6,0,59.8,0,0,0,0,0,0,0,0,66
2025-09-29T03:07:19.204Z,59.6,21.1,1.926,50.4,0,59.8,0,0,0,0,0,0,0,0,66
2025-09-29T03:07:20.203Z,59.6,21.1,1.926,49.6,0,59.8,0,0,0,0,0,0,0,0,66
2025-09-29T03:07:21.204Z,59.6,21.1,1.927,49.6,0,59.8,0,0,0,0,0,0,0,0,66
2025-09-29T03:07:22.206Z,59.6,21.1,1.928,50.4,0,59.8,0,0,0,0,0,0,0,0,66
2025-09-29T03:07:23.208Z,59.6,21.1,1.927,49.6,0,59.8,0,0,0,0,0,0,0,0,66
2025-09-29T03:07:24.205Z,59.6,21.1,1.926,50.4,0,59.8,0,0,0,0,0,0,0,0,66
2025-09-29T03:07:25.212Z,59.6,21.1,1.927,50.4,0,59.8,0,0,0,0,0,0,0,0,66
2025-09-29T03:07:26.214Z,59.6,21.1,1.927,49.6,0,59.8,0,0,0,0,0,0,0,0,66
2025-09-29T03:07:27.207Z,59.6,21.1,1.926,50.4,0,59.8,0,0,0,0,0,0,0,0,66
2025-09-29T03:07:28.212Z,59.6,21.1,1.928,49.6,0,59.8,0,0,0,0,0,0,0,0,66
2025-09-29T03:07:29.213Z,59.7,21.1,1.927,50.4,0,59.8,0,0,0,0,0,0,0,0,66
2025-09-29T03:07:30.214Z,59.7,21.1,1.927,49.6,0,59.8,0,0,0,0,0,0,0,0,66
2025-09-29T03:07:31.213Z,59.7,21.1,1.927,50.4,0,59.8,0,0,0,0,0,0,0,0,66
2025-09-29T03:07:32.211Z,59.7,21.1,1.927,49.6,0,59.8,0,0,0,0,0,0,0,0,66
2025-09-29T03:07:33.217Z,59.7,21.1,1.927,50.4,0,59.8,0,0,0,0,0,0,0,0,66
2025-09-29T03:07:34.217Z,59.7,21.1,1.927,49.6,0,59.8,0,0,0,0,0,0,0,0,66
2025-09-29T03:07:35.219Z,59.7,21.1,1.927,50.4,0,59.8,0,0,0,0,0,0,0,0,66
2025-09-29T03:07:36.220Z,59.7,21.1,1.927,50.4,0,59.8,0,0,0,0,0,0,0,0,66
2025-09-29T03:07:37.218Z,59.7,21.1,1.927,49.6,0,59.8,0,0,0,0,0,0,0,0,66
2025-09-29T03:07:38.218Z,59.7,21.1,1.927,49.6,0,59.8,0,0,0,0,0,0,0,0,66
2025-09-29T03:07:39.215Z,59.7,21.1,1.926,49.6,0,59.8,0,0,0,0,0,0,0,0,66
2025-09-29T03:07:40.224Z,59.7,21.1,1.927,49.6,0,59.8,0,0,0,0,0,0,0,0,66
2025-09-29T03:07:41.222Z,59.7,21.1,1.927,50.4,0,59.8,0,0,0,0,0,0,0,0,66
2025-09-29T03:07:42.220Z,59.7,21.1,1.927,49.6,0,59.8,0,0,0,0,0,0,0,0,66
2025-09-29T03:07:43.221Z,59.7,21.1,1.927,50.4,0,59.8,0,0,0,0,0,0,0,0,66
2025-09-29T03:07:44.224Z,59.7,21.1,1.927,50.4,0,59.8,0,0,0,0,0,0,0,0,66
2025-09-29T03:07:45.227Z,59.7,21.1,1.927,49.6,0,59.8,0,0,0,0,0,0,0,0,66
2025-09-29T03:07:46.231Z,59.7,21.1,1.927,50.4,0,59.8,0,0,0,0,0,0,0,0,66
2025-09-29T03:07:47.230Z,59.8,21.1,1.927,49.6,0,59.8,0,0,0,0,0,0,0,0,66
2025-09-29T03:07:48.228Z,59.8,21.1,1.927,50.4,0,59.8,0,0,0,0,0,0,0,0,66
2025-09-29T03:07:49.228Z,59.8,21.1,1.927,49.6,0,59.8,0,0,0,0,0,0,0,0,66
2025-09-29T03:07:50.232Z,59.8,21.1,1.927,50.4,0,59.8,0,0,0,0,0,0,0,0,66
2025-09-29T03:07:51.236Z,59.8,21.1,1.926,49.6,0,59.8,0,0,0,0,0,0,0,0,66
2025-09-29T03:07:52.233Z,59.8,21.1,1.927,49.6,0,59.8,0,0,0,0,0,0,0,0,66
2025-09-29T03:07:53.237Z,59.8,21.1,1.927,50.4,0,59.8,0,0,0,0,0,0,0,0,66
2025-09-29T03:07:54.238Z,59.8,21.1,1.926,49.6,0,59.8,0,0,0,0,0,0,0,0,66
2025-09-29T03:07:55.240Z,59.8,21.1,1.927,50.4,0,59.8,0,0,0,0,0,0,0,0,66
2025-09-29T03:07:56.236Z,59.8,21.1,1.927,49.6,0,59.8,0,0,0,0,0,0,0,0,66
2025-09-29T03:07:57.238Z,59.8,21.1,1.927,49.6,0,59.8,0,0,0,0,0,0,0,0,66
2025-09-29T03:07:58.241Z,59.8,21.1,1.927,50.4,0,59.8,0,0,0,0,0,0,0,0,66
2025-09-29T03:07:59.239Z,59.8,21.1,1.927,49.6,0,59.8,0,0,0,0,0,0,0,0,66
2025-09-29T03:08:00.238Z,59.8,21.1,1.926,49.6,0,59.8,0,0,0,0,0,0,0,0,66
2025-09-29T03:08:01.240Z,59.8,21.1,1.926,50.4,0,59.8,0,0,0,0,0,0,0,0,66
2025-09-29T03:08:02.241Z,59.9,21.1,1.926,49.6,0,59.8,0,0,0,0,0,0,0,0,66
2025-09-29T03:08:03.246Z,59.9,21.1,1.926,49.6,0,59.8,0,0,0,0,0,0,0,0,66
2025-09-29T03:08:04.248Z,59.9,21.1,1.926,50.4,0,59.8,0,0,0,0,0,0,0,0,66
2025-09-29T03:08:05.245Z,59.9,21.1,1.926,50.4,0,59.8,0,0,0,0,0,0,0,0,66
2025-09-29T03:08:06.250Z,59.9,21.1,1.926,49.6,0,59.8,0,0,0,0,0,0,0,0,66
2025-09-29T03:08:07.254Z,59.9,21.1,1.926,50.4,0,59.8,0,0,0,0,0,0,0,0,66
2025-09-29T03:08:08.246Z,59.9,21.1,1.926,49.6,0,59.8,0,0,0,0,0,0,0,0,66
2025-09-29T03:08:09.252Z,59.9,21.1,1.926,50.4,0,59.8,0,0,0,0,0,0,0,0,66
2025-09-29T03:08:10.249Z,59.9,21.1,1.926,49.6,0,59.8,0,0,0,0,0,0,0,0,66
2025-09-29T03:08:11.250Z,59.9,21.1,1.926,49.6,0,59.8,0,0,0,0,0,0,0,0,66
2025-09-29T03:08:12.249Z,59.9,21.1,1.926,50.4,0,59.8,0,0,0,0,0,0,0,0,66
2025-09-29T03:08:13.255Z,59.9,21.1,1.925,49.6,0,59.8,0,0,0,0,0,0,0,0,66
2025-09-29T03:08:14.258Z,59.9,21.1,1.925,49.6,0,59.8,0,0,0,0,0,0,0,0,66
2025-09-29T03:08:15.255Z,59.9,21.1,1.926,50.4,0,59.8,0,0,0,0,0,0,0,0,66
2025-09-29T03:08:16.256Z,60,21.1,1.925,50.4,0,59.8,0,0,0,0,0,0,0,0,66
2025-09-29T03:08:17.259Z,60,21.1,1.925,49.6,0,59.8,0,0,0,0,0,0,0,0,66
2025-09-29T03:08:18.260Z,60,21.1,1.925,50.4,0,59.8,0,0,0,0,0,0,0,0,66
2025-09-29T03:08:19.259Z,60,21.1,1.925,50.4,0,59.8,0,0,0,0,0,0,0,0,66
2025-09-29T03:08:20.260Z,60,21.1,1.925,49.6,0,59.8,0,0,0,0,0,0,0,0,66
2025-09-29T03:08:21.266Z,60,21.1,1.925,50.4,0,59.8,0,0,0,0,0,0,0,0,66
2025-09-29T03:08:22.266Z,60,21.1,1.925,49.6,0,59.8,0,0,0,0,0,0,0,0,66
2025-09-29T03:08:23.267Z,60,21.1,1.925,50.4,0,59.8,0,0,0,0,0,0,0,0,66
2025-09-29T03:08:24.264Z,60,21.1,1.925,49.6,0,59.8,0,0,0,0,0,0,0,0,66
2025-09-29T03:08:25.271Z,60,21.1,1.925,50.4,0,59.8,0,0,0,0,0,0,0,0,66
2025-09-29T03:08:26.263Z,60,21.1,1.925,49.6,0,59.8,0,0,0,0,0,0,0,0,66
2025-09-29T03:08:27.266Z,60,21.1,1.925,50.4,0,59.8,0,0,0,0,0,0,0,0,66
2025-09-29T03:08:28.266Z,60,21.1,1.925,49.6,0,59.8,0,0,0,0,0,0,0,0,66
2025-09-29T03:08:29.267Z,60.1,21.1,1.925,50.4,0,59.8,0,0,0,0,0,0,0,0,66
2025-09-29T03:08:30.264Z,60.1,21.1,1.925,49.6,0,59.8,0,0,0,0,0,0,0,0,66
2025-09-29T03:08:31.267Z,60.1,21.1,1.925,49.6,0,59.8,0,0,0,0,0,0,0,0,66
2025-09-29T03:08:32.268Z,60.1,21.1,1.925,50.4,0,59.8,0,0,0,0,0,0,0,0,66
2025-09-29T03:08:33.269Z,60.1,21.1,1.925,49.6,0,59.8,0,0,0,0,0,0,0,0,66
2025-09-29T03:08:34.269Z,60.1,21.1,1.925,50.4,0,59.8,0,0,0,0,0,0,0,0,66
2025-09-29T03:08:35.274Z,60.1,21.1,1.925,49.6,0,59.8,0,0,0,0,0,0,0,0,66
2025-09-29T03:08:36.270Z,60.1,21.1,1.925,49.6,0,59.8,0,0,0,0,0,0,0,0,66
2025-09-29T03:08:37.275Z,60.1,21.1,1.925,50.4,0,59.8,0,0,0,0,0,0,0,0,66
2025-09-29T03:08:38.280Z,60.1,21.1,1.926,49.6,0,59.8,0,0,0,0,0,0,0,0,66
2025-09-29T03:08:39.277Z,60.1,21.1,1.926,50.4,0,59.8,0,0,0,0,0,0,0,0,66
2025-09-29T03:08:40.280Z,60.1,21.1,1.926,50.4,0,59.8,0,0,0,0,0,0,0,0,66
2025-09-29T03:08:41.284Z,60.1,21.1,1.926,49.6,0,59.8,0,0,0,0,0,0,0,0,66
2025-09-29T03:08:42.281Z,60.1,21.1,1.926,50.4,0,59.8,0,0,0,0,0,0,0,0,66
2025-09-29T03:08:43.279Z,60.1,21.1,1.925,49.6,0,59.8,0,0,0,0,0,0,0,0,66
2025-09-29T03:08:44.281Z,60.2,21.1,1.924,50.4,0,59.8,0,0,0,0,0,0,0,0,66
2025-09-29T03:08:45.288Z,60.2,21.1,1.925,49.6,0,59.8,0,0,0,0,0,0,0,0,66
2025-09-29T03:08:46.288Z,60.2,21.1,1.925,50.4,0,59.8,0,0,0,0,0,0,0,0,66
2025-09-29T03:08:47.286Z,60.2,21.1,1.925,49.6,0,59.8,0,0,0,0,0,0,0,0,66
2025-09-29T03:08:48.284Z,60.2,21.1,1.925,49.6,0,59.8,0,0,0,0,0,0,0,0,66
2025-09-29T03:08:49.287Z,60.2,21.1,1.925,50.4,0,59.8,0,0,0,0,0,0,0,0,66
2025-09-29T03:08:50.287Z,60.2,21.1,1.925,49.6,0,59.8,0,0,0,0,0,0,0,0,66
2025-09-29T03:08:51.293Z,60.2,21.1,1.925,49.6,0,59.8,0,0,0,0,0,0,0,0,66
2025-09-29T03:08:52.290Z,60.2,21.1,1.925,50.4,0,59.8,0,0,0,0,0,0,0,0,66
2025-09-29T03:08:53.289Z,60.2,21.1,1.925,49.6,0,59.8,0,0,0,0,0,0,0,0,66
2025-09-29T03:08:54.296Z,60.2,21.1,1.924,50.4,0,59.8,0,0,0,0,0,0,0,0,66
2025-09-29T03:08:55.290Z,60.2,21.1,1.925,49.6,0,59.8,0,0,0,0,0,0,0,0,66
2025-09-29T03:08:56.293Z,60.2,21.1,1.924,49.6,0,59.8,0,0,0,0,0,0,0,0,66
2025-09-29T03:08:57.295Z,60.3,21.1,1.924,50.4,0,59.8,0,0,0,0,0,0,0,0,66
2025-09-29T03:08:58.295Z,60.3,21.1,1.924,49.6,0,59.8,0,0,0,0,0,0,0,0,66
2025-09-29T03:08:59.294Z,60.3,21.1,1.925,49.6,0,59.8,0,0,0,0,0,0,0,0,66
2025-09-29T03:09:00.297Z,60.3,21.1,1.924,50.4,0,59.8,0,0,0,0,0,0,0,0,66
2025-09-29T03:09:01.298Z,60.3,21.1,1.925,49.6,0,59.8,0,0,0,0,0,0,0,0,66
2025-09-29T03:09:02.304Z,60.3,21.1,1.924,49.6,0,59.8,0,0,0,0,0,0,0,0,66
2025-09-29T03:09:03.302Z,60.3,21.1,1.924,50.4,0,59.8,0,0,0,0,0,0,0,0,66
2025-09-29T03:09:04.300Z,60.3,21.1,1.924,50.4,0,59.8,0,0,0,0,0,0,0,0,66
2025-09-29T03:09:05.300Z,60.3,21.1,1.924,49.6,0,59.8,0,0,0,0,0,0,0,0,66
2025-09-29T03:09:06.304Z,60.3,21.1,1.924,50.4,0,59.8,0,0,0,0,0,0,0,0,66
2025-09-29T03:09:07.302Z,60.3,21.1,1.924,50.4,0,59.8,0,0,0,0,0,0,0,0,66
2025-09-29T03:09:08.302Z,60.3,21.1,1.924,49.6,0,59.8,0,0,0,0,0,0,0,0,66
2025-09-29T03:09:09.303Z,60.3,21.1,1.924,50.4,0,59.8,0,0,0,0,0,0,0,0,66
2025-09-29T03:09:10.304Z,60.3,21.1,1.924,49.6,0,59.8,0,0,0,0,0,0,0,0,66
2025-09-29T03:09:11.307Z,60.3,21.1,1.924,50.4,0,59.8,0,0,0,0,0,0,0,0,66
2025-09-29T03:09:12.306Z,60.4,21.1,1.924,49.6,0,59.8,0,0,0,0,0,0,0,0,66
2025-09-29T03:09:13.311Z,60.4,21.1,1.924,50.4,0,59.8,0,0,0,0,0,0,0,0,66
2025-09-29T03:09:14.309Z,60.4,21.1,1.924,49.6,0,59.8,0,0,0,0,0,0,0,0,66
2025-09-29T03:09:15.316Z,60.4,21.1,1.924,50.4,0,59.8,0,0,0,0,0,0,0,0,66
2025-09-29T03:09:16.313Z,60.4,21.1,1.924,49.6,0,59.8,0,0,0,0,0,0,0,0,66
2025-09-29T03:09:17.319Z,60.4,21.1,1.923,49.6,0,59.8,0,0,0,0,0,0,0,0,66
2025-09-29T03:09:18.312Z,60.4,21.1,1.924,50.4,0,59.8,0,0,0,0,0,0,0,0,66
2025-09-29T03:09:19.314Z,60.4,21.1,1.924,49.6,0,59.8,0,0,0,0,0,0,0,0,66
2025-09-29T03:09:20.317Z,60.4,21.1,1.924,49.6,0,59.8,0,0,0,0,0,0,0,0,66
2025-09-29T03:09:21.320Z,60.4,21.1,1.924,50.4,0,59.8,0,0,0,0,0,0,0,0,66
2025-09-29T03:09:22.316Z,60.4,21.1,1.924,49.6,0,59.8,0,0,0,0,0,0,0,0,66
2025-09-29T03:09:23.318Z,60.4,21.1,1.924,49.6,0,59.7,0,0,0,0,0,0,0,0,66
2025-09-29T03:09:24.319Z,60.5,21.1,1.924,50.4,0,59.8,0,0,0,0,0,0,0,0,66
2025-09-29T03:09:25.319Z,60.5,21.1,1.924,49.6,0,59.8,0,0,0,0,0,0,0,0,66
2025-09-29T03:09:26.326Z,60.5,21.1,1.923,49.6,0,59.8,0,0,0,0,0,0,0,0,66
2025-09-29T03:09:27.318Z,60.5,21.1,1.923,50.4,0,59.8,0,0,0,0,0,0,0,0,66
2025-09-29T03:09:28.320Z,60.5,21.1,1.923,49.6,0,59.8,0,0,0,0,0,0,0,0,66
2025-09-29T03:09:29.324Z,60.5,21.1,1.923,49.6,0,59.8,0,0,0,0,0,0,0,0,66
2025-09-29T03:09:30.320Z,60.5,21.1,1.923,50.4,0,59.7,0,0,0,0,0,0,0,0,66
2025-09-29T03:09:31.321Z,60.5,21.1,1.923,49.6,0,59.8,0,0,0,0,0,0,0,0,66
2025-09-29T03:09:32.322Z,60.5,21.1,1.923,49.6,0,59.8,0,0,0,0,0,0,0,0,66
2025-09-29T03:09:33.330Z,60.5,21.1,1.923,50.4,0,59.8,0,0,0,0,0,0,0,0,66
2025-09-29T03:09:34.334Z,60.5,21.1,1.923,49.6,0,59.8,0,0,0,0,0,0,0,0,66
2025-09-29T03:09:35.327Z,60.5,21.1,1.923,49.6,0,59.8,0,0,0,0,0,0,0,0,66
2025-09-29T03:09:36.330Z,60.5,21.1,1.923,50.4,0,59.8,0,0,0,0,0,0,0,0,66
2025-09-29T03:09:37.328Z,60.5,21.1,1.923,49.6,0,59.8,0,0,0,0,0,0,0,0,66
2025-09-29T03:09:38.339Z,60.6,21.1,1.923,49.6,0,59.8,0,0,0,0,0,0,0,0,66
2025-09-29T03:09:39.330Z,60.6,21.1,1.923,50.4,0,59.8,0,0,0,0,0,0,0,0,66
2025-09-29T03:09:40.336Z,60.6,21.1,1.923,50.4,0,59.8,0,0,0,0,0,0,0,0,66
2025-09-29T03:09:41.338Z,60.6,21.1,1.923,49.6,0,59.8,0,0,0,0,0,0,0,0,66
2025-09-29T03:09:42.336Z,60.6,21.1,1.923,50.4,0,59.8,0,0,0,0,0,0,0,0,66
2025-09-29T03:09:43.340Z,60.6,21.1,1.923,50.4,0,59.8,0,0,0,0,0,0,0,0,66
2025-09-29T03:09:44.339Z,60.6,21.1,1.923,49.6,0,59.8,0,0,0,0,0,0,0,0,66
2025-09-29T03:09:45.339Z,60.6,21.1,1.923,50.4,0,59.8,0,0,0,0,0,0,0,0,66
2025-09-29T03:09:46.343Z,60.6,21.1,1.923,49.6,0,59.8,0,0,0,0,0,0,0,0,66
2025-09-29T03:09:47.342Z,60.6,21.1,1.922,49.6,0,59.8,0,0,0,0,0,0,0,0,66
2025-09-29T03:09:48.342Z,60.6,21.1,1.922,50.4,0,59.8,0,0,0,0,0,0,0,0,66
2025-09-29T03:09:49.345Z,60.6,21.1,1.922,49.6,0,59.8,0,0,0,0,0,0,0,0,66
2025-09-29T03:09:50.346Z,60.6,21.1,1.922,49.6,0,59.8,0,0,0,0,0,0,0,0,66
2025-09-29T03:09:51.343Z,60.6,21.1,1.922,50.4,0,59.8,0,0,0,0,0,0,0,0,66
2025-09-29T03:09:52.347Z,60.7,21.1,1.922,50.4,0,59.8,0,0,0,0,0,0,0,0,66
2025-09-29T03:09:53.345Z,60.7,21.1,1.922,49.6,0,59.7,0,0,0,0,0,0,0,0,66
2025-09-29T03:09:54.345Z,60.7,21.1,1.922,50.4,0,59.8,0,0,0,0,0,0,0,0,66
2025-09-29T03:09:55.348Z,60.7,21.1,1.922,50.4,0,59.7,0,0,0,0,0,0,0,0,66
2025-09-29T03:09:56.349Z,60.7,21.1,1.922,49.6,0,59.7,0,0,0,0,0,0,0,0,66
2025-09-29T03:09:57.347Z,60.7,21.1,1.922,50.4,0,59.8,0,0,0,0,0,0,0,0,66
2025-09-29T03:09:58.353Z,60.7,21.1,1.922,50.4,0,59.8,0,0,0,0,0,0,0,0,66
2025-09-29T03:09:59.354Z,60.7,21.1,1.922,49.6,0,59.8,0,0,0,0,0,0,0,0,66
2025-09-29T03:10:00.352Z,60.7,21.1,1.922,50.4,0,59.7,0,0,0,0,0,0,0,0,66
2025-09-29T03:10:01.354Z,60.7,21.1,1.922,50.4,0,59.7,0,0,0,0,0,0,0,0,66
2025-09-29T03:10:02.356Z,60.7,21.1,1.923,49.6,0,59.8,0,0,0,0,0,0,0,0,66
2025-09-29T03:10:03.356Z,60.7,21.1,1.921,50.4,0,59.7,0,0,0,0,0,0,0,0,66
2025-09-29T03:10:04.353Z,60.7,21.1,1.922,49.6,0,59.7,0,0,0,0,0,0,0,0,66
2025-09-29T03:10:05.352Z,60.7,21.1,1.921,50.4,0,59.7,0,0,0,0,0,0,0,0,66
2025-09-29T03:10:06.354Z,60.8,21.1,1.922,49.6,0,59.7,0,0,0,0,0,0,0,0,66
2025-09-29T03:10:07.356Z,60.8,21.1,1.921,50.4,0,59.7,0,0,0,0,0,0,0,0,66
2025-09-29T03:10:08.356Z,60.8,21.1,1.921,49.6,0,59.8,0,0,0,0,0,0,0,0,66
2025-09-29T03:10:09.362Z,60.8,21.1,1.921,50.4,0,59.8,0,0,0,0,0,0,0,0,66
2025-09-29T03:10:10.358Z,60.8,21.1,1.921,49.6,0,59.7,0,0,0,0,0,0,0,0,66
2025-09-29T03:10:11.360Z,60.8,21.1,1.921,50.4,0,59.8,0,0,0,0,0,0,0,0,66
2025-09-29T03:10:12.363Z,60.8,21.1,1.921,50.4,0,59.7,0,0,0,0,0,0,0,0,66
2025-09-29T03:10:13.362Z,60.8,21.1,1.921,49.6,0,59.8,0,0,0,0,0,0,0,0,66
2025-09-29T03:10:14.363Z,60.8,21.1,1.921,50.4,0,59.7,0,0,0,0,0,0,0,0,66
2025-09-29T03:10:15.365Z,60.8,21.1,1.921,49.6,0,59.8,0,0,0,0,0,0,0,0,66
2025-09-29T03:10:16.366Z,60.8,21.1,1.921,50.4,0,59.7,0,0,0,0,0,0,0,0,66
2025-09-29T03:10:17.364Z,60.8,21.1,1.921,49.6,0,59.7,0,0,0,0,0,0,0,0,66
2025-09-29T03:10:18.365Z,60.8,21.1,1.921,50.4,0,59.7,0,0,0,0,0,0,0,0,66
2025-09-29T03:10:19.368Z,60.8,21.1,1.921,49.6,0,59.7,0,0,0,0,0,0,0,0,66
2025-09-29T03:10:20.375Z,60.8,21.1,1.922,50.4,0,59.7,0,0,0,0,0,0,0,0,66
2025-09-29T03:10:21.375Z,60.8,21.1,1.922,49.6,0,59.7,0,0,0,0,0,0,0,0,66
2025-09-29T03:10:22.375Z,60.8,21.1,1.922,50.4,0,59.7,0,0,0,0,0,0,0,0,66
2025-09-29T03:10:23.376Z,60.9,21.1,1.922,49.6,0,59.7,0,0,0,0,0,0,0,0,66
2025-09-29T03:10:24.371Z,60.9,21.1,1.921,49.6,0,59.7,0,0,0,0,0,0,0,0,66
2025-09-29T03:10:25.375Z,60.9,21.1,1.922,50.4,0,59.7,0,0,0,0,0,0,0,0,66
2025-09-29T03:10:26.379Z,60.9,21.1,1.922,49.6,0,59.7,0,0,0,0,0,0,0,0,66
2025-09-29T03:10:27.376Z,60.9,21.1,1.921,49.6,0,59.7,0,0,0,0,0,0,0,0,66
2025-09-29T03:10:28.377Z,60.9,21.1,1.921,49.6,0,59.7,0,0,0,0,0,0,0,0,66
2025-09-29T03:10:29.376Z,60.9,21.1,1.921,50.4,0,59.7,0,0,0,0,0,0,0,0,66
2025-09-29T03:10:30.375Z,60.9,21.1,1.921,49.6,0,59.7,0,0,0,0,0,0,0,0,66
2025-09-29T03:10:31.378Z,60.9,21.1,1.922,49.6,0,59.7,0,0,0,0,0,0,0,0,66
2025-09-29T03:10:32.377Z,60.9,21.1,1.921,50.4,0,59.7,0,0,0,0,0,0,0,0,66
2025-09-29T03:10:33.383Z,60.9,21.1,1.922,50.4,0,59.7,0,0,0,0,0,0,0,0,66
2025-09-29T03:10:34.377Z,60.9,21.1,1.921,49.6,0,59.7,0,0,0,0,0,0,0,0,66
2025-09-29T03:10:35.375Z,60.9,21.1,1.921,50.4,0,59.7,0,0,0,0,0,0,0,0,66
2025-09-29T03:10:36.384Z,60.9,21.1,1.922,49.6,0,59.7,0,0,0,0,0,0,0,0,66
2025-09-29T03:10:37.383Z,60.9,21.1,1.922,50.4,0,59.7,0,0,0,0,0,0,0,0,66
2025-09-29T03:10:38.383Z,60.9,21.1,1.921,49.6,0,59.7,0,0,0,0,0,0,0,0,66
2025-09-29T03:10:39.386Z,60.9,21.1,1.922,50.4,0,59.7,0,0,0,0,0,0,0,0,66
2025-09-29T03:10:40.382Z,60.9,21.1,1.921,49.6,0,59.7,0,0,0,0,0,0,0,0,66
2025-09-29T03:10:41.386Z,60.9,21.1,1.922,49.6,0,59.8,0,0,0,0,0,0,0,0,66
2025-09-29T03:10:42.386Z,60.9,21.1,1.922,50.4,0,59.7,0,0,0,0,0,0,0,0,66
2025-09-29T03:10:43.387Z,60.9,21.1,1.922,49.6,0,59.7,0,0,0,0,0,0,0,0,66
2025-09-29T03:10:44.387Z,61,21.1,1.921,50.4,0,59.8,0,0,0,0,0,0,0,0,66
2025-09-29T03:10:45.386Z,61,21.1,1.921,49.6,0,59.8,0,0,0,0,0,0,0,0,66
2025-09-29T03:10:46.393Z,61,21.1,1.922,49.6,0,59.7,0,0,0,0,0,0,0,0,66
2025-09-29T03:10:47.392Z,61,21.1,1.922,50.4,0,59.7,0,0,0,0,0,0,0,0,66
2025-09-29T03:10:48.391Z,61,21.1,1.922,49.6,0,59.7,0,0,0,0,0,0,0,0,66
2025-09-29T03:10:49.392Z,61,21.1,1.922,49.6,0,59.8,0,0,0,0,0,0,0,0,66
2025-09-29T03:10:50.394Z,61,21.1,1.922,50.4,0,59.7,0,0,0,0,0,0,0,0,66
2025-09-29T03:10:51.392Z,61,21.1,1.922,50.4,0,59.7,0,0,0,0,0,0,0,0,66
2025-09-29T03:10:52.392Z,61,21.1,1.922,49.6,0,59.7,0,0,0,0,0,0,0,0,66
2025-09-29T03:10:53.396Z,61,21.1,1.922,50.4,0,59.8,0,0,0,0,0,0,0,0,66
2025-09-29T03:10:54.396Z,61,21.1,1.922,49.6,0,59.7,0,0,0,0,0,0,0,0,66
2025-09-29T03:10:55.401Z,61,21.1,1.922,50.4,0,59.7,0,0,0,0,0,0,0,0,66
2025-09-29T03:10:56.399Z,61,21.1,1.922,49.6,0,59.7,0,0,0,0,0,0,0,0,66
2025-09-29T03:10:57.404Z,61,21.1,1.922,50.4,0,59.8,0,0,0,0,0,0,0,0,66
2025-09-29T03:10:58.399Z,61,21.1,1.922,49.6,0,59.8,0,0,0,0,0,0,0,0,66
2025-09-29T03:10:59.399Z,61,21.1,1.921,49.6,0,59.8,0,0,0,0,0,0,0,0,66
2025-09-29T03:11:00.401Z,61,21.1,1.921,50.4,0,59.7,0,0,0,0,0,0,0,0,66
2025-09-29T03:11:01.402Z,61,21.1,1.921,49.6,0,59.8,0,0,0,0,0,0,0,0,66
2025-09-29T03:11:02.402Z,61,21.1,1.922,49.6,0,59.8,0,0,0,0,0,0,0,0,66
2025-09-29T03:11:03.401Z,61,21.1,1.921,50.4,0,59.8,0,0,0,0,0,0,0,0,66
2025-09-29T03:11:04.403Z,61,21.1,1.921,49.6,0,59.8,0,0,0,0,0,0,0,0,66
2025-09-29T03:11:05.404Z,61,21.1,1.922,49.6,0,59.8,0,0,0,0,0,0,0,0,66
2025-09-29T03:11:06.406Z,61,21.1,1.921,50.4,0,59.8,0,0,0,0,0,0,0,0,66
2025-09-29T03:11:07.413Z,61,21.1,1.921,50.4,0,59.8,0,0,0,0,0,0,0,0,66
2025-09-29T03:11:08.406Z,61,21.1,1.922,49.6,0,59.8,0,0,0,0,0,0,0,0,66
2025-09-29T03:11:09.407Z,61,21.1,1.921,50.4,0,59.8,0,0,0,0,0,0,0,0,66
2025-09-29T03:11:10.410Z,61,21.1,1.921,49.6,0,59.8,0,0,0,0,0,0,0,0,66
2025-09-29T03:11:11.406Z,61.1,21.1,1.922,50.4,0,59.8,0,0,0,0,0,0,0,0,66
2025-09-29T03:11:12.413Z,61,21.1,1.921,49.6,0,59.8,0,0,0,0,0,0,0,0,66
2025-09-29T03:11:13.411Z,61,21.1,1.921,50.4,0,59.8,0,0,0,0,0,0,0,0,66
2025-09-29T03:11:14.416Z,61,21.1,1.92,50.4,0,59.8,0,0,0,0,0,0,0,0,66
2025-09-29T03:11:15.415Z,61.1,21.1,1.921,49.6,0,59.8,0,0,0,0,0,0,0,0,66
2025-09-29T03:11:16.417Z,61.1,21.1,1.921,50.4,0,59.8,0,0,0,0,0,0,0,0,66
2025-09-29T03:11:17.419Z,61.1,21.1,1.92,49.6,0,59.8,0,0,0,0,0,0,0,0,66
2025-09-29T03:11:17.419Z,61.1,21.1,1.92,49.6,0,59.8,0,0,0,0,0,0,0,0,66
2025-09-29T03:11:19.415Z,61.1,21.1,1.921,49.6,0,59.8,0,0,0,0,0,0,0,0,66
2025-09-29T03:11:20.420Z,61.1,21.1,1.92,50.4,0,59.8,0,0,0,0,0,0,0,0,66
2025-09-29T03:11:21.420Z,61.1,21.1,1.922,49.6,0,59.8,0,0,0,0,0,0,0,0,66
2025-09-29T03:11:22.418Z,61.1,21.1,1.921,49.6,0,59.8,0,0,0,0,0,0,0,0,66
2025-09-29T03:11:23.420Z,61.1,21.1,1.921,50.4,0,59.8,0,0,0,0,0,0,0,0,66
2025-09-29T03:11:24.423Z,61.1,21.1,1.921,49.6,0,59.8,0,0,0,0,0,0,0,0,66
2025-09-29T03:11:25.422Z,61.1,21.1,1.921,50.4,0,59.8,0,0,0,0,0,0,0,0,66
2025-09-29T03:11:26.423Z,61.1,21.1,1.921,49.6,0,59.8,0,0,0,0,0,0,0,0,66
2025-09-29T03:11:27.424Z,61.1,21.1,1.921,49.6,0,59.8,0,0,0,0,0,0,0,0,66
2025-09-29T03:11:28.423Z,61.1,21.1,1.921,50.4,0,59.8,0,0,0,0,0,0,0,0,66
2025-09-29T03:11:29.423Z,61.1,21.1,1.921,49.6,0,59.8,0,0,0,0,0,0,0,0,66
2025-09-29T03:11:30.418Z,61.1,21.1,1.921,49.6,0,59.8,0,0,0,0,0,0,0,0,66
2025-09-29T03:11:31.422Z,61.1,21.1,1.921,50.4,0,59.8,0,0,0,0,0,0,0,0,66
2025-09-29T03:11:32.423Z,61.1,21.1,1.921,49.6,0,59.8,0,0,0,0,0,0,0,0,66
2025-09-29T03:11:33.427Z,61.1,21.1,1.921,49.6,0,59.8,0,0,0,0,0,0,0,0,66
2025-09-29T03:11:34.430Z,61.1,21.1,1.92,50.4,0,59.8,0,0,0,0,0,0,0,0,66
2025-09-29T03:11:35.429Z,61.1,21.1,1.921,49.6,0,59.8,0,0,0,0,0,0,0,0,66
2025-09-29T03:11:36.428Z,61.1,21.1,1.921,49.6,0,59.8,0,0,0,0,0,0,0,0,66
2025-09-29T03:11:37.423Z,61.1,21.1,1.921,50.4,0,59.8,0,0,0,0,0,0,0,0,66
2025-09-29T03:11:38.430Z,61.1,21.1,1.921,50.4,0,59.8,0,0,0,0,0,0,0,0,66
2025-09-29T03:11:39.429Z,61.1,21.1,1.921,49.6,0,59.8,0,0,0,0,0,0,0,0,66
2025-09-29T03:11:40.431Z,61.1,21.1,1.92,50.4,0,59.8,0,0,0,0,0,0,0,0,66
2025-09-29T03:11:41.433Z,61.1,21.1,1.92,49.6,0,59.8,0,0,0,0,0,0,0,0,66
2025-09-29T03:11:42.435Z,61.1,21.1,1.92,49.6,0,59.8,0,0,0,0,0,0,0,0,66
2025-09-29T03:11:43.432Z,61.1,21.1,1.921,50.4,0,59.8,0,0,0,0,0,0,0,0,66
2025-09-29T03:11:44.431Z,61.1,21.1,1.921,49.6,0,59.8,0,0,0,0,0,0,0,0,66
2025-09-29T03:11:45.432Z,61.1,21.1,1.921,49.6,0,59.8,0,0,0,0,0,0,0,0,66
2025-09-29T03:11:46.436Z,61.1,21.1,1.92,50.4,0,59.8,0,0,0,0,0,0,0,0,66
2025-09-29T03:11:47.439Z,61.1,21.1,1.92,49.6,0,59.8,0,0,0,0,0,0,0,0,66
2025-09-29T03:11:48.435Z,61.1,21.1,1.92,49.6,0,59.8,0,0,0,0,0,0,0,0,66
2025-09-29T03:11:49.437Z,61.1,21.1,1.92,50.4,0,59.8,0,0,0,0,0,0,0,0,66
2025-09-29T03:11:50.444Z,61.1,21.1,1.92,50.4,0,59.8,0,0,0,0,0,0,0,0,66
2025-09-29T03:11:51.444Z,61.1,21.1,1.92,49.6,0,59.8,0,0,0,0,0,0,0,0,66
2025-09-29T03:11:52.439Z,61.1,21.1,1.92,50.4,0,59.8,0,0,0,0,0,0,0,0,66
2025-09-29T03:11:53.444Z,61.1,21.1,1.921,49.6,0,59.8,0,0,0,0,0,0,0,0,66
2025-09-29T03:11:54.447Z,61.1,21.1,1.92,49.6,0,59.8,0,0,0,0,0,0,0,0,66
2025-09-29T03:11:55.449Z,61.1,21.1,1.92,50.4,0,59.8,0,0,0,0,0,0,0,0,66
2025-09-29T03:11:56.448Z,61.1,21.1,1.92,49.6,0,59.8,0,0,0,0,0,0,0,0,66
2025-09-29T03:11:57.447Z,61.1,21.1,1.92,49.6,0,59.8,0,0,0,0,0,0,0,0,66
2025-09-29T03:11:58.448Z,61.1,21.1,1.92,50.4,0,59.8,0,0,0,0,0,0,0,0,66
2025-09-29T03:11:59.443Z,61.1,21.1,1.92,50.4,0,59.8,0,0,0,0,0,0,0,0,66
2025-09-29T03:12:00.453Z,61.1,21.1,1.921,49.6,0,59.8,0,0,0,0,0,0,0,0,66
2025-09-29T03:12:01.446Z,61.1,21.1,1.92,50.4,0,59.8,0,0,0,0,0,0,0,0,66
2025-09-29T03:12:02.450Z,61.1,21.1,1.92,49.6,0,59.8,0,0,0,0,0,0,0,0,66
2025-09-29T03:12:03.447Z,61.1,21.1,1.92,49.6,0,59.8,0,0,0,0,0,0,0,0,66
2025-09-29T03:12:04.449Z,61.1,21.1,1.92,50.4,0,59.8,0,0,0,0,0,0,0,0,66
2025-09-29T03:12:05.452Z,61.1,21.1,1.92,49.6,0,59.8,0,0,0,0,0,0,0,0,66
2025-09-29T03:12:06.452Z,61.1,21.1,1.92,50.4,0,59.8,0,0,0,0,0,0,0,0,66
2025-09-29T03:12:07.450Z,61.1,21.1,1.92,50.4,0,59.8,0,0,0,0,0,0,0,0,66
2025-09-29T03:12:08.454Z,61,21.1,1.92,49.6,0,59.8,0,0,0,0,0,0,0,0,66
2025-09-29T03:12:09.458Z,61.1,21.1,1.921,50.4,0,59.8,0,0,0,0,0,0,0,0,66
2025-09-29T03:12:10.455Z,61,21.1,1.921,50.4,0,59.8,0,0,0,0,0,0,0,0,66
2025-09-29T03:12:11.455Z,61,21.1,1.92,49.6,0,59.8,0,0,0,0,0,0,0,0,66
2025-09-29T03:12:12.457Z,61,21.1,1.921,50.4,0,59.8,0,0,0,0,0,0,0,0,66
2025-09-29T03:12:13.456Z,61,21.1,1.921,50.4,0,59.8,0,0,0,0,0,0,0,0,66
2025-09-29T03:12:14.460Z,61,21.1,1.921,49.6,0,59.8,0,0,0,0,0,0,0,0,66
2025-09-29T03:12:15.461Z,61,21.1,1.921,50.4,0,59.8,0,0,0,0,0,0,0,0,66
2025-09-29T03:12:16.463Z,61,21.1,1.921,49.6,0,59.8,0,0,0,0,0,0,0,0,66
2025-09-29T03:12:17.462Z,61,21.1,1.922,50.4,0,59.8,0,0,0,0,0,0,0,0,66
2025-09-29T03:12:18.461Z,61,21.1,1.92,49.6,0,59.8,0,0,0,0,0,0,0,0,66
2025-09-29T03:12:19.463Z,61,21.1,1.921,50.4,0,59.8,0,0,0,0,0,0,0,0,66
2025-09-29T03:12:20.464Z,61,21.1,1.921,50.4,0,59.8,0,0,0,0,0,0,0,0,66
2025-09-29T03:12:21.465Z,61,21.1,1.921,49.6,0,59.8,0,0,0,0,0,0,0,0,66
2025-09-29T03:12:22.466Z,61,21.1,1.922,50.4,0,59.8,0,0,0,0,0,0,0,0,66
2025-09-29T03:12:23.467Z,61,21.1,1.922,49.6,0,59.8,0,0,0,0,0,0,0,0,66
2025-09-29T03:12:24.463Z,61,21.1,1.92,50.4,0,59.8,0,0,0,0,0,0,0,0,66
2025-09-29T03:12:25.468Z,61,21.1,1.922,49.6,0,59.8,0,0,0,0,0,0,0,0,66
2025-09-29T03:12:26.468Z,61,21.1,1.922,50.4,0,59.8,0,0,0,0,0,0,0,0,66
2025-09-29T03:12:27.475Z,61,21.1,1.922,49.6,0,59.8,0,0,0,0,0,0,0,0,66
2025-09-29T03:12:28.470Z,61,21.1,1.922,49.6,0,59.8,0,0,0,0,0,0,0,0,66
2025-09-29T03:12:29.470Z,61,21.1,1.922,50.4,0,59.8,0,0,0,0,0,0,0,0,66
2025-09-29T03:12:30.473Z,61,21.1,1.922,49.6,0,59.8,0,0,0,0,0,0,0,0,66
2025-09-29T03:12:31.472Z,61,21.1,1.922,50.4,0,59.8,0,0,0,0,0,0,0,0,66
2025-09-29T03:12:32.477Z,61,21.1,1.922,49.6,0,59.8,0,0,0,0,0,0,0,0,66
2025-09-29T03:12:33.477Z,61,21.1,1.922,49.6,0,59.8,0,0,0,0,0,0,0,0,66
2025-09-29T03:12:34.474Z,61,21.1,1.922,50.4,0,59.9,0,0,0,0,0,0,0,0,66
2025-09-29T03:12:35.473Z,61,21.1,1.922,49.6,0,59.8,0,0,0,0,0,0,0,0,66
2025-09-29T03:12:36.482Z,61,21.1,1.922,50.4,0,59.8,0,0,0,0,0,0,0,0,66
2025-09-29T03:12:37.482Z,60.9,21.1,1.921,49.6,0,59.8,0,0,0,0,0,0,0,0,66
2025-09-29T03:12:38.483Z,60.9,21.1,1.922,50.4,0,59.8,0,0,0,0,0,0,0,0,66
2025-09-29T03:12:39.477Z,60.9,21.1,1.922,50.4,0,59.8,0,0,0,0,0,0,0,0,66
2025-09-29T03:12:40.485Z,60.9,21.1,1.921,49.6,0,59.8,0,0,0,0,0,0,0,0,66
2025-09-29T03:12:41.481Z,60.9,21.1,1.922,49.6,0,59.8,0,0,0,0,0,0,0,0,66
2025-09-29T03:12:42.484Z,60.9,21.1,1.922,49.6,0,59.9,0,0,0,0,0,0,0,0,66
2025-09-29T03:12:43.486Z,60.9,21.1,1.921,50.4,0,59.8,0,0,0,0,0,0,0,0,66
2025-09-29T03:12:44.486Z,60.9,21.1,1.922,50.4,0,59.8,0,0,0,0,0,0,0,0,66
2025-09-29T03:12:45.485Z,60.9,21.1,1.922,49.6,0,59.9,0,0,0,0,0,0,0,0,66
2025-09-29T03:12:46.488Z,60.9,21.1,1.921,50.4,0,59.9,0,0,0,0,0,0,0,0,66
2025-09-29T03:12:47.490Z,60.9,21.1,1.921,49.6,0,59.8,0,0,0,0,0,0,0,0,66
2025-09-29T03:12:48.491Z,60.9,21.1,1.921,50.4,0,59.9,0,0,0,0,0,0,0,0,66
2025-09-29T03:12:49.493Z,60.9,21.1,1.921,49.6,0,59.9,0,0,0,0,0,0,0,0,66
2025-09-29T03:12:50.493Z,60.9,21.1,1.922,49.6,0,59.9,0,0,0,0,0,0,0,0,66
2025-09-29T03:12:51.493Z,60.9,21.1,1.922,50.4,0,59.9,0,0,0,0,0,0,0,0,66
2025-09-29T03:12:52.493Z,60.9,21.1,1.922,49.6,0,59.9,0,0,0,0,0,0,0,0,66
2025-09-29T03:12:53.495Z,60.9,21.1,1.921,50.4,0,59.9,0,0,0,0,0,0,0,0,66
2025-09-29T03:12:54.497Z,60.9,21.1,1.921,49.6,0,59.9,0,0,0,0,0,0,0,0,66
2025-09-29T03:12:55.499Z,60.9,21.1,1.921,50.4,0,59.9,0,0,0,0,0,0,0,0,66
2025-09-29T03:12:56.499Z,60.9,21.1,1.921,49.6,0,59.9,0,0,0,0,0,0,0,0,66
2025-09-29T03:12:57.503Z,60.9,21.1,1.921,49.6,0,59.9,0,0,0,0,0,0,0,0,66
2025-09-29T03:12:58.504Z,60.9,21.1,1.921,50.4,0,59.9,0,0,0,0,0,0,0,0,66
2025-09-29T03:12:59.496Z,60.9,21.1,1.922,49.6,0,59.9,0,0,0,0,0,0,0,0,66
2025-09-29T03:13:00.502Z,60.8,21.1,1.921,50.4,0,59.9,0,0,0,0,0,0,0,0,66
2025-09-29T03:13:01.504Z,60.8,21.1,1.921,49.6,0,59.9,0,0,0,0,0,0,0,0,66
2025-09-29T03:13:02.500Z,60.8,21.1,1.921,49.6,0,59.9,0,0,0,0,0,0,0,0,66
2025-09-29T03:13:03.503Z,60.8,21.1,1.921,50.4,0,59.9,0,0,0,0,0,0,0,0,66
2025-09-29T03:13:04.503Z,60.8,21.1,1.921,49.6,0,59.9,0,0,0,0,0,0,0,0,66
2025-09-29T03:13:05.504Z,60.8,21.1,1.921,50.4,0,59.9,0,0,0,0,0,0,0,0,66
2025-09-29T03:13:06.508Z,60.8,21.1,1.921,49.6,0,59.9,0,0,0,0,0,0,0,0,66
2025-09-29T03:13:07.506Z,60.8,21.1,1.921,49.6,0,59.9,0,0,0,0,0,0,0,0,66
2025-09-29T03:13:08.511Z,60.8,21.1,1.921,50.4,0,59.9,0,0,0,0,0,0,0,0,66
2025-09-29T03:13:09.510Z,60.8,21.1,1.921,49.6,0,59.9,0,0,0,0,0,0,0,0,66
2025-09-29T03:13:10.509Z,60.8,21.1,1.921,49.6,0,59.9,0,0,0,0,0,0,0,0,66
2025-09-29T03:13:11.515Z,60.8,21.1,1.921,50.4,0,59.9,0,0,0,0,0,0,0,0,66
2025-09-29T03:13:12.511Z,60.8,21.1,1.921,49.6,0,59.9,0,0,0,0,0,0,0,0,66
2025-09-29T03:13:13.514Z,60.8,21.1,1.921,49.6,0,59.9,0,0,0,0,0,0,0,0,66
2025-09-29T03:13:14.514Z,60.8,21.1,1.921,50.4,0,59.9,0,0,0,0,0,0,0,0,66
2025-09-29T03:13:15.514Z,60.8,21.1,1.921,50.4,0,59.9,0,0,0,0,0,0,0,0,66
2025-09-29T03:13:16.517Z,60.8,21.1,1.921,49.6,0,59.9,0,0,0,0,0,0,0,0,66
2025-09-29T03:13:17.516Z,60.8,21.1,1.921,50.4,0,59.9,0,0,0,0,0,0,0,0,66
2025-09-29T03:13:18.521Z,60.8,21.1,1.921,49.6,0,59.9,0,0,0,0,0,0,0,0,66
2025-09-29T03:13:19.516Z,60.8,21.1,1.921,49.6,0,59.9,0,0,0,0,0,0,0,0,66
2025-09-29T03:13:20.520Z,60.8,21.1,1.921,50.4,0,59.9,0,0,0,0,0,0,0,0,66
2025-09-29T03:13:21.520Z,60.8,21.1,1.921,49.6,0,59.9,0,0,0,0,0,0,0,0,66
2025-09-29T03:13:22.523Z,60.7,21.1,1.921,49.6,0,59.9,0,0,0,0,0,0,0,0,66
2025-09-29T03:13:23.523Z,60.7,21.1,1.921,50.4,0,59.9,0,0,0,0,0,0,0,0,66
2025-09-29T03:13:24.526Z,60.7,21.1,1.922,50.4,0,59.9,0,0,0,0,0,0,0,0,66
2025-09-29T03:13:25.528Z,60.7,21.1,1.922,49.6,0,59.9,0,0,0,0,0,0,0,0,66
2025-09-29T03:13:26.529Z,60.7,21.1,1.922,50.4,0,59.9,0,0,0,0,0,0,0,0,66
2025-09-29T03:13:27.527Z,60.7,21.1,1.923,49.6,0,59.9,0,0,0,0,0,0,0,0,66
2025-09-29T03:13:28.526Z,60.7,21.1,1.923,50.4,0,59.9,0,0,0,0,0,0,0,0,66
2025-09-29T03:13:29.525Z,60.7,21.1,1.921,50.4,0,59.9,0,0,0,0,0,0,0,0,66
2025-09-29T03:13:30.534Z,60.7,21.1,1.922,49.6,0,59.9,0,0,0,0,0,0,0,0,66
2025-09-29T03:13:31.532Z,60.7,21.1,1.923,50.4,0,59.9,0,0,0,0,0,0,0,0,66
2025-09-29T03:13:32.528Z,60.7,21.1,1.923,49.6,0,59.9,0,0,0,0,0,0,0,0,66
2025-09-29T03:13:33.532Z,60.7,21.1,1.923,50.4,0,59.9,0,0,0,0,0,0,0,0,66
2025-09-29T03:13:34.530Z,60.7,21.1,1.923,49.6,0,59.9,0,0,0,0,0,0,0,0,66
2025-09-29T03:13:35.532Z,60.7,21.1,1.923,49.6,0,59.9,0,0,0,0,0,0,0,0,66
2025-09-29T03:13:36.536Z,60.7,21.1,1.923,50.4,0,59.9,0,0,0,0,0,0,0,0,66
2025-09-29T03:13:37.534Z,60.7,21.1,1.923,49.6,0,59.9,0,0,0,0,0,0,0,0,66
2025-09-29T03:13:38.535Z,60.7,21.1,1.923,49.6,0,59.9,0,0,0,0,0,0,0,0,66
2025-09-29T03:13:39.534Z,60.7,21.1,1.923,50.4,0,59.9,0,0,0,0,0,0,0,0,66
2025-09-29T03:13:40.537Z,60.7,21.1,1.923,49.6,0,59.9,0,0,0,0,0,0,0,0,66
2025-09-29T03:13:41.539Z,60.7,21.1,1.923,49.6,0,59.9,0,0,0,0,0,0,0,0,66
2025-09-29T03:13:42.547Z,60.7,21.1,1.922,50.4,0,59.9,0,0,0,0,0,0,0,0,66
2025-09-29T03:13:43.544Z,60.6,21.1,1.923,50.4,0,59.9,0,0,0,0,0,0,0,0,66
2025-09-29T03:13:44.543Z,60.6,21.1,1.923,49.6,0,59.9,0,0,0,0,0,0,0,0,66
2025-09-29T03:13:45.542Z,60.6,21.1,1.923,50.4,0,59.9,0,0,0,0,0,0,0,0,66
2025-09-29T03:13:46.542Z,60.6,21.1,1.923,49.6,0,59.9,0,0,0,0,0,0,0,0,66
2025-09-29T03:13:47.546Z,60.6,21.1,1.923,50.4,0,59.9,0,0,0,0,0,0,0,0,66
2025-09-29T03:13:48.545Z,60.6,21.1,1.923,50.4,0,59.9,0,0,0,0,0,0,0,0,66
2025-09-29T03:13:49.549Z,60.6,21.1,1.923,49.6,0,59.9,0,0,0,0,0,0,0,0,66
2025-09-29T03:13:50.556Z,60.6,21.1,1.922,50.4,0,59.9,0,0,0,0,0,0,0,0,66
2025-09-29T03:13:51.548Z,60.6,21.1,1.923,49.6,0,59.9,0,0,0,0,0,0,0,0,66
2025-09-29T03:13:52.553Z,60.6,21.1,1.923,50.4,0,59.9,0,0,0,0,0,0,0,0,66
2025-09-29T03:13:53.553Z,60.6,21.1,1.922,49.6,0,59.9,0,0,0,0,0,0,0,0,66
2025-09-29T03:13:54.550Z,60.6,21.1,1.923,49.6,0,59.9,0,0,0,0,0,0,0,0,66
2025-09-29T03:13:55.551Z,60.6,21.1,1.923,50.4,0,59.9,0,0,0,0,0,0,0,0,66
2025-09-29T03:13:56.553Z,60.6,21.1,1.923,49.6,0,59.9,0,0,0,0,0,0,0,0,66
2025-09-29T03:13:57.553Z,60.6,21.1,1.923,50.4,0,59.9,0,0,0,0,0,0,0,0,66
2025-09-29T03:13:58.553Z,60.6,21.1,1.923,49.6,0,59.9,0,0,0,0,0,0,0,0,66
2025-09-29T03:13:59.555Z,60.6,21.1,1.923,49.6,0,59.9,0,0,0,0,0,0,0,0,66
2025-09-29T03:14:00.557Z,60.6,21.1,1.923,50.4,0,59.9,0,0,0,0,0,0,0,0,66
2025-09-29T03:14:01.560Z,60.6,21.1,1.923,49.6,0,59.9,0,0,0,0,0,0,0,0,66
2025-09-29T03:14:02.558Z,60.5,21.1,1.923,50.4,0,59.9,0,0,0,0,0,0,0,0,66
2025-09-29T03:14:03.561Z,60.5,21.1,1.923,50.4,0,59.9,0,0,0,0,0,0,0,0,66
2025-09-29T03:14:04.561Z,60.5,21.1,1.923,49.6,0,59.9,0,0,0,0,0,0,0,0,66
2025-09-29T03:14:05.563Z,60.5,21.1,1.923,50.4,0,59.9,0,0,0,0,0,0,0,0,66
2025-09-29T03:14:06.559Z,60.5,21.1,1.923,49.6,0,59.9,0,0,0,0,0,0,0,0,66
2025-09-29T03:14:07.562Z,60.5,21.1,1.923,50.4,0,59.9,0,0,0,0,0,0,0,0,66
2025-09-29T03:14:08.564Z,60.5,21.1,1.923,49.6,0,59.9,0,0,0,0,0,0,0,0,66
2025-09-29T03:14:09.567Z,60.5,21.1,1.923,49.6,0,59.9,0,0,0,0,0,0,0,0,66
2025-09-29T03:14:10.566Z,60.5,21.1,1.923,50.4,0,59.9,0,0,0,0,0,0,0,0,66
2025-09-29T03:14:11.571Z,60.5,21.1,1.923,49.6,0,59.9,0,0,0,0,0,0,0,0,66
2025-09-29T03:14:12.573Z,60.5,21.1,1.923,49.6,0,59.9,0,0,0,0,0,0,0,0,66
2025-09-29T03:14:13.576Z,60.5,21.1,1.923,50.4,0,59.9,0,0,0,0,0,0,0,0,66
2025-09-29T03:14:14.571Z,60.5,21.1,1.923,49.6,0,59.9,0,0,0,0,0,0,0,0,66
2025-09-29T03:14:15.570Z,60.5,21.1,1.923,49.6,0,59.9,0,0,0,0,0,0,0,0,66
2025-09-29T03:14:16.571Z,60.5,21.1,1.923,50.4,0,59.9,0,0,0,0,0,0,0,0,66
2025-09-29T03:14:17.577Z,60.5,21.1,1.923,49.6,0,59.9,0,0,0,0,0,0,0,0,66
2025-09-29T03:14:18.574Z,60.5,21.1,1.923,49.6,0,59.9,0,0,0,0,0,0,0,0,66
2025-09-29T03:14:19.580Z,60.5,21.1,1.924,50.4,0,59.9,0,0,0,0,0,0,0,0,66
2025-09-29T03:14:20.579Z,60.5,21.1,1.924,50.4,0,59.9,0,0,0,0,0,0,0,0,66
2025-09-29T03:14:21.580Z,60.5,21.1,1.923,49.6,0,59.9,0,0,0,0,0,0,0,0,66
2025-09-29T03:14:22.580Z,60.4,21.1,1.924,50.4,0,59.9,0,0,0,0,0,0,0,0,66
2025-09-29T03:14:23.579Z,60.4,21.1,1.924,49.6,0,59.9,0,0,0,0,0,0,0,0,66
2025-09-29T03:14:24.583Z,60.4,21.1,1.924,49.6,0,59.9,0,0,0,0,0,0,0,0,66
2025-09-29T03:14:25.585Z,60.4,21.1,1.924,50.4,0,59.9,0,0,0,0,0,0,0,0,66
2025-09-29T03:14:26.583Z,60.4,21.1,1.924,49.6,0,59.9,0,0,0,0,0,0,0,0,66
2025-09-29T03:14:27.580Z,60.4,21.1,1.923,50.4,0,59.9,0,0,0,0,0,0,0,0,66
2025-09-29T03:14:28.583Z,60.4,21.1,1.924,50.4,0,59.9,0,0,0,0,0,0,0,0,66
2025-09-29T03:14:29.583Z,60.4,21.1,1.924,49.6,0,59.9,0,0,0,0,0,0,0,0,66
2025-09-29T03:14:30.584Z,60.4,21.1,1.924,50.4,0,59.9,0,0,0,0,0,0,0,0,66
2025-09-29T03:14:31.587Z,60.4,21.1,1.924,50.4,0,59.9,0,0,0,0,0,0,0,0,66
2025-09-29T03:14:32.586Z,60.4,21.1,1.924,49.6,0,59.9,0,0,0,0,0,0,0,0,66
2025-09-29T03:14:33.584Z,60.4,21.1,1.924,50.4,0,59.9,0,0,0,0,0,0,0,0,66
2025-09-29T03:14:34.590Z,60.4,21.1,1.924,49.6,0,59.9,0,0,0,0,0,0,0,0,66
2025-09-29T03:14:35.594Z,60.4,21.1,1.924,50.4,0,59.9,0,0,0,0,0,0,0,0,66
2025-09-29T03:14:36.590Z,60.4,21.1,1.924,49.6,0,59.9,0,0,0,0,0,0,0,0,66
2025-09-29T03:14:37.591Z,60.4,21.1,1.924,50.4,0,59.9,0,0,0,0,0,0,0,0,66
2025-09-29T03:14:38.597Z,60.4,21.1,1.924,49.6,0,59.9,0,0,0,0,0,0,0,0,66
2025-09-29T03:14:39.590Z,60.4,21.1,1.924,50.4,0,59.9,0,0,0,0,0,0,0,0,66
2025-09-29T03:14:40.594Z,60.4,21.1,1.924,50.4,0,59.9,0,0,0,0,0,0,0,0,66
2025-09-29T03:14:41.602Z,60.4,21.1,1.923,49.6,0,59.9,0,0,0,0,0,0,0,0,66
2025-09-29T03:14:42.597Z,60.4,21.1,1.924,50.4,0,59.9,0,0,0,0,0,0,0,0,66
2025-09-29T03:14:43.592Z,60.3,21.1,1.924,49.6,0,59.9,0,0,0,0,0,0,0,0,66
2025-09-29T03:14:44.607Z,60.3,21.1,1.923,50.4,0,59.9,0,0,0,0,0,0,0,0,66
2025-09-29T03:14:45.604Z,60.3,21.1,1.923,49.6,0,59.9,0,0,0,0,0,0,0,0,66
2025-09-29T03:14:46.601Z,60.3,21.1,1.924,50.4,0,59.9,0,0,0,0,0,0,0,0,66
2025-09-29T03:14:47.601Z,60.3,21.1,1.925,49.6,0,59.9,0,0,0,0,0,0,0,0,66
2025-09-29T03:14:48.605Z,60.3,21.1,1.923,50.4,0,59.9,0,0,0,0,0,0,0,0,66
2025-09-29T03:14:49.601Z,60.3,21.1,1.924,49.6,0,59.9,0,0,0,0,0,0,0,0,66
2025-09-29T03:14:50.607Z,60.3,21.1,1.923,50.4,0,59.9,0,0,0,0,0,0,0,0,66
2025-09-29T03:14:51.605Z,60.3,21.1,1.924,49.6,0,59.9,0,0,0,0,0,0,0,0,66
2025-09-29T03:14:52.602Z,60.3,21.1,1.924,50.4,0,59.9,0,0,0,0,0,0,0,0,66
2025-09-29T03:14:53.607Z,60.3,21.1,1.923,49.6,0,59.9,0,0,0,0,0,0,0,0,66
2025-09-29T03:14:54.607Z,60.3,21.1,1.924,49.6,0,60,0,0,0,0,0,0,0,0,66
2025-09-29T03:14:55.610Z,60.3,21.1,1.923,49.6,0,59.9,0,0,0,0,0,0,0,0,66
2025-09-29T03:14:56.609Z,60.3,21.1,1.923,50.4,0,59.9,0,0,0,0,0,0,0,0,66
2025-09-29T03:14:57.610Z,60.3,21.1,1.923,49.6,0,59.9,0,0,0,0,0,0,0,0,66
2025-09-29T03:14:58.610Z,60.3,21.1,1.924,50.4,0,59.9,0,0,0,0,0,0,0,0,66
2025-09-29T03:14:59.611Z,60.3,21.1,1.923,49.6,0,59.9,0,0,0,0,0,0,0,0,66
2025-09-29T03:15:00.607Z,60.3,21.1,1.924,50.4,0,60,0,0,0,0,0,0,0,0,66
2025-09-29T03:15:01.617Z,60.3,21.1,1.923,49.6,0,60,0,0,0,0,0,0,0,0,66
2025-09-29T03:15:02.615Z,60.3,21.1,1.923,49.6,0,60,0,0,0,0,0,0,0,0,66
2025-09-29T03:15:03.615Z,60.3,21.1,1.924,50.4,0,59.9,0,0,0,0,0,0,0,0,66
2025-09-29T03:15:04.617Z,60.3,21.1,1.923,49.6,0,59.9,0,0,0,0,0,0,0,0,66
2025-09-29T03:15:05.617Z,60.2,21.1,1.924,50.4,0,59.9,0,0,0,0,0,0,0,0,66
2025-09-29T03:15:06.619Z,60.2,21.1,1.924,49.6,0,60,0,0,0,0,0,0,0,0,66
2025-09-29T03:15:07.618Z,60.2,21.1,1.923,49.6,0,59.9,0,0,0,0,0,0,0,0,66
2025-09-29T03:15:08.620Z,60.2,21.1,1.923,50.4,0,59.9,0,0,0,0,0,0,0,0,66
2025-09-29T03:15:09.619Z,60.2,21.1,1.924,49.6,0,59.9,0,0,0,0,0,0,0,0,66
2025-09-29T03:15:10.622Z,60.2,21.1,1.924,49.6,0,59.9,0,0,0,0,0,0,0,0,66
2025-09-29T03:15:11.622Z,60.2,21.1,1.924,50.4,0,60,0,0,0,0,0,0,0,0,66
2025-09-29T03:15:12.621Z,60.2,21.1,1.924,49.6,0,60,0,0,0,0,0,0,0,0,66
2025-09-29T03:15:13.622Z,60.2,21.1,1.924,50.4,0,60,0,0,0,0,0,0,0,0,66
2025-09-29T03:15:14.628Z,60.2,21.1,1.924,49.6,0,60,0,0,0,0,0,0,0,0,66
2025-09-29T03:15:15.627Z,60.2,21.1,1.924,49.6,0,60,0,0,0,0,0,0,0,0,66
2025-09-29T03:15:16.629Z,60.2,21.1,1.924,50.4,0,60,0,0,0,0,0,0,0,0,66
2025-09-29T03:15:17.630Z,60.2,21.1,1.924,49.6,0,60,0,0,0,0,0,0,0,0,66
2025-09-29T03:15:18.629Z,60.2,21.1,1.924,50.4,0,60,0,0,0,0,0,0,0,0,66
2025-09-29T03:15:19.628Z,60.2,21.1,1.924,50.4,0,60,0,0,0,0,0,0,0,0,66
2025-09-29T03:15:20.632Z,60.2,21.1,1.924,49.6,0,60,0,0,0,0,0,0,0,0,66
2025-09-29T03:15:21.635Z,60.2,21.1,1.924,50.4,0,60,0,0,0,0,0,0,0,0,66
2025-09-29T03:15:22.638Z,60.1,21.1,1.924,49.6,0,60,0,0,0,0,0,0,0,0,66
2025-09-29T03:15:23.632Z,60.1,21.1,1.924,50.4,0,60,0,0,0,0,0,0,0,0,66
2025-09-29T03:15:24.635Z,60.1,21.1,1.924,49.6,0,60,0,0,0,0,0,0,0,0,66
2025-09-29T03:15:25.634Z,60.1,21.1,1.925,49.6,0,60,0,0,0,0,0,0,0,0,66
2025-09-29T03:15:26.638Z,60.1,21.1,1.925,50.4,0,60,0,0,0,0,0,0,0,0,66
2025-09-29T03:15:27.639Z,60.1,21.1,1.925,49.6,0,60,0,0,0,0,0,0,0,0,66
2025-09-29T03:15:28.642Z,60.1,21.1,1.925,49.6,0,60,0,0,0,0,0,0,0,0,66
2025-09-29T03:15:29.642Z,60.1,21.1,1.925,50.4,0,60,0,0,0,0,0,0,0,0,66
2025-09-29T03:15:30.637Z,60.1,21.1,1.925,49.6,0,60,0,0,0,0,0,0,0,0,66
2025-09-29T03:15:31.634Z,60.1,21.1,1.925,49.6,0,60,0,0,0,0,0,0,0,0,66
2025-09-29T03:15:32.646Z,60.1,21.1,1.925,50.4,0,60,0,0,0,0,0,0,0,0,66
2025-09-29T03:15:33.643Z,60.1,21.1,1.925,49.6,0,60,0,0,0,0,0,0,0,0,66
2025-09-29T03:15:34.643Z,60.1,21.1,1.925,50.4,0,60,0,0,0,0,0,0,0,0,66
2025-09-29T03:15:35.644Z,60.1,21.1,1.925,50.4,0,60,0,0,0,0,0,0,0,0,66
2025-09-29T03:15:36.646Z,60.1,21.1,1.925,49.6,0,60,0,0,0,0,0,0,0,0,66
2025-09-29T03:15:37.644Z,60.1,21.1,1.925,50.4,0,60,0,0,0,0,0,0,0,0,66
2025-09-29T03:15:38.647Z,60.1,21.1,1.925,50.4,0,60,0,0,0,0,0,0,0,0,66
2025-09-29T03:15:39.649Z,60.1,21.1,1.925,49.6,0,60,0,0,0,0,0,0,0,0,66
2025-09-29T03:15:40.647Z,60.1,21.1,1.925,50.4,0,60,0,0,0,0,0,0,0,0,66
2025-09-29T03:15:41.650Z,60,21.1,1.925,49.6,0,60,0,0,0,0,0,0,0,0,66
2025-09-29T03:15:42.650Z,60,21.1,1.925,50.4,0,60,0,0,0,0,0,0,0,0,66
2025-09-29T03:15:43.652Z,60,21.1,1.925,49.6,0,60,0,0,0,0,0,0,0,0,66
2025-09-29T03:15:44.649Z,60,21.1,1.925,50.4,0,60,0,0,0,0,0,0,0,0,66
2025-09-29T03:15:45.656Z,60,21.1,1.926,50.4,0,60,0,0,0,0,0,0,0,0,66
2025-09-29T03:15:46.653Z,60,21.1,1.925,49.6,0,60,0,0,0,0,0,0,0,0,66
2025-09-29T03:15:47.655Z,60,21.1,1.925,49.6,0,60,0,0,0,0,0,0,0,0,66
2025-09-29T03:15:48.656Z,60,21.1,1.925,49.6,0,60,0,0,0,0,0,0,0,0,66
2025-09-29T03:15:49.659Z,60,21.1,1.926,50.4,0,60,0,0,0,0,0,0,0,0,66
2025-09-29T03:15:50.661Z,60,21.1,1.926,50.4,0,60,0,0,0,0,0,0,0,0,66
2025-09-29T03:15:51.658Z,60,21.1,1.925,49.6,0,60,0,0,0,0,0,0,0,0,66
2025-09-29T03:15:52.664Z,60,21.1,1.926,50.4,0,60,0,0,0,0,0,0,0,0,66
2025-09-29T03:15:53.661Z,60,21.1,1.925,49.6,0,60,0,0,0,0,0,0,0,0,66
2025-09-29T03:15:54.663Z,60,21.1,1.926,50.4,0,60,0,0,0,0,0,0,0,0,66
2025-09-29T03:15:55.663Z,60,21.1,1.925,49.6,0,60,0,0,0,0,0,0,0,0,66
2025-09-29T03:15:56.665Z,60,21.1,1.926,49.6,0,60,0,0,0,0,0,0,0,0,66
2025-09-29T03:15:57.665Z,60,21.1,1.926,49.6,0,60,0,0,0,0,0,0,0,0,66
2025-09-29T03:15:58.662Z,60,21.1,1.925,50.4,0,60,0,0,0,0,0,0,0,0,66
2025-09-29T03:15:59.661Z,60,21.1,1.925,49.6,0,60,0,0,0,0,0,0,0,0,66
2025-09-29T03:16:00.668Z,60,21.1,1.926,49.6,0,60,0,0,0,0,0,0,0,0,66
2025-09-29T03:16:01.668Z,60,21.1,1.926,49.6,0,60,0,0,0,0,0,0,0,0,66
2025-09-29T03:16:02.665Z,60,21.1,1.925,49.6,0,60,0,0,0,0,0,0,0,0,66
2025-09-29T03:16:03.672Z,59.9,21.1,1.926,50.4,0,60,0,0,0,0,0,0,0,0,66
2025-09-29T03:16:04.669Z,59.9,21.1,1.925,49.6,0,60,0,0,0,0,0,0,0,0,66
2025-09-29T03:16:05.669Z,59.9,21.1,1.925,50.4,0,60,0,0,0,0,0,0,0,0,66
2025-09-29T03:16:06.671Z,59.9,21.1,1.926,50.4,0,60,0,0,0,0,0,0,0,0,66
2025-09-29T03:16:07.672Z,59.9,21.1,1.926,49.6,0,60,0,0,0,0,0,0,0,0,66
2025-09-29T03:16:08.678Z,59.9,21.1,1.926,50.4,0,60,0,0,0,0,0,0,0,0,66
2025-09-29T03:16:09.681Z,59.9,21.1,1.926,49.6,0,60,0,0,0,0,0,0,0,0,66
2025-09-29T03:16:10.674Z,59.9,21.1,1.926,50.4,0,60,0,0,0,0,0,0,0,0,66
2025-09-29T03:16:11.677Z,59.9,21.1,1.926,49.6,0,60,0,0,0,0,0,0,0,0,66
2025-09-29T03:16:12.678Z,59.9,21.1,1.926,50.4,0,60,0,0,0,0,0,0,0,0,66
2025-09-29T03:16:13.683Z,59.9,21.1,1.926,49.6,0,60,0,0,0,0,0,0,0,0,66
2025-09-29T03:16:14.684Z,59.9,21.1,1.926,50.4,0,60,0,0,0,0,0,0,0,0,66
2025-09-29T03:16:15.683Z,59.9,21.1,1.926,49.6,0,60,0,0,0,0,0,0,0,0,66
2025-09-29T03:16:16.680Z,59.9,21.1,1.926,50.4,0,60,0,0,0,0,0,0,0,0,66
2025-09-29T03:16:17.684Z,59.9,21.1,1.926,49.6,0,60,0,0,0,0,0,0,0,0,66
2025-09-29T03:16:18.685Z,59.9,21.1,1.926,50.4,0,60,0,0,0,0,0,0,0,0,66
2025-09-29T03:16:19.683Z,59.9,21.1,1.926,49.6,0,60,0,0,0,0,0,0,0,0,66
2025-09-29T03:16:20.684Z,59.9,21.1,1.926,50.4,0,60,0,0,0,0,0,0,0,0,66
2025-09-29T03:16:21.684Z,59.9,21.1,1.926,49.6,0,60,0,0,0,0,0,0,0,0,66
2025-09-29T03:16:22.688Z,59.9,21.1,1.926,49.6,0,60,0,0,0,0,0,0,0,0,66
2025-09-29T03:16:23.691Z,59.9,21.1,1.926,50.4,0,60,0,0,0,0,0,0,0,0,66
2025-09-29T03:16:24.690Z,59.8,21.1,1.926,49.6,0,60,0,0,0,0,0,0,0,0,66
2025-09-29T03:16:25.689Z,59.8,21.1,1.926,50.4,0,60,0,0,0,0,0,0,0,0,66
2025-09-29T03:16:26.692Z,59.8,21.1,1.926,49.6,0,60,0,0,0,0,0,0,0,0,66
2025-09-29T03:16:27.691Z,59.8,21.1,1.926,50.4,0,60,0,0,0,0,0,0,0,0,66
2025-09-29T03:16:28.694Z,59.8,21.1,1.927,49.6,0,60,0,0,0,0,0,0,0,0,66
2025-09-29T03:16:29.697Z,59.8,21.1,1.927,49.6,0,60,0,0,0,0,0,0,0,0,66
2025-09-29T03:16:30.697Z,59.8,21.1,1.927,50.4,0,60,0,0,0,0,0,0,0,0,66
2025-09-29T03:16:31.696Z,59.8,21.1,1.927,49.6,0,60,0,0,0,0,0,0,0,0,66
2025-09-29T03:16:32.697Z,59.8,21.1,1.927,50.4,0,60,0,0,0,0,0,0,0,0,66
2025-09-29T03:16:33.701Z,59.8,21.1,1.927,49.6,0,60,0,0,0,0,0,0,0,0,66
2025-09-29T03:16:34.701Z,59.8,21.1,1.927,50.4,0,60,0,0,0,0,0,0,0,0,66
2025-09-29T03:16:35.696Z,59.8,21.1,1.927,49.6,0,60,0,0,0,0,0,0,0,0,66
2025-09-29T03:16:36.701Z,59.8,21.1,1.927,49.6,0,60,0,0,0,0,0,0,0,0,66
2025-09-29T03:16:37.701Z,59.8,21.1,1.927,50.4,0,60,0,0,0,0,0,0,0,0,66
2025-09-29T03:16:38.707Z,59.8,21.1,1.927,49.6,0,60,0,0,0,0,0,0,0,0,66
2025-09-29T03:16:39.707Z,59.8,21.1,1.927,50.4,0,60,0,0,0,0,0,0,0,0,66
2025-09-29T03:16:40.705Z,59.8,21.1,1.927,49.6,0,60,0,0,0,0,0,0,0,0,66
2025-09-29T03:16:41.705Z,59.8,21.1,1.927,49.6,0,60,0,0,0,0,0,0,0,0,66
2025-09-29T03:16:42.704Z,59.8,21.1,1.927,50.4,0,60,0,0,0,0,0,0,0,0,66
2025-09-29T03:16:43.706Z,59.8,21.1,1.927,49.6,0,60,0,0,0,0,0,0,0,0,66
2025-09-29T03:16:44.706Z,59.8,21.1,1.927,50.4,0,60,0,0,0,0,0,0,0,0,66
2025-09-29T03:16:45.708Z,59.8,21.1,1.927,49.6,0,60,0,0,0,0,0,0,0,0,66
2025-09-29T03:16:46.711Z,59.8,21.1,1.927,49.6,0,60,0,0,0,0,0,0,0,0,66
2025-09-29T03:16:47.714Z,59.7,21.1,1.927,50.4,0,60,0,0,0,0,0,0,0,0,66
2025-09-29T03:16:48.715Z,59.7,21.1,1.927,49.6,0,60,0,0,0,0,0,0,0,0,66
2025-09-29T03:16:49.713Z,59.7,21.1,1.927,50.4,0,60,0,0,0,0,0,0,0,0,66
2025-09-29T03:16:50.713Z,59.7,21.1,1.927,50.4,0,60,0,0,0,0,0,0,0,0,66
2025-09-29T03:16:51.712Z,59.7,21.1,1.927,49.6,0,60,0,0,0,0,0,0,0,0,66
2025-09-29T03:16:52.717Z,59.7,21.1,1.927,50.4,0,60,0,0,0,0,0,0,0,0,66
2025-09-29T03:16:53.720Z,59.7,21.1,1.927,49.6,0,60,0,0,0,0,0,0,0,0,66
2025-09-29T03:16:54.718Z,59.7,21.1,1.927,50.4,0,60,0,0,0,0,0,0,0,0,66
2025-09-29T03:16:55.717Z,59.7,21.1,1.927,49.6,0,60,0,0,0,0,0,0,0,0,66
2025-09-29T03:16:56.720Z,59.7,21.1,1.927,50.4,0,60,0,0,0,0,0,0,0,0,66
2025-09-29T03:16:57.721Z,59.7,21.1,1.927,49.6,0,60,0,0,0,0,0,0,0,0,66
2025-09-29T03:16:58.721Z,59.7,21.1,1.927,50.4,0,60,0,0,0,0,0,0,0,0,66
2025-09-29T03:16:59.719Z,59.7,21.1,1.927,50.4,0,60,0,0,0,0,0,0,0,0,66
2025-09-29T03:17:00.723Z,59.7,21.1,1.927,49.6,0,60,0,0,0,0,0,0,0,0,66
2025-09-29T03:17:01.723Z,59.7,21.1,1.927,49.6,0,60,0,0,0,0,0,0,0,0,66
2025-09-29T03:17:02.725Z,59.7,21.1,1.927,49.6,0,60,0,0,0,0,0,0,0,0,66
2025-09-29T03:17:03.721Z,59.7,21.1,1.927,50.4,0,60,0,0,0,0,0,0,0,0,66
2025-09-29T03:17:04.722Z,59.7,21.1,1.927,49.6,0,60,0,0,0,0,0,0,0,0,66
2025-09-29T03:17:05.731Z,59.7,21.1,1.926,49.6,0,60,0,0,0,0,0,0,0,0,66
2025-09-29T03:17:06.731Z,59.7,21.1,1.926,50.4,0,60,0,0,0,0,0,0,0,0,66
2025-09-29T03:17:07.731Z,59.7,21.1,1.926,49.6,0,60,0,0,0,0,0,0,0,0,66
2025-09-29T03:17:08.730Z,59.7,21.1,1.926,50.4,0,60,0,0,0,0,0,0,0,0,66
2025-09-29T03:17:09.737Z,59.7,21.1,1.926,49.6,0,60,0,0,0,0,0,0,0,0,66
2025-09-29T03:17:10.733Z,59.7,21.1,1.926,49.6,0,60,0,0,0,0,0,0,0,0,66
2025-09-29T03:17:11.736Z,59.6,21.1,1.926,50.4,0,60,0,0,0,0,0,0,0,0,66
2025-09-29T03:17:12.737Z,59.6,21.1,1.926,49.6,0,60,0,0,0,0,0,0,0,0,66
2025-09-29T03:17:13.740Z,59.6,21.1,1.926,49.6,0,60,0,0,0,0,0,0,0,0,66
2025-09-29T03:17:14.735Z,59.6,21.1,1.927,50.4,0,60,0,0,0,0,0,0,0,0,66
2025-09-29T03:17:15.741Z,59.6,21.1,1.926,50.4,0,60,0,0,0,0,0,0,0,0,66
2025-09-29T03:17:16.742Z,59.6,21.1,1.926,49.6,0,60,0,0,0,0,0,0,0,0,66
2025-09-29T03:17:17.741Z,59.6,21.1,1.926,49.6,0,60,0,0,0,0,0,0,0,0,66
2025-09-29T03:17:18.746Z,59.6,21.1,1.926,49.6,0,60,0,0,0,0,0,0,0,0,66
2025-09-29T03:17:19.747Z,59.6,21.1,1.927,50.4,0,60,0,0,0,0,0,0,0,0,66
2025-09-29T03:17:20.747Z,59.6,21.1,1.926,50.4,0,60,0,0,0,0,0,0,0,0,66
2025-09-29T03:17:21.748Z,59.6,21.1,1.926,49.6,0,60,0,0,0,0,0,0,0,0,66
2025-09-29T03:17:22.746Z,59.6,21.1,1.927,50.4,0,60,0,0,0,0,0,0,0,0,66
2025-09-29T03:17:23.747Z,59.6,21.1,1.927,49.6,0,60,0,0,0,0,0,0,0,0,66
2025-09-29T03:17:24.750Z,59.6,21.1,1.926,50.4,0,60,0,0,0,0,0,0,0,0,66
2025-09-29T03:17:25.750Z,59.6,21.1,1.926,49.6,0,60,0,0,0,0,0,0,0,0,66
2025-09-29T03:17:26.753Z,59.6,21.1,1.926,50.4,0,60,0,0,0,0,0,0,0,0,66
2025-09-29T03:17:27.752Z,59.6,21.1,1.926,49.6,0,60,0,0,0,0,0,0,0,0,66
2025-09-29T03:17:28.753Z,59.6,21.1,1.927,49.6,0,60,0,0,0,0,0,0,0,0,66
2025-09-29T03:17:29.749Z,59.6,21.1,1.926,50.4,0,60,0,0,0,0,0,0,0,0,66
2025-09-29T03:17:30.758Z,59.6,21.1,1.927,49.6,0,60,0,0,0,0,0,0,0,0,66
2025-09-29T03:17:31.751Z,59.6,21.1,1.927,49.6,0,60,0,0,0,0,0,0,0,0,66
2025-09-29T03:17:32.754Z,59.6,21.1,1.927,50.4,0,60,0,0,0,0,0,0,0,0,66
2025-09-29T03:17:33.756Z,59.6,21.1,1.927,50.4,0,60,0,0,0,0,0,0,0,0,66
2025-09-29T03:17:34.757Z,59.6,21.1,1.927,49.6,0,60,0,0,0,0,0,0,0,0,66
2025-09-29T03:17:35.757Z,59.6,21.1,1.927,50.4,0,60,0,0,0,0,0,0,0,0,66
2025-09-29T03:17:36.756Z,59.6,21.1,1.927,49.6,0,60,0,0,0,0,0,0,0,0,66
2025-09-29T03:17:37.763Z,59.6,21.1,1.928,50.4,0,60,0,0,0,0,0,0,0,0,66
2025-09-29T03:17:38.759Z,59.5,21.1,1.927,49.6,0,60,0,0,0,0,0,0,0,0,66
2025-09-29T03:17:39.768Z,59.5,21.1,1.928,49.6,0,60,0,0,0,0,0,0,0,0,66
2025-09-29T03:17:40.763Z,59.5,21.1,1.927,50.4,0,60,0,0,0,0,0,0,0,0,66
2025-09-29T03:17:41.767Z,59.5,21.1,1.926,49.6,0,60,0,0,0,0,0,0,0,0,66
2025-09-29T03:17:42.764Z,59.5,21.1,1.927,49.6,0,60,0,0,0,0,0,0,0,0,66
2025-09-29T03:17:43.766Z,59.5,21.1,1.927,50.4,0,60,0,0,0,0,0,0,0,0,66
2025-09-29T03:17:44.766Z,59.5,21.1,1.927,49.6,0,60,0,0,0,0,0,0,0,0,66
2025-09-29T03:17:45.768Z,59.5,21.1,1.927,50.4,0,60,0,0,0,0,0,0,0,0,66
2025-09-29T03:17:46.768Z,59.5,21.1,1.927,50.4,0,60,0,0,0,0,0,0,0,0,66
2025-09-29T03:17:47.771Z,59.5,21.1,1.927,49.6,0,60,0,0,0,0,0,0,0,0,66
2025-09-29T03:17:48.767Z,59.5,21.1,1.927,50.4,0,60,0,0,0,0,0,0,0,0,66
2025-09-29T03:17:49.775Z,59.5,21.1,1.928,49.6,0,60,0,0,0,0,0,0,0,0,66
2025-09-29T03:17:50.780Z,59.5,21.1,1.928,50.4,0,60,0,0,0,0,0,0,0,0,66
2025-09-29T03:17:51.773Z,59.5,21.1,1.927,49.6,0,60,0,0,0,0,0,0,0,0,66
2025-09-29T03:17:52.772Z,59.5,21.1,1.927,49.6,0,60,0,0,0,0,0,0,0,0,66
2025-09-29T03:17:53.774Z,59.5,21.1,1.927,50.4,0,60,0,0,0,0,0,0,0,0,66
2025-09-29T03:17:54.779Z,59.5,21.1,1.929,49.6,0,60,0,0,0,0,0,0,0,0,66
2025-09-29T03:17:55.774Z,59.5,21.1,1.928,49.6,0,60,0,0,0,0,0,0,0,0,66
2025-09-29T03:17:56.780Z,59.5,21.1,1.929,50.4,0,60,0,0,0,0,0,0,0,0,66
2025-09-29T03:17:57.781Z,59.5,21.1,1.928,49.6,0,60,0,0,0,0,0,0,0,0,66
2025-09-29T03:17:58.777Z,59.5,21.1,1.929,49.6,0,60,0,0,0,0,0,0,0,0,66
2025-09-29T03:17:59.781Z,59.5,21.1,1.929,50.4,0,60,0,0,0,0,0,0,0,0,66
2025-09-29T03:18:00.780Z,59.5,21.1,1.929,50.4,0,60,0,0,0,0,0,0,0,0,66
2025-09-29T03:18:01.780Z,59.5,21.1,1.929,49.6,0,60,0,0,0,0,0,0,0,0,66
2025-09-29T03:18:02.783Z,59.5,21.1,1.929,50.4,0,60,0,0,0,0,0,0,0,0,66
2025-09-29T03:18:03.783Z,59.5,21.1,1.929,49.6,0,60,0,0,0,0,0,0,0,0,66
2025-09-29T03:18:04.784Z,59.5,21.1,1.929,50.4,0,60,0,0,0,0,0,0,0,0,66
2025-09-29T03:18:05.784Z,59.5,21.1,1.929,50.4,0,60,0,0,0,0,0,0,0,0,66
2025-09-29T03:18:06.789Z,59.5,21.1,1.929,49.6,0,60,0,0,0,0,0,0,0,0,66
2025-09-29T03:18:07.789Z,59.5,21.1,1.929,50.4,0,60,0,0,0,0,0,0,0,0,66
2025-09-29T03:18:08.790Z,59.5,21.1,1.929,49.6,0,60,0,0,0,0,0,0,0,0,66
2025-09-29T03:18:09.790Z,59.5,21.1,1.929,50.4,0,60,0,0,0,0,0,0,0,0,66
2025-09-29T03:18:10.787Z,59.5,21.1,1.929,49.6,0,60,0,0,0,0,0,0,0,0,66
2025-09-29T03:18:11.794Z,59.5,21.1,1.929,49.6,0,60,0,0,0,0,0,0,0,0,66
2025-09-29T03:18:12.796Z,59.5,21.1,1.929,50.4,0,60,0,0,0,0,0,0,0,0,66
2025-09-29T03:18:13.795Z,59.4,21.1,1.929,49.6,0,60,0,0,0,0,0,0,0,0,66
2025-09-29T03:18:14.794Z,59.4,21.1,1.929,50.4,0,60,0,0,0,0,0,0,0,0,66
2025-09-29T03:18:15.799Z,59.4,21.1,1.929,49.6,0,60,0,0,0,0,0,0,0,0,66
2025-09-29T03:18:16.799Z,59.4,21.1,1.929,49.6,0,60,0,0,0,0,0,0,0,0,66
2025-09-29T03:18:17.800Z,59.4,21.1,1.929,50.4,0,60,0,0,0,0,0,0,0,0,66
2025-09-29T03:18:18.800Z,59.4,21.1,1.929,49.6,0,60,0,0,0,0,0,0,0,0,66
2025-09-29T03:18:19.796Z,59.4,21.1,1.929,49.6,0,60,0,0,0,0,0,0,0,0,66
2025-09-29T03:18:20.801Z,59.4,21.1,1.929,50.4,0,60,0,0,0,0,0,0,0,0,66
2025-09-29T03:18:21.801Z,59.4,21.1,1.929,49.6,0,60,0,0,0,0,0,0,0,0,66
2025-09-29T03:18:22.805Z,59.4,21.1,1.928,50.4,0,60,0,0,0,0,0,0,0,0,66
2025-09-29T03:18:23.802Z,59.4,21.1,1.929,50.4,0,60,0,0,0,0,0,0,0,0,66
2025-09-29T03:18:24.808Z,59.4,21.1,1.928,49.6,0,60,0,0,0,0,0,0,0,0,66
2025-09-29T03:18:25.803Z,59.4,21.1,1.929,50.4,0,60,0,0,0,0,0,0,0,0,66
2025-09-29T03:18:26.809Z,59.4,21.1,1.928,49.6,0,60,0,0,0,0,0,0,0,0,66
2025-09-29T03:18:27.807Z,59.4,21.1,1.929,50.4,0,60,0,0,0,0,0,0,0,0,66
2025-09-29T03:18:28.811Z,59.4,21.1,1.928,49.6,0,60,0,0,0,0,0,0,0,0,66
2025-09-29T03:18:29.807Z,59.4,21.1,1.929,49.6,0,60,0,0,0,0,0,0,0,0,66
2025-09-29T03:18:30.812Z,59.4,21.1,1.928,50.4,0,60,0,0,0,0,0,0,0,0,66
2025-09-29T03:18:31.813Z,59.4,21.1,1.928,49.6,0,60,0,0,0,0,0,0,0,0,66
2025-09-29T03:18:32.813Z,59.4,21.1,1.928,49.6,0,60,0,0,0,0,0,0,0,0,66
2025-09-29T03:18:33.814Z,59.4,21.1,1.928,50.4,0,60,0,0,0,0,0,0,0,0,66
2025-09-29T03:18:34.815Z,59.4,21.1,1.928,49.6,0,60,0,0,0,0,0,0,0,0,66
2025-09-29T03:18:35.813Z,59.4,21.1,1.928,50.4,0,60,0,0,0,0,0,0,0,0,66
2025-09-29T03:18:36.817Z,59.4,21.1,1.928,50.4,0,60,0,0,0,0,0,0,0,0,66
2025-09-29T03:18:37.817Z,59.4,21.1,1.928,49.6,0,60,0,0,0,0,0,0,0,0,66
2025-09-29T03:18:38.819Z,59.4,21.1,1.928,50.4,0,60,0,0,0,0,0,0,0,0,66
2025-09-29T03:18:39.815Z,59.4,21.1,1.929,49.6,0,60,0,0,0,0,0,0,0,0,66
2025-09-29T03:18:40.817Z,59.4,21.1,1.928,50.4,0,60,0,0,0,0,0,0,0,0,66
2025-09-29T03:18:41.821Z,59.4,21.1,1.928,50.4,0,60,0,0,0,0,0,0,0,0,66
2025-09-29T03:18:42.824Z,59.4,21.1,1.928,49.6,0,60,0,0,0,0,0,0,0,0,66
2025-09-29T03:18:43.822Z,59.4,21.1,1.928,50.4,0,60,0,0,0,0,0,0,0,0,66
2025-09-29T03:18:44.820Z,59.4,21.1,1.928,49.6,0,60,0,0,0,0,0,0,0,0,66
2025-09-29T03:18:45.828Z,59.4,21.1,1.928,50.4,0,60,0,0,0,0,0,0,0,0,66
2025-09-29T03:18:46.828Z,59.4,21.1,1.928,49.6,0,60,0,0,0,0,0,0,0,0,66
2025-09-29T03:18:47.825Z,59.4,21.1,1.928,50.4,0,60,0,0,0,0,0,0,0,0,66
2025-09-29T03:18:48.829Z,59.4,21.1,1.928,49.6,0,60,0,0,0,0,0,0,0,0,66
2025-09-29T03:18:49.831Z,59.4,21.1,1.928,49.6,0,60,0,0,0,0,0,0,0,0,66
2025-09-29T03:18:50.830Z,59.4,21.1,1.928,50.4,0,60,0,0,0,0,0,0,0,0,66
2025-09-29T03:18:51.834Z,59.4,21.1,1.928,49.6,0,60,0,0,0,0,0,0,0,0,66
2025-09-29T03:18:52.834Z,59.4,21.1,1.928,49.6,0,60,0,0,0,0,0,0,0,0,66
2025-09-29T03:18:53.833Z,59.4,21.1,1.928,50.4,0,60,0,0,0,0,0,0,0,0,66
2025-09-29T03:18:54.830Z,59.4,21.1,1.928,49.6,0,60,0,0,0,0,0,0,0,0,66
2025-09-29T03:18:55.837Z,59.4,21.1,1.928,50.4,0,60,0,0,0,0,0,0,0,0,66
2025-09-29T03:18:56.833Z,59.4,21.1,1.928,49.6,0,60,0,0,0,0,0,0,0,0,66
2025-09-29T03:18:57.836Z,59.4,21.1,1.928,49.6,0,60,0,0,0,0,0,0,0,0,66
2025-09-29T03:18:58.831Z,59.4,21.1,1.928,50.4,0,60,0,0,0,0,0,0,0,0,66
2025-09-29T03:18:59.833Z,59.4,21.1,1.928,49.6,0,60,0,0,0,0,0,0,0,0,66
2025-09-29T03:19:00.836Z,59.4,21.1,1.928,49.6,0,60,0,0,0,0,0,0,0,0,66
2025-09-29T03:19:01.836Z,59.4,21.1,1.928,50.4,0,60,0,0,0,0,0,0,0,0,66
2025-09-29T03:19:02.837Z,59.4,21.1,1.928,49.6,0,60,0,0,0,0,0,0,0,0,66
2025-09-29T03:19:03.835Z,59.4,21.1,1.928,49.6,0,60,0,0,0,0,0,0,0,0,66
2025-09-29T03:19:04.841Z,59.4,21.1,1.928,50.4,0,60,0,0,0,0,0,0,0,0,66
2025-09-29T03:19:05.840Z,59.4,21.1,1.928,49.6,0,60,0,0,0,0,0,0,0,0,66
2025-09-29T03:19:06.844Z,59.4,21.1,1.928,49.6,0,60,0,0,0,0,0,0,0,0,66
2025-09-29T03:19:07.843Z,59.4,21.1,1.928,50.4,0,60,0,0,0,0,0,0,0,0,66
2025-09-29T03:19:08.841Z,59.4,21.1,1.928,50.4,0,60,0,0,0,0,0,0,0,0,66
2025-09-29T03:19:09.846Z,59.4,21.1,1.928,49.6,0,60,0,0,0,0,0,0,0,0,66
2025-09-29T03:19:10.850Z,59.4,21.1,1.929,50.4,0,60,0,0,0,0,0,0,0,0,66
2025-09-29T03:19:11.846Z,59.4,21.1,1.928,50.4,0,60,0,0,0,0,0,0,0,0,66
2025-09-29T03:19:12.851Z,59.4,21.1,1.929,49.6,0,60,0,0,0,0,0,0,0,0,66
2025-09-29T03:19:13.846Z,59.4,21.1,1.928,50.4,0,60,0,0,0,0,0,0,0,0,66
2025-09-29T03:19:14.851Z,59.4,21.1,1.928,49.6,0,60,0,0,0,0,0,0,0,0,66
2025-09-29T03:19:15.857Z,59.4,21.1,1.929,50.4,0,60,0,0,0,0,0,0,0,0,66
2025-09-29T03:19:16.852Z,59.4,21.1,1.928,50.4,0,60,0,0,0,0,0,0,0,0,66
2025-09-29T03:19:17.854Z,59.4,21.1,1.928,49.6,0,60,0,0,0,0,0,0,0,0,66
2025-09-29T03:19:18.850Z,59.4,21.1,1.928,50.4,0,60,0,0,0,0,0,0,0,0,66
2025-09-29T03:19:19.852Z,59.4,21.1,1.928,49.6,0,60,0,0,0,0,0,0,0,0,66
2025-09-29T03:19:20.858Z,59.4,21.1,1.929,50.4,0,60,0,0,0,0,0,0,0,0,66
2025-09-29T03:19:21.863Z,59.4,21.1,1.929,49.6,0,60,0,0,0,0,0,0,0,0,66
2025-09-29T03:19:22.863Z,59.4,21.1,1.929,50.4,0,60,0,0,0,0,0,0,0,0,66
2025-09-29T03:19:23.859Z,59.4,21.1,1.929,49.6,0,60,0,0,0,0,0,0,0,0,66
2025-09-29T03:19:24.860Z,59.4,21.1,1.929,49.6,0,60,0,0,0,0,0,0,0,0,66
2025-09-29T03:19:25.862Z,59.4,21.1,1.929,50.4,0,60,0,0,0,0,0,0,0,0,66
2025-09-29T03:19:26.860Z,59.4,21.1,1.929,50.4,0,60,0,0,0,0,0,0,0,0,66
2025-09-29T03:19:27.860Z,59.4,21.1,1.928,49.6,0,60,0,0,0,0,0,0,0,0,66
2025-09-29T03:19:28.858Z,59.4,21.1,1.928,50.4,0,60,0,0,0,0,0,0,0,0,66
2025-09-29T03:19:29.861Z,59.4,21.1,1.928,49.6,0,60,0,0,0,0,0,0,0,0,66
2025-09-29T03:19:30.862Z,59.4,21.1,1.929,50.4,0,60,0,0,0,0,0,0,0,0,66
2025-09-29T03:19:31.865Z,59.4,21.1,1.929,49.6,0,60,0,0,0,0,0,0,0,0,66
2025-09-29T03:19:32.867Z,59.4,21.1,1.929,49.6,0,60,0,0,0,0,0,0,0,0,66
2025-09-29T03:19:33.862Z,59.4,21.1,1.928,50.4,0,60,0,0,0,0,0,0,0,0,66
2025-09-29T03:19:34.865Z,59.4,21.1,1.929,49.6,0,60,0,0,0,0,0,0,0,0,66
2025-09-29T03:19:35.863Z,59.4,21.1,1.928,50.4,0,60,0,0,0,0,0,0,0,0,66
2025-09-29T03:19:36.866Z,59.4,21.1,1.928,49.6,0,60,0,0,0,0,0,0,0,0,66
2025-09-29T03:19:37.869Z,59.4,21.1,1.929,50.4,0,60,0,0,0,0,0,0,0,0,66
2025-09-29T03:19:38.872Z,59.4,21.1,1.929,49.6,0,60,0,0,0,0,0,0,0,0,66
2025-09-29T03:19:39.870Z,59.4,21.1,1.929,49.6,0,60,0,0,0,0,0,0,0,0,66
2025-09-29T03:19:40.873Z,59.4,21.1,1.929,50.4,0,60,0,0,0,0,0,0,0,0,66
2025-09-29T03:19:41.874Z,59.4,21.1,1.929,49.6,0,60,0,0,0,0,0,0,0,0,66
2025-09-29T03:19:42.876Z,59.4,21.1,1.929,50.4,0,60,0,0,0,0,0,0,0,0,66
2025-09-29T03:19:43.876Z,59.4,21.1,1.929,49.6,0,60,0,0,0,0,0,0,0,0,66
2025-09-29T03:19:44.879Z,59.4,21.1,1.929,49.6,0,60,0,0,0,0,0,0,0,0,66
2025-09-29T03:19:45.875Z,59.4,21.1,1.929,50.4,0,60,0,0,0,0,0,0,0,0,66
2025-09-29T03:19:46.880Z,59.4,21.1,1.929,49.6,0,60,0,0,0,0,0,0,0,0,66
2025-09-29T03:19:47.879Z,59.4,21.1,1.929,49.6,0,60,0,0,0,0,0,0,0,0,66
2025-09-29T03:19:48.882Z,59.4,21.1,1.929,50.4,0,60,0,0,0,0,0,0,0,0,66
2025-09-29T03:19:49.883Z,59.4,21.1,1.929,49.6,0,60,0,0,0,0,0,0,0,0,66
2025-09-29T03:19:50.887Z,59.4,21.1,1.929,49.6,0,60,0,0,0,0,0,0,0,0,66
2025-09-29T03:19:51.881Z,59.4,21.1,1.929,50.4,0,60,0,0,0,0,0,0,0,0,66
2025-09-29T03:19:52.886Z,59.4,21.1,1.929,49.6,0,60,0,0,0,0,0,0,0,0,66
2025-09-29T03:19:53.882Z,59.4,21.1,1.929,50.4,0,60,0,0,0,0,0,0,0,0,66
2025-09-29T03:19:54.882Z,59.4,21.1,1.929,50.4,0,60,0,0,0,0,0,0,0,0,66
2025-09-29T03:19:55.886Z,59.5,21.1,1.929,49.6,0,60,0,0,0,0,0,0,0,0,66
2025-09-29T03:19:56.892Z,59.5,21.1,1.929,50.4,0,60,0,0,0,0,0,0,0,0,66
2025-09-29T03:19:57.890Z,59.5,21.1,1.929,49.6,0,60,0,0,0,0,0,0,0,0,66
2025-09-29T03:19:58.890Z,59.5,21.1,1.929,49.6,0,60,0,0,0,0,0,0,0,0,66
2025-09-29T03:19:59.887Z,59.5,21.1,1.929,50.4,0,60,0,0,0,0,0,0,0,0,66
2025-09-29T03:20:00.888Z,59.5,21.1,1.929,49.6,0,60,0,0,0,0,0,0,0,0,66
2025-09-29T03:20:01.891Z,59.5,21.1,1.928,49.6,0,60,0,0,0,0,0,0,0,0,66
2025-09-29T03:20:02.893Z,59.5,21.1,1.928,50.4,0,60,0,0,0,0,0,0,0,0,66
2025-09-29T03:20:03.894Z,59.5,21.1,1.928,50.4,0,60,0,0,0,0,0,0,0,0,66
2025-09-29T03:20:04.900Z,59.5,21.1,1.927,49.6,0,60,0,0,0,0,0,0,0,0,66
2025-09-29T03:20:05.901Z,59.5,21.1,1.927,50.4,0,60,0,0,0,0,0,0,0,0,66
2025-09-29T03:20:06.896Z,59.5,21.1,1.928,50.4,0,60,0,0,0,0,0,0,0,0,66
2025-09-29T03:20:07.898Z,59.5,21.1,1.928,49.6,0,60,0,0,0,0,0,0,0,0,66
2025-09-29T03:20:08.897Z,59.5,21.1,1.928,50.4,0,60,0,0,0,0,0,0,0,0,66
2025-09-29T03:20:09.903Z,59.5,21.1,1.927,49.6,0,60,0,0,0,0,0,0,0,0,66
2025-09-29T03:20:10.904Z,59.5,21.1,1.927,50.4,0,60,0,0,0,0,0,0,0,0,66
2025-09-29T03:20:11.906Z,59.5,21.1,1.927,49.6,0,60,0,0,0,0,0,0,0,0,66
2025-09-29T03:20:12.902Z,59.5,21.1,1.927,49.6,0,60,0,0,0,0,0,0,0,0,66
2025-09-29T03:20:13.907Z,59.5,21.1,1.927,50.4,0,60,0,0,0,0,0,0,0,0,66
2025-09-29T03:20:14.903Z,59.5,21.1,1.928,49.6,0,60,0,0,0,0,0,0,0,0,66
2025-09-29T03:20:15.903Z,59.5,21.1,1.928,50.4,0,60,0,0,0,0,0,0,0,0,66
2025-09-29T03:20:16.909Z,59.5,21.1,1.927,49.6,0,60,0,0,0,0,0,0,0,0,66
2025-09-29T03:20:17.905Z,59.5,21.1,1.927,49.6,0,60,0,0,0,0,0,0,0,0,66
2025-09-29T03:20:18.903Z,59.5,21.1,1.928,50.4,0,60,0,0,0,0,0,0,0,0,66
2025-09-29T03:20:19.907Z,59.6,21.1,1.927,49.6,0,60,0,0,0,0,0,0,0,0,66
2025-09-29T03:20:20.909Z,59.6,21.1,1.927,49.6,0,60,0,0,0,0,0,0,0,0,66
2025-09-29T03:20:21.914Z,59.6,21.1,1.927,50.4,0,60,0,0,0,0,0,0,0,0,66
2025-09-29T03:20:22.911Z,59.6,21.1,1.926,49.6,0,60,0,0,0,0,0,0,0,0,66
2025-09-29T03:20:23.914Z,59.6,21.1,1.926,49.6,0,60,0,0,0,0,0,0,0,0,66
2025-09-29T03:20:24.918Z,59.6,21.1,1.927,50.4,0,60,0,0,0,0,0,0,0,0,66
2025-09-29T03:20:25.918Z,59.6,21.1,1.927,49.6,0,60,0,0,0,0,0,0,0,0,66
2025-09-29T03:20:26.914Z,59.6,21.1,1.926,49.6,0,60,0,0,0,0,0,0,0,0,66
2025-09-29T03:20:27.915Z,59.6,21.1,1.927,50.4,0,60,0,0,0,0,0,0,0,0,66
2025-09-29T03:20:28.915Z,59.6,21.1,1.926,50.4,0,60,0,0,0,0,0,0,0,0,66
2025-09-29T03:20:29.915Z,59.6,21.1,1.926,49.6,0,60,0,0,0,0,0,0,0,0,66
2025-09-29T03:20:30.913Z,59.6,21.1,1.927,50.4,0,60,0,0,0,0,0,0,0,0,66
2025-09-29T03:20:31.915Z,59.6,21.1,1.927,50.4,0,60,0,0,0,0,0,0,0,0,66
2025-09-29T03:20:32.922Z,59.6,21.1,1.926,49.6,0,60,0,0,0,0,0,0,0,0,66
2025-09-29T03:20:33.923Z,59.6,21.1,1.926,50.4,0,60,0,0,0,0,0,0,0,0,66
2025-09-29T03:20:34.920Z,59.6,21.1,1.926,50.4,0,60,0,0,0,0,0,0,0,0,66
2025-09-29T03:20:35.920Z,59.6,21.1,1.926,49.6,0,60,0,0,0,0,0,0,0,0,66
2025-09-29T03:20:36.923Z,59.6,21.1,1.926,50.4,0,60,0,0,0,0,0,0,0,0,66
2025-09-29T03:20:37.928Z,59.7,21.1,1.926,49.6,0,60,0,0,0,0,0,0,0,0,66
2025-09-29T03:20:38.923Z,59.7,21.1,1.926,50.4,0,60,0,0,0,0,0,0,0,0,66
2025-09-29T03:20:39.929Z,59.7,21.1,1.926,49.6,0,60,0,0,0,0,0,0,0,0,66
2025-09-29T03:20:40.928Z,59.7,21.1,1.926,49.6,0,60,0,0,0,0,0,0,0,0,66
2025-09-29T03:20:41.926Z,59.7,21.1,1.926,50.4,0,60,0,0,0,0,0,0,0,0,66
2025-09-29T03:20:42.928Z,59.7,21.1,1.926,49.6,0,60,0,0,0,0,0,0,0,0,66
2025-09-29T03:20:43.927Z,59.7,21.1,1.926,50.4,0,60,0,0,0,0,0,0,0,0,66
2025-09-29T03:20:44.928Z,59.7,21.1,1.926,50.4,0,60,0,0,0,0,0,0,0,0,66
2025-09-29T03:20:45.931Z,59.7,21.1,1.926,49.6,0,60,0,0,0,0,0,0,0,0,66
2025-09-29T03:20:46.932Z,59.7,21.1,1.926,50.4,0,60,0,0,0,0,0,0,0,0,66
2025-09-29T03:20:47.931Z,59.7,21.1,1.926,49.6,0,60,0,0,0,0,0,0,0,0,66
2025-09-29T03:20:48.935Z,59.7,21.1,1.926,50.4,0,60,0,0,0,0,0,0,0,0,66
2025-09-29T03:20:49.935Z,59.7,21.1,1.926,49.6,0,60,0,0,0,0,0,0,0,0,66
2025-09-29T03:20:50.936Z,59.7,21.1,1.926,50.4,0,60,0,0,0,0,0,0,0,0,66
2025-09-29T03:20:51.937Z,59.7,21.1,1.926,49.6,0,60,0,0,0,0,0,0,0,0,66
2025-09-29T03:20:52.941Z,59.7,21.1,1.926,50.4,0,60,0,0,0,0,0,0,0,0,66
2025-09-29T03:20:53.941Z,59.7,21.1,1.926,49.6,0,60,0,0,0,0,0,0,0,0,66
2025-09-29T03:20:54.941Z,59.7,21.1,1.926,50.4,0,60,0,0,0,0,0,0,0,0,66
2025-09-29T03:20:55.941Z,59.8,21.1,1.926,49.6,0,60,0,0,0,0,0,0,0,0,66
2025-09-29T03:20:56.945Z,59.8,21.1,1.926,49.6,0,60,0,0,0,0,0,0,0,0,66
2025-09-29T03:20:57.941Z,59.8,21.1,1.926,50.4,0,60,0,0,0,0,0,0,0,0,66
2025-09-29T03:20:58.943Z,59.8,21.1,1.926,49.6,0,60,0,0,0,0,0,0,0,0,66
2025-09-29T03:20:59.947Z,59.8,21.1,1.927,50.4,0,60,0,0,0,0,0,0,0,0,66
2025-09-29T03:21:00.946Z,59.8,21.1,1.926,49.6,0,60,0,0,0,0,0,0,0,0,66
2025-09-29T03:21:01.954Z,59.8,21.1,1.926,49.6,0,60,0,0,0,0,0,0,0,0,66
2025-09-29T03:21:02.945Z,59.8,21.1,1.926,50.4,0,60,0,0,0,0,0,0,0,0,66
2025-09-29T03:21:03.947Z,59.8,21.1,1.926,49.6,0,60,0,0,0,0,0,0,0,0,66
2025-09-29T03:21:04.951Z,59.8,21.1,1.926,50.4,0,60,0,0,0,0,0,0,0,0,66
2025-09-29T03:21:05.948Z,59.8,21.1,1.926,49.6,0,60,0,0,0,0,0,0,0,0,66
2025-09-29T03:21:06.953Z,59.8,21.1,1.926,49.6,0,60,0,0,0,0,0,0,0,0,66
2025-09-29T03:21:07.951Z,59.8,21.1,1.926,50.4,0,60,0,0,0,0,0,0,0,0,66
2025-09-29T03:21:08.955Z,59.8,21.1,1.926,49.6,0,60,0,0,0,0,0,0,0,0,66
2025-09-29T03:21:09.952Z,59.8,21.1,1.926,50.4,0,60,0,0,0,0,0,0,0,0,66
2025-09-29T03:21:10.954Z,59.9,21.1,1.926,49.6,0,60,0,0,0,0,0,0,0,0,66
2025-09-29T03:21:11.955Z,59.9,21.1,1.926,49.6,0,60,0,0,0,0,0,0,0,0,66
2025-09-29T03:21:12.956Z,59.9,21.1,1.926,50.4,0,60,0,0,0,0,0,0,0,0,66
2025-09-29T03:21:13.960Z,59.9,21.1,1.926,50.4,0,60,0,0,0,0,0,0,0,0,66
2025-09-29T03:21:14.957Z,59.9,21.1,1.926,49.6,0,60,0,0,0,0,0,0,0,0,66
2025-09-29T03:21:15.958Z,59.9,21.1,1.926,50.4,0,60,0,0,0,0,0,0,0,0,66
2025-09-29T03:21:16.956Z,59.9,21.1,1.925,49.6,0,60,0,0,0,0,0,0,0,0,66
2025-09-29T03:21:17.960Z,59.9,21.1,1.926,50.4,0,60,0,0,0,0,0,0,0,0,66
2025-09-29T03:21:18.962Z,59.9,21.1,1.926,49.6,0,60,0,0,0,0,0,0,0,0,66
2025-09-29T03:21:19.960Z,59.9,21.1,1.925,49.6,0,60,0,0,0,0,0,0,0,0,66
2025-09-29T03:21:20.961Z,59.9,21.1,1.925,50.4,0,60,0,0,0,0,0,0,0,0,66
2025-09-29T03:21:21.965Z,59.9,21.1,1.925,49.6,0,60,0,0,0,0,0,0,0,0,66
2025-09-29T03:21:22.970Z,59.9,21.1,1.926,49.6,0,60,0,0,0,0,0,0,0,0,66
2025-09-29T03:21:23.968Z,59.9,21.1,1.926,50.4,0,60,0,0,0,0,0,0,0,0,66
2025-09-29T03:21:24.969Z,59.9,21.1,1.926,50.4,0,60,0,0,0,0,0,0,0,0,66
2025-09-29T03:21:25.974Z,59.9,21.1,1.926,49.6,0,60,0,0,0,0,0,0,0,0,66
2025-09-29T03:21:25.974Z,59.9,21.1,1.926,49.6,0,60,0,0,0,0,0,0,0,0,66
2025-09-29T03:21:27.969Z,60,21.1,1.926,49.6,0,60,0,0,0,0,0,0,0,0,66
2025-09-29T03:21:28.971Z,60,21.1,1.926,50.4,0,60,0,0,0,0,0,0,0,0,66
2025-09-29T03:21:29.973Z,60,21.1,1.926,50.4,0,60,0,0,0,0,0,0,0,0,66
2025-09-29T03:21:30.975Z,60,21.1,1.926,49.6,0,60,0,0,0,0,0,0,0,0,66
2025-09-29T03:21:31.968Z,60,21.1,1.925,50.4,0,60,0,0,0,0,0,0,0,0,66
2025-09-29T03:21:32.974Z,60,21.1,1.926,49.6,0,60,0,0,0,0,0,0,0,0,66
2025-09-29T03:21:33.973Z,60,21.1,1.926,50.4,0,60,0,0,0,0,0,0,0,0,66
2025-09-29T03:21:34.979Z,60,21.1,1.926,49.6,0,60,0,0,0,0,0,0,0,0,66
2025-09-29T03:21:35.975Z,60,21.1,1.926,49.6,0,60,0,0,0,0,0,0,0,0,66
2025-09-29T03:21:36.979Z,60,21.1,1.926,50.4,0,60,0,0,0,0,0,0,0,0,66
2025-09-29T03:21:37.980Z,60.1,21.1,1.926,50.4,0,60,0,0,0,0,0,0,0,0,66
2025-09-29T03:21:38.977Z,60.1,21.1,1.926,49.6,0,60,0,0,0,0,0,0,0,0,66
2025-09-29T03:21:39.979Z,60.1,21.1,1.926,49.6,0,60,0,0,0,0,0,0,0,0,66
2025-09-29T03:21:40.983Z,60.1,21.1,1.926,49.6,0,60,0,0,0,0,0,0,0,0,66
2025-09-29T03:21:41.983Z,60.1,21.1,1.925,50.4,0,60,0,0,0,0,0,0,0,0,66
2025-09-29T03:21:42.984Z,60.1,21.1,1.925,50.4,0,60,0,0,0,0,0,0,0,0,66
2025-09-29T03:21:43.985Z,60.1,21.1,1.925,49.6,0,60,0,0,0,0,0,0,0,0,66
2025-09-29T03:21:44.985Z,60.1,21.1,1.925,50.4,0,60,0,0,0,0,0,0,0,0,66
2025-09-29T03:21:45.993Z,60.1,21.1,1.925,49.6,0,60,0,0,0,0,0,0,0,0,66
2025-09-29T03:21:46.986Z,60.1,21.1,1.925,50.4,0,60,0,0,0,0,0,0,0,0,66
2025-09-29T03:21:47.994Z,60.1,21.1,1.925,49.6,0,60,0,0,0,0,0,0,0,0,66
2025-09-29T03:21:48.992Z,60.1,21.1,1.925,49.6,0,60,0,0,0,0,0,0,0,0,66
2025-09-29T03:21:49.992Z,60.1,21.1,1.925,50.4,0,60,0,0,0,0,0,0,0,0,66
2025-09-29T03:21:50.992Z,60.1,21.1,1.925,49.6,0,60,0,0,0,0,0,0,0,0,66
2025-09-29T03:21:51.995Z,60.2,21.1,1.925,49.6,0,60,0,0,0,0,0,0,0,0,66
2025-09-29T03:21:52.997Z,60.2,21.1,1.925,50.4,0,60,0,0,0,0,0,0,0,0,66
2025-09-29T03:21:53.996Z,60.2,21.1,1.924,49.6,0,60,0,0,0,0,0,0,0,0,66
2025-09-29T03:21:54.996Z,60.2,21.1,1.925,49.6,0,60,0,0,0,0,0,0,0,0,66
2025-09-29T03:21:55.994Z,60.2,21.1,1.925,50.4,0,60,0,0,0,0,0,0,0,0,66
2025-09-29T03:21:57.004Z,60.2,21.1,1.924,49.6,0,60,0,0,0,0,0,0,0,0,66
2025-09-29T03:21:58.003Z,60.2,21.1,1.924,49.6,0,60,0,0,0,0,0,0,0,0,66
2025-09-29T03:21:58.999Z,60.2,21.1,1.924,50.4,0,60,0,0,0,0,0,0,0,0,66
2025-09-29T03:21:59.998Z,60.2,21.1,1.924,49.6,0,60,0,0,0,0,0,0,0,0,66
2025-09-29T03:22:01.000Z,60.2,21.1,1.924,50.4,0,60,0,0,0,0,0,0,0,0,66
2025-09-29T03:22:01.000Z,60.2,21.1,1.924,50.4,0,60,0,0,0,0,0,0,0,0,66
2025-09-29T03:22:02.999Z,60.2,21.1,1.924,49.6,0,60,0,0,0,0,0,0,0,0,66
2025-09-29T03:22:04.001Z,60.3,21.1,1.924,50.4,0,60,0,0,0,0,0,0,0,0,66
2025-09-29T03:22:05.002Z,60.2,21.1,1.924,50.4,0,60,0,0,0,0,0,0,0,0,66
2025-09-29T03:22:06.007Z,60.3,21.1,1.924,49.6,0,60,0,0,0,0,0,0,0,0,66
2025-09-29T03:22:07.004Z,60.3,21.1,1.924,50.4,0,60,0,0,0,0,0,0,0,0,66
2025-09-29T03:22:08.007Z,60.3,21.1,1.924,49.6,0,60,0,0,0,0,0,0,0,0,66
2025-09-29T03:22:09.011Z,60.3,21.1,1.924,50.4,0,60,0,0,0,0,0,0,0,0,66
2025-09-29T03:22:10.007Z,60.3,21.1,1.924,49.6,0,60,0,0,0,0,0,0,0,0,66
2025-09-29T03:22:11.009Z,60.3,21.1,1.924,50.4,0,60,0,0,0,0,0,0,0,0,66
2025-09-29T03:22:12.009Z,60.3,21.1,1.924,49.6,0,60,0,0,0,0,0,0,0,0,66
2025-09-29T03:22:13.010Z,60.3,21.1,1.924,49.6,0,60,0,0,0,0,0,0,0,0,66
2025-09-29T03:22:14.013Z,60.3,21.1,1.924,50.4,0,60,0,0,0,0,0,0,0,0,66
2025-09-29T03:22:15.018Z,60.3,21.1,1.924,49.6,0,60,0,0,0,0,0,0,0,0,66
2025-09-29T03:22:16.016Z,60.3,21.1,1.924,49.6,0,60,0,0,0,0,0,0,0,0,66
2025-09-29T03:22:17.016Z,60.4,21.1,1.924,50.4,0,60,0,0,0,0,0,0,0,0,66
2025-09-29T03:22:18.016Z,60.4,21.1,1.924,49.6,0,60,0,0,0,0,0,0,0,0,66
2025-09-29T03:22:19.022Z,60.4,21.1,1.924,49.6,0,60,0,0,0,0,0,0,0,0,66
2025-09-29T03:22:19.022Z,60.4,21.1,1.924,49.6,0,60,0,0,0,0,0,0,0,0,66
2025-09-29T03:22:21.019Z,60.4,21.1,1.923,50.4,0,60,0,0,0,0,0,0,0,0,66
2025-09-29T03:22:22.023Z,60.4,21.1,1.923,49.6,0,60,0,0,0,0,0,0,0,0,66
2025-09-29T03:22:23.020Z,60.4,21.1,1.923,50.4,0,60,0,0,0,0,0,0,0,0,66
2025-09-29T03:22:24.022Z,60.4,21.1,1.923,50.4,0,60,0,0,0,0,0,0,0,0,66
2025-09-29T03:22:25.025Z,60.4,21.1,1.923,49.6,0,60,0,0,0,0,0,0,0,0,66
2025-09-29T03:22:26.026Z,60.4,21.1,1.923,50.4,0,60,0,0,0,0,0,0,0,0,66
2025-09-29T03:22:27.024Z,60.4,21.1,1.923,49.6,0,60,0,0,0,0,0,0,0,0,66
2025-09-29T03:22:28.030Z,60.4,21.1,1.923,50.4,0,60,0,0,0,0,0,0,0,0,66
2025-09-29T03:22:29.032Z,60.4,21.1,1.923,49.6,0,60,0,0,0,0,0,0,0,0,66
2025-09-29T03:22:30.028Z,60.5,21.1,1.923,49.6,0,60,0,0,0,0,0,0,0,0,66
2025-09-29T03:22:31.036Z,60.5,21.1,1.923,50.4,0,60,0,0,0,0,0,0,0,0,66
2025-09-29T03:22:32.027Z,60.5,21.1,1.923,50.4,0,60,0,0,0,0,0,0,0,0,66
2025-09-29T03:22:33.028Z,60.5,21.1,1.923,49.6,0,60,0,0,0,0,0,0,0,0,66
2025-09-29T03:22:34.033Z,60.5,21.1,1.923,50.4,0,60,0,0,0,0,0,0,0,0,66
2025-09-29T03:22:35.032Z,60.5,21.1,1.922,49.6,0,60,0,0,0,0,0,0,0,0,66
2025-09-29T03:22:36.036Z,60.5,21.1,1.923,50.4,0,60,0,0,0,0,0,0,0,0,66
2025-09-29T03:22:37.036Z,60.5,21.1,1.922,49.6,0,60,0,0,0,0,0,0,0,0,66
2025-09-29T03:22:38.037Z,60.5,21.1,1.923,50.4,0,60,0,0,0,0,0,0,0,0,66
2025-09-29T03:22:39.034Z,60.5,21.1,1.923,49.6,0,60,0,0,0,0,0,0,0,0,66
2025-09-29T03:22:40.038Z,60.5,21.1,1.923,49.6,0,60,0,0,0,0,0,0,0,0,66
2025-09-29T03:22:41.044Z,60.5,21.1,1.922,50.4,0,60,0,0,0,0,0,0,0,0,66
2025-09-29T03:22:42.041Z,60.6,21.1,1.922,49.6,0,60,0,0,0,0,0,0,0,0,66
2025-09-29T03:22:43.039Z,60.6,21.1,1.922,50.4,0,60,0,0,0,0,0,0,0,0,66
2025-09-29T03:22:44.040Z,60.5,21.1,1.922,50.4,0,60,0,0,0,0,0,0,0,0,66
2025-09-29T03:22:45.048Z,60.6,21.1,1.922,49.6,0,60,0,0,0,0,0,0,0,0,66
2025-09-29T03:22:46.046Z,60.6,21.1,1.922,50.4,0,60,0,0,0,0,0,0,0,0,66
2025-09-29T03:22:47.046Z,60.6,21.1,1.922,49.6,0,60,0,0,0,0,0,0,0,0,66
2025-09-29T03:22:48.044Z,60.6,21.1,1.922,50.4,0,60,0,0,0,0,0,0,0,0,66
2025-09-29T03:22:49.050Z,60.6,21.1,1.922,49.6,0,60,0,0,0,0,0,0,0,0,66
2025-09-29T03:22:50.045Z,60.6,21.1,1.923,50.4,0,60,0,0,0,0,0,0,0,0,66
2025-09-29T03:22:51.050Z,60.6,21.1,1.922,49.6,0,60,0,0,0,0,0,0,0,0,66
2025-09-29T03:22:52.050Z,60.6,21.1,1.922,49.6,0,60,0,0,0,0,0,0,0,0,66
2025-09-29T03:22:53.050Z,60.6,21.1,1.922,50.4,0,60,0,0,0,0,0,0,0,0,66
2025-09-29T03:22:54.049Z,60.6,21.1,1.923,49.6,0,60,0,0,0,0,0,0,0,0,66
2025-09-29T03:22:55.052Z,60.6,21.1,1.921,49.6,0,60,0,0,0,0,0,0,0,0,66
2025-09-29T03:22:56.062Z,60.7,21.1,1.921,50.4,0,60,0,0,0,0,0,0,0,0,66
2025-09-29T03:22:57.056Z,60.7,21.1,1.922,49.6,0,60,0,0,0,0,0,0,0,0,66
2025-09-29T03:22:58.057Z,60.7,21.1,1.921,50.4,0,60,0,0,0,0,0,0,0,0,66
2025-09-29T03:22:59.054Z,60.7,21.1,1.921,50.4,0,60,0,0,0,0,0,0,0,0,66
2025-09-29T03:23:00.059Z,60.7,21.1,1.921,49.6,0,60,0,0,0,0,0,0,0,0,66
2025-09-29T03:23:01.057Z,60.7,21.1,1.921,50.4,0,60,0,0,0,0,0,0,0,0,66
2025-09-29T03:23:02.066Z,60.7,21.1,1.922,49.6,0,60,0,0,0,0,0,0,0,0,66
2025-09-29T03:23:03.055Z,60.7,21.1,1.921,50.4,0,60,0,0,0,0,0,0,0,0,66
2025-09-29T03:23:04.054Z,60.7,21.1,1.921,49.6,0,60,0,0,0,0,0,0,0,0,66
2025-09-29T03:23:05.057Z,60.7,21.1,1.921,50.4,0,60,0,0,0,0,0,0,0,0,66
2025-09-29T03:23:06.063Z,60.7,21.1,1.921,49.6,0,60,0,0,0,0,0,0,0,0,66
2025-09-29T03:23:07.058Z,60.7,21.1,1.921,50.4,0,60,0,0,0,0,0,0,0,0,66
2025-09-29T03:23:08.063Z,60.7,21.1,1.921,49.6,0,60,0,0,0,0,0,0,0,0,66
2025-09-29T03:23:09.068Z,60.7,21.1,1.921,49.6,0,60,0,0,0,0,0,0,0,0,66
2025-09-29T03:23:10.064Z,60.7,21.1,1.921,50.4,0,60,0,0,0,0,0,0,0,0,66
2025-09-29T03:23:11.065Z,60.8,21.1,1.921,49.6,0,60,0,0,0,0,0,0,0,0,66
2025-09-29T03:23:12.063Z,60.8,21.1,1.921,49.6,0,60,0,0,0,0,0,0,0,0,66
2025-09-29T03:23:13.069Z,60.8,21.1,1.921,50.4,0,60,0,0,0,0,0,0,0,0,66
2025-09-29T03:23:14.073Z,60.8,21.1,1.921,49.6,0,60,0,0,0,0,0,0,0,0,66
2025-09-29T03:23:15.067Z,60.8,21.1,1.921,50.4,0,60,0,0,0,0,0,0,0,0,66
2025-09-29T03:23:16.067Z,60.8,21.1,1.921,49.6,0,60,0,0,0,0,0,0,0,0,66
2025-09-29T03:23:17.071Z,60.8,21.1,1.921,50.4,0,60,0,0,0,0,0,0,0,0,66
2025-09-29T03:23:18.072Z,60.8,21.1,1.921,49.6,0,60,0,0,0,0,0,0,0,0,66
2025-09-29T03:23:19.071Z,60.8,21.1,1.921,49.6,0,60,0,0,0,0,0,0,0,0,66
2025-09-29T03:23:20.080Z,60.8,21.1,1.922,50.4,0,60,0,0,0,0,0,0,0,0,66
2025-09-29T03:23:21.077Z,60.8,21.1,1.921,49.6,0,60,0,0,0,0,0,0,0,0,66
2025-09-29T03:23:22.080Z,60.8,21.1,1.922,50.4,0,60,0,0,0,0,0,0,0,0,66
2025-09-29T03:23:23.078Z,60.8,21.1,1.921,49.6,0,60,0,0,0,0,0,0,0,0,66
2025-09-29T03:23:24.075Z,60.8,21.1,1.921,50.4,0,60,0,0,0,0,0,0,0,0,66
2025-09-29T03:23:25.080Z,60.9,21.1,1.921,50.4,0,60,0,0,0,0,0,0,0,0,66
2025-09-29T03:23:26.085Z,60.9,21.1,1.922,49.6,0,60,0,0,0,0,0,0,0,0,66
2025-09-29T03:23:27.077Z,60.9,21.1,1.921,50.4,0,60,0,0,0,0,0,0,0,0,66
2025-09-29T03:23:28.086Z,60.9,21.1,1.921,49.6,0,60,0,0,0,0,0,0,0,0,66
2025-09-29T03:23:29.081Z,60.9,21.1,1.921,50.4,0,60,0,0,0,0,0,0,0,0,66
2025-09-29T03:23:30.082Z,60.9,21.1,1.92,49.6,0,60,0,0,0,0,0,0,0,0,66
2025-09-29T03:23:31.089Z,60.9,21.1,1.922,50.4,0,60,0,0,0,0,0,0,0,0,66
2025-09-29T03:23:32.084Z,60.9,21.1,1.922,49.6,0,60,0,0,0,0,0,0,0,0,66
2025-09-29T03:23:33.085Z,60.9,21.1,1.921,49.6,0,60,0,0,0,0,0,0,0,0,66
2025-09-29T03:23:34.085Z,60.9,21.1,1.921,50.4,0,60,0,0,0,0,0,0,0,0,66
2025-09-29T03:23:35.085Z,60.9,21.1,1.921,49.6,0,60,0,0,0,0,0,0,0,0,66
2025-09-29T03:23:36.089Z,60.9,21.1,1.921,49.6,0,60,0,0,0,0,0,0,0,0,66
2025-09-29T03:23:37.089Z,60.9,21.1,1.921,50.4,0,60,0,0,0,0,0,0,0,0,66
2025-09-29T03:23:38.088Z,60.9,21.1,1.92,49.6,0,60,0,0,0,0,0,0,0,0,66
2025-09-29T03:23:39.090Z,60.9,21.1,1.921,49.6,0,60,0,0,0,0,0,0,0,0,66
2025-09-29T03:23:40.093Z,60.9,21.1,1.921,50.4,0,60,0,0,0,0,0,0,0,0,66
2025-09-29T03:23:41.099Z,60.9,21.1,1.921,50.4,0,60,0,0,0,0,0,0,0,0,66
2025-09-29T03:23:42.099Z,61,21.1,1.921,49.6,0,60,0,0,0,0,0,0,0,0,66
2025-09-29T03:23:43.098Z,61,21.1,1.921,50.4,0,60,0,0,0,0,0,0,0,0,66
2025-09-29T03:23:44.095Z,61,21.1,1.921,49.6,0,60,0,0,0,0,0,0,0,0,66
2025-09-29T03:23:45.102Z,61,21.1,1.921,50.4,0,60,0,0,0,0,0,0,0,0,66
2025-09-29T03:23:46.102Z,61,21.1,1.921,49.6,0,60,0,0,0,0,0,0,0,0,66
2025-09-29T03:23:47.100Z,61,21.1,1.921,50.4,0,60,0,0,0,0,0,0,0,0,66
2025-09-29T03:23:48.104Z,61,21.1,1.921,49.6,0,60,0,0,0,0,0,0,0,0,66
2025-09-29T03:23:49.106Z,61,21.1,1.921,49.6,0,60,0,0,0,0,0,0,0,0,66
2025-09-29T03:23:50.103Z,61,21.1,1.921,50.4,0,60,0,0,0,0,0,0,0,0,66
2025-09-29T03:23:51.105Z,61,21.1,1.921,49.6,0,60,0,0,0,0,0,0,0,0,66
2025-09-29T03:23:52.104Z,61,21.1,1.921,50.4,0,60,0,0,0,0,0,0,0,0,66
2025-09-29T03:23:53.103Z,61,21.1,1.92,50.4,0,60,0,0,0,0,0,0,0,0,66
2025-09-29T03:23:54.104Z,61,21.1,1.921,49.6,0,60,0,0,0,0,0,0,0,0,66
2025-09-29T03:23:55.106Z,61,21.1,1.92,50.4,0,60,0,0,0,0,0,0,0,0,66
2025-09-29T03:23:56.106Z,61,21.1,1.92,49.6,0,60,0,0,0,0,0,0,0,0,66
2025-09-29T03:23:57.108Z,61,21.1,1.92,50.4,0,60,0,0,0,0,0,0,0,0,66
2025-09-29T03:23:58.116Z,61,21.1,1.92,49.6,0,60,0,0,0,0,0,0,0,0,66
2025-09-29T03:23:59.113Z,61,21.1,1.92,50.4,0,60,0,0,0,0,0,0,0,0,66
2025-09-29T03:24:00.109Z,61,21.1,1.92,49.6,0,60,0,0,0,0,0,0,0,0,66
2025-09-29T03:24:01.117Z,61,21.1,1.92,49.6,0,60,0,0,0,0,0,0,0,0,66
2025-09-29T03:24:02.115Z,61.1,21.1,1.92,50.4,0,60,0,0,0,0,0,0,0,0,66
2025-09-29T03:24:03.115Z,61.1,21.1,1.92,49.6,0,60.1,0,0,0,0,0,0,0,0,66
2025-09-29T03:24:04.118Z,61.1,21.1,1.92,50.4,0,60.1,0,0,0,0,0,0,0,0,66
2025-09-29T03:24:05.119Z,61.1,21.1,1.92,49.6,0,60.1,0,0,0,0,0,0,0,0,66
2025-09-29T03:24:06.115Z,61.1,21.1,1.92,49.6,0,60.1,0,0,0,0,0,0,0,0,66
2025-09-29T03:24:07.114Z,61.1,21.1,1.92,50.4,0,60.1,0,0,0,0,0,0,0,0,66
2025-09-29T03:24:08.116Z,61.1,21.1,1.92,49.6,0,60,0,0,0,0,0,0,0,0,66
2025-09-29T03:24:09.120Z,61.1,21.1,1.92,49.6,0,60.1,0,0,0,0,0,0,0,0,66
2025-09-29T03:24:10.120Z,61.1,21.1,1.92,50.4,0,60.1,0,0,0,0,0,0,0,0,66
2025-09-29T03:24:11.118Z,61.1,21.1,1.92,49.6,0,60.1,0,0,0,0,0,0,0,0,66
2025-09-29T03:24:12.121Z,61.1,21.1,1.92,49.6,0,60.1,0,0,0,0,0,0,0,0,66
2025-09-29T03:24:13.123Z,61.1,21.1,1.92,50.4,0,60.1,0,0,0,0,0,0,0,0,66
2025-09-29T03:24:14.122Z,61.1,21.1,1.92,50.4,0,60.1,0,0,0,0,0,0,0,0,66
2025-09-29T03:24:15.125Z,61.1,21.1,1.92,49.6,0,60.1,0,0,0,0,0,0,0,0,66
2025-09-29T03:24:16.127Z,61.1,21.1,1.92,50.4,0,60.1,0,0,0,0,0,0,0,0,66
2025-09-29T03:24:17.128Z,61.1,21.1,1.92,49.6,0,60.1,0,0,0,0,0,0,0,0,66
2025-09-29T03:24:18.128Z,61.1,21.1,1.92,50.4,0,60.1,0,0,0,0,0,0,0,0,66
2025-09-29T03:24:19.131Z,61.1,21.1,1.92,49.6,0,60.1,0,0,0,0,0,0,0,0,66
2025-09-29T03:24:20.129Z,61.1,21.1,1.92,50.4,0,60.1,0,0,0,0,0,0,0,0,66
2025-09-29T03:24:21.136Z,61.1,21.1,1.92,49.6,0,60.1,0,0,0,0,0,0,0,0,66
2025-09-29T03:24:22.135Z,61.1,21.1,1.92,50.4,0,60.1,0,0,0,0,0,0,0,0,66
2025-09-29T03:24:23.129Z,61.1,21.1,1.92,50.4,0,60.1,0,0,0,0,0,0,0,0,66
2025-09-29T03:24:24.132Z,61.1,21.1,1.92,49.6,0,60.1,0,0,0,0,0,0,0,0,66
2025-09-29T03:24:25.135Z,61.1,21.1,1.92,49.6,0,60.1,0,0,0,0,0,0,0,0,66
2025-09-29T03:24:26.135Z,61.1,21.1,1.92,49.6,0,60.1,0,0,0,0,0,0,0,0,66
2025-09-29T03:24:27.137Z,61.1,21.1,1.92,50.4,0,60.1,0,0,0,0,0,0,0,0,66
2025-09-29T03:24:28.140Z,61.1,21.1,1.92,50.4,0,60.1,0,0,0,0,0,0,0,0,66
2025-09-29T03:24:29.133Z,61.1,21.1,1.92,49.6,0,60.1,0,0,0,0,0,0,0,0,66
2025-09-29T03:24:30.139Z,61.2,21.1,1.92,50.4,0,60.1,0,0,0,0,0,0,0,0,66
2025-09-29T03:24:31.137Z,61.2,21.1,1.92,49.6,0,60.1,0,0,0,0,0,0,0,0,66
2025-09-29T03:24:32.136Z,61.2,21.1,1.92,50.4,0,60.1,0,0,0,0,0,0,0,0,66
2025-09-29T03:24:33.141Z,61.2,21.1,1.92,49.6,0,60.1,0,0,0,0,0,0,0,0,66
2025-09-29T03:24:34.144Z,61.2,21.1,1.92,50.4,0,60.1,0,0,0,0,0,0,0,0,66
2025-09-29T03:24:35.138Z,61.2,21.1,1.92,49.6,0,60.1,0,0,0,0,0,0,0,0,66
2025-09-29T03:24:36.139Z,61.2,21.1,1.92,50.4,0,60.1,0,0,0,0,0,0,0,0,66
2025-09-29T03:24:37.144Z,61.2,21.1,1.92,49.6,0,60.1,0,0,0,0,0,0,0,0,66
2025-09-29T03:24:38.151Z,61.2,21.1,1.92,49.6,0,60.1,0,0,0,0,0,0,0,0,66
2025-09-29T03:24:39.151Z,61.2,21.1,1.919,50.4,0,60.1,0,0,0,0,0,0,0,0,66
2025-09-29T03:24:40.144Z,61.2,21.1,1.92,50.4,0,60.1,0,0,0,0,0,0,0,0,66
2025-09-29T03:24:41.150Z,61.2,21.1,1.92,49.6,0,60.1,0,0,0,0,0,0,0,0,66
2025-09-29T03:24:42.152Z,61.2,21.1,1.92,49.6,0,60.1,0,0,0,0,0,0,0,0,66
2025-09-29T03:24:43.148Z,61.2,21.1,1.92,49.6,0,60.1,0,0,0,0,0,0,0,0,66
2025-09-29T03:24:44.151Z,61.2,21.1,1.92,50.4,0,60.1,0,0,0,0,0,0,0,0,66
2025-09-29T03:24:45.150Z,61.2,21.1,1.92,49.6,0,60.1,0,0,0,0,0,0,0,0,66
2025-09-29T03:24:46.154Z,61.2,21.1,1.92,49.6,0,60.1,0,0,0,0,0,0,0,0,66
2025-09-29T03:24:47.153Z,61.2,21.1,1.92,50.4,0,60.1,0,0,0,0,0,0,0,0,66
2025-09-29T03:24:48.155Z,61.2,21.1,1.92,50.4,0,60.1,0,0,0,0,0,0,0,0,66
2025-09-29T03:24:49.154Z,61.2,21.1,1.92,49.6,0,60.1,0,0,0,0,0,0,0,0,66
2025-09-29T03:24:50.159Z,61.2,21.1,1.919,50.4,0,60.1,0,0,0,0,0,0,0,0,66
2025-09-29T03:24:51.156Z,61.2,21.1,1.92,49.6,0,60.1,0,0,0,0,0,0,0,0,66
2025-09-29T03:24:52.157Z,61.2,21.1,1.92,50.4,0,60.1,0,0,0,0,0,0,0,0,66
2025-09-29T03:24:53.157Z,61.2,21.1,1.92,49.6,0,60.1,0,0,0,0,0,0,0,0,66
2025-09-29T03:24:54.162Z,61.2,21.1,1.92,49.6,0,60.1,0,0,0,0,0,0,0,0,66
2025-09-29T03:24:55.163Z,61.2,21.1,1.92,50.4,0,60.1,0,0,0,0,0,0,0,0,66
2025-09-29T03:24:56.158Z,61.2,21.1,1.92,49.6,0,60.1,0,0,0,0,0,0,0,0,66
2025-09-29T03:24:57.166Z,61.2,21.1,1.92,50.4,0,60.1,0,0,0,0,0,0,0,0,66
2025-09-29T03:24:58.164Z,61.2,21.1,1.92,49.6,0,60.1,0,0,0,0,0,0,0,0,66
2025-09-29T03:24:59.162Z,61.2,21.1,1.92,49.6,0,60.1,0,0,0,0,0,0,0,0,66
2025-09-29T03:25:00.162Z,61.2,21.1,1.92,50.4,0,60.1,0,0,0,0,0,0,0,0,66
2025-09-29T03:25:01.165Z,61.2,21.1,1.92,49.6,0,60.1,0,0,0,0,0,0,0,0,66
2025-09-29T03:25:02.167Z,61.2,21.1,1.92,49.6,0,60.1,0,0,0,0,0,0,0,0,66
2025-09-29T03:25:03.167Z,61.2,21.1,1.92,50.4,0,60.1,0,0,0,0,0,0,0,0,66
2025-09-29T03:25:04.174Z,61.2,21.1,1.92,49.6,0,60.1,0,0,0,0,0,0,0,0,66
2025-09-29T03:25:05.170Z,61.2,21.1,1.92,49.6,0,60.1,0,0,0,0,0,0,0,0,66
2025-09-29T03:25:06.173Z,61.2,21.1,1.92,50.4,0,60.1,0,0,0,0,0,0,0,0,66
2025-09-29T03:25:07.171Z,61.2,21.1,1.92,49.6,0,60.1,0,0,0,0,0,0,0,0,66
2025-09-29T03:25:08.168Z,61.2,21.1,1.92,49.6,0,60.1,0,0,0,0,0,0,0,0,66
2025-09-29T03:25:09.173Z,61.2,21.1,1.92,50.4,0,60.1,0,0,0,0,0,0,0,0,66
2025-09-29T03:25:10.176Z,61.2,21.1,1.92,50.4,0,60.1,0,0,0,0,0,0,0,0,66
2025-09-29T03:25:11.175Z,61.2,21.1,1.92,49.6,0,60.1,0,0,0,0,0,0,0,0,66
2025-09-29T03:25:12.175Z,61.2,21.1,1.92,50.4,0,60.1,0,0,0,0,0,0,0,0,66
2025-09-29T03:25:13.183Z,61.2,21.1,1.92,49.6,0,60.1,0,0,0,0,0,0,0,0,66
2025-09-29T03:25:14.179Z,61.2,21.1,1.92,49.6,0,60.1,0,0,0,0,0,0,0,0,66
2025-09-29T03:25:15.184Z,61.2,21.1,1.92,50.4,0,60.1,0,0,0,0,0,0,0,0,66
2025-09-29T03:25:16.176Z,61.2,21.1,1.92,49.6,0,60.1,0,0,0,0,0,0,0,0,66
2025-09-29T03:25:17.184Z,61.2,21.1,1.919,49.6,0,60.1,0,0,0,0,0,0,0,0,66
2025-09-29T03:25:18.184Z,61.2,21.1,1.92,50.4,0,60.1,0,0,0,0,0,0,0,0,66
2025-09-29T03:25:19.183Z,61.2,21.1,1.92,50.4,0,60.1,0,0,0,0,0,0,0,0,66
2025-09-29T03:25:20.184Z,61.2,21.1,1.92,49.6,0,60.1,0,0,0,0,0,0,0,0,66
2025-09-29T03:25:21.186Z,61.1,21.1,1.92,50.4,0,60.1,0,0,0,0,0,0,0,0,66
2025-09-29T03:25:22.191Z,61.2,21.1,1.92,50.4,0,60.1,0,0,0,0,0,0,0,0,66
2025-09-29T03:25:23.190Z,61.1,21.1,1.92,49.6,0,60.1,0,0,0,0,0,0,0,0,66
2025-09-29T03:25:24.188Z,61.1,21.1,1.92,50.4,0,60.1,0,0,0,0,0,0,0,0,66
2025-09-29T03:25:25.192Z,61.1,21.1,1.92,49.6,0,60.1,0,0,0,0,0,0,0,0,66
2025-09-29T03:25:26.191Z,61.1,21.1,1.92,50.4,0,60.1,0,0,0,0,0,0,0,0,66
2025-09-29T03:25:27.192Z,61.1,21.1,1.92,49.6,0,60.1,0,0,0,0,0,0,0,0,66
2025-09-29T03:25:28.194Z,61.1,21.1,1.92,49.6,0,60.1,0,0,0,0,0,0,0,0,66
2025-09-29T03:25:29.194Z,61.1,21.1,1.92,50.4,0,60.1,0,0,0,0,0,0,0,0,66
2025-09-29T03:25:30.192Z,61.1,21.1,1.92,49.6,0,60.1,0,0,0,0,0,0,0,0,66
2025-09-29T03:25:31.193Z,61.1,21.1,1.92,50.4,0,60.1,0,0,0,0,0,0,0,0,66
2025-09-29T03:25:32.193Z,61.1,21.1,1.92,50.4,0,60.1,0,0,0,0,0,0,0,0,66
2025-09-29T03:25:33.198Z,61.1,21.1,1.92,49.6,0,60.1,0,0,0,0,0,0,0,0,66
2025-09-29T03:25:34.197Z,61.1,21.1,1.92,50.4,0,60.1,0,0,0,0,0,0,0,0,66
2025-09-29T03:25:35.200Z,61.1,21.1,1.92,49.6,0,60.1,0,0,0,0,0,0,0,0,66
2025-09-29T03:25:36.202Z,61.1,21.1,1.92,50.4,0,60.1,0,0,0,0,0,0,0,0,66
2025-09-29T03:25:37.200Z,61.1,21.1,1.92,49.6,0,60.1,0,0,0,0,0,0,0,0,66
2025-09-29T03:25:38.204Z,61.1,21.1,1.92,49.6,0,60.1,0,0,0,0,0,0,0,0,66
2025-09-29T03:25:39.200Z,61.1,21.1,1.92,50.4,0,60.1,0,0,0,0,0,0,0,0,66
2025-09-29T03:25:40.202Z,61.1,21.1,1.92,49.6,0,60.1,0,0,0,0,0,0,0,0,66
2025-09-29T03:25:41.202Z,61.1,21.1,1.92,49.6,0,60.1,0,0,0,0,0,0,0,0,66
2025-09-29T03:25:42.205Z,61.1,21.1,1.92,50.4,0,60.1,0,0,0,0,0,0,0,0,66
2025-09-29T03:25:43.203Z,61.1,21.1,1.92,50.4,0,60.1,0,0,0,0,0,0,0,0,66
2025-09-29T03:25:44.210Z,61.1,21.1,1.92,49.6,0,60.1,0,0,0,0,0,0,0,0,66
2025-09-29T03:25:45.211Z,61.1,21.1,1.92,50.4,0,60.1,0,0,0,0,0,0,0,0,66
2025-09-29T03:25:46.209Z,61.1,21.1,1.92,49.6,0,60.1,0,0,0,0,0,0,0,0,66
2025-09-29T03:25:47.209Z,61.1,21.1,1.92,50.4,0,60.1,0,0,0,0,0,0,0,0,66
2025-09-29T03:25:48.211Z,61.1,21.1,1.92,49.6,0,60.1,0,0,0,0,0,0,0,0,66
2025-09-29T03:25:49.211Z,61.1,21.1,1.92,50.4,0,60.1,0,0,0,0,0,0,0,0,66
2025-09-29T03:25:50.216Z,61.1,21.1,1.92,49.6,0,60.1,0,0,0,0,0,0,0,0,66
2025-09-29T03:25:51.213Z,61.1,21.1,1.92,50.4,0,60.1,0,0,0,0,0,0,0,0,66
2025-09-29T03:25:52.212Z,61.1,21.1,1.92,50.4,0,60.1,0,0,0,0,0,0,0,0,66
2025-09-29T03:25:53.217Z,61.1,21.1,1.92,49.6,0,60.1,0,0,0,0,0,0,0,0,66
2025-09-29T03:25:54.221Z,61.1,21.1,1.92,50.4,0,60.1,0,0,0,0,0,0,0,0,66
2025-09-29T03:25:55.222Z,61.1,21.1,1.92,49.6,0,60.1,0,0,0,0,0,0,0,0,66
2025-09-29T03:25:56.218Z,61.1,21.1,1.92,50.4,0,60.1,0,0,0,0,0,0,0,0,66
2025-09-29T03:25:57.219Z,61.1,21.1,1.92,49.6,0,60.1,0,0,0,0,0,0,0,0,66
2025-09-29T03:25:58.220Z,61.1,21.1,1.92,50.4,0,60.1,0,0,0,0,0,0,0,0,66
2025-09-29T03:25:59.218Z,61.1,21.1,1.92,49.6,0,60.1,0,0,0,0,0,0,0,0,66
2025-09-29T03:26:00.225Z,61.1,21.1,1.92,50.4,0,60.1,0,0,0,0,0,0,0,0,66
2025-09-29T03:26:01.221Z,61.1,21.1,1.92,49.6,0,60.1,0,0,0,0,0,0,0,0,66
2025-09-29T03:26:02.221Z,61,21.1,1.92,49.6,0,60.1,0,0,0,0,0,0,0,0,66
2025-09-29T03:26:03.224Z,61,21.1,1.92,50.4,0,60.1,0,0,0,0,0,0,0,0,66
2025-09-29T03:26:04.224Z,61,21.1,1.92,49.6,0,60.1,0,0,0,0,0,0,0,0,66
2025-09-29T03:26:05.226Z,61,21.1,1.92,50.4,0,60.1,0,0,0,0,0,0,0,0,66
2025-09-29T03:26:06.232Z,61,21.1,1.92,49.6,0,60.1,0,0,0,0,0,0,0,0,66
2025-09-29T03:26:07.227Z,61,21.1,1.92,50.4,0,60.1,0,0,0,0,0,0,0,0,66
2025-09-29T03:26:08.230Z,61,21.1,1.92,49.6,0,60.1,0,0,0,0,0,0,0,0,66
2025-09-29T03:26:09.229Z,61,21.1,1.92,49.6,0,60.1,0,0,0,0,0,0,0,0,66
2025-09-29T03:26:10.231Z,61,21.1,1.92,50.4,0,60.1,0,0,0,0,0,0,0,0,66
2025-09-29T03:26:11.233Z,61,21.1,1.92,49.6,0,60.1,0,0,0,0,0,0,0,0,66
2025-09-29T03:26:12.238Z,61,21.1,1.92,50.4,0,60.1,0,0,0,0,0,0,0,0,66
2025-09-29T03:26:13.236Z,61,21.1,1.92,49.6,0,60.1,0,0,0,0,0,0,0,0,66
2025-09-29T03:26:14.233Z,61,21.1,1.92,49.6,0,60.1,0,0,0,0,0,0,0,0,66
2025-09-29T03:26:15.236Z,61,21.1,1.92,50.4,0,60.1,0,0,0,0,0,0,0,0,66
2025-09-29T03:26:16.238Z,61,21.1,1.92,49.6,0,60.1,0,0,0,0,0,0,0,0,66
2025-09-29T03:26:17.236Z,61,21.1,1.92,50.4,0,60.1,0,0,0,0,0,0,0,0,66
2025-09-29T03:26:18.239Z,61,21.1,1.92,50.4,0,60.1,0,0,0,0,0,0,0,0,66
2025-09-29T03:26:19.241Z,61,21.1,1.92,49.6,0,60.1,0,0,0,0,0,0,0,0,66
2025-09-29T03:26:20.243Z,61,21.1,1.92,50.4,0,60.1,0,0,0,0,0,0,0,0,66
2025-09-29T03:26:21.240Z,61,21.1,1.92,49.6,0,60.1,0,0,0,0,0,0,0,0,66
2025-09-29T03:26:22.243Z,61,21.1,1.92,50.4,0,60.1,0,0,0,0,0,0,0,0,66
2025-09-29T03:26:23.246Z,61,21.1,1.92,49.6,0,60.1,0,0,0,0,0,0,0,0,66
2025-09-29T03:26:24.246Z,61,21.1,1.92,49.6,0,60.1,0,0,0,0,0,0,0,0,66
2025-09-29T03:26:25.245Z,61,21.1,1.92,50.4,0,60.1,0,0,0,0,0,0,0,0,66
2025-09-29T03:26:26.248Z,61,21.1,1.92,49.6,0,60.1,0,0,0,0,0,0,0,0,66
2025-09-29T03:26:27.247Z,61,21.1,1.92,50.4,0,60.1,0,0,0,0,0,0,0,0,66
2025-09-29T03:26:28.254Z,61,21.1,1.92,49.6,0,60.1,0,0,0,0,0,0,0,0,66
2025-09-29T03:26:29.255Z,61,21.1,1.92,50.4,0,60.1,0,0,0,0,0,0,0,0,66
2025-09-29T03:26:30.253Z,61,21.1,1.92,49.6,0,60.1,0,0,0,0,0,0,0,0,66
2025-09-29T03:26:31.250Z,61,21.1,1.92,49.6,0,60.2,0,0,0,0,0,0,0,0,66
2025-09-29T03:26:32.251Z,61,21.1,1.92,50.4,0,60.1,0,0,0,0,0,0,0,0,66
2025-09-29T03:26:33.251Z,60.9,21.1,1.92,49.6,0,60.1,0,0,0,0,0,0,0,0,66
2025-09-29T03:26:34.254Z,60.9,21.1,1.92,50.4,0,60.2,0,0,0,0,0,0,0,0,66
2025-09-29T03:26:35.252Z,60.9,21.1,1.92,49.6,0,60.2,0,0,0,0,0,0,0,0,66
2025-09-29T03:26:36.254Z,60.9,21.1,1.92,49.6,0,60.2,0,0,0,0,0,0,0,0,66
2025-09-29T03:26:37.258Z,60.9,21.1,1.92,50.4,0,60.2,0,0,0,0,0,0,0,0,66
2025-09-29T03:26:38.255Z,60.9,21.1,1.92,49.6,0,60.2,0,0,0,0,0,0,0,0,66
2025-09-29T03:26:39.253Z,60.9,21.1,1.92,50.4,0,60.2,0,0,0,0,0,0,0,0,66
2025-09-29T03:26:40.256Z,60.9,21.1,1.92,49.6,0,60.2,0,0,0,0,0,0,0,0,66
2025-09-29T03:26:41.256Z,60.9,21.1,1.92,49.6,0,60.2,0,0,0,0,0,0,0,0,66
2025-09-29T03:26:42.261Z,60.9,21.1,1.92,50.4,0,60.2,0,0,0,0,0,0,0,0,66
2025-09-29T03:26:43.260Z,60.9,21.1,1.92,49.6,0,60.2,0,0,0,0,0,0,0,0,66
2025-09-29T03:26:44.258Z,60.9,21.1,1.92,50.4,0,60.2,0,0,0,0,0,0,0,0,66
2025-09-29T03:26:45.267Z,60.9,21.1,1.92,49.6,0,60.2,0,0,0,0,0,0,0,0,66
2025-09-29T03:26:46.268Z,60.9,21.1,1.92,49.6,0,60.2,0,0,0,0,0,0,0,0,66
2025-09-29T03:26:47.264Z,60.9,21.1,1.92,50.4,0,60.2,0,0,0,0,0,0,0,0,66
2025-09-29T03:26:48.262Z,60.9,21.1,1.92,50.4,0,60.2,0,0,0,0,0,0,0,0,66
2025-09-29T03:26:49.270Z,60.9,21.1,1.921,49.6,0,60.2,0,0,0,0,0,0,0,0,66
2025-09-29T03:26:50.268Z,60.9,21.1,1.92,50.4,0,60.2,0,0,0,0,0,0,0,0,66
2025-09-29T03:26:51.268Z,60.9,21.1,1.92,49.6,0,60.2,0,0,0,0,0,0,0,0,66
2025-09-29T03:26:52.266Z,60.9,21.1,1.921,50.4,0,60.2,0,0,0,0,0,0,0,0,66
2025-09-29T03:26:53.271Z,60.9,21.1,1.92,49.6,0,60.2,0,0,0,0,0,0,0,0,66
2025-09-29T03:26:54.271Z,60.9,21.1,1.921,50.4,0,60.2,0,0,0,0,0,0,0,0,66
2025-09-29T03:26:55.272Z,60.9,21.1,1.92,50.4,0,60.2,0,0,0,0,0,0,0,0,66
2025-09-29T03:26:56.273Z,60.9,21.1,1.921,49.6,0,60.2,0,0,0,0,0,0,0,0,66
2025-09-29T03:26:57.276Z,60.9,21.1,1.922,50.4,0,60.2,0,0,0,0,0,0,0,0,66
2025-09-29T03:26:58.275Z,60.9,21.1,1.922,49.6,0,60.2,0,0,0,0,0,0,0,0,66
2025-09-29T03:26:59.275Z,60.9,21.1,1.921,50.4,0,60.2,0,0,0,0,0,0,0,0,66
2025-09-29T03:27:00.275Z,60.9,21.1,1.922,49.6,0,60.2,0,0,0,0,0,0,0,0,66
2025-09-29T03:27:01.278Z,60.9,21.1,1.921,50.4,0,60.2,0,0,0,0,0,0,0,0,66
2025-09-29T03:27:02.279Z,60.8,21.1,1.921,49.6,0,60.2,0,0,0,0,0,0,0,0,66
2025-09-29T03:27:03.275Z,60.9,21.1,1.921,49.6,0,60.2,0,0,0,0,0,0,0,0,66
2025-09-29T03:27:04.279Z,60.8,21.1,1.921,50.4,0,60.2,0,0,0,0,0,0,0,0,66
2025-09-29T03:27:05.279Z,60.8,21.1,1.921,49.6,0,60.2,0,0,0,0,0,0,0,0,66
2025-09-29T03:27:06.280Z,60.8,21.1,1.922,50.4,0,60.2,0,0,0,0,0,0,0,0,66
2025-09-29T03:27:07.280Z,60.8,21.1,1.922,49.6,0,60.2,0,0,0,0,0,0,0,0,66
2025-09-29T03:27:08.288Z,60.8,21.1,1.922,50.4,0,60.2,0,0,0,0,0,0,0,0,66
2025-09-29T03:27:09.281Z,60.8,21.1,1.922,50.4,0,60.2,0,0,0,0,0,0,0,0,66
2025-09-29T03:27:10.283Z,60.8,21.1,1.922,49.6,0,60.2,0,0,0,0,0,0,0,0,66
2025-09-29T03:27:11.282Z,60.8,21.1,1.921,50.4,0,60.2,0,0,0,0,0,0,0,0,66
2025-09-29T03:27:12.286Z,60.8,21.1,1.922,49.6,0,60.2,0,0,0,0,0,0,0,0,66
2025-09-29T03:27:13.287Z,60.8,21.1,1.922,50.4,0,60.2,0,0,0,0,0,0,0,0,66
2025-09-29T03:27:14.290Z,60.8,21.1,1.922,49.6,0,60.2,0,0,0,0,0,0,0,0,66
2025-09-29T03:27:15.291Z,60.8,21.1,1.921,50.4,0,60.2,0,0,0,0,0,0,0,0,66
2025-09-29T03:27:16.291Z,60.8,21.1,1.922,49.6,0,60.2,0,0,0,0,0,0,0,0,66
2025-09-29T03:27:17.293Z,60.8,21.1,1.922,49.6,0,60.2,0,0,0,0,0,0,0,0,66
2025-09-29T03:27:18.292Z,60.8,21.1,1.922,49.6,0,60.2,0,0,0,0,0,0,0,0,66
2025-09-29T03:27:19.293Z,60.8,21.1,1.922,50.4,0,60.2,0,0,0,0,0,0,0,0,66
2025-09-29T03:27:20.295Z,60.8,21.1,1.922,50.4,0,60.2,0,0,0,0,0,0,0,0,66
2025-09-29T03:27:21.299Z,60.8,21.1,1.922,49.6,0,60.2,0,0,0,0,0,0,0,0,66
2025-09-29T03:27:22.300Z,60.8,21.1,1.922,50.4,0,60.2,0,0,0,0,0,0,0,0,66
2025-09-29T03:27:23.296Z,60.8,21.1,1.922,49.6,0,60.2,0,0,0,0,0,0,0,0,66
2025-09-29T03:27:24.300Z,60.8,21.1,1.922,49.6,0,60.2,0,0,0,0,0,0,0,0,66
2025-09-29T03:27:25.301Z,60.8,21.1,1.922,49.6,0,60.2,0,0,0,0,0,0,0,0,66
2025-09-29T03:27:26.300Z,60.8,21.1,1.922,50.4,0,60.2,0,0,0,0,0,0,0,0,66
2025-09-29T03:27:27.302Z,60.8,21.1,1.922,49.6,0,60.2,0,0,0,0,0,0,0,0,66
2025-09-29T03:27:28.302Z,60.8,21.1,1.922,50.4,0,60.2,0,0,0,0,0,0,0,0,66
2025-09-29T03:27:29.300Z,60.8,21.1,1.922,50.4,0,60.2,0,0,0,0,0,0,0,0,66
2025-09-29T03:27:30.306Z,60.8,21.1,1.921,49.6,0,60.2,0,0,0,0,0,0,0,0,66
2025-09-29T03:27:31.300Z,60.8,21.1,1.922,50.4,0,60.2,0,0,0,0,0,0,0,0,66
2025-09-29T03:27:32.303Z,60.7,21.1,1.922,49.6,0,60.2,0,0,0,0,0,0,0,0,66
2025-09-29T03:27:33.304Z,60.7,21.1,1.922,50.4,0,60.2,0,0,0,0,0,0,0,0,66
2025-09-29T03:27:34.308Z,60.7,21.1,1.922,49.6,0,60.2,0,0,0,0,0,0,0,0,66
2025-09-29T03:27:35.308Z,60.7,21.1,1.922,50.4,0,60.2,0,0,0,0,0,0,0,0,66
2025-09-29T03:27:36.310Z,60.7,21.1,1.922,49.6,0,60.2,0,0,0,0,0,0,0,0,66
2025-09-29T03:27:37.309Z,60.7,21.1,1.922,50.4,0,60.2,0,0,0,0,0,0,0,0,66
2025-09-29T03:27:38.312Z,60.7,21.1,1.921,49.6,0,60.2,0,0,0,0,0,0,0,0,66
2025-09-29T03:27:39.318Z,60.7,21.1,1.921,50.4,0,60.2,0,0,0,0,0,0,0,0,66
2025-09-29T03:27:40.312Z,60.7,21.1,1.922,49.6,0,60.2,0,0,0,0,0,0,0,0,66
2025-09-29T03:27:41.313Z,60.7,21.1,1.922,50.4,0,60.2,0,0,0,0,0,0,0,0,66
2025-09-29T03:27:42.314Z,60.7,21.1,1.921,49.6,0,60.2,0,0,0,0,0,0,0,0,66
2025-09-29T03:27:43.315Z,60.7,21.1,1.922,50.4,0,60.2,0,0,0,0,0,0,0,0,66
2025-09-29T03:27:44.317Z,60.7,21.1,1.921,49.6,0,60.2,0,0,0,0,0,0,0,0,66
2025-09-29T03:27:45.318Z,60.7,21.1,1.921,50.4,0,60.2,0,0,0,0,0,0,0,0,66
2025-09-29T03:27:46.320Z,60.7,21.1,1.921,49.6,0,60.2,0,0,0,0,0,0,0,0,66
2025-09-29T03:27:47.320Z,60.7,21.1,1.921,50.4,0,60.2,0,0,0,0,0,0,0,0,66
2025-09-29T03:27:48.321Z,60.7,21.1,1.921,49.6,0,60.2,0,0,0,0,0,0,0,0,66
2025-09-29T03:27:49.325Z,60.7,21.1,1.921,49.6,0,60.2,0,0,0,0,0,0,0,0,66
2025-09-29T03:27:50.323Z,60.7,21.1,1.921,49.6,0,60.2,0,0,0,0,0,0,0,0,66
2025-09-29T03:27:51.326Z,60.7,21.1,1.921,50.4,0,60.2,0,0,0,0,0,0,0,0,66
2025-09-29T03:27:52.323Z,60.7,21.1,1.921,49.6,0,60.2,0,0,0,0,0,0,0,0,66
2025-09-29T03:27:53.329Z,60.7,21.1,1.921,50.4,0,60.2,0,0,0,0,0,0,0,0,66
2025-09-29T03:27:54.326Z,60.7,21.1,1.921,49.6,0,60.2,0,0,0,0,0,0,0,0,66
2025-09-29T03:27:55.327Z,60.7,21.1,1.921,50.4,0,60.3,0,0,0,0,0,0,0,0,66
2025-09-29T03:27:56.330Z,60.7,21.1,1.921,49.6,0,60.3,0,0,0,0,0,0,0,0,66
2025-09-29T03:27:57.329Z,60.6,21.1,1.921,50.4,0,60.2,0,0,0,0,0,0,0,0,66
2025-09-29T03:27:58.329Z,60.6,21.1,1.921,50.4,0,60.3,0,0,0,0,0,0,0,0,66
2025-09-29T03:27:59.327Z,60.6,21.1,1.921,49.6,0,60.2,0,0,0,0,0,0,0,0,66
2025-09-29T03:28:00.328Z,60.6,21.1,1.921,49.6,0,60.3,0,0,0,0,0,0,0,0,66
2025-09-29T03:28:01.335Z,60.6,21.1,1.921,49.6,0,60.2,0,0,0,0,0,0,0,0,66
2025-09-29T03:28:02.330Z,60.6,21.1,1.921,50.4,0,60.3,0,0,0,0,0,0,0,0,66
2025-09-29T03:28:03.333Z,60.6,21.1,1.921,49.6,0,60.3,0,0,0,0,0,0,0,0,66
2025-09-29T03:28:04.334Z,60.6,21.1,1.921,50.4,0,60.3,0,0,0,0,0,0,0,0,66
2025-09-29T03:28:05.337Z,60.6,21.1,1.921,49.6,0,60.3,0,0,0,0,0,0,0,0,66
2025-09-29T03:28:06.335Z,60.6,21.1,1.921,50.4,0,60.2,0,0,0,0,0,0,0,0,66
2025-09-29T03:28:07.334Z,60.6,21.1,1.921,50.4,0,60.3,0,0,0,0,0,0,0,0,66
2025-09-29T03:28:08.340Z,60.6,21.1,1.921,49.6,0,60.3,0,0,0,0,0,0,0,0,66
2025-09-29T03:28:09.340Z,60.6,21.1,1.921,49.6,0,60.2,0,0,0,0,0,0,0,0,66
2025-09-29T03:28:10.346Z,60.6,21.1,1.922,49.6,0,60.3,0,0,0,0,0,0,0,0,66
2025-09-29T03:28:11.342Z,60.6,21.1,1.921,50.4,0,60.3,0,0,0,0,0,0,0,0,66
2025-09-29T03:28:12.343Z,60.6,21.1,1.921,49.6,0,60.3,0,0,0,0,0,0,0,0,66
2025-09-29T03:28:13.347Z,60.6,21.1,1.922,50.4,0,60.3,0,0,0,0,0,0,0,0,66
2025-09-29T03:28:14.350Z,60.6,21.1,1.922,49.6,0,60.3,0,0,0,0,0,0,0,0,66
2025-09-29T03:28:15.342Z,60.6,21.1,1.921,50.4,0,60.3,0,0,0,0,0,0,0,0,66
2025-09-29T03:28:16.344Z,60.6,21.1,1.921,50.4,0,60.3,0,0,0,0,0,0,0,0,66
2025-09-29T03:28:17.350Z,60.6,21.1,1.922,49.6,0,60.3,0,0,0,0,0,0,0,0,66
2025-09-29T03:28:18.353Z,60.6,21.1,1.922,49.6,0,60.3,0,0,0,0,0,0,0,0,66
2025-09-29T03:28:19.348Z,60.6,21.1,1.922,49.6,0,60.3,0,0,0,0,0,0,0,0,66
2025-09-29T03:28:20.353Z,60.6,21.1,1.923,50.4,0,60.3,0,0,0,0,0,0,0,0,66
2025-09-29T03:28:21.346Z,60.6,21.1,1.922,49.6,0,60.3,0,0,0,0,0,0,0,0,66
2025-09-29T03:28:22.352Z,60.6,21.1,1.923,50.4,0,60.3,0,0,0,0,0,0,0,0,66
2025-09-29T03:28:23.350Z,60.5,21.1,1.922,49.6,0,60.3,0,0,0,0,0,0,0,0,66
2025-09-29T03:28:24.354Z,60.5,21.1,1.923,50.4,0,60.2,0,0,0,0,0,0,0,0,66
2025-09-29T03:28:25.355Z,60.5,21.1,1.923,49.6,0,60.2,0,0,0,0,0,0,0,0,66
2025-09-29T03:28:26.358Z,60.5,21.1,1.923,49.6,0,60.2,0,0,0,0,0,0,0,0,66
2025-09-29T03:28:27.359Z,60.5,21.1,1.923,50.4,0,60.2,0,0,0,0,0,0,0,0,66
2025-09-29T03:28:28.360Z,60.5,21.1,1.923,50.4,0,60.3,0,0,0,0,0,0,0,0,66
2025-09-29T03:28:29.364Z,60.5,21.1,1.923,49.6,0,60.2,0,0,0,0,0,0,0,0,66
2025-09-29T03:28:30.364Z,60.5,21.1,1.923,50.4,0,60.2,0,0,0,0,0,0,0,0,66
2025-09-29T03:28:31.360Z,60.5,21.1,1.923,49.6,0,60.2,0,0,0,0,0,0,0,0,66
2025-09-29T03:28:32.363Z,60.5,21.1,1.923,50.4,0,60.2,0,0,0,0,0,0,0,0,66
2025-09-29T03:28:33.371Z,60.5,21.1,1.923,49.6,0,60.2,0,0,0,0,0,0,0,0,66
2025-09-29T03:28:34.365Z,60.5,21.1,1.923,50.4,0,60.2,0,0,0,0,0,0,0,0,66
2025-09-29T03:28:35.363Z,60.5,21.1,1.923,49.6,0,60.2,0,0,0,0,0,0,0,0,66
2025-09-29T03:28:36.363Z,60.5,21.1,1.923,50.4,0,60.2,0,0,0,0,0,0,0,0,66
2025-09-29T03:28:37.365Z,60.5,21.1,1.923,49.6,0,60.2,0,0,0,0,0,0,0,0,66
2025-09-29T03:28:38.367Z,60.5,21.1,1.923,50.4,0,60.2,0,0,0,0,0,0,0,0,66
2025-09-29T03:28:39.366Z,60.5,21.1,1.923,49.6,0,60.2,0,0,0,0,0,0,0,0,66
2025-09-29T03:28:40.367Z,60.5,21.1,1.923,49.6,0,60.2,0,0,0,0,0,0,0,0,66
2025-09-29T03:28:41.374Z,60.5,21.1,1.923,50.4,0,60.2,0,0,0,0,0,0,0,0,66
2025-09-29T03:28:42.372Z,60.5,21.1,1.923,49.6,0,60.2,0,0,0,0,0,0,0,0,66
2025-09-29T03:28:43.370Z,60.5,21.1,1.923,50.4,0,60.2,0,0,0,0,0,0,0,0,66
2025-09-29T03:28:44.374Z,60.5,21.1,1.923,49.6,0,60.2,0,0,0,0,0,0,0,0,66
2025-09-29T03:28:45.372Z,60.5,21.1,1.923,49.6,0,60.2,0,0,0,0,0,0,0,0,66
2025-09-29T03:28:46.381Z,60.5,21.1,1.922,50.4,0,60.2,0,0,0,0,0,0,0,0,66
2025-09-29T03:28:47.374Z,60.5,21.1,1.923,49.6,0,60.2,0,0,0,0,0,0,0,0,66
2025-09-29T03:28:48.379Z,60.5,21.1,1.923,50.4,0,60.2,0,0,0,0,0,0,0,0,66
2025-09-29T03:28:49.376Z,60.5,21.1,1.923,49.6,0,60.2,0,0,0,0,0,0,0,0,66
2025-09-29T03:28:50.385Z,60.5,21.1,1.923,49.6,0,60.2,0,0,0,0,0,0,0,0,66
2025-09-29T03:28:51.377Z,60.5,21.1,1.923,50.4,0,60.2,0,0,0,0,0,0,0,0,66
2025-09-29T03:28:52.383Z,60.4,21.1,1.923,49.6,0,60.2,0,0,0,0,0,0,0,0,66
2025-09-29T03:28:53.381Z,60.4,21.1,1.923,50.4,0,60.2,0,0,0,0,0,0,0,0,66
2025-09-29T03:28:54.380Z,60.4,21.1,1.923,49.6,0,60.2,0,0,0,0,0,0,0,0,66
2025-09-29T03:28:55.384Z,60.4,21.1,1.923,49.6,0,60.2,0,0,0,0,0,0,0,0,66
2025-09-29T03:28:56.383Z,60.4,21.1,1.923,50.4,0,60.2,0,0,0,0,0,0,0,0,66
2025-09-29T03:28:57.381Z,60.4,21.1,1.923,49.6,0,60.2,0,0,0,0,0,0,0,0,66
2025-09-29T03:28:58.385Z,60.4,21.1,1.923,50.4,0,60.2,0,0,0,0,0,0,0,0,66
2025-09-29T03:28:59.383Z,60.4,21.1,1.923,49.6,0,60.2,0,0,0,0,0,0,0,0,66
2025-09-29T03:29:00.384Z,60.4,21.1,1.923,49.6,0,60.2,0,0,0,0,0,0,0,0,66
2025-09-29T03:29:01.383Z,60.4,21.1,1.923,50.4,0,60.2,0,0,0,0,0,0,0,0,66
2025-09-29T03:29:02.383Z,60.4,21.1,1.923,49.6,0,60.2,0,0,0,0,0,0,0,0,66
2025-09-29T03:29:03.388Z,60.4,21.1,1.923,50.4,0,60.2,0,0,0,0,0,0,0,0,66
2025-09-29T03:29:04.383Z,60.4,21.1,1.923,50.4,0,60.2,0,0,0,0,0,0,0,0,66
2025-09-29T03:29:05.385Z,60.4,21.1,1.923,49.6,0,60.2,0,0,0,0,0,0,0,0,66
2025-09-29T03:29:06.386Z,60.4,21.1,1.923,50.4,0,60.2,0,0,0,0,0,0,0,0,66
2025-09-29T03:29:07.386Z,60.4,21.1,1.923,49.6,0,60.2,0,0,0,0,0,0,0,0,66
2025-09-29T03:29:08.388Z,60.4,21.1,1.923,49.6,0,60.2,0,0,0,0,0,0,0,0,66
2025-09-29T03:29:09.389Z,60.4,21.1,1.923,50.4,0,60.2,0,0,0,0,0,0,0,0,66
2025-09-29T03:29:10.390Z,60.4,21.1,1.923,49.6,0,60.2,0,0,0,0,0,0,0,0,66
2025-09-29T03:29:11.391Z,60.4,21.1,1.923,50.4,0,60.2,0,0,0,0,0,0,0,0,66
2025-09-29T03:29:12.397Z,60.4,21.1,1.923,49.6,0,60.2,0,0,0,0,0,0,0,0,66
2025-09-29T03:29:13.394Z,60.3,21.1,1.923,49.6,0,60.2,0,0,0,0,0,0,0,0,66
2025-09-29T03:29:14.396Z,60.3,21.1,1.923,50.4,0,60.2,0,0,0,0,0,0,0,0,66
2025-09-29T03:29:15.395Z,60.3,21.1,1.923,49.6,0,60.2,0,0,0,0,0,0,0,0,66
2025-09-29T03:29:16.396Z,60.3,21.1,1.923,49.6,0,60.2,0,0,0,0,0,0,0,0,66
2025-09-29T03:29:17.398Z,60.3,21.1,1.923,50.4,0,60.2,0,0,0,0,0,0,0,0,66
2025-09-29T03:29:18.401Z,60.3,21.1,1.923,49.6,0,60.2,0,0,0,0,0,0,0,0,66
2025-09-29T03:29:19.398Z,60.3,21.1,1.923,49.6,0,60.2,0,0,0,0,0,0,0,0,66
2025-09-29T03:29:20.400Z,60.3,21.1,1.923,50.4,0,60.2,0,0,0,0,0,0,0,0,66
2025-09-29T03:29:21.401Z,60.3,21.1,1.923,50.4,0,60.2,0,0,0,0,0,0,0,0,66
2025-09-29T03:29:22.401Z,60.3,21.1,1.923,49.6,0,60.2,0,0,0,0,0,0,0,0,66
2025-09-29T03:29:23.403Z,60.3,21.1,1.923,50.4,0,60.2,0,0,0,0,0,0,0,0,66
2025-09-29T03:29:24.404Z,60.3,21.1,1.923,50.4,0,60.2,0,0,0,0,0,0,0,0,66
2025-09-29T03:29:25.406Z,60.3,21.1,1.923,49.6,0,60.2,0,0,0,0,0,0,0,0,66
2025-09-29T03:29:26.406Z,60.3,21.1,1.923,50.4,0,60.2,0,0,0,0,0,0,0,0,66
2025-09-29T03:29:27.408Z,60.3,21.1,1.923,49.6,0,60.2,0,0,0,0,0,0,0,0,66
2025-09-29T03:29:28.407Z,60.3,21.1,1.923,50.4,0,60.2,0,0,0,0,0,0,0,0,66
2025-09-29T03:29:29.408Z,60.3,21.1,1.923,49.6,0,60.2,0,0,0,0,0,0,0,0,66
2025-09-29T03:29:30.406Z,60.3,21.1,1.923,49.6,0,60.2,0,0,0,0,0,0,0,0,66
2025-09-29T03:29:31.406Z,60.3,21.1,1.923,50.4,0,60.2,0,0,0,0,0,0,0,0,66
2025-09-29T03:29:32.405Z,60.3,21.1,1.923,49.6,0,60.2,0,0,0,0,0,0,0,0,66
2025-09-29T03:29:33.409Z,60.3,21.1,1.923,49.6,0,60.2,0,0,0,0,0,0,0,0,66
2025-09-29T03:29:34.409Z,60.2,21.1,1.923,50.4,0,60.2,0,0,0,0,0,0,0,0,66
2025-09-29T03:29:35.405Z,60.2,21.1,1.923,50.4,0,60.2,0,0,0,0,0,0,0,0,66
2025-09-29T03:29:36.418Z,60.2,21.1,1.924,49.6,0,60.2,0,0,0,0,0,0,0,0,66
2025-09-29T03:29:37.409Z,60.2,21.1,1.923,50.4,0,60.2,0,0,0,0,0,0,0,0,66
2025-09-29T03:29:38.410Z,60.2,21.1,1.923,49.6,0,60.2,0,0,0,0,0,0,0,0,66
2025-09-29T03:29:39.408Z,60.2,21.1,1.923,50.4,0,60.2,0,0,0,0,0,0,0,0,66
2025-09-29T03:29:40.413Z,60.2,21.1,1.923,49.6,0,60.2,0,0,0,0,0,0,0,0,66
2025-09-29T03:29:41.418Z,60.2,21.1,1.923,49.6,0,60.2,0,0,0,0,0,0,0,0,66
2025-09-29T03:29:42.413Z,60.2,21.1,1.923,50.4,0,60.2,0,0,0,0,0,0,0,0,66
2025-09-29T03:29:43.417Z,60.2,21.1,1.923,49.6,0,60.2,0,0,0,0,0,0,0,0,66
2025-09-29T03:29:44.416Z,60.2,21.1,1.923,50.4,0,60.2,0,0,0,0,0,0,0,0,66
2025-09-29T03:29:45.419Z,60.2,21.1,1.923,50.4,0,60.2,0,0,0,0,0,0,0,0,66
2025-09-29T03:29:46.420Z,60.2,21.1,1.923,49.6,0,60.2,0,0,0,0,0,0,0,0,66
2025-09-29T03:29:47.418Z,60.2,21.1,1.923,50.4,0,60.2,0,0,0,0,0,0,0,0,66
2025-09-29T03:29:48.421Z,60.2,21.1,1.923,49.6,0,60.2,0,0,0,0,0,0,0,0,66
2025-09-29T03:29:49.417Z,60.2,21.1,1.923,50.4,0,60.2,0,0,0,0,0,0,0,0,66
2025-09-29T03:29:50.424Z,60.2,21.1,1.923,49.6,0,60.2,0,0,0,0,0,0,0,0,66
2025-09-29T03:29:51.421Z,60.2,21.1,1.923,50.4,0,60.2,0,0,0,0,0,0,0,0,66
2025-09-29T03:29:52.423Z,60.2,21.1,1.923,49.6,0,60.2,0,0,0,0,0,0,0,0,66
2025-09-29T03:29:53.422Z,60.1,21.1,1.923,49.6,0,60.2,0,0,0,0,0,0,0,0,66
2025-09-29T03:29:54.419Z,60.1,21.1,1.923,50.4,0,60.2,0,0,0,0,0,0,0,0,66
2025-09-29T03:29:55.426Z,60.1,21.1,1.923,49.6,0,60.2,0,0,0,0,0,0,0,0,66
2025-09-29T03:29:56.428Z,60.1,21.1,1.924,50.4,0,60.2,0,0,0,0,0,0,0,0,66
2025-09-29T03:29:57.427Z,60.1,21.1,1.923,49.6,0,60.2,0,0,0,0,0,0,0,0,66
2025-09-29T03:29:58.428Z,60.1,21.1,1.923,49.6,0,60.2,0,0,0,0,0,0,0,0,66
2025-09-29T03:29:59.430Z,60.1,21.1,1.925,50.4,0,60.2,0,0,0,0,0,0,0,0,66
2025-09-29T03:30:00.429Z,60.1,21.1,1.924,49.6,0,60.2,0,0,0,0,0,0,0,0,66
2025-09-29T03:30:01.429Z,60.1,21.1,1.924,50.4,0,60.2,0,0,0,0,0,0,0,0,66
2025-09-29T03:30:02.431Z,60.1,21.1,1.924,50.4,0,60.2,0,0,0,0,0,0,0,0,66
2025-09-29T03:30:03.432Z,60.1,21.1,1.924,49.6,0,60.2,0,0,0,0,0,0,0,0,66
2025-09-29T03:30:04.429Z,60.1,21.1,1.924,50.4,0,60.2,0,0,0,0,0,0,0,0,66
2025-09-29T03:30:05.434Z,60.1,21.1,1.924,49.6,0,60.2,0,0,0,0,0,0,0,0,66
2025-09-29T03:30:06.430Z,60.1,21.1,1.923,50.4,0,60.2,0,0,0,0,0,0,0,0,66
2025-09-29T03:30:07.432Z,60.1,21.1,1.924,49.6,0,60.2,0,0,0,0,0,0,0,0,66
2025-09-29T03:30:08.431Z,60.1,21.1,1.923,50.4,0,60.2,0,0,0,0,0,0,0,0,66
2025-09-29T03:30:09.437Z,60.1,21.1,1.924,49.6,0,60.2,0,0,0,0,0,0,0,0,66
2025-09-29T03:30:10.436Z,60.1,21.1,1.925,49.6,0,60.2,0,0,0,0,0,0,0,0,66
2025-09-29T03:30:11.432Z,60.1,21.1,1.923,50.4,0,60.2,0,0,0,0,0,0,0,0,66
2025-09-29T03:30:12.440Z,60.1,21.1,1.925,49.6,0,60.2,0,0,0,0,0,0,0,0,66
2025-09-29T03:30:13.439Z,60.1,21.1,1.924,49.6,0,60.2,0,0,0,0,0,0,0,0,66
2025-09-29T03:30:14.446Z,60.1,21.1,1.925,50.4,0,60.2,0,0,0,0,0,0,0,0,66
2025-09-29T03:30:15.441Z,60.1,21.1,1.925,49.6,0,60.2,0,0,0,0,0,0,0,0,66
2025-09-29T03:30:16.447Z,60.1,21.1,1.925,50.4,0,60.2,0,0,0,0,0,0,0,0,66
2025-09-29T03:30:17.441Z,60.1,21.1,1.924,49.6,0,60.2,0,0,0,0,0,0,0,0,66
2025-09-29T03:30:18.441Z,60.1,21.1,1.925,49.6,0,60.2,0,0,0,0,0,0,0,0,66
2025-09-29T03:30:19.445Z,60,21.1,1.925,50.4,0,60.2,0,0,0,0,0,0,0,0,66
2025-09-29T03:30:20.445Z,60,21.1,1.925,49.6,0,60.2,0,0,0,0,0,0,0,0,66
2025-09-29T03:30:21.450Z,60,21.1,1.925,49.6,0,60.2,0,0,0,0,0,0,0,0,66
2025-09-29T03:30:22.447Z,60,21.1,1.925,50.4,0,60.2,0,0,0,0,0,0,0,0,66
2025-09-29T03:30:23.448Z,60,21.1,1.925,50.4,0,60.2,0,0,0,0,0,0,0,0,66
2025-09-29T03:30:24.451Z,60,21.1,1.925,49.6,0,60.2,0,0,0,0,0,0,0,0,66
2025-09-29T03:30:25.451Z,60,21.1,1.925,50.4,0,60.2,0,0,0,0,0,0,0,0,66
2025-09-29T03:30:26.451Z,60,21.1,1.925,49.6,0,60.2,0,0,0,0,0,0,0,0,66
2025-09-29T03:30:27.451Z,60,21.1,1.925,50.4,0,60.2,0,0,0,0,0,0,0,0,66
2025-09-29T03:30:28.455Z,60,21.1,1.925,49.6,0,60.2,0,0,0,0,0,0,0,0,66
2025-09-29T03:30:29.449Z,60,21.1,1.925,49.6,0,60.2,0,0,0,0,0,0,0,0,66
2025-09-29T03:30:30.455Z,60,21.1,1.925,50.4,0,60.2,0,0,0,0,0,0,0,0,66
2025-09-29T03:30:31.451Z,60,21.1,1.925,50.4,0,60.2,0,0,0,0,0,0,0,0,66
2025-09-29T03:30:32.455Z,60,21.1,1.925,49.6,0,60.2,0,0,0,0,0,0,0,0,66
2025-09-29T03:30:33.462Z,60,21.1,1.924,50.4,0,60.2,0,0,0,0,0,0,0,0,66
2025-09-29T03:30:34.457Z,60,21.1,1.925,49.6,0,60.2,0,0,0,0,0,0,0,0,66
2025-09-29T03:30:35.456Z,60,21.1,1.925,50.4,0,60.2,0,0,0,0,0,0,0,0,66
2025-09-29T03:30:36.454Z,60,21.1,1.925,49.6,0,60.2,0,0,0,0,0,0,0,0,66
2025-09-29T03:30:37.462Z,60,21.1,1.924,50.4,0,60.2,0,0,0,0,0,0,0,0,66
2025-09-29T03:30:38.462Z,60,21.1,1.924,50.4,0,60.2,0,0,0,0,0,0,0,0,66
2025-09-29T03:30:39.459Z,60,21.1,1.925,49.6,0,60.2,0,0,0,0,0,0,0,0,66
2025-09-29T03:30:40.471Z,60,21.1,1.925,50.4,0,60.2,0,0,0,0,0,0,0,0,66
2025-09-29T03:30:41.467Z,59.9,21.1,1.924,49.6,0,60.2,0,0,0,0,0,0,0,0,66
2025-09-29T03:30:42.469Z,59.9,21.1,1.925,50.4,0,60.2,0,0,0,0,0,0,0,0,66
2025-09-29T03:30:43.466Z,59.9,21.1,1.925,49.6,0,60.2,0,0,0,0,0,0,0,0,66
2025-09-29T03:30:44.471Z,59.9,21.1,1.925,49.6,0,60.2,0,0,0,0,0,0,0,0,66
2025-09-29T03:30:45.473Z,59.9,21.1,1.925,50.4,0,60.2,0,0,0,0,0,0,0,0,66
2025-09-29T03:30:46.472Z,59.9,21.1,1.925,49.6,0,60.2,0,0,0,0,0,0,0,0,66
2025-09-29T03:30:47.469Z,59.9,21.1,1.925,50.4,0,60.2,0,0,0,0,0,0,0,0,66
2025-09-29T03:30:48.471Z,59.9,21.1,1.925,49.6,0,60.2,0,0,0,0,0,0,0,0,66
2025-09-29T03:30:49.471Z,59.9,21.1,1.925,49.6,0,60.2,0,0,0,0,0,0,0,0,66
2025-09-29T03:30:50.473Z,59.9,21.1,1.925,50.4,0,60.2,0,0,0,0,0,0,0,0,66
2025-09-29T03:30:51.477Z,59.9,21.1,1.925,49.6,0,60.2,0,0,0,0,0,0,0,0,66
2025-09-29T03:30:52.481Z,59.9,21.1,1.926,50.4,0,60.2,0,0,0,0,0,0,0,0,66
2025-09-29T03:30:53.478Z,59.9,21.1,1.925,50.4,0,60.2,0,0,0,0,0,0,0,0,66
2025-09-29T03:30:54.480Z,59.9,21.1,1.925,49.6,0,60.2,0,0,0,0,0,0,0,0,66
2025-09-29T03:30:55.476Z,59.9,21.1,1.925,50.4,0,60.2,0,0,0,0,0,0,0,0,66
2025-09-29T03:30:56.478Z,59.9,21.1,1.925,49.6,0,60.2,0,0,0,0,0,0,0,0,66
2025-09-29T03:30:57.486Z,59.9,21.1,1.926,50.4,0,60.2,0,0,0,0,0,0,0,0,66
2025-09-29T03:30:58.478Z,59.9,21.1,1.925,49.6,0,60.2,0,0,0,0,0,0,0,0,66
2025-09-29T03:30:59.478Z,59.9,21.1,1.925,50.4,0,60.2,0,0,0,0,0,0,0,0,66
2025-09-29T03:31:00.481Z,59.9,21.1,1.925,49.6,0,60.2,0,0,0,0,0,0,0,0,66
2025-09-29T03:31:01.486Z,59.9,21.1,1.926,50.4,0,60.2,0,0,0,0,0,0,0,0,66
2025-09-29T03:31:02.483Z,59.9,21.1,1.926,49.6,0,60.2,0,0,0,0,0,0,0,0,66
2025-09-29T03:31:03.483Z,59.9,21.1,1.926,49.6,0,60.2,0,0,0,0,0,0,0,0,66
2025-09-29T03:31:04.482Z,59.9,21.1,1.925,50.4,0,60.2,0,0,0,0,0,0,0,0,66
2025-09-29T03:31:05.486Z,59.9,21.1,1.926,49.6,0,60.2,0,0,0,0,0,0,0,0,66
2025-09-29T03:31:06.487Z,59.8,21.1,1.926,50.4,0,60.2,0,0,0,0,0,0,0,0,66
2025-09-29T03:31:07.485Z,59.8,21.1,1.926,49.6,0,60.2,0,0,0,0,0,0,0,0,66
2025-09-29T03:31:08.489Z,59.8,21.1,1.926,50.4,0,60.2,0,0,0,0,0,0,0,0,66
2025-09-29T03:31:09.490Z,59.8,21.1,1.926,49.6,0,60.2,0,0,0,0,0,0,0,0,66
2025-09-29T03:31:10.491Z,59.8,21.1,1.926,49.6,0,60.2,0,0,0,0,0,0,0,0,66
2025-09-29T03:31:11.496Z,59.8,21.1,1.926,50.4,0,60.2,0,0,0,0,0,0,0,0,66
2025-09-29T03:31:12.496Z,59.8,21.1,1.926,49.6,0,60.2,0,0,0,0,0,0,0,0,66
2025-09-29T03:31:13.493Z,59.8,21.1,1.926,50.4,0,60.2,0,0,0,0,0,0,0,0,66
2025-09-29T03:31:14.501Z,59.8,21.1,1.926,49.6,0,60.2,0,0,0,0,0,0,0,0,66
2025-09-29T03:31:15.494Z,59.8,21.1,1.926,49.6,0,60.2,0,0,0,0,0,0,0,0,66
2025-09-29T03:31:16.498Z,59.8,21.1,1.926,50.4,0,60.2,0,0,0,0,0,0,0,0,66
2025-09-29T03:31:17.501Z,59.8,21.1,1.926,50.4,0,60.2,0,0,0,0,0,0,0,0,66
2025-09-29T03:31:18.498Z,59.8,21.1,1.926,49.6,0,60.2,0,0,0,0,0,0,0,0,66
2025-09-29T03:31:19.495Z,59.8,21.1,1.926,50.4,0,60.2,0,0,0,0,0,0,0,0,66
2025-09-29T03:31:20.504Z,59.8,21.1,1.926,49.6,0,60.2,0,0,0,0,0,0,0,0,66
2025-09-29T03:31:21.504Z,59.8,21.1,1.926,50.4,0,60.2,0,0,0,0,0,0,0,0,66
2025-09-29T03:31:22.503Z,59.8,21.1,1.926,49.6,0,60.2,0,0,0,0,0,0,0,0,66
2025-09-29T03:31:23.501Z,59.8,21.1,1.926,50.4,0,60.2,0,0,0,0,0,0,0,0,66
2025-09-29T03:31:24.506Z,59.8,21.1,1.925,49.6,0,60.2,0,0,0,0,0,0,0,0,66
2025-09-29T03:31:25.505Z,59.8,21.1,1.926,50.4,0,60.2,0,0,0,0,0,0,0,0,66
2025-09-29T03:31:26.504Z,59.8,21.1,1.926,49.6,0,60.2,0,0,0,0,0,0,0,0,66
2025-09-29T03:31:27.506Z,59.8,21.1,1.926,50.4,0,60.2,0,0,0,0,0,0,0,0,66
2025-09-29T03:31:28.507Z,59.8,21.1,1.925,49.6,0,60.2,0,0,0,0,0,0,0,0,66
2025-09-29T03:31:29.508Z,59.8,21.1,1.925,50.4,0,60.2,0,0,0,0,0,0,0,0,66
2025-09-29T03:31:30.511Z,59.8,21.1,1.926,49.6,0,60.2,0,0,0,0,0,0,0,0,66
2025-09-29T03:31:31.510Z,59.8,21.1,1.925,50.4,0,60.2,0,0,0,0,0,0,0,0,66
2025-09-29T03:31:32.518Z,59.7,21.1,1.926,49.6,0,60.2,0,0,0,0,0,0,0,0,66
2025-09-29T03:31:33.512Z,59.7,21.1,1.926,49.6,0,60.2,0,0,0,0,0,0,0,0,66
2025-09-29T03:31:34.512Z,59.7,21.1,1.926,50.4,0,60.2,0,0,0,0,0,0,0,0,66
2025-09-29T03:31:35.518Z,59.7,21.1,1.926,49.6,0,60.2,0,0,0,0,0,0,0,0,66
2025-09-29T03:31:36.516Z,59.7,21.1,1.925,49.6,0,60.2,0,0,0,0,0,0,0,0,66
2025-09-29T03:31:37.519Z,59.7,21.1,1.926,49.6,0,60.2,0,0,0,0,0,0,0,0,66
2025-09-29T03:31:38.515Z,59.7,21.1,1.926,50.4,0,60.2,0,0,0,0,0,0,0,0,66
2025-09-29T03:31:39.517Z,59.7,21.1,1.926,49.6,0,60.2,0,0,0,0,0,0,0,0,66
2025-09-29T03:31:40.520Z,59.7,21.1,1.926,49.6,0,60.2,0,0,0,0,0,0,0,0,66
2025-09-29T03:31:41.520Z,59.7,21.1,1.926,50.4,0,60.2,0,0,0,0,0,0,0,0,66
2025-09-29T03:31:42.520Z,59.7,21.1,1.926,49.6,0,60.2,0,0,0,0,0,0,0,0,66
2025-09-29T03:31:43.523Z,59.7,21.1,1.926,49.6,0,60.2,0,0,0,0,0,0,0,0,66
2025-09-29T03:31:44.520Z,59.7,21.1,1.926,50.4,0,60.2,0,0,0,0,0,0,0,0,66
2025-09-29T03:31:45.522Z,59.7,21.1,1.926,49.6,0,60.2,0,0,0,0,0,0,0,0,66
2025-09-29T03:31:46.527Z,59.7,21.1,1.926,50.4,0,60.2,0,0,0,0,0,0,0,0,66
2025-09-29T03:31:47.525Z,59.7,21.1,1.926,50.4,0,60.2,0,0,0,0,0,0,0,0,66
2025-09-29T03:31:48.527Z,59.7,21.1,1.926,49.6,0,60.2,0,0,0,0,0,0,0,0,66
2025-09-29T03:31:49.528Z,59.7,21.1,1.926,50.4,0,60.2,0,0,0,0,0,0,0,0,66
2025-09-29T03:31:50.529Z,59.7,21.1,1.926,49.6,0,60.2,0,0,0,0,0,0,0,0,66
2025-09-29T03:31:51.528Z,59.7,21.1,1.926,49.6,0,60.2,0,0,0,0,0,0,0,0,66
2025-09-29T03:31:52.531Z,59.7,21.1,1.926,50.4,0,60.2,0,0,0,0,0,0,0,0,66
2025-09-29T03:31:53.535Z,59.7,21.1,1.927,49.6,0,60.2,0,0,0,0,0,0,0,0,66
2025-09-29T03:31:54.533Z,59.7,21.1,1.926,50.4,0,60.2,0,0,0,0,0,0,0,0,66
2025-09-29T03:31:55.537Z,59.7,21.1,1.927,50.4,0,60.2,0,0,0,0,0,0,0,0,66
2025-09-29T03:31:56.534Z,59.7,21.1,1.926,49.6,0,60.2,0,0,0,0,0,0,0,0,66
2025-09-29T03:31:57.535Z,59.7,21.1,1.926,50.4,0,60.2,0,0,0,0,0,0,0,0,66
2025-09-29T03:31:58.531Z,59.7,21.1,1.926,49.6,0,60.2,0,0,0,0,0,0,0,0,66
2025-09-29T03:31:59.534Z,59.6,21.1,1.926,50.4,0,60.2,0,0,0,0,0,0,0,0,66
2025-09-29T03:32:00.534Z,59.6,21.1,1.926,50.4,0,60.2,0,0,0,0,0,0,0,0,66
2025-09-29T03:32:01.535Z,59.6,21.1,1.926,49.6,0,60.2,0,0,0,0,0,0,0,0,66
2025-09-29T03:32:02.536Z,59.6,21.1,1.926,50.4,0,60.2,0,0,0,0,0,0,0,0,66
2025-09-29T03:32:03.539Z,59.6,21.1,1.926,49.6,0,60.2,0,0,0,0,0,0,0,0,66
2025-09-29T03:32:04.540Z,59.6,21.1,1.927,50.4,0,60.2,0,0,0,0,0,0,0,0,66
2025-09-29T03:32:05.541Z,59.6,21.1,1.927,49.6,0,60.2,0,0,0,0,0,0,0,0,66
2025-09-29T03:32:06.543Z,59.6,21.1,1.927,50.4,0,60.2,0,0,0,0,0,0,0,0,66
2025-09-29T03:32:07.537Z,59.6,21.1,1.926,49.6,0,60.2,0,0,0,0,0,0,0,0,66
2025-09-29T03:32:08.544Z,59.6,21.1,1.927,50.4,0,60.2,0,0,0,0,0,0,0,0,66
2025-09-29T03:32:09.541Z,59.6,21.1,1.926,49.6,0,60.2,0,0,0,0,0,0,0,0,66
2025-09-29T03:32:10.544Z,59.6,21.1,1.927,49.6,0,60.2,0,0,0,0,0,0,0,0,66
2025-09-29T03:32:11.541Z,59.6,21.1,1.926,49.6,0,60.2,0,0,0,0,0,0,0,0,66
2025-09-29T03:32:12.543Z,59.6,21.1,1.926,50.4,0,60.2,0,0,0,0,0,0,0,0,66
2025-09-29T03:32:13.551Z,59.6,21.1,1.927,50.4,0,60.2,0,0,0,0,0,0,0,0,66
2025-09-29T03:32:14.550Z,59.6,21.1,1.927,49.6,0,60.2,0,0,0,0,0,0,0,0,66
2025-09-29T03:32:15.548Z,59.6,21.1,1.927,49.6,0,60.2,0,0,0,0,0,0,0,0,66
2025-09-29T03:32:16.549Z,59.6,21.1,1.927,49.6,0,60.2,0,0,0,0,0,0,0,0,66
2025-09-29T03:32:17.550Z,59.6,21.1,1.927,50.4,0,60.2,0,0,0,0,0,0,0,0,66
2025-09-29T03:32:18.549Z,59.6,21.1,1.927,49.6,0,60.2,0,0,0,0,0,0,0,0,66
2025-09-29T03:32:19.548Z,59.6,21.1,1.927,49.6,0,60.2,0,0,0,0,0,0,0,0,66
2025-09-29T03:32:20.552Z,59.6,21.1,1.927,50.4,0,60.2,0,0,0,0,0,0,0,0,66
2025-09-29T03:32:21.554Z,59.6,21.1,1.927,50.4,0,60.2,0,0,0,0,0,0,0,0,66
2025-09-29T03:32:22.550Z,59.6,21.1,1.927,49.6,0,60.2,0,0,0,0,0,0,0,0,66
2025-09-29T03:32:23.554Z,59.6,21.1,1.927,50.4,0,60.2,0,0,0,0,0,0,0,0,66
2025-09-29T03:32:24.554Z,59.6,21.1,1.927,49.6,0,60.2,0,0,0,0,0,0,0,0,66
2025-09-29T03:32:25.560Z,59.6,21.1,1.927,50.4,0,60.2,0,0,0,0,0,0,0,0,66
2025-09-29T03:32:26.553Z,59.6,21.1,1.927,49.6,0,60.2,0,0,0,0,0,0,0,0,66
